Sample	0	1	2	3	4	5	6	7	8	9	10	11	12	13	14	15	16	17	18	19	20	21	22	23	24	25	26	27	28	29	30	31	32	33	34	35	36	37	38	39	40	41	42	43	44	45	46	47	48	49	50	51	52	53	54	55	56	57	58	59	60	61	62	63	64	65	66	67	68	69	70	71	72	73	74	75	76	77	78	79	80	81	82	83	84	85	86	87	88	89	90	91	92	93	94	95	96	97	98	99	100
SRR26064247_1	(0.0, 35.0)	(1.0, 57.0)	(2.0, 60.5)	(3.0, 40.0)	(4.0, 72.5)	(5.0, 137.5)	(6.0, 188.0)	(7.0, 205.0)	(8.0, 204.5)	(9.0, 185.0)	(10.0, 158.0)	(11.0, 190.0)	(12.0, 254.0)	(13.0, 312.5)	(14.0, 389.0)	(15.0, 535.5)	(16.0, 856.5)	(17.0, 1440.5)	(18.0, 2234.5)	(19.0, 3311.0)	(20.0, 5269.0)	(21.0, 8322.0)	(22.0, 14203.0)	(23.0, 24716.5)	(24.0, 37460.5)	(25.0, 54111.0)	(26.0, 78900.5)	(27.0, 106662.5)	(28.0, 131753.0)	(29.0, 144880.0)	(30.0, 149721.0)	(31.0, 164868.5)	(32.0, 187050.0)	(33.0, 207331.0)	(34.0, 231344.5)	(35.0, 261864.0)	(36.0, 304963.5)	(37.0, 340581.5)	(38.0, 350420.0)	(39.0, 379188.5)	(40.0, 424125.0)	(41.0, 637120.0)	(42.0, 749383.0)	(43.0, 615484.0)	(44.0, 622204.5)	(45.0, 602550.5)	(46.0, 542498.0)	(47.0, 613230.5)	(48.0, 668277.5)	(49.0, 659649.0)	(50.0, 667002.5)	(51.0, 727460.0)	(52.0, 749265.5)	(53.0, 881950.0)	(54.0, 1138490.0)	(55.0, 1452137.0)	(56.0, 1836923.0)	(57.0, 1917361.0)	(58.0, 1884824.0)	(59.0, 1530539.5)	(60.0, 1022240.5)	(61.0, 962433.0)	(62.0, 926584.0)	(63.0, 777248.5)	(64.0, 822449.0)	(65.0, 974109.5)	(66.0, 1052076.5)	(67.0, 1050492.5)	(68.0, 809029.5)	(69.0, 630370.5)	(70.0, 470063.5)	(71.0, 223876.0)	(72.0, 109508.5)	(73.0, 57875.5)	(74.0, 39308.0)	(75.0, 29264.5)	(76.0, 22004.0)	(77.0, 18156.0)	(78.0, 15358.0)	(79.0, 11910.5)	(80.0, 8589.5)	(81.0, 6413.0)	(82.0, 5395.5)	(83.0, 4474.5)	(84.0, 3489.5)	(85.0, 2477.5)	(86.0, 1427.0)	(87.0, 830.0)	(88.0, 530.5)	(89.0, 356.0)	(90.0, 256.5)	(91.0, 194.0)	(92.0, 142.0)	(93.0, 95.0)	(94.0, 55.5)	(95.0, 35.0)	(96.0, 21.0)	(97.0, 14.0)	(98.0, 11.0)	(99.0, 6.5)	(100.0, 1.0)
SRR26064247_2	(0.0, 14.0)	(1.0, 38.5)	(2.0, 53.5)	(3.0, 36.5)	(4.0, 27.5)	(5.0, 23.5)	(6.0, 20.5)	(7.0, 26.5)	(8.0, 55.5)	(9.0, 90.5)	(10.0, 114.0)	(11.0, 154.5)	(12.0, 201.0)	(13.0, 272.5)	(14.0, 400.5)	(15.0, 577.5)	(16.0, 874.0)	(17.0, 1401.0)	(18.0, 2237.0)	(19.0, 3377.5)	(20.0, 5283.0)	(21.0, 8331.0)	(22.0, 14016.5)	(23.0, 24204.0)	(24.0, 37156.0)	(25.0, 54045.0)	(26.0, 78163.5)	(27.0, 105003.0)	(28.0, 130342.5)	(29.0, 145718.5)	(30.0, 151879.0)	(31.0, 166684.0)	(32.0, 187980.0)	(33.0, 207825.5)	(34.0, 230837.0)	(35.0, 260600.5)	(36.0, 305626.0)	(37.0, 342148.5)	(38.0, 350107.5)	(39.0, 378558.5)	(40.0, 420883.0)	(41.0, 619906.0)	(42.0, 735144.0)	(43.0, 616941.5)	(44.0, 643192.0)	(45.0, 633380.5)	(46.0, 560477.5)	(47.0, 630063.0)	(48.0, 675084.5)	(49.0, 653564.5)	(50.0, 664619.0)	(51.0, 736399.5)	(52.0, 767409.0)	(53.0, 871498.0)	(54.0, 1107071.0)	(55.0, 1379778.5)	(56.0, 1737513.0)	(57.0, 1855739.5)	(58.0, 1849207.5)	(59.0, 1538209.5)	(60.0, 1056284.5)	(61.0, 978076.5)	(62.0, 920362.5)	(63.0, 790629.0)	(64.0, 826759.5)	(65.0, 927531.0)	(66.0, 990112.0)	(67.0, 984015.0)	(68.0, 774140.0)	(69.0, 627114.5)	(70.0, 500862.5)	(71.0, 286930.0)	(72.0, 168461.0)	(73.0, 107458.0)	(74.0, 76010.0)	(75.0, 56957.0)	(76.0, 43528.0)	(77.0, 34974.5)	(78.0, 28603.5)	(79.0, 22909.5)	(80.0, 17828.5)	(81.0, 13974.5)	(82.0, 11459.0)	(83.0, 9254.5)	(84.0, 7394.5)	(85.0, 5867.5)	(86.0, 4353.0)	(87.0, 3251.0)	(88.0, 2397.0)	(89.0, 1762.5)	(90.0, 1317.0)	(91.0, 958.0)	(92.0, 674.0)	(93.0, 466.5)	(94.0, 344.0)	(95.0, 233.0)	(96.0, 131.0)	(97.0, 69.0)	(98.0, 41.5)	(99.0, 21.5)	(100.0, 8.5)
SRR26064248_1	(0.0, 33.0)	(1.0, 54.5)	(2.0, 68.5)	(3.0, 67.0)	(4.0, 98.5)	(5.0, 153.0)	(6.0, 224.0)	(7.0, 273.0)	(8.0, 251.5)	(9.0, 204.5)	(10.0, 169.5)	(11.0, 174.0)	(12.0, 219.5)	(13.0, 285.5)	(14.0, 410.0)	(15.0, 598.5)	(16.0, 978.5)	(17.0, 1660.5)	(18.0, 2659.5)	(19.0, 4209.5)	(20.0, 6735.5)	(21.0, 10726.5)	(22.0, 17449.5)	(23.0, 28359.0)	(24.0, 43334.0)	(25.0, 62842.0)	(26.0, 89503.0)	(27.0, 119910.0)	(28.0, 153809.0)	(29.0, 183919.5)	(30.0, 207552.5)	(31.0, 238853.0)	(32.0, 272094.0)	(33.0, 306880.0)	(34.0, 344162.5)	(35.0, 382368.5)	(36.0, 431650.5)	(37.0, 480332.5)	(38.0, 515236.5)	(39.0, 563991.5)	(40.0, 625744.0)	(41.0, 751942.0)	(42.0, 808680.5)	(43.0, 755138.0)	(44.0, 776524.0)	(45.0, 789383.5)	(46.0, 792066.0)	(47.0, 834331.5)	(48.0, 837978.0)	(49.0, 850219.0)	(50.0, 898274.0)	(51.0, 937641.5)	(52.0, 974317.5)	(53.0, 1049947.5)	(54.0, 1285371.5)	(55.0, 1559676.0)	(56.0, 1658214.0)	(57.0, 1575573.0)	(58.0, 1454762.0)	(59.0, 1272101.0)	(60.0, 1059319.5)	(61.0, 1127084.0)	(62.0, 1231669.0)	(63.0, 1111978.5)	(64.0, 1132542.5)	(65.0, 1272777.0)	(66.0, 1337516.0)	(67.0, 1297915.5)	(68.0, 990130.0)	(69.0, 754026.5)	(70.0, 553234.5)	(71.0, 267007.0)	(72.0, 136980.5)	(73.0, 78753.0)	(74.0, 55521.0)	(75.0, 41701.0)	(76.0, 30887.0)	(77.0, 24374.5)	(78.0, 20045.0)	(79.0, 15714.5)	(80.0, 11775.5)	(81.0, 9113.0)	(82.0, 7585.5)	(83.0, 6079.0)	(84.0, 4534.0)	(85.0, 3154.5)	(86.0, 1864.0)	(87.0, 1080.5)	(88.0, 702.0)	(89.0, 496.0)	(90.0, 367.0)	(91.0, 261.5)	(92.0, 177.5)	(93.0, 130.5)	(94.0, 94.5)	(95.0, 63.0)	(96.0, 39.0)	(97.0, 20.0)	(98.0, 10.5)	(99.0, 8.5)	(100.0, 6.0)
SRR26064248_2	(0.0, 28.0)	(1.0, 48.0)	(2.0, 60.0)	(3.0, 41.0)	(4.0, 28.5)	(5.0, 27.0)	(6.0, 26.5)	(7.0, 30.5)	(8.0, 53.0)	(9.0, 83.5)	(10.0, 110.0)	(11.0, 143.0)	(12.0, 191.0)	(13.0, 259.0)	(14.0, 377.5)	(15.0, 596.5)	(16.0, 997.5)	(17.0, 1657.5)	(18.0, 2703.5)	(19.0, 4205.0)	(20.0, 6591.5)	(21.0, 10557.0)	(22.0, 16898.5)	(23.0, 27402.5)	(24.0, 42313.0)	(25.0, 61352.5)	(26.0, 87382.5)	(27.0, 117670.5)	(28.0, 152112.5)	(29.0, 183780.0)	(30.0, 209147.5)	(31.0, 239925.5)	(32.0, 271133.0)	(33.0, 305545.0)	(34.0, 343970.0)	(35.0, 382496.0)	(36.0, 432387.0)	(37.0, 480964.0)	(38.0, 514017.0)	(39.0, 564571.0)	(40.0, 622650.5)	(41.0, 743065.0)	(42.0, 809819.0)	(43.0, 761066.0)	(44.0, 787053.0)	(45.0, 799642.5)	(46.0, 793083.5)	(47.0, 842737.0)	(48.0, 845865.0)	(49.0, 842676.5)	(50.0, 887863.0)	(51.0, 938215.0)	(52.0, 984602.5)	(53.0, 1057743.0)	(54.0, 1271378.5)	(55.0, 1516543.0)	(56.0, 1613441.0)	(57.0, 1568528.0)	(58.0, 1468919.5)	(59.0, 1277572.0)	(60.0, 1062444.0)	(61.0, 1116147.0)	(62.0, 1197943.5)	(63.0, 1094432.0)	(64.0, 1121120.0)	(65.0, 1223666.5)	(66.0, 1265609.0)	(67.0, 1222724.0)	(68.0, 954241.0)	(69.0, 756087.0)	(70.0, 585536.5)	(71.0, 328507.5)	(72.0, 192908.0)	(73.0, 126209.5)	(74.0, 91458.5)	(75.0, 68905.0)	(76.0, 52156.5)	(77.0, 41106.0)	(78.0, 33107.5)	(79.0, 26378.0)	(80.0, 20570.5)	(81.0, 16292.5)	(82.0, 13260.5)	(83.0, 10613.0)	(84.0, 8266.5)	(85.0, 6300.5)	(86.0, 4618.5)	(87.0, 3312.5)	(88.0, 2414.5)	(89.0, 1810.0)	(90.0, 1364.0)	(91.0, 1022.0)	(92.0, 760.0)	(93.0, 528.0)	(94.0, 365.5)	(95.0, 243.5)	(96.0, 151.0)	(97.0, 94.0)	(98.0, 55.5)	(99.0, 30.0)	(100.0, 14.5)
SRR26064249_1	(0.0, 41.0)	(1.0, 68.0)	(2.0, 74.5)	(3.0, 56.0)	(4.0, 91.5)	(5.0, 149.5)	(6.0, 200.0)	(7.0, 235.0)	(8.0, 223.0)	(9.0, 177.5)	(10.0, 137.5)	(11.0, 139.0)	(12.0, 164.5)	(13.0, 213.5)	(14.0, 292.0)	(15.0, 421.0)	(16.0, 635.5)	(17.0, 1020.5)	(18.0, 1606.5)	(19.0, 2411.5)	(20.0, 3864.5)	(21.0, 6104.5)	(22.0, 9890.5)	(23.0, 16281.5)	(24.0, 25424.5)	(25.0, 38623.0)	(26.0, 56936.5)	(27.0, 77939.0)	(28.0, 100426.5)	(29.0, 121059.5)	(30.0, 140727.0)	(31.0, 166157.5)	(32.0, 194042.0)	(33.0, 225232.0)	(34.0, 256339.5)	(35.0, 289288.0)	(36.0, 333122.0)	(37.0, 375406.0)	(38.0, 406769.0)	(39.0, 452453.5)	(40.0, 512265.0)	(41.0, 647995.5)	(42.0, 712671.0)	(43.0, 660779.0)	(44.0, 693146.0)	(45.0, 706311.0)	(46.0, 704471.5)	(47.0, 766160.5)	(48.0, 783320.5)	(49.0, 797791.5)	(50.0, 847099.5)	(51.0, 887887.5)	(52.0, 922406.5)	(53.0, 971644.0)	(54.0, 1179817.0)	(55.0, 1425372.0)	(56.0, 1573166.5)	(57.0, 1593250.0)	(58.0, 1572344.5)	(59.0, 1368130.0)	(60.0, 1052293.5)	(61.0, 1071852.5)	(62.0, 1118665.5)	(63.0, 974245.0)	(64.0, 963937.5)	(65.0, 1056872.0)	(66.0, 1091956.5)	(67.0, 1054609.0)	(68.0, 820585.0)	(69.0, 634884.0)	(70.0, 471922.0)	(71.0, 245838.5)	(72.0, 134598.0)	(73.0, 82712.0)	(74.0, 60212.0)	(75.0, 45009.0)	(76.0, 33412.0)	(77.0, 26582.0)	(78.0, 22176.0)	(79.0, 17496.0)	(80.0, 12861.0)	(81.0, 9963.0)	(82.0, 8597.5)	(83.0, 7309.5)	(84.0, 5507.5)	(85.0, 3724.0)	(86.0, 2270.0)	(87.0, 1353.5)	(88.0, 870.0)	(89.0, 598.0)	(90.0, 420.5)	(91.0, 304.5)	(92.0, 222.5)	(93.0, 175.0)	(94.0, 121.5)	(95.0, 66.5)	(96.0, 41.5)	(97.0, 26.5)	(98.0, 17.0)	(99.0, 6.5)	(100.0, 2.0)
SRR26064249_2	(0.0, 8.0)	(1.0, 20.5)	(2.0, 34.0)	(3.0, 31.0)	(4.0, 21.0)	(5.0, 15.0)	(6.0, 14.5)	(7.0, 17.5)	(8.0, 27.5)	(9.0, 35.5)	(10.0, 47.5)	(11.0, 68.5)	(12.0, 98.0)	(13.0, 152.0)	(14.0, 235.5)	(15.0, 372.5)	(16.0, 596.0)	(17.0, 976.0)	(18.0, 1520.0)	(19.0, 2318.5)	(20.0, 3632.5)	(21.0, 5740.5)	(22.0, 9407.0)	(23.0, 15326.5)	(24.0, 24367.5)	(25.0, 37237.0)	(26.0, 54853.0)	(27.0, 76059.5)	(28.0, 99547.5)	(29.0, 121913.0)	(30.0, 141939.5)	(31.0, 167029.0)	(32.0, 195016.5)	(33.0, 226049.0)	(34.0, 257426.0)	(35.0, 289771.0)	(36.0, 334483.0)	(37.0, 377224.5)	(38.0, 406724.0)	(39.0, 454233.0)	(40.0, 510601.5)	(41.0, 643494.0)	(42.0, 718865.5)	(43.0, 668428.5)	(44.0, 704620.5)	(45.0, 720691.5)	(46.0, 711045.5)	(47.0, 776854.5)	(48.0, 794304.0)	(49.0, 794044.0)	(50.0, 842596.0)	(51.0, 904168.5)	(52.0, 947941.0)	(53.0, 981982.5)	(54.0, 1169673.5)	(55.0, 1392919.0)	(56.0, 1541752.5)	(57.0, 1571934.0)	(58.0, 1555093.5)	(59.0, 1369596.5)	(60.0, 1058879.5)	(61.0, 1062989.0)	(62.0, 1099432.0)	(63.0, 969678.0)	(64.0, 955741.5)	(65.0, 1022732.0)	(66.0, 1041945.5)	(67.0, 1003710.5)	(68.0, 789238.5)	(69.0, 623981.5)	(70.0, 483002.5)	(71.0, 273297.0)	(72.0, 165096.0)	(73.0, 111238.5)	(74.0, 82623.5)	(75.0, 63105.0)	(76.0, 47821.0)	(77.0, 38100.0)	(78.0, 31636.0)	(79.0, 25390.5)	(80.0, 19486.5)	(81.0, 15479.0)	(82.0, 13045.5)	(83.0, 10783.5)	(84.0, 8333.5)	(85.0, 6267.5)	(86.0, 4577.5)	(87.0, 3256.0)	(88.0, 2340.5)	(89.0, 1728.5)	(90.0, 1332.0)	(91.0, 999.0)	(92.0, 710.5)	(93.0, 512.5)	(94.0, 385.0)	(95.0, 281.0)	(96.0, 180.0)	(97.0, 104.5)	(98.0, 71.5)	(99.0, 44.0)	(100.0, 18.0)
SRR26064250_1	(0.0, 30.0)	(1.0, 47.0)	(2.0, 34.5)	(3.0, 7.5)	(4.0, 9.5)	(5.0, 7.5)	(6.0, 11.0)	(7.0, 18.0)	(8.0, 24.5)	(9.0, 34.0)	(10.0, 53.0)	(11.0, 87.5)	(12.0, 141.0)	(13.0, 216.5)	(14.0, 360.0)	(15.0, 606.5)	(16.0, 981.5)	(17.0, 1688.5)	(18.0, 2730.5)	(19.0, 3980.5)	(20.0, 5941.5)	(21.0, 9072.0)	(22.0, 14552.0)	(23.0, 24432.5)	(24.0, 38855.0)	(25.0, 58237.0)	(26.0, 84036.0)	(27.0, 111152.0)	(28.0, 135046.0)	(29.0, 150138.5)	(30.0, 159022.5)	(31.0, 177274.0)	(32.0, 202111.5)	(33.0, 226603.5)	(34.0, 253162.5)	(35.0, 286974.5)	(36.0, 335024.5)	(37.0, 379739.0)	(38.0, 404942.5)	(39.0, 449310.0)	(40.0, 512666.0)	(41.0, 705456.5)	(42.0, 802321.0)	(43.0, 700488.0)	(44.0, 710697.5)	(45.0, 705296.0)	(46.0, 670917.0)	(47.0, 723593.5)	(48.0, 745388.5)	(49.0, 751687.5)	(50.0, 790721.5)	(51.0, 844406.5)	(52.0, 887538.0)	(53.0, 983622.0)	(54.0, 1247450.0)	(55.0, 1558188.0)	(56.0, 1811476.5)	(57.0, 1860331.5)	(58.0, 1830230.5)	(59.0, 1541956.5)	(60.0, 1106931.0)	(61.0, 1092122.5)	(62.0, 1125138.5)	(63.0, 966498.0)	(64.0, 984497.5)	(65.0, 1133929.0)	(66.0, 1207328.5)	(67.0, 1182118.5)	(68.0, 904704.5)	(69.0, 679630.0)	(70.0, 494537.5)	(71.0, 240691.0)	(72.0, 120783.0)	(73.0, 66727.0)	(74.0, 46064.0)	(75.0, 34460.5)	(76.0, 25846.0)	(77.0, 21622.5)	(78.0, 18505.5)	(79.0, 14648.5)	(80.0, 10789.5)	(81.0, 8148.0)	(82.0, 7060.0)	(83.0, 6007.0)	(84.0, 4575.5)	(85.0, 3163.0)	(86.0, 1905.0)	(87.0, 1131.5)	(88.0, 727.5)	(89.0, 505.0)	(90.0, 357.5)	(91.0, 260.0)	(92.0, 178.0)	(93.0, 133.5)	(94.0, 86.5)	(95.0, 47.0)	(96.0, 29.5)	(97.0, 18.5)	(98.0, 11.5)	(99.0, 6.5)	(100.0, 3.0)
SRR26064250_2	(0.0, 2.0)	(1.0, 8.0)	(2.0, 13.5)	(3.0, 19.0)	(4.0, 22.0)	(5.0, 17.0)	(6.0, 15.0)	(7.0, 25.5)	(8.0, 46.5)	(9.0, 77.5)	(10.0, 111.0)	(11.0, 138.5)	(12.0, 194.5)	(13.0, 300.5)	(14.0, 473.0)	(15.0, 712.0)	(16.0, 1114.0)	(17.0, 1845.0)	(18.0, 2777.0)	(19.0, 3962.0)	(20.0, 6000.5)	(21.0, 9270.5)	(22.0, 15124.5)	(23.0, 25418.0)	(24.0, 39935.0)	(25.0, 58926.5)	(26.0, 83848.5)	(27.0, 110401.5)	(28.0, 134412.5)	(29.0, 150589.5)	(30.0, 161417.0)	(31.0, 179815.0)	(32.0, 204095.0)	(33.0, 228137.0)	(34.0, 254181.0)	(35.0, 288557.0)	(36.0, 336575.0)	(37.0, 380060.0)	(38.0, 404417.0)	(39.0, 453986.0)	(40.0, 515037.5)	(41.0, 688690.5)	(42.0, 794129.0)	(43.0, 708695.5)	(44.0, 722981.0)	(45.0, 726149.0)	(46.0, 685844.0)	(47.0, 741763.0)	(48.0, 763090.0)	(49.0, 746578.0)	(50.0, 788597.5)	(51.0, 872443.5)	(52.0, 929553.5)	(53.0, 996539.5)	(54.0, 1226905.0)	(55.0, 1508028.5)	(56.0, 1752034.0)	(57.0, 1813072.5)	(58.0, 1795024.5)	(59.0, 1541533.0)	(60.0, 1126350.5)	(61.0, 1091638.0)	(62.0, 1093570.5)	(63.0, 950504.0)	(64.0, 968725.5)	(65.0, 1080444.5)	(66.0, 1135363.5)	(67.0, 1106746.0)	(68.0, 863869.5)	(69.0, 675195.0)	(70.0, 519081.0)	(71.0, 289186.5)	(72.0, 170437.0)	(73.0, 111326.5)	(74.0, 80151.5)	(75.0, 60898.5)	(76.0, 47144.5)	(77.0, 38513.0)	(78.0, 32032.0)	(79.0, 25868.0)	(80.0, 20155.0)	(81.0, 15899.0)	(82.0, 13110.5)	(83.0, 10738.5)	(84.0, 8461.0)	(85.0, 6463.5)	(86.0, 4785.0)	(87.0, 3499.0)	(88.0, 2557.0)	(89.0, 1874.5)	(90.0, 1386.0)	(91.0, 1031.0)	(92.0, 755.0)	(93.0, 533.5)	(94.0, 374.0)	(95.0, 255.5)	(96.0, 168.0)	(97.0, 115.0)	(98.0, 60.5)	(99.0, 27.5)	(100.0, 13.5)
SRR26064251_1	(0.0, 29.0)	(1.0, 46.5)	(2.0, 36.5)	(3.0, 8.5)	(4.0, 12.0)	(5.0, 15.5)	(6.0, 15.0)	(7.0, 20.0)	(8.0, 29.5)	(9.0, 42.0)	(10.0, 64.5)	(11.0, 105.0)	(12.0, 174.0)	(13.0, 304.5)	(14.0, 525.0)	(15.0, 848.5)	(16.0, 1456.5)	(17.0, 2625.5)	(18.0, 4076.0)	(19.0, 5605.0)	(20.0, 8448.5)	(21.0, 12875.0)	(22.0, 20710.5)	(23.0, 34484.5)	(24.0, 52824.5)	(25.0, 75358.0)	(26.0, 105584.0)	(27.0, 139151.0)	(28.0, 173449.5)	(29.0, 203840.0)	(30.0, 224487.0)	(31.0, 250020.0)	(32.0, 284392.5)	(33.0, 317297.0)	(34.0, 350357.0)	(35.0, 393075.5)	(36.0, 441268.0)	(37.0, 486463.5)	(38.0, 522172.0)	(39.0, 562659.5)	(40.0, 620590.5)	(41.0, 749907.0)	(42.0, 805793.0)	(43.0, 768263.5)	(44.0, 791859.0)	(45.0, 799864.0)	(46.0, 803356.0)	(47.0, 848464.5)	(48.0, 872771.5)	(49.0, 870015.0)	(50.0, 883916.5)	(51.0, 926942.0)	(52.0, 948071.5)	(53.0, 1007185.0)	(54.0, 1121172.5)	(55.0, 1258783.0)	(56.0, 1423322.5)	(57.0, 1446960.0)	(58.0, 1439878.0)	(59.0, 1281355.0)	(60.0, 1028535.0)	(61.0, 1018354.5)	(62.0, 1025811.0)	(63.0, 918349.0)	(64.0, 939149.0)	(65.0, 1045389.0)	(66.0, 1078388.5)	(67.0, 1030473.5)	(68.0, 787818.0)	(69.0, 599606.0)	(70.0, 440017.5)	(71.0, 223809.5)	(72.0, 122834.5)	(73.0, 76909.5)	(74.0, 57975.0)	(75.0, 44530.5)	(76.0, 33417.5)	(77.0, 28013.0)	(78.0, 24470.0)	(79.0, 19696.5)	(80.0, 14289.5)	(81.0, 10687.0)	(82.0, 9272.0)	(83.0, 8016.0)	(84.0, 6406.0)	(85.0, 4352.5)	(86.0, 2386.0)	(87.0, 1367.5)	(88.0, 913.5)	(89.0, 650.5)	(90.0, 470.5)	(91.0, 343.5)	(92.0, 269.0)	(93.0, 194.5)	(94.0, 127.5)	(95.0, 75.5)	(96.0, 39.0)	(97.0, 24.5)	(98.0, 16.5)	(99.0, 9.5)	(100.0, 4.0)
SRR26064251_2	(0.0, 3.0)	(1.0, 3.5)	(2.0, 8.5)	(3.0, 14.5)	(4.0, 16.5)	(5.0, 18.0)	(6.0, 20.0)	(7.0, 31.5)	(8.0, 56.5)	(9.0, 83.5)	(10.0, 117.0)	(11.0, 164.0)	(12.0, 241.0)	(13.0, 368.5)	(14.0, 566.5)	(15.0, 910.5)	(16.0, 1535.0)	(17.0, 2484.0)	(18.0, 3768.5)	(19.0, 5468.5)	(20.0, 8283.5)	(21.0, 12680.5)	(22.0, 20451.0)	(23.0, 33850.0)	(24.0, 52311.0)	(25.0, 75198.5)	(26.0, 105357.5)	(27.0, 138540.0)	(28.0, 173602.5)	(29.0, 205186.0)	(30.0, 227511.0)	(31.0, 252911.5)	(32.0, 286822.5)	(33.0, 320770.5)	(34.0, 353721.0)	(35.0, 396192.5)	(36.0, 446887.0)	(37.0, 492597.0)	(38.0, 524039.0)	(39.0, 566267.5)	(40.0, 621360.0)	(41.0, 743658.0)	(42.0, 807789.0)	(43.0, 773443.0)	(44.0, 803667.5)	(45.0, 816833.0)	(46.0, 811549.5)	(47.0, 862913.0)	(48.0, 883769.5)	(49.0, 865845.0)	(50.0, 883095.5)	(51.0, 940309.5)	(52.0, 970615.0)	(53.0, 1018980.0)	(54.0, 1127530.5)	(55.0, 1241746.0)	(56.0, 1381031.0)	(57.0, 1427165.0)	(58.0, 1432431.0)	(59.0, 1275170.0)	(60.0, 1029536.0)	(61.0, 1013072.0)	(62.0, 999303.0)	(63.0, 902834.5)	(64.0, 924819.0)	(65.0, 995351.0)	(66.0, 1008422.5)	(67.0, 959805.5)	(68.0, 747532.5)	(69.0, 585098.5)	(70.0, 451095.0)	(71.0, 259423.5)	(72.0, 160811.5)	(73.0, 111198.5)	(74.0, 83956.5)	(75.0, 64655.0)	(76.0, 49754.5)	(77.0, 41357.0)	(78.0, 35276.0)	(79.0, 28430.5)	(80.0, 21639.0)	(81.0, 16589.0)	(82.0, 13782.5)	(83.0, 11522.5)	(84.0, 9111.5)	(85.0, 7081.0)	(86.0, 5032.0)	(87.0, 3451.5)	(88.0, 2480.5)	(89.0, 1793.0)	(90.0, 1315.0)	(91.0, 972.0)	(92.0, 748.5)	(93.0, 577.5)	(94.0, 410.5)	(95.0, 279.0)	(96.0, 177.0)	(97.0, 99.5)	(98.0, 61.0)	(99.0, 40.5)	(100.0, 18.0)
SRR26064252_1	(0.0, 26.0)	(1.0, 44.5)	(2.0, 34.5)	(3.0, 6.5)	(4.0, 8.5)	(5.0, 11.5)	(6.0, 13.0)	(7.0, 16.0)	(8.0, 20.0)	(9.0, 35.5)	(10.0, 49.5)	(11.0, 86.5)	(12.0, 160.0)	(13.0, 240.0)	(14.0, 422.5)	(15.0, 725.0)	(16.0, 1245.5)	(17.0, 2201.0)	(18.0, 3485.5)	(19.0, 5256.5)	(20.0, 8457.0)	(21.0, 13183.0)	(22.0, 21217.0)	(23.0, 35064.5)	(24.0, 52996.0)	(25.0, 75033.0)	(26.0, 104403.5)	(27.0, 137531.0)	(28.0, 173901.5)	(29.0, 205501.5)	(30.0, 229149.5)	(31.0, 260642.0)	(32.0, 299583.5)	(33.0, 335876.5)	(34.0, 372274.5)	(35.0, 415821.5)	(36.0, 463418.0)	(37.0, 507851.5)	(38.0, 538687.5)	(39.0, 578944.5)	(40.0, 637406.5)	(41.0, 767328.0)	(42.0, 820230.5)	(43.0, 762438.0)	(44.0, 779399.0)	(45.0, 780770.5)	(46.0, 765708.5)	(47.0, 804331.0)	(48.0, 827707.0)	(49.0, 819631.5)	(50.0, 819879.0)	(51.0, 854718.0)	(52.0, 883099.0)	(53.0, 968586.5)	(54.0, 1105015.5)	(55.0, 1258090.5)	(56.0, 1446131.0)	(57.0, 1465848.5)	(58.0, 1414146.5)	(59.0, 1202886.5)	(60.0, 915229.5)	(61.0, 866896.5)	(62.0, 833534.5)	(63.0, 717838.5)	(64.0, 700728.0)	(65.0, 756511.5)	(66.0, 774562.0)	(67.0, 733683.5)	(68.0, 558769.5)	(69.0, 425665.5)	(70.0, 311729.0)	(71.0, 160157.0)	(72.0, 89890.5)	(73.0, 57251.0)	(74.0, 43187.5)	(75.0, 32988.0)	(76.0, 24714.0)	(77.0, 20481.5)	(78.0, 17292.5)	(79.0, 13271.5)	(80.0, 9612.5)	(81.0, 7514.0)	(82.0, 6411.0)	(83.0, 5119.5)	(84.0, 3980.0)	(85.0, 2718.0)	(86.0, 1384.5)	(87.0, 763.5)	(88.0, 468.5)	(89.0, 334.5)	(90.0, 258.0)	(91.0, 196.5)	(92.0, 139.0)	(93.0, 95.5)	(94.0, 58.0)	(95.0, 35.5)	(96.0, 15.5)	(97.0, 9.0)	(98.0, 9.0)	(99.0, 5.5)	(100.0, 1.5)
SRR26064252_2	(0.0, 1.0)	(1.0, 4.0)	(2.0, 9.0)	(3.0, 14.0)	(4.0, 17.5)	(5.0, 14.5)	(6.0, 13.5)	(7.0, 24.0)	(8.0, 35.0)	(9.0, 62.0)	(10.0, 98.0)	(11.0, 129.5)	(12.0, 181.0)	(13.0, 302.5)	(14.0, 505.0)	(15.0, 782.0)	(16.0, 1242.0)	(17.0, 2071.5)	(18.0, 3347.5)	(19.0, 5139.5)	(20.0, 8201.0)	(21.0, 12693.0)	(22.0, 20568.5)	(23.0, 34248.0)	(24.0, 52058.5)	(25.0, 74567.5)	(26.0, 104273.5)	(27.0, 137080.5)	(28.0, 173162.5)	(29.0, 206345.5)	(30.0, 231692.5)	(31.0, 263150.0)	(32.0, 302753.5)	(33.0, 340362.0)	(34.0, 376601.5)	(35.0, 421665.0)	(36.0, 471786.0)	(37.0, 513661.0)	(38.0, 542438.0)	(39.0, 588618.5)	(40.0, 644684.0)	(41.0, 764124.0)	(42.0, 827260.0)	(43.0, 774825.5)	(44.0, 790555.5)	(45.0, 795201.0)	(46.0, 776837.0)	(47.0, 821979.5)	(48.0, 842626.5)	(49.0, 817063.5)	(50.0, 822032.5)	(51.0, 878246.5)	(52.0, 921067.0)	(53.0, 984950.5)	(54.0, 1101371.5)	(55.0, 1231357.0)	(56.0, 1393467.0)	(57.0, 1422250.0)	(58.0, 1379534.5)	(59.0, 1184291.5)	(60.0, 910698.5)	(61.0, 861471.5)	(62.0, 818383.5)	(63.0, 711125.5)	(64.0, 694185.5)	(65.0, 725108.5)	(66.0, 724492.5)	(67.0, 681096.0)	(68.0, 530759.0)	(69.0, 416793.5)	(70.0, 321265.5)	(71.0, 187257.5)	(72.0, 116538.5)	(73.0, 80570.5)	(74.0, 60681.0)	(75.0, 46599.0)	(76.0, 35558.0)	(77.0, 28911.5)	(78.0, 23900.5)	(79.0, 18851.5)	(80.0, 14397.5)	(81.0, 11287.5)	(82.0, 9157.5)	(83.0, 7394.0)	(84.0, 5830.0)	(85.0, 4330.0)	(86.0, 2974.5)	(87.0, 2059.0)	(88.0, 1415.5)	(89.0, 1020.0)	(90.0, 784.0)	(91.0, 589.5)	(92.0, 435.0)	(93.0, 314.0)	(94.0, 215.5)	(95.0, 142.0)	(96.0, 98.0)	(97.0, 70.0)	(98.0, 36.5)	(99.0, 18.0)	(100.0, 10.5)
SRR26064253_1	(0.0, 16.0)	(1.0, 33.5)	(2.0, 30.5)	(3.0, 6.5)	(4.0, 4.5)	(5.0, 6.0)	(6.0, 12.5)	(7.0, 20.0)	(8.0, 25.5)	(9.0, 46.5)	(10.0, 63.5)	(11.0, 96.0)	(12.0, 146.5)	(13.0, 241.0)	(14.0, 412.5)	(15.0, 659.0)	(16.0, 1139.0)	(17.0, 2001.0)	(18.0, 3096.0)	(19.0, 4536.0)	(20.0, 7019.0)	(21.0, 10841.0)	(22.0, 16922.0)	(23.0, 26437.0)	(24.0, 39634.5)	(25.0, 56355.5)	(26.0, 77617.5)	(27.0, 101610.0)	(28.0, 124676.5)	(29.0, 144035.0)	(30.0, 161996.5)	(31.0, 184278.5)	(32.0, 210559.0)	(33.0, 238171.5)	(34.0, 265698.0)	(35.0, 298493.5)	(36.0, 337501.0)	(37.0, 373895.5)	(38.0, 399891.0)	(39.0, 432582.5)	(40.0, 475727.0)	(41.0, 594291.5)	(42.0, 655958.0)	(43.0, 609507.5)	(44.0, 631260.0)	(45.0, 642260.5)	(46.0, 636115.5)	(47.0, 687245.5)	(48.0, 713480.0)	(49.0, 719440.0)	(50.0, 752976.5)	(51.0, 785930.5)	(52.0, 808323.0)	(53.0, 863459.0)	(54.0, 1010860.0)	(55.0, 1197714.0)	(56.0, 1354635.0)	(57.0, 1384100.5)	(58.0, 1381927.0)	(59.0, 1223505.0)	(60.0, 968964.5)	(61.0, 990944.0)	(62.0, 1027763.0)	(63.0, 897214.5)	(64.0, 885742.0)	(65.0, 981068.5)	(66.0, 1027637.5)	(67.0, 1002673.5)	(68.0, 775480.0)	(69.0, 596557.5)	(70.0, 443766.0)	(71.0, 224283.0)	(72.0, 121217.0)	(73.0, 74873.5)	(74.0, 56754.0)	(75.0, 43217.5)	(76.0, 31295.5)	(77.0, 25652.0)	(78.0, 22002.5)	(79.0, 17336.5)	(80.0, 12424.0)	(81.0, 9514.0)	(82.0, 8332.0)	(83.0, 6787.5)	(84.0, 5137.5)	(85.0, 3434.0)	(86.0, 1692.0)	(87.0, 925.5)	(88.0, 634.0)	(89.0, 454.5)	(90.0, 316.5)	(91.0, 229.0)	(92.0, 161.5)	(93.0, 121.0)	(94.0, 74.5)	(95.0, 41.0)	(96.0, 28.5)	(97.0, 18.5)	(98.0, 10.5)	(99.0, 4.5)	(100.0, 2.0)
SRR26064253_2	(0.0, 1.0)	(1.0, 4.5)	(2.0, 12.0)	(3.0, 14.5)	(4.0, 12.5)	(5.0, 14.5)	(6.0, 18.0)	(7.0, 33.5)	(8.0, 55.5)	(9.0, 74.5)	(10.0, 105.0)	(11.0, 148.0)	(12.0, 215.0)	(13.0, 319.5)	(14.0, 510.0)	(15.0, 823.0)	(16.0, 1253.0)	(17.0, 1966.5)	(18.0, 3076.0)	(19.0, 4620.0)	(20.0, 7103.5)	(21.0, 10803.5)	(22.0, 16845.5)	(23.0, 26259.0)	(24.0, 39241.0)	(25.0, 56574.5)	(26.0, 78255.0)	(27.0, 102020.0)	(28.0, 125147.5)	(29.0, 145139.0)	(30.0, 163841.0)	(31.0, 185659.0)	(32.0, 211483.0)	(33.0, 239264.0)	(34.0, 266959.5)	(35.0, 299131.5)	(36.0, 340045.0)	(37.0, 377073.5)	(38.0, 401357.0)	(39.0, 436326.0)	(40.0, 477525.5)	(41.0, 592001.5)	(42.0, 663070.5)	(43.0, 623543.0)	(44.0, 647505.0)	(45.0, 660098.5)	(46.0, 649279.5)	(47.0, 700315.5)	(48.0, 722739.0)	(49.0, 723578.5)	(50.0, 762980.5)	(51.0, 812050.0)	(52.0, 843501.5)	(53.0, 881963.0)	(54.0, 1003630.5)	(55.0, 1164190.0)	(56.0, 1307509.5)	(57.0, 1343102.0)	(58.0, 1353471.0)	(59.0, 1217684.5)	(60.0, 976195.5)	(61.0, 979011.0)	(62.0, 990699.0)	(63.0, 880464.5)	(64.0, 882578.5)	(65.0, 939612.5)	(66.0, 961615.0)	(67.0, 933339.5)	(68.0, 731790.5)	(69.0, 581799.0)	(70.0, 452980.0)	(71.0, 260547.5)	(72.0, 160770.0)	(73.0, 109943.5)	(74.0, 83396.5)	(75.0, 64082.5)	(76.0, 47948.0)	(77.0, 39031.5)	(78.0, 32787.5)	(79.0, 26304.0)	(80.0, 20012.5)	(81.0, 15558.0)	(82.0, 12819.0)	(83.0, 10365.0)	(84.0, 8058.5)	(85.0, 5992.0)	(86.0, 4137.0)	(87.0, 2915.5)	(88.0, 2129.5)	(89.0, 1600.0)	(90.0, 1232.5)	(91.0, 905.0)	(92.0, 657.5)	(93.0, 512.5)	(94.0, 360.5)	(95.0, 231.5)	(96.0, 161.5)	(97.0, 105.5)	(98.0, 57.5)	(99.0, 30.0)	(100.0, 16.0)
SRR26064254_1	(0.0, 27.0)	(1.0, 44.5)	(2.0, 33.5)	(3.0, 6.5)	(4.0, 8.0)	(5.0, 8.0)	(6.0, 12.0)	(7.0, 20.5)	(8.0, 26.0)	(9.0, 43.0)	(10.0, 72.5)	(11.0, 111.5)	(12.0, 164.5)	(13.0, 261.5)	(14.0, 425.0)	(15.0, 692.0)	(16.0, 1162.0)	(17.0, 1960.0)	(18.0, 3094.5)	(19.0, 4464.5)	(20.0, 6693.5)	(21.0, 10315.5)	(22.0, 16443.5)	(23.0, 26961.0)	(24.0, 41756.5)	(25.0, 61033.0)	(26.0, 86702.5)	(27.0, 113608.0)	(28.0, 137074.5)	(29.0, 152407.0)	(30.0, 163107.5)	(31.0, 181168.0)	(32.0, 204491.0)	(33.0, 228194.0)	(34.0, 253967.0)	(35.0, 286036.5)	(36.0, 328432.5)	(37.0, 367947.5)	(38.0, 388500.0)	(39.0, 421601.0)	(40.0, 470194.0)	(41.0, 641781.5)	(42.0, 730774.5)	(43.0, 637997.0)	(44.0, 653333.0)	(45.0, 657153.0)	(46.0, 632642.0)	(47.0, 695182.5)	(48.0, 719671.0)	(49.0, 719059.5)	(50.0, 757729.0)	(51.0, 799266.5)	(52.0, 815917.5)	(53.0, 882753.5)	(54.0, 1106381.0)	(55.0, 1377335.5)	(56.0, 1606510.0)	(57.0, 1653199.0)	(58.0, 1635522.5)	(59.0, 1380860.5)	(60.0, 988394.5)	(61.0, 979700.0)	(62.0, 1009094.0)	(63.0, 869053.5)	(64.0, 890400.0)	(65.0, 1026204.0)	(66.0, 1096173.5)	(67.0, 1080405.5)	(68.0, 830838.0)	(69.0, 637039.0)	(70.0, 469215.5)	(71.0, 227102.0)	(72.0, 116016.0)	(73.0, 66195.0)	(74.0, 47184.0)	(75.0, 35796.0)	(76.0, 26315.5)	(77.0, 21448.0)	(78.0, 18335.5)	(79.0, 14697.5)	(80.0, 10586.0)	(81.0, 7781.5)	(82.0, 6577.5)	(83.0, 5477.5)	(84.0, 4477.5)	(85.0, 3137.0)	(86.0, 1570.0)	(87.0, 855.5)	(88.0, 588.5)	(89.0, 451.0)	(90.0, 333.0)	(91.0, 238.0)	(92.0, 186.0)	(93.0, 143.5)	(94.0, 89.0)	(95.0, 52.5)	(96.0, 34.5)	(97.0, 23.0)	(98.0, 13.0)	(99.0, 7.5)	(100.0, 3.5)
SRR26064254_2	(0.0, 1.0)	(1.0, 2.5)	(2.0, 7.5)	(3.0, 14.0)	(4.0, 17.5)	(5.0, 17.0)	(6.0, 16.5)	(7.0, 34.0)	(8.0, 57.5)	(9.0, 92.0)	(10.0, 134.5)	(11.0, 174.5)	(12.0, 247.0)	(13.0, 342.0)	(14.0, 536.0)	(15.0, 797.5)	(16.0, 1250.0)	(17.0, 2057.0)	(18.0, 3035.5)	(19.0, 4360.5)	(20.0, 6676.0)	(21.0, 10296.5)	(22.0, 16451.5)	(23.0, 26940.5)	(24.0, 41996.0)	(25.0, 61849.0)	(26.0, 86993.0)	(27.0, 113950.5)	(28.0, 138122.5)	(29.0, 153529.5)	(30.0, 164334.0)	(31.0, 182534.0)	(32.0, 205812.5)	(33.0, 229452.5)	(34.0, 254362.0)	(35.0, 286053.0)	(36.0, 329650.0)	(37.0, 367815.0)	(38.0, 386308.5)	(39.0, 422045.0)	(40.0, 468663.5)	(41.0, 629162.0)	(42.0, 723887.5)	(43.0, 644947.5)	(44.0, 671623.5)	(45.0, 678255.5)	(46.0, 643616.5)	(47.0, 709816.0)	(48.0, 730477.5)	(49.0, 716890.0)	(50.0, 755999.0)	(51.0, 808401.5)	(52.0, 835347.0)	(53.0, 888958.0)	(54.0, 1088887.0)	(55.0, 1332352.0)	(56.0, 1550440.0)	(57.0, 1614025.0)	(58.0, 1614691.5)	(59.0, 1388090.0)	(60.0, 1010076.0)	(61.0, 981550.0)	(62.0, 983877.0)	(63.0, 857512.5)	(64.0, 879495.0)	(65.0, 979671.0)	(66.0, 1033549.0)	(67.0, 1014689.5)	(68.0, 794350.0)	(69.0, 630066.5)	(70.0, 490305.5)	(71.0, 274086.5)	(72.0, 162176.0)	(73.0, 106558.5)	(74.0, 77899.5)	(75.0, 59490.5)	(76.0, 45535.0)	(77.0, 36841.5)	(78.0, 30767.5)	(79.0, 24993.0)	(80.0, 19238.5)	(81.0, 14819.5)	(82.0, 12306.5)	(83.0, 10114.0)	(84.0, 8024.5)	(85.0, 6342.5)	(86.0, 4663.0)	(87.0, 3324.5)	(88.0, 2485.5)	(89.0, 1848.0)	(90.0, 1366.5)	(91.0, 1056.5)	(92.0, 792.5)	(93.0, 581.0)	(94.0, 432.0)	(95.0, 308.0)	(96.0, 209.0)	(97.0, 126.5)	(98.0, 70.5)	(99.0, 40.5)	(100.0, 19.0)
SRR26064255_1	(0.0, 28.0)	(1.0, 51.0)	(2.0, 42.5)	(3.0, 11.0)	(4.0, 8.5)	(5.0, 7.0)	(6.0, 12.5)	(7.0, 22.5)	(8.0, 30.5)	(9.0, 45.5)	(10.0, 60.5)	(11.0, 83.5)	(12.0, 148.5)	(13.0, 259.5)	(14.0, 415.5)	(15.0, 653.5)	(16.0, 1095.5)	(17.0, 1898.5)	(18.0, 3089.0)	(19.0, 4591.5)	(20.0, 7050.0)	(21.0, 10771.0)	(22.0, 17440.5)	(23.0, 29296.5)	(24.0, 45745.0)	(25.0, 67073.0)	(26.0, 95252.5)	(27.0, 124935.5)	(28.0, 150843.0)	(29.0, 168940.0)	(30.0, 181071.0)	(31.0, 202379.5)	(32.0, 231794.0)	(33.0, 258699.0)	(34.0, 285249.5)	(35.0, 320798.5)	(36.0, 366686.5)	(37.0, 409498.5)	(38.0, 431001.0)	(39.0, 467415.5)	(40.0, 529035.0)	(41.0, 722767.0)	(42.0, 813315.5)	(43.0, 700453.0)	(44.0, 710675.5)	(45.0, 710464.5)	(46.0, 679486.0)	(47.0, 742427.0)	(48.0, 788187.0)	(49.0, 776099.5)	(50.0, 782402.0)	(51.0, 847243.5)	(52.0, 874797.0)	(53.0, 995023.5)	(54.0, 1224887.5)	(55.0, 1484343.0)	(56.0, 1807943.5)	(57.0, 1890414.5)	(58.0, 1865312.5)	(59.0, 1554602.5)	(60.0, 1102247.0)	(61.0, 1042259.0)	(62.0, 1010183.0)	(63.0, 863493.0)	(64.0, 880230.0)	(65.0, 1002018.0)	(66.0, 1061912.0)	(67.0, 1037652.0)	(68.0, 801864.0)	(69.0, 611202.0)	(70.0, 444257.0)	(71.0, 219749.0)	(72.0, 112311.0)	(73.0, 63232.5)	(74.0, 43776.0)	(75.0, 32707.5)	(76.0, 24605.0)	(77.0, 20166.0)	(78.0, 16826.5)	(79.0, 13028.5)	(80.0, 9395.0)	(81.0, 7206.0)	(82.0, 6287.0)	(83.0, 5307.0)	(84.0, 4129.0)	(85.0, 2805.0)	(86.0, 1470.5)	(87.0, 774.5)	(88.0, 493.0)	(89.0, 379.0)	(90.0, 281.5)	(91.0, 201.0)	(92.0, 146.5)	(93.0, 102.0)	(94.0, 71.5)	(95.0, 40.0)	(96.0, 19.5)	(97.0, 10.0)	(98.0, 6.0)	(99.0, 2.5)	(100.0, 1.5)
SRR26064255_2	(0.0, 2.0)	(1.0, 4.0)	(2.0, 9.0)	(3.0, 11.0)	(4.0, 11.5)	(5.0, 14.0)	(6.0, 17.5)	(7.0, 27.0)	(8.0, 55.5)	(9.0, 85.0)	(10.0, 113.5)	(11.0, 165.0)	(12.0, 228.5)	(13.0, 328.5)	(14.0, 499.5)	(15.0, 780.5)	(16.0, 1214.0)	(17.0, 1937.0)	(18.0, 3007.0)	(19.0, 4523.0)	(20.0, 7286.0)	(21.0, 11177.0)	(22.0, 17944.0)	(23.0, 29913.0)	(24.0, 46562.0)	(25.0, 68232.5)	(26.0, 96232.0)	(27.0, 125272.5)	(28.0, 150680.5)	(29.0, 169233.5)	(30.0, 182462.5)	(31.0, 203935.5)	(32.0, 233672.5)	(33.0, 260611.5)	(34.0, 285423.0)	(35.0, 321051.0)	(36.0, 369382.0)	(37.0, 409278.0)	(38.0, 428041.5)	(39.0, 472680.0)	(40.0, 531361.5)	(41.0, 710692.0)	(42.0, 810795.0)	(43.0, 711333.0)	(44.0, 732200.5)	(45.0, 738048.0)	(46.0, 698762.5)	(47.0, 762414.0)	(48.0, 800862.5)	(49.0, 775597.5)	(50.0, 784719.5)	(51.0, 867210.0)	(52.0, 910677.0)	(53.0, 1000551.0)	(54.0, 1210862.0)	(55.0, 1448383.0)	(56.0, 1740011.0)	(57.0, 1830564.5)	(58.0, 1820655.5)	(59.0, 1545619.5)	(60.0, 1114586.0)	(61.0, 1047005.0)	(62.0, 998819.5)	(63.0, 857795.0)	(64.0, 867416.0)	(65.0, 955046.0)	(66.0, 998943.0)	(67.0, 973373.5)	(68.0, 765682.5)	(69.0, 599209.5)	(70.0, 456355.0)	(71.0, 257771.0)	(72.0, 154257.0)	(73.0, 102001.5)	(74.0, 74423.5)	(75.0, 56835.0)	(76.0, 44095.0)	(77.0, 35780.0)	(78.0, 29365.5)	(79.0, 23460.5)	(80.0, 18102.0)	(81.0, 14261.0)	(82.0, 11740.0)	(83.0, 9574.0)	(84.0, 7568.0)	(85.0, 5735.0)	(86.0, 4148.0)	(87.0, 3018.0)	(88.0, 2210.5)	(89.0, 1567.5)	(90.0, 1106.5)	(91.0, 806.0)	(92.0, 579.5)	(93.0, 409.5)	(94.0, 278.5)	(95.0, 187.5)	(96.0, 119.5)	(97.0, 70.5)	(98.0, 48.5)	(99.0, 23.5)	(100.0, 10.0)
SRR26064256_1	(0.0, 13.0)	(1.0, 29.0)	(2.0, 25.5)	(3.0, 5.0)	(4.0, 3.5)	(5.0, 5.0)	(6.0, 5.0)	(7.0, 7.0)	(8.0, 14.5)	(9.0, 16.0)	(10.0, 24.5)	(11.0, 46.5)	(12.0, 71.0)	(13.0, 110.5)	(14.0, 175.5)	(15.0, 263.5)	(16.0, 429.5)	(17.0, 716.0)	(18.0, 1105.0)	(19.0, 1586.5)	(20.0, 2360.5)	(21.0, 3631.0)	(22.0, 5903.0)	(23.0, 9852.5)	(24.0, 15938.0)	(25.0, 24851.5)	(26.0, 37466.0)	(27.0, 51982.5)	(28.0, 67130.0)	(29.0, 81263.5)	(30.0, 94578.5)	(31.0, 113732.5)	(32.0, 137803.5)	(33.0, 162131.0)	(34.0, 186934.5)	(35.0, 218426.0)	(36.0, 261974.5)	(37.0, 301214.0)	(38.0, 323890.5)	(39.0, 365284.0)	(40.0, 427769.5)	(41.0, 628375.5)	(42.0, 729350.5)	(43.0, 624706.5)	(44.0, 640202.0)	(45.0, 641532.0)	(46.0, 606350.5)	(47.0, 675033.5)	(48.0, 706999.5)	(49.0, 707934.0)	(50.0, 760383.5)	(51.0, 830858.0)	(52.0, 870501.5)	(53.0, 972441.0)	(54.0, 1268482.0)	(55.0, 1627669.0)	(56.0, 1957059.0)	(57.0, 2043514.5)	(58.0, 2028566.0)	(59.0, 1692065.5)	(60.0, 1175933.5)	(61.0, 1158910.5)	(62.0, 1185464.0)	(63.0, 1005765.0)	(64.0, 1025216.5)	(65.0, 1184081.5)	(66.0, 1268699.5)	(67.0, 1246081.0)	(68.0, 956788.0)	(69.0, 742738.5)	(70.0, 550423.5)	(71.0, 264825.5)	(72.0, 132926.5)	(73.0, 75308.5)	(74.0, 53463.5)	(75.0, 40355.5)	(76.0, 30238.5)	(77.0, 25224.0)	(78.0, 21699.5)	(79.0, 16985.5)	(80.0, 12369.0)	(81.0, 9603.0)	(82.0, 8692.5)	(83.0, 7708.0)	(84.0, 6347.5)	(85.0, 4404.0)	(86.0, 2260.0)	(87.0, 1227.0)	(88.0, 760.0)	(89.0, 535.0)	(90.0, 415.0)	(91.0, 315.5)	(92.0, 234.0)	(93.0, 138.5)	(94.0, 91.0)	(95.0, 53.0)	(96.0, 33.0)	(97.0, 23.0)	(98.0, 14.0)	(99.0, 8.5)	(100.0, 1.5)
SRR26064256_2	(0.0, 2.0)	(1.0, 4.0)	(2.0, 5.5)	(3.0, 13.5)	(4.0, 13.5)	(5.0, 6.0)	(6.0, 10.0)	(7.0, 15.0)	(8.0, 23.0)	(9.0, 41.0)	(10.0, 60.0)	(11.0, 82.5)	(12.0, 116.0)	(13.0, 160.0)	(14.0, 200.5)	(15.0, 291.5)	(16.0, 437.0)	(17.0, 670.5)	(18.0, 1025.5)	(19.0, 1513.0)	(20.0, 2323.0)	(21.0, 3591.5)	(22.0, 5961.5)	(23.0, 9982.5)	(24.0, 16083.0)	(25.0, 24868.0)	(26.0, 36994.5)	(27.0, 51212.5)	(28.0, 66050.0)	(29.0, 80711.0)	(30.0, 94883.5)	(31.0, 114004.5)	(32.0, 137958.0)	(33.0, 162016.5)	(34.0, 187629.0)	(35.0, 219622.0)	(36.0, 265259.5)	(37.0, 305559.0)	(38.0, 325695.0)	(39.0, 371735.0)	(40.0, 432304.5)	(41.0, 623681.0)	(42.0, 729731.5)	(43.0, 633395.0)	(44.0, 670162.0)	(45.0, 674230.0)	(46.0, 621203.0)	(47.0, 694192.5)	(48.0, 721736.5)	(49.0, 711559.0)	(50.0, 765601.0)	(51.0, 847170.5)	(52.0, 910329.5)	(53.0, 1003372.5)	(54.0, 1269767.5)	(55.0, 1585149.5)	(56.0, 1875299.5)	(57.0, 1970845.5)	(58.0, 1968983.0)	(59.0, 1675966.5)	(60.0, 1192912.0)	(61.0, 1154427.0)	(62.0, 1161463.5)	(63.0, 998999.5)	(64.0, 1013079.5)	(65.0, 1125850.0)	(66.0, 1188908.5)	(67.0, 1165248.5)	(68.0, 906853.5)	(69.0, 723872.5)	(70.0, 566195.5)	(71.0, 315790.5)	(72.0, 186724.5)	(73.0, 123169.5)	(74.0, 90613.5)	(75.0, 69619.0)	(76.0, 53843.0)	(77.0, 44000.0)	(78.0, 36704.5)	(79.0, 29228.5)	(80.0, 22672.5)	(81.0, 18214.5)	(82.0, 15390.0)	(83.0, 12949.0)	(84.0, 10448.5)	(85.0, 8121.5)	(86.0, 5808.0)	(87.0, 3981.5)	(88.0, 2936.0)	(89.0, 2162.0)	(90.0, 1554.0)	(91.0, 1173.5)	(92.0, 887.0)	(93.0, 629.5)	(94.0, 442.0)	(95.0, 304.5)	(96.0, 207.0)	(97.0, 123.5)	(98.0, 62.0)	(99.0, 41.0)	(100.0, 22.0)
SRR26064257_1	(0.0, 19.0)	(1.0, 54.5)	(2.0, 51.0)	(3.0, 9.5)	(4.0, 9.0)	(5.0, 11.0)	(6.0, 11.5)	(7.0, 12.5)	(8.0, 13.0)	(9.0, 21.5)	(10.0, 33.0)	(11.0, 51.0)	(12.0, 97.0)	(13.0, 160.5)	(14.0, 237.5)	(15.0, 380.0)	(16.0, 671.5)	(17.0, 1170.5)	(18.0, 1791.5)	(19.0, 2604.5)	(20.0, 3906.5)	(21.0, 5982.0)	(22.0, 10092.0)	(23.0, 17693.5)	(24.0, 28668.0)	(25.0, 44410.5)	(26.0, 66151.5)	(27.0, 89227.5)	(28.0, 108374.5)	(29.0, 117822.5)	(30.0, 121235.0)	(31.0, 131084.5)	(32.0, 147533.5)	(33.0, 165595.0)	(34.0, 185873.0)	(35.0, 212993.5)	(36.0, 253897.0)	(37.0, 291309.0)	(38.0, 312171.0)	(39.0, 357535.5)	(40.0, 429998.5)	(41.0, 634050.0)	(42.0, 726619.0)	(43.0, 621478.5)	(44.0, 634030.0)	(45.0, 619426.0)	(46.0, 574417.5)	(47.0, 631717.0)	(48.0, 663178.5)	(49.0, 681820.0)	(50.0, 736163.5)	(51.0, 803446.0)	(52.0, 885728.5)	(53.0, 1037571.5)	(54.0, 1346566.0)	(55.0, 1707271.5)	(56.0, 2019304.0)	(57.0, 2079777.0)	(58.0, 2007608.5)	(59.0, 1659732.5)	(60.0, 1178988.5)	(61.0, 1140825.5)	(62.0, 1145773.5)	(63.0, 970575.0)	(64.0, 983554.5)	(65.0, 1133159.0)	(66.0, 1212621.5)	(67.0, 1183390.5)	(68.0, 901064.5)	(69.0, 673976.5)	(70.0, 486599.5)	(71.0, 232709.0)	(72.0, 112674.5)	(73.0, 59215.0)	(74.0, 39790.0)	(75.0, 29585.0)	(76.0, 22124.0)	(77.0, 18373.0)	(78.0, 15628.5)	(79.0, 12097.0)	(80.0, 8755.5)	(81.0, 6721.5)	(82.0, 5830.5)	(83.0, 4979.5)	(84.0, 3884.0)	(85.0, 2776.0)	(86.0, 1696.0)	(87.0, 985.0)	(88.0, 577.5)	(89.0, 382.5)	(90.0, 284.0)	(91.0, 191.5)	(92.0, 137.5)	(93.0, 107.0)	(94.0, 63.0)	(95.0, 31.5)	(96.0, 20.0)	(97.0, 14.0)	(98.0, 8.5)	(99.0, 4.0)	(100.0, 1.0)
SRR26064257_2	(0.0, 1.0)	(1.0, 3.0)	(2.0, 8.5)	(3.0, 13.5)	(4.0, 15.5)	(5.0, 16.0)	(6.0, 18.0)	(7.0, 17.5)	(8.0, 30.0)	(9.0, 47.0)	(10.0, 68.0)	(11.0, 114.0)	(12.0, 158.5)	(13.0, 206.5)	(14.0, 294.5)	(15.0, 448.0)	(16.0, 695.0)	(17.0, 1167.0)	(18.0, 1803.5)	(19.0, 2480.0)	(20.0, 3737.5)	(21.0, 6131.0)	(22.0, 10337.0)	(23.0, 17675.5)	(24.0, 28762.5)	(25.0, 45061.5)	(26.0, 67285.5)	(27.0, 91330.0)	(28.0, 111218.0)	(29.0, 120899.0)	(30.0, 124635.5)	(31.0, 134546.0)	(32.0, 150199.5)	(33.0, 166979.5)	(34.0, 186290.0)	(35.0, 212561.0)	(36.0, 255009.5)	(37.0, 292779.5)	(38.0, 310973.5)	(39.0, 364476.0)	(40.0, 430491.0)	(41.0, 618036.0)	(42.0, 735997.0)	(43.0, 642499.5)	(44.0, 649560.0)	(45.0, 640257.5)	(46.0, 586007.0)	(47.0, 652484.0)	(48.0, 691367.0)	(49.0, 678274.0)	(50.0, 729783.0)	(51.0, 842412.0)	(52.0, 944499.5)	(53.0, 1054582.5)	(54.0, 1329536.0)	(55.0, 1660947.0)	(56.0, 1951580.0)	(57.0, 2012868.5)	(58.0, 1964759.0)	(59.0, 1661397.0)	(60.0, 1181372.5)	(61.0, 1128041.0)	(62.0, 1118632.0)	(63.0, 952590.0)	(64.0, 961813.0)	(65.0, 1077295.5)	(66.0, 1132784.0)	(67.0, 1100031.0)	(68.0, 852247.5)	(69.0, 666319.5)	(70.0, 513229.0)	(71.0, 280045.5)	(72.0, 161398.5)	(73.0, 103824.5)	(74.0, 74813.0)	(75.0, 56978.0)	(76.0, 43836.0)	(77.0, 36029.5)	(78.0, 30130.0)	(79.0, 24107.0)	(80.0, 18908.5)	(81.0, 15024.5)	(82.0, 12397.0)	(83.0, 10183.0)	(84.0, 8015.0)	(85.0, 6199.0)	(86.0, 4693.5)	(87.0, 3471.5)	(88.0, 2515.5)	(89.0, 1821.0)	(90.0, 1310.0)	(91.0, 959.5)	(92.0, 729.0)	(93.0, 528.5)	(94.0, 351.0)	(95.0, 221.0)	(96.0, 145.5)	(97.0, 98.5)	(98.0, 60.5)	(99.0, 33.5)	(100.0, 16.0)
SRR26064258_1	(0.0, 19.0)	(1.0, 41.5)	(2.0, 35.5)	(3.0, 9.0)	(4.0, 9.5)	(5.0, 10.0)	(6.0, 10.0)	(7.0, 14.5)	(8.0, 29.5)	(9.0, 38.0)	(10.0, 64.0)	(11.0, 105.0)	(12.0, 165.5)	(13.0, 258.0)	(14.0, 379.5)	(15.0, 535.5)	(16.0, 873.5)	(17.0, 1553.0)	(18.0, 2411.0)	(19.0, 3457.0)	(20.0, 5270.0)	(21.0, 8085.0)	(22.0, 13172.0)	(23.0, 22268.0)	(24.0, 35346.0)	(25.0, 52743.5)	(26.0, 76123.0)	(27.0, 101489.0)	(28.0, 124061.0)	(29.0, 139176.0)	(30.0, 147415.0)	(31.0, 161585.5)	(32.0, 182659.5)	(33.0, 203330.5)	(34.0, 226503.0)	(35.0, 256985.5)	(36.0, 297457.5)	(37.0, 334597.0)	(38.0, 356305.0)	(39.0, 398531.0)	(40.0, 465162.5)	(41.0, 658101.5)	(42.0, 742956.0)	(43.0, 635163.5)	(44.0, 651141.0)	(45.0, 648282.5)	(46.0, 607902.5)	(47.0, 667576.5)	(48.0, 715052.0)	(49.0, 708546.0)	(50.0, 725908.0)	(51.0, 799793.0)	(52.0, 853033.0)	(53.0, 999567.0)	(54.0, 1245579.0)	(55.0, 1533176.5)	(56.0, 1876169.5)	(57.0, 1949647.0)	(58.0, 1906488.0)	(59.0, 1589585.0)	(60.0, 1141481.0)	(61.0, 1073920.0)	(62.0, 1028547.0)	(63.0, 882001.5)	(64.0, 897401.0)	(65.0, 1005787.5)	(66.0, 1061361.5)	(67.0, 1036291.5)	(68.0, 788993.0)	(69.0, 598922.5)	(70.0, 435808.5)	(71.0, 209029.5)	(72.0, 103567.0)	(73.0, 57347.0)	(74.0, 40034.5)	(75.0, 30187.0)	(76.0, 23113.5)	(77.0, 19056.5)	(78.0, 16111.0)	(79.0, 12770.5)	(80.0, 9467.5)	(81.0, 7364.0)	(82.0, 6303.0)	(83.0, 5397.0)	(84.0, 4265.0)	(85.0, 2941.0)	(86.0, 1720.0)	(87.0, 981.5)	(88.0, 653.5)	(89.0, 460.0)	(90.0, 329.0)	(91.0, 228.0)	(92.0, 175.5)	(93.0, 137.0)	(94.0, 83.5)	(95.0, 46.0)	(96.0, 21.5)	(97.0, 16.0)	(98.0, 11.0)	(99.0, 6.5)	(100.0, 4.0)
SRR26064258_2	(0.0, 2.0)	(1.0, 9.0)	(2.0, 19.5)	(3.0, 21.0)	(4.0, 16.0)	(5.0, 15.5)	(6.0, 23.0)	(7.0, 36.5)	(8.0, 55.5)	(9.0, 95.0)	(10.0, 138.0)	(11.0, 179.0)	(12.0, 231.0)	(13.0, 302.0)	(14.0, 411.5)	(15.0, 614.0)	(16.0, 1002.5)	(17.0, 1556.0)	(18.0, 2301.0)	(19.0, 3407.5)	(20.0, 5300.5)	(21.0, 8210.0)	(22.0, 13449.0)	(23.0, 22665.0)	(24.0, 35846.0)	(25.0, 53650.5)	(26.0, 76891.5)	(27.0, 101366.0)	(28.0, 123643.5)	(29.0, 139975.0)	(30.0, 148890.0)	(31.0, 162921.5)	(32.0, 184252.0)	(33.0, 205521.0)	(34.0, 229014.5)	(35.0, 258993.0)	(36.0, 302512.0)	(37.0, 341227.5)	(38.0, 358745.5)	(39.0, 405850.5)	(40.0, 468531.5)	(41.0, 649139.5)	(42.0, 745813.0)	(43.0, 647354.5)	(44.0, 674027.5)	(45.0, 672358.0)	(46.0, 620752.0)	(47.0, 690294.5)	(48.0, 728172.5)	(49.0, 705176.0)	(50.0, 726961.0)	(51.0, 819990.5)	(52.0, 904570.5)	(53.0, 1031199.0)	(54.0, 1251715.0)	(55.0, 1495128.0)	(56.0, 1790922.0)	(57.0, 1889667.5)	(58.0, 1862245.0)	(59.0, 1563538.5)	(60.0, 1134255.5)	(61.0, 1069394.5)	(62.0, 1011206.0)	(63.0, 868003.0)	(64.0, 876717.0)	(65.0, 954533.5)	(66.0, 992196.0)	(67.0, 963640.5)	(68.0, 755450.5)	(69.0, 594766.0)	(70.0, 457093.0)	(71.0, 254260.5)	(72.0, 148856.5)	(73.0, 96919.5)	(74.0, 69757.0)	(75.0, 52945.0)	(76.0, 41338.0)	(77.0, 33836.0)	(78.0, 27850.5)	(79.0, 22229.5)	(80.0, 17591.5)	(81.0, 14121.0)	(82.0, 11638.5)	(83.0, 9519.0)	(84.0, 7574.0)	(85.0, 5911.0)	(86.0, 4376.5)	(87.0, 3175.5)	(88.0, 2332.0)	(89.0, 1695.5)	(90.0, 1237.5)	(91.0, 903.5)	(92.0, 656.5)	(93.0, 456.0)	(94.0, 326.0)	(95.0, 230.5)	(96.0, 168.0)	(97.0, 103.0)	(98.0, 48.5)	(99.0, 33.5)	(100.0, 20.0)
SRR26064259_1	(0.0, 14.0)	(1.0, 37.5)	(2.0, 33.0)	(3.0, 8.5)	(4.0, 10.0)	(5.0, 10.5)	(6.0, 10.0)	(7.0, 12.0)	(8.0, 25.0)	(9.0, 41.0)	(10.0, 59.0)	(11.0, 105.0)	(12.0, 167.0)	(13.0, 224.5)	(14.0, 338.5)	(15.0, 535.0)	(16.0, 862.0)	(17.0, 1486.5)	(18.0, 2316.0)	(19.0, 3305.5)	(20.0, 4936.0)	(21.0, 7694.0)	(22.0, 12698.0)	(23.0, 21223.5)	(24.0, 33549.0)	(25.0, 50353.5)	(26.0, 72230.0)	(27.0, 95744.0)	(28.0, 116469.5)	(29.0, 128244.5)	(30.0, 135065.5)	(31.0, 149106.0)	(32.0, 168665.5)	(33.0, 189320.5)	(34.0, 213868.0)	(35.0, 246465.5)	(36.0, 288225.0)	(37.0, 327243.5)	(38.0, 354016.5)	(39.0, 401013.5)	(40.0, 469961.5)	(41.0, 666399.0)	(42.0, 755825.5)	(43.0, 652912.0)	(44.0, 675010.5)	(45.0, 674732.5)	(46.0, 630273.5)	(47.0, 682297.5)	(48.0, 708402.5)	(49.0, 715581.5)	(50.0, 779206.5)	(51.0, 855120.5)	(52.0, 915811.5)	(53.0, 1055849.0)	(54.0, 1359661.5)	(55.0, 1717228.5)	(56.0, 2031720.0)	(57.0, 2107232.0)	(58.0, 2103603.0)	(59.0, 1789431.5)	(60.0, 1303625.0)	(61.0, 1325575.5)	(62.0, 1399162.5)	(63.0, 1234530.0)	(64.0, 1277666.0)	(65.0, 1479453.5)	(66.0, 1598554.0)	(67.0, 1586868.0)	(68.0, 1212028.5)	(69.0, 923656.5)	(70.0, 674741.5)	(71.0, 311442.5)	(72.0, 150841.5)	(73.0, 80047.5)	(74.0, 54318.5)	(75.0, 40512.0)	(76.0, 30852.0)	(77.0, 25616.5)	(78.0, 21662.5)	(79.0, 17243.0)	(80.0, 12557.0)	(81.0, 9312.5)	(82.0, 8049.0)	(83.0, 6840.5)	(84.0, 5343.0)	(85.0, 3598.5)	(86.0, 1952.0)	(87.0, 1137.5)	(88.0, 688.0)	(89.0, 485.5)	(90.0, 356.5)	(91.0, 235.5)	(92.0, 154.5)	(93.0, 126.0)	(94.0, 91.5)	(95.0, 47.5)	(96.0, 23.5)	(97.0, 11.0)	(98.0, 7.5)	(99.0, 5.0)	(100.0, 3.0)
SRR26064259_2	(0.0, 2.0)	(1.0, 4.0)	(2.0, 8.0)	(3.0, 10.0)	(4.0, 11.5)	(5.0, 13.5)	(6.0, 15.0)	(7.0, 29.0)	(8.0, 66.0)	(9.0, 90.0)	(10.0, 117.5)	(11.0, 164.0)	(12.0, 222.0)	(13.0, 326.0)	(14.0, 447.0)	(15.0, 642.0)	(16.0, 988.0)	(17.0, 1528.0)	(18.0, 2306.5)	(19.0, 3349.5)	(20.0, 5184.5)	(21.0, 8052.5)	(22.0, 13036.0)	(23.0, 21932.5)	(24.0, 34456.5)	(25.0, 51099.5)	(26.0, 72889.5)	(27.0, 96326.5)	(28.0, 117322.0)	(29.0, 130626.5)	(30.0, 138545.0)	(31.0, 152064.0)	(32.0, 171947.5)	(33.0, 193386.5)	(34.0, 217578.5)	(35.0, 249397.0)	(36.0, 294720.5)	(37.0, 336071.0)	(38.0, 358212.0)	(39.0, 410156.5)	(40.0, 477801.0)	(41.0, 664634.5)	(42.0, 773024.0)	(43.0, 678936.5)	(44.0, 697012.5)	(45.0, 697259.5)	(46.0, 645302.5)	(47.0, 706345.5)	(48.0, 730340.5)	(49.0, 722464.5)	(50.0, 803066.0)	(51.0, 923017.5)	(52.0, 1016146.0)	(53.0, 1122632.0)	(54.0, 1375797.0)	(55.0, 1673845.5)	(56.0, 1935213.0)	(57.0, 2010479.5)	(58.0, 2020691.0)	(59.0, 1753151.5)	(60.0, 1295010.5)	(61.0, 1308869.5)	(62.0, 1365992.0)	(63.0, 1201006.0)	(64.0, 1243665.5)	(65.0, 1402899.5)	(66.0, 1478164.5)	(67.0, 1457789.0)	(68.0, 1139054.5)	(69.0, 903574.0)	(70.0, 698722.5)	(71.0, 371832.0)	(72.0, 210522.5)	(73.0, 133620.5)	(74.0, 95142.0)	(75.0, 72829.0)	(76.0, 56776.5)	(77.0, 46366.5)	(78.0, 38791.5)	(79.0, 31196.5)	(80.0, 24195.0)	(81.0, 18957.0)	(82.0, 15382.0)	(83.0, 12521.5)	(84.0, 10105.0)	(85.0, 7777.0)	(86.0, 5567.0)	(87.0, 4020.0)	(88.0, 3026.5)	(89.0, 2224.5)	(90.0, 1602.5)	(91.0, 1170.5)	(92.0, 847.5)	(93.0, 595.5)	(94.0, 407.5)	(95.0, 277.0)	(96.0, 180.5)	(97.0, 106.0)	(98.0, 65.5)	(99.0, 30.5)	(100.0, 15.0)
SRR26064260_1	(0.0, 195.0)	(1.0, 237.5)	(2.0, 159.5)	(3.0, 29.0)	(4.0, 17.5)	(5.0, 14.0)	(6.0, 11.0)	(7.0, 17.5)	(8.0, 27.0)	(9.0, 31.5)	(10.0, 55.0)	(11.0, 92.5)	(12.0, 138.5)	(13.0, 216.5)	(14.0, 370.5)	(15.0, 608.0)	(16.0, 1020.0)	(17.0, 1853.0)	(18.0, 2934.0)	(19.0, 4153.5)	(20.0, 6393.5)	(21.0, 9659.5)	(22.0, 15670.0)	(23.0, 26275.0)	(24.0, 40617.0)	(25.0, 59379.0)	(26.0, 85345.0)	(27.0, 111986.5)	(28.0, 133399.0)	(29.0, 146184.5)	(30.0, 152607.5)	(31.0, 167233.0)	(32.0, 190250.5)	(33.0, 210902.0)	(34.0, 231607.0)	(35.0, 264724.5)	(36.0, 310913.5)	(37.0, 349915.5)	(38.0, 368402.5)	(39.0, 407725.0)	(40.0, 471570.0)	(41.0, 694660.5)	(42.0, 803834.5)	(43.0, 674313.0)	(44.0, 681521.0)	(45.0, 670309.0)	(46.0, 612378.0)	(47.0, 667128.5)	(48.0, 684409.0)	(49.0, 680512.0)	(50.0, 728579.0)	(51.0, 795699.0)	(52.0, 841130.5)	(53.0, 929341.0)	(54.0, 1210034.0)	(55.0, 1582124.5)	(56.0, 1903804.0)	(57.0, 1959470.5)	(58.0, 1909164.0)	(59.0, 1573232.5)	(60.0, 1088507.5)	(61.0, 1076953.0)	(62.0, 1093066.0)	(63.0, 893264.0)	(64.0, 868690.0)	(65.0, 985374.5)	(66.0, 1057702.5)	(67.0, 1056098.5)	(68.0, 817650.0)	(69.0, 620611.0)	(70.0, 450114.5)	(71.0, 211607.5)	(72.0, 104737.0)	(73.0, 57697.5)	(74.0, 40134.5)	(75.0, 30085.5)	(76.0, 22674.0)	(77.0, 18775.0)	(78.0, 15977.0)	(79.0, 12623.0)	(80.0, 9140.5)	(81.0, 6705.0)	(82.0, 5763.5)	(83.0, 5007.5)	(84.0, 3696.0)	(85.0, 2393.5)	(86.0, 1377.5)	(87.0, 763.0)	(88.0, 504.0)	(89.0, 353.5)	(90.0, 254.0)	(91.0, 190.5)	(92.0, 138.5)	(93.0, 93.5)	(94.0, 58.0)	(95.0, 38.5)	(96.0, 25.5)	(97.0, 14.0)	(98.0, 9.0)	(99.0, 5.0)	(100.0, 2.0)
SRR26064260_2	(0.0, 24.0)	(1.0, 58.5)	(2.0, 69.5)	(3.0, 40.5)	(4.0, 26.5)	(5.0, 17.5)	(6.0, 21.0)	(7.0, 32.0)	(8.0, 53.0)	(9.0, 86.5)	(10.0, 119.0)	(11.0, 152.5)	(12.0, 215.5)	(13.0, 332.5)	(14.0, 498.5)	(15.0, 760.0)	(16.0, 1209.0)	(17.0, 1959.0)	(18.0, 2980.0)	(19.0, 4293.5)	(20.0, 6609.5)	(21.0, 10074.0)	(22.0, 16016.0)	(23.0, 26289.0)	(24.0, 40861.5)	(25.0, 60006.5)	(26.0, 85025.5)	(27.0, 110403.5)	(28.0, 132005.0)	(29.0, 147294.5)	(30.0, 155354.5)	(31.0, 169301.5)	(32.0, 191267.5)	(33.0, 211157.5)	(34.0, 231381.0)	(35.0, 264757.0)	(36.0, 312654.0)	(37.0, 350753.5)	(38.0, 368627.5)	(39.0, 412539.5)	(40.0, 473926.5)	(41.0, 677232.5)	(42.0, 792703.5)	(43.0, 678675.0)	(44.0, 697666.0)	(45.0, 694029.0)	(46.0, 625105.0)	(47.0, 685190.5)	(48.0, 698598.0)	(49.0, 673469.5)	(50.0, 718746.0)	(51.0, 807429.5)	(52.0, 871048.5)	(53.0, 941501.0)	(54.0, 1194555.5)	(55.0, 1521766.5)	(56.0, 1823084.5)	(57.0, 1917357.5)	(58.0, 1892573.5)	(59.0, 1583940.5)	(60.0, 1112836.5)	(61.0, 1071034.5)	(62.0, 1066643.0)	(63.0, 897991.0)	(64.0, 884533.5)	(65.0, 959251.5)	(66.0, 999637.5)	(67.0, 980965.0)	(68.0, 771757.5)	(69.0, 608684.5)	(70.0, 466971.5)	(71.0, 260512.0)	(72.0, 151610.5)	(73.0, 97715.5)	(74.0, 69953.5)	(75.0, 52714.5)	(76.0, 40621.5)	(77.0, 32841.0)	(78.0, 27252.0)	(79.0, 21877.0)	(80.0, 16837.0)	(81.0, 12906.5)	(82.0, 10633.5)	(83.0, 8777.5)	(84.0, 6781.5)	(85.0, 5112.5)	(86.0, 3745.5)	(87.0, 2650.0)	(88.0, 1925.5)	(89.0, 1407.5)	(90.0, 1006.5)	(91.0, 705.5)	(92.0, 516.5)	(93.0, 390.5)	(94.0, 253.0)	(95.0, 150.5)	(96.0, 100.5)	(97.0, 67.5)	(98.0, 39.5)	(99.0, 24.0)	(100.0, 12.5)
SRR26064261_1	(0.0, 636.0)	(1.0, 668.0)	(2.0, 379.5)	(3.0, 42.0)	(4.0, 20.5)	(5.0, 13.0)	(6.0, 11.0)	(7.0, 14.5)	(8.0, 19.5)	(9.0, 25.5)	(10.0, 40.0)	(11.0, 72.0)	(12.0, 103.0)	(13.0, 137.5)	(14.0, 215.0)	(15.0, 337.5)	(16.0, 552.0)	(17.0, 928.5)	(18.0, 1411.0)	(19.0, 1998.0)	(20.0, 3099.5)	(21.0, 4947.0)	(22.0, 8161.0)	(23.0, 14106.5)	(24.0, 23306.5)	(25.0, 36390.5)	(26.0, 55160.5)	(27.0, 77010.0)	(28.0, 96679.0)	(29.0, 109031.5)	(30.0, 117742.5)	(31.0, 133189.0)	(32.0, 153967.5)	(33.0, 174899.5)	(34.0, 198634.5)	(35.0, 230637.5)	(36.0, 279388.0)	(37.0, 323557.5)	(38.0, 344883.0)	(39.0, 394979.0)	(40.0, 473611.5)	(41.0, 728615.0)	(42.0, 846797.0)	(43.0, 709408.0)	(44.0, 739040.5)	(45.0, 725389.0)	(46.0, 648798.0)	(47.0, 725510.0)	(48.0, 769447.0)	(49.0, 768810.5)	(50.0, 823375.0)	(51.0, 929720.0)	(52.0, 1036088.0)	(53.0, 1194070.5)	(54.0, 1575895.5)	(55.0, 2033483.5)	(56.0, 2439160.0)	(57.0, 2545457.5)	(58.0, 2528251.5)	(59.0, 2116768.0)	(60.0, 1467775.5)	(61.0, 1475838.0)	(62.0, 1559000.5)	(63.0, 1317219.5)	(64.0, 1342359.0)	(65.0, 1575275.0)	(66.0, 1701262.5)	(67.0, 1691528.0)	(68.0, 1292376.5)	(69.0, 988180.5)	(70.0, 727868.5)	(71.0, 334465.0)	(72.0, 158204.5)	(73.0, 81465.5)	(74.0, 53717.5)	(75.0, 39646.0)	(76.0, 29667.0)	(77.0, 24190.5)	(78.0, 20280.5)	(79.0, 15781.0)	(80.0, 11720.5)	(81.0, 8989.5)	(82.0, 7684.5)	(83.0, 6537.0)	(84.0, 4901.0)	(85.0, 3440.0)	(86.0, 2171.5)	(87.0, 1268.0)	(88.0, 798.0)	(89.0, 521.5)	(90.0, 364.5)	(91.0, 242.5)	(92.0, 178.5)	(93.0, 134.0)	(94.0, 83.5)	(95.0, 52.0)	(96.0, 34.5)	(97.0, 20.0)	(98.0, 10.5)	(99.0, 6.0)	(100.0, 3.5)
SRR26064261_2	(0.0, 148.0)	(1.0, 371.5)	(2.0, 357.0)	(3.0, 88.5)	(4.0, 43.5)	(5.0, 21.5)	(6.0, 21.5)	(7.0, 29.0)	(8.0, 44.0)	(9.0, 67.5)	(10.0, 86.5)	(11.0, 121.0)	(12.0, 159.0)	(13.0, 197.5)	(14.0, 277.5)	(15.0, 424.0)	(16.0, 650.0)	(17.0, 1025.5)	(18.0, 1512.5)	(19.0, 2182.0)	(20.0, 3325.0)	(21.0, 5227.0)	(22.0, 8708.0)	(23.0, 14636.0)	(24.0, 23770.0)	(25.0, 36953.0)	(26.0, 54946.5)	(27.0, 74798.0)	(28.0, 93611.0)	(29.0, 107553.5)	(30.0, 117737.0)	(31.0, 133327.0)	(32.0, 153854.5)	(33.0, 175263.5)	(34.0, 198837.0)	(35.0, 229798.5)	(36.0, 280214.0)	(37.0, 324255.5)	(38.0, 343311.5)	(39.0, 402603.5)	(40.0, 478849.5)	(41.0, 707142.0)	(42.0, 833196.0)	(43.0, 708782.5)	(44.0, 751120.5)	(45.0, 744735.5)	(46.0, 657330.0)	(47.0, 746484.0)	(48.0, 781578.5)	(49.0, 758480.5)	(50.0, 820877.5)	(51.0, 942393.5)	(52.0, 1065950.5)	(53.0, 1201485.5)	(54.0, 1546902.5)	(55.0, 1965145.5)	(56.0, 2356393.0)	(57.0, 2507849.5)	(58.0, 2502211.5)	(59.0, 2119141.5)	(60.0, 1504973.5)	(61.0, 1483832.5)	(62.0, 1536874.5)	(63.0, 1327288.0)	(64.0, 1345398.5)	(65.0, 1513133.5)	(66.0, 1602089.0)	(67.0, 1578350.0)	(68.0, 1234642.5)	(69.0, 975122.0)	(70.0, 749167.0)	(71.0, 405173.5)	(72.0, 231363.0)	(73.0, 145290.0)	(74.0, 102122.5)	(75.0, 77103.5)	(76.0, 59437.0)	(77.0, 47869.0)	(78.0, 39427.5)	(79.0, 31316.0)	(80.0, 24450.0)	(81.0, 19590.0)	(82.0, 16116.5)	(83.0, 13212.5)	(84.0, 10422.5)	(85.0, 8090.0)	(86.0, 6047.0)	(87.0, 4404.5)	(88.0, 3289.5)	(89.0, 2349.5)	(90.0, 1648.5)	(91.0, 1238.5)	(92.0, 899.0)	(93.0, 638.5)	(94.0, 443.0)	(95.0, 284.0)	(96.0, 175.5)	(97.0, 107.0)	(98.0, 68.0)	(99.0, 37.5)	(100.0, 14.0)
SRR26064262_1	(0.0, 291.0)	(1.0, 358.0)	(2.0, 230.5)	(3.0, 33.5)	(4.0, 25.0)	(5.0, 16.0)	(6.0, 17.5)	(7.0, 21.0)	(8.0, 33.0)	(9.0, 54.0)	(10.0, 77.5)	(11.0, 106.0)	(12.0, 169.0)	(13.0, 295.0)	(14.0, 489.5)	(15.0, 838.5)	(16.0, 1485.5)	(17.0, 2642.5)	(18.0, 4145.0)	(19.0, 6226.0)	(20.0, 10047.0)	(21.0, 15706.0)	(22.0, 25611.5)	(23.0, 42306.0)	(24.0, 63754.0)	(25.0, 90700.0)	(26.0, 124304.0)	(27.0, 161001.5)	(28.0, 204179.5)	(29.0, 249034.0)	(30.0, 287559.0)	(31.0, 334213.0)	(32.0, 387680.0)	(33.0, 434643.5)	(34.0, 481575.0)	(35.0, 544277.0)	(36.0, 606935.5)	(37.0, 664023.5)	(38.0, 713862.0)	(39.0, 764111.0)	(40.0, 830114.0)	(41.0, 949389.0)	(42.0, 1004441.0)	(43.0, 985335.0)	(44.0, 1016360.5)	(45.0, 1060434.5)	(46.0, 1101672.5)	(47.0, 1125059.0)	(48.0, 1117780.5)	(49.0, 1110438.5)	(50.0, 1132816.5)	(51.0, 1164966.5)	(52.0, 1163095.0)	(53.0, 1192495.5)	(54.0, 1293460.0)	(55.0, 1404420.0)	(56.0, 1497588.0)	(57.0, 1496704.0)	(58.0, 1482467.5)	(59.0, 1357721.5)	(60.0, 1157891.5)	(61.0, 1150698.5)	(62.0, 1148627.0)	(63.0, 1023662.0)	(64.0, 987946.5)	(65.0, 1034414.0)	(66.0, 1039419.0)	(67.0, 990377.0)	(68.0, 776032.5)	(69.0, 597100.5)	(70.0, 446051.5)	(71.0, 243408.0)	(72.0, 146754.5)	(73.0, 101644.0)	(74.0, 78955.5)	(75.0, 60434.5)	(76.0, 45000.0)	(77.0, 35978.5)	(78.0, 30235.0)	(79.0, 24312.0)	(80.0, 17822.0)	(81.0, 12993.5)	(82.0, 10805.5)	(83.0, 8868.5)	(84.0, 6802.5)	(85.0, 4577.0)	(86.0, 2407.0)	(87.0, 1306.0)	(88.0, 828.5)	(89.0, 600.0)	(90.0, 418.0)	(91.0, 297.5)	(92.0, 234.0)	(93.0, 171.5)	(94.0, 98.0)	(95.0, 63.5)	(96.0, 44.5)	(97.0, 31.5)	(98.0, 22.0)	(99.0, 13.0)	(100.0, 6.0)
SRR26064262_2	(0.0, 57.0)	(1.0, 101.0)	(2.0, 108.0)	(3.0, 55.0)	(4.0, 33.5)	(5.0, 22.0)	(6.0, 15.5)	(7.0, 30.5)	(8.0, 46.5)	(9.0, 70.5)	(10.0, 113.5)	(11.0, 158.0)	(12.0, 234.5)	(13.0, 375.5)	(14.0, 599.5)	(15.0, 965.0)	(16.0, 1623.0)	(17.0, 2703.0)	(18.0, 4178.0)	(19.0, 6275.5)	(20.0, 9929.5)	(21.0, 15530.5)	(22.0, 25301.5)	(23.0, 41338.5)	(24.0, 62804.0)	(25.0, 89712.5)	(26.0, 122650.5)	(27.0, 158781.5)	(28.0, 202095.5)	(29.0, 248989.0)	(30.0, 288937.5)	(31.0, 335464.5)	(32.0, 389080.0)	(33.0, 437512.0)	(34.0, 486334.5)	(35.0, 549451.5)	(36.0, 612966.0)	(37.0, 667540.0)	(38.0, 715056.0)	(39.0, 770325.0)	(40.0, 836938.5)	(41.0, 949569.5)	(42.0, 1011528.5)	(43.0, 999156.5)	(44.0, 1031635.0)	(45.0, 1076851.5)	(46.0, 1112530.0)	(47.0, 1138856.0)	(48.0, 1130747.0)	(49.0, 1114597.5)	(50.0, 1138462.5)	(51.0, 1183241.5)	(52.0, 1193090.5)	(53.0, 1210947.0)	(54.0, 1292936.5)	(55.0, 1383138.5)	(56.0, 1462413.5)	(57.0, 1466723.5)	(58.0, 1453187.0)	(59.0, 1338496.0)	(60.0, 1147249.5)	(61.0, 1134549.0)	(62.0, 1127625.5)	(63.0, 1011219.5)	(64.0, 976668.5)	(65.0, 998418.5)	(66.0, 981445.5)	(67.0, 924404.0)	(68.0, 739505.5)	(69.0, 588496.5)	(70.0, 456475.0)	(71.0, 276150.5)	(72.0, 178901.0)	(73.0, 129320.5)	(74.0, 99753.0)	(75.0, 76649.5)	(76.0, 58567.5)	(77.0, 47111.5)	(78.0, 39250.0)	(79.0, 31745.0)	(80.0, 24230.5)	(81.0, 18198.0)	(82.0, 14554.0)	(83.0, 11664.5)	(84.0, 9014.0)	(85.0, 6775.0)	(86.0, 4696.0)	(87.0, 3202.5)	(88.0, 2291.0)	(89.0, 1636.0)	(90.0, 1262.0)	(91.0, 993.5)	(92.0, 744.5)	(93.0, 539.5)	(94.0, 395.5)	(95.0, 289.0)	(96.0, 187.0)	(97.0, 127.0)	(98.0, 73.5)	(99.0, 45.0)	(100.0, 28.5)
SRR26064263_1	(0.0, 22.0)	(1.0, 16.5)	(2.0, 11.0)	(3.0, 22.5)	(4.0, 32.0)	(5.0, 40.0)	(6.0, 61.5)	(7.0, 98.5)	(8.0, 155.0)	(9.0, 178.0)	(10.0, 194.5)	(11.0, 222.5)	(12.0, 275.0)	(13.0, 409.5)	(14.0, 627.5)	(15.0, 975.0)	(16.0, 1555.5)	(17.0, 2608.5)	(18.0, 4210.0)	(19.0, 6448.5)	(20.0, 10130.5)	(21.0, 15591.5)	(22.0, 23829.0)	(23.0, 36358.0)	(24.0, 54082.0)	(25.0, 78478.5)	(26.0, 112950.5)	(27.0, 150893.5)	(28.0, 181671.5)	(29.0, 202524.5)	(30.0, 220730.5)	(31.0, 245084.0)	(32.0, 273010.5)	(33.0, 301859.0)	(34.0, 330923.5)	(35.0, 363292.0)	(36.0, 411319.0)	(37.0, 456259.0)	(38.0, 480991.0)	(39.0, 518876.0)	(40.0, 561288.5)	(41.0, 716581.5)	(42.0, 806412.0)	(43.0, 725754.5)	(44.0, 739762.0)	(45.0, 727657.5)	(46.0, 700649.5)	(47.0, 787912.5)	(48.0, 802970.5)	(49.0, 807695.5)	(50.0, 876698.5)	(51.0, 880974.5)	(52.0, 876106.0)	(53.0, 894439.5)	(54.0, 1071947.5)	(55.0, 1345260.5)	(56.0, 1526583.0)	(57.0, 1566755.0)	(58.0, 1613081.0)	(59.0, 1419950.5)	(60.0, 1042626.0)	(61.0, 1095459.0)	(62.0, 1221395.0)	(63.0, 1079109.0)	(64.0, 1136562.5)	(65.0, 1361232.5)	(66.0, 1480511.0)	(67.0, 1484820.0)	(68.0, 1158451.0)	(69.0, 890074.5)	(70.0, 667927.0)	(71.0, 345722.0)	(72.0, 191831.5)	(73.0, 123907.0)	(74.0, 103153.5)	(75.0, 84363.0)	(76.0, 60760.0)	(77.0, 51229.5)	(78.0, 43319.5)	(79.0, 32741.5)	(80.0, 23584.0)	(81.0, 20898.0)	(82.0, 20131.5)	(83.0, 17022.5)	(84.0, 13669.0)	(85.0, 9559.5)	(86.0, 4621.0)	(87.0, 2477.0)	(88.0, 1857.0)	(89.0, 1426.0)	(90.0, 1084.5)	(91.0, 843.5)	(92.0, 629.0)	(93.0, 513.0)	(94.0, 365.0)	(95.0, 196.0)	(96.0, 100.5)	(97.0, 58.5)	(98.0, 32.5)	(99.0, 15.5)	(100.0, 5.5)
SRR26064263_2	(0.0, 2.0)	(1.0, 3.5)	(2.0, 5.0)	(3.0, 6.0)	(4.0, 9.5)	(5.0, 14.5)	(6.0, 20.5)	(7.0, 34.5)	(8.0, 52.5)	(9.0, 78.5)	(10.0, 108.0)	(11.0, 135.5)	(12.0, 230.0)	(13.0, 353.0)	(14.0, 539.0)	(15.0, 873.0)	(16.0, 1514.5)	(17.0, 2560.5)	(18.0, 3934.5)	(19.0, 6047.5)	(20.0, 9591.5)	(21.0, 14863.5)	(22.0, 22953.0)	(23.0, 35056.0)	(24.0, 52087.5)	(25.0, 75436.0)	(26.0, 106204.0)	(27.0, 140346.0)	(28.0, 171626.0)	(29.0, 196170.0)	(30.0, 218202.0)	(31.0, 243778.0)	(32.0, 270917.0)	(33.0, 299197.5)	(34.0, 328481.5)	(35.0, 358627.0)	(36.0, 404253.0)	(37.0, 447758.0)	(38.0, 466258.5)	(39.0, 497759.5)	(40.0, 533582.5)	(41.0, 677192.0)	(42.0, 767690.5)	(43.0, 701447.0)	(44.0, 734454.5)	(45.0, 735514.5)	(46.0, 707847.0)	(47.0, 795603.5)	(48.0, 812732.5)	(49.0, 811142.0)	(50.0, 876706.5)	(51.0, 893225.5)	(52.0, 896739.5)	(53.0, 917125.0)	(54.0, 1075924.0)	(55.0, 1300647.5)	(56.0, 1484045.0)	(57.0, 1559210.0)	(58.0, 1608016.0)	(59.0, 1435583.5)	(60.0, 1088900.5)	(61.0, 1105624.0)	(62.0, 1177164.5)	(63.0, 1064685.5)	(64.0, 1109059.0)	(65.0, 1284983.0)	(66.0, 1408154.5)	(67.0, 1415435.0)	(68.0, 1139141.0)	(69.0, 901608.0)	(70.0, 706011.0)	(71.0, 426398.5)	(72.0, 269572.5)	(73.0, 188103.5)	(74.0, 148840.0)	(75.0, 118455.0)	(76.0, 88800.5)	(77.0, 72971.5)	(78.0, 61909.5)	(79.0, 48810.0)	(80.0, 36839.0)	(81.0, 30860.5)	(82.0, 27383.5)	(83.0, 22771.5)	(84.0, 18286.5)	(85.0, 14072.5)	(86.0, 9466.5)	(87.0, 6363.5)	(88.0, 4772.0)	(89.0, 3644.0)	(90.0, 2774.5)	(91.0, 2191.0)	(92.0, 1662.0)	(93.0, 1230.0)	(94.0, 914.5)	(95.0, 614.0)	(96.0, 374.5)	(97.0, 219.0)	(98.0, 110.5)	(99.0, 54.0)	(100.0, 23.0)
SRR26064264_1	(0.0, 41.0)	(1.0, 28.5)	(2.0, 22.5)	(3.0, 34.5)	(4.0, 46.0)	(5.0, 67.5)	(6.0, 106.0)	(7.0, 135.0)	(8.0, 171.5)	(9.0, 213.0)	(10.0, 228.0)	(11.0, 260.5)	(12.0, 355.5)	(13.0, 536.5)	(14.0, 820.5)	(15.0, 1304.5)	(16.0, 2302.0)	(17.0, 4149.0)	(18.0, 6855.0)	(19.0, 10691.0)	(20.0, 16701.5)	(21.0, 26289.0)	(22.0, 41244.5)	(23.0, 62857.0)	(24.0, 93356.0)	(25.0, 134601.5)	(26.0, 187955.0)	(27.0, 249074.5)	(28.0, 310022.0)	(29.0, 367321.0)	(30.0, 421308.0)	(31.0, 478536.0)	(32.0, 537277.5)	(33.0, 593135.0)	(34.0, 646246.0)	(35.0, 701985.0)	(36.0, 768090.0)	(37.0, 829993.0)	(38.0, 872042.0)	(39.0, 917432.0)	(40.0, 963702.5)	(41.0, 1101363.0)	(42.0, 1174400.0)	(43.0, 1099796.5)	(44.0, 1097528.5)	(45.0, 1080533.0)	(46.0, 1053927.5)	(47.0, 1106726.0)	(48.0, 1139620.5)	(49.0, 1135725.0)	(50.0, 1141613.5)	(51.0, 1138494.5)	(52.0, 1121588.0)	(53.0, 1172135.0)	(54.0, 1272193.5)	(55.0, 1435579.5)	(56.0, 1623974.0)	(57.0, 1629786.0)	(58.0, 1612348.0)	(59.0, 1404789.0)	(60.0, 1085096.0)	(61.0, 1027913.5)	(62.0, 986926.0)	(63.0, 853182.0)	(64.0, 844491.5)	(65.0, 919419.0)	(66.0, 953037.5)	(67.0, 924405.0)	(68.0, 718736.5)	(69.0, 560888.5)	(70.0, 421947.0)	(71.0, 231006.5)	(72.0, 136912.0)	(73.0, 92394.5)	(74.0, 75137.5)	(75.0, 60321.5)	(76.0, 44709.0)	(77.0, 38530.5)	(78.0, 33908.5)	(79.0, 26243.5)	(80.0, 18463.0)	(81.0, 14222.0)	(82.0, 13003.0)	(83.0, 11754.5)	(84.0, 10155.5)	(85.0, 6988.5)	(86.0, 3360.0)	(87.0, 1818.5)	(88.0, 1298.5)	(89.0, 1002.0)	(90.0, 751.5)	(91.0, 593.5)	(92.0, 475.0)	(93.0, 385.0)	(94.0, 281.0)	(95.0, 177.5)	(96.0, 103.5)	(97.0, 53.5)	(98.0, 20.0)	(99.0, 11.0)	(100.0, 4.5)
SRR26064264_2	(0.0, 2.0)	(1.0, 2.0)	(2.0, 3.5)	(3.0, 6.5)	(4.0, 7.0)	(5.0, 14.0)	(6.0, 23.0)	(7.0, 36.0)	(8.0, 55.5)	(9.0, 76.0)	(10.0, 115.5)	(11.0, 165.0)	(12.0, 265.5)	(13.0, 448.5)	(14.0, 725.0)	(15.0, 1240.5)	(16.0, 2170.5)	(17.0, 3717.5)	(18.0, 6084.0)	(19.0, 9749.0)	(20.0, 15598.0)	(21.0, 24788.5)	(22.0, 38815.5)	(23.0, 59415.0)	(24.0, 88384.0)	(25.0, 127613.5)	(26.0, 177723.0)	(27.0, 236167.5)	(28.0, 297950.5)	(29.0, 357566.0)	(30.0, 414148.0)	(31.0, 472901.5)	(32.0, 532310.0)	(33.0, 588526.0)	(34.0, 641360.0)	(35.0, 695991.5)	(36.0, 761985.0)	(37.0, 822743.0)	(38.0, 859399.0)	(39.0, 902113.5)	(40.0, 945886.5)	(41.0, 1073959.0)	(42.0, 1154145.5)	(43.0, 1095041.0)	(44.0, 1102714.5)	(45.0, 1089901.5)	(46.0, 1060280.5)	(47.0, 1115728.5)	(48.0, 1143022.5)	(49.0, 1133969.5)	(50.0, 1142845.0)	(51.0, 1148502.5)	(52.0, 1140609.5)	(53.0, 1175137.5)	(54.0, 1267926.0)	(55.0, 1397485.5)	(56.0, 1574066.5)	(57.0, 1620175.5)	(58.0, 1613058.5)	(59.0, 1427141.5)	(60.0, 1117927.5)	(61.0, 1038104.5)	(62.0, 979170.0)	(63.0, 860351.0)	(64.0, 849342.5)	(65.0, 892614.5)	(66.0, 913459.5)	(67.0, 883652.0)	(68.0, 704244.0)	(69.0, 562536.0)	(70.0, 444287.0)	(71.0, 281883.5)	(72.0, 183910.5)	(73.0, 131709.0)	(74.0, 104606.5)	(75.0, 81956.0)	(76.0, 61790.0)	(77.0, 51431.5)	(78.0, 44537.5)	(79.0, 35750.0)	(80.0, 26689.0)	(81.0, 20706.0)	(82.0, 17559.5)	(83.0, 14988.0)	(84.0, 12468.0)	(85.0, 9565.5)	(86.0, 6457.0)	(87.0, 4281.0)	(88.0, 3032.5)	(89.0, 2256.0)	(90.0, 1689.5)	(91.0, 1343.5)	(92.0, 1056.5)	(93.0, 819.0)	(94.0, 606.0)	(95.0, 396.5)	(96.0, 257.5)	(97.0, 161.5)	(98.0, 93.0)	(99.0, 50.0)	(100.0, 21.0)
SRR26064265_1	(0.0, 30.0)	(1.0, 17.0)	(2.0, 5.0)	(3.0, 16.0)	(4.0, 33.0)	(5.0, 50.5)	(6.0, 87.5)	(7.0, 134.0)	(8.0, 166.5)	(9.0, 196.5)	(10.0, 196.5)	(11.0, 197.5)	(12.0, 255.5)	(13.0, 370.5)	(14.0, 530.5)	(15.0, 808.5)	(16.0, 1385.5)	(17.0, 2417.5)	(18.0, 3751.5)	(19.0, 5617.0)	(20.0, 8693.5)	(21.0, 13630.5)	(22.0, 21525.0)	(23.0, 33626.5)	(24.0, 51077.0)	(25.0, 76029.5)	(26.0, 111563.5)	(27.0, 151758.0)	(28.0, 186972.5)	(29.0, 212389.0)	(30.0, 234997.0)	(31.0, 265611.5)	(32.0, 301181.5)	(33.0, 337884.5)	(34.0, 374075.0)	(35.0, 414650.5)	(36.0, 471391.5)	(37.0, 522274.5)	(38.0, 551036.0)	(39.0, 592631.5)	(40.0, 644021.0)	(41.0, 840316.0)	(42.0, 950032.0)	(43.0, 852134.5)	(44.0, 880966.5)	(45.0, 877442.0)	(46.0, 837657.5)	(47.0, 930931.5)	(48.0, 989052.5)	(49.0, 984513.5)	(50.0, 1008484.0)	(51.0, 1048973.0)	(52.0, 1060747.0)	(53.0, 1165467.0)	(54.0, 1349135.0)	(55.0, 1593230.0)	(56.0, 1899851.5)	(57.0, 1957518.0)	(58.0, 1961135.0)	(59.0, 1686143.5)	(60.0, 1257004.0)	(61.0, 1256633.5)	(62.0, 1290984.0)	(63.0, 1151573.0)	(64.0, 1208688.0)	(65.0, 1396918.5)	(66.0, 1504635.5)	(67.0, 1505034.0)	(68.0, 1181777.0)	(69.0, 938350.5)	(70.0, 710253.5)	(71.0, 363109.5)	(72.0, 194320.0)	(73.0, 117336.0)	(74.0, 88004.5)	(75.0, 68130.0)	(76.0, 50717.5)	(77.0, 42821.5)	(78.0, 37618.5)	(79.0, 29510.5)	(80.0, 20940.0)	(81.0, 15874.0)	(82.0, 14603.5)	(83.0, 13383.5)	(84.0, 10606.0)	(85.0, 7489.5)	(86.0, 4589.0)	(87.0, 2592.5)	(88.0, 1773.0)	(89.0, 1334.0)	(90.0, 979.5)	(91.0, 771.5)	(92.0, 597.0)	(93.0, 455.0)	(94.0, 298.0)	(95.0, 174.5)	(96.0, 100.5)	(97.0, 67.0)	(98.0, 39.5)	(99.0, 14.5)	(100.0, 5.5)
SRR26064265_2	(0.0, 3.0)	(1.0, 2.5)	(2.0, 1.0)	(3.0, 4.0)	(4.0, 7.5)	(5.0, 12.0)	(6.0, 15.0)	(7.0, 19.0)	(8.0, 36.5)	(9.0, 60.5)	(10.0, 83.5)	(11.0, 113.0)	(12.0, 167.0)	(13.0, 264.0)	(14.0, 449.5)	(15.0, 716.5)	(16.0, 1258.0)	(17.0, 2173.0)	(18.0, 3359.0)	(19.0, 5007.5)	(20.0, 7854.0)	(21.0, 12261.0)	(22.0, 19408.0)	(23.0, 30652.0)	(24.0, 47637.0)	(25.0, 71752.0)	(26.0, 103294.5)	(27.0, 140084.0)	(28.0, 176135.0)	(29.0, 204188.0)	(30.0, 230293.5)	(31.0, 262334.0)	(32.0, 296757.5)	(33.0, 333696.5)	(34.0, 371297.5)	(35.0, 410965.0)	(36.0, 468822.5)	(37.0, 521342.0)	(38.0, 544301.0)	(39.0, 583216.0)	(40.0, 631450.0)	(41.0, 818494.5)	(42.0, 933978.0)	(43.0, 845264.0)	(44.0, 885450.5)	(45.0, 889698.5)	(46.0, 843774.0)	(47.0, 938681.0)	(48.0, 988862.0)	(49.0, 975602.0)	(50.0, 1006953.5)	(51.0, 1057408.5)	(52.0, 1073863.0)	(53.0, 1151313.5)	(54.0, 1328399.5)	(55.0, 1546315.5)	(56.0, 1836063.5)	(57.0, 1938309.5)	(58.0, 1970750.0)	(59.0, 1718929.5)	(60.0, 1284751.5)	(61.0, 1252728.5)	(62.0, 1265434.5)	(63.0, 1152286.5)	(64.0, 1205709.5)	(65.0, 1346874.5)	(66.0, 1439805.0)	(67.0, 1441528.0)	(68.0, 1151921.5)	(69.0, 935470.5)	(70.0, 745144.0)	(71.0, 438056.0)	(72.0, 265000.5)	(73.0, 176402.5)	(74.0, 131829.0)	(75.0, 100805.5)	(76.0, 76325.5)	(77.0, 62634.5)	(78.0, 53752.5)	(79.0, 43604.0)	(80.0, 32853.0)	(81.0, 25400.5)	(82.0, 21627.5)	(83.0, 18797.5)	(84.0, 15139.0)	(85.0, 11651.0)	(86.0, 8620.5)	(87.0, 6062.5)	(88.0, 4492.5)	(89.0, 3418.0)	(90.0, 2597.0)	(91.0, 1945.5)	(92.0, 1465.0)	(93.0, 1111.0)	(94.0, 816.5)	(95.0, 584.5)	(96.0, 379.5)	(97.0, 228.0)	(98.0, 130.5)	(99.0, 79.0)	(100.0, 37.5)
SRR26064266_1	(0.0, 18.0)	(1.0, 15.5)	(2.0, 10.5)	(3.0, 6.0)	(4.0, 4.0)	(5.0, 7.5)	(6.0, 13.0)	(7.0, 23.0)	(8.0, 38.5)	(9.0, 50.5)	(10.0, 60.5)	(11.0, 100.0)	(12.0, 155.5)	(13.0, 247.0)	(14.0, 402.5)	(15.0, 618.0)	(16.0, 1078.0)	(17.0, 1943.5)	(18.0, 3108.5)	(19.0, 4587.5)	(20.0, 7156.0)	(21.0, 11314.0)	(22.0, 18689.0)	(23.0, 31415.5)	(24.0, 48664.5)	(25.0, 71609.0)	(26.0, 103499.0)	(27.0, 141117.0)	(28.0, 181157.0)	(29.0, 215167.5)	(30.0, 241642.5)	(31.0, 274857.5)	(32.0, 313188.5)	(33.0, 349501.5)	(34.0, 386966.5)	(35.0, 431570.0)	(36.0, 482095.5)	(37.0, 529196.0)	(38.0, 562500.5)	(39.0, 601635.5)	(40.0, 655275.0)	(41.0, 777973.5)	(42.0, 829181.5)	(43.0, 762228.0)	(44.0, 772218.0)	(45.0, 765972.5)	(46.0, 743224.0)	(47.0, 787867.0)	(48.0, 803043.5)	(49.0, 801781.5)	(50.0, 822475.0)	(51.0, 844781.0)	(52.0, 866032.5)	(53.0, 922370.5)	(54.0, 1072914.0)	(55.0, 1259905.5)	(56.0, 1416437.0)	(57.0, 1445908.5)	(58.0, 1443417.5)	(59.0, 1266260.5)	(60.0, 977865.0)	(61.0, 990350.0)	(62.0, 1043084.5)	(63.0, 927022.5)	(64.0, 954751.0)	(65.0, 1092697.0)	(66.0, 1158116.5)	(67.0, 1131914.5)	(68.0, 861175.0)	(69.0, 652703.5)	(70.0, 481308.0)	(71.0, 237510.5)	(72.0, 125803.0)	(73.0, 74744.0)	(74.0, 53860.5)	(75.0, 40900.5)	(76.0, 31260.5)	(77.0, 26434.5)	(78.0, 22270.5)	(79.0, 17171.5)	(80.0, 12832.0)	(81.0, 10075.0)	(82.0, 8676.5)	(83.0, 7144.0)	(84.0, 5646.5)	(85.0, 3973.0)	(86.0, 2130.0)	(87.0, 1293.0)	(88.0, 909.5)	(89.0, 693.5)	(90.0, 537.5)	(91.0, 374.0)	(92.0, 269.0)	(93.0, 194.0)	(94.0, 116.0)	(95.0, 74.0)	(96.0, 42.0)	(97.0, 22.0)	(98.0, 20.0)	(99.0, 13.0)	(100.0, 4.5)
SRR26064266_2	(0.0, 1.0)	(1.0, 5.5)	(2.0, 9.5)	(3.0, 7.5)	(4.0, 8.0)	(5.0, 12.5)	(6.0, 15.0)	(7.0, 26.0)	(8.0, 53.0)	(9.0, 84.0)	(10.0, 126.0)	(11.0, 161.0)	(12.0, 220.0)	(13.0, 311.5)	(14.0, 492.0)	(15.0, 775.5)	(16.0, 1177.5)	(17.0, 2038.0)	(18.0, 3341.0)	(19.0, 4939.0)	(20.0, 7540.5)	(21.0, 11732.0)	(22.0, 19123.5)	(23.0, 31632.5)	(24.0, 48789.0)	(25.0, 72304.0)	(26.0, 104301.5)	(27.0, 141145.5)	(28.0, 181464.5)	(29.0, 216099.0)	(30.0, 243057.0)	(31.0, 276419.5)	(32.0, 315994.0)	(33.0, 352583.0)	(34.0, 388758.0)	(35.0, 433512.5)	(36.0, 484882.0)	(37.0, 530848.0)	(38.0, 562709.0)	(39.0, 606048.5)	(40.0, 656346.5)	(41.0, 768829.0)	(42.0, 827907.0)	(43.0, 771140.5)	(44.0, 785800.0)	(45.0, 782927.5)	(46.0, 753395.0)	(47.0, 799024.5)	(48.0, 813987.0)	(49.0, 800772.0)	(50.0, 821270.5)	(51.0, 855136.5)	(52.0, 883754.5)	(53.0, 926330.0)	(54.0, 1059331.0)	(55.0, 1230413.5)	(56.0, 1383586.5)	(57.0, 1422876.5)	(58.0, 1429393.5)	(59.0, 1269034.5)	(60.0, 988383.5)	(61.0, 985815.5)	(62.0, 1011949.0)	(63.0, 909830.0)	(64.0, 940866.0)	(65.0, 1044408.0)	(66.0, 1089053.5)	(67.0, 1055415.5)	(68.0, 817430.0)	(69.0, 644094.0)	(70.0, 500937.5)	(71.0, 282086.0)	(72.0, 170181.0)	(73.0, 113873.5)	(74.0, 83445.0)	(75.0, 63808.0)	(76.0, 49020.0)	(77.0, 40196.5)	(78.0, 33661.0)	(79.0, 26803.5)	(80.0, 20802.0)	(81.0, 16321.5)	(82.0, 13493.0)	(83.0, 11116.0)	(84.0, 8771.5)	(85.0, 6765.0)	(86.0, 4916.5)	(87.0, 3512.5)	(88.0, 2550.0)	(89.0, 1903.5)	(90.0, 1430.5)	(91.0, 1075.0)	(92.0, 824.5)	(93.0, 616.5)	(94.0, 450.0)	(95.0, 311.5)	(96.0, 211.0)	(97.0, 147.0)	(98.0, 98.0)	(99.0, 62.0)	(100.0, 28.5)
SRR26064267_1	(0.0, 15.0)	(1.0, 13.5)	(2.0, 10.0)	(3.0, 5.0)	(4.0, 4.0)	(5.0, 8.0)	(6.0, 10.0)	(7.0, 10.0)	(8.0, 20.5)	(9.0, 41.0)	(10.0, 60.0)	(11.0, 81.0)	(12.0, 120.0)	(13.0, 207.5)	(14.0, 311.0)	(15.0, 465.0)	(16.0, 803.5)	(17.0, 1416.5)	(18.0, 2328.5)	(19.0, 3449.0)	(20.0, 5342.5)	(21.0, 8333.5)	(22.0, 13394.5)	(23.0, 22405.0)	(24.0, 34707.0)	(25.0, 50513.5)	(26.0, 72833.0)	(27.0, 97606.0)	(28.0, 120383.0)	(29.0, 136129.5)	(30.0, 145437.5)	(31.0, 162285.0)	(32.0, 185529.0)	(33.0, 208049.5)	(34.0, 232407.0)	(35.0, 263143.5)	(36.0, 301068.5)	(37.0, 338047.0)	(38.0, 366001.0)	(39.0, 402653.0)	(40.0, 448404.0)	(41.0, 556219.0)	(42.0, 601163.0)	(43.0, 542064.0)	(44.0, 551058.0)	(45.0, 544427.0)	(46.0, 519895.0)	(47.0, 559433.5)	(48.0, 564660.5)	(49.0, 573998.0)	(50.0, 620859.0)	(51.0, 648293.5)	(52.0, 690912.0)	(53.0, 753547.0)	(54.0, 957320.0)	(55.0, 1208149.0)	(56.0, 1367500.5)	(57.0, 1426435.5)	(58.0, 1484132.0)	(59.0, 1335686.0)	(60.0, 1044749.0)	(61.0, 1169834.0)	(62.0, 1364179.5)	(63.0, 1252432.0)	(64.0, 1334689.0)	(65.0, 1598415.5)	(66.0, 1745148.0)	(67.0, 1718289.0)	(68.0, 1291453.0)	(69.0, 982598.5)	(70.0, 717713.5)	(71.0, 322891.0)	(72.0, 150786.0)	(73.0, 77337.0)	(74.0, 52204.5)	(75.0, 39302.0)	(76.0, 29948.5)	(77.0, 25141.5)	(78.0, 21348.5)	(79.0, 16472.5)	(80.0, 12084.0)	(81.0, 9564.5)	(82.0, 8519.0)	(83.0, 7407.0)	(84.0, 5727.0)	(85.0, 3927.0)	(86.0, 2307.5)	(87.0, 1347.5)	(88.0, 920.0)	(89.0, 647.0)	(90.0, 475.5)	(91.0, 377.0)	(92.0, 277.0)	(93.0, 196.5)	(94.0, 129.5)	(95.0, 76.5)	(96.0, 49.0)	(97.0, 31.0)	(98.0, 19.0)	(99.0, 9.5)	(100.0, 3.0)
SRR26064267_2	(0.0, 2.0)	(1.0, 4.5)	(2.0, 6.0)	(3.0, 6.0)	(4.0, 8.0)	(5.0, 11.5)	(6.0, 16.5)	(7.0, 23.5)	(8.0, 54.5)	(9.0, 85.0)	(10.0, 89.0)	(11.0, 115.0)	(12.0, 182.5)	(13.0, 269.5)	(14.0, 381.5)	(15.0, 586.0)	(16.0, 958.0)	(17.0, 1577.0)	(18.0, 2431.0)	(19.0, 3636.0)	(20.0, 5599.0)	(21.0, 8549.5)	(22.0, 13901.0)	(23.0, 22984.0)	(24.0, 35236.0)	(25.0, 51539.5)	(26.0, 74146.5)	(27.0, 98640.5)	(28.0, 122133.0)	(29.0, 139614.5)	(30.0, 149936.5)	(31.0, 165738.0)	(32.0, 188955.0)	(33.0, 212836.5)	(34.0, 237303.5)	(35.0, 268207.5)	(36.0, 307950.5)	(37.0, 344289.0)	(38.0, 366689.5)	(39.0, 402930.0)	(40.0, 445403.0)	(41.0, 549482.0)	(42.0, 604361.0)	(43.0, 548573.5)	(44.0, 565656.0)	(45.0, 562499.5)	(46.0, 529982.5)	(47.0, 574963.5)	(48.0, 577013.5)	(49.0, 571379.5)	(50.0, 615245.5)	(51.0, 656311.5)	(52.0, 710204.5)	(53.0, 774213.0)	(54.0, 967528.5)	(55.0, 1189106.0)	(56.0, 1346703.0)	(57.0, 1437006.5)	(58.0, 1497242.5)	(59.0, 1336287.0)	(60.0, 1053002.5)	(61.0, 1163382.0)	(62.0, 1311453.5)	(63.0, 1226028.0)	(64.0, 1317759.0)	(65.0, 1512641.0)	(66.0, 1607625.5)	(67.0, 1572564.5)	(68.0, 1208650.5)	(69.0, 951476.0)	(70.0, 734514.0)	(71.0, 385252.5)	(72.0, 215685.0)	(73.0, 136354.5)	(74.0, 97110.0)	(75.0, 73689.0)	(76.0, 56871.5)	(77.0, 46541.0)	(78.0, 38705.5)	(79.0, 30581.0)	(80.0, 23636.0)	(81.0, 18787.5)	(82.0, 15686.0)	(83.0, 13195.0)	(84.0, 10617.5)	(85.0, 8203.5)	(86.0, 6028.5)	(87.0, 4321.0)	(88.0, 3201.5)	(89.0, 2380.5)	(90.0, 1735.5)	(91.0, 1324.5)	(92.0, 999.0)	(93.0, 706.0)	(94.0, 498.5)	(95.0, 340.0)	(96.0, 222.0)	(97.0, 131.0)	(98.0, 69.5)	(99.0, 41.0)	(100.0, 22.5)
SRR26064268_1	(0.0, 12.0)	(1.0, 12.0)	(2.0, 11.0)	(3.0, 7.5)	(4.0, 4.0)	(5.0, 6.5)	(6.0, 9.5)	(7.0, 13.5)	(8.0, 24.5)	(9.0, 42.0)	(10.0, 58.5)	(11.0, 84.0)	(12.0, 127.5)	(13.0, 198.5)	(14.0, 329.5)	(15.0, 535.0)	(16.0, 953.0)	(17.0, 1668.0)	(18.0, 2630.5)	(19.0, 3904.0)	(20.0, 6152.0)	(21.0, 9830.5)	(22.0, 15824.0)	(23.0, 25754.0)	(24.0, 39582.0)	(25.0, 57552.0)	(26.0, 81909.5)	(27.0, 110200.0)	(28.0, 139557.5)	(29.0, 165469.0)	(30.0, 185750.0)	(31.0, 211994.0)	(32.0, 243736.5)	(33.0, 274835.5)	(34.0, 306405.0)	(35.0, 342701.0)	(36.0, 384810.5)	(37.0, 425957.5)	(38.0, 454407.5)	(39.0, 489053.0)	(40.0, 536816.0)	(41.0, 649368.5)	(42.0, 698522.5)	(43.0, 642042.5)	(44.0, 655640.5)	(45.0, 653045.5)	(46.0, 627215.5)	(47.0, 660449.5)	(48.0, 674258.0)	(49.0, 677659.5)	(50.0, 704581.0)	(51.0, 737805.5)	(52.0, 771686.5)	(53.0, 838441.5)	(54.0, 999320.5)	(55.0, 1194966.0)	(56.0, 1365628.5)	(57.0, 1402606.5)	(58.0, 1396915.0)	(59.0, 1204866.5)	(60.0, 904978.5)	(61.0, 916120.0)	(62.0, 963480.5)	(63.0, 844010.0)	(64.0, 852807.5)	(65.0, 969023.5)	(66.0, 1025425.0)	(67.0, 994932.0)	(68.0, 751767.0)	(69.0, 580918.5)	(70.0, 429846.5)	(71.0, 204418.5)	(72.0, 106111.5)	(73.0, 61582.0)	(74.0, 43958.5)	(75.0, 33296.0)	(76.0, 25339.0)	(77.0, 20941.5)	(78.0, 17673.5)	(79.0, 13991.5)	(80.0, 10516.0)	(81.0, 8146.5)	(82.0, 6861.5)	(83.0, 5481.0)	(84.0, 4177.0)	(85.0, 2880.0)	(86.0, 1595.0)	(87.0, 987.5)	(88.0, 636.0)	(89.0, 429.5)	(90.0, 309.0)	(91.0, 217.5)	(92.0, 160.5)	(93.0, 108.5)	(94.0, 71.0)	(95.0, 47.5)	(96.0, 23.0)	(97.0, 16.5)	(98.0, 11.5)	(99.0, 5.0)	(100.0, 1.5)
SRR26064268_2	(0.0, 0.0)	(1.0, 1.5)	(2.0, 5.5)	(3.0, 6.0)	(4.0, 4.5)	(5.0, 8.0)	(6.0, 16.0)	(7.0, 27.5)	(8.0, 42.5)	(9.0, 65.5)	(10.0, 98.5)	(11.0, 123.0)	(12.0, 164.5)	(13.0, 256.5)	(14.0, 398.5)	(15.0, 639.5)	(16.0, 1081.5)	(17.0, 1775.0)	(18.0, 2698.5)	(19.0, 4072.5)	(20.0, 6298.0)	(21.0, 9706.0)	(22.0, 15931.5)	(23.0, 26158.0)	(24.0, 39811.5)	(25.0, 58070.0)	(26.0, 82817.0)	(27.0, 110827.0)	(28.0, 140139.5)	(29.0, 167142.0)	(30.0, 188630.0)	(31.0, 214554.5)	(32.0, 246430.0)	(33.0, 278224.5)	(34.0, 309819.0)	(35.0, 347272.5)	(36.0, 392124.5)	(37.0, 431717.5)	(38.0, 457214.5)	(39.0, 494648.0)	(40.0, 540264.0)	(41.0, 646314.0)	(42.0, 703995.0)	(43.0, 652338.0)	(44.0, 667576.0)	(45.0, 666019.5)	(46.0, 635511.5)	(47.0, 674474.5)	(48.0, 685608.5)	(49.0, 675388.5)	(50.0, 704885.5)	(51.0, 754025.0)	(52.0, 797341.0)	(53.0, 851662.5)	(54.0, 994787.0)	(55.0, 1169971.5)	(56.0, 1332292.5)	(57.0, 1378432.0)	(58.0, 1373795.5)	(59.0, 1193915.5)	(60.0, 907062.5)	(61.0, 908706.5)	(62.0, 937050.0)	(63.0, 835773.5)	(64.0, 850732.5)	(65.0, 926689.0)	(66.0, 952079.5)	(67.0, 917671.0)	(68.0, 708888.0)	(69.0, 566471.0)	(70.0, 443189.5)	(71.0, 243610.0)	(72.0, 143599.5)	(73.0, 94781.5)	(74.0, 68829.0)	(75.0, 52073.0)	(76.0, 39817.0)	(77.0, 32234.5)	(78.0, 26783.5)	(79.0, 21311.0)	(80.0, 16566.0)	(81.0, 12977.5)	(82.0, 10468.5)	(83.0, 8297.5)	(84.0, 6507.5)	(85.0, 4990.5)	(86.0, 3549.0)	(87.0, 2554.0)	(88.0, 1812.0)	(89.0, 1308.5)	(90.0, 988.5)	(91.0, 700.0)	(92.0, 508.5)	(93.0, 382.5)	(94.0, 251.5)	(95.0, 160.0)	(96.0, 114.0)	(97.0, 73.0)	(98.0, 33.0)	(99.0, 19.5)	(100.0, 10.5)
SRR26064269_1	(0.0, 210.0)	(1.0, 272.0)	(2.0, 190.0)	(3.0, 31.5)	(4.0, 13.5)	(5.0, 8.0)	(6.0, 7.0)	(7.0, 10.5)	(8.0, 19.5)	(9.0, 33.5)	(10.0, 54.0)	(11.0, 90.5)	(12.0, 139.5)	(13.0, 183.5)	(14.0, 295.0)	(15.0, 475.0)	(16.0, 751.0)	(17.0, 1249.5)	(18.0, 2033.0)	(19.0, 2944.0)	(20.0, 4453.5)	(21.0, 6777.0)	(22.0, 11219.0)	(23.0, 19295.0)	(24.0, 30661.5)	(25.0, 47253.5)	(26.0, 72487.0)	(27.0, 98302.0)	(28.0, 113016.0)	(29.0, 112143.5)	(30.0, 105323.0)	(31.0, 109385.5)	(32.0, 122436.5)	(33.0, 133533.0)	(34.0, 147431.0)	(35.0, 172952.5)	(36.0, 218068.5)	(37.0, 256005.5)	(38.0, 266438.5)	(39.0, 308157.0)	(40.0, 378723.5)	(41.0, 671616.5)	(42.0, 822616.0)	(43.0, 631471.0)	(44.0, 627506.5)	(45.0, 591328.0)	(46.0, 491057.5)	(47.0, 570781.0)	(48.0, 639416.0)	(49.0, 626099.5)	(50.0, 635243.0)	(51.0, 729847.5)	(52.0, 797163.5)	(53.0, 986119.0)	(54.0, 1316352.5)	(55.0, 1740850.0)	(56.0, 2254026.0)	(57.0, 2355167.0)	(58.0, 2264793.0)	(59.0, 1805600.5)	(60.0, 1188170.0)	(61.0, 1098678.5)	(62.0, 1025040.0)	(63.0, 817425.0)	(64.0, 824466.0)	(65.0, 969724.5)	(66.0, 1054918.5)	(67.0, 1055492.0)	(68.0, 808066.0)	(69.0, 607361.0)	(70.0, 440653.5)	(71.0, 201525.5)	(72.0, 94550.0)	(73.0, 47168.5)	(74.0, 30659.5)	(75.0, 22871.5)	(76.0, 17501.5)	(77.0, 14513.0)	(78.0, 12054.0)	(79.0, 9187.0)	(80.0, 6461.0)	(81.0, 4735.0)	(82.0, 4082.0)	(83.0, 3437.5)	(84.0, 2410.5)	(85.0, 1562.0)	(86.0, 922.5)	(87.0, 546.5)	(88.0, 334.0)	(89.0, 224.0)	(90.0, 175.5)	(91.0, 121.5)	(92.0, 95.5)	(93.0, 75.5)	(94.0, 50.0)	(95.0, 32.0)	(96.0, 21.5)	(97.0, 12.5)	(98.0, 7.0)	(99.0, 4.5)	(100.0, 3.5)
SRR26064269_2	(0.0, 32.0)	(1.0, 67.0)	(2.0, 71.5)	(3.0, 35.5)	(4.0, 26.5)	(5.0, 24.5)	(6.0, 23.0)	(7.0, 24.5)	(8.0, 45.0)	(9.0, 71.5)	(10.0, 119.0)	(11.0, 170.0)	(12.0, 214.5)	(13.0, 284.0)	(14.0, 420.0)	(15.0, 636.0)	(16.0, 903.0)	(17.0, 1437.5)	(18.0, 2224.5)	(19.0, 3183.5)	(20.0, 4926.0)	(21.0, 7543.5)	(22.0, 12566.0)	(23.0, 21225.5)	(24.0, 33391.5)	(25.0, 50562.0)	(26.0, 74552.0)	(27.0, 98720.5)	(28.0, 112681.5)	(29.0, 113600.5)	(30.0, 108950.0)	(31.0, 112204.0)	(32.0, 123920.0)	(33.0, 135091.0)	(34.0, 148502.5)	(35.0, 173348.0)	(36.0, 220366.0)	(37.0, 259055.0)	(38.0, 267902.0)	(39.0, 314377.5)	(40.0, 383666.5)	(41.0, 646347.0)	(42.0, 800599.0)	(43.0, 637547.5)	(44.0, 649226.0)	(45.0, 622534.0)	(46.0, 510839.5)	(47.0, 593732.0)	(48.0, 650062.5)	(49.0, 618606.5)	(50.0, 638309.0)	(51.0, 752279.5)	(52.0, 838761.5)	(53.0, 992540.5)	(54.0, 1293017.0)	(55.0, 1671170.0)	(56.0, 2143163.0)	(57.0, 2282814.0)	(58.0, 2220507.0)	(59.0, 1798870.0)	(60.0, 1209107.5)	(61.0, 1108099.5)	(62.0, 1017092.0)	(63.0, 833554.0)	(64.0, 839611.5)	(65.0, 933476.5)	(66.0, 992904.0)	(67.0, 980544.0)	(68.0, 767606.5)	(69.0, 598920.0)	(70.0, 458205.5)	(71.0, 251811.5)	(72.0, 144614.5)	(73.0, 91002.5)	(74.0, 63656.5)	(75.0, 47996.0)	(76.0, 37175.5)	(77.0, 29995.5)	(78.0, 24475.0)	(79.0, 19381.0)	(80.0, 15016.0)	(81.0, 11754.0)	(82.0, 9563.0)	(83.0, 7825.5)	(84.0, 6187.5)	(85.0, 4768.0)	(86.0, 3512.5)	(87.0, 2559.5)	(88.0, 1956.0)	(89.0, 1462.5)	(90.0, 1035.0)	(91.0, 770.0)	(92.0, 561.0)	(93.0, 394.0)	(94.0, 273.5)	(95.0, 176.5)	(96.0, 104.5)	(97.0, 59.0)	(98.0, 42.5)	(99.0, 28.0)	(100.0, 10.0)
SRR26064270_1	(0.0, 291.0)	(1.0, 366.5)	(2.0, 252.5)	(3.0, 46.0)	(4.0, 20.0)	(5.0, 10.0)	(6.0, 8.0)	(7.0, 10.5)	(8.0, 22.5)	(9.0, 32.0)	(10.0, 37.5)	(11.0, 59.0)	(12.0, 106.5)	(13.0, 185.5)	(14.0, 301.0)	(15.0, 481.5)	(16.0, 828.5)	(17.0, 1441.5)	(18.0, 2321.5)	(19.0, 3419.0)	(20.0, 5325.0)	(21.0, 8368.0)	(22.0, 13665.5)	(23.0, 22535.0)	(24.0, 35287.5)	(25.0, 52882.0)	(26.0, 75399.5)	(27.0, 101321.0)	(28.0, 131597.5)	(29.0, 161932.0)	(30.0, 188654.5)	(31.0, 219923.5)	(32.0, 256148.0)	(33.0, 291169.0)	(34.0, 326488.0)	(35.0, 371903.0)	(36.0, 424761.5)	(37.0, 474778.0)	(38.0, 512138.5)	(39.0, 554270.5)	(40.0, 611230.0)	(41.0, 736258.5)	(42.0, 798882.0)	(43.0, 758473.0)	(44.0, 779995.5)	(45.0, 790184.0)	(46.0, 787453.0)	(47.0, 836122.0)	(48.0, 861432.0)	(49.0, 877618.0)	(50.0, 919197.5)	(51.0, 959766.5)	(52.0, 997102.0)	(53.0, 1065437.5)	(54.0, 1202721.5)	(55.0, 1375249.5)	(56.0, 1536181.5)	(57.0, 1568281.5)	(58.0, 1571098.0)	(59.0, 1427242.5)	(60.0, 1175396.5)	(61.0, 1169403.0)	(62.0, 1173456.0)	(63.0, 1019090.5)	(64.0, 995564.5)	(65.0, 1080151.0)	(66.0, 1116478.5)	(67.0, 1084348.0)	(68.0, 845243.0)	(69.0, 650318.5)	(70.0, 480047.0)	(71.0, 250210.5)	(72.0, 139755.5)	(73.0, 87605.5)	(74.0, 64605.5)	(75.0, 49506.5)	(76.0, 37857.5)	(77.0, 31279.5)	(78.0, 26405.0)	(79.0, 20748.0)	(80.0, 15070.0)	(81.0, 11445.0)	(82.0, 9727.0)	(83.0, 8051.0)	(84.0, 6320.5)	(85.0, 4381.0)	(86.0, 2370.5)	(87.0, 1294.5)	(88.0, 865.0)	(89.0, 634.5)	(90.0, 467.5)	(91.0, 330.5)	(92.0, 232.0)	(93.0, 176.5)	(94.0, 120.0)	(95.0, 76.0)	(96.0, 51.0)	(97.0, 28.5)	(98.0, 16.5)	(99.0, 8.0)	(100.0, 2.5)
SRR26064270_2	(0.0, 42.0)	(1.0, 86.5)	(2.0, 100.0)	(3.0, 55.0)	(4.0, 28.5)	(5.0, 15.0)	(6.0, 16.5)	(7.0, 28.0)	(8.0, 39.0)	(9.0, 52.0)	(10.0, 71.0)	(11.0, 97.5)	(12.0, 147.5)	(13.0, 217.0)	(14.0, 341.5)	(15.0, 543.5)	(16.0, 896.0)	(17.0, 1550.5)	(18.0, 2404.0)	(19.0, 3478.0)	(20.0, 5345.0)	(21.0, 8313.0)	(22.0, 13535.0)	(23.0, 22214.0)	(24.0, 34819.0)	(25.0, 52219.5)	(26.0, 74799.5)	(27.0, 100768.0)	(28.0, 131156.0)	(29.0, 162376.0)	(30.0, 190093.0)	(31.0, 222288.0)	(32.0, 259017.0)	(33.0, 293711.5)	(34.0, 329457.5)	(35.0, 375508.0)	(36.0, 428955.0)	(37.0, 477930.5)	(38.0, 514212.5)	(39.0, 560619.5)	(40.0, 614847.0)	(41.0, 732387.0)	(42.0, 803784.0)	(43.0, 766747.5)	(44.0, 790369.5)	(45.0, 804088.5)	(46.0, 796231.5)	(47.0, 848096.5)	(48.0, 873809.5)	(49.0, 877527.5)	(50.0, 918357.0)	(51.0, 977727.0)	(52.0, 1025097.5)	(53.0, 1077281.0)	(54.0, 1203013.0)	(55.0, 1362452.0)	(56.0, 1516667.0)	(57.0, 1557425.0)	(58.0, 1559675.0)	(59.0, 1423311.0)	(60.0, 1172807.5)	(61.0, 1156131.0)	(62.0, 1154714.0)	(63.0, 1015983.0)	(64.0, 988579.5)	(65.0, 1042278.0)	(66.0, 1053852.0)	(67.0, 1011803.5)	(68.0, 796306.0)	(69.0, 626169.5)	(70.0, 479449.0)	(71.0, 272537.0)	(72.0, 167825.0)	(73.0, 115221.5)	(74.0, 86108.5)	(75.0, 66792.0)	(76.0, 52243.5)	(77.0, 42831.0)	(78.0, 35800.0)	(79.0, 28443.0)	(80.0, 21673.5)	(81.0, 16849.5)	(82.0, 13800.5)	(83.0, 11202.5)	(84.0, 8759.0)	(85.0, 6705.0)	(86.0, 4681.5)	(87.0, 3152.0)	(88.0, 2294.5)	(89.0, 1691.5)	(90.0, 1245.0)	(91.0, 942.0)	(92.0, 723.5)	(93.0, 542.0)	(94.0, 387.0)	(95.0, 286.0)	(96.0, 192.5)	(97.0, 122.0)	(98.0, 80.0)	(99.0, 49.0)	(100.0, 26.0)
SRR26064271_1	(0.0, 450.0)	(1.0, 479.5)	(2.0, 290.0)	(3.0, 50.5)	(4.0, 24.0)	(5.0, 17.0)	(6.0, 10.0)	(7.0, 10.0)	(8.0, 23.0)	(9.0, 32.5)	(10.0, 50.0)	(11.0, 77.0)	(12.0, 96.5)	(13.0, 170.5)	(14.0, 328.5)	(15.0, 513.5)	(16.0, 816.5)	(17.0, 1473.0)	(18.0, 2355.0)	(19.0, 3388.0)	(20.0, 5357.5)	(21.0, 8501.5)	(22.0, 14318.5)	(23.0, 24454.5)	(24.0, 38669.5)	(25.0, 57378.0)	(26.0, 80549.5)	(27.0, 103600.5)	(28.0, 127039.0)	(29.0, 149667.0)	(30.0, 167034.0)	(31.0, 190215.5)	(32.0, 220688.5)	(33.0, 248342.5)	(34.0, 276272.5)	(35.0, 317664.0)	(36.0, 365225.0)	(37.0, 408475.5)	(38.0, 440590.0)	(39.0, 481719.0)	(40.0, 543785.5)	(41.0, 700035.5)	(42.0, 773691.5)	(43.0, 712380.0)	(44.0, 731826.5)	(45.0, 739976.5)	(46.0, 734842.5)	(47.0, 785459.5)	(48.0, 822453.0)	(49.0, 828700.5)	(50.0, 887219.0)	(51.0, 990112.5)	(52.0, 1062912.5)	(53.0, 1246438.0)	(54.0, 1464894.0)	(55.0, 1615867.0)	(56.0, 1770009.5)	(57.0, 1765924.0)	(58.0, 1742823.0)	(59.0, 1548076.0)	(60.0, 1255414.0)	(61.0, 1347124.5)	(62.0, 1469078.5)	(63.0, 1333992.0)	(64.0, 1396195.0)	(65.0, 1625623.0)	(66.0, 1760652.0)	(67.0, 1762725.5)	(68.0, 1358407.5)	(69.0, 1048677.5)	(70.0, 778173.0)	(71.0, 364812.0)	(72.0, 179843.0)	(73.0, 98126.0)	(74.0, 67222.0)	(75.0, 50414.0)	(76.0, 38279.5)	(77.0, 31786.5)	(78.0, 27018.0)	(79.0, 21248.5)	(80.0, 15410.0)	(81.0, 11512.5)	(82.0, 9991.5)	(83.0, 8666.5)	(84.0, 6562.0)	(85.0, 4260.5)	(86.0, 2284.0)	(87.0, 1275.0)	(88.0, 829.5)	(89.0, 591.0)	(90.0, 443.0)	(91.0, 317.5)	(92.0, 231.0)	(93.0, 172.5)	(94.0, 120.0)	(95.0, 74.5)	(96.0, 42.5)	(97.0, 25.0)	(98.0, 16.0)	(99.0, 13.0)	(100.0, 7.5)
SRR26064271_2	(0.0, 86.0)	(1.0, 198.0)	(2.0, 206.0)	(3.0, 71.5)	(4.0, 32.5)	(5.0, 23.0)	(6.0, 23.0)	(7.0, 26.0)	(8.0, 35.5)	(9.0, 58.0)	(10.0, 82.5)	(11.0, 96.5)	(12.0, 133.5)	(13.0, 230.0)	(14.0, 389.0)	(15.0, 565.5)	(16.0, 896.5)	(17.0, 1606.5)	(18.0, 2445.0)	(19.0, 3468.5)	(20.0, 5432.5)	(21.0, 8443.5)	(22.0, 14182.5)	(23.0, 24055.5)	(24.0, 37945.0)	(25.0, 56199.0)	(26.0, 78862.0)	(27.0, 101789.0)	(28.0, 124872.0)	(29.0, 147603.0)	(30.0, 165899.5)	(31.0, 189092.0)	(32.0, 219694.5)	(33.0, 247802.0)	(34.0, 275191.0)	(35.0, 316146.5)	(36.0, 364429.0)	(37.0, 405495.5)	(38.0, 436121.0)	(39.0, 481286.0)	(40.0, 540427.0)	(41.0, 688172.0)	(42.0, 767035.0)	(43.0, 710155.5)	(44.0, 735911.0)	(45.0, 750702.0)	(46.0, 741000.5)	(47.0, 793628.0)	(48.0, 826522.5)	(49.0, 825083.5)	(50.0, 883792.0)	(51.0, 988652.5)	(52.0, 1065143.0)	(53.0, 1230427.5)	(54.0, 1446368.5)	(55.0, 1593582.5)	(56.0, 1744344.5)	(57.0, 1771179.0)	(58.0, 1754390.5)	(59.0, 1560286.5)	(60.0, 1269899.0)	(61.0, 1335474.5)	(62.0, 1432195.0)	(63.0, 1332887.0)	(64.0, 1396580.0)	(65.0, 1559872.5)	(66.0, 1658201.0)	(67.0, 1648486.5)	(68.0, 1292819.0)	(69.0, 1030045.0)	(70.0, 802445.5)	(71.0, 437089.5)	(72.0, 251536.5)	(73.0, 161173.5)	(74.0, 115416.0)	(75.0, 87684.0)	(76.0, 68221.0)	(77.0, 55684.0)	(78.0, 46221.5)	(79.0, 37358.5)	(80.0, 29285.5)	(81.0, 22928.0)	(82.0, 18788.5)	(83.0, 15638.5)	(84.0, 12292.0)	(85.0, 9344.0)	(86.0, 6977.0)	(87.0, 5115.5)	(88.0, 3805.5)	(89.0, 2767.0)	(90.0, 2010.5)	(91.0, 1497.0)	(92.0, 1096.5)	(93.0, 800.5)	(94.0, 580.5)	(95.0, 421.5)	(96.0, 293.0)	(97.0, 184.5)	(98.0, 92.0)	(99.0, 55.0)	(100.0, 33.5)
SRR26064272_1	(0.0, 27.0)	(1.0, 22.5)	(2.0, 15.0)	(3.0, 15.0)	(4.0, 16.5)	(5.0, 19.0)	(6.0, 26.0)	(7.0, 33.0)	(8.0, 40.0)	(9.0, 62.5)	(10.0, 86.5)	(11.0, 109.5)	(12.0, 170.0)	(13.0, 225.5)	(14.0, 285.0)	(15.0, 406.5)	(16.0, 605.0)	(17.0, 981.5)	(18.0, 1512.5)	(19.0, 2035.0)	(20.0, 2884.0)	(21.0, 4222.5)	(22.0, 6618.5)	(23.0, 10889.0)	(24.0, 17219.0)	(25.0, 27020.5)	(26.0, 45103.5)	(27.0, 74484.0)	(28.0, 126057.0)	(29.0, 207539.0)	(30.0, 306813.5)	(31.0, 429113.5)	(32.0, 558550.0)	(33.0, 661415.0)	(34.0, 739892.5)	(35.0, 810468.5)	(36.0, 857289.0)	(37.0, 857590.0)	(38.0, 822675.0)	(39.0, 792486.5)	(40.0, 774159.0)	(41.0, 856850.5)	(42.0, 866879.5)	(43.0, 734847.5)	(44.0, 693349.0)	(45.0, 668686.5)	(46.0, 648012.5)	(47.0, 679284.0)	(48.0, 662943.0)	(49.0, 658404.5)	(50.0, 707060.5)	(51.0, 749187.0)	(52.0, 758455.0)	(53.0, 766180.5)	(54.0, 964186.5)	(55.0, 1222239.0)	(56.0, 1371482.5)	(57.0, 1391870.0)	(58.0, 1398594.5)	(59.0, 1212081.0)	(60.0, 873498.5)	(61.0, 878429.5)	(62.0, 922557.5)	(63.0, 794748.0)	(64.0, 833998.5)	(65.0, 951422.0)	(66.0, 997303.0)	(67.0, 969063.5)	(68.0, 732988.0)	(69.0, 555088.5)	(70.0, 410816.5)	(71.0, 205009.0)	(72.0, 106261.0)	(73.0, 59355.5)	(74.0, 40331.5)	(75.0, 29687.0)	(76.0, 23137.5)	(77.0, 19025.0)	(78.0, 15992.0)	(79.0, 13134.0)	(80.0, 9866.5)	(81.0, 7242.5)	(82.0, 6060.5)	(83.0, 5114.0)	(84.0, 3855.5)	(85.0, 2516.0)	(86.0, 1541.5)	(87.0, 1003.5)	(88.0, 689.0)	(89.0, 484.5)	(90.0, 355.0)	(91.0, 273.0)	(92.0, 203.5)	(93.0, 143.5)	(94.0, 101.5)	(95.0, 65.0)	(96.0, 38.0)	(97.0, 27.0)	(98.0, 18.0)	(99.0, 11.5)	(100.0, 6.0)
SRR26064272_2	(0.0, 0.0)	(1.0, 2.0)	(2.0, 5.0)	(3.0, 5.0)	(4.0, 6.5)	(5.0, 10.0)	(6.0, 13.5)	(7.0, 26.5)	(8.0, 58.0)	(9.0, 95.0)	(10.0, 119.5)	(11.0, 164.0)	(12.0, 209.0)	(13.0, 239.0)	(14.0, 306.0)	(15.0, 426.5)	(16.0, 606.0)	(17.0, 932.0)	(18.0, 1361.5)	(19.0, 1902.5)	(20.0, 2859.0)	(21.0, 4132.0)	(22.0, 6356.5)	(23.0, 10457.5)	(24.0, 16406.5)	(25.0, 25396.5)	(26.0, 42129.5)	(27.0, 69322.5)	(28.0, 116510.5)	(29.0, 193574.0)	(30.0, 290095.5)	(31.0, 407413.0)	(32.0, 533583.0)	(33.0, 642244.0)	(34.0, 730141.5)	(35.0, 808550.5)	(36.0, 864853.5)	(37.0, 871892.5)	(38.0, 841592.0)	(39.0, 821884.5)	(40.0, 796963.0)	(41.0, 868264.5)	(42.0, 887753.5)	(43.0, 754768.0)	(44.0, 716001.0)	(45.0, 694213.0)	(46.0, 665627.0)	(47.0, 697581.0)	(48.0, 678415.5)	(49.0, 658184.0)	(50.0, 699782.0)	(51.0, 753378.5)	(52.0, 770318.0)	(53.0, 772394.0)	(54.0, 940608.5)	(55.0, 1160881.5)	(56.0, 1313705.5)	(57.0, 1357287.5)	(58.0, 1376218.5)	(59.0, 1213711.5)	(60.0, 890339.0)	(61.0, 872486.5)	(62.0, 902610.0)	(63.0, 797096.0)	(64.0, 824970.5)	(65.0, 904438.0)	(66.0, 928934.5)	(67.0, 898188.0)	(68.0, 701413.0)	(69.0, 551389.0)	(70.0, 430075.5)	(71.0, 250785.5)	(72.0, 151422.0)	(73.0, 99410.5)	(74.0, 70841.5)	(75.0, 53458.0)	(76.0, 42046.5)	(77.0, 34339.5)	(78.0, 28273.5)	(79.0, 22893.0)	(80.0, 18205.5)	(81.0, 14328.5)	(82.0, 11881.5)	(83.0, 9741.5)	(84.0, 7681.0)	(85.0, 5922.5)	(86.0, 4356.0)	(87.0, 3196.5)	(88.0, 2345.5)	(89.0, 1706.5)	(90.0, 1284.5)	(91.0, 972.0)	(92.0, 688.0)	(93.0, 507.0)	(94.0, 371.5)	(95.0, 264.0)	(96.0, 186.0)	(97.0, 113.5)	(98.0, 59.0)	(99.0, 36.0)	(100.0, 23.5)
SRR26064273_1	(0.0, 32.0)	(1.0, 28.0)	(2.0, 17.5)	(3.0, 16.5)	(4.0, 23.5)	(5.0, 23.0)	(6.0, 23.5)	(7.0, 31.0)	(8.0, 46.0)	(9.0, 70.0)	(10.0, 87.5)	(11.0, 104.0)	(12.0, 137.0)	(13.0, 185.0)	(14.0, 264.5)	(15.0, 405.0)	(16.0, 669.5)	(17.0, 1123.5)	(18.0, 1647.0)	(19.0, 2293.0)	(20.0, 3435.5)	(21.0, 5159.0)	(22.0, 8295.5)	(23.0, 13699.5)	(24.0, 20992.0)	(25.0, 30908.0)	(26.0, 47692.5)	(27.0, 72141.5)	(28.0, 110914.0)	(29.0, 164865.5)	(30.0, 224100.0)	(31.0, 297234.5)	(32.0, 382036.5)	(33.0, 461269.5)	(34.0, 528608.5)	(35.0, 593832.5)	(36.0, 649078.0)	(37.0, 681779.5)	(38.0, 693648.0)	(39.0, 699111.0)	(40.0, 709828.5)	(41.0, 755682.5)	(42.0, 766678.0)	(43.0, 721477.0)	(44.0, 718928.5)	(45.0, 726663.0)	(46.0, 729382.0)	(47.0, 748260.0)	(48.0, 747949.5)	(49.0, 746173.5)	(50.0, 764791.0)	(51.0, 782004.5)	(52.0, 780463.5)	(53.0, 803584.5)	(54.0, 878001.5)	(55.0, 955886.0)	(56.0, 1008057.5)	(57.0, 995554.0)	(58.0, 983702.0)	(59.0, 904315.0)	(60.0, 770682.5)	(61.0, 752415.5)	(62.0, 736274.5)	(63.0, 655543.0)	(64.0, 637280.0)	(65.0, 648819.0)	(66.0, 633392.0)	(67.0, 592219.5)	(68.0, 459679.5)	(69.0, 356552.5)	(70.0, 271184.5)	(71.0, 158483.5)	(72.0, 98116.5)	(73.0, 66337.0)	(74.0, 49086.0)	(75.0, 36918.0)	(76.0, 28191.5)	(77.0, 22822.0)	(78.0, 19309.0)	(79.0, 15662.5)	(80.0, 11695.0)	(81.0, 8477.5)	(82.0, 6896.5)	(83.0, 5581.5)	(84.0, 3884.5)	(85.0, 2386.0)	(86.0, 1490.5)	(87.0, 937.5)	(88.0, 615.5)	(89.0, 432.0)	(90.0, 311.0)	(91.0, 254.5)	(92.0, 214.0)	(93.0, 153.5)	(94.0, 99.0)	(95.0, 70.0)	(96.0, 44.0)	(97.0, 31.0)	(98.0, 22.5)	(99.0, 9.0)	(100.0, 4.5)
SRR26064273_2	(0.0, 3.0)	(1.0, 7.5)	(2.0, 11.5)	(3.0, 13.5)	(4.0, 11.5)	(5.0, 9.5)	(6.0, 14.0)	(7.0, 26.0)	(8.0, 55.0)	(9.0, 78.5)	(10.0, 83.5)	(11.0, 101.0)	(12.0, 133.5)	(13.0, 176.5)	(14.0, 258.5)	(15.0, 391.5)	(16.0, 644.0)	(17.0, 1011.5)	(18.0, 1469.5)	(19.0, 2117.5)	(20.0, 3090.5)	(21.0, 4625.5)	(22.0, 7428.5)	(23.0, 12329.5)	(24.0, 19174.0)	(25.0, 28825.5)	(26.0, 44996.0)	(27.0, 68350.5)	(28.0, 105571.5)	(29.0, 159533.5)	(30.0, 219505.5)	(31.0, 291849.5)	(32.0, 375187.0)	(33.0, 455321.0)	(34.0, 524504.0)	(35.0, 592581.5)	(36.0, 650755.5)	(37.0, 681638.0)	(38.0, 693614.0)	(39.0, 702429.5)	(40.0, 712572.5)	(41.0, 757862.0)	(42.0, 771595.5)	(43.0, 727022.0)	(44.0, 728035.5)	(45.0, 736196.0)	(46.0, 733947.5)	(47.0, 753379.5)	(48.0, 753165.0)	(49.0, 746917.5)	(50.0, 764846.0)	(51.0, 784996.5)	(52.0, 783441.0)	(53.0, 799685.5)	(54.0, 864240.0)	(55.0, 932070.0)	(56.0, 983855.0)	(57.0, 982698.5)	(58.0, 981683.0)	(59.0, 909002.5)	(60.0, 773524.5)	(61.0, 745728.0)	(62.0, 722548.0)	(63.0, 651908.0)	(64.0, 635443.0)	(65.0, 629333.0)	(66.0, 605144.0)	(67.0, 565616.5)	(68.0, 449316.5)	(69.0, 358146.0)	(70.0, 282912.0)	(71.0, 182681.5)	(72.0, 121477.5)	(73.0, 86947.5)	(74.0, 65751.0)	(75.0, 50524.0)	(76.0, 39423.5)	(77.0, 31966.5)	(78.0, 26825.5)	(79.0, 21957.5)	(80.0, 17021.0)	(81.0, 12878.5)	(82.0, 10372.5)	(83.0, 8479.0)	(84.0, 6463.0)	(85.0, 4765.5)	(86.0, 3564.0)	(87.0, 2567.5)	(88.0, 1888.0)	(89.0, 1421.5)	(90.0, 1074.5)	(91.0, 846.0)	(92.0, 660.0)	(93.0, 495.5)	(94.0, 373.5)	(95.0, 277.0)	(96.0, 197.5)	(97.0, 141.5)	(98.0, 92.0)	(99.0, 51.5)	(100.0, 26.0)
SRR26064274_1	(0.0, 36.0)	(1.0, 31.0)	(2.0, 21.0)	(3.0, 23.5)	(4.0, 32.0)	(5.0, 27.0)	(6.0, 27.5)	(7.0, 39.0)	(8.0, 57.0)	(9.0, 85.0)	(10.0, 95.5)	(11.0, 114.0)	(12.0, 166.5)	(13.0, 229.0)	(14.0, 307.5)	(15.0, 450.5)	(16.0, 709.0)	(17.0, 1167.5)	(18.0, 1813.0)	(19.0, 2568.0)	(20.0, 3839.0)	(21.0, 5780.0)	(22.0, 9110.5)	(23.0, 14748.5)	(24.0, 22662.5)	(25.0, 34196.0)	(26.0, 53594.0)	(27.0, 85118.0)	(28.0, 145348.5)	(29.0, 238545.0)	(30.0, 354207.0)	(31.0, 500166.0)	(32.0, 653410.5)	(33.0, 789131.0)	(34.0, 895077.5)	(35.0, 972223.0)	(36.0, 1016868.5)	(37.0, 1021055.0)	(38.0, 994181.0)	(39.0, 955734.0)	(40.0, 923831.5)	(41.0, 913266.0)	(42.0, 872645.5)	(43.0, 806576.0)	(44.0, 782966.5)	(45.0, 780823.0)	(46.0, 788566.5)	(47.0, 797239.0)	(48.0, 798248.5)	(49.0, 797575.0)	(50.0, 812726.0)	(51.0, 837523.5)	(52.0, 841547.5)	(53.0, 869241.5)	(54.0, 929637.0)	(55.0, 981606.0)	(56.0, 1011511.5)	(57.0, 991713.0)	(58.0, 981233.5)	(59.0, 931873.5)	(60.0, 843178.5)	(61.0, 830968.0)	(62.0, 807344.0)	(63.0, 728406.5)	(64.0, 700558.5)	(65.0, 694293.0)	(66.0, 662014.0)	(67.0, 607760.0)	(68.0, 476687.5)	(69.0, 366968.0)	(70.0, 274375.5)	(71.0, 163292.0)	(72.0, 103154.0)	(73.0, 71882.5)	(74.0, 53586.5)	(75.0, 39330.0)	(76.0, 28942.0)	(77.0, 23091.5)	(78.0, 19259.0)	(79.0, 15772.5)	(80.0, 11833.5)	(81.0, 8533.5)	(82.0, 6997.5)	(83.0, 5614.5)	(84.0, 4149.5)	(85.0, 2788.0)	(86.0, 1645.5)	(87.0, 1016.5)	(88.0, 672.5)	(89.0, 485.0)	(90.0, 359.0)	(91.0, 256.5)	(92.0, 212.5)	(93.0, 178.5)	(94.0, 120.5)	(95.0, 77.5)	(96.0, 47.5)	(97.0, 28.5)	(98.0, 22.5)	(99.0, 14.0)	(100.0, 5.0)
SRR26064274_2	(0.0, 1.0)	(1.0, 5.5)	(2.0, 7.5)	(3.0, 6.5)	(4.0, 9.5)	(5.0, 15.0)	(6.0, 16.5)	(7.0, 22.5)	(8.0, 47.0)	(9.0, 76.5)	(10.0, 103.5)	(11.0, 118.5)	(12.0, 146.0)	(13.0, 203.0)	(14.0, 295.5)	(15.0, 427.5)	(16.0, 680.0)	(17.0, 1088.5)	(18.0, 1656.5)	(19.0, 2406.5)	(20.0, 3585.5)	(21.0, 5351.0)	(22.0, 8401.0)	(23.0, 13426.0)	(24.0, 20645.0)	(25.0, 31372.0)	(26.0, 49504.5)	(27.0, 78334.5)	(28.0, 133567.5)	(29.0, 223357.5)	(30.0, 337516.5)	(31.0, 480542.0)	(32.0, 633524.0)	(33.0, 772593.5)	(34.0, 882892.5)	(35.0, 971832.0)	(36.0, 1030226.5)	(37.0, 1039953.5)	(38.0, 1018789.0)	(39.0, 986914.0)	(40.0, 948586.5)	(41.0, 929489.5)	(42.0, 888636.5)	(43.0, 817876.5)	(44.0, 789462.5)	(45.0, 786278.0)	(46.0, 793872.0)	(47.0, 803412.5)	(48.0, 802523.5)	(49.0, 797963.0)	(50.0, 813330.0)	(51.0, 839847.5)	(52.0, 843793.0)	(53.0, 866054.5)	(54.0, 920302.0)	(55.0, 966276.5)	(56.0, 995124.0)	(57.0, 981731.0)	(58.0, 975122.5)	(59.0, 929377.0)	(60.0, 836166.5)	(61.0, 817202.0)	(62.0, 791662.5)	(63.0, 718568.0)	(64.0, 690314.0)	(65.0, 673982.0)	(66.0, 635777.5)	(67.0, 581298.0)	(68.0, 463890.0)	(69.0, 365888.0)	(70.0, 283262.0)	(71.0, 182173.5)	(72.0, 123205.5)	(73.0, 89780.0)	(74.0, 67918.5)	(75.0, 51463.0)	(76.0, 39176.0)	(77.0, 31190.5)	(78.0, 25780.0)	(79.0, 21064.5)	(80.0, 16404.5)	(81.0, 12315.5)	(82.0, 9829.5)	(83.0, 8148.0)	(84.0, 6424.5)	(85.0, 4714.0)	(86.0, 3334.5)	(87.0, 2393.5)	(88.0, 1778.0)	(89.0, 1339.0)	(90.0, 1008.0)	(91.0, 744.0)	(92.0, 593.5)	(93.0, 496.5)	(94.0, 392.5)	(95.0, 288.0)	(96.0, 208.0)	(97.0, 147.0)	(98.0, 94.0)	(99.0, 67.5)	(100.0, 38.5)
SRR26064275_1	(0.0, 24.0)	(1.0, 19.5)	(2.0, 13.5)	(3.0, 14.5)	(4.0, 20.0)	(5.0, 23.0)	(6.0, 22.5)	(7.0, 27.5)	(8.0, 45.5)	(9.0, 63.0)	(10.0, 79.5)	(11.0, 105.5)	(12.0, 151.5)	(13.0, 207.5)	(14.0, 275.0)	(15.0, 398.5)	(16.0, 636.0)	(17.0, 1041.5)	(18.0, 1486.0)	(19.0, 1988.0)	(20.0, 2896.0)	(21.0, 4356.0)	(22.0, 6713.5)	(23.0, 10604.5)	(24.0, 16386.0)	(25.0, 24653.5)	(26.0, 36938.5)	(27.0, 54980.5)	(28.0, 84232.5)	(29.0, 124862.0)	(30.0, 174843.0)	(31.0, 235825.0)	(32.0, 298826.0)	(33.0, 360407.5)	(34.0, 414197.0)	(35.0, 461772.5)	(36.0, 504139.0)	(37.0, 534758.5)	(38.0, 549394.5)	(39.0, 560494.5)	(40.0, 585609.0)	(41.0, 664729.5)	(42.0, 701881.5)	(43.0, 672877.0)	(44.0, 684235.0)	(45.0, 699444.5)	(46.0, 717561.5)	(47.0, 756110.5)	(48.0, 783226.0)	(49.0, 808323.5)	(50.0, 851477.0)	(51.0, 902014.5)	(52.0, 919443.5)	(53.0, 939127.5)	(54.0, 1023138.5)	(55.0, 1138414.5)	(56.0, 1236071.5)	(57.0, 1240085.5)	(58.0, 1255498.5)	(59.0, 1188157.5)	(60.0, 1014586.0)	(61.0, 1006770.0)	(62.0, 997988.5)	(63.0, 865403.5)	(64.0, 853293.0)	(65.0, 896398.0)	(66.0, 886840.0)	(67.0, 838043.5)	(68.0, 647016.5)	(69.0, 502194.5)	(70.0, 374781.0)	(71.0, 203261.0)	(72.0, 116144.0)	(73.0, 71977.0)	(74.0, 51336.5)	(75.0, 37555.5)	(76.0, 28384.0)	(77.0, 22692.5)	(78.0, 18953.0)	(79.0, 15543.5)	(80.0, 11760.5)	(81.0, 8552.5)	(82.0, 6989.5)	(83.0, 5719.5)	(84.0, 4109.5)	(85.0, 2727.5)	(86.0, 1770.0)	(87.0, 1104.5)	(88.0, 749.5)	(89.0, 523.0)	(90.0, 349.0)	(91.0, 254.5)	(92.0, 197.5)	(93.0, 157.5)	(94.0, 105.0)	(95.0, 63.5)	(96.0, 46.5)	(97.0, 32.0)	(98.0, 19.0)	(99.0, 11.0)	(100.0, 6.0)
SRR26064275_2	(0.0, 2.0)	(1.0, 3.5)	(2.0, 6.0)	(3.0, 8.5)	(4.0, 12.0)	(5.0, 11.0)	(6.0, 13.5)	(7.0, 36.5)	(8.0, 68.5)	(9.0, 110.0)	(10.0, 135.5)	(11.0, 156.0)	(12.0, 195.0)	(13.0, 233.5)	(14.0, 294.0)	(15.0, 406.0)	(16.0, 622.5)	(17.0, 967.5)	(18.0, 1430.0)	(19.0, 1987.0)	(20.0, 2869.5)	(21.0, 4280.0)	(22.0, 6581.5)	(23.0, 10174.0)	(24.0, 15410.0)	(25.0, 23090.0)	(26.0, 34838.5)	(27.0, 52274.5)	(28.0, 80009.0)	(29.0, 119551.5)	(30.0, 169089.5)	(31.0, 229907.0)	(32.0, 293060.5)	(33.0, 354617.5)	(34.0, 410109.5)	(35.0, 460281.5)	(36.0, 507164.5)	(37.0, 539382.5)	(38.0, 553262.5)	(39.0, 566228.5)	(40.0, 589189.5)	(41.0, 664892.5)	(42.0, 704329.0)	(43.0, 678452.0)	(44.0, 693892.0)	(45.0, 711180.5)	(46.0, 725383.5)	(47.0, 763122.0)	(48.0, 788185.5)	(49.0, 806395.5)	(50.0, 848049.5)	(51.0, 903845.0)	(52.0, 925405.5)	(53.0, 940568.0)	(54.0, 1012884.0)	(55.0, 1109541.0)	(56.0, 1207481.0)	(57.0, 1227533.5)	(58.0, 1250062.0)	(59.0, 1187226.5)	(60.0, 1014377.5)	(61.0, 991752.5)	(62.0, 972964.5)	(63.0, 861898.5)	(64.0, 846261.5)	(65.0, 860252.5)	(66.0, 838531.5)	(67.0, 794725.0)	(68.0, 632139.0)	(69.0, 505663.5)	(70.0, 394952.0)	(71.0, 240259.0)	(72.0, 151810.5)	(73.0, 103619.5)	(74.0, 75331.0)	(75.0, 56138.5)	(76.0, 43501.5)	(77.0, 34923.5)	(78.0, 28724.0)	(79.0, 23437.0)	(80.0, 18460.0)	(81.0, 14268.0)	(82.0, 11494.0)	(83.0, 9343.5)	(84.0, 7354.0)	(85.0, 5549.5)	(86.0, 4059.0)	(87.0, 2964.0)	(88.0, 2226.0)	(89.0, 1691.5)	(90.0, 1268.5)	(91.0, 932.5)	(92.0, 689.0)	(93.0, 521.5)	(94.0, 395.0)	(95.0, 284.5)	(96.0, 183.0)	(97.0, 128.5)	(98.0, 90.0)	(99.0, 50.5)	(100.0, 28.0)
SRR26064276_1	(0.0, 79.0)	(1.0, 68.5)	(2.0, 60.0)	(3.0, 73.0)	(4.0, 107.0)	(5.0, 130.5)	(6.0, 143.5)	(7.0, 163.0)	(8.0, 214.0)	(9.0, 268.5)	(10.0, 305.0)	(11.0, 320.5)	(12.0, 344.5)	(13.0, 430.5)	(14.0, 557.5)	(15.0, 777.0)	(16.0, 1262.5)	(17.0, 2117.5)	(18.0, 3085.5)	(19.0, 4093.5)	(20.0, 5808.5)	(21.0, 8595.5)	(22.0, 12860.0)	(23.0, 19940.5)	(24.0, 30033.5)	(25.0, 43770.5)	(26.0, 63319.0)	(27.0, 88849.0)	(28.0, 123539.5)	(29.0, 167607.0)	(30.0, 214482.5)	(31.0, 267990.5)	(32.0, 325005.0)	(33.0, 375473.0)	(34.0, 417695.5)	(35.0, 462362.0)	(36.0, 504833.0)	(37.0, 540494.0)	(38.0, 563078.0)	(39.0, 579295.0)	(40.0, 614113.5)	(41.0, 698144.0)	(42.0, 731031.0)	(43.0, 715610.5)	(44.0, 727646.0)	(45.0, 734107.0)	(46.0, 753812.5)	(47.0, 781518.5)	(48.0, 778735.5)	(49.0, 795949.0)	(50.0, 861009.5)	(51.0, 930624.0)	(52.0, 947005.5)	(53.0, 931188.5)	(54.0, 1021627.5)	(55.0, 1148447.0)	(56.0, 1218024.5)	(57.0, 1220525.0)	(58.0, 1223992.5)	(59.0, 1116989.0)	(60.0, 916260.5)	(61.0, 911667.5)	(62.0, 930421.0)	(63.0, 836777.0)	(64.0, 854356.0)	(65.0, 906349.0)	(66.0, 879370.0)	(67.0, 809766.0)	(68.0, 621505.0)	(69.0, 469617.0)	(70.0, 344733.0)	(71.0, 187704.0)	(72.0, 108300.5)	(73.0, 71269.5)	(74.0, 52862.5)	(75.0, 39019.0)	(76.0, 29378.0)	(77.0, 24332.5)	(78.0, 21189.5)	(79.0, 17653.5)	(80.0, 13120.5)	(81.0, 9316.0)	(82.0, 7787.0)	(83.0, 6588.0)	(84.0, 4945.5)	(85.0, 3229.5)	(86.0, 1834.0)	(87.0, 1060.0)	(88.0, 739.5)	(89.0, 514.5)	(90.0, 375.5)	(91.0, 296.0)	(92.0, 230.5)	(93.0, 167.5)	(94.0, 111.0)	(95.0, 65.5)	(96.0, 40.5)	(97.0, 33.5)	(98.0, 27.5)	(99.0, 14.5)	(100.0, 6.0)
SRR26064276_2	(0.0, 8.0)	(1.0, 9.5)	(2.0, 11.0)	(3.0, 11.5)	(4.0, 11.5)	(5.0, 11.5)	(6.0, 17.0)	(7.0, 32.5)	(8.0, 67.5)	(9.0, 114.5)	(10.0, 142.5)	(11.0, 168.0)	(12.0, 236.5)	(13.0, 336.0)	(14.0, 484.5)	(15.0, 693.5)	(16.0, 1071.0)	(17.0, 1724.5)	(18.0, 2458.5)	(19.0, 3308.5)	(20.0, 4842.5)	(21.0, 7146.5)	(22.0, 10991.0)	(23.0, 17433.0)	(24.0, 26847.5)	(25.0, 39644.0)	(26.0, 57737.5)	(27.0, 81815.0)	(28.0, 115746.0)	(29.0, 160393.0)	(30.0, 207872.5)	(31.0, 261337.5)	(32.0, 317511.5)	(33.0, 369292.5)	(34.0, 414353.5)	(35.0, 462718.0)	(36.0, 509554.0)	(37.0, 544357.5)	(38.0, 565295.0)	(39.0, 584414.5)	(40.0, 617721.0)	(41.0, 702072.5)	(42.0, 739471.5)	(43.0, 722010.5)	(44.0, 741805.0)	(45.0, 751278.5)	(46.0, 765513.5)	(47.0, 798339.5)	(48.0, 792945.0)	(49.0, 797275.5)	(50.0, 860561.5)	(51.0, 941127.0)	(52.0, 960661.0)	(53.0, 939055.5)	(54.0, 1018030.0)	(55.0, 1129088.0)	(56.0, 1198200.0)	(57.0, 1211784.5)	(58.0, 1219347.0)	(59.0, 1115453.5)	(60.0, 921600.0)	(61.0, 906550.5)	(62.0, 906688.0)	(63.0, 824284.0)	(64.0, 839097.5)	(65.0, 868471.0)	(66.0, 835518.5)	(67.0, 766462.5)	(68.0, 598890.5)	(69.0, 468145.5)	(70.0, 358755.5)	(71.0, 214988.0)	(72.0, 135882.5)	(73.0, 95113.0)	(74.0, 71136.0)	(75.0, 53607.5)	(76.0, 41140.5)	(77.0, 33708.5)	(78.0, 28537.0)	(79.0, 23357.5)	(80.0, 17879.5)	(81.0, 13562.0)	(82.0, 11270.5)	(83.0, 9462.0)	(84.0, 7429.5)	(85.0, 5434.0)	(86.0, 3850.0)	(87.0, 2659.0)	(88.0, 1865.5)	(89.0, 1420.0)	(90.0, 1054.5)	(91.0, 772.5)	(92.0, 626.5)	(93.0, 500.0)	(94.0, 367.5)	(95.0, 268.0)	(96.0, 178.0)	(97.0, 105.5)	(98.0, 65.5)	(99.0, 41.0)	(100.0, 21.5)
SRR26064277_1	(0.0, 121.0)	(1.0, 95.0)	(2.0, 73.5)	(3.0, 87.0)	(4.0, 116.5)	(5.0, 142.5)	(6.0, 152.0)	(7.0, 164.5)	(8.0, 199.0)	(9.0, 248.0)	(10.0, 285.5)	(11.0, 342.5)	(12.0, 415.5)	(13.0, 505.0)	(14.0, 680.5)	(15.0, 965.0)	(16.0, 1483.5)	(17.0, 2430.5)	(18.0, 3641.0)	(19.0, 5002.0)	(20.0, 7332.0)	(21.0, 10979.0)	(22.0, 16785.0)	(23.0, 26076.0)	(24.0, 38044.5)	(25.0, 53287.5)	(26.0, 74774.5)	(27.0, 100374.5)	(28.0, 132189.0)	(29.0, 169677.5)	(30.0, 204007.0)	(31.0, 241403.0)	(32.0, 287907.5)	(33.0, 335814.5)	(34.0, 389833.0)	(35.0, 450357.0)	(36.0, 498435.5)	(37.0, 549090.5)	(38.0, 594821.0)	(39.0, 632856.5)	(40.0, 681979.0)	(41.0, 763292.5)	(42.0, 799872.0)	(43.0, 782953.0)	(44.0, 808129.0)	(45.0, 845843.5)	(46.0, 889676.5)	(47.0, 937395.5)	(48.0, 954803.5)	(49.0, 964118.0)	(50.0, 1009660.5)	(51.0, 1062933.5)	(52.0, 1107181.5)	(53.0, 1164086.5)	(54.0, 1231788.0)	(55.0, 1279879.5)	(56.0, 1286644.5)	(57.0, 1233165.0)	(58.0, 1198966.0)	(59.0, 1123875.0)	(60.0, 991720.5)	(61.0, 960670.5)	(62.0, 928065.5)	(63.0, 830165.5)	(64.0, 802651.5)	(65.0, 818952.0)	(66.0, 802359.0)	(67.0, 744273.0)	(68.0, 581712.5)	(69.0, 446488.0)	(70.0, 333055.0)	(71.0, 192308.0)	(72.0, 115902.0)	(73.0, 80878.0)	(74.0, 64806.5)	(75.0, 48948.0)	(76.0, 36341.0)	(77.0, 30503.5)	(78.0, 26129.5)	(79.0, 20707.5)	(80.0, 14284.5)	(81.0, 10287.0)	(82.0, 9327.0)	(83.0, 8692.0)	(84.0, 6625.5)	(85.0, 4194.0)	(86.0, 2444.0)	(87.0, 1445.0)	(88.0, 1043.0)	(89.0, 782.5)	(90.0, 603.5)	(91.0, 483.5)	(92.0, 392.0)	(93.0, 310.5)	(94.0, 218.0)	(95.0, 144.0)	(96.0, 99.0)	(97.0, 67.5)	(98.0, 40.5)	(99.0, 23.5)	(100.0, 9.0)
SRR26064277_2	(0.0, 14.0)	(1.0, 20.5)	(2.0, 30.0)	(3.0, 23.5)	(4.0, 19.0)	(5.0, 24.5)	(6.0, 23.5)	(7.0, 49.0)	(8.0, 96.0)	(9.0, 140.0)	(10.0, 185.0)	(11.0, 217.0)	(12.0, 270.0)	(13.0, 387.5)	(14.0, 578.0)	(15.0, 831.5)	(16.0, 1250.5)	(17.0, 1978.0)	(18.0, 2847.5)	(19.0, 3995.5)	(20.0, 6229.0)	(21.0, 9446.0)	(22.0, 14645.5)	(23.0, 23156.0)	(24.0, 34097.0)	(25.0, 49204.5)	(26.0, 70390.0)	(27.0, 95212.0)	(28.0, 127371.5)	(29.0, 164190.0)	(30.0, 198344.0)	(31.0, 236428.5)	(32.0, 283162.0)	(33.0, 332200.0)	(34.0, 385479.0)	(35.0, 443978.0)	(36.0, 493175.0)	(37.0, 543069.0)	(38.0, 587205.0)	(39.0, 627916.5)	(40.0, 678741.5)	(41.0, 761750.0)	(42.0, 802747.0)	(43.0, 789140.0)	(44.0, 818763.5)	(45.0, 856573.5)	(46.0, 895998.0)	(47.0, 947032.0)	(48.0, 964587.5)	(49.0, 967850.0)	(50.0, 1012472.5)	(51.0, 1068167.0)	(52.0, 1112134.0)	(53.0, 1166657.5)	(54.0, 1227538.0)	(55.0, 1266190.5)	(56.0, 1271377.5)	(57.0, 1225083.5)	(58.0, 1192066.5)	(59.0, 1116075.5)	(60.0, 989550.5)	(61.0, 956792.5)	(62.0, 915508.5)	(63.0, 826199.5)	(64.0, 798999.5)	(65.0, 798172.5)	(66.0, 774233.0)	(67.0, 713919.5)	(68.0, 568160.5)	(69.0, 448487.5)	(70.0, 348698.5)	(71.0, 221633.0)	(72.0, 144057.5)	(73.0, 105232.0)	(74.0, 83127.0)	(75.0, 63284.5)	(76.0, 47947.5)	(77.0, 39260.0)	(78.0, 33000.0)	(79.0, 26828.5)	(80.0, 19861.5)	(81.0, 14804.5)	(82.0, 12767.5)	(83.0, 11458.5)	(84.0, 9199.0)	(85.0, 6695.0)	(86.0, 4681.0)	(87.0, 3243.0)	(88.0, 2456.0)	(89.0, 1907.0)	(90.0, 1500.0)	(91.0, 1231.0)	(92.0, 1005.0)	(93.0, 804.5)	(94.0, 647.5)	(95.0, 502.5)	(96.0, 350.0)	(97.0, 225.0)	(98.0, 137.5)	(99.0, 81.5)	(100.0, 48.0)
SRR26064278_1	(0.0, 150.0)	(1.0, 90.5)	(2.0, 41.0)	(3.0, 71.5)	(4.0, 99.0)	(5.0, 117.0)	(6.0, 124.5)	(7.0, 121.0)	(8.0, 137.5)	(9.0, 177.5)	(10.0, 217.5)	(11.0, 248.5)	(12.0, 297.5)	(13.0, 351.5)	(14.0, 454.0)	(15.0, 670.5)	(16.0, 1029.5)	(17.0, 1656.5)	(18.0, 2524.0)	(19.0, 3627.0)	(20.0, 5390.5)	(21.0, 8018.0)	(22.0, 12114.5)	(23.0, 18793.0)	(24.0, 28547.5)	(25.0, 41631.5)	(26.0, 60033.0)	(27.0, 84002.0)	(28.0, 113006.5)	(29.0, 147735.5)	(30.0, 185372.5)	(31.0, 224763.5)	(32.0, 266991.5)	(33.0, 310115.5)	(34.0, 348734.0)	(35.0, 389880.0)	(36.0, 432701.0)	(37.0, 474363.5)	(38.0, 508468.5)	(39.0, 538654.0)	(40.0, 574718.0)	(41.0, 648188.0)	(42.0, 681918.0)	(43.0, 658904.0)	(44.0, 675198.5)	(45.0, 691413.0)	(46.0, 700412.0)	(47.0, 729561.0)	(48.0, 747302.5)	(49.0, 759863.0)	(50.0, 792471.5)	(51.0, 828333.0)	(52.0, 853018.5)	(53.0, 891962.0)	(54.0, 969411.5)	(55.0, 1057921.5)	(56.0, 1122178.5)	(57.0, 1130427.0)	(58.0, 1170842.0)	(59.0, 1121287.5)	(60.0, 973667.0)	(61.0, 992504.5)	(62.0, 1037084.0)	(63.0, 963575.5)	(64.0, 997793.0)	(65.0, 1085628.0)	(66.0, 1110605.0)	(67.0, 1061647.0)	(68.0, 805268.0)	(69.0, 610715.0)	(70.0, 453174.0)	(71.0, 238116.5)	(72.0, 131836.5)	(73.0, 80639.5)	(74.0, 55386.5)	(75.0, 39885.0)	(76.0, 30596.0)	(77.0, 25357.5)	(78.0, 21737.5)	(79.0, 18676.0)	(80.0, 14097.5)	(81.0, 9465.5)	(82.0, 7652.0)	(83.0, 6322.5)	(84.0, 4682.5)	(85.0, 3100.0)	(86.0, 1895.0)	(87.0, 1195.5)	(88.0, 824.5)	(89.0, 624.0)	(90.0, 469.0)	(91.0, 349.0)	(92.0, 260.0)	(93.0, 200.5)	(94.0, 147.5)	(95.0, 101.5)	(96.0, 68.0)	(97.0, 38.5)	(98.0, 33.0)	(99.0, 23.5)	(100.0, 8.0)
SRR26064278_2	(0.0, 9.0)	(1.0, 36.0)	(2.0, 58.0)	(3.0, 37.0)	(4.0, 19.0)	(5.0, 18.5)	(6.0, 21.0)	(7.0, 30.5)	(8.0, 50.5)	(9.0, 79.0)	(10.0, 109.5)	(11.0, 136.5)	(12.0, 173.0)	(13.0, 227.0)	(14.0, 330.0)	(15.0, 501.5)	(16.0, 793.5)	(17.0, 1270.0)	(18.0, 1966.5)	(19.0, 2888.0)	(20.0, 4264.5)	(21.0, 6478.0)	(22.0, 10070.5)	(23.0, 16100.5)	(24.0, 25260.0)	(25.0, 37554.5)	(26.0, 55011.5)	(27.0, 78278.5)	(28.0, 107277.5)	(29.0, 141611.5)	(30.0, 179492.5)	(31.0, 219497.0)	(32.0, 261706.0)	(33.0, 305238.0)	(34.0, 344529.0)	(35.0, 385716.0)	(36.0, 428821.5)	(37.0, 468756.0)	(38.0, 501419.5)	(39.0, 533648.5)	(40.0, 569724.5)	(41.0, 642135.0)	(42.0, 682622.0)	(43.0, 664226.5)	(44.0, 683209.5)	(45.0, 701633.0)	(46.0, 707829.5)	(47.0, 738205.5)	(48.0, 754901.5)	(49.0, 760514.5)	(50.0, 791904.5)	(51.0, 830355.5)	(52.0, 854490.5)	(53.0, 891514.5)	(54.0, 968096.5)	(55.0, 1045980.0)	(56.0, 1105164.0)	(57.0, 1127408.5)	(58.0, 1171701.0)	(59.0, 1121086.0)	(60.0, 974879.0)	(61.0, 980840.5)	(62.0, 1007651.5)	(63.0, 948878.5)	(64.0, 985369.0)	(65.0, 1042592.5)	(66.0, 1048723.0)	(67.0, 997515.5)	(68.0, 778419.5)	(69.0, 615314.0)	(70.0, 480712.5)	(71.0, 289994.0)	(72.0, 181947.0)	(73.0, 123833.0)	(74.0, 89161.5)	(75.0, 66403.0)	(76.0, 51446.5)	(77.0, 41681.0)	(78.0, 34660.5)	(79.0, 28756.5)	(80.0, 22716.5)	(81.0, 17473.5)	(82.0, 14161.0)	(83.0, 11606.5)	(84.0, 9111.0)	(85.0, 6855.0)	(86.0, 5084.0)	(87.0, 3714.5)	(88.0, 2758.5)	(89.0, 2088.0)	(90.0, 1560.0)	(91.0, 1192.5)	(92.0, 905.0)	(93.0, 675.0)	(94.0, 473.0)	(95.0, 326.0)	(96.0, 226.0)	(97.0, 136.0)	(98.0, 91.0)	(99.0, 67.0)	(100.0, 37.0)
SRR26064279_1	(0.0, 0.0)	(1.0, 2.5)	(2.0, 14.5)	(3.0, 58.0)	(4.0, 170.0)	(5.0, 249.5)	(6.0, 221.5)	(7.0, 151.0)	(8.0, 89.0)	(9.0, 56.0)	(10.0, 60.0)	(11.0, 76.5)	(12.0, 98.5)	(13.0, 135.0)	(14.0, 179.5)	(15.0, 263.0)	(16.0, 368.0)	(17.0, 544.5)	(18.0, 825.0)	(19.0, 1167.5)	(20.0, 1769.0)	(21.0, 2801.5)	(22.0, 4586.5)	(23.0, 7829.0)	(24.0, 12563.5)	(25.0, 19503.0)	(26.0, 30546.5)	(27.0, 44612.5)	(28.0, 60982.5)	(29.0, 76915.5)	(30.0, 92645.0)	(31.0, 114557.0)	(32.0, 140599.0)	(33.0, 164729.0)	(34.0, 187771.5)	(35.0, 213129.0)	(36.0, 248192.0)	(37.0, 278822.0)	(38.0, 290238.5)	(39.0, 319194.0)	(40.0, 366658.0)	(41.0, 545846.0)	(42.0, 634064.5)	(43.0, 518132.5)	(44.0, 512243.5)	(45.0, 497908.0)	(46.0, 449607.5)	(47.0, 505269.0)	(48.0, 534879.5)	(49.0, 541498.5)	(50.0, 586923.0)	(51.0, 643737.5)	(52.0, 684089.0)	(53.0, 791587.0)	(54.0, 1182542.0)	(55.0, 1457277.0)	(56.0, 1575558.5)	(57.0, 1673750.5)	(58.0, 1694195.5)	(59.0, 1439824.5)	(60.0, 1055470.0)	(61.0, 1112168.0)	(62.0, 1204860.5)	(63.0, 1073359.0)	(64.0, 1176442.0)	(65.0, 1407917.0)	(66.0, 1516019.5)	(67.0, 1486532.5)	(68.0, 1114525.0)	(69.0, 833583.5)	(70.0, 601747.0)	(71.0, 278688.5)	(72.0, 130032.0)	(73.0, 62528.5)	(74.0, 38162.0)	(75.0, 26482.5)	(76.0, 19311.5)	(77.0, 15483.0)	(78.0, 12912.0)	(79.0, 10374.5)	(80.0, 7639.0)	(81.0, 5510.5)	(82.0, 4632.0)	(83.0, 3871.5)	(84.0, 2878.5)	(85.0, 1905.5)	(86.0, 1146.0)	(87.0, 682.0)	(88.0, 437.5)	(89.0, 327.5)	(90.0, 239.5)	(91.0, 176.0)	(92.0, 140.5)	(93.0, 100.0)	(94.0, 68.5)	(95.0, 41.5)	(96.0, 24.5)	(97.0, 14.0)	(98.0, 8.0)	(99.0, 7.0)	(100.0, 3.0)
SRR26064279_2	(0.0, 1.0)	(1.0, 6.0)	(2.0, 9.0)	(3.0, 6.5)	(4.0, 5.5)	(5.0, 6.0)	(6.0, 9.5)	(7.0, 16.5)	(8.0, 37.5)	(9.0, 56.5)	(10.0, 66.5)	(11.0, 91.5)	(12.0, 108.0)	(13.0, 116.5)	(14.0, 163.5)	(15.0, 232.5)	(16.0, 362.0)	(17.0, 556.0)	(18.0, 853.0)	(19.0, 1252.5)	(20.0, 1861.5)	(21.0, 2875.0)	(22.0, 4665.0)	(23.0, 7855.5)	(24.0, 12599.5)	(25.0, 19642.5)	(26.0, 30575.0)	(27.0, 44370.0)	(28.0, 60079.0)	(29.0, 75382.0)	(30.0, 91117.5)	(31.0, 112686.5)	(32.0, 138932.5)	(33.0, 164925.0)	(34.0, 188055.0)	(35.0, 213624.0)	(36.0, 252466.0)	(37.0, 284459.0)	(38.0, 291733.0)	(39.0, 321796.0)	(40.0, 363803.5)	(41.0, 535861.5)	(42.0, 637995.0)	(43.0, 528414.0)	(44.0, 534849.0)	(45.0, 525712.5)	(46.0, 464838.5)	(47.0, 525259.5)	(48.0, 544589.0)	(49.0, 525816.5)	(50.0, 571727.0)	(51.0, 649840.5)	(52.0, 703806.0)	(53.0, 790418.0)	(54.0, 1138453.5)	(55.0, 1395147.5)	(56.0, 1523564.0)	(57.0, 1638048.0)	(58.0, 1679134.0)	(59.0, 1448874.5)	(60.0, 1066233.5)	(61.0, 1096789.0)	(62.0, 1169349.5)	(63.0, 1058403.0)	(64.0, 1144449.0)	(65.0, 1313732.0)	(66.0, 1389857.5)	(67.0, 1373930.5)	(68.0, 1074417.5)	(69.0, 840520.5)	(70.0, 647678.5)	(71.0, 361306.5)	(72.0, 209407.5)	(73.0, 133349.0)	(74.0, 92620.0)	(75.0, 69037.0)	(76.0, 53579.0)	(77.0, 43127.5)	(78.0, 35341.0)	(79.0, 28750.5)	(80.0, 22905.5)	(81.0, 18085.0)	(82.0, 14821.0)	(83.0, 12242.0)	(84.0, 9906.0)	(85.0, 7701.0)	(86.0, 5792.0)	(87.0, 4366.0)	(88.0, 3276.0)	(89.0, 2405.5)	(90.0, 1745.5)	(91.0, 1271.5)	(92.0, 895.0)	(93.0, 621.5)	(94.0, 409.0)	(95.0, 267.5)	(96.0, 171.5)	(97.0, 85.0)	(98.0, 49.5)	(99.0, 33.5)	(100.0, 17.0)
SRR26064280_1	(0.0, 6.0)	(1.0, 7.5)	(2.0, 27.5)	(3.0, 94.5)	(4.0, 197.5)	(5.0, 256.0)	(6.0, 199.5)	(7.0, 109.0)	(8.0, 81.5)	(9.0, 90.5)	(10.0, 108.0)	(11.0, 138.5)	(12.0, 187.5)	(13.0, 258.5)	(14.0, 370.0)	(15.0, 521.5)	(16.0, 906.5)	(17.0, 1581.5)	(18.0, 2409.0)	(19.0, 3415.5)	(20.0, 5307.5)	(21.0, 8295.5)	(22.0, 13326.0)	(23.0, 21938.0)	(24.0, 33180.5)	(25.0, 47603.0)	(26.0, 67749.5)	(27.0, 92474.0)	(28.0, 126454.0)	(29.0, 168814.0)	(30.0, 210586.0)	(31.0, 261518.0)	(32.0, 319314.0)	(33.0, 370766.5)	(34.0, 419517.5)	(35.0, 479853.5)	(36.0, 534651.0)	(37.0, 581287.5)	(38.0, 619758.0)	(39.0, 654976.5)	(40.0, 704542.5)	(41.0, 784173.5)	(42.0, 819110.0)	(43.0, 797115.0)	(44.0, 808083.0)	(45.0, 835538.5)	(46.0, 867049.0)	(47.0, 889973.0)	(48.0, 887005.0)	(49.0, 882555.0)	(50.0, 899876.5)	(51.0, 927255.0)	(52.0, 922110.0)	(53.0, 933674.0)	(54.0, 1003041.0)	(55.0, 1069919.5)	(56.0, 1107096.0)	(57.0, 1088702.0)	(58.0, 1069471.5)	(59.0, 977830.0)	(60.0, 831639.0)	(61.0, 802916.5)	(62.0, 778662.5)	(63.0, 688731.5)	(64.0, 663331.5)	(65.0, 671645.5)	(66.0, 648737.5)	(67.0, 600151.5)	(68.0, 468603.5)	(69.0, 354870.0)	(70.0, 262057.5)	(71.0, 155176.0)	(72.0, 98303.5)	(73.0, 67519.5)	(74.0, 50508.0)	(75.0, 38163.0)	(76.0, 28790.5)	(77.0, 22954.0)	(78.0, 19134.5)	(79.0, 15484.5)	(80.0, 11448.0)	(81.0, 8104.0)	(82.0, 6484.0)	(83.0, 5257.5)	(84.0, 3734.5)	(85.0, 2318.0)	(86.0, 1399.5)	(87.0, 861.5)	(88.0, 585.5)	(89.0, 423.0)	(90.0, 310.5)	(91.0, 242.5)	(92.0, 185.0)	(93.0, 141.0)	(94.0, 95.5)	(95.0, 58.0)	(96.0, 41.5)	(97.0, 26.5)	(98.0, 16.0)	(99.0, 12.0)	(100.0, 5.5)
SRR26064280_2	(0.0, 1.0)	(1.0, 3.0)	(2.0, 6.0)	(3.0, 8.0)	(4.0, 10.5)	(5.0, 13.0)	(6.0, 14.0)	(7.0, 24.0)	(8.0, 62.5)	(9.0, 91.5)	(10.0, 108.5)	(11.0, 133.5)	(12.0, 163.0)	(13.0, 228.0)	(14.0, 346.0)	(15.0, 531.0)	(16.0, 867.0)	(17.0, 1413.5)	(18.0, 2195.5)	(19.0, 3181.5)	(20.0, 5029.5)	(21.0, 7777.5)	(22.0, 12461.0)	(23.0, 20358.5)	(24.0, 30961.0)	(25.0, 45420.0)	(26.0, 65045.5)	(27.0, 88879.5)	(28.0, 122368.0)	(29.0, 164709.0)	(30.0, 206734.0)	(31.0, 256933.5)	(32.0, 315515.5)	(33.0, 368455.0)	(34.0, 416954.5)	(35.0, 479437.5)	(36.0, 535728.5)	(37.0, 580537.0)	(38.0, 619579.0)	(39.0, 657103.0)	(40.0, 703616.0)	(41.0, 784051.5)	(42.0, 823796.5)	(43.0, 802058.5)	(44.0, 817774.5)	(45.0, 845715.5)	(46.0, 871669.0)	(47.0, 895784.0)	(48.0, 891011.5)	(49.0, 880761.0)	(50.0, 897686.5)	(51.0, 928678.0)	(52.0, 928436.0)	(53.0, 934993.5)	(54.0, 990642.5)	(55.0, 1045964.0)	(56.0, 1083530.0)	(57.0, 1076615.5)	(58.0, 1063524.0)	(59.0, 976351.5)	(60.0, 832351.0)	(61.0, 795896.5)	(62.0, 763604.0)	(63.0, 681485.0)	(64.0, 656647.0)	(65.0, 649429.0)	(66.0, 622042.0)	(67.0, 578561.5)	(68.0, 461741.0)	(69.0, 360480.0)	(70.0, 278193.0)	(71.0, 179528.0)	(72.0, 121199.5)	(73.0, 87606.5)	(74.0, 66673.5)	(75.0, 51447.0)	(76.0, 40006.5)	(77.0, 32151.5)	(78.0, 26601.0)	(79.0, 21630.5)	(80.0, 16656.5)	(81.0, 12629.0)	(82.0, 10172.0)	(83.0, 8426.0)	(84.0, 6547.5)	(85.0, 4729.5)	(86.0, 3325.0)	(87.0, 2438.5)	(88.0, 1854.0)	(89.0, 1384.5)	(90.0, 1035.0)	(91.0, 818.5)	(92.0, 638.0)	(93.0, 489.0)	(94.0, 365.0)	(95.0, 269.5)	(96.0, 199.5)	(97.0, 131.5)	(98.0, 80.5)	(99.0, 43.0)	(100.0, 24.0)
SRR26064281_1	(0.0, 6.0)	(1.0, 7.0)	(2.0, 34.5)	(3.0, 120.5)	(4.0, 241.5)	(5.0, 302.0)	(6.0, 236.0)	(7.0, 129.0)	(8.0, 97.0)	(9.0, 103.5)	(10.0, 112.5)	(11.0, 125.0)	(12.0, 146.5)	(13.0, 201.5)	(14.0, 298.0)	(15.0, 431.0)	(16.0, 669.5)	(17.0, 1101.5)	(18.0, 1675.5)	(19.0, 2413.5)	(20.0, 3663.0)	(21.0, 5644.5)	(22.0, 8970.5)	(23.0, 14652.5)	(24.0, 22965.5)	(25.0, 35255.0)	(26.0, 55149.5)	(27.0, 86354.5)	(28.0, 139210.0)	(29.0, 216865.5)	(30.0, 309050.5)	(31.0, 416149.0)	(32.0, 530192.0)	(33.0, 633658.5)	(34.0, 717925.5)	(35.0, 796003.5)	(36.0, 853020.0)	(37.0, 881587.5)	(38.0, 896162.0)	(39.0, 900134.0)	(40.0, 911737.0)	(41.0, 933048.5)	(42.0, 927881.5)	(43.0, 910308.5)	(44.0, 912871.0)	(45.0, 929592.0)	(46.0, 954484.5)	(47.0, 969204.0)	(48.0, 972342.0)	(49.0, 974676.5)	(50.0, 991686.5)	(51.0, 1016799.0)	(52.0, 1024867.5)	(53.0, 1040557.5)	(54.0, 1065440.0)	(55.0, 1076023.5)	(56.0, 1069974.5)	(57.0, 1035704.0)	(58.0, 1001184.0)	(59.0, 958534.0)	(60.0, 895184.5)	(61.0, 850547.5)	(62.0, 790962.5)	(63.0, 696669.5)	(64.0, 628137.5)	(65.0, 572827.5)	(66.0, 508164.5)	(67.0, 442607.5)	(68.0, 354215.0)	(69.0, 275986.0)	(70.0, 210336.5)	(71.0, 143574.5)	(72.0, 101623.0)	(73.0, 76420.5)	(74.0, 58681.0)	(75.0, 44145.0)	(76.0, 33511.5)	(77.0, 26681.0)	(78.0, 22197.5)	(79.0, 17952.0)	(80.0, 13176.0)	(81.0, 9492.0)	(82.0, 7540.0)	(83.0, 5990.0)	(84.0, 4290.0)	(85.0, 2761.0)	(86.0, 1638.0)	(87.0, 1008.5)	(88.0, 651.0)	(89.0, 445.5)	(90.0, 309.0)	(91.0, 200.0)	(92.0, 152.0)	(93.0, 122.0)	(94.0, 87.5)	(95.0, 50.5)	(96.0, 33.5)	(97.0, 23.5)	(98.0, 16.5)	(99.0, 10.0)	(100.0, 2.5)
SRR26064281_2	(0.0, 4.0)	(1.0, 5.5)	(2.0, 8.5)	(3.0, 8.5)	(4.0, 4.5)	(5.0, 8.0)	(6.0, 15.0)	(7.0, 21.0)	(8.0, 40.5)	(9.0, 68.5)	(10.0, 83.0)	(11.0, 88.5)	(12.0, 103.5)	(13.0, 151.5)	(14.0, 243.5)	(15.0, 368.0)	(16.0, 591.5)	(17.0, 976.0)	(18.0, 1463.5)	(19.0, 2125.0)	(20.0, 3291.5)	(21.0, 5088.0)	(22.0, 8131.5)	(23.0, 13091.5)	(24.0, 20478.0)	(25.0, 31617.5)	(26.0, 49731.5)	(27.0, 79004.0)	(28.0, 129278.0)	(29.0, 204155.5)	(30.0, 294937.0)	(31.0, 402373.0)	(32.0, 517863.0)	(33.0, 624209.5)	(34.0, 714038.5)	(35.0, 799655.0)	(36.0, 863881.5)	(37.0, 897967.5)	(38.0, 916173.5)	(39.0, 921017.5)	(40.0, 925788.5)	(41.0, 938608.5)	(42.0, 931554.5)	(43.0, 912822.0)	(44.0, 912585.0)	(45.0, 930026.0)	(46.0, 956503.5)	(47.0, 969787.0)	(48.0, 972476.0)	(49.0, 973370.5)	(50.0, 991342.0)	(51.0, 1017789.0)	(52.0, 1023983.5)	(53.0, 1038307.5)	(54.0, 1061420.5)	(55.0, 1069923.5)	(56.0, 1061716.5)	(57.0, 1027858.5)	(58.0, 995467.0)	(59.0, 952079.0)	(60.0, 885598.0)	(61.0, 839640.5)	(62.0, 782365.0)	(63.0, 693278.5)	(64.0, 624181.0)	(65.0, 564907.5)	(66.0, 500042.5)	(67.0, 437413.0)	(68.0, 355006.5)	(69.0, 281889.5)	(70.0, 220323.0)	(71.0, 155778.0)	(72.0, 113317.0)	(73.0, 86728.0)	(74.0, 67100.5)	(75.0, 50966.0)	(76.0, 39258.5)	(77.0, 31502.5)	(78.0, 25976.5)	(79.0, 20965.5)	(80.0, 16003.0)	(81.0, 11858.5)	(82.0, 9428.0)	(83.0, 7629.5)	(84.0, 5737.5)	(85.0, 3985.5)	(86.0, 2683.0)	(87.0, 1877.0)	(88.0, 1302.5)	(89.0, 943.5)	(90.0, 750.5)	(91.0, 559.0)	(92.0, 404.5)	(93.0, 337.0)	(94.0, 282.0)	(95.0, 212.0)	(96.0, 147.0)	(97.0, 101.5)	(98.0, 70.0)	(99.0, 48.5)	(100.0, 27.5)
SRR26064282_1	(0.0, 1.0)	(1.0, 2.5)	(2.0, 23.5)	(3.0, 85.0)	(4.0, 199.5)	(5.0, 274.0)	(6.0, 223.5)	(7.0, 138.0)	(8.0, 86.5)	(9.0, 66.0)	(10.0, 84.5)	(11.0, 133.0)	(12.0, 190.0)	(13.0, 255.5)	(14.0, 355.5)	(15.0, 500.5)	(16.0, 767.5)	(17.0, 1268.0)	(18.0, 1866.0)	(19.0, 2451.5)	(20.0, 3548.5)	(21.0, 5517.5)	(22.0, 8792.0)	(23.0, 14061.5)	(24.0, 21891.5)	(25.0, 32971.5)	(26.0, 48924.0)	(27.0, 69256.5)	(28.0, 95481.0)	(29.0, 127719.5)	(30.0, 159376.5)	(31.0, 195172.0)	(32.0, 235929.0)	(33.0, 271751.5)	(34.0, 304616.0)	(35.0, 345620.5)	(36.0, 391005.5)	(37.0, 431117.0)	(38.0, 454947.0)	(39.0, 480104.0)	(40.0, 525006.5)	(41.0, 656160.5)	(42.0, 723495.5)	(43.0, 665137.0)	(44.0, 676231.0)	(45.0, 686307.0)	(46.0, 681417.5)	(47.0, 728431.5)	(48.0, 752861.0)	(49.0, 763395.0)	(50.0, 801667.5)	(51.0, 847084.0)	(52.0, 860998.0)	(53.0, 900687.0)	(54.0, 1047157.0)	(55.0, 1231504.0)	(56.0, 1379457.0)	(57.0, 1399152.5)	(58.0, 1404274.0)	(59.0, 1250145.5)	(60.0, 982016.0)	(61.0, 982035.0)	(62.0, 998419.0)	(63.0, 879528.0)	(64.0, 904660.0)	(65.0, 996244.0)	(66.0, 1021165.0)	(67.0, 975345.0)	(68.0, 743243.5)	(69.0, 568891.5)	(70.0, 418807.5)	(71.0, 216894.0)	(72.0, 118230.0)	(73.0, 70621.5)	(74.0, 49486.5)	(75.0, 36024.0)	(76.0, 26769.0)	(77.0, 21579.5)	(78.0, 18305.0)	(79.0, 15111.0)	(80.0, 11225.5)	(81.0, 7767.5)	(82.0, 6213.0)	(83.0, 5104.5)	(84.0, 3639.0)	(85.0, 2337.5)	(86.0, 1414.5)	(87.0, 863.0)	(88.0, 590.0)	(89.0, 416.5)	(90.0, 307.0)	(91.0, 225.0)	(92.0, 167.5)	(93.0, 132.0)	(94.0, 104.0)	(95.0, 66.5)	(96.0, 40.0)	(97.0, 31.0)	(98.0, 21.0)	(99.0, 11.5)	(100.0, 4.0)
SRR26064282_2	(0.0, 3.0)	(1.0, 3.5)	(2.0, 5.0)	(3.0, 5.5)	(4.0, 9.0)	(5.0, 11.5)	(6.0, 18.0)	(7.0, 34.5)	(8.0, 71.5)	(9.0, 126.0)	(10.0, 164.5)	(11.0, 182.5)	(12.0, 216.5)	(13.0, 308.0)	(14.0, 386.0)	(15.0, 514.0)	(16.0, 790.0)	(17.0, 1201.0)	(18.0, 1787.5)	(19.0, 2515.0)	(20.0, 3605.5)	(21.0, 5325.0)	(22.0, 8371.5)	(23.0, 13355.0)	(24.0, 20794.0)	(25.0, 31411.5)	(26.0, 46934.0)	(27.0, 66928.5)	(28.0, 92932.0)	(29.0, 125256.5)	(30.0, 156975.0)	(31.0, 192195.5)	(32.0, 231839.5)	(33.0, 269052.0)	(34.0, 303478.5)	(35.0, 344767.0)	(36.0, 392424.0)	(37.0, 431288.5)	(38.0, 453141.5)	(39.0, 481619.0)	(40.0, 523793.5)	(41.0, 651021.5)	(42.0, 725299.5)	(43.0, 673081.0)	(44.0, 693415.0)	(45.0, 707086.5)	(46.0, 693603.5)	(47.0, 738822.0)	(48.0, 754826.5)	(49.0, 751832.5)	(50.0, 792935.0)	(51.0, 848251.5)	(52.0, 866223.5)	(53.0, 893139.0)	(54.0, 1021269.0)	(55.0, 1183309.5)	(56.0, 1332813.5)	(57.0, 1375376.0)	(58.0, 1397264.5)	(59.0, 1261192.0)	(60.0, 993558.5)	(61.0, 971919.0)	(62.0, 971487.0)	(63.0, 870742.0)	(64.0, 888245.5)	(65.0, 942237.0)	(66.0, 952413.0)	(67.0, 920511.5)	(68.0, 730151.0)	(69.0, 580483.0)	(70.0, 451858.0)	(71.0, 268539.0)	(72.0, 166590.0)	(73.0, 113628.0)	(74.0, 83014.0)	(75.0, 62532.0)	(76.0, 48437.0)	(77.0, 39088.5)	(78.0, 32328.0)	(79.0, 26317.5)	(80.0, 20724.5)	(81.0, 16161.0)	(82.0, 13082.0)	(83.0, 10631.0)	(84.0, 8385.0)	(85.0, 6378.5)	(86.0, 4698.5)	(87.0, 3443.0)	(88.0, 2545.5)	(89.0, 1872.5)	(90.0, 1382.0)	(91.0, 1019.5)	(92.0, 759.0)	(93.0, 570.5)	(94.0, 401.5)	(95.0, 269.5)	(96.0, 168.0)	(97.0, 106.5)	(98.0, 66.0)	(99.0, 34.5)	(100.0, 17.5)
SRR26064283_1	(0.0, 7.0)	(1.0, 5.5)	(2.0, 31.0)	(3.0, 100.0)	(4.0, 226.5)	(5.0, 304.0)	(6.0, 226.5)	(7.0, 128.0)	(8.0, 100.5)	(9.0, 103.5)	(10.0, 135.0)	(11.0, 166.0)	(12.0, 200.0)	(13.0, 277.0)	(14.0, 408.5)	(15.0, 593.5)	(16.0, 974.0)	(17.0, 1679.5)	(18.0, 2587.5)	(19.0, 3636.5)	(20.0, 5499.0)	(21.0, 8473.5)	(22.0, 13449.0)	(23.0, 21660.5)	(24.0, 32925.0)	(25.0, 47941.0)	(26.0, 68721.0)	(27.0, 96110.0)	(28.0, 136271.0)	(29.0, 188562.5)	(30.0, 243956.0)	(31.0, 309052.0)	(32.0, 380652.0)	(33.0, 448680.5)	(34.0, 514677.0)	(35.0, 590708.5)	(36.0, 662104.0)	(37.0, 729973.0)	(38.0, 788531.0)	(39.0, 836880.0)	(40.0, 900922.5)	(41.0, 969719.0)	(42.0, 1002302.0)	(43.0, 1016471.5)	(44.0, 1047681.5)	(45.0, 1098114.5)	(46.0, 1152819.5)	(47.0, 1170284.5)	(48.0, 1165799.0)	(49.0, 1154968.5)	(50.0, 1163534.5)	(51.0, 1187451.5)	(52.0, 1172273.0)	(53.0, 1174736.0)	(54.0, 1190101.5)	(55.0, 1171146.5)	(56.0, 1132873.0)	(57.0, 1073230.5)	(58.0, 1022139.5)	(59.0, 984437.5)	(60.0, 937592.5)	(61.0, 881875.0)	(62.0, 807938.0)	(63.0, 715653.0)	(64.0, 629377.0)	(65.0, 546871.5)	(66.0, 460320.5)	(67.0, 383717.0)	(68.0, 313187.0)	(69.0, 245146.0)	(70.0, 187264.5)	(71.0, 137002.5)	(72.0, 104113.5)	(73.0, 82631.0)	(74.0, 64033.5)	(75.0, 48196.0)	(76.0, 36790.0)	(77.0, 28940.5)	(78.0, 23744.5)	(79.0, 19714.0)	(80.0, 14795.0)	(81.0, 10349.5)	(82.0, 7961.5)	(83.0, 6118.0)	(84.0, 4278.0)	(85.0, 2656.5)	(86.0, 1481.5)	(87.0, 891.0)	(88.0, 585.0)	(89.0, 401.5)	(90.0, 296.0)	(91.0, 218.5)	(92.0, 167.5)	(93.0, 132.5)	(94.0, 100.5)	(95.0, 65.5)	(96.0, 40.5)	(97.0, 27.5)	(98.0, 21.0)	(99.0, 11.5)	(100.0, 3.5)
SRR26064283_2	(0.0, 3.0)	(1.0, 3.0)	(2.0, 3.5)	(3.0, 5.5)	(4.0, 9.5)	(5.0, 14.5)	(6.0, 21.0)	(7.0, 41.0)	(8.0, 81.0)	(9.0, 120.0)	(10.0, 136.5)	(11.0, 162.0)	(12.0, 206.0)	(13.0, 281.5)	(14.0, 422.5)	(15.0, 637.5)	(16.0, 1021.0)	(17.0, 1614.0)	(18.0, 2441.0)	(19.0, 3488.5)	(20.0, 5289.5)	(21.0, 7987.0)	(22.0, 12561.5)	(23.0, 20310.5)	(24.0, 30956.0)	(25.0, 45776.5)	(26.0, 66289.5)	(27.0, 93163.5)	(28.0, 132459.0)	(29.0, 185160.0)	(30.0, 241548.0)	(31.0, 306476.0)	(32.0, 377733.0)	(33.0, 446073.0)	(34.0, 512751.5)	(35.0, 590830.5)	(36.0, 665207.0)	(37.0, 730168.5)	(38.0, 787978.5)	(39.0, 838450.0)	(40.0, 903466.5)	(41.0, 974796.5)	(42.0, 1006456.5)	(43.0, 1018619.0)	(44.0, 1050215.5)	(45.0, 1101732.0)	(46.0, 1157869.0)	(47.0, 1175099.5)	(48.0, 1169302.0)	(49.0, 1158269.0)	(50.0, 1166963.0)	(51.0, 1190306.0)	(52.0, 1172833.0)	(53.0, 1170442.5)	(54.0, 1182495.5)	(55.0, 1162822.5)	(56.0, 1123435.0)	(57.0, 1066223.5)	(58.0, 1014803.5)	(59.0, 972332.0)	(60.0, 925004.0)	(61.0, 871075.0)	(62.0, 800301.0)	(63.0, 713666.0)	(64.0, 630615.5)	(65.0, 547806.0)	(66.0, 461742.5)	(67.0, 386738.5)	(68.0, 317965.0)	(69.0, 251130.5)	(70.0, 194408.0)	(71.0, 145108.0)	(72.0, 110842.0)	(73.0, 87718.0)	(74.0, 68277.5)	(75.0, 52118.0)	(76.0, 40274.0)	(77.0, 31927.5)	(78.0, 26154.5)	(79.0, 21501.5)	(80.0, 16521.0)	(81.0, 11905.5)	(82.0, 9017.0)	(83.0, 6981.5)	(84.0, 5164.5)	(85.0, 3605.0)	(86.0, 2385.0)	(87.0, 1564.5)	(88.0, 1081.5)	(89.0, 802.5)	(90.0, 608.0)	(91.0, 485.0)	(92.0, 412.0)	(93.0, 337.5)	(94.0, 266.0)	(95.0, 207.0)	(96.0, 136.0)	(97.0, 83.0)	(98.0, 63.0)	(99.0, 40.0)	(100.0, 20.5)
SRR26064284_1	(0.0, 26.0)	(1.0, 41.0)	(2.0, 43.5)	(3.0, 25.0)	(4.0, 18.0)	(5.0, 16.0)	(6.0, 18.5)	(7.0, 22.0)	(8.0, 32.0)	(9.0, 57.5)	(10.0, 82.0)	(11.0, 108.0)	(12.0, 145.5)	(13.0, 233.5)	(14.0, 394.0)	(15.0, 594.5)	(16.0, 918.5)	(17.0, 1493.0)	(18.0, 2349.5)	(19.0, 3441.5)	(20.0, 5241.5)	(21.0, 8171.0)	(22.0, 13395.5)	(23.0, 22131.0)	(24.0, 33284.5)	(25.0, 47931.0)	(26.0, 68289.5)	(27.0, 94713.0)	(28.0, 133828.5)	(29.0, 179759.0)	(30.0, 222808.0)	(31.0, 276756.0)	(32.0, 340153.0)	(33.0, 399136.0)	(34.0, 456022.5)	(35.0, 519634.0)	(36.0, 580513.0)	(37.0, 636192.0)	(38.0, 679232.0)	(39.0, 716809.5)	(40.0, 767437.0)	(41.0, 837754.5)	(42.0, 864634.0)	(43.0, 852405.5)	(44.0, 873225.5)	(45.0, 900875.0)	(46.0, 925705.0)	(47.0, 944849.0)	(48.0, 935478.0)	(49.0, 921116.5)	(50.0, 933272.0)	(51.0, 948230.5)	(52.0, 944057.5)	(53.0, 953822.0)	(54.0, 1009723.0)	(55.0, 1064707.5)	(56.0, 1081937.0)	(57.0, 1055318.5)	(58.0, 1034118.5)	(59.0, 969565.5)	(60.0, 864234.0)	(61.0, 849785.0)	(62.0, 830373.5)	(63.0, 741267.0)	(64.0, 708842.0)	(65.0, 704812.5)	(66.0, 671672.5)	(67.0, 617614.0)	(68.0, 485142.0)	(69.0, 372551.5)	(70.0, 277735.0)	(71.0, 165095.0)	(72.0, 103934.5)	(73.0, 72917.0)	(74.0, 54843.5)	(75.0, 40697.0)	(76.0, 30601.5)	(77.0, 24235.5)	(78.0, 20303.5)	(79.0, 16519.5)	(80.0, 12200.0)	(81.0, 8501.0)	(82.0, 6790.5)	(83.0, 5594.5)	(84.0, 4078.5)	(85.0, 2592.5)	(86.0, 1539.5)	(87.0, 923.0)	(88.0, 586.5)	(89.0, 418.0)	(90.0, 314.5)	(91.0, 233.5)	(92.0, 185.0)	(93.0, 141.5)	(94.0, 98.0)	(95.0, 61.0)	(96.0, 43.5)	(97.0, 32.5)	(98.0, 22.0)	(99.0, 14.0)	(100.0, 7.0)
SRR26064284_2	(0.0, 13.0)	(1.0, 46.5)	(2.0, 77.5)	(3.0, 64.0)	(4.0, 43.5)	(5.0, 34.5)	(6.0, 36.5)	(7.0, 52.5)	(8.0, 90.5)	(9.0, 138.5)	(10.0, 168.0)	(11.0, 184.0)	(12.0, 217.0)	(13.0, 274.0)	(14.0, 414.5)	(15.0, 615.0)	(16.0, 979.0)	(17.0, 1591.0)	(18.0, 2341.0)	(19.0, 3362.0)	(20.0, 5160.5)	(21.0, 7942.5)	(22.0, 12740.5)	(23.0, 20957.5)	(24.0, 31939.0)	(25.0, 45889.0)	(26.0, 65536.0)	(27.0, 91434.0)	(28.0, 129737.5)	(29.0, 174810.0)	(30.0, 218439.5)	(31.0, 273454.5)	(32.0, 336400.5)	(33.0, 396056.0)	(34.0, 453354.5)	(35.0, 519062.0)	(36.0, 581248.0)	(37.0, 633608.5)	(38.0, 676802.0)	(39.0, 718279.5)	(40.0, 769330.0)	(41.0, 835848.0)	(42.0, 865265.0)	(43.0, 857129.5)	(44.0, 878927.0)	(45.0, 906624.5)	(46.0, 929406.5)	(47.0, 950106.5)	(48.0, 941786.0)	(49.0, 923353.0)	(50.0, 932429.0)	(51.0, 950851.0)	(52.0, 950734.5)	(53.0, 959935.0)	(54.0, 1008249.5)	(55.0, 1050787.5)	(56.0, 1068194.5)	(57.0, 1054799.5)	(58.0, 1036836.0)	(59.0, 970846.5)	(60.0, 863942.5)	(61.0, 838932.5)	(62.0, 814039.5)	(63.0, 735271.5)	(64.0, 702631.0)	(65.0, 685481.0)	(66.0, 645945.0)	(67.0, 589815.0)	(68.0, 471314.0)	(69.0, 371659.0)	(70.0, 288321.0)	(71.0, 187741.0)	(72.0, 125555.0)	(73.0, 90817.5)	(74.0, 68726.0)	(75.0, 51810.0)	(76.0, 39650.0)	(77.0, 31596.5)	(78.0, 25910.0)	(79.0, 20820.5)	(80.0, 15912.0)	(81.0, 11920.0)	(82.0, 9370.5)	(83.0, 7496.5)	(84.0, 5711.5)	(85.0, 4150.5)	(86.0, 2904.5)	(87.0, 1967.0)	(88.0, 1386.0)	(89.0, 1023.0)	(90.0, 765.5)	(91.0, 604.0)	(92.0, 462.0)	(93.0, 343.5)	(94.0, 261.0)	(95.0, 184.0)	(96.0, 132.5)	(97.0, 103.0)	(98.0, 69.0)	(99.0, 37.5)	(100.0, 18.5)
SRR26064285_1	(0.0, 92.0)	(1.0, 185.0)	(2.0, 257.5)	(3.0, 130.0)	(4.0, 26.0)	(5.0, 25.0)	(6.0, 17.5)	(7.0, 11.5)	(8.0, 12.5)	(9.0, 17.5)	(10.0, 22.5)	(11.0, 33.5)	(12.0, 47.5)	(13.0, 74.5)	(14.0, 125.0)	(15.0, 198.5)	(16.0, 327.0)	(17.0, 552.5)	(18.0, 830.5)	(19.0, 1118.0)	(20.0, 1688.0)	(21.0, 2631.0)	(22.0, 4239.0)	(23.0, 7050.5)	(24.0, 11574.0)	(25.0, 19096.0)	(26.0, 33617.0)	(27.0, 57863.5)	(28.0, 96868.5)	(29.0, 149350.5)	(30.0, 212556.5)	(31.0, 290661.5)	(32.0, 379363.5)	(33.0, 471742.0)	(34.0, 556052.0)	(35.0, 634123.0)	(36.0, 712979.5)	(37.0, 768745.5)	(38.0, 780802.5)	(39.0, 793794.0)	(40.0, 810960.5)	(41.0, 901267.0)	(42.0, 907960.5)	(43.0, 765564.5)	(44.0, 708293.5)	(45.0, 645275.5)	(46.0, 571868.5)	(47.0, 591091.0)	(48.0, 616934.0)	(49.0, 608489.0)	(50.0, 611190.5)	(51.0, 658626.5)	(52.0, 701531.5)	(53.0, 813125.5)	(54.0, 993622.0)	(55.0, 1204545.0)	(56.0, 1432963.0)	(57.0, 1509123.5)	(58.0, 1619418.0)	(59.0, 1479642.5)	(60.0, 1143906.0)	(61.0, 1199815.5)	(62.0, 1345456.5)	(63.0, 1252291.0)	(64.0, 1355892.0)	(65.0, 1606744.0)	(66.0, 1719065.0)	(67.0, 1708601.5)	(68.0, 1309898.5)	(69.0, 1025380.5)	(70.0, 768181.0)	(71.0, 359464.0)	(72.0, 172197.0)	(73.0, 87033.5)	(74.0, 55244.5)	(75.0, 38754.0)	(76.0, 28630.0)	(77.0, 22998.5)	(78.0, 19067.0)	(79.0, 15329.5)	(80.0, 11621.5)	(81.0, 8470.0)	(82.0, 6947.0)	(83.0, 5949.5)	(84.0, 4545.5)	(85.0, 3055.0)	(86.0, 2001.5)	(87.0, 1317.0)	(88.0, 856.0)	(89.0, 606.0)	(90.0, 434.5)	(91.0, 311.5)	(92.0, 257.5)	(93.0, 203.0)	(94.0, 130.0)	(95.0, 82.5)	(96.0, 55.5)	(97.0, 33.0)	(98.0, 24.0)	(99.0, 15.5)	(100.0, 5.5)
SRR26064285_2	(0.0, 6.0)	(1.0, 17.0)	(2.0, 25.5)	(3.0, 22.0)	(4.0, 16.0)	(5.0, 11.0)	(6.0, 9.0)	(7.0, 15.5)	(8.0, 24.0)	(9.0, 33.5)	(10.0, 44.0)	(11.0, 58.0)	(12.0, 78.0)	(13.0, 95.5)	(14.0, 126.0)	(15.0, 208.0)	(16.0, 317.5)	(17.0, 500.5)	(18.0, 749.5)	(19.0, 1064.0)	(20.0, 1640.0)	(21.0, 2549.5)	(22.0, 4063.5)	(23.0, 6785.5)	(24.0, 10923.5)	(25.0, 18020.5)	(26.0, 31444.0)	(27.0, 53617.5)	(28.0, 90108.5)	(29.0, 140456.0)	(30.0, 200706.5)	(31.0, 277060.0)	(32.0, 364471.5)	(33.0, 452620.5)	(34.0, 538304.0)	(35.0, 619673.0)	(36.0, 697511.0)	(37.0, 754073.5)	(38.0, 770778.5)	(39.0, 804200.0)	(40.0, 826181.5)	(41.0, 900138.0)	(42.0, 915571.5)	(43.0, 773698.5)	(44.0, 724318.5)	(45.0, 671085.0)	(46.0, 585931.0)	(47.0, 607134.5)	(48.0, 622625.5)	(49.0, 600006.5)	(50.0, 605946.0)	(51.0, 657153.5)	(52.0, 706994.0)	(53.0, 800274.5)	(54.0, 972309.5)	(55.0, 1164722.5)	(56.0, 1393147.5)	(57.0, 1517156.0)	(58.0, 1624760.0)	(59.0, 1475725.0)	(60.0, 1143620.0)	(61.0, 1186426.5)	(62.0, 1305752.5)	(63.0, 1239079.5)	(64.0, 1340071.0)	(65.0, 1521989.5)	(66.0, 1609885.0)	(67.0, 1607511.0)	(68.0, 1264622.0)	(69.0, 1021085.0)	(70.0, 807814.0)	(71.0, 447331.5)	(72.0, 257721.5)	(73.0, 162194.5)	(74.0, 112734.0)	(75.0, 83473.5)	(76.0, 63836.5)	(77.0, 50745.0)	(78.0, 41668.5)	(79.0, 33999.5)	(80.0, 27176.5)	(81.0, 21639.5)	(82.0, 17485.5)	(83.0, 14641.5)	(84.0, 12083.0)	(85.0, 9549.5)	(86.0, 7436.5)	(87.0, 5688.0)	(88.0, 4371.0)	(89.0, 3336.5)	(90.0, 2545.5)	(91.0, 1920.5)	(92.0, 1465.0)	(93.0, 1070.0)	(94.0, 734.5)	(95.0, 490.5)	(96.0, 329.0)	(97.0, 187.5)	(98.0, 97.5)	(99.0, 64.5)	(100.0, 33.0)
SRR26064286_1	(0.0, 13.0)	(1.0, 13.0)	(2.0, 11.0)	(3.0, 7.5)	(4.0, 8.5)	(5.0, 11.5)	(6.0, 14.0)	(7.0, 24.0)	(8.0, 40.5)	(9.0, 57.0)	(10.0, 84.0)	(11.0, 125.0)	(12.0, 193.5)	(13.0, 309.5)	(14.0, 539.0)	(15.0, 885.0)	(16.0, 1480.0)	(17.0, 2600.5)	(18.0, 4197.0)	(19.0, 6406.5)	(20.0, 9941.0)	(21.0, 15367.0)	(22.0, 24776.5)	(23.0, 40004.5)	(24.0, 59383.5)	(25.0, 83804.5)	(26.0, 115934.5)	(27.0, 152229.5)	(28.0, 191299.5)	(29.0, 226077.5)	(30.0, 254201.5)	(31.0, 289246.0)	(32.0, 330024.5)	(33.0, 368976.5)	(34.0, 408939.5)	(35.0, 456501.5)	(36.0, 506236.5)	(37.0, 553244.5)	(38.0, 589743.5)	(39.0, 626816.5)	(40.0, 673271.0)	(41.0, 767090.5)	(42.0, 807223.0)	(43.0, 764110.0)	(44.0, 777595.0)	(45.0, 784110.5)	(46.0, 769503.5)	(47.0, 795405.5)	(48.0, 806468.5)	(49.0, 804441.5)	(50.0, 823898.0)	(51.0, 845216.0)	(52.0, 854547.0)	(53.0, 895099.0)	(54.0, 1015179.5)	(55.0, 1155125.5)	(56.0, 1264398.5)	(57.0, 1282555.0)	(58.0, 1290201.5)	(59.0, 1161457.5)	(60.0, 938427.5)	(61.0, 965222.5)	(62.0, 1028888.5)	(63.0, 922523.5)	(64.0, 935869.5)	(65.0, 1058720.0)	(66.0, 1108367.5)	(67.0, 1074118.5)	(68.0, 819601.0)	(69.0, 631456.5)	(70.0, 469756.0)	(71.0, 229271.0)	(72.0, 120808.5)	(73.0, 71074.5)	(74.0, 50588.5)	(75.0, 38289.5)	(76.0, 29127.0)	(77.0, 23582.0)	(78.0, 19695.0)	(79.0, 15640.0)	(80.0, 11500.0)	(81.0, 8477.5)	(82.0, 6975.5)	(83.0, 5726.0)	(84.0, 4361.5)	(85.0, 2935.5)	(86.0, 1626.5)	(87.0, 921.0)	(88.0, 591.0)	(89.0, 412.0)	(90.0, 287.5)	(91.0, 209.0)	(92.0, 149.5)	(93.0, 104.0)	(94.0, 66.5)	(95.0, 44.5)	(96.0, 30.0)	(97.0, 16.5)	(98.0, 12.5)	(99.0, 11.0)	(100.0, 5.5)
SRR26064286_2	(0.0, 1.0)	(1.0, 4.5)	(2.0, 7.0)	(3.0, 7.0)	(4.0, 10.5)	(5.0, 18.0)	(6.0, 24.0)	(7.0, 40.0)	(8.0, 78.5)	(9.0, 130.0)	(10.0, 179.5)	(11.0, 209.5)	(12.0, 282.0)	(13.0, 429.0)	(14.0, 670.5)	(15.0, 1054.0)	(16.0, 1715.0)	(17.0, 2788.5)	(18.0, 4322.5)	(19.0, 6582.0)	(20.0, 10230.0)	(21.0, 15626.0)	(22.0, 25053.5)	(23.0, 40342.5)	(24.0, 59828.0)	(25.0, 84165.0)	(26.0, 116100.0)	(27.0, 152458.5)	(28.0, 192025.5)	(29.0, 227817.0)	(30.0, 256342.5)	(31.0, 291745.0)	(32.0, 333823.5)	(33.0, 374520.5)	(34.0, 415490.0)	(35.0, 462712.0)	(36.0, 513332.0)	(37.0, 560144.0)	(38.0, 594562.5)	(39.0, 634229.0)	(40.0, 681100.5)	(41.0, 771061.5)	(42.0, 818677.5)	(43.0, 780104.5)	(44.0, 792594.5)	(45.0, 798920.5)	(46.0, 781514.5)	(47.0, 808786.0)	(48.0, 813939.5)	(49.0, 807157.0)	(50.0, 834140.5)	(51.0, 870527.5)	(52.0, 889958.5)	(53.0, 916223.5)	(54.0, 1012229.5)	(55.0, 1131380.5)	(56.0, 1229298.0)	(57.0, 1248362.5)	(58.0, 1262126.5)	(59.0, 1146659.5)	(60.0, 934367.5)	(61.0, 948976.0)	(62.0, 986279.0)	(63.0, 898705.0)	(64.0, 928429.0)	(65.0, 1010083.0)	(66.0, 1030883.0)	(67.0, 994436.5)	(68.0, 770831.0)	(69.0, 614070.5)	(70.0, 479168.5)	(71.0, 266643.0)	(72.0, 159582.5)	(73.0, 106016.5)	(74.0, 77292.5)	(75.0, 58693.0)	(76.0, 45143.0)	(77.0, 36312.0)	(78.0, 29833.0)	(79.0, 23625.5)	(80.0, 18046.5)	(81.0, 14011.5)	(82.0, 11322.0)	(83.0, 9043.0)	(84.0, 7102.5)	(85.0, 5409.5)	(86.0, 3831.0)	(87.0, 2707.0)	(88.0, 2021.0)	(89.0, 1481.0)	(90.0, 1090.5)	(91.0, 827.0)	(92.0, 629.5)	(93.0, 456.0)	(94.0, 338.5)	(95.0, 242.0)	(96.0, 157.0)	(97.0, 97.0)	(98.0, 56.5)	(99.0, 32.0)	(100.0, 14.0)
SRR26064287_1	(0.0, 11.0)	(1.0, 10.0)	(2.0, 10.5)	(3.0, 8.0)	(4.0, 4.5)	(5.0, 10.5)	(6.0, 19.5)	(7.0, 29.0)	(8.0, 41.5)	(9.0, 61.5)	(10.0, 84.0)	(11.0, 127.5)	(12.0, 212.0)	(13.0, 349.0)	(14.0, 543.0)	(15.0, 838.0)	(16.0, 1375.5)	(17.0, 2432.5)	(18.0, 3917.0)	(19.0, 5680.5)	(20.0, 8634.5)	(21.0, 13356.5)	(22.0, 21001.0)	(23.0, 33664.5)	(24.0, 50782.0)	(25.0, 73178.5)	(26.0, 102790.0)	(27.0, 134904.0)	(28.0, 164290.0)	(29.0, 185305.5)	(30.0, 202402.5)	(31.0, 226342.5)	(32.0, 255830.5)	(33.0, 286112.5)	(34.0, 317094.5)	(35.0, 355356.5)	(36.0, 402995.5)	(37.0, 448435.0)	(38.0, 479037.0)	(39.0, 516512.5)	(40.0, 567878.5)	(41.0, 709339.0)	(42.0, 777120.5)	(43.0, 701474.5)	(44.0, 713772.0)	(45.0, 712517.5)	(46.0, 677685.0)	(47.0, 716809.5)	(48.0, 720159.0)	(49.0, 732029.5)	(50.0, 795860.5)	(51.0, 830937.5)	(52.0, 853779.5)	(53.0, 895855.5)	(54.0, 1128908.0)	(55.0, 1418076.5)	(56.0, 1589196.5)	(57.0, 1634925.5)	(58.0, 1654438.0)	(59.0, 1444224.5)	(60.0, 1077094.5)	(61.0, 1120181.5)	(62.0, 1216880.5)	(63.0, 1067889.0)	(64.0, 1098753.0)	(65.0, 1262262.0)	(66.0, 1341411.5)	(67.0, 1312540.5)	(68.0, 993833.5)	(69.0, 762981.0)	(70.0, 562613.5)	(71.0, 261294.0)	(72.0, 128630.5)	(73.0, 70881.0)	(74.0, 48721.5)	(75.0, 36425.5)	(76.0, 27551.5)	(77.0, 22370.5)	(78.0, 18781.0)	(79.0, 14761.0)	(80.0, 10860.0)	(81.0, 7978.5)	(82.0, 6552.0)	(83.0, 5626.5)	(84.0, 4313.0)	(85.0, 2894.5)	(86.0, 1735.0)	(87.0, 1001.0)	(88.0, 666.5)	(89.0, 470.0)	(90.0, 339.5)	(91.0, 245.5)	(92.0, 185.5)	(93.0, 135.5)	(94.0, 79.5)	(95.0, 49.5)	(96.0, 32.5)	(97.0, 20.0)	(98.0, 13.5)	(99.0, 6.0)	(100.0, 1.5)
SRR26064287_2	(0.0, 4.0)	(1.0, 5.0)	(2.0, 6.5)	(3.0, 7.5)	(4.0, 8.5)	(5.0, 10.5)	(6.0, 19.5)	(7.0, 40.0)	(8.0, 80.0)	(9.0, 143.5)	(10.0, 197.0)	(11.0, 236.0)	(12.0, 308.5)	(13.0, 445.0)	(14.0, 673.0)	(15.0, 1021.5)	(16.0, 1653.5)	(17.0, 2698.0)	(18.0, 4108.5)	(19.0, 5987.0)	(20.0, 9040.0)	(21.0, 13723.5)	(22.0, 21478.5)	(23.0, 34186.5)	(24.0, 51839.0)	(25.0, 74615.5)	(26.0, 104282.5)	(27.0, 136837.5)	(28.0, 166789.5)	(29.0, 188340.5)	(30.0, 205116.0)	(31.0, 228800.0)	(32.0, 258075.5)	(33.0, 287894.5)	(34.0, 319201.0)	(35.0, 358203.5)	(36.0, 406742.0)	(37.0, 451303.5)	(38.0, 478388.5)	(39.0, 519155.5)	(40.0, 570122.0)	(41.0, 704390.5)	(42.0, 781022.5)	(43.0, 714321.5)	(44.0, 732786.0)	(45.0, 730898.0)	(46.0, 688547.0)	(47.0, 732416.5)	(48.0, 732047.5)	(49.0, 731671.0)	(50.0, 792988.5)	(51.0, 836936.5)	(52.0, 872965.5)	(53.0, 914754.0)	(54.0, 1119331.0)	(55.0, 1378287.0)	(56.0, 1554671.5)	(57.0, 1614896.0)	(58.0, 1636942.0)	(59.0, 1438384.5)	(60.0, 1084474.5)	(61.0, 1114506.5)	(62.0, 1178520.5)	(63.0, 1044901.5)	(64.0, 1083087.0)	(65.0, 1207882.5)	(66.0, 1262782.5)	(67.0, 1226966.0)	(68.0, 943730.0)	(69.0, 746441.0)	(70.0, 580878.0)	(71.0, 312035.5)	(72.0, 177925.0)	(73.0, 113664.5)	(74.0, 80833.0)	(75.0, 60757.0)	(76.0, 46528.5)	(77.0, 37564.5)	(78.0, 31080.0)	(79.0, 24753.5)	(80.0, 19150.0)	(81.0, 14949.0)	(82.0, 12240.5)	(83.0, 10181.0)	(84.0, 8113.0)	(85.0, 6251.0)	(86.0, 4635.0)	(87.0, 3428.5)	(88.0, 2607.0)	(89.0, 1936.5)	(90.0, 1435.5)	(91.0, 1075.0)	(92.0, 775.5)	(93.0, 561.5)	(94.0, 406.0)	(95.0, 280.0)	(96.0, 180.0)	(97.0, 118.0)	(98.0, 83.0)	(99.0, 49.0)	(100.0, 20.0)
SRR26064288_1	(0.0, 15.0)	(1.0, 17.0)	(2.0, 13.0)	(3.0, 6.0)	(4.0, 6.5)	(5.0, 7.5)	(6.0, 11.5)	(7.0, 21.0)	(8.0, 32.5)	(9.0, 41.5)	(10.0, 74.0)	(11.0, 104.0)	(12.0, 133.0)	(13.0, 224.5)	(14.0, 362.5)	(15.0, 568.0)	(16.0, 957.0)	(17.0, 1672.5)	(18.0, 2741.0)	(19.0, 4114.5)	(20.0, 6366.0)	(21.0, 10004.0)	(22.0, 16143.0)	(23.0, 26518.0)	(24.0, 41300.5)	(25.0, 60758.5)	(26.0, 87298.0)	(27.0, 116590.0)	(28.0, 143143.5)	(29.0, 160799.0)	(30.0, 173925.0)	(31.0, 195105.5)	(32.0, 221217.0)	(33.0, 247890.0)	(34.0, 275945.0)	(35.0, 308777.0)	(36.0, 350062.5)	(37.0, 390671.5)	(38.0, 417109.0)	(39.0, 452473.0)	(40.0, 500706.5)	(41.0, 647203.0)	(42.0, 716488.0)	(43.0, 627317.0)	(44.0, 639670.5)	(45.0, 634038.0)	(46.0, 593280.5)	(47.0, 642418.5)	(48.0, 679943.0)	(49.0, 673081.0)	(50.0, 682221.5)	(51.0, 737067.5)	(52.0, 775850.0)	(53.0, 888621.0)	(54.0, 1083006.5)	(55.0, 1314254.5)	(56.0, 1587632.5)	(57.0, 1657808.5)	(58.0, 1669090.0)	(59.0, 1427215.0)	(60.0, 1050026.0)	(61.0, 1062934.0)	(62.0, 1115583.5)	(63.0, 994504.5)	(64.0, 1049907.5)	(65.0, 1237442.5)	(66.0, 1337928.0)	(67.0, 1322848.0)	(68.0, 1002107.5)	(69.0, 766560.0)	(70.0, 566802.5)	(71.0, 263687.0)	(72.0, 128468.5)	(73.0, 68755.0)	(74.0, 46417.5)	(75.0, 34554.5)	(76.0, 26297.0)	(77.0, 21603.5)	(78.0, 18092.5)	(79.0, 14216.0)	(80.0, 10432.0)	(81.0, 7821.0)	(82.0, 6776.0)	(83.0, 5762.0)	(84.0, 4396.5)	(85.0, 3066.0)	(86.0, 1772.5)	(87.0, 969.0)	(88.0, 610.0)	(89.0, 423.0)	(90.0, 319.5)	(91.0, 243.0)	(92.0, 172.5)	(93.0, 131.5)	(94.0, 92.5)	(95.0, 50.5)	(96.0, 30.0)	(97.0, 16.0)	(98.0, 10.5)	(99.0, 7.0)	(100.0, 4.0)
SRR26064288_2	(0.0, 2.0)	(1.0, 4.5)	(2.0, 6.0)	(3.0, 8.0)	(4.0, 10.0)	(5.0, 12.0)	(6.0, 19.5)	(7.0, 33.5)	(8.0, 51.5)	(9.0, 74.5)	(10.0, 113.0)	(11.0, 148.0)	(12.0, 201.0)	(13.0, 300.5)	(14.0, 458.0)	(15.0, 707.0)	(16.0, 1140.0)	(17.0, 1818.5)	(18.0, 2801.0)	(19.0, 4242.5)	(20.0, 6616.0)	(21.0, 10250.0)	(22.0, 16401.5)	(23.0, 26746.0)	(24.0, 41576.0)	(25.0, 61378.5)	(26.0, 88321.0)	(27.0, 118264.0)	(28.0, 145328.5)	(29.0, 163864.5)	(30.0, 176969.5)	(31.0, 197087.0)	(32.0, 223063.5)	(33.0, 249344.0)	(34.0, 276775.0)	(35.0, 309597.0)	(36.0, 353260.0)	(37.0, 393307.0)	(38.0, 416909.5)	(39.0, 456674.5)	(40.0, 503738.0)	(41.0, 644941.5)	(42.0, 721715.5)	(43.0, 640034.5)	(44.0, 662723.5)	(45.0, 657311.5)	(46.0, 605905.0)	(47.0, 659964.5)	(48.0, 690862.5)	(49.0, 672990.5)	(50.0, 684578.5)	(51.0, 744695.0)	(52.0, 794007.0)	(53.0, 889227.0)	(54.0, 1068750.5)	(55.0, 1281582.0)	(56.0, 1535764.5)	(57.0, 1622897.5)	(58.0, 1647920.5)	(59.0, 1423936.0)	(60.0, 1057036.0)	(61.0, 1055738.5)	(62.0, 1082219.5)	(63.0, 980340.0)	(64.0, 1047670.0)	(65.0, 1181186.0)	(66.0, 1247917.5)	(67.0, 1227373.0)	(68.0, 942999.0)	(69.0, 750254.0)	(70.0, 587397.0)	(71.0, 318377.5)	(72.0, 183027.5)	(73.0, 116771.0)	(74.0, 82779.5)	(75.0, 62634.5)	(76.0, 48460.0)	(77.0, 39340.0)	(78.0, 32685.0)	(79.0, 26315.0)	(80.0, 20567.5)	(81.0, 16120.0)	(82.0, 13140.0)	(83.0, 10729.0)	(84.0, 8554.0)	(85.0, 6685.5)	(86.0, 4939.0)	(87.0, 3587.0)	(88.0, 2651.5)	(89.0, 1989.5)	(90.0, 1469.5)	(91.0, 1082.0)	(92.0, 789.5)	(93.0, 579.5)	(94.0, 420.0)	(95.0, 284.5)	(96.0, 189.0)	(97.0, 111.5)	(98.0, 67.0)	(99.0, 41.0)	(100.0, 18.5)
SRR26064289_1	(0.0, 12.0)	(1.0, 14.5)	(2.0, 13.0)	(3.0, 8.5)	(4.0, 8.0)	(5.0, 8.0)	(6.0, 13.0)	(7.0, 22.5)	(8.0, 33.5)	(9.0, 46.5)	(10.0, 66.0)	(11.0, 95.5)	(12.0, 155.0)	(13.0, 256.0)	(14.0, 405.0)	(15.0, 622.0)	(16.0, 1063.0)	(17.0, 1929.5)	(18.0, 3053.5)	(19.0, 4539.0)	(20.0, 7014.0)	(21.0, 10958.0)	(22.0, 17595.5)	(23.0, 28548.0)	(24.0, 43756.0)	(25.0, 63938.5)	(26.0, 91364.5)	(27.0, 123166.0)	(28.0, 155780.0)	(29.0, 183901.5)	(30.0, 208013.0)	(31.0, 238016.5)	(32.0, 273326.5)	(33.0, 309406.5)	(34.0, 345311.5)	(35.0, 385000.0)	(36.0, 431528.5)	(37.0, 475704.0)	(38.0, 507741.5)	(39.0, 544340.5)	(40.0, 588981.0)	(41.0, 702122.0)	(42.0, 756229.0)	(43.0, 698490.5)	(44.0, 710647.5)	(45.0, 709348.5)	(46.0, 686177.0)	(47.0, 726543.0)	(48.0, 732408.0)	(49.0, 739079.0)	(50.0, 786496.5)	(51.0, 812366.5)	(52.0, 831010.0)	(53.0, 863848.5)	(54.0, 1042161.5)	(55.0, 1265511.0)	(56.0, 1408303.5)	(57.0, 1456349.5)	(58.0, 1489991.0)	(59.0, 1322591.5)	(60.0, 1012232.0)	(61.0, 1075049.5)	(62.0, 1194951.5)	(63.0, 1066386.0)	(64.0, 1100975.5)	(65.0, 1266022.5)	(66.0, 1353887.0)	(67.0, 1339140.0)	(68.0, 1030875.5)	(69.0, 798726.0)	(70.0, 590255.5)	(71.0, 285990.5)	(72.0, 146722.0)	(73.0, 83584.0)	(74.0, 58485.5)	(75.0, 44295.5)	(76.0, 33700.5)	(77.0, 27520.5)	(78.0, 23045.0)	(79.0, 18261.0)	(80.0, 13792.5)	(81.0, 10731.5)	(82.0, 9219.0)	(83.0, 7496.5)	(84.0, 6044.0)	(85.0, 4305.0)	(86.0, 2275.0)	(87.0, 1372.0)	(88.0, 920.0)	(89.0, 656.5)	(90.0, 469.0)	(91.0, 346.0)	(92.0, 254.5)	(93.0, 163.5)	(94.0, 103.0)	(95.0, 63.5)	(96.0, 33.5)	(97.0, 20.0)	(98.0, 14.5)	(99.0, 9.0)	(100.0, 3.5)
SRR26064289_2	(0.0, 2.0)	(1.0, 5.5)	(2.0, 7.0)	(3.0, 8.0)	(4.0, 14.0)	(5.0, 14.5)	(6.0, 17.0)	(7.0, 35.5)	(8.0, 69.0)	(9.0, 106.5)	(10.0, 129.5)	(11.0, 160.0)	(12.0, 218.5)	(13.0, 338.5)	(14.0, 509.0)	(15.0, 766.5)	(16.0, 1256.0)	(17.0, 2035.5)	(18.0, 3154.5)	(19.0, 4751.5)	(20.0, 7250.0)	(21.0, 11368.5)	(22.0, 18186.0)	(23.0, 28845.5)	(24.0, 44211.0)	(25.0, 64745.0)	(26.0, 92113.5)	(27.0, 123791.0)	(28.0, 156620.0)	(29.0, 184958.0)	(30.0, 209205.5)	(31.0, 239711.5)	(32.0, 275214.0)	(33.0, 311181.5)	(34.0, 347523.0)	(35.0, 387315.5)	(36.0, 434719.0)	(37.0, 478032.5)	(38.0, 508089.0)	(39.0, 547331.0)	(40.0, 590455.0)	(41.0, 699521.0)	(42.0, 759759.0)	(43.0, 708900.5)	(44.0, 727521.0)	(45.0, 728261.5)	(46.0, 698387.5)	(47.0, 739012.5)	(48.0, 744027.5)	(49.0, 739916.5)	(50.0, 782811.0)	(51.0, 821915.5)	(52.0, 851975.5)	(53.0, 879117.0)	(54.0, 1036759.0)	(55.0, 1239723.0)	(56.0, 1387110.0)	(57.0, 1439285.0)	(58.0, 1465729.5)	(59.0, 1316405.0)	(60.0, 1027016.5)	(61.0, 1067685.5)	(62.0, 1156930.0)	(63.0, 1046970.5)	(64.0, 1082597.5)	(65.0, 1207393.0)	(66.0, 1267122.5)	(67.0, 1243540.5)	(68.0, 973658.0)	(69.0, 774811.0)	(70.0, 599839.5)	(71.0, 333114.0)	(72.0, 197821.5)	(73.0, 130654.0)	(74.0, 94830.5)	(75.0, 72575.5)	(76.0, 56013.0)	(77.0, 45320.0)	(78.0, 37546.5)	(79.0, 29967.5)	(80.0, 23613.5)	(81.0, 18882.0)	(82.0, 15394.5)	(83.0, 12475.5)	(84.0, 10054.5)	(85.0, 7735.5)	(86.0, 5497.5)	(87.0, 3946.5)	(88.0, 2885.0)	(89.0, 2115.5)	(90.0, 1520.0)	(91.0, 1094.0)	(92.0, 815.5)	(93.0, 625.5)	(94.0, 439.0)	(95.0, 289.5)	(96.0, 195.5)	(97.0, 112.5)	(98.0, 59.0)	(99.0, 39.0)	(100.0, 19.5)
SRR26064290_1	(0.0, 7.0)	(1.0, 7.0)	(2.0, 6.5)	(3.0, 5.5)	(4.0, 9.0)	(5.0, 11.0)	(6.0, 10.0)	(7.0, 15.5)	(8.0, 27.5)	(9.0, 47.0)	(10.0, 67.0)	(11.0, 88.0)	(12.0, 138.0)	(13.0, 244.5)	(14.0, 397.0)	(15.0, 605.0)	(16.0, 1011.5)	(17.0, 1822.0)	(18.0, 2836.5)	(19.0, 4103.0)	(20.0, 6449.0)	(21.0, 10206.0)	(22.0, 16376.0)	(23.0, 26760.0)	(24.0, 41351.5)	(25.0, 61171.0)	(26.0, 89002.0)	(27.0, 123500.0)	(28.0, 163740.5)	(29.0, 202585.0)	(30.0, 238195.5)	(31.0, 281043.0)	(32.0, 327828.0)	(33.0, 374720.5)	(34.0, 422008.5)	(35.0, 474295.5)	(36.0, 531927.5)	(37.0, 587079.5)	(38.0, 632165.0)	(39.0, 679039.5)	(40.0, 736575.0)	(41.0, 847353.0)	(42.0, 901919.5)	(43.0, 868286.5)	(44.0, 887473.5)	(45.0, 902069.0)	(46.0, 899626.0)	(47.0, 936900.0)	(48.0, 946423.5)	(49.0, 953863.5)	(50.0, 996897.5)	(51.0, 1025443.0)	(52.0, 1039026.0)	(53.0, 1068848.0)	(54.0, 1210134.0)	(55.0, 1382995.0)	(56.0, 1500831.5)	(57.0, 1526467.5)	(58.0, 1528709.0)	(59.0, 1383504.0)	(60.0, 1132752.5)	(61.0, 1155732.5)	(62.0, 1213418.5)	(63.0, 1085483.0)	(64.0, 1082775.5)	(65.0, 1180385.5)	(66.0, 1214074.5)	(67.0, 1166376.0)	(68.0, 895497.0)	(69.0, 697743.0)	(70.0, 521029.5)	(71.0, 265934.5)	(72.0, 149340.5)	(73.0, 95098.5)	(74.0, 70863.5)	(75.0, 54430.5)	(76.0, 41689.5)	(77.0, 34265.5)	(78.0, 29068.5)	(79.0, 23326.5)	(80.0, 17432.5)	(81.0, 13171.5)	(82.0, 11070.5)	(83.0, 9170.5)	(84.0, 6995.5)	(85.0, 4738.5)	(86.0, 2727.0)	(87.0, 1593.5)	(88.0, 1056.5)	(89.0, 710.5)	(90.0, 484.5)	(91.0, 353.5)	(92.0, 254.5)	(93.0, 177.0)	(94.0, 117.5)	(95.0, 71.5)	(96.0, 41.5)	(97.0, 25.0)	(98.0, 16.0)	(99.0, 9.5)	(100.0, 3.5)
SRR26064290_2	(0.0, 3.0)	(1.0, 1.5)	(2.0, 1.5)	(3.0, 6.0)	(4.0, 9.0)	(5.0, 13.0)	(6.0, 21.5)	(7.0, 30.0)	(8.0, 51.0)	(9.0, 81.0)	(10.0, 106.5)	(11.0, 141.0)	(12.0, 210.5)	(13.0, 309.5)	(14.0, 428.5)	(15.0, 651.0)	(16.0, 1125.0)	(17.0, 1853.5)	(18.0, 2909.0)	(19.0, 4351.0)	(20.0, 6632.5)	(21.0, 10341.0)	(22.0, 16548.5)	(23.0, 26815.5)	(24.0, 41158.5)	(25.0, 60895.5)	(26.0, 88529.5)	(27.0, 123202.0)	(28.0, 163480.5)	(29.0, 203790.5)	(30.0, 240847.5)	(31.0, 282595.0)	(32.0, 330702.5)	(33.0, 379926.0)	(34.0, 427827.5)	(35.0, 480135.0)	(36.0, 538767.5)	(37.0, 593556.5)	(38.0, 638220.5)	(39.0, 688986.5)	(40.0, 745637.5)	(41.0, 851661.5)	(42.0, 909232.5)	(43.0, 881049.0)	(44.0, 909351.5)	(45.0, 922524.0)	(46.0, 910124.5)	(47.0, 948863.0)	(48.0, 957218.0)	(49.0, 958798.0)	(50.0, 998063.0)	(51.0, 1030703.0)	(52.0, 1060400.5)	(53.0, 1094686.5)	(54.0, 1222822.0)	(55.0, 1372736.5)	(56.0, 1477212.5)	(57.0, 1507857.0)	(58.0, 1504036.0)	(59.0, 1359948.5)	(60.0, 1118740.0)	(61.0, 1132811.0)	(62.0, 1178525.5)	(63.0, 1063604.5)	(64.0, 1061632.0)	(65.0, 1127033.0)	(66.0, 1139303.0)	(67.0, 1087510.5)	(68.0, 844863.5)	(69.0, 677336.5)	(70.0, 531552.0)	(71.0, 305752.0)	(72.0, 189411.0)	(73.0, 130306.0)	(74.0, 97517.0)	(75.0, 75005.5)	(76.0, 58582.0)	(77.0, 47575.5)	(78.0, 39364.0)	(79.0, 31788.5)	(80.0, 24750.0)	(81.0, 19162.5)	(82.0, 15679.0)	(83.0, 12755.5)	(84.0, 9860.5)	(85.0, 7284.0)	(86.0, 5076.0)	(87.0, 3618.0)	(88.0, 2605.0)	(89.0, 1883.0)	(90.0, 1360.0)	(91.0, 971.5)	(92.0, 716.0)	(93.0, 536.0)	(94.0, 396.5)	(95.0, 274.5)	(96.0, 177.0)	(97.0, 108.5)	(98.0, 62.5)	(99.0, 41.0)	(100.0, 25.0)
SRR26064291_1	(0.0, 21.0)	(1.0, 16.5)	(2.0, 9.0)	(3.0, 5.5)	(4.0, 6.0)	(5.0, 6.5)	(6.0, 7.0)	(7.0, 12.5)	(8.0, 18.5)	(9.0, 30.0)	(10.0, 48.0)	(11.0, 66.0)	(12.0, 96.5)	(13.0, 157.5)	(14.0, 269.5)	(15.0, 445.0)	(16.0, 726.5)	(17.0, 1291.0)	(18.0, 2094.0)	(19.0, 3160.5)	(20.0, 5057.5)	(21.0, 7944.0)	(22.0, 12983.0)	(23.0, 22033.0)	(24.0, 34794.0)	(25.0, 52628.5)	(26.0, 77164.0)	(27.0, 104397.5)	(28.0, 131671.0)	(29.0, 151360.5)	(30.0, 165331.5)	(31.0, 186099.5)	(32.0, 211181.0)	(33.0, 236645.5)	(34.0, 263980.5)	(35.0, 295193.0)	(36.0, 334748.5)	(37.0, 373340.0)	(38.0, 397399.5)	(39.0, 432562.5)	(40.0, 482623.0)	(41.0, 607299.0)	(42.0, 659963.0)	(43.0, 589145.0)	(44.0, 599198.5)	(45.0, 589235.5)	(46.0, 557526.0)	(47.0, 598709.5)	(48.0, 617454.0)	(49.0, 622368.5)	(50.0, 650998.5)	(51.0, 687871.0)	(52.0, 731589.0)	(53.0, 816477.5)	(54.0, 1013335.0)	(55.0, 1249909.5)	(56.0, 1455731.0)	(57.0, 1522179.5)	(58.0, 1533851.0)	(59.0, 1330800.5)	(60.0, 1014977.5)	(61.0, 1064783.5)	(62.0, 1153505.0)	(63.0, 1036254.0)	(64.0, 1089135.5)	(65.0, 1282515.0)	(66.0, 1393368.0)	(67.0, 1374452.0)	(68.0, 1044766.5)	(69.0, 795163.0)	(70.0, 582283.0)	(71.0, 271319.5)	(72.0, 130550.0)	(73.0, 68788.0)	(74.0, 46261.0)	(75.0, 34386.5)	(76.0, 25728.0)	(77.0, 21337.0)	(78.0, 17627.5)	(79.0, 13478.5)	(80.0, 9937.5)	(81.0, 7642.0)	(82.0, 6595.0)	(83.0, 5512.0)	(84.0, 4264.0)	(85.0, 2876.0)	(86.0, 1573.5)	(87.0, 930.5)	(88.0, 637.5)	(89.0, 404.0)	(90.0, 288.0)	(91.0, 237.5)	(92.0, 176.0)	(93.0, 113.0)	(94.0, 68.0)	(95.0, 42.0)	(96.0, 26.5)	(97.0, 11.0)	(98.0, 4.5)	(99.0, 3.5)	(100.0, 2.0)
SRR26064291_2	(0.0, 2.0)	(1.0, 4.5)	(2.0, 7.0)	(3.0, 7.0)	(4.0, 9.5)	(5.0, 10.5)	(6.0, 9.5)	(7.0, 14.5)	(8.0, 32.0)	(9.0, 64.5)	(10.0, 90.5)	(11.0, 111.0)	(12.0, 138.0)	(13.0, 209.0)	(14.0, 346.0)	(15.0, 521.5)	(16.0, 831.0)	(17.0, 1386.0)	(18.0, 2185.5)	(19.0, 3285.0)	(20.0, 5131.0)	(21.0, 8008.5)	(22.0, 13023.5)	(23.0, 22139.5)	(24.0, 35015.0)	(25.0, 52992.0)	(26.0, 78143.0)	(27.0, 106730.0)	(28.0, 134363.0)	(29.0, 154457.5)	(30.0, 169053.5)	(31.0, 188827.0)	(32.0, 213533.5)	(33.0, 238904.5)	(34.0, 265418.5)	(35.0, 296706.0)	(36.0, 338075.0)	(37.0, 376292.5)	(38.0, 399202.5)	(39.0, 438164.0)	(40.0, 484697.5)	(41.0, 602264.0)	(42.0, 667239.0)	(43.0, 602451.5)	(44.0, 613896.5)	(45.0, 607112.5)	(46.0, 568273.5)	(47.0, 613501.5)	(48.0, 633223.5)	(49.0, 621555.0)	(50.0, 647473.5)	(51.0, 702206.5)	(52.0, 757001.0)	(53.0, 824059.5)	(54.0, 1001893.5)	(55.0, 1224973.5)	(56.0, 1428723.5)	(57.0, 1497079.0)	(58.0, 1517485.5)	(59.0, 1337192.0)	(60.0, 1017664.5)	(61.0, 1046386.0)	(62.0, 1113953.5)	(63.0, 1013124.0)	(64.0, 1068916.0)	(65.0, 1219573.5)	(66.0, 1297313.5)	(67.0, 1271457.5)	(68.0, 981970.5)	(69.0, 779403.5)	(70.0, 607199.0)	(71.0, 324859.5)	(72.0, 184560.0)	(73.0, 117210.0)	(74.0, 83043.0)	(75.0, 63207.0)	(76.0, 48797.0)	(77.0, 39401.5)	(78.0, 32332.5)	(79.0, 25740.5)	(80.0, 20160.0)	(81.0, 15882.5)	(82.0, 12860.0)	(83.0, 10474.0)	(84.0, 8396.5)	(85.0, 6551.0)	(86.0, 4754.0)	(87.0, 3342.5)	(88.0, 2500.5)	(89.0, 1877.0)	(90.0, 1362.5)	(91.0, 1002.5)	(92.0, 730.5)	(93.0, 524.5)	(94.0, 368.5)	(95.0, 246.0)	(96.0, 167.5)	(97.0, 108.5)	(98.0, 52.0)	(99.0, 30.0)	(100.0, 22.5)
SRR26064292_1	(0.0, 9.0)	(1.0, 15.5)	(2.0, 17.0)	(3.0, 10.0)	(4.0, 8.0)	(5.0, 11.5)	(6.0, 14.0)	(7.0, 18.5)	(8.0, 37.5)	(9.0, 59.5)	(10.0, 71.5)	(11.0, 103.0)	(12.0, 179.0)	(13.0, 287.0)	(14.0, 466.0)	(15.0, 748.0)	(16.0, 1202.0)	(17.0, 2116.5)	(18.0, 3443.5)	(19.0, 5108.0)	(20.0, 7886.0)	(21.0, 12323.5)	(22.0, 19738.5)	(23.0, 32125.0)	(24.0, 48531.0)	(25.0, 69317.5)	(26.0, 97389.0)	(27.0, 129381.5)	(28.0, 163211.5)	(29.0, 191095.5)	(30.0, 211534.5)	(31.0, 239285.0)	(32.0, 272138.0)	(33.0, 303536.0)	(34.0, 336342.5)	(35.0, 375392.5)	(36.0, 419238.5)	(37.0, 462101.5)	(38.0, 493384.0)	(39.0, 528465.5)	(40.0, 574729.0)	(41.0, 680811.5)	(42.0, 727146.0)	(43.0, 674324.5)	(44.0, 685215.5)	(45.0, 687118.5)	(46.0, 671536.5)	(47.0, 702091.5)	(48.0, 724411.5)	(49.0, 726508.0)	(50.0, 738718.0)	(51.0, 767120.5)	(52.0, 782030.5)	(53.0, 851817.5)	(54.0, 975215.5)	(55.0, 1124150.0)	(56.0, 1302708.0)	(57.0, 1351692.0)	(58.0, 1382645.5)	(59.0, 1236814.5)	(60.0, 986442.0)	(61.0, 1031701.0)	(62.0, 1107849.5)	(63.0, 1020068.0)	(64.0, 1077013.5)	(65.0, 1241454.0)	(66.0, 1337376.5)	(67.0, 1321797.5)	(68.0, 1005054.5)	(69.0, 775306.0)	(70.0, 573050.5)	(71.0, 271151.0)	(72.0, 135801.0)	(73.0, 77287.0)	(74.0, 55213.0)	(75.0, 42562.0)	(76.0, 32728.0)	(77.0, 27309.0)	(78.0, 23302.0)	(79.0, 18146.5)	(80.0, 13237.0)	(81.0, 10184.5)	(82.0, 8862.0)	(83.0, 7512.5)	(84.0, 5888.5)	(85.0, 4151.5)	(86.0, 2457.0)	(87.0, 1428.5)	(88.0, 947.5)	(89.0, 673.5)	(90.0, 469.5)	(91.0, 342.0)	(92.0, 252.0)	(93.0, 196.0)	(94.0, 133.5)	(95.0, 85.0)	(96.0, 50.5)	(97.0, 26.0)	(98.0, 18.0)	(99.0, 11.0)	(100.0, 4.5)
SRR26064292_2	(0.0, 1.0)	(1.0, 2.5)	(2.0, 8.0)	(3.0, 8.5)	(4.0, 8.5)	(5.0, 14.0)	(6.0, 20.0)	(7.0, 38.0)	(8.0, 72.5)	(9.0, 107.0)	(10.0, 148.5)	(11.0, 201.5)	(12.0, 259.5)	(13.0, 363.5)	(14.0, 553.5)	(15.0, 878.0)	(16.0, 1399.5)	(17.0, 2298.0)	(18.0, 3610.5)	(19.0, 5302.5)	(20.0, 8155.0)	(21.0, 12489.0)	(22.0, 19874.5)	(23.0, 32136.5)	(24.0, 48647.0)	(25.0, 69769.5)	(26.0, 97595.5)	(27.0, 129372.5)	(28.0, 163278.0)	(29.0, 192442.5)	(30.0, 214196.0)	(31.0, 241051.5)	(32.0, 273972.5)	(33.0, 306219.5)	(34.0, 338962.0)	(35.0, 378155.0)	(36.0, 424764.0)	(37.0, 466642.0)	(38.0, 494184.0)	(39.0, 531840.0)	(40.0, 576320.0)	(41.0, 676133.0)	(42.0, 727981.0)	(43.0, 682512.0)	(44.0, 701084.5)	(45.0, 702541.5)	(46.0, 679878.5)	(47.0, 714623.5)	(48.0, 731157.5)	(49.0, 724527.5)	(50.0, 737746.5)	(51.0, 772307.5)	(52.0, 800299.0)	(53.0, 866324.5)	(54.0, 982041.5)	(55.0, 1110391.5)	(56.0, 1272065.0)	(57.0, 1339608.0)	(58.0, 1372941.0)	(59.0, 1226367.0)	(60.0, 985534.0)	(61.0, 1021843.5)	(62.0, 1070900.5)	(63.0, 995534.0)	(64.0, 1051883.0)	(65.0, 1175486.0)	(66.0, 1240821.5)	(67.0, 1216726.5)	(68.0, 952600.0)	(69.0, 763666.5)	(70.0, 595483.5)	(71.0, 329130.0)	(72.0, 192732.0)	(73.0, 126412.5)	(74.0, 92216.0)	(75.0, 70506.5)	(76.0, 54850.0)	(77.0, 44724.0)	(78.0, 37099.5)	(79.0, 29615.0)	(80.0, 22882.5)	(81.0, 18134.0)	(82.0, 15049.5)	(83.0, 12411.5)	(84.0, 9914.5)	(85.0, 7635.5)	(86.0, 5709.5)	(87.0, 4137.0)	(88.0, 3027.5)	(89.0, 2252.0)	(90.0, 1680.0)	(91.0, 1251.0)	(92.0, 914.0)	(93.0, 660.0)	(94.0, 481.0)	(95.0, 357.5)	(96.0, 235.5)	(97.0, 139.0)	(98.0, 82.5)	(99.0, 48.5)	(100.0, 22.5)
SRR26064293_1	(0.0, 6.0)	(1.0, 6.5)	(2.0, 5.0)	(3.0, 5.5)	(4.0, 8.0)	(5.0, 13.0)	(6.0, 19.5)	(7.0, 19.5)	(8.0, 29.0)	(9.0, 53.5)	(10.0, 80.0)	(11.0, 121.5)	(12.0, 161.5)	(13.0, 224.0)	(14.0, 407.5)	(15.0, 682.0)	(16.0, 1095.0)	(17.0, 1838.0)	(18.0, 2929.5)	(19.0, 4399.0)	(20.0, 6983.5)	(21.0, 10824.5)	(22.0, 17388.0)	(23.0, 28643.0)	(24.0, 44169.5)	(25.0, 64298.5)	(26.0, 91584.5)	(27.0, 122742.5)	(28.0, 154752.5)	(29.0, 181064.5)	(30.0, 201305.5)	(31.0, 229394.5)	(32.0, 263849.5)	(33.0, 297542.0)	(34.0, 331645.5)	(35.0, 372396.5)	(36.0, 419763.5)	(37.0, 463594.5)	(38.0, 496217.0)	(39.0, 538660.0)	(40.0, 591230.5)	(41.0, 718551.0)	(42.0, 776956.5)	(43.0, 712566.0)	(44.0, 729847.5)	(45.0, 734006.5)	(46.0, 712436.0)	(47.0, 751598.5)	(48.0, 780268.5)	(49.0, 781084.0)	(50.0, 802432.5)	(51.0, 852314.0)	(52.0, 882037.5)	(53.0, 981627.5)	(54.0, 1144062.5)	(55.0, 1337130.5)	(56.0, 1569360.0)	(57.0, 1632265.0)	(58.0, 1661040.0)	(59.0, 1468403.5)	(60.0, 1159276.5)	(61.0, 1213010.5)	(62.0, 1291860.0)	(63.0, 1183481.5)	(64.0, 1247701.5)	(65.0, 1442308.5)	(66.0, 1556141.0)	(67.0, 1539438.0)	(68.0, 1172100.0)	(69.0, 905710.5)	(70.0, 672263.0)	(71.0, 317427.0)	(72.0, 160043.0)	(73.0, 89312.5)	(74.0, 62743.0)	(75.0, 48032.5)	(76.0, 36692.0)	(77.0, 30216.5)	(78.0, 25487.5)	(79.0, 19954.0)	(80.0, 15006.0)	(81.0, 11692.0)	(82.0, 9967.5)	(83.0, 8357.0)	(84.0, 6582.0)	(85.0, 4616.0)	(86.0, 2546.0)	(87.0, 1415.0)	(88.0, 967.0)	(89.0, 685.0)	(90.0, 480.5)	(91.0, 338.0)	(92.0, 242.5)	(93.0, 160.5)	(94.0, 95.5)	(95.0, 60.0)	(96.0, 40.5)	(97.0, 24.5)	(98.0, 10.5)	(99.0, 7.0)	(100.0, 2.5)
SRR26064293_2	(0.0, 1.0)	(1.0, 2.5)	(2.0, 4.0)	(3.0, 4.5)	(4.0, 6.0)	(5.0, 9.5)	(6.0, 16.5)	(7.0, 32.0)	(8.0, 73.0)	(9.0, 113.0)	(10.0, 133.5)	(11.0, 171.5)	(12.0, 240.0)	(13.0, 344.5)	(14.0, 513.5)	(15.0, 773.0)	(16.0, 1184.5)	(17.0, 1964.0)	(18.0, 3053.5)	(19.0, 4554.0)	(20.0, 7303.5)	(21.0, 11325.0)	(22.0, 17769.5)	(23.0, 28999.0)	(24.0, 44575.5)	(25.0, 65282.5)	(26.0, 93188.5)	(27.0, 124051.0)	(28.0, 156004.0)	(29.0, 183202.5)	(30.0, 204296.0)	(31.0, 232423.0)	(32.0, 267519.0)	(33.0, 302257.0)	(34.0, 336642.0)	(35.0, 377503.5)	(36.0, 426744.0)	(37.0, 470446.5)	(38.0, 499408.5)	(39.0, 543133.0)	(40.0, 594774.0)	(41.0, 718351.5)	(42.0, 786301.5)	(43.0, 728377.0)	(44.0, 749205.5)	(45.0, 754424.0)	(46.0, 724589.0)	(47.0, 765511.5)	(48.0, 790534.5)	(49.0, 785250.0)	(50.0, 815366.0)	(51.0, 881354.5)	(52.0, 927803.5)	(53.0, 1007696.5)	(54.0, 1151009.5)	(55.0, 1319792.0)	(56.0, 1522419.5)	(57.0, 1586646.0)	(58.0, 1618144.5)	(59.0, 1449887.0)	(60.0, 1153822.0)	(61.0, 1197556.0)	(62.0, 1262284.0)	(63.0, 1158523.5)	(64.0, 1225998.0)	(65.0, 1373611.0)	(66.0, 1438541.0)	(67.0, 1416274.0)	(68.0, 1103632.5)	(69.0, 889314.5)	(70.0, 698725.0)	(71.0, 376582.0)	(72.0, 216588.0)	(73.0, 139549.5)	(74.0, 100311.5)	(75.0, 76553.5)	(76.0, 59268.5)	(77.0, 48239.0)	(78.0, 40224.0)	(79.0, 32277.5)	(80.0, 24981.0)	(81.0, 19660.5)	(82.0, 16244.0)	(83.0, 13374.5)	(84.0, 10522.5)	(85.0, 7992.5)	(86.0, 5887.5)	(87.0, 4224.5)	(88.0, 3083.0)	(89.0, 2262.5)	(90.0, 1664.0)	(91.0, 1253.5)	(92.0, 906.5)	(93.0, 671.0)	(94.0, 487.0)	(95.0, 329.5)	(96.0, 214.5)	(97.0, 126.5)	(98.0, 88.5)	(99.0, 52.5)	(100.0, 20.5)
SRR26064294_1	(0.0, 34.0)	(1.0, 60.0)	(2.0, 79.0)	(3.0, 83.0)	(4.0, 123.5)	(5.0, 174.0)	(6.0, 221.5)	(7.0, 220.0)	(8.0, 180.0)	(9.0, 173.5)	(10.0, 191.0)	(11.0, 198.0)	(12.0, 229.0)	(13.0, 307.5)	(14.0, 484.5)	(15.0, 788.0)	(16.0, 1253.0)	(17.0, 2265.0)	(18.0, 3812.0)	(19.0, 5678.5)	(20.0, 8949.5)	(21.0, 14528.5)	(22.0, 23580.0)	(23.0, 39058.0)	(24.0, 59066.0)	(25.0, 82908.5)	(26.0, 114977.0)	(27.0, 154098.5)	(28.0, 203341.5)	(29.0, 253812.5)	(30.0, 297044.0)	(31.0, 346513.5)	(32.0, 398722.5)	(33.0, 449513.0)	(34.0, 503087.0)	(35.0, 560218.0)	(36.0, 615385.5)	(37.0, 670021.5)	(38.0, 720745.5)	(39.0, 766059.0)	(40.0, 817627.5)	(41.0, 874977.0)	(42.0, 905549.0)	(43.0, 928561.0)	(44.0, 952243.5)	(45.0, 995936.0)	(46.0, 1065387.0)	(47.0, 1077744.0)	(48.0, 1061633.5)	(49.0, 1052920.5)	(50.0, 1053165.5)	(51.0, 1061881.0)	(52.0, 1025401.5)	(53.0, 1002791.5)	(54.0, 999888.5)	(55.0, 964585.5)	(56.0, 927856.5)	(57.0, 876823.5)	(58.0, 825384.5)	(59.0, 780788.5)	(60.0, 731081.5)	(61.0, 690885.0)	(62.0, 641256.5)	(63.0, 571205.0)	(64.0, 501898.5)	(65.0, 442053.0)	(66.0, 378449.0)	(67.0, 318445.0)	(68.0, 262996.0)	(69.0, 201742.5)	(70.0, 149273.0)	(71.0, 109144.0)	(72.0, 84004.0)	(73.0, 68423.5)	(74.0, 55457.0)	(75.0, 42798.5)	(76.0, 32540.5)	(77.0, 26250.0)	(78.0, 21941.0)	(79.0, 17099.0)	(80.0, 12410.0)	(81.0, 9208.5)	(82.0, 7452.5)	(83.0, 6079.0)	(84.0, 4619.5)	(85.0, 3171.5)	(86.0, 1794.0)	(87.0, 1011.0)	(88.0, 669.0)	(89.0, 462.5)	(90.0, 338.0)	(91.0, 248.5)	(92.0, 183.5)	(93.0, 139.5)	(94.0, 107.0)	(95.0, 72.0)	(96.0, 41.5)	(97.0, 24.5)	(98.0, 19.5)	(99.0, 10.5)	(100.0, 3.0)
SRR26064294_2	(0.0, 9.0)	(1.0, 31.5)	(2.0, 44.5)	(3.0, 33.5)	(4.0, 30.0)	(5.0, 27.5)	(6.0, 24.5)	(7.0, 30.5)	(8.0, 56.0)	(9.0, 78.5)	(10.0, 100.0)	(11.0, 139.5)	(12.0, 209.0)	(13.0, 321.0)	(14.0, 502.0)	(15.0, 816.0)	(16.0, 1305.5)	(17.0, 2214.0)	(18.0, 3623.5)	(19.0, 5369.5)	(20.0, 8298.5)	(21.0, 13284.5)	(22.0, 21631.5)	(23.0, 36019.0)	(24.0, 55023.5)	(25.0, 78488.0)	(26.0, 109985.0)	(27.0, 149013.0)	(28.0, 199141.0)	(29.0, 250638.5)	(30.0, 295010.5)	(31.0, 344244.0)	(32.0, 395590.0)	(33.0, 446752.5)	(34.0, 500188.0)	(35.0, 558221.5)	(36.0, 613827.0)	(37.0, 666603.5)	(38.0, 717068.5)	(39.0, 763525.5)	(40.0, 815940.0)	(41.0, 873197.5)	(42.0, 904278.5)	(43.0, 928331.5)	(44.0, 951123.5)	(45.0, 995577.5)	(46.0, 1064678.5)	(47.0, 1077246.0)	(48.0, 1066804.5)	(49.0, 1057931.5)	(50.0, 1053359.0)	(51.0, 1061605.0)	(52.0, 1028078.0)	(53.0, 1002693.0)	(54.0, 994424.0)	(55.0, 959278.0)	(56.0, 921935.5)	(57.0, 874572.0)	(58.0, 827381.0)	(59.0, 779853.5)	(60.0, 729450.0)	(61.0, 688464.5)	(62.0, 637921.0)	(63.0, 572403.5)	(64.0, 506446.5)	(65.0, 446048.0)	(66.0, 382685.5)	(67.0, 321862.0)	(68.0, 265533.0)	(69.0, 206882.0)	(70.0, 156681.5)	(71.0, 116734.0)	(72.0, 90148.0)	(73.0, 73020.5)	(74.0, 59148.0)	(75.0, 46441.0)	(76.0, 36109.5)	(77.0, 29081.5)	(78.0, 24133.0)	(79.0, 19135.0)	(80.0, 14477.5)	(81.0, 11088.5)	(82.0, 8806.5)	(83.0, 6980.5)	(84.0, 5315.0)	(85.0, 3842.5)	(86.0, 2646.5)	(87.0, 1768.5)	(88.0, 1239.0)	(89.0, 931.0)	(90.0, 717.5)	(91.0, 548.5)	(92.0, 429.5)	(93.0, 358.0)	(94.0, 329.0)	(95.0, 256.5)	(96.0, 176.0)	(97.0, 129.0)	(98.0, 78.0)	(99.0, 40.5)	(100.0, 24.5)
SRR26064295_1	(0.0, 15.0)	(1.0, 33.5)	(2.0, 42.0)	(3.0, 36.5)	(4.0, 63.0)	(5.0, 103.5)	(6.0, 150.0)	(7.0, 201.0)	(8.0, 182.5)	(9.0, 126.0)	(10.0, 125.0)	(11.0, 145.5)	(12.0, 175.0)	(13.0, 219.5)	(14.0, 288.5)	(15.0, 391.0)	(16.0, 578.0)	(17.0, 950.5)	(18.0, 1452.0)	(19.0, 2057.0)	(20.0, 3111.5)	(21.0, 4785.5)	(22.0, 7723.5)	(23.0, 12616.5)	(24.0, 19812.0)	(25.0, 30450.0)	(26.0, 46091.0)	(27.0, 62510.0)	(28.0, 74721.0)	(29.0, 80862.0)	(30.0, 83626.0)	(31.0, 91666.0)	(32.0, 103596.5)	(33.0, 116190.5)	(34.0, 131171.0)	(35.0, 150150.5)	(36.0, 183570.5)	(37.0, 212961.5)	(38.0, 222231.5)	(39.0, 246959.5)	(40.0, 287507.5)	(41.0, 471677.5)	(42.0, 568427.5)	(43.0, 458778.5)	(44.0, 467032.0)	(45.0, 458550.0)	(46.0, 418536.5)	(47.0, 473284.5)	(48.0, 469316.0)	(49.0, 487384.0)	(50.0, 567305.5)	(51.0, 618570.0)	(52.0, 647838.0)	(53.0, 700128.5)	(54.0, 1008430.0)	(55.0, 1378936.0)	(56.0, 1588319.5)	(57.0, 1618703.0)	(58.0, 1609256.0)	(59.0, 1314889.5)	(60.0, 847096.0)	(61.0, 899226.0)	(62.0, 1013469.5)	(63.0, 867904.0)	(64.0, 933281.5)	(65.0, 1126963.0)	(66.0, 1238533.5)	(67.0, 1257455.0)	(68.0, 980692.5)	(69.0, 776269.0)	(70.0, 578853.0)	(71.0, 266765.0)	(72.0, 124767.0)	(73.0, 60712.5)	(74.0, 38974.5)	(75.0, 28787.0)	(76.0, 21540.5)	(77.0, 17562.5)	(78.0, 14269.0)	(79.0, 10792.0)	(80.0, 8006.0)	(81.0, 6276.5)	(82.0, 5433.0)	(83.0, 4623.0)	(84.0, 3747.5)	(85.0, 2669.0)	(86.0, 1503.5)	(87.0, 898.0)	(88.0, 578.5)	(89.0, 371.5)	(90.0, 262.0)	(91.0, 171.0)	(92.0, 120.0)	(93.0, 98.0)	(94.0, 67.5)	(95.0, 33.5)	(96.0, 17.5)	(97.0, 7.5)	(98.0, 4.5)	(99.0, 2.5)	(100.0, 1.0)
SRR26064295_2	(0.0, 9.0)	(1.0, 50.5)	(2.0, 69.5)	(3.0, 39.5)	(4.0, 26.0)	(5.0, 24.5)	(6.0, 22.5)	(7.0, 26.0)	(8.0, 42.0)	(9.0, 53.5)	(10.0, 75.0)	(11.0, 99.0)	(12.0, 143.5)	(13.0, 189.0)	(14.0, 249.0)	(15.0, 387.5)	(16.0, 597.5)	(17.0, 935.5)	(18.0, 1421.0)	(19.0, 2034.5)	(20.0, 3042.0)	(21.0, 4690.0)	(22.0, 7688.5)	(23.0, 12576.0)	(24.0, 19395.0)	(25.0, 29357.0)	(26.0, 44028.5)	(27.0, 60161.5)	(28.0, 73844.0)	(29.0, 81997.5)	(30.0, 86097.0)	(31.0, 93659.0)	(32.0, 103931.0)	(33.0, 115642.5)	(34.0, 129878.5)	(35.0, 148137.0)	(36.0, 183952.5)	(37.0, 214893.5)	(38.0, 222416.5)	(39.0, 248054.5)	(40.0, 285194.5)	(41.0, 457846.5)	(42.0, 559362.0)	(43.0, 462576.0)	(44.0, 486994.5)	(45.0, 484626.5)	(46.0, 434089.0)	(47.0, 488921.0)	(48.0, 482542.0)	(49.0, 476856.0)	(50.0, 542522.5)	(51.0, 612741.5)	(52.0, 660263.0)	(53.0, 707991.0)	(54.0, 970937.5)	(55.0, 1282893.0)	(56.0, 1504136.5)	(57.0, 1578634.5)	(58.0, 1593255.0)	(59.0, 1342100.5)	(60.0, 897199.0)	(61.0, 901595.5)	(62.0, 977800.0)	(63.0, 870610.0)	(64.0, 940222.5)	(65.0, 1074391.0)	(66.0, 1158990.0)	(67.0, 1168612.5)	(68.0, 922435.0)	(69.0, 759646.5)	(70.0, 611311.5)	(71.0, 345226.0)	(72.0, 198518.0)	(73.0, 123331.0)	(74.0, 85217.5)	(75.0, 63861.5)	(76.0, 49072.0)	(77.0, 39230.5)	(78.0, 31878.0)	(79.0, 25254.0)	(80.0, 19781.0)	(81.0, 15938.5)	(82.0, 13262.5)	(83.0, 10892.0)	(84.0, 8863.5)	(85.0, 6969.5)	(86.0, 5226.0)	(87.0, 3885.0)	(88.0, 2886.5)	(89.0, 2161.0)	(90.0, 1607.5)	(91.0, 1188.5)	(92.0, 844.5)	(93.0, 577.0)	(94.0, 379.0)	(95.0, 237.5)	(96.0, 144.5)	(97.0, 81.5)	(98.0, 36.5)	(99.0, 19.5)	(100.0, 9.0)
SRR26064296_1	(0.0, 40.0)	(1.0, 75.5)	(2.0, 92.0)	(3.0, 91.0)	(4.0, 137.5)	(5.0, 199.5)	(6.0, 250.0)	(7.0, 255.0)	(8.0, 242.0)	(9.0, 214.5)	(10.0, 181.0)	(11.0, 196.0)	(12.0, 253.5)	(13.0, 357.5)	(14.0, 503.5)	(15.0, 767.0)	(16.0, 1192.5)	(17.0, 2039.5)	(18.0, 3305.5)	(19.0, 4712.0)	(20.0, 7087.0)	(21.0, 10959.0)	(22.0, 18084.5)	(23.0, 30456.5)	(24.0, 47229.0)	(25.0, 68568.5)	(26.0, 96454.5)	(27.0, 127663.5)	(28.0, 163581.5)	(29.0, 199314.5)	(30.0, 228190.5)	(31.0, 263535.5)	(32.0, 306479.0)	(33.0, 347774.0)	(34.0, 388322.5)	(35.0, 439322.0)	(36.0, 497019.5)	(37.0, 552844.0)	(38.0, 593628.0)	(39.0, 638767.0)	(40.0, 707178.5)	(41.0, 858928.0)	(42.0, 930875.5)	(43.0, 886757.0)	(44.0, 919465.0)	(45.0, 948913.5)	(46.0, 968136.0)	(47.0, 1019577.5)	(48.0, 1032238.0)	(49.0, 1031744.5)	(50.0, 1066245.5)	(51.0, 1126389.5)	(52.0, 1161114.5)	(53.0, 1227199.0)	(54.0, 1409905.5)	(55.0, 1609267.5)	(56.0, 1772342.5)	(57.0, 1784069.5)	(58.0, 1745282.0)	(59.0, 1530310.5)	(60.0, 1207697.5)	(61.0, 1185256.5)	(62.0, 1186710.0)	(63.0, 1042086.5)	(64.0, 1023093.5)	(65.0, 1089573.0)	(66.0, 1101773.0)	(67.0, 1050799.0)	(68.0, 814937.5)	(69.0, 628624.0)	(70.0, 465475.0)	(71.0, 243688.0)	(72.0, 137052.5)	(73.0, 86163.5)	(74.0, 62753.0)	(75.0, 47361.5)	(76.0, 36095.5)	(77.0, 29216.0)	(78.0, 24739.5)	(79.0, 20225.5)	(80.0, 14968.0)	(81.0, 11172.0)	(82.0, 9487.0)	(83.0, 7870.0)	(84.0, 5953.0)	(85.0, 4016.0)	(86.0, 2457.5)	(87.0, 1445.5)	(88.0, 922.5)	(89.0, 649.5)	(90.0, 454.5)	(91.0, 319.5)	(92.0, 227.5)	(93.0, 177.0)	(94.0, 129.0)	(95.0, 84.5)	(96.0, 49.5)	(97.0, 28.5)	(98.0, 20.5)	(99.0, 12.0)	(100.0, 5.0)
SRR26064296_2	(0.0, 13.0)	(1.0, 40.0)	(2.0, 56.0)	(3.0, 40.5)	(4.0, 40.0)	(5.0, 36.0)	(6.0, 29.5)	(7.0, 36.5)	(8.0, 52.0)	(9.0, 81.5)	(10.0, 117.5)	(11.0, 144.0)	(12.0, 185.0)	(13.0, 306.0)	(14.0, 495.0)	(15.0, 773.0)	(16.0, 1233.5)	(17.0, 2051.0)	(18.0, 3131.0)	(19.0, 4481.0)	(20.0, 6878.5)	(21.0, 10473.0)	(22.0, 17077.5)	(23.0, 28763.0)	(24.0, 44859.0)	(25.0, 65859.5)	(26.0, 93474.0)	(27.0, 124883.5)	(28.0, 161490.0)	(29.0, 197889.0)	(30.0, 227896.5)	(31.0, 263371.5)	(32.0, 305544.5)	(33.0, 347183.0)	(34.0, 389681.0)	(35.0, 442349.0)	(36.0, 500385.0)	(37.0, 553560.5)	(38.0, 592190.0)	(39.0, 643966.0)	(40.0, 710056.5)	(41.0, 852862.0)	(42.0, 935422.0)	(43.0, 895623.0)	(44.0, 928749.0)	(45.0, 962229.0)	(46.0, 976649.0)	(47.0, 1032381.5)	(48.0, 1046044.0)	(49.0, 1030218.5)	(50.0, 1060499.5)	(51.0, 1140246.0)	(52.0, 1189085.0)	(53.0, 1235895.5)	(54.0, 1396042.5)	(55.0, 1571932.5)	(56.0, 1727981.5)	(57.0, 1750584.5)	(58.0, 1713892.5)	(59.0, 1518326.0)	(60.0, 1209157.5)	(61.0, 1176873.5)	(62.0, 1170302.0)	(63.0, 1037466.5)	(64.0, 1014311.0)	(65.0, 1057275.5)	(66.0, 1054518.0)	(67.0, 1001166.0)	(68.0, 791700.0)	(69.0, 629612.5)	(70.0, 487046.5)	(71.0, 283437.5)	(72.0, 175453.5)	(73.0, 119331.0)	(74.0, 87952.5)	(75.0, 66820.0)	(76.0, 51921.0)	(77.0, 41941.0)	(78.0, 34452.0)	(79.0, 27915.5)	(80.0, 21731.0)	(81.0, 16832.5)	(82.0, 13752.5)	(83.0, 11276.0)	(84.0, 8678.5)	(85.0, 6456.5)	(86.0, 4753.0)	(87.0, 3375.0)	(88.0, 2412.5)	(89.0, 1745.5)	(90.0, 1283.0)	(91.0, 958.5)	(92.0, 713.0)	(93.0, 519.5)	(94.0, 374.0)	(95.0, 288.5)	(96.0, 194.0)	(97.0, 118.0)	(98.0, 70.5)	(99.0, 35.0)	(100.0, 18.0)
SRR26064297_1	(0.0, 52.0)	(1.0, 95.0)	(2.0, 107.5)	(3.0, 100.0)	(4.0, 143.0)	(5.0, 201.5)	(6.0, 284.0)	(7.0, 326.0)	(8.0, 290.0)	(9.0, 243.0)	(10.0, 233.0)	(11.0, 250.5)	(12.0, 310.5)	(13.0, 463.5)	(14.0, 715.5)	(15.0, 1121.0)	(16.0, 1833.5)	(17.0, 3083.0)	(18.0, 4919.0)	(19.0, 7050.0)	(20.0, 10959.0)	(21.0, 16869.5)	(22.0, 26859.5)	(23.0, 44544.0)	(24.0, 69061.0)	(25.0, 98633.5)	(26.0, 134880.5)	(27.0, 178767.0)	(28.0, 232143.0)	(29.0, 294037.0)	(30.0, 353067.0)	(31.0, 416642.5)	(32.0, 487883.5)	(33.0, 556962.0)	(34.0, 622208.0)	(35.0, 700258.0)	(36.0, 773234.5)	(37.0, 845107.0)	(38.0, 918118.0)	(39.0, 976397.5)	(40.0, 1049181.5)	(41.0, 1148092.0)	(42.0, 1201491.5)	(43.0, 1241242.5)	(44.0, 1300790.5)	(45.0, 1401167.5)	(46.0, 1539601.5)	(47.0, 1592785.0)	(48.0, 1593444.5)	(49.0, 1578740.5)	(50.0, 1564769.0)	(51.0, 1594269.0)	(52.0, 1579018.5)	(53.0, 1565547.5)	(54.0, 1575214.5)	(55.0, 1529617.0)	(56.0, 1458124.0)	(57.0, 1357713.0)	(58.0, 1272446.5)	(59.0, 1206703.5)	(60.0, 1133935.0)	(61.0, 1071368.5)	(62.0, 990464.0)	(63.0, 873560.5)	(64.0, 761328.0)	(65.0, 674965.0)	(66.0, 579723.0)	(67.0, 492021.5)	(68.0, 410395.5)	(69.0, 313457.0)	(70.0, 234234.5)	(71.0, 173190.0)	(72.0, 134751.5)	(73.0, 110100.5)	(74.0, 88855.0)	(75.0, 68953.5)	(76.0, 53180.0)	(77.0, 43520.0)	(78.0, 37417.5)	(79.0, 31985.5)	(80.0, 24246.5)	(81.0, 17560.5)	(82.0, 14752.0)	(83.0, 12255.0)	(84.0, 9213.5)	(85.0, 6228.0)	(86.0, 3595.5)	(87.0, 2081.0)	(88.0, 1413.5)	(89.0, 982.5)	(90.0, 677.5)	(91.0, 470.0)	(92.0, 342.0)	(93.0, 254.5)	(94.0, 175.0)	(95.0, 119.5)	(96.0, 68.0)	(97.0, 38.5)	(98.0, 26.5)	(99.0, 21.0)	(100.0, 10.5)
SRR26064297_2	(0.0, 31.0)	(1.0, 57.0)	(2.0, 73.0)	(3.0, 49.5)	(4.0, 35.5)	(5.0, 43.5)	(6.0, 50.5)	(7.0, 50.0)	(8.0, 69.5)	(9.0, 113.0)	(10.0, 144.5)	(11.0, 186.0)	(12.0, 268.5)	(13.0, 408.0)	(14.0, 700.5)	(15.0, 1168.5)	(16.0, 1886.0)	(17.0, 3055.5)	(18.0, 4718.0)	(19.0, 6785.0)	(20.0, 10452.5)	(21.0, 16168.5)	(22.0, 25673.0)	(23.0, 41946.0)	(24.0, 65230.0)	(25.0, 94502.0)	(26.0, 130698.5)	(27.0, 174064.5)	(28.0, 227283.0)	(29.0, 290188.5)	(30.0, 350806.5)	(31.0, 413580.0)	(32.0, 484187.0)	(33.0, 554389.5)	(34.0, 618478.5)	(35.0, 696493.0)	(36.0, 771714.0)	(37.0, 841802.5)	(38.0, 912413.0)	(39.0, 974309.0)	(40.0, 1047337.5)	(41.0, 1145527.5)	(42.0, 1202139.0)	(43.0, 1240548.0)	(44.0, 1298929.0)	(45.0, 1399995.0)	(46.0, 1538708.5)	(47.0, 1593613.0)	(48.0, 1598502.0)	(49.0, 1582362.5)	(50.0, 1567031.5)	(51.0, 1595750.0)	(52.0, 1578631.0)	(53.0, 1563964.0)	(54.0, 1569294.0)	(55.0, 1524084.0)	(56.0, 1454311.0)	(57.0, 1357553.0)	(58.0, 1272508.0)	(59.0, 1199704.5)	(60.0, 1127255.5)	(61.0, 1067152.0)	(62.0, 983085.5)	(63.0, 872961.5)	(64.0, 767501.5)	(65.0, 678993.5)	(66.0, 584832.0)	(67.0, 494435.5)	(68.0, 411926.0)	(69.0, 321559.5)	(70.0, 245647.0)	(71.0, 183915.5)	(72.0, 142791.5)	(73.0, 115976.0)	(74.0, 93817.5)	(75.0, 73802.5)	(76.0, 57778.0)	(77.0, 47310.5)	(78.0, 40391.5)	(79.0, 33995.5)	(80.0, 26254.0)	(81.0, 19815.0)	(82.0, 16204.0)	(83.0, 13165.0)	(84.0, 10074.0)	(85.0, 7370.0)	(86.0, 5095.5)	(87.0, 3358.0)	(88.0, 2310.5)	(89.0, 1693.0)	(90.0, 1259.5)	(91.0, 974.5)	(92.0, 746.0)	(93.0, 584.0)	(94.0, 494.5)	(95.0, 391.0)	(96.0, 276.0)	(97.0, 177.0)	(98.0, 97.5)	(99.0, 57.0)	(100.0, 36.0)
SRR26064298_1	(0.0, 55.0)	(1.0, 79.0)	(2.0, 88.5)	(3.0, 81.5)	(4.0, 136.0)	(5.0, 198.5)	(6.0, 227.0)	(7.0, 249.5)	(8.0, 244.5)	(9.0, 210.5)	(10.0, 184.0)	(11.0, 199.5)	(12.0, 253.5)	(13.0, 363.0)	(14.0, 531.5)	(15.0, 811.0)	(16.0, 1348.0)	(17.0, 2320.5)	(18.0, 3848.5)	(19.0, 6227.5)	(20.0, 10230.5)	(21.0, 16265.0)	(22.0, 25956.0)	(23.0, 42167.0)	(24.0, 64888.5)	(25.0, 93855.0)	(26.0, 130287.5)	(27.0, 171939.5)	(28.0, 217520.0)	(29.0, 262594.0)	(30.0, 302595.5)	(31.0, 346514.5)	(32.0, 394002.0)	(33.0, 440153.0)	(34.0, 487062.5)	(35.0, 541005.0)	(36.0, 602617.5)	(37.0, 662096.0)	(38.0, 711440.5)	(39.0, 768159.0)	(40.0, 834575.5)	(41.0, 965418.0)	(42.0, 1019424.5)	(43.0, 964246.5)	(44.0, 981119.0)	(45.0, 1006560.5)	(46.0, 1022999.0)	(47.0, 1060067.0)	(48.0, 1067394.0)	(49.0, 1057405.0)	(50.0, 1070346.0)	(51.0, 1106950.0)	(52.0, 1113261.5)	(53.0, 1162392.5)	(54.0, 1335680.0)	(55.0, 1528837.5)	(56.0, 1679464.0)	(57.0, 1677336.0)	(58.0, 1605471.0)	(59.0, 1372130.5)	(60.0, 1053414.5)	(61.0, 975864.5)	(62.0, 926000.0)	(63.0, 782801.5)	(64.0, 742671.5)	(65.0, 779628.0)	(66.0, 780878.5)	(67.0, 739791.0)	(68.0, 569931.5)	(69.0, 430031.5)	(70.0, 316182.5)	(71.0, 167137.5)	(72.0, 95221.5)	(73.0, 60325.0)	(74.0, 44401.0)	(75.0, 33819.5)	(76.0, 25661.0)	(77.0, 20829.0)	(78.0, 17424.0)	(79.0, 14084.5)	(80.0, 10499.0)	(81.0, 7895.0)	(82.0, 6591.5)	(83.0, 5375.0)	(84.0, 4005.5)	(85.0, 2778.5)	(86.0, 1730.5)	(87.0, 1078.5)	(88.0, 706.0)	(89.0, 444.5)	(90.0, 293.0)	(91.0, 204.5)	(92.0, 156.0)	(93.0, 110.0)	(94.0, 68.5)	(95.0, 47.5)	(96.0, 26.5)	(97.0, 12.5)	(98.0, 8.0)	(99.0, 7.0)	(100.0, 3.0)
SRR26064298_2	(0.0, 19.0)	(1.0, 39.0)	(2.0, 45.0)	(3.0, 30.5)	(4.0, 27.0)	(5.0, 25.5)	(6.0, 27.0)	(7.0, 35.5)	(8.0, 50.0)	(9.0, 70.5)	(10.0, 94.0)	(11.0, 138.5)	(12.0, 214.5)	(13.0, 317.5)	(14.0, 506.5)	(15.0, 833.5)	(16.0, 1368.5)	(17.0, 2314.5)	(18.0, 3806.0)	(19.0, 6139.0)	(20.0, 10039.5)	(21.0, 15866.5)	(22.0, 25636.5)	(23.0, 41682.0)	(24.0, 63803.0)	(25.0, 92203.5)	(26.0, 128187.5)	(27.0, 169396.5)	(28.0, 215231.0)	(29.0, 260976.0)	(30.0, 302244.5)	(31.0, 347542.5)	(32.0, 396920.5)	(33.0, 445067.5)	(34.0, 493895.5)	(35.0, 552367.0)	(36.0, 616353.0)	(37.0, 674256.5)	(38.0, 721111.0)	(39.0, 779317.5)	(40.0, 841553.5)	(41.0, 964256.0)	(42.0, 1030151.5)	(43.0, 986348.5)	(44.0, 1007362.0)	(45.0, 1030968.0)	(46.0, 1042473.5)	(47.0, 1081053.5)	(48.0, 1083902.5)	(49.0, 1064457.5)	(50.0, 1078566.0)	(51.0, 1131986.0)	(52.0, 1160829.5)	(53.0, 1201740.0)	(54.0, 1347751.0)	(55.0, 1500401.5)	(56.0, 1613334.5)	(57.0, 1604103.5)	(58.0, 1530772.5)	(59.0, 1318461.5)	(60.0, 1023469.5)	(61.0, 950766.0)	(62.0, 902255.0)	(63.0, 771355.0)	(64.0, 728696.5)	(65.0, 749681.0)	(66.0, 745774.0)	(67.0, 704767.5)	(68.0, 553321.0)	(69.0, 432225.0)	(70.0, 332679.5)	(71.0, 193601.5)	(72.0, 120134.0)	(73.0, 81689.0)	(74.0, 60325.0)	(75.0, 46181.0)	(76.0, 35632.5)	(77.0, 28868.0)	(78.0, 23712.5)	(79.0, 19229.0)	(80.0, 14945.5)	(81.0, 11592.0)	(82.0, 9367.0)	(83.0, 7512.5)	(84.0, 5798.0)	(85.0, 4363.5)	(86.0, 3185.0)	(87.0, 2305.0)	(88.0, 1674.0)	(89.0, 1236.0)	(90.0, 905.0)	(91.0, 674.5)	(92.0, 505.0)	(93.0, 356.5)	(94.0, 267.5)	(95.0, 194.5)	(96.0, 128.5)	(97.0, 70.5)	(98.0, 41.5)	(99.0, 27.5)	(100.0, 14.5)
SRR26064299_1	(0.0, 46.0)	(1.0, 69.0)	(2.0, 79.5)	(3.0, 86.0)	(4.0, 129.0)	(5.0, 186.5)	(6.0, 215.0)	(7.0, 208.5)	(8.0, 219.0)	(9.0, 200.0)	(10.0, 176.5)	(11.0, 198.5)	(12.0, 247.5)	(13.0, 345.0)	(14.0, 503.5)	(15.0, 822.0)	(16.0, 1338.5)	(17.0, 2306.0)	(18.0, 3833.5)	(19.0, 5809.0)	(20.0, 9120.5)	(21.0, 14469.5)	(22.0, 23194.5)	(23.0, 37839.0)	(24.0, 57856.5)	(25.0, 82366.0)	(26.0, 113644.0)	(27.0, 151350.0)	(28.0, 197559.0)	(29.0, 243627.0)	(30.0, 283993.0)	(31.0, 329894.0)	(32.0, 379044.0)	(33.0, 429788.0)	(34.0, 479378.5)	(35.0, 529585.5)	(36.0, 581063.0)	(37.0, 630013.0)	(38.0, 672683.5)	(39.0, 716222.5)	(40.0, 768891.5)	(41.0, 847978.0)	(42.0, 886044.0)	(43.0, 887748.5)	(44.0, 919944.0)	(45.0, 951457.0)	(46.0, 991429.0)	(47.0, 1020467.0)	(48.0, 1021947.0)	(49.0, 1024147.0)	(50.0, 1031305.0)	(51.0, 1038343.5)	(52.0, 1036187.0)	(53.0, 1053323.5)	(54.0, 1116406.5)	(55.0, 1168804.5)	(56.0, 1187971.5)	(57.0, 1155676.0)	(58.0, 1111348.5)	(59.0, 1015150.5)	(60.0, 881645.5)	(61.0, 855562.5)	(62.0, 840635.5)	(63.0, 748044.5)	(64.0, 694825.5)	(65.0, 689586.0)	(66.0, 660697.5)	(67.0, 603912.0)	(68.0, 473604.0)	(69.0, 361708.5)	(70.0, 268819.5)	(71.0, 160063.0)	(72.0, 103594.5)	(73.0, 75407.5)	(74.0, 59797.5)	(75.0, 45988.0)	(76.0, 34410.5)	(77.0, 27763.0)	(78.0, 23142.5)	(79.0, 18548.0)	(80.0, 13903.0)	(81.0, 10674.5)	(82.0, 9180.0)	(83.0, 7688.0)	(84.0, 5715.0)	(85.0, 3772.0)	(86.0, 2247.0)	(87.0, 1313.0)	(88.0, 869.0)	(89.0, 601.5)	(90.0, 416.5)	(91.0, 290.0)	(92.0, 217.0)	(93.0, 147.5)	(94.0, 87.5)	(95.0, 56.5)	(96.0, 34.5)	(97.0, 15.5)	(98.0, 7.5)	(99.0, 4.0)	(100.0, 1.0)
SRR26064299_2	(0.0, 3.0)	(1.0, 17.5)	(2.0, 26.5)	(3.0, 20.5)	(4.0, 19.0)	(5.0, 19.5)	(6.0, 25.0)	(7.0, 33.5)	(8.0, 52.5)	(9.0, 82.0)	(10.0, 91.0)	(11.0, 109.5)	(12.0, 164.5)	(13.0, 291.5)	(14.0, 498.5)	(15.0, 805.5)	(16.0, 1370.0)	(17.0, 2302.0)	(18.0, 3728.5)	(19.0, 5647.0)	(20.0, 8682.0)	(21.0, 13646.0)	(22.0, 22150.0)	(23.0, 36438.5)	(24.0, 56090.5)	(25.0, 80161.5)	(26.0, 111418.5)	(27.0, 150163.0)	(28.0, 197045.0)	(29.0, 243938.5)	(30.0, 284482.5)	(31.0, 329954.0)	(32.0, 379859.5)	(33.0, 431710.5)	(34.0, 482127.0)	(35.0, 532477.5)	(36.0, 585320.5)	(37.0, 634251.0)	(38.0, 674368.0)	(39.0, 718560.0)	(40.0, 771253.0)	(41.0, 846110.0)	(42.0, 884931.5)	(43.0, 888835.0)	(44.0, 925360.5)	(45.0, 957867.5)	(46.0, 993118.5)	(47.0, 1024730.0)	(48.0, 1027441.0)	(49.0, 1025018.5)	(50.0, 1030428.5)	(51.0, 1043416.5)	(52.0, 1044614.5)	(53.0, 1057806.0)	(54.0, 1116119.5)	(55.0, 1159536.0)	(56.0, 1177420.5)	(57.0, 1151832.0)	(58.0, 1107574.0)	(59.0, 1009393.0)	(60.0, 876738.0)	(61.0, 850795.0)	(62.0, 827340.0)	(63.0, 738569.0)	(64.0, 686832.5)	(65.0, 669852.5)	(66.0, 637398.0)	(67.0, 582476.5)	(68.0, 462817.5)	(69.0, 360329.5)	(70.0, 275965.0)	(71.0, 174392.5)	(72.0, 117914.5)	(73.0, 87668.0)	(74.0, 68887.5)	(75.0, 53148.5)	(76.0, 40616.5)	(77.0, 32922.0)	(78.0, 27551.0)	(79.0, 22073.0)	(80.0, 16768.0)	(81.0, 13247.0)	(82.0, 11056.5)	(83.0, 9037.5)	(84.0, 6908.0)	(85.0, 4958.5)	(86.0, 3479.0)	(87.0, 2386.0)	(88.0, 1682.5)	(89.0, 1227.0)	(90.0, 920.0)	(91.0, 676.0)	(92.0, 491.0)	(93.0, 381.0)	(94.0, 277.0)	(95.0, 199.5)	(96.0, 135.5)	(97.0, 82.0)	(98.0, 54.5)	(99.0, 29.0)	(100.0, 11.5)
SRR26064300_1	(0.0, 44.0)	(1.0, 77.5)	(2.0, 102.5)	(3.0, 89.0)	(4.0, 122.5)	(5.0, 186.5)	(6.0, 217.0)	(7.0, 227.0)	(8.0, 211.0)	(9.0, 208.5)	(10.0, 213.5)	(11.0, 232.5)	(12.0, 270.0)	(13.0, 354.5)	(14.0, 532.0)	(15.0, 794.0)	(16.0, 1310.0)	(17.0, 2219.0)	(18.0, 3458.5)	(19.0, 5018.5)	(20.0, 7666.5)	(21.0, 11902.0)	(22.0, 18863.0)	(23.0, 30836.0)	(24.0, 46926.0)	(25.0, 66821.0)	(26.0, 92610.0)	(27.0, 123771.0)	(28.0, 161296.5)	(29.0, 204336.0)	(30.0, 246598.0)	(31.0, 289953.0)	(32.0, 337241.5)	(33.0, 387793.0)	(34.0, 435935.5)	(35.0, 488100.5)	(36.0, 542807.0)	(37.0, 598257.5)	(38.0, 651705.5)	(39.0, 702164.0)	(40.0, 761329.0)	(41.0, 836723.0)	(42.0, 879306.0)	(43.0, 916787.0)	(44.0, 973012.5)	(45.0, 1046231.0)	(46.0, 1161737.5)	(47.0, 1226596.0)	(48.0, 1232546.0)	(49.0, 1221370.0)	(50.0, 1212787.0)	(51.0, 1227792.5)	(52.0, 1223706.0)	(53.0, 1231058.5)	(54.0, 1242123.0)	(55.0, 1225434.0)	(56.0, 1202440.0)	(57.0, 1145783.5)	(58.0, 1096986.5)	(59.0, 1045944.5)	(60.0, 975007.0)	(61.0, 927171.5)	(62.0, 866577.0)	(63.0, 768343.0)	(64.0, 669211.5)	(65.0, 598672.0)	(66.0, 532451.5)	(67.0, 466198.0)	(68.0, 385849.5)	(69.0, 297532.0)	(70.0, 224780.0)	(71.0, 162448.5)	(72.0, 126538.5)	(73.0, 105765.5)	(74.0, 91139.5)	(75.0, 72388.5)	(76.0, 53260.5)	(77.0, 44238.5)	(78.0, 38847.0)	(79.0, 30703.0)	(80.0, 21630.5)	(81.0, 16684.5)	(82.0, 15450.0)	(83.0, 13709.0)	(84.0, 11045.5)	(85.0, 7574.5)	(86.0, 3852.5)	(87.0, 1960.5)	(88.0, 1297.5)	(89.0, 957.5)	(90.0, 693.5)	(91.0, 532.0)	(92.0, 377.0)	(93.0, 280.0)	(94.0, 203.5)	(95.0, 121.0)	(96.0, 66.5)	(97.0, 38.5)	(98.0, 25.5)	(99.0, 11.5)	(100.0, 5.5)
SRR26064300_2	(0.0, 11.0)	(1.0, 25.5)	(2.0, 34.0)	(3.0, 28.0)	(4.0, 26.5)	(5.0, 27.0)	(6.0, 33.0)	(7.0, 39.5)	(8.0, 61.0)	(9.0, 95.5)	(10.0, 121.0)	(11.0, 148.5)	(12.0, 213.0)	(13.0, 337.5)	(14.0, 531.5)	(15.0, 818.0)	(16.0, 1311.5)	(17.0, 2099.0)	(18.0, 3235.0)	(19.0, 4765.0)	(20.0, 7246.0)	(21.0, 11107.0)	(22.0, 17742.5)	(23.0, 29009.0)	(24.0, 44322.0)	(25.0, 63390.0)	(26.0, 88760.0)	(27.0, 119480.5)	(28.0, 156878.5)	(29.0, 200813.5)	(30.0, 243137.0)	(31.0, 286222.0)	(32.0, 334024.0)	(33.0, 384516.5)	(34.0, 432524.0)	(35.0, 486425.0)	(36.0, 542394.5)	(37.0, 595403.5)	(38.0, 647393.5)	(39.0, 699135.0)	(40.0, 759429.0)	(41.0, 834720.5)	(42.0, 879510.0)	(43.0, 919045.0)	(44.0, 972987.5)	(45.0, 1046093.5)	(46.0, 1161396.5)	(47.0, 1228507.5)	(48.0, 1239478.0)	(49.0, 1225073.0)	(50.0, 1212723.0)	(51.0, 1231258.0)	(52.0, 1225182.5)	(53.0, 1225640.0)	(54.0, 1234006.0)	(55.0, 1215201.0)	(56.0, 1190884.0)	(57.0, 1138585.0)	(58.0, 1091369.5)	(59.0, 1037767.0)	(60.0, 971764.0)	(61.0, 926368.0)	(62.0, 862858.5)	(63.0, 768966.5)	(64.0, 675324.0)	(65.0, 604097.0)	(66.0, 535480.5)	(67.0, 466452.5)	(68.0, 387949.5)	(69.0, 304476.0)	(70.0, 234534.5)	(71.0, 173003.0)	(72.0, 134801.5)	(73.0, 112455.5)	(74.0, 96321.0)	(75.0, 76823.5)	(76.0, 57970.5)	(77.0, 48070.0)	(78.0, 42148.5)	(79.0, 34224.5)	(80.0, 25115.5)	(81.0, 19533.0)	(82.0, 17181.0)	(83.0, 14773.5)	(84.0, 11840.5)	(85.0, 8965.5)	(86.0, 5933.0)	(87.0, 3695.5)	(88.0, 2634.5)	(89.0, 2003.0)	(90.0, 1527.5)	(91.0, 1169.0)	(92.0, 902.5)	(93.0, 754.0)	(94.0, 659.5)	(95.0, 505.0)	(96.0, 332.0)	(97.0, 212.5)	(98.0, 128.5)	(99.0, 61.5)	(100.0, 24.5)
SRR26064301_1	(0.0, 35.0)	(1.0, 55.0)	(2.0, 58.0)	(3.0, 38.0)	(4.0, 33.5)	(5.0, 30.0)	(6.0, 23.5)	(7.0, 31.0)	(8.0, 44.5)	(9.0, 54.0)	(10.0, 66.5)	(11.0, 89.5)	(12.0, 145.0)	(13.0, 216.5)	(14.0, 328.5)	(15.0, 514.0)	(16.0, 841.5)	(17.0, 1465.5)	(18.0, 2268.0)	(19.0, 3262.5)	(20.0, 5032.5)	(21.0, 7769.0)	(22.0, 12628.5)	(23.0, 20684.5)	(24.0, 31874.0)	(25.0, 47124.0)	(26.0, 68425.0)	(27.0, 95082.0)	(28.0, 130476.5)	(29.0, 172451.0)	(30.0, 212431.5)	(31.0, 259946.5)	(32.0, 314742.5)	(33.0, 364005.0)	(34.0, 410424.0)	(35.0, 467900.0)	(36.0, 525548.5)	(37.0, 577381.5)	(38.0, 614948.5)	(39.0, 651776.0)	(40.0, 706452.0)	(41.0, 796649.0)	(42.0, 832881.0)	(43.0, 801656.5)	(44.0, 822687.0)	(45.0, 851336.0)	(46.0, 865283.5)	(47.0, 893747.5)	(48.0, 897690.0)	(49.0, 893570.5)	(50.0, 914914.5)	(51.0, 938393.0)	(52.0, 950069.5)	(53.0, 997793.5)	(54.0, 1103389.0)	(55.0, 1207965.5)	(56.0, 1280759.0)	(57.0, 1289662.0)	(58.0, 1322898.0)	(59.0, 1245595.0)	(60.0, 1074974.5)	(61.0, 1117410.0)	(62.0, 1175159.5)	(63.0, 1078941.5)	(64.0, 1113332.0)	(65.0, 1220259.5)	(66.0, 1247450.0)	(67.0, 1193473.0)	(68.0, 913433.5)	(69.0, 699342.0)	(70.0, 521940.5)	(71.0, 274175.5)	(72.0, 152054.5)	(73.0, 95228.0)	(74.0, 68299.0)	(75.0, 49805.5)	(76.0, 36607.0)	(77.0, 29337.5)	(78.0, 24842.0)	(79.0, 20422.0)	(80.0, 15200.0)	(81.0, 10743.0)	(82.0, 8912.0)	(83.0, 7615.5)	(84.0, 5533.0)	(85.0, 3375.0)	(86.0, 2000.5)	(87.0, 1237.5)	(88.0, 811.0)	(89.0, 560.0)	(90.0, 415.5)	(91.0, 330.0)	(92.0, 261.5)	(93.0, 186.0)	(94.0, 128.5)	(95.0, 84.0)	(96.0, 54.0)	(97.0, 38.5)	(98.0, 28.0)	(99.0, 15.0)	(100.0, 6.0)
SRR26064301_2	(0.0, 82.0)	(1.0, 274.0)	(2.0, 429.0)	(3.0, 260.0)	(4.0, 94.0)	(5.0, 52.0)	(6.0, 52.0)	(7.0, 61.0)	(8.0, 91.5)	(9.0, 117.0)	(10.0, 134.5)	(11.0, 170.5)	(12.0, 215.0)	(13.0, 277.5)	(14.0, 387.5)	(15.0, 606.5)	(16.0, 960.0)	(17.0, 1466.5)	(18.0, 2155.0)	(19.0, 3163.5)	(20.0, 4965.0)	(21.0, 7642.5)	(22.0, 12278.0)	(23.0, 19957.0)	(24.0, 30508.5)	(25.0, 45562.5)	(26.0, 66515.0)	(27.0, 92084.0)	(28.0, 127822.0)	(29.0, 170419.5)	(30.0, 209200.0)	(31.0, 255409.0)	(32.0, 309479.5)	(33.0, 360190.0)	(34.0, 407796.5)	(35.0, 464920.5)	(36.0, 523247.0)	(37.0, 571787.0)	(38.0, 608790.0)	(39.0, 650096.0)	(40.0, 703493.5)	(41.0, 790369.0)	(42.0, 832356.5)	(43.0, 805402.5)	(44.0, 830771.0)	(45.0, 862542.0)	(46.0, 871635.0)	(47.0, 901345.0)	(48.0, 905144.0)	(49.0, 894339.5)	(50.0, 914588.5)	(51.0, 941771.0)	(52.0, 956074.0)	(53.0, 998698.5)	(54.0, 1096889.5)	(55.0, 1188019.0)	(56.0, 1263072.0)	(57.0, 1294561.5)	(58.0, 1326040.0)	(59.0, 1247648.0)	(60.0, 1083910.0)	(61.0, 1106605.0)	(62.0, 1146704.5)	(63.0, 1068537.5)	(64.0, 1091759.0)	(65.0, 1158888.5)	(66.0, 1171160.5)	(67.0, 1120097.5)	(68.0, 881819.0)	(69.0, 695769.5)	(70.0, 540130.0)	(71.0, 323760.0)	(72.0, 203651.5)	(73.0, 140512.5)	(74.0, 103443.0)	(75.0, 77811.0)	(76.0, 59318.5)	(77.0, 47383.0)	(78.0, 39129.5)	(79.0, 31897.5)	(80.0, 25112.5)	(81.0, 19344.5)	(82.0, 15567.5)	(83.0, 12818.5)	(84.0, 9978.5)	(85.0, 7409.0)	(86.0, 5456.5)	(87.0, 3992.5)	(88.0, 2982.5)	(89.0, 2239.5)	(90.0, 1630.5)	(91.0, 1225.5)	(92.0, 909.5)	(93.0, 678.0)	(94.0, 509.0)	(95.0, 367.5)	(96.0, 264.5)	(97.0, 183.0)	(98.0, 115.5)	(99.0, 76.5)	(100.0, 47.0)
SRR26064302_1	(0.0, 50.0)	(1.0, 52.5)	(2.0, 49.5)	(3.0, 34.5)	(4.0, 23.5)	(5.0, 23.0)	(6.0, 21.5)	(7.0, 23.0)	(8.0, 45.0)	(9.0, 63.0)	(10.0, 80.0)	(11.0, 112.5)	(12.0, 162.5)	(13.0, 229.5)	(14.0, 310.5)	(15.0, 442.5)	(16.0, 718.5)	(17.0, 1120.0)	(18.0, 1692.5)	(19.0, 2421.5)	(20.0, 3618.5)	(21.0, 5465.5)	(22.0, 8459.5)	(23.0, 13641.5)	(24.0, 21293.0)	(25.0, 32683.0)	(26.0, 49977.0)	(27.0, 73268.5)	(28.0, 103124.5)	(29.0, 139068.0)	(30.0, 181038.0)	(31.0, 228403.5)	(32.0, 273774.5)	(33.0, 314648.5)	(34.0, 348915.0)	(35.0, 383744.0)	(36.0, 424968.0)	(37.0, 459766.5)	(38.0, 480747.5)	(39.0, 512208.5)	(40.0, 560460.0)	(41.0, 701336.0)	(42.0, 770475.5)	(43.0, 712417.0)	(44.0, 738052.0)	(45.0, 759474.0)	(46.0, 774259.5)	(47.0, 844931.0)	(48.0, 891912.5)	(49.0, 892410.5)	(50.0, 911040.5)	(51.0, 981146.5)	(52.0, 1028394.5)	(53.0, 1127235.0)	(54.0, 1287879.5)	(55.0, 1473392.0)	(56.0, 1668863.0)	(57.0, 1698859.5)	(58.0, 1722109.0)	(59.0, 1566644.0)	(60.0, 1287373.0)	(61.0, 1288484.0)	(62.0, 1290989.5)	(63.0, 1161111.0)	(64.0, 1198428.5)	(65.0, 1308368.0)	(66.0, 1342276.0)	(67.0, 1289067.5)	(68.0, 979790.0)	(69.0, 751773.0)	(70.0, 560153.0)	(71.0, 288845.5)	(72.0, 157801.5)	(73.0, 96606.0)	(74.0, 69869.5)	(75.0, 50215.0)	(76.0, 36364.5)	(77.0, 29795.0)	(78.0, 25901.5)	(79.0, 21527.0)	(80.0, 15709.5)	(81.0, 10844.5)	(82.0, 9329.0)	(83.0, 8241.0)	(84.0, 6165.5)	(85.0, 3991.5)	(86.0, 2307.5)	(87.0, 1372.0)	(88.0, 950.0)	(89.0, 687.0)	(90.0, 528.5)	(91.0, 399.5)	(92.0, 298.0)	(93.0, 222.0)	(94.0, 146.0)	(95.0, 91.0)	(96.0, 55.5)	(97.0, 41.0)	(98.0, 34.5)	(99.0, 20.0)	(100.0, 8.0)
SRR26064302_2	(0.0, 28.0)	(1.0, 93.0)	(2.0, 162.0)	(3.0, 123.0)	(4.0, 67.5)	(5.0, 49.0)	(6.0, 46.5)	(7.0, 67.5)	(8.0, 111.5)	(9.0, 151.5)	(10.0, 183.5)	(11.0, 214.0)	(12.0, 248.5)	(13.0, 308.0)	(14.0, 408.5)	(15.0, 540.5)	(16.0, 809.0)	(17.0, 1246.0)	(18.0, 1807.0)	(19.0, 2528.0)	(20.0, 3718.5)	(21.0, 5554.0)	(22.0, 8543.0)	(23.0, 13656.0)	(24.0, 21131.5)	(25.0, 32191.0)	(26.0, 48775.5)	(27.0, 71280.5)	(28.0, 100406.0)	(29.0, 136312.0)	(30.0, 178106.5)	(31.0, 225939.0)	(32.0, 272850.0)	(33.0, 314968.0)	(34.0, 350737.0)	(35.0, 386671.0)	(36.0, 429435.0)	(37.0, 463154.5)	(38.0, 480975.5)	(39.0, 515265.0)	(40.0, 560111.5)	(41.0, 692566.0)	(42.0, 769542.0)	(43.0, 720112.0)	(44.0, 751676.5)	(45.0, 775676.0)	(46.0, 785120.0)	(47.0, 857590.5)	(48.0, 897072.0)	(49.0, 885891.0)	(50.0, 912817.5)	(51.0, 993173.0)	(52.0, 1045993.0)	(53.0, 1126381.0)	(54.0, 1272303.5)	(55.0, 1442187.5)	(56.0, 1631352.0)	(57.0, 1683003.5)	(58.0, 1709346.0)	(59.0, 1556979.5)	(60.0, 1283396.0)	(61.0, 1277074.5)	(62.0, 1271572.5)	(63.0, 1157732.5)	(64.0, 1180672.5)	(65.0, 1245554.0)	(66.0, 1250535.0)	(67.0, 1203520.5)	(68.0, 951889.5)	(69.0, 759022.0)	(70.0, 590340.0)	(71.0, 341315.0)	(72.0, 206903.5)	(73.0, 140753.0)	(74.0, 104446.5)	(75.0, 77892.5)	(76.0, 58930.5)	(77.0, 47343.0)	(78.0, 39763.5)	(79.0, 32744.0)	(80.0, 25260.5)	(81.0, 19193.5)	(82.0, 15823.0)	(83.0, 13449.0)	(84.0, 10649.0)	(85.0, 7996.0)	(86.0, 5830.5)	(87.0, 4209.5)	(88.0, 3151.0)	(89.0, 2413.0)	(90.0, 1805.0)	(91.0, 1359.0)	(92.0, 1077.0)	(93.0, 815.5)	(94.0, 602.5)	(95.0, 415.5)	(96.0, 277.0)	(97.0, 203.0)	(98.0, 131.0)	(99.0, 76.5)	(100.0, 42.5)
SRR26064303_1	(0.0, 27.0)	(1.0, 45.5)	(2.0, 46.0)	(3.0, 24.0)	(4.0, 21.5)	(5.0, 20.0)	(6.0, 22.5)	(7.0, 29.0)	(8.0, 36.0)	(9.0, 55.5)	(10.0, 78.0)	(11.0, 107.5)	(12.0, 158.0)	(13.0, 232.0)	(14.0, 304.5)	(15.0, 442.0)	(16.0, 721.0)	(17.0, 1145.5)	(18.0, 1722.0)	(19.0, 2503.5)	(20.0, 3960.0)	(21.0, 6131.5)	(22.0, 9739.0)	(23.0, 16613.0)	(24.0, 26387.0)	(25.0, 39224.0)	(26.0, 58880.5)	(27.0, 81768.0)	(28.0, 106681.0)	(29.0, 132573.0)	(30.0, 155403.5)	(31.0, 186259.0)	(32.0, 224894.0)	(33.0, 258157.0)	(34.0, 290342.0)	(35.0, 333840.5)	(36.0, 388438.0)	(37.0, 434332.0)	(38.0, 451638.5)	(39.0, 485657.5)	(40.0, 544498.0)	(41.0, 758245.0)	(42.0, 868196.5)	(43.0, 734656.5)	(44.0, 734640.5)	(45.0, 727696.5)	(46.0, 678520.0)	(47.0, 740431.5)	(48.0, 761823.0)	(49.0, 762099.0)	(50.0, 811034.0)	(51.0, 870277.5)	(52.0, 888848.0)	(53.0, 949548.0)	(54.0, 1224506.0)	(55.0, 1578655.0)	(56.0, 1861168.0)	(57.0, 1909960.0)	(58.0, 1896941.5)	(59.0, 1582513.5)	(60.0, 1091079.0)	(61.0, 1060355.5)	(62.0, 1054574.5)	(63.0, 865277.0)	(64.0, 858690.0)	(65.0, 957682.0)	(66.0, 1004242.0)	(67.0, 977526.5)	(68.0, 741956.5)	(69.0, 563111.5)	(70.0, 412210.0)	(71.0, 205100.0)	(72.0, 105717.0)	(73.0, 58766.0)	(74.0, 39517.5)	(75.0, 28973.0)	(76.0, 22332.5)	(77.0, 18351.0)	(78.0, 15272.5)	(79.0, 12443.0)	(80.0, 9253.5)	(81.0, 6429.0)	(82.0, 5171.5)	(83.0, 4283.0)	(84.0, 3053.5)	(85.0, 1937.5)	(86.0, 1200.5)	(87.0, 740.0)	(88.0, 493.5)	(89.0, 350.5)	(90.0, 236.0)	(91.0, 164.0)	(92.0, 129.5)	(93.0, 102.5)	(94.0, 68.0)	(95.0, 52.5)	(96.0, 41.0)	(97.0, 22.5)	(98.0, 17.0)	(99.0, 11.0)	(100.0, 5.0)
SRR26064303_2	(0.0, 39.0)	(1.0, 124.5)	(2.0, 224.0)	(3.0, 176.5)	(4.0, 80.0)	(5.0, 50.5)	(6.0, 49.0)	(7.0, 63.5)	(8.0, 103.5)	(9.0, 135.0)	(10.0, 164.0)	(11.0, 212.0)	(12.0, 263.5)	(13.0, 314.5)	(14.0, 410.0)	(15.0, 564.5)	(16.0, 834.5)	(17.0, 1245.5)	(18.0, 1817.0)	(19.0, 2616.5)	(20.0, 4108.0)	(21.0, 6313.0)	(22.0, 10005.0)	(23.0, 16657.5)	(24.0, 26036.5)	(25.0, 39136.5)	(26.0, 57880.5)	(27.0, 79565.5)	(28.0, 104343.5)	(29.0, 129775.0)	(30.0, 152929.5)	(31.0, 183860.5)	(32.0, 221722.5)	(33.0, 255944.5)	(34.0, 288684.5)	(35.0, 332486.5)	(36.0, 389811.5)	(37.0, 434172.5)	(38.0, 449770.5)	(39.0, 489867.5)	(40.0, 547804.5)	(41.0, 746062.5)	(42.0, 865100.0)	(43.0, 748714.0)	(44.0, 758897.5)	(45.0, 754654.0)	(46.0, 694150.5)	(47.0, 760007.0)	(48.0, 773979.5)	(49.0, 752388.0)	(50.0, 798542.0)	(51.0, 868886.5)	(52.0, 902193.5)	(53.0, 954423.0)	(54.0, 1197048.5)	(55.0, 1502314.0)	(56.0, 1773308.5)	(57.0, 1858670.5)	(58.0, 1865946.0)	(59.0, 1593316.5)	(60.0, 1129739.5)	(61.0, 1067502.0)	(62.0, 1039762.0)	(63.0, 875155.5)	(64.0, 865028.5)	(65.0, 920201.0)	(66.0, 939818.5)	(67.0, 910597.0)	(68.0, 715542.0)	(69.0, 565335.0)	(70.0, 436380.5)	(71.0, 256240.5)	(72.0, 155546.5)	(73.0, 102216.5)	(74.0, 73072.0)	(75.0, 54827.5)	(76.0, 42432.0)	(77.0, 34227.0)	(78.0, 28009.0)	(79.0, 22647.5)	(80.0, 17710.5)	(81.0, 13527.0)	(82.0, 10771.5)	(83.0, 8737.5)	(84.0, 6818.5)	(85.0, 5102.0)	(86.0, 3775.5)	(87.0, 2811.0)	(88.0, 2054.5)	(89.0, 1473.5)	(90.0, 1082.0)	(91.0, 818.5)	(92.0, 622.0)	(93.0, 431.5)	(94.0, 296.0)	(95.0, 211.0)	(96.0, 151.0)	(97.0, 92.5)	(98.0, 63.0)	(99.0, 46.0)	(100.0, 20.0)
SRR26064304_1	(0.0, 47.0)	(1.0, 70.0)	(2.0, 71.0)	(3.0, 42.0)	(4.0, 30.5)	(5.0, 25.0)	(6.0, 24.5)	(7.0, 30.0)	(8.0, 46.5)	(9.0, 57.5)	(10.0, 78.0)	(11.0, 106.5)	(12.0, 150.0)	(13.0, 226.0)	(14.0, 320.5)	(15.0, 487.0)	(16.0, 762.0)	(17.0, 1324.5)	(18.0, 2049.5)	(19.0, 2883.5)	(20.0, 4334.0)	(21.0, 6657.0)	(22.0, 10557.5)	(23.0, 16907.5)	(24.0, 25834.0)	(25.0, 38213.0)	(26.0, 55284.0)	(27.0, 78191.5)	(28.0, 112188.5)	(29.0, 157948.5)	(30.0, 209652.5)	(31.0, 270457.5)	(32.0, 335081.5)	(33.0, 395879.0)	(34.0, 456260.5)	(35.0, 525076.0)	(36.0, 587429.0)	(37.0, 644441.0)	(38.0, 693498.0)	(39.0, 734289.0)	(40.0, 791382.5)	(41.0, 874791.5)	(42.0, 914824.0)	(43.0, 914075.5)	(44.0, 945766.0)	(45.0, 987348.5)	(46.0, 1040848.5)	(47.0, 1098796.0)	(48.0, 1132642.0)	(49.0, 1152109.0)	(50.0, 1188107.5)	(51.0, 1231297.5)	(52.0, 1268050.5)	(53.0, 1329372.0)	(54.0, 1383208.5)	(55.0, 1443635.5)	(56.0, 1508641.0)	(57.0, 1498330.5)	(58.0, 1493201.0)	(59.0, 1455523.0)	(60.0, 1351581.5)	(61.0, 1298722.0)	(62.0, 1215550.5)	(63.0, 1059304.5)	(64.0, 966863.0)	(65.0, 918709.5)	(66.0, 862605.5)	(67.0, 790232.5)	(68.0, 622893.5)	(69.0, 479622.5)	(70.0, 356167.0)	(71.0, 212614.0)	(72.0, 138821.5)	(73.0, 100452.0)	(74.0, 75933.5)	(75.0, 56770.5)	(76.0, 43330.5)	(77.0, 35603.0)	(78.0, 30570.5)	(79.0, 25127.5)	(80.0, 18355.5)	(81.0, 12983.0)	(82.0, 10832.5)	(83.0, 9146.5)	(84.0, 6632.0)	(85.0, 4235.5)	(86.0, 2548.0)	(87.0, 1522.0)	(88.0, 1053.5)	(89.0, 793.5)	(90.0, 605.0)	(91.0, 453.0)	(92.0, 356.0)	(93.0, 291.5)	(94.0, 218.0)	(95.0, 154.5)	(96.0, 99.5)	(97.0, 59.5)	(98.0, 45.0)	(99.0, 29.0)	(100.0, 12.0)
SRR26064304_2	(0.0, 36.0)	(1.0, 114.0)	(2.0, 194.0)	(3.0, 132.5)	(4.0, 60.5)	(5.0, 53.5)	(6.0, 53.5)	(7.0, 62.0)	(8.0, 93.5)	(9.0, 127.0)	(10.0, 151.5)	(11.0, 160.5)	(12.0, 195.0)	(13.0, 264.0)	(14.0, 359.0)	(15.0, 519.0)	(16.0, 816.0)	(17.0, 1308.5)	(18.0, 1917.5)	(19.0, 2764.5)	(20.0, 4227.5)	(21.0, 6508.5)	(22.0, 10088.0)	(23.0, 16005.0)	(24.0, 24608.0)	(25.0, 36260.5)	(26.0, 52416.5)	(27.0, 74381.0)	(28.0, 107239.5)	(29.0, 151937.0)	(30.0, 203411.5)	(31.0, 263656.5)	(32.0, 327474.5)	(33.0, 389543.0)	(34.0, 451581.5)	(35.0, 521770.5)	(36.0, 584766.0)	(37.0, 640205.5)	(38.0, 691075.0)	(39.0, 736061.0)	(40.0, 790882.0)	(41.0, 871451.0)	(42.0, 914930.0)	(43.0, 914847.5)	(44.0, 948053.0)	(45.0, 991515.0)	(46.0, 1041769.0)	(47.0, 1099075.5)	(48.0, 1132803.5)	(49.0, 1151258.5)	(50.0, 1186943.0)	(51.0, 1231165.5)	(52.0, 1269769.5)	(53.0, 1324736.0)	(54.0, 1375169.0)	(55.0, 1433670.5)	(56.0, 1500491.0)	(57.0, 1499251.5)	(58.0, 1493887.5)	(59.0, 1449635.0)	(60.0, 1341514.5)	(61.0, 1285988.0)	(62.0, 1203420.5)	(63.0, 1062734.0)	(64.0, 971781.0)	(65.0, 905955.5)	(66.0, 840920.0)	(67.0, 769242.0)	(68.0, 616562.5)	(69.0, 483679.5)	(70.0, 371377.0)	(71.0, 239549.5)	(72.0, 162953.0)	(73.0, 121048.5)	(74.0, 92449.0)	(75.0, 70214.5)	(76.0, 54447.5)	(77.0, 44274.0)	(78.0, 37321.5)	(79.0, 30748.0)	(80.0, 23523.5)	(81.0, 17607.0)	(82.0, 14162.0)	(83.0, 11621.0)	(84.0, 9006.0)	(85.0, 6535.0)	(86.0, 4657.0)	(87.0, 3298.0)	(88.0, 2432.0)	(89.0, 1816.0)	(90.0, 1396.5)	(91.0, 1076.0)	(92.0, 870.5)	(93.0, 774.5)	(94.0, 628.0)	(95.0, 436.0)	(96.0, 323.5)	(97.0, 251.0)	(98.0, 165.0)	(99.0, 110.5)	(100.0, 66.5)
SRR26064305_1	(0.0, 487.0)	(1.0, 349.5)	(2.0, 222.5)	(3.0, 275.0)	(4.0, 363.0)	(5.0, 392.0)	(6.0, 368.0)	(7.0, 330.0)	(8.0, 261.5)	(9.0, 204.5)	(10.0, 160.5)	(11.0, 145.0)	(12.0, 188.5)	(13.0, 287.5)	(14.0, 426.5)	(15.0, 625.0)	(16.0, 1027.0)	(17.0, 1653.0)	(18.0, 2456.0)	(19.0, 3427.0)	(20.0, 4948.0)	(21.0, 7350.0)	(22.0, 11184.0)	(23.0, 17241.5)	(24.0, 26159.5)	(25.0, 39340.5)	(26.0, 59794.5)	(27.0, 89587.5)	(28.0, 135137.5)	(29.0, 195818.0)	(30.0, 261445.5)	(31.0, 339561.0)	(32.0, 424609.5)	(33.0, 503590.5)	(34.0, 570999.5)	(35.0, 631457.5)	(36.0, 683111.5)	(37.0, 718860.0)	(38.0, 736168.5)	(39.0, 749770.0)	(40.0, 772984.0)	(41.0, 840685.5)	(42.0, 864388.0)	(43.0, 823266.5)	(44.0, 830596.0)	(45.0, 844467.5)	(46.0, 854772.0)	(47.0, 881572.0)	(48.0, 880015.5)	(49.0, 880786.5)	(50.0, 914937.5)	(51.0, 944277.0)	(52.0, 948983.5)	(53.0, 966136.0)	(54.0, 1058182.5)	(55.0, 1158131.5)	(56.0, 1212131.0)	(57.0, 1207335.0)	(58.0, 1202312.0)	(59.0, 1113621.5)	(60.0, 950610.0)	(61.0, 951784.5)	(62.0, 962300.0)	(63.0, 862393.0)	(64.0, 849462.5)	(65.0, 879226.5)	(66.0, 869377.5)	(67.0, 820638.5)	(68.0, 639006.5)	(69.0, 498179.5)	(70.0, 376367.0)	(71.0, 212757.0)	(72.0, 129048.5)	(73.0, 85577.5)	(74.0, 62849.0)	(75.0, 46172.0)	(76.0, 35018.5)	(77.0, 28567.0)	(78.0, 24301.5)	(79.0, 20116.5)	(80.0, 15049.0)	(81.0, 10609.5)	(82.0, 8583.5)	(83.0, 6959.5)	(84.0, 4945.5)	(85.0, 3116.0)	(86.0, 1877.5)	(87.0, 1230.0)	(88.0, 820.5)	(89.0, 551.5)	(90.0, 412.0)	(91.0, 318.0)	(92.0, 241.0)	(93.0, 187.5)	(94.0, 136.5)	(95.0, 85.5)	(96.0, 51.5)	(97.0, 35.0)	(98.0, 25.5)	(99.0, 18.5)	(100.0, 8.0)
SRR26064305_2	(0.0, 11.0)	(1.0, 28.5)	(2.0, 44.5)	(3.0, 36.0)	(4.0, 25.5)	(5.0, 29.0)	(6.0, 36.0)	(7.0, 56.0)	(8.0, 107.0)	(9.0, 155.0)	(10.0, 175.5)	(11.0, 186.5)	(12.0, 227.0)	(13.0, 304.5)	(14.0, 415.0)	(15.0, 584.5)	(16.0, 865.5)	(17.0, 1325.5)	(18.0, 1974.0)	(19.0, 2816.5)	(20.0, 4175.5)	(21.0, 6203.5)	(22.0, 9754.0)	(23.0, 15776.5)	(24.0, 24341.5)	(25.0, 36989.0)	(26.0, 56778.5)	(27.0, 85196.5)	(28.0, 128644.5)	(29.0, 187087.0)	(30.0, 252272.5)	(31.0, 329620.5)	(32.0, 413974.5)	(33.0, 495365.0)	(34.0, 566048.0)	(35.0, 631853.5)	(36.0, 687612.0)	(37.0, 722918.0)	(38.0, 742275.0)	(39.0, 761654.0)	(40.0, 784891.5)	(41.0, 849236.5)	(42.0, 874348.5)	(43.0, 833043.5)	(44.0, 842826.0)	(45.0, 858078.5)	(46.0, 866306.0)	(47.0, 894302.5)	(48.0, 890172.0)	(49.0, 884047.0)	(50.0, 915767.0)	(51.0, 950464.0)	(52.0, 958167.5)	(53.0, 970978.5)	(54.0, 1052582.5)	(55.0, 1141025.0)	(56.0, 1196301.0)	(57.0, 1201836.0)	(58.0, 1201679.0)	(59.0, 1115459.5)	(60.0, 953855.0)	(61.0, 942737.5)	(62.0, 941930.0)	(63.0, 857292.0)	(64.0, 846099.5)	(65.0, 853215.5)	(66.0, 827653.0)	(67.0, 773434.0)	(68.0, 608987.5)	(69.0, 485039.0)	(70.0, 380315.5)	(71.0, 234663.0)	(72.0, 153142.0)	(73.0, 107635.5)	(74.0, 79932.0)	(75.0, 59937.0)	(76.0, 46152.5)	(77.0, 37256.0)	(78.0, 31031.5)	(79.0, 25479.5)	(80.0, 19741.5)	(81.0, 14774.5)	(82.0, 11957.5)	(83.0, 9674.5)	(84.0, 7300.5)	(85.0, 5326.5)	(86.0, 3800.0)	(87.0, 2717.0)	(88.0, 1985.0)	(89.0, 1437.5)	(90.0, 1061.5)	(91.0, 820.0)	(92.0, 644.5)	(93.0, 504.5)	(94.0, 374.5)	(95.0, 274.0)	(96.0, 194.0)	(97.0, 124.0)	(98.0, 89.0)	(99.0, 60.0)	(100.0, 29.5)
SRR26064306_1	(0.0, 444.0)	(1.0, 324.0)	(2.0, 205.0)	(3.0, 243.5)	(4.0, 304.0)	(5.0, 321.0)	(6.0, 300.5)	(7.0, 285.0)	(8.0, 248.5)	(9.0, 196.0)	(10.0, 169.5)	(11.0, 181.5)	(12.0, 233.0)	(13.0, 355.0)	(14.0, 527.5)	(15.0, 753.0)	(16.0, 1201.5)	(17.0, 1917.0)	(18.0, 2850.0)	(19.0, 4247.0)	(20.0, 6573.0)	(21.0, 9794.0)	(22.0, 15317.5)	(23.0, 24351.0)	(24.0, 35409.5)	(25.0, 49860.0)	(26.0, 69551.5)	(27.0, 93265.5)	(28.0, 126061.0)	(29.0, 168270.0)	(30.0, 211497.0)	(31.0, 262791.5)	(32.0, 321408.0)	(33.0, 375383.0)	(34.0, 426213.0)	(35.0, 488801.5)	(36.0, 544049.0)	(37.0, 591714.5)	(38.0, 639493.5)	(39.0, 678292.0)	(40.0, 724664.0)	(41.0, 785075.5)	(42.0, 807166.0)	(43.0, 805758.0)	(44.0, 826857.5)	(45.0, 864368.5)	(46.0, 903043.0)	(47.0, 913735.0)	(48.0, 908464.5)	(49.0, 900836.0)	(50.0, 914472.5)	(51.0, 934298.5)	(52.0, 933076.5)	(53.0, 941215.0)	(54.0, 961788.0)	(55.0, 979494.5)	(56.0, 987312.0)	(57.0, 966895.0)	(58.0, 946060.0)	(59.0, 903582.5)	(60.0, 838004.0)	(61.0, 805556.5)	(62.0, 755848.5)	(63.0, 682203.0)	(64.0, 627687.5)	(65.0, 572320.0)	(66.0, 518487.0)	(67.0, 461211.0)	(68.0, 368688.0)	(69.0, 286310.5)	(70.0, 216814.5)	(71.0, 143883.5)	(72.0, 101223.5)	(73.0, 77343.5)	(74.0, 58624.0)	(75.0, 43374.5)	(76.0, 33272.5)	(77.0, 26665.5)	(78.0, 22393.0)	(79.0, 19238.0)	(80.0, 14676.0)	(81.0, 10128.0)	(82.0, 8165.5)	(83.0, 6583.5)	(84.0, 4729.0)	(85.0, 3056.5)	(86.0, 1835.5)	(87.0, 1165.5)	(88.0, 793.0)	(89.0, 574.5)	(90.0, 423.0)	(91.0, 323.0)	(92.0, 242.5)	(93.0, 189.5)	(94.0, 141.0)	(95.0, 105.5)	(96.0, 81.0)	(97.0, 52.0)	(98.0, 39.5)	(99.0, 24.5)	(100.0, 9.0)
SRR26064306_2	(0.0, 17.0)	(1.0, 44.0)	(2.0, 61.0)	(3.0, 41.5)	(4.0, 33.0)	(5.0, 35.0)	(6.0, 36.5)	(7.0, 54.0)	(8.0, 100.5)	(9.0, 161.5)	(10.0, 199.0)	(11.0, 218.5)	(12.0, 265.5)	(13.0, 351.0)	(14.0, 483.5)	(15.0, 707.0)	(16.0, 1081.5)	(17.0, 1659.5)	(18.0, 2456.5)	(19.0, 3684.0)	(20.0, 5851.0)	(21.0, 8808.5)	(22.0, 13655.0)	(23.0, 22079.0)	(24.0, 33224.5)	(25.0, 47519.0)	(26.0, 66785.0)	(27.0, 90417.0)	(28.0, 122941.5)	(29.0, 165112.0)	(30.0, 208065.0)	(31.0, 258995.0)	(32.0, 317311.5)	(33.0, 371419.0)	(34.0, 423686.0)	(35.0, 487656.5)	(36.0, 543661.0)	(37.0, 590725.0)	(38.0, 636797.5)	(39.0, 678250.5)	(40.0, 726636.5)	(41.0, 785410.5)	(42.0, 809858.5)	(43.0, 810695.0)	(44.0, 832583.0)	(45.0, 869763.5)	(46.0, 907506.5)	(47.0, 919196.0)	(48.0, 913383.5)	(49.0, 905881.5)	(50.0, 919957.0)	(51.0, 939027.5)	(52.0, 938608.0)	(53.0, 946092.5)	(54.0, 962703.0)	(55.0, 976467.0)	(56.0, 983224.0)	(57.0, 964164.0)	(58.0, 943355.5)	(59.0, 899307.0)	(60.0, 830458.0)	(61.0, 792644.5)	(62.0, 742912.0)	(63.0, 675341.0)	(64.0, 624612.5)	(65.0, 566793.0)	(66.0, 509225.5)	(67.0, 450373.0)	(68.0, 361862.5)	(69.0, 285940.5)	(70.0, 222493.0)	(71.0, 154124.5)	(72.0, 111211.5)	(73.0, 85845.0)	(74.0, 65541.0)	(75.0, 49075.5)	(76.0, 38167.5)	(77.0, 30967.5)	(78.0, 25812.0)	(79.0, 21675.5)	(80.0, 17114.5)	(81.0, 12778.0)	(82.0, 10046.0)	(83.0, 7798.0)	(84.0, 5877.0)	(85.0, 4367.0)	(86.0, 3093.0)	(87.0, 2162.5)	(88.0, 1588.5)	(89.0, 1253.5)	(90.0, 991.0)	(91.0, 784.0)	(92.0, 612.0)	(93.0, 504.5)	(94.0, 396.5)	(95.0, 296.5)	(96.0, 227.0)	(97.0, 152.0)	(98.0, 114.0)	(99.0, 82.5)	(100.0, 42.0)
SRR26064307_1	(0.0, 488.0)	(1.0, 352.0)	(2.0, 235.5)	(3.0, 292.0)	(4.0, 359.5)	(5.0, 369.0)	(6.0, 348.5)	(7.0, 346.5)	(8.0, 299.5)	(9.0, 230.5)	(10.0, 188.5)	(11.0, 164.0)	(12.0, 175.5)	(13.0, 256.5)	(14.0, 392.5)	(15.0, 524.0)	(16.0, 805.5)	(17.0, 1304.5)	(18.0, 1915.0)	(19.0, 2634.5)	(20.0, 3690.5)	(21.0, 5251.0)	(22.0, 8075.5)	(23.0, 12921.5)	(24.0, 20112.5)	(25.0, 30578.5)	(26.0, 46513.0)	(27.0, 67438.5)	(28.0, 93836.0)	(29.0, 122420.5)	(30.0, 151545.0)	(31.0, 187789.5)	(32.0, 225858.5)	(33.0, 261961.0)	(34.0, 294173.0)	(35.0, 327713.5)	(36.0, 369320.0)	(37.0, 406038.5)	(38.0, 424182.0)	(39.0, 449644.5)	(40.0, 491816.5)	(41.0, 620233.5)	(42.0, 683012.0)	(43.0, 611013.0)	(44.0, 619923.0)	(45.0, 624918.5)	(46.0, 604931.5)	(47.0, 650464.5)	(48.0, 684927.5)	(49.0, 686655.5)	(50.0, 709686.5)	(51.0, 763551.5)	(52.0, 797549.5)	(53.0, 890562.0)	(54.0, 1046619.0)	(55.0, 1225251.5)	(56.0, 1423485.5)	(57.0, 1469852.0)	(58.0, 1512282.5)	(59.0, 1387131.0)	(60.0, 1129649.5)	(61.0, 1144179.5)	(62.0, 1175009.0)	(63.0, 1059956.5)	(64.0, 1120977.0)	(65.0, 1281710.5)	(66.0, 1362805.5)	(67.0, 1347800.0)	(68.0, 1034486.0)	(69.0, 795350.0)	(70.0, 591736.5)	(71.0, 295195.0)	(72.0, 151283.0)	(73.0, 82919.0)	(74.0, 55768.5)	(75.0, 40180.0)	(76.0, 30096.0)	(77.0, 24652.0)	(78.0, 21165.0)	(79.0, 17745.5)	(80.0, 13389.5)	(81.0, 9333.0)	(82.0, 7581.0)	(83.0, 6469.0)	(84.0, 4865.0)	(85.0, 3239.5)	(86.0, 2087.0)	(87.0, 1356.5)	(88.0, 958.0)	(89.0, 710.5)	(90.0, 524.0)	(91.0, 401.5)	(92.0, 328.0)	(93.0, 250.5)	(94.0, 165.0)	(95.0, 108.5)	(96.0, 82.0)	(97.0, 63.5)	(98.0, 45.5)	(99.0, 39.0)	(100.0, 21.0)
SRR26064307_2	(0.0, 3.0)	(1.0, 24.0)	(2.0, 53.5)	(3.0, 47.0)	(4.0, 26.5)	(5.0, 20.5)	(6.0, 25.0)	(7.0, 54.0)	(8.0, 97.0)	(9.0, 131.0)	(10.0, 169.5)	(11.0, 200.0)	(12.0, 238.5)	(13.0, 311.0)	(14.0, 411.0)	(15.0, 538.5)	(16.0, 778.0)	(17.0, 1240.5)	(18.0, 1772.0)	(19.0, 2378.0)	(20.0, 3377.5)	(21.0, 4972.5)	(22.0, 7788.5)	(23.0, 12296.5)	(24.0, 19113.0)	(25.0, 29495.0)	(26.0, 45284.5)	(27.0, 65768.0)	(28.0, 91625.5)	(29.0, 120185.5)	(30.0, 149514.0)	(31.0, 186440.0)	(32.0, 225688.0)	(33.0, 261349.5)	(34.0, 293328.0)	(35.0, 328820.0)	(36.0, 372205.5)	(37.0, 407322.0)	(38.0, 424505.0)	(39.0, 453654.0)	(40.0, 491705.5)	(41.0, 614554.5)	(42.0, 686706.0)	(43.0, 620185.5)	(44.0, 631270.5)	(45.0, 639271.0)	(46.0, 616743.0)	(47.0, 664413.5)	(48.0, 696321.5)	(49.0, 686913.5)	(50.0, 708907.0)	(51.0, 772054.0)	(52.0, 812854.5)	(53.0, 889734.0)	(54.0, 1034405.5)	(55.0, 1203399.5)	(56.0, 1397801.5)	(57.0, 1458089.0)	(58.0, 1515043.5)	(59.0, 1398623.5)	(60.0, 1128058.5)	(61.0, 1126541.5)	(62.0, 1144442.0)	(63.0, 1050644.5)	(64.0, 1116431.5)	(65.0, 1232722.0)	(66.0, 1280330.5)	(67.0, 1253106.0)	(68.0, 971138.0)	(69.0, 776184.0)	(70.0, 610692.0)	(71.0, 339791.0)	(72.0, 198313.5)	(73.0, 128245.0)	(74.0, 91631.5)	(75.0, 68970.5)	(76.0, 53280.0)	(77.0, 43028.0)	(78.0, 35847.5)	(79.0, 29647.0)	(80.0, 23628.5)	(81.0, 18175.0)	(82.0, 14669.5)	(83.0, 12247.0)	(84.0, 9899.5)	(85.0, 7641.0)	(86.0, 5766.0)	(87.0, 4308.0)	(88.0, 3328.5)	(89.0, 2624.5)	(90.0, 1975.0)	(91.0, 1470.5)	(92.0, 1121.5)	(93.0, 851.0)	(94.0, 641.5)	(95.0, 468.0)	(96.0, 338.0)	(97.0, 236.5)	(98.0, 164.0)	(99.0, 114.0)	(100.0, 68.0)
SRR26064308_1	(0.0, 6.0)	(1.0, 7.0)	(2.0, 8.0)	(3.0, 8.5)	(4.0, 15.0)	(5.0, 33.5)	(6.0, 55.5)	(7.0, 77.5)	(8.0, 106.0)	(9.0, 118.0)	(10.0, 112.5)	(11.0, 147.5)	(12.0, 199.0)	(13.0, 284.5)	(14.0, 425.5)	(15.0, 600.0)	(16.0, 969.0)	(17.0, 1631.0)	(18.0, 2457.0)	(19.0, 3592.5)	(20.0, 5548.0)	(21.0, 8304.5)	(22.0, 13367.5)	(23.0, 21916.5)	(24.0, 32276.5)	(25.0, 45114.0)	(26.0, 62818.5)	(27.0, 83976.0)	(28.0, 112781.0)	(29.0, 147851.0)	(30.0, 180285.5)	(31.0, 221535.0)	(32.0, 272273.0)	(33.0, 317356.5)	(34.0, 361183.5)	(35.0, 419032.5)	(36.0, 471399.0)	(37.0, 519956.5)	(38.0, 561475.0)	(39.0, 595602.0)	(40.0, 646088.0)	(41.0, 715509.5)	(42.0, 744182.0)	(43.0, 736302.5)	(44.0, 750869.5)	(45.0, 775131.0)	(46.0, 801101.5)	(47.0, 816547.0)	(48.0, 811087.5)	(49.0, 808138.5)	(50.0, 828031.0)	(51.0, 851810.5)	(52.0, 850646.5)	(53.0, 859335.5)	(54.0, 908685.5)	(55.0, 961557.0)	(56.0, 1004356.0)	(57.0, 1008006.5)	(58.0, 1018635.0)	(59.0, 975028.0)	(60.0, 868034.5)	(61.0, 854761.0)	(62.0, 836676.0)	(63.0, 738821.5)	(64.0, 713834.0)	(65.0, 721854.0)	(66.0, 691925.5)	(67.0, 643022.0)	(68.0, 500882.0)	(69.0, 385910.5)	(70.0, 284120.5)	(71.0, 155994.0)	(72.0, 94552.0)	(73.0, 63299.5)	(74.0, 46092.5)	(75.0, 34164.5)	(76.0, 26134.5)	(77.0, 21049.5)	(78.0, 17312.0)	(79.0, 13684.0)	(80.0, 10169.5)	(81.0, 7234.5)	(82.0, 5696.0)	(83.0, 4420.5)	(84.0, 2927.0)	(85.0, 1729.5)	(86.0, 1087.0)	(87.0, 704.0)	(88.0, 480.0)	(89.0, 342.0)	(90.0, 227.5)	(91.0, 166.5)	(92.0, 133.0)	(93.0, 102.0)	(94.0, 78.0)	(95.0, 49.5)	(96.0, 29.5)	(97.0, 19.5)	(98.0, 13.0)	(99.0, 8.0)	(100.0, 3.5)
SRR26064308_2	(0.0, 2.0)	(1.0, 1.0)	(2.0, 7.0)	(3.0, 12.0)	(4.0, 11.5)	(5.0, 25.5)	(6.0, 38.5)	(7.0, 59.0)	(8.0, 124.5)	(9.0, 185.5)	(10.0, 212.0)	(11.0, 244.0)	(12.0, 280.5)	(13.0, 360.0)	(14.0, 508.0)	(15.0, 714.0)	(16.0, 1083.0)	(17.0, 1650.5)	(18.0, 2437.5)	(19.0, 3641.0)	(20.0, 5566.5)	(21.0, 8107.5)	(22.0, 12591.5)	(23.0, 20497.0)	(24.0, 30916.5)	(25.0, 43543.0)	(26.0, 60664.5)	(27.0, 81283.5)	(28.0, 109774.5)	(29.0, 144162.0)	(30.0, 176492.0)	(31.0, 218368.0)	(32.0, 268276.5)	(33.0, 313406.0)	(34.0, 358825.0)	(35.0, 418055.5)	(36.0, 470802.0)	(37.0, 516983.5)	(38.0, 557293.5)	(39.0, 593775.5)	(40.0, 645312.5)	(41.0, 715185.5)	(42.0, 746331.0)	(43.0, 740513.5)	(44.0, 758025.5)	(45.0, 782825.5)	(46.0, 805719.5)	(47.0, 822788.0)	(48.0, 817445.5)	(49.0, 810492.0)	(50.0, 828533.0)	(51.0, 853279.5)	(52.0, 853834.5)	(53.0, 858595.5)	(54.0, 902245.0)	(55.0, 950530.5)	(56.0, 992982.0)	(57.0, 1002532.0)	(58.0, 1016143.5)	(59.0, 972951.0)	(60.0, 867053.5)	(61.0, 846740.5)	(62.0, 819245.0)	(63.0, 735420.5)	(64.0, 715373.5)	(65.0, 705478.0)	(66.0, 666470.0)	(67.0, 615018.0)	(68.0, 485611.0)	(69.0, 384852.0)	(70.0, 296510.0)	(71.0, 179358.5)	(72.0, 117080.5)	(73.0, 83288.0)	(74.0, 61051.5)	(75.0, 45896.0)	(76.0, 35520.5)	(77.0, 28083.5)	(78.0, 22830.0)	(79.0, 18507.5)	(80.0, 14198.5)	(81.0, 10566.5)	(82.0, 8222.0)	(83.0, 6433.0)	(84.0, 4771.0)	(85.0, 3437.5)	(86.0, 2460.0)	(87.0, 1741.0)	(88.0, 1272.0)	(89.0, 972.5)	(90.0, 746.0)	(91.0, 574.5)	(92.0, 438.5)	(93.0, 371.5)	(94.0, 287.5)	(95.0, 190.5)	(96.0, 137.0)	(97.0, 102.0)	(98.0, 67.0)	(99.0, 40.5)	(100.0, 25.0)
SRR26064309_1	(0.0, 6.0)	(1.0, 10.0)	(2.0, 13.0)	(3.0, 14.0)	(4.0, 19.0)	(5.0, 31.5)	(6.0, 51.0)	(7.0, 90.5)	(8.0, 118.0)	(9.0, 101.0)	(10.0, 94.5)	(11.0, 114.5)	(12.0, 161.5)	(13.0, 230.5)	(14.0, 340.5)	(15.0, 497.0)	(16.0, 771.0)	(17.0, 1301.5)	(18.0, 2019.5)	(19.0, 3039.0)	(20.0, 4822.5)	(21.0, 7411.0)	(22.0, 11691.5)	(23.0, 18781.5)	(24.0, 29454.0)	(25.0, 45016.0)	(26.0, 68983.5)	(27.0, 102539.5)	(28.0, 147496.5)	(29.0, 204426.0)	(30.0, 267747.0)	(31.0, 337420.0)	(32.0, 406915.0)	(33.0, 465880.0)	(34.0, 513951.0)	(35.0, 561853.0)	(36.0, 607462.5)	(37.0, 643173.5)	(38.0, 661106.0)	(39.0, 686192.0)	(40.0, 724760.5)	(41.0, 841987.5)	(42.0, 892986.5)	(43.0, 811353.0)	(44.0, 811159.0)	(45.0, 811644.5)	(46.0, 790107.5)	(47.0, 828521.5)	(48.0, 858625.0)	(49.0, 847664.0)	(50.0, 847858.5)	(51.0, 886808.5)	(52.0, 896703.5)	(53.0, 960092.5)	(54.0, 1100202.5)	(55.0, 1264474.5)	(56.0, 1453828.5)	(57.0, 1489343.5)	(58.0, 1489146.5)	(59.0, 1306698.5)	(60.0, 1008345.0)	(61.0, 972712.5)	(62.0, 957034.0)	(63.0, 846267.5)	(64.0, 879117.0)	(65.0, 980617.0)	(66.0, 1028141.0)	(67.0, 1006315.5)	(68.0, 768697.0)	(69.0, 596742.0)	(70.0, 447421.5)	(71.0, 224329.0)	(72.0, 115729.0)	(73.0, 65136.5)	(74.0, 44313.0)	(75.0, 32317.5)	(76.0, 24782.0)	(77.0, 20579.0)	(78.0, 17596.5)	(79.0, 14709.0)	(80.0, 11114.5)	(81.0, 7881.5)	(82.0, 6572.5)	(83.0, 5481.0)	(84.0, 4002.0)	(85.0, 2662.5)	(86.0, 1557.5)	(87.0, 956.0)	(88.0, 685.5)	(89.0, 514.5)	(90.0, 385.5)	(91.0, 280.5)	(92.0, 214.0)	(93.0, 164.0)	(94.0, 116.5)	(95.0, 77.5)	(96.0, 52.5)	(97.0, 37.5)	(98.0, 24.5)	(99.0, 14.0)	(100.0, 8.5)
SRR26064309_2	(0.0, 5.0)	(1.0, 3.5)	(2.0, 4.5)	(3.0, 6.5)	(4.0, 9.0)	(5.0, 17.0)	(6.0, 25.0)	(7.0, 46.5)	(8.0, 93.5)	(9.0, 120.0)	(10.0, 134.5)	(11.0, 167.5)	(12.0, 216.5)	(13.0, 287.5)	(14.0, 418.5)	(15.0, 604.5)	(16.0, 898.5)	(17.0, 1376.0)	(18.0, 2089.0)	(19.0, 3170.0)	(20.0, 4963.0)	(21.0, 7544.5)	(22.0, 11829.5)	(23.0, 18781.5)	(24.0, 28688.5)	(25.0, 43228.0)	(26.0, 66196.5)	(27.0, 98487.0)	(28.0, 141271.0)	(29.0, 197102.0)	(30.0, 260717.0)	(31.0, 330833.0)	(32.0, 401000.5)	(33.0, 463055.5)	(34.0, 514649.5)	(35.0, 564995.5)	(36.0, 612422.0)	(37.0, 645077.5)	(38.0, 662003.0)	(39.0, 690554.5)	(40.0, 725523.0)	(41.0, 837986.0)	(42.0, 894199.5)	(43.0, 817546.0)	(44.0, 826411.5)	(45.0, 830940.0)	(46.0, 803296.5)	(47.0, 841916.0)	(48.0, 865353.5)	(49.0, 847766.0)	(50.0, 851626.5)	(51.0, 892730.0)	(52.0, 904975.0)	(53.0, 954684.0)	(54.0, 1085588.5)	(55.0, 1240190.5)	(56.0, 1417936.0)	(57.0, 1463858.5)	(58.0, 1479365.0)	(59.0, 1316059.5)	(60.0, 1020625.0)	(61.0, 969943.5)	(62.0, 942319.0)	(63.0, 846042.0)	(64.0, 878421.5)	(65.0, 941936.0)	(66.0, 961978.5)	(67.0, 936845.0)	(68.0, 728130.0)	(69.0, 582655.0)	(70.0, 459456.0)	(71.0, 262421.0)	(72.0, 157443.5)	(73.0, 104041.0)	(74.0, 74374.5)	(75.0, 55979.0)	(76.0, 43527.0)	(77.0, 35053.5)	(78.0, 29033.5)	(79.0, 23917.5)	(80.0, 18766.5)	(81.0, 14392.5)	(82.0, 11811.5)	(83.0, 9758.5)	(84.0, 7587.0)	(85.0, 5717.0)	(86.0, 4159.5)	(87.0, 3002.0)	(88.0, 2292.5)	(89.0, 1718.0)	(90.0, 1243.0)	(91.0, 903.5)	(92.0, 698.0)	(93.0, 561.5)	(94.0, 418.5)	(95.0, 292.5)	(96.0, 207.0)	(97.0, 133.0)	(98.0, 83.0)	(99.0, 53.5)	(100.0, 26.0)
SRR26064310_1	(0.0, 5.0)	(1.0, 8.0)	(2.0, 9.5)	(3.0, 6.0)	(4.0, 6.0)	(5.0, 17.0)	(6.0, 50.5)	(7.0, 76.5)	(8.0, 86.5)	(9.0, 90.5)	(10.0, 94.0)	(11.0, 118.0)	(12.0, 143.5)	(13.0, 169.5)	(14.0, 246.5)	(15.0, 352.5)	(16.0, 565.0)	(17.0, 896.0)	(18.0, 1267.5)	(19.0, 1756.0)	(20.0, 2620.5)	(21.0, 3951.5)	(22.0, 6222.5)	(23.0, 10320.0)	(24.0, 16609.0)	(25.0, 25588.5)	(26.0, 38942.0)	(27.0, 54892.5)	(28.0, 69346.0)	(29.0, 80252.5)	(30.0, 91936.5)	(31.0, 111488.0)	(32.0, 135362.0)	(33.0, 161599.0)	(34.0, 190109.5)	(35.0, 221362.5)	(36.0, 263930.5)	(37.0, 303768.5)	(38.0, 327909.5)	(39.0, 366699.0)	(40.0, 418212.0)	(41.0, 584657.0)	(42.0, 667857.5)	(43.0, 568132.5)	(44.0, 574481.0)	(45.0, 573988.0)	(46.0, 537252.5)	(47.0, 595063.0)	(48.0, 602062.0)	(49.0, 613480.5)	(50.0, 688782.0)	(51.0, 732267.0)	(52.0, 760921.5)	(53.0, 804992.0)	(54.0, 1079170.5)	(55.0, 1446784.5)	(56.0, 1671466.5)	(57.0, 1737666.5)	(58.0, 1844969.5)	(59.0, 1669789.0)	(60.0, 1240590.5)	(61.0, 1330291.0)	(62.0, 1496614.0)	(63.0, 1328177.0)	(64.0, 1431101.5)	(65.0, 1706952.5)	(66.0, 1844217.0)	(67.0, 1836561.0)	(68.0, 1387817.0)	(69.0, 1054813.0)	(70.0, 773278.5)	(71.0, 351271.0)	(72.0, 164110.5)	(73.0, 80414.0)	(74.0, 51836.0)	(75.0, 36723.5)	(76.0, 27096.5)	(77.0, 22253.5)	(78.0, 18932.0)	(79.0, 15588.0)	(80.0, 11770.0)	(81.0, 8474.5)	(82.0, 7322.5)	(83.0, 6380.0)	(84.0, 4783.5)	(85.0, 3207.5)	(86.0, 2054.5)	(87.0, 1362.5)	(88.0, 905.0)	(89.0, 636.5)	(90.0, 464.0)	(91.0, 353.5)	(92.0, 301.0)	(93.0, 226.0)	(94.0, 148.0)	(95.0, 95.5)	(96.0, 66.5)	(97.0, 43.5)	(98.0, 23.5)	(99.0, 14.0)	(100.0, 7.0)
SRR26064310_2	(0.0, 0.0)	(1.0, 0.5)	(2.0, 1.5)	(3.0, 5.5)	(4.0, 9.5)	(5.0, 14.0)	(6.0, 18.5)	(7.0, 33.5)	(8.0, 78.5)	(9.0, 126.5)	(10.0, 148.5)	(11.0, 169.0)	(12.0, 187.5)	(13.0, 228.0)	(14.0, 320.5)	(15.0, 448.5)	(16.0, 662.5)	(17.0, 974.5)	(18.0, 1374.0)	(19.0, 1936.5)	(20.0, 2883.5)	(21.0, 4342.0)	(22.0, 6724.0)	(23.0, 10960.0)	(24.0, 17381.0)	(25.0, 26744.0)	(26.0, 40012.0)	(27.0, 55177.5)	(28.0, 69225.5)	(29.0, 81013.5)	(30.0, 93530.5)	(31.0, 113562.5)	(32.0, 138114.5)	(33.0, 164410.5)	(34.0, 192708.0)	(35.0, 224395.5)	(36.0, 268494.5)	(37.0, 308994.5)	(38.0, 331097.0)	(39.0, 372603.5)	(40.0, 420255.0)	(41.0, 578237.0)	(42.0, 673360.5)	(43.0, 583030.0)	(44.0, 596577.0)	(45.0, 595169.5)	(46.0, 550450.0)	(47.0, 612760.0)	(48.0, 620448.5)	(49.0, 616414.0)	(50.0, 682185.0)	(51.0, 746923.0)	(52.0, 806110.0)	(53.0, 849968.5)	(54.0, 1092562.0)	(55.0, 1413375.0)	(56.0, 1629608.5)	(57.0, 1715749.0)	(58.0, 1815414.0)	(59.0, 1652485.5)	(60.0, 1238649.5)	(61.0, 1295946.5)	(62.0, 1432075.5)	(63.0, 1297547.5)	(64.0, 1394134.5)	(65.0, 1607256.5)	(66.0, 1709901.0)	(67.0, 1697150.0)	(68.0, 1307865.0)	(69.0, 1034328.0)	(70.0, 805675.5)	(71.0, 425997.0)	(72.0, 240364.5)	(73.0, 151005.0)	(74.0, 105764.5)	(75.0, 78713.5)	(76.0, 60445.0)	(77.0, 48609.5)	(78.0, 39936.0)	(79.0, 32749.5)	(80.0, 26318.0)	(81.0, 20887.5)	(82.0, 17144.5)	(83.0, 13994.5)	(84.0, 11244.0)	(85.0, 8826.5)	(86.0, 6594.5)	(87.0, 4907.0)	(88.0, 3678.5)	(89.0, 2823.0)	(90.0, 2170.0)	(91.0, 1527.5)	(92.0, 1135.0)	(93.0, 871.5)	(94.0, 591.0)	(95.0, 409.5)	(96.0, 294.0)	(97.0, 197.0)	(98.0, 113.0)	(99.0, 60.0)	(100.0, 38.0)
SRR26064311_1	(0.0, 5.0)	(1.0, 9.5)	(2.0, 13.5)	(3.0, 13.5)	(4.0, 15.5)	(5.0, 34.0)	(6.0, 69.5)	(7.0, 101.0)	(8.0, 122.5)	(9.0, 138.0)	(10.0, 143.5)	(11.0, 161.5)	(12.0, 222.5)	(13.0, 334.5)	(14.0, 495.5)	(15.0, 725.0)	(16.0, 1175.0)	(17.0, 1953.5)	(18.0, 3017.5)	(19.0, 4366.0)	(20.0, 6532.0)	(21.0, 9967.0)	(22.0, 15202.0)	(23.0, 23532.5)	(24.0, 35542.0)	(25.0, 51619.5)	(26.0, 73929.0)	(27.0, 103661.5)	(28.0, 142816.5)	(29.0, 189365.5)	(30.0, 239729.5)	(31.0, 299394.5)	(32.0, 364249.5)	(33.0, 428893.0)	(34.0, 490779.5)	(35.0, 554127.0)	(36.0, 620545.5)	(37.0, 685000.5)	(38.0, 739816.5)	(39.0, 792290.5)	(40.0, 852470.5)	(41.0, 954703.5)	(42.0, 1002262.0)	(43.0, 975070.0)	(44.0, 996088.5)	(45.0, 1018104.5)	(46.0, 1034997.0)	(47.0, 1073740.0)	(48.0, 1085137.5)	(49.0, 1086742.0)	(50.0, 1116718.0)	(51.0, 1146735.5)	(52.0, 1157712.0)	(53.0, 1201834.5)	(54.0, 1297315.0)	(55.0, 1400572.5)	(56.0, 1478955.0)	(57.0, 1480380.0)	(58.0, 1514432.0)	(59.0, 1447468.5)	(60.0, 1269620.0)	(61.0, 1288102.5)	(62.0, 1323133.5)	(63.0, 1201050.0)	(64.0, 1212173.0)	(65.0, 1303562.5)	(66.0, 1319324.0)	(67.0, 1267180.5)	(68.0, 971853.0)	(69.0, 744211.5)	(70.0, 555866.0)	(71.0, 294169.0)	(72.0, 168769.5)	(73.0, 106211.5)	(74.0, 76820.5)	(75.0, 56841.0)	(76.0, 43265.5)	(77.0, 35433.0)	(78.0, 30253.0)	(79.0, 25021.5)	(80.0, 18779.5)	(81.0, 13466.5)	(82.0, 11034.0)	(83.0, 9133.0)	(84.0, 6795.5)	(85.0, 4380.0)	(86.0, 2660.0)	(87.0, 1691.5)	(88.0, 1112.5)	(89.0, 782.5)	(90.0, 566.0)	(91.0, 449.5)	(92.0, 345.5)	(93.0, 266.0)	(94.0, 196.5)	(95.0, 141.0)	(96.0, 96.5)	(97.0, 73.5)	(98.0, 52.0)	(99.0, 30.0)	(100.0, 16.5)
SRR26064311_2	(0.0, 3.0)	(1.0, 5.5)	(2.0, 10.5)	(3.0, 15.5)	(4.0, 20.5)	(5.0, 23.5)	(6.0, 32.0)	(7.0, 58.0)	(8.0, 115.5)	(9.0, 183.5)	(10.0, 227.5)	(11.0, 267.5)	(12.0, 314.5)	(13.0, 399.5)	(14.0, 569.0)	(15.0, 826.0)	(16.0, 1300.5)	(17.0, 2033.5)	(18.0, 3022.0)	(19.0, 4331.0)	(20.0, 6545.0)	(21.0, 9919.5)	(22.0, 15058.0)	(23.0, 23456.5)	(24.0, 35310.0)	(25.0, 50960.0)	(26.0, 73006.0)	(27.0, 102696.5)	(28.0, 142302.5)	(29.0, 189618.0)	(30.0, 240677.5)	(31.0, 300336.0)	(32.0, 365411.5)	(33.0, 431948.5)	(34.0, 495222.0)	(35.0, 559844.0)	(36.0, 628052.0)	(37.0, 690980.0)	(38.0, 741982.0)	(39.0, 793075.0)	(40.0, 851944.5)	(41.0, 950941.0)	(42.0, 1001906.0)	(43.0, 979552.5)	(44.0, 1004123.0)	(45.0, 1028330.5)	(46.0, 1042545.0)	(47.0, 1081057.0)	(48.0, 1090990.5)	(49.0, 1088272.0)	(50.0, 1120794.5)	(51.0, 1162221.5)	(52.0, 1179212.0)	(53.0, 1213633.0)	(54.0, 1297276.5)	(55.0, 1383555.0)	(56.0, 1453356.5)	(57.0, 1463971.5)	(58.0, 1503512.0)	(59.0, 1440222.0)	(60.0, 1261065.5)	(61.0, 1268245.0)	(62.0, 1291472.5)	(63.0, 1183238.5)	(64.0, 1198480.5)	(65.0, 1252394.5)	(66.0, 1240113.5)	(67.0, 1186891.0)	(68.0, 926636.5)	(69.0, 735095.5)	(70.0, 576858.5)	(71.0, 338914.5)	(72.0, 212584.0)	(73.0, 145948.0)	(74.0, 107324.0)	(75.0, 81209.0)	(76.0, 63055.5)	(77.0, 51194.0)	(78.0, 42785.5)	(79.0, 35173.5)	(80.0, 27542.5)	(81.0, 21056.0)	(82.0, 17025.5)	(83.0, 13767.5)	(84.0, 10645.0)	(85.0, 7888.0)	(86.0, 5739.0)	(87.0, 4197.0)	(88.0, 3093.0)	(89.0, 2298.0)	(90.0, 1735.0)	(91.0, 1312.5)	(92.0, 1049.0)	(93.0, 851.5)	(94.0, 641.0)	(95.0, 476.5)	(96.0, 323.5)	(97.0, 222.5)	(98.0, 166.5)	(99.0, 112.0)	(100.0, 63.0)
SRR26064312_1	(0.0, 3.0)	(1.0, 7.0)	(2.0, 10.5)	(3.0, 7.0)	(4.0, 11.5)	(5.0, 24.5)	(6.0, 43.0)	(7.0, 78.0)	(8.0, 99.0)	(9.0, 94.0)	(10.0, 80.5)	(11.0, 76.0)	(12.0, 85.5)	(13.0, 131.5)	(14.0, 231.0)	(15.0, 325.0)	(16.0, 506.0)	(17.0, 851.0)	(18.0, 1248.0)	(19.0, 1742.5)	(20.0, 2603.5)	(21.0, 3928.5)	(22.0, 6068.5)	(23.0, 9580.0)	(24.0, 14746.5)	(25.0, 21965.0)	(26.0, 32557.5)	(27.0, 46534.0)	(28.0, 63775.5)	(29.0, 85529.5)	(30.0, 111548.0)	(31.0, 143806.5)	(32.0, 178596.5)	(33.0, 212608.5)	(34.0, 246316.0)	(35.0, 279861.5)	(36.0, 316076.5)	(37.0, 349767.5)	(38.0, 374796.0)	(39.0, 403735.5)	(40.0, 437938.0)	(41.0, 528018.5)	(42.0, 572667.5)	(43.0, 533505.5)	(44.0, 545927.5)	(45.0, 551636.5)	(46.0, 547579.0)	(47.0, 584911.5)	(48.0, 604380.0)	(49.0, 617497.0)	(50.0, 656676.0)	(51.0, 699097.5)	(52.0, 734741.0)	(53.0, 796757.0)	(54.0, 922738.5)	(55.0, 1073868.0)	(56.0, 1196838.0)	(57.0, 1232124.5)	(58.0, 1312343.0)	(59.0, 1251908.0)	(60.0, 1052552.0)	(61.0, 1125335.0)	(62.0, 1230111.0)	(63.0, 1120088.5)	(64.0, 1188284.0)	(65.0, 1382647.0)	(66.0, 1466897.5)	(67.0, 1436268.5)	(68.0, 1094717.5)	(69.0, 837327.5)	(70.0, 616477.5)	(71.0, 298656.0)	(72.0, 150988.0)	(73.0, 84308.0)	(74.0, 57340.5)	(75.0, 41534.5)	(76.0, 31699.5)	(77.0, 26676.5)	(78.0, 23119.0)	(79.0, 19488.5)	(80.0, 14900.0)	(81.0, 10685.5)	(82.0, 8888.0)	(83.0, 7503.5)	(84.0, 5661.5)	(85.0, 3705.0)	(86.0, 2140.5)	(87.0, 1351.0)	(88.0, 949.0)	(89.0, 701.5)	(90.0, 547.5)	(91.0, 415.0)	(92.0, 302.5)	(93.0, 239.5)	(94.0, 169.5)	(95.0, 116.0)	(96.0, 76.5)	(97.0, 58.0)	(98.0, 44.5)	(99.0, 18.5)	(100.0, 7.5)
SRR26064312_2	(0.0, 2.0)	(1.0, 1.5)	(2.0, 3.5)	(3.0, 4.5)	(4.0, 7.5)	(5.0, 11.0)	(6.0, 10.5)	(7.0, 29.0)	(8.0, 68.0)	(9.0, 99.5)	(10.0, 114.0)	(11.0, 131.5)	(12.0, 151.0)	(13.0, 181.0)	(14.0, 241.0)	(15.0, 365.5)	(16.0, 594.0)	(17.0, 925.0)	(18.0, 1349.0)	(19.0, 1855.0)	(20.0, 2645.0)	(21.0, 4068.5)	(22.0, 6221.0)	(23.0, 9542.0)	(24.0, 14655.0)	(25.0, 21809.5)	(26.0, 32149.5)	(27.0, 45881.0)	(28.0, 62737.0)	(29.0, 84064.0)	(30.0, 110432.0)	(31.0, 142735.5)	(32.0, 177822.5)	(33.0, 213437.5)	(34.0, 248321.5)	(35.0, 282764.0)	(36.0, 319987.0)	(37.0, 353761.5)	(38.0, 377934.5)	(39.0, 407987.0)	(40.0, 438484.5)	(41.0, 525499.0)	(42.0, 577799.5)	(43.0, 539926.5)	(44.0, 554197.0)	(45.0, 562095.5)	(46.0, 555819.5)	(47.0, 597105.0)	(48.0, 614795.0)	(49.0, 617618.0)	(50.0, 656376.5)	(51.0, 710539.5)	(52.0, 755485.0)	(53.0, 805795.5)	(54.0, 922301.0)	(55.0, 1063427.0)	(56.0, 1186243.5)	(57.0, 1237811.5)	(58.0, 1320636.0)	(59.0, 1266107.0)	(60.0, 1061511.5)	(61.0, 1109889.5)	(62.0, 1191629.5)	(63.0, 1104647.5)	(64.0, 1176792.0)	(65.0, 1320984.0)	(66.0, 1372830.5)	(67.0, 1333617.0)	(68.0, 1020423.5)	(69.0, 802825.5)	(70.0, 621140.5)	(71.0, 334403.0)	(72.0, 195322.0)	(73.0, 128647.5)	(74.0, 93084.0)	(75.0, 70114.5)	(76.0, 54624.5)	(77.0, 45195.5)	(78.0, 38193.0)	(79.0, 31581.0)	(80.0, 25098.5)	(81.0, 19341.5)	(82.0, 15873.5)	(83.0, 13158.0)	(84.0, 10524.0)	(85.0, 7882.0)	(86.0, 5643.5)	(87.0, 4190.0)	(88.0, 3056.5)	(89.0, 2271.5)	(90.0, 1739.0)	(91.0, 1299.5)	(92.0, 984.5)	(93.0, 777.5)	(94.0, 595.0)	(95.0, 409.0)	(96.0, 275.5)	(97.0, 193.0)	(98.0, 132.0)	(99.0, 82.0)	(100.0, 48.0)
SRR26064313_1	(0.0, 795.0)	(1.0, 420.5)	(2.0, 71.0)	(3.0, 151.0)	(4.0, 231.5)	(5.0, 294.5)	(6.0, 299.0)	(7.0, 226.0)	(8.0, 149.5)	(9.0, 89.5)	(10.0, 73.5)	(11.0, 89.0)	(12.0, 117.5)	(13.0, 182.0)	(14.0, 289.0)	(15.0, 444.0)	(16.0, 727.0)	(17.0, 1233.0)	(18.0, 1938.0)	(19.0, 2853.5)	(20.0, 4270.5)	(21.0, 6455.5)	(22.0, 10273.0)	(23.0, 16637.0)	(24.0, 25177.0)	(25.0, 37268.0)	(26.0, 57094.0)	(27.0, 85386.0)	(28.0, 129199.5)	(29.0, 189804.0)	(30.0, 260088.0)	(31.0, 344565.5)	(32.0, 437049.0)	(33.0, 517077.5)	(34.0, 581149.0)	(35.0, 646612.5)	(36.0, 695429.5)	(37.0, 720807.0)	(38.0, 725983.0)	(39.0, 730925.0)	(40.0, 751331.5)	(41.0, 849279.0)	(42.0, 885974.0)	(43.0, 804154.5)	(44.0, 799528.0)	(45.0, 799987.0)	(46.0, 784989.5)	(47.0, 815951.5)	(48.0, 834727.5)	(49.0, 824061.0)	(50.0, 833044.5)	(51.0, 876287.0)	(52.0, 893254.0)	(53.0, 961137.5)	(54.0, 1085167.5)	(55.0, 1228428.5)	(56.0, 1383922.0)	(57.0, 1408698.5)	(58.0, 1424387.5)	(59.0, 1296345.5)	(60.0, 1062862.5)	(61.0, 1039295.5)	(62.0, 1029506.0)	(63.0, 911833.5)	(64.0, 915539.0)	(65.0, 997816.5)	(66.0, 1021442.0)	(67.0, 988777.5)	(68.0, 772240.0)	(69.0, 594683.5)	(70.0, 441814.5)	(71.0, 235676.5)	(72.0, 132506.5)	(73.0, 81191.5)	(74.0, 56984.5)	(75.0, 42038.5)	(76.0, 32258.0)	(77.0, 26937.5)	(78.0, 23118.0)	(79.0, 18909.5)	(80.0, 14137.0)	(81.0, 10089.5)	(82.0, 8346.0)	(83.0, 7023.5)	(84.0, 5123.5)	(85.0, 3388.5)	(86.0, 2094.5)	(87.0, 1322.0)	(88.0, 934.0)	(89.0, 698.5)	(90.0, 491.5)	(91.0, 346.0)	(92.0, 280.0)	(93.0, 227.5)	(94.0, 154.0)	(95.0, 102.0)	(96.0, 73.0)	(97.0, 43.0)	(98.0, 30.5)	(99.0, 22.5)	(100.0, 9.0)
SRR26064313_2	(0.0, 3.0)	(1.0, 9.0)	(2.0, 14.5)	(3.0, 13.5)	(4.0, 10.0)	(5.0, 9.0)	(6.0, 13.0)	(7.0, 26.0)	(8.0, 44.5)	(9.0, 76.0)	(10.0, 98.5)	(11.0, 112.5)	(12.0, 148.5)	(13.0, 195.5)	(14.0, 284.5)	(15.0, 427.5)	(16.0, 674.5)	(17.0, 1116.5)	(18.0, 1736.0)	(19.0, 2544.5)	(20.0, 3921.5)	(21.0, 5810.0)	(22.0, 9064.0)	(23.0, 14917.0)	(24.0, 23109.5)	(25.0, 34393.0)	(26.0, 53384.0)	(27.0, 80864.0)	(28.0, 124004.5)	(29.0, 184980.5)	(30.0, 254810.0)	(31.0, 339084.5)	(32.0, 430921.0)	(33.0, 511805.5)	(34.0, 576546.5)	(35.0, 643543.5)	(36.0, 698263.5)	(37.0, 722948.5)	(38.0, 726898.5)	(39.0, 736601.0)	(40.0, 753740.0)	(41.0, 838612.5)	(42.0, 877565.5)	(43.0, 806126.0)	(44.0, 804666.5)	(45.0, 808621.5)	(46.0, 793633.5)	(47.0, 824839.5)	(48.0, 838632.0)	(49.0, 822154.0)	(50.0, 833883.0)	(51.0, 885126.5)	(52.0, 910290.5)	(53.0, 961012.5)	(54.0, 1073537.0)	(55.0, 1202955.5)	(56.0, 1351507.5)	(57.0, 1396279.5)	(58.0, 1420019.0)	(59.0, 1298029.0)	(60.0, 1064105.0)	(61.0, 1032378.5)	(62.0, 1011533.0)	(63.0, 908486.5)	(64.0, 912462.0)	(65.0, 962501.5)	(66.0, 969588.0)	(67.0, 932607.0)	(68.0, 741006.0)	(69.0, 592259.0)	(70.0, 462940.5)	(71.0, 276002.5)	(72.0, 173492.0)	(73.0, 118870.0)	(74.0, 86877.0)	(75.0, 65438.0)	(76.0, 50985.0)	(77.0, 41732.0)	(78.0, 34837.5)	(79.0, 28659.5)	(80.0, 22603.0)	(81.0, 17351.0)	(82.0, 14019.5)	(83.0, 11390.5)	(84.0, 8937.5)	(85.0, 6834.5)	(86.0, 5144.0)	(87.0, 3834.0)	(88.0, 2860.5)	(89.0, 2191.5)	(90.0, 1641.0)	(91.0, 1208.5)	(92.0, 916.0)	(93.0, 706.0)	(94.0, 538.0)	(95.0, 360.5)	(96.0, 239.0)	(97.0, 166.0)	(98.0, 96.0)	(99.0, 56.0)	(100.0, 32.5)
SRR26064314_1	(0.0, 843.0)	(1.0, 452.5)	(2.0, 91.0)	(3.0, 176.0)	(4.0, 266.0)	(5.0, 309.5)	(6.0, 294.0)	(7.0, 232.0)	(8.0, 182.0)	(9.0, 163.0)	(10.0, 167.0)	(11.0, 215.5)	(12.0, 284.5)	(13.0, 406.0)	(14.0, 634.5)	(15.0, 1004.5)	(16.0, 1654.5)	(17.0, 2690.0)	(18.0, 3885.5)	(19.0, 5494.0)	(20.0, 8430.0)	(21.0, 12626.5)	(22.0, 19551.5)	(23.0, 30879.5)	(24.0, 44611.0)	(25.0, 61795.0)	(26.0, 87200.5)	(27.0, 119890.5)	(28.0, 168225.5)	(29.0, 226807.5)	(30.0, 279588.0)	(31.0, 340269.0)	(32.0, 408698.0)	(33.0, 468809.5)	(34.0, 524309.0)	(35.0, 594196.5)	(36.0, 654444.5)	(37.0, 709406.0)	(38.0, 757216.0)	(39.0, 795184.0)	(40.0, 847628.0)	(41.0, 898368.5)	(42.0, 916216.0)	(43.0, 914790.0)	(44.0, 931804.5)	(45.0, 967454.5)	(46.0, 1009371.0)	(47.0, 1032919.0)	(48.0, 1033923.0)	(49.0, 1036841.0)	(50.0, 1062513.0)	(51.0, 1080901.0)	(52.0, 1075827.0)	(53.0, 1090358.0)	(54.0, 1118638.5)	(55.0, 1136025.0)	(56.0, 1142019.0)	(57.0, 1115994.0)	(58.0, 1081815.5)	(59.0, 1029857.0)	(60.0, 955786.0)	(61.0, 922712.5)	(62.0, 887798.0)	(63.0, 809427.0)	(64.0, 758060.0)	(65.0, 719593.5)	(66.0, 663594.0)	(67.0, 595438.0)	(68.0, 476193.0)	(69.0, 377274.5)	(70.0, 289195.5)	(71.0, 185649.5)	(72.0, 128781.5)	(73.0, 97432.5)	(74.0, 74367.0)	(75.0, 54938.0)	(76.0, 41182.0)	(77.0, 33022.5)	(78.0, 27927.0)	(79.0, 22825.5)	(80.0, 16678.5)	(81.0, 11494.5)	(82.0, 8828.0)	(83.0, 7114.5)	(84.0, 5059.0)	(85.0, 3137.0)	(86.0, 1922.0)	(87.0, 1152.0)	(88.0, 783.0)	(89.0, 551.0)	(90.0, 380.5)	(91.0, 309.0)	(92.0, 233.0)	(93.0, 163.5)	(94.0, 114.5)	(95.0, 73.0)	(96.0, 53.0)	(97.0, 38.5)	(98.0, 30.0)	(99.0, 19.5)	(100.0, 9.0)
SRR26064314_2	(0.0, 1.0)	(1.0, 6.5)	(2.0, 14.5)	(3.0, 23.5)	(4.0, 35.0)	(5.0, 36.5)	(6.0, 38.5)	(7.0, 71.0)	(8.0, 124.5)	(9.0, 174.5)	(10.0, 218.5)	(11.0, 264.0)	(12.0, 350.0)	(13.0, 479.0)	(14.0, 680.0)	(15.0, 1020.5)	(16.0, 1611.5)	(17.0, 2525.0)	(18.0, 3668.5)	(19.0, 5263.0)	(20.0, 7977.5)	(21.0, 11726.5)	(22.0, 18204.5)	(23.0, 28667.5)	(24.0, 41719.5)	(25.0, 59024.0)	(26.0, 84195.5)	(27.0, 116460.5)	(28.0, 165259.0)	(29.0, 224232.5)	(30.0, 277388.5)	(31.0, 338587.0)	(32.0, 406997.5)	(33.0, 468836.0)	(34.0, 526969.5)	(35.0, 596938.5)	(36.0, 656224.0)	(37.0, 706808.0)	(38.0, 752003.5)	(39.0, 792063.5)	(40.0, 844196.0)	(41.0, 896963.5)	(42.0, 917907.0)	(43.0, 918033.0)	(44.0, 939878.5)	(45.0, 976147.5)	(46.0, 1013744.5)	(47.0, 1035910.5)	(48.0, 1039913.0)	(49.0, 1043511.0)	(50.0, 1068040.0)	(51.0, 1087877.5)	(52.0, 1082746.5)	(53.0, 1092022.5)	(54.0, 1111961.5)	(55.0, 1124171.0)	(56.0, 1127423.0)	(57.0, 1103367.5)	(58.0, 1074136.0)	(59.0, 1022988.5)	(60.0, 949275.5)	(61.0, 912430.5)	(62.0, 871863.0)	(63.0, 800658.0)	(64.0, 754268.5)	(65.0, 707097.5)	(66.0, 645711.0)	(67.0, 578226.0)	(68.0, 468756.5)	(69.0, 378277.0)	(70.0, 298805.0)	(71.0, 205695.5)	(72.0, 147668.0)	(73.0, 113127.5)	(74.0, 87238.0)	(75.0, 65702.0)	(76.0, 49879.5)	(77.0, 39793.0)	(78.0, 33299.0)	(79.0, 27166.5)	(80.0, 20503.5)	(81.0, 14802.0)	(82.0, 11434.0)	(83.0, 9261.0)	(84.0, 6965.5)	(85.0, 4871.5)	(86.0, 3388.0)	(87.0, 2356.0)	(88.0, 1756.0)	(89.0, 1358.5)	(90.0, 1020.5)	(91.0, 811.0)	(92.0, 657.0)	(93.0, 514.0)	(94.0, 414.5)	(95.0, 312.0)	(96.0, 222.0)	(97.0, 151.5)	(98.0, 98.0)	(99.0, 62.5)	(100.0, 35.0)
SRR26064315_1	(0.0, 740.0)	(1.0, 397.0)	(2.0, 73.0)	(3.0, 148.0)	(4.0, 234.5)	(5.0, 280.5)	(6.0, 261.5)	(7.0, 183.5)	(8.0, 124.0)	(9.0, 92.0)	(10.0, 68.5)	(11.0, 77.0)	(12.0, 114.5)	(13.0, 193.0)	(14.0, 313.5)	(15.0, 477.0)	(16.0, 835.5)	(17.0, 1444.5)	(18.0, 2216.0)	(19.0, 3224.5)	(20.0, 4733.5)	(21.0, 7097.5)	(22.0, 11007.5)	(23.0, 17021.5)	(24.0, 25464.0)	(25.0, 37045.5)	(26.0, 54390.0)	(27.0, 79578.5)	(28.0, 117658.0)	(29.0, 168585.0)	(30.0, 225897.5)	(31.0, 292105.0)	(32.0, 360877.0)	(33.0, 425783.0)	(34.0, 482864.0)	(35.0, 535088.5)	(36.0, 578272.5)	(37.0, 607843.0)	(38.0, 624724.5)	(39.0, 636293.5)	(40.0, 657225.5)	(41.0, 696875.5)	(42.0, 712602.0)	(43.0, 704022.5)	(44.0, 713979.0)	(45.0, 729257.5)	(46.0, 748828.0)	(47.0, 770002.0)	(48.0, 779916.0)	(49.0, 790141.0)	(50.0, 821507.5)	(51.0, 851352.5)	(52.0, 864533.0)	(53.0, 885068.0)	(54.0, 918815.0)	(55.0, 958014.5)	(56.0, 989762.0)	(57.0, 983577.0)	(58.0, 994878.5)	(59.0, 986554.0)	(60.0, 918974.5)	(61.0, 895879.0)	(62.0, 867006.0)	(63.0, 771922.5)	(64.0, 730073.0)	(65.0, 721308.0)	(66.0, 690253.0)	(67.0, 641545.5)	(68.0, 506841.0)	(69.0, 394677.5)	(70.0, 297732.0)	(71.0, 177954.0)	(72.0, 112162.0)	(73.0, 77565.5)	(74.0, 57684.5)	(75.0, 43104.5)	(76.0, 32919.0)	(77.0, 26794.0)	(78.0, 22731.0)	(79.0, 18929.5)	(80.0, 14471.0)	(81.0, 10286.5)	(82.0, 8127.0)	(83.0, 6631.5)	(84.0, 4824.0)	(85.0, 3116.0)	(86.0, 1929.5)	(87.0, 1198.0)	(88.0, 811.5)	(89.0, 580.0)	(90.0, 396.5)	(91.0, 303.0)	(92.0, 254.0)	(93.0, 201.5)	(94.0, 140.0)	(95.0, 95.0)	(96.0, 62.5)	(97.0, 40.0)	(98.0, 29.5)	(99.0, 17.0)	(100.0, 7.5)
SRR26064315_2	(0.0, 5.0)	(1.0, 13.0)	(2.0, 20.5)	(3.0, 16.0)	(4.0, 14.0)	(5.0, 19.5)	(6.0, 22.5)	(7.0, 35.0)	(8.0, 47.0)	(9.0, 70.5)	(10.0, 102.0)	(11.0, 123.5)	(12.0, 158.5)	(13.0, 223.0)	(14.0, 323.0)	(15.0, 489.5)	(16.0, 828.0)	(17.0, 1343.0)	(18.0, 1971.0)	(19.0, 2839.0)	(20.0, 4202.5)	(21.0, 6249.0)	(22.0, 9663.0)	(23.0, 15221.5)	(24.0, 23529.5)	(25.0, 34834.5)	(26.0, 51665.5)	(27.0, 76681.0)	(28.0, 114732.0)	(29.0, 166415.0)	(30.0, 223666.0)	(31.0, 289184.0)	(32.0, 359059.0)	(33.0, 424916.0)	(34.0, 480966.5)	(35.0, 532746.5)	(36.0, 577779.5)	(37.0, 607786.0)	(38.0, 624817.0)	(39.0, 637289.5)	(40.0, 656063.0)	(41.0, 692143.5)	(42.0, 708846.5)	(43.0, 702746.0)	(44.0, 714781.5)	(45.0, 731501.5)	(46.0, 750885.0)	(47.0, 772236.0)	(48.0, 783886.0)	(49.0, 793597.0)	(50.0, 823984.0)	(51.0, 857450.5)	(52.0, 873339.5)	(53.0, 891062.0)	(54.0, 920440.0)	(55.0, 953394.0)	(56.0, 983785.5)	(57.0, 983607.5)	(58.0, 989151.0)	(59.0, 974897.0)	(60.0, 909721.0)	(61.0, 883140.5)	(62.0, 852230.5)	(63.0, 768332.0)	(64.0, 726138.5)	(65.0, 703699.5)	(66.0, 665598.0)	(67.0, 614795.5)	(68.0, 493891.0)	(69.0, 392371.0)	(70.0, 304902.0)	(71.0, 198833.0)	(72.0, 135030.5)	(73.0, 98548.0)	(74.0, 74453.5)	(75.0, 56461.0)	(76.0, 43812.0)	(77.0, 35297.5)	(78.0, 29493.5)	(79.0, 24321.5)	(80.0, 19042.5)	(81.0, 14424.5)	(82.0, 11489.5)	(83.0, 9254.0)	(84.0, 7104.0)	(85.0, 5248.5)	(86.0, 3783.0)	(87.0, 2724.0)	(88.0, 2021.5)	(89.0, 1502.0)	(90.0, 1123.0)	(91.0, 872.0)	(92.0, 687.5)	(93.0, 520.5)	(94.0, 389.5)	(95.0, 296.5)	(96.0, 206.5)	(97.0, 135.5)	(98.0, 97.5)	(99.0, 57.5)	(100.0, 28.5)
SRR26064316_1	(0.0, 48.0)	(1.0, 123.5)	(2.0, 193.5)	(3.0, 101.5)	(4.0, 16.5)	(5.0, 20.0)	(6.0, 17.5)	(7.0, 12.5)	(8.0, 14.5)	(9.0, 24.5)	(10.0, 37.5)	(11.0, 53.5)	(12.0, 80.5)	(13.0, 120.5)	(14.0, 167.5)	(15.0, 248.0)	(16.0, 416.0)	(17.0, 684.0)	(18.0, 990.5)	(19.0, 1316.0)	(20.0, 1858.0)	(21.0, 2722.0)	(22.0, 4163.0)	(23.0, 6509.0)	(24.0, 9914.5)	(25.0, 15201.0)	(26.0, 25302.0)	(27.0, 43013.5)	(28.0, 76425.5)	(29.0, 130994.0)	(30.0, 202675.5)	(31.0, 298095.0)	(32.0, 408303.5)	(33.0, 521585.0)	(34.0, 635887.5)	(35.0, 761618.0)	(36.0, 874768.5)	(37.0, 953649.5)	(38.0, 1001501.5)	(39.0, 1034319.0)	(40.0, 1050737.5)	(41.0, 1100042.5)	(42.0, 1069864.5)	(43.0, 923004.5)	(44.0, 828894.0)	(45.0, 747448.5)	(46.0, 678278.5)	(47.0, 659692.5)	(48.0, 653118.0)	(49.0, 642761.5)	(50.0, 651615.5)	(51.0, 694274.5)	(52.0, 725399.0)	(53.0, 781747.0)	(54.0, 869951.0)	(55.0, 997065.0)	(56.0, 1155648.0)	(57.0, 1192857.0)	(58.0, 1228191.0)	(59.0, 1138317.5)	(60.0, 937464.0)	(61.0, 912214.0)	(62.0, 896408.0)	(63.0, 791064.5)	(64.0, 788114.5)	(65.0, 838192.0)	(66.0, 844033.0)	(67.0, 808421.0)	(68.0, 626319.5)	(69.0, 491922.0)	(70.0, 368928.0)	(71.0, 195126.0)	(72.0, 107699.5)	(73.0, 65481.0)	(74.0, 45548.5)	(75.0, 32943.0)	(76.0, 25269.5)	(77.0, 21136.0)	(78.0, 18279.5)	(79.0, 15229.5)	(80.0, 11521.5)	(81.0, 8310.5)	(82.0, 6755.0)	(83.0, 5657.5)	(84.0, 4323.5)	(85.0, 2856.5)	(86.0, 1677.5)	(87.0, 1046.0)	(88.0, 700.0)	(89.0, 473.0)	(90.0, 331.5)	(91.0, 233.0)	(92.0, 194.5)	(93.0, 155.0)	(94.0, 106.5)	(95.0, 70.5)	(96.0, 35.0)	(97.0, 20.5)	(98.0, 17.5)	(99.0, 11.0)	(100.0, 2.0)
SRR26064316_2	(0.0, 2.0)	(1.0, 5.5)	(2.0, 11.5)	(3.0, 11.0)	(4.0, 11.0)	(5.0, 10.5)	(6.0, 10.0)	(7.0, 21.0)	(8.0, 41.0)	(9.0, 58.5)	(10.0, 69.0)	(11.0, 81.0)	(12.0, 102.5)	(13.0, 132.5)	(14.0, 184.0)	(15.0, 262.0)	(16.0, 389.5)	(17.0, 612.5)	(18.0, 878.5)	(19.0, 1211.5)	(20.0, 1769.0)	(21.0, 2562.0)	(22.0, 3937.5)	(23.0, 6149.0)	(24.0, 9305.0)	(25.0, 14099.0)	(26.0, 22769.0)	(27.0, 37674.5)	(28.0, 66628.5)	(29.0, 115431.0)	(30.0, 181035.5)	(31.0, 266946.0)	(32.0, 368617.5)	(33.0, 479862.0)	(34.0, 595198.0)	(35.0, 722890.0)	(36.0, 839497.5)	(37.0, 922319.0)	(38.0, 979414.5)	(39.0, 1035437.5)	(40.0, 1068408.0)	(41.0, 1119698.0)	(42.0, 1102544.0)	(43.0, 961826.5)	(44.0, 871617.5)	(45.0, 798794.0)	(46.0, 721106.0)	(47.0, 693747.5)	(48.0, 675340.0)	(49.0, 652215.0)	(50.0, 657569.0)	(51.0, 700787.5)	(52.0, 732800.5)	(53.0, 778527.5)	(54.0, 863308.0)	(55.0, 979591.5)	(56.0, 1132693.5)	(57.0, 1188507.0)	(58.0, 1228701.0)	(59.0, 1140995.0)	(60.0, 941490.0)	(61.0, 905829.5)	(62.0, 878624.0)	(63.0, 786659.5)	(64.0, 781984.5)	(65.0, 804094.0)	(66.0, 798778.0)	(67.0, 767279.0)	(68.0, 609050.0)	(69.0, 492322.5)	(70.0, 386822.0)	(71.0, 230897.5)	(72.0, 142856.0)	(73.0, 95403.5)	(74.0, 68113.0)	(75.0, 50350.5)	(76.0, 38630.5)	(77.0, 31458.0)	(78.0, 26356.5)	(79.0, 21464.5)	(80.0, 16733.0)	(81.0, 12884.5)	(82.0, 10480.5)	(83.0, 8579.0)	(84.0, 6739.0)	(85.0, 5015.5)	(86.0, 3600.0)	(87.0, 2597.0)	(88.0, 1911.0)	(89.0, 1407.5)	(90.0, 1012.5)	(91.0, 754.5)	(92.0, 557.0)	(93.0, 412.5)	(94.0, 307.0)	(95.0, 201.5)	(96.0, 124.0)	(97.0, 78.0)	(98.0, 43.0)	(99.0, 23.0)	(100.0, 14.0)
SRR26064317_1	(0.0, 89.0)	(1.0, 154.5)	(2.0, 200.0)	(3.0, 103.5)	(4.0, 24.5)	(5.0, 18.5)	(6.0, 18.0)	(7.0, 23.5)	(8.0, 34.0)	(9.0, 48.0)	(10.0, 69.5)	(11.0, 96.5)	(12.0, 133.0)	(13.0, 203.0)	(14.0, 324.0)	(15.0, 497.5)	(16.0, 781.0)	(17.0, 1330.0)	(18.0, 2059.5)	(19.0, 2948.5)	(20.0, 4332.5)	(21.0, 6488.0)	(22.0, 10052.5)	(23.0, 15714.0)	(24.0, 23696.0)	(25.0, 34787.0)	(26.0, 51191.5)	(27.0, 75724.0)	(28.0, 114035.0)	(29.0, 166911.0)	(30.0, 227499.0)	(31.0, 298007.0)	(32.0, 371797.5)	(33.0, 444913.5)	(34.0, 514346.0)	(35.0, 581199.5)	(36.0, 642213.0)	(37.0, 693032.0)	(38.0, 733353.0)	(39.0, 757543.5)	(40.0, 791256.5)	(41.0, 832427.5)	(42.0, 841518.5)	(43.0, 859292.5)	(44.0, 876368.0)	(45.0, 887718.0)	(46.0, 920470.5)	(47.0, 938605.0)	(48.0, 947237.0)	(49.0, 971014.0)	(50.0, 1025026.0)	(51.0, 1093511.5)	(52.0, 1114392.0)	(53.0, 1108821.5)	(54.0, 1128954.0)	(55.0, 1159267.0)	(56.0, 1188492.0)	(57.0, 1190548.5)	(58.0, 1202693.5)	(59.0, 1208592.5)	(60.0, 1142651.0)	(61.0, 1065861.0)	(62.0, 972212.0)	(63.0, 842533.0)	(64.0, 775331.0)	(65.0, 706710.5)	(66.0, 604287.0)	(67.0, 527843.0)	(68.0, 421512.5)	(69.0, 328045.0)	(70.0, 245311.0)	(71.0, 155469.5)	(72.0, 105235.5)	(73.0, 76305.0)	(74.0, 57633.5)	(75.0, 43143.0)	(76.0, 32895.5)	(77.0, 26337.5)	(78.0, 22122.0)	(79.0, 17995.5)	(80.0, 13555.5)	(81.0, 9861.0)	(82.0, 8112.5)	(83.0, 6786.0)	(84.0, 4874.5)	(85.0, 3194.5)	(86.0, 2103.5)	(87.0, 1355.5)	(88.0, 901.0)	(89.0, 623.5)	(90.0, 457.0)	(91.0, 371.5)	(92.0, 312.0)	(93.0, 244.0)	(94.0, 158.5)	(95.0, 99.5)	(96.0, 70.0)	(97.0, 48.0)	(98.0, 28.0)	(99.0, 14.5)	(100.0, 9.5)
SRR26064317_2	(0.0, 6.0)	(1.0, 13.0)	(2.0, 18.0)	(3.0, 17.0)	(4.0, 17.0)	(5.0, 19.0)	(6.0, 18.0)	(7.0, 21.0)	(8.0, 54.5)	(9.0, 96.0)	(10.0, 118.5)	(11.0, 145.0)	(12.0, 174.0)	(13.0, 232.0)	(14.0, 319.5)	(15.0, 505.0)	(16.0, 804.0)	(17.0, 1239.5)	(18.0, 1857.0)	(19.0, 2702.5)	(20.0, 4124.0)	(21.0, 6279.5)	(22.0, 9618.5)	(23.0, 14852.5)	(24.0, 22361.0)	(25.0, 32828.5)	(26.0, 48420.0)	(27.0, 71706.0)	(28.0, 109070.5)	(29.0, 161109.0)	(30.0, 221229.0)	(31.0, 291140.0)	(32.0, 366412.0)	(33.0, 440148.5)	(34.0, 509133.5)	(35.0, 577854.0)	(36.0, 639028.0)	(37.0, 689518.0)	(38.0, 730252.0)	(39.0, 755951.5)	(40.0, 789562.5)	(41.0, 827583.5)	(42.0, 837948.5)	(43.0, 858158.5)	(44.0, 875512.5)	(45.0, 888978.0)	(46.0, 920765.0)	(47.0, 938297.5)	(48.0, 949246.5)	(49.0, 972294.5)	(50.0, 1024328.5)	(51.0, 1093541.0)	(52.0, 1116877.5)	(53.0, 1110053.5)	(54.0, 1125763.5)	(55.0, 1151007.0)	(56.0, 1178750.0)	(57.0, 1182617.5)	(58.0, 1190403.0)	(59.0, 1186358.0)	(60.0, 1126156.5)	(61.0, 1056463.0)	(62.0, 961931.5)	(63.0, 847335.0)	(64.0, 782793.5)	(65.0, 706325.5)	(66.0, 605879.0)	(67.0, 528132.0)	(68.0, 426901.0)	(69.0, 338725.5)	(70.0, 260948.0)	(71.0, 176699.5)	(72.0, 124414.0)	(73.0, 92295.5)	(74.0, 70366.0)	(75.0, 53583.0)	(76.0, 41330.0)	(77.0, 33131.0)	(78.0, 27357.0)	(79.0, 22162.5)	(80.0, 17248.0)	(81.0, 13089.5)	(82.0, 10497.0)	(83.0, 8617.5)	(84.0, 6580.5)	(85.0, 4833.5)	(86.0, 3581.0)	(87.0, 2559.5)	(88.0, 1832.0)	(89.0, 1377.5)	(90.0, 1044.5)	(91.0, 810.5)	(92.0, 623.5)	(93.0, 471.5)	(94.0, 378.0)	(95.0, 300.5)	(96.0, 211.5)	(97.0, 143.0)	(98.0, 91.0)	(99.0, 53.0)	(100.0, 32.0)
SRR26064318_1	(0.0, 86.0)	(1.0, 201.5)	(2.0, 281.0)	(3.0, 135.5)	(4.0, 26.0)	(5.0, 24.0)	(6.0, 20.5)	(7.0, 20.5)	(8.0, 23.0)	(9.0, 28.5)	(10.0, 38.0)	(11.0, 46.0)	(12.0, 70.5)	(13.0, 130.5)	(14.0, 185.5)	(15.0, 269.5)	(16.0, 433.5)	(17.0, 701.0)	(18.0, 1046.0)	(19.0, 1466.5)	(20.0, 2206.5)	(21.0, 3410.0)	(22.0, 5219.5)	(23.0, 8015.5)	(24.0, 12384.5)	(25.0, 19614.5)	(26.0, 34167.0)	(27.0, 62501.5)	(28.0, 118414.0)	(29.0, 217481.5)	(30.0, 352782.0)	(31.0, 519509.5)	(32.0, 705848.0)	(33.0, 892650.0)	(34.0, 1063977.5)	(35.0, 1228224.0)	(36.0, 1361034.5)	(37.0, 1443737.0)	(38.0, 1507087.5)	(39.0, 1554052.5)	(40.0, 1563977.5)	(41.0, 1541716.5)	(42.0, 1450660.0)	(43.0, 1311313.0)	(44.0, 1183229.5)	(45.0, 1062515.5)	(46.0, 967257.0)	(47.0, 887432.5)	(48.0, 816901.0)	(49.0, 766320.0)	(50.0, 744331.0)	(51.0, 742175.5)	(52.0, 744086.0)	(53.0, 767878.0)	(54.0, 812032.5)	(55.0, 857600.5)	(56.0, 883545.5)	(57.0, 861978.5)	(58.0, 843249.0)	(59.0, 787809.5)	(60.0, 695258.5)	(61.0, 652559.5)	(62.0, 599484.0)	(63.0, 514108.5)	(64.0, 469186.0)	(65.0, 448029.5)	(66.0, 419130.0)	(67.0, 378282.5)	(68.0, 298751.5)	(69.0, 232749.0)	(70.0, 175606.0)	(71.0, 109288.0)	(72.0, 71366.0)	(73.0, 52650.0)	(74.0, 40970.5)	(75.0, 30402.5)	(76.0, 22498.5)	(77.0, 18465.5)	(78.0, 16207.5)	(79.0, 13640.5)	(80.0, 10194.0)	(81.0, 7179.0)	(82.0, 5975.5)	(83.0, 5227.0)	(84.0, 4029.5)	(85.0, 2688.5)	(86.0, 1611.0)	(87.0, 968.0)	(88.0, 653.5)	(89.0, 473.0)	(90.0, 326.5)	(91.0, 249.5)	(92.0, 207.0)	(93.0, 154.5)	(94.0, 105.0)	(95.0, 75.5)	(96.0, 46.5)	(97.0, 27.0)	(98.0, 19.0)	(99.0, 8.0)	(100.0, 2.5)
SRR26064318_2	(0.0, 3.0)	(1.0, 4.5)	(2.0, 7.5)	(3.0, 8.0)	(4.0, 7.5)	(5.0, 12.0)	(6.0, 15.5)	(7.0, 17.0)	(8.0, 28.5)	(9.0, 41.0)	(10.0, 55.5)	(11.0, 68.0)	(12.0, 91.5)	(13.0, 130.0)	(14.0, 176.5)	(15.0, 244.0)	(16.0, 362.0)	(17.0, 608.5)	(18.0, 928.0)	(19.0, 1366.5)	(20.0, 2130.5)	(21.0, 3263.5)	(22.0, 4958.0)	(23.0, 7582.0)	(24.0, 11518.0)	(25.0, 18104.5)	(26.0, 31006.0)	(27.0, 57099.0)	(28.0, 109222.0)	(29.0, 202550.5)	(30.0, 333854.0)	(31.0, 497551.5)	(32.0, 684248.0)	(33.0, 875756.5)	(34.0, 1053925.0)	(35.0, 1229481.5)	(36.0, 1378264.5)	(37.0, 1477528.0)	(38.0, 1551173.0)	(39.0, 1609001.5)	(40.0, 1616774.5)	(41.0, 1572959.0)	(42.0, 1476965.5)	(43.0, 1326285.0)	(44.0, 1176908.5)	(45.0, 1055722.0)	(46.0, 957989.5)	(47.0, 874768.5)	(48.0, 805880.5)	(49.0, 751574.5)	(50.0, 731941.0)	(51.0, 742026.0)	(52.0, 749782.0)	(53.0, 769146.0)	(54.0, 807886.5)	(55.0, 846274.5)	(56.0, 869882.0)	(57.0, 851876.5)	(58.0, 833451.5)	(59.0, 780079.5)	(60.0, 686913.5)	(61.0, 639730.5)	(62.0, 587344.0)	(63.0, 508375.5)	(64.0, 464086.0)	(65.0, 437614.5)	(66.0, 404480.5)	(67.0, 364114.5)	(68.0, 290898.0)	(69.0, 229277.5)	(70.0, 177831.5)	(71.0, 117508.0)	(72.0, 80891.5)	(73.0, 61250.5)	(74.0, 47967.0)	(75.0, 36120.5)	(76.0, 27197.0)	(77.0, 22355.5)	(78.0, 19114.0)	(79.0, 15684.5)	(80.0, 12164.0)	(81.0, 9243.5)	(82.0, 7522.0)	(83.0, 6280.5)	(84.0, 4939.5)	(85.0, 3651.0)	(86.0, 2577.5)	(87.0, 1772.5)	(88.0, 1293.0)	(89.0, 941.5)	(90.0, 695.5)	(91.0, 517.5)	(92.0, 392.0)	(93.0, 304.5)	(94.0, 249.5)	(95.0, 196.5)	(96.0, 128.0)	(97.0, 77.0)	(98.0, 51.5)	(99.0, 33.0)	(100.0, 15.5)
