Sample	0	1	2	3	4	5	6	7	8	9	10	11	12	13	14	15	16	17	18	19	20	21	22	23	24	25	26	27	28	29	30	31	32	33	34	35	36	37	38	39	40	41	42	43	44	45	46	47	48	49	50	51	52	53	54
SRR26064247_1	(1, 0.2136096582261009)	(2, 0.00012432357485477375)	(3, 0.00010878312799792703)	(4, 0.00010567503862655768)	(5, 0.00011810739611203506)	(6, 0.20896928079464647)	(7, 8.081032365560294e-05)	(8, 5.905369805601753e-05)	(9, 6.837796617012557e-05)	(10, 0.2976508407832422)	(12, 4.506729588485548e-05)	(14, 0.10938920542534404)	(16, 0.0002595254625093402)	(18, 0.10964096066442496)	(20, 0.10474261181514688)	(22, 0.00038540308204979863)	(24, 0.0003543221883361052)	(26, 0.1097186628987092)	(28, 0.33214286258201353)	(30, 0.10979014895425068)	(32, 0.00047242958444814023)	(34, 0.09961271030770177)	(36, 0.10990514826099136)	(38, 0.0005905369805601753)	(40, 0.10989426994819157)	(42, 0.0006729013489014629)	(44, 0.11667612095651947)	(46, 0.0041337588639212275)	(48, 0.11008075531047372)	(50, 0.11006832295298825)	(52, 0.319036049702949)	(54, 0.0009028999623827943)	(56, 0.001098709592779063)	(58, 0.005470237293610045)	(60, 0.009765616804842477)	(62, 0.0008485083983838309)	(64, 0.10537821609159191)	(66, 0.10965494706659613)	(68, 0.0008811433367832089)	(70, 0.0008267517727842454)	(72, 0.0009060080517541637)	(74, 0.001003912866952298)	(76, 0.0008795892920975242)	(78, 0.000904454007068479)	(80, 0.0008578326664979389)	(82, 0.0007832385215850746)	(84, 0.0008578326664979389)	(86, 0.000937088945467857)	(88, 0.0007832385215850746)	(90, 0.0008454003090124614)	(92, 0.0006511447233018775)	(94, 0.0006433744998734542)	(96, 0.0007568197619284352)	(98, 0.0005827667571317519)	(100, 0.0005408075506182659)
SRR26064247_2	(1, 0.0002299986134813314)	(2, 0.00021135007725311535)	(3, 6.837796617012557e-05)	(4, 9.013459176971097e-05)	(5, 0.00013675593234025113)	(6, 0.00015229637919709783)	(7, 6.526987679875621e-05)	(8, 6.526987679875621e-05)	(9, 0.0001336478429688818)	(10, 0.00010256694925518834)	(12, 9.945885988381901e-05)	(14, 7.77022342842336e-05)	(16, 0.0001336478429688818)	(18, 0.00022533647942427743)	(20, 0.00018026918353942193)	(22, 0.0001320937982831971)	(24, 0.00013520188765456646)	(26, 0.00014763424514004382)	(28, 0.00019580963039626866)	(30, 0.00020202580913900736)	(32, 0.00016628278136825988)	(34, 0.0002812820881089256)	(36, 0.00012432357485477375)	(38, 0.00013830997702593578)	(40, 0.00017405300479668323)	(42, 0.00013830997702593578)	(44, 0.0001149993067406657)	(46, 0.0001756070494823679)	(48, 0.00013675593234025113)	(50, 0.0001756070494823679)	(52, 0.00014141806639730514)	(54, 0.0002299986134813314)	(56, 0.009084945232512591)	(58, 0.0046497016995685385)	(60, 0.00014608020045435915)	(62, 0.00015851255793983653)	(64, 0.0004351325119917081)	(66, 0.0007210767341576877)	(68, 0.0008127653706130834)	(70, 0.00018803940696784528)	(72, 0.00018959345165352995)	(74, 0.00020668794319606134)	(76, 0.00020513389851037667)	(78, 0.0022362703027002427)	(80, 0.00030614680307988035)	(82, 0.0002657416412520789)	(84, 0.0020948522363029376)	(86, 0.001855529354707498)	(88, 0.0002439850156524935)	(90, 0.00020668794319606134)	(92, 0.004004773155009399)	(94, 0.0003356736521078891)	(96, 0.0052821978866421995)	(98, 0.0020870820128745145)	(100, 0.00030459275839419566)
SRR26064248_1	(1, 0.21757733151765873)	(2, 0.00013050272044905722)	(3, 0.00013849268292553008)	(4, 0.00012783939962356623)	(5, 0.00013050272044905722)	(6, 0.20876972954776016)	(7, 8.256294559021987e-05)	(8, 5.3266416509819264e-05)	(9, 0.00011452279549611142)	(10, 0.31004117227664124)	(12, 7.590464352649245e-05)	(14, 0.11060771388263971)	(16, 0.00024369385553242313)	(18, 0.11085806604023585)	(20, 0.10470978991458997)	(22, 0.00045409620074620923)	(24, 0.00039017650093442615)	(26, 0.1110231919314163)	(28, 0.33522553400248384)	(30, 0.11103384521471825)	(32, 0.0005925888836717393)	(34, 0.10333551636863662)	(36, 0.11119098114342223)	(38, 0.0006791468105001957)	(40, 0.11122826763497909)	(42, 0.0007404031894864877)	(44, 0.11805569057112518)	(46, 0.004196061960561013)	(48, 0.11127620740983793)	(50, 0.11131615722222028)	(52, 0.3200965400532824)	(54, 0.0008962074577777092)	(56, 0.0011092731238169862)	(58, 0.005582320450229059)	(60, 0.010076674343245058)	(62, 0.0009694487804787106)	(64, 0.10545818306655291)	(66, 0.11251598325410397)	(68, 0.0009188456847943823)	(70, 0.0009161823639688914)	(72, 0.0010160568949248024)	(74, 0.0011518862570248417)	(76, 0.0010014086303846022)	(78, 0.00098143372419342)	(80, 0.0009241723264453641)	(82, 0.0008642476078718175)	(84, 0.00094015225139831)	(86, 0.0008735692307610359)	(88, 0.0007910062851708161)	(90, 0.0009561321763512558)	(92, 0.0006378653377050857)	(94, 0.0006698251876109772)	(96, 0.0009095240619051639)	(98, 0.0006365336772923402)	(100, 0.0005939205440844848)
SRR26064248_2	(1, 0.00022638227016673188)	(2, 0.00019442242026084032)	(3, 7.190966228825601e-05)	(4, 0.00017844249530789454)	(5, 0.00020773902438829515)	(6, 0.00014648264540200297)	(7, 0.00011452279549611142)	(8, 0.00011185947467062046)	(9, 0.0002317089118177138)	(10, 0.000107864493432384)	(12, 9.854287054316564e-05)	(14, 9.188456847943824e-05)	(16, 9.987453095591111e-05)	(18, 0.00016912087241867615)	(20, 0.00013183438086180268)	(22, 0.00014648264540200297)	(24, 0.00012118109755983882)	(26, 0.0001677892120059307)	(28, 0.00014381932457651202)	(30, 0.00016912087241867615)	(32, 0.00019708574108633127)	(34, 0.0003409050656628433)	(36, 0.0001291710600363117)	(38, 0.0001597992495294578)	(40, 0.00017977415572064003)	(42, 0.00011851777673434786)	(44, 0.00017711083489514907)	(46, 0.00013449770168729363)	(48, 0.00014648264540200297)	(50, 0.00016379423076769424)	(52, 0.0001518092870529849)	(54, 0.00023437223264320477)	(56, 0.008936773029934928)	(58, 0.004594228423971912)	(60, 0.0001744475140696581)	(62, 0.00019309075984809485)	(64, 0.0005486440900511385)	(66, 0.0008549259849825992)	(68, 0.0006431919793560676)	(70, 0.00018909577860985838)	(72, 0.0001664575515931852)	(74, 0.00020374404315005867)	(76, 0.00021706064727751347)	(78, 0.0014981179643386668)	(80, 0.0002530154784216415)	(82, 0.0002303772514049683)	(84, 0.001664575515931852)	(86, 0.002162616510298662)	(88, 0.00027299038461282377)	(90, 0.00019175909943534934)	(92, 0.004714077861119005)	(94, 0.0003395734052500978)	(96, 0.005961843667861522)	(98, 0.0025061848967869965)	(100, 0.00028763864915302403)
SRR26064249_1	(1, 0.21794000725209195)	(2, 0.00014852322319514505)	(3, 0.00012475950748392186)	(4, 0.00016634600997856246)	(5, 0.00012475950748392186)	(6, 0.20580863038151248)	(7, 0.00010099579177269864)	(8, 8.020254052537832e-05)	(9, 6.535021820586382e-05)	(10, 0.30275567908991147)	(12, 6.0894521510009476e-05)	(14, 0.10965023998827973)	(16, 0.000224270067024669)	(18, 0.10985817250075294)	(20, 0.10316720129581165)	(22, 0.0003683375935239597)	(24, 0.0003534852712044452)	(26, 0.1099665944536854)	(28, 0.3328821296828147)	(30, 0.1100334299041232)	(32, 0.0005034937266315418)	(34, 0.10224041638307395)	(36, 0.110162645108303)	(38, 0.0006208270729557064)	(40, 0.11017304173392664)	(42, 0.0006936034523213274)	(44, 0.11749078094075145)	(46, 0.004460152392550206)	(48, 0.1103943413364874)	(50, 0.11039582656871935)	(52, 0.3162401025237987)	(54, 0.0010352068656701609)	(56, 0.0011154094061955394)	(58, 0.005551798083034522)	(60, 0.010041655120223756)	(62, 0.0011198651028913936)	(64, 0.10399893134570447)	(66, 0.11286131207375878)	(68, 0.0010604558136133356)	(70, 0.0009371815383613653)	(72, 0.0009817385053199088)	(74, 0.0011584811409221314)	(76, 0.0010203545433506464)	(78, 0.0009936203631755204)	(80, 0.0010233250078145494)	(82, 0.0009772828086240545)	(84, 0.0010456034912938211)	(86, 0.0010203545433506464)	(88, 0.0008287595854289093)	(90, 0.0010277807045104038)	(92, 0.0007500422771354824)	(94, 0.0007099410068727933)	(96, 0.00087034608792355)	(98, 0.0007307342581201136)	(100, 0.0006416203242030266)
SRR26064249_2	(1, 0.00020793251247320306)	(2, 0.00015446415212295086)	(3, 7.426161159757253e-05)	(4, 0.00014852322319514505)	(5, 0.00013070043641172764)	(6, 0.00010990718516440733)	(7, 8.614346945318412e-05)	(8, 9.802532730879573e-05)	(9, 0.00017228693890636824)	(10, 8.762870168513558e-05)	(12, 8.168777275732978e-05)	(14, 7.129114713366962e-05)	(16, 0.00010545148846855298)	(18, 0.00015149368765904794)	(20, 0.00015891984881880522)	(22, 0.00012178904302001895)	(24, 0.00015297891989099938)	(26, 0.00011436288186026168)	(28, 0.00015446415212295086)	(30, 0.00015891984881880522)	(32, 0.0001708017066744168)	(34, 0.0003326920199571249)	(36, 0.0001321856686436791)	(38, 0.0001618903132827081)	(40, 0.00016337554551465957)	(42, 0.0001440675264992907)	(44, 0.00015000845542709648)	(46, 0.0001410970620353878)	(48, 0.00013961182980343635)	(50, 0.00017525740337027116)	(52, 0.00016783124221051392)	(54, 0.00027179749844711545)	(56, 0.008972287913218713)	(58, 0.004549266326467293)	(60, 0.000164860777746611)	(62, 0.00020199158354539728)	(64, 0.0006401350919710752)	(66, 0.0010634262780772387)	(68, 0.001348590866611917)	(70, 0.00018119833229807695)	(72, 0.00016337554551465957)	(74, 0.00019753588684954292)	(76, 0.00021238820916905741)	(78, 0.003555645963291773)	(80, 0.0002732827306790669)	(82, 0.00020941774470515452)	(84, 0.0030209623597892503)	(86, 0.002735797771254572)	(88, 0.00030595783978199875)	(90, 0.0002034768157773487)	(92, 0.005957266482357268)	(94, 0.00044705490181738656)	(96, 0.007965300459955629)	(98, 0.003019477127557299)	(100, 0.0002732827306790669)
SRR26064250_1	(1, 0.0001101289211508269)	(2, 0.2012055389425607)	(3, 7.059546227617108e-05)	(4, 5.930018831198371e-05)	(5, 1.694291094628106e-05)	(6, 2.541436641942159e-05)	(7, 3.106200340151528e-05)	(8, 3.106200340151528e-05)	(9, 0.23475250261619723)	(10, 1.8354820191804482e-05)	(12, 2.9650094155991854e-05)	(14, 0.10181418760393947)	(16, 7.906691774931161e-05)	(18, 0.10065218629487369)	(20, 0.10065077438562817)	(22, 0.00012142419511501427)	(24, 0.005939902195917036)	(26, 0.10350141915233994)	(28, 0.10066348156883788)	(30, 0.10063806720241847)	(32, 0.10063241956543637)	(34, 0.10068183638902968)	(36, 0.10069171975374835)	(38, 0.00020472684060089615)	(40, 0.00015954574474414665)	(42, 0.10071572221092223)	(44, 0.00015248619851652954)	(46, 0.100731253212623)	(48, 0.0004263965921480733)	(50, 0.00021884593305613036)	(52, 0.00021743402381060693)	(54, 0.10074396039583271)	(56, 0.0002781461213681141)	(58, 0.00022166975154717721)	(60, 0.00019201965739118533)	(62, 0.10077784621772529)	(64, 0.00030073666929648885)	(66, 0.000261203210421833)	(68, 0.00019060774814566193)	(70, 0.0002019030221098493)	(72, 0.00015389810776205297)	(74, 0.10084844168000144)	(76, 0.00025131984570316907)	(78, 0.2084712239200243)	(80, 0.003933579158028253)	(82, 0.20122812949048913)	(84, 0.00019201965739118533)	(86, 0.10101363506172768)	(88, 0.2012591914938906)	(90, 0.10098257305832617)	(92, 0.1009726896936075)	(94, 0.20164040699018193)	(96, 0.21643156824628532)	(98, 0.2013467298671131)	(100, 0.20138908714447878)
SRR26064250_2	(1, 0.18217017849441397)	(2, 0.0001242480136060611)	(3, 6.49478252940774e-05)	(4, 0.4369972067634632)	(5, 0.00018637202040909168)	(6, 8.753837322245216e-05)	(7, 0.00013271946907920164)	(8, 4.800491434779633e-05)	(9, 0.00021743402381060693)	(10, 7.20073715216945e-05)	(12, 0.00010306937492320979)	(14, 5.224064208436661e-05)	(16, 8.612646397692873e-05)	(18, 0.00016095765398967007)	(20, 0.10071572221092223)	(22, 0.00011718846737844402)	(24, 0.00010589319341425664)	(26, 8.753837322245216e-05)	(28, 0.12539589582267166)	(30, 0.10063665529317294)	(32, 0.0001821362926725214)	(34, 0.00022590547928374747)	(36, 0.00010165746567768636)	(38, 0.10516606015281207)	(40, 0.00931295338347249)	(42, 0.00015107428927100614)	(44, 0.12529847408473052)	(46, 0.12527447162755664)	(48, 0.00012565992285158454)	(50, 0.0002357888440024114)	(52, 0.10077219858074318)	(54, 0.00027108657514049694)	(56, 0.10066065775034684)	(58, 0.00021319829607403665)	(60, 0.10066630538732892)	(62, 0.00024284839023002854)	(64, 0.0008725599137334746)	(66, 0.0011436464888739716)	(68, 0.12687557671198021)	(70, 0.0001637814724807169)	(72, 0.00016095765398967007)	(74, 0.0003106200340151528)	(76, 0.00031344385250619964)	(78, 0.0035255373860719843)	(80, 0.00018778392965461508)	(82, 0.000180724383426998)	(84, 0.003281277086596432)	(86, 0.003236095990739682)	(88, 0.00019766729437327904)	(90, 0.00018496011116356825)	(92, 0.0067686929230392845)	(94, 0.0003021485785420123)	(96, 0.008879497245096799)	(98, 0.1040280613009202)	(100, 0.00020896256833746643)
SRR26064251_1	(1, 0.00010873647500670661)	(2, 0.2077582044174193)	(3, 7.439864079406241e-05)	(4, 5.436823750335331e-05)	(5, 3.1476348028257175e-05)	(6, 5.150675131896629e-05)	(7, 4.292229276580524e-05)	(8, 4.0060806581418225e-05)	(9, 0.23445300903156577)	(10, 2.5753375659483144e-05)	(12, 3.0045604936063666e-05)	(14, 0.10297487257444335)	(16, 7.153715460967541e-05)	(18, 0.10391487078601448)	(20, 0.10394062416167398)	(22, 0.00013162836448180274)	(24, 0.006139318608602343)	(26, 0.10686935527139407)	(28, 0.10392774747384423)	(30, 0.10388768666726282)	(32, 0.10389484038272377)	(34, 0.10393203970312082)	(36, 0.10394634713404274)	(38, 0.00015595099704909237)	(40, 0.00012161316283644817)	(42, 0.103977823482071)	(44, 0.00015165876777251184)	(46, 0.10395779307878028)	(48, 0.0003963158365376017)	(50, 0.00015165876777251184)	(52, 0.00018885808816954306)	(54, 0.10400643834391488)	(56, 0.0002446570687650899)	(58, 0.00022176517928999373)	(60, 0.00017025842797102744)	(62, 0.10405937583832603)	(64, 0.00023893409639631584)	(66, 0.0002332111240275418)	(68, 0.0002346418671197353)	(70, 0.00018742734507734955)	(72, 0.0001588124832334794)	(74, 0.10411374407582939)	(76, 0.00027184118751676653)	(78, 0.21495627291424485)	(80, 0.0038343914870786018)	(82, 0.20778968076544754)	(84, 0.0001602432263256729)	(86, 0.104288294733077)	(88, 0.20779397299472416)	(90, 0.10418814271662344)	(92, 0.104199588661361)	(94, 0.20816167396941787)	(96, 0.21947169811320755)	(98, 0.20788267906644015)	(100, 0.20792989358848252)
SRR26064251_2	(1, 0.18350424751855496)	(2, 0.00015452025395689886)	(3, 5.7229723687740326e-05)	(4, 0.4452787266386479)	(5, 0.00015452025395689886)	(6, 7.153715460967541e-05)	(7, 0.00015165876777251184)	(8, 7.726012697844943e-05)	(9, 0.00022033443619780025)	(10, 0.00010444424573012609)	(12, 6.724492533309488e-05)	(14, 8.155235625502996e-05)	(16, 8.155235625502996e-05)	(18, 0.00014879728158812483)	(20, 0.10400500760082267)	(22, 0.0001402128230349638)	(24, 0.00015308951086470535)	(26, 9.585978717696504e-05)	(28, 0.1261901099883752)	(30, 0.10393633193239739)	(32, 0.0002189036931056067)	(34, 0.00025324152731825094)	(36, 0.00011159796119109363)	(38, 0.10849038719484934)	(40, 0.009481534471966377)	(42, 0.0001416435661271573)	(44, 0.1261242958061343)	(46, 0.12610569614593578)	(48, 0.0001459357954037378)	(50, 0.00023607261021192882)	(52, 0.1040436376643119)	(54, 0.0003276401681123133)	(56, 0.10394777787713493)	(58, 0.0002346418671197353)	(60, 0.10392774747384423)	(62, 0.0002546722704104444)	(64, 0.0008126620763659125)	(66, 0.001154609675400161)	(68, 0.12739908790127874)	(70, 0.000177412143431995)	(72, 0.00018456585889296254)	(74, 0.0002804256460699276)	(76, 0.0003562550299561835)	(78, 0.003131896628811589)	(80, 0.00023178038093534832)	(82, 0.00021031923455244565)	(84, 0.003033175355450237)	(86, 0.0029501922561030133)	(88, 0.0002518107842260574)	(90, 0.00019601180363051058)	(92, 0.006046320307609765)	(94, 0.00038200840561566663)	(96, 0.008105159617276224)	(98, 0.10710542788160601)	(100, 0.0002689797013323795)
SRR26064252_1	(1, 0.00012453116351894433)	(2, 0.20143538355006843)	(3, 8.405853537528742e-05)	(4, 6.537886084744577e-05)	(5, 2.4906232703788867e-05)	(6, 3.73593490556833e-05)	(7, 4.047262814365691e-05)	(8, 4.047262814365691e-05)	(9, 0.23206070993846478)	(10, 2.9576151335749277e-05)	(12, 2.179295361581526e-05)	(14, 0.10278957900808064)	(16, 7.47186981113666e-05)	(18, 0.10077061751952976)	(20, 0.10076127768226582)	(22, 0.00011830460534299711)	(24, 0.0063277397463063585)	(26, 0.10379983807212807)	(28, 0.10081576006630538)	(30, 0.10076750424044179)	(32, 0.10075972104272185)	(34, 0.10081109014767342)	(36, 0.10080797686858543)	(38, 0.00022259945479011301)	(40, 0.00012297452397495753)	(42, 0.10083443974083321)	(44, 0.0001852401057344297)	(46, 0.10082354326402532)	(48, 0.00039071652554068784)	(50, 0.00019613658254233733)	(52, 0.0002272693734220734)	(54, 0.10087179908988889)	(56, 0.0002288260129660602)	(58, 0.00021637289661416577)	(60, 0.0001867967452784165)	(62, 0.10087958228760882)	(64, 0.00027863847837363795)	(66, 0.0002988747924454664)	(68, 0.0002272693734220734)	(70, 0.00023660921068599422)	(72, 0.00015722059394266723)	(74, 0.10096208418344013)	(76, 0.0003331208624131761)	(78, 0.20908471026921957)	(80, 0.0040815088843334)	(82, 0.20151165888772377)	(84, 0.0002101463384382186)	(86, 0.1010835020678711)	(88, 0.20151788544589969)	(90, 0.10107571887015115)	(92, 0.10106170911425529)	(94, 0.20184477975013693)	(96, 0.2178314678668814)	(98, 0.20156147135313132)	(100, 0.20155057487632344)
SRR26064252_2	(1, 0.18292071281388936)	(2, 0.00011519132625502351)	(3, 3.1132790879736083e-05)	(4, 0.4387513085890326)	(5, 0.0001525506753107068)	(6, 9.028509355123464e-05)	(7, 0.00013075772169489155)	(8, 6.849213993541938e-05)	(9, 0.00018057018710246927)	(10, 9.962493081515547e-05)	(12, 8.561517491927423e-05)	(14, 4.047262814365691e-05)	(16, 0.00010896476807907629)	(18, 0.00014165419850279917)	(20, 0.10077995735679368)	(22, 0.00012920108215090474)	(24, 0.00014321083804678597)	(26, 8.094525628731382e-05)	(28, 0.12478645240415816)	(30, 0.10078307063588164)	(32, 0.00015722059394266723)	(34, 0.00023816585022998102)	(36, 9.339837263920824e-05)	(38, 0.1053315713834111)	(40, 0.009487718020599572)	(42, 9.962493081515547e-05)	(44, 0.12465569468246328)	(46, 0.12468060091516708)	(48, 0.00013075772169489155)	(50, 0.00023816585022998102)	(52, 0.10084066629900915)	(54, 0.00032845094378121566)	(56, 0.10076906087998576)	(58, 0.00020080650117429772)	(60, 0.10075972104272185)	(62, 0.00015877723348665403)	(64, 0.0008468119119288216)	(66, 0.001144130064830301)	(68, 0.12600063124846786)	(70, 0.00017745690801449567)	(72, 0.00012297452397495753)	(74, 0.0002552888852138359)	(76, 0.0002646287224777567)	(78, 0.0032222438560526845)	(80, 0.00017123034983854846)	(82, 0.0001743436289265221)	(84, 0.0032191305769647106)	(86, 0.0031677614720131463)	(88, 0.0001930233034543637)	(90, 0.0001867967452784165)	(92, 0.006495856817056933)	(94, 0.0002646287224777567)	(96, 0.008664255701830551)	(98, 0.10404890039916595)	(100, 0.00023660921068599422)
SRR26064253_1	(1, 0.00012938995450681548)	(2, 0.2048145937377009)	(3, 0.00010027721474278199)	(4, 7.116447497874851e-05)	(5, 1.940849317602232e-05)	(6, 1.6173744313351935e-05)	(7, 2.2643242038692707e-05)	(8, 3.881698635204464e-05)	(9, 0.2316500703024144)	(10, 1.7791118744687128e-05)	(12, 3.0730114195368675e-05)	(14, 0.10223747255356025)	(16, 7.601659827275409e-05)	(18, 0.10242994011088913)	(20, 0.10243964435747714)	(22, 0.0001245378312128099)	(24, 0.006209100441895808)	(26, 0.10541723068556523)	(28, 0.10245743547622184)	(30, 0.10242508798759511)	(32, 0.10242347061316379)	(34, 0.10246552234837851)	(36, 0.1024509659784965)	(38, 0.0001698243152901953)	(40, 0.00013747682666349144)	(42, 0.10247684396939787)	(44, 0.00016335481756485452)	(46, 0.10252536520233792)	(48, 0.00040596098226513357)	(50, 0.000192467557328888)	(52, 0.00020540655277956956)	(54, 0.1025480084443766)	(56, 0.0002749536533269829)	(58, 0.00023128454368093266)	(60, 0.0002215802970929215)	(62, 0.10255447794210194)	(64, 0.0002959795209343404)	(66, 0.00030891851638502197)	(68, 0.00023128454368093266)	(70, 0.00021025867607357514)	(72, 0.0001471810732515026)	(74, 0.10265637253127607)	(76, 0.00033156175842371464)	(78, 0.2121461520349433)	(80, 0.003852585895440431)	(82, 0.20482106323542623)	(84, 0.0001730590641528657)	(86, 0.1026531377824134)	(88, 0.20484532385189624)	(90, 0.10268710264547143)	(92, 0.10263372928923738)	(94, 0.2051687987381633)	(96, 0.21998556590362497)	(98, 0.20488090608938564)	(100, 0.20499250492514776)
SRR26064253_2	(1, 0.18275037174542616)	(2, 0.00015526794540817856)	(3, 5.822547952806696e-05)	(4, 0.44073776728770286)	(5, 0.00016173744313351934)	(6, 9.380771701744122e-05)	(7, 0.00013585945223215627)	(8, 0.00011645095905613392)	(9, 0.00018114593630954166)	(10, 8.733821929210044e-05)	(12, 0.00011159883576212834)	(14, 7.116447497874851e-05)	(16, 0.00011645095905613392)	(18, 0.00020055442948556398)	(20, 0.10247684396939787)	(22, 0.00013585945223215627)	(24, 0.00015203319654550818)	(26, 9.542509144877641e-05)	(28, 0.12488556671554696)	(30, 0.10245905285065317)	(32, 0.00022804979481826226)	(34, 0.0002442235391316142)	(36, 9.542509144877641e-05)	(38, 0.1067806773311808)	(40, 0.009039505696732395)	(42, 0.00011321621019346354)	(44, 0.12476264625876547)	(46, 0.12473838564229546)	(48, 0.00013909420109482664)	(50, 0.00023775404140627342)	(52, 0.10252536520233792)	(54, 0.00030244901865968116)	(56, 0.10247037447167252)	(58, 0.00018761543403488244)	(60, 0.1024558181017905)	(62, 0.00015365057097684336)	(64, 0.00087823431621501)	(66, 0.001221117695658071)	(68, 0.12577188790391863)	(70, 0.00020378917834823436)	(72, 0.00013424207780082106)	(74, 0.00028304052548365884)	(76, 0.0002636320323076365)	(78, 0.002474582879942846)	(80, 0.0001957023061915584)	(82, 0.00021672817379891592)	(84, 0.0026880763048790913)	(86, 0.0030843330405562136)	(88, 0.000234519292543603)	(90, 0.0002442235391316142)	(92, 0.006430680738988729)	(94, 0.00028304052548365884)	(96, 0.00832786094694491)	(98, 0.10565336735254018)	(100, 0.0002781884021896533)
SRR26064254_1	(1, 7.065062684461491e-05)	(2, 0.19893066282974375)	(3, 7.37223932291634e-05)	(4, 7.37223932291634e-05)	(5, 3.0717663845484745e-05)	(6, 3.3789430230033224e-05)	(7, 4.300472938367864e-05)	(8, 3.993296299913017e-05)	(9, 0.23309792032507642)	(10, 2.6110014268662033e-05)	(12, 1.9966481499565085e-05)	(14, 0.10066024853846124)	(16, 7.833004280598611e-05)	(18, 0.0995175514434092)	(20, 0.09951447967702465)	(22, 0.00013362183772785865)	(24, 0.006221862811902935)	(26, 0.10250945190195941)	(28, 0.09954366145767787)	(30, 0.0994991208451019)	(32, 0.09950680026106329)	(34, 0.09953291027533194)	(36, 0.09955902028960059)	(38, 0.00018891363264973119)	(40, 0.00012440653857421322)	(42, 0.09958359442067699)	(44, 0.00018430598307290846)	(46, 0.09960970443494567)	(48, 0.0004177602282985925)	(50, 0.00019352128222655386)	(52, 0.00020734423095702205)	(54, 0.09959895325259974)	(56, 0.000265707792263443)	(58, 0.00021041599734157053)	(60, 0.00019966481499565083)	(62, 0.09963581444921432)	(64, 0.00028721015695528236)	(66, 0.0002687795586479915)	(68, 0.0001858418662651827)	(70, 0.00017201891753471457)	(72, 0.0001443730200737783)	(74, 0.09972796744075077)	(76, 0.00030871252164712165)	(78, 0.20665922705326772)	(80, 0.004110023422525859)	(82, 0.1989752034423197)	(84, 0.00016741126795789186)	(86, 0.09987387634401682)	(88, 0.19897213167593517)	(90, 0.09982012043228722)	(92, 0.09978633100205721)	(94, 0.19936224600677283)	(96, 0.21640287002505548)	(98, 0.19912571999516257)	(100, 0.19909346644812484)
SRR26064254_2	(1, 0.18125571905305182)	(2, 0.00015051655284287525)	(3, 5.5291794921872545e-05)	(4, 0.43502355537975496)	(5, 0.00016280361838106914)	(6, 7.986592599826034e-05)	(7, 0.00017201891753471457)	(8, 9.829652430555117e-05)	(9, 0.00017509068391926305)	(10, 8.908122515190577e-05)	(12, 7.986592599826034e-05)	(14, 6.297121088324372e-05)	(16, 9.983240749782542e-05)	(18, 0.0001151912394205678)	(20, 0.0995651638223697)	(22, 0.0001151912394205678)	(24, 0.000148980669650601)	(26, 0.00010290417388237389)	(28, 0.12392734301822365)	(30, 0.09950065672829418)	(32, 0.00022884659564886134)	(34, 0.0002672436754557173)	(36, 8.447357557508305e-05)	(38, 0.10389481854139078)	(40, 0.009156935592339002)	(42, 0.00012901418815103592)	(44, 0.12378450588134216)	(46, 0.12379372118049581)	(48, 0.00013822948730468133)	(50, 0.0002626360258788946)	(52, 0.09967574741221344)	(54, 0.0003931860972222047)	(56, 0.09955594852321605)	(58, 0.00019812893180337662)	(60, 0.09953291027533194)	(62, 0.00024113366118705526)	(64, 0.0009676064111327695)	(66, 0.0012486730353189548)	(68, 0.1252374513812336)	(70, 0.00016433950157334338)	(72, 0.00014590890326605254)	(74, 0.0002349901284179583)	(76, 0.00028260250737845963)	(78, 0.0034449860002711144)	(80, 0.00020734423095702205)	(82, 0.0001735548007269888)	(84, 0.0035141007439234546)	(86, 0.003354368891926934)	(88, 0.00018430598307290846)	(90, 0.0002196312964952159)	(92, 0.007316947527994467)	(94, 0.0003394301854926064)	(96, 0.00939192572075696)	(98, 0.10317448932421415)	(100, 0.0002303824788411356)
SRR26064255_1	(1, 9.762482252381528e-05)	(2, 0.2050695536662026)	(3, 6.89116394285755e-05)	(4, 4.0198456333335706e-05)	(5, 3.732713802381173e-05)	(6, 3.732713802381173e-05)	(7, 1.7227909857143874e-05)	(8, 4.306977464285969e-05)	(9, 0.23282371644606134)	(10, 2.5841864785715814e-05)	(12, 3.589147886904974e-05)	(14, 0.10157144954025599)	(16, 9.906048167857728e-05)	(18, 0.10257353963027986)	(20, 0.10258358924436319)	(22, 0.00013064498308334104)	(24, 0.006117343658440837)	(26, 0.105522383534161)	(28, 0.10262809467816082)	(30, 0.10253908381056558)	(32, 0.10255774737957749)	(34, 0.10259938149506558)	(36, 0.10263096599647036)	(38, 0.00021104189575001244)	(40, 0.0001234666873095311)	(42, 0.10263527297393463)	(44, 0.00014356591547619896)	(46, 0.10262091638238702)	(48, 0.000409162859107167)	(50, 0.000137823278857151)	(52, 0.00019524964504763056)	(54, 0.10267260011195845)	(56, 0.00025124035208334817)	(58, 0.00024262639715477626)	(60, 0.00021104189575001244)	(62, 0.10268839236266082)	(64, 0.00030723105911906575)	(66, 0.00030866671827382776)	(68, 0.00025698298870239616)	(70, 0.0002325767830714423)	(72, 0.00017084343941667674)	(74, 0.1028104233908156)	(76, 0.00035030083376192544)	(78, 0.2124689409498459)	(80, 0.003930834765738327)	(82, 0.20510544514507162)	(84, 0.00015935816617858084)	(86, 0.10294106837389894)	(88, 0.20511118778169068)	(90, 0.10289799859925608)	(92, 0.10292671178235133)	(94, 0.2054916374577026)	(96, 0.21757270924502475)	(98, 0.2051930203535121)	(100, 0.20523034749153593)
SRR26064255_2	(1, 0.18203009555058217)	(2, 0.000137823278857151)	(3, 4.5941092952383664e-05)	(4, 0.4391710067600021)	(5, 0.00012920932392857906)	(6, 9.188218590476733e-05)	(7, 0.00011772405069048314)	(8, 8.039691266667141e-05)	(9, 0.00022683414645239432)	(10, 0.00010193179998810126)	(12, 8.757520844048136e-05)	(14, 4.0198456333335706e-05)	(16, 9.331784505952931e-05)	(18, 0.000136387619702389)	(20, 0.10260368847252986)	(22, 0.0001263380056190551)	(24, 0.00015792250702381885)	(26, 9.61891633690533e-05)	(28, 0.12634661957398363)	(30, 0.10257066831197036)	(32, 0.00015505118871429486)	(34, 0.00024406205630953824)	(36, 8.613954928571938e-05)	(38, 0.10714467837904204)	(40, 0.009502627945369609)	(42, 0.0001507442112500089)	(44, 0.12627340095709078)	(46, 0.12619587536273363)	(48, 0.00013208064223810303)	(50, 0.0002340124422262043)	(52, 0.10272428384152989)	(54, 0.00030866671827382776)	(56, 0.10261230242745845)	(58, 0.00017515041688096272)	(60, 0.1025950745176013)	(62, 0.0003488651746071635)	(64, 0.0008599598337024317)	(66, 0.0011470916646548297)	(68, 0.12779232834282897)	(70, 0.0001780217351904867)	(72, 0.00015505118871429486)	(74, 0.0002914388084166839)	(76, 0.00037757835770240323)	(78, 0.003415433129178773)	(80, 0.00026990392109525405)	(82, 0.00020242794082144053)	(84, 0.0033938982418573434)	(86, 0.00329053078271448)	(88, 0.00020242794082144053)	(90, 0.00025124035208334817)	(92, 0.006954332945667077)	(94, 0.0003904992900952611)	(96, 0.009199703863714829)	(98, 0.1060621913763515)	(100, 0.00022109150983334639)
SRR26064256_1	(1, 9.679123394817025e-05)	(2, 0.20122612857724742)	(3, 8.825083095274345e-05)	(4, 5.408921897103631e-05)	(5, 3.7008412980182734e-05)	(6, 2.846800998475595e-05)	(7, 3.131481098323155e-05)	(8, 1.9927606989329165e-05)	(9, 0.23549307219589816)	(10, 2.7044609485518154e-05)	(12, 3.273821148246934e-05)	(14, 0.10191405234492706)	(16, 6.832322396341428e-05)	(18, 0.10063156849511382)	(20, 0.10062018129111991)	(22, 0.0001167188409374994)	(24, 0.006177558166692041)	(26, 0.10361216914051775)	(28, 0.10068992791558255)	(30, 0.10061875789062066)	(32, 0.10061306428862371)	(34, 0.10069704491807874)	(36, 0.10068708111458408)	(38, 0.00019927606989329164)	(40, 0.00015372725391768211)	(42, 0.10069419811708027)	(44, 0.00014518685092225535)	(46, 0.10068138751258714)	(48, 0.00033165231632240684)	(50, 0.0001636910574123467)	(52, 0.0001793484629039625)	(54, 0.10073120653006046)	(56, 0.00024767168686737676)	(58, 0.00023913128387195)	(60, 0.0001622676569131089)	(62, 0.1007369001320574)	(64, 0.00024197808487042558)	(66, 0.00028610350034679726)	(68, 0.00021493347538490743)	(70, 0.00023201428137576097)	(72, 0.0001722314604077735)	(74, 0.10087781678148194)	(76, 0.000330228915823169)	(78, 0.20858510915830686)	(80, 0.003982674596867357)	(82, 0.2012588667887299)	(84, 0.00019215906739710267)	(86, 0.1010002292244164)	(88, 0.20125744338823065)	(90, 0.10100449942591411)	(92, 0.10092194219695833)	(94, 0.20168019333650428)	(96, 0.21693762328783422)	(98, 0.20137700903016664)	(100, 0.2014424854531316)
SRR26064256_2	(1, 0.1810707775080402)	(2, 0.00010533163694359701)	(3, 5.1242417972560705e-05)	(4, 0.4374024330127797)	(5, 0.00014234004992377976)	(6, 8.255722895579225e-05)	(7, 0.00010248483594512141)	(8, 6.26296219664631e-05)	(9, 0.0002220504778810964)	(10, 9.963803494664582e-05)	(12, 7.686362695884106e-05)	(14, 4.839561697408512e-05)	(16, 9.821463444740801e-05)	(18, 9.536783344893244e-05)	(20, 0.10070558532107418)	(22, 0.0001252592439329262)	(24, 0.00012383584343368838)	(26, 8.113382845655445e-05)	(28, 0.12548271781130652)	(30, 0.10062302809211837)	(32, 0.0001679612589100601)	(34, 0.00019073566689786488)	(36, 8.540402995426785e-05)	(38, 0.10508681205772812)	(40, 0.009172392817088367)	(42, 9.252103245045684e-05)	(44, 0.12540585418434766)	(46, 0.1253802329753614)	(48, 0.000119565641935975)	(50, 0.00022916748037728538)	(52, 0.10069419811708027)	(54, 0.0002718694953544193)	(56, 0.10065576630360085)	(58, 0.0001736548609070113)	(60, 0.10064580250010617)	(62, 0.0001622676569131089)	(64, 0.0007330512571074657)	(66, 0.0009195167225076172)	(68, 0.12654884478523562)	(70, 0.00015372725391768211)	(72, 0.00010960183844131041)	(74, 0.0002804098983498461)	(76, 0.00025194188836509014)	(78, 0.0028539180009717843)	(80, 0.0001793484629039625)	(82, 0.0001708080599085357)	(84, 0.0028097925854954123)	(86, 0.0028055223839976986)	(88, 0.00018504206490091367)	(90, 0.00015942085591463332)	(92, 0.005798933633894787)	(94, 0.00023201428137576097)	(96, 0.007793117733326941)	(98, 0.10357089052603985)	(100, 0.0002334376818749988)
SRR26064257_1	(1, 0.00012367326627481224)	(2, 0.20258831464802846)	(3, 0.00010354040897426141)	(4, 4.601795954411618e-05)	(5, 1.725673482904357e-05)	(6, 1.725673482904357e-05)	(7, 3.1637347186579876e-05)	(8, 1.725673482904357e-05)	(9, 0.22999200955654964)	(10, 4.314183707260892e-05)	(12, 2.157091853630446e-05)	(14, 0.10129703344648575)	(16, 7.765530673069605e-05)	(18, 0.10133586109985109)	(20, 0.10134017528355835)	(22, 0.0001265493887463195)	(24, 0.005901803311532901)	(26, 0.10416884173428574)	(28, 0.10136749844703767)	(30, 0.10131572824255056)	(32, 0.10134592752850137)	(34, 0.10136462232456618)	(36, 0.10138906936557397)	(38, 0.00017975765446920383)	(40, 0.0001452441848111167)	(42, 0.10140201191669576)	(44, 0.00016537704211166753)	(46, 0.10143652538635384)	(48, 0.00041272357466129195)	(50, 0.00019126214435523286)	(52, 0.0001840718381764647)	(54, 0.10145522018241865)	(56, 0.00028042194097195795)	(58, 0.00023728010389934906)	(60, 0.00022289949154181277)	(62, 0.10147535303971919)	(64, 0.0003106212269227842)	(66, 0.0003163734718657987)	(68, 0.00026172714490716077)	(70, 0.0002904883696222334)	(72, 0.00020420469547701554)	(74, 0.10169393834755375)	(76, 0.00035951530893840765)	(78, 0.20974410735713853)	(80, 0.0038065480910398604)	(82, 0.20269185505700274)	(84, 0.00020851887918427645)	(86, 0.10176727947057718)	(88, 0.20267316026093796)	(90, 0.10167092936778169)	(92, 0.10160621661217278)	(94, 0.20311176893784277)	(96, 0.2186557728351038)	(98, 0.20275656781261164)	(100, 0.20281552832327757)
SRR26064257_2	(1, 0.1835483838866504)	(2, 0.00012942551121782677)	(3, 4.314183707260892e-05)	(4, 0.4377889820004778)	(5, 0.0001438061235753631)	(6, 0.00010066428650275415)	(7, 0.0001553106134613921)	(8, 9.491204155973962e-05)	(9, 0.0002444704100781172)	(10, 9.778816403124688e-05)	(12, 7.909336796644968e-05)	(14, 7.190306178768154e-05)	(16, 0.00011360683762453681)	(18, 0.00013661581739659491)	(20, 0.10140057385546)	(22, 0.00017544347076194294)	(24, 0.00016106285840440662)	(26, 9.491204155973962e-05)	(28, 0.12373510290794965)	(30, 0.10134448946726561)	(32, 0.00023728010389934906)	(34, 0.0003365063291663496)	(36, 9.92262252670005e-05)	(38, 0.10564716868464048)	(40, 0.008986444662224438)	(42, 9.92262252670005e-05)	(44, 0.1235654116821307)	(46, 0.12358842066190277)	(48, 0.00016537704211166753)	(50, 0.00027323163479318983)	(52, 0.10141064028411027)	(54, 0.00045298928926239366)	(56, 0.10136893650827343)	(58, 0.00019989051176975468)	(60, 0.10134161334479411)	(62, 0.0001768815319976966)	(64, 0.0011274400088308466)	(66, 0.0015545441958496747)	(68, 0.1247690689364565)	(70, 0.00017256734829043568)	(72, 0.0001121687763887832)	(74, 0.0002157091853630446)	(76, 0.0002717935735574362)	(78, 0.003388072271435554)	(80, 0.00016681510334742115)	(82, 0.00015243449098988483)	(84, 0.0034844223742310472)	(86, 0.0038669466629415125)	(88, 0.0002157091853630446)	(90, 0.00017975765446920383)	(92, 0.008283232717940913)	(94, 0.0002703555123216826)	(96, 0.010903380289484028)	(98, 0.10572626205260693)	(100, 0.00023008979772058092)
SRR26064258_1	(1, 0.0001010873280047428)	(2, 0.2041280199653419)	(3, 8.622154447463354e-05)	(4, 8.91947011806554e-05)	(5, 4.45973505903277e-05)	(6, 2.6758410354196617e-05)	(7, 1.783894023613108e-05)	(8, 2.9731567060218467e-05)	(9, 0.23401716433097955)	(10, 2.3785253648174774e-05)	(12, 2.52718320011857e-05)	(14, 0.10219780203444193)	(16, 7.730207435656801e-05)	(18, 0.1020833355012601)	(20, 0.1020833355012601)	(22, 0.00011149337647581925)	(24, 0.006139568597935113)	(26, 0.10508622377434215)	(28, 0.10213090600855645)	(30, 0.10206400998267096)	(32, 0.10208184892290709)	(34, 0.10210266101984924)	(36, 0.1021368523219685)	(38, 0.0001858222941263654)	(40, 0.0001412249435360377)	(42, 0.10216509731067569)	(44, 0.00016203704047819062)	(46, 0.10216509731067569)	(48, 0.00041029562543101484)	(50, 0.0001858222941263654)	(52, 0.0001858222941263654)	(54, 0.10217847651585278)	(56, 0.00026015121177691157)	(58, 0.00024379884989379142)	(60, 0.0002021746560094856)	(62, 0.10222604702314914)	(64, 0.0002988022489551956)	(66, 0.00026461094683594437)	(68, 0.00021555386118658388)	(70, 0.00022150017459862757)	(72, 0.0001531175703601251)	(74, 0.10238659748527433)	(76, 0.00025271832001185694)	(78, 0.21127102895155941)	(80, 0.0038026674270019416)	(82, 0.20415180521899007)	(84, 0.00017392966730227802)	(86, 0.10239849011209842)	(88, 0.204141399170519)	(90, 0.10236578538833217)	(92, 0.10234645986974304)	(94, 0.20454426190418495)	(96, 0.2178208931749255)	(98, 0.2042365401851117)	(100, 0.20425586570370086)
SRR26064258_2	(1, 0.18110984074732078)	(2, 0.00011892626824087387)	(3, 4.45973505903277e-05)	(4, 0.4398488030888719)	(5, 0.00015460414871313602)	(6, 9.811417129872094e-05)	(7, 0.00010406048471076461)	(8, 5.9463134120436934e-05)	(9, 0.00020812096942152922)	(10, 0.00011446653318184108)	(12, 9.216785788667724e-05)	(14, 6.243629082645878e-05)	(16, 8.473496612162262e-05)	(18, 0.00012933231671195033)	(20, 0.10211901338173238)	(22, 0.00013081889506496124)	(24, 0.00015014441365410324)	(26, 0.00011000679812280831)	(28, 0.1250836757790451)	(30, 0.10210414759820226)	(32, 0.00012933231671195033)	(34, 0.0002631243684829334)	(36, 0.0001085202197697974)	(38, 0.10667686261206384)	(40, 0.009539373291271094)	(42, 0.00013527863012399401)	(44, 0.12498407502939336)	(46, 0.12493947767880303)	(48, 0.00010703364141678647)	(50, 0.0002467720065998133)	(52, 0.10219780203444193)	(54, 0.000251231741658846)	(56, 0.10212941943020344)	(58, 0.00016946993224324525)	(60, 0.1021100939116143)	(62, 0.00024379884989379142)	(64, 0.0008443765045102044)	(66, 0.0011327727049943235)	(68, 0.12610198195085756)	(70, 0.00020366123436249648)	(72, 0.00016203704047819062)	(74, 0.0001783894023613108)	(76, 0.0002482585849528242)	(78, 0.002886935161547213)	(80, 0.00023487937977572585)	(82, 0.00017392966730227802)	(84, 0.0031262742763819716)	(86, 0.00312330111967595)	(88, 0.0002170404395395948)	(90, 0.00018879545083238725)	(92, 0.006526078969717952)	(94, 0.0003389398644864905)	(96, 0.008659318906288628)	(98, 0.10539245891506241)	(100, 0.00018730887247937633)
SRR26064259_1	(1, 8.169223837958543e-05)	(2, 0.20117479565707722)	(3, 5.616341388596498e-05)	(4, 6.637494368341316e-05)	(5, 2.2975942044258403e-05)	(6, 4.0846119189792715e-05)	(7, 1.7870177145534315e-05)	(8, 1.0211529797448179e-05)	(9, 0.23167663516205494)	(10, 2.4252383268939424e-05)	(12, 3.1911030617025564e-05)	(14, 0.1037146788290071)	(16, 6.126917878468908e-05)	(18, 0.10060399156445947)	(20, 0.10063973191875054)	(22, 0.0001021152979744818)	(24, 0.0062890259140033974)	(26, 0.10364958032654838)	(28, 0.1006627078607948)	(30, 0.100621861741605)	(32, 0.10061420309425691)	(34, 0.10066143141957012)	(36, 0.10066653718446884)	(38, 0.000171043124107257)	(40, 0.00013274988736682633)	(42, 0.10068568380283906)	(44, 0.00014551429961363654)	(46, 0.10068568380283906)	(48, 0.0003650621902587724)	(50, 0.00019529550737619643)	(52, 0.00018125465390470517)	(54, 0.10072525348080415)	(56, 0.0002450767151387563)	(58, 0.0002221007730944979)	(60, 0.00016083159430980884)	(62, 0.10072652992202884)	(64, 0.0002961343641259972)	(66, 0.00028336995187918697)	(68, 0.00023103586166726506)	(70, 0.00019529550737619643)	(72, 0.0001480671820629986)	(74, 0.1009116138996076)	(76, 0.00029868724657535926)	(78, 0.20835733042835733)	(80, 0.0038369823213911533)	(82, 0.2011977715991215)	(84, 0.00012636768124342122)	(86, 0.1009716066371676)	(88, 0.20123861771831128)	(90, 0.10099330613798718)	(92, 0.10084651539714887)	(94, 0.20164580246898453)	(96, 0.21725029644071003)	(98, 0.20131903351546615)	(100, 0.20134583878118448)
SRR26064259_2	(1, 0.185921323022139)	(2, 9.190376817703361e-05)	(3, 4.3399001639154763e-05)	(4, 0.43511839043416567)	(5, 0.00011743259267065406)	(6, 8.169223837958543e-05)	(7, 0.00011487971022129201)	(8, 4.850476653787885e-05)	(9, 0.00018636041880342927)	(10, 8.169223837958543e-05)	(12, 6.25456200093701e-05)	(14, 4.978120776255987e-05)	(16, 6.765138490809419e-05)	(18, 0.00012636768124342122)	(20, 0.10065760209589605)	(22, 9.573309185107668e-05)	(24, 0.0001250912400187402)	(26, 7.148070858213726e-05)	(28, 0.1232084892123357)	(30, 0.1006346261538518)	(32, 0.0001531729469617227)	(34, 0.00024762959758811834)	(36, 6.637494368341316e-05)	(38, 0.10516726894269411)	(40, 0.009390778089978282)	(42, 5.616341388596498e-05)	(44, 0.12311147967925994)	(46, 0.12310382103191185)	(48, 9.318020940171464e-05)	(50, 0.0002323123028919461)	(52, 0.10062696750650373)	(54, 0.0003140045412715315)	(56, 0.1006282439477284)	(58, 0.000171043124107257)	(60, 0.10061292665303223)	(62, 0.00012764412246810226)	(64, 0.0009075497107482069)	(66, 0.0013185637850954962)	(68, 0.12436494496189669)	(70, 0.0001595551530851278)	(72, 8.424512082894748e-05)	(74, 0.0001531729469617227)	(76, 0.00024762959758811834)	(78, 0.0032140790037468144)	(80, 0.00015189650573704168)	(82, 0.00013913209349023143)	(84, 0.0033072592131485295)	(86, 0.0033902278927527953)	(88, 0.0001825310951293862)	(90, 0.00012253835756937816)	(92, 0.007347195689263966)	(94, 0.00023103586166726506)	(96, 0.009694571101452365)	(98, 0.10453543053647703)	(100, 0.0001761488890059811)
SRR26064260_1	(1, 7.072685368673892e-05)	(2, 0.0008722978621364467)	(3, 0.0008457752920039195)	(4, 5.304514026505419e-05)	(5, 0.00020333970434937437)	(6, 4.420428355421183e-05)	(7, 0.0002298622744819015)	(8, 1.4734761184737274e-05)	(9, 5.89390447389491e-06)	(10, 2.946952236947455e-05)	(12, 3.6836902961843186e-05)	(14, 7.662075816063384e-05)	(16, 0.00013703327901805665)	(18, 5.746556862047538e-05)	(20, 0.08459815786605059)	(22, 0.00018860494316463711)	(24, 3.3889950724895735e-05)	(26, 5.746556862047538e-05)	(28, 5.451861638352792e-05)	(30, 7.220032980521265e-05)	(32, 0.00011051070888552957)	(34, 9.577594770079227e-05)	(36, 9.577594770079227e-05)	(38, 0.00013850675513653036)	(40, 0.08480739147487386)	(42, 6.4832949212844e-05)	(44, 0.00022691532224495403)	(46, 0.00010903723276705584)	(48, 0.0001444006596104253)	(50, 0.0001444006596104253)	(52, 0.0002460705117851125)	(54, 0.00019007841928311085)	(56, 0.00015618846855821513)	(58, 0.00013850675513653036)	(60, 0.00015618846855821513)	(62, 0.0002048131804678481)	(64, 0.00041699374152806486)	(66, 0.00028143393862848195)	(68, 0.00021218056106021675)	(70, 0.0003271116983011675)	(72, 0.00022249489388953287)	(74, 0.0012421403678733523)	(76, 0.0006940072518011257)	(78, 0.0002048131804678481)	(80, 0.00035068731619674714)	(82, 0.00026669917744374466)	(84, 0.0001326128506626355)	(86, 0.0002799604625100082)	(88, 0.00011935156559637192)	(90, 0.000291748271457798)	(92, 0.0004582510728453293)	(94, 0.00040078550422485384)	(96, 0.00033889950724895734)	(98, 0.00014292718349195155)	(100, 0.0002534378923774811)
SRR26064260_2	(1, 0.00015324151632126767)	(2, 5.304514026505419e-05)	(3, 7.367380592368637e-05)	(4, 4.125733131726437e-05)	(5, 0.00012671894618874056)	(6, 0.0002475439879035862)	(7, 0.00013555980289958294)	(8, 0.0002888013192208506)	(9, 7.956771039758127e-05)	(10, 0.0002357561789557964)	(12, 0.00016797627750600493)	(14, 0.0009724942381926601)	(16, 0.000621806921995913)	(18, 0.0001502945640843202)	(20, 0.00015176804020279394)	(22, 0.004974455375967304)	(24, 0.002638995728186446)	(26, 0.00011493113724095076)	(28, 0.0002048131804678481)	(30, 0.0001326128506626355)	(32, 0.00027848698639153447)	(34, 0.00015324151632126767)	(36, 0.08468067252868512)	(38, 0.00012082504171484564)	(40, 0.11553673592564345)	(42, 0.0007603136771324434)	(44, 0.0009459716680601329)	(46, 0.00015618846855821513)	(48, 0.0847101420510546)	(50, 0.00016208237303211)	(52, 0.001822689958552001)	(54, 0.0009769146665480814)	(56, 0.0003005891281686404)	(58, 0.0001989192759939532)	(60, 0.0001444006596104253)	(62, 0.00035658122067064204)	(64, 0.0014690556901183064)	(66, 0.0013497041245219344)	(68, 0.001141943991817139)	(70, 0.0002048131804678481)	(72, 0.00030942998487948277)	(74, 0.00043172850271280214)	(76, 0.0003315321266565887)	(78, 0.0016782892989415756)	(80, 0.0003801568385662217)	(82, 0.0002534378923774811)	(84, 0.004837422096949247)	(86, 0.004800585193987404)	(88, 0.00043172850271280214)	(90, 0.0003167973654718514)	(92, 0.0048934141894512485)	(94, 0.0014941047841323595)	(96, 0.007519148632571431)	(98, 0.003042728184648247)	(100, 0.0004715123579115928)
SRR26064261_1	(1, 4.177299828665727e-05)	(2, 0.0003132974871499295)	(3, 0.0003086560428958565)	(4, 8.586671870035106e-05)	(5, 0.000157809104638483)	(6, 5.337660892183984e-05)	(7, 0.0002181478799414324)	(8, 1.856577701629212e-05)	(9, 1.856577701629212e-05)	(10, 2.668830446091992e-05)	(12, 2.5527943397401663e-05)	(14, 6.730094168405893e-05)	(16, 0.00013808296655867263)	(18, 5.569733104887636e-05)	(20, 0.08232413637342982)	(22, 0.00019726138079810375)	(24, 3.3650470842029466e-05)	(26, 5.917841423943113e-05)	(28, 5.2216247858321584e-05)	(30, 6.381985849350416e-05)	(32, 0.00010211177358960665)	(34, 8.238563550979628e-05)	(36, 0.00011255502316127098)	(38, 0.0001508469382573735)	(40, 0.08253184100379958)	(42, 0.00012183791166941703)	(44, 0.00020886499143328634)	(46, 0.00011255502316127098)	(48, 0.0001392433276221909)	(50, 0.00017057307633718384)	(52, 0.0002889299048160461)	(54, 0.00017521452059125688)	(56, 0.0001554883825114465)	(58, 0.00012880007805052659)	(60, 0.00017521452059125688)	(62, 0.0002425154622753158)	(64, 0.000346947957991959)	(66, 0.00028196773843493656)	(68, 0.00017057307633718384)	(70, 0.0003249010977851121)	(72, 0.0002309118516401332)	(74, 0.0007113013319366918)	(76, 0.00039336240053268923)	(78, 0.00017521452059125688)	(80, 0.00039916420585028054)	(82, 0.0002309118516401332)	(84, 9.747032933553362e-05)	(86, 0.00029937315438771043)	(88, 0.00010559285678016143)	(90, 0.00035507048543658673)	(92, 0.0005244832007102524)	(94, 0.00045486153689915695)	(96, 0.00032142001459455733)	(98, 0.00014620549400330045)	(100, 0.00027616593311734526)
SRR26064261_2	(1, 0.00016245054889255605)	(2, 8.818744082738756e-05)	(3, 7.194238593813197e-05)	(4, 6.498021955702242e-05)	(5, 0.00013228116124108135)	(6, 0.00024599654546587056)	(7, 0.00012996043911404483)	(8, 0.00022511004632254196)	(9, 7.194238593813197e-05)	(10, 0.0002181478799414324)	(12, 0.00014852621613033697)	(14, 0.001117427704168082)	(16, 0.000667207611522998)	(18, 0.00010443249571664317)	(20, 0.00013808296655867263)	(22, 0.005196096842434756)	(24, 0.0027372917488395695)	(26, 9.630996827201536e-05)	(28, 0.00020306318611569506)	(30, 0.0001473658550668187)	(32, 0.00024019474014827928)	(34, 0.0001311208001775631)	(36, 0.08244133284084515)	(38, 0.00012880007805052659)	(40, 0.1157912701674234)	(42, 0.0005035967015669237)	(44, 0.00039336240053268923)	(46, 0.00012299827273293528)	(48, 0.0824761436727507)	(50, 0.00019842174186162202)	(52, 0.0019018317831064238)	(54, 0.0009398924614497884)	(56, 0.0002784866552443818)	(58, 0.0001821766869723664)	(60, 0.00010559285678016143)	(62, 0.00046646514753433945)	(64, 0.0009445339057038615)	(66, 0.0011185880652316)	(68, 0.001420281941746347)	(70, 0.00017985596484532988)	(72, 0.00024715690652938883)	(74, 0.0004339750377558283)	(76, 0.000275005572053827)	(78, 0.0019180768379956795)	(80, 0.000428173232438237)	(82, 0.00021234607462384113)	(84, 0.005454857359599328)	(86, 0.00561382682530133)	(88, 0.0003272218199121486)	(90, 0.0003028542375782652)	(92, 0.0058331350663062805)	(94, 0.0011116258988504905)	(96, 0.008723594475530259)	(98, 0.00336272636207591)	(100, 0.00043861648200990136)
SRR26064262_1	(1, 4.645812543322202e-05)	(2, 0.00026163260112393457)	(3, 0.00025918743662744917)	(4, 6.357427690861961e-05)	(5, 0.00017849700824343196)	(6, 2.9341973957824434e-05)	(7, 0.00021761964018719788)	(8, 1.7116151475397587e-05)	(9, 2.4451644964853694e-05)	(10, 3.545488519903786e-05)	(12, 2.567422721309638e-05)	(14, 5.62387834191635e-05)	(16, 0.00014915503428560755)	(18, 5.257103667443545e-05)	(20, 0.07908028756308158)	(22, 0.00017849700824343196)	(24, 3.1787138454309804e-05)	(26, 4.890328992970739e-05)	(28, 6.601944140510498e-05)	(30, 8.191301063225988e-05)	(32, 0.00011614531358305505)	(34, 0.0001051420733488709)	(36, 9.65839976111721e-05)	(38, 0.00013448404730669533)	(40, 0.07931991368373714)	(42, 9.65839976111721e-05)	(44, 0.00023351320941435277)	(46, 8.802592187347331e-05)	(48, 0.00014793245203736485)	(50, 0.00015037761653385022)	(52, 0.0002408487029038089)	(54, 0.00017360667925046122)	(56, 0.00014426470529263678)	(58, 0.00012714855381723922)	(60, 0.0001846099194846454)	(62, 0.000224955133676654)	(64, 0.0003667746744728054)	(66, 0.0003288746247772822)	(68, 0.0002151744756907125)	(70, 0.0003533262697421359)	(72, 0.00024207128515205158)	(74, 0.0006479685915686228)	(76, 0.0004425747738638519)	(78, 0.0001931679952223442)	(80, 0.0003349875360184956)	(82, 0.00032153913128782607)	(84, 0.00013081630056196728)	(86, 0.0002897519928335163)	(88, 0.00013203888281020996)	(90, 0.00028852941058527356)	(92, 0.000519597455503141)	(94, 0.0004034521419200859)	(96, 0.0002958649040747297)	(98, 0.00018827766622937347)	(100, 0.0002738584236063614)
SRR26064262_2	(1, 0.00016138085676803437)	(2, 6.112911241213424e-05)	(3, 5.134845442619276e-05)	(4, 2.6896809461339064e-05)	(5, 0.000112477566838327)	(6, 0.0002567422721309638)	(7, 9.047108636995867e-05)	(8, 0.00031787138454309805)	(9, 7.335493489456109e-05)	(10, 0.0002078389822012564)	(12, 0.0001369292118031807)	(14, 0.0008264655998120549)	(16, 0.0005318232779855678)	(18, 0.00010636465559711356)	(20, 0.00013081630056196728)	(22, 0.004272924957608183)	(24, 0.0023057901201857032)	(26, 8.435817512874524e-05)	(28, 0.00018827766622937347)	(30, 0.00010880982009359894)	(32, 0.00021150672894598444)	(34, 0.00010147432660414284)	(36, 0.07915608766247262)	(38, 0.0001039194911006282)	(40, 0.11367080711261186)	(42, 0.0003997843951753579)	(44, 0.0003508811052456505)	(46, 0.0001283711360654819)	(48, 0.07914875216898316)	(50, 0.00017116151475397588)	(52, 0.0014915503428560755)	(54, 0.0008619204850110928)	(56, 0.0003790004969552322)	(58, 0.00018827766622937347)	(60, 0.0001198130603277831)	(62, 0.0002322906271661101)	(64, 0.0008778140542382477)	(66, 0.0011333337441209687)	(68, 0.0013118307523644008)	(70, 0.0001907228307258588)	(72, 0.00030075523306770044)	(74, 0.0003948940661823871)	(76, 0.0004511328496015507)	(78, 0.0018485443593429394)	(80, 0.0003203165490395834)	(82, 0.00022128738693192595)	(84, 0.004579793101917097)	(86, 0.004684935175265968)	(88, 0.0002799713348475748)	(90, 0.0002836390815923029)	(92, 0.005402590954984424)	(94, 0.0006932041347536023)	(96, 0.008027475041961468)	(98, 0.0033083075637447053)	(100, 0.00039856181292711524)
SRR26064263_1	(1, 0.17070641530264355)	(2, 0.00013524345891033232)	(3, 0.0003076125732078147)	(4, 6.36439806636858e-05)	(5, 9.281413846787511e-05)	(6, 9.54659709955287e-05)	(7, 7.690314330195367e-05)	(8, 6.36439806636858e-05)	(9, 7.159947824664653e-05)	(10, 0.000168391365506002)	(12, 0.08525376393153478)	(14, 0.00011005104989762335)	(16, 0.00013524345891033232)	(18, 0.00023070942990586102)	(20, 0.0002413167600164753)	(22, 0.0002863979129865861)	(24, 0.0003062866569439879)	(26, 0.10327296595694083)	(28, 0.00041633770684161125)	(30, 0.0003937971303565559)	(32, 0.0004110340417863041)	(34, 0.000542299751905156)	(36, 0.12255576618177379)	(38, 0.0005714699097093453)	(40, 0.0005502552494881168)	(42, 0.0006085955650964954)	(44, 0.0006430693879559919)	(46, 0.0007093652011473313)	(48, 0.008717899434661128)	(50, 0.007967430829335166)	(52, 0.002345545870709587)	(54, 0.003025740914052729)	(56, 0.005365983119707009)	(58, 0.0007438390240068277)	(60, 0.0007146688662026384)	(62, 0.0006231806439985901)	(64, 0.000692128289717583)	(66, 0.0006642840481772205)	(68, 0.0006470471367474723)	(70, 0.0006165510626794561)	(72, 0.0007279280288409063)	(74, 0.00758556694535305)	(76, 0.004175310314790553)	(78, 0.0006881505409261026)	(80, 0.00048793718508825774)	(82, 0.0006192028952071096)	(84, 0.0005767735747646525)	(86, 0.0005794254072923061)	(88, 0.0006085955650964954)	(90, 0.0005144555103647935)	(92, 0.0005210850916839275)	(94, 0.0004972185989350452)	(96, 0.0006178769789432829)	(98, 0.00043622645079901303)	(100, 0.00045081152970110776)
SRR26064263_2	(1, 0.0003579973912332326)	(2, 0.0005277146730030614)	(3, 6.36439806636858e-05)	(4, 1.8562827693575024e-05)	(5, 0.0046672252486702915)	(6, 0.004767994884721127)	(7, 0.00010607330110614299)	(8, 7.955497582960724e-05)	(9, 8.220680835726083e-05)	(10, 0.00013524345891033232)	(12, 0.00010607330110614299)	(14, 7.159947824664653e-05)	(16, 0.0001670654492421752)	(18, 0.00016441361671452165)	(20, 0.00013259162638267874)	(22, 0.0001485026215486002)	(24, 0.00015380628660390734)	(26, 0.10305551568967322)	(28, 0.00022673168111438062)	(30, 0.0002519240901270896)	(32, 0.00013789529143798588)	(34, 0.0001975615233101913)	(36, 0.0001471767052847734)	(38, 0.00017369503056130915)	(40, 0.00016176178418686807)	(42, 0.0001789986956166163)	(44, 0.00016971728176982877)	(46, 0.00018695419319957702)	(48, 0.00046539660860320237)	(50, 0.0009228377196234441)	(52, 0.00018562827693575023)	(54, 0.00019623560704636452)	(56, 0.00021479843473993956)	(58, 0.00045876702728406846)	(60, 0.0002452945088079557)	(62, 0.00020551702089315204)	(64, 0.00032484948463756293)	(66, 0.00021612435100376636)	(68, 0.0002545759226547432)	(70, 0.0002996570756248539)	(72, 0.008397027698815044)	(74, 0.004299946443590271)	(76, 0.0003579973912332326)	(78, 0.0003062866569439879)	(80, 0.0004667225248670292)	(82, 0.000417663623105438)	(84, 0.00041368587431395767)	(86, 0.0004295968694798791)	(88, 0.00038318980024594154)	(90, 0.0018443495229830613)	(92, 0.000505174096518006)	(94, 0.0017064542315450755)	(96, 0.0006006400675135347)	(98, 0.0006443953042198187)	(100, 0.0005834031560837864)
SRR26064264_1	(1, 0.17333816269238103)	(2, 0.00016080255483099116)	(3, 0.0003006308633796791)	(4, 8.855792874750238e-05)	(5, 9.787981598408158e-05)	(6, 0.00011419311864809517)	(7, 0.00010254075960237116)	(8, 7.923604151092318e-05)	(9, 8.622745693835758e-05)	(10, 0.00018527250882701156)	(12, 0.08658052341744302)	(14, 0.00011768882636181238)	(16, 0.00017362014978128756)	(18, 0.0002796566170973759)	(20, 0.00025052571948306593)	(22, 0.00036821454584487826)	(24, 0.0003775364330814575)	(26, 0.10489803183732115)	(28, 0.00040200638707747787)	(30, 0.00041132827431405707)	(32, 0.0004614334182106703)	(34, 0.0005418346956261659)	(36, 0.12037003417823347)	(38, 0.0006280621525645235)	(40, 0.0005989312549502134)	(42, 0.0006700106451291299)	(44, 0.000749246686640053)	(46, 0.0007970213587275214)	(48, 0.008725286453438128)	(50, 0.008089067649541598)	(52, 0.002434177804651743)	(54, 0.003168276424532355)	(56, 0.005617602295943539)	(58, 0.0007445857430217634)	(60, 0.0007772123483497906)	(62, 0.0007340986198806118)	(64, 0.0007236114967394602)	(66, 0.0007562381020674874)	(68, 0.0007387595634989014)	(70, 0.000656027814274261)	(72, 0.000743420507117191)	(74, 0.00772085310369672)	(76, 0.004228641097693239)	(78, 0.0007224462608348878)	(80, 0.0005488261110536002)	(82, 0.0006828282400794262)	(84, 0.0006397145116102474)	(86, 0.0005744613009541931)	(88, 0.0006105836139959374)	(90, 0.0005511565828627451)	(92, 0.0004963904953478423)	(94, 0.0005301823365804418)	(96, 0.0005208604493438626)	(98, 0.0003740407253677403)	(100, 0.0005080428543935663)
SRR26064264_2	(1, 0.0003752059612723127)	(2, 0.0005849484240953446)	(3, 6.758368246519917e-05)	(4, 2.7965661709737593e-05)	(5, 0.004882338440158354)	(6, 0.0049755573125241466)	(7, 9.088840055664716e-05)	(8, 0.00011419311864809517)	(9, 9.321887236579198e-05)	(10, 0.00012468024178924675)	(12, 9.904505188865398e-05)	(14, 4.544420027832358e-05)	(16, 0.00018410727292243913)	(18, 0.00022256005777332834)	(20, 0.00016895920616299793)	(22, 0.00015148066759441194)	(24, 0.00016546349844928074)	(26, 0.10465216706145636)	(28, 0.00017711585749500476)	(30, 0.0002738304375745139)	(32, 0.00014798495988069477)	(34, 0.00018993345244530115)	(36, 0.00014099354445326037)	(38, 0.00017828109339957716)	(40, 0.00018527250882701156)	(42, 0.00016895920616299793)	(44, 0.00015963731892641877)	(46, 0.00018876821654072875)	(48, 0.0003833626126043195)	(50, 0.0009461715545127884)	(52, 0.0002470300117693487)	(54, 0.00020042057558645275)	(56, 0.00020508151920474232)	(58, 0.00029830039157053434)	(60, 0.0003017960992842515)	(62, 0.00023304718091447996)	(64, 0.0002446995399602039)	(66, 0.00022256005777332834)	(68, 0.0003087875147116859)	(70, 0.0003204398737574099)	(72, 0.008411837995108152)	(74, 0.00429739001606301)	(76, 0.0004404591719283671)	(78, 0.0003519012431808647)	(80, 0.0004357982283100775)	(82, 0.0005138690339164282)	(84, 0.0004159892179323467)	(86, 0.0004917295517295527)	(88, 0.0004323025205963603)	(90, 0.0013912916700594452)	(92, 0.000586113659999917)	(94, 0.0019074911757850184)	(96, 0.000696811070934295)	(98, 0.0006338883320873855)	(100, 0.0006478711629422543)
SRR26064265_1	(1, 0.1679675378534543)	(2, 0.00015596952402058704)	(3, 0.0003165948547283558)	(4, 4.888597021540788e-05)	(5, 8.380452036927065e-05)	(6, 8.61324237128615e-05)	(7, 6.052548693336213e-05)	(8, 5.586968024618043e-05)	(9, 7.914871368208895e-05)	(10, 0.00020718339757958576)	(12, 0.08388366908295274)	(14, 9.544403708722491e-05)	(16, 0.00016877299241033672)	(18, 0.0002164950109539492)	(20, 0.00023744614104626683)	(22, 0.0003224146130873329)	(24, 0.0003212506614155375)	(26, 0.10473353537982419)	(28, 0.00042018655351814865)	(30, 0.00033638203314887804)	(32, 0.00040621913345660355)	(34, 0.00048303994379510164)	(36, 0.12068549304178051)	(38, 0.0005505491407592364)	(40, 0.0005505491407592364)	(42, 0.0006285339027695298)	(44, 0.0006750919696413469)	(46, 0.0007123384231388006)	(48, 0.008522454140886107)	(50, 0.008095283877337187)	(52, 0.0023802811688216456)	(54, 0.0031310299971296952)	(56, 0.005585804072946248)	(58, 0.0006995349547490508)	(60, 0.0006948791480618691)	(62, 0.0006331897094567116)	(64, 0.0006797477763285287)	(66, 0.0006436652745028704)	(68, 0.0007018628580926417)	(70, 0.0006308618061131207)	(72, 0.0008077824602260254)	(74, 0.00731310835389066)	(76, 0.004019125122709605)	(78, 0.0006832396313439148)	(80, 0.0005994351109746442)	(82, 0.0006331897094567116)	(84, 0.0005726642225233494)	(86, 0.0005179584939489644)	(88, 0.0005610247058053952)	(90, 0.0005074829289028057)	(92, 0.00047838413710791995)	(94, 0.00047489228209253366)	(96, 0.0005354177690258958)	(98, 0.00045044929698482975)	(100, 0.000516794542277169)
SRR26064265_2	(1, 0.00028167630457449303)	(2, 0.0005400735757130775)	(3, 3.9574356841044477e-05)	(4, 3.259064681027192e-05)	(5, 0.004911876054976697)	(6, 0.00497472944525365)	(7, 0.00010242774711799746)	(8, 0.00010941145714877002)	(9, 9.078823040004321e-05)	(10, 0.0001454939589744282)	(12, 9.078823040004321e-05)	(14, 7.798476201029352e-05)	(16, 0.00018739621915906353)	(18, 0.00018274041247188185)	(20, 0.00016993694408213217)	(22, 0.00016993694408213217)	(24, 0.00016528113739495046)	(26, 0.10456476238741386)	(28, 0.0002258066243283126)	(30, 0.0003177588064001512)	(32, 0.00015131371733340536)	(34, 0.0001862322674872681)	(36, 0.00014200210395904194)	(38, 0.00020601944590779034)	(40, 0.0001582974273641779)	(42, 0.00016178928237956417)	(44, 0.00016877299241033672)	(46, 0.0001711008957539276)	(48, 0.0005400735757130775)	(50, 0.0008624881888004104)	(52, 0.0002153310592821538)	(54, 0.0002211508176411309)	(56, 0.0002036915425641995)	(58, 0.00040621913345660355)	(60, 0.0002677088845129479)	(62, 0.0002258066243283126)	(64, 0.00020485549423599492)	(66, 0.00019554388086163153)	(68, 0.0002595612228103799)	(70, 0.0002933158212924473)	(72, 0.008193055817768002)	(74, 0.004216996906914827)	(76, 0.0003934156650668539)	(78, 0.00032008670974374205)	(80, 0.00042018655351814865)	(82, 0.0004108749401437853)	(84, 0.0004085470368001944)	(86, 0.00043880978026687554)	(88, 0.0004143667951591715)	(90, 0.001880945901621408)	(92, 0.00044695744196944346)	(94, 0.001943799291898361)	(96, 0.0006355176128003024)	(98, 0.0005784839808823266)	(100, 0.0005470572857438501)
SRR26064266_1	(1, 0.00011989493777880925)	(2, 4.567426201097496e-05)	(3, 3.140105513254528e-05)	(4, 5.1383544762346824e-05)	(5, 0.1787633522282046)	(6, 5.709282751371869e-05)	(7, 0.1787890440005858)	(8, 4.852890338666089e-05)	(9, 5.1383544762346824e-05)	(10, 2.5691772381173412e-05)	(12, 0.10444847329497266)	(14, 4.710158269881792e-05)	(16, 0.19458662937363172)	(18, 6.422943095293353e-05)	(20, 0.00010847637227606552)	(22, 0.00015843259635056937)	(24, 0.00015557795497488344)	(26, 0.00010133976883685067)	(28, 9.420316539763585e-05)	(30, 0.12443809952821343)	(32, 0.00011418565502743738)	(34, 0.00010562173090037959)	(36, 0.00015129599291135453)	(38, 0.0001698511618533131)	(40, 0.10713469082949312)	(42, 0.00020267953767370134)	(44, 0.00017698776529252795)	(46, 0.00022408934799134588)	(48, 0.00023265327211840367)	(50, 0.00024264451693330446)	(52, 0.00024264451693330446)	(54, 0.00020838882042507325)	(56, 0.00033399304095525436)	(58, 0.0002697636100023208)	(60, 0.0002440718376211474)	(62, 0.00024978112037251927)	(64, 0.0003468389271458411)	(66, 0.0002412171962454615)	(68, 0.00016842384116547013)	(70, 0.0003097285892619239)	(72, 0.23024680943870046)	(74, 0.1251089402514996)	(76, 0.12508039383774275)	(78, 0.0003354203616430973)	(80, 0.10558462056249565)	(82, 0.00028546413756859343)	(84, 0.0005380998993167987)	(86, 0.0005580823889466003)	(88, 0.00038252194434191525)	(90, 0.008646708726952695)	(92, 0.008401209568643705)	(94, 0.008631008199386423)	(96, 0.0006066112923332611)	(98, 0.0003839492650297582)	(100, 0.00022266202730350293)
SRR26064266_2	(1, 0.0002740455720658497)	(2, 0.0002055341790493873)	(3, 8.278459989489212e-05)	(4, 0.00018555168941958574)	(5, 0.00016842384116547013)	(6, 0.000305446627198395)	(7, 0.0001484413515356686)	(8, 6.851139301646243e-05)	(9, 9.134852402194992e-05)	(10, 0.0001698511618533131)	(12, 0.00018126972735605686)	(14, 0.00011418565502743738)	(16, 0.00015985991703841234)	(18, 0.0003425569650823122)	(20, 0.10373338563036333)	(22, 0.00016699652047762718)	(24, 0.00019126097217095762)	(26, 0.00012845886190586707)	(28, 0.00021267078248860213)	(30, 0.00013416814465723893)	(32, 0.00022266202730350293)	(34, 0.10422866590904484)	(36, 0.00018269704804389983)	(38, 0.00017556044460468497)	(40, 0.0002397898755576185)	(42, 0.0001441593894721397)	(44, 0.0001484413515356686)	(46, 0.0001398774274086108)	(48, 0.00022123470661565992)	(50, 0.0003282837582038825)	(52, 0.00018697901010742871)	(54, 0.000349693568521527)	(56, 0.00013416814465723893)	(58, 0.00026405432725094894)	(60, 0.12494479837239768)	(62, 0.0001270315412180241)	(64, 0.0007593346059324587)	(66, 0.10467684460502753)	(68, 0.0007992995851920616)	(70, 0.0002397898755576185)	(72, 0.0001784150859803709)	(74, 0.0011247287020202583)	(76, 0.0007350701542391282)	(78, 0.10621692362721011)	(80, 0.0006408669888414923)	(82, 0.00022408934799134588)	(84, 0.0021024433731926906)	(86, 0.002330814683247566)	(88, 0.00023693523418193255)	(90, 0.0002512084410603622)	(92, 0.006257373895503568)	(94, 0.0005109808062477823)	(96, 0.007290754073501877)	(98, 0.0031657972856357014)	(100, 0.000262627006563106)
SRR26064267_1	(1, 0.00010545178709143584)	(2, 3.8079812005240715e-05)	(3, 4.39382446214316e-05)	(4, 3.8079812005240715e-05)	(5, 0.18098455881198486)	(6, 6.444275877809968e-05)	(7, 0.18096991273044438)	(8, 3.222137938904984e-05)	(9, 5.272589354571792e-05)	(10, 2.343373046476352e-05)	(12, 0.10410727680602004)	(14, 3.222137938904984e-05)	(16, 0.1975258433037998)	(18, 5.419050169976564e-05)	(20, 7.3230407702386e-05)	(22, 0.00013327934201834253)	(24, 0.0001391377746345334)	(26, 9.227031370500636e-05)	(28, 8.934109739691093e-05)	(30, 0.12403327074183926)	(32, 0.00012742090940215164)	(34, 8.934109739691093e-05)	(36, 0.00013474395017239023)	(38, 0.00018454062741001272)	(40, 0.10528482176187438)	(42, 0.00020065131710453763)	(44, 0.00020065131710453763)	(46, 0.0002548418188043033)	(48, 0.00022847887203144432)	(50, 0.00024605416988001695)	(52, 0.00031635536127430755)	(54, 0.000292921630809544)	(56, 0.0003749396874362163)	(58, 0.0002607002514204942)	(60, 0.00022994348018549204)	(62, 0.0002533772106502556)	(64, 0.0003544351732795482)	(66, 0.0002548418188043033)	(68, 0.00020797435787477624)	(70, 0.0003046384960419257)	(72, 0.22998888303826753)	(74, 0.12309885073955681)	(76, 0.1229846113035411)	(78, 0.00038958576897669354)	(80, 0.10740996819339763)	(82, 0.00026362946772858956)	(84, 0.0006034185594676607)	(86, 0.0005082190294545589)	(88, 0.00039105037713074123)	(90, 0.009323695508667785)	(92, 0.008988300241390856)	(94, 0.009275363439584211)	(96, 0.0006898304405564761)	(98, 0.00028266937373121)	(100, 0.00019918670895048993)
SRR26064267_2	(1, 0.00031928457758240294)	(2, 0.00022262043941525346)	(3, 4.9796677237622484e-05)	(4, 0.0001611068969452492)	(5, 0.00016696532956144008)	(6, 0.0003075677123500212)	(7, 0.00017282376217763094)	(8, 6.444275877809968e-05)	(9, 9.959335447524497e-05)	(10, 0.00018893445187215588)	(12, 0.00014939003171286744)	(14, 0.00012156247678596076)	(16, 0.00018454062741001272)	(18, 0.00036175821404978685)	(20, 0.10336179125560975)	(22, 0.00019772210079644219)	(24, 0.0001757529784857264)	(26, 0.00012595630124810392)	(28, 0.00020504514156668077)	(30, 0.00011277482786167444)	(32, 0.00021383279049096713)	(34, 0.10392273617861002)	(36, 0.00014939003171286744)	(38, 0.00018746984371810816)	(40, 0.000219691223107158)	(42, 0.00012742090940215164)	(44, 0.0001537838561750106)	(46, 0.00013620855832643795)	(48, 0.00015817768063715378)	(50, 0.0003075677123500212)	(52, 0.00022701426387739662)	(54, 0.00031342614496621205)	(56, 0.00014499620725072428)	(58, 0.00023580191280168293)	(60, 0.12282936283921203)	(62, 0.00015817768063715378)	(64, 0.0007835653624155303)	(66, 0.10440166304498362)	(68, 0.0007030119139429056)	(70, 0.00020504514156668077)	(72, 0.0001303501257102471)	(74, 0.0011702219150841282)	(76, 0.0006605382774755217)	(78, 0.10623681706200541)	(80, 0.0006239230736243287)	(82, 0.00024751877803406465)	(84, 0.0025835687837401783)	(86, 0.0024927630781892193)	(88, 0.00020211592525858535)	(90, 0.0002431249535719215)	(92, 0.006611241207371408)	(94, 0.0007864945787236257)	(96, 0.007298142431619788)	(98, 0.003438899945704047)	(100, 0.0002782755492690668)
SRR26064268_1	(1, 7.448851328829736e-05)	(2, 2.590904810027734e-05)	(3, 3.562494113788135e-05)	(4, 6.15339892381587e-05)	(5, 0.17730857067424802)	(6, 5.829535822562402e-05)	(7, 0.17732476382931067)	(8, 3.886357215041602e-05)	(9, 4.534083417548535e-05)	(10, 4.210220316295069e-05)	(12, 0.10600039304025968)	(14, 5.343741170682202e-05)	(16, 0.19439072994986212)	(18, 7.772714430083204e-05)	(20, 9.230098385723804e-05)	(22, 0.00015869291961419872)	(24, 0.0001424997645515254)	(26, 0.00012144866297005005)	(28, 9.06816683509707e-05)	(30, 0.12313922835859314)	(32, 0.00015545428860166407)	(34, 0.00011497140094498072)	(36, 0.00011659071645124804)	(38, 0.0001619315506267334)	(40, 0.10531866121212113)	(42, 0.00019431786075208008)	(44, 0.00017488607467687207)	(46, 0.0002234655398648921)	(48, 0.0002542325344839714)	(50, 0.00023480074840876342)	(52, 0.0002671870585341101)	(54, 0.00026394842752157545)	(56, 0.0002963347376469221)	(58, 0.0002477552724589021)	(60, 0.0002040337537896841)	(62, 0.0002655677430278428)	(64, 0.00034491420283494213)	(66, 0.00028338021359678345)	(68, 0.00016678949714553538)	(70, 0.00032548241675973413)	(72, 0.22886919570930617)	(74, 0.12325258044403185)	(76, 0.12318294987726237)	(78, 0.00036920393542895215)	(80, 0.10608135881557305)	(82, 0.00024127801043383277)	(84, 0.0006331523629505276)	(86, 0.0005327548015619529)	(88, 0.0003983516145417642)	(90, 0.009233337016736337)	(92, 0.008912712546495406)	(94, 0.009222001808192467)	(96, 0.0005975274218126463)	(98, 0.00033357899429107077)	(100, 0.00011659071645124804)
SRR26064268_2	(1, 0.00025909048100277343)	(2, 0.00025909048100277343)	(3, 8.744303733843604e-05)	(4, 0.00017812470568940675)	(5, 0.00012954524050138672)	(6, 0.0003076699461907934)	(7, 0.0001522156575891294)	(8, 5.505672721308935e-05)	(9, 0.00011659071645124804)	(10, 0.00015059634208286206)	(12, 0.00017812470568940675)	(14, 9.06816683509707e-05)	(16, 0.00017974402119567406)	(18, 0.00028985747562185275)	(20, 0.10356980046535241)	(22, 0.00018460196771447607)	(24, 0.00015707360410793138)	(26, 0.00012144866297005005)	(28, 0.00018460196771447607)	(30, 0.00012144866297005005)	(32, 0.0001991758072708821)	(34, 0.10400863496755086)	(36, 0.00019431786075208008)	(38, 0.0001765053901831394)	(40, 0.00023480074840876342)	(42, 0.00012792592499511938)	(44, 0.00015869291961419872)	(46, 0.00014088044904525806)	(48, 0.00014573839556406007)	(50, 0.0003157665237221301)	(52, 0.0002202269088523574)	(54, 0.0003481528338474768)	(56, 0.00014088044904525806)	(58, 0.00023156211739622874)	(60, 0.12301454106461056)	(62, 0.00012954524050138672)	(64, 0.0007529817104143103)	(66, 0.10451548072101254)	(68, 0.00045988560377992286)	(70, 0.00020727238480221873)	(72, 0.00015545428860166407)	(74, 0.001023407399960955)	(76, 0.0005959081063063789)	(78, 0.10574292187476317)	(80, 0.0006234364699129236)	(82, 0.00022994280188996143)	(84, 0.0021310192062478114)	(86, 0.0023156211739622876)	(88, 0.00019431786075208008)	(90, 0.00025099390347143674)	(92, 0.006096722881096512)	(94, 0.0005975274218126463)	(96, 0.00716709043073922)	(98, 0.0031787163388027765)	(100, 0.00027852226707798144)
SRR26064269_1	(1, 6.237865309814125e-05)	(2, 0.00011881648209169763)	(3, 0.000100994009777943)	(4, 7.426030130731102e-05)	(5, 0.00015743183877149936)	(6, 8.614194951648078e-05)	(7, 0.00021981049186964058)	(8, 2.3763296418339526e-05)	(9, 1.4852060261462203e-05)	(10, 2.2278090392193306e-05)	(12, 2.9704120522924406e-05)	(14, 2.9704120522924406e-05)	(16, 0.00013366854235315984)	(18, 5.198221091511771e-05)	(20, 0.040381266644889585)	(22, 0.00017228389903296157)	(24, 1.6337266287608425e-05)	(26, 4.455618078438661e-05)	(28, 4.901179886282527e-05)	(30, 5.643782899355637e-05)	(32, 0.00013366854235315984)	(34, 9.356797964721188e-05)	(36, 8.02011254118959e-05)	(38, 0.00014109457248389094)	(40, 0.04052533162942577)	(42, 9.059756759491944e-05)	(44, 0.0002257513159742255)	(46, 9.50531856733581e-05)	(48, 0.00013663895440545228)	(50, 0.00014703539658847582)	(52, 0.0002836743509939281)	(54, 0.0002034732255820322)	(56, 0.000175254311085254)	(58, 0.00016634307492837668)	(60, 0.00017228389903296157)	(62, 0.000249514612392565)	(64, 0.0003876387728241635)	(66, 0.00030298202933382897)	(68, 0.00022129569789578683)	(70, 0.00032377491369987605)	(72, 0.00025099981841871123)	(74, 0.0005406149935172241)	(76, 0.00031040805946456004)	(78, 0.00020050281352973975)	(80, 0.0003965500089810408)	(82, 0.000249514612392565)	(84, 0.00014257977851003716)	(86, 0.0003356565619090458)	(88, 0.00012921292427472118)	(90, 0.0003193192956214374)	(92, 0.00047972154644522914)	(94, 0.00047823634041908294)	(96, 0.00032823053177831474)	(98, 0.00014703539658847582)	(100, 0.0002554554364971499)
SRR26064269_2	(1, 0.0001306981303008674)	(2, 5.940824104584881e-05)	(3, 9.50531856733581e-05)	(4, 4.455618078438661e-05)	(5, 0.00014257977851003716)	(6, 0.0002465442003402726)	(7, 0.00010396442183023542)	(8, 0.0002346625521311028)	(9, 0.00010990524593482029)	(10, 0.00014555019056232958)	(12, 0.0001158460700394052)	(14, 0.0009416206205767036)	(16, 0.0005970528225107807)	(18, 0.0001158460700394052)	(20, 0.00010544962785638166)	(22, 0.005192280267407186)	(24, 0.0027684240327365546)	(26, 7.426030130731102e-05)	(28, 0.00015891704479764558)	(30, 9.950880375179675e-05)	(32, 0.00022872172802651793)	(34, 0.0001306981303008674)	(36, 0.0404555269461969)	(38, 0.00011287565798711275)	(40, 0.11610301068192849)	(42, 0.000491603194654399)	(44, 0.0001529762206930607)	(46, 0.00015891704479764558)	(48, 0.040452556534144604)	(50, 0.00012921292427472118)	(52, 0.002088199672761586)	(54, 0.0010945968412697643)	(56, 0.0006698279177919453)	(58, 0.00017079869300681534)	(60, 0.00012624251222242874)	(62, 0.0008168633143804212)	(64, 0.0007797331637267658)	(66, 0.0010871708111390333)	(68, 0.0016664011613360592)	(70, 0.00017970992916369267)	(72, 0.0004351653656608426)	(74, 0.0005569522598048327)	(76, 0.000464869486183767)	(78, 0.0018951228893625772)	(80, 0.0010084548917532836)	(82, 0.0001960471954513011)	(84, 0.00540317952311995)	(86, 0.005496747502767162)	(88, 0.0003802127426934324)	(90, 0.00044407660181771985)	(92, 0.006453220183605328)	(94, 0.0011569754943679057)	(96, 0.009456306768472984)	(98, 0.003990748592254894)	(100, 0.0003950648029548946)
SRR26064270_1	(1, 6.343478918840621e-05)	(2, 0.00047162386744423743)	(3, 0.00046610779881915866)	(4, 0.0001075633381890366)	(5, 0.000179272230315061)	(6, 6.06767548758668e-05)	(7, 0.0002427070195034672)	(8, 2.48223088128546e-05)	(9, 3.3096411750472805e-05)	(10, 2.7580343125394004e-05)	(12, 2.48223088128546e-05)	(14, 0.0001020472695639578)	(16, 0.00011307940681411541)	(18, 5.10236347819789e-05)	(20, 0.0878254656313484)	(22, 0.0001834092817838701)	(24, 3.1717394594203105e-05)	(26, 6.48138063446759e-05)	(28, 4.5507566156900105e-05)	(30, 7.860397790737291e-05)	(32, 0.00012549056122054271)	(34, 8.68780808449911e-05)	(36, 9.92892352514184e-05)	(38, 0.0001227325269080033)	(40, 0.08806265658222677)	(42, 0.00010894235534530632)	(44, 0.00023994898519092783)	(46, 0.0001227325269080033)	(48, 0.00015031287003339732)	(50, 0.000179272230315061)	(52, 0.00029373065428544616)	(54, 0.00019444141903402772)	(56, 0.0001461758185645882)	(58, 0.0001420387670957791)	(60, 0.00020133650481537623)	(62, 0.00026477129400378244)	(64, 0.000468865833131698)	(66, 0.00028269851703528856)	(68, 0.00021926372784688232)	(70, 0.00037509266650535844)	(72, 0.00022615881362823083)	(74, 0.0008232732422930109)	(76, 0.0005074783135072497)	(78, 0.0001613450072835549)	(80, 0.00040681006109956157)	(82, 0.000262013259691243)	(84, 0.0001337646641581609)	(86, 0.00026890834547259155)	(88, 0.0001213535097517336)	(90, 0.00026339227684751273)	(92, 0.000455075661569001)	(94, 0.0003833667694429766)	(96, 0.00024132800234719751)	(98, 0.00019995748765910652)	(100, 0.000248223088128546)
SRR26064270_2	(1, 0.0001213535097517336)	(2, 8.54990636887214e-05)	(3, 5.516068625078801e-05)	(4, 5.516068625078801e-05)	(5, 0.0001296276126893518)	(6, 0.000234432916565849)	(7, 0.0001434177842520488)	(8, 0.00026477129400378244)	(9, 0.0001048053038764972)	(10, 0.00028269851703528856)	(12, 0.00012824859553308213)	(14, 0.0009859972667328356)	(16, 0.0006274528061027136)	(18, 0.00012824859553308213)	(20, 0.00014755483572085793)	(22, 0.0053367963947637395)	(24, 0.0028711137193535158)	(26, 7.72249607511032e-05)	(28, 0.00019306240187775804)	(30, 0.000124111544064273)	(32, 0.00029097261997290674)	(34, 0.00012824859553308213)	(36, 0.08786545712888022)	(38, 0.00013238564700189122)	(40, 0.11366273107121751)	(42, 0.0007239840070415926)	(44, 0.0005378166909451831)	(46, 0.00016410304159609432)	(48, 0.08793440798669369)	(50, 0.0001737561616899822)	(52, 0.002058872614310662)	(54, 0.0010425369701398933)	(56, 0.0005502278453516104)	(58, 0.00018478829894013983)	(60, 0.00010894235534530632)	(62, 0.0007943138820113471)	(64, 0.0011280360338286146)	(66, 0.0012562846293616967)	(68, 0.001857536109495286)	(70, 0.0001668610759086337)	(72, 0.0004909301076320132)	(74, 0.0006081465659149378)	(76, 0.0005047202791947103)	(78, 0.0022367658274694536)	(80, 0.001181817702923133)	(82, 0.0001903043675652186)	(84, 0.005612599826017679)	(86, 0.005847032742583529)	(88, 0.0005074783135072497)	(90, 0.0005088573306635194)	(92, 0.006355890073247048)	(94, 0.0012576636465179666)	(96, 0.009631055819387585)	(98, 0.0038460788488361938)	(100, 0.0003943989066931342)
SRR26064271_1	(1, 6.540495185250805e-05)	(2, 0.0002543525905375313)	(3, 0.0002470853736650304)	(4, 6.782735747667502e-05)	(5, 0.00019379244993335718)	(6, 4.11808956108384e-05)	(7, 0.0002543525905375313)	(8, 2.422405624166965e-06)	(9, 3.149127311417054e-05)	(10, 2.05904478054192e-05)	(12, 2.9068867490003578e-05)	(14, 5.934893779209064e-05)	(16, 0.00013323230932918306)	(18, 5.4504126543756714e-05)	(20, 0.07741766134275203)	(22, 0.0001792580161883554)	(24, 3.6336084362504476e-05)	(26, 5.208172091958974e-05)	(28, 5.692653216792368e-05)	(30, 7.872818278542637e-05)	(32, 0.00012233148402043174)	(34, 0.00010900825308751343)	(36, 0.0001247538896445987)	(38, 0.0001647235824433536)	(40, 0.07765021228267206)	(42, 0.00012959870089293262)	(44, 0.00023133973710794519)	(46, 0.00013323230932918306)	(48, 0.00015018914869835184)	(50, 0.00019137004430919022)	(52, 0.0002931110805242028)	(54, 0.00020832688367835897)	(56, 0.00017077959650377105)	(58, 0.00017077959650377105)	(60, 0.00020590447805419202)	(62, 0.00026646461865836613)	(64, 0.00042513218704130236)	(66, 0.00030158950020878715)	(68, 0.0002349733455441956)	(70, 0.0004033305364237996)	(72, 0.0002446629680408635)	(74, 0.0006455710988404962)	(76, 0.00040211933361171615)	(78, 0.00017804681337627194)	(80, 0.000419076172980885)	(82, 0.0002713094299067001)	(84, 0.00011990907839626476)	(86, 0.0002955334861483697)	(88, 0.00012596509245668217)	(90, 0.0003294471648867072)	(92, 0.00047358029952464166)	(94, 0.0004772139079608921)	(96, 0.0002809990524033679)	(98, 0.0001659347852554371)	(100, 0.0003003782973967037)
SRR26064271_2	(1, 0.00015018914869835184)	(2, 7.993938559750985e-05)	(3, 6.540495185250805e-05)	(4, 6.540495185250805e-05)	(5, 0.000138077120577517)	(6, 0.0002543525905375313)	(7, 0.00010658584746334646)	(8, 0.00025193018491336433)	(9, 0.00010174103621501253)	(10, 0.0002277061286716947)	(12, 0.0001538227571346023)	(14, 0.0009556390187338676)	(16, 0.0005971229863571568)	(18, 0.00011143065871168038)	(20, 0.00011990907839626476)	(22, 0.005024069264522285)	(24, 0.0027021934737582495)	(26, 8.35729940337603e-05)	(28, 0.00019137004430919022)	(30, 0.0001174866727720978)	(32, 0.00025798619897378177)	(34, 0.00010174103621501253)	(36, 0.07752424719021539)	(38, 0.0001308099037050161)	(40, 0.1154845545237238)	(42, 0.0006504159100888301)	(44, 0.0003512488155042099)	(46, 0.0001526115543225188)	(48, 0.07754120402958455)	(50, 0.00016835719087960406)	(52, 0.0019464029190181566)	(54, 0.0009314149624921981)	(56, 0.000519606006383814)	(58, 0.0001804692190004389)	(60, 0.00010416344183917949)	(62, 0.0008756996331363579)	(64, 0.0008781220387605248)	(66, 0.0010864489224388838)	(68, 0.0015854644810172787)	(70, 0.0001647235824433536)	(72, 0.0004929595445179774)	(74, 0.0005038603698267287)	(76, 0.0003076455142692046)	(78, 0.0018955324009106503)	(80, 0.0011579098883518091)	(82, 0.00019621485555752416)	(84, 0.005462524682496506)	(86, 0.005437089423442753)	(88, 0.00048690353045756)	(90, 0.00048326992202130955)	(92, 0.005907036114531144)	(94, 0.0013044654286139107)	(96, 0.008466307656463543)	(98, 0.0034604064341225093)	(100, 0.000414231361732551)
SRR26064272_1	(1, 0.6591389917849818)	(2, 0.1707594063826625)	(3, 7.509843816622785e-05)	(4, 8.954044550588705e-05)	(5, 5.4879627890704966e-05)	(6, 0.22849855172661998)	(7, 4.621442348690945e-05)	(8, 0.2105240293916801)	(9, 0.5430570251902691)	(10, 0.08354990086139642)	(12, 7.509843816622785e-05)	(14, 6.643323376243234e-05)	(16, 0.00018052509174574003)	(18, 0.09592814535221832)	(20, 0.00019641129981936515)	(22, 0.16721389358077615)	(24, 0.00029028434752715)	(26, 0.0838344084059877)	(28, 0.0003393871724819912)	(30, 0.08386184821993306)	(32, 0.11708713030555301)	(34, 0.0005011376546861743)	(36, 0.08398460528232016)	(38, 0.0005459078774391179)	(40, 0.08404526171314672)	(42, 0.20172595852035974)	(44, 0.11727920900317047)	(46, 0.0007235445677169261)	(48, 0.0007336539728546876)	(50, 0.0008549668345078248)	(52, 0.0009676144917571665)	(54, 0.19432154135731644)	(56, 0.08635453868675823)	(58, 0.2815917033094091)	(60, 0.0010701527438687468)	(62, 0.2364806491832496)	(64, 0.11301592843650309)	(66, 0.08468504263829363)	(68, 0.08462005360526517)	(70, 0.001226126423137066)	(72, 0.0013488834855241694)	(74, 0.17023082891403093)	(76, 0.08479769029554297)	(78, 0.0013098900657070897)	(80, 0.0013777675002034878)	(82, 0.11311557828714673)	(84, 0.0012940038576334644)	(86, 0.0011481395835029064)	(88, 0.0012174612187332706)	(90, 0.0013344414781845102)	(92, 0.0012030192113936114)	(94, 0.20217366074788914)	(96, 0.000995054305702519)	(98, 0.0011871330033199864)	(100, 0.0005834570965222317)
SRR26064272_2	(1, 0.0001848576939476378)	(2, 0.0002599561321138657)	(3, 4.910282495484129e-05)	(4, 0.0001559736792683194)	(5, 0.0002368489203704109)	(6, 0.00012420126312106912)	(7, 0.17079406720027765)	(8, 0.00010109405137761442)	(9, 0.0001559736792683194)	(10, 0.0006643323376243233)	(12, 0.10264367876515984)	(14, 0.18639287932784354)	(16, 0.008393694665809928)	(18, 0.10677553706503634)	(20, 0.00015886208073625122)	(22, 0.08798504131540576)	(24, 0.008829843287467635)	(26, 0.085516902261058)	(28, 0.0001733040880759104)	(30, 0.08657983400125692)	(32, 0.08636464809189599)	(34, 0.0001834134932136719)	(36, 0.00016319468293814898)	(38, 0.08362211089809471)	(40, 0.007888224408921856)	(42, 0.09226854069234867)	(44, 0.0003162799607385365)	(46, 0.08368709993112318)	(48, 0.0001920786976174674)	(50, 0.10281698285323575)	(52, 0.005035927959339164)	(54, 0.0025793425108631336)	(56, 0.0001848576939476378)	(58, 0.08393694665809928)	(60, 0.00024118152257230865)	(62, 0.08371742814653647)	(64, 0.16742474688793516)	(66, 0.00024840252624213824)	(68, 0.00024984672697610417)	(70, 0.00025851193137989975)	(72, 0.00019785550055333108)	(74, 0.00021663011009488803)	(76, 0.10283864586424524)	(78, 0.11152406907831629)	(80, 0.00029172854826111586)	(82, 0.017421393453830897)	(84, 0.0037520335068434605)	(86, 0.08563821512271114)	(88, 0.013594261508821206)	(90, 0.004955052718237072)	(92, 0.0858432916269343)	(94, 0.11818905546556902)	(96, 0.00032494516514233203)	(98, 0.08384018520892357)	(100, 0.0018572421438801735)
SRR26064273_1	(1, 0.6458384920610954)	(2, 0.16768719603050458)	(3, 5.176702423300683e-05)	(4, 3.796248443753834e-05)	(5, 7.937610382394381e-05)	(6, 0.23083261218992632)	(7, 4.486475433527258e-05)	(8, 0.21183066316146393)	(9, 0.539857588916335)	(10, 0.08455108067977005)	(12, 8.800394119611161e-05)	(14, 5.8669294130741075e-05)	(16, 0.00016392891007118828)	(18, 0.09592602147123608)	(20, 0.0002243237716763629)	(22, 0.1692005187055828)	(24, 0.0002743652284349362)	(26, 0.08482889704315386)	(28, 0.00033303452256567726)	(30, 0.08484097601547488)	(32, 0.11784417953149118)	(34, 0.0005452793219210052)	(36, 0.08504114184250917)	(38, 0.0005797906714096765)	(40, 0.08504459297745805)	(42, 0.2038706204019019)	(44, 0.11805814989832093)	(46, 0.0007609752562252003)	(48, 0.000781682065918403)	(50, 0.0008783138444866824)	(52, 0.0010733029690976749)	(54, 0.19186239634731878)	(56, 0.08487203623001469)	(58, 0.2811242762322924)	(60, 0.0011250699933306816)	(62, 0.23882026402907924)	(64, 0.11322483540243253)	(66, 0.08579176369388777)	(68, 0.08566579726825413)	(70, 0.0012406830141177302)	(72, 0.001387356249444583)	(74, 0.1696733241935776)	(76, 0.085864237527814)	(78, 0.001411514194086653)	(80, 0.001461555650845226)	(82, 0.11325071891454903)	(84, 0.0013286869553138419)	(86, 0.0012475852840154646)	(88, 0.0013062545781462056)	(90, 0.0013200591179416742)	(92, 0.0011958182597824577)	(94, 0.20432617021515237)	(96, 0.0010318893497112695)	(98, 0.0010215359448646681)	(100, 0.0006073997510006135)
SRR26064273_2	(1, 0.0002588351211650342)	(2, 0.00035891803468218064)	(3, 5.521815918187395e-05)	(4, 0.00020706809693202732)	(5, 0.00019326355713655883)	(6, 0.0001898124221876917)	(7, 0.16771135397514664)	(8, 0.0001104363183637479)	(9, 0.00012424085815921637)	(10, 0.0005832418063585436)	(12, 0.10162211970434128)	(14, 0.18635438496892684)	(16, 0.008298253984550995)	(18, 0.10575140267066077)	(20, 0.00017428231491778965)	(22, 0.08744140619944626)	(24, 0.0056909215306818845)	(26, 0.08402823373501668)	(28, 0.0001984402595598595)	(30, 0.08624558793966382)	(32, 0.08664074289130909)	(34, 0.00017255674744335608)	(36, 0.00016910561249448898)	(38, 0.0846356334860173)	(40, 0.00470562250278032)	(42, 0.09015399826925583)	(44, 0.00036582030457991494)	(46, 0.08472708856216227)	(48, 0.00021397036682976154)	(50, 0.10174290942755163)	(52, 0.002534858619942901)	(54, 0.0013511193324814781)	(56, 0.00026573739106276837)	(58, 0.08490482201202894)	(60, 0.00027609079590936976)	(62, 0.08473399083206001)	(64, 0.16941276350493814)	(66, 0.0002916209031792718)	(68, 0.00028471863328153756)	(70, 0.0002916209031792718)	(72, 0.0002519328512672999)	(74, 0.0002726396609605026)	(76, 0.10180848099158009)	(78, 0.10945447047079519)	(80, 0.0003433879274122786)	(82, 0.013333459874948127)	(84, 0.002227707609493727)	(86, 0.08411968881116166)	(88, 0.013257534906073048)	(90, 0.004948927516675453)	(92, 0.08438542620222443)	(94, 0.11944378058029109)	(96, 0.0003986060865941526)	(98, 0.0849393333615176)	(100, 0.0020568764295248046)
SRR26064274_1	(1, 0.6564532960323275)	(2, 0.16325998949058965)	(3, 7.104953484757655e-05)	(4, 7.993072670352361e-05)	(5, 8.881191855947069e-05)	(6, 0.22561187711390868)	(7, 3.256437013847258e-05)	(8, 0.21065298963120851)	(9, 0.5373594736413627)	(10, 0.08379108476357527)	(12, 9.177231584478636e-05)	(14, 8.5851521274155e-05)	(16, 0.00018798522761754628)	(18, 0.09427977234544876)	(20, 0.0002042674126867826)	(22, 0.16765469926064078)	(24, 0.0003138021122434631)	(26, 0.08405159972468305)	(28, 0.00032120310545675227)	(30, 0.08410784727310405)	(32, 0.117280579053709)	(34, 0.0005461932991407447)	(36, 0.08432543647357475)	(38, 0.0006350052177002154)	(40, 0.08428103051429503)	(42, 0.20281829821562053)	(44, 0.11754849500803008)	(46, 0.000799307267035236)	(48, 0.0007948666711072625)	(50, 0.0009088419665919166)	(52, 0.0011101489819933833)	(54, 0.19103739721870674)	(56, 0.08270757935714973)	(58, 0.27738034444222415)	(60, 0.0011856391127689336)	(62, 0.23818320418600175)	(64, 0.1122390224768164)	(66, 0.08502557043155191)	(68, 0.08491603573199523)	(70, 0.0012788916272563778)	(72, 0.00144911447116203)	(74, 0.16670737212933975)	(76, 0.08510550115825544)	(78, 0.0014224708955941888)	(80, 0.0013958273200263475)	(82, 0.11239444333429546)	(84, 0.001342540168890665)	(86, 0.0012803718258990356)	(88, 0.0013099757987521925)	(90, 0.0013987877173116633)	(92, 0.0012226440788353798)	(94, 0.20329640237719904)	(96, 0.0010242974607192286)	(98, 0.0010553816322150433)	(100, 0.000657208197340083)
SRR26064274_2	(1, 0.0002753169475343591)	(2, 0.0003315644959553572)	(3, 4.7366356565051025e-05)	(4, 0.00015986145340704722)	(5, 0.00021610900182804534)	(6, 0.00015986145340704722)	(7, 0.16326887068244558)	(8, 0.00012137628869794326)	(9, 0.00012433668598325895)	(10, 0.0006024408475617428)	(12, 0.1033371078398721)	(14, 0.18734282140663278)	(16, 0.00815145392511675)	(18, 0.10735732735333081)	(20, 0.0001820644330469149)	(22, 0.0862585759008859)	(24, 0.004893536712626834)	(26, 0.08177505421227528)	(28, 0.0001894654262602041)	(30, 0.08493231791706447)	(32, 0.08609279365290821)	(34, 0.00023535158418259728)	(36, 0.00018058423440425706)	(38, 0.08388433727806272)	(40, 0.003990615540605549)	(42, 0.08851735902958177)	(44, 0.00033600509188333076)	(46, 0.0839835105871208)	(48, 0.0001761436384762835)	(50, 0.1035724594240547)	(52, 0.0019109364476712775)	(54, 0.001000614282436703)	(56, 0.00022350999504133453)	(58, 0.08422478296587402)	(60, 0.0002945595298889111)	(62, 0.0839761095939075)	(64, 0.1679033726326073)	(66, 0.00028123774210499046)	(68, 0.00027235655024904345)	(70, 0.00027235655024904345)	(72, 0.00027679714617701696)	(74, 0.0002457129746812022)	(76, 0.10358874160912394)	(78, 0.11225086406595765)	(80, 0.00036264866745117194)	(82, 0.013471287846829046)	(84, 0.0018931740639593832)	(86, 0.08189347010368792)	(88, 0.013534936388463334)	(90, 0.004843209958776467)	(92, 0.08220579201728871)	(94, 0.11911898576789007)	(96, 0.00034636648238193564)	(98, 0.08420850078080479)	(100, 0.0020189909485853)
SRR26064275_1	(1, 0.6746949266662944)	(2, 0.17125254193635575)	(3, 8.194203118159022e-05)	(4, 6.933556484596095e-05)	(5, 6.933556484596095e-05)	(6, 0.22894918673794698)	(7, 1.89096995034439e-05)	(8, 0.20916964105734467)	(9, 0.5451382721350324)	(10, 0.08299467112061527)	(12, 9.454849751721948e-05)	(14, 6.303233167814632e-05)	(16, 0.00017491472040685605)	(18, 0.0941671519105667)	(20, 0.00022376477745741945)	(22, 0.16608389073874774)	(24, 0.0003246165081424536)	(26, 0.08327989242145888)	(28, 0.0003419503993539438)	(30, 0.08329092307950255)	(32, 0.11673430245963505)	(34, 0.0004758941041700048)	(36, 0.08344220067553011)	(38, 0.0005609877519355022)	(40, 0.08349577815745653)	(42, 0.20086355555045693)	(44, 0.11696279466196832)	(46, 0.0007800251045170609)	(48, 0.0008430574361952072)	(50, 0.0008698461771584194)	(52, 0.001065246405360673)	(54, 0.19685942668060272)	(56, 0.08663793989161211)	(58, 0.2795972410496295)	(60, 0.0010494883224411362)	(62, 0.23593947232105345)	(64, 0.11129776385239493)	(66, 0.08412610147423799)	(68, 0.08407252399231158)	(70, 0.001151915861418124)	(72, 0.001295314415985907)	(74, 0.16982328381555378)	(76, 0.08424428709613452)	(78, 0.0013741048305835899)	(80, 0.0012779805247744166)	(82, 0.11129461223581101)	(84, 0.0012039175350525948)	(86, 0.0011267029287468655)	(88, 0.0010715496385284877)	(90, 0.0011487642448342167)	(92, 0.0010431850892733217)	(94, 0.2012385979239419)	(96, 0.0008997865347055387)	(98, 0.0009738495244273607)	(100, 0.0005893523011906681)
SRR26064275_2	(1, 0.0001922486116183463)	(2, 0.0002836454925516585)	(3, 8.194203118159022e-05)	(4, 0.00011030658043675607)	(5, 0.00024267447696086334)	(6, 0.0001764905286988097)	(7, 0.1712304806202684)	(8, 0.00011030658043675607)	(9, 0.0001544292126114585)	(10, 0.0005893523011906681)	(12, 0.10407110702549544)	(14, 0.18723438963334976)	(16, 0.007823888169549913)	(18, 0.10791607925786237)	(20, 0.00017806633699076336)	(22, 0.08712644046211776)	(24, 0.008260387066421074)	(26, 0.08576021467299394)	(28, 0.00016861148723904142)	(30, 0.08562942258476178)	(32, 0.08521183338739406)	(34, 0.0002190373525815585)	(36, 0.00016388406236318045)	(38, 0.08307818896008881)	(40, 0.0072802343088259)	(42, 0.09113529675684787)	(44, 0.00027103902621602923)	(46, 0.08311128093421984)	(48, 0.0002190373525815585)	(50, 0.104222384621523)	(52, 0.004412263217470243)	(54, 0.0022943768730845264)	(56, 0.0002552809432964926)	(58, 0.08331771182046577)	(60, 0.0002741906427999365)	(62, 0.08316801003273017)	(64, 0.1662241376767316)	(66, 0.00027261483450798286)	(68, 0.0002678874096321219)	(70, 0.00028837291742751943)	(72, 0.00027103902621602923)	(74, 0.00025370513500453897)	(76, 0.10424287012931839)	(78, 0.11092114567061799)	(80, 0.0003261923164344072)	(82, 0.014253186000720838)	(84, 0.003447868542794604)	(86, 0.0859177955021893)	(88, 0.012217241687516712)	(90, 0.004617118295424219)	(92, 0.08605173920700536)	(94, 0.11790670382884856)	(96, 0.0003939520729884145)	(98, 0.08332874247850944)	(100, 0.0019792152146937943)
SRR26064276_1	(1, 0.474278255504158)	(2, 0.11940596427236462)	(3, 0.00010043081681952551)	(4, 9.101542774269499e-05)	(5, 0.1257079980277898)	(6, 4.707694538415258e-05)	(7, 6.904618656342378e-05)	(8, 0.12570485956476424)	(9, 8.160003866586447e-05)	(10, 5.178463992256784e-05)	(12, 0.00014123083615245774)	(14, 0.07649219009168391)	(16, 0.16422164704656506)	(18, 0.16458727798904865)	(20, 0.0009336927501190261)	(22, 0.06331221461563401)	(24, 0.1625676770320685)	(26, 0.16699290989817883)	(28, 0.0007155695698391192)	(30, 0.22758093860758322)	(32, 0.28584964314106165)	(34, 0.1617595228029739)	(36, 0.42028099914853495)	(38, 0.3870431064758104)	(40, 0.20327197324271962)	(42, 0.06379867638460358)	(44, 0.06365901477996393)	(46, 0.06384261486696212)	(48, 0.12201402704664667)	(50, 0.1649419243109426)	(52, 0.24289349970953528)	(54, 0.3565152766257003)	(56, 0.24770319429628282)	(58, 0.18485233374541354)	(60, 0.0010184312518105008)	(62, 0.3566345382206735)	(64, 0.12215682711431192)	(66, 0.30762743807577064)	(68, 0.32264655288482813)	(70, 0.24320891524360908)	(72, 0.24337682301547922)	(74, 0.3064144221163723)	(76, 0.2433438691537103)	(78, 0.24344900766506825)	(80, 0.24347725383229873)	(82, 0.24341291534027373)	(84, 0.30627946820627105)	(86, 0.24224069940020831)	(88, 0.001530000724984959)	(90, 0.0013165852392434672)	(92, 0.0014892007056520268)	(94, 0.0011612313194757635)	(96, 0.0010890466698867296)	(98, 0.0014515391493447047)	(100, 0.0019081855195709847)
SRR26064276_2	(1, 0.4344291904679856)	(2, 0.0005555079555330005)	(3, 5.0215408409762755e-05)	(4, 0.00014750776220367808)	(5, 0.00021341548574149174)	(6, 0.00011926159497318654)	(7, 0.00040800019332932233)	(8, 0.00016006161430611878)	(9, 0.00018830778153661033)	(10, 0.00011298466892196619)	(12, 0.00031855399709943244)	(14, 0.00011926159497318654)	(16, 0.0001679077718701442)	(18, 0.000965077380375128)	(20, 0.0017496931367776709)	(22, 0.0002510770420488138)	(24, 0.00023224626389515277)	(26, 0.0003138463025610172)	(28, 0.00016163084581892386)	(30, 0.07642785159965891)	(32, 0.12734627572715834)	(34, 0.00429184818752191)	(36, 0.0001679077718701442)	(38, 0.0003075693765097969)	(40, 0.00016476930884453403)	(42, 0.0003844617206372461)	(44, 0.00022126164330551714)	(46, 0.00018987701304941541)	(48, 0.00016320007733172895)	(50, 0.00032012322861223755)	(52, 0.00019615393910063573)	(54, 0.0002448001159975934)	(56, 0.00020870779120307645)	(58, 0.00022596933784393237)	(60, 0.0001490769937164832)	(62, 0.07636037464460829)	(64, 0.00025264627356161887)	(66, 0.00019929240212624593)	(68, 0.0002746155147408901)	(70, 0.0002604924311256443)	(72, 0.004144340425318233)	(74, 0.002424462687283858)	(76, 0.0002997232189457714)	(78, 0.009431081391958567)	(80, 0.00409726347993408)	(82, 0.007808496007718108)	(84, 0.00029501552440735617)	(86, 0.00042683097148298347)	(88, 0.0044974175156993765)	(90, 0.0024480011599759344)	(92, 0.004505263673263402)	(94, 0.0010231389463489162)	(96, 0.0006214156790708141)	(98, 0.00048175407443116147)	(100, 0.002162401024645409)
SRR26064277_1	(1, 0.5029175630363532)	(2, 0.12591979367290823)	(3, 0.0001269352758799478)	(4, 0.00013283924219994537)	(5, 0.12930571835742682)	(6, 7.675156215996843e-05)	(7, 5.608768003997694e-05)	(8, 0.1293381901721868)	(9, 8.56075116399648e-05)	(10, 8.413152005996541e-05)	(12, 0.0001490751495799387)	(14, 0.08685177254190428)	(16, 0.16671767693567144)	(18, 0.16711324267911126)	(20, 0.0010021982828195878)	(22, 0.06515174433275321)	(24, 0.16668225313775145)	(26, 0.16956191271033028)	(28, 0.0007335678152596984)	(30, 0.23179709768100468)	(32, 0.2871334980067619)	(34, 0.1656047792843519)	(36, 0.42890101327412367)	(38, 0.38907138048784)	(40, 0.20464475657533585)	(42, 0.06556649796673304)	(44, 0.06552664619407306)	(46, 0.06560044577307303)	(48, 0.1208615705282503)	(50, 0.16742024892775115)	(52, 0.24060286344728107)	(54, 0.35585861795469365)	(56, 0.25016286091093715)	(58, 0.18551147772380372)	(60, 0.0010302421228395764)	(62, 0.35599883715479363)	(64, 0.12100474171151024)	(66, 0.30730292294745365)	(68, 0.33101177569698387)	(70, 0.24091577366224093)	(72, 0.24103975695496088)	(74, 0.3058594031822142)	(76, 0.24105156488760088)	(78, 0.24115783628136084)	(80, 0.24112241248344085)	(82, 0.24116374024768084)	(84, 0.30575903575477426)	(86, 0.2412493477593208)	(88, 0.0016383506537993263)	(90, 0.001471563605259395)	(92, 0.0014671356305193967)	(94, 0.0012058851208595041)	(96, 0.00111880161763954)	(98, 0.001607354830619339)	(100, 0.001880413272919227)
SRR26064277_2	(1, 0.44466903132325714)	(2, 0.0006789561267997208)	(3, 5.313569687997815e-05)	(4, 0.00016531105695993204)	(5, 0.00024206261911990045)	(6, 0.0001475991579999393)	(7, 0.0003689978949998483)	(8, 0.00015645510747993566)	(9, 0.00017711898959992716)	(10, 0.0001475991579999393)	(12, 0.00034095405497985983)	(14, 0.000131363250619946)	(16, 0.00022139873699990895)	(18, 0.0010686179039195607)	(20, 0.0019660207845591917)	(22, 0.0002789624086198853)	(24, 0.0002110667959399132)	(26, 0.00035718996235985316)	(28, 0.00017416700643992837)	(30, 0.08682963266820429)	(32, 0.12729541782546766)	(34, 0.004528342167438138)	(36, 0.00016383506537993262)	(38, 0.0003261941391798659)	(40, 0.00022287472857990834)	(42, 0.00044722544873981607)	(44, 0.00021992274541990958)	(46, 0.00018302295591992473)	(48, 0.00019483088855991987)	(50, 0.00031586219811987015)	(52, 0.00020516282961991562)	(54, 0.00021697076225991077)	(56, 0.00021992274541990958)	(58, 0.000262726501239892)	(60, 0.00015793109905993508)	(62, 0.08671450532496434)	(64, 0.00021697076225991077)	(66, 0.00019630688013991927)	(68, 0.0002701064591398889)	(70, 0.00032029017285986833)	(72, 0.004358603135738208)	(74, 0.0024161982164590066)	(76, 0.00036456992025985007)	(78, 0.010792450432955562)	(80, 0.004485538411618155)	(82, 0.009512765733096088)	(84, 0.00029962629073987683)	(86, 0.00040589768449983307)	(88, 0.004417642798938183)	(90, 0.0025032817196789705)	(92, 0.0046390415359380925)	(94, 0.0011099456681595435)	(96, 0.0006228684467597438)	(98, 0.0004324655329398222)	(100, 0.001806613693919257)
SRR26064278_1	(1, 0.4950187611063363)	(2, 0.12459818461152518)	(3, 0.00010062187779353453)	(4, 0.00011319961251772636)	(5, 0.12895951412713869)	(6, 9.118857675039067e-05)	(7, 8.17552757072468e-05)	(8, 0.12896894742818182)	(9, 8.489970938829477e-05)	(10, 8.647192622881875e-05)	(12, 0.00014464394932820588)	(14, 0.08442489990245652)	(16, 0.16573838267751612)	(18, 0.16607640929822876)	(20, 0.000957480055879102)	(22, 0.06493255551364026)	(24, 0.16531231191373408)	(26, 0.16883093320282674)	(28, 0.0006729088077442622)	(30, 0.2306206272522596)	(32, 0.28634313651411036)	(34, 0.16418031578855685)	(36, 0.42604560831254945)	(38, 0.3874681236966126)	(40, 0.20305180495367164)	(42, 0.06537277622898696)	(44, 0.06529416538696077)	(46, 0.06541522608368111)	(48, 0.12100724134776841)	(50, 0.16640971926841983)	(52, 0.2409139309071701)	(54, 0.3548839296767532)	(56, 0.24984569477818677)	(58, 0.18541310421983315)	(60, 0.0009559078390385781)	(62, 0.35501285145767614)	(64, 0.1211172965266051)	(66, 0.3073731089729591)	(68, 0.32875997465460677)	(70, 0.24123309092579642)	(72, 0.2414076069950946)	(74, 0.3060681689953242)	(76, 0.24132585171938734)	(78, 0.24142490138034037)	(80, 0.24147206788555609)	(82, 0.24149879557184498)	(84, 0.30589522514286654)	(86, 0.2416041341001601)	(88, 0.001589511225769741)	(90, 0.0013442453986480004)	(92, 0.0013631120007342882)	(94, 0.0010565297168321126)	(96, 0.0009999299105732495)	(98, 0.0015973723099723606)	(100, 0.0019432600148876359)
SRR26064278_2	(1, 0.4399565829175055)	(2, 0.0006729088077442622)	(3, 8.17552757072468e-05)	(4, 0.00016979941877658954)	(5, 0.00024841026080278834)	(6, 0.00021067705663021296)	(7, 0.0004402207153467136)	(8, 0.00016036611773344566)	(9, 0.0001918104545439252)	(10, 0.00015407725037134976)	(12, 0.00034431548807475096)	(14, 0.00013206621460401408)	(16, 0.00021382149031126088)	(18, 0.0011036962220478319)	(20, 0.0019589821832928754)	(22, 0.00028142681445379194)	(24, 0.00026570464604855213)	(26, 0.0003946264269715183)	(28, 0.00019495488822497318)	(30, 0.08431484472361984)	(32, 0.12663577763684428)	(34, 0.004663195148994116)	(36, 0.000205960406108641)	(38, 0.00028928789865641176)	(40, 0.0002122492734707369)	(42, 0.00039934307749309015)	(44, 0.0002279714418759767)	(46, 0.00021382149031126088)	(48, 0.00022325479135440474)	(50, 0.0003238766691479393)	(52, 0.00023897695975964452)	(54, 0.0002405491766001685)	(56, 0.00023897695975964452)	(58, 0.0003050100670616515)	(60, 0.00023426030923807262)	(62, 0.0842991225552146)	(64, 0.00024526582712174045)	(66, 0.00023111587555702464)	(68, 0.0003160155849453194)	(70, 0.0003836209090878504)	(72, 0.004356612865091941)	(74, 0.002457374921738976)	(76, 0.00041820967957937786)	(78, 0.009978860286805682)	(80, 0.004447801441842331)	(82, 0.008074905692931147)	(84, 0.00036003765647999077)	(86, 0.0004417929321872376)	(88, 0.00385822012664584)	(90, 0.0025815800521403706)	(92, 0.004710361654209835)	(94, 0.0011430016430609314)	(96, 0.0007923972876240845)	(98, 0.000481098353200337)	(100, 0.0014149951564715795)
SRR26064279_1	(1, 0.00022559579617994623)	(2, 0.00011743342814846515)	(3, 0.152685089066611)	(4, 6.180706744656061e-05)	(5, 5.562636070190454e-05)	(6, 6.798777419121667e-05)	(7, 3.0903533723280306e-05)	(8, 0.17380765436647308)	(9, 0.000506817953061797)	(10, 0.07637344806702877)	(12, 0.08697181495742776)	(14, 0.0001421562551270894)	(16, 0.2708246629606531)	(18, 0.25019037349361883)	(20, 0.20632744290348093)	(22, 0.00022868614955227424)	(24, 0.0004249235886951042)	(26, 0.15296476604680667)	(28, 0.08730557312163918)	(30, 0.00041256217520579204)	(32, 0.2057959021234405)	(34, 0.0004419205322429084)	(36, 0.0004156525285781201)	(38, 0.11484371202245425)	(40, 0.07672574835147418)	(42, 0.00035848099119005153)	(44, 0.3923435382673359)	(46, 0.0004465560623014004)	(48, 0.19902339270798367)	(50, 0.0005037275996894689)	(52, 0.11483444096233728)	(54, 0.0897268649888582)	(56, 0.00243210810402216)	(58, 0.0012855870028884607)	(60, 0.07696370556114343)	(62, 0.0007633172829650235)	(64, 0.0007076909222631189)	(66, 0.0006304320879549181)	(68, 0.11425036417496727)	(70, 0.22776676942400667)	(72, 0.2278888383822136)	(74, 0.2281221600618244)	(76, 0.31113986787935843)	(78, 0.2322601432273716)	(80, 0.2278903835588998)	(82, 0.2279228322693092)	(84, 0.08763469575579212)	(86, 0.0007849497565713197)	(88, 0.0008776603577411606)	(90, 0.11518519607009652)	(92, 0.5518923021738875)	(94, 0.08784638496179659)	(96, 0.0009842775490864777)	(98, 0.00143546914144637)	(100, 0.0006582452683058704)
SRR26064279_2	(1, 0.00021014402931830606)	(2, 0.00016378872873338562)	(3, 0.1526634565930047)	(4, 6.798777419121667e-05)	(5, 0.00011743342814846515)	(6, 8.034918768052879e-05)	(7, 0.152685089066611)	(8, 0.23526860223533294)	(9, 0.00014524660849941744)	(10, 0.00011125272140380908)	(12, 6.026189076039659e-05)	(14, 5.408118401574053e-05)	(16, 0.11767756606487906)	(18, 0.00012361413489312122)	(20, 0.00010661719134531705)	(22, 0.00014524660849941744)	(24, 9.889130791449697e-05)	(26, 0.23447438141864463)	(28, 0.00011588825146230112)	(30, 0.0002657703900202106)	(32, 0.0016826974112326126)	(34, 0.00011125272140380908)	(36, 9.27106011698409e-05)	(38, 0.07648933631849107)	(40, 0.1143477103061956)	(42, 0.000304399807174311)	(44, 0.00013906590175476137)	(46, 0.0001344303716962693)	(48, 0.0001344303716962693)	(50, 0.00014061107844092537)	(52, 0.00012515931157928523)	(54, 0.00011588825146230112)	(56, 0.00016842425879187766)	(58, 0.00020396332257365)	(60, 0.00015760802198872952)	(62, 0.0002147795593767981)	(64, 0.0001622435520472216)	(66, 0.00014833696187174544)	(68, 0.00019469226245666588)	(70, 0.00019932779251515795)	(72, 0.0002132343826906341)	(74, 0.0007277782191832511)	(76, 0.0002951287470573269)	(78, 0.003462740953693558)	(80, 0.0005608991370775375)	(82, 0.0066334435137021175)	(84, 0.0004419205322429084)	(86, 0.00029976427711581895)	(88, 0.006885307313546852)	(90, 0.00035693581450388747)	(92, 0.0006984198621461348)	(94, 0.0004481012389875644)	(96, 0.00038320381816867575)	(98, 0.0004233784120089402)	(100, 0.00466025288547067)
SRR26064280_1	(1, 0.00019914086062281338)	(2, 0.00015343640080774145)	(3, 0.16443485260181126)	(4, 6.202748117759761e-05)	(5, 4.5704459815071925e-05)	(6, 9.793812817515411e-05)	(7, 2.9381438452546238e-05)	(8, 0.17649430078444522)	(9, 0.0005190720793283168)	(10, 0.08222558781158688)	(12, 0.08828795794562894)	(14, 0.00018445014139654024)	(16, 0.2840695407720345)	(18, 0.2485849246320399)	(20, 0.20795039525216846)	(22, 0.00027749136316293667)	(24, 0.0004815291301945077)	(26, 0.1648527219486919)	(28, 0.08870909189678208)	(30, 0.00045377999387821407)	(32, 0.20618750894501572)	(34, 0.0005484535177808631)	(36, 0.0005435566113721053)	(38, 0.11605178498114888)	(40, 0.08264998636701257)	(42, 0.00042439855542566785)	(44, 0.4018564629240199)	(46, 0.0005435566113721053)	(48, 0.2010947262799077)	(50, 0.0006235394160484811)	(52, 0.11608443102387393)	(54, 0.09115428049688844)	(56, 0.0025610820517802803)	(58, 0.0014380581820385128)	(60, 0.08294053614726551)	(62, 0.0008128864638537792)	(64, 0.000915721498437691)	(66, 0.0008014603489000112)	(68, 0.11427910486117858)	(70, 0.22750211024020173)	(72, 0.22754128549147182)	(74, 0.22785631980376855)	(76, 0.31682005083380604)	(78, 0.23195992737430748)	(80, 0.2276065775769219)	(82, 0.22763269441110193)	(84, 0.08914001966075277)	(86, 0.0009010307792114179)	(88, 0.0010528348778829067)	(90, 0.11649250655793705)	(92, 0.5570002517662814)	(94, 0.08918245951629533)	(96, 0.001168728329556839)	(98, 0.0013499138666808743)	(100, 0.0008651201322138614)
SRR26064280_2	(1, 0.00020893467344032876)	(2, 0.00018934704780529797)	(3, 0.16444138181035628)	(4, 5.549827263258734e-05)	(5, 0.00016323021362525686)	(6, 8.81443153576387e-05)	(7, 0.1644544402274463)	(8, 0.23689274443006278)	(9, 0.00020893467344032876)	(10, 0.0001093642431289221)	(12, 4.243985554256678e-05)	(14, 7.671820040387072e-05)	(16, 0.11852961962398026)	(18, 0.00011752575381018495)	(20, 0.0001191580559464375)	(22, 0.0001403779837177209)	(24, 0.00015506870294399402)	(26, 0.23819042462838355)	(28, 0.00010609963885641696)	(30, 0.00023015460121161217)	(32, 0.0018249137883303717)	(34, 0.0001452748901264786)	(36, 0.00010120273244765924)	(38, 0.08237249500384962)	(40, 0.11408322860482828)	(42, 0.0003689002827930805)	(44, 0.0001452748901264786)	(46, 0.00012405496235519522)	(48, 0.00015670100508024658)	(50, 0.0001501717965352363)	(52, 0.00015343640080774145)	(54, 0.00014853949439898374)	(56, 0.0001501717965352363)	(58, 0.00022688999693910703)	(60, 0.00020403776703157108)	(62, 0.00024647762257413785)	(64, 0.00015343640080774145)	(66, 0.0001828178392602877)	(68, 0.00022036078839409676)	(70, 0.00020077316275906592)	(72, 0.0002024054648953185)	(74, 0.0007557558890849392)	(76, 0.0002856528738441995)	(78, 0.0035714770741206198)	(80, 0.0004945875472845282)	(82, 0.00655206077491781)	(84, 0.00043582467037943585)	(86, 0.00035747416783931253)	(88, 0.0073420950088640535)	(90, 0.00042766315969817293)	(92, 0.0007769758168562226)	(94, 0.0004554122960144666)	(96, 0.0004407215767881935)	(98, 0.00040807553406314217)	(100, 0.005886081503326763)
SRR26064281_1	(1, 0.0002264279598420309)	(2, 0.00019702173129111783)	(3, 0.16407205219981966)	(4, 5.881245710182622e-05)	(5, 6.763432566710015e-05)	(6, 9.704055421801324e-05)	(7, 3.8228097116187034e-05)	(8, 0.17458477890677113)	(9, 0.0005263714910613446)	(10, 0.08206837295131585)	(12, 0.08735855346762511)	(14, 0.00019261079700848082)	(16, 0.28236448779157786)	(18, 0.24900165118913936)	(20, 0.20728597536681403)	(22, 0.00034258256261813765)	(24, 0.0005131386882134337)	(26, 0.1645043237595181)	(28, 0.08777318129019299)	(30, 0.0005660698996050773)	(32, 0.20425860413749752)	(34, 0.0005984167510110817)	(36, 0.0005278418024888903)	(38, 0.11568704374214725)	(40, 0.08252563980528255)	(42, 0.0005131386882134337)	(44, 0.3998894208181571)	(46, 0.0005763620795978969)	(48, 0.2040218839976627)	(50, 0.0006366448481272687)	(52, 0.11566645938216162)	(54, 0.09026094822560024)	(56, 0.0026098027838935382)	(58, 0.0014894254761037488)	(60, 0.0828785145478935)	(62, 0.0009057118393681236)	(64, 0.0008954196593753041)	(66, 0.0008939493479477585)	(68, 0.11340659071802395)	(70, 0.22561340731117063)	(72, 0.22574279471679462)	(74, 0.22601333201946305)	(76, 0.3147245720004302)	(78, 0.23009197591947467)	(80, 0.22569868537396826)	(82, 0.22573103222537425)	(84, 0.08835248399264597)	(86, 0.0009336477564914911)	(88, 0.001130669487782609)	(90, 0.11607961689330194)	(92, 0.5560159100635201)	(94, 0.08824368094700759)	(96, 0.0011630163391886134)	(98, 0.0014379645761396509)	(100, 0.0009527618050495846)
SRR26064281_2	(1, 0.00022348733698693962)	(2, 0.00017643737130547862)	(3, 0.16402794285699332)	(4, 7.351557137728276e-05)	(5, 0.00017643737130547862)	(6, 0.00010292179992819587)	(7, 0.16406323033125442)	(8, 0.23686717097760507)	(9, 0.0002470123198276701)	(10, 0.00014997176560965685)	(12, 7.792650565991974e-05)	(14, 7.498588280482843e-05)	(16, 0.1185100416830349)	(18, 0.00013379833990665463)	(20, 0.00016026394560247643)	(22, 0.00016320456845756774)	(24, 0.00014409051989947423)	(26, 0.2370509599060483)	(28, 0.000170556125595296)	(30, 0.00039551377400978124)	(32, 0.0020922531613974675)	(34, 0.00019849204271866347)	(36, 0.00014262020847192856)	(38, 0.08238890084252079)	(40, 0.11380945604917145)	(42, 0.00036316692260377685)	(44, 0.00012350615991383506)	(46, 0.00014703114275456552)	(48, 0.00016614519131265905)	(50, 0.0002102545341390287)	(52, 0.00020731391128393743)	(54, 0.00015585301131983948)	(56, 0.00017643737130547862)	(58, 0.00025730449982048966)	(60, 0.0002499529426827614)	(62, 0.00025730449982048966)	(64, 0.0001940811084360265)	(66, 0.00017643737130547862)	(68, 0.0002367201398348505)	(70, 0.0002470123198276701)	(72, 0.00024554200840012447)	(74, 0.0007601510080411038)	(76, 0.0003175872683498615)	(78, 0.0036463723403132252)	(80, 0.00044550436254633355)	(82, 0.0060753268186186475)	(84, 0.0004322715596984226)	(86, 0.00035728567689359423)	(88, 0.006617871735382995)	(90, 0.00046020747682179013)	(92, 0.0006792838795260927)	(94, 0.0005043168196481598)	(96, 0.0004837324596625206)	(98, 0.000520490245351162)	(100, 0.004760868402392832)
SRR26064282_1	(1, 0.00019514406038134927)	(2, 0.00010701448472525606)	(3, 0.15144438079530648)	(4, 6.294969689720944e-05)	(5, 4.721227267290708e-05)	(6, 8.812957565609322e-05)	(7, 3.147484844860472e-05)	(8, 0.17262380631637259)	(9, 0.0005319249387814198)	(10, 0.07575838647336913)	(12, 0.08638272156719566)	(14, 0.00013219436348413982)	(16, 0.2702005577343145)	(18, 0.25371403211693533)	(20, 0.20526165041515324)	(22, 0.00019357031795891905)	(24, 0.000420189226788873)	(26, 0.1517481130828355)	(28, 0.08660934047602561)	(30, 0.0003509445602019426)	(32, 0.20411911341646888)	(34, 0.0004107467722542916)	(36, 0.0003824194086505473)	(38, 0.11462825056497354)	(40, 0.07606054501847573)	(42, 0.00032261719659819836)	(44, 0.39077598091365195)	(46, 0.000420189226788873)	(48, 0.20020678975430733)	(50, 0.0004296316813234544)	(52, 0.11465972541342213)	(54, 0.08895421668544666)	(56, 0.0023055326488602957)	(58, 0.0012715838773236306)	(60, 0.07634224491209075)	(62, 0.0006499556204636874)	(64, 0.0006987416355590248)	(66, 0.0006515293628861177)	(68, 0.11267680996116004)	(70, 0.22454471631719095)	(72, 0.2246737631958302)	(74, 0.225005822846963)	(76, 0.3071929471159596)	(78, 0.22894962135757316)	(80, 0.22474930283210687)	(82, 0.2247162542412358)	(84, 0.08719634639959209)	(86, 0.0008089036051291413)	(88, 0.0009348029989235602)	(90, 0.11507834089778857)	(92, 0.5503739211995694)	(94, 0.08719477265716966)	(96, 0.0010323750291142348)	(98, 0.0013943357862731892)	(100, 0.0009001806656300951)
SRR26064282_2	(1, 0.00018570160584676783)	(2, 0.00014478430286358172)	(3, 0.15146011821953076)	(4, 3.7769818138325666e-05)	(5, 0.00013219436348413982)	(6, 0.00010071951503553512)	(7, 0.1514978880376691)	(8, 0.2352493122745614)	(9, 0.00019514406038134927)	(10, 9.914577261310487e-05)	(12, 6.13759544747792e-05)	(14, 6.767092416450014e-05)	(16, 0.11765455724330688)	(18, 0.0001306206210617096)	(20, 0.00010701448472525606)	(22, 0.00012432565137198865)	(24, 8.812957565609322e-05)	(26, 0.23386127145797794)	(28, 0.00010071951503553512)	(30, 0.00025494627243369825)	(32, 0.0013628609378245843)	(34, 0.00012747313621684912)	(36, 8.970331807852345e-05)	(38, 0.07595510427617291)	(40, 0.11316467011211341)	(42, 0.00028956860572716344)	(44, 0.00013219436348413982)	(46, 0.000113309454414977)	(48, 0.00016209546951031432)	(50, 0.000166816696777605)	(52, 0.0001825541210019074)	(54, 0.00015107927255330266)	(56, 0.00014163681801872123)	(58, 0.00014950553013087244)	(60, 0.00021402896945051211)	(62, 0.00020773399976079115)	(64, 0.00016366921193274454)	(66, 0.0001919965755364888)	(68, 0.0001794066361570469)	(70, 0.00019986528764863996)	(72, 0.0001919965755364888)	(74, 0.0005571048175403036)	(76, 0.00031160099964118676)	(78, 0.0028280151331071344)	(80, 0.0003981568328748497)	(82, 0.005190202509174919)	(84, 0.00038871437834026826)	(86, 0.0003367808784000705)	(88, 0.005904681568958246)	(90, 0.00042333671163373345)	(92, 0.0006279232265496641)	(94, 0.0004658277570393498)	(96, 0.0004721227267290708)	(98, 0.00046897524188421036)	(100, 0.004563853025047685)
SRR26064283_1	(1, 0.00016382874090714562)	(2, 0.00011784172591566613)	(3, 0.16387760211057406)	(4, 6.323214561328427e-05)	(5, 4.023863811754453e-05)	(6, 0.00010634497216779627)	(7, 3.44902612436096e-05)	(8, 0.17905619124619923)	(9, 0.0005087313533432416)	(10, 0.08199484772980789)	(12, 0.0895927648629314)	(14, 0.00018825934262136908)	(16, 0.2821159660305417)	(18, 0.2538727533546809)	(20, 0.2099565911320365)	(22, 0.00029460431478916534)	(24, 0.0004886120342844694)	(26, 0.16425555789003526)	(28, 0.08996640935973715)	(30, 0.0005274135781835301)	(32, 0.2058924886821645)	(34, 0.000560466745208656)	(36, 0.0005130426359986929)	(38, 0.11439844816817911)	(40, 0.08243028727800845)	(42, 0.0004397508308560224)	(44, 0.3995553055650324)	(46, 0.0005762747816119771)	(48, 0.2055562086350393)	(50, 0.0006323214561328427)	(52, 0.1144171303930194)	(54, 0.09237066798726044)	(56, 0.0024646165846996027)	(58, 0.0013867959208368028)	(60, 0.08268609004889857)	(62, 0.0008421372120314678)	(64, 0.0008809387559305286)	(66, 0.0008162695160987606)	(68, 0.11351750941224859)	(70, 0.22585803865955897)	(72, 0.22595288687797893)	(74, 0.22618713323559175)	(76, 0.31436148610487974)	(78, 0.2299307636747419)	(80, 0.2259629465375083)	(82, 0.22594426431266804)	(84, 0.09044639882871074)	(86, 0.000824892081409663)	(88, 0.0009657273148210688)	(90, 0.11483532481059817)	(92, 0.5543202932362011)	(94, 0.09048088908995433)	(96, 0.0010921916060476374)	(98, 0.0012646429122656854)	(100, 0.0008823758501490122)
SRR26064283_2	(1, 0.00021556413277256)	(2, 0.0001379610449744384)	(3, 0.16389484724119585)	(4, 5.460958030238186e-05)	(5, 0.00010634497216779627)	(6, 0.0001120933490417312)	(7, 0.16389772142963283)	(8, 0.23297021794683498)	(9, 0.00016095455247017813)	(10, 0.0001120933490417312)	(12, 5.460958030238186e-05)	(14, 9.197402998295894e-05)	(16, 0.11651672504622414)	(18, 0.00012215300857111735)	(20, 0.0001379610449744384)	(22, 0.00016095455247017813)	(24, 0.00013364976231898719)	(26, 0.23404803861069778)	(28, 0.00011353044326021493)	(30, 0.00022993507495739734)	(32, 0.0013034444561647461)	(34, 0.0001379610449744384)	(36, 0.00013364976231898719)	(38, 0.08216873613024442)	(40, 0.11252304021305784)	(42, 0.0002931672205706816)	(44, 0.00013939813919292216)	(46, 0.00011784172591566613)	(48, 0.00012359010278960105)	(50, 0.00016526583512562935)	(52, 0.00014945779872230827)	(54, 0.0001552061755962432)	(56, 0.0001767625888734992)	(58, 0.0002443060171422347)	(60, 0.0001896964368398528)	(62, 0.00018538515418440162)	(64, 0.00016095455247017813)	(66, 0.00022274960386497867)	(68, 0.00020837866168014135)	(70, 0.00019113353105833653)	(72, 0.0002011931905877227)	(74, 0.0005978311948892331)	(76, 0.0002759220899488768)	(78, 0.0029287980172698486)	(80, 0.00036933321415031945)	(82, 0.0049249218867437545)	(84, 0.000301789785881584)	(86, 0.00035065098931003096)	(88, 0.005777118758304608)	(90, 0.00041532022914179896)	(92, 0.0006510036809731312)	(94, 0.0004828636574105344)	(96, 0.00044549920772995734)	(98, 0.0004929233169399205)	(100, 0.00432277940919907)
SRR26064284_1	(1, 0.002293503777272435)	(2, 0.002284116995100788)	(3, 5.632069302988245e-05)	(4, 6.25785478109805e-05)	(5, 9.699674910701976e-05)	(6, 0.20269504528715637)	(7, 6.570747520152952e-05)	(8, 5.319176563933342e-05)	(9, 0.17537325131288228)	(10, 3.75471286865883e-05)	(12, 3.598266499131379e-05)	(14, 0.20089278311020012)	(16, 0.0001877356434329415)	(18, 0.00026126543711084356)	(20, 0.00028473239253996125)	(22, 0.0003676489683895104)	(24, 0.2930396947618689)	(26, 0.00033792415817929467)	(28, 0.17577375401887257)	(30, 0.0880574035522212)	(32, 0.0003864225327328046)	(34, 0.00044274322576268703)	(36, 0.000503757309878393)	(38, 0.0005366110474791577)	(40, 0.0006367367239767265)	(42, 0.0006117053048523344)	(44, 0.08829520203390293)	(46, 0.00068992848961606)	(48, 0.0007478136463412169)	(50, 0.0007916186298089033)	(52, 0.0006883640259207854)	(54, 0.08854864515253741)	(56, 0.08853925837036575)	(58, 0.0009277269712977859)	(60, 0.0020588342229812583)	(62, 0.0030632199153474956)	(64, 0.001126413860597649)	(66, 0.001129542787988198)	(68, 0.08874733204183727)	(70, 0.1024144868837554)	(72, 0.0010919956593016095)	(74, 0.001096689050387433)	(76, 0.08879113702530494)	(78, 0.0010982535140827078)	(80, 0.0007259111546073738)	(82, 0.0006914929533113345)	(84, 0.0007744095291608836)	(86, 0.12020556802641716)	(88, 0.0006789772437491384)	(90, 0.08821384992174866)	(92, 0.11095176526886841)	(94, 0.0007087020539593541)	(96, 0.0005991895952901382)	(98, 0.0006257854781098049)	(100, 0.0005444333659555303)
SRR26064284_2	(1, 0.00026595882819666707)	(2, 0.1869002198196649)	(3, 8.448103954482367e-05)	(4, 0.000125157095621961)	(5, 0.00016896207908964733)	(6, 0.23007315995446034)	(7, 0.0001376728051841571)	(8, 0.00016270422430854928)	(9, 0.0001877356434329415)	(10, 0.0001126413860597649)	(12, 0.00010169014019284331)	(14, 0.00010169014019284331)	(16, 0.00018460671604239245)	(18, 0.00015801083322272575)	(20, 0.00017991332495656895)	(22, 0.0001783488612612944)	(24, 0.00020807367147151015)	(26, 0.00019555796190931404)	(28, 0.0001877356434329415)	(30, 0.00037390682317060847)	(32, 0.11673089415921248)	(34, 0.0002299761632053533)	(36, 0.08783994309857805)	(38, 0.00033323076709347116)	(40, 0.00021589598994788272)	(42, 0.0004709035722776282)	(44, 0.0001877356434329415)	(46, 0.0001642686880038238)	(48, 0.0001908645708234905)	(50, 0.11742864496730492)	(52, 0.0002268472358148043)	(54, 0.0002518786549391965)	(56, 0.11750061029728752)	(58, 0.00031289273905490245)	(60, 0.00023310509059590236)	(62, 0.00041301841555247125)	(64, 0.00028316792884468673)	(66, 0.11748183673294423)	(68, 0.00030819934796907895)	(70, 0.00031915059383600053)	(72, 0.000311328275359628)	(74, 0.001871098579548317)	(76, 0.0004051960970760987)	(78, 0.002205893810337062)	(80, 0.0011138981510354527)	(82, 0.003277551441600103)	(84, 0.0007008797354829815)	(86, 0.0005100151646594911)	(88, 0.005082942545946891)	(90, 0.0006304788691956285)	(92, 0.0009480649993363544)	(94, 0.0006492524335389225)	(96, 0.0006664615341869423)	(98, 0.0007431202552553934)	(100, 0.00532543441871444)
SRR26064285_1	(1, 0.00013698205847048725)	(2, 0.40953069414060006)	(3, 4.566068615682908e-05)	(4, 5.32708005163006e-05)	(5, 8.117455316769616e-05)	(6, 6.595432444875313e-05)	(7, 0.19607713317657005)	(8, 3.2977162224376564e-05)	(9, 2.536704786490505e-05)	(10, 0.09535980633375105)	(12, 8.878466752716767e-05)	(14, 0.09812481455102569)	(16, 0.00010527324863935595)	(18, 0.09818696381829473)	(20, 0.00012049347735829898)	(22, 0.0001864478018070521)	(24, 0.09822374603769882)	(26, 0.0003335766794235014)	(28, 0.09821359921855287)	(30, 0.0002498654214693147)	(32, 0.09832775093394494)	(34, 0.00036274878446814217)	(36, 0.0003158197459180678)	(38, 0.09841146219189913)	(40, 0.09844697605891)	(42, 0.0004769004998602149)	(44, 0.09852307720250471)	(46, 0.0006214926726901736)	(48, 0.0004730954426804791)	(50, 0.0005009991953318746)	(52, 0.000563148462600892)	(54, 0.0005542699958481753)	(56, 0.0005403181195224776)	(58, 0.09852434555489796)	(60, 0.0005365130623427417)	(62, 0.23443718295787946)	(64, 0.4302923544656316)	(66, 0.01088880529601049)	(68, 0.0006329078442293809)	(70, 0.0009994616858772587)	(72, 0.11019445592514752)	(74, 0.0008992618468108838)	(76, 0.21219535538993073)	(78, 0.0007660848455201324)	(80, 0.0007483279120146989)	(82, 0.0013951876325697776)	(84, 0.09592041809156544)	(86, 0.0007724266074863587)	(88, 0.001116150106055822)	(90, 0.0010248287337421638)	(92, 0.0015448532149727175)	(94, 0.0013393801272669865)	(96, 0.0016831036258364498)	(98, 0.19109123991872295)	(100, 0.1908033239254563)
SRR26064285_2	(1, 0.00011922512496505372)	(2, 0.00020039967813274988)	(3, 7.102773402173414e-05)	(4, 0.00011922512496505372)	(5, 0.00022830343078414546)	(6, 0.00015473899197592078)	(7, 7.102773402173414e-05)	(8, 8.117455316769616e-05)	(9, 9.132137231365816e-05)	(10, 0.1056030202615997)	(12, 8.878466752716767e-05)	(14, 0.00010907830581909169)	(16, 0.00016234910633539231)	(18, 0.00017883768744758057)	(20, 0.002237373621684625)	(22, 0.10557511650894831)	(24, 0.1242528738518779)	(26, 0.00014205546804346828)	(28, 0.00016869086830161858)	(30, 0.0001598124015489018)	(32, 0.09829223706693407)	(34, 0.00012810359171777047)	(36, 0.00014205546804346828)	(38, 0.00013951876325697774)	(40, 0.000145860525223204)	(42, 0.09816032841803655)	(44, 0.0004489967472088193)	(46, 0.0006925204067119077)	(48, 0.0007331076832957559)	(50, 0.00032469821267078463)	(52, 0.00012810359171777047)	(54, 0.0011897145448640466)	(56, 0.00021561990685169292)	(58, 0.00017756933505433533)	(60, 0.0010971248201571433)	(62, 0.09868415795644685)	(64, 0.004961794562375427)	(66, 0.00022449837360440965)	(68, 0.00018264274462731633)	(70, 0.00017630098266109006)	(72, 0.00017376427787459958)	(74, 0.0012696207456384975)	(76, 0.00028030587890720077)	(78, 0.006148972402452983)	(80, 0.00025367047864905046)	(82, 0.00019025285898678783)	(84, 0.0007267659213295296)	(86, 0.0013609421179521558)	(88, 0.006009453639196006)	(90, 0.004946574333656484)	(92, 0.0003779690131870852)	(94, 0.004032092258126657)	(96, 0.007577137197247137)	(98, 0.00033865008899648235)	(100, 0.0031835645070455833)
SRR26064286_1	(1, 0.00011386146563062465)	(2, 5.547097043543252e-05)	(3, 2.6275722837836453e-05)	(4, 9.05052675525478e-05)	(5, 0.1791011659122128)	(6, 6.422954471471134e-05)	(7, 0.1791011659122128)	(8, 2.6275722837836453e-05)	(9, 5.2551445675672906e-05)	(10, 2.6275722837836453e-05)	(12, 0.10572475012517461)	(14, 4.233310901651429e-05)	(16, 0.19557458436915637)	(18, 8.028693089338917e-05)	(20, 8.174669327326898e-05)	(22, 0.00016787267368617735)	(24, 0.00015473481226725914)	(26, 0.00010364312897146602)	(28, 9.926384183182661e-05)	(30, 0.12355282807064666)	(32, 0.0001313786141891823)	(34, 0.0001386774260885813)	(36, 0.00014743600036786012)	(38, 0.00019414839652401382)	(40, 0.10478904243967166)	(42, 0.0002218838817417301)	(44, 0.00019706792128377343)	(46, 0.00020290697080329264)	(48, 0.00024378031743992716)	(50, 0.00020728625794293204)	(52, 0.00024524007981980694)	(54, 0.0002627572283783646)	(56, 0.0003284465354729557)	(58, 0.0002116655450825715)	(60, 0.00019706792128377343)	(62, 0.0002321022184008887)	(64, 0.0003138489116741577)	(66, 0.00024378031743992716)	(68, 0.00016641291130629755)	(70, 0.0003196879611936769)	(72, 0.2299140345934489)	(74, 0.12398491773509107)	(76, 0.12391192961609708)	(78, 0.0003751589316291094)	(80, 0.10637872367136078)	(82, 0.0002758950897972828)	(84, 0.0005926635262312001)	(86, 0.0004963192091591331)	(88, 0.00040289441684682566)	(90, 0.00918336513182384)	(92, 0.008885573606328362)	(94, 0.009143951547567088)	(96, 0.0006043416252702385)	(98, 0.00032990629785283553)	(100, 0.00018976910938437442)
SRR26064286_2	(1, 0.0002656767531381242)	(2, 0.00023064245602100888)	(3, 9.34247923123074e-05)	(4, 0.00022480340650148968)	(5, 0.0001839300598648552)	(6, 0.0003474234464113932)	(7, 0.00019560815890389363)	(8, 8.466621803302858e-05)	(9, 0.00012845908942942267)	(10, 0.00015765433702701875)	(12, 0.00017079219844593697)	(14, 0.00011240170325074484)	(16, 0.00017809101034533598)	(18, 0.000348883208791273)	(20, 0.10307966069283243)	(22, 0.0001883093470044946)	(24, 0.00022480340650148968)	(26, 0.00016495314892641777)	(28, 0.00022626316888136949)	(30, 0.00014889576274773993)	(32, 0.0002277229312612493)	(34, 0.10364166920908614)	(36, 0.00014597623798798032)	(38, 0.00018976910938437442)	(40, 0.00027151580265764337)	(42, 0.00015765433702701875)	(44, 0.00017079219844593697)	(46, 0.00014743600036786012)	(48, 0.00019560815890389363)	(50, 0.00040873346636634484)	(52, 0.00021604483222221088)	(54, 0.0003766186940089892)	(56, 0.00016641291130629755)	(58, 0.00029341223835584044)	(60, 0.12372508003147248)	(62, 0.00012699932704954286)	(64, 0.0007838923979954543)	(66, 0.1041219310320666)	(68, 0.0005809854271921616)	(70, 0.00026859627789788376)	(72, 0.00016933243606605716)	(74, 0.0011780282405630012)	(76, 0.0006933871304429065)	(78, 0.10498757012333533)	(80, 0.0007240421404203824)	(82, 0.0002408607926801675)	(84, 0.0016670486378227351)	(86, 0.0025326877290914583)	(88, 0.0002350217431606483)	(90, 0.000252538891719206)	(92, 0.006491563303325484)	(94, 0.0006641918828453104)	(96, 0.007354282869834448)	(98, 0.003299062978528355)	(100, 0.0003357453473723547)
SRR26064287_1	(1, 5.8239769525818734e-05)	(2, 5.546644716744641e-05)	(3, 3.0506545942095526e-05)	(4, 4.714648009232944e-05)	(5, 0.1762723690981447)	(6, 6.101309188419105e-05)	(7, 0.17629732899937003)	(8, 1.663993415023392e-05)	(9, 4.714648009232944e-05)	(10, 2.4959901225350884e-05)	(12, 0.10394689531415295)	(14, 3.7439851838026324e-05)	(16, 0.1945554967457142)	(18, 6.101309188419105e-05)	(20, 9.151963782628658e-05)	(22, 0.00014421276263536066)	(24, 0.00010815957197652049)	(26, 9.290629900547273e-05)	(28, 8.597299310954193e-05)	(30, 0.12266127458844937)	(32, 0.0001150928778724513)	(34, 0.0001150928778724513)	(36, 0.0001400527790978022)	(38, 0.00018026595329420083)	(40, 0.10536683636163957)	(42, 0.00016917266386071153)	(44, 0.0001747193085774562)	(46, 0.00023850572282001954)	(48, 0.00024266570635757807)	(50, 0.0002468256898951365)	(52, 0.00026346562404537045)	(54, 0.0002371190616408334)	(56, 0.00031893207121281685)	(58, 0.0002482123510743227)	(60, 0.0002676256075829289)	(62, 0.0002606923016869981)	(64, 0.0003300253606463061)	(66, 0.0002606923016869981)	(68, 0.0001982925486236209)	(70, 0.0002787188970164182)	(72, 0.22882405446694182)	(74, 0.12256420830590634)	(76, 0.12238948899732888)	(78, 0.00033279868300467846)	(80, 0.10679787069855969)	(82, 0.00029258550880827984)	(84, 0.0006434107871423784)	(86, 0.000528317909269927)	(88, 0.00040213174196398647)	(90, 0.009240710098096572)	(92, 0.008892658142120846)	(94, 0.009174150361495636)	(96, 0.0006517307542174953)	(98, 0.00028426554173316285)	(100, 0.00018858592036931777)
SRR26064287_2	(1, 0.00018858592036931777)	(2, 0.0002301857557449026)	(3, 8.319967075116961e-05)	(4, 0.00022741243338653027)	(5, 0.00011647953905163747)	(6, 0.00035221193951328467)	(7, 0.00015253272971047763)	(8, 8.319967075116961e-05)	(9, 8.874631546791426e-05)	(10, 0.00011925286141000977)	(12, 0.00020245253216117937)	(14, 0.0001150928778724513)	(16, 0.00017333264739827003)	(18, 0.00031199876531688605)	(20, 0.1029096727521217)	(22, 0.00015253272971047763)	(24, 0.00018442593683175933)	(26, 0.0001428261014561745)	(28, 0.00026346562404537045)	(30, 0.00012895948966431292)	(32, 0.0002121591604154825)	(34, 0.10373057617019991)	(36, 0.00015530605206884996)	(38, 0.0001747193085774562)	(40, 0.0002440523675367642)	(42, 0.00012479950612675442)	(44, 0.0001927459039068763)	(46, 0.0001358927955602437)	(48, 0.00016501268032315306)	(50, 0.0004076783866807311)	(52, 0.0001927459039068763)	(54, 0.0004645314950273637)	(56, 0.00011786620023082362)	(58, 0.0003355720053630508)	(60, 0.12223418294526002)	(62, 0.00013450613438105755)	(64, 0.0009886894207597322)	(66, 0.10427276069126169)	(68, 0.00112319555514079)	(70, 0.0002953588311666521)	(72, 0.00019690588744443476)	(74, 0.001073275752690088)	(76, 0.0006697573495469154)	(78, 0.10609622014189149)	(80, 0.0008722098817080948)	(82, 0.0002371190616408334)	(84, 0.0026124696615867256)	(86, 0.003054814577747111)	(88, 0.00021909246631141333)	(90, 0.0001927459039068763)	(92, 0.008077301368759383)	(94, 0.0006531174153966814)	(96, 0.009115910591969817)	(98, 0.004115610379824524)	(100, 0.0002301857557449026)
SRR26064288_1	(1, 8.807477266359868e-05)	(2, 5.5780689353612494e-05)	(3, 2.3486606043626313e-05)	(4, 5.871651510906578e-05)	(5, 0.17433226918457176)	(6, 4.403738633179934e-05)	(7, 0.17434401248759357)	(8, 3.229408330998618e-05)	(9, 6.165234086451906e-05)	(10, 2.7890344676806247e-05)	(12, 0.10451392898125937)	(14, 5.4312776475885845e-05)	(16, 0.1930995353263069)	(18, 5.871651510906578e-05)	(20, 8.513894690814538e-05)	(22, 0.00015413085216129765)	(24, 0.00014972711352811773)	(26, 8.073520827496545e-05)	(28, 8.807477266359868e-05)	(30, 0.12394762756948241)	(32, 0.00013064424611767135)	(34, 0.00010275390144086512)	(36, 0.00012477259460676478)	(38, 0.00016734206806083747)	(40, 0.10268344162273424)	(42, 0.0001614704165499309)	(44, 0.00017321371957174406)	(46, 0.00023046232180308317)	(48, 0.0002333981475585365)	(50, 0.00024954518921352955)	(52, 0.0002451414505803496)	(54, 0.00024807727633580296)	(56, 0.00032147292022213515)	(58, 0.00025248101496898285)	(60, 0.00022018693165899665)	(62, 0.00023046232180308317)	(64, 0.00033761996187712823)	(66, 0.00022312275741444998)	(68, 0.00016293832942765752)	(70, 0.0002656922308685227)	(72, 0.22966084137184445)	(74, 0.12385514905818562)	(76, 0.12373478020221204)	(78, 0.0003082617043225953)	(80, 0.10624459826409907)	(82, 0.0002510131020912562)	(84, 0.0005945047154792911)	(86, 0.0004051439542525539)	(88, 0.00038459317396438085)	(90, 0.0092390436524115)	(92, 0.008917570732189366)	(94, 0.009211153307734693)	(96, 0.0005959726283570176)	(98, 0.00029211466266760227)	(100, 0.00012917633323994472)
SRR26064288_2	(1, 0.00022018693165899665)	(2, 0.00024954518921352955)	(3, 8.22031211526921e-05)	(4, 0.00022605858316990325)	(5, 0.00012917633323994472)	(6, 0.00033468413612167494)	(7, 0.00012330468172903813)	(8, 5.5780689353612494e-05)	(9, 9.981807568541182e-05)	(10, 0.00014825920065039108)	(12, 0.00015413085216129765)	(14, 7.92672953972388e-05)	(16, 0.00016000250367220425)	(18, 0.0003537670035321213)	(20, 0.10329115755411307)	(22, 0.00016880998093856412)	(24, 0.00018055328396037728)	(26, 0.00013651589762857794)	(28, 0.00021284736727036343)	(30, 0.00012917633323994472)	(32, 0.00019816823849309702)	(34, 0.10384602862189374)	(36, 0.00018055328396037728)	(38, 0.00017908537108265063)	(40, 0.0002069757157594569)	(42, 0.00014679128777266446)	(44, 0.0001644062423053842)	(46, 0.00013945172338403121)	(48, 0.0001746816324494707)	(50, 0.00035523491640984797)	(52, 0.00019670032561537037)	(54, 0.000400740215619374)	(56, 0.00013651589762857794)	(58, 0.0002877109240344223)	(60, 0.12361881508487163)	(62, 0.00012036885597358486)	(64, 0.0008161595600160143)	(66, 0.10442145046996257)	(68, 0.000512301594326599)	(70, 0.00026275640511306934)	(72, 0.00018936076122673715)	(74, 0.0010128598856313847)	(76, 0.0006238629730338239)	(78, 0.10521705924969042)	(80, 0.0006928548782869763)	(82, 0.0002598205793576161)	(84, 0.0021519602787472606)	(86, 0.002539489278467095)	(88, 0.0001908286741044638)	(90, 0.00018055328396037728)	(92, 0.006768546279197557)	(94, 0.0006179913215229174)	(96, 0.007881224240514354)	(98, 0.003540605861076666)	(100, 0.0002730317952571559)
SRR26064289_1	(1, 0.0001214901324160508)	(2, 4.5205630666437515e-05)	(3, 3.3904222999828136e-05)	(4, 6.780844599965627e-05)	(5, 0.17949743261684012)	(6, 5.08563344997422e-05)	(7, 0.17949743261684012)	(8, 3.955492683313282e-05)	(9, 5.9332390249699235e-05)	(10, 3.814225087480665e-05)	(12, 0.10410291672097229)	(14, 3.814225087480665e-05)	(16, 0.19380360204680924)	(18, 8.193520558291799e-05)	(20, 9.606196516617973e-05)	(22, 0.00014550562370759575)	(24, 0.0001779971707490977)	(26, 0.00010312534495781057)	(28, 0.0001017126689994844)	(30, 0.1255657025558218)	(32, 0.00014974365158257425)	(34, 0.00010877604879111526)	(36, 0.0001483309756242481)	(38, 0.00021048871779059966)	(40, 0.10377093787076563)	(42, 0.0001779971707490977)	(44, 0.00018506055054072856)	(46, 0.0002429802648321016)	(48, 0.00023167885716549226)	(50, 0.00025004364462373246)	(52, 0.0002486309686654063)	(54, 0.0002712337839986251)	(56, 0.0003093760348734317)	(58, 0.00022744082929051376)	(60, 0.00021896477354055668)	(62, 0.0002839478676235606)	(64, 0.00031643941466506255)	(66, 0.00024721829270708015)	(68, 0.0002034253379989688)	(70, 0.00031643941466506255)	(72, 0.23016870656604158)	(74, 0.12620705744090188)	(76, 0.12614348702277722)	(78, 0.0003701211010814571)	(80, 0.10443348289522061)	(82, 0.00024580561674875394)	(84, 0.0005523562997055333)	(86, 0.0005862605227053614)	(88, 0.0003969619442896544)	(90, 0.00922336133191158)	(92, 0.008981793743037803)	(94, 0.00923042471170321)	(96, 0.0005594196794971642)	(98, 0.0003418675819149337)	(100, 0.0002486309686654063)
SRR26064289_2	(1, 0.00024580561674875394)	(2, 0.0002797098397485821)	(3, 9.041126133287503e-05)	(4, 0.00024015491291544928)	(5, 0.00016669576308248833)	(6, 0.0002994873031651485)	(7, 0.00019494928224901177)	(8, 0.00010453802091613675)	(9, 0.00014974365158257425)	(10, 0.0001737591428741192)	(12, 0.00014268027179094339)	(14, 0.00012007745645772464)	(16, 0.00016104505924918364)	(18, 0.00037718448087308796)	(20, 0.10396588715301464)	(22, 0.00020201266204064263)	(24, 0.00023732956099879694)	(26, 0.00015539435541587896)	(28, 0.00024721829270708015)	(30, 0.00012996618816600786)	(32, 0.00020483801395729498)	(34, 0.10436426177326263)	(36, 0.00021472674566557816)	(38, 0.00020059998608231648)	(40, 0.00025286899654038483)	(42, 0.0001836478745824024)	(44, 0.00021190139374892584)	(46, 0.0001469182996659219)	(48, 0.00020766336587394734)	(50, 0.0003475182857482384)	(52, 0.00025286899654038483)	(54, 0.00040402532408128527)	(56, 0.00016952111499914067)	(58, 0.00026558308016532035)	(60, 0.12600363210290294)	(62, 0.00016952111499914067)	(64, 0.0007755591011210685)	(66, 0.10487141244230173)	(68, 0.0010058252823282347)	(70, 0.00023167885716549226)	(72, 0.00020766336587394734)	(74, 0.0010722210523695648)	(76, 0.0006554816446633439)	(78, 0.10716983622649841)	(80, 0.0006724337561632579)	(82, 0.0002797098397485821)	(84, 0.0023973111012795143)	(86, 0.002261694209280202)	(88, 0.0002797098397485821)	(90, 0.00027264645995695125)	(92, 0.006054729157385974)	(94, 0.0008278281115791368)	(96, 0.0071255375337972125)	(98, 0.0031248392198174927)	(100, 0.00031361406274841024)
SRR26064290_1	(1, 0.00010250168429486363)	(2, 6.662609479166135e-05)	(3, 1.7937794751601133e-05)	(4, 6.150101057691817e-05)	(5, 0.18330632456661197)	(6, 5.6375926362175e-05)	(7, 0.18333451252979308)	(8, 4.612575793268863e-05)	(9, 5.3813384254803406e-05)	(10, 3.0750505288459086e-05)	(12, 0.10487075447312866)	(14, 4.2281944771631246e-05)	(16, 0.1979807219444754)	(18, 8.456388954326249e-05)	(20, 0.00010506422640223521)	(22, 0.00017681540540863974)	(24, 0.00012556456326120793)	(26, 0.00011275185272435)	(28, 0.000106345497455921)	(30, 0.12410519553105982)	(32, 0.0001345334606370085)	(34, 0.00012043947904646476)	(36, 0.00012812710536857952)	(38, 0.0001921906580528693)	(40, 0.10621737035055243)	(42, 0.00017681540540863974)	(44, 0.00018706557383812612)	(46, 0.000275473276542446)	(48, 0.00022678497650238576)	(50, 0.0002536916686297875)	(52, 0.00026137929495190226)	(54, 0.00026394183705927385)	(56, 0.0003561933529246511)	(58, 0.0002536916686297875)	(60, 0.00022294116334132838)	(62, 0.0002498478554687301)	(64, 0.00031006759499196246)	(66, 0.00023319133177081476)	(68, 0.0002075659106970988)	(70, 0.0002895672581329897)	(72, 0.23013550030777413)	(74, 0.12390019216247009)	(76, 0.12380922191765839)	(78, 0.0003177552213140772)	(80, 0.1066811904719867)	(82, 0.000262660566005588)	(84, 0.0005368525714943483)	(86, 0.000550946553084892)	(88, 0.0004112880082331403)	(90, 0.00940709207616111)	(92, 0.009048336181129086)	(94, 0.009318684373456789)	(96, 0.0005573529083533209)	(98, 0.00035875589503202266)	(100, 0.0001973157422676125)
SRR26064290_2	(1, 0.00022037862123395677)	(2, 0.00020244082648235566)	(3, 5.3813384254803406e-05)	(4, 0.00017937794751601133)	(5, 0.00016400269487178178)	(6, 0.00034594318449516473)	(7, 0.0001588776106570386)	(8, 6.918863689903295e-05)	(9, 0.00010762676850960681)	(10, 0.00018450303173075453)	(12, 0.00015375252644229544)	(14, 0.00012043947904646476)	(16, 0.00017169032119389657)	(18, 0.00033313047395830674)	(20, 0.10337038606926259)	(22, 0.000162721423818096)	(24, 0.00014862744222755224)	(26, 0.00015247125538860962)	(28, 0.00018322176067706874)	(30, 0.00012684583431489375)	(32, 0.0001896281159454977)	(34, 0.1037483610300999)	(36, 0.000162721423818096)	(38, 0.00020115955542866987)	(40, 0.00023703514493187214)	(42, 0.00015247125538860962)	(44, 0.00015631506854966702)	(46, 0.00014606490012018068)	(48, 0.0001601588817107244)	(50, 0.0002895672581329897)	(52, 0.0001921906580528693)	(54, 0.00035875589503202266)	(56, 0.00012300202115383634)	(58, 0.00023703514493187214)	(60, 0.12368237608334351)	(62, 0.0001601588817107244)	(64, 0.0007290432295472175)	(66, 0.10428136978843319)	(68, 0.0006162913768228675)	(70, 0.00021140972385815624)	(72, 0.0001383772737980659)	(74, 0.0010916429377402976)	(76, 0.0006496044242186982)	(78, 0.10581505123969509)	(80, 0.0006201351899839249)	(82, 0.0002485665844150443)	(84, 0.002234536717628027)	(86, 0.0022114738386616825)	(88, 0.0001883468448918119)	(90, 0.00021140972385815624)	(92, 0.005886159220632544)	(94, 0.0006034786662860095)	(96, 0.006836862342467403)	(98, 0.0030942695946511957)	(100, 0.00026394183705927385)
SRR26064291_1	(1, 8.504620697106141e-05)	(2, 6.07472906936153e-05)	(3, 3.644837441616918e-05)	(4, 5.1635197089573004e-05)	(5, 0.16814546327539248)	(6, 4.556046802021147e-05)	(7, 0.16818494901434333)	(8, 2.429891627744612e-05)	(9, 5.467256162425377e-05)	(10, 2.8854963079467265e-05)	(12, 0.10383686266486397)	(14, 3.037364534680765e-05)	(16, 0.19074649277795203)	(18, 8.049016016904027e-05)	(20, 8.504620697106141e-05)	(22, 0.00014123745086265556)	(24, 0.00011693853458520944)	(26, 0.00011390117005052868)	(28, 0.00010023302964446524)	(30, 0.12207319933108729)	(32, 0.00012605062818925173)	(34, 0.0001214945813872306)	(36, 0.0001473121799320171)	(38, 0.0001716110962094632)	(40, 0.10302588633410421)	(42, 0.00017616714301148435)	(44, 0.00019591001248690936)	(46, 0.00023235838690307853)	(48, 0.0002536199386458439)	(50, 0.0002460265273091419)	(52, 0.0002353957514377593)	(54, 0.00023843311597244006)	(56, 0.00033411009881488416)	(58, 0.000226283657833717)	(60, 0.0002338770691704189)	(62, 0.00024754520957648236)	(64, 0.00034625955695360717)	(66, 0.00025210125637850346)	(68, 0.00021261551742765355)	(70, 0.0003204419584088207)	(72, 0.2287636659762838)	(74, 0.12214457739765229)	(76, 0.1221081290232361)	(78, 0.00034929692148828794)	(80, 0.10701698333267474)	(82, 0.0002718441258539285)	(84, 0.0005907674019954088)	(86, 0.0004070068476472225)	(88, 0.00044649258659807246)	(90, 0.009446203702857179)	(92, 0.009162210118864526)	(94, 0.009475058665936646)	(96, 0.0006545520572237048)	(98, 0.0003280353697455226)	(100, 0.00023691443370509965)
SRR26064291_2	(1, 0.00019742869475424972)	(2, 0.00018527923661552665)	(3, 7.897147790169989e-05)	(4, 0.00023083970463573812)	(5, 0.00013971876859531518)	(6, 0.00034625955695360717)	(7, 0.00015794295580339978)	(8, 9.112093604042294e-05)	(9, 9.719566510978448e-05)	(10, 0.00014275613312999595)	(12, 0.00019894737702159013)	(14, 0.00013516272179329403)	(16, 0.00018376055434818627)	(18, 0.0003325914165475438)	(20, 0.10267051468354656)	(22, 0.00017009241394212282)	(24, 0.00020502210609095166)	(26, 0.00015946163807074016)	(28, 0.00026121334998254576)	(30, 0.00013364403952595365)	(32, 0.0001928726479522286)	(34, 0.10333114146983961)	(36, 0.00020350342382361125)	(38, 0.00017312977847680358)	(40, 0.000226283657833717)	(42, 0.00014123745086265556)	(44, 0.00016857373167478246)	(46, 0.00017009241394212282)	(48, 0.00018527923661552665)	(50, 0.00038422661363711675)	(52, 0.00019742869475424972)	(54, 0.000381189249102436)	(56, 0.0001366814040606344)	(58, 0.0002839935839926515)	(60, 0.12192436846888792)	(62, 0.00013060667499127288)	(64, 0.0008747609859880603)	(66, 0.10379737692591312)	(68, 0.00044193653979605126)	(70, 0.0002536199386458439)	(72, 0.0001716110962094632)	(74, 0.0011784974394561368)	(76, 0.0006803696557684913)	(78, 0.10424386951251119)	(80, 0.000651514692689024)	(82, 0.00025665730318052466)	(84, 0.001488308621993575)	(86, 0.0027427401748167306)	(88, 0.00023691443370509965)	(90, 0.00022932102236839777)	(92, 0.006966195560290335)	(94, 0.0006985938429765759)	(96, 0.008044459970102006)	(98, 0.0036190198430721314)	(100, 0.00026121334998254576)
SRR26064292_1	(1, 0.00010584908519634094)	(2, 4.116353313191036e-05)	(3, 5.58647949647355e-05)	(4, 8.232706626382072e-05)	(5, 0.1796817623731553)	(6, 5.880504733130052e-05)	(7, 0.17971998565392064)	(8, 3.2342776032215284e-05)	(9, 7.056605679756062e-05)	(10, 4.263365931519288e-05)	(12, 0.10499200163148724)	(14, 3.528302839878031e-05)	(16, 0.19542240341756117)	(18, 9.114782336351581e-05)	(20, 8.673744481366826e-05)	(22, 0.00016171388016107644)	(24, 0.00016024375397779393)	(26, 0.00011613996847931853)	(28, 0.00010290883282977593)	(30, 0.12466523021617382)	(32, 0.00012202047321244858)	(34, 0.00010584908519634094)	(36, 0.00014260223977840376)	(38, 0.00018964627764344417)	(40, 0.10425987879221253)	(42, 0.00019552678237657424)	(44, 0.00018523589909359665)	(46, 0.00023522018932520207)	(48, 0.00022639943222550703)	(50, 0.000277853848640395)	(52, 0.0002455110726081797)	(54, 0.0003057862461227627)	(56, 0.0003543004101710857)	(58, 0.0002749135962738299)	(60, 0.0002690330915406999)	(62, 0.00028667460574009003)	(64, 0.00037929255528688834)	(66, 0.0002675629653574174)	(68, 0.00020875791802611686)	(70, 0.00032195763413887037)	(72, 0.2293411547182553)	(74, 0.12384784005826874)	(76, 0.12373758059452254)	(78, 0.000332248517421848)	(80, 0.10588289809855644)	(82, 0.0002705032177239824)	(84, 0.0005895205994962877)	(86, 0.00045867936918414406)	(88, 0.0003763523029203233)	(90, 0.009217691169181357)	(92, 0.008883972525576225)	(94, 0.009195639276432119)	(96, 0.0005718790852968975)	(98, 0.00034253940070482554)	(100, 0.0002146384227592469)
SRR26064292_2	(1, 0.0002852044795568075)	(2, 0.00024110069405833216)	(3, 9.114782336351581e-05)	(4, 0.00020581766565955185)	(5, 0.00018523589909359665)	(6, 0.0003616510410874982)	(7, 0.00018817615146016166)	(8, 8.232706626382072e-05)	(9, 9.996858046321088e-05)	(10, 0.000169064511077489)	(12, 0.00017347488962733652)	(14, 0.0001337814826787087)	(16, 0.00016024375397779393)	(18, 0.0003366588959716955)	(20, 0.10306466620520385)	(22, 0.00019993716092642176)	(24, 0.00020434753947626928)	(26, 0.00017935539436046658)	(28, 0.00022933968459207203)	(30, 0.00016465413252764145)	(32, 0.00020434753947626928)	(34, 0.1034983534292722)	(36, 0.00017494501581061906)	(38, 0.0002146384227592469)	(40, 0.0002543318297078747)	(42, 0.00018376577291031413)	(44, 0.000166124258710924)	(46, 0.00013084123031214365)	(48, 0.00018229564672703162)	(50, 0.00029696548902306765)	(52, 0.00020728779184283437)	(54, 0.00028667460574009003)	(56, 0.00016759438489420648)	(58, 0.00023375006314191958)	(60, 0.12359644848092743)	(62, 0.0001587736277945114)	(64, 0.0006806684228598035)	(66, 0.10395409254608978)	(68, 0.0005204246688820097)	(70, 0.00019846703474313924)	(72, 0.0001808255205437491)	(74, 0.0010305584544810416)	(76, 0.0006086322398789603)	(78, 0.10524192308264525)	(80, 0.0006203932493452205)	(82, 0.0003087264984893277)	(84, 0.002040535142396128)	(86, 0.002077288296978191)	(88, 0.00023375006314191958)	(90, 0.0002455110726081797)	(92, 0.0055541367204413345)	(94, 0.0006968398108759112)	(96, 0.0065097187395749675)	(98, 0.0030152288019124345)	(100, 0.00025580195589115724)
SRR26064293_1	(1, 7.590702415594464e-05)	(2, 4.187973746534877e-05)	(3, 5.234967183168597e-05)	(4, 6.543708978960746e-05)	(5, 0.1788631237473214)	(6, 3.926225387376447e-05)	(7, 0.1788709761980962)	(8, 4.711470464851737e-05)	(9, 3.4027286690595876e-05)	(10, 2.6174835915842985e-05)	(12, 0.10431588231720483)	(14, 3.010106130321943e-05)	(16, 0.19669211323139787)	(18, 6.151086440223101e-05)	(20, 6.93633151769839e-05)	(22, 0.00014134411394555208)	(24, 0.00011255179443812482)	(26, 0.00012171298700866985)	(28, 9.553815109282688e-05)	(30, 0.12221554385825405)	(32, 0.00012171298700866985)	(34, 0.00010862556905074837)	(36, 0.0001439615975371364)	(38, 0.00015574027369926575)	(40, 0.1066231941031864)	(42, 0.00016097524088243436)	(44, 0.00016490146626981078)	(46, 0.0001989287529604067)	(48, 0.00020939868732674388)	(50, 0.0002080899455309517)	(52, 0.00023949974862996328)	(54, 0.00024604345760892405)	(56, 0.0003075543220111551)	(58, 0.000210707429122536)	(60, 0.0001976200111646145)	(62, 0.00023557352324258683)	(64, 0.000324567965356453)	(66, 0.0002447347158131319)	(68, 0.00017798888422773226)	(70, 0.00031017180560273934)	(72, 0.23028358890399497)	(74, 0.1231421330496749)	(76, 0.12305444734935682)	(78, 0.0003127892891943236)	(80, 0.10757595813052306)	(82, 0.00025782213377105337)	(84, 0.000570611422965377)	(86, 0.0004920869152178481)	(88, 0.00037168267000497036)	(90, 0.008985821169908896)	(92, 0.00865340075377769)	(94, 0.008929545272689833)	(96, 0.0005405103616621575)	(98, 0.00028268822789110417)	(100, 0.00014134411394555208)
SRR26064293_2	(1, 0.00023295603965100252)	(2, 0.00024604345760892405)	(3, 8.114199133911324e-05)	(4, 0.0001465790811287207)	(5, 0.0001361091467623835)	(6, 0.0002774532607079356)	(7, 0.00012302172880446202)	(8, 6.020212260643886e-05)	(9, 0.00010208186007178762)	(10, 0.00012956543778342276)	(12, 0.0001439615975371364)	(14, 9.946437648020334e-05)	(16, 0.00011124305264233266)	(18, 0.0002761445189121435)	(20, 0.10349530121124315)	(22, 0.00015181404831188927)	(24, 0.00017929762602352442)	(26, 0.00012040424521287772)	(28, 0.00020416372014357524)	(30, 0.00011255179443812482)	(32, 0.00016882769165718723)	(34, 0.10403188534751794)	(36, 0.00012171298700866985)	(38, 0.00018584133500248518)	(40, 0.00019500252757303024)	(42, 0.0001282566959876306)	(44, 0.000149196564720305)	(46, 0.00015181404831188927)	(48, 0.00011516927802970913)	(50, 0.000324567965356453)	(52, 0.00017275391704456368)	(54, 0.00033503789972279014)	(56, 0.00012433047060025416)	(58, 0.00022772107246783394)	(60, 0.1229065595264323)	(62, 0.00011909550341708558)	(64, 0.0007813188520879131)	(66, 0.10449648868502415)	(68, 0.0006766195084245411)	(70, 0.00021855987989728888)	(72, 0.00013480040496659137)	(74, 0.0010653158217748093)	(76, 0.0005994037424728042)	(78, 0.10603687777867149)	(80, 0.0005980950006770121)	(82, 0.00016359272447401862)	(84, 0.002222243569255069)	(86, 0.002343956556263739)	(88, 0.00019631126936882237)	(90, 0.00017929762602352442)	(92, 0.006352632676775092)	(94, 0.0006177261276138944)	(96, 0.007182374975307313)	(98, 0.0032103436250781416)	(100, 0.0002643658427500141)
SRR26064294_1	(1, 0.21868309858859078)	(2, 0.0001615805368616749)	(3, 0.00014865409391274088)	(4, 0.00018743342275954285)	(5, 0.00013249604022657342)	(6, 0.20687156134400236)	(7, 0.00010017993285423841)	(8, 5.493738253296946e-05)	(9, 8.725348990530443e-05)	(10, 0.3102960313784232)	(12, 4.685835568988571e-05)	(14, 0.11169416191100137)	(16, 0.0002779185234020808)	(18, 0.11196238560219175)	(20, 0.10380903171215165)	(22, 0.0004540413085813064)	(24, 0.0004314200334206719)	(26, 0.11208680261557524)	(28, 0.3353862571423041)	(30, 0.11219182996453535)	(32, 0.0006204692615488315)	(34, 0.10339215392704852)	(36, 0.11228231506517788)	(38, 0.0007626601339871053)	(40, 0.11233725244771083)	(42, 0.0007949762413594403)	(44, 0.11899921798251771)	(46, 0.004186551710085996)	(48, 0.11245035882351401)	(50, 0.11245359043425124)	(52, 0.31937039432857484)	(54, 0.0011310637580317243)	(56, 0.0012748704358386148)	(58, 0.005847599629024014)	(60, 0.010396091741680161)	(62, 0.0010987476506593892)	(64, 0.10455068637634674)	(66, 0.11145179110570887)	(68, 0.00111328989897694)	(70, 0.0010680473486556709)	(72, 0.0011019792613966228)	(74, 0.0012150856371997952)	(76, 0.0010179573822285517)	(78, 0.001042194462757803)	(80, 0.0010050309392796177)	(82, 0.000945246140640798)	(84, 0.0009193932547429301)	(86, 0.0009533251674838818)	(88, 0.0008919245634764453)	(90, 0.0009307038923232474)	(92, 0.0007303440266147705)	(94, 0.000668943422607334)	(96, 0.0007723549661988058)	(98, 0.0006059270132312808)	(100, 0.000597847986388197)
SRR26064294_2	(1, 0.0002746869126648473)	(2, 0.0001518857046499744)	(3, 6.786382548190345e-05)	(4, 0.0001357276509638069)	(5, 0.00019389664423400985)	(6, 0.00011633798654040592)	(7, 8.725348990530443e-05)	(8, 8.079026843083744e-05)	(9, 0.00017127536907337538)	(10, 8.402187916807093e-05)	(12, 6.94796308505202e-05)	(14, 6.140060400743646e-05)	(16, 0.00011795379190902266)	(18, 0.00018097020128507584)	(20, 0.00015350151001859114)	(22, 0.0001761227851792256)	(24, 0.00015673312075582463)	(26, 0.0001615805368616749)	(28, 0.00018904922812815962)	(30, 0.00019712825497124336)	(32, 0.00022621275160634484)	(34, 0.00034901395962121774)	(36, 0.00013734345633242365)	(38, 0.00019712825497124336)	(40, 0.0002149021140260276)	(42, 0.00015350151001859114)	(44, 0.00014380667780689065)	(46, 0.00020682308718294386)	(48, 0.00013411184559519013)	(50, 0.00017127536907337538)	(52, 0.0001922808388653931)	(54, 0.0002746869126648473)	(56, 0.008933787883082004)	(58, 0.004524255032126897)	(60, 0.00015026989928135763)	(62, 0.00020843889255156057)	(64, 0.0005849215434392631)	(66, 0.0008983877849509124)	(68, 0.0011375269795061912)	(70, 0.00023913919455527882)	(72, 0.0001858176173909261)	(74, 0.0002746869126648473)	(76, 0.00022944436234357833)	(78, 0.0027436375159112392)	(80, 0.00032154526835473303)	(82, 0.0002520656375042128)	(84, 0.00236069164354907)	(86, 0.002129631475836875)	(88, 0.0002940765770882483)	(90, 0.0002552972482414463)	(92, 0.004530718253601363)	(94, 0.0004039513421541872)	(96, 0.005883147347133582)	(98, 0.0024156290260820396)	(100, 0.00031023463077441577)
SRR26064295_1	(1, 0.20927733458912537)	(2, 0.00013964623210551363)	(3, 0.00011520814148704873)	(4, 0.00012219045309232442)	(5, 0.00011520814148704873)	(6, 0.2100104773076793)	(7, 9.775236247385953e-05)	(8, 4.8876181236929765e-05)	(9, 5.9349648644843286e-05)	(10, 0.2903210253915602)	(12, 5.236733703956761e-05)	(14, 0.10924524737614331)	(16, 0.00020946934815827044)	(18, 0.10947042692541345)	(20, 0.10529849574126121)	(22, 0.00034213326865850836)	(24, 0.00030722171063212996)	(26, 0.10951406637294643)	(28, 0.33132814144934425)	(30, 0.10958912622270314)	(32, 0.00043290331952709223)	(34, 0.09736658975766804)	(36, 0.1096694228061638)	(38, 0.0005062175913824868)	(40, 0.10960832757961764)	(42, 0.0005341468378035896)	(44, 0.11669362828107115)	(46, 0.0041300373145205654)	(48, 0.10979684999296009)	(50, 0.10981081461617065)	(52, 0.3198404932807644)	(54, 0.0007750365881856005)	(56, 0.0009740324689359574)	(58, 0.005503807122858555)	(60, 0.01002310830937324)	(62, 0.0008710433727581413)	(64, 0.10586231740338725)	(66, 0.1089764283793402)	(68, 0.0008850079959686925)	(70, 0.000809948146211979)	(72, 0.0008151848799159358)	(74, 0.0010438555849887144)	(76, 0.000876280106462098)	(78, 0.0008692977948568223)	(80, 0.000809948146211979)	(82, 0.0006895032710209735)	(84, 0.000809948146211979)	(86, 0.0007034678942315248)	(88, 0.0006825209594156979)	(90, 0.0008239127694225305)	(92, 0.0005795318632378816)	(94, 0.0006057155317576653)	(96, 0.0007244148290473519)	(98, 0.0005673128179286491)	(100, 0.0005097087471851246)
SRR26064295_2	(1, 0.00023739859457937314)	(2, 0.00020946934815827044)	(3, 5.585849284220545e-05)	(4, 9.077005086858385e-05)	(5, 0.00016757547852661636)	(6, 0.00013615507630287577)	(7, 6.982311605275681e-05)	(8, 0.00011520814148704873)	(9, 0.00011869929728968657)	(10, 0.00011520814148704873)	(12, 0.00011520814148704873)	(14, 9.251562876990277e-05)	(16, 0.00014313738790815145)	(18, 0.00022168839346750288)	(20, 0.0001571020111187028)	(22, 0.00014313738790815145)	(24, 0.00015361085531606498)	(26, 0.00014139181000683254)	(28, 0.0001920135691450812)	(30, 0.00020597819235563261)	(32, 0.00018852241334244338)	(34, 0.00020772377025695153)	(36, 0.0001204448751910055)	(38, 0.00017630336803321094)	(40, 0.00019026799124376232)	(42, 0.00016932105642793527)	(44, 0.00013440949840155686)	(46, 0.00016059316692134068)	(48, 0.00016582990062529742)	(50, 0.00018677683544112447)	(52, 0.00017455779013189203)	(54, 0.00020946934815827044)	(56, 0.008466052821396763)	(58, 0.004322050883665647)	(60, 0.00016059316692134068)	(62, 0.0001623387448226596)	(64, 0.00043464889742841114)	(66, 0.000635390356080087)	(68, 0.0004939985460732544)	(70, 0.00017455779013189203)	(72, 0.00015186527741474607)	(74, 0.0002147060818622272)	(76, 0.0001920135691450812)	(78, 0.0011433535253638927)	(80, 0.00027580130840838943)	(82, 0.0002618366851978381)	(84, 0.0012603072447522603)	(86, 0.0015745112669896658)	(88, 0.0002740557305070705)	(90, 0.00021994281556618397)	(92, 0.003295651077690122)	(94, 0.00030722171063212996)	(96, 0.004419803246139506)	(98, 0.0018904608671283908)	(100, 0.00034911558026378406)
SRR26064296_1	(1, 0.2199276663051842)	(2, 0.00012400770583884083)	(3, 0.00010168631878784949)	(4, 0.00015376955524016263)	(5, 9.176570232074221e-05)	(6, 0.2081593350210782)	(7, 0.00010664662702140311)	(8, 6.448400703619723e-05)	(9, 6.944431526975087e-05)	(10, 0.30712244458870674)	(12, 4.712292821875951e-05)	(14, 0.11083312717052238)	(16, 0.0002591761052031773)	(18, 0.11104146011633163)	(20, 0.10436240507985166)	(22, 0.000446427741019827)	(24, 0.0003943445045675139)	(26, 0.11122375144391472)	(28, 0.33429005278387997)	(30, 0.11131799730035226)	(32, 0.0005890366027344939)	(34, 0.10320541318437529)	(36, 0.1114184435420817)	(38, 0.0007093240773981696)	(40, 0.11143208438972399)	(42, 0.0007192446938652768)	(44, 0.11857368816898282)	(46, 0.0043452300125929825)	(48, 0.11156601271202991)	(50, 0.11160197494672319)	(52, 0.31977743096956046)	(54, 0.0010553055766885353)	(56, 0.0011582319725347732)	(58, 0.005713035007995397)	(60, 0.010188473111719162)	(62, 0.0009709803367181237)	(64, 0.10513125285605247)	(66, 0.11197151791012294)	(68, 0.0010243036502288253)	(70, 0.0009312978708496946)	(72, 0.0009486589496671323)	(74, 0.0011049086590240718)	(76, 0.0009759406449516774)	(78, 0.001018103264936883)	(80, 0.0009759406449516774)	(82, 0.0009722204137765121)	(84, 0.0010404246519878746)	(86, 0.0010081826484697758)	(88, 0.0008978157902732076)	(90, 0.0009672601055429584)	(92, 0.0006311992227196998)	(94, 0.0007217248479820537)	(96, 0.0008668138638134974)	(98, 0.0006944431526975086)	(100, 0.0006845225362304014)
SRR26064296_2	(1, 0.00022817417874346712)	(2, 0.0001810512505247076)	(3, 0.00011408708937173356)	(4, 0.00015872986347371625)	(5, 0.00019097186699181486)	(6, 0.00014136878465627854)	(7, 0.00013144816818917127)	(8, 0.00010912678113817994)	(9, 0.00017609094229115396)	(10, 0.00010044624172946108)	(12, 9.796608761268424e-05)	(14, 7.44046235033045e-05)	(16, 0.00010664662702140311)	(18, 0.00020089248345892216)	(20, 0.00015252947818177422)	(22, 0.00016245009464888147)	(24, 0.00016741040288243512)	(26, 0.00014508901583144376)	(28, 0.00016369017170726988)	(30, 0.00016369017170726988)	(32, 0.00019221194405020327)	(34, 0.00035342196164069636)	(36, 0.00015872986347371625)	(38, 0.00017485086523276556)	(40, 0.00020213256051731057)	(42, 0.00011780732054689879)	(44, 0.00016121001759049306)	(46, 0.00015252947818177422)	(48, 0.00015252947818177422)	(50, 0.00016865047994082353)	(52, 0.00013888863053950173)	(54, 0.00029265818577966433)	(56, 0.008808267345732864)	(58, 0.004484118643132484)	(60, 0.00018849171287503805)	(62, 0.00016865047994082353)	(64, 0.0006708816885881289)	(66, 0.0009139367920322569)	(68, 0.0007192446938652768)	(70, 0.00015748978641532785)	(72, 0.00014632909288983217)	(74, 0.00017609094229115396)	(76, 0.00017609094229115396)	(78, 0.0018960778222758762)	(80, 0.00030505895636354845)	(82, 0.00019965240640053376)	(84, 0.0019878435245966187)	(86, 0.0025185965055868572)	(88, 0.0002256940246266903)	(90, 0.0002083329458092526)	(92, 0.005447658517500277)	(94, 0.00032738034341453975)	(96, 0.007054798385171654)	(98, 0.0029005402395704868)	(100, 0.0002827375693125571)
SRR26064297_1	(1, 0.22107029555402122)	(2, 0.00013258330135791145)	(3, 9.438133317003865e-05)	(4, 0.00014606634895363124)	(5, 0.00011685307916290499)	(6, 0.2066659063725939)	(7, 0.00012134742836147825)	(8, 5.8426539581452496e-05)	(9, 7.19095871771723e-05)	(10, 0.31333703742613117)	(12, 8.202187287396216e-05)	(14, 0.1118733402508858)	(16, 0.0003190987930987021)	(18, 0.11217446164719022)	(20, 0.10369811905868104)	(22, 0.0005292096181320024)	(24, 0.00046741231665161997)	(26, 0.11230704494854812)	(28, 0.3351750801819987)	(30, 0.11237670736112602)	(32, 0.0006314560623995443)	(34, 0.10392508369320899)	(36, 0.1125418746941736)	(38, 0.0007213430463710097)	(40, 0.1125036727259857)	(42, 0.0008056120938442585)	(44, 0.11990586585603588)	(46, 0.004559517261952581)	(48, 0.11273737888431153)	(50, 0.1127497383446076)	(52, 0.31940890319340365)	(54, 0.0010898796806540177)	(56, 0.001271900823196235)	(58, 0.005874114402535263)	(60, 0.010247116172747053)	(62, 0.0011314524107408205)	(64, 0.10455653975560852)	(66, 0.11285984989997265)	(68, 0.001122463712343674)	(70, 0.0011494298075351134)	(72, 0.00115841850593226)	(74, 0.001346057584972694)	(76, 0.0011921261249215596)	(78, 0.0011674072043294066)	(80, 0.0011426882837372535)	(82, 0.001049430537866858)	(84, 0.0010606664108632916)	(86, 0.001049430537866858)	(88, 0.0008954990778157238)	(90, 0.0009629143157943228)	(92, 0.0007146015225731497)	(94, 0.000740444030464946)	(96, 0.0008449376493317745)	(98, 0.0006471862845945507)	(100, 0.0006539278083924106)
SRR26064297_2	(1, 0.0002853911741094026)	(2, 0.00017977396794293076)	(3, 9.887568236861191e-05)	(4, 0.00016404374574792433)	(5, 0.00017527961874435748)	(6, 0.00015280787275149114)	(7, 8.988698397146538e-05)	(8, 0.00012134742836147825)	(9, 0.00025842507891796294)	(10, 0.00012022384106183494)	(12, 9.887568236861191e-05)	(14, 9.662850776932528e-05)	(16, 0.0001370776505564847)	(18, 0.00019775136473722382)	(20, 0.0001696616822461409)	(22, 0.0001887626663400773)	(24, 0.00016404374574792433)	(26, 0.00017303244414507087)	(28, 0.00020449288853508375)	(30, 0.00016067298384899435)	(32, 0.00016404374574792433)	(34, 0.0003865140310773011)	(36, 0.0001505606981522045)	(38, 0.00019438060283829387)	(40, 0.000187639079040434)	(42, 0.000138201237856128)	(44, 0.00016516733304756763)	(46, 0.00016516733304756763)	(48, 0.0001494371108525612)	(50, 0.00016404374574792433)	(52, 0.00014157199975505799)	(54, 0.00023033539642688)	(56, 0.00887746325448185)	(58, 0.004517944531865778)	(60, 0.0001764032060440008)	(62, 0.0001898862536397206)	(64, 0.0005887597450130982)	(66, 0.0009337010460035967)	(68, 0.000984262474487546)	(70, 0.00016629092034721094)	(72, 0.00017527961874435748)	(74, 0.00018314472984186071)	(76, 0.00014718993625327455)	(78, 0.00233032005946024)	(80, 0.00028876193600833254)	(82, 0.0002426948567229565)	(84, 0.0024606561862188644)	(86, 0.0023123426626659466)	(88, 0.00021235799963258695)	(90, 0.00021460517423187357)	(92, 0.005049401324597067)	(94, 0.00033707618989299516)	(96, 0.006242651036818271)	(98, 0.0025482959955910435)	(100, 0.0003056157455029823)
SRR26064298_1	(1, 0.22054196261002365)	(2, 0.00016598287342029367)	(3, 9.336536629891519e-05)	(4, 0.00014264153184556487)	(5, 0.00010373929588768354)	(6, 0.20783908582857677)	(7, 8.039795431295475e-05)	(8, 8.8178401504531e-05)	(9, 9.855233109329937e-05)	(10, 0.31129309865256916)	(12, 6.743054232699429e-05)	(14, 0.11109052174252451)	(16, 0.0003021406992728783)	(18, 0.11139525592419458)	(20, 0.10430597179147001)	(22, 0.00044737571351563527)	(24, 0.0003890223595788133)	(26, 0.11147954410210333)	(28, 0.33592858794349684)	(30, 0.11152752352645139)	(32, 0.0005744563509780476)	(34, 0.10376523071165547)	(36, 0.11170906729425484)	(38, 0.0006522608228938103)	(40, 0.11161310844555873)	(42, 0.0006950532824474797)	(44, 0.11859735654119702)	(46, 0.004268872025778177)	(48, 0.11187634690887371)	(50, 0.11185170882610038)	(52, 0.31965448590111645)	(54, 0.0010373929588768354)	(56, 0.0011670670787364398)	(58, 0.005745860250979072)	(60, 0.010312982752434339)	(62, 0.0010023809465147422)	(64, 0.10498935440313012)	(66, 0.11273219609994711)	(68, 0.0009388406277835359)	(70, 0.0009699624165498412)	(72, 0.0009466210749751123)	(74, 0.0011631768551406518)	(76, 0.0010075679113091263)	(78, 0.0010633277828487563)	(80, 0.0010905593480192732)	(82, 0.0009816330873372056)	(84, 0.0010322059940824514)	(86, 0.0010685147476431405)	(88, 0.0008765970502509258)	(90, 0.0010438766648698157)	(92, 0.0007248783300151888)	(94, 0.0008039795431295473)	(96, 0.0009193895098045954)	(98, 0.0006859760940573073)	(100, 0.0007183946240222085)
SRR26064298_2	(1, 0.00026712868691078514)	(2, 0.00017895028540625412)	(3, 8.039795431295475e-05)	(4, 0.00013486108465398858)	(5, 0.00012708063746241232)	(6, 0.00011930019027083607)	(7, 8.039795431295475e-05)	(8, 0.00010892626068206771)	(9, 0.00015042197903714113)	(10, 9.206862510031915e-05)	(12, 9.466210749751124e-05)	(14, 7.780447191576265e-05)	(16, 9.855233109329937e-05)	(18, 0.00022822645095290378)	(20, 0.00017506006181046597)	(22, 0.0001646861322216976)	(24, 0.00016857635581748575)	(26, 0.00016857635581748575)	(28, 0.00017376332061186993)	(30, 0.00017895028540625412)	(32, 0.00020099488578238683)	(34, 0.0004201441483451183)	(36, 0.00012189367266802815)	(38, 0.00017765354420765805)	(40, 0.00019969814458379082)	(42, 0.00014134479064696883)	(44, 0.0001491252378385451)	(46, 0.00015171872023573717)	(48, 0.0001231904138666242)	(50, 0.00021007207417255916)	(52, 0.00018673073259783038)	(54, 0.0003099211464644546)	(56, 0.009078485131370904)	(58, 0.004607321478611745)	(60, 0.00012967411985960442)	(62, 0.00014523501424275695)	(64, 0.0006652282348797707)	(66, 0.0011735507847294199)	(68, 0.0013187857989721769)	(70, 0.00015171872023573717)	(72, 0.0001439382730441609)	(74, 0.00019710466218659874)	(76, 0.00021525903896694337)	(78, 0.0034739696710388026)	(80, 0.00030603092286866646)	(82, 0.000176356803009062)	(84, 0.0033157672448100852)	(86, 0.0029695373447849414)	(88, 0.00022952319215149982)	(90, 0.00016857635581748575)	(92, 0.006470738580994261)	(94, 0.0002969537344784941)	(96, 0.008371761178136062)	(98, 0.0031860931249504806)	(100, 0.00027490913410236137)
SRR26064299_1	(1, 0.21578352230308798)	(2, 0.00018289489101411442)	(3, 0.00013864612705908675)	(4, 0.00012979637426808118)	(5, 0.00011209686868607012)	(6, 0.20533491417450744)	(7, 9.144744550705721e-05)	(8, 5.309851674603322e-05)	(9, 8.849752791005537e-05)	(10, 0.3011998612830749)	(12, 6.0473310738537835e-05)	(14, 0.11144788681472972)	(16, 0.00031121630648369466)	(18, 0.1117591031212134)	(20, 0.10303029695168495)	(22, 0.0004941111974978091)	(24, 0.00044838747474428047)	(26, 0.11185940031951148)	(28, 0.3323229668902429)	(30, 0.11198919669377955)	(32, 0.0006194826953703875)	(34, 0.10074411081400853)	(36, 0.11211014331525664)	(38, 0.0006696312945194189)	(40, 0.1120511449633166)	(42, 0.0007124050996759456)	(44, 0.1187946565900628)	(46, 0.004216907204914138)	(48, 0.11220601563715919)	(50, 0.11218241629638316)	(52, 0.31755862931724865)	(54, 0.0010000220653836255)	(56, 0.0011401431512412133)	(58, 0.005905735029197694)	(60, 0.0105489053268786)	(62, 0.0010206714885626386)	(64, 0.10382087486768145)	(66, 0.11188889949548149)	(68, 0.0010014970241821264)	(70, 0.0009793726422046127)	(72, 0.0009837975186001153)	(74, 0.0011194937280622004)	(76, 0.0010575454585251616)	(78, 0.0010413209117416515)	(80, 0.001010346776973132)	(82, 0.0010147716533686348)	(84, 0.0009955971889881229)	(86, 0.0009306990018540823)	(88, 0.0008643258559215407)	(90, 0.0009454485898390914)	(92, 0.0007699284928174816)	(94, 0.0007124050996759456)	(96, 0.0007286296464594558)	(98, 0.0006268574893628921)	(100, 0.0005368850026543358)
SRR26064299_2	(1, 0.00023009357256614392)	(2, 0.00017699505582011074)	(3, 9.144744550705721e-05)	(4, 0.00010914695108906829)	(5, 0.00014159604465608858)	(6, 0.00014159604465608858)	(7, 0.00010029719829806274)	(8, 7.374793992504613e-05)	(9, 0.00019174464380511996)	(10, 9.73472807010609e-05)	(12, 7.079802232804429e-05)	(14, 6.489818713404059e-05)	(16, 0.0001106219098875692)	(18, 0.00017109522062610702)	(20, 0.00014749587985009226)	(22, 0.00011504678628307196)	(24, 0.00012684645667107935)	(26, 0.0001356962094620849)	(28, 0.00014897083864859318)	(30, 0.00014897083864859318)	(32, 0.00015782059143959874)	(34, 0.0002949917597001845)	(36, 0.00012537149787257844)	(38, 0.0001887947262081181)	(40, 0.0001887947262081181)	(42, 0.00015044579744709412)	(44, 0.00015192075624559503)	(46, 0.0001637204266336024)	(48, 0.00012832141546958027)	(50, 0.00017257017942460797)	(52, 0.00014159604465608858)	(54, 0.00021829390217813658)	(56, 0.00908132132237018)	(58, 0.0046210459157033906)	(60, 0.0001563456326410978)	(62, 0.00017404513822310888)	(64, 0.0005250853322663285)	(66, 0.0008127022979740085)	(68, 0.0010000220653836255)	(70, 0.00018584480861111625)	(72, 0.000209444149387131)	(74, 0.0001946945614021218)	(76, 0.00017847001461861162)	(78, 0.0025133297926455724)	(80, 0.00024484316055115317)	(82, 0.00021239406698413287)	(84, 0.0023997579651610012)	(86, 0.0021475400106173432)	(88, 0.00024926803694665594)	(90, 0.0001946945614021218)	(92, 0.00438062763154774)	(94, 0.0003407154824537131)	(96, 0.005551744917557473)	(98, 0.002327484984034456)	(100, 0.0002536929133421587)
SRR26064300_1	(1, 0.22016942819444288)	(2, 0.00016806826579728466)	(3, 0.0001823113391699359)	(4, 0.0001709168804718149)	(5, 9.970151360855869e-05)	(6, 0.2041602137235829)	(7, 0.00010539874295761918)	(8, 6.551813751419571e-05)	(9, 0.00010539874295761918)	(10, 0.31098183971112997)	(12, 4.5577834792483974e-05)	(14, 0.11075983577508514)	(16, 0.00025352670603319215)	(18, 0.11102760555449097)	(20, 0.1024504267694804)	(22, 0.00043156512319133264)	(24, 0.00042586789384227214)	(26, 0.11116291475153114)	(28, 0.3363273887777628)	(30, 0.11129537533389681)	(32, 0.0006352410724202454)	(34, 0.10440884935821992)	(36, 0.11139934976951717)	(38, 0.0007463370447269251)	(40, 0.11144065468229784)	(42, 0.0007790961134840229)	(44, 0.11843685232294414)	(46, 0.004439565970255392)	(48, 0.11158735833803617)	(50, 0.11158593403069889)	(52, 0.3157005699194893)	(54, 0.0010639575809370477)	(56, 0.0011479917138356901)	(58, 0.005725715495805799)	(60, 0.010179524539433844)	(62, 0.0012035396999890298)	(64, 0.10322667426828987)	(66, 0.11294329892311256)	(68, 0.0011437187918238948)	(70, 0.001052563122238927)	(72, 0.001146567406498425)	(74, 0.0012306015393970674)	(76, 0.0011536889431847507)	(78, 0.0011380215624748344)	(80, 0.0011736292459064623)	(82, 0.0010511388149016616)	(84, 0.0011223541817649179)	(86, 0.0010967166496941457)	(88, 0.000974226218689345)	(90, 0.000987044984724731)	(92, 0.0007620044254368415)	(94, 0.0007577315034250461)	(96, 0.0008047336455547951)	(98, 0.0007306696640170087)	(100, 0.0005668743202315195)
SRR26064300_2	(1, 0.00026776977940584336)	(2, 0.0001595224217736939)	(3, 0.00010255012828308896)	(4, 0.0001224904310048007)	(5, 0.00021934332993882912)	(6, 0.00014527934840104266)	(7, 0.00010539874295761918)	(8, 0.00010824735763214944)	(9, 0.0002364350179860106)	(10, 0.00012676335301659608)	(12, 8.830705491043771e-05)	(14, 9.257997692223307e-05)	(16, 0.00011679320165574018)	(18, 0.00019655441254258716)	(20, 0.00019370579786805688)	(22, 0.0001880085685189964)	(24, 0.00016949257313454978)	(26, 0.00019228149053079178)	(28, 0.00019940302721711738)	(30, 0.00016237103644822415)	(32, 0.00019085718319352665)	(34, 0.00033898514626909957)	(36, 0.0001709168804718149)	(38, 0.0001652196511227544)	(40, 0.0002221919446133594)	(42, 0.00016094672911095905)	(44, 0.00016379534378548928)	(46, 0.0001709168804718149)	(48, 0.00014527934840104266)	(50, 0.00016949257313454978)	(52, 0.0002221919446133594)	(54, 0.00025067809135866185)	(56, 0.008862040252463604)	(58, 0.00453072163984036)	(60, 0.00020082733455438254)	(62, 0.00024782947668413165)	(64, 0.0005426610954980123)	(66, 0.0009186782325360051)	(68, 0.0013032412135975887)	(70, 0.0001580981144364288)	(72, 0.00020082733455438254)	(74, 0.00021222179325250352)	(76, 0.00018515995384446615)	(78, 0.003113535839261562)	(80, 0.00028913438946482023)	(82, 0.00022646486662515475)	(84, 0.0027232756288509178)	(86, 0.0023088021937067663)	(88, 0.0002392836326605409)	(90, 0.00023073778863695013)	(92, 0.004732973281732008)	(94, 0.0003945331324224394)	(96, 0.006370926719586901)	(98, 0.0024811433815158466)	(100, 0.0003048017701747366)
SRR26064301_1	(1, 0.0022133008614362722)	(2, 0.0022785578892918876)	(3, 7.069511351024949e-05)	(4, 8.97284133014705e-05)	(5, 7.069511351024949e-05)	(6, 0.2033653701835419)	(7, 0.00011419979874732609)	(8, 4.622372806439389e-05)	(9, 0.17755077758099158)	(10, 3.670707816878339e-05)	(12, 3.534755675512474e-05)	(14, 0.2018141562505574)	(16, 0.0001821758694302583)	(18, 0.0002691852399044115)	(20, 0.00026782571849075286)	(22, 0.0003126899251414881)	(24, 0.29481221855187695)	(26, 0.0003643517388605166)	(28, 0.1779382411838843)	(30, 0.08915877382914753)	(32, 0.00037930647441076164)	(34, 0.00045000158792101114)	(36, 0.0004336873309571074)	(38, 0.0005274943084995538)	(40, 0.0005927513363551687)	(42, 0.0005913918149415101)	(44, 0.08935590443412804)	(46, 0.0006566488427971251)	(48, 0.0006933559209659085)	(50, 0.0007572534274078647)	(52, 0.0007001535280342017)	(54, 0.08961829206696414)	(56, 0.08966723483785585)	(58, 0.000874172268982508)	(60, 0.001999855999491865)	(62, 0.0030901921732460974)	(64, 0.0010305172315532522)	(66, 0.001008764888934714)	(68, 0.08977871559377587)	(70, 0.10266561907384616)	(72, 0.0011583122444371648)	(74, 0.0012439620934976592)	(76, 0.08988203922121393)	(78, 0.0010713028739630114)	(80, 0.000874172268982508)	(82, 0.0007327820419620091)	(84, 0.000863296097673239)	(86, 0.12032308319444462)	(88, 0.0008537794477776285)	(90, 0.08945107093308415)	(92, 0.1109151950119268)	(94, 0.0008537794477776285)	(96, 0.0007055916136888362)	(98, 0.0007708486415444511)	(100, 0.000519337180017602)
SRR26064301_2	(1, 0.00018761395508489287)	(2, 0.1914423673857556)	(3, 7.885224199220135e-05)	(4, 0.00010876171309269151)	(5, 0.00019305204073952743)	(6, 0.2274261801624726)	(7, 0.00017129969812098916)	(8, 0.00015226639832976812)	(9, 0.0001359521413658644)	(10, 8.97284133014705e-05)	(12, 9.516649895610507e-05)	(14, 8.157128481951863e-05)	(16, 0.0001916925193258688)	(18, 0.00017809730518928237)	(20, 0.00016042352681171999)	(22, 0.00018081634801659965)	(24, 0.00018489491225757556)	(26, 0.00022432103325367624)	(28, 0.0001509068769161095)	(30, 0.0005152586157766261)	(32, 0.11784059709310393)	(34, 0.00019441156215318608)	(36, 0.08892765518882556)	(38, 0.0005506061725317509)	(40, 0.00019441156215318608)	(42, 0.0005682799509093132)	(44, 0.00017809730518928237)	(46, 0.00018897347649855152)	(48, 0.00017673778377562372)	(50, 0.11734845034135952)	(52, 0.00021480438335806572)	(54, 0.00021616390477172438)	(56, 0.11745585253303856)	(58, 0.0002990947110049017)	(60, 0.00021616390477172438)	(62, 0.00033988035341466096)	(64, 0.0002664661970770942)	(66, 0.11740283119790586)	(68, 0.00032628513927807453)	(70, 0.0002719042827317288)	(72, 0.0003276446606917332)	(74, 0.002201065168713345)	(76, 0.00046767536629857353)	(78, 0.0028427592759602245)	(80, 0.0011256837305093572)	(82, 0.004175090261345695)	(84, 0.0006090655933190725)	(86, 0.0005315728727405298)	(88, 0.0064849171431517316)	(90, 0.0006919963995522497)	(92, 0.001057707659826425)	(94, 0.0006702440569337115)	(96, 0.0006648059712790769)	(98, 0.0007477367775122543)	(100, 0.006408783943986847)
SRR26064302_1	(1, 0.002110519593809191)	(2, 0.0021495070247293116)	(3, 5.978072741085147e-05)	(4, 7.27765377175583e-05)	(5, 8.837151008560652e-05)	(6, 0.2004161882259102)	(7, 9.356983420828925e-05)	(8, 2.5991620613413683e-05)	(9, 0.17901208865076407)	(10, 4.158659298146189e-05)	(12, 3.898743092012053e-05)	(14, 0.2035026931737531)	(16, 0.00019363757356993192)	(18, 0.00022742668036736973)	(20, 0.0002690132733488316)	(22, 0.0003274944197290124)	(24, 0.2954090636627839)	(26, 0.00033659148694370716)	(28, 0.17937987008244385)	(30, 0.08992191025519665)	(32, 0.00036518226961846224)	(34, 0.00044445671248937395)	(36, 0.0004249629970293137)	(38, 0.0005159336691762616)	(40, 0.0005783135586484544)	(42, 0.0005666173293724183)	(44, 0.09008565746506116)	(46, 0.0006523896773966834)	(48, 0.0007225670530529004)	(50, 0.0008018414959238121)	(52, 0.000662786325642049)	(54, 0.09034687325222596)	(56, 0.09036376780562468)	(58, 0.0008746180336413704)	(60, 0.0019285782495152952)	(62, 0.003012428829094646)	(64, 0.0011618254414195916)	(66, 0.0011007451329780695)	(68, 0.09061328736351346)	(70, 0.10126725265295174)	(72, 0.0011488296311128847)	(74, 0.001246298208413186)	(76, 0.09067566725298565)	(78, 0.0011254371725608124)	(80, 0.0008369301837519206)	(82, 0.0008161368872611896)	(84, 0.0008343310216905792)	(86, 0.11980837521753038)	(88, 0.000807039820046495)	(90, 0.09014413861144134)	(92, 0.11039031148825991)	(94, 0.0008304322785985672)	(96, 0.0006523896773966834)	(98, 0.0008733184526106998)	(100, 0.0004860433054708358)
SRR26064302_2	(1, 0.00023392458552072313)	(2, 0.20253970363002613)	(3, 7.017737565621694e-05)	(4, 9.356983420828925e-05)	(5, 0.00020013547872328537)	(6, 0.22951380750262684)	(7, 0.00012216061688304433)	(8, 0.00016894553398718893)	(9, 0.00012216061688304433)	(10, 9.227025317761858e-05)	(12, 8.577234802426516e-05)	(14, 5.978072741085147e-05)	(16, 0.000148152237496458)	(18, 0.00014945181852712866)	(20, 0.00016894553398718893)	(22, 0.0001962367356312733)	(24, 0.00020793296490730946)	(26, 0.00023262500449005246)	(28, 0.00016634637192584756)	(30, 0.0006692842307954023)	(32, 0.11812801694487318)	(34, 0.00021053212696865083)	(36, 0.08962560578020373)	(38, 0.0006822800411021092)	(40, 0.00014945181852712866)	(42, 0.0006536892584273541)	(44, 0.00014165433234310457)	(46, 0.0001455530754351166)	(48, 0.00018324092532456647)	(50, 0.11563282136598546)	(52, 0.00019493715460060262)	(54, 0.000172844277079201)	(56, 0.11574718449668447)	(58, 0.0002625153681954782)	(60, 0.00020143505975395604)	(62, 0.0002989036370542573)	(64, 0.00019363757356993192)	(66, 0.11567830670205893)	(68, 0.00023912290964340588)	(70, 0.00019233799253926125)	(72, 0.00023522416655139385)	(74, 0.002666740274936244)	(76, 0.00042236383496797235)	(78, 0.003237256347400674)	(80, 0.0011631250224502622)	(82, 0.004991690738806098)	(84, 0.0005081361829922375)	(86, 0.00044445671248937395)	(88, 0.007633738974159598)	(90, 0.0006160014085379043)	(92, 0.0009733861919723424)	(94, 0.0005237311553602857)	(96, 0.0005692164914337597)	(98, 0.0006653854877033903)	(100, 0.006815002924837069)
SRR26064303_1	(1, 0.0020397671035407967)	(2, 0.0021060307241360485)	(3, 4.609643171843608e-05)	(4, 4.321540473603383e-05)	(5, 7.202567456005637e-05)	(6, 0.20045609538158407)	(7, 8.643080947206766e-05)	(8, 5.1858485683240584e-05)	(9, 0.17546606733622694)	(10, 4.17748912448327e-05)	(12, 3.889386426243044e-05)	(14, 0.1995197616123034)	(16, 0.00018582624036494544)	(18, 0.00023912523953938716)	(20, 0.000282340644275421)	(22, 0.0003414016974146672)	(24, 0.2920929206108526)	(26, 0.0003414016974146672)	(28, 0.17585356546536005)	(30, 0.08817094976943861)	(32, 0.0004134273719747236)	(34, 0.0004436781552899472)	(36, 0.0004436781552899472)	(38, 0.0005142633163588025)	(40, 0.0006136587472516802)	(42, 0.0005862889909188589)	(44, 0.08835101395583875)	(46, 0.0006741603138821277)	(48, 0.0007303403400389716)	(50, 0.000734661880512575)	(52, 0.0006669577464261221)	(54, 0.08851667300732688)	(56, 0.08851955403430928)	(58, 0.0008326167979142517)	(60, 0.0018784295925262703)	(62, 0.0029314449545942947)	(64, 0.001027086119226404)	(66, 0.001041491254138415)	(68, 0.08877452492225188)	(70, 0.10124072867510645)	(72, 0.001116397955680874)	(74, 0.0011351246310664885)	(76, 0.08887968240710957)	(78, 0.0011063143612424658)	(80, 0.0007793177987398099)	(82, 0.000678481854355731)	(84, 0.0008124496090374359)	(86, 0.11987233017030183)	(88, 0.0007144946916357593)	(90, 0.08838558627962759)	(92, 0.11013733999676462)	(94, 0.0007721152312838043)	(96, 0.0006064561797956747)	(98, 0.000711613664653357)	(100, 0.00047248842511396987)
SRR26064303_2	(1, 0.00016998059196173305)	(2, 0.193386055166769)	(3, 8.35497824896654e-05)	(4, 6.626362059525186e-05)	(5, 0.00015557545704972177)	(6, 0.2276760383113206)	(7, 0.0001670995649793308)	(8, 0.00017286161894413532)	(9, 0.00013828929515530822)	(10, 9.36333769280733e-05)	(12, 7.34661880512575e-05)	(14, 6.194208012164848e-05)	(16, 0.00016133751101452627)	(18, 0.00016277802450572742)	(20, 0.00012820570071690035)	(22, 0.00016421853799692855)	(24, 0.0002319226720833815)	(26, 0.00021751753717137024)	(28, 0.00019014778083854884)	(30, 0.00033708015694106384)	(32, 0.11702587551168839)	(34, 0.00014981340308491727)	(36, 0.08787852553072478)	(38, 0.00031835348155544917)	(40, 0.0001987908617857556)	(42, 0.0005315494782532161)	(44, 0.00017142110545293417)	(46, 0.0001987908617857556)	(48, 0.00019446932131215222)	(50, 0.11759919988118646)	(52, 0.00020311240225935896)	(54, 0.00021751753717137024)	(56, 0.1176597014478169)	(58, 0.00027657859031061645)	(60, 0.00020743394273296234)	(62, 0.0003284370759938571)	(64, 0.00022760113160977813)	(66, 0.11767122555574651)	(68, 0.0003269965625026559)	(70, 0.000270816536345812)	(72, 0.00032555604901145485)	(74, 0.00203112402259359)	(76, 0.00045520226321955627)	(78, 0.0025468278524435933)	(80, 0.0008844752835974923)	(82, 0.003846171021507011)	(84, 0.0005157038298500037)	(86, 0.0005257874242884116)	(88, 0.005858568368714985)	(90, 0.0006957680162501446)	(92, 0.0010184430382791973)	(94, 0.0005949320718660657)	(96, 0.0005790864234628532)	(98, 0.0007764367717574078)	(100, 0.005638169804561213)
SRR26064304_1	(1, 0.0023281661133685515)	(2, 0.0023759879038053105)	(3, 7.047421748575074e-05)	(4, 9.564358087351887e-05)	(5, 8.30588991796348e-05)	(6, 0.2021754283485862)	(7, 8.557583551841161e-05)	(8, 6.795728114697393e-05)	(9, 0.1797822457424889)	(10, 3.775404508165218e-05)	(12, 5.159719494492465e-05)	(14, 0.20294057699557438)	(16, 0.00019380409808581454)	(18, 0.0002655367837409537)	(20, 0.00027812146543483774)	(22, 0.00032342631953282037)	(24, 0.29593130696802245)	(26, 0.00039012513251040587)	(28, 0.18022396806994426)	(30, 0.09036304843476511)	(32, 0.00042787917759205807)	(34, 0.0004970949269084205)	(36, 0.00048702718155331314)	(38, 0.0005335905038206842)	(40, 0.0006317510210329799)	(42, 0.0005952554441207162)	(44, 0.09050777227424478)	(46, 0.0007211022610595567)	(48, 0.0007538224334636553)	(50, 0.0007726994560044813)	(52, 0.0007701825196657045)	(54, 0.09081609697574493)	(56, 0.09079721995320411)	(58, 0.0009086140182984293)	(60, 0.002110451120064357)	(62, 0.003212869236448601)	(64, 0.001165341524853664)	(66, 0.001072214880318922)	(68, 0.09100235026481443)	(70, 0.10226186497633248)	(72, 0.0012358157423394147)	(74, 0.0012962222144700583)	(76, 0.09107659988680834)	(78, 0.0011691169293618292)	(80, 0.000917423295484148)	(82, 0.0008683430368780003)	(84, 0.0009224571681617017)	(86, 0.12001885084640289)	(88, 0.0008242966509494061)	(90, 0.09063110215484484)	(92, 0.11165255445630877)	(94, 0.0009149063591453713)	(96, 0.0007324284745840524)	(98, 0.0007953518830534726)	(100, 0.0005939969759513276)
SRR26064304_2	(1, 0.00027937993360422616)	(2, 0.19967107669150327)	(3, 7.550809016330436e-05)	(4, 0.00012584681693884062)	(5, 0.00019883797076336815)	(6, 0.22822320251858746)	(7, 0.0001661177983592696)	(8, 0.0002089057161184754)	(9, 0.00015101618032660873)	(10, 9.060970819596525e-05)	(12, 9.564358087351887e-05)	(14, 8.557583551841161e-05)	(16, 0.00014598230764905512)	(18, 0.00012710528510822901)	(20, 0.00017996094822254208)	(22, 0.0002126811206266406)	(24, 0.00022652427048991308)	(26, 0.00021142265245725224)	(28, 0.0001824778845613189)	(30, 0.0005814122942574436)	(32, 0.11769571860571192)	(34, 0.00023281661133685514)	(36, 0.09001067734733637)	(38, 0.0005184888857880233)	(40, 0.00019254562991642612)	(42, 0.0006116155303227653)	(44, 0.00014598230764905512)	(46, 0.0001636008620204928)	(48, 0.00016108392568171597)	(50, 0.11586842282375995)	(52, 0.00015227464849599712)	(54, 0.00019380409808581454)	(56, 0.11593008776405998)	(58, 0.0002579859747246233)	(60, 0.00019883797076336815)	(62, 0.0003574049601063073)	(64, 0.0002063887797796986)	(66, 0.11589988452799466)	(68, 0.0002743460609266725)	(70, 0.0002302996749980783)	(72, 0.0003146170423471015)	(74, 0.002420034289733905)	(76, 0.00046815015901248706)	(78, 0.0031524627643179574)	(80, 0.001341527068568041)	(82, 0.004687793930971813)	(84, 0.0005700860807329479)	(86, 0.0004303961139308349)	(88, 0.00746900858532019)	(90, 0.0006090985939839885)	(92, 0.0011150027980781278)	(94, 0.00044801466830227257)	(96, 0.0004945779905696436)	(98, 0.0005864461669349972)	(100, 0.007930866403485736)
SRR26064305_1	(1, 0.0005837000412069226)	(2, 0.00013514237407253875)	(3, 0.2007008023460256)	(4, 9.48871988168889e-05)	(5, 7.763498085018182e-05)	(6, 0.19379703978968166)	(7, 0.1469773955976998)	(8, 0.22322932364088394)	(9, 0.14696589411905533)	(10, 7.475961118906398e-05)	(12, 2.156527245838384e-05)	(14, 0.1182524526831325)	(16, 8.19480353418586e-05)	(18, 0.14705934363304166)	(20, 0.0001193278409363906)	(22, 0.07704696775448323)	(24, 0.00014376848305589228)	(26, 0.07707715913592496)	(28, 0.19823085980712538)	(30, 0.3627925785673914)	(32, 0.1470507175240583)	(34, 0.07362959091224466)	(36, 0.0001581453313614815)	(38, 0.1778157352131887)	(40, 0.21696245546447757)	(42, 0.07720223771618359)	(44, 0.00031341529306184513)	(46, 0.00022427883356719195)	(48, 0.1777309118081857)	(50, 0.3628644628089193)	(52, 0.07364396776055027)	(54, 0.0002918500206034613)	(56, 0.07370578820826429)	(58, 0.07712891578982509)	(60, 0.10431841130535544)	(62, 0.00029472539026457914)	(64, 0.17788761945471662)	(66, 0.1779235615754806)	(68, 0.10791262338175273)	(70, 0.0737158520020782)	(72, 0.17058849356996897)	(74, 0.0004428069278121482)	(76, 0.2619893066727525)	(78, 0.0004054271222176162)	(80, 0.14724049192169208)	(82, 0.07422766780175719)	(84, 0.18537651973709804)	(86, 0.1707207605743804)	(88, 0.14755390721475392)	(90, 0.25921457494977374)	(92, 0.004420880853968687)	(94, 0.0010696375139358386)	(96, 0.07435130869718524)	(98, 0.1120301527364735)	(100, 0.35560559209942727)
SRR26064305_2	(1, 0.00023578031221166334)	(2, 0.14711253797177232)	(3, 9.776256847800674e-05)	(4, 8.91364594946532e-05)	(5, 0.00023290494255054548)	(6, 0.00020127587627824918)	(7, 7.475961118906398e-05)	(8, 0.00013801774373365657)	(9, 0.00015239459203924579)	(10, 0.10976004838902095)	(12, 0.1042077095734024)	(14, 0.07371872737173932)	(16, 0.0005535086597651852)	(18, 0.11897848352256477)	(20, 0.07360802563978629)	(22, 0.0036689716875863707)	(24, 0.10425227780314972)	(26, 0.2259393595464875)	(28, 0.00013082931958086197)	(30, 0.10430115908738873)	(32, 0.25129724458788577)	(34, 0.15056154388028317)	(36, 0.17772516106886346)	(38, 0.00020415124593936703)	(40, 0.00017971060381986534)	(42, 0.2547448128115661)	(44, 0.28941602018532503)	(46, 0.10772428666894951)	(48, 0.1779480022176001)	(50, 0.0737331042200449)	(52, 0.2139131259388621)	(54, 0.004081587233956782)	(56, 0.0736597822936864)	(58, 0.0004931258968817105)	(60, 0.0011659623975832862)	(62, 0.0019566890543906935)	(64, 0.10928417471010594)	(66, 0.1097758629221571)	(68, 0.21368740942046435)	(70, 0.10429253297840536)	(72, 0.07476536192838622)	(74, 0.0005477579204429495)	(76, 0.003917691163273064)	(78, 0.11196258154943722)	(80, 0.104368730274425)	(82, 0.10437448101374724)	(84, 0.18138550664746647)	(86, 0.0006368943799376028)	(88, 0.0049513865564449295)	(90, 0.004340370503457388)	(92, 0.10446505515807245)	(94, 0.01408068523049409)	(96, 0.01019606081832388)	(98, 0.00037236037111476096)	(100, 0.0076024773839955834)
SRR26064306_1	(1, 0.0005911231043420948)	(2, 0.00017465000810107346)	(3, 0.20981847415542615)	(4, 8.060769604664928e-05)	(5, 7.724904204470556e-05)	(6, 0.1936599897520749)	(7, 0.15095806277136245)	(8, 0.22479807100409516)	(9, 0.15100508392738968)	(10, 7.053173404081813e-05)	(12, 1.67932700097186e-05)	(14, 0.11953953391017993)	(16, 7.389038804276185e-05)	(18, 0.15106721902642561)	(20, 9.740096605636789e-05)	(22, 0.0836623918614171)	(24, 0.00016961202709815787)	(26, 0.08371109234444528)	(28, 0.19842424045383206)	(30, 0.3681655757310648)	(32, 0.15108401229643534)	(34, 0.07564360543177646)	(36, 0.00015281875708843926)	(38, 0.18040338240640302)	(40, 0.22410786760669568)	(42, 0.08379673802149486)	(44, 0.0002905235711681318)	(46, 0.00028044760916230065)	(48, 0.18036307855837974)	(50, 0.36821931419509585)	(52, 0.07563856745077355)	(54, 0.0002989202061729911)	(56, 0.07570406120381146)	(58, 0.08376483080847638)	(60, 0.10494114429073154)	(62, 0.00037281059421575294)	(64, 0.18048566942945068)	(66, 0.1805192559694701)	(68, 0.11314129803647714)	(70, 0.07573260976282797)	(72, 0.17253069742584698)	(74, 0.0004450216552575429)	(76, 0.26269880208902907)	(78, 0.000384565883222556)	(80, 0.1512720969205442)	(82, 0.0761373275700622)	(84, 0.18819881834491442)	(86, 0.17263145704590527)	(88, 0.15162643491774924)	(90, 0.26408424686483084)	(92, 0.009039817246231523)	(94, 0.0010898832236307372)	(96, 0.07627671171114285)	(98, 0.11279535667427694)	(100, 0.3607194398087556)
SRR26064306_2	(1, 0.00018808462410884833)	(2, 0.15108569162343632)	(3, 8.060769604664928e-05)	(4, 4.3662502025268365e-05)	(5, 0.000167932700097186)	(6, 0.00019144327811079206)	(7, 8.060769604664928e-05)	(8, 0.00015785673809135485)	(9, 0.00010411827406025533)	(10, 0.11564685392192715)	(12, 0.1047765702446363)	(14, 0.07577627226485324)	(16, 0.0006599755113819411)	(18, 0.11527908130871431)	(20, 0.0756654366827891)	(22, 0.008267326825784467)	(24, 0.10485213995968003)	(26, 0.23243732953151613)	(28, 0.00011083558206414277)	(30, 0.10482023274666157)	(32, 0.25585386523306775)	(34, 0.15916325449811097)	(36, 0.18030934009434862)	(38, 0.00021663318312536994)	(40, 0.00014274279508260813)	(42, 0.26394654205075113)	(44, 0.2927973799274477)	(46, 0.11290787158334205)	(48, 0.18050246269946038)	(50, 0.07574604437883575)	(52, 0.22038815829954306)	(54, 0.008614947514985642)	(56, 0.07568222995279883)	(58, 0.000587764450340151)	(60, 0.0011318663986550337)	(62, 0.0019161121081088923)	(64, 0.11062230753501935)	(66, 0.1156972337319563)	(68, 0.21630403503317946)	(70, 0.10488068851869656)	(72, 0.0766679949023693)	(74, 0.0004954014652866987)	(76, 0.008527622510935105)	(78, 0.11274497686424778)	(80, 0.10493946496373056)	(82, 0.1049310683287257)	(84, 0.1884809452810777)	(86, 0.0007305072454227592)	(88, 0.005469568042165349)	(90, 0.008920585029162521)	(92, 0.10501167602477235)	(94, 0.019537290329306622)	(96, 0.011055009647397755)	(98, 0.0003493000162021469)	(100, 0.016779835393710824)
SRR26064307_1	(1, 0.0004994229891376091)	(2, 0.00015366861204234127)	(3, 0.20401281347990521)	(4, 6.501364355637515e-05)	(5, 7.387914040497176e-05)	(6, 0.1870738041678533)	(7, 0.14421799240173727)	(8, 0.22254170189347214)	(9, 0.14420912690488868)	(10, 6.796880917257402e-05)	(12, 2.9551656161988705e-05)	(14, 0.11726983714761977)	(16, 8.569980286976724e-05)	(18, 0.14428743879371794)	(20, 0.00011525145903175594)	(22, 0.08067602132222916)	(24, 0.00015219102923424182)	(26, 0.08072773672051264)	(28, 0.19271521532917693)	(30, 0.3582355190752838)	(32, 0.14430812495303133)	(34, 0.07224345623640568)	(36, 0.00015810136046663957)	(38, 0.1749901319632161)	(40, 0.21939888326064466)	(42, 0.0808296899342715)	(44, 0.0002689200710740972)	(46, 0.000227547752447313)	(48, 0.17491920798842733)	(50, 0.35828427930795104)	(52, 0.07225379931606238)	(54, 0.0003029044756603842)	(56, 0.07231290262838636)	(58, 0.08073807980016934)	(60, 0.10291216500131757)	(62, 0.00031176997250898083)	(64, 0.17507583176608588)	(66, 0.1750448025271158)	(68, 0.1114525936321323)	(70, 0.07234540945016454)	(72, 0.16582911855299962)	(74, 0.000478736829824217)	(76, 0.2532237089036569)	(78, 0.00032506821778187573)	(80, 0.14444258498856838)	(82, 0.07285813068457504)	(84, 0.1836339913905978)	(86, 0.16592220626990986)	(88, 0.14479572727970413)	(90, 0.2560902195513698)	(92, 0.009502335038887469)	(94, 0.0012352592275711278)	(96, 0.07295565114990961)	(98, 0.11167127588773101)	(100, 0.3499654880983512)
SRR26064307_2	(1, 0.00020390642751772208)	(2, 0.1443568851856986)	(3, 7.387914040497176e-05)	(4, 6.796880917257402e-05)	(5, 0.00018322026820432997)	(6, 0.00018322026820432997)	(7, 7.683430602117063e-05)	(8, 0.0001300272871127503)	(9, 7.978947163736949e-05)	(10, 0.11449050388558472)	(12, 0.10275406364085092)	(14, 0.07234688703297265)	(16, 0.0005866003748154758)	(18, 0.11352268714627961)	(20, 0.07228926130345677)	(22, 0.008667500752311286)	(24, 0.1028190772844073)	(26, 0.22852443468346673)	(28, 0.00011968420745605425)	(30, 0.1028249876156397)	(32, 0.24707696442196322)	(34, 0.1527746744434411)	(36, 0.17490590974315445)	(38, 0.00023789083210400908)	(40, 0.00014184794957754578)	(42, 0.25549918642813)	(44, 0.28623734158502256)	(46, 0.11128562677481706)	(48, 0.17517039706580423)	(50, 0.07241042309372092)	(52, 0.21719876245938458)	(54, 0.009144759999327404)	(56, 0.07228335097222437)	(58, 0.0005925107060478736)	(60, 0.001310615950784199)	(62, 0.0022015983840681583)	(64, 0.10898059759418194)	(66, 0.11453187620421151)	(68, 0.21123819341151145)	(70, 0.10286488235145838)	(72, 0.07347428271555251)	(74, 0.0006870760057662373)	(76, 0.00899995688413366)	(78, 0.11156488992554786)	(80, 0.10291807533254996)	(82, 0.10294171665747956)	(84, 0.18353794850807134)	(86, 0.0007387914040497177)	(88, 0.006012284446156602)	(90, 0.00936491983773422)	(92, 0.10298308897610632)	(94, 0.02072457646640268)	(96, 0.011529578651599892)	(98, 0.00031324755531708025)	(100, 0.01768371104733404)
SRR26064308_1	(1, 0.00013753410158048686)	(2, 0.2422594432289486)	(3, 2.063011523707303e-05)	(4, 5.501364063219476e-05)	(5, 6.18903457112191e-05)	(6, 7.564375586926779e-05)	(7, 3.7821877934633896e-05)	(8, 2.063011523707303e-05)	(9, 4.81369355531704e-05)	(10, 2.063011523707303e-05)	(12, 2.5787644046341292e-05)	(14, 5.329446436243867e-05)	(16, 9.111634229707256e-05)	(18, 0.2389259604418916)	(20, 0.12122255713304113)	(22, 0.1232597810127021)	(24, 0.125276374777126)	(26, 9.9712223645853e-05)	(28, 0.00011690398634341385)	(30, 0.0002217737387985351)	(32, 0.00014269163038975515)	(34, 0.00014269163038975515)	(36, 0.00017191762697560858)	(38, 0.00022349291506829118)	(40, 0.0002217737387985351)	(42, 0.00023896550149609595)	(44, 0.00022521209133804729)	(46, 0.0002475613828448764)	(48, 0.0002853832607795103)	(50, 0.12823507713737622)	(52, 0.004380461135338507)	(54, 0.002326045492979984)	(56, 0.00022693126760780336)	(58, 0.00020114362356146208)	(60, 0.00020286279983121818)	(62, 0.00038165713188585107)	(64, 0.00028710243704926637)	(66, 0.00030257502347707117)	(68, 0.0002853832607795103)	(70, 0.00029913667093755896)	(72, 0.0002647531455424372)	(74, 0.00042979406743902154)	(76, 0.00028194490823999814)	(78, 0.0003610270166487781)	(80, 0.0002956983183980468)	(82, 0.0007272115621068244)	(84, 0.0002441230303053642)	(86, 0.00024240385403560813)	(88, 0.0005019994707687771)	(90, 0.0003833763081556072)	(92, 0.0006240609859214592)	(94, 0.0009300743619380425)	(96, 0.0009042867178917012)	(98, 0.0001959860947521938)	(100, 0.00024068467776585203)
SRR26064308_2	(1, 0.0002544380879239007)	(2, 0.00013753410158048686)	(3, 5.1575288092682583e-05)	(4, 0.00010315057618536517)	(5, 0.00022693126760780336)	(6, 9.62738711063408e-05)	(7, 0.0001856710371336573)	(8, 7.908210840877996e-05)	(9, 0.00011002728126438951)	(10, 9.455469483658473e-05)	(12, 8.767798975756038e-05)	(14, 0.001755278971420964)	(16, 0.001277347968428772)	(18, 0.0007529992061531657)	(20, 0.00020286279983121818)	(22, 0.00021661620998926685)	(24, 0.11772747177662701)	(26, 0.0001959860947521938)	(28, 0.0016916694494399887)	(30, 0.00319766786174632)	(32, 0.00030257502347707117)	(34, 0.00020630115237073033)	(36, 0.0001237806914224382)	(38, 0.0001701984507058525)	(40, 0.11264214837068852)	(42, 0.00015300668800829166)	(44, 0.00024068467776585203)	(46, 0.00016504092189658425)	(48, 0.00040228724712292415)	(50, 0.0003541503115697537)	(52, 0.00015128751173853558)	(54, 0.0009868071788399935)	(56, 0.00020458197610097426)	(58, 0.00028882161331902245)	(60, 0.001241245266763894)	(62, 0.0015678887580175503)	(64, 0.00612714422541069)	(66, 0.0001856710371336573)	(68, 0.00044870500640633844)	(70, 0.00022693126760780336)	(72, 0.0007254923858370683)	(74, 0.0019495458899034016)	(76, 0.00046417759283414324)	(78, 0.0005501364063219474)	(80, 0.00031117090482585155)	(82, 0.0002853832607795103)	(84, 0.0003610270166487781)	(86, 0.004339200904864361)	(88, 0.012532795006521866)	(90, 0.0014475464191346244)	(92, 0.0004676159453736554)	(94, 0.008203909159276043)	(96, 0.007603916641131169)	(98, 0.00043667077251804585)	(100, 0.0005466980537824353)
SRR26064309_1	(1, 0.00011728889729893723)	(2, 0.23999821720876105)	(3, 3.3511113513982066e-05)	(4, 3.9096299099645746e-05)	(5, 6.143704144230045e-05)	(6, 6.981481982079597e-05)	(7, 6.143704144230045e-05)	(8, 1.9548149549822873e-05)	(9, 7.26074126136278e-05)	(10, 2.652963153190247e-05)	(12, 3.9096299099645746e-05)	(14, 4.607778108172534e-05)	(16, 0.00010332593333477804)	(18, 0.23896635417180967)	(20, 0.12008986787014755)	(22, 0.12205306060350835)	(24, 0.12400787555849065)	(26, 0.00011170371171327355)	(28, 0.00012008149009176905)	(30, 0.00019408519910181282)	(32, 0.00014661112162367153)	(34, 0.00013823334324517602)	(36, 0.00016755556756991032)	(38, 0.0002220111270301312)	(40, 0.0001801222351376536)	(42, 0.00019129260630898096)	(44, 0.00020385927387672425)	(46, 0.00024155927657995403)	(48, 0.00022480371982296302)	(50, 0.1265226053684357)	(52, 0.004155378075733776)	(54, 0.002239659419851135)	(56, 0.0001871037171197332)	(58, 0.00017174445675915807)	(60, 0.00014661112162367153)	(62, 0.0003029963180222545)	(64, 0.000259711129733361)	(66, 0.00029461853964375895)	(68, 0.00026808890811185653)	(70, 0.0002611074261297769)	(72, 0.0002527296477512814)	(74, 0.0004593815144208375)	(76, 0.00026808890811185653)	(78, 0.0003197518747792455)	(80, 0.00030718520721150226)	(82, 0.0008168333919033127)	(84, 0.00027646668649035204)	(86, 0.00024854075856203366)	(88, 0.0005250074450523858)	(90, 0.0004524000324387579)	(92, 0.0007595852396502602)	(94, 0.0010039371090230461)	(96, 0.000917366732445259)	(98, 0.00022899260901221077)	(100, 0.0002094444594623879)
SRR26064309_2	(1, 0.00021502964504805158)	(2, 8.377778378495516e-05)	(3, 5.02666702709731e-05)	(4, 7.819259819929149e-05)	(5, 0.0002094444594623879)	(6, 0.00012845926847026459)	(7, 0.00012566667567743276)	(8, 8.936296937061884e-05)	(9, 0.0001005333405419462)	(10, 0.00010192963693836213)	(12, 9.35518585598666e-05)	(14, 0.0017272186423664924)	(16, 0.001198022308124859)	(18, 0.0006911667162258801)	(20, 0.00019408519910181282)	(22, 0.0002220111270301312)	(24, 0.11950063079086005)	(26, 0.0001926889027053969)	(28, 0.0015722297423643253)	(30, 0.0030020372522942267)	(32, 0.0003197518747792455)	(34, 0.00015219630720933523)	(36, 0.00012706297207384866)	(38, 0.00016057408558783074)	(40, 0.11108934129885055)	(42, 0.00017453704955198993)	(44, 0.0002722777973011043)	(46, 0.00017034816036274217)	(48, 0.0004202852153211917)	(50, 0.00033371483874340474)	(52, 0.00014940371441650335)	(54, 0.0009718222919054798)	(56, 0.00023597409099429035)	(58, 0.0003197518747792455)	(60, 0.001196626011728443)	(62, 0.0015093964045256088)	(64, 0.0053157003811554054)	(66, 0.0002541259441476973)	(68, 0.0004244741045104395)	(70, 0.00024155927657995403)	(72, 0.0007526037576681805)	(74, 0.0019981001432711806)	(76, 0.00044122966126743053)	(78, 0.0005599148549627837)	(80, 0.00034209261712190024)	(82, 0.0002988074288330067)	(84, 0.0004356444756817669)	(86, 0.004272666973032714)	(88, 0.011978826784852173)	(90, 0.0014465630666868927)	(92, 0.0003797926198251301)	(94, 0.007626570917223751)	(96, 0.00752464128028539)	(98, 0.0004942889243312355)	(100, 0.0005668963369448633)
SRR26064310_1	(1, 0.0001300525870345103)	(2, 0.23977903848708526)	(3, 1.0837715586209191e-05)	(4, 4.606029124138907e-05)	(5, 0.00010024886917243503)	(6, 0.00010295829806898731)	(7, 2.438486006897068e-05)	(8, 3.522257565517987e-05)	(9, 6.231686462070285e-05)	(10, 2.1675431172418382e-05)	(12, 2.0320716724142233e-05)	(14, 5.689800682759825e-05)	(16, 9.889415472415886e-05)	(18, 0.2385516671969471)	(20, 0.11995048139371504)	(22, 0.12202861335737067)	(24, 0.12412029246550904)	(26, 0.0001165054425517488)	(28, 0.00011108658475864422)	(30, 0.00018424116496555627)	(32, 0.00016798459158624246)	(34, 0.00010431301251726346)	(36, 0.00015308273265520484)	(38, 0.00020456188168969851)	(40, 0.00020591659613797462)	(42, 0.00022623731286211687)	(44, 0.00023707502844832605)	(46, 0.0002668787463104013)	(48, 0.00030752017975868584)	(50, 0.12703292852930276)	(52, 0.004389274812414723)	(54, 0.002347720138862566)	(56, 0.00020320716724142235)	(58, 0.0001693393060345186)	(60, 0.00018288645051728008)	(62, 0.00034816161320697027)	(64, 0.000291263606379372)	(66, 0.00028313531968971514)	(68, 0.00030752017975868584)	(70, 0.00029803717862075276)	(72, 0.0002682334607586775)	(74, 0.000582527212758744)	(76, 0.00024113917179315451)	(78, 0.0003048107508621335)	(80, 0.0002844900341379913)	(82, 0.001127122420965756)	(84, 0.00023030145620694532)	(86, 0.00023978445734487835)	(88, 0.0009645566871726181)	(90, 0.0005324027781725265)	(92, 0.001074288557482986)	(94, 0.001820736218483144)	(96, 0.0013804540227933958)	(98, 0.0002248825984138407)	(100, 0.00023842974289660222)
SRR26064310_2	(1, 0.00018966002275866084)	(2, 9.212058248277814e-05)	(3, 7.044515131035974e-05)	(4, 0.00010295829806898731)	(5, 0.00016798459158624246)	(6, 9.483001137933042e-05)	(7, 0.00011108658475864422)	(8, 0.00010566772696553962)	(9, 8.941115358622582e-05)	(10, 0.00010702244141381576)	(12, 5.82527212758744e-05)	(14, 0.0017530004960693364)	(16, 0.0011582808532761074)	(18, 0.0006611006507587606)	(20, 0.00021404488282763151)	(22, 0.00016662987713796632)	(24, 0.12040972959168066)	(26, 0.00016121101934486173)	(28, 0.0016527516268969014)	(30, 0.0031889978112420543)	(32, 0.0003021013219655812)	(34, 0.00014224501706899565)	(36, 0.0001165054425517488)	(38, 0.00014901858931037638)	(40, 0.11269327609429972)	(42, 0.00017882230717245165)	(44, 0.00035358047100007487)	(46, 0.00014766387486210024)	(48, 0.0005120820614483843)	(50, 0.0004158973356207777)	(52, 0.00011515072810347266)	(54, 0.0012219524323450863)	(56, 0.000191014737206937)	(58, 0.00028855417748281973)	(60, 0.001572823474448609)	(62, 0.0020835508214487168)	(64, 0.007185405433656694)	(66, 0.00017204873493107092)	(68, 0.00047821420024148054)	(70, 0.0001801770216207278)	(72, 0.0010932545597588522)	(74, 0.002254244841931512)	(76, 0.0004660217702069952)	(78, 0.0006543270785173799)	(80, 0.00028313531968971514)	(82, 0.00025875045962074443)	(84, 0.0003739011877242171)	(86, 0.004371663524587133)	(88, 0.013441476755795947)	(90, 0.0017990607873107256)	(92, 0.00041860676451733005)	(94, 0.009588668864898581)	(96, 0.00911451880800193)	(98, 0.0003603540432414556)	(100, 0.0005933649283449532)
SRR26064311_1	(1, 0.00015270231770873037)	(2, 0.24107232359998582)	(3, 2.819119711545792e-05)	(4, 3.758826282061056e-05)	(5, 6.343019350978031e-05)	(6, 6.812872636235662e-05)	(7, 6.812872636235662e-05)	(8, 3.9937529246898714e-05)	(9, 5.638239423091584e-05)	(10, 2.5841930689169756e-05)	(12, 4.228679567318687e-05)	(14, 4.346142888633096e-05)	(16, 7.400189242807703e-05)	(18, 0.23889337898960356)	(20, 0.12060663979278155)	(22, 0.12268104204719399)	(24, 0.12477541306622988)	(26, 0.00011511405488811983)	(28, 0.00010689162239611127)	(30, 0.0001808935148241883)	(32, 0.00016092475020073894)	(34, 0.00014447988521672182)	(36, 0.00013860671915100144)	(38, 0.00023727590905510415)	(40, 0.00021260861157907843)	(42, 0.00020086227944763764)	(44, 0.0002090847119396462)	(46, 0.00024549834154711267)	(48, 0.0002619432065311298)	(50, 0.12715404532284666)	(52, 0.004450685244602919)	(54, 0.0023727590905510414)	(56, 0.00018676668088990868)	(58, 0.00016797254947960343)	(60, 0.0002043861790870699)	(62, 0.0003559138635826562)	(64, 0.0002913090368597318)	(66, 0.00029365830328601997)	(68, 0.00030657926863060487)	(70, 0.0002513715076128331)	(72, 0.00024784760797340083)	(74, 0.0004064230917478516)	(76, 0.0002678163725968502)	(78, 0.00025841930689169757)	(80, 0.00031480170112261344)	(82, 0.00073414575821505)	(84, 0.00026664173938370614)	(86, 0.00021730714443165479)	(88, 0.0005661732087354465)	(90, 0.00035943776322208844)	(92, 0.0006707155647052696)	(94, 0.0010254547950747817)	(96, 0.0008469105466768816)	(98, 0.00021730714443165479)	(100, 0.000220831044071087)
SRR26064311_2	(1, 0.00021848177764479884)	(2, 8.457359134637374e-05)	(3, 5.638239423091584e-05)	(4, 7.752579206750926e-05)	(5, 0.00016679791626645935)	(6, 0.00011511405488811983)	(7, 0.00015740085056130672)	(8, 6.577945993606847e-05)	(9, 0.0001104155220355435)	(10, 0.00011393942167497573)	(12, 7.517652564122111e-05)	(14, 0.0017842678507658573)	(16, 0.001191078078128097)	(18, 0.0006989067618207276)	(20, 0.00020203691266078175)	(22, 0.000205560812300214)	(24, 0.11935565542078311)	(26, 0.00017149644911903565)	(28, 0.0017008688926326274)	(30, 0.003274877398245695)	(32, 0.0003277226664671983)	(34, 0.0001808935148241883)	(36, 0.0001233364873801284)	(38, 0.00016679791626645935)	(40, 0.11266964317156698)	(42, 0.0001855920476767646)	(44, 0.00026076857331798573)	(46, 0.0001515276844955863)	(48, 0.0004146455242398602)	(50, 0.0003488660643037917)	(52, 0.00011981258774069614)	(54, 0.0009455797365809844)	(56, 0.0001985130130213495)	(58, 0.0002701656390231384)	(60, 0.001219269275243555)	(62, 0.0015446426752844652)	(64, 0.005284674825935215)	(66, 0.00015857548377445078)	(68, 0.0004722025516839201)	(70, 0.00020203691266078175)	(72, 0.0007541145228384992)	(74, 0.001913477504211706)	(76, 0.0003794065278455378)	(78, 0.0005579507762434379)	(80, 0.00028308660436772323)	(82, 0.00030657926863060487)	(84, 0.0004146455242398602)	(86, 0.004260394664073577)	(88, 0.011978909507643326)	(90, 0.0013731462261654293)	(92, 0.0004193440570924365)	(94, 0.007355553180708228)	(96, 0.007087736808111379)	(98, 0.0004628054859787675)	(100, 0.0005567761430302938)
SRR26064312_1	(1, 0.00012952465147917467)	(2, 0.23735866254234902)	(3, 4.422792977337672e-05)	(4, 4.422792977337672e-05)	(5, 9.161499738770892e-05)	(6, 8.529672170579797e-05)	(7, 5.6864481137198635e-05)	(8, 4.422792977337672e-05)	(9, 5.370534329624316e-05)	(10, 2.8432240568599317e-05)	(12, 4.580749869385446e-05)	(14, 7.266017034197604e-05)	(16, 9.161499738770892e-05)	(18, 0.23692744022705858)	(20, 0.11877410540640318)	(22, 0.12076436224620513)	(24, 0.12277041477521188)	(26, 0.00012162680687678598)	(28, 0.0001374224960815634)	(30, 0.00022271921778736133)	(32, 0.00015479775420681853)	(34, 0.00015953646096825174)	(36, 0.000200605252900673)	(38, 0.000273265423242649)	(40, 0.0002448331826740497)	(42, 0.0002558901651173939)	(44, 0.0002606288718788271)	(46, 0.0002843224056859932)	(48, 0.00029853852597029287)	(50, 0.1244147460214292)	(52, 0.004274313498812765)	(54, 0.0022919545036132007)	(56, 0.0002558901651173939)	(58, 0.00021482137318497264)	(60, 0.00019112783937780655)	(62, 0.00042174490176755656)	(64, 0.0003269707665388922)	(66, 0.00032539119761841443)	(68, 0.0003443460246641473)	(70, 0.0002843224056859932)	(72, 0.0003206524908569812)	(74, 0.0005086211923938322)	(76, 0.0003001180948907706)	(78, 0.0003285503354593699)	(80, 0.0003206524908569812)	(82, 0.0010172423847876644)	(84, 0.00034592559358462505)	(86, 0.0002811632678450377)	(88, 0.0007360791169426267)	(90, 0.00046913196938188874)	(92, 0.0008498080792170242)	(94, 0.001464260389282865)	(96, 0.00111833479569824)	(98, 0.0002211396488668836)	(100, 0.0002179805110259281)
SRR26064312_2	(1, 0.0002021848218211507)	(2, 0.00010109241091057536)	(3, 2.8432240568599317e-05)	(4, 7.266017034197604e-05)	(5, 0.0001863891326163733)	(6, 8.213758386484248e-05)	(7, 0.00016427516772968495)	(8, 9.793327306961988e-05)	(9, 7.8978446023887e-05)	(10, 8.845585954675344e-05)	(12, 9.47741352286644e-05)	(14, 0.001724889261161692)	(16, 0.0011673014322330498)	(18, 0.0007076468763740275)	(20, 0.0001990256839801952)	(22, 0.00016269559880920722)	(24, 0.11820230145719024)	(26, 0.00015321818528634076)	(28, 0.001620637712410161)	(30, 0.003092795946295415)	(32, 0.000273265423242649)	(34, 0.00014058163392251886)	(36, 0.00010741068659248632)	(38, 0.00016743430557064043)	(40, 0.1105919383983285)	(42, 0.00016269559880920722)	(44, 0.0003301299043798476)	(46, 0.00015479775420681853)	(48, 0.0005117803302347878)	(50, 0.00041384705716516785)	(52, 0.00012478594471774146)	(54, 0.0012984056526327023)	(56, 0.00022745792454879454)	(58, 0.00026536757864026035)	(60, 0.0016237968502511167)	(62, 0.002070814854746317)	(64, 0.007305506257209548)	(66, 0.0001737525812525514)	(68, 0.0004849276585866662)	(70, 0.00018322999477541783)	(72, 0.0009793327306961987)	(74, 0.0024388544132176305)	(76, 0.0004596545558590223)	(78, 0.0005986566208610634)	(80, 0.0003190729219365035)	(82, 0.00021008266642353943)	(84, 0.00033328904222080315)	(86, 0.00456337461126019)	(88, 0.014034469858444719)	(90, 0.0017864924490603238)	(92, 0.00036488042063035795)	(94, 0.010314585050719643)	(96, 0.009741201532586223)	(98, 0.000437540590972334)	(100, 0.0006065544654634522)
SRR26064313_1	(1, 0.00012137076584291225)	(2, 0.00010206178036790349)	(3, 5.516852992859648e-05)	(4, 5.516852992859648e-05)	(5, 0.21800947971883472)	(6, 0.0006151291087038507)	(7, 0.4384380994750383)	(8, 6.620223591431577e-05)	(9, 0.0007282245950574735)	(10, 0.10222038989144819)	(12, 4.4134823942877184e-05)	(14, 0.2136001349642916)	(16, 0.19957905308293883)	(18, 0.21368702539892917)	(20, 0.0002454999581822543)	(22, 0.21014244735101684)	(24, 0.3103119471423694)	(26, 0.19977903900393001)	(28, 0.3267811325393037)	(30, 0.20178441506683445)	(32, 0.008112532326000111)	(34, 0.000438589812932342)	(36, 0.4131847049002233)	(38, 0.2161971935106803)	(40, 0.21775018762817028)	(42, 0.20388219841736938)	(44, 0.0005889240569877674)	(46, 0.10128390409591026)	(48, 0.0006840897711145964)	(50, 0.10139699958226389)	(52, 0.19816535950351855)	(54, 0.0994095532915862)	(56, 0.10133493498609422)	(58, 0.09969780886046312)	(60, 0.09975849424338458)	(62, 0.30916582093310285)	(64, 0.2001486681544516)	(66, 0.0007930476177235743)	(68, 0.0008523537873968154)	(70, 0.10160939842248898)	(72, 0.0010109633109415305)	(74, 0.001063373414373697)	(76, 0.0009420026485307848)	(78, 0.19838603362323293)	(80, 0.30104501332761346)	(82, 0.10206453879439992)	(84, 0.10160939842248898)	(86, 0.0011323340767844426)	(88, 0.10231279717907858)	(90, 0.20063001357807858)	(92, 0.10012674418065795)	(94, 0.10217763428075352)	(96, 0.0016150587136596617)	(98, 0.1015459546130711)	(100, 0.0005930616967324121)
SRR26064313_2	(1, 0.00010757863336076312)	(2, 0.00013792132482149118)	(3, 7.447751540360524e-05)	(4, 0.2013182409889378)	(5, 0.00022619097270724553)	(6, 0.00013240447182863153)	(7, 0.0003227359000822894)	(8, 0.1977350449700755)	(9, 0.00014067975131792102)	(10, 0.11265689654069043)	(12, 0.00012137076584291225)	(14, 0.09882062923459844)	(16, 0.00014205896456613592)	(18, 0.00019584828124651746)	(20, 0.00019584828124651746)	(22, 0.22487658248169676)	(24, 0.11275482068131368)	(26, 0.0002454999581822543)	(28, 0.00010757863336076312)	(30, 0.11615320212491523)	(32, 0.19965628902483887)	(34, 0.00016550558978578942)	(36, 0.20785847021197293)	(38, 0.00011723312609826752)	(40, 0.00018205614876436838)	(42, 0.00014757581755899557)	(44, 0.21162510159284786)	(46, 0.20973971708253808)	(48, 0.0004316937466912674)	(50, 0.10095151370309047)	(52, 0.005538920404831086)	(54, 0.0037528392483927755)	(56, 0.21869219027670106)	(58, 0.20282572106923671)	(60, 0.0010275138699201093)	(62, 0.0010426852156504734)	(64, 0.32787898628488277)	(66, 0.10610149597192495)	(68, 0.10921438027314602)	(70, 0.00017929772226793855)	(72, 0.1028493111326342)	(74, 0.10164939560668722)	(76, 0.10278035047022345)	(78, 0.10345064810885589)	(80, 0.10096944347531726)	(82, 0.10085083113597079)	(84, 0.1092598943103371)	(86, 0.0009792414062325876)	(88, 0.10767517828813816)	(90, 0.21035622540449017)	(92, 0.00030618534110371043)	(94, 0.10803101530617763)	(96, 0.006690563467090537)	(98, 0.10281758922792525)	(100, 0.1986315335814152)
SRR26064314_1	(1, 0.0001255931098934859)	(2, 8.848605469768325e-05)	(3, 7.135972153038972e-05)	(4, 5.994216608552737e-05)	(5, 0.2164140546796435)	(6, 0.0006679269935244478)	(7, 0.4434835429782048)	(8, 6.850533266917413e-05)	(9, 0.0007364323261936219)	(10, 0.1021357422320162)	(12, 5.566058279370398e-05)	(14, 0.21775561744441485)	(16, 0.2028599891721613)	(18, 0.21784838508240434)	(20, 0.00021836074788299253)	(22, 0.2144901965871842)	(24, 0.3113124939540476)	(26, 0.20303410689269547)	(28, 0.3287784993958258)	(30, 0.20235476234372615)	(32, 0.007591247176402858)	(34, 0.0004352943013353773)	(36, 0.41939392818397586)	(38, 0.21740452761448534)	(40, 0.220975368079866)	(42, 0.20969339610591142)	(44, 0.0006993252709978192)	(46, 0.10409813457410193)	(48, 0.0007164516041651128)	(50, 0.1042808154612197)	(52, 0.199109322208524)	(54, 0.09986650308734982)	(56, 0.10420089257310568)	(58, 0.10012767966815105)	(60, 0.10018334025094473)	(62, 0.31170639961689534)	(64, 0.20344228449984927)	(66, 0.0007792481591118558)	(68, 0.0009176860188808119)	(70, 0.10437072871034801)	(72, 0.0009919001292724172)	(74, 0.0010489879064967287)	(76, 0.0009462299074929677)	(78, 0.19927630395690515)	(80, 0.3071051247726158)	(82, 0.10482314934485068)	(84, 0.10444208843187838)	(86, 0.001103221294859825)	(88, 0.10506862678691521)	(90, 0.2038661612457398)	(92, 0.10053300288644365)	(94, 0.1050300925372888)	(96, 0.001742604399772117)	(98, 0.10439641821009896)	(100, 0.0006336743271898608)
SRR26064314_2	(1, 0.00014557383192199505)	(2, 0.00013130188761591708)	(3, 0.00015699138736685738)	(4, 0.20696602754901994)	(5, 0.0002055159980075224)	(6, 0.00011132116558740796)	(7, 0.00027116694181548095)	(8, 0.19852559968640543)	(9, 0.0001855352759790133)	(10, 0.11280830218410129)	(12, 0.00013130188761591708)	(14, 0.09925709106548028)	(16, 0.00017411772053415093)	(18, 0.00024262305320332507)	(20, 0.00023691427548089386)	(22, 0.2253340198709422)	(24, 0.11287252593347864)	(26, 0.00024975902535636404)	(28, 0.00014129224863017163)	(30, 0.11769787030336358)	(32, 0.20290423219951012)	(34, 0.00018410808154840547)	(36, 0.2074783903496081)	(38, 0.00011702994330983913)	(40, 0.00016983613724232753)	(42, 0.0001783993038259743)	(44, 0.21220097672048932)	(46, 0.21175283766927847)	(48, 0.0004838189119760423)	(50, 0.10384409396545374)	(52, 0.005683088222680238)	(54, 0.0038534249626410453)	(56, 0.22149058526931545)	(58, 0.20397320082803536)	(60, 0.0010932309338455705)	(62, 0.0011859985718350773)	(64, 0.32813911629091347)	(66, 0.10932023899569583)	(68, 0.10847819428163724)	(70, 0.00019124405370144444)	(72, 0.10360575249554224)	(74, 0.10450345779239453)	(76, 0.10354152874616487)	(78, 0.1041495135736038)	(80, 0.1038055597158273)	(82, 0.10373705438315814)	(84, 0.10854812680873702)	(86, 0.0010632598508028069)	(88, 0.1084153977266905)	(90, 0.20993744635354533)	(92, 0.00031255558030310695)	(94, 0.10863804005786531)	(96, 0.006647871657771106)	(98, 0.10356293666262399)	(100, 0.19939904267793737)
SRR26064315_1	(1, 0.00014037456613396747)	(2, 9.358304408931166e-05)	(3, 7.687178621622028e-05)	(4, 6.684503149236547e-05)	(5, 0.21481319320386566)	(6, 0.0006216587928789988)	(7, 0.42672531204096265)	(8, 0.00010360979881316647)	(9, 0.0007386375979906383)	(10, 0.10386046768126284)	(12, 4.679152204465583e-05)	(14, 0.2158108552988892)	(16, 0.19868682935633247)	(18, 0.2159228207266389)	(20, 0.0002372998617978974)	(22, 0.211771744270963)	(24, 0.30512417300162603)	(26, 0.19888903557659687)	(28, 0.3209129694401227)	(30, 0.19778609255697285)	(32, 0.007550146307062679)	(34, 0.00041778144682728415)	(36, 0.4117954742571428)	(38, 0.2116413964595529)	(40, 0.21754047048875416)	(42, 0.20600636030474648)	(44, 0.0006199876670916896)	(46, 0.10227958268646839)	(48, 0.0007252685916921653)	(50, 0.10235144109532268)	(52, 0.1945173705169962)	(54, 0.0976522353814094)	(56, 0.10238319248528156)	(58, 0.09785611272746111)	(60, 0.09795470914891234)	(62, 0.3067184270027189)	(64, 0.1992800790108272)	(66, 0.0008338917678672592)	(68, 0.0008823544156992241)	(70, 0.10254529168665055)	(72, 0.0009258036861692616)	(74, 0.0009893064660870087)	(76, 0.0009107635540834794)	(78, 0.19467278521521592)	(80, 0.30110177323157294)	(82, 0.10296140200769052)	(84, 0.10254863393822516)	(86, 0.0010962585164747934)	(88, 0.10308673644173871)	(90, 0.19963769992931138)	(92, 0.09822710265224373)	(94, 0.10302156253603366)	(96, 0.0015675159884959702)	(98, 0.10258874095712057)	(100, 0.000685161572796746)
SRR26064315_2	(1, 0.00019050833975324156)	(2, 0.00011697880511163957)	(3, 0.00013034781141011266)	(4, 0.2032590295104103)	(5, 0.00022727310707404256)	(6, 0.00014371681770858574)	(7, 0.00023395761022327913)	(8, 0.1940110194034415)	(9, 0.00017045483030553193)	(10, 0.11125519929010576)	(12, 0.00012199218247356696)	(14, 0.0969771005633365)	(16, 0.00017379708188015018)	(18, 0.0002423132391598248)	(20, 0.00021390410077556948)	(22, 0.22285632161818453)	(24, 0.11132037319581081)	(26, 0.00027239350333138927)	(28, 0.00014705906928320401)	(30, 0.11355132612186852)	(32, 0.1987269363752279)	(34, 0.00021223297498826034)	(36, 0.20440040842314242)	(38, 0.0001687837045182228)	(40, 0.0002022062202644055)	(42, 0.00022894423286135172)	(44, 0.20826070899182653)	(46, 0.20912468102386536)	(48, 0.0004478617109988486)	(50, 0.10191360613904768)	(52, 0.0053141800036430546)	(54, 0.0035093641533491867)	(56, 0.21291479430948246)	(58, 0.19762733560717852)	(60, 0.0009475283214042804)	(62, 0.0009976620950235544)	(64, 0.32225488344733194)	(66, 0.107418294482444)	(68, 0.10768400348262613)	(70, 0.0001971928429024781)	(72, 0.09950551387953523)	(74, 0.10257202969924747)	(76, 0.09943198434489361)	(78, 0.09999014035785488)	(80, 0.10193700190007002)	(82, 0.10189355262959997)	(84, 0.10779095553301392)	(86, 0.0010578226233666835)	(88, 0.10386715218441207)	(90, 0.2067182598901402)	(92, 0.0003208561511633542)	(94, 0.10406935840467649)	(96, 0.006199876670916897)	(98, 0.09943866884804285)	(100, 0.1949267963348869)
SRR26064316_1	(1, 0.00010393045377877174)	(2, 0.40272160006813085)	(3, 4.454162304804503e-05)	(4, 4.751106458458136e-05)	(5, 6.829715534033571e-05)	(6, 5.938883073072671e-05)	(7, 0.18216632994189458)	(8, 2.6724973828827016e-05)	(9, 4.751106458458136e-05)	(10, 0.0919220322050188)	(12, 8.611380455955373e-05)	(14, 0.09119748847010392)	(16, 0.00011283877838838075)	(18, 0.09123015232700582)	(20, 0.0001469873560585486)	(22, 0.00015292623913162125)	(24, 0.09131775085233365)	(26, 0.00039048156205452806)	(28, 0.09127172450851734)	(30, 0.000274673342129611)	(32, 0.09137417024152784)	(34, 0.0003073371990315107)	(36, 0.00035039410131128756)	(38, 0.0914320743514903)	(40, 0.09148552429914796)	(42, 0.00045283983432179114)	(44, 0.09152709648065947)	(46, 0.0006636701834158709)	(48, 0.000460263438163132)	(50, 0.00047808008738235)	(52, 0.0005894341450024625)	(54, 0.0005879494242341944)	(56, 0.0005463772427226857)	(58, 0.09159539363599979)	(60, 0.0005419230804178813)	(62, 0.23797698362109498)	(64, 0.42710813868693553)	(66, 0.010894880997551813)	(68, 0.0006191285603678259)	(70, 0.0008255047471571013)	(72, 0.11032069196539793)	(74, 0.0008967713440339733)	(76, 0.20884527742690528)	(78, 0.000734936780292743)	(80, 0.0007408756633658156)	(82, 0.0009635837786060408)	(84, 0.09254264548615489)	(86, 0.0007334520595244749)	(88, 0.0008076880979378833)	(90, 0.0008566838832907328)	(92, 0.0009754615447521861)	(94, 0.0009383435255454819)	(96, 0.0011194794592741984)	(98, 0.18439044165276028)	(100, 0.18410834470678933)
SRR26064316_2	(1, 0.0001247165445345261)	(2, 0.00013956375221720776)	(3, 8.611380455955373e-05)	(4, 0.00012768598607106242)	(5, 0.00017519705065564378)	(6, 0.0001247165445345261)	(7, 0.00013956375221720776)	(8, 0.00010096101224223541)	(9, 0.00013065542760759877)	(10, 0.10532609130094381)	(12, 0.00010986933685184442)	(14, 0.00010244573301050356)	(16, 0.0001469873560585486)	(18, 0.00019598314141139816)	(20, 0.0021647228801349883)	(22, 0.09827515237243829)	(24, 0.1238613453720036)	(26, 0.00014104847298547594)	(28, 0.00015738040143642575)	(30, 0.00017668177142391196)	(32, 0.09128508699543175)	(34, 0.00014995679759508492)	(36, 0.00013065542760759877)	(38, 0.00010838461608357624)	(40, 0.00016777344681430294)	(42, 0.09120788151548181)	(44, 0.0002939747121170972)	(46, 0.0005641938919419037)	(48, 0.0003979051658958689)	(50, 0.0002583414136786612)	(52, 0.00014401791452201226)	(54, 0.0006814868326350889)	(56, 0.00017965121296044829)	(58, 0.00014550263529028041)	(60, 0.000647338254964921)	(62, 0.09148255485761142)	(64, 0.002780881998966278)	(66, 0.0002434942059959795)	(68, 0.00021676923216715248)	(70, 0.00017074288835083927)	(72, 0.00018113593372871646)	(74, 0.0007898714487186652)	(76, 0.00021379979063061613)	(78, 0.0054222002457153485)	(80, 0.0002939747121170972)	(82, 0.00021528451139888433)	(84, 0.0004840189704554227)	(86, 0.0007943256110234698)	(88, 0.0036791380637685197)	(90, 0.0030317998088035983)	(92, 0.0003429704974699467)	(94, 0.0026502265713586794)	(96, 0.004523944180913107)	(98, 0.0003830579582131873)	(100, 0.0019123203495294)
SRR26064317_1	(1, 0.00011083638595212977)	(2, 0.4088550105484155)	(3, 5.541819297606489e-05)	(4, 4.666795197984411e-05)	(5, 9.333590395968822e-05)	(6, 4.958469897858437e-05)	(7, 0.19289322926768943)	(8, 3.2084216986142826e-05)	(9, 5.541819297606489e-05)	(10, 0.09401696438389408)	(12, 8.75024099622077e-05)	(14, 0.09653411704380692)	(16, 0.00010500289195464924)	(18, 0.0965880768632836)	(20, 0.00014000385593953234)	(22, 0.00016042108493071413)	(24, 0.09663911993576156)	(26, 0.000363135001343162)	(28, 0.09663474481526346)	(30, 0.0002406316273960712)	(32, 0.09671058023723071)	(34, 0.0003660517483419022)	(36, 0.0003048000613683569)	(38, 0.0968082912616885)	(40, 0.09685933433416646)	(42, 0.000543973315265058)	(44, 0.09698329608161291)	(46, 0.0006504345807190773)	(48, 0.00045938765230159047)	(50, 0.0004973053632852138)	(52, 0.000589182893745532)	(54, 0.0005760575322512007)	(56, 0.0005600154237581294)	(58, 0.09697600421411606)	(60, 0.0005920996407442722)	(62, 0.2362287978014728)	(64, 0.42926786441909925)	(66, 0.010609667207917685)	(68, 0.0006183503637329344)	(70, 0.0008721073526233369)	(72, 0.11123598029095717)	(74, 0.0007846049426611291)	(76, 0.2107233036709886)	(78, 0.0007291867496850643)	(80, 0.000726270002686324)	(82, 0.0009566930155868044)	(84, 0.09460906402463835)	(86, 0.0007306451231844344)	(88, 0.0008925245816145186)	(90, 0.0008837743406182979)	(92, 0.0010733628955364146)	(94, 0.001035445184552791)	(96, 0.0012002413899816157)	(98, 0.1884612322031036)	(100, 0.1882118503347113)
SRR26064317_2	(1, 0.00010208614495590898)	(2, 0.00018958855491811672)	(3, 7.291867496850642e-05)	(4, 9.333590395968822e-05)	(5, 0.00021583927790677903)	(6, 0.00013417036194205182)	(7, 0.0001225033739470908)	(8, 0.00010208614495590898)	(9, 7.583542196724669e-05)	(10, 0.10421974538548748)	(12, 8.458566296346745e-05)	(14, 0.00011666987994961027)	(16, 0.00016187945843008428)	(18, 0.00022021439840488942)	(20, 0.0022531870565268486)	(22, 0.10391786207111789)	(24, 0.12484552178707922)	(26, 0.00016625457892819465)	(28, 0.0001429206029382726)	(30, 0.0001385454824401622)	(32, 0.0967003716227351)	(34, 0.000158962711431344)	(36, 0.00013417036194205182)	(38, 0.00016187945843008428)	(40, 0.00016479620542882452)	(42, 0.09657495150178928)	(44, 0.00034709289285009054)	(46, 0.0006431427132222266)	(48, 0.0005031388572826944)	(50, 0.0002522986153910322)	(52, 0.00016479620542882452)	(54, 0.0008079389186510512)	(56, 0.00019250530191685695)	(58, 0.00021000578390929848)	(60, 0.0007977303041554603)	(62, 0.09693808650313245)	(64, 0.003374676277542477)	(66, 0.0002450067478941816)	(68, 0.0002187560249055193)	(70, 0.00022750626590174004)	(72, 0.00021146415740866864)	(74, 0.001045653799048382)	(76, 0.0002566737358891426)	(78, 0.005967664359422566)	(80, 0.00028438283237717507)	(82, 0.00023188138639985043)	(84, 0.0007087695206938825)	(86, 0.0010281533170559407)	(88, 0.004204490798684081)	(90, 0.0034928045309914574)	(92, 0.0004462622908072593)	(94, 0.0029969575412056144)	(96, 0.005374106345178924)	(98, 0.00037771873633686326)	(100, 0.002415066514956933)
SRR26064318_1	(1, 0.00013051070700121354)	(2, 0.41108651246539696)	(3, 5.553647106434619e-05)	(4, 5.2759647511128883e-05)	(5, 9.996564791582313e-05)	(6, 7.497423593686736e-05)	(7, 0.19361402224807692)	(8, 2.7768235532173096e-05)	(9, 5.553647106434619e-05)	(10, 0.09666678153460098)	(12, 0.00012079182456495298)	(14, 0.0968778201246455)	(16, 0.00013328753055443087)	(18, 0.09695973641946541)	(20, 0.00016799782496964725)	(22, 0.000192989236948603)	(24, 0.09702638018474263)	(26, 0.0004095814740995532)	(28, 0.0970222149494128)	(30, 0.0003151694732901646)	(32, 0.09709718918534967)	(34, 0.00039708576811007526)	(36, 0.00033321882638607717)	(38, 0.0971832707154994)	(40, 0.09719993165681871)	(42, 0.0004803904747065946)	(44, 0.0973110045989474)	(46, 0.0006192316523674601)	(48, 0.0005012166513557244)	(50, 0.0005303732986645062)	(52, 0.000583132946175635)	(54, 0.0006136780052610254)	(56, 0.0006067359463779821)	(58, 0.09733044236381992)	(60, 0.0005720256519627658)	(62, 0.23524693778146405)	(64, 0.4339897531323333)	(66, 0.011536313451841314)	(68, 0.0006900406529745015)	(70, 0.0009121865372318862)	(72, 0.10978033076466973)	(74, 0.0009302358903277988)	(76, 0.21359465612525208)	(78, 0.0007941715362201505)	(80, 0.0008469311837312794)	(82, 0.001162100657021444)	(84, 0.09729017842229827)	(86, 0.0008274934188587583)	(88, 0.0010426972442330999)	(90, 0.0009982680673816227)	(92, 0.0012606778931606585)	(94, 0.0013314868937677)	(96, 0.001475881718535)	(98, 0.19374730977863133)	(100, 0.19355293212990615)
SRR26064318_2	(1, 0.00010274247146904047)	(2, 0.00018049353095912513)	(3, 8.052788304330198e-05)	(4, 0.00015272529542695204)	(5, 0.00011662658923512699)	(6, 7.219741238365006e-05)	(7, 0.00015827894253338666)	(8, 7.775105949008467e-05)	(9, 9.441200080938853e-05)	(10, 0.10803926239680248)	(12, 9.024676547956257e-05)	(14, 0.00014578323654390875)	(16, 0.0001416180012140828)	(18, 0.0002540793551193838)	(20, 0.0024186133148522766)	(22, 0.10465986813253701)	(24, 0.1256248859593277)	(26, 0.0001513368836503434)	(28, 0.00019993129583164627)	(30, 0.00020687335471468958)	(32, 0.09704720636139175)	(34, 0.00015550211898016935)	(36, 0.00016660941319303858)	(38, 0.00011662658923512699)	(40, 0.00019160082517199437)	(42, 0.09686948965398585)	(44, 0.0005067702984621591)	(46, 0.000699759535410762)	(48, 0.000852484830837714)	(50, 0.00035543341481181564)	(52, 0.00013051070700121354)	(54, 0.0015216993071630856)	(56, 0.0002152038253743415)	(58, 0.00014578323654390875)	(60, 0.0013203795995548307)	(62, 0.09756230713051356)	(64, 0.0069059601768514485)	(66, 0.000192989236948603)	(68, 0.00017771670740590782)	(70, 0.00016383258963982128)	(72, 0.00013328753055443087)	(74, 0.001460609188992305)	(76, 0.0002096501782679069)	(78, 0.006930951588830405)	(80, 0.00022908794314042803)	(82, 0.00016660941319303858)	(84, 0.000852484830837714)	(86, 0.001524476130716303)	(88, 0.007873683185147681)	(90, 0.006435288584581116)	(92, 0.0002957317084176435)	(94, 0.005477284458721143)	(96, 0.010529714913800038)	(98, 0.0003193347086199906)	(100, 0.0038014714443544975)
