Sample	0	1	2	3	4	5	6	7	8	9	10	11	12	13	14	15	16	17	18	19	20	21	22	23	24	25	26	27	28	29	30	31	32	33	34	35	36	37	38	39	40	41	42	43	44	45	46	47	48	49	50	51	52	53	54	55	56	57	58	59	60	61	62	63	64	65	66	67	68	69	70	71	72	73	74	75	76	77	78	79	80	81	82	83	84	85	86	87	88	89	90	91	92	93	94	95	96	97	98	99	100
SRR19077097_1	(0.0, 0.32774603269951635)	(1.0, 0.23362319662787456)	(2.0, 0.0940310631778506)	(3.0, 0.03432862427148313)	(4.0, 0.015531867024970293)	(5.0, 0.008910313688093969)	(6.0, 0.005817845267007672)	(7.0, 0.004399536908415936)	(8.0, 0.0036292007999259145)	(9.0, 0.0031202783889018207)	(10.0, 0.003031286491892143)	(11.0, 0.00305075346936301)	(12.0, 0.003353882118552224)	(13.0, 0.003949015429804443)	(14.0, 0.004891773338750715)	(15.0, 0.006279490732745375)	(16.0, 0.008696176935914431)	(17.0, 0.01258122943974317)	(18.0, 0.018451913645600337)	(19.0, 0.0285024360141308)	(20.0, 0.04274392053246077)	(21.0, 0.06303963504423037)	(22.0, 0.09168112089743878)	(23.0, 0.12907718461897424)	(24.0, 0.1737149639596722)	(25.0, 0.22389805088278572)	(26.0, 0.2855583115233661)	(27.0, 0.35530292980791933)	(28.0, 0.42822622741378696)	(29.0, 0.50146377765597)	(30.0, 0.5727852211156635)	(31.0, 0.6491096777853699)	(32.0, 0.7423370328933518)	(33.0, 0.8586967192302869)	(34.0, 0.9623861842304691)	(35.0, 1.0764014902805552)	(36.0, 1.246907183954316)	(37.0, 1.4436098673103006)	(38.0, 1.5408835727354413)	(39.0, 1.4809975880414914)	(40.0, 1.4524033791335693)	(41.0, 1.489045792727304)	(42.0, 1.5288223896938484)	(43.0, 1.729732721180322)	(44.0, 2.1837081977945028)	(45.0, 3.2774186120434403)	(46.0, 3.6226765814763926)	(47.0, 3.3016828089624854)	(48.0, 3.849633728818885)	(49.0, 3.8962849498294276)	(50.0, 3.255190104768492)	(51.0, 3.001941413853202)	(52.0, 3.310848974354482)	(53.0, 3.69264367950347)	(54.0, 3.565874722213184)	(55.0, 3.2248883638366963)	(56.0, 3.5811702045117224)	(57.0, 3.3250737728921225)	(58.0, 3.0608401446897004)	(59.0, 3.18150759504126)	(60.0, 2.547932565277642)	(61.0, 2.260802990572699)	(62.0, 1.9852062095208536)	(63.0, 1.4288817083551988)	(64.0, 1.1306642994822063)	(65.0, 1.2983445004259095)	(66.0, 1.4936149704393946)	(67.0, 1.3436274710199279)	(68.0, 1.0522095992778309)	(69.0, 0.8420830444572927)	(70.0, 0.7410410883931484)	(71.0, 0.735109222258097)	(72.0, 0.7391806015462898)	(73.0, 0.8463685604976648)	(74.0, 1.0127917508961066)	(75.0, 0.8346271920859506)	(76.0, 0.8026095761399374)	(77.0, 0.8387514103129928)	(78.0, 0.6448241617449976)	(79.0, 0.4837571711478258)	(80.0, 0.3780069875325133)	(81.0, 0.3789108114865179)	(82.0, 0.3645052481580763)	(83.0, 0.3842419823167539)	(84.0, 0.37096272268484104)	(85.0, 0.33472633462121293)	(86.0, 0.360164112182073)	(87.0, 0.32556573122277926)	(88.0, 0.23266931473180205)	(89.0, 0.18812608928167687)	(90.0, 0.15393095285570826)	(91.0, 0.11324775093837784)	(92.0, 0.0663045252657729)	(93.0, 0.025949480968665672)	(94.0, 0.012258633813083088)	(95.0, 0.009513789989690845)	(96.0, 0.007953650795239934)	(97.0, 0.004332792985658677)	(98.0, 0.0013904983907762124)	(99.0, 0.0005089224110240938)	(100.0, 0.00016685980689314548)
SRR19077097_2	(0.0, 0.35092400307274085)	(1.0, 0.25756290795930664)	(2.0, 0.11119992665300014)	(3.0, 0.04264295766436092)	(4.0, 0.021813833920673084)	(5.0, 0.014325585908118641)	(6.0, 0.011071035323167415)	(7.0, 0.009415943359025554)	(8.0, 0.008217044810210187)	(9.0, 0.007707999718717816)	(10.0, 0.00792775142488119)	(11.0, 0.008214263143043563)	(12.0, 0.00854806320303856)	(13.0, 0.009165593314029306)	(14.0, 0.010328330189678546)	(15.0, 0.012422925566147155)	(16.0, 0.016250499587423126)	(17.0, 0.021157360469349587)	(18.0, 0.02853990512957228)	(19.0, 0.0395664337780737)	(20.0, 0.056306506786822814)	(21.0, 0.0787211808154869)	(22.0, 0.10714425592406093)	(23.0, 0.14545337614282014)	(24.0, 0.18901150230500066)	(25.0, 0.2392261579969148)	(26.0, 0.3023449676748022)	(27.0, 0.37425940893355775)	(28.0, 0.44626286354164535)	(29.0, 0.5184026198408975)	(30.0, 0.5956189187192403)	(31.0, 0.6771217667013522)	(32.0, 0.7643715390497112)	(33.0, 0.8677188192913292)	(34.0, 0.9660869153046883)	(35.0, 1.0551976229875195)	(36.0, 1.2916977471611417)	(37.0, 1.4599468857344537)	(38.0, 1.5380449731046166)	(39.0, 1.6138815650683134)	(40.0, 1.6603938217614496)	(41.0, 1.7383333541031147)	(42.0, 1.7839081889610986)	(43.0, 1.9417038223222338)	(44.0, 2.5679961848878476)	(45.0, 2.7563901570818574)	(46.0, 2.757430500602175)	(47.0, 3.431737220130903)	(48.0, 3.7723746180214643)	(49.0, 3.759695779075988)	(50.0, 3.7241321643506873)	(51.0, 3.87368015456278)	(52.0, 3.5811850703249966)	(53.0, 2.9785563503458614)	(54.0, 3.143381256637058)	(55.0, 3.191409521936005)	(56.0, 3.1082571453240844)	(57.0, 3.054796284048719)	(58.0, 2.78071027311966)	(59.0, 2.7060503263674454)	(60.0, 2.5102626828445462)	(61.0, 2.499895409314535)	(62.0, 2.6566979874971848)	(63.0, 2.1850468477257534)	(64.0, 1.454300101386205)	(65.0, 1.2894668500935085)	(66.0, 1.517368841055093)	(67.0, 1.3341237347865058)	(68.0, 1.086583173628549)	(69.0, 1.2456722822221649)	(70.0, 1.16793859325083)	(71.0, 0.8036292077722896)	(72.0, 0.5811598127871237)	(73.0, 0.5051785741307624)	(74.0, 0.48372079360741727)	(75.0, 0.49702272599821795)	(76.0, 0.6133798635781408)	(77.0, 0.798093690110706)	(78.0, 0.6344176123593256)	(79.0, 0.3199167591663722)	(80.0, 0.2924561408974504)	(81.0, 0.3502814379572504)	(82.0, 0.4379345520447701)	(83.0, 0.43670505515712194)	(84.0, 0.31405856811345995)	(85.0, 0.2546811007746832)	(86.0, 0.24414692721467438)	(87.0, 0.2079991623843828)	(88.0, 0.19942328250967797)	(89.0, 0.1874203886856912)	(90.0, 0.10383129032861059)	(91.0, 0.058214730463127556)	(92.0, 0.037099095001277345)	(93.0, 0.01928529846621098)	(94.0, 0.009950023455017548)	(95.0, 0.0062698777935727016)	(96.0, 0.005382525967419334)	(97.0, 0.004881825877426838)	(98.0, 0.0046120041622642145)	(99.0, 0.0061669561084075775)	(100.0, 0.039380062077909825)
SRR19077098_1	(0.0, 0.3308698317169981)	(1.0, 0.23596457996104409)	(2.0, 0.0929187384368605)	(3.0, 0.031609760094470245)	(4.0, 0.014032212354559651)	(5.0, 0.008030466023644123)	(6.0, 0.0055881238692912505)	(7.0, 0.004257216220663476)	(8.0, 0.0035622179348049968)	(9.0, 0.003126085407241983)	(10.0, 0.00296851494567083)	(11.0, 0.0030838790336068533)	(12.0, 0.003362441099598713)	(13.0, 0.003958957846975221)	(14.0, 0.004845291693312957)	(15.0, 0.0061480617595173126)	(16.0, 0.008773298199622416)	(17.0, 0.01306990703567868)	(18.0, 0.019096977190775286)	(19.0, 0.028973268621395775)	(20.0, 0.04389744233877784)	(21.0, 0.06357405372747559)	(22.0, 0.0915062317992048)	(23.0, 0.12925561237846533)	(24.0, 0.17508047911324748)	(25.0, 0.22750642268456397)	(26.0, 0.289594812060083)	(27.0, 0.35942385036028485)	(28.0, 0.4311521754740676)	(29.0, 0.5052918914015375)	(30.0, 0.5793443808234947)	(31.0, 0.6552989708172752)	(32.0, 0.7475846136496087)	(33.0, 0.8653769749487727)	(34.0, 0.969021759805441)	(35.0, 1.0816846398288154)	(36.0, 1.2595732496679204)	(37.0, 1.4624311501495681)	(38.0, 1.552474227662755)	(39.0, 1.4854026724400484)	(40.0, 1.460652854940408)	(41.0, 1.4978704352118657)	(42.0, 1.5364751982967984)	(43.0, 1.739330285020204)	(44.0, 2.1902266020807857)	(45.0, 3.290062796330949)	(46.0, 3.6438000412834612)	(47.0, 3.315755222841774)	(48.0, 3.856072776843985)	(49.0, 3.899612871885986)	(50.0, 3.255321323312752)	(51.0, 3.000704339963223)	(52.0, 3.3071704464443887)	(53.0, 3.6850300408084986)	(54.0, 3.554415383198982)	(55.0, 3.220042422470268)	(56.0, 3.5811404589847466)	(57.0, 3.324843661964539)	(58.0, 3.0610622680197017)	(59.0, 3.172093168262518)	(60.0, 2.5382800553837663)	(61.0, 2.258907627018112)	(62.0, 1.9840259568072351)	(63.0, 1.4316627037695582)	(64.0, 1.133550645509906)	(65.0, 1.2919455382460652)	(66.0, 1.4802084747246849)	(67.0, 1.33616374902447)	(68.0, 1.0487749234263832)	(69.0, 0.8372281374923832)	(70.0, 0.7357612015152876)	(71.0, 0.72845949887641)	(72.0, 0.7368923323287091)	(73.0, 0.838387405888228)	(74.0, 0.9995200853941861)	(75.0, 0.8266765440836006)	(76.0, 0.7941720088680656)	(77.0, 0.831879183073691)	(78.0, 0.6395559934513716)	(79.0, 0.4773372032638695)	(80.0, 0.3743508378359093)	(81.0, 0.37471099889092907)	(82.0, 0.3611205465804171)	(83.0, 0.3813711646505526)	(84.0, 0.3659602107572454)	(85.0, 0.32849783351870376)	(86.0, 0.3513005303146435)	(87.0, 0.3191533423958859)	(88.0, 0.22805229178357833)	(89.0, 0.18418580078546626)	(90.0, 0.15305437959219412)	(91.0, 0.11181312503418717)	(92.0, 0.06467423320023132)	(93.0, 0.026080725148268178)	(94.0, 0.012524037936664328)	(95.0, 0.009316353540394427)	(96.0, 0.007690001276320739)	(97.0, 0.0041728034733932145)	(98.0, 0.0015334982420764005)	(99.0, 0.0005008489671368795)	(100.0, 0.00014912918684412702)
SRR19077098_2	(0.0, 0.35146527878062783)	(1.0, 0.2589705645647808)	(2.0, 0.11194551052626943)	(3.0, 0.0415837817228317)	(4.0, 0.020931207084446655)	(5.0, 0.013903477611559295)	(6.0, 0.010669652555753298)	(7.0, 0.009149839213599043)	(8.0, 0.008156331602894501)	(9.0, 0.007933988539875638)	(10.0, 0.008069083059178238)	(11.0, 0.007863626811072201)	(12.0, 0.008274539307284277)	(13.0, 0.009327150770183706)	(14.0, 0.01049515546832077)	(15.0, 0.012662296715466653)	(16.0, 0.016242301476985563)	(17.0, 0.021268943382703156)	(18.0, 0.028786390488062443)	(19.0, 0.039658684822769644)	(20.0, 0.05721815786295556)	(21.0, 0.080212370835919)	(22.0, 0.10897624557076435)	(23.0, 0.1471798498418789)	(24.0, 0.19017649507908363)	(25.0, 0.24090730154636225)	(26.0, 0.30498150626392473)	(27.0, 0.37656190021023805)	(28.0, 0.44841529766430865)	(29.0, 0.5222472669323319)	(30.0, 0.6010664755379429)	(31.0, 0.6809664402979746)	(32.0, 0.7698333037767164)	(33.0, 0.8775965131429095)	(34.0, 0.9745212018042212)	(35.0, 1.0629236778728604)	(36.0, 1.3021282255821793)	(37.0, 1.4732901670694218)	(38.0, 1.5502855996644478)	(39.0, 1.6224429597869492)	(40.0, 1.6649780320832035)	(41.0, 1.7428375067079356)	(42.0, 1.794941774121457)	(43.0, 1.9533457269420604)	(44.0, 2.575956963839616)	(45.0, 2.7662938836603717)	(46.0, 2.7727249456730054)	(47.0, 3.4434439037880473)	(48.0, 3.780504729448036)	(49.0, 3.76942416439607)	(50.0, 3.728954912457485)	(51.0, 3.8743109862887786)	(52.0, 3.584248981000335)	(53.0, 2.9818174879236055)	(54.0, 3.141780656654493)	(55.0, 3.1833700673156287)	(56.0, 3.1024343779076107)	(57.0, 3.051807706798961)	(58.0, 2.77560133314649)	(59.0, 2.7021690184980702)	(60.0, 2.506436761312667)	(61.0, 2.492119556735744)	(62.0, 2.6465916961508107)	(63.0, 2.179074596350945)	(64.0, 1.4499722901439627)	(65.0, 1.28556507462185)	(66.0, 1.510359540272225)	(67.0, 1.3261834934254986)	(68.0, 1.0808096293346943)	(69.0, 1.2395485039844019)	(70.0, 1.1593727212474605)	(71.0, 0.7952423312822138)	(72.0, 0.5751367712393)	(73.0, 0.4999060108026644)	(74.0, 0.4793350557696913)	(75.0, 0.4914203863089698)	(76.0, 0.607964739429832)	(77.0, 0.7870494115803416)	(78.0, 0.6252455800239561)	(79.0, 0.31798153927764794)	(80.0, 0.28784983253486374)	(81.0, 0.34303875813912815)	(82.0, 0.42656375916711303)	(83.0, 0.42647369615424463)	(84.0, 0.3083082088017513)	(85.0, 0.2505468583924332)	(86.0, 0.24248058980240708)	(87.0, 0.20560541497110146)	(88.0, 0.1950230109590644)	(89.0, 0.183818609264405)	(90.0, 0.10201043441922403)	(91.0, 0.05746583114834366)	(92.0, 0.03775047473762041)	(93.0, 0.02059065631703802)	(94.0, 0.01084696411233796)	(95.0, 0.006675920828870172)	(96.0, 0.005375636080582643)	(97.0, 0.004683276669156815)	(98.0, 0.0043173956793789384)	(99.0, 0.0058934984045759435)	(100.0, 0.03912956462216779)
SRR19077099_1	(0.0, 0.7652948017105498)	(1.0, 0.5368538577702137)	(2.0, 0.20518154738860664)	(3.0, 0.07112745747005725)	(4.0, 0.029869570984206076)	(5.0, 0.01588174868327244)	(6.0, 0.010410405800960344)	(7.0, 0.007241483226589538)	(8.0, 0.0054342070708936875)	(9.0, 0.004382025747372131)	(10.0, 0.003930206708448168)	(11.0, 0.003688823934228517)	(12.0, 0.0034164946504935253)	(13.0, 0.0034164946504935253)	(14.0, 0.003725959745646925)	(15.0, 0.004611029917785646)	(16.0, 0.00597886563836367)	(17.0, 0.008157499908243599)	(18.0, 0.012025813597661087)	(19.0, 0.018066572255055438)	(20.0, 0.02644069772990642)	(21.0, 0.038274642968572394)	(22.0, 0.05538806273055536)	(23.0, 0.078480348130902)	(24.0, 0.10724822337636199)	(25.0, 0.13753247758807363)	(26.0, 0.17485396806357353)	(27.0, 0.2206548021462766)	(28.0, 0.26709932362689875)	(29.0, 0.3130982153705)	(30.0, 0.35940038290735155)	(31.0, 0.41653382877457207)	(32.0, 0.49903722314246823)	(33.0, 0.6072757348233211)	(34.0, 0.6959312952828669)	(35.0, 0.7891793177544891)	(36.0, 0.9624550138327803)	(37.0, 1.1746119044661445)	(38.0, 1.2848743178693005)	(39.0, 1.2562921216809326)	(40.0, 1.242038159398167)	(41.0, 1.2933598507784068)	(42.0, 1.379787262552848)	(43.0, 1.607652601416199)	(44.0, 2.078658476239672)	(45.0, 3.0965758244258446)	(46.0, 3.426459426557465)	(47.0, 3.2485850791651942)	(48.0, 4.186957519293137)	(49.0, 4.328940104949516)	(50.0, 3.405242499633748)	(51.0, 3.1154593845321052)	(52.0, 3.4963056985335874)	(53.0, 3.931023696299373)	(54.0, 3.7420457412929986)	(55.0, 3.4492422468626582)	(56.0, 3.9804762185048865)	(57.0, 3.6679536082113717)	(58.0, 3.6644318954285255)	(59.0, 3.8803456923170527)	(60.0, 2.7668593334456073)	(61.0, 2.312898796063183)	(62.0, 1.9942735340932434)	(63.0, 1.3524614946508031)	(64.0, 1.0765300372082263)	(65.0, 1.2725080926669707)	(66.0, 1.4541207784086945)	(67.0, 1.3512112556663833)	(68.0, 1.0814505322211654)	(69.0, 0.8224530047853826)	(70.0, 0.7062364829514751)	(71.0, 0.7186584118709325)	(72.0, 0.705679445780199)	(73.0, 0.8267360017023057)	(74.0, 0.9972636477356346)	(75.0, 0.7790536198410698)	(76.0, 0.7429080967271529)	(77.0, 0.786257967256241)	(78.0, 0.6197224209503909)	(79.0, 0.4661039477162435)	(80.0, 0.357989222073452)	(81.0, 0.3779620993146524)	(82.0, 0.36125098417636886)	(83.0, 0.3633491575215089)	(84.0, 0.3813043223423091)	(85.0, 0.36378240865472367)	(86.0, 0.3705968300500015)	(87.0, 0.32987122352781423)	(88.0, 0.23682744801899322)	(89.0, 0.19770487068970052)	(90.0, 0.16690690442003425)	(91.0, 0.12705398946617952)	(92.0, 0.07318849500377889)	(93.0, 0.02560514197299224)	(94.0, 0.010676545782792268)	(95.0, 0.006641120941991943)	(96.0, 0.0053289889385415325)	(97.0, 0.0029213504982480874)	(98.0, 0.0014235394377056358)	(99.0, 0.0008912594740417893)	(100.0, 0.0004394404351178267)
SRR19077099_2	(0.0, 0.7541702628773235)	(1.0, 0.5401560002129865)	(2.0, 0.22310952829686354)	(3.0, 0.08561561141359869)	(4.0, 0.040523154230691597)	(5.0, 0.024611082974331417)	(6.0, 0.017051301260706597)	(7.0, 0.013268314670186722)	(8.0, 0.01149136352210292)	(9.0, 0.01049453726829981)	(10.0, 0.009794901450413156)	(11.0, 0.00951628541674148)	(12.0, 0.00932434992687877)	(13.0, 0.009392456068442958)	(14.0, 0.010098283353744538)	(15.0, 0.011516129391762624)	(16.0, 0.013454058692634507)	(17.0, 0.016407388649554277)	(18.0, 0.020673309698438388)	(19.0, 0.026617118416767487)	(20.0, 0.03736550584907927)	(21.0, 0.05151920035960043)	(22.0, 0.06770369618221736)	(23.0, 0.08978246898384398)	(24.0, 0.11623241778040845)	(25.0, 0.14566665387096733)	(26.0, 0.18524870505459018)	(27.0, 0.23204381577660196)	(28.0, 0.2764366371416224)	(29.0, 0.3201855458954905)	(30.0, 0.3732649960436523)	(31.0, 0.4339475681773434)	(32.0, 0.5139041783736997)	(33.0, 0.6129490826102731)	(34.0, 0.6933452869930891)	(35.0, 0.7739334268657677)	(36.0, 1.0154749536568664)	(37.0, 1.196841608642298)	(38.0, 1.293149884281474)	(39.0, 1.3898420309003756)	(40.0, 1.4384140927704712)	(41.0, 1.5275650320779928)	(42.0, 1.624634858209205)	(43.0, 1.8477567694408983)	(44.0, 2.4187710432498766)	(45.0, 2.5823062720803205)	(46.0, 2.6983219885012066)	(47.0, 3.4283455284603184)	(48.0, 3.9559514242232496)	(49.0, 4.360316161092076)	(50.0, 4.283195242971756)	(51.0, 4.289200966364234)	(52.0, 3.836189870016333)	(53.0, 2.8578822952512684)	(54.0, 2.9190354189084937)	(55.0, 3.216108216944065)	(56.0, 3.399233248675335)	(57.0, 3.222726895610621)	(58.0, 2.8582909321006533)	(59.0, 2.6913318217897553)	(60.0, 2.4201765063530645)	(61.0, 2.5741954497667674)	(62.0, 2.8406142926310394)	(63.0, 2.379746224133597)	(64.0, 1.638119874238914)	(65.0, 1.4373367774402739)	(66.0, 1.6062523914542892)	(67.0, 1.3985162767486872)	(68.0, 1.134301596284129)	(69.0, 1.2046119002480302)	(70.0, 1.1169840619245803)	(71.0, 0.7762923759508547)	(72.0, 0.5392644289052371)	(73.0, 0.4791081315018147)	(74.0, 0.4941719717223301)	(75.0, 0.5028771749077162)	(76.0, 0.5960711424371845)	(77.0, 0.778527495687643)	(78.0, 0.6547600620632693)	(79.0, 0.37999512112367706)	(80.0, 0.385530292992621)	(81.0, 0.46340037867014705)	(82.0, 0.4762476735561188)	(83.0, 0.4457423136027777)	(84.0, 0.3532417904237812)	(85.0, 0.2908132244790809)	(86.0, 0.28757508702107454)	(87.0, 0.2554351796701929)	(88.0, 0.2745482395800699)	(89.0, 0.27409626245878027)	(90.0, 0.15944266886917802)	(91.0, 0.09105171980390384)	(92.0, 0.05649094869378612)	(93.0, 0.03014006337586046)	(94.0, 0.013615036845422587)	(95.0, 0.007312123017027774)	(96.0, 0.005460874259964857)	(97.0, 0.004612643224119976)	(98.0, 0.004049219689361697)	(99.0, 0.005101769149899141)	(100.0, 0.03246805512387269)
SRR19077100_1	(0.0, 0.7765355747904462)	(1.0, 0.5436569675360706)	(2.0, 0.20349678500320956)	(3.0, 0.06550915384268663)	(4.0, 0.02657171144762672)	(5.0, 0.015082585861474592)	(6.0, 0.010015682532083911)	(7.0, 0.006882284644951515)	(8.0, 0.004942562143393364)	(9.0, 0.004295987976207314)	(10.0, 0.0037799720543184472)	(11.0, 0.003419382614926227)	(12.0, 0.0034753361486250197)	(13.0, 0.0035126385044242144)	(14.0, 0.004072173841412142)	(15.0, 0.005048252151491084)	(16.0, 0.0066273852136570135)	(17.0, 0.008940131273207117)	(18.0, 0.012452769777631333)	(19.0, 0.017612928996520002)	(20.0, 0.025496160188749922)	(21.0, 0.03824113175347495)	(22.0, 0.056133828418488914)	(23.0, 0.07936076196278778)	(24.0, 0.10780380825967414)	(25.0, 0.14025685780497396)	(26.0, 0.17864098192234582)	(27.0, 0.2233975918220802)	(28.0, 0.26932300887018934)	(29.0, 0.316386147770174)	(30.0, 0.36686866928508477)	(31.0, 0.42345012597316406)	(32.0, 0.5026678955720549)	(33.0, 0.6092842455054547)	(34.0, 0.6970815569381604)	(35.0, 0.7957587221456316)	(36.0, 0.9733241528091006)	(37.0, 1.183871083058358)	(38.0, 1.2981033306340934)	(39.0, 1.2714570144748683)	(40.0, 1.253906256071347)	(41.0, 1.302386884491701)	(42.0, 1.390781033617194)	(43.0, 1.6206630182890343)	(44.0, 2.0965167371007674)	(45.0, 3.1202052872980817)	(46.0, 3.4475956300290185)	(47.0, 3.2698872070016525)	(48.0, 4.22385143715097)	(49.0, 4.363163301942365)	(50.0, 3.420818755624496)	(51.0, 3.122511816298332)	(52.0, 3.487577538386456)	(53.0, 3.9180653754870676)	(54.0, 3.7396046882844183)	(55.0, 3.4512761291345386)	(56.0, 3.977133655895093)	(57.0, 3.671142431274295)	(58.0, 3.6647326431361336)	(59.0, 3.874956286301798)	(60.0, 2.755363379344753)	(61.0, 2.30266820642502)	(62.0, 1.9933197697822942)	(63.0, 1.3479641462190177)	(64.0, 1.073965908755329)	(65.0, 1.2594767412040269)	(66.0, 1.4345180457917504)	(67.0, 1.3399192714849912)	(68.0, 1.0748300799980106)	(69.0, 0.8125509993145692)	(70.0, 0.6980016817145407)	(71.0, 0.7099757379260823)	(72.0, 0.6984803952806303)	(73.0, 0.8138752329454405)	(74.0, 0.977477148421411)	(75.0, 0.7704739419730771)	(76.0, 0.7342533544920585)	(77.0, 0.7701071354743849)	(78.0, 0.6064741347019154)	(79.0, 0.46220727364852787)	(80.0, 0.35546036546983095)	(81.0, 0.3686280970669469)	(82.0, 0.3514379281028177)	(83.0, 0.356336970831112)	(84.0, 0.3724018520619654)	(85.0, 0.3490940967467683)	(86.0, 0.35287406880108674)	(87.0, 0.3183693896868312)	(88.0, 0.22916702285235574)	(89.0, 0.19053421636298923)	(90.0, 0.1650567073521389)	(91.0, 0.12727563798685404)	(92.0, 0.07364106740691119)	(93.0, 0.02675822322662269)	(94.0, 0.010805249063166877)	(95.0, 0.006266795774264794)	(96.0, 0.004986081558492426)	(97.0, 0.0029779714046357505)	(98.0, 0.0013180165715715637)	(99.0, 0.0006590082857857819)	(100.0, 0.0004351941509906107)
SRR19077100_2	(0.0, 0.7627744001701605)	(1.0, 0.5454341347856684)	(2.0, 0.22216645567632434)	(3.0, 0.08342592342092309)	(4.0, 0.039001339329999156)	(5.0, 0.023005255012225622)	(6.0, 0.016537164930388735)	(7.0, 0.013228488080833711)	(8.0, 0.011045507678213762)	(9.0, 0.009919811231278688)	(10.0, 0.00954665218809579)	(11.0, 0.00931031812741329)	(12.0, 0.009503116966391119)	(13.0, 0.009596406727186844)	(14.0, 0.009938469183437833)	(15.0, 0.011387570134464751)	(16.0, 0.013471041458902594)	(17.0, 0.01667398991288913)	(18.0, 0.02083471324437844)	(19.0, 0.02687367042655499)	(20.0, 0.03777613380488198)	(21.0, 0.051595457037421945)	(22.0, 0.06863016735872121)	(23.0, 0.0912684826451503)	(24.0, 0.11778765198068157)	(25.0, 0.1495434865555461)	(26.0, 0.18769277940361098)	(27.0, 0.2315203090254423)	(28.0, 0.27709546683284686)	(29.0, 0.32514591296003126)	(30.0, 0.3806284433639417)	(31.0, 0.443474645553328)	(32.0, 0.5244439386066303)	(33.0, 0.6203831286089533)	(34.0, 0.6989890810554307)	(35.0, 0.7777007618974765)	(36.0, 1.0274001356433122)	(37.0, 1.215366565011924)	(38.0, 1.3076114804867363)	(39.0, 1.3992095869533647)	(40.0, 1.4462587229813417)	(41.0, 1.5352695934152356)	(42.0, 1.636644466813256)	(43.0, 1.8657454613753959)	(44.0, 2.43751840529239)	(45.0, 2.5989905425950166)	(46.0, 2.714296686938532)	(47.0, 3.44330019370064)	(48.0, 3.96506360651374)	(49.0, 4.379139538781642)	(50.0, 4.314558147041455)	(51.0, 4.319875663406812)	(52.0, 3.8583649974329766)	(53.0, 2.875408103832748)	(54.0, 2.932084743174843)	(55.0, 3.2196784177559024)	(56.0, 3.388663490461277)	(57.0, 3.2073703886482527)	(58.0, 2.8519923738730206)	(59.0, 2.6752455930694414)	(60.0, 2.4022735336637657)	(61.0, 2.5639198118532103)	(62.0, 2.828570424595908)	(63.0, 2.375374985967665)	(64.0, 1.6353819453838205)	(65.0, 1.4293732762773157)	(66.0, 1.596212684484389)	(67.0, 1.3891529507395857)	(68.0, 1.125149147005072)	(69.0, 1.1913475612657183)	(70.0, 1.1009995375937525)	(71.0, 0.7632470682915256)	(72.0, 0.530663255993012)	(73.0, 0.4701182012365869)	(74.0, 0.4889254170130049)	(75.0, 0.49861511350098753)	(76.0, 0.580759857540316)	(77.0, 0.7540176012901352)	(78.0, 0.6356577721099066)	(79.0, 0.37298490229607867)	(80.0, 0.37904873674780076)	(81.0, 0.44884813577516175)	(82.0, 0.4533073863411973)	(83.0, 0.42943764621226466)	(84.0, 0.34808897479839307)	(85.0, 0.2880041495285602)	(86.0, 0.2844466999835499)	(87.0, 0.24959986466765366)	(88.0, 0.26432720823860534)	(89.0, 0.2608319518674589)	(90.0, 0.15140928177146062)	(91.0, 0.08774834900445833)	(92.0, 0.05540167927788749)	(93.0, 0.030107715467473435)	(94.0, 0.014453693605950892)	(95.0, 0.008178402363091834)	(96.0, 0.005392148173992867)	(97.0, 0.0044094960269445704)	(98.0, 0.004104749475011871)	(99.0, 0.005186910700242274)	(100.0, 0.03251459129600313)
SRR19077101_1	(0.0, 0.5558769009980336)	(1.0, 0.40719469854708523)	(2.0, 0.1742768828514673)	(3.0, 0.06260012077424981)	(4.0, 0.02754488301412251)	(5.0, 0.016452241197739758)	(6.0, 0.011220580640324824)	(7.0, 0.008717129058323229)	(8.0, 0.007320175413117921)	(9.0, 0.006303580433686335)	(10.0, 0.005802198556075517)	(11.0, 0.005816029780285471)	(12.0, 0.006438434869733381)	(13.0, 0.007340922249432851)	(14.0, 0.008851983494370276)	(15.0, 0.011773829608722966)	(16.0, 0.0167669015485162)	(17.0, 0.023910728852957214)	(18.0, 0.035795208255359805)	(19.0, 0.054315217472487624)	(20.0, 0.08106134728848531)	(21.0, 0.12166636376285647)	(22.0, 0.18036262150384688)	(23.0, 0.2576411289709099)	(24.0, 0.34914159273185763)	(25.0, 0.450451852263715)	(26.0, 0.5745974629662056)	(27.0, 0.7200604479822872)	(28.0, 0.8739189860938105)	(29.0, 1.032819005429862)	(30.0, 1.1886208305428838)	(31.0, 1.3541632953057654)	(32.0, 1.5231151568364008)	(33.0, 1.679791806880702)	(34.0, 1.8194906292072857)	(35.0, 1.9843622795959845)	(36.0, 2.18363564240089)	(37.0, 2.3834622541741943)	(38.0, 2.511975073920978)	(39.0, 2.555342877431287)	(40.0, 2.5906954865119283)	(41.0, 2.5830883131964537)	(42.0, 2.626857222208852)	(43.0, 2.757306413345029)	(44.0, 2.8810612919635883)	(45.0, 3.280237338274953)	(46.0, 3.422847633297732)	(47.0, 3.221627525685275)	(48.0, 3.255797565095965)	(49.0, 3.2303619437738607)	(50.0, 3.0797710323819385)	(51.0, 2.9393184083359127)	(52.0, 2.8583988310955797)	(53.0, 2.822005422393139)	(54.0, 2.738679212140274)	(55.0, 2.5505953097212206)	(56.0, 2.472127316972102)	(57.0, 2.2486043603210946)	(58.0, 2.084489969457891)	(59.0, 2.0665612450757385)	(60.0, 1.848394430000036)	(61.0, 1.725746049318273)	(62.0, 1.6039966982101566)	(63.0, 1.4178318781502341)	(64.0, 1.3394226681040076)	(65.0, 1.345570647265332)	(66.0, 1.219094475283464)	(67.0, 0.9706338213819108)	(68.0, 0.7587636711277896)	(69.0, 0.6195835197090795)	(70.0, 0.5355761216638741)	(71.0, 0.48904096780948536)	(72.0, 0.452364019010741)	(73.0, 0.4542865591759246)	(74.0, 0.47094626873681367)	(75.0, 0.39675903988067523)	(76.0, 0.3509085316246792)	(77.0, 0.3586332703459383)	(78.0, 0.32474331322549954)	(79.0, 0.25517917106153815)	(80.0, 0.21209836545358535)	(81.0, 0.2065900804119713)	(82.0, 0.1864898538288563)	(83.0, 0.18641723990175404)	(84.0, 0.1976378205420789)	(85.0, 0.19361984990908734)	(86.0, 0.2071640762166844)	(87.0, 0.20109562659456726)	(88.0, 0.1526552216052574)	(89.0, 0.11527633817785793)	(90.0, 0.08525220822410123)	(91.0, 0.0577453610765561)	(92.0, 0.03321222713415098)	(93.0, 0.014149342366782489)	(94.0, 0.007745485557573993)	(95.0, 0.00566734412002847)	(96.0, 0.004515894704549836)	(97.0, 0.0025864389272613154)	(98.0, 0.0010788354883763775)	(99.0, 0.0006881034044451895)	(100.0, 0.0004080211141936299)
SRR19077101_2	(0.0, 0.628239516704784)	(1.0, 0.47318708531549347)	(2.0, 0.2131560277985698)	(3.0, 0.07760056561267878)	(4.0, 0.03853054821998516)	(5.0, 0.026745221677738754)	(6.0, 0.021149958078749705)	(7.0, 0.017833605920881658)	(8.0, 0.016094163652469115)	(9.0, 0.015160467007396778)	(10.0, 0.015101678700114448)	(11.0, 0.015260752943348993)	(12.0, 0.015578901429818087)	(13.0, 0.016765041982632206)	(14.0, 0.01907853478097811)	(15.0, 0.023356248669698414)	(16.0, 0.03003390874982688)	(17.0, 0.039547240122397256)	(18.0, 0.05472845594412897)	(19.0, 0.07676369676783615)	(20.0, 0.1126660618387288)	(21.0, 0.1606234880382221)	(22.0, 0.21956395329234407)	(23.0, 0.29803251097136785)	(24.0, 0.3864881646169432)	(25.0, 0.488465128937455)	(26.0, 0.6207353621869803)	(27.0, 0.7705902155853681)	(28.0, 0.916042862209026)	(29.0, 1.0711056680054838)	(30.0, 1.2425012488192628)	(31.0, 1.4087995375780913)	(32.0, 1.5818550235386653)	(33.0, 1.7568989375396713)	(34.0, 1.902427663149224)	(35.0, 2.0325538522508055)	(36.0, 2.2355291284823644)	(37.0, 2.3986943462766166)	(38.0, 2.474202739777189)	(39.0, 2.5561225169072577)	(40.0, 2.7214283207137315)	(41.0, 2.8457448418015296)	(42.0, 2.9342627418901097)	(43.0, 3.067151981433961)	(44.0, 3.19899686398962)	(45.0, 3.2579753687366897)	(46.0, 3.253614659590629)	(47.0, 3.3508816430571096)	(48.0, 3.3102796715393525)	(49.0, 3.1669053644849114)	(50.0, 3.1362178680835338)	(51.0, 3.082710134049444)	(52.0, 2.817927598049819)	(53.0, 2.500232127360372)	(54.0, 2.3991508201919856)	(55.0, 2.3514008821358416)	(56.0, 2.2237818414330652)	(57.0, 2.0564322794146)	(58.0, 1.932886922592917)	(59.0, 1.8670543928438723)	(60.0, 1.7894157877382462)	(61.0, 1.798946409789429)	(62.0, 1.8374527510593566)	(63.0, 1.610730456821458)	(64.0, 1.2099048614990706)	(65.0, 1.00408008143218)	(66.0, 0.9930382540702689)	(67.0, 0.8850856312212942)	(68.0, 0.7466875814715163)	(69.0, 0.7129776744486824)	(70.0, 0.6252447711691076)	(71.0, 0.4798751198027894)	(72.0, 0.3673300927143478)	(73.0, 0.3194694943150842)	(74.0, 0.3016358883942026)	(75.0, 0.2873952854889882)	(76.0, 0.30842420881745075)	(77.0, 0.3753287606404675)	(78.0, 0.319376124650577)	(79.0, 0.19385271419562985)	(80.0, 0.17130912742071663)	(81.0, 0.1704342190829266)	(82.0, 0.17168952235019053)	(83.0, 0.17536206248747507)	(84.0, 0.18950583759245976)	(85.0, 0.18751049328058295)	(86.0, 0.15824774879687134)	(87.0, 0.14124409544938732)	(88.0, 0.14361637655501558)	(89.0, 0.1310806345609888)	(90.0, 0.08049156707668052)	(91.0, 0.04552289865086022)	(92.0, 0.027440306957959272)	(93.0, 0.013666552375281039)	(94.0, 0.007075345688214829)	(95.0, 0.005332445284079798)	(96.0, 0.004931301540270942)	(97.0, 0.004810266789983786)	(98.0, 0.004976257304663313)	(99.0, 0.006757197201745736)	(100.0, 0.04989744033981025)
SRR19077102_1	(0.0, 0.5649792951672548)	(1.0, 0.41271608868297227)	(2.0, 0.17185260447478468)	(3.0, 0.05746083959413723)	(4.0, 0.024592207407902203)	(5.0, 0.014649341583215913)	(6.0, 0.010448376183935766)	(7.0, 0.008206699211539804)	(8.0, 0.006770352535603356)	(9.0, 0.005944104569105933)	(10.0, 0.005661716023594156)	(11.0, 0.005801167157180219)	(12.0, 0.00635897169152447)	(13.0, 0.0072305412764373635)	(14.0, 0.008548354488825658)	(15.0, 0.011835914963117092)	(16.0, 0.01714551687440644)	(17.0, 0.024613125077940112)	(18.0, 0.0366651892981156)	(19.0, 0.0553760451470256)	(20.0, 0.08279911056672487)	(21.0, 0.1234804925121191)	(22.0, 0.18122720693010774)	(23.0, 0.2581275345461422)	(24.0, 0.3516818137906922)	(25.0, 0.45456886015048936)	(26.0, 0.5810301206430106)	(27.0, 0.7266066452718413)	(28.0, 0.8787443457358964)	(29.0, 1.0395803106573822)	(30.0, 1.1924326981810656)	(31.0, 1.3570547613794128)	(32.0, 1.5297336138206952)	(33.0, 1.6873726615047202)	(34.0, 1.8286994128375158)	(35.0, 1.9906579593843694)	(36.0, 2.1881068194288757)	(37.0, 2.389923986232966)	(38.0, 2.5198819839001576)	(39.0, 2.5626586191276823)	(40.0, 2.5963151502186785)	(41.0, 2.592169965272833)	(42.0, 2.636654876886787)	(43.0, 2.7658668109892934)	(44.0, 2.8869905793438075)	(45.0, 3.2855244877410774)	(46.0, 3.43518693058398)	(47.0, 3.230633035283263)	(48.0, 3.2594610708738427)	(49.0, 3.2303297290677135)	(50.0, 3.0755808061272596)	(51.0, 2.938723463625897)	(52.0, 2.860261283313699)	(53.0, 2.820385231664764)	(54.0, 2.7347448042512235)	(55.0, 2.551924368119895)	(56.0, 2.4718829037198344)	(57.0, 2.2454316941677663)	(58.0, 2.0820542323366746)	(59.0, 2.0630261251588564)	(60.0, 1.8432093032871455)	(61.0, 1.7174069494008186)	(62.0, 1.593849758765227)	(63.0, 1.406162478071745)	(64.0, 1.3320651182407903)	(65.0, 1.337932524686424)	(66.0, 1.207667734525343)	(67.0, 0.961585291642697)	(68.0, 0.7531197920448915)	(69.0, 0.6154710643604284)	(70.0, 0.5322222238878885)	(71.0, 0.48734684909989345)	(72.0, 0.45007156109233887)	(73.0, 0.449419627042824)	(74.0, 0.465658711548921)	(75.0, 0.3916729126248354)	(76.0, 0.3461072547255893)	(77.0, 0.35426514604037396)	(78.0, 0.3191827271084602)	(79.0, 0.25107479346502704)	(80.0, 0.20998551695389356)	(81.0, 0.20356727853059506)	(82.0, 0.1846228420329284)	(83.0, 0.18573496482327725)	(84.0, 0.19293761587299738)	(85.0, 0.18783021810540784)	(86.0, 0.20401352215807045)	(87.0, 0.19942906614142863)	(88.0, 0.1490314264634255)	(89.0, 0.1103546545633309)	(90.0, 0.08320700513246411)	(91.0, 0.05732487473889083)	(92.0, 0.03331487581371044)	(93.0, 0.014764388768424416)	(94.0, 0.008213671768219107)	(95.0, 0.006177685217862588)	(96.0, 0.004765742490303701)	(97.0, 0.0026321401464369384)	(98.0, 0.0011434992954057162)	(99.0, 0.0006693654412131022)	(100.0, 0.0004148671224185373)
SRR19077102_2	(0.0, 0.629438257282661)	(1.0, 0.47525858976597635)	(2.0, 0.21393174156253436)	(3.0, 0.07616062049270549)	(4.0, 0.03679893735659084)	(5.0, 0.024762749015208276)	(6.0, 0.019971983435527033)	(7.0, 0.01706056476082992)	(8.0, 0.015275359537542587)	(9.0, 0.015087076174149)	(10.0, 0.01557521822739163)	(11.0, 0.015641466077474558)	(12.0, 0.015453182714080974)	(13.0, 0.016760706070980874)	(14.0, 0.019246743813566558)	(15.0, 0.023249508650156122)	(16.0, 0.030474011038147047)	(17.0, 0.040885383688022)	(18.0, 0.05579812341458435)	(19.0, 0.07780286982897176)	(20.0, 0.11383821354513306)	(21.0, 0.16128213439136496)	(22.0, 0.22032988918896454)	(23.0, 0.3000853272309068)	(24.0, 0.38908059699494174)	(25.0, 0.4901469223898765)	(26.0, 0.6236677208675429)	(27.0, 0.7738446235476379)	(28.0, 0.9241993494042715)	(29.0, 1.0797597615858423)	(30.0, 1.2457629269778538)	(31.0, 1.4174390003743351)	(32.0, 1.5915453238501747)	(33.0, 1.7605854301591455)	(34.0, 1.9071152143557277)	(35.0, 2.0439484053375407)	(36.0, 2.249229572370825)	(37.0, 2.405644233145571)	(38.0, 2.4843989799783657)	(39.0, 2.5707164419074697)	(40.0, 2.732587833491677)	(41.0, 2.859027085468374)	(42.0, 2.9496262505502058)	(43.0, 3.078150566440039)	(44.0, 3.2052906509360333)	(45.0, 3.260705234165927)	(46.0, 3.245332246217736)	(47.0, 3.3426886920080263)	(48.0, 3.3156456222583848)	(49.0, 3.166870384616886)	(50.0, 3.1364765683446296)	(51.0, 3.0862781316265284)	(52.0, 2.815509221421793)	(53.0, 2.4956855215951252)	(54.0, 2.4010347774713794)	(55.0, 2.3582037990282902)	(56.0, 2.219766712728681)	(57.0, 2.041849394508597)	(58.0, 1.9251973906994155)	(59.0, 1.8637368194672166)	(60.0, 1.781645273027613)	(61.0, 1.7941138157590106)	(62.0, 1.8285487508863263)	(63.0, 1.602877192943307)	(64.0, 1.2032039133930001)	(65.0, 0.9997253852277616)	(66.0, 0.9886341004322986)	(67.0, 0.8767937825765086)	(68.0, 0.7399292110341303)	(69.0, 0.708949624297982)	(70.0, 0.6218476483547382)	(71.0, 0.4756456166796187)	(72.0, 0.3653882737679155)	(73.0, 0.31722260002867486)	(74.0, 0.2978189534122803)	(75.0, 0.2842834716216525)	(76.0, 0.3023307806758229)	(77.0, 0.3684565952454406)	(78.0, 0.3153850938711116)	(79.0, 0.19062644524915048)	(80.0, 0.1672758214593941)	(81.0, 0.1662611833344398)	(82.0, 0.1681056629499066)	(83.0, 0.17152614405155672)	(84.0, 0.18390403183020915)	(85.0, 0.18197587071990073)	(86.0, 0.15506180994147314)	(87.0, 0.13909607807148744)	(88.0, 0.14059885824968438)	(89.0, 0.12805012075239705)	(90.0, 0.07919058795176152)	(91.0, 0.04393627152078843)	(92.0, 0.026544467509543875)	(93.0, 0.014250261225733064)	(94.0, 0.007981122570517)	(95.0, 0.005658961088662776)	(96.0, 0.0049651020272678936)	(97.0, 0.004668730066370583)	(98.0, 0.004843066513957236)	(99.0, 0.006593404447727238)	(100.0, 0.049169851677339775)
SRR19077103_1	(0.0, 0.22967349813676555)	(1.0, 0.17050667493118482)	(2.0, 0.07480513507690136)	(3.0, 0.027244356940336348)	(4.0, 0.012341115834873195)	(5.0, 0.007114890158545417)	(6.0, 0.004924549234848694)	(7.0, 0.003501146306743161)	(8.0, 0.0027851958787259005)	(9.0, 0.0024134115318326646)	(10.0, 0.0021882164417144755)	(11.0, 0.002166971621892005)	(12.0, 0.0021818429957677346)	(13.0, 0.0023815443020989585)	(14.0, 0.0027193369372762416)	(15.0, 0.003320565338252161)	(16.0, 0.004743968266357693)	(17.0, 0.006534906577391968)	(18.0, 0.008952567073189126)	(19.0, 0.013193033109754266)	(20.0, 0.02001899371871408)	(21.0, 0.029974316287523825)	(22.0, 0.044471781334377784)	(23.0, 0.06386830183229347)	(24.0, 0.0857759600332252)	(25.0, 0.11011190113986531)	(26.0, 0.13973992686428285)	(27.0, 0.17602607912106272)	(28.0, 0.21527163477911274)	(29.0, 0.25594909129319726)	(30.0, 0.29691760183884963)	(31.0, 0.3437730519573086)	(32.0, 0.41084932158279514)	(33.0, 0.49152015141268063)	(34.0, 0.5478486666899793)	(35.0, 0.627266052150339)	(36.0, 0.7722768188125769)	(37.0, 0.9291103277060196)	(38.0, 0.996985402556831)	(39.0, 0.9606036486108501)	(40.0, 0.9552818212453212)	(41.0, 0.9931018494932834)	(42.0, 1.0612764763035918)	(43.0, 1.2609947784906737)	(44.0, 1.7069894055057822)	(45.0, 3.0943080071428484)	(46.0, 3.616295354662934)	(47.0, 3.306828437754951)	(48.0, 3.999730360746813)	(49.0, 4.053307671857102)	(50.0, 3.354059921184268)	(51.0, 3.103691844058434)	(52.0, 3.6303636743493737)	(53.0, 4.209586690953178)	(54.0, 3.9680033468239353)	(55.0, 3.514613398028625)	(56.0, 3.9524308938940647)	(57.0, 3.7733391872726196)	(58.0, 3.6445530895088023)	(59.0, 3.78168840146285)	(60.0, 2.9529428515621468)	(61.0, 2.5927751721478374)	(62.0, 2.267844150891078)	(63.0, 1.6020697383305285)	(64.0, 1.2701045572305492)	(65.0, 1.4793426631800801)	(66.0, 1.6791162018987005)	(67.0, 1.4844265485635972)	(68.0, 1.1292577752535156)	(69.0, 0.8799285698170002)	(70.0, 0.8089538757540902)	(71.0, 0.8491023362545952)	(72.0, 0.8608953357380487)	(73.0, 0.9842045189516326)	(74.0, 1.1897715200358407)	(75.0, 0.9777609650994773)	(76.0, 0.9623733421020618)	(77.0, 1.008438484923125)	(78.0, 0.7578154699594211)	(79.0, 0.5664421329986056)	(80.0, 0.4387246496718589)	(81.0, 0.44706324145217863)	(82.0, 0.4284825220354458)	(83.0, 0.46670407737805275)	(84.0, 0.4826546881007637)	(85.0, 0.4252193177107143)	(86.0, 0.4515352760248087)	(87.0, 0.4273076834992631)	(88.0, 0.2978417515011271)	(89.0, 0.23019187174043387)	(90.0, 0.19365290612776662)	(91.0, 0.14550364648211916)	(92.0, 0.09016726429052989)	(93.0, 0.03762245142361325)	(94.0, 0.01699585585797651)	(95.0, 0.01247283371777251)	(96.0, 0.010972949438306083)	(97.0, 0.007023537433308793)	(98.0, 0.002494141847158053)	(99.0, 0.0008944069145260138)	(100.0, 0.00041214950455593035)
SRR19077103_2	(0.0, 0.25684984815776335)	(1.0, 0.19372648931674766)	(2.0, 0.08906420321794399)	(3.0, 0.03433703313200685)	(4.0, 0.017213143233646214)	(5.0, 0.01147967898125393)	(6.0, 0.008874331622679825)	(7.0, 0.007348524605178839)	(8.0, 0.006462366490557794)	(9.0, 0.0060862274347114505)	(10.0, 0.006196731564112636)	(11.0, 0.006455991252323111)	(12.0, 0.006534619190550877)	(13.0, 0.007059513805206508)	(14.0, 0.007756539852198602)	(15.0, 0.008908332893264804)	(16.0, 0.011188543101870037)	(17.0, 0.01404039967218525)	(18.0, 0.01830755913060026)	(19.0, 0.024342784659434243)	(20.0, 0.03468767123491446)	(21.0, 0.04885770075120495)	(22.0, 0.06432190362913624)	(23.0, 0.08373662913315992)	(24.0, 0.10495129689877598)	(25.0, 0.1293344580670299)	(26.0, 0.1630148416608643)	(27.0, 0.20135339932484103)	(28.0, 0.23880579887419667)	(29.0, 0.2805636093113754)	(30.0, 0.32356034104549447)	(31.0, 0.3782025079549692)	(32.0, 0.4581437452590807)	(33.0, 0.5205105758295805)	(34.0, 0.5464301694123932)	(35.0, 0.6067802996213215)	(36.0, 0.8066716443110084)	(37.0, 0.943805143818468)	(38.0, 1.0225010845874047)	(39.0, 1.0784863016849862)	(40.0, 1.1015094120298408)	(41.0, 1.1753814225345334)	(42.0, 1.2497634520980005)	(43.0, 1.441811128679615)	(44.0, 2.193562220678234)	(45.0, 2.503354172216223)	(46.0, 2.613284530176287)	(47.0, 3.433135916997798)	(48.0, 3.8238211414162784)	(49.0, 3.841106537349918)	(50.0, 3.825854842413142)	(51.0, 4.100444853498619)	(52.0, 3.873705255523267)	(53.0, 3.154382875345073)	(54.0, 3.3617523744840443)	(55.0, 3.5484278503132316)	(56.0, 3.543291533375488)	(57.0, 3.448138977643421)	(58.0, 3.104048244402833)	(59.0, 2.9723995748566128)	(60.0, 2.743896160969665)	(61.0, 2.8565763716882895)	(62.0, 3.1964211962645783)	(63.0, 2.644810083246798)	(64.0, 1.6947295799259898)	(65.0, 1.5137301912050827)	(66.0, 1.8471742765937482)	(67.0, 1.601668102334899)	(68.0, 1.231298637090945)	(69.0, 1.4173833408437182)	(70.0, 1.3776507310857573)	(71.0, 1.0283493031280213)	(72.0, 0.7646651995826769)	(73.0, 0.6266965438664736)	(74.0, 0.5633628021637134)	(75.0, 0.5782574837593462)	(76.0, 0.7139608048228252)	(77.0, 0.9980860472279773)	(78.0, 0.8565536333385857)	(79.0, 0.423917216256475)	(80.0, 0.35615905921884417)	(81.0, 0.4341728494966697)	(82.0, 0.5414978600981595)	(83.0, 0.5490673929621407)	(84.0, 0.41955655330395125)	(85.0, 0.34343833386123845)	(86.0, 0.31933780825472224)	(87.0, 0.26763887633025985)	(88.0, 0.285889058316748)	(89.0, 0.2903262241280879)	(90.0, 0.16560106330473437)	(91.0, 0.08722600952694351)	(92.0, 0.05523931422412342)	(93.0, 0.030148501611819607)	(94.0, 0.013347623784016278)	(95.0, 0.0077692903286679695)	(96.0, 0.0060989779111808185)	(97.0, 0.005363700434780622)	(98.0, 0.005070439475985168)	(99.0, 0.006277484581751964)	(100.0, 0.045457573692706935)
SRR19077104_1	(0.0, 0.23522843716800665)	(1.0, 0.1736121018069534)	(2.0, 0.07370920084501177)	(3.0, 0.024724192780312598)	(4.0, 0.010769236247910565)	(5.0, 0.006264177259740806)	(6.0, 0.004391359880373093)	(7.0, 0.003376648974942476)	(8.0, 0.002593626817474875)	(9.0, 0.002168864112876012)	(10.0, 0.002162428314321484)	(11.0, 0.0022546747602697217)	(12.0, 0.0023233232781846897)	(13.0, 0.0024220055226874555)	(14.0, 0.0028060081697743066)	(15.0, 0.003449588025227129)	(16.0, 0.004406376743666992)	(17.0, 0.006412200626494956)	(18.0, 0.009430590148568693)	(19.0, 0.013467981108442734)	(20.0, 0.02016979266989146)	(21.0, 0.030735228630241966)	(22.0, 0.04571562239899883)	(23.0, 0.06445023199123048)	(24.0, 0.08610025832866344)	(25.0, 0.11065497508037347)	(26.0, 0.14172057470308122)	(27.0, 0.17869209213266102)	(28.0, 0.21722536334480633)	(29.0, 0.25782238062677043)	(30.0, 0.2984515769015071)	(31.0, 0.3460207092842101)	(32.0, 0.4130259533015882)	(33.0, 0.4937137050458935)	(34.0, 0.5528072073735717)	(35.0, 0.6339004144268121)	(36.0, 0.7803362842041777)	(37.0, 0.9385239221421118)	(38.0, 1.0039116354561184)	(39.0, 0.9660755757540471)	(40.0, 0.9611564803922027)	(41.0, 1.0008717932721964)	(42.0, 1.0699793981507204)	(43.0, 1.268459425572371)	(44.0, 1.7183496329942969)	(45.0, 3.107591835305684)	(46.0, 3.632877422793908)	(47.0, 3.3229851413286347)	(48.0, 4.011120030174456)	(49.0, 4.0634688156169885)	(50.0, 3.362209188252299)	(51.0, 3.109865817461617)	(52.0, 3.6313285406084512)	(53.0, 4.201913568855815)	(54.0, 3.960217154140507)	(55.0, 3.5162736245829653)	(56.0, 3.9543090910674503)	(57.0, 3.774357727684287)	(58.0, 3.65011463658912)	(59.0, 3.7846142453140197)	(60.0, 2.951463652905199)	(61.0, 2.586641830777027)	(62.0, 2.2647789640003313)	(63.0, 1.602286441861935)	(64.0, 1.2699267876428035)	(65.0, 1.4756706863663314)	(66.0, 1.6664599345153206)	(67.0, 1.4722575678662466)	(68.0, 1.1200499109049502)	(69.0, 0.8741680818630144)	(70.0, 0.8072979896152812)	(71.0, 0.8455223424968091)	(72.0, 0.8553283542277255)	(73.0, 0.9783550793960869)	(74.0, 1.1810269569429201)	(75.0, 0.9712242145976697)	(76.0, 0.9556645989590054)	(77.0, 0.9994795155182334)	(78.0, 0.7493221709699062)	(79.0, 0.5593845934962995)	(80.0, 0.4338993932801081)	(81.0, 0.44084361992044413)	(82.0, 0.42325458247091846)	(83.0, 0.46245074093418015)	(84.0, 0.4771458143003529)	(85.0, 0.4179107244044752)	(86.0, 0.4419291246099745)	(87.0, 0.4187173444899761)	(88.0, 0.29097532424733014)	(89.0, 0.22460722428685023)	(90.0, 0.19075277862384693)	(91.0, 0.14368134799602747)	(92.0, 0.08933746500159115)	(93.0, 0.03779959017692911)	(94.0, 0.017061301968054325)	(95.0, 0.012785786461662741)	(96.0, 0.011127495700779302)	(97.0, 0.007193077517777714)	(98.0, 0.0026622753353898426)	(99.0, 0.001014710905430617)	(100.0, 0.00045050589881697584)
SRR19077104_2	(0.0, 0.25877801165432374)	(1.0, 0.19501268214400605)	(2.0, 0.0888851998535039)	(3.0, 0.03379573193531863)	(4.0, 0.016907522504182836)	(5.0, 0.01110287110504404)	(6.0, 0.008639381343043546)	(7.0, 0.007291758023761045)	(8.0, 0.006617946364119795)	(9.0, 0.006274602843283489)	(10.0, 0.006287478225314851)	(11.0, 0.006338979753440297)	(12.0, 0.006381897693544835)	(13.0, 0.006890475283783613)	(14.0, 0.007763855364910966)	(15.0, 0.009117916375209147)	(16.0, 0.011199436470279251)	(17.0, 0.014192962792570794)	(18.0, 0.01799763818283811)	(19.0, 0.023656368585621472)	(20.0, 0.034411604375818756)	(21.0, 0.049091685788576055)	(22.0, 0.06532754253012288)	(23.0, 0.08393246956544019)	(24.0, 0.10513607787408731)	(25.0, 0.13148340130426334)	(26.0, 0.16525338247551924)	(27.0, 0.20367566835410708)	(28.0, 0.24034261048241934)	(29.0, 0.28170262936116286)	(30.0, 0.32710122640374334)	(31.0, 0.3803130344423551)	(32.0, 0.45921122963353295)	(33.0, 0.5253649425106681)	(34.0, 0.5532551658876024)	(35.0, 0.6137222517008862)	(36.0, 0.815050308731275)	(37.0, 0.9527310605866337)	(38.0, 1.0311013651145258)	(39.0, 1.0861500609896118)	(40.0, 1.107913748416623)	(41.0, 1.182897827470267)	(42.0, 1.2633453602992186)	(43.0, 1.4562915436271913)	(44.0, 2.202688169470242)	(45.0, 2.5119784507306018)	(46.0, 2.618957854132179)	(47.0, 3.4386540298797703)	(48.0, 3.8399110190931403)	(49.0, 3.8536726565876602)	(50.0, 3.830681516073659)	(51.0, 4.114111592524029)	(52.0, 3.890796674778086)	(53.0, 3.163934149373616)	(54.0, 3.365395252018329)	(55.0, 3.5449596216217065)	(56.0, 3.539588441417623)	(57.0, 3.450829849487428)	(58.0, 3.107647270926514)	(59.0, 2.9707240207140004)	(60.0, 2.7351045295400853)	(61.0, 2.8491310587068277)	(62.0, 3.1846914111051756)	(63.0, 2.6335413701797012)	(64.0, 1.691642797675453)	(65.0, 1.5094024945065574)	(66.0, 1.8383620677168273)	(67.0, 1.5949873047660224)	(68.0, 1.2263458041350963)	(69.0, 1.4071741070745525)	(70.0, 1.367234672013269)	(71.0, 1.0209105002367032)	(72.0, 0.7624801238972262)	(73.0, 0.6248015179388727)	(74.0, 0.558832352204187)	(75.0, 0.5744394611232024)	(76.0, 0.708630984448062)	(77.0, 0.9858122088192117)	(78.0, 0.8440842952119952)	(79.0, 0.41968380679725326)	(80.0, 0.34983485927711727)	(81.0, 0.42399276798374885)	(82.0, 0.5293305601763275)	(83.0, 0.5378197287290052)	(84.0, 0.41320748963547843)	(85.0, 0.3389551614606168)	(86.0, 0.31636101189258264)	(87.0, 0.26614916786727816)	(88.0, 0.2797498630864063)	(89.0, 0.2819107813706698)	(90.0, 0.1617255277989262)	(91.0, 0.08526292570868088)	(92.0, 0.05427402705619905)	(93.0, 0.030527530796358046)	(94.0, 0.014566348871480277)	(95.0, 0.008534232389787427)	(96.0, 0.0062273931091684975)	(97.0, 0.0053261163669731946)	(98.0, 0.004984918743142115)	(99.0, 0.006420523839638919)	(100.0, 0.045076712491796504)
SRR19077105_1	(0.0, 0.30101075496391133)	(1.0, 0.25958631306083113)	(2.0, 0.1737337050622292)	(3.0, 0.10106272967673828)	(4.0, 0.058233949190178935)	(5.0, 0.03570779090164495)	(6.0, 0.02254034352675095)	(7.0, 0.014614341673024018)	(8.0, 0.010316214493284851)	(9.0, 0.007592648755628348)	(10.0, 0.005741475168314945)	(11.0, 0.00462438765872927)	(12.0, 0.004060524439605071)	(13.0, 0.0038335606281336963)	(14.0, 0.003851292175904898)	(15.0, 0.00433004396572733)	(16.0, 0.004900999803960008)	(17.0, 0.005964892670232079)	(18.0, 0.007791242090665801)	(19.0, 0.010461613185008701)	(20.0, 0.014727823578759706)	(21.0, 0.020522493390388252)	(22.0, 0.02858680131673055)	(23.0, 0.03719014829531737)	(24.0, 0.04824399517588419)	(25.0, 0.06264201196609955)	(26.0, 0.07704357506586916)	(27.0, 0.09090609911339424)	(28.0, 0.10371536922330997)	(29.0, 0.11804955244154901)	(30.0, 0.13299370090311738)	(31.0, 0.14896273282586114)	(32.0, 0.18914242007540305)	(33.0, 0.26609024478330773)	(34.0, 0.35724458556549876)	(35.0, 0.48072708424414384)	(36.0, 0.6464638612615614)	(37.0, 0.6989740668311966)	(38.0, 0.6708482857565171)	(39.0, 0.6270974647858554)	(40.0, 0.5832260692903494)	(41.0, 0.7286921408957296)	(42.0, 0.7318909121136543)	(43.0, 0.6262144337068496)	(44.0, 0.8827225500746001)	(45.0, 2.0100979036771256)	(46.0, 2.5011021930094577)	(47.0, 2.278425869789159)	(48.0, 3.131504818299865)	(49.0, 3.5694563167007636)	(50.0, 3.1799615920490036)	(51.0, 2.6905602346351882)	(52.0, 2.5466368076859025)	(53.0, 2.773547424513964)	(54.0, 3.033045079835939)	(55.0, 3.567732810257403)	(56.0, 5.518724372594006)	(57.0, 5.5004360542227895)	(58.0, 6.235220754932704)	(59.0, 7.219314563615262)	(60.0, 4.669581827688507)	(61.0, 3.126086057300986)	(62.0, 2.288706621186902)	(63.0, 1.4916735488714081)	(64.0, 1.3840004981855663)	(65.0, 1.7523663105131624)	(66.0, 1.7659947781301075)	(67.0, 1.4295563907193363)	(68.0, 1.0757942811361014)	(69.0, 0.8526569376737514)	(70.0, 0.7913412454809378)	(71.0, 0.7632438348826923)	(72.0, 0.691260843550724)	(73.0, 0.8898187154926349)	(74.0, 1.094256368675476)	(75.0, 0.8890739904862444)	(76.0, 0.9501237094624901)	(77.0, 1.0690030983397314)	(78.0, 0.797767158393221)	(79.0, 0.5440712655019829)	(80.0, 0.46142806764996847)	(81.0, 0.5470147024320023)	(82.0, 0.590733606616676)	(83.0, 0.6184763862594974)	(84.0, 0.7276282480294576)	(85.0, 0.7358024915519814)	(86.0, 0.6693730209819533)	(87.0, 0.6063089981788992)	(88.0, 0.4484663062292204)	(89.0, 0.32650162803979016)	(90.0, 0.27726111987916446)	(91.0, 0.24359954959031613)	(92.0, 0.15714761527704765)	(93.0, 0.06048940206667573)	(94.0, 0.019692656954696037)	(95.0, 0.010525446756985024)	(96.0, 0.0073444070868315305)	(97.0, 0.004209469440883162)	(98.0, 0.0019150071592897281)	(99.0, 0.0008191975070294948)	(100.0, 0.00024114904968833612)
SRR19077105_2	(0.0, 0.36843724050370963)	(1.0, 0.26092992249971186)	(2.0, 0.12347877872936626)	(3.0, 0.07741080819781206)	(4.0, 0.052644036619456054)	(5.0, 0.037950860878776894)	(6.0, 0.028427637742841304)	(7.0, 0.022941664683549547)	(8.0, 0.019515150766257282)	(9.0, 0.01706510454560271)	(10.0, 0.015335869024647963)	(11.0, 0.013645692211558723)	(12.0, 0.012314145352507324)	(13.0, 0.011632393360673008)	(14.0, 0.011295068156379987)	(15.0, 0.011529420403573035)	(16.0, 0.01226088347814527)	(17.0, 0.013663446169679405)	(18.0, 0.01495238352924116)	(19.0, 0.01724264412680956)	(20.0, 0.021134311746863782)	(21.0, 0.026559921348545207)	(22.0, 0.03377512992879172)	(23.0, 0.042790589862475706)	(24.0, 0.05383355181354197)	(25.0, 0.06632168595563201)	(26.0, 0.08062782540928022)	(27.0, 0.09538846619081798)	(28.0, 0.10946380418889727)	(29.0, 0.12472865738106251)	(30.0, 0.14099838460285852)	(31.0, 0.1573426784487614)	(32.0, 0.19202326024170807)	(33.0, 0.29771967451739595)	(34.0, 0.40779066407402065)	(35.0, 0.479353318466879)	(36.0, 0.6464109627992793)	(37.0, 0.7299149294241106)	(38.0, 0.7389729988572843)	(39.0, 0.7604481866000652)	(40.0, 0.6696437923960081)	(41.0, 0.6384642911444606)	(42.0, 0.6601205692600726)	(43.0, 0.7953737730150774)	(44.0, 1.5263113304269393)	(45.0, 1.782646528565018)	(46.0, 1.7368661721550187)	(47.0, 2.473882684827404)	(48.0, 3.957612922097691)	(49.0, 4.980493016054479)	(50.0, 4.632895371592829)	(51.0, 4.761853021798239)	(52.0, 4.310895383949584)	(53.0, 2.870190088788965)	(54.0, 2.6224549079645465)	(55.0, 3.02720964519993)	(56.0, 3.3858644547791417)	(57.0, 3.404151031643448)	(58.0, 3.249130570916872)	(59.0, 3.059915986849856)	(60.0, 2.6629978467289432)	(61.0, 3.161181013178621)	(62.0, 4.822624820445345)	(63.0, 4.002931675596553)	(64.0, 1.6932269430943743)	(65.0, 1.3488818237604345)	(66.0, 1.5240494761623642)	(67.0, 1.635963326571916)	(68.0, 1.966222455532904)	(69.0, 1.6870166085437586)	(70.0, 1.3174289115538287)	(71.0, 1.3639265278719033)	(72.0, 1.0879234949277297)	(73.0, 0.8662866325407186)	(74.0, 0.7866956382856863)	(75.0, 0.8134437515903108)	(76.0, 1.1175797065725224)	(77.0, 1.3034565465128494)	(78.0, 0.9237064838946389)	(79.0, 0.4960775470165645)	(80.0, 0.42998666251650136)	(81.0, 0.5298917356532217)	(82.0, 0.5834270209703363)	(83.0, 0.5067263710973516)	(84.0, 0.38815478639254275)	(85.0, 0.36649495748530664)	(86.0, 0.3733231297785222)	(87.0, 0.29545426946119646)	(88.0, 0.248058302862215)	(89.0, 0.24087505140658574)	(90.0, 0.15391616453146914)	(91.0, 0.0855989336830721)	(92.0, 0.05203330046010448)	(93.0, 0.029251421399641098)	(94.0, 0.015548916522096185)	(95.0, 0.010801508120624937)	(96.0, 0.01158268227793509)	(97.0, 0.011227603115521383)	(98.0, 0.009846345173732066)	(99.0, 0.013656344586431132)	(100.0, 0.16827556585947942)
SRR19077106_1	(0.0, 0.3087843046360361)	(1.0, 0.2652541598485601)	(2.0, 0.17434767414175664)	(3.0, 0.09977039975387228)	(4.0, 0.058078642995678526)	(5.0, 0.03520332841955043)	(6.0, 0.02169297874553087)	(7.0, 0.014087098859676744)	(8.0, 0.01006066860730752)	(9.0, 0.007155294584559451)	(10.0, 0.005194347353325022)	(11.0, 0.004538295154639974)	(12.0, 0.0042787580210942415)	(13.0, 0.003878638273544569)	(14.0, 0.0037524743891820594)	(15.0, 0.0041850362784249485)	(16.0, 0.004859111889161783)	(17.0, 0.006102727320735088)	(18.0, 0.007944720032427723)	(19.0, 0.010803233183841146)	(20.0, 0.01534152833848112)	(21.0, 0.02099367035792153)	(22.0, 0.028729318810548528)	(23.0, 0.03863138139180032)	(24.0, 0.049531941000721114)	(25.0, 0.06195007190440238)	(26.0, 0.07609124100023448)	(27.0, 0.0910686964152695)	(28.0, 0.10604254714789417)	(29.0, 0.11967185134145553)	(30.0, 0.13320382910993722)	(31.0, 0.15004490533112702)	(32.0, 0.19033444063169175)	(33.0, 0.2675395284967267)	(34.0, 0.3594012550422748)	(35.0, 0.4832293052028724)	(36.0, 0.6497944700206674)	(37.0, 0.7035186566646342)	(38.0, 0.6749371298329103)	(39.0, 0.6325424600046969)	(40.0, 0.5891024322774798)	(41.0, 0.73262286244586)	(42.0, 0.7365087100842252)	(43.0, 0.6297884826431838)	(44.0, 0.8851081377687988)	(45.0, 2.018286914335984)	(46.0, 2.5140749330565417)	(47.0, 2.2927762705198798)	(48.0, 3.148524270056318)	(49.0, 3.5832489687454205)	(50.0, 3.1872962340621225)	(51.0, 2.6972576837860847)	(52.0, 2.5526702676242388)	(53.0, 2.7765895342732305)	(54.0, 3.0346054918417926)	(55.0, 3.571245376318931)	(56.0, 5.523454857390654)	(57.0, 5.501696994361736)	(58.0, 6.233476361123572)	(59.0, 7.221372017823713)	(60.0, 4.6788309077725785)	(61.0, 3.1294663141527583)	(62.0, 2.285584929111217)	(63.0, 1.4946635380426465)	(64.0, 1.392135556244851)	(65.0, 1.755422658925491)	(66.0, 1.7583280329482394)	(67.0, 1.4228438456986858)	(68.0, 1.0718234772604918)	(69.0, 0.8467471075577755)	(70.0, 0.785521576817855)	(71.0, 0.7557108532841991)	(72.0, 0.6820671916405974)	(73.0, 0.8833670761645963)	(74.0, 1.0876336143123195)	(75.0, 0.8805049583307726)	(76.0, 0.9394126782808333)	(77.0, 1.0600469798258543)	(78.0, 0.7922659376076335)	(79.0, 0.5398840986464598)	(80.0, 0.4610028334606086)	(81.0, 0.5439069242164186)	(82.0, 0.5859591492156482)	(83.0, 0.614973237936615)	(84.0, 0.716769469205108)	(85.0, 0.7196676338630353)	(86.0, 0.6549311424554267)	(87.0, 0.5915680350461643)	(88.0, 0.43808065801314594)	(89.0, 0.3219377907514303)	(90.0, 0.2739594678695732)	(91.0, 0.23970417092394677)	(92.0, 0.15567541925610529)	(93.0, 0.061030877889761234)	(94.0, 0.020099709120152895)	(95.0, 0.010911373656151867)	(96.0, 0.007400412988463754)	(97.0, 0.004466201506432827)	(98.0, 0.002245717141652664)	(99.0, 0.000897565920178994)	(100.0, 0.00027395586318716285)
SRR19077106_2	(0.0, 0.3721525108492148)	(1.0, 0.2635999076458302)	(2.0, 0.12484487780306797)	(3.0, 0.07687759170874091)	(4.0, 0.05156934414715916)	(5.0, 0.03834134538600726)	(6.0, 0.02915934570023088)	(7.0, 0.023384503130560202)	(8.0, 0.01924105358682149)	(9.0, 0.01679396404792354)	(10.0, 0.015563200725262478)	(11.0, 0.01396429118878491)	(12.0, 0.012682997993639228)	(13.0, 0.012340116716065032)	(14.0, 0.011748195352673787)	(15.0, 0.011704884033401256)	(16.0, 0.012874289653759568)	(17.0, 0.013581707868544226)	(18.0, 0.015090385489870692)	(19.0, 0.018241283966947255)	(20.0, 0.021857779126203517)	(21.0, 0.027452157865571987)	(22.0, 0.03480064503547793)	(23.0, 0.04341959757071141)	(24.0, 0.05478520960314452)	(25.0, 0.06716863763848208)	(26.0, 0.08135309470023569)	(27.0, 0.0961583473382289)	(28.0, 0.11033919512337645)	(29.0, 0.1258013361036697)	(30.0, 0.1422993394698976)	(31.0, 0.15952641671054646)	(32.0, 0.19509222838650575)	(33.0, 0.3032405926100134)	(34.0, 0.4137530330104799)	(35.0, 0.484599523510521)	(36.0, 0.6525644289259988)	(37.0, 0.7356896784398022)	(38.0, 0.7449799564237598)	(39.0, 0.7615357082156844)	(40.0, 0.6684669016522293)	(41.0, 0.6411302406380508)	(42.0, 0.6628075559339521)	(43.0, 0.7986390717258186)	(44.0, 1.5350578240400417)	(45.0, 1.793774380437894)	(46.0, 1.7460705715358082)	(47.0, 2.4856907521995923)	(48.0, 3.97747695900977)	(49.0, 5.000533631546204)	(50.0, 4.6467559478983596)	(51.0, 4.7769966942274635)	(52.0, 4.327147285879937)	(53.0, 2.884122406017415)	(54.0, 2.636720931779511)	(55.0, 3.0435658093660223)	(56.0, 3.398054520505257)	(57.0, 3.4078103951713943)	(58.0, 3.255401471927967)	(59.0, 3.06151474192788)	(60.0, 2.659517122823286)	(61.0, 3.1569043133490218)	(62.0, 4.811035781899067)	(63.0, 3.9989738104753694)	(64.0, 1.6945517572611337)	(65.0, 1.3490032242750705)	(66.0, 1.5204149888493204)	(67.0, 1.6283612335828894)	(68.0, 1.9507201643751189)	(69.0, 1.6724665937087495)	(70.0, 1.3075109804119867)	(71.0, 1.347667791930834)	(72.0, 1.0750122092804393)	(73.0, 0.8589428652596046)	(74.0, 0.7803219929501444)	(75.0, 0.8030135149723441)	(76.0, 1.1014393325898946)	(77.0, 1.2831736282574306)	(78.0, 0.9072241584186576)	(79.0, 0.4875194282848108)	(80.0, 0.4213938715854754)	(81.0, 0.5158666867486816)	(82.0, 0.5693345103906201)	(83.0, 0.49878398057227463)	(84.0, 0.38359030841376873)	(85.0, 0.3620573641821092)	(86.0, 0.36914598343637994)	(87.0, 0.2925607431327287)	(88.0, 0.24426140359064555)	(89.0, 0.23422400534923665)	(90.0, 0.14853616944514195)	(91.0, 0.0839445553033754)	(92.0, 0.05232007368121635)	(93.0, 0.03061749344907273)	(94.0, 0.01655936106853067)	(95.0, 0.011199585308555072)	(96.0, 0.011787897395340273)	(97.0, 0.01133673781958475)	(98.0, 0.009752265389531358)	(99.0, 0.013646674847453024)	(100.0, 0.16739463971172275)
SRR19077107_1	(0.0, 0.24377153965324375)	(1.0, 0.16505194762645592)	(2.0, 0.06106166813626925)	(3.0, 0.026735089585243024)	(4.0, 0.014041240684026839)	(5.0, 0.008676493927730728)	(6.0, 0.006162544522434003)	(7.0, 0.004917980007258896)	(8.0, 0.004127273776820011)	(9.0, 0.0038790700273548897)	(10.0, 0.004088270330475491)	(11.0, 0.004293924865746592)	(12.0, 0.0045882235972552355)	(13.0, 0.005290285631456578)	(14.0, 0.006751141985451289)	(15.0, 0.00919417603375798)	(16.0, 0.012966873025627818)	(17.0, 0.019281885565590393)	(18.0, 0.029373140865272308)	(19.0, 0.04388596867328288)	(20.0, 0.06638031991052183)	(21.0, 0.09896947221529223)	(22.0, 0.1424334945144844)	(23.0, 0.20325050466913802)	(24.0, 0.2787434479528793)	(25.0, 0.36071450909766023)	(26.0, 0.45844296256562683)	(27.0, 0.5668158111177977)	(28.0, 0.67539076843739)	(29.0, 0.7831501991515971)	(30.0, 0.8917570683818349)	(31.0, 1.0040444446398555)	(32.0, 1.1362271243014306)	(33.0, 1.2926344899108013)	(34.0, 1.4826415516620501)	(35.0, 1.689799492501339)	(36.0, 1.885579064311577)	(37.0, 2.217590582667521)	(38.0, 2.4817183755447543)	(39.0, 2.3747815629716316)	(40.0, 2.2617602127687637)	(41.0, 2.314780079422363)	(42.0, 2.355031636049907)	(43.0, 2.673129561364406)	(44.0, 3.0383330125595354)	(45.0, 3.744458496716406)	(46.0, 4.067867982269459)	(47.0, 3.6767307850230737)	(48.0, 3.6867830368764114)	(49.0, 3.7194608333774193)	(50.0, 3.3562891071600545)	(51.0, 2.9321975435204)	(52.0, 2.78510491005167)	(53.0, 2.6589606730377966)	(54.0, 2.4572348485439446)	(55.0, 2.3589177976129605)	(56.0, 2.5535910898541543)	(57.0, 2.399729585560726)	(58.0, 2.397967338939523)	(59.0, 2.5204700723719586)	(60.0, 2.1148235930854122)	(61.0, 1.8497029852103184)	(62.0, 1.5903619789299126)	(63.0, 1.209035921323099)	(64.0, 0.977905044053329)	(65.0, 1.0433882846979268)	(66.0, 1.1128534226375153)	(67.0, 0.9142620569226224)	(68.0, 0.6895419279247514)	(69.0, 0.5809953367479551)	(70.0, 0.5305957925351374)	(71.0, 0.5344323133482984)	(72.0, 0.51613260547702)	(73.0, 0.5529766792011924)	(74.0, 0.6047342525003692)	(75.0, 0.5223093330708519)	(76.0, 0.4847419227053812)	(77.0, 0.5330530096548423)	(78.0, 0.4959678237169036)	(79.0, 0.3495417946038803)	(80.0, 0.2820197374458189)	(81.0, 0.3282707332747194)	(82.0, 0.327370108240946)	(83.0, 0.40102279801079593)	(84.0, 0.5016942387938489)	(85.0, 0.45596801660667463)	(86.0, 0.3803119680018563)	(87.0, 0.30812368035385057)	(88.0, 0.2444026863304551)	(89.0, 0.2511644656194549)	(90.0, 0.23444617020905423)	(91.0, 0.18191207375083662)	(92.0, 0.1112591035816652)	(93.0, 0.03185163259207402)	(94.0, 0.009765044657527757)	(95.0, 0.00591079500511938)	(96.0, 0.00418755183026154)	(97.0, 0.0028437058153003856)	(98.0, 0.0014608563539947118)	(99.0, 0.0004857701953817366)	(100.0, 0.00017019685677608292)
SRR19077107_2	(0.0, 0.2672498614034494)	(1.0, 0.19383105218042537)	(2.0, 0.08783135952983563)	(3.0, 0.04424226957482586)	(4.0, 0.02866535559790731)	(5.0, 0.021391632548977024)	(6.0, 0.017681998295130195)	(7.0, 0.016052599134828097)	(8.0, 0.014824337458434792)	(9.0, 0.013642224342137188)	(10.0, 0.013443430544801856)	(11.0, 0.013404381763182415)	(12.0, 0.013869417253377567)	(13.0, 0.014653942775004505)	(14.0, 0.015040880701960779)	(15.0, 0.017114016017029245)	(16.0, 0.021661424131074972)	(17.0, 0.028640506373240397)	(18.0, 0.03844530044895804)	(19.0, 0.05285430086653151)	(20.0, 0.07664565854048505)	(21.0, 0.10776753749117897)	(22.0, 0.14918764512169075)	(23.0, 0.207349030399228)	(24.0, 0.27338052011770153)	(25.0, 0.35116569310362666)	(26.0, 0.4506832880053893)	(27.0, 0.5575598032977974)	(28.0, 0.6625335779585674)	(29.0, 0.77397880070045)	(30.0, 0.8879763938045487)	(31.0, 1.0001670932864388)	(32.0, 1.1330891459190136)	(33.0, 1.3164906235178102)	(34.0, 1.4862427769959936)	(35.0, 1.5867578907736708)	(36.0, 1.8185159595742875)	(37.0, 2.350850249945926)	(38.0, 2.6157358851167807)	(39.0, 2.555210273606648)	(40.0, 2.6124202885683663)	(41.0, 2.6363429921441304)	(42.0, 2.719108659731153)	(43.0, 2.794962692971535)	(44.0, 3.0697525191167747)	(45.0, 3.1454148583382975)	(46.0, 3.1101964072068005)	(47.0, 3.3772155258097714)	(48.0, 3.4914758107174917)	(49.0, 3.6866345214729783)	(50.0, 3.5746958641269955)	(51.0, 3.5518665264365756)	(52.0, 3.29606150793686)	(53.0, 2.5465023953055126)	(54.0, 2.4247837931084795)	(55.0, 2.3597427224874443)	(56.0, 2.167697264593799)	(57.0, 2.1235188930252593)	(58.0, 2.1404696141373343)	(59.0, 2.1952195558570278)	(60.0, 2.02902794128469)	(61.0, 1.941320827878189)	(62.0, 1.9733940771447018)	(63.0, 1.6306664707601126)	(64.0, 1.1447931307371313)	(65.0, 0.9682393894786891)	(66.0, 0.9246538494129175)	(67.0, 0.7739078029156873)	(68.0, 0.7641704567354942)	(69.0, 0.8153563096601042)	(70.0, 0.8897903872052337)	(71.0, 0.9717182809320576)	(72.0, 0.7455051391214017)	(73.0, 0.6539925444516242)	(74.0, 0.6125724368211125)	(75.0, 0.4644568582493373)	(76.0, 0.48013316912492354)	(77.0, 0.6200520534458545)	(78.0, 0.5323094411469721)	(79.0, 0.23699415542685945)	(80.0, 0.17376707820650933)	(81.0, 0.25442411158608236)	(82.0, 0.3040196141320096)	(83.0, 0.27802022535193865)	(84.0, 0.22788868953105362)	(85.0, 0.2024501832506073)	(86.0, 0.1925495421654601)	(87.0, 0.1511933325412347)	(88.0, 0.14054011493760377)	(89.0, 0.14495972703907678)	(90.0, 0.10752259513374793)	(91.0, 0.0710971816612864)	(92.0, 0.04666684392446929)	(93.0, 0.02274059045946678)	(94.0, 0.01155843935935433)	(95.0, 0.008054698681319094)	(96.0, 0.007046530137689909)	(97.0, 0.00727727293816842)	(98.0, 0.00852683394999051)	(99.0, 0.011792732049070971)	(100.0, 0.13493838971983316)
SRR19077108_1	(0.0, 0.2475473038671671)	(1.0, 0.16778150354552132)	(2.0, 0.06112101976260653)	(3.0, 0.02532361499554003)	(4.0, 0.012808870984288024)	(5.0, 0.007876863814476758)	(6.0, 0.005814388088919319)	(7.0, 0.004677336254133739)	(8.0, 0.004099843050977657)	(9.0, 0.0037303908775299763)	(10.0, 0.003816476820857591)	(11.0, 0.00408190847945107)	(12.0, 0.00449081671025724)	(13.0, 0.005226134142847284)	(14.0, 0.00679002877996562)	(15.0, 0.009505322909090804)	(16.0, 0.013400711844665375)	(17.0, 0.019659877307444038)	(18.0, 0.0294055234749911)	(19.0, 0.044219479555951485)	(20.0, 0.06774963739883288)	(21.0, 0.10049457809207436)	(22.0, 0.1452449209652128)	(23.0, 0.20540464769399433)	(24.0, 0.27968605604281)	(25.0, 0.36410408421845225)	(26.0, 0.46295944247299664)	(27.0, 0.5718940299254825)	(28.0, 0.6809147033212961)	(29.0, 0.7877617066480874)	(30.0, 0.8989058333126487)	(31.0, 1.0152940286915841)	(32.0, 1.1481318130747045)	(33.0, 1.3008662111094198)	(34.0, 1.4887738908220765)	(35.0, 1.6939597367434462)	(36.0, 1.8880010399181955)	(37.0, 2.2281517104057387)	(38.0, 2.499157433829681)	(39.0, 2.389272314086286)	(40.0, 2.2696523089182596)	(41.0, 2.326009906483405)	(42.0, 2.3648346669241596)	(43.0, 2.676146546396952)	(44.0, 3.0428224481723163)	(45.0, 3.7505744443259963)	(46.0, 4.08687994267824)	(47.0, 3.6979185423239387)	(48.0, 3.6938868506447617)	(49.0, 3.7203905604467513)	(50.0, 3.353840200672073)	(51.0, 2.9317500597938615)	(52.0, 2.7818851932034)	(53.0, 2.6519635701505027)	(54.0, 2.4565986955970915)	(55.0, 2.358647239747487)	(56.0, 2.5464508989452894)	(57.0, 2.3952050703472807)	(58.0, 2.3966936397839875)	(59.0, 2.519190350224878)	(60.0, 2.1167816081399424)	(61.0, 1.8506361535997051)	(62.0, 1.5845947195743222)	(63.0, 1.2003608722744294)	(64.0, 0.9709561809635571)	(65.0, 1.0392976592227674)	(66.0, 1.1090739032041044)	(67.0, 0.9051470642039009)	(68.0, 0.682213166299821)	(69.0, 0.5758252880041104)	(70.0, 0.5238616604629788)	(71.0, 0.5257483773875757)	(72.0, 0.5096323714137851)	(73.0, 0.5509249288965977)	(74.0, 0.5999078306500105)	(75.0, 0.5158054509332363)	(76.0, 0.4785481720439056)	(77.0, 0.5258237025879874)	(78.0, 0.4903778154228419)	(79.0, 0.34695863383903564)	(80.0, 0.2783266155210947)	(81.0, 0.3223129456472006)	(82.0, 0.3227792445068918)	(83.0, 0.393900581352723)	(84.0, 0.49100552542627246)	(85.0, 0.4474962549027738)	(86.0, 0.37138910717255164)	(87.0, 0.29999516483951644)	(88.0, 0.2382249135876475)	(89.0, 0.24262605744027177)	(90.0, 0.22662483272425138)	(91.0, 0.17592738593289686)	(92.0, 0.10915338922511028)	(93.0, 0.03284537429379038)	(94.0, 0.010348247770840365)	(95.0, 0.00607623283320748)	(96.0, 0.004067560822229801)	(97.0, 0.002758337100788992)	(98.0, 0.0014813956080960387)	(99.0, 0.0005559717173241792)	(100.0, 0.00018293262957118153)
SRR19077108_2	(0.0, 0.26966759550894925)	(1.0, 0.196368371997348)	(2.0, 0.0894594560235902)	(3.0, 0.04398097057207295)	(4.0, 0.028043390152471433)	(5.0, 0.021536203194310564)	(6.0, 0.01779421157709002)	(7.0, 0.015840619024529583)	(8.0, 0.014594485539716213)	(9.0, 0.013567412984509806)	(10.0, 0.01322984368314826)	(11.0, 0.01333757856656152)	(12.0, 0.013660783216801298)	(13.0, 0.01449752414464428)	(14.0, 0.01591244228013842)	(15.0, 0.017962996227770794)	(16.0, 0.022301120866544708)	(17.0, 0.02903814224265386)	(18.0, 0.03877737570321252)	(19.0, 0.05303429194156718)	(20.0, 0.07680060722253222)	(21.0, 0.10889123782856178)	(22.0, 0.15067800794178468)	(23.0, 0.20857832545085075)	(24.0, 0.27557505828277634)	(25.0, 0.3549110264283006)	(26.0, 0.45231054335944804)	(27.0, 0.5615537151404931)	(28.0, 0.6697626320407709)	(29.0, 0.7775549740585175)	(30.0, 0.8948208034910698)	(31.0, 1.0121225445514268)	(32.0, 1.144385069755105)	(33.0, 1.3284357534155369)	(34.0, 1.4962328343316886)	(35.0, 1.5969829061369882)	(36.0, 1.8323728529066188)	(37.0, 2.365366050454257)	(38.0, 2.6316974557401758)	(39.0, 2.5643990652346926)	(40.0, 2.618284462755225)	(41.0, 2.6428013310573024)	(42.0, 2.724263267568848)	(43.0, 2.8048453691991857)	(44.0, 3.078122083302479)	(45.0, 3.157152802611666)	(46.0, 3.124311618984524)	(47.0, 3.3845990973109585)	(48.0, 3.4957527676911995)	(49.0, 3.691912852247282)	(50.0, 3.5818078013989307)	(51.0, 3.556737894028665)	(52.0, 3.29539461384478)	(53.0, 2.5452078913360108)	(54.0, 2.4243042140068707)	(55.0, 2.3560326183878884)	(56.0, 2.1643866254468214)	(57.0, 2.117866702788976)	(58.0, 2.1374385399423845)	(59.0, 2.1911443793238945)	(60.0, 2.0209196723681644)	(61.0, 1.9377088395825433)	(62.0, 1.9693002985620913)	(63.0, 1.6234390023405043)	(64.0, 1.137770147913531)	(65.0, 0.959993225630531)	(66.0, 0.9168741341257641)	(67.0, 0.7700063498940284)	(68.0, 0.7591287178320696)	(69.0, 0.8057743311872305)	(70.0, 0.8767680281937881)	(71.0, 0.9556191893639525)	(72.0, 0.7337032853465404)	(73.0, 0.6447142716471881)	(74.0, 0.6032578885097659)	(75.0, 0.45564673358247865)	(76.0, 0.4716381814437867)	(77.0, 0.6103468438383582)	(78.0, 0.5215158413013454)	(79.0, 0.23314906119463477)	(80.0, 0.1710650390463538)	(81.0, 0.24700735836436036)	(82.0, 0.29439634241507273)	(83.0, 0.26922588248695495)	(84.0, 0.22103966029898442)	(85.0, 0.19791616315571853)	(86.0, 0.18750897341799763)	(87.0, 0.1483545256228387)	(88.0, 0.1399368400654827)	(89.0, 0.14211308471043055)	(90.0, 0.1039928917960389)	(91.0, 0.06931303282531069)	(92.0, 0.04680362451750035)	(93.0, 0.02400692318725465)	(94.0, 0.012515202289840308)	(95.0, 0.008511055789647497)	(96.0, 0.007142822770299102)	(97.0, 0.007160778584201312)	(98.0, 0.008263265557797)	(99.0, 0.011628185083071136)	(100.0, 0.13642109170343)
SRR19077109_1	(0.0, 0.7376977761543456)	(1.0, 0.5112788510890438)	(2.0, 0.19430258413167648)	(3.0, 0.07410602752250238)	(4.0, 0.03422269729063761)	(5.0, 0.01973710243482649)	(6.0, 0.012781971277226094)	(7.0, 0.008892084044321829)	(8.0, 0.006670661179187512)	(9.0, 0.005561547892566493)	(10.0, 0.005104478151970511)	(11.0, 0.0044939864005451085)	(12.0, 0.0041871423788862674)	(13.0, 0.004199927546455386)	(14.0, 0.004573893697852098)	(15.0, 0.00542410734119847)	(16.0, 0.007028645871122826)	(17.0, 0.00968156814171489)	(18.0, 0.014050899158461094)	(19.0, 0.020961282229569573)	(20.0, 0.03059170970100799)	(21.0, 0.04457229043783893)	(22.0, 0.06552078749983939)	(23.0, 0.09424905902764838)	(24.0, 0.12876901146426797)	(25.0, 0.16722359922028376)	(26.0, 0.2148803113341725)	(27.0, 0.27211631024922317)	(28.0, 0.3316088912402233)	(29.0, 0.3895416817877909)	(30.0, 0.44789957915703177)	(31.0, 0.5129888672514133)	(32.0, 0.6155642666584501)	(33.0, 0.7459186389012887)	(34.0, 0.8775195649821164)	(35.0, 1.0654839022914024)	(36.0, 1.3271579269285483)	(37.0, 1.4189330560315723)	(38.0, 1.4236124273618695)	(39.0, 1.3783529341671905)	(40.0, 1.3038377812824762)	(41.0, 1.3845569367301052)	(42.0, 1.3714041955933747)	(43.0, 1.4380277037960505)	(44.0, 1.8894272225751283)	(45.0, 2.9526865057095044)	(46.0, 3.4027403856019323)	(47.0, 3.248877286491377)	(48.0, 4.00384462773971)	(49.0, 4.101510522800205)	(50.0, 3.2540233164379475)	(51.0, 2.9583695126939773)	(52.0, 3.351922540806579)	(53.0, 3.797415312168724)	(54.0, 3.582400756575076)	(55.0, 3.11263534458296)	(56.0, 3.5413124242998215)	(57.0, 3.373382444571344)	(58.0, 3.3382040560049155)	(59.0, 3.6537387953188643)	(60.0, 2.7448380365383467)	(61.0, 2.253504046857128)	(62.0, 1.9590872080754698)	(63.0, 1.3859249496600008)	(64.0, 1.1077165070640926)	(65.0, 1.2812975308581207)	(66.0, 1.4664587201778774)	(67.0, 1.2944406831191742)	(68.0, 0.9922920142500921)	(69.0, 0.7955218927775757)	(70.0, 0.7009755786039453)	(71.0, 0.6949569609707829)	(72.0, 0.69108305519734)	(73.0, 0.8305916074196675)	(74.0, 1.066302153015826)	(75.0, 0.896847542054731)	(76.0, 0.9654527512306204)	(77.0, 0.9883190234279885)	(78.0, 0.66570449757264)	(79.0, 0.5046497417044559)	(80.0, 0.4203795059645044)	(81.0, 0.4408325777832015)	(82.0, 0.440049486269593)	(83.0, 0.4654248476024007)	(84.0, 0.4361883656637193)	(85.0, 0.3990059020808308)	(86.0, 0.4520387771575338)	(87.0, 0.43874539917754296)	(88.0, 0.29230728613275336)	(89.0, 0.19889245928899)	(90.0, 0.16046344186811243)	(91.0, 0.12319787469602465)	(92.0, 0.0734603765602619)	(93.0, 0.029316389235988432)	(94.0, 0.012756400942087858)	(95.0, 0.011039992195933716)	(96.0, 0.01030804135260169)	(97.0, 0.006878420152185686)	(98.0, 0.0035095284977229935)	(99.0, 0.0012529464217736006)	(100.0, 0.0002077589729981736)
SRR19077109_2	(0.0, 0.7294333247155368)	(1.0, 0.5107203630538593)	(2.0, 0.20506838357476753)	(3.0, 0.08780239632303083)	(4.0, 0.045986097367670856)	(5.0, 0.02935486919096158)	(6.0, 0.020490849866632004)	(7.0, 0.015387323588987704)	(8.0, 0.012973061471430406)	(9.0, 0.011399793972306975)	(10.0, 0.010322169689370803)	(11.0, 0.009554722128822787)	(12.0, 0.009282917784462032)	(13.0, 0.009414023409388985)	(14.0, 0.010047167646841099)	(15.0, 0.011057640268229318)	(16.0, 0.012848351242841354)	(17.0, 0.015681511820531107)	(18.0, 0.0203693373362119)	(19.0, 0.027289156173819835)	(20.0, 0.038238074704304854)	(21.0, 0.05308178960457104)	(22.0, 0.07289792515755458)	(23.0, 0.09941643607265746)	(24.0, 0.13068352876865116)	(25.0, 0.16762653571453126)	(26.0, 0.2149844455966817)	(27.0, 0.27215289346117094)	(28.0, 0.327664933674144)	(29.0, 0.3844432623620213)	(30.0, 0.4504341594746438)	(31.0, 0.516118077563047)	(32.0, 0.5950180821837209)	(33.0, 0.7277161607988106)	(34.0, 0.8606124967003753)	(35.0, 0.9395508736990764)	(36.0, 1.1915294894123414)	(37.0, 1.3858472117430989)	(38.0, 1.4707429004305541)	(39.0, 1.5708404462131977)	(40.0, 1.581322500811016)	(41.0, 1.6165323553493254)	(42.0, 1.651259357464123)	(43.0, 1.7598244079981464)	(44.0, 2.2900187529009117)	(45.0, 2.4885446460220075)	(46.0, 2.6081801276169365)	(47.0, 3.3616825264501604)	(48.0, 3.7322541741552757)	(49.0, 3.5971802058006563)	(50.0, 3.6055837565886573)	(51.0, 4.095017042931816)	(52.0, 3.8525803585546985)	(53.0, 2.9926809485459986)	(54.0, 3.0494944519137346)	(55.0, 3.215384637522526)	(56.0, 3.191939114547784)	(57.0, 3.0251663642443622)	(58.0, 2.6601139435788546)	(59.0, 2.51341954007827)	(60.0, 2.3919038119599985)	(61.0, 2.647441465735305)	(62.0, 3.075066444170828)	(63.0, 2.55840475791906)	(64.0, 1.5852045063881215)	(65.0, 1.3978353821784926)	(66.0, 1.6341324860712265)	(67.0, 1.381370434306569)	(68.0, 1.1015814376179451)	(69.0, 1.2559982821965436)	(70.0, 1.2134369195678183)	(71.0, 0.9080439536404115)	(72.0, 0.6792006841795002)	(73.0, 0.5537549850115893)	(74.0, 0.48687832550616766)	(75.0, 0.5153826069841885)	(76.0, 0.6492702293181276)	(77.0, 0.8293294155135368)	(78.0, 0.6625822467954667)	(79.0, 0.34230719358976636)	(80.0, 0.3363179049193229)	(81.0, 0.41273969345906036)	(82.0, 0.5323591865631444)	(83.0, 0.533091459443834)	(84.0, 0.3900935950265561)	(85.0, 0.33532661848694834)	(86.0, 0.33516673357850085)	(87.0, 0.2924262998523143)	(88.0, 0.2523463510026942)	(89.0, 0.22434730583536744)	(90.0, 0.12305062323936737)	(91.0, 0.06267168641325228)	(92.0, 0.037083705665313875)	(93.0, 0.019125432748490327)	(94.0, 0.009836119567690394)	(95.0, 0.006379407847055375)	(96.0, 0.005487250057918308)	(97.0, 0.004994804539899998)	(98.0, 0.004978816049055248)	(99.0, 0.006913423441270035)	(100.0, 0.04387561657616382)
SRR19077110_1	(0.0, 0.76021944242106)	(1.0, 0.5236527079891905)	(2.0, 0.19153465197467037)	(3.0, 0.0676448420759558)	(4.0, 0.030424381597121096)	(5.0, 0.0174834609940858)	(6.0, 0.011583639194495718)	(7.0, 0.008321005499859016)	(8.0, 0.006131945935967397)	(9.0, 0.005080939429592333)	(10.0, 0.004555436176404801)	(11.0, 0.004152442884083073)	(12.0, 0.004033156869555843)	(13.0, 0.004058948440264433)	(14.0, 0.004320088093688912)	(15.0, 0.005296943834276779)	(16.0, 0.0071410411399410005)	(17.0, 0.01002324916662599)	(18.0, 0.014169244158031917)	(19.0, 0.02063648051321099)	(20.0, 0.030646833894482684)	(21.0, 0.04591866770030685)	(22.0, 0.0664616537696992)	(23.0, 0.09491942810029026)	(24.0, 0.13063752958534955)	(25.0, 0.1697730141892971)	(26.0, 0.21783238225841697)	(27.0, 0.2752379707630623)	(28.0, 0.33403630408597157)	(29.0, 0.39215116078510315)	(30.0, 0.45018864277210896)	(31.0, 0.5177206467262147)	(32.0, 0.6227890579003353)	(33.0, 0.7512504237071476)	(34.0, 0.8801502462160058)	(35.0, 1.0703340646748138)	(36.0, 1.33516513665696)	(37.0, 1.4248134124936818)	(38.0, 1.4255936075076168)	(39.0, 1.3765348160735391)	(40.0, 1.3054822627177105)	(41.0, 1.3914326721040886)	(42.0, 1.3787690108861705)	(43.0, 1.4457787355334273)	(44.0, 1.8941136091608566)	(45.0, 2.9697317218845924)	(46.0, 3.424775627842594)	(47.0, 3.261531104988909)	(48.0, 4.005195582961392)	(49.0, 4.096446160128385)	(50.0, 3.2575720988851398)	(51.0, 2.959885789766588)	(52.0, 3.3543001608813703)	(53.0, 3.7963289954705486)	(54.0, 3.5824781869402704)	(55.0, 3.1165566860359215)	(56.0, 3.5360694793965)	(57.0, 3.371822309231519)	(58.0, 3.3364878573607495)	(59.0, 3.645071105103681)	(60.0, 2.7455610611245396)	(61.0, 2.26022173142296)	(62.0, 1.9602367485650054)	(63.0, 1.3900109117687776)	(64.0, 1.1153822668637057)	(65.0, 1.280628860393645)	(66.0, 1.4573430310498916)	(67.0, 1.2872830856364614)	(68.0, 0.9849736374683948)	(69.0, 0.7878486625426374)	(70.0, 0.6988999830613859)	(71.0, 0.693490201105259)	(72.0, 0.690517722581094)	(73.0, 0.8238698149835226)	(74.0, 1.0557586032781217)	(75.0, 0.8892321030517683)	(76.0, 0.9517347507176989)	(77.0, 0.9767461264123544)	(78.0, 0.6595517179990925)	(79.0, 0.49765802866126985)	(80.0, 0.414528572321144)	(81.0, 0.435406848809748)	(82.0, 0.4358807689215184)	(83.0, 0.4610726856111341)	(84.0, 0.42887835747413605)	(85.0, 0.39092928512278363)	(86.0, 0.4414614200335896)	(87.0, 0.4310351775746419)	(88.0, 0.2887334101363323)	(89.0, 0.1965801279945384)	(90.0, 0.15915978284271212)	(91.0, 0.11992757984860736)	(92.0, 0.07227442901814779)	(93.0, 0.029408838500470342)	(94.0, 0.01237028210110773)	(95.0, 0.010738965253789378)	(96.0, 0.010061936522688877)	(97.0, 0.006863781754823652)	(98.0, 0.003646283308926985)	(99.0, 0.0013701771938938714)	(100.0, 0.00027403543877877433)
SRR19077110_2	(0.0, 0.7354910697005652)	(1.0, 0.516936525639484)	(2.0, 0.20737457402572337)	(3.0, 0.08578191665329113)	(4.0, 0.044448928761463176)	(5.0, 0.028514407129995246)	(6.0, 0.02038586573094683)	(7.0, 0.015582929959842423)	(8.0, 0.012676653848515986)	(9.0, 0.011009012617044546)	(10.0, 0.009980042495498337)	(11.0, 0.009441365347228064)	(12.0, 0.009157511520594627)	(13.0, 0.009031712665609355)	(14.0, 0.009447816570560642)	(15.0, 0.010712256343745952)	(16.0, 0.01313791631679532)	(17.0, 0.016237729128099104)	(18.0, 0.020818097694229563)	(19.0, 0.028356352158347083)	(20.0, 0.03983630407866983)	(21.0, 0.054567672558611946)	(22.0, 0.07427615983963808)	(23.0, 0.10135516977813469)	(24.0, 0.13206621845287278)	(25.0, 0.168547886398602)	(26.0, 0.21695786628626812)	(27.0, 0.27417054041123706)	(28.0, 0.3305316530563057)	(29.0, 0.3884442849128594)	(30.0, 0.4545725496834514)	(31.0, 0.5224200654721753)	(32.0, 0.6013475573346022)	(33.0, 0.7308461889011089)	(34.0, 0.8637671944455484)	(35.0, 0.9424398629863384)	(36.0, 1.1935569568186077)	(37.0, 1.3894515789240083)	(38.0, 1.478855857478542)	(39.0, 1.5773595865436771)	(40.0, 1.5903942832871512)	(41.0, 1.6297660992858756)	(42.0, 1.6621157586870883)	(43.0, 1.7703092251977557)	(44.0, 2.300157874337395)	(45.0, 2.4980039915009002)	(46.0, 2.615045310812199)	(47.0, 3.366380585017575)	(48.0, 3.732593954326371)	(49.0, 3.604063006259751)	(50.0, 3.6178750754148012)	(51.0, 4.101129764034894)	(52.0, 3.8597346637648204)	(53.0, 3.000841368547035)	(54.0, 3.051951185399385)	(55.0, 3.2131414515871812)	(56.0, 3.191591140044704)	(57.0, 3.028978379112074)	(58.0, 2.6610973685718076)	(59.0, 2.5092775042745803)	(60.0, 2.3852753149874304)	(61.0, 2.642901693162271)	(62.0, 3.067888932642519)	(63.0, 2.55219104188289)	(64.0, 1.5842914260145322)	(65.0, 1.3915385496720973)	(66.0, 1.6273533417594914)	(67.0, 1.3777909927503733)	(68.0, 1.0968369910049303)	(69.0, 1.2485923430688315)	(70.0, 1.2038208531407393)	(71.0, 0.8989650689480945)	(72.0, 0.6712304340847546)	(73.0, 0.5469153604659744)	(74.0, 0.48169994379694236)	(75.0, 0.5108207659202)	(76.0, 0.6452868394527917)	(77.0, 0.8203569126406303)	(78.0, 0.6543088752834022)	(79.0, 0.33840214552205106)	(80.0, 0.3284769384248796)	(81.0, 0.4012660912863585)	(82.0, 0.517784861507718)	(83.0, 0.5218846139355714)	(84.0, 0.38341233071344855)	(85.0, 0.3327282946010486)	(86.0, 0.3358764915873467)	(87.0, 0.2893986530877877)	(88.0, 0.24684315837443624)	(89.0, 0.21920289200600532)	(90.0, 0.12040240666757157)	(91.0, 0.06196077449774646)	(92.0, 0.03692357674401081)	(93.0, 0.019698810446027257)	(94.0, 0.010292926827128374)	(95.0, 0.006773784499207017)	(96.0, 0.006018991369295377)	(97.0, 0.005312582414378074)	(98.0, 0.0049480882960874105)	(99.0, 0.006747979605876704)	(100.0, 0.043236098774938496)
SRR19077111_1	(0.0, 1.7990793855479958)	(1.0, 1.2308404845584213)	(2.0, 0.4567933435058572)	(3.0, 0.1792336145454136)	(4.0, 0.08162734812352557)	(5.0, 0.043777000879381106)	(6.0, 0.025897456259204914)	(7.0, 0.0170345056717051)	(8.0, 0.012103689181131368)	(9.0, 0.008749140628109768)	(10.0, 0.006783073579646727)	(11.0, 0.0055653070141732375)	(12.0, 0.004663363086007125)	(13.0, 0.004199587501492689)	(14.0, 0.003923598349971828)	(15.0, 0.003949205590834588)	(16.0, 0.004393064432455767)	(17.0, 0.005252329625850612)	(18.0, 0.006865585800204511)	(19.0, 0.009366559657800767)	(20.0, 0.013355598734421872)	(21.0, 0.019461503055697826)	(22.0, 0.02766720112772013)	(23.0, 0.038974220593121174)	(24.0, 0.05286188088769151)	(25.0, 0.06862740551219759)	(26.0, 0.0871926551376988)	(27.0, 0.1097497890888059)	(28.0, 0.13323447420894183)	(29.0, 0.15654275389202318)	(30.0, 0.18172605265605557)	(31.0, 0.20874169176626772)	(32.0, 0.24401708867921237)	(33.0, 0.28783676829336474)	(34.0, 0.3398365387386767)	(35.0, 0.38892846472157294)	(36.0, 0.4465077684259818)	(37.0, 0.5501914866792982)	(38.0, 0.6184404740765239)	(39.0, 0.5871626519871547)	(40.0, 0.5520437437683713)	(41.0, 0.6030903558037916)	(42.0, 0.6046438617494656)	(43.0, 0.6640099818162982)	(44.0, 1.031058481845135)	(45.0, 2.0774727724609714)	(46.0, 2.637463296643753)	(47.0, 2.638678217960242)	(48.0, 3.2972964529504365)	(49.0, 3.602833515177938)	(50.0, 3.526603604378485)	(51.0, 3.2704629097752487)	(52.0, 2.937116383970789)	(53.0, 2.9835622283978664)	(54.0, 3.1982220380524167)	(55.0, 3.200381582031843)	(56.0, 4.9648798114191734)	(57.0, 5.4011958979817765)	(58.0, 5.664702942206534)	(59.0, 6.925264897659666)	(60.0, 5.235497132856824)	(61.0, 3.753196388275082)	(62.0, 2.7478703382480365)	(63.0, 1.8340247335787097)	(64.0, 1.631559661072803)	(65.0, 1.6932702663030703)	(66.0, 1.639173547355997)	(67.0, 1.1876069262351276)	(68.0, 0.7808216788852564)	(69.0, 0.5708423038106221)	(70.0, 0.5073733347077782)	(71.0, 0.574319198069988)	(72.0, 0.5960881980523189)	(73.0, 0.7808899648608906)	(74.0, 0.9791895928531216)	(75.0, 0.7594168707729736)	(76.0, 0.6634580035132566)	(77.0, 0.7244743679912448)	(78.0, 0.6154501173935505)	(79.0, 0.461781064976126)	(80.0, 0.3563731258380503)	(81.0, 0.354981799084507)	(82.0, 0.3460363362764494)	(83.0, 0.3726166522919946)	(84.0, 0.3691767462694305)	(85.0, 0.3441670076934679)	(86.0, 0.3996948868798712)	(87.0, 0.35773884535073086)	(88.0, 0.26461100083084116)	(89.0, 0.25488593980096175)	(90.0, 0.21475085762206209)	(91.0, 0.16250924101304634)	(92.0, 0.0871983456356683)	(93.0, 0.026762411950569262)	(94.0, 0.017523888497082297)	(95.0, 0.021993774652126343)	(96.0, 0.025558871630019526)	(97.0, 0.021137354707716247)	(98.0, 0.011224507244843264)	(99.0, 0.00246114037180974)	(100.0, 0.00015648869416131291)
SRR19077111_2	(0.0, 1.8166805563101782)	(1.0, 1.2093538658894272)	(2.0, 0.4213797460792341)	(3.0, 0.17764759654331594)	(4.0, 0.09038775287217629)	(5.0, 0.054765449359733494)	(6.0, 0.036510299573155665)	(7.0, 0.025655116959185)	(8.0, 0.019066300034344386)	(9.0, 0.015138625150422122)	(10.0, 0.012565713487331013)	(11.0, 0.010613260610250816)	(12.0, 0.009338189343586196)	(13.0, 0.008564038931682678)	(14.0, 0.008330655351623528)	(15.0, 0.008692115286593185)	(16.0, 0.009506111675579975)	(17.0, 0.010909259297155104)	(18.0, 0.013052403635990946)	(19.0, 0.015983929092831476)	(20.0, 0.02056337031618722)	(21.0, 0.02659149742064183)	(22.0, 0.034853845382979746)	(23.0, 0.04670517742403215)	(24.0, 0.05995681094543944)	(25.0, 0.07481082197383822)	(26.0, 0.09475373350401453)	(27.0, 0.11767370875055509)	(28.0, 0.13942676609679994)	(29.0, 0.16166935973292496)	(30.0, 0.1872362463142827)	(31.0, 0.2159253498142366)	(32.0, 0.2471133653055556)	(33.0, 0.2928195471612858)	(34.0, 0.3386993436314502)	(35.0, 0.3636656944153387)	(36.0, 0.44568863824124866)	(37.0, 0.5905202265152721)	(38.0, 0.6464184400806585)	(39.0, 0.6495235801519333)	(40.0, 0.6624251383032518)	(41.0, 0.6441557578105729)	(42.0, 0.6710404077768987)	(43.0, 0.838772048308921)	(44.0, 1.623430413597542)	(45.0, 1.8687279408045887)	(46.0, 1.749449008405822)	(47.0, 2.5738565819762247)	(48.0, 3.8165786075316697)	(49.0, 4.552294728397155)	(50.0, 5.132045156535063)	(51.0, 6.848339465866385)	(52.0, 6.156775533750382)	(53.0, 3.71250091539017)	(54.0, 3.540764754161279)	(55.0, 3.3938668673613663)	(56.0, 2.6875428468772324)	(57.0, 2.4042550266625087)	(58.0, 2.604344446727366)	(59.0, 2.7199603953756926)	(60.0, 2.8611631535939175)	(61.0, 3.7330842086948985)	(62.0, 5.0482576051526085)	(63.0, 4.247316465943031)	(64.0, 1.9142149697863609)	(65.0, 1.233164683337901)	(66.0, 1.3176410008956523)	(67.0, 1.1857849704446735)	(68.0, 1.0737807750048236)	(69.0, 0.8460837851037011)	(70.0, 0.6243124612231047)	(71.0, 0.7353432763656348)	(72.0, 0.6410477715980778)	(73.0, 0.487179684949813)	(74.0, 0.5085968976320703)	(75.0, 0.5484912591160837)	(76.0, 0.6111632887856259)	(77.0, 0.7002873549560185)	(78.0, 0.5610114343438909)	(79.0, 0.33376413475556527)	(80.0, 0.33682373656731635)	(81.0, 0.43399099782608885)	(82.0, 0.4794837190903015)	(83.0, 0.44126573478500575)	(84.0, 0.3336929812250594)	(85.0, 0.3483819160626847)	(86.0, 0.3506616751800917)	(87.0, 0.23548118613846117)	(88.0, 0.24387445659692983)	(89.0, 0.24158615905586212)	(90.0, 0.1422245229162895)	(91.0, 0.08915537372381518)	(92.0, 0.06031257859796863)	(93.0, 0.0316234750980147)	(94.0, 0.01522685552824936)	(95.0, 0.008569731214123145)	(96.0, 0.006677047302667851)	(97.0, 0.005564206085556542)	(98.0, 0.004681902307284149)	(99.0, 0.005797589665615691)	(100.0, 0.043352423066597055)
SRR19077112_1	(0.0, 1.843552690872233)	(1.0, 1.2534388082727328)	(2.0, 0.44854551963273553)	(3.0, 0.16475933162766201)	(4.0, 0.07261043434385321)	(5.0, 0.03889875486913354)	(6.0, 0.02316510512707487)	(7.0, 0.015339949282759665)	(8.0, 0.010489099828039111)	(9.0, 0.007437202836976773)	(10.0, 0.0062905861708431815)	(11.0, 0.005212938928236424)	(12.0, 0.003982984208674577)	(13.0, 0.003514566873888173)	(14.0, 0.003508819421927604)	(15.0, 0.003666874350843262)	(16.0, 0.0041870187532747905)	(17.0, 0.0051324746007884526)	(18.0, 0.006922805886505813)	(19.0, 0.009523527898663455)	(20.0, 0.013144422633822164)	(21.0, 0.019262585245848264)	(22.0, 0.02834068561756759)	(23.0, 0.03925509689068884)	(24.0, 0.05211502065246282)	(25.0, 0.06858434424547437)	(26.0, 0.08812568091141024)	(27.0, 0.1107677679100733)	(28.0, 0.13359377337147457)	(29.0, 0.15718993739559214)	(30.0, 0.18226319657357606)	(31.0, 0.2099889048313627)	(32.0, 0.24795369875690373)	(33.0, 0.2904676009092354)	(34.0, 0.34106529424410786)	(35.0, 0.389812308047677)	(36.0, 0.44660862832202364)	(37.0, 0.5496259572632691)	(38.0, 0.6224318049737817)	(39.0, 0.5955624670581199)	(40.0, 0.5575603146948351)	(41.0, 0.6083218104105839)	(42.0, 0.6086953947880209)	(43.0, 0.6656440225393225)	(44.0, 1.0365472136367264)	(45.0, 2.090650019287012)	(46.0, 2.6527766845645195)	(47.0, 2.651483507873391)	(48.0, 3.3104173802487495)	(49.0, 3.6057415780646656)	(50.0, 3.524693884242697)	(51.0, 3.2720588858639092)	(52.0, 2.9395889060268328)	(53.0, 2.9858673892133374)	(54.0, 3.2013623530229256)	(55.0, 3.207437409745247)	(56.0, 4.969011319577899)	(57.0, 5.401920896151906)	(58.0, 5.667536514783639)	(59.0, 6.927093485668398)	(60.0, 5.2397910237962035)	(61.0, 3.762963126446041)	(62.0, 2.750178752940289)	(63.0, 1.835799378177425)	(64.0, 1.6375324016196433)	(65.0, 1.68857264875548)	(66.0, 1.6271323872969934)	(67.0, 1.181457719918562)	(68.0, 0.7785986959203925)	(69.0, 0.5708110651899279)	(70.0, 0.5059050901992179)	(71.0, 0.5692937378723375)	(72.0, 0.5917720224901244)	(73.0, 0.7736760033161648)	(74.0, 0.9694198484632565)	(75.0, 0.7501488087155741)	(76.0, 0.6518041582182715)	(77.0, 0.7128277294096168)	(78.0, 0.6070430023493572)	(79.0, 0.4558706471564812)	(80.0, 0.35240789068829154)	(81.0, 0.35115781988686773)	(82.0, 0.34087850205538944)	(83.0, 0.3651988450265387)	(84.0, 0.3609974576433625)	(85.0, 0.3381225988402964)	(86.0, 0.3910451364932192)	(87.0, 0.34887895518450196)	(88.0, 0.25876178216875445)	(89.0, 0.24917215857254443)	(90.0, 0.21107517325191033)	(91.0, 0.1591124600764026)	(92.0, 0.08583532130512334)	(93.0, 0.027340628976428524)	(94.0, 0.01695498328367966)	(95.0, 0.02088336669872883)	(96.0, 0.024866350907403405)	(97.0, 0.021524207592332315)	(98.0, 0.011638590220152987)	(99.0, 0.002615090642059066)	(100.0, 0.00018679218871850471)
SRR19077112_2	(0.0, 1.8195017485731986)	(1.0, 1.2165846354942749)	(2.0, 0.425490793276414)	(3.0, 0.17521240827829246)	(4.0, 0.08864559247161974)	(5.0, 0.05283197955518837)	(6.0, 0.03470665715432266)	(7.0, 0.024580168338356752)	(8.0, 0.018372590441232853)	(9.0, 0.014361672809696104)	(10.0, 0.012153511705022109)	(11.0, 0.010172492172313276)	(12.0, 0.00888727340435849)	(13.0, 0.008473243197232116)	(14.0, 0.008447366309286717)	(15.0, 0.008674507881251882)	(16.0, 0.00935305738737566)	(17.0, 0.010856792097980478)	(18.0, 0.012952820021557747)	(19.0, 0.015945913393908828)	(20.0, 0.02070151035631871)	(21.0, 0.02672507482805311)	(22.0, 0.03457152229505224)	(23.0, 0.04603785886463544)	(24.0, 0.05963472587505644)	(25.0, 0.07513498175435007)	(26.0, 0.09464040484563703)	(27.0, 0.11727693137831718)	(28.0, 0.13941029620094797)	(29.0, 0.16272249702998018)	(30.0, 0.1887661471421378)	(31.0, 0.217230723882076)	(32.0, 0.24885228095135287)	(33.0, 0.2953731750576357)	(34.0, 0.3415030406349659)	(35.0, 0.3661867165251043)	(36.0, 0.4481014429211487)	(37.0, 0.593854451878491)	(38.0, 0.6518158056664116)	(39.0, 0.6542999869091699)	(40.0, 0.6660710957145545)	(41.0, 0.6452287000794219)	(42.0, 0.6752113875788235)	(43.0, 0.8455330640354357)	(44.0, 1.6318598084518001)	(45.0, 1.8820979405131173)	(46.0, 1.7605426969944944)	(47.0, 2.587953313838836)	(48.0, 3.8320824589461018)	(49.0, 4.563236803053105)	(50.0, 5.14568817297699)	(51.0, 6.867464416619507)	(52.0, 6.175668819077454)	(53.0, 3.725018272676902)	(54.0, 3.547997357452203)	(55.0, 3.3991247458925544)	(56.0, 2.6869812887961038)	(57.0, 2.4029968196442155)	(58.0, 2.6097129013911444)	(59.0, 2.724957059460862)	(60.0, 2.8563541460280515)	(61.0, 3.7269590392728063)	(62.0, 5.035780404243568)	(63.0, 4.233821144298411)	(64.0, 1.9138920101686967)	(65.0, 1.2326225556008783)	(66.0, 1.3113199222623784)	(67.0, 1.1799372117440472)	(68.0, 1.0691122510934494)	(69.0, 0.8402858062020633)	(70.0, 0.6177445698716372)	(71.0, 0.7285637801026916)	(72.0, 0.6387796045614743)	(73.0, 0.48696565340536535)	(74.0, 0.5050535980791988)	(75.0, 0.5397142518771741)	(76.0, 0.601105730922746)	(77.0, 0.6897024448282466)	(78.0, 0.5533944999709748)	(79.0, 0.3295047902576162)	(80.0, 0.32862210085770094)	(81.0, 0.42143674749830157)	(82.0, 0.4641364878179806)	(83.0, 0.4282711211256584)	(84.0, 0.32790617362454494)	(85.0, 0.3429895240869405)	(86.0, 0.34580147924367377)	(87.0, 0.23336065070137438)	(88.0, 0.23550555719107072)	(89.0, 0.23187991766894325)	(90.0, 0.139479301235469)	(91.0, 0.08901936974194216)	(92.0, 0.061198839990867185)	(93.0, 0.033381185449563915)	(94.0, 0.016584209963228656)	(95.0, 0.009476691407559232)	(96.0, 0.007024137472289806)	(97.0, 0.005606659054836317)	(98.0, 0.004709593606062506)	(99.0, 0.005888429612463989)	(100.0, 0.04263648570470141)
SRR19077113_1	(0.0, 1.2197518782263919)	(1.0, 0.8233227639494328)	(2.0, 0.2909357711464219)	(3.0, 0.1095032606319034)	(4.0, 0.04929489122963307)	(5.0, 0.028573371600951435)	(6.0, 0.018976663634843908)	(7.0, 0.013444061244445384)	(8.0, 0.010788845601648835)	(9.0, 0.009304092364656479)	(10.0, 0.008236587300103581)	(11.0, 0.007721800593847106)	(12.0, 0.007694706556675713)	(13.0, 0.007965646928389648)	(14.0, 0.008913938229388414)	(15.0, 0.011395752034288045)	(16.0, 0.015443601187694212)	(17.0, 0.02145847743974354)	(18.0, 0.031022672561245395)	(19.0, 0.046260359066437017)	(20.0, 0.06835283697599116)	(21.0, 0.09919668889190536)	(22.0, 0.14723441679678578)	(23.0, 0.21547887762409135)	(24.0, 0.291054984909976)	(25.0, 0.37292774643449245)	(26.0, 0.47444910371570337)	(27.0, 0.5895228983900452)	(28.0, 0.7082381316602223)	(29.0, 0.8313805306042051)	(30.0, 0.9514125340809121)	(31.0, 1.0785756881411295)	(32.0, 1.2077546385668987)	(33.0, 1.3537373108463662)	(34.0, 1.5055560387325517)	(35.0, 1.690364466278626)	(36.0, 1.8660422032979402)	(37.0, 2.0640941962133916)	(38.0, 2.264021096501103)	(39.0, 2.218790310847179)	(40.0, 2.1229316073347895)	(41.0, 2.127320841356555)	(42.0, 2.1725949774699536)	(43.0, 2.2548741495520406)	(44.0, 2.4792452901757835)	(45.0, 3.1816473662292877)	(46.0, 3.4151600349946585)	(47.0, 3.1687343481134014)	(48.0, 3.4401082244220773)	(49.0, 3.553112034656525)	(50.0, 3.194636247649254)	(51.0, 2.9124030812422834)	(52.0, 2.9707257056574248)	(53.0, 3.0021276947390696)	(54.0, 2.7614351061232796)	(55.0, 2.7242187366646538)	(56.0, 3.3638276721697364)	(57.0, 3.14373197061164)	(58.0, 2.7728687898096074)	(59.0, 2.8167719676421332)	(60.0, 2.245759715447584)	(61.0, 1.9854835567643108)	(62.0, 1.7102948400219027)	(63.0, 1.2428685107410247)	(64.0, 1.0134687168182714)	(65.0, 1.0929355278419681)	(66.0, 1.140826947946123)	(67.0, 0.9576766754749382)	(68.0, 0.770321408434753)	(69.0, 0.6211253833467584)	(70.0, 0.5205198045219406)	(71.0, 0.5337742075061862)	(72.0, 0.5262529027874074)	(73.0, 0.5392417842073735)	(74.0, 0.6370566772035376)	(75.0, 0.5531085124316926)	(76.0, 0.540206331930675)	(77.0, 0.5821262262422547)	(78.0, 0.4720214779851465)	(79.0, 0.33788973756444657)	(80.0, 0.22841357096971457)	(81.0, 0.1961120598539794)	(82.0, 0.15981688765918087)	(83.0, 0.16917516809818012)	(84.0, 0.19212381758235028)	(85.0, 0.15608874814439713)	(86.0, 0.1249956310865061)	(87.0, 0.1159570602861293)	(88.0, 0.10108785268646862)	(89.0, 0.08403486569079363)	(90.0, 0.057320145039799784)	(91.0, 0.037097155695071785)	(92.0, 0.017589448931668566)	(93.0, 0.0063508423129746035)	(94.0, 0.0037064642850466113)	(95.0, 0.003527643639715415)	(96.0, 0.003310891342344268)	(97.0, 0.0021837793960143045)	(98.0, 0.0010783426794214557)	(99.0, 0.0003359660609252776)	(100.0, 6.502568921134405e-05)
SRR19077113_2	(0.0, 1.2309320418124678)	(1.0, 0.8510404414951163)	(2.0, 0.3221864098801953)	(3.0, 0.12670099816536956)	(4.0, 0.06510398669365791)	(5.0, 0.04179642339478779)	(6.0, 0.030164323199584238)	(7.0, 0.024532565462950268)	(8.0, 0.020814196062246805)	(9.0, 0.01813653646465568)	(10.0, 0.016716401212491964)	(11.0, 0.016217727765167302)	(12.0, 0.015746156135632024)	(13.0, 0.016412860853250867)	(14.0, 0.017702907380025536)	(15.0, 0.02030468188780639)	(16.0, 0.02550281053981021)	(17.0, 0.03311842133862708)	(18.0, 0.04445782190170529)	(19.0, 0.06129889147602842)	(20.0, 0.08979916306334448)	(21.0, 0.12457079528712398)	(22.0, 0.16705018449020426)	(23.0, 0.22811600033324392)	(24.0, 0.2960223149863242)	(25.0, 0.3775500032603487)	(26.0, 0.47959918796449463)	(27.0, 0.5942344568500305)	(28.0, 0.709238310457502)	(29.0, 0.8251690462333703)	(30.0, 0.9585533526656019)	(31.0, 1.092149053276591)	(32.0, 1.2171697387390186)	(33.0, 1.3378324519009133)	(34.0, 1.4863991966587577)	(35.0, 1.6843562941559753)	(36.0, 1.9703184143788803)	(37.0, 2.119443456583186)	(38.0, 2.2146196202959443)	(39.0, 2.27577216195591)	(40.0, 2.3785314142861376)	(41.0, 2.4868411188996316)	(42.0, 2.4570128582406356)	(43.0, 2.5406436475751164)	(44.0, 2.9535886248684005)	(45.0, 2.9898291756163644)	(46.0, 2.850151827093438)	(47.0, 3.2976299406139544)	(48.0, 3.531757124132884)	(49.0, 3.745465798129292)	(50.0, 3.8941843130667566)	(51.0, 4.039899946593158)	(52.0, 3.65423023872311)	(53.0, 2.7585910458737835)	(54.0, 2.68045650518699)	(55.0, 2.548481493279806)	(56.0, 2.2291136724497065)	(57.0, 2.2762437335854453)	(58.0, 2.3228534398196277)	(59.0, 2.3134870515916166)	(60.0, 2.065527100272986)	(61.0, 1.95027933030541)	(62.0, 2.1021741782877905)	(63.0, 1.888563070835425)	(64.0, 1.2710644135949873)	(65.0, 0.9022791382077254)	(66.0, 0.957144058140554)	(67.0, 0.8735837335323257)	(68.0, 0.7684503619637478)	(69.0, 0.8228382899034834)	(70.0, 0.6730465429815589)	(71.0, 0.41677717432870287)	(72.0, 0.3152754463439024)	(73.0, 0.2894799361719669)	(74.0, 0.3225766760563624)	(75.0, 0.3350489326030369)	(76.0, 0.34261576012983286)	(77.0, 0.4065597890221052)	(78.0, 0.3186685939311333)	(79.0, 0.1665244092250902)	(80.0, 0.16063247403767814)	(81.0, 0.18888882926488976)	(82.0, 0.23504864532376832)	(83.0, 0.24543406190066022)	(84.0, 0.18328417334604516)	(85.0, 0.15904972787877814)	(86.0, 0.13772601764209091)	(87.0, 0.08677460019804925)	(88.0, 0.05736370753300988)	(89.0, 0.043292443736761776)	(90.0, 0.025546173448273223)	(91.0, 0.015805780134768667)	(92.0, 0.010146920580345317)	(93.0, 0.006222577364442534)	(94.0, 0.004271246483606896)	(95.0, 0.0035069752219462715)	(96.0, 0.003333523588094215)	(97.0, 0.0032196959533788024)	(98.0, 0.0036587454015668216)	(99.0, 0.005198128652003824)	(100.0, 0.03727584018751856)
SRR19077114_1	(0.0, 1.2315063893899008)	(1.0, 0.8270136744644506)	(2.0, 0.2814751740707476)	(3.0, 0.09858531464468949)	(4.0, 0.043704174234120076)	(5.0, 0.025555923151129874)	(6.0, 0.01751003485915195)	(7.0, 0.012966153539004422)	(8.0, 0.010146001507172158)	(9.0, 0.008171349600937577)	(10.0, 0.007593136611819165)	(11.0, 0.007614955969899104)	(12.0, 0.00767495920461894)	(13.0, 0.008225897996137427)	(14.0, 0.008956846491815423)	(15.0, 0.011416979115328673)	(16.0, 0.015453560360117595)	(17.0, 0.02085930632442276)	(18.0, 0.030847117485515357)	(19.0, 0.045957022955873894)	(20.0, 0.06769455844301425)	(21.0, 0.10052178267428416)	(22.0, 0.14851891561063246)	(23.0, 0.21693351287028476)	(24.0, 0.29122297229296085)	(25.0, 0.37475838470201167)	(26.0, 0.48035316812988194)	(27.0, 0.5969121789929221)	(28.0, 0.7176332324097108)	(29.0, 0.8394616182490565)	(30.0, 0.9561624549396164)	(31.0, 1.083505683533667)	(32.0, 1.2132708608745908)	(33.0, 1.3548021270601225)	(34.0, 1.5096377468348976)	(35.0, 1.6895819929201639)	(36.0, 1.863345905829287)	(37.0, 2.075010043723266)	(38.0, 2.274297150746399)	(39.0, 2.224925398251015)	(40.0, 2.1247036317503296)	(41.0, 2.1309930617168726)	(42.0, 2.1824267435508116)	(43.0, 2.266060343071222)	(44.0, 2.492681650929)	(45.0, 3.1973869136763464)	(46.0, 3.434099674646097)	(47.0, 3.1798714239776746)	(48.0, 3.4455712021566254)	(49.0, 3.5509968855593756)	(50.0, 3.1934757937405167)	(51.0, 2.920548353197586)	(52.0, 2.9736075772084805)	(53.0, 2.99554148691834)	(54.0, 2.750679195705732)	(55.0, 2.7240595788482054)	(56.0, 3.364665022396207)	(57.0, 3.1468041868075254)	(58.0, 2.77689515443878)	(59.0, 2.807556807380616)	(60.0, 2.235469603043146)	(61.0, 1.9786775778003303)	(62.0, 1.7039336756972445)	(63.0, 1.2395522776818788)	(64.0, 1.0143655926178565)	(65.0, 1.091120639503566)	(66.0, 1.1332320005978505)	(67.0, 0.9503803250484323)	(68.0, 0.7641630135151831)	(69.0, 0.6162441302517491)	(70.0, 0.5168842283952216)	(71.0, 0.5282302945967906)	(72.0, 0.5202334998604925)	(73.0, 0.5319450403099004)	(74.0, 0.6310703840670683)	(75.0, 0.5491005106002532)	(76.0, 0.5298067432180662)	(77.0, 0.5673414939550832)	(78.0, 0.46222128156545167)	(79.0, 0.33580537568979857)	(80.0, 0.2285359565292929)	(81.0, 0.1960196581506621)	(82.0, 0.16014317862772057)	(83.0, 0.16553801491298578)	(84.0, 0.18773921175932484)	(85.0, 0.15324826147445947)	(86.0, 0.12172474388846598)	(87.0, 0.11350430073184856)	(88.0, 0.09764708224725205)	(89.0, 0.08231898319609413)	(90.0, 0.05835587318479987)	(91.0, 0.03782385723157621)	(92.0, 0.018175525280590125)	(93.0, 0.006387617077902472)	(94.0, 0.003889300577749328)	(95.0, 0.003763839268789672)	(96.0, 0.0033383617862308397)	(97.0, 0.0021492067708741027)	(98.0, 0.0010909679039970064)	(99.0, 0.00036547424783899717)	(100.0, 5.454839519985032e-05)
SRR19077114_2	(0.0, 1.2301813453690391)	(1.0, 0.8481486000481504)	(2.0, 0.3181832766231167)	(3.0, 0.12398834524833574)	(4.0, 0.06201054288364085)	(5.0, 0.03974153324723305)	(6.0, 0.0295592318550407)	(7.0, 0.023851468052129017)	(8.0, 0.02022272720228555)	(9.0, 0.01755437490819013)	(10.0, 0.01642482700455464)	(11.0, 0.016146532593514017)	(12.0, 0.01608650830877976)	(13.0, 0.016801342972433138)	(14.0, 0.017990915160802878)	(15.0, 0.020260924474389166)	(16.0, 0.025548518284161072)	(17.0, 0.03419201528589349)	(18.0, 0.04481631368385624)	(19.0, 0.06123568393525322)	(20.0, 0.08983452723454588)	(21.0, 0.12435394770989891)	(22.0, 0.16768056778171417)	(23.0, 0.22977841871587756)	(24.0, 0.2983425221418673)	(25.0, 0.38070675430357753)	(26.0, 0.4839485240464924)	(27.0, 0.5967123280495229)	(28.0, 0.7113805389045764)	(29.0, 0.8294865042489554)	(30.0, 0.964688477236281)	(31.0, 1.1032245264029368)	(32.0, 1.2313108932726746)	(33.0, 1.3515286220890677)	(34.0, 1.4985826629348296)	(35.0, 1.6934760587137907)	(36.0, 1.9799610562440644)	(37.0, 2.1306383811865124)	(38.0, 2.224669151599298)	(39.0, 2.2864723378629477)	(40.0, 2.387596887380691)	(41.0, 2.494532879011341)	(42.0, 2.4584037163544785)	(43.0, 2.5367190376732056)	(44.0, 2.9591317563607737)	(45.0, 2.9999373564737497)	(46.0, 2.8588366333229946)	(47.0, 3.307709148072053)	(48.0, 3.5434627114955672)	(49.0, 3.7460610427331438)	(50.0, 3.888684200014886)	(51.0, 4.051688330340486)	(52.0, 3.6624690411109597)	(53.0, 2.7635289826713163)	(54.0, 2.679680513650723)	(55.0, 2.5410898969524904)	(56.0, 2.2304205694274706)	(57.0, 2.2703912863073255)	(58.0, 2.3206097856172647)	(59.0, 2.30915060398618)	(60.0, 2.0517228170204427)	(61.0, 1.9425604701014672)	(62.0, 2.088124817335188)	(63.0, 1.875076803800694)	(64.0, 1.2672708965816497)	(65.0, 0.8978650780675848)	(66.0, 0.9542769922114671)	(67.0, 0.8684913758199044)	(68.0, 0.7619046163913443)	(69.0, 0.8156809187600773)	(70.0, 0.6663404983412562)	(71.0, 0.4112154612080509)	(72.0, 0.31137324868235783)	(73.0, 0.28609756805607967)	(74.0, 0.3176321445541931)	(75.0, 0.32934233683053005)	(76.0, 0.3339314662361216)	(77.0, 0.39897050712226334)	(78.0, 0.31276472073756095)	(79.0, 0.16147623944145548)	(80.0, 0.15548472447434553)	(81.0, 0.18196089079530867)	(82.0, 0.22602417254340793)	(83.0, 0.23710683820661405)	(84.0, 0.17927616824174028)	(85.0, 0.15672886419429183)	(86.0, 0.136478853226218)	(87.0, 0.08781552856621191)	(88.0, 0.057988915806445905)	(89.0, 0.041962431782400396)	(90.0, 0.024555389209467073)	(91.0, 0.01568816532827063)	(92.0, 0.010040425810093203)	(93.0, 0.0060951932771054936)	(94.0, 0.004305378241393227)	(95.0, 0.003514149033532621)	(96.0, 0.003121262806181148)	(97.0, 0.0032904221540685876)	(98.0, 0.0038033569508885666)	(99.0, 0.0052985073160872285)	(100.0, 0.03751517795890803)
SRR19077115_1	(0.0, 0.42442432627175736)	(1.0, 0.3120221292236873)	(2.0, 0.13409456404956618)	(3.0, 0.04778276737049202)	(4.0, 0.020987051600435878)	(5.0, 0.01239474264796467)	(6.0, 0.008589174217355387)	(7.0, 0.00670206367762986)	(8.0, 0.005535942214543654)	(9.0, 0.005003037244853721)	(10.0, 0.005106483503675885)	(11.0, 0.005303971815972742)	(12.0, 0.005714622116145572)	(13.0, 0.0067240068234406215)	(14.0, 0.008535883720386392)	(15.0, 0.011303854827658218)	(16.0, 0.015811603924211885)	(17.0, 0.02428165820716599)	(18.0, 0.037550991952445316)	(19.0, 0.05715249063168737)	(20.0, 0.0850453636922816)	(21.0, 0.1259254443377311)	(22.0, 0.18179269357193098)	(23.0, 0.25511728266614986)	(24.0, 0.34433184406247624)	(25.0, 0.44433302899235005)	(26.0, 0.5660892756260364)	(27.0, 0.7019863123672009)	(28.0, 0.8419929868452094)	(29.0, 0.9877456307905218)	(30.0, 1.1322004943978834)	(31.0, 1.27511306832826)	(32.0, 1.4153736563506505)	(33.0, 1.5472268847924031)	(34.0, 1.6621713520194057)	(35.0, 1.7824730815593504)	(36.0, 1.9151977663633017)	(37.0, 2.043994628067127)	(38.0, 2.118585650148138)	(39.0, 2.1267923866813634)	(40.0, 2.126140361777272)	(41.0, 2.115968146326426)	(42.0, 2.126388005851422)	(43.0, 2.2193799230623155)	(44.0, 2.418771019574477)	(45.0, 3.064209845187345)	(46.0, 3.1830946744549373)	(47.0, 2.786343789785666)	(48.0, 3.040577077149154)	(49.0, 3.139358850118973)	(50.0, 2.860630742560443)	(51.0, 2.732764897186017)	(52.0, 2.9143381592998407)	(53.0, 3.077817730325133)	(54.0, 2.8218383955021316)	(55.0, 2.547360988760658)	(56.0, 2.5873414004278663)	(57.0, 2.4465917937274075)	(58.0, 2.4453880554429315)	(59.0, 2.4790613800571037)	(60.0, 2.135532028184278)	(61.0, 1.9649993031483837)	(62.0, 1.7561851928780574)	(63.0, 1.486350328843118)	(64.0, 1.4534983048292915)	(65.0, 1.5445592252088376)	(66.0, 1.4551158281490562)	(67.0, 1.169184099294365)	(68.0, 0.9152047254752587)	(69.0, 0.7481264785370016)	(70.0, 0.6578210293203687)	(71.0, 0.6295802006619181)	(72.0, 0.6084677596568494)	(73.0, 0.6461127936627693)	(74.0, 0.7025913162445547)	(75.0, 0.6057468095763148)	(76.0, 0.5524218305210475)	(77.0, 0.5960165917767999)	(78.0, 0.581092117890366)	(79.0, 0.46639216000239747)	(80.0, 0.36010583116529826)	(81.0, 0.3267647884734034)	(82.0, 0.30239535768299436)	(83.0, 0.3311910344569457)	(84.0, 0.36071083504265217)	(85.0, 0.328118994043439)	(86.0, 0.33150764270364386)	(87.0, 0.31866463293411645)	(88.0, 0.2612927108443215)	(89.0, 0.21057269667030318)	(90.0, 0.14189691975284996)	(91.0, 0.09002959252644038)	(92.0, 0.047394060216129956)	(93.0, 0.022015244718425867)	(94.0, 0.014385299446512359)	(95.0, 0.012755237186284329)	(96.0, 0.011096962310013893)	(97.0, 0.007303932819867901)	(98.0, 0.0034513433625212703)	(99.0, 0.0011410435821596206)	(100.0, 0.00033228192227725215)
SRR19077115_2	(0.0, 0.46992929961153046)	(1.0, 0.3613099569225205)	(2.0, 0.17269491060097633)	(3.0, 0.0677687384276869)	(4.0, 0.03490955321948064)	(5.0, 0.02342874640405737)	(6.0, 0.01779493705197774)	(7.0, 0.015142626138310866)	(8.0, 0.013468472441031778)	(9.0, 0.012474639628227525)	(10.0, 0.012703503335907999)	(11.0, 0.013045231337787065)	(12.0, 0.013490418276014837)	(13.0, 0.014945113623463332)	(14.0, 0.017243156058117964)	(15.0, 0.021187136116502036)	(16.0, 0.02778342708855298)	(17.0, 0.03739570281113292)	(18.0, 0.05298665100695486)	(19.0, 0.07525540327619339)	(20.0, 0.11144095004397477)	(21.0, 0.15995065071438552)	(22.0, 0.21611631267460069)	(23.0, 0.29363840719261575)	(24.0, 0.3809765601866249)	(25.0, 0.4757104595699249)	(26.0, 0.5988798908527032)	(27.0, 0.7399038264538418)	(28.0, 0.8782817213798801)	(29.0, 1.023851579941795)	(30.0, 1.1750050859472572)	(31.0, 1.3182925776709342)	(32.0, 1.4551875611759744)	(33.0, 1.5833167511649242)	(34.0, 1.7028557143176477)	(35.0, 1.8085844770274604)	(36.0, 1.9433350389427273)	(37.0, 2.056885924264359)	(38.0, 2.127764701021074)	(39.0, 2.182651234313705)	(40.0, 2.2477927427819915)	(41.0, 2.292371003871151)	(42.0, 2.330017516224948)	(43.0, 2.432322728677403)	(44.0, 2.792109017628243)	(45.0, 2.8699540294324373)	(46.0, 2.753553320682291)	(47.0, 3.0223992045826162)	(48.0, 3.043401368661404)	(49.0, 2.962013672067087)	(50.0, 2.9710961126307907)	(51.0, 2.991954061222547)	(52.0, 2.8421580618667512)	(53.0, 2.4829893914147205)	(54.0, 2.4141045505221808)	(55.0, 2.357430999238072)	(56.0, 2.1845134951679817)	(57.0, 2.115892004295239)	(58.0, 2.146149040498311)	(59.0, 2.1806478930916797)	(60.0, 2.091115156599365)	(61.0, 2.1626397679284386)	(62.0, 2.2092245053589066)	(63.0, 1.897004246174206)	(64.0, 1.4676872817584683)	(65.0, 1.261581404955426)	(66.0, 1.3101349972958027)	(67.0, 1.1742589275578335)	(68.0, 0.9961998278631405)	(69.0, 0.9731347552959454)	(70.0, 0.8375596570091721)	(71.0, 0.6447686318022801)	(72.0, 0.5311738548106822)	(73.0, 0.5037478313204248)	(74.0, 0.47254398909379786)	(75.0, 0.46158361207940146)	(76.0, 0.5417298014375337)	(77.0, 0.6790574314036685)	(78.0, 0.6116335560971439)	(79.0, 0.3874160951945111)	(80.0, 0.34302594126234887)	(81.0, 0.3566919262182282)	(82.0, 0.3727907637379438)	(83.0, 0.39290255394027596)	(84.0, 0.3889146822119257)	(85.0, 0.4089449593128922)	(86.0, 0.391316183582929)	(87.0, 0.30508159257663947)	(88.0, 0.22185671608231228)	(89.0, 0.1672805595987273)	(90.0, 0.10969468860317991)	(91.0, 0.061721093330212425)	(92.0, 0.031718001789087166)	(93.0, 0.01631516075026289)	(94.0, 0.009442979281282056)	(95.0, 0.0068251546797314195)	(96.0, 0.005831321866927166)	(97.0, 0.004884515843372325)	(98.0, 0.00461803070429232)	(99.0, 0.006439535007886235)	(100.0, 0.03905104579271224)
SRR19077116_1	(0.0, 0.433581672109186)	(1.0, 0.3178694252967876)	(2.0, 0.13295894481135537)	(3.0, 0.04437434959987818)	(4.0, 0.019452634302940697)	(5.0, 0.011585110403325)	(6.0, 0.00818942018431718)	(7.0, 0.0063053801650349624)	(8.0, 0.005336535465002063)	(9.0, 0.0051534964011522)	(10.0, 0.005014639180300579)	(11.0, 0.005093535328511726)	(12.0, 0.005819379892054289)	(13.0, 0.0068197830513716485)	(14.0, 0.008416641091165288)	(15.0, 0.01153777271439831)	(16.0, 0.016631308042910038)	(17.0, 0.024615598241878235)	(18.0, 0.03789855375470714)	(19.0, 0.05751844789185547)	(20.0, 0.08657116550912868)	(21.0, 0.12766659118935156)	(22.0, 0.1838311811779037)	(23.0, 0.25987128882380833)	(24.0, 0.34784996161702386)	(25.0, 0.44822795306310353)	(26.0, 0.570614814014165)	(27.0, 0.705580876836012)	(28.0, 0.8487963209148167)	(29.0, 0.9966477026625084)	(30.0, 1.1418260829088063)	(31.0, 1.2865910473384778)	(32.0, 1.4246877093213433)	(33.0, 1.5546265095791758)	(34.0, 1.6727435109890498)	(35.0, 1.7916494738810358)	(36.0, 1.923731093524283)	(37.0, 2.0509148402865827)	(38.0, 2.1289557542511215)	(39.0, 2.1430245154001337)	(40.0, 2.138183447745898)	(41.0, 2.1217730489179787)	(42.0, 2.132525015996194)	(43.0, 2.231154668797915)	(44.0, 2.4324376779601242)	(45.0, 3.077315858362479)	(46.0, 3.1910746365451694)	(47.0, 2.7962404407454424)	(48.0, 3.0478812833878637)	(49.0, 3.1391956853274463)	(50.0, 2.8582496573934764)	(51.0, 2.73268485959247)	(52.0, 2.9168126902876472)	(53.0, 3.0775493909611837)	(54.0, 2.821086415740097)	(55.0, 2.548320340452659)	(56.0, 2.58091076135572)	(57.0, 2.4351580171504446)	(58.0, 2.4399044094268274)	(59.0, 2.4729902981406546)	(60.0, 2.12568945371518)	(61.0, 1.9514867584649649)	(62.0, 1.7430999401178235)	(63.0, 1.4792964672671716)	(64.0, 1.4481167094941259)	(65.0, 1.5357987327700673)	(66.0, 1.4452291104695978)	(67.0, 1.1613891718192426)	(68.0, 0.9102090826823743)	(69.0, 0.7443378206832565)	(70.0, 0.6566557974073147)	(71.0, 0.6270571184444205)	(72.0, 0.6031515855364425)	(73.0, 0.6390398654347296)	(74.0, 0.6948541565252242)	(75.0, 0.597486842094882)	(76.0, 0.5411329013506232)	(77.0, 0.5848792376107406)	(78.0, 0.5715047625659868)	(79.0, 0.4599771674547077)	(80.0, 0.3559415505775593)	(81.0, 0.32525410476935107)	(82.0, 0.3015663252304359)	(83.0, 0.32801862580266966)	(84.0, 0.3535651985934395)	(85.0, 0.32006589406298597)	(86.0, 0.3235909739650601)	(87.0, 0.311191655312196)	(88.0, 0.2561000529393155)	(89.0, 0.20580849222360115)	(90.0, 0.13951994849659446)	(91.0, 0.08934830992616109)	(92.0, 0.047602779984678364)	(93.0, 0.022065674731693925)	(94.0, 0.014207618369863567)	(95.0, 0.0127464617049931)	(96.0, 0.01097287629320649)	(97.0, 0.007135367644216242)	(98.0, 0.0033988460649362635)	(99.0, 0.0011077019208845205)	(100.0, 0.0003692339736281735)
SRR19077116_2	(0.0, 0.4740383456961912)	(1.0, 0.3648903443077981)	(2.0, 0.17423405837431183)	(3.0, 0.06738384319831135)	(4.0, 0.034375260493363105)	(5.0, 0.022655919550212136)	(6.0, 0.01700614301149944)	(7.0, 0.014556854411476507)	(8.0, 0.013104956530019614)	(9.0, 0.012461071382590904)	(10.0, 0.012344288292125895)	(11.0, 0.012480009181044692)	(12.0, 0.013199645522288543)	(13.0, 0.014746232396014363)	(14.0, 0.017192364696295)	(15.0, 0.021128270474940102)	(16.0, 0.0280815988072217)	(17.0, 0.03838691746582335)	(18.0, 0.05320574475591056)	(19.0, 0.07569122412003862)	(20.0, 0.11289768548224266)	(21.0, 0.16134373022676846)	(22.0, 0.21843803626518965)	(23.0, 0.29705199394659587)	(24.0, 0.3842573995265361)	(25.0, 0.47857394842587286)	(26.0, 0.6030426287633786)	(27.0, 0.7443280741278457)	(28.0, 0.885528299399271)	(29.0, 1.0298374799168593)	(30.0, 1.179240928218516)	(31.0, 1.3257721437546819)	(32.0, 1.4660949176977482)	(33.0, 1.5993002357219337)	(34.0, 1.713987543158059)	(35.0, 1.8149607282139015)	(36.0, 1.951202406590177)	(37.0, 2.0628312595760163)	(38.0, 2.134968490186228)	(39.0, 2.1899196686996287)	(40.0, 2.254131430656931)	(41.0, 2.30642816108706)	(42.0, 2.3430980514930733)	(43.0, 2.4403973036488815)	(44.0, 2.8092961486293975)	(45.0, 2.8872409707654363)	(46.0, 2.7608469475851294)	(47.0, 3.0284506649360887)	(48.0, 3.051712594036822)	(49.0, 2.9725873157971634)	(50.0, 2.9750807925935785)	(51.0, 2.991881776121829)	(52.0, 2.8416608461869166)	(53.0, 2.482350839823501)	(54.0, 2.412120014257637)	(55.0, 2.3540914434954963)	(56.0, 2.181511286186148)	(57.0, 2.109377211875679)	(58.0, 2.1376892205640883)	(59.0, 2.172105512954101)	(60.0, 2.0882615665997077)	(61.0, 2.1549573364541983)	(62.0, 2.195566288938599)	(63.0, 1.8907024531298167)	(64.0, 1.4636172224000445)	(65.0, 1.2541367648034956)	(66.0, 1.301348696348783)	(67.0, 1.1671428313062893)	(68.0, 0.9874041861814105)	(69.0, 0.9646377961402177)	(70.0, 0.8327612803075398)	(71.0, 0.6395452352830502)	(72.0, 0.5260983536456477)	(73.0, 0.4993487133296756)	(74.0, 0.4675774001237081)	(75.0, 0.4538474962447135)	(76.0, 0.5334462194457166)	(77.0, 0.6703380955689054)	(78.0, 0.6036802013113226)	(79.0, 0.384617217697158)	(80.0, 0.3378029799194001)	(81.0, 0.3458610131614859)	(82.0, 0.3620843938368955)	(83.0, 0.383619826978592)	(84.0, 0.3791347250447871)	(85.0, 0.40032612151457314)	(86.0, 0.38538735483427866)	(87.0, 0.3001356987948206)	(88.0, 0.21899354501983403)	(89.0, 0.16479040954535742)	(90.0, 0.10784129329508192)	(91.0, 0.0612827157964501)	(92.0, 0.032159538074270196)	(93.0, 0.01733755448444069)	(94.0, 0.010046502079733245)	(95.0, 0.007190050812953922)	(96.0, 0.0058580923217043356)	(97.0, 0.00490804609927276)	(98.0, 0.004889108300818975)	(99.0, 0.006208441593099369)	(100.0, 0.03830800997226591)
SRR19077117_1	(0.0, 0.3216772185427345)	(1.0, 0.23470223225742654)	(2.0, 0.09887969213165163)	(3.0, 0.0350188179701314)	(4.0, 0.0158337002356808)	(5.0, 0.009421493100273824)	(6.0, 0.0066219006561862095)	(7.0, 0.00521658618359558)	(8.0, 0.004131330242720619)	(9.0, 0.0038627753827752886)	(10.0, 0.00380759287730707)	(11.0, 0.003906921387149863)	(12.0, 0.004245374087354936)	(13.0, 0.004955388991046013)	(14.0, 0.006099506271087075)	(15.0, 0.008192762645181493)	(16.0, 0.011889990511552127)	(17.0, 0.01747446006493583)	(18.0, 0.026134434589748238)	(19.0, 0.039893272619824026)	(20.0, 0.05992452210478731)	(21.0, 0.08920435950622399)	(22.0, 0.12934779281750394)	(23.0, 0.18116416545216105)	(24.0, 0.2429133890710974)	(25.0, 0.31408042695660976)	(26.0, 0.3992785365658411)	(27.0, 0.4949429280455445)	(28.0, 0.5927042547330402)	(29.0, 0.6902411725649653)	(30.0, 0.7880282510883461)	(31.0, 0.8911643538084465)	(32.0, 1.0210934023502154)	(33.0, 1.1706747805060662)	(34.0, 1.3158378793907615)	(35.0, 1.5163931772644546)	(36.0, 1.7906723024436872)	(37.0, 1.9392824685032974)	(38.0, 1.9783369670400046)	(39.0, 1.9512349991877134)	(40.0, 1.910900266524144)	(41.0, 1.9573308266251026)	(42.0, 2.00003104935641)	(43.0, 2.180639710920191)	(44.0, 2.6304543859938265)	(45.0, 3.7419220169661926)	(46.0, 3.978386410564904)	(47.0, 3.3272365248736246)	(48.0, 3.566419576575071)	(49.0, 3.716482881945344)	(50.0, 3.281519658510055)	(51.0, 2.9642018578993095)	(52.0, 3.111811381193096)	(53.0, 3.2278417960242693)	(54.0, 2.94280943994613)	(55.0, 2.6915303830460506)	(56.0, 2.9475698507511883)	(57.0, 2.7574514040783846)	(58.0, 2.5902042665053084)	(59.0, 2.6715101700621813)	(60.0, 2.226941511841724)	(61.0, 1.9838073927487538)	(62.0, 1.7147816420900956)	(63.0, 1.3219116338259636)	(64.0, 1.1716570291034005)	(65.0, 1.300464033367316)	(66.0, 1.337848341405185)	(67.0, 1.097620500933541)	(68.0, 0.8552626157508234)	(69.0, 0.7167692423603867)	(70.0, 0.6471252416257973)	(71.0, 0.644531663868791)	(72.0, 0.6422323928076152)	(73.0, 0.7140910514283293)	(74.0, 0.8119333124571785)	(75.0, 0.6779465103466462)	(76.0, 0.6011324627348862)	(77.0, 0.650605418303993)	(78.0, 0.5977148262295545)	(79.0, 0.44627931588997166)	(80.0, 0.34152084750910583)	(81.0, 0.32433701530630266)	(82.0, 0.28749717465572)	(83.0, 0.297750084171715)	(84.0, 0.3284977762186063)	(85.0, 0.31019925740534504)	(86.0, 0.28614704268859764)	(87.0, 0.2502968083027451)	(88.0, 0.2063715339500432)	(89.0, 0.19749818707075367)	(90.0, 0.16333285851853072)	(91.0, 0.11616653167799552)	(92.0, 0.0632207570980889)	(93.0, 0.01837577432091673)	(94.0, 0.010539858544429716)	(95.0, 0.009329522257826791)	(96.0, 0.007497463076281941)	(97.0, 0.004068790069856637)	(98.0, 0.0014825699802461345)	(99.0, 0.0003384527002050729)	(100.0, 0.00013611684682160541)
SRR19077117_2	(0.0, 0.35431023166293846)	(1.0, 0.27098792958266316)	(2.0, 0.12816494378550725)	(3.0, 0.05034078751627961)	(4.0, 0.02621371660782657)	(5.0, 0.018422836633269664)	(6.0, 0.015059178486484111)	(7.0, 0.012976212938255861)	(8.0, 0.011816965327492785)	(9.0, 0.011511512782434579)	(10.0, 0.011401108248076192)	(11.0, 0.011106696156453823)	(12.0, 0.011927369861851174)	(13.0, 0.013171260948955679)	(14.0, 0.014742685487990065)	(15.0, 0.01797753834469083)	(16.0, 0.022662370752631757)	(17.0, 0.02948537097598013)	(18.0, 0.04093064103779968)	(19.0, 0.056273191162470315)	(20.0, 0.07911956947236606)	(21.0, 0.11207164282719957)	(22.0, 0.15473931520557122)	(23.0, 0.21050832566113825)	(24.0, 0.2728868875736274)	(25.0, 0.3431961752041941)	(26.0, 0.43299554330016155)	(27.0, 0.5311782957050759)	(28.0, 0.6267444606456964)	(29.0, 0.7255896402567612)	(30.0, 0.8310443713247481)	(31.0, 0.9373712982141662)	(32.0, 1.0629638163491228)	(33.0, 1.231032639002897)	(34.0, 1.367028944425559)	(35.0, 1.4455449691100992)	(36.0, 1.6717564997081455)	(37.0, 1.8644381732215494)	(38.0, 1.973182959413416)	(39.0, 2.0952130912397426)	(40.0, 2.203019438889563)	(41.0, 2.284004844992586)	(42.0, 2.36816990168513)	(43.0, 2.5625039630627646)	(44.0, 3.1222586324109365)	(45.0, 3.2316327244486462)	(46.0, 3.1146885615050963)	(47.0, 3.6421683053091667)	(48.0, 3.748855887010822)	(49.0, 3.6357611621652346)	(50.0, 3.686017306205173)	(51.0, 3.601605679385895)	(52.0, 3.128393444370118)	(53.0, 2.5866310339712175)	(54.0, 2.5859575663116314)	(55.0, 2.491734656539038)	(56.0, 2.269240078597724)	(57.0, 2.221659404440404)	(58.0, 2.239901913667555)	(59.0, 2.2949164931383397)	(60.0, 2.173618711389924)	(61.0, 2.2078588376456056)	(62.0, 2.3298742488673505)	(63.0, 1.972995271705007)	(64.0, 1.3653029535384231)	(65.0, 1.1343072264515133)	(66.0, 1.212896854158959)	(67.0, 1.0818577123289885)	(68.0, 0.9730614040210877)	(69.0, 0.9793471021772252)	(70.0, 0.8220574422279753)	(71.0, 0.6267150194365343)	(72.0, 0.49003420590085006)	(73.0, 0.4584474686209153)	(74.0, 0.4681925088536156)	(75.0, 0.49674680158983997)	(76.0, 0.618261712255827)	(77.0, 0.7679518600900747)	(78.0, 0.5952386866909578)	(79.0, 0.2814653198932741)	(80.0, 0.2378812898797279)	(81.0, 0.2902093590144585)	(82.0, 0.3443738235706836)	(83.0, 0.3439690069447028)	(84.0, 0.2833642778842384)	(85.0, 0.26396620119746966)	(86.0, 0.23467955838333462)	(87.0, 0.16781121207360433)	(88.0, 0.15684068150952588)	(89.0, 0.1552140547033123)	(90.0, 0.10068893533484978)	(91.0, 0.06822632208233845)	(92.0, 0.05192325250874984)	(93.0, 0.027181596359035103)	(94.0, 0.012490432987078953)	(95.0, 0.00776879906768523)	(96.0, 0.005891921983592635)	(97.0, 0.005133810847665038)	(98.0, 0.005325178707219577)	(99.0, 0.0071799748844404935)	(100.0, 0.0564387979640079)
SRR19077118_1	(0.0, 0.32570935424874126)	(1.0, 0.235883730288823)	(2.0, 0.0960881224917969)	(3.0, 0.03228195417589419)	(4.0, 0.014523350687808802)	(5.0, 0.008810585123141298)	(6.0, 0.006344215594572234)	(7.0, 0.004992169648187987)	(8.0, 0.0043235754988770955)	(9.0, 0.004059852251093355)	(10.0, 0.0037849857674877667)	(11.0, 0.003822129886893928)	(12.0, 0.00407470989885582)	(13.0, 0.004750732872047943)	(14.0, 0.0058687708661733775)	(15.0, 0.007978556848443301)	(16.0, 0.011484961720384865)	(17.0, 0.01747259376865796)	(18.0, 0.026279464479858638)	(19.0, 0.03968106276160139)	(20.0, 0.059735172828987514)	(21.0, 0.08907531274791378)	(22.0, 0.12997470262603722)	(23.0, 0.18250020187828897)	(24.0, 0.2440702942059408)	(25.0, 0.3151455666896292)	(26.0, 0.4022708131687195)	(27.0, 0.4978760621082363)	(28.0, 0.5971437212212006)	(29.0, 0.6974031283223093)	(30.0, 0.7929452322588357)	(31.0, 0.8964696074557459)	(32.0, 1.0300732905477652)	(33.0, 1.1829547716115816)	(34.0, 1.3298189053316)	(35.0, 1.5271953270320564)	(36.0, 1.798744840774675)	(37.0, 1.9490708064233475)	(38.0, 1.9861294943548737)	(39.0, 1.9570716497434346)	(40.0, 1.9170674331429993)	(41.0, 1.9642070350813576)	(42.0, 2.0018191703920363)	(43.0, 2.187539767422839)	(44.0, 2.6430826766438744)	(45.0, 3.7484396684040457)	(46.0, 3.985240858442201)	(47.0, 3.3367045336106362)	(48.0, 3.5741817466219836)	(49.0, 3.7284078448083036)	(50.0, 3.2937696459890553)	(51.0, 2.9717264163257022)	(52.0, 3.1160090337469923)	(53.0, 3.2274971081445836)	(54.0, 2.935496042256933)	(55.0, 2.6806093804799187)	(56.0, 2.944737499165186)	(57.0, 2.755815079041572)	(58.0, 2.5889896955526828)	(59.0, 2.667159494842948)	(60.0, 2.221894363461597)	(61.0, 1.9795549852199834)	(62.0, 1.707288589972826)	(63.0, 1.3144598119571527)	(64.0, 1.1686914297596158)	(65.0, 1.3027334134606277)	(66.0, 1.3364194153500748)	(67.0, 1.0951795030428833)	(68.0, 0.8548161919536773)	(69.0, 0.7129442278818469)	(70.0, 0.640026607075613)	(71.0, 0.6343435568064705)	(72.0, 0.6331103720421859)	(73.0, 0.7036544836183661)	(74.0, 0.803293583925392)	(75.0, 0.6693221740512519)	(76.0, 0.5867210813158319)	(77.0, 0.6391500058576276)	(78.0, 0.5895366055668189)	(79.0, 0.4428321915602469)	(80.0, 0.3389326607573344)	(81.0, 0.3195805745467247)	(82.0, 0.28369564078843296)	(83.0, 0.2937988412669087)	(84.0, 0.32353270885154023)	(85.0, 0.3040951911662964)	(86.0, 0.2792123455761094)	(87.0, 0.24678181492259055)	(88.0, 0.2031857619755798)	(89.0, 0.19039704166403873)	(90.0, 0.1569970494940191)	(91.0, 0.11376129450524812)	(92.0, 0.06370216478156546)	(93.0, 0.019292655619559826)	(94.0, 0.011228667296482355)	(95.0, 0.00946060721274911)	(96.0, 0.007688832717075249)	(97.0, 0.004215857552599231)	(98.0, 0.0015451953672962816)	(99.0, 0.00039001325376468655)	(100.0, 0.00014857647762464248)
SRR19077118_2	(0.0, 0.3526248587705819)	(1.0, 0.270772550091807)	(2.0, 0.1286123165057997)	(3.0, 0.05021201412639753)	(4.0, 0.02625234069436828)	(5.0, 0.01814068326537947)	(6.0, 0.014710971947488183)	(7.0, 0.01265983365119784)	(8.0, 0.01161196952157125)	(9.0, 0.011411314688238498)	(10.0, 0.011221807345646454)	(11.0, 0.011712296938237625)	(12.0, 0.012648686160457131)	(13.0, 0.01352562209872619)	(14.0, 0.015041680839462532)	(15.0, 0.017880575148096274)	(16.0, 0.023231370703636303)	(17.0, 0.030436365552380835)	(18.0, 0.040814679431980354)	(19.0, 0.05684848694736594)	(20.0, 0.08124662834852972)	(21.0, 0.11487117625275316)	(22.0, 0.1570012595921371)	(23.0, 0.21201784222777995)	(24.0, 0.2749342799683382)	(25.0, 0.34579144694652764)	(26.0, 0.4362384709863887)	(27.0, 0.5352616312361014)	(28.0, 0.630431475519776)	(29.0, 0.7301717910071409)	(30.0, 0.8337728541210377)	(31.0, 0.939737185271965)	(32.0, 1.0683866600802336)	(33.0, 1.2334921454408658)	(34.0, 1.373630967372558)	(35.0, 1.4586640267426816)	(36.0, 1.6848020239086923)	(37.0, 1.8795784137908431)	(38.0, 1.989912561312128)	(39.0, 2.1048506225093253)	(40.0, 2.2135275097404916)	(41.0, 2.2968512871970397)	(42.0, 2.380033863104206)	(43.0, 2.579128047733258)	(44.0, 3.132099325926098)	(45.0, 3.235213615277651)	(46.0, 3.1236532437748883)	(47.0, 3.6531887806005123)	(48.0, 3.7601043642946466)	(49.0, 3.6404546303443768)	(50.0, 3.6923610630633616)	(51.0, 3.6110103914679184)	(52.0, 3.133031999318071)	(53.0, 2.588005166193109)	(54.0, 2.5843562208906503)	(55.0, 2.490635550403268)	(56.0, 2.257998566135424)	(57.0, 2.2158684827960404)	(58.0, 2.23579648041018)	(59.0, 2.2846745114779394)	(60.0, 2.167715038626427)	(61.0, 2.202197943317685)	(62.0, 2.3180798253975956)	(63.0, 1.9630248136455395)	(64.0, 1.3640515569960425)	(65.0, 1.1279922930708015)	(66.0, 1.203360477968731)	(67.0, 1.0712961551635587)	(68.0, 0.960412064765732)	(69.0, 0.9725999879755732)	(70.0, 0.8144505368371432)	(71.0, 0.6165565653778409)	(72.0, 0.4857444773658747)	(73.0, 0.45541587089065405)	(74.0, 0.46341233758198885)	(75.0, 0.48984303812820845)	(76.0, 0.608143925698853)	(77.0, 0.756357246757065)	(78.0, 0.5870157149149636)	(79.0, 0.2784494553819082)	(80.0, 0.2323657286598197)	(81.0, 0.2800807048602985)	(82.0, 0.33461051373359707)	(83.0, 0.33655760878297414)	(84.0, 0.27926322220597993)	(85.0, 0.25979598754245614)	(86.0, 0.22988726988513553)	(87.0, 0.16529127687297723)	(88.0, 0.15336346178041924)	(89.0, 0.15121942772795632)	(90.0, 0.09977747378983398)	(91.0, 0.06651707724980702)	(92.0, 0.05015999250294089)	(93.0, 0.02829604733016482)	(94.0, 0.01408299663576161)	(95.0, 0.008817665175900343)	(96.0, 0.006629041160474595)	(97.0, 0.005458554632700213)	(98.0, 0.005413964669737379)	(99.0, 0.007197563188250723)	(100.0, 0.05593810853687475)
SRR19077119_1	(0.0, 0.3057431538236004)	(1.0, 0.21461144570978472)	(2.0, 0.0833739703946058)	(3.0, 0.030683589486427267)	(4.0, 0.014205633528739794)	(5.0, 0.008441605456584294)	(6.0, 0.0057495546808883176)	(7.0, 0.004421621032124307)	(8.0, 0.00351703407792539)	(9.0, 0.002999610340123609)	(10.0, 0.002880204862169352)	(11.0, 0.0028946782534365347)	(12.0, 0.0030538855573755443)	(13.0, 0.0033686818174367677)	(14.0, 0.003810120251085839)	(15.0, 0.005069305291330732)	(16.0, 0.007518926763301399)	(17.0, 0.010760966407150319)	(18.0, 0.015884546915732985)	(19.0, 0.024040302894790422)	(20.0, 0.03596637729894894)	(21.0, 0.05383377881828595)	(22.0, 0.07945891805683288)	(23.0, 0.11325428666570443)	(24.0, 0.1524663219563191)	(25.0, 0.19703713036360815)	(26.0, 0.2522024611784749)	(27.0, 0.3166560908390561)	(28.0, 0.3842830115349672)	(29.0, 0.45463816648474215)	(30.0, 0.5242045216104557)	(31.0, 0.5986954481148281)	(32.0, 0.679218160429799)	(33.0, 0.780455913995925)	(34.0, 0.8791137855686757)	(35.0, 0.9728434674149506)	(36.0, 1.120899023382596)	(37.0, 1.2669789614422706)	(38.0, 1.305698901429801)	(39.0, 1.2528312214785995)	(40.0, 1.2357128179573391)	(41.0, 1.2715851182130513)	(42.0, 1.3207186632173198)	(43.0, 1.471393903004325)	(44.0, 1.884283572378879)	(45.0, 3.3591510892873275)	(46.0, 3.8513115226322414)	(47.0, 3.251143406955977)	(48.0, 3.684328389234938)	(49.0, 3.7904219655712037)	(50.0, 3.256100543464987)	(51.0, 2.9991146264727084)	(52.0, 3.35921621954803)	(53.0, 3.7698371848414527)	(54.0, 3.5837781217540026)	(55.0, 3.244785969841867)	(56.0, 3.853088131410288)	(57.0, 3.6642031386779204)	(58.0, 3.332017099009177)	(59.0, 3.5142913702802585)	(60.0, 2.8399290326205997)	(61.0, 2.5255380275148576)	(62.0, 2.2017610281723474)	(63.0, 1.587152086359252)	(64.0, 1.2728117381229451)	(65.0, 1.4554695542626073)	(66.0, 1.6213708016626889)	(67.0, 1.355527169214894)	(68.0, 1.0276397267525041)	(69.0, 0.8536152885037165)	(70.0, 0.7673538765513078)	(71.0, 0.7621036538691373)	(72.0, 0.7742721575770212)	(73.0, 0.8578885572753523)	(74.0, 1.0056112252438523)	(75.0, 0.8417651994037108)	(76.0, 0.7632289600401607)	(77.0, 0.8125000022614675)	(78.0, 0.669318360803046)	(79.0, 0.5028237043610101)	(80.0, 0.4007139289710363)	(81.0, 0.3895440892605881)	(82.0, 0.34863504884389623)	(83.0, 0.3453423523306122)	(84.0, 0.3502415952745535)	(85.0, 0.33475868496648487)	(86.0, 0.3327505019281633)	(87.0, 0.28199593710197046)	(88.0, 0.21940213821922214)	(89.0, 0.20690074651219312)	(90.0, 0.1684775110456399)	(91.0, 0.12426491907221364)	(92.0, 0.07403139633163938)	(93.0, 0.02329854159234731)	(94.0, 0.010536628842508987)	(95.0, 0.008177466065958212)	(96.0, 0.006607103113468892)	(97.0, 0.0038824872074217525)	(98.0, 0.0018308839952986082)	(99.0, 0.0005463705203361459)	(100.0, 0.00013387886922143973)
SRR19077119_2	(0.0, 0.31967855924482447)	(1.0, 0.2353045601634252)	(2.0, 0.10451544969444651)	(3.0, 0.042682933892602484)	(4.0, 0.022295326082990306)	(5.0, 0.015348625197577348)	(6.0, 0.011985683497447783)	(7.0, 0.009962126543333222)	(8.0, 0.008745820395600679)	(9.0, 0.008072508063820162)	(10.0, 0.008300565466520015)	(11.0, 0.008434503941121515)	(12.0, 0.008503283157808773)	(13.0, 0.009194695283454356)	(14.0, 0.010240863368855265)	(15.0, 0.011963963744809703)	(16.0, 0.015189347011564757)	(17.0, 0.02021746974728054)	(18.0, 0.02672253566238585)	(19.0, 0.036286466740687584)	(20.0, 0.05273555940526105)	(21.0, 0.07342724375180636)	(22.0, 0.09946198724731962)	(23.0, 0.13626610809254816)	(24.0, 0.17418879619863784)	(25.0, 0.21653507392535007)	(26.0, 0.2753413041929548)	(27.0, 0.3423793207103923)	(28.0, 0.40799831338880843)	(29.0, 0.47680648974624956)	(30.0, 0.5513197211299601)	(31.0, 0.6268646407639793)	(32.0, 0.7020692842733353)	(33.0, 0.7931800266313127)	(34.0, 0.8811884643208175)	(35.0, 0.949848222368565)	(36.0, 1.1282108310324876)	(37.0, 1.308944512692734)	(38.0, 1.3308814628571959)	(39.0, 1.3225229780503076)	(40.0, 1.4094200883964971)	(41.0, 1.4826047949105117)	(42.0, 1.5204514638823683)	(43.0, 1.666777437405121)	(44.0, 2.4992484965587223)	(45.0, 2.7638095635256428)	(46.0, 2.7218180417586857)	(47.0, 3.600009180215449)	(48.0, 3.860052538633648)	(49.0, 3.7537379694290136)	(50.0, 3.8364902269801027)	(51.0, 4.138123291741455)	(52.0, 3.8864311782125975)	(53.0, 3.0684942535326454)	(54.0, 3.1282018535347302)	(55.0, 3.158540728011357)	(56.0, 2.9342082628889354)	(57.0, 2.949520688498783)	(58.0, 2.9130713236133094)	(59.0, 2.9090857490042215)	(60.0, 2.6850139209134576)	(61.0, 2.681140565026333)	(62.0, 2.8895271117536296)	(63.0, 2.418052821280029)	(64.0, 1.5885971877843477)	(65.0, 1.3264433934014812)	(66.0, 1.558135234709439)	(67.0, 1.3820857797014723)	(68.0, 1.1656375847866745)	(69.0, 1.3674213267119943)	(70.0, 1.2110572075116752)	(71.0, 0.7728792978322528)	(72.0, 0.5672077201847163)	(73.0, 0.5044086753904777)	(74.0, 0.4917062400559733)	(75.0, 0.5283764224266002)	(76.0, 0.7291176162252924)	(77.0, 0.9578917707622011)	(78.0, 0.7057109627989869)	(79.0, 0.3319284997327023)	(80.0, 0.3166269339991741)	(81.0, 0.35735871011312226)	(82.0, 0.3889175106962542)	(83.0, 0.3728919532081233)	(84.0, 0.2609881676579562)	(85.0, 0.2225297256534605)	(86.0, 0.20285524972213195)	(87.0, 0.16398413241751272)	(88.0, 0.2301569787882)	(89.0, 0.2542731441340161)	(90.0, 0.1358461928748786)	(91.0, 0.07208061908824533)	(92.0, 0.05077354175028771)	(93.0, 0.02586098547440863)	(94.0, 0.011967583703582717)	(95.0, 0.007457115072407863)	(96.0, 0.005654375603447127)	(97.0, 0.005143961416452221)	(98.0, 0.005433558118293302)	(99.0, 0.007189238123204863)	(100.0, 0.05575822498072734)
SRR19077120_1	(0.0, 0.31111341110046264)	(1.0, 0.21788698628206812)	(2.0, 0.08264956431020314)	(3.0, 0.02838917195918371)	(4.0, 0.012406767170508285)	(5.0, 0.007378183662461566)	(6.0, 0.005606834013338848)	(7.0, 0.004351518042989485)	(8.0, 0.00328285255219644)	(9.0, 0.00295712916630404)	(10.0, 0.0029278506597069705)	(11.0, 0.0029534693529794064)	(12.0, 0.0032865123655210745)	(13.0, 0.0036158955647381083)	(14.0, 0.003941618950630509)	(15.0, 0.005270131187472547)	(16.0, 0.0073928229157601)	(17.0, 0.010672015654631908)	(18.0, 0.01637400481441123)	(19.0, 0.024685440874654397)	(20.0, 0.036506637913221285)	(21.0, 0.054245753097720895)	(22.0, 0.078964132292297)	(23.0, 0.11220255690662037)	(24.0, 0.15326566240901063)	(25.0, 0.19938297011272005)	(26.0, 0.2544924391550545)	(27.0, 0.32042031638500623)	(28.0, 0.3902532144323421)	(29.0, 0.4589039927758213)	(30.0, 0.5299116909003646)	(31.0, 0.605014720135173)	(32.0, 0.6831041570428825)	(33.0, 0.7856411469591453)	(34.0, 0.8835594524597203)	(35.0, 0.9737555518453181)	(36.0, 1.1262453338295064)	(37.0, 1.2754888613947446)	(38.0, 1.310674306697773)	(39.0, 1.2594661986594984)	(40.0, 1.2421882199539025)	(41.0, 1.2790864578928596)	(42.0, 1.3324209174727466)	(43.0, 1.4829563591415806)	(44.0, 1.8926029243811566)	(45.0, 3.3737989133135886)	(46.0, 3.862435229538734)	(47.0, 3.2541705951712867)	(48.0, 3.6915951435448324)	(49.0, 3.797649214066068)	(50.0, 3.261449963873983)	(51.0, 3.0006077486006886)	(52.0, 3.3573663514859833)	(53.0, 3.767283742911582)	(54.0, 3.5809992446877263)	(55.0, 3.2484832452648056)	(56.0, 3.858508249841402)	(57.0, 3.66239349302758)	(58.0, 3.3314146152010053)	(59.0, 3.5122130532512355)	(60.0, 2.837892448187474)	(61.0, 2.52404515653351)	(62.0, 2.196967639710995)	(63.0, 1.5845161789001658)	(64.0, 1.274215246357772)	(65.0, 1.4546733217688113)	(66.0, 1.6157819641325117)	(67.0, 1.3489047166868968)	(68.0, 1.0183833155259014)	(69.0, 0.8483630277167179)	(70.0, 0.7645496427692812)	(71.0, 0.7594991003812867)	(72.0, 0.7705078188617849)	(73.0, 0.8492962801144994)	(74.0, 0.996889231870328)	(75.0, 0.8360294568127022)	(76.0, 0.7545583523930312)	(77.0, 0.8013380863084993)	(78.0, 0.6604974901366201)	(79.0, 0.4976687355103416)	(80.0, 0.3984585159061709)	(81.0, 0.3852941673774634)	(82.0, 0.3447580749938204)	(83.0, 0.3402199064712746)	(84.0, 0.3447910133137421)	(85.0, 0.3282047393265021)	(86.0, 0.3226491426997081)	(87.0, 0.2742005339082071)	(88.0, 0.2131292289600443)	(89.0, 0.19955132152565322)	(90.0, 0.16490386878134583)	(91.0, 0.12294776882774497)	(92.0, 0.07274976926706894)	(93.0, 0.023254453864722614)	(94.0, 0.010390210028635112)	(95.0, 0.00830045662026926)	(96.0, 0.006704778010728963)	(97.0, 0.004007495590473915)	(98.0, 0.0019433608753805017)	(99.0, 0.0005562916253443244)	(100.0, 0.00014273271966071482)
SRR19077120_2	(0.0, 0.31809551323631263)	(1.0, 0.23550506734273954)	(2.0, 0.10576088132603141)	(3.0, 0.04341161227674244)	(4.0, 0.022738369790702644)	(5.0, 0.014953865092629564)	(6.0, 0.01135453860241045)	(7.0, 0.009769077391561135)	(8.0, 0.009040424317752791)	(9.0, 0.00830078652423879)	(10.0, 0.008018845385127019)	(11.0, 0.00825318607218096)	(12.0, 0.008549773504233603)	(13.0, 0.009183225673926284)	(14.0, 0.010343944389490333)	(15.0, 0.011995313918573568)	(16.0, 0.015071035436156534)	(17.0, 0.019578432088709664)	(18.0, 0.026392619879450022)	(19.0, 0.03675121056188123)	(20.0, 0.05385808071681887)	(21.0, 0.0749487425516735)	(22.0, 0.10063467879672648)	(23.0, 0.13727238058831595)	(24.0, 0.17699678861719406)	(25.0, 0.21879730867044064)	(26.0, 0.27453011488369106)	(27.0, 0.34446616367635136)	(28.0, 0.4132524784731533)	(29.0, 0.48227679553024433)	(30.0, 0.555867094411652)	(31.0, 0.6290363123710097)	(32.0, 0.7031868319574056)	(33.0, 0.7961322069601748)	(34.0, 0.8898977743676326)	(35.0, 0.9614632232499648)	(36.0, 1.1383098873645148)	(37.0, 1.321945108257159)	(38.0, 1.3378216898050634)	(39.0, 1.3265660136800037)	(40.0, 1.4177684798228092)	(41.0, 1.4906704029359958)	(42.0, 1.5314127283242644)	(43.0, 1.679973739196757)	(44.0, 2.5115682829400163)	(45.0, 2.7741543459304268)	(46.0, 2.728670283202551)	(47.0, 3.6009998291876086)	(48.0, 3.856768042814043)	(49.0, 3.75508981564528)	(50.0, 3.843450900957556)	(51.0, 4.149386329479711)	(52.0, 3.893306882128282)	(53.0, 3.0732719250886054)	(54.0, 3.14058628744485)	(55.0, 3.1679968246836903)	(56.0, 2.939203421081105)	(57.0, 2.950781315650864)	(58.0, 2.9103941628664116)	(59.0, 2.9039095166668405)	(60.0, 2.6771226551971545)	(61.0, 2.6744753377480923)	(62.0, 2.878194287835906)	(63.0, 2.4126398972709016)	(64.0, 1.5870539952066345)	(65.0, 1.3191659741716286)	(66.0, 1.5505078327459254)	(67.0, 1.3739284634775462)	(68.0, 1.1572145899779445)	(69.0, 1.356814270176138)	(70.0, 1.2015965191620197)	(71.0, 0.7681321564304641)	(72.0, 0.566020636992911)	(73.0, 0.4989149843110741)	(74.0, 0.4857406438107604)	(75.0, 0.5239418373737879)	(76.0, 0.7205390275191028)	(77.0, 0.9447847571635477)	(78.0, 0.698822236661026)	(79.0, 0.3298491633213618)	(80.0, 0.3089269338553272)	(81.0, 0.3462566729883728)	(82.0, 0.3761460953074559)	(83.0, 0.3625433507386217)	(84.0, 0.25741226000904777)	(85.0, 0.22064274158099043)	(86.0, 0.2008079993658155)	(87.0, 0.1623761266889693)	(88.0, 0.22399674266444994)	(89.0, 0.24501417303460024)	(90.0, 0.13205097715489536)	(91.0, 0.07089171940705216)	(92.0, 0.04917126697574006)	(93.0, 0.026326711561216104)	(94.0, 0.013167017353843269)	(95.0, 0.00818361618071182)	(96.0, 0.006290582818104209)	(97.0, 0.005580237610471953)	(98.0, 0.005649807501941092)	(99.0, 0.00739637793513999)	(100.0, 0.05601840892559738)
SRR19077121_1	(0.0, 0.5291524762423289)	(1.0, 0.37497447054938327)	(2.0, 0.15034905687477823)	(3.0, 0.05686795286845269)	(4.0, 0.02583884168185433)	(5.0, 0.01469701314240742)	(6.0, 0.009806759215972289)	(7.0, 0.007162871932125075)	(8.0, 0.005779050077175257)	(9.0, 0.004879003342248546)	(10.0, 0.004488983090446971)	(11.0, 0.004560236790295337)	(12.0, 0.004879003342248546)	(13.0, 0.005216520867846063)	(14.0, 0.0062178228604520295)	(15.0, 0.008662949823669594)	(16.0, 0.012578153120600786)	(17.0, 0.018383454560878074)	(18.0, 0.027121408279124893)	(19.0, 0.040374596450920716)	(20.0, 0.06083190869685908)	(21.0, 0.09016968206074101)	(22.0, 0.12862042861575587)	(23.0, 0.1791880543397216)	(24.0, 0.2422475787055243)	(25.0, 0.3132687664806995)	(26.0, 0.39799316579513394)	(27.0, 0.4944556746109042)	(28.0, 0.5956921813165148)	(29.0, 0.6994188173220894)	(30.0, 0.8011540999266388)	(31.0, 0.9070033461487487)	(32.0, 1.0241856808414778)	(33.0, 1.1675518751311162)	(34.0, 1.309988021127997)	(35.0, 1.4777079799868607)	(36.0, 1.7099612897399696)	(37.0, 1.8905594172977431)	(38.0, 1.9327866099447213)	(39.0, 1.8747298453472196)	(40.0, 1.8910994453386991)	(41.0, 1.88902183745891)	(42.0, 1.853087471566961)	(43.0, 2.0022364661285037)	(44.0, 2.454674958997246)	(45.0, 3.5256368186918103)	(46.0, 3.8415644732352727)	(47.0, 3.3730263943955294)	(48.0, 3.6946843464846912)	(49.0, 3.7956770905329256)	(50.0, 3.203855110176596)	(51.0, 2.8521243465566952)	(52.0, 2.9447129042175515)	(53.0, 3.1139966942783506)	(54.0, 2.973143130457049)	(55.0, 2.708491888441307)	(56.0, 2.8963841447467162)	(57.0, 2.704306671123898)	(58.0, 2.677301518881368)	(59.0, 2.835297222808294)	(60.0, 2.3119800495640734)	(61.0, 2.056378027429074)	(62.0, 1.7758372103471471)	(63.0, 1.328131463226228)	(64.0, 1.1467270438017494)	(65.0, 1.2881656380007533)	(66.0, 1.3775627799473489)	(67.0, 1.1409217423614721)	(68.0, 0.8664487403508426)	(69.0, 0.7038140455443148)	(70.0, 0.6343154368290573)	(71.0, 0.6370643295653127)	(72.0, 0.6325828468643234)	(73.0, 0.7286178334810035)	(74.0, 0.8517517272084354)	(75.0, 0.7040915599542505)	(76.0, 0.6549490082272522)	(77.0, 0.7010464018344152)	(78.0, 0.5961909572154535)	(79.0, 0.4476382436157998)	(80.0, 0.35360211078960274)	(81.0, 0.3499081689816744)	(82.0, 0.31123616093765666)	(83.0, 0.32115917619022366)	(84.0, 0.3550421855654855)	(85.0, 0.3367299847044558)	(86.0, 0.3351099005815877)	(87.0, 0.29479530724632874)	(88.0, 0.23360337985549898)	(89.0, 0.2284881142453322)	(90.0, 0.18591590368329877)	(91.0, 0.13580955191098296)	(92.0, 0.0792116130630083)	(93.0, 0.0214811154069175)	(94.0, 0.01064680283523722)	(95.0, 0.00894421442833419)	(96.0, 0.007110369205921018)	(97.0, 0.0039302040758466385)	(98.0, 0.0019351004800924288)	(99.0, 0.0008737953718246821)	(100.0, 0.00042377200436132645)
SRR19077121_2	(0.0, 0.5559708230857536)	(1.0, 0.4018154130951596)	(2.0, 0.17151261741811333)	(3.0, 0.0700027767030339)	(4.0, 0.03648502257187223)	(5.0, 0.023899452889718075)	(6.0, 0.017360958715054976)	(7.0, 0.014449959587379378)	(8.0, 0.012825652084436681)	(9.0, 0.011741529986629662)	(10.0, 0.011115064968173702)	(11.0, 0.010721179776928937)	(12.0, 0.011040039217460412)	(13.0, 0.011790296724593299)	(14.0, 0.013354583626965365)	(15.0, 0.01633310593028292)	(16.0, 0.02050828895747743)	(17.0, 0.027181829483424447)	(18.0, 0.03711523887786385)	(19.0, 0.051546442027564914)	(20.0, 0.07293253226838782)	(21.0, 0.1017349179672193)	(22.0, 0.14250766219235597)	(23.0, 0.19708139326120205)	(24.0, 0.2585462395330637)	(25.0, 0.328556518811169)	(26.0, 0.4142321748382088)	(27.0, 0.5104752078532154)	(28.0, 0.6078061142535647)	(29.0, 0.7067200639939643)	(30.0, 0.8100830407516619)	(31.0, 0.9239121097338635)	(32.0, 1.033322161999052)	(33.0, 1.1668154802432065)	(34.0, 1.291474516340871)	(35.0, 1.3810552626925376)	(36.0, 1.604538217629746)	(37.0, 1.8500749919891253)	(38.0, 1.945357695395002)	(39.0, 1.9609818079810444)	(40.0, 2.124406649472265)	(41.0, 2.217738683359596)	(42.0, 2.2264191627171233)	(43.0, 2.3562062088760416)	(44.0, 2.8663287957009045)	(45.0, 3.0696710878591307)	(46.0, 3.0150523413398562)	(47.0, 3.4497177793848297)	(48.0, 3.582475845271994)	(49.0, 3.612587430320772)	(50.0, 3.8073617817475403)	(51.0, 3.792502931818773)	(52.0, 3.226748750840007)	(53.0, 2.604428905110957)	(54.0, 2.6677844003007936)	(55.0, 2.627334266803724)	(56.0, 2.407309998974398)	(57.0, 2.327651408154564)	(58.0, 2.241619379811636)	(59.0, 2.2573522797362124)	(60.0, 2.17629070737804)	(61.0, 2.2971159276142554)	(62.0, 2.472406091580783)	(63.0, 2.044567996850719)	(64.0, 1.3701240108136115)	(65.0, 1.1710206735706863)	(66.0, 1.246661635439824)	(67.0, 1.0822689617644015)	(68.0, 0.9677196455753526)	(69.0, 0.9657914837820211)	(70.0, 0.8367997105806639)	(71.0, 0.6630363206411521)	(72.0, 0.5032052126090978)	(73.0, 0.44897284870599713)	(74.0, 0.467519214282322)	(75.0, 0.5090797288899482)	(76.0, 0.6295410742352044)	(77.0, 0.8033944950755724)	(78.0, 0.6256359839105777)	(79.0, 0.2876337230846057)	(80.0, 0.25051848420674183)	(81.0, 0.33291926621514667)	(82.0, 0.38122084452436183)	(83.0, 0.35236969208756674)	(84.0, 0.2956202142480353)	(85.0, 0.3013934457654229)	(86.0, 0.2782930171208013)	(87.0, 0.19066294028768024)	(88.0, 0.1891136585354508)	(89.0, 0.19315754649889708)	(90.0, 0.12258832537797786)	(91.0, 0.0745380833336522)	(92.0, 0.04648970642948926)	(93.0, 0.022207622211133416)	(94.0, 0.011025034067317755)	(95.0, 0.006711053401303663)	(96.0, 0.0048729225088280925)	(97.0, 0.004358996116442066)	(98.0, 0.004625337531474241)	(99.0, 0.0064147016859861725)	(100.0, 0.04643718840398996)
SRR19077122_1	(0.0, 0.5430441281165546)	(1.0, 0.3848590879581956)	(2.0, 0.15114894041008273)	(3.0, 0.05344853753736433)	(4.0, 0.023921979716211655)	(5.0, 0.01373805120845298)	(6.0, 0.009424500580259895)	(7.0, 0.007036099748276223)	(8.0, 0.005547621010378608)	(9.0, 0.004708453150492453)	(10.0, 0.004552770425355203)	(11.0, 0.004765410245054861)	(12.0, 0.004955267226929557)	(13.0, 0.005536229591466126)	(14.0, 0.006641197225976856)	(15.0, 0.00876000114369846)	(16.0, 0.012424240893880086)	(17.0, 0.01801742757990862)	(18.0, 0.02722169406119387)	(19.0, 0.04166221610258322)	(20.0, 0.0620756387937505)	(21.0, 0.08996942657078079)	(22.0, 0.12956220157092982)	(23.0, 0.18187539435668346)	(24.0, 0.24367763909653442)	(25.0, 0.3158270893485563)	(26.0, 0.40322585238475367)	(27.0, 0.49872771140736305)	(28.0, 0.6003847337823501)	(29.0, 0.7057477644435313)	(30.0, 0.8042873351761358)	(31.0, 0.91093379903479)	(32.0, 1.032757430024507)	(33.0, 1.1762855111821395)	(34.0, 1.3165974150668147)	(35.0, 1.4822552260317616)	(36.0, 1.7200169215730805)	(37.0, 1.9061261266255698)	(38.0, 1.945468290409644)	(39.0, 1.8862139263665516)	(40.0, 1.9009544224393031)	(41.0, 1.897502822508821)	(42.0, 1.8636779026180252)	(43.0, 2.012696647691474)	(44.0, 2.4578922844894477)	(45.0, 3.5305500578247413)	(46.0, 3.8550270312675083)	(47.0, 3.3880472043692316)	(48.0, 3.705503266622273)	(49.0, 3.8033669464994038)	(50.0, 3.207876725709783)	(51.0, 2.8476876539763856)	(52.0, 2.9382684200288027)	(53.0, 3.105919729303434)	(54.0, 2.969264470889666)	(55.0, 2.710872915697842)	(56.0, 2.89807569696593)	(57.0, 2.709038897252933)	(58.0, 2.674970960425337)	(59.0, 2.8279691078388796)	(60.0, 2.305873799102379)	(61.0, 2.052088174290836)	(62.0, 1.7768069419914396)	(63.0, 1.32886217609592)	(64.0, 1.1484372890807593)	(65.0, 1.2845305708281785)	(66.0, 1.3708813233244277)	(67.0, 1.1364231392677284)	(68.0, 0.8573675501686633)	(69.0, 0.6968017034575956)	(70.0, 0.6308909536299763)	(71.0, 0.6296644775270657)	(72.0, 0.6226777405940769)	(73.0, 0.715601341802828)	(74.0, 0.836285830901297)	(75.0, 0.6883682563227216)	(76.0, 0.6406799796154355)	(77.0, 0.6888732758945083)	(78.0, 0.5882756554783821)	(79.0, 0.444789342856762)	(80.0, 0.35088987676117506)	(81.0, 0.3448372361790098)	(82.0, 0.30841886991580564)	(83.0, 0.3180560103157652)	(84.0, 0.34509544167435935)	(85.0, 0.3257148409645904)	(86.0, 0.32519463283425376)	(87.0, 0.286687839770428)	(88.0, 0.22801443809187202)	(89.0, 0.22445272111190273)	(90.0, 0.1838119355718054)	(91.0, 0.1321366622451507)	(92.0, 0.07784515970826272)	(93.0, 0.022699300752938613)	(94.0, 0.010647179543532934)	(95.0, 0.008425852855598994)	(96.0, 0.006800677090751599)	(97.0, 0.004005982317556079)	(98.0, 0.0020504554042467134)	(99.0, 0.0010024448642983932)	(100.0, 0.00044046819794929396)
SRR19077122_2	(0.0, 0.5674743717545104)	(1.0, 0.40996456798561676)	(2.0, 0.172562285196855)	(3.0, 0.06866863783399237)	(4.0, 0.03599985338738756)	(5.0, 0.02345801799119071)	(6.0, 0.01717570553046703)	(7.0, 0.014015558029063102)	(8.0, 0.012659581276657809)	(9.0, 0.011854351384473154)	(10.0, 0.011428946913130318)	(11.0, 0.011337788812128281)	(12.0, 0.0113415870663367)	(13.0, 0.011744202012429027)	(14.0, 0.013191336865836354)	(15.0, 0.01608940482685943)	(16.0, 0.020791643536881146)	(17.0, 0.027358825063236183)	(18.0, 0.03755333935863059)	(19.0, 0.052028486146912294)	(20.0, 0.07300624414000592)	(21.0, 0.10245790727208054)	(22.0, 0.14206610215746537)	(23.0, 0.19656725179405787)	(24.0, 0.2603855190039002)	(25.0, 0.332054777662543)	(26.0, 0.4181574023131748)	(27.0, 0.5142494355319465)	(28.0, 0.6123583417353882)	(29.0, 0.7152948290377293)	(30.0, 0.8234956966729382)	(31.0, 0.9361253287151627)	(32.0, 1.040288652126823)	(33.0, 1.1729008995595356)	(34.0, 1.2998765377469552)	(35.0, 1.3884366328704338)	(36.0, 1.6116790239702126)	(37.0, 1.8618358443908425)	(38.0, 1.9550412044112164)	(39.0, 1.9664929408495975)	(40.0, 2.1320170609982534)	(41.0, 2.2275963298988883)	(42.0, 2.2389758995073095)	(43.0, 2.369069904399841)	(44.0, 2.875935533750622)	(45.0, 3.0768365935964854)	(46.0, 3.0227950327191113)	(47.0, 3.455492152142111)	(48.0, 3.584982234615504)	(49.0, 3.6194324002858567)	(50.0, 3.8148335880379305)	(51.0, 3.797414794238124)	(52.0, 3.2309735476283032)	(53.0, 2.6080636557019297)	(54.0, 2.6702144893142767)	(55.0, 2.6205257277597496)	(56.0, 2.4026084890601735)	(57.0, 2.3277676881375013)	(58.0, 2.238979697761518)	(59.0, 2.2522621927283564)	(60.0, 2.1669875874951594)	(61.0, 2.291494360447108)	(62.0, 2.4714556448419613)	(63.0, 2.0464613849536337)	(64.0, 1.370356942838363)	(65.0, 1.163895238831376)	(66.0, 1.2344212229732847)	(67.0, 1.070161921476032)	(68.0, 0.9555002234323038)	(69.0, 0.9572208325887172)	(70.0, 0.830795941261518)	(71.0, 0.6535124260835993)	(72.0, 0.49389838948324183)	(73.0, 0.4434309858159894)	(74.0, 0.4640251201340328)	(75.0, 0.5037358678830449)	(76.0, 0.6185456978409014)	(77.0, 0.7875832031323443)	(78.0, 0.6161376046727642)	(79.0, 0.2828977716971948)	(80.0, 0.2427920055105072)	(81.0, 0.3221413341785715)	(82.0, 0.36862816743540167)	(83.0, 0.34125794760954026)	(84.0, 0.28791526550651525)	(85.0, 0.29426594654299043)	(86.0, 0.2753012632803585)	(87.0, 0.19146239813794386)	(88.0, 0.18408618846519575)	(89.0, 0.18661582576800223)	(90.0, 0.12025652649272815)	(91.0, 0.07349621893289188)	(92.0, 0.04612599910703044)	(93.0, 0.022611007302713454)	(94.0, 0.011474525963631335)	(95.0, 0.0070609545734494055)	(96.0, 0.005074467622446695)	(97.0, 0.004295825509720967)	(98.0, 0.004535115524851313)	(99.0, 0.0063164967485994416)	(100.0, 0.045522076687891946)
SRR19077123_1	(0.0, 0.512864670721868)	(1.0, 0.37279000073166835)	(2.0, 0.1590352081795544)	(3.0, 0.05964403588260855)	(4.0, 0.026031465720840155)	(5.0, 0.014779576199774326)	(6.0, 0.009441383659506437)	(7.0, 0.0063772113680356495)	(8.0, 0.004719136412346381)	(9.0, 0.003835659325262417)	(10.0, 0.00330681740693751)	(11.0, 0.0029646255774331584)	(12.0, 0.0027219804619664357)	(13.0, 0.002622433747928806)	(14.0, 0.0028215271760040654)	(15.0, 0.003194827353645177)	(16.0, 0.003717447602342732)	(17.0, 0.004488934636134362)	(18.0, 0.005888810302288529)	(19.0, 0.008144165542203576)	(20.0, 0.011575416341688122)	(21.0, 0.016636744583538855)	(22.0, 0.024273844051113255)	(23.0, 0.03611057051715016)	(24.0, 0.05017154387496535)	(25.0, 0.06645676412455882)	(26.0, 0.08817661279364414)	(27.0, 0.11478358295501434)	(28.0, 0.14455427212189295)	(29.0, 0.1752644334025017)	(30.0, 0.20930940960337108)	(31.0, 0.25033820996094286)	(32.0, 0.31597060285987755)	(33.0, 0.39660966289998495)	(34.0, 0.47804820748720706)	(35.0, 0.5851853584702059)	(36.0, 0.732694923665091)	(37.0, 0.8539739297110607)	(38.0, 0.8948938508501538)	(39.0, 0.8700724998718335)	(40.0, 0.9112692853093438)	(41.0, 0.9797449812279785)	(42.0, 1.005704897748104)	(43.0, 1.179861873956937)	(44.0, 1.6618546199878852)	(45.0, 2.6412729635604277)	(46.0, 3.205382416167979)	(47.0, 3.302698661644203)	(48.0, 3.994638538415326)	(49.0, 4.152799602012237)	(50.0, 3.4166672058780345)	(51.0, 3.0275111031916166)	(52.0, 3.3371542680404778)	(53.0, 3.685393560422616)	(54.0, 3.524908703219888)	(55.0, 3.3585319248800585)	(56.0, 3.9014037082146444)	(57.0, 3.6602424609540454)	(58.0, 3.4637403582785784)	(59.0, 3.7065130179726617)	(60.0, 3.0336114502612355)	(61.0, 2.708606983102443)	(62.0, 2.4047033084848146)	(63.0, 1.7792730800300829)	(64.0, 1.4795068157146434)	(65.0, 1.7313506697254053)	(66.0, 1.9099716938918634)	(67.0, 1.6455756214079191)	(68.0, 1.3083735709447033)	(69.0, 1.0808128934894956)	(70.0, 0.9754271425065961)	(71.0, 0.9529358068037193)	(72.0, 0.929209469679813)	(73.0, 1.0328873723500043)	(74.0, 1.256963914813895)	(75.0, 1.082595401837732)	(76.0, 1.1331620217340341)	(77.0, 1.2197054462504984)	(78.0, 0.9420509957906671)	(79.0, 0.7112114984418451)	(80.0, 0.522847339638954)	(81.0, 0.48609282631537293)	(82.0, 0.47489693182095327)	(83.0, 0.5481073183260026)	(84.0, 0.5871358518983807)	(85.0, 0.4790498962972106)	(86.0, 0.44069019220977285)	(87.0, 0.4364345701846641)	(88.0, 0.33854904193753743)	(89.0, 0.262700667510491)	(90.0, 0.19804507674305052)	(91.0, 0.13721270196161778)	(92.0, 0.06455915488821651)	(93.0, 0.018957427354541097)	(94.0, 0.011332771226221401)	(95.0, 0.011006133570785429)	(96.0, 0.010769710124946059)	(97.0, 0.0070958142099947896)	(98.0, 0.0033285932506332415)	(99.0, 0.0013065506217438893)	(100.0, 0.0001617634103111482)
SRR19077123_2	(0.0, 0.5637679501448482)	(1.0, 0.3961129120140374)	(2.0, 0.15615591921657399)	(3.0, 0.06087439412228261)	(4.0, 0.029954955872908976)	(5.0, 0.01865184466743761)	(6.0, 0.013624091375931492)	(7.0, 0.011237775302549565)	(8.0, 0.009371035219069571)	(9.0, 0.0077874173815840435)	(10.0, 0.007547852404204109)	(11.0, 0.0074794052678098435)	(12.0, 0.007065611215971779)	(13.0, 0.0069131607758209125)	(14.0, 0.007062499982499313)	(15.0, 0.007880754385758042)	(16.0, 0.00889812773125464)	(17.0, 0.010195512089273235)	(18.0, 0.01197824886899663)	(19.0, 0.014414344677938024)	(20.0, 0.01877007153939134)	(21.0, 0.02502676205252179)	(22.0, 0.033647990004726895)	(23.0, 0.04607736772723119)	(24.0, 0.05964856813413075)	(25.0, 0.0752358478311887)	(26.0, 0.0975371693618297)	(27.0, 0.12497202612204068)	(28.0, 0.15300735094243773)	(29.0, 0.18392056672486642)	(30.0, 0.2207357924045644)	(31.0, 0.261875632610991)	(32.0, 0.3082330113507442)	(33.0, 0.378795786506288)	(34.0, 0.4542774217818016)	(35.0, 0.5186830658953338)	(36.0, 0.692321005993698)	(37.0, 0.873933037481994)	(38.0, 0.9256075142261929)	(39.0, 0.9422028335683299)	(40.0, 1.0542663520131066)	(41.0, 1.186030200805542)	(42.0, 1.2547449032784403)	(43.0, 1.436017810318238)	(44.0, 2.1258840531021597)	(45.0, 2.468247295645863)	(46.0, 2.63507785690647)	(47.0, 3.3110991107379153)	(48.0, 3.792074026946953)	(49.0, 3.9743798634996095)	(50.0, 3.9273877931314733)	(51.0, 4.204424466453794)	(52.0, 4.021197704793288)	(53.0, 3.262034958877116)	(54.0, 3.384262877076441)	(55.0, 3.3542830313357523)	(56.0, 3.12802479951756)	(57.0, 3.229463455653862)	(58.0, 3.0679126575960316)	(59.0, 3.0849933293598735)	(60.0, 2.941154783460795)	(61.0, 2.9705341611412974)	(62.0, 3.344659986205413)	(63.0, 2.8399868046365966)	(64.0, 1.8337858985396274)	(65.0, 1.5379604862770802)	(66.0, 1.743550794137677)	(67.0, 1.6091175070258652)	(68.0, 1.4794910756290145)	(69.0, 1.5750121657006857)	(70.0, 1.355060404131183)	(71.0, 0.9740898654276406)	(72.0, 0.7719872502896792)	(73.0, 0.6592019256792904)	(74.0, 0.682386837516112)	(75.0, 0.7509148659806625)	(76.0, 0.8541767049318308)	(77.0, 1.0690291548399609)	(78.0, 0.8075797612146978)	(79.0, 0.38803614991951396)	(80.0, 0.38208436028668524)	(81.0, 0.45790823124417007)	(82.0, 0.5858888201340862)	(83.0, 0.594282928042801)	(84.0, 0.425865637711236)	(85.0, 0.39054691533179453)	(86.0, 0.35568243303933317)	(87.0, 0.25910041235355075)	(88.0, 0.2291983474496737)	(89.0, 0.18638466363506)	(90.0, 0.09783273654171404)	(91.0, 0.05736181153186776)	(92.0, 0.03695211995248649)	(93.0, 0.019084306120110476)	(94.0, 0.010133287419823903)	(95.0, 0.006791822670394713)	(96.0, 0.005895787430324315)	(97.0, 0.005130423996097518)	(98.0, 0.004803744481488519)	(99.0, 0.006200688310626047)	(100.0, 0.04186475760551134)
SRR19077124_1	(0.0, 0.5254566388637644)	(1.0, 0.38031020590703635)	(2.0, 0.15668566560845276)	(3.0, 0.054043750742633616)	(4.0, 0.02280162438923153)	(5.0, 0.012863664752699741)	(6.0, 0.0083996050109338)	(7.0, 0.005926912299849918)	(8.0, 0.004410579110610183)	(9.0, 0.0035234298173205452)	(10.0, 0.003155357238189739)	(11.0, 0.0028722244850121945)	(12.0, 0.002548194778597894)	(13.0, 0.0024821304695231343)	(14.0, 0.0027180744305044208)	(15.0, 0.0031207521239124836)	(16.0, 0.003828584006856343)	(17.0, 0.004571021004077458)	(18.0, 0.005643779546672374)	(19.0, 0.008258038634345028)	(20.0, 0.011998536895768358)	(21.0, 0.016956505995855124)	(22.0, 0.024717489352399574)	(23.0, 0.036134031144414096)	(24.0, 0.05016483202410127)	(25.0, 0.06701752267712463)	(26.0, 0.08860482214717247)	(27.0, 0.11515638255626658)	(28.0, 0.1444700602685816)	(29.0, 0.17706493199827641)	(30.0, 0.2131486284310145)	(31.0, 0.2535453804704905)	(32.0, 0.31742956734578365)	(33.0, 0.3993524565179661)	(34.0, 0.483046498357248)	(35.0, 0.5894635165987677)	(36.0, 0.7387185203960499)	(37.0, 0.8610350156882286)	(38.0, 0.9011045921018104)	(39.0, 0.874735495022542)	(40.0, 0.9140311752441053)	(41.0, 0.9829551251259586)	(42.0, 1.0116773699760806)	(43.0, 1.1867257675878369)	(44.0, 1.6695143005477455)	(45.0, 2.649987295204181)	(46.0, 3.2148025326791037)	(47.0, 3.3181554253473466)	(48.0, 4.015904636358606)	(49.0, 4.170186819484529)	(50.0, 3.42351541464367)	(51.0, 3.024933708398243)	(52.0, 3.3359330163274166)	(53.0, 3.6903365753187076)	(54.0, 3.5276453494234112)	(55.0, 3.359052378584103)	(56.0, 3.899823353475292)	(57.0, 3.664392177369205)	(58.0, 3.4715630428578987)	(59.0, 3.703615501442734)	(60.0, 3.027947499259844)	(61.0, 2.7077778360471974)	(62.0, 2.4072953369388297)	(63.0, 1.7804016703699905)	(64.0, 1.4826781426453641)	(65.0, 1.735059532908347)	(66.0, 1.9076352378090193)	(67.0, 1.6398954686458946)	(68.0, 1.3008377048768263)	(69.0, 1.0708615531486265)	(70.0, 0.9673733859427545)	(71.0, 0.9477522861475508)	(72.0, 0.9222955057174098)	(73.0, 1.0224804574695439)	(74.0, 1.249637865343887)	(75.0, 1.0771030573964515)	(76.0, 1.1199001459989772)	(77.0, 1.2060259835961062)	(78.0, 0.9327745635044586)	(79.0, 0.7067968754350217)	(80.0, 0.5228235042592132)	(81.0, 0.4833013178351078)	(82.0, 0.4689968219606823)	(83.0, 0.5423848315843017)	(84.0, 0.5768704009213266)	(85.0, 0.4688489637451341)	(86.0, 0.4324538212839007)	(87.0, 0.4293330691599882)	(88.0, 0.3317875438513649)	(89.0, 0.25751238493445583)	(90.0, 0.19633054289226842)	(91.0, 0.13548846015389399)	(92.0, 0.06462347795303451)	(93.0, 0.01950470077445302)	(94.0, 0.011542378571204538)	(95.0, 0.0109792589843292)	(96.0, 0.010633207841556646)	(97.0, 0.0070751729099588455)	(98.0, 0.0033220909706165144)	(99.0, 0.0012520759529406939)	(100.0, 0.0001698796519065263)
SRR19077124_2	(0.0, 0.5662154645050094)	(1.0, 0.39892653411613993)	(2.0, 0.15713523771550283)	(3.0, 0.059638391983573104)	(4.0, 0.028991671612147444)	(5.0, 0.017925499584806163)	(6.0, 0.012837640566264548)	(7.0, 0.010210329322923643)	(8.0, 0.008696872187538044)	(9.0, 0.008032964795508185)	(10.0, 0.00734388555923075)	(11.0, 0.0066013161539272116)	(12.0, 0.00659187671233437)	(13.0, 0.006978893817640876)	(14.0, 0.007337592598168855)	(15.0, 0.007815857638872829)	(16.0, 0.008718897551254674)	(17.0, 0.010251233569825956)	(18.0, 0.012488381227329412)	(19.0, 0.015395729237924618)	(20.0, 0.019366587667979974)	(21.0, 0.02529141050775354)	(22.0, 0.03387186291564654)	(23.0, 0.04663398794916836)	(24.0, 0.06024880920657686)	(25.0, 0.07589940336750821)	(26.0, 0.09829919826732127)	(27.0, 0.12619274817416815)	(28.0, 0.15391009517128199)	(29.0, 0.18449703241261964)	(30.0, 0.2218709281592104)	(31.0, 0.2641313081703621)	(32.0, 0.310972963834573)	(33.0, 0.3822564802631817)	(34.0, 0.4600437719492583)	(35.0, 0.5255062993956147)	(36.0, 0.6979460184136446)	(37.0, 0.8766346477661356)	(38.0, 0.9282904186426957)	(39.0, 0.950142725930124)	(40.0, 1.0615281367256546)	(41.0, 1.1903985398316588)	(42.0, 1.262729834277073)	(43.0, 1.4428973094791093)	(44.0, 2.1284273157176363)	(45.0, 2.4722652686979525)	(46.0, 2.6431726516974114)	(47.0, 3.3194173938891134)	(48.0, 3.8064831406381456)	(49.0, 3.98767322201274)	(50.0, 3.936055208902552)	(51.0, 4.214930924840933)	(52.0, 4.031132411106183)	(53.0, 3.2737084712160436)	(54.0, 3.3926422888053165)	(55.0, 3.360526162025938)	(56.0, 3.1404235559251203)	(57.0, 3.2405351269782665)	(58.0, 3.0703294091372095)	(59.0, 3.083768027484885)	(60.0, 2.9378059421347755)	(61.0, 2.960665123192107)	(62.0, 3.330521323682826)	(63.0, 2.8364766831161523)	(64.0, 1.8347190905563704)	(65.0, 1.531574570282794)	(66.0, 1.7339624909943796)	(67.0, 1.5996927272972699)	(68.0, 1.46967385879747)	(69.0, 1.5647353285984464)	(70.0, 1.3506267679090826)	(71.0, 0.971000745369773)	(72.0, 0.7685467485670376)	(73.0, 0.6558744272343496)	(74.0, 0.6787052899669025)	(75.0, 0.7458039872893514)	(76.0, 0.8451415241318853)	(77.0, 1.057462883879671)	(78.0, 0.7985673193128049)	(79.0, 0.38342697102069406)	(80.0, 0.37303414582697547)	(81.0, 0.4438393972148802)	(82.0, 0.567197166430665)	(83.0, 0.5770173321677511)	(84.0, 0.41896332213721166)	(85.0, 0.38884206401445415)	(86.0, 0.3546398206430582)	(87.0, 0.25783520062793686)	(88.0, 0.22661582079987877)	(89.0, 0.1837953672542184)	(90.0, 0.09705948493812808)	(91.0, 0.05754912891102417)	(92.0, 0.036845287017391634)	(93.0, 0.020288506463547504)	(94.0, 0.011453189132647784)	(95.0, 0.007246344662771387)	(96.0, 0.006157662399063658)	(97.0, 0.005242036564558025)	(98.0, 0.004675670068987529)	(99.0, 0.005883918592871252)	(100.0, 0.041649962788148004)
SRR19077125_1	(0.0, 0.2565562110144147)	(1.0, 0.1825638263926081)	(2.0, 0.073487508608466)	(3.0, 0.026890422436030067)	(4.0, 0.012117024320174547)	(5.0, 0.007381749293091085)	(6.0, 0.005193953235281792)	(7.0, 0.004009309517704814)	(8.0, 0.0031942482412660573)	(9.0, 0.0028411650162500778)	(10.0, 0.002768568465312213)	(11.0, 0.0028147662704544906)	(12.0, 0.003319642283795097)	(13.0, 0.003841017513257945)	(14.0, 0.004817771107694674)	(15.0, 0.0067019815888547125)	(16.0, 0.009721338139225004)	(17.0, 0.014479712068879606)	(18.0, 0.022132048506375464)	(19.0, 0.033790394618351684)	(20.0, 0.05190323407734898)	(21.0, 0.07762221216869986)	(22.0, 0.11298663200511344)	(23.0, 0.16009189403411445)	(24.0, 0.2143314171143729)	(25.0, 0.27805138977847166)	(26.0, 0.35775580302179844)	(27.0, 0.44546563592763705)	(28.0, 0.5373431708259541)	(29.0, 0.6325403480080661)	(30.0, 0.725638824899429)	(31.0, 0.8240401498524804)	(32.0, 0.9454380822367129)	(33.0, 1.0933073569674705)	(34.0, 1.2220243416235295)	(35.0, 1.3611721307120699)	(36.0, 1.5639276977950776)	(37.0, 1.7818295452783037)	(38.0, 1.8705887283295168)	(39.0, 1.7876933666881485)	(40.0, 1.761726900354964)	(41.0, 1.8047040585101801)	(42.0, 1.8598345392610398)	(43.0, 2.0193093626121823)	(44.0, 2.3539497638467197)	(45.0, 3.321384601017606)	(46.0, 3.6485805559377873)	(47.0, 3.2804500458183234)	(48.0, 3.6792261999632396)	(49.0, 3.7144322273248798)	(50.0, 3.130887951513424)	(51.0, 2.853889211723551)	(52.0, 3.1053438651129683)	(53.0, 3.4629643745625645)	(54.0, 3.3327690601419526)	(55.0, 2.9888725986628373)	(56.0, 3.0934875284075254)	(57.0, 2.841297009979056)	(58.0, 2.8292030845614526)	(59.0, 2.9409588750438465)	(60.0, 2.322654050706051)	(61.0, 2.08671526015799)	(62.0, 1.8474997252880514)	(63.0, 1.3682469945852873)	(64.0, 1.1393731683807702)	(65.0, 1.3312623517256694)	(66.0, 1.4762442636350346)	(67.0, 1.2164014087690693)	(68.0, 0.9103310501718063)	(69.0, 0.7500213664848783)	(70.0, 0.6823811800701349)	(71.0, 0.6687231289641429)	(72.0, 0.6539662300644097)	(73.0, 0.778284523702279)	(74.0, 0.9003853226933188)	(75.0, 0.708654531823193)	(76.0, 0.6876543295428034)	(77.0, 0.7383267220974331)	(78.0, 0.6032542393910865)	(79.0, 0.461397279015274)	(80.0, 0.38682412198596444)	(81.0, 0.40057456870224095)	(82.0, 0.3654081394592943)	(83.0, 0.37239390756545154)	(84.0, 0.385989261650179)	(85.0, 0.3715392481703194)	(86.0, 0.3806864135884904)	(87.0, 0.3270738607208772)	(88.0, 0.24552813495830814)	(89.0, 0.2294446990823466)	(90.0, 0.18981358195672124)	(91.0, 0.1370820872300357)	(92.0, 0.07464905342347185)	(93.0, 0.018941100108333855)	(94.0, 0.010740989695579564)	(95.0, 0.009932528105589703)	(96.0, 0.008704986426094897)	(97.0, 0.004893667501856987)	(98.0, 0.0015740252180618899)	(99.0, 0.0005015761701161578)	(100.0, 0.00028048667407811455)
SRR19077125_2	(0.0, 0.2708429762345439)	(1.0, 0.19707333780810163)	(2.0, 0.08474529834088293)	(3.0, 0.03451143591142177)	(4.0, 0.01918842438575751)	(5.0, 0.013662633499509776)	(6.0, 0.010582846822765968)	(7.0, 0.008929070697311896)	(8.0, 0.008358006286725962)	(9.0, 0.008130240712561628)	(10.0, 0.007994901748203111)	(11.0, 0.008358006286725962)	(12.0, 0.008948876399413143)	(13.0, 0.00953314461139991)	(14.0, 0.011213328339655644)	(15.0, 0.013982825683479925)	(16.0, 0.017234261778434536)	(17.0, 0.02288548877799016)	(18.0, 0.03171223001444562)	(19.0, 0.04411390048017604)	(20.0, 0.06330892676663397)	(21.0, 0.0900301198515655)	(22.0, 0.12447553675598312)	(23.0, 0.17089680153095438)	(24.0, 0.22771275895872972)	(25.0, 0.2919195442206202)	(26.0, 0.3677687813676933)	(27.0, 0.45443853376274734)	(28.0, 0.5450991351312026)	(29.0, 0.6389946678428613)	(30.0, 0.7401522913249771)	(31.0, 0.842329908465307)	(32.0, 0.9476434284383342)	(33.0, 1.0835633600584875)	(34.0, 1.2127196444110653)	(35.0, 1.309206423147637)	(36.0, 1.590711469013352)	(37.0, 1.7791693264074113)	(38.0, 1.8231709945756804)	(39.0, 1.9246719168942175)	(40.0, 2.0311209637877163)	(41.0, 2.1206856496399027)	(42.0, 2.1331236305594854)	(43.0, 2.2228863734326842)	(44.0, 2.7272847907458253)	(45.0, 2.875272996846338)	(46.0, 2.8382891491226103)	(47.0, 3.3921225988804626)	(48.0, 3.557572832333575)	(49.0, 3.496095933011306)	(50.0, 3.557407784816064)	(51.0, 3.567066365540772)	(52.0, 3.2338090200845)	(53.0, 2.7047029894000545)	(54.0, 2.778990877031479)	(55.0, 2.8192624713040133)	(56.0, 2.6445959844731215)	(57.0, 2.5413191508661725)	(58.0, 2.436781354225444)	(59.0, 2.4348602011216234)	(60.0, 2.285799186157293)	(61.0, 2.3535478911449563)	(62.0, 2.5152845554540844)	(63.0, 2.0630312508231747)	(64.0, 1.3928161945680484)	(65.0, 1.2507829028993105)	(66.0, 1.4346128279023789)	(67.0, 1.2395431669568533)	(68.0, 0.9977188452509854)	(69.0, 1.1167478139291258)	(70.0, 1.0654609483379485)	(71.0, 0.7661340715314621)	(72.0, 0.5555103325357578)	(73.0, 0.5243691669318981)	(74.0, 0.5069995661891049)	(75.0, 0.49507653352415465)	(76.0, 0.6356970184430039)	(77.0, 0.8258053510121672)	(78.0, 0.6639795610435836)	(79.0, 0.34484698213585085)	(80.0, 0.3251502113961614)	(81.0, 0.39633190474804075)	(82.0, 0.43327284011721545)	(83.0, 0.43280740611783614)	(84.0, 0.3694456641455989)	(85.0, 0.32348983337000686)	(86.0, 0.31308853881650234)	(87.0, 0.2597880935116982)	(88.0, 0.27146355490038293)	(89.0, 0.2747513014491898)	(90.0, 0.15563320711159384)	(91.0, 0.0834480248532513)	(92.0, 0.04847115494245024)	(93.0, 0.023321214224217582)	(94.0, 0.010731389588525316)	(95.0, 0.006483066487807973)	(96.0, 0.005274918659631945)	(97.0, 0.004575117185387908)	(98.0, 0.004538806731535622)	(99.0, 0.006347727523449457)	(100.0, 0.04458593638025575)
SRR19077126_1	(0.0, 0.2640379663654346)	(1.0, 0.18758033031057667)	(2.0, 0.07379980395990338)	(3.0, 0.025495870534933674)	(4.0, 0.01131077417852838)	(5.0, 0.006734506887215661)	(6.0, 0.004826063540838523)	(7.0, 0.00391014395924391)	(8.0, 0.003170747060647532)	(9.0, 0.0027943873780286546)	(10.0, 0.0027744036780665902)	(11.0, 0.002821032311311407)	(12.0, 0.002967579444366545)	(13.0, 0.003617049693133634)	(14.0, 0.004862700324102307)	(15.0, 0.0067811355204604774)	(16.0, 0.009908584564523537)	(17.0, 0.0145714478890052)	(18.0, 0.022425041974096463)	(19.0, 0.03392233068560411)	(20.0, 0.051844378934915426)	(21.0, 0.07770661730248693)	(22.0, 0.1134541259179596)	(23.0, 0.16114522587742597)	(24.0, 0.21721948797097834)	(25.0, 0.2835653718450318)	(26.0, 0.3621712556458116)	(27.0, 0.44887386854788774)	(28.0, 0.5422843434038969)	(29.0, 0.6362143944589197)	(30.0, 0.7274999358856292)	(31.0, 0.8284109594607332)	(32.0, 0.9546946207543381)	(33.0, 1.1009519901600262)	(34.0, 1.2280916199353393)	(35.0, 1.3703955473651992)	(36.0, 1.5754516232926012)	(37.0, 1.795075816492348)	(38.0, 1.8834104315579925)	(39.0, 1.7996587450169812)	(40.0, 1.7710287642046636)	(41.0, 1.8151227981709583)	(42.0, 1.8714901545306213)	(43.0, 2.035140004136626)	(44.0, 2.3707928899327784)	(45.0, 3.3302935905279925)	(46.0, 3.6536631620807962)	(47.0, 3.285526771996308)	(48.0, 3.6894939361127777)	(49.0, 3.725121542528478)	(50.0, 3.137883866059917)	(51.0, 2.8571495183761777)	(52.0, 3.1005776288474034)	(53.0, 3.4573399630368167)	(54.0, 3.32339255280776)	(55.0, 2.9781641441131184)	(56.0, 3.087977906021322)	(57.0, 2.838521379394874)	(58.0, 2.830334723643748)	(59.0, 2.9404315879680807)	(60.0, 2.319947695995966)	(61.0, 2.0841400364436073)	(62.0, 1.8440358813994053)	(63.0, 1.359524414585836)	(64.0, 1.135044182295308)	(65.0, 1.3291558518768192)	(66.0, 1.4659942373670543)	(67.0, 1.2051769773121723)	(68.0, 0.9029734746358554)	(69.0, 0.7468041900489834)	(70.0, 0.6787896672280976)	(71.0, 0.6629259400748789)	(72.0, 0.6479981162032169)	(73.0, 0.7704415764874452)	(74.0, 0.8930482369880302)	(75.0, 0.7020840001505438)	(76.0, 0.6771943018477928)	(77.0, 0.7285457495169773)	(78.0, 0.5941120692555105)	(79.0, 0.4542095164377589)	(80.0, 0.3817785959252569)	(81.0, 0.39403193461866276)	(82.0, 0.360239497982812)	(83.0, 0.3667175473871812)	(84.0, 0.37983018517895567)	(85.0, 0.3644493974414869)	(86.0, 0.3712038880286646)	(87.0, 0.3199623507092715)	(88.0, 0.238455499797332)	(89.0, 0.2222387272781168)	(90.0, 0.18769690189368873)	(91.0, 0.1356260410258699)	(92.0, 0.07342344427728449)	(93.0, 0.01943414821310751)	(94.0, 0.01080785106281643)	(95.0, 0.009665449548318421)	(96.0, 0.008609644066989358)	(97.0, 0.005192431373476368)	(98.0, 0.0017019451134358075)	(99.0, 0.0005662048322584878)	(100.0, 0.00034305351601543677)
SRR19077126_2	(0.0, 0.2766562785625801)	(1.0, 0.20023562894807678)	(2.0, 0.08570627330006035)	(3.0, 0.03514676866126328)	(4.0, 0.01890442367845368)	(5.0, 0.013067174773862412)	(6.0, 0.01003193861399789)	(7.0, 0.008992428535098075)	(8.0, 0.008552635809409691)	(9.0, 0.008272767711244357)	(10.0, 0.008312748868125119)	(11.0, 0.008369388840372867)	(12.0, 0.008952447378217312)	(13.0, 0.009638790571337062)	(14.0, 0.011144747480512434)	(15.0, 0.013793499123862922)	(16.0, 0.017091944566525796)	(17.0, 0.022466078403914902)	(18.0, 0.03159177746194885)	(19.0, 0.0441958371686091)	(20.0, 0.06281372922275065)	(21.0, 0.08940453031153084)	(22.0, 0.12606058764504288)	(23.0, 0.17465768383360922)	(24.0, 0.23055134115291462)	(25.0, 0.2938615030736014)	(26.0, 0.3719980106709041)	(27.0, 0.46157912442532495)	(28.0, 0.5500474293132314)	(29.0, 0.6413444010504515)	(30.0, 0.7419136694209352)	(31.0, 0.8457380703141276)	(32.0, 0.9586748432130603)	(33.0, 1.0971562435957267)	(34.0, 1.2219141118790715)	(35.0, 1.314910282783724)	(36.0, 1.602841247586679)	(37.0, 1.7925151875920877)	(38.0, 1.8309570699329407)	(39.0, 1.9328723705850765)	(40.0, 2.0404250143573996)	(41.0, 2.1318052801714553)	(42.0, 2.1447625067638953)	(43.0, 2.23437693814905)	(44.0, 2.739515532995966)	(45.0, 2.89188372186855)	(46.0, 2.8522657271627883)	(47.0, 3.3973888106535393)	(48.0, 3.559095931420855)	(49.0, 3.4987177210047573)	(50.0, 3.5608750929020485)	(51.0, 3.572456301345176)	(52.0, 3.244077732831183)	(53.0, 2.7102493261592477)	(54.0, 2.783434833829483)	(55.0, 2.8262346622703385)	(56.0, 2.6437539987403937)	(57.0, 2.544967223614177)	(58.0, 2.4398401033592867)	(59.0, 2.4297648518253347)	(60.0, 2.275437586265593)	(61.0, 2.3399338558404095)	(62.0, 2.5005481583196505)	(63.0, 2.0550514542496123)	(64.0, 1.3916341228379063)	(65.0, 1.2416148269320668)	(66.0, 1.4219664938581114)	(67.0, 1.2277980054666902)	(68.0, 0.9858220487350978)	(69.0, 1.1087741014326615)	(70.0, 1.0597871889645076)	(71.0, 0.7593621126363145)	(72.0, 0.5505405302480941)	(73.0, 0.5194618442994484)	(74.0, 0.5031695228705377)	(75.0, 0.4904821690870426)	(76.0, 0.6264680789277346)	(77.0, 0.811250990741397)	(78.0, 0.652036028752982)	(79.0, 0.340286289738313)	(80.0, 0.317483703263985)	(81.0, 0.3834192944865085)	(82.0, 0.41936901804846044)	(83.0, 0.42004203418928665)	(84.0, 0.36293561511126476)	(85.0, 0.32185830817935507)	(86.0, 0.3105869537020535)	(87.0, 0.2557661240923819)	(88.0, 0.2640122376990391)	(89.0, 0.26496512193803057)	(90.0, 0.1497860724907018)	(91.0, 0.08182476931955303)	(92.0, 0.048930272495906015)	(93.0, 0.024428486854145642)	(94.0, 0.011647843704595357)	(95.0, 0.0071133141617022565)	(96.0, 0.005387460889682692)	(97.0, 0.004787743536471261)	(98.0, 0.004647809487388594)	(99.0, 0.006150434633490569)	(100.0, 0.04460564402663691)
SRR19077127_1	(0.0, 0.183291960664729)	(1.0, 0.1241528283604298)	(2.0, 0.04468081061040234)	(3.0, 0.01798584574879028)	(4.0, 0.0092767266359685)	(5.0, 0.005881528261317867)	(6.0, 0.004304066862634034)	(7.0, 0.003443949941055874)	(8.0, 0.0029529520222602436)	(9.0, 0.002604726547937102)	(10.0, 0.0024863298866672334)	(11.0, 0.002622137821653259)	(12.0, 0.003029561626611335)	(13.0, 0.0036215449329606766)	(14.0, 0.004425945778647134)	(15.0, 0.006045194234249745)	(16.0, 0.008677778820132697)	(17.0, 0.012985327937509963)	(18.0, 0.01952500234529857)	(19.0, 0.02957827178900768)	(20.0, 0.04477134923372636)	(21.0, 0.06686973783427295)	(22.0, 0.09854780923344918)	(23.0, 0.14041844026606376)	(24.0, 0.19017637829209752)	(25.0, 0.24720526422199848)	(26.0, 0.3141028600942173)	(27.0, 0.3873625353823199)	(28.0, 0.4657480896524591)	(29.0, 0.5479223370832341)	(30.0, 0.6288360082969594)	(31.0, 0.710958021906586)	(32.0, 0.7903847703449515)	(33.0, 0.920433055985672)	(34.0, 1.0873619016119567)	(35.0, 1.3214042429045403)	(36.0, 1.5593606385285161)	(37.0, 1.7479908957146189)	(38.0, 1.849714521273895)	(39.0, 1.7529043571573186)	(40.0, 1.7092368826771964)	(41.0, 1.7668055180922984)	(42.0, 1.8776004172576923)	(43.0, 2.0579011210979856)	(44.0, 2.439733835948054)	(45.0, 3.6849498273254335)	(46.0, 4.001695718769764)	(47.0, 3.2788423146602996)	(48.0, 3.5606263684825863)	(49.0, 3.7242122495553684)	(50.0, 3.186942129731679)	(51.0, 2.8557100585555064)	(52.0, 3.1264727761154654)	(53.0, 3.4345443709944057)	(54.0, 3.18256841777418)	(55.0, 2.868949591089272)	(56.0, 3.0317415180805978)	(57.0, 2.7987612644846998)	(58.0, 2.7922981996812624)	(59.0, 2.9528858594201224)	(60.0, 2.4445672055316594)	(61.0, 2.1871902752046815)	(62.0, 1.9154943133735367)	(63.0, 1.4619933136530225)	(64.0, 1.2710926263743327)	(65.0, 1.4425832257142506)	(66.0, 1.5288700159967819)	(67.0, 1.226136717639215)	(68.0, 0.9007095651200093)	(69.0, 0.7338538468433327)	(70.0, 0.6689933699959042)	(71.0, 0.6837442010882324)	(72.0, 0.6859380215764683)	(73.0, 0.7966772046659706)	(74.0, 0.9220348931675585)	(75.0, 0.7422843855766958)	(76.0, 0.6678302969116648)	(77.0, 0.7357760514615963)	(78.0, 0.6619626976693199)	(79.0, 0.49976275398434367)	(80.0, 0.4012393205340971)	(81.0, 0.41385552946882453)	(82.0, 0.37803009267045967)	(83.0, 0.38741476920346835)	(84.0, 0.39376640185512246)	(85.0, 0.3750736583934562)	(86.0, 0.4032450992661984)	(87.0, 0.34009092724295337)	(88.0, 0.24696150638997227)	(89.0, 0.23994476308236098)	(90.0, 0.21283540990630437)	(91.0, 0.15842866179805667)	(92.0, 0.09113408888510947)	(93.0, 0.03142386680292033)	(94.0, 0.015022446962300345)	(95.0, 0.012901753823672408)	(96.0, 0.012020743373634861)	(97.0, 0.00792212954085148)	(98.0, 0.003179298580570286)	(99.0, 0.00110387475360436)	(100.0, 0.0003865302764986876)
SRR19077127_2	(0.0, 0.19017292637743777)	(1.0, 0.13832215084708818)	(2.0, 0.061305425139955114)	(3.0, 0.02789365490939997)	(4.0, 0.016885293536388363)	(5.0, 0.012265962150118307)	(6.0, 0.01013047939010055)	(7.0, 0.008963453738214826)	(8.0, 0.008137826635238956)	(9.0, 0.008092539072628465)	(10.0, 0.00784519930760194)	(11.0, 0.008113441024602538)	(12.0, 0.008604636895993245)	(13.0, 0.009395427412345662)	(14.0, 0.01061819160282891)	(15.0, 0.012732772410872596)	(16.0, 0.016557829622127894)	(17.0, 0.021671840538451004)	(18.0, 0.0294752359421048)	(19.0, 0.04117684538892315)	(20.0, 0.06000253680023793)	(21.0, 0.08510229746243685)	(22.0, 0.11604067004272672)	(23.0, 0.15875729256040655)	(24.0, 0.2073160106548397)	(25.0, 0.2628559807086131)	(26.0, 0.33243509517163866)	(27.0, 0.40632349539998547)	(28.0, 0.48220803204185625)	(29.0, 0.5622311551745935)	(30.0, 0.6467830345683797)	(31.0, 0.7354073109384478)	(32.0, 0.8207395298725995)	(33.0, 0.9152790586513301)	(34.0, 1.0526013994623251)	(35.0, 1.2516681064047308)	(36.0, 1.6091925112625816)	(37.0, 1.7521339934959395)	(38.0, 1.7638704395293814)	(39.0, 1.8360797162824776)	(40.0, 2.0276670080768278)	(41.0, 2.2768461448770725)	(42.0, 2.2809568620986402)	(43.0, 2.3240183668238923)	(44.0, 2.9646213909252714)	(45.0, 3.1154916802741277)	(46.0, 2.9291368437906207)	(47.0, 3.5048845945751146)	(48.0, 3.61655675665526)	(49.0, 3.6019950634466555)	(50.0, 3.7773763751437746)	(51.0, 3.8363372980039716)	(52.0, 3.435228839621517)	(53.0, 2.7502579387965067)	(54.0, 2.7486519721531657)	(55.0, 2.6367046010386948)	(56.0, 2.319998224727546)	(57.0, 2.325850771280286)	(58.0, 2.3908802275302885)	(59.0, 2.4476290271398957)	(60.0, 2.3021967289629606)	(61.0, 2.3100837321745105)	(62.0, 2.4103573631114616)	(63.0, 2.000686071736962)	(64.0, 1.396696300176834)	(65.0, 1.2267738816036104)	(66.0, 1.427192248107006)	(67.0, 1.2696298504677839)	(68.0, 1.0331695514437622)	(69.0, 1.1119141718474188)	(70.0, 1.03812679772028)	(71.0, 0.7643390961292267)	(72.0, 0.5495018664223832)	(73.0, 0.49288892950060736)	(74.0, 0.5188073499484575)	(75.0, 0.5660980162897968)	(76.0, 0.6880852916691473)	(77.0, 0.8971710009244585)	(78.0, 0.734421435537004)	(79.0, 0.3630669057896421)	(80.0, 0.3156055401738478)	(81.0, 0.39116261290145815)	(82.0, 0.4481552686174296)	(83.0, 0.43713645626843095)	(84.0, 0.3554690462470667)	(85.0, 0.32352737997202136)	(86.0, 0.3192389961586741)	(87.0, 0.26145554992635023)	(88.0, 0.2690812787382244)	(89.0, 0.27658856315557884)	(90.0, 0.1726675415991519)	(91.0, 0.106624340678407)	(92.0, 0.07267608701385064)	(93.0, 0.03510831199911738)	(94.0, 0.015965607649529166)	(95.0, 0.00926653204183888)	(96.0, 0.006772232439599542)	(97.0, 0.005640043374337273)	(98.0, 0.005354383364024946)	(99.0, 0.006890676834119287)	(100.0, 0.047928175876548615)
SRR19077128_1	(0.0, 0.18544468773175082)	(1.0, 0.1254190776970975)	(2.0, 0.04461591376064744)	(3.0, 0.017456103939193866)	(4.0, 0.008872462837536189)	(5.0, 0.005762345852405401)	(6.0, 0.004187915170238399)	(7.0, 0.003261572285652446)	(8.0, 0.0028107286003786736)	(9.0, 0.002581784541450586)	(10.0, 0.0025359957296649683)	(11.0, 0.0026205289206538006)	(12.0, 0.00295866168460913)	(13.0, 0.0035046052097453383)	(14.0, 0.004279492793809634)	(15.0, 0.005977201046168683)	(16.0, 0.00880201851171216)	(17.0, 0.012968800384203352)	(18.0, 0.019417978413393017)	(19.0, 0.03004098274765627)	(20.0, 0.046067066872622395)	(21.0, 0.06916223909402962)	(22.0, 0.09992527618138217)	(23.0, 0.14022647498530796)	(24.0, 0.19240106490687348)	(25.0, 0.2525323414302629)	(26.0, 0.318309730668448)	(27.0, 0.39105054151433816)	(28.0, 0.4723432935152652)	(29.0, 0.5543228776929765)	(30.0, 0.6332170003995954)	(31.0, 0.7177959802002133)	(32.0, 0.7985322220271306)	(33.0, 0.9284667810095482)	(34.0, 1.0941342242662033)	(35.0, 1.3266709438113164)	(36.0, 1.5721905526057973)	(37.0, 1.7642710958301715)	(38.0, 1.859356846827443)	(39.0, 1.7618301999403687)	(40.0, 1.7169782976882109)	(41.0, 1.775126566439654)	(42.0, 1.8898557176929554)	(43.0, 2.0659982321996435)	(44.0, 2.4487011211038343)	(45.0, 3.700845490409622)	(46.0, 4.009349370923365)	(47.0, 3.2808141532512782)	(48.0, 3.563362821915159)	(49.0, 3.7297981083232963)	(50.0, 3.1962140401529138)	(51.0, 2.8616985923286484)	(52.0, 3.128672020552836)	(53.0, 3.4267783185749536)	(54.0, 3.174707387478838)	(55.0, 2.870289277862888)	(56.0, 3.0302577751603796)	(57.0, 2.792476475557668)	(58.0, 2.7910922445552258)	(59.0, 2.9556220119498233)	(60.0, 2.441741221712421)	(61.0, 2.180730905669236)	(62.0, 1.9058818018179213)	(63.0, 1.4557953930467575)	(64.0, 1.2729571453704958)	(65.0, 1.44404527949931)	(66.0, 1.5217136709365908)	(67.0, 1.2135479231868027)	(68.0, 0.8962032797821439)	(69.0, 0.7280280185261533)	(70.0, 0.6567876718203148)	(71.0, 0.6733596994704172)	(72.0, 0.6789600233734273)	(73.0, 0.7870216191874845)	(74.0, 0.9162940015071563)	(75.0, 0.7412257629692847)	(76.0, 0.6629374614647524)	(77.0, 0.7285598731861247)	(78.0, 0.6542481538743586)	(79.0, 0.49570263195851255)	(80.0, 0.39636556589776095)	(81.0, 0.40755212483861647)	(82.0, 0.37247437279454226)	(83.0, 0.379712527272961)	(84.0, 0.38396032012014986)	(85.0, 0.36694097100106493)	(86.0, 0.39492145721836847)	(87.0, 0.33156735278852983)	(88.0, 0.24059907263567268)	(89.0, 0.2346289160220864)	(90.0, 0.21002623522804503)	(91.0, 0.15537552725376494)	(92.0, 0.08951360482459099)	(93.0, 0.03205216824993224)	(94.0, 0.015406174057714685)	(95.0, 0.013296366499285079)	(96.0, 0.01191213549684295)	(97.0, 0.007770009138390167)	(98.0, 0.003472905263124526)	(99.0, 0.001275042297414887)	(100.0, 0.00047197698302098024)
SRR19077128_2	(0.0, 0.1924422851964646)	(1.0, 0.13933884151336956)	(2.0, 0.06099267534698261)	(3.0, 0.02777263241391779)	(4.0, 0.01667696894380524)	(5.0, 0.012265482546669352)	(6.0, 0.009911750187814101)	(7.0, 0.00843538213637645)	(8.0, 0.00791742007537088)	(9.0, 0.007913896523935468)	(10.0, 0.008012555964127005)	(11.0, 0.007889231663887584)	(12.0, 0.008213398395945492)	(13.0, 0.009291605135181579)	(14.0, 0.01068340795216934)	(15.0, 0.012575555072985611)	(16.0, 0.016190718845718377)	(17.0, 0.02181430693663601)	(18.0, 0.030330730756026936)	(19.0, 0.042092345447432365)	(20.0, 0.06045004842592915)	(21.0, 0.08521709146544046)	(22.0, 0.1178310835516144)	(23.0, 0.16213621930048555)	(24.0, 0.20996843003620413)	(25.0, 0.2647244193425074)	(26.0, 0.3341278119658186)	(27.0, 0.40981369679846946)	(28.0, 0.4881281510019377)	(29.0, 0.5681127685857912)	(30.0, 0.6533721426684567)	(31.0, 0.7443079581135709)	(32.0, 0.8280028753589134)	(33.0, 0.9214333652202993)	(34.0, 1.0586721700781632)	(35.0, 1.2603919662040677)	(36.0, 1.620135997105332)	(37.0, 1.7599117589966926)	(38.0, 1.7731885008053252)	(39.0, 1.8494064419047236)	(40.0, 2.041239152702862)	(41.0, 2.29233095154176)	(42.0, 2.2989270398288513)	(43.0, 2.3358291940119216)	(44.0, 2.972038117638486)	(45.0, 3.1282195350131254)	(46.0, 2.9420526949231296)	(47.0, 3.5203555742601327)	(48.0, 3.635850543210069)	(49.0, 3.6112385364337154)	(50.0, 3.7725467211468793)	(51.0, 3.8332081826589337)	(52.0, 3.4429924789442254)	(53.0, 2.7538210536919827)	(54.0, 2.745769738662066)	(55.0, 2.633956880962135)	(56.0, 2.314212205955669)	(57.0, 2.322407986594437)	(58.0, 2.3935590607297126)	(59.0, 2.44676821095587)	(60.0, 2.292179438830037)	(61.0, 2.297986251595596)	(62.0, 2.398615357039529)	(63.0, 1.9898974847374726)	(64.0, 1.3917957698848895)	(65.0, 1.2222354277099907)	(66.0, 1.4167389904961714)	(67.0, 1.2595956435796647)	(68.0, 1.0227566102970083)	(69.0, 1.1016594975901903)	(70.0, 1.0285493288568255)	(71.0, 0.7556749350442102)	(72.0, 0.5469467951132712)	(73.0, 0.49133105925672726)	(74.0, 0.5123596142232665)	(75.0, 0.5582750129781209)	(76.0, 0.681764920135007)	(77.0, 0.8847144357118704)	(78.0, 0.7245091225979906)	(79.0, 0.36031132268236554)	(80.0, 0.3068837122672126)	(81.0, 0.3777810906991385)	(82.0, 0.4333827323499406)	(83.0, 0.42508476871954526)	(84.0, 0.3508752519383321)	(85.0, 0.32105543614043985)	(86.0, 0.3174614136763196)	(87.0, 0.2596505052755141)	(88.0, 0.26421702793580804)	(89.0, 0.2699392754669172)	(90.0, 0.16789722589738426)	(91.0, 0.10320482154321899)	(92.0, 0.07169370105632901)	(93.0, 0.03683520670579758)	(94.0, 0.017466244465337538)	(95.0, 0.010394476734465552)	(96.0, 0.0074769761459443735)	(97.0, 0.0058526189342194175)	(98.0, 0.005373415939003378)	(99.0, 0.0066630357643641894)	(100.0, 0.045496096134040404)
SRR19077129_1	(0.0, 0.24312025356531416)	(1.0, 0.2038065831724748)	(2.0, 0.12888529298241339)	(3.0, 0.07327309802285893)	(4.0, 0.04309951063816941)	(5.0, 0.027266624176494895)	(6.0, 0.018100341581872202)	(7.0, 0.012307851190778945)	(8.0, 0.008676826683697668)	(9.0, 0.006602295791163859)	(10.0, 0.005347097421054423)	(11.0, 0.004442020797446102)	(12.0, 0.0039561375574037405)	(13.0, 0.0038477665406295865)	(14.0, 0.003887065920338895)	(15.0, 0.0041431073335965116)	(16.0, 0.004681389746584619)	(17.0, 0.005792490391093255)	(18.0, 0.007578825832425467)	(19.0, 0.010432198977380123)	(20.0, 0.014697968011281447)	(21.0, 0.02022250808617487)	(22.0, 0.02756791942093293)	(23.0, 0.03673420201555563)	(24.0, 0.04824177492861774)	(25.0, 0.06252293133692167)	(26.0, 0.07677193370728162)	(27.0, 0.09155683671004124)	(28.0, 0.10577130326186876)	(29.0, 0.1193760339830549)	(30.0, 0.13344402102869318)	(31.0, 0.14898513936828342)	(32.0, 0.1906853539107426)	(33.0, 0.269983165932068)	(34.0, 0.3622390552448172)	(35.0, 0.4871253386192349)	(36.0, 0.6523137313306957)	(37.0, 0.705559627275632)	(38.0, 0.6805949940378673)	(39.0, 0.6343122336432439)	(40.0, 0.5866801945452675)	(41.0, 0.7279412194652305)	(42.0, 0.7282115515620188)	(43.0, 0.6217995493218588)	(44.0, 0.8790223257513438)	(45.0, 2.0385183700365523)	(46.0, 2.5208634750147825)	(47.0, 2.2609790587777123)	(48.0, 3.1774191575734947)	(49.0, 3.676084223143736)	(50.0, 3.2911741893678244)	(51.0, 2.779857105311774)	(52.0, 2.610626830941726)	(53.0, 2.8248120230283407)	(54.0, 3.052794870063806)	(55.0, 3.573549759701561)	(56.0, 5.672399822933667)	(57.0, 5.605992207456995)	(58.0, 6.254328365204992)	(59.0, 7.280955588473616)	(60.0, 4.6535324408221905)	(61.0, 3.120083744358202)	(62.0, 2.311364436235929)	(63.0, 1.4879340603091378)	(64.0, 1.3270138184121667)	(65.0, 1.696243399684064)	(66.0, 1.727489979223847)	(67.0, 1.3748995171428122)	(68.0, 1.0234487370733474)	(69.0, 0.809998324298267)	(70.0, 0.7525402493826693)	(71.0, 0.7830615767332714)	(72.0, 0.7276732691490306)	(73.0, 0.9541806031099551)	(74.0, 1.1293486564869921)	(75.0, 0.825317937043132)	(76.0, 0.9018671742653942)	(77.0, 1.0495649612256244)	(78.0, 0.7699903648638966)	(79.0, 0.49483992594520154)	(80.0, 0.4047395480649932)	(81.0, 0.48853058916641623)	(82.0, 0.5411274499010019)	(83.0, 0.5875459717891666)	(84.0, 0.7214199042140736)	(85.0, 0.7420508876711666)	(86.0, 0.6643595866567459)	(87.0, 0.594840174841273)	(88.0, 0.4467624938771864)	(89.0, 0.32733763339206845)	(90.0, 0.2632093819385362)	(91.0, 0.23307509393355602)	(92.0, 0.14831347724234253)	(93.0, 0.04319120919082446)	(94.0, 0.008438648624853374)	(95.0, 0.005890143395219417)	(96.0, 0.0042336149959573445)	(97.0, 0.001576738749549233)	(98.0, 0.0006395080879969321)	(99.0, 0.0002536596326691742)	(100.0, 0.00010837101677415425)
SRR19077129_2	(0.0, 0.29528761156183003)	(1.0, 0.20490288446110724)	(2.0, 0.09274871604583783)	(3.0, 0.058941170662823276)	(4.0, 0.04068969776836463)	(5.0, 0.030386139295026548)	(6.0, 0.024128661749434555)	(7.0, 0.020048009122541545)	(8.0, 0.016986625556704195)	(9.0, 0.015386790375491687)	(10.0, 0.014439048967843444)	(11.0, 0.013194467798554427)	(12.0, 0.012207386181532106)	(13.0, 0.011830673873586389)	(14.0, 0.011781796643757989)	(15.0, 0.012107247466761726)	(16.0, 0.012880938251118594)	(17.0, 0.013878749016152029)	(18.0, 0.01569435928514357)	(19.0, 0.018615071799279674)	(20.0, 0.022386963388964006)	(21.0, 0.02746065827066329)	(22.0, 0.0344727525597035)	(23.0, 0.04327661456659946)	(24.0, 0.054696004433093214)	(25.0, 0.06847938324470203)	(26.0, 0.08297923071794178)	(27.0, 0.09791301262185316)	(28.0, 0.11267870454025715)	(29.0, 0.12773527558251793)	(30.0, 0.1443320754281517)	(31.0, 0.16171448733371027)	(32.0, 0.19650434582352)	(33.0, 0.302699068582395)	(34.0, 0.4140306689834792)	(35.0, 0.4860685529852001)	(36.0, 0.6563210578806421)	(37.0, 0.7424928061956682)	(38.0, 0.7487073671492156)	(39.0, 0.7648904987326433)	(40.0, 0.6734996159739894)	(41.0, 0.6426211279980085)	(42.0, 0.6590248031794423)	(43.0, 0.7888045775218556)	(44.0, 1.5299967725530657)	(45.0, 1.7933222521897922)	(46.0, 1.7466588032343517)	(47.0, 2.505910538623377)	(48.0, 4.045240477818553)	(49.0, 5.059861433530288)	(50.0, 4.645228740130629)	(51.0, 4.750552017645491)	(52.0, 4.297890455184223)	(53.0, 2.869685878322807)	(54.0, 2.5990240457015927)	(55.0, 2.999886473692767)	(56.0, 3.407317524521855)	(57.0, 3.447986956121754)	(58.0, 3.288306238399928)	(59.0, 3.083573828179442)	(60.0, 2.677562601270491)	(61.0, 3.1641747644215874)	(62.0, 4.8459556017603)	(63.0, 4.007438112992735)	(64.0, 1.6518107505610062)	(65.0, 1.3129294185024705)	(66.0, 1.4884833146429588)	(67.0, 1.5967904874324663)	(68.0, 1.9771459371917346)	(69.0, 1.7144570536703336)	(70.0, 1.3318425221909478)	(71.0, 1.3844964121192593)	(72.0, 1.0781744678917788)	(73.0, 0.855445700073987)	(74.0, 0.7659932167226743)	(75.0, 0.7733379146000589)	(76.0, 1.078149433213086)	(77.0, 1.3145662096379436)	(78.0, 0.9968320283093101)	(79.0, 0.656394969789163)	(80.0, 0.5887822632782476)	(81.0, 0.5585224895042408)	(82.0, 0.5308651301867071)	(83.0, 0.4377575837462754)	(84.0, 0.3336097440024092)	(85.0, 0.3086144055191882)	(86.0, 0.32732484752301105)	(87.0, 0.26836937132950633)	(88.0, 0.23181635618320381)	(89.0, 0.23219306849114954)	(90.0, 0.13970900476291914)	(91.0, 0.06767827352653898)	(92.0, 0.03741015485963467)	(93.0, 0.01646328155927328)	(94.0, 0.007317278943578523)	(95.0, 0.007288667882215555)	(96.0, 0.009025597732458942)	(97.0, 0.008794324986441636)	(98.0, 0.00803613186032304)	(99.0, 0.011290640090360408)	(100.0, 0.1367823316109991)
SRR19077130_1	(0.0, 0.23894185279003644)	(1.0, 0.20005749827624175)	(2.0, 0.1273958666616481)	(3.0, 0.07447123539114227)	(4.0, 0.04493151690257836)	(5.0, 0.02863312254499231)	(6.0, 0.01932675969943737)	(7.0, 0.013332222932707988)	(8.0, 0.009449887269339357)	(9.0, 0.007075754092572034)	(10.0, 0.005475456767375721)	(11.0, 0.004720757505642633)	(12.0, 0.004278223865640664)	(13.0, 0.0040294481977476634)	(14.0, 0.004048584787585587)	(15.0, 0.0041861290270456585)	(16.0, 0.004772187090832051)	(17.0, 0.005984968471810422)	(18.0, 0.007828061280575381)	(19.0, 0.010565789664263242)	(20.0, 0.01448998661790233)	(21.0, 0.02006591048192715)	(22.0, 0.027870051025205126)	(23.0, 0.03737375995346364)	(24.0, 0.04901717883297492)	(25.0, 0.06299526167271281)	(26.0, 0.07714676985785687)	(27.0, 0.09089042947208022)	(28.0, 0.10494625470803466)	(29.0, 0.12002110335285851)	(30.0, 0.13444650398005786)	(31.0, 0.1498753795368833)	(32.0, 0.1915106188398794)	(33.0, 0.2703856619674737)	(34.0, 0.361966204710584)	(35.0, 0.4870692687022759)	(36.0, 0.6528638989105815)	(37.0, 0.7052586858499498)	(38.0, 0.6812709704881132)	(39.0, 0.636034464184993)	(40.0, 0.5868869173337472)	(41.0, 0.7293181634236785)	(42.0, 0.7298133226857347)	(43.0, 0.6221508682575798)	(44.0, 0.8793621841585084)	(45.0, 2.0338714530435387)	(46.0, 2.520079575203108)	(47.0, 2.269894975883292)	(48.0, 3.1759610751237575)	(49.0, 3.6684184899022734)	(50.0, 3.2859127441112737)	(51.0, 2.778154429720473)	(52.0, 2.613426664395632)	(53.0, 2.829396237122107)	(54.0, 3.0578297100173937)	(55.0, 3.5833252511142186)	(56.0, 5.668129934048255)	(57.0, 5.5985181964390796)	(58.0, 6.2605760307299185)	(59.0, 7.284269963556637)	(60.0, 4.663956518893083)	(61.0, 3.1306252977608526)	(62.0, 2.311727561268992)	(63.0, 1.4875756348297562)	(64.0, 1.3299810333670006)	(65.0, 1.6964921781640911)	(66.0, 1.7265079193248736)	(67.0, 1.3760045319272054)	(68.0, 1.0268765869241379)	(69.0, 0.813185464425241)	(70.0, 0.7516063104005344)	(71.0, 0.7811759298107201)	(72.0, 0.7289964295070285)	(73.0, 0.9527199092284565)	(74.0, 1.128226358779508)	(75.0, 0.8266432712287602)	(76.0, 0.8985789084663779)	(77.0, 1.0453529644126527)	(78.0, 0.7662804866956268)	(79.0, 0.4913654331208897)	(80.0, 0.40231211627325003)	(81.0, 0.485226175893511)	(82.0, 0.5387607859651007)	(83.0, 0.5853093447089835)	(84.0, 0.7180706327464392)	(85.0, 0.7387118369603689)	(86.0, 0.6593129296859614)	(87.0, 0.5897681701412196)	(88.0, 0.4429151757618632)	(89.0, 0.32470248014868847)	(90.0, 0.2635885844644164)	(91.0, 0.23367091832655354)	(92.0, 0.14837554930833607)	(93.0, 0.04344843119013933)	(94.0, 0.008594720910957173)	(95.0, 0.005978988287486071)	(96.0, 0.004355966261857225)	(97.0, 0.001646942762926249)	(98.0, 0.000648251980759642)	(99.0, 0.0002918329950283259)	(100.0, 0.0001315640551357207)
SRR19077130_2	(0.0, 0.2917711515078257)	(1.0, 0.2031735216069685)	(2.0, 0.09296046454083996)	(3.0, 0.05967050373822734)	(4.0, 0.0415941927079146)	(5.0, 0.03094332087550885)	(6.0, 0.024496047402318092)	(7.0, 0.020584581768722136)	(8.0, 0.017654873655649196)	(9.0, 0.015903274567203873)	(10.0, 0.014795804193443155)	(11.0, 0.013689531084951372)	(12.0, 0.01280475205121173)	(13.0, 0.012288730720302682)	(14.0, 0.012254010027503698)	(15.0, 0.012608400547107126)	(16.0, 0.013343521422230456)	(17.0, 0.014371972288241757)	(18.0, 0.016058919052164836)	(19.0, 0.018896437739530127)	(20.0, 0.022751631905486347)	(21.0, 0.028231515041381258)	(22.0, 0.035364821513669195)	(23.0, 0.044049783774491064)	(24.0, 0.055283723792865974)	(25.0, 0.06908100875202108)	(26.0, 0.08373793017426831)	(27.0, 0.09835773637317867)	(28.0, 0.11324812452286734)	(29.0, 0.12870601641002907)	(30.0, 0.1458867730191818)	(31.0, 0.16287596718530561)	(32.0, 0.19820726527144478)	(33.0, 0.3042251048352408)	(34.0, 0.4148524156844193)	(35.0, 0.48701877703447427)	(36.0, 0.657541677492439)	(37.0, 0.7432527008299048)	(38.0, 0.7484631992802904)	(39.0, 0.7663599205202635)	(40.0, 0.6776317887050929)	(41.0, 0.6466872705643151)	(42.0, 0.6638309119501309)	(43.0, 0.7948476503291958)	(44.0, 1.530618640493554)	(45.0, 1.7929562226299922)	(46.0, 1.7494978878983527)	(47.0, 2.5029680505333105)	(48.0, 4.025501558665777)	(49.0, 5.036850687575675)	(50.0, 4.637404681371854)	(51.0, 4.746585695776164)	(52.0, 4.298207458031153)	(53.0, 2.8807339772473384)	(54.0, 2.6122687914645137)	(55.0, 3.0059355982152076)	(56.0, 3.3988301688674416)	(57.0, 3.4381519520949264)	(58.0, 3.2900634082461813)	(59.0, 3.0857369201852327)	(60.0, 2.6781411292958013)	(61.0, 3.1637136098854075)	(62.0, 4.83197226022575)	(63.0, 4.006277070242559)	(64.0, 1.669245196921941)	(65.0, 1.3196066231708974)	(66.0, 1.4882546062177169)	(67.0, 1.5991034111416478)	(68.0, 1.9770333631975192)	(69.0, 1.7174830146071511)	(70.0, 1.336582647419063)	(71.0, 1.38320056519541)	(72.0, 1.0766000860666112)	(73.0, 0.8551910171485622)	(74.0, 0.7677092384783482)	(75.0, 0.7737853597181704)	(76.0, 1.074241473486818)	(77.0, 1.3068940605453934)	(78.0, 0.9936834798668291)	(79.0, 0.6507855095798641)	(80.0, 0.5863582709281759)	(81.0, 0.564789537108393)	(82.0, 0.5334918257132807)	(83.0, 0.4380494302699478)	(84.0, 0.3326553659112645)	(85.0, 0.30770675223729066)	(86.0, 0.3269851175976096)	(87.0, 0.26784739690405635)	(88.0, 0.23073815989355545)	(89.0, 0.23095127311142508)	(90.0, 0.13921441367543208)	(91.0, 0.06738328660067763)	(92.0, 0.03711043427576986)	(93.0, 0.016533036098661316)	(94.0, 0.007364378669191524)	(95.0, 0.007196761531541252)	(96.0, 0.0090668898816107)	(97.0, 0.008914837192456525)	(98.0, 0.008107880401197365)	(99.0, 0.0113788091159155)	(100.0, 0.13598299471458866)
SRR19077131_1	(0.0, 0.20645434760052386)	(1.0, 0.13587811120516483)	(2.0, 0.045031017519735816)	(3.0, 0.01860026320899688)	(4.0, 0.010085190250455813)	(5.0, 0.006631468084452215)	(6.0, 0.005243548703544641)	(7.0, 0.004457150367065156)	(8.0, 0.0038435721079380612)	(9.0, 0.0036319010054444356)	(10.0, 0.0036412788390992163)	(11.0, 0.0038542896321149545)	(12.0, 0.004170456595333281)	(13.0, 0.004927381740326312)	(14.0, 0.006208125879464963)	(15.0, 0.008098429206164371)	(16.0, 0.011505262203894065)	(17.0, 0.01715875620720484)	(18.0, 0.02560818433016244)	(19.0, 0.03857638858420233)	(20.0, 0.05902408502319105)	(21.0, 0.08863124556185649)	(22.0, 0.1301817471051465)	(23.0, 0.1864447299622656)	(24.0, 0.25485736616441446)	(25.0, 0.3328876406248022)	(26.0, 0.4245305104803655)	(27.0, 0.5258486252866185)	(28.0, 0.6290744593963582)	(29.0, 0.7337980675098188)	(30.0, 0.8382765122577329)	(31.0, 0.9463868580110915)	(32.0, 1.0793390851159645)	(33.0, 1.2353460464158554)	(34.0, 1.4213741326257445)	(35.0, 1.6259569325668786)	(36.0, 1.8259727275181343)	(37.0, 2.1658294382389607)	(38.0, 2.4381751244790193)	(39.0, 2.3339485415492622)	(40.0, 2.2162031415608774)	(41.0, 2.274769052425506)	(42.0, 2.3186586536204032)	(43.0, 2.6400705052327975)	(44.0, 3.020978012932167)	(45.0, 3.751145519127063)	(46.0, 4.082148215187254)	(47.0, 3.6819438052073905)	(48.0, 3.7159947192078997)	(49.0, 3.7793607412132544)	(50.0, 3.416701158115567)	(51.0, 2.9847152698796506)	(52.0, 2.8451195174756263)	(53.0, 2.7249827699052727)	(54.0, 2.508539689771885)	(55.0, 2.4026532302852317)	(56.0, 2.6327102455043168)	(57.0, 2.4760294198718036)	(58.0, 2.454200502504518)	(59.0, 2.581160293903986)	(60.0, 2.1656941294962277)	(61.0, 1.9026445557891007)	(62.0, 1.6369906237069891)	(63.0, 1.2359234530308858)	(64.0, 0.9884169687612974)	(65.0, 1.0554658000119366)	(66.0, 1.1174894521141354)	(67.0, 0.9049823827347117)	(68.0, 0.6822775891009746)	(69.0, 0.573675576926001)	(70.0, 0.5304625194447706)	(71.0, 0.5558697501966163)	(72.0, 0.5567392093454667)	(73.0, 0.592470095260704)	(74.0, 0.6146031223765092)	(75.0, 0.5113719295046809)	(76.0, 0.48432625724429273)	(77.0, 0.5510549024601473)	(78.0, 0.5052133721745341)	(79.0, 0.33366734050867114)	(80.0, 0.2615598378465386)	(81.0, 0.311689717493431)	(82.0, 0.31647241265736925)	(83.0, 0.4137125095143146)	(84.0, 0.537791966291243)	(85.0, 0.4882756649034777)	(86.0, 0.3976804330362056)	(87.0, 0.3149746386536485)	(88.0, 0.25204133668693596)	(89.0, 0.27016868914162745)	(90.0, 0.2503211740565447)	(91.0, 0.19014897425590407)	(92.0, 0.11162033492129085)	(93.0, 0.023160569746264625)	(94.0, 0.004477245724896829)	(95.0, 0.003755152533478698)	(96.0, 0.0029526779107338754)	(97.0, 0.0014562435975352642)	(98.0, 0.0005398952804109581)	(99.0, 0.00017014069630816794)	(100.0, 0.00011789276594581715)
SRR19077131_2	(0.0, 0.22918999278345328)	(1.0, 0.16226368276888825)	(2.0, 0.07012451573667404)	(3.0, 0.036353608858018756)	(4.0, 0.024425709529650008)	(5.0, 0.019638458197184978)	(6.0, 0.0174191582097257)	(7.0, 0.01600980214518207)	(8.0, 0.015300430729250981)	(9.0, 0.015206563056065391)	(10.0, 0.015084535080924126)	(11.0, 0.014927641970028212)	(12.0, 0.015194494355227245)	(13.0, 0.01578049682925728)	(14.0, 0.01646707181027187)	(15.0, 0.018331015606385705)	(16.0, 0.0221675215061567)	(17.0, 0.027929655672992063)	(18.0, 0.03672371568372194)	(19.0, 0.05008376751155082)	(20.0, 0.07132602195344957)	(21.0, 0.09980815593147682)	(22.0, 0.13827378743617133)	(23.0, 0.1912889082846321)	(24.0, 0.25381416539355284)	(25.0, 0.32837057627134647)	(26.0, 0.4183963796901251)	(27.0, 0.5184593193059628)	(28.0, 0.6214200880897156)	(29.0, 0.7286290395684962)	(30.0, 0.8377233903115473)	(31.0, 0.945798606317155)	(32.0, 1.07369197006576)	(33.0, 1.2532635108033108)	(34.0, 1.4222494599390472)	(35.0, 1.5280544192203234)	(36.0, 1.7653156909309773)	(37.0, 2.2946489096921105)	(38.0, 2.562913332889205)	(39.0, 2.504900428926992)	(40.0, 2.562765826545628)	(41.0, 2.5909381972021426)	(42.0, 2.6683160021425434)	(43.0, 2.749850804038305)	(44.0, 3.0538949023202266)	(45.0, 3.1522574960846454)	(46.0, 3.12245987371526)	(47.0, 3.4028372496535746)	(48.0, 3.539631950753693)	(49.0, 3.7317066655595643)	(50.0, 3.615423392017257)	(51.0, 3.601150141826008)	(52.0, 3.34632891039585)	(53.0, 2.596403977715063)	(54.0, 2.463366665475888)	(55.0, 2.3949599281585106)	(56.0, 2.211574677956105)	(57.0, 2.168608762005541)	(58.0, 2.18633231966974)	(59.0, 2.242128605578014)	(60.0, 2.0761477629509764)	(61.0, 1.9801104055480407)	(62.0, 2.0070383590514664)	(63.0, 1.6516808267392633)	(64.0, 1.1495705741687106)	(65.0, 0.9705903997722287)	(66.0, 0.9253032703604616)	(67.0, 0.783083017750216)	(68.0, 0.8045840787767551)	(69.0, 0.8514924370011134)	(70.0, 0.921828825485835)	(71.0, 1.0215712740460818)	(72.0, 0.7728018256028745)	(73.0, 0.6758083589002056)	(74.0, 0.6244359223324926)	(75.0, 0.4583531662317107)	(76.0, 0.4826005271823081)	(77.0, 0.6498794256328264)	(78.0, 0.5721945393044331)	(79.0, 0.288022227435901)	(80.0, 0.22798044076611898)	(81.0, 0.2817760042687799)	(82.0, 0.3113550490563188)	(83.0, 0.2744301883586277)	(84.0, 0.2234171308825396)	(85.0, 0.19786903217494187)	(86.0, 0.18930830038041616)	(87.0, 0.14705443777930327)	(88.0, 0.1408819677839709)	(89.0, 0.151407215881595)	(90.0, 0.10995256946931939)	(91.0, 0.06937089241766974)	(92.0, 0.04172686266451383)	(93.0, 0.014298728559684767)	(94.0, 0.006260973801478774)	(95.0, 0.0054604166458816815)	(96.0, 0.005683017128007507)	(97.0, 0.006152355493935451)	(98.0, 0.007242561469648075)	(99.0, 0.010411265923041596)	(100.0, 0.11295901694477781)
SRR19077132_1	(0.0, 0.20404098432918208)	(1.0, 0.13489682251416035)	(2.0, 0.0454385902276959)	(3.0, 0.019024117590599673)	(4.0, 0.010699890406409465)	(5.0, 0.0073903550464965535)	(6.0, 0.0057080414977304286)	(7.0, 0.004701609510489353)	(8.0, 0.004196377965492498)	(9.0, 0.003872546044364194)	(10.0, 0.0038147669049097663)	(11.0, 0.0040620078737380145)	(12.0, 0.00437777758936105)	(13.0, 0.0049246638628017946)	(14.0, 0.006131307286757049)	(15.0, 0.008321539782355118)	(16.0, 0.011754695626682153)	(17.0, 0.017415707592298515)	(18.0, 0.025855493055397576)	(19.0, 0.039356999874888006)	(20.0, 0.06011180424728542)	(21.0, 0.08971622286263306)	(22.0, 0.13173375055425982)	(23.0, 0.18834118280858836)	(24.0, 0.25796504585117364)	(25.0, 0.33797706068729794)	(26.0, 0.43178888394660764)	(27.0, 0.5331536500634367)	(28.0, 0.6354711001308052)	(29.0, 0.7390502853597483)	(30.0, 0.8453235909283688)	(31.0, 0.9548096853908389)	(32.0, 1.0848557475926623)	(33.0, 1.2383856707304168)	(34.0, 1.4270426232546283)	(35.0, 1.6346806949400778)	(36.0, 1.8344527414542202)	(37.0, 2.172875910846143)	(38.0, 2.441625500261531)	(39.0, 2.333860686674436)	(40.0, 2.2178683923692137)	(41.0, 2.2778310458146516)	(42.0, 2.318717177333706)	(43.0, 2.638614742175438)	(44.0, 3.0187907301782313)	(45.0, 3.7449750792524874)	(46.0, 4.075739153414405)	(47.0, 3.6816585483168582)	(48.0, 3.710873293666118)	(49.0, 3.767676906254408)	(50.0, 3.409516114084669)	(51.0, 2.9836717629972798)	(52.0, 2.8454855606369693)	(53.0, 2.7233297102229694)	(54.0, 2.5102147135976067)	(55.0, 2.407304691425601)	(56.0, 2.628135218719506)	(57.0, 2.46872257296474)	(58.0, 2.448912390337377)	(59.0, 2.58090144406597)	(60.0, 2.1704948728202536)	(61.0, 1.9004392061130113)	(62.0, 1.6331838121179327)	(63.0, 1.2354496842255815)	(64.0, 0.9893978907093602)	(65.0, 1.0543832981845807)	(66.0, 1.1148431209695104)	(67.0, 0.9030315142341665)	(68.0, 0.6816299140503052)	(69.0, 0.573549330747587)	(70.0, 0.529037894152997)	(71.0, 0.5536612134670059)	(72.0, 0.5541341961899817)	(73.0, 0.5903267804040516)	(74.0, 0.6111944556535229)	(75.0, 0.5080882531475556)	(76.0, 0.48203792345911395)	(77.0, 0.5489018248170622)	(78.0, 0.5043312653821002)	(79.0, 0.33327276377497345)	(80.0, 0.2601203421229155)	(81.0, 0.30908077245549637)	(82.0, 0.31275713816589906)	(83.0, 0.41151109339993863)	(84.0, 0.5357389306287931)	(85.0, 0.48659710067234363)	(86.0, 0.3977771263217129)	(87.0, 0.31434539265043704)	(88.0, 0.25007483406335035)	(89.0, 0.2673709522739874)	(90.0, 0.2484892669806475)	(91.0, 0.18870398205632544)	(92.0, 0.11099507059287295)	(93.0, 0.02330917981665013)	(94.0, 0.004448993737990925)	(95.0, 0.003802673596651863)	(96.0, 0.003066325493837297)	(97.0, 0.001459259196453683)	(98.0, 0.0005361366661003863)	(99.0, 0.00017602482019837246)	(100.0, 0.00010480867156849656)
SRR19077132_2	(0.0, 0.22116152990721666)	(1.0, 0.15765933162073498)	(2.0, 0.07047460892563787)	(3.0, 0.03826217937166583)	(4.0, 0.026380567568751883)	(5.0, 0.02133686774297338)	(6.0, 0.018698003994126067)	(7.0, 0.0172346585513402)	(8.0, 0.016295857890435292)	(9.0, 0.015772658095174537)	(10.0, 0.015502315784512806)	(11.0, 0.01520372875482672)	(12.0, 0.015468691119007618)	(13.0, 0.01626492319817052)	(14.0, 0.017308632815451613)	(15.0, 0.019283073173916372)	(16.0, 0.022841907770985687)	(17.0, 0.028381907659620793)	(18.0, 0.037687870084837184)	(19.0, 0.051510297580710705)	(20.0, 0.07313095750054788)	(21.0, 0.10238845144992383)	(22.0, 0.14095728777099698)	(23.0, 0.19441243600452787)	(24.0, 0.25779627546843126)	(25.0, 0.33250355728786246)	(26.0, 0.4260688965092244)	(27.0, 0.5295145074426314)	(28.0, 0.6302203806306755)	(29.0, 0.7350177031173912)	(30.0, 0.8456401626562259)	(31.0, 0.9570332995284395)	(32.0, 1.0858507380654427)	(33.0, 1.2621273744830914)	(34.0, 1.4266125132013798)	(35.0, 1.5353735112578473)	(36.0, 1.7740010374150799)	(37.0, 2.2965592740579974)	(38.0, 2.5654597590628625)	(39.0, 2.5099938558321213)	(40.0, 2.5628814197119247)	(41.0, 2.5892418124813736)	(42.0, 2.670088958222052)	(43.0, 2.7528890245352726)	(44.0, 3.051196297004357)	(45.0, 3.148628472758816)	(46.0, 3.1202438751259547)	(47.0, 3.3911725999540927)	(48.0, 3.527349805276872)	(49.0, 3.721298220897428)	(50.0, 3.6058095997666824)	(51.0, 3.5936993402383335)	(52.0, 3.3386011079300384)	(53.0, 2.594710528079138)	(54.0, 2.4593941141932913)	(55.0, 2.391216742414968)	(56.0, 2.211878916449727)	(57.0, 2.1649361934312417)	(58.0, 2.182562243089062)	(59.0, 2.2361680298240563)	(60.0, 2.0722787201785198)	(61.0, 1.9799655635005706)	(62.0, 2.0046729677137844)	(63.0, 1.6530235258872668)	(64.0, 1.1535775393259966)	(65.0, 0.9706687738841042)	(66.0, 0.9215996270190704)	(67.0, 0.7790189403974828)	(68.0, 0.8019845869375276)	(69.0, 0.8492877663702288)	(70.0, 0.9198713192121036)	(71.0, 1.0198441746921345)	(72.0, 0.7734910453884296)	(73.0, 0.6762296829347372)	(74.0, 0.6217900044952143)	(75.0, 0.4572994858304449)	(76.0, 0.48123890268352)	(77.0, 0.6461369522942123)	(78.0, 0.5696784978952708)	(79.0, 0.28536177624958603)	(80.0, 0.2246060406415683)	(81.0, 0.28104436919871967)	(82.0, 0.3112420087956207)	(83.0, 0.27283322588235226)	(84.0, 0.22136327790024776)	(85.0, 0.19671505309832327)	(86.0, 0.18931493671394106)	(87.0, 0.1481623810954491)	(88.0, 0.141242424934481)	(89.0, 0.1505174526674326)	(90.0, 0.10974956322232002)	(91.0, 0.06955329309079566)	(92.0, 0.04187481343354345)	(93.0, 0.014739708370855097)	(94.0, 0.006509735241804789)	(95.0, 0.005626079032328394)	(96.0, 0.005732332975324795)	(97.0, 0.006247462850864307)	(98.0, 0.007336902013232462)	(99.0, 0.010540660142566969)	(100.0, 0.11066953407054203)
SRR19077133_1	(0.0, 0.9777713895083661)	(1.0, 0.6281550697635734)	(2.0, 0.1927984164505661)	(3.0, 0.0804759203881234)	(4.0, 0.04337946206967781)	(5.0, 0.02805701189466768)	(6.0, 0.020479337388960912)	(7.0, 0.016086756366765025)	(8.0, 0.013051327403692841)	(9.0, 0.010925509992024771)	(10.0, 0.009668618631059027)	(11.0, 0.008706697150181198)	(12.0, 0.0086689177566724)	(13.0, 0.009078678870883197)	(14.0, 0.009194923158602573)	(15.0, 0.00996940072553291)	(16.0, 0.01166947343342877)	(17.0, 0.014760118433167657)	(18.0, 0.02012479231141682)	(19.0, 0.027823070265632438)	(20.0, 0.03963203684432446)	(21.0, 0.05792598162416113)	(22.0, 0.08401991810996785)	(23.0, 0.1192826227896403)	(24.0, 0.16183384430931758)	(25.0, 0.20872533692171702)	(26.0, 0.26452695418780653)	(27.0, 0.3295409312556566)	(28.0, 0.394104461708594)	(29.0, 0.4577467561813554)	(30.0, 0.5203355867966599)	(31.0, 0.5899150582646885)	(32.0, 0.7260182294873223)	(33.0, 0.9334358181721963)	(34.0, 1.1243321874649541)	(35.0, 1.3599971380656364)	(36.0, 1.6767570098865476)	(37.0, 1.9141598125886345)	(38.0, 2.0415228664283678)	(39.0, 1.9122156268765278)	(40.0, 1.8271596815522613)	(41.0, 2.285419365653178)	(42.0, 2.278776004610016)	(43.0, 2.0632038791416276)	(44.0, 2.6013669805136503)	(45.0, 3.461000753466412)	(46.0, 3.8923833051930132)	(47.0, 3.9284815156906685)	(48.0, 4.2308169244592015)	(49.0, 4.179420965697676)	(50.0, 3.4855108615320423)	(51.0, 2.990365411884171)	(52.0, 3.1252029734242597)	(53.0, 3.373914892267846)	(54.0, 3.249052543667675)	(55.0, 2.974108648246616)	(56.0, 3.5567874996007736)	(57.0, 3.367092805632315)	(58.0, 3.292684837063143)	(59.0, 3.773128290421706)	(60.0, 2.844438145295653)	(61.0, 2.2165504373938343)	(62.0, 1.993883051213775)	(63.0, 1.3668061472187987)	(64.0, 0.8846626211523396)	(65.0, 0.965850537802744)	(66.0, 1.0501523483104314)	(67.0, 0.7909464763929792)	(68.0, 0.5396539343620236)	(69.0, 0.4585415764986366)	(70.0, 0.41233883129097443)	(71.0, 0.40461875753281146)	(72.0, 0.39035703648324066)	(73.0, 0.45387872750749314)	(74.0, 0.5599777950161599)	(75.0, 0.5001468601269975)	(76.0, 0.5468131294319406)	(77.0, 0.5260126671981549)	(78.0, 0.30820429224476525)	(79.0, 0.17413830216441342)	(80.0, 0.12285422852981809)	(81.0, 0.16942314324379626)	(82.0, 0.2025077205823269)	(83.0, 0.22903176093269534)	(84.0, 0.22147152307014648)	(85.0, 0.1674993002820406)	(86.0, 0.14628617082685114)	(87.0, 0.13204624558122768)	(88.0, 0.08257558283505462)	(89.0, 0.05098765070091092)	(90.0, 0.039286210088359315)	(91.0, 0.02945049029370369)	(92.0, 0.017214325957642964)	(93.0, 0.005092952855705123)	(94.0, 0.001190050895527103)	(95.0, 0.001053463857456837)	(96.0, 0.0007817428349127977)	(97.0, 0.0002804393441229925)	(98.0, 0.0001351339844737736)	(99.0, 6.829351903513288e-05)	(100.0, 4.06855007017813e-05)
SRR19077133_2	(0.0, 0.9531334332541308)	(1.0, 0.6261191207150222)	(2.0, 0.21747707304194003)	(3.0, 0.10762122525371949)	(4.0, 0.06777336638654305)	(5.0, 0.05005932733700891)	(6.0, 0.04052144625876106)	(7.0, 0.03439514710981327)	(8.0, 0.029754231820061792)	(9.0, 0.026587061730472775)	(10.0, 0.024655044330852104)	(11.0, 0.02279722338257228)	(12.0, 0.021156172458798094)	(13.0, 0.02057569433948435)	(14.0, 0.020489859229109637)	(15.0, 0.021132895140730374)	(16.0, 0.022835049024432324)	(17.0, 0.025381005688089087)	(18.0, 0.030186317036693826)	(19.0, 0.03851668724017876)	(20.0, 0.05135412815452578)	(21.0, 0.06810361333662882)	(22.0, 0.09092265920488958)	(23.0, 0.12316174472868038)	(24.0, 0.16208287537028576)	(25.0, 0.20820251662433323)	(26.0, 0.2643532271331883)	(27.0, 0.3281607204539438)	(28.0, 0.3927538232594847)	(29.0, 0.4573745678802311)	(30.0, 0.5285667903579704)	(31.0, 0.6062228330966394)	(32.0, 0.7175364229288508)	(33.0, 0.9281714192912606)	(34.0, 1.1303305622122624)	(35.0, 1.3417322552385278)	(36.0, 1.9257325237423917)	(37.0, 2.225685499195398)	(38.0, 2.249972470934304)	(39.0, 2.282381771846465)	(40.0, 2.1772817711059553)	(41.0, 2.196012737988573)	(42.0, 2.2433398901173836)	(43.0, 2.284991741134808)	(44.0, 2.657017112654989)	(45.0, 2.749868879594741)	(46.0, 2.775543761423435)	(47.0, 3.5341733797360853)	(48.0, 4.033796279909226)	(49.0, 4.000394783314428)	(50.0, 3.953223298250196)	(51.0, 4.247031061733324)	(52.0, 3.7842692495527954)	(53.0, 2.7527538122027586)	(54.0, 2.595572267118107)	(55.0, 3.1572626810864417)	(56.0, 3.657797761161361)	(57.0, 3.4677864686069504)	(58.0, 2.9714893152527346)	(59.0, 2.5257490419092257)	(60.0, 2.0174204247787575)	(61.0, 1.939486509055655)	(62.0, 2.453021971271396)	(63.0, 2.0549827419781597)	(64.0, 1.1136829152967056)	(65.0, 0.9948303840753117)	(66.0, 1.1392370460379233)	(67.0, 0.9408924736152692)	(68.0, 0.738618398936308)	(69.0, 0.8891469955507297)	(70.0, 0.9895115168968379)	(71.0, 0.8076967499670227)	(72.0, 0.5510133991371476)	(73.0, 0.42183010319082426)	(74.0, 0.3659412625102309)	(75.0, 0.32221191085526235)	(76.0, 0.32005293960448145)	(77.0, 0.3472932210732296)	(78.0, 0.2436029529081961)	(79.0, 0.11133686715027913)	(80.0, 0.09610622697209475)	(81.0, 0.10530658693836069)	(82.0, 0.1280776233381068)	(83.0, 0.11443129562090652)	(84.0, 0.059518647466778214)	(85.0, 0.04021738629150148)	(86.0, 0.0445062321454787)	(87.0, 0.05053069302788022)	(88.0, 0.06742129695076882)	(89.0, 0.06521140656671473)	(90.0, 0.031140687077470308)	(91.0, 0.01477818730824309)	(92.0, 0.008685349304017646)	(93.0, 0.005800416695999724)	(94.0, 0.004984255731250328)	(95.0, 0.005219938576685982)	(96.0, 0.005764045886518914)	(97.0, 0.006497281405652061)	(98.0, 0.007613137840523341)	(99.0, 0.010845775387177814)	(100.0, 0.11620764595594933)
SRR19077134_1	(0.0, 0.9673051134965872)	(1.0, 0.6237399768692933)	(2.0, 0.19570662296128755)	(3.0, 0.08462182511622116)	(4.0, 0.04703325630119822)	(5.0, 0.030826898189077728)	(6.0, 0.022334579283060443)	(7.0, 0.01729185348305328)	(8.0, 0.014010497530220073)	(9.0, 0.011586419592705753)	(10.0, 0.010408759520467352)	(11.0, 0.009586591867550604)	(12.0, 0.009171119245791963)	(13.0, 0.009116990770422)	(14.0, 0.009108213179821465)	(15.0, 0.010190782687220741)	(16.0, 0.012205239730043446)	(17.0, 0.015062345470517479)	(18.0, 0.020366936056773925)	(19.0, 0.028120474420579543)	(20.0, 0.039822465622859)	(21.0, 0.058316849018185526)	(22.0, 0.08481493210943292)	(23.0, 0.12145113234429783)	(24.0, 0.1648080411156388)	(25.0, 0.21211340272545356)	(26.0, 0.2689058768426796)	(27.0, 0.3329720477042153)	(28.0, 0.39803447509891177)	(29.0, 0.4618724286048336)	(30.0, 0.525533367366978)	(31.0, 0.5985848651399277)	(32.0, 0.7325777115206228)	(33.0, 0.9373896217981983)	(34.0, 1.1297563715359824)	(35.0, 1.365333736868432)	(36.0, 1.6822925334537386)	(37.0, 1.9204958613075147)	(38.0, 2.0452766263529485)	(39.0, 1.919180685649201)	(40.0, 1.8346027484859826)	(41.0, 2.286379484968435)	(42.0, 2.2774629158500583)	(43.0, 2.065358290715205)	(44.0, 2.604706122755658)	(45.0, 3.4629321178594004)	(46.0, 3.8912448917348565)	(47.0, 3.9231221749324656)	(48.0, 4.221590976917746)	(49.0, 4.167083602220193)	(50.0, 3.475585014710072)	(51.0, 2.98567696172713)	(52.0, 3.1212965882324575)	(53.0, 3.369921841992602)	(54.0, 3.2462704602711034)	(55.0, 2.9694823070691436)	(56.0, 3.5458028136508153)	(57.0, 3.3588898735394968)	(58.0, 3.290939618837224)	(59.0, 3.7684186035298084)	(60.0, 2.841891250099772)	(61.0, 2.2144573705194204)	(62.0, 1.9873693982294545)	(63.0, 1.3650440763786142)	(64.0, 0.8891377433352925)	(65.0, 0.9684388856158228)	(66.0, 1.05129934088487)	(67.0, 0.7918513179142667)	(68.0, 0.5396594365067717)	(69.0, 0.4577279429096145)	(70.0, 0.4117289793675125)	(71.0, 0.4058041057121517)	(72.0, 0.39230856016382964)	(73.0, 0.4534912925130897)	(74.0, 0.5559755145013989)	(75.0, 0.4956676153486587)	(76.0, 0.544528073426535)	(77.0, 0.5258405830379966)	(78.0, 0.3085718087664957)	(79.0, 0.17429661655481676)	(80.0, 0.12294917447345576)	(81.0, 0.16820057988274545)	(82.0, 0.20105510150054667)	(83.0, 0.2270455472687298)	(84.0, 0.21952022626053808)	(85.0, 0.1672716182108555)	(86.0, 0.14580309453371448)	(87.0, 0.1305564196605858)	(88.0, 0.0821494704304039)	(89.0, 0.051032911751508515)	(90.0, 0.03936749384339795)	(91.0, 0.029750180408745476)	(92.0, 0.017422054410294544)	(93.0, 0.005145131023680067)	(94.0, 0.0010854953709327863)	(95.0, 0.0010313668955628226)	(96.0, 0.0008572780153188852)	(97.0, 0.0003262337839865382)	(98.0, 0.00014775610844233345)	(99.0, 6.144313420374263e-05)	(100.0, 3.657329416889442e-05)
SRR19077134_2	(0.0, 0.9284730902981351)	(1.0, 0.6130910618897736)	(2.0, 0.220343355896516)	(3.0, 0.11465401234332356)	(4.0, 0.07367580819235671)	(5.0, 0.05448233512747312)	(6.0, 0.04386535483484729)	(7.0, 0.037083260635777535)	(8.0, 0.032271342829310115)	(9.0, 0.02890812721784917)	(10.0, 0.026448702561210267)	(11.0, 0.0241225760842939)	(12.0, 0.022476123842446297)	(13.0, 0.021633855124419277)	(14.0, 0.021267651333972744)	(15.0, 0.021622136603124988)	(16.0, 0.02331839256047332)	(17.0, 0.026448702561210267)	(18.0, 0.031238648140250895)	(19.0, 0.03940499266720854)	(20.0, 0.05252241244100329)	(21.0, 0.06932530716185192)	(22.0, 0.09326917579640792)	(23.0, 0.12637106882245078)	(24.0, 0.16493818721711764)	(25.0, 0.21126296670860384)	(26.0, 0.26844935062473413)	(27.0, 0.332967134425604)	(28.0, 0.3972769144735003)	(29.0, 0.46253296511591036)	(30.0, 0.5346004062606259)	(31.0, 0.6107532168915629)	(32.0, 0.723938019627615)	(33.0, 0.9352771567246317)	(34.0, 1.13400423527867)	(35.0, 1.3469737116507545)	(36.0, 1.9288261254002772)	(37.0, 2.2317674786395894)	(38.0, 2.258220575646285)	(39.0, 2.286342097122255)	(40.0, 2.1806366406022826)	(41.0, 2.2022280160870102)	(42.0, 2.2524272316814207)	(43.0, 2.2914103575820346)	(44.0, 2.658916368707394)	(45.0, 2.7463321431173044)	(46.0, 2.7733916736009796)	(47.0, 3.528587383965949)	(48.0, 4.017721392419895)	(49.0, 3.9885701058851892)	(50.0, 3.944162769440481)	(51.0, 4.232715243345568)	(52.0, 3.7787250802531944)	(53.0, 2.7565213973826888)	(54.0, 2.6035932296770556)	(55.0, 3.1588035852640117)	(56.0, 3.6493701829461855)	(57.0, 3.4586732211090583)	(58.0, 2.9623498998410662)	(59.0, 2.522404384519898)	(60.0, 2.0199771784727423)	(61.0, 1.9401052021460303)	(62.0, 2.448073803950223)	(63.0, 2.053086395574594)	(64.0, 1.1166315274598864)	(65.0, 0.9946285374498818)	(66.0, 1.1372927453168797)	(67.0, 0.9404992227763993)	(68.0, 0.7380178229627032)	(69.0, 0.8840393871805149)	(70.0, 0.9850691537040657)	(71.0, 0.8054930685752193)	(72.0, 0.5470747721783965)	(73.0, 0.4207286052136961)	(74.0, 0.3673492759030479)	(75.0, 0.32059823519948194)	(76.0, 0.3175030807626279)	(77.0, 0.3448731520606016)	(78.0, 0.24177360171344703)	(79.0, 0.11111062446696292)	(80.0, 0.0960274227460512)	(81.0, 0.10612292884108117)	(82.0, 0.12694234673554736)	(83.0, 0.11221655991411143)	(84.0, 0.05906281213837834)	(85.0, 0.040660339260859255)	(86.0, 0.044282827155956335)	(87.0, 0.049847659955581824)	(88.0, 0.06709146404012808)	(89.0, 0.0649044950035814)	(90.0, 0.03090467028336366)	(91.0, 0.014895705380203102)	(92.0, 0.008724439103598158)	(93.0, 0.005689342088377308)	(94.0, 0.004888088194880298)	(95.0, 0.005142966033031084)	(96.0, 0.005857795831982713)	(97.0, 0.006514033024462897)	(98.0, 0.007694674044862513)	(99.0, 0.011091580405044536)	(100.0, 0.11552411254942452)
SRR19077135_1	(0.0, 1.5946665591575413)	(1.0, 1.027165415167104)	(2.0, 0.3124872471757972)	(3.0, 0.12024246156886229)	(4.0, 0.05880924488621742)	(5.0, 0.034818432134712675)	(6.0, 0.023452868647453565)	(7.0, 0.01684512190269156)	(8.0, 0.012262136994011083)	(9.0, 0.009606785124847337)	(10.0, 0.008184221827467548)	(11.0, 0.006912581737057674)	(12.0, 0.0057993362995073135)	(13.0, 0.0054661098128311655)	(14.0, 0.005283806533124932)	(15.0, 0.005079088915749899)	(16.0, 0.005304726581615811)	(17.0, 0.006326820379313054)	(18.0, 0.008036287198853473)	(19.0, 0.010439104196948748)	(20.0, 0.01431678461365101)	(21.0, 0.020382104386828075)	(22.0, 0.028942887087131452)	(23.0, 0.04088524619706766)	(24.0, 0.05541720845233915)	(25.0, 0.07250589949103166)	(26.0, 0.0929911098311362)	(27.0, 0.11484359476903751)	(28.0, 0.13677378274419064)	(29.0, 0.15816901519364845)	(30.0, 0.1796942508015853)	(31.0, 0.20445462247971877)	(32.0, 0.24176254038484613)	(33.0, 0.28863839189619483)	(34.0, 0.3414002484793702)	(35.0, 0.3870537714431804)	(36.0, 0.44444941876708566)	(37.0, 0.5661413408385303)	(38.0, 0.6430359676451127)	(39.0, 0.5995476697001085)	(40.0, 0.5582783911843154)	(41.0, 0.6467970935059373)	(42.0, 0.6616832022963758)	(43.0, 0.7510028436173627)	(44.0, 1.153864700273758)	(45.0, 2.0317222350722792)	(46.0, 2.725934618482794)	(47.0, 2.961908282592378)	(48.0, 3.666589655983401)	(49.0, 4.106072057523081)	(50.0, 4.053437215520028)	(51.0, 3.7094742611005254)	(52.0, 3.2059585797086196)	(53.0, 3.0055504923227083)	(54.0, 3.102601585850253)	(55.0, 3.288628634187863)	(56.0, 6.487123239452773)	(57.0, 7.0176257833979125)	(58.0, 6.567057250447244)	(59.0, 8.02189271120257)	(60.0, 5.823043197315013)	(61.0, 3.698519627137194)	(62.0, 2.58406979250943)	(63.0, 1.732393698397245)	(64.0, 1.228108458078711)	(65.0, 1.2703953475246674)	(66.0, 1.2909283751184653)	(67.0, 0.866448636925102)	(68.0, 0.49446178326288837)	(69.0, 0.36387585200446415)	(70.0, 0.3168520658645014)	(71.0, 0.3349404363632223)	(72.0, 0.3269534607072402)	(73.0, 0.4272830246911412)	(74.0, 0.5074277304596997)	(75.0, 0.40031409360804204)	(76.0, 0.3973344809872697)	(77.0, 0.42363098194030496)	(78.0, 0.30954947465200655)	(79.0, 0.182984675571365)	(80.0, 0.11592844871220738)	(81.0, 0.11467922295946631)	(82.0, 0.11298469903170509)	(83.0, 0.12823392009237816)	(84.0, 0.16604093058293073)	(85.0, 0.15925536342599625)	(86.0, 0.13579203475429724)	(87.0, 0.11087326842330421)	(88.0, 0.08437354414207188)	(89.0, 0.08798075821757062)	(90.0, 0.07474583896873366)	(91.0, 0.05463868379064285)	(92.0, 0.029086338848211764)	(93.0, 0.004358841531992484)	(94.0, 0.0021607421512722428)	(95.0, 0.0028780009566738173)	(96.0, 0.0027375377739493425)	(97.0, 0.001353825995195472)	(98.0, 0.0004512753317318239)	(99.0, 7.919732642975717e-05)	(100.0, 5.528869958303803e-05)
SRR19077135_2	(0.0, 1.5094584173497425)	(1.0, 0.9765647070092602)	(2.0, 0.3192914147421624)	(3.0, 0.14954764904345705)	(4.0, 0.08490031965211314)	(5.0, 0.05518984746274499)	(6.0, 0.03945830884088973)	(7.0, 0.030756647196187373)	(8.0, 0.02498247956198344)	(9.0, 0.02102527395679028)	(10.0, 0.018100773293950854)	(11.0, 0.01570908851441278)	(12.0, 0.01404478721601082)	(13.0, 0.013188689785537864)	(14.0, 0.01280703795901583)	(15.0, 0.01294772529898866)	(16.0, 0.013449111031870546)	(17.0, 0.014409975630408372)	(18.0, 0.01653525246829577)	(19.0, 0.01964234733833397)	(20.0, 0.024078488568966543)	(21.0, 0.030147500947581618)	(22.0, 0.03868003844955068)	(23.0, 0.05023735376093554)	(24.0, 0.06440935825245371)	(25.0, 0.0821524265011545)	(26.0, 0.10299360957691649)	(27.0, 0.12559637774999785)	(28.0, 0.14772769366678729)	(29.0, 0.16983356612847522)	(30.0, 0.1935423762615557)	(31.0, 0.22037624135062842)	(32.0, 0.253014207550495)	(33.0, 0.3075754520048507)	(34.0, 0.36231629731874626)	(35.0, 0.39492582671585236)	(36.0, 0.5085099003102979)	(37.0, 0.6994121439366188)	(38.0, 0.7489954512340637)	(39.0, 0.6978196829820328)	(40.0, 0.6717027246572898)	(41.0, 0.6327113780512035)	(42.0, 0.6404686385094924)	(43.0, 0.7882606891509482)	(44.0, 1.4911810365439107)	(45.0, 1.7814639191227395)	(46.0, 1.8581789296013271)	(47.0, 2.9843391792165885)	(48.0, 5.651597530937184)	(49.0, 6.726177910366449)	(50.0, 5.825412249452124)	(51.0, 6.67857619921926)	(52.0, 5.994850693689611)	(53.0, 3.6816829199208407)	(54.0, 3.276207039380856)	(55.0, 3.6684403498774407)	(56.0, 3.4045079067407573)	(57.0, 2.917629433288196)	(58.0, 3.2187407510234447)	(59.0, 3.147972025669453)	(60.0, 2.8543470704293545)	(61.0, 3.505763878001626)	(62.0, 4.749354652953143)	(63.0, 4.023898887709427)	(64.0, 1.7510799437100975)	(65.0, 1.0056001793015248)	(66.0, 1.0453473461915077)	(67.0, 0.9247363889675682)	(68.0, 0.8413626766215432)	(69.0, 0.6778989543114121)	(70.0, 0.4804472660072072)	(71.0, 0.5455136640708107)	(72.0, 0.44852021987635227)	(73.0, 0.31824374306151365)	(74.0, 0.3560407439516604)	(75.0, 0.3796253301568926)	(76.0, 0.3645253878910855)	(77.0, 0.40499095821922754)	(78.0, 0.32086142558930597)	(79.0, 0.18486316472429584)	(80.0, 0.15418135121958337)	(81.0, 0.15470967708139624)	(82.0, 0.1285987054519712)	(83.0, 0.09429494127987315)	(84.0, 0.07069389166251651)	(85.0, 0.06577881480644453)	(86.0, 0.0647461098640908)	(87.0, 0.04797438293073431)	(88.0, 0.07045891387128529)	(89.0, 0.08184860171376637)	(90.0, 0.04721107927769024)	(91.0, 0.023234364529129574)	(92.0, 0.0146329800310036)	(93.0, 0.007302271614121567)	(94.0, 0.005447892739373335)	(95.0, 0.005627493598913115)	(96.0, 0.006218679761564892)	(97.0, 0.006958036633336989)	(98.0, 0.008324499839668816)	(99.0, 0.011587248787974824)	(100.0, 0.12269283052077141)
SRR19077136_1	(0.0, 1.5761945163019233)	(1.0, 1.0186602171139194)	(2.0, 0.31882700801543573)	(3.0, 0.13048932566820168)	(4.0, 0.0671438472860261)	(5.0, 0.0410741182183402)	(6.0, 0.02755973040989725)	(7.0, 0.019651378108292178)	(8.0, 0.014490073966540742)	(9.0, 0.011334599042832214)	(10.0, 0.009470962846279527)	(11.0, 0.007929529985656809)	(12.0, 0.0065665947477558575)	(13.0, 0.005922188075895919)	(14.0, 0.0056090608902738355)	(15.0, 0.005445690184731879)	(16.0, 0.005672593942429041)	(17.0, 0.006447092102035353)	(18.0, 0.008068697623711067)	(19.0, 0.010499593214506659)	(20.0, 0.014615627379133172)	(21.0, 0.02094775491060196)	(22.0, 0.029784899927047418)	(23.0, 0.04252327688416607)	(24.0, 0.05718882308999261)	(25.0, 0.07378758931139898)	(26.0, 0.09418018636150188)	(27.0, 0.11598261209276314)	(28.0, 0.13892409468766417)	(29.0, 0.1617854046215122)	(30.0, 0.18288745408734824)	(31.0, 0.2070980850336354)	(32.0, 0.24545540892648154)	(33.0, 0.2934576552131751)	(34.0, 0.3449980874282264)	(35.0, 0.389472736628588)	(36.0, 0.44746026094567465)	(37.0, 0.5709881793277275)	(38.0, 0.6475349183327239)	(39.0, 0.6014855570539439)	(40.0, 0.5587429398706706)	(41.0, 0.6491777015384513)	(42.0, 0.6666235751219272)	(43.0, 0.7544368420424467)	(44.0, 1.1593042422849282)	(45.0, 2.0332906234911374)	(46.0, 2.7265950551348146)	(47.0, 2.961844333040078)	(48.0, 3.653188316217252)	(49.0, 4.087618250704238)	(50.0, 4.030486909899528)	(51.0, 3.688284276766131)	(52.0, 3.199925369841402)	(53.0, 3.0046429198169164)	(54.0, 3.0988064665695205)	(55.0, 3.28785208864077)	(56.0, 6.462855862428434)	(57.0, 6.996556190907927)	(58.0, 6.575145994037604)	(59.0, 8.042071224091165)	(60.0, 5.853436237313678)	(61.0, 3.717290140458418)	(62.0, 2.585530501666207)	(63.0, 1.728587618046491)	(64.0, 1.224865814033946)	(65.0, 1.265873373816695)	(66.0, 1.2885637495864113)	(67.0, 0.8661839173248629)	(68.0, 0.4964805487585694)	(69.0, 0.3644876075226946)	(70.0, 0.3153039490042578)	(71.0, 0.33355759996513545)	(72.0, 0.327921310623938)	(73.0, 0.4279707408512064)	(74.0, 0.5064022937368073)	(75.0, 0.40007065480476345)	(76.0, 0.3964477581401987)	(77.0, 0.4215992833350702)	(78.0, 0.30787360728553476)	(79.0, 0.18225514894923214)	(80.0, 0.11487078368004706)	(81.0, 0.11244140078096945)	(82.0, 0.11104972440042686)	(83.0, 0.12691786052204837)	(84.0, 0.16475330577219108)	(85.0, 0.15806115761184278)	(86.0, 0.1349094108681424)	(87.0, 0.11067003877921361)	(88.0, 0.0837456388908684)	(89.0, 0.08675892079308672)	(90.0, 0.07338521331441601)	(91.0, 0.05361887063555727)	(92.0, 0.028736604566486527)	(93.0, 0.004530511695353327)	(94.0, 0.0022841644941514272)	(95.0, 0.0029331092411653092)	(96.0, 0.0027107435586220907)	(97.0, 0.0013145291029255564)	(98.0, 0.00044473136508643685)	(99.0, 5.899497700126202e-05)	(100.0, 3.7817292949526935e-05)
SRR19077136_2	(0.0, 1.474163768750906)	(1.0, 0.9580520490696983)	(2.0, 0.32427311817806664)	(3.0, 0.1609433256544658)	(4.0, 0.09541018781948825)	(5.0, 0.06424368811711476)	(6.0, 0.046636865882607494)	(7.0, 0.03573184870345528)	(8.0, 0.028473958987165277)	(9.0, 0.023725268721851527)	(10.0, 0.02052361507456118)	(11.0, 0.017885622173504624)	(12.0, 0.015780985677486502)	(13.0, 0.014817307627473887)	(14.0, 0.014143036035877007)	(15.0, 0.013739988297978647)	(16.0, 0.014173340377072373)	(17.0, 0.015306722737779034)	(18.0, 0.017046191922393004)	(19.0, 0.020093293429586993)	(20.0, 0.0249919901838178)	(21.0, 0.031289232284214714)	(22.0, 0.04024568032450494)	(23.0, 0.05243408635328088)	(24.0, 0.06676197887044961)	(25.0, 0.08454911193506931)	(26.0, 0.10550910952284376)	(27.0, 0.12759945903720532)	(28.0, 0.15052923880267852)	(29.0, 0.17336052945926675)	(30.0, 0.1970797373128792)	(31.0, 0.22360209672706294)	(32.0, 0.2560656222325981)	(33.0, 0.31066798419840735)	(34.0, 0.36566733303387594)	(35.0, 0.40020367547717406)	(36.0, 0.5131509855464202)	(37.0, 0.7025955440951271)	(38.0, 0.7524083049350089)	(39.0, 0.702001579007698)	(40.0, 0.67753385392656)	(41.0, 0.6395822122305442)	(42.0, 0.6463340194488717)	(43.0, 0.7969268973680604)	(44.0, 1.4962526030482075)	(45.0, 1.7845150725838217)	(46.0, 1.8644685311766138)	(47.0, 2.986333727011979)	(48.0, 5.62480392144236)	(49.0, 6.693821376667127)	(50.0, 5.814319695192875)	(51.0, 6.658563790903379)	(52.0, 5.987880233304031)	(53.0, 3.695455310983528)	(54.0, 3.286026994046485)	(55.0, 3.6733270810426726)	(56.0, 3.3983394281676884)	(57.0, 2.908654609225899)	(58.0, 3.213529918604812)	(59.0, 3.1470164353321644)	(60.0, 2.859241865689796)	(61.0, 3.5103321514892802)	(62.0, 4.744073398932636)	(63.0, 4.025548377888165)	(64.0, 1.7632899120105878)	(65.0, 1.0069011318595675)	(66.0, 1.0405995592688138)	(67.0, 0.9209913550048264)	(68.0, 0.8381271644402194)	(69.0, 0.6751292044527077)	(70.0, 0.478582823544867)	(71.0, 0.5424598291335179)	(72.0, 0.4469238782980688)	(73.0, 0.3171561436483351)	(74.0, 0.35460927893168714)	(75.0, 0.37719813485871245)	(76.0, 0.3611565318469458)	(77.0, 0.40220073156194863)	(78.0, 0.3186304498474896)	(79.0, 0.18188514063752304)	(80.0, 0.1522293123437385)	(81.0, 0.15438849665390827)	(82.0, 0.12837525017180668)	(83.0, 0.09344646651002858)	(84.0, 0.06969543909816099)	(85.0, 0.06542707264079378)	(86.0, 0.06437702721837438)	(87.0, 0.04749902438961564)	(88.0, 0.07022424985202011)	(89.0, 0.08179293210335084)	(90.0, 0.046758083247388955)	(91.0, 0.02297978192844554)	(92.0, 0.014493051176683475)	(93.0, 0.007298800576903743)	(94.0, 0.0055699379117081504)	(95.0, 0.005604787904082821)	(96.0, 0.00620935951093036)	(97.0, 0.007071518017938504)	(98.0, 0.008462487278805773)	(99.0, 0.011789903942056888)	(100.0, 0.12170677989176654)
SRR19077137_1	(0.0, 0.5335511870288864)	(1.0, 0.34286276476802763)	(2.0, 0.10466799459905284)	(3.0, 0.04272683264207984)	(4.0, 0.022925402586706205)	(5.0, 0.015021914789337476)	(6.0, 0.011342027007203537)	(7.0, 0.009396323629398745)	(8.0, 0.008257375310683745)	(9.0, 0.007892640670523823)	(10.0, 0.007880437652823306)	(11.0, 0.008020094410951455)	(12.0, 0.008539400608651269)	(13.0, 0.009248531526136918)	(14.0, 0.010382056281429465)	(15.0, 0.012402333656292975)	(16.0, 0.015779857777625195)	(17.0, 0.021176303382965313)	(18.0, 0.030248569097872526)	(19.0, 0.043830527798548895)	(20.0, 0.06387601820793289)	(21.0, 0.09413001086922787)	(22.0, 0.13594568485633568)	(23.0, 0.19062062771807814)	(24.0, 0.257205715855526)	(25.0, 0.3330095059202873)	(26.0, 0.4193377208063174)	(27.0, 0.5142907574249024)	(28.0, 0.6138280610263153)	(29.0, 0.7159578279436604)	(30.0, 0.8153147980612767)	(31.0, 0.913473160662531)	(32.0, 1.0443776433176974)	(33.0, 1.2417248455704721)	(34.0, 1.4322614080555023)	(35.0, 1.610760371524399)	(36.0, 1.888600034420645)	(37.0, 2.1879576851954714)	(38.0, 2.2577372521887433)	(39.0, 2.0766580284216145)	(40.0, 2.0312777173751)	(41.0, 2.2307197709997966)	(42.0, 2.41132172118575)	(43.0, 2.512224406878765)	(44.0, 2.8906413416626795)	(45.0, 3.7258646851569233)	(46.0, 4.138925987192608)	(47.0, 3.9692538731937517)	(48.0, 4.032893966392808)	(49.0, 4.151227984925585)	(50.0, 3.8714277038521225)	(51.0, 3.4181981352189)	(52.0, 3.1425767097624373)	(53.0, 2.9607964904229562)	(54.0, 2.7814216214613334)	(55.0, 2.7955933926842014)	(56.0, 3.9419014869634688)	(57.0, 3.7616317300371414)	(58.0, 3.140468299481959)	(59.0, 3.443599394507956)	(60.0, 2.758814853225696)	(61.0, 2.2584870598318973)	(62.0, 1.9674722054916591)	(63.0, 1.3839537286517187)	(64.0, 0.8848421693554049)	(65.0, 0.9054164571984781)	(66.0, 0.88226597672974)	(67.0, 0.5933297030711565)	(68.0, 0.38801121847823244)	(69.0, 0.31473345307747835)	(70.0, 0.273757075529995)	(71.0, 0.26249369019241703)	(72.0, 0.22591853436225384)	(73.0, 0.21678389766798842)	(74.0, 0.22509144094032982)	(75.0, 0.19633706356534295)	(76.0, 0.19333647710187116)	(77.0, 0.17512279523842048)	(78.0, 0.11722625570374133)	(79.0, 0.06494446020215601)	(80.0, 0.03542671627545893)	(81.0, 0.041240776264327886)	(82.0, 0.03718937438775596)	(83.0, 0.03290204750230735)	(84.0, 0.03416573777973876)	(85.0, 0.025684640477878853)	(86.0, 0.020341074615907645)	(87.0, 0.01583951697527217)	(88.0, 0.009458694608756948)	(89.0, 0.011434227585385226)	(90.0, 0.010561033874370393)	(91.0, 0.006774030714643021)	(92.0, 0.0042697003043256345)	(93.0, 0.0006426922655606069)	(94.0, 0.0001735540295184761)	(95.0, 0.00011660661358272613)	(96.0, 8.135345133678567e-05)	(97.0, 5.8303306791363066e-05)	(98.0, 4.2032616524005933e-05)	(99.0, 3.525316224594046e-05)	(100.0, 3.796494395716665e-05)
SRR19077137_2	(0.0, 0.5986088114973883)	(1.0, 0.42155800476177446)	(2.0, 0.17898041966665842)	(3.0, 0.0907311599215432)	(4.0, 0.05837961147637155)	(5.0, 0.04380031377514576)	(6.0, 0.035681555570898374)	(7.0, 0.030693329737902657)	(8.0, 0.02759400770238519)	(9.0, 0.025424210883299183)	(10.0, 0.023992606352882837)	(11.0, 0.02314585637470293)	(12.0, 0.02257728547589303)	(13.0, 0.02277133234589259)	(14.0, 0.023646578717568933)	(15.0, 0.025418782998823667)	(16.0, 0.029189805738185776)	(17.0, 0.03580775388495403)	(18.0, 0.04575028127297352)	(19.0, 0.06085336982608624)	(20.0, 0.08915028856805025)	(21.0, 0.12367027686118902)	(22.0, 0.16221504149292007)	(23.0, 0.2162876266379727)	(24.0, 0.28031223796887694)	(25.0, 0.3542237408719267)	(26.0, 0.44726717958003803)	(27.0, 0.5492829113261711)	(28.0, 0.6486661191016808)	(29.0, 0.7475513184765622)	(30.0, 0.8512089852765377)	(31.0, 0.961243059364121)	(32.0, 1.0803430574969288)	(33.0, 1.2552132116445058)	(34.0, 1.4222156472448277)	(35.0, 1.5893402102458483)	(36.0, 2.132400052020845)	(37.0, 2.6020558980912516)	(38.0, 2.5198858689587103)	(39.0, 2.2848951093892413)	(40.0, 2.3263451491864906)	(41.0, 2.4486041760840465)	(42.0, 2.463240466572265)	(43.0, 2.4806612617964214)	(44.0, 2.916904408006694)	(45.0, 3.1078478850573816)	(46.0, 3.0736847801685077)	(47.0, 3.649372992496927)	(48.0, 4.4029370500012375)	(49.0, 4.694398162682817)	(50.0, 4.736347567851813)	(51.0, 4.884937262340078)	(52.0, 4.064036227003682)	(53.0, 2.816762653375732)	(54.0, 2.4118370436180454)	(55.0, 2.8188903840901327)	(56.0, 2.9616125354603695)	(57.0, 2.7353769535499017)	(58.0, 2.7906219617416648)	(59.0, 2.506966146935872)	(60.0, 1.899937329645846)	(61.0, 1.731176259475458)	(62.0, 2.053485396602492)	(63.0, 1.8153695325462467)	(64.0, 1.0216472717498588)	(65.0, 0.6609100695073175)	(66.0, 0.6643418494669601)	(67.0, 0.5507755795569369)	(68.0, 0.40129435504356853)	(69.0, 0.4531225099579968)	(70.0, 0.42717586519392964)	(71.0, 0.26186828652108646)	(72.0, 0.15508822917657256)	(73.0, 0.12486983933027722)	(74.0, 0.16695222766892337)	(75.0, 0.18768674636538)	(76.0, 0.172842839295973)	(77.0, 0.2073777542714194)	(78.0, 0.15053016318826118)	(79.0, 0.05682723651637506)	(80.0, 0.0431733931182241)	(81.0, 0.0419494051689961)	(82.0, 0.0294232047706328)	(83.0, 0.019404686999956143)	(84.0, 0.010763494914940708)	(85.0, 0.007573255814458409)	(86.0, 0.007409062309074163)	(87.0, 0.009482514178719828)	(88.0, 0.025893722890430987)	(89.0, 0.029234585785108753)	(90.0, 0.013470652297102422)	(91.0, 0.007229942121382261)	(92.0, 0.004891880883555378)	(93.0, 0.0038863652844667407)	(94.0, 0.003848370093138155)	(95.0, 0.004028847251948936)	(96.0, 0.004391158540689376)	(97.0, 0.005004509486422256)	(98.0, 0.005988313547608843)	(99.0, 0.008779603139140996)	(100.0, 0.11747570370351072)
SRR19077138_1	(0.0, 0.5253756312999138)	(1.0, 0.3383260708680802)	(2.0, 0.1053152174935639)	(3.0, 0.044722770214526274)	(4.0, 0.02453933616160625)	(5.0, 0.016458349228388104)	(6.0, 0.012530695922522152)	(7.0, 0.01039624950846554)	(8.0, 0.008902137018625913)	(9.0, 0.008163917653764296)	(10.0, 0.008200624694006035)	(11.0, 0.008105458293379306)	(12.0, 0.008301229174668575)	(13.0, 0.009142772060210639)	(14.0, 0.010627367909987594)	(15.0, 0.012829790324491868)	(16.0, 0.016323756747501732)	(17.0, 0.021623165742401522)	(18.0, 0.03050626948090209)	(19.0, 0.04426189293149112)	(20.0, 0.06502176346820733)	(21.0, 0.09556338046934221)	(22.0, 0.13784037418776157)	(23.0, 0.19366226575538223)	(24.0, 0.26079264475747604)	(25.0, 0.3373689687817771)	(26.0, 0.4253706989613213)	(27.0, 0.5204840783076999)	(28.0, 0.6202823636049315)	(29.0, 0.7226256703589236)	(30.0, 0.8218896642926367)	(31.0, 0.9200850754993124)	(32.0, 1.051233892203006)	(33.0, 1.2482664080605832)	(34.0, 1.439881236682482)	(35.0, 1.6174685378520008)	(36.0, 1.8918550231790003)	(37.0, 2.1943876512513594)	(38.0, 2.2693107989447734)	(39.0, 2.087314574386219)	(40.0, 2.0351715439628255)	(41.0, 2.2342215875136895)	(42.0, 2.4175175132008033)	(43.0, 2.514523344399645)	(44.0, 2.8901478467133574)	(45.0, 3.72212243043241)	(46.0, 4.137342953006886)	(47.0, 3.972513387601384)	(48.0, 4.0252260569085285)	(49.0, 4.13494883827112)	(50.0, 3.855621857231583)	(51.0, 3.4060816115510915)	(52.0, 3.133140295993609)	(53.0, 2.954866437219568)	(54.0, 2.7747205193931994)	(55.0, 2.791917087986449)	(56.0, 3.933960119187488)	(57.0, 3.7500170619761124)	(58.0, 3.138794539710845)	(59.0, 3.4463805036564836)	(60.0, 2.7632991917979832)	(61.0, 2.2566223987012126)	(62.0, 1.9617098802790365)	(63.0, 1.3813253503768563)	(64.0, 0.8835738061388636)	(65.0, 0.9008437888125967)	(66.0, 0.8761005246496476)	(67.0, 0.5891942195601975)	(68.0, 0.38689084462790835)	(69.0, 0.31361135662531897)	(70.0, 0.27257424515506495)	(71.0, 0.2615036737221586)	(72.0, 0.22554300996533602)	(73.0, 0.2169698767888768)	(74.0, 0.22466476003955224)	(75.0, 0.1958035097694836)	(76.0, 0.19333054287319762)	(77.0, 0.17498653939239137)	(78.0, 0.11715255821151987)	(79.0, 0.06554517867165432)	(80.0, 0.03543045095333078)	(81.0, 0.040428046506242946)	(82.0, 0.03632501511922202)	(83.0, 0.03239600229334711)	(84.0, 0.03430612790592644)	(85.0, 0.025694928169216518)	(86.0, 0.020003977411738195)	(87.0, 0.015595054022702788)	(88.0, 0.009418754622028151)	(89.0, 0.011570874796201152)	(90.0, 0.010657277350184565)	(91.0, 0.006877811725294517)	(92.0, 0.0043055998683549585)	(93.0, 0.0006294577641453571)	(94.0, 0.00015906384104753083)	(95.0, 9.788544064463436e-05)	(96.0, 8.836880058196158e-05)	(97.0, 6.933552045661601e-05)	(98.0, 4.758320031336393e-05)	(99.0, 3.398800022383137e-05)	(100.0, 2.583088017011184e-05)
SRR19077138_2	(0.0, 0.5760556667487571)	(1.0, 0.4093481862286806)	(2.0, 0.18077836093714594)	(3.0, 0.09556115769178943)	(4.0, 0.06198480674201588)	(5.0, 0.04646887507236652)	(6.0, 0.038130575565954936)	(7.0, 0.03293002388294171)	(8.0, 0.02920717997799032)	(9.0, 0.02666813512176251)	(10.0, 0.02517409908095965)	(11.0, 0.02417399298807249)	(12.0, 0.02386647737311671)	(13.0, 0.023748097468244352)	(14.0, 0.023972611080933307)	(15.0, 0.026160598288229295)	(16.0, 0.03060732850803234)	(17.0, 0.03753323328734614)	(18.0, 0.04805679862393021)	(19.0, 0.06316860579073946)	(20.0, 0.09091168487628544)	(21.0, 0.12644606666641903)	(22.0, 0.16640404697080588)	(23.0, 0.22047644972623828)	(24.0, 0.2847608201376138)	(25.0, 0.36012799888445307)	(26.0, 0.45353246520586676)	(27.0, 0.5551595725059432)	(28.0, 0.6547687786689427)	(29.0, 0.7538949403925203)	(30.0, 0.8585264480369434)	(31.0, 0.9707955005784764)	(32.0, 1.0924505828189692)	(33.0, 1.2639667367162746)	(34.0, 1.4285964458025566)	(35.0, 1.5991519535752656)	(36.0, 2.1405617681647127)	(37.0, 2.608736602983585)	(38.0, 2.5244419465830954)	(39.0, 2.290942346632336)	(40.0, 2.3346394991044153)	(41.0, 2.4561489876688007)	(42.0, 2.4737018701153914)	(43.0, 2.4865562949582554)	(44.0, 2.9174251314795936)	(45.0, 3.109169281535893)	(46.0, 3.0716768689053993)	(47.0, 3.6397942785849)	(48.0, 4.38389906477562)	(49.0, 4.677222698032335)	(50.0, 4.722536348515774)	(51.0, 4.863205692718179)	(52.0, 4.047841646548546)	(53.0, 2.814235953710627)	(54.0, 2.411906199083459)	(55.0, 2.8127609673096887)	(56.0, 2.952706425197242)	(57.0, 2.729289527489059)	(58.0, 2.7847267008719276)	(59.0, 2.4997345636788166)	(60.0, 1.8946826236791405)	(61.0, 1.7254292948600276)	(62.0, 2.046041537222663)	(63.0, 1.8139584140646865)	(64.0, 1.024111360493575)	(65.0, 0.6599625269091471)	(66.0, 0.6616688303655831)	(67.0, 0.5500474655794438)	(68.0, 0.4001689811911068)	(69.0, 0.4513784952126146)	(70.0, 0.4261077872437706)	(71.0, 0.261392354778098)	(72.0, 0.15584102166593103)	(73.0, 0.1251915118124844)	(74.0, 0.16757968188815892)	(75.0, 0.18768793745371873)	(76.0, 0.17159643452244858)	(77.0, 0.2072859348086218)	(78.0, 0.15123236950727956)	(79.0, 0.05722511815301006)	(80.0, 0.04293516687749856)	(81.0, 0.04198132419571094)	(82.0, 0.03023994259635951)	(83.0, 0.01974359103101046)	(84.0, 0.011002527710320507)	(85.0, 0.007955946020559487)	(86.0, 0.007437523678532265)	(87.0, 0.009283978056828695)	(88.0, 0.02563537250339332)	(89.0, 0.02885067957481149)	(90.0, 0.013277598985568576)	(91.0, 0.007234781082831331)	(92.0, 0.004937938790595241)	(93.0, 0.003999063682986887)	(94.0, 0.0038902085980467883)	(95.0, 0.004114722210735743)	(96.0, 0.004487550876655582)	(97.0, 0.005167895157531201)	(98.0, 0.006285020466728968)	(99.0, 0.008976462441872916)	(100.0, 0.11654705737967877)
SRR19077139_1	(0.0, 1.9590057840680057)	(1.0, 1.2348938887626433)	(2.0, 0.3541514153249727)	(3.0, 0.14817330561632144)	(4.0, 0.07898552999885781)	(5.0, 0.0497062912457162)	(6.0, 0.03529333010987307)	(7.0, 0.026957034691698488)	(8.0, 0.021675758628608068)	(9.0, 0.01875979340893966)	(10.0, 0.016661466505515903)	(11.0, 0.014835685707507025)	(12.0, 0.013974940609283495)	(13.0, 0.01378860806782638)	(14.0, 0.01378860806782638)	(15.0, 0.014492221993030107)	(16.0, 0.016071876971353097)	(17.0, 0.01892109620602194)	(18.0, 0.02362529760713697)	(19.0, 0.03144014001750246)	(20.0, 0.04357400387388135)	(21.0, 0.062335187824175166)	(22.0, 0.08968574571910025)	(23.0, 0.126352930686881)	(24.0, 0.17132581916304485)	(25.0, 0.22232531386812757)	(26.0, 0.28047775329899677)	(27.0, 0.3474184140881418)	(28.0, 0.41739045502935024)	(29.0, 0.48429635228464135)	(30.0, 0.5499591055693156)	(31.0, 0.6186323808857409)	(32.0, 0.6881344188492442)	(33.0, 0.8012438336791285)	(34.0, 0.9377046094693808)	(35.0, 1.1134342731010427)	(36.0, 1.3049424094783304)	(37.0, 1.5070158790645072)	(38.0, 1.637751796099693)	(39.0, 1.5420811603922984)	(40.0, 1.4906950951907598)	(41.0, 1.6291457356588115)	(42.0, 1.8084254513676377)	(43.0, 1.9348395658741018)	(44.0, 2.2712727032643985)	(45.0, 3.29464300339801)	(46.0, 3.808146286285377)	(47.0, 3.725130967442171)	(48.0, 4.091603969706333)	(49.0, 4.283468084670285)	(50.0, 3.8463820019006474)	(51.0, 3.2826662707146514)	(52.0, 3.326244446212595)	(53.0, 3.4617095943932705)	(54.0, 3.3445564853054957)	(55.0, 3.3057089314943964)	(56.0, 4.4019102255933635)	(57.0, 4.146065912383269)	(58.0, 3.333073394802863)	(59.0, 3.5451045310261624)	(60.0, 2.8610277118483496)	(61.0, 2.477941912026066)	(62.0, 2.2413371289920945)	(63.0, 1.5553302384147116)	(64.0, 1.005962112920913)	(65.0, 1.0879984906507925)	(66.0, 1.1401716022587842)	(67.0, 0.823947202368459)	(68.0, 0.5618162516962172)	(69.0, 0.48075047183153957)	(70.0, 0.44608010424832906)	(71.0, 0.42710199584678665)	(72.0, 0.386560762666323)	(73.0, 0.3922494673461816)	(74.0, 0.4255821341466925)	(75.0, 0.3840939423040475)	(76.0, 0.3859238947261188)	(77.0, 0.36399227648834576)	(78.0, 0.24129368848019084)	(79.0, 0.13606029988025492)	(80.0, 0.09323857887897281)	(81.0, 0.10428782047910881)	(82.0, 0.0966398430312422)	(83.0, 0.0947167243384423)	(84.0, 0.11365033541665165)	(85.0, 0.08964681056118384)	(86.0, 0.05015404556175493)	(87.0, 0.041363043120770826)	(88.0, 0.03198384168697808)	(89.0, 0.028009674496795763)	(90.0, 0.022140199440896697)	(91.0, 0.01613167024958187)	(92.0, 0.009173401313377433)	(93.0, 0.00067858418082889)	(94.0, 0.0002725461054148821)	(95.0, 0.00022248661666520985)	(96.0, 0.00017659875197801033)	(97.0, 8.204193989529612e-05)	(98.0, 4.588786468719953e-05)	(99.0, 4.3106781978884407e-05)	(100.0, 4.449732333304197e-05)
SRR19077139_2	(0.0, 1.9557041631332035)	(1.0, 1.262839061741642)	(2.0, 0.4141869072042047)	(3.0, 0.2010526970345531)	(4.0, 0.1188212709373096)	(5.0, 0.0817148603057117)	(6.0, 0.06217864838931583)	(7.0, 0.04997182279805059)	(8.0, 0.0419504332427547)	(9.0, 0.036581490676321625)	(10.0, 0.03256592263648942)	(11.0, 0.02950551398477264)	(12.0, 0.027134323841972972)	(13.0, 0.025487161223692288)	(14.0, 0.02460858166990098)	(15.0, 0.0248800919915956)	(16.0, 0.02669990732726158)	(17.0, 0.030154354035591576)	(18.0, 0.03578923748122297)	(19.0, 0.04515147031750306)	(20.0, 0.06119703414934299)	(21.0, 0.08143499582027264)	(22.0, 0.10759049014352091)	(23.0, 0.14359275880022737)	(24.0, 0.18517978592009848)	(25.0, 0.23453061587981167)	(26.0, 0.2984107289517471)	(27.0, 0.3678059824556435)	(28.0, 0.4330241540873149)	(29.0, 0.5018304390472277)	(30.0, 0.5748305142068542)	(31.0, 0.6501878559030396)	(32.0, 0.7212609039589463)	(33.0, 0.801357841219483)	(34.0, 0.9261885406103001)	(35.0, 1.1339872248684963)	(36.0, 1.5371814449456294)	(37.0, 1.709235447262573)	(38.0, 1.738099082999647)	(39.0, 1.7321147170373732)	(40.0, 1.696712555809643)	(41.0, 1.8178716002347741)	(42.0, 1.8668325692197465)	(43.0, 1.9663473677436327)	(44.0, 2.6711463920441405)	(45.0, 2.9283975485876077)	(46.0, 2.9442815985870547)	(47.0, 3.7240369647240144)	(48.0, 4.532124084839652)	(49.0, 4.877366863382161)	(50.0, 4.559521564839574)	(51.0, 4.5746885491176235)	(52.0, 4.089322774450083)	(53.0, 2.939214798276046)	(54.0, 2.6176435427034357)	(55.0, 2.9386996248451385)	(56.0, 3.332338073959244)	(57.0, 3.4971114225729)	(58.0, 3.29963709234222)	(59.0, 2.91165580444373)	(60.0, 2.321098576987949)	(61.0, 2.044635628553496)	(62.0, 2.3818890418350622)	(63.0, 2.050224564098533)	(64.0, 1.1818384824360808)	(65.0, 0.8487148107655208)	(66.0, 0.8997935602597109)	(67.0, 0.7607064804389901)	(68.0, 0.6079505963717254)	(69.0, 0.7574901273973769)	(70.0, 0.7302151751323724)	(71.0, 0.46140881776970727)	(72.0, 0.2951665286976524)	(73.0, 0.23777899321577853)	(74.0, 0.31385618535461074)	(75.0, 0.3414012555806858)	(76.0, 0.2928078698004694)	(77.0, 0.3241735775790062)	(78.0, 0.2247618137413017)	(79.0, 0.08464995650126174)	(80.0, 0.06527108133538635)	(81.0, 0.06640585524400744)	(82.0, 0.05709931683269035)	(83.0, 0.043458359798627895)	(84.0, 0.021673485474350947)	(85.0, 0.015050025985626327)	(86.0, 0.013362484909247466)	(87.0, 0.01490522048072253)	(88.0, 0.037493486885090736)	(89.0, 0.04230826992314197)	(90.0, 0.019331534904656854)	(91.0, 0.009647666764215452)	(92.0, 0.006243345038352155)	(93.0, 0.004621244911304818)	(94.0, 0.004383151244587999)	(95.0, 0.004624029632552968)	(96.0, 0.005310463420221927)	(97.0, 0.005989935404770511)	(98.0, 0.007000789217848938)	(99.0, 0.010108538130784267)	(100.0, 0.13418040098148057)
SRR19077140_1	(0.0, 1.9338242029523807)	(1.0, 1.2245218618026443)	(2.0, 0.36195572265736353)	(3.0, 0.1583738464595565)	(4.0, 0.08722227918649368)	(5.0, 0.0557865552839742)	(6.0, 0.03973676332877483)	(7.0, 0.030343702082835673)	(8.0, 0.024101186546558954)	(9.0, 0.02025191423196474)	(10.0, 0.017741519244185898)	(11.0, 0.01589777359205055)	(12.0, 0.014787621141899463)	(13.0, 0.014425008532553631)	(14.0, 0.014401299246557942)	(15.0, 0.014996820724214367)	(16.0, 0.016351039353732843)	(17.0, 0.019069239259944484)	(18.0, 0.02446379915590479)	(19.0, 0.03254308702490635)	(20.0, 0.04459298296624478)	(21.0, 0.06398160025519002)	(22.0, 0.09153179058218068)	(23.0, 0.1286730844263686)	(24.0, 0.17435251055676879)	(25.0, 0.22612940717970736)	(26.0, 0.2859563037301234)	(27.0, 0.3520759237165717)	(28.0, 0.41889845429959816)	(29.0, 0.4877251168812013)	(30.0, 0.5560510951291309)	(31.0, 0.6244440172434012)	(32.0, 0.6944380134943214)	(33.0, 0.8071184871846567)	(34.0, 0.9449057000805446)	(35.0, 1.1230210137912175)	(36.0, 1.3124791288550044)	(37.0, 1.513458562248814)	(38.0, 1.639580806434823)	(39.0, 1.5450476991783644)	(40.0, 1.497807644163895)	(41.0, 1.6322337171039234)	(42.0, 1.8127631939945104)	(43.0, 1.9394935116331145)	(44.0, 2.2740120117379377)	(45.0, 3.292200325503393)	(46.0, 3.8030922041301465)	(47.0, 3.7223104827511877)	(48.0, 4.084257837425258)	(49.0, 4.269505462228987)	(50.0, 3.828689865022198)	(51.0, 3.272401677033111)	(52.0, 3.3246792579897226)	(53.0, 3.462840240806013)	(54.0, 3.342430539881083)	(55.0, 3.300824926950295)	(56.0, 4.385011524944456)	(57.0, 4.12823019496397)	(58.0, 3.329594053510241)	(59.0, 3.5427670332252448)	(60.0, 2.8633342084384306)	(61.0, 2.477761247601596)	(62.0, 2.2349140044671643)	(63.0, 1.5499429694045332)	(64.0, 1.006673968754843)	(65.0, 1.0918223827486548)	(66.0, 1.139902025420148)	(67.0, 0.8226132029147806)	(68.0, 0.5611095410295052)	(69.0, 0.47988431653603875)	(70.0, 0.44470531477396463)	(71.0, 0.4260405280398289)	(72.0, 0.3860206479429879)	(73.0, 0.3931780629859218)	(74.0, 0.4265983935926687)	(75.0, 0.38335126127264973)	(76.0, 0.3846552720024127)	(77.0, 0.363969617303115)	(78.0, 0.24225869497618638)	(79.0, 0.13599785913515444)	(80.0, 0.09258476181316569)	(81.0, 0.1031786286615924)	(82.0, 0.09536711625795391)	(83.0, 0.09294319043086523)	(84.0, 0.11252984999106858)	(85.0, 0.08926406710988713)	(86.0, 0.04980065790200377)	(87.0, 0.04071163338236228)	(88.0, 0.03155705966026211)	(89.0, 0.028069005291131623)	(90.0, 0.022113790514567376)	(91.0, 0.016084658552251864)	(92.0, 0.009094603175169894)	(93.0, 0.0006652546717613925)	(94.0, 0.000278932776419871)	(95.0, 0.0002538288265420826)	(96.0, 0.0001868849602013136)	(97.0, 7.949584127966325e-05)	(98.0, 3.486659705248388e-05)	(99.0, 2.649861375988775e-05)	(100.0, 3.905058869878194e-05)
SRR19077140_2	(0.0, 1.9039251635563958)	(1.0, 1.2392260824085353)	(2.0, 0.42313125930799106)	(3.0, 0.21394901726497212)	(4.0, 0.13031606471127113)	(5.0, 0.09055057273369936)	(6.0, 0.06904631311095868)	(7.0, 0.05582699653440217)	(8.0, 0.04641774816923988)	(9.0, 0.040178901138338885)	(10.0, 0.03576547901663592)	(11.0, 0.03194423758468044)	(12.0, 0.02904618350160017)	(13.0, 0.027371597069979332)	(14.0, 0.026177459122493245)	(15.0, 0.026163492596791654)	(16.0, 0.028079699923050032)	(17.0, 0.031747309572288)	(18.0, 0.03724453408843448)	(19.0, 0.04641914482181004)	(20.0, 0.06262729789850716)	(21.0, 0.08330194589457329)	(22.0, 0.10974197570025647)	(23.0, 0.14685522444709598)	(24.0, 0.1895089939397569)	(25.0, 0.2386990974607627)	(26.0, 0.3024702538142302)	(27.0, 0.37157662298570576)	(28.0, 0.43827376647365673)	(29.0, 0.5095002542466339)	(30.0, 0.5823175292970223)	(31.0, 0.6592423595562489)	(32.0, 0.7305330933474533)	(33.0, 0.808696754436411)	(34.0, 0.9318228517165027)	(35.0, 1.1383165375619653)	(36.0, 1.538306660434989)	(37.0, 1.7143756666921042)	(38.0, 1.7450349839122383)	(39.0, 1.738872952772696)	(40.0, 1.7054440735059364)	(41.0, 1.8243592632869985)	(42.0, 1.8764390409756633)	(43.0, 1.9711167220541832)	(44.0, 2.6664793103798887)	(45.0, 2.92719523895664)	(46.0, 2.942322382944034)	(47.0, 3.717512045569757)	(48.0, 4.518432238495521)	(49.0, 4.857990601310328)	(50.0, 4.547384846274921)	(51.0, 4.5647633942054116)	(52.0, 4.0790034403463435)	(53.0, 2.934996940213549)	(54.0, 2.6207654751060088)	(55.0, 2.9355793443353058)	(56.0, 3.3216881373135174)	(57.0, 3.489561586288939)	(58.0, 3.2979226971796893)	(59.0, 2.9107622248161475)	(60.0, 2.31664018799614)	(61.0, 2.041587620786704)	(62.0, 2.3761124477386577)	(63.0, 2.047122554922245)	(64.0, 1.1838795343582678)	(65.0, 0.8464999495529091)	(66.0, 0.8964693852080639)	(67.0, 0.759075085271226)	(68.0, 0.6073427500491342)	(69.0, 0.7564465851341864)	(70.0, 0.729573593031754)	(71.0, 0.46116629875113563)	(72.0, 0.2941001149612663)	(73.0, 0.23707339386909745)	(74.0, 0.31391023501640397)	(75.0, 0.34066311499780283)	(76.0, 0.29160290016582174)	(77.0, 0.3238334515273848)	(78.0, 0.2255314570293021)	(79.0, 0.08466507880304863)	(80.0, 0.0646678073035097)	(81.0, 0.06575998961337416)	(82.0, 0.055845153017814245)	(83.0, 0.04267471928121331)	(84.0, 0.021787780094482987)	(85.0, 0.014998651950939282)	(86.0, 0.01317741699945173)	(87.0, 0.014857590041353206)	(88.0, 0.0376369934606492)	(89.0, 0.042102091727448054)	(90.0, 0.01940788411493177)	(91.0, 0.010023775496032334)	(92.0, 0.006272366692584814)	(93.0, 0.004675992804892887)	(94.0, 0.004515377759324583)	(95.0, 0.004766775221953234)	(96.0, 0.005209514086693689)	(97.0, 0.005899460456352317)	(98.0, 0.007110358234680313)	(99.0, 0.010328245756327032)	(100.0, 0.13266523433427885)
SRR19077141_1	(0.0, 0.27437962977998853)	(1.0, 0.17446314907166618)	(2.0, 0.05167773854133254)	(3.0, 0.021963632981118166)	(4.0, 0.012480648572762754)	(5.0, 0.008779116114561015)	(6.0, 0.006954942980161382)	(7.0, 0.005699975234473296)	(8.0, 0.005017607740650108)	(9.0, 0.004622671993810485)	(10.0, 0.004604566056992623)	(11.0, 0.004789020288324596)	(12.0, 0.005058346098490298)	(13.0, 0.005676211192399852)	(14.0, 0.006643747191104372)	(15.0, 0.008411339272948185)	(16.0, 0.011480295563575858)	(17.0, 0.016372293367552047)	(18.0, 0.023959812515287494)	(19.0, 0.03591538892033224)	(20.0, 0.05436307529563175)	(21.0, 0.0824125662896539)	(22.0, 0.12162436733188821)	(23.0, 0.17574527572258106)	(24.0, 0.24144493070829687)	(25.0, 0.3132089429069455)	(26.0, 0.3998379292330591)	(27.0, 0.4993651322997974)	(28.0, 0.6014814843314901)	(29.0, 0.7019456696285528)	(30.0, 0.8001251120234113)	(31.0, 0.9039298426633696)	(32.0, 1.0297547873370019)	(33.0, 1.1953369743995068)	(34.0, 1.3839510447153833)	(35.0, 1.5826569115651161)	(36.0, 1.808751402715019)	(37.0, 2.061919927512882)	(38.0, 2.054628893080539)	(39.0, 1.8693089716444622)	(40.0, 1.9756700342388924)	(41.0, 2.0072309453545287)	(42.0, 2.0418766554555083)	(43.0, 2.2029119891346274)	(44.0, 2.4685758735789176)	(45.0, 3.359046215460309)	(46.0, 3.7838816537125295)	(47.0, 3.6588760026799045)	(48.0, 3.92425132375616)	(49.0, 3.931493698483305)	(50.0, 3.421129209566656)	(51.0, 2.996585729545624)	(52.0, 3.0328338150549845)	(53.0, 3.192781660903981)	(54.0, 3.115077769808022)	(55.0, 2.9903606821434328)	(56.0, 3.798550857398151)	(57.0, 3.5955142767857953)	(58.0, 2.9647905728724067)	(59.0, 3.105270010157996)	(60.0, 2.5381253033805313)	(61.0, 2.193564799252406)	(62.0, 1.9453199576479503)	(63.0, 1.3985217973695583)	(64.0, 1.020790085370058)	(65.0, 1.1119274499638192)	(66.0, 1.1817790225860811)	(67.0, 0.934955497021828)	(68.0, 0.68520786266149)	(69.0, 0.5808294001486158)	(70.0, 0.5312146067834684)	(71.0, 0.5190010207787692)	(72.0, 0.49714036531330263)	(73.0, 0.5098088629805507)	(74.0, 0.5729261587276189)	(75.0, 0.5031300355368618)	(76.0, 0.4658012519236851)	(77.0, 0.4793060175477082)	(78.0, 0.3650258708375654)	(79.0, 0.2192753426958755)	(80.0, 0.15413697175151345)	(81.0, 0.16599296550405995)	(82.0, 0.15744243684182446)	(83.0, 0.17127424094962015)	(84.0, 0.22426579153129886)	(85.0, 0.1974112923672556)	(86.0, 0.132734622811749)	(87.0, 0.10675939320442321)	(88.0, 0.08272828856291538)	(89.0, 0.07796190069561311)	(90.0, 0.06363557818847952)	(91.0, 0.04497514705557012)	(92.0, 0.023810438536540128)	(93.0, 0.0030078487538673856)	(94.0, 0.0008724798304107428)	(95.0, 0.000847584167286182)	(96.0, 0.0006868939780276535)	(97.0, 0.00020934989445653358)	(98.0, 6.676564201586747e-05)	(99.0, 3.847511573795753e-05)	(100.0, 3.847511573795753e-05)
SRR19077141_2	(0.0, 0.2845462389903458)	(1.0, 0.19964807160249057)	(2.0, 0.08632178197133134)	(3.0, 0.04716841700287339)	(4.0, 0.03227539252179903)	(5.0, 0.025931983387312528)	(6.0, 0.02271554311915654)	(7.0, 0.020547843586321838)	(8.0, 0.018792392031518397)	(9.0, 0.018051704730330364)	(10.0, 0.017793483469365726)	(11.0, 0.01746957434376974)	(12.0, 0.017539792405961877)	(13.0, 0.01797469137179705)	(14.0, 0.019270327874181013)	(15.0, 0.021488992129574523)	(16.0, 0.02545404754464991)	(17.0, 0.03197413438400695)	(18.0, 0.041284822920806374)	(19.0, 0.05563422369458677)	(20.0, 0.07967937979783314)	(21.0, 0.11109516733247358)	(22.0, 0.14927567237475334)	(23.0, 0.20195167706214875)	(24.0, 0.2668762034045114)	(25.0, 0.3433504684280905)	(26.0, 0.43773600205761576)	(27.0, 0.5399214033374191)	(28.0, 0.6403638111057114)	(29.0, 0.7429659905611069)	(30.0, 0.8533465192283669)	(31.0, 0.9655934892906696)	(32.0, 1.076687524073753)	(33.0, 1.2225338368949936)	(34.0, 1.4274946976868925)	(35.0, 1.7143434095875063)	(36.0, 1.973445793977714)	(37.0, 2.207560741172032)	(38.0, 2.1943019854610104)	(39.0, 2.0661030572378003)	(40.0, 2.1867875202570617)	(41.0, 2.259446226385071)	(42.0, 2.2754616073118292)	(43.0, 2.370914002466919)	(44.0, 3.011725170581758)	(45.0, 3.155597449815887)	(46.0, 2.90066511228038)	(47.0, 3.3734127461865078)	(48.0, 3.834463409990694)	(49.0, 4.105947956863912)	(50.0, 3.9959241812545634)	(51.0, 3.930399403735397)	(52.0, 3.520314595039411)	(53.0, 2.714221434018182)	(54.0, 2.6999173352200097)	(55.0, 2.79803348654084)	(56.0, 2.740276865289026)	(57.0, 2.93207750216685)	(58.0, 2.852998373545821)	(59.0, 2.510593583858544)	(60.0, 2.096745313538937)	(61.0, 1.9591247069386883)	(62.0, 2.2267212117553643)	(63.0, 2.0114009216913447)	(64.0, 1.2875602926824739)	(65.0, 0.9552510482594019)	(66.0, 1.0899270264451415)	(67.0, 0.9352037915035465)	(68.0, 0.7536595219033353)	(69.0, 0.9514422846601734)	(70.0, 0.9014085177001048)	(71.0, 0.554174537413033)	(72.0, 0.3292932653969806)	(73.0, 0.266503594655137)	(74.0, 0.3136436979232555)	(75.0, 0.3471014720084189)	(76.0, 0.3981262196849089)	(77.0, 0.5441820541433356)	(78.0, 0.408482251308859)	(79.0, 0.16525141407285487)	(80.0, 0.15894537906824482)	(81.0, 0.16161140033276566)	(82.0, 0.1278716214494435)	(83.0, 0.0909584391747928)	(84.0, 0.04813334908332018)	(85.0, 0.03756439817401327)	(86.0, 0.03630273815333518)	(87.0, 0.03780789629290536)	(88.0, 0.08298868911598518)	(89.0, 0.09400612958380962)	(90.0, 0.04615478529864818)	(91.0, 0.022312355536246848)	(92.0, 0.014923603314609648)	(93.0, 0.008870126824013263)	(94.0, 0.0047997443156496695)	(95.0, 0.004888083168084939)	(96.0, 0.005189341305877014)	(97.0, 0.005825834063167036)	(98.0, 0.006947057959460847)	(99.0, 0.009914337361773762)	(100.0, 0.09309329477531182)
SRR19077142_1	(0.0, 0.26844316626174847)	(1.0, 0.17133494939875513)	(2.0, 0.052053178652785824)	(3.0, 0.023059594216072996)	(4.0, 0.013605115496371969)	(5.0, 0.00970022527519105)	(6.0, 0.0076745071090645765)	(7.0, 0.006212427831676685)	(8.0, 0.005215914276386867)	(9.0, 0.004852930832039218)	(10.0, 0.004827003443157243)	(11.0, 0.0048822400542536245)	(12.0, 0.005091913720864379)	(13.0, 0.005784062276235361)	(14.0, 0.006807630498184631)	(15.0, 0.00846247427552112)	(16.0, 0.01158052460802297)	(17.0, 0.01656421966224954)	(18.0, 0.02458818288233204)	(19.0, 0.036811255823517)	(20.0, 0.055156574374180464)	(21.0, 0.08311080870005934)	(22.0, 0.1228022592450305)	(23.0, 0.17775817817482004)	(24.0, 0.24400491132382093)	(25.0, 0.31642010847117685)	(26.0, 0.4051549060030698)	(27.0, 0.5066223060315674)	(28.0, 0.6081787610044856)	(29.0, 0.708497464977734)	(30.0, 0.8060408110628337)	(31.0, 0.9136823114785735)	(32.0, 1.0409508452779686)	(33.0, 1.2041953220677701)	(34.0, 1.3925983842953071)	(35.0, 1.5895721394650029)	(36.0, 1.8160118084601744)	(37.0, 2.0684690485595194)	(38.0, 2.061298434616987)	(39.0, 1.878150741388049)	(40.0, 1.98485772852626)	(41.0, 2.0189556267393898)	(42.0, 2.0530557795080737)	(43.0, 2.206795050078188)	(44.0, 2.4723061668407187)	(45.0, 3.3608141109926715)	(46.0, 3.7824847637135597)	(47.0, 3.659019665135373)	(48.0, 3.920392545176784)	(49.0, 3.9240336523980353)	(50.0, 3.41336216458977)	(51.0, 2.9886873165919057)	(52.0, 3.0277407279148245)	(53.0, 3.1890485414829204)	(54.0, 3.1058396596162203)	(55.0, 2.9816283031493436)	(56.0, 3.779315985881071)	(57.0, 3.5766179141573464)	(58.0, 2.9608931557104285)	(59.0, 3.102323680228269)	(60.0, 2.5380332249343023)	(61.0, 2.1910796705823787)	(62.0, 1.9394013794272709)	(63.0, 1.3944538835170346)	(64.0, 1.0178844873952309)	(65.0, 1.1071175417047687)	(66.0, 1.1759198135753104)	(67.0, 0.9317785016404145)	(68.0, 0.6842846655953019)	(69.0, 0.5781221536236119)	(70.0, 0.5276032000259725)	(71.0, 0.5170800619732231)	(72.0, 0.4967879347008566)	(73.0, 0.5086525333088038)	(74.0, 0.5708455755699967)	(75.0, 0.5014154099774003)	(76.0, 0.4646796817649743)	(77.0, 0.47855872576127323)	(78.0, 0.3639416304585045)	(79.0, 0.21928032783041415)	(80.0, 0.15404589012558775)	(81.0, 0.1657909972891224)	(82.0, 0.1565721196249141)	(83.0, 0.16960570528810515)	(84.0, 0.2221695407740881)	(85.0, 0.1956694947811548)	(86.0, 0.13103251429839133)	(87.0, 0.10560112763850636)	(88.0, 0.08288422586678643)	(89.0, 0.07815416831249222)	(90.0, 0.06381744953853756)	(91.0, 0.04454325409923291)	(92.0, 0.02329744982712068)	(93.0, 0.00281255805480554)	(94.0, 0.0008093854442286084)	(95.0, 0.000834185555333106)	(96.0, 0.000668475722043962)	(97.0, 0.00023109194438281994)	(98.0, 7.327305553601607e-05)	(99.0, 3.156377776936077e-05)	(100.0, 3.494561110179228e-05)
SRR19077142_2	(0.0, 0.2746683490138771)	(1.0, 0.1935817737876462)	(2.0, 0.08612183820065267)	(3.0, 0.049031479633743345)	(4.0, 0.03408138559967139)	(5.0, 0.02734363285863466)	(6.0, 0.023634032890026357)	(7.0, 0.021563742153287845)	(8.0, 0.019986485232328478)	(9.0, 0.018911287917826133)	(10.0, 0.01846789595077532)	(11.0, 0.018410356535203846)	(12.0, 0.018346047776623957)	(13.0, 0.018577333662744607)	(14.0, 0.019843200805317148)	(15.0, 0.022095135579447978)	(16.0, 0.026342898317224816)	(17.0, 0.033102087311121506)	(18.0, 0.04300789258009379)	(19.0, 0.05743674720251823)	(20.0, 0.08131109176934312)	(21.0, 0.11374527057030157)	(22.0, 0.15325905393422146)	(23.0, 0.20681583936908637)	(24.0, 0.27326596678730164)	(25.0, 0.349541795582223)	(26.0, 0.44465444952187794)	(27.0, 0.5495950612859085)	(28.0, 0.6516395224661745)	(29.0, 0.7556707858194088)	(30.0, 0.8646267462112608)	(31.0, 0.9746883659611529)	(32.0, 1.0881324007675803)	(33.0, 1.2330076233858869)	(34.0, 1.4363823800590318)	(35.0, 1.7228519503842359)	(36.0, 1.9796706701087723)	(37.0, 2.210249159885045)	(38.0, 2.199148565575088)	(39.0, 2.077853221102741)	(40.0, 2.198992870685895)	(41.0, 2.2682635576909473)	(42.0, 2.282050452951408)	(43.0, 2.3767761261157485)	(44.0, 3.0079225908477984)	(45.0, 3.1552302640537935)	(46.0, 2.906834863479388)	(47.0, 3.3659711941439228)	(48.0, 3.8175867847261147)	(49.0, 4.088946053232714)	(50.0, 3.987527756280726)	(51.0, 3.922028721555192)	(52.0, 3.509937068351433)	(53.0, 2.709102354203752)	(54.0, 2.6946058061512432)	(55.0, 2.7933806746584477)	(56.0, 2.729022274229831)	(57.0, 2.9179602787137084)	(58.0, 2.8436938165684498)	(59.0, 2.5042191622635666)	(60.0, 2.094698731179167)	(61.0, 1.9546207163061535)	(62.0, 2.21722722430288)	(63.0, 2.0038496351109756)	(64.0, 1.2854203898523306)	(65.0, 0.9548338829174885)	(66.0, 1.0851482487247064)	(67.0, 0.931991863159446)	(68.0, 0.7525219130966637)	(69.0, 0.9467907751996635)	(70.0, 0.8968465624836197)	(71.0, 0.5516123255024145)	(72.0, 0.32868432154947913)	(73.0, 0.2657926121060178)	(74.0, 0.3128068275232551)	(75.0, 0.344481711683437)	(76.0, 0.3937433489794663)	(77.0, 0.5392379664830422)	(78.0, 0.40445583429027404)	(79.0, 0.16391851272479663)	(80.0, 0.15864519452124579)	(81.0, 0.161725245590072)	(82.0, 0.12771042519665)	(83.0, 0.09033462599955272)	(84.0, 0.04804541200218505)	(85.0, 0.03846679164528589)	(86.0, 0.03651609263502927)	(87.0, 0.03751569895260438)	(88.0, 0.08328548348012918)	(89.0, 0.09407807268320308)	(90.0, 0.04597850593695074)	(91.0, 0.022403140686330602)	(92.0, 0.014869990141805775)	(93.0, 0.009052868049912713)	(94.0, 0.005082648375480654)	(95.0, 0.00507700725630698)	(96.0, 0.005388397034693808)	(97.0, 0.0059818427717643575)	(98.0, 0.007279300181709474)	(99.0, 0.010144988721936081)	(100.0, 0.09301867050238702)
SRR19077143_1	(0.0, 0.5387501643710738)	(1.0, 0.3486590102355296)	(2.0, 0.10765890323834656)	(3.0, 0.04174218157524994)	(4.0, 0.021373105176170186)	(5.0, 0.013691197428990264)	(6.0, 0.010229187141736602)	(7.0, 0.008420332560433431)	(8.0, 0.007230838946525839)	(9.0, 0.006414564695595991)	(10.0, 0.005971509807643885)	(11.0, 0.005760858388049086)	(12.0, 0.005989827322391259)	(13.0, 0.006681313504104623)	(14.0, 0.007309833228873889)	(15.0, 0.008469560881316998)	(16.0, 0.010880603759940086)	(17.0, 0.014774220488428746)	(18.0, 0.0209323399775615)	(19.0, 0.030617725900235444)	(20.0, 0.045481244273057636)	(21.0, 0.06700661379056537)	(22.0, 0.09864439629329519)	(23.0, 0.14045755823819123)	(24.0, 0.19123599880725503)	(25.0, 0.25116060345861696)	(26.0, 0.31938876651389786)	(27.0, 0.39261990078455516)	(28.0, 0.4687074225111312)	(29.0, 0.5461000671634575)	(30.0, 0.6238590621107314)	(31.0, 0.7004961092797285)	(32.0, 0.8032894226633039)	(33.0, 0.9358097727925236)	(34.0, 1.047876328016957)	(35.0, 1.1817155392079879)	(36.0, 1.3542985837790578)	(37.0, 1.5694068836808277)	(38.0, 1.6916854533769219)	(39.0, 1.5796646919393569)	(40.0, 1.5197664187154445)	(41.0, 1.6441125778886487)	(42.0, 1.7929801650852277)	(43.0, 1.8999372785398156)	(44.0, 2.189277306955318)	(45.0, 3.0892694693486957)	(46.0, 3.6004483394909568)	(47.0, 3.5970836410007987)	(48.0, 4.0521800052099595)	(49.0, 4.206989336252718)	(50.0, 3.6770579103878327)	(51.0, 3.2460387744694237)	(52.0, 3.320466271422019)	(53.0, 3.5862144856875755)	(54.0, 3.776623906641855)	(55.0, 3.6350237934212966)	(56.0, 4.316768491823073)	(57.0, 3.9529906628529297)	(58.0, 3.386980602003748)	(59.0, 3.7147244449317918)	(60.0, 2.9396852093876253)	(61.0, 2.523486087744513)	(62.0, 2.321861768386154)	(63.0, 1.6190771146076754)	(64.0, 1.0997332122667725)	(65.0, 1.2451490927781437)	(66.0, 1.2867103888952631)	(67.0, 0.9153720057131413)	(68.0, 0.6091065936710651)	(69.0, 0.5086922675153048)	(70.0, 0.4701132917679921)	(71.0, 0.46944584732438466)	(72.0, 0.43210673835653474)	(73.0, 0.46037867752443457)	(74.0, 0.5089120776922734)	(75.0, 0.4355469965950259)	(76.0, 0.4724373264515651)	(77.0, 0.46254472364331156)	(78.0, 0.29703567429874317)	(79.0, 0.16593493156244485)	(80.0, 0.10183393354868167)	(81.0, 0.13510083001925605)	(82.0, 0.14278617230045113)	(83.0, 0.16941525936444587)	(84.0, 0.20799995933511728)	(85.0, 0.15391635219882419)	(86.0, 0.11173340542496553)	(87.0, 0.09968391525520867)	(88.0, 0.06266307310609433)	(89.0, 0.049592381489171354)	(90.0, 0.03988180898371978)	(91.0, 0.027757903910301696)	(92.0, 0.015525238593071073)	(93.0, 0.0013165713724674977)	(94.0, 0.0006628650649205922)	(95.0, 0.0005369321510323969)	(96.0, 0.0004384755092652623)	(97.0, 0.0002575900511349452)	(98.0, 9.502210775200201e-05)	(99.0, 4.2359252853302104e-05)	(100.0, 3.434534015132603e-05)
SRR19077143_2	(0.0, 0.5302253419879986)	(1.0, 0.3634124112281905)	(2.0, 0.14385867375605194)	(3.0, 0.07093159978701036)	(4.0, 0.043270040964987475)	(5.0, 0.03198260285778265)	(6.0, 0.0259514798561466)	(7.0, 0.022678031111815062)	(8.0, 0.02073757287506671)	(9.0, 0.019283088821650488)	(10.0, 0.018233201199168804)	(11.0, 0.017568425193667303)	(12.0, 0.017129443796930963)	(13.0, 0.01723030636328292)	(14.0, 0.01806356870121325)	(15.0, 0.019302573635604843)	(16.0, 0.02190436938127452)	(17.0, 0.026618548192701555)	(18.0, 0.033830221686866134)	(19.0, 0.04481621826054183)	(20.0, 0.06358009409858512)	(21.0, 0.08714984199019357)	(22.0, 0.11683896762899604)	(23.0, 0.1583897603038934)	(24.0, 0.20844051652499623)	(25.0, 0.2659493718285098)	(26.0, 0.33569583646088474)	(27.0, 0.41509301482829875)	(28.0, 0.4930907250875794)	(29.0, 0.5699984319309429)	(30.0, 0.651689087517337)	(31.0, 0.7382062461367774)	(32.0, 0.8299877430204737)	(33.0, 0.9547490067702049)	(34.0, 1.070682503633087)	(35.0, 1.1937566117274763)	(36.0, 1.5455297120317568)	(37.0, 1.7556619688742017)	(38.0, 1.8061070060364985)	(39.0, 1.8177829942572639)	(40.0, 1.7670903853411941)	(41.0, 1.801150986298932)	(42.0, 1.8361170580227844)	(43.0, 1.9688304181969456)	(44.0, 2.57823860559886)	(45.0, 2.8064894470878015)	(46.0, 2.877996421969229)	(47.0, 3.5701589065663395)	(48.0, 4.36609865644987)	(49.0, 4.549489725388253)	(50.0, 4.108330614151135)	(51.0, 4.288396656896484)	(52.0, 3.928506412331925)	(53.0, 2.8608887553173057)	(54.0, 2.6450715174622963)	(55.0, 3.180336549271312)	(56.0, 3.6866437090475777)	(57.0, 3.5840825253850164)	(58.0, 3.2160980598707125)	(59.0, 2.8522569827355264)	(60.0, 2.321919316525909)	(61.0, 2.179492203512738)	(62.0, 2.5549634222476207)	(63.0, 2.187805342078087)	(64.0, 1.2911428580368662)	(65.0, 1.0615349565642809)	(66.0, 1.2279260984102536)	(67.0, 1.0208151338962603)	(68.0, 0.7777810494435979)	(69.0, 0.9363541962317676)	(70.0, 0.9648089015982855)	(71.0, 0.700816034323898)	(72.0, 0.4307977748755084)	(73.0, 0.32624340936196944)	(74.0, 0.35406199286115386)	(75.0, 0.36500558131034067)	(76.0, 0.3794060049881353)	(77.0, 0.4713559882042604)	(78.0, 0.34810422445322836)	(79.0, 0.13360278462290115)	(80.0, 0.10098749839436538)	(81.0, 0.10324200598543684)	(82.0, 0.09773468062951492)	(83.0, 0.07883784959037134)	(84.0, 0.045681573233220515)	(85.0, 0.034421643098657126)	(86.0, 0.036129429733479955)	(87.0, 0.03817189670210699)	(88.0, 0.07071382833693228)	(89.0, 0.07472196918389565)	(90.0, 0.0327264642846283)	(91.0, 0.015986716766784415)	(92.0, 0.00944325777470152)	(93.0, 0.0059829840495135254)	(94.0, 0.00551191001802884)	(95.0, 0.005629965067281693)	(96.0, 0.006178978354583797)	(97.0, 0.00715551138335497)	(98.0, 0.008679911533901519)	(99.0, 0.012213539852800026)	(100.0, 0.118231558743969)
SRR19077144_1	(0.0, 0.5327300810653979)	(1.0, 0.3465197995111833)	(2.0, 0.1099767263743153)	(3.0, 0.044311433124149466)	(4.0, 0.023629027674261848)	(5.0, 0.015477773803574435)	(6.0, 0.011325507237394904)	(7.0, 0.009247086204130938)	(8.0, 0.007843551472257031)	(9.0, 0.006720266136723066)	(10.0, 0.00622039272365958)	(11.0, 0.00612545109143013)	(12.0, 0.0063645209846344055)	(13.0, 0.006817495519126717)	(14.0, 0.00747979919455866)	(15.0, 0.008734630165109333)	(16.0, 0.011078430218580917)	(17.0, 0.015052252271172566)	(18.0, 0.02128293987061606)	(19.0, 0.031185466499656325)	(20.0, 0.04640472453354576)	(21.0, 0.06852154934265903)	(22.0, 0.10018744337889811)	(23.0, 0.1425314113532325)	(24.0, 0.19414191140817852)	(25.0, 0.25425483498555224)	(26.0, 0.3226219611914525)	(27.0, 0.39621659654540803)	(28.0, 0.4740538645974241)	(29.0, 0.5515925812517066)	(30.0, 0.6273720180220265)	(31.0, 0.7047540237893761)	(32.0, 0.8073413171010138)	(33.0, 0.9416059431997615)	(34.0, 1.0564246928177787)	(35.0, 1.1912749829611227)	(36.0, 1.3626640750117593)	(37.0, 1.576259870026278)	(38.0, 1.6992481755163764)	(39.0, 1.584213233506897)	(40.0, 1.5234334307537427)	(41.0, 1.6500192233927762)	(42.0, 1.7975722463783859)	(43.0, 1.9019005175725923)	(44.0, 2.189747532241063)	(45.0, 3.0843413532360278)	(46.0, 3.599158350437411)	(47.0, 3.5992715940710345)	(48.0, 4.039560553847387)	(49.0, 4.18811103590895)	(50.0, 3.661746619703274)	(51.0, 3.241382820069147)	(52.0, 3.32420623962584)	(53.0, 3.5823651202836704)	(54.0, 3.7711010780302057)	(55.0, 3.6315757704058766)	(56.0, 4.301679530056765)	(57.0, 3.939994234640786)	(58.0, 3.3845731034725497)	(59.0, 3.715829033821447)	(60.0, 2.94573114568138)	(61.0, 2.5243973399733908)	(62.0, 2.3206514533339058)	(63.0, 1.620532411397466)	(64.0, 1.1023375510638707)	(65.0, 1.2465676169214492)	(66.0, 1.2849331873428438)	(67.0, 0.913237841039637)	(68.0, 0.6067204971994907)	(69.0, 0.5053571502310519)	(70.0, 0.4675006042234179)	(71.0, 0.46695154418160906)	(72.0, 0.43027890888912534)	(73.0, 0.45821233851615123)	(74.0, 0.5064861549420213)	(75.0, 0.43363160676942075)	(76.0, 0.46943375312061997)	(77.0, 0.4605938864474972)	(78.0, 0.29642607782173425)	(79.0, 0.16553359547976254)	(80.0, 0.10134275721687093)	(81.0, 0.13438244523271925)	(82.0, 0.142672107988946)	(83.0, 0.16929808839141455)	(84.0, 0.20788099507935823)	(85.0, 0.15387865221728234)	(86.0, 0.11053493741682097)	(87.0, 0.09871870776705939)	(88.0, 0.06294401441795065)	(89.0, 0.049461158766281765)	(90.0, 0.039560919887415696)	(91.0, 0.027599418101592194)	(92.0, 0.01534279654329642)	(93.0, 0.0014081102322223138)	(94.0, 0.0006440016740383124)	(95.0, 0.0005399090411120489)	(96.0, 0.00046212553518912655)	(97.0, 0.0002585157696850064)	(98.0, 0.00010752425818756904)	(99.0, 4.117950313566474e-05)	(100.0, 2.9740752264646757e-05)
SRR19077144_2	(0.0, 0.5159373164161415)	(1.0, 0.3563896765490691)	(2.0, 0.14579457948474683)	(3.0, 0.07502627127711763)	(4.0, 0.04752129574190981)	(5.0, 0.03521580537567723)	(6.0, 0.028244793755457805)	(7.0, 0.02464190192742917)	(8.0, 0.022243791473553782)	(9.0, 0.0205557232744075)	(10.0, 0.01950096695730185)	(11.0, 0.018638609186638927)	(12.0, 0.017975521339077392)	(13.0, 0.01799155455128095)	(14.0, 0.01875313213095007)	(15.0, 0.01990294249183397)	(16.0, 0.022554148652636986)	(17.0, 0.02728852717045974)	(18.0, 0.034995921322599835)	(19.0, 0.04674712063836647)	(20.0, 0.06538458459556229)	(21.0, 0.08879765533053285)	(22.0, 0.11905690767642371)	(23.0, 0.16167089525460093)	(24.0, 0.2117987332090324)	(25.0, 0.2698515589097952)	(26.0, 0.3416792043523025)	(27.0, 0.41978843329027615)	(28.0, 0.4971509726313411)	(29.0, 0.5768165683825033)	(30.0, 0.658667261911122)	(31.0, 0.7429023231402989)	(32.0, 0.8368890130775696)	(33.0, 0.9647859468253707)	(34.0, 1.0790718286417922)	(35.0, 1.2006333531103006)	(36.0, 1.549013294934248)	(37.0, 1.7592705493128524)	(38.0, 1.8142507244177473)	(39.0, 1.8276224233955165)	(40.0, 1.7750815870044494)	(41.0, 1.8084970916955552)	(42.0, 1.8463572318553771)	(43.0, 1.976054466287749)	(44.0, 2.5764432922978155)	(45.0, 2.8060824097716384)	(46.0, 2.875635629540126)	(47.0, 3.561961327731833)	(48.0, 4.352081460811617)	(49.0, 4.533585439562022)	(50.0, 4.09753703863845)	(51.0, 4.2695837126476395)	(52.0, 3.9120064331660647)	(53.0, 2.857211178259349)	(54.0, 2.646853143689751)	(55.0, 3.1817955427143265)	(56.0, 3.6838022881844603)	(57.0, 3.5734834811589775)	(58.0, 3.2059621744228646)	(59.0, 2.8488246630474436)	(60.0, 2.324403486916733)	(61.0, 2.181218885332837)	(62.0, 2.546272222619044)	(63.0, 2.184600747878345)	(64.0, 1.2977236148384035)	(65.0, 1.0620720427882457)	(66.0, 1.2215830353131385)	(67.0, 1.0189335401251234)	(68.0, 0.7788568015067829)	(69.0, 0.932482459923526)	(70.0, 0.9596919662624109)	(71.0, 0.6988671058232203)	(72.0, 0.4310975740410018)	(73.0, 0.3264327647761597)	(74.0, 0.3520274976002576)	(75.0, 0.3621249856001713)	(76.0, 0.377318744621931)	(77.0, 0.4682396553399924)	(78.0, 0.3457207190570428)	(79.0, 0.13327607644209552)	(80.0, 0.10113521212117256)	(81.0, 0.10339589504187456)	(82.0, 0.0972803698156594)	(83.0, 0.07846195960645197)	(84.0, 0.04590537699767955)	(85.0, 0.034474841925984115)	(86.0, 0.03622589774450154)	(87.0, 0.03836862203256306)	(88.0, 0.0702552454171153)	(89.0, 0.07415131598258047)	(90.0, 0.03261155362204178)	(91.0, 0.015994274402494575)	(92.0, 0.009690931547609128)	(93.0, 0.006146446421179177)	(94.0, 0.005634528860108357)	(95.0, 0.00582578217710797)	(96.0, 0.006366330474256577)	(97.0, 0.007174862461093263)	(98.0, 0.008557154398928788)	(99.0, 0.012303199907346357)	(100.0, 0.11723484763243339)
SRR19077145_1	(0.0, 0.49050650251876254)	(1.0, 0.3168750039076657)	(2.0, 0.09773098493718749)	(3.0, 0.03894693311297005)	(4.0, 0.020979822948044513)	(5.0, 0.014078229617115964)	(6.0, 0.010470063013333471)	(7.0, 0.008505065405143874)	(8.0, 0.007555174786466361)	(9.0, 0.00683779470728603)	(10.0, 0.006487611150848202)	(11.0, 0.00630472176307298)	(12.0, 0.00646350944858325)	(13.0, 0.006931366021961726)	(14.0, 0.007477198690903282)	(15.0, 0.008595801225435455)	(16.0, 0.010565052075201224)	(17.0, 0.013424648161578151)	(18.0, 0.01790189379409096)	(19.0, 0.0248006516306354)	(20.0, 0.03535719722268429)	(21.0, 0.05204975266195149)	(22.0, 0.07610183377518133)	(23.0, 0.10832013871465367)	(24.0, 0.1459882638603892)	(25.0, 0.19078623963497435)	(26.0, 0.243448459083894)	(27.0, 0.29935448410823784)	(28.0, 0.35850573245519773)	(29.0, 0.4159046452727765)	(30.0, 0.4710521755493703)	(31.0, 0.5304841378403573)	(32.0, 0.6224831708800624)	(33.0, 0.7784197667871086)	(34.0, 0.9263347490815019)	(35.0, 1.082627199533754)	(36.0, 1.3280208077651487)	(37.0, 1.6014220117756095)	(38.0, 1.7376816944041105)	(39.0, 1.6231957731512054)	(40.0, 1.5837228558299827)	(41.0, 1.7684921763818715)	(42.0, 1.9215096308204744)	(43.0, 2.0954275143643666)	(44.0, 2.538479182870631)	(45.0, 3.627914404420638)	(46.0, 4.020273104327749)	(47.0, 3.6475034173732754)	(48.0, 3.9256526567299317)	(49.0, 4.065167486911394)	(50.0, 3.612348957999055)	(51.0, 3.25076246089552)	(52.0, 3.324322273955345)	(53.0, 3.453422333263963)	(54.0, 3.3420086701762433)	(55.0, 3.244640628520222)	(56.0, 3.8564708469991755)	(57.0, 3.56810957461814)	(58.0, 3.11241443665312)	(59.0, 3.251601767233217)	(60.0, 2.6902546907689926)	(61.0, 2.3819825768227227)	(62.0, 2.1378691943057544)	(63.0, 1.5487158421637364)	(64.0, 1.1383489174231305)	(65.0, 1.2636465787626547)	(66.0, 1.3353888399222638)	(67.0, 1.0210771229378353)	(68.0, 0.7274971231428415)	(69.0, 0.6191741489338037)	(70.0, 0.5930748408752451)	(71.0, 0.6129700872213668)	(72.0, 0.5962179864000332)	(73.0, 0.6020704468088403)	(74.0, 0.6361176456260649)	(75.0, 0.5791908426234408)	(76.0, 0.6049101944345284)	(77.0, 0.6687074003298559)	(78.0, 0.5492451864328343)	(79.0, 0.32142171915258927)	(80.0, 0.19928421630415794)	(81.0, 0.21180150626282027)	(82.0, 0.21095652893635486)	(83.0, 0.2763231809732883)	(84.0, 0.37740572027249614)	(85.0, 0.3039706689655721)	(86.0, 0.18543849722653913)	(87.0, 0.14974671166652964)	(88.0, 0.12530900331706057)	(89.0, 0.12918937738171782)	(90.0, 0.11007389199122691)	(91.0, 0.07807392011933122)	(92.0, 0.04197382336800958)	(93.0, 0.004725351391122608)	(94.0, 0.0023052569342830367)	(95.0, 0.002791544221158241)	(96.0, 0.0023676378107335004)	(97.0, 0.0007670012309022897)	(98.0, 0.00022542180353690212)	(99.0, 0.00010349554502008714)	(100.0, 6.521637083457546e-05)
SRR19077145_2	(0.0, 0.4963452588366011)	(1.0, 0.3433944962686713)	(2.0, 0.13868537284698146)	(3.0, 0.06862494436079149)	(4.0, 0.04274505400110957)	(5.0, 0.03195123568134757)	(6.0, 0.02705837881080037)	(7.0, 0.023937514213742107)	(8.0, 0.02182191446414393)	(9.0, 0.020715839158817095)	(10.0, 0.01980570530680875)	(11.0, 0.018752165028820926)	(12.0, 0.018392939031070366)	(13.0, 0.018563322903521227)	(14.0, 0.01887853306755532)	(15.0, 0.019978928910467125)	(16.0, 0.022270591994931192)	(17.0, 0.026420859154713396)	(18.0, 0.03254757923492558)	(19.0, 0.041306730144503555)	(20.0, 0.05643397828693243)	(21.0, 0.0758946562520282)	(22.0, 0.09853441330393625)	(23.0, 0.12921202953871364)	(24.0, 0.16778693826158841)	(25.0, 0.2123636188915447)	(26.0, 0.26651019369082435)	(27.0, 0.3259031718959867)	(28.0, 0.38403530944501274)	(29.0, 0.44093216391877)	(30.0, 0.5023243128940225)	(31.0, 0.573989189512458)	(32.0, 0.6605811132231927)	(33.0, 0.7909758908098361)	(34.0, 0.910006064104007)	(35.0, 1.031229929755983)	(36.0, 1.4376451608474161)	(37.0, 1.858778718787396)	(38.0, 2.0056552963024528)	(39.0, 1.8810720286319873)	(40.0, 1.8888685106622183)	(41.0, 1.984943716740447)	(42.0, 1.9747845783455644)	(43.0, 2.134704041296734)	(44.0, 2.846670090719899)	(45.0, 3.0933873578943483)	(46.0, 2.967742030752273)	(47.0, 3.558367785543953)	(48.0, 4.104820101537145)	(49.0, 4.3575859961836)	(50.0, 4.251788970316446)	(51.0, 4.106100820311734)	(52.0, 3.642978996737447)	(53.0, 2.8899064182199083)	(54.0, 2.8142247418084443)	(55.0, 2.8631092946801995)	(56.0, 2.8436315783278587)	(57.0, 3.071883493325446)	(58.0, 3.0816180919048053)	(59.0, 2.9675233714492943)	(60.0, 2.5611194992826913)	(61.0, 2.2835996677003334)	(62.0, 2.396791353631855)	(63.0, 2.056195412468189)	(64.0, 1.372643713507413)	(65.0, 1.0802919658282082)	(66.0, 1.1676676553522167)	(67.0, 0.96877572130912)	(68.0, 0.7811504208318365)	(69.0, 0.9771387297152498)	(70.0, 1.0761487979964446)	(71.0, 0.9010225744290355)	(72.0, 0.6368934953557119)	(73.0, 0.5436864177970725)	(74.0, 0.5388588747442982)	(75.0, 0.4817007649994496)	(76.0, 0.520955789346524)	(77.0, 0.6734181181467613)	(78.0, 0.5353759444182818)	(79.0, 0.24837425033403404)	(80.0, 0.21158979213749704)	(81.0, 0.20826162716229024)	(82.0, 0.15175097613275493)	(83.0, 0.1129929047469955)	(84.0, 0.08295990749632386)	(85.0, 0.06631766275468609)	(86.0, 0.0629128250368764)	(87.0, 0.06050899256971551)	(88.0, 0.09923724677779605)	(89.0, 0.11019292977638637)	(90.0, 0.0593092061345407)	(91.0, 0.032916744291902444)	(92.0, 0.019034718283968605)	(93.0, 0.007424477242046237)	(94.0, 0.005634026715708446)	(95.0, 0.005766074216857863)	(96.0, 0.006400754141737317)	(97.0, 0.007149023314917345)	(98.0, 0.008590186902730872)	(99.0, 0.012665201185513945)	(100.0, 0.15987402725184968)
SRR19077146_1	(0.0, 0.48432257951978336)	(1.0, 0.3144282542819641)	(2.0, 0.09973421127682239)	(3.0, 0.04152429017439534)	(4.0, 0.023098588337621125)	(5.0, 0.015603773116305359)	(6.0, 0.011725575862179902)	(7.0, 0.009472297765483109)	(8.0, 0.008049249579493526)	(9.0, 0.007420890640225398)	(10.0, 0.006847975136775047)	(11.0, 0.00631913005666703)	(12.0, 0.00659919048887477)	(13.0, 0.006974499900564331)	(14.0, 0.007501923354112917)	(15.0, 0.008528337730021488)	(16.0, 0.01032385207458177)	(17.0, 0.01349692255522987)	(18.0, 0.01813853327176932)	(19.0, 0.025219655164290915)	(20.0, 0.036225887987399154)	(21.0, 0.052931421687262885)	(22.0, 0.07686592644182895)	(23.0, 0.10881840499158105)	(24.0, 0.14798279507732234)	(25.0, 0.19401364144511127)	(26.0, 0.2451140081238281)	(27.0, 0.30139193873198955)	(28.0, 0.3616134614160103)	(29.0, 0.4185865674117331)	(30.0, 0.4749867579040055)	(31.0, 0.5370379139700129)	(32.0, 0.6280703490765632)	(33.0, 0.782089370525226)	(34.0, 0.9311554450408343)	(35.0, 1.0872926900630477)	(36.0, 1.3324735146351692)	(37.0, 1.6063384982969127)	(38.0, 1.7385312871786445)	(39.0, 1.6230056480796717)	(40.0, 1.5873910595128278)	(41.0, 1.770303219155349)	(42.0, 1.9228366408494073)	(43.0, 2.0981445200255364)	(44.0, 2.5379289610649325)	(45.0, 3.6226669882006846)	(46.0, 4.014973367034791)	(47.0, 3.6499806992870156)	(48.0, 3.9274878901940196)	(49.0, 4.058671324218556)	(50.0, 3.6041474590109877)	(51.0, 3.244703399724668)	(52.0, 3.317871675485419)	(53.0, 3.4448058677238187)	(54.0, 3.3321519142748954)	(55.0, 3.245432694149655)	(56.0, 3.8545157988984697)	(57.0, 3.5581137693900797)	(58.0, 3.1139180211367723)	(59.0, 3.2560664608141927)	(60.0, 2.6958318662739584)	(61.0, 2.3830640718134086)	(62.0, 2.1339439200451062)	(63.0, 1.5491990619937366)	(64.0, 1.1416670627081322)	(65.0, 1.2648083552859724)	(66.0, 1.333391885392561)	(67.0, 1.0199658778349951)	(68.0, 0.7272415962358513)	(69.0, 0.6184672616676126)	(70.0, 0.5922041326087)	(71.0, 0.6127153606081582)	(72.0, 0.5958918319038617)	(73.0, 0.6018484471878741)	(74.0, 0.636632805844011)	(75.0, 0.5808894068221954)	(76.0, 0.6052177021337235)	(77.0, 0.6654164787927933)	(78.0, 0.5455605651937966)	(79.0, 0.32094499043039193)	(80.0, 0.1995224443629031)	(81.0, 0.2112622364906773)	(82.0, 0.21041779031437582)	(83.0, 0.27408391415189576)	(84.0, 0.37436971653377704)	(85.0, 0.3028704303537969)	(86.0, 0.1856416826366271)	(87.0, 0.14917696138724365)	(88.0, 0.12407956610706375)	(89.0, 0.1277914330537359)	(90.0, 0.11004953359204757)	(91.0, 0.0786088406036903)	(92.0, 0.041963572781259256)	(93.0, 0.004812205903671068)	(94.0, 0.002266072735731664)	(95.0, 0.0026811876910852682)	(96.0, 0.0022618078560533734)	(97.0, 0.0007733648483300032)	(98.0, 0.00028006043220774014)	(99.0, 0.00014074102938358514)	(100.0, 7.676783420922826e-05)
SRR19077146_2	(0.0, 0.4819899733567579)	(1.0, 0.33622946006561305)	(2.0, 0.14057364589266239)	(3.0, 0.07227585774064356)	(4.0, 0.04599269216941491)	(5.0, 0.034712003067527336)	(6.0, 0.029162069189052287)	(7.0, 0.025482995525127325)	(8.0, 0.023283239793407483)	(9.0, 0.02181388839202569)	(10.0, 0.020837168371339726)	(11.0, 0.020183648707353053)	(12.0, 0.0194760250188969)	(13.0, 0.019393445192075053)	(14.0, 0.01969813627724531)	(15.0, 0.02079018329745833)	(16.0, 0.02346833250869783)	(17.0, 0.027684175046964785)	(18.0, 0.033666941121195705)	(19.0, 0.04243179308525224)	(20.0, 0.057884187231760614)	(21.0, 0.07784857226100049)	(22.0, 0.10079295000641487)	(23.0, 0.131219344819912)	(24.0, 0.17055439439934503)	(25.0, 0.21602455559559414)	(26.0, 0.2694209563766227)	(27.0, 0.33033354518855684)	(28.0, 0.3898835668579305)	(29.0, 0.44665435021771394)	(30.0, 0.5087358707162124)	(31.0, 0.5789258759345456)	(32.0, 0.6645497660278581)	(33.0, 0.7934967418200517)	(34.0, 0.9122636182712764)	(35.0, 1.0397825325754992)	(36.0, 1.4458346600090999)	(37.0, 1.8602828777662943)	(38.0, 2.006501851475312)	(39.0, 1.8860506313149454)	(40.0, 1.8911193241336655)	(41.0, 1.9883442561053295)	(42.0, 1.9807113172847792)	(43.0, 2.1406257281351646)	(44.0, 2.8479347589753274)	(45.0, 3.0927212987369233)	(46.0, 2.9686237520853362)	(47.0, 3.5516316342870926)	(48.0, 4.090799594977272)	(49.0, 4.345961293325951)	(50.0, 4.244349664001906)	(51.0, 4.093618699410157)	(52.0, 3.6347197541809275)	(53.0, 2.8884074168587373)	(54.0, 2.8137922719548474)	(55.0, 2.859558581495561)	(56.0, 2.838647376038105)	(57.0, 3.0680996962329545)	(58.0, 3.076299303520317)	(59.0, 2.9643125156091887)	(60.0, 2.562125978344921)	(61.0, 2.281331786508766)	(62.0, 2.3932160615314246)	(63.0, 2.0610586412021994)	(64.0, 1.381079261669715)	(65.0, 1.0830258860277937)	(66.0, 1.1635469123395632)	(67.0, 0.9642760950579804)	(68.0, 0.7798853082956234)	(69.0, 0.9751453088158764)	(70.0, 1.070694439819104)	(71.0, 0.896085091164783)	(72.0, 0.6365509333648998)	(73.0, 0.5440316277319631)	(74.0, 0.5388689647654802)	(75.0, 0.48120831258218566)	(76.0, 0.5183934390840155)	(77.0, 0.6685192928757772)	(78.0, 0.5319721254357386)	(79.0, 0.2478177889220045)	(80.0, 0.21081063618487692)	(81.0, 0.2080826543195208)	(82.0, 0.15224018211642443)	(83.0, 0.11323402805416116)	(84.0, 0.08304398240018865)	(85.0, 0.06712316130498394)	(86.0, 0.06402926537939999)	(87.0, 0.06090262228111081)	(88.0, 0.09883381480457248)	(89.0, 0.11039356676951319)	(90.0, 0.06014231835830279)	(91.0, 0.03319424280214652)	(92.0, 0.01897200331726012)	(93.0, 0.007725485178195377)	(94.0, 0.0059599854323490326)	(95.0, 0.005994156395171865)	(96.0, 0.006599267195159524)	(97.0, 0.007234277587617161)	(98.0, 0.008682272137234687)	(99.0, 0.012878181613854994)	(100.0, 0.15862588079394124)
SRR19077147_1	(0.0, 0.7068681539919145)	(1.0, 0.45767191101544785)	(2.0, 0.1409911190590807)	(3.0, 0.05402385932206666)	(4.0, 0.027728716039769983)	(5.0, 0.01815407484847542)	(6.0, 0.01391598017939259)	(7.0, 0.011304406667254087)	(8.0, 0.009625417085892199)	(9.0, 0.008652212439437475)	(10.0, 0.008166456381120074)	(11.0, 0.007927809676511176)	(12.0, 0.007904114259032279)	(13.0, 0.00830862888599346)	(14.0, 0.009109195490816215)	(15.0, 0.010793262661637867)	(16.0, 0.013384525815937314)	(17.0, 0.0184705779248007)	(18.0, 0.027796417232566834)	(19.0, 0.04124525918166116)	(20.0, 0.06059256755318106)	(21.0, 0.08892382420884301)	(22.0, 0.13143340316598534)	(23.0, 0.1910781540200105)	(24.0, 0.26155001813207196)	(25.0, 0.3390949643615844)	(26.0, 0.4313259918385535)	(27.0, 0.5365522632728781)	(28.0, 0.6411675314422111)	(29.0, 0.7465850587461867)	(30.0, 0.8534818571127737)	(31.0, 0.9642951694826584)	(32.0, 1.076592830504614)	(33.0, 1.2232590020498906)	(34.0, 1.3805982666395906)	(35.0, 1.5884578538241205)	(36.0, 1.8053894008434281)	(37.0, 2.0411841927057583)	(38.0, 2.2765880101796867)	(39.0, 2.2046961135487115)	(40.0, 2.099813425667831)	(41.0, 2.229315652309286)	(42.0, 2.3794498174555816)	(43.0, 2.4707144104053755)	(44.0, 2.778924090613037)	(45.0, 3.54965985735968)	(46.0, 3.8356330807932153)	(47.0, 3.6540889472488214)	(48.0, 3.9227120474983446)	(49.0, 4.1858699689593415)	(50.0, 3.901140754943448)	(51.0, 3.4522733840512307)	(52.0, 3.3718139014718136)	(53.0, 3.2940015355307537)	(54.0, 2.987178037245608)	(55.0, 2.8905752052437825)	(56.0, 3.496287622018283)	(57.0, 3.2305333598135264)	(58.0, 2.7849935025472745)	(59.0, 2.844870129986629)	(60.0, 2.2698229684894615)	(61.0, 1.9675709932479233)	(62.0, 1.748435772403078)	(63.0, 1.2332347728085065)	(64.0, 0.8764393315901855)	(65.0, 0.9498511199994503)	(66.0, 0.9675583669754665)	(67.0, 0.7089262702529388)	(68.0, 0.4906813200933721)	(69.0, 0.40652873744688717)	(70.0, 0.3742606564300883)	(71.0, 0.3804840885779388)	(72.0, 0.3606053258429636)	(73.0, 0.3678155028758282)	(74.0, 0.40082660448357244)	(75.0, 0.3531734274036894)	(76.0, 0.3615920707279777)	(77.0, 0.35832887323516954)	(78.0, 0.25489837593978143)	(79.0, 0.15201287324640794)	(80.0, 0.09865756320321017)	(81.0, 0.11707567270359331)	(82.0, 0.11956369153887755)	(83.0, 0.14475192031894574)	(84.0, 0.18778449099044375)	(85.0, 0.14680495899051024)	(86.0, 0.09241382069752065)	(87.0, 0.07563915765228105)	(88.0, 0.05756463170534193)	(89.0, 0.0557553173278461)	(90.0, 0.04836234707443005)	(91.0, 0.03749292057089572)	(92.0, 0.02319104359256109)	(93.0, 0.0040536089187114144)	(94.0, 0.0011035294425886606)	(95.0, 0.0008191844328418892)	(96.0, 0.0006076182053517319)	(97.0, 0.00028942259920653526)	(98.0, 0.00014386503469330698)	(99.0, 7.78563717163779e-05)	(100.0, 6.262360333708658e-05)
SRR19077147_2	(0.0, 0.6714310611169105)	(1.0, 0.46158894427325875)	(2.0, 0.18198980273522705)	(3.0, 0.086808666531277)	(4.0, 0.052561351300676976)	(5.0, 0.03935450478604155)	(6.0, 0.03246810188182313)	(7.0, 0.028892730295233343)	(8.0, 0.026369636317777334)	(9.0, 0.024021074697391818)	(10.0, 0.02254856384016598)	(11.0, 0.021735209166439392)	(12.0, 0.021492897253225014)	(13.0, 0.021272613695757395)	(14.0, 0.021433590141599117)	(15.0, 0.022902712021017763)	(16.0, 0.026539085208137036)	(17.0, 0.03234779316966774)	(18.0, 0.040928684977483205)	(19.0, 0.05451679149542797)	(20.0, 0.0773788357827594)	(21.0, 0.10832867560695958)	(22.0, 0.14842875551058382)	(23.0, 0.20126461401364354)	(24.0, 0.26399120424699923)	(25.0, 0.34141409674125217)	(26.0, 0.4375610916202525)	(27.0, 0.5419297466595058)	(28.0, 0.6437651407878814)	(29.0, 0.7528122796899661)	(30.0, 0.8654839303568449)	(31.0, 0.9787062899173928)	(32.0, 1.0949482287041508)	(33.0, 1.2146638697432826)	(34.0, 1.3819438143063836)	(35.0, 1.6356664157975844)	(36.0, 2.0581956963540273)	(37.0, 2.2678446414626694)	(38.0, 2.376485103027891)	(39.0, 2.382919077394849)	(40.0, 2.3484955353182744)	(41.0, 2.452254174352233)	(42.0, 2.451349317277712)	(43.0, 2.495565310728174)	(44.0, 2.9250691076118223)	(45.0, 3.039501332249538)	(46.0, 2.9747362718651553)	(47.0, 3.5422121332352905)	(48.0, 4.13908568259393)	(49.0, 4.509384037185898)	(50.0, 4.453028725230067)	(51.0, 4.430464910989769)	(52.0, 3.8817538197380674)	(53.0, 2.867847911826253)	(54.0, 2.5842141922087567)	(55.0, 2.5732728773582307)	(56.0, 2.5643666436809247)	(57.0, 2.6681490055595334)	(58.0, 2.6479032521393555)	(59.0, 2.456897073948089)	(60.0, 2.030406078335036)	(61.0, 1.8012332320791489)	(62.0, 1.9874304507620073)	(63.0, 1.727846612153264)	(64.0, 1.0655234288931879)	(65.0, 0.7476051152892125)	(66.0, 0.7675407772400317)	(67.0, 0.6350571623122961)	(68.0, 0.4923032501398588)	(69.0, 0.597820768655751)	(70.0, 0.6353960600930156)	(71.0, 0.508333115167887)	(72.0, 0.354959841036607)	(73.0, 0.29743872071510147)	(74.0, 0.34149034874191403)	(75.0, 0.32807677458103973)	(76.0, 0.3189062006347725)	(77.0, 0.3979642749209966)	(78.0, 0.3102965025155959)	(79.0, 0.1389701184507051)	(80.0, 0.11905817934453611)	(81.0, 0.11938013223621954)	(82.0, 0.09023322860544665)	(83.0, 0.06623757124160878)	(84.0, 0.043128131574352184)	(85.0, 0.03186486383214258)	(86.0, 0.030641442843745502)	(87.0, 0.030597386132251977)	(88.0, 0.05578088021751137)	(89.0, 0.06149469680044063)	(90.0, 0.030851559467791535)	(91.0, 0.017221090727256843)	(92.0, 0.010590555647481579)	(93.0, 0.004968241465346558)	(94.0, 0.0037736267883106364)	(95.0, 0.0038278504332257416)	(96.0, 0.004161664747234361)	(97.0, 0.004680178351735059)	(98.0, 0.0054748936475220765)	(99.0, 0.008158964070819808)	(100.0, 0.1027893913811008)
SRR19077148_1	(0.0, 0.6986590414828384)	(1.0, 0.4525941480849446)	(2.0, 0.14227941709416175)	(3.0, 0.05753274016109572)	(4.0, 0.030209239691994533)	(5.0, 0.019900138589648893)	(6.0, 0.014789413517328424)	(7.0, 0.012191911097656313)	(8.0, 0.01067318969588826)	(9.0, 0.00934494056759389)	(10.0, 0.008389208009544515)	(11.0, 0.007999835485894771)	(12.0, 0.007950953221020992)	(13.0, 0.008512256469399198)	(14.0, 0.009365167711679591)	(15.0, 0.011077732577602282)	(16.0, 0.014159000859990743)	(17.0, 0.01928995307639691)	(18.0, 0.028376997556898112)	(19.0, 0.041994922312596356)	(20.0, 0.061610195289704954)	(21.0, 0.09052152656953368)	(22.0, 0.13316540308821292)	(23.0, 0.1920685322611149)	(24.0, 0.26225503664315714)	(25.0, 0.3429057168988686)	(26.0, 0.4372872567980903)	(27.0, 0.5414486208627484)	(28.0, 0.6479563336413477)	(29.0, 0.7524918998715913)	(30.0, 0.8580759064036105)	(31.0, 0.9709349424251199)	(32.0, 1.0827691364796206)	(33.0, 1.230961622028169)	(34.0, 1.3869213309056265)	(35.0, 1.591938606572271)	(36.0, 1.810691798668447)	(37.0, 2.0511453451778996)	(38.0, 2.286968561287067)	(39.0, 2.2127619120179913)	(40.0, 2.1090371171465163)	(41.0, 2.2327665575187496)	(42.0, 2.3793998673773586)	(43.0, 2.4753186702270935)	(44.0, 2.783307279648021)	(45.0, 3.546349320755646)	(46.0, 3.8318504027392946)	(47.0, 3.6523058438579095)	(48.0, 3.910716037529443)	(49.0, 4.164674573906782)	(50.0, 3.8801022549557347)	(51.0, 3.434440960506164)	(52.0, 3.355319115224263)	(53.0, 3.282875598681325)	(54.0, 2.98390660992728)	(55.0, 2.8921680835219234)	(56.0, 3.4914629652790956)	(57.0, 3.2235342147198995)	(58.0, 2.785277740601036)	(59.0, 2.8511373217440785)	(60.0, 2.2745069549349344)	(61.0, 1.9646709330208463)	(62.0, 1.7478190924687262)	(63.0, 1.2353846242015756)	(64.0, 0.8783081072753329)	(65.0, 0.9511645946766876)	(66.0, 0.9635149517363486)	(67.0, 0.7050407054418771)	(68.0, 0.49087401826713384)	(69.0, 0.4050654162695685)	(70.0, 0.37205134593102346)	(71.0, 0.37930951946710917)	(72.0, 0.360036422344117)	(73.0, 0.3664096583264533)	(74.0, 0.4012037173445401)	(75.0, 0.35484815988613466)	(76.0, 0.36023700818963356)	(77.0, 0.356513528082524)	(78.0, 0.25471199749453105)	(79.0, 0.15207609721300297)	(80.0, 0.09888376505363058)	(81.0, 0.1164139565945715)	(82.0, 0.11872996459238427)	(83.0, 0.144831408439641)	(84.0, 0.18827594274504594)	(85.0, 0.14748622110088927)	(86.0, 0.0914266912673688)	(87.0, 0.07396898032606831)	(88.0, 0.057940654233490686)	(89.0, 0.05606795781022286)	(90.0, 0.0480681223243281)	(91.0, 0.03745561406069694)	(92.0, 0.02318873509891579)	(93.0, 0.004242643471975798)	(94.0, 0.0011546328082254356)	(95.0, 0.0007838018333209161)	(96.0, 0.0005865871784853307)	(97.0, 0.0003185775193497917)	(98.0, 0.00017698751074988429)	(99.0, 8.090857634280424e-05)	(100.0, 5.056786021425265e-05)
SRR19077148_2	(0.0, 0.6498124186437096)	(1.0, 0.44937708280161837)	(2.0, 0.1825766328136066)	(3.0, 0.09150939844202646)	(4.0, 0.05732269014038085)	(5.0, 0.0428544742016926)	(6.0, 0.03518917188120712)	(7.0, 0.031024053843567715)	(8.0, 0.027949157139929553)	(9.0, 0.025294485068127783)	(10.0, 0.023956179312921926)	(11.0, 0.023039785838676302)	(12.0, 0.022113266469687635)	(13.0, 0.02188205853972143)	(14.0, 0.02250648871554257)	(15.0, 0.024059125909476224)	(16.0, 0.027792205771412348)	(17.0, 0.03374960717857081)	(18.0, 0.042969234342113784)	(19.0, 0.057803670140675514)	(20.0, 0.08089914840043856)	(21.0, 0.11164642778769637)	(22.0, 0.1521601326546216)	(23.0, 0.20449750728317637)	(24.0, 0.2674485072515667)	(25.0, 0.34713086063371595)	(26.0, 0.4445048397810896)	(27.0, 0.5478210314935071)	(28.0, 0.6497381620822607)	(29.0, 0.7597914490970512)	(30.0, 0.8743912628514692)	(31.0, 0.9870114641836217)	(32.0, 1.101683846850365)	(33.0, 1.2248602934521424)	(34.0, 1.3938648520118204)	(35.0, 1.6443575485161572)	(36.0, 2.0642514011242747)	(37.0, 2.274871699428746)	(38.0, 2.3830500082669492)	(39.0, 2.389938991990468)	(40.0, 2.3555987076185527)	(41.0, 2.4539700873981163)	(42.0, 2.4546383964511573)	(43.0, 2.5017204317080717)	(44.0, 2.9253963060027166)	(45.0, 3.0336117431216443)	(46.0, 2.968800953818781)	(47.0, 3.5327542232870837)	(48.0, 4.121922658314694)	(49.0, 4.492181062541525)	(50.0, 4.439793058439256)	(51.0, 4.411766269439629)	(52.0, 3.866684292474116)	(53.0, 2.863252002315522)	(54.0, 2.5823293044592095)	(55.0, 2.5751770474723714)	(56.0, 2.559588232515453)	(57.0, 2.6602126238753443)	(58.0, 2.6416046046358743)	(59.0, 2.4511010838875866)	(60.0, 2.0300630051735054)	(61.0, 1.8018962189284597)	(62.0, 1.983227366688672)	(63.0, 1.726314852917244)	(64.0, 1.0695915111114058)	(65.0, 0.7487694126692461)	(66.0, 0.7642130898015145)	(67.0, 0.6344463733711381)	(68.0, 0.49372343882878633)	(69.0, 0.5967780449270086)	(70.0, 0.6340767782130169)	(71.0, 0.5062998000996489)	(72.0, 0.3526309091283135)	(73.0, 0.29643388095353457)	(74.0, 0.33905545957613714)	(75.0, 0.32537368812915873)	(76.0, 0.31874629001983545)	(77.0, 0.3982700043843436)	(78.0, 0.3110252952782632)	(79.0, 0.13905891250624453)	(80.0, 0.11771352638790451)	(81.0, 0.11893875965181301)	(82.0, 0.09012215086222922)	(83.0, 0.06587400825088281)	(84.0, 0.04298779848247603)	(85.0, 0.0313987119490604)	(86.0, 0.03034899419403135)	(87.0, 0.030443502544966437)	(88.0, 0.055584411542824695)	(89.0, 0.06149118347626793)	(90.0, 0.030784407667982308)	(91.0, 0.016950747799858248)	(92.0, 0.010554557620501143)	(93.0, 0.004958313125844637)	(94.0, 0.003751644002298375)	(95.0, 0.0037600822479175802)	(96.0, 0.00405204554634206)	(97.0, 0.004750732283612203)	(98.0, 0.0058898954422048275)	(99.0, 0.00856144400524501)	(100.0, 0.10228503809775076)
SRR19077149_1	(0.0, 0.14189743718108558)	(1.0, 0.0972913612109547)	(2.0, 0.0363271499244538)	(3.0, 0.014660542729004574)	(4.0, 0.007436121255243896)	(5.0, 0.004799859825452864)	(6.0, 0.0037626640407017464)	(7.0, 0.0033179613550703294)	(8.0, 0.0030183861925940757)	(9.0, 0.0027307940366168722)	(10.0, 0.0026881877912869165)	(11.0, 0.0028892360114376467)	(12.0, 0.003214108632078562)	(13.0, 0.0038665167636935138)	(14.0, 0.0048158371674515985)	(15.0, 0.006062069843352814)	(16.0, 0.008021957128530793)	(17.0, 0.01100705719196084)	(18.0, 0.016066548824893126)	(19.0, 0.02386881750094133)	(20.0, 0.03579856619332904)	(21.0, 0.05496738225630959)	(22.0, 0.08206894862166134)	(23.0, 0.11730031917403533)	(24.0, 0.16302480908407757)	(25.0, 0.21695366411046946)	(26.0, 0.2788658643555619)	(27.0, 0.3486562256511965)	(28.0, 0.41973143153256265)	(29.0, 0.4915722183847014)	(30.0, 0.5678933182223184)	(31.0, 0.6444088090542531)	(32.0, 0.7416229464455474)	(33.0, 0.8827894202301909)	(34.0, 1.0057869932719412)	(35.0, 1.1447938629964227)	(36.0, 1.3524966460896255)	(37.0, 1.6306435300552442)	(38.0, 1.7860884218060893)	(39.0, 1.658940734180168)	(40.0, 1.6170947440403185)	(41.0, 1.7916405481506494)	(42.0, 1.9989665322617152)	(43.0, 2.258113693700507)	(44.0, 2.7276518260237883)	(45.0, 3.667728005990438)	(46.0, 4.026995849619127)	(47.0, 3.8292456191459685)	(48.0, 4.150330278288017)	(49.0, 4.401612593127932)	(50.0, 4.087456774632668)	(51.0, 3.5784133327723513)	(52.0, 3.5639671527151626)	(53.0, 3.6436168654691827)	(54.0, 3.3372433439724682)	(55.0, 3.253820315616414)	(56.0, 3.9618642149612895)	(57.0, 3.6377625010718133)	(58.0, 3.1087873250680764)	(59.0, 3.2521347060355477)	(60.0, 2.6898401147386184)	(61.0, 2.3293446786663603)	(62.0, 2.09288933720127)	(63.0, 1.501996635171775)	(64.0, 1.1049916411872445)	(65.0, 1.2379391039587062)	(66.0, 1.2100692937322486)	(67.0, 0.854259213201119)	(68.0, 0.6067555397439045)	(69.0, 0.5190212919385256)	(70.0, 0.49118876217673174)	(71.0, 0.49149898890054056)	(72.0, 0.4563235390451621)	(73.0, 0.46385419290723184)	(74.0, 0.49528029317357414)	(75.0, 0.44758127008152176)	(76.0, 0.47043685781071)	(77.0, 0.4742035161869115)	(78.0, 0.35305798337184763)	(79.0, 0.2069451907934295)	(80.0, 0.1280051383131868)	(81.0, 0.15559001927400024)	(82.0, 0.15444497643075766)	(83.0, 0.1989045934325668)	(84.0, 0.2617354908425864)	(85.0, 0.19298765111236918)	(86.0, 0.11788881793765535)	(87.0, 0.09705835830680651)	(88.0, 0.0772065108733801)	(89.0, 0.06955602694631986)	(90.0, 0.05643463482985994)	(91.0, 0.04171417706836012)	(92.0, 0.025302783945327666)	(93.0, 0.004838471735283137)	(94.0, 0.0015324933867118579)	(95.0, 0.0010292071137517516)	(96.0, 0.0008281588936010211)	(97.0, 0.0004393769049651721)	(98.0, 0.00021436267181634155)	(99.0, 0.0001411331876554795)	(100.0, 7.722381966054539e-05)
SRR19077149_2	(0.0, 0.18058322780166133)	(1.0, 0.13949930412263561)	(2.0, 0.07316587180088713)	(3.0, 0.038242737611242694)	(4.0, 0.02498031559127241)	(5.0, 0.01931926567760342)	(6.0, 0.016340817806358085)	(7.0, 0.014916226855860875)	(8.0, 0.013919412982173397)	(9.0, 0.01319179215993628)	(10.0, 0.012817320637869195)	(11.0, 0.01289461369224603)	(12.0, 0.013125160216507975)	(13.0, 0.013458319933649508)	(14.0, 0.01438183866956585)	(15.0, 0.016084951143593384)	(16.0, 0.018824856657365382)	(17.0, 0.022984022566160323)	(18.0, 0.029366030107723595)	(19.0, 0.039765943838013795)	(20.0, 0.059393049094256)	(21.0, 0.08289546818028855)	(22.0, 0.10780115599492127)	(23.0, 0.14325601309312358)	(24.0, 0.18636954576897552)	(25.0, 0.23812524150747896)	(26.0, 0.3044893245232045)	(27.0, 0.3787079810302589)	(28.0, 0.4507064611822821)	(29.0, 0.5236084704871931)	(30.0, 0.601990290819648)	(31.0, 0.6815208458568072)	(32.0, 0.7750387784584364)	(33.0, 0.9068114424211255)	(34.0, 1.0248046204828407)	(35.0, 1.1586215524699102)	(36.0, 1.5483957666647423)	(37.0, 1.8027818676464653)	(38.0, 1.9048873251171348)	(39.0, 1.9255858720237045)	(40.0, 1.9022233800188713)	(41.0, 2.0169449296582567)	(42.0, 2.1398222291732667)	(43.0, 2.3111676043380274)	(44.0, 2.81464523207666)	(45.0, 2.9841928774077253)	(46.0, 3.044694682040628)	(47.0, 3.648602640192143)	(48.0, 4.336290938732675)	(49.0, 4.750173922698737)	(50.0, 4.650328620749155)	(51.0, 4.613130672010868)	(52.0, 4.05688587563249)	(53.0, 3.0853601571149243)	(54.0, 2.8179461785540987)	(55.0, 2.9024314849045862)	(56.0, 2.9688675304192147)	(57.0, 3.1187600850777977)	(58.0, 3.1176459989836762)	(59.0, 2.918149960359324)	(60.0, 2.429259397676016)	(61.0, 2.1115196448826588)	(62.0, 2.2418503935895595)	(63.0, 1.9129258027723262)	(64.0, 1.2353522332442117)	(65.0, 0.9471690779167827)	(66.0, 0.9931797674928975)	(67.0, 0.8392399885904791)	(68.0, 0.6658663370677607)	(69.0, 0.7892020643535573)	(70.0, 0.8565789529093932)	(71.0, 0.7146955578508928)	(72.0, 0.4778882961844257)	(73.0, 0.39819782448303875)	(74.0, 0.4372827898592152)	(75.0, 0.4153475540826164)	(76.0, 0.4367310773676288)	(77.0, 0.5764729217643435)	(78.0, 0.4633198880732606)	(79.0, 0.19925483098914162)	(80.0, 0.15770714898385485)	(81.0, 0.15800166217380798)	(82.0, 0.11837298013925651)	(83.0, 0.08487443690010928)	(84.0, 0.055385804016477594)	(85.0, 0.03971530356100829)	(86.0, 0.03649431541568391)	(87.0, 0.042108722968953086)	(88.0, 0.08387895566529037)	(89.0, 0.0914869909659345)	(90.0, 0.04525508333763776)	(91.0, 0.023238556590056456)	(92.0, 0.01456840811116511)	(93.0, 0.008106442237487866)	(94.0, 0.006507275595208493)	(95.0, 0.006584568649585328)	(96.0, 0.007093636697377596)	(97.0, 0.007871897796620226)	(98.0, 0.009367118607151441)	(99.0, 0.013173135215776354)	(100.0, 0.11695505238310212)
SRR19077150_1	(0.0, 0.13851528886365513)	(1.0, 0.09489265225323522)	(2.0, 0.035722926112046464)	(3.0, 0.015135882697322973)	(4.0, 0.0082228015817952)	(5.0, 0.005524590509087277)	(6.0, 0.004392436629989643)	(7.0, 0.0037782965540640394)	(8.0, 0.00331101606151195)	(9.0, 0.002983919716725487)	(10.0, 0.0028223741750146216)	(11.0, 0.002889128531093491)	(12.0, 0.003332377455457188)	(13.0, 0.004051989413987407)	(14.0, 0.0049184609558911374)	(15.0, 0.006280249819900085)	(16.0, 0.008346964684101899)	(17.0, 0.011473738722836168)	(18.0, 0.016516362781034)	(19.0, 0.02421314003692771)	(20.0, 0.036523978384992904)	(21.0, 0.055535618996255066)	(22.0, 0.08289155411737598)	(23.0, 0.1191124677257708)	(24.0, 0.16574305562110464)	(25.0, 0.21962984202221159)	(26.0, 0.28206786143702184)	(27.0, 0.35229477911911455)	(28.0, 0.42403168033571137)	(29.0, 0.49686602316624484)	(30.0, 0.5721996490883712)	(31.0, 0.6487548797267407)	(32.0, 0.7465833885603247)	(33.0, 0.8878048990194173)	(34.0, 1.013703614584166)	(35.0, 1.1530706890313875)	(36.0, 1.359782228065216)	(37.0, 1.6389249136188617)	(38.0, 1.7904946843573009)	(39.0, 1.6616908192159996)	(40.0, 1.6243270710315345)	(41.0, 1.8001874168599528)	(42.0, 2.0047855129803245)	(43.0, 2.260335874008576)	(44.0, 2.727235866731016)	(45.0, 3.661906328979165)	(46.0, 4.021429269774499)	(47.0, 3.8285425578846044)	(48.0, 4.143305367841935)	(49.0, 4.389516794454753)	(50.0, 4.073496332428896)	(51.0, 3.563788106240198)	(52.0, 3.5501715526872304)	(53.0, 3.637355411900478)	(54.0, 3.33743209529948)	(55.0, 3.249197522521551)	(56.0, 3.9499340193269084)	(57.0, 3.6283903018790857)	(58.0, 3.1070614773841783)	(59.0, 3.2549744444966167)	(60.0, 2.696196426241463)	(61.0, 2.331453294800761)	(62.0, 2.0933391715803102)	(63.0, 1.5056778785369511)	(64.0, 1.1059915118632035)	(65.0, 1.2373774354976355)	(66.0, 1.2103125493690186)	(67.0, 0.853585281006267)	(68.0, 0.6069346107304504)	(69.0, 0.5192340728011525)	(70.0, 0.4891385389065549)	(71.0, 0.489599143963499)	(72.0, 0.4564783026514069)	(73.0, 0.4633540013275306)	(74.0, 0.4955309360446674)	(75.0, 0.44764136099368607)	(76.0, 0.46924440570793)	(77.0, 0.472615500689913)	(78.0, 0.35144566370979136)	(79.0, 0.20582904644646602)	(80.0, 0.12655557842856482)	(81.0, 0.15393287494363098)	(82.0, 0.15358041194353453)	(83.0, 0.19879313731575315)	(84.0, 0.2617905582345043)	(85.0, 0.19336333799229785)	(86.0, 0.11793358579741797)	(87.0, 0.0961396236247885)	(88.0, 0.07638300439968615)	(89.0, 0.06946057767430733)	(90.0, 0.0569040832958719)	(91.0, 0.04190304439782824)	(92.0, 0.02501018704850942)	(93.0, 0.004756915414180273)	(94.0, 0.0015647221064887117)	(95.0, 0.0010386977805872165)	(96.0, 0.0007476487880833434)	(97.0, 0.00039385070086533273)	(98.0, 0.00018958237126399068)	(99.0, 0.00010413679548303713)	(100.0, 7.075961744360214e-05)
SRR19077150_2	(0.0, 0.1735965071169423)	(1.0, 0.13483762258975496)	(2.0, 0.07258554899611416)	(3.0, 0.03977445950531744)	(4.0, 0.026519869757854187)	(5.0, 0.02066160567348289)	(6.0, 0.017520004655609506)	(7.0, 0.015757447555407467)	(8.0, 0.014589536330557895)	(9.0, 0.013873288714403012)	(10.0, 0.013711598487621778)	(11.0, 0.013793111742445375)	(12.0, 0.013801129439641138)	(13.0, 0.01391471348324779)	(14.0, 0.014930288461377849)	(15.0, 0.016475031454428312)	(16.0, 0.01925316353276041)	(17.0, 0.02396890576673539)	(18.0, 0.03064898381367246)	(19.0, 0.04081943270649863)	(20.0, 0.06069664033766265)	(21.0, 0.08553145740154051)	(22.0, 0.1107350885364235)	(23.0, 0.14618266412176048)	(24.0, 0.18993791028477458)	(25.0, 0.24236696853073897)	(26.0, 0.31038777525673167)	(27.0, 0.3843349964932597)	(28.0, 0.4554319263766937)	(29.0, 0.5303559703882389)	(30.0, 0.6103552167247025)	(31.0, 0.6893976845291383)	(32.0, 0.7814876182368135)	(33.0, 0.9124526930810147)	(34.0, 1.030788558559022)	(35.0, 1.164446243378134)	(36.0, 1.5541597784068848)	(37.0, 1.8101848941106071)	(38.0, 1.910264463073861)	(39.0, 1.9308552457554478)	(40.0, 1.9127205509814966)	(41.0, 2.0269353201008813)	(42.0, 2.1453486899851146)	(43.0, 2.3141399239160627)	(44.0, 2.8137587158214754)	(45.0, 2.985484426926073)	(46.0, 3.0424581831991695)	(47.0, 3.6357570854227506)	(48.0, 4.31493888744162)	(49.0, 4.730063177449479)	(50.0, 4.638078810088214)	(51.0, 4.597677633918761)	(52.0, 4.045390589134377)	(53.0, 3.0814388906821066)	(54.0, 2.8130438044881867)	(55.0, 2.898785058299683)	(56.0, 2.9681822363776154)	(57.0, 3.1170107405739778)	(58.0, 3.1147938472993486)	(59.0, 2.915538036590231)	(60.0, 2.4294958786029777)	(61.0, 2.112013777610861)	(62.0, 2.238312552687128)	(63.0, 1.9120323653055267)	(64.0, 1.2381302168900674)	(65.0, 0.9495091532369682)	(66.0, 0.9907201168231933)	(67.0, 0.8358489415069569)	(68.0, 0.6637557526142203)	(69.0, 0.78594813044339)	(70.0, 0.853994326543836)	(71.0, 0.7133011124354416)	(72.0, 0.47667214253113754)	(73.0, 0.3956653389137397)	(74.0, 0.43635916103083805)	(75.0, 0.4142263079219325)	(76.0, 0.4352861258894716)	(77.0, 0.5760635258184215)	(78.0, 0.464346269375517)	(79.0, 0.2005479962405018)	(80.0, 0.15614732545322874)	(81.0, 0.15631436081147382)	(82.0, 0.11848552915899502)	(83.0, 0.08525217428255474)	(84.0, 0.055936800769110964)	(85.0, 0.040292937257310146)	(86.0, 0.03671971687373149)	(87.0, 0.041396706904593614)	(88.0, 0.0824379625668417)	(89.0, 0.09076166853891032)	(90.0, 0.04565143154981218)	(91.0, 0.023892737643375635)	(92.0, 0.015106677799684652)	(93.0, 0.008525484684828666)	(94.0, 0.006929962942871702)	(95.0, 0.00685780366810983)	(96.0, 0.007313476125402396)	(97.0, 0.008222148474255609)	(98.0, 0.009741502092852817)	(99.0, 0.013577970201025719)	(100.0, 0.11527577771495764)
SRR19077151_1	(0.0, 0.29505517247680824)	(1.0, 0.1958439283439494)	(2.0, 0.06578205657564795)	(3.0, 0.025732358862155753)	(4.0, 0.013763351368144036)	(5.0, 0.009486855783604144)	(6.0, 0.0072996844213899315)	(7.0, 0.005974431247311451)	(8.0, 0.005381592693869179)	(9.0, 0.00514704734384226)	(10.0, 0.004906746279704251)	(11.0, 0.0050146659192871895)	(12.0, 0.00507222306039809)	(13.0, 0.005463611619952211)	(14.0, 0.006450716590004152)	(15.0, 0.007839282619304623)	(16.0, 0.009807736845297413)	(17.0, 0.012822292110980816)	(18.0, 0.018405334798738147)	(19.0, 0.02739288238320523)	(20.0, 0.03980507986377088)	(21.0, 0.05836725787203623)	(22.0, 0.08621915845560088)	(23.0, 0.12586451725278902)	(24.0, 0.1732383611726433)	(25.0, 0.22609883956889415)	(26.0, 0.2886145283864985)	(27.0, 0.36007171907568125)	(28.0, 0.43299661686319196)	(29.0, 0.5047790053996513)	(30.0, 0.5774492128377462)	(31.0, 0.6518562070088626)	(32.0, 0.7514502061301089)	(33.0, 0.8718396003347235)	(34.0, 1.022634993259699)	(35.0, 1.1816092559365334)	(36.0, 1.3366077590911325)	(37.0, 1.598783414708339)	(38.0, 1.796418809069365)	(39.0, 1.6938822011088241)	(40.0, 1.5871712614892148)	(41.0, 1.7064498028703892)	(42.0, 1.7878787682570352)	(43.0, 2.149668567994877)	(44.0, 2.758509445594508)	(45.0, 3.4861295563761767)	(46.0, 3.940325907239041)	(47.0, 3.9445175060404423)	(48.0, 4.18470921161034)	(49.0, 4.280357668708435)	(50.0, 3.8679650694344168)	(51.0, 3.4195345051823374)	(52.0, 3.31159472060001)	(53.0, 3.357443300280426)	(54.0, 3.373258563729173)	(55.0, 3.315953235110633)	(56.0, 3.8679190237215284)	(57.0, 3.603615192811746)	(58.0, 3.4333194404783973)	(59.0, 3.764976637916155)	(60.0, 2.91723333470751)	(61.0, 2.464206832737725)	(62.0, 2.2975069627952798)	(63.0, 1.6215688479456165)	(64.0, 1.1357765044699235)	(65.0, 1.2819572536063326)	(66.0, 1.2933276668327909)	(67.0, 0.8939890271627258)	(68.0, 0.5783240813826319)	(69.0, 0.48668591809143974)	(70.0, 0.4461153282508939)	(71.0, 0.43207714153394533)	(72.0, 0.4178087262525531)	(73.0, 0.47971574830290975)	(74.0, 0.5660557767548434)	(75.0, 0.5003068155353343)	(76.0, 0.4775731837250564)	(77.0, 0.43767601243550813)	(78.0, 0.2756339541374627)	(79.0, 0.159489399089777)	(80.0, 0.12198516594191433)	(81.0, 0.14054302716459638)	(82.0, 0.14412452027022213)	(83.0, 0.1381198715238275)	(84.0, 0.15762598664631158)	(85.0, 0.1389918622116576)	(86.0, 0.08886247016111899)	(87.0, 0.07427173488950575)	(88.0, 0.05228059019955852)	(89.0, 0.045081630775112666)	(90.0, 0.03762222528713999)	(91.0, 0.02705617310770646)	(92.0, 0.014990757402333986)	(93.0, 0.0013986385289948774)	(94.0, 0.0005136974844147853)	(95.0, 0.000374121417220852)	(96.0, 0.0002935414196655916)	(97.0, 0.00014389285277725076)	(98.0, 6.475178374976285e-05)	(99.0, 5.7557141110900306e-05)	(100.0, 4.316785583317523e-05)
SRR19077151_2	(0.0, 0.3043983854161858)	(1.0, 0.22282488390474417)	(2.0, 0.10491663554272801)	(3.0, 0.05435448831200623)	(4.0, 0.035188258623949975)	(5.0, 0.0274321793521244)	(6.0, 0.023585106420825216)	(7.0, 0.02193450904932807)	(8.0, 0.02067855712267405)	(9.0, 0.019794205651383266)	(10.0, 0.019493180476302198)	(11.0, 0.01894010072878483)	(12.0, 0.018715412081355902)	(13.0, 0.019268491828873267)	(14.0, 0.019848937501398004)	(15.0, 0.02120571125702654)	(16.0, 0.02414970866308253)	(17.0, 0.02848072637345941)	(18.0, 0.035237229226594745)	(19.0, 0.04545768206092608)	(20.0, 0.06550394228474564)	(21.0, 0.09025426098614782)	(22.0, 0.11639880155108334)	(23.0, 0.15235618669892464)	(24.0, 0.1942361341430978)	(25.0, 0.24720216183894062)	(26.0, 0.31611388194302503)	(27.0, 0.3901055819155828)	(28.0, 0.462419318591636)	(29.0, 0.5369914642367185)	(30.0, 0.6145580182023441)	(31.0, 0.6933416356748766)	(32.0, 0.7846012343270847)	(33.0, 0.9229014177551188)	(34.0, 1.0490655335983055)	(35.0, 1.1053053901121352)	(36.0, 1.3011100238517082)	(37.0, 1.7908390952888567)	(38.0, 1.995317286943923)	(39.0, 1.901659569073964)	(40.0, 2.0106133987112003)	(41.0, 2.0538155524267823)	(42.0, 2.1178878247400896)	(43.0, 2.2226100181840813)	(44.0, 2.759362390654946)	(45.0, 2.9531491475031855)	(46.0, 2.9099109859915413)	(47.0, 3.5288605150016474)	(48.0, 4.1334501349420965)	(49.0, 4.588526743760702)	(50.0, 4.620171835252119)	(51.0, 4.5346806855290955)	(52.0, 3.950380738513848)	(53.0, 2.932901243621417)	(54.0, 2.7209233482024886)	(55.0, 3.169774929237839)	(56.0, 3.4315328825570153)	(57.0, 3.3984431582875776)	(58.0, 3.244550158852713)	(59.0, 2.895012400292792)	(60.0, 2.306103455381566)	(61.0, 2.0941370824573777)	(62.0, 2.5022595252107074)	(63.0, 2.1004557305103955)	(64.0, 1.1627997582407765)	(65.0, 0.9538810851753038)	(66.0, 1.112606330841733)	(67.0, 0.9399230231097027)	(68.0, 0.7379221678237244)	(69.0, 0.9300208791925623)	(70.0, 0.9185963256579067)	(71.0, 0.6078303215860588)	(72.0, 0.4095713964668776)	(73.0, 0.322305782553903)	(74.0, 0.40678439305165337)	(75.0, 0.44490800721060436)	(76.0, 0.40037644566440145)	(77.0, 0.4538249778274794)	(78.0, 0.30806829999085833)	(79.0, 0.12128001838529262)	(80.0, 0.10209650495512643)	(81.0, 0.09911073850563815)	(82.0, 0.07712149760629533)	(83.0, 0.059909771088502276)	(84.0, 0.03290680466544084)	(85.0, 0.02461636970005031)	(86.0, 0.02316021442728974)	(87.0, 0.026759553721680103)	(88.0, 0.06045420896496469)	(89.0, 0.06689528352459402)	(90.0, 0.030573499480601944)	(91.0, 0.014564433351290661)	(92.0, 0.007865542971855054)	(93.0, 0.004650766939410358)	(94.0, 0.00428924866694458)	(95.0, 0.004549945110435838)	(96.0, 0.0050612558145209045)	(97.0, 0.005725239573910243)	(98.0, 0.006811234703150073)	(99.0, 0.009785478657898413)	(100.0, 0.10669398035636456)
SRR19077152_1	(0.0, 0.29201158123769344)	(1.0, 0.19397875096254558)	(2.0, 0.06632680375331049)	(3.0, 0.027473075837630992)	(4.0, 0.015016518747515036)	(5.0, 0.010248500021114276)	(6.0, 0.007894777528226786)	(7.0, 0.006650131381558954)	(8.0, 0.005918919798290598)	(9.0, 0.005639126805876276)	(10.0, 0.00533481587082771)	(11.0, 0.005055022878413388)	(12.0, 0.005219437317254793)	(13.0, 0.005717007329537994)	(14.0, 0.0067395497605779635)	(15.0, 0.00822649086974892)	(16.0, 0.010219655382721045)	(17.0, 0.013202190992580928)	(18.0, 0.018633636402025956)	(19.0, 0.027317314790307558)	(20.0, 0.03992097953622898)	(21.0, 0.05917766012754869)	(22.0, 0.08782615497970377)	(23.0, 0.1277788636181653)	(24.0, 0.17675417514602887)	(25.0, 0.23097488416570114)	(26.0, 0.29358649849396373)	(27.0, 0.36426018925313386)	(28.0, 0.43745201694403285)	(29.0, 0.5099717645603696)	(30.0, 0.5824020937976874)	(31.0, 0.6572092212386073)	(32.0, 0.7574385707273995)	(33.0, 0.8794845624649106)	(34.0, 1.0312837987050372)	(35.0, 1.1899321943316363)	(36.0, 1.3418121955592641)	(37.0, 1.6034748905115217)	(38.0, 1.8016058271707724)	(39.0, 1.6973540928580444)	(40.0, 1.5961685436065167)	(41.0, 1.7158175458935503)	(42.0, 1.7952023174474756)	(43.0, 2.157790959905722)	(44.0, 2.7602227706036673)	(45.0, 3.4858961833005235)	(46.0, 3.939146408692528)	(47.0, 3.9416775257115337)	(48.0, 4.178088181982439)	(49.0, 4.269126187447228)	(50.0, 3.8541816418414325)	(51.0, 3.4084036200251937)	(52.0, 3.3029923312490586)	(53.0, 3.349782661418635)	(54.0, 3.3695095096157637)	(55.0, 3.3131643929784307)	(56.0, 3.854514797414874)	(57.0, 3.588805199696047)	(58.0, 3.4246705538470557)	(59.0, 3.7596765108417767)	(60.0, 2.92192292897227)	(61.0, 2.4669074117106002)	(62.0, 2.295679869280714)	(63.0, 1.6217133553675604)	(64.0, 1.1350019072074906)	(65.0, 1.279820740956456)	(66.0, 1.2939084623477088)	(67.0, 0.8931843234697746)	(68.0, 0.5769158435752952)	(69.0, 0.48606532826006144)	(70.0, 0.44621213362405654)	(71.0, 0.4319412487790064)	(72.0, 0.41776699347257373)	(73.0, 0.47895656712805007)	(74.0, 0.5626334208748879)	(75.0, 0.4972267610863214)	(76.0, 0.4747380387630403)	(77.0, 0.43516463711944975)	(78.0, 0.27458220848858483)	(79.0, 0.15889357505294147)	(80.0, 0.12162918671272886)	(81.0, 0.14050944477301694)	(82.0, 0.14361024340028905)	(83.0, 0.13831148332745288)	(84.0, 0.15653985256005395)	(85.0, 0.1369226139888189)	(86.0, 0.08785355738617733)	(87.0, 0.07362017057103845)	(88.0, 0.0520573611401801)	(89.0, 0.045526935007953045)	(90.0, 0.03809944062169657)	(91.0, 0.026989928144544408)	(92.0, 0.014829028597959046)	(93.0, 0.0013787737151963477)	(94.0, 0.0005062234038011696)	(95.0, 0.0003922870821479149)	(96.0, 0.00034180896495976404)	(97.0, 0.00014710765580546806)	(98.0, 5.0478117188150805e-05)	(99.0, 4.326695758984355e-05)	(100.0, 4.326695758984355e-05)
SRR19077152_2	(0.0, 0.29523891234659166)	(1.0, 0.21712420628051246)	(2.0, 0.10456678906980817)	(3.0, 0.05665911158911477)	(4.0, 0.03752780099775877)	(5.0, 0.02927875868572978)	(6.0, 0.025437193828832836)	(7.0, 0.02344639415289864)	(8.0, 0.021682248247175955)	(9.0, 0.020419050483258323)	(10.0, 0.020182291130935472)	(11.0, 0.019695779535003767)	(12.0, 0.019415710545060885)	(13.0, 0.01980405362905385)	(14.0, 0.020381515463987625)	(15.0, 0.022145661369710308)	(16.0, 0.02497089339712381)	(17.0, 0.02918492113755304)	(18.0, 0.036009076371882935)	(19.0, 0.046479903093819636)	(20.0, 0.0671689169849095)	(21.0, 0.09334237465328289)	(22.0, 0.1207775864309866)	(23.0, 0.15679676838498088)	(24.0, 0.1995289441700803)	(25.0, 0.25272039744041774)	(26.0, 0.32231609778663645)	(27.0, 0.39667441461647146)	(28.0, 0.4675145452169724)	(29.0, 0.5434175724552552)	(30.0, 0.6203282705954976)	(31.0, 0.6992398739937854)	(32.0, 0.7915500356171241)	(33.0, 0.9302116150760098)	(34.0, 1.0569226218609409)	(35.0, 1.1134763466651802)	(36.0, 1.3087205240200521)	(37.0, 1.7913097104379705)	(38.0, 2.0000881495491023)	(39.0, 1.913623345349881)	(40.0, 2.019480761620766)	(41.0, 2.0629593068275174)	(42.0, 2.126826585771193)	(43.0, 2.233339421224728)	(44.0, 2.7627636497649504)	(45.0, 2.953207675616935)	(46.0, 2.9099355730161727)	(47.0, 3.5198045661264326)	(48.0, 4.11989857402585)	(49.0, 4.576439900724494)	(50.0, 4.6118368675513475)	(51.0, 4.520524271247856)	(52.0, 3.936317682082054)	(53.0, 2.927026999675625)	(54.0, 2.7180262377580435)	(55.0, 3.1627613572414663)	(56.0, 3.4195196565626587)	(57.0, 3.3852516276231004)	(58.0, 3.236683690385926)	(59.0, 2.890821586279865)	(60.0, 2.3039601163279544)	(61.0, 2.0935214744413875)	(62.0, 2.4952010395121476)	(63.0, 2.0976748686891487)	(64.0, 1.1661480842840772)	(65.0, 0.9506393274867921)	(66.0, 1.102635944368886)	(67.0, 0.9360280994083802)	(68.0, 0.7393171689927768)	(69.0, 0.9284315889698265)	(70.0, 0.9172403786088098)	(71.0, 0.6086476613293746)	(72.0, 0.41073127933334685)	(73.0, 0.32091719649150935)	(74.0, 0.4051443360803626)	(75.0, 0.4433780841713279)	(76.0, 0.3986421158190083)	(77.0, 0.4511954737617439)	(78.0, 0.30702202108841536)	(79.0, 0.12264567546699735)	(80.0, 0.10276655179940213)	(81.0, 0.0989971696718719)	(82.0, 0.07655989007552003)	(83.0, 0.05958106847387968)	(84.0, 0.03278683933295247)	(85.0, 0.02474279597232497)	(86.0, 0.02321107845516313)	(87.0, 0.026609441353748403)	(88.0, 0.0597413141330738)	(89.0, 0.06605874660724931)	(90.0, 0.03050730873955139)	(91.0, 0.01462422096969788)	(92.0, 0.007973304285848113)	(93.0, 0.004880996159777742)	(94.0, 0.004429132273942062)	(95.0, 0.004635574879930888)	(96.0, 0.005100431657052577)	(97.0, 0.005841026460355145)	(98.0, 0.006994506475635362)	(99.0, 0.009881815650304241)	(100.0, 0.10615047815211404)
SRR19077153_1	(0.0, 0.3458320688995967)	(1.0, 0.23154720762935505)	(2.0, 0.07917770307467026)	(3.0, 0.02943057077003964)	(4.0, 0.01420558942807205)	(5.0, 0.009049456713196707)	(6.0, 0.0068210498512904895)	(7.0, 0.005574379265299502)	(8.0, 0.004735196476024016)	(9.0, 0.004253742247561478)	(10.0, 0.003990152781699306)	(11.0, 0.003960566209000491)	(12.0, 0.0040910160977179946)	(13.0, 0.004208017544299673)	(14.0, 0.004788990244567317)	(15.0, 0.005859486238578995)	(16.0, 0.007490782269654578)	(17.0, 0.010593337870389428)	(18.0, 0.015012495956221556)	(19.0, 0.02239972522143028)	(20.0, 0.03378652117783339)	(21.0, 0.04989237547969752)	(22.0, 0.07364097944735107)	(23.0, 0.1061620022202033)	(24.0, 0.1464212585980093)	(25.0, 0.19477513229736845)	(26.0, 0.25025264579607415)	(27.0, 0.3104155965349013)	(28.0, 0.3723658452335796)	(29.0, 0.4381919349558027)	(30.0, 0.5036011229718153)	(31.0, 0.5648386042372948)	(32.0, 0.6494427537137705)	(33.0, 0.764279001111581)	(34.0, 0.8738690112322062)	(35.0, 1.010994706625933)	(36.0, 1.1854855536498365)	(37.0, 1.317916397893947)	(38.0, 1.403132451487603)	(39.0, 1.3698421778245813)	(40.0, 1.3430918815722117)	(41.0, 1.5320451832689814)	(42.0, 1.5670783750328057)	(43.0, 1.6128622514400086)	(44.0, 2.0843068044208524)	(45.0, 3.057776322955193)	(46.0, 3.5188615409588104)	(47.0, 3.469964350197164)	(48.0, 3.9888509725005585)	(49.0, 4.314946107721617)	(50.0, 3.9942801085907904)	(51.0, 3.6181244923633358)	(52.0, 3.6949648561947996)	(53.0, 3.8538541654969323)	(54.0, 3.552329334058025)	(55.0, 3.3645285638522955)	(56.0, 4.268375497449469)	(57.0, 4.032161680398983)	(58.0, 3.5693348891387764)	(59.0, 3.8987934797380053)	(60.0, 3.1477020209848146)	(61.0, 2.5744648646336974)	(62.0, 2.2664444356431863)	(63.0, 1.6171832358982494)	(64.0, 1.2146646385519364)	(65.0, 1.3895333867998565)	(66.0, 1.3793475367261825)	(67.0, 0.9868950983185345)	(68.0, 0.6997896865376589)	(69.0, 0.594312210022169)	(70.0, 0.5554018323905863)	(71.0, 0.5551812779395587)	(72.0, 0.5162789693732576)	(73.0, 0.5309297022360254)	(74.0, 0.5960645420324671)	(75.0, 0.5462878231551377)	(76.0, 0.598767678901768)	(77.0, 0.6130687522690044)	(78.0, 0.4326646252379786)	(79.0, 0.2549192552172055)	(80.0, 0.16684137313704614)	(81.0, 0.20209511935189803)	(82.0, 0.2142632697963926)	(83.0, 0.265766768643962)	(84.0, 0.3218669450135564)	(85.0, 0.2607693275462894)	(86.0, 0.19095980926343487)	(87.0, 0.14616842788585582)	(88.0, 0.10410842510606283)	(89.0, 0.09812252351140706)	(90.0, 0.08284105871246901)	(91.0, 0.061143342170528796)	(92.0, 0.03535460953087059)	(93.0, 0.005006855007167683)	(94.0, 0.0017025727743954573)	(95.0, 0.0016904691764732145)	(96.0, 0.0014040173589801401)	(97.0, 0.0005742484791997316)	(98.0, 0.00029855541541531715)	(99.0, 0.00016407099405706617)	(100.0, 9.817362759152321e-05)
SRR19077153_2	(0.0, 0.35206934691913067)	(1.0, 0.24770507739193137)	(2.0, 0.10313089442383172)	(3.0, 0.048045076897773466)	(4.0, 0.02807140191594589)	(5.0, 0.020808492191530494)	(6.0, 0.01750019237824006)	(7.0, 0.01560569590396263)	(8.0, 0.014524472969460299)	(9.0, 0.01435347008940825)	(10.0, 0.01432519402262799)	(11.0, 0.013887588227219201)	(12.0, 0.013793334671285002)	(13.0, 0.014283453162142844)	(14.0, 0.014819351951597299)	(15.0, 0.01582247908261129)	(16.0, 0.01853832797288675)	(17.0, 0.02191125879596064)	(18.0, 0.026893232466768384)	(19.0, 0.034801105809647806)	(20.0, 0.04880853070084049)	(21.0, 0.06728357414331429)	(22.0, 0.08938199357177283)	(23.0, 0.12059742481780955)	(24.0, 0.1590824981851141)	(25.0, 0.205014948950591)	(26.0, 0.26182964598835656)	(27.0, 0.32552350612994835)	(28.0, 0.3880970954352936)	(29.0, 0.45155666816642026)	(30.0, 0.5192132170953598)	(31.0, 0.5886121103297117)	(32.0, 0.6662312601208964)	(33.0, 0.7817847732168558)	(34.0, 0.8966084944940103)	(35.0, 1.0108074493432582)	(36.0, 1.267431606085306)	(37.0, 1.4306491424171903)	(38.0, 1.5425429245841618)	(39.0, 1.5932674954292074)	(40.0, 1.524470478473464)	(41.0, 1.5511159587360626)	(42.0, 1.6172617578113142)	(43.0, 1.7666953848275067)	(44.0, 2.4067443535892528)	(45.0, 2.666695660855778)	(46.0, 2.7441047598651664)	(47.0, 3.5283724410412027)	(48.0, 4.386716684784669)	(49.0, 4.74606375270129)	(50.0, 4.458249747821244)	(51.0, 4.496792719801481)	(52.0, 4.175604877244505)	(53.0, 3.202182427622863)	(54.0, 2.91658068834853)	(55.0, 3.0591284198640447)	(56.0, 3.1886974367274195)	(57.0, 3.3242407825576525)	(58.0, 3.3126906825176015)	(59.0, 3.1653077435826624)	(60.0, 2.7100428712299167)	(61.0, 2.483973024362996)	(62.0, 2.741725530817513)	(63.0, 2.2992549054431497)	(64.0, 1.4460542128949503)	(65.0, 1.1605507666146633)	(66.0, 1.2267625431790687)	(67.0, 1.0242237697908063)	(68.0, 0.8068400613429071)	(69.0, 0.990248055835268)	(70.0, 1.0763634904542356)	(71.0, 0.895519192683285)	(72.0, 0.6315863459182252)	(73.0, 0.5056110824946842)	(74.0, 0.5195215608712018)	(75.0, 0.4957036872866293)	(76.0, 0.5223599393841917)	(77.0, 0.6714044338623134)	(78.0, 0.5164381231127829)	(79.0, 0.21417504810802482)	(80.0, 0.1713341139771897)	(81.0, 0.17696374422520245)	(82.0, 0.14955346368016645)	(83.0, 0.11676938396751053)	(84.0, 0.07786151607787256)	(85.0, 0.05867957096589226)	(86.0, 0.05654674764303836)	(87.0, 0.05725095635380388)	(88.0, 0.10073012170625058)	(89.0, 0.11080986627372807)	(90.0, 0.054723614575396824)	(91.0, 0.028095638544614686)	(92.0, 0.017796417839747548)	(93.0, 0.008784431413067487)	(94.0, 0.005454587929849233)	(95.0, 0.005408807631252621)	(96.0, 0.005836988071067989)	(97.0, 0.0065344643849810724)	(98.0, 0.007553749268440927)	(99.0, 0.010833773014951104)	(100.0, 0.13118883154607272)
SRR19077154_1	(0.0, 0.34160204273233646)	(1.0, 0.22936660928457595)	(2.0, 0.08001546364446234)	(3.0, 0.031284494798341105)	(4.0, 0.015713014600554194)	(5.0, 0.010109600197662903)	(6.0, 0.0076603810564424375)	(7.0, 0.00618977121435574)	(8.0, 0.0052138578086080144)	(9.0, 0.004597846169897089)	(10.0, 0.004277034856957919)	(11.0, 0.004312081470976483)	(12.0, 0.004375434965548504)	(13.0, 0.0045789749161947845)	(14.0, 0.005244860582547514)	(15.0, 0.00618977121435574)	(16.0, 0.007785740098893457)	(17.0, 0.010896801066387587)	(18.0, 0.015695491293544913)	(19.0, 0.02307549943783883)	(20.0, 0.03436320504520272)	(21.0, 0.05076502040589101)	(22.0, 0.07511702536202142)	(23.0, 0.1084234401998951)	(24.0, 0.1492581373182951)	(25.0, 0.1970859818800918)	(26.0, 0.2525432047243914)	(27.0, 0.31394622043160986)	(28.0, 0.37682658571438005)	(29.0, 0.4425753815599005)	(30.0, 0.5074830586689755)	(31.0, 0.5701666237345645)	(32.0, 0.6566050533712753)	(33.0, 0.7705995572534292)	(34.0, 0.8795244336231283)	(35.0, 1.0179181205956684)	(36.0, 1.1941783260685745)	(37.0, 1.3252149199906023)	(38.0, 1.407058199350802)	(39.0, 1.373918929902863)	(40.0, 1.349409215183649)	(41.0, 1.5399697871228226)	(42.0, 1.5744125210229138)	(43.0, 1.617072337963665)	(44.0, 2.087000253818362)	(45.0, 3.055413684166115)	(46.0, 3.5191437411262982)	(47.0, 3.4748717799406927)	(48.0, 3.984640956201033)	(49.0, 4.307041498291275)	(50.0, 3.9886120071586753)	(51.0, 3.6118568626190255)	(52.0, 3.68543183696423)	(53.0, 3.8413703980931406)	(54.0, 3.5425198326766814)	(55.0, 3.3583673993161325)	(56.0, 4.24956100746075)	(57.0, 4.015576332805882)	(58.0, 3.5681901294985865)	(59.0, 3.8979976386669835)	(60.0, 3.145705893398175)	(61.0, 2.5754853517958898)	(62.0, 2.2644183455005744)	(63.0, 1.6144829323663703)	(64.0, 1.2177269547956642)	(65.0, 1.3892963057768546)	(66.0, 1.3792419713936057)	(67.0, 0.9869018671892386)	(68.0, 0.7001248603021746)	(69.0, 0.5954473639621869)	(70.0, 0.5538173782949041)	(71.0, 0.5529385170510539)	(72.0, 0.5156947499228638)	(73.0, 0.5301339548985124)	(74.0, 0.5927325993224412)	(75.0, 0.5429340566954466)	(76.0, 0.5977833555811934)	(77.0, 0.6121956016229817)	(78.0, 0.43223797837111694)	(79.0, 0.2556529177451925)	(80.0, 0.16709147206697245)	(81.0, 0.20218391627309992)	(82.0, 0.21347970956062196)	(83.0, 0.26555358620543706)	(84.0, 0.3228548001257904)	(85.0, 0.26086812350049354)	(86.0, 0.18982998483155586)	(87.0, 0.1452978699341973)	(88.0, 0.10297908350678038)	(89.0, 0.09655342162114583)	(90.0, 0.08169635317066043)	(91.0, 0.06048236811588459)	(92.0, 0.03502235097809034)	(93.0, 0.005048060365366343)	(94.0, 0.0018170321421932792)	(95.0, 0.0016687580059608898)	(96.0, 0.0013412069595566119)	(97.0, 0.0005378307305156664)	(98.0, 0.0002763290720694527)	(99.0, 0.0001671453899346933)	(100.0, 8.222474827432494e-05)
SRR19077154_2	(0.0, 0.34182158232233023)	(1.0, 0.24179319346201913)	(2.0, 0.10400026506166699)	(3.0, 0.0515358697332574)	(4.0, 0.03132694202714008)	(5.0, 0.023141611017550013)	(6.0, 0.01932223974679323)	(7.0, 0.017210113938053172)	(8.0, 0.015919895233161483)	(9.0, 0.015344965140814348)	(10.0, 0.014864507129369327)	(11.0, 0.014497415615006835)	(12.0, 0.014433984360686847)	(13.0, 0.014745742227663814)	(14.0, 0.015305826707297758)	(15.0, 0.01658659820409924)	(16.0, 0.019068514729513274)	(17.0, 0.0223790863645544)	(18.0, 0.027850369449942382)	(19.0, 0.03626783185832049)	(20.0, 0.05055336009187545)	(21.0, 0.06948691470581428)	(22.0, 0.09239369512226475)	(23.0, 0.12303234055997517)	(24.0, 0.1603852517475142)	(25.0, 0.20717457421601837)	(26.0, 0.2664234145543553)	(27.0, 0.3306063967180939)	(28.0, 0.3921158189923028)	(29.0, 0.4565795181964362)	(30.0, 0.5257317318156258)	(31.0, 0.5967747366540135)	(32.0, 0.6757587946928014)	(33.0, 0.7893871143995492)	(34.0, 0.9030518733375021)	(35.0, 1.017494002541164)	(36.0, 1.273018038161727)	(37.0, 1.438797645728752)	(38.0, 1.5491207922050816)	(39.0, 1.5979196707944892)	(40.0, 1.5333453042955847)	(41.0, 1.5635007925195388)	(42.0, 1.6283261848334114)	(43.0, 1.7738833686827615)	(44.0, 2.410420054587318)	(45.0, 2.668744512606051)	(46.0, 2.7443910069866826)	(47.0, 3.5217477766839265)	(48.0, 4.36923657043943)	(49.0, 4.726660891723322)	(50.0, 4.4485904191948915)	(51.0, 4.484506005151562)	(52.0, 4.161188804275644)	(53.0, 3.197504749415167)	(54.0, 2.9196475138693447)	(55.0, 3.0598818707604387)	(56.0, 3.1797831366390867)	(57.0, 3.3146973657742365)	(58.0, 3.3081518001688757)	(59.0, 3.162818650111379)	(60.0, 2.709972128711732)	(61.0, 2.4842823762400554)	(62.0, 2.736252912017544)	(63.0, 2.2957498427883354)	(64.0, 1.4472717913856712)	(65.0, 1.1567107601608264)	(66.0, 1.2202796737987016)	(67.0, 1.0232379050600124)	(68.0, 0.8069616206496535)	(69.0, 0.985204794889978)	(70.0, 1.0716103096842047)	(71.0, 0.8924224146348589)	(72.0, 0.6294364342241848)	(73.0, 0.5036900457400075)	(74.0, 0.5183251206729004)	(75.0, 0.4946301731814951)	(76.0, 0.5202617983313936)	(77.0, 0.6692280747001541)	(78.0, 0.5159727658584378)	(79.0, 0.21414526418543842)	(80.0, 0.1707609854328775)	(81.0, 0.17732409585326273)	(82.0, 0.14960328811427182)	(83.0, 0.11628568438240869)	(84.0, 0.07785444187142984)	(85.0, 0.05909228660427056)	(86.0, 0.05649700358177399)	(87.0, 0.057332406697179795)	(88.0, 0.09903103360621593)	(89.0, 0.1086374946328049)	(90.0, 0.05446720344353434)	(91.0, 0.028260648201288693)	(92.0, 0.017814735255826684)	(93.0, 0.008960002072987375)	(94.0, 0.005560356761667116)	(95.0, 0.005587348784782006)	(96.0, 0.006061058790448305)	(97.0, 0.006561760819229496)	(98.0, 0.0077764018593994965)	(99.0, 0.011163900760318056)	(100.0, 0.12947263727518765)
SRR19077155_1	(0.0, 0.11918787883104386)	(1.0, 0.08093129730783787)	(2.0, 0.029009414774092267)	(3.0, 0.011168605121443319)	(4.0, 0.005574519269620185)	(5.0, 0.0037939602891518213)	(6.0, 0.0032304427217068887)	(7.0, 0.0030582567983209368)	(8.0, 0.002968250520187371)	(9.0, 0.002803891229682599)	(10.0, 0.002844981052308792)	(11.0, 0.003034776899677398)	(12.0, 0.0035376380622931885)	(13.0, 0.0045511870204059494)	(14.0, 0.005662568889533455)	(15.0, 0.007122235921873455)	(16.0, 0.009806771000118064)	(17.0, 0.013894230022314122)	(18.0, 0.0203922919719135)	(19.0, 0.03019906297203157)	(20.0, 0.04496596256059722)	(21.0, 0.06779038070033729)	(22.0, 0.1025014975283689)	(23.0, 0.1485494920847892)	(24.0, 0.20460188012157735)	(25.0, 0.2717543902420985)	(26.0, 0.3495922109036501)	(27.0, 0.43421963558962506)	(28.0, 0.5229932190444049)	(29.0, 0.6118939852835039)	(30.0, 0.6970242711320946)	(31.0, 0.7921354705624097)	(32.0, 1.0018148787656522)	(33.0, 1.3331201619424262)	(34.0, 1.611306087754634)	(35.0, 1.9833744316348119)	(36.0, 2.5467863395358488)	(37.0, 2.9981149946037324)	(38.0, 3.149427288095578)	(39.0, 2.8948895335338545)	(40.0, 2.7805287305322777)	(41.0, 3.519390267730718)	(42.0, 3.568641311793761)	(43.0, 3.277866246992176)	(44.0, 4.220257415607472)	(45.0, 5.145885893249502)	(46.0, 5.205423089576635)	(47.0, 4.690669358297892)	(48.0, 4.4172831151000675)	(49.0, 4.449487752747902)	(50.0, 3.963952798672822)	(51.0, 3.286150737896905)	(52.0, 3.108922506277253)	(53.0, 2.892169778607644)	(54.0, 2.4375030646159375)	(55.0, 2.247486114868438)	(56.0, 2.8701632436039874)	(57.0, 2.5897780339521685)	(58.0, 1.9191353856043099)	(59.0, 1.955118330275533)	(60.0, 1.5636790700144356)	(61.0, 1.331126327215946)	(62.0, 1.1903584648732695)	(63.0, 0.8551300819648042)	(64.0, 0.610514541238196)	(65.0, 0.6542399824871262)	(66.0, 0.621528570360236)	(67.0, 0.41102736570446957)	(68.0, 0.2686804801780152)	(69.0, 0.22055451459164171)	(70.0, 0.20221671375103786)	(71.0, 0.1888742613468469)	(72.0, 0.1612677705167061)	(73.0, 0.1524256320191934)	(74.0, 0.1590763133099758)	(75.0, 0.14466161220106322)	(76.0, 0.14107505768326267)	(77.0, 0.12675623282714454)	(78.0, 0.08523594539248666)	(79.0, 0.046891314249367405)	(80.0, 0.02763192738700465)	(81.0, 0.030361465604316046)	(82.0, 0.026477499037030654)	(83.0, 0.022583749178643794)	(84.0, 0.024319305020045378)	(85.0, 0.018024735525356664)	(86.0, 0.009980913581724312)	(87.0, 0.007891202602449352)	(88.0, 0.006269132937824875)	(89.0, 0.0056253923833478525)	(90.0, 0.004582493551930668)	(91.0, 0.003367408797127532)	(92.0, 0.0017218592338595167)	(93.0, 0.00016240263228447713)	(94.0, 6.065640482914206e-05)	(95.0, 3.913316440589811e-05)	(96.0, 5.0873113727667534e-05)	(97.0, 3.130653152471849e-05)	(98.0, 9.783291101474527e-06)	(99.0, 1.7609923982654145e-05)	(100.0, 2.9349873304423575e-05)
SRR19077155_2	(0.0, 0.16208533148131776)	(1.0, 0.13243390274202027)	(2.0, 0.07554745052684593)	(3.0, 0.03952282639692084)	(4.0, 0.02796602036416227)	(5.0, 0.02445213987972338)	(6.0, 0.023458532849265756)	(7.0, 0.023360543990246268)	(8.0, 0.023646671458583176)	(9.0, 0.023946517367182816)	(10.0, 0.024326714140178434)	(11.0, 0.024975400386887454)	(12.0, 0.025165498773385264)	(13.0, 0.026016042069674433)	(14.0, 0.02724286258459844)	(15.0, 0.02882440276917299)	(16.0, 0.03226185194357668)	(17.0, 0.03659099973505772)	(18.0, 0.044637844837738194)	(19.0, 0.05750770158135793)	(20.0, 0.07705255940138528)	(21.0, 0.10453647457917166)	(22.0, 0.14085898484051598)	(23.0, 0.1888500084339011)	(24.0, 0.24382371812101505)	(25.0, 0.3097996168988372)	(26.0, 0.39731346688914315)	(27.0, 0.48771406866616335)	(28.0, 0.5680649330621447)	(29.0, 0.6530310727179438)	(30.0, 0.7468554052291049)	(31.0, 0.8593289773888553)	(32.0, 1.0438988324607852)	(33.0, 1.3678010059497072)	(34.0, 1.6550435875022578)	(35.0, 1.9472875204191633)	(36.0, 2.8743091613958622)	(37.0, 3.343509215038883)	(38.0, 3.4276620471648207)	(39.0, 3.5049223429473275)	(40.0, 3.329179324295873)	(41.0, 3.3983104643341226)	(42.0, 3.4582208527386387)	(43.0, 3.5120069374544363)	(44.0, 3.7269141432787998)	(45.0, 3.6243080492223125)	(46.0, 3.519953833920917)	(47.0, 4.0432711746232215)	(48.0, 4.549808903107029)	(49.0, 4.726384827060149)	(50.0, 4.973187406495356)	(51.0, 4.842625090960608)	(52.0, 3.686513336705065)	(53.0, 2.6159340977104533)	(54.0, 2.1709353324680656)	(55.0, 2.0646370182037237)	(56.0, 2.03555980417828)	(57.0, 1.997473494454585)	(58.0, 1.8702271219090565)	(59.0, 1.6147329306788205)	(60.0, 1.2891218314885984)	(61.0, 1.1472672798404444)	(62.0, 1.2718659934152663)	(63.0, 1.1303152072300726)	(64.0, 0.7182465779497749)	(65.0, 0.48840391023366053)	(66.0, 0.4974717992473241)	(67.0, 0.40423344011309953)	(68.0, 0.2843656286517386)	(69.0, 0.3779861443361391)	(70.0, 0.3665038098362353)	(71.0, 0.19705951504255392)	(72.0, 0.110380530131094)	(73.0, 0.08780585679018404)	(74.0, 0.1073095592894232)	(75.0, 0.12213331388189155)	(76.0, 0.12374425072417196)	(77.0, 0.14835513255550692)	(78.0, 0.10519495971178262)	(79.0, 0.03972468344650099)	(80.0, 0.03208939155170238)	(81.0, 0.029412335923289932)	(82.0, 0.017565482867833666)	(83.0, 0.012342676682094883)	(84.0, 0.008001770227531502)	(85.0, 0.006410431157054995)	(86.0, 0.006169378563867052)	(87.0, 0.006949369881662187)	(88.0, 0.012326998464651764)	(89.0, 0.013481307223901347)	(90.0, 0.0078489076074611)	(91.0, 0.005618681176177521)	(92.0, 0.0049386384945822644)	(93.0, 0.004360504226367278)	(94.0, 0.004468291971288715)	(95.0, 0.004846528967103945)	(96.0, 0.005391347023252306)	(97.0, 0.006314402075215896)	(98.0, 0.007813631618214082)	(99.0, 0.011976198349361991)	(100.0, 0.18836790324752523)
SRR19077156_1	(0.0, 0.11800979962303822)	(1.0, 0.0797642821839389)	(2.0, 0.02842577552187861)	(3.0, 0.01156049648678005)	(4.0, 0.006338232778102046)	(5.0, 0.004340098018235406)	(6.0, 0.0034913328105044437)	(7.0, 0.0030080081783243127)	(8.0, 0.002829217359103207)	(9.0, 0.0029529956185639725)	(10.0, 0.0030197965839872426)	(11.0, 0.0031475043120023183)	(12.0, 0.0035365216988790093)	(13.0, 0.004450123137756086)	(14.0, 0.00559752795561461)	(15.0, 0.007157526971675683)	(16.0, 0.009882613414089676)	(17.0, 0.013973190179126396)	(18.0, 0.020594344693138766)	(19.0, 0.030551618009760327)	(20.0, 0.04619876179302279)	(21.0, 0.06972252529339966)	(22.0, 0.10400910316403165)	(23.0, 0.1515674610768457)	(24.0, 0.20870782805934474)	(25.0, 0.2760373070031696)	(26.0, 0.35294290081384794)	(27.0, 0.43762687762778296)	(28.0, 0.526861179027609)	(29.0, 0.6152683272967527)	(30.0, 0.7004100871972648)	(31.0, 0.7958509841786235)	(32.0, 1.0054586605369054)	(33.0, 1.3346675712827207)	(34.0, 1.6133690579657127)	(35.0, 1.9840476150994386)	(36.0, 2.5511465521231824)	(37.0, 3.0033399696817926)	(38.0, 3.149604612944597)	(39.0, 2.902529453920969)	(40.0, 2.7907616150964523)	(41.0, 3.518784077824854)	(42.0, 3.563900271031164)	(43.0, 3.277086396517799)	(44.0, 4.222318092522795)	(45.0, 5.147973176190218)	(46.0, 5.205875860072254)	(47.0, 4.688337345189745)	(48.0, 4.413514243969857)	(49.0, 4.44080440307954)	(50.0, 3.949049096116137)	(51.0, 3.272960454535774)	(52.0, 3.1021759274940752)	(53.0, 2.889762610588016)	(54.0, 2.4336790191606386)	(55.0, 2.2486757101551693)	(56.0, 2.8689187446416784)	(57.0, 2.583704163829918)	(58.0, 1.9192329960303722)	(59.0, 1.9578891429333969)	(60.0, 1.5629284348683121)	(61.0, 1.3278420844038843)	(62.0, 1.188701567630044)	(63.0, 0.8544315013862772)	(64.0, 0.6114999669531694)	(65.0, 0.6564982761028505)	(66.0, 0.6203687774802471)	(67.0, 0.40771576299237516)	(68.0, 0.26799564960677413)	(69.0, 0.2209618757459605)	(70.0, 0.20328123198584258)	(71.0, 0.19020396063709888)	(72.0, 0.16100604454429834)	(73.0, 0.15083265045718974)	(74.0, 0.15776226825271544)	(75.0, 0.1443804630910127)	(76.0, 0.14100308486858323)	(77.0, 0.1264286860006474)	(78.0, 0.08504548792093154)	(79.0, 0.04655241396291069)	(80.0, 0.027606481328304976)	(81.0, 0.030093834923183214)	(82.0, 0.02592466878706029)	(83.0, 0.0220993311494395)	(84.0, 0.024315551414070342)	(85.0, 0.018093237958320442)	(86.0, 0.009633092160890989)	(87.0, 0.007990574305189405)	(88.0, 0.006617225045458057)	(89.0, 0.0055798453471202145)	(90.0, 0.004184884010340161)	(91.0, 0.003041408661035948)	(92.0, 0.001640553121424429)	(93.0, 0.00010609565096637028)	(94.0, 4.715362265172012e-05)	(95.0, 5.894202831465016e-05)	(96.0, 5.5012559760340145e-05)	(97.0, 2.5541545603015063e-05)	(98.0, 1.571787421724004e-05)	(99.0, 1.178840566293003e-05)	(100.0, 1.7682608494395043e-05)
SRR19077156_2	(0.0, 0.15559877022068203)	(1.0, 0.12854461702738576)	(2.0, 0.07570951671557229)	(3.0, 0.041039741405745844)	(4.0, 0.028951171208886736)	(5.0, 0.025096131486333096)	(6.0, 0.024344408579740198)	(7.0, 0.024171236810682145)	(8.0, 0.024055133010972774)	(9.0, 0.024299147776463664)	(10.0, 0.024981995547635746)	(11.0, 0.02528504614348733)	(12.0, 0.02545034646849729)	(13.0, 0.026349658950991933)	(14.0, 0.02762286502577101)	(15.0, 0.02929357902497879)	(16.0, 0.032509063918624855)	(17.0, 0.037948231755857244)	(18.0, 0.04616208362004248)	(19.0, 0.05815619648832448)	(20.0, 0.07741368435198445)	(21.0, 0.10564461843047067)	(22.0, 0.1430772706011778)	(23.0, 0.19174640915053798)	(24.0, 0.2474408115128213)	(25.0, 0.3130276511825457)	(26.0, 0.4001212438526728)	(27.0, 0.4919947709210044)	(28.0, 0.5753946884715637)	(29.0, 0.6612347536770319)	(30.0, 0.7547179910531986)	(31.0, 0.8657486450735771)	(32.0, 1.0505819584888771)	(33.0, 1.3742085090821805)	(34.0, 1.6642456400612577)	(35.0, 1.9599600500600227)	(36.0, 2.8782879735138502)	(37.0, 3.3453499454125195)	(38.0, 3.4308318599137992)	(39.0, 3.5102015981117347)	(40.0, 3.3320826264694583)	(41.0, 3.397864284379373)	(42.0, 3.463275984419027)	(43.0, 3.5190471333607793)	(44.0, 3.7274140966188667)	(45.0, 3.619232905343898)	(46.0, 3.517000557908276)	(47.0, 4.034490936101054)	(48.0, 4.534270565185623)	(49.0, 4.7118385357445325)	(50.0, 4.959659144432674)	(51.0, 4.826682904406212)	(52.0, 3.6739748629763618)	(53.0, 2.6083584463556266)	(54.0, 2.1633620999847745)	(55.0, 2.064213390754993)	(56.0, 2.0348470008725696)	(57.0, 1.993779709412655)	(58.0, 1.8721639310086036)	(59.0, 1.617869059590905)	(60.0, 1.2909168238872823)	(61.0, 1.148894326788549)	(62.0, 1.2725310984519487)	(63.0, 1.1316145392419725)	(64.0, 0.7208904602565182)	(65.0, 0.48756511578294)	(66.0, 0.4941436751461339)	(67.0, 0.40187264015337354)	(68.0, 0.2824805446929081)	(69.0, 0.37534193798927545)	(70.0, 0.3649496639847804)	(71.0, 0.1966660616805962)	(72.0, 0.1106488889840459)	(73.0, 0.088018487345778)	(74.0, 0.10630975545253454)	(75.0, 0.12003952173342107)	(76.0, 0.12181650022727811)	(77.0, 0.1476053187898434)	(78.0, 0.10461345926017045)	(79.0, 0.039256859328852735)	(80.0, 0.03175537315101993)	(81.0, 0.028933460459778522)	(82.0, 0.01727191610252847)	(83.0, 0.012283388437049417)	(84.0, 0.008097748064475864)	(85.0, 0.0065352664209293665)	(86.0, 0.006247958713173966)	(87.0, 0.007017392368875074)	(88.0, 0.012316842074253811)	(89.0, 0.013430651407058996)	(90.0, 0.008009194318934817)	(91.0, 0.0056359539384347205)	(92.0, 0.004970816916370847)	(93.0, 0.0047759986761805396)	(94.0, 0.004917684669046217)	(95.0, 0.005267963929186365)	(96.0, 0.005710732656891606)	(97.0, 0.006303058821510618)	(98.0, 0.007881283353153301)	(99.0, 0.01243491373497521)	(100.0, 0.18579953317220355)
SRR19077157_1	(0.0, 0.4502052541850708)	(1.0, 0.3037759820184875)	(2.0, 0.10534850622331028)	(3.0, 0.0379395526742796)	(4.0, 0.017997086140649227)	(5.0, 0.011323994377387162)	(6.0, 0.008182781108393787)	(7.0, 0.006455908383786974)	(8.0, 0.005430908775776489)	(9.0, 0.004946219038655252)	(10.0, 0.0047091713256915855)	(11.0, 0.00455290523558146)	(12.0, 0.004542310924387553)	(13.0, 0.0048190873043283695)	(14.0, 0.005302452752550368)	(15.0, 0.006236076426513408)	(16.0, 0.007825223105599431)	(17.0, 0.0098129807433562)	(18.0, 0.013011138435016827)	(19.0, 0.018390399943723018)	(20.0, 0.02660363969679929)	(21.0, 0.039498240708683144)	(22.0, 0.05860772952469258)	(23.0, 0.08423007114715626)	(24.0, 0.11502111234334722)	(25.0, 0.1504630561536633)	(26.0, 0.19344947382294025)	(27.0, 0.24221376395959412)	(28.0, 0.29223745283942376)	(29.0, 0.34318946823761937)	(30.0, 0.3949665156200406)	(31.0, 0.45075086121155694)	(32.0, 0.5175254803778524)	(33.0, 0.6093755098512262)	(34.0, 0.703370887341366)	(35.0, 0.797199404430202)	(36.0, 0.9474333586042969)	(37.0, 1.0993968340807974)	(38.0, 1.146709703583886)	(39.0, 1.0910789755046812)	(40.0, 1.0773394781750834)	(41.0, 1.1731041056346057)	(42.0, 1.295643206058929)	(43.0, 1.4604350681023512)	(44.0, 1.89110043957916)	(45.0, 2.89350635467974)	(46.0, 3.5960681015036715)	(47.0, 3.8733040096925233)	(48.0, 4.433549725670906)	(49.0, 4.651649513064269)	(50.0, 4.168721080179019)	(51.0, 3.6679743401545157)	(52.0, 3.7981771004387315)	(53.0, 4.045331786281384)	(54.0, 3.9760516125177294)	(55.0, 3.9301186520476468)	(56.0, 5.171816949796102)	(57.0, 4.812089761784795)	(58.0, 3.8097699254626645)	(59.0, 4.0588077501200335)	(60.0, 3.2794809486739527)	(61.0, 2.7962082006749)	(62.0, 2.531865569209033)	(63.0, 1.7558243285219624)	(64.0, 1.1697774919197188)	(65.0, 1.3133952987532191)	(66.0, 1.3685956329401714)	(67.0, 0.9806451999082956)	(68.0, 0.670178910370856)	(69.0, 0.5776985193814448)	(70.0, 0.5452123883942287)	(71.0, 0.5191503828572179)	(72.0, 0.46702107462759934)	(73.0, 0.463340875776616)	(74.0, 0.5110841391719572)	(75.0, 0.4800070515735307)	(76.0, 0.49052322972238244)	(77.0, 0.45922895874448094)	(78.0, 0.29989581554371914)	(79.0, 0.17136430785034223)	(80.0, 0.11618516228577773)	(81.0, 0.12680198639097162)	(82.0, 0.12321846062963261)	(83.0, 0.12265298926965784)	(84.0, 0.12762436979739863)	(85.0, 0.10592059902778125)	(86.0, 0.07813966649955907)	(87.0, 0.06144965350245809)	(88.0, 0.04623887120580636)	(89.0, 0.04279307148998816)	(90.0, 0.03439972844661548)	(91.0, 0.025327025197933516)	(92.0, 0.015220052318946398)	(93.0, 0.002983622889984011)	(94.0, 0.0007058459832940425)	(95.0, 0.0004158267143608431)	(96.0, 0.00032709935811187335)	(97.0, 0.00019864333488575306)	(98.0, 0.00010461882303982995)	(99.0, 5.16472670702958e-05)	(100.0, 5.4295844868772505e-05)
SRR19077157_2	(0.0, 0.4805689030718095)	(1.0, 0.3313505502177419)	(2.0, 0.12987137954006078)	(3.0, 0.05875531458586834)	(4.0, 0.0334824443281797)	(5.0, 0.024069400245417753)	(6.0, 0.019295282421409234)	(7.0, 0.016704110754019823)	(8.0, 0.01533363939643381)	(9.0, 0.014588760380028262)	(10.0, 0.014005581078927831)	(11.0, 0.013385290367757374)	(12.0, 0.013287210212572302)	(13.0, 0.01345818778039493)	(14.0, 0.013903524701235254)	(15.0, 0.015185193756153702)	(16.0, 0.017361512875260308)	(17.0, 0.020411275538515055)	(18.0, 0.024948145419575903)	(19.0, 0.031355165286665626)	(20.0, 0.04402871182557998)	(21.0, 0.06043460589153708)	(22.0, 0.07873980890857808)	(23.0, 0.10371843870071151)	(24.0, 0.1333717807541659)	(25.0, 0.16923598236433984)	(26.0, 0.216230956180517)	(27.0, 0.26774424417271997)	(28.0, 0.31797983933251206)	(29.0, 0.3710518065476562)	(30.0, 0.4279515506300232)	(31.0, 0.4881979486562051)	(32.0, 0.5532595521389732)	(33.0, 0.6408053684941677)	(34.0, 0.7287289259875751)	(35.0, 0.8171561383319328)	(36.0, 1.0489513548143188)	(37.0, 1.2857738419536908)	(38.0, 1.2932809500478566)	(39.0, 1.2015335919097339)	(40.0, 1.230940408167723)	(41.0, 1.3054746990708654)	(42.0, 1.3672373632799086)	(43.0, 1.5346668152183396)	(44.0, 2.286141059356334)	(45.0, 2.630715200226528)	(46.0, 2.8610193332686005)	(47.0, 3.7972169464376586)	(48.0, 4.842911775018333)	(49.0, 5.271222511081533)	(50.0, 4.906693034853685)	(51.0, 4.963237569725381)	(52.0, 4.470131637087415)	(53.0, 3.3311983669283047)	(54.0, 3.0900789086658245)	(55.0, 3.505004354361268)	(56.0, 3.9151808649752504)	(57.0, 4.059525694442622)	(58.0, 3.8097420473362926)	(59.0, 3.4220881864123096)	(60.0, 2.803144089264393)	(61.0, 2.4654408608871634)	(62.0, 2.7099003460559468)	(63.0, 2.2991724659209236)	(64.0, 1.4218255966779139)	(65.0, 1.1160169744408681)	(66.0, 1.2173377509695553)	(67.0, 0.9854789149270494)	(68.0, 0.7217122186693349)	(69.0, 0.9531177653459856)	(70.0, 0.9540018121501537)	(71.0, 0.5912656122731886)	(72.0, 0.37442099241901367)	(73.0, 0.30208820337752534)	(74.0, 0.3450194777910345)	(75.0, 0.3827021384946398)	(76.0, 0.4069690244579302)	(77.0, 0.5062950626953534)	(78.0, 0.3630344165650278)	(79.0, 0.13907103301492008)	(80.0, 0.11290616350804827)	(81.0, 0.10797299678373963)	(82.0, 0.07380134055425945)	(83.0, 0.05275254400704142)	(84.0, 0.02898798748719888)	(85.0, 0.02065780133398024)	(86.0, 0.019520601696834398)	(87.0, 0.023791064669892552)	(88.0, 0.061602289901240434)	(89.0, 0.07500613597403283)	(90.0, 0.037797971156322885)	(91.0, 0.018063978851585824)	(92.0, 0.011786848919741194)	(93.0, 0.006222788224242089)	(94.0, 0.004437464318373273)	(95.0, 0.004664109001300941)	(96.0, 0.005141255702201292)	(97.0, 0.005642259738146662)	(98.0, 0.0066098072149723755)	(99.0, 0.00941967112027445)	(100.0, 0.10527711792365266)
SRR19077158_1	(0.0, 0.44595516625105397)	(1.0, 0.30128240157959113)	(2.0, 0.10628601673711659)	(3.0, 0.040464401754603245)	(4.0, 0.02018501168304754)	(5.0, 0.01303485179874641)	(6.0, 0.009493668320074122)	(7.0, 0.007398733949808536)	(8.0, 0.006092058514547704)	(9.0, 0.005456665983464614)	(10.0, 0.005059213333268287)	(11.0, 0.004849188187010697)	(12.0, 0.004862480917786494)	(13.0, 0.005119030621759374)	(14.0, 0.005690618045118639)	(15.0, 0.006555974818623015)	(16.0, 0.007958357915469585)	(17.0, 0.009985499358778606)	(18.0, 0.013361852975831012)	(19.0, 0.01876003094388212)	(20.0, 0.027393659582762186)	(21.0, 0.04062790234314555)	(22.0, 0.0595554216948027)	(23.0, 0.08586439444625986)	(24.0, 0.11667295656532425)	(25.0, 0.1518309001942294)	(26.0, 0.19565703356203165)	(27.0, 0.24395351228973441)	(28.0, 0.2950959646765353)	(29.0, 0.3467834190251438)	(30.0, 0.39844295863912316)	(31.0, 0.45479749076311404)	(32.0, 0.5223338680157051)	(33.0, 0.6157392286310746)	(34.0, 0.7082287200959916)	(35.0, 0.8008524681417442)	(36.0, 0.9520945003626057)	(37.0, 1.1023488826868255)	(38.0, 1.1501269449142724)	(39.0, 1.0974890603151943)	(40.0, 1.0829720690349467)	(41.0, 1.1790346465323978)	(42.0, 1.3019711378392775)	(43.0, 1.4653839943584588)	(44.0, 1.8944786608934918)	(45.0, 2.8906943932471227)	(46.0, 3.589533128323091)	(47.0, 3.8706916647812033)	(48.0, 4.428704551472225)	(49.0, 4.640799375911607)	(50.0, 4.153102376478396)	(51.0, 3.6572011036103627)	(52.0, 3.7930940196044114)	(53.0, 4.035467026204904)	(54.0, 3.9672075243981095)	(55.0, 3.930855893545538)	(56.0, 5.158365141398034)	(57.0, 4.797650940519855)	(58.0, 3.8101459346436037)	(59.0, 4.058032765969897)	(60.0, 3.2797154643123614)	(61.0, 2.7957829662348557)	(62.0, 2.5335067538437626)	(63.0, 1.7585113056070985)	(64.0, 1.1722633294752067)	(65.0, 1.315331661542031)	(66.0, 1.3699421873882374)	(67.0, 0.9779714593638494)	(68.0, 0.667891928556836)	(69.0, 0.5782843011241118)	(70.0, 0.5446443873498026)	(71.0, 0.5199571277529927)	(72.0, 0.4683919665275215)	(73.0, 0.4640864510292409)	(74.0, 0.5130542126611214)	(75.0, 0.48083795035290006)	(76.0, 0.4897148359649772)	(77.0, 0.45783089192615084)	(78.0, 0.30022430020983776)	(79.0, 0.17238146197361134)	(80.0, 0.11568530666868256)	(81.0, 0.1256109887389701)	(82.0, 0.12239281861814964)	(83.0, 0.1227889419952684)	(84.0, 0.12862046298661048)	(85.0, 0.10692140926819968)	(86.0, 0.07856668525034738)	(87.0, 0.06207971126912652)	(88.0, 0.046653497203814266)	(89.0, 0.04250483592868806)	(90.0, 0.03393501239753182)	(91.0, 0.025101992797014805)	(92.0, 0.015004834499719502)	(93.0, 0.0028260345629344138)	(94.0, 0.000683246361875959)	(95.0, 0.0004107453809721232)	(96.0, 0.00034295245401555914)	(97.0, 0.00022597642318854673)	(98.0, 0.0001090003923615343)	(99.0, 4.785383079286872e-05)	(100.0, 3.5890373094651545e-05)
SRR19077158_2	(0.0, 0.46908211172098596)	(1.0, 0.3243805193409094)	(2.0, 0.13031418666853992)	(3.0, 0.06252946930243301)	(4.0, 0.03721646938864568)	(5.0, 0.02670996458894115)	(6.0, 0.021394846610617784)	(7.0, 0.018787179216997307)	(8.0, 0.01706026478999763)	(9.0, 0.01572050914439772)	(10.0, 0.015036661674846227)	(11.0, 0.014576328553319348)	(12.0, 0.014338179337269313)	(13.0, 0.014552380587459567)	(14.0, 0.01483576485013363)	(15.0, 0.015644673919175085)	(16.0, 0.01783591279534494)	(17.0, 0.0210582446460331)	(18.0, 0.025680202056970615)	(19.0, 0.03266901676038304)	(20.0, 0.04571400594122424)	(21.0, 0.06201059670880445)	(22.0, 0.08012856332427569)	(23.0, 0.10581940892162843)	(24.0, 0.1366484236384517)	(25.0, 0.17325288945512524)	(26.0, 0.21951902905367218)	(27.0, 0.27129053991487295)	(28.0, 0.32370465452664454)	(29.0, 0.3778656402036322)	(30.0, 0.4351917487017542)	(31.0, 0.4936766726589799)	(32.0, 0.5585397381901936)	(33.0, 0.6455959158606845)	(34.0, 0.7320853250058273)	(35.0, 0.8225580791389803)	(36.0, 1.0544422412315853)	(37.0, 1.2898108323567885)	(38.0, 1.2992489917906374)	(39.0, 1.208937221205764)	(40.0, 1.2393005810308693)	(41.0, 1.3158116710677707)	(42.0, 1.3781335913327522)	(43.0, 1.5433213380633228)	(44.0, 2.2864985625898715)	(45.0, 2.630443239595673)	(46.0, 2.8580407157993775)	(47.0, 3.7857316955053393)	(48.0, 4.817980824597647)	(49.0, 5.247950586299422)	(50.0, 4.896874737237597)	(51.0, 4.950703112277644)	(52.0, 4.457104935728982)	(53.0, 3.32354659795197)	(54.0, 3.0877163432626924)	(55.0, 3.4993060411670855)	(56.0, 3.9054648725914998)	(57.0, 4.055196868244678)	(58.0, 3.810907659836707)	(59.0, 3.421424595305986)	(60.0, 2.8014490115876223)	(61.0, 2.465062578695677)	(62.0, 2.7066070841276075)	(63.0, 2.2981758568316097)	(64.0, 1.4265829871521825)	(65.0, 1.118978017896049)	(66.0, 1.2129019399981056)	(67.0, 0.9829721980081678)	(68.0, 0.7257976535250873)	(69.0, 0.9535374870814027)	(70.0, 0.9519489386793707)	(71.0, 0.5911661807890483)	(72.0, 0.37455949047243486)	(73.0, 0.30167252593564703)	(74.0, 0.34446088871433483)	(75.0, 0.38204855157380707)	(76.0, 0.4067615218985522)	(77.0, 0.5054351238961318)	(78.0, 0.36254426382356414)	(79.0, 0.13937583086137106)	(80.0, 0.11214300235115808)	(81.0, 0.10744254882990238)	(82.0, 0.07443826054748243)	(83.0, 0.052870456405655124)	(84.0, 0.02910875250256243)	(85.0, 0.020958461454950686)	(86.0, 0.019711836787694365)	(87.0, 0.02393599187684998)	(88.0, 0.06033689998371538)	(89.0, 0.07398857096633767)	(90.0, 0.0381544313848204)	(91.0, 0.018357446274069038)	(92.0, 0.011753129466960853)	(93.0, 0.006175914306727675)	(94.0, 0.00451286112202074)	(95.0, 0.0045966790025299695)	(96.0, 0.004961220260617729)	(97.0, 0.005650389500360284)	(98.0, 0.006897014167616602)	(99.0, 0.009762787415503594)	(100.0, 0.10528324057487891)
SRR19077159_1	(0.0, 0.24529020527521692)	(1.0, 0.16814785071080646)	(2.0, 0.06205451540762659)	(3.0, 0.024027723673375575)	(4.0, 0.012018619263448936)	(5.0, 0.007864706068572218)	(6.0, 0.005967172423268585)	(7.0, 0.0049708313330052885)	(8.0, 0.004477418214634788)	(9.0, 0.003997597744153282)	(10.0, 0.0037203077272177946)	(11.0, 0.0037692412596181746)	(12.0, 0.0038494378821632425)	(13.0, 0.0040003162737310815)	(14.0, 0.004336054676589245)	(15.0, 0.0049599572146940924)	(16.0, 0.005937268597912797)	(17.0, 0.00746236369105798)	(18.0, 0.010089822528000617)	(19.0, 0.013852267463674295)	(20.0, 0.019852062241876467)	(21.0, 0.02919972619513798)	(22.0, 0.042933737622178024)	(23.0, 0.06201917452311521)	(24.0, 0.08581310465280007)	(25.0, 0.11509302747048313)	(26.0, 0.1494674747169613)	(27.0, 0.18816982105129534)	(28.0, 0.23099889528472814)	(29.0, 0.27765837769327956)	(30.0, 0.3274890248543334)	(31.0, 0.39465573513301083)	(32.0, 0.5319428380766441)	(33.0, 0.7523761681572568)	(34.0, 0.9425237194764008)	(35.0, 1.1584252607508227)	(36.0, 1.4820417402215817)	(37.0, 1.927154743583329)	(38.0, 2.2055512020569807)	(39.0, 2.061403889723772)	(40.0, 2.0246181067417863)	(41.0, 2.3066302095539104)	(42.0, 2.694949052241072)	(43.0, 2.9689047926493894)	(44.0, 3.5027465236361266)	(45.0, 4.393001074920188)	(46.0, 4.4956201294229405)	(47.0, 4.028319846911987)	(48.0, 4.200478888014836)	(49.0, 4.521391789820474)	(50.0, 4.013378808352405)	(51.0, 3.3744128978569736)	(52.0, 3.346874193233871)	(53.0, 3.291176959243927)	(54.0, 3.017497149587756)	(55.0, 3.0070552774794304)	(56.0, 3.3312766297812497)	(57.0, 2.9409256862346833)	(58.0, 2.6458727970378573)	(59.0, 2.8688819338934346)	(60.0, 2.5069042835503557)	(61.0, 2.0568544304753256)	(62.0, 1.7224249996088716)	(63.0, 1.3077894313438276)	(64.0, 1.0116559266398268)	(65.0, 1.1553071073250873)	(66.0, 1.1704574726621608)	(67.0, 0.8183195401259247)	(68.0, 0.5813276463869389)	(69.0, 0.4993408721148908)	(70.0, 0.46728397133348626)	(71.0, 0.4643370852711522)	(72.0, 0.4216561708997094)	(73.0, 0.4704333878493662)	(74.0, 0.5309519340455364)	(75.0, 0.4513928066864627)	(76.0, 0.4916583075280311)	(77.0, 0.5648220940553329)	(78.0, 0.45346024843037874)	(79.0, 0.265972778303111)	(80.0, 0.17088269146607213)	(81.0, 0.18635928035248128)	(82.0, 0.1787011825318218)	(83.0, 0.19589588211139983)	(84.0, 0.2537393952030159)	(85.0, 0.2507666831096928)	(86.0, 0.19460322129715646)	(87.0, 0.13985611339465331)	(88.0, 0.10390899678741844)	(89.0, 0.10264352126895307)	(90.0, 0.09698218342318685)	(91.0, 0.08394411556806333)	(92.0, 0.04932092286521654)	(93.0, 0.010712365801316565)	(94.0, 0.002957760180645203)	(95.0, 0.0026505663383539274)	(96.0, 0.0022101645467505053)	(97.0, 0.001124111980419845)	(98.0, 0.0005002094423149975)	(99.0, 0.00022563795495730867)	(100.0, 8.835221127846424e-05)
SRR19077159_2	(0.0, 0.2528256821778091)	(1.0, 0.18310945382480967)	(2.0, 0.08239945850383616)	(3.0, 0.039831035350748646)	(4.0, 0.02469505125363713)	(5.0, 0.01953759473251411)	(6.0, 0.017530177010798943)	(7.0, 0.017029003522609536)	(8.0, 0.01657685787565605)	(9.0, 0.0163180998246887)	(10.0, 0.016489697269014416)	(11.0, 0.016726665168321365)	(12.0, 0.01736402710438832)	(13.0, 0.01798640831118875)	(14.0, 0.018322793777446316)	(15.0, 0.019398682515679)	(16.0, 0.021463299385502742)	(17.0, 0.02352655437084771)	(18.0, 0.02646958672948168)	(19.0, 0.03131925735840143)	(20.0, 0.03877693676417637)	(21.0, 0.049458196731213044)	(22.0, 0.06359183385194575)	(23.0, 0.08363877337952193)	(24.0, 0.10777953765029741)	(25.0, 0.13507034072048074)	(26.0, 0.1715742922895807)	(27.0, 0.21261059540404575)	(28.0, 0.2561228045009247)	(29.0, 0.30528002476232835)	(30.0, 0.3590445002154297)	(31.0, 0.4470780748079603)	(32.0, 0.5702114980719734)	(33.0, 0.7773296133731172)	(34.0, 0.9801564306816394)	(35.0, 1.1647857475847627)	(36.0, 1.8445513187828777)	(37.0, 2.28292967554042)	(38.0, 2.3800810667183527)	(39.0, 2.4702010483323678)	(40.0, 2.4342799833201836)	(41.0, 2.531909395950167)	(42.0, 2.6682258609687275)	(43.0, 2.912550660230019)	(44.0, 3.551100159562471)	(45.0, 3.7141504168993955)	(46.0, 3.5669701993936425)	(47.0, 4.087395286575018)	(48.0, 4.661578039787101)	(49.0, 5.186835093099172)	(50.0, 4.956492761781468)	(51.0, 4.203305274563605)	(52.0, 3.469045257831765)	(53.0, 2.6564224081911796)	(54.0, 2.276888355992572)	(55.0, 2.257535977549171)	(56.0, 2.4518918733997093)	(57.0, 2.7431322310703403)	(58.0, 2.7434332075401495)	(59.0, 2.5901313193023006)	(60.0, 2.148568876633381)	(61.0, 1.7764911419560696)	(62.0, 1.77643530469244)	(63.0, 1.4703912627375182)	(64.0, 1.0363845551568458)	(65.0, 0.8933349332752191)	(66.0, 0.8957658970698334)	(67.0, 0.7501055426423939)	(68.0, 0.6569512824096672)	(69.0, 0.684664269668271)	(70.0, 0.682146145267015)	(71.0, 0.639417019745432)	(72.0, 0.5050657540297446)	(73.0, 0.43553338008137993)	(74.0, 0.5542284218290634)	(75.0, 0.5650363370526262)	(76.0, 0.5085984823676885)	(77.0, 0.5673338361683206)	(78.0, 0.42170752885285057)	(79.0, 0.21190513924403998)	(80.0, 0.18179795907174878)	(81.0, 0.17271010394487954)	(82.0, 0.13791259362768532)	(83.0, 0.11061361925062932)	(84.0, 0.0853942424726636)	(85.0, 0.07866789503199113)	(86.0, 0.07929844754566422)	(87.0, 0.0720464126961844)	(88.0, 0.12122950876268478)	(89.0, 0.1347598310593199)	(90.0, 0.06935260519716635)	(91.0, 0.03273834098528556)	(92.0, 0.019701020869967174)	(93.0, 0.01154060907314405)	(94.0, 0.007627914965621882)	(95.0, 0.007859435327013727)	(96.0, 0.008571700909413341)	(97.0, 0.009812377669577871)	(98.0, 0.011891975268668144)	(99.0, 0.017148849356741786)	(100.0, 0.20679398679519534)
SRR19077160_1	(0.0, 0.24217356952983982)	(1.0, 0.16683439694692834)	(2.0, 0.06276299925890212)	(3.0, 0.02500158606981029)	(4.0, 0.012999673493704123)	(5.0, 0.00878248895599958)	(6.0, 0.006584125615577713)	(7.0, 0.005239615368100249)	(8.0, 0.004632461403133361)	(9.0, 0.0041157637850915635)	(10.0, 0.0038841407149348955)	(11.0, 0.0038526180485822124)	(12.0, 0.0039033284248887017)	(13.0, 0.0041143932343805775)	(14.0, 0.00439124447799979)	(15.0, 0.005176570035394883)	(16.0, 0.0061153972724204315)	(17.0, 0.0076106680981063764)	(18.0, 0.010229790506801008)	(19.0, 0.014139971685244642)	(20.0, 0.020439022752937224)	(21.0, 0.02978069639901917)	(22.0, 0.04349168571172513)	(23.0, 0.06315360621153318)	(24.0, 0.08691210278647898)	(25.0, 0.11575945415131655)	(26.0, 0.15089489217815882)	(27.0, 0.1904955844213941)	(28.0, 0.23407909703075533)	(29.0, 0.27986919628480433)	(30.0, 0.3287444051892833)	(31.0, 0.3969992011471071)	(32.0, 0.533782903204952)	(33.0, 0.757367693441686)	(34.0, 0.9463913063994809)	(35.0, 1.1607824424669195)	(36.0, 1.4872654389830755)	(37.0, 1.92873215794813)	(38.0, 2.2067840039901663)	(39.0, 2.0633668364911486)	(40.0, 2.029625248537379)	(41.0, 2.3173367359904464)	(42.0, 2.7041157404857294)	(43.0, 2.976578480728364)	(44.0, 3.506891149533099)	(45.0, 4.390383772153291)	(46.0, 4.49147285149421)	(47.0, 4.02503743967641)	(48.0, 4.193120408321047)	(49.0, 4.5103508169873345)	(50.0, 4.005128820048625)	(51.0, 3.37053231819566)	(52.0, 3.3436983058252614)	(53.0, 3.2860323846605173)	(54.0, 3.012852846396036)	(55.0, 3.0035495481698615)	(56.0, 3.3263964736497718)	(57.0, 2.938057782445386)	(58.0, 2.645689163676388)	(59.0, 2.868921722380398)	(60.0, 2.507992674845026)	(61.0, 2.0567936752812583)	(62.0, 1.7214898143891952)	(63.0, 1.3079343606533749)	(64.0, 1.0129644366349246)	(65.0, 1.153873496332838)	(66.0, 1.16817656355269)	(67.0, 0.8190726275517068)	(68.0, 0.5810888315453516)	(69.0, 0.4976497042605117)	(70.0, 0.46405887688495095)	(71.0, 0.4601582895614842)	(72.0, 0.42112637586330814)	(73.0, 0.47230136886082197)	(74.0, 0.5323369722048615)	(75.0, 0.4507686466405178)	(76.0, 0.4914027341198367)	(77.0, 0.5669913469321476)	(78.0, 0.4546651223118515)	(79.0, 0.2660485629152195)	(80.0, 0.17040742265046938)	(81.0, 0.18543825229785504)	(82.0, 0.1789774762462661)	(83.0, 0.19575712860087016)	(84.0, 0.2531407163191514)	(85.0, 0.2507216943142608)	(86.0, 0.1941028738927098)	(87.0, 0.13909033890443467)	(88.0, 0.1031901335808621)	(89.0, 0.10159344200256316)	(90.0, 0.09587276333490677)	(91.0, 0.08284704937769391)	(92.0, 0.048348917431460234)	(93.0, 0.010366845577899629)	(94.0, 0.0028987147537358165)	(95.0, 0.0026835382921109826)	(96.0, 0.002277855281659067)	(97.0, 0.0011622270029162988)	(98.0, 0.000489286603822074)	(99.0, 0.00022614086731272324)	(100.0, 0.00010416185403495131)
SRR19077160_2	(0.0, 0.2470613201198187)	(1.0, 0.17918674257311729)	(2.0, 0.08212262255316673)	(3.0, 0.04206990698371991)	(4.0, 0.02671508438712246)	(5.0, 0.020769244479836916)	(6.0, 0.01866142363510636)	(7.0, 0.01780593673851539)	(8.0, 0.017411836033344272)	(9.0, 0.01705069148470314)	(10.0, 0.01723469669199558)	(11.0, 0.017549153352219224)	(12.0, 0.017733158559511665)	(13.0, 0.01854195756768515)	(14.0, 0.019339771190348635)	(15.0, 0.020163675103598365)	(16.0, 0.02212456641713272)	(17.0, 0.024301045921300755)	(18.0, 0.02731928059017226)	(19.0, 0.03191117173335075)	(20.0, 0.039510312159890745)	(21.0, 0.050201838607494734)	(22.0, 0.0643798517813338)	(23.0, 0.08519578414958821)	(24.0, 0.1097220304738439)	(25.0, 0.13777046602724216)	(26.0, 0.17499032530829867)	(27.0, 0.2176561894559359)	(28.0, 0.26119539175161777)	(29.0, 0.30974255666666933)	(30.0, 0.36439759592527887)	(31.0, 0.4521035406639012)	(32.0, 0.5763166677986191)	(33.0, 0.7865604683816849)	(34.0, 0.9904464771008403)	(35.0, 1.1718508943737882)	(36.0, 1.847150005137041)	(37.0, 2.2850164861799867)	(38.0, 2.383381001209683)	(39.0, 2.474865918563744)	(40.0, 2.440216639492027)	(41.0, 2.539280099674797)	(42.0, 2.6763859498786844)	(43.0, 2.9166335846359277)	(44.0, 3.5470628882836004)	(45.0, 3.7095202618981817)	(46.0, 3.5637853913761925)	(47.0, 4.081802618273261)	(48.0, 4.653833612549793)	(49.0, 5.173265207831273)	(50.0, 4.943093917933073)	(51.0, 4.194958954892167)	(52.0, 3.4587774644593257)	(53.0, 2.6493042282501653)	(54.0, 2.2722555877369373)	(55.0, 2.250662439343851)	(56.0, 2.4459990717898514)	(57.0, 2.73484467887013)	(58.0, 2.739779863310496)	(59.0, 2.59074663078913)	(60.0, 2.1492865555112264)	(61.0, 1.77387199109261)	(62.0, 1.7726402547423015)	(63.0, 1.4722737246084143)	(64.0, 1.0391845130891282)	(65.0, 0.8953913094560303)	(66.0, 0.8964651308896325)	(67.0, 0.7500958543544407)	(68.0, 0.6568299313745714)	(69.0, 0.683829262611765)	(70.0, 0.6815456755988745)	(71.0, 0.6391352216643447)	(72.0, 0.5045917126306639)	(73.0, 0.4349375026313431)	(74.0, 0.5545450068909951)	(75.0, 0.5657459805916251)	(76.0, 0.5077033230763704)	(77.0, 0.5666660066280873)	(78.0, 0.4220543917744949)	(79.0, 0.20985107305108347)	(80.0, 0.17967833857468962)	(81.0, 0.1731434073694305)	(82.0, 0.13910381719351797)	(83.0, 0.11067501266683608)	(84.0, 0.08488956652849707)	(85.0, 0.07920188318069643)	(86.0, 0.07956165455614882)	(87.0, 0.07178262844188263)	(88.0, 0.12056323279902158)	(89.0, 0.13373608319869598)	(90.0, 0.06953062441233336)	(91.0, 0.0332541351119478)	(92.0, 0.019643242465062286)	(93.0, 0.011831260194266106)	(94.0, 0.00793419468459489)	(95.0, 0.00793007516502864)	(96.0, 0.008668842340575897)	(97.0, 0.009862129841599255)	(98.0, 0.011817528462378612)	(99.0, 0.016887283875241944)	(100.0, 0.20392445756844038)
SRR19077161_1	(0.0, 0.22004544250504907)	(1.0, 0.14666250227201905)	(2.0, 0.050502371998500876)	(3.0, 0.020492956794075097)	(4.0, 0.010759829018131615)	(5.0, 0.0067889734552412425)	(6.0, 0.00487860107494912)	(7.0, 0.0041931894870607675)	(8.0, 0.0037216149854764255)	(9.0, 0.003395902867265019)	(10.0, 0.003303853790379186)	(11.0, 0.0035700880435259015)	(12.0, 0.003942532770002424)	(13.0, 0.004419771830164355)	(14.0, 0.005224139148182091)	(15.0, 0.006745073126264923)	(16.0, 0.009584433113281754)	(17.0, 0.013253650931915474)	(18.0, 0.01892104178879396)	(19.0, 0.028644256587226663)	(20.0, 0.04376296343081354)	(21.0, 0.06445276363545988)	(22.0, 0.09376685427448653)	(23.0, 0.13440722978940375)	(24.0, 0.1849209309050598)	(25.0, 0.24434498266326446)	(26.0, 0.3137202477026498)	(27.0, 0.38828708067839607)	(28.0, 0.46548510111343266)	(29.0, 0.5442904400448605)	(30.0, 0.6221413008559644)	(31.0, 0.704096134356532)	(32.0, 0.8367983320140813)	(33.0, 1.0382583578260587)	(34.0, 1.2449708455791058)	(35.0, 1.5208235191905686)	(36.0, 1.9667715577698943)	(37.0, 2.3039416618441213)	(38.0, 2.300096842709582)	(39.0, 2.102349935045215)	(40.0, 2.245270996376736)	(41.0, 2.5182970552579813)	(42.0, 2.3465504714647505)	(43.0, 2.3883846526998953)	(44.0, 3.26281123120526)	(45.0, 4.521842927313588)	(46.0, 4.752305493042824)	(47.0, 4.193355175399162)	(48.0, 4.2624514609286015)	(49.0, 4.344957172750839)	(50.0, 3.7415159958991433)	(51.0, 3.15130864402434)	(52.0, 2.974510690119544)	(53.0, 2.9473151443885364)	(54.0, 2.8324449771332394)	(55.0, 2.585958791327646)	(56.0, 3.202496427610729)	(57.0, 3.0288338068786294)	(58.0, 2.6391404995333465)	(59.0, 2.871441214521011)	(60.0, 2.204759489569459)	(61.0, 1.8071428809137726)	(62.0, 1.603728582392527)	(63.0, 1.1360144774788128)	(64.0, 0.804884208987941)	(65.0, 0.9228344799698023)	(66.0, 0.9975287655135443)	(67.0, 0.7470249915367955)	(68.0, 0.5138476861092491)	(69.0, 0.4379213590748813)	(70.0, 0.41623318042093477)	(71.0, 0.4169185920088231)	(72.0, 0.4021992365449563)	(73.0, 0.44671983468552245)	(74.0, 0.5073688472361308)	(75.0, 0.4423991926304659)	(76.0, 0.45309246308531087)	(77.0, 0.4637262556750911)	(78.0, 0.3356718283304542)	(79.0, 0.20064291323716)	(80.0, 0.14760706741483212)	(81.0, 0.186995575484102)	(82.0, 0.20210436935017814)	(83.0, 0.24614064773236036)	(84.0, 0.3264485108264938)	(85.0, 0.28295319778847133)	(86.0, 0.21040719608528022)	(87.0, 0.17997577126682401)	(88.0, 0.12242102383922396)	(89.0, 0.11137655075256847)	(90.0, 0.09732986161979043)	(91.0, 0.07344666651702791)	(92.0, 0.04370915012432644)	(93.0, 0.005844408312428162)	(94.0, 0.0016781254786109455)	(95.0, 0.0013170098692896028)	(96.0, 0.0009488135617462729)	(97.0, 0.0003781092850541117)	(98.0, 0.0001968434105712417)	(99.0, 9.346521653022986e-05)	(100.0, 3.82357703987304e-05)
SRR19077161_2	(0.0, 0.23120595448462697)	(1.0, 0.16910801659033275)	(2.0, 0.08055239948683017)	(3.0, 0.043739866453712466)	(4.0, 0.029009183231526903)	(5.0, 0.022409292827129678)	(6.0, 0.018971849908172786)	(7.0, 0.016978841766295102)	(8.0, 0.01590721007692133)	(9.0, 0.015503221940054226)	(10.0, 0.015136088861287287)	(11.0, 0.01502977619369068)	(12.0, 0.015262246560168589)	(13.0, 0.01592280260150216)	(14.0, 0.01683709154283296)	(15.0, 0.01846580161041295)	(16.0, 0.021656599140545716)	(17.0, 0.0256369454153626)	(18.0, 0.03194624786166244)	(19.0, 0.0422444015961869)	(20.0, 0.0577788085854028)	(21.0, 0.07873516162204554)	(22.0, 0.10768764476418759)	(23.0, 0.14891002724921246)	(24.0, 0.19855520801235768)	(25.0, 0.2564998643592112)	(26.0, 0.32909724130534607)	(27.0, 0.40879772194916875)	(28.0, 0.48404582807404567)	(29.0, 0.5609977718849375)	(30.0, 0.64302012118907)	(31.0, 0.7333561210992571)	(32.0, 0.8479810217996817)	(33.0, 1.0442398761919527)	(34.0, 1.22978666619719)	(35.0, 1.3695382115085135)	(36.0, 1.9069756787518088)	(37.0, 2.485540555830409)	(38.0, 2.634280482811467)	(39.0, 2.4587965411698076)	(40.0, 2.5097514939977428)	(41.0, 2.6330373333517043)	(42.0, 2.5472628556325287)	(43.0, 2.612228400547462)	(44.0, 3.065917000764856)	(45.0, 3.2263087961145014)	(46.0, 3.2133343981610123)	(47.0, 3.748951792535053)	(48.0, 4.406977592379826)	(49.0, 4.645076860231416)	(50.0, 4.687531052158327)	(51.0, 4.480448150702488)	(52.0, 3.5349784127167188)	(53.0, 2.656074579668771)	(54.0, 2.4405334423789453)	(55.0, 2.54918640616491)	(56.0, 2.553146907408442)	(57.0, 2.468184658469705)	(58.0, 2.3042675350625554)	(59.0, 2.1158814880813717)	(60.0, 1.815141378979627)	(61.0, 1.7532872514696878)	(62.0, 1.9905473579983826)	(63.0, 1.669172668867254)	(64.0, 1.0501792105550165)	(65.0, 0.9267856410312239)	(66.0, 1.0453540329483653)	(67.0, 0.8384213867293951)	(68.0, 0.6405295697628403)	(69.0, 0.8228019296061019)	(70.0, 0.9250562883049858)	(71.0, 0.7987256541510575)	(72.0, 0.5711286603557767)	(73.0, 0.4559282537480956)	(74.0, 0.43203908858802126)	(75.0, 0.3832628366946989)	(76.0, 0.39826142783922797)	(77.0, 0.4799364890958782)	(78.0, 0.36362901324295793)	(79.0, 0.15475297146032185)	(80.0, 0.12392088035507183)	(81.0, 0.13818520534206696)	(82.0, 0.14137175036549585)	(83.0, 0.1207187428070621)	(84.0, 0.08294514325887109)	(85.0, 0.06860994316014489)	(86.0, 0.064828047198175)	(87.0, 0.057754711047414226)	(88.0, 0.08332219885328038)	(89.0, 0.09677571256207207)	(90.0, 0.05565822524240918)	(91.0, 0.0295322415561022)	(92.0, 0.017649320323271024)	(93.0, 0.007613404502151527)	(94.0, 0.005434703567538439)	(95.0, 0.005450296092119274)	(96.0, 0.005808924157478488)	(97.0, 0.006512005265850702)	(98.0, 0.007850127375333301)	(99.0, 0.01128615279205557)	(100.0, 0.10860760371445688)
SRR19077162_1	(0.0, 0.21790644908393114)	(1.0, 0.14474945914162343)	(2.0, 0.050357655842160114)	(3.0, 0.021728348536990343)	(4.0, 0.011712571198672217)	(5.0, 0.007668996223830066)	(6.0, 0.005674943422307486)	(7.0, 0.004541377029430527)	(8.0, 0.003887122900542947)	(9.0, 0.0037349377009973576)	(10.0, 0.0036097760415579948)	(11.0, 0.0036894243702921352)	(12.0, 0.004086243722378298)	(13.0, 0.004616758483411052)	(14.0, 0.005531291972269126)	(15.0, 0.007014742094942486)	(16.0, 0.009397080499044)	(17.0, 0.013355317978813857)	(18.0, 0.019674559488917154)	(19.0, 0.029546685377196916)	(20.0, 0.044671334087176315)	(21.0, 0.0654111899729126)	(22.0, 0.09539878574131637)	(23.0, 0.13618299692794975)	(24.0, 0.18718637314949021)	(25.0, 0.24753278278986218)	(26.0, 0.316356050274082)	(27.0, 0.39311712709160956)	(28.0, 0.4717399835932976)	(29.0, 0.5507326359069656)	(30.0, 0.6271992983664938)	(31.0, 0.7068860289734166)	(32.0, 0.8406127283348688)	(33.0, 1.0446617905106441)	(34.0, 1.2506693481983284)	(35.0, 1.5268627287082204)	(36.0, 1.9705352101722406)	(37.0, 2.3044722067228)	(38.0, 2.3025720251658566)	(39.0, 2.110841430403767)	(40.0, 2.2556847607899697)	(41.0, 2.524709791713789)	(42.0, 2.3557913316761074)	(43.0, 2.3994684839456917)	(44.0, 3.268104623370717)	(45.0, 4.515570970920665)	(46.0, 4.744612540819946)	(47.0, 4.191398006097962)	(48.0, 4.254439658291034)	(49.0, 4.334245861391057)	(50.0, 3.734721512676508)	(51.0, 3.14688128932894)	(52.0, 2.970568335343245)	(53.0, 2.942742622783339)	(54.0, 2.8303460303152064)	(55.0, 2.584746141788732)	(56.0, 3.194981768426438)	(57.0, 3.0213797022008726)	(58.0, 2.6377563714360557)	(59.0, 2.8681633412564933)	(60.0, 2.2009080449946494)	(61.0, 1.8036364041846036)	(62.0, 1.601515969397462)	(63.0, 1.1357922792067612)	(64.0, 0.8047311562401386)	(65.0, 0.921157100767268)	(66.0, 0.9947478896428599)	(67.0, 0.7439651705823278)	(68.0, 0.5112199533969095)	(69.0, 0.43862192404732525)	(70.0, 0.4163161251270124)	(71.0, 0.4146278650161655)	(72.0, 0.4006552724896621)	(73.0, 0.44499805722081015)	(74.0, 0.5048239081412411)	(75.0, 0.44155895616939667)	(76.0, 0.45392578149695645)	(77.0, 0.4631863220038848)	(78.0, 0.3347349021294848)	(79.0, 0.20096837860366554)	(80.0, 0.1469753454714257)	(81.0, 0.18570576760998592)	(82.0, 0.20162121044096856)	(83.0, 0.24481762815497876)	(84.0, 0.32402220191474296)	(85.0, 0.2818896583059674)	(86.0, 0.20843256483932207)	(87.0, 0.17627597440449755)	(88.0, 0.12059041428665726)	(89.0, 0.11073251131422288)	(90.0, 0.09690641482092688)	(91.0, 0.07330633055868424)	(92.0, 0.043682841435922264)	(93.0, 0.00579157133223962)	(94.0, 0.0016783040697550958)	(95.0, 0.001329842631543233)	(96.0, 0.0009956041091767518)	(97.0, 0.0004252651837769269)	(98.0, 0.00017209728172912426)	(99.0, 6.542541288875799e-05)	(100.0, 5.2624788627914027e-05)
SRR19077162_2	(0.0, 0.22458227452066631)	(1.0, 0.165347325767076)	(2.0, 0.08091328568417697)	(3.0, 0.045534900399808495)	(4.0, 0.03078133071361492)	(5.0, 0.023926323665557202)	(6.0, 0.02046536372083689)	(7.0, 0.018277171439868106)	(8.0, 0.017133958426453703)	(9.0, 0.01642211968833764)	(10.0, 0.01604769251208859)	(11.0, 0.015854072375321018)	(12.0, 0.015973661283324517)	(13.0, 0.01662285821248637)	(14.0, 0.017299105013696633)	(15.0, 0.019014636372556352)	(16.0, 0.02190612532678381)	(17.0, 0.026123058011383385)	(18.0, 0.0332926977816884)	(19.0, 0.04408986776143289)	(20.0, 0.05991831394218173)	(21.0, 0.08162654809976927)	(22.0, 0.11152377510064403)	(23.0, 0.15267659622861002)	(24.0, 0.20220633562672588)	(25.0, 0.26113234636797383)	(26.0, 0.3325696347703497)	(27.0, 0.4113374384978449)	(28.0, 0.49000416112452755)	(29.0, 0.5687178651079259)	(30.0, 0.6504013603067444)	(31.0, 0.7433689231821788)	(32.0, 0.858695340821839)	(33.0, 1.0517203804043438)	(34.0, 1.236253183841124)	(35.0, 1.379312838717786)	(36.0, 1.91891080472686)	(37.0, 2.481718984630946)	(38.0, 2.628759241731153)	(39.0, 2.46704941191585)	(40.0, 2.515317773070024)	(41.0, 2.6398596550133346)	(42.0, 2.5576479754708346)	(43.0, 2.618582795131046)	(44.0, 3.061316593012238)	(45.0, 3.223658535626988)	(46.0, 3.2133710421837347)	(47.0, 3.7397843310854224)	(48.0, 4.392842273562817)	(49.0, 4.632851517215934)	(50.0, 4.673994372601566)	(51.0, 4.463382645155166)	(52.0, 3.5247720165599885)	(53.0, 2.65290481172805)	(54.0, 2.4342436118310333)	(55.0, 2.543607668200233)	(56.0, 2.550150889880996)	(57.0, 2.4626132328999106)	(58.0, 2.300289798092352)	(59.0, 2.114840146360878)	(60.0, 1.8158465211899872)	(61.0, 1.7550626113422563)	(62.0, 1.9908364145035833)	(63.0, 1.6715753167810514)	(64.0, 1.0546147167135236)	(65.0, 0.9259626778963309)	(66.0, 1.0418201272346255)	(67.0, 0.8359706009462216)	(68.0, 0.639965804405963)	(69.0, 0.8204738716174349)	(70.0, 0.9207548656882737)	(71.0, 0.7982388767936414)	(72.0, 0.5729234083727156)	(73.0, 0.4548877324957858)	(74.0, 0.42964735451966635)	(75.0, 0.38082233547228533)	(76.0, 0.3966507816530342)	(77.0, 0.4771867928060097)	(78.0, 0.3613492749523823)	(79.0, 0.15378136995016614)	(80.0, 0.12257151231620537)	(81.0, 0.13680828707852669)	(82.0, 0.13941504053750772)	(83.0, 0.11939813522168395)	(84.0, 0.08186145488334756)	(85.0, 0.06826675866280695)	(86.0, 0.06451394483545904)	(87.0, 0.0572588844165801)	(88.0, 0.0821419193461653)	(89.0, 0.09503616624839972)	(90.0, 0.055410951052430796)	(91.0, 0.029645236087581676)	(92.0, 0.01775041077366222)	(93.0, 0.007904257348040794)	(94.0, 0.005493971380779796)	(95.0, 0.005377229827728761)	(96.0, 0.005802909393122169)	(97.0, 0.006614405554574484)	(98.0, 0.007985406964186027)	(99.0, 0.011269830901853555)	(100.0, 0.10755883332933755)
SRR19077163_1	(0.0, 0.605429026129488)	(1.0, 0.4088247672110241)	(2.0, 0.1457526895633288)	(3.0, 0.058068683813894864)	(4.0, 0.029991840201080505)	(5.0, 0.01991843349020103)	(6.0, 0.015252075969720093)	(7.0, 0.013117958095769981)	(8.0, 0.012263076460073408)	(9.0, 0.011749221614068068)	(10.0, 0.01140356550143985)	(11.0, 0.011593367741856238)	(12.0, 0.012337145627065171)	(13.0, 0.013775321952821861)	(14.0, 0.015161032618626053)	(15.0, 0.017307495353741455)	(16.0, 0.021407532368264554)	(17.0, 0.02662786553353803)	(18.0, 0.03516433702933847)	(19.0, 0.04841963170557235)	(20.0, 0.06808808175717618)	(21.0, 0.09883913091992223)	(22.0, 0.14427284933113924)	(23.0, 0.20725633099646654)	(24.0, 0.2861878301797074)	(25.0, 0.38178643504374005)	(26.0, 0.49617546170899507)	(27.0, 0.6216656047771403)	(28.0, 0.7567261014636792)	(29.0, 0.8934531544075329)	(30.0, 1.0397258712474495)	(31.0, 1.223219887608372)	(32.0, 1.432548612172962)	(33.0, 1.7089423381256545)	(34.0, 2.007155606188004)	(35.0, 2.3615580529518314)	(36.0, 2.8750132340769463)	(37.0, 3.240649504501191)	(38.0, 3.5160371242689124)	(39.0, 3.5843767325723315)	(40.0, 3.5569526234936317)	(41.0, 3.628032790975746)	(42.0, 3.6284849215159247)	(43.0, 3.7873540260673777)	(44.0, 4.166869006656704)	(45.0, 4.446402956668318)	(46.0, 4.4070521685963)	(47.0, 4.208821474219309)	(48.0, 4.008178902592148)	(49.0, 3.86998435427727)	(50.0, 3.5954639610064105)	(51.0, 3.2246829696915293)	(52.0, 2.8333709311511197)	(53.0, 2.4203118765604)	(54.0, 2.1909165801716255)	(55.0, 2.0379112846736867)	(56.0, 1.9533860202749225)	(57.0, 1.7144141978371712)	(58.0, 1.4851732122129626)	(59.0, 1.443983039827315)	(60.0, 1.291139770632171)	(61.0, 1.2189562811834087)	(62.0, 1.1607456314661129)	(63.0, 0.9377634904527081)	(64.0, 0.8011012480299723)	(65.0, 0.8032909177791663)	(66.0, 0.6432212754793885)	(67.0, 0.41161779204967175)	(68.0, 0.2822837678361833)	(69.0, 0.21832658524644347)	(70.0, 0.17314439338146934)	(71.0, 0.14182239438982847)	(72.0, 0.11957232524703262)	(73.0, 0.10893105492254965)	(74.0, 0.1024083389043377)	(75.0, 0.08675505494674558)	(76.0, 0.076714053496425)	(77.0, 0.06669311244549801)	(78.0, 0.04832858835447831)	(79.0, 0.0341119376149972)	(80.0, 0.02754292836741541)	(81.0, 0.028578353597654402)	(82.0, 0.02463879977828012)	(83.0, 0.0209183672445898)	(84.0, 0.01991071795197272)	(85.0, 0.015310714060255238)	(86.0, 0.014944997548233417)	(87.0, 0.01493882511765077)	(88.0, 0.008723187520925504)	(89.0, 0.004775918163322914)	(90.0, 0.0033331125146292395)	(91.0, 0.0021804111033199604)	(92.0, 0.0012406585471119945)	(93.0, 0.0002623282997624864)	(94.0, 0.00015276765692050678)	(95.0, 0.00012962104223558153)	(96.0, 0.00014813833398352174)	(97.0, 0.000141965903400875)	(98.0, 7.561227463742257e-05)	(99.0, 7.09829517004375e-05)	(100.0, 6.326741347212908e-05)
SRR19077163_2	(0.0, 0.7238339658842208)	(1.0, 0.5323037932887296)	(2.0, 0.24805504383221427)	(3.0, 0.12306940782310888)	(4.0, 0.08012335259577581)	(5.0, 0.06486146751085294)	(6.0, 0.05761346178557694)	(7.0, 0.052709399965492454)	(8.0, 0.04953009792281174)	(9.0, 0.047593796435914396)	(10.0, 0.04633381077936876)	(11.0, 0.044842210112428706)	(12.0, 0.04368722326059521)	(13.0, 0.04388023576925722)	(14.0, 0.04469706470591487)	(15.0, 0.0472340211197684)	(16.0, 0.05195742323174524)	(17.0, 0.05878080143796481)	(18.0, 0.06995854183959943)	(19.0, 0.08639548707725667)	(20.0, 0.11600669410614842)	(21.0, 0.15581204979253316)	(22.0, 0.1998528719689972)	(23.0, 0.26673865467069735)	(24.0, 0.34893573365953784)	(25.0, 0.4390077230017886)	(26.0, 0.5671958225546141)	(27.0, 0.7057340248719316)	(28.0, 0.8275110209370397)	(29.0, 0.967071417500231)	(30.0, 1.1225206037764797)	(31.0, 1.3538098090562767)	(32.0, 1.6014525781699886)	(33.0, 1.848454545754943)	(34.0, 2.077651495440844)	(35.0, 2.3368842796746927)	(36.0, 2.9959772178534654)	(37.0, 3.392651893355432)	(38.0, 3.4306923426626112)	(39.0, 3.5397984535590754)	(40.0, 3.7627804004660583)	(41.0, 3.9501229736736185)	(42.0, 3.9249294369429832)	(43.0, 3.915115136902537)	(44.0, 3.8585701923649127)	(45.0, 3.795215766521693)	(46.0, 3.760184768249572)	(47.0, 3.714789770312335)	(48.0, 3.7631201024813037)	(49.0, 3.8586612942690017)	(50.0, 3.8517298290579314)	(51.0, 3.539330591238078)	(52.0, 2.847010163668122)	(53.0, 2.245871933390241)	(54.0, 1.971622775982487)	(55.0, 1.973823118581234)	(56.0, 1.8894365056941316)	(57.0, 1.6242620243936312)	(58.0, 1.4306673900054911)	(59.0, 1.2736061632568974)	(60.0, 1.1394748225373512)	(61.0, 1.1318129979935037)	(62.0, 1.1784803343878405)	(63.0, 0.992887226558793)	(64.0, 0.6477808610711095)	(65.0, 0.4527146993169303)	(66.0, 0.40616471452786007)	(67.0, 0.3788325992012494)	(68.0, 0.34687744826716616)	(69.0, 0.29737668824567104)	(70.0, 0.22982385431403493)	(71.0, 0.15637873451796483)	(72.0, 0.10248809799946086)	(73.0, 0.08023607190083443)	(74.0, 0.08103437163666052)	(75.0, 0.07653023173452374)	(76.0, 0.059855495086194914)	(77.0, 0.05365747740804027)	(78.0, 0.04119041344854337)	(79.0, 0.028300266070059338)	(80.0, 0.02546838654297025)	(81.0, 0.02302407613327449)	(82.0, 0.019501983875210033)	(83.0, 0.01689554295823818)	(84.0, 0.013427494202599087)	(85.0, 0.01038716116615502)	(86.0, 0.008623798887018846)	(87.0, 0.010242015759641183)	(88.0, 0.016839955355743518)	(89.0, 0.016121948823520818)	(90.0, 0.008347404974614841)	(91.0, 0.006006549269561918)	(92.0, 0.005131044530271017)	(93.0, 0.004735754912531209)	(94.0, 0.004811415815926719)	(95.0, 0.0051063389291622786)	(96.0, 0.005669935454455363)	(97.0, 0.006469779290350755)	(98.0, 0.0077081475459262454)	(99.0, 0.01121479880329774)	(100.0, 0.13029888434755332)
SRR19077164_1	(0.0, 0.599564913375968)	(1.0, 0.40481984991305653)	(2.0, 0.14567349803946547)	(3.0, 0.06090449121616341)	(4.0, 0.03325294269530086)	(5.0, 0.02204705022108512)	(6.0, 0.016652080381698152)	(7.0, 0.014159467734386453)	(8.0, 0.01289764078403501)	(9.0, 0.012390116291089229)	(10.0, 0.012057974879803611)	(11.0, 0.011868623234117416)	(12.0, 0.012416501356471732)	(13.0, 0.013810253633735685)	(14.0, 0.015176068782947574)	(15.0, 0.017713691247676484)	(16.0, 0.022033081657059087)	(17.0, 0.02685999655938747)	(18.0, 0.035103001397415144)	(19.0, 0.04883720396034244)	(20.0, 0.06883708352027927)	(21.0, 0.10070869043967265)	(22.0, 0.1478401775261698)	(23.0, 0.2119186369015813)	(24.0, 0.291452536340461)	(25.0, 0.3859933297313063)	(26.0, 0.5011843169406336)	(27.0, 0.6294669527676909)	(28.0, 0.7648285464306066)	(29.0, 0.9022699040707313)	(30.0, 1.049096584673679)	(31.0, 1.2357181521241187)	(32.0, 1.4440779093244014)	(33.0, 1.71836463253954)	(34.0, 2.0172732779445623)	(35.0, 2.3685857673245736)	(36.0, 2.8837898663593333)	(37.0, 3.246643493750185)	(38.0, 3.515133262894521)	(39.0, 3.5825346884454587)	(40.0, 3.559058188505709)	(41.0, 3.6301209298941366)	(42.0, 3.626850733849375)	(43.0, 3.7862599865144375)	(44.0, 4.160117738232462)	(45.0, 4.43715471649806)	(46.0, 4.400324269349425)	(47.0, 4.203535139350705)	(48.0, 4.005467109712268)	(49.0, 3.8615815878681348)	(50.0, 3.583209835706717)	(51.0, 3.2136388810820136)	(52.0, 2.8244389898753988)	(53.0, 2.4120342096962073)	(54.0, 2.181616537836153)	(55.0, 2.031623649387305)	(56.0, 1.9463393577577088)	(57.0, 1.7103249479112248)	(58.0, 1.4854217547161133)	(59.0, 1.441957791717784)	(60.0, 1.2875803262274317)	(61.0, 1.2148537736572378)	(62.0, 1.1566436632354287)	(63.0, 0.9345854009136185)	(64.0, 0.8002978346180377)	(65.0, 0.8034873234039813)	(66.0, 0.6423630414890563)	(67.0, 0.41104206915531843)	(68.0, 0.28246298935837544)	(69.0, 0.21755417645474992)	(70.0, 0.172100469114046)	(71.0, 0.14239243755601783)	(72.0, 0.12023053469738534)	(73.0, 0.10875923950667502)	(74.0, 0.10194568438731115)	(75.0, 0.0864592030704518)	(76.0, 0.0766129174947697)	(77.0, 0.06633515849695022)	(78.0, 0.048172921137771205)	(79.0, 0.033828757945707236)	(80.0, 0.027142471965247203)	(81.0, 0.028298758654068636)	(82.0, 0.02436117566139754)	(83.0, 0.02079919183475971)	(84.0, 0.02001850431197155)	(85.0, 0.01533437917524259)	(86.0, 0.014876520687722694)	(87.0, 0.015053455832052417)	(88.0, 0.008961609854033473)	(89.0, 0.004628250880624838)	(90.0, 0.0032686439820911834)	(91.0, 0.0022380743695040294)	(92.0, 0.0012525145743340859)	(93.0, 0.00027471509251193705)	(94.0, 0.00012726913890383524)	(95.0, 0.00010398819886045077)	(96.0, 0.00016607070564280942)	(97.0, 0.00015055007894721975)	(98.0, 8.691550949530213e-05)	(99.0, 6.829075746059453e-05)	(100.0, 4.811394275632796e-05)
SRR19077164_2	(0.0, 0.7027775150335026)	(1.0, 0.5195782278755471)	(2.0, 0.24785612320226613)	(3.0, 0.12920495031958765)	(4.0, 0.08688422513917551)	(5.0, 0.06922936301624008)	(6.0, 0.06095408322465039)	(7.0, 0.055420145180837696)	(8.0, 0.051599351583369486)	(9.0, 0.04900556080785245)	(10.0, 0.04761702850047985)	(11.0, 0.04641332320046446)	(12.0, 0.045222043245481486)	(13.0, 0.04557305924264726)	(14.0, 0.04639934468730299)	(15.0, 0.048587758581137425)	(16.0, 0.05315873238493781)	(17.0, 0.06075993720851888)	(18.0, 0.07225027502724644)	(19.0, 0.0886330924524882)	(20.0, 0.11834364559312617)	(21.0, 0.15749901412653008)	(22.0, 0.20356442766608687)	(23.0, 0.27260430417058257)	(24.0, 0.3539872077966555)	(25.0, 0.4453771736782112)	(26.0, 0.5738490286408863)	(27.0, 0.7133468241517023)	(28.0, 0.8374107879641274)	(29.0, 0.9788795538307105)	(30.0, 1.137310468834672)	(31.0, 1.3687822214435672)	(32.0, 1.6159068024570498)	(33.0, 1.8613896847581242)	(34.0, 2.088041956662571)	(35.0, 2.345667507396575)	(36.0, 3.00082488759334)	(37.0, 3.39927463942037)	(38.0, 3.434894997292051)	(39.0, 3.538890475708994)	(40.0, 3.768254579166766)	(41.0, 3.953796043863332)	(42.0, 3.9222310079766056)	(43.0, 3.905026564611095)	(44.0, 3.8461568330156326)	(45.0, 3.7875107576307543)	(46.0, 3.7545012753840092)	(47.0, 3.708957726335814)	(48.0, 3.7517972096713295)	(49.0, 3.8489401103028937)	(50.0, 3.8410997175874395)	(51.0, 3.524203717880677)	(52.0, 2.8316087731012405)	(53.0, 2.2354515906227785)	(54.0, 1.966071663488108)	(55.0, 1.9639391636469197)	(56.0, 1.8807654571680494)	(57.0, 1.6180967695190132)	(58.0, 1.4255924520999066)	(59.0, 1.2705288055997304)	(60.0, 1.135940574544848)	(61.0, 1.1282089035984264)	(62.0, 1.1739621303440437)	(63.0, 0.9905298679667305)	(64.0, 0.6473464976757616)	(65.0, 0.4512186390115762)	(66.0, 0.40604474397809537)	(67.0, 0.37864375184535787)	(68.0, 0.34629436605346037)	(69.0, 0.2965261996942433)	(70.0, 0.22889194034653979)	(71.0, 0.15690104439684502)	(72.0, 0.10343633789048393)	(73.0, 0.0804199393860606)	(74.0, 0.08023666554683245)	(75.0, 0.07674980309711044)	(76.0, 0.060823617101810015)	(77.0, 0.053700788061977)	(78.0, 0.0413841647985937)	(79.0, 0.028087492445778513)	(80.0, 0.025186174380709154)	(81.0, 0.023395371527912063)	(82.0, 0.019374219241796126)	(83.0, 0.016828576678279705)	(84.0, 0.013528094404043954)	(85.0, 0.010445055667875498)	(86.0, 0.008646486974433144)	(87.0, 0.010309930040647964)	(88.0, 0.017078636747057094)	(89.0, 0.016302052682531036)	(90.0, 0.008411958586946273)	(91.0, 0.006091525402142409)	(92.0, 0.005333579355164975)	(93.0, 0.005069540773226115)	(94.0, 0.005083519286387584)	(95.0, 0.005260580453099526)	(96.0, 0.00569702069736317)	(97.0, 0.0065046681244702725)	(98.0, 0.00786524340551993)	(99.0, 0.011220086564272504)	(100.0, 0.12952024344978522)
SRR19077165_1	(0.0, 0.07823676260911648)	(1.0, 0.05194946093054016)	(2.0, 0.017877319494509082)	(3.0, 0.0075818877071316725)	(4.0, 0.0040878551864459095)	(5.0, 0.0027962282488958844)	(6.0, 0.0022963648656927223)	(7.0, 0.001994442371076276)	(8.0, 0.001830326824210075)	(9.0, 0.0017514010268622072)	(10.0, 0.0018177989198691438)	(11.0, 0.002009475856285394)	(12.0, 0.0023965881004201733)	(13.0, 0.0030041914609553453)	(14.0, 0.003699490151877037)	(15.0, 0.004671655528733312)	(16.0, 0.006580908150291255)	(17.0, 0.009643980761648976)	(18.0, 0.01425550234954582)	(19.0, 0.021610634988106635)	(20.0, 0.03318641859912723)	(21.0, 0.0508094216355154)	(22.0, 0.07727086118443068)	(23.0, 0.11397887369379373)	(24.0, 0.16103493518876608)	(25.0, 0.21912557482723077)	(26.0, 0.289826802975277)	(27.0, 0.3702784990718702)	(28.0, 0.4554669957997695)	(29.0, 0.539515453232644)	(30.0, 0.6224501799696098)	(31.0, 0.7119908706655487)	(32.0, 0.8693939663858787)	(33.0, 1.0931498546575178)	(34.0, 1.2760923361672707)	(35.0, 1.4720964107428784)	(36.0, 1.737946057600047)	(37.0, 2.1091616439166185)	(38.0, 2.3096018494193506)	(39.0, 2.0929242271003377)	(40.0, 2.0091000191551656)	(41.0, 2.3215196448188786)	(42.0, 2.618116527299995)	(43.0, 2.7829386479710245)	(44.0, 3.0861753197528343)	(45.0, 3.6184396219529473)	(46.0, 3.9526552955890124)	(47.0, 4.007045192285166)	(48.0, 4.23390298967162)	(49.0, 4.279621070982981)	(50.0, 3.740135684720755)	(51.0, 3.1626945066768095)	(52.0, 3.0816214265249062)	(53.0, 3.199073035302006)	(54.0, 3.1619415796259194)	(55.0, 3.067872051510734)	(56.0, 3.6280610524867827)	(57.0, 3.3111401507933733)	(58.0, 2.933891125746209)	(59.0, 3.177325846156583)	(60.0, 2.4834528307488895)	(61.0, 2.1051502089466525)	(62.0, 1.9624824343121259)	(63.0, 1.3868866165775995)	(64.0, 0.9325032845033205)	(65.0, 1.0762622396059423)	(66.0, 1.1181806075306988)	(67.0, 0.7672527095038311)	(68.0, 0.5017438216447359)	(69.0, 0.43410942447934975)	(70.0, 0.41283954848931637)	(71.0, 0.3973964008082502)	(72.0, 0.37663515773445877)	(73.0, 0.4530090209680788)	(74.0, 0.4925333063732832)	(75.0, 0.39035070740691047)	(76.0, 0.41107812513898145)	(77.0, 0.4091701253078576)	(78.0, 0.26778771365871057)	(79.0, 0.14838300459485948)	(80.0, 0.10653479293441229)	(81.0, 0.14362365373573965)	(82.0, 0.1500792828426216)	(83.0, 0.16017552095097817)	(84.0, 0.18185004825122358)	(85.0, 0.1399980782194741)	(86.0, 0.09844803068234109)	(87.0, 0.08030010845406789)	(88.0, 0.05478828405419521)	(89.0, 0.049075559674730505)	(90.0, 0.04031730174998537)	(91.0, 0.029578382148938993)	(92.0, 0.01632385935623359)	(93.0, 0.0013417385549137509)	(94.0, 0.0005875587135896818)	(95.0, 0.0004334654901962258)	(96.0, 0.0003269783032983091)	(97.0, 0.0001603571755639217)	(98.0, 8.51897495183334e-05)	(99.0, 5.762835996828436e-05)	(100.0, 4.25948747591667e-05)
SRR19077165_2	(0.0, 0.09114524371481618)	(1.0, 0.06998235781909269)	(2.0, 0.03794559910872397)	(3.0, 0.022630055484864783)	(4.0, 0.016878098062251767)	(5.0, 0.014858700398497819)	(6.0, 0.01428262611157236)	(7.0, 0.014380521088435511)	(8.0, 0.014336593855227687)	(9.0, 0.014626513594399322)	(10.0, 0.015215138519384159)	(11.0, 0.015636839958179268)	(12.0, 0.01599704327048342)	(13.0, 0.016741296107404546)	(14.0, 0.017961218126776105)	(15.0, 0.01938446048270959)	(16.0, 0.02175276588451425)	(17.0, 0.02548407057956738)	(18.0, 0.03122473242792696)	(19.0, 0.039580947247860945)	(20.0, 0.05308794392736374)	(21.0, 0.07238580500746361)	(22.0, 0.09869194237992027)	(23.0, 0.1356962436341909)	(24.0, 0.18252016410611896)	(25.0, 0.23940593111025055)	(26.0, 0.3117478088845063)	(27.0, 0.39417161421186053)	(28.0, 0.4762766333325067)	(29.0, 0.5609269218515947)	(30.0, 0.6524173081130437)	(31.0, 0.751815851415707)	(32.0, 0.8783036919057321)	(33.0, 1.0833911583064189)	(34.0, 1.268653636828512)	(35.0, 1.4661642830327524)	(36.0, 2.1830730448139106)	(37.0, 2.5321953987754395)	(38.0, 2.408521411338327)	(39.0, 2.4077395065872276)	(40.0, 2.4149849899389064)	(41.0, 2.524375096200641)	(42.0, 2.5706392582151203)	(43.0, 2.6494811114403283)	(44.0, 3.030957755255128)	(45.0, 3.116116344615621)	(46.0, 3.079842490496406)	(47.0, 3.622220824360046)	(48.0, 4.178855427995333)	(49.0, 4.390666271204428)	(50.0, 4.291931656655106)	(51.0, 4.240143958830695)	(52.0, 3.693994158230211)	(53.0, 2.7471188002232605)	(54.0, 2.4905574019496464)	(55.0, 2.82182019795268)	(56.0, 3.099038691408225)	(57.0, 3.063465162892723)	(58.0, 2.8029164269076445)	(59.0, 2.47356634814486)	(60.0, 1.9997960772328114)	(61.0, 1.8261316433413894)	(62.0, 2.129703966594017)	(63.0, 1.772250499088673)	(64.0, 1.026933368060112)	(65.0, 0.8911166383005512)	(66.0, 1.0161147180529282)	(67.0, 0.8549205981373046)	(68.0, 0.6380556129816972)	(69.0, 0.7702251273212029)	(70.0, 0.8507575514930088)	(71.0, 0.6439330767849041)	(72.0, 0.4203898971179016)	(73.0, 0.3927722180682399)	(74.0, 0.42011629320820715)	(75.0, 0.3498264447566597)	(76.0, 0.33781799426144665)	(77.0, 0.37677266467014464)	(78.0, 0.2550615970255189)	(79.0, 0.10700548503045236)	(80.0, 0.09283706972522035)	(81.0, 0.0958655386889483)	(82.0, 0.08162558474677782)	(83.0, 0.06548044394719374)	(84.0, 0.04121629538699792)	(85.0, 0.030204365553699514)	(86.0, 0.029781409051098464)	(87.0, 0.03297303630959834)	(88.0, 0.06703421293894476)	(89.0, 0.07474030470740296)	(90.0, 0.03559486460020243)	(91.0, 0.01700987976187524)	(92.0, 0.01021747444413977)	(93.0, 0.006949288293477695)	(94.0, 0.006151067712901243)	(95.0, 0.006449772898714443)	(96.0, 0.00728564539346903)	(97.0, 0.008238238822175833)	(98.0, 0.009871076833700932)	(99.0, 0.014239953942170477)	(100.0, 0.1966095103915769)
SRR19077166_1	(0.0, 0.07781405923604978)	(1.0, 0.05146888991403634)	(2.0, 0.017741103884164323)	(3.0, 0.00783156808910767)	(4.0, 0.004484497595940597)	(5.0, 0.0032655569742252)	(6.0, 0.002516886654097533)	(7.0, 0.002066681218710879)	(8.0, 0.0019788974290811693)	(9.0, 0.0019262271553033437)	(10.0, 0.0019312433718536126)	(11.0, 0.0021494487917903195)	(12.0, 0.0024579461096318708)	(13.0, 0.002954551548108514)	(14.0, 0.0036994597058234787)	(15.0, 0.004854443566522945)	(16.0, 0.006834595049741682)	(17.0, 0.009838054709215319)	(18.0, 0.014430400960986701)	(19.0, 0.021785428477818804)	(20.0, 0.03386196982259172)	(21.0, 0.052036976438354324)	(22.0, 0.07822037277662158)	(23.0, 0.11547330498719523)	(24.0, 0.16424472445132435)	(25.0, 0.22239897697273187)	(26.0, 0.29351011684348455)	(27.0, 0.3755403060900355)	(28.0, 0.46040089552507585)	(29.0, 0.5458508904047729)	(30.0, 0.6296141824694418)	(31.0, 0.719830837126032)	(32.0, 0.8765562529685029)	(33.0, 1.0947854999338236)	(34.0, 1.2790261176086581)	(35.0, 1.479709893135275)	(36.0, 1.7442538675092305)	(37.0, 2.1166339571725965)	(38.0, 2.315950813689265)	(39.0, 2.0968663018021236)	(40.0, 2.010860760939484)	(41.0, 2.3212379059332484)	(42.0, 2.6233420557814817)	(43.0, 2.789065310060998)	(44.0, 3.0867363785329305)	(45.0, 3.613910640666914)	(46.0, 3.9430070517721454)	(47.0, 4.001815920553363)	(48.0, 4.236327806440857)	(49.0, 4.274479895468067)	(50.0, 3.7313603349749154)	(51.0, 3.1564517561485714)	(52.0, 3.074036572281787)	(53.0, 3.1946540073412835)	(54.0, 3.160862264550395)	(55.0, 3.0644744094828362)	(56.0, 3.6159108570163334)	(57.0, 3.3016800036578253)	(58.0, 2.9349268549097234)	(59.0, 3.1784140062597865)	(60.0, 2.4834473005193014)	(61.0, 2.1043279239206485)	(62.0, 1.9590808655993313)	(63.0, 1.3836342975479705)	(64.0, 0.9294798456821173)	(65.0, 1.0751307094357316)	(66.0, 1.1189812204640466)	(67.0, 0.7669569375616728)	(68.0, 0.5013758604159492)	(69.0, 0.43364314239180274)	(70.0, 0.41165455714369814)	(71.0, 0.39582839392759905)	(72.0, 0.3757660358347976)	(73.0, 0.4513579111390782)	(74.0, 0.4904254596867117)	(75.0, 0.38958696648492663)	(76.0, 0.409370924559188)	(77.0, 0.4072490649584242)	(78.0, 0.2671549150883706)	(79.0, 0.14833077744559556)	(80.0, 0.1060954881464671)	(81.0, 0.14192130674848918)	(82.0, 0.1485866044896593)	(83.0, 0.16060671339824167)	(84.0, 0.1820046391475522)	(85.0, 0.1392301065692698)	(86.0, 0.09783127137989872)	(87.0, 0.07940921609903537)	(88.0, 0.05446607930282214)	(89.0, 0.048396457276996506)	(90.0, 0.039586726960586356)	(91.0, 0.029435158716979215)	(92.0, 0.01617353621220522)	(93.0, 0.0013468541437472597)	(94.0, 0.0006320432853339096)	(95.0, 0.0004840648971009704)	(96.0, 0.000334832454730464)	(97.0, 0.00015424865892077556)	(98.0, 6.897297756620045e-05)	(99.0, 5.141621964025852e-05)	(100.0, 5.0162165502691235e-05)
SRR19077166_2	(0.0, 0.08688075694630208)	(1.0, 0.06747034402990726)	(2.0, 0.037942645986280894)	(3.0, 0.02358647845258228)	(4.0, 0.018054824855761157)	(5.0, 0.016157755373317394)	(6.0, 0.015284600876431026)	(7.0, 0.014926544715837334)	(8.0, 0.01508986857856428)	(9.0, 0.015322290998598782)	(10.0, 0.015431592352885276)	(11.0, 0.015689141521031614)	(12.0, 0.01610373286487694)	(13.0, 0.016828639547903465)	(14.0, 0.017993264322887156)	(15.0, 0.020052401330652277)	(16.0, 0.022684428195367298)	(17.0, 0.02602628569424175)	(18.0, 0.0320956517006562)	(19.0, 0.040509343305905145)	(20.0, 0.05428257028340912)	(21.0, 0.07465156864027055)	(22.0, 0.10124069349221745)	(23.0, 0.13804132877681533)	(24.0, 0.18528589691409864)	(25.0, 0.2426527755282359)	(26.0, 0.3161623334668234)	(27.0, 0.3993846358880418)	(28.0, 0.48257301719930934)	(29.0, 0.5701510414057149)	(30.0, 0.6610571033995334)	(31.0, 0.7573000866923063)	(32.0, 0.8848849192423803)	(33.0, 1.0918149969800162)	(34.0, 1.2759739592412989)	(35.0, 1.4752052013574677)	(36.0, 2.1865597727898725)	(37.0, 2.530960802122185)	(38.0, 2.408947825965911)	(39.0, 2.408775707741345)	(40.0, 2.4217385970922423)	(41.0, 2.530511033330983)	(42.0, 2.572904882745276)	(43.0, 2.6532866062924514)	(44.0, 3.032772114013323)	(45.0, 3.119311147185304)	(46.0, 3.0839603252667596)	(47.0, 3.622920277903844)	(48.0, 4.175672302579517)	(49.0, 4.381734251169888)	(50.0, 4.282863010024618)	(51.0, 4.225615483464011)	(52.0, 3.684127779966876)	(53.0, 2.746122402541259)	(54.0, 2.484282842154824)	(55.0, 2.8135852085467326)	(56.0, 3.092093853630561)	(57.0, 3.0599077456367025)	(58.0, 2.8010142964663802)	(59.0, 2.470130201280831)	(60.0, 1.996243500903784)	(61.0, 1.823032262794829)	(62.0, 2.123274288657992)	(63.0, 1.768995934642916)	(64.0, 1.029691624948308)	(65.0, 0.8870508449296207)	(66.0, 1.0079720638804353)	(67.0, 0.853527993936212)	(68.0, 0.6398086688587576)	(69.0, 0.7695179679616876)	(70.0, 0.8505718320208544)	(71.0, 0.6439030724635817)	(72.0, 0.4189131445205623)	(73.0, 0.39093827951024757)	(74.0, 0.41813924067871766)	(75.0, 0.3480645092070184)	(76.0, 0.33576370966886815)	(77.0, 0.373986518896596)	(78.0, 0.25364195881494817)	(79.0, 0.10706256102973032)	(80.0, 0.09239733449425609)	(81.0, 0.09493639239095733)	(82.0, 0.08036413482349691)	(83.0, 0.06444885256945874)	(84.0, 0.04102067262998104)	(85.0, 0.030608148212435397)	(86.0, 0.030006362595156877)	(87.0, 0.03279794431038208)	(88.0, 0.0663333586778466)	(89.0, 0.07401083656341868)	(90.0, 0.03544881623618098)	(91.0, 0.017084932378644214)	(92.0, 0.010432625816035117)	(93.0, 0.007064385231643239)	(94.0, 0.006298019414232182)	(95.0, 0.006588233354923911)	(96.0, 0.007244041480642881)	(97.0, 0.00825036774252199)	(98.0, 0.010025572496623341)	(99.0, 0.014498133660530496)	(100.0, 0.19544966652533707)
SRR19077167_1	(0.0, 0.3341650868924028)	(1.0, 0.21738573356376417)	(2.0, 0.06897110650058716)	(3.0, 0.02801015425359473)	(4.0, 0.01555337711066441)	(5.0, 0.01073736379186228)	(6.0, 0.008231380930273553)	(7.0, 0.006797616506710398)	(8.0, 0.006070384696106179)	(9.0, 0.0057833558220916105)	(10.0, 0.00553634539685792)	(11.0, 0.0056274218664971575)	(12.0, 0.006155941379706675)	(13.0, 0.006825215436904105)	(14.0, 0.007705621310083406)	(15.0, 0.00936569696123497)	(16.0, 0.011849600678668732)	(17.0, 0.01545402096196706)	(18.0, 0.021491286941840788)	(19.0, 0.0312033504770068)	(20.0, 0.0457728257262655)	(21.0, 0.06758150036533395)	(22.0, 0.0991091382721168)	(23.0, 0.14153835360541453)	(24.0, 0.1944358431611859)	(25.0, 0.25836738500840184)	(26.0, 0.3342423638969452)	(27.0, 0.4129075946280725)	(28.0, 0.4945479900340815)	(29.0, 0.5820766171969183)	(30.0, 0.6665541826268405)	(31.0, 0.7495179467356379)	(32.0, 0.8470856847564361)	(33.0, 1.0757000430695105)	(34.0, 1.3383438823114275)	(35.0, 1.6847063164029397)	(36.0, 2.05270493181981)	(37.0, 2.4092610307783686)	(38.0, 2.612147666364868)	(39.0, 2.3710530718181984)	(40.0, 2.2816960155300285)	(41.0, 2.663748006201535)	(42.0, 3.1093617130556614)	(43.0, 3.260529333405661)	(44.0, 3.5858324038128644)	(45.0, 4.3908614587936174)	(46.0, 4.55741548272661)	(47.0, 4.0828366986341855)	(48.0, 4.061444767841042)	(49.0, 4.186300948090869)	(50.0, 3.660440591805516)	(51.0, 2.9493886540273593)	(52.0, 2.8444244027146475)	(53.0, 2.802060044867305)	(54.0, 2.545297537649667)	(55.0, 2.4894621419747756)	(56.0, 3.1924206934736272)	(57.0, 2.995670680015699)	(58.0, 2.510604302449666)	(59.0, 2.6337258899368186)	(60.0, 2.131211468702323)	(61.0, 1.8382515845891272)	(62.0, 1.6818663864860073)	(63.0, 1.2899187993935466)	(64.0, 1.0017128310062169)	(65.0, 1.0935234321886074)	(66.0, 1.0375307226116117)	(67.0, 0.694447041427112)	(68.0, 0.45963672328555)	(69.0, 0.3676674282545455)	(70.0, 0.3319806315675708)	(71.0, 0.32938357223634285)	(72.0, 0.3070850165863361)	(73.0, 0.3485869078651252)	(74.0, 0.388546018946086)	(75.0, 0.3174125362648218)	(76.0, 0.3133030555589786)	(77.0, 0.33268578423402007)	(78.0, 0.2563595628368096)	(79.0, 0.14635160703119732)	(80.0, 0.09001529077328987)	(81.0, 0.11371863197015639)	(82.0, 0.10918964752536883)	(83.0, 0.12011882388207738)	(84.0, 0.16726883622500893)	(85.0, 0.15814876974249797)	(86.0, 0.12348037357967107)	(87.0, 0.09451391639486435)	(88.0, 0.07093339043735983)	(89.0, 0.07346145244310352)	(90.0, 0.06381838623342179)	(91.0, 0.047584695493482466)	(92.0, 0.028444837404145638)	(93.0, 0.005241036843785239)	(94.0, 0.0009438834126248297)	(95.0, 0.0007134323455073641)	(96.0, 0.000498160689996438)	(97.0, 0.00019595240437533017)	(98.0, 7.727700454238373e-05)	(99.0, 3.863850227119187e-05)	(100.0, 3.725855576150644e-05)
SRR19077167_2	(0.0, 0.3472770659410346)	(1.0, 0.2473862494726139)	(2.0, 0.11075695249669573)	(3.0, 0.0604585951453707)	(4.0, 0.04114930841727145)	(5.0, 0.03231245713671265)	(6.0, 0.027681985745055142)	(7.0, 0.0247768898808977)	(8.0, 0.022786284488481686)	(9.0, 0.021625903829474435)	(10.0, 0.020821925801447982)	(11.0, 0.02054150047552123)	(12.0, 0.020353629321205772)	(13.0, 0.020629910430493212)	(14.0, 0.02148500046373784)	(15.0, 0.02282910806042124)	(16.0, 0.025565672447913343)	(17.0, 0.030430982782465178)	(18.0, 0.038434846518522345)	(19.0, 0.04973612529392511)	(20.0, 0.06834642081552712)	(21.0, 0.0935570720380061)	(22.0, 0.12620521072250301)	(23.0, 0.17100833681010086)	(24.0, 0.22492321388199854)	(25.0, 0.2877025703453837)	(26.0, 0.3652063285282431)	(27.0, 0.4506959921750559)	(28.0, 0.5338372663929255)	(29.0, 0.6192177990015698)	(30.0, 0.7069163301171357)	(31.0, 0.8038758040160167)	(32.0, 0.9036298613353401)	(33.0, 1.0325592037954172)	(34.0, 1.2730895375410634)	(35.0, 1.7137358043657884)	(36.0, 2.580779139803739)	(37.0, 2.8649646516278935)	(38.0, 2.6917957965431656)	(39.0, 2.634122114979412)	(40.0, 2.805292076238446)	(41.0, 3.166855638340734)	(42.0, 3.243442143240759)	(43.0, 3.2101281670828796)	(44.0, 3.4059658871846428)	(45.0, 3.3776677945658764)	(46.0, 3.2544312243626674)	(47.0, 3.6812703427507523)	(48.0, 4.123378136643608)	(49.0, 4.3700944044262)	(50.0, 4.33681910762362)	(51.0, 4.354925190120773)	(52.0, 3.746479591570321)	(53.0, 2.671507093282642)	(54.0, 2.2269390161115816)	(55.0, 2.1980717844076834)	(56.0, 2.3039523753254554)	(57.0, 2.460082974400428)	(58.0, 2.4035821061456)	(59.0, 2.1536540704675415)	(60.0, 1.7925284139234738)	(61.0, 1.661830872363957)	(62.0, 1.890749111086252)	(63.0, 1.620468827492534)	(64.0, 0.9731104161044921)	(65.0, 0.7088392466377763)	(66.0, 0.7395423663128896)	(67.0, 0.6549160811326)	(68.0, 0.5629144717398823)	(69.0, 0.5722306707450547)	(70.0, 0.5540914345147878)	(71.0, 0.47914189518729083)	(72.0, 0.3219669535192121)	(73.0, 0.2559122845052243)	(74.0, 0.35226670277476574)	(75.0, 0.3534519487336089)	(76.0, 0.2760973823497648)	(77.0, 0.31206503856235024)	(78.0, 0.23486518959970706)	(79.0, 0.08706308456420482)	(80.0, 0.055847463431363306)	(81.0, 0.07182479998145601)	(82.0, 0.07421739438788526)	(83.0, 0.055040722592243976)	(84.0, 0.03932861590706721)	(85.0, 0.0367550573740547)	(86.0, 0.034575199421776795)	(87.0, 0.027394653391396205)	(88.0, 0.04658375783695541)	(89.0, 0.05834780747041464)	(90.0, 0.03690424917306992)	(91.0, 0.022555589762226675)	(92.0, 0.016500889252192407)	(93.0, 0.008292577495262538)	(94.0, 0.0056195577629065485)	(95.0, 0.005884787627822491)	(96.0, 0.006201129497956611)	(97.0, 0.006688765655848945)	(98.0, 0.00823317705676574)	(99.0, 0.011985074520889186)	(100.0, 0.11941836527285701)
SRR19077168_1	(0.0, 0.3317143963692379)	(1.0, 0.21548640863422674)	(2.0, 0.06926472888244727)	(3.0, 0.029995081256787653)	(4.0, 0.017109880077745207)	(5.0, 0.011893283805259558)	(6.0, 0.009244003088447271)	(7.0, 0.007496339144163131)	(8.0, 0.006465523049839736)	(9.0, 0.006150165565457781)	(10.0, 0.006066811164299554)	(11.0, 0.006012630803546707)	(12.0, 0.006391893328816636)	(13.0, 0.006983709577040042)	(14.0, 0.007847816869046986)	(15.0, 0.009502401732037771)	(16.0, 0.01190161924537538)	(17.0, 0.015837336220062954)	(18.0, 0.02207363466671757)	(19.0, 0.03175385912122622)	(20.0, 0.046735423489398055)	(21.0, 0.06955646928650105)	(22.0, 0.10130477144765006)	(23.0, 0.14465600625002414)	(24.0, 0.19919756940789007)	(25.0, 0.26320402481727256)	(26.0, 0.3400317763648095)	(27.0, 0.42033679568066384)	(28.0, 0.5038856904415925)	(29.0, 0.5915036692190617)	(30.0, 0.6727130837874828)	(31.0, 0.7561494501068479)	(32.0, 0.8553397982451175)	(33.0, 1.081426108226632)	(34.0, 1.3422156338903546)	(35.0, 1.6890491293896754)	(36.0, 2.057806221633629)	(37.0, 2.4129973850890813)	(38.0, 2.6137509033185915)	(39.0, 2.3729775478529977)	(40.0, 2.2870197108985963)	(41.0, 2.667558947746265)	(42.0, 3.112503351888857)	(43.0, 3.2651488774898962)	(44.0, 3.5874886822088725)	(45.0, 4.386949079157535)	(46.0, 4.554698422248445)	(47.0, 4.08669680150547)	(48.0, 4.062025288002654)	(49.0, 4.17710715272174)	(50.0, 3.64769556616546)	(51.0, 2.9373882582155972)	(52.0, 2.836562774574607)	(53.0, 2.796326215895512)	(54.0, 2.536457756364588)	(55.0, 2.481732813524174)	(56.0, 3.181786140891555)	(57.0, 2.987888522157309)	(58.0, 2.5087424179794775)	(59.0, 2.627703040832459)	(60.0, 2.126369384306328)	(61.0, 1.8379214790982863)	(62.0, 1.681308284002115)	(63.0, 1.290221936927892)	(64.0, 1.0027256611330737)	(65.0, 1.0926261612622592)	(66.0, 1.0359771209951094)	(67.0, 0.6930265513497426)	(68.0, 0.4576476148791051)	(69.0, 0.3660800267267552)	(70.0, 0.3299875710252433)	(71.0, 0.3276439231126778)	(72.0, 0.30733879099053396)	(73.0, 0.3492174313724461)	(74.0, 0.38864823084034494)	(75.0, 0.3177803189756211)	(76.0, 0.31221224497825156)	(77.0, 0.33008620706661385)	(78.0, 0.2553923281887275)	(79.0, 0.14643284423471364)	(80.0, 0.08936425348173417)	(81.0, 0.11296049520960866)	(82.0, 0.1089914364744578)	(83.0, 0.11951631886070316)	(84.0, 0.16581274250400121)	(85.0, 0.15697717598122926)	(86.0, 0.12150571056834614)	(87.0, 0.091988527878199)	(88.0, 0.07000936153279408)	(89.0, 0.07332130973881426)	(90.0, 0.06388559152770307)	(91.0, 0.04775790414360563)	(92.0, 0.028197404671808576)	(93.0, 0.005126295671230904)	(94.0, 0.0009321800529528282)	(95.0, 0.0006723921693430237)	(96.0, 0.00047234160656328114)	(97.0, 0.00019449360270252752)	(98.0, 8.474364117752985e-05)	(99.0, 4.167720057911304e-05)	(100.0, 3.47310004825942e-05)
SRR19077168_2	(0.0, 0.3360718536888054)	(1.0, 0.24100716637958583)	(2.0, 0.11178706021838579)	(3.0, 0.06365460812146852)	(4.0, 0.04397132936369827)	(5.0, 0.03510251931365228)	(6.0, 0.029823233920838337)	(7.0, 0.026429804953908405)	(8.0, 0.024247718868206324)	(9.0, 0.022870876787361803)	(10.0, 0.02209066627488324)	(11.0, 0.021374430242928764)	(12.0, 0.021157473308977506)	(13.0, 0.021368867244622322)	(14.0, 0.02207119578081069)	(15.0, 0.023581549821009833)	(16.0, 0.026367221222960927)	(17.0, 0.03121954649575541)	(18.0, 0.039068937106145805)	(19.0, 0.05083746002342495)	(20.0, 0.07040113431760668)	(21.0, 0.09636642891292714)	(22.0, 0.12877645704626123)	(23.0, 0.17396747378864702)	(24.0, 0.22902724952666184)	(25.0, 0.293336900698714)	(26.0, 0.37160272387205373)	(27.0, 0.45866503811745574)	(28.0, 0.5427553205176409)	(29.0, 0.6271334880801843)	(30.0, 0.7169786922283843)	(31.0, 0.8142602343627212)	(32.0, 0.9136779678467319)	(33.0, 1.0424919751315618)	(34.0, 1.2832613233335473)	(35.0, 1.7229718354713768)	(36.0, 2.582215864889569)	(37.0, 2.8657451995740244)	(38.0, 2.6926886667580576)	(39.0, 2.6372394811385917)	(40.0, 2.8117479565125403)	(41.0, 3.1710717523726983)	(42.0, 3.251222041222346)	(43.0, 3.2181931295274198)	(44.0, 3.403543888600625)	(45.0, 3.3747275573732525)	(46.0, 3.2543039422841153)	(47.0, 3.672112930089481)	(48.0, 4.105932227020787)	(49.0, 4.35241060223476)	(50.0, 4.327612146534215)	(51.0, 4.3392276869980675)	(52.0, 3.7280085463230384)	(53.0, 2.6632576242178234)	(54.0, 2.224996273138822)	(55.0, 2.1969601524239284)	(56.0, 2.297914664190094)	(57.0, 2.4538858384573996)	(58.0, 2.3999581328747457)	(59.0, 2.1499194387446505)	(60.0, 1.7908000830722537)	(61.0, 1.6600821396170442)	(62.0, 1.8876824800781031)	(63.0, 1.6208838628002733)	(64.0, 0.9755885759991308)	(65.0, 0.7087899587213009)	(66.0, 0.7360486504228692)	(67.0, 0.6521169134744177)	(68.0, 0.5597057763573712)	(69.0, 0.5694618846372947)	(70.0, 0.5531859423422206)	(71.0, 0.47765572358607394)	(72.0, 0.32119917771653134)	(73.0, 0.25675184233639475)	(74.0, 0.35285541957934247)	(75.0, 0.35295138130012865)	(76.0, 0.27527523594727177)	(77.0, 0.3102150375604606)	(78.0, 0.23345400542901348)	(79.0, 0.08670489160421309)	(80.0, 0.055635546062731626)	(81.0, 0.07134684402970191)	(82.0, 0.07346912788360972)	(83.0, 0.05497215851468835)	(84.0, 0.0390675463565692)	(85.0, 0.036412605414819506)	(86.0, 0.03437793878423815)	(87.0, 0.027561875109269454)	(88.0, 0.04597818100274741)	(89.0, 0.0571639798474267)	(90.0, 0.03682843953822608)	(91.0, 0.022676171846636315)	(92.0, 0.01639554675866271)	(93.0, 0.00846132042409907)	(94.0, 0.005614456040777111)	(95.0, 0.005852274218377529)	(96.0, 0.0062750620896671605)	(97.0, 0.007016331614000626)	(98.0, 0.008518341156740106)	(99.0, 0.01217323104407284)	(100.0, 0.11812053379027058)
SRR19077169_1	(0.0, 0.15274488533487834)	(1.0, 0.10892844588615928)	(2.0, 0.04467993682803814)	(3.0, 0.01724035733350772)	(4.0, 0.00796650308054035)	(5.0, 0.004796310988554262)	(6.0, 0.00349837489658711)	(7.0, 0.002840664275890802)	(8.0, 0.002528621609220979)	(9.0, 0.0023093847356555433)	(10.0, 0.002230029057493821)	(11.0, 0.0023134197701383426)	(12.0, 0.0024062255632427295)	(13.0, 0.0027828287816373436)	(14.0, 0.0032804830345159403)	(15.0, 0.004049829609236366)	(16.0, 0.005612732965574014)	(17.0, 0.007753991264446248)	(18.0, 0.01087710795413301)	(19.0, 0.015686869057629935)	(20.0, 0.022928410942760654)	(21.0, 0.034053001011838696)	(22.0, 0.04970220974762918)	(23.0, 0.07076374473634796)	(24.0, 0.09748239806995156)	(25.0, 0.12664090225415453)	(26.0, 0.1605217417947271)	(27.0, 0.2005546639100746)	(28.0, 0.2425338176576256)	(29.0, 0.283863330853446)	(30.0, 0.3240549643251169)	(31.0, 0.3766368436819706)	(32.0, 0.5030504389935941)	(33.0, 0.7055432644669066)	(34.0, 0.8643514616179383)	(35.0, 1.0573310207923041)	(36.0, 1.4032787372095963)	(37.0, 1.9365784847092435)	(38.0, 2.2012619516544496)	(39.0, 1.9499667291231721)	(40.0, 1.8642572166625349)	(41.0, 2.089814299239529)	(42.0, 2.4557287112892077)	(43.0, 2.804494226786988)	(44.0, 3.46448867700056)	(45.0, 4.470847797194648)	(46.0, 4.88310861531376)	(47.0, 4.76660775471488)	(48.0, 4.888675617888529)	(49.0, 4.932685738992423)	(50.0, 4.232326148824419)	(51.0, 3.6328289706114583)	(52.0, 3.64700001171505)	(53.0, 3.4208578491380504)	(54.0, 2.997481856030319)	(55.0, 2.762621328947484)	(56.0, 3.177344863112599)	(57.0, 2.8912905085349925)	(58.0, 3.0080240561223803)	(59.0, 3.4325944194370193)	(60.0, 2.534925678094606)	(61.0, 2.1577925251712515)	(62.0, 1.9196528600653942)	(63.0, 1.2457671311390377)	(64.0, 0.8127635457553475)	(65.0, 0.9123334016644006)	(66.0, 0.9834293642398325)	(67.0, 0.7590706869042296)	(68.0, 0.5406139200054683)	(69.0, 0.45254525738388784)	(70.0, 0.39350059779708374)	(71.0, 0.38394294611882607)	(72.0, 0.37118954713019137)	(73.0, 0.3721095349922696)	(74.0, 0.40165674749831565)	(75.0, 0.3613117827162983)	(76.0, 0.3825616193142144)	(77.0, 0.3873095098889751)	(78.0, 0.27045491126710347)	(79.0, 0.1600967181625389)	(80.0, 0.1052565645068118)	(81.0, 0.12369398207021666)	(82.0, 0.14524644625434271)	(83.0, 0.18235396836966059)	(84.0, 0.23693587981848857)	(85.0, 0.1771501188983436)	(86.0, 0.08617085140317046)	(87.0, 0.08359111935716736)	(88.0, 0.07145508064440093)	(89.0, 0.05613405471321147)	(90.0, 0.04363082786251029)	(91.0, 0.028660849931324384)	(92.0, 0.013559060873700367)	(93.0, 0.001456647448290596)	(94.0, 0.000979168367825996)	(95.0, 0.0009051927356413398)	(96.0, 0.000655020597707775)	(97.0, 0.00026227724138196324)	(98.0, 9.549581609291996e-05)	(99.0, 3.2280275862395484e-05)	(100.0, 4.3040367816527305e-05)
SRR19077169_2	(0.0, 0.17772370895112916)	(1.0, 0.13392025730484933)	(2.0, 0.06687597151837123)	(3.0, 0.03505110970472197)	(4.0, 0.023005194164848638)	(5.0, 0.017892479956833986)	(6.0, 0.01575825503723872)	(7.0, 0.014908604611835182)	(8.0, 0.014239387081842221)	(9.0, 0.014176100917034034)	(10.0, 0.014636608754574463)	(11.0, 0.014602945900953084)	(12.0, 0.014691815834513518)	(13.0, 0.015191372582254746)	(14.0, 0.015748829438224737)	(15.0, 0.01701185970609878)	(16.0, 0.018980463385876875)	(17.0, 0.021312625884765832)	(18.0, 0.025186547079513826)	(19.0, 0.031158337311946)	(20.0, 0.03992414439495242)	(21.0, 0.05238747931973082)	(22.0, 0.0681767041823012)	(23.0, 0.08954857668944066)	(24.0, 0.11547839957691448)	(25.0, 0.14585575868484454)	(26.0, 0.18484003620668815)	(27.0, 0.22603259692609404)	(28.0, 0.265886722585514)	(29.0, 0.30853621160965305)	(30.0, 0.35653001527472183)	(31.0, 0.42119635708138586)	(32.0, 0.539223707934511)	(33.0, 0.7376150624950204)	(34.0, 0.8942442808528503)	(35.0, 1.0572303924885407)	(36.0, 1.6369599389285818)	(37.0, 2.0707664009765354)	(38.0, 2.444301543386631)	(39.0, 2.545613267645526)	(40.0, 2.3071388800209713)	(41.0, 2.3630030588627178)	(42.0, 2.5779942398010003)	(43.0, 2.7816652763234866)	(44.0, 3.067662187662411)	(45.0, 3.2152603356506977)	(46.0, 3.4852108379253846)	(47.0, 4.19216173379962)	(48.0, 4.806472456507828)	(49.0, 4.993223196286066)	(50.0, 4.892098637493306)	(51.0, 4.832244737240354)	(52.0, 4.028141499300681)	(53.0, 3.0020963744069835)	(54.0, 2.7296750186764878)	(55.0, 3.3144580327021695)	(56.0, 3.6657029799583354)	(57.0, 3.166958180246457)	(58.0, 2.7174621353826525)	(59.0, 2.2906198444918893)	(60.0, 1.867596267715935)	(61.0, 1.9031711714230057)	(62.0, 2.2179996436315665)	(63.0, 1.8223803227317024)	(64.0, 1.0490691702565744)	(65.0, 0.8371870904787622)	(66.0, 0.8583381346661454)	(67.0, 0.6826867109839481)	(68.0, 0.560952406690037)	(69.0, 0.6950032758669373)	(70.0, 0.7328039674554534)	(71.0, 0.561399449386129)	(72.0, 0.3563657405490495)	(73.0, 0.27621987213313165)	(74.0, 0.2511760555529725)	(75.0, 0.22902185832767227)	(76.0, 0.2536684532350992)	(77.0, 0.3128033149346987)	(78.0, 0.24055879152079038)	(79.0, 0.10778037821077813)	(80.0, 0.08251977285329727)	(81.0, 0.08567734852298238)	(82.0, 0.10309046944424796)	(83.0, 0.09509486845209864)	(84.0, 0.06091226037080818)	(85.0, 0.052223204594058506)	(86.0, 0.04876400975592587)	(87.0, 0.03746540956644708)	(88.0, 0.03162692423435556)	(89.0, 0.029576183191741313)	(90.0, 0.019463861963879836)	(91.0, 0.012161715756330868)	(92.0, 0.008706560460632794)	(93.0, 0.005900424982754857)	(94.0, 0.005658052436680947)	(95.0, 0.006040462453819782)	(96.0, 0.006715066040392166)	(97.0, 0.00752566755559491)	(98.0, 0.008773886167875547)	(99.0, 0.012472760523792387)	(100.0, 0.1317792998145298)
SRR19077170_1	(0.0, 0.1512664070782778)	(1.0, 0.10776189580824082)	(2.0, 0.04473670046778922)	(3.0, 0.018090102964590526)	(4.0, 0.008684706996205613)	(5.0, 0.005505038047789075)	(6.0, 0.004143286787622569)	(7.0, 0.003259295632608633)	(8.0, 0.0027936819708074)	(9.0, 0.0026398270216904706)	(10.0, 0.002577745200116973)	(11.0, 0.002604737296453276)	(12.0, 0.00267356714211085)	(13.0, 0.0029569841536420355)	(14.0, 0.0034536387262300177)	(15.0, 0.004411858146168788)	(16.0, 0.005770910196701663)	(17.0, 0.007768325325588113)	(18.0, 0.0111301909242747)	(19.0, 0.015982020240725234)	(20.0, 0.023404846733208664)	(21.0, 0.03520039283217324)	(22.0, 0.05131197513531273)	(23.0, 0.07227268754526911)	(24.0, 0.09867635618144108)	(25.0, 0.12825564495157915)	(26.0, 0.163188816030023)	(27.0, 0.20356494333468242)	(28.0, 0.2450625922421152)	(29.0, 0.28812443313223685)	(30.0, 0.3298326203910928)	(31.0, 0.38175866571805644)	(32.0, 0.5078913822927853)	(33.0, 0.7103901378221837)	(34.0, 0.8685408790710357)	(35.0, 1.0643847332487184)	(36.0, 1.4101129991722603)	(37.0, 1.9377774416362046)	(38.0, 2.204221822991123)	(39.0, 1.9555868267988978)	(40.0, 1.8705657721539926)	(41.0, 2.0979094027561414)	(42.0, 2.4636050719444635)	(43.0, 2.810388728834755)	(44.0, 3.4655840784636487)	(45.0, 4.467696695859699)	(46.0, 4.881754104053775)	(47.0, 4.767964873133638)	(48.0, 4.88387973164026)	(49.0, 4.920615974753968)	(50.0, 4.219365360751257)	(51.0, 3.625304410114457)	(52.0, 3.6497740950481328)	(53.0, 3.4243873914303653)	(54.0, 2.9945463549036355)	(55.0, 2.7583452678887284)	(56.0, 3.167615627797562)	(57.0, 2.883267388942774)	(58.0, 3.0004130870423307)	(59.0, 3.4229190213896707)	(60.0, 2.5330408901647874)	(61.0, 2.1586389203031904)	(62.0, 1.9128218989684753)	(63.0, 1.238908880135172)	(64.0, 0.8142354804520269)	(65.0, 0.9136946074272209)	(66.0, 0.9839563837954353)	(67.0, 0.7592080432560221)	(68.0, 0.5402926947348838)	(69.0, 0.4529665150628584)	(70.0, 0.3930251667288295)	(71.0, 0.3823066052736834)	(72.0, 0.37104415307736077)	(73.0, 0.37241130275679457)	(74.0, 0.4017368658213714)	(75.0, 0.3601083052467075)	(76.0, 0.3793455723055909)	(77.0, 0.38514347459862885)	(78.0, 0.2699277113871179)	(79.0, 0.15937213360806968)	(80.0, 0.10500735237712105)	(81.0, 0.12355092256016148)	(82.0, 0.1442052746767008)	(83.0, 0.18183360657432454)	(84.0, 0.23639812931816181)	(85.0, 0.17647162663711788)	(86.0, 0.08569315784367916)	(87.0, 0.08249594403264403)	(88.0, 0.07124293907003915)	(89.0, 0.056406733318789995)	(90.0, 0.04374204171779644)	(91.0, 0.0286575086802533)	(92.0, 0.013618862206481872)	(93.0, 0.0015533951441542594)	(94.0, 0.0010648382004671683)	(95.0, 0.001028398870413159)	(96.0, 0.0007193393673624851)	(97.0, 0.00029016503561526133)	(98.0, 9.717154681069218e-05)	(99.0, 3.1040910786748884e-05)	(100.0, 3.239051560356406e-05)
SRR19077170_2	(0.0, 0.17407911900147044)	(1.0, 0.13089238672656783)	(2.0, 0.06676892552750396)	(3.0, 0.03701488291212713)	(4.0, 0.024687397451101874)	(5.0, 0.019484290643735778)	(6.0, 0.017168496027317837)	(7.0, 0.01581198622866929)	(8.0, 0.015214797651973413)	(9.0, 0.015158051226133533)	(10.0, 0.015159402331510675)	(11.0, 0.015266139656304733)	(12.0, 0.015124273591705033)	(13.0, 0.01547015656825287)	(14.0, 0.016261904319256903)	(15.0, 0.017394130625300215)	(16.0, 0.019482939538358637)	(17.0, 0.022245950034609916)	(18.0, 0.02659786045437782)	(19.0, 0.03267243022999921)	(20.0, 0.041492446131969056)	(21.0, 0.054229316522267736)	(22.0, 0.07065200238140429)	(23.0, 0.09283715267404291)	(24.0, 0.11941339544238648)	(25.0, 0.14981056421728195)	(26.0, 0.18855080869601687)	(27.0, 0.2316537724375368)	(28.0, 0.271999130104314)	(29.0, 0.3148318727704059)	(30.0, 0.3649686911053166)	(31.0, 0.429184027470026)	(32.0, 0.5457722615688128)	(33.0, 0.7436754216853927)	(34.0, 0.9013967078858293)	(35.0, 1.0646223973927342)	(36.0, 1.6420388979995426)	(37.0, 2.076321997162895)	(38.0, 2.44526428918238)	(39.0, 2.544744826995821)	(40.0, 2.3123128178610513)	(41.0, 2.371154808140875)	(42.0, 2.5840660467867256)	(43.0, 2.787903261719704)	(44.0, 3.073072967040379)	(45.0, 3.2208622776134592)	(46.0, 3.487163796342374)	(47.0, 4.1844517171144195)	(48.0, 4.791880321463638)	(49.0, 4.976176499327042)	(50.0, 4.8803074661866965)	(51.0, 4.819829287295156)	(52.0, 4.021177387813937)	(53.0, 3.0008374691569664)	(54.0, 2.7274750737271183)	(55.0, 3.3105824301824405)	(56.0, 3.6574625224986064)	(57.0, 3.15995850052812)	(58.0, 2.714597688377597)	(59.0, 2.2872930484871725)	(60.0, 1.8632688924524445)	(61.0, 1.8967425281710877)	(62.0, 2.2064118272954416)	(63.0, 1.818858058705853)	(64.0, 1.0531204373171414)	(65.0, 0.8369854612414346)	(66.0, 0.856331939136702)	(67.0, 0.6824230594127513)	(68.0, 0.5619085130879956)	(69.0, 0.6939101573291955)	(70.0, 0.7286835564206473)	(71.0, 0.5574201410251366)	(72.0, 0.35491781820477225)	(73.0, 0.2760848727647853)	(74.0, 0.2509151306940445)	(75.0, 0.22864891407877744)	(76.0, 0.2525391593573667)	(77.0, 0.3111122796671395)	(78.0, 0.23989281302733645)	(79.0, 0.10719670062228671)	(80.0, 0.08179051511054636)	(81.0, 0.08542769078580721)	(82.0, 0.10184632332881234)	(83.0, 0.09372888222295529)	(84.0, 0.06067949359273403)	(85.0, 0.05180002905417003)	(86.0, 0.04854386509526266)	(87.0, 0.03768773338994285)	(88.0, 0.03193202448332649)	(89.0, 0.029862131045548034)	(90.0, 0.019630210024466896)	(91.0, 0.012416658415916496)	(92.0, 0.008995659600998046)	(93.0, 0.006217786945598228)	(94.0, 0.005884063917444651)	(95.0, 0.006127262885329849)	(96.0, 0.006793357836259863)	(97.0, 0.007601318851789577)	(98.0, 0.008856495747152625)	(99.0, 0.012593653220321837)	(100.0, 0.1302316961971464)
