Sample	0	1	2	3	4	5	6	7	8	9	10	11	12	13	14	15	16	17	18	19	20	21	22	23	24	25	26	27	28	29	30	31	32	33	34	35	36	37	38	39	40	41	42	43	44	45	46	47	48	49	50	51	52	53	54
SRR19077097_1	(1, 0.025460019941268137)	(2, 0.020128457778512424)	(3, 0.0)	(4, 5.571120337257797e-06)	(5, 5.0140083035320174e-05)	(6, 8.356680505886696e-05)	(7, 0.0)	(8, 0.0)	(9, 0.0)	(10, 0.0)	(12, 0.0)	(14, 5.571120337257797e-06)	(16, 0.0012228609140280866)	(18, 0.0)	(20, 0.0017270473045499174)	(22, 0.0)	(24, 0.0)	(26, 0.0)	(28, 0.0)	(30, 0.0)	(32, 2.7855601686288987e-06)	(34, 2.7855601686288987e-06)	(36, 0.0)	(38, 0.0)	(40, 4.735452286669128e-05)	(42, 0.0)	(44, 2.7855601686288985e-05)	(46, 8.356680505886697e-06)	(48, 1.1142240674515595e-05)	(50, 5.571120337257797e-06)	(52, 2.7855601686288987e-06)	(54, 8.356680505886697e-06)	(56, 5.571120337257797e-06)	(58, 1.3927800843144492e-05)	(60, 3.064116185491789e-05)	(62, 0.0002033458923099096)	(64, 0.00012256464741967156)	(66, 0.0002729848965256321)	(68, 2.7855601686288985e-05)	(70, 5.571120337257797e-06)	(72, 2.7855601686288987e-06)	(74, 0.0)	(76, 1.6713361011773394e-05)	(78, 1.1142240674515595e-05)	(80, 5.571120337257797e-06)	(82, 0.0)	(84, 0.0)	(86, 0.0)	(88, 0.0)	(90, 0.00013370688809418715)	(92, 0.0)	(94, 1.3927800843144492e-05)	(96, 2.7855601686288987e-06)	(98, 0.0)	(100, 0.0)
SRR19077097_2	(1, 0.02617312334443713)	(2, 0.023922390728184983)	(3, 0.0013036421589183247)	(4, 0.000523685311702233)	(5, 0.00044568962698062376)	(6, 0.0008802370132867319)	(7, 0.0013704956029654183)	(8, 0.00035655170158449903)	(9, 7.799568472160917e-05)	(10, 0.0001949892118040229)	(12, 0.0008300969302514118)	(14, 3.064116185491789e-05)	(16, 0.0017549029062362063)	(18, 0.002362155022997306)	(20, 0.0017716162672479798)	(22, 0.0019359643171970847)	(24, 0.007746642828956968)	(26, 0.00467974108329655)	(28, 0.0017214761842126594)	(30, 0.0020529578442794985)	(32, 0.0005933243159179554)	(34, 0.004610102079080827)	(36, 9.192348556475365e-05)	(38, 0.0001838469711295073)	(40, 0.0)	(42, 0.0009303770963220521)	(44, 0.003208965314260491)	(46, 0.005247995357696845)	(48, 0.0008078124489023806)	(50, 0.001130937428463333)	(52, 0.006498711873411222)	(54, 0.004518178593516073)	(56, 0.010264789221397492)	(58, 0.003097542907515335)	(60, 0.0009220204158161655)	(62, 0.00013370688809418715)	(64, 0.0007381734446866582)	(66, 0.0002729848965256321)	(68, 0.0019693910392206315)	(70, 0.00260449875766802)	(72, 0.0027047789237386608)	(74, 0.0028134157703151876)	(76, 0.002949908218578004)	(78, 0.0032702476379703267)	(80, 0.0033259588413429055)	(82, 0.0022507326162521505)	(84, 0.00093594821665931)	(86, 0.0005041863905218307)	(88, 0.0017688307070793507)	(90, 0.00016713361011773392)	(92, 0.0021838791722050568)	(94, 0.002498647471260122)	(96, 0.0028189868906524458)	(98, 0.002752133446605352)	(100, 0.0027437767660994654)
SRR19077098_1	(1, 0.021403080431445967)	(2, 0.02890571410388594)	(3, 0.0)	(4, 0.0)	(5, 0.0)	(6, 0.0)	(7, 0.0)	(8, 0.0)	(9, 0.0)	(10, 5.636839723846713e-06)	(12, 0.0)	(14, 2.8184198619233565e-06)	(16, 0.0017079624363255537)	(18, 0.0)	(20, 0.0008511627983008536)	(22, 2.8184198619233565e-06)	(24, 0.0)	(26, 5.636839723846713e-06)	(28, 0.0)	(30, 0.0)	(32, 1.409209930961678e-05)	(34, 5.636839723846713e-06)	(36, 0.0)	(38, 0.0)	(40, 2.818419861923356e-05)	(42, 0.0)	(44, 4.2276297928850345e-05)	(46, 2.2547358895386852e-05)	(48, 6.200523696231384e-05)	(50, 2.8184198619233565e-06)	(52, 2.2547358895386852e-05)	(54, 1.1273679447693426e-05)	(56, 3.663945820500363e-05)	(58, 3.945787806692699e-05)	(60, 2.8184198619233565e-06)	(62, 0.00012401047392462768)	(64, 0.00010709995475308753)	(66, 0.00011273679447693425)	(68, 3.100261848115692e-05)	(70, 5.636839723846713e-06)	(72, 2.2547358895386852e-05)	(74, 0.00016910519171540138)	(76, 5.3549977376543765e-05)	(78, 3.382103834308027e-05)	(80, 1.6910519171540135e-05)	(82, 0.0)	(84, 3.382103834308027e-05)	(86, 1.409209930961678e-05)	(88, 0.0)	(90, 4.5094717790773704e-05)	(92, 0.0)	(94, 5.636839723846713e-06)	(96, 0.0)	(98, 1.409209930961678e-05)	(100, 8.455259585770068e-06)
SRR19077098_2	(1, 0.020309533525019706)	(2, 0.021403080431445967)	(3, 0.0009526259133300944)	(4, 0.00019165255061078822)	(5, 0.00016910519171540138)	(6, 0.0007891575613385397)	(7, 0.0009469890736062476)	(8, 0.00035512090260234286)	(9, 2.2547358895386852e-05)	(10, 0.000205744649920405)	(12, 0.0006425997285185252)	(14, 8.455259585770068e-06)	(16, 0.0010399969290497185)	(18, 0.0015332204048863058)	(20, 0.0009695364325016346)	(22, 0.0012682889378655103)	(24, 0.007026320715774928)	(26, 0.005016787354223574)	(28, 0.0015332204048863058)	(30, 0.0015557677637816926)	(32, 0.00022829200881579185)	(34, 0.0029706145344672173)	(36, 5.9186817100390474e-05)	(38, 0.0002311104286777152)	(40, 0.0)	(42, 0.0008173417599577733)	(44, 0.0015360388247482291)	(46, 0.0031481749857683885)	(48, 0.00018037887116309481)	(50, 0.0005270445141796677)	(52, 0.0048674111015416365)	(54, 0.0036188511027095897)	(56, 0.009219051368351298)	(58, 0.00202362546086097)	(60, 0.00020292623005848163)	(62, 5.9186817100390474e-05)	(64, 0.0007835207216146929)	(66, 4.2276297928850345e-05)	(68, 0.0014909441069574554)	(70, 0.0018150623910786416)	(72, 0.0017079624363255537)	(74, 0.0016854150774301669)	(76, 0.0017699676732878676)	(78, 0.002079993858099437)	(80, 0.002333651645672539)	(82, 0.0013894809919282147)	(84, 0.00046503927721735377)	(86, 0.0002649314670207955)	(88, 0.0013556599535851344)	(90, 1.9728939033463494e-05)	(92, 0.0011386416242170358)	(94, 0.001431757289857065)	(96, 0.0015304019850243826)	(98, 0.0015388572446101523)	(100, 0.0017474203143924808)
SRR19077099_1	(1, 0.0257593862083774)	(2, 0.025237488369133868)	(3, 0.0)	(4, 0.0)	(5, 9.940911223686407e-05)	(6, 0.00011183525126647208)	(7, 0.0)	(8, 0.0)	(9, 0.0)	(10, 6.2130695148040045e-06)	(12, 0.0)	(14, 0.0)	(16, 0.001217761624901585)	(18, 0.0)	(20, 0.0013855145018012932)	(22, 0.0)	(24, 0.0)	(26, 0.0)	(28, 0.0)	(30, 0.0)	(32, 1.2426139029608009e-05)	(34, 0.0)	(36, 0.0)	(38, 0.0)	(40, 9.319604272206008e-05)	(42, 0.0)	(44, 3.7278417088824034e-05)	(46, 0.0)	(48, 6.2130695148040045e-06)	(50, 0.0)	(52, 6.2130695148040045e-06)	(54, 1.2426139029608009e-05)	(56, 1.2426139029608009e-05)	(58, 6.2130695148040045e-06)	(60, 2.4852278059216018e-05)	(62, 0.00014911366835529614)	(64, 8.076990369245207e-05)	(66, 0.0003292926842846123)	(68, 6.2130695148040045e-06)	(70, 6.2130695148040045e-06)	(72, 0.0)	(74, 0.0)	(76, 1.8639208544412017e-05)	(78, 0.0)	(80, 6.2130695148040045e-06)	(82, 0.0)	(84, 0.0)	(86, 0.0)	(88, 0.0)	(90, 0.00018017901592931615)	(92, 0.0)	(94, 2.4852278059216018e-05)	(96, 0.0)	(98, 0.0)	(100, 0.0)
SRR19077099_2	(1, 0.027188392196782325)	(2, 0.03234523989406965)	(3, 0.0014041537103457052)	(4, 0.0005094717002139283)	(5, 0.00047219328312510434)	(6, 0.0008076990369245206)	(7, 0.0012674661810200172)	(8, 0.0003230796147698083)	(9, 7.455683417764807e-05)	(10, 0.00016153980738490415)	(12, 0.0007517814112912846)	(14, 2.4852278059216018e-05)	(16, 0.0017210202556007092)	(18, 0.0021372959130925777)	(20, 0.0017769378812339453)	(22, 0.0017707248117191413)	(24, 0.007958942048463931)	(26, 0.0043305094518183915)	(28, 0.0017458725336599254)	(30, 0.0018204293678375733)	(32, 0.0005964546734211845)	(34, 0.004144117366374271)	(36, 0.00011183525126647208)	(38, 0.00019881822447372815)	(40, 0.0)	(42, 0.0008139121064393246)	(44, 0.0027896682121469982)	(46, 0.004634949858043788)	(48, 0.0007952728978949126)	(50, 0.001161843999268349)	(52, 0.006039103568389493)	(54, 0.006157151889170769)	(56, 0.009630257747946208)	(58, 0.0029015034634134705)	(60, 0.0009195342881909926)	(62, 0.00014911366835529614)	(64, 0.0007393552722616767)	(66, 0.0002920142671957883)	(68, 0.0020813782874593415)	(70, 0.00237339255465513)	(72, 0.0024665885973771903)	(74, 0.0027772420731173903)	(76, 0.0027648159340877823)	(78, 0.0029201426719578823)	(80, 0.003069256340313178)	(82, 0.0021497220521221857)	(84, 0.0008014859674097166)	(86, 0.0004970455611843204)	(88, 0.0016526764909378653)	(90, 0.00016153980738490415)	(92, 0.002472801666891994)	(94, 0.002398244832714346)	(96, 0.00259084998767327)	(98, 0.002578423848643662)	(100, 0.0027026852389397424)
SRR19077100_1	(1, 0.021220365759217253)	(2, 0.039132850973615345)	(3, 0.0)	(4, 0.0)	(5, 0.0)	(6, 0.0)	(7, 0.0)	(8, 0.0)	(9, 0.0)	(10, 0.0)	(12, 0.0)	(14, 0.0)	(16, 0.0017038705447842088)	(18, 0.0)	(20, 0.0005804394163550602)	(22, 0.0)	(24, 0.0)	(26, 6.241284046828604e-06)	(28, 0.0)	(30, 0.0)	(32, 1.2482568093657208e-05)	(34, 1.2482568093657208e-05)	(36, 0.0)	(38, 0.0)	(40, 1.2482568093657208e-05)	(42, 0.0)	(44, 5.617155642145744e-05)	(46, 1.8723852140485812e-05)	(48, 4.993027237462883e-05)	(50, 0.0)	(52, 1.8723852140485812e-05)	(54, 1.8723852140485812e-05)	(56, 3.120642023414302e-05)	(58, 3.7447704280971625e-05)	(60, 6.241284046828604e-06)	(62, 8.113669260877185e-05)	(64, 8.113669260877185e-05)	(66, 6.241284046828604e-05)	(68, 3.7447704280971625e-05)	(70, 6.241284046828604e-06)	(72, 1.8723852140485812e-05)	(74, 0.00018723852140485812)	(76, 4.368898832780023e-05)	(78, 5.617155642145744e-05)	(80, 3.120642023414302e-05)	(82, 0.0)	(84, 5.617155642145744e-05)	(86, 1.8723852140485812e-05)	(88, 0.0)	(90, 2.4965136187314415e-05)	(92, 0.0)	(94, 0.0)	(96, 0.0)	(98, 2.4965136187314415e-05)	(100, 1.8723852140485812e-05)
SRR19077100_2	(1, 0.02169470334677623)	(2, 0.0307445652146777)	(3, 0.0012857045136466924)	(4, 0.0002122036575921725)	(5, 0.0001248256809365721)	(6, 0.0006865412451511465)	(7, 0.0007614366537130896)	(8, 0.0002621339299668014)	(9, 3.7447704280971625e-05)	(10, 0.00020596237354534393)	(12, 0.0005117852918399455)	(14, 1.2482568093657208e-05)	(16, 0.0008675384825091759)	(18, 0.00138556505839595)	(20, 0.0009549164591647763)	(22, 0.0011047072762886629)	(24, 0.007352232607164095)	(26, 0.004137971323047364)	(28, 0.0016102512840817798)	(30, 0.0015041494552856937)	(32, 0.0002496513618731442)	(34, 0.002802336537026043)	(36, 9.986054474925766e-05)	(38, 0.0003370293385287446)	(40, 0.0)	(42, 0.0008051256420408899)	(44, 0.0012732219455530351)	(46, 0.002552685175152899)	(48, 0.0002496513618731442)	(50, 0.0004431311673248309)	(52, 0.00482451256819851)	(54, 0.004699686887261939)	(56, 0.008918794902918074)	(58, 0.0017350769650183518)	(60, 0.0001310669649834007)	(62, 9.986054474925766e-05)	(64, 0.0008238494941813757)	(66, 0.00011234311284291488)	(68, 0.0016164925681286081)	(70, 0.0017038705447842088)	(72, 0.0016601815564564087)	(74, 0.0016664228405032374)	(76, 0.0016726641245500657)	(78, 0.0018848677821422383)	(80, 0.002109554007828068)	(82, 0.0014729430350515506)	(84, 0.00041192474709068785)	(86, 0.00038695961090337344)	(88, 0.0012295329572252348)	(90, 4.993027237462883e-05)	(92, 0.0012357742412720636)	(94, 0.0013605999222086355)	(96, 0.0014542191829110646)	(98, 0.001416771478630093)	(100, 0.0015790448638476368)
SRR19077101_1	(1, 0.025381666406261865)	(2, 0.01929977530290349)	(3, 0.0)	(4, 6.934881531765537e-06)	(5, 5.5479052254124295e-05)	(6, 7.628369684942091e-05)	(7, 0.0)	(8, 0.0)	(9, 0.0)	(10, 0.0)	(12, 0.0)	(14, 6.934881531765537e-06)	(16, 0.0012760182018448588)	(18, 0.0)	(20, 0.001726785501409619)	(22, 0.0)	(24, 0.0)	(26, 0.0)	(28, 0.0)	(30, 0.0)	(32, 1.3869763063531074e-05)	(34, 0.0)	(36, 0.0)	(38, 0.0)	(40, 4.8544170722358764e-05)	(42, 0.0)	(44, 2.7739526127062147e-05)	(46, 3.4674407658827684e-06)	(48, 1.0402322297648305e-05)	(50, 3.4674407658827684e-06)	(52, 1.0402322297648305e-05)	(54, 1.3869763063531074e-05)	(56, 1.0402322297648305e-05)	(58, 4.160928919059322e-05)	(60, 4.160928919059322e-05)	(62, 0.00022538364978237993)	(64, 0.00015603483446472458)	(66, 0.00029819990586591805)	(68, 3.120696689294492e-05)	(70, 1.0402322297648305e-05)	(72, 1.0402322297648305e-05)	(74, 6.934881531765537e-06)	(76, 1.3869763063531074e-05)	(78, 1.3869763063531074e-05)	(80, 1.0402322297648305e-05)	(82, 3.4674407658827684e-06)	(84, 3.4674407658827684e-06)	(86, 0.0)	(88, 0.0)	(90, 0.0001976441236553178)	(92, 0.0)	(94, 3.467440765882768e-05)	(96, 6.934881531765537e-06)	(98, 3.4674407658827684e-06)	(100, 3.4674407658827684e-06)
SRR19077101_2	(1, 0.026109828967097244)	(2, 0.02237192782147562)	(3, 0.0010541019928283616)	(4, 0.00042302777343769776)	(5, 0.0004299626549694633)	(6, 0.0007559020869624436)	(7, 0.001317627491035452)	(8, 0.000374483602715339)	(9, 9.015345991295198e-05)	(10, 0.00015950227523060735)	(12, 0.0008460555468753955)	(14, 3.814184842471046e-05)	(16, 0.0017337203829413841)	(18, 0.002333587635439103)	(20, 0.0017094482975802047)	(22, 0.0019591040327237644)	(24, 0.007631837125707973)	(26, 0.004563152047901723)	(28, 0.0016331646007307838)	(30, 0.0020908667818273093)	(32, 0.00048197426645770484)	(34, 0.004549282284838192)	(36, 0.00010402322297648304)	(38, 0.00019417668288943506)	(40, 6.934881531765537e-06)	(42, 0.0009015345991295197)	(44, 0.0031935129453780292)	(46, 0.005145682096570028)	(48, 0.0008599253099389266)	(50, 0.001061036874360127)	(52, 0.006418232857649005)	(54, 0.004199070767484033)	(56, 0.010038241017230614)	(58, 0.0030617501962744843)	(60, 0.0009327415660224647)	(62, 0.00010055578221060029)	(64, 0.0007246951200694985)	(66, 0.0002669929389729732)	(68, 0.001934831947362585)	(70, 0.002454948062245)	(72, 0.002558971285221483)	(74, 0.0027462130865791527)	(76, 0.002898780480277994)	(78, 0.0032489919976321545)	(80, 0.0032871338460568646)	(82, 0.002337055076204986)	(84, 0.0009396764475542302)	(86, 0.00048544170722358756)	(88, 0.0017961343167272742)	(90, 0.0001421650714011935)	(92, 0.0020284528480414197)	(94, 0.002500024792201476)	(96, 0.002683799152793263)	(98, 0.0027288758827497387)	(100, 0.0026456573043685525)
SRR19077102_1	(1, 0.02114472093093829)	(2, 0.028402730298105604)	(3, 0.0)	(4, 0.0)	(5, 0.0)	(6, 0.0)	(7, 0.0)	(8, 0.0)	(9, 0.0)	(10, 0.0)	(12, 0.0)	(14, 0.0)	(16, 0.0017096178133645544)	(18, 0.0)	(20, 0.0008460685293133377)	(22, 3.496150947575776e-06)	(24, 0.0)	(26, 3.496150947575776e-06)	(28, 0.0)	(30, 0.0)	(32, 6.992301895151552e-06)	(34, 3.496150947575776e-06)	(36, 0.0)	(38, 0.0)	(40, 3.146535852818198e-05)	(42, 0.0)	(44, 3.496150947575776e-05)	(46, 2.7969207580606207e-05)	(48, 6.992301895151552e-05)	(50, 3.496150947575776e-06)	(52, 1.748075473787888e-05)	(54, 1.3984603790303103e-05)	(56, 3.8457660423333535e-05)	(58, 4.894611326606086e-05)	(60, 3.496150947575776e-06)	(62, 9.439607558454596e-05)	(64, 0.0001013883774796975)	(66, 9.789222653212172e-05)	(68, 3.496150947575776e-05)	(70, 3.496150947575776e-06)	(72, 2.447305663303043e-05)	(74, 0.00013285373600787948)	(76, 3.496150947575776e-05)	(78, 4.544996231848509e-05)	(80, 3.146535852818198e-05)	(82, 0.0)	(84, 3.146535852818198e-05)	(86, 1.0488452842727328e-05)	(88, 0.0)	(90, 3.8457660423333535e-05)	(92, 0.0)	(94, 3.496150947575776e-06)	(96, 0.0)	(98, 2.0976905685454656e-05)	(100, 1.3984603790303103e-05)
SRR19077102_2	(1, 0.020886005760817686)	(2, 0.020515413760374652)	(3, 0.0008320839255230346)	(4, 0.00023773826443515276)	(5, 0.00011886913221757638)	(6, 0.0007271993970957614)	(7, 0.000950953057740611)	(8, 0.00037059200044303227)	(9, 4.195381137090931e-05)	(10, 0.00024123441538272854)	(12, 0.0006502840762490943)	(14, 1.0488452842727328e-05)	(16, 0.0009439607558454594)	(18, 0.0014089488318730376)	(20, 0.0009439607558454594)	(22, 0.0011991797750184913)	(24, 0.006939859630937915)	(26, 0.0048072075529166924)	(28, 0.001325041209131219)	(30, 0.0014683833979818259)	(32, 0.00024123441538272854)	(34, 0.0030556359281812277)	(36, 7.341916989909129e-05)	(38, 0.00020976905685454655)	(40, 0.0)	(42, 0.0008390762274181862)	(44, 0.0016257101906227357)	(46, 0.003122062796185168)	(48, 0.00019928060401181921)	(50, 0.0005069418873984875)	(52, 0.004765253741545783)	(54, 0.003419235626729109)	(56, 0.009222846199704897)	(58, 0.001999798342013344)	(60, 0.00019928060401181921)	(62, 6.642686800393974e-05)	(64, 0.0007936262650997011)	(66, 7.691532084666707e-05)	(68, 0.0013600027186069768)	(70, 0.0017061216624169786)	(72, 0.0015348102659857655)	(74, 0.0015522910207236443)	(76, 0.0017061216624169786)	(78, 0.0019543483796948587)	(80, 0.002310955776347588)	(82, 0.0014299257375584924)	(84, 0.00048596498171303283)	(86, 0.00034262279286242605)	(88, 0.0013075604543933402)	(90, 1.748075473787888e-05)	(92, 0.0010977913975387936)	(94, 0.0013774834733448556)	(96, 0.0015208256621954625)	(98, 0.0015313141150381897)	(100, 0.0016327024925178873)
SRR19077103_1	(1, 0.026016515808308816)	(2, 0.019457086871681573)	(3, 0.0)	(4, 0.0)	(5, 4.253844965387314e-05)	(6, 7.231536441158434e-05)	(7, 0.0)	(8, 0.0)	(9, 0.0)	(10, 2.126922482693657e-06)	(12, 0.0)	(14, 1.0634612413468285e-05)	(16, 0.0012612650322373386)	(18, 0.0)	(20, 0.0015803034046413872)	(22, 0.0)	(24, 0.0)	(26, 0.0)	(28, 0.0)	(30, 0.0)	(32, 4.253844965387314e-06)	(34, 0.0)	(36, 0.0)	(38, 0.0)	(40, 4.4665372136566795e-05)	(42, 0.0)	(44, 4.6792294619260454e-05)	(46, 0.0)	(48, 0.0)	(50, 2.126922482693657e-06)	(52, 4.253844965387314e-06)	(54, 1.2761534896161942e-05)	(56, 4.253844965387314e-06)	(58, 1.48884573788556e-05)	(60, 3.615768220579217e-05)	(62, 0.00022545378316552765)	(64, 0.000148884573788556)	(66, 0.0002679922328194008)	(68, 4.041152717117949e-05)	(70, 6.380767448080971e-06)	(72, 4.253844965387314e-06)	(74, 0.0)	(76, 2.7649992275017543e-05)	(78, 1.0634612413468285e-05)	(80, 6.380767448080971e-06)	(82, 0.0)	(84, 0.0)	(86, 0.0)	(88, 0.0)	(90, 0.0001339961164097004)	(92, 0.0)	(94, 1.7015379861549255e-05)	(96, 0.0)	(98, 0.0)	(100, 0.0)
SRR19077103_2	(1, 0.02557836977687392)	(2, 0.022345447603179563)	(3, 0.001284661179546969)	(4, 0.0004721767911579919)	(5, 0.00040411527171179486)	(6, 0.0008635305279736248)	(7, 0.0013697380788547152)	(8, 0.00037859220191947097)	(9, 8.933074427313359e-05)	(10, 0.00017866148854626718)	(12, 0.0008252459232851389)	(14, 3.1903837240404856e-05)	(16, 0.001822772567668464)	(18, 0.0023630108782726534)	(20, 0.0017993764203588338)	(22, 0.001997180211249344)	(24, 0.007603747875629824)	(26, 0.004689864074339514)	(28, 0.0017632187381530417)	(30, 0.0021673340098648363)	(32, 0.0005253498532253333)	(34, 0.004521837198206715)	(36, 8.507689930774628e-05)	(38, 0.0001744076435808799)	(40, 0.0)	(42, 0.0009294651249371282)	(44, 0.0031861298790750985)	(46, 0.005153533175566731)	(48, 0.000806103620940896)	(50, 0.0011442842956891875)	(52, 0.006523271254421447)	(54, 0.0044963141284143915)	(56, 0.010251766366583428)	(58, 0.003169114499213549)	(60, 0.0009464805047986774)	(62, 9.145766675582726e-05)	(64, 0.0007529305588735546)	(66, 0.00024672300799246424)	(68, 0.002022703281041668)	(70, 0.002724587700330575)	(72, 0.0027586184600536735)	(74, 0.002898995343911455)	(76, 0.003045752995217317)	(78, 0.0033477759877598165)	(80, 0.003479645181686823)	(82, 0.0023608839557899596)	(84, 0.0009060689776274978)	(86, 0.0005274767757080269)	(88, 0.001792995652910753)	(90, 0.00014463072882316868)	(92, 0.0021928570796571605)	(94, 0.002654399258401684)	(96, 0.0028777261190845184)	(98, 0.0028202992120517894)	(100, 0.0028628376617056625)
SRR19077104_1	(1, 0.02128459831860694)	(2, 0.029398948716961838)	(3, 0.0)	(4, 0.0)	(5, 0.0)	(6, 0.0)	(7, 0.0)	(8, 0.0)	(9, 0.0)	(10, 0.0)	(12, 0.0)	(14, 0.0)	(16, 0.0018299170300154503)	(18, 0.0)	(20, 0.0008075690179410908)	(22, 0.0)	(24, 0.0)	(26, 2.147789941332688e-06)	(28, 0.0)	(30, 0.0)	(32, 1.5034529589328817e-05)	(34, 8.591159765330752e-06)	(36, 0.0)	(38, 0.0)	(40, 1.7182319530661505e-05)	(42, 0.0)	(44, 6.013811835731527e-05)	(46, 1.7182319530661505e-05)	(48, 4.0808008885321074e-05)	(50, 2.147789941332688e-06)	(52, 8.591159765330752e-06)	(54, 1.9330109471994193e-05)	(56, 1.9330109471994193e-05)	(58, 3.221684911999032e-05)	(60, 2.147789941332688e-06)	(62, 0.0001267196065386286)	(64, 0.00012027623671463053)	(66, 0.00010094612724263635)	(68, 2.5773479295992257e-05)	(70, 2.147789941332688e-06)	(72, 1.5034529589328817e-05)	(74, 0.00014175413612795742)	(76, 3.221684911999032e-05)	(78, 4.295579882665376e-05)	(80, 1.2886739647996129e-05)	(82, 0.0)	(84, 2.5773479295992257e-05)	(86, 1.2886739647996129e-05)	(88, 0.0)	(90, 3.221684911999032e-05)	(92, 0.0)	(94, 2.147789941332688e-06)	(96, 0.0)	(98, 1.2886739647996129e-05)	(100, 0.0)
SRR19077104_2	(1, 0.02014197406981795)	(2, 0.021306076218020265)	(3, 0.0008934806155943983)	(4, 0.00019330109471994196)	(5, 0.00013745855624529204)	(6, 0.0006486325622824719)	(7, 0.000730248580053114)	(8, 0.0004295579882665376)	(9, 3.0069059178657634e-05)	(10, 0.00021048341425060346)	(12, 0.0005884944439251566)	(14, 2.147789941332688e-06)	(16, 0.000839785867061081)	(18, 0.0012564571156796227)	(20, 0.0008183079676477542)	(22, 0.001095372870079671)	(24, 0.006825676433555284)	(26, 0.00485830084729454)	(28, 0.00134236871333293)	(30, 0.0013273341837436012)	(32, 0.0002384046834879284)	(34, 0.002802865873439158)	(36, 4.0808008885321074e-05)	(38, 0.00021907457401593421)	(40, 0.0)	(42, 0.0007581698492904389)	(44, 0.0015141919086395451)	(46, 0.003150807843935054)	(48, 0.00020404004442660538)	(50, 0.0004295579882665376)	(52, 0.004585531524745289)	(54, 0.003616878261204247)	(56, 0.009143141780253253)	(58, 0.0018621338791354406)	(60, 0.00015678866571728622)	(62, 3.65124290026557e-05)	(64, 0.0007066228906984544)	(66, 6.228590829864796e-05)	(68, 0.0013466642932155955)	(70, 0.0015013051689915491)	(72, 0.0014368714707515683)	(74, 0.0014368714707515683)	(76, 0.001557147707466199)	(78, 0.0017525965921274737)	(80, 0.002081208453151375)	(82, 0.001260752695562288)	(84, 0.0004939916865065183)	(86, 0.0002598825829012553)	(88, 0.0011898756274983094)	(90, 1.7182319530661505e-05)	(92, 0.0010094612724263633)	(94, 0.0012177968967356343)	(96, 0.0013187430239782706)	(98, 0.0012972651245649438)	(100, 0.0014712361098128913)
SRR19077105_1	(1, 0.025721068965068997)	(2, 0.019626432905408903)	(3, 0.0)	(4, 7.10330543083927e-06)	(5, 4.972313801587489e-05)	(6, 6.392974887755344e-05)	(7, 0.0)	(8, 0.0)	(9, 0.0)	(10, 3.551652715419635e-06)	(12, 0.0)	(14, 3.551652715419635e-06)	(16, 0.0011791487015193189)	(18, 0.0)	(20, 0.0015804854583617376)	(22, 0.0)	(24, 0.0)	(26, 0.0)	(28, 0.0)	(30, 0.0)	(32, 1.420661086167854e-05)	(34, 3.551652715419635e-06)	(36, 0.0)	(38, 0.0)	(40, 4.261983258503562e-05)	(42, 0.0)	(44, 2.4861569007937445e-05)	(46, 0.0)	(48, 0.0)	(50, 0.0)	(52, 7.10330543083927e-06)	(54, 1.0654958146258906e-05)	(56, 1.0654958146258906e-05)	(58, 1.7758263577098175e-05)	(60, 3.9068179869615986e-05)	(62, 0.0002202024683560174)	(64, 0.00012785949775510688)	(66, 0.00026637395365647267)	(68, 1.7758263577098175e-05)	(70, 3.551652715419635e-06)	(72, 7.10330543083927e-06)	(74, 0.0)	(76, 1.420661086167854e-05)	(78, 7.10330543083927e-06)	(80, 3.551652715419635e-06)	(82, 0.0)	(84, 0.0)	(86, 0.0)	(88, 0.0)	(90, 0.00014561776133220505)	(92, 0.0)	(94, 1.7758263577098175e-05)	(96, 0.0)	(98, 0.0)	(100, 0.0)
SRR19077105_2	(1, 0.025692655743345644)	(2, 0.02298629637419588)	(3, 0.0010868057309184084)	(4, 0.0005114379910204275)	(5, 0.00036226857697280277)	(6, 0.0008808098734240696)	(7, 0.0013709379481519793)	(8, 0.0003551652715419635)	(9, 0.00010654958146258906)	(10, 0.00019889255206349956)	(12, 0.0008204317772619358)	(14, 3.196487443877672e-05)	(16, 0.0016870350398243267)	(18, 0.002344090792176959)	(20, 0.0017296548724093624)	(22, 0.0019427540353345405)	(24, 0.007493987229535429)	(26, 0.004602941919183847)	(28, 0.001644415207239291)	(30, 0.0019995804787812546)	(32, 0.0006144359197675969)	(34, 0.0044360142415591245)	(36, 9.234297060091052e-05)	(38, 0.0001917892466326603)	(40, 0.0)	(42, 0.0009305330114399444)	(44, 0.0030863862096996634)	(46, 0.005054001814042141)	(48, 0.0008452933462698732)	(50, 0.0011223222580726048)	(52, 0.006247357126423138)	(54, 0.004418255977982026)	(56, 0.010026315615629632)	(58, 0.0030508696825454667)	(60, 0.0008879131788549087)	(62, 9.234297060091052e-05)	(64, 0.0007280888066610252)	(66, 0.0002486156900793745)	(68, 0.0017900329685714962)	(70, 0.0024755019426474854)	(72, 0.002503915164370843)	(74, 0.002717014327296021)	(76, 0.0028200122560431903)	(78, 0.003136109347715538)	(80, 0.003228452318316449)	(82, 0.0022020246835601737)	(84, 0.0008808098734240696)	(86, 0.0004901280747279097)	(88, 0.0018291011484411121)	(90, 0.00015272106676304432)	(92, 0.002052855269512549)	(94, 0.0023618490557540573)	(96, 0.0025856031768254945)	(98, 0.0025607416078175568)	(100, 0.0025856031768254945)
SRR19077106_1	(1, 0.021177751591400087)	(2, 0.028918136762208436)	(3, 0.0)	(4, 0.0)	(5, 0.0)	(6, 0.0)	(7, 0.0)	(8, 0.0)	(9, 0.0)	(10, 3.610254277429268e-06)	(12, 0.0)	(14, 0.0)	(16, 0.0017004297646691852)	(18, 0.0)	(20, 0.0008989533150798878)	(22, 0.0)	(24, 0.0)	(26, 3.610254277429268e-06)	(28, 0.0)	(30, 0.0)	(32, 2.8882034219434143e-05)	(34, 7.220508554858536e-06)	(36, 0.0)	(38, 0.0)	(40, 3.249228849686341e-05)	(42, 0.0)	(44, 3.971279705172194e-05)	(46, 2.8882034219434143e-05)	(48, 6.137432271629756e-05)	(50, 7.220508554858536e-06)	(52, 1.4441017109717071e-05)	(54, 1.4441017109717071e-05)	(56, 2.5271779942004873e-05)	(58, 3.971279705172194e-05)	(60, 3.610254277429268e-06)	(62, 0.00011191788260030731)	(64, 0.00012635889971002436)	(66, 0.00011913839115516584)	(68, 1.0830762832287804e-05)	(70, 3.610254277429268e-06)	(72, 1.4441017109717071e-05)	(74, 0.00016968195103917558)	(76, 5.0543559884009747e-05)	(78, 5.0543559884009747e-05)	(80, 1.805127138714634e-05)	(82, 0.0)	(84, 4.3323051329151214e-05)	(86, 2.1661525664575607e-05)	(88, 0.0)	(90, 3.610254277429268e-05)	(92, 0.0)	(94, 3.610254277429268e-06)	(96, 0.0)	(98, 7.220508554858536e-06)	(100, 7.220508554858536e-06)
SRR19077106_2	(1, 0.02041959819313994)	(2, 0.020535126330017677)	(3, 0.0008447995009184488)	(4, 0.00019495373098118047)	(5, 0.00011552813687773657)	(6, 0.0006859483127115609)	(7, 0.0009386661121316097)	(8, 0.0004115689876269365)	(9, 3.610254277429268e-05)	(10, 0.00020217423953603899)	(12, 0.0006534560242146975)	(14, 1.805127138714634e-05)	(16, 0.0009531071292413268)	(18, 0.0014765939994685704)	(20, 0.0008809020436927414)	(22, 0.0012166556914936632)	(24, 0.007079708638038794)	(26, 0.004819689460368072)	(28, 0.0014441017109717072)	(30, 0.0015126965422428632)	(32, 0.00020217423953603899)	(34, 0.003018172575930868)	(36, 6.137432271629756e-05)	(38, 0.00021300500236832683)	(40, 0.0)	(42, 0.0008772917894153121)	(44, 0.0015126965422428632)	(46, 0.00300734181309858)	(48, 0.00018412296814889268)	(50, 0.0004729433103432341)	(52, 0.004895504800194087)	(54, 0.003487505631996673)	(56, 0.009487748241084117)	(58, 0.0019603680726440927)	(60, 0.00016246144248431707)	(62, 7.581533982601464e-05)	(64, 0.000823137975253873)	(66, 5.0543559884009747e-05)	(68, 0.001389947896810268)	(70, 0.0017076502732240437)	(72, 0.001563240102126873)	(74, 0.0015704606106817314)	(76, 0.001736532307443478)	(78, 0.0018953834956503656)	(80, 0.0023213935003870193)	(82, 0.0015271375593525803)	(84, 0.0005054355988400975)	(86, 0.0002707690708071951)	(88, 0.0012780300142099608)	(90, 3.610254277429268e-05)	(92, 0.0009061738236347462)	(94, 0.0013682863711456925)	(96, 0.0014693734909137122)	(98, 0.0014368812024168486)	(100, 0.001682378493282039)
SRR19077107_1	(1, 0.025993788471481455)	(2, 0.018985902860623165)	(3, 0.0)	(4, 0.0)	(5, 5.680150444464672e-05)	(6, 6.390169250022755e-05)	(7, 0.0)	(8, 0.0)	(9, 0.0)	(10, 0.0)	(12, 0.0)	(14, 7.10018805558084e-06)	(16, 0.0013241850723658265)	(18, 0.0)	(20, 0.0017324458855617249)	(22, 0.0)	(24, 0.0)	(26, 0.0)	(28, 0.0)	(30, 0.0)	(32, 3.55009402779042e-06)	(34, 0.0)	(36, 0.0)	(38, 0.0)	(40, 6.390169250022755e-05)	(42, 0.0)	(44, 2.4850658194532942e-05)	(46, 3.55009402779042e-06)	(48, 0.0)	(50, 0.0)	(52, 3.55009402779042e-06)	(54, 1.420037611116168e-05)	(56, 1.065028208337126e-05)	(58, 2.130056416674252e-05)	(60, 2.130056416674252e-05)	(62, 0.0001420037611116168)	(64, 6.745178652801798e-05)	(66, 0.00031595836847334735)	(68, 1.420037611116168e-05)	(70, 7.10018805558084e-06)	(72, 0.0)	(74, 3.55009402779042e-06)	(76, 1.77504701389521e-05)	(78, 7.10018805558084e-06)	(80, 3.55009402779042e-06)	(82, 0.0)	(84, 0.0)	(86, 0.0)	(88, 0.0)	(90, 0.00016685441930614975)	(92, 0.0)	(94, 1.065028208337126e-05)	(96, 0.0)	(98, 0.0)	(100, 0.0)
SRR19077107_2	(1, 0.025738181701480546)	(2, 0.022216488425912447)	(3, 0.0011005291486150303)	(4, 0.0004331114713904312)	(5, 0.00046861241166833547)	(6, 0.0008094214383362158)	(7, 0.001242532909726647)	(8, 0.0002911077102788144)	(9, 6.390169250022755e-05)	(10, 0.0001455538551394072)	(12, 0.0007384195577804074)	(14, 1.77504701389521e-05)	(16, 0.001647243628894755)	(18, 0.002264959989730288)	(20, 0.0016862946632004495)	(22, 0.0019312511511179887)	(24, 0.0077143543223885825)	(26, 0.004409216782515701)	(28, 0.0015584912781999942)	(30, 0.0019809524675070546)	(32, 0.0004757125997239163)	(34, 0.004490868945154882)	(36, 6.745178652801798e-05)	(38, 0.0001952551715284731)	(40, 0.0)	(42, 0.0008697730368086529)	(44, 0.0031240827444555695)	(46, 0.005044683613490187)	(48, 0.0007810206861138924)	(50, 0.0010579280202815452)	(52, 0.006379518967939385)	(54, 0.004281413397515247)	(56, 0.010053866286702469)	(58, 0.0029643285132050006)	(60, 0.0009194743531977189)	(62, 9.230244472255092e-05)	(64, 0.0006780679593079703)	(66, 0.00022365592375079646)	(68, 0.0017892473900063717)	(70, 0.0024211641269530665)	(72, 0.002477965631397713)	(74, 0.0026306196745927014)	(76, 0.0028010241879266413)	(78, 0.0031027821802888274)	(80, 0.0031986347190391686)	(82, 0.0021123059465353)	(84, 0.0008058713443084253)	(86, 0.0004828127877794972)	(88, 0.0017288957915339346)	(90, 0.0001278033850004551)	(92, 0.0020555044420906532)	(94, 0.002460215161258761)	(96, 0.002627069580564911)	(98, 0.0026412699566760725)	(100, 0.002591568640287007)
SRR19077108_1	(1, 0.021145920715582554)	(2, 0.02838610009102658)	(3, 7.182717634369074e-06)	(4, 0.0)	(5, 0.0)	(6, 7.182717634369074e-06)	(7, 0.0)	(8, 0.0)	(9, 0.0)	(10, 0.0)	(12, 0.0)	(14, 0.0)	(16, 0.0016125201089158571)	(18, 0.0)	(20, 0.0008331952455868126)	(22, 0.0)	(24, 0.0)	(26, 0.0)	(28, 0.0)	(30, 0.0)	(32, 2.1548152903107223e-05)	(34, 1.0774076451553612e-05)	(36, 0.0)	(38, 0.0)	(40, 5.0279023440583524e-05)	(42, 0.0)	(44, 3.950494698902991e-05)	(46, 2.8730870537476297e-05)	(48, 5.387038225776805e-05)	(50, 3.591358817184537e-06)	(52, 1.4365435268738149e-05)	(54, 1.7956794085922684e-05)	(56, 1.7956794085922684e-05)	(58, 2.8730870537476297e-05)	(60, 0.0)	(62, 0.00014724571150456602)	(64, 0.00013288027623582787)	(66, 0.00013288027623582787)	(68, 2.1548152903107223e-05)	(70, 1.4365435268738149e-05)	(72, 1.4365435268738149e-05)	(74, 0.00011492348214990519)	(76, 3.232222935466083e-05)	(78, 3.232222935466083e-05)	(80, 1.4365435268738149e-05)	(82, 0.0)	(84, 2.5139511720291762e-05)	(86, 1.0774076451553612e-05)	(88, 0.0)	(90, 2.8730870537476297e-05)	(92, 0.0)	(94, 3.591358817184537e-06)	(96, 0.0)	(98, 1.7956794085922684e-05)	(100, 1.0774076451553612e-05)
SRR19077108_2	(1, 0.02031990818763011)	(2, 0.020255263728920787)	(3, 0.0007398199163400146)	(4, 0.00013647163505301242)	(5, 9.337532924679796e-05)	(6, 0.0005458865402120497)	(7, 0.0007470026339743837)	(8, 0.0003950494698902991)	(9, 7.182717634369074e-05)	(10, 0.0002011160937623341)	(12, 0.0005889828460182641)	(14, 1.0774076451553612e-05)	(16, 0.0008224211691352589)	(18, 0.0013072546094551715)	(20, 0.0007434112751571991)	(22, 0.0010522681334350695)	(24, 0.006798442240930329)	(26, 0.004877065273736601)	(28, 0.001364716350530124)	(30, 0.0013539422740785705)	(32, 0.00019393337612796498)	(34, 0.0029449142300913204)	(36, 2.5139511720291762e-05)	(38, 0.00016879386440767324)	(40, 0.0)	(42, 0.0008044643750493364)	(44, 0.0014940052679487674)	(46, 0.0031388476062192854)	(48, 0.00012928891741864333)	(50, 0.0003950494698902991)	(52, 0.004740593638683588)	(54, 0.0031783525532083153)	(56, 0.009276479824787659)	(58, 0.001874689302570328)	(60, 0.0001652025055904887)	(62, 5.0279023440583524e-05)	(64, 0.0007362285575228301)	(66, 5.7461741074952595e-05)	(68, 0.0012354274331114806)	(70, 0.001497596626765952)	(72, 0.0013754904269816777)	(74, 0.001364716350530124)	(76, 0.0015227361384862438)	(78, 0.0017023040793454703)	(80, 0.002079396755149847)	(82, 0.001271341021283326)	(84, 0.000441737134513698)	(86, 0.0002621691936544712)	(88, 0.00120310520375682)	(90, 1.0774076451553612e-05)	(92, 0.0008942483454789497)	(94, 0.001170782974402159)	(96, 0.0013144373270895407)	(98, 0.0011815570508537127)	(100, 0.001450908962142553)
SRR19077109_1	(1, 0.026191123467663682)	(2, 0.020256094264432693)	(3, 0.0)	(4, 0.0)	(5, 6.416247787276747e-05)	(6, 2.566499114910699e-05)	(7, 0.0)	(8, 0.0)	(9, 0.0)	(10, 6.416247787276747e-06)	(12, 0.0)	(14, 9.624371680915122e-06)	(16, 0.0013377876636472019)	(18, 0.0)	(20, 0.001562356336201888)	(22, 0.0)	(24, 0.0)	(26, 0.0)	(28, 0.0)	(30, 0.0)	(32, 6.416247787276747e-06)	(34, 0.0)	(36, 0.0)	(38, 0.0)	(40, 5.132998229821398e-05)	(42, 0.0)	(44, 3.528936283002211e-05)	(46, 6.416247787276747e-06)	(48, 6.416247787276747e-06)	(50, 3.2081238936383736e-06)	(52, 1.2832495574553494e-05)	(54, 2.566499114910699e-05)	(56, 9.624371680915122e-06)	(58, 2.566499114910699e-05)	(60, 2.8873115042745366e-05)	(62, 0.0001700305663628338)	(64, 0.00011228433627734309)	(66, 0.00027269053095926177)	(68, 2.566499114910699e-05)	(70, 3.2081238936383736e-06)	(72, 9.624371680915122e-06)	(74, 3.2081238936383736e-06)	(76, 1.9248743361830244e-05)	(78, 6.416247787276747e-06)	(80, 1.9248743361830244e-05)	(82, 0.0)	(84, 0.0)	(86, 0.0)	(88, 0.0)	(90, 0.0002053199291928559)	(92, 0.0)	(94, 2.2456867255468615e-05)	(96, 0.0)	(98, 0.0)	(100, 0.0)
SRR19077109_2	(1, 0.025793316104852523)	(2, 0.023663121839476643)	(3, 0.0013089145486044566)	(4, 0.0005004673274075863)	(5, 0.0005004673274075863)	(6, 0.0009111071857932981)	(7, 0.0014821532388609286)	(8, 0.00035930987608749783)	(9, 8.341122123459772e-05)	(10, 0.0001732386902564722)	(12, 0.0007924066017286783)	(14, 1.9248743361830244e-05)	(16, 0.0017901331326502126)	(18, 0.0023900523007605885)	(20, 0.001879960601672087)	(22, 0.001989036814055792)	(24, 0.007725162335881204)	(26, 0.0045940334156901515)	(28, 0.001802965628224766)	(30, 0.0020628236636094743)	(32, 0.0005165079468757781)	(34, 0.00439833785817821)	(36, 8.982746902187446e-05)	(38, 0.00024060929202287805)	(40, 3.2081238936383736e-06)	(42, 0.0009111071857932981)	(44, 0.003070174566211924)	(46, 0.005004673274075863)	(48, 0.000866193451282361)	(50, 0.0012094627079016669)	(52, 0.006249425344807552)	(54, 0.004815393964351199)	(56, 0.009974057185321704)	(58, 0.0029065602476363666)	(60, 0.0009848940353469808)	(62, 9.624371680915121e-05)	(64, 0.0008020309734095935)	(66, 0.00027269053095926177)	(68, 0.0020916967786522196)	(70, 0.002595372229953444)	(72, 0.0026819915750816805)	(74, 0.002884103380380898)	(76, 0.002993179592764603)	(78, 0.003262661999830226)	(80, 0.0032498295042556725)	(82, 0.0022071892388232013)	(84, 0.0009592290441978738)	(86, 0.0005068835751948631)	(88, 0.0017805087609692974)	(90, 0.00017965493804374892)	(92, 0.0022264379821850316)	(94, 0.002627453468889828)	(96, 0.00278144341578447)	(98, 0.0027686109202099164)	(100, 0.0027878596635717468)
SRR19077110_1	(1, 0.02141747295566693)	(2, 0.02918446224149356)	(3, 0.0)	(4, 0.0)	(5, 0.0)	(6, 0.0)	(7, 0.0)	(8, 0.0)	(9, 0.0)	(10, 0.0)	(12, 0.0)	(14, 0.0)	(16, 0.0017928800268116468)	(18, 0.0)	(20, 0.0007864076651899462)	(22, 0.0)	(24, 0.0)	(26, 6.472491071522191e-06)	(28, 0.0)	(30, 0.0)	(32, 2.265371875032767e-05)	(34, 9.708736607283288e-06)	(36, 0.0)	(38, 0.0)	(40, 4.530743750065534e-05)	(42, 0.0)	(44, 2.9126209821849862e-05)	(46, 2.5889964286088765e-05)	(48, 4.8543683036416434e-05)	(50, 3.2362455357610957e-06)	(52, 9.708736607283288e-06)	(54, 9.708736607283288e-06)	(56, 9.708736607283288e-06)	(58, 3.883494642913315e-05)	(60, 6.472491071522191e-06)	(62, 0.00010032361160859396)	(64, 0.00010355985714435506)	(66, 8.737862946554959e-05)	(68, 1.9417473214566576e-05)	(70, 0.0)	(72, 6.472491071522191e-06)	(74, 0.00012621357589468274)	(76, 2.9126209821849862e-05)	(78, 2.9126209821849862e-05)	(80, 1.6181227678805476e-05)	(82, 0.0)	(84, 2.9126209821849862e-05)	(86, 6.472491071522191e-06)	(88, 0.0)	(90, 2.265371875032767e-05)	(92, 0.0)	(94, 3.2362455357610957e-06)	(96, 0.0)	(98, 6.472491071522191e-06)	(100, 0.0)
SRR19077110_2	(1, 0.020511324205653825)	(2, 0.021223298223521266)	(3, 0.0008867312767985402)	(4, 0.00017475725893109918)	(5, 0.00011003234821587724)	(6, 0.0006731390714383079)	(7, 0.0007961164017972295)	(8, 0.0003106795714330652)	(9, 3.883494642913315e-05)	(10, 0.00018446599553838245)	(12, 0.0005339805134005807)	(14, 1.2944982143044383e-05)	(16, 0.0008964400134058234)	(18, 0.0013365694062693325)	(20, 0.0008964400134058234)	(22, 0.0011294496919806224)	(24, 0.006809060607241345)	(26, 0.004964400651857521)	(28, 0.0013948218259130323)	(30, 0.0013689318616269435)	(32, 0.00019417473214566574)	(34, 0.002847896071469764)	(36, 6.796115625098301e-05)	(38, 0.00019093848660990464)	(40, 0.0)	(42, 0.0007993526473329907)	(44, 0.0015469253660938035)	(46, 0.0031650481339743517)	(48, 0.00016181227678805477)	(50, 0.0004789643392926422)	(52, 0.004728154727746961)	(54, 0.0035210351429080717)	(56, 0.009388348299242939)	(58, 0.0019514560580639407)	(60, 0.00022006469643175448)	(62, 5.177992857217753e-05)	(64, 0.0007896439107257073)	(66, 4.8543683036416434e-05)	(68, 0.0013074431964474828)	(70, 0.0015987052946659815)	(72, 0.0014724917187712986)	(74, 0.0014919091919858652)	(76, 0.0015242716473434761)	(78, 0.0017831712902043639)	(80, 0.0021521032812811284)	(82, 0.0013851130893057489)	(84, 0.00041100318304165915)	(86, 0.00026213588839664876)	(88, 0.0012362457946607387)	(90, 1.9417473214566576e-05)	(92, 0.0010420710625150729)	(94, 0.0012621357589468272)	(96, 0.0014336567723421654)	(98, 0.0014045305625203155)	(100, 0.0015048541741289096)
SRR19077111_1	(1, 0.02552385193914953)	(2, 0.019787445170373293)	(3, 0.0)	(4, 1.1484297835387865e-05)	(5, 5.7421489176939324e-05)	(6, 5.1679340259245385e-05)	(7, 0.0)	(8, 0.0)	(9, 0.0)	(10, 0.0)	(12, 0.0)	(14, 2.8710744588469663e-06)	(16, 0.0013235653255284515)	(18, 0.0)	(20, 0.0015905752502012194)	(22, 0.0)	(24, 0.0)	(26, 0.0)	(28, 0.0)	(30, 0.0)	(32, 1.1484297835387865e-05)	(34, 0.0)	(36, 0.0)	(38, 0.0)	(40, 5.7421489176939324e-05)	(42, 0.0)	(44, 4.3066116882704494e-05)	(46, 2.8710744588469663e-06)	(48, 8.613223376540898e-06)	(50, 2.8710744588469663e-06)	(52, 2.8710744588469663e-06)	(54, 1.1484297835387865e-05)	(56, 5.7421489176939325e-06)	(58, 5.7421489176939325e-06)	(60, 3.732396796501056e-05)	(62, 0.00022107273333121642)	(64, 0.0001521669463188892)	(66, 0.00024691240346083913)	(68, 2.8710744588469662e-05)	(70, 5.7421489176939325e-06)	(72, 5.7421489176939325e-06)	(74, 2.8710744588469663e-06)	(76, 2.8710744588469662e-05)	(78, 8.613223376540898e-06)	(80, 2.8710744588469663e-06)	(82, 0.0)	(84, 0.0)	(86, 0.0)	(88, 0.0)	(90, 0.0001521669463188892)	(92, 0.0)	(94, 2.296859567077573e-05)	(96, 0.0)	(98, 0.0)	(100, 2.8710744588469663e-06)
SRR19077111_2	(1, 0.026184199064684333)	(2, 0.02293988492618726)	(3, 0.0009991339116787444)	(4, 0.000591441338522475)	(5, 0.0003732396796501056)	(6, 0.0007924165506417627)	(7, 0.001441279378341177)	(8, 0.0003674975307324117)	(9, 8.613223376540899e-05)	(10, 0.00022107273333121642)	(12, 0.0009101306034544882)	(14, 4.593719134155146e-05)	(16, 0.001774324015567425)	(18, 0.002362894279631053)	(20, 0.0018116479835324358)	(22, 0.001952330632015937)	(24, 0.007777740709016431)	(26, 0.00466549599562632)	(28, 0.0017599686432731903)	(30, 0.0021102397272525202)	(32, 0.0006316363809463326)	(34, 0.004587976985237452)	(36, 0.00010048760605964381)	(38, 0.00017226446753081798)	(40, 0.0)	(42, 0.0009905206883022034)	(44, 0.0031696662025670506)	(46, 0.005167934025924539)	(48, 0.0008297405186067732)	(50, 0.001191495900421491)	(52, 0.006413980341064123)	(54, 0.004527684421601666)	(56, 0.010157861435400567)	(58, 0.003129471160143193)	(60, 0.0009962628372198973)	(62, 9.761653160079685e-05)	(64, 0.0007895454761829158)	(66, 0.0002641388502139209)	(68, 0.0019839124510632536)	(70, 0.0025839670129622697)	(72, 0.002627033129844974)	(74, 0.002859590161011578)	(76, 0.0029974017350362326)	(78, 0.0032414430640382245)	(80, 0.003318962074427093)	(82, 0.0022997306415364197)	(84, 0.001019231432890673)	(86, 0.0005713438173105463)	(88, 0.001929362036345161)	(90, 0.00016365124415427707)	(92, 0.0021647901419706126)	(94, 0.0024432843644787683)	(96, 0.0028165240441288737)	(98, 0.0027792000761638633)	(100, 0.002710294289151536)
SRR19077112_1	(1, 0.021608429387394355)	(2, 0.028882783871097047)	(3, 0.0)	(4, 0.0)	(5, 0.0)	(6, 0.0)	(7, 0.0)	(8, 0.0)	(9, 0.0)	(10, 0.0)	(12, 0.0)	(14, 2.9004603204556182e-06)	(16, 0.0016619637636210692)	(18, 0.0)	(20, 0.0007947261278048394)	(22, 2.9004603204556182e-06)	(24, 0.0)	(26, 1.1601841281822473e-05)	(28, 0.0)	(30, 0.0)	(32, 2.3203682563644946e-05)	(34, 8.701380961366855e-06)	(36, 0.0)	(38, 0.0)	(40, 2.0303222243189328e-05)	(42, 0.0)	(44, 3.770598416592304e-05)	(46, 4.0606444486378656e-05)	(48, 5.220828576820113e-05)	(50, 0.0)	(52, 2.6104142884100564e-05)	(54, 1.740276192273371e-05)	(56, 8.701380961366855e-06)	(58, 3.770598416592304e-05)	(60, 0.0)	(62, 0.00011891887313868034)	(64, 0.00013342117474095843)	(66, 8.411334929321292e-05)	(68, 3.1905063525011796e-05)	(70, 2.0303222243189328e-05)	(72, 2.6104142884100564e-05)	(74, 0.00011891887313868034)	(76, 2.0303222243189328e-05)	(78, 2.6104142884100564e-05)	(80, 1.4502301602278092e-05)	(82, 0.0)	(84, 3.480552384546742e-05)	(86, 5.8009206409112365e-06)	(88, 0.0)	(90, 2.0303222243189328e-05)	(92, 0.0)	(94, 1.1601841281822473e-05)	(96, 0.0)	(98, 1.1601841281822473e-05)	(100, 2.9004603204556182e-06)
SRR19077112_2	(1, 0.020338027767034795)	(2, 0.020993531799457767)	(3, 0.000835332572291218)	(4, 0.0001740276192273371)	(5, 0.00010441657153640226)	(6, 0.0006787077149866147)	(7, 0.0008179298103684843)	(8, 0.0003770598416592304)	(9, 5.8009206409112365e-06)	(10, 0.00020013176211143766)	(12, 0.0005974948260138573)	(14, 2.0303222243189328e-05)	(16, 0.0009078440803026084)	(18, 0.0013226099061277618)	(20, 0.0008701380961366855)	(22, 0.0011195776836958687)	(24, 0.006914697403966193)	(26, 0.005035199116310954)	(28, 0.0013400126680504958)	(30, 0.0013487140490118625)	(32, 0.0001885299208296152)	(34, 0.002825048352123772)	(36, 4.930782544774551e-05)	(38, 0.0002030322224318933)	(40, 0.0)	(42, 0.000783124286523017)	(44, 0.0014792347634323653)	(46, 0.0032427146382693816)	(48, 0.0001885299208296152)	(50, 0.00042346720678652027)	(52, 0.0046755420365744566)	(54, 0.0033848371939717067)	(56, 0.009324979930264814)	(58, 0.0018127877002847613)	(60, 0.00018562946050915957)	(62, 4.640736512728989e-05)	(64, 0.000783124286523017)	(66, 4.640736512728989e-05)	(68, 0.001284903921961839)	(70, 0.0015546467317642113)	(72, 0.0014299269379846199)	(74, 0.001412524176061886)	(76, 0.0015256421285596551)	(78, 0.0017489775732347378)	(80, 0.002082530510087134)	(82, 0.0012936053029232056)	(84, 0.00044957134967062086)	(86, 0.00029294649236601746)	(88, 0.001238496556834549)	(90, 2.3203682563644946e-05)	(92, 0.0010151611121594665)	(94, 0.0012558993187572827)	(96, 0.001366116810934596)	(98, 0.0013197094458073063)	(100, 0.0015227416682391994)
SRR19077113_1	(1, 0.02603902582639559)	(2, 0.02455606623159249)	(3, 0.0)	(4, 0.0)	(5, 7.632880267368891e-05)	(6, 0.00013084937601203815)	(7, 0.0)	(8, 0.0)	(9, 0.0)	(10, 1.0904114667669846e-05)	(12, 0.0)	(14, 2.180822933533969e-05)	(16, 0.0014611513654677593)	(18, 0.0)	(20, 0.0013630143334587307)	(22, 0.0)	(24, 0.0)	(26, 0.0)	(28, 0.0)	(30, 0.0)	(32, 0.0)	(34, 0.0)	(36, 0.0)	(38, 0.0)	(40, 4.361645867067938e-05)	(42, 0.0)	(44, 4.90685160045143e-05)	(46, 5.452057333834923e-06)	(48, 5.452057333834923e-06)	(50, 0.0)	(52, 1.0904114667669846e-05)	(54, 2.180822933533969e-05)	(56, 5.452057333834923e-06)	(58, 2.7260286669174615e-05)	(60, 2.180822933533969e-05)	(62, 0.00011449320401053339)	(64, 6.542468800601907e-05)	(66, 0.00023443846535490167)	(68, 4.90685160045143e-05)	(70, 1.0904114667669846e-05)	(72, 1.635617200150477e-05)	(74, 5.452057333834923e-06)	(76, 2.7260286669174615e-05)	(78, 1.635617200150477e-05)	(80, 0.0)	(82, 0.0)	(84, 0.0)	(86, 0.0)	(88, 0.0)	(90, 0.00015265760534737783)	(92, 0.0)	(94, 2.7260286669174615e-05)	(96, 0.0)	(98, 0.0)	(100, 5.452057333834923e-06)
SRR19077113_2	(1, 0.02691135499980918)	(2, 0.030956781541514693)	(3, 0.0015810966268121275)	(4, 0.0004470687013744636)	(5, 0.0005888221920541716)	(6, 0.0008069044854075686)	(7, 0.0013084937601203816)	(8, 0.00021808229335339692)	(9, 6.542468800601907e-05)	(10, 0.00015810966268121275)	(12, 0.0006924112813970352)	(14, 2.7260286669174615e-05)	(16, 0.0016029048561474672)	(18, 0.002099042073526445)	(20, 0.0017501104041610102)	(22, 0.0018100830348331941)	(24, 0.00806359279674185)	(26, 0.004356193809734103)	(28, 0.0017064939454903307)	(30, 0.001837343321502369)	(32, 0.00047432898804363827)	(34, 0.004094495057710027)	(36, 8.178086000752385e-05)	(38, 0.0001962740640180572)	(40, 0.0)	(42, 0.000839616829410578)	(44, 0.002747836896252801)	(46, 0.004656056963095024)	(48, 0.0008341647720767431)	(50, 0.0011449320401053337)	(52, 0.006046331583222929)	(54, 0.005833701347203367)	(56, 0.009622881194218637)	(58, 0.0027860012975896454)	(60, 0.0009213976894181019)	(62, 0.00010904114667669846)	(64, 0.0007523839120692193)	(66, 0.0002616987520240763)	(68, 0.0021699188188662993)	(70, 0.002497042258896395)	(72, 0.002616987520240763)	(74, 0.0027969054122573152)	(76, 0.0028514259855956644)	(78, 0.0028950424442663438)	(80, 0.002965919189606198)	(82, 0.0020227132708527562)	(84, 0.0008614250587459178)	(86, 0.0005124933893804827)	(88, 0.001630165142816642)	(90, 0.00013084937601203815)	(92, 0.0023607408255505212)	(94, 0.0025515628322347436)	(96, 0.0027042204375821214)	(98, 0.0026606039789114425)	(100, 0.0026987683802482867)
SRR19077114_1	(1, 0.021131245010144645)	(2, 0.036817764033259814)	(3, 1.0977270135140075e-05)	(4, 0.0)	(5, 0.0)	(6, 0.0)	(7, 0.0)	(8, 0.0)	(9, 0.0)	(10, 0.0)	(12, 0.0)	(14, 0.0)	(16, 0.0018222268424332524)	(18, 0.0)	(20, 0.0006586362081084045)	(22, 5.488635067570038e-06)	(24, 0.0)	(26, 0.0)	(28, 0.0)	(30, 0.0)	(32, 2.7443175337850187e-05)	(34, 5.488635067570038e-06)	(36, 0.0)	(38, 0.0)	(40, 2.7443175337850187e-05)	(42, 0.0)	(44, 3.293181040542023e-05)	(46, 3.293181040542023e-05)	(48, 5.4886350675700374e-05)	(50, 0.0)	(52, 0.0)	(54, 2.195454027028015e-05)	(56, 0.0)	(58, 3.293181040542023e-05)	(60, 0.0)	(62, 9.330679614869064e-05)	(64, 8.78181610811206e-05)	(66, 5.4886350675700374e-05)	(68, 5.488635067570038e-06)	(70, 0.0)	(72, 5.488635067570038e-06)	(74, 0.0001317272416216809)	(76, 5.488635067570038e-06)	(78, 1.6465905202710114e-05)	(80, 2.195454027028015e-05)	(82, 0.0)	(84, 2.195454027028015e-05)	(86, 0.0)	(88, 0.0)	(90, 5.488635067570038e-06)	(92, 0.0)	(94, 0.0)	(96, 0.0)	(98, 0.0)	(100, 0.0)
SRR19077114_2	(1, 0.020801926906090444)	(2, 0.02915562947893204)	(3, 0.0009550225017571865)	(4, 0.0001756363221622412)	(5, 0.00012074997148654082)	(6, 0.0006147271275678441)	(7, 0.0006805907483786847)	(8, 0.00031834083391906213)	(9, 4.39090805405603e-05)	(10, 0.00018112495722981124)	(12, 0.00047751125087859325)	(14, 1.6465905202710114e-05)	(16, 0.0007848748146625154)	(18, 0.0011855451745951282)	(20, 0.0007738975445273753)	(22, 0.001059306568041017)	(24, 0.0070528960618274975)	(26, 0.0042811353527046295)	(28, 0.0013831360370276495)	(30, 0.0012898292408789586)	(32, 0.00017014768709467117)	(34, 0.002585147116825488)	(36, 7.135225587841049e-05)	(38, 0.00029638629364878204)	(40, 0.0)	(42, 0.0007629202743922352)	(44, 0.0012294542551356882)	(46, 0.0026071016570957677)	(48, 0.00015368178189196103)	(50, 0.0003677385495271925)	(52, 0.004209783096826219)	(54, 0.00444579440473173)	(56, 0.00863362296128767)	(58, 0.001613658709865591)	(60, 0.00012074997148654082)	(62, 6.037498574327041e-05)	(64, 0.0007574316393246652)	(66, 8.232952601355056e-05)	(68, 0.0013337383214195191)	(70, 0.0014270451175682096)	(72, 0.001295317875946529)	(74, 0.001322761051284379)	(76, 0.0013886246720952195)	(78, 0.001613658709865591)	(80, 0.0019210222736495133)	(82, 0.0012568974304735384)	(84, 0.0003677385495271925)	(86, 0.00029638629364878204)	(88, 0.0010757724732437272)	(90, 3.293181040542023e-05)	(92, 0.0009056247861490562)	(94, 0.001059306568041017)	(96, 0.0012459201603383986)	(98, 0.0012074997148654083)	(100, 0.0013392269564870892)
SRR19077115_1	(1, 0.025074650646534566)	(2, 0.01977825112385137)	(3, 0.0)	(4, 1.25655979185841e-05)	(5, 5.02623916743364e-05)	(6, 4.397959271504434e-05)	(7, 0.0)	(8, 0.0)	(9, 0.0)	(10, 0.0)	(12, 0.0)	(14, 9.424198438938074e-06)	(16, 0.0012597011913380559)	(18, 0.0)	(20, 0.0016021137346194725)	(22, 0.0)	(24, 0.0)	(26, 0.0)	(28, 0.0)	(30, 0.0)	(32, 6.28279895929205e-06)	(34, 0.0)	(36, 0.0)	(38, 0.0)	(40, 4.083819323539832e-05)	(42, 0.0)	(44, 4.397959271504434e-05)	(46, 1.25655979185841e-05)	(48, 6.28279895929205e-06)	(50, 3.141399479646025e-06)	(52, 6.28279895929205e-06)	(54, 1.8848396877876147e-05)	(56, 1.25655979185841e-05)	(58, 3.141399479646025e-05)	(60, 2.198979635752217e-05)	(62, 0.0002010495666973456)	(64, 0.00013508017762477905)	(66, 0.0002795845536884962)	(68, 3.141399479646025e-05)	(70, 1.25655979185841e-05)	(72, 6.28279895929205e-06)	(74, 3.141399479646025e-06)	(76, 3.4555394276106274e-05)	(78, 1.25655979185841e-05)	(80, 9.424198438938074e-06)	(82, 0.0)	(84, 0.0)	(86, 0.0)	(88, 0.0)	(90, 0.00014764577554336316)	(92, 0.0)	(94, 2.827259531681422e-05)	(96, 0.0)	(98, 0.0)	(100, 6.28279895929205e-06)
SRR19077115_2	(1, 0.02605476728418413)	(2, 0.024144796400559346)	(3, 0.0011937318022654892)	(4, 0.0005780175042548686)	(5, 0.0005089067157026559)	(6, 0.0008481778595044266)	(7, 0.0013633673741663746)	(8, 0.0003706851385982309)	(9, 9.424198438938073e-05)	(10, 0.00019790816721769954)	(12, 0.000901581650658409)	(14, 4.397959271504434e-05)	(16, 0.0018597084919504464)	(18, 0.0023089286175398283)	(20, 0.001800021901837172)	(22, 0.001913112283104429)	(24, 0.007765539513684973)	(26, 0.0046586954283150545)	(28, 0.0018063047007964642)	(30, 0.002041909661769916)	(32, 0.000637704094368143)	(34, 0.004482777057454877)	(36, 9.110058490973472e-05)	(38, 0.00021047376513628365)	(40, 6.28279895929205e-06)	(42, 0.0009329956454548693)	(44, 0.003047157495256644)	(46, 0.005183309141415941)	(48, 0.0009832580371292058)	(50, 0.0012188629981026574)	(52, 0.006326778552007094)	(54, 0.00482833100021594)	(56, 0.010253527901564625)	(58, 0.003116268283808857)	(60, 0.0009644096402513297)	(62, 0.00014764577554336316)	(64, 0.0008638848569026567)	(66, 0.00031413994796460244)	(68, 0.002029344063851332)	(70, 0.002453432993603545)	(72, 0.002566523374870802)	(74, 0.002824118132201776)	(76, 0.002924642915550449)	(78, 0.0032325000645557593)	(80, 0.003116268283808857)	(82, 0.002302645818580536)	(84, 0.0009769752381699136)	(86, 0.0006031487000920367)	(88, 0.001781173504959296)	(90, 0.0002073323656566376)	(92, 0.002293221620141598)	(94, 0.0025036953852778814)	(96, 0.002676472356658413)	(98, 0.002679613756138059)	(100, 0.0027864213384460237)
SRR19077116_1	(1, 0.02129761356033667)	(2, 0.02855916995097121)	(3, 0.0)	(4, 0.0)	(5, 0.0)	(6, 0.0)	(7, 0.0)	(8, 0.0)	(9, 0.0)	(10, 0.0)	(12, 0.0)	(14, 0.0)	(16, 0.0016699049539438317)	(18, 0.0)	(20, 0.0008570913684067772)	(22, 0.0)	(24, 0.0)	(26, 0.0)	(28, 0.0)	(30, 0.0)	(32, 1.8976192658452633e-05)	(34, 3.1626987764087718e-06)	(36, 0.0)	(38, 0.0)	(40, 2.8464288987678945e-05)	(42, 0.0)	(44, 3.478968654049649e-05)	(46, 2.8464288987678945e-05)	(48, 6.325397552817544e-05)	(50, 0.0)	(52, 1.581349388204386e-05)	(54, 9.488096329226317e-06)	(56, 6.3253975528175435e-06)	(58, 3.7952385316905266e-05)	(60, 0.0)	(62, 0.00013915874616198597)	(64, 0.00012650795105635087)	(66, 0.00012018255350353334)	(68, 1.2650795105635087e-05)	(70, 3.1626987764087718e-06)	(72, 1.2650795105635087e-05)	(74, 0.00013915874616198597)	(76, 1.581349388204386e-05)	(78, 2.5301590211270174e-05)	(80, 1.581349388204386e-05)	(82, 0.0)	(84, 3.7952385316905266e-05)	(86, 6.3253975528175435e-06)	(88, 0.0)	(90, 3.478968654049649e-05)	(92, 0.0)	(94, 6.3253975528175435e-06)	(96, 0.0)	(98, 3.1626987764087718e-06)	(100, 3.1626987764087718e-06)
SRR19077116_2	(1, 0.020582843636868287)	(2, 0.02183527235232616)	(3, 0.0008792302598416386)	(4, 0.00019608732413734385)	(5, 7.590477063381053e-05)	(6, 0.0007463969112324702)	(7, 0.0009424842353698141)	(8, 0.00034157146785214736)	(9, 3.7952385316905266e-05)	(10, 0.00024352780578347545)	(12, 0.0006704921405986596)	(14, 0.0)	(16, 0.001024714403556442)	(18, 0.0014390279432659912)	(20, 0.0009899247170159456)	(22, 0.0012967064983275965)	(24, 0.007182488921224321)	(26, 0.004949623585079728)	(28, 0.0013820993652906334)	(30, 0.0014548414371480351)	(32, 0.0002372024082306579)	(34, 0.0030393535241288296)	(36, 5.692857797535789e-05)	(38, 0.00019925002291375262)	(40, 0.0)	(42, 0.0008507659708539597)	(44, 0.0016604168576146053)	(46, 0.003251254342148217)	(48, 0.00018343652903170878)	(50, 0.0005503095870951263)	(52, 0.0048895323083279615)	(54, 0.0037035202671746722)	(56, 0.009409028859816097)	(58, 0.002049428807112884)	(60, 0.0001929246253609351)	(62, 6.009127675176667e-05)	(64, 0.0008159762843134631)	(66, 3.7952385316905266e-05)	(68, 0.0012302898240230122)	(70, 0.0016730676527202404)	(72, 0.0014959565212413492)	(74, 0.001584512086980795)	(76, 0.0016414406649561527)	(78, 0.001903944663398081)	(80, 0.002277143119014316)	(82, 0.0013947501603962685)	(84, 0.0004775675152377246)	(86, 0.0003131071788644684)	(88, 0.001331496184868093)	(90, 1.8976192658452633e-05)	(92, 0.0010025755121215807)	(94, 0.001315682690986049)	(96, 0.001511770015123393)	(98, 0.0014769803285828965)	(100, 0.00159716288208643)
SRR19077117_1	(1, 0.0254985312919671)	(2, 0.019396570624409658)	(3, 0.0)	(4, 1.4739035428882718e-05)	(5, 9.580373028773766e-05)	(6, 3.6847588572206795e-05)	(7, 0.0)	(8, 0.0)	(9, 0.0)	(10, 7.369517714441359e-06)	(12, 0.0)	(14, 3.6847588572206796e-06)	(16, 0.001219655181740045)	(18, 0.0)	(20, 0.0016507719680348644)	(22, 0.0)	(24, 0.0)	(26, 0.0)	(28, 0.0)	(30, 0.0)	(32, 3.6847588572206796e-06)	(34, 0.0)	(36, 0.0)	(38, 0.0)	(40, 3.6847588572206795e-05)	(42, 0.0)	(44, 4.790186514386883e-05)	(46, 7.369517714441359e-06)	(48, 3.6847588572206796e-06)	(50, 0.0)	(52, 1.1054276571662038e-05)	(54, 2.5793312000544756e-05)	(56, 1.1054276571662038e-05)	(58, 1.8423794286103398e-05)	(60, 2.5793312000544756e-05)	(62, 0.00022108553143324077)	(64, 0.00012159704228828241)	(66, 0.0002653026377198889)	(68, 3.6847588572206795e-05)	(70, 7.369517714441359e-06)	(72, 1.1054276571662038e-05)	(74, 3.6847588572206796e-06)	(76, 3.3162829714986114e-05)	(78, 1.8423794286103398e-05)	(80, 1.8423794286103398e-05)	(82, 0.0)	(84, 0.0)	(86, 0.0)	(88, 0.0)	(90, 0.0001437055954316065)	(92, 0.0)	(94, 2.9478070857765437e-05)	(96, 3.6847588572206796e-06)	(98, 0.0)	(100, 0.0)
SRR19077117_2	(1, 0.02577120344740143)	(2, 0.022963417198199273)	(3, 0.0011275362103095278)	(4, 0.0005527138285831019)	(5, 0.0003684758857220679)	(6, 0.000862233572589639)	(7, 0.0012086009051683827)	(8, 0.00039795395657983335)	(9, 0.00011791228343106175)	(10, 0.000195292219432696)	(12, 0.0007332670125869151)	(14, 3.3162829714986114e-05)	(16, 0.001599185344033775)	(18, 0.0022661266971907177)	(20, 0.001643402450320423)	(22, 0.0017649994926087053)	(24, 0.007505853792158523)	(26, 0.004782816996672441)	(28, 0.0016028701028909954)	(30, 0.0019639764708986223)	(32, 0.0005932461760125294)	(34, 0.00439591731666427)	(36, 9.211897143051697e-05)	(38, 0.00018792270171825464)	(40, 0.0)	(42, 0.0008880268845901837)	(44, 0.0030878279223509287)	(46, 0.005107075776107861)	(48, 0.0008327555017318735)	(50, 0.0010943733805945416)	(52, 0.006223557709845727)	(54, 0.004517514358952553)	(56, 0.010007805056211365)	(58, 0.002947807085776543)	(60, 0.0008990811611618458)	(62, 0.0001400208365743858)	(64, 0.0007406365303013566)	(66, 0.00031688926172097843)	(68, 0.0018313251520386776)	(70, 0.002409832292622324)	(72, 0.0025535378880539306)	(74, 0.0026935587246283165)	(76, 0.002840949078917144)	(78, 0.002977285156634309)	(80, 0.0030841431634937087)	(82, 0.002181377243474642)	(84, 0.0008953964023046251)	(86, 0.0005674528640119847)	(88, 0.0016839347977498503)	(90, 0.00020634649600435805)	(92, 0.00217032296690298)	(94, 0.002273496214905159)	(96, 0.002560907405768372)	(98, 0.0025940702354833585)	(100, 0.002538798852625048)
SRR19077118_1	(1, 0.022360020135179532)	(2, 0.02970422641585247)	(3, 7.4409384809249685e-06)	(4, 0.0)	(5, 0.0)	(6, 0.0)	(7, 0.0)	(8, 0.0)	(9, 0.0)	(10, 0.0)	(12, 0.0)	(14, 0.0)	(16, 0.001867675558712167)	(18, 0.0)	(20, 0.0008482669868254464)	(22, 3.7204692404624842e-06)	(24, 0.0)	(26, 1.4881876961849937e-05)	(28, 0.0)	(30, 0.0)	(32, 1.4881876961849937e-05)	(34, 3.7204692404624842e-06)	(36, 0.0)	(38, 0.0)	(40, 2.2322815442774903e-05)	(42, 0.0)	(44, 4.4645630885549806e-05)	(46, 2.9763753923699874e-05)	(48, 7.440938480924969e-05)	(50, 3.7204692404624842e-06)	(52, 1.4881876961849937e-05)	(54, 1.8602346202312422e-05)	(56, 2.9763753923699874e-05)	(58, 5.208656936647478e-05)	(60, 3.7204692404624842e-06)	(62, 0.00012277548493526197)	(64, 0.0001376573618971119)	(66, 8.929126177109961e-05)	(68, 3.7204692404624845e-05)	(70, 3.7204692404624842e-06)	(72, 2.2322815442774903e-05)	(74, 0.0001637006465803493)	(76, 5.952750784739975e-05)	(78, 5.952750784739975e-05)	(80, 3.7204692404624845e-05)	(82, 0.0)	(84, 5.952750784739975e-05)	(86, 2.604328468323739e-05)	(88, 0.0)	(90, 1.4881876961849937e-05)	(92, 0.0)	(94, 1.1161407721387451e-05)	(96, 0.0)	(98, 1.8602346202312422e-05)	(100, 7.4409384809249685e-06)
SRR19077118_2	(1, 0.021065296839498582)	(2, 0.021868918195438482)	(3, 0.000944999187077471)	(4, 0.00020834627746589912)	(5, 0.00011161407721387451)	(6, 0.0008333851098635965)	(7, 0.0010640542027722704)	(8, 0.0004315744318936481)	(9, 5.208656936647478e-05)	(10, 0.00023066909290867402)	(12, 0.000699448217206947)	(14, 1.1161407721387451e-05)	(16, 0.00118310921846707)	(18, 0.0017374591352959802)	(20, 0.001131022649100595)	(22, 0.001477026288463606)	(24, 0.007191667041813982)	(26, 0.005178893182723778)	(28, 0.0015960813041584056)	(30, 0.0016890930351699677)	(32, 0.0003274012931606986)	(34, 0.003095430408064787)	(36, 6.696844632832472e-05)	(38, 0.0002529919083514489)	(40, 0.0)	(42, 0.0009487196563179334)	(44, 0.001666770219727193)	(46, 0.0032554105854046733)	(48, 0.0002529919083514489)	(50, 0.0005989955477144599)	(52, 0.005123086144116841)	(54, 0.0035232843707179726)	(56, 0.009755070348492633)	(58, 0.0021355493440254657)	(60, 0.00023066909290867402)	(62, 5.580703860693726e-05)	(64, 0.0008817512099896087)	(66, 5.952750784739975e-05)	(68, 0.0015477152040323935)	(70, 0.0018490732125098547)	(72, 0.001744900073776905)	(74, 0.001774663827700605)	(76, 0.001867675558712167)	(78, 0.002154151690227778)	(80, 0.002574564714400039)	(82, 0.0016407269350439556)	(84, 0.0005655113245502975)	(86, 0.00043901537037457314)	(88, 0.0014621444115017564)	(90, 2.604328468323739e-05)	(92, 0.0012314753185930821)	(94, 0.001614683650360718)	(96, 0.0017932661739029174)	(98, 0.0016890930351699677)	(100, 0.0018974393126358667)
SRR19077119_1	(1, 0.025584634260043093)	(2, 0.01947476267896198)	(3, 0.0)	(4, 7.2477717450547e-06)	(5, 4.3486630470328204e-05)	(6, 8.697326094065641e-05)	(7, 0.0)	(8, 0.0)	(9, 0.0)	(10, 3.62388587252735e-06)	(12, 0.0)	(14, 3.62388587252735e-06)	(16, 0.0013335900010900648)	(18, 0.0)	(20, 0.001634372528509835)	(22, 0.0)	(24, 0.0)	(26, 0.0)	(28, 0.0)	(30, 0.0)	(32, 1.0871657617582051e-05)	(34, 0.0)	(36, 0.0)	(38, 0.0)	(40, 4.711051634285555e-05)	(42, 0.0)	(44, 2.1743315235164102e-05)	(46, 3.62388587252735e-06)	(48, 3.62388587252735e-06)	(50, 3.62388587252735e-06)	(52, 3.62388587252735e-06)	(54, 1.0871657617582051e-05)	(56, 0.0)	(58, 1.0871657617582051e-05)	(60, 2.5367201107691453e-05)	(62, 0.00017757040775384016)	(64, 0.0001087165761758205)	(66, 0.0003044064132922974)	(68, 2.5367201107691453e-05)	(70, 1.0871657617582051e-05)	(72, 3.62388587252735e-06)	(74, 0.0)	(76, 1.0871657617582051e-05)	(78, 1.0871657617582051e-05)	(80, 0.0)	(82, 0.0)	(84, 0.0)	(86, 0.0)	(88, 0.0)	(90, 0.00017032263600878547)	(92, 0.0)	(94, 1.44955434901094e-05)	(96, 0.0)	(98, 0.0)	(100, 3.62388587252735e-06)
SRR19077119_2	(1, 0.025635368662258476)	(2, 0.022692773333766268)	(3, 0.0011451479357186425)	(4, 0.0005508306526241573)	(5, 0.0003841319024878991)	(6, 0.0008914759246417281)	(7, 0.0013190944575999554)	(8, 0.0003768841307428444)	(9, 6.52299457054923e-05)	(10, 0.00022830480996922307)	(12, 0.0008479892941714)	(14, 2.89910869802188e-05)	(16, 0.00175033687643071)	(18, 0.002268552556202121)	(20, 0.0017575846481757648)	(22, 0.0019061639689493862)	(24, 0.007526810957239307)	(26, 0.004537105112404242)	(28, 0.001706850245960382)	(30, 0.002061991061468062)	(32, 0.0006559233429274504)	(34, 0.00436315859052293)	(36, 0.00012321211966592993)	(38, 0.00019206595124394955)	(40, 0.0)	(42, 0.0009385864409845837)	(44, 0.003170900138461432)	(46, 0.005131422395498728)	(48, 0.0009204670116219469)	(50, 0.0011632673650812794)	(52, 0.006265698673599789)	(54, 0.004457379623208641)	(56, 0.009889584546127138)	(58, 0.003065807448158138)	(60, 0.0009856969573274394)	(62, 0.00013408377728351195)	(64, 0.0008516131800439273)	(66, 0.00028266309805713327)	(68, 0.002000385001635097)	(70, 0.0025693350836218914)	(72, 0.0026055739423471646)	(74, 0.002826630980571333)	(76, 0.002946219214364736)	(78, 0.003185395681951541)	(80, 0.003247001741784506)	(82, 0.0023446541595251954)	(84, 0.000992944729072494)	(86, 0.0005725739678593213)	(88, 0.0017720801916658742)	(90, 0.00021380926647911368)	(92, 0.0021960748387515744)	(94, 0.0024751140509361802)	(96, 0.0026961710891603486)	(98, 0.002649060572817493)	(100, 0.0026708038880526573)
SRR19077120_1	(1, 0.021296632844730174)	(2, 0.02804117749779446)	(3, 1.4662053593618018e-05)	(4, 0.0)	(5, 0.0)	(6, 0.0)	(7, 0.0)	(8, 0.0)	(9, 0.0)	(10, 3.6655133984045044e-06)	(12, 0.0)	(14, 0.0)	(16, 0.0016824706498676676)	(18, 0.0)	(20, 0.000806412947648991)	(22, 3.6655133984045044e-06)	(24, 0.0)	(26, 7.331026796809009e-06)	(28, 0.0)	(30, 0.0)	(32, 1.0996540195213515e-05)	(34, 1.8327566992022522e-05)	(36, 0.0)	(38, 0.0)	(40, 3.298962058564054e-05)	(42, 0.0)	(44, 2.9324107187236035e-05)	(46, 2.199308039042703e-05)	(48, 4.765167417925856e-05)	(50, 0.0)	(52, 1.8327566992022522e-05)	(54, 3.6655133984045044e-06)	(56, 1.8327566992022522e-05)	(58, 2.199308039042703e-05)	(60, 3.6655133984045044e-06)	(62, 0.00011363091535053965)	(64, 7.697578136649459e-05)	(66, 0.00011363091535053965)	(68, 1.0996540195213515e-05)	(70, 1.0996540195213515e-05)	(72, 7.331026796809009e-06)	(74, 0.00014662053593618018)	(76, 3.6655133984045044e-05)	(78, 5.131718757766307e-05)	(80, 2.5658593788831534e-05)	(82, 0.0)	(84, 4.398616078085406e-05)	(86, 1.4662053593618018e-05)	(88, 0.0)	(90, 4.398616078085406e-05)	(92, 0.0)	(94, 0.0)	(96, 0.0)	(98, 2.199308039042703e-05)	(100, 7.331026796809009e-06)
SRR19077120_2	(1, 0.02019697882520882)	(2, 0.020805454049343967)	(3, 0.000791750894055373)	(4, 0.00021993080390427026)	(5, 8.06412947648991e-05)	(6, 0.0006671234385096198)	(7, 0.0008577301352266542)	(8, 0.0003225651790595964)	(9, 5.131718757766307e-05)	(10, 0.00021259977710746128)	(12, 0.0006231372777287658)	(14, 7.331026796809009e-06)	(16, 0.0009493679701867668)	(18, 0.0013635709842064758)	(20, 0.0008320715414378225)	(22, 0.0011289781267085875)	(24, 0.00669689297888503)	(26, 0.004897125900268418)	(28, 0.0013342468770192397)	(30, 0.0013709020110032849)	(32, 0.0002529204244899108)	(34, 0.002855434937357109)	(36, 4.765167417925856e-05)	(38, 0.00021993080390427026)	(40, 0.0)	(42, 0.0008247405146410135)	(44, 0.0015725052479155326)	(46, 0.0030826967680581885)	(48, 0.00017227912972501172)	(50, 0.00044352712120694507)	(52, 0.004754170877730642)	(54, 0.0033209551389544816)	(56, 0.00913079387542562)	(58, 0.0018254256724054435)	(60, 0.00015395156273298918)	(62, 6.231372777287657e-05)	(64, 0.0007550957600713279)	(66, 4.398616078085406e-05)	(68, 0.0012865952028399811)	(70, 0.0016054948685011732)	(72, 0.0013709020110032849)	(74, 0.0014185536851825432)	(76, 0.001495529466549038)	(78, 0.001722791297250117)	(80, 0.0020966736638873768)	(82, 0.0013049227698320035)	(84, 0.0004288650676133271)	(86, 0.00034089274605161895)	(88, 0.0012169504482702955)	(90, 2.5658593788831534e-05)	(92, 0.0009640300237803847)	(94, 0.0012316125018639135)	(96, 0.0014002261181905208)	(98, 0.0013195848234256217)	(100, 0.0015211880603378694)
SRR19077121_1	(1, 0.025621577052813236)	(2, 0.01959783674776381)	(3, 0.0)	(4, 7.520275037514892e-06)	(5, 7.520275037514891e-05)	(6, 6.768247533763402e-05)	(7, 0.0)	(8, 0.0)	(9, 0.0)	(10, 7.520275037514892e-06)	(12, 0.0)	(14, 1.5040550075029783e-05)	(16, 0.0013724501943464678)	(18, 0.0)	(20, 0.001616859133065702)	(22, 0.0)	(24, 0.0)	(26, 0.0)	(28, 0.0)	(30, 0.0)	(32, 1.1280412556272338e-05)	(34, 0.0)	(36, 0.0)	(38, 0.0)	(40, 3.760137518757446e-05)	(42, 0.0)	(44, 2.2560825112544676e-05)	(46, 3.760137518757446e-06)	(48, 7.520275037514892e-06)	(50, 0.0)	(52, 3.760137518757446e-06)	(54, 1.5040550075029783e-05)	(56, 0.0)	(58, 1.5040550075029783e-05)	(60, 2.6320962631302123e-05)	(62, 0.00022184811360668934)	(64, 0.00013160481315651061)	(66, 0.00029705086398183826)	(68, 2.6320962631302123e-05)	(70, 1.1280412556272338e-05)	(72, 3.760137518757446e-06)	(74, 0.0)	(76, 1.880068759378723e-05)	(78, 1.1280412556272338e-05)	(80, 1.5040550075029783e-05)	(82, 0.0)	(84, 0.0)	(86, 0.0)	(88, 0.0)	(90, 0.0001880068759378723)	(92, 0.0)	(94, 1.880068759378723e-05)	(96, 0.0)	(98, 0.0)	(100, 0.0)
SRR19077121_2	(1, 0.025614056777775722)	(2, 0.023245170140958532)	(3, 0.0010829196054021443)	(4, 0.0004963381524759828)	(5, 0.00033841237668817014)	(6, 0.0006693044783388254)	(7, 0.0013386089566776508)	(8, 0.0003985745769882893)	(9, 6.016220030011913e-05)	(10, 0.00018424673841911486)	(12, 0.0008648316293142127)	(14, 2.6320962631302123e-05)	(16, 0.0015454165202093103)	(18, 0.0021620790732855316)	(20, 0.0015942983079531572)	(22, 0.0018274268341161187)	(24, 0.0074826736623273184)	(26, 0.0047264928610781095)	(28, 0.0015378962451717954)	(30, 0.001947751234716357)	(32, 0.0005301793901447999)	(34, 0.004320398009052305)	(36, 8.648316293142126e-05)	(38, 0.00019176701345662977)	(40, 0.0)	(42, 0.0009061931420205444)	(44, 0.0029968296024496847)	(46, 0.005121307300547641)	(48, 0.0007482673662327317)	(50, 0.0010603587802895998)	(52, 0.006294470206399964)	(54, 0.004485844059877633)	(56, 0.010137330750570075)	(58, 0.00295922822726211)	(60, 0.0009437945172081189)	(62, 9.77635754876936e-05)	(64, 0.0007557876412702466)	(66, 0.00026320962631302123)	(68, 0.001804866009003574)	(70, 0.0024064880120047653)	(72, 0.002485450899898672)	(74, 0.0026922584634303313)	(76, 0.0027185794260616335)	(78, 0.0030118701525247145)	(80, 0.0030682722153060763)	(82, 0.00210567701050417)	(84, 0.0008610714917954552)	(86, 0.0005000982899947403)	(88, 0.0017259031211096676)	(90, 0.00011280412556272337)	(92, 0.0019778323348664164)	(94, 0.002380167049373463)	(96, 0.0026170557130551827)	(98, 0.00260577530049891)	(100, 0.002526812412605004)
SRR19077122_1	(1, 0.021207620549141066)	(2, 0.028662651255643438)	(3, 7.614944541881891e-06)	(4, 0.0)	(5, 0.0)	(6, 0.0)	(7, 0.0)	(8, 0.0)	(9, 0.0)	(10, 0.0)	(12, 0.0)	(14, 0.0)	(16, 0.0015496412142729649)	(18, 0.0)	(20, 0.0008909485114001811)	(22, 0.0)	(24, 0.0)	(26, 7.614944541881891e-06)	(28, 0.0)	(30, 0.0)	(32, 3.0459778167527565e-05)	(34, 7.614944541881891e-06)	(36, 0.0)	(38, 0.0)	(40, 3.0459778167527565e-05)	(42, 0.0)	(44, 4.568966725129134e-05)	(46, 3.0459778167527565e-05)	(48, 6.853450087693702e-05)	(50, 3.8074722709409456e-06)	(52, 1.9037361354704725e-05)	(54, 1.9037361354704725e-05)	(56, 1.5229889083763782e-05)	(58, 6.091955633505513e-05)	(60, 0.0)	(62, 0.00012945405721199213)	(64, 8.757186223164174e-05)	(66, 9.899427904446457e-05)	(68, 3.0459778167527565e-05)	(70, 7.614944541881891e-06)	(72, 1.9037361354704725e-05)	(74, 0.0001675287799214016)	(76, 3.426725043846851e-05)	(78, 3.0459778167527565e-05)	(80, 1.5229889083763782e-05)	(82, 0.0)	(84, 2.6652305896586617e-05)	(86, 7.614944541881891e-06)	(88, 0.0)	(90, 1.9037361354704725e-05)	(92, 0.0)	(94, 1.5229889083763782e-05)	(96, 0.0)	(98, 7.614944541881891e-06)	(100, 3.8074722709409456e-06)
SRR19077122_2	(1, 0.02094871243471708)	(2, 0.021040091769219664)	(3, 0.0009061784004839449)	(4, 0.0001599138353795197)	(5, 0.00010660922358634647)	(6, 0.0006853450087693701)	(7, 0.0008452588441488898)	(8, 0.00038836217163597643)	(9, 6.091955633505513e-05)	(10, 0.00019798855808892914)	(12, 0.0006701151196856064)	(14, 1.1422416812822835e-05)	(16, 0.0009785203736318228)	(18, 0.0014963366024797916)	(20, 0.0008833335668582994)	(22, 0.0013364227671002718)	(24, 0.007005748978531339)	(26, 0.005124857676686512)	(28, 0.001534411325189201)	(30, 0.0014925291302088505)	(32, 0.00019798855808892914)	(34, 0.003084052539462166)	(36, 3.426725043846851e-05)	(38, 0.0001522988908376378)	(40, 0.0)	(42, 0.0009252157618386496)	(44, 0.0016752877992140158)	(46, 0.003259196263925449)	(48, 0.00019798855808892914)	(50, 0.000491163922951382)	(52, 0.004961136369036052)	(54, 0.0035714089901426062)	(56, 0.00950725826053954)	(58, 0.002101724693559402)	(60, 0.00016372130765046066)	(62, 3.807472270940945e-05)	(64, 0.0008795260945873584)	(66, 7.234197314787796e-05)	(68, 0.0014354170461447363)	(70, 0.0017438223000909529)	(72, 0.0015801009924404923)	(74, 0.0015724860478986103)	(76, 0.001808549328696949)	(78, 0.00201415283132776)	(80, 0.002353017863441504)	(82, 0.0014887216579379096)	(84, 0.0004378593111582087)	(86, 0.0003388650321137441)	(88, 0.0013821124343515632)	(90, 1.9037361354704725e-05)	(92, 0.0010127876240702913)	(94, 0.0013821124343515632)	(96, 0.0014963366024797916)	(98, 0.001458261879770382)	(100, 0.0015877159369823742)
SRR19077123_1	(1, 0.025499563457204368)	(2, 0.01988566739275135)	(3, 0.0)	(4, 6.237662293836684e-06)	(5, 8.10896098198769e-05)	(6, 9.980259670138694e-05)	(7, 0.0)	(8, 0.0)	(9, 0.0)	(10, 6.237662293836684e-06)	(12, 0.0)	(14, 1.2475324587673368e-05)	(16, 0.0012257006407389085)	(18, 0.0)	(20, 0.0016529805078667214)	(22, 0.0)	(24, 0.0)	(26, 0.0)	(28, 0.0)	(30, 0.0)	(32, 9.356493440755026e-06)	(34, 3.118831146918342e-06)	(36, 0.0)	(38, 0.0)	(40, 5.9257791791448506e-05)	(42, 0.0)	(44, 1.559415573459171e-05)	(46, 6.237662293836684e-06)	(48, 6.237662293836684e-06)	(50, 3.118831146918342e-06)	(52, 0.0)	(54, 9.356493440755026e-06)	(56, 3.118831146918342e-06)	(58, 2.1831818028428397e-05)	(60, 2.8069480322265077e-05)	(62, 0.00017465454422742717)	(64, 0.00010292142784830529)	(66, 0.0002900512966634058)	(68, 2.8069480322265077e-05)	(70, 9.356493440755026e-06)	(72, 0.0)	(74, 3.118831146918342e-06)	(76, 9.356493440755026e-06)	(78, 0.0)	(80, 6.237662293836684e-06)	(82, 0.0)	(84, 0.0)	(86, 0.0)	(88, 0.0)	(90, 0.00017153571308050882)	(92, 0.0)	(94, 1.871298688151005e-05)	(96, 0.0)	(98, 0.0)	(100, 0.0)
SRR19077123_2	(1, 0.02544966215885367)	(2, 0.022954597241319)	(3, 0.0013286220685872138)	(4, 0.00047406233433158805)	(5, 0.00043663636056856796)	(6, 0.0007859454490234222)	(7, 0.00118515583582897)	(8, 0.00031812077698567087)	(9, 6.237662293836684e-05)	(10, 0.00012787207702365204)	(12, 0.0007142123326443004)	(14, 3.118831146918342e-05)	(16, 0.001640505183279048)	(18, 0.0021894194651366763)	(20, 0.001677931157042068)	(22, 0.00180580323406572)	(24, 0.007438412285400247)	(26, 0.004618988928586065)	(28, 0.0016155545341037013)	(30, 0.0018900116750325156)	(32, 0.0005083694769476897)	(34, 0.004410027241742536)	(36, 6.861428523220353e-05)	(38, 0.0001902486999620189)	(40, 3.118831146918342e-06)	(42, 0.000838965578521034)	(44, 0.0031687324452690357)	(46, 0.005068100613742306)	(48, 0.0007859454490234222)	(50, 0.0010229766161892163)	(52, 0.0061846421643390725)	(54, 0.0042821551647188845)	(56, 0.010170508370100714)	(58, 0.0029784837453070167)	(60, 0.0009262928506347475)	(62, 8.10896098198769e-05)	(64, 0.0007391629818196471)	(66, 0.0002307935048719573)	(68, 0.001849466870122577)	(70, 0.0023110538798664917)	(72, 0.002451401281477817)	(74, 0.0027196207601127946)	(76, 0.0028755623174587116)	(78, 0.003174970107562872)	(80, 0.003196801925591301)	(82, 0.002186300633989758)	(84, 0.0007828266178765039)	(86, 0.0004148045425401395)	(88, 0.0016810499881889866)	(90, 0.00015906038849283543)	(92, 0.002105211024169881)	(94, 0.002342242191335675)	(96, 0.0025948675142360607)	(98, 0.0025356097224446122)	(100, 0.002560560371619959)
SRR19077124_1	(1, 0.021492751385074404)	(2, 0.02999017906799052)	(3, 6.308409564154507e-06)	(4, 0.0)	(5, 0.0)	(6, 6.308409564154507e-06)	(7, 0.0)	(8, 0.0)	(9, 0.0)	(10, 3.1542047820772536e-06)	(12, 0.0)	(14, 0.0)	(16, 0.0016748827392830212)	(18, 0.0)	(20, 0.0009178735915844808)	(22, 3.1542047820772536e-06)	(24, 0.0)	(26, 9.462614346231761e-06)	(28, 0.0)	(30, 0.0)	(32, 6.308409564154507e-06)	(34, 9.462614346231761e-06)	(36, 0.0)	(38, 0.0)	(40, 1.5771023910386266e-05)	(42, 0.0)	(44, 5.36214812953133e-05)	(46, 1.8925228692463522e-05)	(48, 5.992989085946781e-05)	(50, 3.1542047820772536e-06)	(52, 9.462614346231761e-06)	(54, 2.2079433474540774e-05)	(56, 2.523363825661803e-05)	(58, 3.4696252602849785e-05)	(60, 3.1542047820772536e-06)	(62, 0.00011985978171893561)	(64, 0.00012616819128309013)	(66, 0.00012301398650101287)	(68, 3.4696252602849785e-05)	(70, 6.308409564154507e-06)	(72, 2.523363825661803e-05)	(74, 0.00013563080562932188)	(76, 3.7850457384927044e-05)	(78, 2.838784303869528e-05)	(80, 1.8925228692463522e-05)	(82, 0.0)	(84, 3.7850457384927044e-05)	(86, 1.2616819128309015e-05)	(88, 0.0)	(90, 1.5771023910386266e-05)	(92, 0.0)	(94, 1.5771023910386266e-05)	(96, 0.0)	(98, 6.308409564154507e-06)	(100, 9.462614346231761e-06)
SRR19077124_2	(1, 0.020653732913041855)	(2, 0.021032237486891127)	(3, 0.0008768689294174764)	(4, 0.00016401864866801718)	(5, 7.570091476985409e-05)	(6, 0.0007570091476985408)	(7, 0.0008831773389816309)	(8, 0.0004289718503625064)	(9, 6.308409564154507e-05)	(10, 0.00024602797300202575)	(12, 0.0006718456185824549)	(14, 1.2616819128309015e-05)	(16, 0.0009809576872260258)	(18, 0.001419392151934764)	(20, 0.0008768689294174764)	(22, 0.001220677250663897)	(24, 0.006841470172325562)	(26, 0.0050877323134906095)	(28, 0.0013846958993319143)	(30, 0.0015739481862565494)	(32, 0.0002586447921303347)	(34, 0.0030785038673073993)	(36, 5.046727651323606e-05)	(38, 0.00024602797300202575)	(40, 0.0)	(42, 0.000772780171608927)	(44, 0.0016685743297188672)	(46, 0.003333994454655657)	(48, 0.00018294387736048068)	(50, 0.0005204437890427467)	(52, 0.004860629569181048)	(54, 0.0034349290076821286)	(56, 0.009437380707975142)	(58, 0.002056541517914369)	(60, 0.0002050233108350215)	(62, 5.36214812953133e-05)	(64, 0.0007570091476985408)	(66, 6.308409564154507e-05)	(68, 0.0013468454419469872)	(70, 0.0016591117153726353)	(72, 0.0015487145479999313)	(74, 0.0014667052236659228)	(76, 0.0017001163775396393)	(78, 0.0019303733266312789)	(80, 0.0023341115387371675)	(82, 0.0014887846571404635)	(84, 0.0005015185603502833)	(86, 0.00029649524951526183)	(88, 0.0012269856602280516)	(90, 2.2079433474540774e-05)	(92, 0.000971495072879794)	(94, 0.0012427566841384378)	(96, 0.0014414715854093047)	(98, 0.0014667052236659228)	(100, 0.001482476247576309)
SRR19077125_1	(1, 0.025481047281616324)	(2, 0.020016102753116143)	(3, 0.0)	(4, 6.608155415356931e-06)	(5, 7.929786498428317e-05)	(6, 7.268970956892623e-05)	(7, 0.0)	(8, 0.0)	(9, 0.0)	(10, 0.0)	(12, 0.0)	(14, 1.9824466246070793e-05)	(16, 0.0013183270053637077)	(18, 0.0)	(20, 0.001618998076762448)	(22, 0.0)	(24, 0.0)	(26, 0.0)	(28, 0.0)	(30, 0.0)	(32, 6.608155415356931e-06)	(34, 0.0)	(36, 0.0)	(38, 0.0)	(40, 4.295301019982005e-05)	(42, 0.0)	(44, 3.304077707678465e-05)	(46, 3.3040777076784653e-06)	(48, 9.912233123035396e-06)	(50, 3.3040777076784653e-06)	(52, 6.608155415356931e-06)	(54, 2.3128543953749258e-05)	(56, 3.3040777076784653e-06)	(58, 2.9736699369106184e-05)	(60, 6.608155415356931e-06)	(62, 0.0002015487401683864)	(64, 0.00011564271976874629)	(66, 0.00027093437202963417)	(68, 3.304077707678465e-05)	(70, 9.912233123035396e-06)	(72, 6.608155415356931e-06)	(74, 3.3040777076784653e-06)	(76, 2.3128543953749258e-05)	(78, 1.6520388538392324e-05)	(80, 9.912233123035396e-06)	(82, 0.0)	(84, 0.0)	(86, 0.0)	(88, 0.0)	(90, 0.00014868349684553093)	(92, 0.0)	(94, 1.9824466246070793e-05)	(96, 3.3040777076784653e-06)	(98, 0.0)	(100, 0.0)
SRR19077125_2	(1, 0.025606602234508103)	(2, 0.023769535029038877)	(3, 0.0012819821505792445)	(4, 0.0005352605886439114)	(5, 0.0004890035007364128)	(6, 0.0008788846702424717)	(7, 0.0013282392384867429)	(8, 0.0003700567032599881)	(9, 6.60815541535693e-05)	(10, 0.00017511611850695865)	(12, 0.0008028908829658671)	(14, 3.634485478446312e-05)	(16, 0.001790810117561728)	(18, 0.0023194625507902823)	(20, 0.0018634998271306541)	(22, 0.0019857507023147572)	(24, 0.00755642571746065)	(26, 0.004893339085071807)	(28, 0.001790810117561728)	(30, 0.00213113012145261)	(32, 0.0005319565109362329)	(34, 0.004450592672242893)	(36, 9.581825352267548e-05)	(38, 0.00024119767266052796)	(40, 0.0)	(42, 0.0009846151568881827)	(44, 0.0031487860554175774)	(46, 0.005154361223978406)	(48, 0.000852452048581044)	(50, 0.0011564271976874628)	(52, 0.006304180266250512)	(54, 0.004493545682442712)	(56, 0.010308722447956812)	(58, 0.003112441200633114)	(60, 0.0009813110791805043)	(62, 0.0001321631083071386)	(64, 0.0008194112715042593)	(66, 0.0002445017503682064)	(68, 0.0020187914793915423)	(70, 0.002639958088435094)	(72, 0.0027093437202963416)	(74, 0.0029009802273416924)	(76, 0.0030760963458486513)	(78, 0.0033073817853861436)	(80, 0.0033899837280781052)	(82, 0.0022831176960058197)	(84, 0.0009581825352267549)	(86, 0.0005649972880130175)	(88, 0.0018998446819151174)	(90, 0.00015529165226088785)	(92, 0.002266597307467427)	(94, 0.002587092845112238)	(96, 0.0028315945954804447)	(98, 0.0028679394502649077)	(100, 0.0027952497406959816)
SRR19077126_1	(1, 0.020797156752532645)	(2, 0.029935099264068794)	(3, 6.67003103031836e-06)	(4, 0.0)	(5, 0.0)	(6, 0.0)	(7, 0.0)	(8, 0.0)	(9, 0.0)	(10, 0.0)	(12, 0.0)	(14, 0.0)	(16, 0.001634157602427998)	(18, 0.0)	(20, 0.000817078801213999)	(22, 0.0)	(24, 0.0)	(26, 3.33501551515918e-06)	(28, 0.0)	(30, 0.0)	(32, 2.0010093090955076e-05)	(34, 3.33501551515918e-06)	(36, 0.0)	(38, 0.0)	(40, 3.3350155151591794e-05)	(42, 0.0)	(44, 6.003027927286523e-05)	(46, 3.3350155151591794e-05)	(48, 7.003532581834277e-05)	(50, 1.0005046545477538e-05)	(52, 2.334510860611426e-05)	(54, 2.334510860611426e-05)	(56, 3.6685170666750973e-05)	(58, 5.336024824254688e-05)	(60, 6.67003103031836e-06)	(62, 0.00013340062060636718)	(64, 0.00014007065163668554)	(66, 9.338043442445704e-05)	(68, 5.336024824254688e-05)	(70, 3.33501551515918e-06)	(72, 3.3350155151591794e-05)	(74, 0.00013340062060636718)	(76, 3.3350155151591794e-05)	(78, 3.3350155151591794e-05)	(80, 1.0005046545477538e-05)	(82, 0.0)	(84, 2.0010093090955076e-05)	(86, 1.0005046545477538e-05)	(88, 0.0)	(90, 3.3350155151591794e-05)	(92, 0.0)	(94, 6.67003103031836e-06)	(96, 0.0)	(98, 6.67003103031836e-06)	(100, 6.67003103031836e-06)
SRR19077126_2	(1, 0.02024354417701622)	(2, 0.021477499917625115)	(3, 0.00085376397188075)	(4, 0.0001600807447276406)	(5, 0.0001467406826670039)	(6, 0.0005802926996376973)	(7, 0.0007270333823047011)	(8, 0.0003868617997584648)	(9, 0.00010672049648509375)	(10, 0.00020677096193986912)	(12, 0.0006536630409711992)	(14, 1.0005046545477538e-05)	(16, 0.0008204138167291582)	(18, 0.0013240011595181942)	(20, 0.0008570989873959091)	(22, 0.0010738749958812558)	(24, 0.006820106728500522)	(26, 0.004669021721222851)	(28, 0.0012539658336998515)	(30, 0.001283980973336284)	(32, 0.00022011102400050584)	(34, 0.002891458451643009)	(36, 5.669526375770605e-05)	(38, 0.00022011102400050584)	(40, 0.0)	(42, 0.0007437084598804971)	(44, 0.0014607367956397206)	(46, 0.003138249599764788)	(48, 0.0001767558223034365)	(50, 0.00037685675321298727)	(52, 0.004642341597101579)	(54, 0.0033917107789168855)	(56, 0.0092646731011122)	(58, 0.001897623828125573)	(60, 0.00013673563612152638)	(62, 3.6685170666750973e-05)	(64, 0.000667003103031836)	(66, 6.670031030318359e-05)	(68, 0.0012139456475179415)	(70, 0.0014740768577003573)	(72, 0.001410711562912333)	(74, 0.0013440112526091495)	(76, 0.00150409199733679)	(78, 0.0017542181609737284)	(80, 0.0020777146659441688)	(82, 0.0013273361750333536)	(84, 0.0004535621100616484)	(86, 0.00025012616363693846)	(88, 0.001170590445820872)	(90, 2.334510860611426e-05)	(92, 0.0009538144373355253)	(94, 0.0012039406009724638)	(96, 0.001394036485336537)	(98, 0.0012673058957604884)	(100, 0.0014373916870336063)
SRR19077127_1	(1, 0.025408891452936875)	(2, 0.01951849000499952)	(3, 0.0)	(4, 0.0)	(5, 4.1825335724998976e-05)	(6, 9.062156073749777e-05)	(7, 0.0)	(8, 0.0)	(9, 0.0)	(10, 0.0)	(12, 0.0)	(14, 1.3941778574999659e-05)	(16, 0.001181565734231221)	(18, 0.0)	(20, 0.0017043824307937084)	(22, 0.0)	(24, 0.0)	(26, 0.0)	(28, 0.0)	(30, 0.0)	(32, 1.3941778574999659e-05)	(34, 0.0)	(36, 0.0)	(38, 0.0)	(40, 4.531078036874889e-05)	(42, 0.0)	(44, 2.0912667862499488e-05)	(46, 3.4854446437499147e-06)	(48, 0.0)	(50, 0.0)	(52, 0.0)	(54, 0.0)	(56, 3.4854446437499147e-06)	(58, 1.7427223218749573e-05)	(60, 2.4398112506249403e-05)	(62, 0.0002614083482812436)	(64, 0.00015684500896874618)	(66, 0.00031717546258124224)	(68, 3.833989108124906e-05)	(70, 3.4854446437499147e-06)	(72, 3.4854446437499147e-06)	(74, 0.0)	(76, 1.3941778574999659e-05)	(78, 0.0)	(80, 6.970889287499829e-06)	(82, 0.0)	(84, 0.0)	(86, 0.0)	(88, 0.0)	(90, 0.00016033045361249607)	(92, 0.0)	(94, 1.7427223218749573e-05)	(96, 0.0)	(98, 0.0)	(100, 0.0)
SRR19077127_2	(1, 0.02712373021766183)	(2, 0.02284360419513694)	(3, 0.0012129347360249703)	(4, 0.00047402047154998837)	(5, 0.0003973406893874902)	(6, 0.0008016522680624804)	(7, 0.001394177857499966)	(8, 0.00041825335724998973)	(9, 6.970889287499829e-05)	(10, 0.00015335956432499623)	(12, 0.0009062156073749779)	(14, 1.0456333931249744e-05)	(16, 0.0017740913236687064)	(18, 0.002411927693474941)	(20, 0.0018542565504749543)	(22, 0.002133092121974948)	(24, 0.0077760270002060605)	(26, 0.004761117383362383)	(28, 0.0017148387647249578)	(30, 0.0022341700166436953)	(32, 0.0005228166965624872)	(34, 0.004440456476137391)	(36, 7.667978216249812e-05)	(38, 0.00021609756791249473)	(40, 0.0)	(42, 0.0010038080573999753)	(44, 0.0030706767311436747)	(46, 0.005144516294174874)	(48, 0.0008469630484312292)	(50, 0.001143225843149972)	(52, 0.006587490376687339)	(54, 0.004590330595818638)	(56, 0.010093847688299754)	(58, 0.0031055311775811736)	(60, 0.0009236428305937274)	(62, 9.759245002499761e-05)	(64, 0.0008225649359249799)	(66, 0.0002404956804187441)	(68, 0.0019832180022937014)	(70, 0.0026733360417561846)	(72, 0.0026454524846061854)	(74, 0.0028510937185874303)	(76, 0.002966113391831177)	(78, 0.0032100945168936717)	(80, 0.003314657856206169)	(82, 0.002237655461287445)	(84, 0.0009689536109624762)	(86, 0.0005263021412062371)	(88, 0.0019448781112124524)	(90, 0.00015335956432499623)	(92, 0.002122635788043698)	(94, 0.0026210543720999358)	(96, 0.0028720063864499296)	(98, 0.002809268382862431)	(100, 0.002763957602493682)
SRR19077128_1	(1, 0.02167464788215986)	(2, 0.02846472137289504)	(3, 7.050958972726044e-06)	(4, 0.0)	(5, 0.0)	(6, 0.0)	(7, 0.0)	(8, 0.0)	(9, 0.0)	(10, 7.050958972726044e-06)	(12, 0.0)	(14, 0.0)	(16, 0.001692230153454251)	(18, 0.0)	(20, 0.0007615035690544128)	(22, 3.525479486363022e-06)	(24, 0.0)	(26, 1.0576438459089067e-05)	(28, 0.0)	(30, 0.0)	(32, 1.4101917945452088e-05)	(34, 1.0576438459089067e-05)	(36, 0.0)	(38, 0.0)	(40, 2.8203835890904177e-05)	(42, 0.0)	(44, 4.583123332271929e-05)	(46, 1.4101917945452088e-05)	(48, 7.050958972726045e-05)	(50, 0.0)	(52, 1.4101917945452088e-05)	(54, 2.4678356404541157e-05)	(56, 2.4678356404541157e-05)	(58, 3.878027434999325e-05)	(60, 0.0)	(62, 0.00013044274099543183)	(64, 0.00011986630253634276)	(66, 9.166246664543858e-05)	(68, 1.762739743181511e-05)	(70, 7.050958972726044e-06)	(72, 1.4101917945452088e-05)	(74, 0.00012691726150906879)	(76, 3.525479486363022e-05)	(78, 4.9356712809082314e-05)	(80, 2.8203835890904177e-05)	(82, 0.0)	(84, 4.230575383635627e-05)	(86, 2.1152876918178134e-05)	(88, 0.0)	(90, 3.878027434999325e-05)	(92, 0.0)	(94, 3.525479486363022e-06)	(96, 0.0)	(98, 2.8203835890904177e-05)	(100, 1.4101917945452088e-05)
SRR19077128_2	(1, 0.020200997456860117)	(2, 0.02046893389782371)	(3, 0.0007756054869998649)	(4, 0.00022563068712723341)	(5, 0.00011986630253634276)	(6, 0.0007615035690544128)	(7, 0.0008954717895362076)	(8, 0.00040190466144538454)	(9, 4.9356712809082314e-05)	(10, 0.00023973260507268552)	(12, 0.0006945194588135154)	(14, 1.4101917945452088e-05)	(16, 0.0009906597356680092)	(18, 0.0014595485073542911)	(20, 0.0009518794613180161)	(22, 0.001255070697145236)	(24, 0.006973398424026059)	(26, 0.004960349637312773)	(28, 0.001427819191977024)	(30, 0.0015300580970815515)	(32, 0.00027851287942267874)	(34, 0.0028838422198449523)	(36, 5.288219229544534e-05)	(38, 0.00020095233072269227)	(40, 0.0)	(42, 0.0008531660356998514)	(44, 0.0015547364534860928)	(46, 0.003194084414644898)	(48, 0.00020095233072269227)	(50, 0.0005147200050090013)	(52, 0.004977977034744587)	(54, 0.0032610685248857956)	(56, 0.009286112967080202)	(58, 0.0019918959097951073)	(60, 0.00020800328969541832)	(62, 7.403506921362347e-05)	(64, 0.0008038093228907691)	(66, 7.050958972726045e-05)	(68, 0.0013114783689270441)	(70, 0.0017415868662633328)	(72, 0.0015018542611906474)	(74, 0.0014736504252997433)	(76, 0.0016569753585906205)	(78, 0.0018226728944496827)	(80, 0.002210475637949615)	(82, 0.0013960898765997569)	(84, 0.0005111945255226382)	(86, 0.0003313950717181241)	(88, 0.0014595485073542911)	(90, 2.4678356404541157e-05)	(92, 0.0009166246664543857)	(94, 0.0013220548073861335)	(96, 0.0014948033022179213)	(98, 0.001448972068895202)	(100, 0.0016463989201315314)
SRR19077129_1	(1, 0.00034100900080141885)	(2, 0.19191414242305305)	(3, 0.0)	(4, 0.0)	(5, 5.007824487293563e-05)	(6, 0.0014522691013151335)	(7, 4.769356654565298e-06)	(8, 0.0)	(9, 0.0005365526236385961)	(10, 0.0)	(12, 1.1923391636413245e-06)	(14, 0.0)	(16, 0.0)	(18, 0.0)	(20, 0.0)	(22, 0.0)	(24, 0.0007380579422939799)	(26, 0.0009324092259675159)	(28, 0.0)	(30, 0.0)	(32, 0.0)	(34, 0.0)	(36, 0.00013354198632782837)	(38, 0.0004244727422563116)	(40, 0.00044593484720185537)	(42, 0.0006069006342934342)	(44, 0.000767866421385013)	(46, 0.0008501378236762645)	(48, 0.0004530888821837034)	(50, 0.0007666740822213718)	(52, 0.0007797898130214264)	(54, 0.0005890155468388144)	(56, 0.0008477531453489818)	(58, 0.0007356732639666973)	(60, 0.0012173782860777924)	(62, 0.000921678173494744)	(64, 0.0004411654905472901)	(66, 0.0005830538510206078)	(68, 0.00037916385403794124)	(70, 0.0013068037233508918)	(72, 4.769356654565298e-06)	(74, 0.0)	(76, 0.0002563529201828848)	(78, 0.00010015648974587127)	(80, 0.0)	(82, 1.1923391636413245e-06)	(84, 0.00020150531865538386)	(86, 0.0003338549658195709)	(88, 0.00024562186771011287)	(90, 0.0003004694692376138)	(92, 0.0005448989977840853)	(94, 0.0002480065460373955)	(96, 0.00016692748290978544)	(98, 0.00010254116807315391)	(100, 0.0004399731513836488)
SRR19077129_2	(1, 0.10381458629992286)	(2, 0.05233891992719959)	(3, 0.006801102589410116)	(4, 0.0027018405448112418)	(5, 0.00021462104945543843)	(6, 0.0020150531865538385)	(7, 0.00032670093083772295)	(8, 0.0008131753096033835)	(9, 3.8154853236522384e-05)	(10, 0.0003183545566922337)	(12, 0.0003040464867285378)	(14, 0.00019435128367353594)	(16, 0.00024323718938283023)	(18, 0.00010492584640043657)	(20, 5.007824487293563e-05)	(22, 1.788508745461987e-05)	(24, 2.7423800763750466e-05)	(26, 1.0731052472771922e-05)	(28, 9.538713309130596e-06)	(30, 5.9616958182066226e-06)	(32, 1.0731052472771922e-05)	(34, 1.1923391636413245e-06)	(36, 0.0)	(38, 0.0)	(40, 0.00019196660534625325)	(42, 8.70407589458167e-05)	(44, 9.777181141858863e-05)	(46, 8.346374145489273e-06)	(48, 0.00012161859469141512)	(50, 0.0004495118646927794)	(52, 3.338549658195709e-05)	(54, 0.0)	(56, 0.0)	(58, 0.0)	(60, 1.550040912733722e-05)	(62, 1.1923391636413245e-06)	(64, 0.0)	(66, 0.0)	(68, 0.0)	(70, 0.0)	(72, 0.0)	(74, 0.0)	(76, 0.0)	(78, 4.769356654565298e-06)	(80, 0.0)	(82, 0.0)	(84, 0.0)	(86, 0.0)	(88, 2.026976578190252e-05)	(90, 5.9616958182066226e-06)	(92, 0.0)	(94, 0.0)	(96, 4.769356654565298e-05)	(98, 0.0)	(100, 0.0)
SRR19077130_1	(1, 0.007642233863037614)	(2, 0.16944156872764374)	(3, 0.007405135413510592)	(4, 0.0)	(5, 3.592400750409408e-05)	(6, 0.0)	(7, 0.0)	(8, 0.0)	(9, 0.00013172136084834497)	(10, 0.0)	(12, 1.1974669168031361e-06)	(14, 0.0)	(16, 0.0)	(18, 0.0)	(20, 0.0)	(22, 0.0)	(24, 0.00031732873295283105)	(26, 0.0004478526268843728)	(28, 0.0)	(30, 0.0)	(32, 0.0)	(34, 0.0)	(36, 4.67012097553223e-05)	(38, 7.783534959220383e-05)	(40, 0.00023111111494300524)	(42, 0.00023709844952702095)	(44, 0.00023230858185980838)	(46, 0.0003472654058729094)	(48, 0.0002167415119413676)	(50, 0.00023829591644382403)	(52, 0.0003484628727897126)	(54, 0.00026823258936390244)	(56, 0.0004358779577163415)	(58, 0.00043947035846675093)	(60, 0.0005592170501470645)	(62, 0.00040474381787945996)	(64, 0.00037121474420897214)	(66, 0.00036881981037536587)	(68, 0.0003316983359544687)	(70, 0.0004981462373901046)	(72, 3.592400750409408e-06)	(74, 4.7898676672125445e-06)	(76, 0.0)	(78, 0.0)	(80, 0.0)	(82, 0.0)	(84, 0.0003161312660360279)	(86, 0.0003089464645352091)	(88, 0.0005951410576511586)	(90, 0.00038558434721060983)	(92, 0.00037121474420897214)	(94, 0.00031852619986963415)	(96, 0.00020117444202292684)	(98, 0.0002945768615335715)	(100, 0.00036402994270815333)
SRR19077130_2	(1, 0.10780794651978633)	(2, 0.037131054156231635)	(3, 0.0020740126999030314)	(4, 0.0004478526268843728)	(5, 9.100748567703833e-05)	(6, 0.001789015573703885)	(7, 0.00030655153070160285)	(8, 3.113413983688154e-05)	(9, 0.00043108809004912895)	(10, 6.34657465905662e-05)	(12, 9.34024195106446e-05)	(14, 1.9159470668850178e-05)	(16, 1.6764536835243902e-05)	(18, 1.1974669168031361e-06)	(20, 1.1974669168031361e-06)	(22, 2.3949338336062722e-06)	(24, 2.3949338336062722e-06)	(26, 0.0)	(28, 0.0)	(30, 1.1974669168031361e-06)	(32, 0.0)	(34, 0.0)	(36, 0.0)	(38, 0.0)	(40, 1.0777202251228223e-05)	(42, 0.0)	(44, 1.1974669168031361e-06)	(46, 0.0)	(48, 1.1974669168031361e-06)	(50, 3.113413983688154e-05)	(52, 0.0)	(54, 0.0)	(56, 0.0)	(58, 0.0)	(60, 0.0)	(62, 0.0)	(64, 0.0)	(66, 0.0)	(68, 0.0)	(70, 0.0)	(72, 0.0)	(74, 0.0)	(76, 0.0)	(78, 0.0)	(80, 0.0)	(82, 0.0)	(84, 0.0)	(86, 0.0)	(88, 0.0)	(90, 0.0)	(92, 0.0)	(94, 0.0)	(96, 0.0)	(98, 0.0)	(100, 0.0)
SRR19077131_1	(1, 0.0003111292126325434)	(2, 0.19128009420777986)	(3, 0.0)	(4, 0.0)	(5, 3.4867929001922966e-05)	(6, 0.0013088884117644928)	(7, 8.046445154289916e-06)	(8, 0.0)	(9, 0.0004023222577144958)	(10, 0.0)	(12, 0.0)	(14, 0.0)	(16, 0.0)	(18, 0.0)	(20, 0.0)	(22, 0.0)	(24, 0.0007349086574251455)	(26, 0.0009441162314366833)	(28, 0.0)	(30, 0.0)	(32, 0.0)	(34, 0.0)	(36, 0.00010058056442862395)	(38, 0.0003647721803278095)	(40, 0.00039427581256020584)	(42, 0.0005391118253374243)	(44, 0.0006651727994212997)	(46, 0.0007617301412727786)	(48, 0.0004184151480230756)	(50, 0.0006852889123070245)	(52, 0.0006866299864994062)	(54, 0.0005270421576059895)	(56, 0.0007697765864270686)	(58, 0.0006531031316898648)	(60, 0.001080905799059612)	(62, 0.0007764819573889768)	(64, 0.00037684184805924435)	(66, 0.00047876348668024997)	(68, 0.0003366096222877948)	(70, 0.0012646329634158984)	(72, 0.0)	(74, 0.0)	(76, 0.0002494397997829874)	(78, 8.985197088957073e-05)	(80, 2.6821483847633053e-06)	(82, 9.387519346671568e-06)	(84, 0.0001984789804724846)	(86, 0.0003017416932858718)	(88, 0.00022395939012773597)	(90, 0.0002628505417068039)	(92, 0.0004733991899107234)	(94, 0.00020250220304962954)	(96, 0.00012337882569911203)	(98, 8.985197088957073e-05)	(100, 0.000382206144828771)
SRR19077131_2	(1, 0.10351751690993977)	(2, 0.05106005880073904)	(3, 0.006662456587752049)	(4, 0.0027223806105347546)	(5, 0.0002065254256267745)	(6, 0.0019284646886448163)	(7, 0.0003272221029411232)	(8, 0.0007858694767356483)	(9, 4.0232225771449574e-05)	(10, 0.00024407550301346076)	(12, 0.0002910130997468186)	(14, 0.00017165749662485154)	(16, 0.00021859509335820938)	(18, 9.655734185147899e-05)	(20, 4.559652254097619e-05)	(22, 1.0728593539053221e-05)	(24, 2.8162558040014703e-05)	(26, 8.046445154289916e-06)	(28, 1.2069667731434873e-05)	(30, 1.0728593539053221e-05)	(32, 5.364296769526611e-06)	(34, 0.0)	(36, 0.0)	(38, 0.0)	(40, 0.00018775038693343135)	(42, 8.851089669718907e-05)	(44, 9.92394902362423e-05)	(46, 8.046445154289916e-06)	(48, 0.00010594486119815055)	(50, 0.0004492598544478536)	(52, 2.4139335462869747e-05)	(54, 2.6821483847633053e-06)	(56, 0.0)	(58, 0.0)	(60, 9.387519346671568e-06)	(62, 0.0)	(64, 0.0)	(66, 0.0)	(68, 0.0)	(70, 0.0)	(72, 2.6821483847633053e-06)	(74, 0.0)	(76, 0.0)	(78, 2.6821483847633053e-06)	(80, 0.0)	(82, 0.0)	(84, 0.0)	(86, 0.0)	(88, 2.1457187078106442e-05)	(90, 6.7053709619082635e-06)	(92, 0.0)	(94, 1.3410741923816527e-06)	(96, 4.157329996383123e-05)	(98, 1.3410741923816527e-06)	(100, 0.0)
SRR19077132_1	(1, 0.007645391978063052)	(2, 0.1700090910758799)	(3, 0.0074086592215290795)	(4, 0.0)	(5, 6.187333409410633e-05)	(6, 0.0)	(7, 0.0)	(8, 0.0)	(9, 6.994376897594628e-05)	(10, 0.0)	(12, 0.0)	(14, 0.0)	(16, 0.0)	(18, 0.0)	(20, 0.0)	(22, 0.0)	(24, 0.0003174371053523716)	(26, 0.00043714855609966425)	(28, 0.0)	(30, 0.0)	(32, 0.0)	(34, 0.0)	(36, 3.63169569682798e-05)	(38, 6.187333409410633e-05)	(40, 0.00019369043716415893)	(42, 0.00019638058212477223)	(44, 0.0001977256546050789)	(46, 0.0003134018879114516)	(48, 0.0001721692774792524)	(50, 0.0001977256546050789)	(52, 0.0003093666704705316)	(54, 0.00023135246661274542)	(56, 0.00035240898984034474)	(58, 0.00038334565688739793)	(60, 0.0004734655130679441)	(62, 0.000308021597990225)	(64, 0.00031878217783267826)	(66, 0.0003295427576751315)	(68, 0.00028784551078562507)	(70, 0.0004532894258633442)	(72, 4.035217440919977e-06)	(74, 4.035217440919977e-06)	(76, 0.0)	(78, 0.0)	(80, 0.0)	(82, 0.0)	(84, 0.00028919058326593174)	(86, 0.0002515285538173453)	(88, 0.0005245782673195972)	(90, 0.00034837377239942477)	(92, 0.0003241624677539049)	(94, 0.00029860609062807837)	(96, 0.00018427492980201233)	(98, 0.00022597217669151874)	(100, 0.0003322329026357448)
SRR19077132_2	(1, 0.10804698219807334)	(2, 0.036061393197021535)	(3, 0.0019799466910114024)	(4, 0.000489606382831624)	(5, 0.00012105652322759934)	(6, 0.0015468333523526582)	(7, 0.0003174371053523716)	(8, 5.111275425165306e-05)	(9, 0.00040890203401322447)	(10, 5.918318913349301e-05)	(12, 8.070434881839956e-05)	(14, 1.4795797283373253e-05)	(16, 2.152115968490655e-05)	(18, 1.3450724803066593e-06)	(20, 1.3450724803066593e-06)	(22, 1.3450724803066593e-06)	(24, 1.3450724803066593e-06)	(26, 1.3450724803066593e-06)	(28, 0.0)	(30, 0.0)	(32, 0.0)	(34, 0.0)	(36, 0.0)	(38, 0.0)	(40, 1.2105652322759933e-05)	(42, 4.035217440919977e-06)	(44, 1.3450724803066593e-06)	(46, 0.0)	(48, 1.3450724803066593e-06)	(50, 3.766202944858646e-05)	(52, 0.0)	(54, 0.0)	(56, 0.0)	(58, 0.0)	(60, 0.0)	(62, 0.0)	(64, 0.0)	(66, 0.0)	(68, 0.0)	(70, 0.0)	(72, 0.0)	(74, 0.0)	(76, 0.0)	(78, 0.0)	(80, 0.0)	(82, 0.0)	(84, 0.0)	(86, 0.0)	(88, 0.0)	(90, 0.0)	(92, 0.0)	(94, 0.0)	(96, 0.0)	(98, 0.0)	(100, 0.0)
SRR19077133_1	(1, 0.000306640295601245)	(2, 0.19152168786500234)	(3, 0.0)	(4, 0.0)	(5, 5.5487291584987186e-05)	(6, 0.001430988046139143)	(7, 5.840767535261809e-06)	(8, 0.0)	(9, 0.0004935448567296228)	(10, 0.0)	(12, 1.4601918838154523e-06)	(14, 0.0)	(16, 0.0)	(18, 0.0)	(20, 0.0)	(22, 0.0)	(24, 0.0007403172850944343)	(26, 0.0009432839569447822)	(28, 0.0)	(30, 0.0)	(32, 0.0)	(34, 0.0)	(36, 0.00010221343186708165)	(38, 0.0003752693141405712)	(40, 0.00035920720341860125)	(42, 0.0005256690781735628)	(44, 0.000658546539600769)	(46, 0.000794344384795606)	(48, 0.00038695084921109484)	(50, 0.0006746086503227388)	(52, 0.0006833698016256316)	(54, 0.0005066865836839618)	(56, 0.0007578395877002197)	(58, 0.0006045194398995972)	(60, 0.0011170467911188209)	(62, 0.0008308491818909922)	(64, 0.00035774701153478577)	(66, 0.00047310217035620656)	(68, 0.00031686163878795313)	(70, 0.0012543048281974734)	(72, 1.4601918838154523e-06)	(74, 0.0)	(76, 0.0002321705095266569)	(78, 8.031055360984987e-05)	(80, 0.0)	(82, 4.380575651446357e-06)	(84, 0.0001956657124312706)	(86, 0.00028327722546019773)	(88, 0.000213188015037056)	(90, 0.00023363070141047234)	(92, 0.00046872159470476017)	(94, 0.00019420552054745516)	(96, 0.0001343376533110216)	(98, 9.345228056418895e-05)	(100, 0.0003825702735596485)
SRR19077133_2	(1, 0.10331733693124613)	(2, 0.05275673276225229)	(3, 0.006711041898015819)	(4, 0.0027568422766435737)	(5, 0.00018398417736074699)	(6, 0.0018456825411427315)	(7, 0.00031248106313650674)	(8, 0.0007563793958164042)	(9, 4.964652404972537e-05)	(10, 0.00024969281213244233)	(12, 0.0002599141553191505)	(14, 0.00016938225852259245)	(16, 0.0002204889744561333)	(18, 9.053189679655803e-05)	(20, 4.8186332165909926e-05)	(22, 2.044268637341633e-05)	(24, 2.7743645792493593e-05)	(26, 1.7522302605785427e-05)	(28, 2.1902878257231783e-05)	(30, 7.300959419077261e-06)	(32, 1.0221343186708165e-05)	(34, 0.0)	(36, 0.0)	(38, 1.4601918838154523e-06)	(40, 0.0001533201478006225)	(42, 6.132805912024899e-05)	(44, 6.424844288787989e-05)	(46, 4.380575651446357e-06)	(48, 8.761151302892713e-05)	(50, 0.00042491583819029657)	(52, 1.898249448960088e-05)	(54, 0.0)	(56, 0.0)	(58, 0.0)	(60, 1.1681535070523618e-05)	(62, 0.0)	(64, 0.0)	(66, 0.0)	(68, 0.0)	(70, 0.0)	(72, 2.9203837676309046e-06)	(74, 0.0)	(76, 0.0)	(78, 8.761151302892713e-06)	(80, 0.0)	(82, 0.0)	(84, 0.0)	(86, 0.0)	(88, 1.4601918838154522e-05)	(90, 4.380575651446357e-06)	(92, 0.0)	(94, 0.0)	(96, 2.9203837676309043e-05)	(98, 0.0)	(100, 0.0)
SRR19077134_1	(1, 0.00792940273692288)	(2, 0.1710951660632147)	(3, 0.007482510183711061)	(4, 0.0)	(5, 5.880165173839733e-05)	(6, 0.0)	(7, 0.0)	(8, 0.0)	(9, 7.644214725991653e-05)	(10, 0.0)	(12, 1.4700412934599333e-06)	(14, 0.0)	(16, 0.0)	(18, 0.0)	(20, 0.0)	(22, 0.0)	(24, 0.000308708671626586)	(26, 0.00041749172734262106)	(28, 0.0)	(30, 0.0)	(32, 0.0)	(34, 0.0)	(36, 3.0870867162658596e-05)	(38, 7.203202337953674e-05)	(40, 0.00021168594625823039)	(42, 0.00023667664824704926)	(44, 0.0002631373915293281)	(46, 0.00035574999301730384)	(48, 0.00022050619401899)	(50, 0.00025725722635548833)	(52, 0.0003660402820715234)	(54, 0.0002954782999854466)	(56, 0.0004792334616679382)	(58, 0.00045718284226603924)	(60, 0.0005380351134063356)	(62, 0.0003822107362995827)	(64, 0.00038515081888650256)	(66, 0.0003792706537126628)	(68, 0.00033516941490886477)	(70, 0.0005012840810698373)	(72, 1.4700412934599333e-06)	(74, 2.9400825869198665e-06)	(76, 0.0)	(78, 0.0)	(80, 0.0)	(82, 0.0)	(84, 0.00031164875421350587)	(86, 0.0003219390432677254)	(88, 0.0005615557741016945)	(90, 0.00040720143828840155)	(92, 0.00040720143828840155)	(94, 0.000352809910430384)	(96, 0.00021609607013861018)	(98, 0.0002895981348116068)	(100, 0.00034104958008270453)
SRR19077134_2	(1, 0.10779224788424306)	(2, 0.036727511675802973)	(3, 0.0019198739292586727)	(4, 0.0004674731313202588)	(5, 0.00010290289054219532)	(6, 0.0015523636058936896)	(7, 0.0002910681761050668)	(8, 4.116115621687813e-05)	(9, 0.00040867147958186146)	(10, 4.85113626841778e-05)	(12, 9.996280795527547e-05)	(14, 1.0290289054219533e-05)	(16, 1.911053681497913e-05)	(18, 1.4700412934599333e-06)	(20, 1.4700412934599333e-06)	(22, 0.0)	(24, 0.0)	(26, 0.0)	(28, 0.0)	(30, 0.0)	(32, 0.0)	(34, 0.0)	(36, 0.0)	(38, 0.0)	(40, 7.350206467299666e-06)	(42, 0.0)	(44, 1.4700412934599333e-06)	(46, 0.0)	(48, 1.4700412934599333e-06)	(50, 4.4101238803798e-05)	(52, 1.4700412934599333e-06)	(54, 0.0)	(56, 0.0)	(58, 0.0)	(60, 0.0)	(62, 0.0)	(64, 0.0)	(66, 0.0)	(68, 0.0)	(70, 0.0)	(72, 0.0)	(74, 0.0)	(76, 0.0)	(78, 0.0)	(80, 0.0)	(82, 0.0)	(84, 0.0)	(86, 0.0)	(88, 0.0)	(90, 0.0)	(92, 0.0)	(94, 0.0)	(96, 0.0)	(98, 0.0)	(100, 0.0)
SRR19077135_1	(1, 0.0003524739331969711)	(2, 0.19143250949631052)	(3, 0.0)	(4, 0.0)	(5, 3.615117263558678e-05)	(6, 0.0014731602849001612)	(7, 1.2050390878528927e-05)	(8, 0.0)	(9, 0.0005121416123374795)	(10, 0.0)	(12, 0.0)	(14, 0.0)	(16, 0.0)	(18, 0.0)	(20, 0.0)	(22, 0.0)	(24, 0.0007245297515715518)	(26, 0.0009293863965065435)	(28, 0.0)	(30, 0.0)	(32, 0.0)	(34, 0.0)	(36, 0.00015364248370124383)	(38, 0.0003991691978512707)	(40, 0.0004217636807485124)	(42, 0.0005949880496273658)	(44, 0.0007185045561322873)	(46, 0.000805869890001622)	(48, 0.00045188965794483476)	(50, 0.0007320612458706323)	(52, 0.0007245297515715518)	(54, 0.0005573305781319629)	(56, 0.0007893006025436447)	(58, 0.0006703029926181715)	(60, 0.0011342430414415352)	(62, 0.0008781722352727956)	(64, 0.0004217636807485124)	(66, 0.0005136479111972956)	(68, 0.00036603062293531617)	(70, 0.00124872175478756)	(72, 3.012597719632232e-06)	(74, 0.0)	(76, 0.00025607080616873974)	(78, 9.790942588804753e-05)	(80, 0.0)	(82, 1.506298859816116e-06)	(84, 0.00020636294379480788)	(86, 0.00033590464573899384)	(88, 0.0002545645073089236)	(90, 0.00027113379476690084)	(92, 0.0005046101180383988)	(94, 0.00022443853011260126)	(96, 0.00016719917343958885)	(98, 0.00011146611562639257)	(100, 0.00043381407162704135)
SRR19077135_2	(1, 0.10281996017104808)	(2, 0.05229568381509591)	(3, 0.006941025146032662)	(4, 0.0026360230046782026)	(5, 0.00024100781757057852)	(6, 0.0019672263109198475)	(7, 0.0003193353582810166)	(8, 0.0006928974755154133)	(9, 5.422675895338017e-05)	(10, 0.00032837315143991326)	(12, 0.00026962749590708475)	(14, 0.000207869242654624)	(16, 0.00023648892099113018)	(18, 0.00011749131106565703)	(20, 7.230234527117356e-05)	(22, 2.7113379476690084e-05)	(24, 4.518896579448347e-05)	(26, 1.054409201871281e-05)	(28, 1.3556689738345042e-05)	(30, 1.3556689738345042e-05)	(32, 6.025195439264464e-06)	(34, 0.0)	(36, 0.0)	(38, 3.012597719632232e-06)	(40, 0.00018979365633683062)	(42, 7.079604641135745e-05)	(44, 7.230234527117356e-05)	(46, 1.054409201871281e-05)	(48, 0.00011146611562639257)	(50, 0.0004142321864494319)	(52, 3.4644873775770667e-05)	(54, 3.012597719632232e-06)	(56, 0.0)	(58, 0.0)	(60, 1.3556689738345042e-05)	(62, 0.0)	(64, 0.0)	(66, 0.0)	(68, 0.0)	(70, 0.0)	(72, 0.0)	(74, 0.0)	(76, 0.0)	(78, 1.506298859816116e-06)	(80, 0.0)	(82, 0.0)	(84, 0.0)	(86, 0.0)	(88, 1.3556689738345042e-05)	(90, 3.012597719632232e-06)	(92, 0.0)	(94, 0.0)	(96, 3.916377035521901e-05)	(98, 0.0)	(100, 0.0)
SRR19077136_1	(1, 0.007629636349636776)	(2, 0.16853201923875927)	(3, 0.007336892508883327)	(4, 0.0)	(5, 3.3543565086332755e-05)	(6, 0.0)	(7, 0.0)	(8, 0.0)	(9, 8.843303522760452e-05)	(10, 0.0)	(12, 0.0)	(14, 0.0)	(16, 0.0)	(18, 0.0)	(20, 0.0)	(22, 0.0)	(24, 0.00030341679328091896)	(26, 0.00043759105362624996)	(28, 0.0)	(30, 0.0)	(32, 0.0)	(34, 0.0)	(36, 4.421651761380226e-05)	(38, 8.233420521190766e-05)	(40, 0.00019821197551014806)	(42, 0.00021498375805331445)	(44, 0.00019821197551014806)	(46, 0.00032018857582408536)	(48, 0.00019516256050229963)	(50, 0.00023023083309255658)	(52, 0.000346108603390797)	(54, 0.0002759720582102831)	(56, 0.0003872757059967509)	(58, 0.0004055721960438414)	(60, 0.0005138264288224607)	(62, 0.0003430591883829486)	(64, 0.00034763331089472123)	(66, 0.0003156144533123127)	(68, 0.0002957932557612979)	(70, 0.0004665604962008101)	(72, 3.0494150078484317e-06)	(74, 7.6235375196210795e-06)	(76, 0.0)	(78, 0.0)	(80, 0.0)	(82, 0.0)	(84, 0.00027292264320243466)	(86, 0.0002637743981788893)	(88, 0.000507727598806764)	(90, 0.00035830626342219077)	(92, 0.00035220743340649385)	(94, 0.00028664501073775257)	(96, 0.00017839077795913326)	(98, 0.0002592002756671167)	(100, 0.0003262874058397822)
SRR19077136_2	(1, 0.10819019506345452)	(2, 0.03720286309575087)	(3, 0.0019607738500465417)	(4, 0.00046046166618511316)	(5, 7.318596018836236e-05)	(6, 0.0016436346892303047)	(7, 0.0002713979356985104)	(8, 3.659298009418118e-05)	(9, 0.00038117687598105397)	(10, 5.946359265304442e-05)	(12, 8.385891271583188e-05)	(14, 1.6771782543166378e-05)	(16, 2.1345905054939023e-05)	(18, 1.5247075039242159e-06)	(20, 1.5247075039242159e-06)	(22, 6.098830015696863e-06)	(24, 1.5247075039242159e-06)	(26, 0.0)	(28, 0.0)	(30, 0.0)	(32, 0.0)	(34, 0.0)	(36, 0.0)	(38, 0.0)	(40, 7.6235375196210795e-06)	(42, 1.5247075039242159e-06)	(44, 0.0)	(46, 0.0)	(48, 0.0)	(50, 1.9821197551014808e-05)	(52, 0.0)	(54, 0.0)	(56, 0.0)	(58, 0.0)	(60, 0.0)	(62, 0.0)	(64, 0.0)	(66, 0.0)	(68, 0.0)	(70, 0.0)	(72, 0.0)	(74, 0.0)	(76, 0.0)	(78, 0.0)	(80, 0.0)	(82, 0.0)	(84, 0.0)	(86, 0.0)	(88, 0.0)	(90, 0.0)	(92, 0.0)	(94, 0.0)	(96, 0.0)	(98, 0.0)	(100, 0.0)
SRR19077137_1	(1, 0.00028277962363989795)	(2, 0.19190676016231115)	(3, 0.0)	(4, 0.0)	(5, 4.350455748306123e-05)	(6, 0.00141389811819949)	(7, 8.157104528073981e-06)	(8, 0.0)	(9, 0.000416012330931773)	(10, 0.0)	(12, 0.0)	(14, 0.0)	(16, 0.0)	(18, 0.0)	(20, 0.0)	(22, 0.0)	(24, 0.0007096680939424363)	(26, 0.0009176742594083229)	(28, 0.0)	(30, 0.0)	(32, 0.0)	(34, 0.0)	(36, 0.00011827801565707272)	(38, 0.0003956195696115881)	(40, 0.00043368605740926665)	(42, 0.0005954686305494005)	(44, 0.0007164656810491646)	(46, 0.0008306651444422002)	(48, 0.00046087640583617986)	(50, 0.0007232632681558929)	(52, 0.0007518131340041519)	(54, 0.0005641997298584503)	(56, 0.0007844415521164478)	(58, 0.000674320640987449)	(60, 0.0010808163499698023)	(62, 0.0008537769406050766)	(64, 0.0004391241270946493)	(66, 0.000553323590487685)	(68, 0.0003602721166566008)	(70, 0.0012439584405312821)	(72, 0.0)	(74, 0.0)	(76, 0.000262386862319713)	(78, 8.021152785939414e-05)	(80, 1.3595174213456634e-06)	(82, 2.719034842691327e-06)	(84, 0.00021888230483665182)	(86, 0.00032084611143757657)	(88, 0.0002569487926343304)	(90, 0.000286858175903935)	(92, 0.0005193356549540434)	(94, 0.0002474321706849107)	(96, 0.00015498498603340563)	(98, 0.00011691849823572706)	(100, 0.0003969790870329337)
SRR19077137_2	(1, 0.10244507576808112)	(2, 0.05220818801451617)	(3, 0.006672511503964517)	(4, 0.002653778006466735)	(5, 0.00020664664804454085)	(6, 0.001922357633782768)	(7, 0.00030996997206681127)	(8, 0.0007858010695377934)	(9, 4.6223592325752555e-05)	(10, 0.0003045319023814286)	(12, 0.00030317238496008295)	(14, 0.00018489436930301022)	(16, 0.00023927506615683674)	(18, 0.00012371608534245536)	(20, 4.486407490440689e-05)	(22, 1.4954691634802296e-05)	(24, 3.126890069095026e-05)	(26, 1.0876139370765307e-05)	(28, 1.2235656792110972e-05)	(30, 9.516621949419644e-06)	(32, 8.157104528073981e-06)	(34, 0.0)	(36, 0.0)	(38, 0.0)	(40, 0.00015090643376936864)	(42, 7.069490590997449e-05)	(44, 7.613297559535715e-05)	(46, 4.078552264036991e-06)	(48, 9.788525433688778e-05)	(50, 0.0004268884703025383)	(52, 1.6314209056147963e-05)	(54, 1.3595174213456634e-06)	(56, 0.0)	(58, 0.0)	(60, 1.0876139370765307e-05)	(62, 0.0)	(64, 0.0)	(66, 0.0)	(68, 0.0)	(70, 0.0)	(72, 0.0)	(74, 0.0)	(76, 0.0)	(78, 4.078552264036991e-06)	(80, 0.0)	(82, 0.0)	(84, 0.0)	(86, 0.0)	(88, 9.516621949419644e-06)	(90, 1.3595174213456634e-06)	(92, 0.0)	(94, 0.0)	(96, 3.942600521902424e-05)	(98, 0.0)	(100, 0.0)
SRR19077138_1	(1, 0.007535219586358428)	(2, 0.17149440061485646)	(3, 0.007578838802487855)	(4, 0.0)	(5, 7.360742721840722e-05)	(6, 0.0)	(7, 0.0)	(8, 0.0)	(9, 7.633362822649638e-05)	(10, 0.0)	(12, 5.4524020161783125e-06)	(14, 0.0)	(16, 0.0)	(18, 0.0)	(20, 0.0)	(22, 0.0)	(24, 0.0002998821108898072)	(26, 0.0003952991461729277)	(28, 0.0)	(30, 0.0)	(32, 0.0)	(34, 0.0)	(36, 3.680371360920361e-05)	(38, 7.905982923458554e-05)	(40, 0.0002439949902239795)	(42, 0.00026035219627251445)	(44, 0.0002821618043372277)	(46, 0.00039393604566888307)	(48, 0.00024126878921589033)	(50, 0.0002685307992967819)	(52, 0.0004130194527255072)	(54, 0.0003148762164342976)	(56, 0.0005138888900248059)	(58, 0.000497531683976271)	(60, 0.0005615974076663662)	(62, 0.00043891836230235413)	(64, 0.00043755526179830955)	(66, 0.0004048408497012397)	(68, 0.00035985853306776865)	(70, 0.0005057102870005385)	(72, 4.089301512133735e-06)	(74, 2.7262010080891562e-06)	(76, 0.0)	(78, 0.0)	(80, 0.0)	(82, 0.0)	(84, 0.00031623931693834217)	(86, 0.00033532272399496623)	(88, 0.0005874963172432132)	(90, 0.000426650457765953)	(92, 0.00043891836230235413)	(94, 0.0003503168295394566)	(96, 0.00020582817611073133)	(98, 0.00029851901038576264)	(100, 0.00035849543256372406)
SRR19077138_2	(1, 0.1075813441812143)	(2, 0.037087238514044885)	(3, 0.001987400534896995)	(4, 0.0005179781915369397)	(5, 9.541703528312049e-05)	(6, 0.0017038756300557227)	(7, 0.00032714412097069876)	(8, 4.36192161294265e-05)	(9, 0.00044164456331044336)	(10, 5.179781915369397e-05)	(12, 8.996463326694216e-05)	(14, 1.0904804032356625e-05)	(16, 1.635720604853494e-05)	(18, 0.0)	(20, 0.0)	(22, 2.7262010080891562e-06)	(24, 0.0)	(26, 0.0)	(28, 0.0)	(30, 1.3631005040445781e-06)	(32, 0.0)	(34, 0.0)	(36, 0.0)	(38, 0.0)	(40, 1.2267904536401202e-05)	(42, 1.3631005040445781e-06)	(44, 0.0)	(46, 0.0)	(48, 0.0)	(50, 3.952991461729277e-05)	(52, 0.0)	(54, 0.0)	(56, 0.0)	(58, 0.0)	(60, 0.0)	(62, 0.0)	(64, 0.0)	(66, 0.0)	(68, 0.0)	(70, 0.0)	(72, 0.0)	(74, 0.0)	(76, 0.0)	(78, 0.0)	(80, 0.0)	(82, 0.0)	(84, 0.0)	(86, 0.0)	(88, 0.0)	(90, 0.0)	(92, 0.0)	(94, 0.0)	(96, 0.0)	(98, 0.0)	(100, 0.0)
SRR19077139_1	(1, 0.0003566912054300647)	(2, 0.19055736146471677)	(3, 0.0)	(4, 0.0)	(5, 3.3703106024888e-05)	(6, 0.0014351905982264808)	(7, 1.966014518118467e-05)	(8, 0.0)	(9, 0.00046903489217969135)	(10, 0.0)	(12, 0.0)	(14, 0.0)	(16, 0.0)	(18, 0.0)	(20, 0.0)	(22, 0.0)	(24, 0.0007625327738130911)	(26, 0.0009577299295405674)	(28, 0.0)	(30, 0.0)	(32, 0.0)	(34, 0.0)	(36, 0.00014604679277451467)	(38, 0.0004367360822391737)	(40, 0.000492907925613987)	(42, 0.0006221031653760577)	(44, 0.0007372554442944251)	(46, 0.0008608334997190144)	(48, 0.0004957165177827277)	(50, 0.0007400640364631657)	(52, 0.0007751714385724241)	(54, 0.0005996344280261324)	(56, 0.0008425776506222002)	(58, 0.0007274253717038327)	(60, 0.001183821599124191)	(62, 0.0008847065331533101)	(64, 0.00046482200392658035)	(66, 0.0005715485063387257)	(68, 0.000383372831033101)	(70, 0.0012849309171988552)	(72, 2.808592168740667e-06)	(74, 0.0)	(76, 0.00024996470301791936)	(78, 8.8470653315331e-05)	(80, 1.4042960843703334e-06)	(82, 2.808592168740667e-06)	(84, 0.0002303045578367347)	(86, 0.0003566912054300647)	(88, 0.00028507210512717767)	(90, 0.0002977107698865107)	(92, 0.0005350368081450971)	(94, 0.0002303045578367347)	(96, 0.00019098426747436533)	(98, 0.00011796087108710802)	(100, 0.0004156716409736187)
SRR19077139_2	(1, 0.10245463372349078)	(2, 0.05303464592233001)	(3, 0.006813644601364858)	(4, 0.0026428852307849677)	(5, 0.00018255849096814335)	(6, 0.0020109519928183175)	(7, 0.0003482654289238427)	(8, 0.000808874544597312)	(9, 7.302339638725734e-05)	(10, 0.0002724334403678447)	(12, 0.00028788069729591834)	(14, 0.00019098426747436533)	(16, 0.0002303045578367347)	(18, 0.000113747982833997)	(20, 6.7406212049776e-05)	(22, 2.1064441265555e-05)	(24, 3.651169819362867e-05)	(26, 1.8255849096814334e-05)	(28, 1.966014518118467e-05)	(30, 7.0214804218516675e-06)	(32, 1.8255849096814334e-05)	(34, 2.808592168740667e-06)	(36, 0.0)	(38, 0.0)	(40, 0.00017132412229318067)	(42, 7.1619100302887e-05)	(44, 8.285346897784967e-05)	(46, 5.617184337481334e-06)	(48, 0.00010953509458088601)	(50, 0.00042690600964858137)	(52, 1.6851553012444e-05)	(54, 1.4042960843703334e-06)	(56, 0.0)	(58, 0.0)	(60, 1.966014518118467e-05)	(62, 2.808592168740667e-06)	(64, 0.0)	(66, 0.0)	(68, 0.0)	(70, 0.0)	(72, 1.4042960843703334e-06)	(74, 0.0)	(76, 0.0)	(78, 1.4042960843703334e-06)	(80, 0.0)	(82, 0.0)	(84, 0.0)	(86, 0.0)	(88, 1.4042960843703335e-05)	(90, 5.617184337481334e-06)	(92, 1.4042960843703334e-06)	(94, 0.0)	(96, 3.2298809940517664e-05)	(98, 0.0)	(100, 0.0)
SRR19077140_1	(1, 0.007472335389281775)	(2, 0.1690499698698425)	(3, 0.007632879346005885)	(4, 0.0)	(5, 3.94318490199566e-05)	(6, 0.0)	(7, 0.0)	(8, 0.0)	(9, 6.478089481850013e-05)	(10, 0.0)	(12, 1.4082803221413072e-06)	(14, 0.0)	(16, 0.0)	(18, 0.0)	(20, 0.0)	(22, 0.0)	(24, 0.00032531275441464194)	(26, 0.00046191594566234875)	(28, 0.0)	(30, 0.0)	(32, 0.0)	(34, 0.0)	(36, 4.224840966423922e-05)	(38, 7.463885707348927e-05)	(40, 0.0002013840860662069)	(42, 0.00022110001057618523)	(44, 0.00024644905637472876)	(46, 0.0003408038379581963)	(48, 0.00020842548767691346)	(50, 0.0002394076547640222)	(52, 0.00036756116407888115)	(54, 0.0003013719889382397)	(56, 0.0004661407866287726)	(58, 0.0004520579834073596)	(60, 0.0005534541666015337)	(62, 0.00037882740665601164)	(64, 0.0003844605279445769)	(66, 0.00037037772472316377)	(68, 0.0003408038379581963)	(70, 0.0004999395143601641)	(72, 5.633121288565229e-06)	(74, 4.224840966423921e-06)	(76, 0.0)	(78, 0.0)	(80, 0.0)	(82, 0.0)	(84, 0.000302780269260381)	(86, 0.0003168630724817941)	(88, 0.0005872528943329251)	(90, 0.0004041764524545552)	(92, 0.0003844605279445769)	(94, 0.0003436203986024789)	(96, 0.00020279236638834821)	(98, 0.00028588090539468535)	(100, 0.0003830522476224355)
SRR19077140_2	(1, 0.10702648792209506)	(2, 0.03671668455886816)	(3, 0.0019575096477764168)	(4, 0.0004450165817966531)	(5, 9.012994061704366e-05)	(6, 0.001599806445952525)	(7, 0.00030418854958252234)	(8, 3.098216708710875e-05)	(9, 0.00042811721793095735)	(10, 6.337261449635882e-05)	(12, 8.872166029490235e-05)	(14, 1.408280322141307e-05)	(16, 1.408280322141307e-05)	(18, 4.224840966423921e-06)	(20, 0.0)	(22, 1.4082803221413072e-06)	(24, 4.224840966423921e-06)	(26, 0.0)	(28, 0.0)	(30, 0.0)	(32, 0.0)	(34, 0.0)	(36, 0.0)	(38, 0.0)	(40, 5.633121288565229e-06)	(42, 1.4082803221413072e-06)	(44, 0.0)	(46, 0.0)	(48, 0.0)	(50, 3.098216708710875e-05)	(52, 0.0)	(54, 0.0)	(56, 0.0)	(58, 0.0)	(60, 0.0)	(62, 0.0)	(64, 0.0)	(66, 0.0)	(68, 0.0)	(70, 0.0)	(72, 0.0)	(74, 0.0)	(76, 0.0)	(78, 0.0)	(80, 0.0)	(82, 0.0)	(84, 0.0)	(86, 0.0)	(88, 0.0)	(90, 0.0)	(92, 0.0)	(94, 0.0)	(96, 0.0)	(98, 0.0)	(100, 0.0)
SRR19077141_1	(1, 0.00031049005143415014)	(2, 0.19228626221809514)	(3, 0.0)	(4, 0.0)	(5, 2.9462559625138334e-05)	(6, 0.0014617962275549406)	(7, 9.065402961581026e-06)	(8, 0.0)	(9, 0.0005099289165889327)	(10, 0.0)	(12, 0.0)	(14, 0.0)	(16, 0.0)	(18, 0.0)	(20, 0.0)	(22, 0.0)	(24, 0.0007660265502535966)	(26, 0.0009711312922593674)	(28, 0.0)	(30, 0.0)	(32, 0.0)	(34, 0.0)	(36, 0.00011558388776015809)	(38, 0.00038414645049699597)	(40, 0.0003920786780883794)	(42, 0.0005654545097286165)	(44, 0.0007071014310033201)	(46, 0.0008158862665422924)	(48, 0.0004453379204876679)	(50, 0.0007116341324841105)	(52, 0.0007308981137774703)	(54, 0.0005597886328776283)	(56, 0.0008124867404316995)	(58, 0.0006765056960079841)	(60, 0.0011320421948274307)	(62, 0.0008453488261674307)	(64, 0.0004045436071605533)	(66, 0.0005416578269544664)	(68, 0.0003603497677228458)	(70, 0.0012872872205445056)	(72, 6.79905222118577e-06)	(74, 0.0)	(76, 0.0002708289134772332)	(78, 9.065402961581025e-05)	(80, 1.1331753701976283e-06)	(82, 0.0)	(84, 0.00020170521589517784)	(86, 0.0003082237006937549)	(88, 0.00023910000311169958)	(90, 0.00026176351051565214)	(92, 0.0005042630397379446)	(94, 0.00021077061885675885)	(96, 0.0001405137459045059)	(98, 9.631990646679842e-05)	(100, 0.00038527962586719366)
SRR19077141_2	(1, 0.10303510371058955)	(2, 0.05276971063936316)	(3, 0.006962229474494228)	(4, 0.0027241535899550987)	(5, 0.00019037346219320155)	(6, 0.0019739914948842686)	(7, 0.0003127564021745454)	(8, 0.0008045545128403161)	(9, 4.3060664067509875e-05)	(10, 0.00027422843958782605)	(12, 0.00027876114106861657)	(14, 0.00017790853312102763)	(16, 0.00023116777552031618)	(18, 9.745308183699605e-05)	(20, 5.21260670290909e-05)	(22, 1.359810444237154e-05)	(24, 2.2663507403952564e-05)	(26, 1.359810444237154e-05)	(28, 1.2464929072173911e-05)	(30, 3.399526110592885e-06)	(32, 4.532701480790513e-06)	(34, 0.0)	(36, 0.0)	(38, 1.1331753701976283e-06)	(40, 0.00017450900701043476)	(42, 8.498815276482212e-05)	(44, 9.858625720719365e-05)	(46, 7.932227591383398e-06)	(48, 9.858625720719365e-05)	(50, 0.0004453379204876679)	(52, 2.1530332033754938e-05)	(54, 0.0)	(56, 0.0)	(58, 0.0)	(60, 5.665876850988141e-06)	(62, 0.0)	(64, 0.0)	(66, 0.0)	(68, 0.0)	(70, 0.0)	(72, 0.0)	(74, 0.0)	(76, 0.0)	(78, 2.2663507403952565e-06)	(80, 0.0)	(82, 0.0)	(84, 0.0)	(86, 0.0)	(88, 1.5864455182766797e-05)	(90, 4.532701480790513e-06)	(92, 0.0)	(94, 0.0)	(96, 4.4193839437707505e-05)	(98, 0.0)	(100, 0.0)
SRR19077142_1	(1, 0.007766093394271581)	(2, 0.17029191593700568)	(3, 0.007470349721408331)	(4, 0.0)	(5, 4.2894120491616284e-05)	(6, 0.0)	(7, 0.0)	(8, 0.0)	(9, 0.00010159133800645964)	(10, 0.0)	(12, 1.1287926445162182e-06)	(14, 0.0)	(16, 0.0)	(18, 0.0)	(20, 0.0)	(22, 0.0)	(24, 0.0002980012581522816)	(26, 0.000424426034338098)	(28, 0.0)	(30, 0.0)	(32, 0.0)	(34, 0.0)	(36, 3.047740140193789e-05)	(38, 5.643963222581091e-05)	(40, 0.0002235009436142112)	(42, 0.0002494631744380842)	(44, 0.00025284955237163284)	(46, 0.0003905622550026114)	(48, 0.00022801611419227604)	(50, 0.0002675238567503437)	(52, 0.0003804031212019655)	(54, 0.000300258843441314)	(56, 0.00046506256954068184)	(58, 0.0004718353254077792)	(60, 0.0005553659811019793)	(62, 0.00040185018144777367)	(64, 0.00040749414467035474)	(66, 0.0003950774255806763)	(68, 0.0003566984756671249)	(70, 0.000502312726809717)	(72, 6.772755867097308e-06)	(74, 0.0)	(76, 0.0)	(78, 0.0)	(80, 0.0)	(82, 0.0)	(84, 0.0003318650374877681)	(86, 0.0003329938301322843)	(88, 0.0006230935397729524)	(90, 0.00041200931524841956)	(92, 0.0004232972416935818)	(94, 0.0003555696830226087)	(96, 0.000212213017169049)	(98, 0.0002867133317071194)	(100, 0.00038266070649099797)
SRR19077142_2	(1, 0.10754007524306008)	(2, 0.03760234057412426)	(3, 0.001966356786747252)	(4, 0.0004876384224310062)	(5, 0.00011287926445162182)	(6, 0.001641264505126581)	(7, 0.000300258843441314)	(8, 3.8378949913551414e-05)	(9, 0.00043571396078326014)	(10, 5.643963222581091e-05)	(12, 0.00010384892329549206)	(14, 1.5803097023227053e-05)	(16, 2.1447060245808142e-05)	(18, 2.2575852890324364e-06)	(20, 0.0)	(22, 2.2575852890324364e-06)	(24, 2.2575852890324364e-06)	(26, 0.0)	(28, 0.0)	(30, 1.1287926445162182e-06)	(32, 0.0)	(34, 0.0)	(36, 0.0)	(38, 0.0)	(40, 1.128792644516218e-05)	(42, 1.1287926445162182e-06)	(44, 1.1287926445162182e-06)	(46, 0.0)	(48, 0.0)	(50, 3.4992571980002756e-05)	(52, 0.0)	(54, 0.0)	(56, 0.0)	(58, 0.0)	(60, 0.0)	(62, 0.0)	(64, 0.0)	(66, 0.0)	(68, 0.0)	(70, 0.0)	(72, 0.0)	(74, 0.0)	(76, 0.0)	(78, 0.0)	(80, 0.0)	(82, 0.0)	(84, 0.0)	(86, 0.0)	(88, 0.0)	(90, 0.0)	(92, 0.0)	(94, 0.0)	(96, 0.0)	(98, 0.0)	(100, 0.0)
SRR19077143_1	(1, 0.00036733973254453247)	(2, 0.19277759576604223)	(3, 0.0)	(4, 0.0)	(5, 2.7550479940839938e-05)	(6, 0.0014280332102668699)	(7, 1.147936664201664e-05)	(8, 0.0)	(9, 0.00044999117236705233)	(10, 0.0)	(12, 0.0)	(14, 0.0)	(16, 0.0)	(18, 0.0)	(20, 0.0)	(22, 0.0)	(24, 0.0007232000984470484)	(26, 0.0009091658380477179)	(28, 0.0)	(30, 0.0)	(32, 0.0)	(34, 0.0)	(36, 0.00012282922306957805)	(38, 0.00041096132578419573)	(40, 0.0004075175157915907)	(42, 0.0005578972188020088)	(44, 0.0006818743785357885)	(46, 0.0007805969316571315)	(48, 0.00042473656575461573)	(50, 0.0007186083517902417)	(52, 0.0007140166051334349)	(54, 0.0005452699154957904)	(56, 0.0007576381983730983)	(58, 0.0006703950118937718)	(60, 0.0011536763475226723)	(62, 0.0008885029780920879)	(64, 0.00040407370579898574)	(66, 0.0005200153088833538)	(68, 0.0003512686192457092)	(70, 0.0012833931905774604)	(72, 3.4438099926049922e-06)	(74, 0.0)	(76, 0.00025828574944537444)	(78, 8.609524981512481e-05)	(80, 1.147936664201664e-06)	(82, 2.295873328403328e-06)	(84, 0.00020088891623529117)	(86, 0.000293871786035626)	(88, 0.0002387708261539461)	(90, 0.0002927238493714243)	(92, 0.0005005003855919254)	(94, 0.0002204038395267195)	(96, 0.00016874668963764463)	(98, 0.00010790604643495643)	(100, 0.00041784894576940573)
SRR19077143_2	(1, 0.10356914171760254)	(2, 0.052586978587078226)	(3, 0.006873844745239564)	(4, 0.0026586213142910536)	(5, 0.00016071113298823296)	(6, 0.0019216459758735858)	(7, 0.00034897274591730586)	(8, 0.0007668216916867115)	(9, 3.673397325445325e-05)	(10, 0.00028813210271461765)	(12, 0.0002755047994083994)	(14, 0.00020203685289949287)	(16, 0.0002169600295341145)	(18, 9.183493313613312e-05)	(20, 6.313651653109153e-05)	(22, 1.8366986627226624e-05)	(24, 3.214222659764659e-05)	(26, 6.8876199852099844e-06)	(28, 5.73968332100832e-06)	(30, 8.035556649411647e-06)	(32, 3.4438099926049922e-06)	(34, 1.147936664201664e-06)	(36, 0.0)	(38, 2.295873328403328e-06)	(40, 0.00016185906965243463)	(42, 5.165714988907488e-05)	(44, 6.772826318789818e-05)	(46, 3.4438099926049922e-06)	(48, 9.183493313613312e-05)	(50, 0.00042932831241142234)	(52, 1.8366986627226624e-05)	(54, 1.147936664201664e-06)	(56, 0.0)	(58, 0.0)	(60, 4.591746656806656e-06)	(62, 1.147936664201664e-06)	(64, 0.0)	(66, 0.0)	(68, 0.0)	(70, 0.0)	(72, 0.0)	(74, 0.0)	(76, 0.0)	(78, 5.73968332100832e-06)	(80, 0.0)	(82, 0.0)	(84, 0.0)	(86, 0.0)	(88, 1.2627303306218304e-05)	(90, 3.4438099926049922e-06)	(92, 0.0)	(94, 0.0)	(96, 2.4106669948234946e-05)	(98, 0.0)	(100, 0.0)
SRR19077144_1	(1, 0.007686724261051983)	(2, 0.17042460928054853)	(3, 0.007725719878013452)	(4, 0.0)	(5, 5.0464916067783834e-05)	(6, 0.0)	(7, 0.0)	(8, 0.0)	(9, 7.340351428041285e-05)	(10, 0.0)	(12, 3.4407897318943523e-06)	(14, 0.0)	(16, 0.0)	(18, 0.0)	(20, 0.0)	(22, 0.0)	(24, 0.0003050833562279659)	(26, 0.00040945397809542794)	(28, 0.0)	(30, 0.0)	(32, 0.0)	(34, 0.0)	(36, 4.128947678273222e-05)	(38, 7.799123392293864e-05)	(40, 0.0002075943138242926)	(42, 0.00025691229998144494)	(44, 0.0002488837906070248)	(46, 0.00035096055265322395)	(48, 0.0001961250147179781)	(50, 0.0002603530897133393)	(52, 0.00035210748256385535)	(54, 0.0002890263374791256)	(56, 0.0004518903847887916)	(58, 0.0004541842446100545)	(60, 0.0005654364459413053)	(62, 0.00038422152006153596)	(64, 0.00039454388925721904)	(66, 0.0003933969593465876)	(68, 0.0003303158142618578)	(70, 0.000488592141928998)	(72, 5.734649553157254e-06)	(74, 3.4407897318943523e-06)	(76, 0.0)	(78, 0.0)	(80, 0.0)	(82, 0.0)	(84, 0.0002936140571216514)	(86, 0.00031999344506617475)	(88, 0.0005642895160306737)	(90, 0.000419776347291111)	(92, 0.0004163355575592166)	(94, 0.00032687502452996347)	(96, 0.00021676975310934419)	(98, 0.0002913201973003885)	(100, 0.00036242985175953844)
SRR19077144_2	(1, 0.10709572733512233)	(2, 0.03746790632050823)	(3, 0.0020208905025326162)	(4, 0.000534469338354256)	(5, 9.175439285051606e-05)	(6, 0.0017203948659471763)	(7, 0.00029590791694291427)	(8, 4.587719642525803e-05)	(9, 0.00043124564639742546)	(10, 7.455044419104431e-05)	(12, 7.799123392293864e-05)	(14, 1.949780848073466e-05)	(16, 2.064473839136611e-05)	(18, 4.587719642525803e-06)	(20, 0.0)	(22, 2.2938598212629017e-06)	(24, 0.0)	(26, 0.0)	(28, 0.0)	(30, 1.1469299106314508e-06)	(32, 0.0)	(34, 0.0)	(36, 0.0)	(38, 0.0)	(40, 1.2616229016945959e-05)	(42, 2.2938598212629017e-06)	(44, 0.0)	(46, 0.0)	(48, 0.0)	(50, 4.358333660399513e-05)	(52, 0.0)	(54, 0.0)	(56, 0.0)	(58, 0.0)	(60, 0.0)	(62, 0.0)	(64, 0.0)	(66, 0.0)	(68, 0.0)	(70, 0.0)	(72, 0.0)	(74, 0.0)	(76, 0.0)	(78, 0.0)	(80, 0.0)	(82, 0.0)	(84, 0.0)	(86, 0.0)	(88, 0.0)	(90, 0.0)	(92, 0.0)	(94, 0.0)	(96, 0.0)	(98, 0.0)	(100, 0.0)
SRR19077145_1	(1, 0.00030982864287351343)	(2, 0.1922415667414813)	(3, 0.0)	(4, 0.0)	(5, 3.410957536222166e-05)	(6, 0.001421232306759236)	(7, 1.705478768111083e-05)	(8, 0.0)	(9, 0.0004832189842981402)	(10, 0.0)	(12, 0.0)	(14, 0.0)	(16, 0.0)	(18, 0.0)	(20, 0.0)	(22, 0.0)	(24, 0.0007674654456499875)	(26, 0.0009579105747557251)	(28, 0.0)	(30, 0.0)	(32, 0.0)	(34, 0.0)	(36, 0.000150650624516479)	(38, 0.0004434244797088816)	(40, 0.0004647429643102702)	(42, 0.0006210785180537861)	(44, 0.0007546743548891543)	(46, 0.000801575021012209)	(48, 0.0004775340550711032)	(50, 0.0007361983349012842)	(52, 0.0007617805164229504)	(54, 0.0006011812657591568)	(56, 0.0008058387179324868)	(58, 0.0007205647795269326)	(60, 0.0011540406330884994)	(62, 0.0009110099086326702)	(64, 0.0004661641966170294)	(66, 0.0005471744381023058)	(68, 0.0003695203997574013)	(70, 0.0013075337222184969)	(72, 5.684929227036944e-06)	(74, 0.0)	(76, 0.0002615067444436994)	(78, 9.806502916638729e-05)	(80, 2.842464613518472e-06)	(82, 4.2636969202777076e-06)	(84, 0.00022881840138823698)	(86, 0.0003652567028371236)	(88, 0.0002700341382842548)	(90, 0.00031124987518027264)	(92, 0.0005358045796482319)	(94, 0.00026719167367073634)	(96, 0.0001819177352651822)	(98, 0.00013217460452860893)	(100, 0.00045621557046971476)
SRR19077145_2	(1, 0.10423317737772236)	(2, 0.051857924409030996)	(3, 0.006796332890922666)	(4, 0.002589485262915328)	(5, 0.0001904451291057376)	(6, 0.002072156703254966)	(7, 0.0003382532890086981)	(8, 0.0007958900917851722)	(9, 5.684929227036943e-05)	(10, 0.0003482019151560128)	(12, 0.00027856153212481023)	(14, 0.00022739716908147772)	(16, 0.00023166086600175543)	(18, 0.0001108561199272204)	(20, 6.111298919064714e-05)	(22, 2.984587844194395e-05)	(24, 3.2688343055462424e-05)	(26, 1.2791090760833123e-05)	(28, 1.1369858454073888e-05)	(30, 9.948626147314652e-06)	(32, 8.527393840555415e-06)	(34, 4.2636969202777076e-06)	(36, 0.0)	(38, 1.421232306759236e-06)	(40, 0.00018760266449221915)	(42, 6.537668611092485e-05)	(44, 7.10616153379618e-05)	(46, 1.1369858454073888e-05)	(48, 0.00010659242300694269)	(50, 0.0004192635304939746)	(52, 2.8424646135184715e-05)	(54, 2.842464613518472e-06)	(56, 0.0)	(58, 0.0)	(60, 7.106161533796179e-06)	(62, 4.2636969202777076e-06)	(64, 0.0)	(66, 0.0)	(68, 0.0)	(70, 0.0)	(72, 0.0)	(74, 0.0)	(76, 0.0)	(78, 1.421232306759236e-06)	(80, 0.0)	(82, 0.0)	(84, 0.0)	(86, 0.0)	(88, 2.700341382842548e-05)	(90, 5.684929227036944e-06)	(92, 1.421232306759236e-06)	(94, 0.0)	(96, 3.55308076689809e-05)	(98, 1.421232306759236e-06)	(100, 0.0)
SRR19077146_1	(1, 0.007686865870973919)	(2, 0.16957562429563783)	(3, 0.007986132061723737)	(4, 0.0)	(5, 4.845262135949448e-05)	(6, 0.0)	(7, 0.0)	(8, 0.0)	(9, 7.410400913805039e-05)	(10, 0.0)	(12, 2.8501541976173223e-06)	(14, 0.0)	(16, 0.0)	(18, 0.0)	(20, 0.0)	(22, 0.0)	(24, 0.0002949909594533929)	(26, 0.0004146974357533204)	(28, 0.0)	(30, 0.0)	(32, 0.0)	(34, 0.0)	(36, 3.420185037140787e-05)	(38, 6.555354654519841e-05)	(40, 0.00021376156482129916)	(42, 0.000256513877785559)	(44, 0.0002679144945760283)	(46, 0.0003790705082831039)	(48, 0.00023656279840223774)	(50, 0.0002679144945760283)	(52, 0.00037194512278906054)	(54, 0.0003220674243307574)	(56, 0.0004759757510020928)	(58, 0.0004660002113104322)	(60, 0.0005743060708198904)	(62, 0.00040044666476523385)	(64, 0.0004104222044568944)	(66, 0.00038619589377714717)	(68, 0.0003562692747021653)	(70, 0.0005073274471758834)	(72, 0.0)	(74, 5.700308395234645e-06)	(76, 0.0)	(78, 0.0)	(80, 0.0)	(82, 0.0)	(84, 0.0003348931182200354)	(86, 0.0003306178869236094)	(88, 0.0006284590005746196)	(90, 0.0004161225128521291)	(92, 0.0004047218960616598)	(94, 0.0003348931182200354)	(96, 0.0001995107938332126)	(98, 0.000273614802971263)	(100, 0.00035341912050454796)
SRR19077146_2	(1, 0.10826880750488922)	(2, 0.036584579280615946)	(3, 0.001921003929194075)	(4, 0.00044462405482830223)	(5, 9.120493432375431e-05)	(6, 0.0016986919017799242)	(7, 0.00029926619074981884)	(8, 3.135169617379054e-05)	(9, 0.0004161225128521291)	(10, 6.555354654519841e-05)	(12, 9.405508852137165e-05)	(14, 1.7100925185703936e-05)	(16, 1.567584808689527e-05)	(18, 1.4250770988086611e-06)	(20, 2.8501541976173223e-06)	(22, 0.0)	(24, 1.4250770988086611e-06)	(26, 0.0)	(28, 0.0)	(30, 0.0)	(32, 0.0)	(34, 0.0)	(36, 0.0)	(38, 0.0)	(40, 9.975539691660628e-06)	(42, 4.275231296425984e-06)	(44, 0.0)	(46, 0.0)	(48, 0.0)	(50, 3.2776773272599204e-05)	(52, 0.0)	(54, 0.0)	(56, 0.0)	(58, 0.0)	(60, 0.0)	(62, 0.0)	(64, 0.0)	(66, 0.0)	(68, 0.0)	(70, 0.0)	(72, 0.0)	(74, 0.0)	(76, 0.0)	(78, 0.0)	(80, 0.0)	(82, 0.0)	(84, 0.0)	(86, 0.0)	(88, 0.0)	(90, 0.0)	(92, 0.0)	(94, 0.0)	(96, 0.0)	(98, 0.0)	(100, 0.0)
SRR19077147_1	(1, 0.0003634859539515611)	(2, 0.19122418536343294)	(3, 0.0)	(4, 0.0)	(5, 4.755890986282108e-05)	(6, 0.0017562825999341786)	(7, 6.794129980403011e-06)	(8, 0.0)	(9, 0.0005808981133244575)	(10, 0.0)	(12, 0.0)	(14, 0.0)	(16, 0.0)	(18, 0.0)	(20, 0.0)	(22, 0.0)	(24, 0.0007456557653492305)	(26, 0.0009273987423250111)	(28, 0.0)	(30, 0.0)	(32, 0.0)	(34, 0.0)	(36, 0.00012738993713255647)	(38, 0.0004059492663290799)	(40, 0.00040085366884377773)	(42, 0.000577501048334256)	(44, 0.0006946997904962079)	(46, 0.0007779278827561449)	(48, 0.000446714046211498)	(50, 0.0007235748429129207)	(52, 0.000742258700359029)	(54, 0.0005384348009469387)	(56, 0.0008118985326581598)	(58, 0.0006641262055843944)	(60, 0.0011787815515999225)	(62, 0.000913810482364205)	(64, 0.0004025522013388785)	(66, 0.0005350377359567372)	(68, 0.00035839035646625884)	(70, 0.0012416272539186504)	(72, 5.095597485302259e-06)	(74, 0.0)	(76, 0.00027006666672101966)	(78, 8.492662475503764e-05)	(80, 0.0)	(82, 3.3970649902015056e-06)	(84, 0.0002310004193337024)	(86, 0.0003566918239711581)	(88, 0.00027176519921612047)	(90, 0.0003006402516328333)	(92, 0.0005248465409861327)	(94, 0.0002496842767798107)	(96, 0.00016815471701497455)	(98, 0.0001155002096668512)	(100, 0.0004161404612996844)
SRR19077147_2	(1, 0.0949921283210047)	(2, 0.059051180724672775)	(3, 0.007731719917698627)	(4, 0.003060755556171557)	(5, 0.00026836813422591896)	(6, 0.0021469450738073517)	(7, 0.0003498976939907551)	(8, 0.0008662515725013839)	(9, 5.77501048334256e-05)	(10, 0.00033121383654464683)	(12, 0.0003193241090789416)	(14, 0.00021231656188759412)	(16, 0.00027855932919652345)	(18, 0.00012738993713255647)	(20, 5.265450734812334e-05)	(22, 2.88750524167128e-05)	(24, 4.076477988241807e-05)	(26, 2.2080922436309786e-05)	(28, 2.547798742651129e-05)	(30, 2.0382389941209035e-05)	(32, 1.528679245590678e-05)	(34, 1.6985324951007528e-06)	(36, 0.0)	(38, 0.0)	(40, 0.00020722096440229187)	(42, 7.643396227953388e-05)	(44, 0.00010361048220114593)	(46, 6.794129980403011e-06)	(48, 0.00013588259960806024)	(50, 0.0005044641510449236)	(52, 2.547798742651129e-05)	(54, 3.3970649902015056e-06)	(56, 0.0)	(58, 0.0)	(60, 2.377945493141054e-05)	(62, 0.0)	(64, 0.0)	(66, 0.0)	(68, 0.0)	(70, 0.0)	(72, 3.3970649902015056e-06)	(74, 0.0)	(76, 0.0)	(78, 6.794129980403011e-06)	(80, 0.0)	(82, 0.0)	(84, 0.0)	(86, 0.0)	(88, 1.3588259960806023e-05)	(90, 6.794129980403011e-06)	(92, 3.3970649902015056e-06)	(94, 1.6985324951007528e-06)	(96, 5.265450734812334e-05)	(98, 1.6985324951007528e-06)	(100, 0.0)
SRR19077148_1	(1, 0.008613137382315315)	(2, 0.16997921750763276)	(3, 0.0065122896547356555)	(4, 0.0)	(5, 5.751112941844476e-05)	(6, 0.0)	(7, 0.0)	(8, 0.0)	(9, 9.810722077264104e-05)	(10, 0.0)	(12, 5.074511419274537e-06)	(14, 0.0)	(16, 0.0)	(18, 0.0)	(20, 0.0)	(22, 0.0)	(24, 0.0003585988069620673)	(26, 0.00047700407341180653)	(28, 0.0)	(30, 0.0)	(32, 0.0)	(34, 0.0)	(36, 4.7362106579895684e-05)	(38, 6.0894137031294444e-05)	(40, 0.0001556183501910858)	(42, 0.00021651248722238026)	(44, 0.00020974647199668088)	(46, 0.00028755564709222377)	(48, 0.0001623843654167852)	(50, 0.0002452680519316026)	(52, 0.0003230772270271455)	(54, 0.0002604915861894262)	(56, 0.0004431739972833096)	(58, 0.0004330249744447605)	(60, 0.000504068134314604)	(62, 0.00035521579934921755)	(64, 0.00033830076128496913)	(66, 0.00035521579934921755)	(68, 0.00029939617373719765)	(70, 0.0005023766305081791)	(72, 3.3830076128496915e-06)	(74, 3.3830076128496915e-06)	(76, 0.0)	(78, 0.0)	(80, 0.0)	(82, 0.0)	(84, 0.0003078536927693219)	(86, 0.000296013166124348)	(88, 0.0005615792637330487)	(90, 0.0003958118907034139)	(92, 0.0003907373792841393)	(94, 0.00029939617373719765)	(96, 0.0002215869986416548)	(98, 0.0003027791813500474)	(100, 0.0003670563259941915)
SRR19077148_2	(1, 0.09757608857742366)	(2, 0.042358638320490985)	(3, 0.002144826826546704)	(4, 0.0006157073855386438)	(5, 7.442616748269321e-05)	(6, 0.0016712057607477476)	(7, 0.0003010876775436225)	(8, 4.7362106579895684e-05)	(9, 0.0004059609135419629)	(10, 8.288368651481743e-05)	(12, 8.964970174051682e-05)	(14, 2.029804567709815e-05)	(16, 1.1840526644973921e-05)	(18, 0.0)	(20, 0.0)	(22, 1.6915038064248457e-06)	(24, 1.6915038064248457e-06)	(26, 0.0)	(28, 0.0)	(30, 1.6915038064248457e-06)	(32, 0.0)	(34, 0.0)	(36, 0.0)	(38, 0.0)	(40, 1.1840526644973921e-05)	(42, 3.3830076128496915e-06)	(44, 0.0)	(46, 0.0)	(48, 0.0)	(50, 5.243661799917022e-05)	(52, 0.0)	(54, 0.0)	(56, 0.0)	(58, 0.0)	(60, 0.0)	(62, 0.0)	(64, 0.0)	(66, 0.0)	(68, 0.0)	(70, 0.0)	(72, 0.0)	(74, 0.0)	(76, 0.0)	(78, 0.0)	(80, 0.0)	(82, 0.0)	(84, 0.0)	(86, 0.0)	(88, 0.0)	(90, 0.0)	(92, 0.0)	(94, 0.0)	(96, 0.0)	(98, 0.0)	(100, 0.0)
SRR19077149_1	(1, 0.0003064497247775022)	(2, 0.19197343150170465)	(3, 0.0)	(4, 0.0)	(5, 2.931258237002195e-05)	(6, 0.001454969997639271)	(7, 1.0659120861826162e-05)	(8, 0.0)	(9, 0.0004450182959812423)	(10, 0.0)	(12, 0.0)	(14, 0.0)	(16, 0.0)	(18, 0.0)	(20, 0.0)	(22, 0.0)	(24, 0.0007101639274191681)	(26, 0.0009153520040093217)	(28, 0.0)	(30, 0.0)	(32, 0.0)	(34, 0.0)	(36, 0.00012790945034191396)	(38, 0.00040238181253393764)	(40, 0.00042769722458077476)	(42, 0.0005795896968617976)	(44, 0.0007301497790350921)	(46, 0.0007794482130210381)	(48, 0.00044768307619669884)	(50, 0.0007088315373114397)	(52, 0.0007567975811896576)	(54, 0.0005795896968617976)	(56, 0.0007794482130210381)	(58, 0.0006875132955877875)	(60, 0.001108548569629921)	(62, 0.0008593916194847344)	(64, 0.0004410211256580575)	(66, 0.0005516095045995039)	(68, 0.00038372835102574185)	(70, 0.0012391228001872915)	(72, 3.997170323184811e-06)	(74, 1.3323901077282702e-06)	(76, 0.00024915695014518654)	(78, 8.394057678688103e-05)	(80, 0.0)	(82, 1.3323901077282702e-06)	(84, 0.0002211767578828929)	(86, 0.00032110601596251314)	(88, 0.00026781041165338233)	(90, 0.00030511733466977387)	(92, 0.00049298433985946)	(94, 0.0002571512907915562)	(96, 0.00015988681292739246)	(98, 0.00011991510969554433)	(100, 0.0004157057136112204)
SRR19077149_2	(1, 0.10312965911838358)	(2, 0.051195757499351055)	(3, 0.006691263121011373)	(4, 0.0025768424683464746)	(5, 0.00020252329637469708)	(6, 0.002006579502238775)	(7, 0.00031177928520841525)	(8, 0.0008100931854987883)	(9, 5.86251647400439e-05)	(10, 0.0002931258237002195)	(12, 0.00029179343359249117)	(14, 0.00020385568648242537)	(16, 0.0002478245600374583)	(18, 9.593208775643546e-05)	(20, 6.26223350632287e-05)	(22, 1.9985851615924057e-05)	(24, 3.197736258547849e-05)	(26, 9.326730754097892e-06)	(28, 1.3323901077282704e-05)	(30, 7.994340646369622e-06)	(32, 9.326730754097892e-06)	(34, 1.3323901077282702e-06)	(36, 0.0)	(38, 0.0)	(40, 0.0001838698348665013)	(42, 7.061667570959833e-05)	(44, 7.994340646369623e-05)	(46, 1.3323901077282702e-06)	(48, 9.992925807962028e-05)	(50, 0.00042503244436531824)	(52, 1.4656291185010975e-05)	(54, 0.0)	(56, 0.0)	(58, 0.0)	(60, 1.1991510969554433e-05)	(62, 1.3323901077282702e-06)	(64, 0.0)	(66, 0.0)	(68, 0.0)	(70, 0.0)	(72, 0.0)	(74, 0.0)	(76, 0.0)	(78, 3.997170323184811e-06)	(80, 0.0)	(82, 0.0)	(84, 0.0)	(86, 0.0)	(88, 9.326730754097892e-06)	(90, 1.3323901077282702e-06)	(92, 0.0)	(94, 0.0)	(96, 3.5974532908663295e-05)	(98, 0.0)	(100, 0.0)
SRR19077150_1	(1, 0.007609924463750828)	(2, 0.16971093482818472)	(3, 0.007794294122458274)	(4, 0.0)	(5, 4.2752384627813635e-05)	(6, 0.0)	(7, 0.0)	(8, 0.0)	(9, 7.748869713791222e-05)	(10, 0.0)	(12, 1.336012019619176e-06)	(14, 0.0)	(16, 0.0)	(18, 0.0)	(20, 0.0)	(22, 0.0)	(24, 0.0003086187765320297)	(26, 0.0004048116419446104)	(28, 0.0)	(30, 0.0)	(32, 0.0)	(34, 0.0)	(36, 3.072827645124105e-05)	(38, 6.0120540882862926e-05)	(40, 0.00020307382698211477)	(42, 0.00024181817555107087)	(44, 0.00023914615151183257)	(46, 0.00033801104096365157)	(48, 0.00022044198323716406)	(50, 0.0002672024039238352)	(52, 0.0003807634255914652)	(54, 0.00029926669239469547)	(56, 0.0004595881347489966)	(58, 0.0004555800986901391)	(60, 0.000538412843906528)	(62, 0.00038209943761108436)	(64, 0.0003861074736699419)	(66, 0.00038477146165032274)	(68, 0.00034736312510098583)	(70, 0.0004903164112002377)	(72, 2.672024039238352e-06)	(74, 2.672024039238352e-06)	(76, 0.0)	(78, 0.0)	(80, 0.0)	(82, 0.0)	(84, 0.00032064288470860233)	(86, 0.00032064288470860233)	(88, 0.000569141120357769)	(90, 0.000416835750121183)	(92, 0.0004074836659838488)	(94, 0.00033266699288517486)	(96, 0.0002177699591979257)	(98, 0.0002818985361396462)	(100, 0.00036606729337565426)
SRR19077150_2	(1, 0.10912546176249432)	(2, 0.03666818589046791)	(3, 0.0018677448034276083)	(4, 0.00038209943761108436)	(5, 0.00010420893753029575)	(6, 0.0015978703754645348)	(7, 0.000325986932787079)	(8, 4.2752384627813635e-05)	(9, 0.0004141637260819446)	(10, 7.882470915753139e-05)	(12, 8.684078127524646e-05)	(14, 1.736815625504929e-05)	(16, 1.336012019619176e-05)	(18, 1.336012019619176e-06)	(20, 0.0)	(22, 0.0)	(24, 2.672024039238352e-06)	(26, 0.0)	(28, 0.0)	(30, 0.0)	(32, 0.0)	(34, 0.0)	(36, 0.0)	(38, 0.0)	(40, 1.0688096156953409e-05)	(42, 1.336012019619176e-06)	(44, 0.0)	(46, 0.0)	(48, 0.0)	(50, 2.80562524120027e-05)	(52, 0.0)	(54, 0.0)	(56, 0.0)	(58, 0.0)	(60, 0.0)	(62, 0.0)	(64, 0.0)	(66, 0.0)	(68, 0.0)	(70, 0.0)	(72, 0.0)	(74, 0.0)	(76, 0.0)	(78, 0.0)	(80, 0.0)	(82, 0.0)	(84, 0.0)	(86, 0.0)	(88, 0.0)	(90, 0.0)	(92, 0.0)	(94, 0.0)	(96, 0.0)	(98, 0.0)	(100, 0.0)
SRR19077151_1	(1, 0.00027668240845465355)	(2, 0.19204929466016496)	(3, 0.0)	(4, 0.0)	(5, 4.034951789963698e-05)	(6, 0.0015534564391360233)	(7, 2.017475894981849e-05)	(8, 0.0)	(9, 0.00045825523900301987)	(10, 0.0)	(12, 0.0)	(14, 0.0)	(16, 0.0)	(18, 0.0)	(20, 0.0)	(22, 0.0)	(24, 0.0007190860511399589)	(26, 0.0009381262911665597)	(28, 0.0)	(30, 0.0)	(32, 0.0)	(34, 0.0)	(36, 0.00015995701738784657)	(38, 0.0004294341547889935)	(40, 0.00047266578111003314)	(42, 0.0006355049069192822)	(44, 0.0007709640027252064)	(46, 0.0008761609601064028)	(48, 0.0005014868653240596)	(50, 0.0007594355690395959)	(52, 0.0007911387616750249)	(54, 0.0006153301479694638)	(56, 0.0008329293337853632)	(58, 0.0007493481895646866)	(60, 0.0011888697238285895)	(62, 0.0009093052069525331)	(64, 0.00047842999795283836)	(66, 0.0005908322263875413)	(68, 0.00039917201636426573)	(70, 0.001299830898052591)	(72, 4.323162632103962e-06)	(74, 0.0)	(76, 0.00024065605318712051)	(78, 7.78169273778713e-05)	(80, 1.4410542107013206e-06)	(82, 0.0)	(84, 0.00023921499897641918)	(86, 0.0003660277695181354)	(88, 0.00028821084214026405)	(90, 0.0003285603600399011)	(92, 0.0005418363832236964)	(94, 0.00024930237845132845)	(96, 0.0001758086137055611)	(98, 0.00013113593317382014)	(100, 0.0004294341547889935)
SRR19077151_2	(1, 0.10140698480705192)	(2, 0.05319507513382854)	(3, 0.00714762888507855)	(4, 0.002810055710867575)	(5, 0.00019021915581257428)	(6, 0.002078000171831304)	(7, 0.00039484885373216184)	(8, 0.0008127545748355448)	(9, 6.34063852708581e-05)	(10, 0.00030982665530078393)	(12, 0.000296857167404472)	(14, 0.0002190402400266007)	(16, 0.00026515397476904295)	(18, 0.0001268127705417162)	(20, 7.349376474576735e-05)	(22, 1.5851596317714525e-05)	(24, 3.4585301056831694e-05)	(26, 1.7292650528415847e-05)	(28, 1.0087379474909244e-05)	(30, 1.1528433685610565e-05)	(32, 5.764216842805282e-06)	(34, 1.4410542107013206e-06)	(36, 0.0)	(38, 0.0)	(40, 0.0001613980715985479)	(42, 7.205271053506601e-05)	(44, 7.925798158857262e-05)	(46, 4.323162632103962e-06)	(48, 9.655063211698846e-05)	(50, 0.0004424036426853054)	(52, 2.1615813160519807e-05)	(54, 4.323162632103962e-06)	(56, 0.0)	(58, 0.0)	(60, 1.7292650528415847e-05)	(62, 2.882108421402641e-06)	(64, 0.0)	(66, 0.0)	(68, 0.0)	(70, 0.0)	(72, 0.0)	(74, 0.0)	(76, 0.0)	(78, 5.764216842805282e-06)	(80, 0.0)	(82, 0.0)	(84, 0.0)	(86, 0.0)	(88, 1.0087379474909244e-05)	(90, 2.882108421402641e-06)	(92, 0.0)	(94, 0.0)	(96, 3.314424684613037e-05)	(98, 0.0)	(100, 0.0)
SRR19077152_1	(1, 0.007643448992254869)	(2, 0.17007396177928863)	(3, 0.007322805440425584)	(4, 0.0)	(5, 6.932833553065641e-05)	(6, 0.0)	(7, 0.0)	(8, 0.0)	(9, 4.621889035377094e-05)	(10, 0.0)	(12, 0.0)	(14, 0.0)	(16, 0.0)	(18, 0.0)	(20, 0.0)	(22, 0.0)	(24, 0.00029464542600528976)	(26, 0.00039430490833060837)	(28, 0.0)	(30, 0.0)	(32, 0.0)	(34, 0.0)	(36, 4.3330209706660254e-05)	(38, 7.366135650132244e-05)	(40, 0.00019931896465063718)	(42, 0.00026142559856351687)	(44, 0.0002484265356515188)	(46, 0.0003524190389475034)	(48, 0.00019931896465063718)	(50, 0.0002715359808284043)	(52, 0.0003683067825066122)	(54, 0.0002888680647110684)	(56, 0.0004621889035377094)	(58, 0.0004737436261261521)	(60, 0.0005705144278043601)	(62, 0.0003856388663892763)	(64, 0.00038997188735994233)	(66, 0.00039141622768349766)	(68, 0.0003553077195946141)	(70, 0.0004910757100088163)	(72, 4.333020970666026e-06)	(74, 4.333020970666026e-06)	(76, 0.0)	(78, 0.0)	(80, 0.0)	(82, 0.0)	(84, 0.00033941997603550533)	(86, 0.0003062001485937325)	(88, 0.000608067276216799)	(90, 0.00044630115997860065)	(92, 0.00041163699221327243)	(94, 0.0003683067825066122)	(96, 0.00023542747273952073)	(98, 0.0003004227872995111)	(100, 0.0003870832067128316)
SRR19077152_2	(1, 0.10633522330079138)	(2, 0.036206723230885314)	(3, 0.0019903009658592615)	(4, 0.00043619077771371324)	(5, 0.00011843590653153803)	(6, 0.0016956555398539715)	(7, 0.000329309593770618)	(8, 3.755284841243889e-05)	(9, 0.0004333020970666026)	(10, 7.22170161777671e-05)	(12, 9.532646135465256e-05)	(14, 1.0110382264887394e-05)	(16, 2.1665104853330127e-05)	(18, 1.4443403235553418e-06)	(20, 0.0)	(22, 0.0)	(24, 0.0)	(26, 0.0)	(28, 0.0)	(30, 0.0)	(32, 0.0)	(34, 0.0)	(36, 0.0)	(38, 0.0)	(40, 1.588774355910876e-05)	(42, 1.4443403235553418e-06)	(44, 0.0)	(46, 0.0)	(48, 0.0)	(50, 4.188586938310492e-05)	(52, 0.0)	(54, 0.0)	(56, 0.0)	(58, 0.0)	(60, 0.0)	(62, 0.0)	(64, 0.0)	(66, 0.0)	(68, 0.0)	(70, 0.0)	(72, 0.0)	(74, 0.0)	(76, 0.0)	(78, 0.0)	(80, 0.0)	(82, 0.0)	(84, 0.0)	(86, 0.0)	(88, 0.0)	(90, 0.0)	(92, 0.0)	(94, 0.0)	(96, 0.0)	(98, 0.0)	(100, 0.0)
SRR19077153_1	(1, 0.0003071554530183237)	(2, 0.191640753568722)	(3, 0.0)	(4, 0.0)	(5, 3.7720845107513434e-05)	(6, 0.0014360864601646187)	(7, 1.347173039554051e-05)	(8, 0.0)	(9, 0.000474204909923026)	(10, 0.0)	(12, 0.0)	(14, 0.0)	(16, 0.0)	(18, 0.0)	(20, 0.0)	(22, 0.0)	(24, 0.0007288206143987418)	(26, 0.0009416739546482817)	(28, 0.0)	(30, 0.0)	(32, 0.0)	(34, 0.0)	(36, 0.00011720405444120247)	(38, 0.0003758612780355803)	(40, 0.0003650838937191479)	(42, 0.0005294390045447421)	(44, 0.0006857110771330121)	(46, 0.00078809622813912)	(48, 0.00042166516138041803)	(50, 0.0006803223849747959)	(52, 0.0007274734413591877)	(54, 0.0005402163888611745)	(56, 0.0007921377472577822)	(58, 0.0006506845781046067)	(60, 0.0011626103331351463)	(62, 0.0008433303227608361)	(64, 0.000394721700589337)	(66, 0.0004903709863976747)	(68, 0.00034891781724449925)	(70, 0.001264995484141254)	(72, 1.3471730395540512e-06)	(74, 0.0)	(76, 0.00021689485936820225)	(78, 7.005299805681066e-05)	(80, 1.3471730395540512e-06)	(82, 0.0)	(84, 0.00019129857161667528)	(86, 0.0003004195878205534)	(88, 0.00023440810888240493)	(90, 0.00026269874271304)	(92, 0.0005038427167932152)	(94, 0.00019668726377489146)	(96, 0.00015357772650916184)	(98, 0.00010777384316432409)	(100, 0.0003839443162729046)
SRR19077153_2	(1, 0.1034197799004854)	(2, 0.05246430685239297)	(3, 0.006827472964459931)	(4, 0.0026997347712663187)	(5, 0.00015088338043005374)	(6, 0.0019965104446191036)	(7, 0.000315238491255648)	(8, 0.0007651942864667011)	(9, 4.310953726572964e-05)	(10, 0.0002586572235943778)	(12, 0.00028290633830635074)	(14, 0.00018456270641890502)	(16, 0.0002290194167241887)	(18, 9.026059365012143e-05)	(20, 5.388692158216204e-05)	(22, 1.077738431643241e-05)	(24, 2.9637806870189126e-05)	(26, 1.077738431643241e-05)	(28, 9.430211276878359e-06)	(30, 1.077738431643241e-05)	(32, 5.388692158216205e-06)	(34, 4.041519118662153e-06)	(36, 0.0)	(38, 0.0)	(40, 0.00016570228386514829)	(42, 5.927561374037825e-05)	(44, 8.217755541279713e-05)	(46, 8.083038237324306e-06)	(48, 9.969080492699978e-05)	(50, 0.00045130296825060713)	(52, 1.8860422553756717e-05)	(54, 2.6943460791081023e-06)	(56, 0.0)	(58, 0.0)	(60, 1.077738431643241e-05)	(62, 1.3471730395540512e-06)	(64, 0.0)	(66, 0.0)	(68, 0.0)	(70, 0.0)	(72, 0.0)	(74, 0.0)	(76, 0.0)	(78, 2.6943460791081023e-06)	(80, 0.0)	(82, 0.0)	(84, 0.0)	(86, 0.0)	(88, 1.4818903435094563e-05)	(90, 4.041519118662153e-06)	(92, 0.0)	(94, 1.3471730395540512e-06)	(96, 2.020759559331077e-05)	(98, 0.0)	(100, 0.0)
SRR19077154_1	(1, 0.007572216027113719)	(2, 0.1705963020202667)	(3, 0.0074101857269614985)	(4, 0.0)	(5, 7.021313006596172e-05)	(6, 0.0)	(7, 0.0)	(8, 0.0)	(9, 6.481212006088775e-05)	(10, 0.0)	(12, 1.3502525012684946e-06)	(14, 0.0)	(16, 0.0)	(18, 0.0)	(20, 0.0)	(22, 0.0)	(24, 0.00031595908529682775)	(26, 0.00044423307291733475)	(28, 0.0)	(30, 0.0)	(32, 0.0)	(34, 0.0)	(36, 3.2406060030443874e-05)	(38, 5.671060505327678e-05)	(40, 0.00019713686518520022)	(42, 0.0002322434302181811)	(44, 0.00022009115770676464)	(46, 0.0003362128728158552)	(48, 0.00018768509767632077)	(50, 0.00023899469272452357)	(52, 0.00032271034780317025)	(54, 0.00025249721773720854)	(56, 0.0004077762553830854)	(58, 0.0004401823154135293)	(60, 0.0005144462029832965)	(62, 0.0003645681753424936)	(64, 0.00036726868034503055)	(66, 0.00034701489282600316)	(68, 0.0002997560552816058)	(70, 0.0004820401429528526)	(72, 2.700505002536989e-06)	(74, 1.3502525012684946e-06)	(76, 0.0)	(78, 0.0)	(80, 0.0)	(82, 0.0)	(84, 0.00029030428777272635)	(86, 0.0002862535302689209)	(88, 0.0005428015055099349)	(90, 0.0003888727203653265)	(92, 0.0003834717103602525)	(94, 0.0003200098428006332)	(96, 0.00019578661268393173)	(98, 0.0002741012577575044)	(100, 0.00030785757028921676)
SRR19077154_2	(1, 0.10802020010147959)	(2, 0.03746680640519819)	(3, 0.0019119575417961886)	(4, 0.0004671873654388992)	(5, 8.911666508372065e-05)	(6, 0.001550089871456232)	(7, 0.000259248480243551)	(8, 4.050757503805484e-05)	(9, 0.00036996918534756753)	(10, 5.401010005073979e-05)	(12, 7.966489757484118e-05)	(14, 1.4852777513953441e-05)	(16, 1.755328251649043e-05)	(18, 1.3502525012684946e-06)	(20, 0.0)	(22, 0.0)	(24, 2.700505002536989e-06)	(26, 0.0)	(28, 0.0)	(30, 0.0)	(32, 0.0)	(34, 0.0)	(36, 0.0)	(38, 0.0)	(40, 1.4852777513953441e-05)	(42, 5.401010005073978e-06)	(44, 1.3502525012684946e-06)	(46, 0.0)	(48, 1.3502525012684946e-06)	(50, 4.185782753932334e-05)	(52, 1.3502525012684946e-06)	(54, 0.0)	(56, 0.0)	(58, 0.0)	(60, 0.0)	(62, 0.0)	(64, 0.0)	(66, 0.0)	(68, 0.0)	(70, 0.0)	(72, 0.0)	(74, 0.0)	(76, 0.0)	(78, 0.0)	(80, 0.0)	(82, 0.0)	(84, 0.0)	(86, 0.0)	(88, 0.0)	(90, 0.0)	(92, 0.0)	(94, 0.0)	(96, 0.0)	(98, 0.0)	(100, 0.0)
SRR19077155_1	(1, 0.00038373362558695093)	(2, 0.18917676176512613)	(3, 0.0)	(4, 0.0)	(5, 3.915649240683173e-05)	(6, 0.001679813524253081)	(7, 1.1746947722049519e-05)	(8, 0.0)	(9, 0.0005951786845838423)	(10, 0.0)	(12, 0.0)	(14, 0.0)	(16, 0.0)	(18, 0.0)	(20, 0.0)	(22, 0.0)	(24, 0.0006832807924992136)	(26, 0.0008496958852282485)	(28, 0.0)	(30, 0.0)	(32, 0.0)	(34, 0.0)	(36, 0.00015858379424766848)	(38, 0.0004894561550853967)	(40, 0.0005012031028074461)	(42, 0.0006989433894619462)	(44, 0.0008222863405434662)	(46, 0.000984785784031818)	(48, 0.000554064367556669)	(50, 0.00085165370984859)	(52, 0.0008947258514961049)	(54, 0.0006539134231940899)	(56, 0.0009397558177639614)	(58, 0.0008085815682010752)	(60, 0.0013841820065815015)	(62, 0.0010768035411878726)	(64, 0.0004933718043260797)	(66, 0.000601052158444867)	(68, 0.0004170166441327579)	(70, 0.0012275560369541746)	(72, 0.0)	(74, 0.0)	(76, 0.00022123418209859925)	(78, 7.635516019332187e-05)	(80, 0.0)	(82, 3.915649240683173e-06)	(84, 0.00024472807754269833)	(86, 0.0004033118717903668)	(88, 0.00029367369305123797)	(90, 0.00032304106235636176)	(92, 0.0005971365092041839)	(94, 0.00027213762222748046)	(96, 0.0001879511635527923)	(98, 0.00014879467114596058)	(100, 0.00046204661040061436)
SRR19077155_2	(1, 0.09230359955062442)	(2, 0.06178894501798046)	(3, 0.007776479391996781)	(4, 0.002987640370641261)	(5, 0.0002740954468478221)	(6, 0.0023493895444099038)	(7, 0.0003798179763462678)	(8, 0.0010493939965030904)	(9, 7.048168633229711e-05)	(10, 0.00034849278242080235)	(12, 0.0003719866778649014)	(14, 0.00023689677906133194)	(16, 0.0003054206407732875)	(18, 0.0001292164249425447)	(20, 7.24395109526387e-05)	(22, 2.3493895444099037e-05)	(24, 4.6987790888198075e-05)	(26, 1.566259696273269e-05)	(28, 1.566259696273269e-05)	(30, 3.915649240683173e-06)	(32, 7.831298481366346e-06)	(34, 0.0)	(36, 0.0)	(38, 0.0)	(40, 0.0002388546036816735)	(42, 9.593340639673773e-05)	(44, 0.00011551165260015359)	(46, 9.789123101707932e-06)	(48, 0.00011942730184083676)	(50, 0.000520781349010862)	(52, 3.132519392546538e-05)	(54, 3.915649240683173e-06)	(56, 0.0)	(58, 0.0)	(60, 1.9578246203415864e-05)	(62, 0.0)	(64, 0.0)	(66, 0.0)	(68, 0.0)	(70, 0.0)	(72, 1.9578246203415864e-06)	(74, 0.0)	(76, 0.0)	(78, 3.915649240683173e-06)	(80, 0.0)	(82, 0.0)	(84, 0.0)	(86, 0.0)	(88, 1.3704772342391105e-05)	(90, 7.831298481366346e-06)	(92, 3.915649240683173e-06)	(94, 0.0)	(96, 4.5029966267856485e-05)	(98, 0.0)	(100, 0.0)
SRR19077156_1	(1, 0.008822932011288006)	(2, 0.16969203327770901)	(3, 0.006817720190540732)	(4, 0.0)	(5, 7.077218190872732e-05)	(6, 0.0)	(7, 0.0)	(8, 0.0)	(9, 0.00012974900016600007)	(10, 0.0)	(12, 3.931787883818184e-06)	(14, 0.0)	(16, 0.0)	(18, 0.0)	(20, 0.0)	(22, 0.0)	(24, 0.00027129336398345474)	(26, 0.0003951446823237275)	(28, 0.0)	(30, 0.0)	(32, 0.0)	(34, 0.0)	(36, 4.128377278009093e-05)	(38, 7.470396979254551e-05)	(40, 0.00025753210639009106)	(42, 0.00027129336398345474)	(44, 0.0002634297882158183)	(46, 0.0003794175307884548)	(48, 0.0002260778033195456)	(50, 0.0003007817731120911)	(52, 0.0004187354096266367)	(54, 0.0003342019701245457)	(56, 0.0005072006370125459)	(58, 0.0005013029551868185)	(60, 0.0006133589098756368)	(62, 0.00043249666722000027)	(64, 0.00043642845510381844)	(66, 0.00043839434904572753)	(68, 0.00038728110655609116)	(70, 0.0005150642127801821)	(72, 5.897681825727277e-06)	(74, 3.931787883818184e-06)	(76, 0.0)	(78, 0.0)	(80, 0.0)	(82, 0.0)	(84, 0.0003676221671370002)	(86, 0.0003558268034855457)	(88, 0.0006507108947719094)	(90, 0.0005013029551868185)	(92, 0.0004580532884648185)	(94, 0.000385315212614182)	(96, 0.0002516344245643638)	(98, 0.00034599733377600023)	(100, 0.00041480362174281846)
SRR19077156_2	(1, 0.0985738540352057)	(2, 0.043509164722332024)	(3, 0.0022489826695440015)	(4, 0.0005622456673860004)	(5, 0.00010615827286309096)	(6, 0.0017889634871372738)	(7, 0.00033027018224072747)	(8, 4.324966672200003e-05)	(9, 0.0004836099097096367)	(10, 8.846522738590915e-05)	(12, 0.0001002605910373637)	(14, 1.3761257593363644e-05)	(16, 1.5727151535272737e-05)	(18, 1.965893941909092e-06)	(20, 1.965893941909092e-06)	(22, 1.965893941909092e-06)	(24, 1.965893941909092e-06)	(26, 0.0)	(28, 0.0)	(30, 0.0)	(32, 0.0)	(34, 0.0)	(36, 0.0)	(38, 0.0)	(40, 7.863575767636369e-06)	(42, 0.0)	(44, 0.0)	(46, 0.0)	(48, 0.0)	(50, 5.504503037345458e-05)	(52, 0.0)	(54, 0.0)	(56, 0.0)	(58, 0.0)	(60, 0.0)	(62, 0.0)	(64, 0.0)	(66, 0.0)	(68, 0.0)	(70, 0.0)	(72, 0.0)	(74, 0.0)	(76, 0.0)	(78, 0.0)	(80, 0.0)	(82, 0.0)	(84, 0.0)	(86, 0.0)	(88, 0.0)	(90, 0.0)	(92, 0.0)	(94, 0.0)	(96, 0.0)	(98, 0.0)	(100, 0.0)
SRR19077157_1	(1, 0.0003238553696959027)	(2, 0.19045881200771825)	(3, 0.0)	(4, 0.0)	(5, 2.6545522106221535e-05)	(6, 0.0014600037158421844)	(7, 1.0618208842488615e-05)	(8, 0.0)	(9, 0.00044596477138452177)	(10, 0.0)	(12, 0.0)	(14, 0.0)	(16, 0.0)	(18, 0.0)	(20, 0.0)	(22, 0.0)	(24, 0.0006968199552883152)	(26, 0.0008614021923468889)	(28, 0.0)	(30, 0.0)	(32, 0.0)	(34, 0.0)	(36, 0.00014201854326828522)	(38, 0.0004472920474898329)	(40, 0.0004366738386473442)	(42, 0.0006264743217068283)	(44, 0.0007684928649751135)	(46, 0.0008348566702406673)	(48, 0.0005110013005447646)	(50, 0.000760529208343247)	(52, 0.0007592019322379359)	(54, 0.0006065651801271621)	(56, 0.0008667112967681332)	(58, 0.0007193836490786036)	(60, 0.0011786211815162362)	(62, 0.0009450205869814866)	(64, 0.0004711830173854322)	(66, 0.0005587832403359633)	(68, 0.0003650009289605461)	(70, 0.0012436577106764788)	(72, 1.3272761053110769e-06)	(74, 0.0)	(76, 0.00026412794495690424)	(78, 0.00011812757337268583)	(80, 2.6545522106221538e-06)	(82, 5.3091044212443076e-06)	(84, 0.0002389096989559938)	(86, 0.00037031003338179044)	(88, 0.0002813825343259483)	(90, 0.00030129167590561444)	(92, 0.0005840014863368738)	(94, 0.0002747461537993929)	(96, 0.0001659095131638846)	(98, 0.00014201854326828522)	(100, 0.0004645466368588769)
SRR19077157_2	(1, 0.10287451637045093)	(2, 0.052899916453278274)	(3, 0.0069522722396194205)	(4, 0.002612079375252199)	(5, 0.00024156425116661595)	(6, 0.002054623411021547)	(7, 0.0003371281307490135)	(8, 0.0008361839463459783)	(9, 8.229111852928676e-05)	(10, 0.0003238553696959027)	(12, 0.00029863712369499227)	(14, 0.00022563693790288305)	(16, 0.00028801891485250367)	(18, 0.00011281846895144152)	(20, 5.4418320317754146e-05)	(22, 2.6545522106221535e-05)	(24, 5.176376810713199e-05)	(26, 2.123641768497723e-05)	(28, 3.052735042215476e-05)	(30, 2.2563693790288306e-05)	(32, 1.990914157966615e-05)	(34, 0.0)	(36, 0.0)	(38, 0.0)	(40, 0.00016060040874264027)	(42, 6.901835747617599e-05)	(44, 7.167290968679815e-05)	(46, 3.9818283159332305e-06)	(48, 8.627294684521999e-05)	(50, 0.0004021646599092563)	(52, 2.521824600091046e-05)	(54, 2.6545522106221538e-06)	(56, 0.0)	(58, 0.0)	(60, 2.2563693790288306e-05)	(62, 0.0)	(64, 0.0)	(66, 0.0)	(68, 0.0)	(70, 0.0)	(72, 6.636380526555384e-06)	(74, 0.0)	(76, 0.0)	(78, 7.963656631866461e-06)	(80, 0.0)	(82, 0.0)	(84, 0.0)	(86, 0.0)	(88, 1.7254589369043997e-05)	(90, 1.3272761053110769e-06)	(92, 1.3272761053110769e-06)	(94, 0.0)	(96, 3.318190263277692e-05)	(98, 0.0)	(100, 0.0)
SRR19077158_1	(1, 0.007599116243031034)	(2, 0.17120659684290293)	(3, 0.007500530232865485)	(4, 0.0)	(5, 5.328973522462156e-05)	(6, 0.0)	(7, 0.0)	(8, 0.0)	(9, 8.792806312062559e-05)	(10, 0.0)	(12, 3.996730141846617e-06)	(14, 0.0)	(16, 0.0)	(18, 0.0)	(20, 0.0)	(22, 0.0)	(24, 0.0003050837341609585)	(26, 0.00043830807222251236)	(28, 0.0)	(30, 0.0)	(32, 0.0)	(34, 0.0)	(36, 3.730281465723509e-05)	(38, 5.728646536646819e-05)	(40, 0.00018784631666679102)	(42, 0.00023447483498833488)	(44, 0.00023181034822710377)	(46, 0.0003197384113477294)	(48, 0.00018917856004740653)	(50, 0.000257122972458799)	(52, 0.0003543767392437334)	(54, 0.00026511643274249226)	(56, 0.0004463015325062056)	(58, 0.0004489660192674367)	(60, 0.0005355618390074467)	(62, 0.00037436038995296647)	(64, 0.00036237019952742663)	(66, 0.00036636692966927323)	(68, 0.0003303963583926537)	(70, 0.0004902655640665184)	(72, 5.328973522462157e-06)	(74, 1.3322433806155392e-06)	(76, 0.0)	(78, 0.0)	(80, 0.0)	(82, 0.0)	(84, 0.0003343930885345003)	(86, 0.0003010870040191118)	(88, 0.0005515487595748332)	(90, 0.0004129954479908171)	(92, 0.0003876828237591219)	(94, 0.00033172860177326923)	(96, 0.00020916221075663964)	(98, 0.00029442578711603415)	(100, 0.00035837346938558004)
SRR19077158_2	(1, 0.10771454180952757)	(2, 0.03706567533548553)	(3, 0.001942410848937456)	(4, 0.0004982590243502115)	(5, 9.858601016554989e-05)	(6, 0.001641323844918344)	(7, 0.00031440943782526723)	(8, 2.930935437354186e-05)	(9, 0.000410330961229586)	(10, 8.926030650124112e-05)	(12, 8.926030650124112e-05)	(14, 1.1990190425539853e-05)	(16, 1.9983650709233087e-05)	(18, 1.3322433806155392e-06)	(20, 0.0)	(22, 0.0)	(24, 2.6644867612310784e-06)	(26, 0.0)	(28, 0.0)	(30, 0.0)	(32, 0.0)	(34, 0.0)	(36, 0.0)	(38, 0.0)	(40, 7.993460283693234e-06)	(42, 0.0)	(44, 1.3322433806155392e-06)	(46, 0.0)	(48, 0.0)	(50, 3.597057127661955e-05)	(52, 0.0)	(54, 0.0)	(56, 0.0)	(58, 0.0)	(60, 0.0)	(62, 0.0)	(64, 0.0)	(66, 0.0)	(68, 0.0)	(70, 0.0)	(72, 0.0)	(74, 0.0)	(76, 0.0)	(78, 0.0)	(80, 0.0)	(82, 0.0)	(84, 0.0)	(86, 0.0)	(88, 0.0)	(90, 0.0)	(92, 0.0)	(94, 0.0)	(96, 0.0)	(98, 0.0)	(100, 0.0)
SRR19077159_1	(1, 0.00030484907085813814)	(2, 0.19078108102311267)	(3, 0.0)	(4, 0.0)	(5, 3.538426715317675e-05)	(6, 0.0013663770854534408)	(7, 1.0887466816362078e-05)	(8, 0.0)	(9, 0.00038922693868494423)	(10, 0.0)	(12, 0.0)	(14, 0.0)	(16, 0.0)	(18, 0.0)	(20, 0.0)	(22, 0.0)	(24, 0.0007063244097114897)	(26, 0.0009186300126305503)	(28, 0.0)	(30, 0.0)	(32, 0.0)	(34, 0.0)	(36, 0.00011567933492384707)	(38, 0.00043958147271061884)	(40, 0.0004259721391901663)	(42, 0.0005960888081958238)	(44, 0.0006831885427267204)	(46, 0.0008260865446914726)	(48, 0.0004749657398637956)	(50, 0.0007185728098798971)	(52, 0.000781175744073979)	(54, 0.0005566217409865112)	(56, 0.0008260865446914726)	(58, 0.0006954369428951277)	(60, 0.001185372949631421)	(62, 0.000849222411676242)	(64, 0.00041236280566971366)	(66, 0.0005552608076344659)	(68, 0.00036336920499608434)	(70, 0.0012670289507541368)	(72, 4.082800056135779e-06)	(74, 0.0)	(76, 0.00023816333660792041)	(78, 8.709973453089662e-05)	(80, 1.3609333520452598e-06)	(82, 1.3609333520452598e-06)	(84, 0.00023544146990382993)	(86, 0.000351120804827677)	(88, 0.00026129920359268985)	(90, 0.0002994053374499571)	(92, 0.0005294030739456059)	(94, 0.00022727586979155834)	(96, 0.00017828226911792902)	(98, 0.00011159653486771129)	(100, 0.0004531908062310715)
SRR19077159_2	(1, 0.10288928328132571)	(2, 0.05243676205430386)	(3, 0.006750229426144488)	(4, 0.0025231704346919113)	(5, 0.0001714776023577027)	(6, 0.0021040029622619713)	(7, 0.00034567707141949593)	(8, 0.0008383349448598798)	(9, 4.899360067362935e-05)	(10, 0.0002939616040417761)	(12, 0.0003034881375060929)	(14, 0.00019461346934247212)	(16, 0.00023544146990382993)	(18, 0.00011159653486771129)	(20, 5.852013413794617e-05)	(22, 2.0414000280678893e-05)	(24, 2.857960039295045e-05)	(26, 1.0887466816362078e-05)	(28, 1.7692133576588375e-05)	(30, 5.443733408181039e-06)	(32, 6.804666760226298e-06)	(34, 0.0)	(36, 0.0)	(38, 1.3609333520452598e-06)	(40, 0.00015922920218929538)	(42, 6.39638675461272e-05)	(44, 6.39638675461272e-05)	(46, 1.3609333520452598e-06)	(48, 0.00010615280145953025)	(50, 0.0004001144055013064)	(52, 9.526533464316817e-06)	(54, 0.0)	(56, 0.0)	(58, 0.0)	(60, 1.3609333520452597e-05)	(62, 1.3609333520452598e-06)	(64, 0.0)	(66, 0.0)	(68, 0.0)	(70, 0.0)	(72, 0.0)	(74, 0.0)	(76, 0.0)	(78, 6.804666760226298e-06)	(80, 0.0)	(82, 0.0)	(84, 0.0)	(86, 0.0)	(88, 1.4970266872497856e-05)	(90, 1.3609333520452598e-06)	(92, 0.0)	(94, 0.0)	(96, 2.9940533744995712e-05)	(98, 0.0)	(100, 0.0)
SRR19077160_1	(1, 0.007541675372206242)	(2, 0.16900982330661463)	(3, 0.007659685576356485)	(4, 0.0)	(5, 3.2933080227974856e-05)	(6, 0.0)	(7, 0.0)	(8, 0.0)	(9, 8.782154727459962e-05)	(10, 0.0)	(12, 2.744423352331238e-06)	(14, 0.0)	(16, 0.0)	(18, 0.0)	(20, 0.0)	(22, 0.0)	(24, 0.0003183531088704236)	(26, 0.0004171523495543482)	(28, 0.0)	(30, 0.0)	(32, 0.0)	(34, 0.0)	(36, 4.665519698963105e-05)	(38, 8.096048889377152e-05)	(40, 0.00020445953974867725)	(42, 0.00024150925500514896)	(44, 0.0002222982915388303)	(46, 0.00033481964898441106)	(48, 0.00020583175142484286)	(50, 0.000259348006795302)	(52, 0.0003471695540699016)	(54, 0.00027718675858545504)	(56, 0.000414407926202017)	(58, 0.00043636331302066684)	(60, 0.0005241848602952665)	(62, 0.0003677527292123859)	(64, 0.0003608916708315578)	(66, 0.000374613787593214)	(68, 0.00032109753222275486)	(70, 0.0005022294734766166)	(72, 5.488846704662476e-06)	(74, 4.116635028496857e-06)	(76, 0.0)	(78, 0.0)	(80, 0.0)	(82, 0.0)	(84, 0.00030051435708027056)	(86, 0.00028542002864244875)	(88, 0.0005777011156657256)	(90, 0.0003842192693263733)	(92, 0.00039656917441186396)	(94, 0.0003183531088704236)	(96, 0.00020445953974867725)	(98, 0.0002662090651761301)	(100, 0.0003567750358030609)
SRR19077160_2	(1, 0.10880266380317194)	(2, 0.036725873300896626)	(3, 0.002006173470554135)	(4, 0.0004830185100102979)	(5, 9.879924068392456e-05)	(6, 0.0016548872814557366)	(7, 0.00028816445199478)	(8, 2.469981017098114e-05)	(9, 0.000403430232792692)	(10, 7.135500716061219e-05)	(12, 9.742702900775894e-05)	(14, 1.6466540113987428e-05)	(16, 2.6072021847146763e-05)	(18, 0.0)	(20, 1.372211676165619e-06)	(22, 2.744423352331238e-06)	(24, 1.372211676165619e-06)	(26, 0.0)	(28, 0.0)	(30, 1.372211676165619e-06)	(32, 0.0)	(34, 0.0)	(36, 0.0)	(38, 0.0)	(40, 1.0977693409324952e-05)	(42, 0.0)	(44, 0.0)	(46, 0.0)	(48, 0.0)	(50, 3.842192693263733e-05)	(52, 0.0)	(54, 0.0)	(56, 0.0)	(58, 0.0)	(60, 0.0)	(62, 0.0)	(64, 0.0)	(66, 0.0)	(68, 0.0)	(70, 0.0)	(72, 0.0)	(74, 0.0)	(76, 0.0)	(78, 0.0)	(80, 0.0)	(82, 0.0)	(84, 0.0)	(86, 0.0)	(88, 0.0)	(90, 0.0)	(92, 0.0)	(94, 0.0)	(96, 0.0)	(98, 0.0)	(100, 0.0)
SRR19077161_1	(1, 0.00035158939530395084)	(2, 0.19295736385983683)	(3, 0.0)	(4, 0.0)	(5, 3.6860178539930334e-05)	(6, 0.0014970903283910166)	(7, 1.4176991746127053e-05)	(8, 0.0)	(9, 0.0004905239144159959)	(10, 0.0)	(12, 1.417699174612705e-06)	(14, 0.0)	(16, 0.0)	(18, 0.0)	(20, 0.0)	(22, 0.0)	(24, 0.0007683929526400862)	(26, 0.0009668708370858649)	(28, 0.0)	(30, 0.0)	(32, 0.0)	(34, 0.0)	(36, 0.00012901062488975616)	(38, 0.00038136107797081767)	(40, 0.00040120886641539555)	(42, 0.0005656619706704693)	(44, 0.0006578124170202952)	(46, 0.0007527982617193464)	(48, 0.0004465752400030021)	(50, 0.0006804956038140985)	(52, 0.0007060141889571271)	(54, 0.0005259663937813137)	(56, 0.0007712283509893117)	(58, 0.0006223699376549775)	(60, 0.0010547681859118525)	(62, 0.0008066708303546291)	(64, 0.0003898672730184939)	(66, 0.0004947770119398341)	(68, 0.0003445008994308873)	(70, 0.001302865541469076)	(72, 2.83539834922541e-06)	(74, 0.0)	(76, 0.0002778690382240902)	(78, 9.782124304827667e-05)	(80, 1.417699174612705e-06)	(82, 2.83539834922541e-06)	(84, 0.00020698407949345496)	(86, 0.0003175646151132459)	(88, 0.0002169079737157439)	(90, 0.0002750336398748648)	(92, 0.00047776462184448166)	(94, 0.0002169079737157439)	(96, 0.00015594690920739756)	(98, 0.0001077451372705656)	(100, 0.00038561417549465586)
SRR19077161_2	(1, 0.10291361848348549)	(2, 0.052389655298637906)	(3, 0.006830474623284013)	(4, 0.0026284142697319554)	(5, 0.00020131328279500416)	(6, 0.0020131328279500414)	(7, 0.00030055222501789347)	(8, 0.0007201911807032542)	(9, 4.2530975238381155e-05)	(10, 0.0002750336398748648)	(12, 0.0002608566481287377)	(14, 0.00017721239682658813)	(16, 0.00018571859187426436)	(18, 8.931504800060042e-05)	(20, 6.096106450834632e-05)	(22, 1.2759292571514347e-05)	(24, 3.260708101609221e-05)	(26, 8.50619504767623e-06)	(28, 1.8430089269965167e-05)	(30, 5.67079669845082e-06)	(32, 7.088495873063526e-06)	(34, 0.0)	(36, 0.0)	(38, 1.417699174612705e-06)	(40, 0.00016303540508046108)	(42, 6.237876368295903e-05)	(44, 6.521416203218443e-05)	(46, 5.67079669845082e-06)	(48, 9.782124304827667e-05)	(50, 0.00041680355733613535)	(52, 2.9771682666866806e-05)	(54, 7.088495873063526e-06)	(56, 0.0)	(58, 0.0)	(60, 5.67079669845082e-06)	(62, 0.0)	(64, 0.0)	(66, 0.0)	(68, 0.0)	(70, 0.0)	(72, 1.417699174612705e-06)	(74, 0.0)	(76, 0.0)	(78, 7.088495873063526e-06)	(80, 0.0)	(82, 0.0)	(84, 0.0)	(86, 0.0)	(88, 1.701239009535246e-05)	(90, 1.417699174612705e-06)	(92, 1.417699174612705e-06)	(94, 0.0)	(96, 3.402478019070492e-05)	(98, 0.0)	(100, 0.0)
SRR19077162_1	(1, 0.00754636472247062)	(2, 0.16887909943448967)	(3, 0.0075093448200585)	(4, 0.0)	(5, 3.986758721305233e-05)	(6, 0.0)	(7, 0.0)	(8, 0.0)	(9, 8.543054402796928e-05)	(10, 0.0)	(12, 4.271527201398463e-06)	(14, 0.0)	(16, 0.0)	(18, 0.0)	(20, 0.0)	(22, 0.0)	(24, 0.0002933115344960278)	(26, 0.000432848089741711)	(28, 0.0)	(30, 0.0)	(32, 0.0)	(34, 0.0)	(36, 3.986758721305233e-05)	(38, 6.26490656205108e-05)	(40, 0.00016658956085454008)	(42, 0.00021784788727132164)	(44, 0.00020218562086619392)	(46, 0.0002933115344960278)	(48, 0.00018652335446106626)	(50, 0.00023493399607691552)	(52, 0.0002961592192969602)	(54, 0.00024632473528064477)	(56, 0.00039155666012819255)	(58, 0.0004000997145309894)	(60, 0.0004855302585589587)	(62, 0.00034029833371141094)	(64, 0.0003274837521072156)	(66, 0.0003474175457137417)	(68, 0.00029900690409789246)	(70, 0.000451358040947771)	(72, 1.2814581604195392e-05)	(74, 2.847684800932309e-06)	(76, 0.0)	(78, 0.0)	(80, 0.0)	(82, 0.0)	(84, 0.00030043074649835865)	(86, 0.00028761616489416324)	(88, 0.0005353647425752741)	(90, 0.0004000997145309894)	(92, 0.0003630798121188694)	(94, 0.00031182148570208786)	(96, 0.0001979140936647955)	(98, 0.0002961592192969602)	(100, 0.0003488413881142079)
SRR19077162_2	(1, 0.10784182341130656)	(2, 0.036493080723947545)	(3, 0.0019592071430414287)	(4, 0.0005011925249640864)	(5, 8.827822882890158e-05)	(6, 0.00152920673810065)	(7, 0.0002790731104913663)	(8, 3.417221761118771e-05)	(9, 0.0004300004049407787)	(10, 6.407290802097696e-05)	(12, 9.112591362983389e-05)	(14, 2.2781478407458472e-05)	(16, 1.56622664051277e-05)	(18, 1.4238424004661545e-06)	(20, 2.847684800932309e-06)	(22, 2.847684800932309e-06)	(24, 0.0)	(26, 0.0)	(28, 0.0)	(30, 0.0)	(32, 0.0)	(34, 0.0)	(36, 0.0)	(38, 0.0)	(40, 1.2814581604195392e-05)	(42, 2.847684800932309e-06)	(44, 1.4238424004661545e-06)	(46, 0.0)	(48, 0.0)	(50, 4.271527201398464e-05)	(52, 0.0)	(54, 0.0)	(56, 0.0)	(58, 0.0)	(60, 0.0)	(62, 0.0)	(64, 0.0)	(66, 0.0)	(68, 0.0)	(70, 0.0)	(72, 0.0)	(74, 0.0)	(76, 0.0)	(78, 0.0)	(80, 0.0)	(82, 0.0)	(84, 0.0)	(86, 0.0)	(88, 0.0)	(90, 0.0)	(92, 0.0)	(94, 0.0)	(96, 0.0)	(98, 0.0)	(100, 0.0)
SRR19077163_1	(1, 0.0002662203080775699)	(2, 0.1914154970927504)	(3, 0.0)	(4, 0.0)	(5, 3.405143475410778e-05)	(6, 0.0013868220699854805)	(7, 6.191169955292324e-06)	(8, 0.0)	(9, 0.00044576423678104727)	(10, 0.0)	(12, 0.0)	(14, 0.0)	(16, 0.0)	(18, 0.0)	(20, 0.0)	(22, 0.0)	(24, 0.0007243668847692019)	(26, 0.0009224843233385562)	(28, 0.0)	(30, 0.0)	(32, 0.0)	(34, 0.0)	(36, 0.00012072781412820032)	(38, 0.0003745657822951856)	(40, 0.00038849591469459333)	(42, 0.0004952935964233859)	(44, 0.0006485250528168709)	(46, 0.0007475837721015481)	(48, 0.00040861721704929337)	(50, 0.0006562640152609863)	(52, 0.000650072845305694)	(54, 0.0005061281438451475)	(56, 0.0006996022049480325)	(58, 0.0006082824481074708)	(60, 0.001016899665156764)	(62, 0.0007723484519227174)	(64, 0.00036063564989577786)	(66, 0.0004891024264680936)	(68, 0.0003358709700746085)	(70, 0.0012846677657231572)	(72, 1.547792488823081e-06)	(74, 0.0)	(76, 0.00023681225078993137)	(78, 7.584183195233097e-05)	(80, 0.0)	(82, 3.095584977646162e-06)	(84, 0.00021049977847993902)	(86, 0.00030181953532050076)	(88, 0.00023526445830110828)	(90, 0.00026312472309992374)	(92, 0.0005030325588675014)	(94, 0.0002337166658122852)	(96, 0.00016561379630406967)	(98, 0.0001129888516840849)	(100, 0.00040706942456047025)
SRR19077163_2	(1, 0.10258459057421615)	(2, 0.049461256772830364)	(3, 0.006404765318749909)	(4, 0.0024919459070051604)	(5, 0.00018263951368112353)	(6, 0.001801630456990066)	(7, 0.0003157496677199085)	(8, 0.0006779331101045094)	(9, 5.2624944619984755e-05)	(10, 0.00027086368554403916)	(12, 0.000267768100566393)	(14, 0.00020740419350229284)	(16, 0.0002275254958569929)	(18, 9.596313430703101e-05)	(20, 5.417273710880783e-05)	(22, 2.012130235470005e-05)	(24, 3.25036422652847e-05)	(26, 1.2382339910584649e-05)	(28, 4.643377466469242e-06)	(30, 1.3930132399407727e-05)	(32, 9.286754932938485e-06)	(34, 0.0)	(36, 0.0)	(38, 3.095584977646162e-06)	(40, 0.0001377535315052542)	(42, 5.107715213116167e-05)	(44, 6.036390706410016e-05)	(46, 6.191169955292324e-06)	(48, 8.667637937409253e-05)	(50, 0.00037611357478400866)	(52, 2.4764679821169297e-05)	(54, 1.547792488823081e-06)	(56, 0.0)	(58, 0.0)	(60, 2.012130235470005e-05)	(62, 1.547792488823081e-06)	(64, 0.0)	(66, 0.0)	(68, 0.0)	(70, 0.0)	(72, 1.547792488823081e-06)	(74, 0.0)	(76, 0.0)	(78, 6.191169955292324e-06)	(80, 0.0)	(82, 0.0)	(84, 0.0)	(86, 0.0)	(88, 2.3216887332346214e-05)	(90, 6.191169955292324e-06)	(92, 0.0)	(94, 0.0)	(96, 2.9408057287638534e-05)	(98, 0.0)	(100, 0.0)
SRR19077164_1	(1, 0.007232562984944438)	(2, 0.16973950443960434)	(3, 0.007369555137909378)	(4, 0.0)	(5, 5.915570241667857e-05)	(6, 0.0)	(7, 0.0)	(8, 0.0)	(9, 6.226916043860902e-05)	(10, 0.0)	(12, 1.5567290109652256e-06)	(14, 0.0)	(16, 0.0)	(18, 0.0)	(20, 0.0)	(22, 0.0)	(24, 0.00034403711142331486)	(26, 0.0004607917872457067)	(28, 0.0)	(30, 0.0)	(32, 0.0)	(34, 0.0)	(36, 2.6464393186408836e-05)	(38, 6.849607648246992e-05)	(40, 0.00020860168746934023)	(42, 0.0002475199127434709)	(44, 0.00024129299669960996)	(46, 0.0003580476725220019)	(48, 0.0001945911263706532)	(50, 0.00025841701582022744)	(52, 0.00037050150460972366)	(54, 0.0003051188861491842)	(56, 0.0004592350582347416)	(58, 0.0004467812261470197)	(60, 0.0005168340316404549)	(62, 0.000379841878675515)	(64, 0.00039229571076323686)	(66, 0.00034870729845621056)	(68, 0.00032691309230269735)	(70, 0.0005292878637281767)	(72, 0.0)	(74, 0.0)	(76, 0.0)	(78, 0.0)	(80, 0.0)	(82, 0.0)	(84, 0.00027865449296277534)	(86, 0.00029422178307242765)	(88, 0.0005791031920790639)	(90, 0.0003891822527413064)	(92, 0.00039073898175227156)	(94, 0.00031445926021497555)	(96, 0.0001945911263706532)	(98, 0.00025063337076540134)	(100, 0.00033781019537945395)
SRR19077164_2	(1, 0.10870950029372363)	(2, 0.03535954275506413)	(3, 0.0017964652786538705)	(4, 0.0004919263674650113)	(5, 8.717682461405264e-05)	(6, 0.0015816366751406693)	(7, 0.00027709776395181014)	(8, 3.736149626316541e-05)	(9, 0.00040474954285095867)	(10, 5.759897340571334e-05)	(12, 7.005280549343515e-05)	(14, 1.4010561098687029e-05)	(16, 1.8680748131582706e-05)	(18, 3.1134580219304513e-06)	(20, 1.5567290109652256e-06)	(22, 1.5567290109652256e-06)	(24, 1.5567290109652256e-06)	(26, 0.0)	(28, 0.0)	(30, 0.0)	(32, 0.0)	(34, 0.0)	(36, 0.0)	(38, 0.0)	(40, 1.712401912061748e-05)	(42, 1.5567290109652256e-06)	(44, 1.5567290109652256e-06)	(46, 0.0)	(48, 0.0)	(50, 3.736149626316541e-05)	(52, 0.0)	(54, 0.0)	(56, 0.0)	(58, 0.0)	(60, 0.0)	(62, 0.0)	(64, 0.0)	(66, 0.0)	(68, 0.0)	(70, 0.0)	(72, 0.0)	(74, 0.0)	(76, 0.0)	(78, 0.0)	(80, 0.0)	(82, 0.0)	(84, 0.0)	(86, 0.0)	(88, 0.0)	(90, 0.0)	(92, 0.0)	(94, 0.0)	(96, 0.0)	(98, 0.0)	(100, 0.0)
SRR19077165_1	(1, 0.00030329385650470825)	(2, 0.19090468346373216)	(3, 0.0)	(4, 0.0)	(5, 3.5091851165834016e-05)	(6, 0.0015891595456527688)	(7, 5.0131215951191445e-06)	(8, 0.0)	(9, 0.0004637137475485209)	(10, 0.0)	(12, 1.2532803987797861e-06)	(14, 0.0)	(16, 0.0)	(18, 0.0)	(20, 0.0)	(22, 0.0)	(24, 0.0007532215196666515)	(26, 0.0009575062246677566)	(28, 0.0)	(30, 0.0)	(32, 0.0)	(34, 0.0)	(36, 0.0001353542830682169)	(38, 0.0004173423727936688)	(40, 0.00043488829837658584)	(42, 0.0006003213110155175)	(44, 0.0007281559116910557)	(46, 0.0008334314651885577)	(48, 0.00046246046714974113)	(50, 0.0007319157528873951)	(52, 0.0007532215196666515)	(54, 0.0005702425814448027)	(56, 0.0008033527356178429)	(58, 0.000714369827304478)	(60, 0.0011492581256810639)	(62, 0.000884815961538529)	(64, 0.0004399014199717049)	(66, 0.0005501900950643262)	(68, 0.0003534250724558997)	(70, 0.0012645599223688043)	(72, 2.5065607975595723e-06)	(74, 0.0)	(76, 0.00023686999536937957)	(78, 8.396978671824567e-05)	(80, 1.2532803987797861e-06)	(82, 1.2532803987797861e-06)	(84, 0.00022183063058402216)	(86, 0.00032083978208762525)	(88, 0.0002669487249400945)	(90, 0.00030329385650470825)	(92, 0.0005364040106777485)	(94, 0.00024814951895839766)	(96, 0.0001716994146328307)	(98, 0.00013159444187187754)	(100, 0.0004185956531924486)
SRR19077165_2	(1, 0.10397715500436618)	(2, 0.052013643110158686)	(3, 0.006872989706908347)	(4, 0.002689539735781421)	(5, 0.00022559047178036154)	(6, 0.0020754323403793257)	(7, 0.00038601036282417413)	(8, 0.00081964538080198)	(9, 5.514433754631059e-05)	(10, 0.0003070536977010476)	(12, 0.0002970274545108093)	(14, 0.00023311015417304024)	(16, 0.00021431094819134342)	(18, 0.00010276899269994246)	(20, 6.893042193288824e-05)	(22, 2.3812327576815938e-05)	(24, 2.8825449171935082e-05)	(26, 8.772962791458504e-06)	(28, 7.519682392678717e-06)	(30, 1.0026243190238289e-05)	(32, 1.5039364785357434e-05)	(34, 0.0)	(36, 0.0)	(38, 1.2532803987797861e-06)	(40, 0.0001804723774242892)	(42, 8.020994552190631e-05)	(44, 7.770338472434674e-05)	(46, 6.26640199389893e-06)	(48, 0.00012658132027675842)	(50, 0.00041984893359122837)	(52, 2.8825449171935082e-05)	(54, 1.2532803987797861e-06)	(56, 0.0)	(58, 0.0)	(60, 8.772962791458504e-06)	(62, 2.5065607975595723e-06)	(64, 0.0)	(66, 0.0)	(68, 0.0)	(70, 0.0)	(72, 0.0)	(74, 0.0)	(76, 0.0)	(78, 3.7598411963393586e-06)	(80, 0.0)	(82, 0.0)	(84, 0.0)	(86, 0.0)	(88, 5.0131215951191445e-06)	(90, 3.7598411963393586e-06)	(92, 1.2532803987797861e-06)	(94, 0.0)	(96, 4.51180943560723e-05)	(98, 0.0)	(100, 0.0)
SRR19077166_1	(1, 0.007622596658377071)	(2, 0.1697069026276004)	(3, 0.00774052359812155)	(4, 0.0)	(5, 4.51635088383105e-05)	(6, 0.0)	(7, 0.0)	(8, 0.0)	(9, 9.534518532532216e-05)	(10, 0.0)	(12, 5.018167648701166e-06)	(14, 0.0)	(16, 0.0)	(18, 0.0)	(20, 0.0)	(22, 0.0)	(24, 0.00028729009788814176)	(26, 0.0003951807023352169)	(28, 0.0)	(30, 0.0)	(32, 0.0)	(34, 0.0)	(36, 4.2654425013959914e-05)	(38, 6.398163752093987e-05)	(40, 0.0002132721250697996)	(42, 0.0002571810919959348)	(44, 0.0002446356728741818)	(46, 0.0003412354001116793)	(48, 0.00021954483463067602)	(50, 0.00026094471773246064)	(52, 0.0003901625346865157)	(54, 0.0002985809750977194)	(56, 0.0004829986361874873)	(58, 0.0004967985972214155)	(60, 0.000572071111951933)	(62, 0.0004102352052813203)	(64, 0.0003989443280717427)	(66, 0.0003989443280717427)	(68, 0.00033119906481427695)	(70, 0.00045163508838310496)	(72, 5.018167648701166e-06)	(74, 2.509083824350583e-06)	(76, 0.0)	(78, 0.0)	(80, 0.0)	(82, 0.0)	(84, 0.0003186536456925241)	(86, 0.0003387263162873287)	(88, 0.0005821074472493353)	(90, 0.00043658058543700145)	(92, 0.0004202715405787227)	(94, 0.0003412354001116793)	(96, 0.0002220539184550266)	(98, 0.0003136354780438229)	(100, 0.00037008986409171104)
SRR19077166_2	(1, 0.10824689435013285)	(2, 0.03690360488854837)	(3, 0.0018617401976681327)	(4, 0.00042152608249089804)	(5, 9.534518532532216e-05)	(6, 0.0016058136475843733)	(7, 0.0003387263162873287)	(8, 3.512717354090816e-05)	(9, 0.00045163508838310496)	(10, 7.778159855486808e-05)	(12, 0.00010161789488619862)	(14, 2.1327212506979957e-05)	(16, 2.0072670594804665e-05)	(18, 2.509083824350583e-06)	(20, 0.0)	(22, 1.2545419121752916e-06)	(24, 0.0)	(26, 0.0)	(28, 0.0)	(30, 1.2545419121752916e-06)	(32, 0.0)	(34, 0.0)	(36, 0.0)	(38, 0.0)	(40, 1.1290877209577624e-05)	(42, 5.018167648701166e-06)	(44, 0.0)	(46, 0.0)	(48, 0.0)	(50, 2.7599922067856412e-05)	(52, 0.0)	(54, 0.0)	(56, 0.0)	(58, 0.0)	(60, 0.0)	(62, 0.0)	(64, 0.0)	(66, 0.0)	(68, 0.0)	(70, 0.0)	(72, 0.0)	(74, 0.0)	(76, 0.0)	(78, 0.0)	(80, 0.0)	(82, 0.0)	(84, 0.0)	(86, 0.0)	(88, 0.0)	(90, 0.0)	(92, 0.0)	(94, 0.0)	(96, 0.0)	(98, 0.0)	(100, 0.0)
SRR19077167_1	(1, 0.0003427994166991474)	(2, 0.1904057243964014)	(3, 0.0)	(4, 0.0)	(5, 3.0409625674924363e-05)	(6, 0.0014817781237963143)	(7, 1.1058045699972496e-05)	(8, 0.0)	(9, 0.0004948475450737692)	(10, 0.0)	(12, 0.0)	(14, 0.0)	(16, 0.0)	(18, 0.0)	(20, 0.0)	(22, 0.0)	(24, 0.000725684249060695)	(26, 0.0009371693730726691)	(28, 0.0)	(30, 0.0)	(32, 0.0)	(34, 0.0)	(36, 0.00014099008267464932)	(38, 0.0004050009237614927)	(40, 0.0004782604765238104)	(42, 0.0006206328149109563)	(44, 0.0007422713176106538)	(46, 0.000845940496047896)	(48, 0.0005086701021987348)	(50, 0.0007450358290356469)	(52, 0.0007878857561230403)	(54, 0.0005860764220985423)	(56, 0.000845940496047896)	(58, 0.000713243947648226)	(60, 0.001161094798497112)	(62, 0.0008832614002853032)	(64, 0.00047273145367382425)	(66, 0.0005736361206860732)	(68, 0.0003897961109240305)	(70, 0.0012578526983718715)	(72, 5.529022849986248e-06)	(74, 0.0)	(76, 0.00023083670398692585)	(78, 6.634827419983497e-05)	(80, 4.146767137489685e-06)	(82, 1.382255712496562e-06)	(84, 0.00022668993684943616)	(86, 0.00034832843954913365)	(88, 0.0003082430238867333)	(90, 0.00033035911528667833)	(92, 0.0005432264950111489)	(94, 0.0002432770053993949)	(96, 0.0001713997083495737)	(98, 0.00013407880411216651)	(100, 0.0004105299466114789)
SRR19077167_2	(1, 0.10217081324489588)	(2, 0.051945169675620795)	(3, 0.006844930288282975)	(4, 0.0026152278080434953)	(5, 0.0002073383568744843)	(6, 0.0020402094316449254)	(7, 0.00036215099667409926)	(8, 0.0008348824503479235)	(9, 5.805473992485561e-05)	(10, 0.0003096252795992299)	(12, 0.0003386526495616577)	(14, 0.00021977865828695339)	(16, 0.00026401084108684336)	(18, 0.0001313142926871734)	(20, 6.91127856248281e-05)	(22, 3.179188138742093e-05)	(24, 2.4880602824938116e-05)	(26, 1.5204812837462181e-05)	(28, 2.2116091399944992e-05)	(30, 1.5204812837462181e-05)	(32, 1.2440301412469058e-05)	(34, 0.0)	(36, 0.0)	(38, 0.0)	(40, 0.00018936903261202899)	(42, 7.60240641873109e-05)	(44, 8.984662131227652e-05)	(46, 4.146767137489685e-06)	(48, 0.00010919820128722839)	(50, 0.00042020573659895484)	(52, 2.6262858537434677e-05)	(54, 0.0)	(56, 0.0)	(58, 0.0)	(60, 1.2440301412469058e-05)	(62, 1.382255712496562e-06)	(64, 0.0)	(66, 0.0)	(68, 0.0)	(70, 0.0)	(72, 1.382255712496562e-06)	(74, 0.0)	(76, 0.0)	(78, 4.146767137489685e-06)	(80, 0.0)	(82, 0.0)	(84, 0.0)	(86, 0.0)	(88, 1.7969324262455307e-05)	(90, 8.29353427497937e-06)	(92, 2.764511424993124e-06)	(94, 1.382255712496562e-06)	(96, 3.870315994990374e-05)	(98, 0.0)	(100, 0.0)
SRR19077168_1	(1, 0.007714740511836297)	(2, 0.17025864558156467)	(3, 0.007725872893527257)	(4, 0.0)	(5, 4.731262218658623e-05)	(6, 0.0)	(7, 0.0)	(8, 0.0)	(9, 0.00010575762606413394)	(10, 0.0)	(12, 1.3915477113701831e-06)	(14, 0.0)	(16, 0.0)	(18, 0.0)	(20, 0.0)	(22, 0.0)	(24, 0.0003172728781924018)	(26, 0.00043833752908160775)	(28, 0.0)	(30, 0.0)	(32, 0.0)	(34, 0.0)	(36, 4.1746431341105496e-05)	(38, 7.236048099124953e-05)	(40, 0.0001989913227259362)	(42, 0.00023238846779882058)	(44, 0.00023795465864430136)	(46, 0.0003242306167492527)	(48, 0.0002003828704373064)	(50, 0.00024491239720115225)	(52, 0.00034092918928569493)	(54, 0.00029779121023321923)	(56, 0.0004439037199270885)	(58, 0.000432771338236127)	(60, 0.0005093064623614872)	(62, 0.0003687601435130986)	(64, 0.00035901930953350725)	(66, 0.0003826756206268004)	(68, 0.0003172728781924018)	(70, 0.0005106980100728572)	(72, 6.957738556850916e-06)	(74, 2.7830954227403663e-06)	(76, 0.0)	(78, 0.0)	(80, 0.0)	(82, 0.0)	(84, 0.00030335740107869996)	(86, 0.0003158813304810316)	(88, 0.0005649683708162943)	(90, 0.0004160727656996848)	(92, 0.0003924164546063917)	(94, 0.00032701371217199306)	(96, 0.00019481667959182568)	(98, 0.00028109263769677704)	(100, 0.0003464953801311756)
SRR19077168_2	(1, 0.10817335289107256)	(2, 0.036327744553030006)	(3, 0.0019008541737316703)	(4, 0.00046199384017490085)	(5, 0.0001001914352186532)	(6, 0.001586364390962009)	(7, 0.00029222501938773845)	(8, 3.896333591836513e-05)	(9, 0.0004341628859474972)	(10, 5.84450038775477e-05)	(12, 8.766750581632155e-05)	(14, 1.5307024825072015e-05)	(16, 2.226476338192293e-05)	(18, 1.3915477113701831e-06)	(20, 0.0)	(22, 4.17464313411055e-06)	(24, 0.0)	(26, 0.0)	(28, 0.0)	(30, 2.7830954227403663e-06)	(32, 0.0)	(34, 0.0)	(36, 0.0)	(38, 0.0)	(40, 1.1132381690961465e-05)	(42, 0.0)	(44, 0.0)	(46, 0.0)	(48, 0.0)	(50, 3.618024049562477e-05)	(52, 0.0)	(54, 0.0)	(56, 0.0)	(58, 0.0)	(60, 0.0)	(62, 0.0)	(64, 0.0)	(66, 0.0)	(68, 0.0)	(70, 0.0)	(72, 0.0)	(74, 0.0)	(76, 0.0)	(78, 0.0)	(80, 0.0)	(82, 0.0)	(84, 0.0)	(86, 0.0)	(88, 0.0)	(90, 0.0)	(92, 0.0)	(94, 0.0)	(96, 0.0)	(98, 0.0)	(100, 0.0)
SRR19077169_1	(1, 0.0003068969021584409)	(2, 0.1918509450203622)	(3, 0.0)	(4, 0.0)	(5, 3.2304937069309566e-05)	(6, 0.0014133409967822935)	(7, 1.6152468534654783e-05)	(8, 0.0)	(9, 0.0005545680863564809)	(10, 0.0)	(12, 0.0)	(14, 0.0)	(16, 0.0)	(18, 0.0)	(20, 0.0)	(22, 0.0)	(24, 0.0006932101079456011)	(26, 0.0008978080427178951)	(28, 0.0)	(30, 0.0)	(32, 0.0)	(34, 0.0)	(36, 0.0001386420215891202)	(38, 0.0004186181428564698)	(40, 0.0004280404161683518)	(42, 0.0006084096481386636)	(44, 0.0007201308888366924)	(46, 0.0007982011534208573)	(48, 0.00044688496279211566)	(50, 0.0007416675135495655)	(52, 0.0007632041382624386)	(54, 0.0005895651015148997)	(56, 0.0008264679733565031)	(58, 0.0006770576394109464)	(60, 0.0011602856564060355)	(62, 0.0009112684331634408)	(64, 0.00042131022094557893)	(66, 0.0005478378911337081)	(68, 0.00036343054202973266)	(70, 0.0012302796867228727)	(72, 1.3460390445545655e-06)	(74, 0.0)	(76, 0.00022344248139605783)	(78, 8.614649885149219e-05)	(80, 0.0)	(82, 2.692078089109131e-06)	(84, 0.00022748059852972156)	(86, 0.000328433526871314)	(88, 0.0002759380041336859)	(90, 0.00033247164400497764)	(92, 0.0005289933445099442)	(94, 0.0002597855355990311)	(96, 0.00016960091961387523)	(98, 0.00012921974827723826)	(100, 0.00041592606476736075)
SRR19077169_2	(1, 0.10235819310410736)	(2, 0.05239591584833101)	(3, 0.006848646658693629)	(4, 0.0026732335424853666)	(5, 0.0002099820909505122)	(6, 0.0019679090831387744)	(7, 0.00032035729260398657)	(8, 0.0009287669407426502)	(9, 5.922571796040087e-05)	(10, 0.00031497313642576833)	(12, 0.00032170333164854116)	(14, 0.00022478852044061242)	(16, 0.0002436330670643763)	(18, 0.00010364500643070154)	(20, 6.460987413861913e-05)	(22, 2.557474184653674e-05)	(24, 3.49970151584187e-05)	(26, 1.4806429490100218e-05)	(28, 1.8844546623763917e-05)	(30, 1.0768312356436524e-05)	(32, 1.0768312356436524e-05)	(34, 0.0)	(36, 0.0)	(38, 0.0)	(40, 0.0001978677395495211)	(42, 8.345442076238306e-05)	(44, 9.153065502971044e-05)	(46, 4.038117133663696e-06)	(48, 0.00011306727974258349)	(50, 0.0004563072361039977)	(52, 2.9612858980200436e-05)	(54, 2.692078089109131e-06)	(56, 0.0)	(58, 0.0)	(60, 1.749850757920935e-05)	(62, 0.0)	(64, 0.0)	(66, 0.0)	(68, 0.0)	(70, 0.0)	(72, 0.0)	(74, 0.0)	(76, 0.0)	(78, 4.038117133663696e-06)	(80, 0.0)	(82, 0.0)	(84, 0.0)	(86, 0.0)	(88, 1.3460390445545656e-05)	(90, 0.0)	(92, 0.0)	(94, 0.0)	(96, 4.3073249425746095e-05)	(98, 0.0)	(100, 0.0)
SRR19077170_1	(1, 0.007314990768876033)	(2, 0.16989795398789767)	(3, 0.00751218217438857)	(4, 0.0)	(5, 5.942754686679199e-05)	(6, 0.0)	(7, 0.0)	(8, 0.0)	(9, 8.644006816987927e-05)	(10, 0.0)	(12, 1.3506260651543635e-06)	(14, 0.0)	(16, 0.0)	(18, 0.0)	(20, 0.0)	(22, 0.0)	(24, 0.0002795795954869532)	(26, 0.00040788907167661775)	(28, 0.0)	(30, 0.0)	(32, 0.0)	(34, 0.0)	(36, 4.051878195463091e-05)	(38, 5.6726294736483265e-05)	(40, 0.0001998926576428458)	(42, 0.00024311269172778543)	(44, 0.00022420392681562432)	(46, 0.0003146958731809667)	(48, 0.0001998926576428458)	(50, 0.00024176206566263106)	(52, 0.0003997853152856916)	(54, 0.0002849820997475707)	(56, 0.00047812162706464465)	(58, 0.0004659659924782554)	(60, 0.0005470035563875172)	(62, 0.0003957334370902285)	(64, 0.00037547404611291307)	(66, 0.0003808765503735305)	(68, 0.0003146958731809667)	(70, 0.0004848747573904165)	(72, 9.454382456080545e-06)	(74, 1.3506260651543635e-06)	(76, 0.0)	(78, 0.0)	(80, 0.0)	(82, 0.0)	(84, 0.00033090338596281906)	(86, 0.0003200983774415841)	(88, 0.0005888729644073024)	(90, 0.0004146422020023896)	(92, 0.00041194094987208086)	(94, 0.00031604649924612106)	(96, 0.0002066457879686176)	(98, 0.00031739712531127543)	(100, 0.00035116277694013454)
SRR19077170_2	(1, 0.10820945908803728)	(2, 0.036947726638362766)	(3, 0.0018800714826948737)	(4, 0.0004754203749343359)	(5, 0.00011345258947296653)	(6, 0.0016180500260549275)	(7, 0.00034305902054920833)	(8, 5.942754686679199e-05)	(9, 0.00040518781954630907)	(10, 8.50894421047249e-05)	(12, 9.99463288214229e-05)	(14, 2.0259390977315455e-05)	(16, 2.0259390977315455e-05)	(18, 4.05187819546309e-06)	(20, 0.0)	(22, 0.0)	(24, 1.3506260651543635e-06)	(26, 1.3506260651543635e-06)	(28, 0.0)	(30, 0.0)	(32, 0.0)	(34, 0.0)	(36, 0.0)	(38, 0.0)	(40, 9.454382456080545e-06)	(42, 4.05187819546309e-06)	(44, 0.0)	(46, 0.0)	(48, 0.0)	(50, 3.646690375916781e-05)	(52, 0.0)	(54, 0.0)	(56, 0.0)	(58, 0.0)	(60, 0.0)	(62, 0.0)	(64, 0.0)	(66, 0.0)	(68, 0.0)	(70, 0.0)	(72, 0.0)	(74, 0.0)	(76, 0.0)	(78, 0.0)	(80, 0.0)	(82, 0.0)	(84, 0.0)	(86, 0.0)	(88, 0.0)	(90, 0.0)	(92, 0.0)	(94, 0.0)	(96, 0.0)	(98, 0.0)	(100, 0.0)
