Sample	0	1	2	3	4	5	6	7	8	9	10	11	12	13	14	15	16	17	18	19	20	21	22	23	24	25	26	27	28	29	30	31	32	33	34	35	36	37	38	39	40	41	42	43	44	45	46	47	48	49	50	51	52	53	54
SRR19077097_1	(1, 36.19086942402583)	(2, 36.19793321463504)	(3, 36.27851094649936)	(4, 36.32948697614129)	(5, 36.36744324184384)	(6, 36.38942376286727)	(7, 36.33135903970822)	(8, 36.366999836376195)	(9, 36.35705638937585)	(10, 36.380025115724706)	(12, 36.37294132479347)	(14, 36.357049369764226)	(16, 36.33706879737507)	(18, 36.32959823141442)	(20, 36.32235109523491)	(22, 36.30608130682438)	(24, 36.27863919368953)	(26, 36.23536417940099)	(28, 36.22276280659895)	(30, 36.209017961347676)	(32, 36.19726883067922)	(34, 36.17190195987)	(36, 36.16071824220457)	(38, 36.164886888708125)	(40, 36.1409918243252)	(42, 36.098217904455396)	(44, 36.10483929239864)	(46, 36.10250262525118)	(48, 36.099392463756104)	(50, 36.06539353196271)	(52, 36.058531443765304)	(54, 36.02701912582325)	(56, 36.037701442658324)	(58, 36.023783474842574)	(60, 35.99254135623688)	(62, 35.98218910042618)	(64, 35.94608108175112)	(66, 35.93896887810617)	(68, 35.947772251040696)	(70, 35.94526273988478)	(72, 35.92088142811882)	(74, 35.89310568844256)	(76, 35.866206146717346)	(78, 35.83763688451586)	(80, 35.79241270235492)	(82, 35.818817417171786)	(84, 35.80165234972307)	(86, 35.785213310676696)	(88, 35.78239064684662)	(90, 35.74127076474936)	(92, 35.70703717736737)	(94, 35.71688895158256)	(96, 35.70425320496804)	(98, 35.68915532957605)	(100, 35.59844177992615)
SRR19077097_2	(1, 36.37754373872649)	(2, 36.31736204555048)	(3, 36.38272499206255)	(4, 36.38118947987519)	(5, 36.37135712101437)	(6, 36.39285429163734)	(7, 36.31942235727361)	(8, 36.36315297778332)	(9, 36.35103456540331)	(10, 36.36193908637303)	(12, 36.32864829968571)	(14, 36.34776601695704)	(16, 36.328543952601805)	(18, 36.330319524364484)	(20, 36.33132310598204)	(22, 36.31172961503391)	(24, 36.27276146674451)	(26, 36.260650937499776)	(28, 36.26470961008788)	(30, 36.25939311780563)	(32, 36.24672238455538)	(34, 36.19794444044253)	(36, 36.18117882232198)	(38, 36.16757668131815)	(40, 36.189957208781806)	(42, 36.12384355380429)	(44, 36.08642306274457)	(46, 36.09921207087958)	(48, 36.13495392767048)	(50, 36.117015421585336)	(52, 36.057739731854184)	(54, 36.023465614571734)	(56, 36.00161988680486)	(58, 36.013016086999954)	(60, 35.984831037112514)	(62, 36.014345579157236)	(64, 35.97456340661975)	(66, 35.974322483520766)	(68, 35.95893919963391)	(70, 35.917039527823036)	(72, 35.9345291130314)	(74, 35.89630061453357)	(76, 35.89228158046667)	(78, 35.87468221633206)	(80, 35.8655148263947)	(82, 35.84923952257505)	(84, 35.88881241597706)	(86, 35.86132297617493)	(88, 35.75289755361521)	(90, 35.78488433602079)	(92, 35.77240179521553)	(94, 35.78905490456086)	(96, 35.74873350328593)	(98, 35.76345786291489)	(100, 35.61906213977484)
SRR19077098_1	(1, 36.155785677658336)	(2, 36.15876108350657)	(3, 36.24321199077565)	(4, 36.29986144084275)	(5, 36.342437505908116)	(6, 36.35560505076622)	(7, 36.3012995113931)	(8, 36.331079612074944)	(9, 36.32825375158458)	(10, 36.3546521993793)	(12, 36.3462405125646)	(14, 36.330820627473834)	(16, 36.3097418062475)	(18, 36.29985783326532)	(20, 36.296144677834036)	(22, 36.27843747592013)	(24, 36.25358946907565)	(26, 36.20827621100878)	(28, 36.18963867688265)	(30, 36.17544195782776)	(32, 36.16296388302047)	(34, 36.13909443155205)	(36, 36.12575755602863)	(38, 36.12399170324835)	(40, 36.10118302046337)	(42, 36.06289845058495)	(44, 36.06605651822444)	(46, 36.06701311810977)	(48, 36.06431510114435)	(50, 36.02807397021843)	(52, 36.02228462579586)	(54, 35.99206451340517)	(56, 35.99699226687595)	(58, 35.98963621922053)	(60, 35.95831165263854)	(62, 35.942626892449155)	(64, 35.908684267473234)	(66, 35.9022918657528)	(68, 35.90440988009483)	(70, 35.906620620450326)	(72, 35.87864831063632)	(74, 35.85674569346854)	(76, 35.83758818906209)	(78, 35.80240148537491)	(80, 35.74825834335422)	(82, 35.76604933689063)	(84, 35.74842756128274)	(86, 35.74508223782763)	(88, 35.73442503135633)	(90, 35.69765592583768)	(92, 35.66379926266754)	(94, 35.68305730011048)	(96, 35.67341091992266)	(98, 35.65220882101157)	(100, 35.56346072534741)
SRR19077098_2	(1, 36.36483216281538)	(2, 36.304594977000846)	(3, 36.37424027378807)	(4, 36.360276412582174)	(5, 36.34801211492141)	(6, 36.3691632286172)	(7, 36.298797881923655)	(8, 36.34334791189191)	(9, 36.332475857274545)	(10, 36.34257022529941)	(12, 36.31589103470225)	(14, 36.3247447906723)	(16, 36.31283257002068)	(18, 36.314569533997386)	(20, 36.31334989098634)	(22, 36.292897238100736)	(24, 36.2553499950424)	(26, 36.23278225897141)	(28, 36.239489985506)	(30, 36.232645171029326)	(32, 36.212586561424615)	(34, 36.17910190149206)	(36, 36.162464008073755)	(38, 36.15371532279616)	(40, 36.16087067077322)	(42, 36.10600866258255)	(44, 36.07420519009763)	(46, 36.09426946472627)	(48, 36.10697199849136)	(50, 36.09033077933762)	(52, 36.034118804401494)	(54, 36.00606619780561)	(56, 35.98883547795356)	(58, 35.98543277147006)	(60, 35.98069872799638)	(62, 35.986146085352914)	(64, 35.93218250486163)	(66, 35.95610082773045)	(68, 35.925047590428576)	(70, 35.88451214589584)	(72, 35.90284326141459)	(74, 35.87835113644608)	(76, 35.87260246182211)	(78, 35.84970606981102)	(80, 35.83049662192651)	(82, 35.813309080266734)	(84, 35.83485606921633)	(86, 35.813809490713226)	(88, 35.73987238871286)	(90, 35.747728564972775)	(92, 35.74174181842307)	(94, 35.75168965679932)	(96, 35.72123575648108)	(98, 35.73542596498609)	(100, 35.59582737448914)
SRR19077099_1	(1, 36.02662263008676)	(2, 36.07677601834695)	(3, 36.17436606809127)	(4, 36.24631540125494)	(5, 36.295298992786876)	(6, 36.31527612372061)	(7, 36.239892827036094)	(8, 36.29281078270758)	(9, 36.28369521563825)	(10, 36.3104537255553)	(12, 36.28719354655925)	(14, 36.27233312689374)	(16, 36.26335051951202)	(18, 36.262246954104796)	(20, 36.24250734881862)	(22, 36.23121888494787)	(24, 36.198400333418164)	(26, 36.15668951253748)	(28, 36.139162940481775)	(30, 36.13155267589448)	(32, 36.11069602284024)	(34, 36.08975176550584)	(36, 36.078861745783065)	(38, 36.084881837358736)	(40, 36.0488944339844)	(42, 36.01424855657969)	(44, 36.015698811265835)	(46, 36.02411665062866)	(48, 36.02851792694226)	(50, 35.98152618336607)	(52, 35.96647172953962)	(54, 35.94341198416612)	(56, 35.93301925852731)	(58, 35.89340926284167)	(60, 35.88875387198492)	(62, 35.877147858131266)	(64, 35.84726690799886)	(66, 35.8164413849081)	(68, 35.83555651457735)	(70, 35.842633946323055)	(72, 35.816851261104)	(74, 35.778694564508555)	(76, 35.744624017340925)	(78, 35.71995769645228)	(80, 35.64682545698369)	(82, 35.69154383842441)	(84, 35.66099057203979)	(86, 35.61961128054842)	(88, 35.63115976137837)	(90, 35.568713007384105)	(92, 35.56173616523385)	(94, 35.55514322864891)	(96, 35.537325139371575)	(98, 35.536290663297365)	(100, 35.4434185700198)
SRR19077099_2	(1, 36.20495773124548)	(2, 36.2073034135101)	(3, 36.27455616316614)	(4, 36.28113282150895)	(5, 36.258496248300105)	(6, 36.288181424612105)	(7, 36.20555020955441)	(8, 36.27341407672793)	(9, 36.242872863698175)	(10, 36.27216450418711)	(12, 36.23123621941181)	(14, 36.26808972467652)	(16, 36.21810638812896)	(18, 36.22046232195828)	(20, 36.23078297599071)	(22, 36.20420278116873)	(24, 36.16295123038658)	(26, 36.15803097637642)	(28, 36.16405752954439)	(30, 36.154755943173775)	(32, 36.150810706162574)	(34, 36.07386252365937)	(36, 36.075542848309645)	(38, 36.050998738498365)	(40, 36.1063759513452)	(42, 36.02245123734522)	(44, 35.972775137085165)	(46, 35.98921013495781)	(48, 36.01513876517977)	(50, 35.99077589060624)	(52, 35.93389778655671)	(54, 35.89055659410464)	(56, 35.87226339140151)	(58, 35.89324200701033)	(60, 35.851045510485676)	(62, 35.89283126098471)	(64, 35.84761397006195)	(66, 35.85052118954932)	(68, 35.81692761972833)	(70, 35.76979160867802)	(72, 35.78979676055526)	(74, 35.753570588919466)	(76, 35.73584581994624)	(78, 35.71831955854401)	(80, 35.704935736979394)	(82, 35.689734965365865)	(84, 35.74872774975545)	(86, 35.71701245297949)	(88, 35.590033217554854)	(90, 35.63176019241628)	(92, 35.61921737194118)	(94, 35.619030482810174)	(96, 35.57335044246996)	(98, 35.57752811041171)	(100, 35.419156844217966)
SRR19077100_1	(1, 35.98979874605114)	(2, 36.033377513302675)	(3, 36.14023316438593)	(4, 36.21675779773546)	(5, 36.26485438085713)	(6, 36.281701104407695)	(7, 36.20915841028005)	(8, 36.25526676995576)	(9, 36.2523912855697)	(10, 36.28415255595561)	(12, 36.26257431496914)	(14, 36.2487611051167)	(16, 36.233938991698096)	(18, 36.23446307231951)	(20, 36.2147051018253)	(22, 36.20094962385029)	(24, 36.169389822113416)	(26, 36.12448971261633)	(28, 36.098961924672196)	(30, 36.0871330686696)	(32, 36.06944477037817)	(34, 36.05168507179724)	(36, 36.03787885218293)	(38, 36.03635460579301)	(40, 36.00808695656516)	(42, 35.97494087007494)	(44, 35.968558720247174)	(46, 35.9753933007555)	(48, 35.98144553630854)	(50, 35.92932132776578)	(52, 35.920899276660144)	(54, 35.89098442774665)	(56, 35.87941870427947)	(58, 35.843226808761564)	(60, 35.845608919643716)	(62, 35.82231582345255)	(64, 35.7952647253111)	(66, 35.77617307430174)	(68, 35.78257663173378)	(70, 35.78455792735445)	(72, 35.75564081010869)	(74, 35.72970546631629)	(76, 35.701865407458484)	(78, 35.66871158177605)	(80, 35.582542666666)	(82, 35.61891693250376)	(84, 35.58793763259608)	(86, 35.5638169421403)	(88, 35.56802987128475)	(90, 35.527632411337564)	(92, 35.51280786381818)	(94, 35.50283117126932)	(96, 35.49610993247929)	(98, 35.4753195911909)	(100, 35.388180967778496)
SRR19077100_2	(1, 36.18838941418309)	(2, 36.19236274043298)	(3, 36.27034359017632)	(4, 36.26467600495908)	(5, 36.23481558004247)	(6, 36.26943835433816)	(7, 36.184078059989226)	(8, 36.247491003813174)	(9, 36.22361784268269)	(10, 36.24625928640653)	(12, 36.22137859479237)	(14, 36.24142123025196)	(16, 36.2100272594322)	(18, 36.209034208727516)	(20, 36.21589806085801)	(22, 36.18556379765657)	(24, 36.15236322475663)	(26, 36.13635626597457)	(28, 36.141524486055225)	(30, 36.13174158537602)	(32, 36.116866421043014)	(34, 36.067681295570736)	(36, 36.061475524430136)	(38, 36.037560297045175)	(40, 36.07300429949575)	(42, 35.993566297166005)	(44, 35.966555330480986)	(46, 35.98617000109347)	(48, 35.98974744269627)	(50, 35.97013352103787)	(52, 35.91819442897993)	(54, 35.877802086885666)	(56, 35.861649643772466)	(58, 35.86356415765383)	(60, 35.85419056038242)	(62, 35.86791470711152)	(64, 35.800109771703816)	(66, 35.83691624646181)	(68, 35.78781525349849)	(70, 35.740858453669446)	(72, 35.7614699821699)	(74, 35.740806651011866)	(76, 35.72282719681964)	(78, 35.70115358901295)	(80, 35.67858098665214)	(82, 35.66209151420042)	(84, 35.69690077806344)	(86, 35.672083560308025)	(88, 35.5718106539218)	(90, 35.60207133238433)	(92, 35.588987603811276)	(94, 35.5914036048658)	(96, 35.55301465253773)	(98, 35.55519448340392)	(100, 35.40310188072357)
SRR19077101_1	(1, 36.299124256225284)	(2, 36.27151032080277)	(3, 36.34673346621953)	(4, 36.382565097559564)	(5, 36.409762662694924)	(6, 36.42842422085046)	(7, 36.37230445489161)	(8, 36.407051124016)	(9, 36.39069368024939)	(10, 36.40369346242477)	(12, 36.391790917205356)	(14, 36.3801009954537)	(16, 36.36510174823509)	(18, 36.36322190989827)	(20, 36.34775837236111)	(22, 36.32939140797305)	(24, 36.31003601492026)	(26, 36.26492454120731)	(28, 36.25119784474978)	(30, 36.234887003387065)	(32, 36.22108846155687)	(34, 36.2011486660374)	(36, 36.19728330176922)	(38, 36.18511237663453)	(40, 36.169033021617345)	(42, 36.14108995671732)	(44, 36.13678332593729)	(46, 36.13307701317704)	(48, 36.12467498810841)	(50, 36.102270119599666)	(52, 36.092306497907714)	(54, 36.075459624877)	(56, 36.070779099959175)	(58, 36.046144701712365)	(60, 36.03320428212291)	(62, 36.01557501575779)	(64, 35.988885291997)	(66, 35.96533911536016)	(68, 35.97574306735497)	(70, 35.97061319678829)	(72, 35.95564758374511)	(74, 35.923658604936236)	(76, 35.89856147671922)	(78, 35.89154601186405)	(80, 35.86077528369387)	(82, 35.86710717727645)	(84, 35.84396998527794)	(86, 35.816392145913795)	(88, 35.81347887153111)	(90, 35.77441998904705)	(92, 35.76777592177232)	(94, 35.73130121886784)	(96, 35.71500140396677)	(98, 35.70870990606911)	(100, 35.62300635158864)
SRR19077101_2	(1, 36.396596027269894)	(2, 36.33082734454302)	(3, 36.39484073940539)	(4, 36.38794628823295)	(5, 36.36573254505922)	(6, 36.384623231700566)	(7, 36.32136400520477)	(8, 36.36106592457887)	(9, 36.35172886943331)	(10, 36.34610814795181)	(12, 36.32000407493639)	(14, 36.3392242031249)	(16, 36.33321661927715)	(18, 36.331329533989134)	(20, 36.326399942801096)	(22, 36.30681250861225)	(24, 36.263992111710955)	(26, 36.242062802703245)	(28, 36.24766039635483)	(30, 36.24512465692274)	(32, 36.23470846486203)	(34, 36.179746442700505)	(36, 36.152095821754685)	(38, 36.134356949586945)	(40, 36.16663840702442)	(42, 36.108281309585806)	(44, 36.072715665626916)	(46, 36.08529869609664)	(48, 36.1283874035644)	(50, 36.110873776348825)	(52, 36.05024879927728)	(54, 36.018988572494166)	(56, 35.999068888131134)	(58, 36.01064646480198)	(60, 35.96905409672232)	(62, 35.98982073816682)	(64, 35.96828793101069)	(66, 35.94724250732861)	(68, 35.94763394671667)	(70, 35.934269805865625)	(72, 35.92807265703121)	(74, 35.882445644225186)	(76, 35.86388589013053)	(78, 35.84125671287863)	(80, 35.84291723558701)	(82, 35.817782381614464)	(84, 35.84443455299176)	(86, 35.81423636864082)	(88, 35.70373360845395)	(90, 35.7473428828039)	(92, 35.717648968363555)	(94, 35.72897182683573)	(96, 35.67807676594852)	(98, 35.66659679773524)	(100, 35.55281945583788)
SRR19077102_1	(1, 36.268663118026836)	(2, 36.23556911254124)	(3, 36.313439581826785)	(4, 36.35425448706501)	(5, 36.385696910842974)	(6, 36.396530923245365)	(7, 36.34349878844385)	(8, 36.373702316172036)	(9, 36.36277530615444)	(10, 36.37739837703079)	(12, 36.36521198351886)	(14, 36.356954354672766)	(16, 36.33923638609309)	(18, 36.33503957153411)	(20, 36.32440987419311)	(22, 36.30422865750181)	(24, 36.28564574117771)	(26, 36.237973660278456)	(28, 36.21869731737541)	(30, 36.20312448213264)	(32, 36.188398554495414)	(34, 36.17107732912527)	(36, 36.166072833774386)	(38, 36.149793006886995)	(40, 36.133188072923)	(42, 36.112100583983064)	(44, 36.10098086612525)	(46, 36.100746903703836)	(48, 36.09323863985185)	(50, 36.06904363210367)	(52, 36.062975572673025)	(54, 36.04685073015714)	(56, 36.03548177169827)	(58, 36.0159655229172)	(60, 36.00607571600123)	(62, 35.984233792648325)	(64, 35.959388256093334)	(66, 35.93636921367789)	(68, 35.93922647800131)	(70, 35.94002825029811)	(72, 35.92083445151894)	(74, 35.89443470106021)	(76, 35.877139312245575)	(78, 35.86268646895887)	(80, 35.8247098089829)	(82, 35.8226111744536)	(84, 35.80328427720785)	(86, 35.78619474176101)	(88, 35.77703220416515)	(90, 35.74282939440652)	(92, 35.73450096850374)	(94, 35.70910594190432)	(96, 35.69586269692245)	(98, 35.68293658779304)	(100, 35.60002054338297)
SRR19077102_2	(1, 36.38296061334235)	(2, 36.31723346498905)	(3, 36.38630545087691)	(4, 36.370559136624124)	(5, 36.339052313745704)	(6, 36.36065202376096)	(7, 36.304178837350804)	(8, 36.34460336237423)	(9, 36.33195072217193)	(10, 36.32715235988091)	(12, 36.31008502499259)	(14, 36.317316638420095)	(16, 36.32078576412085)	(18, 36.31773421868928)	(20, 36.31142656803419)	(22, 36.290351525391635)	(24, 36.24890542506133)	(26, 36.2151095323115)	(28, 36.22371481840782)	(30, 36.220833605450416)	(32, 36.201316377747084)	(34, 36.162739533537945)	(36, 36.13773705476693)	(38, 36.12388107436998)	(40, 36.13982722861093)	(42, 36.09216287420527)	(44, 36.065586008739544)	(46, 36.08454857209504)	(48, 36.10420218464684)	(50, 36.088871073280586)	(52, 36.030568071387485)	(54, 36.00636991710347)	(56, 35.99261515027645)	(58, 35.9848605476287)	(60, 35.97154101663315)	(62, 35.9637986505137)	(64, 35.92788122344586)	(66, 35.93393938876933)	(68, 35.915288367424765)	(70, 35.902065470041414)	(72, 35.89732472431801)	(74, 35.86332511085246)	(76, 35.84863407480169)	(78, 35.81960892475038)	(80, 35.81089232120789)	(82, 35.7839459475485)	(84, 35.79267282977479)	(86, 35.76802562986306)	(88, 35.692134401551954)	(90, 35.713491793345035)	(92, 35.688670694885175)	(94, 35.69158396754676)	(96, 35.65408645505816)	(98, 35.64000553230926)	(100, 35.53555861709609)
SRR19077103_1	(1, 36.144548629615336)	(2, 36.17569366599081)	(3, 36.2657188079161)	(4, 36.32502761596152)	(5, 36.368763182665546)	(6, 36.388206189310395)	(7, 36.32468169328893)	(8, 36.37493117278846)	(9, 36.36472994210006)	(10, 36.393579582463)	(12, 36.37738955487086)	(14, 36.36252442983164)	(16, 36.34156964922454)	(18, 36.34130274172219)	(20, 36.32738435241846)	(22, 36.3159406799618)	(24, 36.294358542299214)	(26, 36.2514205715262)	(28, 36.23612565926089)	(30, 36.223127185200156)	(32, 36.21224942300847)	(34, 36.185745331490224)	(36, 36.18165041017275)	(38, 36.17769169697106)	(40, 36.14504026774721)	(42, 36.11049609020601)	(44, 36.11924157007036)	(46, 36.08362757178959)	(48, 36.121922938705836)	(50, 36.07565052774902)	(52, 36.06581085261347)	(54, 36.033769786334474)	(56, 36.039084710388025)	(58, 35.99371828333194)	(60, 35.999979219967344)	(62, 35.96533154637814)	(64, 35.954944805510806)	(66, 35.951995870027005)	(68, 35.96646296279281)	(70, 35.96355214175989)	(72, 35.93781716668062)	(74, 35.90277892631592)	(76, 35.8730059463648)	(78, 35.81870808261171)	(80, 35.703577768623504)	(82, 35.74877204257385)	(84, 35.79090986510887)	(86, 35.75968553706324)	(88, 35.791698400350114)	(90, 35.77009310050168)	(92, 35.75537703019005)	(94, 35.743326823249)	(96, 35.72924323587604)	(98, 35.725851177362195)	(100, 35.64449345724614)
SRR19077103_2	(1, 36.342619519431224)	(2, 36.310713980652835)	(3, 36.371117005238695)	(4, 36.36362611187)	(5, 36.35922925263687)	(6, 36.37928026134262)	(7, 36.302681062358644)	(8, 36.34379341048787)	(9, 36.32636889581755)	(10, 36.34009379898302)	(12, 36.30982186428669)	(14, 36.32850311364436)	(16, 36.306915658675564)	(18, 36.309983191357006)	(20, 36.313832942319905)	(22, 36.2926609816581)	(24, 36.259598397049125)	(26, 36.24953043932349)	(28, 36.247994163214244)	(30, 36.24777921642814)	(32, 36.23520204317278)	(34, 36.18299998502647)	(36, 36.17431214476141)	(38, 36.16025412299669)	(40, 36.18119869437587)	(42, 36.110210168016664)	(44, 36.07162968714161)	(46, 36.084507585966804)	(48, 36.11532894727887)	(50, 36.10043519386303)	(52, 36.044510808679746)	(54, 36.00798769992221)	(56, 35.984825556624116)	(58, 36.00176751512157)	(60, 35.97934688080862)	(62, 36.01042602512559)	(64, 35.96493487533512)	(66, 35.9699456069352)	(68, 35.94733588921355)	(70, 35.89993627314857)	(72, 35.9265094045706)	(74, 35.888390997604915)	(76, 35.88821576046156)	(78, 35.86241929605332)	(80, 35.85451543941538)	(82, 35.83763350267039)	(84, 35.88463606484629)	(86, 35.86176892569655)	(88, 35.74872416554875)	(90, 35.783261239168866)	(92, 35.77336341397262)	(94, 35.79337220326709)	(96, 35.75437688743101)	(98, 35.79001387774382)	(100, 35.63399347902582)
SRR19077104_1	(1, 36.10943681339451)	(2, 36.13426006746466)	(3, 36.23144060347055)	(4, 36.29636691881148)	(5, 36.34370515414602)	(6, 36.356322560935375)	(7, 36.29491320866759)	(8, 36.33640868215733)	(9, 36.33438451900502)	(10, 36.36744184128485)	(12, 36.351300211892365)	(14, 36.337336871058376)	(16, 36.313828880592496)	(18, 36.31196111950372)	(20, 36.30198609572339)	(22, 36.28611839546002)	(24, 36.2695239260363)	(26, 36.221188536265686)	(28, 36.20206038348188)	(30, 36.18836890989867)	(32, 36.17540560153926)	(34, 36.15060281590725)	(36, 36.144414216926094)	(38, 36.13676963114371)	(40, 36.1041945306615)	(42, 36.07626368228104)	(44, 36.0793953318387)	(46, 36.047612422198455)	(48, 36.085332832697816)	(50, 36.03553129707956)	(52, 36.027630458479265)	(54, 35.99728796416318)	(56, 35.99701403503406)	(58, 35.9569286285966)	(60, 35.96239565606907)	(62, 35.92645836225691)	(64, 35.91525263336229)	(66, 35.9123199335869)	(68, 35.92086218817526)	(70, 35.92262584588559)	(72, 35.89427609255497)	(74, 35.863157386954086)	(76, 35.84163251537474)	(78, 35.78239752120986)	(80, 35.655249903091715)	(82, 35.6953783512396)	(84, 35.736485590219544)	(86, 35.71544248940195)	(88, 35.74052691472896)	(90, 35.726100488905715)	(92, 35.71126929059014)	(94, 35.704481179002656)	(96, 35.696885627264635)	(98, 35.68811289333766)	(100, 35.60584356082266)
SRR19077104_2	(1, 36.32847710868298)	(2, 36.29354558194454)	(3, 36.358292256134774)	(4, 36.3432998661841)	(5, 36.335209785812076)	(6, 36.354837536014145)	(7, 36.28196203532135)	(8, 36.325368354566095)	(9, 36.30496404943285)	(10, 36.31872622826093)	(12, 36.295292422459625)	(14, 36.30292190927872)	(16, 36.291449789997685)	(18, 36.29243347779082)	(20, 36.29467680142875)	(22, 36.27290089616106)	(24, 36.243038798021146)	(26, 36.222219411003834)	(28, 36.221526254756064)	(30, 36.2193759519005)	(32, 36.19998443711408)	(34, 36.16375341154954)	(36, 36.15558442137508)	(38, 36.1445349656766)	(40, 36.15108250331275)	(42, 36.089189361360674)	(44, 36.05973169206672)	(46, 36.07663316658465)	(48, 36.08532853711793)	(50, 36.07206758802846)	(52, 36.02020522648359)	(54, 35.988424958624975)	(56, 35.970120655106854)	(58, 35.97360776389981)	(60, 35.97348194636504)	(62, 35.98109148021559)	(64, 35.9214834364158)	(66, 35.95113487931826)	(68, 35.91285267140395)	(70, 35.8676889445176)	(72, 35.89346882422762)	(74, 35.868045907205854)	(76, 35.86789156702066)	(78, 35.83805638068873)	(80, 35.81890275511621)	(82, 35.80217894578222)	(84, 35.83319309696876)	(86, 35.814393599001775)	(88, 35.73209280136414)	(90, 35.7468663315198)	(92, 35.7391818827561)	(94, 35.756691031482134)	(96, 35.72589092904114)	(98, 35.75794622140175)	(100, 35.61188595974251)
SRR19077105_1	(1, 36.048861365001)	(2, 36.14064601579505)	(3, 36.22550046871161)	(4, 36.30928075978091)	(5, 36.363139158086405)	(6, 36.38678307847739)	(7, 36.31247731825785)	(8, 36.37543334602694)	(9, 36.3699655056385)	(10, 36.3889079967805)	(12, 36.374560847020874)	(14, 36.3588915590214)	(16, 36.35575569828937)	(18, 36.34325189180558)	(20, 36.32719376886682)	(22, 36.31341190015338)	(24, 36.26288338936776)	(26, 36.23192846289514)	(28, 36.20372393628534)	(30, 36.198879197849294)	(32, 36.17586342275756)	(34, 36.15121861111484)	(36, 36.14263920329894)	(38, 36.126489128071384)	(40, 36.12650390294669)	(42, 36.07821428299981)	(44, 36.06483218831602)	(46, 36.03924412874514)	(48, 36.05931295551278)	(50, 36.012652904864794)	(52, 36.00328989591029)	(54, 35.96325946677049)	(56, 35.94430834511239)	(58, 35.89462917655713)	(60, 35.87566356415596)	(62, 35.8944328056785)	(64, 35.83935086301254)	(66, 35.83444492960021)	(68, 35.86361351682308)	(70, 35.85186514687185)	(72, 35.780558295655624)	(74, 35.80077011196159)	(76, 35.72245993433847)	(78, 35.704174250333125)	(80, 35.49003875066212)	(82, 35.47512049514585)	(84, 35.58586159507707)	(86, 35.55791761771047)	(88, 35.63891071379483)	(90, 35.60369348441496)	(92, 35.62376795831041)	(94, 35.60292291784182)	(96, 35.59506875751041)	(98, 35.552603705950716)	(100, 35.47394127541128)
SRR19077105_2	(1, 36.34326283089594)	(2, 36.376423546804)	(3, 36.42189358069316)	(4, 36.41633630968934)	(5, 36.396833119133156)	(6, 36.421143258540496)	(7, 36.33808153784858)	(8, 36.38800761730061)	(9, 36.37701091913007)	(10, 36.405515986592654)	(12, 36.37634573009301)	(14, 36.38796297302598)	(16, 36.33374472126736)	(18, 36.35453932826739)	(20, 36.35969884968362)	(22, 36.326783766077355)	(24, 36.29791461869492)	(26, 36.30274486638789)	(28, 36.302142257471665)	(30, 36.28889849966114)	(32, 36.27536329322878)	(34, 36.21558805459856)	(36, 36.232535866542534)	(38, 36.219683784993464)	(40, 36.233773901646074)	(42, 36.17106506890597)	(44, 36.14878672346754)	(46, 36.14422959786839)	(48, 36.16349898312632)	(50, 36.1327898310216)	(52, 36.08334105817799)	(54, 36.021830375481436)	(56, 35.981438743260476)	(58, 36.0298280936156)	(60, 36.00549291505661)	(62, 36.01513877763337)	(64, 35.95978204359682)	(66, 35.99147567831773)	(68, 35.94302147478401)	(70, 35.902003757222374)	(72, 35.925224746808006)	(74, 35.85329866494085)	(76, 35.897290110288054)	(78, 35.88371899664674)	(80, 35.8465488910213)	(82, 35.801407704657066)	(84, 35.87046469042765)	(86, 35.848424767436)	(88, 35.75537682928761)	(90, 35.7479302211053)	(92, 35.821409973452816)	(94, 35.8138400163717)	(96, 35.802974267636785)	(98, 35.801496176326204)	(100, 35.64102423129272)
SRR19077106_1	(1, 36.0109206581638)	(2, 36.0996038106956)	(3, 36.190609439804064)	(4, 36.28160690973787)	(5, 36.34130679652029)	(6, 36.35776623459144)	(7, 36.282599296433645)	(8, 36.342492548435175)	(9, 36.34162969766287)	(10, 36.3653012323964)	(12, 36.34908841079495)	(14, 36.33552576855093)	(16, 36.32976853215726)	(18, 36.31652839392784)	(20, 36.30178342951051)	(22, 36.286024922307334)	(24, 36.23785878707009)	(26, 36.20473596766367)	(28, 36.17052133515868)	(30, 36.16729340680922)	(32, 36.14224387412054)	(34, 36.119280201943184)	(36, 36.107711142111164)	(38, 36.086312081932554)	(40, 36.08769751701152)	(42, 36.045506749731395)	(44, 36.025078306415274)	(46, 36.00106257003894)	(48, 36.02227588263497)	(50, 35.97325386441618)	(52, 35.96424563014823)	(54, 35.92701762670548)	(56, 35.90025167082568)	(58, 35.85863237069513)	(60, 35.836840731466395)	(62, 35.856766374669306)	(64, 35.80036062829977)	(66, 35.79800508179392)	(68, 35.81950544570755)	(70, 35.81257498498134)	(72, 35.73635569380423)	(74, 35.76428942253261)	(76, 35.69332254589355)	(78, 35.6669777983803)	(80, 35.438029299379615)	(82, 35.418940188195336)	(84, 35.526249797825756)	(86, 35.51447141545073)	(88, 35.589567014984)	(90, 35.56067848230687)	(92, 35.58100638004136)	(94, 35.567433231957395)	(96, 35.56804614482607)	(98, 35.51815762947816)	(100, 35.4372811463857)
SRR19077106_2	(1, 36.32872636005499)	(2, 36.363977749280835)	(3, 36.411194026617686)	(4, 36.40163623944362)	(5, 36.37674794071096)	(6, 36.401605913307684)	(7, 36.31625163183493)	(8, 36.368113584375976)	(9, 36.360447570443284)	(10, 36.38635619923983)	(12, 36.36356686624153)	(14, 36.366509873323395)	(16, 36.32162484548111)	(18, 36.340096458773786)	(20, 36.34367216291778)	(22, 36.30831835077808)	(24, 36.28117963614413)	(26, 36.28019403672639)	(28, 36.280957569403526)	(30, 36.26353538482422)	(32, 36.245889436684806)	(34, 36.20183863029841)	(36, 36.21676179686688)	(38, 36.208258131736734)	(40, 36.209424496586145)	(42, 36.15563542641435)	(44, 36.13931808795157)	(46, 36.137702499162415)	(48, 36.13550089389896)	(50, 36.11026073978442)	(52, 36.06372250430342)	(54, 36.00632812590257)	(56, 35.97140750817361)	(58, 36.00489525208239)	(60, 35.99960731264224)	(62, 35.99088854856225)	(64, 35.921395883154844)	(66, 35.97442445326309)	(68, 35.91290705616978)	(70, 35.87266124117654)	(72, 35.897932010247345)	(74, 35.83648107793528)	(76, 35.87799986858674)	(78, 35.86541004546032)	(80, 35.817352578876836)	(82, 35.77015940716737)	(84, 35.82068105280791)	(86, 35.80538465815224)	(88, 35.74043102103768)	(90, 35.713074535865715)	(92, 35.791745334107375)	(94, 35.780472748356615)	(96, 35.77681310580067)	(98, 35.77484295393893)	(100, 35.620773114291985)
SRR19077107_1	(1, 36.24199123637989)	(2, 36.239121553373465)	(3, 36.317010758346946)	(4, 36.37055739458315)	(5, 36.40154559733669)	(6, 36.4217635958306)	(7, 36.36851807856983)	(8, 36.403714704787674)	(9, 36.39139318043978)	(10, 36.40945151473282)	(12, 36.396739977055034)	(14, 36.382810544120076)	(16, 36.36905084118058)	(18, 36.35865421331549)	(20, 36.349395994102295)	(22, 36.333994479177775)	(24, 36.3141912026682)	(26, 36.2716266403032)	(28, 36.257784042668156)	(30, 36.24558187248147)	(32, 36.23026708635405)	(34, 36.206472403628084)	(36, 36.20409788773665)	(38, 36.19099711774966)	(40, 36.17249211062604)	(42, 36.14367152428399)	(44, 36.14219067356218)	(46, 36.13917209961223)	(48, 36.132737660689685)	(50, 36.11137305282668)	(52, 36.09891829344993)	(54, 36.08322620332922)	(56, 36.07426502048334)	(58, 36.05488253661886)	(60, 36.03462953419785)	(62, 36.02384470355082)	(64, 35.98967068191768)	(66, 35.977518497054916)	(68, 35.98580842812203)	(70, 35.98496890188633)	(72, 35.968358011930306)	(74, 35.938025618046524)	(76, 35.91695715902731)	(78, 35.906345892477304)	(80, 35.86161169014723)	(82, 35.873906411285205)	(84, 35.85821982381026)	(86, 35.82757697420374)	(88, 35.83875636230101)	(90, 35.79816455168631)	(92, 35.796516278530156)	(94, 35.77009126013712)	(96, 35.748998766981344)	(98, 35.743020337636665)	(100, 35.672575324830056)
SRR19077107_2	(1, 36.40430465941321)	(2, 36.34207662324145)	(3, 36.402938725235074)	(4, 36.39885696912568)	(5, 36.38598226912638)	(6, 36.41188858328102)	(7, 36.345219592486124)	(8, 36.37671915078343)	(9, 36.370798729975164)	(10, 36.39416356731624)	(12, 36.35976432771798)	(14, 36.374619021659406)	(16, 36.35936451612858)	(18, 36.351183395443414)	(20, 36.35684121579644)	(22, 36.3379983462242)	(24, 36.29703796484753)	(26, 36.280962464571836)	(28, 36.28764959918728)	(30, 36.2772142752973)	(32, 36.26330827298292)	(34, 36.21707039282643)	(36, 36.202154885774306)	(38, 36.18360266240012)	(40, 36.21235192735315)	(42, 36.163063522400456)	(44, 36.128533852347616)	(46, 36.145125536294955)	(48, 36.187347195077805)	(50, 36.16618245750857)	(52, 36.10651499765623)	(54, 36.07857245607008)	(56, 36.05208790260019)	(58, 36.059293137938056)	(60, 36.02232615083043)	(62, 36.04969577824238)	(64, 36.0236075927707)	(66, 36.019708737505624)	(68, 36.00673104927857)	(70, 35.99548584243802)	(72, 36.00366256100659)	(74, 35.96051028057529)	(76, 35.94975335366732)	(78, 35.92836840376554)	(80, 35.927316333400405)	(82, 35.90654466224193)	(84, 35.95033826715934)	(86, 35.92252899610299)	(88, 35.819009638789296)	(90, 35.84469858068661)	(92, 35.836576569067006)	(94, 35.837822510067)	(96, 35.809186635117214)	(98, 35.80661004787373)	(100, 35.6876422788934)
SRR19077108_1	(1, 36.212406823093325)	(2, 36.202815740236154)	(3, 36.28572462882768)	(4, 36.34316891589878)	(5, 36.37829240513084)	(6, 36.388937551800865)	(7, 36.34278808820981)	(8, 36.37000527283301)	(9, 36.365048192084835)	(10, 36.38720982090109)	(12, 36.37326787866408)	(14, 36.362035329345915)	(16, 36.34674177921805)	(18, 36.33466694851651)	(20, 36.328576722234324)	(22, 36.30939735777986)	(24, 36.291694975552545)	(26, 36.24622830109981)	(28, 36.22985127393039)	(30, 36.21630553039809)	(32, 36.201105247858706)	(34, 36.17898208249538)	(36, 36.176199246288704)	(38, 36.156589637047944)	(40, 36.140722941966445)	(42, 36.117649108010625)	(44, 36.11103213713072)	(46, 36.109342223239295)	(48, 36.104387907837406)	(50, 36.080634804274894)	(52, 36.07146064226281)	(54, 36.056014100249335)	(56, 36.03915848860394)	(58, 36.026770347759175)	(60, 36.007814509477484)	(62, 35.994991598734316)	(64, 35.958784740201466)	(66, 35.94724232844456)	(68, 35.9497775045472)	(70, 35.953543116094195)	(72, 35.9326480158784)	(74, 35.9089301076323)	(76, 35.89353377281509)	(78, 35.87744218684446)	(80, 35.824790532201305)	(82, 35.829612936993854)	(84, 35.815935211025014)	(86, 35.798862034862466)	(88, 35.79872567096818)	(90, 35.767752140503724)	(92, 35.764029553435364)	(94, 35.7435870721713)	(96, 35.72753617629607)	(98, 35.71567783270402)	(100, 35.646860646012186)
SRR19077108_2	(1, 36.3947579952087)	(2, 36.3295441624725)	(3, 36.39605246458076)	(4, 36.381942446751104)	(5, 36.36105582214212)	(6, 36.39081188196755)	(7, 36.32623494080399)	(8, 36.361046053646135)	(9, 36.35475808714748)	(10, 36.376288211429326)	(12, 36.34962366510091)	(14, 36.356117452373375)	(16, 36.347358559181316)	(18, 36.33859093898734)	(20, 36.34130388735143)	(22, 36.32391783200873)	(24, 36.28562331659545)	(26, 36.257010996812525)	(28, 36.26570416813823)	(30, 36.25229234637621)	(32, 36.23306352891083)	(34, 36.2023170441508)	(36, 36.18810082984092)	(38, 36.17203043288731)	(40, 36.1843656371031)	(42, 36.14731732319938)	(44, 36.12087134696857)	(46, 36.14467257473923)	(48, 36.164037109654316)	(50, 36.14497920495504)	(52, 36.08725744950172)	(54, 36.066352473049186)	(56, 36.04363281889991)	(58, 36.03501395278814)	(60, 36.02498580156292)	(62, 36.02442425669826)	(64, 35.98541064350901)	(66, 36.00833274255481)	(68, 35.976766494231164)	(70, 35.96607491129164)	(72, 35.975544103430565)	(74, 35.94606245933235)	(76, 35.932909969590526)	(78, 35.907641815397405)	(80, 35.89815125467352)	(82, 35.87548608143751)	(84, 35.9010300160742)	(86, 35.87733444607995)	(88, 35.80763450339086)	(90, 35.80925549910658)	(92, 35.80836872078744)	(94, 35.79986829768946)	(96, 35.784253141379516)	(98, 35.78057239364137)	(100, 35.66945571592409)
SRR19077109_1	(1, 36.19387276567805)	(2, 36.21577558993709)	(3, 36.30531747176995)	(4, 36.35946085039793)	(5, 36.402181639740135)	(6, 36.42015868279053)	(7, 36.35662435557613)	(8, 36.3995978167562)	(9, 36.38935325056416)	(10, 36.40569312382915)	(12, 36.396463351387155)	(14, 36.38488179956245)	(16, 36.368501696423834)	(18, 36.36409492119982)	(20, 36.3478903986819)	(22, 36.33144481773461)	(24, 36.30921053011488)	(26, 36.272268662667244)	(28, 36.24989571993284)	(30, 36.233875439970134)	(32, 36.21756097504638)	(34, 36.19223636584239)	(36, 36.18030086170849)	(38, 36.182418544290684)	(40, 36.163573767889545)	(42, 36.11006360875569)	(44, 36.12392215859515)	(46, 36.11429319929706)	(48, 36.11325177811871)	(50, 36.0672892758257)	(52, 36.06467173545964)	(54, 36.039070457651064)	(56, 36.04231448045107)	(58, 35.99876962032431)	(60, 35.98623005854249)	(62, 35.96734537308011)	(64, 35.94147371458977)	(66, 35.93043443194681)	(68, 35.94502513982127)	(70, 35.9301717507624)	(72, 35.87698420056729)	(74, 35.87293747308785)	(76, 35.83097293479109)	(78, 35.78643519240049)	(80, 35.664314427452865)	(82, 35.69727315243664)	(84, 35.74369316527812)	(86, 35.700490323239656)	(88, 35.74691771476609)	(90, 35.69628748845156)	(92, 35.692924925473676)	(94, 35.67189615456947)	(96, 35.64150909378007)	(98, 35.61281435042581)	(100, 35.53937571063955)
SRR19077109_2	(1, 36.33032043447237)	(2, 36.33170249424575)	(3, 36.395486670148976)	(4, 36.379893648126426)	(5, 36.3604016006485)	(6, 36.392970987716545)	(7, 36.31882643234872)	(8, 36.36598322292361)	(9, 36.35594519574785)	(10, 36.36884018557585)	(12, 36.3371272713437)	(14, 36.362093950164876)	(16, 36.337663124277654)	(18, 36.34038634024476)	(20, 36.34441122040049)	(22, 36.3216525328491)	(24, 36.28689764345976)	(26, 36.27425487633228)	(28, 36.27441201024058)	(30, 36.27144164040871)	(32, 36.25905757639201)	(34, 36.20195990063286)	(36, 36.19089986142829)	(38, 36.17765188172828)	(40, 36.19875973288647)	(42, 36.13319572192829)	(44, 36.10058684285512)	(46, 36.11343412788082)	(48, 36.14507732958077)	(50, 36.128744610432065)	(52, 36.069859464283084)	(54, 36.02487396404065)	(56, 36.004347168282074)	(58, 36.02329489337896)	(60, 35.99070154162544)	(62, 36.01744738179555)	(64, 35.97282892300778)	(66, 35.97614070138442)	(68, 35.956410771519785)	(70, 35.91500194444389)	(72, 35.93182242674939)	(74, 35.886416020652106)	(76, 35.88164817108385)	(78, 35.85664232106994)	(80, 35.84430977952297)	(82, 35.8237483039451)	(84, 35.85776015975944)	(86, 35.82967794350019)	(88, 35.71987525146077)	(90, 35.7486021081352)	(92, 35.736971375771205)	(94, 35.75548106363166)	(96, 35.714061745990634)	(98, 35.72633589968274)	(100, 35.54869848659322)
SRR19077110_1	(1, 36.159427875802216)	(2, 36.17749208058355)	(3, 36.270368249790515)	(4, 36.33234131620177)	(5, 36.37797328440475)	(6, 36.388409140659014)	(7, 36.32641160823151)	(8, 36.363714645473834)	(9, 36.359351150893055)	(10, 36.38098545229962)	(12, 36.36996344725392)	(14, 36.35879827070573)	(16, 36.341613224386634)	(18, 36.33513672037065)	(20, 36.321924456708814)	(22, 36.30247005793268)	(24, 36.28169407356711)	(26, 36.24065407887973)	(28, 36.215538612875264)	(30, 36.19998495793075)	(32, 36.18197127094223)	(34, 36.157671015188214)	(36, 36.14394101696556)	(38, 36.14069875201311)	(40, 36.121638883930245)	(42, 36.07493351780796)	(44, 36.08435400202537)	(46, 36.07726109032219)	(48, 36.07584267626632)	(50, 36.02675504508025)	(52, 36.025661906063185)	(54, 36.00227906119365)	(56, 35.999983527510224)	(58, 35.96203249682427)	(60, 35.94971987705891)	(62, 35.92873453996964)	(64, 35.90275865336457)	(66, 35.89154528912035)	(68, 35.901796711741525)	(70, 35.890367263382885)	(72, 35.835122804514846)	(74, 35.83730956798581)	(76, 35.80428394119302)	(78, 35.751843689081724)	(80, 35.61888636001471)	(82, 35.64381273219253)	(84, 35.69047981353012)	(86, 35.65727719646897)	(88, 35.696779456727576)	(90, 35.653540077211645)	(92, 35.64822075751188)	(94, 35.63709774924301)	(96, 35.60988671716677)	(98, 35.57747623592541)	(100, 35.503705371688625)
SRR19077110_2	(1, 36.31376481375213)	(2, 36.315813486626084)	(3, 36.38687535444979)	(4, 36.35838060085688)	(5, 36.33381037750028)	(6, 36.36818403000854)	(7, 36.29742112654743)	(8, 36.34731076410217)	(9, 36.337638143995065)	(10, 36.34827636268267)	(12, 36.325274165013056)	(14, 36.33950506931973)	(16, 36.32277338863775)	(18, 36.324890734641976)	(20, 36.32680076675718)	(22, 36.30329643323023)	(24, 36.26936242467801)	(26, 36.245178285413814)	(28, 36.2486734629549)	(30, 36.24421915932438)	(32, 36.22507239804888)	(34, 36.18424586611704)	(36, 36.17063301998278)	(38, 36.16353476847446)	(40, 36.17046884524675)	(42, 36.11342907916776)	(44, 36.089819405848615)	(46, 36.10584781801323)	(48, 36.116646910466415)	(50, 36.102806006109255)	(52, 36.04594235651231)	(54, 36.006211067157146)	(56, 35.9922854702543)	(58, 35.99369621440826)	(60, 35.98448880459692)	(62, 35.98869307589733)	(64, 35.932600785423844)	(66, 35.95719498935987)	(68, 35.922922987323886)	(70, 35.882345711023206)	(72, 35.90076839472253)	(74, 35.86774652197456)	(76, 35.86136438687839)	(78, 35.835324908048555)	(80, 35.809521480968094)	(82, 35.79114701732725)	(84, 35.80457895733606)	(86, 35.78178161400885)	(88, 35.702192724635246)	(90, 35.713630263607726)	(92, 35.70463751396278)	(94, 35.716401590109825)	(96, 35.6861945713664)	(98, 35.693784182034406)	(100, 35.528490902460724)
SRR19077111_1	(1, 36.165562231314084)	(2, 36.20409819465115)	(3, 36.29061664535277)	(4, 36.345987613151195)	(5, 36.392177344202146)	(6, 36.415801291328904)	(7, 36.34541879587941)	(8, 36.38609342258088)	(9, 36.37234430636937)	(10, 36.3667357198355)	(12, 36.37008999612577)	(14, 36.360974593115635)	(16, 36.36140582849936)	(18, 36.35059097909553)	(20, 36.337410794998796)	(22, 36.315895996590996)	(24, 36.27026756059675)	(26, 36.244860733652544)	(28, 36.207303577019985)	(30, 36.20850592558187)	(32, 36.188599617928894)	(34, 36.176608575451525)	(36, 36.16559513382738)	(38, 36.15243654021057)	(40, 36.153656632012606)	(42, 36.1021293438567)	(44, 36.097758046860875)	(46, 36.077704510509655)	(48, 36.07863514058475)	(50, 36.01678019564994)	(52, 36.016441925657205)	(54, 35.93152544837139)	(56, 35.92948095624925)	(58, 35.89153235732497)	(60, 35.88092020577794)	(62, 35.87486361678552)	(64, 35.82656892878432)	(66, 35.81278837430749)	(68, 35.82856010505377)	(70, 35.822508741416854)	(72, 35.72877562512909)	(74, 35.73090851763382)	(76, 35.6807546653668)	(78, 35.61316810835756)	(80, 35.342450363285664)	(82, 35.39275282236668)	(84, 35.49814037636226)	(86, 35.424114430003)	(88, 35.54645401345489)	(90, 35.45977773979027)	(92, 35.450498398428536)	(94, 35.46007808288941)	(96, 35.4188222358745)	(98, 35.342014850001)	(100, 35.273738029270376)
SRR19077111_2	(1, 36.39604571508502)	(2, 36.3719271392505)	(3, 36.42907363691577)	(4, 36.44003143711689)	(5, 36.413553240027625)	(6, 36.441279493184155)	(7, 36.36348468738277)	(8, 36.41024662357337)	(9, 36.38952981160067)	(10, 36.38919995385609)	(12, 36.377342301498075)	(14, 36.40009525076625)	(16, 36.356758334140586)	(18, 36.37504618841036)	(20, 36.37525083859778)	(22, 36.33897507120695)	(24, 36.299185280942964)	(26, 36.29084446511108)	(28, 36.28898418112621)	(30, 36.28890143676031)	(32, 36.266659079373895)	(34, 36.183100878703826)	(36, 36.19332170280211)	(38, 36.192873154839404)	(40, 36.20875002433236)	(42, 36.13861734107153)	(44, 36.12430167573706)	(46, 36.10885977402462)	(48, 36.14299285854681)	(50, 36.110022587891194)	(52, 36.054007551959415)	(54, 35.96826564076669)	(56, 35.96470306802443)	(58, 35.997664266084755)	(60, 35.97449564265642)	(62, 35.98216080853591)	(64, 35.92627497095478)	(66, 35.95690006186017)	(68, 35.933131900663355)	(70, 35.84988357505962)	(72, 35.84601919497024)	(74, 35.79329687949233)	(76, 35.83014746470057)	(78, 35.81446643119645)	(80, 35.73265370024363)	(82, 35.689498264234516)	(84, 35.7563717324804)	(86, 35.74020132433478)	(88, 35.64838582738882)	(90, 35.65218641220372)	(92, 35.71730711820322)	(94, 35.686880877914845)	(96, 35.638634596229025)	(98, 35.644276458515876)	(100, 35.416734505371004)
SRR19077112_1	(1, 36.12896583565191)	(2, 36.16163256005708)	(3, 36.25907485873453)	(4, 36.31709578300334)	(5, 36.36912424023167)	(6, 36.38640089013967)	(7, 36.31660189261997)	(8, 36.352120697667445)	(9, 36.34599562158112)	(10, 36.34290616726618)	(12, 36.344376816667065)	(14, 36.33717041996867)	(16, 36.33645284608539)	(18, 36.323236521575396)	(20, 36.31425275179723)	(22, 36.289436906373666)	(24, 36.24647665132343)	(26, 36.21808740978046)	(28, 36.17624548521598)	(30, 36.17809377455058)	(32, 36.15498406690132)	(34, 36.14669336211673)	(36, 36.13203771317731)	(38, 36.11676603547042)	(40, 36.117715849211564)	(42, 36.07299536280205)	(44, 36.063133362643455)	(46, 36.04405770222169)	(48, 36.04717471090967)	(50, 35.9811502564326)	(52, 35.98322214225331)	(54, 35.89969889161229)	(56, 35.88930233661664)	(58, 35.86184913162828)	(60, 35.84850942153625)	(62, 35.842948804032886)	(64, 35.79492591151171)	(66, 35.77975363258001)	(68, 35.79068465539892)	(70, 35.79021553494669)	(72, 35.693166248642655)	(74, 35.70182354260716)	(76, 35.658478657513825)	(78, 35.58668205496221)	(80, 35.301207728473756)	(82, 35.34465015604766)	(84, 35.450866405203705)	(86, 35.39217709885865)	(88, 35.508553312462006)	(90, 35.42752892440548)	(92, 35.419020395050815)	(94, 35.43373570645903)	(96, 35.40016920125325)	(98, 35.31795130277946)	(100, 35.24968395134118)
SRR19077112_2	(1, 36.38250812433438)	(2, 36.355294207322466)	(3, 36.41871016181494)	(4, 36.422117042507345)	(5, 36.39112701620424)	(6, 36.4175304285842)	(7, 36.3410010869185)	(8, 36.39185044901736)	(9, 36.37011567557841)	(10, 36.37023839405457)	(12, 36.36554501418702)	(14, 36.37784641749354)	(16, 36.341787836780426)	(18, 36.358447355746044)	(20, 36.35925890454371)	(22, 36.32188670535146)	(24, 36.28371682156188)	(26, 36.266434254714824)	(28, 36.26653553878922)	(30, 36.26376058138683)	(32, 36.23575054602615)	(34, 36.168323225905894)	(36, 36.17512013561624)	(38, 36.17908346962113)	(40, 36.18410770499743)	(42, 36.12072011700689)	(44, 36.112954714590934)	(46, 36.1054375335692)	(48, 36.11647746867314)	(50, 36.085809132424174)	(52, 36.034019847153864)	(54, 35.95050767627127)	(56, 35.95379865456927)	(58, 35.973557750456344)	(60, 35.9691323151132)	(62, 35.958486987635865)	(64, 35.88917758781825)	(66, 35.93959327309)	(68, 35.90315215066522)	(70, 35.82256080133454)	(72, 35.82145395667165)	(74, 35.77603930309364)	(76, 35.81200202359315)	(78, 35.794100063444674)	(80, 35.70419614815388)	(82, 35.66260824590428)	(84, 35.71077592940465)	(86, 35.70035196505897)	(88, 35.63708706653998)	(90, 35.62383970710455)	(92, 35.69189993667135)	(94, 35.65734341734439)	(96, 35.61782162899945)	(98, 35.61977218856496)	(100, 35.40283011255585)
SRR19077113_1	(1, 36.239865007060416)	(2, 36.23023274832758)	(3, 36.31332973497549)	(4, 36.36433460366269)	(5, 36.39558983082266)	(6, 36.41295539671895)	(7, 36.342992416188245)	(8, 36.387579559146644)	(9, 36.375999607451874)	(10, 36.388613814422875)	(12, 36.37188788389298)	(14, 36.36184933784764)	(16, 36.35454140019736)	(18, 36.34607544556938)	(20, 36.3365713101839)	(22, 36.32925159608979)	(24, 36.303434250914584)	(26, 36.26529100356019)	(28, 36.25004966824231)	(30, 36.241395835718606)	(32, 36.22648107863502)	(34, 36.20479028661465)	(36, 36.19139894339129)	(38, 36.185127550881326)	(40, 36.160621752618354)	(42, 36.13606677679823)	(44, 36.135211076399685)	(46, 36.1354973094097)	(48, 36.13453872868927)	(50, 36.09820463751997)	(52, 36.0849856883495)	(54, 36.06234198574832)	(56, 36.052540985841006)	(58, 36.019941935589394)	(60, 36.0074773875922)	(62, 35.99753430707077)	(64, 35.96538761401615)	(66, 35.93346183832469)	(68, 35.955275628758514)	(70, 35.960807231608854)	(72, 35.93978535250277)	(74, 35.89671409956547)	(76, 35.86791785930421)	(78, 35.84557598259703)	(80, 35.762098714950085)	(82, 35.79148813904927)	(84, 35.784815802242974)	(86, 35.74305718662937)	(88, 35.756380488177214)	(90, 35.69679364508197)	(92, 35.68271937715697)	(94, 35.66740067714552)	(96, 35.647496796916315)	(98, 35.63588129780773)	(100, 35.54357769454304)
SRR19077113_2	(1, 36.31566626866648)	(2, 36.27763805972184)	(3, 36.346187866991606)	(4, 36.353678557603715)	(5, 36.32735678808398)	(6, 36.35900380008396)	(7, 36.28773646935671)	(8, 36.34712267674207)	(9, 36.325329931249556)	(10, 36.332815224324904)	(12, 36.292553852696315)	(14, 36.32651537207565)	(16, 36.29741659715293)	(18, 36.298963291297966)	(20, 36.30706439424917)	(22, 36.284041392019276)	(24, 36.242636124241486)	(26, 36.22982117251945)	(28, 36.2378501992727)	(30, 36.23009933648462)	(32, 36.22374899818446)	(34, 36.153154778455644)	(36, 36.13837893979293)	(38, 36.11827115261944)	(40, 36.17284842735406)	(42, 36.09569723635214)	(44, 36.04922433580312)	(46, 36.056060888576305)	(48, 36.09066351537753)	(50, 36.06517705556192)	(52, 35.99914800700044)	(54, 35.9553441611192)	(56, 35.93952736114973)	(58, 35.950651738933686)	(60, 35.90030177137343)	(62, 35.93961562995796)	(64, 35.906781159870675)	(66, 35.907014944089156)	(68, 35.89243952305402)	(70, 35.84734762862766)	(72, 35.85289215285388)	(74, 35.81502875960244)	(76, 35.79781606939379)	(78, 35.77587273807771)	(80, 35.74948352660877)	(82, 35.73930164597611)	(84, 35.77946100961198)	(86, 35.7512165175529)	(88, 35.640230458463506)	(90, 35.67316846311955)	(92, 35.66685405387723)	(94, 35.65067785428832)	(96, 35.60678683001031)	(98, 35.61869783062639)	(100, 35.46921773881374)
SRR19077114_1	(1, 36.20904103336508)	(2, 36.193641130865196)	(3, 36.283042324072504)	(4, 36.33658911847362)	(5, 36.37267469858886)	(6, 36.38376349778857)	(7, 36.31896620899866)	(8, 36.356129537495775)	(9, 36.34752818770868)	(10, 36.36628933032395)	(12, 36.34971661628283)	(14, 36.34119913283957)	(16, 36.328687679430345)	(18, 36.320466911598835)	(20, 36.31093633589481)	(22, 36.30421588645902)	(24, 36.281009114098076)	(26, 36.23837822689205)	(28, 36.22208027392241)	(30, 36.206075523838074)	(32, 36.191779330963925)	(34, 36.17440220256729)	(36, 36.159673724795226)	(38, 36.142244344592754)	(40, 36.125863787665345)	(42, 36.10687986135268)	(44, 36.09585451077436)	(46, 36.09754182696683)	(48, 36.09647747085452)	(50, 36.059355746211224)	(52, 36.04876311962162)	(54, 36.02499370727989)	(56, 36.010612605221255)	(58, 35.98071919341653)	(60, 35.98036363963686)	(62, 35.956841270759526)	(64, 35.924967504536085)	(66, 35.9024763953016)	(68, 35.91222141197771)	(70, 35.917571568782535)	(72, 35.89323084441663)	(74, 35.85994375466328)	(76, 35.83862814640122)	(78, 35.80754139556011)	(80, 35.71444772311109)	(82, 35.73698471733475)	(84, 35.73124700800781)	(86, 35.708966442814514)	(88, 35.7135552710491)	(90, 35.670329141370004)	(92, 35.65094223947069)	(94, 35.63250789018734)	(96, 35.62164708888834)	(98, 35.60032505892325)	(100, 35.51425228379361)
SRR19077114_2	(1, 36.30057631765936)	(2, 36.26290199723746)	(3, 36.33831661147478)	(4, 36.33984190316006)	(5, 36.30393733822934)	(6, 36.33945089279785)	(7, 36.26749796069764)	(8, 36.32577815398102)	(9, 36.30629273108224)	(10, 36.31021606231489)	(12, 36.285485919290934)	(14, 36.303299064857335)	(16, 36.28703569028862)	(18, 36.285472801453125)	(20, 36.29372951984432)	(22, 36.2686195632737)	(24, 36.22998429262417)	(26, 36.20855616734322)	(28, 36.21820749301873)	(30, 36.2081691636846)	(32, 36.1899085845875)	(34, 36.14150189692717)	(36, 36.123087855593575)	(38, 36.10734935919636)	(40, 36.140409274344265)	(42, 36.07664961201388)	(44, 36.04356549198533)	(46, 36.05710985162793)	(48, 36.06902189120142)	(50, 36.04534155940684)	(52, 35.98475251689594)	(54, 35.9434075619999)	(56, 35.930987384591845)	(58, 35.92320488427048)	(60, 35.909638624973965)	(62, 35.918804261332355)	(64, 35.86429558363565)	(66, 35.89492134401743)	(68, 35.86670130727212)	(70, 35.82209138291978)	(72, 35.829555816838976)	(74, 35.80405369729277)	(76, 35.78633023602339)	(78, 35.76154196835407)	(80, 35.724745170906765)	(82, 35.712799650659356)	(84, 35.733019013839375)	(86, 35.709467555196184)	(88, 35.63182949489299)	(90, 35.64607689380139)	(92, 35.64459820062784)	(94, 35.62687364163143)	(96, 35.59068256995018)	(98, 35.598594711831836)	(100, 35.45755940377177)
SRR19077115_1	(1, 36.26101523874039)	(2, 36.24702413656593)	(3, 36.32627687051019)	(4, 36.36604912407416)	(5, 36.39629313604842)	(6, 36.4135809484928)	(7, 36.36165179308255)	(8, 36.39705197250672)	(9, 36.38208194742642)	(10, 36.39639353517579)	(12, 36.38533650011532)	(14, 36.373136843822124)	(16, 36.35478780380553)	(18, 36.35243191126577)	(20, 36.33855735501201)	(22, 36.31959549078492)	(24, 36.29793057796159)	(26, 36.250056780795596)	(28, 36.23730879322322)	(30, 36.22162422541727)	(32, 36.20598916606713)	(34, 36.18257600160538)	(36, 36.18081267124947)	(38, 36.17030933926128)	(40, 36.14545681697196)	(42, 36.115066572851916)	(44, 36.11063299011031)	(46, 36.107749562355934)	(48, 36.099404623122226)	(50, 36.075133762360544)	(52, 36.05971775279611)	(54, 36.03972645195955)	(56, 36.035566359456645)	(58, 36.01379796893445)	(60, 35.996220425216066)	(62, 35.976847634523054)	(64, 35.947392961996044)	(66, 35.93105504592632)	(68, 35.93483669403391)	(70, 35.934172099559994)	(72, 35.91411420105447)	(74, 35.87909541894112)	(76, 35.85302588707938)	(78, 35.84047646736812)	(80, 35.80923722862471)	(82, 35.81558225870769)	(84, 35.79044930368681)	(86, 35.76064112947636)	(88, 35.762128205162035)	(90, 35.72537593598783)	(92, 35.71684135046753)	(94, 35.680281334941476)	(96, 35.6543907057801)	(98, 35.65235834597276)	(100, 35.572614422805856)
SRR19077115_2	(1, 36.326988271836356)	(2, 36.295650173251325)	(3, 36.34912640507731)	(4, 36.335734619095575)	(5, 36.341809645893285)	(6, 36.35339914816555)	(7, 36.293573708195275)	(8, 36.32285544668093)	(9, 36.31376850889013)	(10, 36.313705649486536)	(12, 36.283505302965054)	(14, 36.30020916066015)	(16, 36.291533809029175)	(18, 36.29104604393197)	(20, 36.28334408634375)	(22, 36.26115606767907)	(24, 36.216835224738546)	(26, 36.19524177875337)	(28, 36.20371369335405)	(30, 36.19949206083534)	(32, 36.185061508287674)	(34, 36.130391544659425)	(36, 36.100775875409084)	(38, 36.08034773156088)	(40, 36.112147647283415)	(42, 36.041671889243304)	(44, 36.003433298319294)	(46, 36.00418654308652)	(48, 36.04156294550935)	(50, 36.017370242766724)	(52, 35.94977813237895)	(54, 35.91885435297129)	(56, 35.89625647591649)	(58, 35.90523974752447)	(60, 35.86400702592842)	(62, 35.89613292467496)	(64, 35.86563998820593)	(66, 35.85852745140208)	(68, 35.84987075968401)	(70, 35.81906647911255)	(72, 35.818595708986535)	(74, 35.78814197718301)	(76, 35.76789006584562)	(78, 35.75118171594926)	(80, 35.73830508806819)	(82, 35.71169545539392)	(84, 35.746571209588964)	(86, 35.72270345320851)	(88, 35.604565377015376)	(90, 35.65435960592526)	(92, 35.645140101076414)	(94, 35.65098238158667)	(96, 35.59023981003832)	(98, 35.60474424830174)	(100, 35.47913997655134)
SRR19077116_1	(1, 36.23063171176074)	(2, 36.20967415157285)	(3, 36.2903717391864)	(4, 36.338550394726944)	(5, 36.372310812577645)	(6, 36.382189438951784)	(7, 36.333040467426635)	(8, 36.363003875634334)	(9, 36.353307041185865)	(10, 36.36974447228252)	(12, 36.36057625130754)	(14, 36.34850473610979)	(16, 36.32996689350175)	(18, 36.3247995497329)	(20, 36.31433085864805)	(22, 36.292284476152396)	(24, 36.273061719497335)	(26, 36.22284502086527)	(28, 36.205972212655055)	(30, 36.190213180445944)	(32, 36.172813846143434)	(34, 36.15269753220308)	(36, 36.148361567061585)	(38, 36.13375312466732)	(40, 36.11061308093479)	(42, 36.084883229682205)	(44, 36.07721137637931)	(46, 36.07621272261367)	(48, 36.067051174933106)	(50, 36.04162617621559)	(52, 36.03000069642627)	(54, 36.00885375383564)	(56, 35.99880196970349)	(58, 35.984712715940375)	(60, 35.96898379262361)	(62, 35.94626815143988)	(64, 35.91601934129461)	(66, 35.90005277279178)	(68, 35.89935514469568)	(70, 35.90092722737647)	(72, 35.877808753249596)	(74, 35.850586203055514)	(76, 35.83251748355697)	(78, 35.8121967327677)	(80, 35.77026083346095)	(82, 35.770311278506426)	(84, 35.74826486438379)	(86, 35.72853620243245)	(88, 35.722630495007266)	(90, 35.69344969661179)	(92, 35.68238129458496)	(94, 35.6556981110402)	(96, 35.63487793848715)	(98, 35.621568890885186)	(100, 35.54995558622109)
SRR19077116_2	(1, 36.31270292270687)	(2, 36.2848266426757)	(3, 36.34379332699655)	(4, 36.31944332959313)	(5, 36.321365807671356)	(6, 36.33315799331317)	(7, 36.27531242245458)	(8, 36.30938082391213)	(9, 36.300828253880965)	(10, 36.29732003026323)	(12, 36.27452889545971)	(14, 36.28217800895841)	(16, 36.279532348177966)	(18, 36.27749212282429)	(20, 36.267616532640986)	(22, 36.24651674588911)	(24, 36.202807584632396)	(26, 36.171779801778484)	(28, 36.18277176137589)	(30, 36.17416463479084)	(32, 36.15324164290057)	(34, 36.1154946432422)	(36, 36.08805307615785)	(38, 36.0714499512723)	(40, 36.08510468185053)	(42, 36.0306421549921)	(44, 35.99700615771127)	(46, 36.0045662412394)	(48, 36.01863240730145)	(50, 35.99583036118716)	(52, 35.931384490998106)	(54, 35.90741727502759)	(56, 35.88977972625324)	(58, 35.8809660121841)	(60, 35.870043537078814)	(62, 35.873073782030474)	(64, 35.8271209390078)	(66, 35.846099345555395)	(68, 35.82176569930465)	(70, 35.79075853724676)	(72, 35.79316712212692)	(74, 35.77620196311243)	(76, 35.75572083186822)	(78, 35.7322772955611)	(80, 35.70994845243773)	(82, 35.681558138974424)	(84, 35.695179186810684)	(86, 35.67879406675179)	(88, 35.597924871102634)	(90, 35.62406764430746)	(92, 35.62002448181869)	(94, 35.61877341306371)	(96, 35.5696416466199)	(98, 35.58204571959399)	(100, 35.46662815132097)
SRR19077117_1	(1, 36.219135335960466)	(2, 36.22932369420068)	(3, 36.31069245536044)	(4, 36.359502392477076)	(5, 36.39444179182748)	(6, 36.41208898633684)	(7, 36.3553483427318)	(8, 36.3928211611869)	(9, 36.37581924164862)	(10, 36.398405634320554)	(12, 36.39635506601651)	(14, 36.381914606597825)	(16, 36.364375154437454)	(18, 36.35544326211996)	(20, 36.34631869376183)	(22, 36.33305422513243)	(24, 36.311650566358495)	(26, 36.26911054121811)	(28, 36.2545928124062)	(30, 36.2428421901057)	(32, 36.2260409056872)	(34, 36.20102496726276)	(36, 36.196385782166345)	(38, 36.18425128168809)	(40, 36.16651454753851)	(42, 36.13166159263089)	(44, 36.13623751041773)	(46, 36.129749792345415)	(48, 36.12377012882433)	(50, 36.089989549286926)	(52, 36.08177058411313)	(54, 36.064515300555826)	(56, 36.058340307967725)	(58, 36.03861719401338)	(60, 36.020363119720244)	(62, 36.00406657357001)	(64, 35.973139839767526)	(66, 35.96024137823541)	(68, 35.97162057684311)	(70, 35.971017308123)	(72, 35.943873716239224)	(74, 35.91614973798785)	(76, 35.890540885015696)	(78, 35.86363853429431)	(80, 35.80428215407171)	(82, 35.82494020189088)	(84, 35.82277076326611)	(86, 35.78520133043377)	(88, 35.820725574709996)	(90, 35.7804181818088)	(92, 35.78129224345732)	(94, 35.739439868014884)	(96, 35.709693436169545)	(98, 35.70584879562551)	(100, 35.636084666620334)
SRR19077117_2	(1, 36.326842532346106)	(2, 36.263778105590305)	(3, 36.321981598461655)	(4, 36.315916780163384)	(5, 36.31217977142556)	(6, 36.334690331760214)	(7, 36.260624983741)	(8, 36.30669036507043)	(9, 36.29578126799775)	(10, 36.30256951500246)	(12, 36.268646814315936)	(14, 36.288930674873164)	(16, 36.27882216535738)	(18, 36.27650360454166)	(20, 36.28012303262434)	(22, 36.25871543115842)	(24, 36.21506120863481)	(26, 36.199513037008465)	(28, 36.20386425820019)	(30, 36.1958451911944)	(32, 36.182576448244724)	(34, 36.13041153818858)	(36, 36.108284266470264)	(38, 36.091694229277046)	(40, 36.1206767369161)	(42, 36.05410784655397)	(44, 36.01466408743373)	(46, 36.026190381614995)	(48, 36.07110368624013)	(50, 36.048837757046016)	(52, 35.98188355145018)	(54, 35.94643060725784)	(56, 35.92535120726333)	(58, 35.93666813344635)	(60, 35.896662780228674)	(62, 35.927431843199656)	(64, 35.89805889851209)	(66, 35.89271721413954)	(68, 35.88295846193449)	(70, 35.83901141162448)	(72, 35.85689011953284)	(74, 35.82449887832256)	(76, 35.815707117384406)	(78, 35.793377589252415)	(80, 35.78638454335041)	(82, 35.774207189126656)	(84, 35.81609917572681)	(86, 35.79067489232582)	(88, 35.67948482502075)	(90, 35.71463458725432)	(92, 35.71373237404812)	(94, 35.723961485721304)	(96, 35.68222031630117)	(98, 35.697579975664375)	(100, 35.56612756679381)
SRR19077118_1	(1, 36.1855670348567)	(2, 36.189430742162926)	(3, 36.277364999983256)	(4, 36.33087033308989)	(5, 36.37043648173082)	(6, 36.38210789137569)	(7, 36.32776002080487)	(8, 36.36131523052214)	(9, 36.34768893751956)	(10, 36.37418924464429)	(12, 36.36939050900856)	(14, 36.35916316229468)	(16, 36.33753123798986)	(18, 36.32884595136677)	(20, 36.32235030971046)	(22, 36.305466485455014)	(24, 36.28685725638461)	(26, 36.239227511530665)	(28, 36.221798452508025)	(30, 36.21104220388692)	(32, 36.192037749369106)	(34, 36.16999809884022)	(36, 36.16264916756361)	(38, 36.14769600641111)	(40, 36.12846103161915)	(42, 36.101864141112934)	(44, 36.101119228761604)	(46, 36.097082221998164)	(48, 36.09142323946466)	(50, 36.055687499930244)	(52, 36.04851238897655)	(54, 36.033762700286815)	(56, 36.02189950045259)	(58, 36.00522569668577)	(60, 35.989044222613536)	(62, 35.97111565339067)	(64, 35.937790071034925)	(66, 35.92875755301762)	(68, 35.932190802032714)	(70, 35.93795079530611)	(72, 35.90522610593739)	(74, 35.883586591875314)	(76, 35.86597277435019)	(78, 35.832699948248276)	(80, 35.764200007961804)	(82, 35.776032811562324)	(84, 35.77450310342942)	(86, 35.74836364461631)	(88, 35.77483735038598)	(90, 35.743530271411956)	(92, 35.74376153577994)	(94, 35.71301204353098)	(96, 35.684431956896134)	(98, 35.674189839919364)	(100, 35.60537615246185)
SRR19077118_2	(1, 36.31801946028641)	(2, 36.2541035845605)	(3, 36.316145236701836)	(4, 36.29657698227531)	(5, 36.29162049874378)	(6, 36.31378102731829)	(7, 36.24282535410496)	(8, 36.292278500933655)	(9, 36.28097742679698)	(10, 36.28530641598641)	(12, 36.25971353130942)	(14, 36.27116628897703)	(16, 36.269956578403495)	(18, 36.264745949618145)	(20, 36.26598438221423)	(22, 36.24466419602706)	(24, 36.203021727912414)	(26, 36.175347426718844)	(28, 36.18350444391449)	(30, 36.17260216687569)	(32, 36.151633379008295)	(34, 36.11699372691682)	(36, 36.09460319893386)	(38, 36.08232698980926)	(40, 36.096785179734006)	(42, 36.04061468848697)	(44, 36.009795549053834)	(46, 36.027860845521275)	(48, 36.047112897267056)	(50, 36.02683920466785)	(52, 35.96434053008501)	(54, 35.934848444825256)	(56, 35.918421047736224)	(58, 35.91290775877817)	(60, 35.902201141216736)	(62, 35.90334946404781)	(64, 35.858506127426814)	(66, 35.88098278427268)	(68, 35.85307338662781)	(70, 35.81074906811547)	(72, 35.83154336597549)	(74, 35.81208151696924)	(76, 35.80217558159305)	(78, 35.77351543046015)	(80, 35.75686904655163)	(82, 35.74478388352252)	(84, 35.76571103933912)	(86, 35.74475385933576)	(88, 35.67107067291755)	(90, 35.68296918000486)	(92, 35.687943745016895)	(94, 35.69109784722488)	(96, 35.66123334299415)	(98, 35.671695823364026)	(100, 35.55310288994889)
SRR19077119_1	(1, 36.195892049948164)	(2, 36.216096880675)	(3, 36.29868719660828)	(4, 36.35678526243892)	(5, 36.39235855828484)	(6, 36.41216802306299)	(7, 36.34993459610777)	(8, 36.398132858034124)	(9, 36.38555261070537)	(10, 36.41468470308489)	(12, 36.39839921364576)	(14, 36.38503247436608)	(16, 36.36380320734193)	(18, 36.35225569500913)	(20, 36.348639600491225)	(22, 36.335401001816)	(24, 36.315248862389744)	(26, 36.27101346462044)	(28, 36.25357438359151)	(30, 36.24999405682717)	(32, 36.22939694045462)	(34, 36.20494161774904)	(36, 36.20220377197235)	(38, 36.20098549401972)	(40, 36.174724461461565)	(42, 36.13409762052754)	(44, 36.144285160970114)	(46, 36.136399549072635)	(48, 36.139008094601394)	(50, 36.10473084529892)	(52, 36.087520503946266)	(54, 36.04873093691076)	(56, 36.06214659864971)	(58, 36.048345065543046)	(60, 36.034282431459275)	(62, 36.00557654429722)	(64, 35.9846734270016)	(66, 35.97727954017817)	(68, 35.993642145908666)	(70, 35.99672020209107)	(72, 35.97000339340673)	(74, 35.94087412765819)	(76, 35.9054768439491)	(78, 35.88083246311754)	(80, 35.780781359078965)	(82, 35.79608126027734)	(84, 35.82230558287161)	(86, 35.78497296291228)	(88, 35.819781908749974)	(90, 35.79131240766338)	(92, 35.77064716223644)	(94, 35.74719351782488)	(96, 35.71463232343848)	(98, 35.70546505182446)	(100, 35.63267774580383)
SRR19077119_2	(1, 36.36738585339323)	(2, 36.340820740571516)	(3, 36.39102032970983)	(4, 36.39382217331104)	(5, 36.38280940157758)	(6, 36.40196482743345)	(7, 36.32530507320829)	(8, 36.367795859840854)	(9, 36.35317065371422)	(10, 36.36102270842852)	(12, 36.333946446504484)	(14, 36.35313680662017)	(16, 36.33771655617197)	(18, 36.339775974274474)	(20, 36.34183336300088)	(22, 36.32034013212977)	(24, 36.28329608220248)	(26, 36.273484809830066)	(28, 36.276381563002275)	(30, 36.2724165245137)	(32, 36.263155031867)	(34, 36.21272702920214)	(36, 36.20048525281388)	(38, 36.18596459579467)	(40, 36.20791581336234)	(42, 36.13334888946742)	(44, 36.09502231009098)	(46, 36.11234741990923)	(48, 36.152673514554685)	(50, 36.134514403641745)	(52, 36.07794366075094)	(54, 36.04065485357182)	(56, 36.02187642056326)	(58, 36.03777408173631)	(60, 36.005832716789556)	(62, 36.03621004883259)	(64, 35.99683029574388)	(66, 36.00184419552053)	(68, 35.98096387246704)	(70, 35.93099305924387)	(72, 35.95537521569369)	(74, 35.92158592262395)	(76, 35.91954846526984)	(78, 35.89393918858586)	(80, 35.88804787356175)	(82, 35.88470842649136)	(84, 35.9328591067962)	(86, 35.91235733486097)	(88, 35.80258878085522)	(90, 35.836079212057044)	(92, 35.82472583129042)	(94, 35.84449699159491)	(96, 35.80426964783947)	(98, 35.829375095670585)	(100, 35.68705321111078)
SRR19077120_1	(1, 36.161274452090055)	(2, 36.178627872241314)	(3, 36.266846149752055)	(4, 36.32862735173841)	(5, 36.369920972997335)	(6, 36.38165736041688)	(7, 36.32018948651582)	(8, 36.36259317185232)	(9, 36.358513308819354)	(10, 36.389876577765264)	(12, 36.37384607805461)	(14, 36.363262421288596)	(16, 36.34035153299834)	(18, 36.326996051655584)	(20, 36.32503764115709)	(22, 36.31163656082765)	(24, 36.292365527342014)	(26, 36.24541645877096)	(28, 36.22408742278779)	(30, 36.2203623814518)	(32, 36.198681126286175)	(34, 36.176801676811095)	(36, 36.169866562116454)	(38, 36.16660740753339)	(40, 36.140770779758796)	(42, 36.105353892855874)	(44, 36.110030794711165)	(46, 36.104446531669225)	(48, 36.107320990621126)	(50, 36.07016496423118)	(52, 36.05613070311731)	(54, 36.01799301558415)	(56, 36.02605868457627)	(58, 36.019540265444746)	(60, 36.002075157100236)	(62, 35.97287875639981)	(64, 35.95043899654665)	(66, 35.94400257494985)	(68, 35.95490117262706)	(70, 35.961699380396276)	(72, 35.932160950640636)	(74, 35.90805873384076)	(76, 35.88156242361987)	(78, 35.84892674500797)	(80, 35.737966339443844)	(82, 35.745182305775074)	(84, 35.77334349218153)	(86, 35.74925725702008)	(88, 35.77671539795673)	(90, 35.75503542572079)	(92, 35.732750423843314)	(94, 35.718743470804256)	(96, 35.68963342959949)	(98, 35.67272896152926)	(100, 35.60206629388884)
SRR19077120_2	(1, 36.35395201725665)	(2, 36.327052500561926)	(3, 36.382302490775004)	(4, 36.374674410772386)	(5, 36.36179826861674)	(6, 36.378926772865874)	(7, 36.30602396336715)	(8, 36.35048070275809)	(9, 36.336602115998254)	(10, 36.34186762599506)	(12, 36.324112318954796)	(14, 36.332035032924374)	(16, 36.32421740922393)	(18, 36.32508258035135)	(20, 36.32626019984086)	(22, 36.303811019618266)	(24, 36.267706262470995)	(26, 36.24856403512618)	(28, 36.25348615982782)	(30, 36.24920359390393)	(32, 36.23182792408633)	(34, 36.19525936952876)	(36, 36.18335884041923)	(38, 36.17304720140251)	(40, 36.18107892774056)	(42, 36.11864471454228)	(44, 36.08633563317419)	(46, 36.1084045163817)	(48, 36.12762720174561)	(50, 36.110579265480965)	(52, 36.055946474413915)	(54, 36.02611766268685)	(56, 36.01168554674871)	(58, 36.01229963020835)	(60, 36.00530143202811)	(62, 36.01046947602366)	(64, 35.955786430767915)	(66, 35.987501845585996)	(68, 35.95038606653317)	(70, 35.900094819500595)	(72, 35.927653981986495)	(74, 35.90395280900754)	(76, 35.90282394084623)	(78, 35.86994450559335)	(80, 35.857406983565454)	(82, 35.85238728289714)	(84, 35.88255969985017)	(86, 35.86800079380359)	(88, 35.78855273361526)	(90, 35.801518790814576)	(92, 35.795118144628546)	(94, 35.80692743910959)	(96, 35.77786607592275)	(98, 35.80213316751528)	(100, 35.6666811943181)
SRR19077121_1	(1, 36.17361118944731)	(2, 36.182913243249466)	(3, 36.27279120873832)	(4, 36.32474811214776)	(5, 36.35971310451543)	(6, 36.38123756052505)	(7, 36.321196662261286)	(8, 36.36198407717126)	(9, 36.35107381255233)	(10, 36.36732031393238)	(12, 36.35682832701104)	(14, 36.34402498355692)	(16, 36.325673669998)	(18, 36.32278359069971)	(20, 36.30884182801041)	(22, 36.29486193752667)	(24, 36.27754462418403)	(26, 36.22098064988111)	(28, 36.20281978728752)	(30, 36.19265433070831)	(32, 36.18037947458245)	(34, 36.15450555470075)	(36, 36.151921663400614)	(38, 36.144421993916694)	(40, 36.12150839270214)	(42, 36.08298638544448)	(44, 36.08843520072291)	(46, 36.084534772473326)	(48, 36.08080964183487)	(50, 36.046249465872464)	(52, 36.03921067644423)	(54, 36.009638360501825)	(56, 36.01183458162379)	(58, 35.98249783829694)	(60, 35.971718689673295)	(62, 35.951945856125405)	(64, 35.926028431452615)	(66, 35.913860701644666)	(68, 35.92269153501297)	(70, 35.91795880032361)	(72, 35.89852558239642)	(74, 35.86562862806269)	(76, 35.83515493195429)	(78, 35.82249259365713)	(80, 35.76651929935703)	(82, 35.77488500371426)	(84, 35.76045893531255)	(86, 35.73014508265008)	(88, 35.73803174548742)	(90, 35.70509745298813)	(92, 35.707607119173645)	(94, 35.66777376395632)	(96, 35.64796381785112)	(98, 35.63642613668581)	(100, 35.55061220302998)
SRR19077121_2	(1, 36.339069498320946)	(2, 36.293968829663214)	(3, 36.35558567676384)	(4, 36.355992072426865)	(5, 36.334835207461076)	(6, 36.36824102120522)	(7, 36.30069067709999)	(8, 36.34299305141627)	(9, 36.32797634061311)	(10, 36.342876148740814)	(12, 36.310156823303466)	(14, 36.329996248886815)	(16, 36.31682914972913)	(18, 36.31553611363918)	(20, 36.32208352829646)	(22, 36.301795029489256)	(24, 36.257479251937184)	(26, 36.24514476003028)	(28, 36.242103636007855)	(30, 36.23715006844202)	(32, 36.22418740796124)	(34, 36.17189186656686)	(36, 36.156563365160636)	(38, 36.139367654665364)	(40, 36.16247892630928)	(42, 36.09880238868)	(44, 36.067292060259064)	(46, 36.07570984252092)	(48, 36.11289628653331)	(50, 36.08553320178868)	(52, 36.02435463631724)	(54, 35.98805573516479)	(56, 35.96603738509208)	(58, 35.980452661899115)	(60, 35.941252626644065)	(62, 35.97328873509425)	(64, 35.9407486930138)	(66, 35.93973311747136)	(68, 35.92317136616174)	(70, 35.87566247982875)	(72, 35.89122151526623)	(74, 35.8672043512913)	(76, 35.85411482377063)	(78, 35.83175651966484)	(80, 35.82179835946704)	(82, 35.80295300143953)	(84, 35.84232792069058)	(86, 35.81892632882884)	(88, 35.71275689071521)	(90, 35.7468780706223)	(92, 35.751428664250255)	(94, 35.7523557261555)	(96, 35.70897084584895)	(98, 35.720180680624)	(100, 35.593051596757434)
SRR19077122_1	(1, 36.136979069258835)	(2, 36.14449616176335)	(3, 36.237292865893515)	(4, 36.294602405469604)	(5, 36.333728599721354)	(6, 36.349903503422766)	(7, 36.29192986453318)	(8, 36.32634134202127)	(9, 36.31872776816941)	(10, 36.340974067154065)	(12, 36.32945029542939)	(14, 36.318597095721074)	(16, 36.2995777437102)	(18, 36.29544865425654)	(20, 36.283954047769456)	(22, 36.266213359171346)	(24, 36.25075684933802)	(26, 36.193007775162975)	(28, 36.170843946027716)	(30, 36.15906233228085)	(32, 36.145852916432375)	(34, 36.12432630585638)	(36, 36.11733951808976)	(38, 36.10420267266278)	(40, 36.08143429308033)	(42, 36.05203596203249)	(44, 36.050673343856175)	(46, 36.04800765636984)	(48, 36.04585270321393)	(50, 36.01059257823137)	(52, 36.00384627041338)	(54, 35.97547641377537)	(56, 35.97113311593174)	(58, 35.95048032024192)	(60, 35.93804587729949)	(62, 35.91804217948241)	(64, 35.88984872303472)	(66, 35.876776033515505)	(68, 35.8806997859896)	(70, 35.88237796746774)	(72, 35.85830046469437)	(74, 35.831434521528664)	(76, 35.80787940395088)	(78, 35.78881809359559)	(80, 35.72390876321726)	(82, 35.72237039212091)	(84, 35.711644095463384)	(86, 35.691806669960386)	(88, 35.69434518787287)	(90, 35.669611048431655)	(92, 35.66527627932591)	(94, 35.63498547677777)	(96, 35.61954229309738)	(98, 35.60110392328035)	(100, 35.5193262342759)
SRR19077122_2	(1, 36.32268913846954)	(2, 36.27928562986862)	(3, 36.343443974416225)	(4, 36.33485675375523)	(5, 36.309736498551025)	(6, 36.34264432908988)	(7, 36.279778773677144)	(8, 36.32450347515609)	(9, 36.3100960762323)	(10, 36.3213866783551)	(12, 36.29746699530737)	(14, 36.30782488094796)	(16, 36.301773512968865)	(18, 36.298882423124084)	(20, 36.30130652649483)	(22, 36.28214843019441)	(24, 36.24192739729115)	(26, 36.21680196392465)	(28, 36.21702869889839)	(30, 36.209098381428305)	(32, 36.188747518289574)	(34, 36.15368442999703)	(36, 36.13827928296464)	(38, 36.124640879215406)	(40, 36.133208986365595)	(42, 36.081176108385634)	(44, 36.056166993297026)	(46, 36.070875487128006)	(48, 36.08536710733843)	(50, 36.05994442461174)	(52, 36.001406594481054)	(54, 35.97155886748108)	(56, 35.95437121423032)	(58, 35.95167815101836)	(60, 35.93908383231526)	(62, 35.944358590175256)	(64, 35.8969110510512)	(66, 35.92046399836979)	(68, 35.888487018651745)	(70, 35.845290217720404)	(72, 35.86140652442356)	(74, 35.849331278415164)	(76, 35.83567189549372)	(78, 35.80814691695264)	(80, 35.79054356387934)	(82, 35.769266609260136)	(84, 35.78878112303984)	(86, 35.77020667416383)	(88, 35.69769412625821)	(90, 35.70971271707923)	(92, 35.720676143109785)	(94, 35.71588737101045)	(96, 35.68109522244471)	(98, 35.69199350262472)	(100, 35.573091702512755)
SRR19077123_1	(1, 36.18467715762454)	(2, 36.207528084918536)	(3, 36.29528438344482)	(4, 36.35438704457502)	(5, 36.39168077989741)	(6, 36.4110789739819)	(7, 36.34419950738686)	(8, 36.39180671829912)	(9, 36.38642099592138)	(10, 36.40218088634312)	(12, 36.38733194412277)	(14, 36.37519488796129)	(16, 36.36095776684704)	(18, 36.35868635331104)	(20, 36.34352902106689)	(22, 36.32596563534614)	(24, 36.29440774238604)	(26, 36.254977545351394)	(28, 36.241475501550156)	(30, 36.223451901105356)	(32, 36.21355282460998)	(34, 36.18924665070283)	(36, 36.17584587534893)	(38, 36.17616942289211)	(40, 36.153128901852696)	(42, 36.109573582801566)	(44, 36.11217833701054)	(46, 36.10662092297815)	(48, 36.107987657163356)	(50, 36.064664815785925)	(52, 36.059365453842645)	(54, 36.02544064873683)	(56, 36.02473990975475)	(58, 35.99114953691283)	(60, 35.979845271044205)	(62, 35.96317165666135)	(64, 35.931425978877904)	(66, 35.91765297102662)	(68, 35.921177811612246)	(70, 35.9237321966982)	(72, 35.89743842288942)	(74, 35.8731138166902)	(76, 35.84313124534242)	(78, 35.81816759064119)	(80, 35.76710602472721)	(82, 35.788972960794354)	(84, 35.74664381020864)	(86, 35.723036940621256)	(88, 35.72881657137286)	(90, 35.700116619334246)	(92, 35.694145149278796)	(94, 35.66328537548263)	(96, 35.655937721183605)	(98, 35.63657732733262)	(100, 35.533823567846774)
SRR19077123_2	(1, 36.43126005706089)	(2, 36.42060999721364)	(3, 36.469665905193644)	(4, 36.4714561766486)	(5, 36.45728108908585)	(6, 36.47025592567002)	(7, 36.3905125281264)	(8, 36.431290808735994)	(9, 36.417103432978536)	(10, 36.42787628120804)	(12, 36.40542699698914)	(14, 36.42385227169735)	(16, 36.399483409284144)	(18, 36.40574702025313)	(20, 36.40912571241121)	(22, 36.38757181342628)	(24, 36.355616830884564)	(26, 36.349469365187495)	(28, 36.348110085008734)	(30, 36.3439771971027)	(32, 36.33184148203863)	(34, 36.28295202607693)	(36, 36.27416821241137)	(38, 36.262593824577095)	(40, 36.28279349588972)	(42, 36.21398259954202)	(44, 36.17773875634862)	(46, 36.17110091683032)	(48, 36.194252156375455)	(50, 36.17427180126907)	(52, 36.117217806754354)	(54, 36.08558200539221)	(56, 36.057850731119515)	(58, 36.06937992709046)	(60, 36.0415728652209)	(62, 36.07657273142304)	(64, 36.034281599389004)	(66, 36.04384053615951)	(68, 36.020392259135946)	(70, 35.96645569229412)	(72, 35.979059169653624)	(74, 35.95645038840988)	(76, 35.95470309444812)	(78, 35.92749278973021)	(80, 35.90216866052502)	(82, 35.890049631207575)	(84, 35.93314470434635)	(86, 35.909696583264335)	(88, 35.81762419669046)	(90, 35.850819725509176)	(92, 35.87092920022503)	(94, 35.868054324050426)	(96, 35.81800354012286)	(98, 35.84078900315108)	(100, 35.67995081852788)
SRR19077124_1	(1, 36.14869280922057)	(2, 36.16775549815744)	(3, 36.2591345139648)	(4, 36.32464690569987)	(5, 36.36704686189428)	(6, 36.378598379899486)	(7, 36.31588439864707)	(8, 36.357992906319616)	(9, 36.357334560697495)	(10, 36.377215860401456)	(12, 36.36193490528807)	(14, 36.35120455295582)	(16, 36.33420247446104)	(18, 36.33141646000317)	(20, 36.318553076687046)	(22, 36.29692683935559)	(24, 36.26890352776356)	(26, 36.227327292148004)	(28, 36.20750794102596)	(30, 36.191604125094244)	(32, 36.179068747533414)	(34, 36.15616767525519)	(36, 36.14148841624602)	(38, 36.13643601102609)	(40, 36.113946310135546)	(42, 36.076810122423524)	(44, 36.07448329709783)	(46, 36.07057053760771)	(48, 36.069900174465374)	(50, 36.02537977256417)	(52, 36.023580235651906)	(54, 35.990332267716795)	(56, 35.98497809972535)	(58, 35.95439880983022)	(60, 35.942289439167254)	(62, 35.927113203652624)	(64, 35.891561278376486)	(66, 35.881854812458556)	(68, 35.8774945028519)	(70, 35.881768355705475)	(72, 35.854355414280825)	(74, 35.83607802770855)	(76, 35.81334084791081)	(78, 35.780642121654395)	(80, 35.72028032553412)	(82, 35.73515946650033)	(84, 35.6910374406631)	(86, 35.68466992130133)	(88, 35.679822223971755)	(90, 35.65768364915755)	(92, 35.6498690752679)	(94, 35.63007842740939)	(96, 35.62454055853144)	(98, 35.60032181720551)	(100, 35.50010020908593)
SRR19077124_2	(1, 36.416958872197675)	(2, 36.40538344532022)	(3, 36.45950953629657)	(4, 36.45423753533971)	(5, 36.43463667598293)	(6, 36.44752778475908)	(7, 36.37011464146533)	(8, 36.41378195714117)	(9, 36.399326362793104)	(10, 36.40925611486756)	(12, 36.392521512938295)	(14, 36.40231188070344)	(16, 36.384746839739144)	(18, 36.38991421572338)	(20, 36.39151699334135)	(22, 36.37050169393414)	(24, 36.33987196830453)	(26, 36.32592918456993)	(28, 36.32635273118807)	(30, 36.31988124923669)	(32, 36.30213048869483)	(34, 36.26678598392516)	(36, 36.25682847484862)	(38, 36.249681740737486)	(40, 36.25844235526742)	(42, 36.197045790726335)	(44, 36.16806880531844)	(46, 36.16660683140195)	(48, 36.16864977829725)	(50, 36.15029063473703)	(52, 36.09847455717488)	(54, 36.07057656213884)	(56, 36.046634665366625)	(58, 36.0446348364507)	(60, 36.03736827409989)	(62, 36.051627235321845)	(64, 35.99719092830517)	(66, 36.028277572039514)	(68, 35.99015418131479)	(70, 35.93762358174337)	(72, 35.95174511426296)	(74, 35.939922776235164)	(76, 35.93514314664478)	(78, 35.907458344309966)	(80, 35.874089381079415)	(82, 35.86081131446059)	(84, 35.886577035521896)	(86, 35.86763146220859)	(88, 35.80348499885439)	(90, 35.817656336267504)	(92, 35.842673249113545)	(94, 35.836304341901666)	(96, 35.79349386595487)	(98, 35.812178365738376)	(100, 35.66274132189947)
SRR19077125_1	(1, 36.205746108325116)	(2, 36.22065774142764)	(3, 36.30400607527376)	(4, 36.357750269348415)	(5, 36.394722039837134)	(6, 36.413311640080735)	(7, 36.35525258484607)	(8, 36.39909994279981)	(9, 36.38746892845324)	(10, 36.410859882258535)	(12, 36.39328939174308)	(14, 36.37991726060768)	(16, 36.36245775406243)	(18, 36.35939755033036)	(20, 36.34654515061837)	(22, 36.32936381437533)	(24, 36.30573172897893)	(26, 36.266441156754965)	(28, 36.252258865765626)	(30, 36.23957946756242)	(32, 36.225578900847005)	(34, 36.202487032155815)	(36, 36.198794460991266)	(38, 36.19278963016533)	(40, 36.17370332791993)	(42, 36.13229335505038)	(44, 36.135837837452065)	(46, 36.13167103201414)	(48, 36.12792513303539)	(50, 36.09107111987617)	(52, 36.08014873107557)	(54, 36.050101877932036)	(56, 36.05502231045431)	(58, 36.03032320620299)	(60, 36.01904569513037)	(62, 35.99942875800512)	(64, 35.971760807770345)	(66, 35.963180943982934)	(68, 35.970201117888436)	(70, 35.964967888329575)	(72, 35.943565031121764)	(74, 35.91670311064378)	(76, 35.889214902236304)	(78, 35.87218099394059)	(80, 35.812415712977675)	(82, 35.82505364500566)	(84, 35.82173569017161)	(86, 35.79071945366943)	(88, 35.80550222774136)	(90, 35.769611254111595)	(92, 35.76050293613561)	(94, 35.738610117244534)	(96, 35.711725002141044)	(98, 35.69603608475779)	(100, 35.62710866239304)
SRR19077125_2	(1, 36.34115230106545)	(2, 36.29150787269204)	(3, 36.36471718152127)	(4, 36.355942278026774)	(5, 36.35644020253732)	(6, 36.374475246378466)	(7, 36.30431738547538)	(8, 36.346292983407714)	(9, 36.33469818175282)	(10, 36.3525018410321)	(12, 36.317279249281825)	(14, 36.33742421106554)	(16, 36.322195353462305)	(18, 36.32149436033585)	(20, 36.325643158550264)	(22, 36.30273919275831)	(24, 36.26371182336453)	(26, 36.250960065859516)	(28, 36.25130464812365)	(30, 36.247129318165236)	(32, 36.23451791788125)	(34, 36.182511140028396)	(36, 36.16422518452613)	(38, 36.15012575980571)	(40, 36.174368075313936)	(42, 36.10651969864697)	(44, 36.06914777130707)	(46, 36.076086367533975)	(48, 36.11424780424212)	(50, 36.09154905471658)	(52, 36.02883746158018)	(54, 35.99625714077274)	(56, 35.97321119876168)	(58, 35.986361758446016)	(60, 35.95227005337275)	(62, 35.98675382030681)	(64, 35.953347942643326)	(66, 35.95254141727489)	(68, 35.935754885277134)	(70, 35.89155643602618)	(72, 35.91259815754054)	(74, 35.88199037112459)	(76, 35.86457923627698)	(78, 35.842489230028306)	(80, 35.8389227094283)	(82, 35.823155022832495)	(84, 35.86316254687826)	(86, 35.84123268927607)	(88, 35.72707885300396)	(90, 35.766763403453794)	(92, 35.766580654915785)	(94, 35.7767308807561)	(96, 35.730055893100136)	(98, 35.75205804392256)	(100, 35.612950160763205)
SRR19077126_1	(1, 36.170938621440655)	(2, 36.18313503998083)	(3, 36.27100916368883)	(4, 36.33154216320045)	(5, 36.37105262561102)	(6, 36.38411227956715)	(7, 36.32580366870383)	(8, 36.363750275639035)	(9, 36.359853109908634)	(10, 36.384987387638326)	(12, 36.36648818997636)	(14, 36.35514233379317)	(16, 36.33689479640197)	(18, 36.33134219567016)	(20, 36.323236273709796)	(22, 36.30181723661414)	(24, 36.28174677974237)	(26, 36.23922062955221)	(28, 36.220984597964545)	(30, 36.20844954194896)	(32, 36.192545386559644)	(34, 36.1722805983338)	(36, 36.166465832032344)	(38, 36.15552151171718)	(40, 36.136695682635654)	(42, 36.09954754511509)	(44, 36.09854043712982)	(46, 36.097212300551064)	(48, 36.094420125511306)	(50, 36.05527658150771)	(52, 36.04631412751259)	(54, 36.0168107126568)	(56, 36.0168864842093)	(58, 35.99821443269319)	(60, 35.986495321573535)	(62, 35.9634407595191)	(64, 35.93699928910809)	(66, 35.92717419999981)	(68, 35.92863026777373)	(70, 35.92959011858915)	(72, 35.90357009408879)	(74, 35.88451281493052)	(76, 35.86366076382261)	(78, 35.840370416171254)	(80, 35.771769647276756)	(82, 35.774335441463336)	(84, 35.771014833215204)	(86, 35.75197079406853)	(88, 35.76004970240322)	(90, 35.73144354012164)	(92, 35.71946343068777)	(94, 35.70821308934893)	(96, 35.68515766019047)	(98, 35.661789339876364)	(100, 35.59480702066122)
SRR19077126_2	(1, 36.32654811086712)	(2, 36.278463123466146)	(3, 36.35941382166498)	(4, 36.33805651570652)	(5, 36.33688152304022)	(6, 36.35280962384093)	(7, 36.28463617048439)	(8, 36.33064210921322)	(9, 36.31703871432751)	(10, 36.33356238219891)	(12, 36.30667795502718)	(14, 36.31565725085066)	(16, 36.30961583689479)	(18, 36.30810971053799)	(20, 36.30978949115267)	(22, 36.28693813159357)	(24, 36.24857521467162)	(26, 36.22489330284863)	(28, 36.22896155487494)	(30, 36.22337497033504)	(32, 36.20423048052105)	(34, 36.16552772551808)	(36, 36.15010608017351)	(38, 36.137407108145354)	(40, 36.14785291034131)	(42, 36.09155274587168)	(44, 36.06090211902884)	(46, 36.07476594527613)	(48, 36.08713418381565)	(50, 36.06816328155922)	(52, 36.009049364499454)	(54, 35.983248450518445)	(56, 35.96417152811878)	(58, 35.961414237341316)	(60, 35.95301693507538)	(62, 35.962790198042555)	(64, 35.91232611062353)	(66, 35.93581108978036)	(68, 35.9064587511274)	(70, 35.86218048383604)	(72, 35.884066689905055)	(74, 35.86593047533175)	(76, 35.84632918844265)	(78, 35.82022045252958)	(80, 35.80638784202752)	(82, 35.791721277545726)	(84, 35.810666900384554)	(86, 35.79382337117509)	(88, 35.713373525606315)	(90, 35.733021702813566)	(92, 35.73509978433121)	(94, 35.73954599366587)	(96, 35.7016892653988)	(98, 35.723783342984866)	(100, 35.59410516664606)
SRR19077127_1	(1, 36.18509739587095)	(2, 36.20442913575194)	(3, 36.28417039307172)	(4, 36.342845901800246)	(5, 36.37865814842585)	(6, 36.402195425813986)	(7, 36.34072647262128)	(8, 36.38088646289549)	(9, 36.3632991880587)	(10, 36.39110759902218)	(12, 36.385407084598434)	(14, 36.37183615733353)	(16, 36.35120138397248)	(18, 36.34327537828925)	(20, 36.33552970951189)	(22, 36.321805666663785)	(24, 36.29868015970587)	(26, 36.25676580572466)	(28, 36.2467792400225)	(30, 36.23392666289867)	(32, 36.21769181029255)	(34, 36.189515963754715)	(36, 36.18808762853971)	(38, 36.17591847740164)	(40, 36.155236301993426)	(42, 36.11632148681819)	(44, 36.122617384895975)	(46, 36.11896892600625)	(48, 36.11567737664802)	(50, 36.08357406137673)	(52, 36.074106687508696)	(54, 36.039793112371015)	(56, 36.043022341979004)	(58, 36.02984331810984)	(60, 36.014397151917706)	(62, 35.99762477403863)	(64, 35.95981515850548)	(66, 35.95716057415591)	(68, 35.96308276285899)	(70, 35.96107493761751)	(72, 35.94387196790714)	(74, 35.91772126927067)	(76, 35.88875206582304)	(78, 35.87784206641696)	(80, 35.85071896357934)	(82, 35.852139561107236)	(84, 35.81837640738769)	(86, 35.80534091412896)	(88, 35.79865471595996)	(90, 35.770339242509706)	(92, 35.74480222611167)	(94, 35.72712060028837)	(96, 35.71148583668656)	(98, 35.70447033370762)	(100, 35.62624426888337)
SRR19077127_2	(1, 36.33931410074273)	(2, 36.30331475544865)	(3, 36.374907809989175)	(4, 36.376371417903975)	(5, 36.362511826113675)	(6, 36.38498457899872)	(7, 36.31103257552331)	(8, 36.353682567451024)	(9, 36.34469946126179)	(10, 36.35998167213789)	(12, 36.32093109889378)	(14, 36.34095110952856)	(16, 36.32931606792769)	(18, 36.3302322170523)	(20, 36.3343520823301)	(22, 36.313469528709334)	(24, 36.274079089758004)	(26, 36.262030081896796)	(28, 36.266440215004536)	(30, 36.258057894908546)	(32, 36.24305204493825)	(34, 36.19299520430701)	(36, 36.17667161228026)	(38, 36.16034307092211)	(40, 36.18330985073095)	(42, 36.11563994297255)	(44, 36.07520944733953)	(46, 36.08452509980222)	(48, 36.124196535300726)	(50, 36.10095869246193)	(52, 36.03462670748448)	(54, 36.005924175406534)	(56, 35.97962701838614)	(58, 35.9939678455184)	(60, 35.95678714361677)	(62, 35.99334356752826)	(64, 35.955176275665764)	(66, 35.96440493143015)	(68, 35.94589192249598)	(70, 35.89768759569289)	(72, 35.919041311720605)	(74, 35.89603852726859)	(76, 35.88285758640487)	(78, 35.85573608687178)	(80, 35.84754438574336)	(82, 35.838431864994504)	(84, 35.88161366606596)	(86, 35.8636255302407)	(88, 35.75074776729387)	(90, 35.7837029252361)	(92, 35.78715682660582)	(94, 35.799508301353214)	(96, 35.75714383705072)	(98, 35.784436890169175)	(100, 35.64226870519635)
SRR19077128_1	(1, 36.150750630990316)	(2, 36.16563330162282)	(3, 36.25012776337658)	(4, 36.3143703902593)	(5, 36.35497869623256)	(6, 36.3726141317576)	(7, 36.31263373906432)	(8, 36.34599746673146)	(9, 36.33648219759777)	(10, 36.3656989037451)	(12, 36.360030003240624)	(14, 36.34716707980586)	(16, 36.326304984435716)	(18, 36.31575040394944)	(20, 36.31076460035024)	(22, 36.29498035884869)	(24, 36.27501257185985)	(26, 36.22922367954576)	(28, 36.216026434891305)	(30, 36.20163197265808)	(32, 36.18351777701878)	(34, 36.16068405724589)	(36, 36.15497394388621)	(38, 36.140292860170746)	(40, 36.11799800993734)	(42, 36.0866707402407)	(44, 36.08658087576859)	(46, 36.0860385512592)	(48, 36.081067202125894)	(50, 36.04880067418449)	(52, 36.04111844285494)	(54, 36.00749449954691)	(56, 36.004332638014766)	(58, 35.99870287033258)	(60, 35.98092313693216)	(62, 35.96164479271168)	(64, 35.92538146393139)	(66, 35.92371024563567)	(68, 35.92127847565036)	(70, 35.92615255680464)	(72, 35.90447170407859)	(74, 35.882295591994286)	(76, 35.85922711054239)	(78, 35.84537832202406)	(80, 35.80802318750164)	(82, 35.79941601137404)	(84, 35.766330444038374)	(86, 35.76435561144929)	(88, 35.75180497498742)	(90, 35.730219486481474)	(92, 35.703040190184105)	(94, 35.694849619967414)	(96, 35.68041824596396)	(98, 35.668344183819066)	(100, 35.591004400644515)
SRR19077128_2	(1, 36.325321869226144)	(2, 36.28919219137318)	(3, 36.369565720155336)	(4, 36.35922591187937)	(5, 36.34029458060473)	(6, 36.36285588657771)	(7, 36.292812294728954)	(8, 36.338005698303)	(9, 36.32931764767599)	(10, 36.34219488455747)	(12, 36.31069574773586)	(14, 36.32019575154338)	(16, 36.317346000710174)	(18, 36.31681030410222)	(20, 36.31868910263009)	(22, 36.29657941057931)	(24, 36.25930994520841)	(26, 36.23812065008714)	(28, 36.24413652828267)	(30, 36.233884610210296)	(32, 36.21195799630925)	(34, 36.179482654217864)	(36, 36.162036078628915)	(38, 36.14856726628962)	(40, 36.15888588643387)	(42, 36.10056521897317)	(44, 36.06744922674953)	(46, 36.0813086974707)	(48, 36.10041894682928)	(50, 36.07730741927286)	(52, 36.01539527534982)	(54, 35.992657237090185)	(56, 35.96972268860399)	(58, 35.968227779537386)	(60, 35.95863960348791)	(62, 35.966001439241744)	(64, 35.91694294674241)	(66, 35.949649595542894)	(68, 35.915047860499314)	(70, 35.86739120440815)	(72, 35.89008697216873)	(74, 35.88258630303273)	(76, 35.86603678569908)	(78, 35.83562892579768)	(80, 35.81722310249528)	(82, 35.80617386198227)	(84, 35.83170013145808)	(86, 35.817391655669525)	(88, 35.738542332688496)	(90, 35.75040391418475)	(92, 35.75851015493213)	(94, 35.763859329701994)	(96, 35.73168252521352)	(98, 35.75735355087704)	(100, 35.622677061566435)
SRR19077129_1	(1, 36.455957220969324)	(2, 36.41714431574839)	(3, 36.458479662163576)	(4, 36.53396655922658)	(5, 36.55184661500992)	(6, 36.52543129471078)	(7, 36.53818200279928)	(8, 36.594511300358654)	(9, 36.60381738829696)	(10, 36.577929153448494)	(12, 36.5673794676859)	(14, 36.552173339787544)	(16, 36.541235726478064)	(18, 36.5360167148781)	(20, 36.55322092897672)	(22, 36.545220857817924)	(24, 36.50762572435498)	(26, 36.48384672556361)	(28, 36.453862161824894)	(30, 36.46261889141694)	(32, 36.45250718759932)	(34, 36.437931509033746)	(36, 36.432756709369976)	(38, 36.42057572478065)	(40, 36.44923433582905)	(42, 36.412135954708475)	(44, 36.415941698621154)	(46, 36.404527328497096)	(48, 36.4155250714706)	(50, 36.39375602265416)	(52, 36.40145544549284)	(54, 36.36406779096778)	(56, 36.37943657777484)	(58, 36.350075535878354)	(60, 36.363623084229914)	(62, 36.33121962202992)	(64, 36.30298492332437)	(66, 36.31065902087922)	(68, 36.311641019491006)	(70, 36.30867176111857)	(72, 36.26265636425217)	(74, 36.285143237015305)	(76, 36.230913708340054)	(78, 36.16441827668025)	(80, 36.1540658395855)	(82, 36.07588543642845)	(84, 36.16489989823862)	(86, 36.158981448561875)	(88, 36.16593111661108)	(90, 36.138167737653525)	(92, 36.14299822553701)	(94, 36.177185701363825)	(96, 36.17492338088151)	(98, 36.090687814439214)	(100, 36.01158060605026)
SRR19077129_2	(1, 36.31308830461461)	(2, 36.2767285895293)	(3, 36.39426432876301)	(4, 36.38573655213717)	(5, 36.337478985320324)	(6, 36.336287051552)	(7, 36.27449989301141)	(8, 36.33204623500189)	(9, 36.29921853852747)	(10, 36.307947403153264)	(12, 36.29682650346755)	(14, 36.3027667610276)	(16, 36.245510145530474)	(18, 36.28593964803626)	(20, 36.282540599088904)	(22, 36.230748927067644)	(24, 36.231534392415085)	(26, 36.24004445088096)	(28, 36.206654959962805)	(30, 36.22838494774824)	(32, 36.21527417707911)	(34, 36.19643311977664)	(36, 36.21681271191891)	(38, 36.19625506776934)	(40, 36.19204347545214)	(42, 36.15501237803056)	(44, 36.131491091426014)	(46, 36.153329415147866)	(48, 36.13318528614363)	(50, 36.12102391553355)	(52, 36.1092897600458)	(54, 36.064736481002214)	(56, 36.015485051798905)	(58, 36.04806567175184)	(60, 36.02486746136708)	(62, 36.01896099469893)	(64, 35.952405969927725)	(66, 35.98649091650986)	(68, 35.95171655942331)	(70, 35.876476834268935)	(72, 35.91736564966733)	(74, 35.86412582211487)	(76, 35.927337969036714)	(78, 35.879479907380045)	(80, 35.826366014690045)	(82, 35.81589403367075)	(84, 35.8152913539171)	(86, 35.8193113492541)	(88, 35.743247348112504)	(90, 35.78989308700115)	(92, 35.81893764631343)	(94, 35.78447525284565)	(96, 35.82808281615821)	(98, 35.830920726448376)	(100, 35.57940486393777)
SRR19077130_1	(1, 36.42940253561704)	(2, 36.431599336574585)	(3, 36.47267590052566)	(4, 36.525035859943024)	(5, 36.534290722502924)	(6, 36.51700823332748)	(7, 36.51697470425381)	(8, 36.57896823711818)	(9, 36.58050671866356)	(10, 36.56213963580289)	(12, 36.543249607164995)	(14, 36.52916903675306)	(16, 36.51538192955843)	(18, 36.506232587783245)	(20, 36.52466797415684)	(22, 36.51481363570906)	(24, 36.47718775229879)	(26, 36.45010743313938)	(28, 36.42397221474404)	(30, 36.43183332161013)	(32, 36.415396244077954)	(34, 36.40031259155383)	(36, 36.39695478654709)	(38, 36.389305487629244)	(40, 36.41132544331961)	(42, 36.37781400833681)	(44, 36.383145250797114)	(46, 36.37127157598884)	(48, 36.38089936567064)	(50, 36.356740422725466)	(52, 36.36568961988017)	(54, 36.327103224306605)	(56, 36.34294607085599)	(58, 36.311444033258255)	(60, 36.3187012575582)	(62, 36.29092056394848)	(64, 36.26425175429502)	(66, 36.27213681049945)	(68, 36.27058536038737)	(70, 36.2611350113533)	(72, 36.21942114353445)	(74, 36.24354383915605)	(76, 36.18956157550914)	(78, 36.11716085767083)	(80, 36.09836934463618)	(82, 36.017981211121395)	(84, 36.11226987589716)	(86, 36.10275152271689)	(88, 36.103818789055836)	(90, 36.088069189255265)	(92, 36.09344045105992)	(94, 36.12628043041846)	(96, 36.11028699042963)	(98, 36.039525868243146)	(100, 35.94037112900558)
SRR19077130_2	(1, 36.24963219204917)	(2, 36.21684504493099)	(3, 36.337678222294265)	(4, 36.33143834193749)	(5, 36.278648707441036)	(6, 36.27617692018071)	(7, 36.207206729515)	(8, 36.26445592240434)	(9, 36.231529102744986)	(10, 36.245948364699665)	(12, 36.236737293504916)	(14, 36.24126697556044)	(16, 36.18514409610371)	(18, 36.22169642647373)	(20, 36.22808294862912)	(22, 36.178371750107715)	(24, 36.16402185741153)	(26, 36.17679080638548)	(28, 36.147129598754944)	(30, 36.15664875423805)	(32, 36.15363943605344)	(34, 36.12617134118234)	(36, 36.14955276885844)	(38, 36.12587283662933)	(40, 36.12289982564163)	(42, 36.08421832724554)	(44, 36.06041205028202)	(46, 36.074681509125405)	(48, 36.05740978517755)	(50, 36.04141602187265)	(52, 36.028722010378345)	(54, 35.98097409479105)	(56, 35.93064788923584)	(58, 35.966274589653835)	(60, 35.940165188645224)	(62, 35.94158310922141)	(64, 35.8624766963957)	(66, 35.900769365309245)	(68, 35.85331648162091)	(70, 35.78174347686483)	(72, 35.819190135401655)	(74, 35.74123017740209)	(76, 35.825438278280146)	(78, 35.785481561440335)	(80, 35.71611625459076)	(82, 35.71242336241669)	(84, 35.71573019125678)	(86, 35.708376690616724)	(88, 35.63875562878305)	(90, 35.66813083341518)	(92, 35.70529879350178)	(94, 35.66641943764702)	(96, 35.72217402417882)	(98, 35.71363091200493)	(100, 35.480182652981725)
SRR19077131_1	(1, 36.48699046724232)	(2, 36.41640367084192)	(3, 36.46115574578544)	(4, 36.507639576655066)	(5, 36.53656163865319)	(6, 36.51264425096916)	(7, 36.533351911681144)	(8, 36.55453291794007)	(9, 36.567341356622606)	(10, 36.55227465628604)	(12, 36.542530303918255)	(14, 36.54033998108281)	(16, 36.51657024566736)	(18, 36.51822708918908)	(20, 36.53585521441161)	(22, 36.52172624679332)	(24, 36.50429206772049)	(26, 36.47223014871574)	(28, 36.453313787624005)	(30, 36.44838472307288)	(32, 36.45002853135344)	(34, 36.42734764089627)	(36, 36.41760182675762)	(38, 36.416051987545714)	(40, 36.41666239087512)	(42, 36.3885541195184)	(44, 36.38335890538306)	(46, 36.38595549323435)	(48, 36.36844012552991)	(50, 36.362109464108094)	(52, 36.35890844070755)	(54, 36.345094665756704)	(56, 36.36175141070947)	(58, 36.36655394491055)	(60, 36.35947040443713)	(62, 36.316363572723574)	(64, 36.28817993299725)	(66, 36.298386741389535)	(68, 36.28258430092954)	(70, 36.2822428097972)	(72, 36.28768168370256)	(74, 36.26736062785875)	(76, 36.24952257088214)	(78, 36.21280104936373)	(80, 36.20776321028486)	(82, 36.21202392369073)	(84, 36.20538331320157)	(86, 36.18887132379713)	(88, 36.1653614349172)	(90, 36.14177050492383)	(92, 36.13660298397055)	(94, 36.13935816725582)	(96, 36.1271201813025)	(98, 36.10539361265137)	(100, 35.98627728398681)
SRR19077131_2	(1, 36.35731317931275)	(2, 36.27933341639053)	(3, 36.36663646120561)	(4, 36.35961274605191)	(5, 36.32394097717908)	(6, 36.30919806579551)	(7, 36.25678998603808)	(8, 36.3075772435266)	(9, 36.28970667891157)	(10, 36.28303057018854)	(12, 36.25311365912228)	(14, 36.26382998183247)	(16, 36.25344487762631)	(18, 36.26810261738791)	(20, 36.259233262287694)	(22, 36.23370698789506)	(24, 36.22344595987318)	(26, 36.19249797732485)	(28, 36.1612908187781)	(30, 36.1860068831974)	(32, 36.16268361820208)	(34, 36.16681163231661)	(36, 36.15026878479501)	(38, 36.12450082201143)	(40, 36.12200768462334)	(42, 36.09735361806395)	(44, 36.06940235967368)	(46, 36.08631242013065)	(48, 36.07169410795031)	(50, 36.063713026752154)	(52, 36.03451949110526)	(54, 36.0279799305565)	(56, 36.008370475500655)	(58, 35.98621469605425)	(60, 35.95924036998091)	(62, 35.96181036433097)	(64, 35.927472213278)	(66, 35.94311289336891)	(68, 35.92590956680756)	(70, 35.87487606127583)	(72, 35.890789596321916)	(74, 35.88318562518666)	(76, 35.8918432246719)	(78, 35.83850097945354)	(80, 35.82251918373105)	(82, 35.82813233022772)	(84, 35.79329216146158)	(86, 35.78094765398515)	(88, 35.73041997481731)	(90, 35.78539426709558)	(92, 35.74826465670043)	(94, 35.70855270066191)	(96, 35.72692737506586)	(98, 35.71960561958365)	(100, 35.481949932604316)
SRR19077132_1	(1, 36.46989773521538)	(2, 36.43463324366004)	(3, 36.47734669280842)	(4, 36.50217812967026)	(5, 36.52000122778216)	(6, 36.50572481678633)	(7, 36.51526638434133)	(8, 36.539173864015)	(9, 36.54355142930361)	(10, 36.53669763938166)	(12, 36.518472418401046)	(14, 36.51750030761808)	(16, 36.489997610613244)	(18, 36.48896690847303)	(20, 36.50756094832775)	(22, 36.49155679173097)	(24, 36.47532168618932)	(26, 36.43962899080987)	(28, 36.42481588244368)	(30, 36.41883004089182)	(32, 36.41398320671628)	(34, 36.3923273514732)	(36, 36.38328250573445)	(38, 36.38593785367)	(40, 36.37981379247006)	(42, 36.355538838994775)	(44, 36.35209509027561)	(46, 36.354059461027305)	(48, 36.334118694253135)	(50, 36.328177226642396)	(52, 36.32368520913644)	(54, 36.310068179571914)	(56, 36.326014578756386)	(58, 36.33136722743814)	(60, 36.316580805309954)	(62, 36.27935066518407)	(64, 36.25054639534295)	(66, 36.25999918811425)	(68, 36.24128187236672)	(70, 36.23528458424805)	(72, 36.24448248578433)	(74, 36.22673815511688)	(76, 36.20980378674489)	(78, 36.16548526260576)	(80, 36.154235829621065)	(82, 36.15469947610503)	(84, 36.15451623688104)	(86, 36.13409857465898)	(88, 36.103257555716)	(90, 36.09295713861978)	(92, 36.08672103288224)	(94, 36.088816185031185)	(96, 36.060301980070435)	(98, 36.05363939220156)	(100, 35.91384575375952)
SRR19077132_2	(1, 36.29726026490718)	(2, 36.221496017590106)	(3, 36.308100257828876)	(4, 36.30412567625537)	(5, 36.26184695453262)	(6, 36.249124129152996)	(7, 36.18761323828944)	(8, 36.239018115382365)	(9, 36.22797251468133)	(10, 36.22028477982158)	(12, 36.190899761486364)	(14, 36.20089912446004)	(16, 36.19314323477772)	(18, 36.20237671348111)	(20, 36.20142485948969)	(22, 36.18081089738986)	(24, 36.155365892265394)	(26, 36.12781584870926)	(28, 36.09902735656833)	(30, 36.11249241984404)	(32, 36.09879909776842)	(34, 36.094490131176315)	(36, 36.080478000021415)	(38, 36.0521096950726)	(40, 36.05117485624807)	(42, 36.02489448040899)	(44, 35.995776378256764)	(46, 36.00663314423228)	(48, 35.99260284114818)	(50, 35.98214292535725)	(52, 35.9520356031001)	(54, 35.94306714402751)	(56, 35.92166348987448)	(58, 35.900659806474195)	(60, 35.87056424015053)	(62, 35.88364789467372)	(64, 35.83487290329429)	(66, 35.85289243579122)	(68, 35.824340071124205)	(70, 35.77940289434848)	(72, 35.7877076408564)	(74, 35.756266894446625)	(76, 35.78654633217835)	(78, 35.74007512714029)	(80, 35.70888878773944)	(82, 35.72083913799362)	(84, 35.68708067029158)	(86, 35.662656064052136)	(88, 35.62090541778517)	(90, 35.650361267637194)	(92, 35.62490022924877)	(94, 35.58168062932606)	(96, 35.61018771885338)	(98, 35.58817017362034)	(100, 35.375011345686374)
SRR19077133_1	(1, 36.514620156634784)	(2, 36.44665529177189)	(3, 36.49317125203423)	(4, 36.53694850560312)	(5, 36.55705304074009)	(6, 36.52763107960017)	(7, 36.5434172140561)	(8, 36.58222940636629)	(9, 36.59032018357532)	(10, 36.57213731936514)	(12, 36.55444304996119)	(14, 36.549175801992135)	(16, 36.52594473319739)	(18, 36.537585762545056)	(20, 36.54452255010831)	(22, 36.536858032114)	(24, 36.51705004734672)	(26, 36.492126952002764)	(28, 36.4720250452112)	(30, 36.46195088936638)	(32, 36.462480033701226)	(34, 36.44306123387675)	(36, 36.4309632812848)	(38, 36.430033036841365)	(40, 36.43706767186276)	(42, 36.39888181425921)	(44, 36.40060549776847)	(46, 36.400464633057425)	(48, 36.39520652588957)	(50, 36.374026019159174)	(52, 36.382049364707015)	(54, 36.35586770077456)	(56, 36.37570101987102)	(58, 36.35625507507942)	(60, 36.36816324653223)	(62, 36.312323055772765)	(64, 36.30576054459316)	(66, 36.2994173396326)	(68, 36.29923669929465)	(70, 36.29264653208078)	(72, 36.29372990684706)	(74, 36.27173303603826)	(76, 36.24731995651548)	(78, 36.18300831652287)	(80, 36.17990802251324)	(82, 36.16423354893067)	(84, 36.192172028126215)	(86, 36.17575728106431)	(88, 36.155037654698205)	(90, 36.132188601304094)	(92, 36.12109848775228)	(94, 36.13854599932977)	(96, 36.13397187524413)	(98, 36.094480109631206)	(100, 35.977449234603924)
SRR19077133_2	(1, 36.32414206790914)	(2, 36.22963333851701)	(3, 36.36074796869057)	(4, 36.350017427390135)	(5, 36.310059889770116)	(6, 36.2958352553109)	(7, 36.239722154688344)	(8, 36.320657670424474)	(9, 36.29194685193581)	(10, 36.28543695146979)	(12, 36.243307626655216)	(14, 36.26932427430289)	(16, 36.23572261610899)	(18, 36.2565437988206)	(20, 36.26220077200345)	(22, 36.22944345516444)	(24, 36.22799977805083)	(26, 36.20244672672436)	(28, 36.15100438568632)	(30, 36.18427544183581)	(32, 36.169643121802636)	(34, 36.167379926596155)	(36, 36.15801317531137)	(38, 36.125414990183856)	(40, 36.12653536621247)	(42, 36.10290927170739)	(44, 36.078735999497695)	(46, 36.09457778186631)	(48, 36.08301038999535)	(50, 36.08842719081714)	(52, 36.05004774097364)	(54, 36.04091443056532)	(56, 36.01534620784517)	(58, 36.00576720306815)	(60, 35.97269081970062)	(62, 35.96556096556648)	(64, 35.911427534692336)	(66, 35.940954454424855)	(68, 35.92390300529392)	(70, 35.85791094727758)	(72, 35.87920226797003)	(74, 35.85677474276895)	(76, 35.8697516140596)	(78, 35.807613090036156)	(80, 35.78117844785983)	(82, 35.78641306054028)	(84, 35.7381959767333)	(86, 35.71857771469749)	(88, 35.66061367484301)	(90, 35.702203049902785)	(92, 35.66219173341569)	(94, 35.65167490579937)	(96, 35.67712902912572)	(98, 35.66415934197913)	(100, 35.399334444539356)
SRR19077134_1	(1, 36.49328496897478)	(2, 36.46179783110107)	(3, 36.507787043938066)	(4, 36.52937674659281)	(5, 36.54036054232763)	(6, 36.51991062148936)	(7, 36.524529726440015)	(8, 36.566338053635924)	(9, 36.566835574411286)	(10, 36.55701778602961)	(12, 36.52989659729542)	(14, 36.5260326378568)	(16, 36.498923694566585)	(18, 36.50817922155433)	(20, 36.5157388501043)	(22, 36.50700360013113)	(24, 36.4874888607621)	(26, 36.45979387080983)	(28, 36.443549855715446)	(30, 36.432924485448794)	(32, 36.426150005953666)	(34, 36.406643410613405)	(36, 36.396389975494415)	(38, 36.39873907208053)	(40, 36.39875184673937)	(42, 36.36604350146196)	(44, 36.36846692333587)	(46, 36.36732080564143)	(48, 36.35976691025251)	(50, 36.33911854854003)	(52, 36.345898055576384)	(54, 36.318689384684816)	(56, 36.33869439752563)	(58, 36.320879658009595)	(60, 36.32509034138769)	(62, 36.27291419515974)	(64, 36.26826116165603)	(66, 36.26179430300197)	(68, 36.25783477617886)	(70, 36.24470308840975)	(72, 36.251806504344714)	(74, 36.23221668996682)	(76, 36.207663736874366)	(78, 36.13592983786914)	(80, 36.12631720845039)	(82, 36.108559609439425)	(84, 36.13937623207836)	(86, 36.120667913261684)	(88, 36.094422780935915)	(90, 36.082553711633764)	(92, 36.06967764934517)	(94, 36.08725065527091)	(96, 36.06799030654771)	(98, 36.0422167781693)	(100, 35.90757768065705)
SRR19077134_2	(1, 36.26212556210704)	(2, 36.16771483550973)	(3, 36.30086861799948)	(4, 36.29335929426258)	(5, 36.24352083710031)	(6, 36.22975628185396)	(7, 36.16736187859517)	(8, 36.251947613608465)	(9, 36.229161120935885)	(10, 36.22062534086582)	(12, 36.178673993352476)	(14, 36.20464831467116)	(16, 36.17337977193779)	(18, 36.188242448030365)	(20, 36.204855414088584)	(22, 36.17584457547413)	(24, 36.15884581177885)	(26, 36.13780534595217)	(28, 36.088163403910016)	(30, 36.109294365478725)	(32, 36.105841650091946)	(34, 36.0942379673445)	(36, 36.08857207538959)	(38, 36.052249707094276)	(40, 36.0544074190044)	(42, 36.03019682382878)	(44, 36.00454511777236)	(46, 36.01392975848692)	(48, 36.00412615600372)	(50, 36.008987273852526)	(52, 35.96754179694908)	(54, 35.9575155714124)	(56, 35.93111045449267)	(58, 35.92380805376823)	(60, 35.88533110475073)	(62, 35.88777346075651)	(64, 35.821359494188194)	(66, 35.852005209826345)	(68, 35.82452890321689)	(70, 35.76427373344917)	(72, 35.77870927434351)	(74, 35.73326527042145)	(76, 35.76786092821347)	(78, 35.7099228375325)	(80, 35.67000748251019)	(82, 35.68152593226344)	(84, 35.63494899691732)	(86, 35.60510071987922)	(88, 35.555172884206314)	(90, 35.572379658744616)	(92, 35.54261067573388)	(94, 35.528153789839955)	(96, 35.56669109875297)	(98, 35.53811881755759)	(100, 35.29576960336816)
SRR19077135_1	(1, 36.47308024017875)	(2, 36.42822702840012)	(3, 36.4569196718534)	(4, 36.52015783360965)	(5, 36.5262076118463)	(6, 36.519476233375585)	(7, 36.529051022078)	(8, 36.57016526870082)	(9, 36.559569601009144)	(10, 36.52152416717941)	(12, 36.528408977252)	(14, 36.52861940720271)	(16, 36.50835191503607)	(18, 36.52890500146653)	(20, 36.530105581909766)	(22, 36.52503938670259)	(24, 36.494764813123744)	(26, 36.45526408371359)	(28, 36.376546697795234)	(30, 36.416694442817644)	(32, 36.43262005864685)	(34, 36.41798850416811)	(36, 36.416568847618706)	(38, 36.41056755714235)	(40, 36.43650525529597)	(42, 36.39807259721833)	(44, 36.39160924956673)	(46, 36.36975158781975)	(48, 36.39545186314709)	(50, 36.3628512779319)	(52, 36.38006732493132)	(54, 36.31737033116643)	(56, 36.33055469395261)	(58, 36.268935939037554)	(60, 36.32219863659468)	(62, 36.26538483947554)	(64, 36.27264241332696)	(66, 36.269655106365185)	(68, 36.28047244099707)	(70, 36.270202646000726)	(72, 36.22558117830168)	(74, 36.23915642564198)	(76, 36.19888335655443)	(78, 36.09831180350247)	(80, 36.08683638196172)	(82, 35.96901318806828)	(84, 36.11984594238034)	(86, 36.062559077041286)	(88, 36.117261916812296)	(90, 36.067020538445206)	(92, 36.076154629290215)	(94, 36.11536132916294)	(96, 36.0911316986014)	(98, 35.947577726828726)	(100, 35.9258588554587)
SRR19077135_2	(1, 36.344734449151325)	(2, 36.29698860129426)	(3, 36.41561936719541)	(4, 36.41193968996272)	(5, 36.333456428076154)	(6, 36.35530508215595)	(7, 36.28620075999405)	(8, 36.364220051705814)	(9, 36.297483962737296)	(10, 36.29286806051128)	(12, 36.28409391484182)	(14, 36.30334518248269)	(16, 36.24876918813865)	(18, 36.30861117317062)	(20, 36.3054093843142)	(22, 36.24203550503067)	(24, 36.23027227496678)	(26, 36.228265116673086)	(28, 36.17973620429076)	(30, 36.22208814656071)	(32, 36.209708795074185)	(34, 36.167722190529695)	(36, 36.19679794603498)	(38, 36.175436670014264)	(40, 36.18259427081036)	(42, 36.14551884825738)	(44, 36.14053476140106)	(46, 36.14416923460496)	(48, 36.129501724772446)	(50, 36.14025153202645)	(52, 36.11403132752167)	(54, 36.079696254232395)	(56, 36.05316789110688)	(58, 36.072335513972064)	(60, 36.047086013641525)	(62, 36.02152760154081)	(64, 35.95867930005545)	(66, 36.011241448138854)	(68, 35.97310611839316)	(70, 35.89213393864857)	(72, 35.903650527337156)	(74, 35.78515427392418)	(76, 35.91630063604373)	(78, 35.870730049433114)	(80, 35.784452700167236)	(82, 35.78397951144341)	(84, 35.77065473147752)	(86, 35.78922326916018)	(88, 35.73026198694557)	(90, 35.77345936957657)	(92, 35.7768906280013)	(94, 35.735434481663276)	(96, 35.76261196921945)	(98, 35.72911149093943)	(100, 35.406034486290636)
SRR19077136_1	(1, 36.44787615105887)	(2, 36.44308329400859)	(3, 36.47048420898556)	(4, 36.510523028038605)	(5, 36.50806705968544)	(6, 36.511694674272924)	(7, 36.507925841276425)	(8, 36.555167317589714)	(9, 36.53521844103232)	(10, 36.505371071877)	(12, 36.50332814678664)	(14, 36.5041851848746)	(16, 36.48082831259858)	(18, 36.4979718188312)	(20, 36.50015272995067)	(22, 36.49505901761571)	(24, 36.46226525793858)	(26, 36.42045396641222)	(28, 36.3440489065179)	(30, 36.38544343449513)	(32, 36.39339920577986)	(34, 36.38035566851944)	(36, 36.37964638983569)	(38, 36.37960667120521)	(40, 36.3971609946277)	(42, 36.36397797712481)	(44, 36.35818248766702)	(46, 36.335688020449375)	(48, 36.3595902501054)	(50, 36.326006173540684)	(52, 36.344154492512544)	(54, 36.27987977681332)	(56, 36.29352162454535)	(58, 36.23098138560844)	(60, 36.27574855133728)	(62, 36.226281581457116)	(64, 36.233120367271546)	(66, 36.230449094971746)	(68, 36.23854988118717)	(70, 36.22042699433648)	(72, 36.18101162818178)	(74, 36.196386824392576)	(76, 36.15719889885624)	(78, 36.049261134367136)	(80, 36.0300749165032)	(82, 35.90880739666105)	(84, 36.06794753786421)	(86, 36.00599263413805)	(88, 36.05473817341566)	(90, 36.0174927404864)	(92, 36.026404930294184)	(94, 36.06420573793175)	(96, 36.02639813009871)	(98, 35.89571964288301)	(100, 35.854878156811594)
SRR19077136_2	(1, 36.2877908589211)	(2, 36.24454603739955)	(3, 36.36315214979946)	(4, 36.36287526291675)	(5, 36.2732790893227)	(6, 36.30135923099852)	(7, 36.21483970368834)	(8, 36.30324642246443)	(9, 36.237079270305486)	(10, 36.22987659779817)	(12, 36.2225224760945)	(14, 36.24332021830762)	(16, 36.18974957441602)	(18, 36.24363443003003)	(20, 36.251858580329596)	(22, 36.19190621219202)	(24, 36.163663704414105)	(26, 36.166805562437915)	(28, 36.11900607367234)	(30, 36.14852300821741)	(32, 36.149499217443875)	(34, 36.09560943702462)	(36, 36.12971034369194)	(38, 36.10542510751094)	(40, 36.11225514150429)	(42, 36.07550673272716)	(44, 36.069558681036526)	(46, 36.06777797514269)	(48, 36.05530967952936)	(50, 36.063516249951405)	(52, 36.0345217869267)	(54, 35.997081801319936)	(56, 35.970009704763264)	(58, 35.994183454331576)	(60, 35.96514180160963)	(62, 35.94950427947279)	(64, 35.87051037296632)	(66, 35.9281974374241)	(68, 35.88006391573856)	(70, 35.79998883914107)	(72, 35.80846560297989)	(74, 35.66580841897743)	(76, 35.82128186733978)	(78, 35.782397282361345)	(80, 35.678966187324036)	(82, 35.68608077747885)	(84, 35.67514517883676)	(86, 35.68410820239272)	(88, 35.634206416426586)	(90, 35.65841160546364)	(92, 35.66831872790603)	(94, 35.623887653452286)	(96, 35.6620901147876)	(98, 35.61582542708963)	(100, 35.31192255705646)
SRR19077137_1	(1, 36.550153794048775)	(2, 36.465039166609294)	(3, 36.50559452295023)	(4, 36.55057317798291)	(5, 36.56761483762087)	(6, 36.5371880764014)	(7, 36.55309054201132)	(8, 36.59050682700706)	(9, 36.59954057555877)	(10, 36.586006797152066)	(12, 36.568629282330335)	(14, 36.56428788096805)	(16, 36.54239081362115)	(18, 36.54585385796784)	(20, 36.55773848736176)	(22, 36.545807579994815)	(24, 36.520066014903136)	(26, 36.503685474992004)	(28, 36.47949195160248)	(30, 36.480619453780704)	(32, 36.47734614368533)	(34, 36.45770666377796)	(36, 36.440167189645834)	(38, 36.44392182328906)	(40, 36.44997879968533)	(42, 36.42009224271323)	(44, 36.418666040962364)	(46, 36.420259884806455)	(48, 36.40787805270121)	(50, 36.39364546874475)	(52, 36.400209259640526)	(54, 36.371621055400986)	(56, 36.389114183584226)	(58, 36.362439024284136)	(60, 36.39116811531405)	(62, 36.33548724397432)	(64, 36.329981864581406)	(66, 36.32241881478576)	(68, 36.32002829373276)	(70, 36.31809709923574)	(72, 36.31138041701076)	(74, 36.30876198645725)	(76, 36.27883053821989)	(78, 36.21213609389328)	(80, 36.21989687190268)	(82, 36.17064010104369)	(84, 36.22643818997548)	(86, 36.18848667656613)	(88, 36.20468387195782)	(90, 36.168859445910726)	(92, 36.15510606465495)	(94, 36.18118166317706)	(96, 36.158808384067804)	(98, 36.08677908461843)	(100, 36.01601152609746)
SRR19077137_2	(1, 36.32602029879148)	(2, 36.27220108263266)	(3, 36.37480410713476)	(4, 36.36199342885411)	(5, 36.32480687511223)	(6, 36.307531895094414)	(7, 36.255257226678)	(8, 36.34138686982425)	(9, 36.287597889332886)	(10, 36.28874562113033)	(12, 36.24971386236833)	(14, 36.265093743076655)	(16, 36.2420886962217)	(18, 36.26178713839963)	(20, 36.26664730441955)	(22, 36.232987692343166)	(24, 36.22480173885541)	(26, 36.198818166067554)	(28, 36.16102011498472)	(30, 36.1825804570567)	(32, 36.16344659527351)	(34, 36.153302691985886)	(36, 36.14382563199342)	(38, 36.10880400098364)	(40, 36.110565758824436)	(42, 36.080603694254755)	(44, 36.05207884352705)	(46, 36.07315023515845)	(48, 36.05945729804722)	(50, 36.06205348689572)	(52, 36.02840355458338)	(54, 36.023199009205456)	(56, 36.00538241104215)	(58, 35.99482339270509)	(60, 35.96309957029461)	(62, 35.95162355745685)	(64, 35.91372913018402)	(66, 35.93989532694708)	(68, 35.915956019720184)	(70, 35.85909387728822)	(72, 35.87220239864553)	(74, 35.842801964317786)	(76, 35.87491142744)	(78, 35.81433977374802)	(80, 35.78771456311799)	(82, 35.788534379313404)	(84, 35.760115652515616)	(86, 35.741190762155256)	(88, 35.687496580813686)	(90, 35.73569052173819)	(92, 35.69056798897681)	(94, 35.66616818600896)	(96, 35.69264920622128)	(98, 35.67933701555908)	(100, 35.397454129610296)
SRR19077138_1	(1, 36.530573703648486)	(2, 36.482073769854274)	(3, 36.52063528334947)	(4, 36.54530783866484)	(5, 36.55223585150067)	(6, 36.52875260137508)	(7, 36.53460962614488)	(8, 36.57566266926539)	(9, 36.57744604091684)	(10, 36.57169956359792)	(12, 36.546219125875815)	(14, 36.54288994372876)	(16, 36.51742030176264)	(18, 36.51832490978114)	(20, 36.530516071759166)	(22, 36.51692345162892)	(24, 36.49192639660756)	(26, 36.472082842923854)	(28, 36.45269355611412)	(30, 36.45342265131172)	(32, 36.441967400033825)	(34, 36.42433760335471)	(36, 36.40782599891208)	(38, 36.41648510849503)	(40, 36.41502082504057)	(42, 36.38905037994927)	(44, 36.38969171873643)	(46, 36.389064637980546)	(48, 36.37564927543984)	(50, 36.35997727275267)	(52, 36.366590681992164)	(54, 36.337313409602075)	(56, 36.355950373981614)	(58, 36.32862397103291)	(60, 36.35036808211841)	(62, 36.29909069473716)	(64, 36.29424284142553)	(66, 36.28679475122339)	(68, 36.28220602331758)	(70, 36.27350738382001)	(72, 36.27150051820992)	(74, 36.27071050605079)	(76, 36.24315275768454)	(78, 36.16830894378494)	(80, 36.16860378242397)	(82, 36.116304778476945)	(84, 36.17803150348813)	(86, 36.13787521692723)	(88, 36.14660090033879)	(90, 36.122897345909735)	(92, 36.10805900185984)	(94, 36.1330438843937)	(96, 36.096043966097945)	(98, 36.039652525507634)	(100, 35.94692415144472)
SRR19077138_2	(1, 36.26522694355709)	(2, 36.21365632599541)	(3, 36.31549828098032)	(4, 36.30866339517093)	(5, 36.26271657588281)	(6, 36.243686111649765)	(7, 36.183380500700075)	(8, 36.27522844814742)	(9, 36.22195357328755)	(10, 36.22575444273302)	(12, 36.186336765811234)	(14, 36.20345362777068)	(16, 36.18018359382593)	(18, 36.19503367417116)	(20, 36.20978378472543)	(22, 36.18091176211519)	(24, 36.15795810379743)	(26, 36.135309234752384)	(28, 36.09969188203586)	(30, 36.10989914664729)	(32, 36.1007255484101)	(34, 36.08214978724318)	(36, 36.0754847437566)	(38, 36.03625073099673)	(40, 36.04113083526628)	(42, 36.00985435789092)	(44, 35.98060913199369)	(46, 35.995325628489525)	(48, 35.98470295899949)	(50, 35.98237501506567)	(52, 35.947082748188365)	(54, 35.94037223166896)	(56, 35.92080587810375)	(58, 35.913453313984945)	(60, 35.87768223079358)	(62, 35.87627774655823)	(64, 35.823322573290575)	(66, 35.85514936160142)	(68, 35.81829265064462)	(70, 35.764888881001085)	(72, 35.77341322083719)	(74, 35.71890896563272)	(76, 35.77494005697378)	(78, 35.719326674151176)	(80, 35.67641697909612)	(82, 35.686028909562395)	(84, 35.65817340552205)	(86, 35.628805432424414)	(88, 35.58216078746425)	(90, 35.60696766270328)	(92, 35.572554800116166)	(94, 35.54518886725285)	(96, 35.58192494381504)	(98, 35.55497789173661)	(100, 35.29532581114499)
SRR19077139_1	(1, 36.49200479471621)	(2, 36.446343349213016)	(3, 36.49374811596127)	(4, 36.53493083996257)	(5, 36.55449358316734)	(6, 36.5247383185526)	(7, 36.539136116930905)	(8, 36.58173917407786)	(9, 36.58738166383078)	(10, 36.56906849136781)	(12, 36.555016065568495)	(14, 36.55088875511876)	(16, 36.52411040160143)	(18, 36.52852576126399)	(20, 36.54380486777892)	(22, 36.528444621036236)	(24, 36.50190975841698)	(26, 36.48219741555034)	(28, 36.4557260973289)	(30, 36.46002057518451)	(32, 36.454705791965836)	(34, 36.433674520173795)	(36, 36.41471363018486)	(38, 36.425964667854345)	(40, 36.42237275932975)	(42, 36.38690223433899)	(44, 36.38201351455231)	(46, 36.3775791688067)	(48, 36.3669203930108)	(50, 36.352409633055466)	(52, 36.35365303893745)	(54, 36.3280810459714)	(56, 36.34071888219604)	(58, 36.308256471761695)	(60, 36.34023534092532)	(62, 36.26959636907451)	(64, 36.26489252486735)	(66, 36.257067169194954)	(68, 36.24648751144045)	(70, 36.242750258271116)	(72, 36.218157087761796)	(74, 36.22189549245391)	(76, 36.18951489630945)	(78, 36.10188349246302)	(80, 36.10782843950659)	(82, 36.08470787004318)	(84, 36.112342563312765)	(86, 36.06521688636832)	(88, 36.072846918498335)	(90, 36.029080809291344)	(92, 36.01592655722463)	(94, 36.024199588445754)	(96, 35.998347143508695)	(98, 35.93619327967368)	(100, 35.85065488084028)
SRR19077139_2	(1, 36.36847937230886)	(2, 36.33621561359861)	(3, 36.43358419584965)	(4, 36.41485125120113)	(5, 36.37356371054009)	(6, 36.3684970383536)	(7, 36.30985520668191)	(8, 36.368381212012565)	(9, 36.331475749196876)	(10, 36.30567228610724)	(12, 36.28150866168421)	(14, 36.29557284144174)	(16, 36.27050183110379)	(18, 36.29731772145546)	(20, 36.296132593860975)	(22, 36.255697137935044)	(24, 36.25071583290753)	(26, 36.23723994086565)	(28, 36.19625077099366)	(30, 36.22675653356477)	(32, 36.205511584080526)	(34, 36.19668986629332)	(36, 36.18670579859412)	(38, 36.15403440081649)	(40, 36.15417645940839)	(42, 36.11270446445666)	(44, 36.082383184262156)	(46, 36.10770220733156)	(48, 36.092035627441035)	(50, 36.090493654168554)	(52, 36.05808092772967)	(54, 36.04949195797549)	(56, 36.02353251971976)	(58, 36.01577226721384)	(60, 35.98437993039578)	(62, 35.96792056919378)	(64, 35.927329896421654)	(66, 35.94881947428379)	(68, 35.91930872570325)	(70, 35.850183093527775)	(72, 35.86881269602745)	(74, 35.8294378487622)	(76, 35.8621641264308)	(78, 35.8028153861532)	(80, 35.7738441259994)	(82, 35.765867218693586)	(84, 35.73482157449284)	(86, 35.714187774664516)	(88, 35.659973772804605)	(90, 35.69996273279051)	(92, 35.6573617399588)	(94, 35.63350079751379)	(96, 35.64315458881691)	(98, 35.6226969860183)	(100, 35.36310928791038)
SRR19077140_1	(1, 36.47059748686743)	(2, 36.46096882081449)	(3, 36.50621529029093)	(4, 36.526628144566736)	(5, 36.537044856122336)	(6, 36.516281002059046)	(7, 36.52059017085116)	(8, 36.565706965875535)	(9, 36.563520836000265)	(10, 36.55371909229574)	(12, 36.530288870684515)	(14, 36.5272321559969)	(16, 36.49712467181787)	(18, 36.49911296647349)	(20, 36.51487866467987)	(22, 36.49888496588934)	(24, 36.47260286396336)	(26, 36.44841715629053)	(28, 36.427485463378446)	(30, 36.430457329176654)	(32, 36.41676980207606)	(34, 36.398186303938715)	(36, 36.3798861518022)	(38, 36.394725638123504)	(40, 36.38543101616297)	(42, 36.353542085542045)	(44, 36.34841318494002)	(46, 36.344547018888846)	(48, 36.331781887233646)	(50, 36.31668836122503)	(52, 36.31806530731001)	(54, 36.29054484816555)	(56, 36.30199404043933)	(58, 36.27151330564372)	(60, 36.2964594142765)	(62, 36.229233237837846)	(64, 36.22473752823426)	(66, 36.21756814210788)	(68, 36.20473590589533)	(70, 36.193947591411124)	(72, 36.17482873550932)	(74, 36.17929373051908)	(76, 36.14779299236895)	(78, 36.054536472277505)	(80, 36.052739562917665)	(82, 36.0266087525467)	(84, 36.060525789907956)	(86, 36.01041740161296)	(88, 36.00998545387255)	(90, 35.97851399387032)	(92, 35.96339080947812)	(94, 35.9720605070457)	(96, 35.93047289067421)	(98, 35.88394402705363)	(100, 35.77709998184727)
SRR19077140_2	(1, 36.31406718539264)	(2, 36.2828990971374)	(3, 36.380134178132536)	(4, 36.364916667124355)	(5, 36.316217939266224)	(6, 36.31023331120925)	(7, 36.244297288539315)	(8, 36.30475845246329)	(9, 36.27320815692862)	(10, 36.24190207128461)	(12, 36.221874466173745)	(14, 36.2342931749525)	(16, 36.21085240532166)	(18, 36.23227247576666)	(20, 36.241967964720885)	(22, 36.20523991533982)	(24, 36.18483182105151)	(26, 36.17555416886887)	(28, 36.13653134078567)	(30, 36.15499409296819)	(32, 36.14489314602642)	(34, 36.127745558671144)	(36, 36.120338342163954)	(38, 36.083032968264824)	(40, 36.0860977805643)	(42, 36.04396080812195)	(44, 36.01276262491622)	(46, 36.03230085261515)	(48, 36.01879020552302)	(50, 36.016172184238556)	(52, 35.97907853120306)	(54, 35.968124870526225)	(56, 35.94230413531659)	(58, 35.9364169320923)	(60, 35.90193147054462)	(62, 35.89557004300465)	(64, 35.839227310385965)	(66, 35.86638746101)	(68, 35.82598606731946)	(70, 35.76103992488796)	(72, 35.77281326104349)	(74, 35.71173676311556)	(76, 35.76534751640611)	(78, 35.71047584524633)	(80, 35.667554164925676)	(82, 35.66685013742703)	(84, 35.63881634602236)	(86, 35.606807852402085)	(88, 35.56045740381551)	(90, 35.57779001103951)	(92, 35.545923979056624)	(94, 35.517925873475306)	(96, 35.5388991388225)	(98, 35.50543206110697)	(100, 35.26661934844784)
SRR19077141_1	(1, 36.503099132651705)	(2, 36.43500655666601)	(3, 36.48337832303961)	(4, 36.528801839062034)	(5, 36.55335682013042)	(6, 36.52203929775128)	(7, 36.5343026349251)	(8, 36.577685936684006)	(9, 36.59197851898376)	(10, 36.57708369930177)	(12, 36.559583414818086)	(14, 36.55418437810327)	(16, 36.52920413898197)	(18, 36.534523060198104)	(20, 36.5505204368518)	(22, 36.53553992644831)	(24, 36.51647257374519)	(26, 36.49167297410964)	(28, 36.46849476712079)	(30, 36.46993734469407)	(32, 36.46581877348407)	(34, 36.4455100498264)	(36, 36.42779292090388)	(38, 36.439572720815484)	(40, 36.44062338968698)	(42, 36.40387758333672)	(44, 36.39995157261738)	(46, 36.398710473624924)	(48, 36.387842154654095)	(50, 36.37512270306202)	(52, 36.38067235011529)	(54, 36.357722477963534)	(56, 36.37516271548435)	(58, 36.37004359574948)	(60, 36.37858291071369)	(62, 36.32400609131621)	(64, 36.307658552141376)	(66, 36.31247551066378)	(68, 36.30665692709991)	(70, 36.300919138939925)	(72, 36.299577595282656)	(74, 36.294626457464666)	(76, 36.26851334893051)	(78, 36.19484973154056)	(80, 36.20540765111397)	(82, 36.20082836479372)	(84, 36.21844736072917)	(86, 36.18809378531046)	(88, 36.19236314816696)	(90, 36.16704776109816)	(92, 36.15635573021969)	(94, 36.17170786548583)	(96, 36.15028736080895)	(98, 36.08802235446782)	(100, 35.996352217829305)
SRR19077141_2	(1, 36.256655201273816)	(2, 36.155777912766666)	(3, 36.29572053828459)	(4, 36.28955289137968)	(5, 36.2537909645446)	(6, 36.22669372719669)	(7, 36.13655123560649)	(8, 36.24257622253135)	(9, 36.20803137137087)	(10, 36.191199796336655)	(12, 36.139612350224525)	(14, 36.15893689974143)	(16, 36.15190884410967)	(18, 36.18109631408195)	(20, 36.182759883515914)	(22, 36.15050839799666)	(24, 36.14206300060713)	(26, 36.12135243029968)	(28, 36.08048846068257)	(30, 36.097251115990765)	(32, 36.0874460781333)	(34, 36.080224895423214)	(36, 36.06314438442367)	(38, 36.04002453596639)	(40, 36.035485704006845)	(42, 35.997892101171615)	(44, 35.962479373658624)	(46, 35.99558787971036)	(48, 35.9756287633179)	(50, 35.97570627251322)	(52, 35.9403173643465)	(54, 35.93471207838256)	(56, 35.90860319659254)	(58, 35.89925164418647)	(60, 35.869647199673224)	(62, 35.85587928890163)	(64, 35.815324687492335)	(66, 35.84814058499997)	(68, 35.82097945922469)	(70, 35.76273329332922)	(72, 35.78939684179945)	(74, 35.769794970274205)	(76, 35.79409750253361)	(78, 35.73576036531942)	(80, 35.71276379501066)	(82, 35.73018022451694)	(84, 35.69217059900806)	(86, 35.67554603245047)	(88, 35.61799305259246)	(90, 35.67908949449659)	(92, 35.62460286452682)	(94, 35.60855531086774)	(96, 35.63390860265267)	(98, 35.64515000828238)	(100, 35.37868459053966)
SRR19077142_1	(1, 36.48274345827977)	(2, 36.452609683934675)	(3, 36.49760259116609)	(4, 36.5228250338666)	(5, 36.53561165830589)	(6, 36.515215752346506)	(7, 36.51612316617758)	(8, 36.562286992595006)	(9, 36.5678064951406)	(10, 36.56225344487761)	(12, 36.534960175631106)	(14, 36.53103882899954)	(16, 36.50249970002335)	(18, 36.50530969385676)	(20, 36.52162736229492)	(22, 36.505152159555294)	(24, 36.48699020196697)	(26, 36.45848333388456)	(28, 36.44077591851833)	(30, 36.43947302089632)	(32, 36.42947356610317)	(34, 36.40949253659235)	(36, 36.393077758122985)	(38, 36.408666869924595)	(40, 36.40259486853121)	(42, 36.3698530752206)	(44, 36.368269029214616)	(46, 36.365598373545254)	(48, 36.35291575606023)	(50, 36.33979574271339)	(52, 36.34421957139066)	(54, 36.32077995508082)	(56, 36.33756042850324)	(58, 36.33358154731057)	(60, 36.33475411453385)	(62, 36.28508768969219)	(64, 36.26782315612004)	(66, 36.275191113060664)	(68, 36.263870903145865)	(70, 36.2518570840148)	(72, 36.25626405981788)	(74, 36.25179401836974)	(76, 36.22728276018699)	(78, 36.14683192491994)	(80, 36.14987266654573)	(82, 36.14245877903241)	(84, 36.16562338759026)	(86, 36.13145082702686)	(88, 36.12854442301369)	(90, 36.115480781571506)	(92, 36.102222050896586)	(94, 36.116901750904134)	(96, 36.0806714916532)	(98, 36.03466075209422)	(100, 35.92052158573242)
SRR19077142_2	(1, 36.1841202128045)	(2, 36.084660057886744)	(3, 36.225590383950916)	(4, 36.22459264413243)	(5, 36.17955426913329)	(6, 36.14955030594231)	(7, 36.041720356748144)	(8, 36.16185685486989)	(9, 36.127250510581135)	(10, 36.10880980893717)	(12, 36.056503002644874)	(14, 36.07664709754111)	(16, 36.07340819636657)	(18, 36.097316081017055)	(20, 36.109313024698096)	(22, 36.08016897574372)	(24, 36.05693289203561)	(26, 36.037252234247504)	(28, 35.998479245397604)	(30, 36.00545939433728)	(32, 36.0069059308233)	(34, 35.988428091901326)	(36, 35.97547585100524)	(38, 35.94824548937281)	(40, 35.94630462072398)	(42, 35.909027428871106)	(44, 35.870691418229754)	(46, 35.89591771011318)	(48, 35.87914543172537)	(50, 35.874475943904876)	(52, 35.83785717680155)	(54, 35.83007697349922)	(56, 35.80285525841845)	(58, 35.79457050737987)	(60, 35.76094160721786)	(62, 35.7596328398741)	(64, 35.70060542793489)	(66, 35.737797429806875)	(68, 35.69965719696179)	(70, 35.64552059521688)	(72, 35.66501678571102)	(74, 35.62052829076073)	(76, 35.668037434827745)	(78, 35.61670678583857)	(80, 35.57485519565758)	(82, 35.60049944559349)	(84, 35.565395461779474)	(86, 35.53788032833869)	(88, 35.487100191522245)	(90, 35.52248845047586)	(92, 35.47974915518336)	(94, 35.45872442141758)	(96, 35.497366673503386)	(98, 35.4928099182043)	(100, 35.25228680408664)
SRR19077143_1	(1, 36.52368700726254)	(2, 36.448275672857335)	(3, 36.490539371816915)	(4, 36.541707546604506)	(5, 36.55709054074934)	(6, 36.527642797007374)	(7, 36.54320424938603)	(8, 36.58373736494812)	(9, 36.587507969550295)	(10, 36.56760899256849)	(12, 36.56123004627792)	(14, 36.55540745897102)	(16, 36.52981811402731)	(18, 36.53750740706133)	(20, 36.54829201947543)	(22, 36.538989898386944)	(24, 36.51227518521384)	(26, 36.48899808317536)	(28, 36.47052204256504)	(30, 36.469118506323184)	(32, 36.464301855915124)	(34, 36.44544288659235)	(36, 36.42796179712699)	(38, 36.44058718337898)	(40, 36.44440454344148)	(42, 36.41159023436504)	(44, 36.41299776542649)	(46, 36.4176831837151)	(48, 36.40950755583392)	(50, 36.39613333605777)	(52, 36.40122207041398)	(54, 36.37892563918835)	(56, 36.40055658857101)	(58, 36.38603913867098)	(60, 36.399579568196735)	(62, 36.347295679327104)	(64, 36.33088925372867)	(66, 36.333111004786666)	(68, 36.32855159550569)	(70, 36.32524191043293)	(72, 36.32216510727124)	(74, 36.31498477491603)	(76, 36.28743676303901)	(78, 36.21716249112358)	(80, 36.2300081779008)	(82, 36.211870445704776)	(84, 36.22953084287709)	(86, 36.2051538453238)	(88, 36.20136498852867)	(90, 36.175378423061034)	(92, 36.15920152739861)	(94, 36.1877060115836)	(96, 36.17142341391313)	(98, 36.10310744159126)	(100, 36.02481717386718)
SRR19077143_2	(1, 36.3266090341238)	(2, 36.25477822896791)	(3, 36.37137587785587)	(4, 36.36027335586197)	(5, 36.31700183738742)	(6, 36.310246207159864)	(7, 36.24730702094135)	(8, 36.324604943336695)	(9, 36.28571092061995)	(10, 36.276536438609156)	(12, 36.25230447137402)	(14, 36.26411614272159)	(16, 36.238528462286034)	(18, 36.2666706232217)	(20, 36.2626215636229)	(22, 36.226601136319545)	(24, 36.218137881427786)	(26, 36.20306421029649)	(28, 36.160321029671636)	(30, 36.198073337540905)	(32, 36.17846031158216)	(34, 36.16950383422325)	(36, 36.160011787013666)	(38, 36.131264904522666)	(40, 36.13109731724906)	(42, 36.09359353766759)	(44, 36.07182762537133)	(46, 36.09342685726395)	(48, 36.07207474169704)	(50, 36.080541945490914)	(52, 36.05095504886651)	(54, 36.042814283821826)	(56, 36.022284205700146)	(58, 36.018234239231376)	(60, 35.986155837912264)	(62, 35.9750545442106)	(64, 35.93051353405848)	(66, 35.95798636756335)	(68, 35.93351676595936)	(70, 35.86703849100511)	(72, 35.884759510712655)	(74, 35.85231803998539)	(76, 35.88502551059649)	(78, 35.82099299506089)	(80, 35.80361951317843)	(82, 35.8017552869945)	(84, 35.77043206728929)	(86, 35.758191733432575)	(88, 35.70652334524356)	(90, 35.75541275095904)	(92, 35.70984899811532)	(94, 35.70043991228846)	(96, 35.71393201368065)	(98, 35.70703719613255)	(100, 35.43846928615099)
SRR19077144_1	(1, 36.50011947568879)	(2, 36.463761912214764)	(3, 36.503552122218316)	(4, 36.53338776050993)	(5, 36.54056387157477)	(6, 36.51845789860006)	(7, 36.52383172400334)	(8, 36.568297646112164)	(9, 36.563348505916196)	(10, 36.55175614123047)	(12, 36.53635380154392)	(14, 36.53171051314722)	(16, 36.50306314012022)	(18, 36.50794564368837)	(20, 36.51986206195105)	(22, 36.50949638468194)	(24, 36.482456365108895)	(26, 36.45595763910717)	(28, 36.44144052286424)	(30, 36.43948624605092)	(32, 36.42744616580528)	(34, 36.4095865173159)	(36, 36.39285684711307)	(38, 36.41019567473003)	(40, 36.407279593962954)	(42, 36.37747970547666)	(44, 36.380405053437414)	(46, 36.384578054693556)	(48, 36.37504795027224)	(50, 36.36154305702193)	(52, 36.36535302055347)	(54, 36.34279622383879)	(56, 36.364851181371066)	(58, 36.35013111588046)	(60, 36.35711184743502)	(62, 36.308737440515344)	(64, 36.29422599010617)	(66, 36.29563876690079)	(68, 36.28766814307896)	(70, 36.27852213401541)	(72, 36.28090007526842)	(74, 36.27495214262908)	(76, 36.248203867617406)	(78, 36.17069042175664)	(80, 36.176955893411034)	(82, 36.155160509056124)	(84, 36.17947498732815)	(86, 36.15183715347778)	(88, 36.1412940346822)	(90, 36.12724586367183)	(92, 36.11003015898077)	(94, 36.13815382087198)	(96, 36.107251813026664)	(98, 36.05449859974768)	(100, 35.95441923907944)
SRR19077144_2	(1, 36.26366576737421)	(2, 36.195073624068904)	(3, 36.31286825768937)	(4, 36.30621918385706)	(5, 36.25259546224521)	(6, 36.24675515750869)	(7, 36.17645145069774)	(8, 36.257850328078156)	(9, 36.22418674239401)	(10, 36.211324508380535)	(12, 36.18928110043245)	(14, 36.201295110961226)	(16, 36.177177067375)	(18, 36.19868413648897)	(20, 36.2063031918853)	(22, 36.173818650149286)	(24, 36.15037299422317)	(26, 36.13820718752072)	(28, 36.097674730356204)	(30, 36.12463422398022)	(32, 36.11560824113183)	(34, 36.097288398485105)	(36, 36.091223089038714)	(38, 36.05950322841272)	(40, 36.06044716319847)	(42, 36.02215269889926)	(44, 35.998863874169125)	(46, 36.014841318920766)	(48, 35.994456635417336)	(50, 36.00016265759993)	(52, 35.96905757434463)	(54, 35.959203771894636)	(56, 35.937396574161646)	(58, 35.935935844227465)	(60, 35.90071470478609)	(62, 35.89848908729451)	(64, 35.838905688481034)	(66, 35.87164897760489)	(68, 35.834010545745265)	(70, 35.771622673914315)	(72, 35.78421211064855)	(74, 35.72755237380886)	(76, 35.78326525119153)	(78, 35.72517536156908)	(80, 35.69316133635961)	(82, 35.699175767995165)	(84, 35.66905493411197)	(86, 35.64519610815485)	(88, 35.601470552241935)	(90, 35.62659230860085)	(92, 35.589704221227365)	(94, 35.577342312448806)	(96, 35.60219761405088)	(98, 35.580749726520295)	(100, 35.33626576549784)
SRR19077145_1	(1, 36.50969279011977)	(2, 36.43769250769249)	(3, 36.484597153266)	(4, 36.531803384335014)	(5, 36.5491120609554)	(6, 36.52443793317917)	(7, 36.54074123006576)	(8, 36.577684856346245)	(9, 36.58654419320437)	(10, 36.57195214528905)	(12, 36.558383612031776)	(14, 36.55300089364245)	(16, 36.52763385826738)	(18, 36.529321770604184)	(20, 36.54856031014927)	(22, 36.54057306985922)	(24, 36.517860413214194)	(26, 36.49031360542561)	(28, 36.47188465665174)	(30, 36.4723861526835)	(32, 36.47418602970143)	(34, 36.451621380188826)	(36, 36.43507465463273)	(38, 36.44396460483474)	(40, 36.441105355467684)	(42, 36.407246712881545)	(44, 36.40317294944674)	(46, 36.4064466585791)	(48, 36.393631037348655)	(50, 36.38309908061335)	(52, 36.38275988931102)	(54, 36.368395366475696)	(56, 36.38121041921322)	(58, 36.37012216372841)	(60, 36.38896234607024)	(62, 36.33214160635691)	(64, 36.315145842453504)	(66, 36.333213158666915)	(68, 36.319323583243865)	(70, 36.31767188390624)	(72, 36.308419235219546)	(74, 36.304598053190304)	(76, 36.276082192365664)	(78, 36.208189854010165)	(80, 36.2147082649235)	(82, 36.21150178007925)	(84, 36.23303455808785)	(86, 36.196967633168114)	(88, 36.19826929720091)	(90, 36.173028993110634)	(92, 36.11732677743505)	(94, 36.17261926604891)	(96, 36.15384382083866)	(98, 36.110396735008706)	(100, 36.01025286934723)
SRR19077145_2	(1, 36.31069232574633)	(2, 36.23583374617763)	(3, 36.33989424383008)	(4, 36.329874214971674)	(5, 36.28989170977288)	(6, 36.28059508815861)	(7, 36.226450116721544)	(8, 36.289202156282286)	(9, 36.249165018913615)	(10, 36.236663362112054)	(12, 36.192395031405965)	(14, 36.208924361078616)	(16, 36.19703178759444)	(18, 36.22303165507874)	(20, 36.22399918739622)	(22, 36.19545541356908)	(24, 36.18846633315272)	(26, 36.170212963418024)	(28, 36.13526510260431)	(30, 36.158362131526694)	(32, 36.13821515450344)	(34, 36.13768050112196)	(36, 36.1217865049274)	(38, 36.09488185253197)	(40, 36.09710825557748)	(42, 36.06221455792697)	(44, 36.024171551607914)	(46, 36.05886744214597)	(48, 36.04318754038609)	(50, 36.041189145639564)	(52, 36.01064278443059)	(54, 36.00589694866256)	(56, 35.98160385326777)	(58, 35.96921801268689)	(60, 35.94241361401838)	(62, 35.93422725908215)	(64, 35.89373647857349)	(66, 35.92215137505505)	(68, 35.89082050782506)	(70, 35.83463032624928)	(72, 35.85724315553708)	(74, 35.83810776903281)	(76, 35.86176617050404)	(78, 35.80533709398982)	(80, 35.78513159062017)	(82, 35.792290650420426)	(84, 35.762495225725374)	(86, 35.744466950763425)	(88, 35.69037889968024)	(90, 35.74197945313084)	(92, 35.69592957930358)	(94, 35.67335547859614)	(96, 35.688786863674856)	(98, 35.688263167994464)	(100, 35.44470881891985)
SRR19077146_1	(1, 36.48974991920525)	(2, 36.45303497387164)	(3, 36.49790965415915)	(4, 36.523589201461185)	(5, 36.53112173148236)	(6, 36.515387540739034)	(7, 36.51998176129326)	(8, 36.56254984029018)	(9, 36.56168738362999)	(10, 36.55603054008627)	(12, 36.53383408072452)	(14, 36.529399240793026)	(16, 36.50066344464335)	(18, 36.50005499372524)	(20, 36.51956147755528)	(22, 36.510511097916165)	(24, 36.48841751487018)	(26, 36.45767159046955)	(28, 36.44317067569831)	(30, 36.44238856488494)	(32, 36.437954779510505)	(34, 36.41606191857389)	(36, 36.40113660159185)	(38, 36.41388063856337)	(40, 36.40329245822693)	(42, 36.37382525550706)	(44, 36.37125193678666)	(46, 36.373235957625155)	(48, 36.35865542379641)	(50, 36.34820755655112)	(52, 36.3466838498663)	(54, 36.33194967847553)	(56, 36.34402546829387)	(58, 36.33437665602865)	(60, 36.346022129566244)	(62, 36.29407812631776)	(64, 36.277540234843016)	(66, 36.29605570580777)	(68, 36.27924303096684)	(70, 36.27101509182299)	(72, 36.26563334516243)	(74, 36.26367927944453)	(76, 36.23631246935906)	(78, 36.16272371109686)	(80, 36.16092500728428)	(82, 36.15663595274)	(84, 36.182478856629864)	(86, 36.14344583813501)	(88, 36.137306905259535)	(90, 36.12609389986912)	(92, 36.06858249091563)	(94, 36.12289145236191)	(96, 36.088056768003234)	(98, 36.0607928484843)	(100, 35.94151073164285)
SRR19077146_2	(1, 36.2463465227164)	(2, 36.1741155494124)	(3, 36.2793831445472)	(4, 36.272167637177425)	(5, 36.22492325318538)	(6, 36.217159319144905)	(7, 36.156582455345706)	(8, 36.22056961414698)	(9, 36.181329289686566)	(10, 36.16944488772259)	(12, 36.12664218403212)	(14, 36.141613787518324)	(16, 36.131230062993254)	(18, 36.15350587064786)	(20, 36.163420887315134)	(22, 36.13885774541231)	(24, 36.116211859485915)	(26, 36.1025660194755)	(28, 36.06953173477115)	(30, 36.080609771109536)	(32, 36.07094201956967)	(34, 36.06019143744706)	(36, 36.04908108036007)	(38, 36.01740147394584)	(40, 36.02240695750001)	(42, 35.98792234333065)	(44, 35.94770018350148)	(46, 35.974899461523215)	(48, 35.962820736046055)	(50, 35.956759982900216)	(52, 35.923893871544294)	(54, 35.918173156045)	(56, 35.89191106572652)	(58, 35.88228903065999)	(60, 35.85060229886027)	(62, 35.853932789544814)	(64, 35.798401981244794)	(66, 35.82991456862304)	(68, 35.787414522806806)	(70, 35.73608675139738)	(72, 35.752475964578394)	(74, 35.70878201767033)	(76, 35.75574155725186)	(78, 35.70516682508298)	(80, 35.66848154985457)	(82, 35.683238793243575)	(84, 35.654771595625476)	(86, 35.62673554083286)	(88, 35.57929603528445)	(90, 35.60785794352653)	(92, 35.57247954950235)	(94, 35.54653037761322)	(96, 35.57396088864502)	(98, 35.55931494377744)	(100, 35.34040266579483)
SRR19077147_1	(1, 36.52111585024324)	(2, 36.45157222282464)	(3, 36.4918534305057)	(4, 36.53375717833803)	(5, 36.556772157764044)	(6, 36.52638055362376)	(7, 36.54228829558922)	(8, 36.576941755554266)	(9, 36.588980036672)	(10, 36.56812946323384)	(12, 36.55203495063521)	(14, 36.55138176297889)	(16, 36.526190657690805)	(18, 36.537522960762274)	(20, 36.549518031213324)	(22, 36.54022943641061)	(24, 36.51228839002763)	(26, 36.49095507666904)	(28, 36.467803229494564)	(30, 36.465578661485736)	(32, 36.471077660438624)	(34, 36.44945017823721)	(36, 36.43743154914045)	(38, 36.44213478561938)	(40, 36.4387249306795)	(42, 36.41147683459854)	(44, 36.408857306828615)	(46, 36.397209637228784)	(48, 36.39590569081763)	(50, 36.38435215388867)	(52, 36.387721176107384)	(54, 36.36590155591011)	(56, 36.381914861670154)	(58, 36.36643723908843)	(60, 36.38530846165406)	(62, 36.329317051336716)	(64, 36.313860898205725)	(66, 36.314596872335855)	(68, 36.304706283646226)	(70, 36.302761565851284)	(72, 36.29349196064187)	(74, 36.2875997004604)	(76, 36.25820933026999)	(78, 36.202306940040714)	(80, 36.20424683400337)	(82, 36.20315702158386)	(84, 36.21557499265555)	(86, 36.18706607590347)	(88, 36.172556735741225)	(90, 36.14656030524124)	(92, 36.1302087367348)	(94, 36.13858216222915)	(96, 36.12082716426331)	(98, 36.068387096642695)	(100, 35.95089652961276)
SRR19077147_2	(1, 36.25730549017338)	(2, 36.218536214207504)	(3, 36.33123795570608)	(4, 36.32530929597323)	(5, 36.292967878440514)	(6, 36.273102827526664)	(7, 36.22987806303159)	(8, 36.27908122029097)	(9, 36.248780419697866)	(10, 36.25007268020546)	(12, 36.21557410941865)	(14, 36.22946849589104)	(16, 36.215922750198594)	(18, 36.23407073762782)	(20, 36.23326692410984)	(22, 36.19737105556593)	(24, 36.19234266901145)	(26, 36.17455643503304)	(28, 36.13770738402352)	(30, 36.16300041824664)	(32, 36.14077568106397)	(34, 36.132851857121075)	(36, 36.115774318840906)	(38, 36.088812697250575)	(40, 36.08920135545611)	(42, 36.05288175401064)	(44, 36.02532873737617)	(46, 36.04673926602199)	(48, 36.03543566814969)	(50, 36.03701932889214)	(52, 36.00207266824779)	(54, 35.99597563298871)	(56, 35.975874248263494)	(58, 35.95804556795801)	(60, 35.92595403852598)	(62, 35.92004086940949)	(64, 35.876264081853506)	(66, 35.90374154776259)	(68, 35.89213520345838)	(70, 35.824145699302136)	(72, 35.83781946338874)	(74, 35.815072138713305)	(76, 35.83640095096078)	(78, 35.76772941806646)	(80, 35.75485773499469)	(82, 35.76088779711749)	(84, 35.72171712395238)	(86, 35.69600018697446)	(88, 35.63252480468915)	(90, 35.68959750079287)	(92, 35.635387681209636)	(94, 35.59800371136144)	(96, 35.62017526749169)	(98, 35.605613170910146)	(100, 35.321193038353954)
SRR19077148_1	(1, 36.498289010069726)	(2, 36.467821812658784)	(3, 36.50757485851585)	(4, 36.52900874899897)	(5, 36.540757562307554)	(6, 36.51855620271739)	(7, 36.52353910229051)	(8, 36.563655483165206)	(9, 36.566357863476426)	(10, 36.55502184475676)	(12, 36.530202933771264)	(14, 36.5292683271731)	(16, 36.498718381395946)	(18, 36.50922157130148)	(20, 36.52097887595919)	(22, 36.508739425056504)	(24, 36.480873388369005)	(26, 36.458223205158845)	(28, 36.43988395471966)	(30, 36.438380816777126)	(32, 36.433191486079465)	(34, 36.411718318877966)	(36, 36.407561448273675)	(38, 36.415783205505264)	(40, 36.40377366379995)	(42, 36.379192459844376)	(44, 36.38022722038292)	(46, 36.368224580013134)	(48, 36.36260401733507)	(50, 36.352438231693796)	(52, 36.354117387522436)	(54, 36.332493558076905)	(56, 36.34649924342418)	(58, 36.33152669450115)	(60, 36.343163124296844)	(62, 36.29139674776593)	(64, 36.27651236002129)	(66, 36.277866172007805)	(68, 36.26407694840264)	(70, 36.256442379802415)	(72, 36.25572584187498)	(74, 36.2476626462102)	(76, 36.21979782740544)	(78, 36.15798415507491)	(80, 36.152213082388144)	(82, 36.14776300651405)	(84, 36.16545884273535)	(86, 36.135106075556905)	(88, 36.10995092744477)	(90, 36.09839315257608)	(92, 36.078785155876815)	(94, 36.08893042357691)	(96, 36.05245909808475)	(98, 36.01673396258177)	(100, 35.87887450787388)
SRR19077148_2	(1, 36.191215878646915)	(2, 36.15118542616559)	(3, 36.265258920517454)	(4, 36.26361274901304)	(5, 36.22313526590575)	(6, 36.19677757699252)	(7, 36.157578430971896)	(8, 36.202883499772796)	(9, 36.16756023174414)	(10, 36.178084074911155)	(12, 36.143716777173736)	(14, 36.15860415888011)	(16, 36.14381725249984)	(18, 36.16023700133453)	(20, 36.166528820383135)	(22, 36.13445271529663)	(24, 36.113953076195884)	(26, 36.0989326408001)	(28, 36.06550673259111)	(30, 36.08122041390692)	(32, 36.067747941304546)	(34, 36.0511283751252)	(36, 36.03312735778715)	(38, 36.00541139131737)	(40, 36.00851562218787)	(42, 35.971195719981154)	(44, 35.94135637495308)	(46, 35.957624277491064)	(48, 35.94742308867512)	(50, 35.94622389705156)	(52, 35.909040059411026)	(54, 35.89925477755101)	(56, 35.880336829829574)	(58, 35.86347700244957)	(60, 35.827799026072704)	(62, 35.829688199013944)	(64, 35.7705273459331)	(66, 35.802395345306294)	(68, 35.777804668929406)	(70, 35.71862767890224)	(72, 35.72275897396898)	(74, 35.67456065556733)	(76, 35.72026779482302)	(78, 35.657292702148915)	(80, 35.625876571102566)	(82, 35.641498623657185)	(84, 35.60362812004644)	(86, 35.568849956034434)	(88, 35.50943574951346)	(90, 35.54181346664368)	(92, 35.49959870763696)	(94, 35.45957870864916)	(96, 35.49401014821092)	(98, 35.46265078403231)	(100, 35.20194403855871)
SRR19077149_1	(1, 36.54000976961723)	(2, 36.45570390475841)	(3, 36.49974422107102)	(4, 36.54460409053889)	(5, 36.559060443264336)	(6, 36.529335166382346)	(7, 36.543688525352465)	(8, 36.58846168287213)	(9, 36.596854381512905)	(10, 36.58265104966892)	(12, 36.56658157224005)	(14, 36.56120116780262)	(16, 36.53478698692955)	(18, 36.54457240630213)	(20, 36.558297863110084)	(22, 36.55537779694998)	(24, 36.536417499323875)	(26, 36.507532427643824)	(28, 36.49230394152704)	(30, 36.488446325743745)	(32, 36.49421189751351)	(34, 36.46863816167259)	(36, 36.45803481466067)	(38, 36.45634041416068)	(40, 36.449619478711966)	(42, 36.43193154701923)	(44, 36.423945587106644)	(46, 36.395061461423566)	(48, 36.42703984994942)	(50, 36.41521118369884)	(52, 36.42070931812618)	(54, 36.405583239513085)	(56, 36.422033913751775)	(58, 36.40131443481864)	(60, 36.42274153281409)	(62, 36.36316774628905)	(64, 36.36304215519749)	(66, 36.36658160954697)	(68, 36.36514337436908)	(70, 36.36524511567771)	(72, 36.370961961941234)	(74, 36.3555434370234)	(76, 36.33572472042259)	(78, 36.25512052840887)	(80, 36.26125161475689)	(82, 36.24764051699188)	(84, 36.2957326715938)	(86, 36.269060180250534)	(88, 36.26527176880943)	(90, 36.24769850260937)	(92, 36.23557150088976)	(94, 36.25183005779881)	(96, 36.23987871839101)	(98, 36.21175902488444)	(100, 36.09250483397793)
SRR19077149_2	(1, 36.242739413247904)	(2, 36.1237363778767)	(3, 36.26613916809346)	(4, 36.26269707148915)	(5, 36.217807809495504)	(6, 36.21106173184546)	(7, 36.13409253987584)	(8, 36.23430930109291)	(9, 36.18850130282437)	(10, 36.19001652350268)	(12, 36.15205874124257)	(14, 36.16583552171747)	(16, 36.146578127745144)	(18, 36.170539644907905)	(20, 36.16925283586577)	(22, 36.13902335591921)	(24, 36.13087124696018)	(26, 36.11396869261645)	(28, 36.07203921533201)	(30, 36.10372283919435)	(32, 36.07759028561834)	(34, 36.07665052422756)	(36, 36.06500520817969)	(38, 36.03036535708974)	(40, 36.03569632985417)	(42, 35.99885493061752)	(44, 35.965491016266434)	(46, 35.99668513332708)	(48, 35.983171899615485)	(50, 35.986219528804504)	(52, 35.95422966839982)	(54, 35.94783570148354)	(56, 35.923078880665464)	(58, 35.91355618197432)	(60, 35.885002755515984)	(62, 35.881234463165505)	(64, 35.83828922495853)	(66, 35.86632300595096)	(68, 35.845782480333185)	(70, 35.77473120561825)	(72, 35.79542253114842)	(74, 35.767657066875884)	(76, 35.794668478290845)	(78, 35.72400233093656)	(80, 35.705944168004585)	(82, 35.71222180394055)	(84, 35.68223580496229)	(86, 35.66273558289282)	(88, 35.60393762047971)	(90, 35.65928406629046)	(92, 35.60553069271201)	(94, 35.58610204663914)	(96, 35.60431215533899)	(98, 35.600020753308314)	(100, 35.32290452942553)
SRR19077150_1	(1, 36.51928385052986)	(2, 36.471098011899215)	(3, 36.513270219947394)	(4, 36.53694021129778)	(5, 36.54324992886404)	(6, 36.52013440922203)	(7, 36.52479174712242)	(8, 36.573754396581755)	(9, 36.57294629635157)	(10, 36.567183194743016)	(12, 36.542042080477465)	(14, 36.53869142913286)	(16, 36.50867091840913)	(18, 36.51569874243593)	(20, 36.52955906553227)	(22, 36.52614424553036)	(24, 36.50638798115037)	(26, 36.475650165573306)	(28, 36.464817178912824)	(30, 36.459602002553765)	(32, 36.45814695186319)	(34, 36.43352181879973)	(36, 36.42325337737826)	(38, 36.426956936297856)	(40, 36.41150444759737)	(42, 36.399357599996556)	(44, 36.39305798268117)	(46, 36.36290659622)	(48, 36.39324531828656)	(50, 36.38128398931479)	(52, 36.38582871476205)	(54, 36.37074582042668)	(56, 36.38684634175727)	(58, 36.36649819733234)	(60, 36.38242789616611)	(62, 36.326701859539014)	(64, 36.326694498112786)	(66, 36.32982676493266)	(68, 36.32436827406459)	(70, 36.31959800306818)	(72, 36.33098011738896)	(74, 36.31667532981394)	(76, 36.298058002320545)	(78, 36.211344088746685)	(80, 36.209209649223894)	(82, 36.193062848436945)	(84, 36.24724214386856)	(86, 36.217531320730984)	(88, 36.20699144174749)	(90, 36.201060296547105)	(92, 36.18762264757342)	(94, 36.20379421802322)	(96, 36.17688020244751)	(98, 36.16397408585582)	(100, 36.024278731867014)
SRR19077150_2	(1, 36.171645025988504)	(2, 36.05135277496243)	(3, 36.19809135719663)	(4, 36.19921761532917)	(5, 36.143242559421736)	(6, 36.14041804297058)	(7, 36.05095937286313)	(8, 36.15951414373133)	(9, 36.11490456879504)	(10, 36.11866954418717)	(12, 36.08178810405813)	(14, 36.09427925531652)	(16, 36.077050939439566)	(18, 36.09458442718204)	(20, 36.10433334696956)	(22, 36.0787679286467)	(24, 36.05395062361434)	(26, 36.04175868560786)	(28, 36.00190237423497)	(30, 36.02006323986174)	(32, 36.0074879732866)	(34, 35.99462354026993)	(36, 35.98765639790905)	(38, 35.9494407360165)	(40, 35.95724472958622)	(42, 35.920939017116794)	(44, 35.88432222760873)	(46, 35.90848063823325)	(48, 35.896941208497154)	(50, 35.896034978184126)	(52, 35.863717635676636)	(54, 35.8558630339716)	(56, 35.830117574668975)	(58, 35.82307240920616)	(60, 35.790564618185265)	(62, 35.79784810147214)	(64, 35.73705987522236)	(66, 35.773318867351456)	(68, 35.73753966385884)	(70, 35.67355510901284)	(72, 35.687509113271986)	(74, 35.633105234219876)	(76, 35.68491463137037)	(78, 35.62024058744127)	(80, 35.58553665986254)	(82, 35.6014348020924)	(84, 35.57196117452878)	(86, 35.54196091774727)	(88, 35.49069650661982)	(90, 35.52013820349617)	(92, 35.477120647202696)	(94, 35.453669494621124)	(96, 35.48740158033655)	(98, 35.465814137802106)	(100, 35.216342216593034)
SRR19077151_1	(1, 36.54516518962933)	(2, 36.46615602046078)	(3, 36.510082551943306)	(4, 36.55544359525041)	(5, 36.568307482694166)	(6, 36.53836609411565)	(7, 36.55113723531041)	(8, 36.59706054914945)	(9, 36.60168417158448)	(10, 36.582266427232625)	(12, 36.57368780269524)	(14, 36.56976822170538)	(16, 36.54587493764919)	(18, 36.55121023911672)	(20, 36.56146547258609)	(22, 36.55287759648067)	(24, 36.53456901714425)	(26, 36.511077816033925)	(28, 36.49192728636436)	(30, 36.4887927917085)	(32, 36.486707759192115)	(34, 36.4622437888474)	(36, 36.44977467820467)	(38, 36.45411367802255)	(40, 36.459780652527215)	(42, 36.42602152225992)	(44, 36.42411777436325)	(46, 36.42510113534609)	(48, 36.420484401150176)	(50, 36.40484880444811)	(52, 36.415410550148096)	(54, 36.38979033554688)	(56, 36.41264823656323)	(58, 36.398471635196785)	(60, 36.41393986786282)	(62, 36.35762208589657)	(64, 36.35081464667901)	(66, 36.34481060959446)	(68, 36.34337928249968)	(70, 36.34173525580341)	(72, 36.32102458320317)	(74, 36.33498821116782)	(76, 36.301689843573854)	(78, 36.230213799702284)	(80, 36.23764201625273)	(82, 36.213209100626244)	(84, 36.260154121900676)	(86, 36.226053620301414)	(88, 36.23617696848942)	(90, 36.209067164971685)	(92, 36.2011846849024)	(94, 36.22243967249911)	(96, 36.20381250489778)	(98, 36.13067189930743)	(100, 36.03811095546765)
SRR19077151_2	(1, 36.285564720756405)	(2, 36.232058262628726)	(3, 36.35536134564028)	(4, 36.34083785370424)	(5, 36.30620272099279)	(6, 36.28815671614411)	(7, 36.21918838039946)	(8, 36.286831090375685)	(9, 36.248549485268406)	(10, 36.262495013592165)	(12, 36.21334669248229)	(14, 36.23556979470828)	(16, 36.20949449518733)	(18, 36.234496353426735)	(20, 36.235259434862925)	(22, 36.20267777558065)	(24, 36.20346097413363)	(26, 36.183345528975124)	(28, 36.13838251925155)	(30, 36.17311560041769)	(32, 36.14991344596095)	(34, 36.13934926487934)	(36, 36.13602447901495)	(38, 36.0995922940606)	(40, 36.09981750201265)	(42, 36.067508691934634)	(44, 36.0363872672946)	(46, 36.06502101446124)	(48, 36.05123075972868)	(50, 36.05849811139758)	(52, 36.02980758669504)	(54, 36.020480795632544)	(56, 35.99085584814816)	(58, 35.99156156121623)	(60, 35.959455507465655)	(62, 35.94692588695662)	(64, 35.902409993123)	(66, 35.93575019452071)	(68, 35.91301978357038)	(70, 35.848144848774474)	(72, 35.867603144391815)	(74, 35.83683291907348)	(76, 35.8605302485781)	(78, 35.79068667414805)	(80, 35.77191400330307)	(82, 35.779339669187564)	(84, 35.74267432166192)	(86, 35.725809808339505)	(88, 35.66441589850551)	(90, 35.71525515262623)	(92, 35.66849576795522)	(94, 35.65096113560375)	(96, 35.66700146679144)	(98, 35.660803247652)	(100, 35.37184965735045)
SRR19077152_1	(1, 36.524043644498164)	(2, 36.48183297186309)	(3, 36.525057831386555)	(4, 36.54908319053622)	(5, 36.55270432504821)	(6, 36.52998329187114)	(7, 36.53283545959487)	(8, 36.58275590532985)	(9, 36.58000160610644)	(10, 36.567710876575916)	(12, 36.55125140534314)	(14, 36.54858749293717)	(16, 36.52065016690797)	(18, 36.5231701941309)	(20, 36.53424903546953)	(22, 36.52437393624335)	(24, 36.50612247197113)	(26, 36.48010957054562)	(28, 36.46415606617158)	(30, 36.46019915142117)	(32, 36.45217202786537)	(34, 36.42842583081344)	(36, 36.41675180571427)	(38, 36.42690769914276)	(40, 36.42440054099211)	(42, 36.39387289169643)	(44, 36.39493414963597)	(46, 36.39481929569344)	(48, 36.387883169044436)	(50, 36.37224136775562)	(52, 36.38187345672236)	(54, 36.35780062210627)	(56, 36.379045250604605)	(58, 36.36476448008948)	(60, 36.37389269649094)	(62, 36.32129389494678)	(64, 36.31594566160608)	(66, 36.309870318459716)	(68, 36.30483152058994)	(70, 36.29812487073154)	(72, 36.28227928746648)	(74, 36.29681278865141)	(76, 36.26657926481922)	(78, 36.187931381124436)	(80, 36.18827267874289)	(82, 36.162273079691765)	(84, 36.21275564823727)	(86, 36.17696748038875)	(88, 36.178542345747346)	(90, 36.163797422025844)	(92, 36.15317288349257)	(94, 36.17533648796518)	(96, 36.14238140810471)	(98, 36.08533595933662)	(100, 35.97106671465728)
SRR19077152_2	(1, 36.2212846367253)	(2, 36.1672929711467)	(3, 36.295206436673766)	(4, 36.28479846252861)	(5, 36.241460800025884)	(6, 36.22306741487347)	(7, 36.14539873614444)	(8, 36.215095407344414)	(9, 36.18218845290353)	(10, 36.19819021268778)	(12, 36.1466988735301)	(14, 36.17233012246851)	(16, 36.1460833390144)	(18, 36.1658372638648)	(20, 36.177564455131275)	(22, 36.14921055246595)	(24, 36.13455997305439)	(26, 36.11903784980478)	(28, 36.07667644581355)	(30, 36.098223345854805)	(32, 36.087092739358965)	(34, 36.06566314863879)	(36, 36.06717314867346)	(38, 36.02667315271761)	(40, 36.027268899770874)	(42, 35.99501030970123)	(44, 35.963344606891)	(46, 35.98358140359837)	(48, 35.97352010001768)	(50, 35.9787952786248)	(52, 35.94749574497341)	(54, 35.93688391663498)	(56, 35.9060995647336)	(58, 35.9094386195804)	(60, 35.87390882977236)	(62, 35.87163930893515)	(64, 35.81029511339227)	(66, 35.84870503335271)	(68, 35.8131571026302)	(70, 35.75536014914836)	(72, 35.76721587226024)	(74, 35.71172657020014)	(76, 35.759446852320245)	(78, 35.69447525382837)	(80, 35.66081854232553)	(82, 35.676186236707736)	(84, 35.64089357869402)	(86, 35.614103752165065)	(88, 35.55828719147446)	(90, 35.58533662373317)	(92, 35.5494665473449)	(94, 35.5267070369416)	(96, 35.55692228986871)	(98, 35.535096169956105)	(100, 35.27087713054641)
SRR19077153_1	(1, 36.52936671523944)	(2, 36.45027383582223)	(3, 36.49294912533039)	(4, 36.5420352610688)	(5, 36.5589013286548)	(6, 36.5316406086129)	(7, 36.54443444153494)	(8, 36.58620259860518)	(9, 36.593032496481115)	(10, 36.573632989163855)	(12, 36.56201316365886)	(14, 36.556227190171285)	(16, 36.531555494220264)	(18, 36.534609589387856)	(20, 36.55109613138515)	(22, 36.54043110130022)	(24, 36.515492597728716)	(26, 36.49238117064864)	(28, 36.468378332640036)	(30, 36.47111263587149)	(32, 36.47011645529567)	(34, 36.45101259857366)	(36, 36.43770019833351)	(38, 36.44397201630608)	(40, 36.44448647474642)	(42, 36.411946614657886)	(44, 36.410543506993726)	(46, 36.41551166561592)	(48, 36.409789628960795)	(50, 36.39452076973049)	(52, 36.399079158729236)	(54, 36.38022408445245)	(56, 36.399400998368385)	(58, 36.38345509038359)	(60, 36.4020025376968)	(62, 36.34694674142686)	(64, 36.3371491964773)	(66, 36.34044722426715)	(68, 36.33185275872883)	(70, 36.33034651149676)	(72, 36.307267335739255)	(74, 36.32056397405485)	(76, 36.289797761575)	(78, 36.22013925619936)	(80, 36.22564761773868)	(82, 36.19899863550231)	(84, 36.24813157203212)	(86, 36.21441984653166)	(88, 36.22360065566373)	(90, 36.19478789797816)	(92, 36.18781480907985)	(94, 36.20536330064077)	(96, 36.18766729363202)	(98, 36.12682189997903)	(100, 36.0388760325172)
SRR19077153_2	(1, 36.332694108707216)	(2, 36.28446590664732)	(3, 36.3964035922423)	(4, 36.38664472463069)	(5, 36.345629933667624)	(6, 36.33424591733148)	(7, 36.276833767226336)	(8, 36.33737424173355)	(9, 36.30816844631369)	(10, 36.30020412096461)	(12, 36.27654743906851)	(14, 36.28488992936152)	(16, 36.26073957590508)	(18, 36.28932328723047)	(20, 36.28692212641995)	(22, 36.25203139549048)	(24, 36.2489469889295)	(26, 36.23629204954784)	(28, 36.19498641739726)	(30, 36.22998251073017)	(32, 36.20979797873929)	(34, 36.203701145072834)	(36, 36.19451933903272)	(38, 36.16923888252859)	(40, 36.17008341183535)	(42, 36.13347456376988)	(44, 36.10879081062015)	(46, 36.131666980872325)	(48, 36.11995953523285)	(50, 36.12610607958446)	(52, 36.10019542900416)	(54, 36.09146192173641)	(56, 36.06382846585794)	(58, 36.05895161862436)	(60, 36.031798241330264)	(62, 36.02318251740137)	(64, 35.980342940141036)	(66, 36.00687510900314)	(68, 35.984023174393954)	(70, 35.92028917230955)	(72, 35.94106206865372)	(74, 35.9113089707148)	(76, 35.939278088227816)	(78, 35.87617097964564)	(80, 35.85678674927065)	(82, 35.85518347863628)	(84, 35.82930541617179)	(86, 35.811411428613155)	(88, 35.75380387105862)	(90, 35.80444580305348)	(92, 35.75591970061935)	(94, 35.73654332426318)	(96, 35.74908283785881)	(98, 35.74290169810354)	(100, 35.47105847951531)
SRR19077154_1	(1, 36.50701103758506)	(2, 36.46554489129131)	(3, 36.50565176539708)	(4, 36.533420896307874)	(5, 36.541639883283096)	(6, 36.52276232712346)	(7, 36.52528098011913)	(8, 36.57087274191536)	(9, 36.56927836376186)	(10, 36.5575591172276)	(12, 36.5369850633178)	(14, 36.532897781483825)	(16, 36.504465271519166)	(18, 36.50505787033693)	(20, 36.5219594669862)	(22, 36.510999251393)	(24, 36.48475968651566)	(26, 36.45935721067647)	(28, 36.439746615936414)	(30, 36.441722224381124)	(32, 36.434552923700394)	(34, 36.41514714876226)	(36, 36.402563686617086)	(38, 36.41254869584377)	(40, 36.406658003266585)	(42, 36.37795436259967)	(44, 36.37849696156731)	(46, 36.3825872274593)	(48, 36.37462943332792)	(50, 36.359299908660816)	(52, 36.36345749814252)	(54, 36.3441710855255)	(56, 36.36265808114915)	(58, 36.34723771149376)	(60, 36.36031346219837)	(62, 36.307702264246515)	(64, 36.299410444651386)	(66, 36.302430567923494)	(68, 36.29119040447921)	(70, 36.284296811856706)	(72, 36.26445840251465)	(74, 36.27990733001043)	(76, 36.24995717674192)	(78, 36.174663964685394)	(80, 36.17308514144071)	(82, 36.1445467446749)	(84, 36.19757444151328)	(86, 36.160793306830755)	(88, 36.164405475317096)	(90, 36.14773320555264)	(92, 36.13932753266659)	(94, 36.15712984225189)	(96, 36.122540774992544)	(98, 36.07737469379987)	(100, 35.970286451477286)
SRR19077154_2	(1, 36.27057885405745)	(2, 36.22560280740179)	(3, 36.34059527933902)	(4, 36.33502362442284)	(5, 36.28611207781689)	(6, 36.27577035888442)	(7, 36.211218945576476)	(8, 36.27301516865558)	(9, 36.25085320430176)	(10, 36.23905296962248)	(12, 36.21961331684909)	(14, 36.22625772037248)	(16, 36.204076258372545)	(18, 36.226763092878656)	(20, 36.23457539730302)	(22, 36.20412045213691)	(24, 36.18625274982297)	(26, 36.17590171414825)	(28, 36.13724060940568)	(30, 36.161791548504944)	(32, 36.151472783865)	(34, 36.134986875950766)	(36, 36.129954079802786)	(38, 36.10201500611219)	(40, 36.10466837379991)	(42, 36.06783401216378)	(44, 36.04252127410582)	(46, 36.05887349351991)	(48, 36.048965894269124)	(50, 36.05118125354796)	(52, 36.02582918263464)	(54, 36.014588236043906)	(56, 35.98537854774456)	(58, 35.983033213159956)	(60, 35.95139895745924)	(62, 35.9535377844263)	(64, 35.89591238330341)	(66, 35.926288527733554)	(68, 35.892484146212794)	(70, 35.83419455588454)	(72, 35.84737439755446)	(74, 35.79582302629339)	(76, 35.84652660101396)	(78, 35.787442549119014)	(80, 35.75412506865021)	(82, 35.75995556697089)	(84, 35.735923286862416)	(86, 35.705699369899264)	(88, 35.65819119472799)	(90, 35.683533273772795)	(92, 35.64570808334871)	(94, 35.6232873296005)	(96, 35.64863767219061)	(98, 35.6262192408767)	(100, 35.37815949295966)
SRR19077155_1	(1, 36.55598103870349)	(2, 36.48284465965549)	(3, 36.5234456742237)	(4, 36.56019145801901)	(5, 36.57750356138087)	(6, 36.54808188202078)	(7, 36.55995037149526)	(8, 36.597560534860456)	(9, 36.6120684851751)	(10, 36.59559617110588)	(12, 36.576331255154706)	(14, 36.5734218494559)	(16, 36.555021822109)	(18, 36.56059574880312)	(20, 36.57105213769192)	(22, 36.56839313776206)	(24, 36.54537203738552)	(26, 36.52738074508461)	(28, 36.51187058434682)	(30, 36.50064453544326)	(32, 36.50494450565692)	(34, 36.48666421886381)	(36, 36.46870010116863)	(38, 36.46024368886424)	(40, 36.47507871335995)	(42, 36.44312033937402)	(44, 36.44871558677825)	(46, 36.43798903767007)	(48, 36.434876018210744)	(50, 36.42282314081352)	(52, 36.430265693638276)	(54, 36.41514378910094)	(56, 36.43124513456109)	(58, 36.413873807004464)	(60, 36.425850211772016)	(62, 36.38262772877191)	(64, 36.358551497972734)	(66, 36.36370901494834)	(68, 36.35923479834348)	(70, 36.35584682199447)	(72, 36.361112802454045)	(74, 36.34285491317459)	(76, 36.32662844314295)	(78, 36.265513263889815)	(80, 36.27621075888062)	(82, 36.25589084955453)	(84, 36.28935185393657)	(86, 36.266757598483764)	(88, 36.24825564678714)	(90, 36.23201578523509)	(92, 36.2176597229545)	(94, 36.23656686603456)	(96, 36.22585171146568)	(98, 36.18824887036456)	(100, 36.07381022312583)
SRR19077155_2	(1, 36.25980129098172)	(2, 36.210846395384486)	(3, 36.321184378955905)	(4, 36.313069235061086)	(5, 36.281947459113674)	(6, 36.252964606563985)	(7, 36.21375818962933)	(8, 36.279937008167536)	(9, 36.25911303731469)	(10, 36.25237287365073)	(12, 36.18976814226994)	(14, 36.22291683446855)	(16, 36.211847705208314)	(18, 36.212150345738124)	(20, 36.22313250842873)	(22, 36.2041110088126)	(24, 36.19313689278118)	(26, 36.16265462066776)	(28, 36.12098377241401)	(30, 36.1314212095605)	(32, 36.12000811009271)	(34, 36.11809555037759)	(36, 36.1045733256028)	(38, 36.06202431469384)	(40, 36.076176998152874)	(42, 36.04955800347154)	(44, 36.015604821558185)	(46, 36.043412587770746)	(48, 36.03404079456511)	(50, 36.031217631040825)	(52, 35.98305921765564)	(54, 35.9984483456754)	(56, 35.98425689728888)	(58, 35.959538695796695)	(60, 35.92845729019295)	(62, 35.928068857788276)	(64, 35.89144657357002)	(66, 35.921186947621806)	(68, 35.90966902622385)	(70, 35.84295082700274)	(72, 35.86148702105198)	(74, 35.849036215800666)	(76, 35.86729500567945)	(78, 35.79858965362519)	(80, 35.78661042959018)	(82, 35.802115382514486)	(84, 35.7508943049192)	(86, 35.72131047852405)	(88, 35.65446515775035)	(90, 35.722917382659446)	(92, 35.6625221346757)	(94, 35.65517637670018)	(96, 35.69287000212894)	(98, 35.692187719827)	(100, 35.414470023336094)
SRR19077156_1	(1, 36.53610533291195)	(2, 36.498301703541465)	(3, 36.53879184493721)	(4, 36.556328719799644)	(5, 36.561047730253556)	(6, 36.538747966184424)	(7, 36.5396738235953)	(8, 36.58379422406205)	(9, 36.58838431119126)	(10, 36.58235129722657)	(12, 36.555199313730014)	(14, 36.54980930435585)	(16, 36.52658277856462)	(18, 36.53130615330308)	(20, 36.542327544509604)	(22, 36.53660541701289)	(24, 36.5138602206944)	(26, 36.49502626866803)	(28, 36.48473672079926)	(30, 36.47330701342101)	(32, 36.467377837974325)	(34, 36.45021177002721)	(36, 36.44200697404808)	(38, 36.4348573913012)	(40, 36.44063312872571)	(42, 36.41173525447829)	(44, 36.42116140138671)	(46, 36.40872549051216)	(48, 36.40280677362126)	(50, 36.391385087090285)	(52, 36.39695316713771)	(54, 36.38270470204872)	(56, 36.39586022840071)	(58, 36.379458323087746)	(60, 36.383009336973956)	(62, 36.34614733148376)	(64, 36.322407314194905)	(66, 36.32709807475288)	(68, 36.319410564446684)	(70, 36.309574941489096)	(72, 36.32314765019449)	(74, 36.30469751930134)	(76, 36.28826071937092)	(78, 36.22140868725387)	(80, 36.223271568353226)	(82, 36.20126778927599)	(84, 36.24044882223687)	(86, 36.21383124734948)	(88, 36.18732608227769)	(90, 36.18266278525809)	(92, 36.165622849066295)	(94, 36.18873486153541)	(96, 36.15947013181948)	(98, 36.137475317218616)	(100, 36.00291445742782)
SRR19077156_2	(1, 36.191401203488816)	(2, 36.1469336654698)	(3, 36.25542223037588)	(4, 36.25253924691007)	(5, 36.21260171830139)	(6, 36.180360035389235)	(7, 36.14071051024305)	(8, 36.20573162669624)	(9, 36.18675807654106)	(10, 36.18194350398262)	(12, 36.11950981850002)	(14, 36.15375836458384)	(16, 36.141894961343056)	(18, 36.14029765285632)	(20, 36.161187477790314)	(22, 36.144699446663765)	(24, 36.119889314666565)	(26, 36.09218485599552)	(28, 36.05101604869315)	(30, 36.05183338875844)	(32, 36.04908530493492)	(34, 36.04012558602315)	(36, 36.02630047619456)	(38, 35.98298137409853)	(40, 35.99967940201596)	(42, 35.9757370549226)	(44, 35.93873649322738)	(46, 35.95937778984924)	(48, 35.95270731511495)	(50, 35.94462206514642)	(52, 35.894333436529664)	(54, 35.90747068006799)	(56, 35.89446892594013)	(58, 35.86970137520572)	(60, 35.83637974811551)	(62, 35.84616514248288)	(64, 35.79262921093499)	(66, 35.82796155434899)	(68, 35.803975328502844)	(70, 35.742884034039534)	(72, 35.75407346986021)	(74, 35.71974514780023)	(76, 35.758609219680864)	(78, 35.69573305078981)	(80, 35.667163264582356)	(82, 35.69028394664375)	(84, 35.63953659633458)	(86, 35.60185666101092)	(88, 35.54135721857776)	(90, 35.58153808553856)	(92, 35.534463221702275)	(94, 35.52458959801479)	(96, 35.574159299217)	(98, 35.55585336664449)	(100, 35.30680621577919)
SRR19077157_1	(1, 36.53375259153978)	(2, 36.45713249908013)	(3, 36.501885647890056)	(4, 36.553181365351406)	(5, 36.56569720738718)	(6, 36.53551086074201)	(7, 36.54730769076601)	(8, 36.5955442491688)	(9, 36.60243605070906)	(10, 36.5861930050054)	(12, 36.56826845974943)	(14, 36.56324681678708)	(16, 36.536717221994124)	(18, 36.53864970945793)	(20, 36.55535570906713)	(22, 36.54161277372647)	(24, 36.51441912942527)	(26, 36.500992298161854)	(28, 36.47715530858546)	(30, 36.483654077125415)	(32, 36.475864612209605)	(34, 36.46060967047531)	(36, 36.44136264058078)	(38, 36.45658647096317)	(40, 36.45994445296408)	(42, 36.425895454124465)	(44, 36.426147649857235)	(46, 36.426314010644276)	(48, 36.42170013344699)	(50, 36.40412341416719)	(52, 36.41003147847648)	(54, 36.38832742160132)	(56, 36.4056800435835)	(58, 36.37152013755252)	(60, 36.4134223769248)	(62, 36.34574347994859)	(64, 36.349175457592374)	(66, 36.34700894480567)	(68, 36.34015542190829)	(70, 36.34130542701698)	(72, 36.31119616856799)	(74, 36.333265571463905)	(76, 36.299066962061694)	(78, 36.20695304471431)	(80, 36.21866682707241)	(82, 36.16840683624707)	(84, 36.25147422547931)	(86, 36.20145889145847)	(88, 36.23693497756651)	(90, 36.2049204009956)	(92, 36.19002699599962)	(94, 36.219080233760934)	(96, 36.195060226082376)	(98, 36.08526059354142)	(100, 36.05229656328133)
SRR19077157_2	(1, 36.34234196329142)	(2, 36.28770241259243)	(3, 36.39590357997424)	(4, 36.38607364041069)	(5, 36.338027121400664)	(6, 36.32909256229776)	(7, 36.264996089711865)	(8, 36.33969295909492)	(9, 36.30526092164407)	(10, 36.29452734596251)	(12, 36.26506193587945)	(14, 36.27622580120159)	(16, 36.2494991722708)	(18, 36.27884553895997)	(20, 36.279928914808174)	(22, 36.24132781020121)	(24, 36.23319037330888)	(26, 36.222946124509065)	(28, 36.18077310753854)	(30, 36.22136588285085)	(32, 36.20314700084576)	(34, 36.19194889180011)	(36, 36.18490458623535)	(38, 36.15742646684649)	(40, 36.159986424089084)	(42, 36.11906786885673)	(44, 36.089537276244144)	(46, 36.12022733744405)	(48, 36.103349721034434)	(50, 36.11020419957062)	(52, 36.086036466061536)	(54, 36.07532902444649)	(56, 36.05073810222399)	(58, 36.053786908528934)	(60, 36.02197760848047)	(62, 36.01412229739708)	(64, 35.97406621945072)	(66, 36.00081059406304)	(68, 35.970006320754266)	(70, 35.911161667352914)	(72, 35.93332315666501)	(74, 35.8924829372684)	(76, 35.932026978638845)	(78, 35.86822290497895)	(80, 35.85011429307271)	(82, 35.85208951882711)	(84, 35.831414300024974)	(86, 35.815760007456106)	(88, 35.76092912990654)	(90, 35.815679508160315)	(92, 35.76790555857127)	(94, 35.75586417792486)	(96, 35.7712180415473)	(98, 35.76685710335741)	(100, 35.497809317515426)
SRR19077158_1	(1, 36.51287213554351)	(2, 36.470826614385885)	(3, 36.51602062632492)	(4, 36.5454184683038)	(5, 36.54826925597938)	(6, 36.52816927377815)	(7, 36.528736543009614)	(8, 36.58166902384929)	(9, 36.57858575970379)	(10, 36.570955389031056)	(12, 36.54368896326952)	(14, 36.54068346217015)	(16, 36.509609391569775)	(18, 36.50972252567766)	(20, 36.52595748331765)	(22, 36.51189917155778)	(24, 36.484117780439895)	(26, 36.46823258997705)	(28, 36.44853234740218)	(30, 36.454857705749006)	(32, 36.44024973701515)	(34, 36.42527081843441)	(36, 36.40651038030752)	(38, 36.427478678776936)	(40, 36.423145077573864)	(42, 36.39357978592447)	(44, 36.394458773462134)	(46, 36.39369358615405)	(48, 36.38782963697966)	(50, 36.36999288315586)	(52, 36.37533647138821)	(54, 36.352492720622166)	(56, 36.37066126965992)	(58, 36.33547546966908)	(60, 36.37138327896004)	(62, 36.30803719783388)	(64, 36.312672325681284)	(66, 36.31041434634278)	(68, 36.30117277384795)	(70, 36.29577969277402)	(72, 36.269372230932134)	(74, 36.29336967782092)	(76, 36.25979798394273)	(78, 36.16264442850489)	(80, 36.16614564404375)	(82, 36.1147851304586)	(84, 36.20230442134275)	(86, 36.14897782294379)	(88, 36.17878855379119)	(90, 36.15845820006459)	(92, 36.14176864101583)	(94, 36.17055575598417)	(96, 36.131995090416694)	(98, 36.03755829897034)	(100, 35.98170460806998)
SRR19077158_2	(1, 36.28063445692964)	(2, 36.22869804117591)	(3, 36.338613449050214)	(4, 36.33269263972835)	(5, 36.27648326649024)	(6, 36.26716595595923)	(7, 36.19464837834007)	(8, 36.272329065180806)	(9, 36.244929428403644)	(10, 36.230851146315494)	(12, 36.203164117996266)	(14, 36.21497235062088)	(16, 36.186979945473944)	(18, 36.213929177408986)	(20, 36.22345632959488)	(22, 36.188075995425606)	(24, 36.16598087218244)	(26, 36.15852395959786)	(28, 36.119306444754)	(30, 36.14994167438479)	(32, 36.14200240976183)	(34, 36.12055465022216)	(36, 36.116671453861215)	(38, 36.08550039594273)	(40, 36.08882474285038)	(42, 36.048804231631294)	(44, 36.018560987970375)	(46, 36.04253538704867)	(48, 36.02712948446444)	(50, 36.03135284252777)	(52, 36.00523608951397)	(54, 35.99461571173237)	(56, 35.96766320247861)	(58, 35.97282585873744)	(60, 35.93613595596989)	(62, 35.938419394479396)	(64, 35.88398291744248)	(66, 35.9144159125281)	(68, 35.87222355150506)	(70, 35.81859694521922)	(72, 35.83482521499744)	(74, 35.76972388989488)	(76, 35.833330917532)	(78, 35.775046868322136)	(80, 35.74057083431475)	(82, 35.75126568450132)	(84, 35.7321107957543)	(86, 35.70579520541594)	(88, 35.6575738036188)	(90, 35.68957522219155)	(92, 35.652285063846435)	(94, 35.63755996427456)	(96, 35.6651767300779)	(98, 35.64494770678283)	(100, 35.397744032348996)
SRR19077159_1	(1, 36.51015141962224)	(2, 36.444456880350984)	(3, 36.48751392643099)	(4, 36.52982817508745)	(5, 36.54819089496392)	(6, 36.515079522602)	(7, 36.53082775341586)	(8, 36.572681897724664)	(9, 36.58539184483008)	(10, 36.56741274484688)	(12, 36.55283603268113)	(14, 36.544354940999185)	(16, 36.52825270420179)	(18, 36.52982695024743)	(20, 36.54305601177066)	(22, 36.537217471597046)	(24, 36.51229479438638)	(26, 36.48794728843828)	(28, 36.47361438748255)	(30, 36.4627882715417)	(32, 36.467016473717166)	(34, 36.447646309317506)	(36, 36.425965320914074)	(38, 36.43558069610761)	(40, 36.43131319017694)	(42, 36.40268659675534)	(44, 36.3998930088636)	(46, 36.40083702028324)	(48, 36.38488992988798)	(50, 36.37406605948716)	(52, 36.3803456509415)	(54, 36.362785786477396)	(56, 36.378809579076375)	(58, 36.38504455913544)	(60, 36.37648080436169)	(62, 36.34110795543934)	(64, 36.31306346043108)	(66, 36.31765082652748)	(68, 36.30600527900604)	(70, 36.30395190276447)	(72, 36.31498395514015)	(74, 36.29650113289536)	(76, 36.28130286885839)	(78, 36.2308599422115)	(80, 36.241774369117564)	(82, 36.246058532872475)	(84, 36.23249157881661)	(86, 36.22144225619668)	(88, 36.20035679861877)	(90, 36.16695415930084)	(92, 36.14465533437425)	(94, 36.173775633587965)	(96, 36.166804443022784)	(98, 36.14231726448477)	(100, 36.023424344027404)
SRR19077159_2	(1, 36.27491792755327)	(2, 36.132935942609116)	(3, 36.277821261110525)	(4, 36.28274901024761)	(5, 36.237316210033605)	(6, 36.21237688860804)	(7, 36.1588026584581)	(8, 36.250492630654776)	(9, 36.21584887455711)	(10, 36.21125036241655)	(12, 36.17216159385111)	(14, 36.194678726096704)	(16, 36.162284837797976)	(18, 36.181264264622925)	(20, 36.1849277202853)	(22, 36.15294630366691)	(24, 36.14406229405676)	(26, 36.12703289419461)	(28, 36.08627347106487)	(30, 36.10446312104696)	(32, 36.082882324556905)	(34, 36.08806014519743)	(36, 36.075236968437125)	(38, 36.0382172268468)	(40, 36.04991390463428)	(42, 36.02086935497094)	(44, 35.98699425403051)	(46, 36.01551620528667)	(48, 36.006791166301376)	(50, 36.00315785531275)	(52, 35.96007635326041)	(54, 35.95810821227468)	(56, 35.928944063788364)	(58, 35.919386555480955)	(60, 35.887844693116605)	(62, 35.87957455971356)	(64, 35.83583286889214)	(66, 35.864640507277564)	(68, 35.847394596528446)	(70, 35.77608370306263)	(72, 35.794087163752835)	(74, 35.78800583306922)	(76, 35.80065483757913)	(78, 35.73208112131763)	(80, 35.72278331992179)	(82, 35.73044458535246)	(84, 35.6906107193861)	(86, 35.67693720424877)	(88, 35.61825562258727)	(90, 35.670654196851714)	(92, 35.63211529979783)	(94, 35.614761222065894)	(96, 35.6267381704679)	(98, 35.61572024458041)	(100, 35.363066016263915)
SRR19077160_1	(1, 36.48828536030999)	(2, 36.45835673754698)	(3, 36.50144939858295)	(4, 36.52385407494861)	(5, 36.53078956209075)	(6, 36.507192296557335)	(7, 36.51174106848689)	(8, 36.55709979988488)	(9, 36.56122916903774)	(10, 36.5515257937236)	(12, 36.52801349553717)	(14, 36.52176480033894)	(16, 36.50240624178474)	(18, 36.50072717613355)	(20, 36.51486853100651)	(22, 36.50714632746619)	(24, 36.48273053766793)	(26, 36.45610016288976)	(28, 36.4462390106771)	(30, 36.43287506860715)	(32, 36.431143035585265)	(34, 36.41213812342424)	(36, 36.39088138445839)	(38, 36.40562460509463)	(40, 36.39470300769863)	(42, 36.36872823449297)	(44, 36.36790589547968)	(46, 36.368203390971075)	(48, 36.35151757143123)	(50, 36.34029613206187)	(52, 36.344935991402494)	(54, 36.32735075571951)	(56, 36.342876123289045)	(58, 36.34876914122081)	(60, 36.33404119330052)	(62, 36.30317084910839)	(64, 36.27568153843151)	(66, 36.28034436859559)	(68, 36.26649423820667)	(70, 36.25756344551045)	(72, 36.273836448889625)	(74, 36.25696254029533)	(76, 36.24316117830938)	(78, 36.18517412007681)	(80, 36.1896942676708)	(82, 36.19136438650186)	(84, 36.18212140192719)	(86, 36.16802701785991)	(88, 36.14098735350508)	(90, 36.1202527273599)	(92, 36.09592787402943)	(94, 36.12527639430634)	(96, 36.10337788566167)	(98, 36.09298764979303)	(100, 35.955026173977174)
SRR19077160_2	(1, 36.21329328963516)	(2, 36.073350120605056)	(3, 36.219064098395044)	(4, 36.22515734945459)	(5, 36.171808449020155)	(6, 36.15164003857891)	(7, 36.089282403825045)	(8, 36.18434961296907)	(9, 36.157039911078485)	(10, 36.148495807632614)	(12, 36.112242867085904)	(14, 36.13231874929383)	(16, 36.101850751287266)	(18, 36.1137618916893)	(20, 36.12860015170624)	(22, 36.10302732674476)	(24, 36.076550598507964)	(26, 36.063317606598275)	(28, 36.02490292494329)	(30, 36.029685068912606)	(32, 36.0205312780969)	(34, 36.016583040885294)	(36, 36.00711069112896)	(38, 35.965998954868695)	(40, 35.980276076364895)	(42, 35.95237467679955)	(44, 35.916170847708734)	(46, 35.937570077135035)	(48, 35.93121541975118)	(50, 35.92469219988502)	(52, 35.880798359339806)	(54, 35.877373977657705)	(56, 35.846989259177775)	(58, 35.83935100754779)	(60, 35.80375320202164)	(62, 35.80523398308563)	(64, 35.745767406223806)	(66, 35.780341816281876)	(68, 35.75125106596833)	(70, 35.68523873752464)	(72, 35.694008871677816)	(74, 35.6656583746751)	(76, 35.70121482174133)	(78, 35.63957858610986)	(80, 35.61303161435737)	(82, 35.62824524287831)	(84, 35.59112409028198)	(86, 35.56595470927542)	(88, 35.515358438019135)	(90, 35.54261393754851)	(92, 35.5167256548448)	(94, 35.494677671182245)	(96, 35.51978458911331)	(98, 35.49394241272192)	(100, 35.265921559385745)
SRR19077161_1	(1, 36.504447960275385)	(2, 36.43678058323747)	(3, 36.47824956002415)	(4, 36.5242960322598)	(5, 36.54325171932176)	(6, 36.51791820062899)	(7, 36.52969244746)	(8, 36.566962199291474)	(9, 36.578399657506566)	(10, 36.56606204537755)	(12, 36.550652406730066)	(14, 36.54528183618582)	(16, 36.51976866665365)	(18, 36.52097345576621)	(20, 36.53829002739647)	(22, 36.52672202744138)	(24, 36.50328303686361)	(26, 36.47960232857656)	(28, 36.46002220173615)	(30, 36.461594770368606)	(32, 36.4571698477048)	(34, 36.4403509451928)	(36, 36.42873342500555)	(38, 36.43345535564642)	(40, 36.43347021313377)	(42, 36.402045238043456)	(44, 36.39900527988033)	(46, 36.4020788375139)	(48, 36.38874846736087)	(50, 36.377793608121806)	(52, 36.38485383507333)	(54, 36.3681921412228)	(56, 36.38612814815342)	(58, 36.386431521599796)	(60, 36.38209079608997)	(62, 36.33550901482298)	(64, 36.30862646130406)	(66, 36.318907899258186)	(68, 36.31004759131067)	(70, 36.3063381814203)	(72, 36.314421462627195)	(74, 36.295277930424604)	(76, 36.27303610173783)	(78, 36.203898272939014)	(80, 36.212919036079114)	(82, 36.19583999994556)	(84, 36.22795528111798)	(86, 36.19662353392539)	(88, 36.19197301279193)	(90, 36.17479933106148)	(92, 36.132225498777046)	(94, 36.18520477516241)	(96, 36.16767780279765)	(98, 36.12144090520886)	(100, 36.03136599880465)
SRR19077161_2	(1, 36.27569562032746)	(2, 36.171208157282265)	(3, 36.29735480300744)	(4, 36.28276622483694)	(5, 36.253090435342244)	(6, 36.22928859883772)	(7, 36.18307897778105)	(8, 36.256293329671514)	(9, 36.21895433741235)	(10, 36.2193776340319)	(12, 36.1701725563892)	(14, 36.19788444974827)	(16, 36.178149765343846)	(18, 36.19813915358199)	(20, 36.20100259402089)	(22, 36.17888444541012)	(24, 36.16775493980974)	(26, 36.14304941932034)	(28, 36.09816697734599)	(30, 36.11818530082428)	(32, 36.10660500941735)	(34, 36.10399600344932)	(36, 36.096543017118464)	(38, 36.05874719965426)	(40, 36.0640731268515)	(42, 36.039606431965055)	(44, 36.00667152219182)	(46, 36.036779880058674)	(48, 36.022642541358465)	(50, 36.022885520820005)	(52, 35.98692726831797)	(54, 35.98502528310531)	(56, 35.962976842762956)	(58, 35.953122047198434)	(60, 35.915881499969956)	(62, 35.91055018551586)	(64, 35.86732677764662)	(66, 35.89759014674122)	(68, 35.853427087859046)	(70, 35.806547745712294)	(72, 35.83300843448782)	(74, 35.81370780703969)	(76, 35.83604654964203)	(78, 35.77882533302533)	(80, 35.76529326681073)	(82, 35.76555826314045)	(84, 35.72645020914324)	(86, 35.701497115846976)	(88, 35.63591891702073)	(90, 35.703445417291675)	(92, 35.649748728415986)	(94, 35.64105960764381)	(96, 35.66203628158715)	(98, 35.66344210044268)	(100, 35.39412794105593)
SRR19077162_1	(1, 36.483368922748745)	(2, 36.45148311126423)	(3, 36.49206521107068)	(4, 36.51588310436144)	(5, 36.52531133310776)	(6, 36.508538925259835)	(7, 36.510221679162406)	(8, 36.551259323106464)	(9, 36.55425058817506)	(10, 36.54923037616264)	(12, 36.52631321981285)	(14, 36.521880385505895)	(16, 36.492454176337645)	(18, 36.49098750475777)	(20, 36.50846306293674)	(22, 36.4961605235366)	(24, 36.472783537283576)	(26, 36.446182943359034)	(28, 36.430401757636616)	(30, 36.431241255115935)	(32, 36.42061956166955)	(34, 36.40305902857612)	(36, 36.39182220673588)	(38, 36.402214462217856)	(40, 36.39483911520611)	(42, 36.36732074094708)	(44, 36.36597559431609)	(46, 36.36867511407683)	(48, 36.352770324595625)	(50, 36.340613871425774)	(52, 36.34723691706682)	(54, 36.33045213602844)	(56, 36.348379166155745)	(58, 36.34764286877362)	(60, 36.33657602523914)	(62, 36.294888112470794)	(64, 36.269761380530255)	(66, 36.27902424422018)	(68, 36.268204836018064)	(70, 36.25737296919494)	(72, 36.27053533854388)	(74, 36.25337964656018)	(76, 36.23201711253532)	(78, 36.155458587458355)	(80, 36.158028765375434)	(82, 36.13719638482998)	(84, 36.173770553378624)	(86, 36.13984518732441)	(88, 36.12908478315136)	(90, 36.12364389690174)	(92, 36.079992533939986)	(94, 36.13160610903569)	(96, 36.099498235090394)	(98, 36.06848830025852)	(100, 35.957250797821615)
SRR19077162_2	(1, 36.20609486560722)	(2, 36.106318910056615)	(3, 36.2299459913796)	(4, 36.22039964066774)	(5, 36.18149892787515)	(6, 36.16275056849756)	(7, 36.10536336942166)	(8, 36.18272414426075)	(9, 36.15124894044768)	(10, 36.146595211230725)	(12, 36.10149216974958)	(14, 36.12651474761852)	(16, 36.11004156025106)	(18, 36.12281795440207)	(20, 36.13451551740468)	(22, 36.11879501584537)	(24, 36.09202526944367)	(26, 36.07139837783344)	(28, 36.02737721452344)	(30, 36.03526738023193)	(32, 36.03559859445113)	(34, 36.02199070481509)	(36, 36.01996833602316)	(38, 35.97762349084808)	(40, 35.986533398245356)	(42, 35.96125684960744)	(44, 35.9266930610977)	(46, 35.95091664980363)	(48, 35.93949555427992)	(50, 35.934488555524986)	(52, 35.89708894282151)	(54, 35.894612539164925)	(56, 35.87036017460409)	(58, 35.86248524400928)	(60, 35.82080396634652)	(62, 35.82632801923076)	(64, 35.76780117669753)	(66, 35.802559390887055)	(68, 35.7461092794486)	(70, 35.704852933311834)	(72, 35.72353793170261)	(74, 35.67897949570122)	(76, 35.7263325641357)	(78, 35.67503536682139)	(80, 35.64425348882679)	(82, 35.654040155659004)	(84, 35.61555759690258)	(86, 35.57900932804719)	(88, 35.52114064242516)	(90, 35.56261420995855)	(92, 35.52120992659637)	(94, 35.507927954485794)	(96, 35.5421715350781)	(98, 35.52679318284762)	(100, 35.28368089231406)
SRR19077163_1	(1, 36.51231931380044)	(2, 36.445961394588274)	(3, 36.491053326032706)	(4, 36.531459934834224)	(5, 36.54456301979515)	(6, 36.50800803069037)	(7, 36.527044763892306)	(8, 36.56872526782382)	(9, 36.57576561865018)	(10, 36.55099917434558)	(12, 36.53622010872189)	(14, 36.53644710796831)	(16, 36.51458150539041)	(18, 36.52391847071168)	(20, 36.53326001749872)	(22, 36.517446469287215)	(24, 36.50186382075919)	(26, 36.471674778337544)	(28, 36.44529541043618)	(30, 36.43470832407753)	(32, 36.43949211727859)	(34, 36.41891675451937)	(36, 36.40583571012348)	(38, 36.39857752298224)	(40, 36.40151856087988)	(42, 36.37211150965736)	(44, 36.359169874930934)	(46, 36.36424239334286)	(48, 36.34877782590381)	(50, 36.33334921368427)	(52, 36.33479336598804)	(54, 36.318646872134266)	(56, 36.33251145552177)	(58, 36.33371847053833)	(60, 36.327907314594896)	(62, 36.2833433351684)	(64, 36.25684775900697)	(66, 36.24819567638408)	(68, 36.237055764982195)	(70, 36.23051165190567)	(72, 36.24208290211835)	(74, 36.217824520698194)	(76, 36.20074483179705)	(78, 36.16458412735088)	(80, 36.16270280105864)	(82, 36.16776829249267)	(84, 36.151964681108936)	(86, 36.13863937958038)	(88, 36.10513900538607)	(90, 36.077587308497826)	(92, 36.06477528591442)	(94, 36.058933576547254)	(96, 36.04825263205208)	(98, 36.02315904632704)	(100, 35.86630903682978)
SRR19077163_2	(1, 36.33871547215472)	(2, 36.2453750103083)	(3, 36.351949283669256)	(4, 36.341187668229566)	(5, 36.304848596176974)	(6, 36.25809823603662)	(7, 36.20625498853519)	(8, 36.29084243621052)	(9, 36.26217273785175)	(10, 36.22166157566761)	(12, 36.17603760603308)	(14, 36.20942242204017)	(16, 36.20068502509529)	(18, 36.2268598212634)	(20, 36.21292793985848)	(22, 36.18801584828068)	(24, 36.171026813585605)	(26, 36.13120314986915)	(28, 36.09154782406379)	(30, 36.10672674639903)	(32, 36.09365091806383)	(34, 36.086703775301146)	(36, 36.05879540511178)	(38, 36.0186466585389)	(40, 36.01807231918007)	(42, 35.986886034057875)	(44, 35.950269938105635)	(46, 35.96042074819546)	(48, 35.92834980679835)	(50, 35.921393640405455)	(52, 35.889494674231784)	(54, 35.89030016092089)	(56, 35.88002834441429)	(58, 35.84894114896723)	(60, 35.81943234586649)	(62, 35.80302549783816)	(64, 35.774695648276165)	(66, 35.775950288867605)	(68, 35.75757870400982)	(70, 35.705310835117004)	(72, 35.70213762834605)	(74, 35.69955793808285)	(76, 35.6962480457572)	(78, 35.624442516101375)	(80, 35.619688192869305)	(82, 35.624909330316)	(84, 35.563646743977046)	(86, 35.530466994996786)	(88, 35.481196937030106)	(90, 35.53936869011436)	(92, 35.47344111912579)	(94, 35.448503488971916)	(96, 35.43455746074365)	(98, 35.40522600370628)	(100, 35.13166513497122)
SRR19077164_1	(1, 36.490813648702556)	(2, 36.460406590219236)	(3, 36.50472190157064)	(4, 36.52414642368908)	(5, 36.528393087027254)	(6, 36.49971287690122)	(7, 36.50821728748812)	(8, 36.552544772460394)	(9, 36.552057142665)	(10, 36.53571067855077)	(12, 36.51082323628519)	(14, 36.51303035110965)	(16, 36.488241371954)	(18, 36.4947545393284)	(20, 36.50411894929012)	(22, 36.48742561481767)	(24, 36.47148039760603)	(26, 36.437650885959386)	(28, 36.41671801796764)	(30, 36.4050168954913)	(32, 36.401445385525186)	(34, 36.38297504488672)	(36, 36.369360780292354)	(38, 36.36780148267853)	(40, 36.36426914001432)	(42, 36.337199163675365)	(44, 36.32582171629498)	(46, 36.32977660191463)	(48, 36.3124590035415)	(50, 36.296487290802084)	(52, 36.29654653990825)	(54, 36.281257561811174)	(56, 36.29358462945553)	(58, 36.2964261891884)	(60, 36.28327193801678)	(62, 36.243880062373776)	(64, 36.21772517804932)	(66, 36.20897411931792)	(68, 36.19368314860772)	(70, 36.18093428523784)	(72, 36.19928055457412)	(74, 36.176017169849224)	(76, 36.16109984523622)	(78, 36.11690477563363)	(80, 36.10750804797764)	(82, 36.10950832021841)	(84, 36.09966846964945)	(86, 36.08357600144066)	(88, 36.041816823557966)	(90, 36.02664500488626)	(92, 36.01335435311869)	(94, 36.00750710771332)	(96, 35.979806593855756)	(98, 35.97330286025917)	(100, 35.79232159293977)
SRR19077164_2	(1, 36.277792500974826)	(2, 36.18905399695155)	(3, 36.29443894676946)	(4, 36.28976131857189)	(5, 36.241462866969286)	(6, 36.198490047582354)	(7, 36.13446050684357)	(8, 36.22566107120142)	(9, 36.20480258372182)	(10, 36.1593933744617)	(12, 36.1143200294857)	(14, 36.146519536886814)	(16, 36.14219558195325)	(18, 36.16016369067819)	(20, 36.157974633910264)	(22, 36.13817026991315)	(24, 36.10544113216791)	(26, 36.06728736980919)	(28, 36.03068565070712)	(30, 36.035272116853804)	(32, 36.033223025591255)	(34, 36.01538988527156)	(36, 35.99238345423721)	(38, 35.947481473990734)	(40, 35.9501327547366)	(42, 35.918222612124026)	(44, 35.878642870423974)	(46, 35.88425676215061)	(48, 35.85416628007896)	(50, 35.84333711265624)	(52, 35.81004646275675)	(54, 35.80889759674666)	(56, 35.798594043307205)	(58, 35.77049729521448)	(60, 35.737188649527624)	(62, 35.73254340129348)	(64, 35.68771570815541)	(66, 35.692673142825406)	(68, 35.65982429261923)	(70, 35.61650021289826)	(72, 35.605215048413655)	(74, 35.575587630953606)	(76, 35.59622649510433)	(78, 35.531784607985124)	(80, 35.50999348415505)	(82, 35.524819179698454)	(84, 35.464031651663326)	(86, 35.417150197075664)	(88, 35.378436121244036)	(90, 35.408615118927244)	(92, 35.35544774826621)	(94, 35.32732098643815)	(96, 35.32493514355595)	(98, 35.27733986644759)	(100, 35.03396916580621)
SRR19077165_1	(1, 36.54570944217943)	(2, 36.455493631806576)	(3, 36.505416151505756)	(4, 36.551031397130416)	(5, 36.56303631941425)	(6, 36.53367486728136)	(7, 36.5433896452269)	(8, 36.588860813736915)	(9, 36.5984701406697)	(10, 36.58132155510441)	(12, 36.56498377929311)	(14, 36.5592525405623)	(16, 36.538931275667494)	(18, 36.54655417823382)	(20, 36.55396101525939)	(22, 36.5431690177455)	(24, 36.52157468315443)	(26, 36.501322712132875)	(28, 36.48205738610526)	(30, 36.4780457358112)	(32, 36.47622108487862)	(34, 36.461125422737744)	(36, 36.446064802316826)	(38, 36.45110701255)	(40, 36.4572137716867)	(42, 36.422720236583245)	(44, 36.42049897253567)	(46, 36.423363470215115)	(48, 36.411171157446056)	(50, 36.39796658263171)	(52, 36.40657252074442)	(54, 36.38373446828401)	(56, 36.408672517380616)	(58, 36.394981268721814)	(60, 36.405148468358504)	(62, 36.360095707509615)	(64, 36.34081525438759)	(66, 36.338363411812246)	(68, 36.33550098204545)	(70, 36.33767433318339)	(72, 36.34086795482837)	(74, 36.32665851232308)	(76, 36.30463969166094)	(78, 36.24097898795202)	(80, 36.24922391864586)	(82, 36.237769537375605)	(84, 36.263761720615626)	(86, 36.242771968488924)	(88, 36.23723957522618)	(90, 36.21097952836652)	(92, 36.193245635789395)	(94, 36.22964626261007)	(96, 36.22088063150895)	(98, 36.16456129345756)	(100, 36.06194543908954)
SRR19077165_2	(1, 36.31449532579049)	(2, 36.20894517855761)	(3, 36.33552742626187)	(4, 36.3258458602469)	(5, 36.284551298797034)	(6, 36.27126376935309)	(7, 36.2223720477163)	(8, 36.2888778483241)	(9, 36.245488754540574)	(10, 36.2563921310835)	(12, 36.218307521522206)	(14, 36.233858487899155)	(16, 36.20603928502659)	(18, 36.22676845509278)	(20, 36.22846097267292)	(22, 36.198793093482536)	(24, 36.19565024222652)	(26, 36.17554571964388)	(28, 36.130428665510536)	(30, 36.15443171729844)	(32, 36.137763564241226)	(34, 36.13734546990019)	(36, 36.12397076227171)	(38, 36.087631709117026)	(40, 36.09241075553207)	(42, 36.06070073112869)	(44, 36.03649790644523)	(46, 36.06320429658609)	(48, 36.048268527958506)	(50, 36.05050004383975)	(52, 36.01241009530395)	(54, 36.013573264842066)	(56, 35.99012648155916)	(58, 35.983678353907436)	(60, 35.95303804192283)	(62, 35.942122583756856)	(64, 35.90117272454787)	(66, 35.9340674498466)	(68, 35.91753430015394)	(70, 35.85367718234092)	(72, 35.87054205028953)	(74, 35.84733961908598)	(76, 35.86911697021368)	(78, 35.80178318991043)	(80, 35.78979402136121)	(82, 35.79532918437364)	(84, 35.751679734120074)	(86, 35.737905781487754)	(88, 35.67973875721006)	(90, 35.7328824957886)	(92, 35.68733299725366)	(94, 35.67634785669752)	(96, 35.69506820627652)	(98, 35.69012549397421)	(100, 35.410365335748054)
SRR19077166_1	(1, 36.524195208226985)	(2, 36.469764925191036)	(3, 36.51741563864275)	(4, 36.54374995373877)	(5, 36.54607175954647)	(6, 36.52497377693768)	(7, 36.523071188855354)	(8, 36.57302985797205)	(9, 36.57467857695303)	(10, 36.56596397683262)	(12, 36.540938876585315)	(14, 36.535883147951765)	(16, 36.51236256963806)	(18, 36.51768930441547)	(20, 36.5250409702025)	(22, 36.51355696881096)	(24, 36.49150544653099)	(26, 36.46848578171196)	(28, 36.45398047957875)	(30, 36.44820414207085)	(32, 36.44018721779864)	(34, 36.42582328999351)	(36, 36.41046250318497)	(38, 36.421014292117825)	(40, 36.41986895807911)	(42, 36.3893945166733)	(44, 36.389519745046975)	(46, 36.39213138767265)	(48, 36.37781918463055)	(50, 36.36322598929098)	(52, 36.370517750701694)	(54, 36.348007944261205)	(56, 36.37261971058471)	(58, 36.35906008214489)	(60, 36.36302578949264)	(62, 36.32221241728021)	(64, 36.304863846448086)	(66, 36.301144907494475)	(68, 36.295184629051406)	(70, 36.29142642293594)	(72, 36.300399709598636)	(74, 36.28702395936689)	(76, 36.26686773628074)	(78, 36.19500903081996)	(80, 36.197490263813854)	(82, 36.18205731575452)	(84, 36.21447515549106)	(86, 36.190570913169765)	(88, 36.178556340912735)	(90, 36.16371739335798)	(92, 36.144615851111965)	(94, 36.182047605600125)	(96, 36.15826293366848)	(98, 36.11642811343116)	(100, 35.992963286960034)
SRR19077166_2	(1, 36.24807294207768)	(2, 36.142095212956605)	(3, 36.271644128612124)	(4, 36.26912179682518)	(5, 36.21698770185109)	(6, 36.20852355847803)	(7, 36.149868530280315)	(8, 36.21896039373547)	(9, 36.179811108642454)	(10, 36.19205528716025)	(12, 36.15533335248601)	(14, 36.16902755563674)	(16, 36.14315723286694)	(18, 36.157134912308145)	(20, 36.16964803952108)	(22, 36.145311795692336)	(24, 36.12636230392607)	(26, 36.11011390362383)	(28, 36.06724542866881)	(30, 36.07769640261361)	(32, 36.073961367887264)	(34, 36.06302665512655)	(36, 36.05453423437879)	(38, 36.01288000544973)	(40, 36.02143481456679)	(42, 35.98946598792604)	(44, 35.96315310040588)	(46, 35.984412291650386)	(48, 35.97125811861116)	(50, 35.96864232345177)	(52, 35.92867151413298)	(54, 35.928223115762734)	(56, 35.90565275258413)	(58, 35.90077602199061)	(60, 35.86664796562856)	(62, 35.86508315041067)	(64, 35.80927126545768)	(66, 35.84667593438596)	(68, 35.81760749573738)	(70, 35.75931718796437)	(72, 35.76940970164861)	(74, 35.72110060460138)	(76, 35.768314963285206)	(78, 35.70657531761552)	(80, 35.677014973083175)	(82, 35.69196364287357)	(84, 35.64830766686944)	(86, 35.6240240510739)	(88, 35.57384345349294)	(90, 35.600643454546756)	(92, 35.56659240196727)	(94, 35.55336421095524)	(96, 35.58425449536867)	(98, 35.56198419352464)	(100, 35.31010908618289)
SRR19077167_1	(1, 36.52527660526401)	(2, 36.453057586956945)	(3, 36.49894319639501)	(4, 36.54244344715002)	(5, 36.55749281151005)	(6, 36.53211396079099)	(7, 36.543019626621216)	(8, 36.585813323546226)	(9, 36.59608190771856)	(10, 36.580963983475186)	(12, 36.56280741885392)	(14, 36.5566511283616)	(16, 36.53641357776517)	(18, 36.536667249333526)	(20, 36.54964544173396)	(22, 36.54314947572285)	(24, 36.524157627797074)	(26, 36.497925939125956)	(28, 36.47743222890088)	(30, 36.47522941090722)	(32, 36.47469823768202)	(34, 36.45779468786413)	(36, 36.43792473435188)	(38, 36.445263807234824)	(40, 36.443270497739505)	(42, 36.4080594824442)	(44, 36.41111042489794)	(46, 36.40250028495201)	(48, 36.39675137286328)	(50, 36.38763610138979)	(52, 36.39166024862301)	(54, 36.37503552742745)	(56, 36.39475180174959)	(58, 36.38901311835313)	(60, 36.39078262682604)	(62, 36.34016982725425)	(64, 36.31935494991438)	(66, 36.32033976564186)	(68, 36.315258635110396)	(70, 36.31198871570669)	(72, 36.32130851955796)	(74, 36.303975115858606)	(76, 36.2816298879292)	(78, 36.22236942016889)	(80, 36.22515476218747)	(82, 36.19891003884498)	(84, 36.22511234075965)	(86, 36.19818370493573)	(88, 36.19485767977265)	(90, 36.15904719399741)	(92, 36.14519124157442)	(94, 36.16862026856289)	(96, 36.14866992305839)	(98, 36.098778301582044)	(100, 36.00333531392147)
SRR19077167_2	(1, 36.251766405308835)	(2, 36.07742348751576)	(3, 36.25623468512505)	(4, 36.25686560192246)	(5, 36.21439184190467)	(6, 36.208482505217944)	(7, 36.1308640643565)	(8, 36.23936618931203)	(9, 36.20446403905569)	(10, 36.1992244605519)	(12, 36.16023938954943)	(14, 36.18178098783015)	(16, 36.161809687329054)	(18, 36.180094248829306)	(20, 36.18119962490003)	(22, 36.156830719317306)	(24, 36.146752236773104)	(26, 36.127363902618754)	(28, 36.0784459697114)	(30, 36.103825995347826)	(32, 36.08553103928462)	(34, 36.08351431437753)	(36, 36.07376457370944)	(38, 36.026653373421325)	(40, 36.042734411977506)	(42, 36.01124784323186)	(44, 35.97250009171266)	(46, 36.006309375312476)	(48, 35.993385947883375)	(50, 35.98926302465692)	(52, 35.94652734100417)	(54, 35.94892067530269)	(56, 35.928267508058624)	(58, 35.915289785625134)	(60, 35.884656331282685)	(62, 35.87622285743937)	(64, 35.841662138166576)	(66, 35.87187797159061)	(68, 35.859832027732914)	(70, 35.7846487620504)	(72, 35.80092317818075)	(74, 35.78470875194832)	(76, 35.8065581509311)	(78, 35.73735948575885)	(80, 35.720711915876365)	(82, 35.72588929287309)	(84, 35.680160735329075)	(86, 35.6740762944887)	(88, 35.614474796599)	(90, 35.66054025132782)	(92, 35.62620855800402)	(94, 35.610128929348676)	(96, 35.6346985937511)	(98, 35.623588132914506)	(100, 35.35276255000414)
SRR19077168_1	(1, 36.50646778852315)	(2, 36.46935003450343)	(3, 36.51373305912422)	(4, 36.53512932974852)	(5, 36.543155860440564)	(6, 36.52547037443627)	(7, 36.525578692510116)	(8, 36.57151518533398)	(9, 36.57336449658048)	(10, 36.56702841804821)	(12, 36.53937181083356)	(14, 36.53511352176652)	(16, 36.5111479252789)	(18, 36.509069760095784)	(20, 36.52201958659066)	(22, 36.51469773565965)	(24, 36.496081053757855)	(26, 36.46651067880671)	(28, 36.45115924969417)	(30, 36.44815122449937)	(32, 36.44022432862346)	(34, 36.42389604693301)	(36, 36.40550396083183)	(38, 36.41732663368049)	(40, 36.407814918031576)	(42, 36.37705542381464)	(44, 36.38081357671874)	(46, 36.37185223210515)	(48, 36.363482114367685)	(50, 36.35537136720815)	(52, 36.358078609365144)	(54, 36.341911844617556)	(56, 36.35926623967489)	(58, 36.35406555275128)	(60, 36.34973598861046)	(62, 36.304219562294236)	(64, 36.283755893030616)	(66, 36.28402358506385)	(68, 36.27628122232994)	(70, 36.267049291263874)	(72, 36.282660397094844)	(74, 36.26579440745324)	(76, 36.24325486906023)	(78, 36.17815704256034)	(80, 36.173044301452094)	(82, 36.14471458869399)	(84, 36.17647716616318)	(86, 36.14694124593338)	(88, 36.136492378562764)	(90, 36.11414085218104)	(92, 36.09776619020536)	(94, 36.121658438213124)	(96, 36.085627302054775)	(98, 36.05242834120695)	(100, 35.935644077162436)
SRR19077168_2	(1, 36.18784572133172)	(2, 36.01257558365338)	(3, 36.19413771563249)	(4, 36.197350381833736)	(5, 36.14599948818875)	(6, 36.140906200917506)	(7, 36.05396188244678)	(8, 36.17065164648621)	(9, 36.1392030578426)	(10, 36.13247589874153)	(12, 36.097222888232416)	(14, 36.116789496263905)	(16, 36.098164451160365)	(18, 36.112418756226305)	(20, 36.122084432714004)	(22, 36.10208002985705)	(24, 36.075454949129885)	(26, 36.06136817249291)	(28, 36.013520388887486)	(30, 36.0258940867989)	(32, 36.02125884137233)	(34, 36.00843369755239)	(36, 36.00208270162865)	(38, 35.95114999590189)	(40, 35.969199121154126)	(42, 35.93837425202571)	(44, 35.89730141326977)	(46, 35.923773048030796)	(48, 35.91426117931164)	(50, 35.90511756977881)	(52, 35.86147607310245)	(54, 35.86263487054362)	(56, 35.841825777391605)	(58, 35.83012745324643)	(60, 35.79708590427571)	(62, 35.7989706721579)	(64, 35.748839275265254)	(66, 35.78338144145696)	(68, 35.758104450406144)	(70, 35.68936502703846)	(72, 35.697464280013904)	(74, 35.65716029919946)	(76, 35.701952605833114)	(78, 35.64014328488474)	(80, 35.60540307362275)	(82, 35.61962780829983)	(84, 35.57511553672761)	(86, 35.5558496699875)	(88, 35.50583591453838)	(90, 35.52356623620994)	(92, 35.50228014833342)	(94, 35.48321736406632)	(96, 35.52180169805001)	(98, 35.493144275805875)	(100, 35.25006908338613)
SRR19077169_1	(1, 36.51335196700051)	(2, 36.44664978285025)	(3, 36.49149606182627)	(4, 36.537399869838026)	(5, 36.551252011487094)	(6, 36.52061958177221)	(7, 36.53588686811038)	(8, 36.5678107146054)	(9, 36.579070923470276)	(10, 36.56902107291426)	(12, 36.556773248281615)	(14, 36.55485271977284)	(16, 36.528918639342976)	(18, 36.53132174977)	(20, 36.540111653938744)	(22, 36.53294701115395)	(24, 36.50236560977925)	(26, 36.48823411118686)	(28, 36.473218897580566)	(30, 36.4653622022814)	(32, 36.46963350721914)	(34, 36.44767535691908)	(36, 36.43831383034927)	(38, 36.432038946293716)	(40, 36.44200425213734)	(42, 36.4097286587192)	(44, 36.41328143455458)	(46, 36.419724950381635)	(48, 36.40449727797254)	(50, 36.39548203340735)	(52, 36.40751885295937)	(54, 36.389784478958376)	(56, 36.40629574766075)	(58, 36.39590832397275)	(60, 36.39988249079141)	(62, 36.3655361912883)	(64, 36.34247000856754)	(66, 36.33908431655877)	(68, 36.33815844360197)	(70, 36.326541668994196)	(72, 36.33531511110543)	(74, 36.3268238526195)	(76, 36.30405207555856)	(78, 36.26980321582188)	(80, 36.28542962537715)	(82, 36.262052696082556)	(84, 36.262475500406836)	(86, 36.261343306585296)	(88, 36.22765694310495)	(90, 36.20829185626187)	(92, 36.20277401148575)	(94, 36.2226034817992)	(96, 36.20603582752125)	(98, 36.174456136289145)	(100, 36.07424120077451)
SRR19077169_2	(1, 36.2410150480435)	(2, 36.11397520999892)	(3, 36.25673376895644)	(4, 36.25255989032474)	(5, 36.21001350750181)	(6, 36.195698409183755)	(7, 36.13154015806536)	(8, 36.223765261558945)	(9, 36.1816081532277)	(10, 36.187201322348756)	(12, 36.150757894014234)	(14, 36.173513060953354)	(16, 36.14794717604373)	(18, 36.1416549280845)	(20, 36.16153943793448)	(22, 36.13712739115424)	(24, 36.120430220999424)	(26, 36.08676601332175)	(28, 36.047721552979084)	(30, 36.080054837630676)	(32, 36.05891569824766)	(34, 36.0626205361139)	(36, 36.05499842849942)	(38, 36.014647408437376)	(40, 36.019692941573155)	(42, 36.00824298158417)	(44, 35.98024445415088)	(46, 35.99326079977602)	(48, 35.98420162049641)	(50, 35.99606465294739)	(52, 35.96087629833879)	(54, 35.956413532807346)	(56, 35.937190183875664)	(58, 35.92293431127557)	(60, 35.881514926563476)	(62, 35.8877212568505)	(64, 35.84403391749184)	(66, 35.873857943077354)	(68, 35.85806144802842)	(70, 35.778155320791384)	(72, 35.79394368576449)	(74, 35.7824721756904)	(76, 35.80592477930007)	(78, 35.75634538285052)	(80, 35.732546510696636)	(82, 35.745593424868474)	(84, 35.70701645734638)	(86, 35.68614512589167)	(88, 35.638039440290044)	(90, 35.68859836281271)	(92, 35.63926158990094)	(94, 35.62845741906436)	(96, 35.65604570071764)	(98, 35.64012273184008)	(100, 35.39359589619616)
SRR19077170_1	(1, 36.4919067379736)	(2, 36.46043925763217)	(3, 36.50518671473419)	(4, 36.529372564770554)	(5, 36.53347663115718)	(6, 36.51184781339988)	(7, 36.515907039001135)	(8, 36.553430564543596)	(9, 36.55476736019784)	(10, 36.55381522284695)	(12, 36.53246524184081)	(14, 36.53151825037523)	(16, 36.5025912436373)	(18, 36.503033141473296)	(20, 36.51027317249556)	(22, 36.5031853030058)	(24, 36.47232826512703)	(26, 36.45439985214426)	(28, 36.444434419797645)	(30, 36.434719906761416)	(32, 36.43256825138954)	(34, 36.41094697012569)	(36, 36.40181301019731)	(38, 36.39982442941654)	(40, 36.40374318990702)	(42, 36.375186362761035)	(44, 36.37925577208282)	(46, 36.38668004200663)	(48, 36.36982159499268)	(50, 36.359558498167566)	(52, 36.37073483431289)	(54, 36.352327570364984)	(56, 36.36940252273718)	(58, 36.35932456973308)	(60, 36.3563552993664)	(62, 36.326114970855244)	(64, 36.30441226034593)	(66, 36.299823805427295)	(68, 36.295252273853265)	(70, 36.27715334432977)	(72, 36.29274540382626)	(74, 36.28519532308448)	(76, 36.263599663197084)	(78, 36.2211122357024)	(80, 36.23169901006403)	(82, 36.20552563273522)	(84, 36.21147061595491)	(86, 36.20490060351105)	(88, 36.16481684470574)	(90, 36.15811032448548)	(92, 36.15145746463879)	(94, 36.171565436927935)	(96, 36.138811822915955)	(98, 36.1234570414066)	(100, 36.00246121886601)
SRR19077170_2	(1, 36.17349040322104)	(2, 36.04626788387609)	(3, 36.18976963424695)	(4, 36.18989011009196)	(5, 36.136148428834254)	(6, 36.12516170708221)	(7, 36.04935873760115)	(8, 36.14859504230012)	(9, 36.107363453933345)	(10, 36.113122401918815)	(12, 36.08166384921567)	(14, 36.10167984386979)	(16, 36.07743102764626)	(18, 36.065180498072536)	(20, 36.094417784136404)	(22, 36.0756085063402)	(24, 36.043995387990165)	(26, 36.01306686147377)	(28, 35.97582195658229)	(30, 35.99524479678737)	(32, 35.98627717996517)	(34, 35.98001035606042)	(36, 35.97686185761489)	(38, 35.93272693644594)	(40, 35.93980352820806)	(42, 35.92909065939699)	(44, 35.89978303272764)	(46, 35.905054472234895)	(48, 35.89929737460713)	(50, 35.9063998983897)	(52, 35.869787977909915)	(54, 35.863990901750626)	(56, 35.84461098444189)	(58, 35.83191077742603)	(60, 35.785817394437565)	(62, 35.802159402562985)	(64, 35.74391967729545)	(66, 35.77730096775869)	(68, 35.749079582102254)	(70, 35.674613786450735)	(72, 35.68286727324724)	(74, 35.647221928310984)	(76, 35.695152378848235)	(78, 35.65171027482566)	(80, 35.611885687656)	(82, 35.63198178794204)	(84, 35.59502701103561)	(86, 35.56177100464618)	(88, 35.522966167168235)	(90, 35.54637354335317)	(92, 35.509451046409694)	(94, 35.494956343578636)	(96, 35.53593930869934)	(98, 35.503755240192774)	(100, 35.28273114634739)
