Sample	0	1	2	3	4	5	6	7	8	9	10	11	12	13	14	15	16	17	18	19	20	21	22	23	24	25	26	27	28	29	30	31	32	33	34	35	36	37	38	39	40	41	42	43	44	45	46	47	48	49
SRR19077097_1 - illumina_universal_adapter	(1, 0.00021170257281579632)	(2, 0.00021170257281579632)	(3, 0.00021170257281579632)	(4, 0.00021170257281579632)	(5, 0.00021170257281579632)	(6, 0.0002172736931530541)	(7, 0.0002172736931530541)	(8, 0.0002172736931530541)	(9, 0.0002228448134903119)	(10, 0.0002339870541648275)	(12, 0.0002423437346707142)	(14, 0.0002674137761883743)	(16, 0.00030362605838054994)	(18, 0.00033983834057272564)	(20, 0.00039554954394530365)	(22, 0.0005236853117022329)	(24, 0.0006518210794591623)	(26, 0.0008440247310945563)	(28, 0.0010891540259338995)	(30, 0.0013677100427967894)	(32, 0.0016323382588165347)	(34, 0.0020195311222559516)	(36, 0.002470791869573833)	(38, 0.003156039671056542)	(40, 0.004130985730076657)	(42, 0.0054541268101753835)	(44, 0.006902618097862412)	(46, 0.00854609859735346)	(48, 0.010727192209389889)	(50, 0.013515537938187418)	(52, 0.016755144414302828)	(54, 0.020939055787583434)	(56, 0.026577029568888324)	(58, 0.03381391488698621)	(60, 0.04347423755179122)	(62, 0.055683347770891685)	(64, 0.06819051292803543)	(66, 0.08298740854379216)	(68, 0.10144731578129587)	(70, 0.1232136829389621)	(72, 0.1501194086077486)	(74, 0.1831227254856638)	(76, 0.22384204403068106)	(78, 0.2763721376906848)	(80, 0.34134811418412253)	(82, 0.41986191309709664)	(84, 0.5165849188323979)	(86, 0.633402955624188)	(88, 0.7777673969235493)	(90, 0.9054240483314745)
SRR19077097_1 - polya	(1, 0.29110217986239445)	(2, 0.2969407139758406)	(3, 0.3019435800386981)	(4, 0.30660103664064564)	(5, 0.31125849324259314)	(6, 0.3153588378108149)	(7, 0.31921962420453454)	(8, 0.32454004412661575)	(9, 0.3306849898586111)	(10, 0.339024957003486)	(12, 0.3464986149359174)	(14, 0.3525655649831911)	(16, 0.3592564805082377)	(18, 0.36397521943389505)	(20, 0.3683931178613405)	(22, 0.3725547447532721)	(24, 0.37649352683171333)	(26, 0.38067743820499395)	(28, 0.38474714161136075)	(30, 0.3888948407024492)	(32, 0.39286147838257673)	(34, 0.39681418826186116)	(36, 0.4006304056928828)	(38, 0.4043769841196886)	(40, 0.4088784493521929)	(42, 0.4128311592314773)	(44, 0.41711535077082856)	(46, 0.4218675164185095)	(48, 0.42623527476291956)	(50, 0.43089273136486705)	(52, 0.4356281836515362)	(54, 0.44138315095992353)	(56, 0.4462244545330005)	(58, 0.4506507096409519)	(60, 0.4553610918861033)	(62, 0.46014111313547057)	(64, 0.4648236397789357)	(66, 0.47013291746034236)	(68, 0.47515806800454896)	(70, 0.48080161290619106)	(72, 0.486116461707935)	(74, 0.4908574851149414)	(76, 0.49650938669708944)	(78, 0.5018019510174843)	(80, 0.5067463203168007)	(82, 0.5115514116076855)	(84, 0.5173620901194453)	(86, 0.5234401824073937)	(88, 0.5286213243210434)	(90, 0.5328999447400574)
SRR19077097_2 - illumina_universal_adapter	(1, 0.00021170257281579632)	(2, 0.00021170257281579632)	(3, 0.0002172736931530541)	(4, 0.0002228448134903119)	(5, 0.0002228448134903119)	(6, 0.0002228448134903119)	(7, 0.0002228448134903119)	(8, 0.0002228448134903119)	(9, 0.0002228448134903119)	(10, 0.0002339870541648275)	(12, 0.0002423437346707142)	(14, 0.0002729848965256321)	(16, 0.00030362605838054994)	(18, 0.00032869609989821005)	(20, 0.00038440730327078806)	(22, 0.000520899751533604)	(24, 0.0006852478014827091)	(26, 0.0009025214946357632)	(28, 0.0011727208309927663)	(30, 0.0014930602503850899)	(32, 0.0018356841511264442)	(34, 0.0022535181764207794)	(36, 0.002766061247448497)	(38, 0.003526519173484186)	(40, 0.004598959838406312)	(42, 0.006000096603226648)	(44, 0.00754051137647843)	(46, 0.009267558681028347)	(48, 0.011562860259978559)	(50, 0.014476556196364388)	(52, 0.01785822624107987)	(54, 0.02210620549823894)	(56, 0.02785281612612036)	(58, 0.035178839369614356)	(60, 0.044992367843693974)	(62, 0.05737418279324943)	(64, 0.07008469384270309)	(66, 0.08502922414739714)	(68, 0.10364790831451269)	(70, 0.12584882285848503)	(72, 0.15311110022885605)	(74, 0.18674673926505)	(76, 0.22820980237509114)	(78, 0.28153378068315416)	(80, 0.3479443206634357)	(82, 0.42829380372753634)	(84, 0.5269026336969994)	(86, 0.6456622059263238)	(88, 0.7923191632444668)	(90, 0.9213741658570436)
SRR19077097_2 - polya	(1, 0.2636532699607253)	(2, 0.267948603740751)	(3, 0.272422213371569)	(4, 0.2768958230023871)	(5, 0.2808346050808283)	(6, 0.2848346694829794)	(7, 0.28893501405120114)	(8, 0.2938765977903488)	(9, 0.3005340865933719)	(10, 0.3093726690084314)	(12, 0.31811097125742027)	(14, 0.32633673043538136)	(16, 0.33466276977941317)	(18, 0.34150689111373433)	(20, 0.34807245643119267)	(22, 0.3548525098816354)	(24, 0.3617412001786547)	(26, 0.3691563613475448)	(28, 0.37614811737080334)	(30, 0.3828056061738264)	(32, 0.3890146197897002)	(34, 0.3952041344843936)	(36, 0.4005941934106906)	(38, 0.405995394577662)	(40, 0.4111848931718176)	(42, 0.416519240894742)	(44, 0.4218313041363173)	(46, 0.42806260223354015)	(48, 0.4336420792513038)	(50, 0.43892628689119284)	(52, 0.44446119494625846)	(54, 0.4505560005952185)	(56, 0.45647531595355495)	(58, 0.46197958284676566)	(60, 0.4675813443458783)	(62, 0.47335859613561465)	(64, 0.4791859880083863)	(66, 0.48504680660318156)	(68, 0.49152880511558095)	(70, 0.4985428456201885)	(72, 0.5049357062071919)	(74, 0.5108188092833361)	(76, 0.5170278228992099)	(78, 0.5236351716191976)	(80, 0.5293511410852242)	(82, 0.5349751870656859)	(84, 0.5407496532952536)	(86, 0.5469085268280921)	(88, 0.553507518867574)	(90, 0.5590452124828083)
SRR19077097_2 - polyg	(1, 0.1800976071425328)	(2, 0.1854347404256258)	(3, 0.1877578976062623)	(4, 0.18918410441260028)	(5, 0.18982478325138494)	(6, 0.19094457843917376)	(7, 0.19215908267269596)	(8, 0.19300589296395915)	(9, 0.1942371105584931)	(10, 0.19582209429444297)	(12, 0.1979474767031068)	(14, 0.19984722873811173)	(16, 0.2014043568723753)	(18, 0.20287791820157997)	(20, 0.2044434030163494)	(22, 0.20610638243702084)	(24, 0.20726238990700185)	(26, 0.2087136667548575)	(28, 0.21018165696372493)	(30, 0.21141566011842755)	(32, 0.21299785829420875)	(34, 0.21403408667693868)	(36, 0.2151538818647275)	(38, 0.21656058974988512)	(40, 0.21818178576802713)	(42, 0.21929043871514142)	(44, 0.22076678560451474)	(46, 0.22236569714130772)	(48, 0.22382533066966928)	(50, 0.22517075623111704)	(52, 0.2267863811289218)	(54, 0.22898140254180138)	(56, 0.2316917525858773)	(58, 0.23377813715218032)	(60, 0.2368394677775035)	(62, 0.2387754320947006)	(64, 0.2418896883632277)	(66, 0.24747473650132862)	(68, 0.24993995725056523)	(70, 0.25186199376691915)	(72, 0.25534951509804255)	(74, 0.2572910505355769)	(76, 0.2595222842306486)	(78, 0.2638009046496626)	(80, 0.26942216506995575)	(82, 0.27798776258848956)	(84, 0.2826090069082449)	(86, 0.28597117803178)	(88, 0.28841411429966757)	(90, 0.29077348376249623)
SRR19077098_1 - illumina_universal_adapter	(1, 8.455259585770069e-05)	(2, 8.455259585770069e-05)	(3, 8.455259585770069e-05)	(4, 9.01894355815474e-05)	(5, 9.01894355815474e-05)	(6, 9.01894355815474e-05)	(7, 9.01894355815474e-05)	(8, 0.00010146311502924083)	(9, 0.00010146311502924083)	(10, 0.00011273679447693425)	(12, 0.0001409209930961678)	(14, 0.00016910519171540138)	(16, 0.00018319729102501815)	(18, 0.0002254735889538685)	(20, 0.0002818419861923356)	(22, 0.00036075774232618963)	(24, 0.0004763129566650472)	(26, 0.0006115971100373683)	(28, 0.0008398891188531601)	(30, 0.0011780995022839628)	(32, 0.0015304019850243824)	(34, 0.0019757123232082728)	(36, 0.0024858463182164)	(38, 0.0030918065885299217)	(40, 0.0039514246464165455)	(42, 0.0051858925459389756)	(44, 0.006552826178971804)	(46, 0.00824669651598774)	(48, 0.010580348161660279)	(50, 0.013328307527035552)	(52, 0.016606129826452418)	(54, 0.020636470229002814)	(56, 0.02626203627340183)	(58, 0.03358429107467871)	(60, 0.043586863164644704)	(62, 0.055596150196300126)	(64, 0.06819448697909752)	(66, 0.08295455179599015)	(68, 0.10040057074129571)	(70, 0.12130479085718127)	(72, 0.14793885855235697)	(74, 0.1804859711178479)	(76, 0.22028487798806762)	(78, 0.27106998548006456)	(80, 0.3347296349013274)	(82, 0.4121178074700189)	(84, 0.5075325934755722)	(86, 0.6240404337277599)	(88, 0.7653137293066681)	(90, 0.8893467505901912)
SRR19077098_1 - polya	(1, 0.2892882514675371)	(2, 0.29517874897895696)	(3, 0.30029699944820976)	(4, 0.3054039762380149)	(5, 0.3098345322609584)	(6, 0.31383668846488955)	(7, 0.31751190796483764)	(8, 0.3227710794271866)	(9, 0.32912379779596185)	(10, 0.3373986785105688)	(12, 0.34478575696867)	(14, 0.3509890990847633)	(16, 0.3577476699136555)	(18, 0.3626883599316071)	(20, 0.36698926864090214)	(22, 0.37149310358025567)	(24, 0.37552062556294413)	(26, 0.3795932422634234)	(28, 0.38369122474265993)	(30, 0.38765110464866226)	(32, 0.39156870825673573)	(34, 0.39595416956188845)	(36, 0.4002438045917358)	(38, 0.40422623185663353)	(40, 0.40882589307129247)	(42, 0.41279140981701856)	(44, 0.4173459763138867)	(46, 0.42199073224633643)	(48, 0.42632264357411265)	(50, 0.43058409440534073)	(52, 0.4350794740851085)	(54, 0.44045701918165825)	(56, 0.4449608541210118)	(58, 0.4491546628755537)	(60, 0.4538247845867608)	(62, 0.4584441747404531)	(64, 0.46354833311039634)	(66, 0.469261270170515)	(68, 0.47442179693769665)	(70, 0.4802671997313257)	(72, 0.48578848424083354)	(74, 0.4906558953423752)	(76, 0.49610953777519684)	(78, 0.5013377066190647)	(80, 0.506176933521987)	(82, 0.5111739919371772)	(84, 0.5172364130601743)	(86, 0.5236285893070165)	(88, 0.5288454844714366)	(90, 0.5330759326841836)
SRR19077098_2 - illumina_universal_adapter	(1, 7.891575613385397e-05)	(2, 7.891575613385397e-05)	(3, 7.891575613385397e-05)	(4, 7.891575613385397e-05)	(5, 7.891575613385397e-05)	(6, 7.891575613385397e-05)	(7, 7.891575613385397e-05)	(8, 9.01894355815474e-05)	(9, 9.01894355815474e-05)	(10, 0.00010709995475308753)	(12, 0.00013810257323424444)	(14, 0.00016910519171540138)	(16, 0.00018883413074886486)	(18, 0.0002564762074350254)	(20, 0.0003212998642592626)	(22, 0.0004002156203931166)	(24, 0.0005665023922465946)	(26, 0.0007327891641000727)	(28, 0.0009667180126397112)	(30, 0.0013190204953801308)	(32, 0.0017389650548067107)	(34, 0.0022434622100909914)	(36, 0.0028409672208187433)	(38, 0.003480748529475345)	(40, 0.004439011282529286)	(42, 0.005755213358047493)	(44, 0.007181333808180711)	(46, 0.008911843603401652)	(48, 0.011282134707279196)	(50, 0.014137194027407554)	(52, 0.017547482060334817)	(54, 0.021763838173772157)	(56, 0.02753314363112927)	(58, 0.03499631942550231)	(60, 0.0451313572489787)	(62, 0.05724492581552529)	(64, 0.07008282828658619)	(66, 0.08515291928829036)	(68, 0.10288641705951213)	(70, 0.12413166597869038)	(72, 0.1511997703326023)	(74, 0.1843274773896494)	(76, 0.2247971681870069)	(78, 0.2766983699443255)	(80, 0.3417108608993116)	(82, 0.42044623816200244)	(84, 0.5171434052047309)	(86, 0.6351027316858091)	(88, 0.7786363999939798)	(90, 0.9041660022241842)
SRR19077098_2 - polya	(1, 0.2620172208835667)	(2, 0.2664477769065102)	(3, 0.2709177908075207)	(4, 0.2753821678688073)	(5, 0.27944069246997694)	(6, 0.28358376966700427)	(7, 0.2880481467282909)	(8, 0.2928281868141129)	(9, 0.29907380522813504)	(10, 0.30807583826711826)	(12, 0.3169313134732814)	(14, 0.32553313089187147)	(16, 0.33377700898799734)	(18, 0.34083151390239147)	(20, 0.34769436626617484)	(22, 0.3549405237311798)	(24, 0.3617554629573104)	(26, 0.3689621625442485)	(28, 0.3761237674133957)	(30, 0.3830796276326226)	(32, 0.3891984171528582)	(34, 0.39551731448329036)	(36, 0.40124716206258054)	(38, 0.4065006966852057)	(40, 0.4120839864316759)	(42, 0.41778283139248484)	(44, 0.42319701594723963)	(46, 0.4294933659187764)	(48, 0.4347187163427823)	(50, 0.44054157177751596)	(52, 0.4462319614787392)	(54, 0.4526297745653053)	(56, 0.45892894295670394)	(58, 0.4648138036283999)	(60, 0.47075221427747244)	(62, 0.4763862355814572)	(64, 0.4822119094360528)	(66, 0.4882602384597403)	(68, 0.49475669624147367)	(70, 0.5015180854902278)	(72, 0.50805681956989)	(74, 0.5141953380291591)	(76, 0.5206523379328254)	(78, 0.5272953535473788)	(80, 0.5332337641964513)	(82, 0.5391158064482854)	(84, 0.545048580257634)	(86, 0.5511955539764888)	(88, 0.5576722828191887)	(90, 0.5633908567190312)
SRR19077098_2 - polyg	(1, 0.1815626075051026)	(2, 0.18701906835778623)	(3, 0.1891159727350572)	(4, 0.1904688142687804)	(5, 0.19113959819591816)	(6, 0.19208658726952443)	(7, 0.1929659342664445)	(8, 0.1938340075839169)	(9, 0.1950402912848201)	(10, 0.19662142482735911)	(12, 0.19858022663139585)	(14, 0.20025718644924023)	(16, 0.20163257534185883)	(18, 0.20303051159337282)	(20, 0.20465673985370259)	(22, 0.20635061019071854)	(24, 0.20745261235673057)	(26, 0.20882236440962532)	(28, 0.21024284802003468)	(30, 0.21149704485859055)	(32, 0.21307535998126764)	(34, 0.21431828314037585)	(36, 0.215564024719346)	(38, 0.2171930713995377)	(40, 0.21887566805710593)	(42, 0.22007067807856143)	(44, 0.22142633803214656)	(46, 0.2232414004232252)	(48, 0.22491272340134577)	(50, 0.22647694642471322)	(52, 0.22867249549715152)	(54, 0.23098359978392866)	(56, 0.23378229070681855)	(58, 0.23603984501621916)	(60, 0.2395797803627949)	(62, 0.2421614529563167)	(64, 0.2458084882576455)	(66, 0.2529588194473451)	(68, 0.2559068866229169)	(70, 0.2582095356501083)	(72, 0.2618114762336463)	(74, 0.263699817541135)	(76, 0.265683985123929)	(78, 0.26988906755791864)	(80, 0.27543008100646)	(82, 0.28426864569345167)	(84, 0.2889838621224494)	(86, 0.2924843395909582)	(88, 0.29481799123663077)	(90, 0.2970332692481025)
SRR19077099_1 - illumina_universal_adapter	(1, 9.940911223686409e-05)	(2, 9.940911223686409e-05)	(3, 9.940911223686409e-05)	(4, 9.940911223686409e-05)	(5, 9.940911223686409e-05)	(6, 9.940911223686409e-05)	(7, 9.940911223686409e-05)	(8, 9.940911223686409e-05)	(9, 9.940911223686409e-05)	(10, 9.940911223686409e-05)	(12, 9.940911223686409e-05)	(14, 0.0001242613902960801)	(16, 0.0001491136683552961)	(18, 0.0001491136683552961)	(20, 0.0002236705025329442)	(22, 0.0002423097110773562)	(24, 0.00034793189282902425)	(26, 0.00045355407458069237)	(28, 0.0005529631868175565)	(30, 0.0007642075503208926)	(32, 0.0008884689406169727)	(34, 0.001136991721209133)	(36, 0.001379301432286489)	(38, 0.0017148071860859054)	(40, 0.002162148191151794)	(42, 0.002814520490206214)	(44, 0.003442040511201419)	(46, 0.004299444104244371)	(48, 0.005473714242542328)	(50, 0.006890294091917642)	(52, 0.008356578497411386)	(54, 0.01033233460311906)	(56, 0.012873480034673899)	(58, 0.01588681874935384)	(60, 0.020701947623326944)	(62, 0.026890164860071734)	(64, 0.03343252705916035)	(66, 0.04120507702218017)	(68, 0.0508726131872152)	(70, 0.06250347931892829)	(72, 0.0778932525070978)	(74, 0.09682447531870561)	(76, 0.12091875889711554)	(78, 0.15348766929371815)	(80, 0.19646347112761745)	(82, 0.24941746260229197)	(84, 0.3135177007865249)	(86, 0.39420062150576973)	(88, 0.49088840929514965)	(90, 0.5772562886204401)
SRR19077099_1 - polya	(1, 0.6146838193776194)	(2, 0.622400451715006)	(3, 0.6277064130806487)	(4, 0.6329750960292024)	(5, 0.6374360799408317)	(6, 0.6415615580986616)	(7, 0.6454757918929881)	(8, 0.6513036510978742)	(9, 0.6576782604200632)	(10, 0.666270935559037)	(12, 0.6742857952331343)	(14, 0.6803186857320089)	(16, 0.685736482348918)	(18, 0.6893276365284748)	(20, 0.6929187907080314)	(22, 0.6965596494437066)	(24, 0.6997034626181974)	(26, 0.7026608837072441)	(28, 0.7059351713415458)	(30, 0.7088553140135037)	(32, 0.7119680618404205)	(34, 0.7151367272929705)	(36, 0.7180320176868693)	(38, 0.7209210950112531)	(40, 0.7243382832443953)	(42, 0.7280102073276444)	(44, 0.7319182280524562)	(46, 0.7355218083710424)	(48, 0.7389389966041847)	(50, 0.7423810371153862)	(52, 0.7459162736693097)	(54, 0.7499050642978138)	(56, 0.7540678208727325)	(58, 0.7574042392021823)	(60, 0.761405455969716)	(62, 0.7651705760956873)	(64, 0.7689605484997177)	(66, 0.7727567339732629)	(68, 0.7770437519384776)	(70, 0.7814239659464146)	(72, 0.7859222282751326)	(74, 0.7899793626682996)	(76, 0.7947447869861544)	(78, 0.7990566572294282)	(80, 0.8032939706385246)	(82, 0.8073635311707212)	(84, 0.8122470038093572)	(86, 0.8172423116992596)	(88, 0.8216908694718592)	(90, 0.8253814327636528)
SRR19077099_2 - illumina_universal_adapter	(1, 9.940911223686409e-05)	(2, 9.940911223686409e-05)	(3, 9.940911223686409e-05)	(4, 9.940911223686409e-05)	(5, 9.940911223686409e-05)	(6, 9.940911223686409e-05)	(7, 9.940911223686409e-05)	(8, 9.940911223686409e-05)	(9, 9.940911223686409e-05)	(10, 0.00010562218175166809)	(12, 0.0001180483207812761)	(14, 0.0001491136683552961)	(16, 0.00017396594641451213)	(18, 0.00017396594641451213)	(20, 0.0002485227805921602)	(22, 0.00027958812816618024)	(24, 0.0004100625879770643)	(26, 0.0005467501173027525)	(28, 0.0006461592295396166)	(30, 0.0008201251759541288)	(32, 0.0009630257747946208)	(34, 0.001261253111505213)	(36, 0.0015470543091861972)	(38, 0.0019384776886188495)	(40, 0.00249765394495121)	(42, 0.0032929268428461226)	(44, 0.004013642906563387)	(46, 0.004926964125239576)	(48, 0.006213069514804005)	(50, 0.007629649364179318)	(52, 0.009164277534335907)	(54, 0.011220803543736033)	(56, 0.013811653531409304)	(58, 0.016949253636385324)	(60, 0.021870004692110097)	(62, 0.02820112252769538)	(64, 0.034911237603683705)	(66, 0.042857753513118026)	(68, 0.05271789483311198)	(70, 0.06464077523202087)	(72, 0.08027285813126775)	(74, 0.09975083106017829)	(76, 0.12453476535473149)	(78, 0.1579362270663178)	(80, 0.20202416834336703)	(82, 0.25664326244800906)	(84, 0.32213522820355805)	(86, 0.4046261521516108)	(88, 0.5033145483247576)	(90, 0.5911611381945715)
SRR19077099_2 - polya	(1, 0.59881563983681)	(2, 0.6048298911271403)	(3, 0.6095269716803321)	(4, 0.614696245516649)	(5, 0.619008115759923)	(6, 0.6233075598641674)	(7, 0.6276194301074414)	(8, 0.6329999483072616)	(9, 0.6396976372442204)	(10, 0.6498932843180137)	(12, 0.659014070365746)	(14, 0.666618867451866)	(16, 0.6733662609449433)	(18, 0.6790947110375926)	(20, 0.684469016167898)	(22, 0.6901166963568548)	(24, 0.6951865610809349)	(26, 0.7008342412698918)	(28, 0.7063079555124341)	(30, 0.7115269339048695)	(32, 0.7166402901155532)	(34, 0.7215175496846743)	(36, 0.7259288290401851)	(38, 0.7299673242248077)	(40, 0.7338877710886491)	(42, 0.7384357379734856)	(44, 0.7425984945484043)	(46, 0.7478796036359876)	(48, 0.7521790477402321)	(50, 0.7569755374056608)	(52, 0.7617471747930302)	(54, 0.7674010680515019)	(56, 0.7726324725829667)	(58, 0.7773668315532475)	(60, 0.7821136166625577)	(62, 0.7864379130448613)	(64, 0.7911474197370827)	(66, 0.7957637303865821)	(68, 0.8006658422337625)	(70, 0.806294883214175)	(72, 0.8113212564516514)	(74, 0.816186089881743)	(76, 0.8211130540069825)	(78, 0.8264687199287435)	(80, 0.8311409482038762)	(82, 0.8353906877520021)	(84, 0.8398889500807202)	(86, 0.8453564512537477)	(88, 0.8504076767692834)	(90, 0.8545455810661429)
SRR19077099_2 - polyg	(1, 0.1568303006926827)	(2, 0.1633664498222565)	(3, 0.16606292199168143)	(4, 0.16776530303873774)	(5, 0.16893336010752089)	(6, 0.1704866274862219)	(7, 0.17191563347462682)	(8, 0.17319552579467645)	(9, 0.17471151475628863)	(10, 0.17661271402781864)	(12, 0.17893018895684054)	(14, 0.1811855331907144)	(16, 0.18334146831235137)	(18, 0.18557817333768084)	(20, 0.18817523639486888)	(22, 0.19087792163380862)	(24, 0.19284746467000152)	(26, 0.19447528888288018)	(28, 0.19589808180177026)	(30, 0.19707235194006822)	(32, 0.1985572755541064)	(34, 0.19989929856930405)	(36, 0.20111706019420564)	(38, 0.20267032757290665)	(40, 0.20437270861996293)	(42, 0.20575201005224944)	(44, 0.20785824061776798)	(46, 0.2103558945627192)	(48, 0.21216389779152717)	(50, 0.21389113111664268)	(52, 0.21677399537151174)	(54, 0.2196692857654104)	(56, 0.22252729774222024)	(58, 0.22453411919550192)	(60, 0.22808799495796983)	(62, 0.23046760058213978)	(64, 0.23389100188479678)	(66, 0.24040851180582617)	(68, 0.2430614924886475)	(70, 0.24501239631629593)	(72, 0.24787662136262056)	(74, 0.2493491188376291)	(76, 0.25104528681517063)	(78, 0.25403998632130614)	(80, 0.2580971207144732)	(82, 0.2638877015022705)	(84, 0.2674167249866792)	(86, 0.270243671615915)	(88, 0.2725984249620257)	(90, 0.2747295078056035)
SRR19077100_1 - illumina_universal_adapter	(1, 6.241284046828604e-05)	(2, 6.241284046828604e-05)	(3, 6.241284046828604e-05)	(4, 6.241284046828604e-05)	(5, 6.241284046828604e-05)	(6, 6.241284046828604e-05)	(7, 6.241284046828604e-05)	(8, 6.241284046828604e-05)	(9, 6.241284046828604e-05)	(10, 6.241284046828604e-05)	(12, 6.865412451511465e-05)	(14, 8.113669260877185e-05)	(16, 0.00010610182879608626)	(18, 0.0001248256809365721)	(20, 0.00019972108949851532)	(22, 0.00028085778210728716)	(24, 0.0003370293385287446)	(26, 0.00042440731518434506)	(28, 0.0005554742801677458)	(30, 0.0007427128015726038)	(32, 0.0009237100389306334)	(34, 0.001198326536991092)	(36, 0.0015041494552856935)	(38, 0.0017974898054866379)	(40, 0.0023092750973265834)	(42, 0.0028772319455879864)	(44, 0.0035325667705049897)	(46, 0.004269038288030765)	(48, 0.005105370350305798)	(50, 0.00639107486395249)	(52, 0.00800132614803427)	(54, 0.010048467315394053)	(56, 0.012438879105329408)	(58, 0.015703070661820768)	(60, 0.019972108949851533)	(62, 0.02575777926126165)	(64, 0.03145607159601616)	(66, 0.03884575190746123)	(68, 0.04856343116837336)	(70, 0.060265838756177)	(72, 0.07530109202498711)	(74, 0.09465531385420262)	(76, 0.11908369961348976)	(78, 0.15093921338850297)	(80, 0.19382931735830913)	(82, 0.24531366946059827)	(84, 0.3084692227304569)	(86, 0.3862980347944096)	(88, 0.482744597170052)	(90, 0.5664839052263514)
SRR19077100_1 - polya	(1, 0.6160022528538895)	(2, 0.6237664102081443)	(3, 0.6291838447607916)	(4, 0.6342517674068164)	(5, 0.6392447946442793)	(6, 0.6433515595470924)	(7, 0.6475831501308423)	(8, 0.6538618818819518)	(9, 0.6602779218820917)	(10, 0.6688908938667151)	(12, 0.6769171851509368)	(14, 0.6822222765907411)	(16, 0.6875523331667326)	(18, 0.6916154090812181)	(20, 0.6952665602486128)	(22, 0.6988802637117266)	(24, 0.7019634580308599)	(26, 0.7051714780309298)	(28, 0.7081423292372202)	(30, 0.7113316253851496)	(32, 0.7144335435564235)	(34, 0.717691493828868)	(36, 0.720643621183018)	(38, 0.7236706439457298)	(40, 0.7271283153076729)	(42, 0.7304424371365388)	(44, 0.7343619635179471)	(46, 0.7380380798215291)	(48, 0.7414832686153786)	(50, 0.7448660445687597)	(52, 0.7482176141019068)	(54, 0.7527363037518107)	(56, 0.7564623503277672)	(58, 0.7597577483044928)	(60, 0.7635961379932923)	(62, 0.7675281469427944)	(64, 0.7717909439467783)	(66, 0.7758103308729359)	(68, 0.7797111334022038)	(70, 0.7842610294723419)	(72, 0.7886112044529814)	(74, 0.7927616583441224)	(76, 0.797111833324762)	(78, 0.8013933541808864)	(80, 0.8056873576051045)	(82, 0.8094882995896231)	(84, 0.8138010268659817)	(86, 0.8190437054653177)	(88, 0.8233751565938168)	(90, 0.8269451710686027)
SRR19077100_2 - illumina_universal_adapter	(1, 6.241284046828604e-05)	(2, 6.241284046828604e-05)	(3, 6.241284046828604e-05)	(4, 6.241284046828604e-05)	(5, 6.241284046828604e-05)	(6, 6.241284046828604e-05)	(7, 6.241284046828604e-05)	(8, 6.241284046828604e-05)	(9, 6.241284046828604e-05)	(10, 6.241284046828604e-05)	(12, 6.865412451511465e-05)	(14, 8.113669260877185e-05)	(16, 0.00010610182879608626)	(18, 0.0001373082490302293)	(20, 0.00022468622568582976)	(22, 0.0003058229182946016)	(24, 0.00036823575876288766)	(26, 0.0005055440077931169)	(28, 0.0006428522568233462)	(30, 0.0008800210506028332)	(32, 0.0010984659922418341)	(34, 0.0014354953307705789)	(36, 0.0018162136576271237)	(38, 0.0021470017121090396)	(40, 0.002677510856089471)	(42, 0.0032704328405381883)	(44, 0.003969456653782993)	(46, 0.004724652023449253)	(48, 0.0056483620623798865)	(50, 0.007027685836729008)	(52, 0.008750280233653703)	(54, 0.010853592957434943)	(56, 0.013368830428306869)	(58, 0.016670469689079204)	(60, 0.021070574942093367)	(62, 0.027055966343001996)	(64, 0.032841636654412115)	(66, 0.040374866498934237)	(68, 0.05031099070148538)	(70, 0.062269290935208985)	(72, 0.07761036712231369)	(74, 0.09730785957410476)	(76, 0.12239158015830892)	(78, 0.15493363517847325)	(80, 0.19914065008216025)	(82, 0.25218532319615655)	(84, 0.3170634708629399)	(86, 0.3970330433549548)	(88, 0.4953707147967863)	(90, 0.5806141723083713)
SRR19077100_2 - polya	(1, 0.5987763088846426)	(2, 0.6051049709081268)	(3, 0.610085515577496)	(4, 0.6155029501301432)	(5, 0.6196970930096121)	(6, 0.6235042762781775)	(7, 0.6278482099747702)	(8, 0.6331158537102936)	(9, 0.6403931909088957)	(10, 0.6497551169791387)	(12, 0.6584180192361367)	(14, 0.6654519463569126)	(16, 0.6719803294698953)	(18, 0.6779657208708039)	(20, 0.6840135251121808)	(22, 0.6900488467854642)	(24, 0.6953913859295494)	(26, 0.7012020213771468)	(28, 0.706401010988155)	(30, 0.7118434106769895)	(32, 0.7167989902101715)	(34, 0.7217296046071661)	(36, 0.7262607768251637)	(38, 0.7303925068641641)	(40, 0.7344181350743686)	(42, 0.7384063155802921)	(44, 0.742600458459761)	(46, 0.7476496572536453)	(48, 0.7518937304054887)	(50, 0.7565559695884697)	(52, 0.7613243106002467)	(54, 0.7670850157754696)	(56, 0.7719095283436681)	(58, 0.776428217993572)	(60, 0.7812901782660515)	(62, 0.7858525569042831)	(64, 0.7905896914958261)	(66, 0.795763715970647)	(68, 0.8008503624688124)	(70, 0.8063364511459746)	(72, 0.8115104756207956)	(74, 0.8163100230528068)	(76, 0.8212718438700355)	(78, 0.8266019004460271)	(80, 0.8312891047651954)	(82, 0.8354707650765706)	(84, 0.8405137225864081)	(86, 0.8456066103686202)	(88, 0.8504498467889592)	(90, 0.855442874026422)
SRR19077100_2 - polyg	(1, 0.15710560202676963)	(2, 0.1637837759568762)	(3, 0.1663926326884506)	(4, 0.16797791883634505)	(5, 0.1690389371243059)	(6, 0.17024974622939065)	(7, 0.17164779385588028)	(8, 0.17279619012049674)	(9, 0.17411934233842438)	(10, 0.1755610789532418)	(12, 0.17744594673538405)	(14, 0.17944315763036917)	(16, 0.18138419696893288)	(18, 0.18358112895341655)	(20, 0.18602147101572652)	(22, 0.18858663875897308)	(24, 0.19066498634656703)	(26, 0.1920817578251971)	(28, 0.1938043522221218)	(30, 0.19516495214433044)	(32, 0.1967689621443654)	(34, 0.1981607684868082)	(36, 0.19950888584092313)	(38, 0.2010255178643025)	(40, 0.20291038564644476)	(42, 0.20462049747527578)	(44, 0.20694849642474283)	(46, 0.20976955681390935)	(48, 0.21203514292290815)	(50, 0.2143569005883284)	(52, 0.2176959875533817)	(54, 0.2210850047908096)	(56, 0.22440536790372245)	(58, 0.22678953840961097)	(60, 0.23104609412954807)	(62, 0.23395453249537024)	(64, 0.2378803001608254)	(66, 0.24631851619213768)	(68, 0.24945788206769248)	(70, 0.2512865782934133)	(72, 0.2542199817954227)	(74, 0.2558364743635513)	(76, 0.2574155192273989)	(78, 0.2605111961146259)	(80, 0.26431213809914456)	(82, 0.27029128821600634)	(84, 0.27343689537560795)	(86, 0.27622050806049353)	(88, 0.27871078039517816)	(90, 0.28083281697109985)
SRR19077101_1 - illumina_universal_adapter	(1, 0.00019417668288943503)	(2, 0.00019417668288943503)	(3, 0.00019417668288943503)	(4, 0.00020111156442120058)	(5, 0.0002080464459529661)	(6, 0.0002080464459529661)	(7, 0.0002080464459529661)	(8, 0.0002080464459529661)	(9, 0.0002080464459529661)	(10, 0.00021498132748473165)	(12, 0.00022885109054826273)	(14, 0.0002635254982070904)	(16, 0.000284330142802387)	(18, 0.0003398091950565113)	(20, 0.00041262545114004943)	(22, 0.0005097137925847669)	(24, 0.000582530048668305)	(26, 0.0007350974423671469)	(28, 0.0008599253099389266)	(30, 0.0011130484858483686)	(32, 0.001376573984055459)	(34, 0.0016054250746037218)	(36, 0.001931364506596702)	(38, 0.0023509248392685174)	(40, 0.002874508394916815)	(42, 0.0034084942728627617)	(44, 0.003952882473106356)	(46, 0.004611696218624082)	(48, 0.005357195983288878)	(50, 0.006331546838501935)	(52, 0.007416855798223242)	(54, 0.0087934297822787)	(56, 0.010492475757561258)	(58, 0.012819128511468596)	(60, 0.015887813589274845)	(62, 0.020041807626802403)	(64, 0.024306759768838206)	(66, 0.029206253571030558)	(68, 0.03524653538519834)	(70, 0.04303787478613692)	(72, 0.05339165291306287)	(74, 0.06685225796621977)	(76, 0.08333647136722645)	(78, 0.10550728762428088)	(80, 0.1338813554114996)	(82, 0.16968614876000504)	(84, 0.21364636278986676)	(86, 0.2691531545701181)	(88, 0.33772873059698166)	(90, 0.3997959203062832)
SRR19077101_1 - polya	(1, 0.5120369778979085)	(2, 0.5247208762195076)	(3, 0.535594770461316)	(4, 0.5459901578774324)	(5, 0.554790522541243)	(6, 0.5628280502365592)	(7, 0.5711499080746778)	(8, 0.5822318487624392)	(9, 0.5954081236727937)	(10, 0.6124748671224687)	(12, 0.6273363182450422)	(14, 0.6409252186065368)	(16, 0.6557623976437492)	(18, 0.6659948153438693)	(20, 0.6757487262182975)	(22, 0.685759227709401)	(24, 0.6949375434166927)	(26, 0.704393254385255)	(28, 0.7129474307546877)	(30, 0.7218310139968794)	(32, 0.7302846345841016)	(34, 0.7390919341294439)	(36, 0.7475004779867096)	(38, 0.755915956725507)	(40, 0.7655068978839388)	(42, 0.7745257113159999)	(44, 0.784695715082334)	(46, 0.7952956815036376)	(48, 0.80522296441636)	(50, 0.8146752079441564)	(52, 0.8248174721843635)	(54, 0.8373141287046051)	(56, 0.8477927346991028)	(58, 0.8574530246728522)	(60, 0.8678449446482028)	(62, 0.8779143926323264)	(64, 0.8889998007608535)	(66, 0.900255113486909)	(68, 0.9114202727530516)	(70, 0.923740089794233)	(72, 0.9354427023790874)	(74, 0.9456959247238027)	(76, 0.9576343232807372)	(78, 0.9690352685189596)	(80, 0.9792538164560162)	(82, 0.9898052387065974)	(84, 1.0028428159863167)	(86, 1.016237539664922)	(88, 1.0276523546662077)	(90, 1.0365775471975902)
SRR19077101_2 - illumina_universal_adapter	(1, 0.00019417668288943503)	(2, 0.00019417668288943503)	(3, 0.00019417668288943503)	(4, 0.0002080464459529661)	(5, 0.0002080464459529661)	(6, 0.0002080464459529661)	(7, 0.0002080464459529661)	(8, 0.0002080464459529661)	(9, 0.0002080464459529661)	(10, 0.00021844876825061443)	(12, 0.00023578597208002825)	(14, 0.0002739278205047387)	(16, 0.00029819990586591805)	(18, 0.00035021151735415963)	(20, 0.00042302777343769776)	(22, 0.0005374533187118291)	(24, 0.0006484114232200777)	(26, 0.000807913698450685)	(28, 0.0009986229405742372)	(30, 0.0012552135572495623)	(32, 0.0015846204300084253)	(34, 0.0019313645065967022)	(36, 0.002337055076204986)	(38, 0.002877975835682698)	(40, 0.003543724462732189)	(42, 0.004167863800591087)	(44, 0.004812807783045283)	(46, 0.00558604707383714)	(48, 0.006456374706073715)	(50, 0.007545151106560904)	(52, 0.008762222815385756)	(54, 0.010301766515437705)	(56, 0.012188054292077932)	(58, 0.014736623255001767)	(60, 0.01803762686412216)	(62, 0.0223961999068368)	(64, 0.026924677547079695)	(66, 0.03203915267675678)	(68, 0.038415776245215194)	(70, 0.04648797834819028)	(72, 0.05715729358481156)	(74, 0.07087102181387792)	(76, 0.08772625137683404)	(78, 0.11045185815642972)	(80, 0.13937724902542376)	(82, 0.1757298980149387)	(84, 0.22057430944010054)	(86, 0.27703117999020377)	(88, 0.346473616208538)	(90, 0.40948394980615965)
SRR19077101_2 - polya	(1, 0.4674110152409972)	(2, 0.47667601696743594)	(3, 0.48588553964162057)	(4, 0.4951921506572499)	(5, 0.5031533946557167)	(6, 0.5102893877519035)	(7, 0.5179801713706315)	(8, 0.527460154424555)	(9, 0.5391384949240481)	(10, 0.5577447820737751)	(12, 0.5745375977029453)	(14, 0.5894302557924118)	(16, 0.6033381607043676)	(18, 0.6152800267020679)	(20, 0.6268647463008822)	(22, 0.6392573795981472)	(24, 0.6515806640800945)	(26, 0.6645488925444961)	(28, 0.6772501280699247)	(30, 0.6897190450640391)	(32, 0.70152568087187)	(34, 0.7132768376274466)	(36, 0.7241195249023621)	(38, 0.7342617891425691)	(40, 0.7445496858949434)	(42, 0.754823712884254)	(44, 0.7650145212951834)	(46, 0.7765125548748507)	(48, 0.7866860260819508)	(50, 0.7975495180014615)	(52, 0.8082535076457416)	(54, 0.8202647224587595)	(56, 0.8318355722945103)	(58, 0.8432330500919669)	(60, 0.854679072060146)	(62, 0.8657055336956532)	(64, 0.8773977439582099)	(66, 0.8893534797189737)	(68, 0.9022280872826964)	(70, 0.9161463945169498)	(72, 0.9293781484795585)	(74, 0.9408241704477375)	(76, 0.9534560571578483)	(78, 0.9659319090334946)	(80, 0.9772739077786972)	(82, 0.9883073042957361)	(84, 1.0009495933281447)	(86, 1.0143685890921108)	(88, 1.0270559548544762)	(90, 1.0379853281485385)
SRR19077101_2 - polyg	(1, 0.22068180010384292)	(2, 0.22613261698781062)	(3, 0.22683304002251894)	(4, 0.22747104912344138)	(5, 0.22789407689687907)	(6, 0.2281714721581497)	(7, 0.2284766069455474)	(8, 0.2287956114960086)	(9, 0.22945442524152632)	(10, 0.23032475287376292)	(12, 0.23141352927425007)	(14, 0.23260286145694786)	(16, 0.23366043089054211)	(18, 0.23458970501579868)	(20, 0.23577556975773062)	(22, 0.2370862623672343)	(24, 0.23820277829384856)	(26, 0.23959322204096756)	(28, 0.2409524588211936)	(30, 0.2419094724725772)	(32, 0.24327217669356915)	(34, 0.2443297461271634)	(36, 0.24541505508688471)	(38, 0.246826303478599)	(40, 0.24820634490342033)	(42, 0.2494407538160746)	(44, 0.2507202394586854)	(46, 0.2522320436326102)	(48, 0.2539449593709563)	(50, 0.25526258686199177)	(52, 0.25661488876068606)	(54, 0.2588028438839581)	(56, 0.26228415441290437)	(58, 0.26443396768775174)	(60, 0.2663410601089872)	(62, 0.2678493968421462)	(64, 0.2702107240037124)	(66, 0.27309563472092685)	(68, 0.27521077358811535)	(70, 0.27782522392559095)	(72, 0.2822982225135797)	(74, 0.28364012208997635)	(76, 0.2853044936576)	(78, 0.28704861636283907)	(80, 0.2890978738554758)	(82, 0.2926346634366762)	(84, 0.2952525812149177)	(86, 0.2980473384722192)	(88, 0.3006444516058654)	(90, 0.30299190900436807)
SRR19077102_1 - illumina_universal_adapter	(1, 0.00016781524548363725)	(2, 0.00016781524548363725)	(3, 0.00016781524548363725)	(4, 0.00016781524548363725)	(5, 0.00016781524548363725)	(6, 0.00016781524548363725)	(7, 0.00016781524548363725)	(8, 0.00016781524548363725)	(9, 0.00016781524548363725)	(10, 0.0001748075473787888)	(12, 0.0001887921511690919)	(14, 0.00022375366064484965)	(16, 0.0002866843777012136)	(18, 0.0003845766042333353)	(20, 0.00045449962318485086)	(22, 0.0005349110949790937)	(24, 0.0006537802271966702)	(26, 0.0007691532084666706)	(28, 0.0009089992463697017)	(30, 0.0011572259636475819)	(32, 0.001436918039453644)	(34, 0.001730594719050009)	(36, 0.001996302191065768)	(38, 0.0023004673235048605)	(40, 0.0027304938900566808)	(42, 0.0031884896641891074)	(44, 0.003705920004430322)	(46, 0.004405150193945478)	(48, 0.005391064761161846)	(50, 0.0064154369888015485)	(52, 0.007754462801723071)	(54, 0.00918788469022914)	(56, 0.01094295246591218)	(58, 0.0131769929214131)	(60, 0.016278078811912813)	(62, 0.0201623025146695)	(64, 0.024214341462909822)	(66, 0.028857229921290452)	(68, 0.034667832796161396)	(70, 0.04249221861683598)	(72, 0.05234786813805209)	(74, 0.06496547690785306)	(76, 0.08188335134317225)	(78, 0.10367136404846448)	(80, 0.13082946460923311)	(82, 0.1645428481967063)	(84, 0.20755599330473107)	(86, 0.262616874578102)	(88, 0.33006811480968146)	(90, 0.39217024409146994)
SRR19077102_1 - polya	(1, 0.5113680144981184)	(2, 0.5233947737577791)	(3, 0.5339601419213531)	(4, 0.543917179820049)	(5, 0.5528253724344719)	(6, 0.5607266735759933)	(7, 0.5689356360009011)	(8, 0.5801862497502001)	(9, 0.5934856079547782)	(10, 0.6105782899374763)	(12, 0.6253705045966693)	(14, 0.6388691434052594)	(16, 0.6534585813094931)	(18, 0.6641917647185507)	(20, 0.6741907564286175)	(22, 0.6842911365161639)	(24, 0.6926434411299225)	(26, 0.7014712222725512)	(28, 0.7101172035659061)	(30, 0.7189904346708536)	(32, 0.7274301430583014)	(34, 0.7364432202011517)	(36, 0.7448374786262812)	(38, 0.7532002716928825)	(40, 0.762870625213877)	(42, 0.7718697177529371)	(44, 0.7815260866701415)	(46, 0.7920879586827678)	(48, 0.8019575928077742)	(50, 0.8113552465548579)	(52, 0.8218157301900046)	(54, 0.8345557042429708)	(56, 0.8450791185951738)	(58, 0.8543299340024593)	(60, 0.8648463560527673)	(62, 0.8748838054232573)	(64, 0.885963107776125)	(66, 0.8974864212993348)	(68, 0.9085692198031499)	(70, 0.9212987054032733)	(72, 0.9332835108515631)	(74, 0.9446425052802367)	(76, 0.9570048950308647)	(78, 0.9684093394218569)	(80, 0.9786460693963588)	(82, 0.9890960645786627)	(84, 1.0020283269337456)	(86, 1.0157157578935045)	(88, 1.0270922330769163)	(90, 1.0360633564083956)
SRR19077102_2 - illumina_universal_adapter	(1, 0.00016781524548363725)	(2, 0.00016781524548363725)	(3, 0.00016781524548363725)	(4, 0.00016781524548363725)	(5, 0.00016781524548363725)	(6, 0.00016781524548363725)	(7, 0.00016781524548363725)	(8, 0.00016781524548363725)	(9, 0.00016781524548363725)	(10, 0.00018179984927394036)	(12, 0.00020627290590697077)	(14, 0.00024123441538272854)	(16, 0.0003181497362293956)	(18, 0.00041953811370909315)	(20, 0.0004999495855033359)	(22, 0.0006118264158257608)	(24, 0.0007691532084666706)	(26, 0.0009334723030027321)	(28, 0.001139745208909703)	(30, 0.0014613910960866745)	(32, 0.001856456153162737)	(34, 0.0022480250592912237)	(36, 0.0026570747201575895)	(38, 0.003101085890499713)	(40, 0.0036255085326360797)	(42, 0.004198877288038507)	(44, 0.004838672911444874)	(46, 0.0057057183464436665)	(48, 0.006841967404405794)	(50, 0.008030658726581558)	(52, 0.009492049822668231)	(54, 0.011124752315186118)	(56, 0.01301966612877219)	(58, 0.015411033376914022)	(60, 0.01866245375815949)	(62, 0.022717988857347392)	(64, 0.0270322391266559)	(66, 0.03191985815136683)	(68, 0.038013649252991416)	(70, 0.04606178873431085)	(72, 0.056246076444599086)	(74, 0.06923078106389552)	(76, 0.08645631678260136)	(78, 0.10883517899803391)	(80, 0.136706494352108)	(82, 0.17104219280824967)	(84, 0.21496783331359173)	(86, 0.2710565829655499)	(88, 0.3394937377643457)	(90, 0.4025118585943991)
SRR19077102_2 - polya	(1, 0.4669249436525352)	(2, 0.4758750900783292)	(3, 0.484727344277591)	(4, 0.49425085945878744)	(5, 0.5016906686752287)	(6, 0.5091095009859845)	(7, 0.5168919329952881)	(8, 0.5263315405537428)	(9, 0.5392043683427168)	(10, 0.5576011146288605)	(12, 0.574442073743333)	(14, 0.5893461652328486)	(16, 0.6032188921928292)	(18, 0.6154134666979736)	(20, 0.6272794030140457)	(22, 0.6400648270293303)	(24, 0.6528817164031431)	(26, 0.6658139787582259)	(28, 0.6785784258678251)	(30, 0.6906506350898043)	(32, 0.7025899905757755)	(34, 0.7140224041743484)	(36, 0.7246437107530834)	(38, 0.7343210565759732)	(40, 0.7446172211165839)	(42, 0.7550707124498355)	(44, 0.7660171610666953)	(46, 0.7780788818358317)	(48, 0.7888190575467844)	(50, 0.7996711100880596)	(52, 0.8107294355352419)	(54, 0.8231197944934504)	(56, 0.8353982766213366)	(58, 0.8466593788234781)	(60, 0.8577316888744506)	(62, 0.8684753607363509)	(64, 0.8796595476176459)	(66, 0.8917492375943628)	(68, 0.9046150730814417)	(70, 0.9188583920418654)	(72, 0.9321018118312825)	(74, 0.944194997958947)	(76, 0.9574069523898359)	(78, 0.9705175184432451)	(80, 0.982320524042261)	(82, 0.9936550454143016)	(84, 1.0062761503350501)	(86, 1.0201034273327123)	(88, 1.0330636588953757)	(90, 1.0445100570977388)
SRR19077102_2 - polyg	(1, 0.21850943422348598)	(2, 0.22363479151263208)	(3, 0.22433402170214725)	(4, 0.22494235196702542)	(5, 0.2252360286466218)	(6, 0.22566955136412117)	(7, 0.22603315106266905)	(8, 0.2264177276669024)	(9, 0.22697711181851452)	(10, 0.2276868304608724)	(12, 0.22867274502808876)	(14, 0.22978452102941788)	(16, 0.2308928008797994)	(18, 0.23192066925838667)	(20, 0.2329100799765506)	(22, 0.23411275590251668)	(24, 0.23503923590362427)	(26, 0.23618946956537668)	(28, 0.2375005261707176)	(30, 0.23867523288910308)	(32, 0.24025549311740732)	(34, 0.24133580376020825)	(36, 0.24258742579944037)	(38, 0.24400336693320857)	(40, 0.24545077342550492)	(42, 0.2465520609739913)	(44, 0.24787010988122737)	(46, 0.24951679697753554)	(48, 0.25114250716815834)	(50, 0.2524955175848701)	(52, 0.2539988624923277)	(54, 0.25628534521204227)	(56, 0.25970807698971893)	(58, 0.26190365978479657)	(60, 0.26422860016493444)	(62, 0.26634377148821775)	(64, 0.2687631079439402)	(66, 0.2721333974574032)	(68, 0.27417165345983996)	(70, 0.2768287281799975)	(72, 0.28133526675142273)	(74, 0.2827651924889812)	(76, 0.2841566605661163)	(78, 0.28608303973823057)	(80, 0.288222684118147)	(82, 0.2917957503865694)	(84, 0.29464161725789606)	(86, 0.2978965337900892)	(88, 0.3005046623969807)	(90, 0.3028785488903846)
SRR19077103_1 - illumina_universal_adapter	(1, 7.231536441158434e-05)	(2, 7.231536441158434e-05)	(3, 7.231536441158434e-05)	(4, 7.231536441158434e-05)	(5, 7.231536441158434e-05)	(6, 7.656920937697166e-05)	(7, 7.656920937697166e-05)	(8, 7.656920937697166e-05)	(9, 7.656920937697166e-05)	(10, 8.507689930774628e-05)	(12, 9.996535668660188e-05)	(14, 0.00012548842647892576)	(16, 0.00014675765130586234)	(18, 0.0001744076435808799)	(20, 0.00021907301571744668)	(22, 0.0003254191398521295)	(24, 0.0004445267988829743)	(26, 0.0005870306052234494)	(28, 0.0007784536286658785)	(30, 0.0009613689621775331)	(32, 0.0011612996755507368)	(34, 0.001414403450991282)	(36, 0.0016972841411895382)	(38, 0.0021077801803494143)	(40, 0.0025416723668189203)	(42, 0.0031265760495596756)	(44, 0.0038050643215389525)	(46, 0.004477171826070148)	(48, 0.0054598100130746185)	(50, 0.006701932742967714)	(52, 0.008280109225126408)	(54, 0.010324081730995012)	(56, 0.012878515632710094)	(58, 0.016088041659094825)	(60, 0.020852348020328614)	(62, 0.026850269421524728)	(64, 0.03341395220311735)	(66, 0.04104747699350489)	(68, 0.0506356435454879)	(70, 0.06292925549545723)	(72, 0.07906196252668862)	(74, 0.09870196473188186)	(76, 0.12402723073331523)	(78, 0.15700941767244578)	(80, 0.20031568634257133)	(82, 0.25496483261290215)	(84, 0.3236346518891495)	(86, 0.409668666314108)	(88, 0.5191094626611101)	(90, 0.6174455967259687)
SRR19077103_1 - polya	(1, 0.1991139751398494)	(2, 0.20302751250800574)	(3, 0.20619662700721927)	(4, 0.20919984155278273)	(5, 0.21201163307490375)	(6, 0.21433423242600522)	(7, 0.2170269162890954)	(8, 0.22059163837008997)	(9, 0.22495182945961195)	(10, 0.2299628588288382)	(12, 0.2343187960733948)	(14, 0.23837909109285702)	(16, 0.24254147839148849)	(18, 0.24554043909208656)	(20, 0.24816718835821322)	(22, 0.2510704375470901)	(24, 0.25363337913873596)	(26, 0.25612825921093557)	(28, 0.25859761621334293)	(30, 0.26105846552581946)	(32, 0.26348528407857297)	(34, 0.26600781414304764)	(36, 0.2685665018897281)	(38, 0.2709869396750335)	(40, 0.2739008234763238)	(42, 0.27648928813776197)	(44, 0.27923514506291947)	(46, 0.2822319788410348)	(48, 0.2852394472315637)	(50, 0.2879853041567212)	(52, 0.29099915331469806)	(54, 0.29441711774438684)	(56, 0.2974628707396041)	(58, 0.3005298929596484)	(60, 0.3036692305441042)	(62, 0.3067000950819427)	(64, 0.309905367263362)	(66, 0.3133531086078084)	(68, 0.316709392285499)	(70, 0.32032303358359554)	(72, 0.3238430902924535)	(74, 0.3273397508540019)	(76, 0.33085768064037724)	(78, 0.3341671720234486)	(80, 0.33758726337561995)	(82, 0.3408967547586913)	(84, 0.34454655373899357)	(86, 0.34875147948727897)	(88, 0.3523247092582043)	(90, 0.3550939623306714)
SRR19077103_2 - illumina_universal_adapter	(1, 6.806151944619703e-05)	(2, 6.806151944619703e-05)	(3, 6.806151944619703e-05)	(4, 6.806151944619703e-05)	(5, 6.806151944619703e-05)	(6, 7.231536441158434e-05)	(7, 7.231536441158434e-05)	(8, 7.231536441158434e-05)	(9, 7.231536441158434e-05)	(10, 7.869613185966531e-05)	(12, 9.145766675582726e-05)	(14, 0.00012123458151353845)	(16, 0.00014675765130586234)	(18, 0.0001829153335116545)	(20, 0.00023183455061360863)	(22, 0.00034030759723098513)	(24, 0.0004849383260541538)	(26, 0.0006295690548773225)	(28, 0.0008273728457678326)	(30, 0.0010464458614852794)	(32, 0.0013165650167873738)	(34, 0.0016036995519510175)	(36, 0.0019503879166300835)	(38, 0.002405549327926526)	(40, 0.0028692184291537436)	(42, 0.003479645181686823)	(44, 0.00419854498083728)	(46, 0.004881287097781944)	(48, 0.0059022098894748985)	(50, 0.007197505681435336)	(52, 0.008847997528005615)	(54, 0.01097492001069927)	(56, 0.013571892362068226)	(58, 0.016862241442795314)	(60, 0.021754163152990724)	(62, 0.027969030647421594)	(64, 0.034747532599766276)	(66, 0.04247251505690964)	(68, 0.05213937774075231)	(70, 0.06459676272188906)	(72, 0.0808804812493917)	(74, 0.10087355258671207)	(76, 0.12669864537157846)	(78, 0.16025935522600168)	(80, 0.2043717275170681)	(82, 0.26006944657136694)	(84, 0.32993885012785357)	(86, 0.4176892909963458)	(88, 0.5287103907479893)	(90, 0.6285906705352834)
SRR19077103_2 - polya	(1, 0.20058580549787342)	(2, 0.20355924312867915)	(3, 0.20641782694541944)	(4, 0.20931469536684819)	(5, 0.21226686377282697)	(6, 0.2149085014963325)	(7, 0.21754588537487263)	(8, 0.22073201525394773)	(9, 0.22496033714954272)	(10, 0.23148360840396418)	(12, 0.23792392968156056)	(14, 0.24409413180385486)	(16, 0.25047489925193583)	(18, 0.2556156708926064)	(20, 0.26113503473519645)	(22, 0.2662843140657978)	(24, 0.2714506087762607)	(26, 0.2769061649443699)	(28, 0.2822277249960694)	(30, 0.28728980050488034)	(32, 0.2917137992688832)	(34, 0.2961633211026783)	(36, 0.30007685847083465)	(38, 0.3036224382494849)	(40, 0.3074083602686797)	(42, 0.3111666322955994)	(44, 0.3147972889735574)	(46, 0.319049007016462)	(48, 0.32280727904338175)	(50, 0.3266421202796784)	(52, 0.33045569229114813)	(54, 0.3348562949078413)	(56, 0.3389846514467497)	(58, 0.34299390032662724)	(60, 0.34680747233809694)	(62, 0.350723136628736)	(64, 0.35492806237702135)	(66, 0.35919679579978747)	(68, 0.3638334868120597)	(70, 0.3682425971186836)	(72, 0.37237946134752276)	(74, 0.3762759833358176)	(76, 0.3804532590918279)	(78, 0.3845624733283921)	(80, 0.38864829141764656)	(82, 0.3923385019251201)	(84, 0.39619248546376096)	(86, 0.40045058427411373)	(88, 0.4045023716036451)	(90, 0.4082627705530475)
SRR19077103_2 - polyg	(1, 0.19584702220643194)	(2, 0.20123238993261228)	(3, 0.20288288177918257)	(4, 0.20439299674189507)	(5, 0.20512465807594168)	(6, 0.20651141153465793)	(7, 0.2074685266518701)	(8, 0.2086128109475593)	(9, 0.20980388753786772)	(10, 0.21096093336845306)	(12, 0.21217115226110578)	(14, 0.21324737503734875)	(16, 0.2140470978908416)	(18, 0.21487659765909212)	(20, 0.21586561661354464)	(22, 0.21693758554482226)	(24, 0.2175267430725284)	(26, 0.21842217743774245)	(28, 0.2193005964230949)	(30, 0.22001736929976268)	(32, 0.22104041901393834)	(34, 0.22183801494494843)	(36, 0.22275046469002402)	(38, 0.223799037473992)	(40, 0.22502627174650625)	(42, 0.22611950990261076)	(44, 0.22746159798919047)	(46, 0.2291673898203108)	(48, 0.23068388555047137)	(50, 0.23207063900918762)	(52, 0.23386576158458106)	(54, 0.235907607167967)	(56, 0.23813024116238185)	(58, 0.2399211098928099)	(60, 0.2438559164857932)	(62, 0.24658901187605453)	(64, 0.25072162225992833)	(66, 0.2582488009261812)	(68, 0.2610520847583714)	(70, 0.26267918045763206)	(72, 0.26542291046030686)	(74, 0.26700108694246555)	(76, 0.2689450940916476)	(78, 0.2722588393196843)	(80, 0.2767934380527871)	(82, 0.2841270667731149)	(84, 0.28797041569934234)	(86, 0.29131393784213677)	(88, 0.2939555755656423)	(90, 0.2965993402116305)
SRR19077104_1 - illumina_universal_adapter	(1, 9.02071775359729e-05)	(2, 9.02071775359729e-05)	(3, 9.02071775359729e-05)	(4, 9.02071775359729e-05)	(5, 9.02071775359729e-05)	(6, 9.02071775359729e-05)	(7, 9.02071775359729e-05)	(8, 9.02071775359729e-05)	(9, 9.02071775359729e-05)	(10, 9.235496747730559e-05)	(12, 0.00010094612724263634)	(14, 0.00011812844677329785)	(16, 0.0001439019260692901)	(18, 0.00016967540536528235)	(20, 0.0002512914231359245)	(22, 0.00035438534031989355)	(24, 0.00047251378709319144)	(26, 0.0005820510741011585)	(28, 0.0007710565889384351)	(30, 0.0009579143138343789)	(32, 0.0011125551896103325)	(34, 0.001344516503274263)	(36, 0.00159795571635152)	(38, 0.0019738189560847405)	(40, 0.002390490204703282)	(42, 0.002832934932617816)	(44, 0.0033763257877749858)	(46, 0.0041989293353054055)	(48, 0.005274972095913082)	(50, 0.006454108773704728)	(52, 0.007914605933810956)	(54, 0.009864799200541036)	(56, 0.012626857065094874)	(58, 0.01628454333518444)	(60, 0.02116646987183364)	(62, 0.027399356281581105)	(64, 0.03401884488076845)	(66, 0.0420580226311767)	(68, 0.051811136754768436)	(70, 0.06376358777828485)	(72, 0.07961212975537876)	(74, 0.09921715633986353)	(76, 0.12419810114750401)	(78, 0.15686598615517422)	(80, 0.19978742034276664)	(82, 0.2534198829677852)	(84, 0.3216744995133967)	(86, 0.4076161662258829)	(88, 0.515972168766117)	(90, 0.6137223845760503)
SRR19077104_1 - polya	(1, 0.20063364957965174)	(2, 0.20413454718402402)	(3, 0.2074378481137937)	(4, 0.2103287733748275)	(5, 0.21309083123938133)	(6, 0.21539755763637264)	(7, 0.21789758512808388)	(8, 0.22118799931820557)	(9, 0.22526450462685502)	(10, 0.2304621562848801)	(12, 0.2349811063214441)	(14, 0.23862590585188564)	(16, 0.24271100232030043)	(18, 0.24568569138904622)	(20, 0.24830384732753075)	(22, 0.25117759026903386)	(24, 0.25377641609804646)	(26, 0.256330138338291)	(28, 0.25891178184777286)	(30, 0.2614955731471961)	(32, 0.26403426085785137)	(34, 0.26657294856850655)	(36, 0.26913526196851645)	(38, 0.27144413615544916)	(40, 0.2742770710880669)	(42, 0.2769489217750848)	(44, 0.27982481250652924)	(46, 0.2827758758859204)	(48, 0.2854369876232316)	(50, 0.28828280929549743)	(52, 0.29117803013641386)	(54, 0.29465100647154885)	(56, 0.29759777427105727)	(58, 0.3004113790942031)	(60, 0.3035836648375515)	(62, 0.3067774284803132)	(64, 0.31024396144562416)	(66, 0.3138329184375911)	(68, 0.31724790444431006)	(70, 0.3210967440191782)	(72, 0.3248296029372144)	(74, 0.32818874640545875)	(76, 0.33190871858384696)	(78, 0.33548693662610723)	(80, 0.3386463356298076)	(82, 0.34199259235840396)	(84, 0.34586935320250944)	(86, 0.3501327162360548)	(88, 0.3537109342783151)	(90, 0.35663192859852755)
SRR19077104_1 - polyg	(1, 0.0)	(2, 0.0)	(3, 3.8660218943988386e-05)	(4, 6.013811835731527e-05)	(5, 6.872927812264602e-05)	(6, 9.450275741863828e-05)	(7, 0.0001288673964799613)	(8, 0.00017182319530661505)	(9, 0.000296395011903911)	(10, 0.0003908977693225492)	(12, 0.0005154695859198451)	(14, 0.0006808494114024621)	(16, 0.0009557665238930463)	(18, 0.0014261325210449048)	(20, 0.0020511393939727173)	(22, 0.00268473742666586)	(24, 0.0034514984357216297)	(26, 0.004205372705129403)	(28, 0.005201947237907771)	(30, 0.0065593504808300306)	(32, 0.007856615605394973)	(34, 0.009267713596850548)	(36, 0.010771166555783432)	(38, 0.01240778249107894)	(40, 0.013842506171889176)	(42, 0.01590868009545122)	(44, 0.017882499051535963)	(46, 0.01992934286562601)	(48, 0.021647574818692165)	(50, 0.023335737712579657)	(52, 0.02501745723664315)	(54, 0.027111552429442524)	(56, 0.029216386571948555)	(58, 0.03155318202811852)	(60, 0.03408542636894976)	(62, 0.03669499114766898)	(64, 0.03935395509503885)	(66, 0.04217615107795)	(68, 0.04502197275021581)	(70, 0.047975183919548255)	(72, 0.05145889920438988)	(74, 0.054998457027706144)	(76, 0.05865614329779571)	(78, 0.06263385026914385)	(80, 0.0670454108086412)	(82, 0.07256093537798354)	(84, 0.07950688804825345)	(86, 0.08647646640787802)	(88, 0.09549074079165132)	(90, 0.10217466308907865)
SRR19077104_2 - illumina_universal_adapter	(1, 8.591159765330752e-05)	(2, 8.591159765330752e-05)	(3, 8.591159765330752e-05)	(4, 8.591159765330752e-05)	(5, 8.591159765330752e-05)	(6, 8.591159765330752e-05)	(7, 8.591159765330752e-05)	(8, 8.591159765330752e-05)	(9, 8.591159765330752e-05)	(10, 8.805938759464021e-05)	(12, 9.450275741863828e-05)	(14, 0.00011383286689063247)	(16, 0.00013960634618662474)	(18, 0.00016752761542394967)	(20, 0.0002512914231359245)	(22, 0.0003672720799678897)	(24, 0.0005111740060371797)	(26, 0.0006464847723411391)	(28, 0.0008784460860050695)	(30, 0.0011340330890236593)	(32, 0.0013316297636262668)	(34, 0.0016086946660581834)	(36, 0.0019115330477860923)	(38, 0.002319613136639303)	(40, 0.0028007180834978256)	(42, 0.0033183354593590035)	(44, 0.003941194542345483)	(46, 0.00484111852776388)	(48, 0.005970856036904873)	(50, 0.007199391883347171)	(52, 0.008735061691400044)	(54, 0.010732506336839443)	(56, 0.013554702319750596)	(58, 0.0173133347170828)	(60, 0.02233916317980129)	(62, 0.02867514350673272)	(64, 0.03548148983081601)	(66, 0.043619465918525564)	(68, 0.05355084660724792)	(70, 0.06576747579354825)	(72, 0.08185227466418875)	(74, 0.10183316448840675)	(76, 0.12727373634349243)	(78, 0.16052367242526377)	(80, 0.20423119773138398)	(82, 0.2589053384779489)	(84, 0.3282896925327014)	(86, 0.4157799157928884)	(88, 0.5260002000021994)	(90, 0.6252774944604201)
SRR19077104_2 - polya	(1, 0.19885527950822826)	(2, 0.20194380144386467)	(3, 0.2047316327877145)	(4, 0.20765262710792695)	(5, 0.21051777888966478)	(6, 0.21301351080149336)	(7, 0.21592591396194047)	(8, 0.21940103808701678)	(9, 0.22381689420639678)	(10, 0.23044067838546678)	(12, 0.23694418632782216)	(14, 0.24338755615182023)	(16, 0.2500457049699516)	(18, 0.25529490358656864)	(20, 0.26056558010259906)	(22, 0.26580189197956816)	(24, 0.2709673267884733)	(26, 0.27650003367734627)	(28, 0.28178144914308334)	(30, 0.28669988810873526)	(32, 0.29109641411864323)	(34, 0.2956991279629192)	(36, 0.29985939707928055)	(38, 0.30343117175171685)	(40, 0.3071919519389904)	(42, 0.31113958985115986)	(44, 0.3151130012426253)	(46, 0.3194386501844694)	(48, 0.32321661269127355)	(50, 0.3272243887218004)	(52, 0.33134814540915913)	(54, 0.33577688826818713)	(56, 0.3398748714762499)	(58, 0.34392989888548603)	(60, 0.34790760585683417)	(62, 0.3519368597867743)	(64, 0.3559145667581224)	(66, 0.36025739801949713)	(68, 0.36490951103242375)	(70, 0.3695831019447636)	(72, 0.3739602978451997)	(74, 0.3781205669615611)	(76, 0.38238822557498914)	(78, 0.3866429974487692)	(80, 0.39065721684912)	(82, 0.3944308837760415)	(84, 0.39827542777102704)	(86, 0.40279437780759103)	(88, 0.4071608347583203)	(90, 0.4109796052740099)
SRR19077104_2 - polyg	(1, 0.1966172823893596)	(2, 0.20239054175166188)	(3, 0.20419468530238133)	(4, 0.20574538964002353)	(5, 0.20647993379995933)	(6, 0.2076741050073403)	(7, 0.20850744750457736)	(8, 0.20961570711430505)	(9, 0.21090438107910464)	(10, 0.2121286213456643)	(12, 0.2135032069081172)	(14, 0.21454703281960488)	(16, 0.21533527172807398)	(18, 0.21615357969572174)	(20, 0.21702343462196147)	(22, 0.2181102163322758)	(24, 0.2188898640809796)	(26, 0.21981341375575264)	(28, 0.2208572396672403)	(30, 0.22164118299582675)	(32, 0.2226098362593678)	(34, 0.22363218427144216)	(36, 0.22467815797287116)	(38, 0.22574560957371353)	(40, 0.22721255010364375)	(42, 0.22836806109208074)	(44, 0.22989728753030964)	(46, 0.23179163825856502)	(48, 0.2333852983950339)	(50, 0.23493170715279343)	(52, 0.23693774295799816)	(54, 0.23922084366563479)	(56, 0.24143736288509016)	(58, 0.24331023571393223)	(60, 0.2482029012002881)	(62, 0.2516651385857164)	(64, 0.256413902146003)	(66, 0.26667604248569055)	(68, 0.27054635995997206)	(70, 0.2723934593095182)	(72, 0.275258611091256)	(74, 0.2770520156922688)	(76, 0.27896784431993754)	(78, 0.2823269877881819)	(80, 0.28701776102005244)	(82, 0.29419352721404496)	(84, 0.2978275877947799)	(86, 0.3013070074997388)	(88, 0.30396382365716734)	(90, 0.30652398926723595)
SRR19077105_1 - illumina_universal_adapter	(1, 0.0021167850183901027)	(2, 0.0021167850183901027)	(3, 0.0021167850183901027)	(4, 0.002123888323820942)	(5, 0.002123888323820942)	(6, 0.002123888323820942)	(7, 0.002130991629251781)	(8, 0.0021380949346826205)	(9, 0.0021451982401134596)	(10, 0.0021558531982597186)	(12, 0.002180714767267656)	(14, 0.0022446445161452095)	(16, 0.0022908160014456645)	(18, 0.002376055666615736)	(20, 0.0024790535953629054)	(22, 0.0026459812729876285)	(24, 0.002795150687035253)	(26, 0.0029443201010828776)	(28, 0.003196487443877672)	(30, 0.0034983779246883407)	(32, 0.0038357849326532065)	(34, 0.004212260120487687)	(36, 0.00467042332077682)	(38, 0.005270652629682739)	(40, 0.006169220766683906)	(42, 0.007454919049665814)	(44, 0.008893338399410766)	(46, 0.010633648229966389)	(48, 0.013080736950890516)	(50, 0.01672473263691106)	(52, 0.021309916292517814)	(54, 0.026925079235596255)	(56, 0.03366966774217814)	(58, 0.0420551198032839)	(60, 0.055267267904644944)	(62, 0.07211630838659569)	(64, 0.09115316694124494)	(66, 0.11211857292036705)	(68, 0.1384505261524882)	(70, 0.1725605988313784)	(72, 0.2216160261367544)	(74, 0.28685988651901306)	(76, 0.36261663893891394)	(78, 0.4536597046459808)	(80, 0.5788732211281)	(82, 0.738768626376292)	(84, 0.9431768951068383)	(86, 1.173082478681382)	(88, 1.430911155904555)	(90, 1.6451468476986675)
SRR19077105_1 - polya	(1, 0.2127155844319128)	(2, 0.22497588960554138)	(3, 0.2341675668330474)	(4, 0.244083781214499)	(5, 0.2513859791974018)	(6, 0.25561244592875115)	(7, 0.2596187101917445)	(8, 0.2654079041178785)	(9, 0.27160908975900117)	(10, 0.2789183910473348)	(12, 0.28379836187832136)	(14, 0.2878401426684689)	(16, 0.2917611672662922)	(18, 0.2944107001919952)	(20, 0.2967157228043026)	(22, 0.29900653880574823)	(24, 0.30103808415896827)	(26, 0.3036485489048017)	(28, 0.30592160664267026)	(30, 0.30830121396200144)	(32, 0.3104464122021149)	(34, 0.3134369037884982)	(36, 0.3157561330116673)	(38, 0.31810732710927503)	(40, 0.32160570503396335)	(42, 0.324098965240188)	(44, 0.3266561551952901)	(46, 0.3294370992714637)	(48, 0.33177053510549437)	(50, 0.3341075225922405)	(52, 0.3364232001626941)	(54, 0.34010981568129967)	(56, 0.3430257225606592)	(58, 0.3453520550892591)	(60, 0.348093930985563)	(62, 0.35054812301191796)	(64, 0.3534214100586925)	(66, 0.3565397611428309)	(68, 0.35938463496788203)	(70, 0.36258467406447514)	(72, 0.36583798795179956)	(74, 0.3685834155008189)	(76, 0.37196103723318297)	(78, 0.37463898338060936)	(80, 0.37702214235265596)	(82, 0.37949409264258804)	(84, 0.3825982371158648)	(86, 0.38595810058465174)	(88, 0.3886644599538015)	(90, 0.3911222036328719)
SRR19077105_2 - illumina_universal_adapter	(1, 0.0020102354369275137)	(2, 0.0020102354369275137)	(3, 0.0020102354369275137)	(4, 0.0020102354369275137)	(5, 0.0020102354369275137)	(6, 0.0020102354369275137)	(7, 0.0020173387423583528)	(8, 0.002024442047789192)	(9, 0.0020315453532200314)	(10, 0.0020457519640817096)	(12, 0.0020670618803742278)	(14, 0.0021167850183901023)	(16, 0.0021771631145522364)	(18, 0.002255299474291468)	(20, 0.002376055666615736)	(22, 0.0025465349969558786)	(24, 0.002695704411003503)	(26, 0.0028768386994899044)	(28, 0.0031503159585772166)	(30, 0.0034593097448187247)	(32, 0.0038144750163606883)	(34, 0.004226466731349366)	(36, 0.004748559680516053)	(38, 0.005391408822007006)	(40, 0.00632904513887779)	(42, 0.0076182950745751175)	(44, 0.009102885909620526)	(46, 0.0109071254890537)	(48, 0.013450108833294158)	(50, 0.01717224087905394)	(52, 0.021860422463407858)	(54, 0.02757503168251805)	(56, 0.03446168629771672)	(58, 0.04311351231247895)	(60, 0.056627550894650665)	(62, 0.07390634135516719)	(64, 0.0932806069177813)	(66, 0.1144449054489669)	(68, 0.141266986755816)	(70, 0.17616907799024475)	(72, 0.22615148665434526)	(74, 0.2926206672234237)	(76, 0.370124832779311)	(78, 0.46361143555458667)	(80, 0.5916378609873183)	(82, 0.7556425284272508)	(84, 0.9646430841188347)	(86, 1.1995849112438435)	(88, 1.4616542618092274)	(90, 1.6795339492893604)
SRR19077105_2 - polya	(1, 0.37016745261189604)	(2, 0.3855603154805248)	(3, 0.39445365387993553)	(4, 0.40466110378405157)	(5, 0.4134763058237231)	(6, 0.4208566401663651)	(7, 0.4297997017037917)	(8, 0.44424782495011883)	(9, 0.46388846446638937)	(10, 0.4907212007313847)	(12, 0.512315249241136)	(14, 0.5370205455295951)	(16, 0.559456335732901)	(18, 0.5763018245621363)	(20, 0.5916414126400337)	(22, 0.6048144925615251)	(24, 0.616815527086928)	(26, 0.6286283240184137)	(28, 0.6388677387969686)	(30, 0.6486170255007955)	(32, 0.6569527544238853)	(34, 0.6658567477814423)	(36, 0.6723314106816524)	(38, 0.6785929744189372)	(40, 0.6861757529663581)	(42, 0.6920963580429627)	(44, 0.6975801098355705)	(46, 0.7043957313964608)	(48, 0.7101103406155711)	(50, 0.7154768878685701)	(52, 0.7211950487403957)	(54, 0.7280959099664561)	(56, 0.7340094117376297)	(58, 0.7389923804973635)	(60, 0.7447282996327662)	(62, 0.7498568861538322)	(64, 0.7547581669011112)	(66, 0.7597056191336908)	(68, 0.7649372035835039)	(70, 0.7700018603556924)	(72, 0.7749457609355564)	(74, 0.7793782235244002)	(76, 0.7843008141879717)	(78, 0.7892091982406817)	(80, 0.7934285616666003)	(82, 0.7980421585439303)	(84, 0.803092608705257)	(86, 0.8087788047026438)	(88, 0.8138967362655636)	(90, 0.8181089963860513)
SRR19077105_2 - polyg	(1, 0.5046472310285451)	(2, 0.5100812596831372)	(3, 0.5109762761674229)	(4, 0.5114308877149967)	(5, 0.5119849455386021)	(6, 0.5127592058305636)	(7, 0.5132351272944298)	(8, 0.5138815280886362)	(9, 0.5145705487154276)	(10, 0.5154939784214367)	(12, 0.5164351663910229)	(14, 0.5176498316196965)	(16, 0.5188929100700932)	(18, 0.5202070215747985)	(20, 0.5215815111756659)	(22, 0.5227571082244699)	(24, 0.523613056528886)	(26, 0.5240285998965901)	(28, 0.5243731102099858)	(30, 0.5248596866319983)	(32, 0.5252468167779789)	(34, 0.5257689097271457)	(36, 0.5262910026763123)	(38, 0.5268237505836253)	(40, 0.5274630480724009)	(42, 0.5282550666279395)	(44, 0.5294484219403204)	(46, 0.5312917296996232)	(48, 0.5327408040075144)	(50, 0.5351310662849919)	(52, 0.5385193429755022)	(54, 0.5419679977621747)	(56, 0.5440563695588414)	(58, 0.5465389748069197)	(60, 0.5498207019159675)	(62, 0.5520475881685356)	(64, 0.5568955941250834)	(66, 0.5633240855399929)	(68, 0.5663145771263762)	(70, 0.5689428001357868)	(72, 0.5714964384381735)	(74, 0.5727821367211554)	(76, 0.5744727234136952)	(78, 0.5767422294988482)	(80, 0.5798925454574255)	(82, 0.5850957166855153)	(84, 0.5884697867651639)	(86, 0.5917195489997729)	(88, 0.5943903918417685)	(90, 0.5971038545163491)
SRR19077106_1 - illumina_universal_adapter	(1, 0.0017040400189466144)	(2, 0.0017112605275014729)	(3, 0.0017112605275014729)	(4, 0.00172570154461119)	(5, 0.00172570154461119)	(6, 0.00172570154461119)	(7, 0.00172570154461119)	(8, 0.00172570154461119)	(9, 0.0017329220531660486)	(10, 0.001750973324553195)	(12, 0.0017726348502177707)	(14, 0.0018303989186566388)	(16, 0.00187372196998579)	(18, 0.0019350962927020877)	(20, 0.0020434039210249656)	(22, 0.002151711549347844)	(24, 0.0023033422289998728)	(26, 0.002509126722813341)	(28, 0.002826829099227117)	(30, 0.003079546898647165)	(32, 0.003465844106332097)	(34, 0.00394600792523019)	(36, 0.0044694947954574335)	(38, 0.005187935396665858)	(40, 0.006155483543016902)	(42, 0.007278272623297404)	(44, 0.008574353908894512)	(46, 0.01020979909656997)	(48, 0.012740587345047887)	(50, 0.016264195519818853)	(52, 0.020993628623251194)	(54, 0.026210446054136485)	(56, 0.03260420637946372)	(58, 0.04101970910015135)	(60, 0.05372419390242494)	(62, 0.07075376332905879)	(64, 0.08994948532215022)	(66, 0.11084563707991081)	(68, 0.13642789888977458)	(70, 0.17053758130292632)	(72, 0.2197778393927841)	(74, 0.28384180154576644)	(76, 0.3603466999387701)	(78, 0.451050728404903)	(80, 0.5737668815490012)	(82, 0.7346795249483011)	(84, 0.9375613743227162)	(86, 1.167292684758373)	(88, 1.4239564921036518)	(90, 1.6416115019813076)
SRR19077106_1 - polya	(1, 0.21507006781501634)	(2, 0.22851465474416294)	(3, 0.23683268059935997)	(4, 0.24700637715315565)	(5, 0.25423410621656906)	(6, 0.2587324830462459)	(7, 0.2626459986829792)	(8, 0.2685234926466341)	(9, 0.27434322254185006)	(10, 0.28148430550260517)	(12, 0.2862751129287538)	(14, 0.29044856687346204)	(16, 0.29420323132198845)	(18, 0.2966618144849178)	(20, 0.29882435679709796)	(22, 0.30120712462020127)	(24, 0.30324330803267135)	(26, 0.3057993680610913)	(28, 0.3083554280895112)	(30, 0.310868165066602)	(32, 0.31324010212687303)	(34, 0.316074151734655)	(36, 0.31818254023267367)	(38, 0.320204282628034)	(40, 0.32374594207419216)	(42, 0.3265005660878707)	(44, 0.32934544645848496)	(46, 0.3321975473376541)	(48, 0.33488357652006145)	(50, 0.33726634434316477)	(52, 0.33967077369193266)	(54, 0.34334240229207824)	(56, 0.3463497441051768)	(58, 0.34904660405041643)	(60, 0.3518156690812047)	(62, 0.354610005891935)	(64, 0.3579278295728925)	(66, 0.3613431301193406)	(68, 0.36408331311590936)	(70, 0.3673578137455377)	(72, 0.37053844776395295)	(74, 0.37321725643780546)	(76, 0.376711982578357)	(78, 0.3793691297265449)	(80, 0.38192880000924223)	(82, 0.38453179334326876)	(84, 0.3878532272785037)	(86, 0.39172341986390785)	(88, 0.39439139777492804)	(90, 0.39674528356381195)
SRR19077106_2 - illumina_universal_adapter	(1, 0.0016101734077334535)	(2, 0.0016101734077334535)	(3, 0.0016101734077334535)	(4, 0.0016390554419528876)	(5, 0.0016390554419528876)	(6, 0.0016390554419528876)	(7, 0.0016390554419528876)	(8, 0.0016390554419528876)	(9, 0.001646275950507746)	(10, 0.0016679374761723216)	(12, 0.0016968195103917558)	(14, 0.001750973324553195)	(16, 0.001794296375882346)	(18, 0.001859280952876073)	(20, 0.0019748090897538095)	(22, 0.0020975577351864047)	(24, 0.002274460194780439)	(26, 0.0024874651971487655)	(28, 0.002819608590672258)	(30, 0.0031156494414214583)	(32, 0.0035380491918806825)	(34, 0.004029043773611064)	(36, 0.004595853695167458)	(38, 0.005350396839150175)	(40, 0.006357657782552941)	(42, 0.0075634827112143165)	(44, 0.00896426137085687)	(46, 0.010693573169745492)	(48, 0.013339889555101144)	(50, 0.016950143832530414)	(52, 0.021827597361337353)	(54, 0.027177994200487526)	(56, 0.033730605714021644)	(58, 0.042283298097251586)	(60, 0.055305485275938954)	(62, 0.07268163911320602)	(64, 0.09229976085675666)	(66, 0.11357137905936991)	(68, 0.13968073799373837)	(70, 0.17438972261694335)	(72, 0.22453254427615846)	(74, 0.28969041347520186)	(76, 0.36794989544703616)	(78, 0.4608092457167944)	(80, 0.5862944638916808)	(82, 0.7508390230940746)	(84, 0.9579376494645271)	(86, 1.192279254612461)	(88, 1.4531634492080547)	(90, 1.6741254520038356)
SRR19077106_2 - polya	(1, 0.37426784043253736)	(2, 0.3895753185688374)	(3, 0.3987959079933918)	(4, 0.4087818713247611)	(5, 0.4175836712531337)	(6, 0.42504245659030254)	(7, 0.43369984634757797)	(8, 0.44754156124724176)	(9, 0.4684738155477767)	(10, 0.4943304566827251)	(12, 0.5161075104841784)	(14, 0.5406247472822006)	(16, 0.5631166314305849)	(18, 0.5797526831409789)	(20, 0.5954753405191835)	(22, 0.6090787786365369)	(24, 0.6210431613119375)	(26, 0.6330183747501704)	(28, 0.6438022042768516)	(30, 0.6535426703173558)	(32, 0.6618859679524949)	(34, 0.670861060086184)	(36, 0.6778360713501773)	(38, 0.6840890317586849)	(40, 0.6913600838734273)	(42, 0.6974866853822248)	(44, 0.7035807946025254)	(46, 0.7104294469668088)	(48, 0.7159639667741078)	(50, 0.7216104044640073)	(52, 0.7273434882565648)	(54, 0.7344195866403262)	(56, 0.7402718088240391)	(58, 0.7454236416779307)	(60, 0.7510484178421655)	(62, 0.756149707136173)	(64, 0.7611607400732447)	(66, 0.7656879989371411)	(68, 0.7706665395857161)	(70, 0.775930290322208)	(72, 0.780522533763098)	(74, 0.7847248697420257)	(76, 0.7895156771681743)	(78, 0.7944653357825299)	(80, 0.7985485333703023)	(82, 0.8030902332513083)	(84, 0.8085020044131748)	(86, 0.814484195750875)	(88, 0.8196143670791021)	(90, 0.8238383645836943)
SRR19077106_2 - polyg	(1, 0.5055727885026399)	(2, 0.5109448468674546)	(3, 0.5121290102704513)	(4, 0.5126344458692914)	(5, 0.513219307062235)	(6, 0.5139485784262757)	(7, 0.514396249956677)	(8, 0.5149450086068462)	(9, 0.5155443108168994)	(10, 0.5163096847237145)	(12, 0.5172627918529558)	(14, 0.5182736630506359)	(16, 0.5196238981503946)	(18, 0.5210463383357017)	(20, 0.5225409836065573)	(22, 0.5238009623493802)	(24, 0.5245410644762531)	(26, 0.5249381924467704)	(28, 0.5254436280456105)	(30, 0.5258985200845666)	(32, 0.5264328377176262)	(34, 0.5270357501819568)	(36, 0.5276783754433392)	(38, 0.5283173904504441)	(40, 0.5290574925773173)	(42, 0.5300069894522811)	(44, 0.531360834806317)	(46, 0.5335955822040458)	(48, 0.5351443812890629)	(50, 0.5379062258112963)	(52, 0.5418341824651394)	(54, 0.545455267505401)	(56, 0.5474553483750968)	(58, 0.5498417264524775)	(60, 0.5538563292089789)	(62, 0.5565676301713283)	(64, 0.5619974526045819)	(66, 0.5708173038043416)	(68, 0.5749654859691078)	(70, 0.5778934021881029)	(72, 0.5805216673020714)	(74, 0.5818899536732172)	(76, 0.5838539320001386)	(78, 0.5862258690604096)	(80, 0.5893054159590568)	(82, 0.5949229716147368)	(84, 0.5985729386892178)	(86, 0.6016127727908132)	(88, 0.6045515197726407)	(90, 0.6074830462459132)
SRR19077107_1 - illumina_universal_adapter	(1, 0.004437617534738025)	(2, 0.004437617534738025)	(3, 0.004437617534738025)	(4, 0.004437617534738025)	(5, 0.004437617534738025)	(6, 0.004437617534738025)	(7, 0.004437617534738025)	(8, 0.004437617534738025)	(9, 0.004451817910849187)	(10, 0.004455368004876977)	(12, 0.004469568380988139)	(14, 0.004487318851127091)	(16, 0.004505069321266043)	(18, 0.004547670449599528)	(20, 0.004618672330155336)	(22, 0.004725175150989049)	(24, 0.004806827313628229)	(26, 0.004945280980712055)	(28, 0.005119235588073786)	(30, 0.005438744050574923)	(32, 0.005786653265298385)	(34, 0.0063369178396059)	(36, 0.007103738149608631)	(38, 0.008147465793779014)	(40, 0.009507151806422745)	(42, 0.01149165436795759)	(44, 0.01385246689643822)	(46, 0.017281857727283766)	(48, 0.022127736075217688)	(50, 0.02917467272038167)	(52, 0.03837296634638665)	(54, 0.04982911977406633)	(56, 0.06559508735148359)	(58, 0.0868210995436425)	(60, 0.11474258907221416)	(62, 0.14769456183816485)	(64, 0.1818784172317588)	(66, 0.2208584496568976)	(68, 0.26710907465095124)	(70, 0.3216953204222567)	(72, 0.3851461509809549)	(74, 0.4591336606141351)	(76, 0.5464233725694458)	(78, 0.6527451386077412)	(80, 0.7743891104699798)	(82, 0.9130344826313069)	(84, 1.0708148616024245)	(86, 1.2511702884962612)	(88, 1.4606080856657568)	(90, 1.6353224131494346)
SRR19077107_1 - polya	(1, 0.22391863070885296)	(2, 0.2309123159436001)	(3, 0.23775689722918)	(4, 0.24357195124670072)	(5, 0.2492805024433877)	(6, 0.2537039196020146)	(7, 0.2584255446589758)	(8, 0.26361578212760545)	(9, 0.2694805374615152)	(10, 0.27687183322737485)	(12, 0.28505835005545954)	(14, 0.2921301373588181)	(16, 0.29859130848939663)	(18, 0.3039839013176103)	(20, 0.30943329565026856)	(22, 0.31459158227264805)	(24, 0.3194268103384986)	(26, 0.3248513540129624)	(28, 0.3299989903532585)	(30, 0.3350436739667487)	(32, 0.3400280059817664)	(34, 0.34528214514289624)	(36, 0.3504368816712479)	(38, 0.3557442722427946)	(40, 0.36125401817392533)	(42, 0.36644070554852715)	(44, 0.37185104884687975)	(46, 0.37804241283134626)	(48, 0.38389296778914483)	(50, 0.3898464754737494)	(52, 0.3958780852269653)	(54, 0.4028327194274067)	(56, 0.4093364916863188)	(58, 0.4154071524738404)	(60, 0.42171566956122397)	(62, 0.42799933599041307)	(64, 0.4349646204729378)	(66, 0.44252987084615925)	(68, 0.4492927999691)	(70, 0.4568758008124603)	(72, 0.4640114898083191)	(74, 0.47094482344459376)	(76, 0.47809826291059143)	(78, 0.4856067117793682)	(80, 0.4928808544423108)	(82, 0.5008011142183112)	(84, 0.5090053815165348)	(86, 0.5171563974043416)	(88, 0.5246861468372852)	(90, 0.5306183539577229)
SRR19077107_2 - illumina_universal_adapter	(1, 0.004451817910849187)	(2, 0.004451817910849187)	(3, 0.004451817910849187)	(4, 0.004451817910849187)	(5, 0.004451817910849187)	(6, 0.004451817910849187)	(7, 0.004458918098904767)	(8, 0.004458918098904767)	(9, 0.004473118475015929)	(10, 0.00448021866307151)	(12, 0.004494419039182671)	(14, 0.004515719603349414)	(16, 0.004540570261543947)	(18, 0.004608022048071965)	(20, 0.004689674210711145)	(22, 0.004796177031544857)	(24, 0.004892029570295199)	(26, 0.00506598417765693)	(28, 0.0052576892551576115)	(30, 0.005605598469881073)	(32, 0.0059854585308546475)	(34, 0.006564123857384487)	(36, 0.00744099708224872)	(38, 0.008552176512947122)	(40, 0.009986414500174453)	(42, 0.012052569224348476)	(44, 0.014505684197551657)	(46, 0.017963475780619527)	(48, 0.02299750911202634)	(50, 0.030229050646635426)	(52, 0.03963679982028004)	(54, 0.05138406095823854)	(56, 0.06748373737426809)	(58, 0.08908960962740059)	(60, 0.11760396485861324)	(62, 0.15119495454956622)	(64, 0.1860320272442736)	(66, 0.22552327320941423)	(68, 0.27246971663291475)	(70, 0.32801803788575146)	(72, 0.3924912955244533)	(74, 0.46767518684499876)	(76, 0.5566618437455935)	(78, 0.6650249138498683)	(80, 0.7886462880855862)	(82, 0.9297767260663665)	(84, 1.0905675847730503)	(86, 1.2740186936591202)	(88, 1.4873651443532134)	(90, 1.665313607496208)
SRR19077107_2 - polya	(1, 0.19928097815598744)	(2, 0.20513153311378604)	(3, 0.21175600856964297)	(4, 0.21838758421355547)	(5, 0.22425233954746526)	(6, 0.23033720071109803)	(7, 0.23708237936389984)	(8, 0.24421806835975857)	(9, 0.2532140066261795)	(10, 0.2666298119571995)	(12, 0.27994621465544134)	(14, 0.2936353772266012)	(16, 0.30656126958178614)	(18, 0.31819847780488314)	(20, 0.3292179696671446)	(22, 0.3401345088026001)	(24, 0.35113980028875047)	(26, 0.36178653227809393)	(28, 0.3718794495991021)	(30, 0.3813866014055248)	(32, 0.39033993854361226)	(34, 0.3993465270921166)	(36, 0.40783125181853563)	(38, 0.4159680673302313)	(40, 0.4243533894238723)	(42, 0.4323624015505675)	(44, 0.44061282007115243)	(46, 0.44915434630201617)	(48, 0.45699650400940517)	(50, 0.46542442723137967)	(52, 0.4739162521458543)	(54, 0.4839630182445012)	(56, 0.49359797343592443)	(58, 0.5020294467519267)	(60, 0.5108975816333472)	(62, 0.5199396711221294)	(64, 0.5290314619273007)	(66, 0.5386167158023347)	(68, 0.5486244308666759)	(70, 0.5593812157708808)	(72, 0.5693321293307775)	(74, 0.5783493681613652)	(76, 0.5878565199677879)	(78, 0.5969696113371259)	(80, 0.6053939844650725)	(82, 0.6137438056184357)	(84, 0.6227503941669399)	(86, 0.6322255951271125)	(88, 0.641143431324922)	(90, 0.6486873811339767)
SRR19077107_2 - polyg	(1, 0.4586295472621888)	(2, 0.46509071839276733)	(3, 0.46624094885777145)	(4, 0.46717107349305254)	(5, 0.46776748928972134)	(6, 0.4685130090355573)	(7, 0.4696490391244503)	(8, 0.47050106169111994)	(9, 0.4716583923441796)	(10, 0.4731884828701573)	(12, 0.47493157903780236)	(14, 0.47602500799836184)	(16, 0.4770012838560042)	(18, 0.47792430830322974)	(20, 0.4787337297415659)	(22, 0.47968160484698597)	(24, 0.4804484251569887)	(26, 0.48114424358643565)	(28, 0.4817619599472711)	(30, 0.4824506781886625)	(32, 0.48321749849866524)	(34, 0.4838778159878343)	(36, 0.4845736344172812)	(38, 0.4853333545392283)	(40, 0.4861250255074256)	(42, 0.4868598949711782)	(44, 0.48769061697368116)	(46, 0.48869529358354585)	(48, 0.4895544163382711)	(50, 0.49043483965716317)	(52, 0.4914288659849445)	(54, 0.49242999250078134)	(56, 0.49341691864050713)	(58, 0.49433284289967705)	(60, 0.49588068389579365)	(62, 0.4972900712248265)	(64, 0.5026045619844288)	(66, 0.505749945293051)	(68, 0.5070528298012501)	(70, 0.5082669619587545)	(72, 0.5091438351836186)	(74, 0.5100988104770943)	(76, 0.5111673887794592)	(78, 0.5123602203727968)	(80, 0.5136773052571071)	(82, 0.5155766055619749)	(84, 0.5169788927029522)	(86, 0.5183705295618459)	(88, 0.5197799168908788)	(90, 0.5210757012110223)
SRR19077108_1 - illumina_universal_adapter	(1, 0.004395823192233873)	(2, 0.004395823192233873)	(3, 0.004395823192233873)	(4, 0.004403005909868242)	(5, 0.004403005909868242)	(6, 0.004410188627502611)	(7, 0.004410188627502611)	(8, 0.004410188627502611)	(9, 0.004410188627502611)	(10, 0.004413779986319796)	(12, 0.004431736780405719)	(14, 0.004489198521480671)	(16, 0.004510746674383778)	(18, 0.004550251621372809)	(20, 0.004618487438899315)	(22, 0.004686723256425821)	(24, 0.004776507226855435)	(26, 0.004873473914919416)	(28, 0.005074590008681751)	(30, 0.005437317249217389)	(32, 0.005965246995343516)	(34, 0.006464445870932167)	(36, 0.007186308993186259)	(38, 0.008163158591460454)	(40, 0.009678712012312327)	(42, 0.011449251909184305)	(44, 0.013722582040462117)	(46, 0.0169081173113048)	(48, 0.0218318702496648)	(50, 0.02831427291468289)	(52, 0.03688684641130238)	(54, 0.04812779950908998)	(56, 0.06349522388782261)	(58, 0.08429637415695546)	(60, 0.11180977405540618)	(62, 0.14373336258135955)	(64, 0.17710786006945545)	(66, 0.2157939772481673)	(68, 0.2613575465617875)	(70, 0.3135471728931132)	(72, 0.375275448242881)	(74, 0.4482877729962427)	(76, 0.5339704116566313)	(78, 0.63786842223778)	(80, 0.7587356032301256)	(82, 0.8955125037825986)	(84, 1.0517976654300183)	(86, 1.2324322398579488)	(88, 1.441959295970129)	(90, 1.6122112520575793)
SRR19077108_1 - polya	(1, 0.22397868399253085)	(2, 0.23043594714582863)	(3, 0.23738163509826352)	(4, 0.24291951039436208)	(5, 0.2486082227607824)	(6, 0.2532985373760254)	(7, 0.2578595630738498)	(8, 0.26295210987661743)	(9, 0.26849716789035033)	(10, 0.27589177569493334)	(12, 0.28383945275736266)	(14, 0.29074563576280854)	(16, 0.29732141375707344)	(18, 0.30287724584725795)	(20, 0.3079410617794881)	(22, 0.3131521234232229)	(24, 0.31791785657362676)	(26, 0.3227913304885462)	(28, 0.32792338223830286)	(30, 0.33276812528268485)	(32, 0.3376415991976043)	(34, 0.34272696328273755)	(36, 0.34798830394991287)	(38, 0.35328914956407725)	(40, 0.35882343350135865)	(42, 0.3646019298382086)	(44, 0.37055640275710056)	(46, 0.3766581213874971)	(48, 0.38278138817079665)	(50, 0.38841623015495924)	(52, 0.39444612160901205)	(54, 0.4014636367377906)	(56, 0.40805737152614147)	(58, 0.41433506673858)	(60, 0.42084260891531844)	(62, 0.42761591164452845)	(64, 0.4349386922727677)	(66, 0.44242667540659747)	(68, 0.44934722384731207)	(70, 0.4567490143695294)	(72, 0.46420108391518733)	(74, 0.47097079528558017)	(76, 0.4785054660840333)	(78, 0.4860940072647443)	(80, 0.4934706582752413)	(82, 0.5007862561858463)	(84, 0.5089206839067693)	(86, 0.5167821683575862)	(88, 0.5241480452916316)	(90, 0.5303000429454687)
SRR19077108_2 - illumina_universal_adapter	(1, 0.004460467650943195)	(2, 0.004460467650943195)	(3, 0.004460467650943195)	(4, 0.0044748330862119335)	(5, 0.0044748330862119335)	(6, 0.0044748330862119335)	(7, 0.004482015803846302)	(8, 0.004482015803846302)	(9, 0.004482015803846302)	(10, 0.004489198521480671)	(12, 0.0045143380332009625)	(14, 0.004575391133093101)	(16, 0.004596939285996207)	(18, 0.004657992385888344)	(20, 0.004751367715135143)	(22, 0.0048052380973929104)	(24, 0.004930935655994369)	(26, 0.00504226777932709)	(28, 0.0052721147436269)	(30, 0.005681529648785938)	(32, 0.006213050753729249)	(34, 0.006776894088027221)	(36, 0.00756699302780782)	(38, 0.008608487084791335)	(40, 0.010213824476072823)	(42, 0.012059782908105676)	(44, 0.014397757498092809)	(46, 0.017687442174633843)	(48, 0.022787171695035885)	(50, 0.029503012683170973)	(52, 0.038301841785273086)	(54, 0.0497726418473605)	(56, 0.06542019221383352)	(58, 0.0864906943942552)	(60, 0.11454279811528362)	(62, 0.14696917687564282)	(64, 0.1810655374859928)	(66, 0.2203585943048088)	(68, 0.26679845516982204)	(70, 0.31985000761727206)	(72, 0.3828532153471404)	(74, 0.45731285770382735)	(76, 0.5445469633732398)	(78, 0.6500179891163153)	(80, 0.7732770150809058)	(82, 0.9123344284822911)	(84, 1.0715680957186189)	(86, 1.2550973053532006)	(88, 1.468208537564931)	(90, 1.641164786841721)
SRR19077108_2 - polya	(1, 0.20266756077135778)	(2, 0.20846401390229363)	(3, 0.21479917085580716)	(4, 0.2213210784678143)	(5, 0.22743357117466237)	(6, 0.23324438974086695)	(7, 0.239687287458896)	(8, 0.24689155324616818)	(9, 0.2558053058304202)	(10, 0.2694093730299152)	(12, 0.2828410550061854)	(14, 0.2969802346694409)	(16, 0.3103149499576471)	(18, 0.32173547099629396)	(20, 0.33299438088816746)	(22, 0.34384387587488197)	(24, 0.3545389424324575)	(26, 0.36549258682487035)	(28, 0.3759254841887914)	(30, 0.3858376345242207)	(32, 0.3947226562379353)	(34, 0.40365795697509044)	(36, 0.4120689193249366)	(38, 0.42011715443424713)	(40, 0.4281151105201171)	(42, 0.4359263159474935)	(44, 0.44410743133303987)	(46, 0.4523460084596612)	(48, 0.46032241639262805)	(50, 0.468593315748604)	(52, 0.47736700533898585)	(54, 0.4867799567988265)	(56, 0.49636529348189207)	(58, 0.5052646806308754)	(60, 0.5142143468032991)	(62, 0.5228012857351874)	(64, 0.5318155963663206)	(66, 0.5406826612859492)	(68, 0.5500273769282634)	(70, 0.5608086360974514)	(72, 0.5706776901270745)	(74, 0.5793651871058438)	(76, 0.5890510818357906)	(78, 0.5987226111304684)	(80, 0.6074927093620331)	(82, 0.616072465576287)	(84, 0.6253776762716121)	(86, 0.634754714143281)	(88, 0.6437797988508658)	(90, 0.6513503832374907)
SRR19077108_2 - polyg	(1, 0.4626460255473464)	(2, 0.4686435947720446)	(3, 0.46995803209913417)	(4, 0.47089178539160215)	(5, 0.471531047261061)	(6, 0.4723211462008416)	(7, 0.4732908130814814)	(8, 0.47421020093868066)	(9, 0.4753594357601797)	(10, 0.477058148480708)	(12, 0.4789112896303752)	(14, 0.4801898133692929)	(16, 0.4812492642203623)	(18, 0.48215787800111)	(20, 0.483034169552503)	(22, 0.4839930623566913)	(24, 0.4847939353729235)	(26, 0.48546911083055416)	(28, 0.48618379123517386)	(30, 0.4869918469690404)	(32, 0.4878322249322616)	(34, 0.4884750781605376)	(36, 0.4892256721533292)	(38, 0.4901701995222487)	(40, 0.491032125638373)	(42, 0.49169652701955213)	(44, 0.4925189481886874)	(46, 0.4936825484454552)	(48, 0.4945696140732998)	(50, 0.4955356895951224)	(52, 0.49675316023414795)	(54, 0.49789521233801265)	(56, 0.49900135085370545)	(58, 0.5001541770340218)	(60, 0.5020719626423983)	(62, 0.5036952568277657)	(64, 0.5093911519118204)	(66, 0.513546354063303)	(68, 0.5154461828775935)	(70, 0.5166205572108129)	(72, 0.5177231043676884)	(74, 0.5186424922248878)	(76, 0.5196372986172478)	(78, 0.5209158223561656)	(80, 0.5222949041419644)	(82, 0.5242270551856096)	(84, 0.5258431666533427)	(86, 0.5272725274625822)	(88, 0.5289101870832184)	(90, 0.5301348404398782)
SRR19077109_1 - illumina_universal_adapter	(1, 5.7746230085490725e-05)	(2, 5.7746230085490725e-05)	(3, 5.7746230085490725e-05)	(4, 5.7746230085490725e-05)	(5, 5.7746230085490725e-05)	(6, 5.7746230085490725e-05)	(7, 5.7746230085490725e-05)	(8, 6.416247787276748e-05)	(9, 6.416247787276748e-05)	(10, 6.737060176640586e-05)	(12, 9.303559291551284e-05)	(14, 0.00013153307963917332)	(16, 0.00017644681415011055)	(18, 0.00027589865485290016)	(20, 0.00039139111502388163)	(22, 0.0004523454690030107)	(24, 0.0005614216813867154)	(26, 0.0006769141415576968)	(28, 0.0008405284601332539)	(30, 0.0010586808849006634)	(32, 0.0012992901769235414)	(34, 0.0015238588494782275)	(36, 0.001828630619373873)	(38, 0.0022264379821850316)	(40, 0.002765402796316278)	(42, 0.003407027575043953)	(44, 0.004151312318368055)	(46, 0.004940510796203095)	(48, 0.005935029203230992)	(50, 0.0071509081589199355)	(52, 0.008764594477420038)	(54, 0.010776088158731299)	(56, 0.013284841043556504)	(58, 0.01645446745047122)	(60, 0.021170409574119628)	(62, 0.027333215573798943)	(64, 0.03401573764424767)	(66, 0.042437062865048406)	(68, 0.05344734406801531)	(70, 0.06651082456291077)	(72, 0.08391489668589894)	(74, 0.10546065675557426)	(76, 0.13332321277182352)	(78, 0.17056311492917778)	(80, 0.2195158774222057)	(82, 0.281586658516321)	(84, 0.3589954799459213)	(86, 0.45435696268432196)	(88, 0.5770195797575852)	(90, 0.6858840559643098)
SRR19077109_1 - polya	(1, 0.5985268423405369)	(2, 0.6059504410304161)	(3, 0.6116929828000287)	(4, 0.6173007833661086)	(5, 0.6222348779145244)	(6, 0.6261808703036996)	(7, 0.6306914924981551)	(8, 0.6375697101261159)	(9, 0.6454681111522536)	(10, 0.6558977219304718)	(12, 0.6645115345848909)	(14, 0.6711619754164033)	(16, 0.6782583454691313)	(18, 0.6829005007432261)	(20, 0.6872378842474252)	(22, 0.6920404457162017)	(24, 0.6960281437159943)	(26, 0.7000190498396804)	(28, 0.7036313973439172)	(30, 0.7072565773437285)	(32, 0.7109138385824764)	(34, 0.7147058410247569)	(36, 0.7181962798210355)	(38, 0.7217252161040377)	(40, 0.7262037570595568)	(42, 0.7300246326168801)	(44, 0.7341759449352482)	(46, 0.7384202928465318)	(48, 0.7421513409348333)	(50, 0.7459369271293265)	(52, 0.749995203854779)	(54, 0.7548426790580666)	(56, 0.7592859306507558)	(58, 0.7632992936416974)	(60, 0.7676078040308536)	(62, 0.7717045782430298)	(64, 0.7763627741365928)	(66, 0.7810819243841348)	(68, 0.7855572572157604)	(70, 0.7907447935517736)	(72, 0.7955441468966566)	(74, 0.7997788704362593)	(76, 0.8047642949669733)	(78, 0.8094000339932808)	(80, 0.8139266968072045)	(82, 0.8184790246122774)	(84, 0.8233810379217568)	(86, 0.8290722497090712)	(88, 0.8338523543105925)	(90, 0.8373973312130628)
SRR19077109_2 - illumina_universal_adapter	(1, 6.416247787276748e-05)	(2, 6.416247787276748e-05)	(3, 6.416247787276748e-05)	(4, 7.057872566004422e-05)	(5, 7.057872566004422e-05)	(6, 7.057872566004422e-05)	(7, 7.057872566004422e-05)	(8, 7.057872566004422e-05)	(9, 7.057872566004422e-05)	(10, 7.37868495536826e-05)	(12, 0.00010265996459642795)	(14, 0.00013794932742645008)	(16, 0.0001828630619373873)	(18, 0.0002823149026401769)	(20, 0.00038818299113024324)	(22, 0.00044913734510937235)	(24, 0.0005742541769612689)	(26, 0.0006993710088131655)	(28, 0.0008694015751759993)	(30, 0.0011132189910925158)	(32, 0.0013794932742645007)	(34, 0.0016521838052237624)	(36, 0.002033950548566729)	(38, 0.0024670472742079094)	(40, 0.0030445095750628167)	(42, 0.0037310480883014285)	(44, 0.0045587440528601295)	(46, 0.005380023769631552)	(48, 0.006432288406744939)	(50, 0.0077187460880939265)	(52, 0.00945113299065865)	(54, 0.011571702884353614)	(56, 0.014109328884221568)	(58, 0.01728537153892356)	(60, 0.022087933007700206)	(62, 0.02840472895427416)	(64, 0.035260489714979366)	(66, 0.04372993679418467)	(68, 0.054971202917493536)	(70, 0.06819829773096456)	(72, 0.08577240042031556)	(74, 0.10780258719793027)	(76, 0.1363292248601627)	(78, 0.17424924928296825)	(80, 0.2242350276697478)	(82, 0.2872393728169118)	(84, 0.36588332194556283)	(86, 0.46256655172814254)	(88, 0.5868492713676932)	(90, 0.697272895786726)
SRR19077109_2 - polya	(1, 0.5852516256686613)	(2, 0.5912700660931268)	(3, 0.5966468817388647)	(4, 0.6017862962164734)	(5, 0.6060980147295234)	(6, 0.6097167784815475)	(7, 0.614086243224683)	(8, 0.6200276886757012)	(9, 0.6282789833301391)	(10, 0.6397351937543218)	(12, 0.6500749770635181)	(14, 0.6590160183550884)	(16, 0.6674180948325272)	(18, 0.6742225256109342)	(20, 0.6810301645132348)	(22, 0.6879821689907493)	(24, 0.6946197773266871)	(26, 0.7014242081050941)	(28, 0.7080554001932446)	(30, 0.7149785315557161)	(32, 0.7212504137677791)	(34, 0.7279040627231852)	(36, 0.7330178122096447)	(38, 0.7378524549173577)	(40, 0.7426967219967517)	(42, 0.7476564815363167)	(44, 0.7528408097484363)	(46, 0.7586924277304326)	(48, 0.7635334866859329)	(50, 0.7686408199246052)	(52, 0.7733631782960408)	(54, 0.778916440755929)	(56, 0.7842194695521132)	(58, 0.7892498078173382)	(60, 0.794174277994073)	(62, 0.7989960882062115)	(64, 0.8040873808254156)	(66, 0.8091979221879815)	(68, 0.8149212152142324)	(70, 0.8207022544705688)	(72, 0.8266597405410552)	(74, 0.831850485000962)	(76, 0.8375545292838511)	(78, 0.8430660861331218)	(80, 0.8480065969293249)	(82, 0.8529535239733153)	(84, 0.8584233752119688)	(86, 0.8642204550877733)	(88, 0.8697993825388104)	(90, 0.8746372333704171)
SRR19077109_2 - polyg	(1, 0.19468179036155106)	(2, 0.1992052450515812)	(3, 0.20039225089222737)	(4, 0.20120069811342425)	(5, 0.20181024165321554)	(6, 0.20254811014875237)	(7, 0.20327314614871464)	(8, 0.2039468521663787)	(9, 0.20464622317519185)	(10, 0.20566640657336888)	(12, 0.2068309555467596)	(14, 0.20798267202457577)	(16, 0.20882320048470904)	(18, 0.2097086426793532)	(20, 0.21062937423682743)	(22, 0.21162710076774896)	(24, 0.212265517422583)	(26, 0.2131413352455463)	(28, 0.21413264552868053)	(30, 0.21489297089147283)	(32, 0.215893905546288)	(34, 0.21680822085597495)	(36, 0.21767762243115094)	(38, 0.21849890214792234)	(40, 0.21962816175848307)	(42, 0.22048152271419086)	(44, 0.2215113304840488)	(46, 0.22307047869635704)	(48, 0.2242382357936414)	(50, 0.2255760234572886)	(52, 0.22706780106783048)	(54, 0.2289028479349916)	(56, 0.23097850409417564)	(58, 0.23280713471354952)	(60, 0.23605696421780517)	(62, 0.23816149349203197)	(64, 0.24120921119098843)	(66, 0.24705441292519753)	(68, 0.2495278764471927)	(70, 0.25113193839401193)	(72, 0.25393583867705183)	(74, 0.25554310874776465)	(76, 0.257358906871564)	(78, 0.26049966016343595)	(80, 0.2647889218092304)	(82, 0.2715997688354247)	(84, 0.2754976393661953)	(86, 0.2791452762332622)	(88, 0.2822122426755804)	(90, 0.28515088416215323)
SRR19077110_1 - illumina_universal_adapter	(1, 5.8252419643699724e-05)	(2, 5.8252419643699724e-05)	(3, 5.8252419643699724e-05)	(4, 5.8252419643699724e-05)	(5, 5.8252419643699724e-05)	(6, 5.8252419643699724e-05)	(7, 5.8252419643699724e-05)	(8, 5.8252419643699724e-05)	(9, 5.8252419643699724e-05)	(10, 7.44336473225052e-05)	(12, 8.737862946554958e-05)	(14, 0.00012297733035892164)	(16, 0.00016828476785957696)	(18, 0.00021359220536023232)	(20, 0.00027184462500393205)	(22, 0.0003656957455410038)	(24, 0.000540453004472103)	(26, 0.0006990290357243966)	(28, 0.0008543688214409293)	(30, 0.0010258898348362673)	(32, 0.0012427182857322606)	(34, 0.0014660192276997764)	(36, 0.0017702263080613193)	(38, 0.002161812017888412)	(40, 0.0026116501473592043)	(42, 0.0032071193259392457)	(44, 0.00377993478576896)	(46, 0.0044466013661357455)	(48, 0.0054821999375792956)	(50, 0.0067378632054546014)	(52, 0.008171519977796766)	(54, 0.010165047227825602)	(56, 0.012679610009111972)	(58, 0.016080904067196887)	(60, 0.020999997281553752)	(62, 0.026954689067354168)	(64, 0.03397410563441998)	(66, 0.04285436338454843)	(68, 0.053297727728449484)	(70, 0.06640128590274616)	(72, 0.0833171413181694)	(74, 0.10556309313099119)	(76, 0.13383169788586435)	(78, 0.17144657974801558)	(80, 0.22020385498979222)	(82, 0.2806342678790592)	(84, 0.3571391123444515)	(86, 0.4531229186895898)	(88, 0.5745177249815243)	(90, 0.6838898791081063)
SRR19077110_1 - polya	(1, 0.6041099541605237)	(2, 0.6116698237320617)	(3, 0.6175792080803614)	(4, 0.6230484630357976)	(5, 0.6276439316965784)	(6, 0.6319157758037831)	(7, 0.6362199823663454)	(8, 0.6427054184200106)	(9, 0.6503688478486929)	(10, 0.6603947365184808)	(12, 0.668653635125743)	(14, 0.6752523397731599)	(16, 0.6825759634205872)	(18, 0.6875177103536945)	(20, 0.691967547965366)	(22, 0.6964788742422169)	(24, 0.7003300064297726)	(26, 0.704333242157509)	(28, 0.7079772546307761)	(30, 0.7117507169254735)	(32, 0.7154529818183842)	(34, 0.7197345346621962)	(36, 0.723339712189034)	(38, 0.7265630127426521)	(40, 0.7308898730239646)	(42, 0.7347312964749131)	(44, 0.7390872829660475)	(46, 0.7433753083009309)	(48, 0.7471196443858066)	(50, 0.7509384141180047)	(52, 0.7547215851493094)	(54, 0.7597571832029536)	(56, 0.7638413250690841)	(58, 0.7676859847655684)	(60, 0.7721261136406325)	(62, 0.7764335564487306)	(64, 0.7808833940604021)	(66, 0.7858607396944026)	(68, 0.7902782148507166)	(70, 0.7954885701632919)	(72, 0.800417372114256)	(74, 0.8048866271991422)	(76, 0.8099189890072507)	(78, 0.8143947165832082)	(80, 0.8184270785207666)	(82, 0.8227442300654718)	(84, 0.8278542617664386)	(86, 0.8333655879138397)	(88, 0.838048435204086)	(90, 0.8417345188693179)
SRR19077110_2 - illumina_universal_adapter	(1, 6.472491071522192e-05)	(2, 6.472491071522192e-05)	(3, 7.119740178674411e-05)	(4, 7.119740178674411e-05)	(5, 7.119740178674411e-05)	(6, 7.119740178674411e-05)	(7, 7.119740178674411e-05)	(8, 7.76698928582663e-05)	(9, 7.76698928582663e-05)	(10, 9.385112053707177e-05)	(12, 0.00010679610268011616)	(14, 0.00013592231250196603)	(16, 0.00018770224107414354)	(18, 0.0002297734330390378)	(20, 0.00029773458929002077)	(22, 0.00042394816518470354)	(24, 0.0006181228973303693)	(26, 0.0008220063660833183)	(28, 0.0010129448526932229)	(30, 0.0012394820401964996)	(32, 0.001521035401807715)	(34, 0.0018025887634189304)	(36, 0.002168284508959934)	(38, 0.002605177656287682)	(40, 0.003110031959866413)	(42, 0.003744336084875588)	(44, 0.004388348946492046)	(46, 0.005119740437574053)	(48, 0.006252426375090437)	(50, 0.0076019407635028145)	(52, 0.009110031183167484)	(54, 0.011152102116232736)	(56, 0.013812295946628358)	(58, 0.01728478740650001)	(60, 0.022278314268179382)	(62, 0.028291258473623498)	(64, 0.03543041612551248)	(66, 0.04447572239796474)	(68, 0.05522976631329886)	(70, 0.06873785517956568)	(72, 0.08597086265749351)	(74, 0.10862781765335694)	(76, 0.13735920551984393)	(78, 0.1756278089802189)	(80, 0.22541421030236758)	(82, 0.2870646877586165)	(84, 0.3651002763624238)	(86, 0.4624789045334752)	(88, 0.5854012187182889)	(90, 0.6964529842779308)
SRR19077110_2 - polya	(1, 0.5860387590888337)	(2, 0.5921034832228501)	(3, 0.5972296961514957)	(4, 0.6028089834551478)	(5, 0.6071714424373538)	(6, 0.6109772671874087)	(7, 0.6157863280535497)	(8, 0.621974029517925)	(9, 0.6302523455984018)	(10, 0.642252344045004)	(12, 0.6526471647058687)	(14, 0.6613559014426018)	(16, 0.6693817903712893)	(18, 0.6763558995008545)	(20, 0.6832652837197044)	(22, 0.6905597811573099)	(24, 0.6975015278315175)	(26, 0.7047571903226938)	(28, 0.7120096165683344)	(30, 0.7189287095237917)	(32, 0.7252393883185257)	(34, 0.7317668955641559)	(36, 0.7373008754303074)	(38, 0.7422846935553795)	(40, 0.747168188068843)	(42, 0.7524335595555263)	(44, 0.7575144650466712)	(46, 0.7633299982744339)	(48, 0.7683753050646854)	(50, 0.7733041070156496)	(52, 0.7783073426139362)	(54, 0.7838251412524089)	(56, 0.7888704480426605)	(58, 0.7935338778596922)	(60, 0.7982426151142246)	(62, 0.8032329057303682)	(64, 0.808274976275084)	(66, 0.813504749060874)	(68, 0.8191487612752413)	(70, 0.824841317172645)	(72, 0.830164941078972)	(74, 0.8354594387754772)	(76, 0.8409998911327001)	(78, 0.8463040975658126)	(80, 0.8513040969185635)	(82, 0.8560646141016681)	(84, 0.8612782056597792)	(86, 0.8670257777312909)	(88, 0.8727377511019092)	(90, 0.8777409867001958)
SRR19077110_2 - polyg	(1, 0.1949190686188908)	(2, 0.19928152760109674)	(3, 0.2005436633600436)	(4, 0.20135919723505538)	(5, 0.20203233630649367)	(6, 0.20280903523507635)	(7, 0.20359867914580204)	(8, 0.20435596060117014)	(9, 0.20511971454760977)	(10, 0.2061391318913745)	(12, 0.20726858158335515)	(14, 0.20831712513694173)	(16, 0.20912295027534622)	(18, 0.21002909902535935)	(20, 0.21105822510573138)	(22, 0.21205175248521002)	(24, 0.21277343523968476)	(26, 0.213650457779876)	(28, 0.21439479425310107)	(30, 0.21516178444507644)	(32, 0.21607116944062532)	(34, 0.21700320815492452)	(36, 0.21803880672636805)	(38, 0.21908087778888313)	(40, 0.22036243102104452)	(42, 0.221304178471951)	(44, 0.22241097444518132)	(46, 0.22408734963270555)	(48, 0.22548540770415434)	(50, 0.2270032068604263)	(52, 0.22894495418188296)	(54, 0.23092877269530449)	(56, 0.23292877243640486)	(58, 0.23471194372660922)	(60, 0.23836242869094776)	(62, 0.24101291378473608)	(64, 0.24468605246782493)	(66, 0.25241097056168665)	(68, 0.25532359154387163)	(70, 0.25696113178496677)	(72, 0.2595954356510763)	(74, 0.2612394483832429)	(76, 0.26299349346362544)	(78, 0.26623621149045806)	(80, 0.2705663080173064)	(82, 0.27756954335669337)	(84, 0.28138831308889156)	(86, 0.2854012575532353)	(88, 0.2883688947095282)	(90, 0.2913203506381423)
SRR19077111_1 - illumina_universal_adapter	(1, 0.0001435537229423483)	(2, 0.0001435537229423483)	(3, 0.0001435537229423483)	(4, 0.0001435537229423483)	(5, 0.0001435537229423483)	(6, 0.0001435537229423483)	(7, 0.0001435537229423483)	(8, 0.0001435537229423483)	(9, 0.0001435537229423483)	(10, 0.00015503802077773617)	(12, 0.00017226446753081798)	(14, 0.00020384628657813458)	(16, 0.0002641388502139209)	(18, 0.00033878678614394204)	(20, 0.0004421454666624328)	(22, 0.0005598595194751584)	(24, 0.0007407372103825172)	(26, 0.0009388413480429579)	(28, 0.0010881372199030002)	(30, 0.001452763676176565)	(32, 0.001774324015567425)	(34, 0.0022336959289829396)	(36, 0.002954335618153528)	(38, 0.003881692668361098)	(40, 0.00530861667440804)	(42, 0.007085811764434313)	(44, 0.00915011430034528)	(46, 0.011742694536684091)	(48, 0.015782296300281773)	(50, 0.020651638582486226)	(52, 0.026580407340005212)	(54, 0.03463951334598865)	(56, 0.04489786238744886)	(58, 0.057918185058319846)	(60, 0.07584804505381915)	(62, 0.09881089857567718)	(64, 0.12378637529318695)	(66, 0.15221862565914845)	(68, 0.18686388115405478)	(70, 0.23287284935707742)	(72, 0.2925940691755532)	(74, 0.3654820364623011)	(76, 0.4499576602649554)	(78, 0.5584900169582885)	(80, 0.6910590090210882)	(82, 0.8396198858196656)	(84, 1.0222460610724622)	(86, 1.2391729628851036)	(88, 1.4968088294497361)	(90, 1.7207669926120939)
SRR19077111_1 - polya	(1, 1.308434763130328)	(2, 1.3180356361207122)	(3, 1.3252362908635003)	(4, 1.3308750811006758)	(5, 1.3365598085291928)	(6, 1.3413889557689733)	(7, 1.3469990352615604)	(8, 1.3541652371108424)	(9, 1.362652133211194)	(10, 1.3735306343357652)	(12, 1.3834186147720342)	(14, 1.388859300871549)	(16, 1.3932750133892557)	(18, 1.3963240944645512)	(20, 1.3990171623069498)	(22, 1.4015006417138522)	(24, 1.4037486930151295)	(26, 1.4059795178696535)	(28, 1.4079548170973402)	(30, 1.410099509718099)	(32, 1.4121867808496806)	(34, 1.4145755147994414)	(36, 1.4163900338574327)	(38, 1.4181327760539526)	(40, 1.4202229182599932)	(42, 1.4221896042643034)	(44, 1.4242050985344141)	(46, 1.4262952407404548)	(48, 1.4282676688936826)	(50, 1.4302257416746162)	(52, 1.4322814309871506)	(54, 1.434899850893619)	(56, 1.4371823550884024)	(58, 1.4392380444009367)	(60, 1.4415377750424732)	(62, 1.4439954147792462)	(64, 1.4463324693887476)	(66, 1.4488130777211914)	(68, 1.4512075538198699)	(70, 1.4538920084388918)	(72, 1.456438651483889)	(74, 1.4588733226249913)	(76, 1.4615290664994247)	(78, 1.4638173128431258)	(80, 1.465875873230119)	(82, 1.468126795605855)	(84, 1.4707279890655705)	(86, 1.4736708403858887)	(88, 1.4760854140057789)	(90, 1.4780233892655006)
SRR19077111_1 - polyg	(1, 0.0)	(2, 0.0)	(3, 4.593719134155146e-05)	(4, 5.7421489176939324e-05)	(5, 8.039008484771506e-05)	(6, 0.00011484297835387865)	(7, 0.0001378115740246544)	(8, 0.00017226446753081798)	(9, 0.0002641388502139209)	(10, 0.0004909537324628312)	(12, 0.0008383537419833142)	(14, 0.0013924711125407785)	(16, 0.0023083438649129607)	(18, 0.0036721042328652694)	(20, 0.005297132376572653)	(22, 0.007487762188672888)	(24, 0.009698489521985052)	(26, 0.012144644960922667)	(28, 0.0158512020872941)	(30, 0.020152071626646853)	(32, 0.025041511430063237)	(34, 0.029775913212701885)	(36, 0.033522665381497174)	(38, 0.0360549530542002)	(40, 0.03887147709832907)	(42, 0.04179135982297644)	(44, 0.04502993181255582)	(46, 0.047737355027248504)	(48, 0.04959781127658134)	(50, 0.05122858156920641)	(52, 0.052873707234125725)	(54, 0.05457912546268083)	(56, 0.05623286435097668)	(58, 0.05824261647216955)	(60, 0.06043324628426979)	(62, 0.0626583289898762)	(64, 0.06487479847210605)	(66, 0.0673783754002206)	(68, 0.06986185480712323)	(70, 0.07248601686250936)	(72, 0.07550064504429867)	(74, 0.07875357240617228)	(76, 0.0820553080338463)	(78, 0.08530249324680221)	(80, 0.09018331982684205)	(82, 0.09483446045017413)	(84, 0.10096994656873011)	(86, 0.10670635333750633)	(88, 0.11365148245345716)	(90, 0.1187648660646636)
SRR19077111_2 - illumina_universal_adapter	(1, 0.0001435537229423483)	(2, 0.0001435537229423483)	(3, 0.0001435537229423483)	(4, 0.0001435537229423483)	(5, 0.0001435537229423483)	(6, 0.0001435537229423483)	(7, 0.0001435537229423483)	(8, 0.0001435537229423483)	(9, 0.0001435537229423483)	(10, 0.00015790909523658313)	(12, 0.0001780066164485119)	(14, 0.00020671736103698157)	(16, 0.0002612677757550739)	(18, 0.00034452893506163595)	(20, 0.00043640331774473886)	(22, 0.0005598595194751584)	(24, 0.0007378661359236703)	(26, 0.0009618099437137338)	(28, 0.0011656562302918682)	(30, 0.0015532512822362086)	(32, 0.001940846334180549)	(34, 0.002457639736773003)	(36, 0.003195505872696673)	(38, 0.004154444741951559)	(40, 0.005656016683928523)	(42, 0.0075222150821790505)	(44, 0.009626712660513877)	(46, 0.01233126480074772)	(48, 0.016491451691616973)	(50, 0.021435441909751447)	(52, 0.027464698273330077)	(54, 0.03563577618320854)	(56, 0.04606926076665842)	(58, 0.059279074351813316)	(60, 0.07744436245293806)	(62, 0.10069145234622195)	(64, 0.12598274725420489)	(66, 0.1548858538314173)	(68, 0.1900909688457988)	(70, 0.23659663293020194)	(72, 0.29708155855473095)	(74, 0.3712213143055362)	(76, 0.45706931169951936)	(78, 0.5674334138975967)	(80, 0.7029079333127497)	(82, 0.8548739044195195)	(84, 1.0411319888627577)	(86, 1.2616649601957108)	(88, 1.5229384780997024)	(90, 1.7499830463053205)
SRR19077111_2 - polya	(1, 1.5469751134691692)	(2, 1.5571903963937468)	(3, 1.5649939767728929)	(4, 1.5713390513269445)	(5, 1.5773625655416055)	(6, 1.5829898714809456)	(7, 1.5884678815484257)	(8, 1.596357594161337)	(9, 1.606170926661676)	(10, 1.619937728691847)	(12, 1.633790662955784)	(14, 1.643299661563485)	(16, 1.6517032965045302)	(18, 1.6584675479295736)	(20, 1.6654815828325367)	(22, 1.6712294738991482)	(24, 1.6766357071051572)	(26, 1.682659221319818)	(28, 1.6882262346955224)	(30, 1.6934803009552122)	(32, 1.6975830663569047)	(34, 1.7021566879698478)	(36, 1.7058575029473015)	(38, 1.708978360884068)	(40, 1.7119700204701866)	(42, 1.715208592459766)	(44, 1.7181801545246727)	(46, 1.7216311860242066)	(48, 1.7243213827921464)	(50, 1.727479564696878)	(52, 1.7306205201548566)	(54, 1.7337729599106706)	(56, 1.7368249120604249)	(58, 1.739621338583342)	(60, 1.7425641899036601)	(62, 1.7451280593954102)	(64, 1.7478469669079384)	(66, 1.7506577488031496)	(68, 1.753787219963293)	(70, 1.7568391721130472)	(72, 1.759578177146787)	(74, 1.762190854904338)	(76, 1.7649844103527959)	(78, 1.7680334914280915)	(80, 1.770723688196031)	(82, 1.7733909163683)	(84, 1.7759433015622148)	(86, 1.77901822230764)	(88, 1.7824348009136677)	(90, 1.7853317150426444)
SRR19077111_2 - polyg	(1, 0.19133414408647953)	(2, 0.19510099377648674)	(3, 0.19605419049682393)	(4, 0.19708777730200883)	(5, 0.1975069541730005)	(6, 0.19812710625611143)	(7, 0.19862667321195082)	(8, 0.19917791950804942)	(9, 0.19979232944224268)	(10, 0.20063929640760253)	(12, 0.20175327329763515)	(14, 0.20253994769935924)	(16, 0.20322613449502364)	(18, 0.20394103203527653)	(20, 0.2046961246179533)	(22, 0.20539092463699427)	(24, 0.2059737527521402)	(26, 0.20664271310105153)	(28, 0.20733464204563368)	(30, 0.2079433098309092)	(32, 0.20872711315817444)	(34, 0.20988989831400745)	(36, 0.21106416776767586)	(38, 0.21206043060489577)	(40, 0.21304520914428027)	(42, 0.21418789677890138)	(44, 0.2160540951771519)	(46, 0.21896823575288157)	(48, 0.22113302589485218)	(50, 0.22425962598053653)	(52, 0.22963427736749803)	(54, 0.23415621964018202)	(56, 0.23621190895271643)	(58, 0.23794890900031887)	(60, 0.24239907441153166)	(62, 0.24525292242362554)	(64, 0.2504639225664328)	(66, 0.260854341033)	(68, 0.26469296758447836)	(70, 0.2674463279905126)	(72, 0.27133663388225027)	(74, 0.27317125046145346)	(76, 0.27533604060342404)	(78, 0.2802857729704762)	(80, 0.28742900622408746)	(82, 0.2981036610620805)	(84, 0.3028466760680957)	(86, 0.3055340017615764)	(88, 0.30730258362822616)	(90, 0.3089218696230159)
SRR19077112_1 - illumina_universal_adapter	(1, 8.701380961366855e-05)	(2, 8.701380961366855e-05)	(3, 8.701380961366855e-05)	(4, 8.701380961366855e-05)	(5, 8.701380961366855e-05)	(6, 8.701380961366855e-05)	(7, 8.701380961366855e-05)	(8, 9.861565089549102e-05)	(9, 0.00010441657153640226)	(10, 0.00010441657153640226)	(12, 0.0001247197937795916)	(14, 0.00015662485730460338)	(16, 0.00019433084147052641)	(18, 0.0002494395875591832)	(20, 0.00031324971460920675)	(22, 0.00044086996870925396)	(24, 0.0006061962069752242)	(26, 0.0007976265881252951)	(28, 0.0010499666360049339)	(30, 0.0013400126680504956)	(32, 0.0017605794145165604)	(34, 0.0022594585896349266)	(36, 0.003016478733273843)	(38, 0.003941725575499185)	(40, 0.005177321672013279)	(42, 0.007120630086718543)	(44, 0.009232165200010233)	(46, 0.012019507567968081)	(48, 0.016251279175512827)	(50, 0.021153057117082825)	(52, 0.027023588805684992)	(54, 0.03528700025866305)	(56, 0.04554882887243503)	(58, 0.05841817131429661)	(60, 0.07634011563439187)	(62, 0.09827339657767725)	(64, 0.12285769825385909)	(66, 0.1514562370135515)	(68, 0.18540612506448448)	(70, 0.2306736092858353)	(72, 0.28948914366403433)	(74, 0.36053301875327426)	(76, 0.44370371844233913)	(78, 0.5483291231218141)	(80, 0.6789397518122511)	(82, 0.826903834599974)	(84, 1.0065728491505972)	(86, 1.2211286004356607)	(88, 1.476749068937735)	(90, 1.698109300134587)
SRR19077112_1 - polya	(1, 1.3069358185560198)	(2, 1.3163855182800641)	(3, 1.3239963261609398)	(4, 1.3299422698178738)	(5, 1.335424139823535)	(6, 1.3403839269715139)	(7, 1.345738176723075)	(8, 1.353134350540237)	(9, 1.3615630882314809)	(10, 1.3721091619566574)	(12, 1.3820200348716543)	(14, 1.3873423795596904)	(16, 1.3915364451830694)	(18, 1.3947936621229409)	(20, 1.3976883215227556)	(22, 1.4003857496207792)	(24, 1.4027786293851552)	(26, 1.4050206852128673)	(28, 1.4068943825798819)	(30, 1.4089334061851622)	(32, 1.4110159366952493)	(34, 1.4131680782530274)	(36, 1.4149692641120302)	(38, 1.4167820518123149)	(40, 1.4188471795604793)	(42, 1.4209355109912072)	(44, 1.4229078240091173)	(46, 1.4250570651065748)	(48, 1.4272266094262758)	(50, 1.4291670173806605)	(52, 1.4313481635416432)	(54, 1.4339150709252464)	(56, 1.4361020180068698)	(58, 1.4382367568027252)	(60, 1.4403830974398621)	(62, 1.4425787459024473)	(64, 1.444983227508105)	(66, 1.4476922574474105)	(68, 1.4501605491801182)	(70, 1.4529362897067943)	(72, 1.455500296630077)	(74, 1.4579192805373369)	(76, 1.460657315079847)	(78, 1.463038593002941)	(80, 1.4652052368623214)	(82, 1.4675401074202883)	(84, 1.470359354851771)	(86, 1.4730741857117176)	(88, 1.4756265907937185)	(90, 1.4775815010497055)
SRR19077112_1 - polyg	(1, 0.0)	(2, 0.0)	(3, 4.0606444486378656e-05)	(4, 6.961104769093484e-05)	(5, 8.701380961366855e-05)	(6, 0.00011021749217731349)	(7, 0.00013922209538186968)	(8, 0.00019723130179098204)	(9, 0.0003306524765319405)	(10, 0.0005800920640911236)	(12, 0.0008991426993412416)	(14, 0.0014705333824709984)	(16, 0.0023290696373258614)	(18, 0.0036748832260172686)	(20, 0.005360050672201983)	(22, 0.0075179931506209625)	(24, 0.009832560486344545)	(26, 0.012637305616225128)	(28, 0.016625438556851602)	(30, 0.02117626079964647)	(32, 0.025872106058464114)	(34, 0.030570851777602215)	(36, 0.034373355257719534)	(38, 0.037523255165734334)	(40, 0.04032509983529446)	(42, 0.042990622869793174)	(44, 0.046146323698448885)	(46, 0.048698728780449826)	(48, 0.05069134502060284)	(50, 0.05256794284793763)	(52, 0.05418059878611095)	(54, 0.055868666692616115)	(56, 0.057695956694503156)	(58, 0.0597581839823471)	(60, 0.06200314027037975)	(62, 0.06405376571694188)	(64, 0.06627551832241088)	(66, 0.06867999992806859)	(68, 0.07131361789904228)	(70, 0.07429239064815021)	(72, 0.07760181587379006)	(74, 0.08093154432167313)	(76, 0.08416265711866068)	(78, 0.08747208234430054)	(80, 0.09226944371433413)	(82, 0.09726403638615871)	(84, 0.10320998004309273)	(86, 0.10936475684309954)	(88, 0.11642447726308852)	(90, 0.1215814957128586)
SRR19077112_2 - illumina_universal_adapter	(1, 8.121288897275731e-05)	(2, 8.121288897275731e-05)	(3, 8.121288897275731e-05)	(4, 8.701380961366855e-05)	(5, 8.701380961366855e-05)	(6, 8.701380961366855e-05)	(7, 8.701380961366855e-05)	(8, 9.281473025457978e-05)	(9, 9.861565089549102e-05)	(10, 9.861565089549102e-05)	(12, 0.00011891887313868034)	(14, 0.00016242577794551463)	(16, 0.0002030322224318933)	(18, 0.00025814096852055)	(20, 0.00031324971460920675)	(22, 0.0004611731909524433)	(24, 0.0006584044927434253)	(26, 0.0008759390167775967)	(28, 0.0011427813662595134)	(30, 0.0014618320015096315)	(32, 0.001905602430539341)	(34, 0.0024798935739895533)	(36, 0.0032630178605125705)	(38, 0.004202767004340191)	(40, 0.005478969545340663)	(42, 0.007445481642609572)	(44, 0.00963822964487402)	(46, 0.012506784901804626)	(48, 0.01688357952537215)	(50, 0.021895574959119462)	(52, 0.027835717695412567)	(54, 0.03622964986281113)	(56, 0.04671191346093773)	(58, 0.059816193188756216)	(60, 0.07794407019160382)	(62, 0.10003687645251427)	(64, 0.1249605319861894)	(66, 0.15392162828593875)	(68, 0.188312386305581)	(70, 0.23400333773371837)	(72, 0.29363970238260634)	(74, 0.3661251062511127)	(76, 0.4510186793705282)	(78, 0.5575583878615039)	(80, 0.6906605119672122)	(82, 0.8415830642817999)	(84, 1.0248312468678655)	(86, 1.242571703584789)	(88, 1.5022122100910147)	(90, 1.7267658481006887)
SRR19077112_2 - polya	(1, 1.546246998676172)	(2, 1.5565784383376349)	(3, 1.5642008480597922)	(4, 1.5713185776861902)	(5, 1.5774559517242743)	(6, 1.5828682106822445)	(7, 1.589046191164815)	(8, 1.5972486929510634)	(9, 1.6075685307712446)	(10, 1.6210817754042472)	(12, 1.6343513813703319)	(14, 1.6439112985865534)	(16, 1.6523893441032453)	(18, 1.6587964609511316)	(20, 1.6660824172761162)	(22, 1.672008057710807)	(24, 1.6774725249545455)	(26, 1.6832676446748158)	(28, 1.6891120722205337)	(30, 1.6943619054005585)	(32, 1.6986197811509873)	(34, 1.7033127259494845)	(36, 1.7069179981278109)	(38, 1.7102651293376168)	(40, 1.7133889251027474)	(42, 1.7164315079789052)	(44, 1.7193232669183995)	(46, 1.7228241225251897)	(48, 1.7257216823853248)	(50, 1.7291181214205782)	(52, 1.732357935598527)	(54, 1.7354527267604531)	(56, 1.738570721604943)	(58, 1.741213040956878)	(60, 1.7440583925312452)	(62, 1.747011061137469)	(64, 1.7498129058070289)	(66, 1.7528467873022255)	(68, 1.7558255600513335)	(70, 1.758673812086021)	(72, 1.7615974760890403)	(74, 1.764582049758789)	(76, 1.7675550215872562)	(78, 1.7706382109079004)	(80, 1.7735560739902787)	(82, 1.776314411755032)	(84, 1.7791394601071557)	(86, 1.782477889936)	(88, 1.7857583105584354)	(90, 1.7885920602915206)
SRR19077112_2 - polyg	(1, 0.19078647895892967)	(2, 0.1946730957883402)	(3, 0.1958100762339588)	(4, 0.19666281156817275)	(5, 0.19698186220342287)	(6, 0.19749234321982304)	(7, 0.19805503252199144)	(8, 0.1985597126177507)	(9, 0.19914560560248276)	(10, 0.20004184784150353)	(12, 0.20102220342981753)	(14, 0.20181402909730192)	(16, 0.20253044279645444)	(18, 0.20331936800361838)	(20, 0.2040444830837323)	(22, 0.20491462117986897)	(24, 0.20561363211709877)	(26, 0.20623723108599673)	(28, 0.2068202236104083)	(30, 0.20745252396026764)	(32, 0.2083371643580066)	(34, 0.20964817242285255)	(36, 0.21107809936083716)	(38, 0.21202074896498524)	(40, 0.21315482895028337)	(42, 0.21429761031654287)	(44, 0.216284425636055)	(46, 0.219454628766313)	(48, 0.22198673062607074)	(50, 0.2254527807090152)	(52, 0.23212673990638358)	(54, 0.23735046894352413)	(56, 0.2396853395014909)	(58, 0.24143431707472568)	(60, 0.24680887004852992)	(62, 0.2506722831953768)	(64, 0.2570068885352519)	(66, 0.27030259864422046)	(68, 0.2751492678397017)	(70, 0.2781715474936165)	(72, 0.2822031873390498)	(74, 0.2841725998966392)	(76, 0.28658578288325826)	(78, 0.2912700263007941)	(80, 0.2986632996576355)	(82, 0.3092267761447348)	(84, 0.3139603273877184)	(86, 0.31675927159695805)	(88, 0.3185575569956406)	(90, 0.32021662029894116)
SRR19077113_1 - illumina_universal_adapter	(1, 0.00010904114667669846)	(2, 0.00010904114667669846)	(3, 0.00010904114667669846)	(4, 0.00010904114667669846)	(5, 0.00010904114667669846)	(6, 0.0001199452613443683)	(7, 0.0001199452613443683)	(8, 0.0001199452613443683)	(9, 0.0001199452613443683)	(10, 0.0001199452613443683)	(12, 0.0001199452613443683)	(14, 0.00015265760534737785)	(16, 0.00021808229335339692)	(18, 0.000283506981359416)	(20, 0.00035438372669927)	(22, 0.0003870960707022795)	(24, 0.0005179454467143177)	(26, 0.0006215345360571811)	(28, 0.0007251236254000447)	(30, 0.0008178086000752384)	(32, 0.0009759182627564512)	(34, 0.0010849594094331496)	(36, 0.0012376170147805274)	(38, 0.0014720554801354291)	(40, 0.0017882748054978547)	(42, 0.002164466761532464)	(44, 0.0026387957495761028)	(46, 0.0032112617696287695)	(48, 0.0038927689363581347)	(50, 0.004683317249764198)	(52, 0.005648331397852979)	(54, 0.00673329080728613)	(56, 0.008232606574090733)	(58, 0.010397073335623197)	(60, 0.013313924009224883)	(62, 0.016639678982864184)	(64, 0.020123543619184697)	(66, 0.024305271594236087)	(68, 0.0298336577307447)	(70, 0.036757770544715046)	(72, 0.044690513965444864)	(74, 0.054978546154391364)	(76, 0.06805803169826134)	(78, 0.08553187545320226)	(80, 0.10807613252860968)	(82, 0.13535822742711962)	(84, 0.17016416144632177)	(86, 0.2139005653783455)	(88, 0.26698724763789616)	(90, 0.3155650784823653)
SRR19077113_1 - polya	(1, 0.9675657109210161)	(2, 0.9802471962795161)	(3, 0.990257173544437)	(4, 0.9998527944519865)	(5, 1.0088923055114847)	(6, 1.0162307746828265)	(7, 1.0242016825048932)	(8, 1.0348550025352066)	(9, 1.0469149533576496)	(10, 1.063669125544524)	(12, 1.0780189404471776)	(14, 1.0891193291788657)	(16, 1.1020188968307192)	(18, 1.110840325596864)	(20, 1.1190402198269518)	(22, 1.1272401140570394)	(24, 1.1342896241896878)	(26, 1.1416935180490357)	(28, 1.1482414389069717)	(30, 1.1546803186182304)	(32, 1.1608520475201316)	(34, 1.1674163245500688)	(36, 1.1739315330640017)	(38, 1.1806048512406155)	(40, 1.1876543613732642)	(42, 1.1950037346592737)	(44, 1.2028110807613253)	(46, 1.2109510023607408)	(48, 1.21858388262811)	(50, 1.2258242147674425)	(52, 1.2330918071934445)	(54, 1.2422130991129503)	(56, 1.2502930480816936)	(58, 1.2573970787876805)	(60, 1.264217602512308)	(62, 1.2716324004863235)	(64, 1.2797232535697345)	(66, 1.2886264631958868)	(68, 1.2969626588593206)	(70, 1.3061221151801634)	(72, 1.3147690781116252)	(74, 1.3219766979069552)	(76, 1.3304219347170654)	(78, 1.3382783493351216)	(80, 1.346423722991871)	(82, 1.354018438857903)	(84, 1.363363265128096)	(86, 1.3731442559849958)	(88, 1.381660369540446)	(90, 1.3887371399597639)
SRR19077113_2 - illumina_universal_adapter	(1, 7.632880267368891e-05)	(2, 7.632880267368891e-05)	(3, 8.723291734135877e-05)	(4, 8.723291734135877e-05)	(5, 8.723291734135877e-05)	(6, 8.723291734135877e-05)	(7, 8.723291734135877e-05)	(8, 8.723291734135877e-05)	(9, 8.723291734135877e-05)	(10, 8.723291734135877e-05)	(12, 8.723291734135877e-05)	(14, 0.00011449320401053338)	(16, 0.0001690137773488826)	(18, 0.0002344384653549017)	(20, 0.00029986315336092074)	(22, 0.0003380275546977652)	(24, 0.0004743289880436383)	(26, 0.0006106304213895113)	(28, 0.0007196715680662098)	(30, 0.0008941374027489272)	(32, 0.0011013155814346544)	(34, 0.0012485211294481972)	(36, 0.0014993157668046037)	(38, 0.0018155350921670293)	(40, 0.0022353435068723183)	(42, 0.002682412208246782)	(44, 0.0032112617696287695)	(46, 0.003821892191018281)	(48, 0.004634248733759684)	(50, 0.005457509391168758)	(52, 0.006509756456598898)	(54, 0.007676496726039572)	(56, 0.009301209811522378)	(58, 0.01158562183439921)	(60, 0.014671486285349776)	(62, 0.018264392068346992)	(64, 0.021922722539350223)	(66, 0.026333436922422675)	(68, 0.03207990535228468)	(70, 0.03921119634494076)	(72, 0.047231172683011934)	(74, 0.0576391501333028)	(76, 0.07105121117453672)	(78, 0.08879220573883555)	(80, 0.11196344940763397)	(82, 0.1398507226701996)	(84, 0.1753218076841296)	(86, 0.21974517084021655)	(88, 0.2736005931838379)	(90, 0.32278360239236276)
SRR19077113_2 - polya	(1, 0.9373831215209059)	(2, 0.9470005506577908)	(3, 0.9560291576026213)	(4, 0.965286750955473)	(5, 0.9723962337187938)	(6, 0.9793639629914348)	(7, 0.9870295556028067)	(8, 0.9959818337449636)	(9, 1.0087941684794757)	(10, 1.0275328895358664)	(12, 1.043632814842681)	(14, 1.057333834922608)	(16, 1.0695137310063954)	(18, 1.0802706401260516)	(20, 1.0907658504936837)	(22, 1.1011247594279703)	(24, 1.1111456408075586)	(26, 1.121575426487185)	(28, 1.1325831302441975)	(30, 1.1426912445411275)	(32, 1.1520633310979898)	(34, 1.1610919380428204)	(36, 1.1694335857635878)	(38, 1.1766793699602545)	(40, 1.1843558666862941)	(42, 1.1917761167176435)	(44, 1.1994798737303523)	(46, 1.207870589967124)	(48, 1.2158851142478615)	(50, 1.2239487070446033)	(52, 1.232186765676028)	(54, 1.2418369071569155)	(56, 1.2511490210831058)	(58, 1.2595506414345454)	(60, 1.267625138345955)	(62, 1.2763429780227569)	(64, 1.2850826259288943)	(66, 1.294171205504397)	(68, 1.304508306209348)	(70, 1.3161593527317534)	(72, 1.326212946455345)	(74, 1.3355087042095335)	(76, 1.345922133717158)	(78, 1.356106576816762)	(80, 1.365015238500248)	(82, 1.3736840096610456)	(84, 1.3826417398605364)	(86, 1.3928752514761444)	(88, 1.403070598690416)	(90, 1.4120610412339096)
SRR19077113_2 - polyg	(1, 0.18599148388644454)	(2, 0.19008052688682076)	(3, 0.19072386965221327)	(4, 0.19112732189491705)	(5, 0.19142173299094414)	(6, 0.19184699346298326)	(7, 0.1921632127883457)	(8, 0.19251214445771112)	(9, 0.1931663913377713)	(10, 0.19379337793116233)	(12, 0.19464389887524058)	(14, 0.1951782004939564)	(16, 0.19563617330999855)	(18, 0.19606143378203766)	(20, 0.19651395454074594)	(22, 0.19698283147145576)	(24, 0.1973208590261535)	(26, 0.1977733797848618)	(28, 0.1982531608302393)	(30, 0.19862390072894007)	(32, 0.19916365440498973)	(34, 0.19966524367970254)	(36, 0.20023225764242136)	(38, 0.20088650452248155)	(40, 0.2015025870012049)	(42, 0.20214592976659743)	(44, 0.20299645071067568)	(46, 0.2038905881134246)	(48, 0.20459935556682313)	(50, 0.20535173947889235)	(52, 0.2060168904736202)	(54, 0.206981904621709)	(56, 0.2079469187697978)	(58, 0.2089282890898881)	(60, 0.2113053860874401)	(62, 0.21309911295027179)	(64, 0.21590147041986293)	(66, 0.221778788225737)	(68, 0.22367065212057768)	(70, 0.2245756936379943)	(72, 0.22569336539143045)	(74, 0.22641303695949666)	(76, 0.22721994144490423)	(78, 0.22889372304639155)	(80, 0.23121629947060524)	(82, 0.23438939683889715)	(84, 0.2360522743257168)	(86, 0.2374861654045154)	(88, 0.23880556327930344)	(90, 0.23991233091807193)
SRR19077114_1 - illumina_universal_adapter	(1, 4.39090805405603e-05)	(2, 4.39090805405603e-05)	(3, 4.39090805405603e-05)	(4, 5.4886350675700374e-05)	(5, 5.4886350675700374e-05)	(6, 5.4886350675700374e-05)	(7, 5.4886350675700374e-05)	(8, 5.4886350675700374e-05)	(9, 5.4886350675700374e-05)	(10, 5.4886350675700374e-05)	(12, 7.684089094598053e-05)	(14, 0.00011526133641897079)	(16, 0.00017014768709467117)	(18, 0.00020856813256766142)	(20, 0.0002744317533785019)	(22, 0.00038420445472990263)	(24, 0.00046653398074345323)	(26, 0.0005653294119597139)	(28, 0.0006641248431759746)	(30, 0.0008562270705409258)	(32, 0.0010373520277707372)	(34, 0.001174567904459988)	(36, 0.0013776474019600794)	(38, 0.001624635980000731)	(40, 0.002008840434730634)	(42, 0.0024204880647983864)	(44, 0.0027498061688525886)	(46, 0.0031888969742581916)	(48, 0.0037761809264881857)	(50, 0.004572033011285842)	(52, 0.0055435214182457376)	(54, 0.0068662824695301175)	(56, 0.008271373046828047)	(58, 0.010186906685409988)	(60, 0.012947690124397719)	(62, 0.016339666596156002)	(64, 0.019715177162711574)	(66, 0.023853608003659384)	(68, 0.029199538559472597)	(70, 0.03536327574035375)	(72, 0.04348096700528983)	(74, 0.05327818060090235)	(76, 0.06618196164475951)	(78, 0.08330650305557803)	(80, 0.10483292979058773)	(82, 0.13175468479701874)	(84, 0.16756253997784568)	(86, 0.2115210182340141)	(88, 0.2645522102568758)	(90, 0.31202890359135665)
SRR19077114_1 - polya	(1, 0.9537052293409697)	(2, 0.9668559989628676)	(3, 0.9774490646432777)	(4, 0.9876249940585525)	(5, 0.995967719361259)	(6, 1.0026638541436945)	(7, 1.0102162159966708)	(8, 1.020655599895189)	(9, 1.033740505896276)	(10, 1.0511065472500676)	(12, 1.0643835554785195)	(14, 1.075865780039876)	(16, 1.0885609929511655)	(18, 1.0977764112296158)	(20, 1.1060477842764436)	(22, 1.1141051005556366)	(24, 1.1212403261434774)	(26, 1.1284414153521294)	(28, 1.135071686513754)	(30, 1.141861128092338)	(32, 1.1480632857186923)	(34, 1.154781375041398)	(36, 1.1610329303833602)	(38, 1.1670814062278225)	(40, 1.174403245407961)	(42, 1.1817744823037075)	(44, 1.189299400981346)	(46, 1.1974006263410795)	(48, 1.2051121586110152)	(50, 1.2121650546728429)	(52, 1.2195308029335217)	(54, 1.2286090053352825)	(56, 1.2369572192730565)	(58, 1.2444272516000194)	(60, 1.2520235225335363)	(62, 1.2594716003202289)	(64, 1.2673917007227324)	(66, 1.2757618692007768)	(68, 1.2837203900487533)	(70, 1.292633933398487)	(72, 1.3012456018195044)	(74, 1.3095224635014002)	(76, 1.3185567568226202)	(78, 1.326976323016273)	(80, 1.3345341735043168)	(82, 1.3420151831014149)	(84, 1.3516532262800678)	(86, 1.3621365192591264)	(88, 1.3705505968177114)	(90, 1.377142447533863)
SRR19077114_2 - illumina_universal_adapter	(1, 1.0977270135140075e-05)	(2, 1.0977270135140075e-05)	(3, 1.0977270135140075e-05)	(4, 3.293181040542023e-05)	(5, 3.293181040542023e-05)	(6, 3.293181040542023e-05)	(7, 3.293181040542023e-05)	(8, 3.293181040542023e-05)	(9, 4.39090805405603e-05)	(10, 4.39090805405603e-05)	(12, 6.586362081084045e-05)	(14, 0.00010428406628383071)	(16, 0.00015368178189196106)	(18, 0.00017014768709467117)	(20, 0.00025247721310822175)	(22, 0.0004116476300677528)	(24, 0.0005049544262164435)	(26, 0.0006147271275678442)	(28, 0.0007025452886489648)	(30, 0.0009385565965544765)	(32, 0.001174567904459988)	(34, 0.0013447155915546592)	(36, 0.001602681439730451)	(38, 0.0018826018281765228)	(40, 0.002299738093311846)	(42, 0.0027717607091228688)	(44, 0.0031724310690554817)	(46, 0.003715805940744915)	(48, 0.00436895351378575)	(50, 0.0051977374089888255)	(52, 0.0062515553419622725)	(54, 0.0076511572841926325)	(56, 0.009198952373247382)	(58, 0.011207792807978015)	(60, 0.014072860313249575)	(62, 0.017613029931832253)	(64, 0.021142222280279784)	(66, 0.025423357632984415)	(68, 0.03086808362001389)	(70, 0.03726234347373299)	(72, 0.04563800058684486)	(74, 0.05565475958516018)	(76, 0.06877259739665256)	(78, 0.08628683189726856)	(80, 0.10841700848971095)	(82, 0.13581078611195302)	(84, 0.17226630023075318)	(86, 0.21680108516901647)	(88, 0.2702713679972838)	(90, 0.31850549297108927)
SRR19077114_2 - polya	(1, 0.9297308713658238)	(2, 0.9388529828481252)	(3, 0.9473603672028588)	(4, 0.9564495468747547)	(5, 0.9637164997042175)	(6, 0.9702809072450312)	(7, 0.977712519126521)	(8, 0.9870102669309847)	(9, 0.9992828549420713)	(10, 1.0176697824184309)	(12, 1.0341850853367491)	(14, 1.0484280933370935)	(16, 1.060793988144329)	(18, 1.070964428924536)	(20, 1.08125561967623)	(22, 1.0918980830722482)	(24, 1.1023100237954284)	(26, 1.1129195553810414)	(28, 1.1235729960471947)	(30, 1.1333811869129424)	(32, 1.142591116556325)	(34, 1.1520205916024102)	(36, 1.1602041464881572)	(38, 1.167443656142282)	(40, 1.1746996317016096)	(42, 1.1819281640855994)	(44, 1.1902818666584412)	(46, 1.1994314213160804)	(48, 1.2074777603251379)	(50, 1.2157216901966281)	(52, 1.223817426921294)	(54, 1.2333292314933928)	(56, 1.2429562974019106)	(58, 1.251787511225631)	(60, 1.260618725049351)	(62, 1.269696927451112)	(64, 1.2790166297958458)	(66, 1.2882540026145661)	(68, 1.298479329745449)	(70, 1.309473065785792)	(72, 1.3202966541390402)	(74, 1.329577936038301)	(76, 1.3391995133117511)	(78, 1.348854022395607)	(80, 1.358009065688314)	(82, 1.366928097673115)	(84, 1.3760886296008894)	(86, 1.3862865135564346)	(88, 1.3962593634742095)	(90, 1.405354031781173)
SRR19077114_2 - polyg	(1, 0.18698681948197604)	(2, 0.19107036397224814)	(3, 0.1917729092608971)	(4, 0.19220102279616758)	(5, 0.19255229544049204)	(6, 0.19299138624589765)	(7, 0.19323288618887074)	(8, 0.19363904518387093)	(9, 0.19407813598927653)	(10, 0.19466541994150652)	(12, 0.19544480612110146)	(14, 0.1960979536941423)	(16, 0.19667426037623714)	(18, 0.19714079435698062)	(20, 0.1976731919585349)	(22, 0.1983318281666433)	(24, 0.1986995667161705)	(26, 0.19929233930346807)	(28, 0.19979180509461694)	(30, 0.20030773679096853)	(32, 0.20103772525495534)	(34, 0.20152621377596908)	(36, 0.2021628954438072)	(38, 0.20281604301684802)	(40, 0.20359542919644297)	(42, 0.20425406540455138)	(44, 0.20505540612441658)	(46, 0.20607080361191704)	(48, 0.20700936020847155)	(50, 0.20798084861543142)	(52, 0.20893587111718862)	(54, 0.20989638225401336)	(56, 0.2111038819688788)	(58, 0.2122510066980009)	(60, 0.21536306278131312)	(62, 0.21773964176557098)	(64, 0.22125785684388333)	(66, 0.22916697997625177)	(68, 0.2315819794059826)	(70, 0.23264128597402361)	(72, 0.233848785688889)	(74, 0.2346940354892948)	(76, 0.23567101253132228)	(78, 0.23739993257760683)	(80, 0.23975455702159437)	(82, 0.24292698809064986)	(84, 0.24493033989031293)	(86, 0.24620919186105675)	(88, 0.24749353246686812)	(90, 0.24871200945186867)
SRR19077115_1 - illumina_universal_adapter	(1, 0.00015078717502300918)	(2, 0.00015078717502300918)	(3, 0.00015078717502300918)	(4, 0.00015078717502300918)	(5, 0.00015078717502300918)	(6, 0.00015706997398230122)	(7, 0.00015706997398230122)	(8, 0.0001633527729415933)	(9, 0.00016963557190088533)	(10, 0.00017591837086017737)	(12, 0.00018848396877876145)	(14, 0.00024188775993274389)	(16, 0.0002952915510867263)	(18, 0.0003644023396389388)	(20, 0.00041780613079292126)	(22, 0.0005434621099787622)	(24, 0.0006722594886442493)	(26, 0.0008544606584637187)	(28, 0.0009958236350477898)	(30, 0.0012157215986230115)	(32, 0.001407346966881419)	(34, 0.0016963557190088534)	(36, 0.0019885058706159333)	(38, 0.0022398178289876154)	(40, 0.00259165457070797)	(42, 0.0029843295056637235)	(44, 0.0034429738296920427)	(46, 0.004039839730824788)	(48, 0.004699533621550452)	(50, 0.005494307689900897)	(52, 0.006364475345762846)	(54, 0.007599045341263734)	(56, 0.00898440251178763)	(58, 0.010844111003738076)	(60, 0.01324414020618764)	(62, 0.016492347268141628)	(64, 0.020042128680141637)	(66, 0.02421390718911156)	(68, 0.029859002054035463)	(70, 0.037228725233285034)	(72, 0.04641103591229037)	(74, 0.05857453469747978)	(76, 0.0746365102369099)	(78, 0.0949425164733418)	(80, 0.12108838434243566)	(82, 0.15379349432503042)	(84, 0.1957908639684181)	(86, 0.2497098446370625)	(88, 0.3171462672666237)	(90, 0.3774579958763477)
SRR19077115_1 - polya	(1, 0.38937646550212474)	(2, 0.39941009544011413)	(3, 0.4082248623800009)	(4, 0.4172595272834629)	(5, 0.4250313495961071)	(6, 0.43206180163155494)	(7, 0.438539367358585)	(8, 0.44721591272136735)	(9, 0.4572369770614382)	(10, 0.4702329467087338)	(12, 0.4825943536611409)	(14, 0.4935641206440648)	(16, 0.5050145217473745)	(18, 0.5137696020971481)	(20, 0.5211518908743162)	(22, 0.5292064391401285)	(24, 0.5362871535672508)	(26, 0.5438265123184012)	(28, 0.5511208419101392)	(30, 0.5582769499247728)	(32, 0.5654676133336827)	(34, 0.5726205799488366)	(36, 0.5799180509400543)	(38, 0.5872563601245075)	(40, 0.5955276649544154)	(42, 0.6031801140868331)	(44, 0.6112786419453606)	(46, 0.619989742702419)	(48, 0.6278118274067377)	(50, 0.6356182051136581)	(52, 0.6437355813690633)	(54, 0.6539953920695872)	(56, 0.6627504724193607)	(58, 0.670468890940851)	(60, 0.6792710922828191)	(62, 0.687473286324175)	(64, 0.6967058593948545)	(66, 0.7064002181890423)	(68, 0.715127025943499)	(70, 0.7247711223460123)	(72, 0.7342769971714211)	(74, 0.7433053792759237)	(76, 0.7531473838456547)	(78, 0.7622228869423522)	(80, 0.770726655333754)	(82, 0.7791613129366035)	(84, 0.7895876178095487)	(86, 0.8001866996538742)	(88, 0.8097239884740797)	(90, 0.8169963282694602)
SRR19077115_1 - polyg	(1, 0.0)	(2, 0.0)	(3, 8.795918543008869e-05)	(4, 0.00011309038126725689)	(5, 0.00015706997398230122)	(6, 0.000257594757330974)	(7, 0.0003204227469238945)	(8, 0.0004020991333946911)	(9, 0.0006094314990513288)	(10, 0.0007853498699115062)	(12, 0.0009958236350477898)	(14, 0.0012879737866548701)	(16, 0.0015864067372212424)	(18, 0.002073323656566376)	(20, 0.0026073615681062004)	(22, 0.0032230758661168212)	(24, 0.003841931563607088)	(26, 0.004558170644966382)	(28, 0.005506873287819481)	(30, 0.0069393514505380685)	(32, 0.008554030783076125)	(34, 0.01028808329584073)	(36, 0.012289154764375247)	(38, 0.014130014859447818)	(40, 0.01598658195191862)	(42, 0.018132157796516855)	(44, 0.02098768992351509)	(46, 0.023884060243748725)	(48, 0.026309220642035454)	(50, 0.029117631776839)	(52, 0.03180352833193635)	(54, 0.0351302703808815)	(56, 0.03892193955281424)	(58, 0.043118849257621335)	(60, 0.04765503010623019)	(62, 0.05189906080323198)	(64, 0.05659859442478243)	(66, 0.06159656099689925)	(68, 0.06675473894247802)	(70, 0.07260716617305857)	(72, 0.0788962479313099)	(74, 0.08505653231089577)	(76, 0.09126393768267631)	(78, 0.09748076725289578)	(80, 0.10471855165400024)	(82, 0.11262545414426928)	(84, 0.12225070214990469)	(86, 0.1308769851210127)	(88, 0.14051794012404634)	(90, 0.14843740821223395)
SRR19077115_2 - illumina_universal_adapter	(1, 0.00011937318022654893)	(2, 0.00011937318022654893)	(3, 0.00011937318022654893)	(4, 0.00011937318022654893)	(5, 0.00011937318022654893)	(6, 0.000125655979185841)	(7, 0.000125655979185841)	(8, 0.000125655979185841)	(9, 0.00013193877814513303)	(10, 0.00013822157710442507)	(12, 0.00015078717502300918)	(14, 0.00019790816721769954)	(16, 0.00026073615681062006)	(18, 0.00033927114380177066)	(20, 0.00041466473131327526)	(22, 0.0005623105068566384)	(24, 0.0006973906844814175)	(26, 0.0009204300475362852)	(28, 0.0011371866116318607)	(30, 0.0014544679590761094)	(32, 0.0017246283143256675)	(34, 0.002082747855005314)	(36, 0.0024879883878796516)	(38, 0.0028209767327221297)	(40, 0.0032953280541486796)	(42, 0.0038010933703716897)	(44, 0.004328848482952222)	(46, 0.005013673569515055)	(48, 0.005789599240987623)	(50, 0.00668489809268674)	(52, 0.007708994323051345)	(54, 0.009044089101900906)	(56, 0.010498557060977014)	(58, 0.012477638733154009)	(60, 0.015053586306463751)	(62, 0.018452580543440747)	(64, 0.022131159334106244)	(66, 0.026481997613415985)	(68, 0.03229358665076113)	(70, 0.039964884180056726)	(72, 0.04939850681743374)	(74, 0.06200808432873288)	(76, 0.07845959340363912)	(78, 0.09925251655941614)	(80, 0.1260612197187153)	(82, 0.15941974079307647)	(84, 0.20229984369024467)	(86, 0.2575539191377386)	(88, 0.32608354878621665)	(90, 0.3875418882060115)
SRR19077115_2 - polya	(1, 0.37157101325149106)	(2, 0.37948733994019906)	(3, 0.3873785354330699)	(4, 0.39591685921874775)	(5, 0.4031609264188115)	(6, 0.4098269761146204)	(7, 0.4170521949178062)	(8, 0.4255276907138912)	(9, 0.43693725362396557)	(10, 0.4540673049864753)	(12, 0.4697208985935515)	(14, 0.4841304980066878)	(16, 0.496828034703417)	(18, 0.5080711034410701)	(20, 0.5192293543927728)	(22, 0.531172955214387)	(24, 0.543003465654734)	(26, 0.5546926131184968)	(28, 0.5666959005302242)	(30, 0.5782436850174031)	(32, 0.5892542901935623)	(34, 0.5999287656253995)	(36, 0.6098430223831623)	(38, 0.6183907703672793)	(40, 0.6279060693911271)	(42, 0.637082097271173)	(44, 0.6463617913340474)	(46, 0.6566655816272864)	(48, 0.6664793136017007)	(50, 0.6763150353724723)	(52, 0.6862198679317961)	(54, 0.6971739279173219)	(56, 0.7075091322053573)	(58, 0.7174642271563556)	(60, 0.7276172302745715)	(62, 0.7379147377688512)	(64, 0.7485138196131769)	(66, 0.7594301828049468)	(68, 0.7716565095797291)	(70, 0.7840053509342176)	(72, 0.7956002564135911)	(74, 0.8063532668324195)	(76, 0.8186832597900302)	(78, 0.8304195282459876)	(80, 0.8409840546960372)	(82, 0.8511967444043664)	(84, 0.8624398131420196)	(86, 0.8740975466109859)	(88, 0.8855353821163772)	(90, 0.8955313152606108)
SRR19077115_2 - polyg	(1, 0.17990794819932782)	(2, 0.18739704455880396)	(3, 0.18908083467989423)	(4, 0.19178872103134909)	(5, 0.19293219044194024)	(6, 0.1953447852423084)	(7, 0.19640657826642874)	(8, 0.19780764243435087)	(9, 0.20014484364720753)	(10, 0.20184748216517567)	(12, 0.20378572564411726)	(14, 0.2051805070130801)	(16, 0.20649675339505177)	(18, 0.20781299977702347)	(20, 0.20907898376732081)	(22, 0.210470623736804)	(24, 0.21176173892293854)	(26, 0.21353977102841817)	(28, 0.21535235852817391)	(30, 0.2168947856726801)	(32, 0.21877962536046774)	(34, 0.22022781052058454)	(36, 0.22183934845364298)	(38, 0.223809005927381)	(40, 0.22605510655532793)	(42, 0.2277169068800607)	(44, 0.22972111974807485)	(46, 0.23241958190109077)	(48, 0.23477877291030494)	(50, 0.2368646621647899)	(52, 0.23906050040106247)	(54, 0.24260714041358283)	(56, 0.24689200930382002)	(58, 0.24965644084590852)	(60, 0.25444079225340943)	(62, 0.2578837660831015)	(64, 0.2624262297306696)	(66, 0.2706566963673422)	(68, 0.2742850127663333)	(70, 0.2778316527788537)	(72, 0.28369036280839355)	(74, 0.2854903847102307)	(76, 0.28758883956263426)	(78, 0.2902684533187723)	(80, 0.29352608457916524)	(82, 0.2982601735949918)	(84, 0.3011973821084608)	(86, 0.3041660046167263)	(88, 0.3067670833858732)	(90, 0.30898805281798297)
SRR19077116_1 - illumina_universal_adapter	(1, 0.00010753175839789824)	(2, 0.00010753175839789824)	(3, 0.00010753175839789824)	(4, 0.00011385715595071579)	(5, 0.00011385715595071579)	(6, 0.00012650795105635087)	(7, 0.00012650795105635087)	(8, 0.00012650795105635087)	(9, 0.00012650795105635087)	(10, 0.00012650795105635087)	(12, 0.00014232144493839474)	(14, 0.00018659922780811755)	(16, 0.0002340397094542491)	(18, 0.00032892067274651227)	(20, 0.00040798814215673156)	(22, 0.0005313333944366737)	(24, 0.0006704921405986596)	(26, 0.0007970000916550106)	(28, 0.0009835993194631282)	(30, 0.001179686643600472)	(32, 0.0013852620640670422)	(34, 0.0016287898698505174)	(36, 0.0019071073621744895)	(38, 0.0022107264447097314)	(40, 0.0025396471174562443)	(42, 0.0030551670180108737)	(44, 0.003561198822236277)	(46, 0.004067230626461681)	(48, 0.004800976742588515)	(50, 0.005635929219560432)	(52, 0.006530972973284114)	(54, 0.007704334219331769)	(56, 0.009279358209983338)	(58, 0.011161163981946557)	(60, 0.013476259486277778)	(62, 0.016626307467580915)	(64, 0.020364617421296083)	(66, 0.02470700284130533)	(68, 0.030118380447740737)	(70, 0.03696562329866572)	(72, 0.045982477510207134)	(74, 0.05754214153798119)	(76, 0.07249538135284186)	(78, 0.09267972494388266)	(80, 0.11906295813668463)	(82, 0.1517589380871985)	(84, 0.19315866507038934)	(86, 0.24609907988869578)	(88, 0.3139769210279808)	(90, 0.3735590032767457)
SRR19077116_1 - polya	(1, 0.39287044200549764)	(2, 0.40291517331937193)	(3, 0.4117707298933165)	(4, 0.42020248483122224)	(5, 0.42773603331662796)	(6, 0.4343587245544279)	(7, 0.4411395507310483)	(8, 0.4499318533294647)	(9, 0.4602675529307686)	(10, 0.4736426060562013)	(12, 0.4856830002979895)	(14, 0.49670500553377406)	(16, 0.5084481060905799)	(18, 0.5169620911966721)	(20, 0.5251787826177823)	(22, 0.5334808669058553)	(24, 0.5404672685029421)	(26, 0.5479565392054782)	(28, 0.5549714050915528)	(30, 0.5618787392192296)	(32, 0.5690738789355596)	(34, 0.5769205345998297)	(36, 0.5845616148436332)	(38, 0.5916428974040127)	(40, 0.5993788586111084)	(42, 0.607019938854912)	(44, 0.6150848207347543)	(46, 0.6236841987078099)	(48, 0.6319008901289198)	(50, 0.6398677283466936)	(52, 0.6482552055017295)	(54, 0.658454909055648)	(56, 0.6669372671739762)	(58, 0.6748724784039859)	(60, 0.683601527026874)	(62, 0.6920775597476496)	(64, 0.7012051084163653)	(66, 0.7109936611293504)	(68, 0.7200421423286558)	(70, 0.7303651911348541)	(72, 0.7399513311261491)	(74, 0.7488416773866342)	(76, 0.758589115015526)	(78, 0.7678811240206149)	(80, 0.7769359306174732)	(82, 0.7857092570232312)	(84, 0.7956243176872727)	(86, 0.8065482792609886)	(88, 0.8162640899021164)	(90, 0.82378182489364)
SRR19077116_1 - polyg	(1, 0.0)	(2, 0.0)	(3, 6.957937308099298e-05)	(4, 0.00011385715595071579)	(5, 0.00017078573392607368)	(6, 0.00024036510700706668)	(7, 0.0002719920947711544)	(8, 0.00037952385316905265)	(9, 0.0005376587919894912)	(10, 0.0007116072246919737)	(12, 0.0009203453439349527)	(14, 0.0011290834631779317)	(16, 0.0013757739677378157)	(18, 0.001802738302553)	(20, 0.0022613296251322718)	(22, 0.002780012224463311)	(24, 0.0034030638834158388)	(26, 0.004168436987306762)	(28, 0.005250079968838561)	(30, 0.006584738852483063)	(32, 0.008279945396638165)	(34, 0.00988975907383023)	(36, 0.011774727544569857)	(38, 0.013615418232439763)	(40, 0.015611081160353698)	(42, 0.017843946496498293)	(44, 0.020592331733197515)	(46, 0.023520990800152037)	(48, 0.026054312520055464)	(50, 0.02876790807021419)	(52, 0.03159219807754722)	(54, 0.03482131352826058)	(56, 0.03855646078319934)	(58, 0.04302219145548852)	(60, 0.047510061019212575)	(62, 0.051669009910190106)	(64, 0.056153716775137745)	(66, 0.06099580860181958)	(68, 0.06595808298200494)	(70, 0.07158768680401256)	(72, 0.0777707629118917)	(74, 0.08395383901977085)	(76, 0.09014956592275564)	(78, 0.0963705944159517)	(80, 0.10389149210625176)	(82, 0.11214297321390224)	(84, 0.12147293460430811)	(86, 0.1302747252990537)	(88, 0.14025303993862342)	(90, 0.14842545357686368)
SRR19077116_2 - illumina_universal_adapter	(1, 0.00010120636084508071)	(2, 0.00010120636084508071)	(3, 0.00010753175839789824)	(4, 0.00011385715595071579)	(5, 0.00011385715595071579)	(6, 0.00012650795105635087)	(7, 0.00012650795105635087)	(8, 0.00012650795105635087)	(9, 0.00012650795105635087)	(10, 0.00013283334860916842)	(12, 0.0001549722400440298)	(14, 0.00020241272169016142)	(16, 0.000249853203336293)	(18, 0.00034157146785214736)	(20, 0.00043012703359159303)	(22, 0.0005819365748592141)	(24, 0.0007590477063381053)	(26, 0.0009551350304754492)	(28, 0.001220801727693786)	(30, 0.001540234304111072)	(32, 0.0018343652903170878)	(34, 0.00211268278264106)	(36, 0.0025048574309157476)	(38, 0.002916008271848888)	(40, 0.0033239964140056194)	(42, 0.003956536169287374)	(44, 0.004620702912333216)	(46, 0.005281706956602649)	(48, 0.0061387983250094265)	(50, 0.007138211138354599)	(52, 0.008147112048028995)	(54, 0.009431167751250958)	(56, 0.011085259211312745)	(58, 0.013103061030661542)	(60, 0.015579454172589612)	(62, 0.01890345058659523)	(64, 0.02273980420237907)	(66, 0.027243487259985162)	(68, 0.03287309108199278)	(70, 0.04001130222034738)	(72, 0.04933493821320044)	(74, 0.06125514990148509)	(76, 0.0766195405572789)	(78, 0.09736684453052045)	(80, 0.12456605400763589)	(82, 0.15792936339997204)	(84, 0.20032850319650802)	(86, 0.2542588427318304)	(88, 0.32343971576699587)	(90, 0.38425525053856013)
SRR19077116_2 - polya	(1, 0.37161710622803074)	(2, 0.3794732499886301)	(3, 0.3876962668072929)	(4, 0.39607109316722333)	(5, 0.40330102257009376)	(6, 0.4102716106732987)	(7, 0.4177419051831762)	(8, 0.4261926363137405)	(9, 0.43760997889657616)	(10, 0.4547265046745004)	(12, 0.46990429610248613)	(14, 0.48390872628442416)	(16, 0.4968315134848304)	(18, 0.5082741576578773)	(20, 0.5197326153248063)	(22, 0.5318077992531349)	(24, 0.5433389989919214)	(26, 0.5555565043651884)	(28, 0.5673755096926281)	(30, 0.578732760998712)	(32, 0.5896250955846638)	(34, 0.6004067357134413)	(36, 0.610052966981488)	(38, 0.6192595831196139)	(40, 0.6288678620023438)	(42, 0.6379258312979785)	(44, 0.6475910387586837)	(46, 0.6579362264563169)	(48, 0.667686826783985)	(50, 0.6771527842217766)	(52, 0.6869286861396561)	(54, 0.6982891001445164)	(56, 0.709311105380301)	(58, 0.7195487613195362)	(60, 0.7298243696440883)	(62, 0.7396983152240364)	(64, 0.7500529910179987)	(66, 0.7608883970259752)	(68, 0.7722709499222704)	(70, 0.7849660228107751)	(72, 0.7970032543537869)	(74, 0.8079019143372916)	(76, 0.8199170069888685)	(78, 0.8315620638836057)	(80, 0.8424797000597687)	(82, 0.8532455266946641)	(84, 0.8644446430619276)	(86, 0.8758936126325274)	(88, 0.8877062925624142)	(90, 0.8972892698549327)
SRR19077116_2 - polyg	(1, 0.18186150504105722)	(2, 0.18915468841945585)	(3, 0.19084989496361093)	(4, 0.19359511750153374)	(5, 0.19467043508551274)	(6, 0.19708673695068904)	(7, 0.19808614976403421)	(8, 0.19951568961097096)	(9, 0.20157144381563669)	(10, 0.20312116621607695)	(12, 0.2048258608565613)	(14, 0.20610991655978328)	(16, 0.2072737897095017)	(18, 0.20837124618491554)	(20, 0.2097217185624421)	(22, 0.21108800443385067)	(24, 0.2121095561386307)	(26, 0.2135928618647664)	(28, 0.2154904811306117)	(30, 0.21706550512126327)	(32, 0.2190295410614131)	(34, 0.22070260871413333)	(36, 0.222517997811792)	(38, 0.2246211924981038)	(40, 0.22689517291834171)	(42, 0.22857140326983838)	(44, 0.23069041145003225)	(46, 0.23343563398795505)	(48, 0.23592151522621235)	(50, 0.23791401545534985)	(52, 0.24026073794744518)	(54, 0.2435531073736867)	(56, 0.2475539213258438)	(58, 0.25076089788512235)	(60, 0.25636520011691866)	(62, 0.26011932356451584)	(64, 0.26572046309753583)	(66, 0.27543627373866353)	(68, 0.2793769964140689)	(70, 0.28265038964765193)	(72, 0.288368549035399)	(74, 0.2900479420856721)	(76, 0.29201830342337476)	(78, 0.29468445849188735)	(80, 0.2980116176046694)	(82, 0.3025943681316857)	(84, 0.30576339230564725)	(86, 0.30872367836036585)	(88, 0.31184842475145774)	(90, 0.31438490917013756)
SRR19077117_1 - illumina_universal_adapter	(1, 6.632565942997223e-05)	(2, 6.632565942997223e-05)	(3, 6.632565942997223e-05)	(4, 7.369517714441359e-05)	(5, 8.106469485885494e-05)	(6, 8.106469485885494e-05)	(7, 8.106469485885494e-05)	(8, 9.580373028773766e-05)	(9, 9.580373028773766e-05)	(10, 9.580373028773766e-05)	(12, 0.00011422752457384105)	(14, 0.0001400208365743858)	(16, 0.00014739035428882718)	(18, 0.00018792270171825464)	(20, 0.00022108553143324077)	(22, 0.00029478070857765436)	(24, 0.0003574216091504059)	(26, 0.00043848630400926083)	(28, 0.0005416595520114399)	(30, 0.0006853651474430463)	(32, 0.0008474945371607563)	(34, 0.0010169934445929075)	(36, 0.0011643837988817348)	(38, 0.0014444254720305063)	(40, 0.0017613147337514846)	(42, 0.002103997307473008)	(44, 0.0025314293349106066)	(46, 0.0029846546743487502)	(48, 0.003596324644647383)	(50, 0.004241157444661001)	(52, 0.005103391017250641)	(54, 0.006054058802413576)	(56, 0.007292137778439725)	(58, 0.009197158107622816)	(60, 0.011584881847101814)	(62, 0.014805361088312688)	(64, 0.018158491648383505)	(66, 0.022377540539901188)	(68, 0.02744408396857962)	(70, 0.033903466245287464)	(72, 0.04243736775861056)	(74, 0.052879974359973964)	(76, 0.06731685956256458)	(78, 0.08620124870582058)	(80, 0.11066804751776588)	(82, 0.1419627044921411)	(84, 0.18161070979583563)	(86, 0.23234983925976438)	(88, 0.2995045694326113)	(90, 0.3600598964921759)
SRR19077117_1 - polya	(1, 0.29590087527024944)	(2, 0.3026218754258199)	(3, 0.3086722494693763)	(4, 0.31477421013693374)	(5, 0.32047821684791133)	(6, 0.3251725996320105)	(7, 0.3298375043452519)	(8, 0.3361310724733848)	(9, 0.34332372176267956)	(10, 0.3526866940188773)	(12, 0.3616001256944942)	(14, 0.3696476390386641)	(16, 0.3782994528354182)	(18, 0.38443457633269074)	(20, 0.3902122782208127)	(22, 0.39604525149179304)	(24, 0.4010565235376132)	(26, 0.40622255545543656)	(28, 0.4110974914235395)	(30, 0.4162229909939335)	(32, 0.4212932191814691)	(34, 0.426466620617007)	(36, 0.43150737073368484)	(38, 0.436518642779505)	(40, 0.44241425695105807)	(42, 0.44802245993174794)	(44, 0.4536232933947234)	(46, 0.45994633959371406)	(48, 0.465171327653253)	(50, 0.4704958042019369)	(52, 0.4763545707849177)	(54, 0.48330771074849316)	(56, 0.48954232273491055)	(58, 0.4951836885453154)	(60, 0.5013630291488744)	(62, 0.507417087951288)	(64, 0.5138948940222821)	(66, 0.5208111863972853)	(68, 0.5273553181277092)	(70, 0.5347248358421506)	(72, 0.541412673168006)	(74, 0.5481263038058621)	(76, 0.5553226378540141)	(78, 0.5621247027044436)	(80, 0.5681640224714282)	(82, 0.5743138850041295)	(84, 0.5815175885699959)	(86, 0.5893919182478766)	(88, 0.5962971563463081)	(90, 0.6015442529589903)
SRR19077117_2 - illumina_universal_adapter	(1, 7.369517714441359e-05)	(2, 7.369517714441359e-05)	(3, 7.369517714441359e-05)	(4, 7.369517714441359e-05)	(5, 7.369517714441359e-05)	(6, 7.369517714441359e-05)	(7, 7.369517714441359e-05)	(8, 7.369517714441359e-05)	(9, 7.369517714441359e-05)	(10, 7.369517714441359e-05)	(12, 8.474945371607563e-05)	(14, 0.00010317324800217901)	(16, 0.00012159704228828241)	(18, 0.00016212938971770988)	(20, 0.00021003125486157874)	(22, 0.00031688926172097843)	(24, 0.0004090082331514954)	(26, 0.0005527138285831019)	(28, 0.0006964194240147083)	(30, 0.0008953964023046251)	(32, 0.0011127971748806451)	(34, 0.0013338827063138858)	(36, 0.00151812064917492)	(38, 0.001860803222896443)	(40, 0.0022292791086185107)	(42, 0.002653026377198889)	(44, 0.0031504688229236806)	(46, 0.003758454034365093)	(48, 0.004436449664093698)	(50, 0.005188140470966716)	(52, 0.0061240692207007695)	(54, 0.007181595012723104)	(56, 0.008526531995608651)	(58, 0.01051630177850782)	(60, 0.012992459730560115)	(62, 0.016338220772916492)	(64, 0.01979083982213227)	(66, 0.024153594309081552)	(68, 0.029319626226904944)	(70, 0.03592639885790162)	(72, 0.04467401638494352)	(74, 0.05533402375888294)	(76, 0.0700435811169079)	(78, 0.08920801193331265)	(80, 0.11413909036126776)	(82, 0.14594592881679666)	(84, 0.18635299444507863)	(86, 0.23782907568045153)	(88, 0.3058091918373158)	(90, 0.36742941420661723)
SRR19077117_2 - polya	(1, 0.2691053088605406)	(2, 0.27429344933150734)	(3, 0.27978374002876616)	(4, 0.2853624649385983)	(5, 0.2901894990415574)	(6, 0.29480281713079765)	(7, 0.2998435672474756)	(8, 0.3056728557595987)	(9, 0.31332978466490324)	(10, 0.3248888732000045)	(12, 0.33561152147451667)	(14, 0.34594358531016345)	(16, 0.35567871821094055)	(18, 0.36393626280997204)	(20, 0.3724443710112946)	(22, 0.3810519677017621)	(24, 0.389081057251646)	(26, 0.39783972905525955)	(28, 0.40628888111486655)	(30, 0.414528001919612)	(32, 0.42221072413691707)	(34, 0.42998925008450994)	(36, 0.4365444360915055)	(38, 0.44295960126192674)	(40, 0.4496142757580673)	(42, 0.45646055771478333)	(44, 0.46336211105435765)	(46, 0.47054370606708074)	(48, 0.4772389129106507)	(50, 0.4845936915896632)	(52, 0.49198163309839066)	(54, 0.5003607747397105)	(56, 0.5080803445455878)	(58, 0.5152177224520242)	(60, 0.5224251107767479)	(62, 0.5293598269460372)	(64, 0.5368583112204813)	(66, 0.5448284446286497)	(68, 0.5531191520573961)	(70, 0.5619625733147258)	(72, 0.5703601387503316)	(74, 0.5778401992304898)	(76, 0.5860461572055202)	(78, 0.59429264752798)	(80, 0.6016363719304209)	(82, 0.6090611610277206)	(84, 0.6167586222804545)	(86, 0.6248503527309112)	(88, 0.6329899850465116)	(90, 0.6399320707335153)
SRR19077117_2 - polyg	(1, 0.2293614998265584)	(2, 0.2339379703272265)	(3, 0.23487389907696055)	(4, 0.23551504711811694)	(5, 0.23596458769869785)	(6, 0.23642149779699323)	(7, 0.23694473355471857)	(8, 0.23747533883015834)	(9, 0.238020683141027)	(10, 0.2390192527913338)	(12, 0.24023890797307385)	(14, 0.2410495549216624)	(16, 0.241793876210821)	(18, 0.24262294695369563)	(20, 0.24344833293771306)	(22, 0.24424792560972994)	(24, 0.24490381268631523)	(26, 0.24559654735147274)	(28, 0.24642930285320458)	(30, 0.24716625462464872)	(32, 0.2481943023458133)	(34, 0.24885755894011302)	(36, 0.24965346685327267)	(38, 0.2506004498795784)	(40, 0.25161007380645684)	(42, 0.2524501988259032)	(44, 0.25344508371735275)	(46, 0.25468684745223613)	(48, 0.25560066764882683)	(50, 0.2566324001288487)	(52, 0.257874163863732)	(54, 0.2590790800100432)	(56, 0.2604019084397854)	(58, 0.26150733609695165)	(60, 0.26420089482157993)	(62, 0.26611696942733465)	(64, 0.26892844043539404)	(66, 0.2738881258572131)	(68, 0.27585210232811175)	(70, 0.2772449411761411)	(72, 0.27906521205160817)	(74, 0.28012642260248766)	(76, 0.28135344730194217)	(78, 0.28312950107112256)	(80, 0.2852371831374528)	(82, 0.2879749589683678)	(84, 0.28970679563126145)	(86, 0.2910885802027192)	(88, 0.29255511422789304)	(90, 0.2938300407924914)
SRR19077118_1 - illumina_universal_adapter	(1, 5.952750784739975e-05)	(2, 5.952750784739975e-05)	(3, 5.952750784739975e-05)	(4, 5.952750784739975e-05)	(5, 5.952750784739975e-05)	(6, 5.952750784739975e-05)	(7, 5.952750784739975e-05)	(8, 6.696844632832471e-05)	(9, 6.696844632832471e-05)	(10, 7.068891556878719e-05)	(12, 9.30117310115621e-05)	(14, 0.00012649595417572445)	(16, 0.00015625970809942432)	(18, 0.00019346440050404916)	(20, 0.0002567123775919114)	(22, 0.0003274012931606986)	(24, 0.0004204130241722607)	(26, 0.00056923179379076)	(28, 0.000699448217206947)	(30, 0.0008743102715086838)	(32, 0.001038010918089033)	(34, 0.0012128729723907697)	(36, 0.001514230980868231)	(38, 0.0017709433584601425)	(40, 0.0021095060593422283)	(42, 0.002500155329590789)	(44, 0.0028424384997133376)	(46, 0.003355863254897161)	(48, 0.003980902087294858)	(50, 0.004758480158551516)	(52, 0.005696038407148063)	(54, 0.006577789617137672)	(56, 0.007772060243326129)	(58, 0.009405346239889159)	(60, 0.011786446553785149)	(62, 0.014866995084888087)	(64, 0.018085200977888134)	(66, 0.022017736965056982)	(68, 0.027237555309425846)	(70, 0.03372233319555196)	(72, 0.04173250347026768)	(74, 0.05260371459089906)	(76, 0.06624295482643452)	(78, 0.08470764366684984)	(80, 0.10857073337517621)	(82, 0.13899673082367842)	(84, 0.17764868576284315)	(86, 0.22773736314718956)	(88, 0.2930390392557871)	(90, 0.35170339823939956)
SRR19077118_1 - polya	(1, 0.2943560853669108)	(2, 0.30158123663188896)	(3, 0.30762327867840006)	(4, 0.31373973010972034)	(5, 0.3194990164939563)	(6, 0.3242686580602292)	(7, 0.32935825998118184)	(8, 0.3355416798588305)	(9, 0.3425138392154572)	(10, 0.35235820082572095)	(12, 0.36111246494852917)	(14, 0.3689812573921073)	(16, 0.377192333005808)	(18, 0.3836250243225677)	(20, 0.3894661610300938)	(22, 0.3952589316374938)	(24, 0.40030016745832053)	(26, 0.4054418559486397)	(28, 0.41029334783820276)	(30, 0.4153680678821936)	(32, 0.4203311738489705)	(34, 0.4255472717240989)	(36, 0.4302945904749291)	(38, 0.4353097830110725)	(40, 0.44078259326379277)	(42, 0.4461363485008183)	(44, 0.4519291191082184)	(46, 0.4580492910087792)	(48, 0.46387554583934343)	(50, 0.46937811984598743)	(52, 0.4751039220070592)	(54, 0.48216909309469747)	(56, 0.4883525129723461)	(58, 0.4939071735483566)	(60, 0.5004105537806851)	(62, 0.5065121233350436)	(64, 0.5130675901367384)	(66, 0.520199729670705)	(68, 0.5268444877341709)	(70, 0.5343300718459815)	(72, 0.541622191557288)	(74, 0.5486315556063193)	(76, 0.5561357420643321)	(78, 0.5625833152580536)	(80, 0.5686662824662098)	(82, 0.5751957059832215)	(84, 0.5827556994798412)	(86, 0.5909221294626563)	(88, 0.5986160598519328)	(90, 0.6040628268199698)
SRR19077118_2 - illumina_universal_adapter	(1, 5.952750784739975e-05)	(2, 5.952750784739975e-05)	(3, 5.952750784739975e-05)	(4, 5.952750784739975e-05)	(5, 5.952750784739975e-05)	(6, 5.952750784739975e-05)	(7, 5.952750784739975e-05)	(8, 6.696844632832471e-05)	(9, 6.696844632832471e-05)	(10, 7.440938480924968e-05)	(12, 0.00010417313873294955)	(14, 0.00013393689265664942)	(16, 0.00017114158506127426)	(18, 0.00020834627746589912)	(20, 0.0002753147237942238)	(22, 0.00035344457784393596)	(24, 0.00045017677809596054)	(26, 0.0006101569554358473)	(28, 0.0007701371327757343)	(30, 0.0010082471641653331)	(32, 0.0012351957878335446)	(34, 0.001469585349982681)	(36, 0.00179698664314338)	(38, 0.002113226528582691)	(40, 0.002537360021995414)	(42, 0.0030061391462936874)	(44, 0.0034674773321110353)	(46, 0.004077634287546882)	(48, 0.004788243912475216)	(50, 0.0056402313685411255)	(52, 0.006689403694351547)	(54, 0.007731135081681042)	(56, 0.009074224477488)	(58, 0.01078564032810074)	(60, 0.013293236596172455)	(62, 0.016500281081451115)	(64, 0.01985986480558874)	(66, 0.023911455808452386)	(68, 0.029283813391680215)	(70, 0.035936012393627134)	(72, 0.044228938330618014)	(74, 0.05543499168289101)	(76, 0.06940163321158718)	(78, 0.08816395959123949)	(80, 0.11245862373145951)	(82, 0.14362127408957326)	(84, 0.1829689567767045)	(86, 0.23402495616357116)	(88, 0.30032371802861263)	(90, 0.35985122587601237)
SRR19077118_2 - polya	(1, 0.2653215434143416)	(2, 0.2707162238130122)	(3, 0.27599929013446894)	(4, 0.2818032221495904)	(5, 0.2867812099933292)	(6, 0.2918261662833963)	(7, 0.2968562406965016)	(8, 0.30315871558984503)	(9, 0.31075591377886946)	(10, 0.3225311989249332)	(12, 0.3334954217765761)	(14, 0.34392017658835206)	(16, 0.35379802242177993)	(18, 0.36233277885940085)	(20, 0.3708749762355027)	(22, 0.37978922053565084)	(24, 0.38790728441834)	(26, 0.39654993446393433)	(28, 0.4054753401718038)	(30, 0.4137273409471496)	(32, 0.421573810575285)	(34, 0.42943516208038224)	(36, 0.43624362079042855)	(38, 0.4426911939841501)	(40, 0.4498307744565976)	(42, 0.4566838787975295)	(44, 0.4638085773930151)	(46, 0.47130160244330654)	(48, 0.4778682306527229)	(50, 0.4850338544098536)	(52, 0.49269430057596586)	(54, 0.5009239785358689)	(56, 0.5089118259951417)	(58, 0.5166094768536587)	(60, 0.5237676596723084)	(62, 0.5309779290603248)	(64, 0.5387648711806128)	(66, 0.5464699629776106)	(68, 0.5547666093838419)	(70, 0.563286483944501)	(72, 0.5717914766281983)	(74, 0.5794705251405128)	(76, 0.5877894943621869)	(78, 0.5960749793606969)	(80, 0.6037949530346566)	(82, 0.6111428797845699)	(84, 0.6187326370351134)	(86, 0.6269288307718524)	(88, 0.6350766584084651)	(90, 0.642227400288634)
SRR19077118_2 - polyg	(1, 0.2298357077988104)	(2, 0.2345979084266024)	(3, 0.23547593916735154)	(4, 0.23616794644607755)	(5, 0.2365325524316429)	(6, 0.2369269221711319)	(7, 0.23738826035694927)	(8, 0.23773798446555272)	(9, 0.23837790517491228)	(10, 0.23931174295426838)	(12, 0.2403199901184337)	(14, 0.24110128865893082)	(16, 0.2418788667301875)	(18, 0.2425894763551158)	(20, 0.24337077489561293)	(22, 0.2442153214131979)	(24, 0.2447510689838245)	(26, 0.24563654066305457)	(28, 0.2464885281191205)	(30, 0.24738516120607196)	(32, 0.24823714866213786)	(34, 0.24916726597225347)	(36, 0.2501792336056593)	(38, 0.25126189015463385)	(40, 0.2525156882886697)	(42, 0.25349789216815183)	(44, 0.25472564701750444)	(46, 0.25612826392115884)	(48, 0.2572890503241831)	(50, 0.2584275139117646)	(52, 0.2597371190844074)	(54, 0.26101324003388604)	(56, 0.2625051481993115)	(58, 0.2640007768339774)	(60, 0.26731943539646996)	(62, 0.26968937430264456)	(64, 0.2729559462957706)	(66, 0.27965651139784353)	(68, 0.2822347965814841)	(70, 0.28380855507019964)	(72, 0.28556461655169796)	(74, 0.28686306031661934)	(76, 0.28814290173533846)	(78, 0.28977990820114197)	(80, 0.2919563827068125)	(82, 0.29476161651412125)	(84, 0.29667765817295944)	(86, 0.2982402552539537)	(88, 0.2998809821889976)	(90, 0.30151426818556065)
SRR19077119_1 - illumina_universal_adapter	(1, 4.3486630470328204e-05)	(2, 4.3486630470328204e-05)	(3, 4.3486630470328204e-05)	(4, 4.3486630470328204e-05)	(5, 4.3486630470328204e-05)	(6, 4.3486630470328204e-05)	(7, 4.3486630470328204e-05)	(8, 4.3486630470328204e-05)	(9, 4.3486630470328204e-05)	(10, 4.711051634285555e-05)	(12, 5.4358288087910254e-05)	(14, 6.885383157801965e-05)	(16, 0.0001159643479208752)	(18, 0.0001666987501362581)	(20, 0.00021380926647911365)	(22, 0.00032252584265493416)	(24, 0.0004276185329582273)	(26, 0.0005145917938988837)	(28, 0.0007718876908483256)	(30, 0.001014688044307658)	(32, 0.0012538645118944632)	(34, 0.0016017575556570888)	(36, 0.0019387789418021323)	(38, 0.0023011675290548674)	(40, 0.0027396577196306766)	(42, 0.0034100766060482365)	(44, 0.0038993011988394284)	(46, 0.004587839514619625)	(48, 0.005540921499094319)	(50, 0.006399782450883301)	(52, 0.007664518620395345)	(54, 0.009356873322865618)	(56, 0.011273908949432587)	(58, 0.013658425853555582)	(60, 0.017025015829133492)	(62, 0.021312072816333346)	(64, 0.02553027597195518)	(66, 0.030455136872719852)	(68, 0.03651427405158558)	(70, 0.04445058411242048)	(72, 0.05460471232724211)	(74, 0.06742602054424388)	(76, 0.08372988308474442)	(78, 0.10629944429884478)	(80, 0.13536663288238665)	(82, 0.1714786556021217)	(84, 0.21687869781314434)	(86, 0.27477752239851383)	(88, 0.3477299688983619)	(90, 0.41391299658832886)
SRR19077119_1 - polya	(1, 0.26902279163294035)	(2, 0.27389329424561715)	(3, 0.27795204642284776)	(4, 0.28214125849148936)	(5, 0.28596808197287826)	(6, 0.289244074801643)	(7, 0.2927882351849747)	(8, 0.2977094721998669)	(9, 0.30388457372665345)	(10, 0.311839003216851)	(12, 0.318264152868842)	(14, 0.3241384718682089)	(16, 0.3312956464664504)	(18, 0.3359414681550304)	(20, 0.34038797612062144)	(22, 0.34516788158648504)	(24, 0.3492520009648234)	(26, 0.35335423977252434)	(28, 0.3573368903464319)	(30, 0.361522478529201)	(32, 0.36525508097790416)	(34, 0.3691108955462733)	(36, 0.37324574932682697)	(38, 0.37672105587858074)	(40, 0.38114944441480914)	(42, 0.3852625548801277)	(44, 0.38950974912272973)	(46, 0.3944998399691999)	(48, 0.39881951192925247)	(50, 0.402994228454404)	(52, 0.40755307688204334)	(54, 0.4134201481096652)	(56, 0.41829427460821444)	(58, 0.4227589020031681)	(60, 0.42739747592000316)	(62, 0.4317642583963986)	(64, 0.43671811038414354)	(66, 0.44165384294252574)	(68, 0.4463938856637915)	(70, 0.45220659860332535)	(72, 0.4575192152924505)	(74, 0.462023705432002)	(76, 0.4674269192679403)	(78, 0.47243150565790054)	(80, 0.47693961968332454)	(82, 0.4816615429752277)	(84, 0.4871481061862341)	(86, 0.4932942166260405)	(88, 0.4984727495378821)	(90, 0.5023575551932314)
SRR19077119_2 - illumina_universal_adapter	(1, 3.62388587252735e-05)	(2, 3.62388587252735e-05)	(3, 4.3486630470328204e-05)	(4, 5.79821739604376e-05)	(5, 5.79821739604376e-05)	(6, 5.79821739604376e-05)	(7, 5.79821739604376e-05)	(8, 5.79821739604376e-05)	(9, 5.79821739604376e-05)	(10, 6.160605983296495e-05)	(12, 6.885383157801965e-05)	(14, 7.610160332307436e-05)	(16, 0.00012683600553845727)	(18, 0.00019206595124394955)	(20, 0.0002536720110769145)	(22, 0.0003732602448703171)	(24, 0.0005109679080263563)	(26, 0.0006559233429274504)	(28, 0.0009313386692395289)	(30, 0.0011922584520614983)	(32, 0.0014676737783735768)	(34, 0.0018663012243515854)	(36, 0.002210570382241684)	(38, 0.002659932230435075)	(40, 0.0032071389971867047)	(42, 0.003957283372799866)	(44, 0.004489994596061387)	(46, 0.005261882286909712)	(48, 0.00633092861930528)	(50, 0.0072658911744173365)	(52, 0.008610352833124984)	(54, 0.010360689709555695)	(56, 0.012400937455788592)	(58, 0.014923162023067628)	(60, 0.01842383577592905)	(62, 0.022870343741520107)	(64, 0.027247997875533145)	(66, 0.032383044156904406)	(68, 0.038659614488121774)	(70, 0.04676262329909293)	(72, 0.05711606523690357)	(74, 0.07019104546498225)	(76, 0.08688991156558827)	(78, 0.11004654229103805)	(80, 0.13995084851113374)	(82, 0.17701232932947095)	(84, 0.22353577616097706)	(86, 0.28260149199730034)	(88, 0.3571448243951879)	(90, 0.4243425401294626)
SRR19077119_2 - polya	(1, 0.24316998981833024)	(2, 0.2469678222127389)	(3, 0.25098308775949923)	(4, 0.25513606096941555)	(5, 0.2584265493416704)	(6, 0.2617460288009055)	(7, 0.2653844102169229)	(8, 0.27014619625342384)	(9, 0.2759879002799379)	(10, 0.2848700445535025)	(12, 0.2932158537179329)	(14, 0.30132973418652165)	(16, 0.3096066895193742)	(18, 0.31661166091096954)	(20, 0.3237036055635055)	(22, 0.3309042667922174)	(24, 0.3380723130480765)	(26, 0.34557738069008065)	(28, 0.35301359450050673)	(30, 0.35964530564723185)	(32, 0.3655449918477064)	(34, 0.37175633223321825)	(36, 0.3775001913411741)	(38, 0.3827077153399959)	(40, 0.3879188632246902)	(42, 0.3930611572778065)	(44, 0.39839551728216677)	(46, 0.40418648690646547)	(48, 0.40952084691082574)	(50, 0.4150980072686453)	(52, 0.4207077825993177)	(54, 0.4268973796695944)	(56, 0.43313046337034145)	(58, 0.4388706985924247)	(60, 0.4442847840859806)	(62, 0.44964451129144856)	(64, 0.4553774987417868)	(66, 0.4616685646164943)	(68, 0.46822055027402376)	(70, 0.4749356107958169)	(72, 0.4812882827303574)	(74, 0.48645956787045386)	(76, 0.49256219167979)	(78, 0.4985053645107348)	(80, 0.5037962378846248)	(82, 0.5088225675898201)	(84, 0.5146533999587167)	(86, 0.5207306565669451)	(88, 0.5271050718167207)	(90, 0.5325445245113842)
SRR19077119_2 - polyg	(1, 0.2250650559991836)	(2, 0.23055161921019002)	(3, 0.23161704165671307)	(4, 0.2323635621464537)	(5, 0.23271145519021633)	(6, 0.23337825019076136)	(7, 0.23390008975640528)	(8, 0.23453064589822506)	(9, 0.23534239633367118)	(10, 0.23684993285664255)	(12, 0.2384589381840447)	(14, 0.2393576618804315)	(16, 0.24016578843000508)	(18, 0.24087244617514791)	(20, 0.24164795775186876)	(22, 0.2424452126438248)	(24, 0.24303590604104675)	(26, 0.24363384721001374)	(28, 0.2442100450637456)	(30, 0.2448079862327126)	(32, 0.24560524112466864)	(34, 0.24647859761994773)	(36, 0.2472178703379433)	(38, 0.24812746569194766)	(40, 0.24885586675232566)	(42, 0.24946467957891028)	(44, 0.25021844784039593)	(46, 0.25124400754232123)	(48, 0.25205938186363985)	(50, 0.2529979683046244)	(52, 0.25392930697386396)	(54, 0.2550382160508573)	(56, 0.25651313760097594)	(58, 0.2577561304552528)	(60, 0.2605428986912264)	(62, 0.2624997970623911)	(64, 0.26527206975487455)	(66, 0.27081661513984145)	(68, 0.27289672563067213)	(70, 0.27403100190877316)	(72, 0.2760168913669182)	(74, 0.2771656631885093)	(76, 0.2785753547929225)	(78, 0.28103597330036856)	(80, 0.2843337094443684)	(82, 0.28924045091577044)	(84, 0.29157785730355057)	(86, 0.2933789285821967)	(88, 0.29469802303979664)	(90, 0.295745326056957)
SRR19077120_1 - illumina_universal_adapter	(1, 2.932410718723604e-05)	(2, 3.6655133984045044e-05)	(3, 3.6655133984045044e-05)	(4, 3.6655133984045044e-05)	(5, 3.6655133984045044e-05)	(6, 4.398616078085405e-05)	(7, 4.398616078085405e-05)	(8, 4.398616078085405e-05)	(9, 4.398616078085405e-05)	(10, 5.498270097606757e-05)	(12, 6.964475456968558e-05)	(14, 8.43068081633036e-05)	(16, 0.00012096194214734866)	(18, 0.00018327566992022522)	(20, 0.00025292042448991084)	(22, 0.000370216853238855)	(24, 0.0005021753355814171)	(26, 0.0006487958715175973)	(28, 0.0007917508940553731)	(30, 0.0009530334835851713)	(32, 0.001169298774091037)	(34, 0.0013892295779953073)	(36, 0.0016678085962740495)	(38, 0.0020306944227160956)	(40, 0.002477887057321445)	(42, 0.002881093531145941)	(44, 0.0034015964337193805)	(46, 0.004079716412424213)	(48, 0.005054742976399813)	(50, 0.006044431593969028)	(52, 0.007155082153685593)	(54, 0.008789901129374002)	(56, 0.01080593349849648)	(58, 0.013239834395037071)	(60, 0.016659758395748472)	(62, 0.021043712420240262)	(64, 0.025522969793090565)	(66, 0.030511733528319096)	(68, 0.03651950998830408)	(70, 0.044349046607296105)	(72, 0.05440721537251806)	(74, 0.06693960568166307)	(76, 0.08304220604085405)	(78, 0.10548614457928483)	(80, 0.13398184573848146)	(82, 0.16924041911773438)	(84, 0.214663461150763)	(86, 0.27197009762141905)	(88, 0.3448331729549038)	(90, 0.410442197272946)
SRR19077120_1 - polya	(1, 0.2700676961676471)	(2, 0.27516275979142935)	(3, 0.2795173897087339)	(4, 0.2839893160547874)	(5, 0.28765482945319193)	(6, 0.2909611225385528)	(7, 0.29404748482000936)	(8, 0.29876133505035757)	(9, 0.30510267322959733)	(10, 0.3127525996920676)	(12, 0.31908294133111215)	(14, 0.3251237074116827)	(16, 0.33231911021275085)	(18, 0.3371905775192304)	(20, 0.3417651382404392)	(22, 0.3464716574439906)	(24, 0.35048539461524353)	(26, 0.354785041831572)	(28, 0.3586778170606776)	(30, 0.36246062688783104)	(32, 0.36613347131303237)	(34, 0.3703634737747912)	(36, 0.3741169594947573)	(38, 0.3777934694333571)	(40, 0.3824633335029244)	(42, 0.3865797050493327)	(44, 0.3909709901006213)	(46, 0.3958021367597184)	(48, 0.4002520700253815)	(50, 0.40460303442928763)	(52, 0.40917759515049645)	(54, 0.4150130924807564)	(56, 0.41973060822450303)	(58, 0.4240522485212219)	(60, 0.428828412479343)	(62, 0.43354592822308957)	(64, 0.4388865812445649)	(66, 0.44425655837322753)	(68, 0.44957521831431246)	(70, 0.455561001693907)	(72, 0.4613195232428005)	(74, 0.46598205628557104)	(76, 0.4711137750433374)	(78, 0.4759192631086457)	(80, 0.48055980307102575)	(82, 0.4849767467161032)	(84, 0.4902550860098057)	(86, 0.49647912776029657)	(88, 0.5018527704023575)	(90, 0.5061267590248972)
SRR19077120_2 - illumina_universal_adapter	(1, 2.932410718723604e-05)	(2, 3.6655133984045044e-05)	(3, 3.6655133984045044e-05)	(4, 3.6655133984045044e-05)	(5, 3.6655133984045044e-05)	(6, 4.398616078085405e-05)	(7, 4.398616078085405e-05)	(8, 4.398616078085405e-05)	(9, 4.398616078085405e-05)	(10, 5.498270097606757e-05)	(12, 6.964475456968558e-05)	(14, 8.43068081633036e-05)	(16, 0.00012462745554575315)	(18, 0.00019793772351384326)	(20, 0.0002602514512867198)	(22, 0.00039954096042609097)	(24, 0.0005681545767526982)	(26, 0.000747764733274519)	(28, 0.0009310404031947443)	(30, 0.0011253126133101829)	(32, 0.0014002261181905208)	(34, 0.0016971327034612856)	(36, 0.0020490219897081182)	(38, 0.0024962146243134673)	(40, 0.0029947244464964802)	(42, 0.003456579134695448)	(44, 0.0040723853856274046)	(46, 0.004805488065308306)	(48, 0.00592346965182168)	(50, 0.007019458157944626)	(52, 0.008232743092816517)	(54, 0.00991154822928578)	(56, 0.012008221893173156)	(58, 0.014592408839048334)	(60, 0.018122298241711868)	(62, 0.02266020382893665)	(64, 0.02730074379131675)	(66, 0.032403138441895823)	(68, 0.0385685319780122)	(70, 0.04663266145450211)	(72, 0.05696940923800281)	(74, 0.06979870613241858)	(76, 0.08630817847883246)	(78, 0.10932393710741435)	(80, 0.13880566137078176)	(82, 0.17510890606857998)	(84, 0.22152163671917785)	(86, 0.27988027553517597)	(88, 0.3542168872548193)	(90, 0.4211821515302712)
SRR19077120_2 - polya	(1, 0.2402157550510408)	(2, 0.2439619097442102)	(3, 0.2477740436785509)	(4, 0.25219465283702674)	(5, 0.2558161800746504)	(6, 0.2593350729371187)	(7, 0.26308122763028813)	(8, 0.26735521625282777)	(9, 0.2731760515294941)	(10, 0.282218873083358)	(12, 0.2909831156189432)	(14, 0.29980967188230123)	(16, 0.3083466525871853)	(18, 0.31549073820067575)	(20, 0.3223965654432698)	(22, 0.32978624045445326)	(24, 0.3370439569832942)	(26, 0.3446755558787724)	(28, 0.3521971893722984)	(30, 0.3591763268828606)	(32, 0.3653527169591722)	(34, 0.37146679330771093)	(36, 0.3773865974461342)	(38, 0.3824633335029244)	(40, 0.38789928987275835)	(42, 0.3932509394344289)	(44, 0.39911576087187606)	(46, 0.4050795511710802)	(48, 0.4102479250628306)	(50, 0.41575352618723416)	(52, 0.42140941336097226)	(54, 0.4278057342411882)	(56, 0.4340444380452726)	(58, 0.4398799353755326)	(60, 0.44538187098653775)	(62, 0.4512760165311722)	(64, 0.45757336854963115)	(66, 0.46386338954129325)	(68, 0.4702633759349075)	(70, 0.47709955842293195)	(72, 0.4833455932538132)	(74, 0.4887888806504439)	(76, 0.49485897083820174)	(78, 0.5011306642628719)	(80, 0.5067975479768052)	(82, 0.5123214766682007)	(84, 0.5181606395118592)	(86, 0.5243883467757484)	(88, 0.5305720678788568)	(90, 0.5360520104094716)
SRR19077120_2 - polyg	(1, 0.22674132779850584)	(2, 0.23193169477064662)	(3, 0.2329507074954031)	(4, 0.23381576865742654)	(5, 0.2341896510240638)	(6, 0.23471748495343406)	(7, 0.2352453188828043)	(8, 0.23578048383897135)	(9, 0.23649892446505863)	(10, 0.23784416788227308)	(12, 0.23936169042921257)	(14, 0.24038803418076582)	(16, 0.24124209880259406)	(18, 0.24198619802247018)	(20, 0.24266431800117502)	(22, 0.24341941376124634)	(24, 0.24391425807003098)	(26, 0.24455938842815014)	(28, 0.2452485049470502)	(30, 0.24606224892149597)	(32, 0.24686499635574657)	(34, 0.24765674724980197)	(36, 0.24842650506346692)	(38, 0.249324555846076)	(40, 0.25027758932966115)	(42, 0.251146316005083)	(44, 0.2520736908948794)	(46, 0.25322832761537684)	(48, 0.2543426436884918)	(50, 0.255368987440045)	(52, 0.2564723069729648)	(54, 0.2577845607695936)	(56, 0.25937172807110276)	(58, 0.26065099224714594)	(60, 0.26382532685016424)	(62, 0.2661419313179559)	(64, 0.2696901482876114)	(66, 0.27711281291938056)	(68, 0.2798472859145903)	(70, 0.2813024947337569)	(72, 0.28339550288424586)	(74, 0.2847883979756396)	(76, 0.2863462411699615)	(78, 0.2887618144995101)	(80, 0.29188483191495074)	(82, 0.29695423694494416)	(84, 0.2995604169712097)	(86, 0.30144082534459127)	(88, 0.3029033651905546)	(90, 0.3040689984512473)
SRR19077121_1 - illumina_universal_adapter	(1, 9.77635754876936e-05)	(2, 9.77635754876936e-05)	(3, 9.77635754876936e-05)	(4, 9.77635754876936e-05)	(5, 9.77635754876936e-05)	(6, 9.77635754876936e-05)	(7, 9.77635754876936e-05)	(8, 9.77635754876936e-05)	(9, 9.77635754876936e-05)	(10, 0.00010528385052520849)	(12, 0.0001240845381189957)	(14, 0.00015040550075029783)	(16, 0.00017672646338159995)	(18, 0.0002293683886442042)	(20, 0.000278250176388051)	(22, 0.00038729416443201693)	(24, 0.0005339395276635574)	(26, 0.0006392233781887659)	(28, 0.0007821086039015488)	(30, 0.0009475546547268764)	(32, 0.00122204469359617)	(34, 0.0015642172078030976)	(36, 0.0019627917847913866)	(38, 0.0024064880120047653)	(40, 0.003015630290043472)	(42, 0.0037977388939450206)	(44, 0.00488817877438468)	(46, 0.005929736867080492)	(48, 0.007520275037514892)	(50, 0.009272499121255861)	(52, 0.011434578194541394)	(54, 0.014145637345565513)	(56, 0.017371835336659404)	(58, 0.021767436096086855)	(60, 0.027155713160466274)	(62, 0.033750994368366836)	(64, 0.0409817388169374)	(66, 0.04922020012053497)	(68, 0.059383851833736345)	(70, 0.07158549808210427)	(72, 0.08762248459960477)	(74, 0.1071300780469184)	(76, 0.13102951211614072)	(78, 0.16144902464288846)	(80, 0.19920832560625074)	(82, 0.24525496966095442)	(84, 0.3028602764483185)	(86, 0.3747428253944046)	(88, 0.4630759759850545)	(90, 0.5415049243512973)
SRR19077121_1 - polya	(1, 0.4511488197755559)	(2, 0.45997762266959835)	(3, 0.4674753368820007)	(4, 0.4745218345921522)	(5, 0.48051549379705155)	(6, 0.4857420849481244)	(7, 0.49102131802445986)	(8, 0.49858671471219984)	(9, 0.5075960042071427)	(10, 0.5185267239741705)	(12, 0.5282918011103837)	(14, 0.5365829043392438)	(16, 0.5453891464081737)	(18, 0.5518528228029178)	(20, 0.5582600971348806)	(22, 0.5641522326267734)	(24, 0.5691945770394271)	(26, 0.5747520602921506)	(28, 0.5799899318557797)	(30, 0.5850285161309148)	(32, 0.5900257388933434)	(34, 0.5958088303971923)	(36, 0.6008925363225524)	(38, 0.6060740058234002)	(40, 0.6117217323765738)	(42, 0.6169972053153905)	(44, 0.6228404590195395)	(46, 0.6290070845503019)	(48, 0.6348089767417446)	(50, 0.6404003012321369)	(52, 0.6462961968615486)	(54, 0.6537713502488384)	(56, 0.6601147022429822)	(58, 0.6659729964972063)	(60, 0.6721847436781936)	(62, 0.6784077712717371)	(64, 0.6850481741298629)	(66, 0.6916434553377633)	(68, 0.6981560135202513)	(70, 0.705446920169122)	(72, 0.7126701443426551)	(74, 0.7188706111110861)	(76, 0.7259509500589063)	(78, 0.7324259068662067)	(80, 0.7383105220830621)	(82, 0.7448982830159251)	(84, 0.752339595165546)	(86, 0.7601794818921553)	(88, 0.7671770978145629)	(90, 0.772896266980593)
SRR19077121_2 - illumina_universal_adapter	(1, 9.02433004501787e-05)	(2, 9.02433004501787e-05)	(3, 9.77635754876936e-05)	(4, 0.00010528385052520849)	(5, 0.00011280412556272339)	(6, 0.00011280412556272339)	(7, 0.00012032440060023827)	(8, 0.00012032440060023827)	(9, 0.00012032440060023827)	(10, 0.00012784467563775316)	(12, 0.00014664536323154038)	(14, 0.0001804866009003574)	(16, 0.00021056770105041698)	(18, 0.0002594494887942638)	(20, 0.00031961168909438293)	(22, 0.0004587367772884084)	(24, 0.000624182828113736)	(26, 0.0007482673662327318)	(28, 0.0009099532795393019)	(30, 0.0011318013931459912)	(32, 0.0014702137698341614)	(34, 0.0018763086218599656)	(36, 0.002335045399148374)	(38, 0.002846424101699387)	(40, 0.0035608502302633014)	(42, 0.00448960419739639)	(44, 0.005715409028511318)	(46, 0.006877291521807369)	(48, 0.008516711479985615)	(50, 0.010355418726658006)	(52, 0.012671663438212593)	(54, 0.015484246302243165)	(56, 0.01885708965656859)	(58, 0.02343693715441516)	(60, 0.029054582607438786)	(62, 0.03587923220398355)	(64, 0.0432265409156356)	(66, 0.05158156648231464)	(68, 0.06197458658416022)	(70, 0.07449960465914128)	(72, 0.0908712434158112)	(74, 0.11083381350289448)	(76, 0.1352295857245928)	(78, 0.16616047695389152)	(80, 0.2046642851459678)	(82, 0.2518126494936674)	(84, 0.3106174401495151)	(86, 0.3840604461658855)	(88, 0.4738750909389259)	(90, 0.5538983376131219)
SRR19077121_2 - polya	(1, 0.4359653844748133)	(2, 0.4428915577843645)	(3, 0.44945675789211503)	(4, 0.45605203910001557)	(5, 0.46133127217635106)	(6, 0.46652026195223634)	(7, 0.47208526547999735)	(8, 0.4788911143889483)	(9, 0.48849450561185487)	(10, 0.5024070144312573)	(12, 0.5151237995196951)	(14, 0.526689982527393)	(16, 0.5378162294453963)	(18, 0.5473293773678527)	(20, 0.5563950689255768)	(22, 0.565137388656688)	(24, 0.57378570494983)	(26, 0.5830130824208608)	(28, 0.5921614970039977)	(30, 0.6006067658711268)	(32, 0.6083639295723234)	(34, 0.6158503633721695)	(36, 0.6225998102183392)	(38, 0.6290860474381957)	(40, 0.6361325451483472)	(42, 0.6430135968076733)	(44, 0.6499284897046682)	(46, 0.6569524265897071)	(48, 0.6633484205091136)	(50, 0.6704663608321215)	(52, 0.6774639767545291)	(54, 0.685679877233014)	(56, 0.6939521797742805)	(58, 0.7009949173469132)	(60, 0.7079361312065393)	(62, 0.714948787679022)	(64, 0.722296096390674)	(66, 0.7299216552787142)	(68, 0.7380585928693053)	(70, 0.7465715442117722)	(72, 0.7547799244152197)	(74, 0.7626874936171666)	(76, 0.7713433301853463)	(78, 0.779468987363381)	(80, 0.7869140596505209)	(82, 0.7941673649242039)	(84, 0.8019395691754756)	(86, 0.8098283376898288)	(88, 0.8172433288768184)	(90, 0.8238160492596064)
SRR19077121_2 - polyg	(1, 0.20200962805772502)	(2, 0.20713093535827268)	(3, 0.21010896427312856)	(4, 0.21198151275746976)	(5, 0.21298922961249678)	(6, 0.21438048049443703)	(7, 0.2158243733016399)	(8, 0.21686969153185445)	(9, 0.2184038276395075)	(10, 0.22075767372624966)	(12, 0.22382594594155575)	(14, 0.22672125183099895)	(16, 0.2293345474065354)	(18, 0.2319328024319968)	(20, 0.2346175406203896)	(22, 0.2374000423842701)	(24, 0.2392725908686113)	(26, 0.24163771736790976)	(28, 0.24408556689262084)	(30, 0.24591299372673697)	(32, 0.24857517109001726)	(34, 0.25048156081202727)	(36, 0.2525233154847126)	(38, 0.25474555675829824)	(40, 0.25708436229496534)	(42, 0.2587463430782561)	(44, 0.2606640132128224)	(46, 0.2626907273354327)	(48, 0.26442791086909867)	(50, 0.26610869233998324)	(52, 0.2681316463250747)	(54, 0.27038396869881043)	(56, 0.2729107811114154)	(58, 0.2750089378468821)	(60, 0.27884803825353344)	(62, 0.2815402967169638)	(64, 0.2858005325257159)	(66, 0.2928357498233112)	(68, 0.29607698836448004)	(70, 0.29892717260369817)	(72, 0.3028602764483185)	(74, 0.3046538620447658)	(76, 0.30662793424211343)	(78, 0.3102113452974893)	(80, 0.31469342921984816)	(82, 0.32074725062504766)	(84, 0.32388696545321016)	(86, 0.32610544658927704)	(88, 0.32779374833519914)	(90, 0.32920756004225193)
SRR19077122_1 - illumina_universal_adapter	(1, 8.37643899607008e-05)	(2, 8.37643899607008e-05)	(3, 8.37643899607008e-05)	(4, 8.37643899607008e-05)	(5, 8.37643899607008e-05)	(6, 8.37643899607008e-05)	(7, 9.137933450258269e-05)	(8, 9.137933450258269e-05)	(9, 9.899427904446457e-05)	(10, 9.899427904446457e-05)	(12, 0.00014849141856669687)	(14, 0.0001675287799214016)	(16, 0.00020560350263081105)	(18, 0.00027413800350774807)	(20, 0.0003388650321137441)	(22, 0.00038455469936503545)	(24, 0.0004949713952223228)	(26, 0.0005977731465377284)	(28, 0.0007462645651044252)	(30, 0.0009099858727548859)	(32, 0.001184123876262634)	(34, 0.0014734917688541457)	(36, 0.001880891301844827)	(38, 0.002360632807983386)	(40, 0.0030421703444818153)	(42, 0.0038607768827341182)	(44, 0.004744110449592418)	(46, 0.005779742907288355)	(48, 0.007310346760206615)	(50, 0.009008479393046276)	(52, 0.011060706947083446)	(54, 0.013672632924948934)	(56, 0.017004171162022262)	(58, 0.020883985406111083)	(60, 0.02610022241730018)	(62, 0.03277472130825966)	(64, 0.039677668535475594)	(66, 0.04775331722214134)	(68, 0.05771747215519379)	(70, 0.06972243222547059)	(72, 0.08506273800509165)	(74, 0.10418767122202802)	(76, 0.12748178657564474)	(78, 0.15837180910978862)	(80, 0.19683870146310498)	(82, 0.24317183152818533)	(84, 0.3002268035082354)	(86, 0.3709848681914019)	(88, 0.4591659259863942)	(90, 0.5370972684280135)
SRR19077122_1 - polya	(1, 0.45596764927880384)	(2, 0.4650979677845202)	(3, 0.4727814468272791)	(4, 0.4795206727468445)	(5, 0.4861380595537399)	(6, 0.49196349212827956)	(7, 0.4973624878084738)	(8, 0.5042540126188769)	(9, 0.5130340436756667)	(10, 0.5239462592041835)	(12, 0.5341084026953249)	(14, 0.54234396521737)	(16, 0.5513943268053967)	(18, 0.557699500886075)	(20, 0.5637419593800582)	(22, 0.5698453374303766)	(24, 0.5747912439103289)	(26, 0.5803844206763411)	(28, 0.5856844220774909)	(30, 0.5910415355627048)	(32, 0.596193045545288)	(34, 0.6017747998944873)	(36, 0.6067283213189816)	(38, 0.6121006646932792)	(40, 0.6179260972678189)	(42, 0.6235421188674568)	(44, 0.6296759566959426)	(46, 0.6358592916639507)	(48, 0.6414562759022339)	(50, 0.647373087811276)	(52, 0.653316552026215)	(54, 0.6608819994285746)	(56, 0.6669206504502869)	(58, 0.6723767582145452)	(60, 0.6787542742683714)	(62, 0.6849985287927145)	(64, 0.6917072949341125)	(66, 0.6990328715834029)	(68, 0.7058596693652)	(70, 0.7131662086531356)	(72, 0.7207316560554953)	(74, 0.7274746894473317)	(76, 0.7344042889804443)	(78, 0.740987408536901)	(80, 0.7472773527284955)	(82, 0.7535254147251096)	(84, 0.7606149280936016)	(86, 0.7688885653383564)	(88, 0.7755973314797543)	(90, 0.7811638559398699)
SRR19077122_2 - illumina_universal_adapter	(1, 8.37643899607008e-05)	(2, 8.37643899607008e-05)	(3, 8.37643899607008e-05)	(4, 8.37643899607008e-05)	(5, 8.37643899607008e-05)	(6, 8.37643899607008e-05)	(7, 9.137933450258269e-05)	(8, 9.137933450258269e-05)	(9, 9.899427904446457e-05)	(10, 9.899427904446457e-05)	(12, 0.00014087647402481496)	(14, 0.0001599138353795197)	(16, 0.00019798855808892914)	(18, 0.0002817529480496299)	(20, 0.00035028744892656694)	(22, 0.0004035920607197402)	(24, 0.0005178162288479685)	(26, 0.0006586927028727835)	(28, 0.0008452588441488899)	(30, 0.0010775146526762875)	(32, 0.001393534851164386)	(34, 0.0017285924110071892)	(36, 0.002208333917145748)	(38, 0.002756609924161244)	(40, 0.003537141739704138)	(42, 0.004454742557000906)	(44, 0.005425647986090847)	(46, 0.00660596439008254)	(48, 0.008269829772483733)	(50, 0.010059341739825978)	(52, 0.012191526211552905)	(54, 0.014875794162566272)	(56, 0.018416743374541352)	(58, 0.022467893870822517)	(60, 0.027882119440100543)	(62, 0.03480029655640024)	(64, 0.04189742486943416)	(66, 0.050258633976420476)	(68, 0.06049311944070974)	(70, 0.07280267729266182)	(72, 0.08849327052120945)	(74, 0.10815886480061943)	(76, 0.1318565722149559)	(78, 0.16330248570065714)	(80, 0.2027250535939797)	(82, 0.24988059766958326)	(84, 0.30805877396956094)	(86, 0.38019133614253714)	(88, 0.4701086012930785)	(90, 0.5492811796950245)
SRR19077122_2 - polya	(1, 0.4392528460093731)	(2, 0.4459920719289386)	(3, 0.4524495449004544)	(4, 0.45859480514575307)	(5, 0.46400903071503113)	(6, 0.46936233672797406)	(7, 0.47505070030075985)	(8, 0.4825285758408879)	(9, 0.49245084857896)	(10, 0.5056056652750609)	(12, 0.517976142683348)	(14, 0.5294328267466094)	(16, 0.5401242088834115)	(18, 0.5492773722227535)	(20, 0.5587694005942094)	(22, 0.5680253656848668)	(24, 0.5772089888023764)	(26, 0.5862783877517577)	(28, 0.5954962781197057)	(30, 0.6041773148974511)	(32, 0.6121996589723236)	(34, 0.6201991582135705)	(36, 0.6271439876357668)	(38, 0.63371187730314)	(40, 0.6407290486984842)	(42, 0.6477766798719958)	(44, 0.6548509633514041)	(46, 0.6625839395336852)	(48, 0.6693802775373148)	(50, 0.6762070753191118)	(52, 0.6834679249397962)	(54, 0.69173775471228)	(56, 0.699661104508108)	(58, 0.7068762644615412)	(60, 0.7138896283846143)	(62, 0.721199975144821)	(64, 0.7286359684899687)	(66, 0.736220453253683)	(68, 0.7438810874628162)	(70, 0.7521851844857383)	(72, 0.7605387786481829)	(74, 0.7684240537213016)	(76, 0.7766900760215143)	(78, 0.7851959690747964)	(80, 0.7927309566989885)	(82, 0.7999613465415054)	(84, 0.8080826848954223)	(86, 0.8160479168862309)	(88, 0.8237047436230931)	(90, 0.8304401620703876)
SRR19077122_2 - polyg	(1, 0.20201686375158467)	(2, 0.20719502604006435)	(3, 0.21017246935594017)	(4, 0.21193152154511488)	(5, 0.21284531489014072)	(6, 0.21388856229237854)	(7, 0.2153277868107942)	(8, 0.21669847682833296)	(9, 0.2181072415685811)	(10, 0.2204031473479585)	(12, 0.22337297571929243)	(14, 0.2261219706989118)	(16, 0.22884431337263456)	(18, 0.23147527671185475)	(20, 0.23407197280063646)	(22, 0.2367790855852755)	(24, 0.2389074625847315)	(26, 0.24140516439446874)	(28, 0.24400186048325048)	(30, 0.24610739264908083)	(32, 0.24851752259658644)	(34, 0.2504212587320569)	(36, 0.2525229834256163)	(38, 0.2546551678973432)	(40, 0.2570691053171198)	(42, 0.2589842638694031)	(44, 0.2611202558134009)	(46, 0.2637474116803502)	(48, 0.2658948260411609)	(50, 0.2677109903143997)	(52, 0.2699040943424617)	(54, 0.27215050298231686)	(56, 0.27489949796193625)	(58, 0.2770126450723085)	(60, 0.28155495949154097)	(62, 0.28494360981267847)	(64, 0.28976386970768975)	(66, 0.2989056106302189)	(68, 0.3026902380675342)	(70, 0.3053554686571929)	(72, 0.31000058482774084)	(74, 0.3118738611850438)	(76, 0.31395654851724847)	(78, 0.317535572451933)	(80, 0.32246624904280147)	(82, 0.32912551804467716)	(84, 0.33234283211362226)	(86, 0.3348557638124433)	(88, 0.33685849422695824)	(90, 0.33843859521939873)
SRR19077123_1 - illumina_universal_adapter	(1, 0.0003118831146918342)	(2, 0.0003118831146918342)	(3, 0.0003118831146918342)	(4, 0.0003118831146918342)	(5, 0.0003118831146918342)	(6, 0.0003118831146918342)	(7, 0.0003118831146918342)	(8, 0.0003118831146918342)	(9, 0.0003118831146918342)	(10, 0.0003118831146918342)	(12, 0.0003305961015733443)	(14, 0.00035866558189560937)	(16, 0.00038673506221787444)	(18, 0.0004241610359808945)	(20, 0.0005302012949761182)	(22, 0.0006268850605305868)	(24, 0.0008233714227864424)	(26, 0.0010292142784830529)	(28, 0.0013286220685872138)	(30, 0.001849466870122577)	(32, 0.002579273358501469)	(34, 0.003465021404226278)	(36, 0.0044287402286240455)	(38, 0.0059288980102917685)	(40, 0.008327279162271974)	(42, 0.01170185446323762)	(44, 0.015194945347786162)	(46, 0.019240069345339256)	(48, 0.025013025798285106)	(50, 0.03222376340996031)	(52, 0.04114673932129369)	(54, 0.05230591716496752)	(56, 0.06598511057535136)	(58, 0.0828767000670611)	(60, 0.10562857328383041)	(62, 0.13453701918461652)	(64, 0.16419398456066303)	(66, 0.19701032588853784)	(68, 0.23578987236932053)	(70, 0.2822292681469346)	(72, 0.34006487293538834)	(74, 0.41085298347699395)	(76, 0.4947776108094196)	(78, 0.600331332145724)	(80, 0.7315873409637825)	(82, 0.8861441372804678)	(84, 1.0709380015665264)	(86, 1.2952973577823912)	(88, 1.561520784483341)	(90, 1.7906207640425216)
SRR19077123_1 - polya	(1, 0.4125090828160076)	(2, 0.4174555490150201)	(3, 0.42166597106335985)	(4, 0.42552084636095094)	(5, 0.4290014619209118)	(6, 0.43171484501873075)	(7, 0.4347463488935354)	(8, 0.4396803397679602)	(9, 0.4452069085602995)	(10, 0.4521681396802213)	(12, 0.4581001565216599)	(14, 0.46272850194368675)	(16, 0.46729758957392215)	(18, 0.4708967207174659)	(20, 0.47428065251187235)	(22, 0.4777238420980702)	(24, 0.4808052472712254)	(26, 0.4837837310165325)	(28, 0.4867622147618395)	(30, 0.48959411344324133)	(32, 0.4923106153722072)	(34, 0.49525167314375124)	(36, 0.49804926468253696)	(38, 0.5009217081688488)	(40, 0.5043181152878429)	(42, 0.5074119957855858)	(44, 0.5110547905651865)	(46, 0.5146882288513464)	(48, 0.5181844385670418)	(50, 0.5216026775040643)	(52, 0.5251051248820536)	(54, 0.5294496566697109)	(56, 0.5332327988509228)	(58, 0.5366104929830353)	(60, 0.5408521033428443)	(62, 0.5450937137026532)	(64, 0.5495193351001304)	(66, 0.5536954500058541)	(68, 0.5578154259509331)	(70, 0.5626277824106282)	(72, 0.5676116745834037)	(74, 0.5719281368907387)	(76, 0.5769712868553056)	(78, 0.58119730305938)	(80, 0.585092723161881)	(82, 0.5893031452102208)	(84, 0.5944959990698397)	(86, 0.6001722717572311)	(88, 0.6047475970497604)	(90, 0.6088706918259864)
SRR19077123_2 - illumina_universal_adapter	(1, 0.0002994077901041609)	(2, 0.0002994077901041609)	(3, 0.0002994077901041609)	(4, 0.00030564545239799754)	(5, 0.00030564545239799754)	(6, 0.00030564545239799754)	(7, 0.00030564545239799754)	(8, 0.00030564545239799754)	(9, 0.00030564545239799754)	(10, 0.00030564545239799754)	(12, 0.0003243584392795076)	(14, 0.00035242791960177265)	(16, 0.00038673506221787444)	(18, 0.0004241610359808945)	(20, 0.0005395577884168732)	(22, 0.0006518357097059335)	(24, 0.0008888668768717274)	(26, 0.0011134227194498482)	(28, 0.0014097116784070906)	(30, 0.0019305564799424538)	(32, 0.0026759571240559375)	(34, 0.003571061663221502)	(36, 0.004609632435145309)	(38, 0.0061971174889267466)	(40, 0.008682825913020664)	(42, 0.01211354017463084)	(44, 0.015647175864089324)	(46, 0.019748438822286944)	(48, 0.025580653067024242)	(50, 0.033037778339306)	(52, 0.04216347827518907)	(54, 0.05359399442864479)	(56, 0.06751957549963519)	(58, 0.0847105727814491)	(60, 0.10791467651452155)	(62, 0.13730966007422693)	(64, 0.16752801505671877)	(66, 0.2007778739140152)	(68, 0.24015623597500618)	(70, 0.28732231940985226)	(72, 0.34638986250133874)	(74, 0.41840991134597716)	(76, 0.5039844003551226)	(78, 0.6113376872631988)	(80, 0.7451698506086117)	(82, 0.9029608748246516)	(84, 1.0908455007773061)	(86, 1.3184078965810562)	(88, 1.5886889226041467)	(90, 1.820705009285696)
SRR19077123_2 - polya	(1, 0.45223051630315964)	(2, 0.45638479939085486)	(3, 0.45979680066558354)	(4, 0.46352692271729784)	(5, 0.46665199152651005)	(6, 0.469671020076727)	(7, 0.4732639135579769)	(8, 0.47768017846201327)	(9, 0.48338140179858)	(10, 0.491212786808492)	(12, 0.49876035818403436)	(14, 0.5056592126810178)	(16, 0.5119810834158212)	(18, 0.5174982957147197)	(20, 0.5230622904808221)	(22, 0.528526482650223)	(24, 0.5334479982000602)	(26, 0.5388997150448734)	(28, 0.5443327189028051)	(30, 0.5492511156214954)	(32, 0.5537172818238825)	(34, 0.5587947389310655)	(36, 0.5627369415007704)	(38, 0.5664233999164278)	(40, 0.5700537193714408)	(42, 0.5738992381755911)	(44, 0.5774391115273434)	(46, 0.5818179504576168)	(48, 0.5855574290027719)	(50, 0.5891160153414057)	(52, 0.5928211867439447)	(54, 0.5969910639873746)	(56, 0.6010923269455721)	(58, 0.6049409645808693)	(60, 0.6090453463702139)	(62, 0.6128378450448666)	(64, 0.616982771639121)	(66, 0.6213148281021906)	(68, 0.6254597546964451)	(70, 0.6296327507710219)	(72, 0.6339273812603284)	(74, 0.6381034961660521)	(76, 0.6426507519782589)	(78, 0.6469235506495371)	(80, 0.6503729778980288)	(82, 0.6537974544973452)	(84, 0.6574963882375904)	(86, 0.6619781485957119)	(88, 0.6659764901260613)	(90, 0.6695319576335482)
SRR19077123_2 - polyg	(1, 0.186768084402058)	(2, 0.19097850645039777)	(3, 0.19230089085669114)	(4, 0.1931242622794776)	(5, 0.19364822591215985)	(6, 0.19425951681695586)	(7, 0.19492070902010256)	(8, 0.19536358304296494)	(9, 0.1961869544657514)	(10, 0.197156910952443)	(12, 0.19844498821612028)	(14, 0.19956152976671704)	(16, 0.2007903492386029)	(18, 0.20188194014002428)	(20, 0.2030608583135594)	(22, 0.20431150960347366)	(24, 0.20510993037708478)	(26, 0.20594577712445888)	(28, 0.20684400049477136)	(30, 0.2075956388011787)	(32, 0.20857495178131105)	(34, 0.20937337255492214)	(36, 0.21020610047114935)	(38, 0.21115422513981252)	(40, 0.21227388552155618)	(42, 0.21315027707384027)	(44, 0.2143291952473754)	(46, 0.21600400757327054)	(48, 0.21754471015984822)	(50, 0.21898249131857755)	(52, 0.22153681402790368)	(54, 0.22420029582737194)	(56, 0.2266236276285275)	(58, 0.22875378930187273)	(60, 0.2330858457649423)	(62, 0.23645418340361413)	(64, 0.24192149440416197)	(66, 0.253645180685428)	(68, 0.25781505792885784)	(70, 0.2596395741498051)	(72, 0.26250889880496997)	(74, 0.2637470747702966)	(76, 0.26535327281095944)	(78, 0.26824131045300587)	(80, 0.27267005068162986)	(82, 0.2807758928324707)	(84, 0.28557265513643104)	(86, 0.28939010446025915)	(88, 0.2921876959990449)	(90, 0.29513499143288274)
SRR19077124_1 - illumina_universal_adapter	(1, 0.00027126161125864376)	(2, 0.00027126161125864376)	(3, 0.00027126161125864376)	(4, 0.00027126161125864376)	(5, 0.00027126161125864376)	(6, 0.00027126161125864376)	(7, 0.00027126161125864376)	(8, 0.00027126161125864376)	(9, 0.00027126161125864376)	(10, 0.00027126161125864376)	(12, 0.000274415816040721)	(14, 0.00028703263516903006)	(16, 0.0003343457069001889)	(18, 0.00035957934515680684)	(20, 0.00040373821210588847)	(22, 0.0005393690177352103)	(24, 0.000684462437710764)	(26, 0.0008674063150712447)	(28, 0.0011323595167657338)	(30, 0.0015360977288716225)	(32, 0.0021858639139795367)	(34, 0.0030595786386149355)	(36, 0.004072078373661734)	(38, 0.00578796577511176)	(40, 0.008200932433400858)	(42, 0.011266819481579949)	(44, 0.014496725178427056)	(46, 0.018565649347306715)	(48, 0.02421798431678915)	(50, 0.031018449826947708)	(52, 0.03905536361168055)	(54, 0.0496566458842422)	(56, 0.0633017357715084)	(58, 0.08064986207293329)	(60, 0.10389319711206058)	(62, 0.13254599335245035)	(64, 0.16165299508145925)	(66, 0.19509702838582435)	(68, 0.23361933138933383)	(70, 0.27915343162340106)	(72, 0.33636439796071826)	(74, 0.4058231414668415)	(76, 0.4891446149901942)	(78, 0.5943184192437782)	(80, 0.7236092732611248)	(82, 0.8764683454101525)	(84, 1.0617999557906659)	(86, 1.2871994295179063)	(88, 1.5524081217997439)	(90, 1.7788705625385444)
SRR19077124_1 - polya	(1, 0.41083517286556226)	(2, 0.4155286295812932)	(3, 0.419685871484071)	(4, 0.42319965561130507)	(5, 0.42664404723333343)	(6, 0.4295080651754596)	(7, 0.43273166246274253)	(8, 0.4372611005298055)	(9, 0.4425286225158745)	(10, 0.4495814244085992)	(12, 0.45537885279805723)	(14, 0.46001237962292874)	(16, 0.4649045512399305)	(18, 0.4684624942341137)	(20, 0.47162616163053717)	(22, 0.4751588709864637)	(24, 0.47813644030074465)	(26, 0.48131903292586053)	(28, 0.48420513030146123)	(30, 0.4870596856292411)	(32, 0.48976599333226345)	(34, 0.4927908757182755)	(36, 0.49566751047952995)	(38, 0.49856622467425893)	(40, 0.5016888874085155)	(42, 0.5049440267436192)	(44, 0.5084861987138919)	(46, 0.5119432071550486)	(48, 0.5152582763810118)	(50, 0.518775214713028)	(52, 0.5223552371406857)	(54, 0.5268689041838381)	(56, 0.5307296508371007)	(58, 0.5343790657699641)	(60, 0.5389652795231044)	(62, 0.543400091446705)	(64, 0.5473838520864687)	(66, 0.5517303462761711)	(68, 0.5558465835167818)	(70, 0.5608649233250668)	(72, 0.5657255528942478)	(74, 0.5701351311795918)	(76, 0.5751850130356975)	(78, 0.5795977455258237)	(80, 0.5835026510460353)	(82, 0.5877261312492367)	(84, 0.592804400948381)	(86, 0.5986712218430448)	(88, 0.6031281132001198)	(90, 0.6070771775872806)
SRR19077124_2 - illumina_universal_adapter	(1, 0.00027126161125864376)	(2, 0.00027126161125864376)	(3, 0.00027126161125864376)	(4, 0.0002775700208227983)	(5, 0.0002775700208227983)	(6, 0.0002775700208227983)	(7, 0.0002775700208227983)	(8, 0.0002775700208227983)	(9, 0.0002775700208227983)	(10, 0.0002838784303869528)	(12, 0.0002838784303869528)	(14, 0.0002933410447331845)	(16, 0.00034065411646434335)	(18, 0.00035957934515680684)	(20, 0.0004163550312341974)	(22, 0.0005425232225172876)	(24, 0.000709696075967382)	(26, 0.0008926399533278627)	(28, 0.0012112146363176652)	(30, 0.0016496491010264034)	(32, 0.00236565358655794)	(34, 0.0032992982020528068)	(36, 0.004368573623176996)	(38, 0.006169624553743107)	(40, 0.008592053826378437)	(42, 0.011711562355852842)	(44, 0.015058173629636807)	(46, 0.019183873484593855)	(48, 0.024962376645359382)	(50, 0.03190478137071141)	(52, 0.04014041005671512)	(54, 0.05086470631577779)	(56, 0.06470851110431486)	(58, 0.0824950718704485)	(60, 0.1061642245551562)	(62, 0.1353406187893708)	(64, 0.16497437271698656)	(66, 0.19903347595385676)	(68, 0.2382150077568204)	(70, 0.2845155797529324)	(72, 0.3426444196818341)	(74, 0.41350678431598165)	(76, 0.4981719490764993)	(78, 0.6049954024311097)	(80, 0.7369799473323502)	(82, 0.8929427569869421)	(84, 1.0818638524094593)	(86, 1.3106036290009193)	(88, 1.5800768061481256)	(90, 1.8097754609933374)
SRR19077124_2 - polya	(1, 0.4535683392531449)	(2, 0.45731553453425267)	(3, 0.4609807204910264)	(4, 0.4646143643999794)	(5, 0.4678001112298774)	(6, 0.4707335216772093)	(7, 0.47377417508713177)	(8, 0.47832253838288713)	(9, 0.4838991724375997)	(10, 0.4919770908844996)	(12, 0.49924437870240557)	(14, 0.5058461293112932)	(16, 0.5124289546914884)	(18, 0.517920425217085)	(20, 0.5236610779204656)	(22, 0.5292345577703961)	(24, 0.5341078041587055)	(26, 0.5399052325481635)	(28, 0.5449330349707946)	(30, 0.5498535944308351)	(32, 0.5545249717130916)	(34, 0.5593130545722848)	(36, 0.5634009039698569)	(38, 0.5669556927592581)	(40, 0.5707754347503535)	(42, 0.5747465785709888)	(44, 0.5786956429581496)	(46, 0.5833607118308417)	(48, 0.5868397997054731)	(50, 0.5905112940718109)	(52, 0.5944982089163565)	(54, 0.5989961049355987)	(56, 0.6031911972957615)	(58, 0.6072254252120383)	(60, 0.6112754241522254)	(62, 0.6150163110237691)	(64, 0.6188265904005184)	(66, 0.6229554444602575)	(68, 0.627182078868241)	(70, 0.6314781057814303)	(72, 0.6358309083806969)	(74, 0.6401679399560531)	(76, 0.6447541537091934)	(78, 0.6492552039332177)	(80, 0.6530497122860566)	(82, 0.6566644309663172)	(84, 0.6605661822817467)	(86, 0.6652375595640031)	(88, 0.6694705023815508)	(90, 0.6728865061605405)
SRR19077124_2 - polyg	(1, 0.18648289512597138)	(2, 0.190999716373906)	(3, 0.19240649170671245)	(4, 0.19327074381700163)	(5, 0.1938132670395189)	(6, 0.1944377995863702)	(7, 0.1950181732662724)	(8, 0.195491303983584)	(9, 0.19614737857825607)	(10, 0.19722296240894444)	(12, 0.19855088262219894)	(14, 0.19970216736765714)	(16, 0.20069889607879354)	(18, 0.20170824160905826)	(20, 0.20273651236801546)	(22, 0.20387518029434534)	(24, 0.20474889501898075)	(26, 0.20561314712926992)	(28, 0.20663195527388087)	(30, 0.20756559988937573)	(32, 0.20864118372006407)	(34, 0.20959375356425142)	(36, 0.21040753839802734)	(38, 0.21155882314348554)	(40, 0.21288674335674007)	(42, 0.2137951543339783)	(44, 0.21505052783724504)	(46, 0.21695251332083765)	(48, 0.21883872778051983)	(50, 0.22043475540025093)	(52, 0.2232230724276072)	(54, 0.22592938013062952)	(56, 0.22848428600411208)	(58, 0.2306165284367963)	(60, 0.2360512232763154)	(62, 0.24014853528823377)	(64, 0.24659888406758174)	(66, 0.26155296893941)	(68, 0.2666280844337723)	(70, 0.2688486446003547)	(72, 0.2716937373137884)	(74, 0.2731699051518005)	(76, 0.2749583392632383)	(78, 0.27809992722618726)	(80, 0.2824495756206718)	(82, 0.2905590361153924)	(84, 0.2952714180598158)	(86, 0.2992299450613228)	(88, 0.3025103180346831)	(90, 0.3056235181545934)
SRR19077125_1 - illumina_universal_adapter	(1, 7.268970956892623e-05)	(2, 7.268970956892623e-05)	(3, 7.268970956892623e-05)	(4, 7.268970956892623e-05)	(5, 7.268970956892623e-05)	(6, 7.268970956892623e-05)	(7, 7.268970956892623e-05)	(8, 7.268970956892623e-05)	(9, 7.268970956892623e-05)	(10, 8.260194269196162e-05)	(12, 0.0001222508751841032)	(14, 0.00016520388538392324)	(16, 0.00018502835162999406)	(18, 0.0002378935949528495)	(20, 0.0002742384497373126)	(22, 0.00038327301409070197)	(24, 0.0005484768994746252)	(26, 0.0007500256396430116)	(28, 0.0009119254473192564)	(30, 0.0012621576843331738)	(32, 0.0016487347761315542)	(34, 0.0021013934220835036)	(36, 0.002663086632388843)	(38, 0.0033437266401706066)	(40, 0.004401031506627715)	(42, 0.0056598851132532105)	(44, 0.007021165128816738)	(46, 0.008679812138071327)	(48, 0.010939801290123398)	(50, 0.013566543067727779)	(52, 0.016764890288760534)	(54, 0.020855338490866474)	(56, 0.025844495829460953)	(58, 0.031841396868897365)	(60, 0.040187497158493166)	(62, 0.050073297659867136)	(64, 0.06012430204662503)	(66, 0.07147050489479288)	(68, 0.0857672491359176)	(70, 0.10270395146547741)	(72, 0.1226969256746398)	(74, 0.1481845811116715)	(76, 0.17969226613209333)	(78, 0.22046788912255327)	(80, 0.27127138795581734)	(82, 0.3326611517644832)	(84, 0.40768684427273816)	(86, 0.49961950241118375)	(88, 0.6143602089657338)	(90, 0.7165619406196441)
SRR19077125_1 - polya	(1, 0.2298250371906987)	(2, 0.23571951182119705)	(3, 0.24065580391646868)	(4, 0.24584320591752387)	(5, 0.2504094413095355)	(6, 0.25447345688998)	(7, 0.2584119175175328)	(8, 0.26379756418104866)	(9, 0.2703462461976674)	(10, 0.2788509422172317)	(12, 0.28585558695751007)	(14, 0.29272146043406594)	(16, 0.3003670962496339)	(18, 0.3058915141768723)	(20, 0.31101944277918925)	(22, 0.3165372525510123)	(24, 0.3212026102742543)	(26, 0.32592083324081916)	(28, 0.3302855198926624)	(30, 0.3348286267407203)	(32, 0.3391041032944562)	(34, 0.3440635239336816)	(36, 0.34871236126838523)	(38, 0.3529878378221212)	(40, 0.35853538429331333)	(42, 0.3631842216280169)	(44, 0.36838814401761044)	(46, 0.3738828252454798)	(48, 0.37889180705032033)	(50, 0.3840626886628371)	(52, 0.38967301261047516)	(54, 0.3967536511380301)	(56, 0.402241724210484)	(58, 0.40701281242037174)	(60, 0.4125504466584409)	(62, 0.41774445681491135)	(64, 0.4238173516416244)	(66, 0.4299067668568758)	(68, 0.43563603760199027)	(70, 0.4420228198109327)	(72, 0.44833030415489095)	(74, 0.4538051609165141)	(76, 0.460106037105057)	(78, 0.46596747095847857)	(80, 0.4713465094665791)	(82, 0.47672885205238735)	(84, 0.48334361562315964)	(86, 0.4906621477456674)	(88, 0.49697954432274866)	(90, 0.5016647265122367)
SRR19077125_2 - illumina_universal_adapter	(1, 6.60815541535693e-05)	(2, 6.60815541535693e-05)	(3, 6.60815541535693e-05)	(4, 6.60815541535693e-05)	(5, 6.60815541535693e-05)	(6, 6.60815541535693e-05)	(7, 6.60815541535693e-05)	(8, 6.60815541535693e-05)	(9, 6.60815541535693e-05)	(10, 7.929786498428316e-05)	(12, 0.0001222508751841032)	(14, 0.0001718120407992802)	(16, 0.00019163650704535098)	(18, 0.00026102213890659876)	(20, 0.0003304077707678465)	(22, 0.000469179034490342)	(24, 0.0006740318523664069)	(26, 0.0009251417581499702)	(28, 0.0011366027314413918)	(30, 0.0015297879786551295)	(32, 0.001989054780022436)	(34, 0.0024747542030511705)	(36, 0.003138873822294542)	(38, 0.003885595384229875)	(40, 0.0050387185042096595)	(42, 0.00639339036435783)	(44, 0.00785709678885939)	(46, 0.00955539273060612)	(48, 0.011970673534919079)	(50, 0.014676713177507742)	(52, 0.017931229719571028)	(54, 0.02221331442872232)	(56, 0.027304898176254838)	(58, 0.03341413785775232)	(60, 0.04199152358688561)	(62, 0.05203591981822815)	(64, 0.06238759527638478)	(66, 0.07400803657428995)	(68, 0.08858232334285965)	(70, 0.10590229868651016)	(72, 0.1263314111530861)	(74, 0.15224529261440833)	(76, 0.18429815045659712)	(78, 0.22587996840773059)	(80, 0.2777407721074518)	(82, 0.34017462447174407)	(84, 0.41670036825928497)	(86, 0.5105262629242303)	(88, 0.6271866386269416)	(90, 0.7309809357359529)
SRR19077125_2 - polya	(1, 0.23073696263801793)	(2, 0.23552126715873636)	(3, 0.24051703265274618)	(4, 0.24582998960669317)	(5, 0.24994687043046054)	(6, 0.2543743345587497)	(7, 0.25903308412657633)	(8, 0.2642997839926158)	(9, 0.27172735067947695)	(10, 0.2819435589516188)	(12, 0.2916344188682397)	(14, 0.3010113914026312)	(16, 0.31015377441977754)	(18, 0.31812651392840563)	(20, 0.32638670819760185)	(22, 0.3346766391661671)	(24, 0.3427881499385177)	(26, 0.3513291908128665)	(28, 0.36005856411655307)	(30, 0.36826919722013407)	(32, 0.3755679048763958)	(34, 0.3828533962218268)	(36, 0.3891146234778775)	(38, 0.39547497306515855)	(40, 0.4019212286728392)	(42, 0.4082320170945051)	(44, 0.4146419278474013)	(46, 0.42171265414183323)	(48, 0.4282282953813752)	(50, 0.4347439366209171)	(52, 0.44112080659673647)	(54, 0.44878296280084284)	(56, 0.45628652327498065)	(58, 0.4631557008292442)	(60, 0.4699951416841386)	(62, 0.47658677671095717)	(64, 0.48335352785628266)	(66, 0.4905630254144371)	(68, 0.49815910006438985)	(70, 0.5062606986036176)	(72, 0.5139261588854316)	(74, 0.5207094304192954)	(76, 0.5286094802183545)	(78, 0.5358718430198319)	(80, 0.5429590897028022)	(82, 0.5497357530812508)	(84, 0.5563108677195308)	(86, 0.5635930549872542)	(88, 0.5703003327338415)	(90, 0.5760461238674943)
SRR19077125_2 - polyg	(1, 0.19350661502789698)	(2, 0.1982446624607079)	(3, 0.2000751215107618)	(4, 0.20109277744472676)	(5, 0.2017139440537703)	(6, 0.20245405746029027)	(7, 0.2034320644617631)	(8, 0.20422504311160594)	(9, 0.20523609089015554)	(10, 0.20658085051718067)	(12, 0.2081271588843742)	(14, 0.20953139191013753)	(16, 0.21084971891550125)	(18, 0.2119631931029889)	(20, 0.2133707302064599)	(22, 0.21466923274557756)	(24, 0.2156901927572502)	(26, 0.21693913413075266)	(28, 0.2182078999705012)	(30, 0.21927511707008135)	(32, 0.22079829689332112)	(34, 0.22184238544894752)	(36, 0.22295255555872748)	(38, 0.22432044372970633)	(40, 0.2258931847185613)	(42, 0.22704961191624878)	(44, 0.22835802668848942)	(46, 0.23028430399206598)	(48, 0.23190330206882842)	(50, 0.23344630635831426)	(52, 0.23522720424275295)	(54, 0.23728234057692899)	(56, 0.23974718254685712)	(58, 0.2415082559650497)	(60, 0.24508657212246548)	(62, 0.24768688127840846)	(64, 0.25124537296957816)	(66, 0.25814098314550316)	(68, 0.26072477191290766)	(70, 0.26249906164193104)	(72, 0.2653934337138574)	(74, 0.2671776356760037)	(76, 0.26919642715539527)	(78, 0.27237494991018196)	(80, 0.2763596676256422)	(82, 0.28204928943826446)	(84, 0.28519807549368204)	(86, 0.2876166603757027)	(88, 0.2898303924398473)	(90, 0.2916509392567781)
SRR19077126_1 - illumina_universal_adapter	(1, 0.00010005046545477538)	(2, 0.00010005046545477538)	(3, 0.00010005046545477538)	(4, 0.00010005046545477538)	(5, 0.00010005046545477538)	(6, 0.00010005046545477538)	(7, 0.00010005046545477538)	(8, 0.00010005046545477538)	(9, 0.00010005046545477538)	(10, 0.00010005046545477538)	(12, 0.00011339052751541211)	(14, 0.00014340566715184471)	(16, 0.00016675077575795897)	(18, 0.00019676591539439158)	(20, 0.00028347631878853025)	(22, 0.00038019176872814645)	(24, 0.0005369374979406279)	(26, 0.0007036882736985869)	(28, 0.0009271343132142519)	(30, 0.0011972705699421454)	(32, 0.0015407771680035409)	(34, 0.001987669247034871)	(36, 0.0024812515432784295)	(38, 0.003151589661825425)	(40, 0.0040720539440093585)	(42, 0.005262654482921185)	(44, 0.006613335766560653)	(46, 0.008207473182806742)	(48, 0.010351888159054093)	(50, 0.012856484810938637)	(52, 0.01581130855736967)	(54, 0.019860017392772916)	(56, 0.024815850448299454)	(58, 0.03072883295667668)	(60, 0.03859946957245235)	(62, 0.04823432939574721)	(64, 0.05806262011892132)	(66, 0.06979853971676647)	(68, 0.08390899036140495)	(70, 0.10107098020241409)	(72, 0.12148794518621861)	(74, 0.14676736279112518)	(76, 0.17825657928525815)	(78, 0.21855023673941137)	(80, 0.2687855754442541)	(82, 0.33048002745918376)	(84, 0.4048675485248092)	(86, 0.4965337849744744)	(88, 0.6104679200188575)	(90, 0.7107785166838153)
SRR19077126_1 - polya	(1, 0.23283744320635327)	(2, 0.23885381119570046)	(3, 0.24411646567862164)	(4, 0.24931241985123964)	(5, 0.2535879097416737)	(6, 0.25773666904253173)	(7, 0.26203216902605675)	(8, 0.26738153391237207)	(9, 0.2742983560908122)	(10, 0.283449638664409)	(12, 0.290866713170123)	(14, 0.29809369179147294)	(16, 0.3064012154397345)	(18, 0.31202405159829283)	(20, 0.31723334583297147)	(22, 0.32263607096752933)	(24, 0.32737846303008566)	(26, 0.3322142355270665)	(28, 0.33654308566574315)	(30, 0.3411454070766628)	(32, 0.3454375720446726)	(34, 0.3497964373229857)	(36, 0.3543087133149961)	(38, 0.3588576744776732)	(40, 0.3641703541933218)	(42, 0.3688827311162417)	(44, 0.37418874080085995)	(46, 0.37999833782826725)	(48, 0.3852409822180975)	(50, 0.39012344493229056)	(52, 0.3953093940583631)	(54, 0.40177932415777184)	(56, 0.40754223096796693)	(58, 0.4124013485735538)	(60, 0.41795081439077875)	(62, 0.4230233729893358)	(64, 0.42862286403928807)	(66, 0.43481932286645386)	(68, 0.44064225995592177)	(70, 0.44708217491569413)	(72, 0.45320859841704153)	(74, 0.4586713538308723)	(76, 0.46475775714603784)	(78, 0.47067740968544536)	(80, 0.47611014995963963)	(82, 0.48136946942704567)	(84, 0.48795279005396985)	(86, 0.49494965260477386)	(88, 0.5010727410906062)	(90, 0.5057484328428593)
SRR19077126_2 - illumina_universal_adapter	(1, 9.338043442445702e-05)	(2, 0.00010005046545477538)	(3, 0.00010005046545477538)	(4, 0.00010672049648509375)	(5, 0.00010672049648509375)	(6, 0.00010672049648509375)	(7, 0.00010672049648509375)	(8, 0.00010672049648509375)	(9, 0.00010672049648509375)	(10, 0.00010672049648509375)	(12, 0.00012006055854573046)	(14, 0.00015007569818216307)	(16, 0.00018676086884891405)	(18, 0.00022344603951566502)	(20, 0.0002934813653340078)	(22, 0.00041020690836457907)	(24, 0.0005936327616983339)	(26, 0.0007837286460624072)	(28, 0.0010538649027903007)	(30, 0.001374026392245582)	(32, 0.0017909033316404793)	(34, 0.0022978256899446746)	(36, 0.0028714483585520535)	(38, 0.0035718016167354816)	(40, 0.0046456766126167365)	(42, 0.005973012787650091)	(44, 0.007383724350562424)	(46, 0.009114597402930039)	(48, 0.011359062844632166)	(50, 0.01402374024124435)	(52, 0.017141979747918184)	(54, 0.021317419172897478)	(56, 0.02646334811278809)	(58, 0.03247304607110493)	(60, 0.04061048392809333)	(62, 0.05051881502363125)	(64, 0.06057722181735134)	(66, 0.07259995274950018)	(68, 0.0870505749766849)	(70, 0.1045594064312706)	(72, 0.12533988810622745)	(74, 0.1510228425884683)	(76, 0.18307901172017832)	(78, 0.22416640286693942)	(80, 0.2754489364435421)	(82, 0.33821726345435305)	(84, 0.41399548598979996)	(86, 0.5071424693281958)	(88, 0.6226640717577947)	(90, 0.725039043026636)
SRR19077126_2 - polya	(1, 0.2331709447578692)	(2, 0.23784663651012236)	(3, 0.24294921024831592)	(4, 0.24809180417269136)	(5, 0.2521338429770643)	(6, 0.25640266283646806)	(7, 0.2609849741542968)	(8, 0.26646773966121845)	(9, 0.2737047233291139)	(10, 0.2838131553555614)	(12, 0.2934947053960684)	(14, 0.303499751941546)	(16, 0.3125943392513851)	(18, 0.32107861872195)	(20, 0.3295795732700908)	(22, 0.3382139284388379)	(24, 0.3465214520870994)	(26, 0.35555267410215047)	(28, 0.3639002179365939)	(30, 0.371424012938793)	(32, 0.3786543265756581)	(34, 0.386048055972766)	(36, 0.39311161883387313)	(38, 0.3994614883747362)	(40, 0.4060814941723272)	(42, 0.4125680993493118)	(44, 0.4192314603485998)	(46, 0.4264917891251014)	(48, 0.4329517141779647)	(50, 0.439495014618707)	(52, 0.44657191754187475)	(54, 0.45398232201655847)	(56, 0.4609925246294231)	(58, 0.46754583011671086)	(60, 0.47440929204690846)	(62, 0.48112267827892385)	(64, 0.4881062007676672)	(66, 0.4951030633184712)	(68, 0.5023900722190939)	(70, 0.5106275605415371)	(72, 0.5188417037553743)	(74, 0.5258152211975721)	(76, 0.5339493240390454)	(78, 0.5419166761047606)	(80, 0.5490502742916861)	(82, 0.5556169198410346)	(84, 0.5629139337882028)	(86, 0.5706645098454327)	(88, 0.5781616247235105)	(90, 0.5839945668595239)
SRR19077126_2 - polyg	(1, 0.1959321615156018)	(2, 0.20104140528482567)	(3, 0.20287566381816322)	(4, 0.20404958927949923)	(5, 0.20466990216531886)	(6, 0.20545696582689643)	(7, 0.20631739982980749)	(8, 0.20695105277768774)	(9, 0.20783816690472007)	(10, 0.20924220843660207)	(12, 0.2109564064113939)	(14, 0.21232376277260917)	(16, 0.21345766804776328)	(18, 0.2147149688969783)	(20, 0.2161290154754058)	(22, 0.21789323868292498)	(24, 0.21891708844607888)	(26, 0.22022441452802127)	(28, 0.22152507057893334)	(30, 0.22255225535760237)	(32, 0.2238895965791812)	(34, 0.22510020721118398)	(36, 0.2263741831379748)	(38, 0.22767483918888687)	(40, 0.22908888576731437)	(42, 0.23041955695786287)	(44, 0.23219378521192757)	(46, 0.2344716008087813)	(48, 0.23627250918696724)	(50, 0.23788665669630427)	(52, 0.240081096905279)	(54, 0.24235891250213273)	(56, 0.24491686940225982)	(58, 0.2468011531683248)	(60, 0.25137012442409284)	(62, 0.2546684547685853)	(64, 0.25919073580714114)	(66, 0.2685854745133446)	(68, 0.2720839057887465)	(70, 0.2741516154081452)	(72, 0.2774732908612437)	(74, 0.2791574736963991)	(76, 0.28121184325373716)	(78, 0.2845435237533812)	(80, 0.2887689884110879)	(82, 0.29433179429037337)	(84, 0.2973132981609257)	(86, 0.29985791499899217)	(88, 0.3020490201924517)	(90, 0.3037598831517284)
SRR19077127_1 - illumina_universal_adapter	(1, 0.00013941778574999659)	(2, 0.00013941778574999659)	(3, 0.00013941778574999659)	(4, 0.00013941778574999659)	(5, 0.00014638867503749642)	(6, 0.00014638867503749642)	(7, 0.00014638867503749642)	(8, 0.00014638867503749642)	(9, 0.00014638867503749642)	(10, 0.00014638867503749642)	(12, 0.00016033045361249607)	(14, 0.00018821401076249538)	(16, 0.00020564123398124497)	(18, 0.00023003934648749437)	(20, 0.0002997482393624927)	(22, 0.00041825335724998973)	(24, 0.0005472148090687366)	(26, 0.0006936034841062331)	(28, 0.000857419382362479)	(30, 0.0010735169502749738)	(32, 0.0013418961878437171)	(34, 0.0016486153164937097)	(36, 0.001958819889787452)	(38, 0.0024711802524186896)	(40, 0.0031926672936749218)	(42, 0.0040849411224749)	(44, 0.005085263735231126)	(46, 0.006305169360543595)	(48, 0.008075775239568553)	(50, 0.010062478686506005)	(52, 0.012760212840768437)	(54, 0.0162839973755996)	(56, 0.020801133633899488)	(58, 0.02686232186938059)	(60, 0.03526224346081788)	(62, 0.04558264505096138)	(64, 0.05610868787508612)	(66, 0.06802542311206708)	(68, 0.08229134803893548)	(70, 0.10025184428817879)	(72, 0.12292466169577199)	(74, 0.1522407365943525)	(76, 0.18922130426453912)	(78, 0.23759230503050044)	(80, 0.2999190261500364)	(82, 0.37544512613545333)	(84, 0.4697298891935322)	(86, 0.585300262690992)	(88, 0.7311974900337196)	(90, 0.859120279348629)
SRR19077127_1 - polya	(1, 0.17442559175182074)	(2, 0.1795840498245706)	(3, 0.1836968745041955)	(4, 0.1877399902909454)	(5, 0.1914485033918953)	(6, 0.19457843268198274)	(7, 0.19784777975782014)	(8, 0.20242765401970755)	(9, 0.2082204630176199)	(10, 0.21520877952833847)	(12, 0.22111312275485084)	(14, 0.22725099077249444)	(16, 0.23479349298156926)	(18, 0.23979162060070663)	(20, 0.24439589297510028)	(22, 0.2490419906852189)	(24, 0.25301888302373754)	(26, 0.2571770184837312)	(28, 0.2611992216026186)	(30, 0.265528143850156)	(32, 0.26923317150646214)	(34, 0.27328674362714334)	(36, 0.2772043834067182)	(38, 0.28082576039157436)	(40, 0.2854404890998993)	(42, 0.2898077512385179)	(44, 0.29465600473797404)	(46, 0.29932998600524263)	(48, 0.3039272874903488)	(50, 0.3084095693022112)	(52, 0.31327873546952983)	(54, 0.31939220537466717)	(56, 0.3243729057705858)	(58, 0.328510128562717)	(60, 0.3335047707372106)	(62, 0.33822754822949175)	(64, 0.3433720645236666)	(66, 0.34884769805899773)	(68, 0.35398872890852884)	(70, 0.3600778007011599)	(72, 0.3657660463597598)	(74, 0.37091753354322216)	(76, 0.37643847785892204)	(78, 0.3815411688173719)	(80, 0.38619423741677805)	(82, 0.39102854913765916)	(84, 0.39719430071245276)	(86, 0.4036911695284026)	(88, 0.4090692106137087)	(90, 0.41347829808805237)
SRR19077127_2 - illumina_universal_adapter	(1, 0.00013244689646249675)	(2, 0.00013244689646249675)	(3, 0.00013244689646249675)	(4, 0.00013244689646249675)	(5, 0.00013244689646249675)	(6, 0.00013244689646249675)	(7, 0.00013244689646249675)	(8, 0.00013941778574999659)	(9, 0.00013941778574999659)	(10, 0.0001429032303937465)	(12, 0.00015684500896874618)	(14, 0.00018821401076249538)	(16, 0.00020215578933749506)	(18, 0.00023003934648749437)	(20, 0.00031717546258124224)	(22, 0.00046356413761873864)	(24, 0.0005925255894374855)	(26, 0.0007563414876937315)	(28, 0.0009654681663187264)	(30, 0.0012443037378187195)	(32, 0.001554508311112462)	(34, 0.0019065382201312034)	(36, 0.002248111795218695)	(38, 0.002809268382862431)	(40, 0.0036039497616374115)	(42, 0.004565932483312388)	(44, 0.005649905767518611)	(46, 0.006963918398212329)	(48, 0.008807718614756033)	(50, 0.010794422061693485)	(52, 0.013579292332049667)	(54, 0.01722506742941208)	(56, 0.02189207780739321)	(58, 0.02816587816614306)	(60, 0.03669824665404285)	(62, 0.04722080403352384)	(64, 0.057938546313054826)	(66, 0.07013411712153578)	(68, 0.08470676117705417)	(70, 0.10315173423177873)	(72, 0.1264310190073844)	(74, 0.1565138917275899)	(76, 0.1942891407765515)	(78, 0.24360121159632528)	(80, 0.3074336448019612)	(82, 0.38467458355210304)	(84, 0.4809739336142695)	(86, 0.5985554086711729)	(88, 0.7469865542699067)	(90, 0.8770354648175035)
SRR19077127_2 - polya	(1, 0.14338422175458398)	(2, 0.1466605397197089)	(3, 0.15029237303849632)	(4, 0.15455855728244622)	(5, 0.15803006014762114)	(6, 0.16145973767707106)	(7, 0.16468725941718346)	(8, 0.16918348300762084)	(9, 0.17499023378410822)	(10, 0.184080273415008)	(12, 0.19246276778322655)	(14, 0.20105787427471383)	(16, 0.20968783521263862)	(18, 0.21727216275743844)	(20, 0.22450794583786324)	(22, 0.23185874859153183)	(24, 0.23966614459353164)	(26, 0.24780814328133144)	(28, 0.255716617178)	(30, 0.26293845847984976)	(32, 0.2695921723047684)	(34, 0.276259827908262)	(36, 0.2823558705901806)	(38, 0.2880545725827117)	(40, 0.29404953736996153)	(42, 0.2995669962410177)	(44, 0.30531797990320503)	(46, 0.31171028537984236)	(48, 0.31727305503126724)	(50, 0.3228567373505546)	(52, 0.3286600026823982)	(54, 0.3350557936036793)	(56, 0.34123897240169165)	(58, 0.34665883882272275)	(60, 0.3527200270582038)	(62, 0.3586173993954287)	(64, 0.3646193350719661)	(66, 0.3707188631985284)	(68, 0.37756427647885327)	(70, 0.38498827357004056)	(72, 0.39172563806640914)	(74, 0.39753238884289654)	(76, 0.4038480145373714)	(78, 0.4101984946782837)	(80, 0.4156845845475461)	(82, 0.42135191753828344)	(84, 0.42730505698980825)	(86, 0.43374267324681437)	(88, 0.44021862939490175)	(90, 0.4455931850355641)
SRR19077127_2 - polyg	(1, 0.20315959739489503)	(2, 0.2078858603318199)	(3, 0.21022110824313234)	(4, 0.21162225698991982)	(5, 0.2124378510365573)	(6, 0.21351833887611976)	(7, 0.21473824450143225)	(8, 0.21555383854806973)	(9, 0.2167876859519572)	(10, 0.2188336419578384)	(12, 0.22108523919770084)	(14, 0.22320787498574451)	(16, 0.2247972377432945)	(18, 0.22640054227941944)	(20, 0.2282408570513194)	(22, 0.23008117182321935)	(24, 0.2313812426753381)	(26, 0.23274753697568806)	(28, 0.23414171483318802)	(30, 0.23529191156562548)	(32, 0.23693007054818793)	(34, 0.23806632550205042)	(36, 0.23919909501126912)	(38, 0.24058281653483787)	(40, 0.24214778117988156)	(42, 0.24342345391949405)	(44, 0.24508601101456273)	(46, 0.2472609284722627)	(48, 0.2491744375816814)	(50, 0.2507707712285189)	(52, 0.252719134784375)	(54, 0.2551101498099875)	(56, 0.2580135251982312)	(58, 0.26000022864516864)	(60, 0.26424201477661224)	(62, 0.2669746033773122)	(64, 0.2706622038103996)	(66, 0.27797815211763066)	(68, 0.28088849839516183)	(70, 0.2832795134207743)	(72, 0.2872877747610867)	(74, 0.2895289156670179)	(76, 0.29213602826054286)	(78, 0.29661831007240524)	(80, 0.3023867209578114)	(82, 0.3108981767778486)	(84, 0.3149831179003235)	(86, 0.3175309779349047)	(88, 0.3193852344853797)	(90, 0.3211906948108421)
SRR19077128_1 - illumina_universal_adapter	(1, 0.00011986630253634276)	(2, 0.00011986630253634276)	(3, 0.00011986630253634276)	(4, 0.0001269172615090688)	(5, 0.0001269172615090688)	(6, 0.0001269172615090688)	(7, 0.00013396822048179484)	(8, 0.00013396822048179484)	(9, 0.00013396822048179484)	(10, 0.00013396822048179484)	(12, 0.000155121097399973)	(14, 0.0001727484948317881)	(16, 0.00021505424866814435)	(18, 0.00026793644096358973)	(20, 0.0003313950717181241)	(22, 0.0004477358947681038)	(24, 0.0005887550742226247)	(26, 0.000800283843404406)	(28, 0.0009941852151543723)	(30, 0.0012303923407406946)	(32, 0.0014630739868406544)	(34, 0.00173806138677697)	(36, 0.0020976602943859985)	(38, 0.0026229567378540887)	(40, 0.0033703583889630497)	(42, 0.0042235244246629005)	(44, 0.005210658680844547)	(46, 0.006455152939530694)	(48, 0.008242571039116747)	(50, 0.010368435169393649)	(52, 0.013061901496974997)	(54, 0.01648161659874713)	(56, 0.020955450066941807)	(58, 0.02684300080916805)	(60, 0.03487756855858938)	(62, 0.04492518509472399)	(64, 0.05483178245140409)	(66, 0.06673027571787929)	(68, 0.08156196791700852)	(70, 0.09939031767954633)	(72, 0.12246105543830595)	(74, 0.15148280257004634)	(76, 0.18854969388966716)	(78, 0.23622122750426794)	(80, 0.2963447546647029)	(82, 0.3696641515425947)	(84, 0.4615346214777287)	(86, 0.5765710171177542)	(88, 0.7203717998870154)	(90, 0.847927173183116)
SRR19077128_1 - polya	(1, 0.1739683107340697)	(2, 0.1786501474919598)	(3, 0.1827467546551136)	(4, 0.18721706264382193)	(5, 0.19119380350443943)	(6, 0.19442314271394795)	(7, 0.19766658384140193)	(8, 0.20239072635312838)	(9, 0.20811610503898192)	(10, 0.21553018839880336)	(12, 0.22175265969223412)	(14, 0.22746041098065584)	(16, 0.23439150365084555)	(18, 0.23955985657785372)	(20, 0.24423464237677112)	(22, 0.24911038050641116)	(24, 0.25316820739521495)	(26, 0.25747634332755065)	(28, 0.26133674336511814)	(30, 0.2655038601179992)	(32, 0.2692725976889213)	(34, 0.2735208004699887)	(36, 0.2778042580459198)	(38, 0.28177042246807815)	(40, 0.2865544981310728)	(42, 0.2909155162557039)	(44, 0.2956431842469167)	(46, 0.30058943196628396)	(48, 0.30530299803955135)	(50, 0.30976978054877335)	(52, 0.3142964962092634)	(54, 0.3197151581798034)	(56, 0.3247988995991389)	(58, 0.3293961248493562)	(60, 0.3343987802405054)	(62, 0.3391546520676091)	(64, 0.34441114198177636)	(66, 0.3500025524471482)	(68, 0.35518853277158813)	(70, 0.3613404944752916)	(72, 0.36716811206624966)	(74, 0.37234704143171693)	(76, 0.3779490283355478)	(78, 0.38312090674204236)	(80, 0.38800017035116874)	(82, 0.3929605199884816)	(84, 0.3989326822383805)	(86, 0.4054195644932885)	(88, 0.4106619524895103)	(90, 0.4151957191089731)
SRR19077128_1 - polyg	(1, 0.0)	(2, 0.0)	(3, 3.525479486363022e-05)	(4, 7.050958972726045e-05)	(5, 9.871342561816463e-05)	(6, 0.00015512109739997297)	(7, 0.00021152876918178134)	(8, 0.000317293153772672)	(9, 0.00045126137425446683)	(10, 0.0005922805537089877)	(12, 0.000789707404945317)	(14, 0.0010118126125861875)	(16, 0.0013114783689270443)	(18, 0.001716908509858792)	(20, 0.002291561666135964)	(22, 0.003144727701835816)	(24, 0.0039837918195902156)	(26, 0.0049215693629627785)	(28, 0.005947483893494419)	(30, 0.007474016511089607)	(32, 0.009233230774784756)	(34, 0.011136989697420788)	(36, 0.01260006368426144)	(38, 0.014133647260829357)	(40, 0.015624925083560915)	(42, 0.0174475979780106)	(44, 0.019390137174996623)	(46, 0.021318574454037197)	(48, 0.023074263238245983)	(50, 0.024664254486595705)	(52, 0.02625777121443179)	(54, 0.028140377260149646)	(56, 0.030453091803203786)	(58, 0.033061946623112425)	(60, 0.03569195431993924)	(62, 0.038388946127006954)	(64, 0.041068310536642845)	(66, 0.04386401576932872)	(68, 0.04684657141479184)	(70, 0.050234557201186705)	(72, 0.05389400490803152)	(74, 0.05749704494309453)	(76, 0.06120937484223479)	(78, 0.06545052666432952)	(80, 0.07074579685284677)	(82, 0.07606221991828221)	(84, 0.08249621998089472)	(86, 0.08918405456652537)	(88, 0.09722919875440579)	(90, 0.10374075936571829)
SRR19077128_2 - illumina_universal_adapter	(1, 0.00011281534356361671)	(2, 0.00011281534356361671)	(3, 0.00011281534356361671)	(4, 0.00013396822048179484)	(5, 0.00013396822048179484)	(6, 0.00013396822048179484)	(7, 0.0001410191794545209)	(8, 0.0001410191794545209)	(9, 0.00014807013842724694)	(10, 0.00014807013842724694)	(12, 0.00016569753585906206)	(14, 0.0001903758922636032)	(16, 0.00022563068712723341)	(18, 0.0002714619204499527)	(20, 0.0003349205512044871)	(22, 0.0004583123332271929)	(24, 0.000627535348572618)	(26, 0.0008743189126180296)	(28, 0.0011281534356361671)	(30, 0.00143487015094975)	(32, 0.001759214263695148)	(34, 0.002080032896954183)	(36, 0.0024678356404541158)	(38, 0.0030636416736494667)	(40, 0.003856874558081146)	(42, 0.0047840756629946215)	(44, 0.005862872385821706)	(46, 0.007241334864989648)	(48, 0.009197975979921124)	(50, 0.011507165043488905)	(52, 0.0142535135633657)	(54, 0.017817773324078717)	(56, 0.022443202410186998)	(58, 0.028489399729299585)	(60, 0.03671434337098452)	(62, 0.046994641553219085)	(64, 0.05713392055599914)	(66, 0.06929682478395158)	(68, 0.08438235150609893)	(70, 0.10257735113521849)	(72, 0.12611345218617803)	(74, 0.155597037130632)	(76, 0.19337960078598448)	(78, 0.24199596290293057)	(80, 0.30332872952718803)	(82, 0.3781605571047296)	(84, 0.47207580514195413)	(86, 0.5893579312147927)	(88, 0.7357182120911536)	(90, 0.865505213902122)
SRR19077128_2 - polya	(1, 0.14438953784348393)	(2, 0.147837456781147)	(3, 0.1516872803802554)	(4, 0.15594605959978192)	(5, 0.1594292333323086)	(6, 0.16282779555716254)	(7, 0.16664941532038005)	(8, 0.17110562139114294)	(9, 0.17722585377946912)	(10, 0.18692797332594016)	(12, 0.1958756402623295)	(14, 0.20458357459364618)	(16, 0.21302004700451288)	(18, 0.22030016214385256)	(20, 0.2280914718087148)	(22, 0.2356148450326135)	(24, 0.24299367359757132)	(26, 0.2511199038136381)	(28, 0.2586714808734277)	(30, 0.2657048124487219)	(32, 0.27219522018311626)	(34, 0.27867152599956513)	(36, 0.2848305386622413)	(38, 0.2905136115942585)	(40, 0.29594637548274394)	(42, 0.301696432525002)	(44, 0.30760866162363276)	(46, 0.31382760743757715)	(48, 0.31935908475168073)	(50, 0.32506683604010245)	(52, 0.3306688229439333)	(54, 0.337240316706514)	(56, 0.34340285484867655)	(58, 0.34895901051918465)	(60, 0.35546704565101084)	(62, 0.361587278039337)	(64, 0.36799307426605865)	(66, 0.37424727487486664)	(68, 0.38122772425786544)	(70, 0.3883703456972369)	(72, 0.3956046296032538)	(74, 0.40178832062233455)	(76, 0.4088392795950606)	(78, 0.41595722267802754)	(80, 0.4220245728740583)	(82, 0.42752432087278464)	(84, 0.4336974354534063)	(86, 0.44008912976218245)	(88, 0.4459872569428678)	(90, 0.4514305972698123)
SRR19077128_2 - polyg	(1, 0.19880178823601083)	(2, 0.20425217952192806)	(3, 0.2065930979008731)	(4, 0.20807379928514558)	(5, 0.2088635066900909)	(6, 0.209864742864218)	(7, 0.21107750780752688)	(8, 0.21202233630987216)	(9, 0.2134113752274992)	(10, 0.21513886017581707)	(12, 0.21714133252407125)	(14, 0.2190732952825982)	(16, 0.22073379612067517)	(18, 0.22232731284851126)	(20, 0.22401249204299278)	(22, 0.2260255408297061)	(24, 0.22756617536524673)	(26, 0.22896226524184649)	(28, 0.2305522564901962)	(30, 0.23174739403607328)	(32, 0.2335453885741184)	(34, 0.23478283187383184)	(36, 0.23602027517354526)	(38, 0.2375009765578177)	(40, 0.2393624297266174)	(42, 0.24069858645194897)	(44, 0.2423379344131078)	(46, 0.24479519361510282)	(48, 0.24685054815565244)	(50, 0.24852162543218853)	(52, 0.25074972846756993)	(54, 0.2530659684901104)	(56, 0.25601679482019635)	(58, 0.25816028634790505)	(60, 0.26285975050322696)	(62, 0.2664698414972627)	(64, 0.27147602236789814)	(66, 0.28133678849125554)	(68, 0.2850949496237185)	(70, 0.2877284828000317)	(72, 0.29187797215548095)	(74, 0.29408492231394423)	(76, 0.2965844872697756)	(78, 0.30101248950464754)	(80, 0.30689651476738744)	(82, 0.3153012578628769)	(84, 0.31934850831322165)	(86, 0.32229580916382117)	(88, 0.32455564151457983)	(90, 0.32648760427310675)
SRR19077129_1 - illumina_universal_adapter	(1, 0.00039347192400163714)	(2, 0.00039347192400163714)	(3, 0.00039347192400163714)	(4, 0.00039347192400163714)	(5, 0.00039347192400163714)	(6, 0.0003958566023289198)	(7, 0.0003958566023289198)	(8, 0.0003958566023289198)	(9, 0.00040062595898348506)	(10, 0.00041016467229261565)	(12, 0.0004542812213473447)	(14, 0.0005305909278203895)	(16, 0.0006212087042571301)	(18, 0.0007249422114939254)	(20, 0.0008394067712034926)	(22, 0.0009669870617131143)	(24, 0.0011589536670593677)	(26, 0.0013795364123330126)	(28, 0.001682390559897909)	(30, 0.002005514473244708)	(32, 0.0024550263379374874)	(34, 0.0029510394300122783)	(36, 0.0035281315852146796)	(38, 0.004154109646126375)	(40, 0.005209329805948947)	(42, 0.006599597270754732)	(44, 0.008098367599451877)	(46, 0.009840375117531852)	(48, 0.012625679403797987)	(50, 0.016622400280323708)	(52, 0.021696995760781185)	(54, 0.02784946584517042)	(56, 0.03543035824760196)	(58, 0.045060881672332936)	(60, 0.059374913331847044)	(62, 0.07792532603977878)	(64, 0.0986338726339013)	(66, 0.12153393861079659)	(68, 0.15061986016866305)	(70, 0.18806050224616427)	(72, 0.2426624819059551)	(74, 0.3130927639630845)	(76, 0.39600683706353856)	(78, 0.49679288188781245)	(80, 0.6339452712031468)	(82, 0.8107942082935917)	(84, 1.0350243190688155)	(86, 1.286591189848844)	(88, 1.568710559358018)	(90, 1.8056831987750765)
SRR19077129_1 - polya	(1, 0.18830373943554712)	(2, 0.1990395612649736)	(3, 0.20667530126893266)	(4, 0.215190987575659)	(5, 0.22102868012084692)	(6, 0.22470585410151675)	(7, 0.2281612529977493)	(8, 0.23358401151399005)	(9, 0.2391570047648496)	(10, 0.24566121490251303)	(12, 0.2500263685806039)	(14, 0.25359265501905515)	(16, 0.2571494027441972)	(18, 0.25954600446311626)	(20, 0.26166002180025233)	(22, 0.263838425452225)	(24, 0.2657914770022695)	(26, 0.26815230854627936)	(28, 0.27047260055872535)	(30, 0.2727511607004439)	(32, 0.2748461006109617)	(34, 0.27745732337933626)	(36, 0.27956180200316316)	(38, 0.2817676294558996)	(40, 0.2850060226243495)	(42, 0.28741931709155955)	(44, 0.2900269628424431)	(46, 0.2928468449644548)	(48, 0.29510632767955514)	(50, 0.29742065799618295)	(52, 0.29988760772575684)	(54, 0.3033573146919531)	(56, 0.30609134839418267)	(58, 0.30859526063782944)	(60, 0.3113269096617317)	(62, 0.3139500558217426)	(64, 0.3168247855452819)	(66, 0.3198974435699855)	(68, 0.3226863248737426)	(70, 0.32586152406651947)	(72, 0.3288733727938774)	(74, 0.33150725000636116)	(76, 0.33469318025161077)	(78, 0.3373747510306401)	(80, 0.33971769748719527)	(82, 0.34215841575516903)	(84, 0.34530261412969127)	(86, 0.34871747349436)	(88, 0.35123211679047955)	(90, 0.3534951765230708)
SRR19077129_2 - illumina_universal_adapter	(1, 0.0002813920426193526)	(2, 0.0002813920426193526)	(3, 0.0002813920426193526)	(4, 0.00028377672094663525)	(5, 0.00028377672094663525)	(6, 0.0002861613992739179)	(7, 0.0002861613992739179)	(8, 0.0002861613992739179)	(9, 0.00029093075592848323)	(10, 0.00029689245174668985)	(12, 0.0003433936791287015)	(14, 0.00041612636811082227)	(16, 0.0005079364837112043)	(18, 0.0006152470084389235)	(20, 0.000730903907312132)	(22, 0.0008644458936399604)	(24, 0.0010599895164771376)	(26, 0.0012948803317144786)	(28, 0.0016215812625522013)	(30, 0.001982860029135523)	(32, 0.002459795694592053)	(34, 0.0029689245174668983)	(36, 0.003551978368487506)	(38, 0.004200610873508386)	(40, 0.005270139103294654)	(42, 0.006686638029700548)	(44, 0.008188985375888618)	(46, 0.009966763068877832)	(48, 0.012831954079107935)	(50, 0.01690617700127034)	(52, 0.022020119674127984)	(54, 0.028204782915935533)	(56, 0.035856023329021915)	(58, 0.04562724277506257)	(60, 0.060074816420904495)	(62, 0.07884461953494623)	(64, 0.09979521097928795)	(66, 0.12292778309309328)	(68, 0.1522950966935791)	(70, 0.19014948046086388)	(72, 0.24550978782873056)	(74, 0.31692255735670044)	(76, 0.40085608044206783)	(78, 0.50296442939882)	(80, 0.641873134302198)	(82, 0.8210197089609796)	(84, 1.0473566830383578)	(86, 1.3014095809745783)	(88, 1.5855451960094697)	(90, 1.8241429937065716)
SRR19077129_2 - polya	(1, 0.2772546257215172)	(2, 0.28993872974433366)	(3, 0.297653164133093)	(4, 0.3062260827196741)	(5, 0.313430195946395)	(6, 0.319892674213331)	(7, 0.3279099627496552)	(8, 0.33937788082555753)	(9, 0.3557367741507165)	(10, 0.37827913837851934)	(12, 0.3973470262834714)	(14, 0.41893313450203395)	(16, 0.4403511228985231)	(18, 0.4567362476852822)	(20, 0.4719922272840729)	(22, 0.4857899760857304)	(24, 0.49803649163549035)	(26, 0.5102841995244141)	(28, 0.5210498298329316)	(30, 0.5306410060652624)	(32, 0.5392628105575528)	(34, 0.5478762686756977)	(36, 0.5548872229579087)	(38, 0.5614438960187724)	(40, 0.5692417941489867)	(42, 0.5753418013101756)	(44, 0.5811389543237998)	(46, 0.5878542084934277)	(48, 0.5937181325002158)	(50, 0.5998002545739501)	(52, 0.6061613840119766)	(54, 0.6138388558866631)	(56, 0.6201880619330531)	(58, 0.6256573216766759)	(60, 0.631019270895571)	(62, 0.6363335265479204)	(64, 0.6412471562412863)	(66, 0.646091630263161)	(68, 0.650905103466781)	(70, 0.6561621268392757)	(72, 0.6614119961767884)	(74, 0.6660251564009166)	(76, 0.671322719304975)	(78, 0.6766393596356517)	(80, 0.6810223984011972)	(82, 0.6856486743561255)	(84, 0.6910082388966933)	(86, 0.6972274799742464)	(88, 0.7026597772037964)	(90, 0.7066612674369765)
SRR19077129_2 - polyg	(1, 0.42648064140788355)	(2, 0.42926833037247697)	(3, 0.43038674450797254)	(4, 0.43085414146011997)	(5, 0.43137638601379485)	(6, 0.4320870201553251)	(7, 0.43255680178579975)	(8, 0.4332793593189664)	(9, 0.43390652971904176)	(10, 0.4346898965495541)	(12, 0.43554718840821216)	(14, 0.436701372718617)	(16, 0.4379628675537495)	(18, 0.4392064773014274)	(20, 0.440447702370778)	(22, 0.4415064995480915)	(24, 0.4422159413504581)	(26, 0.4425331035679867)	(28, 0.44288126660377)	(30, 0.4431924671254803)	(32, 0.44350724466468167)	(34, 0.44383752261301035)	(36, 0.4441332227255934)	(38, 0.444433692194831)	(40, 0.44481047137054164)	(42, 0.44510855616145195)	(44, 0.4454114103090169)	(46, 0.44574764995316374)	(48, 0.4461947771395292)	(50, 0.4469852980050234)	(52, 0.44782470477622693)	(54, 0.4495237880844158)	(56, 0.4509462487066399)	(58, 0.4524998666368646)	(60, 0.45293983978824814)	(62, 0.4532748870932314)	(64, 0.45389967281497945)	(66, 0.4546651545580372)	(68, 0.45538175039538564)	(70, 0.4562211571665891)	(72, 0.45763527141466775)	(74, 0.4584567930984166)	(76, 0.4595310906848574)	(78, 0.4612468667413373)	(80, 0.4636816233134929)	(82, 0.46787269547369215)	(84, 0.47017271772035624)	(86, 0.4723260822498925)	(88, 0.47410862929953623)	(90, 0.47587209892256177)
SRR19077130_1 - illumina_universal_adapter	(1, 0.0003161312660360279)	(2, 0.0003161312660360279)	(3, 0.0003233160675368467)	(4, 0.0003305008690376655)	(5, 0.0003328958028712718)	(6, 0.00033768567053848433)	(7, 0.00033768567053848433)	(8, 0.00033768567053848433)	(9, 0.0003400806043720906)	(10, 0.00035205527354012197)	(12, 0.00038917674796101916)	(14, 0.0004370754246331446)	(16, 0.0005137133073085453)	(18, 0.00060711572681919)	(20, 0.0007460218891683537)	(22, 0.0008765457830998955)	(24, 0.001065745555954791)	(26, 0.0013076338731490245)	(28, 0.00157706392942973)	(30, 0.0018896027947153484)	(32, 0.0022799770095931707)	(34, 0.0026835233605558275)	(36, 0.003252320146037317)	(38, 0.003936073755531908)	(40, 0.004916799160393676)	(42, 0.006348969592890228)	(44, 0.007769165356218746)	(46, 0.009475555712663215)	(48, 0.012276430831065749)	(50, 0.015932297328065725)	(52, 0.02097123811397332)	(54, 0.02691666135590089)	(56, 0.03413259699655659)	(58, 0.04348361614987228)	(60, 0.05724251102394031)	(62, 0.0754547853615992)	(64, 0.09612426181253814)	(66, 0.11855521209809447)	(68, 0.14679986426473007)	(70, 0.18317771173029251)	(72, 0.23592133954780345)	(74, 0.30435657384310266)	(76, 0.3859292176826491)	(78, 0.4844244639904574)	(80, 0.6189239480857858)	(82, 0.791980669435258)	(84, 1.0108452902201177)	(86, 1.2578791227558543)	(88, 1.5337120346407063)	(90, 1.7657224472382305)
SRR19077130_1 - polya	(1, 0.18876389489717915)	(2, 0.19973987665659668)	(3, 0.20740366492413675)	(4, 0.21598710778378163)	(5, 0.2221899864128219)	(6, 0.2259380578624157)	(7, 0.22936041831063905)	(8, 0.23455023992806384)	(9, 0.2400657725468591)	(10, 0.24654646350059767)	(12, 0.2510968377844496)	(14, 0.2547778510867025)	(16, 0.2584504821205377)	(18, 0.2608993019654)	(20, 0.26314215750057235)	(22, 0.2655598432055979)	(24, 0.26761589390174884)	(26, 0.2699317949188461)	(28, 0.2721818352555192)	(30, 0.27458634882445987)	(32, 0.2767190374032863)	(34, 0.27937980889242287)	(36, 0.28166936563735046)	(38, 0.2837912770139256)	(40, 0.28705676929604773)	(42, 0.2894696651334061)	(44, 0.29208493287970416)	(46, 0.29475767903800876)	(48, 0.29706280285285475)	(50, 0.29926374704593894)	(52, 0.30176405796822386)	(54, 0.3053349043141308)	(56, 0.30816930850620383)	(58, 0.31061932581798307)	(60, 0.31355910709873475)	(62, 0.3161659925766152)	(64, 0.3190267410408579)	(66, 0.3221521296937141)	(68, 0.3249781516173695)	(70, 0.3281861654874851)	(72, 0.3314157337621031)	(74, 0.33406812298282207)	(76, 0.33712645348833725)	(78, 0.33987823246315085)	(80, 0.34213665506824165)	(82, 0.34462978118902576)	(84, 0.3478306102576405)	(86, 0.35126494537503195)	(88, 0.35387183085291235)	(90, 0.3562775418887698)
SRR19077130_2 - illumina_universal_adapter	(1, 0.0002538629863622648)	(2, 0.0002538629863622648)	(3, 0.00025865285402947735)	(4, 0.00026583765553029617)	(5, 0.00026823258936390244)	(6, 0.00027541739086472125)	(7, 0.00027541739086472125)	(8, 0.00027541739086472125)	(9, 0.0002778123246983275)	(10, 0.00029218192769996516)	(12, 0.0003305008690376655)	(14, 0.0003819919464602004)	(16, 0.00045743236221879795)	(18, 0.0005436499802286237)	(20, 0.0006837536094945907)	(22, 0.0008118825695925262)	(24, 0.0009974899416970123)	(26, 0.0012525503949760803)	(28, 0.0015219804512567859)	(30, 0.0018417041180432232)	(32, 0.0022440530020890765)	(34, 0.002667956290637387)	(36, 0.0032331606753684674)	(38, 0.003918111751779861)	(40, 0.004925181428811298)	(42, 0.006366931596642274)	(44, 0.00782424883439169)	(46, 0.009564168264506647)	(48, 0.012446471133251796)	(50, 0.016145446439256684)	(52, 0.021223903633418785)	(54, 0.02726033436102339)	(56, 0.034493034538514336)	(58, 0.04389674223616936)	(60, 0.05779933314025377)	(62, 0.07615889590867944)	(64, 0.09694811905129869)	(66, 0.11957545391121074)	(68, 0.14805241465970614)	(70, 0.1848493755461497)	(72, 0.23798337757853844)	(74, 0.3071490666930876)	(76, 0.3898054180923408)	(78, 0.48964062988005186)	(80, 0.62574711457773)	(82, 0.8006491324459959)	(84, 1.0214249104300732)	(86, 1.2704920417905416)	(88, 1.5480109870942522)	(90, 1.7816655217685475)
SRR19077130_2 - polya	(1, 0.27731896832860464)	(2, 0.2900456467203884)	(3, 0.29794174356978825)	(4, 0.30642220427458805)	(5, 0.31405246346845767)	(6, 0.3206696656507118)	(7, 0.3285873169046141)	(8, 0.3406050948816504)	(9, 0.357645049107759)	(10, 0.38032866491276085)	(12, 0.39954681146053433)	(14, 0.42099583887431213)	(16, 0.44224728424681736)	(18, 0.4587471808934478)	(20, 0.47401488408268777)	(22, 0.48774863215150294)	(24, 0.4998873542871363)	(26, 0.5116931806198984)	(28, 0.522700296519153)	(30, 0.532523117637689)	(32, 0.5408371304410532)	(34, 0.5498301069862447)	(36, 0.5568496580525447)	(38, 0.5632908325980288)	(40, 0.5711749547782606)	(42, 0.5771371425570234)	(44, 0.5831831530199625)	(46, 0.5901823471486769)	(48, 0.5960894514492667)	(50, 0.6020803784340327)	(52, 0.6084449150968414)	(54, 0.6162260551222283)	(56, 0.6223846274753467)	(58, 0.6278678284873882)	(60, 0.6332025436017463)	(62, 0.6384558309657615)	(64, 0.6433175466479824)	(66, 0.64806430550619)	(68, 0.6529379958575787)	(70, 0.6583158197809417)	(72, 0.6639834306981709)	(74, 0.6688223945089724)	(76, 0.674146332421079)	(78, 0.6795133791421908)	(80, 0.6841463786433021)	(82, 0.6887745882767462)	(84, 0.6940973287219361)	(86, 0.7003241566893125)	(88, 0.7058899829186134)	(90, 0.7101266208702629)
SRR19077130_2 - polyg	(1, 0.4280776582202859)	(2, 0.43094199908527897)	(3, 0.43192392195705753)	(4, 0.4324484124666173)	(5, 0.4330926496678574)	(6, 0.43386860822994583)	(7, 0.43436196459966875)	(8, 0.4350852346174178)	(9, 0.43575342115699395)	(10, 0.4366766681498492)	(12, 0.4376394315509589)	(14, 0.4388093567286756)	(16, 0.4400044287116451)	(18, 0.44132882712162935)	(20, 0.4425550332444358)	(22, 0.44360161932972175)	(24, 0.44433087668205484)	(26, 0.44470807876084784)	(28, 0.44507450363738954)	(30, 0.4454529031830994)	(32, 0.44579897112205547)	(34, 0.4461941352046005)	(36, 0.4465150563383038)	(38, 0.44685992681034303)	(40, 0.4472778427643074)	(42, 0.44768498151602043)	(44, 0.44805499879331256)	(46, 0.4485124311555314)	(48, 0.44899261538916946)	(50, 0.4497709688850915)	(52, 0.450655896936609)	(54, 0.4522305659322051)	(56, 0.4536327996917816)	(58, 0.4552026788197105)	(60, 0.4556780731856813)	(62, 0.4560947916727288)	(64, 0.4568216540912283)	(66, 0.4576179695909024)	(68, 0.45837357121540523)	(70, 0.4592573018000059)	(72, 0.4608116138580164)	(74, 0.4617659949907085)	(76, 0.462967054308262)	(78, 0.46478241415413557)	(80, 0.46730308201400617)	(82, 0.47153014023032125)	(84, 0.47393225886542834)	(86, 0.47618589160285185)	(88, 0.4781473424125754)	(90, 0.47997587439453376)
SRR19077131_1 - illumina_universal_adapter	(1, 0.00018775038693343135)	(2, 0.00019043253531819467)	(3, 0.00019311468370295797)	(4, 0.00019847898047248457)	(5, 0.00019847898047248457)	(6, 0.00019847898047248457)	(7, 0.00019847898047248457)	(8, 0.0002011611288572479)	(9, 0.00020652542562677449)	(10, 0.0002373701320515525)	(12, 0.0002655326900915672)	(14, 0.00030576491586301676)	(16, 0.0003755007738668627)	(18, 0.0004492598544478536)	(20, 0.0005552047156460042)	(22, 0.0006477388349203382)	(24, 0.000725521138078474)	(26, 0.0009079072282423788)	(28, 0.0011399130635244047)	(30, 0.0015033441696598324)	(32, 0.00205318458853631)	(34, 0.0026378929364147107)	(36, 0.0034023052260722525)	(38, 0.004434932354206125)	(40, 0.005963756933521209)	(42, 0.00803437548655848)	(44, 0.010617284381085543)	(46, 0.014247572219862677)	(48, 0.019957866131023752)	(50, 0.02784204130803549)	(52, 0.038083824915254166)	(54, 0.051738642342084154)	(56, 0.07018780000667854)	(58, 0.09413804400842249)	(60, 0.12678247199937667)	(62, 0.16478315031470317)	(64, 0.2044481017027753)	(66, 0.25002584920505816)	(68, 0.3039397138871853)	(70, 0.367219640728906)	(72, 0.4418195748285202)	(74, 0.5297712435874862)	(76, 0.6325364178754997)	(78, 0.7548732289271313)	(80, 0.8959595982624506)	(82, 1.0578876016215732)	(84, 1.2420452507936142)	(86, 1.4518133938175675)	(88, 1.6964186211370191)	(90, 1.8967590125885294)
SRR19077131_1 - polya	(1, 0.19207669227805457)	(2, 0.19874987745934566)	(3, 0.20532382315040054)	(4, 0.21080613444885674)	(5, 0.2161650669216138)	(6, 0.22059061175647326)	(7, 0.22475867034639543)	(8, 0.22975014849043995)	(9, 0.2351627239308923)	(10, 0.24224895996343696)	(12, 0.25006876357921437)	(14, 0.2568572811410503)	(16, 0.263444637574029)	(18, 0.268543401653464)	(20, 0.27353085657493137)	(22, 0.2782366859159986)	(24, 0.2829653135183363)	(26, 0.2878843736559922)	(28, 0.2926934657098728)	(30, 0.29749853454117625)	(32, 0.30213328695004726)	(34, 0.30697992908131455)	(36, 0.31190167136735525)	(38, 0.3167563599437768)	(40, 0.32202409937145193)	(42, 0.32741521762482617)	(44, 0.33280499480400805)	(46, 0.33841202600235576)	(48, 0.34394395704593006)	(50, 0.34972935111186454)	(52, 0.3557145652324638)	(54, 0.3623166734815587)	(56, 0.36835553056985326)	(58, 0.37422004801313824)	(60, 0.3804359268948272)	(62, 0.3869897564729963)	(64, 0.39410147291519626)	(66, 0.40137277718628955)	(68, 0.40828199142543986)	(70, 0.41574104608346657)	(72, 0.4224263009324891)	(74, 0.42882724805272676)	(76, 0.4359175073078485)	(78, 0.4432813456982162)	(80, 0.45005108822135875)	(82, 0.4569240934573148)	(84, 0.4645159144603873)	(86, 0.47224586610527514)	(88, 0.47951582930217607)	(90, 0.4853588895583829)
SRR19077131_2 - illumina_universal_adapter	(1, 0.000158246754701035)	(2, 0.0001609289030857983)	(3, 0.0001609289030857983)	(4, 0.00016897534824008822)	(5, 0.00017165749662485154)	(6, 0.00017165749662485154)	(7, 0.00018238609016390476)	(8, 0.00018506823854866805)	(9, 0.00018775038693343135)	(10, 0.00021859509335820938)	(12, 0.0002467576513982241)	(14, 0.0002843077287849104)	(16, 0.00033258639971064984)	(18, 0.00041573299963831227)	(20, 0.0005337475285678977)	(22, 0.0006276227220346134)	(24, 0.0007094282477698942)	(26, 0.0009052250798576155)	(28, 0.0011519827312558395)	(30, 0.0015395531728541372)	(32, 0.0020893935917306147)	(34, 0.0026808073105709235)	(36, 0.003462653564729427)	(38, 0.0045153968057490244)	(40, 0.006071042868911742)	(42, 0.008173847202566172)	(44, 0.010821127658327554)	(46, 0.014514445984146626)	(48, 0.020307886495235364)	(50, 0.028257774307673802)	(52, 0.03863902963090017)	(54, 0.05248025637047121)	(56, 0.07114264483165428)	(58, 0.09536780904283645)	(60, 0.12824558394326505)	(62, 0.1664916788357974)	(64, 0.20638997713334395)	(66, 0.2522238698063717)	(68, 0.3065977229364858)	(70, 0.37043553664223716)	(72, 0.44568723279934885)	(74, 0.5343885620318561)	(76, 0.6380173880997635)	(78, 0.7613801209085671)	(80, 0.9038518198846166)	(82, 1.0673086478230545)	(84, 1.252477466936151)	(86, 1.4634244141752077)	(88, 1.7097314646447916)	(90, 1.9116503004207352)
SRR19077131_2 - polya	(1, 0.15883682734568294)	(2, 0.16500308648225376)	(3, 0.1715797143216934)	(4, 0.17815634216113302)	(5, 0.18456935894910206)	(6, 0.19079462535013772)	(7, 0.19780844337629375)	(8, 0.20531577670524626)	(9, 0.2143894846909005)	(10, 0.22886772167185282)	(12, 0.24381399354594635)	(14, 0.2585081434718721)	(16, 0.2730239305302111)	(18, 0.2858647159222655)	(20, 0.2980148481052432)	(22, 0.3102722662236115)	(24, 0.32183500791032615)	(26, 0.333542585609818)	(28, 0.3447646944516676)	(30, 0.35496490475892245)	(32, 0.36431487402820734)	(34, 0.3735843788459493)	(36, 0.38232952365447004)	(38, 0.3906173621633887)	(40, 0.39938262308479516)	(42, 0.407481370132588)	(44, 0.4156096208126132)	(46, 0.4241857902728938)	(48, 0.43242535011088673)	(50, 0.4412737576322209)	(52, 0.45029382265017986)	(54, 0.45989323171924773)	(56, 0.4693048904013822)	(58, 0.4779789582777067)	(60, 0.48680456753777035)	(62, 0.49568650191391406)	(64, 0.5042961982290042)	(66, 0.5132773720953843)	(68, 0.5220198347555202)	(70, 0.5326411423591828)	(72, 0.5432557445918836)	(74, 0.5524890404064313)	(76, 0.5625041824751376)	(78, 0.5718903607476167)	(80, 0.5805402892884783)	(82, 0.5890158781843304)	(84, 0.5980721522054837)	(86, 0.6076729023487439)	(88, 0.6170389645083374)	(90, 0.6244256011599756)
SRR19077131_2 - polyg	(1, 0.4013969165217524)	(2, 0.40474155555755226)	(3, 0.40616845849824634)	(4, 0.4072788679295384)	(5, 0.40791453709672726)	(6, 0.4089069319990897)	(7, 0.4099449234239931)	(8, 0.4110231470746679)	(9, 0.41233739978320194)	(10, 0.41413175705260863)	(12, 0.4162090809766078)	(14, 0.41775399844623146)	(16, 0.41884563283883014)	(18, 0.4197964544412287)	(20, 0.4207311831533187)	(22, 0.421572036671942)	(24, 0.42230292210679)	(26, 0.42301503250294464)	(28, 0.4237164143055603)	(30, 0.42429441728247674)	(32, 0.42503334916247903)	(34, 0.4255630734684698)	(36, 0.42615180503892536)	(38, 0.42670835082876374)	(40, 0.42729440025083454)	(42, 0.4277128153988576)	(44, 0.42813793591784255)	(46, 0.4285845136239057)	(48, 0.42900829306869825)	(50, 0.42947901011022427)	(52, 0.4299752075614054)	(54, 0.43055186946412954)	(56, 0.43111243847654507)	(58, 0.431628752040612)	(60, 0.43209544585956083)	(62, 0.43257420934624113)	(64, 0.4331750105844281)	(66, 0.43378385826776933)	(68, 0.43431894687052963)	(70, 0.43497339107641186)	(72, 0.4358732518595)	(74, 0.43657597473630794)	(76, 0.43732965843242644)	(78, 0.4382268370671297)	(80, 0.4392272784146465)	(82, 0.44057103475541287)	(84, 0.4415701350287372)	(86, 0.44247267796021006)	(88, 0.443368515520721)	(90, 0.44416109036841855)
SRR19077132_1 - illumina_universal_adapter	(1, 0.0001318171030700526)	(2, 0.0001318171030700526)	(3, 0.0001318171030700526)	(4, 0.0001318171030700526)	(5, 0.00013719739299127926)	(6, 0.00013719739299127926)	(7, 0.00013988753795189256)	(8, 0.00014257768291250588)	(9, 0.00014257768291250588)	(10, 0.00015468333523526584)	(12, 0.00017620449492017237)	(14, 0.0001977256546050789)	(16, 0.0002582539162188786)	(18, 0.00033223290263574486)	(20, 0.00039679638169046454)	(22, 0.0004909514553119306)	(24, 0.0006442897180668897)	(26, 0.0008325998653098221)	(28, 0.0010545368245604208)	(30, 0.0013827345097552459)	(32, 0.0018158478484139899)	(34, 0.0023875036525443202)	(36, 0.003077525834941637)	(38, 0.004141478166864204)	(40, 0.005676205866894102)	(42, 0.0075969693687720115)	(44, 0.010077283022457492)	(46, 0.013621549008065538)	(48, 0.018892888058387337)	(50, 0.026366110758971134)	(52, 0.03641380218686188)	(54, 0.049586096986505)	(56, 0.06715677879675089)	(58, 0.09080987836294349)	(60, 0.1222186658505843)	(62, 0.1593493916694496)	(64, 0.19831210620649264)	(66, 0.24214398312224572)	(68, 0.29444174622904895)	(70, 0.35485567668202256)	(72, 0.427278414239174)	(74, 0.5139683355949383)	(76, 0.6147088840799857)	(78, 0.7344364756970421)	(80, 0.8736165055242934)	(82, 1.030610675280726)	(84, 1.2102652811128851)	(86, 1.415754694074294)	(88, 1.6550767151328563)	(90, 1.8510752966732216)
SRR19077132_1 - polya	(1, 0.19485796007706513)	(2, 0.20149185754993756)	(3, 0.20813920574761308)	(4, 0.21354370697348524)	(5, 0.2187303064575477)	(6, 0.2229054114364196)	(7, 0.22714238974938555)	(8, 0.23216758053581124)	(9, 0.23746178581829824)	(10, 0.24462833199337214)	(12, 0.2522105055648608)	(14, 0.25913628376595976)	(16, 0.2657486600791473)	(18, 0.2710563160864374)	(20, 0.27598197150932036)	(22, 0.28079060562641667)	(24, 0.2855131551047734)	(26, 0.2903433103815546)	(28, 0.2950577894250294)	(30, 0.2997265360041738)	(32, 0.30438048678603485)	(34, 0.3094810016313577)	(36, 0.3144281782139256)	(38, 0.31961612277046836)	(40, 0.32495875066224644)	(42, 0.3302260544951273)	(44, 0.3357529573167074)	(46, 0.3414345434735227)	(48, 0.3470434957164015)	(50, 0.3527627439026654)	(52, 0.35862725991680244)	(54, 0.36547771405900426)	(56, 0.3714700119587704)	(58, 0.3772982110159392)	(60, 0.38352320645479837)	(62, 0.3898504274021609)	(64, 0.39685421980711766)	(66, 0.4042063859844739)	(68, 0.4110070724449043)	(70, 0.4182247313742299)	(72, 0.4250953616036363)	(74, 0.43160551240832057)	(76, 0.4387101852493003)	(78, 0.445818893307721)	(80, 0.4526693474499228)	(82, 0.45964354826031284)	(84, 0.46715712313530583)	(86, 0.47466666279285796)	(88, 0.48174039896679066)	(90, 0.48732783004998453)
SRR19077132_2 - illumina_universal_adapter	(1, 0.00011836637826698602)	(2, 0.00011836637826698602)	(3, 0.00011836637826698602)	(4, 0.00012374666818821265)	(5, 0.0001291269581094393)	(6, 0.0001318171030700526)	(7, 0.00013719739299127926)	(8, 0.00013988753795189256)	(9, 0.00014257768291250588)	(10, 0.0001560284077155725)	(12, 0.000181584784841399)	(14, 0.00020714116196722553)	(16, 0.0002622891336597986)	(18, 0.00035106391736003807)	(20, 0.00041831754137537105)	(22, 0.0005124726149968372)	(24, 0.000671191167673023)	(26, 0.0008648816048371819)	(28, 0.0010989242164105408)	(30, 0.0014486430612902722)	(32, 0.0018965521972323894)	(34, 0.0024735882912839463)	(36, 0.003178406270964636)	(38, 0.0042638797625721096)	(40, 0.005814748332365689)	(42, 0.007751652704007277)	(44, 0.010281734039464105)	(46, 0.01388249306924503)	(48, 0.019264128062951975)	(50, 0.026865132649164906)	(52, 0.03699621857083467)	(54, 0.0502129007623279)	(56, 0.06790463909580138)	(58, 0.09170704170730803)	(60, 0.1233512168790025)	(62, 0.16085587284739308)	(64, 0.20011988362002475)	(66, 0.2444440570635701)	(68, 0.2971170953923789)	(70, 0.3580233223731447)	(72, 0.4310674834161978)	(74, 0.5184635678241231)	(76, 0.6199560118256621)	(78, 0.7406345696862953)	(80, 0.8806512345962972)	(82, 1.0388707653822893)	(84, 1.219633710938221)	(86, 1.4263794215962362)	(88, 1.6672496210796317)	(90, 1.8643377113290451)
SRR19077132_2 - polya	(1, 0.1575079874439098)	(2, 0.1635473628804867)	(3, 0.1704502748494205)	(4, 0.1773182149338663)	(5, 0.18367233733083493)	(6, 0.1898246988557576)	(7, 0.19678410386886425)	(8, 0.20427615758417234)	(9, 0.21346031247970623)	(10, 0.22806510947087594)	(12, 0.24305863240885428)	(14, 0.25797952143289604)	(16, 0.2726354311783174)	(18, 0.2859960361252034)	(20, 0.2984446819304416)	(22, 0.3107090528058777)	(24, 0.32246498628375786)	(26, 0.334409229908881)	(28, 0.34549800743652914)	(30, 0.3559572910433937)	(32, 0.36557993956750756)	(34, 0.37503310895910275)	(36, 0.38367788979003364)	(38, 0.3921020787341942)	(40, 0.4007293736228812)	(42, 0.4087877028523984)	(44, 0.41690925048849)	(46, 0.4256966090023334)	(48, 0.4339607343213375)	(50, 0.4426283813844336)	(52, 0.4519214871508723)	(54, 0.4617378261121503)	(56, 0.47125959420024116)	(58, 0.48030655170278375)	(60, 0.48925935413170485)	(62, 0.49807630424011495)	(64, 0.5066982188388807)	(66, 0.515441189960874)	(68, 0.5244693164486922)	(70, 0.5350066142594146)	(72, 0.5453434962705713)	(74, 0.554605665369963)	(76, 0.5644838776653351)	(78, 0.5737904341565769)	(80, 0.5823679613634924)	(82, 0.5908580588591881)	(84, 0.5998108612881092)	(86, 0.609406608362617)	(88, 0.6185140941267733)	(90, 0.6259294787107039)
SRR19077132_2 - polyg	(1, 0.3959705071875562)	(2, 0.39935201940304715)	(3, 0.40074013420272364)	(4, 0.40182964291177203)	(5, 0.4025371510364133)	(6, 0.4035782371361707)	(7, 0.40466505570025846)	(8, 0.4058002968736373)	(9, 0.40706466500512556)	(10, 0.4090015693767671)	(12, 0.4110420443293923)	(14, 0.41260501855150866)	(16, 0.4137039427679192)	(18, 0.4146939161134249)	(20, 0.41568926974885184)	(22, 0.41672228541372736)	(24, 0.41750511759726583)	(26, 0.4182677736935997)	(28, 0.41898335225312283)	(30, 0.41964781805839435)	(32, 0.42027462183421727)	(34, 0.42084896778330816)	(36, 0.42142331373239916)	(38, 0.4220272512760568)	(40, 0.4226406043270766)	(42, 0.4231544220145538)	(44, 0.42361174665785806)	(46, 0.4241443953600595)	(48, 0.42467435391730035)	(50, 0.4251868265322971)	(52, 0.42570064421977427)	(54, 0.4263261029231169)	(56, 0.4269555968439004)	(58, 0.42752456250307014)	(60, 0.42801282381342143)	(62, 0.42855892324042594)	(64, 0.42927046658250817)	(66, 0.42998335499707074)	(68, 0.4306276447151376)	(70, 0.43142796284092005)	(72, 0.43233319662016645)	(74, 0.43320076836996424)	(76, 0.43408851620696665)	(78, 0.4350731092625511)	(80, 0.4362016250735284)	(82, 0.43767582451194453)	(84, 0.43872363597410335)	(86, 0.43974858120409704)	(88, 0.44083270962322424)	(90, 0.44181057731640716)
SRR19077133_1 - illumina_universal_adapter	(1, 0.00048770408919436104)	(2, 0.00048770408919436104)	(3, 0.0004906244729619919)	(4, 0.0004935448567296228)	(5, 0.0004935448567296228)	(6, 0.0004964652404972537)	(7, 0.0004964652404972537)	(8, 0.0005023060080325155)	(9, 0.0005023060080325155)	(10, 0.0005154477349868546)	(12, 0.0005723952184556573)	(14, 0.0006454048126464298)	(16, 0.000765140547119297)	(18, 0.0008571326357996704)	(20, 0.0009651868352020139)	(22, 0.0010542585401147565)	(24, 0.001207578687915379)	(26, 0.001430988046139143)	(28, 0.001588688769591212)	(30, 0.0017814340982548517)	(32, 0.002017985183432955)	(34, 0.002267677995565397)	(36, 0.002556795988560857)	(38, 0.0030138360481950935)	(40, 0.0035979128017212744)	(42, 0.004345531046234786)	(44, 0.005209964641453534)	(46, 0.006362056037783925)	(48, 0.008033975744752618)	(50, 0.010650639600549908)	(52, 0.013681997951350788)	(54, 0.018050892067726622)	(56, 0.0241063078099093)	(58, 0.03199134398251274)	(60, 0.0440262454889197)	(62, 0.05904285882207781)	(64, 0.07449606952849674)	(66, 0.09428312974607993)	(68, 0.11888006202895121)	(70, 0.1476151781105555)	(72, 0.1846383433246963)	(74, 0.23167550447804347)	(76, 0.29065411485723336)	(78, 0.3685991576153022)	(80, 0.4681112344973253)	(82, 0.5886281716280336)	(84, 0.734986124526624)	(86, 0.909300911232745)	(88, 1.124229474995309)	(90, 1.3102944257904932)
SRR19077133_1 - polya	(1, 0.760400764264432)	(2, 0.7681514627837244)	(3, 0.7765475661156632)	(4, 0.7829286046479368)	(5, 0.7889329136741859)	(6, 0.794145798699407)	(7, 0.799463817540263)	(8, 0.806782299261946)	(9, 0.8152718548744491)	(10, 0.8267168388597945)	(12, 0.8375631441727758)	(14, 0.8458701757998018)	(16, 0.8538574254042723)	(18, 0.8598047869470528)	(20, 0.865420684932207)	(22, 0.8712672932350041)	(24, 0.8765502674706483)	(26, 0.8816930632854463)	(28, 0.8868782046648751)	(30, 0.8922371088784777)	(32, 0.8976617217268521)	(34, 0.9038105897495989)	(36, 0.9096279942147197)	(38, 0.9151445991517746)	(40, 0.9215197969165128)	(42, 0.9276613639798406)	(44, 0.9345315667931924)	(46, 0.9412192456210671)	(48, 0.9481566172610743)	(50, 0.9548092514837374)	(52, 0.9617407823562094)	(54, 0.9695571895102735)	(56, 0.9770800980956909)	(58, 0.9840379124220714)	(60, 0.992238350041579)	(62, 1.0003351140373358)	(64, 1.007951474903317)	(66, 1.016306692862509)	(68, 1.0245158916333197)	(70, 1.0332507594823035)	(72, 1.041721332600317)	(74, 1.0498808848470778)	(76, 1.0582813687546682)	(78, 1.0663430881452132)	(80, 1.0744486132922728)	(82, 1.0820226285936234)	(84, 1.0909064360147567)	(86, 1.1006736595255981)	(88, 1.1093822439206735)	(90, 1.1161794371398346)
SRR19077133_2 - illumina_universal_adapter	(1, 0.00011389496693760527)	(2, 0.00011389496693760527)	(3, 0.00011681535070523617)	(4, 0.0001372580370786525)	(5, 0.0001372580370786525)	(6, 0.0001372580370786525)	(7, 0.0001372580370786525)	(8, 0.0001372580370786525)	(9, 0.0001372580370786525)	(10, 0.00015185995591680704)	(12, 0.0002015064799665324)	(14, 0.0002628345390867814)	(16, 0.00035044605211570853)	(18, 0.0004307566057255584)	(20, 0.0005052263918001465)	(22, 0.0005899175210614426)	(24, 0.0007242551743724642)	(26, 0.0009155403111522886)	(28, 0.0010688604589529109)	(30, 0.0012411631012431343)	(32, 0.0014806345701888685)	(34, 0.0017288671904374955)	(36, 0.0020296667185034784)	(38, 0.0024750252430671914)	(40, 0.0030591019965933723)	(42, 0.003799419281687807)	(44, 0.0046434101905331385)	(46, 0.005829086000191285)	(48, 0.007514147434114316)	(50, 0.01007240361455899)	(52, 0.013127125035500915)	(54, 0.017506240495063455)	(56, 0.02361568333694731)	(58, 0.03159563198199876)	(60, 0.04370208289071267)	(62, 0.05875082044531472)	(64, 0.07419380980854695)	(66, 0.09403051655017985)	(68, 0.11885377857504255)	(70, 0.14793203974934346)	(72, 0.18542684694195666)	(74, 0.23279693184481373)	(76, 0.29241948684476626)	(78, 0.37099387230475955)	(80, 0.4714784369814037)	(82, 0.5930540132278783)	(84, 0.7403713121941354)	(86, 0.9158396504884707)	(88, 1.1318852610421537)	(90, 1.3194323065994102)
SRR19077133_2 - polya	(1, 0.6978432235780104)	(2, 0.7049689599710298)	(3, 0.7119983236997174)	(4, 0.7181603334494185)	(5, 0.7237441072131289)	(6, 0.7294154924898681)	(7, 0.7355103334129138)	(8, 0.743278554234812)	(9, 0.7527113938042598)	(10, 0.7669190608337841)	(12, 0.781091683258097)	(14, 0.7929031754062801)	(16, 0.8041262102252857)	(18, 0.8138496279796128)	(20, 0.8233145917705046)	(22, 0.8328219011260269)	(24, 0.841445794391841)	(26, 0.8503850891045592)	(28, 0.858845440879386)	(30, 0.8668268497163212)	(32, 0.8739292230391996)	(34, 0.8811776155504595)	(36, 0.8877543197951643)	(38, 0.8939849585634048)	(40, 0.9004579891843587)	(42, 0.9065353078047986)	(44, 0.9129002842263503)	(46, 0.9202946959259917)	(48, 0.9265253346942321)	(50, 0.9329063732265057)	(52, 0.9392567477292191)	(54, 0.9459896925054921)	(56, 0.9522539156870604)	(58, 0.9582888887428697)	(60, 0.9643399239094009)	(62, 0.97053551807243)	(64, 0.9768800518076081)	(66, 0.9832158243914833)	(68, 0.9897531034553251)	(70, 0.9965006501504363)	(72, 1.002991203073996)	(74, 1.0095124200271157)	(76, 1.0164322693645171)	(78, 1.023458712709437)	(80, 1.0297331572341921)	(82, 1.0360061415670634)	(84, 1.0427741309485479)	(86, 1.0505321304272595)	(88, 1.0577045929605609)	(90, 1.0632912871080389)
SRR19077133_2 - polyg	(1, 0.4058807767928784)	(2, 0.40898514473787)	(3, 0.40955753995632566)	(4, 0.4098729414032298)	(5, 0.41024675052548654)	(6, 0.4106877284743988)	(7, 0.41104985606158506)	(8, 0.4118821654353599)	(9, 0.4124019937459982)	(10, 0.41307076162878564)	(12, 0.41396877963733214)	(14, 0.4146375475201196)	(16, 0.4150201177936793)	(18, 0.41531799693797766)	(20, 0.41560419454720543)	(22, 0.41592543676164484)	(24, 0.41617074899812584)	(26, 0.41639123797258193)	(28, 0.41667889577369366)	(30, 0.41690084494003354)	(32, 0.41716659986288795)	(34, 0.41748638188544357)	(36, 0.4178003231404639)	(38, 0.41812302554678715)	(40, 0.41851727735541727)	(42, 0.4188808651344873)	(44, 0.41912325698720065)	(46, 0.41936418864803027)	(48, 0.41964892606537424)	(50, 0.4199511857853241)	(52, 0.4202037989812241)	(54, 0.4204549519852404)	(56, 0.4207572117051902)	(58, 0.42114270236251744)	(60, 0.4214610241931892)	(62, 0.4217808062157448)	(64, 0.42217213764060735)	(66, 0.422633558275893)	(68, 0.42302050912510414)	(70, 0.4235009122548794)	(72, 0.4239915367278414)	(74, 0.42441645256603167)	(76, 0.42491145761464516)	(78, 0.4255597828110592)	(80, 0.4264023135280207)	(82, 0.42776759293938815)	(84, 0.4287634438041503)	(86, 0.4298790304033853)	(88, 0.4312340884715661)	(90, 0.43238910025166405)
SRR19077134_1 - illumina_universal_adapter	(1, 0.0004762933790810184)	(2, 0.0004762933790810184)	(3, 0.0004792334616679383)	(4, 0.0004792334616679383)	(5, 0.0004821735442548581)	(6, 0.000485113626841778)	(7, 0.000485113626841778)	(8, 0.0004939338746025376)	(9, 0.0005027541223632972)	(10, 0.0005145144527109767)	(12, 0.0005659658979820743)	(14, 0.0006526983342962105)	(16, 0.0007335506054365067)	(18, 0.0008496838676198414)	(20, 0.0009525867581620367)	(22, 0.001034909070595793)	(24, 0.0011407520437249083)	(26, 0.0012906962556578213)	(28, 0.0014244700133626753)	(30, 0.0016405660835012855)	(32, 0.0018845929382156346)	(34, 0.002156550577505722)	(36, 0.002475549538186528)	(38, 0.0029297922978656467)	(40, 0.0035016383610215612)	(42, 0.004283700329142246)	(44, 0.005162785022631285)	(46, 0.0063726290071488105)	(48, 0.00814990893094187)	(50, 0.010501975000477764)	(52, 0.01344793775257147)	(54, 0.017609624654356542)	(56, 0.023438338382925174)	(58, 0.03145741363874911)	(60, 0.04316335245857056)	(62, 0.05763443895139014)	(64, 0.07268766179641986)	(66, 0.09222598062779583)	(68, 0.1158627745853381)	(70, 0.1439817244466397)	(72, 0.18024470307370935)	(74, 0.2261452724207023)	(76, 0.28328724753878337)	(78, 0.3593060229061834)	(80, 0.4567462400018817)	(82, 0.5746729525632375)	(84, 0.7178476243397678)	(86, 0.8898821467895033)	(88, 1.1004391013343566)	(90, 1.2829256173805923)
SRR19077134_1 - polya	(1, 0.7721979910415684)	(2, 0.7801567946043604)	(3, 0.7883361043611715)	(4, 0.7948983686951766)	(5, 0.8006462301526049)	(6, 0.8056649511284772)	(7, 0.8109776803630414)	(8, 0.8182955459218849)	(9, 0.8271481345911007)	(10, 0.8389378657646493)	(12, 0.8500102167869896)	(14, 0.8584262031920477)	(16, 0.8662438827906676)	(18, 0.8722886925893749)	(20, 0.8777484259532851)	(22, 0.883469826667431)	(24, 0.8887031736721485)	(26, 0.8940100227415388)	(28, 0.8990978356582037)	(30, 0.9043238324564538)	(32, 0.9096909532188759)	(34, 0.9154740956673473)	(36, 0.9213233899740243)	(38, 0.9269433578389217)	(40, 0.9333233370525378)	(42, 0.9396783255641651)	(44, 0.9463640733668208)	(46, 0.9532056455465834)	(48, 0.9598414119452615)	(50, 0.9666418229688072)	(52, 0.9735348465938408)	(54, 0.9813069549123634)	(56, 0.9888173958806503)	(58, 0.9960220682598975)	(60, 1.0040293831853737)	(62, 1.0122660245526296)	(64, 1.0200969345228907)	(66, 1.028308585188158)	(68, 1.036330600526569)	(70, 1.0450729360987752)	(72, 1.0535227334535828)	(74, 1.061532988461646)	(76, 1.0698828230084985)	(78, 1.078076833178244)	(80, 1.0860341666997426)	(82, 1.0939238783217422)	(84, 1.1027661767019037)	(86, 1.11278744819942)	(88, 1.1213489686925306)	(90, 1.12795974438922)
SRR19077134_2 - illumina_universal_adapter	(1, 0.00010290289054219534)	(2, 0.00010290289054219534)	(3, 0.00010584297312911519)	(4, 0.00012054338606371453)	(5, 0.00012054338606371453)	(6, 0.00012054338606371453)	(7, 0.0001234834686506344)	(8, 0.00012642355123755427)	(9, 0.00013524379899831386)	(10, 0.00014553408805253337)	(12, 0.00019257540944325128)	(14, 0.000264607432822788)	(16, 0.00033663945620232474)	(18, 0.00043513222286414025)	(20, 0.0005174545352978966)	(22, 0.0006012468890251127)	(24, 0.0007070898621542279)	(26, 0.0008467437850329215)	(28, 0.000993747914378915)	(30, 0.0011980836541698456)	(32, 0.001428880137243055)	(34, 0.001693487570065843)	(36, 0.002008076406866269)	(38, 0.0024799596620669077)	(40, 0.0030532757665162813)	(42, 0.003822107362995827)	(44, 0.004708542262952167)	(46, 0.005934556701697751)	(48, 0.0077015463364365905)	(50, 0.009991870671647167)	(52, 0.012912842721752055)	(54, 0.017105400490699786)	(56, 0.023012026407821795)	(58, 0.03110754381090565)	(60, 0.042925205769030056)	(62, 0.05748596478075069)	(64, 0.07252007708896543)	(66, 0.09211131740690597)	(68, 0.11593921673259802)	(70, 0.14433159427448317)	(72, 0.18095326297715703)	(74, 0.22732130545547025)	(76, 0.28494986424168656)	(78, 0.3617183606687512)	(80, 0.45979951576839795)	(82, 0.5785435712889175)	(84, 0.7225252957355572)	(86, 0.8954697737459445)	(88, 1.107362995826553)	(90, 1.2912519312667492)
SRR19077134_2 - polya	(1, 0.6966290483099671)	(2, 0.7039939551902012)	(3, 0.7109590108386145)	(4, 0.7173125293089483)	(5, 0.7229898287842905)	(6, 0.7285877460297859)	(7, 0.734714878140927)	(8, 0.7423414523713971)	(9, 0.7521907290375787)	(10, 0.7666853361910936)	(12, 0.7807962625670155)	(14, 0.792774159026127)	(16, 0.8038656205852823)	(18, 0.813839850761408)	(20, 0.8235862245370473)	(22, 0.8329739082370824)	(24, 0.8415868801754642)	(26, 0.8503424461193115)	(28, 0.8590421504940073)	(30, 0.8671259075667436)	(32, 0.8744276026713591)	(34, 0.8818704217401467)	(36, 0.8883180228532619)	(38, 0.8943937035191318)	(40, 0.9007104709571292)	(42, 0.9069111051329433)	(44, 0.9135512816555017)	(46, 0.9207838848193246)	(48, 0.9270286202339424)	(50, 0.9335629537833718)	(52, 0.9398958916755972)	(54, 0.9468932882324664)	(56, 0.9532276961659853)	(58, 0.9590328892338587)	(60, 0.9651688415927604)	(62, 0.9712195315566414)	(64, 0.977179078960328)	(66, 0.9834914362744449)	(68, 0.9899890187915379)	(70, 0.9973348151349571)	(72, 1.004241069131632)	(74, 1.0108209739611587)	(76, 1.0177272279578333)	(78, 1.0246276017893343)	(80, 1.0307429735701277)	(82, 1.03669223068476)	(84, 1.0435323328232289)	(86, 1.0511574370124057)	(88, 1.0582518562946435)	(90, 1.0637307001953684)
SRR19077134_2 - polyg	(1, 0.4039820478557243)	(2, 0.40704267382870785)	(3, 0.4076865519152433)	(4, 0.4080217213301522)	(5, 0.4083774713231695)	(6, 0.40875968205946905)	(7, 0.40913013246542096)	(8, 0.4099033741857809)	(9, 0.41042082872107877)	(10, 0.41117348986333024)	(12, 0.41210990616726423)	(14, 0.4127728947906147)	(16, 0.41313158486621887)	(18, 0.41345352390948664)	(20, 0.41375194229205897)	(22, 0.4141106323676632)	(24, 0.4143605393875514)	(26, 0.4146060362835592)	(28, 0.41489122429449043)	(30, 0.41514260135567205)	(32, 0.415458660233766)	(34, 0.41586586167205436)	(36, 0.41613046910487717)	(38, 0.4164568182720253)	(40, 0.416797867852108)	(42, 0.41710951660632145)	(44, 0.41737118395655737)	(46, 0.41763873147196706)	(48, 0.4178871684505618)	(50, 0.418226747989351)	(52, 0.4185457469500318)	(54, 0.41888532648882104)	(56, 0.4191955052017411)	(58, 0.4195571353599322)	(60, 0.41988789465096077)	(62, 0.42023776447880423)	(64, 0.42071405785788524)	(66, 0.4212903140449215)	(68, 0.42177101754788293)	(70, 0.42230464253740885)	(72, 0.4228559080224563)	(74, 0.4233865929293954)	(76, 0.4240525216353327)	(78, 0.42478019207559536)	(80, 0.4257180784208228)	(82, 0.42721752054015194)	(84, 0.4284126641117349)	(86, 0.4298003830927611)	(88, 0.4312454336842322)	(90, 0.43257141093093304)
SRR19077135_1 - illumina_universal_adapter	(1, 0.00027113379476690084)	(2, 0.00027113379476690084)	(3, 0.0002741463924865331)	(4, 0.0002741463924865331)	(5, 0.0002741463924865331)	(6, 0.00027715899020616533)	(7, 0.0002801715879257976)	(8, 0.00028318418564542977)	(9, 0.00028920938108469425)	(10, 0.0003057786685426715)	(12, 0.0003720558183745806)	(14, 0.00048201563514115703)	(16, 0.0006326455211227687)	(18, 0.0007923132002632769)	(20, 0.0009730690634412109)	(22, 0.0011899760992547313)	(24, 0.0014234524225262297)	(26, 0.0017111555047511075)	(28, 0.0021073121048827462)	(30, 0.0026631363841548928)	(32, 0.0034825629638948596)	(34, 0.004473707613653864)	(36, 0.00582485769090892)	(38, 0.007710743863398697)	(40, 0.010705265996713134)	(42, 0.014947003585955318)	(44, 0.020179885824956504)	(46, 0.027547193548317125)	(48, 0.03991691978512707)	(50, 0.055737576709775735)	(52, 0.07727313150856674)	(54, 0.10665198447042026)	(56, 0.14584588080283561)	(58, 0.1948954905750278)	(60, 0.2622300622065278)	(62, 0.34185151363754784)	(64, 0.4213117910905676)	(66, 0.5079043936448167)	(68, 0.6117245362587826)	(70, 0.7396951684921804)	(72, 0.9015876510486371)	(74, 1.089682202271595)	(76, 1.2872167284490206)	(78, 1.5372231754081407)	(80, 1.826080082559638)	(82, 2.139007645490997)	(84, 2.499957522372153)	(86, 2.8952796329354538)	(88, 3.340226759435396)	(90, 3.6986174345537246)
SRR19077135_1 - polya	(1, 1.1509930847626904)	(2, 1.1595880260568012)	(3, 1.1694422331977183)	(4, 1.1758078521793012)	(5, 1.1821282821950896)	(6, 1.1871834211686325)	(7, 1.1927476891567932)	(8, 1.1994085427149)	(9, 1.2064098198153252)	(10, 1.2160290443341109)	(12, 1.2267569048137215)	(14, 1.2324326389175084)	(16, 1.2363008143895164)	(18, 1.2393827018567003)	(20, 1.2421181405861264)	(22, 1.244846047821253)	(24, 1.247352529123987)	(26, 1.249721937230478)	(28, 1.2517659847832485)	(30, 1.2539455992334023)	(32, 1.2563270577307715)	(34, 1.2587672618836736)	(36, 1.2609980904950615)	(38, 1.2632650702790846)	(40, 1.2658438539270898)	(42, 1.2683593730229827)	(44, 1.2715226006285967)	(46, 1.2743574550827705)	(48, 1.2768789993741025)	(50, 1.2793764428836778)	(52, 1.2821209194062626)	(54, 1.285323310782232)	(56, 1.288320845513266)	(58, 1.291112017300505)	(60, 1.29443039368868)	(62, 1.2976132031794716)	(64, 1.3006679772671785)	(66, 1.3037995725967364)	(68, 1.3068528403855835)	(70, 1.3105071214194974)	(72, 1.3137336135772237)	(74, 1.3167266294116784)	(76, 1.3200284365123953)	(78, 1.3232534223712615)	(80, 1.326556735770838)	(82, 1.3297018877901343)	(84, 1.333217589328945)	(86, 1.3369215782252328)	(88, 1.3403710026142117)	(90, 1.3430010004234507)
SRR19077135_2 - illumina_universal_adapter	(1, 0.00022895742669204962)	(2, 0.00022895742669204962)	(3, 0.00022895742669204962)	(4, 0.00023498262213131408)	(5, 0.00023498262213131408)	(6, 0.00024100781757057854)	(7, 0.00024100781757057854)	(8, 0.00024402041529021076)	(9, 0.00025004561072947525)	(10, 0.00027113379476690084)	(12, 0.0003449424388978905)	(14, 0.0004579148533840992)	(16, 0.0005859502564684691)	(18, 0.0007245297515715518)	(20, 0.0008676281432540827)	(22, 0.0010589280984507296)	(24, 0.0012803540308436983)	(26, 0.0015394374347320705)	(28, 0.0019190247474057316)	(30, 0.0024793679232573266)	(32, 0.003316870089315087)	(34, 0.0043275966242517)	(36, 0.005683265598086205)	(38, 0.00759325255233304)	(40, 0.010620913260563433)	(42, 0.014924409103058076)	(44, 0.020252188170227677)	(46, 0.02772041791719598)	(48, 0.04024228033884735)	(50, 0.056326539563963836)	(52, 0.0781287092609423)	(54, 0.10788564323660967)	(56, 0.14750431584749313)	(58, 0.19700732157648998)	(60, 0.2652848362942349)	(62, 0.3458055481445652)	(64, 0.4259843301537172)	(66, 0.5135771151508841)	(68, 0.6185480700937497)	(70, 0.7478999783815987)	(72, 0.9116467148344891)	(74, 1.1019058175190029)	(76, 1.301672678606676)	(78, 1.5544371587781192)	(80, 1.8466967950539412)	(82, 2.163301233502111)	(84, 2.52783610166963)	(86, 2.9267868861862274)	(88, 3.3758552463666263)	(90, 3.7381848930033743)
SRR19077135_2 - polya	(1, 1.1535327046403405)	(2, 1.1639412297616698)	(3, 1.1727681410801922)	(4, 1.179986325216431)	(5, 1.1863398938071354)	(6, 1.192512706534662)	(7, 1.1995591726008816)	(8, 1.2081420635041138)	(9, 1.2183216311987513)	(10, 1.23364972839624)	(12, 1.2491932263306826)	(14, 1.2627514223678873)	(16, 1.2772736496753745)	(18, 1.2873914591167592)	(20, 1.2978527046981823)	(22, 1.3065154294409846)	(24, 1.3144958008002905)	(26, 1.3221975068705303)	(28, 1.329483474455461)	(30, 1.3363371342676242)	(32, 1.3420038305782525)	(34, 1.3472532821047116)	(36, 1.3518866573975061)	(38, 1.356319694941945)	(40, 1.3610464607640478)	(42, 1.3651752259388037)	(44, 1.3688069124898203)	(46, 1.3730456374813431)	(48, 1.3767210066992943)	(50, 1.38101546474863)	(52, 1.385210507073218)	(54, 1.3893196903627962)	(56, 1.3928052659244108)	(58, 1.3962471588190906)	(60, 1.3996800139206114)	(62, 1.402920062768076)	(64, 1.4061540864201012)	(66, 1.4092841754507992)	(68, 1.412317861354469)	(70, 1.4159887116758405)	(72, 1.4200768067813816)	(74, 1.4237823019765292)	(76, 1.4276459585519574)	(78, 1.4320066937511253)	(80, 1.4357814786938246)	(82, 1.4392158400942052)	(84, 1.4427707054033712)	(86, 1.4467970422556595)	(88, 1.4509574397064717)	(90, 1.454075478346291)
SRR19077135_2 - polyg	(1, 0.404802755586983)	(2, 0.40743877859166117)	(3, 0.40795393280171827)	(4, 0.408357620896149)	(5, 0.40855946494336437)	(6, 0.40890591368112206)	(7, 0.40917403487816933)	(8, 0.40953855920224486)	(9, 0.4100024992510682)	(10, 0.41068786523228457)	(12, 0.4114259516735944)	(14, 0.4119652066654086)	(16, 0.4123463002769421)	(18, 0.4125948395888117)	(20, 0.41284789779726083)	(22, 0.4130919182125511)	(24, 0.4132877370643272)	(26, 0.4135257322841781)	(28, 0.41377427159604774)	(30, 0.41402732980449686)	(32, 0.4143481714616377)	(34, 0.4147413154640497)	(36, 0.41497629808618103)	(38, 0.4151781421333964)	(40, 0.41536944208859305)	(42, 0.41555923574492987)	(44, 0.41571438452749093)	(46, 0.41588007740207067)	(48, 0.416041251380071)	(50, 0.41625363951930505)	(52, 0.41645698986538027)	(54, 0.4167025165795303)	(56, 0.41694503069596067)	(58, 0.41717248182379296)	(60, 0.4173984266527654)	(62, 0.41764847226349483)	(64, 0.4180868052317013)	(66, 0.4185040500158703)	(68, 0.4188444735581888)	(70, 0.419236111261741)	(72, 0.41977235365583554)	(74, 0.42024231890009817)	(76, 0.42086743292692186)	(78, 0.4217923004268489)	(80, 0.4229295560660101)	(82, 0.42454129584601336)	(84, 0.42539235470180947)	(86, 0.4262901088222598)	(88, 0.42729029126517776)	(90, 0.4281744886958898)
SRR19077136_1 - illumina_universal_adapter	(1, 0.0002104096355415418)	(2, 0.0002104096355415418)	(3, 0.0002104096355415418)	(4, 0.0002104096355415418)	(5, 0.0002104096355415418)	(6, 0.0002104096355415418)	(7, 0.0002104096355415418)	(8, 0.0002104096355415418)	(9, 0.00021345905054939024)	(10, 0.00023175554059648082)	(12, 0.00033696035836725175)	(14, 0.000501628768791067)	(16, 0.0006815442542541246)	(18, 0.0008355397121504703)	(20, 0.0010032575375821342)	(22, 0.0011740247780216463)	(24, 0.001398156781098506)	(26, 0.0016878512068441071)	(28, 0.00202176215020351)	(30, 0.0025447368240495167)	(32, 0.0033589306311450477)	(34, 0.004321021066121228)	(36, 0.005496570551646799)	(38, 0.0073185960188362365)	(40, 0.01004629774335666)	(42, 0.01410811853381077)	(44, 0.019022250818958517)	(46, 0.026278333830133862)	(48, 0.03827930659352137)	(50, 0.05384047137857191)	(52, 0.07446823919916262)	(54, 0.10333857578596767)	(56, 0.14098512876536046)	(58, 0.18795374342374593)	(60, 0.25447978123496734)	(62, 0.3318403905690742)	(64, 0.40817487175304007)	(66, 0.4920993468915407)	(68, 0.5933643204721715)	(70, 0.7180289801155271)	(72, 0.8752674908727197)	(74, 1.058766038969999)	(76, 1.252147741107715)	(78, 1.4977994658949614)	(80, 1.7794693560474093)	(82, 2.0824363606146705)	(84, 2.435015822652122)	(86, 2.8228404233502857)	(88, 3.255410615166113)	(90, 3.6039877200057635)
SRR19077136_1 - polya	(1, 1.1726342447780673)	(2, 1.1820355912472642)	(3, 1.1919888818328814)	(4, 1.1982889732390962)	(5, 1.204430495064903)	(6, 1.209846256118842)	(7, 1.2154175373381808)	(8, 1.221833506514694)	(9, 1.2289111987479102)	(10, 1.238532103097672)	(12, 1.2490449613372294)	(14, 1.2546421625841353)	(16, 1.2584371595614026)	(18, 1.2612167013410565)	(20, 1.26384072295531)	(22, 1.2665043869646655)	(24, 1.268890554208307)	(26, 1.2712904438194839)	(28, 1.2733701448548365)	(30, 1.2756084154705971)	(32, 1.2779198720465463)	(34, 1.2805454183683038)	(36, 1.282815707841647)	(38, 1.2850936208525097)	(40, 1.2878350449445655)	(42, 1.2903843558911268)	(44, 1.2933926037963692)	(46, 1.2961995903110937)	(48, 1.29877024716271)	(50, 1.301383595824436)	(52, 1.3041295940390034)	(54, 1.3074824258401327)	(56, 1.3105684338280756)	(58, 1.3134791004530668)	(60, 1.3166825109188116)	(62, 1.3198889707995642)	(64, 1.3230130964751048)	(66, 1.3262607234584636)	(68, 1.329547992836924)	(70, 1.333170697866248)	(72, 1.3364046024820713)	(74, 1.3395683705527142)	(76, 1.3430889201792753)	(78, 1.3464173566603417)	(80, 1.349812880271581)	(82, 1.3529614012671844)	(84, 1.3564545061586748)	(86, 1.359991827567779)	(88, 1.3634971301193008)	(90, 1.3661592694211524)
SRR19077136_2 - illumina_universal_adapter	(1, 0.00016466841042381532)	(2, 0.00016466841042381532)	(3, 0.00016466841042381532)	(4, 0.00016771782543166376)	(5, 0.00016771782543166376)	(6, 0.00016771782543166376)	(7, 0.00016771782543166376)	(8, 0.00016771782543166376)	(9, 0.00017076724043951219)	(10, 0.0001890637304866028)	(12, 0.00029274384075344943)	(14, 0.0004543628361694164)	(16, 0.0006175065390893075)	(18, 0.0007562549219464112)	(20, 0.0009041515498270601)	(22, 0.0010550975927155573)	(24, 0.001257883690737478)	(26, 0.0015384298714595339)	(28, 0.0018753902298267856)	(30, 0.002387691951145322)	(32, 0.0032095092957604744)	(34, 0.004200569173311215)	(36, 0.0053867916113642545)	(38, 0.007204242956041921)	(40, 0.009951765878113358)	(42, 0.014068476138708739)	(44, 0.0190085284514232)	(46, 0.0264003104304478)	(48, 0.038602544584353304)	(50, 0.05432075424230805)	(52, 0.07518180231099916)	(54, 0.10443788989629701)	(56, 0.1425220339293161)	(58, 0.1900608891941692)	(60, 0.25719681000696026)	(62, 0.3353822861006902)	(64, 0.41251723872421625)	(66, 0.4974541196453225)	(68, 0.5997574190361257)	(70, 0.7256570917576599)	(72, 0.8844126864812571)	(74, 1.0699756885388498)	(76, 1.2653593316292187)	(78, 1.5138302405912207)	(80, 1.7984229950286912)	(82, 2.104701664294476)	(84, 2.4599707103688497)	(86, 2.8504406785863217)	(88, 3.286400295183373)	(90, 3.638171662243744)
SRR19077136_2 - polya	(1, 1.160067605530724)	(2, 1.1709235229586643)	(3, 1.1798857536667309)	(4, 1.186868914034704)	(5, 1.193666060087198)	(6, 1.2000332386235855)	(7, 1.2073518346424217)	(8, 1.2158749495893582)	(9, 1.22617587348587)	(10, 1.2420358809416898)	(12, 1.257850147172392)	(14, 1.2715404958501273)	(16, 1.2858010851343304)	(18, 1.2960608419282367)	(20, 1.306294678694576)	(22, 1.3148513372065986)	(24, 1.3226334443066277)	(26, 1.3303652360590275)	(28, 1.337981150041129)	(30, 1.344799641998678)	(32, 1.3502413230801835)	(34, 1.3556891029917049)	(36, 1.3603821526887836)	(38, 1.364575098324575)	(40, 1.36938707520696)	(42, 1.3735342796176337)	(44, 1.377289634199799)	(46, 1.3817768483838482)	(48, 1.3855764194836273)	(50, 1.389969101802433)	(52, 1.3942901228685542)	(54, 1.3983656660265438)	(56, 1.4018343755979712)	(58, 1.405158237956526)	(60, 1.4085461380302458)	(62, 1.4120865088543577)	(64, 1.4152518016325044)	(66, 1.418292068395329)	(68, 1.4212804951030207)	(70, 1.4251075109378704)	(72, 1.4292181223684501)	(74, 1.432921636895482)	(76, 1.4368401351805673)	(78, 1.4411398103416335)	(80, 1.4448692448962324)	(82, 1.4484065663053363)	(84, 1.4521847915000605)	(86, 1.4561932475278774)	(88, 1.4601452893780489)	(90, 1.4632983844961642)
SRR19077136_2 - polyg	(1, 0.40469091510657323)	(2, 0.4076549464942019)	(3, 0.40816114938550474)	(4, 0.40857891924158)	(5, 0.4088045759521608)	(6, 0.4091278139429927)	(7, 0.40942360719875404)	(8, 0.40981088290475076)	(9, 0.4102317021758338)	(10, 0.410994055927796)	(12, 0.4118295956399464)	(14, 0.4123952621239023)	(16, 0.4127276483597578)	(18, 0.41304021339806224)	(20, 0.4133329572388157)	(22, 0.413648571692128)	(24, 0.41390472255278726)	(26, 0.4141364780933838)	(28, 0.4144353207641529)	(30, 0.41468842220980434)	(32, 0.4149796413430539)	(34, 0.4153577688040271)	(36, 0.4156871056248747)	(38, 0.415961552975581)	(40, 0.4162299014962717)	(42, 0.4164601323293643)	(44, 0.4166522454748587)	(46, 0.41683673508283353)	(48, 0.4170425705958633)	(50, 0.41724535669388524)	(52, 0.417451192206915)	(54, 0.41776375724521947)	(56, 0.418076322283524)	(58, 0.4183324731441832)	(60, 0.41855660514726006)	(62, 0.4188097065929115)	(64, 0.4192655941365848)	(66, 0.4196604933801012)	(68, 0.4200020278609802)	(70, 0.4204853601397242)	(72, 0.4210190077660977)	(74, 0.42163041547517127)	(76, 0.42240954100967654)	(78, 0.42348293509243917)	(80, 0.4247255717081374)	(82, 0.4264210464525012)	(84, 0.4272764073622026)	(86, 0.4281210953193767)	(88, 0.4291289269794706)	(90, 0.42997056552163676)
SRR19077137_1 - illumina_universal_adapter	(1, 3.534745295498725e-05)	(2, 3.534745295498725e-05)	(3, 3.806648779767858e-05)	(4, 3.806648779767858e-05)	(5, 3.806648779767858e-05)	(6, 3.806648779767858e-05)	(7, 3.806648779767858e-05)	(8, 3.806648779767858e-05)	(9, 4.350455748306123e-05)	(10, 5.709973169651786e-05)	(12, 7.613297559535715e-05)	(14, 0.0001074018762863074)	(16, 0.00014003029439860334)	(18, 0.00019848954351646685)	(20, 0.00026782493200509566)	(22, 0.0003521150121285268)	(24, 0.00044456219678003196)	(26, 0.0005492450382236481)	(28, 0.000690634850043597)	(30, 0.0009081576374589031)	(32, 0.001199094365626875)	(34, 0.0015688831042328956)	(36, 0.001999850126799471)	(38, 0.0025790045482927235)	(40, 0.003610878271094082)	(42, 0.004977193279546474)	(44, 0.006729611235661034)	(46, 0.009175383076661882)	(48, 0.013047288692654332)	(50, 0.018363001810115874)	(52, 0.026131284355684996)	(54, 0.03738808860442709)	(56, 0.05322374752826138)	(58, 0.07534989356066205)	(60, 0.10788450497088511)	(62, 0.14678573646526993)	(64, 0.18288772158910402)	(66, 0.22261418015824563)	(68, 0.2709191936560784)	(70, 0.3273500427812942)	(72, 0.39640944923338983)	(74, 0.48157369905874625)	(76, 0.5794752676046901)	(78, 0.702772621581371)	(80, 0.8523480877952423)	(82, 1.0223367080906187)	(84, 1.221402686993736)	(86, 1.4469180773291335)	(88, 1.7119356058591504)	(90, 1.9405561339849011)
SRR19077137_1 - polya	(1, 0.4361984456039134)	(2, 0.44511144181825557)	(3, 0.45285797208508316)	(4, 0.4593754986030143)	(5, 0.46651024603023633)	(6, 0.4715051130362603)	(7, 0.4766114604708346)	(8, 0.4832404674173161)	(9, 0.49137310063180584)	(10, 0.5022601161419419)	(12, 0.5129092161033424)	(14, 0.5222844482409421)	(16, 0.5319954811816142)	(18, 0.5390595337029263)	(20, 0.5459971511040532)	(22, 0.5535166419615161)	(24, 0.560493685367862)	(26, 0.5677412727410558)	(28, 0.5747686182919916)	(30, 0.5834559346143903)	(32, 0.591549141823661)	(34, 0.5997157629736845)	(36, 0.6075846498084331)	(38, 0.6153080682790979)	(40, 0.6244616990770182)	(42, 0.63406125158914)	(44, 0.6444438861359567)	(46, 0.6547653423988131)	(48, 0.6641813600590531)	(50, 0.6741207919265113)	(52, 0.6846203449715638)	(54, 0.696448146537271)	(56, 0.7079265521256926)	(58, 0.718064473536667)	(60, 0.7291309453464208)	(62, 0.7408472664835777)	(64, 0.7530842827931101)	(66, 0.7650004529912048)	(68, 0.7762531786876828)	(70, 0.788918442984939)	(72, 0.8011078761847242)	(74, 0.8124408134090617)	(76, 0.824634325161111)	(78, 0.8365722476379472)	(80, 0.8485414390154744)	(82, 0.8605500563982207)	(84, 0.8741996113085311)	(86, 0.8890768104503167)	(88, 0.9017991744792695)	(90, 0.9116624733711323)
SRR19077137_2 - illumina_universal_adapter	(1, 3.534745295498725e-05)	(2, 3.534745295498725e-05)	(3, 3.534745295498725e-05)	(4, 3.534745295498725e-05)	(5, 3.534745295498725e-05)	(6, 3.534745295498725e-05)	(7, 3.534745295498725e-05)	(8, 3.534745295498725e-05)	(9, 4.07855226403699e-05)	(10, 5.438069685382653e-05)	(12, 7.613297559535715e-05)	(14, 0.00011012091112899873)	(16, 0.000141389811819949)	(18, 0.00019169195640973853)	(20, 0.0002583083100556761)	(22, 0.00033987935533641585)	(24, 0.0004296075051452296)	(26, 0.0005342903465888457)	(28, 0.0006688825713020664)	(30, 0.0008755292193466072)	(32, 0.0011678254649359248)	(34, 0.001538973720963291)	(36, 0.0019821764003219774)	(38, 0.0025708474437646494)	(40, 0.003614956823358119)	(42, 0.005012540732501462)	(44, 0.0067894300022002425)	(46, 0.00927598736584146)	(48, 0.013199554643845045)	(50, 0.018609074463379442)	(52, 0.026469804193600066)	(54, 0.03782177466183635)	(56, 0.053775711601327714)	(58, 0.0760364498584416)	(60, 0.10887287413620342)	(62, 0.14800794262705969)	(64, 0.1842866650156687)	(66, 0.2243448458356187)	(68, 0.2729136057131925)	(70, 0.3295850894219865)	(72, 0.39909721517539026)	(74, 0.48486373121840276)	(76, 0.5831976263043346)	(78, 0.7071706604394243)	(80, 0.8578500547994282)	(82, 1.0286652616869827)	(84, 1.2287046550637837)	(86, 1.4552695928484598)	(88, 1.7218111404078051)	(90, 1.9518482856865982)
SRR19077137_2 - polya	(1, 0.35582649468880045)	(2, 0.36447846355824426)	(3, 0.3722113986508584)	(4, 0.3794603455414735)	(5, 0.38731019913232334)	(6, 0.39399086774081593)	(7, 0.40107123447118415)	(8, 0.40875522693662986)	(9, 0.4189923931193627)	(10, 0.4343889279161023)	(12, 0.45017836324761085)	(14, 0.46539952029699694)	(16, 0.4812936384699491)	(18, 0.49508186415723676)	(20, 0.5081237147802058)	(22, 0.5209317284067032)	(24, 0.5331972945820838)	(26, 0.5453758516424982)	(28, 0.5566163416821842)	(30, 0.5676936896313087)	(32, 0.5770797979082791)	(34, 0.5866630362113447)	(36, 0.5954305640616029)	(38, 0.603603982798733)	(40, 0.6126556497900524)	(42, 0.6213851111525129)	(44, 0.6304571709051525)	(46, 0.6399751523719936)	(48, 0.6484272721804996)	(50, 0.6571145885028984)	(52, 0.666328038067358)	(54, 0.6763245696665126)	(56, 0.685706599391219)	(58, 0.6942389307275844)	(60, 0.7031546459767692)	(62, 0.7123286695360098)	(64, 0.7210703665552624)	(66, 0.7306005836788955)	(68, 0.7397555739942372)	(70, 0.7505243114887161)	(72, 0.7611108736487349)	(74, 0.7708939610127383)	(76, 0.780933997169376)	(78, 0.790578413756402)	(80, 0.7996763043400472)	(82, 0.8084818986781032)	(84, 0.8186674031988248)	(86, 0.8299418811740444)	(88, 0.8402986848898557)	(90, 0.8478304114041106)
SRR19077137_2 - polyg	(1, 0.41367939903674383)	(2, 0.41690145532533307)	(3, 0.41743982422418596)	(4, 0.4177579513007808)	(5, 0.41797819312303885)	(6, 0.4182011539801395)	(7, 0.41840780062818406)	(8, 0.4188238129591158)	(9, 0.41916641134929494)	(10, 0.4196327258248165)	(12, 0.4202213968682592)	(14, 0.4206387687166123)	(16, 0.4208549319866063)	(18, 0.42105614056496543)	(20, 0.4212192826555269)	(22, 0.42142456978615006)	(24, 0.4215713976676554)	(26, 0.42174813493243035)	(28, 0.4219071984707278)	(30, 0.4221423949846206)	(32, 0.42235855825461455)	(34, 0.422588316698822)	(36, 0.42279904189913053)	(38, 0.42300976709943916)	(40, 0.42325448023528134)	(42, 0.42347472205753933)	(44, 0.4236514593223143)	(46, 0.4238540274180948)	(48, 0.4240579550312966)	(50, 0.42427139926644786)	(52, 0.4244549341183296)	(54, 0.4246819735276943)	(56, 0.4249117319719017)	(58, 0.4251564451077439)	(60, 0.4254052367958502)	(62, 0.4256513094491138)	(64, 0.4260047839786636)	(66, 0.4263881678914831)	(68, 0.42672940676424087)	(70, 0.427036657701465)	(72, 0.4273969298181216)	(74, 0.4277504043476714)	(76, 0.4281623381263392)	(78, 0.42861369791022597)	(80, 0.42911671935612383)	(82, 0.429687716673089)	(84, 0.4301812214970375)	(86, 0.4307005571519915)	(88, 0.4313204970961252)	(90, 0.4318316756465511)
SRR19077138_1 - illumina_universal_adapter	(1, 6.542882419413975e-05)	(2, 6.542882419413975e-05)	(3, 7.088122621031807e-05)	(4, 7.088122621031807e-05)	(5, 7.088122621031807e-05)	(6, 7.088122621031807e-05)	(7, 7.088122621031807e-05)	(8, 7.088122621031807e-05)	(9, 7.088122621031807e-05)	(10, 8.860153276289757e-05)	(12, 0.00012131594485996746)	(14, 0.00017992926653388432)	(16, 0.0002562628947603807)	(18, 0.0003394120255071)	(20, 0.00041574565373359636)	(22, 0.0004948054829681819)	(24, 0.0005697760106906336)	(26, 0.0006774609505101553)	(28, 0.000820586503434836)	(30, 0.0010345932825698348)	(32, 0.0013290229914434638)	(34, 0.0016329944038454046)	(36, 0.0020446507560668674)	(38, 0.0025898909576846985)	(40, 0.0035372458079956804)	(42, 0.004728595648530642)	(44, 0.006312518434230441)	(46, 0.008785182748567306)	(48, 0.012483274416040246)	(50, 0.017803455683326235)	(52, 0.02557312855638033)	(54, 0.03683779112180473)	(56, 0.05240303577748977)	(58, 0.07410359580187945)	(60, 0.10582158143049274)	(62, 0.143440429141115)	(64, 0.17852390991421435)	(66, 0.21756174524954702)	(68, 0.26504262510693183)	(70, 0.3188769164136684)	(72, 0.3872854783096496)	(74, 0.4714841964444832)	(76, 0.5691612523633096)	(78, 0.6912909682241917)	(80, 0.8376825099565632)	(82, 1.0037217823542333)	(84, 1.1998228732681024)	(86, 1.4206996789434858)	(88, 1.681584847513082)	(90, 1.9043440949845507)
SRR19077138_1 - polya	(1, 0.43977711561990224)	(2, 0.4485936496800626)	(3, 0.45669046667408736)	(4, 0.4630506936259594)	(5, 0.47022605467925005)	(6, 0.47507324007163254)	(7, 0.48023121237893723)	(8, 0.48719938215561315)	(9, 0.49521441311939524)	(10, 0.5059760915988272)	(12, 0.5167623058873319)	(14, 0.5259509663850964)	(16, 0.5357475697076648)	(18, 0.5429542820725486)	(20, 0.5499319935527527)	(22, 0.5575939814859874)	(24, 0.5646711993029867)	(26, 0.572018311019787)	(28, 0.579110522942331)	(30, 0.5875944604795045)	(32, 0.595409115669192)	(34, 0.6034773075526318)	(36, 0.6114119155866753)	(38, 0.6192511065854357)	(40, 0.6282707426206986)	(42, 0.6376093441739081)	(44, 0.6479866283111995)	(46, 0.6585874609311542)	(48, 0.6680255688211587)	(50, 0.677634064274169)	(52, 0.687999080506924)	(54, 0.7000597937667103)	(56, 0.7114416829754826)	(58, 0.7216853832633776)	(60, 0.7325193060695239)	(62, 0.7439979754140833)	(64, 0.755911473819433)	(66, 0.7677718113051248)	(68, 0.7791577898154092)	(70, 0.7917950945884065)	(72, 0.8037903790239989)	(74, 0.8151872623383155)	(76, 0.8275028753923583)	(78, 0.8392418969331902)	(80, 0.8507914475039599)	(82, 0.8632052037942939)	(84, 0.8767626014075212)	(86, 0.8913314195947497)	(88, 0.9037001935684501)	(90, 0.9133591237401101)
SRR19077138_2 - illumina_universal_adapter	(1, 5.725022116987228e-05)	(2, 5.725022116987228e-05)	(3, 5.725022116987228e-05)	(4, 5.725022116987228e-05)	(5, 5.725022116987228e-05)	(6, 5.725022116987228e-05)	(7, 5.725022116987228e-05)	(8, 5.725022116987228e-05)	(9, 5.725022116987228e-05)	(10, 7.769672873054095e-05)	(12, 0.00011586354284378914)	(14, 0.0001812923670379289)	(16, 0.0002548997942563361)	(18, 0.0003257810204666542)	(20, 0.00040075154818910595)	(22, 0.0004648172718792012)	(24, 0.0005425140006097421)	(26, 0.0006501989404292638)	(28, 0.0007824196893215879)	(30, 0.0010127836745051216)	(32, 0.0013167550869070625)	(34, 0.001635720604853494)	(36, 0.0020501031580830455)	(38, 0.002614426766757501)	(40, 0.003578138823117018)	(42, 0.004774941065668157)	(44, 0.0063697686554003135)	(46, 0.008892867688386829)	(48, 0.012607316561908305)	(50, 0.018003831457420787)	(52, 0.025803492541563864)	(54, 0.0371335839311824)	(56, 0.05274244780299686)	(58, 0.07449616874704429)	(60, 0.10637908953664697)	(62, 0.14416968791077886)	(64, 0.17950806847813455)	(66, 0.21876127369310627)	(68, 0.2664493448271058)	(70, 0.32051672632003403)	(72, 0.3893587541763014)	(74, 0.4740141109799899)	(76, 0.5722064188893452)	(78, 0.6948541129417642)	(80, 0.8419190263231338)	(82, 1.0086003190582087)	(84, 1.2054552045508147)	(86, 1.4273025377850779)	(88, 1.689509913843597)	(90, 1.91300523558725)
SRR19077138_2 - polya	(1, 0.3530239471404891)	(2, 0.36183230259762517)	(3, 0.36953654664648516)	(4, 0.37655651424231473)	(5, 0.3845797238091211)	(6, 0.3911689516456726)	(7, 0.3983824795130765)	(8, 0.40621485500931664)	(9, 0.41674889570457313)	(10, 0.43276805282810504)	(12, 0.44877085274558837)	(14, 0.4643565439088341)	(16, 0.47994632437359197)	(18, 0.4941539209272486)	(20, 0.5073855375200093)	(22, 0.5207616427661987)	(24, 0.5327473854982627)	(26, 0.5450207424366801)	(28, 0.556363101730835)	(30, 0.567708187225998)	(32, 0.5772703372618708)	(34, 0.5864808073677)	(36, 0.5952101029956015)	(38, 0.603574087688419)	(40, 0.612805004301809)	(42, 0.6216310800654975)	(44, 0.6305539359649733)	(46, 0.6398652755081018)	(48, 0.648466439688623)	(50, 0.6573443132714655)	(52, 0.6666583790156021)	(54, 0.6766567212127691)	(56, 0.6858562865145659)	(58, 0.6944451827905508)	(60, 0.7034620926248056)	(62, 0.712919283921867)	(64, 0.7219252889520895)	(66, 0.7312516226007625)	(68, 0.7408342191441959)	(70, 0.7518126306037709)	(72, 0.7623016889823939)	(74, 0.7720424051842965)	(76, 0.7824346834271324)	(78, 0.7921822151315552)	(80, 0.8014090424434329)	(82, 0.8106290542527904)	(84, 0.8205674200277795)	(86, 0.8314067952359419)	(88, 0.841315172799842)	(90, 0.8485682305818631)
SRR19077138_2 - polyg	(1, 0.41327571562026755)	(2, 0.41655533543299883)	(3, 0.41712238524268136)	(4, 0.4174413507606278)	(5, 0.4176458158362345)	(6, 0.41789662632897867)	(7, 0.4181365320176905)	(8, 0.41858090278200905)	(9, 0.41891622550600405)	(10, 0.41939058448141153)	(12, 0.4201130277485552)	(14, 0.42057239261841817)	(16, 0.4208272924126746)	(18, 0.4210576563978581)	(20, 0.42120759745330294)	(22, 0.4214134256294137)	(24, 0.42164106341358915)	(26, 0.4218618856952444)	(28, 0.4220431780622823)	(30, 0.4222544586404092)	(32, 0.4225079953341615)	(34, 0.42276016892740975)	(36, 0.4230218842241863)	(38, 0.42328905192297905)	(40, 0.42353441001370706)	(42, 0.4237797681044351)	(44, 0.4239815069790337)	(46, 0.4241900613561525)	(48, 0.4244463242509129)	(50, 0.424754384964827)	(52, 0.4250433622716844)	(54, 0.42533642888005396)	(56, 0.4255899655738063)	(58, 0.42587485357915156)	(60, 0.42618291429306565)	(62, 0.42651960011756473)	(64, 0.4269285302687781)	(66, 0.4273565438270481)	(68, 0.4277164023601159)	(70, 0.42811170150628874)	(72, 0.428515179255486)	(74, 0.42895818691930043)	(76, 0.4294407244977322)	(78, 0.42992189897565997)	(80, 0.43043715096618884)	(82, 0.4310764451025857)	(84, 0.4316830248268856)	(86, 0.43229778315420964)	(88, 0.43302840502437756)	(90, 0.43364043715069356)
SRR19077139_1 - illumina_universal_adapter	(1, 8.706635723096067e-05)	(2, 8.706635723096067e-05)	(3, 8.706635723096067e-05)	(4, 8.987494939970134e-05)	(5, 9.268354156844201e-05)	(6, 9.268354156844201e-05)	(7, 9.549213373718268e-05)	(8, 9.830072590592335e-05)	(9, 9.830072590592335e-05)	(10, 0.00013481242409955202)	(12, 0.00024294322259606769)	(14, 0.000408650160551767)	(16, 0.0005617184337481334)	(18, 0.0007274253717038327)	(20, 0.0008987494939970133)	(22, 0.0010756908006276755)	(24, 0.0012793137328613738)	(26, 0.0014885538494325535)	(28, 0.0016907724855818815)	(30, 0.0020376336184213537)	(32, 0.0024771782928292682)	(34, 0.002984129179286959)	(36, 0.00362027530550672)	(38, 0.004594856788059731)	(40, 0.006111496559179691)	(42, 0.008091554038141862)	(44, 0.010387578136087356)	(46, 0.013745250073816825)	(48, 0.019223409098945494)	(50, 0.026760266183761074)	(52, 0.036850133549961916)	(54, 0.05131297892289198)	(56, 0.07142811603541263)	(58, 0.09924160428245146)	(60, 0.13948873006050522)	(62, 0.18608889132425038)	(64, 0.22993663226262967)	(66, 0.2792723622987282)	(68, 0.33955738890466225)	(70, 0.4101808432837307)	(72, 0.4993873477472718)	(74, 0.6063329203485789)	(76, 0.7339623699765767)	(78, 0.8927868528227769)	(80, 1.0862848102881653)	(82, 1.3008275488739272)	(84, 1.554116220723551)	(86, 1.839234667621513)	(88, 2.172026157991679)	(90, 2.454102899570895)
SRR19077139_1 - polya	(1, 1.4767409107708303)	(2, 1.4893880013066694)	(3, 1.5032287435142235)	(4, 1.512601015581311)	(5, 1.5212514794610323)	(6, 1.5292531585497744)	(7, 1.5378474505861208)	(8, 1.548848706111078)	(9, 1.560925652436663)	(10, 1.577299744780421)	(12, 1.5940024424079218)	(14, 1.6046427938391958)	(16, 1.613578329824044)	(18, 1.6209256069374698)	(20, 1.6280369623087212)	(22, 1.6347733706254457)	(24, 1.6410800643403527)	(26, 1.6474457384908034)	(28, 1.6537777095352295)	(30, 1.6605674811031599)	(32, 1.6674794264304307)	(34, 1.6745725259525852)	(36, 1.6817934164184174)	(38, 1.6889609436330437)	(40, 1.6965132479747873)	(42, 1.7043744974550925)	(44, 1.713677959014046)	(46, 1.722498342719976)	(48, 1.7309662481087291)	(50, 1.7397978661833342)	(52, 1.7493821869591617)	(54, 1.759629335486812)	(56, 1.7691027168719744)	(58, 1.7790001956746164)	(60, 1.7895815666703467)	(62, 1.7998343323823347)	(64, 1.8103005510991468)	(66, 1.8206193187271)	(68, 1.8312680959348802)	(70, 1.8427468121285233)	(72, 1.853356269045941)	(74, 1.863666610897388)	(76, 1.8742283217479374)	(78, 1.8847731810454742)	(80, 1.8952702942761426)	(82, 1.906272954097184)	(84, 1.9178022249498645)	(86, 1.93024569255347)	(88, 1.9417033443058478)	(90, 1.9506711791006366)
SRR19077139_2 - illumina_universal_adapter	(1, 7.302339638725734e-05)	(2, 7.302339638725734e-05)	(3, 7.302339638725734e-05)	(4, 9.268354156844201e-05)	(5, 9.549213373718268e-05)	(6, 9.549213373718268e-05)	(7, 9.549213373718268e-05)	(8, 9.830072590592335e-05)	(9, 9.830072590592335e-05)	(10, 0.00013200383193081135)	(12, 0.00023732603825858635)	(14, 0.0003861814232018417)	(16, 0.0005280153277232454)	(18, 0.0006796793048352413)	(20, 0.000829938985862867)	(22, 0.000985815851227974)	(24, 0.0011515227891836734)	(26, 0.0013537414253330013)	(28, 0.001579833094916625)	(30, 0.0019351200042623195)	(32, 0.002384494751260826)	(34, 0.002892849933802887)	(36, 0.003541634724781981)	(38, 0.004521833391672473)	(40, 0.0060637504923111)	(42, 0.00803959508302016)	(44, 0.010330001996628172)	(46, 0.013759293034660527)	(48, 0.01929643249533275)	(50, 0.026928781713885512)	(52, 0.03719278179454828)	(54, 0.05178622670332479)	(56, 0.0720698793459699)	(58, 0.10007294756439869)	(60, 0.1404801630960707)	(62, 0.18729799025289323)	(64, 0.2314532720337496)	(66, 0.28117658778913435)	(68, 0.342017715644479)	(70, 0.4133138278479609)	(72, 0.5032280975380246)	(74, 0.6112297007947782)	(76, 0.7397649213971949)	(78, 0.8998223762054723)	(80, 1.094793440263365)	(82, 1.3109721837874186)	(84, 1.5660302687033492)	(86, 1.8532256695100946)	(88, 2.1883173968664593)	(90, 2.472176190176741)
SRR19077139_2 - polya	(1, 1.3642652201892727)	(2, 1.3768842248034245)	(3, 1.3883067691536928)	(4, 1.3971875375912508)	(5, 1.4059868568559153)	(6, 1.4142665865693629)	(7, 1.4237708624683811)	(8, 1.4349209733782817)	(9, 1.4484527704472743)	(10, 1.4689597061673343)	(12, 1.4895860070545657)	(14, 1.5055528535338563)	(16, 1.52014208555438)	(18, 1.5328242834923282)	(20, 1.5446063276401953)	(22, 1.5556103917573214)	(24, 1.5659993741894929)	(26, 1.576601809626489)	(28, 1.586555460272506)	(30, 1.5957957285076627)	(32, 1.6040810754054475)	(34, 1.6122681215773267)	(36, 1.6194103714624344)	(38, 1.6261411625948212)	(40, 1.6332974554407724)	(42, 1.6403484260803958)	(44, 1.647629701277856)	(46, 1.6554151187696053)	(48, 1.662619157682425)	(50, 1.6700689484100097)	(52, 1.677454141517713)	(54, 1.6851440668757252)	(56, 1.6925559416090317)	(58, 1.699913048795048)	(60, 1.7074035641090792)	(62, 1.7147382025577456)	(64, 1.7217653001639346)	(66, 1.7287502688875929)	(68, 1.7363896395865672)	(70, 1.744814011796705)	(72, 1.7528451811032189)	(74, 1.7604648916570125)	(76, 1.7684988695556951)	(78, 1.7765258259739558)	(80, 1.7841609837846772)	(82, 1.7917455869363614)	(84, 1.7997641175781163)	(86, 1.808712292227724)	(88, 1.8170383637119556)	(90, 1.8234925085157216)
SRR19077139_2 - polyg	(1, 0.4528068466287078)	(2, 0.4556210559817859)	(3, 0.45618277441553406)	(4, 0.45651418829144547)	(5, 0.45675853581012593)	(6, 0.45706467235651865)	(7, 0.45734272298122397)	(8, 0.45783422661075357)	(9, 0.45833134742462067)	(10, 0.45897030214300916)	(12, 0.4596162783418195)	(14, 0.460103569083096)	(16, 0.4603577466743671)	(18, 0.46057119967919136)	(20, 0.46077763120359383)	(22, 0.4609924885045025)	(24, 0.4611834727719768)	(26, 0.461328115268667)	(28, 0.46150365227921325)	(30, 0.4616819978819283)	(32, 0.46186876926114956)	(34, 0.46209766952290193)	(36, 0.4623392084494136)	(38, 0.462530192716888)	(40, 0.46274785860996537)	(42, 0.4629837803521396)	(44, 0.4631845946922046)	(46, 0.4634008562891976)	(48, 0.46360447922143133)	(50, 0.46383337948318365)	(52, 0.46404261959975485)	(54, 0.4642532640124104)	(56, 0.4644610998328972)	(58, 0.4646647227651309)	(60, 0.4649048573955582)	(62, 0.4651702693555042)	(64, 0.46553819492960924)	(66, 0.4659285892410642)	(68, 0.46628528044649425)	(70, 0.4666995477913835)	(72, 0.46713628387362266)	(74, 0.46758285002845246)	(76, 0.46820214460165976)	(78, 0.4688298649513733)	(80, 0.469564311803499)	(82, 0.47047008277791785)	(84, 0.4712157639987185)	(86, 0.47216225955958413)	(88, 0.4732983350918397)	(90, 0.474258873613549)
SRR19077140_1 - illumina_universal_adapter	(1, 7.041401610706536e-05)	(2, 7.041401610706536e-05)	(3, 7.041401610706536e-05)	(4, 7.041401610706536e-05)	(5, 7.041401610706536e-05)	(6, 7.323057675134798e-05)	(7, 7.604713739563058e-05)	(8, 7.604713739563058e-05)	(9, 8.168025868419581e-05)	(10, 0.00010421274383845673)	(12, 0.00016758535833481553)	(14, 0.00030700511022680496)	(16, 0.00045909938501806607)	(18, 0.0006252764630307404)	(20, 0.0007675127755670124)	(22, 0.0009238318913246975)	(24, 0.0011308490986794697)	(26, 0.001311108979913557)	(28, 0.0015533331953218616)	(30, 0.0019335688823000146)	(32, 0.002325070811855298)	(34, 0.00280106956073906)	(36, 0.0034671861531118983)	(38, 0.004386793203470171)	(40, 0.005896469708805653)	(42, 0.007851162795937786)	(44, 0.010124127235873855)	(46, 0.013530757335133679)	(48, 0.018625915540640928)	(50, 0.02567295027263603)	(52, 0.03503660613455358)	(54, 0.048532156461633724)	(56, 0.06824244785032346)	(58, 0.09507018798711536)	(60, 0.1343260019668043)	(62, 0.17982753917518993)	(64, 0.2230561119436395)	(66, 0.27118690851346294)	(68, 0.3307402667761745)	(70, 0.4007529229914296)	(72, 0.4874353933798714)	(74, 0.5931071156320664)	(76, 0.7191904528733777)	(78, 0.8754715450623649)	(80, 1.0647049885091366)	(82, 1.2766342776275377)	(84, 1.5257041436817715)	(86, 1.8055998577073562)	(88, 2.131447758644412)	(90, 2.408897289750437)
SRR19077140_1 - polya	(1, 1.4965203505660372)	(2, 1.5095807422735756)	(3, 1.5235621493117946)	(4, 1.5325695102522103)	(5, 1.5416078533597133)	(6, 1.5498124945165086)	(7, 1.5582424605248464)	(8, 1.5691791655065956)	(9, 1.5813044590802323)	(10, 1.597653185339971)	(12, 1.614756749852377)	(14, 1.625730070122502)	(16, 1.6348937501786756)	(18, 1.6421365358754483)	(20, 1.6490342928932966)	(22, 1.6557222161431455)	(24, 1.6621144005253448)	(26, 1.6685953065678392)	(28, 1.675090295413555)	(30, 1.6820824072129863)	(32, 1.6894434884568192)	(34, 1.6967144397600347)	(36, 1.7036586700285135)	(38, 1.710988769105259)	(40, 1.7187765592867004)	(42, 1.726976975602529)	(44, 1.7363448563054131)	(46, 1.744845236329858)	(48, 1.7532808354594844)	(50, 1.7619389428800094)	(52, 1.7714349770922082)	(54, 1.781529530441317)	(56, 1.7909636003193417)	(58, 1.8006441192537408)	(60, 1.810811903179601)	(62, 1.8209092730893544)	(64, 1.8316206532195611)	(66, 1.842105300217903)	(68, 1.8525885389359231)	(70, 1.8638139413837114)	(72, 1.8746351673790453)	(74, 1.8848029513049056)	(76, 1.8958973836827346)	(78, 1.9067101599961358)	(80, 1.9171046770538607)	(82, 1.9280258909520664)	(84, 1.9396061800410345)	(86, 1.9517173908114498)	(88, 1.9633131709839613)	(90, 1.9721247809595994)
SRR19077140_2 - illumina_universal_adapter	(1, 6.478089481850013e-05)	(2, 6.478089481850013e-05)	(3, 6.478089481850013e-05)	(4, 7.323057675134798e-05)	(5, 7.323057675134798e-05)	(6, 7.604713739563058e-05)	(7, 7.604713739563058e-05)	(8, 7.604713739563058e-05)	(9, 7.88636980399132e-05)	(10, 0.00010843758480488065)	(12, 0.00017885160091194602)	(14, 0.00030841339054894627)	(16, 0.0004478331424409357)	(18, 0.0006041522581986207)	(20, 0.0007280809265470557)	(22, 0.0008815834816604583)	(24, 0.0010435357187067087)	(26, 0.001209712796719383)	(28, 0.0014406707695505572)	(30, 0.0018124567745958623)	(32, 0.002232124310593972)	(34, 0.0027123479004441575)	(36, 0.003388322455071985)	(38, 0.00432060402832953)	(40, 0.005852813018819273)	(42, 0.007824405469817101)	(44, 0.010118494114585291)	(46, 0.013582863707052906)	(48, 0.01871604548125797)	(50, 0.02581377830485016)	(52, 0.035292913153183295)	(54, 0.048929291512477574)	(56, 0.06885927463142136)	(58, 0.09591938102136657)	(60, 0.13555965552900007)	(62, 0.18147241059145097)	(64, 0.22499531394722808)	(66, 0.27340354174051335)	(68, 0.3331934910973447)	(70, 0.4036089154847322)	(72, 0.490980034950701)	(74, 0.5974629266684496)	(76, 0.7245376932565483)	(78, 0.8821242613041604)	(80, 1.0727941506795164)	(82, 1.286114820756193)	(84, 1.536404257569401)	(86, 1.8177321926826036)	(88, 2.145412266318765)	(90, 2.4242982433533746)
SRR19077140_2 - polya	(1, 1.3675922870740005)	(2, 1.3804160876874192)	(3, 1.3919020219948037)	(4, 1.4006502593559456)	(5, 1.4092802011700274)	(6, 1.4175355404184198)	(7, 1.427075231320605)	(8, 1.4381217821674814)	(9, 1.451821533141272)	(10, 1.4729274303292037)	(12, 1.4939924873877937)	(14, 1.5101708117285528)	(16, 1.524831009882044)	(18, 1.5374773671748727)	(20, 1.54926749003184)	(22, 1.560419661902877)	(24, 1.5709282496666952)	(26, 1.581311500481843)	(28, 1.5913708468228984)	(30, 1.6006218402590449)	(32, 1.6090236406609397)	(34, 1.6171832168474265)	(36, 1.6247639898215132)	(38, 1.6317124449309584)	(40, 1.6391326739483207)	(42, 1.6459628335107062)	(44, 1.652945087347883)	(46, 1.6606765463164388)	(48, 1.6678432848758158)	(50, 1.675629666776935)	(52, 1.6829710320962576)	(54, 1.6909714726063423)	(56, 1.6983860685024164)	(58, 1.7054992924095522)	(60, 1.7126449067640972)	(62, 1.7199060001050577)	(64, 1.7270375316563813)	(66, 1.7342887670350868)	(68, 1.742004734920099)	(70, 1.7502727486913907)	(72, 1.758306987929207)	(74, 1.7657708736365558)	(76, 1.7738783434511234)	(78, 1.7819139909692616)	(80, 1.7894201250862747)	(82, 1.7965206744705111)	(84, 1.8042253761129463)	(86, 1.8128919332154039)	(88, 1.8212669762911782)	(90, 1.8276352199079013)
SRR19077140_2 - polyg	(1, 0.45033143173241436)	(2, 0.45293675032837577)	(3, 0.45339303315274954)	(4, 0.4537451032332849)	(5, 0.453925363114519)	(6, 0.4542605338311886)	(7, 0.454573172062704)	(8, 0.45501255552321207)	(9, 0.4555279861211158)	(10, 0.45620818551671005)	(12, 0.4569306333219685)	(14, 0.45737424162344303)	(16, 0.45768969641560264)	(18, 0.4579572696768095)	(20, 0.4581558372022314)	(22, 0.45837552893248545)	(24, 0.45860507862499456)	(26, 0.4587768888242958)	(28, 0.45900925507744905)	(30, 0.45920923088319315)	(32, 0.45948243726568855)	(34, 0.45973733600399613)	(36, 0.4599725188177937)	(38, 0.46016122838096063)	(40, 0.46040345259636895)	(42, 0.4605949787201802)	(44, 0.46084846917816563)	(46, 0.46109491823454035)	(48, 0.46138220742025715)	(50, 0.4616272481963098)	(52, 0.4618441233659195)	(54, 0.4620962055435828)	(56, 0.46233842975899114)	(58, 0.46261445270213086)	(60, 0.4629172329713912)	(62, 0.4632270546422623)	(64, 0.4635974323669855)	(66, 0.4640100585013729)	(68, 0.464429726037371)	(70, 0.4649367069533419)	(72, 0.4653859483761049)	(74, 0.465845047761123)	(76, 0.4664548331406102)	(78, 0.467120949732983)	(80, 0.4679433854411136)	(82, 0.4688728504537268)	(84, 0.46961078934252887)	(86, 0.4705543371583635)	(88, 0.47179221556152573)	(90, 0.4727597041428368)
SRR19077141_1 - illumina_universal_adapter	(1, 0.00021530332033754937)	(2, 0.00021530332033754937)	(3, 0.00021530332033754937)	(4, 0.00021756967107794463)	(5, 0.0002198360218183399)	(6, 0.00022210237255873515)	(7, 0.00022210237255873515)	(8, 0.0002243687232991304)	(9, 0.0002243687232991304)	(10, 0.00023116777552031616)	(12, 0.00026289668588584973)	(14, 0.0002968919469917786)	(16, 0.0003501511893910671)	(18, 0.0004374056928962845)	(20, 0.0005053962151081422)	(22, 0.0005881180171325691)	(24, 0.000719566360075494)	(26, 0.0008884094902349406)	(28, 0.0012204298737028456)	(30, 0.0017031625814070354)	(32, 0.0023196099827945452)	(34, 0.00309130240989913)	(36, 0.003977445549393675)	(38, 0.005133284426995256)	(40, 0.006991692034119366)	(42, 0.009228580214889485)	(44, 0.01141447550400071)	(46, 0.01415222719839818)	(48, 0.01804695094576743)	(50, 0.023121310253512405)	(52, 0.029192863887031302)	(54, 0.03653923981202252)	(56, 0.04561484135193533)	(58, 0.058167024927614455)	(60, 0.07490062561932284)	(62, 0.09399236425641247)	(64, 0.11124382609230116)	(66, 0.1293485689819487)	(68, 0.15075538490035206)	(70, 0.17594927290595594)	(72, 0.20684756572513469)	(74, 0.24412563587852604)	(76, 0.2888985279304045)	(78, 0.34349038456504544)	(80, 0.4103953247722538)	(82, 0.48941730921298543)	(84, 0.584344543149811)	(86, 0.6960982981587011)	(88, 0.8314798928115819)	(90, 0.9509222427072629)
SRR19077141_1 - polya	(1, 0.2478798458799908)	(2, 0.2542732213186458)	(3, 0.2602427891688469)	(4, 0.2657024281024591)	(5, 0.2701444755536338)	(6, 0.2738136974023337)	(7, 0.2781809552790754)	(8, 0.2838241686226596)	(9, 0.2911648786707998)	(10, 0.3014971716962618)	(12, 0.30927302108655785)	(14, 0.31675084535449205)	(16, 0.32603608433789144)	(18, 0.33204418015067927)	(20, 0.33779277880369185)	(22, 0.3439391220116438)	(24, 0.3493035742141593)	(26, 0.3548504676512767)	(28, 0.35989423122402636)	(30, 0.3649413943228866)	(32, 0.37015626737653606)	(34, 0.37568729635847065)	(36, 0.3809973561432168)	(38, 0.3861374396224332)	(40, 0.39246169136350617)	(42, 0.39850831513888074)	(44, 0.40486202943957883)	(46, 0.41174040393667843)	(48, 0.4180589898009004)	(50, 0.4244795614484402)	(52, 0.4314973165160741)	(54, 0.4402862246873269)	(56, 0.44738670155698523)	(58, 0.45387186420062625)	(60, 0.46084769177956286)	(62, 0.46813174305919325)	(64, 0.47585773273320064)	(66, 0.4837004394703384)	(68, 0.49104001634310845)	(70, 0.4994878387279318)	(72, 0.5076297037628017)	(74, 0.5148695612029943)	(76, 0.522568354668117)	(78, 0.5298138779851607)	(80, 0.5370140742873964)	(82, 0.5441224833846461)	(84, 0.552894393925346)	(86, 0.5625422490272086)	(88, 0.5708654221213102)	(90, 0.5774321733916055)
SRR19077141_2 - illumina_universal_adapter	(1, 0.0002243687232991304)	(2, 0.0002243687232991304)	(3, 0.00022890142477992092)	(4, 0.0002402331784818972)	(5, 0.0002402331784818972)	(6, 0.0002402331784818972)	(7, 0.00024249952922229245)	(8, 0.0002447658799626877)	(9, 0.0002447658799626877)	(10, 0.0002526981075540711)	(12, 0.00029462559625138336)	(14, 0.000344485312540079)	(16, 0.0004045436071605533)	(18, 0.00048613223381478254)	(20, 0.0005450573530650592)	(22, 0.0006289123304596837)	(24, 0.0007728256024747825)	(26, 0.0009518673109660077)	(28, 0.0012974857988762843)	(30, 0.001801748838614229)	(32, 0.0024351938705547034)	(34, 0.0032136853498804735)	(36, 0.004131557399740552)	(38, 0.005305527083265296)	(40, 0.007196796776125137)	(42, 0.009486944199294543)	(44, 0.01171023427562229)	(46, 0.014475182178904504)	(48, 0.01839936848589889)	(50, 0.023538318789745133)	(52, 0.02967559659473549)	(54, 0.03711715925082332)	(56, 0.04630947785386648)	(58, 0.05894551640694023)	(60, 0.07580150003862995)	(62, 0.09498502588070559)	(64, 0.11232147586935912)	(66, 0.13063358985175277)	(68, 0.15220584937420503)	(70, 0.17756971368533853)	(72, 0.2086991742800376)	(74, 0.2463795216898491)	(76, 0.291550158296667)	(78, 0.34663947891882474)	(80, 0.41421072624370925)	(82, 0.49394321164155475)	(84, 0.5895650820803114)	(86, 0.702083730464085)	(88, 0.8382313516672194)	(90, 0.9584487935161156)
SRR19077141_2 - polya	(1, 0.18443788960410637)	(2, 0.18946012284482225)	(3, 0.19470219210735648)	(4, 0.20063776469645167)	(5, 0.20590929651861103)	(6, 0.2110901743111546)	(7, 0.2166223364684594)	(8, 0.22256017540829498)	(9, 0.23083462196147805)	(10, 0.24407577616223736)	(12, 0.2560375753700435)	(14, 0.26753137314995806)	(16, 0.27961328894700516)	(18, 0.29002603742375116)	(20, 0.30036512950143435)	(22, 0.31083227039594985)	(24, 0.32045179611355745)	(26, 0.33044980240481114)	(28, 0.3404920025355026)	(30, 0.34954267421727103)	(32, 0.3577559293004634)	(34, 0.3661164971817815)	(36, 0.3738356878035678)	(38, 0.38103475093043326)	(40, 0.38856696761613696)	(42, 0.39555752647488607)	(44, 0.40274412467267945)	(46, 0.4110480337854877)	(48, 0.4178912798461112)	(50, 0.42508807662223624)	(52, 0.4325205738753626)	(54, 0.4406227777722756)	(56, 0.4482558470659268)	(58, 0.45529739881633485)	(60, 0.462413740141176)	(62, 0.4694858876265794)	(64, 0.4767835370106521)	(66, 0.4842817584352498)	(68, 0.49214486232905114)	(70, 0.5008329178923563)	(72, 0.5091254952514626)	(74, 0.5164435417921989)	(76, 0.5244380940289431)	(78, 0.5325720268362217)	(80, 0.5398764752725156)	(82, 0.5471469284477036)	(84, 0.5550859550913082)	(86, 0.5637547466733202)	(88, 0.5725413884938325)	(90, 0.5797937108630973)
SRR19077141_2 - polyg	(1, 0.34230961582929953)	(2, 0.34523094193366904)	(3, 0.34574993625321954)	(4, 0.34612841682686557)	(5, 0.3463550519009051)	(6, 0.34660661683308897)	(7, 0.34690350878008075)	(8, 0.34737944243556373)	(9, 0.34780325002401763)	(10, 0.34846955714169386)	(12, 0.349353433930448)	(14, 0.35001180882053284)	(16, 0.3503562941330729)	(18, 0.35069284721802163)	(20, 0.3510894585975908)	(22, 0.351463406469756)	(24, 0.3517308358571226)	(26, 0.3519937325430085)	(28, 0.3522181012663076)	(30, 0.352495729232006)	(32, 0.3527858221267766)	(34, 0.35311104345802335)	(36, 0.35342946573704886)	(38, 0.3537501543668148)	(40, 0.3540538453660278)	(42, 0.354324674279505)	(44, 0.3546102344727948)	(46, 0.3548821965616422)	(48, 0.355179088508634)	(50, 0.355482779507847)	(52, 0.35579440273465135)	(54, 0.35621141127088407)	(56, 0.3565785600908281)	(58, 0.35694457573540195)	(60, 0.3572641311897976)	(62, 0.35760068427474634)	(64, 0.35813214352336903)	(66, 0.35860241130200105)	(68, 0.3590545482747099)	(70, 0.35949648666908696)	(72, 0.36001548098863745)	(74, 0.3605469402372602)	(76, 0.3611441236573543)	(78, 0.36189428575242516)	(80, 0.36274643363081377)	(82, 0.36387507629953064)	(84, 0.36461503981626964)	(86, 0.36533913887782593)	(88, 0.36611876353252193)	(90, 0.3668723251537033)
SRR19077142_1 - illumina_universal_adapter	(1, 0.00020769784659098412)	(2, 0.00020769784659098412)	(3, 0.00020769784659098412)	(4, 0.00020769784659098412)	(5, 0.00020769784659098412)	(6, 0.00020995543188001656)	(7, 0.00020995543188001656)	(8, 0.00020995543188001656)	(9, 0.00020995543188001656)	(10, 0.00021334180981356522)	(12, 0.00024381921121550309)	(14, 0.00027768299055098966)	(16, 0.00031041797724196)	(18, 0.00037024398740131953)	(20, 0.0004311987902051953)	(22, 0.0005011839341652008)	(24, 0.0006321238809290821)	(26, 0.0008104731187626446)	(28, 0.0010847697313800856)	(30, 0.0015814384949672214)	(32, 0.0022248503023414657)	(34, 0.0029709822403666862)	(36, 0.0038807891118467575)	(38, 0.004991521074050717)	(40, 0.0066248840306656846)	(42, 0.008583339268901324)	(44, 0.010659188942166647)	(46, 0.013334427509670085)	(48, 0.017238921267051684)	(50, 0.022166101160364975)	(52, 0.02789811020921833)	(54, 0.03468328279540532)	(56, 0.0431661595189447)	(58, 0.05514942223312887)	(60, 0.07144467284936498)	(62, 0.08976046229928514)	(64, 0.10628260023706904)	(66, 0.12367955247435297)	(68, 0.14465816377268692)	(70, 0.1688741523754933)	(72, 0.19889552154904666)	(74, 0.2351873338628876)	(76, 0.27844266800074907)	(78, 0.33178376441736296)	(80, 0.3967017581961352)	(82, 0.47352061282604185)	(84, 0.5666674530588757)	(86, 0.6759469977671353)	(88, 0.8074818182546766)	(90, 0.9226480166040882)
SRR19077142_1 - polya	(1, 0.24830277559952152)	(2, 0.25461046889707817)	(3, 0.260378599310556)	(4, 0.26572004610440675)	(5, 0.2704271114320394)	(6, 0.27452237114634426)	(7, 0.278960783824582)	(8, 0.2846837625322792)	(9, 0.2920502633303921)	(10, 0.3023550113821806)	(12, 0.3100872409971167)	(14, 0.31777544769891664)	(16, 0.32691979691214257)	(18, 0.33305591372773274)	(20, 0.33909043920531645)	(22, 0.34511932071967755)	(24, 0.3503648201387444)	(26, 0.35594895735116616)	(28, 0.3608456598430775)	(30, 0.3658924917567095)	(32, 0.3710341422524809)	(34, 0.376750348204311)	(36, 0.38218999995823466)	(38, 0.3874117947317667)	(40, 0.39373077595576844)	(42, 0.399784490908309)	(44, 0.4063777687449282)	(46, 0.4131505246120255)	(48, 0.4195959306122131)	(50, 0.4260469805756233)	(52, 0.4327836150780961)	(54, 0.44131390109270513)	(56, 0.4485923560645457)	(58, 0.45537865744337724)	(60, 0.46238620218053395)	(62, 0.4695009822189196)	(64, 0.47727497716170286)	(66, 0.48523183651289764)	(68, 0.49282522463255823)	(70, 0.5016614134538312)	(72, 0.5096747124372518)	(74, 0.5169272051782685)	(76, 0.5246752378902279)	(78, 0.5320439962736296)	(80, 0.5391520035561483)	(82, 0.5463175792635373)	(84, 0.55509619965994)	(86, 0.5646570733589923)	(88, 0.5730846392429504)	(90, 0.5794499009653773)
SRR19077142_2 - illumina_universal_adapter	(1, 0.0002009250907238868)	(2, 0.0002009250907238868)	(3, 0.00020544026130195169)	(4, 0.00021898577303614632)	(5, 0.00021898577303614632)	(6, 0.00021898577303614632)	(7, 0.00022575852890324363)	(8, 0.00022801611419227604)	(9, 0.00023027369948130848)	(10, 0.00023478887005937336)	(12, 0.00027881178319550586)	(14, 0.0003183195257535735)	(16, 0.0003476681345109952)	(18, 0.0004018501814477736)	(20, 0.0004650625695406819)	(22, 0.0005361765061452036)	(24, 0.0006738892087761822)	(26, 0.0008635263730549068)	(28, 0.0011445957415394453)	(30, 0.0016525524315717432)	(32, 0.0023230552624143768)	(34, 0.003064672029861532)	(36, 0.0039970547542319285)	(38, 0.0051202034355255655)	(40, 0.006776142245030857)	(42, 0.00877184764053553)	(44, 0.010899621775448603)	(46, 0.013630171182533332)	(48, 0.017553854414871707)	(50, 0.022490064649341127)	(52, 0.028296574012732556)	(54, 0.03520139861923826)	(56, 0.04381070011896346)	(58, 0.055859432806529566)	(60, 0.07228900974746313)	(62, 0.09077863326463878)	(64, 0.10743283994183106)	(66, 0.12495960333323437)	(68, 0.1461334957590696)	(70, 0.17065651596118442)	(72, 0.20091493159008617)	(74, 0.2373952522755613)	(76, 0.28099035299942215)	(78, 0.33470169340343736)	(80, 0.4001423181766206)	(82, 0.4775876527242338)	(84, 0.5712571239514785)	(86, 0.6810559132762157)	(88, 0.8132702669357558)	(90, 0.9289692554133792)
SRR19077142_2 - polya	(1, 0.18309693969639768)	(2, 0.18809071835573743)	(3, 0.19357439302279722)	(4, 0.1995253878446867)	(5, 0.20467719747425872)	(6, 0.20992608327125914)	(7, 0.21536912140311634)	(8, 0.2209747056757839)	(9, 0.2295580449446852)	(10, 0.24306179135103273)	(12, 0.2547515679776427)	(14, 0.2663623291191365)	(16, 0.2783422054553871)	(18, 0.2889596290697067)	(20, 0.2992372860980268)	(22, 0.3096402391098883)	(24, 0.31946863666569103)	(26, 0.3295103760313073)	(28, 0.33965144914964096)	(30, 0.3486942070248604)	(32, 0.3570190527781675)	(34, 0.3653777623108101)	(36, 0.37304452195236426)	(38, 0.38015027164959386)	(40, 0.38766690186942737)	(42, 0.3949272961589557)	(44, 0.4023716836495401)	(46, 0.4105396272252595)	(48, 0.417500891463991)	(50, 0.42462583063617737)	(52, 0.4322948478630206)	(54, 0.4401625325952986)	(56, 0.44767803402248757)	(58, 0.4546776772111326)	(60, 0.46180487396860803)	(62, 0.4690280181008673)	(64, 0.4762240712096582)	(66, 0.483513814107944)	(68, 0.49141874899749105)	(70, 0.49999870188845885)	(72, 0.508262592838962)	(74, 0.515502668860889)	(76, 0.5235678923059575)	(78, 0.531572160948222)	(80, 0.538637274110249)	(82, 0.546087305564056)	(84, 0.5539346720287328)	(86, 0.5623961016920263)	(88, 0.5711273127973593)	(90, 0.5778876519453668)
SRR19077142_2 - polyg	(1, 0.344663288491293)	(2, 0.3477313468990881)	(3, 0.34831380390365846)	(4, 0.34866147203816944)	(5, 0.3489504429551656)	(6, 0.3492755352367863)	(7, 0.3496254609565863)	(8, 0.35009503869670505)	(9, 0.3505442981692225)	(10, 0.35125092236468963)	(12, 0.35221152490517293)	(14, 0.3529000884183279)	(16, 0.35332112807473237)	(18, 0.35370717515915695)	(20, 0.35413385877878406)	(22, 0.3545244210337867)	(24, 0.35485628607127445)	(26, 0.3551870223161177)	(28, 0.35551211459773835)	(30, 0.3558484948058042)	(32, 0.3562447010240294)	(34, 0.3565901115732514)	(36, 0.35696599952387525)	(38, 0.3573441450597882)	(40, 0.3576850404384321)	(42, 0.35805754201112244)	(44, 0.3583668311957199)	(46, 0.3587144993302309)	(48, 0.359103932792589)	(50, 0.35951932848577095)	(52, 0.3599110195334181)	(54, 0.36031964247073295)	(56, 0.36074745488300464)	(58, 0.3611538202350304)	(60, 0.36150938991805304)	(62, 0.36194623267148085)	(64, 0.36254336398042986)	(66, 0.3631167906438441)	(68, 0.3636450656014777)	(70, 0.3642354241545597)	(72, 0.36485174493846556)	(74, 0.3654488762474146)	(76, 0.36623564472064246)	(78, 0.36716012589650127)	(80, 0.36817265289863227)	(82, 0.3694007792958659)	(84, 0.3702146387925621)	(86, 0.3710702636171054)	(88, 0.3719744265253629)	(90, 0.3728086042896604)
SRR19077143_1 - illumina_universal_adapter	(1, 0.00012627303306218305)	(2, 0.00012627303306218305)	(3, 0.00012627303306218305)	(4, 0.00012856890639058636)	(5, 0.00012856890639058636)	(6, 0.00012856890639058636)	(7, 0.00012856890639058636)	(8, 0.00012856890639058636)	(9, 0.00012856890639058636)	(10, 0.0001492317663462163)	(12, 0.00017907811961545957)	(14, 0.00023073526950453447)	(16, 0.00030649908934184426)	(18, 0.00037881909918654913)	(20, 0.0004568787923522622)	(22, 0.0005291988021969671)	(24, 0.0006474362786097385)	(26, 0.0008069994749337698)	(28, 0.0009332725079959528)	(30, 0.0011330134875670423)	(32, 0.0013453817704443503)	(34, 0.0016277741898379596)	(36, 0.001957232012463837)	(38, 0.0024760993846829893)	(40, 0.003191263926480626)	(42, 0.004121092624483974)	(44, 0.005220815948789167)	(46, 0.006639665665742424)	(48, 0.008927503437496341)	(50, 0.012255371827016966)	(52, 0.016682963540842782)	(54, 0.022982839953981517)	(56, 0.032580738403371626)	(58, 0.04595190466799261)	(60, 0.06607523439144777)	(62, 0.09006251892660574)	(64, 0.11469723974037346)	(66, 0.1449488146520799)	(68, 0.18369971262553547)	(70, 0.22981692017317312)	(72, 0.2886486742135084)	(74, 0.362601049994708)	(76, 0.4517096335533622)	(78, 0.5675571058312657)	(80, 0.7116392283018733)	(82, 0.8799784004237263)	(84, 1.083828993252658)	(86, 1.321581599585457)	(88, 1.6000687384474523)	(90, 1.8396465640763322)
SRR19077143_1 - polya	(1, 0.4397929030422847)	(2, 0.445117033290852)	(3, 0.4508268702585911)	(4, 0.4553772911954865)	(5, 0.45968434955957116)	(6, 0.4634105519715697)	(7, 0.4674581766495448)	(8, 0.4724333341521948)	(9, 0.4783337286061914)	(10, 0.48638306049557345)	(12, 0.4944530552449111)	(14, 0.5014187349232868)	(16, 0.5084441073082011)	(18, 0.5138772915398675)	(20, 0.5187250280727911)	(22, 0.5235222553924899)	(24, 0.5283918027220333)	(26, 0.5335207837376863)	(28, 0.538339821854005)	(30, 0.5433138314199908)	(32, 0.5484164098923672)	(34, 0.5537164334709863)	(36, 0.55873636050354)	(38, 0.5636254227563751)	(40, 0.5694489054538701)	(42, 0.5752046598881771)	(44, 0.581402369938202)	(46, 0.58765288507478)	(48, 0.5939975310178226)	(50, 0.5999897604049553)	(52, 0.6064893777976652)	(54, 0.6142115477377497)	(56, 0.621100315659624)	(58, 0.6277227622754034)	(60, 0.6349375442099108)	(62, 0.6422544925075322)	(64, 0.6500581659507751)	(66, 0.6577573771575757)	(68, 0.6653785286712105)	(70, 0.6739145857062141)	(72, 0.6817389220094126)	(74, 0.689044390940392)	(76, 0.6972027768128732)	(78, 0.7049731600928544)	(80, 0.7122912563271399)	(82, 0.719886005297498)	(84, 0.728725117611851)	(86, 0.7383287557445621)	(88, 0.7463953066839071)	(90, 0.752798497396824)
SRR19077143_2 - illumina_universal_adapter	(1, 0.00012856890639058636)	(2, 0.00012856890639058636)	(3, 0.00012856890639058636)	(4, 0.00013545652637579636)	(5, 0.0001377523997041997)	(6, 0.00014004827303260302)	(7, 0.00014004827303260302)	(8, 0.00014004827303260302)	(9, 0.00015152763967461966)	(10, 0.0001917054229216779)	(12, 0.00022499558618352614)	(14, 0.0002709130527515927)	(16, 0.0003363454426110876)	(18, 0.00039489021248537246)	(20, 0.0004683581589942789)	(22, 0.0005475657888241938)	(24, 0.0006692470752295702)	(26, 0.0008150350315831814)	(28, 0.0009470477479663728)	(30, 0.001144492854209059)	(32, 0.0013671925670641818)	(34, 0.0016622122897640094)	(36, 0.0019870783657330803)	(38, 0.002520868914586854)	(40, 0.003255548379675919)	(42, 0.004206039937634897)	(44, 0.005316094691917905)	(46, 0.006741832028856373)	(48, 0.009079031077170962)	(50, 0.012460852489909063)	(52, 0.01694698897360917)	(54, 0.023303114283293777)	(56, 0.032969888932535996)	(58, 0.04643403806695731)	(60, 0.06669512019011667)	(62, 0.09083048855495666)	(64, 0.11560410970509277)	(66, 0.14605657353303453)	(68, 0.18528386522213378)	(70, 0.23173971408571092)	(72, 0.29105130565168247)	(74, 0.3656958872413957)	(76, 0.45563442900826767)	(78, 0.5723566290242929)	(80, 0.717466154809361)	(82, 0.8871174185383965)	(84, 1.0922169664579795)	(86, 1.331177202161519)	(88, 1.6116410879592693)	(90, 1.852737633794888)
SRR19077143_2 - polya	(1, 0.3661252155538071)	(2, 0.3712358295828329)	(3, 0.3768239852641666)	(4, 0.3823111225190506)	(5, 0.387277096528387)	(6, 0.3923877105574128)	(7, 0.39795520337879087)	(8, 0.4040622264323437)	(9, 0.4123342580345809)	(10, 0.4251785213703333)	(12, 0.43768529132681044)	(14, 0.44962957231782874)	(16, 0.4619939981279449)	(18, 0.4726927678383044)	(20, 0.483585538844914)	(22, 0.49356914401347585)	(24, 0.5029202360800626)	(26, 0.5127316507489943)	(28, 0.5219220316825928)	(30, 0.5300597546951183)	(32, 0.5375259347590859)	(34, 0.5448669897266556)	(36, 0.5518843265549205)	(38, 0.5584069026809142)	(40, 0.5651831728096967)	(42, 0.5718354657787453)	(44, 0.578595664794229)	(46, 0.5858930981685588)	(48, 0.5924925860510543)	(50, 0.5993710225429506)	(52, 0.6065731771741518)	(54, 0.6141713699545026)	(56, 0.6212793937792394)	(58, 0.627829520385174)	(60, 0.6345323225674476)	(62, 0.6416633051254683)	(64, 0.6485199308207449)	(66, 0.655226176813011)	(68, 0.6621803771247446)	(70, 0.6702228213941415)	(72, 0.6781286612004984)	(74, 0.6852481643918771)	(76, 0.6928853870188107)	(78, 0.7004273309026157)	(80, 0.7070428898984099)	(82, 0.713720437474071)	(84, 0.7209317755985858)	(86, 0.7289317462114072)	(88, 0.7367595263245984)	(90, 0.7427793061916719)
SRR19077143_2 - polyg	(1, 0.42036981468399254)	(2, 0.4239054596097337)	(3, 0.4246860565413908)	(4, 0.425108497233817)	(5, 0.4254574699797343)	(6, 0.4258592478122049)	(7, 0.42625184215136186)	(8, 0.4268992784299716)	(9, 0.4273722283356227)	(10, 0.4279634157176866)	(12, 0.42873253328270167)	(14, 0.4294419581411783)	(16, 0.42984947565696985)	(18, 0.4302432179327911)	(20, 0.4305680840087601)	(22, 0.43086195579479575)	(24, 0.43114549615085357)	(26, 0.4313693438003729)	(28, 0.4316563279664233)	(30, 0.43198119404239244)	(32, 0.43231065186501827)	(34, 0.43263666587765154)	(36, 0.43291676242371674)	(38, 0.4331543853132065)	(40, 0.433481547262504)	(42, 0.43376049587190496)	(44, 0.4340084501913725)	(46, 0.43424607308086227)	(48, 0.43449287946366566)	(50, 0.4347637925164172)	(52, 0.4350266700125194)	(54, 0.4353056186219204)	(56, 0.43553520595476075)	(58, 0.43583366948745317)	(60, 0.4361298371468172)	(62, 0.4364696263994209)	(64, 0.43689206709184714)	(66, 0.43733287477090055)	(68, 0.43768299545348205)	(70, 0.43804574343936975)	(72, 0.4384544088918255)	(74, 0.438872257837595)	(76, 0.43939571695647095)	(78, 0.4399616497319223)	(80, 0.4406871457036978)	(82, 0.44185804110118354)	(84, 0.4427499878892682)	(86, 0.44377165152040765)	(88, 0.4448530078580857)	(90, 0.44589763022250917)
SRR19077144_1 - illumina_universal_adapter	(1, 0.00011698685088440797)	(2, 0.00011698685088440797)	(3, 0.00011698685088440797)	(4, 0.00011928071070567088)	(5, 0.00011928071070567088)	(6, 0.00012157457052693377)	(7, 0.00012386843034819668)	(8, 0.0001261622901694596)	(9, 0.0001261622901694596)	(10, 0.000139925449097037)	(12, 0.00017548027632661198)	(14, 0.0002167697531093442)	(16, 0.0002764101084621796)	(18, 0.0003360504638150151)	(20, 0.0003911030995253247)	(22, 0.0004897390718396294)	(24, 0.0005975504834389858)	(26, 0.00073518207271476)	(28, 0.0008751075218117969)	(30, 0.001017326830730097)	(32, 0.0012375373735713352)	(34, 0.001513947482033515)	(36, 0.001872936544061159)	(38, 0.0023477655270625797)	(40, 0.002976283118088615)	(42, 0.0037745463358881044)	(44, 0.004891656068843137)	(46, 0.006328759246864345)	(48, 0.008577888801612619)	(50, 0.01164477938264112)	(52, 0.016015729272057577)	(54, 0.02211166174706374)	(56, 0.031182730410247883)	(58, 0.04426002525126768)	(60, 0.06388973067172496)	(62, 0.08723663593253878)	(64, 0.11132101712588861)	(66, 0.14068471669787502)	(68, 0.1779255308960782)	(70, 0.22233351010581737)	(72, 0.27958595738471814)	(74, 0.35206160536743014)	(76, 0.43952533342227396)	(78, 0.5531998507247783)	(80, 0.6949592407489149)	(82, 0.8590952333294712)	(84, 1.059048700089137)	(86, 1.2921255026678393)	(88, 1.5670778632136062)	(90, 1.8043478415455771)
SRR19077144_1 - polya	(1, 0.44429312106076885)	(2, 0.44975480129519585)	(3, 0.4554206350537152)	(4, 0.46001753013552604)	(5, 0.4644240348521721)	(6, 0.46820890355725586)	(7, 0.47223003982392975)	(8, 0.4773636981039161)	(9, 0.48363052313560634)	(10, 0.4920799557872283)	(12, 0.5004181362375189)	(14, 0.5075222201039701)	(16, 0.5144726153623966)	(18, 0.5199446179660193)	(20, 0.5248465964040582)	(22, 0.529704991505493)	(24, 0.5343397352743546)	(26, 0.5392566238012317)	(28, 0.5440851987249902)	(30, 0.5491202210326622)	(32, 0.554078399036322)	(34, 0.5593049586390695)	(36, 0.5643468625262054)	(38, 0.5692591633334398)	(40, 0.5751291506160516)	(42, 0.5809486729825957)	(44, 0.5873932721504337)	(46, 0.5938241081593443)	(48, 0.6002583849579867)	(50, 0.606291236287908)	(52, 0.6129399889798386)	(54, 0.6206381825399969)	(56, 0.627596606307798)	(58, 0.6341948940836607)	(60, 0.6414675766469747)	(62, 0.6490522241459805)	(64, 0.6567618870052452)	(66, 0.6646642340894958)	(68, 0.6725126754679469)	(70, 0.6809689896990325)	(72, 0.688707325806063)	(74, 0.6960935544305294)	(76, 0.7038949716826446)	(78, 0.7115518757660202)	(80, 0.7189094311427209)	(82, 0.7267441093622444)	(84, 0.7354733929120603)	(86, 0.745015849768514)	(88, 0.7531292319563209)	(90, 0.7597837192978045)
SRR19077144_2 - illumina_universal_adapter	(1, 0.00011010527142061927)	(2, 0.00011698685088440797)	(3, 0.00011698685088440797)	(4, 0.0001261622901694596)	(5, 0.0001261622901694596)	(6, 0.0001284561499907225)	(7, 0.0001284561499907225)	(8, 0.00013304386963324829)	(9, 0.00013304386963324829)	(10, 0.0001582763276671402)	(12, 0.00019727194462860952)	(14, 0.00023856142141134176)	(16, 0.00030393642631733445)	(18, 0.00035554827229574977)	(20, 0.0004140416977379537)	(22, 0.0005172653896947843)	(24, 0.000626223731204772)	(26, 0.0007650022503911777)	(28, 0.0009014869097563204)	(30, 0.001046000078495883)	(32, 0.001269651411069016)	(34, 0.00155753081863751)	(36, 0.0019268422498608373)	(38, 0.002411993602057941)	(40, 0.0030542743520115536)	(42, 0.003870888448381146)	(44, 0.005005202129995652)	(46, 0.006458362326765699)	(48, 0.00873501819936913)	(50, 0.011860402205839832)	(52, 0.016256584553290182)	(54, 0.02242821440239802)	(56, 0.03158989052852205)	(58, 0.044799082309264465)	(60, 0.06457903554801447)	(62, 0.08810944959452931)	(64, 0.1123234338677805)	(66, 0.14180870801029383)	(68, 0.17937525030311638)	(70, 0.2240963413784579)	(72, 0.2817800343037561)	(74, 0.3548073555734818)	(76, 0.44288354420060283)	(78, 0.557311594454392)	(80, 0.6998956270842727)	(82, 0.8653620583611614)	(84, 1.0662605953671878)	(86, 1.3002595295940376)	(88, 1.5763117959241002)	(90, 1.8147596712742893)
SRR19077144_2 - polya	(1, 0.36800163726538604)	(2, 0.3734747867989193)	(3, 0.37890894071549114)	(4, 0.38445319990348353)	(5, 0.3894951037906194)	(6, 0.39471822260363504)	(7, 0.4003702932032268)	(8, 0.4066095919170619)	(9, 0.41488125043253593)	(10, 0.4278404114927607)	(12, 0.4405346317436296)	(14, 0.4527712269601566)	(16, 0.4650800787610533)	(18, 0.47622823749239096)	(20, 0.48688551022197846)	(22, 0.49735927416586484)	(24, 0.5070473911209687)	(26, 0.5169006659832035)	(28, 0.5260738114084338)	(30, 0.534133287890441)	(32, 0.5416250340666857)	(34, 0.5492727627107762)	(36, 0.5562162763897389)	(38, 0.5630588602365663)	(40, 0.570055132691418)	(42, 0.5768782187297645)	(44, 0.5836898354690048)	(46, 0.5908799390787534)	(48, 0.5975172224715775)	(50, 0.6047600848572151)	(52, 0.6120774976870438)	(54, 0.6197722504574702)	(56, 0.6268155470386579)	(58, 0.6335675234225453)	(60, 0.6404250173582107)	(62, 0.6473215069108376)	(64, 0.6540425161871379)	(66, 0.660848398276825)	(68, 0.6679008702972977)	(70, 0.6758364783489568)	(72, 0.6837296499939225)	(74, 0.6908750233371563)	(76, 0.6982532234522485)	(78, 0.7057690551566165)	(80, 0.7124969460123804)	(82, 0.718787856572194)	(84, 0.7257405456904418)	(86, 0.7335499914519314)	(88, 0.7411667529884348)	(90, 0.7470826174674718)
SRR19077144_2 - polyg	(1, 0.42073518069639887)	(2, 0.42447646606487865)	(3, 0.4251967380487552)	(4, 0.42566468545229286)	(5, 0.4260339968835162)	(6, 0.42643771621205845)	(7, 0.4267726197459628)	(8, 0.4275456505057284)	(9, 0.4281099400217591)	(10, 0.4287889225288529)	(12, 0.42957456951763545)	(14, 0.43024437658544423)	(16, 0.4306480959139865)	(18, 0.43102084813494174)	(20, 0.4313121683322421)	(22, 0.43162413326793386)	(24, 0.4319498613625532)	(26, 0.43225150392904926)	(28, 0.4325703504442048)	(30, 0.43292475178658996)	(32, 0.4332768592691538)	(34, 0.4336633746490366)	(36, 0.43404874309900876)	(38, 0.43435956110478985)	(40, 0.4346852891994092)	(42, 0.4350133111538498)	(44, 0.43528972126231197)	(46, 0.43554778049220405)	(48, 0.43585745156807454)	(50, 0.43615565334483875)	(52, 0.43645614898142415)	(54, 0.43674632224881393)	(56, 0.437069756483612)	(58, 0.4374505372139416)	(60, 0.43776135521972276)	(62, 0.4380882302442527)	(64, 0.43850227194199065)	(66, 0.43896104390624324)	(68, 0.439360175515143)	(70, 0.4397902742316298)	(72, 0.4402823071632907)	(74, 0.44084889053914267)	(76, 0.4414567633917773)	(78, 0.44210248493146276)	(80, 0.4429477722755982)	(82, 0.44418416271925887)	(84, 0.4451177636665129)	(86, 0.446209640941434)	(88, 0.44741162348777574)	(90, 0.4485642880479604)
SRR19077145_1 - illumina_universal_adapter	(1, 0.0008527393840555415)	(2, 0.0008527393840555415)	(3, 0.0008527393840555415)	(4, 0.0008584243132825785)	(5, 0.0008584243132825785)	(6, 0.0008584243132825785)	(7, 0.0008584243132825785)	(8, 0.0008612667778960969)	(9, 0.0008697941717366524)	(10, 0.0008882701917245224)	(12, 0.0009351708578475772)	(14, 0.0009863352208909098)	(16, 0.0010801365531370192)	(18, 0.0011767803499966472)	(20, 0.001277687843776553)	(22, 0.0014013350544646065)	(24, 0.0016145199004784921)	(26, 0.0019044512910573763)	(28, 0.0025454270614057913)	(30, 0.003766265612911975)	(32, 0.0056508196516747225)	(34, 0.007983061867066628)	(36, 0.010858214823640563)	(38, 0.014483778438183374)	(40, 0.020120385766790504)	(42, 0.027421256126612698)	(44, 0.03602255404711959)	(46, 0.047599912417980325)	(48, 0.06488067603586588)	(50, 0.08826136871436208)	(52, 0.11873258937128009)	(54, 0.15993127147961683)	(56, 0.21387982861189064)	(58, 0.2824130716761278)	(60, 0.3713296284839058)	(62, 0.46698851135494973)	(64, 0.5537121067133983)	(66, 0.6419493144785455)	(68, 0.7413403533871391)	(70, 0.8502024843879763)	(72, 0.9737359964914891)	(74, 1.1131659919461039)	(76, 1.2707891821595436)	(78, 1.4502368156755785)	(80, 1.650481341536421)	(82, 1.8659145770595993)	(84, 2.107343572705711)	(86, 2.3704207788483793)	(88, 2.6665842730924028)	(90, 2.9057719853907553)
SRR19077145_1 - polya	(1, 0.40610007686877053)	(2, 0.4112762049299877)	(3, 0.4171885313261061)	(4, 0.42140959127718103)	(5, 0.42542599377608264)	(6, 0.42932585522583)	(7, 0.43304664140492566)	(8, 0.4373757150113143)	(9, 0.4430037949460809)	(10, 0.45057754190880084)	(12, 0.45802195673160573)	(14, 0.46372109828171026)	(16, 0.469188578965813)	(18, 0.47373225865052226)	(20, 0.47805280486307034)	(22, 0.4821331628157761)	(24, 0.48618367489004)	(26, 0.49067476897939916)	(28, 0.4950280035350027)	(30, 0.499418190130582)	(32, 0.5039249177753156)	(34, 0.5084856522477059)	(36, 0.5128161470864013)	(38, 0.517227652166582)	(40, 0.5223384035416883)	(42, 0.5273780933014565)	(44, 0.5328739986316944)	(46, 0.5386726264432721)	(48, 0.5443689255287631)	(50, 0.5499131527574308)	(52, 0.5558865921427399)	(54, 0.562019209546406)	(56, 0.5681688817377533)	(58, 0.5742773381922044)	(60, 0.5804355377773922)	(62, 0.5866775900686788)	(64, 0.5935108749995772)	(66, 0.6004280126365744)	(68, 0.6069713661768938)	(70, 0.6137819113908842)	(72, 0.6206919428663475)	(74, 0.6274427963234539)	(76, 0.6342817661835793)	(78, 0.6411278422052387)	(80, 0.6482155277190469)	(82, 0.6552378365467444)	(84, 0.6626921999956965)	(86, 0.6703384298060612)	(88, 0.6774303790167897)	(90, 0.6832830136560243)
SRR19077145_2 - illumina_universal_adapter	(1, 0.0009351708578475772)	(2, 0.0009408557870746141)	(3, 0.0009408557870746141)	(4, 0.0009436982516881327)	(5, 0.0009436982516881327)	(6, 0.0009465407163016511)	(7, 0.0009465407163016511)	(8, 0.0009493831809151696)	(9, 0.000957910574755725)	(10, 0.0009778078270503542)	(12, 0.0010218660285598907)	(14, 0.0010801365531370192)	(16, 0.0011767803499966472)	(18, 0.0012734241468562754)	(20, 0.0013785953375564587)	(22, 0.00150650624516479)	(24, 0.0017282184850192308)	(26, 0.0020195711079048742)	(28, 0.0026704955044006043)	(30, 0.003911231308201417)	(32, 0.0058426860130872185)	(34, 0.008204774106921069)	(36, 0.01113961882037889)	(38, 0.014840507747179942)	(40, 0.020539649297284475)	(42, 0.02799259151392991)	(44, 0.036720379109738376)	(46, 0.04852797711429411)	(48, 0.06609582965814502)	(50, 0.08977924481798094)	(52, 0.12057450644084006)	(54, 0.1622848321796101)	(56, 0.21690847465759458)	(58, 0.2863200392874089)	(60, 0.37653418119125814)	(62, 0.47357450186447203)	(64, 0.5616070521774459)	(66, 0.6510039855049086)	(68, 0.7518219416494885)	(70, 0.8622261097031594)	(72, 0.9874807341301577)	(74, 1.1286005747975092)	(76, 1.288379774420303)	(78, 1.470533434248407)	(80, 1.6736047911673937)	(82, 1.8919146008794527)	(84, 2.1364475678835264)	(86, 2.402647221404145)	(88, 2.702171930053654)	(90, 2.9442163192885924)
SRR19077145_2 - polya	(1, 0.3354165093244067)	(2, 0.340078151290577)	(3, 0.34504393697039376)	(4, 0.3497993802688102)	(5, 0.35432174146891804)	(6, 0.35888105470900167)	(7, 0.3638866348934077)	(8, 0.3693669066682713)	(9, 0.3769164926817764)	(10, 0.38840289218500457)	(12, 0.40035545588484966)	(14, 0.4124046633815545)	(16, 0.4242833230014482)	(18, 0.43490419202985997)	(20, 0.44481728736950565)	(22, 0.4548085504860231)	(24, 0.46391012217850924)	(26, 0.47347217313838535)	(28, 0.4823392415002562)	(30, 0.4904857450826002)	(32, 0.49771697505939116)	(34, 0.5047563386747697)	(36, 0.5112627401751135)	(38, 0.5171779090358454)	(40, 0.5235834030424092)	(42, 0.5298453525859904)	(44, 0.5361087233618784)	(46, 0.5431054500080541)	(48, 0.5493787694100893)	(50, 0.5561324653318093)	(52, 0.5630353906457388)	(54, 0.5701600281995229)	(56, 0.5768511898997455)	(58, 0.5830975058879523)	(60, 0.5897375032251314)	(62, 0.5962353773316347)	(64, 0.602572652187474)	(66, 0.6089795674263447)	(68, 0.616114153606276)	(70, 0.6235344074798661)	(72, 0.630801168264326)	(74, 0.6372706177246941)	(76, 0.6441692793417033)	(78, 0.6509215540311165)	(80, 0.657264513816183)	(82, 0.6636714290550536)	(84, 0.6701963065753853)	(86, 0.6772712009984327)	(88, 0.6845521741059604)	(90, 0.6899656479624062)
SRR19077145_2 - polyg	(1, 0.4996853818042527)	(2, 0.5044550374257367)	(3, 0.5056460300988009)	(4, 0.506424865402905)	(5, 0.5069023994579761)	(6, 0.5076783922974667)	(7, 0.5082241455032622)	(8, 0.5090569876350232)	(9, 0.5098216106160596)	(10, 0.5109429629060926)	(12, 0.5123130308498085)	(14, 0.5132425167784291)	(16, 0.513774057661157)	(18, 0.5142501704839213)	(20, 0.514730547003606)	(22, 0.5152066598263703)	(24, 0.5156685603260671)	(26, 0.5160323957965974)	(28, 0.5164402894686373)	(30, 0.5168666591606651)	(32, 0.5173186110342145)	(34, 0.5177179773124139)	(36, 0.518101710035239)	(38, 0.5184129599104191)	(40, 0.518856384390128)	(42, 0.5192116924668179)	(44, 0.5195556306850536)	(46, 0.5198796716509947)	(48, 0.5202136612430831)	(50, 0.5204964864721282)	(52, 0.5208688493364991)	(54, 0.5213193799777418)	(56, 0.521778438012825)	(58, 0.5222303898863745)	(60, 0.5225984890538251)	(62, 0.5229736943828096)	(64, 0.5239699782298477)	(66, 0.5248767244415602)	(68, 0.5254054228596746)	(70, 0.5260748232761582)	(72, 0.5268778195294772)	(74, 0.5276779733181827)	(76, 0.5285392400960787)	(78, 0.5295966369323075)	(80, 0.5308387939684152)	(82, 0.532480317282722)	(84, 0.5333870634944344)	(86, 0.534281018615386)	(88, 0.5352773024624242)	(90, 0.5361030384326514)
SRR19077146_1 - illumina_universal_adapter	(1, 0.0009034988806446912)	(2, 0.0009034988806446912)	(3, 0.0009034988806446912)	(4, 0.0009063490348423085)	(5, 0.0009120493432375432)	(6, 0.0009120493432375432)	(7, 0.0009120493432375432)	(8, 0.0009205998058303952)	(9, 0.0009291502684232471)	(10, 0.0009519515020041858)	(12, 0.0010018292004624887)	(14, 0.0010702329012053046)	(16, 0.001185664146208806)	(18, 0.0013395724728801415)	(20, 0.0014507284865872172)	(22, 0.0015590343460966753)	(24, 0.00174571944604061)	(26, 0.0020335850199999597)	(28, 0.0026663192518710053)	(30, 0.003954588949194035)	(32, 0.0057573114791869915)	(34, 0.00803600976018204)	(36, 0.010876188418107703)	(38, 0.014501584557476938)	(40, 0.01973304258720353)	(42, 0.026660342364512434)	(44, 0.034747654900251584)	(46, 0.045849005499971056)	(48, 0.06254805894381095)	(50, 0.08510987957214967)	(52, 0.11485266370138525)	(54, 0.1548631283275372)	(56, 0.20715348231412342)	(58, 0.27307469875081447)	(60, 0.35925623630126824)	(62, 0.45281112276095803)	(64, 0.5388116755198631)	(66, 0.6244402831559792)	(68, 0.7212842475597193)	(70, 0.827546546509486)	(72, 0.9477803013359727)	(74, 1.0829331883098874)	(76, 1.2357570313090294)	(78, 1.4103432266840783)	(80, 1.6061929974504516)	(82, 1.8187147451957872)	(84, 2.0557634948887187)	(86, 2.314345159544649)	(88, 2.605060887701616)	(90, 2.8408512943162996)
SRR19077146_1 - polya	(1, 0.4125199179463408)	(2, 0.4176444951936567)	(3, 0.42354431438272455)	(4, 0.427964903543229)	(5, 0.4319408686489052)	(6, 0.43581707835766476)	(7, 0.439636284982472)	(8, 0.44397991997964076)	(9, 0.4495605218985755)	(10, 0.4572245865359685)	(12, 0.46483592332070556)	(14, 0.47052483109914967)	(16, 0.4763662221271664)	(18, 0.4810205239318755)	(20, 0.4855636697228775)	(22, 0.48985172671319277)	(24, 0.49386616890053675)	(26, 0.49842071530832927)	(28, 0.5028783564734027)	(30, 0.5072804196316227)	(32, 0.5117366357195974)	(34, 0.5161999771930661)	(36, 0.5204267558681326)	(38, 0.524863020876724)	(40, 0.5299989987408305)	(42, 0.5351905546117903)	(44, 0.5405915968162751)	(46, 0.5462990305970039)	(48, 0.5516772715679077)	(50, 0.5572949254914115)	(52, 0.5632374969934436)	(54, 0.5696061665480194)	(56, 0.5758408788553073)	(58, 0.5819145574504299)	(60, 0.5882704013111165)	(62, 0.5944267343779699)	(64, 0.6012101013682991)	(66, 0.6080590219051736)	(68, 0.6147169821108076)	(70, 0.6217183858972546)	(72, 0.6286542361371563)	(74, 0.6351910647893917)	(76, 0.6422608722765815)	(78, 0.6492009977477796)	(80, 0.6562280529220053)	(82, 0.662984343447457)	(84, 0.6702707626536657)	(86, 0.6781129619284098)	(88, 0.6853309774338756)	(90, 0.6911196406092365)
SRR19077146_2 - illumina_universal_adapter	(1, 0.0008920982638542219)	(2, 0.0008920982638542219)	(3, 0.0008920982638542219)	(4, 0.0008920982638542219)	(5, 0.0009006487264470739)	(6, 0.0009006487264470739)	(7, 0.0009006487264470739)	(8, 0.0009063490348423085)	(9, 0.0009148994974351605)	(10, 0.0009362756539172904)	(12, 0.0010004041233636803)	(14, 0.0011072849057743297)	(16, 0.0012212910736790227)	(18, 0.0013609486293622713)	(20, 0.001467829411772921)	(22, 0.0015761352712823791)	(24, 0.0017713708338191658)	(26, 0.002066361793272559)	(28, 0.0026948207938471786)	(30, 0.004010166956047573)	(32, 0.005884143340980962)	(34, 0.008216994551730741)	(36, 0.011094225214225428)	(38, 0.014780899668843436)	(40, 0.02013633940616638)	(42, 0.02718619581397283)	(44, 0.035400340211505954)	(46, 0.04666557467758842)	(48, 0.06371662216483405)	(50, 0.08665751330145588)	(52, 0.11684919671681618)	(54, 0.1574795698809499)	(56, 0.2104867376482369)	(58, 0.2772587251129167)	(60, 0.3646572785057531)	(62, 0.45945910742690044)	(64, 0.5466495995633107)	(66, 0.6334325196494618)	(68, 0.7316160565260821)	(70, 0.8392108025632349)	(72, 0.9609423134205695)	(74, 1.0978480452260189)	(76, 1.252748225558125)	(78, 1.4298482569354727)	(80, 1.6283287200262464)	(82, 1.8433429276173985)	(84, 2.082797207453119)	(86, 2.3439611118120904)	(88, 2.6379602176047126)	(90, 2.8762160076003354)
SRR19077146_2 - polya	(1, 0.3357994672548777)	(2, 0.34084709033885796)	(3, 0.34601727005333577)	(4, 0.350759926638171)	(5, 0.35542562905967057)	(6, 0.3600485791682059)	(7, 0.36512470379416234)	(8, 0.37070815586729466)	(9, 0.3781499084772735)	(10, 0.3899481217783104)	(12, 0.4021738582089899)	(14, 0.41417158230386)	(16, 0.4262548110246587)	(18, 0.4369386140344272)	(20, 0.4469369549596688)	(22, 0.456617503691876)	(24, 0.4661997221042654)	(26, 0.47567220958004663)	(28, 0.4846658711506281)	(30, 0.49284438862069097)	(32, 0.5003117926184484)	(34, 0.5075625848971869)	(36, 0.5144471323615314)	(38, 0.5207131963649931)	(40, 0.5273740067248248)	(42, 0.5338324561366257)	(44, 0.5401213213736683)	(46, 0.5469816425273333)	(48, 0.5531023486667164)	(50, 0.559898541350935)	(52, 0.5669198962167652)	(54, 0.5742875448176059)	(56, 0.5809554805629317)	(58, 0.5875193856800444)	(60, 0.5940704651032678)	(62, 0.6005246392837722)	(64, 0.6066937980445148)	(66, 0.6130311159029169)	(68, 0.6202249050977031)	(70, 0.6278704437328115)	(72, 0.6348675722879622)	(74, 0.6414272021737784)	(76, 0.6483673276449766)	(78, 0.6550096120025237)	(80, 0.661123192756413)	(82, 0.667349354601108)	(84, 0.6737265746182768)	(86, 0.6805754951551511)	(88, 0.6877222568056766)	(90, 0.6932715070284375)
SRR19077146_2 - polyg	(1, 0.5015957870844749)	(2, 0.5064381990662268)	(3, 0.5076210130582379)	(4, 0.5084504079297446)	(5, 0.5089320839891419)	(6, 0.509713026239289)	(7, 0.510257405691034)	(8, 0.5111495039548882)	(9, 0.5118762932752806)	(10, 0.5130847586550704)	(12, 0.5144043800485671)	(14, 0.5153150043147059)	(16, 0.5159235122358972)	(18, 0.5164507907624565)	(20, 0.5169595432867311)	(22, 0.5175210236636617)	(24, 0.5179499718704031)	(26, 0.5184188222359112)	(28, 0.5188363698258621)	(30, 0.5191926391005643)	(32, 0.5196814405454557)	(34, 0.5200605110537388)	(36, 0.5205022849543695)	(38, 0.5209255328527156)	(40, 0.521370156907544)	(42, 0.5217478023387283)	(44, 0.5221083468447267)	(46, 0.5224332644232552)	(48, 0.5227710076956729)	(50, 0.5231743045146358)	(52, 0.523559075331314)	(54, 0.5240293507739209)	(56, 0.5245309779127015)	(58, 0.5250240545888893)	(60, 0.5254202260223582)	(62, 0.5259033271588542)	(64, 0.5270063368333322)	(66, 0.5278742087865067)	(68, 0.5284570653199194)	(70, 0.5292779097288332)	(72, 0.530151481990403)	(74, 0.5310378799458619)	(76, 0.5320083574501506)	(78, 0.5332139726757428)	(80, 0.534536444223437)	(82, 0.5362265856626243)	(84, 0.537137209928763)	(86, 0.5379837057254553)	(88, 0.5389855349259178)	(90, 0.5399047096546494)
SRR19077147_1 - illumina_universal_adapter	(1, 0.003954183648594553)	(2, 0.003954183648594553)	(3, 0.003967771908555359)	(4, 0.003967771908555359)	(5, 0.003967771908555359)	(6, 0.003974566038535762)	(7, 0.003974566038535762)	(8, 0.003977963103525963)	(9, 0.003977963103525963)	(10, 0.004008536688437777)	(12, 0.0040611911957859)	(14, 0.004132529560580132)	(16, 0.004220853250325371)	(18, 0.004322765200031416)	(20, 0.004426375682232562)	(22, 0.004563956814335723)	(24, 0.004849310273512649)	(26, 0.005282436059763342)	(28, 0.0062760775693972825)	(30, 0.008660817192518738)	(32, 0.012209051574784212)	(34, 0.016428206292614482)	(36, 0.02168176729996111)	(38, 0.028542140047673054)	(40, 0.039231005039342084)	(42, 0.05322691279897229)	(44, 0.06899438995099258)	(46, 0.09120270232443492)	(48, 0.12459585117811572)	(50, 0.16866767382849496)	(52, 0.22326360381851845)	(54, 0.2957960369568059)	(56, 0.3923321313158572)	(58, 0.5150629938143523)	(60, 0.681653362401339)	(62, 0.864868967050372)	(64, 1.0183262823852397)	(66, 1.1770881147023071)	(68, 1.3545456941929483)	(70, 1.5422539172915228)	(72, 1.7532761974178501)	(74, 1.9861772746135702)	(76, 2.243311314916893)	(78, 2.5422173648722284)	(80, 2.879634242088983)	(82, 3.2261824299993993)	(84, 3.6045713080629747)	(86, 4.007833495984805)	(88, 4.4384182776228265)	(90, 4.78389978712632)
SRR19077147_1 - polya	(1, 0.5947921091343816)	(2, 0.6030130064106692)	(3, 0.6121443171043309)	(4, 0.6192645653237933)	(5, 0.6256510475053721)	(6, 0.63117807224443)	(7, 0.6365556261239189)	(8, 0.6439034776977248)	(9, 0.6531468915360631)	(10, 0.6650654940541851)	(12, 0.6764711397587866)	(14, 0.6857587154419975)	(16, 0.6953995858841895)	(18, 0.702387348569034)	(20, 0.7087993087380393)	(22, 0.7155951372509374)	(24, 0.7215501921787606)	(26, 0.7281116232073348)	(28, 0.7339375896655305)	(30, 0.7397822399811721)	(32, 0.7454927062297009)	(34, 0.751918254658667)	(36, 0.7583047368402458)	(38, 0.7642512991055935)	(40, 0.7711847087505949)	(42, 0.7781113242656157)	(44, 0.7854642714369069)	(46, 0.7930006601176689)	(48, 0.8002024378968962)	(50, 0.8076793779403296)	(52, 0.8154331787804645)	(54, 0.8244829599143614)	(56, 0.8326953645281735)	(58, 0.840325172496166)	(60, 0.848433966627777)	(62, 0.8563966869648094)	(64, 0.8646600475534746)	(66, 0.8730253200918459)	(68, 0.8813311439928884)	(70, 0.8903979104517363)	(72, 0.8990536320467697)	(74, 0.9073883310002291)	(76, 0.9160372584652821)	(78, 0.9244908546933985)	(80, 0.9321019788039451)	(82, 0.940327971677718)	(84, 0.9499501582624638)	(86, 0.959562153652239)	(88, 0.9678323083708845)	(90, 0.9749134903429595)
SRR19077147_2 - illumina_universal_adapter	(1, 0.0040119337534279785)	(2, 0.0040119337534279785)	(3, 0.004018727883408381)	(4, 0.004018727883408381)	(5, 0.004018727883408381)	(6, 0.004022124948398583)	(7, 0.004022124948398583)	(8, 0.004025522013388784)	(9, 0.004025522013388784)	(10, 0.0040611911957859)	(12, 0.004124036898104628)	(14, 0.004203867925374363)	(16, 0.004300684277595106)	(18, 0.004412787422271755)	(20, 0.004536780294414111)	(22, 0.004672662894022172)	(24, 0.00494103102824809)	(26, 0.005379252411984084)	(28, 0.006401768974034738)	(30, 0.008810288052087605)	(32, 0.012370412161818783)	(34, 0.016649015516977582)	(36, 0.021985804616584146)	(38, 0.028932802521546223)	(40, 0.039720182397931104)	(42, 0.05384517862718897)	(44, 0.06981308261363114)	(46, 0.09223710861395129)	(48, 0.12591561092680903)	(50, 0.17063457445782163)	(52, 0.22576384365130678)	(54, 0.2987565790957665)	(56, 0.3960773954675544)	(58, 0.5200566793499485)	(60, 0.6879990798030354)	(62, 0.8727331725026883)	(64, 1.0273913503115923)	(66, 1.1874117952075294)	(68, 1.3664812820360215)	(70, 1.5555330443382205)	(72, 1.7681621362049131)	(74, 2.0027736356231998)	(76, 2.2616843409163976)	(78, 2.563435432801027)	(80, 2.9035444840225164)	(82, 3.2526999193129122)	(84, 3.6335193973769764)	(86, 4.039191802909356)	(88, 4.472604641151719)	(90, 4.820788515854917)
SRR19077147_2 - polya	(1, 0.4719406508287344)	(2, 0.4793428554423835)	(3, 0.4871119430749743)	(4, 0.49440544160893696)	(5, 0.5012267481092616)	(6, 0.508248481444008)	(7, 0.5156778625775787)	(8, 0.5241263632082099)	(9, 0.5355472957052674)	(10, 0.5536111887906638)	(12, 0.5713336768445452)	(14, 0.5877669787346449)	(16, 0.6042461410021125)	(18, 0.6183405636464585)	(20, 0.6319593971921763)	(22, 0.6453268479286192)	(24, 0.6580573489793994)	(26, 0.6702748932166591)	(28, 0.6824210990891246)	(30, 0.6936789724666523)	(32, 0.7034727108334033)	(34, 0.7133140081100171)	(36, 0.7219323619901583)	(38, 0.7309651577991041)	(40, 0.7395512395618384)	(42, 0.7478451737354155)	(44, 0.7563208508859682)	(46, 0.7652619259401785)	(48, 0.7738021473255451)	(50, 0.7823984202832499)	(52, 0.7915840840167548)	(54, 0.8013166752136822)	(56, 0.8104157137899368)	(58, 0.8187164420934943)	(60, 0.8273993402084494)	(62, 0.8362639813003802)	(64, 0.8449180043629185)	(66, 0.853692623232609)	(68, 0.862795058873854)	(70, 0.8731102467166008)	(72, 0.8829872131756117)	(74, 0.8921117297392929)	(76, 0.9014638496573177)	(78, 0.9102605494494445)	(80, 0.9189468446293897)	(82, 0.9266259100397403)	(84, 0.9354429922218082)	(86, 0.9450244140266715)	(88, 0.9543680412822209)	(90, 0.9616955104660855)
SRR19077147_2 - polyg	(1, 0.363231174077296)	(2, 0.36658747428761507)	(3, 0.36747071118506747)	(4, 0.36812634472817635)	(5, 0.36848643361713773)	(6, 0.36900278749564835)	(7, 0.3693764646445705)	(8, 0.369974348082846)	(9, 0.370514481416288)	(10, 0.3711582252319312)	(12, 0.3719276604522118)	(14, 0.37240155101834493)	(16, 0.37270728686746313)	(18, 0.37301981684656166)	(20, 0.37331366296821406)	(22, 0.3736363841422832)	(24, 0.37392003906896504)	(26, 0.37412556150087223)	(28, 0.37434297366024516)	(30, 0.3746215329894417)	(32, 0.37483554808382435)	(34, 0.3750563573081874)	(36, 0.37533151957239375)	(38, 0.37561347596658046)	(40, 0.3758835426333015)	(42, 0.37612303571511074)	(44, 0.37632346254953264)	(46, 0.3765680512288271)	(48, 0.37680584577814125)	(50, 0.3770266550025043)	(52, 0.37733748644910775)	(54, 0.37770267093555443)	(56, 0.37794386254985873)	(58, 0.3782360101390161)	(60, 0.3785196650656979)	(62, 0.37894090112448287)	(64, 0.38165006045416855)	(66, 0.38387343949025543)	(68, 0.38426749902911883)	(70, 0.3847668675826784)	(72, 0.3853766407484196)	(74, 0.38602208309655794)	(76, 0.3866964004971129)	(78, 0.3874097841450552)	(80, 0.3882369694701693)	(82, 0.38934271412447985)	(84, 0.39003401684998584)	(86, 0.3908068491352567)	(88, 0.3917206596176209)	(90, 0.39267353634737245)
SRR19077148_1 - illumina_universal_adapter	(1, 0.003660414237103366)	(2, 0.003660414237103366)	(3, 0.003663797244716216)	(4, 0.003663797244716216)	(5, 0.0036671802523290655)	(6, 0.003673946267554765)	(7, 0.003673946267554765)	(8, 0.0036773292751676144)	(9, 0.003680712282780464)	(10, 0.0036874782980061633)	(12, 0.0037229998779410856)	(14, 0.0037889685263916544)	(16, 0.003848171159616524)	(18, 0.00394796988419559)	(20, 0.004061300639226054)	(22, 0.004208461470385016)	(24, 0.004467261552768017)	(26, 0.004863073443471431)	(28, 0.005884741742552038)	(30, 0.008149665339354907)	(32, 0.011507300395108225)	(34, 0.015453578775497391)	(36, 0.020426599966386436)	(38, 0.027118189024603126)	(40, 0.037426213220956135)	(42, 0.05144201376099241)	(44, 0.0675146829296413)	(46, 0.08916254864426645)	(48, 0.12120977976079159)	(50, 0.16431437125991594)	(52, 0.21775235951248967)	(54, 0.2883168238051149)	(56, 0.3817724091100877)	(58, 0.5007764679073012)	(60, 0.6629307888064127)	(62, 0.8397250751501311)	(64, 0.9871058018039279)	(66, 1.139567805892225)	(68, 1.3115040933038913)	(70, 1.4948512653936996)	(72, 1.6991257225765959)	(74, 1.9276749508854953)	(76, 2.178932617795648)	(78, 2.4721598771508146)	(80, 2.8037572088509224)	(82, 3.1404510415197877)	(84, 3.509425532830465)	(86, 3.899792472780997)	(88, 4.321223880136522)	(90, 4.662660689478603)
SRR19077148_1 - polya	(1, 0.6015190516103522)	(2, 0.6098108032694468)	(3, 0.618045043799123)	(4, 0.6251019976795275)	(5, 0.6312962846186552)	(6, 0.636499350327218)	(7, 0.6419832056676473)	(8, 0.6491145857155345)	(9, 0.6585430279325466)	(10, 0.6703446499899728)	(12, 0.6814679790210225)	(14, 0.690427874683655)	(16, 0.700285958867499)	(18, 0.7074731585409981)	(20, 0.7138552024026391)	(22, 0.7207108673300789)	(24, 0.7266480456906301)	(26, 0.7330486960941418)	(28, 0.7390873646830785)	(30, 0.7451277247758217)	(32, 0.7509887854650836)	(34, 0.7574537130132395)	(36, 0.7636564574713993)	(38, 0.769798307792528)	(40, 0.7770176460383493)	(42, 0.7841016639796565)	(44, 0.7914275669652825)	(46, 0.7988786412325839)	(48, 0.8062417573019514)	(50, 0.8136606929969307)	(52, 0.8216412079556431)	(54, 0.8306670722667261)	(56, 0.8385156499285373)	(58, 0.8460073202871929)	(60, 0.8540098247953889)	(62, 0.862041084868294)	(64, 0.8703108469779052)	(66, 0.8787717490176423)	(68, 0.8869772339826092)	(70, 0.8955548497849896)	(72, 0.9044859898829127)	(74, 0.9129046043274892)	(76, 0.9215177417098046)	(78, 0.9295912893778704)	(80, 0.9375650383213571)	(82, 0.9460276318649006)	(84, 0.9554915956618475)	(86, 0.965045209160535)	(88, 0.9732168640493735)	(90, 0.9801790937166182)
SRR19077148_2 - illumina_universal_adapter	(1, 0.0036976273208447125)	(2, 0.0036976273208447125)	(3, 0.003701010328457562)	(4, 0.0037043933360704122)	(5, 0.003707776343683262)	(6, 0.0037111593512961115)	(7, 0.0037111593512961115)	(8, 0.003714542358908961)	(9, 0.0037213083741346603)	(10, 0.0037280743893603596)	(12, 0.0037771279997466803)	(14, 0.003865086197680772)	(16, 0.003925980334712067)	(18, 0.004013938532646159)	(20, 0.004123886280063774)	(22, 0.0042507490655456365)	(24, 0.004487559598445116)	(26, 0.004898595023406354)	(28, 0.005933795352938359)	(30, 0.008205484964966927)	(32, 0.011573269043558793)	(34, 0.01556860103433428)	(36, 0.02055684575948115)	(38, 0.027331318504212658)	(40, 0.03769008781475841)	(42, 0.05179722956034162)	(44, 0.06796800594976316)	(46, 0.08982730964019142)	(48, 0.1223075657311613)	(50, 0.16570478738879715)	(52, 0.21954704505110642)	(54, 0.2907644298130117)	(56, 0.38481373295403953)	(58, 0.5049849293776862)	(60, 0.6682048976748454)	(62, 0.8463050249571238)	(64, 0.9947564735203875)	(66, 1.1482215393658946)	(68, 1.3214281461361859)	(70, 1.5059052427686859)	(72, 1.7116597657822041)	(74, 1.9418700508290128)	(76, 2.1946957417677218)	(78, 2.489920667118276)	(80, 2.8237372518124126)	(82, 3.1625048681479546)	(84, 3.5333247901114415)	(86, 3.925564224775686)	(88, 4.349497366260913)	(90, 4.692816819339545)
SRR19077148_2 - polya	(1, 0.46965618087669697)	(2, 0.4771766068000618)	(3, 0.4846632026472982)	(4, 0.49150364404048025)	(5, 0.49844895866966066)	(6, 0.505532976610968)	(7, 0.513229318930201)	(8, 0.5221232459443829)	(9, 0.5330435945186616)	(10, 0.5513947193145647)	(12, 0.5689914334128024)	(14, 0.5853465837171243)	(16, 0.6014378594276438)	(18, 0.6156870874929667)	(20, 0.6295574187056505)	(22, 0.6426970202739587)	(24, 0.6555033955924012)	(26, 0.6678716714249796)	(28, 0.679781549726017)	(30, 0.6907475689030693)	(32, 0.700532918423237)	(34, 0.7103047359129533)	(36, 0.7193170681935849)	(38, 0.7285323809309874)	(40, 0.7370355705658851)	(42, 0.7452258319965943)	(44, 0.7540334923166485)	(46, 0.7636361594257223)	(48, 0.7725859060655161)	(50, 0.7816709730098239)	(52, 0.7906663902523914)	(54, 0.8004500482687527)	(56, 0.8098125218373141)	(58, 0.8182311362818906)	(60, 0.826741091932014)	(62, 0.8354066659323285)	(64, 0.8440976124897392)	(66, 0.8527784100243117)	(68, 0.8618431789229424)	(70, 0.8716302199469166)	(72, 0.8815052191688248)	(74, 0.8910419176294482)	(76, 0.9006276697004577)	(78, 0.9096061719049607)	(80, 0.9179672752201188)	(82, 0.9258293849123815)	(84, 0.9344865013936638)	(86, 0.9436612180397121)	(88, 0.952658326786086)	(90, 0.9603208390291905)
SRR19077148_2 - polyg	(1, 0.3639236609446927)	(2, 0.3672863705118653)	(3, 0.3681727185064319)	(4, 0.36882902198332473)	(5, 0.36917070575222255)	(6, 0.3697187529855042)	(7, 0.37007396878485344)	(8, 0.370601717972458)	(9, 0.37112270114483686)	(10, 0.3718771118425023)	(12, 0.3727194807381019)	(14, 0.3733470286502855)	(16, 0.373663339862087)	(18, 0.3739339804711149)	(20, 0.3742080040877558)	(22, 0.3745107832691058)	(24, 0.3747932644047788)	(26, 0.37501146839580757)	(28, 0.37527534298960985)	(30, 0.37554767510244424)	(32, 0.37582169871908505)	(34, 0.37610587135856444)	(36, 0.37643064008939797)	(38, 0.3767384937821673)	(40, 0.37698883634551816)	(42, 0.37726455146596544)	(44, 0.37750136199886497)	(46, 0.3777652365926672)	(48, 0.3779902065989217)	(50, 0.3782523896889176)	(52, 0.37860422248065395)	(54, 0.37899495985993803)	(56, 0.37938908024683504)	(58, 0.3797307640157329)	(60, 0.3800166281590187)	(62, 0.3803650779431422)	(64, 0.38301228140019705)	(66, 0.38514019318867954)	(68, 0.38562396327731707)	(70, 0.3861804680296308)	(72, 0.38688582511691)	(74, 0.387582724685157)	(76, 0.388359124932306)	(78, 0.38919134480506706)	(80, 0.39004386272350516)	(82, 0.39124990493748607)	(84, 0.39200431563515153)	(86, 0.392850067538364)	(88, 0.39396138553918514)	(90, 0.3949559897773629)
SRR19077149_1 - illumina_universal_adapter	(1, 0.001316401426435531)	(2, 0.001316401426435531)	(3, 0.001316401426435531)	(4, 0.001316401426435531)	(5, 0.0013297253275128139)	(6, 0.00134038444837464)	(7, 0.0013430492285900965)	(8, 0.0013430492285900965)	(9, 0.001345714008805553)	(10, 0.001364367470313749)	(12, 0.0014149982944074231)	(14, 0.001458967167962456)	(16, 0.0015215895030256847)	(18, 0.0015762174974425437)	(20, 0.001665487634660338)	(22, 0.0017933970850022517)	(24, 0.0020025823319155906)	(26, 0.0023929726334799735)	(28, 0.0034961916426789813)	(30, 0.0057066268314001824)	(32, 0.008863058996608456)	(34, 0.0127722915726832)	(36, 0.017864686564420647)	(38, 0.025000967981413262)	(40, 0.03603982002394199)	(42, 0.049598221760184864)	(44, 0.06513655519651196)	(46, 0.08615767392614088)	(48, 0.11685727439830795)	(50, 0.15835856147382812)	(52, 0.21228438630391439)	(54, 0.2838896954734471)	(56, 0.3792834976263604)	(58, 0.5030851892661481)	(60, 0.6677086490265145)	(62, 0.8499702890329878)	(64, 1.0118210449791716)	(66, 1.1800992508050367)	(68, 1.3707549484901982)	(70, 1.5792779975199958)	(72, 1.8170376826836745)	(74, 2.084034003981235)	(76, 2.385737755195009)	(78, 2.735815261659966)	(80, 3.132678314367693)	(82, 3.553264572943522)	(84, 4.013743923734843)	(86, 4.512031176223061)	(88, 5.062790615933835)	(90, 5.497883938002609)
SRR19077149_1 - polya	(1, 0.12907395929606846)	(2, 0.13234364462043363)	(3, 0.13558668214264424)	(4, 0.138637855489342)	(5, 0.14117739103467206)	(6, 0.1433385277894073)	(7, 0.14537441987401611)	(8, 0.14855350267105577)	(9, 0.15249737738993147)	(10, 0.15754580350811387)	(12, 0.16202263427008085)	(14, 0.16617835901608535)	(16, 0.17121745840351366)	(18, 0.1748961874909514)	(20, 0.1782458162217803)	(22, 0.18200182393546627)	(24, 0.18551533664954573)	(26, 0.18908614213825747)	(28, 0.19232251770992947)	(30, 0.195816044572393)	(32, 0.19919765066580733)	(34, 0.20287904453346056)	(36, 0.20655777362089828)	(38, 0.21031644611479974)	(40, 0.215007791684111)	(42, 0.21948329005597025)	(44, 0.22440247433370303)	(46, 0.2295801422923351)	(48, 0.23466321055331843)	(50, 0.2400114244457397)	(52, 0.24551819276098064)	(54, 0.25183771904193586)	(56, 0.2577428719993875)	(58, 0.2634734818527268)	(60, 0.26971306472721834)	(62, 0.27610054290366765)	(64, 0.28290639157394365)	(66, 0.2893271795030862)	(68, 0.2962009800688563)	(70, 0.30391818357281847)	(72, 0.3109358822702233)	(74, 0.3177070887976984)	(76, 0.3254029740599368)	(78, 0.3323767038837866)	(80, 0.3385883065660158)	(82, 0.34523293603325667)	(84, 0.35252510709285345)	(86, 0.36071530908505917)	(88, 0.36781694835925083)	(90, 0.3732504352185667)
SRR19077149_2 - illumina_universal_adapter	(1, 0.001364367470313749)	(2, 0.001364367470313749)	(3, 0.0013723618109601184)	(4, 0.0013830209318219447)	(5, 0.0013963448328992273)	(6, 0.0014070039537610534)	(7, 0.00140966873397651)	(8, 0.00140966873397651)	(9, 0.0014149982944074231)	(10, 0.001434984146023347)	(12, 0.001508265601948402)	(14, 0.0015828794479811853)	(16, 0.0016494989533675985)	(18, 0.0017134536785385556)	(20, 0.0018093857662949912)	(22, 0.0019293008759905354)	(24, 0.0021518100239811566)	(26, 0.002538203155222355)	(28, 0.003656078455606374)	(30, 0.005863848864112118)	(32, 0.009021613419428118)	(34, 0.012964155748196069)	(36, 0.018103184393704008)	(38, 0.02529809097543667)	(40, 0.03639423579259771)	(42, 0.05005922873745884)	(44, 0.06566418167917235)	(46, 0.08689848282603779)	(48, 0.11791785692405965)	(50, 0.15977622454845097)	(52, 0.21404580602633116)	(54, 0.2863079835189739)	(56, 0.38256250968147965)	(58, 0.507287547665923)	(60, 0.6731234824243222)	(62, 0.8565749467969968)	(64, 1.0194623022469933)	(66, 1.188727809142685)	(68, 1.3804520836942444)	(70, 1.5899944111564541)	(72, 1.8293196546967136)	(74, 2.098319890716297)	(76, 2.401769072971195)	(78, 2.7536146611091077)	(80, 3.152628191450708)	(82, 3.5754541977976286)	(84, 4.037690971141044)	(86, 4.5374505146983015)	(88, 5.090161905916897)	(90, 5.526815456801821)
SRR19077149_2 - polya	(1, 0.11220590053222856)	(2, 0.11548890975767101)	(3, 0.11914498821327739)	(4, 0.12291032265771748)	(5, 0.12635854825651824)	(6, 0.1296229040204525)	(7, 0.13355611961846636)	(8, 0.13803295038043334)	(9, 0.14370360267892487)	(10, 0.15345936304771127)	(12, 0.1630432450926007)	(14, 0.1729162557908672)	(16, 0.18334753794427183)	(18, 0.19207202836967655)	(20, 0.2007752005533576)	(22, 0.2091372808694602)	(24, 0.21755532157008745)	(26, 0.2260613000178247)	(28, 0.23410493909818028)	(30, 0.24109199282310734)	(32, 0.2474301725655707)	(34, 0.25360580071489125)	(36, 0.2592338165299355)	(38, 0.26495110248219744)	(40, 0.27073767272006133)	(42, 0.276540231639218)	(44, 0.2821322729213535)	(46, 0.2882252928839949)	(48, 0.2941610908139244)	(50, 0.3004992705563877)	(52, 0.30692405565585346)	(54, 0.31392443328185776)	(56, 0.32017067810688793)	(58, 0.32613445622907966)	(60, 0.3324086812463721)	(62, 0.3388481226370228)	(64, 0.3448158979295377)	(66, 0.3509502219855187)	(68, 0.35756020930995863)	(70, 0.36476577501255314)	(72, 0.37190338881965346)	(74, 0.3785706689187257)	(76, 0.38524327857822893)	(78, 0.39169337908974144)	(80, 0.3979596097663875)	(82, 0.403846109262331)	(84, 0.41016830032350166)	(86, 0.41708074020239594)	(88, 0.42372137249931363)	(90, 0.4288297561723438)
SRR19077149_2 - polyg	(1, 0.42870984106264826)	(2, 0.43391415682343487)	(3, 0.4350200406128494)	(4, 0.4379966001135143)	(5, 0.43893460274935503)	(6, 0.4413702118662823)	(7, 0.4422229415352284)	(8, 0.4442561688396217)	(9, 0.4463640099900478)	(10, 0.4478283067184412)	(12, 0.4491540348756309)	(14, 0.4498735255338041)	(16, 0.4502452623738603)	(18, 0.4505650359997151)	(20, 0.45086882094427716)	(22, 0.45118459739980876)	(24, 0.4514470782510312)	(26, 0.4517015647616073)	(28, 0.452012011656708)	(30, 0.45229314596943865)	(32, 0.4525969309140007)	(34, 0.4528887243475932)	(36, 0.4531898445119398)	(38, 0.45347231121477816)	(40, 0.4538134030823566)	(42, 0.4541558273400428)	(44, 0.4544116462407266)	(46, 0.4546741270919491)	(48, 0.45495792618489517)	(50, 0.4552497196184877)	(52, 0.45548422027744784)	(54, 0.45581865019448764)	(56, 0.45615174772141975)	(58, 0.4564515354956586)	(60, 0.4567406641490356)	(62, 0.457145710741785)	(64, 0.458450120657251)	(66, 0.4595493424961268)	(68, 0.46015557999514317)	(70, 0.4609003860653633)	(72, 0.46168649622892294)	(74, 0.4624939246342063)	(76, 0.46330934738013596)	(78, 0.46457645037258555)	(80, 0.46653373144083843)	(82, 0.4698127434959577)	(84, 0.470664140774796)	(86, 0.4714622424493253)	(88, 0.47235227904128774)	(90, 0.4732569719244353)
SRR19077150_1 - illumina_universal_adapter	(1, 0.0013386840436584145)	(2, 0.001341356067697653)	(3, 0.001341356067697653)	(4, 0.0013440280917368912)	(5, 0.0013440280917368912)	(6, 0.0013520441638546063)	(7, 0.0013520441638546063)	(8, 0.0013520441638546063)	(9, 0.0013520441638546063)	(10, 0.0013600602359723213)	(12, 0.0014094926806982309)	(14, 0.001449573041286806)	(16, 0.0015003414980323349)	(18, 0.0015564540028563402)	(20, 0.0016646709764454935)	(22, 0.0018089602745643646)	(24, 0.002040090353958482)	(26, 0.0024529180680208074)	(28, 0.003509703575539576)	(30, 0.005569834109792346)	(32, 0.008559829009700062)	(34, 0.01234074302522233)	(36, 0.017536493769521308)	(38, 0.02450246043981569)	(40, 0.03521059677706339)	(42, 0.048636181562216496)	(44, 0.06332028966985086)	(46, 0.08349807920215926)	(48, 0.11324572283099985)	(50, 0.1534717087297136)	(52, 0.20505513280721002)	(54, 0.27540284570025775)	(56, 0.3691214168525037)	(58, 0.49044066031806227)	(60, 0.6513886923095648)	(62, 0.8294056138637219)	(64, 0.98717660927257)	(66, 1.151266941534217)	(68, 1.3366145610400244)	(70, 1.5412127777365248)	(72, 1.7740716566840293)	(74, 2.0360756378395264)	(76, 2.3314772474614633)	(78, 2.672197720800903)	(80, 3.058611141223338)	(82, 3.470351341501693)	(84, 3.921220661810655)	(86, 4.411162989645399)	(88, 4.9506927396003295)	(90, 5.379235963049434)
SRR19077150_1 - polya	(1, 0.1289812723980745)	(2, 0.1322892381586516)	(3, 0.13539947414032502)	(4, 0.13841886130466438)	(5, 0.14106416510351033)	(6, 0.14348501888306028)	(7, 0.14571615895582432)	(8, 0.14875959433651678)	(9, 0.15298673636659185)	(10, 0.15785516416608414)	(12, 0.16224930769861162)	(14, 0.1665739786061189)	(16, 0.17177507339849635)	(18, 0.17547582669284145)	(20, 0.1791017633140879)	(22, 0.18285462107719816)	(24, 0.18632157226810991)	(26, 0.18990342049270895)	(28, 0.19320604220520754)	(30, 0.19679189846586542)	(32, 0.20013192851491335)	(34, 0.20389547437418057)	(36, 0.20755614730793712)	(38, 0.2116243039076775)	(40, 0.2163203861566389)	(42, 0.22063971301606772)	(44, 0.2253411393131076)	(46, 0.2302536555092473)	(48, 0.23526503659483883)	(50, 0.2403472263174702)	(52, 0.2457968193454968)	(54, 0.25230319788104216)	(56, 0.2581843227914058)	(58, 0.263965246800298)	(60, 0.27019507084778216)	(62, 0.27648768746018854)	(64, 0.283235884171285)	(66, 0.2895458689399464)	(68, 0.29626333737459154)	(70, 0.30390933416287214)	(72, 0.31103428626350116)	(74, 0.31779450708277424)	(76, 0.32499694788054123)	(78, 0.3317023922070098)	(80, 0.337904160002082)	(82, 0.34464434064106075)	(84, 0.35198706270088775)	(86, 0.3598722056406801)	(88, 0.36692234106821053)	(90, 0.3723064695072758)
SRR19077150_2 - illumina_universal_adapter	(1, 0.0013787644042469898)	(2, 0.001381436428286228)	(3, 0.0013921245244431816)	(4, 0.001402812620600135)	(5, 0.001402812620600135)	(6, 0.0014081566686786116)	(7, 0.0014108286927178501)	(8, 0.0014108286927178501)	(9, 0.0014108286927178501)	(10, 0.0014228528008944227)	(12, 0.0015003414980323349)	(14, 0.0015684781110329128)	(16, 0.001628598651915776)	(18, 0.001691391216837877)	(20, 0.001798272178407411)	(22, 0.0019238573082516136)	(24, 0.0021656754838026843)	(26, 0.0025838472459434867)	(28, 0.0036446407895211128)	(30, 0.005718131443970074)	(32, 0.008753550752544841)	(34, 0.012558512984420256)	(36, 0.01777563992103314)	(38, 0.02471622236295476)	(40, 0.03546310304877141)	(42, 0.04894079230268966)	(44, 0.06375315756420746)	(46, 0.08411398074320371)	(48, 0.11407271427114413)	(50, 0.15456189453772287)	(52, 0.20645660941579053)	(54, 0.2772478782993518)	(56, 0.37166785576189787)	(58, 0.4936858335137172)	(60, 0.6556826349406208)	(62, 0.8348672309999251)	(64, 0.9933676889714853)	(66, 1.158415941851199)	(68, 1.344281934020619)	(70, 1.5498006629986367)	(72, 1.783478517314168)	(74, 2.046703613455597)	(76, 2.3434198589048396)	(78, 2.6856005933817224)	(80, 3.0734756109536203)	(82, 3.4865023908068693)	(84, 3.938262831132917)	(86, 4.429478378422358)	(88, 4.970441669274339)	(90, 5.399981557690081)
SRR19077150_2 - polya	(1, 0.11146882684490635)	(2, 0.11468059974007085)	(3, 0.11826645600072871)	(4, 0.12194048905468145)	(5, 0.1254916090028292)	(6, 0.12898394442211375)	(7, 0.13303473286559908)	(8, 0.13744357253034237)	(9, 0.1431670480223909)	(10, 0.1528491271285711)	(12, 0.1623588606842204)	(14, 0.17266752942760194)	(16, 0.18306838300033723)	(18, 0.1920530638322762)	(20, 0.20084936696944886)	(22, 0.20913932155118586)	(24, 0.21731037106317674)	(26, 0.22549878873142265)	(28, 0.23348413257268646)	(30, 0.24039532275017647)	(32, 0.24668259531450432)	(34, 0.2529778839509499)	(36, 0.25911685918109995)	(38, 0.2647815501442853)	(40, 0.27074283577582603)	(42, 0.2764756633520119)	(44, 0.2822018108680997)	(46, 0.2884476670598194)	(48, 0.29427267946535896)	(50, 0.30070824936386453)	(52, 0.30715183533448787)	(54, 0.31436496422841176)	(56, 0.3206295245884061)	(58, 0.3264612170540438)	(60, 0.33260420032025273)	(62, 0.3388794487764041)	(64, 0.34488348679257264)	(66, 0.3511480471525669)	(68, 0.357785354866035)	(70, 0.36500649983207667)	(72, 0.37246946297366934)	(74, 0.3792083076006285)	(76, 0.3859190959751756)	(78, 0.39258846797711455)	(80, 0.39858181789712616)	(82, 0.4044843189998037)	(84, 0.41035609182602995)	(86, 0.41720181741455864)	(88, 0.4239232938852627)	(90, 0.42880908984101)
SRR19077150_2 - polyg	(1, 0.4289961315237567)	(2, 0.4341718420877614)	(3, 0.43545975767467426)	(4, 0.43839898411783645)	(5, 0.4394063371806293)	(6, 0.4418565832246109)	(7, 0.44258604578732297)	(8, 0.44472900906679214)	(9, 0.44670363483178926)	(10, 0.4483081852673519)	(12, 0.44980051069326654)	(14, 0.4506074619531165)	(16, 0.4510670500878655)	(18, 0.4514625096456728)	(20, 0.4517911686024991)	(22, 0.4521345236915412)	(24, 0.4524778787805833)	(26, 0.4527651213648015)	(28, 0.45308843627354933)	(30, 0.4534144232063364)	(32, 0.45379518663192786)	(34, 0.4541612539253035)	(36, 0.45451930514656147)	(38, 0.4548947245240744)	(40, 0.45526079181745005)	(42, 0.45568831566372825)	(44, 0.45602499069267227)	(46, 0.4563015451807334)	(48, 0.4566008118731281)	(50, 0.45699359940689616)	(52, 0.457383714916625)	(54, 0.45786467924368784)	(56, 0.45826013880149513)	(58, 0.45860750192659616)	(60, 0.45895085701563826)	(62, 0.4594010930662499)	(64, 0.4606836646050843)	(66, 0.4618994355429378)	(68, 0.46246323261521705)	(70, 0.4632715198870867)	(72, 0.46411988751954486)	(74, 0.46497760723614034)	(76, 0.46596759214267813)	(78, 0.46725417171757144)	(80, 0.4692782299272945)	(82, 0.4727451811182063)	(84, 0.47375787822907756)	(86, 0.474675718486556)	(88, 0.4756590233329957)	(90, 0.4765928957347095)
SRR19077151_1 - illumina_universal_adapter	(1, 0.0006398280695513863)	(2, 0.0006398280695513863)	(3, 0.0006398280695513863)	(4, 0.0006571207200798021)	(5, 0.0006571207200798021)	(6, 0.0006571207200798021)	(7, 0.0006571207200798021)	(8, 0.0006571207200798021)	(9, 0.0006600028285012047)	(10, 0.000674413370608218)	(12, 0.0007363787016683748)	(14, 0.0008127545748355448)	(16, 0.0008862483395813121)	(18, 0.0009611831585377808)	(20, 0.0010346769232835481)	(22, 0.0012003981575142)	(24, 0.001433848939647814)	(26, 0.0017869072212696373)	(28, 0.002810055710867575)	(30, 0.005120065610621792)	(32, 0.008617504179993896)	(34, 0.012939225757887158)	(36, 0.018680385733321217)	(38, 0.02685692732484051)	(40, 0.039075625977377)	(42, 0.0549992750056266)	(44, 0.07173279650029032)	(46, 0.09582722290321641)	(48, 0.1300825225457975)	(50, 0.17490507271545136)	(52, 0.23274034240773817)	(54, 0.31146801604677266)	(56, 0.41358111741706827)	(58, 0.5433149048438761)	(60, 0.7112568036132186)	(62, 0.8972046747452742)	(64, 1.0548675338296842)	(66, 1.2179314640958028)	(68, 1.3994639451262696)	(70, 1.59590124985802)	(72, 1.8215544876575294)	(74, 2.0792668584825105)	(76, 2.367822112579132)	(78, 2.701784984854952)	(80, 3.0866213939311615)	(82, 3.4848754587632107)	(84, 3.9229055019190375)	(86, 4.390047722239453)	(88, 4.9063558301205745)	(90, 5.3275053642522465)
SRR19077151_1 - polya	(1, 0.2601477524410666)	(2, 0.26429222435104355)	(3, 0.2687076144526324)	(4, 0.2725552291952049)	(5, 0.27606563725247335)	(6, 0.2789448635654546)	(7, 0.281982605841613)	(8, 0.28597720811367705)	(9, 0.290966137791125)	(10, 0.2984869997167752)	(12, 0.3050135342370415)	(14, 0.31041028225611794)	(16, 0.31669183756056496)	(18, 0.3211994551316387)	(20, 0.32527331538529136)	(22, 0.3293644682894724)	(24, 0.33351326336208154)	(26, 0.33732917491201864)	(28, 0.3410125094745712)	(30, 0.3454523974977419)	(32, 0.34999171826145115)	(34, 0.35477890034940085)	(36, 0.35957472876261487)	(38, 0.36433597187477207)	(40, 0.3700526339286242)	(42, 0.37537877029137623)	(44, 0.38172517303530484)	(46, 0.3878467713223641)	(48, 0.3941412961147075)	(50, 0.40051796099706083)	(52, 0.4067534025667654)	(54, 0.4143636098534791)	(56, 0.4217533358459554)	(58, 0.42904939331473624)	(60, 0.4372417865025732)	(62, 0.44523387315512275)	(64, 0.45302853538080623)	(66, 0.46089813242544614)	(68, 0.46887292642746725)	(70, 0.4769529173868695)	(72, 0.4849147419009943)	(74, 0.49249180494086187)	(76, 0.5008412730376652)	(78, 0.5084831835170145)	(80, 0.5162994615558584)	(82, 0.5238577908909867)	(84, 0.5326900121483752)	(86, 0.5428307106290804)	(88, 0.5511888250511481)	(90, 0.5573824760487424)
SRR19077151_2 - illumina_universal_adapter	(1, 0.0005908322263875414)	(2, 0.0005908322263875414)	(3, 0.0005908322263875414)	(4, 0.0006110069853373599)	(5, 0.0006110069853373599)	(6, 0.0006110069853373599)	(7, 0.0006138890937587625)	(8, 0.0006138890937587625)	(9, 0.0006167712021801652)	(10, 0.000634063852708581)	(12, 0.0007205271053506602)	(14, 0.0008257240627318566)	(16, 0.0008977767732669226)	(18, 0.0009640652669591833)	(20, 0.0010346769232835481)	(22, 0.001187428669617888)	(24, 0.0014309668312264111)	(26, 0.0017969946007445467)	(28, 0.0028446410119244065)	(30, 0.005169061453785637)	(32, 0.008688115836318261)	(34, 0.013050186932111157)	(36, 0.01885907645544818)	(38, 0.02714225605855937)	(40, 0.039502178023744595)	(42, 0.055582901960960635)	(44, 0.0725743721593399)	(46, 0.09696421467545975)	(48, 0.13155960311176634)	(50, 0.17686634749621588)	(52, 0.23519878089119461)	(54, 0.31476226597243595)	(56, 0.4178408736639014)	(58, 0.5488110856034909)	(60, 0.7182574449688057)	(62, 0.9058120915457932)	(64, 1.0647056109261421)	(66, 1.2290448741687316)	(68, 1.4121927769693943)	(70, 1.6102325339834447)	(72, 1.8375228093663105)	(74, 2.0973160624715446)	(76, 2.3881280074621243)	(78, 2.7251516788814745)	(80, 3.112976834390678)	(82, 3.5142095582762467)	(84, 3.955052539251363)	(86, 4.425127304890555)	(88, 4.9449414976663135)	(90, 5.368491828113013)
SRR19077151_2 - polya	(1, 0.20841390627688916)	(2, 0.21207706608049193)	(3, 0.21677490280737824)	(4, 0.2215217353774284)	(5, 0.22600341397270948)	(6, 0.2310442216017427)	(7, 0.23621184200131765)	(8, 0.2424948383599754)	(9, 0.25070884736097293)	(10, 0.26408903570733466)	(12, 0.27761909369160936)	(14, 0.2903508076431556)	(16, 0.30297011936626705)	(18, 0.3145331383529344)	(20, 0.3259102613464213)	(22, 0.33684930385985506)	(24, 0.3469150675216038)	(26, 0.3569938006712488)	(28, 0.3667569429487503)	(30, 0.3757793833619512)	(32, 0.3835164034192066)	(34, 0.39110067173012764)	(36, 0.39827135748257747)	(38, 0.4053296410065925)	(40, 0.4128894113959316)	(42, 0.4197430652220271)	(44, 0.42666733070444696)	(46, 0.4348020817238559)	(48, 0.44161106286941965)	(50, 0.448846596061351)	(52, 0.456358811661737)	(54, 0.46466072496958727)	(56, 0.4719164329204684)	(58, 0.47851790225969115)	(60, 0.4855228667779103)	(62, 0.492370756387163)	(64, 0.49909471533429534)	(66, 0.5057509447335247)	(68, 0.5125397511201386)	(70, 0.5200908751842135)	(72, 0.5279575901204321)	(74, 0.535011550481815)	(76, 0.5423479574684955)	(78, 0.5496051064735873)	(80, 0.5564313802696794)	(82, 0.563270623553668)	(84, 0.5703346712945259)	(86, 0.5780846608396775)	(88, 0.5854325962600435)	(90, 0.5911751972896883)
SRR19077151_2 - polyg	(1, 0.39631296481023437)	(2, 0.3993045933516503)	(3, 0.4000020635896297)	(4, 0.40044302617810434)	(5, 0.40071682647813756)	(6, 0.40112032165713396)	(7, 0.40135089033084614)	(8, 0.4018754340635414)	(9, 0.40232216086885886)	(10, 0.402924521528932)	(12, 0.40361190438743655)	(14, 0.40407304173486097)	(16, 0.40432666727594435)	(18, 0.40454138435333886)	(20, 0.4047071055875695)	(22, 0.4048800320928537)	(24, 0.4050803386281412)	(26, 0.4052287672118434)	(28, 0.405336846277646)	(30, 0.40558038443925454)	(32, 0.40580374784191325)	(34, 0.4060444038951003)	(36, 0.40624615148459853)	(38, 0.4064205190440934)	(40, 0.4066020918746418)	(42, 0.4067879878678222)	(44, 0.4069421806683673)	(46, 0.4070934913604909)	(48, 0.4072808284078821)	(50, 0.40746528334685184)	(52, 0.4076396509063467)	(54, 0.407845721658477)	(56, 0.40801288394691837)	(58, 0.40821751364483794)	(60, 0.40837026539117227)	(62, 0.4085849824685668)	(64, 0.4093977370434023)	(66, 0.4100087440287397)	(68, 0.4103056011961442)	(70, 0.41072062480882615)	(72, 0.4113316317941635)	(74, 0.4119339924542367)	(76, 0.4125622920901024)	(78, 0.4131949148886003)	(80, 0.41383762506657307)	(82, 0.414885271477753)	(84, 0.4154602521078228)	(86, 0.4162081592431768)	(88, 0.4170915254743367)	(90, 0.4179979485728678)
SRR19077152_1 - illumina_universal_adapter	(1, 0.0005199625164799231)	(2, 0.0005228511971270337)	(3, 0.0005228511971270337)	(4, 0.0005228511971270337)	(5, 0.0005315172390683658)	(6, 0.0005430719616568086)	(7, 0.0005430719616568086)	(8, 0.0005430719616568086)	(9, 0.0005430719616568086)	(10, 0.0005560710245688066)	(12, 0.0006008455745990223)	(14, 0.0006355097423643504)	(16, 0.0006831729730416768)	(18, 0.0007640560311607759)	(20, 0.0008203853037794342)	(22, 0.000946042911928749)	(24, 0.0011756930233740484)	(26, 0.001558443209116214)	(28, 0.0026070342840173923)	(30, 0.004904979738793941)	(32, 0.008312178562060993)	(34, 0.012336110703486176)	(36, 0.01797770400729334)	(38, 0.025576378449517996)	(40, 0.03735064076714115)	(42, 0.05288740962762596)	(44, 0.06906113257079867)	(46, 0.09209980507182994)	(48, 0.1256041675573432)	(50, 0.16941389825142383)	(52, 0.22536764238595777)	(54, 0.30113484707902394)	(56, 0.4000764922635355)	(58, 0.5252459133834886)	(60, 0.6893663043490821)	(62, 0.870398476163185)	(64, 1.0231273549968976)	(66, 1.181281176085884)	(68, 1.3585753951426258)	(70, 1.5504415637237172)	(72, 1.7683462996578647)	(74, 2.0195604121338455)	(76, 2.3006723693074216)	(78, 2.6280624347880344)	(80, 3.005319794279719)	(82, 3.3946749483215033)	(84, 3.82394878022571)	(86, 4.282346290414086)	(88, 4.789922144279199)	(90, 5.201609688403796)
SRR19077152_1 - polya	(1, 0.26484868513034304)	(2, 0.2691354872106553)	(3, 0.27314208726819783)	(4, 0.27670383050608527)	(5, 0.2801471378374412)	(6, 0.28327846765890924)	(7, 0.28637802199325896)	(8, 0.2906128278219232)	(9, 0.29553802832524695)	(10, 0.303067374431941)	(12, 0.30959723703473463)	(14, 0.31522871995627694)	(16, 0.32154193151053734)	(18, 0.3259471694973811)	(20, 0.3300606507388667)	(22, 0.33426512542073633)	(24, 0.33853748409781304)	(26, 0.3424790888407956)	(28, 0.34628636993368744)	(30, 0.3508259315706219)	(32, 0.3553727149091741)	(34, 0.3601563700607894)	(36, 0.36485336479299135)	(38, 0.36944781136222093)	(40, 0.37518184244673564)	(42, 0.380449351606742)	(44, 0.3869041085127108)	(46, 0.3931032171814103)	(48, 0.3994482042227889)	(50, 0.40606328290467236)	(52, 0.41244004543316926)	(54, 0.4202770360287805)	(56, 0.42750740368849854)	(58, 0.4346684430126859)	(60, 0.44254731947768033)	(62, 0.4504204185813805)	(64, 0.45832818185284596)	(66, 0.4661825045323399)	(68, 0.47414804141674766)	(70, 0.48203991694465403)	(72, 0.4901354444581817)	(74, 0.4976879000100526)	(76, 0.5061141814576744)	(78, 0.5139670597968449)	(80, 0.5215975097261878)	(82, 0.5291961841684124)	(84, 0.5381814253212501)	(86, 0.5483770236652273)	(88, 0.5567123116724653)	(90, 0.5633013922285247)
SRR19077152_2 - illumina_universal_adapter	(1, 0.0005459606423039192)	(2, 0.00054884932295103)	(3, 0.00054884932295103)	(4, 0.0005517380035981406)	(5, 0.000557515364892362)	(6, 0.000566181406833694)	(7, 0.000566181406833694)	(8, 0.000566181406833694)	(9, 0.000566181406833694)	(10, 0.0005864021713634689)	(12, 0.0006383984230114611)	(14, 0.0006889503343358981)	(16, 0.0007366135650132244)	(18, 0.0008131636021616576)	(20, 0.0008738258957509818)	(22, 0.0010038165248709625)	(24, 0.0012305779556691513)	(26, 0.0016089951204406507)	(28, 0.0026518088340476077)	(30, 0.004955531650118378)	(32, 0.008388728599209427)	(34, 0.012429992824517271)	(36, 0.01807736348961866)	(38, 0.025761254010933078)	(40, 0.03762795410926377)	(42, 0.05335537589245788)	(44, 0.06974430554384034)	(46, 0.0930227385385818)	(48, 0.12678274926136435)	(50, 0.171063334900924)	(52, 0.22755870665679123)	(54, 0.3039744201551337)	(56, 0.40384766484833845)	(58, 0.5303184365998149)	(60, 0.6957546216001673)	(62, 0.8782253563765314)	(64, 1.0322555858417672)	(66, 1.191561990508951)	(68, 1.3703554348215432)	(70, 1.5638103777585455)	(72, 1.7831117907855711)	(74, 2.0362526532531744)	(76, 2.3191541480876356)	(78, 2.6489894817360273)	(80, 3.0286430018244905)	(82, 3.4202859909387864)	(84, 3.8520022023301252)	(86, 4.312577777726424)	(88, 4.822507906318931)	(90, 5.235909882407588)
SRR19077152_2 - polya	(1, 0.20803411416297013)	(2, 0.21193094435592244)	(3, 0.21644884088800354)	(4, 0.2211487243008526)	(5, 0.22556840569093198)	(6, 0.23071892328473032)	(7, 0.2360398730367082)	(8, 0.2425278497701188)	(9, 0.2506363763465585)	(10, 0.2639098639200321)	(12, 0.2771862401741528)	(14, 0.28954834900346293)	(16, 0.30220365891845485)	(18, 0.31375260414560335)	(20, 0.3248956897418328)	(22, 0.33552747886352374)	(24, 0.3456306394267933)	(26, 0.35553159234476517)	(28, 0.36570985860485966)	(30, 0.3744871147511055)	(32, 0.382303884582187)	(34, 0.38998488642285434)	(36, 0.39719070029707193)	(38, 0.4042506357986104)	(40, 0.4117496507585098)	(42, 0.4184846096872483)	(44, 0.4252527884434287)	(46, 0.4331778837987768)	(48, 0.4401164947131367)	(50, 0.44735697275511965)	(52, 0.4549903113651096)	(54, 0.46309017189960794)	(56, 0.4704057556384158)	(58, 0.47698617015253386)	(60, 0.4842136491316048)	(62, 0.49134580164932107)	(64, 0.49816308797650233)	(66, 0.504994817706919)	(68, 0.5117658851437465)	(70, 0.5193833360101774)	(72, 0.5268014679119577)	(74, 0.5338094071618482)	(76, 0.5413864164992195)	(78, 0.5486890011751153)	(80, 0.5556276120894752)	(82, 0.5624896729666866)	(84, 0.5692564073825435)	(86, 0.5767843091489138)	(88, 0.5844060930363153)	(90, 0.5902181184983021)
SRR19077152_2 - polyg	(1, 0.39747667968113587)	(2, 0.4002122602539497)	(3, 0.40082466055113714)	(4, 0.4012926268159691)	(5, 0.40154394203226773)	(6, 0.40206390454874763)	(7, 0.4023816594199298)	(8, 0.4029016219364097)	(9, 0.4033493674367119)	(10, 0.4040224300274887)	(12, 0.40465216240855884)	(14, 0.40506091072012496)	(16, 0.4053122259364236)	(18, 0.40556931851401645)	(20, 0.4057556384157551)	(22, 0.40595206869975864)	(24, 0.4061239451982617)	(26, 0.4062683792306172)	(28, 0.40645614347267944)	(30, 0.4066857935841247)	(32, 0.4069269984181585)	(34, 0.40722019950384025)	(36, 0.4074758477411095)	(38, 0.4076780553864072)	(40, 0.40786148660749877)	(42, 0.4080651385931201)	(44, 0.40827023491906494)	(46, 0.40849266332889245)	(48, 0.4086992039951609)	(50, 0.4089086333420764)	(52, 0.40913106175190395)	(54, 0.40935926752302565)	(56, 0.40960769405867714)	(58, 0.4098821187201527)	(60, 0.41005977257995)	(62, 0.41030531043495444)	(64, 0.4110939202516156)	(66, 0.4117048762084795)	(68, 0.41201540937804393)	(70, 0.4124934860251408)	(72, 0.4131752146578589)	(74, 0.4137962809969877)	(76, 0.41443756810064625)	(78, 0.41512362975433503)	(80, 0.41595845846135004)	(82, 0.4169940504733392)	(84, 0.41760500643020315)	(86, 0.4183835058645995)	(88, 0.4193324374571753)	(90, 0.42028859075136893)
SRR19077153_1 - illumina_universal_adapter	(1, 0.0014145316915317539)	(2, 0.001422614729769078)	(3, 0.0014280034219272943)	(4, 0.0014360864601646187)	(5, 0.0014360864601646187)	(6, 0.0014360864601646187)	(7, 0.0014387808062437267)	(8, 0.0014387808062437267)	(9, 0.0014495581905601591)	(10, 0.0014724601322325778)	(12, 0.0015196111886169698)	(14, 0.0016085246092275372)	(16, 0.0017028267219963208)	(18, 0.0017998231808442125)	(20, 0.0018820007362570096)	(22, 0.0020867710382692253)	(24, 0.002476104046700346)	(26, 0.0030890677796974395)	(28, 0.004552097700653139)	(30, 0.007658678729864781)	(32, 0.012295648332009825)	(34, 0.01785947298536806)	(36, 0.025217732127412285)	(38, 0.03485810239846107)	(40, 0.04951265072273005)	(42, 0.06795140811510635)	(44, 0.08725100907975768)	(46, 0.11289040636855038)	(48, 0.15082679916239247)	(50, 0.2002491892914724)	(52, 0.2631028946249062)	(54, 0.34674617430473814)	(56, 0.4550454149544883)	(58, 0.5924840084497927)	(60, 0.7732921436074605)	(62, 0.9734227816714521)	(64, 1.1542012790222498)	(66, 1.3403954119920547)	(68, 1.5482372685344539)	(70, 1.7778817735489958)	(72, 2.039836876744202)	(74, 2.336309247558862)	(76, 2.658361740048574)	(78, 3.0286632349499145)	(80, 3.4525202468656877)	(82, 3.9008500042179985)	(84, 4.392398419852244)	(86, 4.915531307398833)	(88, 5.484247141911774)	(90, 5.9306167624915345)
SRR19077153_1 - polya	(1, 0.2854821331579781)	(2, 0.28942126712563415)	(3, 0.29388040988655806)	(4, 0.29713248560404154)	(5, 0.300284870516598)	(6, 0.3032405681653796)	(7, 0.30637948134754056)	(8, 0.309979127709229)	(9, 0.3144867686995768)	(10, 0.3204722585143155)	(12, 0.32628665735303075)	(14, 0.3311176198728716)	(16, 0.3362988473829965)	(18, 0.3401477207570024)	(20, 0.3436086082956168)	(22, 0.34735374934557706)	(24, 0.3505963948517836)	(26, 0.3541852638291556)	(28, 0.35748449060302345)	(30, 0.3611164691176612)	(32, 0.36446554129399256)	(34, 0.3680948254625512)	(36, 0.3717092907276747)	(38, 0.37506509876920385)	(40, 0.37917532371288326)	(42, 0.383369073385015)	(44, 0.3881367187719968)	(46, 0.39269824668392683)	(48, 0.3968650528952675)	(50, 0.40171218149158294)	(52, 0.4067088462952889)	(54, 0.41238852783004887)	(56, 0.41746467584308855)	(58, 0.4223023742281271)	(60, 0.4277368702696881)	(62, 0.43325489103970155)	(64, 0.43896016886221295)	(66, 0.4449631719264658)	(68, 0.4506967403828078)	(70, 0.45721705789424943)	(72, 0.46328741961048003)	(74, 0.46878119126578144)	(76, 0.47472222437021483)	(78, 0.48052584582461366)	(80, 0.48592800971322536)	(82, 0.49135846423566776)	(84, 0.4976591925416621)	(86, 0.5045782732728117)	(88, 0.5105678046066691)	(90, 0.5153421858588485)
SRR19077153_2 - illumina_universal_adapter	(1, 0.0015411659572498347)	(2, 0.0015492489954871589)	(3, 0.001551943341566267)	(4, 0.0015573320337244833)	(5, 0.0015573320337244833)	(6, 0.0015600263798035913)	(7, 0.0015627207258826995)	(8, 0.0015708037641200237)	(9, 0.0015950528788319966)	(10, 0.0016233435126626317)	(12, 0.001683966299442564)	(14, 0.001790392969567334)	(16, 0.0018806535632174555)	(18, 0.0019587895995115904)	(20, 0.0020355784627661714)	(22, 0.002234960072620171)	(24, 0.0026242930810512917)	(26, 0.0032453398522857093)	(28, 0.0047056754271623015)	(30, 0.007847282955402348)	(32, 0.012550264036485542)	(34, 0.018204349283493897)	(36, 0.025700020075572635)	(38, 0.03549262090009103)	(40, 0.05035059235333267)	(42, 0.06896852375996965)	(44, 0.08857393300459976)	(46, 0.11456628962975562)	(48, 0.1528542945869213)	(50, 0.20278995764407132)	(52, 0.26633476274679635)	(54, 0.3511069734337746)	(56, 0.4608409533706499)	(58, 0.5997264107104352)	(60, 0.782465044833784)	(62, 0.9845868046502366)	(64, 1.1673672011378116)	(66, 1.3555470671679193)	(68, 1.565552483611842)	(70, 1.7977970325927233)	(72, 2.062963796314226)	(74, 2.3625427481580976)	(76, 2.6881180981462443)	(78, 3.062155303886268)	(80, 3.4908163348610906)	(82, 3.943519015899794)	(84, 4.43959662729302)	(86, 4.967264099290748)	(88, 5.54063037513623)	(90, 5.9911668019273305)
SRR19077153_2 - polya	(1, 0.25902634900721566)	(2, 0.2631406154700137)	(3, 0.26781530591726627)	(4, 0.27298575604307473)	(5, 0.2777466655648587)	(6, 0.28244021643466505)	(7, 0.28773999517227067)	(8, 0.29324723855796764)	(9, 0.30103659307266917)	(10, 0.31324602233014753)	(12, 0.32563866712100525)	(14, 0.3381485159663042)	(16, 0.35133464567745926)	(18, 0.36260778967244756)	(20, 0.37311035068881093)	(22, 0.383604828666937)	(24, 0.3937961927111634)	(26, 0.40393636417988676)	(28, 0.4132372468449679)	(30, 0.42184568256771826)	(32, 0.4291850812872088)	(34, 0.4368006504798078)	(36, 0.44359579129131843)	(38, 0.4501107201106018)	(40, 0.4571092840510851)	(42, 0.4638357190375785)	(44, 0.4704449499696307)	(46, 0.4776294237895724)	(48, 0.4840244542083355)	(50, 0.4905043565285905)	(52, 0.49748675439259915)	(54, 0.5050928933739213)	(56, 0.5122760200208235)	(58, 0.5186212050371231)	(60, 0.5251509527598416)	(62, 0.5315931342349891)	(64, 0.5378655719071528)	(66, 0.5443077533823002)	(68, 0.5508900408535613)	(70, 0.5582429113034473)	(72, 0.5653964001434792)	(74, 0.5719018987514859)	(76, 0.5788694777120593)	(78, 0.5857656565015366)	(80, 0.5920367470006607)	(82, 0.5978807836462461)	(84, 0.6041882478174383)	(86, 0.6113983179251314)	(88, 0.6183268288675581)	(90, 0.6234959318203269)
SRR19077153_2 - polyg	(1, 0.445316131262829)	(2, 0.4496243906433228)	(3, 0.4506428534612257)	(4, 0.45119788875352196)	(5, 0.45162898412617924)	(6, 0.4521759363802382)	(7, 0.4526124204450537)	(8, 0.45330486738738446)	(9, 0.4538787631022345)	(10, 0.45451867029602266)	(12, 0.4553754723491791)	(14, 0.4560477116959165)	(16, 0.4565192222597605)	(18, 0.4570324951878305)	(20, 0.4574797566369625)	(22, 0.4579027689713825)	(24, 0.45819106400184706)	(26, 0.45844972122544136)	(28, 0.45872993321766864)	(30, 0.4589858960951839)	(32, 0.45926341374133206)	(34, 0.4595463200796384)	(36, 0.45979015839979764)	(38, 0.46001783064348234)	(40, 0.4603142087121842)	(42, 0.4605944207044115)	(44, 0.46085846662016405)	(46, 0.461118471016798)	(48, 0.46136230933695727)	(50, 0.4616330911179076)	(52, 0.4619523711282819)	(54, 0.4622352774665883)	(56, 0.4625397385735275)	(58, 0.4628778790064556)	(60, 0.46311363428837754)	(62, 0.4633911519345256)	(64, 0.46462650961179675)	(66, 0.4657379273694288)	(68, 0.46615689818473016)	(70, 0.4667725562638063)	(72, 0.4675027240512446)	(74, 0.4682248088004456)	(76, 0.46900751633642646)	(78, 0.46982525037143585)	(80, 0.47076692432608414)	(82, 0.472147776691627)	(84, 0.47309079781931485)	(86, 0.47415775886664163)	(88, 0.4753998524091105)	(90, 0.47650857582066347)
SRR19077154_1 - illumina_universal_adapter	(1, 0.001482577246392807)	(2, 0.0014879782563978813)	(3, 0.0014906787614004182)	(4, 0.0014960797714054922)	(5, 0.0014960797714054922)	(6, 0.0015041812864131031)	(7, 0.0015041812864131031)	(8, 0.0015041812864131031)	(9, 0.0015041812864131031)	(10, 0.0015325365889397415)	(12, 0.0015878969414917497)	(14, 0.0016446075465450264)	(16, 0.0017053689091021088)	(18, 0.001795835826687098)	(20, 0.0018687494617555967)	(22, 0.0020240284994014735)	(24, 0.002408850462262995)	(26, 0.0029678549977881514)	(28, 0.004385620124120071)	(30, 0.007425038504475453)	(32, 0.011691836408483897)	(34, 0.01687275525585111)	(36, 0.023991286442538614)	(38, 0.0333647393063445)	(40, 0.04768146657729436)	(42, 0.06570733746922876)	(44, 0.08424360380664264)	(46, 0.10869532635211382)	(48, 0.14595014311461285)	(50, 0.1942068172574476)	(52, 0.25617260504566136)	(54, 0.33874594650823486)	(56, 0.4438185453994453)	(58, 0.576737401624316)	(60, 0.7518327449788094)	(62, 0.9473560584249936)	(64, 1.122934792174941)	(66, 1.303907784667456)	(68, 1.507092430805838)	(70, 1.7303701844155963)	(72, 1.986997824554185)	(74, 2.2784646797305035)	(76, 2.5937958976142417)	(78, 2.955918765676938)	(80, 3.373534311036767)	(82, 3.8130995610572165)	(84, 4.294070304029065)	(86, 4.805756590899768)	(88, 5.364428964309613)	(90, 5.800268867679063)
SRR19077154_1 - polya	(1, 0.2906283483730308)	(2, 0.2947763240569276)	(3, 0.2989513047908498)	(4, 0.30229993099399566)	(5, 0.30556754204706543)	(6, 0.3082599455345948)	(7, 0.3114924500226316)	(8, 0.3152515529861631)	(9, 0.3198748175505064)	(10, 0.3260049639062654)	(12, 0.33177189233918314)	(14, 0.33659904503121796)	(16, 0.34178536488859024)	(18, 0.3456889448697575)	(20, 0.3490956319304579)	(22, 0.35265894828130545)	(24, 0.35596706690941327)	(26, 0.35942641381766316)	(28, 0.36272643093076334)	(30, 0.36633835637165657)	(32, 0.36989357120749655)	(34, 0.3735635575059443)	(36, 0.37722004127937936)	(38, 0.3809170326278525)	(40, 0.3853715156295373)	(42, 0.3896626180785685)	(44, 0.3943925525905121)	(46, 0.3992440098275698)	(48, 0.40360802591166955)	(50, 0.40826369653604333)	(52, 0.41305574266304523)	(54, 0.4189874019011177)	(56, 0.4241143106484342)	(58, 0.42895091510797795)	(60, 0.43445724480815084)	(62, 0.43964896567552825)	(64, 0.4453281276958635)	(66, 0.4512179291063967)	(68, 0.45705237016437783)	(70, 0.4635875922705174)	(72, 0.4696421244862053)	(74, 0.4750498857537856)	(76, 0.4810855144344558)	(78, 0.48689024993740904)	(80, 0.4922386000949336)	(82, 0.4977354780275976)	(84, 0.5043125579612764)	(86, 0.5112434040502876)	(88, 0.5171615607633474)	(90, 0.521967109415362)
SRR19077154_2 - illumina_universal_adapter	(1, 0.001550089871456232)	(2, 0.001552790376458769)	(3, 0.001552790376458769)	(4, 0.00156089189146638)	(5, 0.00156089189146638)	(6, 0.0015689934064739908)	(7, 0.0015689934064739908)	(8, 0.0015689934064739908)	(9, 0.0015851964364892127)	(10, 0.0016162522440183883)	(12, 0.0016770136065754706)	(14, 0.001741825726636358)	(16, 0.001806637846697246)	(18, 0.0018957545117809665)	(20, 0.00196461738934566)	(22, 0.002121246679492805)	(24, 0.0025101193998581317)	(26, 0.0030731746928870938)	(28, 0.004469335779198717)	(30, 0.0075479114820908855)	(32, 0.011891673778671633)	(34, 0.01707664338354265)	(36, 0.024300494265329098)	(38, 0.033794119601747885)	(40, 0.04831743550539182)	(42, 0.06652829099)	(44, 0.08516177550750523)	(46, 0.10988084804822756)	(48, 0.14751103500607926)	(50, 0.1962038407068237)	(52, 0.25882855171565644)	(54, 0.34232141513159386)	(56, 0.4485579316788978)	(58, 0.5828013856075127)	(60, 0.7599720670564558)	(62, 0.9575234597595454)	(64, 1.1347940598935824)	(66, 1.317606096292825)	(68, 1.5226459893679498)	(70, 1.7480179846071755)	(72, 2.007416342878367)	(74, 2.3020603421901704)	(76, 2.6203837196167195)	(78, 2.9859659345876657)	(80, 3.407471557403649)	(82, 3.8511591283104716)	(84, 4.336073958838524)	(86, 4.8520243431082335)	(88, 5.415022925532144)	(90, 5.854249262174775)
SRR19077154_2 - polya	(1, 0.25828980096765036)	(2, 0.26225414231137467)	(3, 0.2670826452559108)	(4, 0.2720650769855915)	(5, 0.2767126460949577)	(6, 0.2815195449994735)	(7, 0.2871014888397175)	(8, 0.2928859705551517)	(9, 0.30059051132738973)	(10, 0.3134017070594252)	(12, 0.3256647002759457)	(14, 0.3384434899479507)	(16, 0.3515233859277387)	(18, 0.3635203794015092)	(20, 0.3745938001644121)	(22, 0.38514062245182035)	(24, 0.39512708995120216)	(26, 0.40542141502087314)	(28, 0.41517563909003674)	(30, 0.4238402093906767)	(32, 0.43158930849545657)	(34, 0.43950988966789756)	(36, 0.4465514564620128)	(38, 0.45304076998310916)	(40, 0.45989600193204927)	(42, 0.4664015184831609)	(44, 0.4728840807417509)	(46, 0.4801038808660336)	(48, 0.48654458529708433)	(50, 0.49330529957093566)	(52, 0.5007721959029504)	(54, 0.5083565642025756)	(56, 0.5154048822591971)	(58, 0.5220535255754433)	(60, 0.528735925204221)	(62, 0.5352238884728161)	(64, 0.541640288358844)	(66, 0.5481187998599302)	(68, 0.5547147833286268)	(70, 0.5618643703228434)	(72, 0.5687722621193331)	(74, 0.5755059713431591)	(76, 0.5825839949548085)	(78, 0.5895891049313895)	(80, 0.5958866825973057)	(82, 0.6019938746605431)	(84, 0.6083603152040241)	(86, 0.6155261052282559)	(88, 0.6224191442472317)	(90, 0.6275838600645837)
SRR19077154_2 - polyg	(1, 0.4440980476672079)	(2, 0.4481542061810185)	(3, 0.44909398192190136)	(4, 0.44969619453746706)	(5, 0.45010937180285526)	(6, 0.4506278687633424)	(7, 0.4510572490587457)	(8, 0.4517782838944231)	(9, 0.452426405095032)	(10, 0.45330136871585397)	(12, 0.4541628298116632)	(14, 0.4548460575773051)	(16, 0.4553051434277364)	(18, 0.4557264222081322)	(20, 0.4561639040185432)	(22, 0.4566121878489643)	(24, 0.4569565022367878)	(26, 0.4571873954145047)	(28, 0.45746284692476347)	(30, 0.4577355979300197)	(32, 0.4580448057528102)	(34, 0.4583945211506387)	(36, 0.45868887619591525)	(38, 0.4589670282111766)	(40, 0.45926273350895436)	(42, 0.45959354537176517)	(44, 0.4598865501645404)	(46, 0.4601917072298271)	(48, 0.4604955140426125)	(50, 0.460824975652922)	(52, 0.46120574685827975)	(54, 0.46160002058865013)	(56, 0.46199429431902056)	(58, 0.46238046653438336)	(60, 0.4626815728421662)	(62, 0.46300968419997446)	(64, 0.46435453569123786)	(66, 0.4654833467822983)	(68, 0.4658951737951852)	(70, 0.4665662492883157)	(72, 0.4673682992740692)	(74, 0.4681676487548201)	(76, 0.46902100833562177)	(78, 0.4699067739764539)	(80, 0.47093026537241545)	(82, 0.4723898883262867)	(84, 0.4733026590171442)	(86, 0.4743558559681336)	(88, 0.47564534710684503)	(90, 0.47680116324793087)
SRR19077155_1 - illumina_universal_adapter	(1, 3.915649240683173e-06)	(2, 3.915649240683173e-06)	(3, 7.831298481366346e-06)	(4, 7.831298481366346e-06)	(5, 7.831298481366346e-06)	(6, 7.831298481366346e-06)	(7, 7.831298481366346e-06)	(8, 1.1746947722049519e-05)	(9, 1.566259696273269e-05)	(10, 1.566259696273269e-05)	(12, 3.7198667786490146e-05)	(14, 7.635516019332186e-05)	(16, 0.00010376470487810408)	(18, 0.00016249944348835165)	(20, 0.00022319200671894085)	(22, 0.00029367369305123797)	(24, 0.000340661483939436)	(26, 0.0003856914502072925)	(28, 0.00046400443502095596)	(30, 0.0005521065429363273)	(32, 0.0006989433894619462)	(34, 0.000837948937506199)	(36, 0.00097499666093011)	(38, 0.0011590321752422191)	(40, 0.0014331276220900411)	(42, 0.0018246925461583585)	(44, 0.0022886969811793147)	(46, 0.002954357352095454)	(48, 0.004017456120940935)	(50, 0.0055230232539836156)	(52, 0.007568949982240573)	(54, 0.010644692460797205)	(56, 0.015065460453528507)	(58, 0.021320710115519878)	(60, 0.031011941986210725)	(62, 0.04301340690890465)	(64, 0.05526938903224299)	(66, 0.07022521130703235)	(68, 0.09014803464362835)	(70, 0.11370458047557831)	(72, 0.14533519504181697)	(74, 0.18591111029839635)	(76, 0.2374293073580649)	(78, 0.3040188383451229)	(80, 0.387075632213874)	(82, 0.48714592203339346)	(84, 0.6081923448352528)	(86, 0.7507924588824526)	(88, 0.9289662462812589)	(90, 1.086142364626902)
SRR19077155_1 - polya	(1, 0.11598544615827626)	(2, 0.1198149511156644)	(3, 0.12296704875441436)	(4, 0.1261700498332932)	(5, 0.12903238942823259)	(6, 0.1314052728680866)	(7, 0.13400526396390022)	(8, 0.13742362575101663)	(9, 0.14231427165262991)	(10, 0.14832675106169893)	(12, 0.15331920384356995)	(14, 0.15872867326957377)	(16, 0.16532458441550457)	(18, 0.16976688847905963)	(20, 0.17377847112613953)	(22, 0.17827950992830488)	(24, 0.1823028395231068)	(26, 0.18630659087170537)	(28, 0.19054332335012455)	(30, 0.19492689267506935)	(32, 0.19908335434405455)	(34, 0.2039544219994644)	(36, 0.20861796024511808)	(38, 0.21311704122266306)	(40, 0.21870467268911792)	(42, 0.22448808661760697)	(44, 0.23143053272133823)	(46, 0.23781499880827214)	(48, 0.2440839532426059)	(50, 0.250429262837133)	(52, 0.25731493202687433)	(54, 0.2652030074222306)	(56, 0.2725331028007895)	(58, 0.27959497620636165)	(60, 0.28779826136559283)	(62, 0.2965908517355469)	(64, 0.3051015153601718)	(66, 0.3134124808735218)	(68, 0.3222481433851234)	(70, 0.3320764229792382)	(72, 0.3409786515279314)	(74, 0.3496204894021191)	(76, 0.35885359031165004)	(78, 0.36727615182835954)	(80, 0.3761333504107849)	(82, 0.3848241339004812)	(84, 0.3951340383512)	(86, 0.40647571637683877)	(88, 0.41585369630827496)	(90, 0.4234813810291258)
SRR19077155_2 - illumina_universal_adapter	(1, 3.915649240683173e-06)	(2, 1.1746947722049519e-05)	(3, 1.1746947722049519e-05)	(4, 1.1746947722049519e-05)	(5, 1.1746947722049519e-05)	(6, 1.1746947722049519e-05)	(7, 1.1746947722049519e-05)	(8, 1.566259696273269e-05)	(9, 1.9578246203415864e-05)	(10, 1.9578246203415864e-05)	(12, 3.7198667786490146e-05)	(14, 7.635516019332186e-05)	(16, 9.984905563742091e-05)	(18, 0.00015466814500698532)	(20, 0.00021731853285791608)	(22, 0.00028780021919021324)	(24, 0.0003445771331801192)	(26, 0.00039939622254968365)	(28, 0.00048162485660403027)	(30, 0.0005756004383804264)	(32, 0.0007185216356653621)	(34, 0.0008594850083299564)	(36, 0.000998490556374209)	(38, 0.001188399544547343)	(40, 0.0014664106406358482)	(42, 0.0018775538109075814)	(44, 0.0023454738951692207)	(46, 0.0030365859861498003)	(48, 0.004103600404235965)	(50, 0.005622872309621036)	(52, 0.0076570520901559445)	(54, 0.010730836744092236)	(56, 0.015171182983026953)	(58, 0.021440137417360713)	(60, 0.031190104026661815)	(62, 0.04327771323265077)	(64, 0.05554740012833149)	(66, 0.07067355314509058)	(68, 0.09068056294036125)	(70, 0.11442701776048436)	(72, 0.14621425829635035)	(74, 0.1871092989660454)	(76, 0.23901122965130084)	(78, 0.30617831890135966)	(80, 0.389769598891464)	(82, 0.4904233204478453)	(84, 0.6121001627774545)	(86, 0.7554344610572825)	(88, 0.9346361063817683)	(90, 1.0929281847610057)
SRR19077155_2 - polya	(1, 0.08810210791537139)	(2, 0.09166143307515238)	(3, 0.09634454956700947)	(4, 0.10136441189356529)	(5, 0.10618457610884628)	(6, 0.11156467816554495)	(7, 0.11719538177364736)	(8, 0.12410650268345316)	(9, 0.13268569016978998)	(10, 0.14611636706533326)	(12, 0.16095863551214284)	(14, 0.17667800938886544)	(16, 0.1924619914780593)	(18, 0.20680893029592246)	(20, 0.2194897603618749)	(22, 0.2318201398207862)	(24, 0.24373741828480544)	(26, 0.2550575602396205)	(28, 0.2661642993108183)	(30, 0.2760239040988586)	(32, 0.2850436021247722)	(34, 0.2941925165756285)	(36, 0.30266793935708725)	(38, 0.3107752911099217)	(40, 0.3190490579554852)	(42, 0.32686469383988886)	(44, 0.3350660211744998)	(46, 0.3440250266371829)	(48, 0.3523203295535702)	(50, 0.3612715037177719)	(52, 0.3707434592309845)	(54, 0.38021149909495644)	(56, 0.38890424040927307)	(58, 0.3977281559731526)	(60, 0.4060567419080857)	(62, 0.41430114138434415)	(64, 0.4229508105570132)	(66, 0.4320879780601474)	(68, 0.44080812891914883)	(70, 0.4506481554609857)	(72, 0.4603100199623714)	(74, 0.46938453707765465)	(76, 0.4788701973632096)	(78, 0.48810917174660157)	(80, 0.4966883592329384)	(82, 0.5045568563820912)	(84, 0.5130224900404483)	(86, 0.522226223580674)	(88, 0.5310755908646181)	(90, 0.537465930425413)
SRR19077155_2 - polyg	(1, 0.6148000029289057)	(2, 0.6181674612758932)	(3, 0.618911434631623)	(4, 0.6192442648170811)	(5, 0.6194752881222814)	(6, 0.6197298053229258)	(7, 0.6200117320682549)	(8, 0.6205168508203031)	(9, 0.6209084157443714)	(10, 0.6215055522535755)	(12, 0.6221712126244917)	(14, 0.6226293435856516)	(16, 0.6228584090662317)	(18, 0.6231031371437743)	(20, 0.6233106665535305)	(22, 0.6234594612246764)	(24, 0.6236239184927852)	(26, 0.6237257253730429)	(28, 0.6238647309210872)	(30, 0.6240193990660942)	(32, 0.6241838563342028)	(34, 0.6243248197068675)	(36, 0.6244853613257355)	(38, 0.6246439451199832)	(40, 0.6248142758619528)	(42, 0.6249904800777837)	(44, 0.6251510216966516)	(46, 0.6253174367893806)	(48, 0.6254818940574893)	(50, 0.6256248152547743)	(52, 0.625806892944466)	(54, 0.6259928862833986)	(56, 0.6261436387791648)	(58, 0.6263609573120228)	(60, 0.626535203703233)	(62, 0.6267642691838131)	(64, 0.6269561359966065)	(66, 0.6271480028094001)	(68, 0.6273751104653597)	(70, 0.6275963446474583)	(72, 0.6278391149003806)	(74, 0.6280955899256453)	(76, 0.6283442336524288)	(78, 0.6286300760469986)	(80, 0.6289492014601142)	(82, 0.6292839894701927)	(84, 0.629652060498817)	(86, 0.6300964866876344)	(88, 0.6305839850180994)	(90, 0.6309363934497609)
SRR19077156_1 - illumina_universal_adapter	(1, 2.3590727302909107e-05)	(2, 2.3590727302909107e-05)	(3, 3.1454303070545474e-05)	(4, 3.538609095436366e-05)	(5, 3.538609095436366e-05)	(6, 3.538609095436366e-05)	(7, 3.538609095436366e-05)	(8, 3.538609095436366e-05)	(9, 3.538609095436366e-05)	(10, 3.735198489627275e-05)	(12, 5.307913643154549e-05)	(14, 8.060165161827278e-05)	(16, 0.0001238513183402728)	(18, 0.00015923740929463647)	(20, 0.00021035065178427287)	(22, 0.00027129336398345474)	(24, 0.0003440314398340911)	(26, 0.00041676951568472755)	(28, 0.0004796781218258185)	(30, 0.0005799387128631822)	(32, 0.0007018241372615459)	(34, 0.0008433685010790005)	(36, 0.000979015183070728)	(38, 0.0011834681530292735)	(40, 0.0014685227746060918)	(42, 0.0018833263963489103)	(44, 0.0023099253817431835)	(46, 0.0030648286554362746)	(48, 0.004173592838673003)	(50, 0.005557582173777003)	(52, 0.007615873130955823)	(54, 0.010894984226060188)	(56, 0.015253371095272647)	(58, 0.021381062512203286)	(60, 0.030599139205815022)	(62, 0.042219538296439665)	(64, 0.053997208902417035)	(66, 0.06847994957246131)	(68, 0.08750390524831561)	(70, 0.11055204582325781)	(72, 0.14073638140733)	(74, 0.18020956586692266)	(76, 0.23007839749133058)	(78, 0.2961324339394761)	(80, 0.3768893911791597)	(82, 0.47380796251527796)	(84, 0.5889955862535574)	(86, 0.7286979074474432)	(88, 0.9025969537608377)	(90, 1.054442601833896)
SRR19077156_1 - polya	(1, 0.11764695705960772)	(2, 0.12152763170093626)	(3, 0.12488144676583317)	(4, 0.1280622631638421)	(5, 0.13079878753097954)	(6, 0.13309888344301318)	(7, 0.1355916369613539)	(8, 0.13883536196550392)	(9, 0.14359675709280773)	(10, 0.14961632434293337)	(12, 0.15456054760683474)	(14, 0.15988615429546646)	(16, 0.1660335046518162)	(18, 0.17047445906658884)	(20, 0.17457727972335313)	(22, 0.17901233645630005)	(24, 0.18312302068883196)	(26, 0.18711771717879122)	(28, 0.19136601398725675)	(30, 0.19564773099273475)	(32, 0.19982132383140777)	(34, 0.20491692092883612)	(36, 0.2096842137379657)	(38, 0.21434731416817404)	(40, 0.2201997804332374)	(42, 0.22600113345581113)	(44, 0.23268517285830204)	(46, 0.23899372651788836)	(48, 0.2450388503892588)	(50, 0.25125500703357534)	(52, 0.25811794278477995)	(54, 0.26643564005299736)	(56, 0.27376449266843444)	(58, 0.2809694939655313)	(60, 0.2892498392488524)	(62, 0.2977837848506797)	(64, 0.30631969634644907)	(66, 0.31491065287259173)	(68, 0.3234878481411411)	(70, 0.33356502048736714)	(72, 0.34248034951392486)	(74, 0.3516001315104411)	(76, 0.36117796679542225)	(78, 0.36997927397334923)	(80, 0.3785132195751766)	(82, 0.3869351092223151)	(84, 0.39715579182630056)	(86, 0.40855601079543136)	(88, 0.41811418714099335)	(90, 0.4255845841202479)
SRR19077156_2 - illumina_universal_adapter	(1, 0.0)	(2, 0.0)	(3, 0.0)	(4, 0.0)	(5, 0.0)	(6, 0.0)	(7, 0.0)	(8, 0.0)	(9, 0.0)	(10, 3.931787883818184e-06)	(12, 2.1624833361000015e-05)	(14, 4.521556066390912e-05)	(16, 9.239701526972733e-05)	(18, 0.0001258172122821819)	(20, 0.00016906687900418194)	(22, 0.0002280436972614547)	(24, 0.0003047135609959093)	(26, 0.0003754857429046366)	(28, 0.0004383943490457276)	(30, 0.0005445526219088185)	(32, 0.000660540364481455)	(34, 0.0007981529404150914)	(36, 0.000935765516348728)	(38, 0.0011480820620749098)	(40, 0.00145082972912891)	(42, 0.0018636674569298193)	(44, 0.0022981300180917284)	(46, 0.0030825217009134566)	(48, 0.004216842505395003)	(50, 0.0056440815072210035)	(52, 0.007727929085644641)	(54, 0.011044392165645279)	(56, 0.01543619923187019)	(58, 0.021640560512535288)	(60, 0.03085667131220511)	(62, 0.042473138614945935)	(64, 0.05433730855436731)	(66, 0.06891441213362323)	(68, 0.08813495720366842)	(70, 0.11148977723354844)	(72, 0.14195916743919745)	(74, 0.1817704856567985)	(76, 0.2319538603119119)	(78, 0.29843056395756784)	(80, 0.3796160860765876)	(82, 0.47691997262532004)	(84, 0.5925774450157157)	(86, 0.7328125234678589)	(88, 0.9075883584793448)	(90, 1.0603520790232748)
SRR19077156_2 - polya	(1, 0.08688071686873042)	(2, 0.0908557544192706)	(3, 0.09522003897030878)	(4, 0.10020947779487406)	(5, 0.10482539677047661)	(6, 0.10998390247404607)	(7, 0.11587765251188953)	(8, 0.12262853230840536)	(9, 0.13118803453147754)	(10, 0.14504562092799472)	(12, 0.15992547217430464)	(14, 0.17544030716385123)	(16, 0.19114779975970486)	(18, 0.2053395881263466)	(20, 0.21804319477896314)	(22, 0.23015310146112317)	(24, 0.24212932735523335)	(26, 0.25335654765747617)	(28, 0.2647410394750717)	(30, 0.2747887234121691)	(32, 0.28390457362080157)	(34, 0.2930911960113427)	(36, 0.3015602671130871)	(38, 0.3096951362447069)	(40, 0.31787915272487444)	(42, 0.32578794405317474)	(44, 0.33397589232122615)	(46, 0.3431408898784063)	(48, 0.35140747390413407)	(50, 0.36030117809733075)	(52, 0.36959985644256077)	(54, 0.3792268390760896)	(56, 0.3879691694357593)	(58, 0.3965208080830639)	(60, 0.4048915844877128)	(62, 0.41335475790763143)	(64, 0.42191032834281983)	(66, 0.43070770373286305)	(68, 0.4394028526379269)	(70, 0.4497690113936136)	(72, 0.45989336519444535)	(74, 0.469223497842746)	(76, 0.4787482539912955)	(78, 0.4879191492303014)	(80, 0.4964196746351163)	(82, 0.5045742027061553)	(84, 0.5132831128688125)	(86, 0.5225405074412625)	(88, 0.5312946331645836)	(90, 0.5374321540512238)
SRR19077156_2 - polyg	(1, 0.6132527516027737)	(2, 0.6169879500924009)	(3, 0.6176445586689986)	(4, 0.6180298738816128)	(5, 0.6182107361242684)	(6, 0.6185803241853474)	(7, 0.6188987990039366)	(8, 0.6193548863984595)	(9, 0.619799178429331)	(10, 0.6206523764001195)	(12, 0.6214682223860117)	(14, 0.6220402975231073)	(16, 0.622286034265846)	(18, 0.622521941538875)	(20, 0.622718530933066)	(22, 0.6229170862211988)	(24, 0.6231195732972155)	(26, 0.6232827424943939)	(28, 0.6234282186460951)	(30, 0.623581558373564)	(32, 0.623754557040452)	(34, 0.6238921696163857)	(36, 0.6240651682832736)	(38, 0.624253894101697)	(40, 0.6244229609807012)	(42, 0.6245743348142281)	(44, 0.6247355381174646)	(46, 0.624924263935888)	(48, 0.6251031602846017)	(50, 0.625289920209083)	(52, 0.6255179639063444)	(54, 0.6257302804520706)	(56, 0.6259308016341454)	(58, 0.6261293569222782)	(60, 0.6263397075740625)	(62, 0.6265992055743945)	(64, 0.6269039191353905)	(66, 0.6271496558781291)	(68, 0.6274248810299963)	(70, 0.6276725836666768)	(72, 0.6279753313337308)	(74, 0.6283154309856811)	(76, 0.6286732236831085)	(78, 0.6290152892290009)	(80, 0.6293750478203701)	(82, 0.6297839537602872)	(84, 0.6302341434729845)	(86, 0.6306902308675073)	(88, 0.6312505106409514)	(90, 0.6318107904143955)
SRR19077157_1 - illumina_universal_adapter	(1, 0.00013538216274172984)	(2, 0.00013538216274172984)	(3, 0.00013803671495235198)	(4, 0.00013803671495235198)	(5, 0.00013803671495235198)	(6, 0.00014334581937359628)	(7, 0.00014600037158421844)	(8, 0.0001486549237948406)	(9, 0.0001486549237948406)	(10, 0.00014998219990015166)	(12, 0.00018316410253292858)	(14, 0.0002176732812710166)	(16, 0.0002999643998003033)	(18, 0.00038756462275083437)	(20, 0.0004725102934907433)	(22, 0.0005680741730731409)	(24, 0.0007154018207626703)	(26, 0.0009237841692965094)	(28, 0.0011507483833047036)	(30, 0.001434785469841274)	(32, 0.0019258776288063723)	(34, 0.002455460794825492)	(36, 0.0032412082491696495)	(38, 0.004362756558157509)	(40, 0.006118742845484064)	(42, 0.008413603231566915)	(44, 0.011259283201353863)	(46, 0.01518669319696934)	(48, 0.02160540044225371)	(50, 0.030475586654047634)	(52, 0.04254450827964125)	(54, 0.059682297351417876)	(56, 0.08331710295869221)	(58, 0.11610878641650768)	(60, 0.16232188585122875)	(62, 0.21600356793053527)	(64, 0.26910257579961017)	(66, 0.33007100369707454)	(68, 0.4032025898236095)	(70, 0.48801155112467137)	(72, 0.5930508548228848)	(74, 0.7177643722301241)	(76, 0.8635497250852822)	(78, 1.0425674170652188)	(80, 1.2557863597268115)	(82, 1.4932373822430685)	(84, 1.7656541664776404)	(86, 2.0746228073763744)	(88, 2.4320131351490666)	(90, 2.728590326328616)
SRR19077157_1 - polya	(1, 0.341571851149595)	(2, 0.3456625161061637)	(3, 0.35046991015960044)	(4, 0.3539500281077261)	(5, 0.3572337091922657)	(6, 0.35997055252141713)	(7, 0.3630312512202645)	(8, 0.36723871647410056)	(9, 0.37197974672227174)	(10, 0.3782617445287091)	(12, 0.38432208722555944)	(14, 0.3894719185141664)	(16, 0.3946443134965637)	(18, 0.39859295990986415)	(20, 0.4023624240489476)	(22, 0.4063575251259339)	(24, 0.40987082497669236)	(26, 0.41361639814588025)	(28, 0.4172863165770654)	(30, 0.42121903567710206)	(32, 0.42495000880913153)	(34, 0.4289862554453825)	(36, 0.4328818108144705)	(38, 0.4368370936082975)	(40, 0.4414958327379394)	(42, 0.44626871761263803)	(44, 0.45151942188524863)	(46, 0.4568816173507054)	(48, 0.46181642991025196)	(50, 0.46679902440958976)	(52, 0.47209618334588627)	(54, 0.4783463265257961)	(56, 0.4840443228458966)	(58, 0.48941846379630116)	(60, 0.49531422425609295)	(62, 0.5013785487812592)	(64, 0.5075052552833752)	(66, 0.5138204349924453)	(68, 0.5197958320185557)	(70, 0.5265556492229051)	(72, 0.5327195194559697)	(74, 0.5385515706627066)	(76, 0.5449941688778865)	(78, 0.551225730192322)	(80, 0.5572635091953821)	(82, 0.5634180884957096)	(84, 0.5703783243919609)	(86, 0.5780154711019208)	(88, 0.5845005421524707)	(90, 0.5896079006057078)
SRR19077157_2 - illumina_universal_adapter	(1, 6.901835747617599e-05)	(2, 7.43274618974203e-05)	(3, 7.96365663186646e-05)	(4, 8.494567073990891e-05)	(5, 8.494567073990891e-05)	(6, 8.494567073990891e-05)	(7, 8.760022295053107e-05)	(8, 8.760022295053107e-05)	(9, 9.025477516115322e-05)	(10, 0.00010352753621426399)	(12, 0.000155291304321396)	(14, 0.00019909141579666151)	(16, 0.00028403708653657045)	(18, 0.0003650009289605461)	(20, 0.00044861932359514393)	(22, 0.0005322377182297418)	(24, 0.0006676198809714716)	(26, 0.0008667112967681331)	(28, 0.001091020958565705)	(30, 0.0013777125973128976)	(32, 0.0018767684129098626)	(34, 0.0024302425488245817)	(36, 0.003219971831484672)	(38, 0.004344174692683155)	(40, 0.0061054700844309535)	(42, 0.008441476029778449)	(44, 0.01130441058893444)	(46, 0.015282257076551738)	(48, 0.021788564544786636)	(50, 0.03071316907689832)	(52, 0.042877654582074334)	(54, 0.06017338951038298)	(56, 0.08399003194408494)	(58, 0.11706442521233165)	(60, 0.16373410762727975)	(62, 0.21792811828323633)	(64, 0.2714664545431692)	(66, 0.33289942907749237)	(68, 0.4066641259062608)	(70, 0.49213008887945164)	(72, 0.598176795141596)	(74, 0.7239468243286631)	(76, 0.8709970713121826)	(78, 1.051462821523014)	(80, 1.2664404050241436)	(82, 1.5061159422929018)	(84, 1.7805355861703882)	(86, 2.0921985975629034)	(88, 2.452524860080544)	(90, 2.7519026038422996)
SRR19077157_2 - polya	(1, 0.3564691981556065)	(2, 0.3606925907227064)	(3, 0.36545751194077314)	(4, 0.36983486853608905)	(5, 0.3742175342358262)	(6, 0.3785232179214554)	(7, 0.38342352130226387)	(8, 0.3886689164704532)	(9, 0.3959158440054517)	(10, 0.4069733812387983)	(12, 0.4184556468258444)	(14, 0.42972422095993545)	(16, 0.44189799739784863)	(18, 0.4521644780724298)	(20, 0.46206197598973453)	(22, 0.4716236730523955)	(24, 0.4807274598587242)	(26, 0.4897489555465236)	(28, 0.4985514506769466)	(30, 0.5064513980557581)	(32, 0.5133691611166395)	(34, 0.5201011055227773)	(36, 0.52629948493458)	(38, 0.5322722274084799)	(40, 0.5386258981246039)	(42, 0.5446610225754535)	(44, 0.5507120743395666)	(46, 0.5572701455759087)	(48, 0.5630265420446428)	(50, 0.5692965943661323)	(52, 0.57551621019562)	(54, 0.5823636276229199)	(56, 0.5887411893089396)	(58, 0.5943675127193533)	(60, 0.6000469271739794)	(62, 0.6057356325613427)	(64, 0.6111867555258552)	(66, 0.617048006806909)	(68, 0.6229530581994379)	(70, 0.6296080205914676)	(72, 0.636107691679176)	(74, 0.6420167249000209)	(76, 0.6481646678198218)	(78, 0.6544533020067858)	(80, 0.6601459892224649)	(82, 0.6656050758436094)	(84, 0.671389345110555)	(86, 0.6778518524673147)	(88, 0.6843369235178647)	(90, 0.6893208452933077)
SRR19077157_2 - polyg	(1, 0.37225847470438705)	(2, 0.37562179235524534)	(3, 0.3764526671971701)	(4, 0.3768880137597121)	(5, 0.3771481598763531)	(6, 0.3774985607681552)	(7, 0.37774543412374306)	(8, 0.37834005381892244)	(9, 0.37889485523094246)	(10, 0.3799991489505613)	(12, 0.3811206972595491)	(14, 0.38163700766451514)	(16, 0.38199669948905446)	(18, 0.38227277291895917)	(20, 0.3824904462002302)	(22, 0.3827320104513968)	(24, 0.38294570190435184)	(26, 0.3831262114546742)	(28, 0.3833319392509974)	(30, 0.38358810353932243)	(32, 0.383970359057652)	(34, 0.3843964146874569)	(36, 0.3846631971846244)	(38, 0.3849392706145291)	(40, 0.3851768530373798)	(42, 0.3854024899752827)	(44, 0.3856082177716059)	(46, 0.3858033273590866)	(48, 0.3860010914987779)	(50, 0.3862280557127862)	(52, 0.38647360179226875)	(54, 0.38669127507353973)	(56, 0.3869116029070213)	(58, 0.38715847626260924)	(60, 0.38737216771556426)	(62, 0.387567277303045)	(64, 0.3879150236426365)	(66, 0.3882216244229634)	(68, 0.3884990251289734)	(70, 0.3887963349765631)	(72, 0.3891427540400493)	(74, 0.3894772276185877)	(76, 0.38993115604660405)	(78, 0.39047135742146566)	(80, 0.3910965044670672)	(82, 0.3919884340098362)	(84, 0.3925458899740669)	(86, 0.39315643698251)	(88, 0.3939302389519063)	(90, 0.39464165894435305)
SRR19077158_1 - illumina_universal_adapter	(1, 0.0001438822851064782)	(2, 0.0001438822851064782)	(3, 0.0001438822851064782)	(4, 0.0001438822851064782)	(5, 0.0001465467718677093)	(6, 0.00015187574539017145)	(7, 0.00015187574539017145)	(8, 0.00015454023215140253)	(9, 0.00015454023215140253)	(10, 0.00017852061300248224)	(12, 0.0002091622107566396)	(14, 0.00028110335330987874)	(16, 0.0003503800091018868)	(18, 0.0004329790987000502)	(20, 0.0005435552992911399)	(22, 0.000632815605792381)	(24, 0.000783359107801937)	(26, 0.0009285736362890308)	(28, 0.0011377358470456703)	(30, 0.0014614709885352464)	(32, 0.0019850426371171535)	(34, 0.0025325946665501397)	(36, 0.003367911266196083)	(38, 0.004343113420806658)	(40, 0.005964453615015769)	(42, 0.008193296790785565)	(44, 0.010917734504144343)	(46, 0.014727950572704786)	(48, 0.020861599097058724)	(50, 0.02957180631952312)	(52, 0.04113434661988538)	(54, 0.057838014126043016)	(56, 0.08143204439674422)	(58, 0.11403337216378706)	(60, 0.15922173539088552)	(62, 0.21159488716964361)	(64, 0.26433307363469033)	(66, 0.324698353453761)	(68, 0.3964956137218937)	(70, 0.47939179359393436)	(72, 0.5821703736782813)	(74, 0.7041292617133503)	(76, 0.8458679672204181)	(78, 1.0207009305453565)	(80, 1.2285029208103877)	(82, 1.4614629950749627)	(84, 1.7292585692558728)	(86, 2.0312608244774677)	(88, 2.38126380870264)	(90, 2.672818611333448)
SRR19077158_1 - polya	(1, 0.3473744680352181)	(2, 0.35158702160472444)	(3, 0.35599674719456187)	(4, 0.3594286061430275)	(5, 0.3625806939815639)	(6, 0.36550097147187316)	(7, 0.3684985190782581)	(8, 0.37274571097566045)	(9, 0.37770432083831146)	(10, 0.38417502693796113)	(12, 0.3903606329541591)	(14, 0.3956150008473068)	(16, 0.40098260942780684)	(18, 0.4049700138659891)	(20, 0.408785558908072)	(22, 0.4128475689755688)	(24, 0.41635003682320704)	(26, 0.42000438041623545)	(28, 0.4236747109298313)	(30, 0.427730059780425)	(32, 0.43172412543551036)	(34, 0.43574483595820807)	(36, 0.4398414843536008)	(38, 0.44389683320419454)	(40, 0.44853570465549786)	(42, 0.45304401625550084)	(44, 0.4581891401914381)	(46, 0.46336623796851006)	(48, 0.46860195445432906)	(50, 0.4739988723892027)	(52, 0.47925457252573095)	(54, 0.4857159529217163)	(56, 0.49142994478117635)	(58, 0.4969574225673502)	(60, 0.5030164654623897)	(62, 0.5092566934571929)	(64, 0.5153557036536508)	(66, 0.5217224947696124)	(68, 0.5279613905210351)	(70, 0.5346958808100466)	(72, 0.5412625084331006)	(74, 0.547366847603081)	(76, 0.553593753164078)	(78, 0.5599338994124274)	(80, 0.5656545524887906)	(82, 0.571592361236194)	(84, 0.5787731530577118)	(86, 0.5865414642100809)	(88, 0.5929642095480284)	(90, 0.598187935843422)
SRR19077158_2 - illumina_universal_adapter	(1, 6.927665579200804e-05)	(2, 6.927665579200804e-05)	(3, 6.927665579200804e-05)	(4, 7.460562931447019e-05)	(5, 7.727011607570127e-05)	(6, 7.993460283693235e-05)	(7, 7.993460283693235e-05)	(8, 7.993460283693235e-05)	(9, 8.259908959816343e-05)	(10, 0.00010391498368801205)	(12, 0.00013855331158401608)	(14, 0.00019983650709233086)	(16, 0.00026778091950372334)	(18, 0.00034904776572127123)	(20, 0.00043964031560312787)	(22, 0.0005142459449175981)	(24, 0.0006527992565016141)	(26, 0.0007953492982274769)	(28, 0.0010178339427902717)	(30, 0.0013508947879441566)	(32, 0.0018651407328617547)	(34, 0.002420686222578435)	(36, 0.0032773187163142262)	(38, 0.004268507791492187)	(40, 0.005901838176126838)	(42, 0.008128016865135404)	(44, 0.01085911579539726)	(46, 0.014721289355801706)	(48, 0.020945530430037506)	(50, 0.029717020848010214)	(52, 0.041388805105582946)	(54, 0.05821237451599598)	(56, 0.08199158661660275)	(58, 0.11492597522879948)	(60, 0.1605153437134632)	(62, 0.2132495334483681)	(64, 0.26650596258847425)	(66, 0.3273202084268124)	(68, 0.39957975714801863)	(70, 0.4832286545301071)	(72, 0.5870224040704831)	(74, 0.71005907700047)	(76, 0.852888889836262)	(78, 1.0291713339593103)	(80, 1.2387638593278885)	(82, 1.4736237126532212)	(84, 1.743215150911201)	(86, 2.0474355913615208)	(88, 2.3998632585394137)	(90, 2.6933165079875985)
SRR19077158_2 - polya	(1, 0.35732099711489373)	(2, 0.361752038598821)	(3, 0.3664122259442142)	(4, 0.3710058011205766)	(5, 0.3752290126371278)	(6, 0.3794122568522606)	(7, 0.3843815246619566)	(8, 0.3898010907343006)	(9, 0.3970804685659839)	(10, 0.40872694019932493)	(12, 0.42040005670027825)	(14, 0.4320345381431938)	(16, 0.4442791870544312)	(18, 0.4545947475505373)	(20, 0.4643787429377778)	(22, 0.4737870456916848)	(24, 0.4830128311024474)	(26, 0.49193353277904905)	(28, 0.5003586399180617)	(30, 0.5081176253667666)	(32, 0.5149933334541235)	(34, 0.5217891069386432)	(36, 0.5281079372929027)	(38, 0.534324184906855)	(40, 0.5405977189861735)	(42, 0.5465821562518984)	(44, 0.5525053103221151)	(46, 0.5590293061569894)	(48, 0.5648245648626671)	(50, 0.5711287405397398)	(52, 0.577358310587498)	(54, 0.5840954653632708)	(56, 0.5901238666605562)	(58, 0.5961149651431842)	(60, 0.6018702565474434)	(62, 0.6074963203437828)	(64, 0.6130930747857486)	(66, 0.618937626496509)	(68, 0.624939382926182)	(70, 0.631367457237652)	(72, 0.6375370763332826)	(74, 0.6433483219595275)	(76, 0.6494619868331721)	(78, 0.6557874784043347)	(80, 0.6614654996925182)	(82, 0.6669023849288103)	(84, 0.6728615095703036)	(86, 0.6793468703471399)	(88, 0.6856657007013995)	(90, 0.690618981590528)
SRR19077158_2 - polyg	(1, 0.37320133821183094)	(2, 0.3766598420279089)	(3, 0.377283331930037)	(4, 0.3777922489014321)	(5, 0.37807202001136136)	(6, 0.37850899584020326)	(7, 0.37873814170166914)	(8, 0.3792577166201092)	(9, 0.37987054857519237)	(10, 0.38100561993547677)	(12, 0.3822046389780308)	(14, 0.3827775036316955)	(16, 0.3831332126143198)	(18, 0.3834449575653839)	(20, 0.38367010669670787)	(22, 0.383936555372831)	(24, 0.3841736946945805)	(26, 0.38438685363547903)	(28, 0.3846239929572286)	(30, 0.3849250799612477)	(32, 0.38532608521881295)	(34, 0.3856964488786241)	(36, 0.38595756858122476)	(38, 0.38626931353228877)	(40, 0.386542423425315)	(42, 0.3867902206941095)	(44, 0.3870073763651498)	(46, 0.3872245320361901)	(48, 0.3874390232204692)	(50, 0.38763885972756157)	(52, 0.3878933182132591)	(54, 0.3881730893231884)	(56, 0.3884222188353635)	(58, 0.38865802591373244)	(60, 0.3889284713199974)	(62, 0.38920557794316546)	(64, 0.38957194487283475)	(66, 0.38992898609883964)	(68, 0.3902647114307548)	(70, 0.39062042041337913)	(72, 0.3910374125915118)	(74, 0.39145440476964444)	(76, 0.3920232726931673)	(78, 0.39262278221444424)	(80, 0.39330355858193883)	(82, 0.3942587770858402)	(84, 0.394879602501207)	(86, 0.3955763657892689)	(88, 0.3964023566852506)	(90, 0.39714708073501465)
SRR19077159_1 - illumina_universal_adapter	(1, 0.0022074338970174113)	(2, 0.0022074338970174113)	(3, 0.0022074338970174113)	(4, 0.0022101557637215015)	(5, 0.002215599497129683)	(6, 0.002218321363833773)	(7, 0.0022210432305378638)	(8, 0.0022292088306501354)	(9, 0.0022292088306501354)	(10, 0.002238735364114452)	(12, 0.0022550665643389953)	(14, 0.0022999773649564886)	(16, 0.0023666630992067064)	(18, 0.0024564847004416935)	(20, 0.0025558328351409977)	(22, 0.002719144837386429)	(24, 0.002994053374499571)	(26, 0.003439078580618371)	(28, 0.004359069526600967)	(30, 0.006392303954556585)	(32, 0.009323754394862074)	(34, 0.013254129915568784)	(36, 0.01818070864997262)	(38, 0.024194673132660625)	(40, 0.033089733521628445)	(42, 0.043978561271342566)	(44, 0.055727498899549296)	(46, 0.07059841763734784)	(48, 0.0911131269860781)	(50, 0.11671228333804942)	(52, 0.1483961727070151)	(54, 0.18679626816832418)	(56, 0.23319729080630727)	(58, 0.2895018254471238)	(60, 0.3618177409747527)	(62, 0.44508916998634607)	(64, 0.5288205944709307)	(66, 0.6243104831171862)	(68, 0.7374258196057801)	(70, 0.8676167868624858)	(72, 1.0416311689884008)	(74, 1.2461359019335378)	(76, 1.4593927972656782)	(78, 1.708307507354756)	(80, 1.9898737304261038)	(82, 2.3045950118199787)	(84, 2.652663243139018)	(86, 3.037335137894667)	(88, 3.476331409263906)	(90, 3.8373856666281614)
SRR19077159_1 - polya	(1, 0.2217831427827037)	(2, 0.22548215963356272)	(3, 0.22946152875494305)	(4, 0.2327794842672294)	(5, 0.23586608110966803)	(6, 0.23821505207529817)	(7, 0.24117372118264455)	(8, 0.24515853403743307)	(9, 0.2506675922465123)	(10, 0.25727356273734)	(12, 0.26270368681200057)	(14, 0.2681392546200693)	(16, 0.2744812040406002)	(18, 0.27864293823115466)	(20, 0.2829979249576995)	(22, 0.28737604755122903)	(24, 0.29151056307474255)	(26, 0.29560833339775083)	(28, 0.2996693585202539)	(30, 0.30393180177885964)	(32, 0.3079901050346586)	(34, 0.3123709494948923)	(36, 0.3165775944860642)	(38, 0.3207325240098584)	(40, 0.32580472261293103)	(42, 0.3310102926845042)	(44, 0.33709910850155467)	(46, 0.3430654403169211)	(48, 0.348835797729593)	(50, 0.3546456222094742)	(52, 0.3608446736280404)	(54, 0.3687013418693976)	(56, 0.3758462419676353)	(58, 0.38235286432376364)	(60, 0.3899945050954978)	(62, 0.39770691440153827)	(64, 0.40567245731105916)	(66, 0.41368971568795776)	(68, 0.42144703579461573)	(70, 0.43070682632193175)	(72, 0.439525674443185)	(74, 0.4476640558884157)	(76, 0.4566924877458839)	(78, 0.46483631292452277)	(80, 0.47252558636357844)	(82, 0.48091846234564156)	(84, 0.49149835822444143)	(86, 0.5030472386498975)	(88, 0.5119559083723858)	(90, 0.5196669567450742)
SRR19077159_2 - illumina_universal_adapter	(1, 0.002283646164731946)	(2, 0.002283646164731946)	(3, 0.002283646164731946)	(4, 0.002283646164731946)	(5, 0.0022890898981401267)	(6, 0.0022918117648442174)	(7, 0.0022918117648442174)	(8, 0.0023026992316605792)	(9, 0.00230542109836467)	(10, 0.0023149476318289866)	(12, 0.0023380834988137563)	(14, 0.0023884380328394305)	(16, 0.002448319100329422)	(18, 0.0025381407015644094)	(20, 0.002632045102855532)	(22, 0.002787191504988692)	(24, 0.0030702656422141057)	(26, 0.0035112080482767698)	(28, 0.004440725527723682)	(30, 0.006494373955959979)	(32, 0.00948842733045955)	(34, 0.013477322985304206)	(36, 0.018476031187366446)	(38, 0.02451313153703922)	(40, 0.03354428526121156)	(42, 0.04458417661300271)	(44, 0.05650595277691918)	(46, 0.07161231298462156)	(48, 0.09231074833587792)	(50, 0.11815078989116126)	(52, 0.15012319713076056)	(54, 0.18897512246494863)	(56, 0.2360838304459953)	(58, 0.2930089506953444)	(60, 0.36602302503257256)	(62, 0.45030290565803144)	(64, 0.5351203549575481)	(66, 0.6316799372185113)	(68, 0.7459221265225986)	(70, 0.8775951501996815)	(72, 1.0534195736838168)	(74, 1.260093634392114)	(76, 1.4755756557548483)	(78, 1.727283001082323)	(80, 2.0118718571285634)	(82, 2.329872987900867)	(84, 2.681084975263131)	(86, 3.0690176663302804)	(88, 3.511868100952512)	(90, 3.8757884839561743)
SRR19077159_2 - polya	(1, 0.18350008758967054)	(2, 0.18700585190453914)	(3, 0.19072936555573497)	(4, 0.19499180881434072)	(5, 0.19822538645880025)	(6, 0.20173931637378112)	(7, 0.2058765537639987)	(8, 0.2103785212925644)	(9, 0.2169899355168003)	(10, 0.2273616085927372)	(12, 0.2370773117929883)	(14, 0.24681887272692826)	(16, 0.2566938051293687)	(18, 0.2655616468512956)	(20, 0.2741654675029257)	(22, 0.28289313308959196)	(24, 0.29087772906604153)	(26, 0.29886504690919513)	(28, 0.3066999402169197)	(30, 0.3139278572496321)	(32, 0.3203541845379898)	(34, 0.3266702762248318)	(36, 0.3325168459052183)	(38, 0.33767206144276574)	(40, 0.34330224272017695)	(42, 0.3489337849309403)	(44, 0.35474088754411737)	(46, 0.36158638230490503)	(48, 0.3676411747881544)	(50, 0.3741899860781962)	(52, 0.3811783788409486)	(54, 0.3891071765499643)	(56, 0.3962792953152428)	(58, 0.40262668846918187)	(60, 0.4092489901602341)	(62, 0.4155147273130505)	(64, 0.4217940737993873)	(66, 0.4284054880236232)	(68, 0.4348617558457259)	(70, 0.44236866421560755)	(72, 0.44980208218447876)	(74, 0.4565387022771028)	(76, 0.46401022637983125)	(78, 0.47150352541619245)	(80, 0.4779978993721524)	(82, 0.4841996726574227)	(84, 0.4906300827458365)	(86, 0.49768107844278303)	(88, 0.5046395306717905)	(90, 0.5097729712757052)
SRR19077159_2 - polyg	(1, 0.6473742206342973)	(2, 0.6512202182871771)	(3, 0.6520776062989657)	(4, 0.6526491983068247)	(5, 0.6529703785779074)	(6, 0.65347120205146)	(7, 0.653893091390594)	(8, 0.6546797108680762)	(9, 0.6554608866121502)	(10, 0.6564407586256228)	(12, 0.6577731123772752)	(14, 0.6587475406573395)	(16, 0.6593109670650863)	(18, 0.6597940984050623)	(20, 0.6602241533443086)	(22, 0.6606963972174683)	(24, 0.6610965116229697)	(26, 0.66146940736143)	(28, 0.6618327765664261)	(30, 0.6621539568375088)	(32, 0.6624982729755762)	(34, 0.6628548375138121)	(36, 0.6632059583186398)	(38, 0.6636210429910137)	(40, 0.6639762465958974)	(42, 0.6643055924670924)	(44, 0.6646458258051037)	(46, 0.6650296090103804)	(48, 0.6653603158149275)	(50, 0.6657223240865715)	(52, 0.6660652792912869)	(54, 0.6665361622310946)	(56, 0.6670968667721371)	(58, 0.6675772762454091)	(60, 0.667961059450686)	(62, 0.6683679785229475)	(64, 0.6701426356140145)	(66, 0.67174989790278)	(68, 0.672324211777343)	(70, 0.6730046784533656)	(72, 0.6737001153962607)	(74, 0.6743778602055793)	(76, 0.6751780890165819)	(78, 0.6761198548961973)	(80, 0.6772562342451551)	(82, 0.6788063373331346)	(84, 0.6795888740105607)	(86, 0.6803782153547469)	(88, 0.6813934716353727)	(90, 0.6823502077818605)
SRR19077160_1 - illumina_universal_adapter	(1, 0.00237118177641419)	(2, 0.00237118177641419)	(3, 0.0023821594698235147)	(4, 0.0023821594698235147)	(5, 0.002384903893175846)	(6, 0.002387648316528177)	(7, 0.0023903927398805083)	(8, 0.0023903927398805083)	(9, 0.0023903927398805083)	(10, 0.0023986260099375023)	(12, 0.0024260702434608147)	(14, 0.0024809587105074395)	(16, 0.0025413360242587265)	(18, 0.0026264131481809946)	(20, 0.0027183513304840914)	(22, 0.0028816445199478)	(24, 0.0031258981983052804)	(26, 0.0035457949712119595)	(28, 0.004499482086147064)	(30, 0.006408228527693441)	(32, 0.009261056602441763)	(34, 0.01291113966104231)	(36, 0.017671341965660843)	(38, 0.023374253691805152)	(40, 0.03190941031755531)	(42, 0.042408201851898454)	(44, 0.05415845043490465)	(46, 0.06860372274990012)	(48, 0.08834298771154256)	(50, 0.11312924721812212)	(52, 0.14309423359055073)	(54, 0.18051581821126333)	(56, 0.22580429237143346)	(58, 0.2815750915258327)	(60, 0.35199699474665225)	(62, 0.4337423887191906)	(64, 0.514901848306006)	(66, 0.6086266502114701)	(68, 0.7196948354919915)	(70, 0.8469194410476869)	(72, 1.015436640362558)	(74, 1.21614043675357)	(76, 1.4259982572362828)	(78, 1.6711411287599183)	(80, 1.948366309272306)	(82, 2.2570000428404486)	(84, 2.599580921065252)	(86, 2.9775511384183675)	(88, 3.4094369247397056)	(90, 3.766852783395536)
SRR19077160_1 - polya	(1, 0.22486432737325998)	(2, 0.22843482215464292)	(3, 0.23234288100836262)	(4, 0.23581457654906163)	(5, 0.23891851936054825)	(6, 0.24142692230457902)	(7, 0.244508909729247)	(8, 0.2485404676338216)	(9, 0.2539661926013804)	(10, 0.26060495269066974)	(12, 0.2661761320959021)	(14, 0.2715730406182615)	(16, 0.27790030865706117)	(18, 0.2822845249624103)	(20, 0.28643683749448745)	(22, 0.29087182563185476)	(24, 0.2950145326821988)	(26, 0.299059812703535)	(28, 0.30300903790753964)	(30, 0.30714488389950284)	(32, 0.3113809013438261)	(34, 0.3159874159407141)	(36, 0.31992017460460476)	(38, 0.3240560205965679)	(40, 0.3293061024695776)	(42, 0.33457813972940587)	(44, 0.34056647148419267)	(46, 0.3462405667651375)	(48, 0.3518405626155694)	(50, 0.3576052238671411)	(52, 0.3636223720671274)	(54, 0.3713945790009294)	(56, 0.3784985188484389)	(58, 0.384895769682723)	(60, 0.3927859868206753)	(62, 0.4007365812723789)	(64, 0.4087928360231472)	(66, 0.4169259346277809)	(68, 0.42476537993371505)	(70, 0.4340223199011283)	(72, 0.44256570979693544)	(74, 0.45062196454770376)	(76, 0.45960308996820776)	(78, 0.46765111144891913)	(80, 0.4751996478795062)	(82, 0.48322708618507504)	(84, 0.49395366485766173)	(86, 0.505994822316015)	(88, 0.5149485035029957)	(90, 0.5226836607215413)
SRR19077160_2 - illumina_universal_adapter	(1, 0.0023739261997665208)	(2, 0.0023739261997665208)	(3, 0.002384903893175846)	(4, 0.002384903893175846)	(5, 0.002387648316528177)	(6, 0.0023903927398805083)	(7, 0.0023931371632328396)	(8, 0.0023931371632328396)	(9, 0.0023931371632328396)	(10, 0.002401370433289833)	(12, 0.0024329313018416425)	(14, 0.002489191980564433)	(16, 0.002553685929344217)	(18, 0.0026319019948856572)	(20, 0.002726584600541085)	(22, 0.002899483271737953)	(24, 0.0031574590668570894)	(26, 0.0035897057448492594)	(28, 0.004550253918165192)	(30, 0.006479583534854052)	(32, 0.00935299478474486)	(34, 0.013041499770278043)	(36, 0.017831890731772222)	(38, 0.023608901888429477)	(40, 0.032241485543187384)	(42, 0.04289945363196575)	(44, 0.05481436761611182)	(46, 0.06951212687952177)	(48, 0.08959581697188176)	(50, 0.11474434036096906)	(52, 0.1451333401413329)	(54, 0.18309557616245473)	(56, 0.22900977884695634)	(58, 0.28549275586128553)	(60, 0.3566323257887397)	(62, 0.4391886968618919)	(64, 0.5211097339289793)	(66, 0.6157552898691505)	(68, 0.7279651552642418)	(70, 0.856282041314165)	(72, 1.0263361177063417)	(74, 1.2289472883272237)	(76, 1.440905964886146)	(78, 1.688329452215569)	(80, 1.9684115774377333)	(82, 2.2794617757676034)	(84, 2.6241407656452647)	(86, 3.0049006893360244)	(88, 3.4396708646006626)	(90, 3.7992013014494646)
SRR19077160_2 - polya	(1, 0.18327808031538473)	(2, 0.18699402953444125)	(3, 0.1905398245056532)	(4, 0.19465645953415006)	(5, 0.19824067643229465)	(6, 0.20176451601668796)	(7, 0.2058784066218325)	(8, 0.2107031028752308)	(9, 0.21732265200105375)	(10, 0.2280341363452026)	(12, 0.23796071561058466)	(14, 0.24812194307259106)	(16, 0.2579126733820327)	(18, 0.2670186700650678)	(20, 0.27572260872698634)	(22, 0.28433323699492563)	(24, 0.2923771418406085)	(26, 0.3002673589785607)	(28, 0.30836203565626175)	(30, 0.315630640904911)	(32, 0.3222803786876096)	(34, 0.328795639726044)	(36, 0.33469477772187994)	(38, 0.340088941820887)	(40, 0.34597847433498985)	(42, 0.3517019692362766)	(44, 0.35764090137072146)	(46, 0.36410813500049)	(48, 0.3701266554121524)	(50, 0.3766117277937111)	(52, 0.38383230563369464)	(54, 0.39167861199800963)	(56, 0.3989431006116304)	(58, 0.40548717809526424)	(60, 0.4120079279804033)	(62, 0.41825423553030916)	(64, 0.4246501141529171)	(66, 0.4312998519356157)	(68, 0.437922145484791)	(70, 0.4453979546965413)	(72, 0.45257462176288743)	(74, 0.4592696425308995)	(76, 0.46701577744285444)	(78, 0.47432280461843634)	(80, 0.48069810006590186)	(82, 0.48696361857927406)	(84, 0.4935076960629079)	(86, 0.5007886512166426)	(88, 0.5075591436268438)	(90, 0.5126445600987136)
SRR19077160_2 - polyg	(1, 0.6450986643522761)	(2, 0.6488996906952549)	(3, 0.649687340197374)	(4, 0.6502609246780112)	(5, 0.6505902554802909)	(6, 0.6511418845741096)	(7, 0.6515809923104825)	(8, 0.6524537189365239)	(9, 0.6531974576650056)	(10, 0.6542993436409665)	(12, 0.6555837337698576)	(14, 0.6565086044395934)	(16, 0.6571055165187254)	(18, 0.6576214681089636)	(20, 0.6581003699839454)	(22, 0.6585120334867951)	(24, 0.6589566300698728)	(26, 0.659290077507181)	(28, 0.659646852542984)	(30, 0.6600255829656058)	(32, 0.6604111744466084)	(34, 0.6608612598763905)	(36, 0.6612797844376211)	(38, 0.6617216365973464)	(40, 0.6621758386621572)	(42, 0.6625422191796935)	(44, 0.6629278106606961)	(46, 0.6633394741635457)	(48, 0.6637442766080146)	(50, 0.6641422179941027)	(52, 0.6645566259203046)	(54, 0.6650615998171336)	(56, 0.6656173455459806)	(58, 0.6660880141509056)	(60, 0.6664969332304028)	(62, 0.6670142570323172)	(64, 0.668933981167273)	(66, 0.6706396402807469)	(68, 0.6711844083161846)	(70, 0.6718458143440964)	(72, 0.6726156250944253)	(74, 0.673400530173192)	(76, 0.6742362070839769)	(78, 0.6752790879578627)	(80, 0.6764084181673471)	(82, 0.677949411879681)	(84, 0.6788550715859505)	(86, 0.6798320862993803)	(88, 0.6808914337133802)	(90, 0.6818821705435717)
SRR19077161_1 - illumina_universal_adapter	(1, 0.0011455009330870658)	(2, 0.0011455009330870658)	(3, 0.0011455009330870658)	(4, 0.0011455009330870658)	(5, 0.0011483363314362912)	(6, 0.0011483363314362912)	(7, 0.0011483363314362912)	(8, 0.0011511717297855166)	(9, 0.0011625133231824181)	(10, 0.0011710195182300944)	(12, 0.0011937027050238978)	(14, 0.0012348159810876662)	(16, 0.0012915239480721743)	(18, 0.0013907628902950638)	(20, 0.001475824840771826)	(22, 0.001577899181343941)	(24, 0.0017040744078844717)	(26, 0.0019082230890287012)	(28, 0.0022895841669995187)	(30, 0.0031033434932272114)	(32, 0.004165200175012127)	(34, 0.0055134320900688105)	(36, 0.007421655179097512)	(38, 0.009685720760954001)	(40, 0.012997466032849282)	(42, 0.01727891754017965)	(44, 0.022118942522307426)	(46, 0.028532613588255304)	(48, 0.037159313065773615)	(50, 0.04875751001328016)	(52, 0.06383899383281011)	(54, 0.08363574510710192)	(56, 0.10894876386981178)	(58, 0.14065277051167568)	(60, 0.18157182178852221)	(62, 0.228255237909344)	(64, 0.27439709294546366)	(66, 0.32577451103342814)	(68, 0.387623055225082)	(70, 0.4578289360510778)	(72, 0.5405034811177922)	(74, 0.6417810747537747)	(76, 0.7630014426790341)	(78, 0.9135213994460142)	(80, 1.088611500608207)	(82, 1.2928012950285004)	(84, 1.5275680252468407)	(86, 1.7992303764844764)	(88, 2.12222194403814)	(90, 2.3949787590385765)
SRR19077161_1 - polya	(1, 0.19750534281199442)	(2, 0.2025268332884726)	(3, 0.2073470104821558)	(4, 0.21156891862415245)	(5, 0.21550728693122653)	(6, 0.21846460740946863)	(7, 0.22194080578561898)	(8, 0.2256806962082473)	(9, 0.2304668486217398)	(10, 0.23647222232539922)	(12, 0.24224509336442215)	(14, 0.24735589888890094)	(16, 0.25281262301198526)	(18, 0.2568318001720123)	(20, 0.26044551536810007)	(22, 0.26440373146361873)	(24, 0.2680571422365957)	(26, 0.2716552627417627)	(28, 0.2754305956437564)	(30, 0.279092512611781)	(32, 0.2827941251566948)	(34, 0.28695648993335765)	(36, 0.2911486263926874)	(38, 0.2950529699195708)	(40, 0.2995499117014423)	(42, 0.30450760571506297)	(44, 0.31015997232424375)	(46, 0.31551603980593057)	(48, 0.32038300107237605)	(50, 0.32526555702974214)	(52, 0.330603194422159)	(54, 0.33669504777546977)	(56, 0.3423403258887776)	(58, 0.34777861992259196)	(60, 0.3542248980695559)	(62, 0.3606087974528369)	(64, 0.3668892047963712)	(66, 0.37301082983234884)	(68, 0.3795506761248373)	(70, 0.3868759277600611)	(72, 0.3936468590180114)	(74, 0.4002618433667543)	(76, 0.4073957056134054)	(78, 0.41400643686462446)	(80, 0.4204314495239692)	(82, 0.42690749935360006)	(84, 0.4345120377262226)	(86, 0.4426439601918011)	(88, 0.4495198011886727)	(90, 0.4549311589381694)
SRR19077161_2 - illumina_universal_adapter	(1, 0.0011710195182300944)	(2, 0.0011710195182300944)	(3, 0.0011766903149285452)	(4, 0.0011766903149285452)	(5, 0.0011766903149285452)	(6, 0.0011766903149285452)	(7, 0.0011766903149285452)	(8, 0.0011795257132777707)	(9, 0.0011908673066746724)	(10, 0.0012050442984207993)	(12, 0.0012333982819130534)	(14, 0.0012816000538498854)	(16, 0.0013425611183582318)	(18, 0.001423369971311156)	(20, 0.00150417882426408)	(22, 0.0015934938722646807)	(24, 0.0017083275054083098)	(26, 0.001913893885727152)	(28, 0.0023151027521425473)	(30, 0.003127444379195627)	(32, 0.004206313451075896)	(34, 0.005570140057053318)	(36, 0.007501046332875822)	(38, 0.009807642889970693)	(40, 0.013160501437929743)	(42, 0.017470306928752365)	(44, 0.02235144518694391)	(46, 0.028868608292638515)	(48, 0.03760163520825278)	(50, 0.04938271534928436)	(52, 0.06474632130456225)	(54, 0.08485071329974501)	(56, 0.11040899401966286)	(58, 0.14247026085352918)	(60, 0.1838599882563471)	(62, 0.23097296722707655)	(64, 0.2774678293576748)	(66, 0.3294165802130082)	(68, 0.3918633934563486)	(70, 0.46266754333403093)	(72, 0.546255086669196)	(74, 0.648785926375536)	(76, 0.771314830638963)	(78, 0.9231305644515391)	(80, 1.1000991170200938)	(82, 1.3063814354221155)	(84, 1.5428494046499908)	(86, 1.816571672788339)	(88, 2.1425219785194187)	(90, 2.417591060873649)
SRR19077161_2 - polya	(1, 0.15935505802316652)	(2, 0.16384632900833956)	(3, 0.16837162477370332)	(4, 0.17345265861551526)	(5, 0.17787588004030688)	(6, 0.18235864483043226)	(7, 0.1872185176010046)	(8, 0.19275888597539106)	(9, 0.1998587234418515)	(10, 0.2113392513578652)	(12, 0.22281552617635503)	(14, 0.23442931781478232)	(16, 0.24657616434286397)	(18, 0.2565425895403913)	(20, 0.26603692091277253)	(22, 0.2756815283976628)	(24, 0.28442589690667397)	(26, 0.2932581627645111)	(28, 0.30149357726983633)	(30, 0.3091448997152211)	(32, 0.31602357611044196)	(34, 0.32264281355670865)	(36, 0.32898559966392593)	(38, 0.33479391318231416)	(40, 0.34089710812902185)	(42, 0.3469917968806818)	(44, 0.3530638024455481)	(46, 0.35996516202756274)	(48, 0.3661193941445565)	(50, 0.37305477850676183)	(52, 0.3800908195103647)	(54, 0.38740898264971546)	(56, 0.39401546080341066)	(58, 0.40044047346275546)	(60, 0.40713910206280046)	(62, 0.4135513554295738)	(64, 0.42001464596663307)	(66, 0.42659277013683605)	(68, 0.43320066598970586)	(70, 0.4405089052348343)	(72, 0.44770514624516844)	(74, 0.4544363819262296)	(76, 0.46158867426215067)	(78, 0.46850704623426065)	(80, 0.474750593399255)	(82, 0.4808863954269788)	(84, 0.4875580877427062)	(86, 0.49452040838922917)	(88, 0.5013636423050847)	(90, 0.5064560177402936)
SRR19077161_2 - polyg	(1, 0.39159119521482294)	(2, 0.39533959183249895)	(3, 0.39623841310920344)	(4, 0.3970181476552404)	(5, 0.3974519636026719)	(6, 0.398070080442803)	(7, 0.3987307282581726)	(8, 0.3993828698784944)	(9, 0.40009455486414996)	(10, 0.4011393991558395)	(12, 0.4023401903567365)	(14, 0.4031865567639803)	(16, 0.40377631962061916)	(18, 0.40431079220944816)	(20, 0.40482683470900716)	(22, 0.4053981674763761)	(24, 0.4058107179361884)	(26, 0.40621476220095304)	(28, 0.4066755144327021)	(30, 0.4070512047139745)	(32, 0.4075190454415967)	(34, 0.40798405077086963)	(36, 0.40836966494636434)	(38, 0.4087921393003989)	(40, 0.40920043666268735)	(42, 0.40948681189595915)	(44, 0.4097831110234532)	(46, 0.4101049287360903)	(48, 0.41039839246523513)	(50, 0.41070319778777686)	(52, 0.410969725232604)	(54, 0.41137376949736865)	(56, 0.41182743323324467)	(58, 0.41228393236747)	(60, 0.41264686335617085)	(62, 0.4129856934589033)	(64, 0.4141212704977681)	(66, 0.4151193307166954)	(68, 0.4155772475500953)	(70, 0.4161783520001311)	(72, 0.41694249185524734)	(74, 0.4175960511747438)	(76, 0.4183842919158285)	(78, 0.41944331319926415)	(80, 0.4207461787407333)	(82, 0.42256650448093597)	(84, 0.4237034992189753)	(86, 0.42475401430736337)	(88, 0.42572372054279844)	(90, 0.42656016305581995)
SRR19077162_1 - illumina_universal_adapter	(1, 0.0010935109635580068)	(2, 0.0010935109635580068)	(3, 0.0010935109635580068)	(4, 0.001096358648358939)	(5, 0.001096358648358939)	(6, 0.001096358648358939)	(7, 0.001096358648358939)	(8, 0.0011020540179608037)	(9, 0.001113444757164533)	(10, 0.001114868599564999)	(12, 0.0011305308659701268)	(14, 0.0011647030835813146)	(16, 0.001243014415606953)	(18, 0.0013156303780307269)	(20, 0.001391094025255433)	(22, 0.0014793722540843348)	(24, 0.0016174849669295516)	(26, 0.0018381805390018055)	(28, 0.00224397562313466)	(30, 0.0030071551497845186)	(32, 0.0040280501509187515)	(34, 0.0052440115609168475)	(36, 0.006954046283876698)	(38, 0.009039975400559615)	(40, 0.012168157154383758)	(42, 0.0162218364685109)	(44, 0.020886344172438023)	(46, 0.027156946104090966)	(48, 0.035429470450799326)	(50, 0.04663653398486843)	(52, 0.06112413040961155)	(54, 0.07985477718774381)	(56, 0.10421102529011786)	(58, 0.1354373129747411)	(60, 0.1752593372309785)	(62, 0.22059875078902225)	(64, 0.26497279919954997)	(66, 0.3150393695271414)	(68, 0.37386684214480104)	(70, 0.4417855484894371)	(72, 0.5230114859088297)	(74, 0.6209262801040863)	(76, 0.7386367551930237)	(78, 0.8844040447831468)	(80, 1.0547468542053158)	(82, 1.2550572746300956)	(84, 1.4840581194242688)	(86, 1.750128701114578)	(88, 2.0651381699513096)	(90, 2.3296738495339167)
SRR19077162_1 - polya	(1, 0.20188091859249419)	(2, 0.20703522808218167)	(3, 0.21178801401493771)	(4, 0.21585735559546998)	(5, 0.219516630564668)	(6, 0.22263484542168888)	(7, 0.22595524589957594)	(8, 0.22989644166406625)	(9, 0.23441002207354397)	(10, 0.240381617101099)	(12, 0.24631334454144102)	(14, 0.2515046739335406)	(16, 0.25671878480404764)	(18, 0.26070269584055195)	(20, 0.26457839485462087)	(22, 0.26872889545197964)	(24, 0.2724935347588122)	(26, 0.27609158450479016)	(28, 0.27968536272356675)	(30, 0.28337453838317456)	(32, 0.28699536960756)	(34, 0.290779942707999)	(36, 0.29487491345173966)	(38, 0.2987904800530216)	(40, 0.3032243252880732)	(42, 0.3081437007816838)	(44, 0.3137693021059256)	(46, 0.3190403666724513)	(48, 0.32394265605725625)	(50, 0.32896454820370036)	(52, 0.3343680301134694)	(54, 0.3405503538162935)	(56, 0.34654900184945736)	(58, 0.35199662287364086)	(60, 0.3583797083549306)	(62, 0.3648923634946628)	(64, 0.37142068090080016)	(66, 0.3777311504196662)	(68, 0.38424095787459744)	(70, 0.3915566601281925)	(72, 0.3985562693688841)	(74, 0.4053679314127142)	(76, 0.4122778385821765)	(78, 0.4189172156955501)	(80, 0.42547828147689815)	(82, 0.43236683101035345)	(84, 0.43984485129760165)	(86, 0.44784399790342055)	(88, 0.4549518191665476)	(90, 0.46049910915876374)
SRR19077162_2 - illumina_universal_adapter	(1, 0.001113444757164533)	(2, 0.001113444757164533)	(3, 0.001113444757164533)	(4, 0.0011162924419654652)	(5, 0.0011162924419654652)	(6, 0.0011162924419654652)	(7, 0.0011162924419654652)	(8, 0.00112198781156733)	(9, 0.0011390739203729237)	(10, 0.0011404977627733899)	(12, 0.001160431556379916)	(14, 0.0012031468283939008)	(16, 0.001280034318019073)	(18, 0.0013426833836395838)	(20, 0.0014224185580656884)	(22, 0.0015092729444941238)	(24, 0.0016516571845407394)	(26, 0.0018780481262148578)	(28, 0.002282419367947246)	(30, 0.0030512942641989695)	(32, 0.004086427689337864)	(34, 0.005336561316947147)	(36, 0.007082192099918653)	(38, 0.009190902695009027)	(40, 0.012383157356854146)	(42, 0.016493790366999935)	(44, 0.02124230477255456)	(46, 0.027619694884242464)	(48, 0.036017517362191845)	(50, 0.047379779717911755)	(52, 0.062073833290722476)	(54, 0.08108070549454519)	(56, 0.1057188743922115)	(58, 0.13726979814414103)	(60, 0.1775132797509164)	(62, 0.22342365411154713)	(64, 0.26825333209022395)	(66, 0.3189164923836107)	(68, 0.378265091319841)	(70, 0.4467675730486681)	(72, 0.528894802707556)	(74, 0.6278703594911597)	(76, 0.7465704050484212)	(78, 0.8936618680709778)	(80, 1.0655922617696665)	(82, 1.267794968744666)	(84, 1.498769259105885)	(86, 1.7669556706032872)	(88, 2.0845422941848626)	(90, 2.3512649956945855)
SRR19077162_2 - polya	(1, 0.15881253366319395)	(2, 0.1636108825527649)	(3, 0.16817572128865937)	(4, 0.173113606733476)	(5, 0.17745632605489778)	(6, 0.181821826854727)	(7, 0.1865803081570849)	(8, 0.19217031342131502)	(9, 0.1989990615739507)	(10, 0.21050940353931907)	(12, 0.22167090411657328)	(14, 0.2332011798755482)	(16, 0.24512158845225085)	(18, 0.2554828896004431)	(20, 0.2652191239348306)	(22, 0.27458088771789557)	(24, 0.2832008296103177)	(26, 0.29187060598675607)	(28, 0.3003481636391316)	(30, 0.30777919712716445)	(32, 0.31456665385018656)	(34, 0.3217513626029388)	(36, 0.3281287527146267)	(38, 0.3342427319822284)	(40, 0.3406827711595368)	(42, 0.34683377032955065)	(44, 0.3532624187676553)	(46, 0.3603289486011688)	(48, 0.36661521279922693)	(50, 0.37342402715825607)	(52, 0.3803467489093225)	(54, 0.3875556629828826)	(56, 0.3942107023626614)	(58, 0.4004599466583074)	(60, 0.40692846268362515)	(62, 0.41340979329054706)	(64, 0.41971456743981117)	(66, 0.4261731165683257)	(68, 0.43258040737042336)	(70, 0.43991746726002545)	(72, 0.4468572751198975)	(74, 0.4536475795277206)	(76, 0.4607340431548406)	(78, 0.4679500764404031)	(80, 0.4742406121656626)	(82, 0.48049697567331084)	(84, 0.4870295646066496)	(86, 0.4939636770969198)	(88, 0.5007867298799535)	(90, 0.5059510062664443)
SRR19077162_2 - polyg	(1, 0.39089884493917715)	(2, 0.394902689769288)	(3, 0.3958395780687947)	(4, 0.3965315654754213)	(5, 0.397007128837177)	(6, 0.3977275930918128)	(7, 0.39835408374801795)	(8, 0.399068852633052)	(9, 0.3997921645724888)	(10, 0.4009568676560701)	(12, 0.4022183920228831)	(14, 0.40319514790960287)	(16, 0.40380597629940285)	(18, 0.4043555794659828)	(20, 0.40489379189335895)	(22, 0.40551316333756177)	(24, 0.40595028295450486)	(26, 0.40641730326185777)	(28, 0.40691991962922236)	(30, 0.40733568161015843)	(32, 0.4077998542327104)	(34, 0.40826402685526236)	(36, 0.4086897557330017)	(38, 0.40912117998034303)	(40, 0.4095369419612791)	(42, 0.4099128363550022)	(44, 0.4103243268087369)	(46, 0.4106902543056567)	(48, 0.41109177786258816)	(50, 0.4115217782675289)	(52, 0.411940387933266)	(54, 0.4124116797678203)	(56, 0.4128829716023746)	(58, 0.4133998263937438)	(60, 0.4138682705434972)	(62, 0.4143295954812482)	(64, 0.41548433166802623)	(66, 0.4164881405603549)	(68, 0.417032048357333)	(70, 0.41770694965515387)	(72, 0.4185199636658201)	(74, 0.41927460013806717)	(76, 0.4201246340511454)	(78, 0.421195363536296)	(80, 0.4224526163759076)	(82, 0.4242851015453075)	(84, 0.4253601025576595)	(86, 0.42641659361880535)	(88, 0.4274061640871294)	(90, 0.42833735701703424)
SRR19077163_1 - illumina_universal_adapter	(1, 0.0019254538560959126)	(2, 0.0019316450260512049)	(3, 0.0019316450260512049)	(4, 0.0019347406110288511)	(5, 0.0019347406110288511)	(6, 0.0019347406110288511)	(7, 0.0019409317809841434)	(8, 0.0019471229509394358)	(9, 0.001953314120894728)	(10, 0.0019765310082270745)	(12, 0.002087972067422336)	(14, 0.0021870307867070133)	(16, 0.0022690637886146362)	(18, 0.002315497563279329)	(20, 0.002428486414963414)	(22, 0.002739592705216853)	(24, 0.0032998935861708084)	(26, 0.004327627798749335)	(28, 0.007273076904979657)	(30, 0.012300306908677023)	(32, 0.019330380392911458)	(34, 0.027770492834463718)	(36, 0.03866849974826703)	(38, 0.05334776371226513)	(40, 0.0763340299637767)	(42, 0.10600985535198162)	(44, 0.13609894133470232)	(46, 0.1753060728690798)	(48, 0.2312618669250118)	(50, 0.3011029073981757)	(52, 0.380554191434442)	(54, 0.4822286800252302)	(56, 0.6050522051832969)	(58, 0.757854923057378)	(60, 0.9635797617092978)	(62, 1.195179047396873)	(64, 1.3939419154340666)	(66, 1.5988541630293542)	(68, 1.8362623139274827)	(70, 2.1003219036906557)	(72, 2.4029540300677885)	(74, 2.73499421373256)	(76, 3.097024424660767)	(78, 3.4990341155752747)	(80, 3.934397186831431)	(82, 4.4078653613699235)	(84, 4.933278999625806)	(86, 5.493394145481102)	(88, 6.083994612196259)	(90, 6.5728060536764525)
SRR19077163_1 - polya	(1, 0.5182473590326322)	(2, 0.5257572481884017)	(3, 0.5336478942964218)	(4, 0.5407801220849185)	(5, 0.5469248582655463)	(6, 0.552236882087187)	(7, 0.5578770379164584)	(8, 0.5660741469372653)	(9, 0.5774968555047797)	(10, 0.5927673761995083)	(12, 0.6056558442539379)	(14, 0.617615636815074)	(16, 0.631822824069981)	(18, 0.6424933054879274)	(20, 0.6535073968383924)	(22, 0.664253720088291)	(24, 0.6752244732490691)	(26, 0.6864041783958381)	(28, 0.6973470712918173)	(30, 0.7090004009401663)	(32, 0.7208472046496182)	(34, 0.733201684295404)	(36, 0.7460483619526356)	(38, 0.7598175239332057)	(40, 0.7773075790569066)	(42, 0.7946908364988785)	(44, 0.8148709549681539)	(46, 0.8331070460714673)	(48, 0.8520969121168378)	(50, 0.8698578309260827)	(52, 0.8879267604406034)	(54, 0.9103093876214738)	(56, 0.9320140816922399)	(58, 0.953850338124556)	(60, 0.9794771383619998)	(62, 1.005546607251247)	(64, 1.0303159304498826)	(66, 1.054798912038086)	(68, 1.078543596609121)	(70, 1.1064471995976235)	(72, 1.132442374447407)	(74, 1.15699191111263)	(76, 1.1809532866321002)	(78, 1.205355783010885)	(80, 1.2278529468359283)	(82, 1.2508701689372161)	(84, 1.2758205838570444)	(86, 1.3040801791179761)	(88, 1.328228837528594)	(90, 1.347666015603234)
SRR19077163_2 - illumina_universal_adapter	(1, 0.002101902199821744)	(2, 0.0021080933697770364)	(3, 0.0021080933697770364)	(4, 0.0021111889547546824)	(5, 0.0021111889547546824)	(6, 0.0021142845397323284)	(7, 0.002120475709687621)	(8, 0.0021266668796429133)	(9, 0.0021328580495982054)	(10, 0.0021576227294193744)	(12, 0.002304663015857567)	(14, 0.002462537849717522)	(16, 0.002555405399046907)	(18, 0.0026126737211333607)	(20, 0.002721019195350976)	(22, 0.003021290938182654)	(24, 0.0035893307815807246)	(26, 0.00459230031433808)	(28, 0.007500602400836651)	(30, 0.012597483066531055)	(32, 0.019734354232494283)	(34, 0.02828900331821945)	(36, 0.039338693895927423)	(38, 0.05417273710880783)	(40, 0.07738343327119876)	(42, 0.10729142753272713)	(44, 0.13761732576623775)	(46, 0.177412618446368)	(48, 0.2340386066499604)	(50, 0.3044941207411871)	(52, 0.385016477179719)	(54, 0.4877326301154851)	(56, 0.6116597313180827)	(58, 0.7659251130941016)	(60, 0.9732503691794644)	(62, 1.2064531678854604)	(64, 1.406587380067751)	(66, 1.6132672066852747)	(68, 1.8523222087915108)	(70, 2.118369164110333)	(72, 2.4235984862837108)	(74, 2.75796964543665)	(76, 3.122606338916035)	(78, 3.5271311926248803)	(80, 3.9655790143112606)	(82, 4.442594729234135)	(84, 4.970910478406561)	(86, 5.534293014205764)	(88, 6.12803549967323)	(90, 6.619530813329044)
SRR19077163_2 - polya	(1, 0.4471479632660551)	(2, 0.4538313312327932)	(3, 0.46122977932936754)	(4, 0.4678729046913962)	(5, 0.4742312362354814)	(6, 0.4800075978037691)	(7, 0.48670334811041777)	(8, 0.4951573906843694)	(9, 0.5059671734263098)	(10, 0.5242496983042881)	(12, 0.5413203016635177)	(14, 0.5567239325122851)	(16, 0.5717468064088019)	(18, 0.5850330571328592)	(20, 0.5979571244145321)	(22, 0.6109044085835371)	(24, 0.6242726923095021)	(26, 0.6369429216230078)	(28, 0.6493887210256342)	(30, 0.6610544330138937)	(32, 0.6720081604572947)	(34, 0.683754357654973)	(36, 0.6942638686540817)	(38, 0.7044638211554258)	(40, 0.7146328178069935)	(42, 0.7249860017647312)	(44, 0.7359319902456879)	(46, 0.7482911132689403)	(48, 0.7595652337575276)	(50, 0.7716612320576799)	(52, 0.7848066336652544)	(54, 0.7984798325115174)	(56, 0.8114874805875866)	(58, 0.8236515817572472)	(60, 0.8363976529027053)	(62, 0.8492458783524257)	(64, 0.8621993536913861)	(66, 0.8753354685440276)	(68, 0.8888059065742548)	(70, 0.9043503865395051)	(72, 0.9192989663965583)	(74, 0.9339859693230005)	(76, 0.9490305123143609)	(78, 0.9625164282694765)	(80, 0.9759930574696589)	(82, 0.989027018018038)	(84, 1.0024726913684443)	(86, 1.0173624551109222)	(88, 1.030758599101686)	(90, 1.040943073678142)
SRR19077163_2 - polyg	(1, 0.4889786030689877)	(2, 0.49264377568252077)	(3, 0.4932938485278265)	(4, 0.4935569732509264)	(5, 0.4937303260096746)	(6, 0.49394392137313214)	(7, 0.4940925094520592)	(8, 0.49442683262964493)	(9, 0.49481997192180605)	(10, 0.495502548409377)	(12, 0.4963878857129838)	(14, 0.49694818659393775)	(16, 0.49723452820437003)	(18, 0.49746669707769353)	(20, 0.4977963768778128)	(22, 0.498092005243178)	(24, 0.49835203438130027)	(26, 0.4985718209147132)	(28, 0.4988024419955478)	(30, 0.4990206807364719)	(32, 0.4992605885722394)	(34, 0.4994943052380517)	(36, 0.49970325722404285)	(38, 0.49997412090958687)	(40, 0.5002062897829104)	(42, 0.5004384586562338)	(44, 0.500672175322046)	(46, 0.5009136309503025)	(48, 0.5011380608611818)	(50, 0.5014073767542371)	(52, 0.5016921705721805)	(54, 0.5019491041253251)	(56, 0.5022617582080673)	(58, 0.5025326218936115)	(60, 0.5028592061087531)	(62, 0.5032059116262495)	(64, 0.5053898468279788)	(66, 0.5069685951665783)	(68, 0.5076062856719734)	(70, 0.5087934425109009)	(72, 0.5103737386419891)	(74, 0.511670788747623)	(76, 0.5128780668889049)	(78, 0.5137866210798441)	(80, 0.5145342048519457)	(82, 0.51547526268515)	(84, 0.5163528610263127)	(86, 0.5175570435826171)	(88, 0.5191651999785043)	(90, 0.5208321724889667)
SRR19077164_1 - illumina_universal_adapter	(1, 0.001855620981070549)	(2, 0.0018587344390924793)	(3, 0.0018618478971144097)	(4, 0.0018743017292021315)	(5, 0.0018743017292021315)	(6, 0.0018805286452459925)	(7, 0.0018929824773337143)	(8, 0.0018960959353556447)	(9, 0.001899209393377575)	(10, 0.001925673786563984)	(12, 0.0020377582753534802)	(14, 0.002114037996890776)	(16, 0.002187204260406142)	(18, 0.002263483981943438)	(20, 0.0024113732379851343)	(22, 0.002774091097540032)	(24, 0.0033127193353339997)	(26, 0.004333933566527188)	(28, 0.00703952858758475)	(30, 0.011840480857401506)	(32, 0.018925154586304248)	(34, 0.02710109535189361)	(36, 0.03771954393568742)	(38, 0.051580659049321784)	(40, 0.07415789989535045)	(42, 0.10278303294897902)	(44, 0.13136146413227864)	(46, 0.16918842236972265)	(48, 0.22393391149833672)	(50, 0.29182909058257406)	(52, 0.36911601578996467)	(54, 0.46912184418338165)	(56, 0.5894305323378073)	(58, 0.7385791821493746)	(60, 0.9384538467832437)	(62, 1.16598380229691)	(64, 1.3603741106251488)	(66, 1.5603406222706648)	(68, 1.7905403680381364)	(70, 2.047976644581456)	(72, 2.3432865812325483)	(74, 2.6697653461411863)	(76, 3.025878004502559)	(78, 3.418066300964039)	(80, 3.84352812330589)	(82, 4.308636720099003)	(84, 4.8238081651557465)	(86, 5.3747034275561205)	(88, 5.954530498625283)	(90, 6.435763694513975)
SRR19077164_1 - polya	(1, 0.5261277038359172)	(2, 0.5332824303703134)	(3, 0.5406550989662448)	(4, 0.5479779522338252)	(5, 0.5541425991172475)	(6, 0.5592331029831038)	(7, 0.5650583829421356)	(8, 0.5730599700584968)	(9, 0.5845486301594203)	(10, 0.5997282947453422)	(12, 0.6130103066668975)	(14, 0.6250858536049548)	(16, 0.6398343042548393)	(18, 0.6507096131254424)	(20, 0.6618573495729643)	(22, 0.672662605638074)	(24, 0.6832763840348348)	(26, 0.6947588172197143)	(28, 0.7058769758160279)	(30, 0.7175290924631027)	(32, 0.7293664598624823)	(34, 0.7419214793359168)	(36, 0.7546524091875905)	(38, 0.768412336915512)	(40, 0.7852685986462435)	(42, 0.8024112985149926)	(44, 0.8226083007032554)	(46, 0.8409870434067108)	(48, 0.8603807734253157)	(50, 0.878409252101304)	(52, 0.8958041420698294)	(54, 0.9175127281277395)	(56, 0.9388227915588424)	(58, 0.9601904539633511)	(60, 0.9858920499343871)	(62, 1.0118209283410238)	(64, 1.0363176160575724)	(66, 1.0611707947176323)	(68, 1.0843551598779375)	(70, 1.1120618228150967)	(72, 1.1378194610305272)	(74, 1.16169345714269)	(76, 1.1856515166214447)	(78, 1.2092702091758092)	(80, 1.2317696135712897)	(82, 1.2550395988271976)	(84, 1.280239928056703)	(86, 1.3079294669747412)	(88, 1.332293832725358)	(90, 1.3522277477107678)
SRR19077164_2 - illumina_universal_adapter	(1, 0.0019770458439258365)	(2, 0.0019801593019477667)	(3, 0.0019832727599696973)	(4, 0.0019957265920574193)	(5, 0.0019957265920574193)	(6, 0.002008180424145141)	(7, 0.002020634256232863)	(8, 0.002023747714254793)	(9, 0.0020268611722767237)	(10, 0.002056439023485063)	(12, 0.0022074417375486897)	(14, 0.002361557909634247)	(16, 0.002465858753368917)	(18, 0.0025374682878733174)	(20, 0.0026806873568821186)	(22, 0.003030951384349294)	(24, 0.003569579622143262)	(26, 0.004548762170040389)	(28, 0.007210768778790925)	(30, 0.01204752581585988)	(32, 0.019105735151576216)	(34, 0.027312810497384883)	(36, 0.038068251234143625)	(38, 0.05213018439019251)	(40, 0.0748272933700655)	(42, 0.10369838960742657)	(44, 0.13256014547072187)	(46, 0.17074670810969883)	(48, 0.22600591781193144)	(50, 0.2945533663517632)	(52, 0.3727727722367219)	(54, 0.4737406591589155)	(56, 0.5951188201438742)	(58, 0.7454241196105886)	(60, 0.9469660410152014)	(62, 1.1760029102114822)	(64, 1.3720495782073878)	(66, 1.573547911199694)	(68, 1.8054522752341726)	(70, 2.064751956403617)	(72, 2.362297355914456)	(74, 2.690681557132515)	(76, 3.048984533212315)	(78, 3.4435452846865067)	(80, 3.8712285593270046)	(82, 4.338701827487775)	(84, 4.856462112889753)	(86, 5.4099057406810775)	(88, 5.992491335557671)	(90, 6.475927302996878)
SRR19077164_2 - polya	(1, 0.44661932632987933)	(2, 0.45298012106868324)	(3, 0.46036524349670227)	(4, 0.46715880890055456)	(5, 0.47345110756287595)	(6, 0.4794974430414649)	(7, 0.48672066565234356)	(8, 0.4951332292275996)	(9, 0.505952495853808)	(10, 0.5240603677093554)	(12, 0.5412544396354664)	(14, 0.5571937879787393)	(16, 0.572205325831477)	(18, 0.5860477601969798)	(20, 0.5994091652980943)	(22, 0.612538617776575)	(24, 0.6261304187713124)	(26, 0.6386605305805715)	(28, 0.6510536502368656)	(30, 0.6629346060485523)	(32, 0.6741461683855239)	(34, 0.6862450662587456)	(36, 0.6966953881093552)	(38, 0.7067752084553549)	(40, 0.7172302004929973)	(42, 0.7282004698332694)	(44, 0.7389559105700281)	(46, 0.7509053624581972)	(48, 0.7624936532158223)	(50, 0.7748774324980506)	(52, 0.7881703415226827)	(54, 0.8023085544002688)	(56, 0.8151188774315017)	(58, 0.8272691473620853)	(60, 0.8402071221722174)	(62, 0.8528057300579589)	(64, 0.8654681638331501)	(66, 0.8784684078037206)	(68, 0.8918671744010984)	(70, 0.9069845698265816)	(72, 0.9216878753351482)	(74, 0.9361530013050371)	(76, 0.9514540907538143)	(78, 0.9648699813703125)	(80, 0.9780150011389029)	(82, 0.9911849285716687)	(84, 1.0045354365697066)	(86, 1.0189476337532226)	(88, 1.0323884320338963)	(90, 1.0423950861163809)
SRR19077164_2 - polyg	(1, 0.4915838870825989)	(2, 0.495251540632433)	(3, 0.4958555514886875)	(4, 0.4960766070082446)	(5, 0.49630077598582356)	(6, 0.49654673916955605)	(7, 0.4967771350631789)	(8, 0.497175657689986)	(9, 0.4975866341488808)	(10, 0.4983182967840345)	(12, 0.4992383236295149)	(14, 0.4998345508407146)	(16, 0.5001552370169735)	(18, 0.5004479020710348)	(20, 0.5008293006787214)	(22, 0.5011048417136622)	(24, 0.5013290106912411)	(26, 0.5015516229398093)	(28, 0.5018131534136514)	(30, 0.5020949213646361)	(32, 0.5023844729606757)	(34, 0.5026615707246275)	(36, 0.5028810695151735)	(38, 0.5031830749433008)	(40, 0.5034555025202198)	(42, 0.5037497243032922)	(44, 0.5040330489832878)	(46, 0.5043132602052616)	(48, 0.5045779041371257)	(50, 0.5049312816226148)	(52, 0.5052130495735995)	(54, 0.5055352924788692)	(56, 0.5058513084680952)	(58, 0.5062264801597378)	(60, 0.5065938682063256)	(62, 0.5070110715812643)	(64, 0.5090986451849687)	(66, 0.5107238702724164)	(68, 0.5114212848693287)	(70, 0.512661997891068)	(72, 0.514189149050825)	(74, 0.5155933186187156)	(76, 0.5167624221059505)	(78, 0.517724480634727)	(80, 0.5185386499074618)	(82, 0.519516275726348)	(84, 0.5205203659384205)	(86, 0.5219229787773002)	(88, 0.5235232962005725)	(90, 0.5251064896047241)
SRR19077165_1 - illumina_universal_adapter	(1, 0.00043112845718024643)	(2, 0.00043112845718024643)	(3, 0.00043112845718024643)	(4, 0.00043112845718024643)	(5, 0.000433635017977806)	(6, 0.0004361415787753656)	(7, 0.00043864813957292514)	(8, 0.00043864813957292514)	(9, 0.00043864813957292514)	(10, 0.00044992766316194325)	(12, 0.0004624604671497411)	(14, 0.0005013121595119144)	(16, 0.0005364040106777485)	(18, 0.0005815221050338207)	(20, 0.0006354131621813516)	(22, 0.0007068501449117994)	(24, 0.0008271650631946589)	(26, 0.0009875849542384716)	(28, 0.001206909024024934)	(30, 0.0015315086473088988)	(32, 0.002034074087219593)	(34, 0.0026043166686643953)	(36, 0.003410175965079798)	(38, 0.004489250388429194)	(40, 0.006237576544726996)	(42, 0.008480948458542813)	(44, 0.011178007876716911)	(46, 0.015125841132873238)	(48, 0.020957354828395586)	(50, 0.028781584357977792)	(52, 0.03978037313766919)	(54, 0.05579103023208096)	(56, 0.07840522174766343)	(58, 0.11004303213446034)	(60, 0.15435401391371845)	(62, 0.20812350286256764)	(64, 0.26103950785984775)	(66, 0.32335135600677994)	(68, 0.39957962970176286)	(70, 0.48725285999840284)	(72, 0.5956816669792349)	(74, 0.7283589431156581)	(76, 0.8845515193743865)	(78, 1.0776068320024246)	(80, 1.311166913838627)	(82, 1.575556440204413)	(84, 1.8811463063996858)	(86, 2.2274966110044736)	(88, 2.6286428412047114)	(90, 2.966640031951632)
SRR19077165_1 - polya	(1, 0.08492478638211587)	(2, 0.08790258060961664)	(3, 0.09083525674276134)	(4, 0.09346965214099645)	(5, 0.09596368013456823)	(6, 0.09815190771083773)	(7, 0.10021480724722925)	(8, 0.10329537046742998)	(9, 0.1074788204385569)	(10, 0.1124142386489517)	(12, 0.11653878444133597)	(14, 0.12090396007028598)	(16, 0.1267367270462071)	(18, 0.13036372052027578)	(20, 0.13392554341360796)	(22, 0.13777186095746313)	(24, 0.1412196353345063)	(26, 0.14480777711621284)	(28, 0.14832698847598647)	(30, 0.15192390322048444)	(32, 0.15557721558292753)	(34, 0.1595112627546973)	(36, 0.16351800018959625)	(38, 0.16739439646302212)	(40, 0.1721581152587841)	(42, 0.17678146664988276)	(44, 0.18203145824037126)	(46, 0.18738045898236338)	(48, 0.19278084422070546)	(50, 0.19817621633745247)	(52, 0.2037244886628506)	(54, 0.2106476095857101)	(56, 0.21664079645267506)	(58, 0.22182436418202825)	(60, 0.22844419124838308)	(62, 0.23494495667685383)	(64, 0.24176154876581707)	(66, 0.24897793730199108)	(68, 0.2560226264235323)	(70, 0.26435443451462026)	(72, 0.27172622982024297)	(74, 0.2785942064055562)	(76, 0.28622417747332757)	(78, 0.2929931449071372)	(80, 0.2998510952492602)	(82, 0.3067516571249417)	(84, 0.3151686882831467)	(86, 0.3247725759789962)	(88, 0.3320253096467348)	(90, 0.33849850290643246)
SRR19077165_2 - illumina_universal_adapter	(1, 0.000398543166811972)	(2, 0.000398543166811972)	(3, 0.0004085694100022103)	(4, 0.0004085694100022103)	(5, 0.0004085694100022103)	(6, 0.00041107597079976984)	(7, 0.00041107597079976984)	(8, 0.00041107597079976984)	(9, 0.00041107597079976984)	(10, 0.0004248620551863475)	(12, 0.00043739485917414537)	(14, 0.0004737399907387592)	(16, 0.0005113384027021527)	(18, 0.0005577097774570048)	(20, 0.0006228803581935537)	(22, 0.0006993304625191206)	(24, 0.0008371913063848972)	(26, 0.0010088907210177279)	(28, 0.0012407475947919882)	(30, 0.0015853997044564295)	(32, 0.0020942315463610226)	(34, 0.0026757536513948433)	(36, 0.003497905592994383)	(38, 0.0045932726615279165)	(40, 0.006379197229789111)	(42, 0.008683979883145138)	(44, 0.01142239755447897)	(46, 0.015430388269776728)	(48, 0.021335845508827077)	(50, 0.02923025874074095)	(52, 0.04036565508389935)	(54, 0.056685872436809726)	(56, 0.0796221570148786)	(58, 0.11176127956118742)	(60, 0.1566149317531172)	(62, 0.21103487322893308)	(64, 0.2645712520236092)	(66, 0.3277453570849019)	(68, 0.4049336435653501)	(70, 0.49372354669730284)	(72, 0.6035748269307499)	(74, 0.737823716687243)	(76, 0.8959012266657362)	(78, 1.0914505672873465)	(80, 1.3279019670035335)	(82, 1.5950449504054387)	(84, 1.9039936080694413)	(86, 2.254187723657287)	(88, 2.6595625219230072)	(90, 3.001516318888876)
SRR19077165_2 - polya	(1, 0.060766553415236714)	(2, 0.06382205102746183)	(3, 0.06758189222380119)	(4, 0.07201599827468406)	(5, 0.07604654803715986)	(6, 0.08019239959632339)	(7, 0.08483204363260617)	(8, 0.08979252745097656)	(9, 0.09683596329211895)	(10, 0.10830222566055522)	(12, 0.11985120453531095)	(14, 0.13199173175829074)	(16, 0.14493185187569202)	(18, 0.1565597874155709)	(20, 0.1682842255461558)	(22, 0.17935946443017275)	(24, 0.18998477565102778)	(26, 0.20014762640473308)	(28, 0.20996833160957146)	(30, 0.2191285580442529)	(32, 0.22708563529610581)	(34, 0.23505649863234523)	(36, 0.24257618102502396)	(38, 0.24948300930269934)	(40, 0.2566530264641185)	(42, 0.26333426427001355)	(44, 0.2701796818081488)	(46, 0.27802396382411143)	(48, 0.28495460442936366)	(50, 0.2921734995263352)	(52, 0.2998924535024199)	(54, 0.3081766369383543)	(56, 0.3155271264771977)	(58, 0.3225179245415914)	(60, 0.32936459536012536)	(62, 0.3364957608291823)	(64, 0.34352541058593816)	(66, 0.3504673307147794)	(68, 0.35778648824365333)	(70, 0.36598419533207194)	(72, 0.3742195008324539)	(74, 0.381839445657035)	(76, 0.38942680519124784)	(78, 0.39688382356398755)	(80, 0.4036264721094228)	(82, 0.41041925187080924)	(84, 0.4175779895086394)	(86, 0.4253232623730985)	(88, 0.43280158651261746)	(90, 0.43850025248586916)
SRR19077165_2 - polyg	(1, 0.6217900042466153)	(2, 0.625354333700745)	(3, 0.6262115774935104)	(4, 0.6265349238363955)	(5, 0.626868296422471)	(6, 0.6271540443533928)	(7, 0.6274548316491)	(8, 0.6280589128013118)	(9, 0.628552705278431)	(10, 0.6292457693389563)	(12, 0.6300290695881936)	(14, 0.6305917924872457)	(16, 0.6309188986713272)	(18, 0.631182087555071)	(20, 0.6314452764388148)	(22, 0.6317184915657488)	(24, 0.631950348439523)	(26, 0.6321959913976839)	(28, 0.6324265949910594)	(30, 0.6326434125000482)	(32, 0.6329592391605408)	(34, 0.6333201839153892)	(36, 0.6335558006303599)	(38, 0.633811469831711)	(40, 0.6340746587154548)	(42, 0.6343115287108242)	(44, 0.6345496519865923)	(46, 0.6347727358975751)	(48, 0.6349995796497543)	(50, 0.63524020948632)	(52, 0.6354883590052784)	(54, 0.6357001633926722)	(56, 0.6359658588372135)	(58, 0.6362140083561718)	(60, 0.6364345857063571)	(62, 0.6367065475528924)	(64, 0.6372843098167298)	(66, 0.6377781022938491)	(68, 0.6380375313363964)	(70, 0.6383897031284536)	(72, 0.6387995258188546)	(74, 0.6391880427424763)	(76, 0.6396442368076322)	(78, 0.640134269443555)	(80, 0.6406907259406133)	(82, 0.6414389343386848)	(84, 0.6420029105181357)	(86, 0.6426533630451023)	(88, 0.6434604756219166)	(90, 0.6442086840199881)
SRR19077166_1 - illumina_universal_adapter	(1, 0.00042905333396394974)	(2, 0.00042905333396394974)	(3, 0.0004340715016126509)	(4, 0.0004340715016126509)	(5, 0.00044410783691005326)	(6, 0.00045163508838310496)	(7, 0.00045163508838310496)	(8, 0.00045163508838310496)	(9, 0.00045163508838310496)	(10, 0.00045539871411963087)	(12, 0.0004691986751535591)	(14, 0.00048801680383618845)	(16, 0.0005256530612014472)	(18, 0.0005770892796006341)	(20, 0.000641070917121574)	(22, 0.0007000343869938126)	(24, 0.0008041613657043619)	(26, 0.0009133065120636123)	(28, 0.0010839242121194518)	(30, 0.0014038323997241514)	(32, 0.0018893401197359891)	(34, 0.0024162477228496116)	(36, 0.0031840273731008903)	(38, 0.004237842579328135)	(40, 0.005918928741643026)	(42, 0.008153267887227221)	(44, 0.010691206175557834)	(46, 0.0141963962781756)	(48, 0.019685017143942503)	(50, 0.02735905002071876)	(52, 0.037924802005059065)	(54, 0.053868775166894846)	(56, 0.07606663976092445)	(58, 0.10671384413345467)	(60, 0.1505550657963324)	(62, 0.2037049884475508)	(64, 0.2559641863411247)	(66, 0.31737401294210527)	(68, 0.3918812571061958)	(70, 0.4776229240938161)	(72, 0.5836568065108718)	(74, 0.713333785804783)	(76, 0.8650568301213506)	(78, 1.0526535004165707)	(80, 1.2817190536187448)	(82, 1.5399915970782723)	(84, 1.8396891144778276)	(86, 2.1808178785269723)	(88, 2.5732260432362817)	(90, 2.9067359742527854)
SRR19077166_1 - polya	(1, 0.08592106648106138)	(2, 0.08896960332764733)	(3, 0.09178479537856868)	(4, 0.09448707865739427)	(5, 0.09692339905083867)	(6, 0.09904106579859057)	(7, 0.1013092775758035)	(8, 0.10447574136213393)	(9, 0.1088540926356257)	(10, 0.11413571408588369)	(12, 0.11825562972546734)	(14, 0.1225837993224721)	(16, 0.12821543796622697)	(18, 0.1321245905645652)	(20, 0.13574143489736656)	(22, 0.1396694056243874)	(24, 0.14320345019098518)	(26, 0.14680524002084044)	(28, 0.150230139441079)	(30, 0.1539962742614292)	(32, 0.15765953664498106)	(34, 0.16148463493520354)	(36, 0.16531349685116253)	(38, 0.16894790477073435)	(40, 0.17374652758480486)	(42, 0.1783682599892586)	(44, 0.18364360872995572)	(46, 0.18892021201256498)	(48, 0.19421312434003254)	(50, 0.19936050980568776)	(52, 0.2049545121920774)	(54, 0.2118444563737441)	(56, 0.21803562071032917)	(58, 0.2234564963128386)	(60, 0.2303150769467009)	(62, 0.23710340323348142)	(64, 0.2440560745107569)	(66, 0.25100247307847146)	(68, 0.25799278061311215)	(70, 0.2663367388709901)	(72, 0.2737184634822295)	(74, 0.2806309894183153)	(76, 0.288164513600928)	(78, 0.2952062573539679)	(80, 0.30187414761717957)	(82, 0.3085997468083513)	(84, 0.3168257781264847)	(86, 0.32626244238986724)	(88, 0.33384991187470336)	(90, 0.3403471844378592)
SRR19077166_2 - illumina_universal_adapter	(1, 0.00038138074130128865)	(2, 0.00038138074130128865)	(3, 0.00038388982512563925)	(4, 0.0003889079927743404)	(5, 0.0003889079927743404)	(6, 0.00039392616042304156)	(7, 0.00039392616042304156)	(8, 0.00039392616042304156)	(9, 0.00039392616042304156)	(10, 0.0004027079538082686)	(12, 0.00041525337293002153)	(14, 0.0004365805854370015)	(16, 0.00047421684280226023)	(18, 0.0005281621450257978)	(20, 0.0005921437825467376)	(22, 0.0006548708781555022)	(24, 0.0007652705664269279)	(26, 0.0008869611319079311)	(28, 0.0010638515415246474)	(30, 0.001390032438690223)	(32, 0.001893103745472515)	(34, 0.002433811309620066)	(36, 0.0031953182503104676)	(38, 0.0042616788756594665)	(40, 0.005971619501954389)	(42, 0.008253631240201243)	(44, 0.010837987579282345)	(46, 0.014399632067947997)	(48, 0.019963525448445416)	(50, 0.027811939651014042)	(52, 0.03853952754202496)	(54, 0.054726881834822744)	(56, 0.07719572748188222)	(58, 0.10829707602661987)	(60, 0.15273044147204434)	(62, 0.20648003515728255)	(64, 0.25932384958193017)	(66, 0.3216469826949743)	(68, 0.3970976423770207)	(70, 0.48406499681283627)	(72, 0.5914512754112169)	(74, 0.7229962676123571)	(76, 0.8765120523214232)	(78, 1.0664007706901875)	(80, 1.2979816804262732)	(82, 1.5587068533241033)	(84, 1.8612935807473985)	(86, 2.2053680092063304)	(88, 2.6013742001197584)	(90, 2.9379740678659503)
SRR19077166_2 - polya	(1, 0.05981906745634225)	(2, 0.06336189381632527)	(3, 0.06703770161899889)	(4, 0.07149132540722117)	(5, 0.07556858662179086)	(6, 0.07976377477610504)	(7, 0.0844883796173572)	(8, 0.08948145642781485)	(9, 0.0965671091477809)	(10, 0.10834851224501907)	(12, 0.11981377078038905)	(14, 0.13235918990214196)	(16, 0.14530355335196662)	(18, 0.15679892089322883)	(20, 0.16819016145578047)	(22, 0.1793894571057693)	(24, 0.1897017916238502)	(26, 0.19959134551752802)	(28, 0.2092036456486151)	(30, 0.2180481661294509)	(32, 0.22617885226225898)	(34, 0.2342505749251948)	(36, 0.24198608035566765)	(38, 0.24891366079469962)	(40, 0.25606580423601094)	(42, 0.2630523481449152)	(44, 0.27018943708328036)	(46, 0.2779475242681724)	(48, 0.28496166809914447)	(50, 0.292437483353797)	(52, 0.3002545340085613)	(54, 0.30879545534665065)	(56, 0.3163176886520537)	(58, 0.3233531596955327)	(60, 0.3302932855536864)	(62, 0.3373576110611455)	(64, 0.34441566385904365)	(66, 0.35143984402531314)	(68, 0.3586258600982532)	(70, 0.36679167340460217)	(72, 0.3751117953661487)	(74, 0.3825650288663821)	(76, 0.3901462256416574)	(78, 0.3976044773095395)	(80, 0.4043438764617452)	(82, 0.41128902048754756)	(84, 0.41837090958177714)	(86, 0.42622810557773094)	(88, 0.43372524804489054)	(90, 0.439225159787867)
SRR19077166_2 - polyg	(1, 0.6221373705830245)	(2, 0.6257579785415625)	(3, 0.6264504856770832)	(4, 0.6267490666521809)	(5, 0.6270752475493465)	(6, 0.6274591373744721)	(7, 0.6277828091878134)	(8, 0.6283925165571306)	(9, 0.6290373510999886)	(10, 0.6298766396392339)	(12, 0.6308903095042715)	(14, 0.6315564712596367)	(16, 0.6318964521178361)	(18, 0.6322590147304548)	(20, 0.6325249776158359)	(22, 0.6328110131718119)	(24, 0.6330644306380713)	(26, 0.6333253753558037)	(28, 0.6335737746544146)	(30, 0.6338673374618635)	(32, 0.6341885001913804)	(34, 0.6345535718878235)	(36, 0.6348458801533603)	(38, 0.6351758246762623)	(40, 0.6354794238190087)	(42, 0.6357579321235116)	(44, 0.6359712042485814)	(46, 0.636261003430294)	(48, 0.6365420208186212)	(50, 0.636797947368705)	(52, 0.6370739465893835)	(54, 0.637370018480657)	(56, 0.6376823994167886)	(58, 0.6379797258499741)	(60, 0.6382532159868284)	(62, 0.6385743787163451)	(64, 0.6391677770408042)	(66, 0.639746120862317)	(68, 0.6401137016425843)	(70, 0.6406167729493666)	(72, 0.6411035352112906)	(74, 0.6416768608651546)	(76, 0.642294095485945)	(78, 0.6428711847655456)	(80, 0.6435373465209107)	(82, 0.6444820165807786)	(84, 0.6451318692912854)	(86, 0.6459322670312533)	(88, 0.6468593735043509)	(90, 0.6476647894119674)
SRR19077167_1 - illumina_universal_adapter	(1, 5.80547399248556e-05)	(2, 5.80547399248556e-05)	(3, 5.80547399248556e-05)	(4, 5.80547399248556e-05)	(5, 6.634827419983498e-05)	(6, 6.634827419983498e-05)	(7, 6.634827419983498e-05)	(8, 6.634827419983498e-05)	(9, 6.634827419983498e-05)	(10, 7.32595527623178e-05)	(12, 9.81401555872559e-05)	(14, 0.00013960782696215276)	(16, 0.00018660452118703588)	(18, 0.0002474237725368846)	(20, 0.00033312362671167144)	(22, 0.0004188234808864583)	(24, 0.000511434613623728)	(26, 0.0006676295091358395)	(28, 0.0007865035004105438)	(30, 0.0009192000488102137)	(32, 0.0011279206613971945)	(34, 0.0013421702968341616)	(36, 0.0016642358778458607)	(38, 0.0020332981530824428)	(40, 0.0025350569767186946)	(42, 0.0032413896458044376)	(44, 0.004120504278952252)	(46, 0.005346565095936702)	(48, 0.007186347449269626)	(50, 0.009704817357438361)	(52, 0.013374706274116733)	(54, 0.018636953771591146)	(56, 0.026280827861697133)	(58, 0.0373112284474197)	(60, 0.053870651883128506)	(62, 0.07483532427456385)	(64, 0.09553460356919988)	(66, 0.11991482982621424)	(68, 0.15103355268164936)	(70, 0.18943538088622883)	(72, 0.2384626087527694)	(74, 0.3026379769725598)	(76, 0.38266228919183576)	(78, 0.48720920000651324)	(80, 0.6181723997427124)	(82, 0.7735144434802135)	(84, 0.9611722435201718)	(86, 1.1832440640341568)	(88, 1.4545421572372823)	(90, 1.6884032367231505)
SRR19077167_1 - polya	(1, 0.2897097392935794)	(2, 0.29431541532761796)	(3, 0.29918924896988086)	(4, 0.3032945484359956)	(5, 0.3069519970512615)	(6, 0.31024729466985335)	(7, 0.3133988376943455)	(8, 0.3180432168883339)	(9, 0.32407814532909396)	(10, 0.33208831718301146)	(12, 0.3388696637085197)	(14, 0.34508428539190417)	(16, 0.352407476156711)	(18, 0.3577913621568851)	(20, 0.36311166439428433)	(22, 0.36866142107995803)	(24, 0.3734619951694586)	(26, 0.37831924174317155)	(28, 0.38330365584243414)	(30, 0.3884207664900964)	(32, 0.3936913075218458)	(34, 0.3994055526373066)	(36, 0.4052704636254295)	(38, 0.4112777469519395)	(40, 0.41842400898554677)	(42, 0.42554953718346655)	(44, 0.43327081759347236)	(46, 0.44117179124610273)	(48, 0.44851571584659694)	(50, 0.4561457673795779)	(52, 0.4639375428309211)	(54, 0.4733686735572851)	(56, 0.4822206391401131)	(58, 0.4903773300995553)	(60, 0.49950851133630764)	(62, 0.5089023211584343)	(64, 0.5182284004506486)	(66, 0.5276526198984501)	(68, 0.5370132555834768)	(70, 0.5473414702672511)	(72, 0.5571250762003018)	(74, 0.5664027765425788)	(76, 0.5761670308956544)	(78, 0.5854322909365188)	(80, 0.5947956911329706)	(82, 0.6042323508821846)	(84, 0.6147927845256583)	(86, 0.6261894828751925)	(88, 0.6361790449094051)	(90, 0.644075871794898)
SRR19077167_2 - illumina_universal_adapter	(1, 4.699669422488311e-05)	(2, 5.2525717074869355e-05)	(3, 6.0819251349848726e-05)	(4, 6.0819251349848726e-05)	(5, 6.358376277484186e-05)	(6, 6.358376277484186e-05)	(7, 6.358376277484186e-05)	(8, 6.358376277484186e-05)	(9, 6.358376277484186e-05)	(10, 8.155308703729715e-05)	(12, 0.00010781594557473183)	(14, 0.00015066587266212526)	(16, 0.00019213354403702212)	(18, 0.0002515705396743743)	(20, 0.000334505882424168)	(22, 0.00041052994661147895)	(24, 0.0005031410793487486)	(26, 0.000646895673448391)	(28, 0.0007726809432855781)	(30, 0.0009095242588227379)	(32, 0.0011182448714097187)	(34, 0.0013297299954216925)	(36, 0.0016752939235458331)	(38, 0.002072001313032346)	(40, 0.0025682311138186123)	(42, 0.0032870040843168244)	(44, 0.004159207438902155)	(46, 0.005389415023024095)	(48, 0.007280340837719392)	(50, 0.009815397814438086)	(52, 0.013496344776816431)	(54, 0.018783472877115782)	(56, 0.026490930729996608)	(58, 0.03754759417425661)	(60, 0.054181659418440234)	(62, 0.07532878956392514)	(64, 0.09618564600978577)	(66, 0.12069027528092481)	(68, 0.15203707032892183)	(70, 0.19072364321027563)	(72, 0.24022222027477752)	(74, 0.3050735115379787)	(76, 0.38574610168641554)	(78, 0.4911458642757034)	(80, 0.6230835542892127)	(82, 0.7794940816924737)	(84, 0.9682645975809917)	(86, 1.1918016091502233)	(88, 1.4648952525238814)	(90, 1.700274048782071)
SRR19077167_2 - polya	(1, 0.23636296232548712)	(2, 0.24079723865117608)	(3, 0.24570424643053887)	(4, 0.2502518677246526)	(5, 0.25427423184801756)	(6, 0.25820813160578276)	(7, 0.262559472588722)	(8, 0.2674554223223848)	(9, 0.27432246870206767)	(10, 0.2854123062834276)	(12, 0.29594094804551396)	(14, 0.30637006739630046)	(16, 0.3170120541268115)	(18, 0.3261888498020762)	(20, 0.3354416695415282)	(22, 0.3441692321102315)	(24, 0.352602374212173)	(26, 0.3610645436840769)	(28, 0.36932213931053137)	(30, 0.3768264055736752)	(32, 0.383957462794445)	(34, 0.3912792713035393)	(36, 0.39815046445035973)	(38, 0.4043429700423443)	(40, 0.4108851863295905)	(42, 0.4175006621695991)	(44, 0.4241354895895826)	(46, 0.4313259838059897)	(48, 0.43810456582007284)	(50, 0.44503104919539305)	(52, 0.4520294098677632)	(54, 0.45955164545516947)	(56, 0.4662583501722028)	(58, 0.4731945093375105)	(60, 0.47956947268354466)	(62, 0.48625406130917803)	(64, 0.4930658174603611)	(66, 0.4995831531447824)	(68, 0.5063520593688781)	(70, 0.5139917866918465)	(72, 0.5216093979234151)	(74, 0.5284100960288982)	(76, 0.5357305222822799)	(78, 0.5430039518414369)	(80, 0.5496083696357454)	(82, 0.5562003471286416)	(84, 0.563285789910899)	(86, 0.5709946300194924)	(88, 0.5787642893794355)	(90, 0.5848213339115954)
SRR19077167_2 - polyg	(1, 0.42828087447135976)	(2, 0.430984566645003)	(3, 0.43158170111280153)	(4, 0.4318360361639009)	(5, 0.43205443256647535)	(6, 0.4323281191975497)	(7, 0.43261562838574896)	(8, 0.4330330696109229)	(9, 0.4334643333932219)	(10, 0.43434483028208215)	(12, 0.43530826251369226)	(14, 0.43596759848855315)	(16, 0.4363463365537772)	(18, 0.43663522799768895)	(20, 0.4369890854600881)	(22, 0.4373042397625373)	(24, 0.43758483767217415)	(26, 0.43782535016614854)	(28, 0.43807139168297293)	(30, 0.4383201977112223)	(32, 0.4386035601322841)	(34, 0.4389629466175332)	(36, 0.43931403956850734)	(38, 0.43962090033668155)	(40, 0.4398807644106309)	(42, 0.44015445104170525)	(44, 0.44040049255852964)	(46, 0.4406506808424915)	(48, 0.44091607393929083)	(50, 0.4411690267346777)	(52, 0.441459300434302)	(54, 0.4417481918782138)	(56, 0.4419928511393256)	(58, 0.4422955651403624)	(60, 0.44257339853857425)	(62, 0.4429037576538609)	(64, 0.4432907892533599)	(66, 0.44369026115427146)	(68, 0.44407314598663294)	(70, 0.4444933517232319)	(72, 0.44490249941413096)	(74, 0.4452798552236425)	(76, 0.4457442931430413)	(78, 0.44626540354665256)	(80, 0.44688050733871354)	(82, 0.4475550481264118)	(84, 0.448089981087148)	(86, 0.4487465525505838)	(88, 0.4493588918312198)	(90, 0.44997123111185583)
SRR19077168_1 - illumina_universal_adapter	(1, 3.3397145072884396e-05)	(2, 3.3397145072884396e-05)	(3, 3.618024049562477e-05)	(4, 3.618024049562477e-05)	(5, 3.896333591836513e-05)	(6, 4.1746431341105496e-05)	(7, 4.452952676384587e-05)	(8, 4.731262218658623e-05)	(9, 4.731262218658623e-05)	(10, 5.1487265320696786e-05)	(12, 8.488441039358117e-05)	(14, 0.00014611250969386925)	(16, 0.00021151525212826787)	(18, 0.0002755264468512963)	(20, 0.00033397145072884397)	(22, 0.00042303050425653574)	(24, 0.0005204388440524486)	(26, 0.0006345457563848036)	(28, 0.0007959652909037448)	(30, 0.0009462524437317246)	(32, 0.0011522015050145118)	(34, 0.0013859815205247024)	(36, 0.001693513564737513)	(38, 0.0020288765631777273)	(40, 0.0025534900503642864)	(42, 0.0031852527113263493)	(44, 0.0039547785957140605)	(46, 0.005169599747740231)	(48, 0.007045406062667238)	(50, 0.009735267788745804)	(52, 0.013193263851500707)	(54, 0.01839347764889108)	(56, 0.025939840887651586)	(58, 0.03638618955690755)	(60, 0.05255179931989497)	(62, 0.07321349973831945)	(64, 0.09397539159196258)	(66, 0.117617787208142)	(68, 0.1476877417031403)	(70, 0.18531936646172414)	(72, 0.2332901907157885)	(74, 0.295279466614196)	(76, 0.37367091538652397)	(78, 0.47469171304115376)	(80, 0.6022994212692223)	(82, 0.752116230970759)	(84, 0.9360384835302675)	(86, 1.1536918526133892)	(88, 1.4186842832896134)	(90, 1.6491120603631133)
SRR19077168_1 - polya	(1, 0.2954255791238899)	(2, 0.30004830062106164)	(3, 0.30474894879007014)	(4, 0.30891245954248975)	(5, 0.31252491740120675)	(6, 0.31586184881307244)	(7, 0.31923496046543376)	(8, 0.32380480314957344)	(9, 0.3298218554535381)	(10, 0.3377439365743686)	(12, 0.34466827798614663)	(14, 0.35095529054611707)	(16, 0.358695078916758)	(18, 0.36409985022771985)	(20, 0.3691191628226321)	(22, 0.374678395929556)	(24, 0.37983686329560523)	(26, 0.38500228840021133)	(28, 0.38995341515726645)	(30, 0.39507431073510874)	(32, 0.40055283407477316)	(34, 0.4062846190979069)	(36, 0.411976049237411)	(38, 0.418032064877294)	(40, 0.42520827642483006)	(42, 0.4326419242989695)	(44, 0.44066558840273007)	(46, 0.44825091497740893)	(48, 0.4555022701013589)	(50, 0.4631265600119562)	(52, 0.47117248887909857)	(54, 0.480654494984375)	(56, 0.4894546427110801)	(58, 0.49773713468915537)	(60, 0.5069283073227554)	(62, 0.5163101219928132)	(64, 0.5257740379778418)	(66, 0.5350166978767625)	(68, 0.5441883888424035)	(70, 0.5545512446489772)	(72, 0.5644785460218922)	(74, 0.5740217802264689)	(76, 0.5839170760020223)	(78, 0.593287758290389)	(80, 0.6026500912924876)	(82, 0.6120082496514521)	(84, 0.6226354995231862)	(86, 0.6341032442125879)	(88, 0.6440194132038117)	(90, 0.6517118889522662)
SRR19077168_2 - illumina_universal_adapter	(1, 3.3397145072884396e-05)	(2, 3.618024049562477e-05)	(3, 3.896333591836513e-05)	(4, 3.896333591836513e-05)	(5, 3.896333591836513e-05)	(6, 3.896333591836513e-05)	(7, 4.1746431341105496e-05)	(8, 4.452952676384587e-05)	(9, 4.452952676384587e-05)	(10, 5.1487265320696786e-05)	(12, 8.070976725947063e-05)	(14, 0.0001335885802915376)	(16, 0.00019620822730319584)	(18, 0.0002602194220262243)	(20, 0.00032701371217199306)	(22, 0.0004091150271428339)	(24, 0.0005106980100728572)	(26, 0.0006178471838483614)	(28, 0.000766742788964971)	(30, 0.0009239876803498017)	(32, 0.001146635314169031)	(34, 0.0013859815205247024)	(36, 0.0016976882078716237)	(38, 0.0020316596586004675)	(40, 0.0025548815980756564)	(42, 0.0031810780681922387)	(44, 0.003953387048002691)	(46, 0.00516820820002886)	(48, 0.00706071308749231)	(50, 0.009750574813570875)	(52, 0.013162649801850564)	(54, 0.018406001578293415)	(56, 0.02607203792023175)	(58, 0.03664362588351104)	(60, 0.05286072291181915)	(62, 0.07365044571968969)	(64, 0.09450417972228325)	(66, 0.11831077796840435)	(68, 0.14851014640056007)	(70, 0.18631293152764247)	(72, 0.2346845215225814)	(74, 0.29724433198265077)	(76, 0.37596696911028477)	(78, 0.47768771526373377)	(80, 0.6060705155670355)	(82, 0.7568071383057879)	(84, 0.9414446463889405)	(86, 1.1604659068723393)	(88, 1.4271755074243941)	(90, 1.6588306295793227)
SRR19077168_2 - polya	(1, 0.23607606923395158)	(2, 0.24094926931916996)	(3, 0.24582246940438834)	(4, 0.25046745566494205)	(5, 0.25450016093249284)	(6, 0.258635840730685)	(7, 0.2631138412658743)	(8, 0.2680315708778565)	(9, 0.2751340303966899)	(10, 0.2864347893607272)	(12, 0.2968950535070968)	(14, 0.30736645003515745)	(16, 0.3178670690651568)	(18, 0.32714590920457326)	(20, 0.33623967349837736)	(22, 0.34520263230731274)	(24, 0.35359505655458634)	(26, 0.3620807144985217)	(28, 0.37032563468839)	(30, 0.3779053950722234)	(32, 0.38477546612325797)	(34, 0.3918974073100506)	(36, 0.3987020756186508)	(38, 0.4049445586518574)	(40, 0.41129697395426235)	(42, 0.41775375533502)	(44, 0.42446240685153563)	(46, 0.43177359852707453)	(48, 0.4383556192018555)	(50, 0.4452312564437356)	(52, 0.45240746799127163)	(54, 0.459746490621038)	(56, 0.46657342369302013)	(58, 0.47354507772698473)	(60, 0.4802551207912118)	(62, 0.48686914706335427)	(64, 0.4934080297590827)	(66, 0.49991768995287245)	(68, 0.5067529723111228)	(70, 0.5145748619967346)	(72, 0.5217093271129296)	(74, 0.5286169699521711)	(76, 0.53572499566185)	(78, 0.5427662270813831)	(80, 0.5492466647732341)	(82, 0.5559692317668634)	(84, 0.5625971735161196)	(86, 0.5701073565143845)	(88, 0.577845753337314)	(90, 0.5836429411028823)
SRR19077168_2 - polyg	(1, 0.4284157938995383)	(2, 0.4313519595705294)	(3, 0.43189466317796377)	(4, 0.43214792486143316)	(5, 0.4323705724952524)	(6, 0.43262940036956726)	(7, 0.4330190337287509)	(8, 0.43351720780942143)	(9, 0.4339903340312873)	(10, 0.43492127945019393)	(12, 0.43587170653705976)	(14, 0.43654799872478567)	(16, 0.4369543306565058)	(18, 0.4372952598457915)	(20, 0.4376292312965203)	(22, 0.4379799013197856)	(24, 0.4382874333639984)	(26, 0.43860470624219083)	(28, 0.4388983228092899)	(30, 0.43917245770842983)	(32, 0.4394897305866222)	(34, 0.43980561191710327)	(36, 0.44011036086589334)	(38, 0.4403803211218992)	(40, 0.44066002221188455)	(42, 0.4409619880652519)	(44, 0.4412514299892169)	(46, 0.4415687028674093)	(48, 0.4418581447913743)	(50, 0.44216985147872123)	(52, 0.44250103983402733)	(54, 0.44282805354619936)	(56, 0.44312862785185525)	(58, 0.4434027627509952)	(60, 0.4437381257494354)	(62, 0.444112452083794)	(64, 0.4445438318743188)	(66, 0.4450141750007619)	(68, 0.44543024776646156)	(70, 0.4459284218471321)	(72, 0.44644190295262765)	(74, 0.44694564322414365)	(76, 0.44754122564461013)	(78, 0.44820499390293367)	(80, 0.4488645875181232)	(82, 0.44965498661818143)	(84, 0.4502964901131231)	(86, 0.45093938515577614)	(88, 0.45169221246762736)	(90, 0.45228640334038245)
SRR19077169_1 - illumina_universal_adapter	(1, 0.0002961285898020044)	(2, 0.0002988206678911135)	(3, 0.0002988206678911135)	(4, 0.00030151274598022267)	(5, 0.00030151274598022267)	(6, 0.00030151274598022267)	(7, 0.00030151274598022267)	(8, 0.0003068969021584409)	(9, 0.00031497313642576833)	(10, 0.000328433526871314)	(12, 0.000349970151584187)	(14, 0.0003943894400544877)	(16, 0.00045765327514855225)	(18, 0.0005236091883317259)	(20, 0.0006016794529158907)	(22, 0.0006851338736782738)	(24, 0.0007874328410644207)	(26, 0.0009206907064753227)	(28, 0.0011104822117575163)	(30, 0.0013231563807971378)	(32, 0.001630053282955579)	(34, 0.00202848084014373)	(36, 0.002521131130450701)	(38, 0.003172614028015111)	(40, 0.004070422070733006)	(42, 0.005257628508030132)	(44, 0.006609051708762916)	(46, 0.00875059982864923)	(48, 0.012090122698189106)	(50, 0.01676760837801622)	(52, 0.02336050761824448)	(54, 0.0325647226049086)	(56, 0.04508019364117695)	(58, 0.06391397195258443)	(60, 0.08957889841510633)	(62, 0.12114351400991089)	(64, 0.15632224443934445)	(66, 0.20164741718663032)	(68, 0.25906271263210534)	(70, 0.32395525497008093)	(72, 0.40824556597913236)	(74, 0.5090410077525118)	(76, 0.6252095614537491)	(78, 0.7824363441310342)	(80, 0.9653011324899501)	(82, 1.1737527770468037)	(84, 1.4161784470882146)	(86, 1.6835529508204443)	(88, 1.9874374175971723)	(90, 2.241023097356985)
SRR19077169_1 - polya	(1, 0.1260673248348915)	(2, 0.12901784242055508)	(3, 0.1318472164922088)	(4, 0.13416778780502087)	(5, 0.1362406879336349)	(6, 0.13801745947244692)	(7, 0.13992075868144707)	(8, 0.1422601745408829)	(9, 0.14465881611827913)	(10, 0.1480400661982002)	(12, 0.1516137998614926)	(14, 0.1544310595817453)	(16, 0.1573048529418693)	(18, 0.15973579945633481)	(20, 0.1620536786910578)	(22, 0.1644079009799837)	(24, 0.16648887734286508)	(26, 0.1686331175408405)	(28, 0.17081504683206344)	(30, 0.17309792905162802)	(32, 0.1757025146028411)	(34, 0.17825056651418286)	(36, 0.18080400258170287)	(38, 0.18331167332170806)	(40, 0.18621238746272312)	(42, 0.189267896093862)	(44, 0.19284835995237715)	(46, 0.19621076548567445)	(48, 0.19954894231616976)	(50, 0.20273367069558587)	(52, 0.20649988794224955)	(54, 0.21070356787839345)	(56, 0.21477668202721556)	(58, 0.2186209695384634)	(60, 0.22310193351778557)	(62, 0.22776865088525622)	(64, 0.23234518363674173)	(66, 0.236692889750653)	(68, 0.24123577152602466)	(70, 0.2463534119734211)	(72, 0.2515477766463572)	(74, 0.25646351123707045)	(76, 0.2618019020877739)	(78, 0.2667257129127545)	(80, 0.27154857080939343)	(82, 0.2764925722200424)	(84, 0.2819521065847557)	(86, 0.28793794221588986)	(88, 0.29338401619015764)	(90, 0.29764422976617283)
SRR19077169_2 - illumina_universal_adapter	(1, 0.0002772840431782405)	(2, 0.0002799761212673496)	(3, 0.0002799761212673496)	(4, 0.00029074443362378614)	(5, 0.00029074443362378614)	(6, 0.00029074443362378614)	(7, 0.00029074443362378614)	(8, 0.00029343651171289526)	(9, 0.00030151274598022267)	(10, 0.00031362709738121374)	(12, 0.0003324716440049777)	(14, 0.0003863132057871603)	(16, 0.00045226911897033395)	(18, 0.0005182250321535077)	(20, 0.000588219062470345)	(22, 0.0006716734832327282)	(24, 0.0007753184896634297)	(26, 0.0009085763550743316)	(28, 0.0010983678603565254)	(30, 0.0013110420293961467)	(32, 0.0016192849705991422)	(34, 0.002020404605876403)	(36, 0.0025117088571388188)	(38, 0.003172614028015111)	(40, 0.004086574539267661)	(42, 0.005271088898475678)	(44, 0.006638664567743116)	(46, 0.008796365156164086)	(48, 0.012177615236085154)	(50, 0.016868561306357815)	(52, 0.023512610030279147)	(54, 0.032769320539680895)	(56, 0.04538305242620173)	(58, 0.06441066036002506)	(60, 0.0902640322887846)	(62, 0.1221234304343466)	(64, 0.1576252102344733)	(66, 0.2033959219055067)	(68, 0.26126887062613025)	(70, 0.3266298345516109)	(72, 0.4114908661155534)	(74, 0.5132554560010122)	(76, 0.630304319237388)	(78, 0.7890750086987773)	(80, 0.9732212262281092)	(82, 1.1832477364670917)	(84, 1.4273303805723492)	(86, 1.6962985945333315)	(88, 2.002344800015614)	(90, 2.257700521119016)
SRR19077169_2 - polya	(1, 0.13012697859326805)	(2, 0.13331439905077327)	(3, 0.1364479779464963)	(4, 0.13970270035622923)	(5, 0.14295742276596218)	(6, 0.14641943518855652)	(7, 0.15003489606223008)	(8, 0.15430453191155716)	(9, 0.1599417434301517)	(10, 0.16821180731989493)	(12, 0.17752235939107885)	(14, 0.1872744122688767)	(16, 0.19715568489495175)	(18, 0.20586051939608613)	(20, 0.2139340615853244)	(22, 0.22129151100285965)	(24, 0.2283030283859444)	(26, 0.23520417056737564)	(28, 0.24165438966888114)	(30, 0.24768329854944104)	(32, 0.25336492935650584)	(34, 0.25883119391644194)	(36, 0.26410093677587304)	(38, 0.2689534075314923)	(40, 0.27408854648646797)	(42, 0.2789598617887109)	(44, 0.28388232657464696)	(46, 0.2893714737983405)	(48, 0.2945200731437617)	(50, 0.3001465163499998)	(52, 0.3058039184542626)	(54, 0.31144247601190167)	(56, 0.3166085738649021)	(58, 0.32172890639038765)	(60, 0.32669175234766035)	(62, 0.3314446162139825)	(64, 0.33638861762463146)	(66, 0.34135146358190416)	(68, 0.34624431550886)	(70, 0.3517765359819792)	(72, 0.35705166299758856)	(74, 0.36251119736230186)	(76, 0.3680151510154855)	(78, 0.37358909869898593)	(80, 0.3784469536107834)	(82, 0.38339768521665507)	(84, 0.38847763657080403)	(86, 0.39392505658411636)	(88, 0.39916114846743356)	(90, 0.4030660077356864)
SRR19077169_2 - polyg	(1, 0.45787133347377007)	(2, 0.4626013146763348)	(3, 0.4634385509620478)	(4, 0.4638988963152854)	(5, 0.46423809815451317)	(6, 0.4645665316813845)	(7, 0.4649272701453251)	(8, 0.4655195273249291)	(9, 0.4660121776152361)	(10, 0.4669409445559788)	(12, 0.4680675792362709)	(14, 0.46882943733548876)	(16, 0.46936112275808783)	(18, 0.46985242700935026)	(20, 0.47026431495698395)	(22, 0.47070850784168694)	(24, 0.4710329032514246)	(26, 0.4713438382707167)	(28, 0.47170188465656826)	(30, 0.47200474344159304)	(32, 0.47238298041311283)	(34, 0.4727639094627218)	(36, 0.4731327241609297)	(38, 0.47346788788302385)	(40, 0.47380574368320705)	(42, 0.47408033564829616)	(44, 0.47434012118389524)	(46, 0.474645672047009)	(48, 0.47488661303598434)	(50, 0.47516793519629624)	(52, 0.47545867962992006)	(54, 0.47578980523488046)	(56, 0.4761330451912419)	(58, 0.4764709009914251)	(60, 0.476791258284029)	(62, 0.4770941170690538)	(64, 0.4775894594374499)	(66, 0.47810903050864795)	(68, 0.47845900066023217)	(70, 0.4787739737966579)	(72, 0.4792248968765837)	(74, 0.4796340927461283)	(76, 0.4801173207631234)	(78, 0.4806153552096086)	(80, 0.48119011388163335)	(82, 0.48199908334741065)	(84, 0.48267479494777704)	(86, 0.4833128174548959)	(88, 0.4839831448990841)	(90, 0.4845955926643564)
SRR19077170_1 - illumina_universal_adapter	(1, 0.0002836314736824163)	(2, 0.0002836314736824163)	(3, 0.00028633272581272506)	(4, 0.0002890339779430338)	(5, 0.0002890339779430338)	(6, 0.0002944364822036512)	(7, 0.0002944364822036512)	(8, 0.00029713773433395996)	(9, 0.0002998389864642687)	(10, 0.0003052414907248861)	(12, 0.00033360463809312775)	(14, 0.0003835778025038392)	(16, 0.0004403040972403225)	(18, 0.000479472253129799)	(20, 0.0005253935393450474)	(22, 0.0006077817293194635)	(24, 0.0007077280581408864)	(26, 0.0008225312736790073)	(28, 0.0009724507669111417)	(30, 0.0011885509373358398)	(32, 0.0015235062014941222)	(34, 0.001861162717782713)	(36, 0.0022609480330684044)	(38, 0.002828210980433237)	(40, 0.0036831572796759493)	(42, 0.00469882808067203)	(44, 0.006031896006979387)	(46, 0.008021368200951765)	(48, 0.011206144462585752)	(50, 0.015533550375340335)	(52, 0.02177209217028834)	(54, 0.03080507929404072)	(56, 0.042591992964642854)	(58, 0.060378387616660666)	(60, 0.08524476410221765)	(62, 0.11625648918422699)	(64, 0.15043948426721876)	(66, 0.1945441784248345)	(68, 0.25010083098889413)	(70, 0.31305486251180414)	(72, 0.39485958202607363)	(74, 0.4948950521677967)	(76, 0.6098508884512801)	(78, 0.7637169110457955)	(80, 0.9417685945890301)	(82, 1.1446245258188243)	(84, 1.3816512964970245)	(86, 1.6453340231971105)	(88, 1.9414155679481198)	(90, 2.188767874894425)
SRR19077170_1 - polya	(1, 0.12849856383878613)	(2, 0.13147804493851667)	(3, 0.13465201619162942)	(4, 0.1369075617204372)	(5, 0.138979422104384)	(6, 0.14085949358707886)	(7, 0.14296917150084998)	(8, 0.14530845584569735)	(9, 0.1479853967068333)	(10, 0.1515753607880136)	(12, 0.1551085985744574)	(14, 0.15805161277042876)	(16, 0.16111888456439433)	(18, 0.16344061077039468)	(20, 0.16573667508115708)	(22, 0.16803409001798467)	(24, 0.1701640273227331)	(26, 0.17244793599890912)	(28, 0.17458732768611362)	(30, 0.17704951900289004)	(32, 0.17985882121841112)	(34, 0.18246823077628935)	(36, 0.1851100553597313)	(38, 0.1877316205521959)	(40, 0.19071920540831735)	(42, 0.19385130725341032)	(44, 0.1973764412834632)	(46, 0.20073544830750212)	(48, 0.20417549289545028)	(50, 0.2075344999194892)	(52, 0.21105558207134661)	(54, 0.21516418656154618)	(56, 0.21910396279360145)	(58, 0.22284789824620937)	(60, 0.22735493742562946)	(62, 0.23201459735041202)	(64, 0.23661212847619745)	(66, 0.24113132329020398)	(68, 0.24582474886661537)	(70, 0.25102871109565517)	(72, 0.256224569568304)	(74, 0.261247547904613)	(76, 0.26668786969505487)	(78, 0.2715163578779817)	(80, 0.2762746135055205)	(82, 0.28129218933756894)	(84, 0.2865218134618467)	(86, 0.292536151329979)	(88, 0.2980183425284406)	(90, 0.3025429398467077)
SRR19077170_2 - illumina_universal_adapter	(1, 0.00025661895237932906)	(2, 0.00025661895237932906)	(3, 0.00025661895237932906)	(4, 0.0002593202045096378)	(5, 0.0002593202045096378)	(6, 0.00026202145663994654)	(7, 0.00026202145663994654)	(8, 0.00026202145663994654)	(9, 0.0002647227087702552)	(10, 0.0002687745869657183)	(12, 0.0002944364822036513)	(14, 0.0003484615248098258)	(16, 0.0004078890716766178)	(18, 0.0004511091057615574)	(20, 0.0004983810180419602)	(22, 0.0005834704601466851)	(24, 0.0006699105283165642)	(26, 0.0007887656220501482)	(28, 0.0009400357413474371)	(30, 0.0011561359117721352)	(32, 0.0014924418019955717)	(34, 0.0018382020746750887)	(36, 0.002255545528807787)	(38, 0.0028511716235408613)	(40, 0.0037142216791744994)	(42, 0.00474204811475697)	(44, 0.0060967260581067965)	(46, 0.008122665155838342)	(48, 0.011318246425993566)	(50, 0.015694274877093704)	(52, 0.021993594844973652)	(54, 0.031071152628876133)	(56, 0.04297286951501638)	(58, 0.060918638042722406)	(60, 0.08601462095935564)	(62, 0.11728296499374431)	(64, 0.15180766847122013)	(66, 0.19622705850201685)	(68, 0.2520835500525407)	(70, 0.31545222377745313)	(72, 0.39803760515738185)	(74, 0.498834828399852)	(76, 0.6147887773454843)	(78, 0.7697353007921233)	(80, 0.9488256157794616)	(82, 1.1529605898929574)	(84, 1.3914676467385663)	(86, 1.656860266037138)	(88, 1.9550028661635728)	(90, 2.2038381605294175)
SRR19077170_2 - polya	(1, 0.12992212371145884)	(2, 0.1332230538146961)	(3, 0.13651047765728183)	(4, 0.13976008397004322)	(5, 0.1431582591499716)	(6, 0.14657804434694244)	(7, 0.1503706023378959)	(8, 0.1546385807037837)	(9, 0.1599330348791888)	(10, 0.16832177336986254)	(12, 0.1776545994800792)	(14, 0.18751552038177122)	(16, 0.19757498331504092)	(18, 0.20633514397363212)	(20, 0.21452263918059786)	(22, 0.22209559952791835)	(24, 0.2292390607865198)	(26, 0.23592330918296875)	(28, 0.24258729818844038)	(30, 0.24843550905055878)	(32, 0.2541148916545329)	(34, 0.2596997304339462)	(36, 0.26508062467752114)	(38, 0.269979345415836)	(40, 0.27507525755966344)	(42, 0.2800982358959725)	(44, 0.2849037634357917)	(46, 0.29031167020066984)	(48, 0.29543459486580026)	(50, 0.30107075743568945)	(52, 0.30691626704567754)	(54, 0.3126118571624335)	(56, 0.3175551485608985)	(58, 0.3227672145463292)	(60, 0.3278388154209838)	(62, 0.3327902105758397)	(64, 0.337665970671047)	(66, 0.34277133719733044)	(68, 0.34780376991609563)	(70, 0.353389959321574)	(72, 0.3590787963080042)	(74, 0.36462446693152806)	(76, 0.37055506598362087)	(78, 0.3760710228337113)	(80, 0.3812884913234026)	(82, 0.3860670063419187)	(84, 0.39100624586218824)	(86, 0.3964019969924799)	(88, 0.4018531237914429)	(90, 0.4058550288224953)
SRR19077170_2 - polyg	(1, 0.4557363506607762)	(2, 0.4606985508241534)	(3, 0.4614900176983338)	(4, 0.4619411268040954)	(5, 0.46227878332038397)	(6, 0.4626731661314091)	(7, 0.46311887273290997)	(8, 0.46366182441110204)	(9, 0.46421287984568504)	(10, 0.46525961504617963)	(12, 0.46647247725268826)	(14, 0.4673530854471689)	(16, 0.4679298027769898)	(18, 0.4684187294125757)	(20, 0.4688752410225979)	(22, 0.4693641676581838)	(24, 0.4697558492170785)	(26, 0.47012186888073537)	(28, 0.4705324592045423)	(30, 0.47088227135541727)	(32, 0.4712699010361166)	(34, 0.4717048026290963)	(36, 0.4720897310576653)	(38, 0.47249897075540703)	(40, 0.47285958791480326)	(42, 0.4731918419268312)	(44, 0.47349978466968645)	(46, 0.4738144805428674)	(48, 0.4741372801724393)	(50, 0.4745384161137901)	(52, 0.47491118890777273)	(54, 0.47529881858847206)	(56, 0.47569860390375773)	(58, 0.476076779202001)	(60, 0.47641173446615925)	(62, 0.47675749473883877)	(64, 0.4772639795132716)	(66, 0.477809632443594)	(68, 0.478229677149857)	(70, 0.47872130503757315)	(72, 0.4792777629764168)	(74, 0.47982071465460885)	(76, 0.4803825750977131)	(78, 0.48096874680999)	(80, 0.4816170473212642)	(82, 0.4824301242124871)	(84, 0.48311219037539005)	(86, 0.4838712422240068)	(88, 0.4846221903162326)	(90, 0.4852529326886597)
