gene_id,GSM5188270,GSM5188271,GSM5188272,GSM5188273,GSM5188274,GSM5188275,GSM5188276,GSM5188277
ENSG00000000003.17,147,296,96,201,376,24,158,90
ENSG00000000005.6,6,9,2,10,13,1,8,3
ENSG00000000419.15,398,393,178,615,1119,104,808,476
ENSG00000000457.15,111,145,104,313,336,24,164,78
ENSG00000000460.18,38,41,28,87,66,9,105,20
ENSG00000000938.14,246,370,942,409,168,13,43,183
ENSG00000000971.18,2617,1343,3586,1501,2392,112,951,461
ENSG00000001036.15,818,629,533,2130,1422,184,737,446
ENSG00000001084.14,192,226,156,848,911,76,597,282
ENSG00000001167.16,304,406,160,524,545,33,322,170
ENSG00000001460.19,82,91,27,126,173,12,133,60
ENSG00000001461.20,193,254,90,1162,1315,183,623,572
ENSG00000001497.19,419,310,419,626,621,43,352,216
ENSG00000001561.8,230,550,73,1682,1166,66,689,253
ENSG00000001617.13,966,415,317,429,561,74,224,396
ENSG00000001626.19,0,6,0,6,31,1,24,12
ENSG00000001629.11,300,284,105,1068,868,77,620,290
ENSG00000001630.19,452,381,143,893,707,69,354,250
ENSG00000001631.18,283,227,183,835,928,64,571,309
ENSG00000002016.19,290,183,123,191,329,15,304,163
ENSG00000002330.15,283,577,277,408,887,153,566,783
ENSG00000002549.14,680,943,282,2497,2396,174,1163,599
ENSG00000002586.21,2258,4025,1959,6350,5692,930,3246,2803
ENSG00000002587.11,133,36,15,32,83,15,37,28
ENSG00000002726.22,0,11,6,5,43,0,3,0
ENSG00000002745.13,0,3,0,1,1,0,0,0
ENSG00000002746.16,0,1,3,2,0,0,0,0
ENSG00000002822.17,105,129,103,175,314,64,146,190
ENSG00000002834.20,2598,1621,1430,1730,2362,253,1156,971
ENSG00000002919.16,393,257,225,444,417,38,190,173
ENSG00000002933.10,525,408,579,1178,720,45,217,156
ENSG00000003056.9,1383,839,608,2861,2824,268,1500,1045
ENSG00000003096.16,55,93,32,310,366,46,103,106
ENSG00000003137.9,59,21,28,48,76,18,48,19
ENSG00000003147.20,422,448,194,1561,1580,173,676,552
ENSG00000003249.16,13,16,5,106,124,49,75,73
ENSG00000003393.17,415,414,225,1982,1682,160,843,517
ENSG00000003400.17,244,534,282,362,613,27,238,114
ENSG00000003402.22,4422,2723,4891,7556,11607,633,8163,2694
ENSG00000003436.17,2050,980,1579,1036,854,52,479,288
ENSG00000003509.17,280,234,157,739,897,64,531,258
ENSG00000003756.18,1409,1314,1334,2269,2712,136,2067,1255
ENSG00000003987.15,0,1,4,9,8,0,35,7
ENSG00000003989.19,1080,208,348,2463,897,67,647,313
ENSG00000004059.12,1311,1362,1000,1196,2036,290,903,1114
ENSG00000004139.15,258,147,197,389,354,30,242,156
ENSG00000004142.13,1924,1147,789,5498,6433,900,2728,3170
ENSG00000004399.14,1955,1254,1380,1883,2953,337,1375,909
ENSG00000004455.19,2233,1226,819,2518,2830,342,1651,1182
ENSG00000004468.14,112,251,250,395,280,26,142,51
ENSG00000004478.9,2860,738,372,1933,2192,287,918,1139
ENSG00000004487.19,713,540,423,1335,1393,157,951,567
ENSG00000004534.16,3259,1388,2058,3238,2546,113,2722,469
ENSG00000004660.16,264,103,110,240,156,21,75,63
ENSG00000004700.17,795,472,302,936,1083,55,829,288
ENSG00000004766.18,115,205,100,498,668,45,425,192
ENSG00000004776.14,8768,4267,5786,19401,27267,5907,12450,12127
ENSG00000004777.19,74,114,167,65,189,11,101,42
ENSG00000004779.11,1511,1912,487,4035,7680,877,4272,5293
ENSG00000004799.9,23434,2797,4733,85012,10334,66,5694,30405
ENSG00000004809.15,3,0,6,6,2,0,0,0
ENSG00000004838.15,9,19,10,2,12,1,1,0
ENSG00000004846.17,0,0,0,2,2,0,0,0
ENSG00000004848.8,0,0,0,0,0,0,0,0
ENSG00000004864.15,225,222,148,392,269,43,169,106
ENSG00000004866.23,441,241,216,1180,909,89,527,372
ENSG00000004897.13,917,856,378,1968,1768,142,1126,364
ENSG00000004939.16,86,84,1562,16,4,1,2,0
ENSG00000004948.17,0,1,0,2,3,0,2,0
ENSG00000004961.16,235,191,91,1501,1469,199,865,581
ENSG00000004975.13,346,319,228,370,599,59,373,193
ENSG00000005001.11,0,0,0,0,0,0,0,0
ENSG00000005007.15,1080,507,501,1594,2254,310,1147,1031
ENSG00000005020.14,85,138,71,167,265,8,152,45
ENSG00000005022.7,2197,1132,805,2822,3994,457,1414,1753
ENSG00000005059.17,499,189,237,104,136,10,39,35
ENSG00000005073.6,0,2,0,1,0,0,0,0
ENSG00000005075.17,998,1126,468,877,1540,310,970,1114
ENSG00000005100.13,287,198,178,402,393,25,259,126
ENSG00000005102.15,3266,569,347,316,888,80,253,291
ENSG00000005108.17,21,42,21,152,161,8,82,25
ENSG00000005156.13,377,187,122,794,641,74,384,195
ENSG00000005175.11,242,216,96,750,668,60,331,181
ENSG00000005187.13,97,398,335,22,123,4,57,78
ENSG00000005189.21,10,21,49,91,140,19,65,54
ENSG00000005194.16,587,314,215,1528,1220,134,620,569
ENSG00000005206.18,218,205,361,189,567,62,378,371
ENSG00000005238.21,459,262,395,801,640,128,283,340
ENSG00000005243.11,304,533,373,463,703,88,347,319
ENSG00000005249.15,113,473,108,742,1257,86,1607,302
ENSG00000005302.19,458,279,288,586,455,33,242,135
ENSG00000005339.15,739,738,481,1600,1840,223,1157,598
ENSG00000005379.17,9,84,36,124,773,33,443,171
ENSG00000005381.9,3,81,120,6,14,2,5,2
ENSG00000005421.10,2,224,0,0,5,0,0,3
ENSG00000005436.15,188,270,165,349,483,42,232,145
ENSG00000005448.18,95,77,111,51,66,5,7,34
ENSG00000005469.13,85,92,49,217,320,27,173,93
ENSG00000005471.20,38,50,5,357,350,23,216,70
ENSG00000005483.23,638,689,435,1693,1679,136,1242,582
ENSG00000005486.18,817,742,669,726,716,90,396,522
ENSG00000005513.11,242,62,101,28,66,6,29,42
ENSG00000005700.16,743,612,283,2316,2097,121,1479,641
ENSG00000005801.19,331,309,147,303,395,23,198,100
ENSG00000005810.21,387,435,250,2715,1402,125,1245,454
ENSG00000005812.12,384,747,305,1553,1300,81,748,284
ENSG00000005844.20,23,200,130,120,189,7,55,20
ENSG00000005882.13,432,841,267,3912,6509,974,3125,3754
ENSG00000005884.19,671,268,186,1804,785,185,354,295
ENSG00000005889.17,384,274,101,1022,820,52,476,213
ENSG00000005893.18,987,1272,717,2482,3069,236,1620,624
ENSG00000005961.20,13,18,14,15,15,0,7,4
ENSG00000005981.14,3,8,6,27,96,6,65,52
ENSG00000006007.13,662,738,532,3544,4464,572,2325,2042
ENSG00000006015.19,191,468,328,127,429,143,416,692
ENSG00000006016.13,4461,175,1225,45,153,114,85,132
ENSG00000006025.14,173,129,238,115,204,8,141,49
ENSG00000006042.13,667,402,405,240,543,42,241,248
ENSG00000006047.14,8,13,14,8,13,2,32,16
ENSG00000006059.4,0,0,0,0,0,0,0,0
ENSG00000006062.19,313,255,259,713,891,116,357,207
ENSG00000006071.16,25,12,10,41,175,12,60,90
ENSG00000006116.5,0,0,0,0,0,0,4,0
ENSG00000006118.15,203,121,74,151,271,30,95,95
ENSG00000006125.19,2236,1861,1092,5157,5281,669,2577,1804
ENSG00000006128.13,2,3,8,3,7,1,0,0
ENSG00000006194.12,462,427,395,508,601,36,351,226
ENSG00000006210.7,812,1968,405,1891,1522,133,539,756
ENSG00000006282.23,420,494,682,1766,3217,256,1733,1561
ENSG00000006283.18,5,4,2,2,44,5,32,10
ENSG00000006327.15,3675,470,124,1671,716,434,305,901
ENSG00000006377.11,0,0,0,1,0,0,0,0
ENSG00000006432.17,19,17,7,183,53,9,41,34
ENSG00000006451.9,809,706,231,955,1407,85,684,436
ENSG00000006453.15,124,168,106,131,175,11,81,90
ENSG00000006459.12,395,527,264,817,1048,49,623,251
ENSG00000006468.16,188,332,85,1692,1290,180,559,311
ENSG00000006530.19,246,108,85,656,1241,137,589,345
ENSG00000006534.18,35,80,100,96,136,20,39,86
ENSG00000006555.12,1,8,1,8,3,1,11,0
ENSG00000006576.18,308,226,91,1345,1384,61,708,274
ENSG00000006606.9,54,13,10,17,4,1,8,2
ENSG00000006607.15,319,199,214,648,494,50,309,179
ENSG00000006611.18,0,5,3,2,22,0,1,10
ENSG00000006625.19,650,150,183,456,480,50,242,144
ENSG00000006634.9,86,86,83,75,70,5,33,13
ENSG00000006638.14,109,134,25,116,141,8,51,97
ENSG00000006652.15,1129,1196,406,612,589,21,518,233
ENSG00000006659.13,0,0,0,0,0,0,0,0
ENSG00000006695.13,285,192,93,1160,1695,239,766,837
ENSG00000006704.12,283,65,64,706,464,80,291,512
ENSG00000006712.16,446,497,325,1513,1460,250,858,803
ENSG00000006715.17,273,391,167,916,1277,82,526,354
ENSG00000006740.19,84,87,72,331,392,50,158,131
ENSG00000006744.20,571,606,361,2288,2310,373,1411,1132
ENSG00000006747.16,4,29,8,4,16,0,20,0
ENSG00000006756.17,183,127,212,344,411,30,314,297
ENSG00000006757.13,165,176,58,691,1111,122,565,572
ENSG00000006788.14,0,0,0,0,1,0,2,0
ENSG00000006831.11,1340,1037,620,2819,2186,170,1347,1045
ENSG00000006837.12,36,20,12,50,83,7,49,35
ENSG00000007001.15,0,5,3,0,1,0,0,0
ENSG00000007038.12,17,1,1,1,0,0,0,0
ENSG00000007047.17,301,201,146,809,751,140,340,394
ENSG00000007062.13,33,277,11,244,303,7,110,173
ENSG00000007080.12,609,576,395,394,1035,418,571,847
ENSG00000007129.19,8,19,15,8,22,0,8,3
ENSG00000007168.16,1589,1084,773,6709,5315,508,3552,1740
ENSG00000007171.20,9,52,6,14,36,0,26,9
ENSG00000007174.18,1,15,0,1,4,0,2,0
ENSG00000007202.17,1738,557,594,4573,3372,434,1537,1187
ENSG00000007216.17,0,2,0,0,0,0,0,0
ENSG00000007237.20,6973,1794,3007,4591,2708,372,1424,871
ENSG00000007255.11,50,154,71,72,199,33,103,111
ENSG00000007264.16,11,38,11,6,27,2,10,11
ENSG00000007306.16,0,0,0,0,0,0,0,0
ENSG00000007312.15,269,486,66,133,128,15,44,64
ENSG00000007314.12,6,4,34,8,54,3,29,18
ENSG00000007341.20,176,152,106,307,365,28,190,98
ENSG00000007350.18,9,33,7,247,439,14,270,143
ENSG00000007372.25,0,0,0,5,2,0,1,0
ENSG00000007376.9,125,89,123,63,148,39,103,167
ENSG00000007384.16,955,299,698,448,625,85,370,384
ENSG00000007392.18,1074,637,1064,602,612,12,600,350
ENSG00000007402.13,25,59,11,187,212,16,118,109
ENSG00000007516.16,35,131,44,26,145,14,73,86
ENSG00000007520.5,460,453,277,478,973,360,524,917
ENSG00000007541.18,227,200,457,201,473,81,197,292
ENSG00000007545.17,324,94,215,772,812,42,448,298
ENSG00000007866.22,1053,322,476,2328,1006,214,570,746
ENSG00000007908.16,707,161,100,185,141,15,15,0
ENSG00000007923.18,507,301,244,2179,2583,422,1602,1353
ENSG00000007933.14,51,385,237,88,102,5,48,37
ENSG00000007944.16,190,477,189,665,637,48,290,187
ENSG00000007952.19,0,0,0,0,0,0,0,1
ENSG00000007968.8,16,7,178,10,9,0,1,1
ENSG00000008018.10,2075,1482,982,2683,3712,416,1677,1463
ENSG00000008056.15,82,95,66,395,357,94,150,151
ENSG00000008083.15,151,350,200,416,569,48,430,514
ENSG00000008086.13,85,100,67,553,424,24,441,182
ENSG00000008118.11,0,16,0,0,4,0,3,7
ENSG00000008128.24,582,175,401,461,517,115,301,76
ENSG00000008130.16,1115,405,1145,761,907,88,467,472
ENSG00000008196.13,0,4,0,0,0,0,0,0
ENSG00000008197.5,0,0,0,0,0,0,0,0
ENSG00000008226.21,11,42,15,2,7,6,173,48
ENSG00000008256.18,1169,649,489,1169,1926,168,897,789
ENSG00000008277.16,26,117,37,47,148,4,138,39
ENSG00000008282.11,1172,1677,488,3026,3471,162,1541,791
ENSG00000008283.17,818,227,164,245,413,51,311,196
ENSG00000008294.23,1082,1125,540,2975,2247,242,1730,684
ENSG00000008300.17,14,14,29,10,8,3,11,8
ENSG00000008311.17,435,592,512,1846,1656,154,1598,548
ENSG00000008323.17,2,4,2,2,10,8,39,22
ENSG00000008324.13,314,354,183,165,169,14,85,84
ENSG00000008382.17,104,327,160,297,469,96,149,302
ENSG00000008394.14,2705,651,1785,453,366,24,931,71
ENSG00000008405.13,408,160,111,770,653,33,302,181
ENSG00000008438.5,0,6,71,0,1,0,0,0
ENSG00000008441.19,814,530,636,2919,3610,732,2490,1209
ENSG00000008513.18,1239,458,773,13441,6212,831,3305,1897
ENSG00000008516.20,22,16,388,28,28,5,25,8
ENSG00000008517.20,3604,3044,771,2830,2082,143,692,1105
ENSG00000008710.20,1590,636,1003,1988,3733,730,2885,1708
ENSG00000008735.15,20,7,7,9,17,2,10,6
ENSG00000008838.22,713,298,442,1514,1634,270,818,692
ENSG00000008853.19,555,238,211,3987,1664,237,723,839
ENSG00000008869.13,231,295,139,1000,1344,91,939,381
ENSG00000008952.18,1744,2346,939,2778,3023,249,1878,458
ENSG00000008988.12,11746,17845,11537,8773,14137,1935,7308,7468
ENSG00000009307.18,8090,8722,3774,41686,32070,3312,17787,9580
ENSG00000009335.20,799,310,190,3860,2471,257,1365,929
ENSG00000009413.17,216,218,227,868,725,30,494,215
ENSG00000009694.14,9,38,41,32,37,1,24,13
ENSG00000009709.14,0,0,3,0,0,0,0,0
ENSG00000009724.19,0,57,0,0,0,1,8,15
ENSG00000009765.16,2,13,0,1,0,0,0,0
ENSG00000009780.17,164,243,147,334,500,27,280,143
ENSG00000009790.16,9,64,20,22,56,2,24,2
ENSG00000009830.14,542,136,213,380,422,48,205,223
ENSG00000009844.17,458,404,218,1236,1274,117,747,361
ENSG00000009950.17,20,47,56,21,163,5,265,27
ENSG00000009954.11,885,658,496,2353,2297,192,1486,791
ENSG00000010017.14,365,371,206,1476,1356,126,803,425
ENSG00000010030.14,7,23,12,17,10,2,0,0
ENSG00000010072.17,73,98,42,296,210,23,198,86
ENSG00000010165.21,300,187,132,678,599,71,342,215
ENSG00000010219.14,293,174,121,254,433,31,189,243
ENSG00000010244.20,1675,1462,853,2909,2656,263,1859,994
ENSG00000010256.13,4911,8073,1784,18333,24875,3640,10255,14285
ENSG00000010270.15,481,477,133,784,754,37,373,215
ENSG00000010278.16,2064,1981,773,1749,2149,130,865,1114
ENSG00000010282.16,2731,4200,1072,11482,18914,1594,8411,8976
ENSG00000010292.14,278,125,175,646,618,79,249,203
ENSG00000010295.21,269,321,442,351,720,77,338,224
ENSG00000010310.10,51,19,28,82,99,3,74,24
ENSG00000010318.23,26,23,62,94,154,15,65,60
ENSG00000010319.8,591,343,139,709,1070,135,541,730
ENSG00000010322.17,879,598,980,968,1819,191,1370,749
ENSG00000010327.11,935,344,1813,1127,2093,115,1186,251
ENSG00000010361.15,132,203,116,168,414,51,163,226
ENSG00000010379.17,13,37,23,52,67,0,26,27
ENSG00000010404.19,1670,1181,1122,5062,4108,347,2178,1321
ENSG00000010438.17,0,1,0,1,3,0,0,0
ENSG00000010539.13,76,65,53,178,215,21,102,59
ENSG00000010610.11,70,191,130,338,479,35,273,103
ENSG00000010626.16,126,92,104,218,271,35,117,143
ENSG00000010671.19,25,23,84,60,59,2,35,18
ENSG00000010704.20,42,102,44,90,190,11,105,70
ENSG00000010803.19,1135,343,365,2364,2018,250,779,788
ENSG00000010810.19,1075,880,699,1312,1382,140,718,625
ENSG00000010818.12,593,286,238,2993,1173,105,739,471
ENSG00000010932.17,5,53,16,11,55,2,7,2
ENSG00000011007.14,785,581,314,1677,1476,214,975,440
ENSG00000011009.13,689,393,497,496,854,125,361,456
ENSG00000011021.24,447,220,286,1134,783,103,621,433
ENSG00000011028.14,4134,1360,1204,986,2516,354,1786,1146
ENSG00000011052.21,116,3,5,5,28,0,0,19
ENSG00000011083.9,3,0,1,1,0,0,0,1
ENSG00000011105.15,1128,1346,481,8378,8455,1415,3067,4806
ENSG00000011114.16,361,344,192,481,409,48,300,170
ENSG00000011132.13,126,70,57,84,225,44,123,188
ENSG00000011143.20,127,156,163,154,260,25,167,123
ENSG00000011198.11,646,359,321,1780,1029,85,567,257
ENSG00000011201.13,50,231,60,188,448,16,226,80
ENSG00000011243.20,751,560,749,1755,1580,197,885,478
ENSG00000011258.17,128,248,100,313,430,19,360,137
ENSG00000011260.15,360,304,168,282,253,21,198,102
ENSG00000011275.19,600,227,267,1486,1254,182,608,527
ENSG00000011295.17,488,809,319,1255,1469,82,735,494
ENSG00000011304.23,2434,1530,1395,1168,1522,202,1004,901
ENSG00000011332.23,9,2,15,0,4,0,0,0
ENSG00000011347.11,727,170,55,846,1297,166,526,486
ENSG00000011376.13,208,130,64,689,915,88,526,410
ENSG00000011405.15,521,619,207,1939,1364,55,882,282
ENSG00000011422.13,651,207,233,150,143,29,47,59
ENSG00000011426.12,2,2,38,64,78,0,10,5
ENSG00000011451.22,840,329,352,900,1257,254,694,715
ENSG00000011454.19,414,526,270,2231,1906,174,1204,765
ENSG00000011465.19,34038,28235,35377,13934,31845,2867,26068,11827
ENSG00000011478.13,43,41,36,58,68,4,33,25
ENSG00000011485.16,608,458,246,1907,2747,400,1328,1523
ENSG00000011523.16,285,459,215,1095,1290,120,908,382
ENSG00000011566.16,275,496,133,1241,1449,72,1080,353
ENSG00000011590.15,1,2,0,0,0,0,0,0
ENSG00000011600.13,185,176,568,326,312,64,212,74
ENSG00000011638.12,431,637,236,3676,4459,232,1406,1545
ENSG00000011677.14,0,0,0,0,2,0,0,0
ENSG00000012048.27,39,64,42,170,227,23,185,57
ENSG00000012061.18,1672,1137,618,2160,3116,551,1240,1416
ENSG00000012124.18,2,16,17,8,46,1,4,1
ENSG00000012171.21,225,229,252,400,883,116,606,436
ENSG00000012174.13,155,144,93,513,573,51,369,111
ENSG00000012211.14,207,95,109,235,289,46,193,116
ENSG00000012223.14,147,189,269,267,214,8,45,75
ENSG00000012232.11,880,341,340,4603,3205,374,869,895
ENSG00000012504.16,0,17,1,0,1,0,0,0
ENSG00000012660.15,1113,902,321,2226,1493,105,1072,436
ENSG00000012779.13,35,24,136,39,13,10,57,31
ENSG00000012817.17,0,429,649,1508,1405,74,1026,635
ENSG00000012822.17,967,890,1058,4610,5357,695,2936,1905
ENSG00000012963.16,462,340,194,1417,1342,67,545,277
ENSG00000012983.13,598,563,250,730,703,33,601,190
ENSG00000013016.17,280,182,90,1454,1677,305,894,1026
ENSG00000013275.9,1224,584,470,1709,1897,329,901,1026
ENSG00000013288.10,539,448,446,735,1367,212,808,499
ENSG00000013293.6,1,3,0,1,3,1,3,0
ENSG00000013297.13,101,106,99,73,127,7,42,40
ENSG00000013306.17,1776,723,4316,1030,1505,187,599,877
ENSG00000013364.20,2721,933,1751,2315,1630,312,688,574
ENSG00000013374.18,525,732,348,1654,1515,178,960,468
ENSG00000013375.18,939,294,267,589,498,30,393,205
ENSG00000013392.9,92,41,52,155,199,23,135,113
ENSG00000013441.18,1859,3647,1777,1132,2386,26,2060,1010
ENSG00000013503.11,129,84,61,317,344,55,241,124
ENSG00000013523.13,684,398,620,967,942,58,449,279
ENSG00000013561.19,549,551,313,2953,2596,235,1299,615
ENSG00000013563.15,366,238,207,1213,1872,220,865,865
ENSG00000013573.18,258,152,348,300,360,27,132,127
ENSG00000013583.11,486,461,266,803,1227,137,536,602
ENSG00000013588.11,443,872,171,34,90,13,50,44
ENSG00000013619.16,104,160,81,102,199,11,104,47
ENSG00000013725.15,6,56,3,10,26,1,16,6
ENSG00000013810.22,119,80,310,175,222,17,142,70
ENSG00000014123.11,221,243,144,876,1294,70,990,302
ENSG00000014138.11,239,118,271,148,198,24,134,69
ENSG00000014164.8,134,86,130,173,308,56,173,170
ENSG00000014216.17,877,467,502,1951,2439,470,1101,1102
ENSG00000014257.17,10,4,11,8,9,1,0,0
ENSG00000014641.22,3108,3687,628,33691,39900,3695,20514,16535
ENSG00000014824.15,550,719,303,3263,3682,214,2003,855
ENSG00000014914.22,233,106,128,103,131,3,49,53
ENSG00000014919.14,242,351,226,1054,1468,117,732,463
ENSG00000015133.20,80,273,103,113,299,43,141,64
ENSG00000015153.16,382,399,163,1247,1106,98,712,318
ENSG00000015171.22,922,1151,432,4147,3247,293,1948,930
ENSG00000015285.13,63,51,266,136,110,15,45,24
ENSG00000015413.11,0,25,5,0,1,0,0,0
ENSG00000015475.20,216,333,86,382,278,80,197,319
ENSG00000015479.21,2106,2469,1228,6916,7892,530,4526,1976
ENSG00000015520.16,4,8,7,8,11,0,4,2
ENSG00000015532.11,293,215,237,297,585,106,307,308
ENSG00000015568.14,139,194,141,389,367,1,146,230
ENSG00000015592.18,1,0,1,0,1,0,0,0
ENSG00000015676.19,1185,847,635,3808,3152,416,1110,1263
ENSG00000016082.16,0,0,0,1,0,0,0,0
ENSG00000016391.12,70,62,21,357,306,48,257,231
ENSG00000016402.15,30,64,15,80,220,31,61,17
ENSG00000016490.17,0,0,0,0,0,0,4,0
ENSG00000016602.10,1,0,0,0,2,0,0,0
ENSG00000016864.20,617,455,354,506,824,69,465,286
ENSG00000017260.21,914,1037,335,2351,2192,185,1263,741
ENSG00000017427.18,2258,543,937,290,534,27,723,67
ENSG00000017483.17,667,65,163,68,64,18,38,9
ENSG00000017797.14,800,743,650,2612,2464,280,1162,789
ENSG00000018189.14,677,937,593,826,817,43,572,205
ENSG00000018236.16,1,21,6,6,34,4,28,14
ENSG00000018280.19,161,54,1352,135,52,5,12,12
ENSG00000018408.16,2157,1082,564,1890,1901,158,971,552
ENSG00000018510.19,555,415,193,1346,1077,113,720,249
ENSG00000018610.16,176,172,93,399,584,48,279,210
ENSG00000018625.16,486,1169,264,7712,8696,1510,5371,3673
ENSG00000018699.14,186,215,99,423,387,47,290,138
ENSG00000018869.19,30,88,46,115,107,5,87,54
ENSG00000019102.13,156,111,143,31,59,1,30,24
ENSG00000019144.21,6020,2481,4035,3573,4477,473,2860,1773
ENSG00000019169.12,85,19,232,38,86,26,19,15
ENSG00000019186.11,0,3,0,0,2,0,0,0
ENSG00000019485.15,211,110,145,859,556,58,261,261
ENSG00000019505.8,13,17,8,143,164,31,82,55
ENSG00000019549.13,238,285,245,326,299,18,185,98
ENSG00000019582.18,5948,15150,4064,15960,15375,1453,7567,4423
ENSG00000019991.18,362,100,100,296,180,4,112,52
ENSG00000019995.6,770,638,371,3519,2093,157,1221,685
ENSG00000020129.17,487,244,188,534,958,134,535,466
ENSG00000020181.19,840,718,509,657,1571,188,867,506
ENSG00000020256.21,93,73,40,176,300,32,130,109
ENSG00000020426.12,176,168,75,299,444,31,313,128
ENSG00000020577.15,1232,1080,423,7713,4770,510,3046,1825
ENSG00000020633.19,14,77,14,30,54,9,28,17
ENSG00000020922.14,228,217,221,377,470,33,404,98
ENSG00000021300.14,57,111,59,213,283,39,104,130
ENSG00000021355.14,418,476,741,4343,1048,77,537,290
ENSG00000021461.19,3,16,1,1,3,0,2,2
ENSG00000021488.14,5,14,10,2,9,0,0,4
ENSG00000021574.16,161,255,78,256,431,24,214,71
ENSG00000021645.20,29,33,24,32,64,2,68,36
ENSG00000021762.21,359,266,362,260,705,104,306,350
ENSG00000021776.12,444,366,203,789,708,92,451,309
ENSG00000021826.19,74,455,33,63,87,7,65,20
ENSG00000021852.15,0,237,0,0,0,0,0,0
ENSG00000022267.20,27315,4998,2016,134544,28571,7011,10274,15411
ENSG00000022277.14,1056,1088,561,2091,2825,385,1195,1198
ENSG00000022355.19,0,0,0,0,0,0,4,0
ENSG00000022556.17,2,2,0,0,4,3,0,0
ENSG00000022567.11,282,73,122,481,469,77,230,336
ENSG00000022840.17,2519,1200,3465,11883,7953,1355,3426,3357
ENSG00000022976.17,101,120,136,190,372,40,162,191
ENSG00000023041.13,432,373,327,675,788,42,542,276
ENSG00000023171.21,182,88,39,3724,985,121,551,329
ENSG00000023191.18,1478,882,873,1457,2847,750,1505,2167
ENSG00000023228.16,1062,1332,359,18414,19632,1704,12195,7392
ENSG00000023287.14,413,614,323,3715,3036,174,1783,766
ENSG00000023318.10,1451,939,515,1591,1366,156,859,530
ENSG00000023330.16,506,406,145,6019,4602,1127,3173,2309
ENSG00000023445.18,122,376,241,1455,360,24,204,142
ENSG00000023516.10,304,389,152,1533,1392,80,966,241
ENSG00000023572.10,514,177,99,598,683,82,493,293
ENSG00000023608.6,144,189,50,161,446,32,292,106
ENSG00000023697.14,348,262,140,430,581,65,248,177
ENSG00000023734.12,1809,1123,510,4281,4609,423,2024,1252
ENSG00000023839.12,13,30,16,14,8,1,7,5
ENSG00000023892.13,50,75,125,32,60,3,25,8
ENSG00000023902.14,2183,747,731,4451,1148,313,423,598
ENSG00000023909.11,178,93,55,651,426,31,345,83
ENSG00000024048.12,570,517,373,1692,1770,132,1123,559
ENSG00000024422.13,3382,2664,1587,2310,3674,578,1957,1753
ENSG00000024526.18,0,5,31,6,28,0,5,4
ENSG00000024862.19,137,399,216,301,408,16,169,120
ENSG00000025039.16,420,666,194,3923,4780,437,1939,1502
ENSG00000025156.14,216,233,137,756,1089,108,761,295
ENSG00000025293.18,381,284,164,1465,972,96,566,297
ENSG00000025423.12,3,176,8,8,13,0,1,6
ENSG00000025434.20,312,512,602,110,443,14,167,106
ENSG00000025708.15,480,251,504,345,388,66,241,203
ENSG00000025770.20,570,397,519,585,1333,140,370,462
ENSG00000025772.9,486,163,125,390,389,59,210,207
ENSG00000025796.15,1297,977,558,2931,2251,159,1232,431
ENSG00000025800.14,954,442,370,3885,2785,353,1584,1089
ENSG00000026025.17,26089,11960,18992,13638,15780,2177,10398,7155
ENSG00000026036.23,0,0,5,0,23,0,6,0
ENSG00000026103.25,336,636,214,196,267,7,204,107
ENSG00000026297.18,124,285,376,177,318,39,197,128
ENSG00000026508.22,1735,606,1154,2565,1169,75,438,248
ENSG00000026559.15,37,3,11,9,13,7,2,8
ENSG00000026652.16,167,134,100,107,188,6,102,69
ENSG00000026751.18,6,51,16,30,45,2,9,2
ENSG00000026950.19,389,834,263,543,1175,34,502,150
ENSG00000027001.11,150,520,49,796,922,127,481,483
ENSG00000027075.18,439,889,209,769,1187,63,512,326
ENSG00000027644.5,9,4,11,3,12,3,3,9
ENSG00000027697.17,1709,2515,910,5145,3161,205,1682,1164
ENSG00000027847.15,424,144,245,206,344,62,156,219
ENSG00000027869.14,242,108,69,20,29,3,22,17
ENSG00000028116.19,312,311,150,974,922,64,555,233
ENSG00000028137.20,832,660,884,820,904,106,308,357
ENSG00000028203.20,396,428,185,1436,1778,94,868,483
ENSG00000028277.23,12,15,32,59,55,11,41,3
ENSG00000028310.19,469,358,403,673,740,119,365,365
ENSG00000028528.16,1241,891,713,3641,3452,342,2207,1474
ENSG00000028839.10,331,277,120,383,228,41,136,176
ENSG00000029153.16,46,19,25,263,86,1,40,17
ENSG00000029363.18,1354,1845,696,3739,2817,151,2110,767
ENSG00000029364.13,645,481,304,807,921,68,482,254
ENSG00000029534.22,77,1170,281,857,4486,767,1921,3453
ENSG00000029559.8,0,2,1,5,1,0,0,0
ENSG00000029639.12,123,127,50,278,416,32,233,150
ENSG00000029725.18,788,813,402,3515,2564,243,1392,777
ENSG00000029993.16,29,87,66,155,386,60,132,271
ENSG00000030066.15,319,313,153,978,960,60,585,278
ENSG00000030110.15,439,258,178,571,908,116,392,419
ENSG00000030304.15,10,68,57,44,83,4,23,19
ENSG00000030419.18,35,72,20,198,157,9,119,29
ENSG00000030582.20,1234,1339,1309,2496,4471,885,1560,2379
ENSG00000031003.12,242,303,130,1914,1160,70,784,273
ENSG00000031081.12,711,634,200,2998,2331,268,1240,857
ENSG00000031691.8,39,66,38,110,160,7,109,39
ENSG00000031698.14,1763,909,729,3250,2640,443,1435,1216
ENSG00000031823.15,681,542,417,1018,1398,243,804,786
ENSG00000032219.20,142,352,132,691,711,48,439,127
ENSG00000032389.14,266,129,75,233,345,61,122,189
ENSG00000032444.17,624,280,527,585,1106,151,413,579
ENSG00000032742.19,86,144,81,207,269,16,161,80
ENSG00000033011.15,317,183,140,285,238,34,124,97
ENSG00000033030.17,370,285,296,396,411,24,381,198
ENSG00000033050.10,1102,395,387,2149,1674,236,879,767
ENSG00000033100.17,918,289,459,780,628,101,385,268
ENSG00000033122.22,0,9,3,22,58,3,38,19
ENSG00000033170.18,293,314,71,197,365,28,190,75
ENSG00000033178.14,411,416,128,786,571,20,384,131
ENSG00000033327.13,1051,254,464,1138,1409,101,382,372
ENSG00000033627.19,798,410,770,1020,1340,156,889,427
ENSG00000033800.15,382,618,303,1523,1071,97,740,326
ENSG00000033867.19,272,66,51,678,522,24,464,104
ENSG00000034053.16,4,0,4,1,13,0,7,3
ENSG00000034152.21,2064,493,1069,4612,1522,380,563,960
ENSG00000034239.12,5,19,2,2,7,0,1,7
ENSG00000034510.7,19212,22010,11665,8095,8045,1056,3345,3883
ENSG00000034533.13,39,69,46,166,163,10,84,43
ENSG00000034677.14,440,953,321,2392,1706,141,1353,582
ENSG00000034693.16,97,144,57,423,565,22,336,149
ENSG00000034713.8,1591,1704,672,3612,5546,322,2118,1751
ENSG00000034971.18,92,712,189,203,573,29,303,589
ENSG00000035115.23,197,137,134,192,349,5,277,109
ENSG00000035141.11,327,184,207,598,799,76,390,264
ENSG00000035403.19,3057,1495,961,13228,7117,2263,5615,3412
ENSG00000035499.14,2,1,8,3,7,0,1,1
ENSG00000035664.12,339,286,417,1685,1372,84,755,487
ENSG00000035681.11,594,371,279,1033,792,71,506,303
ENSG00000035687.10,259,222,95,264,277,15,217,98
ENSG00000035720.9,1,8,0,2,2,0,7,1
ENSG00000035862.14,4765,4549,3714,4606,8672,813,4092,2979
ENSG00000035928.18,254,425,175,780,1051,90,658,299
ENSG00000036054.14,474,513,236,916,893,58,659,224
ENSG00000036257.15,765,692,316,2941,2351,260,1344,776
ENSG00000036448.11,358,1433,443,20147,18094,3312,20044,15100
ENSG00000036473.10,0,76,0,1,13,0,1,0
ENSG00000036530.10,3,24,7,98,168,14,101,68
ENSG00000036549.14,360,418,171,833,920,46,442,246
ENSG00000036565.16,0,0,1,1,0,0,0,0
ENSG00000036672.17,444,1218,171,2417,3297,552,2390,2266
ENSG00000036828.18,4,13,3,9,8,0,0,1
ENSG00000037042.10,278,221,309,255,536,88,308,294
ENSG00000037241.8,300,193,95,251,351,66,173,303
ENSG00000037280.17,319,436,223,404,703,45,353,226
ENSG00000037474.16,682,550,397,1571,1339,176,943,594
ENSG00000037637.12,461,304,223,1179,1116,106,683,628
ENSG00000037749.14,521,519,132,1397,1065,75,571,318
ENSG00000037757.15,203,110,147,185,615,49,284,187
ENSG00000037897.18,462,90,159,221,89,22,44,71
ENSG00000037965.6,0,1,2,0,0,0,0,1
ENSG00000038002.10,31,106,50,192,248,32,120,74
ENSG00000038210.15,153,159,69,199,189,5,109,21
ENSG00000038219.14,239,380,170,1258,1324,85,975,124
ENSG00000038274.19,570,837,350,2080,2471,173,1407,762
ENSG00000038295.8,26,35,20,45,60,6,37,2
ENSG00000038358.16,650,369,521,938,1014,131,702,463
ENSG00000038382.23,1210,406,335,3075,1661,177,1158,800
ENSG00000038427.16,4899,568,1350,2656,1637,142,709,343
ENSG00000038532.18,403,185,191,1046,782,148,454,396
ENSG00000038945.16,34,26,111,348,201,18,95,24
ENSG00000039068.21,2,76,8,1,2,1,0,1
ENSG00000039123.17,673,601,216,1527,1761,169,1242,539
ENSG00000039139.11,11,21,3,5,3,0,4,0
ENSG00000039319.18,391,479,223,1608,1395,52,910,322
ENSG00000039523.21,1637,1139,850,2316,2768,296,1186,1238
ENSG00000039537.17,76,802,301,4337,1732,86,726,360
ENSG00000039560.15,547,390,216,420,432,23,107,87
ENSG00000039600.12,1,2,0,2,2,0,4,0
ENSG00000039650.13,261,169,222,407,556,108,234,269
ENSG00000039987.8,0,1,0,0,0,0,0,0
ENSG00000040199.19,164,116,98,254,202,5,137,67
ENSG00000040275.18,82,46,62,121,154,13,108,34
ENSG00000040341.19,312,456,126,2743,2901,319,1567,708
ENSG00000040487.14,179,115,155,151,237,33,89,136
ENSG00000040531.17,193,113,154,175,291,61,165,129
ENSG00000040608.14,3,22,6,4,26,4,20,75
ENSG00000040633.13,487,283,178,575,635,66,315,276
ENSG00000040731.11,0,2,1,2,1,0,0,0
ENSG00000040933.18,350,461,191,891,940,64,558,235
ENSG00000041353.11,1,6,3,12,8,0,13,1
ENSG00000041357.17,1543,1400,616,1591,2300,206,1456,787
ENSG00000041515.16,105,17,22,624,90,7,23,58
ENSG00000041802.12,467,208,274,1224,721,85,494,287
ENSG00000041880.16,228,193,197,370,510,78,296,242
ENSG00000041982.18,59039,66,252,3903,825,108,101,95
ENSG00000041988.17,234,191,174,168,402,37,336,251
ENSG00000042062.14,359,495,1144,196,432,22,295,191
ENSG00000042088.15,70,52,43,104,76,2,35,28
ENSG00000042286.16,476,280,302,943,1065,130,506,481
ENSG00000042317.18,62,156,64,112,218,15,123,72
ENSG00000042429.13,238,269,122,559,717,46,493,226
ENSG00000042445.15,241,207,93,769,706,43,171,127
ENSG00000042493.17,172,186,155,103,107,14,29,14
ENSG00000042753.13,733,505,558,626,968,193,483,750
ENSG00000042781.14,0,12,0,105,31,0,36,22
ENSG00000042813.9,0,0,0,0,1,0,0,0
ENSG00000042832.12,8,27,9,4,5,2,0,0
ENSG00000042980.15,5,14,12,31,60,2,42,2
ENSG00000043039.7,0,1,0,2,4,0,0,0
ENSG00000043093.16,340,355,171,882,900,40,546,172
ENSG00000043143.23,384,292,376,1508,845,106,353,446
ENSG00000043355.12,0,0,0,1,2,0,0,0
ENSG00000043462.14,106,286,137,239,234,26,73,38
ENSG00000043514.17,341,149,140,416,617,39,327,192
ENSG00000043591.6,317,228,81,979,955,146,687,593
ENSG00000044012.4,0,1,0,0,1,0,0,0
ENSG00000044090.14,404,143,161,393,602,50,359,276
ENSG00000044115.22,3438,2457,1506,19240,12388,2187,6066,5135
ENSG00000044446.13,280,344,353,836,1369,175,999,572
ENSG00000044459.16,102,217,51,127,200,8,104,32
ENSG00000044524.12,333,287,137,425,505,31,229,99
ENSG00000044574.10,16320,2852,2105,12643,12635,2226,8528,5952
ENSG00000046604.16,91,215,14,3221,1982,166,1303,579
ENSG00000046647.16,213,115,154,206,272,35,218,167
ENSG00000046651.17,256,310,266,546,416,34,459,48
ENSG00000046653.15,147,153,120,175,533,31,307,163
ENSG00000046774.10,0,0,0,0,0,0,0,0
ENSG00000046889.20,233,813,62,767,870,34,551,196
ENSG00000047056.19,351,191,163,760,1442,133,961,599
ENSG00000047188.17,238,250,175,847,698,58,810,168
ENSG00000047230.16,131,248,138,218,345,30,202,118
ENSG00000047249.19,203,229,116,797,1296,130,716,461
ENSG00000047315.17,767,653,349,3611,3351,379,2062,1058
ENSG00000047346.14,225,496,185,751,1201,44,689,330
ENSG00000047365.14,60,83,49,117,98,1,66,22
ENSG00000047410.14,756,806,545,2996,2854,238,1832,922
ENSG00000047457.15,139,534,589,316,193,16,31,10
ENSG00000047578.15,231,76,157,575,439,55,205,210
ENSG00000047579.21,214,199,188,851,592,59,216,248
ENSG00000047597.7,48,20,129,1131,362,49,184,130
ENSG00000047617.18,80,62,90,64,134,2,27,42
ENSG00000047621.13,194,243,104,422,465,32,241,146
ENSG00000047634.16,172,279,91,333,437,10,353,137
ENSG00000047644.20,985,443,445,3364,2117,263,994,1051
ENSG00000047648.23,170,222,183,274,227,16,99,98
ENSG00000047662.6,2,5,3,2,1,0,43,0
ENSG00000047849.23,7229,4728,3116,48637,29086,5577,14332,11011
ENSG00000047932.15,554,589,234,1471,1359,116,1054,381
ENSG00000047936.12,1,3,0,1,0,0,1,2
ENSG00000048028.13,511,308,93,5767,4474,449,3143,1174
ENSG00000048052.26,85,126,19,383,598,54,259,109
ENSG00000048140.19,550,208,305,1060,1000,171,384,399
ENSG00000048162.23,655,141,180,647,389,137,296,446
ENSG00000048342.19,73,269,92,139,387,30,229,90
ENSG00000048392.14,279,330,147,1934,1198,60,668,245
ENSG00000048405.12,127,166,63,321,247,19,229,50
ENSG00000048462.11,1,8,1,0,0,0,0,0
ENSG00000048471.15,176,127,190,373,541,64,406,185
ENSG00000048540.17,135,284,253,20,54,5,33,12
ENSG00000048544.8,626,532,216,1793,2354,225,1279,801
ENSG00000048545.18,1,6,3,3,2,0,0,0
ENSG00000048649.14,296,514,173,1162,1121,77,643,223
ENSG00000048707.15,1035,543,350,13834,4120,464,3074,1629
ENSG00000048740.20,711,666,642,4276,3014,251,2396,1160
ENSG00000048828.19,1972,885,774,4727,4795,645,3008,1543
ENSG00000048991.19,255,260,137,407,521,57,316,128
ENSG00000049089.16,8,9,37,5,38,4,33,6
ENSG00000049130.17,409,712,64,303,1121,22,520,75
ENSG00000049167.17,85,110,67,215,264,5,163,65
ENSG00000049192.15,75,10,26,15,52,2,23,11
ENSG00000049239.14,657,616,1397,1931,2670,313,994,679
ENSG00000049245.13,787,1240,594,2285,2907,296,1450,944
ENSG00000049246.16,38,554,94,415,1204,54,1504,354
ENSG00000049247.14,9,1,2,1,0,0,33,0
ENSG00000049249.11,0,5,2,17,8,0,2,0
ENSG00000049283.20,7,46,9,168,502,166,162,262
ENSG00000049323.17,3203,1532,1020,7229,5105,584,2934,2032
ENSG00000049449.11,4827,2612,1107,1875,1672,163,738,375
ENSG00000049540.20,6248,494,1209,497,1927,371,497,375
ENSG00000049541.12,226,181,156,343,356,31,118,150
ENSG00000049618.26,509,394,313,2202,1527,213,1119,527
ENSG00000049656.15,1438,390,465,1036,1017,143,548,552
ENSG00000049759.21,367,615,316,1764,1664,192,985,583
ENSG00000049768.19,3,0,1,2,2,0,0,0
ENSG00000049769.15,184,110,47,971,753,135,353,517
ENSG00000049860.14,1242,905,725,2364,2249,220,1189,792
ENSG00000049883.16,125,124,69,271,739,44,501,266
ENSG00000050030.16,3,5,4,12,11,0,6,0
ENSG00000050130.19,340,400,151,661,864,57,516,258
ENSG00000050165.20,1764,1962,799,14705,10767,3213,5553,4813
ENSG00000050327.16,34,49,23,2,66,0,10,0
ENSG00000050344.10,56,120,20,102,78,9,28,28
ENSG00000050393.13,417,347,196,956,1147,109,570,470
ENSG00000050405.15,881,1154,571,755,1290,69,828,282
ENSG00000050426.17,297,437,538,311,692,58,348,175
ENSG00000050438.18,6,22,4,12,20,0,10,3
ENSG00000050555.20,39,2,7,39,123,1,11,9
ENSG00000050628.22,28,36,23,285,141,4,112,28
ENSG00000050730.17,2,2,0,0,0,0,0,0
ENSG00000050748.19,515,465,229,2072,1878,153,1009,742
ENSG00000050767.18,158,307,170,272,712,306,290,217
ENSG00000050820.18,568,349,203,1170,1607,366,955,1244
ENSG00000051009.12,373,278,404,493,744,61,409,295
ENSG00000051108.16,1922,1159,494,2353,3561,294,2100,1763
ENSG00000051128.20,481,138,140,195,265,51,115,218
ENSG00000051180.18,5,2,17,4,18,2,4,4
ENSG00000051341.16,4,5,19,38,20,2,8,7
ENSG00000051382.11,249,429,114,1129,1199,85,605,257
ENSG00000051523.13,386,449,535,295,536,119,318,285
ENSG00000051596.11,360,256,115,350,406,31,242,211
ENSG00000051620.12,1543,1147,650,2086,2824,448,1563,1504
ENSG00000051825.16,111,102,66,330,510,31,404,150
ENSG00000052126.18,314,409,204,2195,2575,187,1730,728
ENSG00000052344.17,2,61,2,0,3,1,2,0
ENSG00000052723.13,328,224,151,589,797,51,506,185
ENSG00000052749.15,889,240,295,1206,518,241,465,300
ENSG00000052795.14,1030,861,201,5153,1682,113,863,507
ENSG00000052802.14,251,214,106,317,300,18,160,106
ENSG00000052841.17,629,681,549,1415,1178,100,990,547
ENSG00000052850.8,3,4,1,0,28,2,2,4
ENSG00000053108.19,3,0,3,10,19,0,3,6
ENSG00000053254.17,694,1464,593,7244,5088,599,2826,1248
ENSG00000053328.10,15,28,5,65,110,5,62,15
ENSG00000053371.14,298,495,169,584,1238,127,537,721
ENSG00000053372.6,1076,209,279,704,498,86,250,237
ENSG00000053438.11,0,3,1,1,5,0,48,18
ENSG00000053501.15,333,352,156,347,541,128,207,319
ENSG00000053524.13,5,9,4,7,12,0,11,4
ENSG00000053702.15,28,49,53,138,190,28,72,36
ENSG00000053747.17,109,131,78,333,291,22,354,203
ENSG00000053770.13,380,306,187,1352,1330,57,756,298
ENSG00000053900.12,313,369,399,385,502,26,341,132
ENSG00000053918.21,108,64,44,1060,1512,246,555,674
ENSG00000054116.13,815,620,414,1321,1386,143,673,620
ENSG00000054118.16,1398,927,759,5346,3929,441,2792,1376
ENSG00000054148.19,1423,2456,827,2168,3736,710,1725,3056
ENSG00000054179.13,25,93,33,38,135,8,95,83
ENSG00000054219.12,11,32,9,36,91,6,19,12
ENSG00000054267.23,291,456,221,703,933,68,537,158
ENSG00000054277.14,116,52,72,198,242,29,83,55
ENSG00000054282.17,144,212,68,108,204,3,250,108
ENSG00000054356.15,3,0,3,2,1,3,0,2
ENSG00000054392.14,46,63,18,55,144,8,82,55
ENSG00000054523.21,1137,1017,401,5181,3934,378,2992,1237
ENSG00000054598.9,258,179,87,133,252,44,200,52
ENSG00000054611.15,262,208,213,436,699,91,376,386
ENSG00000054654.20,924,854,442,5052,7686,742,3395,3480
ENSG00000054690.15,41,32,35,177,244,25,234,83
ENSG00000054793.15,333,258,158,1930,1345,108,764,416
ENSG00000054796.13,0,0,0,0,0,0,0,0
ENSG00000054803.4,0,0,0,0,3,0,0,0
ENSG00000054938.17,5936,206,554,113,168,59,162,44
ENSG00000054965.12,592,352,320,1374,2038,174,946,566
ENSG00000054967.14,188,86,136,123,71,11,47,44
ENSG00000054983.18,207,486,208,747,802,53,533,266
ENSG00000055044.12,897,457,443,851,853,75,565,123
ENSG00000055070.18,12,1136,331,191,2447,539,1090,209
ENSG00000055118.19,262,149,85,1344,2337,779,1427,1583
ENSG00000055130.19,762,635,422,2273,1843,205,1131,800
ENSG00000055147.20,339,254,147,709,841,81,462,226
ENSG00000055163.22,148,262,133,1259,990,147,612,467
ENSG00000055208.21,739,1309,407,4335,2994,231,1694,691
ENSG00000055211.15,608,795,414,1525,1765,154,1148,499
ENSG00000055332.20,526,724,320,1143,1328,67,949,304
ENSG00000055483.21,584,422,413,640,746,64,421,304
ENSG00000055609.21,521,526,257,2913,1658,143,1574,605
ENSG00000055732.14,2,32,9,36,39,0,17,8
ENSG00000055813.7,132,593,40,407,480,40,222,114
ENSG00000055917.18,1223,1509,525,3494,3213,164,1496,876
ENSG00000055950.18,561,662,419,499,1136,135,622,703
ENSG00000055955.18,23,563,178,48,83,0,17,8
ENSG00000055957.12,1,383,3,0,0,0,0,0
ENSG00000056050.8,226,274,147,343,580,47,293,138
ENSG00000056097.17,1031,916,407,3397,2836,363,1611,862
ENSG00000056277.17,19,31,22,77,64,2,48,9
ENSG00000056291.20,0,2,0,0,1,0,1,0
ENSG00000056487.18,2,1,12,2,5,0,7,7
ENSG00000056558.12,156,88,222,113,221,20,150,82
ENSG00000056586.17,497,563,244,2140,1643,114,994,458
ENSG00000056736.11,6,5,27,60,28,4,45,44
ENSG00000056972.22,252,130,199,316,312,30,116,134
ENSG00000056998.22,17,19,12,36,91,1,264,29
ENSG00000057019.17,1221,472,216,2787,1815,150,1077,447
ENSG00000057149.17,10,1,0,0,0,0,0,0
ENSG00000057252.14,425,397,215,495,355,27,183,89
ENSG00000057294.19,979,497,198,12812,12942,1747,11364,3044
ENSG00000057468.7,8,7,3,8,2,0,1,2
ENSG00000057593.15,4,33,3,4,5,0,0,0
ENSG00000057608.19,2591,1903,1341,3265,3448,455,1790,1038
ENSG00000057657.18,46,119,15,163,127,2,58,11
ENSG00000057663.17,421,441,164,588,730,39,459,215
ENSG00000057704.14,181,197,51,188,259,18,98,56
ENSG00000057757.11,618,532,405,1085,1269,149,755,582
ENSG00000057935.15,305,230,178,447,656,47,306,249
ENSG00000058056.11,789,621,188,7108,6765,828,3861,1956
ENSG00000058063.18,551,439,237,1889,1124,71,767,382
ENSG00000058085.16,181,180,173,87,201,27,75,46
ENSG00000058091.18,524,347,173,799,829,38,345,184
ENSG00000058262.12,6835,1383,1953,5794,3277,498,1891,1675
ENSG00000058272.20,419,651,296,1421,1566,84,1162,291
ENSG00000058335.16,0,9,0,0,4,1,11,3
ENSG00000058404.22,831,805,261,3085,4557,663,1959,2461
ENSG00000058453.18,311,263,352,116,390,32,256,269
ENSG00000058600.17,564,258,283,1052,952,119,529,488
ENSG00000058668.17,3974,2567,852,19618,6491,881,3761,1619
ENSG00000058673.17,2023,1822,1257,3271,3722,134,2206,1170
ENSG00000058729.12,334,251,121,439,573,55,379,190
ENSG00000058799.16,352,259,287,504,484,45,219,161
ENSG00000058804.13,252,145,91,400,412,31,180,104
ENSG00000058866.16,42,89,27,1154,790,246,593,459
ENSG00000059122.18,358,344,517,350,1144,157,634,632
ENSG00000059145.20,143,128,226,165,461,21,288,148
ENSG00000059377.20,33,21,76,109,101,15,56,13
ENSG00000059378.14,354,510,521,517,547,38,361,172
ENSG00000059573.10,927,241,199,626,430,48,239,137
ENSG00000059588.11,189,154,125,303,573,9,299,106
ENSG00000059691.13,313,497,67,1612,2423,307,1101,1235
ENSG00000059728.12,172,265,570,251,376,21,140,98
ENSG00000059758.9,436,598,110,1197,786,46,353,178
ENSG00000059769.21,200,108,80,251,217,30,193,104
ENSG00000059804.19,1257,7275,1166,520,820,40,349,228
ENSG00000059915.18,21,3,9,6,16,6,12,24
ENSG00000060069.19,146,138,123,204,287,46,172,222
ENSG00000060138.14,9335,3674,6702,15682,9503,2994,3016,3078
ENSG00000060140.10,0,6,2,2,0,0,3,0
ENSG00000060237.20,1857,1634,1076,22991,10816,1611,8704,3334
ENSG00000060339.15,481,491,290,1816,1189,102,780,178
ENSG00000060491.18,468,441,518,395,650,91,447,310
ENSG00000060558.4,40,22,83,37,68,6,27,17
ENSG00000060566.15,0,25,0,0,0,0,0,0
ENSG00000060642.13,107,137,54,162,179,15,82,88
ENSG00000060656.21,191,111,137,1024,761,87,307,294
ENSG00000060688.14,423,286,165,425,545,48,275,209
ENSG00000060709.18,2,1,0,0,4,0,6,0
ENSG00000060718.23,0,1,2,0,0,0,0,2
ENSG00000060749.17,415,381,124,1123,864,67,562,169
ENSG00000060762.21,1042,1428,370,6856,11801,1473,5261,5011
ENSG00000060971.20,737,1354,609,2560,3650,433,1376,1963
ENSG00000060982.16,572,69,219,266,169,17,74,17
ENSG00000061273.19,2793,1035,2182,1483,1804,123,815,619
ENSG00000061337.16,283,110,107,360,198,23,63,66
ENSG00000061455.12,28,27,14,41,53,5,42,28
ENSG00000061492.12,0,0,0,0,0,0,0,0
ENSG00000061656.12,38,30,18,20,31,6,11,23
ENSG00000061676.17,2066,1751,606,10383,6210,608,3624,1748
ENSG00000061794.14,558,460,185,1431,2488,255,1319,832
ENSG00000061918.15,397,885,235,1107,1431,85,759,337
ENSG00000061936.11,366,294,421,573,695,73,611,267
ENSG00000061938.22,449,207,413,363,713,61,394,242
ENSG00000061987.17,502,638,287,822,856,39,683,198
ENSG00000062038.16,2,4,2,2,15,0,4,0
ENSG00000062096.16,0,2,0,0,0,0,0,0
ENSG00000062194.17,1177,1390,690,2306,2373,127,1451,870
ENSG00000062282.16,141,205,82,255,580,59,880,139
ENSG00000062370.18,52,64,45,181,218,12,137,54
ENSG00000062485.20,1978,2150,797,22417,23500,3278,15841,8512
ENSG00000062524.17,25,8,9,32,28,0,8,12
ENSG00000062582.15,844,1309,413,1197,2163,378,1186,1899
ENSG00000062598.19,557,373,330,1275,1104,87,600,386
ENSG00000062650.21,463,535,251,1382,1259,90,790,381
ENSG00000062716.14,1581,1084,1193,1598,1237,112,814,447
ENSG00000062725.11,366,492,189,693,755,42,519,205
ENSG00000062822.17,101,58,106,72,186,37,86,99
ENSG00000063015.21,0,0,0,0,2,0,0,2
ENSG00000063046.19,2521,3712,2984,11895,13200,1114,6639,3728
ENSG00000063127.16,11,68,75,35,54,1,35,14
ENSG00000063169.13,165,79,126,168,292,73,216,241
ENSG00000063176.17,105,60,61,65,224,27,147,107
ENSG00000063177.14,7398,8750,7239,3658,6974,1323,3470,5867
ENSG00000063180.10,43,189,59,116,267,42,91,110
ENSG00000063241.9,711,530,217,619,966,181,387,504
ENSG00000063244.15,1691,785,769,2064,2190,310,1211,1292
ENSG00000063245.16,1232,855,1106,2298,3571,1523,1909,3352
ENSG00000063322.16,379,470,342,551,1144,130,493,440
ENSG00000063438.21,1,0,2,3,33,0,0,15
ENSG00000063515.3,0,0,0,0,0,0,0,0
ENSG00000063587.15,180,131,143,487,485,55,330,145
ENSG00000063601.18,200,107,83,649,539,42,350,195
ENSG00000063660.10,1557,1121,519,4529,6717,2108,2865,4404
ENSG00000063761.17,97,82,78,153,263,24,159,107
ENSG00000063854.14,658,877,498,2432,3318,630,1414,2838
ENSG00000063978.18,769,386,196,1282,1148,121,715,519
ENSG00000064012.25,56,51,75,114,147,12,46,19
ENSG00000064042.19,888,1304,348,17025,8769,791,5554,2436
ENSG00000064102.16,300,143,104,651,563,62,343,161
ENSG00000064115.12,408,449,248,599,874,55,519,238
ENSG00000064195.7,7,1,0,6,2,1,0,0
ENSG00000064199.8,74,60,47,79,85,6,21,15
ENSG00000064201.17,18,57,35,44,272,16,147,167
ENSG00000064205.12,73,181,358,98,174,160,155,118
ENSG00000064218.6,0,0,0,0,0,0,0,0
ENSG00000064225.14,810,509,207,2797,1668,145,766,738
ENSG00000064270.15,4,4,6,1,0,1,8,15
ENSG00000064300.9,1248,143,1254,1033,240,104,113,134
ENSG00000064309.17,260,179,72,233,563,42,355,146
ENSG00000064313.13,142,128,51,514,496,23,278,159
ENSG00000064393.17,1632,576,482,10556,4669,641,2710,1585
ENSG00000064419.15,500,330,315,1800,1451,168,785,575
ENSG00000064489.23,51,21,0,1,9,9,8,22
ENSG00000064490.15,409,593,434,275,632,81,301,276
ENSG00000064545.16,176,142,149,145,593,86,325,306
ENSG00000064547.15,31,18,92,4,31,3,24,1
ENSG00000064601.22,1142,1115,1049,2859,3485,661,1952,1888
ENSG00000064607.18,1355,483,1049,2528,2791,308,1995,970
ENSG00000064651.15,210,359,101,982,642,30,333,165
ENSG00000064652.12,173,145,80,206,350,33,135,117
ENSG00000064655.21,63,58,53,36,47,7,34,12
ENSG00000064666.16,640,722,747,1016,1980,242,2149,1002
ENSG00000064687.13,52,48,109,144,189,12,109,67
ENSG00000064692.21,49,55,18,63,112,0,48,29
ENSG00000064703.14,154,107,139,403,379,40,243,93
ENSG00000064726.11,894,818,347,5969,6183,430,3338,1660
ENSG00000064763.13,74,186,38,105,144,14,76,38
ENSG00000064787.15,2,9,4,0,8,1,9,4
ENSG00000064835.12,0,0,0,0,0,0,0,0
ENSG00000064886.15,113,101,511,117,141,10,109,33
ENSG00000064932.17,458,128,404,342,20,83,57,89
ENSG00000064933.20,222,227,144,205,334,14,304,69
ENSG00000064961.20,539,401,399,495,735,160,346,465
ENSG00000064989.14,693,1164,249,1056,1272,46,542,128
ENSG00000064995.20,390,402,331,651,892,57,464,300
ENSG00000064999.17,402,604,283,2220,1687,169,1024,932
ENSG00000065000.21,1392,583,566,3207,2703,577,1690,1307
ENSG00000065029.16,270,310,413,959,1739,108,755,651
ENSG00000065054.15,4076,7258,3095,1763,6044,735,2495,3438
ENSG00000065057.10,62,268,85,69,401,66,177,258
ENSG00000065060.18,287,170,98,1876,1098,126,885,343
ENSG00000065135.13,766,1199,375,799,774,47,412,196
ENSG00000065150.22,2193,1428,675,6687,4457,497,2083,1250
ENSG00000065154.13,769,508,335,1143,1211,88,763,368
ENSG00000065183.17,418,199,98,717,554,69,366,182
ENSG00000065243.21,294,455,175,1151,1392,75,1039,312
ENSG00000065268.12,207,134,98,162,469,107,371,370
ENSG00000065308.6,881,192,451,842,952,97,484,310
ENSG00000065320.10,113,39,48,2795,987,276,392,493
ENSG00000065325.14,6,18,8,2,10,1,11,1
ENSG00000065328.18,7,3,14,3,14,0,5,1
ENSG00000065357.21,289,118,217,226,194,19,98,43
ENSG00000065361.18,64,227,106,157,236,23,169,68
ENSG00000065371.18,1,1,0,1,10,1,0,2
ENSG00000065413.21,249,235,117,221,353,9,208,78
ENSG00000065427.16,2267,1052,913,4669,4404,556,2013,1722
ENSG00000065457.12,182,94,144,344,377,31,205,140
ENSG00000065485.21,343,148,158,255,224,36,107,72
ENSG00000065491.9,368,168,189,441,382,24,207,186
ENSG00000065518.9,2463,1822,805,6766,9545,1394,4333,6202
ENSG00000065526.13,928,444,514,2063,1612,202,1229,445
ENSG00000065534.21,257,350,260,1193,1185,117,713,301
ENSG00000065548.20,818,674,281,947,1145,117,719,434
ENSG00000065559.16,308,313,129,1317,1193,97,691,345
ENSG00000065600.14,64,60,25,76,104,6,48,46
ENSG00000065609.16,0,8,0,49,103,31,358,9
ENSG00000065613.16,986,996,365,3582,2385,240,1432,611
ENSG00000065615.15,139,165,105,609,599,43,307,126
ENSG00000065618.22,5,1,6,5,9,2,1,0
ENSG00000065621.16,7,13,7,7,27,1,8,7
ENSG00000065665.22,142,91,106,321,449,29,285,126
ENSG00000065675.17,5,27,0,7,9,0,14,4
ENSG00000065717.17,609,349,798,699,1267,229,513,835
ENSG00000065802.13,619,311,308,1773,2053,169,838,631
ENSG00000065809.14,210,369,203,377,454,17,231,83
ENSG00000065833.10,73,53,38,757,996,53,552,203
ENSG00000065882.19,1467,660,513,4784,3046,549,1861,1367
ENSG00000065883.19,551,679,277,1198,1084,101,744,372
ENSG00000065911.13,1275,510,704,1895,657,44,311,320
ENSG00000065923.11,56,35,6,164,169,14,84,108
ENSG00000065970.10,466,581,272,1705,1421,183,750,397
ENSG00000065978.20,14657,5821,7231,22987,27288,4634,13240,13460
ENSG00000065989.17,388,298,346,1630,764,112,330,412
ENSG00000066027.13,1041,1155,373,3117,2425,329,1949,1018
ENSG00000066032.19,1,2,0,4,4,0,6,1
ENSG00000066044.16,914,534,329,1868,1553,218,885,787
ENSG00000066056.16,1008,1086,405,983,1925,171,874,542
ENSG00000066084.14,247,303,106,1139,753,60,524,258
ENSG00000066117.16,824,376,457,822,816,73,418,213
ENSG00000066135.14,291,226,165,904,871,77,531,341
ENSG00000066136.22,508,617,315,945,1753,188,958,917
ENSG00000066185.14,5,21,1,27,103,4,67,34
ENSG00000066230.12,99,91,58,170,374,32,211,228
ENSG00000066248.16,3,5,0,2,10,0,2,1
ENSG00000066279.20,2,4,51,24,41,1,32,1
ENSG00000066294.16,7,28,38,103,157,13,74,10
ENSG00000066322.16,1170,484,497,1166,905,78,437,418
ENSG00000066336.14,110,56,490,195,224,45,143,54
ENSG00000066379.16,431,364,100,178,280,25,99,151
ENSG00000066382.18,65,172,34,118,305,26,249,116
ENSG00000066405.14,0,303,0,1,14,0,10,0
ENSG00000066422.8,228,230,60,451,589,41,398,146
ENSG00000066427.26,302,326,328,436,511,21,313,112
ENSG00000066455.14,605,475,294,1005,929,105,557,289
ENSG00000066468.25,4,44,8,7,35,1,44,4
ENSG00000066557.7,125,182,54,431,540,32,349,128
ENSG00000066583.13,353,418,112,1602,3348,400,2169,902
ENSG00000066629.20,450,498,122,1256,1408,122,745,464
ENSG00000066651.21,117,106,73,207,307,22,189,89
ENSG00000066654.15,352,407,199,896,954,54,632,281
ENSG00000066697.16,492,211,81,716,512,48,209,186
ENSG00000066735.17,103,104,82,89,261,44,176,132
ENSG00000066739.13,404,409,304,947,928,72,738,341
ENSG00000066777.10,432,481,195,1542,1176,87,845,343
ENSG00000066813.15,0,148,16,0,2,0,0,2
ENSG00000066827.17,86,28,24,423,244,22,105,82
ENSG00000066855.17,224,140,80,381,383,63,148,59
ENSG00000066923.20,41,34,26,62,127,1,48,29
ENSG00000066926.14,184,307,232,984,1434,118,873,522
ENSG00000066933.18,433,384,174,1576,1064,91,759,324
ENSG00000067048.18,0,1525,341,2083,1438,80,1046,548
ENSG00000067057.20,1440,633,128,3814,5225,1754,2749,2500
ENSG00000067064.13,338,591,256,730,851,42,448,244
ENSG00000067066.18,933,1266,825,1968,2149,177,1088,514
ENSG00000067082.16,1956,2404,968,3029,2357,136,2256,946
ENSG00000067113.18,1518,1382,602,3112,1903,259,835,850
ENSG00000067141.18,242,261,118,848,796,80,510,289
ENSG00000067167.9,2685,1859,830,2853,2835,162,1442,610
ENSG00000067177.16,95,112,39,1111,1758,104,665,345
ENSG00000067182.10,2519,936,1069,2086,1359,203,770,733
ENSG00000067191.18,119,54,105,122,134,12,58,44
ENSG00000067208.18,289,188,100,655,554,21,348,172
ENSG00000067221.15,301,163,130,315,527,90,217,303
ENSG00000067225.22,10861,5778,3146,31804,31966,6380,14643,13489
ENSG00000067248.12,382,339,166,1080,1066,91,636,284
ENSG00000067334.14,779,827,347,1616,1407,130,582,253
ENSG00000067365.16,355,160,101,514,469,80,234,257
ENSG00000067369.15,491,310,246,2120,1103,134,821,490
ENSG00000067445.23,167,61,53,100,142,3,87,46
ENSG00000067533.7,399,212,145,661,772,67,419,249
ENSG00000067560.15,7621,5409,3299,9894,9841,934,4385,3031
ENSG00000067596.13,405,310,204,1131,732,115,383,327
ENSG00000067606.18,56,81,41,445,363,88,187,262
ENSG00000067646.13,0,114,50,393,370,17,291,109
ENSG00000067704.11,581,512,234,3754,3791,341,2414,1182
ENSG00000067715.16,8,4,1,7,19,0,23,1
ENSG00000067798.16,80,100,51,60,227,11,135,45
ENSG00000067829.21,707,517,534,1470,2089,407,1275,1483
ENSG00000067836.14,251,509,309,1419,2651,283,1094,1555
ENSG00000067840.14,197,88,194,43,197,12,71,100
ENSG00000067842.20,2,1,0,0,0,0,2,0
ENSG00000067900.9,614,809,361,2653,2353,204,1309,530
ENSG00000067955.16,731,687,310,1102,725,56,360,237
ENSG00000067992.18,113,239,142,659,727,47,329,218
ENSG00000068001.15,3482,2035,1051,2100,1686,205,663,2108
ENSG00000068024.19,235,241,157,506,723,70,443,329
ENSG00000068028.19,1121,1479,697,424,568,50,306,378
ENSG00000068078.21,65,85,46,29,137,7,50,119
ENSG00000068079.8,308,448,388,278,411,47,119,113
ENSG00000068097.17,187,124,125,415,454,72,260,231
ENSG00000068120.15,787,394,567,976,1122,114,505,535
ENSG00000068137.16,157,191,156,135,628,133,338,283
ENSG00000068305.20,1168,1359,542,6250,6982,639,4862,2081
ENSG00000068308.16,713,385,584,807,1009,162,565,513
ENSG00000068323.18,1336,452,731,1373,1064,116,650,498
ENSG00000068354.17,323,211,181,779,648,95,313,334
ENSG00000068366.22,1036,451,266,2428,1760,120,985,398
ENSG00000068383.20,601,509,310,4075,3129,511,1556,1546
ENSG00000068394.12,268,225,113,501,697,121,338,341
ENSG00000068400.15,677,402,510,877,1075,68,603,324
ENSG00000068438.16,685,249,313,446,499,62,233,215
ENSG00000068489.13,15,34,59,33,63,3,19,6
ENSG00000068615.21,176,116,106,861,1058,56,591,287
ENSG00000068650.20,500,174,188,4855,3309,431,2356,1421
ENSG00000068654.18,580,206,282,1257,1041,169,605,382
ENSG00000068697.8,2912,2902,1893,6289,8349,625,4153,2809
ENSG00000068724.19,464,190,298,331,452,31,204,204
ENSG00000068745.16,1057,1009,1038,723,902,66,674,593
ENSG00000068781.21,10,29,0,17,22,0,24,5
ENSG00000068784.14,105,117,62,278,334,23,205,73
ENSG00000068796.20,306,438,165,432,450,32,306,133
ENSG00000068831.20,375,440,423,333,618,45,332,459
ENSG00000068878.16,767,573,406,4236,3279,387,2004,1441
ENSG00000068885.16,169,167,129,354,500,17,371,80
ENSG00000068903.22,781,952,382,2548,3570,388,1367,1304
ENSG00000068912.16,821,934,332,1247,1838,119,985,529
ENSG00000068971.15,456,300,293,637,801,98,477,392
ENSG00000068976.15,193,474,101,4268,7124,861,4013,3822
ENSG00000068985.5,0,0,1,0,0,0,0,0
ENSG00000069011.16,0,0,0,0,0,0,0,1
ENSG00000069018.19,0,0,0,0,1,0,0,0
ENSG00000069020.19,766,818,424,3639,2222,323,1200,868
ENSG00000069122.20,2142,4809,779,5181,5128,407,2469,1895
ENSG00000069188.17,129,9,7,277,80,17,51,46
ENSG00000069206.15,0,0,0,0,0,0,0,0
ENSG00000069248.13,353,406,209,1212,1403,134,932,409
ENSG00000069275.14,3414,4220,1872,11964,10502,1036,6491,2017
ENSG00000069329.20,734,841,416,3623,3106,332,1518,836
ENSG00000069345.13,956,1071,398,3067,3424,375,2153,1343
ENSG00000069399.15,1119,368,651,435,330,55,145,220
ENSG00000069424.16,148,303,239,496,1226,272,314,832
ENSG00000069431.15,663,1953,754,3631,3594,170,1984,880
ENSG00000069482.8,47,0,2,1,1,2,2,1
ENSG00000069493.15,128,311,108,96,259,3,307,53
ENSG00000069509.7,116,158,95,331,888,61,452,382
ENSG00000069535.15,232,439,182,5129,5633,829,3031,2386
ENSG00000069667.16,528,343,157,829,809,34,609,249
ENSG00000069696.7,0,0,0,0,0,0,0,0
ENSG00000069702.12,1533,952,2473,1100,1122,85,888,248
ENSG00000069764.10,1,4,7,2,5,0,0,0
ENSG00000069812.12,2,3,3,3,0,0,0,0
ENSG00000069849.12,2478,1767,765,2140,882,101,430,427
ENSG00000069869.18,166,377,68,413,445,21,284,124
ENSG00000069943.11,78,87,96,67,119,5,88,31
ENSG00000069956.15,286,299,120,950,836,52,470,275
ENSG00000069966.19,112,194,114,237,410,31,122,160
ENSG00000069974.18,274,198,292,461,240,12,114,59
ENSG00000069998.13,371,340,217,992,2230,198,738,970
ENSG00000070010.20,581,472,314,985,1025,119,434,482
ENSG00000070018.10,302,427,147,926,1001,72,682,235
ENSG00000070019.6,0,0,0,1,0,0,1,5
ENSG00000070031.4,3,4,2,2,2,0,8,1
ENSG00000070047.14,181,0,89,55,75,13,149,368
ENSG00000070061.17,488,425,218,1135,1414,132,1167,540
ENSG00000070081.19,1758,1073,458,1944,1945,177,1100,501
ENSG00000070087.16,517,689,271,1235,2067,135,1134,605
ENSG00000070159.15,144,216,76,1798,4110,348,1005,1016
ENSG00000070182.22,1101,620,737,9760,4850,833,2129,1576
ENSG00000070190.14,5,8,17,19,31,1,12,0
ENSG00000070193.6,55,65,58,7,70,3,135,13
ENSG00000070214.18,723,1037,313,1299,1423,122,572,395
ENSG00000070269.15,236,258,120,173,272,7,181,86
ENSG00000070366.15,880,355,749,1025,1204,115,543,363
ENSG00000070367.18,637,535,166,2015,1711,92,1149,362
ENSG00000070371.17,129,141,168,436,413,52,202,150
ENSG00000070388.12,0,0,17,0,2,2,0,0
ENSG00000070404.11,4284,903,1935,2782,1005,552,652,1295
ENSG00000070413.22,616,486,503,1999,2479,329,891,1207
ENSG00000070423.19,264,138,152,208,344,122,315,442
ENSG00000070444.16,188,99,213,180,466,58,235,144
ENSG00000070476.16,187,97,207,465,395,34,218,236
ENSG00000070495.16,894,796,346,3437,1577,132,984,736
ENSG00000070501.13,115,200,78,400,702,102,378,270
ENSG00000070526.16,140,102,51,124,206,17,55,20
ENSG00000070540.14,636,326,438,1875,2101,447,1384,1179
ENSG00000070601.10,2,7,0,6,47,2,19,33
ENSG00000070610.15,1247,610,627,2644,3418,283,1946,1589
ENSG00000070614.16,983,351,466,4515,3301,391,1418,1000
ENSG00000070669.18,696,214,358,395,335,13,170,106
ENSG00000070718.14,268,267,149,448,718,48,315,194
ENSG00000070729.14,0,0,0,0,0,0,0,0
ENSG00000070731.12,25,49,107,125,146,16,77,30
ENSG00000070748.19,0,0,0,0,0,0,0,0
ENSG00000070756.18,3889,3280,3744,5318,5546,646,3216,2012
ENSG00000070759.18,54,46,46,59,95,2,64,17
ENSG00000070761.9,285,633,125,532,996,101,713,618
ENSG00000070770.11,764,518,374,1541,1211,108,666,626
ENSG00000070778.14,490,397,221,2444,2485,141,1313,781
ENSG00000070785.18,427,442,204,1140,1356,144,635,655
ENSG00000070808.18,50,67,33,444,821,53,325,294
ENSG00000070814.23,713,239,314,1196,864,151,392,107
ENSG00000070831.19,2886,2776,1314,6127,4763,395,1185,897
ENSG00000070882.14,117,76,42,430,190,10,86,32
ENSG00000070886.12,0,0,0,1,2,0,0,0
ENSG00000070915.11,0,26,0,2,0,0,4,0
ENSG00000070950.11,91,66,69,102,108,5,84,23
ENSG00000070961.18,251,328,156,813,663,35,359,166
ENSG00000070985.14,0,0,0,0,1,0,0,0
ENSG00000071051.15,479,418,291,900,1042,122,553,705
ENSG00000071054.18,2363,1648,1180,6200,5650,393,2570,1491
ENSG00000071073.14,399,561,174,728,700,32,281,172
ENSG00000071082.12,8358,9248,8259,6990,9383,1168,5075,5867
ENSG00000071127.19,4147,1523,1253,10266,5172,1389,2888,2854
ENSG00000071189.22,307,338,154,1515,1775,79,975,434
ENSG00000071203.10,0,0,0,0,0,0,0,0
ENSG00000071205.13,630,544,337,1140,2544,338,1302,1147
ENSG00000071242.14,922,544,946,4122,3150,1046,1361,1558
ENSG00000071243.17,140,245,73,316,341,21,167,134
ENSG00000071246.11,1660,308,763,745,1118,60,386,383
ENSG00000071282.13,4420,480,399,1298,805,147,389,343
ENSG00000071462.14,926,570,350,1816,1687,322,914,1003
ENSG00000071537.15,1178,929,362,3265,2411,232,1530,638
ENSG00000071539.15,8,13,4,27,21,1,12,7
ENSG00000071553.19,1245,974,697,2871,3350,477,1505,1517
ENSG00000071564.20,683,240,335,270,562,82,293,265
ENSG00000071575.12,1815,920,897,1126,1863,168,888,559
ENSG00000071626.18,2139,739,987,1640,1788,419,1089,1175
ENSG00000071655.19,1644,663,1005,733,1326,294,699,1297
ENSG00000071677.2,0,0,0,0,0,1,3,3
ENSG00000071794.17,163,283,58,857,1496,62,996,387
ENSG00000071859.16,1679,667,1302,1125,1256,222,553,543
ENSG00000071889.18,503,618,542,541,1394,294,710,1061
ENSG00000071894.18,723,353,574,578,1028,111,658,460
ENSG00000071909.19,1,3,1,3,2,1,2,0
ENSG00000071967.13,2915,3674,2892,2527,5500,259,3371,1040
ENSG00000071991.10,5474,1073,1689,1553,1374,91,743,391
ENSG00000071994.11,781,523,320,775,813,54,457,301
ENSG00000072041.19,3,0,3,1,2,0,2,0
ENSG00000072042.14,782,546,292,741,705,46,327,204
ENSG00000072062.17,2184,1563,778,11851,10552,1673,4785,3940
ENSG00000072071.18,268,151,236,563,998,69,406,340
ENSG00000072080.12,0,48,0,0,1,0,0,0
ENSG00000072110.18,2544,344,987,6546,2098,819,1740,1010
ENSG00000072121.17,224,241,165,820,797,68,469,243
ENSG00000072133.13,6,60,12,15,15,0,20,2
ENSG00000072134.17,856,679,376,2047,2539,238,1369,977
ENSG00000072135.14,718,526,1143,595,862,83,398,182
ENSG00000072163.21,2610,3214,3347,3141,5008,749,2052,2762
ENSG00000072182.14,1,0,3,0,2,0,0,0
ENSG00000072195.15,1135,296,361,5908,4122,736,1838,1420
ENSG00000072201.15,149,339,49,304,281,15,138,105
ENSG00000072210.20,526,747,364,3750,2446,249,1107,764
ENSG00000072274.15,935,511,304,4515,1918,982,1358,384
ENSG00000072310.19,355,622,332,895,729,139,923,304
ENSG00000072315.4,0,0,0,0,0,0,3,1
ENSG00000072364.14,885,816,337,3546,1958,115,1548,593
ENSG00000072401.16,340,244,107,1441,2387,149,1521,565
ENSG00000072415.11,192,316,79,764,842,46,423,196
ENSG00000072422.18,196,301,87,599,640,41,365,261
ENSG00000072501.20,728,441,337,2956,2057,230,1176,532
ENSG00000072506.15,1112,670,450,1144,1807,325,722,1036
ENSG00000072518.24,461,344,219,1212,1492,192,697,440
ENSG00000072571.21,2,3,45,18,47,0,3,5
ENSG00000072609.19,310,125,178,424,491,41,232,189
ENSG00000072657.10,4,4,9,7,24,1,50,2
ENSG00000072682.21,2263,664,291,2730,1694,248,728,680
ENSG00000072694.23,17,17,44,225,313,14,162,43
ENSG00000072736.19,853,978,682,1097,1228,73,597,309
ENSG00000072756.19,453,259,218,539,440,23,414,145
ENSG00000072778.21,11245,5280,5849,29857,31751,4043,14976,14942
ENSG00000072786.14,482,436,233,483,634,51,274,255
ENSG00000072803.19,548,354,183,4003,2445,253,1367,886
ENSG00000072818.13,42,211,148,43,81,10,41,32
ENSG00000072832.15,67,80,47,189,47,4,60,68
ENSG00000072840.14,103,97,53,230,382,29,245,107
ENSG00000072849.12,821,562,401,514,557,44,344,227
ENSG00000072858.13,8,30,4,14,36,4,20,4
ENSG00000072864.17,314,205,150,377,471,9,220,114
ENSG00000072952.22,219,145,315,989,534,61,358,195
ENSG00000072954.8,98,344,27,1378,2998,185,1092,860
ENSG00000072958.10,697,382,462,979,1122,214,506,662
ENSG00000073008.17,2041,383,273,7602,2576,380,1117,948
ENSG00000073050.13,235,223,194,458,596,67,303,160
ENSG00000073060.18,192,128,96,217,669,49,238,171
ENSG00000073067.14,0,0,0,0,1,0,0,0
ENSG00000073111.16,40,61,68,109,366,48,195,166
ENSG00000073146.17,2,0,8,1,9,2,2,0
ENSG00000073150.14,0,4,4,2,7,0,11,0
ENSG00000073169.15,270,225,387,144,389,82,230,360
ENSG00000073282.14,12,46,9,35,36,0,12,2
ENSG00000073331.19,163,141,312,365,167,6,126,32
ENSG00000073350.15,77,80,55,31,104,6,46,41
ENSG00000073417.16,779,420,366,769,630,26,399,318
ENSG00000073464.14,129,97,41,1172,1429,186,939,498
ENSG00000073536.19,253,65,97,133,146,17,90,68
ENSG00000073578.19,1606,4105,617,19412,27537,4104,14652,16088
ENSG00000073584.21,1202,1190,729,2146,2680,225,1266,512
ENSG00000073598.6,0,0,0,0,0,0,0,0
ENSG00000073605.20,288,92,235,64,141,0,105,28
ENSG00000073614.13,317,452,259,990,867,74,645,259
ENSG00000073670.15,10,257,28,417,1048,63,585,576
ENSG00000073711.12,429,278,99,3418,3780,372,2683,679
ENSG00000073712.16,1954,1974,571,7265,3370,376,2701,1219
ENSG00000073734.11,1,14,1,3,5,0,12,0
ENSG00000073737.18,8,16,27,67,118,14,26,13
ENSG00000073754.6,0,9,5,17,31,2,51,26
ENSG00000073756.13,64,366,22,32,238,5,61,13
ENSG00000073792.17,519,164,340,735,528,100,258,157
ENSG00000073803.15,327,311,176,283,306,25,131,108
ENSG00000073849.17,465,785,157,5457,3078,304,1314,860
ENSG00000073861.4,4,51,0,10,20,3,14,3
ENSG00000073910.23,639,949,250,3569,4158,543,3396,1506
ENSG00000073921.19,3348,2202,1019,5346,3315,330,1987,943
ENSG00000073969.20,383,244,149,1049,422,60,388,186
ENSG00000074047.23,147,29,42,23,59,11,41,39
ENSG00000074054.22,502,408,294,3358,3332,427,2776,1402
ENSG00000074071.16,525,623,259,617,1367,322,675,1193
ENSG00000074181.10,1852,1708,1369,3587,3744,541,1701,1594
ENSG00000074201.10,627,965,346,1386,1923,123,968,697
ENSG00000074211.14,14,11,1,132,170,27,88,99
ENSG00000074219.15,911,819,549,2666,2136,318,805,1082
ENSG00000074266.24,239,297,98,309,334,16,173,125
ENSG00000074276.12,0,6,4,3,2,0,1,1
ENSG00000074317.12,0,0,0,1,7,1,4,0
ENSG00000074319.14,865,720,350,2253,2291,210,1124,858
ENSG00000074356.18,550,538,391,832,1241,83,746,440
ENSG00000074370.20,151,259,259,212,278,47,221,143
ENSG00000074410.15,10,58,16,13,26,0,10,5
ENSG00000074416.17,2512,3909,826,3441,6867,899,2999,2630
ENSG00000074527.14,409,731,323,3116,3051,209,1133,940
ENSG00000074582.16,498,265,264,627,1055,96,506,398
ENSG00000074590.14,615,264,223,3910,1603,159,849,387
ENSG00000074603.20,332,338,212,2689,2036,123,1242,413
ENSG00000074621.15,32,54,41,69,109,8,45,30
ENSG00000074657.15,1098,961,477,3415,2270,160,1294,829
ENSG00000074660.18,258,355,157,243,520,25,22,335
ENSG00000074695.7,2005,1272,454,3403,3220,248,2081,995
ENSG00000074696.14,492,406,179,480,617,34,322,164
ENSG00000074706.15,3,22,11,12,33,1,27,7
ENSG00000074755.16,544,310,347,2214,1569,232,1006,712
ENSG00000074771.4,0,0,0,0,0,0,0,0
ENSG00000074800.17,10249,1835,3046,6713,4854,811,2298,1765
ENSG00000074803.21,0,55,0,2,0,0,0,1
ENSG00000074842.9,2524,557,416,690,566,124,330,428
ENSG00000074855.11,64,63,49,185,339,28,229,145
ENSG00000074935.15,244,338,136,376,741,36,602,248
ENSG00000074964.18,438,215,195,1471,1865,402,1012,1044
ENSG00000074966.13,7,26,18,57,38,2,11,2
ENSG00000075035.11,2,0,1,2,22,9,51,4
ENSG00000075043.22,1,0,0,0,2,0,1,1
ENSG00000075073.16,4,10,2,3,5,4,8,28
ENSG00000075089.11,168,279,70,310,572,31,386,166
ENSG00000075131.11,46,35,16,52,47,9,23,14
ENSG00000075142.15,1074,1056,564,1040,1610,143,917,640
ENSG00000075151.24,764,471,300,2344,1567,219,1279,486
ENSG00000075188.10,173,128,76,194,378,37,251,124
ENSG00000075213.12,35,16,28,65,98,1,22,6
ENSG00000075218.20,4,2,31,13,32,0,13,4
ENSG00000075223.15,297,116,84,3290,3135,242,1771,423
ENSG00000075234.18,322,250,165,559,857,76,394,351
ENSG00000075239.16,796,1875,298,9453,15030,1356,8327,6700
ENSG00000075240.18,416,221,203,3145,1625,201,772,1021
ENSG00000075275.18,61,60,25,566,544,100,279,243
ENSG00000075290.8,0,0,0,0,0,0,0,0
ENSG00000075292.21,1354,1494,1101,3029,3040,185,2004,1005
ENSG00000075303.14,74,120,64,413,607,45,390,145
ENSG00000075336.13,383,204,139,2002,2538,276,1371,1136
ENSG00000075340.24,40,42,61,142,144,6,43,32
ENSG00000075388.4,0,0,0,0,0,0,0,0
ENSG00000075391.19,733,611,203,2604,1626,107,1305,474
ENSG00000075399.15,191,117,156,261,386,51,217,200
ENSG00000075407.20,392,284,208,611,755,26,474,109
ENSG00000075413.20,1340,738,1163,2630,3083,277,1872,1530
ENSG00000075415.16,6220,8294,2528,31432,40685,4603,19338,18325
ENSG00000075420.14,1220,708,400,2982,1809,151,1477,629
ENSG00000075426.13,3055,1945,1096,6561,1446,136,1762,1585
ENSG00000075429.9,0,0,0,0,1,0,0,0
ENSG00000075461.7,0,11,0,2,4,4,5,1
ENSG00000075539.16,523,881,196,1666,1419,118,901,375
ENSG00000075568.18,481,529,216,1825,1647,208,1310,472
ENSG00000075618.19,305,283,139,215,834,101,324,198
ENSG00000075624.18,53340,33392,32300,34093,26228,3422,11499,9945
ENSG00000075643.7,48,16,12,43,18,7,11,10
ENSG00000075651.18,245,513,187,1154,1952,157,1322,687
ENSG00000075673.13,0,1,0,0,1,0,0,0
ENSG00000075702.19,19,288,36,470,3347,426,1191,787
ENSG00000075711.22,740,461,182,2093,1167,178,705,337
ENSG00000075785.15,3123,2323,1513,7260,7919,1061,4260,2752
ENSG00000075790.13,1218,1093,409,3563,3002,209,1995,766
ENSG00000075826.18,163,89,250,248,566,15,364,106
ENSG00000075856.13,426,455,275,956,1035,150,605,437
ENSG00000075884.15,60,212,223,108,140,6,63,35
ENSG00000075886.11,727,125,35,2779,474,448,243,1208
ENSG00000075891.25,0,29,0,0,1,0,0,0
ENSG00000075914.14,297,296,143,453,587,67,262,371
ENSG00000075945.13,539,621,241,1882,1446,226,1070,463
ENSG00000075975.18,497,412,238,1042,1379,117,987,501
ENSG00000076003.6,353,181,131,248,299,16,167,74
ENSG00000076043.12,1325,598,367,2361,3199,417,1651,1477
ENSG00000076053.13,392,414,165,519,668,52,366,246
ENSG00000076067.15,1184,1196,927,1894,2288,118,759,598
ENSG00000076108.13,1084,763,821,2736,1989,158,1572,528
ENSG00000076201.17,637,311,423,1096,891,153,543,419
ENSG00000076242.19,430,439,211,1427,1772,221,891,654
ENSG00000076248.13,250,290,104,936,887,97,562,434
ENSG00000076258.11,41,72,37,75,233,18,80,75
ENSG00000076321.12,159,195,82,558,601,46,350,166
ENSG00000076344.17,122,197,385,102,335,22,206,174
ENSG00000076351.14,223,68,70,276,305,30,197,114
ENSG00000076356.8,1111,413,466,1196,881,84,320,397
ENSG00000076382.18,32,20,93,27,60,3,26,8
ENSG00000076513.18,900,465,375,1509,793,94,462,293
ENSG00000076554.17,61,101,57,409,589,47,292,118
ENSG00000076555.16,720,625,1104,4807,4890,381,3851,2321
ENSG00000076604.16,280,256,130,48,99,5,38,42
ENSG00000076641.5,643,330,309,979,632,45,297,252
ENSG00000076650.8,80,113,68,221,214,28,169,42
ENSG00000076662.12,140,308,234,162,371,56,219,237
ENSG00000076685.20,695,569,582,3077,1907,130,998,551
ENSG00000076706.18,2777,1377,1605,6002,4151,465,1913,2288
ENSG00000076716.10,108,401,157,766,478,42,353,177
ENSG00000076770.17,71,198,298,713,264,10,158,158
ENSG00000076826.11,5,9,3,13,16,5,15,9
ENSG00000076864.22,19,111,151,100,107,24,93,116
ENSG00000076924.13,315,360,411,420,962,154,425,497
ENSG00000076928.21,948,718,760,679,1053,102,564,430
ENSG00000076944.18,55,61,388,99,71,0,22,11
ENSG00000076984.19,456,296,383,499,951,154,533,587
ENSG00000077009.15,6935,5762,1437,9124,14555,2426,2657,15268
ENSG00000077044.12,1003,189,314,1787,1110,130,577,483
ENSG00000077063.11,20,22,22,59,54,1,43,16
ENSG00000077080.11,0,0,0,0,0,0,0,0
ENSG00000077092.21,105,219,81,445,572,46,483,218
ENSG00000077097.18,979,1022,520,4215,4874,398,3129,1444
ENSG00000077147.17,2485,2667,1149,4112,4019,286,2232,911
ENSG00000077150.22,628,373,636,1065,532,64,298,263
ENSG00000077152.13,57,20,30,118,188,25,105,67
ENSG00000077157.24,906,1302,943,55895,43785,2892,25577,12063
ENSG00000077232.20,1927,784,599,2277,2182,137,1436,420
ENSG00000077235.19,1016,721,447,3084,2539,507,1443,1263
ENSG00000077238.15,1155,263,1054,820,481,30,222,290
ENSG00000077254.15,461,658,344,1068,1376,104,906,328
ENSG00000077264.18,21,18,2,11,19,1,10,3
ENSG00000077274.10,30,7,1,4,35,0,8,0
ENSG00000077279.22,1,0,1,3,4,0,6,0
ENSG00000077312.10,835,467,680,515,737,87,383,351
ENSG00000077327.17,0,18,3,1,0,0,0,4
ENSG00000077348.11,165,157,52,119,315,48,131,183
ENSG00000077380.17,1200,1172,442,3631,3624,369,2018,1215
ENSG00000077420.18,57,39,179,117,91,9,111,16
ENSG00000077454.18,475,301,403,508,793,171,530,453
ENSG00000077458.13,76,214,82,206,274,6,197,58
ENSG00000077463.16,172,153,201,108,228,39,97,158
ENSG00000077498.9,0,0,0,0,0,0,0,0
ENSG00000077514.10,174,134,153,228,277,22,183,90
ENSG00000077522.16,20619,7965,2558,116038,82967,18064,44532,41026
ENSG00000077549.20,2891,1535,1607,6817,6028,760,3082,2364
ENSG00000077585.15,329,216,161,845,1016,180,472,325
ENSG00000077616.11,14,120,11,15,120,1,102,33
ENSG00000077684.17,1692,1103,1652,2031,1190,67,570,390
ENSG00000077713.20,285,169,106,170,153,13,87,41
ENSG00000077721.18,817,666,390,1991,2633,209,1420,797
ENSG00000077782.24,2972,1790,1385,3850,4482,839,2412,2420
ENSG00000077800.13,0,1,1,0,1,0,0,2
ENSG00000077935.18,0,2,1,1,1,0,0,0
ENSG00000077942.20,4566,4887,4980,2914,5081,765,3740,2342
ENSG00000077943.9,38,118,37,275,486,37,359,125
ENSG00000077984.7,21,106,242,18,47,6,30,11
ENSG00000078018.23,202,343,63,283,344,30,225,131
ENSG00000078043.17,236,324,209,551,778,35,483,194
ENSG00000078053.18,82,96,121,139,153,8,45,48
ENSG00000078061.15,787,629,746,1875,2284,370,971,1170
ENSG00000078070.15,128,250,111,1455,1424,174,1241,665
ENSG00000078081.9,1,28,2,5,5,2,10,0
ENSG00000078098.16,177,74,76,51,114,7,36,23
ENSG00000078114.20,3832,3045,1644,57844,47305,4300,32089,12393
ENSG00000078124.14,319,307,211,677,498,26,310,126
ENSG00000078140.15,991,712,408,1697,1746,168,1021,498
ENSG00000078142.15,319,363,189,933,907,63,581,245
ENSG00000078177.16,70,58,13,192,192,7,201,24
ENSG00000078237.8,200,134,48,563,444,38,254,104
ENSG00000078246.18,525,185,293,245,392,17,160,95
ENSG00000078269.15,421,147,109,2243,741,139,406,246
ENSG00000078295.18,5,3,12,4,12,1,4,3
ENSG00000078304.21,1149,1112,724,6880,5075,530,3125,1759
ENSG00000078328.23,220,170,97,1532,2109,192,1575,635
ENSG00000078369.20,4222,3162,1862,6637,6294,719,3158,2424
ENSG00000078399.19,4,3,3,1,2,0,0,4
ENSG00000078401.8,72,16,67,137,106,7,25,8
ENSG00000078403.18,260,204,127,826,923,20,953,285
ENSG00000078487.19,66,79,83,127,195,12,62,82
ENSG00000078549.17,113,311,69,212,407,30,197,172
ENSG00000078579.9,0,0,0,0,0,0,1,0
ENSG00000078589.14,6,36,0,8,17,1,8,0
ENSG00000078596.12,776,3536,207,913,2704,152,913,565
ENSG00000078618.24,1870,1139,1274,5795,5022,605,2703,1618
ENSG00000078668.15,1248,1250,674,6381,9462,802,5300,3338
ENSG00000078674.21,1140,1255,728,4887,4101,382,2665,1111
ENSG00000078687.19,289,629,408,798,854,83,612,316
ENSG00000078699.22,350,219,231,483,664,43,387,228
ENSG00000078725.14,2,2,2,39,33,2,3,6
ENSG00000078747.18,525,437,226,1834,1474,82,1007,352
ENSG00000078795.17,3,2,2,12,8,1,11,6
ENSG00000078804.14,555,1066,307,10130,9695,1069,3730,5408
ENSG00000078808.21,1876,1040,618,1911,3258,717,1697,2374
ENSG00000078814.20,530,1196,910,1938,7111,686,4943,1046
ENSG00000078898.8,0,0,0,0,0,0,0,0
ENSG00000078900.17,0,2,4,1,6,1,0,7
ENSG00000078902.17,534,426,257,977,1538,218,684,854
ENSG00000078967.14,602,465,218,1183,1465,167,623,558
ENSG00000079101.18,0,0,2,0,1,0,1,0
ENSG00000079102.19,220,463,210,424,871,80,563,147
ENSG00000079112.11,0,4,0,3,11,1,14,5
ENSG00000079134.14,391,381,381,313,318,14,222,127
ENSG00000079150.19,409,181,153,169,421,31,219,109
ENSG00000079156.18,120,83,40,222,305,30,131,159
ENSG00000079215.16,983,222,225,5733,2022,349,1281,883
ENSG00000079246.17,2447,2243,1168,4926,5180,589,2425,1467
ENSG00000079257.8,131,300,157,81,203,11,61,13
ENSG00000079263.20,17,82,15,23,23,4,9,3
ENSG00000079277.23,348,366,570,930,941,62,567,344
ENSG00000079308.21,7609,2987,3033,29957,29174,4612,20351,10569
ENSG00000079313.16,321,185,319,386,604,130,351,463
ENSG00000079332.17,2145,1767,983,2768,2933,226,1362,783
ENSG00000079335.22,61,145,28,96,132,4,95,33
ENSG00000079337.17,1033,1670,1654,1145,1108,54,680,418
ENSG00000079385.24,90,316,72,107,259,26,150,41
ENSG00000079387.16,220,192,114,275,329,22,174,85
ENSG00000079393.22,186,90,0,138,178,0,0,93
ENSG00000079432.10,536,374,518,972,1293,184,743,608
ENSG00000079435.11,78,103,9,262,838,202,1176,379
ENSG00000079459.15,100,395,12,25,80,4,114,268
ENSG00000079462.9,59,39,45,35,52,3,22,25
ENSG00000079482.15,223,178,63,252,400,29,286,105
ENSG00000079557.6,0,135,0,0,0,0,0,0
ENSG00000079616.15,149,915,414,314,1724,123,771,1065
ENSG00000079689.16,19,2,235,73,44,6,4,18
ENSG00000079691.20,173,126,89,347,157,14,114,69
ENSG00000079739.18,1041,749,274,14418,9440,1537,4953,3921
ENSG00000079785.17,1288,1022,531,5029,6704,807,3511,2517
ENSG00000079805.20,1035,916,762,4147,4095,872,2231,2026
ENSG00000079819.21,1517,2903,1148,1945,3920,253,2831,818
ENSG00000079841.20,4,7,0,1,17,1,5,1
ENSG00000079931.16,166,192,198,410,172,4,91,106
ENSG00000079950.15,687,830,430,1713,2034,123,1309,537
ENSG00000079974.20,496,162,189,324,332,16,200,105
ENSG00000079999.15,739,927,406,1814,2101,251,816,1162
ENSG00000080007.9,15,25,6,6,10,3,8,2
ENSG00000080031.11,54,3,21,436,51,12,6,19
ENSG00000080166.16,0,4,2,1,6,0,11,0
ENSG00000080189.16,419,320,516,388,801,68,358,295
ENSG00000080200.10,468,731,245,1646,1430,123,953,220
ENSG00000080224.18,10,37,10,8,12,0,2,0
ENSG00000080293.11,0,20,1,11,9,0,3,10
ENSG00000080298.17,98,146,59,140,164,6,100,39
ENSG00000080345.19,438,613,303,1097,886,36,677,198
ENSG00000080371.7,1816,1402,427,5259,4511,460,2334,1384
ENSG00000080493.20,40,85,8,399,794,47,513,187
ENSG00000080503.26,631,1382,382,2889,3799,506,2681,1197
ENSG00000080511.5,9,1,0,0,0,0,0,0
ENSG00000080546.15,668,510,351,1535,2560,99,1328,718
ENSG00000080561.15,206,206,61,226,262,20,174,72
ENSG00000080572.15,0,6,0,0,0,0,0,0
ENSG00000080573.7,3399,894,1600,669,1809,124,946,280
ENSG00000080603.18,312,88,80,3253,1867,246,1160,715
ENSG00000080608.11,753,298,243,669,421,38,231,115
ENSG00000080618.18,0,218,0,1,0,0,1,0
ENSG00000080644.17,10,0,0,16,10,1,8,1
ENSG00000080709.17,62,69,17,314,380,33,276,181
ENSG00000080802.22,311,183,157,752,797,92,487,237
ENSG00000080815.21,487,549,398,1098,1093,103,458,342
ENSG00000080819.10,202,300,122,354,531,37,239,156
ENSG00000080822.18,1260,1416,487,2087,2035,74,1025,519
ENSG00000080823.24,203,131,170,312,195,10,128,119
ENSG00000080824.20,16849,10891,2954,28860,22646,2157,11470,10434
ENSG00000080839.13,69,128,48,120,175,10,77,54
ENSG00000080845.20,1664,617,797,1911,2069,365,1005,696
ENSG00000080854.16,838,158,197,3457,1903,140,1254,287
ENSG00000080910.15,1,307,0,0,0,0,0,0
ENSG00000080986.14,12,43,67,17,55,4,7,4
ENSG00000081014.12,151,153,58,616,490,31,319,161
ENSG00000081019.15,221,329,101,455,514,26,341,126
ENSG00000081026.20,87,179,58,334,289,19,206,68
ENSG00000081041.10,222,5440,209,345,191,12,194,99
ENSG00000081051.8,0,1,0,0,0,0,0,0
ENSG00000081052.14,358,432,277,510,875,72,654,330
ENSG00000081059.21,12,35,11,65,115,9,19,18
ENSG00000081087.16,537,547,204,1051,1040,70,470,282
ENSG00000081138.14,0,0,0,0,2,0,0,0
ENSG00000081148.12,7,7,0,12,9,0,13,0
ENSG00000081154.12,1362,1882,732,3024,3853,169,1913,693
ENSG00000081177.20,194,190,78,767,752,61,482,223
ENSG00000081181.9,33,68,33,90,148,9,97,43
ENSG00000081189.18,501,1636,218,1029,1784,189,1178,325
ENSG00000081237.23,52,249,213,386,445,13,157,46
ENSG00000081248.13,0,0,0,0,2,0,0,1
ENSG00000081277.13,2,1,9,22,50,5,14,23
ENSG00000081307.16,597,427,281,1188,1309,111,876,384
ENSG00000081320.13,140,242,155,497,276,16,95,51
ENSG00000081377.18,153,220,57,1446,1093,70,501,350
ENSG00000081386.14,164,181,136,405,455,30,213,165
ENSG00000081479.15,0,25,8,0,40,0,3,7
ENSG00000081665.15,193,293,171,316,460,16,317,150
ENSG00000081692.14,263,147,140,171,269,41,133,138
ENSG00000081721.13,222,171,122,141,182,12,135,59
ENSG00000081760.18,321,123,122,618,660,61,400,313
ENSG00000081791.10,1046,792,687,2350,3506,266,1801,1453
ENSG00000081800.10,0,0,2,0,0,0,0,3
ENSG00000081803.18,336,496,136,509,773,48,208,252
ENSG00000081818.4,56,56,26,60,70,11,62,24
ENSG00000081842.18,0,4,0,0,5,0,0,0
ENSG00000081853.15,42,32,25,449,223,53,256,100
ENSG00000081870.13,137,223,130,202,287,16,196,90
ENSG00000081913.15,99,208,97,304,325,42,151,117
ENSG00000081923.16,241,270,132,368,502,34,217,122
ENSG00000081985.15,10,9,3,5,17,9,17,7
ENSG00000082014.17,804,404,746,1534,2790,415,1564,927
ENSG00000082068.10,206,228,135,298,470,45,308,204
ENSG00000082074.20,25,80,118,116,141,3,68,5
ENSG00000082126.19,6,1,2,2,2,2,2,0
ENSG00000082146.14,296,318,545,1599,2179,213,1181,728
ENSG00000082153.19,3371,2556,1865,3603,3128,206,1812,720
ENSG00000082175.16,75,203,37,737,758,61,546,148
ENSG00000082196.22,13,41,29,22,43,0,32,12
ENSG00000082212.14,499,379,193,2417,2492,250,1953,1063
ENSG00000082213.19,212,157,84,628,826,73,543,231
ENSG00000082258.14,485,529,246,1002,943,34,916,342
ENSG00000082269.18,111,139,50,334,441,21,253,81
ENSG00000082293.13,2,1,1,329,71,2,24,13
ENSG00000082397.19,439,173,251,390,329,23,247,139
ENSG00000082438.19,254,670,166,749,753,65,519,176
ENSG00000082458.13,196,178,129,553,503,61,301,225
ENSG00000082482.15,6,13,16,5,4,1,6,0
ENSG00000082497.13,198,127,42,72,251,17,131,30
ENSG00000082512.16,156,144,199,241,226,5,177,51
ENSG00000082515.19,461,451,203,793,1003,126,529,579
ENSG00000082516.9,253,171,91,803,693,93,441,227
ENSG00000082556.14,0,1,0,13,11,0,3,0
ENSG00000082641.17,3684,3488,2460,25855,40112,3409,16558,14640
ENSG00000082684.17,72,88,36,166,386,36,141,116
ENSG00000082701.18,548,494,223,2368,2004,205,1422,595
ENSG00000082781.13,2411,1119,874,3651,3306,604,1544,1555
ENSG00000082805.22,686,411,214,2369,2168,254,1066,674
ENSG00000082898.20,1429,1127,542,3565,3270,245,1750,891
ENSG00000082996.21,627,810,371,1066,1248,87,685,317
ENSG00000083067.27,5,5,2,8,11,1,10,5
ENSG00000083093.13,90,55,57,224,172,8,102,43
ENSG00000083097.15,91,205,80,685,648,36,620,257
ENSG00000083099.12,310,343,216,1281,1414,99,714,470
ENSG00000083123.16,64,78,50,594,1002,110,668,203
ENSG00000083168.12,508,630,272,1364,1115,98,679,395
ENSG00000083223.19,280,326,202,706,479,50,383,130
ENSG00000083290.21,89,201,127,759,964,43,408,315
ENSG00000083307.13,2,10,0,2,1,0,0,0
ENSG00000083312.20,1136,996,387,3608,2719,212,1664,621
ENSG00000083444.18,5500,3021,1819,2572,2641,513,1474,1551
ENSG00000083454.24,421,45,18,340,160,38,42,108
ENSG00000083457.13,179,158,160,159,211,15,63,71
ENSG00000083520.16,431,594,202,1057,1005,78,625,280
ENSG00000083535.17,237,328,94,381,543,28,337,119
ENSG00000083544.17,256,364,313,596,665,51,437,202
ENSG00000083635.8,75,55,20,143,162,16,116,46
ENSG00000083642.20,279,405,113,792,796,54,493,100
ENSG00000083720.14,509,343,106,10310,10134,908,5636,3832
ENSG00000083750.14,108,140,105,218,400,23,201,127
ENSG00000083782.8,0,0,0,1,1,0,0,0
ENSG00000083799.19,400,446,211,2918,1222,141,927,423
ENSG00000083807.11,55,306,43,29,48,3,36,40
ENSG00000083812.14,75,59,35,118,133,14,93,49
ENSG00000083814.14,77,56,100,276,316,38,196,110
ENSG00000083817.10,46,33,33,130,141,9,82,52
ENSG00000083828.16,111,138,89,146,295,18,146,106
ENSG00000083838.18,105,68,104,100,213,29,79,124
ENSG00000083844.11,295,236,209,611,620,43,358,204
ENSG00000083845.10,6710,7552,4961,3364,6249,1530,3382,5827
ENSG00000083857.16,741,354,175,3817,1986,233,1554,748
ENSG00000083896.14,606,1028,592,1858,1897,203,1273,706
ENSG00000083937.10,364,463,206,1172,1443,130,792,372
ENSG00000084070.13,340,243,645,886,645,95,248,270
ENSG00000084072.18,514,532,356,587,904,106,463,455
ENSG00000084073.11,815,602,239,2186,1370,90,649,268
ENSG00000084090.15,3090,1166,759,11813,7720,653,3349,4377
ENSG00000084092.8,129,93,94,370,641,100,336,246
ENSG00000084093.20,304,255,141,900,1012,60,583,167
ENSG00000084110.12,5,42,21,7,4,0,5,0
ENSG00000084112.16,985,369,349,1935,1643,169,1048,478
ENSG00000084207.19,5027,3853,2214,2691,5058,639,2341,3487
ENSG00000084234.19,3456,2661,2179,15932,13765,1823,8017,5896
ENSG00000084444.15,138,106,75,101,120,4,69,89
ENSG00000084453.18,1,3,0,0,2,0,0,0
ENSG00000084463.9,743,650,430,2790,2374,320,1542,903
ENSG00000084623.13,3272,1563,1182,3185,3083,468,1321,1291
ENSG00000084628.11,2,1,3,3,5,0,3,1
ENSG00000084636.19,891,244,385,199,795,93,409,175
ENSG00000084652.17,1517,465,861,1402,1125,99,651,335
ENSG00000084674.15,32,2,12,4,1,30,0,40
ENSG00000084676.17,586,809,409,2626,1842,167,1468,535
ENSG00000084693.17,100,135,151,312,376,53,155,176
ENSG00000084710.15,99,68,23,184,385,33,190,122
ENSG00000084731.16,143,101,55,102,196,9,99,71
ENSG00000084733.12,1231,973,486,2925,2985,294,1750,823
ENSG00000084734.10,8,5,2,3,3,1,1,0
ENSG00000084754.13,3970,3585,1754,22687,21575,2448,9196,7982
ENSG00000084764.13,449,310,273,999,1494,183,798,873
ENSG00000084774.15,613,102,227,405,347,23,200,162
ENSG00000085063.19,20984,11126,5345,25113,19890,2624,6494,7982
ENSG00000085117.14,202,598,105,417,1001,185,396,491
ENSG00000085185.16,217,117,98,507,378,36,248,143
ENSG00000085224.23,394,721,197,3780,2902,150,1419,452
ENSG00000085231.14,295,127,97,301,385,13,141,85
ENSG00000085265.13,150,127,120,405,126,20,30,14
ENSG00000085274.17,228,417,90,497,561,37,322,157
ENSG00000085276.19,441,774,135,415,1010,48,411,135
ENSG00000085365.19,440,564,139,1154,1325,84,747,257
ENSG00000085377.16,454,310,189,1146,1323,203,664,556
ENSG00000085382.13,111,139,47,212,266,11,206,81
ENSG00000085415.17,519,310,233,699,477,42,310,219
ENSG00000085433.18,141,272,66,650,596,48,417,198
ENSG00000085449.16,459,677,185,723,882,64,448,198
ENSG00000085465.14,40,62,104,28,30,0,24,17
ENSG00000085491.18,182,167,62,780,871,51,681,153
ENSG00000085511.21,480,306,258,1249,1018,74,582,584
ENSG00000085514.16,18,28,54,69,52,5,19,6
ENSG00000085552.19,4,4,7,2,31,1,8,6
ENSG00000085563.16,107,143,110,153,189,12,50,64
ENSG00000085644.15,118,57,78,239,320,69,162,177
ENSG00000085662.15,1713,2195,602,4103,5095,799,3902,3242
ENSG00000085719.14,569,985,345,3898,3491,262,1867,989
ENSG00000085721.14,554,251,319,1156,1545,16,11,160
ENSG00000085733.17,2438,1346,1735,4265,3877,510,2556,1684
ENSG00000085741.15,36,82,25,117,167,32,68,171
ENSG00000085760.16,252,248,249,1495,1897,214,1001,621
ENSG00000085788.15,303,466,226,1667,1993,149,1135,449
ENSG00000085831.17,50,58,18,351,396,79,232,350
ENSG00000085832.19,691,1028,488,2326,2354,140,1397,539
ENSG00000085840.14,4,8,11,13,15,1,1,2
ENSG00000085871.10,555,937,271,1303,2026,203,955,677
ENSG00000085872.16,409,272,228,521,714,122,487,512
ENSG00000085978.23,372,281,159,760,715,54,327,315
ENSG00000085982.17,350,206,319,564,735,52,492,338
ENSG00000085998.16,1478,1335,621,4726,4814,642,1695,2284
ENSG00000085999.14,8,6,14,28,8,0,5,3
ENSG00000086015.24,2619,688,704,5528,4549,674,2365,1716
ENSG00000086061.17,3636,3106,596,3391,2852,227,1759,1899
ENSG00000086062.15,2164,2178,1108,3610,2426,180,1514,1637
ENSG00000086065.15,677,933,400,1202,1730,118,1080,593
ENSG00000086102.20,564,409,314,1786,1276,172,940,502
ENSG00000086159.15,2,16,3,0,0,0,2,1
ENSG00000086189.12,312,215,143,582,587,60,368,213
ENSG00000086200.18,352,436,135,741,1098,99,490,315
ENSG00000086205.19,10,21,17,7,21,2,7,2
ENSG00000086232.14,1019,576,1331,2377,2748,328,1688,1021
ENSG00000086288.12,1,1,5,2,1,0,0,0
ENSG00000086289.13,140,116,67,1160,2302,200,1276,497
ENSG00000086300.18,9,34,31,47,47,3,32,4
ENSG00000086475.16,549,531,331,1046,1102,99,602,496
ENSG00000086504.19,572,968,453,733,1757,352,705,1340
ENSG00000086506.3,5,6,151,0,0,0,0,0
ENSG00000086544.4,1444,293,610,1119,507,51,213,269
ENSG00000086548.10,5,132,32,2,2,3,0,1
ENSG00000086570.13,1,0,0,1,1,0,11,0
ENSG00000086589.13,684,791,469,1013,1052,85,491,320
ENSG00000086598.12,4046,2106,1079,3912,4374,361,2236,1126
ENSG00000086619.15,178,262,70,481,435,27,276,179
ENSG00000086666.21,717,827,407,1909,2379,165,1295,696
ENSG00000086696.12,0,27,0,0,0,0,0,0
ENSG00000086712.14,297,205,153,340,346,27,295,120
ENSG00000086717.20,1,2,3,5,0,0,0,0
ENSG00000086730.18,107,71,143,108,119,6,36,20
ENSG00000086758.18,2189,907,830,9594,5998,922,3707,2183
ENSG00000086827.10,211,125,81,375,395,37,233,100
ENSG00000086848.16,328,208,192,593,446,47,276,174
ENSG00000086967.11,3,0,2,1,1,0,0,2
ENSG00000086991.14,1146,82,423,53,53,2,23,11
ENSG00000087008.17,147,137,83,516,309,42,238,103
ENSG00000087053.20,530,536,244,878,884,73,513,286
ENSG00000087074.10,1038,2751,1486,2153,4254,264,1577,1846
ENSG00000087076.10,32,39,55,44,55,10,19,11
ENSG00000087077.15,521,404,436,271,617,84,305,341
ENSG00000087085.17,63,20,81,53,57,7,23,33
ENSG00000087086.17,21413,26676,55966,15100,17307,2844,12228,8115
ENSG00000087087.21,1527,676,1121,1662,1542,195,1013,652
ENSG00000087088.22,595,253,326,338,331,53,117,144
ENSG00000087095.14,321,264,137,766,801,62,485,232
ENSG00000087111.23,398,420,197,1266,1746,211,876,704
ENSG00000087116.18,746,66,450,181,393,49,100,62
ENSG00000087128.10,0,0,0,0,0,0,0,0
ENSG00000087152.17,774,336,365,1423,1063,106,578,455
ENSG00000087157.20,537,246,396,537,669,36,421,233
ENSG00000087191.15,2421,1557,1829,2871,3319,478,1744,1830
ENSG00000087206.18,520,312,450,1036,829,78,530,368
ENSG00000087237.13,15,41,0,13,24,0,8,8
ENSG00000087245.13,8140,5872,6647,3221,7193,1184,3657,2732
ENSG00000087250.10,12,101,19,9,72,5,26,47
ENSG00000087253.14,291,549,279,482,427,32,294,95
ENSG00000087258.18,140,98,67,495,723,169,623,399
ENSG00000087263.18,533,229,180,1132,982,166,561,366
ENSG00000087266.19,593,273,615,1694,1159,70,692,284
ENSG00000087269.17,450,143,218,963,699,96,453,206
ENSG00000087274.20,2731,2267,1595,9456,8145,1251,4483,3125
ENSG00000087299.13,25,35,26,315,602,67,420,195
ENSG00000087301.11,30,87,28,73,236,7,167,48
ENSG00000087302.10,2341,1589,1050,3507,4193,622,2902,2255
ENSG00000087303.19,1127,855,414,1568,1860,207,1097,390
ENSG00000087338.6,132,198,87,243,326,21,204,83
ENSG00000087365.17,2503,1582,1344,3480,3327,548,1811,1275
ENSG00000087448.12,391,211,217,529,431,23,355,144
ENSG00000087460.29,15885,12723,8367,41667,40070,7026,20126,17053
ENSG00000087470.22,1018,910,462,2779,2770,238,1580,777
ENSG00000087494.17,34,26,5,29,47,1,13,15
ENSG00000087495.18,10,17,3,20,97,5,49,12
ENSG00000087502.20,987,617,267,1627,1529,108,738,354
ENSG00000087510.8,2,3,9,5,6,0,0,5
ENSG00000087586.19,30,33,88,272,206,15,113,102
ENSG00000087589.18,0,17,9,19,24,4,12,2
ENSG00000087842.12,217,283,162,171,358,18,197,148
ENSG00000087884.17,461,812,312,1303,1971,199,1010,1191
ENSG00000087903.14,186,65,100,312,142,14,62,151
ENSG00000087995.17,235,154,88,553,518,91,276,230
ENSG00000088002.12,2,14,1,0,6,1,1,0
ENSG00000088035.19,120,193,92,84,164,12,113,40
ENSG00000088038.21,441,219,273,522,665,31,472,152
ENSG00000088053.12,8,4,6,13,25,0,13,12
ENSG00000088179.10,162,227,84,892,831,53,539,234
ENSG00000088205.14,821,754,280,1312,1100,99,626,325
ENSG00000088247.19,1279,503,672,1867,2054,292,1213,854
ENSG00000088256.9,910,420,388,1773,2800,675,1713,1802
ENSG00000088280.22,415,355,575,1438,1067,138,581,446
ENSG00000088298.14,418,156,229,541,382,38,154,153
ENSG00000088305.20,15,43,27,33,65,1,34,27
ENSG00000088320.5,65,159,95,43,161,11,62,104
ENSG00000088325.17,5,12,155,34,83,6,8,8
ENSG00000088356.7,281,200,191,306,475,33,206,253
ENSG00000088367.24,306,518,231,867,1173,99,570,362
ENSG00000088386.18,0,8,0,2,0,1,0,0
ENSG00000088387.23,935,1248,383,2430,1957,167,1121,939
ENSG00000088448.15,1748,1304,1274,1534,1571,48,746,371
ENSG00000088451.12,123,151,56,120,195,2,150,80
ENSG00000088538.14,106,10,23,495,329,30,253,133
ENSG00000088543.16,213,336,110,1232,1585,144,561,748
ENSG00000088682.15,760,1305,374,4053,7108,919,3490,4064
ENSG00000088726.16,20,21,3,19,73,2,5,20
ENSG00000088727.15,62,65,40,118,181,28,107,99
ENSG00000088756.14,19,107,9,31,116,4,55,3
ENSG00000088766.13,915,1096,428,2082,3117,259,1814,1273
ENSG00000088782.5,0,0,0,0,0,0,0,0
ENSG00000088808.19,385,515,331,1528,2458,313,1506,1088
ENSG00000088812.19,478,305,209,2459,2102,289,1477,730
ENSG00000088826.19,136,122,326,53,120,12,84,69
ENSG00000088827.15,65,28,655,194,403,21,303,25
ENSG00000088832.19,6087,2278,1932,5791,4818,587,2231,1859
ENSG00000088833.19,1044,798,669,1881,2361,310,980,986
ENSG00000088836.15,11,43,24,10,21,0,16,16
ENSG00000088854.14,357,248,167,2115,1450,172,1051,521
ENSG00000088876.14,298,101,144,269,284,13,181,102
ENSG00000088881.22,95,101,136,106,120,14,59,73
ENSG00000088882.9,70,63,43,42,140,9,213,59
ENSG00000088888.19,1717,839,1122,4488,4401,489,2202,1257
ENSG00000088899.17,219,151,116,744,660,74,339,281
ENSG00000088926.16,0,61,1,1,5,0,0,0
ENSG00000088930.9,674,563,274,2016,1443,132,810,513
ENSG00000088970.17,213,281,240,691,728,46,396,164
ENSG00000088986.12,3456,2260,1203,1688,2287,275,1391,1635
ENSG00000088992.19,223,413,353,1170,2133,291,1387,1972
ENSG00000089006.18,759,818,571,1162,1806,133,1067,501
ENSG00000089009.17,12247,8622,10129,10814,14050,1663,7032,6400
ENSG00000089012.15,0,4,1,3,3,0,1,0
ENSG00000089022.15,313,222,193,710,843,78,443,282
ENSG00000089041.18,15,34,36,90,164,5,55,23
ENSG00000089048.16,159,149,65,522,551,50,293,122
ENSG00000089050.17,85,125,62,293,361,20,204,79
ENSG00000089053.14,1311,712,803,1966,2260,210,1080,815
ENSG00000089057.16,230,175,194,448,463,25,345,189
ENSG00000089060.13,430,288,523,400,423,40,231,260
ENSG00000089063.17,1356,1189,713,2119,2724,253,1559,810
ENSG00000089091.18,25,17,12,22,41,3,43,16
ENSG00000089094.21,177,239,137,256,448,45,231,131
ENSG00000089101.20,60,51,41,654,687,92,406,281
ENSG00000089116.4,0,0,0,0,0,0,0,0
ENSG00000089123.17,95,52,65,173,205,12,102,72
ENSG00000089127.15,145,249,218,285,430,15,281,69
ENSG00000089154.12,1342,569,518,2177,1730,274,981,755
ENSG00000089157.17,19692,7964,17357,13848,17611,2524,7112,7662
ENSG00000089159.18,5382,2245,2519,3362,3097,359,1401,1082
ENSG00000089163.6,18,22,12,69,130,12,54,60
ENSG00000089169.16,2,0,23,1,1,0,0,0
ENSG00000089177.21,117,160,64,730,633,77,351,175
ENSG00000089195.16,177,159,113,511,283,32,178,106
ENSG00000089199.11,5,20,4,156,256,87,153,74
ENSG00000089220.6,3349,4726,2309,12615,16228,1784,7620,8709
ENSG00000089225.21,92,192,123,1020,2379,255,1403,875
ENSG00000089234.17,273,330,166,567,517,73,251,146
ENSG00000089248.8,898,764,497,1304,2099,303,1075,987
ENSG00000089250.20,0,0,3,4,10,1,14,0
ENSG00000089280.21,2384,1947,2186,3097,3918,547,2244,1827
ENSG00000089289.17,408,685,439,1305,2225,152,713,862
ENSG00000089327.17,1591,512,783,779,723,76,223,254
ENSG00000089335.23,538,529,455,1085,1889,52,1009,396
ENSG00000089351.16,571,461,312,697,739,133,375,426
ENSG00000089356.20,15,73,44,20,11,1,31,19
ENSG00000089472.19,125,467,90,891,1004,82,573,487
ENSG00000089486.18,279,466,93,756,1187,245,776,1063
ENSG00000089505.18,0,4,1,3,1,1,13,5
ENSG00000089558.9,6,3,11,6,2,1,0,2
ENSG00000089597.19,3991,1458,1553,6302,5450,572,2522,1683
ENSG00000089639.12,66,53,127,98,83,7,30,22
ENSG00000089682.19,177,263,155,587,632,37,447,94
ENSG00000089685.16,3,7,133,19,48,2,1,3
ENSG00000089692.10,20,47,31,9,13,0,22,4
ENSG00000089693.12,2011,1503,1179,3788,4465,749,2251,2545
ENSG00000089723.11,9,11,4,7,16,1,0,5
ENSG00000089737.20,164,477,290,452,54,74,0,33
ENSG00000089775.13,186,202,121,386,632,30,441,176
ENSG00000089818.18,440,560,212,667,788,36,525,292
ENSG00000089820.18,245,116,348,106,338,31,149,106
ENSG00000089847.14,11,11,12,0,15,0,7,4
ENSG00000089876.13,426,409,201,1509,1407,130,681,453
ENSG00000089902.11,282,203,112,726,645,65,490,227
ENSG00000089916.19,338,306,194,1098,902,46,725,214
ENSG00000090006.19,3090,3395,2932,1876,8564,1318,5828,7079
ENSG00000090013.12,481,1236,969,767,2201,317,1098,1694
ENSG00000090020.12,938,219,192,848,918,188,393,418
ENSG00000090054.17,649,568,359,952,1052,77,485,322
ENSG00000090060.20,3177,2240,982,5997,3883,343,2766,1301
ENSG00000090061.18,572,410,321,938,759,89,497,236
ENSG00000090097.23,865,473,691,1964,1639,379,871,947
ENSG00000090104.13,48,363,34,123,137,1,221,39
ENSG00000090238.13,576,827,1246,341,1387,147,713,934
ENSG00000090263.17,386,409,217,1098,1905,219,887,842
ENSG00000090266.14,2387,3457,715,3717,6047,714,3102,3970
ENSG00000090273.15,2162,1860,1289,2613,3110,541,1396,1499
ENSG00000090316.17,431,264,351,772,1305,199,885,872
ENSG00000090339.10,825,1260,589,1757,712,111,235,184
ENSG00000090372.15,774,417,575,1387,1770,372,802,954
ENSG00000090376.12,458,480,492,825,488,47,351,200
ENSG00000090382.7,159,203,297,978,791,38,231,28
ENSG00000090402.8,0,0,0,0,0,0,0,0
ENSG00000090432.8,405,386,123,1522,1503,199,745,702
ENSG00000090447.13,74,50,73,49,122,14,25,32
ENSG00000090470.15,283,241,150,439,471,65,263,220
ENSG00000090487.12,1223,664,585,1115,1472,127,643,510
ENSG00000090512.13,0,39,0,9,1,0,0,0
ENSG00000090520.13,1951,536,327,999,913,151,524,455
ENSG00000090530.11,147,70,33,245,92,7,52,27
ENSG00000090534.21,34,21,40,22,15,0,9,6
ENSG00000090539.17,496,288,755,247,374,29,197,179
ENSG00000090554.14,92,163,159,54,95,8,60,47
ENSG00000090565.18,668,355,431,308,345,61,247,328
ENSG00000090581.12,448,549,404,396,822,114,407,447
ENSG00000090612.23,146,304,115,336,463,25,248,113
ENSG00000090615.17,2551,641,810,1624,1457,212,828,600
ENSG00000090621.16,2007,989,983,3684,5159,804,2641,2560
ENSG00000090659.18,25,8,138,295,174,21,87,21
ENSG00000090661.14,188,262,236,392,616,51,207,178
ENSG00000090674.17,140,153,158,242,404,77,261,257
ENSG00000090686.17,464,564,339,1523,1351,141,839,546
ENSG00000090776.7,1341,958,713,683,1092,168,542,613
ENSG00000090857.15,480,560,506,2464,2513,196,1178,893
ENSG00000090861.18,1894,657,675,3035,2758,433,1621,1140
ENSG00000090863.13,2272,1534,1126,5720,4553,583,2266,1787
ENSG00000090889.13,3,5,31,3,26,1,10,3
ENSG00000090905.20,764,702,611,1818,2207,103,1474,688
ENSG00000090924.16,899,305,464,764,706,57,412,285
ENSG00000090932.12,0,0,0,0,1,0,0,0
ENSG00000090971.6,182,116,151,45,112,15,53,79
ENSG00000090975.15,522,319,337,1392,1073,116,592,430
ENSG00000090989.19,458,628,302,939,888,71,592,248
ENSG00000091009.9,255,326,124,745,813,85,641,229
ENSG00000091010.7,4,4,0,0,2,0,0,0
ENSG00000091039.18,396,529,216,2303,1344,69,705,334
ENSG00000091073.21,108,54,43,150,202,26,110,83
ENSG00000091106.20,8,11,72,32,30,4,9,29
ENSG00000091127.15,216,94,78,362,201,13,103,70
ENSG00000091128.13,0,1,2,7,4,1,2,1
ENSG00000091129.23,5,1,6,8,19,0,7,1
ENSG00000091136.16,4989,3419,5461,5736,7555,490,3369,1473
ENSG00000091137.15,12,51,11,11,48,5,14,14
ENSG00000091138.14,0,2,0,1,0,0,0,1
ENSG00000091140.16,888,1669,344,8961,10738,1014,5894,3705
ENSG00000091157.15,201,288,84,760,744,82,430,231
ENSG00000091164.14,1097,947,416,2123,2698,219,1678,887
ENSG00000091181.20,0,7,0,2,13,0,2,3
ENSG00000091262.18,1,16,4,6,45,0,58,29
ENSG00000091317.9,687,629,376,830,864,43,440,201
ENSG00000091409.18,1126,3532,358,3561,4542,404,2537,1087
ENSG00000091428.19,97,137,66,298,368,15,191,97
ENSG00000091436.18,4400,1544,652,32563,16047,1691,11343,3818
ENSG00000091482.9,3126,732,369,9813,12441,1477,6424,4373
ENSG00000091483.9,1025,650,286,5927,6998,870,4235,3364
ENSG00000091490.12,160,196,73,323,389,22,157,93
ENSG00000091513.17,93,1519,214,119,211,3,478,57
ENSG00000091527.18,2619,1616,900,7477,4428,493,2561,1442
ENSG00000091536.20,22,11,30,6,14,1,2,5
ENSG00000091542.9,2086,898,677,4983,5916,940,2266,2837
ENSG00000091583.12,2,1982,0,0,8,0,0,0
ENSG00000091592.17,532,471,674,407,930,34,505,150
ENSG00000091622.16,36,8,9,10,34,5,15,9
ENSG00000091640.9,790,804,463,2168,4169,515,1799,2002
ENSG00000091651.10,18,9,26,25,36,0,21,10
ENSG00000091656.19,32,51,20,38,54,4,51,17
ENSG00000091664.9,0,0,0,0,0,0,1,0
ENSG00000091704.10,0,0,0,16,3,0,6,0
ENSG00000091732.19,247,239,144,453,610,58,317,303
ENSG00000091831.26,69,143,27,23,139,2,113,30
ENSG00000091844.9,16,6,0,10,9,2,16,7
ENSG00000091879.15,425,112,82,501,179,15,54,34
ENSG00000091947.11,272,391,195,239,679,78,248,335
ENSG00000091972.20,79,58,56,47,117,6,101,65
ENSG00000091986.17,6745,3527,1472,5596,6732,804,3375,1289
ENSG00000092009.10,13,13,5,53,31,0,9,23
ENSG00000092010.16,1302,2000,880,2803,2560,338,1208,1081
ENSG00000092020.12,301,457,220,446,679,53,337,170
ENSG00000092036.20,204,149,172,273,664,42,264,188
ENSG00000092051.19,6,4,9,2,11,1,9,5
ENSG00000092054.15,83524,90872,28825,889818,769320,229421,443525,331712
ENSG00000092067.7,0,1,4,0,1,0,0,0
ENSG00000092068.21,270,69,171,622,369,32,220,391
ENSG00000092094.12,398,303,334,593,702,65,326,336
ENSG00000092096.19,266,160,165,168,353,55,230,217
ENSG00000092098.19,451,333,450,728,951,84,321,317
ENSG00000092108.23,789,547,350,980,1277,109,763,402
ENSG00000092140.17,120,147,54,273,266,10,219,46
ENSG00000092148.15,1030,834,431,6415,4183,491,3112,1288
ENSG00000092199.20,5237,4073,2354,7244,8005,860,4347,3442
ENSG00000092200.13,1,2,2,11,15,1,4,2
ENSG00000092201.11,920,784,604,1802,1843,205,1031,654
ENSG00000092203.16,679,719,374,2706,2493,297,1452,903
ENSG00000092208.20,92,104,57,117,181,10,88,58
ENSG00000092295.13,11,10,9,6,56,0,7,9
ENSG00000092330.20,503,363,293,1064,894,121,484,433
ENSG00000092345.14,0,0,0,1,0,0,0,0
ENSG00000092377.15,0,0,0,0,3,0,5,2
ENSG00000092421.18,202,779,156,424,697,62,405,85
ENSG00000092439.16,478,344,284,2167,1795,66,1361,390
ENSG00000092445.13,300,103,68,161,234,20,169,80
ENSG00000092470.13,48,50,30,57,78,10,29,9
ENSG00000092529.26,247,130,268,176,288,8,228,90
ENSG00000092531.11,852,687,315,1154,1553,62,915,303
ENSG00000092607.15,209,46,50,69,37,5,13,20
ENSG00000092621.14,674,304,208,237,326,48,267,100
ENSG00000092758.19,147,58,35,7,117,24,117,69
ENSG00000092820.20,1174,1985,1161,11290,6566,1253,3170,2943
ENSG00000092841.20,14509,12264,9169,10239,10769,1007,5292,4844
ENSG00000092847.15,561,358,242,1049,1170,98,569,317
ENSG00000092850.13,1,2,2,0,1,0,0,0
ENSG00000092853.15,7,1,25,24,24,0,3,1
ENSG00000092871.18,228,181,195,534,389,34,231,144
ENSG00000092929.14,73,126,145,205,247,32,71,67
ENSG00000092931.13,198,245,112,434,705,51,514,263
ENSG00000092964.18,4150,3555,2866,3806,3675,323,1691,1410
ENSG00000092969.12,672,116,45,351,201,14,102,102
ENSG00000092978.12,137,118,70,279,289,15,143,66
ENSG00000093000.20,541,485,297,620,643,33,424,182
ENSG00000093009.12,0,2,19,9,12,3,0,0
ENSG00000093010.16,909,544,425,843,1364,232,597,1013
ENSG00000093072.20,211,322,244,526,1882,124,421,208
ENSG00000093144.20,552,392,278,1109,1567,104,1062,367
ENSG00000093167.19,1114,778,610,4415,4158,389,2834,1605
ENSG00000093183.15,554,491,314,1346,1207,78,650,459
ENSG00000093217.12,37,28,14,23,17,2,21,11
ENSG00000094631.23,682,380,572,848,1042,90,642,373
ENSG00000094661.3,1,1,4,0,4,0,0,0
ENSG00000094755.18,18,24,5,20,24,0,12,7
ENSG00000094796.5,0,0,0,0,0,0,0,0
ENSG00000094804.13,51,24,44,27,49,4,20,5
ENSG00000094841.15,90,107,39,283,399,32,160,143
ENSG00000094880.12,276,297,109,714,775,63,547,231
ENSG00000094914.15,645,283,660,751,1151,93,684,479
ENSG00000094916.17,1352,817,533,2831,2591,243,1446,681
ENSG00000094963.15,788,4549,2462,2374,3555,151,3340,735
ENSG00000094975.15,334,490,138,1364,799,61,541,173
ENSG00000095002.17,112,232,54,315,687,31,361,120
ENSG00000095015.7,173,475,132,328,537,28,306,101
ENSG00000095059.18,469,404,265,741,1029,138,436,564
ENSG00000095066.13,290,139,172,1323,1175,172,591,653
ENSG00000095110.10,0,0,0,2,0,0,0,0
ENSG00000095139.16,2187,1086,554,5016,3130,389,2135,1030
ENSG00000095203.16,49,126,37,420,403,38,150,121
ENSG00000095209.13,223,194,45,1453,1541,89,783,348
ENSG00000095261.15,419,287,187,488,520,50,382,153
ENSG00000095303.18,711,120,202,274,386,27,142,76
ENSG00000095319.15,844,247,354,1588,800,128,451,401
ENSG00000095321.19,396,588,341,1814,3126,500,1703,2480
ENSG00000095370.21,1003,1271,400,696,1032,141,592,1075
ENSG00000095380.12,703,255,259,780,796,125,359,404
ENSG00000095383.20,62,71,66,72,58,12,42,33
ENSG00000095397.19,55,28,35,11,31,2,23,20
ENSG00000095464.10,0,0,0,0,0,0,8,1
ENSG00000095485.19,201,209,175,371,578,44,274,169
ENSG00000095539.17,10,31,10,23,33,4,42,12
ENSG00000095564.16,347,393,333,826,954,26,777,220
ENSG00000095574.13,229,384,140,617,629,28,333,113
ENSG00000095585.19,2,42,26,4,65,2,50,0
ENSG00000095587.10,179,750,120,327,544,38,290,318
ENSG00000095596.12,0,4,0,0,1,0,0,0
ENSG00000095627.11,29,27,5,83,144,8,76,14
ENSG00000095637.24,2223,1203,764,27393,27838,3390,22313,9750
ENSG00000095713.15,18,11,21,85,108,8,51,24
ENSG00000095739.12,256,309,103,1014,558,66,400,311
ENSG00000095752.7,85,0,0,0,1,0,0,1
ENSG00000095777.18,0,1,1,0,3,0,2,1
ENSG00000095787.27,1914,1992,890,4782,4136,294,2444,1575
ENSG00000095794.21,607,1075,174,1483,1269,62,580,637
ENSG00000095906.18,240,273,233,184,673,90,318,512
ENSG00000095917.15,16,6,3,8,19,2,17,12
ENSG00000095932.7,1,52,18,0,1,0,0,3
ENSG00000095951.19,163,84,63,608,442,41,284,159
ENSG00000095970.18,11,10,18,10,17,4,6,4
ENSG00000095981.11,0,0,0,0,1,0,0,0
ENSG00000096006.12,0,0,4,0,1,0,0,0
ENSG00000096060.16,2600,593,1904,15545,2172,564,1913,1564
ENSG00000096063.17,379,234,212,829,750,63,399,155
ENSG00000096070.20,376,229,130,1677,924,102,524,356
ENSG00000096080.13,588,981,224,845,1309,162,503,915
ENSG00000096088.17,0,2,4,0,0,0,3,0
ENSG00000096092.7,109,105,39,115,247,16,109,53
ENSG00000096093.17,194,277,210,135,275,7,238,70
ENSG00000096150.9,0,0,0,30,0,0,92,23
ENSG00000096155.15,0,0,0,0,3,0,0,248
ENSG00000096264.14,0,0,0,0,0,0,0,0
ENSG00000096384.21,16926,8811,3775,33798,30156,3968,17284,15609
ENSG00000096395.12,0,0,0,0,0,0,0,0
ENSG00000096401.9,426,594,224,1557,1439,170,850,502
ENSG00000096433.12,1980,432,1175,862,991,51,466,332
ENSG00000096654.17,65,96,21,140,168,7,122,33
ENSG00000096696.17,631,576,225,30388,18579,3692,12565,4279
ENSG00000096717.13,146,455,117,614,579,38,347,209
ENSG00000096746.19,2443,1917,1073,5336,3973,276,2331,1734
ENSG00000096872.18,113,142,120,223,404,36,292,56
ENSG00000096968.15,305,331,113,2055,1420,82,745,436
ENSG00000096996.16,5,11,7,21,23,0,12,3
ENSG00000097007.21,2656,1015,1349,1949,1814,241,933,964
ENSG00000097021.22,533,110,121,136,248,59,103,184
ENSG00000097033.16,3020,1370,715,12102,4512,478,2795,1450
ENSG00000097046.14,147,42,60,178,55,0,29,9
ENSG00000097096.11,19,22,5,327,267,24,216,72
ENSG00000099139.15,220,182,254,188,369,22,236,117
ENSG00000099194.7,493,212,119,2500,1803,47,2690,116
ENSG00000099203.8,249,343,118,492,738,125,282,572
ENSG00000099204.23,4021,3851,3675,47869,35424,4933,24800,10942
ENSG00000099219.16,169,223,50,1000,1463,148,729,478
ENSG00000099246.20,819,690,325,2811,3034,222,1550,760
ENSG00000099250.19,2092,4697,958,6686,7998,601,3867,1757
ENSG00000099256.20,76,206,80,89,273,18,201,66
ENSG00000099260.13,1174,1869,728,4692,5021,567,2245,1570
ENSG00000099282.11,118,721,132,159,577,36,245,70
ENSG00000099284.15,147,116,57,414,481,80,217,216
ENSG00000099290.18,411,683,372,2492,2487,285,1825,811
ENSG00000099308.14,201,133,215,161,233,11,114,72
ENSG00000099326.10,155,80,146,131,205,19,173,119
ENSG00000099330.10,124,205,131,110,315,51,223,143
ENSG00000099331.15,1194,576,1018,1436,1501,160,722,404
ENSG00000099337.6,725,191,365,839,497,80,214,66
ENSG00000099338.23,10,7,33,11,14,3,5,3
ENSG00000099341.13,3047,1624,776,4435,4933,1717,2457,3491
ENSG00000099364.18,155,42,88,130,204,29,118,129
ENSG00000099365.12,6,8,26,35,37,2,22,14
ENSG00000099377.15,460,178,248,232,271,34,93,73
ENSG00000099381.20,359,184,243,534,621,82,301,278
ENSG00000099385.13,743,1457,962,584,1315,204,408,609
ENSG00000099399.6,0,0,0,0,0,0,0,1
ENSG00000099617.4,0,0,0,0,0,0,0,0
ENSG00000099622.15,1828,2700,4091,4348,8137,679,4512,3439
ENSG00000099624.9,1405,4746,1173,821,4579,1652,2735,6217
ENSG00000099625.15,54,9,8,13,12,11,24,26
ENSG00000099715.15,0,0,3,3,2,0,0,0
ENSG00000099721.16,0,0,0,0,0,0,0,0
ENSG00000099769.7,0,34,5,1,2,0,1,5
ENSG00000099783.14,1860,1228,978,3396,3402,427,1800,1765
ENSG00000099785.12,872,709,889,1557,2072,323,947,1056
ENSG00000099795.8,1231,3233,731,1052,4930,1033,2186,3966
ENSG00000099797.16,659,782,566,1176,1579,288,841,943
ENSG00000099800.9,621,823,327,412,1158,158,506,974
ENSG00000099804.10,635,669,825,1101,1633,302,864,1535
ENSG00000099810.22,313,276,109,652,730,45,474,220
ENSG00000099812.10,0,18,2,0,1,0,0,0
ENSG00000099814.18,370,86,224,698,478,92,286,280
ENSG00000099817.13,1031,761,695,1267,2772,614,1449,2165
ENSG00000099821.15,460,403,494,531,1094,240,621,904
ENSG00000099822.3,3,15,4,210,1005,56,86,750
ENSG00000099834.20,0,0,2,0,0,0,0,0
ENSG00000099840.14,8,25,28,15,73,6,38,16
ENSG00000099849.16,14,81,12,43,55,2,23,25
ENSG00000099860.11,2201,1306,1304,2139,937,157,475,484
ENSG00000099864.19,778,577,1141,268,901,150,518,576
ENSG00000099866.17,1,1,7,2,6,0,5,4
ENSG00000099875.17,1560,1368,1234,3483,5575,902,2950,3304
ENSG00000099889.15,109,191,80,282,643,81,327,341
ENSG00000099899.17,407,280,431,207,616,53,221,204
ENSG00000099901.19,802,415,320,468,659,96,502,399
ENSG00000099904.17,455,234,267,254,791,90,454,428
ENSG00000099910.18,124,189,174,271,744,50,331,372
ENSG00000099917.18,796,545,635,785,1279,220,606,576
ENSG00000099937.12,8,134,0,26,8,1,10,4
ENSG00000099940.13,394,349,240,1160,983,172,650,423
ENSG00000099942.14,988,532,359,3775,2383,288,1239,934
ENSG00000099949.23,1366,406,747,687,1066,89,572,449
ENSG00000099953.11,51,119,26,235,432,40,161,86
ENSG00000099954.20,167,78,89,523,374,24,263,113
ENSG00000099956.21,429,343,154,553,453,69,358,525
ENSG00000099957.18,1,40,11,20,70,1,81,26
ENSG00000099958.16,70,23,14,65,98,8,18,13
ENSG00000099960.14,0,4,0,0,10,1,12,3
ENSG00000099968.20,705,421,266,4333,3387,373,1465,1303
ENSG00000099974.9,10,0,29,0,0,21,47,164
ENSG00000099977.17,256,470,182,631,1218,73,0,145
ENSG00000099984.12,19,0,21,0,8,0,0,16
ENSG00000099985.4,6,6,23,11,17,0,0,5
ENSG00000099991.19,631,359,601,1167,1335,247,655,316
ENSG00000099992.17,216,264,106,212,244,26,110,124
ENSG00000099994.12,368,177,156,117,170,30,91,104
ENSG00000099995.20,931,867,412,2577,2296,371,1212,984
ENSG00000099998.20,1868,627,2719,766,901,167,502,619
ENSG00000099999.16,298,103,148,124,255,11,61,59
ENSG00000100003.18,494,37,33,48,16,1,14,11
ENSG00000100012.13,0,6,0,0,0,0,0,0
ENSG00000100014.21,827,442,380,2041,1637,177,888,679
ENSG00000100023.20,570,325,482,850,1122,160,685,527
ENSG00000100024.16,17,172,21,30,72,6,72,42
ENSG00000100027.17,44,120,63,189,433,32,214,120
ENSG00000100028.13,1272,902,659,2170,2947,288,1349,1084
ENSG00000100029.19,1073,384,416,818,655,107,260,375
ENSG00000100030.16,1097,806,496,3437,2878,332,1576,1203
ENSG00000100031.20,35,54,66,17,25,0,21,22
ENSG00000100033.18,8,79,94,3,55,3,8,50
ENSG00000100034.14,942,304,614,653,903,75,411,349
ENSG00000100036.13,91,17,46,71,103,21,51,42
ENSG00000100038.21,292,99,152,241,398,37,253,147
ENSG00000100053.10,7,2,6,2,4,0,0,0
ENSG00000100055.22,42,108,341,188,225,21,88,20
ENSG00000100056.13,191,192,153,198,365,67,213,215
ENSG00000100060.19,304,271,112,180,344,39,128,123
ENSG00000100065.16,262,573,130,235,733,42,316,309
ENSG00000100075.11,386,309,252,362,451,128,350,388
ENSG00000100077.17,53,65,74,315,296,15,241,102
ENSG00000100078.5,0,0,0,0,0,0,0,0
ENSG00000100079.7,2,10,8,6,17,0,10,2
ENSG00000100083.21,600,409,598,653,850,99,398,485
ENSG00000100084.15,410,159,137,905,754,70,252,505
ENSG00000100092.25,141,69,65,33,66,12,49,11
ENSG00000100095.20,17,17,0,8,37,0,10,9
ENSG00000100097.13,8883,8816,3990,4760,7948,1744,3316,4808
ENSG00000100099.23,264,199,312,309,409,17,259,156
ENSG00000100100.15,176,545,487,285,1101,53,242,309
ENSG00000100101.15,0,0,0,0,0,0,0,0
ENSG00000100104.14,298,253,191,748,732,94,420,336
ENSG00000100105.19,220,255,220,300,658,105,322,220
ENSG00000100106.22,2021,1619,1427,2645,3043,671,1307,1353
ENSG00000100109.18,352,357,229,822,738,145,406,342
ENSG00000100116.18,185,478,112,825,1353,195,507,881
ENSG00000100121.14,0,2,0,0,0,0,0,0
ENSG00000100122.8,3,5,13,1,8,2,0,0
ENSG00000100124.16,348,220,235,413,459,50,166,244
ENSG00000100129.18,2146,3365,3228,6956,8338,885,3235,3548
ENSG00000100138.15,2497,1668,841,3186,4075,548,1867,2520
ENSG00000100139.15,535,219,104,700,497,65,217,229
ENSG00000100142.17,613,530,283,624,1138,181,515,912
ENSG00000100146.21,36,47,133,64,124,20,68,93
ENSG00000100147.16,69,64,44,204,283,16,132,110
ENSG00000100150.21,129,97,88,294,291,39,192,112
ENSG00000100151.17,151,165,162,432,756,98,430,401
ENSG00000100154.15,247,362,255,796,743,97,543,353
ENSG00000100156.13,1,1,5,0,1,5,1,5
ENSG00000100162.17,6,2,24,4,7,1,6,1
ENSG00000100167.21,2,2,4,1,7,0,2,4
ENSG00000100170.11,298,509,125,9439,7783,994,3898,3156
ENSG00000100191.6,4,0,0,5,22,0,14,1
ENSG00000100196.12,818,284,173,300,297,38,99,55
ENSG00000100197.24,0,31,3,4,3,0,16,11
ENSG00000100201.23,6450,6127,5524,7731,10582,245,8687,2189
ENSG00000100206.12,2,5,6,11,30,1,11,9
ENSG00000100207.21,38,24,7,36,77,12,24,11
ENSG00000100209.12,86,163,65,144,192,15,101,65
ENSG00000100211.13,368,495,288,777,1178,74,519,638
ENSG00000100216.7,965,837,373,1549,1823,224,768,984
ENSG00000100218.12,2,12,5,1,1,0,0,0
ENSG00000100219.18,2117,934,627,2320,2161,341,1126,935
ENSG00000100220.13,669,600,261,1737,1551,229,822,739
ENSG00000100221.12,1310,927,555,1474,1176,81,605,821
ENSG00000100225.19,1187,935,3550,1612,1376,156,748,687
ENSG00000100226.17,745,581,548,1344,1363,174,637,642
ENSG00000100227.20,1371,663,669,1883,1884,149,664,749
ENSG00000100228.15,64,57,59,51,28,2,16,15
ENSG00000100234.13,33125,9606,8652,14969,19786,2372,11881,8584
ENSG00000100239.17,604,391,522,1319,1782,250,777,784
ENSG00000100241.23,831,299,537,1442,1892,354,763,1044
ENSG00000100242.17,1939,979,1301,4669,3622,965,1933,1909
ENSG00000100243.23,3136,3173,1521,9297,8794,2168,4647,5868
ENSG00000100246.14,119,152,113,140,422,31,195,226
ENSG00000100249.5,0,0,0,0,3,0,0,0
ENSG00000100253.14,2,29,4,1,0,1,0,0
ENSG00000100258.19,733,534,805,363,910,96,555,470
ENSG00000100263.15,166,100,176,61,273,27,146,177
ENSG00000100266.20,958,890,720,3040,2437,387,1355,1333
ENSG00000100271.18,49,57,43,175,243,43,117,137
ENSG00000100276.11,54,85,32,17,22,5,35,56
ENSG00000100280.18,746,434,518,1333,1599,340,628,703
ENSG00000100281.15,175,184,117,353,451,33,269,135
ENSG00000100284.23,411,556,487,817,1557,331,818,1043
ENSG00000100285.10,18,1,2,10,14,5,5,3
ENSG00000100288.21,657,648,982,517,1076,26,525,327
ENSG00000100290.4,2,1,3,6,3,0,3,1
ENSG00000100292.18,150,76,839,147,195,128,96,65
ENSG00000100294.14,161,184,72,314,342,68,178,201
ENSG00000100296.15,303,190,263,814,969,145,369,343
ENSG00000100297.17,106,139,150,220,406,43,203,127
ENSG00000100298.16,1,15,5,3,5,0,4,0
ENSG00000100299.19,415,468,381,375,830,58,370,276
ENSG00000100300.19,795,758,525,489,1244,214,535,1182
ENSG00000100302.8,86,121,123,228,281,51,154,137
ENSG00000100304.13,468,84,181,337,349,81,329,339
ENSG00000100307.14,610,639,700,3094,4318,322,1455,1815
ENSG00000100311.18,1121,790,197,710,1238,96,472,545
ENSG00000100312.11,9,13,8,6,6,0,10,4
ENSG00000100314.5,0,1,1,0,1,0,28,18
ENSG00000100316.17,17790,18799,21083,7698,14324,1674,4566,6329
ENSG00000100319.14,138,228,97,178,358,70,183,220
ENSG00000100320.25,1055,877,647,3562,3091,320,2250,1102
ENSG00000100321.16,277,339,227,784,1148,157,513,777
ENSG00000100324.15,307,229,204,487,957,132,411,431
ENSG00000100325.16,830,453,723,965,1131,155,540,306
ENSG00000100330.17,688,405,483,2089,1519,151,787,585
ENSG00000100335.16,414,150,187,1056,983,127,548,341
ENSG00000100336.19,197,3,143,514,313,23,81,64
ENSG00000100341.14,0,0,0,0,0,0,0,0
ENSG00000100342.23,1687,1207,802,1702,1227,106,345,415
ENSG00000100344.12,0,0,0,4,3,0,10,0
ENSG00000100345.24,13101,5829,3685,12125,10875,2182,5302,4376
ENSG00000100346.18,0,0,5,1,2,0,0,2
ENSG00000100347.16,443,711,259,1836,2590,421,1126,1204
ENSG00000100348.11,882,1242,551,2216,4095,511,1671,2148
ENSG00000100350.17,42,93,61,271,427,51,368,186
ENSG00000100351.18,4,42,27,26,41,4,9,5
ENSG00000100353.19,1723,1126,1038,3213,2976,478,1392,1383
ENSG00000100354.23,290,262,218,1776,1503,98,1012,475
ENSG00000100359.22,615,294,415,505,1145,114,478,532
ENSG00000100360.16,184,339,135,266,504,66,245,228
ENSG00000100362.14,1,13,3,0,1,0,0,0
ENSG00000100364.20,908,255,517,649,738,101,412,310
ENSG00000100365.16,50,44,333,126,103,9,113,24
ENSG00000100368.16,35,62,151,141,165,10,46,18
ENSG00000100372.16,179,188,115,166,190,10,83,56
ENSG00000100373.11,0,0,0,3,7,0,1,3
ENSG00000100376.13,213,186,260,363,832,30,1042,143
ENSG00000100379.19,427,123,190,165,210,34,36,84
ENSG00000100380.16,2189,2003,1349,6510,7197,678,4172,2507
ENSG00000100385.16,4,113,5,26,78,2,33,3
ENSG00000100387.10,969,901,592,1163,1546,120,680,694
ENSG00000100393.17,401,334,330,2309,1797,168,1292,539
ENSG00000100395.16,406,273,280,627,781,113,414,383
ENSG00000100399.17,55,226,65,50,242,68,140,192
ENSG00000100401.22,1531,373,564,1542,1528,253,706,758
ENSG00000100403.13,950,407,452,2383,2653,369,1427,1189
ENSG00000100410.9,371,319,119,422,511,31,232,214
ENSG00000100412.18,2183,2782,740,29273,36167,6098,18339,20552
ENSG00000100413.18,703,195,345,576,562,81,1460,325
ENSG00000100416.16,346,208,275,486,659,62,421,306
ENSG00000100417.13,215,214,174,203,535,75,298,201
ENSG00000100418.9,952,607,311,1896,2107,287,1051,930
ENSG00000100422.15,1349,490,647,5994,3263,296,1293,1526
ENSG00000100425.21,237,260,179,510,703,71,540,389
ENSG00000100426.9,270,73,62,417,285,38,161,170
ENSG00000100427.17,3,6,1,6,17,0,0,0
ENSG00000100429.19,90,113,155,49,177,20,96,59
ENSG00000100433.17,3,4,0,2,10,1,2,1
ENSG00000100439.12,369,231,218,621,866,83,439,528
ENSG00000100441.11,970,534,973,1583,1368,95,891,478
ENSG00000100442.12,1257,1097,638,2180,3650,394,2052,1215
ENSG00000100445.19,639,358,574,842,1435,135,749,763
ENSG00000100448.5,13,20,19,71,56,2,22,31
ENSG00000100450.14,14,126,1,11,39,3,11,5
ENSG00000100453.15,23,110,2,30,28,2,10,7
ENSG00000100461.19,747,728,345,1179,1260,115,702,717
ENSG00000100462.17,904,339,297,1256,1349,189,682,488
ENSG00000100473.19,48,69,40,37,55,4,66,14
ENSG00000100478.18,154,154,52,227,356,22,182,89
ENSG00000100479.15,19,15,16,16,13,1,9,4
ENSG00000100483.15,128,204,113,130,132,5,72,26
ENSG00000100485.13,389,542,162,2073,2219,157,1524,635
ENSG00000100490.11,159,65,87,99,73,24,63,36
ENSG00000100503.28,397,500,238,1392,1481,59,756,240
ENSG00000100504.18,430,209,615,345,263,19,335,89
ENSG00000100505.15,78,38,65,32,31,5,44,18
ENSG00000100519.13,884,918,389,1655,2850,238,1440,793
ENSG00000100522.11,1085,242,228,492,316,24,199,115
ENSG00000100523.18,263,318,212,512,503,20,427,104
ENSG00000100526.22,35,13,101,48,65,6,24,20
ENSG00000100528.13,896,710,443,1451,2037,131,952,526
ENSG00000100532.14,158,226,99,291,324,19,187,94
ENSG00000100554.12,837,696,283,3217,4483,538,2340,1962
ENSG00000100557.11,1,29,0,0,4,0,0,1
ENSG00000100558.10,3,7,89,10,16,2,22,0
ENSG00000100564.10,271,289,157,323,333,22,189,147
ENSG00000100565.16,0,0,1,0,0,0,0,0
ENSG00000100567.14,1125,867,436,2041,2335,194,1420,773
ENSG00000100568.12,1454,1190,878,2903,2946,359,1463,1234
ENSG00000100575.15,559,275,208,374,504,41,211,167
ENSG00000100577.20,56,192,50,257,329,58,153,298
ENSG00000100578.18,144,155,98,424,406,29,277,122
ENSG00000100580.9,191,187,137,516,488,35,281,103
ENSG00000100583.5,3,6,1,7,7,1,5,1
ENSG00000100591.9,2354,742,444,3088,3085,428,1589,2358
ENSG00000100592.16,420,639,331,2320,2053,166,1460,416
ENSG00000100593.19,0,0,0,0,0,0,0,0
ENSG00000100596.9,469,669,307,1029,918,99,413,293
ENSG00000100599.17,263,276,384,491,512,91,182,231
ENSG00000100600.16,1080,724,552,3451,3016,338,1854,1187
ENSG00000100601.11,116,162,71,393,410,47,251,198
ENSG00000100603.15,666,771,340,1204,1391,180,896,590
ENSG00000100604.14,0,0,0,0,3,0,1,0
ENSG00000100605.18,1049,492,656,2665,2384,605,1704,1501
ENSG00000100612.15,809,774,264,1160,992,91,542,302
ENSG00000100614.19,800,863,638,4709,3823,274,1978,1166
ENSG00000100625.9,38,14,3,60,38,0,12,15
ENSG00000100626.18,1029,737,497,3119,5647,546,2633,2032
ENSG00000100628.13,210,678,79,1077,3730,127,462,1357
ENSG00000100629.18,10,38,13,94,131,5,57,28
ENSG00000100632.12,1417,1079,797,1448,1768,147,816,713
ENSG00000100644.18,636,499,310,4067,2094,255,1341,513
ENSG00000100647.9,638,397,240,1969,1254,100,596,559
ENSG00000100650.17,1731,1908,2763,3652,3875,302,4353,1370
ENSG00000100652.6,0,102,0,0,1,0,0,0
ENSG00000100664.11,3709,1823,1348,8645,5932,332,3646,2054
ENSG00000100665.13,0,68,0,0,0,0,0,0
ENSG00000100678.21,1,2,2,3,10,0,0,2
ENSG00000100697.18,652,543,352,1667,1279,61,1112,364
ENSG00000100711.15,569,527,360,873,1426,97,726,616
ENSG00000100714.19,450,305,142,1751,2184,318,1237,915
ENSG00000100721.11,0,1,2,0,4,0,3,0
ENSG00000100722.21,601,539,376,1313,1270,95,827,377
ENSG00000100726.16,217,188,262,139,507,103,319,356
ENSG00000100731.16,547,501,276,3365,2158,180,1325,501
ENSG00000100739.12,7,3,21,3,2,0,8,4
ENSG00000100744.16,152,209,86,260,322,16,197,90
ENSG00000100749.10,64,134,72,131,195,12,105,67
ENSG00000100764.15,1650,1329,774,3415,4681,578,2363,1644
ENSG00000100767.18,125,227,453,78,191,5,184,31
ENSG00000100784.13,31,67,39,372,413,14,267,120
ENSG00000100796.19,772,790,467,1992,1562,104,1029,573
ENSG00000100802.16,52,79,102,76,184,16,74,73
ENSG00000100804.20,1375,1063,542,2507,3371,459,1523,1720
ENSG00000100811.15,1265,1053,656,2803,2370,255,1277,991
ENSG00000100813.16,2149,1090,1318,2779,2873,300,1896,729
ENSG00000100814.20,668,684,483,1421,2400,154,1104,1002
ENSG00000100815.13,390,323,157,1645,1237,81,912,368
ENSG00000100823.13,1075,384,564,1688,2010,260,1167,964
ENSG00000100836.12,3412,2146,3323,2762,3010,197,1985,1227
ENSG00000100842.14,377,233,259,91,284,20,187,104
ENSG00000100852.15,938,805,221,6527,3839,212,2206,694
ENSG00000100865.15,370,384,200,405,765,131,449,422
ENSG00000100867.16,0,5,0,0,0,0,0,0
ENSG00000100883.14,460,308,190,1097,1201,141,811,470
ENSG00000100884.11,0,3,0,0,3,0,3,1
ENSG00000100888.16,480,499,327,1713,1164,139,806,407
ENSG00000100889.13,170,239,144,101,145,17,85,17
ENSG00000100890.17,250,147,78,645,838,102,460,253
ENSG00000100897.19,499,470,493,2260,3167,380,1415,1327
ENSG00000100902.12,1642,2137,600,2641,3456,328,1698,1305
ENSG00000100906.13,2797,6978,1550,3289,1593,150,1254,1337
ENSG00000100908.15,185,148,167,133,174,20,96,128
ENSG00000100911.17,1834,1120,866,2205,1784,235,777,695
ENSG00000100916.15,107,150,53,662,540,40,327,179
ENSG00000100918.15,77,103,156,65,93,4,65,27
ENSG00000100926.16,975,371,339,750,767,25,399,375
ENSG00000100934.16,797,538,180,3394,2512,240,1631,707
ENSG00000100938.20,433,419,306,601,862,107,388,458
ENSG00000100941.10,1421,1105,1238,1463,1717,87,1587,395
ENSG00000100949.16,171,165,118,498,564,77,139,314
ENSG00000100968.14,1278,438,2191,314,610,43,351,248
ENSG00000100979.16,1627,1322,1957,1050,2052,236,1214,708
ENSG00000100982.13,413,305,311,768,1109,125,497,470
ENSG00000100983.13,373,220,232,667,760,99,399,382
ENSG00000100985.8,15,17,561,30,19,6,5,2
ENSG00000100987.15,3,0,0,3,0,0,0,1
ENSG00000100991.13,1170,658,693,1944,1799,221,993,702
ENSG00000100994.13,2112,1426,1022,7300,12022,2771,5632,5778
ENSG00000100997.21,505,273,337,599,695,125,358,470
ENSG00000101000.7,861,285,380,308,417,42,182,226
ENSG00000101003.12,8,1,17,19,29,2,14,8
ENSG00000101004.17,59,49,64,43,176,4,244,125
ENSG00000101017.16,422,288,184,385,272,25,145,99
ENSG00000101019.23,647,409,274,3293,3648,259,1908,1588
ENSG00000101040.21,566,456,409,924,834,104,481,354
ENSG00000101049.19,12,31,11,16,28,0,62,3
ENSG00000101052.14,211,314,172,179,302,25,138,90
ENSG00000101057.17,15,8,174,10,13,2,0,0
ENSG00000101074.5,0,0,0,0,0,0,0,0
ENSG00000101076.21,0,38,14,0,0,0,0,0
ENSG00000101079.22,477,466,195,1340,1669,112,1083,472
ENSG00000101082.15,22,40,6,14,28,2,15,12
ENSG00000101084.20,727,514,362,1001,1146,185,730,637
ENSG00000101096.21,152,99,50,261,204,20,128,38
ENSG00000101098.13,2,2,0,5,8,0,1,3
ENSG00000101104.14,188,43,96,22,88,0,36,17
ENSG00000101109.15,320,296,219,569,461,29,314,108
ENSG00000101115.13,2,5,13,7,7,1,1,0
ENSG00000101126.19,736,846,414,1564,1778,171,935,631
ENSG00000101132.12,260,329,139,328,578,36,376,244
ENSG00000101134.13,128,60,24,122,333,33,80,62
ENSG00000101138.13,201,250,130,568,591,69,371,246
ENSG00000101144.13,17,52,9,89,358,92,293,82
ENSG00000101146.14,273,239,129,423,558,67,288,202
ENSG00000101150.19,1982,1227,1349,2518,3495,318,1531,1478
ENSG00000101152.13,925,307,503,1898,1815,352,915,961
ENSG00000101158.16,562,331,376,909,827,67,587,440
ENSG00000101160.16,2087,2491,1748,4188,4295,664,1916,2627
ENSG00000101161.9,808,602,609,1760,2241,422,1166,1147
ENSG00000101162.4,9,13,7,18,27,0,1,3
ENSG00000101166.17,638,386,197,1228,1216,59,646,324
ENSG00000101180.18,0,0,0,0,0,0,0,0
ENSG00000101181.19,349,203,311,541,825,95,485,448
ENSG00000101182.16,2686,1754,1067,3543,4274,638,1952,2671
ENSG00000101187.17,1175,265,794,619,87,26,69,336
ENSG00000101188.5,12,0,3,0,1,0,4,0
ENSG00000101189.8,215,174,155,341,405,37,179,224
ENSG00000101190.14,115,128,81,181,275,23,135,90
ENSG00000101191.18,622,459,559,1208,1578,235,1304,682
ENSG00000101193.9,796,409,415,875,1112,88,517,448
ENSG00000101194.19,587,14,67,40,33,5,12,3
ENSG00000101197.13,1,7,1,0,7,0,0,2
ENSG00000101198.15,0,0,2,1,3,0,0,0
ENSG00000101199.14,1347,386,991,496,1062,74,540,482
ENSG00000101200.5,0,0,0,0,0,0,0,0
ENSG00000101203.18,0,0,0,0,2,0,0,0
ENSG00000101204.18,4,1,0,0,24,1,7,3
ENSG00000101210.16,7241,2499,1135,16811,33566,10069,12867,22724
ENSG00000101213.8,1,3,4,2,4,0,0,1
ENSG00000101216.12,345,95,197,243,294,49,150,169
ENSG00000101220.19,356,209,369,172,323,41,197,168
ENSG00000101222.13,1,3,3,1,5,0,0,1
ENSG00000101224.19,572,374,910,396,473,21,218,141
ENSG00000101230.6,25,156,30,46,127,8,38,6
ENSG00000101236.18,886,257,577,511,399,27,177,111
ENSG00000101246.21,721,691,712,491,1218,134,554,660
ENSG00000101247.19,225,220,128,889,1047,87,593,491
ENSG00000101251.13,36,2,0,8,12,1,5,2
ENSG00000101255.14,193,144,145,72,69,13,16,32
ENSG00000101265.17,115,137,221,223,247,14,142,63
ENSG00000101266.20,1360,691,453,3836,3376,429,2106,1119
ENSG00000101276.19,233,102,186,134,72,14,18,26
ENSG00000101280.9,3,8,7,3,5,0,14,5
ENSG00000101282.10,1,1,9,0,2,0,10,0
ENSG00000101290.15,864,927,375,4179,3564,358,2221,1612
ENSG00000101292.8,0,0,0,0,1,0,0,3
ENSG00000101294.21,2746,644,762,1300,1073,189,590,651
ENSG00000101298.16,142,72,93,266,456,54,190,241
ENSG00000101306.12,0,6,2,15,14,2,6,6
ENSG00000101307.17,18,9,194,36,52,1,15,7
ENSG00000101310.18,419,159,123,384,357,43,227,141
ENSG00000101311.18,29,54,9,24,27,0,57,8
ENSG00000101323.6,0,76,0,0,0,0,0,0
ENSG00000101327.9,0,0,0,0,0,0,0,0
ENSG00000101331.18,352,780,428,223,436,45,206,198
ENSG00000101333.20,243,588,170,935,1384,112,1014,249
ENSG00000101335.11,15180,17822,7643,39198,39857,10547,14453,17088
ENSG00000101336.18,68,37,266,283,120,25,74,36
ENSG00000101337.17,1029,325,420,1744,1436,204,908,644
ENSG00000101342.11,0,2,2,0,3,0,10,8
ENSG00000101343.16,236,319,222,588,731,57,410,248
ENSG00000101346.16,704,314,296,1451,1737,198,732,500
ENSG00000101347.12,1315,976,1143,3502,1856,189,844,449
ENSG00000101349.18,0,0,0,0,0,0,0,0
ENSG00000101350.9,670,523,378,719,772,53,370,220
ENSG00000101353.16,35,48,22,97,40,6,0,12
ENSG00000101361.18,1609,519,756,1289,1092,133,694,269
ENSG00000101363.14,678,488,480,608,720,69,420,404
ENSG00000101365.23,1028,910,533,3832,5516,634,3032,2758
ENSG00000101367.10,1586,1077,455,3187,2209,188,1118,798
ENSG00000101384.13,1157,1680,648,2249,1973,133,1092,599
ENSG00000101391.22,359,383,240,615,738,70,385,318
ENSG00000101400.7,1764,4143,964,4859,9668,1291,3344,4729
ENSG00000101405.3,1,4,3,0,2,0,0,0
ENSG00000101407.14,212,149,157,480,466,50,300,153
ENSG00000101412.14,27,24,79,45,76,3,24,16
ENSG00000101413.13,455,263,178,1900,1334,150,912,396
ENSG00000101417.13,58,207,114,251,597,51,281,174
ENSG00000101421.5,2156,1355,960,4492,3480,846,1566,1898
ENSG00000101425.16,1,6,48,4,6,0,0,5
ENSG00000101435.5,0,0,0,0,0,0,0,0
ENSG00000101438.4,0,0,0,0,0,0,0,2
ENSG00000101439.10,9383,10434,7640,6380,8003,2009,3858,6758
ENSG00000101440.11,8,31,12,27,64,14,33,102
ENSG00000101441.5,0,0,0,0,0,0,0,0
ENSG00000101442.11,133,113,135,133,115,10,88,41
ENSG00000101443.19,12,37,9,10,3,1,6,7
ENSG00000101444.13,1403,800,503,1567,2484,332,905,1139
ENSG00000101445.11,187,108,50,168,283,10,94,50
ENSG00000101446.8,0,0,0,0,0,0,0,0
ENSG00000101447.15,1,4,23,28,25,3,6,6
ENSG00000101448.14,0,0,0,0,0,0,0,0
ENSG00000101452.16,120,103,86,361,598,26,406,257
ENSG00000101457.14,334,336,156,418,586,71,257,316
ENSG00000101460.14,392,1101,957,326,1047,293,554,1151
ENSG00000101463.7,69,79,14,605,872,125,194,563
ENSG00000101464.12,312,298,184,425,517,55,279,232
ENSG00000101470.10,10,16,32,2,11,0,4,10
ENSG00000101473.18,242,323,131,297,641,102,242,355
ENSG00000101474.13,991,578,384,1149,1152,125,749,540
ENSG00000101489.21,4,2,5,4,10,0,2,4
ENSG00000101493.12,197,157,160,643,445,24,286,185
ENSG00000101542.10,0,0,0,10,2,0,9,1
ENSG00000101544.10,180,192,114,294,393,46,235,132
ENSG00000101546.13,199,180,109,501,609,82,202,297
ENSG00000101557.16,817,680,332,1982,1926,155,1165,608
ENSG00000101558.15,2041,1653,860,6196,4226,447,2741,1629
ENSG00000101574.16,114,157,76,257,288,20,181,53
ENSG00000101577.12,287,165,461,683,473,32,280,191
ENSG00000101596.18,461,543,270,1356,1483,85,1053,365
ENSG00000101605.15,2205,3879,2004,46371,39510,6783,22396,18647
ENSG00000101608.14,86024,12554,3266,40943,42615,8050,22475,30269
ENSG00000101624.12,28,42,35,92,104,8,97,31
ENSG00000101638.15,24,81,21,210,375,55,94,327
ENSG00000101639.20,82,115,43,294,790,32,758,255
ENSG00000101654.19,341,216,243,1596,1214,103,779,596
ENSG00000101665.11,704,384,112,326,921,73,457,351
ENSG00000101670.13,1139,18,12,33,9,0,0,0
ENSG00000101680.17,86,6,30,31,5,3,0,2
ENSG00000101695.11,94,233,55,359,344,13,147,55
ENSG00000101745.18,354,619,210,1423,1030,52,922,122
ENSG00000101746.17,3,4,0,0,1,2,2,0
ENSG00000101751.12,193,310,225,420,489,24,422,92
ENSG00000101752.14,350,368,148,1242,1062,48,710,221
ENSG00000101773.20,242,229,110,330,244,19,120,80
ENSG00000101782.16,504,470,582,2296,1972,174,1063,563
ENSG00000101811.16,132,63,43,188,278,42,119,126
ENSG00000101812.15,1,3,3,1,0,0,0,0
ENSG00000101825.8,1983,558,97,2435,1878,115,529,261
ENSG00000101842.14,3,6,1,10,4,0,0,0
ENSG00000101843.20,483,463,186,478,613,45,281,182
ENSG00000101844.19,350,311,164,676,802,75,381,246
ENSG00000101846.10,341,212,147,576,488,39,245,110
ENSG00000101849.19,239,147,203,951,531,66,338,288
ENSG00000101850.14,1,2,0,0,6,0,3,0
ENSG00000101856.11,740,1258,480,543,933,65,553,245
ENSG00000101868.14,148,125,58,375,362,21,155,88
ENSG00000101871.18,222,226,178,1207,397,34,200,99
ENSG00000101882.11,315,295,162,282,516,63,316,90
ENSG00000101883.7,0,23,1,10,16,0,4,6
ENSG00000101888.13,57,81,36,54,78,6,41,9
ENSG00000101890.5,0,0,0,0,0,0,0,0
ENSG00000101892.13,0,1,0,30,13,0,8,0
ENSG00000101898.8,121,12,16,155,89,12,65,32
ENSG00000101901.14,413,408,275,489,650,42,472,170
ENSG00000101911.14,220,224,135,113,142,8,67,28
ENSG00000101916.12,0,2,19,39,49,3,8,3
ENSG00000101928.14,285,247,77,992,770,41,343,254
ENSG00000101935.13,89,73,39,50,70,4,48,13
ENSG00000101938.16,75,90,129,141,456,6,1005,129
ENSG00000101940.19,1493,1087,1274,1618,2661,477,1104,1864
ENSG00000101945.18,53,49,70,150,178,35,80,74
ENSG00000101951.19,0,0,0,0,0,0,0,0
ENSG00000101955.16,6060,787,1353,1910,1577,180,641,597
ENSG00000101958.14,1,0,0,1,3,0,0,0
ENSG00000101966.15,429,341,198,1354,1255,84,762,364
ENSG00000101972.21,725,987,451,1692,1798,96,1014,372
ENSG00000101974.15,171,180,108,319,207,10,208,56
ENSG00000101977.22,4,4,10,10,19,1,36,2
ENSG00000101981.12,1,139,0,0,0,0,0,0
ENSG00000101986.13,129,80,82,275,553,175,217,336
ENSG00000101997.14,199,177,147,243,405,46,201,229
ENSG00000102001.13,5,6,13,1,6,0,2,1
ENSG00000102003.13,34,59,46,36,99,8,49,48
ENSG00000102007.12,2773,539,1029,2948,1124,191,471,406
ENSG00000102010.16,25,34,27,76,112,8,42,26
ENSG00000102021.11,0,0,0,0,0,0,0,0
ENSG00000102024.20,1457,2739,764,1848,3205,138,1504,741
ENSG00000102030.17,1634,924,684,912,1119,220,452,637
ENSG00000102032.14,27,54,116,84,230,34,106,109
ENSG00000102034.19,444,115,188,204,230,20,102,87
ENSG00000102038.17,229,420,143,1835,1523,148,1050,455
ENSG00000102043.16,7,4,4,9,10,1,0,3
ENSG00000102048.17,12,59,18,41,40,3,13,11
ENSG00000102053.14,16,39,11,16,29,2,30,8
ENSG00000102054.19,779,832,552,3039,3919,448,2389,1620
ENSG00000102055.7,0,0,0,1,0,0,0,0
ENSG00000102057.12,48,14,28,14,39,4,26,3
ENSG00000102076.10,0,0,1,0,0,0,0,0
ENSG00000102078.16,84,80,78,110,138,11,86,49
ENSG00000102081.17,391,616,252,949,1300,78,744,307
ENSG00000102096.10,81,88,99,74,112,12,66,29
ENSG00000102098.20,39,16,19,79,43,4,23,18
ENSG00000102100.17,355,122,125,256,305,31,141,144
ENSG00000102103.19,781,717,600,1168,1163,183,553,455
ENSG00000102104.9,0,2,0,0,0,0,0,0
ENSG00000102109.10,0,11,0,1,3,1,5,1
ENSG00000102119.13,889,727,625,1174,1417,197,756,846
ENSG00000102125.18,532,491,811,519,1104,161,543,686
ENSG00000102128.8,1,0,3,2,1,0,0,3
ENSG00000102144.16,2824,1859,1006,15585,14581,1671,6778,5545
ENSG00000102145.16,18,6,151,2,2,0,0,0
ENSG00000102158.23,1350,945,280,3261,2911,175,1388,722
ENSG00000102172.17,1052,587,428,1369,2016,201,1140,551
ENSG00000102174.10,4,2,1,33,11,0,5,0
ENSG00000102178.13,847,555,399,1710,2310,328,873,950
ENSG00000102181.23,829,651,456,2778,3897,611,1380,2023
ENSG00000102189.18,378,328,146,1558,876,49,740,109
ENSG00000102195.10,0,0,0,0,0,0,0,0
ENSG00000102218.7,70,108,33,213,222,7,71,54
ENSG00000102221.14,94,88,33,458,319,23,195,104
ENSG00000102225.18,1647,889,785,3948,4911,868,1964,3055
ENSG00000102226.11,656,444,438,1609,1477,187,768,792
ENSG00000102230.14,3,3,0,7,20,0,0,1
ENSG00000102239.5,0,0,0,0,0,0,0,0
ENSG00000102241.13,722,576,392,3674,3628,373,1946,1163
ENSG00000102243.14,0,4,0,0,0,0,0,0
ENSG00000102245.9,1,3,0,2,5,2,3,1
ENSG00000102265.13,69763,2034,14468,4483,2377,363,551,699
ENSG00000102271.15,9,31,3,21,83,9,16,10
ENSG00000102287.19,480,249,244,846,699,81,1167,266
ENSG00000102290.23,1,1,0,2,2,0,2,0
ENSG00000102302.9,228,128,122,233,342,21,174,113
ENSG00000102309.16,262,438,322,273,567,61,235,223
ENSG00000102312.25,224,121,101,310,336,56,137,138
ENSG00000102313.9,0,0,0,0,1,0,0,0
ENSG00000102316.18,1405,1450,655,3269,4171,386,1850,1478
ENSG00000102317.19,1547,1679,2836,4676,3365,521,1816,989
ENSG00000102349.19,256,151,122,185,298,7,166,85
ENSG00000102359.9,3302,314,1166,567,391,55,124,142
ENSG00000102362.17,177,243,135,128,175,9,84,78
ENSG00000102383.15,38,73,32,62,208,11,138,50
ENSG00000102384.15,7,5,15,12,30,1,6,5
ENSG00000102385.14,4,14,4,6,21,1,12,3
ENSG00000102387.16,0,0,3,1,0,0,0,0
ENSG00000102390.13,306,243,141,408,291,55,162,94
ENSG00000102393.15,186,133,105,285,242,22,125,71
ENSG00000102401.21,854,835,398,2353,2851,249,1394,763
ENSG00000102409.11,314,409,271,882,1464,148,620,596
ENSG00000102445.21,11,17,23,22,43,1,33,1
ENSG00000102452.19,29,42,27,194,183,27,123,79
ENSG00000102466.17,36,11,7,151,283,13,206,48
ENSG00000102468.12,1,7,1,4,8,0,3,2
ENSG00000102471.16,254,240,95,1106,929,69,688,373
ENSG00000102524.12,22,101,95,81,116,1,31,7
ENSG00000102531.17,713,561,239,2006,1254,68,846,408
ENSG00000102539.6,5,0,5,9,4,0,1,0
ENSG00000102543.15,115,194,105,322,355,26,185,121
ENSG00000102547.20,387,345,229,1171,912,84,578,281
ENSG00000102554.15,188,134,96,171,115,6,41,41
ENSG00000102572.16,900,696,538,2633,2714,344,1370,970
ENSG00000102575.15,17,53,134,37,77,4,33,15
ENSG00000102580.16,1335,484,354,1900,1487,96,811,414
ENSG00000102595.23,381,188,232,472,406,26,247,97
ENSG00000102606.21,1165,1087,728,1953,1982,172,1167,828
ENSG00000102678.7,58,37,27,141,250,29,143,82
ENSG00000102683.9,262,616,120,3345,3601,282,1555,1680
ENSG00000102699.7,488,385,279,1100,1410,160,1147,358
ENSG00000102710.22,393,308,196,731,736,45,647,309
ENSG00000102738.9,272,313,126,618,824,99,545,284
ENSG00000102743.17,110,75,12,274,230,21,118,66
ENSG00000102753.11,717,378,148,2646,2372,234,1353,651
ENSG00000102755.14,3051,6015,416,4970,3993,466,2335,1687
ENSG00000102760.14,1270,2980,370,961,1100,78,993,1011
ENSG00000102763.19,189,147,64,2063,2281,272,1551,592
ENSG00000102780.18,317,447,146,985,564,11,554,139
ENSG00000102781.15,309,221,129,1547,1234,95,764,264
ENSG00000102786.16,466,545,221,816,912,74,602,328
ENSG00000102794.11,0,0,0,0,0,0,0,0
ENSG00000102796.13,65,215,181,176,317,35,171,174
ENSG00000102802.11,1058,188,512,436,315,45,103,157
ENSG00000102804.17,2345,7937,833,12011,10875,706,6334,3221
ENSG00000102805.16,313,455,307,556,735,49,360,217
ENSG00000102837.7,3,29,228,3,23,0,5,4
ENSG00000102854.17,3,16,0,0,146,0,54,15
ENSG00000102858.14,530,160,248,1059,1073,182,665,589
ENSG00000102870.7,283,177,309,1180,1673,290,766,566
ENSG00000102871.17,239,124,215,143,203,32,117,104
ENSG00000102878.19,151,146,324,105,639,13,322,134
ENSG00000102879.18,148,180,369,166,247,35,106,26
ENSG00000102882.13,1062,979,796,1119,1511,164,656,741
ENSG00000102886.15,169,124,210,23,130,0,60,37
ENSG00000102890.17,51,36,49,13,26,0,10,11
ENSG00000102891.4,0,0,0,0,0,0,0,0
ENSG00000102893.19,421,567,279,2835,3344,278,1920,879
ENSG00000102897.11,711,751,375,1135,1781,94,695,499
ENSG00000102898.14,1951,891,645,2149,1650,185,767,1009
ENSG00000102900.14,356,192,189,776,584,65,380,235
ENSG00000102901.14,829,346,630,531,671,47,408,237
ENSG00000102904.16,28,16,30,19,15,0,10,9
ENSG00000102908.24,872,742,389,1603,1460,45,1192,340
ENSG00000102910.15,794,673,407,3029,2885,310,2051,1075
ENSG00000102921.9,391,331,355,1053,1003,68,642,279
ENSG00000102924.13,17,16,97,87,95,21,214,25
ENSG00000102931.8,1248,906,512,2703,1900,167,926,613
ENSG00000102934.11,81,126,30,106,134,19,148,113
ENSG00000102935.12,230,131,130,197,324,55,161,88
ENSG00000102962.6,2,0,0,4,6,1,7,1
ENSG00000102967.13,129,130,88,146,416,37,119,145
ENSG00000102970.11,0,0,1,2,1,0,0,1
ENSG00000102974.17,514,540,283,1401,1256,141,731,369
ENSG00000102977.19,159,147,158,118,212,27,115,118
ENSG00000102978.14,776,621,353,1366,1924,163,1018,665
ENSG00000102981.11,30,54,27,30,61,11,33,50
ENSG00000102984.16,48,64,41,131,89,14,32,43
ENSG00000102996.6,283,847,157,1371,3725,728,1688,1741
ENSG00000103005.14,734,271,359,1335,946,146,298,300
ENSG00000103018.19,745,719,397,1442,2061,177,1000,554
ENSG00000103021.11,22,31,13,37,212,35,159,101
ENSG00000103023.12,0,0,0,1,0,0,3,0
ENSG00000103024.9,154,439,379,39,291,47,218,262
ENSG00000103034.16,2612,2485,922,18889,33101,3605,13786,14103
ENSG00000103035.12,1476,1094,551,4610,4233,579,2376,1649
ENSG00000103037.13,269,143,186,713,570,51,553,312
ENSG00000103042.10,272,245,181,907,1477,151,753,564
ENSG00000103043.16,269,100,136,412,677,149,420,319
ENSG00000103044.12,10,20,21,45,97,3,36,22
ENSG00000103047.9,144,137,55,269,278,52,112,94
ENSG00000103051.22,529,740,487,1201,1733,205,816,716
ENSG00000103056.13,1,9,0,3,38,3,17,8
ENSG00000103061.14,288,212,193,569,708,66,560,418
ENSG00000103064.16,1085,245,524,2733,2057,114,2093,484
ENSG00000103066.14,398,568,264,818,1668,277,490,378
ENSG00000103067.15,7,34,2,17,5,0,13,4
ENSG00000103089.10,1,9,2,1,6,0,8,2
ENSG00000103091.16,431,290,363,822,1171,88,595,406
ENSG00000103111.15,514,309,447,891,729,101,404,300
ENSG00000103121.10,769,516,202,1197,1368,138,587,664
ENSG00000103126.16,392,182,221,544,452,55,239,263
ENSG00000103145.12,399,1232,485,529,1145,122,440,400
ENSG00000103148.18,555,266,681,558,762,125,329,611
ENSG00000103150.8,316,268,169,1826,4023,473,1547,2527
ENSG00000103152.12,707,399,400,248,708,175,315,459
ENSG00000103154.11,5,0,9,5,7,4,0,6
ENSG00000103160.13,195,339,168,1113,1095,69,576,533
ENSG00000103168.18,655,366,975,517,888,62,566,514
ENSG00000103174.14,66,69,99,100,215,27,100,106
ENSG00000103175.12,36,34,69,58,67,3,28,50
ENSG00000103184.13,3,158,9,237,1732,98,711,317
ENSG00000103187.8,818,335,889,706,484,58,179,143
ENSG00000103194.17,642,395,342,1924,1664,221,991,536
ENSG00000103196.13,2425,1657,1399,1861,1699,206,861,767
ENSG00000103197.21,593,403,572,1491,1972,269,1251,858
ENSG00000103199.15,105,46,91,154,274,8,127,76
ENSG00000103202.14,770,853,544,1017,1725,219,875,1425
ENSG00000103222.21,136,80,76,193,362,56,399,179
ENSG00000103226.20,669,574,309,390,667,42,71,870
ENSG00000103227.20,60,95,158,88,153,33,94,105
ENSG00000103241.7,17,10,22,5,13,3,11,10
ENSG00000103245.15,216,313,263,264,669,114,358,382
ENSG00000103248.20,121,122,124,181,305,36,206,144
ENSG00000103249.20,467,256,540,574,1145,151,620,625
ENSG00000103253.20,75,111,92,52,113,62,141,211
ENSG00000103254.11,84,161,103,28,145,57,82,279
ENSG00000103257.11,540,104,274,383,140,30,67,92
ENSG00000103260.10,346,263,205,244,479,146,249,799
ENSG00000103264.19,789,404,521,1817,2171,312,826,1089
ENSG00000103266.12,1282,1464,1023,1445,2495,567,1043,1953
ENSG00000103269.15,6,13,14,2,40,7,19,27
ENSG00000103274.12,388,349,152,1289,1112,162,549,583
ENSG00000103275.23,1197,911,764,1640,2133,349,1214,1362
ENSG00000103310.11,0,0,0,1,0,0,0,0
ENSG00000103313.15,11,14,57,42,23,0,3,3
ENSG00000103316.13,138,517,61,1993,4280,172,873,2251
ENSG00000103319.13,111,0,188,1412,927,102,418,163
ENSG00000103326.13,434,146,266,140,396,72,271,373
ENSG00000103335.23,757,308,645,565,819,61,498,548
ENSG00000103342.14,1621,903,945,4090,3274,433,2076,1096
ENSG00000103343.14,95,94,59,307,384,47,182,115
ENSG00000103351.14,210,173,105,391,464,44,269,151
ENSG00000103353.17,1066,330,283,2117,1912,143,946,864
ENSG00000103355.15,0,0,0,0,1,0,0,0
ENSG00000103356.18,382,178,121,948,1179,158,728,539
ENSG00000103363.17,2808,3646,1656,1296,3342,721,1555,2469
ENSG00000103365.17,671,724,667,1714,1890,146,858,679
ENSG00000103375.12,0,0,0,0,1,0,0,0
ENSG00000103381.13,163,200,150,799,606,64,316,289
ENSG00000103404.16,606,206,134,2931,1283,141,729,423
ENSG00000103415.13,1068,568,512,2902,2507,491,926,909
ENSG00000103423.15,627,276,182,1773,3237,167,888,1106
ENSG00000103426.12,0,3,0,0,0,0,0,13
ENSG00000103429.12,552,523,225,1070,1196,27,115,200
ENSG00000103449.14,2,19,1,11,29,2,12,1
ENSG00000103460.18,1,1,0,0,0,0,2,1
ENSG00000103479.18,574,538,375,1584,2396,135,1625,428
ENSG00000103485.20,68,265,52,443,1069,88,445,791
ENSG00000103489.13,191,31,73,147,109,10,69,34
ENSG00000103490.14,61,81,122,45,80,22,21,38
ENSG00000103494.17,105,40,37,65,106,4,77,37
ENSG00000103495.15,2116,751,1063,1439,1809,311,663,934
ENSG00000103496.16,969,885,470,1069,941,183,459,628
ENSG00000103502.15,2090,999,987,971,2337,320,1022,1418
ENSG00000103507.15,598,429,257,1463,2444,591,1209,1852
ENSG00000103510.20,740,551,444,1254,1129,144,565,617
ENSG00000103512.17,162,455,306,4163,84,0,0,147
ENSG00000103522.18,11,10,2,7,16,2,7,1
ENSG00000103528.18,57,41,12,16,63,3,23,13
ENSG00000103534.18,4,29,12,1,1,1,0,1
ENSG00000103540.18,186,227,116,366,426,15,214,89
ENSG00000103544.18,486,329,289,792,992,112,625,361
ENSG00000103546.20,0,2,1,2,0,0,0,0
ENSG00000103549.23,963,536,547,1174,1321,205,801,759
ENSG00000103550.15,186,122,123,269,292,39,130,62
ENSG00000103569.12,47,143,245,167,55,2,9,7
ENSG00000103591.14,662,315,298,999,854,76,346,277
ENSG00000103599.21,9,9,3,8,23,1,20,5
ENSG00000103642.12,153,142,86,1525,968,111,623,318
ENSG00000103647.14,771,413,451,362,523,60,229,176
ENSG00000103653.18,630,298,362,747,815,125,401,570
ENSG00000103657.14,643,576,348,3596,2745,332,1981,1126
ENSG00000103671.11,292,365,142,406,515,45,273,128
ENSG00000103707.11,160,162,93,377,510,53,284,247
ENSG00000103710.11,1141,389,288,720,996,84,376,296
ENSG00000103723.17,7,0,30,10,9,0,0,1
ENSG00000103740.11,3,1,2,0,7,1,236,7
ENSG00000103742.13,90,160,11,42,109,9,202,39
ENSG00000103769.11,1555,2002,809,2770,3013,288,1616,1024
ENSG00000103811.19,500,1925,681,1381,2049,227,601,1033
ENSG00000103852.14,288,219,190,252,358,23,207,157
ENSG00000103855.19,719,292,253,1569,1099,197,457,598
ENSG00000103876.15,201,226,156,309,477,84,373,258
ENSG00000103888.18,9,4,3,29,21,1,12,8
ENSG00000103932.13,280,195,148,640,691,118,350,375
ENSG00000103942.14,213,111,42,1079,1476,166,928,624
ENSG00000103966.12,873,983,311,5111,3605,632,1127,808
ENSG00000103978.18,642,620,378,1102,896,65,534,289
ENSG00000103994.18,2791,2447,694,40789,29518,3159,13913,7804
ENSG00000103995.14,78,59,70,52,71,2,47,15
ENSG00000104043.16,48,132,80,91,178,13,94,25
ENSG00000104044.17,0,3,0,0,0,0,6,1
ENSG00000104047.16,418,319,293,353,476,9,371,145
ENSG00000104055.17,0,0,0,0,1,0,0,0
ENSG00000104059.6,0,0,0,0,5,0,0,2
ENSG00000104064.19,205,211,104,387,280,24,205,92
ENSG00000104067.18,759,916,337,931,1414,90,1811,295
ENSG00000104081.15,50,56,70,70,266,11,66,36
ENSG00000104093.15,116,87,131,245,365,20,353,105
ENSG00000104112.10,0,4,2,1,6,0,7,2
ENSG00000104129.11,195,222,207,147,264,46,114,88
ENSG00000104131.14,1448,580,335,2165,2050,224,1218,365
ENSG00000104133.17,414,449,301,1673,1790,202,1409,606
ENSG00000104140.8,6,4,4,1,0,0,0,2
ENSG00000104142.12,262,184,210,645,745,150,349,361
ENSG00000104147.10,2,0,10,1,13,1,8,1
ENSG00000104154.8,139,113,52,213,257,11,121,57
ENSG00000104164.12,556,373,285,1199,1182,61,716,312
ENSG00000104177.20,91,46,48,442,366,14,190,102
ENSG00000104205.17,127,98,47,220,311,16,159,39
ENSG00000104213.14,537,502,491,224,311,17,161,212
ENSG00000104218.17,113,76,67,227,274,14,204,107
ENSG00000104219.14,145,123,228,863,562,16,217,144
ENSG00000104221.14,155,115,72,248,372,62,244,235
ENSG00000104228.14,255,168,100,426,281,42,183,149
ENSG00000104231.12,318,450,186,333,647,21,306,159
ENSG00000104237.11,0,17,0,1,2,0,0,0
ENSG00000104267.11,163,633,470,319,384,28,153,102
ENSG00000104290.12,87,34,41,213,140,16,116,57
ENSG00000104299.16,267,183,103,375,367,41,254,152
ENSG00000104312.9,186,127,86,309,257,33,124,93
ENSG00000104313.21,36,26,11,336,578,50,298,173
ENSG00000104320.16,370,434,188,1223,1171,55,645,240
ENSG00000104321.12,2,0,0,1,3,0,0,0
ENSG00000104324.17,531,674,360,831,1220,93,666,431
ENSG00000104325.8,1504,1169,532,8146,13184,918,6498,4689
ENSG00000104327.8,3,29,11,4,4,0,0,3
ENSG00000104331.10,1091,597,384,3869,3084,241,1821,788
ENSG00000104332.13,128,157,86,873,3470,380,1975,1857
ENSG00000104341.18,955,860,342,8549,9712,946,5097,3152
ENSG00000104343.22,373,479,136,845,940,42,395,223
ENSG00000104356.12,118,40,80,197,78,9,74,58
ENSG00000104361.11,255,297,214,427,512,25,396,108
ENSG00000104365.17,521,337,508,675,668,39,348,251
ENSG00000104368.20,553,184,440,499,700,48,210,243
ENSG00000104369.6,361,104,12,1225,588,79,338,213
ENSG00000104371.5,0,0,0,1,0,0,0,0
ENSG00000104375.18,335,391,152,662,445,34,273,138
ENSG00000104381.15,34,61,64,62,129,9,84,28
ENSG00000104388.16,1736,1553,679,4519,4475,333,2249,1175
ENSG00000104408.12,2515,3607,1966,4656,7502,428,3634,1838
ENSG00000104412.9,443,644,262,703,1174,94,875,422
ENSG00000104413.19,1,19,2,4,4,1,0,3
ENSG00000104415.14,98,41,53,210,86,7,12,11
ENSG00000104419.17,3406,3201,2104,2395,3546,414,1918,1743
ENSG00000104427.14,65,148,44,183,257,10,155,33
ENSG00000104432.16,2,4,9,15,9,0,5,2
ENSG00000104435.15,1,3,6,5,18,0,23,0
ENSG00000104442.11,357,378,162,1024,1143,94,616,286
ENSG00000104447.14,225,150,145,199,261,15,126,61
ENSG00000104450.14,42,61,17,90,77,3,70,25
ENSG00000104472.11,306,299,295,924,604,60,399,221
ENSG00000104490.18,660,854,279,392,749,53,359,177
ENSG00000104497.16,97,265,34,264,323,12,121,54
ENSG00000104499.7,0,0,0,0,0,0,0,0
ENSG00000104517.14,776,791,445,2611,2070,143,1612,711
ENSG00000104518.12,555,477,501,458,580,0,296,20
ENSG00000104522.17,679,292,412,521,545,3,56,19
ENSG00000104524.15,84,55,47,46,6,20,0,0
ENSG00000104529.20,5396,4788,6986,5636,9353,1963,3764,6553
ENSG00000104537.18,0,0,0,1,1,0,0,1
ENSG00000104549.13,253,83,59,258,154,18,83,52
ENSG00000104611.13,141,100,43,149,82,15,27,19
ENSG00000104613.13,812,569,438,909,951,58,451,319
ENSG00000104626.16,5,35,56,178,79,7,71,2
ENSG00000104635.16,4957,709,896,15718,5654,435,3669,2168
ENSG00000104643.11,1,358,133,651,373,53,20,2
ENSG00000104660.19,798,1140,217,1239,2000,149,1028,529
ENSG00000104671.9,403,471,229,1022,1445,128,629,518
ENSG00000104679.12,388,275,203,859,1062,138,410,543
ENSG00000104687.15,358,377,268,1397,1741,185,911,697
ENSG00000104689.11,73,85,25,117,108,6,44,52
ENSG00000104691.17,156,117,88,77,93,5,81,37
ENSG00000104695.14,1511,1324,475,3249,2955,311,1848,1234
ENSG00000104714.15,183,124,159,300,258,29,152,60
ENSG00000104722.14,3,1,1,2,9,0,7,0
ENSG00000104723.22,601,486,115,1691,2083,124,1217,819
ENSG00000104728.17,596,565,398,1123,1111,137,726,449
ENSG00000104731.15,321,166,310,231,362,49,193,139
ENSG00000104738.20,75,58,62,532,828,55,526,230
ENSG00000104755.16,0,0,0,0,0,0,0,0
ENSG00000104756.17,487,730,237,5687,2792,217,1355,638
ENSG00000104760.18,3,405,0,0,0,0,0,0
ENSG00000104763.21,2035,3097,894,23066,26722,2450,14751,9022
ENSG00000104765.17,1120,1996,1785,1814,1929,157,1417,535
ENSG00000104774.15,394,188,311,668,945,143,348,293
ENSG00000104783.16,37,15,118,26,26,2,4,15
ENSG00000104804.9,2,0,3,3,4,2,3,1
ENSG00000104805.18,3140,2294,2191,5484,8406,1601,3996,5466
ENSG00000104808.8,3,4,0,0,1,0,0,0
ENSG00000104812.16,843,819,283,5835,7533,2072,3416,4698
ENSG00000104814.14,7,69,20,30,91,2,22,12
ENSG00000104818.15,0,0,0,0,0,0,0,0
ENSG00000104823.10,3394,3181,1160,10239,13593,2508,6410,10006
ENSG00000104824.19,2408,1449,1437,3065,3206,439,1773,1182
ENSG00000104825.18,351,203,216,394,497,92,253,310
ENSG00000104826.15,0,0,0,0,0,0,0,0
ENSG00000104827.12,1,0,5,0,1,0,0,0
ENSG00000104833.12,21,21,9,30,47,10,32,41
ENSG00000104835.16,112,156,109,206,544,67,87,342
ENSG00000104848.2,4,4,1,208,13,3,6,12
ENSG00000104852.16,1672,815,1799,2139,2892,301,2622,1097
ENSG00000104853.17,909,379,362,3308,2797,635,1636,2059
ENSG00000104856.15,212,124,223,354,100,22,44,105
ENSG00000104859.16,547,269,463,411,492,59,373,136
ENSG00000104863.13,81,165,65,86,261,57,133,272
ENSG00000104866.12,283,177,158,257,511,89,255,446
ENSG00000104870.14,741,1406,1291,809,2125,260,1037,826
ENSG00000104872.13,400,300,406,455,591,98,248,263
ENSG00000104879.6,17159,26687,6808,89733,134539,28146,76213,91361
ENSG00000104880.19,270,136,155,266,351,51,187,175
ENSG00000104881.17,468,757,296,2132,2586,644,1552,2168
ENSG00000104883.9,4,25,15,7,26,8,19,24
ENSG00000104884.18,161,149,140,214,504,75,217,233
ENSG00000104885.20,397,81,239,264,377,62,314,202
ENSG00000104886.13,469,622,405,670,1169,125,508,771
ENSG00000104888.11,94,62,66,37,107,8,43,18
ENSG00000104889.8,94,106,60,101,143,9,61,56
ENSG00000104892.18,2,1,35,0,1,0,0,0
ENSG00000104894.13,27,82,165,76,110,15,37,33
ENSG00000104897.11,438,437,577,320,782,140,423,340
ENSG00000104899.8,0,1,1,0,6,1,1,8
ENSG00000104901.7,0,6,1,1,0,0,1,0
ENSG00000104903.6,144,196,559,40,128,30,79,43
ENSG00000104904.13,9015,7699,7396,9741,13572,2079,5613,8965
ENSG00000104907.14,810,224,566,326,471,55,245,201
ENSG00000104915.16,485,646,436,465,693,89,288,493
ENSG00000104918.8,4,5,116,2,2,2,0,0
ENSG00000104921.15,1,3,6,5,17,2,18,2
ENSG00000104936.21,1875,554,835,5583,7963,2776,3475,4256
ENSG00000104938.19,0,5,0,0,1,0,0,0
ENSG00000104941.8,0,0,0,0,0,0,0,0
ENSG00000104946.15,351,357,384,749,1392,230,742,810
ENSG00000104951.17,0,3,8,22,5,2,2,0
ENSG00000104953.21,8,5,36,4,24,1,8,2
ENSG00000104957.15,360,305,385,329,566,52,378,300
ENSG00000104960.15,1576,1398,1197,1154,1819,292,779,1091
ENSG00000104964.16,5487,7367,5979,12618,19156,3298,8044,12520
ENSG00000104967.8,272,261,106,270,340,29,201,127
ENSG00000104969.12,1245,823,637,1411,2877,456,1098,1855
ENSG00000104972.17,24,36,31,102,27,0,18,0
ENSG00000104973.20,307,217,597,898,1548,233,743,755
ENSG00000104974.12,5,8,10,57,29,2,17,2
ENSG00000104976.14,151,83,168,101,246,43,103,120
ENSG00000104979.10,1107,1047,710,1044,1635,388,660,833
ENSG00000104980.9,497,354,237,1099,1743,319,931,863
ENSG00000104983.9,125,93,110,57,151,32,102,107
ENSG00000104998.5,193,296,69,287,340,32,138,134
ENSG00000105011.10,8,8,44,34,37,3,5,4
ENSG00000105048.19,763,1268,211,1019,1867,84,1072,367
ENSG00000105053.12,332,272,243,541,641,83,291,357
ENSG00000105058.13,909,755,536,1296,1427,162,657,395
ENSG00000105063.20,815,346,450,1325,1644,306,682,847
ENSG00000105072.10,136,79,89,127,177,8,109,114
ENSG00000105085.11,116,121,68,130,184,20,104,127
ENSG00000105088.10,545,56,69,131,79,21,84,15
ENSG00000105122.14,33,81,61,27,46,7,42,9
ENSG00000105127.11,405,396,318,965,642,50,518,293
ENSG00000105131.9,20,13,5,19,9,0,8,2
ENSG00000105135.17,435,828,373,1422,2476,307,912,1456
ENSG00000105136.23,132,94,206,179,320,33,173,96
ENSG00000105137.14,638,443,499,570,592,102,349,318
ENSG00000105141.6,0,1,0,0,0,0,0,0
ENSG00000105143.14,0,0,0,0,0,0,0,0
ENSG00000105146.15,42,15,61,30,31,2,11,19
ENSG00000105171.11,345,282,215,556,663,94,360,301
ENSG00000105173.15,30,29,16,117,46,8,34,37
ENSG00000105176.19,771,629,317,1815,1445,107,833,513
ENSG00000105185.13,1673,843,736,1195,1777,221,1068,766
ENSG00000105186.17,380,252,207,982,704,46,369,255
ENSG00000105193.10,9846,11588,7977,5946,14684,1586,6109,12291
ENSG00000105197.12,848,793,340,1240,1649,381,767,1069
ENSG00000105198.12,0,0,0,0,0,0,0,0
ENSG00000105202.10,1504,1000,1317,1206,1115,165,544,747
ENSG00000105204.14,74,257,131,483,1002,119,312,544
ENSG00000105205.7,0,1,8,0,1,0,0,0
ENSG00000105219.11,5,2,1,2,2,0,1,0
ENSG00000105220.18,3154,2986,1904,16422,15349,1886,6583,7568
ENSG00000105221.19,1304,584,800,2534,3776,588,2006,1953
ENSG00000105223.22,1070,1157,805,2116,3880,598,1755,2249
ENSG00000105227.17,103,60,70,133,243,22,56,109
ENSG00000105229.8,137,92,66,199,312,84,233,187
ENSG00000105245.10,804,332,471,258,389,41,225,234
ENSG00000105246.7,25,3,5,26,13,2,7,7
ENSG00000105248.17,157,197,129,180,252,82,148,116
ENSG00000105251.12,0,1,0,1,67,0,24,3
ENSG00000105254.13,909,770,708,1095,1434,293,762,1025
ENSG00000105255.12,1,1,0,3,2,0,0,0
ENSG00000105258.9,537,862,325,682,1259,227,518,1088
ENSG00000105261.9,0,0,1,0,0,0,0,0
ENSG00000105270.16,458,243,239,173,311,30,102,55
ENSG00000105278.13,0,2,4,0,1,0,0,0
ENSG00000105281.14,2081,505,924,563,314,66,370,196
ENSG00000105287.14,503,535,456,354,544,54,289,268
ENSG00000105289.16,0,18,1,0,5,0,3,1
ENSG00000105290.15,55,37,13,258,230,64,183,233
ENSG00000105298.15,215,139,181,246,468,99,316,312
ENSG00000105321.15,350,229,236,525,527,85,265,231
ENSG00000105323.19,1915,1091,1292,5189,4790,715,2492,1114
ENSG00000105325.16,299,229,283,362,707,103,342,446
ENSG00000105327.19,54,72,149,47,125,10,54,82
ENSG00000105329.12,1195,292,251,481,632,113,278,257
ENSG00000105339.12,578,458,697,1133,599,61,305,348
ENSG00000105341.19,571,704,355,1556,3340,524,1427,1947
ENSG00000105352.12,3,9,26,16,3,0,3,3
ENSG00000105355.10,545,222,188,707,494,148,253,294
ENSG00000105357.21,311,387,257,2821,4458,986,1830,2204
ENSG00000105364.15,443,459,242,520,1384,357,800,1332
ENSG00000105366.16,1,0,0,3,6,0,2,0
ENSG00000105369.10,7,10,3,6,11,0,4,0
ENSG00000105370.9,0,1,0,0,0,0,0,0
ENSG00000105371.11,1,18,12,0,25,7,12,1
ENSG00000105372.9,11714,12305,9865,3900,5517,991,2435,2802
ENSG00000105373.20,876,2156,2630,1522,4023,1163,2006,2950
ENSG00000105374.11,38,272,67,27,105,5,26,7
ENSG00000105376.6,10,4,8,0,12,2,13,7
ENSG00000105379.11,1200,1532,674,2776,6576,1242,2849,4995
ENSG00000105383.17,13,10,37,51,48,4,27,2
ENSG00000105388.18,0,3,4,0,0,0,0,0
ENSG00000105392.17,0,0,1,0,4,0,1,1
ENSG00000105393.17,770,647,599,1362,2193,268,1070,1132
ENSG00000105397.17,931,465,954,927,1503,137,707,694
ENSG00000105398.5,0,102,0,0,1,0,0,0
ENSG00000105401.11,3362,2255,2369,3853,4961,774,2702,2872
ENSG00000105402.8,1289,1236,1083,3162,4160,687,1958,1998
ENSG00000105404.12,748,511,477,259,592,177,322,538
ENSG00000105409.20,107,874,281,11507,13496,2529,6238,7947
ENSG00000105419.19,248,125,349,93,134,12,50,62
ENSG00000105426.21,570,806,1230,634,998,113,1351,474
ENSG00000105427.10,7,3,11,3,6,0,4,11
ENSG00000105428.6,0,0,0,0,0,0,0,0
ENSG00000105429.13,583,239,255,2225,2795,591,1306,1445
ENSG00000105438.10,2016,1150,1026,2346,2429,256,1004,831
ENSG00000105443.17,549,615,400,845,962,142,481,452
ENSG00000105447.14,678,350,269,586,518,104,230,274
ENSG00000105464.5,23,3,35,4,11,3,0,6
ENSG00000105467.9,0,0,0,0,0,0,0,0
ENSG00000105472.15,69,92,112,43,114,23,91,122
ENSG00000105479.17,8,20,7,5,12,0,0,1
ENSG00000105483.19,657,1596,418,1085,1464,45,733,385
ENSG00000105486.16,85,85,124,134,270,9,83,34
ENSG00000105492.16,1,11,1,6,19,2,11,5
ENSG00000105497.9,92,128,90,234,335,23,138,97
ENSG00000105499.15,264,576,188,1002,1062,138,1055,614
ENSG00000105507.3,0,1,0,0,0,0,0,0
ENSG00000105509.12,33,43,13,10,20,3,18,8
ENSG00000105514.9,419,182,258,222,330,30,115,77
ENSG00000105516.11,3,166,7,23,424,90,276,166
ENSG00000105518.15,692,456,458,801,1375,286,815,901
ENSG00000105519.19,59,187,224,44,181,7,81,44
ENSG00000105520.12,727,350,540,240,404,37,273,228
ENSG00000105523.5,3,21,2,4,2,0,0,1
ENSG00000105538.11,555,1021,332,430,656,71,414,552
ENSG00000105549.11,0,0,0,0,0,0,0,0
ENSG00000105550.10,0,0,0,0,0,0,0,0
ENSG00000105552.16,338,450,179,680,1808,251,833,1112
ENSG00000105556.13,281,338,270,344,452,91,240,350
ENSG00000105559.14,1145,341,1254,1194,835,135,207,134
ENSG00000105568.20,3717,3555,1882,8712,10139,1952,4970,6412
ENSG00000105576.17,953,453,794,1792,1808,143,941,667
ENSG00000105583.12,1124,1196,659,1306,1542,130,478,947
ENSG00000105605.8,0,0,0,0,2,0,0,0
ENSG00000105607.15,151,298,82,555,1164,198,626,673
ENSG00000105609.18,42,7,184,92,150,14,134,13
ENSG00000105610.7,1,2,155,1,0,0,0,0
ENSG00000105612.11,172,346,179,367,721,127,355,332
ENSG00000105613.10,0,1,2,1,2,1,4,1
ENSG00000105617.4,0,0,2,0,10,8,10,9
ENSG00000105618.15,488,440,490,641,1318,144,451,508
ENSG00000105619.15,145,107,41,180,336,20,49,52
ENSG00000105639.21,234,92,528,231,73,2,20,14
ENSG00000105640.14,7163,6268,6986,3277,7893,2000,3366,5992
ENSG00000105641.4,0,0,0,1,0,0,0,0
ENSG00000105642.17,1,1,6,0,8,0,0,1
ENSG00000105643.12,914,1357,1471,1297,450,32,245,571
ENSG00000105647.21,329,178,166,837,1112,185,436,397
ENSG00000105649.11,11,86,15,147,1000,240,417,730
ENSG00000105650.23,22,61,68,44,107,5,85,55
ENSG00000105655.20,309,469,478,366,613,68,398,391
ENSG00000105656.14,317,167,316,349,329,37,184,154
ENSG00000105662.17,144,93,193,155,327,50,174,187
ENSG00000105664.12,33,2,42,141,101,2,7,71
ENSG00000105668.8,1,1,0,0,1,0,0,0
ENSG00000105669.15,1511,825,720,931,2044,488,740,1315
ENSG00000105671.13,533,336,274,358,708,122,261,296
ENSG00000105672.15,7,5,2,4,8,3,5,11
ENSG00000105675.9,0,0,0,0,0,0,0,0
ENSG00000105676.15,380,177,166,286,509,86,213,237
ENSG00000105677.13,1111,531,344,1226,1193,212,609,910
ENSG00000105679.9,0,0,0,0,0,0,0,0
ENSG00000105695.16,1,9,0,3,13,0,1,0
ENSG00000105696.10,223,40,114,11,55,13,56,20
ENSG00000105697.10,28,639,2,11,8,0,14,0
ENSG00000105698.17,1198,1098,888,2791,4283,968,1824,3327
ENSG00000105699.18,110,148,137,96,167,44,95,135
ENSG00000105700.12,1478,773,881,1027,1370,143,698,685
ENSG00000105701.17,2757,2698,9206,1997,5045,863,1870,3144
ENSG00000105705.17,276,259,276,544,725,114,322,325
ENSG00000105707.16,11,168,23,35,155,12,122,81
ENSG00000105708.9,56,90,49,130,207,11,115,56
ENSG00000105711.15,140,170,148,770,1319,248,427,668
ENSG00000105717.15,2,3,2,4,5,0,5,0
ENSG00000105722.12,572,893,302,400,946,103,736,633
ENSG00000105723.13,860,459,486,1911,1876,282,724,827
ENSG00000105726.18,708,252,524,511,600,75,316,315
ENSG00000105732.14,89,62,70,169,356,68,189,187
ENSG00000105737.11,30,47,38,40,125,30,41,110
ENSG00000105738.12,239,111,74,207,418,49,227,203
ENSG00000105750.16,3,38,25,53,93,6,22,12
ENSG00000105755.9,525,150,123,172,301,35,138,177
ENSG00000105767.4,136,75,115,431,380,70,177,269
ENSG00000105771.15,674,206,322,359,411,18,160,202
ENSG00000105778.21,271,292,166,561,507,35,372,163
ENSG00000105784.17,48,82,18,34,59,1,25,10
ENSG00000105792.20,30,60,62,39,102,3,43,21
ENSG00000105793.17,195,264,135,490,648,40,364,193
ENSG00000105808.20,333,653,536,447,617,33,335,236
ENSG00000105810.11,281,451,101,1164,1171,57,726,515
ENSG00000105819.16,501,580,318,1967,3061,243,1856,995
ENSG00000105821.16,502,339,240,545,529,60,323,30
ENSG00000105825.15,85,131,26,111,104,7,56,18
ENSG00000105829.13,306,330,135,302,418,23,204,80
ENSG00000105835.14,3056,840,1819,21441,4728,458,3028,1066
ENSG00000105849.7,197,187,94,513,393,30,261,153
ENSG00000105851.12,19,89,20,50,106,5,44,6
ENSG00000105852.12,32,225,69,6,35,2,35,4
ENSG00000105854.14,726,785,726,841,1322,80,634,332
ENSG00000105855.11,70,83,72,238,179,8,97,49
ENSG00000105856.15,450,804,476,1714,2860,211,1398,949
ENSG00000105865.12,35,49,32,66,214,24,138,64
ENSG00000105866.16,39,137,28,334,283,17,197,55
ENSG00000105875.16,136,152,201,213,291,19,156,114
ENSG00000105877.19,5,5,3,0,9,0,15,1
ENSG00000105879.13,245,197,149,719,720,62,482,230
ENSG00000105880.7,3,5,3,4,8,0,0,0
ENSG00000105887.12,1537,1433,684,4119,3762,274,1580,854
ENSG00000105889.17,8,37,4,38,23,2,1,3
ENSG00000105894.14,1513,2255,977,604,1342,89,1462,561
ENSG00000105926.17,101,83,20,134,91,4,67,14
ENSG00000105928.17,138,75,77,193,142,16,77,73
ENSG00000105929.17,0,13,0,0,0,0,0,0
ENSG00000105939.15,579,559,325,598,554,42,384,126
ENSG00000105948.14,102,52,36,84,86,7,51,33
ENSG00000105953.17,3179,2068,641,27880,24551,5344,11418,13092
ENSG00000105954.2,0,0,0,0,0,0,0,0
ENSG00000105963.16,43,72,64,27,132,25,45,121
ENSG00000105967.17,12,15,37,51,56,3,38,4
ENSG00000105968.20,1406,1565,983,8382,7777,743,3001,2386
ENSG00000105971.16,1398,2333,424,6236,5498,439,3235,1528
ENSG00000105974.14,6380,10932,1520,12437,12680,934,6526,3487
ENSG00000105976.17,228,115,50,1236,646,72,434,209
ENSG00000105982.18,3,7,4,6,5,3,8,12
ENSG00000105983.24,318,364,100,996,1091,75,576,303
ENSG00000105989.11,110,12,4,7,9,0,1,3
ENSG00000105991.10,0,0,0,2,1,0,0,2
ENSG00000105993.16,2202,1644,683,6090,5685,757,3320,2939
ENSG00000105996.7,2,2,2,0,6,0,0,2
ENSG00000105997.24,2,2,7,4,14,4,14,3
ENSG00000106003.14,131,329,89,53,389,23,231,120
ENSG00000106004.5,2,9,2,3,5,0,3,0
ENSG00000106006.6,0,1,0,0,0,0,0,0
ENSG00000106009.17,233,259,313,144,502,73,269,310
ENSG00000106012.20,182,79,130,441,472,60,174,208
ENSG00000106013.15,2,0,0,1,1,0,7,0
ENSG00000106018.15,220,195,119,1090,873,141,199,345
ENSG00000106025.10,154,232,77,1542,2031,105,873,559
ENSG00000106028.12,1035,758,416,1215,1534,185,563,566
ENSG00000106031.9,0,0,0,0,0,0,0,0
ENSG00000106034.19,181,371,79,1188,1151,67,641,403
ENSG00000106038.13,0,0,0,0,0,0,0,0
ENSG00000106049.10,439,583,221,2558,4095,315,2354,1247
ENSG00000106052.15,1182,1145,493,7160,6059,724,2900,1626
ENSG00000106066.16,157,217,60,3240,3685,502,1078,1085
ENSG00000106069.27,78,160,28,601,503,53,259,158
ENSG00000106070.21,1491,714,1014,1840,1379,104,645,485
ENSG00000106077.20,133,307,120,258,669,78,232,303
ENSG00000106078.20,423,272,110,3461,2758,446,1195,1203
ENSG00000106080.11,589,134,118,623,442,58,299,127
ENSG00000106086.22,197,126,64,239,224,24,164,51
ENSG00000106089.13,71,15,36,28,34,3,30,22
ENSG00000106100.12,1268,357,576,523,467,37,251,201
ENSG00000106105.16,1716,484,559,1765,1435,234,729,531
ENSG00000106113.20,26,9,43,88,72,1,13,10
ENSG00000106123.14,12,32,46,33,33,21,30,45
ENSG00000106125.15,95,193,66,101,192,15,104,89
ENSG00000106128.20,0,0,0,0,0,0,0,0
ENSG00000106144.21,358,314,248,390,542,37,216,162
ENSG00000106153.15,2549,2181,860,4078,5927,918,2620,3642
ENSG00000106178.8,4,0,6,39,59,0,12,3
ENSG00000106211.11,47652,10665,3827,7554,14133,5397,11984,23940
ENSG00000106236.5,232,36,257,167,82,17,24,158
ENSG00000106244.14,1868,886,834,2932,3180,624,1517,719
ENSG00000106245.12,698,673,405,406,715,79,325,364
ENSG00000106246.19,139,146,119,194,460,82,249,202
ENSG00000106258.17,2,63,3,0,0,4,8,11
ENSG00000106261.18,605,697,545,1600,1831,127,1040,488
ENSG00000106263.20,2765,968,1544,2998,2588,378,1194,1161
ENSG00000106266.12,222,135,209,258,559,82,166,253
ENSG00000106268.17,106,81,157,123,226,49,63,93
ENSG00000106278.13,18,5,9,84,52,5,13,11
ENSG00000106290.17,589,223,245,870,1154,179,512,635
ENSG00000106299.9,635,1010,313,1259,1467,127,877,334
ENSG00000106302.11,1,0,0,5,1,0,0,2
ENSG00000106304.16,0,0,0,0,0,0,0,0
ENSG00000106305.11,364,205,92,725,1122,192,586,487
ENSG00000106327.14,18,180,53,5,6,0,5,0
ENSG00000106328.10,2,4,1,1,2,0,3,0
ENSG00000106330.13,58,90,105,93,214,33,81,124
ENSG00000106331.20,0,0,0,0,0,0,0,0
ENSG00000106333.14,2153,1526,1830,1154,1751,205,907,790
ENSG00000106336.14,21,16,54,6,17,4,4,2
ENSG00000106341.12,0,2,0,0,1,0,4,0
ENSG00000106344.9,496,278,463,1366,1031,60,1043,396
ENSG00000106346.13,204,166,72,249,235,20,173,48
ENSG00000106348.20,826,158,475,564,452,63,190,265
ENSG00000106351.14,158,200,102,476,582,137,255,223
ENSG00000106355.11,374,518,244,507,810,48,407,299
ENSG00000106366.10,18827,1982,534,2481,248,289,153,415
ENSG00000106367.16,269,218,134,200,278,32,109,137
ENSG00000106384.13,0,1,0,0,0,0,0,0
ENSG00000106392.12,313,241,268,602,574,39,445,145
ENSG00000106397.13,1699,404,407,935,1080,196,472,752
ENSG00000106399.12,195,179,103,243,428,22,159,112
ENSG00000106400.13,1078,1215,602,636,1340,180,481,759
ENSG00000106404.14,122,54,78,32,125,7,64,46
ENSG00000106410.16,0,0,0,1,0,0,0,0
ENSG00000106415.14,44,94,30,117,208,7,100,39
ENSG00000106436.8,0,0,0,1,0,0,0,0
ENSG00000106443.18,371,468,225,458,663,45,343,124
ENSG00000106459.16,206,215,220,383,418,38,254,229
ENSG00000106460.21,304,484,130,1308,2108,79,1124,276
ENSG00000106462.13,80,47,87,45,69,2,47,16
ENSG00000106477.21,146,109,65,105,186,16,86,56
ENSG00000106479.11,238,141,235,261,496,24,261,227
ENSG00000106483.13,37,79,28,143,201,11,60,87
ENSG00000106484.16,132,59,33,117,289,3,430,27
ENSG00000106511.7,201,979,176,93,733,34,370,215
ENSG00000106524.10,207,351,146,533,947,120,697,317
ENSG00000106526.13,13,23,5,68,36,11,40,15
ENSG00000106536.21,1,4,5,3,9,1,7,1
ENSG00000106537.9,2006,1201,91,600,926,62,319,184
ENSG00000106538.11,258,703,561,136,342,22,491,151
ENSG00000106541.13,3,7,2,0,0,2,0,0
ENSG00000106546.15,359,779,269,1294,1232,96,591,238
ENSG00000106554.14,795,481,268,4789,5031,795,2159,2004
ENSG00000106560.11,60,107,68,129,232,5,73,44
ENSG00000106565.20,770,473,751,2425,2396,115,595,369
ENSG00000106571.16,163,84,122,304,163,18,78,48
ENSG00000106588.13,1073,762,361,1915,2424,195,1185,740
ENSG00000106591.5,512,429,218,1302,1716,93,1066,704
ENSG00000106603.21,395,358,197,1128,1593,162,908,686
ENSG00000106605.12,396,378,285,943,977,148,406,482
ENSG00000106608.18,563,299,459,1248,1491,173,826,860
ENSG00000106609.17,1464,1151,862,2397,2286,228,1066,797
ENSG00000106615.11,1452,934,711,3136,2475,238,1385,957
ENSG00000106617.17,499,444,220,4504,3534,410,2093,1849
ENSG00000106624.12,6214,818,1285,2289,2480,261,895,367
ENSG00000106628.14,1435,644,492,1544,2201,435,1023,1234
ENSG00000106631.9,2725,27673,44,18298,34601,3822,9965,24370
ENSG00000106633.18,25,38,10,38,41,1,7,20
ENSG00000106635.9,866,551,358,2474,1881,210,899,1121
ENSG00000106636.10,2032,467,693,2409,1775,232,725,783
ENSG00000106638.19,478,174,189,372,349,36,201,161
ENSG00000106648.15,0,0,0,2,2,0,0,0
ENSG00000106665.17,530,223,209,334,451,50,181,195
ENSG00000106682.16,3357,2111,1526,6557,8129,939,4143,3637
ENSG00000106683.16,400,133,113,328,404,60,143,206
ENSG00000106686.19,13,33,45,14,18,0,22,12
ENSG00000106688.13,86,313,26,126,220,8,100,34
ENSG00000106689.11,2,1,1,2,2,0,1,0
ENSG00000106692.16,156,131,95,409,440,30,381,118
ENSG00000106701.14,113,81,38,445,298,6,155,68
ENSG00000106714.19,35,119,74,742,614,18,346,88
ENSG00000106723.18,546,692,309,1995,2284,142,1294,497
ENSG00000106733.22,102,293,166,164,379,34,289,46
ENSG00000106771.14,632,998,347,7154,5809,548,4170,1368
ENSG00000106772.20,4,12,31,146,152,4,85,9
ENSG00000106780.10,190,185,166,829,949,47,789,190
ENSG00000106785.16,75,61,88,123,112,15,88,34
ENSG00000106789.14,17,15,27,18,25,1,23,1
ENSG00000106799.16,595,595,411,670,773,28,347,126
ENSG00000106803.11,1760,743,590,467,698,86,359,332
ENSG00000106804.11,36,232,88,50,76,1,47,13
ENSG00000106809.12,146,1330,174,432,1867,31,737,308
ENSG00000106819.14,73,248,94,158,487,18,144,120
ENSG00000106823.14,88,475,159,341,1081,38,887,257
ENSG00000106829.22,237,366,161,337,383,27,173,155
ENSG00000106852.16,234,134,94,72,232,16,104,80
ENSG00000106853.21,249,279,115,700,1048,107,325,177
ENSG00000106868.18,139,218,54,260,146,15,117,87
ENSG00000106927.13,1,1475,0,2,1,0,1,1
ENSG00000106948.18,209,305,185,266,370,31,164,114
ENSG00000106952.9,12,14,18,55,34,4,15,4
ENSG00000106976.23,707,136,427,113,226,19,118,38
ENSG00000106991.16,15105,7050,3348,7192,10436,1753,4191,4127
ENSG00000106992.20,1691,3032,956,6073,10547,2078,3791,6166
ENSG00000106993.13,921,412,164,2169,1291,129,988,462
ENSG00000107014.9,0,0,1,1,4,0,4,1
ENSG00000107018.8,1,0,0,4,1,1,1,0
ENSG00000107020.11,174,97,83,549,785,74,477,252
ENSG00000107021.18,544,329,403,851,919,107,367,409
ENSG00000107036.13,197,189,106,638,546,32,416,193
ENSG00000107077.22,225,178,115,593,549,48,308,195
ENSG00000107099.18,44,119,135,232,224,14,144,44
ENSG00000107104.22,914,861,332,5052,5715,683,5102,3157
ENSG00000107105.16,0,0,0,2,3,0,1,0
ENSG00000107130.11,769,64,57,258,161,25,89,81
ENSG00000107140.18,691,409,399,1000,774,153,452,594
ENSG00000107147.15,11,10,22,31,135,9,86,53
ENSG00000107159.15,4,0,0,1,17,1,4,1
ENSG00000107164.18,366,292,145,1088,1318,94,773,595
ENSG00000107165.13,139,37,10,1036,1675,101,765,498
ENSG00000107175.13,784,566,370,1032,744,94,493,503
ENSG00000107185.11,453,176,183,1919,1443,224,897,580
ENSG00000107186.18,512,525,167,4406,2937,260,2394,740
ENSG00000107187.17,0,0,0,0,0,0,0,0
ENSG00000107201.13,118,334,92,322,399,11,184,75
ENSG00000107223.14,3250,4013,2326,2917,4972,1006,2326,2770
ENSG00000107242.21,46,42,38,1127,2537,208,1332,702
ENSG00000107249.24,209,209,96,155,125,8,110,62
ENSG00000107262.26,1165,1481,1632,3143,2967,297,1179,1701
ENSG00000107263.20,1257,995,655,3460,3773,426,1588,1452
ENSG00000107281.11,1883,1247,1977,376,1375,206,581,847
ENSG00000107282.9,19,73,12,16,153,16,122,25
ENSG00000107290.15,745,742,401,1894,1747,176,1303,556
ENSG00000107295.11,13,21,8,194,139,26,58,36
ENSG00000107317.14,8047,24483,1511,22130,52516,8590,24852,26233
ENSG00000107331.19,339,210,286,662,1118,189,720,652
ENSG00000107338.11,480,301,142,738,704,180,362,409
ENSG00000107341.6,986,777,622,2623,2624,389,1533,1094
ENSG00000107362.15,76,122,44,242,375,25,237,70
ENSG00000107371.15,218,178,94,191,247,20,225,93
ENSG00000107372.14,1411,2536,1369,5215,6203,430,4291,2286
ENSG00000107404.22,904,505,439,930,2029,534,1071,1840
ENSG00000107438.10,3408,2647,1774,10740,7741,1465,2530,5157
ENSG00000107443.17,87,62,33,177,163,5,79,55
ENSG00000107447.8,0,0,0,0,0,0,0,0
ENSG00000107485.19,37,255,5,30,82,4,61,34
ENSG00000107518.19,6,6,1,99,59,4,17,15
ENSG00000107521.22,716,347,847,888,808,156,412,518
ENSG00000107537.15,537,740,260,3659,5857,357,2848,2234
ENSG00000107551.22,628,612,1194,1424,3933,312,1618,1295
ENSG00000107554.18,305,285,231,734,691,62,305,180
ENSG00000107560.13,182,207,101,657,644,36,377,140
ENSG00000107562.18,4309,3046,3081,3128,5486,350,2150,1129
ENSG00000107566.15,609,576,254,543,517,33,295,203
ENSG00000107581.15,1757,1332,722,9445,7098,1011,4161,1952
ENSG00000107593.17,0,0,17,1,0,1,0,0
ENSG00000107611.16,12,62,20,26,60,8,52,4
ENSG00000107614.23,51,63,65,152,168,10,143,33
ENSG00000107625.15,555,539,302,839,830,84,480,337
ENSG00000107643.18,324,409,172,569,723,37,418,219
ENSG00000107651.16,405,316,271,838,869,62,586,241
ENSG00000107669.20,280,387,113,1636,1312,98,850,350
ENSG00000107672.16,270,341,277,493,631,48,354,226
ENSG00000107679.16,613,515,155,2466,2026,94,1211,617
ENSG00000107719.11,262,165,183,408,428,21,201,187
ENSG00000107731.13,1083,129,137,657,934,130,324,287
ENSG00000107736.23,62,270,115,212,613,19,347,82
ENSG00000107738.21,1270,1515,1060,1582,2832,394,1228,1168
ENSG00000107742.15,106,416,46,374,606,170,360,242
ENSG00000107745.21,434,437,223,1491,1823,256,1167,698
ENSG00000107758.17,860,932,399,3591,2856,206,1672,682
ENSG00000107771.18,812,725,288,5680,5021,462,2737,1046
ENSG00000107779.17,426,390,188,1811,1511,93,843,334
ENSG00000107789.16,151,132,78,191,265,12,150,93
ENSG00000107796.15,2028,1800,2762,4564,4408,634,3418,3234
ENSG00000107798.19,571,1116,480,1003,1479,103,527,224
ENSG00000107807.13,13,19,0,0,4,1,0,0
ENSG00000107815.10,216,23,51,484,294,46,130,165
ENSG00000107816.18,1033,757,797,822,1507,196,858,1079
ENSG00000107819.16,990,471,541,784,716,73,220,258
ENSG00000107821.16,124,480,35,90,509,40,147,179
ENSG00000107829.16,761,816,795,2651,2682,340,812,1214
ENSG00000107831.14,0,0,1,0,0,1,0,0
ENSG00000107833.12,447,61,109,116,119,15,41,62
ENSG00000107854.7,443,587,242,1095,1054,59,679,269
ENSG00000107859.11,14,6,3,19,5,9,9,1
ENSG00000107862.8,918,386,379,3143,2440,599,1664,1058
ENSG00000107863.21,965,1573,664,2534,2647,208,2292,684
ENSG00000107864.16,46,146,28,317,723,47,541,166
ENSG00000107872.15,103,104,172,42,166,59,101,209
ENSG00000107874.12,602,623,327,1227,2134,317,1015,1214
ENSG00000107882.13,153,217,122,325,619,58,320,184
ENSG00000107890.18,93,98,47,589,521,33,370,99
ENSG00000107897.21,221,352,104,3045,3175,188,1597,761
ENSG00000107902.15,71,147,92,176,316,45,126,223
ENSG00000107929.17,517,492,338,2050,2845,152,2291,961
ENSG00000107937.20,897,419,253,1332,1090,135,694,458
ENSG00000107938.19,154,200,142,373,355,41,327,147
ENSG00000107949.18,1392,470,391,1030,1294,151,781,573
ENSG00000107951.16,262,153,145,567,656,50,366,158
ENSG00000107954.12,4,6,0,6,5,0,0,6
ENSG00000107957.17,2688,1161,1007,2926,2963,327,1768,869
ENSG00000107959.18,1162,636,552,3393,3516,557,2085,1652
ENSG00000107960.13,390,365,179,1325,1100,140,536,496
ENSG00000107968.11,151,131,351,265,121,7,139,63
ENSG00000107984.10,32,5,4,4,3,1,9,1
ENSG00000108001.17,333,945,321,184,652,28,373,174
ENSG00000108010.13,1199,394,232,1544,1409,160,647,469
ENSG00000108018.17,56,120,62,101,288,17,204,72
ENSG00000108021.23,412,303,165,1680,1160,91,936,338
ENSG00000108039.19,886,465,353,1051,1389,199,744,460
ENSG00000108055.12,472,441,189,1216,1289,118,752,277
ENSG00000108061.14,618,707,256,1546,1585,78,969,308
ENSG00000108064.12,287,363,113,734,918,50,630,274
ENSG00000108091.12,576,388,232,1593,690,67,423,287
ENSG00000108094.18,324,314,117,1070,1119,107,838,397
ENSG00000108100.19,1356,951,462,2346,3021,311,1196,998
ENSG00000108106.15,207,227,200,266,419,166,232,452
ENSG00000108107.16,7088,7836,7703,2393,4503,949,1883,2806
ENSG00000108175.20,1014,883,688,2696,3704,546,2044,1443
ENSG00000108176.16,105,49,19,428,70,14,62,17
ENSG00000108179.15,804,669,269,5293,5755,633,2342,3297
ENSG00000108187.17,7,117,23,198,169,9,83,38
ENSG00000108219.18,1490,1465,781,2010,2128,187,803,877
ENSG00000108231.14,2,2,2,2,7,0,11,0
ENSG00000108239.10,142,149,65,266,343,13,179,93
ENSG00000108242.14,0,23,0,0,0,0,0,0
ENSG00000108244.17,1,2,9,2,0,0,0,0
ENSG00000108255.8,0,0,0,0,0,0,0,0
ENSG00000108256.10,1233,1312,577,2336,2474,153,1940,555
ENSG00000108262.17,1262,582,718,936,1181,153,569,762
ENSG00000108298.13,12468,13349,11485,11523,19239,2861,8884,7017
ENSG00000108306.14,218,265,155,545,610,32,237,226
ENSG00000108309.15,11,6,212,7,14,1,4,3
ENSG00000108312.17,1448,1300,926,1517,2550,336,1389,885
ENSG00000108342.14,45,32,24,4,16,0,3,1
ENSG00000108344.16,1307,575,627,2686,2543,412,1506,1631
ENSG00000108349.19,1810,1358,1273,2149,2157,166,1267,593
ENSG00000108352.13,147,66,74,184,120,5,52,41
ENSG00000108370.18,6,17,12,8,17,1,16,2
ENSG00000108375.14,17,22,13,123,305,25,113,96
ENSG00000108379.12,14,11,3,51,41,2,4,23
ENSG00000108381.12,25,111,45,47,112,3,106,38
ENSG00000108384.17,160,197,125,468,582,75,355,234
ENSG00000108387.16,588,726,677,1292,1031,249,575,677
ENSG00000108389.11,416,281,283,1029,796,73,582,183
ENSG00000108395.15,228,241,98,980,846,79,436,267
ENSG00000108405.5,43,36,83,30,31,2,22,6
ENSG00000108406.11,283,356,214,748,1072,78,499,292
ENSG00000108417.4,0,0,0,0,0,0,0,0
ENSG00000108423.17,105,215,71,155,244,5,115,96
ENSG00000108424.12,2319,1145,885,7151,5160,594,3025,1131
ENSG00000108433.17,1397,535,568,1345,1207,138,575,453
ENSG00000108439.12,504,263,187,868,1174,151,488,498
ENSG00000108443.15,459,455,233,1147,952,50,579,259
ENSG00000108465.16,1263,837,1459,939,1647,140,743,472
ENSG00000108468.16,729,504,227,1451,1731,138,848,548
ENSG00000108469.16,162,138,275,185,354,38,182,151
ENSG00000108474.17,102,42,114,68,114,2,71,23
ENSG00000108479.14,204,165,164,103,210,77,114,166
ENSG00000108506.15,95,79,47,379,433,39,307,99
ENSG00000108509.22,876,290,457,1467,1830,210,688,670
ENSG00000108510.11,616,740,254,1531,1490,64,958,379
ENSG00000108511.11,2,7,11,5,25,2,3,5
ENSG00000108515.19,3044,5095,538,20360,27634,2395,8540,11366
ENSG00000108518.9,7071,3283,3451,5137,4992,1057,2503,3541
ENSG00000108523.17,1207,784,642,2407,2829,427,1195,1230
ENSG00000108528.15,826,2025,505,2735,7559,1236,3014,4247
ENSG00000108551.6,661,1214,234,7232,592,82,574,1712
ENSG00000108556.10,14,16,14,5,106,3,34,8
ENSG00000108557.21,218,78,65,870,931,224,688,527
ENSG00000108559.14,464,301,217,1070,942,119,555,378
ENSG00000108561.8,1297,575,316,2186,2935,361,1774,1542
ENSG00000108576.11,1,4,0,3,31,5,17,10
ENSG00000108578.16,426,375,189,454,729,64,349,275
ENSG00000108582.13,558,1064,339,1516,1883,130,966,328
ENSG00000108587.17,551,495,356,1045,1105,94,734,438
ENSG00000108588.16,1140,747,372,4376,3208,472,1992,1327
ENSG00000108590.11,95,142,38,136,204,23,127,84
ENSG00000108591.11,507,359,425,438,693,87,309,328
ENSG00000108592.18,615,372,411,1160,1196,193,802,536
ENSG00000108599.16,240,230,137,423,495,22,275,143
ENSG00000108602.19,0,3,8,3,6,0,3,5
ENSG00000108604.19,1213,655,1026,638,825,97,530,341
ENSG00000108622.12,1059,2469,351,967,1040,102,460,687
ENSG00000108639.9,925,991,353,2524,4001,407,1515,1887
ENSG00000108641.20,120,108,79,111,175,19,207,157
ENSG00000108651.11,673,366,374,745,750,51,368,234
ENSG00000108654.17,11504,11064,6339,12567,12799,687,10659,4470
ENSG00000108666.12,88,139,124,364,732,37,338,203
ENSG00000108669.19,620,481,403,900,1217,118,804,607
ENSG00000108671.12,1403,653,540,1935,2175,274,1410,745
ENSG00000108679.14,3770,4400,1247,11266,17821,2172,9390,10572
ENSG00000108684.15,0,2,0,1,0,0,0,0
ENSG00000108688.11,7,0,5,2,1,0,0,0
ENSG00000108691.10,8838,2160,2356,734,518,63,474,158
ENSG00000108700.5,41,20,86,19,27,0,11,9
ENSG00000108702.4,0,0,0,0,2,0,0,0
ENSG00000108733.11,96,68,23,201,327,38,204,115
ENSG00000108759.4,0,0,0,1,0,0,0,0
ENSG00000108771.14,94,116,190,165,213,15,101,47
ENSG00000108773.12,1722,443,1187,546,1262,17,738,274
ENSG00000108774.16,1353,1077,655,1545,1529,225,724,847
ENSG00000108784.11,284,241,299,356,344,51,236,164
ENSG00000108786.11,46,14,2,5,27,8,13,35
ENSG00000108788.13,910,797,452,1936,2980,407,1471,1334
ENSG00000108797.12,281,94,172,957,327,6,218,74
ENSG00000108798.10,270,299,123,165,214,17,76,122
ENSG00000108799.14,859,719,1026,1355,2436,164,1354,798
ENSG00000108813.12,0,2,1,1,0,0,0,0
ENSG00000108819.12,998,574,473,1175,1395,187,638,578
ENSG00000108821.15,6817,580,1716,1573,7726,1347,2041,728
ENSG00000108823.18,481,610,223,1395,3774,602,1632,2702
ENSG00000108825.18,10,0,0,232,197,45,321,310
ENSG00000108826.17,1004,826,460,1461,1488,157,609,866
ENSG00000108828.17,2007,1809,1158,2706,2943,355,967,1450
ENSG00000108829.11,3020,589,568,1730,1102,175,602,495
ENSG00000108830.12,23,31,28,32,43,5,18,17
ENSG00000108839.13,1,2,2,2,3,2,1,0
ENSG00000108840.18,937,564,479,1594,3033,468,1236,1567
ENSG00000108846.17,31,25,31,34,30,3,11,0
ENSG00000108848.16,1780,2049,1498,2173,3103,135,2799,416
ENSG00000108849.9,0,0,0,0,0,0,0,0
ENSG00000108852.17,71,187,76,556,1392,129,511,463
ENSG00000108854.17,451,266,209,540,620,28,383,185
ENSG00000108861.10,2495,1638,1016,17361,12955,1785,5890,5888
ENSG00000108878.6,0,0,0,0,1,0,0,0
ENSG00000108883.14,903,506,438,2447,1769,228,914,636
ENSG00000108924.14,93,502,129,402,1454,92,1302,508
ENSG00000108932.14,13,30,44,19,22,0,2,10
ENSG00000108946.17,2892,3677,1651,31442,20781,1742,10248,9106
ENSG00000108947.5,9,15,7,21,79,4,42,5
ENSG00000108950.13,101,128,324,269,228,31,110,100
ENSG00000108953.18,7626,4801,2597,13515,13785,770,3807,2065
ENSG00000108960.10,312,233,97,280,481,16,447,95
ENSG00000108961.15,394,350,294,495,707,46,272,318
ENSG00000108963.19,222,148,149,455,636,102,324,330
ENSG00000108984.17,31,184,64,118,270,11,177,47
ENSG00000109016.19,352,210,122,1040,570,75,261,214
ENSG00000109046.16,1655,2328,1429,3079,4029,50,3128,869
ENSG00000109047.8,55,6,9,11,8,3,4,1
ENSG00000109061.11,0,0,0,0,4,0,1,0
ENSG00000109062.13,409,394,180,734,468,109,154,245
ENSG00000109063.16,74,33,57,52,40,2,44,10
ENSG00000109065.13,824,249,410,452,451,30,159,184
ENSG00000109066.15,418,72,124,347,376,68,170,180
ENSG00000109072.15,324,1331,83,2721,1863,192,407,737
ENSG00000109079.11,1444,926,557,4015,2023,191,872,854
ENSG00000109083.15,345,228,270,144,262,13,122,69
ENSG00000109084.14,60,37,30,89,132,8,57,32
ENSG00000109089.8,843,305,225,784,519,149,217,436
ENSG00000109099.17,3313,2426,2048,4514,5385,485,2593,2231
ENSG00000109101.8,0,0,0,0,0,0,0,0
ENSG00000109103.13,250,250,210,277,589,50,243,258
ENSG00000109107.15,378,1733,246,7488,8805,2046,5164,5019
ENSG00000109111.16,991,902,872,4181,3482,408,1740,1245
ENSG00000109113.21,898,726,795,360,477,50,200,220
ENSG00000109118.15,515,284,294,701,905,91,496,345
ENSG00000109132.7,0,0,0,0,1,0,0,0
ENSG00000109133.15,477,430,201,978,744,62,422,186
ENSG00000109158.12,63,31,16,530,458,87,326,124
ENSG00000109163.7,0,0,0,0,0,0,0,0
ENSG00000109171.16,921,837,264,3011,2437,303,1513,706
ENSG00000109180.16,1365,1507,722,3149,4653,405,2507,1224
ENSG00000109181.13,0,148,0,0,1,0,0,0
ENSG00000109182.13,0,3,0,0,0,0,0,0
ENSG00000109184.16,425,631,265,1084,926,38,679,219
ENSG00000109189.14,260,302,105,1741,1740,179,972,506
ENSG00000109193.13,0,3,0,0,0,0,0,1
ENSG00000109205.18,2,5,0,0,0,0,0,0
ENSG00000109208.5,0,0,0,0,0,0,0,0
ENSG00000109220.12,375,303,209,270,225,7,143,96
ENSG00000109255.12,2,1,0,0,0,0,0,0
ENSG00000109265.16,2,4,2,13,17,2,3,4
ENSG00000109270.14,333,438,170,808,1317,61,677,422
ENSG00000109272.4,1,1,0,1,0,0,0,0
ENSG00000109320.15,557,263,225,1079,891,114,519,342
ENSG00000109321.12,113,150,7,904,30,10,205,308
ENSG00000109323.12,161,198,185,473,805,81,376,219
ENSG00000109332.21,4568,3987,1962,7510,6694,616,3202,2011
ENSG00000109339.25,103,415,83,45,152,7,222,57
ENSG00000109381.22,456,506,307,992,1178,86,804,356
ENSG00000109390.14,1077,1260,474,2458,4655,542,2357,2658
ENSG00000109424.5,2,5,0,6,7,0,6,3
ENSG00000109436.9,333,476,119,804,924,75,453,449
ENSG00000109445.12,592,243,262,4133,3438,386,2035,2091
ENSG00000109452.15,171,185,51,3033,949,96,438,330
ENSG00000109458.11,311,424,156,1733,2061,146,1331,497
ENSG00000109466.15,243,213,177,431,384,20,197,109
ENSG00000109471.5,0,0,0,0,1,0,0,0
ENSG00000109472.15,786,2424,603,2091,2824,164,1349,1069
ENSG00000109475.19,6249,9985,7937,4711,6435,533,3031,3885
ENSG00000109501.16,448,912,407,1664,2475,602,1389,1550
ENSG00000109511.12,0,23,0,1,1,0,0,0
ENSG00000109519.15,673,384,183,1547,1806,220,934,861
ENSG00000109534.18,358,205,118,298,251,33,157,105
ENSG00000109536.14,484,568,383,837,1000,25,273,92
ENSG00000109572.17,560,442,218,4423,3381,206,1967,1091
ENSG00000109576.15,68,50,49,71,86,3,73,26
ENSG00000109586.13,205,174,57,217,246,18,223,48
ENSG00000109606.14,1170,1081,415,2376,1824,153,1402,857
ENSG00000109610.7,574,623,886,743,921,224,1032,844
ENSG00000109618.14,100,131,86,200,317,13,199,79
ENSG00000109625.20,6,7,9,7,40,4,8,8
ENSG00000109654.17,195,343,134,596,897,51,493,190
ENSG00000109667.13,45,16,22,129,117,5,48,46
ENSG00000109670.18,484,740,242,1407,1418,90,966,810
ENSG00000109674.5,0,1,5,1,8,0,0,1
ENSG00000109680.12,66,74,23,181,216,12,151,61
ENSG00000109684.16,0,7,1,0,0,0,4,0
ENSG00000109685.20,389,249,315,1760,1541,142,748,564
ENSG00000109686.22,1140,1427,909,7283,4231,618,2315,946
ENSG00000109689.20,274,419,165,350,459,19,264,107
ENSG00000109705.8,0,0,0,1,0,0,2,0
ENSG00000109736.16,664,358,605,254,364,52,210,233
ENSG00000109738.12,37,12,9,219,303,27,158,125
ENSG00000109743.13,64,158,146,85,153,10,74,54
ENSG00000109756.11,458,865,301,2147,2103,167,1469,630
ENSG00000109758.10,1,15,2,4,8,0,1,3
ENSG00000109762.18,147,157,93,509,426,29,209,164
ENSG00000109771.17,36,27,29,106,141,3,70,64
ENSG00000109775.12,360,461,222,671,1202,156,738,516
ENSG00000109787.14,791,1146,560,1232,1308,74,795,392
ENSG00000109790.19,475,1033,297,1178,1073,49,493,233
ENSG00000109794.15,51,88,52,214,319,15,249,134
ENSG00000109805.11,1,7,118,21,37,2,9,3
ENSG00000109814.13,1385,303,297,390,347,17,123,107
ENSG00000109819.11,457,356,111,2919,2458,235,1201,937
ENSG00000109832.15,2,6,1,1,2,0,0,0
ENSG00000109846.10,154518,19223,6339,107329,104202,18976,48723,56968
ENSG00000109851.7,0,0,0,0,0,0,0,0
ENSG00000109854.15,407,393,186,488,384,32,115,135
ENSG00000109861.18,7334,194,726,1218,778,31,333,98
ENSG00000109881.18,105,53,31,48,137,10,88,16
ENSG00000109906.16,1629,479,1303,9719,1888,267,1656,2154
ENSG00000109911.20,190,165,91,289,472,60,348,114
ENSG00000109917.12,861,390,323,850,494,70,291,280
ENSG00000109919.11,698,422,276,1887,2220,274,1041,861
ENSG00000109920.14,808,673,624,1208,1864,61,1423,476
ENSG00000109927.11,15,20,29,40,106,4,62,44
ENSG00000109929.11,238,327,127,932,1147,69,913,225
ENSG00000109943.10,1,9,3,2,10,0,5,0
ENSG00000109944.12,45,67,32,71,59,2,52,10
ENSG00000109956.14,2,14,3,7,13,0,4,6
ENSG00000109971.15,13532,8659,1850,37480,35108,3435,21452,17210
ENSG00000109991.11,33,343,37,172,425,20,129,133
ENSG00000110002.17,76,110,209,164,183,7,141,32
ENSG00000110011.15,236,539,311,464,1371,324,656,971
ENSG00000110013.14,311,247,241,2752,3093,312,2470,1087
ENSG00000110025.14,274,217,171,560,464,42,78,164
ENSG00000110031.13,76,133,158,116,176,12,95,28
ENSG00000110042.8,384,235,146,89,338,11,50,104
ENSG00000110046.15,146,160,205,305,602,113,341,360
ENSG00000110047.19,1208,845,569,1223,1458,337,784,1151
ENSG00000110048.13,692,679,259,1701,2117,277,1433,662
ENSG00000110057.10,53,100,123,101,178,19,117,90
ENSG00000110060.10,160,102,104,303,213,24,114,78
ENSG00000110063.11,237,93,133,422,468,69,250,179
ENSG00000110066.16,441,686,361,1208,1195,87,814,353
ENSG00000110074.13,482,188,308,782,1308,128,645,492
ENSG00000110075.16,987,991,619,2956,2433,178,1535,747
ENSG00000110076.21,305,44,39,46,50,5,46,23
ENSG00000110077.17,122,107,410,476,654,43,317,76
ENSG00000110079.20,42,10,159,174,178,16,122,40
ENSG00000110080.21,880,582,449,1502,1794,219,401,605
ENSG00000110090.14,1154,545,580,1504,2685,168,1009,835
ENSG00000110092.5,852,1897,505,3328,4382,531,1443,1817
ENSG00000110104.13,633,122,146,330,299,47,156,116
ENSG00000110107.10,1302,733,502,1610,1379,211,804,719
ENSG00000110108.12,1761,1686,812,2520,3011,353,1241,1419
ENSG00000110148.11,0,0,0,0,1,1,0,3
ENSG00000110169.13,4,921,24,16,15,0,4,8
ENSG00000110171.21,261,222,138,259,361,38,202,167
ENSG00000110172.13,891,507,110,1091,871,60,692,326
ENSG00000110195.15,2,79,9,1,4,0,7,5
ENSG00000110200.10,272,507,226,684,782,102,304,419
ENSG00000110203.11,53,3,46,2,0,0,0,0
ENSG00000110218.10,270,148,90,1221,304,63,143,102
ENSG00000110237.6,1365,639,689,4285,2994,463,1428,1247
ENSG00000110243.13,0,139,0,1,0,0,0,0
ENSG00000110244.7,1,4,0,7,0,2,3,0
ENSG00000110245.13,3,3653,0,0,1,0,0,0
ENSG00000110274.17,393,185,384,231,353,17,193,90
ENSG00000110315.8,222,279,209,1073,1424,90,686,310
ENSG00000110318.16,107,129,119,47,122,3,86,27
ENSG00000110321.19,7191,7222,2701,35143,23026,1990,13372,6498
ENSG00000110324.13,115,158,118,163,360,25,212,48
ENSG00000110328.7,476,406,87,470,791,124,264,559
ENSG00000110330.11,702,859,355,1693,1642,86,999,410
ENSG00000110344.11,683,743,364,1913,1950,199,1178,495
ENSG00000110367.15,1162,1203,838,4658,4501,391,2314,1163
ENSG00000110375.3,0,0,0,0,1,0,0,0
ENSG00000110395.8,353,183,133,588,544,37,299,103
ENSG00000110400.11,181,74,86,682,533,149,269,293
ENSG00000110422.13,1888,1874,1241,13371,7282,386,5064,1360
ENSG00000110427.18,35,0,13,5,38,1,4,3
ENSG00000110429.15,422,522,216,1613,2247,158,1426,647
ENSG00000110435.14,365,483,129,4042,4155,401,2122,1243
ENSG00000110436.14,17,38,30,630,124,9,101,55
ENSG00000110442.13,225,336,194,484,963,102,397,380
ENSG00000110446.13,345,455,319,296,441,60,192,264
ENSG00000110448.12,0,30,1,9,16,3,16,5
ENSG00000110455.15,113,184,312,119,247,2,118,61
ENSG00000110484.7,0,0,0,0,0,0,0,0
ENSG00000110492.18,75,266,186,82,299,22,153,108
ENSG00000110497.16,239,174,142,501,606,74,300,255
ENSG00000110514.21,638,488,422,1741,1718,275,1024,725
ENSG00000110536.15,362,245,191,322,512,48,263,297
ENSG00000110583.14,241,106,91,732,946,43,558,243
ENSG00000110619.19,252,182,230,371,374,78,200,89
ENSG00000110628.17,0,90,40,9,149,7,28,67
ENSG00000110651.14,6312,7652,3291,9845,14030,2513,6854,9162
ENSG00000110660.16,109,12,45,68,40,1,6,4
ENSG00000110665.13,56,366,74,341,1559,112,815,721
ENSG00000110675.14,10,4,7,17,22,1,1,16
ENSG00000110680.14,5,2,3,7,0,0,0,0
ENSG00000110693.20,170,181,87,219,310,18,203,122
ENSG00000110696.11,1523,1614,891,4676,4427,356,2072,1067
ENSG00000110697.15,483,124,118,652,1188,250,448,667
ENSG00000110700.8,5239,6563,4665,6689,9708,1048,5403,4830
ENSG00000110711.12,598,828,492,627,1324,189,472,809
ENSG00000110713.19,881,750,421,4210,1947,194,1415,800
ENSG00000110717.14,1476,2939,657,1699,4617,1051,2340,4454
ENSG00000110719.11,734,496,1121,254,500,44,278,178
ENSG00000110721.13,271,159,194,269,440,15,245,120
ENSG00000110723.12,7,27,8,28,56,0,37,8
ENSG00000110756.19,184,199,100,442,509,58,298,174
ENSG00000110768.13,317,308,167,784,826,69,562,368
ENSG00000110777.12,38,31,8,13,31,1,7,7
ENSG00000110786.19,374,199,216,190,280,6,133,262
ENSG00000110799.15,9408,10989,2749,11469,16536,3183,4696,4342
ENSG00000110801.15,528,367,315,628,907,135,400,431
ENSG00000110811.21,518,377,399,326,550,60,238,306
ENSG00000110841.15,1667,1973,424,16686,8652,822,6734,1800
ENSG00000110844.15,224,232,251,636,914,76,410,431
ENSG00000110848.8,15,142,7,18,61,1,39,4
ENSG00000110851.13,373,388,229,1085,674,49,451,257
ENSG00000110852.6,609,879,472,151,313,11,97,64
ENSG00000110871.16,330,499,198,672,1256,121,875,581
ENSG00000110876.12,167,76,273,199,216,21,74,25
ENSG00000110880.12,1773,937,720,2065,1855,153,1180,573
ENSG00000110881.13,36,32,25,24,79,3,66,22
ENSG00000110887.9,0,20,1,0,0,0,0,0
ENSG00000110888.20,274,360,252,875,971,90,739,284
ENSG00000110900.17,198,63,146,277,287,20,78,93
ENSG00000110906.14,936,855,624,1772,1332,139,832,506
ENSG00000110911.18,286,225,267,806,728,46,421,230
ENSG00000110917.10,3432,848,652,8066,6509,682,3276,2403
ENSG00000110921.15,73,153,64,181,329,33,167,147
ENSG00000110925.8,518,505,261,1052,879,39,564,328
ENSG00000110931.20,806,432,604,883,982,86,428,309
ENSG00000110934.14,44,116,199,82,103,10,42,8
ENSG00000110944.9,0,0,2,1,1,0,0,0
ENSG00000110955.10,8521,10557,2794,75484,88410,9951,41678,37762
ENSG00000110958.17,3699,3741,1318,3743,5112,314,2377,1311
ENSG00000110975.8,0,3,0,2,1,0,0,0
ENSG00000110987.10,158,66,58,509,736,120,393,397
ENSG00000111011.19,1004,1111,482,1625,1578,148,1055,224
ENSG00000111012.12,10,3,9,5,4,0,3,2
ENSG00000111046.5,0,0,0,5,0,0,0,0
ENSG00000111049.4,0,0,0,0,0,0,0,0
ENSG00000111052.9,268,229,213,476,590,37,317,138
ENSG00000111057.12,104,221,90,233,132,15,69,74
ENSG00000111058.9,263,182,170,665,958,74,714,380
ENSG00000111077.19,4446,3461,5480,3767,5046,571,3068,1816
ENSG00000111087.11,27,35,10,15,30,4,31,11
ENSG00000111110.13,65,254,15,205,328,19,159,70
ENSG00000111142.15,735,721,371,1878,2189,258,1308,696
ENSG00000111144.11,494,782,333,1173,1594,133,733,501
ENSG00000111145.9,817,2051,338,1271,2232,92,779,312
ENSG00000111181.14,6,28,6,24,27,0,9,8
ENSG00000111186.14,89,208,38,52,127,22,67,68
ENSG00000111196.12,200,145,98,166,239,31,160,69
ENSG00000111199.13,8,7,16,7,20,5,5,6
ENSG00000111203.14,308,155,210,327,468,37,205,142
ENSG00000111206.14,9,6,109,22,72,1,15,4
ENSG00000111215.13,1,0,27,3,0,0,17,0
ENSG00000111218.13,0,1,0,1,8,0,0,0
ENSG00000111224.15,94,93,34,134,165,9,99,32
ENSG00000111229.17,2232,1562,1220,2010,2478,249,1119,809
ENSG00000111231.10,190,155,64,632,924,68,520,251
ENSG00000111237.19,957,808,483,1595,2066,141,962,712
ENSG00000111241.3,0,0,0,0,0,0,0,0
ENSG00000111245.19,90561,111264,7932,412412,485265,71152,177856,325268
ENSG00000111247.16,4,16,27,13,46,1,24,6
ENSG00000111249.15,0,9,0,1,0,0,0,0
ENSG00000111252.12,777,499,311,1925,2393,219,970,733
ENSG00000111254.9,11,37,5,40,113,7,134,23
ENSG00000111261.15,189,210,109,469,448,45,184,104
ENSG00000111262.6,0,1,0,2,0,2,0,0
ENSG00000111266.10,336,354,180,671,782,38,523,416
ENSG00000111269.4,456,841,360,967,1288,118,637,321
ENSG00000111271.16,199,202,175,706,1273,95,843,559
ENSG00000111275.14,1203,1985,1027,11219,12836,1380,7175,5164
ENSG00000111276.13,676,1690,578,888,1992,159,1098,551
ENSG00000111291.9,0,0,0,0,3,0,2,0
ENSG00000111300.11,312,182,97,729,524,32,415,146
ENSG00000111305.19,2,2,0,2,1,0,0,1
ENSG00000111319.14,4,101,19,3,17,0,13,6
ENSG00000111321.12,1344,449,761,1039,963,151,378,380
ENSG00000111325.17,126,109,111,118,332,37,188,245
ENSG00000111328.7,2506,882,595,2099,2002,225,848,785
ENSG00000111331.15,290,307,198,1036,1322,58,771,287
ENSG00000111335.14,268,462,186,638,910,42,453,136
ENSG00000111339.12,20,98,72,165,163,12,67,33
ENSG00000111341.11,22047,9596,14625,6231,12663,896,5560,3096
ENSG00000111344.13,0,4,0,1,0,0,9,13
ENSG00000111348.10,2225,2622,2385,1862,2313,233,964,701
ENSG00000111358.14,188,99,73,297,469,40,248,136
ENSG00000111361.14,597,464,457,774,896,83,570,404
ENSG00000111364.17,254,140,155,195,254,13,181,82
ENSG00000111371.17,843,364,197,10279,7746,771,3455,2270
ENSG00000111404.7,12,28,28,32,74,4,31,22
ENSG00000111405.9,5,9,28,12,9,2,9,2
ENSG00000111412.6,355,260,148,451,406,30,175,179
ENSG00000111424.13,54,12,45,39,13,2,1,6
ENSG00000111432.5,4,0,1,2,11,1,1,0
ENSG00000111445.15,63,70,45,93,152,23,119,47
ENSG00000111450.16,671,479,233,894,506,50,355,176
ENSG00000111452.14,559,235,611,1674,1678,146,1159,881
ENSG00000111481.11,1962,1337,693,2370,3195,334,1406,1226
ENSG00000111490.15,41,23,12,30,24,4,18,12
ENSG00000111530.14,793,789,319,1208,1193,82,922,342
ENSG00000111536.5,0,0,0,0,0,0,0,0
ENSG00000111537.5,0,29,0,0,2,0,1,0
ENSG00000111540.17,1954,1593,1125,7216,6400,702,3267,2041
ENSG00000111554.16,64,96,48,152,197,8,187,41
ENSG00000111581.11,295,280,185,679,590,37,361,170
ENSG00000111596.15,607,777,473,1116,1120,83,693,413
ENSG00000111602.13,152,36,82,170,187,10,79,44
ENSG00000111605.19,742,620,397,1875,1640,69,1505,474
ENSG00000111615.15,442,448,259,924,1037,56,760,197
ENSG00000111639.9,1552,1442,737,2653,3342,404,1582,1883
ENSG00000111640.16,42153,52909,17502,111515,124228,20600,49234,77599
ENSG00000111641.14,848,212,383,790,341,66,328,207
ENSG00000111642.17,1655,1239,845,8612,5017,802,3069,1713
ENSG00000111644.8,11,6,10,8,25,2,19,5
ENSG00000111647.14,234,147,102,592,542,46,376,120
ENSG00000111652.11,809,542,363,1802,2578,314,1253,1349
ENSG00000111653.21,242,358,255,350,794,37,321,273
ENSG00000111664.12,144,71,119,139,341,4,170,132
ENSG00000111665.13,7,2,51,10,18,1,8,39
ENSG00000111666.12,956,717,989,3622,3901,368,1674,1294
ENSG00000111667.15,689,394,379,1823,1815,330,886,752
ENSG00000111669.16,6696,5162,2871,17411,22655,3568,8420,10603
ENSG00000111670.17,324,507,157,1701,1976,144,983,492
ENSG00000111671.11,58,39,33,42,54,11,57,54
ENSG00000111674.10,465,202,618,391,438,51,175,162
ENSG00000111676.16,2566,1094,1639,5460,4517,607,2253,1333
ENSG00000111678.12,1500,1741,1221,718,2187,270,791,1364
ENSG00000111679.18,73,136,249,186,178,21,91,41
ENSG00000111684.12,604,332,430,1896,1308,214,524,619
ENSG00000111696.13,269,75,75,364,144,6,66,65
ENSG00000111700.14,0,117,0,1,0,0,0,0
ENSG00000111701.7,0,0,0,0,0,0,0,0
ENSG00000111704.12,0,2,4,0,7,0,3,0
ENSG00000111707.13,659,450,292,1377,1050,74,713,368
ENSG00000111711.10,746,445,209,860,842,39,449,177
ENSG00000111713.4,5,16,0,0,0,0,0,0
ENSG00000111716.15,6630,6672,1985,37777,54685,5488,25944,23825
ENSG00000111725.11,291,357,235,429,423,47,147,169
ENSG00000111726.14,394,353,214,1016,1180,90,604,406
ENSG00000111727.13,172,231,79,502,485,24,434,92
ENSG00000111728.12,71,172,69,26,134,3,67,32
ENSG00000111729.15,20,32,52,19,35,0,27,3
ENSG00000111731.14,375,524,295,531,943,45,754,181
ENSG00000111732.12,4,0,1,0,4,0,0,1
ENSG00000111737.13,655,380,239,961,863,104,475,424
ENSG00000111752.12,733,477,344,1263,1274,84,930,343
ENSG00000111775.4,1676,1506,837,1240,1432,289,851,1152
ENSG00000111780.8,0,0,0,0,0,0,0,0
ENSG00000111783.14,0,0,0,0,0,0,0,1
ENSG00000111785.21,226,274,108,759,932,88,521,273
ENSG00000111786.11,1150,906,395,695,845,64,506,443
ENSG00000111790.15,839,793,366,709,897,58,648,217
ENSG00000111796.4,4,120,10,8,29,3,16,2
ENSG00000111799.23,2503,910,1388,2304,2140,115,1578,765
ENSG00000111801.17,391,697,202,462,725,38,349,141
ENSG00000111802.15,488,656,338,885,935,62,466,239
ENSG00000111816.9,50,78,19,687,633,33,391,160
ENSG00000111817.20,298,301,290,555,478,33,492,196
ENSG00000111832.13,1279,1007,590,2083,2247,306,1306,725
ENSG00000111834.13,3,15,9,4,9,1,7,5
ENSG00000111837.12,2,4,9,2,4,0,1,3
ENSG00000111843.15,604,1303,567,1547,3051,257,1493,1148
ENSG00000111845.6,346,161,76,405,328,37,240,94
ENSG00000111846.21,120,173,28,888,1068,109,828,303
ENSG00000111850.12,102,151,75,143,311,25,111,67
ENSG00000111859.18,860,3867,406,2084,1225,125,943,734
ENSG00000111860.15,128,393,43,458,764,18,623,93
ENSG00000111863.14,26,7,3,0,4,0,0,0
ENSG00000111875.9,184,232,85,391,742,46,461,160
ENSG00000111877.19,146,90,63,164,176,9,155,49
ENSG00000111879.20,37,39,34,17,44,1,50,16
ENSG00000111880.17,251,171,79,469,459,37,258,143
ENSG00000111885.8,671,704,556,871,1114,60,616,172
ENSG00000111886.11,136,19,38,74,24,0,16,11
ENSG00000111897.8,1703,2487,1419,8665,7956,738,4553,2099
ENSG00000111906.19,825,721,450,1573,1585,235,926,862
ENSG00000111907.21,256,202,101,1635,817,119,492,383
ENSG00000111911.8,209,346,139,1509,2096,177,1071,672
ENSG00000111912.21,285,328,242,562,422,28,333,94
ENSG00000111913.21,82,169,450,230,168,10,51,44
ENSG00000111961.20,595,1633,494,1438,2102,159,1096,666
ENSG00000111962.9,187,117,76,143,217,13,159,84
ENSG00000111981.6,17,31,3,16,30,2,13,0
ENSG00000112029.10,62,43,32,92,58,3,30,22
ENSG00000112031.17,785,450,239,1507,1236,130,677,445
ENSG00000112033.15,523,196,240,835,788,126,368,368
ENSG00000112038.18,0,1,1,2,2,0,0,1
ENSG00000112039.7,79,79,21,150,129,20,88,72
ENSG00000112041.13,1,0,2,0,6,0,0,0
ENSG00000112053.15,2,7,11,2,1,0,0,0
ENSG00000112062.14,662,808,461,1102,1438,140,840,374
ENSG00000112077.18,13,23,56,13,27,1,17,11
ENSG00000112078.15,912,675,365,2201,1712,159,1026,539
ENSG00000112079.11,1264,763,817,2499,1210,99,784,387
ENSG00000112081.19,3427,6352,2251,3374,3911,295,2699,1615
ENSG00000112110.11,962,459,281,1028,1236,170,784,647
ENSG00000112115.7,0,0,0,0,0,0,0,0
ENSG00000112116.11,0,0,0,0,0,0,0,0
ENSG00000112118.21,633,550,308,1117,1431,129,351,489
ENSG00000112130.18,322,231,207,588,584,53,230,200
ENSG00000112137.19,206,203,127,4759,2225,293,1045,1156
ENSG00000112139.18,64,124,75,257,186,15,71,115
ENSG00000112144.16,153,303,125,353,641,25,277,124
ENSG00000112146.17,412,317,474,859,1323,61,861,430
ENSG00000112149.12,61,325,81,96,166,4,89,27
ENSG00000112159.13,588,347,298,1748,1494,123,1113,490
ENSG00000112164.6,73,33,3,89,465,20,241,101
ENSG00000112167.11,175,228,114,466,431,39,193,163
ENSG00000112175.9,74,391,66,110,388,8,197,99
ENSG00000112182.17,83,76,68,109,126,6,56,71
ENSG00000112183.15,483,648,150,3227,6619,354,3817,2563
ENSG00000112186.14,431,104,48,5071,4629,446,2352,1362
ENSG00000112195.9,3,4,12,5,0,0,6,0
ENSG00000112200.18,349,512,296,839,799,40,616,219
ENSG00000112208.12,504,175,118,1334,845,88,572,307
ENSG00000112210.13,362,254,158,460,487,21,289,122
ENSG00000112212.12,1,4,53,0,0,0,0,0
ENSG00000112214.12,201,364,163,303,255,21,182,193
ENSG00000112218.10,11,28,7,68,29,3,41,9
ENSG00000112232.12,0,7,0,1,2,0,0,0
ENSG00000112234.10,180,178,103,479,681,29,426,159
ENSG00000112237.14,405,459,190,502,579,27,362,133
ENSG00000112238.12,0,0,0,0,0,0,0,0
ENSG00000112242.17,183,54,71,579,355,13,202,96
ENSG00000112245.14,1175,1147,427,1953,1719,117,1005,902
ENSG00000112246.11,0,5,0,0,1,0,0,0
ENSG00000112249.15,358,239,94,878,694,73,334,145
ENSG00000112273.7,0,0,0,0,1,0,0,0
ENSG00000112276.15,459,135,34,7266,3177,238,1012,807
ENSG00000112280.18,8,28,2,17,151,3,68,41
ENSG00000112282.19,176,171,100,534,564,38,407,158
ENSG00000112290.14,79,35,54,69,50,0,8,23
ENSG00000112293.16,4,31,14,33,54,1,59,17
ENSG00000112294.15,67,266,99,1072,1972,161,958,596
ENSG00000112297.18,77,201,73,189,181,9,132,28
ENSG00000112299.9,8,52,136,19,23,1,3,1
ENSG00000112303.14,45,75,296,52,84,2,13,11
ENSG00000112304.12,442,563,195,1255,1849,190,993,484
ENSG00000112305.16,490,422,215,1072,1237,135,679,412
ENSG00000112306.9,12530,12805,12237,7768,11489,1327,4841,6588
ENSG00000112308.15,1808,1356,904,1801,2603,139,1364,640
ENSG00000112309.11,0,0,0,0,7,3,80,18
ENSG00000112312.11,66,104,69,64,187,12,85,46
ENSG00000112319.22,184,59,32,2239,506,28,189,297
ENSG00000112320.13,512,532,349,867,945,204,622,404
ENSG00000112333.13,0,0,0,0,1,0,0,0
ENSG00000112335.16,2557,1679,1055,4823,6249,647,3925,2602
ENSG00000112337.12,0,10,0,1,0,0,0,0
ENSG00000112339.16,364,362,158,2080,1849,163,1078,447
ENSG00000112343.12,335,456,387,429,482,22,268,93
ENSG00000112357.15,63,66,39,247,565,42,356,232
ENSG00000112365.7,90,76,91,276,187,4,122,51
ENSG00000112367.13,182,170,143,303,358,39,209,130
ENSG00000112378.12,459,885,179,3602,4219,419,1820,1022
ENSG00000112379.10,79,44,5,259,129,16,124,47
ENSG00000112394.19,21,40,23,105,149,16,91,48
ENSG00000112406.6,826,1291,445,3095,2148,126,1087,569
ENSG00000112414.16,13,43,19,60,219,12,117,13
ENSG00000112419.16,477,1178,152,1832,2016,113,1130,274
ENSG00000112425.16,112,105,75,1467,1769,136,880,503
ENSG00000112461.9,0,0,0,0,0,0,0,0
ENSG00000112462.8,0,0,0,0,0,0,0,0
ENSG00000112473.20,1618,463,635,1647,1513,323,1473,1024
ENSG00000112486.19,0,3,1,0,6,0,0,0
ENSG00000112493.12,255,0,91,2883,794,420,1191,0
ENSG00000112494.11,0,2,0,0,0,0,0,0
ENSG00000112499.13,0,7,2,0,0,0,1,1
ENSG00000112511.19,643,707,615,1001,464,37,242,100
ENSG00000112514.19,698,813,441,789,1612,172,617,689
ENSG00000112530.13,32,47,41,59,217,21,71,49
ENSG00000112531.18,2178,2714,722,13968,13551,922,8096,3066
ENSG00000112539.15,0,4,0,0,0,0,2,0
ENSG00000112541.19,276,112,50,780,342,27,148,143
ENSG00000112559.16,39,9,19,6,43,3,94,8
ENSG00000112561.20,374,507,221,479,1176,180,501,572
ENSG00000112562.21,1458,2698,758,1182,2543,189,919,1121
ENSG00000112576.13,1495,1712,926,1283,1354,173,567,901
ENSG00000112578.12,473,87,107,438,189,55,109,121
ENSG00000112584.15,236,298,207,804,640,88,634,336
ENSG00000112592.16,150,153,103,229,305,22,202,118
ENSG00000112599.9,54,38,72,57,110,2,42,35
ENSG00000112619.8,43,29,29,27,69,10,45,27
ENSG00000112624.15,173,274,157,721,720,67,509,201
ENSG00000112640.17,661,423,341,1278,1824,225,773,493
ENSG00000112651.13,351,387,177,778,1369,235,724,783
ENSG00000112655.17,348,133,174,74,211,18,100,41
ENSG00000112658.9,1485,678,665,4622,3099,527,1735,1998
ENSG00000112659.15,271,162,416,332,426,33,235,139
ENSG00000112667.14,146,197,105,82,351,63,201,485
ENSG00000112679.15,667,595,623,1737,1744,160,777,549
ENSG00000112685.15,233,223,112,718,639,70,266,170
ENSG00000112695.14,2197,3253,952,4222,6959,668,2745,3189
ENSG00000112697.18,1383,1658,706,3447,3109,214,1619,832
ENSG00000112699.12,154,89,39,158,205,28,82,100
ENSG00000112701.19,537,669,444,1571,1836,93,1334,428
ENSG00000112706.12,0,1,0,0,1,0,0,3
ENSG00000112715.26,2634,1505,640,3243,6296,439,3932,2751
ENSG00000112739.18,745,815,475,1556,1549,82,1485,348
ENSG00000112742.11,1,4,24,9,15,0,1,0
ENSG00000112759.20,1267,826,435,2468,7097,558,3801,1968
ENSG00000112761.22,0,4,0,0,0,0,0,0
ENSG00000112763.18,466,343,316,1230,949,47,538,405
ENSG00000112769.21,1202,2242,697,2267,4277,386,2992,1164
ENSG00000112773.17,1427,967,599,3375,2291,163,1631,1311
ENSG00000112782.19,1502,2899,571,21831,13704,1505,6871,3437
ENSG00000112787.15,564,337,459,846,1334,397,792,1263
ENSG00000112796.11,10,10,4,101,146,23,116,66
ENSG00000112799.10,9,22,14,32,24,2,19,6
ENSG00000112812.17,0,7,0,0,4,0,0,0
ENSG00000112818.12,0,0,0,0,0,0,0,0
ENSG00000112837.17,151,351,200,88,270,13,254,72
ENSG00000112851.17,497,683,270,1894,1520,109,876,349
ENSG00000112852.7,53,37,13,70,67,2,14,34
ENSG00000112855.18,452,349,466,913,1300,113,779,589
ENSG00000112874.11,116,93,58,330,603,28,317,99
ENSG00000112877.9,17,22,15,25,48,4,21,13
ENSG00000112893.11,388,349,185,351,442,40,233,90
ENSG00000112902.13,118,290,103,2316,1614,177,990,453
ENSG00000112936.22,26761,17344,22282,10560,13949,1350,9674,5177
ENSG00000112941.15,573,348,329,493,565,51,387,223
ENSG00000112964.15,149,312,146,262,824,63,701,166
ENSG00000112972.16,199,390,119,909,1080,108,728,272
ENSG00000112977.17,1230,508,483,1163,1157,129,486,377
ENSG00000112981.6,2,26,10,31,59,3,70,31
ENSG00000112983.18,596,405,501,1094,1024,105,667,472
ENSG00000112984.13,2,0,94,33,39,2,9,9
ENSG00000112992.19,544,1789,244,17554,18901,1388,10902,5181
ENSG00000112996.12,179,146,101,616,939,121,688,390
ENSG00000113013.17,3355,3247,923,13902,12853,1986,8327,6114
ENSG00000113048.20,639,603,287,2480,3739,393,1814,1620
ENSG00000113068.11,945,733,302,1982,2063,199,1189,1135
ENSG00000113070.9,759,910,64,1062,1622,276,999,559
ENSG00000113073.16,1,17,8,1,10,0,5,0
ENSG00000113083.16,325,70,312,287,424,56,176,43
ENSG00000113088.6,3,73,4,22,29,0,25,3
ENSG00000113100.10,0,0,0,0,0,0,0,0
ENSG00000113108.21,199,224,387,135,424,14,230,124
ENSG00000113119.14,158,88,155,81,124,6,145,40
ENSG00000113140.12,22132,11386,4023,12786,31410,2329,11091,7284
ENSG00000113141.20,1139,1170,862,2756,2955,422,1372,911
ENSG00000113161.18,140,284,112,477,408,30,327,126
ENSG00000113163.20,271,496,182,1288,1291,108,864,413
ENSG00000113194.14,655,419,343,868,818,78,515,274
ENSG00000113196.4,99,47,26,322,939,216,506,498
ENSG00000113205.5,8,7,2,0,0,0,0,3
ENSG00000113209.9,12,25,12,98,135,10,88,116
ENSG00000113211.6,7,20,14,12,15,5,13,7
ENSG00000113212.7,26,14,18,47,36,9,21,6
ENSG00000113231.14,29,16,7,422,110,7,29,21
ENSG00000113240.15,362,609,325,514,728,8,616,296
ENSG00000113248.6,106,123,85,420,207,9,198,80
ENSG00000113249.15,0,0,1,3,2,0,0,1
ENSG00000113262.16,0,0,2,1,1,0,0,2
ENSG00000113263.15,12,40,0,27,28,1,9,13
ENSG00000113269.15,1024,956,680,1469,1587,187,881,818
ENSG00000113272.15,212,122,127,239,180,16,85,75
ENSG00000113273.18,271,90,52,775,608,71,259,184
ENSG00000113282.15,613,482,220,1900,1464,171,1003,424
ENSG00000113296.15,4827,3048,1019,5876,8486,492,1856,2574
ENSG00000113300.14,416,395,178,758,700,52,354,175
ENSG00000113302.6,0,0,0,0,0,0,0,0
ENSG00000113303.13,4,10,6,2,5,2,2,2
ENSG00000113312.13,832,1208,378,1899,2179,318,1303,1029
ENSG00000113318.12,97,110,53,217,353,28,313,69
ENSG00000113319.14,244,644,137,468,568,61,273,158
ENSG00000113327.18,1,0,0,2,2,0,2,0
ENSG00000113328.22,610,874,500,4345,2409,108,1198,465
ENSG00000113356.14,40,30,12,18,20,7,19,13
ENSG00000113360.18,393,249,270,1147,1153,163,725,428
ENSG00000113361.14,62,128,55,211,215,10,104,54
ENSG00000113368.13,65,55,102,108,114,1,19,11
ENSG00000113369.9,585,806,409,547,1246,46,525,205
ENSG00000113384.15,1108,938,504,2924,1563,121,889,778
ENSG00000113387.14,1683,1747,636,3129,4314,365,2436,1266
ENSG00000113389.17,31,145,14,1671,1670,217,698,431
ENSG00000113391.20,293,205,167,417,529,38,254,92
ENSG00000113396.14,31,73,24,1948,2567,595,4391,399
ENSG00000113407.15,1265,641,322,2181,2035,202,1132,810
ENSG00000113430.12,83,42,10,181,328,88,112,302
ENSG00000113441.17,714,673,305,4060,3032,211,1812,749
ENSG00000113448.21,842,477,270,4203,1531,78,652,407
ENSG00000113456.21,282,211,126,1205,866,69,405,243
ENSG00000113460.14,550,276,175,351,351,45,255,143
ENSG00000113492.15,2,22,3,0,2,0,0,0
ENSG00000113494.18,4,13,12,45,38,2,26,9
ENSG00000113504.22,547,678,619,2518,4359,526,2698,1719
ENSG00000113520.11,0,0,0,0,0,0,0,0
ENSG00000113522.15,256,92,130,1005,500,61,474,83
ENSG00000113525.11,0,0,0,0,0,0,0,0
ENSG00000113532.14,99,763,96,111,370,20,154,25
ENSG00000113552.17,311,187,242,476,890,93,360,343
ENSG00000113555.6,478,1204,190,637,1209,78,451,323
ENSG00000113558.20,3169,3339,1859,8996,11773,960,5025,4207
ENSG00000113569.18,225,239,77,497,537,34,253,134
ENSG00000113575.14,2103,2131,732,6021,5300,587,2733,2205
ENSG00000113578.19,224,555,136,1151,1986,180,757,732
ENSG00000113580.16,737,1328,427,1725,2281,101,1327,427
ENSG00000113583.9,585,571,266,1321,1785,103,1030,513
ENSG00000113593.13,214,311,202,313,538,35,355,215
ENSG00000113594.11,545,2008,314,3171,2071,115,1398,490
ENSG00000113595.15,124,216,65,469,644,43,381,166
ENSG00000113597.19,160,188,82,466,744,46,404,233
ENSG00000113600.13,1,403,0,1,0,0,0,0
ENSG00000113615.14,266,216,73,515,452,23,323,99
ENSG00000113621.16,1161,716,490,1681,2091,186,979,667
ENSG00000113638.15,172,286,102,691,763,50,405,172
ENSG00000113643.10,824,586,339,1369,1118,114,608,418
ENSG00000113645.16,23,42,9,48,26,3,16,5
ENSG00000113648.18,1484,1112,798,2719,3037,416,1303,1066
ENSG00000113649.15,617,472,364,1120,982,48,825,283
ENSG00000113657.14,2418,1542,1070,2365,2363,165,912,521
ENSG00000113658.19,636,731,278,1463,1537,63,928,257
ENSG00000113712.19,3909,2676,1071,8374,5649,434,3193,1679
ENSG00000113716.14,617,442,282,980,958,81,448,477
ENSG00000113719.18,2154,805,723,3728,3461,512,1264,1319
ENSG00000113721.15,8358,2360,3139,4303,4743,530,2134,1515
ENSG00000113722.18,6,4,0,1,3,1,2,1
ENSG00000113732.10,2284,1785,1078,2694,3539,373,1570,1569
ENSG00000113734.19,217,153,74,162,247,35,120,115
ENSG00000113739.11,67,123,42,292,283,89,121,62
ENSG00000113742.14,690,462,326,11632,3208,275,2823,2192
ENSG00000113749.9,797,221,254,4830,2528,352,764,423
ENSG00000113758.15,1816,754,751,461,899,114,415,735
ENSG00000113761.13,175,118,125,220,306,21,142,110
ENSG00000113763.13,0,0,1,0,1,0,0,0
ENSG00000113790.12,24,184,32,302,701,74,450,175
ENSG00000113805.10,53,5,10,18,145,1,29,7
ENSG00000113810.17,214,354,221,712,828,44,515,149
ENSG00000113811.12,1422,1465,633,3061,2704,309,1156,1549
ENSG00000113812.15,253,190,108,836,846,94,588,358
ENSG00000113838.14,173,128,54,316,247,13,182,90
ENSG00000113845.11,822,583,397,2875,4529,527,2310,2075
ENSG00000113851.17,317,788,280,804,1457,84,738,424
ENSG00000113889.15,1,919,0,15,2,1,6,3
ENSG00000113905.6,0,555,0,2,3,0,0,0
ENSG00000113916.18,2488,772,3533,4996,1746,201,1739,755
ENSG00000113924.13,4,115,14,0,6,1,0,0
ENSG00000113946.5,0,9,1,0,0,0,3,0
ENSG00000113966.12,101,87,31,97,164,5,99,28
ENSG00000113971.22,171,299,177,326,508,16,404,119
ENSG00000114013.16,17,19,47,96,112,9,50,8
ENSG00000114019.16,285,492,328,1283,1785,279,1228,602
ENSG00000114021.13,370,483,462,738,1163,106,652,470
ENSG00000114023.16,767,1415,312,2329,3608,379,2198,2075
ENSG00000114026.22,217,170,147,151,284,10,128,92
ENSG00000114030.14,920,582,335,3964,1962,293,1200,617
ENSG00000114054.15,248,323,56,2727,3133,305,1782,1352
ENSG00000114062.23,921,872,281,4247,3322,342,2050,915
ENSG00000114098.19,584,429,226,1260,1017,97,611,319
ENSG00000114107.10,138,178,105,447,468,33,250,101
ENSG00000114113.7,0,0,0,0,0,0,0,0
ENSG00000114115.12,186,538,210,196,440,54,173,261
ENSG00000114120.15,706,690,414,2461,3807,100,2780,742
ENSG00000114124.3,4,0,3,3,2,0,3,6
ENSG00000114125.14,1160,983,501,1126,1641,173,681,835
ENSG00000114126.19,204,359,279,1683,1909,200,1215,779
ENSG00000114127.12,285,431,210,929,819,55,590,210
ENSG00000114166.9,329,741,183,3207,3459,324,2808,740
ENSG00000114200.11,59,142,31,43,304,9,126,51
ENSG00000114204.16,1,2,3,5,5,0,0,0
ENSG00000114209.16,366,412,135,771,834,39,493,311
ENSG00000114248.11,4,0,0,1,2,0,0,0
ENSG00000114251.15,23,40,28,77,173,11,99,19
ENSG00000114268.13,19,30,74,43,50,2,31,12
ENSG00000114270.18,289,144,184,323,432,19,303,189
ENSG00000114279.15,335,461,187,6642,9800,689,6446,2330
ENSG00000114302.18,603,460,193,2983,2106,226,1170,677
ENSG00000114315.5,330,3438,264,604,412,53,272,261
ENSG00000114316.14,790,623,608,1919,1744,173,830,588
ENSG00000114331.17,274,381,156,677,795,33,591,112
ENSG00000114346.15,72,55,46,431,182,7,75,32
ENSG00000114349.10,0,0,0,0,0,0,0,0
ENSG00000114353.18,3290,3760,1947,4767,6064,1022,2982,3671
ENSG00000114354.16,1752,868,609,2642,2504,344,1590,1189
ENSG00000114374.14,0,158,98,1585,1406,125,1025,381
ENSG00000114378.18,604,1030,273,1197,2130,376,969,1370
ENSG00000114383.11,640,603,368,1015,985,116,463,587
ENSG00000114388.15,258,274,251,312,465,33,233,238
ENSG00000114391.15,9895,9625,5847,8042,11451,1272,5409,4023
ENSG00000114395.12,142,118,109,96,113,25,58,59
ENSG00000114405.12,77,50,51,79,76,2,35,14
ENSG00000114416.20,1109,1300,454,4895,5479,510,3257,2223
ENSG00000114423.24,1262,397,691,1967,1647,80,1373,713
ENSG00000114439.20,442,436,174,1841,1607,109,1101,359
ENSG00000114446.6,487,347,211,547,584,47,300,234
ENSG00000114450.12,604,568,297,953,839,59,448,203
ENSG00000114455.16,7,6,14,0,1,0,0,1
ENSG00000114473.15,286,61,38,158,175,23,256,36
ENSG00000114480.14,1361,486,234,3944,3922,576,1856,980
ENSG00000114487.10,0,0,0,2,1,0,0,0
ENSG00000114491.15,219,171,91,205,186,23,144,85
ENSG00000114503.11,1054,560,473,1653,1581,110,809,442
ENSG00000114520.12,353,358,128,639,652,57,479,137
ENSG00000114529.14,137,11,5,337,76,6,45,79
ENSG00000114541.16,100,182,98,318,584,43,396,103
ENSG00000114544.18,377,454,160,882,1159,163,516,479
ENSG00000114547.10,13,9,3,48,102,3,31,24
ENSG00000114554.12,1378,205,461,1868,1455,257,742,728
ENSG00000114573.13,360,426,165,639,736,78,384,200
ENSG00000114626.19,512,866,1360,355,1162,76,399,457
ENSG00000114631.12,23,25,29,30,83,11,52,50
ENSG00000114638.9,2,1,2,1,35,0,8,4
ENSG00000114646.10,3,9,1,7,16,0,7,8
ENSG00000114648.13,272,230,153,783,500,68,300,265
ENSG00000114650.22,871,379,425,1012,1412,222,609,819
ENSG00000114654.9,76,419,103,81,267,22,132,170
ENSG00000114656.13,11,9,6,6,27,4,17,1
ENSG00000114670.15,50,55,22,44,57,7,36,32
ENSG00000114686.10,1087,442,289,1690,1857,201,1070,630
ENSG00000114698.16,461,428,230,596,783,45,450,156
ENSG00000114735.11,442,304,248,356,723,53,334,273
ENSG00000114737.17,433,101,176,1209,545,61,203,91
ENSG00000114738.12,1173,3170,629,11083,18686,2173,7644,8867
ENSG00000114739.15,129,80,61,507,356,10,221,93
ENSG00000114742.15,315,505,261,972,1214,80,573,368
ENSG00000114744.10,309,286,153,473,606,52,314,124
ENSG00000114745.16,828,391,405,1577,1471,154,722,758
ENSG00000114757.19,0,0,2,1,7,0,7,8
ENSG00000114767.8,418,112,191,212,268,44,130,143
ENSG00000114770.18,794,316,614,4531,2134,100,1782,1106
ENSG00000114771.15,1,65,2,0,14,0,0,0
ENSG00000114779.21,375,793,894,307,624,53,293,197
ENSG00000114784.4,1205,1041,782,3427,8060,912,3835,2955
ENSG00000114786.16,21,11,23,15,18,1,26,10
ENSG00000114790.14,192,216,66,142,133,7,70,51
ENSG00000114796.17,385,659,293,2895,6977,325,3027,1103
ENSG00000114805.19,6,68,12,13,72,1,74,9
ENSG00000114812.14,26,75,32,59,255,7,160,56
ENSG00000114841.18,115,112,180,181,215,4,156,44
ENSG00000114850.8,4103,1435,737,6331,5960,675,3068,2155
ENSG00000114853.16,1779,962,1015,4306,4755,925,1544,2021
ENSG00000114854.8,19772,25834,5669,75610,113045,19238,50020,80612
ENSG00000114857.20,1028,902,716,1967,1878,58,2384,531
ENSG00000114859.17,44,40,48,34,103,11,88,37
ENSG00000114861.25,1595,1385,1106,903,1096,64,418,309
ENSG00000114867.23,3599,1329,1006,14306,9024,1783,5310,4192
ENSG00000114902.15,593,672,350,1176,1976,184,972,926
ENSG00000114904.14,131,124,55,694,474,32,282,169
ENSG00000114923.18,1838,1334,1483,10736,12512,2980,7690,6432
ENSG00000114933.17,267,276,146,828,614,29,500,197
ENSG00000114942.16,4580,3269,3217,3895,5608,650,2820,2812
ENSG00000114948.14,283,315,98,3986,3202,323,2473,1497
ENSG00000114956.21,685,490,426,420,500,37,295,251
ENSG00000114978.19,1223,891,503,2455,2078,112,1078,548
ENSG00000114982.20,725,751,785,2077,2069,133,938,644
ENSG00000114988.13,397,407,139,647,795,82,401,397
ENSG00000114993.17,892,200,225,429,441,54,203,202
ENSG00000114999.9,833,333,360,2322,1808,199,853,691
ENSG00000115008.7,0,0,0,0,0,0,2,0
ENSG00000115009.13,7,1,7,4,0,0,0,0
ENSG00000115020.18,261,297,127,1253,1003,49,780,229
ENSG00000115041.15,153,105,93,119,111,13,30,75
ENSG00000115042.11,405,527,352,804,1580,136,653,655
ENSG00000115053.18,5539,2883,2328,10025,9859,1111,4771,2610
ENSG00000115073.9,932,868,519,1714,2667,325,1035,1421
ENSG00000115084.16,791,522,208,3184,2133,106,1105,577
ENSG00000115085.17,14,37,13,7,55,8,32,7
ENSG00000115091.13,1578,1118,527,4636,3015,272,1424,688
ENSG00000115107.21,197,133,66,896,570,61,275,162
ENSG00000115109.15,206,194,132,377,525,37,394,173
ENSG00000115112.9,9,36,14,27,7,0,2,0
ENSG00000115128.8,925,841,429,910,1250,103,678,521
ENSG00000115129.15,190,230,184,226,937,40,250,185
ENSG00000115137.12,98,148,45,517,431,37,401,175
ENSG00000115138.12,11,135,13,11,78,23,47,79
ENSG00000115145.11,513,413,231,1155,833,65,524,308
ENSG00000115155.19,9,1,3,4,1,1,0,2
ENSG00000115159.18,230,285,127,668,750,49,395,125
ENSG00000115163.16,6,4,63,28,19,0,5,38
ENSG00000115165.11,34,133,143,120,95,1,41,10
ENSG00000115170.17,562,382,150,1002,831,94,453,266
ENSG00000115183.16,485,631,145,7306,4773,290,2287,2065
ENSG00000115194.12,80,24,29,379,495,133,224,207
ENSG00000115204.16,783,284,348,658,1094,121,525,450
ENSG00000115207.16,369,262,276,987,746,86,461,304
ENSG00000115211.18,825,465,530,1360,931,124,458,421
ENSG00000115216.15,1541,1153,647,2574,2339,306,1205,1151
ENSG00000115221.14,11,38,0,78,198,7,146,13
ENSG00000115226.11,264,45,53,107,70,4,61,19
ENSG00000115232.14,36,95,35,236,130,6,84,21
ENSG00000115233.13,1059,342,238,1404,1710,180,791,538
ENSG00000115234.12,1453,1024,723,1799,1866,343,871,963
ENSG00000115239.25,125,248,147,227,424,22,173,115
ENSG00000115241.12,1331,730,448,2102,1564,261,784,900
ENSG00000115252.20,177,343,255,1697,790,40,205,131
ENSG00000115255.13,5,58,17,19,78,29,45,39
ENSG00000115257.16,2,2,10,0,18,1,13,10
ENSG00000115263.15,0,0,0,0,0,0,0,1
ENSG00000115266.12,4,1,3,2,13,4,3,18
ENSG00000115267.10,112,328,94,284,471,24,316,79
ENSG00000115268.11,6671,6765,5599,2449,4264,1226,2411,4123
ENSG00000115271.12,117,206,450,238,232,7,125,26
ENSG00000115274.15,88,112,110,231,195,64,139,168
ENSG00000115275.15,1195,294,509,781,860,91,512,418
ENSG00000115282.22,305,168,285,331,426,24,271,131
ENSG00000115286.22,617,1046,333,799,4599,994,2642,5142
ENSG00000115289.15,241,137,101,233,238,32,95,115
ENSG00000115290.12,75,145,60,159,396,39,280,130
ENSG00000115295.22,246,157,140,1841,1775,121,938,343
ENSG00000115297.11,0,1,0,0,0,0,1,0
ENSG00000115306.18,6379,11528,5298,27195,23836,3465,15300,10939
ENSG00000115307.18,3302,1604,1859,1865,1687,137,778,710
ENSG00000115310.20,4281,2658,1997,5423,2856,276,1398,619
ENSG00000115317.14,587,365,234,535,670,75,300,286
ENSG00000115318.13,276,94,82,122,254,28,114,71
ENSG00000115325.15,170,106,139,85,133,18,107,67
ENSG00000115339.16,7,17,11,10,11,0,17,1
ENSG00000115350.13,676,496,258,387,430,46,200,262
ENSG00000115353.11,3,1,1,7,11,0,3,6
ENSG00000115355.19,366,415,160,964,908,48,535,152
ENSG00000115361.9,11,57,63,34,47,3,57,4
ENSG00000115363.15,51,109,3,21,58,1,16,23
ENSG00000115364.15,425,520,142,998,1659,124,1145,556
ENSG00000115365.14,335,507,246,1774,2848,205,1700,617
ENSG00000115368.11,587,498,475,569,736,60,514,188
ENSG00000115380.21,3120,1230,2870,2491,2345,127,911,485
ENSG00000115386.7,0,1,9,21,3,0,3,0
ENSG00000115392.14,232,329,193,173,290,12,212,82
ENSG00000115414.22,105156,3500,3625,20009,14069,3565,6366,3195
ENSG00000115415.22,611,1065,495,2955,2363,246,1524,467
ENSG00000115419.15,807,702,271,2530,2093,115,1198,446
ENSG00000115421.14,202,325,93,416,424,27,257,118
ENSG00000115423.19,1,13,1,4,6,0,8,7
ENSG00000115425.15,22,106,19,61,215,18,170,105
ENSG00000115446.13,393,340,229,462,739,38,446,247
ENSG00000115457.11,1419,672,171,1200,1404,700,444,890
ENSG00000115459.19,393,224,328,316,518,12,395,188
ENSG00000115461.6,17457,4318,3214,11307,22273,1486,9055,5253
ENSG00000115464.15,1068,844,635,4323,2249,152,1536,752
ENSG00000115468.14,999,885,870,627,793,119,605,476
ENSG00000115474.7,0,1,0,0,0,0,0,3
ENSG00000115484.16,2253,1304,499,2686,3019,365,1561,1160
ENSG00000115486.14,708,338,216,792,832,70,572,297
ENSG00000115488.4,3,2,0,2,2,0,0,0
ENSG00000115504.16,411,530,201,787,840,58,632,202
ENSG00000115507.11,1,0,0,0,0,0,0,0
ENSG00000115514.13,269,303,104,640,670,49,436,139
ENSG00000115520.10,590,745,255,1232,1087,93,635,386
ENSG00000115523.18,62,289,35,50,132,7,25,5
ENSG00000115524.18,2539,3428,2241,7167,7823,514,5267,2202
ENSG00000115525.19,302,263,265,76,185,3,112,39
ENSG00000115526.12,156,99,120,344,403,55,197,218
ENSG00000115539.16,386,273,97,900,584,90,276,334
ENSG00000115540.16,540,481,197,1340,1633,82,912,363
ENSG00000115541.12,2405,1097,473,1677,2144,248,1626,1428
ENSG00000115548.18,471,788,428,1458,1534,99,1230,642
ENSG00000115556.15,7,8,7,12,25,0,27,5
ENSG00000115561.17,1249,1569,776,4436,4651,561,2394,1903
ENSG00000115568.17,279,166,261,781,775,82,412,283
ENSG00000115590.15,109,6,469,45,18,1,8,0
ENSG00000115592.14,3,8,0,2,18,3,5,10
ENSG00000115593.16,758,803,174,16896,17599,3966,12086,5273
ENSG00000115594.13,4751,721,1541,2357,1508,93,807,361
ENSG00000115596.4,10,9,28,14,15,10,6,25
ENSG00000115598.11,77,4,22,17,8,2,1,6
ENSG00000115602.18,1928,112,1564,271,25,19,21,57
ENSG00000115604.13,187,65,230,171,72,7,41,38
ENSG00000115607.11,15,39,225,19,21,0,2,0
ENSG00000115616.4,0,0,0,4,2,1,1,4
ENSG00000115641.20,3570,3075,1930,29522,43579,4580,18665,21894
ENSG00000115648.15,92,333,95,315,1289,186,530,589
ENSG00000115649.17,789,649,715,1927,2063,362,977,761
ENSG00000115652.16,497,251,103,992,925,135,415,362
ENSG00000115657.15,489,148,385,496,560,66,389,197
ENSG00000115661.15,227,142,171,389,446,55,202,229
ENSG00000115665.10,1,14,0,9,17,1,15,0
ENSG00000115677.19,6935,2924,2770,15298,14175,2371,5951,4739
ENSG00000115685.16,901,702,426,1264,1689,331,784,872
ENSG00000115687.15,39,31,72,27,63,1,53,15
ENSG00000115694.16,1213,649,711,1289,2022,263,930,1200
ENSG00000115705.23,246,86,277,300,151,19,174,119
ENSG00000115718.19,1,62,0,0,0,0,0,0
ENSG00000115738.11,574,1802,486,849,1146,72,735,409
ENSG00000115750.18,86,49,37,168,128,9,55,24
ENSG00000115756.14,521,546,384,365,848,130,391,640
ENSG00000115758.15,1197,281,438,1213,1900,190,879,917
ENSG00000115760.16,489,411,232,2146,1701,143,1190,600
ENSG00000115761.18,442,301,186,741,686,74,342,184
ENSG00000115762.18,910,868,422,3349,1981,172,781,736
ENSG00000115806.14,1229,669,351,2413,2247,305,1286,950
ENSG00000115808.14,625,417,183,3778,2472,195,1533,624
ENSG00000115816.16,522,595,250,1153,983,91,618,364
ENSG00000115825.12,504,619,209,621,933,46,374,199
ENSG00000115827.15,179,95,92,312,342,13,245,92
ENSG00000115828.18,106,55,56,79,113,5,11,23
ENSG00000115839.21,898,706,392,3798,2645,293,1427,893
ENSG00000115840.15,414,480,277,4227,3799,424,2799,1352
ENSG00000115841.22,53,69,49,93,184,7,128,40
ENSG00000115844.11,0,0,2,0,0,0,0,0
ENSG00000115850.10,0,0,0,0,0,0,0,0
ENSG00000115866.12,687,1446,533,2185,2371,181,1264,570
ENSG00000115875.20,1601,1985,960,1199,1498,135,1128,570
ENSG00000115884.12,9,201,10,8,21,1,3,8
ENSG00000115896.17,234,217,65,4366,3747,395,3084,1026
ENSG00000115902.12,530,142,111,1557,459,71,223,218
ENSG00000115904.16,552,796,242,1573,1453,96,1355,449
ENSG00000115919.16,21,21,39,63,36,2,9,4
ENSG00000115935.20,510,829,465,694,1172,96,460,170
ENSG00000115942.10,192,228,120,596,885,63,551,208
ENSG00000115944.16,921,1195,592,1977,2963,169,1245,1098
ENSG00000115946.9,597,180,155,512,394,36,203,133
ENSG00000115947.15,280,350,128,639,877,94,539,253
ENSG00000115956.10,31,85,248,175,215,16,101,18
ENSG00000115963.15,683,478,297,1910,804,78,669,253
ENSG00000115966.19,481,699,220,748,965,25,568,197
ENSG00000115970.20,467,301,225,703,599,55,293,174
ENSG00000115977.22,800,663,368,3881,2901,282,1718,1352
ENSG00000115993.14,1686,2263,915,6824,6659,447,4369,1796
ENSG00000115998.9,134,123,99,187,196,15,111,89
ENSG00000116001.18,738,879,432,1098,1764,42,1221,433
ENSG00000116005.13,364,955,399,3741,4437,475,3070,1273
ENSG00000116014.11,0,0,0,0,0,0,0,0
ENSG00000116016.15,5646,11146,2948,13142,15426,2024,8311,7171
ENSG00000116017.12,78,53,100,57,158,28,101,49
ENSG00000116030.18,1087,1439,562,1743,2507,169,1319,653
ENSG00000116031.9,0,1,0,4,3,0,4,2
ENSG00000116032.5,0,2,1,0,0,0,1,2
ENSG00000116035.4,6,7,9,7,11,1,15,2
ENSG00000116039.14,12,32,20,0,2,0,0,5
ENSG00000116044.18,1287,1846,972,2329,2338,171,1979,990
ENSG00000116062.20,348,352,187,955,725,60,522,213
ENSG00000116095.12,334,314,138,1272,903,69,505,259
ENSG00000116096.8,575,400,206,921,906,128,317,608
ENSG00000116106.13,157,286,48,765,505,54,290,133
ENSG00000116117.20,62,186,86,251,435,40,276,120
ENSG00000116120.12,1024,368,472,1233,1066,184,661,352
ENSG00000116127.20,191,186,90,265,353,11,203,91
ENSG00000116128.12,194,122,155,651,607,87,376,194
ENSG00000116132.12,1929,688,512,2694,1968,187,1627,421
ENSG00000116133.14,375,384,123,579,720,215,294,182
ENSG00000116138.14,280,184,86,809,609,51,420,192
ENSG00000116141.18,157,96,95,709,601,69,467,249
ENSG00000116147.19,0,0,0,0,3,0,0,0
ENSG00000116151.15,12,19,47,13,57,5,56,31
ENSG00000116157.6,125,125,105,165,184,31,54,48
ENSG00000116161.19,1379,712,180,1106,1461,129,890,553
ENSG00000116171.20,787,1161,382,3112,4297,314,2608,1143
ENSG00000116176.8,0,0,0,1,1,0,1,0
ENSG00000116183.11,2,6,2,55,18,4,5,9
ENSG00000116191.20,116,136,61,476,434,14,260,94
ENSG00000116194.14,111,388,225,513,931,47,389,218
ENSG00000116198.15,283,142,103,846,691,72,489,289
ENSG00000116199.13,986,964,639,3483,2769,184,1423,724
ENSG00000116205.15,94,78,69,212,374,30,214,120
ENSG00000116209.13,2102,2717,1128,5122,6284,606,3452,2075
ENSG00000116212.17,298,220,112,423,371,37,150,124
ENSG00000116213.17,275,185,168,226,354,43,155,162
ENSG00000116218.14,0,45,0,0,0,0,0,0
ENSG00000116221.16,643,672,325,1719,2529,385,1195,1326
ENSG00000116237.17,1404,561,484,4671,2345,427,1028,991
ENSG00000116251.12,5179,6532,5395,6432,9269,912,4616,3764
ENSG00000116254.18,0,0,5,2,5,0,4,2
ENSG00000116260.17,1519,1258,950,2445,2532,906,1108,1317
ENSG00000116266.12,357,497,256,718,852,33,503,168
ENSG00000116273.7,363,259,168,244,399,33,190,120
ENSG00000116285.14,413,1011,321,887,401,44,402,245
ENSG00000116288.14,3271,2164,1089,4672,5689,830,2820,3345
ENSG00000116299.18,3,7,11,7,11,0,2,3
ENSG00000116329.12,2,0,1,5,6,0,1,2
ENSG00000116337.21,765,221,275,336,372,38,250,139
ENSG00000116350.19,1428,918,883,2277,1750,276,1227,317
ENSG00000116353.17,246,198,129,542,947,113,407,435
ENSG00000116396.15,286,94,164,298,322,28,171,93
ENSG00000116406.21,506,478,180,1183,942,41,773,222
ENSG00000116455.14,762,323,202,1201,1178,143,610,571
ENSG00000116459.12,1895,1825,580,11926,17899,1746,8404,7417
ENSG00000116473.16,1572,1683,622,4017,2903,233,1336,724
ENSG00000116478.14,690,766,388,817,1081,125,722,538
ENSG00000116489.14,1558,1594,799,1108,1233,44,589,332
ENSG00000116497.19,257,392,223,359,545,15,331,125
ENSG00000116514.18,270,175,117,668,583,51,237,230
ENSG00000116521.13,281,500,306,195,633,286,756,437
ENSG00000116525.14,111,116,70,143,111,31,75,47
ENSG00000116539.14,571,449,250,3875,2070,248,1884,675
ENSG00000116544.12,0,1,5,1,4,2,5,1
ENSG00000116560.12,2290,2759,1968,4383,3268,310,2610,1446
ENSG00000116574.6,159,309,143,351,222,16,196,67
ENSG00000116580.21,447,340,453,962,950,72,704,344
ENSG00000116584.23,1471,716,841,1011,1912,202,1131,641
ENSG00000116586.13,619,809,426,651,1235,117,432,745
ENSG00000116604.20,1374,938,573,4652,4300,637,2566,2244
ENSG00000116641.19,238,166,99,470,395,56,359,168
ENSG00000116649.11,2422,498,492,828,1076,270,445,821
ENSG00000116661.12,79,107,32,56,43,16,50,65
ENSG00000116663.12,86,96,41,223,241,29,131,177
ENSG00000116667.16,920,1475,837,3182,2216,266,1252,761
ENSG00000116668.14,68,90,33,122,199,11,126,67
ENSG00000116670.18,465,197,213,342,332,54,164,251
ENSG00000116675.16,22,37,25,165,238,44,182,116
ENSG00000116678.20,83,224,126,244,556,15,298,91
ENSG00000116679.18,1257,2769,589,3415,3502,192,2083,2126
ENSG00000116685.18,624,501,388,1060,1479,284,742,885
ENSG00000116688.19,3262,1791,952,26769,21675,3495,10523,10011
ENSG00000116690.14,1111,87,28,277,1043,5,173,25
ENSG00000116691.12,256,148,223,183,229,42,86,98
ENSG00000116698.23,897,626,551,2393,2052,221,1243,729
ENSG00000116701.17,63,66,390,190,206,18,62,13
ENSG00000116703.14,0,0,0,0,0,0,0,0
ENSG00000116704.9,185,140,74,304,378,11,333,128
ENSG00000116711.11,213,49,38,79,123,9,45,36
ENSG00000116717.13,382,684,337,885,1703,192,409,435
ENSG00000116721.9,0,0,0,0,0,0,0,0
ENSG00000116726.5,0,0,0,0,0,0,0,0
ENSG00000116729.15,382,392,263,3034,2605,392,1312,873
ENSG00000116731.23,601,581,564,1402,1367,107,1090,443
ENSG00000116741.8,674,1641,356,510,622,28,374,381
ENSG00000116745.8,0,0,1,0,2,0,0,0
ENSG00000116747.14,296,261,95,1172,976,50,589,164
ENSG00000116748.22,0,0,0,1,0,0,0,0
ENSG00000116750.15,273,378,136,1037,1432,101,882,408
ENSG00000116752.7,419,522,152,710,835,69,628,378
ENSG00000116754.15,1263,1436,998,2219,2323,112,2052,393
ENSG00000116761.13,43,77,17,48,71,7,48,26
ENSG00000116771.7,10,33,3,2,4,0,8,1
ENSG00000116774.13,319,963,501,362,846,154,510,300
ENSG00000116783.16,59,261,112,2138,4021,264,1751,625
ENSG00000116785.16,10,109,9,3,5,0,0,3
ENSG00000116786.16,1696,562,872,2764,3432,452,1205,1606
ENSG00000116791.15,240,345,76,1167,1150,31,867,323
ENSG00000116793.17,179,133,43,309,316,24,189,105
ENSG00000116809.13,371,219,274,370,611,90,298,311
ENSG00000116815.17,394,315,140,512,637,34,361,212
ENSG00000116819.9,8,14,8,10,7,1,1,4
ENSG00000116824.6,3,62,1,13,29,11,24,3
ENSG00000116830.13,121,71,77,293,292,20,164,59
ENSG00000116833.15,23,38,35,33,66,6,44,8
ENSG00000116852.15,13,30,55,28,40,3,21,10
ENSG00000116857.18,423,484,327,465,966,84,337,328
ENSG00000116863.12,345,280,179,650,535,71,224,290
ENSG00000116871.17,2391,1873,787,7683,12148,2709,4589,5130
ENSG00000116874.13,134,106,87,289,408,40,202,133
ENSG00000116882.16,0,78,1,0,0,0,0,0
ENSG00000116885.19,41,59,42,97,167,21,105,99
ENSG00000116898.13,1280,1676,719,1676,2695,351,1096,613
ENSG00000116903.7,136,285,99,615,357,28,242,109
ENSG00000116906.14,767,881,428,2195,2690,241,1299,871
ENSG00000116918.16,269,618,234,909,1289,78,772,244
ENSG00000116922.16,136,40,55,224,264,18,144,97
ENSG00000116954.9,348,447,250,1356,997,85,439,253
ENSG00000116962.16,2616,1369,2255,3691,3677,444,2157,1354
ENSG00000116977.20,789,712,437,3262,3909,399,2049,1345
ENSG00000116981.5,28,170,37,1320,2906,210,630,693
ENSG00000116983.14,9,16,0,53,591,22,97,135
ENSG00000116984.16,517,429,355,2937,3225,272,2537,789
ENSG00000116985.12,167,20,16,39,29,7,24,28
ENSG00000116990.12,6,9,2,18,22,2,14,11
ENSG00000116991.13,550,444,224,6460,4869,608,3105,1754
ENSG00000116996.10,0,0,0,0,0,0,0,0
ENSG00000117000.9,164,302,108,632,627,35,423,200
ENSG00000117009.13,2,14,14,9,6,3,12,0
ENSG00000117010.18,41,62,35,141,232,15,136,82
ENSG00000117013.18,56,30,28,44,63,10,46,40
ENSG00000117016.11,37,14,35,81,52,7,36,18
ENSG00000117020.19,1134,1037,476,553,1267,51,429,302
ENSG00000117036.12,209,541,116,710,705,49,320,192
ENSG00000117054.16,437,426,133,6445,8998,828,6776,2167
ENSG00000117069.16,5,13,8,8,26,1,8,4
ENSG00000117090.17,21,15,24,36,11,0,12,2
ENSG00000117091.11,14,102,65,64,90,3,37,7
ENSG00000117114.22,753,745,206,3053,2621,175,1494,752
ENSG00000117115.14,5,27,41,24,24,1,4,3
ENSG00000117118.13,1036,1141,355,5787,9388,1023,5385,5353
ENSG00000117122.15,91,96,121,49,118,20,51,41
ENSG00000117133.12,640,507,202,824,984,123,677,353
ENSG00000117139.19,465,467,212,528,726,37,387,190
ENSG00000117143.15,2860,1093,1143,1146,775,58,439,339
ENSG00000117148.9,0,0,0,0,0,0,0,0
ENSG00000117151.14,147,244,187,246,313,19,176,65
ENSG00000117152.14,128,112,30,47,275,12,41,24
ENSG00000117153.17,365,374,198,975,1136,98,654,368
ENSG00000117154.13,5,1,31,10,34,2,14,15
ENSG00000117155.18,165,196,81,626,483,31,277,104
ENSG00000117174.12,416,286,189,494,519,46,298,145
ENSG00000117215.15,0,0,0,0,1,1,0,0
ENSG00000117222.15,197,253,90,481,449,48,264,158
ENSG00000117226.14,256,587,62,462,593,18,120,71
ENSG00000117228.12,298,928,164,752,712,28,428,128
ENSG00000117245.14,48,246,43,80,127,12,81,36
ENSG00000117262.20,222,252,152,277,432,39,327,158
ENSG00000117266.17,1157,1037,263,5678,6935,1341,3381,4289
ENSG00000117280.14,222,137,114,905,570,60,276,116
ENSG00000117281.17,0,49,0,3,13,0,21,1
ENSG00000117298.16,2216,1212,1922,3231,3025,505,1182,1322
ENSG00000117305.16,246,482,251,542,1678,142,549,687
ENSG00000117308.16,204,90,68,90,130,38,55,68
ENSG00000117318.10,1658,2641,746,763,1639,171,1068,1096
ENSG00000117322.20,0,1,0,0,3,0,0,3
ENSG00000117335.22,1151,1978,518,3726,4225,179,2404,1007
ENSG00000117360.14,696,445,543,667,908,59,680,295
ENSG00000117362.14,1246,1191,672,1741,2572,238,1131,1016
ENSG00000117385.17,1194,308,434,433,423,40,180,128
ENSG00000117394.25,202,148,1028,1520,1135,252,778,431
ENSG00000117395.14,832,306,250,940,850,174,376,318
ENSG00000117399.15,7,7,119,23,40,3,2,6
ENSG00000117400.19,2,10,1,23,56,4,12,26
ENSG00000117407.18,8,1,28,17,5,0,2,5
ENSG00000117408.12,762,499,356,2810,2565,325,1143,1209
ENSG00000117410.15,1174,984,766,1233,1501,148,624,933
ENSG00000117411.19,1391,308,343,1158,1102,202,415,745
ENSG00000117419.17,682,631,380,996,1355,187,608,656
ENSG00000117425.16,26,26,14,19,47,0,27,27
ENSG00000117448.15,1013,591,532,732,1037,110,383,349
ENSG00000117450.16,5030,2814,1842,5540,5998,666,3037,2479
ENSG00000117461.16,2435,1862,455,2185,1732,183,808,749
ENSG00000117472.11,38,71,10,42,24,4,2,11
ENSG00000117475.15,298,290,103,674,594,24,373,182
ENSG00000117477.14,23,17,4,53,29,2,34,3
ENSG00000117479.16,1069,2011,270,2368,1103,47,603,818
ENSG00000117480.17,64,75,101,52,125,7,68,42
ENSG00000117481.13,275,271,154,593,447,57,291,305
ENSG00000117500.14,918,447,223,2014,1621,80,994,388
ENSG00000117501.16,0,0,0,0,0,0,1,0
ENSG00000117505.14,618,535,252,1255,1535,126,881,364
ENSG00000117519.17,3633,2844,1702,3542,2757,180,1530,1052
ENSG00000117523.18,1231,1239,734,3593,2330,257,1798,489
ENSG00000117525.15,166,262,129,2664,2082,196,1403,674
ENSG00000117528.15,376,562,152,2290,2324,203,1196,578
ENSG00000117533.16,304,407,176,379,560,34,369,100
ENSG00000117543.23,274,242,131,487,800,78,430,306
ENSG00000117560.9,4,12,0,1,9,1,0,1
ENSG00000117569.21,221,324,178,447,495,10,360,118
ENSG00000117586.13,10,25,16,59,60,3,36,24
ENSG00000117592.10,4511,3268,2340,9168,9893,999,4433,3758
ENSG00000117593.13,121,63,62,570,609,75,348,137
ENSG00000117594.11,264,139,223,89,57,4,153,25
ENSG00000117595.14,122,134,48,843,1450,113,542,700
ENSG00000117597.19,223,111,82,590,283,28,156,118
ENSG00000117598.15,2,1,0,0,6,0,0,0
ENSG00000117600.15,5,17,8,14,66,1,27,13
ENSG00000117601.16,3,524,0,2,6,0,2,7
ENSG00000117602.14,135,243,68,428,418,28,164,70
ENSG00000117614.11,531,913,533,897,1375,150,783,588
ENSG00000117616.19,1371,1987,1255,806,2106,23,1769,705
ENSG00000117620.16,171,270,114,338,418,24,318,96
ENSG00000117625.15,357,487,257,1053,1678,121,1052,428
ENSG00000117632.24,297,564,510,815,1079,88,309,325
ENSG00000117640.19,1194,2147,665,5166,8527,880,3029,3335
ENSG00000117643.17,169,359,156,1135,863,141,601,332
ENSG00000117650.14,0,0,28,6,8,0,1,0
ENSG00000117676.15,122,160,290,220,144,15,70,51
ENSG00000117682.19,351,193,137,558,660,169,397,311
ENSG00000117691.11,2269,2595,1478,1949,2212,366,1005,1556
ENSG00000117697.16,291,375,167,490,734,52,461,229
ENSG00000117707.18,133,104,17,1212,1917,204,1191,140
ENSG00000117713.22,681,485,348,2745,2009,287,1342,753
ENSG00000117724.16,7,14,74,37,67,4,6,8
ENSG00000117748.11,452,384,218,632,979,90,543,335
ENSG00000117751.19,451,403,223,786,951,102,593,373
ENSG00000117758.15,709,773,365,1445,1115,106,668,353
ENSG00000117791.17,341,422,212,505,1117,71,772,284
ENSG00000117834.14,59,17,8,1,4,0,8,3
ENSG00000117859.20,658,641,568,1722,2477,160,1400,838
ENSG00000117862.15,759,654,331,781,909,80,459,332
ENSG00000117868.19,1549,1334,685,4410,3303,310,2094,1295
ENSG00000117877.11,183,40,43,263,296,38,149,51
ENSG00000117899.12,741,687,326,928,1067,105,616,473
ENSG00000117906.15,301,426,99,927,1315,91,809,345
ENSG00000117971.13,1,0,0,1,0,0,2,0
ENSG00000117983.17,0,0,0,0,0,2,4,2
ENSG00000117984.16,2325,3178,3041,11522,18072,3402,8119,12561
ENSG00000118004.19,84,331,106,84,541,36,135,230
ENSG00000118007.14,686,587,348,1470,1000,87,610,251
ENSG00000118017.5,0,0,0,1,0,0,0,0
ENSG00000118046.19,410,261,434,1021,1445,258,943,1332
ENSG00000118058.26,544,642,327,1568,1462,103,1238,477
ENSG00000118094.13,6,7,5,0,0,1,137,29
ENSG00000118096.10,371,245,162,706,617,46,373,315
ENSG00000118113.12,0,4,102,2,3,0,0,0
ENSG00000118137.11,52,2168,26,769,1674,559,781,1754
ENSG00000118156.13,19,44,6,14,50,6,20,18
ENSG00000118160.15,1,3,2,2,7,1,3,2
ENSG00000118162.15,123,69,65,87,143,25,88,100
ENSG00000118181.12,9233,10486,7434,8640,12565,1708,8524,5983
ENSG00000118193.13,2,4,11,0,12,1,2,1
ENSG00000118194.23,42418,64732,14263,177226,242179,52415,113613,80988
ENSG00000118197.15,147,322,162,440,525,27,272,182
ENSG00000118200.17,553,712,231,1473,1166,65,686,304
ENSG00000118217.8,660,471,282,1511,1298,153,750,474
ENSG00000118231.5,0,0,0,0,0,0,0,0
ENSG00000118242.17,13,26,12,11,34,0,14,3
ENSG00000118245.2,0,0,0,0,0,0,0,0
ENSG00000118246.15,376,536,169,1786,2383,247,1498,817
ENSG00000118257.17,269,506,139,229,698,25,341,102
ENSG00000118260.16,396,592,202,945,1177,60,670,247
ENSG00000118263.17,748,414,228,2028,925,82,699,391
ENSG00000118271.13,1,2246,2,3,11,0,4,1
ENSG00000118276.13,50,46,11,250,268,5,142,54
ENSG00000118292.10,269,963,158,298,472,24,204,152
ENSG00000118298.13,10,93,1,157,925,73,331,305
ENSG00000118307.21,1,8,2,6,22,0,11,6
ENSG00000118308.17,31,113,54,38,110,4,30,15
ENSG00000118322.15,0,0,0,0,0,0,0,0
ENSG00000118363.14,1811,955,615,1858,1776,177,844,631
ENSG00000118369.14,247,52,67,250,227,25,116,54
ENSG00000118402.6,34,18,20,15,24,1,11,3
ENSG00000118407.16,980,1086,282,7684,5945,623,3806,1852
ENSG00000118412.13,0,0,0,0,0,0,159,0
ENSG00000118418.17,476,1025,727,2477,4449,264,2358,1271
ENSG00000118420.18,40,32,23,48,71,2,34,26
ENSG00000118432.14,23,9,38,26,21,4,37,2
ENSG00000118434.9,0,0,0,0,0,0,0,0
ENSG00000118454.14,223,272,161,420,488,31,280,121
ENSG00000118473.24,95,196,124,404,314,4,97,53
ENSG00000118482.13,435,771,285,1600,1880,121,1224,330
ENSG00000118491.10,0,0,0,0,0,0,0,0
ENSG00000118492.19,0,7,0,0,0,0,0,0
ENSG00000118495.22,394,479,230,463,1049,21,625,254
ENSG00000118496.6,255,235,120,1090,1064,68,654,269
ENSG00000118503.19,203,478,171,514,448,28,171,78
ENSG00000118507.20,37,134,58,253,473,25,248,87
ENSG00000118508.6,333,236,174,122,170,17,87,69
ENSG00000118513.22,1,13,5,6,5,0,0,0
ENSG00000118514.15,6,48,21,5,10,0,15,3
ENSG00000118515.13,1660,2935,222,849,755,63,555,388
ENSG00000118518.18,579,610,506,1637,1515,104,920,640
ENSG00000118520.17,1,167,160,4,6,0,1,0
ENSG00000118523.7,8165,1988,964,3918,1137,268,734,1175
ENSG00000118526.8,1284,388,521,646,453,51,291,333
ENSG00000118557.16,3,3,4,3,3,0,44,8
ENSG00000118564.16,819,1426,541,3691,4407,298,2421,1060
ENSG00000118579.13,855,748,481,1045,1107,61,870,433
ENSG00000118596.13,333,279,102,7400,6131,170,3990,1048
ENSG00000118600.14,282,152,109,637,539,37,379,272
ENSG00000118620.14,46,68,50,91,132,1,60,22
ENSG00000118640.12,146,273,308,272,237,29,94,62
ENSG00000118655.9,81,52,68,107,106,6,49,30
ENSG00000118680.15,4390,4220,2279,6426,6528,658,2902,2917
ENSG00000118689.16,1296,1128,1248,3812,1755,163,1001,760
ENSG00000118690.14,32,39,27,117,141,5,93,28
ENSG00000118702.12,0,1,0,1,1,0,3,0
ENSG00000118705.19,3867,1454,966,4698,3292,470,2072,1338
ENSG00000118707.12,235,207,124,311,395,25,194,141
ENSG00000118729.16,3730,6000,608,51951,38105,5824,21815,19280
ENSG00000118733.18,0,1,0,1,2,0,0,0
ENSG00000118762.9,649,404,422,971,939,65,584,271
ENSG00000118777.13,61,22,18,142,165,4,75,22
ENSG00000118785.16,162,123,439,1032,196,27,35,75
ENSG00000118804.9,506,182,97,7675,1837,205,874,928
ENSG00000118816.13,4309,3422,3647,12778,10135,1004,3418,2489
ENSG00000118849.11,1698,156,2178,943,130,8,98,46
ENSG00000118855.22,394,476,401,953,1060,106,582,218
ENSG00000118873.18,328,253,139,1038,954,78,699,257
ENSG00000118894.16,259,90,80,221,191,43,77,127
ENSG00000118898.17,112,168,181,363,267,118,207,114
ENSG00000118900.16,584,182,334,2936,2313,134,994,943
ENSG00000118922.20,403,498,139,697,1019,35,691,263
ENSG00000118939.20,497,190,107,481,517,43,194,189
ENSG00000118946.12,166,354,94,121,586,15,214,33
ENSG00000118960.14,308,331,276,495,752,68,365,342
ENSG00000118961.16,128,80,54,173,205,12,128,76
ENSG00000118965.17,158,109,81,299,349,23,220,102
ENSG00000118971.10,2268,1565,994,10964,8170,444,3267,3305
ENSG00000118972.3,21,3,0,0,5,0,0,4
ENSG00000118985.17,1991,926,498,4722,731,52,838,919
ENSG00000118997.14,2,8,2,5,14,1,3,1
ENSG00000119004.18,277,248,217,491,514,38,230,189
ENSG00000119013.11,873,923,303,3437,5868,543,3922,3232
ENSG00000119041.12,273,297,152,586,781,98,482,271
ENSG00000119042.19,33,7,16,45,40,2,17,9
ENSG00000119048.10,1674,1466,940,3642,4150,260,2024,1478
ENSG00000119121.23,21,17,28,38,21,1,3,6
ENSG00000119125.18,0,12,0,10,12,0,61,4
ENSG00000119138.5,1538,2265,1013,5780,3746,340,2362,1502
ENSG00000119139.22,789,977,355,2421,3722,412,2479,1099
ENSG00000119147.10,15,122,24,54,139,5,62,64
ENSG00000119185.14,1297,1148,718,1437,2368,198,1193,703
ENSG00000119203.15,294,256,175,498,534,53,285,208
ENSG00000119227.9,30,37,87,137,218,26,141,100
ENSG00000119231.12,531,467,255,812,818,25,450,236
ENSG00000119242.10,493,583,574,1698,1854,392,1037,743
ENSG00000119280.18,885,621,426,2013,1997,329,1307,845
ENSG00000119283.16,0,1,0,2,1,0,0,0
ENSG00000119285.12,518,203,179,965,455,41,425,150
ENSG00000119314.18,719,956,446,827,824,29,478,121
ENSG00000119318.14,2018,1440,646,4666,4603,452,2524,1576
ENSG00000119321.11,461,362,379,1196,1100,145,712,271
ENSG00000119326.16,483,513,197,2331,2726,206,1342,672
ENSG00000119328.13,241,160,100,420,539,35,335,237
ENSG00000119333.13,372,685,527,440,960,204,404,558
ENSG00000119335.19,4031,2631,1444,6123,5785,612,2687,2073
ENSG00000119383.22,2816,1356,1264,3556,5036,768,2076,2619
ENSG00000119392.17,322,317,237,734,1027,96,519,327
ENSG00000119396.13,1346,1858,551,2478,2941,252,1774,902
ENSG00000119397.20,96,209,106,242,242,12,176,33
ENSG00000119401.12,126,107,46,522,430,43,236,188
ENSG00000119402.19,763,621,468,2085,1998,141,1223,717
ENSG00000119403.16,443,218,346,317,556,44,228,280
ENSG00000119408.18,193,79,100,159,155,15,94,64
ENSG00000119411.12,47,16,22,122,47,4,16,4
ENSG00000119414.13,885,1001,440,1882,1999,170,1078,532
ENSG00000119421.8,1467,2602,577,5042,6188,1041,2706,4007
ENSG00000119431.11,217,222,138,465,412,61,200,184
ENSG00000119446.15,408,372,195,1734,1577,143,828,414
ENSG00000119457.9,6,3,3,4,2,0,1,0
ENSG00000119471.16,753,742,331,6564,9066,667,4962,2580
ENSG00000119487.18,1042,416,376,3653,3591,535,1470,1478
ENSG00000119508.18,294,2006,47,1157,397,40,1657,426
ENSG00000119509.14,218,162,129,314,325,24,293,102
ENSG00000119514.8,24,47,65,30,45,1,26,18
ENSG00000119522.19,324,242,273,581,581,85,211,250
ENSG00000119523.11,404,252,205,404,488,40,294,186
ENSG00000119535.21,100,116,2349,139,228,12,56,14
ENSG00000119537.19,781,623,335,1521,1083,101,559,279
ENSG00000119541.11,371,578,284,571,751,55,407,186
ENSG00000119547.6,1,11,0,8,2,0,4,0
ENSG00000119559.18,271,206,241,124,415,38,155,298
ENSG00000119574.14,98,96,63,132,226,58,107,182
ENSG00000119596.19,536,416,404,1624,1584,185,1062,583
ENSG00000119599.19,180,51,100,263,181,19,95,74
ENSG00000119608.15,0,0,0,0,0,0,0,0
ENSG00000119614.3,0,0,0,0,0,0,0,0
ENSG00000119616.11,374,233,189,811,965,72,507,262
ENSG00000119630.15,620,387,423,264,256,42,130,107
ENSG00000119632.5,415,716,403,245,485,9,6,22
ENSG00000119636.17,73,79,68,96,123,7,114,28
ENSG00000119638.15,1016,753,655,4005,3983,418,2403,1346
ENSG00000119640.10,114,62,114,88,196,9,121,68
ENSG00000119650.14,379,293,177,345,403,52,212,253
ENSG00000119655.12,782,1235,1068,1416,1846,269,793,716
ENSG00000119661.16,263,226,134,461,479,41,241,123
ENSG00000119669.5,568,224,375,1202,1155,263,673,488
ENSG00000119673.17,366,411,167,2220,2935,468,1984,1618
ENSG00000119681.13,3339,1118,2575,934,1652,597,468,657
ENSG00000119682.19,572,266,259,1083,822,109,438,374
ENSG00000119684.17,239,237,246,717,647,43,447,178
ENSG00000119685.21,156,167,133,453,553,55,300,161
ENSG00000119686.11,17,108,35,107,74,6,44,14
ENSG00000119688.22,635,450,446,581,712,36,359,248
ENSG00000119689.16,1169,842,699,5924,8434,911,4004,3592
ENSG00000119698.13,3,12,1,1,2,0,5,0
ENSG00000119699.9,959,667,381,1049,790,56,244,324
ENSG00000119703.16,29,24,28,226,277,27,103,114
ENSG00000119705.11,974,974,454,1045,1800,210,982,878
ENSG00000119707.15,1018,1120,884,2166,1939,172,1815,280
ENSG00000119711.14,142,362,90,2600,3385,300,1939,885
ENSG00000119714.12,214,21,3,31,18,6,16,18
ENSG00000119715.15,23,47,9,73,318,27,77,157
ENSG00000119718.12,364,316,137,635,681,107,326,404
ENSG00000119720.19,120,134,130,442,468,35,409,173
ENSG00000119723.18,234,231,135,1034,1228,114,692,614
ENSG00000119725.22,662,614,374,615,745,43,298,259
ENSG00000119729.13,2726,2133,2706,23277,17150,1827,10752,5388
ENSG00000119737.6,5,1,0,35,16,2,14,9
ENSG00000119760.17,659,518,495,1252,1508,89,1175,615
ENSG00000119771.16,232,46,101,50,88,14,48,49
ENSG00000119772.20,309,214,187,528,805,59,473,198
ENSG00000119777.21,2183,606,1059,1638,1198,150,688,497
ENSG00000119778.16,125,145,72,280,333,6,251,62
ENSG00000119782.14,99,86,103,42,44,8,17,32
ENSG00000119787.15,495,439,230,1319,1050,67,644,355
ENSG00000119801.15,710,1204,622,2475,2453,138,1378,822
ENSG00000119812.20,976,545,293,2130,2001,356,1132,677
ENSG00000119820.12,838,930,512,2054,2147,194,1172,512
ENSG00000119844.18,358,406,211,545,604,24,394,192
ENSG00000119862.14,288,283,162,500,550,48,221,120
ENSG00000119865.10,531,628,349,178,451,32,281,149
ENSG00000119866.22,70,26,22,246,356,49,229,164
ENSG00000119878.8,244,363,245,431,748,56,354,154
ENSG00000119888.12,13,65,3,23,14,1,3,22
ENSG00000119899.14,399,169,149,273,343,32,194,141
ENSG00000119900.9,485,774,463,765,1182,55,455,181
ENSG00000119906.14,322,366,250,727,1217,64,853,284
ENSG00000119912.19,440,417,155,1702,1937,144,1219,515
ENSG00000119913.6,0,0,0,0,2,0,0,0
ENSG00000119915.5,4,4,1,1,2,1,6,0
ENSG00000119917.15,145,353,250,556,977,43,455,173
ENSG00000119919.12,0,0,0,0,0,0,0,0
ENSG00000119922.11,135,252,123,211,600,33,243,82
ENSG00000119927.15,163,312,67,576,1461,64,3789,252
ENSG00000119929.14,302,332,145,1262,981,105,623,442
ENSG00000119938.9,303,1152,146,1899,6599,335,2187,648
ENSG00000119943.14,57,121,42,210,610,36,280,252
ENSG00000119946.13,1,1,2,4,7,0,11,3
ENSG00000119950.21,709,801,901,2287,2588,176,1295,912
ENSG00000119953.15,419,568,184,710,784,67,457,209
ENSG00000119965.13,127,163,71,200,219,15,125,56
ENSG00000119969.17,50,36,15,21,36,1,10,0
ENSG00000119973.7,0,0,1,1,1,0,0,0
ENSG00000119977.23,603,445,281,572,633,64,303,234
ENSG00000119979.19,264,390,150,477,645,51,358,284
ENSG00000119986.8,110,255,76,185,217,33,100,197
ENSG00000120008.16,376,369,270,612,800,26,565,235
ENSG00000120029.14,421,566,290,3359,3496,245,1628,1082
ENSG00000120049.21,897,493,731,9157,9048,1034,3933,2231
ENSG00000120051.15,25,20,13,87,118,4,36,16
ENSG00000120053.13,991,1730,412,19057,22849,3176,11301,9706
ENSG00000120054.13,0,12,0,1,0,0,0,0
ENSG00000120055.7,1,0,1,0,1,2,2,12
ENSG00000120057.5,5,9,20,10,63,12,32,13
ENSG00000120063.11,727,1097,309,1727,1383,65,627,314
ENSG00000120068.8,0,6,0,0,0,0,0,0
ENSG00000120071.16,188,362,41,426,584,43,114,339
ENSG00000120075.6,0,10,11,3,3,0,0,0
ENSG00000120088.17,0,0,0,0,0,0,0,0
ENSG00000120093.13,83,101,51,41,111,5,83,33
ENSG00000120094.9,0,0,0,0,0,0,0,0
ENSG00000120129.7,2353,36039,1013,5623,7144,165,7930,4727
ENSG00000120137.8,539,436,243,2233,1418,64,1086,327
ENSG00000120149.9,78,23,26,61,29,4,23,24
ENSG00000120156.23,823,1365,187,1496,2180,173,765,631
ENSG00000120158.12,182,134,121,168,153,17,108,42
ENSG00000120159.14,151,115,56,210,254,18,131,79
ENSG00000120160.11,0,0,1,0,0,0,0,0
ENSG00000120162.11,65,65,77,200,120,12,103,48
ENSG00000120210.8,0,0,0,0,0,0,0,0
ENSG00000120211.4,0,0,0,0,0,0,0,0
ENSG00000120215.10,0,0,0,0,0,0,0,0
ENSG00000120217.14,231,85,29,1273,581,59,297,143
ENSG00000120235.5,0,0,0,0,0,0,0,0
ENSG00000120242.4,0,0,0,0,0,0,0,0
ENSG00000120251.22,0,0,1,0,4,0,4,0
ENSG00000120253.15,318,319,248,763,943,58,530,255
ENSG00000120254.17,313,39,152,233,77,16,49,64
ENSG00000120256.12,362,392,235,391,593,45,382,160
ENSG00000120262.11,1,43,7,8,49,5,30,1
ENSG00000120265.22,1081,746,324,3981,3920,441,2219,1294
ENSG00000120278.18,382,296,167,888,526,18,221,192
ENSG00000120279.7,444,2204,194,432,1467,47,542,147
ENSG00000120280.7,10,9,20,8,19,0,6,0
ENSG00000120289.12,0,0,0,0,0,0,0,0
ENSG00000120306.12,1340,669,584,1832,1626,261,770,794
ENSG00000120314.19,422,250,277,645,675,59,353,226
ENSG00000120318.17,1369,1007,824,1016,1258,62,638,431
ENSG00000120322.5,2,3,3,22,62,8,36,45
ENSG00000120324.9,8,19,15,31,47,2,32,9
ENSG00000120327.7,45,69,34,220,199,10,149,74
ENSG00000120328.6,21,14,9,36,57,5,36,13
ENSG00000120329.7,0,1,0,0,0,0,0,0
ENSG00000120332.18,13,25,5,9,20,2,30,16
ENSG00000120333.5,321,324,152,442,731,52,432,254
ENSG00000120334.17,19,17,11,76,70,1,46,17
ENSG00000120337.10,2,16,3,5,2,0,2,1
ENSG00000120341.20,82,200,83,211,412,11,305,104
ENSG00000120370.14,137,102,90,302,230,9,128,55
ENSG00000120436.4,0,0,0,0,0,0,0,0
ENSG00000120437.10,54,150,109,199,218,26,185,72
ENSG00000120438.13,2317,1227,750,4658,4421,523,2675,1639
ENSG00000120440.15,0,0,0,0,0,0,0,0
ENSG00000120451.11,1084,417,533,3087,2919,270,1797,807
ENSG00000120457.13,49,37,57,924,530,71,295,145
ENSG00000120458.13,206,130,142,239,234,5,232,82
ENSG00000120471.16,1,1,4,0,1,0,0,0
ENSG00000120498.14,0,2,1,0,3,0,0,0
ENSG00000120500.19,0,0,0,0,0,0,0,0
ENSG00000120509.13,427,310,233,649,906,79,351,390
ENSG00000120519.17,79,93,47,91,94,10,70,22
ENSG00000120526.13,293,296,61,433,417,22,235,118
ENSG00000120533.13,725,665,396,952,1200,115,615,673
ENSG00000120539.16,64,72,86,112,121,12,50,14
ENSG00000120549.20,329,1107,274,1182,1735,180,1022,406
ENSG00000120563.10,0,0,0,0,0,0,0,0
ENSG00000120594.18,1218,1224,467,1007,1701,139,766,357
ENSG00000120616.16,381,680,323,808,803,61,585,374
ENSG00000120645.12,55,54,27,43,140,5,80,50
ENSG00000120647.11,54,82,48,95,100,7,84,34
ENSG00000120656.15,420,313,185,466,570,57,276,237
ENSG00000120658.15,77,94,27,144,247,9,90,76
ENSG00000120659.16,1,1,0,0,3,0,3,1
ENSG00000120662.17,60,68,49,203,352,21,200,96
ENSG00000120669.16,11,0,0,11,15,0,0,0
ENSG00000120675.7,1055,863,418,902,1808,263,888,667
ENSG00000120685.21,371,242,226,827,698,37,444,181
ENSG00000120686.13,1258,645,497,1484,1522,76,1006,431
ENSG00000120688.10,419,240,144,1076,933,91,634,323
ENSG00000120690.18,495,462,220,1304,929,73,710,424
ENSG00000120693.17,80,115,35,120,227,8,133,72
ENSG00000120694.21,2267,1286,339,2447,1761,180,1408,909
ENSG00000120696.9,28,115,45,146,342,31,215,78
ENSG00000120697.11,370,331,189,309,369,26,172,131
ENSG00000120699.15,464,408,365,409,577,35,392,206
ENSG00000120705.14,1795,1247,690,4321,3044,352,1756,1051
ENSG00000120708.17,2001,1764,1426,3727,3220,187,958,783
ENSG00000120709.12,459,588,368,1329,1548,132,796,556
ENSG00000120725.14,497,257,210,450,816,170,446,504
ENSG00000120727.14,1206,1082,542,3039,3873,322,2338,1316
ENSG00000120729.11,1450,110,67,448,260,63,95,60
ENSG00000120733.16,514,608,344,2669,2459,220,1525,709
ENSG00000120738.8,890,21994,1315,846,2538,165,1742,581
ENSG00000120742.12,2183,1272,698,687,937,84,691,408
ENSG00000120756.14,12,21,5,71,58,8,36,21
ENSG00000120784.18,71,83,57,216,303,12,134,62
ENSG00000120798.18,282,399,338,466,750,37,584,217
ENSG00000120800.6,296,124,109,672,411,42,223,176
ENSG00000120802.16,499,962,212,708,924,61,513,159
ENSG00000120805.15,1212,654,318,2434,2996,219,1703,919
ENSG00000120820.14,215,446,219,104,438,27,215,105
ENSG00000120832.12,238,270,297,735,1054,57,698,324
ENSG00000120833.15,486,466,118,526,485,38,235,118
ENSG00000120837.9,544,618,582,1498,1243,105,683,545
ENSG00000120860.12,457,375,258,561,829,92,387,363
ENSG00000120868.16,180,131,95,165,306,7,178,53
ENSG00000120875.9,108,33,40,61,77,7,131,24
ENSG00000120885.23,1699,1862,1208,3767,4642,645,2411,2632
ENSG00000120889.14,859,778,482,1048,762,39,374,260
ENSG00000120896.15,1604,1598,1698,1472,2298,312,879,1074
ENSG00000120899.19,131,132,269,449,289,21,131,103
ENSG00000120903.13,0,0,0,0,0,0,0,0
ENSG00000120907.18,20,12,7,1558,462,62,277,96
ENSG00000120910.16,585,513,272,1662,1010,133,613,447
ENSG00000120913.25,249,287,153,104,315,58,152,230
ENSG00000120915.16,78,298,97,461,1277,50,420,454
ENSG00000120925.17,228,357,192,353,482,26,261,125
ENSG00000120937.10,60571,30,17,1782,441,295,13,23
ENSG00000120942.14,213,106,80,639,472,77,254,213
ENSG00000120948.20,2499,1674,1272,5776,4423,227,2682,1461
ENSG00000120949.15,13,41,5,32,40,2,22,7
ENSG00000120952.4,0,0,0,0,0,0,0,0
ENSG00000120963.13,766,872,423,740,1342,105,1001,602
ENSG00000120992.19,354,323,99,1770,2195,111,1092,286
ENSG00000121005.10,4,56,6,29,117,0,39,13
ENSG00000121022.15,845,825,282,2526,3496,379,2016,1310
ENSG00000121039.11,1061,366,542,563,352,14,173,154
ENSG00000121053.6,0,0,0,0,2,0,0,0
ENSG00000121057.14,508,664,317,4343,7545,848,4130,2802
ENSG00000121058.6,182,186,87,323,365,28,192,94
ENSG00000121060.19,665,279,424,414,611,50,460,183
ENSG00000121064.14,762,631,524,1729,2120,122,1146,892
ENSG00000121067.20,827,646,339,1592,1550,146,920,440
ENSG00000121068.15,399,330,465,184,689,117,355,409
ENSG00000121073.16,938,364,286,1446,1333,205,725,603
ENSG00000121075.12,5,8,0,0,1,0,2,1
ENSG00000121101.17,1,6,7,9,5,0,9,0
ENSG00000121104.8,120,261,415,216,584,59,302,136
ENSG00000121152.11,2,3,18,21,26,1,1,8
ENSG00000121207.13,0,6,3,1,4,0,4,3
ENSG00000121210.17,158,174,193,488,642,57,464,176
ENSG00000121211.9,0,3,13,5,2,0,0,0
ENSG00000121236.22,19,23,17,36,56,1,12,16
ENSG00000121270.16,0,0,0,0,1,0,0,0
ENSG00000121274.14,235,359,80,368,369,20,198,125
ENSG00000121281.13,315,125,139,177,484,17,296,43
ENSG00000121289.19,287,216,235,325,379,36,185,136
ENSG00000121297.8,385,224,201,165,254,28,157,92
ENSG00000121310.18,695,1021,1086,1063,2570,175,1677,1142
ENSG00000121314.3,0,0,0,0,1,0,0,0
ENSG00000121316.12,478,439,366,1073,843,86,603,379
ENSG00000121318.3,0,0,0,0,0,0,0,0
ENSG00000121335.12,0,0,0,0,0,0,0,0
ENSG00000121350.17,193,228,136,722,703,28,447,172
ENSG00000121351.9,3,0,1,3,0,0,0,0
ENSG00000121361.6,984,1371,728,3191,2980,193,1308,2715
ENSG00000121377.2,0,0,0,0,0,0,0,0
ENSG00000121380.13,0,2,0,0,0,0,3,1
ENSG00000121381.4,0,0,0,0,0,0,0,0
ENSG00000121390.20,283,345,170,771,722,65,392,281
ENSG00000121406.10,96,108,56,206,211,15,209,98
ENSG00000121410.13,19,251,35,4,17,3,13,5
ENSG00000121413.14,541,647,628,738,2185,214,983,1052
ENSG00000121417.15,221,209,275,379,564,20,338,260
ENSG00000121440.15,177,288,91,2209,2918,416,1927,1234
ENSG00000121446.20,0,0,0,0,0,0,0,0
ENSG00000121454.7,0,0,8,2,0,0,17,16
ENSG00000121481.13,222,213,64,296,360,19,211,86
ENSG00000121486.13,250,252,165,661,1011,72,630,282
ENSG00000121542.13,226,230,106,286,359,20,197,79
ENSG00000121552.4,40,35,88,32,23,5,19,3
ENSG00000121570.14,0,1,0,0,0,0,0,0
ENSG00000121577.15,3830,1766,598,26461,14816,2097,8797,6911
ENSG00000121578.14,314,195,140,900,351,34,310,176
ENSG00000121579.15,1429,721,380,2836,2250,226,1359,567
ENSG00000121594.13,1,5,1,9,1,0,4,0
ENSG00000121621.8,0,7,22,6,15,0,0,0
ENSG00000121634.6,0,0,0,0,0,0,0,0
ENSG00000121644.20,804,756,348,1246,1282,62,705,389
ENSG00000121653.12,171,91,218,86,203,42,155,125
ENSG00000121671.13,597,1239,513,2899,5482,446,2732,2536
ENSG00000121680.17,120,145,133,108,264,53,109,173
ENSG00000121690.12,11,33,26,4,21,1,15,15
ENSG00000121691.8,361,644,414,1662,3602,217,1413,752
ENSG00000121716.21,1052,509,1341,555,882,18,632,377
ENSG00000121741.18,466,841,367,2099,1951,129,1597,531
ENSG00000121742.20,0,0,3,0,1,0,0,0
ENSG00000121743.5,140,66,12,1233,722,98,392,215
ENSG00000121749.17,364,618,361,1011,956,52,561,302
ENSG00000121753.13,39,12,19,120,356,30,86,110
ENSG00000121764.13,1,6,1,5,5,2,13,0
ENSG00000121766.17,376,391,154,393,620,40,381,175
ENSG00000121769.9,17913,35341,4509,48588,82072,11183,32123,52860
ENSG00000121774.19,866,1202,654,2156,2521,361,1506,1002
ENSG00000121775.19,250,158,153,127,153,18,95,90
ENSG00000121797.11,40,150,56,37,75,5,33,16
ENSG00000121807.8,45,19,4,93,56,2,30,0
ENSG00000121851.14,386,491,379,1049,1451,189,661,571
ENSG00000121853.4,0,0,0,0,0,0,0,0
ENSG00000121858.12,651,1582,400,585,2150,127,579,162
ENSG00000121864.11,329,332,193,753,853,40,455,229
ENSG00000121871.5,0,0,0,0,0,0,2,0
ENSG00000121879.7,604,540,261,1211,988,66,700,230
ENSG00000121892.16,862,703,397,1996,1745,100,933,463
ENSG00000121895.10,1,10,0,4,6,0,1,0
ENSG00000121897.16,73,112,90,305,917,70,492,285
ENSG00000121898.14,334,173,260,333,349,4,118,109
ENSG00000121900.20,315,123,202,95,160,36,92,107
ENSG00000121903.16,119,61,55,343,277,20,184,92
ENSG00000121904.19,23,9,4,14,18,2,2,1
ENSG00000121905.11,11,5,5,1,1,0,0,2
ENSG00000121931.17,147,209,90,696,646,45,351,197
ENSG00000121933.19,20,5,55,12,10,3,1,3
ENSG00000121940.18,653,441,322,1473,1308,105,810,505
ENSG00000121957.16,183,31,62,127,102,9,151,28
ENSG00000121964.16,285,265,213,723,801,60,444,192
ENSG00000121966.8,55,519,258,194,427,16,161,103
ENSG00000121988.19,31,55,6,60,57,5,37,30
ENSG00000121989.16,121,285,60,230,408,26,265,109
ENSG00000122008.17,264,345,176,799,843,28,608,251
ENSG00000122012.14,2,0,4,11,34,0,5,1
ENSG00000122025.16,5,1,3,8,17,0,13,2
ENSG00000122026.13,11113,16377,10797,10610,17765,1625,9157,6358
ENSG00000122033.16,733,979,654,2337,3095,341,2012,868
ENSG00000122034.17,3532,2853,1673,4708,5808,773,2373,2394
ENSG00000122035.8,39,117,101,217,131,16,145,131
ENSG00000122042.10,348,522,167,1363,1304,88,828,314
ENSG00000122068.14,1330,1109,294,3456,2563,259,1527,796
ENSG00000122085.18,253,291,181,673,843,46,447,361
ENSG00000122121.13,66,49,190,41,56,11,15,13
ENSG00000122122.10,74,88,113,110,97,6,44,9
ENSG00000122126.19,373,268,225,844,667,60,599,376
ENSG00000122133.18,0,0,0,0,0,0,0,0
ENSG00000122136.15,0,0,1,0,0,0,0,0
ENSG00000122140.14,421,465,294,804,1431,255,812,1120
ENSG00000122145.16,2,1,0,0,4,0,0,2
ENSG00000122176.13,257,1138,721,1309,1656,171,481,357
ENSG00000122180.6,0,0,0,1,2,0,3,1
ENSG00000122188.14,3,19,3,6,21,1,5,1
ENSG00000122194.21,0,765,5,0,0,0,4,2
ENSG00000122203.16,1090,779,575,3070,3674,286,1597,1326
ENSG00000122218.18,2391,938,895,5436,3785,482,2188,1385
ENSG00000122223.14,6,21,2,6,28,0,12,2
ENSG00000122224.20,1,20,13,0,8,0,4,0
ENSG00000122254.7,109,13,24,18,10,1,0,10
ENSG00000122257.21,395,560,292,1149,1283,134,1210,169
ENSG00000122299.12,413,424,274,1465,1184,135,755,417
ENSG00000122304.11,0,0,0,0,0,0,0,0
ENSG00000122335.18,94,88,24,192,251,14,143,67
ENSG00000122359.19,3710,2838,1864,12990,10969,2494,5214,5659
ENSG00000122367.22,3701,11295,3430,33221,72233,11766,42222,35524
ENSG00000122375.13,1,1,3,0,3,0,4,2
ENSG00000122376.13,371,299,182,689,593,40,462,133
ENSG00000122378.15,674,700,546,2922,3426,393,2145,1294
ENSG00000122386.12,133,88,118,106,258,38,130,122
ENSG00000122390.20,587,421,434,1108,1585,222,810,1066
ENSG00000122406.15,9456,9505,7897,12334,16562,1499,7163,5781
ENSG00000122417.17,369,461,242,301,428,13,308,73
ENSG00000122420.11,70,89,192,57,78,3,95,11
ENSG00000122432.19,2,1,2,4,13,0,10,2
ENSG00000122435.12,215,182,108,241,258,10,243,101
ENSG00000122477.15,86,335,131,1999,5762,244,3204,1767
ENSG00000122481.18,200,367,188,285,500,27,255,138
ENSG00000122482.23,267,423,136,852,861,36,547,195
ENSG00000122483.19,33,18,38,44,78,2,62,4
ENSG00000122484.10,201,183,129,570,631,32,425,128
ENSG00000122490.20,499,304,751,246,759,87,365,560
ENSG00000122507.22,138,180,73,354,880,52,302,124
ENSG00000122512.18,258,258,228,363,585,53,341,214
ENSG00000122515.17,966,594,1114,1233,1729,301,790,756
ENSG00000122543.11,0,0,5,0,1,0,0,0
ENSG00000122545.22,2438,2983,1216,5317,6061,477,3310,1440
ENSG00000122547.13,137,422,71,344,470,69,308,190
ENSG00000122550.19,219,329,167,4234,5616,390,3671,1571
ENSG00000122557.12,319,388,246,467,611,35,441,258
ENSG00000122565.20,1571,1306,869,1998,2288,139,1364,593
ENSG00000122566.24,10716,7274,4305,22212,22044,1802,13178,7473
ENSG00000122574.13,40,173,22,438,233,68,108,134
ENSG00000122584.13,0,0,0,0,0,0,0,0
ENSG00000122585.9,0,1,3,1,3,0,0,1
ENSG00000122591.14,423,420,214,922,1011,48,582,169
ENSG00000122592.8,1,2,1,0,1,0,1,0
ENSG00000122641.12,121,194,25,129,265,6,94,52
ENSG00000122642.12,971,1611,800,3801,4836,447,2249,1629
ENSG00000122643.25,269,364,179,408,589,22,250,96
ENSG00000122644.14,411,218,312,736,359,21,169,81
ENSG00000122674.13,744,594,566,1300,818,174,504,670
ENSG00000122678.18,205,152,190,360,552,41,298,199
ENSG00000122679.9,2442,1878,1186,1057,1257,138,419,484
ENSG00000122687.20,214,115,106,444,636,58,294,222
ENSG00000122691.13,85,69,97,13,26,5,32,27
ENSG00000122692.10,763,816,318,1576,1644,166,905,558
ENSG00000122694.17,977,450,581,317,410,36,159,149
ENSG00000122696.15,50,36,25,185,126,17,77,40
ENSG00000122705.19,1296,1049,872,870,1096,191,657,739
ENSG00000122707.13,188,272,153,240,488,16,309,147
ENSG00000122711.9,1,0,4,0,0,1,0,0
ENSG00000122728.6,0,0,0,0,0,0,0,0
ENSG00000122729.20,551,591,255,2675,3014,494,1954,1078
ENSG00000122733.13,9,6,10,17,8,0,2,2
ENSG00000122735.17,4,15,0,0,0,0,0,0
ENSG00000122741.17,421,264,178,831,693,68,538,237
ENSG00000122756.16,32,46,32,20,174,8,339,109
ENSG00000122778.11,61,80,7,302,110,10,68,81
ENSG00000122779.19,167,367,111,677,847,92,513,227
ENSG00000122783.18,492,262,235,986,871,105,562,280
ENSG00000122786.21,4441,3984,2944,11154,8086,659,4115,1272
ENSG00000122787.16,0,64,0,0,0,0,0,0
ENSG00000122824.11,15,13,20,12,10,2,6,13
ENSG00000122852.16,3,468,3,0,0,1,117,1
ENSG00000122859.6,0,0,2,1,0,0,0,0
ENSG00000122861.17,1412,843,428,624,619,55,249,299
ENSG00000122862.6,1025,4535,1292,1979,1504,68,488,372
ENSG00000122863.7,935,142,221,4541,1233,169,538,694
ENSG00000122870.12,530,482,322,346,445,22,219,85
ENSG00000122873.13,471,337,120,2179,2755,296,1498,1088
ENSG00000122877.18,504,1667,31,63,100,9,133,28
ENSG00000122882.12,240,455,165,530,668,51,460,244
ENSG00000122884.14,1542,1029,362,1573,1577,163,1082,610
ENSG00000122912.16,201,201,105,408,471,16,297,148
ENSG00000122952.18,13,7,55,38,94,2,11,20
ENSG00000122958.16,642,796,362,1267,1281,90,745,263
ENSG00000122965.12,584,198,262,899,657,60,379,175
ENSG00000122966.19,20,41,85,50,99,2,18,16
ENSG00000122970.17,73,67,30,172,356,25,298,90
ENSG00000122971.10,242,965,323,1021,2976,593,1212,2178
ENSG00000122986.15,145,297,62,368,387,19,133,214
ENSG00000123064.14,474,282,356,730,950,195,467,495
ENSG00000123066.9,692,477,397,2686,1659,156,1163,515
ENSG00000123080.13,122,130,210,295,517,39,186,211
ENSG00000123091.6,1183,1319,578,4242,3621,345,2127,926
ENSG00000123094.17,554,335,223,859,691,50,439,158
ENSG00000123095.7,760,126,58,250,724,133,489,140
ENSG00000123096.13,496,637,218,1813,2017,173,1002,432
ENSG00000123104.12,207,482,175,611,700,56,467,176
ENSG00000123106.12,238,264,114,1049,1132,133,729,199
ENSG00000123119.13,6,173,18,39,82,22,86,106
ENSG00000123124.15,553,847,295,4642,4315,441,2457,1133
ENSG00000123130.18,1039,617,654,2842,1970,225,866,683
ENSG00000123131.14,1450,622,391,706,985,97,540,349
ENSG00000123136.16,941,425,569,902,658,91,260,326
ENSG00000123143.14,1886,1019,947,3019,4048,755,1144,1945
ENSG00000123144.11,1589,1618,1299,1921,1846,500,1162,2023
ENSG00000123146.21,1172,321,613,1955,1254,166,589,475
ENSG00000123154.13,67,65,76,80,222,29,109,104
ENSG00000123159.17,638,546,376,753,1479,225,679,1065
ENSG00000123165.9,0,0,0,1,0,0,0,0
ENSG00000123171.8,0,0,0,0,0,0,0,0
ENSG00000123178.17,168,150,89,410,793,65,434,257
ENSG00000123179.15,236,217,100,98,113,6,44,44
ENSG00000123191.19,91,68,30,154,211,8,138,111
ENSG00000123200.18,562,699,272,1979,1683,245,1226,217
ENSG00000123213.24,159,67,86,449,380,51,336,103
ENSG00000123219.14,16,5,14,7,25,0,6,1
ENSG00000123240.18,1521,1960,1575,8248,6146,875,2782,1451
ENSG00000123243.16,392,1186,261,965,1535,116,1057,662
ENSG00000123268.10,177,135,65,486,430,28,306,139
ENSG00000123297.21,269,237,100,781,1269,129,543,536
ENSG00000123307.4,0,0,0,0,0,0,0,0
ENSG00000123329.21,64,84,143,85,98,9,42,16
ENSG00000123338.14,52,63,166,231,225,23,132,33
ENSG00000123342.17,957,218,304,160,108,22,118,130
ENSG00000123349.16,3432,6471,4191,3938,5932,550,2609,3016
ENSG00000123352.19,349,267,155,188,324,14,152,98
ENSG00000123353.11,454,225,138,336,188,53,170,111
ENSG00000123358.21,3364,34392,817,1015,3493,178,5610,3772
ENSG00000123360.13,235,77,196,190,252,13,105,67
ENSG00000123364.5,0,0,0,0,0,0,0,0
ENSG00000123374.11,376,266,176,489,321,21,183,71
ENSG00000123384.14,7788,2697,7374,8596,8028,1131,6592,3325
ENSG00000123388.4,0,0,0,0,0,0,0,0
ENSG00000123395.16,686,782,187,557,475,101,247,317
ENSG00000123405.15,45,26,353,23,19,0,0,0
ENSG00000123407.4,0,0,0,0,0,0,0,0
ENSG00000123411.16,87,77,69,466,428,30,270,83
ENSG00000123415.17,338,234,231,319,459,64,183,204
ENSG00000123416.16,26347,6602,6134,17865,9999,1840,4025,3593
ENSG00000123427.17,121,56,85,66,101,7,70,15
ENSG00000123444.15,132,142,76,632,608,49,362,253
ENSG00000123453.20,52,58,11,8,18,3,13,2
ENSG00000123454.13,1,0,0,0,4,0,0,0
ENSG00000123472.14,601,1226,302,6644,7266,641,4240,3149
ENSG00000123473.18,9,21,26,23,49,3,14,5
ENSG00000123485.12,1,1,96,8,19,0,3,1
ENSG00000123496.9,2,8,3,1,5,0,0,0
ENSG00000123500.10,0,3,0,2,1,0,13,3
ENSG00000123505.21,1261,1076,497,5913,2876,173,1906,680
ENSG00000123545.7,567,281,132,1935,1390,165,834,513
ENSG00000123552.19,136,68,45,312,267,20,228,76
ENSG00000123560.15,58,211,169,213,531,30,278,164
ENSG00000123561.16,0,68,0,0,1,0,0,0
ENSG00000123562.19,4069,2386,1426,5270,4566,365,2895,1537
ENSG00000123569.10,0,0,0,0,0,0,0,0
ENSG00000123570.5,92,70,38,1434,1106,105,699,388
ENSG00000123572.18,90,489,75,97,344,21,155,55
ENSG00000123575.10,318,394,132,948,931,41,663,194
ENSG00000123576.5,0,0,0,0,0,0,0,0
ENSG00000123584.7,0,0,0,0,0,0,0,0
ENSG00000123594.7,0,0,0,0,0,0,0,0
ENSG00000123595.9,214,171,115,887,579,43,350,285
ENSG00000123600.22,152,96,108,293,276,16,138,58
ENSG00000123607.17,193,339,122,538,774,53,551,219
ENSG00000123609.12,126,223,119,145,172,11,101,26
ENSG00000123610.5,958,177,113,78,91,8,54,25
ENSG00000123612.17,7,5,1,24,35,0,132,5
ENSG00000123636.21,311,747,262,757,909,40,620,251
ENSG00000123643.15,290,80,168,206,215,18,185,72
ENSG00000123684.14,765,718,323,2666,1404,87,966,367
ENSG00000123685.9,134,40,99,59,21,1,11,6
ENSG00000123689.7,154,1043,197,357,2907,778,2694,1538
ENSG00000123700.6,97,414,43,912,1253,89,590,371
ENSG00000123728.11,434,268,262,831,941,53,581,184
ENSG00000123737.14,280,343,223,417,547,57,367,130
ENSG00000123739.12,224,347,139,1149,1706,121,780,586
ENSG00000123810.10,29,44,23,45,63,8,21,44
ENSG00000123815.14,312,217,246,543,1083,88,402,415
ENSG00000123836.16,88,290,261,1800,3991,265,1857,1178
ENSG00000123838.12,0,292,0,0,3,0,0,1
ENSG00000123843.14,1,78,13,2,0,0,0,1
ENSG00000123892.13,69,7,5,5,12,1,4,5
ENSG00000123901.9,0,32,3,8,32,0,10,4
ENSG00000123908.12,1102,329,480,3085,1242,79,731,386
ENSG00000123933.18,711,428,589,597,1218,181,536,918
ENSG00000123975.6,74,239,133,51,104,2,44,55
ENSG00000123977.11,85,8,5,9,2,0,0,0
ENSG00000123983.16,669,665,300,2336,2577,171,1427,558
ENSG00000123989.16,1265,859,729,1296,2434,1361,1432,2282
ENSG00000123992.22,711,524,643,1995,1992,258,812,873
ENSG00000123999.5,17,7,9,85,242,4,29,19
ENSG00000124003.13,1,1,0,3,8,0,8,4
ENSG00000124006.16,665,563,631,2763,5397,938,2561,2194
ENSG00000124019.11,73,72,28,114,141,3,31,46
ENSG00000124067.18,1508,757,604,4221,3238,404,1556,1246
ENSG00000124074.13,244,261,281,127,243,35,109,118
ENSG00000124089.4,0,0,0,0,0,0,0,0
ENSG00000124091.10,0,0,0,0,0,0,0,0
ENSG00000124092.14,0,0,0,0,2,0,0,0
ENSG00000124097.8,10,5,3,13,33,1,8,2
ENSG00000124098.10,966,931,1626,2309,3142,239,1784,1077
ENSG00000124102.6,0,4,5,35,3,0,0,0
ENSG00000124103.10,0,1,8,0,0,1,2,0
ENSG00000124104.19,355,396,332,254,669,94,450,381
ENSG00000124107.5,54,113,118,9,119,1,27,14
ENSG00000124116.19,4,3,4,2,6,2,1,7
ENSG00000124120.12,313,113,189,392,160,19,124,80
ENSG00000124126.15,456,233,289,660,580,78,235,317
ENSG00000124134.9,0,0,0,3,3,0,0,1
ENSG00000124140.15,0,0,3,0,4,0,5,1
ENSG00000124143.12,0,0,0,0,0,0,0,0
ENSG00000124145.7,901,996,408,2488,3117,237,1478,1833
ENSG00000124151.20,893,836,339,2458,1372,105,1009,440
ENSG00000124155.20,1639,975,716,3739,4089,579,1849,2038
ENSG00000124157.7,0,0,0,0,1,0,0,0
ENSG00000124159.18,0,1,1,2,6,3,0,1
ENSG00000124160.13,497,383,398,932,743,51,486,444
ENSG00000124164.17,841,661,415,2311,2695,272,1527,1008
ENSG00000124171.10,34,20,7,126,68,3,33,23
ENSG00000124172.11,5303,6957,3083,5815,9594,1250,4666,5745
ENSG00000124177.17,245,445,164,1257,1101,141,897,318
ENSG00000124181.16,1986,1480,1266,2177,2297,201,1533,1185
ENSG00000124191.19,35,38,56,21,55,6,20,23
ENSG00000124193.17,1840,2214,1355,2399,2413,124,2190,1016
ENSG00000124194.18,4,1,0,10,6,1,6,6
ENSG00000124196.6,0,0,0,0,0,0,0,0
ENSG00000124198.11,328,225,156,2273,2124,145,1172,603
ENSG00000124201.15,754,568,519,2197,1714,177,781,587
ENSG00000124203.7,3,27,0,1,12,0,10,5
ENSG00000124205.19,0,2,1,0,1,0,0,1
ENSG00000124207.18,831,662,413,1839,1623,147,1027,442
ENSG00000124208.16,3,0,0,67,20,33,68,79
ENSG00000124209.5,579,486,269,796,687,60,434,216
ENSG00000124212.7,875,1100,3424,857,934,132,551,250
ENSG00000124214.22,1307,954,703,4206,2966,407,1684,1070
ENSG00000124215.18,10,25,20,17,23,0,11,6
ENSG00000124216.4,306,321,26,39,67,5,56,30
ENSG00000124217.5,50,42,23,165,192,17,77,60
ENSG00000124222.24,1137,697,797,1412,2040,73,1523,564
ENSG00000124225.16,1913,501,350,2291,1208,234,645,806
ENSG00000124226.12,912,814,459,1265,1597,134,797,604
ENSG00000124227.6,0,0,0,1,0,0,0,0
ENSG00000124228.16,689,517,406,820,623,91,442,240
ENSG00000124232.11,0,0,0,0,0,0,0,1
ENSG00000124233.13,0,0,0,0,1,0,0,0
ENSG00000124237.6,6,25,1,0,0,0,0,0
ENSG00000124243.20,15,77,27,11,61,4,573,35
ENSG00000124249.7,52,15,19,23,12,3,16,5
ENSG00000124251.11,0,1,1,5,6,0,1,7
ENSG00000124253.12,19,307,28,32,183,0,232,38
ENSG00000124256.16,5,20,6,13,9,2,2,1
ENSG00000124257.7,4,22,27,17,69,4,66,36
ENSG00000124260.12,0,0,0,0,0,0,0,0
ENSG00000124275.16,327,227,165,1033,821,74,512,305
ENSG00000124279.13,63,78,52,155,185,7,131,46
ENSG00000124299.17,401,406,268,499,791,110,300,412
ENSG00000124302.14,0,0,4,1,3,0,0,2
ENSG00000124313.19,153,148,130,281,320,51,117,172
ENSG00000124333.17,366,403,191,917,993,70,481,197
ENSG00000124334.20,3,4,9,2,2,0,1,0
ENSG00000124343.14,1,16,12,25,33,4,3,3
ENSG00000124356.18,366,245,202,703,888,111,398,282
ENSG00000124357.14,687,422,379,764,768,122,382,482
ENSG00000124370.12,122,94,78,309,653,51,422,240
ENSG00000124374.10,267,354,194,3508,5057,340,2912,1566
ENSG00000124380.12,505,342,224,883,1027,78,553,277
ENSG00000124383.12,495,393,213,684,797,97,638,78
ENSG00000124391.5,0,0,0,1,0,0,0,0
ENSG00000124406.18,184,272,86,803,1169,78,952,216
ENSG00000124422.13,2291,869,1242,5747,6055,672,2787,2787
ENSG00000124429.19,16,18,11,146,259,6,78,61
ENSG00000124440.16,930,1248,1608,1331,2168,175,1804,708
ENSG00000124444.17,200,143,63,210,247,31,134,143
ENSG00000124449.7,0,0,0,0,0,0,0,0
ENSG00000124459.13,70,116,37,326,303,20,197,96
ENSG00000124466.9,2,12,8,6,11,3,1,0
ENSG00000124467.20,0,0,0,0,0,0,0,0
ENSG00000124469.13,0,1,40,1,3,0,1,2
ENSG00000124479.12,12,2,0,7,3,2,3,2
ENSG00000124486.16,972,833,416,4599,3245,404,2103,1002
ENSG00000124490.15,0,0,0,0,0,0,0,0
ENSG00000124491.17,228,152,916,2137,1961,178,677,119
ENSG00000124493.15,0,0,0,0,0,0,0,0
ENSG00000124496.14,86,157,89,115,213,9,110,67
ENSG00000124507.12,18,24,3,196,428,111,202,261
ENSG00000124508.18,119,144,97,174,242,14,77,57
ENSG00000124523.18,266,380,160,1658,2391,219,1572,981
ENSG00000124532.16,320,285,149,1924,2333,203,1248,717
ENSG00000124535.17,758,419,263,855,1449,147,753,738
ENSG00000124541.8,479,296,239,509,554,83,296,218
ENSG00000124557.14,0,2,0,0,1,0,0,1
ENSG00000124562.11,831,1062,434,1656,3214,490,1611,1714
ENSG00000124564.18,1,5,2,1,1,0,2,1
ENSG00000124568.13,0,7,4,0,0,0,0,0
ENSG00000124570.22,1938,1995,1550,5393,5999,886,3276,2986
ENSG00000124571.19,627,208,219,887,598,61,328,250
ENSG00000124574.17,280,119,157,343,393,22,190,149
ENSG00000124575.7,0,0,2,2,0,0,0,0
ENSG00000124587.15,305,411,315,627,908,51,426,289
ENSG00000124588.23,836,681,372,1810,1320,320,945,848
ENSG00000124593.16,89,134,110,144,307,127,679,560
ENSG00000124596.18,190,294,167,346,577,47,290,182
ENSG00000124602.11,17,21,35,33,37,2,15,13
ENSG00000124608.6,236,182,199,366,511,64,293,230
ENSG00000124610.5,0,0,0,0,0,0,0,0
ENSG00000124613.10,29,53,32,35,70,4,43,20
ENSG00000124614.18,7960,9621,5725,4723,8318,1148,3842,5778
ENSG00000124615.22,633,378,576,1823,1207,184,532,603
ENSG00000124635.11,49,24,136,83,33,2,28,23
ENSG00000124641.17,232,155,106,551,456,38,244,224
ENSG00000124657.1,3,0,6,1,0,0,0,0
ENSG00000124659.7,123,92,95,248,324,53,168,150
ENSG00000124664.12,0,1,0,5,2,0,3,3
ENSG00000124678.20,0,2,2,1,1,0,2,0
ENSG00000124688.15,195,202,138,532,647,83,360,300
ENSG00000124701.7,1361,1064,300,9705,5663,681,2814,2454
ENSG00000124702.20,1038,1483,860,2130,5298,418,2613,2173
ENSG00000124713.7,17,89,7,12,38,23,15,27
ENSG00000124721.18,1,2,0,1,4,0,8,0
ENSG00000124731.14,226,39,241,117,46,2,6,4
ENSG00000124733.5,895,821,490,658,843,148,507,657
ENSG00000124743.6,445,81,89,8372,7692,707,5563,3041
ENSG00000124749.18,76,85,36,767,2007,82,732,737
ENSG00000124762.16,5230,2761,1377,5099,1248,385,283,988
ENSG00000124766.7,354,455,181,212,1219,48,248,94
ENSG00000124767.8,1042,952,488,2507,3718,255,1856,887
ENSG00000124772.12,50,52,277,788,1221,251,930,1095
ENSG00000124780.15,1,5,0,10,24,1,22,8
ENSG00000124782.22,304,330,209,1280,1134,146,760,415
ENSG00000124783.15,2646,1189,758,2228,2266,167,1074,570
ENSG00000124784.10,418,263,163,461,336,41,223,126
ENSG00000124785.10,190,730,117,286,693,44,310,182
ENSG00000124786.14,393,332,187,342,363,19,268,100
ENSG00000124787.15,85,35,24,55,58,6,55,29
ENSG00000124788.19,289,217,97,1112,1379,119,938,529
ENSG00000124789.13,323,273,213,1352,1057,85,895,372
ENSG00000124795.18,898,765,559,2790,2601,161,1074,263
ENSG00000124802.13,215,96,88,219,323,22,173,87
ENSG00000124812.15,0,0,0,0,0,0,0,0
ENSG00000124813.24,56,45,31,35,53,7,21,15
ENSG00000124818.16,29,102,1,41,88,3,48,3
ENSG00000124827.7,0,0,0,0,0,0,0,0
ENSG00000124831.21,2284,1199,607,5729,4773,563,2737,1387
ENSG00000124839.14,90,70,29,78,48,11,23,12
ENSG00000124875.10,146,0,13,16,5,2,0,1
ENSG00000124882.4,13,5,6,14,52,3,35,33
ENSG00000124900.12,0,0,0,0,0,0,0,0
ENSG00000124920.15,9,35,6,60,76,2,25,5
ENSG00000124935.4,3,10,2,4,24,5,32,21
ENSG00000124939.6,0,0,0,0,0,0,0,0
ENSG00000124942.14,7994,11780,6796,55775,29326,3219,22700,10417
ENSG00000125037.14,940,676,646,2009,2333,274,1315,1189
ENSG00000125046.16,19,76,5,28,69,2,33,24
ENSG00000125084.13,1,0,0,0,1,0,1,0
ENSG00000125089.19,117,80,247,289,215,20,63,145
ENSG00000125107.20,1007,801,655,3483,2723,273,1775,940
ENSG00000125124.15,234,386,231,1353,1553,134,1083,592
ENSG00000125144.15,135,2771,62,10,3,1,0,6
ENSG00000125148.8,9706,2371,5199,2867,708,183,342,763
ENSG00000125149.12,192,185,113,474,507,50,305,223
ENSG00000125166.14,1825,2073,587,17213,21428,2558,10537,8306
ENSG00000125170.12,579,233,227,407,412,28,147,192
ENSG00000125207.7,1,1,1,0,0,0,0,0
ENSG00000125245.14,0,7,0,0,1,0,2,0
ENSG00000125246.17,78,132,70,376,817,63,486,263
ENSG00000125247.17,137,107,76,299,236,17,138,74
ENSG00000125249.7,598,755,287,1363,1038,62,553,254
ENSG00000125255.7,0,0,0,0,0,0,0,0
ENSG00000125257.17,288,116,72,363,131,7,56,26
ENSG00000125266.9,526,791,96,558,1162,92,484,350
ENSG00000125285.6,0,0,0,0,0,0,0,0
ENSG00000125304.11,1639,1635,674,3517,3227,344,1881,817
ENSG00000125319.16,13,9,24,40,20,1,16,12
ENSG00000125337.22,8,43,16,10,28,0,3,1
ENSG00000125347.16,464,782,439,718,754,66,218,197
ENSG00000125351.15,106,183,111,190,336,23,141,16
ENSG00000125352.6,144,110,114,158,283,45,104,137
ENSG00000125354.25,1178,358,229,371,604,78,317,154
ENSG00000125355.17,4,43,23,23,46,1,50,12
ENSG00000125356.8,3799,4108,1232,8900,12839,1742,7743,8334
ENSG00000125363.14,0,0,0,0,0,0,0,0
ENSG00000125375.19,82,121,62,527,619,58,288,165
ENSG00000125378.17,291,326,181,157,430,28,162,198
ENSG00000125384.8,24,14,34,28,13,4,8,0
ENSG00000125386.17,312,200,219,604,679,71,365,189
ENSG00000125388.21,54,51,51,161,205,22,83,82
ENSG00000125398.9,736,530,567,945,527,118,323,208
ENSG00000125409.13,7,13,14,0,2,0,1,7
ENSG00000125414.20,0,0,0,3,3,2,0,2
ENSG00000125430.9,112,132,37,108,136,7,69,60
ENSG00000125434.12,46,68,65,32,148,15,79,40
ENSG00000125445.12,996,1269,355,2455,3521,488,1686,2169
ENSG00000125447.19,504,259,337,921,720,112,483,350
ENSG00000125449.8,150,168,64,186,235,34,81,100
ENSG00000125450.12,465,280,444,629,576,41,333,183
ENSG00000125454.13,207,91,81,190,217,16,158,134
ENSG00000125457.16,135,187,93,232,404,61,198,224
ENSG00000125458.8,332,169,390,229,439,48,221,232
ENSG00000125459.19,808,186,331,379,331,51,288,162
ENSG00000125482.14,173,163,98,510,636,75,407,276
ENSG00000125484.13,234,151,120,750,701,70,477,179
ENSG00000125485.19,204,69,53,207,177,18,138,109
ENSG00000125492.11,0,0,0,0,0,0,0,0
ENSG00000125498.21,0,0,0,0,0,0,0,0
ENSG00000125503.14,2080,968,1584,3201,4386,1044,1717,2521
ENSG00000125505.18,331,101,236,363,259,9,105,87
ENSG00000125508.4,0,0,0,0,0,0,0,0
ENSG00000125510.19,0,0,0,0,22,1,17,2
ENSG00000125520.15,479,1051,1135,899,1657,374,781,1464
ENSG00000125522.4,0,0,0,0,0,0,0,0
ENSG00000125531.8,4,1,10,1,3,0,1,1
ENSG00000125533.6,0,0,0,0,0,0,0,0
ENSG00000125534.12,1341,2006,2757,1424,4348,723,1103,3202
ENSG00000125538.12,1,10,10,35,27,5,16,0
ENSG00000125551.20,27,88,19,17,57,1,30,8
ENSG00000125571.11,0,0,0,0,0,0,0,0
ENSG00000125611.16,107,182,78,99,281,33,139,222
ENSG00000125618.19,19,93,51,17,18,4,24,31
ENSG00000125629.17,323,209,146,632,620,36,281,181
ENSG00000125630.16,237,98,75,513,342,31,249,128
ENSG00000125633.12,512,311,305,2805,2206,139,2305,881
ENSG00000125637.17,61,85,69,121,112,6,70,31
ENSG00000125648.16,848,545,282,4266,4244,873,1920,1926
ENSG00000125650.5,55,45,27,45,48,2,11,23
ENSG00000125651.15,565,463,409,884,1243,303,486,601
ENSG00000125652.9,211,965,162,285,1128,415,753,1579
ENSG00000125656.13,431,315,151,458,922,193,497,843
ENSG00000125657.5,10,21,14,3,5,0,1,3
ENSG00000125675.21,3,5,0,63,24,5,19,12
ENSG00000125676.21,423,403,213,1311,904,81,752,151
ENSG00000125686.13,392,327,176,1390,1146,138,931,315
ENSG00000125691.16,8716,10629,7443,9083,12434,1574,6825,7369
ENSG00000125695.12,0,0,0,0,0,12,0,0
ENSG00000125703.16,153,190,67,144,309,19,196,61
ENSG00000125726.12,1,3,5,0,0,0,0,1
ENSG00000125730.19,16817,10517,23734,13821,8873,1167,5208,2701
ENSG00000125731.14,0,13,3,4,0,2,7,6
ENSG00000125733.19,2678,1350,1612,3609,2729,257,1674,1327
ENSG00000125734.17,441,482,495,568,783,81,351,357
ENSG00000125735.13,34,80,211,24,35,0,27,3
ENSG00000125740.15,75,7520,14,58,466,22,507,83
ENSG00000125741.6,412,234,155,2178,1672,221,857,825
ENSG00000125743.11,2269,2347,1092,1549,1926,393,1207,1431
ENSG00000125744.13,76,147,69,222,473,58,208,224
ENSG00000125746.19,286,153,147,505,876,147,480,413
ENSG00000125753.16,1701,1677,780,1775,1197,238,702,472
ENSG00000125755.21,771,430,766,950,1483,165,635,551
ENSG00000125772.16,307,419,524,741,1587,69,839,331
ENSG00000125775.16,78,34,66,31,50,6,26,26
ENSG00000125779.24,405,344,362,607,565,63,319,200
ENSG00000125780.12,3,0,1,1,4,0,0,0
ENSG00000125787.12,0,0,1,0,3,0,0,0
ENSG00000125788.6,0,0,0,0,0,0,0,0
ENSG00000125798.16,0,13,1,0,0,0,0,0
ENSG00000125810.11,2336,3378,493,3901,4525,389,1594,1110
ENSG00000125812.17,216,409,136,691,1036,91,704,449
ENSG00000125813.15,2,0,1,2,0,0,0,0
ENSG00000125814.18,237,214,149,276,383,17,307,92
ENSG00000125815.9,0,0,0,0,0,0,0,0
ENSG00000125816.5,0,0,0,0,0,0,0,0
ENSG00000125817.8,1599,737,951,1467,1918,345,717,1062
ENSG00000125818.19,1408,899,1005,2758,3098,523,1499,1295
ENSG00000125820.6,0,0,0,0,0,0,0,0
ENSG00000125821.14,264,219,126,280,454,68,193,200
ENSG00000125823.13,0,0,0,0,0,0,0,0
ENSG00000125826.23,836,761,743,951,1698,221,802,834
ENSG00000125827.10,887,1009,582,6286,4856,520,3617,1467
ENSG00000125831.11,0,0,0,0,0,0,0,0
ENSG00000125834.14,491,209,255,1896,1019,80,486,509
ENSG00000125835.21,1750,1092,804,840,1269,139,452,617
ENSG00000125841.15,454,223,379,801,740,137,257,293
ENSG00000125843.13,112,122,93,396,403,73,185,192
ENSG00000125844.18,4865,1332,1981,2869,1923,517,1096,581
ENSG00000125845.8,109,365,76,172,108,8,153,106
ENSG00000125846.18,342,253,292,342,405,18,245,163
ENSG00000125848.11,2,17,4,4,34,0,22,3
ENSG00000125850.11,0,5,0,0,0,0,0,0
ENSG00000125851.11,22,33,11,60,124,14,80,54
ENSG00000125861.17,0,0,0,0,0,0,0,0
ENSG00000125863.20,449,368,270,1261,1147,65,510,326
ENSG00000125864.15,6,9,11,6,14,2,9,1
ENSG00000125868.17,4703,4019,2671,13496,15403,2220,10867,6555
ENSG00000125869.11,2,5,0,6,9,0,4,4
ENSG00000125870.12,742,563,242,686,840,96,490,301
ENSG00000125871.15,118,106,121,316,571,42,313,217
ENSG00000125872.10,1,7,2,1,43,1,86,6
ENSG00000125875.16,992,551,540,1400,1454,136,859,541
ENSG00000125877.14,508,253,418,365,328,54,157,226
ENSG00000125878.7,497,2078,320,241,591,109,312,391
ENSG00000125879.5,0,0,0,0,0,0,0,0
ENSG00000125885.14,47,40,35,352,300,22,239,77
ENSG00000125888.15,0,0,0,0,0,0,0,0
ENSG00000125895.7,76,100,203,167,155,13,69,74
ENSG00000125898.14,66,76,125,37,58,5,20,39
ENSG00000125900.13,0,0,3,2,2,0,0,1
ENSG00000125901.7,503,837,339,382,998,179,592,882
ENSG00000125903.4,0,0,0,0,0,0,0,0
ENSG00000125910.6,13,21,49,9,12,8,2,0
ENSG00000125912.12,1167,243,437,428,797,137,342,460
ENSG00000125931.12,7,0,3,0,7,0,6,0
ENSG00000125944.23,1701,928,684,3018,3015,286,1842,946
ENSG00000125945.16,227,286,137,673,1055,50,378,200
ENSG00000125952.22,1324,929,627,1696,1666,143,902,644
ENSG00000125954.13,103,149,59,0,60,0,43,60
ENSG00000125962.17,73,100,103,197,212,15,138,58
ENSG00000125965.10,3,0,0,2,4,0,3,2
ENSG00000125966.11,7,21,6,4,30,0,38,10
ENSG00000125967.18,205,396,137,459,1474,250,644,948
ENSG00000125968.11,2386,3816,868,680,1434,240,1324,2393
ENSG00000125970.13,1935,1964,1317,2453,3436,702,1779,2116
ENSG00000125971.19,1604,1226,1038,2669,2683,529,1409,1954
ENSG00000125975.14,0,0,0,0,0,0,0,0
ENSG00000125977.8,1990,921,763,2400,2423,362,1413,995
ENSG00000125991.22,1764,1163,1242,2240,2405,316,1191,1233
ENSG00000125995.17,826,1134,532,472,1008,224,518,1145
ENSG00000125998.8,0,0,0,0,0,0,0,0
ENSG00000125999.12,4,11,1,0,0,0,6,0
ENSG00000126001.18,160,225,156,499,643,78,278,154
ENSG00000126003.7,377,122,100,445,396,36,251,201
ENSG00000126005.18,471,577,599,485,763,183,351,456
ENSG00000126010.6,1,2,0,10,2,0,7,6
ENSG00000126012.15,1304,433,516,1976,1559,190,876,742
ENSG00000126016.17,107,529,157,174,560,32,300,99
ENSG00000126062.5,878,595,467,841,967,169,378,645
ENSG00000126067.13,1137,752,495,1595,2145,183,1091,862
ENSG00000126070.21,352,292,210,748,693,31,539,194
ENSG00000126088.15,699,752,746,1452,2300,215,825,1198
ENSG00000126091.22,309,268,236,741,1080,142,272,530
ENSG00000126106.14,83,87,57,237,321,75,135,202
ENSG00000126107.16,498,251,413,977,950,78,443,419
ENSG00000126214.23,1550,1023,795,3819,3409,518,2006,1812
ENSG00000126215.15,43,27,63,31,106,7,91,150
ENSG00000126216.16,156,59,70,600,475,40,407,178
ENSG00000126217.23,1130,971,1043,1151,1669,182,1112,1037
ENSG00000126218.13,53,204,91,88,191,54,176,90
ENSG00000126226.23,664,323,233,1538,1403,111,766,492
ENSG00000126231.16,0,17,0,0,1,0,4,0
ENSG00000126233.2,0,0,0,0,0,0,0,0
ENSG00000126243.9,121,51,57,196,164,34,90,128
ENSG00000126246.11,43,51,72,55,86,9,33,33
ENSG00000126247.12,5445,4421,3331,12757,14647,2301,6021,7538
ENSG00000126249.8,65,51,22,79,175,33,85,95
ENSG00000126251.7,0,0,5,0,0,0,0,0
ENSG00000126254.13,638,598,469,579,1072,273,505,784
ENSG00000126259.21,0,2,0,2,1,0,0,0
ENSG00000126261.13,1268,1291,636,1926,1999,148,1109,662
ENSG00000126262.5,6,7,68,14,10,1,2,0
ENSG00000126264.11,22,49,45,54,80,4,43,13
ENSG00000126266.5,0,2,1,0,1,0,0,0
ENSG00000126267.12,4067,5580,2080,8435,11908,1612,6244,8921
ENSG00000126337.14,0,0,0,0,0,0,0,0
ENSG00000126351.14,563,585,522,2614,3808,429,1582,1383
ENSG00000126353.5,4,5,2,7,1,2,12,5
ENSG00000126368.6,414,278,283,693,445,139,239,137
ENSG00000126391.15,840,254,378,606,476,55,211,282
ENSG00000126432.15,3029,3774,1583,5159,8658,1474,3981,6560
ENSG00000126453.12,78,87,71,68,128,24,116,114
ENSG00000126456.17,901,624,832,424,818,78,391,281
ENSG00000126457.23,1650,1001,597,2649,2944,393,1451,1953
ENSG00000126458.5,1409,1742,1109,973,1885,646,982,1727
ENSG00000126460.12,9,17,4,10,13,2,1,4
ENSG00000126461.16,465,246,300,696,1163,373,728,770
ENSG00000126464.15,215,176,128,302,796,179,508,290
ENSG00000126467.11,48,27,51,9,16,1,10,9
ENSG00000126500.6,4,6,3,31,21,4,9,20
ENSG00000126522.18,254,262,200,217,549,84,259,210
ENSG00000126524.13,2310,1472,716,8106,6454,739,3879,2728
ENSG00000126545.15,0,0,0,0,0,0,0,0
ENSG00000126549.11,0,0,0,0,0,0,0,0
ENSG00000126550.10,0,0,0,0,1,0,0,0
ENSG00000126561.19,607,327,587,699,622,50,432,217
ENSG00000126562.18,0,15,1,5,2,0,11,3
ENSG00000126581.14,656,621,411,2843,2372,276,1297,860
ENSG00000126583.12,0,1,3,2,0,0,0,0
ENSG00000126602.12,858,464,344,2311,3709,460,1918,2017
ENSG00000126603.10,377,150,36,100,256,45,99,124
ENSG00000126653.19,441,363,256,1074,915,120,551,62
ENSG00000126698.12,1501,1311,765,2021,2522,303,1294,533
ENSG00000126705.16,434,214,210,931,1209,295,881,583
ENSG00000126709.16,2298,3165,1093,550,1092,115,648,690
ENSG00000126733.22,0,2,0,1,1,0,0,0
ENSG00000126746.19,665,407,331,918,887,89,595,372
ENSG00000126749.18,701,416,227,652,771,102,433,375
ENSG00000126752.8,0,0,0,0,0,0,0,0
ENSG00000126756.13,979,629,544,592,1012,188,466,586
ENSG00000126759.15,39,35,142,33,63,11,13,11
ENSG00000126767.20,562,230,191,777,749,156,424,327
ENSG00000126768.14,540,687,317,827,1331,208,450,697
ENSG00000126773.14,424,528,186,1184,1259,68,721,308
ENSG00000126775.9,170,366,263,697,1299,66,674,321
ENSG00000126777.19,2430,1846,673,14524,9542,687,4813,2033
ENSG00000126778.13,2,1,1,1,5,0,4,0
ENSG00000126785.14,1271,1260,598,556,885,73,464,206
ENSG00000126787.14,0,0,52,7,15,0,1,0
ENSG00000126790.13,169,80,76,149,165,11,180,79
ENSG00000126803.10,31,54,67,1139,350,224,157,217
ENSG00000126804.15,380,433,235,866,1018,51,736,236
ENSG00000126814.8,190,139,145,236,246,18,154,48
ENSG00000126821.9,220,247,119,305,384,14,209,78
ENSG00000126822.19,339,354,471,283,682,67,658,438
ENSG00000126838.11,19,65,32,34,47,0,46,9
ENSG00000126856.16,0,0,0,0,0,0,0,0
ENSG00000126858.20,436,525,154,1321,1799,160,1039,555
ENSG00000126860.13,24,66,43,65,104,7,20,1
ENSG00000126861.5,1,0,0,0,0,0,4,0
ENSG00000126870.17,209,197,162,1137,997,88,709,186
ENSG00000126878.14,1057,1107,592,820,2162,192,918,886
ENSG00000126882.14,263,381,108,1054,2269,267,749,562
ENSG00000126883.20,499,406,497,1330,1107,148,715,456
ENSG00000126890.14,0,0,0,0,0,0,0,0
ENSG00000126895.17,93,237,29,46,211,24,80,132
ENSG00000126903.17,548,256,237,341,430,76,219,256
ENSG00000126934.16,1116,1023,707,1736,2635,809,1348,2219
ENSG00000126945.10,970,1164,626,4176,3206,268,1582,1002
ENSG00000126947.14,346,410,230,857,1093,118,597,379
ENSG00000126950.8,2,10,1,9,23,1,19,1
ENSG00000126953.9,97,117,41,211,274,40,134,85
ENSG00000126970.17,82,106,50,101,169,7,57,26
ENSG00000127022.17,4827,2691,1485,2672,1465,1699,2336,692
ENSG00000127054.23,1047,782,963,928,1616,261,916,907
ENSG00000127074.16,1,16,6,4,3,0,3,0
ENSG00000127080.11,336,146,110,473,342,27,236,158
ENSG00000127081.16,54,102,16,160,141,7,79,40
ENSG00000127083.9,45,259,345,104,499,20,203,124
ENSG00000127084.20,68,137,157,69,189,11,67,63
ENSG00000127124.16,95,33,40,158,119,30,82,46
ENSG00000127125.10,267,382,268,501,1045,103,517,302
ENSG00000127129.11,6,2,0,21,2,2,2,0
ENSG00000127152.18,3,13,3,8,18,2,9,2
ENSG00000127184.14,5807,5544,2344,14238,22346,1832,9694,10615
ENSG00000127191.20,326,168,146,265,351,33,103,204
ENSG00000127220.7,65,80,58,68,264,47,118,221
ENSG00000127241.19,167,556,138,4967,5994,1031,2639,1614
ENSG00000127249.16,4,44,3,7,4,0,3,2
ENSG00000127252.8,45,5,13,120,150,10,58,81
ENSG00000127311.11,13,7,3,25,12,0,5,2
ENSG00000127314.19,2176,2795,1113,1525,1908,101,929,562
ENSG00000127318.11,0,0,0,0,0,0,0,0
ENSG00000127324.10,0,34,26,2,32,1,3,7
ENSG00000127325.20,5,2,0,8,26,0,3,2
ENSG00000127328.23,150,86,66,689,761,55,369,288
ENSG00000127329.17,928,3110,428,3682,3812,234,1963,1124
ENSG00000127334.12,867,399,191,1097,1909,129,1219,355
ENSG00000127337.8,71,58,33,222,400,13,234,67
ENSG00000127362.2,0,0,0,0,1,0,0,0
ENSG00000127364.4,10,7,10,22,9,1,37,3
ENSG00000127366.5,4,2,5,8,2,0,5,5
ENSG00000127377.10,2,3,0,0,0,0,0,0
ENSG00000127399.15,57,49,17,39,68,15,58,33
ENSG00000127412.7,0,0,0,0,2,0,0,0
ENSG00000127415.14,150,49,180,48,115,10,74,69
ENSG00000127418.16,281,121,75,793,721,243,441,456
ENSG00000127419.18,142,153,173,155,395,55,268,200
ENSG00000127423.11,0,0,7,4,1,0,29,4
ENSG00000127445.15,518,931,485,613,1359,249,722,1023
ENSG00000127452.9,185,219,151,219,351,39,227,195
ENSG00000127463.17,790,317,229,1545,1251,110,764,397
ENSG00000127472.12,2086,1245,3399,1727,1951,217,1090,1269
ENSG00000127481.15,1279,724,830,5975,3545,516,2688,1507
ENSG00000127483.21,1831,1296,852,3706,3635,308,2882,886
ENSG00000127507.19,18,17,84,126,30,2,6,9
ENSG00000127511.11,736,337,646,937,1059,127,747,620
ENSG00000127515.3,0,0,0,0,0,0,0,0
ENSG00000127526.16,685,302,238,1411,1161,161,605,445
ENSG00000127527.16,543,445,260,1153,1955,481,1191,852
ENSG00000127528.6,1531,4536,1261,782,1358,264,2401,3356
ENSG00000127529.7,0,0,0,0,0,0,0,0
ENSG00000127530.4,1,6,1,4,1,1,11,2
ENSG00000127533.4,177,110,35,189,32,8,16,78
ENSG00000127540.13,2629,4912,1144,2788,7191,1080,3997,7897
ENSG00000127554.13,256,269,254,309,563,57,202,377
ENSG00000127561.17,7,4,15,8,11,2,11,14
ENSG00000127564.18,3,0,57,12,8,1,9,1
ENSG00000127578.7,3,2,2,0,3,0,7,15
ENSG00000127580.18,76,52,55,104,258,51,148,255
ENSG00000127585.14,0,3,0,2,6,0,6,0
ENSG00000127586.18,63,44,148,22,97,5,74,27
ENSG00000127588.6,0,0,0,0,0,0,0,0
ENSG00000127603.32,3243,2233,1273,14166,8249,934,5381,2828
ENSG00000127616.23,778,357,391,1626,1522,353,790,564
ENSG00000127663.17,322,186,260,700,931,193,535,469
ENSG00000127666.12,221,165,118,208,227,39,113,157
ENSG00000127720.9,41,79,29,96,167,4,108,34
ENSG00000127743.6,0,0,0,1,3,1,1,2
ENSG00000127774.8,358,382,120,467,770,226,584,709
ENSG00000127780.3,0,0,0,0,0,0,0,0
ENSG00000127804.13,470,244,326,913,838,67,426,256
ENSG00000127824.16,1330,399,317,4211,2354,1397,1290,1734
ENSG00000127831.12,0,9,2,0,1,0,6,3
ENSG00000127837.11,1090,646,503,2206,2574,267,1031,1166
ENSG00000127838.16,400,962,405,982,1720,210,673,828
ENSG00000127863.17,783,350,225,1771,1381,105,954,347
ENSG00000127870.18,384,312,112,1235,800,59,434,245
ENSG00000127884.6,1295,2152,509,4317,6788,795,2919,4157
ENSG00000127903.15,29,40,15,46,130,23,65,84
ENSG00000127914.20,305,448,207,1773,1907,115,1279,380
ENSG00000127920.6,2148,6640,1128,1278,3098,189,1199,558
ENSG00000127922.11,1137,1432,690,1355,1687,227,1021,1109
ENSG00000127928.14,0,1,0,0,4,0,0,0
ENSG00000127946.18,607,262,235,1276,1262,193,939,406
ENSG00000127947.17,2037,2063,653,2402,1911,103,1306,654
ENSG00000127948.18,797,471,392,1327,969,185,490,1194
ENSG00000127951.8,275,892,195,445,1212,37,747,249
ENSG00000127952.18,253,211,104,214,323,39,176,126
ENSG00000127954.14,1558,1913,3401,3845,2275,156,1607,905
ENSG00000127955.18,250,647,106,341,527,39,281,151
ENSG00000127980.17,76,85,83,457,733,68,543,244
ENSG00000127989.15,81,108,54,215,280,19,104,64
ENSG00000127990.20,620,754,317,669,946,41,564,321
ENSG00000127993.16,173,180,64,438,488,22,324,167
ENSG00000127995.18,269,407,122,863,1034,43,504,183
ENSG00000128000.18,143,20,61,479,897,11,713,62
ENSG00000128011.6,1,4,6,6,10,4,6,3
ENSG00000128016.9,2944,15562,1482,3893,2051,173,2012,1162
ENSG00000128039.14,234,284,115,242,257,19,106,59
ENSG00000128040.13,0,2,0,1,3,0,2,1
ENSG00000128045.7,33,57,18,58,152,32,34,27
ENSG00000128050.10,1156,281,267,1268,1040,107,563,322
ENSG00000128052.11,769,853,165,970,1920,107,771,330
ENSG00000128059.9,81,51,18,162,137,11,67,32
ENSG00000128159.13,499,194,542,519,948,70,513,307
ENSG00000128165.9,23,1,12,10,3,1,0,0
ENSG00000128185.11,334,949,555,492,1154,183,411,758
ENSG00000128191.18,508,222,499,852,671,53,432,324
ENSG00000128203.8,27,6,9,8,12,2,8,0
ENSG00000128218.8,2,2,1,3,6,3,2,0
ENSG00000128228.6,655,158,167,88,147,52,77,175
ENSG00000128242.14,1,5,5,1,2,2,1,10
ENSG00000128245.16,2044,2218,1028,4193,2104,240,1067,1080
ENSG00000128250.5,0,0,0,0,0,0,0,0
ENSG00000128253.16,0,0,0,0,0,0,1,0
ENSG00000128266.10,68,95,25,61,114,9,32,46
ENSG00000128268.13,129,45,74,136,137,4,37,49
ENSG00000128271.23,226,226,173,139,283,26,137,146
ENSG00000128272.20,8829,3785,4773,8448,5810,333,2559,1951
ENSG00000128274.18,927,699,633,2082,1764,542,786,574
ENSG00000128276.10,0,0,0,0,0,0,0,0
ENSG00000128283.8,1277,975,698,555,950,87,426,476
ENSG00000128284.22,1078,1547,1474,1402,1504,126,534,401
ENSG00000128285.5,3,9,1,7,15,0,18,2
ENSG00000128294.17,973,590,237,767,680,73,321,329
ENSG00000128298.19,5,12,13,2,9,0,23,16
ENSG00000128309.19,478,531,575,309,1017,207,444,694
ENSG00000128310.4,0,0,0,0,0,0,1,1
ENSG00000128311.15,155,525,208,295,1193,190,595,677
ENSG00000128313.2,2,0,0,1,4,0,0,2
ENSG00000128322.7,7,5,16,2,1,0,0,0
ENSG00000128335.15,854,551,732,2613,1340,224,652,442
ENSG00000128340.17,62,133,357,157,156,15,71,25
ENSG00000128342.5,848,57,80,26,45,5,18,8
ENSG00000128346.12,1,4,1,4,12,10,38,29
ENSG00000128383.14,8,3,51,34,20,0,0,0
ENSG00000128394.18,49,111,51,69,128,7,55,22
ENSG00000128408.9,0,2,7,0,0,0,0,0
ENSG00000128422.19,8,3,0,0,1,0,0,2
ENSG00000128463.14,792,625,385,1233,1771,200,876,651
ENSG00000128482.17,129,74,160,53,81,8,41,26
ENSG00000128487.20,248,282,213,291,400,36,214,135
ENSG00000128510.12,0,0,0,6,42,0,11,0
ENSG00000128512.24,170,468,73,972,667,32,476,160
ENSG00000128513.17,195,228,103,265,525,31,312,151
ENSG00000128519.3,0,0,0,0,0,0,0,0
ENSG00000128524.5,1805,862,557,919,1702,254,911,1271
ENSG00000128534.9,484,506,370,723,832,54,634,313
ENSG00000128536.17,20,57,34,70,60,0,17,4
ENSG00000128563.14,401,330,484,369,627,44,372,263
ENSG00000128564.9,2,0,1,0,2,0,0,1
ENSG00000128567.18,3713,2152,1406,4279,4595,394,1473,1430
ENSG00000128573.29,81,185,78,27,102,3,28,15
ENSG00000128578.11,182,55,34,1974,1286,98,714,166
ENSG00000128581.17,232,195,137,404,613,60,321,288
ENSG00000128585.19,849,871,388,2007,1666,109,1379,559
ENSG00000128590.6,869,315,174,2001,2142,189,1358,764
ENSG00000128591.18,85228,7121,635,114746,45561,24449,25301,29970
ENSG00000128594.9,110,20,13,259,75,8,50,88
ENSG00000128595.18,5977,2001,975,13980,10010,1661,5317,2762
ENSG00000128596.18,214,31,25,197,172,20,73,34
ENSG00000128602.12,214,177,184,104,375,16,137,150
ENSG00000128604.22,40,27,76,78,81,9,47,11
ENSG00000128606.14,41,154,37,130,265,15,191,106
ENSG00000128607.15,616,513,307,1719,1462,128,827,512
ENSG00000128609.17,1159,1556,616,5257,8512,735,4875,2280
ENSG00000128610.13,0,0,0,1,0,0,0,1
ENSG00000128617.3,0,0,0,0,0,0,0,0
ENSG00000128626.13,326,522,162,425,870,144,356,601
ENSG00000128641.20,1341,1559,811,1906,1533,80,691,387
ENSG00000128645.16,1,2,0,5,8,0,0,0
ENSG00000128652.13,0,3,2,5,7,2,0,5
ENSG00000128654.15,302,227,156,1269,1739,149,966,785
ENSG00000128655.19,12,27,9,99,80,13,154,18
ENSG00000128656.16,186,252,79,417,587,53,215,203
ENSG00000128683.15,3,4,6,0,1,0,6,0
ENSG00000128694.13,39,44,29,111,416,28,214,89
ENSG00000128699.16,701,599,608,672,717,39,639,260
ENSG00000128708.14,4,9,4,52,26,8,189,44
ENSG00000128709.13,6,18,9,2,1,0,2,0
ENSG00000128710.6,0,10,0,1,0,0,3,0
ENSG00000128713.14,0,3,0,0,0,0,0,0
ENSG00000128714.6,0,0,0,1,0,0,0,0
ENSG00000128731.18,1441,370,565,3944,3232,224,2964,896
ENSG00000128739.24,1601,2341,871,9522,14103,1910,4779,7477
ENSG00000128789.23,798,621,476,649,890,87,465,259
ENSG00000128791.13,266,205,124,766,637,33,333,136
ENSG00000128805.16,324,101,116,51,100,21,44,43
ENSG00000128815.21,21,33,36,79,71,5,34,17
ENSG00000128829.13,459,363,218,1116,1163,146,613,332
ENSG00000128833.14,36,77,47,136,212,11,159,43
ENSG00000128849.12,286,968,423,820,1757,207,1225,401
ENSG00000128872.11,343,464,240,269,647,27,439,156
ENSG00000128881.19,295,248,166,1233,927,58,721,231
ENSG00000128886.12,28,12,25,21,10,0,23,15
ENSG00000128891.18,353,440,197,524,600,39,186,197
ENSG00000128908.20,405,222,176,824,670,74,431,354
ENSG00000128915.13,279,428,180,583,837,29,500,247
ENSG00000128917.9,444,1413,138,614,755,42,297,404
ENSG00000128918.16,591,1129,188,336,941,50,492,293
ENSG00000128923.12,319,655,146,3399,1679,64,1018,297
ENSG00000128928.11,573,820,368,2821,4197,334,1958,1745
ENSG00000128944.14,69,53,70,228,253,45,118,95
ENSG00000128951.15,493,498,400,639,1119,102,748,643
ENSG00000128965.13,126,28,13,108,31,7,16,15
ENSG00000128973.14,326,200,424,218,273,26,118,127
ENSG00000128989.12,1679,1802,763,4932,4936,240,2803,1245
ENSG00000129003.19,310,440,215,1885,1873,81,1583,421
ENSG00000129007.17,81,51,71,43,43,5,55,11
ENSG00000129009.14,1675,1410,1029,205,1353,85,465,530
ENSG00000129028.9,19,29,10,79,140,12,93,50
ENSG00000129038.17,1001,312,278,354,515,208,205,346
ENSG00000129048.8,21,47,32,20,111,10,74,191
ENSG00000129055.14,638,602,516,1650,1807,194,994,647
ENSG00000129071.11,469,398,283,1371,878,67,612,327
ENSG00000129083.14,1331,872,433,2173,2084,207,1454,642
ENSG00000129084.20,1695,1143,726,2594,3372,275,1746,1327
ENSG00000129103.20,863,598,828,683,1181,101,550,379
ENSG00000129116.21,4775,1385,1126,42853,16421,3707,13650,5961
ENSG00000129128.13,2029,981,554,4152,3106,233,1883,849
ENSG00000129151.10,0,15,7,0,6,0,0,0
ENSG00000129152.4,0,0,0,0,0,1,0,1
ENSG00000129158.12,214,247,201,352,372,30,160,150
ENSG00000129159.9,0,0,0,1,1,1,0,0
ENSG00000129167.12,4,4,9,10,18,0,11,1
ENSG00000129170.11,35234,5293,913,94176,36867,5786,12215,18078
ENSG00000129173.14,21,0,18,168,142,9,65,24
ENSG00000129187.16,932,486,359,1051,1110,81,456,527
ENSG00000129194.8,4,45,16,9,85,3,27,31
ENSG00000129195.17,0,0,11,2,29,0,0,1
ENSG00000129197.16,454,553,319,662,1072,78,609,481
ENSG00000129204.17,23,10,10,124,40,0,12,6
ENSG00000129214.16,3,5,6,6,5,3,38,11
ENSG00000129219.15,197,271,319,434,390,27,228,118
ENSG00000129221.16,0,0,0,2,1,0,0,0
ENSG00000129226.15,571,132,736,765,661,122,369,71
ENSG00000129235.12,406,390,163,337,545,97,251,297
ENSG00000129244.10,77,275,87,245,435,41,192,150
ENSG00000129245.13,873,632,371,4527,4164,786,1951,1895
ENSG00000129250.13,4377,2461,2229,28488,27845,5126,11060,13018
ENSG00000129255.17,798,413,345,770,682,74,319,308
ENSG00000129292.22,517,482,213,2277,1553,148,1272,458
ENSG00000129295.11,48,72,38,35,56,1,29,37
ENSG00000129315.13,346,652,122,657,712,49,422,175
ENSG00000129317.16,173,168,89,282,286,10,215,49
ENSG00000129347.22,507,328,536,488,637,87,254,218
ENSG00000129351.19,3231,1254,2001,5254,4414,536,2603,1923
ENSG00000129353.16,991,1516,1270,3039,4688,500,1770,1378
ENSG00000129354.13,0,11,6,1,6,0,1,0
ENSG00000129355.7,113,165,262,283,289,34,74,125
ENSG00000129422.16,2728,3518,1500,8116,6911,560,3937,2319
ENSG00000129437.12,13,2,8,7,37,0,17,4
ENSG00000129450.11,28,9,93,77,32,4,14,10
ENSG00000129451.13,11,26,11,1,17,1,5,2
ENSG00000129455.17,0,0,0,0,1,0,0,1
ENSG00000129460.18,338,295,219,456,465,42,284,232
ENSG00000129465.17,57,67,91,64,88,7,34,15
ENSG00000129467.15,1569,915,1689,1042,1353,59,767,420
ENSG00000129472.15,304,380,235,593,552,39,359,187
ENSG00000129473.12,1034,560,673,2480,2598,180,1224,910
ENSG00000129474.18,188,116,46,409,548,49,252,105
ENSG00000129480.14,120,65,51,147,166,9,140,58
ENSG00000129484.15,158,178,231,346,689,81,406,238
ENSG00000129493.16,287,273,120,1971,1046,90,663,328
ENSG00000129514.8,0,8,1,0,1,0,3,0
ENSG00000129515.21,844,807,540,1348,1875,132,983,493
ENSG00000129518.11,233,372,188,441,702,56,379,263
ENSG00000129521.16,1965,878,276,8525,3396,624,2493,1927
ENSG00000129534.15,88,105,57,194,259,16,178,37
ENSG00000129535.14,9,20,17,39,52,2,35,7
ENSG00000129538.15,1730,5886,1303,2732,5038,623,2537,1246
ENSG00000129559.14,1911,1913,922,2835,3637,488,1840,2822
ENSG00000129562.12,1777,1324,638,1537,1918,294,998,709
ENSG00000129566.14,518,266,298,755,480,23,297,109
ENSG00000129595.14,308,493,166,845,667,58,391,195
ENSG00000129596.6,160,419,229,133,314,8,291,76
ENSG00000129625.14,1975,2367,1079,6969,7467,628,3615,2381
ENSG00000129636.14,430,481,183,1894,2745,233,1779,888
ENSG00000129646.16,48,45,55,59,104,4,71,35
ENSG00000129654.9,1,26,0,0,0,0,1,0
ENSG00000129657.17,1924,2557,844,5319,3738,316,1371,1266
ENSG00000129667.14,308,131,142,294,270,33,109,158
ENSG00000129673.11,0,0,0,0,0,0,4,1
ENSG00000129675.17,524,678,355,2854,2885,232,1818,1000
ENSG00000129680.17,338,327,276,664,666,75,312,64
ENSG00000129682.17,25,28,33,50,56,1,24,19
ENSG00000129691.17,326,472,217,1132,1178,136,689,435
ENSG00000129696.14,153,149,40,283,286,35,179,112
ENSG00000129744.4,9,4,7,8,107,13,130,17
ENSG00000129749.3,8,15,28,4,17,2,30,6
ENSG00000129757.16,22,137,15,33,200,30,28,44
ENSG00000129810.16,1,4,21,5,12,1,4,2
ENSG00000129824.16,0,3139,2722,3074,4614,437,2212,2488
ENSG00000129862.7,0,0,0,0,0,0,0,0
ENSG00000129864.7,0,0,0,0,0,0,0,0
ENSG00000129873.8,0,0,0,0,0,0,0,0
ENSG00000129910.9,0,2,2,4,3,0,0,0
ENSG00000129911.9,358,168,154,289,169,36,90,119
ENSG00000129925.12,624,245,392,726,975,247,382,699
ENSG00000129932.11,133,88,94,104,203,101,147,206
ENSG00000129933.22,603,345,422,1138,1563,87,725,716
ENSG00000129946.12,292,281,892,135,420,44,179,341
ENSG00000129951.20,0,1,0,0,0,0,3,0
ENSG00000129965.15,0,0,0,0,2,0,0,0
ENSG00000129968.18,470,531,361,346,1179,328,893,1282
ENSG00000129988.7,37,115,22,30,7,1,4,0
ENSG00000129990.16,2,0,1,1,1,1,0,0
ENSG00000129991.15,47827,108578,10664,45176,139406,33234,50789,105920
ENSG00000129993.15,271,368,309,299,432,58,254,258
ENSG00000130005.14,219,971,236,657,1587,278,761,1421
ENSG00000130021.16,216,191,77,593,692,90,350,296
ENSG00000130023.17,144,198,187,7,268,18,109,50
ENSG00000130024.16,849,996,436,3111,2955,177,2054,828
ENSG00000130032.18,15,82,32,47,163,8,72,55
ENSG00000130035.10,19,27,3,27,72,3,50,39
ENSG00000130037.5,15,431,12,150,620,28,219,128
ENSG00000130038.11,72,48,56,82,102,6,60,51
ENSG00000130045.18,0,2,4,2,3,0,0,1
ENSG00000130052.14,337,388,153,717,699,65,326,263
ENSG00000130054.5,47,106,21,1538,900,453,483,1379
ENSG00000130055.15,0,0,0,0,1,1,9,1
ENSG00000130066.17,3734,2678,2317,4494,2396,223,1587,1107
ENSG00000130119.18,381,160,141,1397,978,111,465,212
ENSG00000130147.17,497,297,147,861,731,87,254,208
ENSG00000130150.13,119,198,60,151,293,10,222,72
ENSG00000130158.14,1606,777,968,1161,1494,99,769,654
ENSG00000130159.16,612,1002,313,2207,4109,781,1598,2488
ENSG00000130164.17,540,586,243,1491,459,67,398,630
ENSG00000130165.12,708,552,493,654,744,112,242,362
ENSG00000130167.14,0,0,0,0,0,0,0,0
ENSG00000130173.14,3,20,1,1,6,0,27,1
ENSG00000130175.11,1750,1067,1617,2112,3049,538,1551,1382
ENSG00000130176.9,8775,366,273,7800,1785,787,889,1335
ENSG00000130177.17,1089,1051,951,1132,1215,102,744,494
ENSG00000130182.8,0,0,0,0,0,0,0,0
ENSG00000130193.9,110,114,39,215,706,87,249,380
ENSG00000130202.11,1198,1038,626,1279,1268,311,541,809
ENSG00000130203.11,1458,1086,359,200,1445,256,627,584
ENSG00000130204.14,921,346,260,1074,1257,261,608,1002
ENSG00000130208.11,103,4508,100,12,66,6,13,15
ENSG00000130222.12,442,198,121,648,351,61,424,461
ENSG00000130224.16,35,149,27,73,128,3,46,16
ENSG00000130226.18,8,19,8,2,24,1,23,12
ENSG00000130227.18,644,461,754,1756,1735,220,1048,584
ENSG00000130234.14,481,312,942,649,771,119,197,195
ENSG00000130244.14,88,113,98,101,271,32,128,156
ENSG00000130254.14,599,424,447,1327,1158,127,1088,491
ENSG00000130255.14,4990,7597,4429,1634,4676,1080,2236,2662
ENSG00000130270.16,16,13,30,7,22,4,6,5
ENSG00000130283.9,0,1,0,1,4,3,0,11
ENSG00000130287.15,0,0,0,1,1,0,0,0
ENSG00000130294.19,2,2,2,39,180,4,65,28
ENSG00000130299.18,171,97,161,174,262,48,137,148
ENSG00000130300.10,472,172,287,539,952,98,317,333
ENSG00000130303.15,1675,2770,858,949,1794,147,758,943
ENSG00000130304.18,283,466,386,678,1779,186,960,1020
ENSG00000130305.18,357,184,379,235,468,84,296,242
ENSG00000130307.13,277,682,418,350,657,39,277,185
ENSG00000130309.13,2608,783,1174,1542,1560,203,712,683
ENSG00000130311.12,466,403,262,742,1016,169,509,591
ENSG00000130312.7,344,822,194,956,1768,448,1066,1343
ENSG00000130313.8,331,360,334,273,349,74,182,223
ENSG00000130332.16,502,314,235,242,353,58,142,404
ENSG00000130338.13,282,154,116,543,460,23,160,74
ENSG00000130340.18,1010,568,544,1874,1925,244,1088,794
ENSG00000130347.14,68,196,35,331,721,90,286,258
ENSG00000130348.12,216,212,91,841,1110,114,578,315
ENSG00000130349.11,201,256,116,485,783,81,512,317
ENSG00000130363.15,108,65,42,367,384,50,261,134
ENSG00000130368.7,2,5,13,1,4,0,4,0
ENSG00000130377.14,0,0,0,0,0,0,0,0
ENSG00000130382.10,991,378,696,1410,1777,239,814,717
ENSG00000130383.7,0,0,0,0,0,0,0,0
ENSG00000130385.6,0,0,0,1,0,0,0,0
ENSG00000130396.23,2045,3658,563,2359,3072,207,2007,755
ENSG00000130402.15,2334,1410,746,3709,4053,638,2652,2630
ENSG00000130413.17,44,50,33,288,633,50,323,187
ENSG00000130414.14,975,1359,535,5514,9236,863,5076,5064
ENSG00000130427.3,2,1,5,1,1,0,0,0
ENSG00000130429.17,1775,805,1054,633,980,141,179,567
ENSG00000130433.9,1,4,2,1,0,0,0,0
ENSG00000130449.6,167,173,71,427,296,28,298,172
ENSG00000130475.17,8,12,22,6,20,4,11,1
ENSG00000130477.16,4,4,19,21,16,0,1,0
ENSG00000130479.12,220,133,101,171,291,106,187,230
ENSG00000130487.10,4,3,0,2,1,15,3,1
ENSG00000130508.12,3426,818,770,1540,1814,253,885,609
ENSG00000130511.17,599,355,483,200,485,64,285,385
ENSG00000130513.7,29,36,80,5,14,2,1,2
ENSG00000130517.15,520,306,339,2016,1642,93,591,483
ENSG00000130518.19,4,23,28,1,26,1,15,12
ENSG00000130520.12,926,1313,595,1231,1929,278,770,1037
ENSG00000130522.6,1946,7600,3120,1567,2078,578,2268,3332
ENSG00000130528.13,3829,5687,819,32436,34581,8993,20583,13991
ENSG00000130529.17,405,276,446,453,1260,88,599,451
ENSG00000130538.6,0,0,0,0,0,0,0,0
ENSG00000130540.15,0,1,2,0,3,0,3,3
ENSG00000130544.13,64,49,49,104,122,7,59,42
ENSG00000130545.16,1,9,1,1,2,0,0,2
ENSG00000130558.21,434,142,402,231,201,38,105,142
ENSG00000130559.19,331,197,116,1078,941,98,636,353
ENSG00000130560.10,550,782,461,1701,2873,531,1475,1667
ENSG00000130561.17,0,0,0,0,0,0,0,0
ENSG00000130584.13,379,239,241,306,607,65,323,260
ENSG00000130589.16,244,144,224,274,344,41,255,217
ENSG00000130590.14,29,28,44,89,117,25,77,72
ENSG00000130592.18,1131,2130,1351,592,1055,84,601,491
ENSG00000130595.21,169,3731,175,655,2800,84,262,356
ENSG00000130598.17,3,4,14,2,3,1,3,2
ENSG00000130635.18,3028,653,829,909,2366,416,1100,428
ENSG00000130638.18,1090,740,382,2986,2985,328,1571,1010
ENSG00000130640.16,529,366,402,1129,1303,286,787,659
ENSG00000130643.10,1,0,0,1,3,0,0,5
ENSG00000130649.11,9,2185,26,8,21,1,21,4
ENSG00000130653.17,22,143,256,100,439,30,391,191
ENSG00000130656.6,0,3,20,0,1,0,3,3
ENSG00000130669.18,204,163,119,209,386,74,247,332
ENSG00000130675.15,0,0,0,0,0,0,2,0
ENSG00000130684.15,319,403,451,473,757,28,560,269
ENSG00000130695.17,164,101,54,2077,2662,99,1393,975
ENSG00000130699.20,27,2,3,85,168,62,121,94
ENSG00000130700.8,17,34,15,14,87,13,40,60
ENSG00000130701.4,0,1,0,0,0,0,0,0
ENSG00000130702.15,1187,442,1141,1136,2346,331,1668,1213
ENSG00000130703.18,475,496,338,1337,1369,194,708,513
ENSG00000130706.14,1059,828,548,1058,1899,444,945,1247
ENSG00000130707.19,1471,1149,721,1933,1467,265,783,680
ENSG00000130711.5,2,0,0,0,1,0,0,0
ENSG00000130713.18,416,250,209,448,592,40,237,215
ENSG00000130714.20,258,188,242,513,895,64,451,350
ENSG00000130717.14,470,488,402,634,1113,100,416,476
ENSG00000130720.14,9,0,0,24,17,12,5,0
ENSG00000130724.11,1992,1785,1294,2338,3239,499,1206,1762
ENSG00000130725.9,997,1394,664,1845,2317,530,1105,1925
ENSG00000130726.13,2120,1093,1180,2414,3290,449,1496,1861
ENSG00000130731.17,609,874,779,297,672,100,277,514
ENSG00000130733.12,512,192,203,182,468,67,278,315
ENSG00000130734.11,362,402,242,799,968,205,373,739
ENSG00000130741.12,1657,1352,1338,2346,3198,160,1397,822
ENSG00000130748.7,25,63,43,39,83,73,66,175
ENSG00000130749.10,286,283,268,597,687,110,341,324
ENSG00000130751.11,2,2,1,8,3,0,16,12
ENSG00000130755.14,192,529,544,182,224,15,84,50
ENSG00000130758.9,126,90,84,223,408,139,184,355
ENSG00000130762.16,13,23,5,18,36,0,18,5
ENSG00000130764.11,653,662,408,1348,2121,357,978,1093
ENSG00000130766.6,307,174,242,106,181,19,79,77
ENSG00000130768.16,0,3,3,4,7,0,0,1
ENSG00000130770.19,1003,1798,783,1904,5356,621,2639,3165
ENSG00000130772.14,143,99,71,241,312,24,104,125
ENSG00000130775.17,74,34,144,202,140,20,92,42
ENSG00000130779.23,992,486,382,5137,2728,426,1893,302
ENSG00000130783.15,4,0,1,6,7,0,3,1
ENSG00000130787.15,462,260,239,400,686,145,313,441
ENSG00000130803.16,325,144,245,776,619,65,293,257
ENSG00000130810.21,413,131,196,280,395,77,245,236
ENSG00000130811.13,1429,1596,1164,1816,3594,658,1511,2053
ENSG00000130812.12,7,3,0,1,1,0,17,1
ENSG00000130813.19,571,477,648,324,448,30,285,139
ENSG00000130816.18,443,203,205,685,743,92,444,166
ENSG00000130818.13,190,253,133,478,519,27,276,169
ENSG00000130821.18,983,1052,869,5826,5426,875,2134,2309
ENSG00000130822.17,15,18,1,49,59,12,33,52
ENSG00000130826.20,857,257,261,1050,873,91,410,381
ENSG00000130827.7,818,110,306,629,378,70,344,189
ENSG00000130829.19,2,26,2,0,1,0,0,2
ENSG00000130830.16,192,209,642,688,1060,180,655,436
ENSG00000130844.20,316,1976,150,334,563,52,416,249
ENSG00000130856.18,121,112,47,279,310,15,238,120
ENSG00000130876.12,0,0,2,2,10,0,35,0
ENSG00000130881.14,232,235,260,220,731,164,344,617
ENSG00000130921.10,158,129,89,267,375,56,325,168
ENSG00000130935.11,534,538,241,906,883,70,526,270
ENSG00000130939.21,455,293,317,1888,2464,277,1541,848
ENSG00000130940.15,285,190,81,1369,1161,234,780,722
ENSG00000130943.7,1,3,1,3,17,4,4,2
ENSG00000130948.10,21,28,79,23,27,0,13,6
ENSG00000130950.15,0,1,0,0,0,0,0,0
ENSG00000130956.15,591,520,301,1441,1188,229,580,591
ENSG00000130957.5,4,0,0,10,0,0,1,0
ENSG00000130958.14,399,305,189,349,489,32,201,178
ENSG00000130962.20,191,234,88,509,563,44,431,112
ENSG00000130985.18,3293,1253,1428,5091,5647,893,2751,2441
ENSG00000130988.14,20,133,49,322,660,58,393,179
ENSG00000130997.16,19,2,9,18,5,0,8,7
ENSG00000131013.5,290,441,134,476,615,47,411,190
ENSG00000131015.6,64,38,1,34,47,2,12,29
ENSG00000131016.18,1704,1941,755,1461,1410,164,956,316
ENSG00000131018.25,1204,1556,779,5057,4874,397,2552,1729
ENSG00000131019.12,26,17,1,38,40,2,26,1
ENSG00000131023.14,266,266,142,600,682,32,464,158
ENSG00000131037.16,17,54,33,7,39,3,21,20
ENSG00000131042.16,33,3,122,20,0,0,58,14
ENSG00000131043.14,406,372,214,842,810,124,328,364
ENSG00000131044.19,1,8,11,0,3,0,6,0
ENSG00000131050.11,0,0,0,0,1,0,0,0
ENSG00000131051.25,2750,3675,2092,3234,3936,246,2742,1409
ENSG00000131055.6,133,566,313,228,373,43,104,165
ENSG00000131059.12,0,0,0,0,0,0,0,0
ENSG00000131061.16,96,57,59,107,85,10,58,58
ENSG00000131067.18,355,159,352,474,617,50,456,280
ENSG00000131068.4,0,0,0,0,0,0,0,0
ENSG00000131069.21,899,729,560,4300,4363,566,2456,1660
ENSG00000131080.16,84,78,31,128,74,2,15,20
ENSG00000131089.18,204,242,146,1312,1608,177,843,567
ENSG00000131094.5,2,14,12,10,66,63,108,83
ENSG00000131095.15,14,36,7,136,276,13,75,120
ENSG00000131096.12,0,0,0,1,0,0,0,0
ENSG00000131097.8,412,1152,398,287,331,27,179,216
ENSG00000131100.14,1591,1559,828,4031,5572,744,2307,2639
ENSG00000131115.17,177,182,100,271,315,25,131,104
ENSG00000131116.13,212,230,191,286,582,88,369,340
ENSG00000131126.20,0,0,0,1,2,0,0,0
ENSG00000131127.15,172,176,208,350,543,8,420,110
ENSG00000131142.15,0,0,0,0,0,0,0,0
ENSG00000131143.11,8891,11291,4524,24954,32308,3791,13598,21302
ENSG00000131148.10,407,310,136,602,765,122,303,437
ENSG00000131149.20,399,350,244,1252,1543,190,1103,419
ENSG00000131152.4,3,1,0,0,2,0,0,0
ENSG00000131153.10,12,17,27,17,29,4,14,12
ENSG00000131165.17,871,535,681,960,1394,159,514,710
ENSG00000131171.14,546,1638,725,778,1507,90,678,244
ENSG00000131174.8,4181,5313,1276,10422,18085,1456,10585,9802
ENSG00000131183.12,0,4,0,0,0,0,0,2
ENSG00000131187.12,0,62,4,0,0,1,0,0
ENSG00000131188.13,6,4,4,2,2,6,10,14
ENSG00000131196.18,397,178,153,343,464,83,344,239
ENSG00000131203.13,17,169,21,211,91,15,25,21
ENSG00000131233.10,0,0,0,0,0,0,0,0
ENSG00000131236.19,3318,1919,1473,3287,2572,274,1301,841
ENSG00000131238.19,1203,1157,637,1432,2089,151,888,411
ENSG00000131242.19,60,55,49,110,336,23,172,86
ENSG00000131263.14,507,638,226,1215,1366,109,683,336
ENSG00000131264.5,0,0,0,0,0,0,0,0
ENSG00000131269.20,236,250,118,1045,1398,139,710,544
ENSG00000131323.18,358,99,156,634,388,62,210,184
ENSG00000131351.16,47,52,54,84,85,16,42,53
ENSG00000131355.17,3,7,3,6,6,0,1,0
ENSG00000131368.10,1356,1188,739,2457,4131,503,3026,2967
ENSG00000131370.17,550,475,435,586,755,62,465,313
ENSG00000131373.16,101,120,80,307,393,54,252,118
ENSG00000131374.16,487,499,258,1396,1302,106,718,373
ENSG00000131375.11,251,362,135,1108,1081,61,843,337
ENSG00000131378.15,1653,2038,793,1827,1596,188,718,658
ENSG00000131379.10,0,1,0,3,3,0,0,2
ENSG00000131381.14,361,370,214,1157,1059,93,493,401
ENSG00000131386.21,371,605,1661,282,601,81,196,97
ENSG00000131389.19,703,448,269,10661,1692,267,506,213
ENSG00000131398.15,10,10,19,64,102,17,46,40
ENSG00000131400.10,3,89,13,7,21,0,16,4
ENSG00000131408.16,757,846,461,1205,1702,447,892,1580
ENSG00000131409.14,8,9,10,10,47,8,22,15
ENSG00000131435.14,420,51,86,114,121,26,52,100
ENSG00000131437.17,89,102,49,496,431,33,249,117
ENSG00000131446.18,2703,2176,1688,2119,2740,421,1353,1478
ENSG00000131459.14,4990,258,1499,749,275,25,226,206
ENSG00000131462.10,622,164,194,997,1047,343,551,565
ENSG00000131467.13,1175,503,369,1844,1767,250,1078,641
ENSG00000131469.16,9137,9640,5420,6878,9899,1194,4579,5728
ENSG00000131470.15,72,68,77,44,98,10,81,36
ENSG00000131471.7,215,396,380,895,1482,134,1785,421
ENSG00000131473.18,1376,709,478,1888,1429,157,888,544
ENSG00000131475.8,437,356,223,520,973,132,377,497
ENSG00000131477.12,1222,2102,465,589,973,91,413,351
ENSG00000131480.9,15,11,8,6,18,0,13,4
ENSG00000131482.11,0,44,8,0,0,0,3,0
ENSG00000131495.9,945,2271,517,1102,2433,303,1129,2135
ENSG00000131503.22,611,964,802,1748,1950,204,1620,611
ENSG00000131504.18,1837,558,698,7219,1945,242,649,898
ENSG00000131507.12,1070,1477,832,3032,3999,338,2295,1109
ENSG00000131508.18,1158,1328,567,2302,2260,280,1421,902
ENSG00000131558.17,449,665,269,1026,1125,153,712,408
ENSG00000131584.20,618,394,759,529,1130,129,513,482
ENSG00000131591.19,58,60,107,30,106,15,82,77
ENSG00000131620.19,369,490,401,820,869,63,419,260
ENSG00000131626.20,425,406,230,1234,1211,79,791,470
ENSG00000131634.15,1082,1116,763,907,670,110,328,803
ENSG00000131650.16,0,0,0,0,0,4,0,1
ENSG00000131652.15,492,204,222,248,219,45,154,247
ENSG00000131653.15,751,173,355,716,826,172,406,428
ENSG00000131668.14,0,0,0,0,1,0,0,0
ENSG00000131669.11,388,463,426,642,1143,198,453,914
ENSG00000131686.15,0,0,0,0,0,0,0,0
ENSG00000131697.19,123,24,60,157,112,8,64,113
ENSG00000131711.15,3001,998,995,7772,2553,361,1343,771
ENSG00000131721.6,0,0,0,0,0,0,0,0
ENSG00000131724.12,780,727,542,1986,1169,84,475,217
ENSG00000131725.15,130,175,54,632,587,77,330,149
ENSG00000131730.17,2221,2307,393,30273,44391,7661,25544,25623
ENSG00000131732.13,280,199,164,258,368,24,222,91
ENSG00000131737.7,0,0,0,0,0,0,0,0
ENSG00000131738.11,0,0,0,0,0,0,0,0
ENSG00000131746.14,1,0,0,1,1,0,0,0
ENSG00000131747.16,2,7,86,54,129,4,5,5
ENSG00000131748.17,428,333,348,443,539,46,248,377
ENSG00000131759.19,855,556,528,496,525,114,358,334
ENSG00000131771.15,16,5,5,5,38,5,24,2
ENSG00000131773.15,370,135,137,472,301,27,144,154
ENSG00000131778.21,580,222,290,366,415,24,222,105
ENSG00000131779.12,215,202,208,489,715,59,365,232
ENSG00000131781.14,17,186,36,57,90,4,38,22
ENSG00000131788.17,711,461,383,846,768,65,506,231
ENSG00000131791.9,367,327,182,1988,3085,114,1402,443
ENSG00000131808.11,0,0,0,0,0,0,0,0
ENSG00000131828.15,1808,1134,501,13993,14847,1917,8488,7127
ENSG00000131831.19,444,445,210,941,821,178,365,395
ENSG00000131844.18,406,359,202,4778,5345,586,3064,1750
ENSG00000131845.15,92,163,48,536,501,27,321,162
ENSG00000131848.11,73,53,34,189,134,16,44,73
ENSG00000131849.15,39,15,23,107,128,17,55,64
ENSG00000131864.11,0,0,0,0,0,0,0,0
ENSG00000131871.16,1360,656,448,1695,889,139,545,677
ENSG00000131873.8,725,633,383,876,759,69,478,204
ENSG00000131876.19,655,320,323,564,529,55,293,269
ENSG00000131899.14,258,104,78,220,488,48,307,256
ENSG00000131910.5,9,71,12,36,221,17,54,57
ENSG00000131914.11,0,0,0,1,0,0,0,0
ENSG00000131931.9,121,137,52,316,325,30,192,118
ENSG00000131941.9,62,62,42,78,70,14,30,31
ENSG00000131943.21,451,323,242,1362,1151,80,538,458
ENSG00000131944.11,20,5,24,21,16,1,10,2
ENSG00000131951.12,0,3,9,20,4,0,1,0
ENSG00000131966.15,664,627,347,1692,2402,167,1148,580
ENSG00000131969.16,0,0,0,0,1,0,0,0
ENSG00000131979.21,134,393,72,152,168,5,85,61
ENSG00000131981.17,2594,5344,2442,3490,5787,659,3294,2733
ENSG00000132000.15,6,13,22,13,13,11,2,3
ENSG00000132002.10,3467,3721,727,1236,2981,202,1151,1383
ENSG00000132003.11,158,48,75,161,115,16,55,46
ENSG00000132004.14,42,31,30,27,63,6,55,30
ENSG00000132005.10,132,102,122,152,312,52,211,344
ENSG00000132010.16,10,15,0,18,28,0,8,17
ENSG00000132016.13,5,2,5,8,23,2,38,3
ENSG00000132017.12,196,241,232,237,485,57,213,175
ENSG00000132024.19,290,286,280,435,710,98,404,235
ENSG00000132026.16,0,0,0,0,0,0,0,0
ENSG00000132031.14,2,3,9,4,14,5,0,3
ENSG00000132109.11,222,286,152,543,309,29,170,104
ENSG00000132122.13,156,370,187,119,261,13,119,38
ENSG00000132128.19,965,549,375,1398,1457,201,844,623
ENSG00000132141.15,5,15,13,23,68,10,43,24
ENSG00000132153.16,554,320,313,1417,1706,280,1495,1090
ENSG00000132155.15,1890,1026,954,8579,5877,533,3189,2598
ENSG00000132164.11,0,0,3,0,4,0,0,0
ENSG00000132170.25,303,329,110,494,493,28,596,131
ENSG00000132182.14,47,103,41,171,259,17,116,88
ENSG00000132185.19,7,2,2,4,15,0,0,5
ENSG00000132196.17,133,99,81,102,121,4,63,52
ENSG00000132199.21,226,309,542,364,728,38,486,210
ENSG00000132205.12,279,225,154,2059,1675,294,875,678
ENSG00000132207.20,187,137,0,0,153,29,0,89
ENSG00000132254.14,768,254,305,636,556,42,281,252
ENSG00000132256.21,268,189,90,385,320,20,228,64
ENSG00000132259.14,2,9,1,0,3,0,0,0
ENSG00000132274.18,442,1022,601,1209,1242,35,630,235
ENSG00000132275.12,313,248,204,503,606,46,317,242
ENSG00000132286.13,318,384,253,559,731,36,350,218
ENSG00000132294.16,518,556,215,2689,2142,162,1282,626
ENSG00000132297.13,0,0,0,0,0,0,0,0
ENSG00000132300.20,640,723,354,3105,4353,334,2278,1522
ENSG00000132305.23,974,960,524,7246,8723,1092,4919,3476
ENSG00000132313.15,541,585,248,2944,3878,387,2045,1225
ENSG00000132321.18,5,14,4,12,27,1,13,4
ENSG00000132323.10,551,331,329,392,501,40,277,268
ENSG00000132326.13,157,448,147,309,336,21,442,274
ENSG00000132329.12,1443,302,490,1809,2236,562,601,1672
ENSG00000132330.19,116,88,75,210,262,49,119,113
ENSG00000132334.18,665,114,198,2738,773,118,403,243
ENSG00000132341.13,4291,1855,999,4277,3538,420,1851,1595
ENSG00000132356.12,500,705,384,1347,1485,73,909,279
ENSG00000132357.15,319,233,166,330,295,16,90,75
ENSG00000132359.18,173,63,145,1752,1997,301,877,636
ENSG00000132361.19,655,647,437,3148,5042,1193,2919,3199
ENSG00000132376.21,721,723,529,1068,1229,239,542,640
ENSG00000132382.16,683,164,298,801,629,156,377,168
ENSG00000132383.13,517,616,309,2247,1998,248,1013,657
ENSG00000132386.12,8925,4176,10196,2753,4113,704,2436,1380
ENSG00000132388.14,654,502,228,2447,2743,309,1729,855
ENSG00000132394.12,29,170,65,38,165,24,30,99
ENSG00000132405.20,337,249,316,1604,1972,188,1091,1027
ENSG00000132406.13,255,254,166,349,397,21,242,137
ENSG00000132423.13,103,147,89,580,1164,109,563,283
ENSG00000132424.18,1198,1213,979,1969,2986,97,3019,563
ENSG00000132429.11,248,44,57,1092,1132,157,448,454
ENSG00000132432.15,963,425,361,728,949,90,466,346
ENSG00000132434.11,126,117,79,381,374,39,347,144
ENSG00000132436.14,52,61,30,146,153,4,131,57
ENSG00000132437.19,1,17,2,4,6,0,0,1
ENSG00000132446.7,0,0,0,0,0,0,0,0
ENSG00000132463.16,877,967,430,3499,4659,394,2402,1303
ENSG00000132464.13,16,13,11,137,234,26,175,69
ENSG00000132465.13,97,376,5,229,87,2,29,1
ENSG00000132466.21,807,545,346,2988,2475,210,1684,687
ENSG00000132467.4,326,254,210,720,667,75,355,218
ENSG00000132470.15,86,114,326,194,403,68,195,221
ENSG00000132471.12,1874,1061,1065,3612,4264,987,2299,2595
ENSG00000132475.11,8553,8391,6304,4159,5045,476,2322,1905
ENSG00000132478.11,276,227,236,388,603,56,264,223
ENSG00000132481.8,1110,268,585,783,436,134,240,205
ENSG00000132485.15,928,966,521,1257,2138,77,1560,393
ENSG00000132507.19,6411,2331,2356,6248,6713,1256,2899,3475
ENSG00000132510.12,658,450,304,1208,1175,164,744,584
ENSG00000132514.15,14,21,37,94,200,8,103,47
ENSG00000132517.16,0,2,3,3,1,0,2,1
ENSG00000132518.7,0,1,3,0,2,0,0,0
ENSG00000132522.17,896,527,742,1418,1334,257,666,512
ENSG00000132530.18,1192,1586,1681,1061,2055,25,1643,109
ENSG00000132535.23,376,121,197,339,518,29,201,275
ENSG00000132541.12,196,589,83,452,742,38,448,197
ENSG00000132549.20,239,184,144,729,568,51,522,215
ENSG00000132554.22,4,22,10,2,3,1,9,0
ENSG00000132561.15,638,1747,264,977,2239,170,1679,843
ENSG00000132563.18,42,390,89,146,520,96,231,112
ENSG00000132570.16,147,198,132,769,1216,80,495,402
ENSG00000132581.11,450,594,244,683,701,61,275,382
ENSG00000132589.17,1053,633,960,3467,2936,373,1061,1249
ENSG00000132591.13,522,293,268,1250,1496,188,761,638
ENSG00000132600.19,199,187,255,319,874,112,492,442
ENSG00000132603.16,415,183,118,380,278,18,150,91
ENSG00000132604.12,312,257,172,640,731,84,426,296
ENSG00000132612.18,1652,1182,1003,2848,3280,511,1177,1394
ENSG00000132613.16,570,343,258,1912,2435,344,987,1387
ENSG00000132622.12,654,1095,523,465,1097,107,474,723
ENSG00000132623.17,12,15,9,95,43,8,53,18
ENSG00000132631.6,1,0,0,0,0,0,0,0
ENSG00000132635.18,606,255,677,338,367,12,233,84
ENSG00000132639.16,4,3,18,1,34,0,32,3
ENSG00000132640.15,819,470,190,958,1111,65,601,308
ENSG00000132646.12,317,347,220,384,870,60,357,254
ENSG00000132661.5,435,316,114,185,118,22,96,88
ENSG00000132664.14,135,155,104,221,376,22,231,130
ENSG00000132669.15,578,1141,343,1149,1628,122,744,381
ENSG00000132670.22,705,785,560,1059,1156,128,611,426
ENSG00000132671.6,0,1,1,0,3,0,1,0
ENSG00000132676.17,1007,574,495,2246,3462,317,1463,1424
ENSG00000132677.14,0,16,0,0,0,0,0,0
ENSG00000132680.12,773,619,557,974,1125,47,859,352
ENSG00000132681.17,2,0,0,11,5,5,12,2
ENSG00000132688.12,7778,3337,1508,18261,11294,2643,5306,3105
ENSG00000132692.20,5,13,9,5,12,5,11,17
ENSG00000132693.12,16,770,13,9,2,0,0,0
ENSG00000132694.21,602,206,345,1858,1439,202,831,677
ENSG00000132698.16,0,22,2,0,0,0,4,0
ENSG00000132702.14,8,23,21,15,20,6,12,32
ENSG00000132703.4,0,692,0,0,0,0,0,0
ENSG00000132704.17,1,9,1,1,3,0,0,0
ENSG00000132716.20,1294,1083,1227,5821,6250,618,3263,2538
ENSG00000132718.10,489,529,249,756,957,61,317,320
ENSG00000132740.11,180,157,127,237,497,82,283,258
ENSG00000132744.9,0,10,2,0,2,0,0,0
ENSG00000132746.16,0,1,0,1,0,0,0,0
ENSG00000132749.12,0,7,7,9,5,0,5,5
ENSG00000132763.16,102,63,28,441,741,87,514,118
ENSG00000132768.15,565,107,178,553,503,86,235,246
ENSG00000132773.13,108,129,68,154,148,18,77,89
ENSG00000132780.18,852,792,1002,1615,1546,156,950,462
ENSG00000132781.23,174,131,194,88,180,12,100,83
ENSG00000132792.22,552,494,330,1128,1213,146,531,490
ENSG00000132793.13,635,305,733,985,858,80,601,340
ENSG00000132801.8,37,47,24,84,85,10,60,59
ENSG00000132819.17,492,335,1130,1633,1913,389,1026,1124
ENSG00000132821.13,92,19,31,134,226,72,39,46
ENSG00000132823.12,416,557,402,951,1100,99,599,356
ENSG00000132824.15,1649,2774,1114,4392,4820,417,2595,1563
ENSG00000132825.7,125,108,58,326,477,47,194,98
ENSG00000132837.16,3,99,15,51,81,7,75,5
ENSG00000132840.11,295,235,155,265,295,36,193,33
ENSG00000132842.17,429,267,205,938,1003,109,573,291
ENSG00000132846.7,106,146,94,502,505,65,326,192
ENSG00000132849.22,216,393,96,6061,7322,530,3538,2375
ENSG00000132854.20,12,12,3,1,32,0,183,14
ENSG00000132855.6,1,167,0,0,1,0,0,1
ENSG00000132872.13,1,1,0,3,56,0,23,6
ENSG00000132874.15,0,2,1,0,3,0,2,2
ENSG00000132879.15,244,234,277,294,519,34,310,256
ENSG00000132881.13,20,20,7,31,69,16,36,69
ENSG00000132906.19,195,205,132,329,652,52,247,197
ENSG00000132911.6,0,0,3,2,1,0,0,2
ENSG00000132912.15,829,674,336,1786,1965,140,1073,600
ENSG00000132915.13,0,1,2,9,14,0,3,7
ENSG00000132932.19,4,4,5,7,25,3,7,6
ENSG00000132938.23,148,330,109,2281,3811,609,3038,1439
ENSG00000132950.20,117,171,67,439,320,13,254,104
ENSG00000132952.13,266,276,191,509,577,25,338,205
ENSG00000132953.19,291,276,95,1779,1787,168,1627,345
ENSG00000132958.19,2,3,0,3,5,0,4,2
ENSG00000132963.10,2194,2094,967,2554,3066,258,1377,950
ENSG00000132964.14,351,269,96,370,317,24,164,133
ENSG00000132965.11,56,47,372,123,127,10,56,29
ENSG00000132970.15,157,189,190,286,452,33,350,164
ENSG00000132972.19,1,0,0,0,4,0,0,0
ENSG00000132975.9,8,5,2,17,6,1,1,11
ENSG00000133019.13,2,3,3,17,22,0,11,8
ENSG00000133020.4,0,0,0,2,0,0,0,0
ENSG00000133026.15,625,738,257,2089,2288,373,1177,548
ENSG00000133027.19,184,101,71,137,289,60,163,255
ENSG00000133028.13,431,266,213,1111,1550,161,799,601
ENSG00000133030.23,4524,1802,1392,11971,8850,1515,4169,3728
ENSG00000133048.14,1234,22,383,383,24,2,3,0
ENSG00000133055.11,4,3,0,4,1,3,0,0
ENSG00000133056.15,287,396,140,991,1139,88,606,245
ENSG00000133059.19,166,159,140,691,668,60,365,177
ENSG00000133063.17,0,5,5,0,2,0,0,0
ENSG00000133065.12,1082,1198,340,19537,17442,2315,10345,5437
ENSG00000133067.19,6,7,12,62,101,13,77,18
ENSG00000133069.18,91,63,3299,74,105,8,36,57
ENSG00000133083.16,602,828,520,425,664,34,491,172
ENSG00000133101.11,13,1,7,16,2,0,5,0
ENSG00000133103.19,219,187,49,540,862,63,440,170
ENSG00000133104.15,701,903,317,1179,1296,102,884,495
ENSG00000133105.8,0,0,6,0,0,0,2,0
ENSG00000133106.16,49,198,88,138,254,11,128,12
ENSG00000133107.16,23,6,19,52,76,0,60,24
ENSG00000133110.16,1035,54,91,1915,2158,301,444,466
ENSG00000133111.4,28,54,37,95,154,12,72,19
ENSG00000133112.18,39093,56110,47148,70429,92438,10149,39952,38566
ENSG00000133114.19,194,249,151,359,522,33,339,116
ENSG00000133115.13,0,12,0,1,0,0,0,0
ENSG00000133116.8,57,109,8,137,190,9,81,55
ENSG00000133119.14,26,64,38,120,184,7,115,40
ENSG00000133121.22,622,468,204,1371,1043,109,750,445
ENSG00000133124.12,0,0,0,0,0,0,0,0
ENSG00000133131.16,318,207,127,245,245,18,177,80
ENSG00000133134.13,6,8,9,24,52,8,15,9
ENSG00000133135.15,0,51,0,8,15,2,3,0
ENSG00000133136.6,1,2,0,0,1,0,0,0
ENSG00000133138.21,82,82,31,147,177,8,74,11
ENSG00000133142.20,920,1131,872,1709,2716,484,1374,312
ENSG00000133169.7,11,9,24,79,243,5,12,27
ENSG00000133193.14,359,320,299,548,579,78,366,259
ENSG00000133195.13,176,112,86,89,116,11,66,29
ENSG00000133216.17,50,28,14,46,66,8,34,5
ENSG00000133226.20,987,1060,600,1897,1886,140,1628,204
ENSG00000133243.11,462,367,488,590,1485,276,775,1309
ENSG00000133246.13,13,9,94,9,13,1,9,1
ENSG00000133247.15,53,82,85,40,138,10,94,117
ENSG00000133250.14,46,60,66,42,136,35,94,113
ENSG00000133256.13,11,29,25,30,82,9,37,21
ENSG00000133265.12,497,467,313,306,680,204,373,664
ENSG00000133275.17,378,211,283,450,752,198,484,627
ENSG00000133302.14,59,115,44,269,222,17,156,68
ENSG00000133313.16,1369,1048,488,2338,2050,307,949,1039
ENSG00000133315.13,277,699,179,797,1578,439,733,1593
ENSG00000133316.17,707,381,498,517,449,83,231,264
ENSG00000133317.17,21,2,8,25,60,2,199,15
ENSG00000133318.15,1726,848,913,2755,1825,247,1335,608
ENSG00000133321.13,91,463,123,476,302,16,91,56
ENSG00000133328.5,5,3,1,9,4,0,0,0
ENSG00000133392.20,111,137,1027,2820,1835,803,3495,232
ENSG00000133393.14,133,17,139,432,502,82,734,144
ENSG00000133398.5,361,214,151,394,523,30,209,203
ENSG00000133401.17,485,703,248,5888,3641,364,2157,965
ENSG00000133422.15,674,403,335,1165,990,166,602,427
ENSG00000133424.23,1002,320,157,7846,3299,764,1351,1882
ENSG00000133433.12,28,25,56,67,107,4,50,54
ENSG00000133454.16,1680,757,534,12197,6576,1492,2890,2702
ENSG00000133460.21,89,127,76,311,629,49,390,275
ENSG00000133466.15,87,27,71,53,88,15,53,19
ENSG00000133477.17,15,29,20,182,171,38,87,77
ENSG00000133488.16,0,3,4,0,1,0,0,0
ENSG00000133561.16,492,898,219,1299,2099,123,597,478
ENSG00000133574.11,856,1715,388,956,1612,148,548,284
ENSG00000133597.12,170,102,92,238,362,46,135,143
ENSG00000133606.12,797,744,1891,2715,3261,293,1521,1091
ENSG00000133612.21,611,464,486,674,1181,231,562,657
ENSG00000133619.19,329,151,189,849,676,106,322,417
ENSG00000133627.19,79,35,44,313,194,9,114,93
ENSG00000133636.12,3,8,7,1,9,0,0,0
ENSG00000133639.6,1289,2305,1155,2860,2127,198,1291,986
ENSG00000133640.20,2,12,2,6,10,0,2,0
ENSG00000133641.19,252,263,136,265,363,17,159,66
ENSG00000133657.18,1599,437,202,11900,2156,210,1295,588
ENSG00000133661.18,2,80,2,10,11,3,21,14
ENSG00000133665.14,3,9,2,1,1,0,5,1
ENSG00000133678.15,136,135,91,122,243,16,158,87
ENSG00000133687.17,1650,1392,450,1767,2203,193,1079,695
ENSG00000133703.15,452,468,151,1074,854,25,433,172
ENSG00000133704.11,508,597,258,1198,1292,69,610,291
ENSG00000133706.21,1828,779,1053,3701,3091,275,1618,982
ENSG00000133710.17,31,13,27,110,118,13,34,0
ENSG00000133731.11,203,297,83,1061,1171,93,544,248
ENSG00000133739.17,94,245,85,142,288,5,161,24
ENSG00000133740.12,90,30,29,87,156,2,123,48
ENSG00000133742.15,54,32,2347,4,3,0,2,0
ENSG00000133773.13,315,436,161,304,449,41,247,49
ENSG00000133789.16,731,949,281,1805,1292,73,590,364
ENSG00000133794.21,404,85,193,416,308,16,64,79
ENSG00000133800.10,285,51,370,677,856,92,485,235
ENSG00000133805.17,47,27,45,126,110,8,47,51
ENSG00000133812.19,271,409,161,1124,1084,66,621,342
ENSG00000133816.21,1187,216,398,2083,2400,311,863,855
ENSG00000133818.15,1459,415,79,1207,790,139,372,313
ENSG00000133835.19,915,613,366,3892,5309,523,3212,1865
ENSG00000133858.17,512,493,305,1033,973,33,887,165
ENSG00000133863.9,0,0,0,1,1,0,1,1
ENSG00000133872.15,2417,2870,974,6304,6776,488,3668,2277
ENSG00000133874.3,775,636,270,761,317,38,295,386
ENSG00000133878.10,337,492,147,1170,2583,277,691,1336
ENSG00000133884.12,685,367,365,1455,1509,178,825,681
ENSG00000133895.20,424,147,185,261,388,62,250,220
ENSG00000133935.8,265,282,112,282,446,50,243,180
ENSG00000133937.5,5,4,7,2,1,0,3,2
ENSG00000133943.22,587,974,464,5559,8827,664,3309,3355
ENSG00000133958.14,0,0,1,25,28,2,30,1
ENSG00000133961.23,942,966,514,1491,1710,114,872,543
ENSG00000133962.8,0,4,14,2,0,0,1,0
ENSG00000133980.6,0,0,0,0,1,0,0,0
ENSG00000133983.17,592,672,345,811,949,103,490,293
ENSG00000133985.4,77,32,19,194,134,5,20,53
ENSG00000133997.13,193,213,111,373,390,27,192,144
ENSG00000134001.16,1233,798,375,2335,2147,245,1237,686
ENSG00000134007.5,0,3,1,1,2,0,2,1
ENSG00000134013.17,1378,156,185,360,414,56,139,127
ENSG00000134014.19,338,282,159,1044,1075,144,442,436
ENSG00000134020.9,609,549,154,3263,5188,702,1516,1329
ENSG00000134028.15,0,0,0,1,4,0,1,0
ENSG00000134030.15,1046,327,311,1950,1330,349,545,671
ENSG00000134042.15,5,29,5,28,144,7,104,46
ENSG00000134046.13,1048,1187,891,1834,1432,144,894,476
ENSG00000134049.7,809,786,374,836,1457,61,688,296
ENSG00000134056.13,562,493,216,1473,2218,328,1255,1196
ENSG00000134057.16,30,39,132,59,105,11,31,60
ENSG00000134058.13,229,214,85,141,350,31,58,43
ENSG00000134061.5,16,8,13,65,44,3,13,2
ENSG00000134070.6,75,18,31,192,55,3,31,25
ENSG00000134072.12,515,310,254,312,343,57,244,172
ENSG00000134077.17,269,244,169,1061,1200,122,651,393
ENSG00000134086.11,517,287,470,633,670,45,347,225
ENSG00000134107.6,2160,8074,598,1206,3064,147,1046,561
ENSG00000134108.15,1147,958,493,2896,3028,202,1692,807
ENSG00000134109.11,551,242,215,596,547,35,311,123
ENSG00000134115.14,0,4,0,3,1,0,0,0
ENSG00000134121.10,84,61,110,327,287,17,235,72
ENSG00000134138.23,641,363,223,1002,1126,124,732,463
ENSG00000134146.13,59,58,55,236,438,21,245,97
ENSG00000134152.12,429,405,252,327,362,10,236,86
ENSG00000134153.11,949,642,382,1387,1589,200,703,687
ENSG00000134160.17,0,0,0,0,0,0,0,0
ENSG00000134183.14,0,2,1,0,0,1,1,0
ENSG00000134184.14,3,0,241,1,223,1,504,30
ENSG00000134186.13,650,698,411,1090,1055,53,818,97
ENSG00000134193.16,0,0,0,0,0,2,0,0
ENSG00000134198.11,77,85,42,161,257,14,116,73
ENSG00000134200.4,0,0,0,0,1,0,0,0
ENSG00000134201.13,6,47,99,17,127,11,184,24
ENSG00000134202.13,387,1204,392,1760,1743,333,1350,1321
ENSG00000134207.17,4,0,2,1,0,0,0,0
ENSG00000134215.17,57,155,54,102,90,3,47,16
ENSG00000134216.19,0,3,0,0,0,0,0,0
ENSG00000134222.17,42,47,36,29,62,3,21,13
ENSG00000134240.13,22,451,36,723,1798,14,210,144
ENSG00000134242.17,2,18,9,13,33,0,13,3
ENSG00000134243.13,2101,536,384,8630,4269,665,2270,1651
ENSG00000134245.19,64,56,93,148,152,11,88,63
ENSG00000134247.11,3054,879,812,10818,3404,462,2223,1616
ENSG00000134248.15,949,1341,603,2086,2937,342,1451,1772
ENSG00000134249.7,0,0,0,0,0,0,0,0
ENSG00000134250.22,1803,670,701,1564,1435,112,979,346
ENSG00000134253.10,49,69,94,106,663,19,486,187
ENSG00000134255.17,368,348,182,313,355,13,182,135
ENSG00000134256.14,88,10,21,201,34,2,25,6
ENSG00000134258.19,0,3,0,1,1,1,3,9
ENSG00000134259.7,263,251,367,138,192,19,43,99
ENSG00000134262.16,281,204,233,369,493,35,277,166
ENSG00000134265.14,664,423,178,1658,1033,82,823,348
ENSG00000134278.17,467,261,179,2309,1597,165,977,597
ENSG00000134283.19,446,286,195,887,864,98,572,355
ENSG00000134285.12,1182,123,194,164,118,13,50,41
ENSG00000134287.11,1614,831,880,2062,1577,190,720,616
ENSG00000134291.13,329,578,228,863,1208,84,472,464
ENSG00000134294.15,2623,2245,1193,14503,4047,223,2986,1806
ENSG00000134308.15,2888,2228,1278,6487,4825,622,2165,1913
ENSG00000134313.18,645,615,344,4197,3444,285,2707,1093
ENSG00000134317.18,48,10,18,48,23,0,13,2
ENSG00000134318.17,797,715,371,3082,1715,123,1208,419
ENSG00000134321.13,68,240,117,304,664,24,288,91
ENSG00000134323.14,8,7,2,14,42,2,15,10
ENSG00000134324.13,453,366,270,1726,1710,144,983,574
ENSG00000134326.12,106,143,114,206,287,13,154,56
ENSG00000134330.19,537,601,341,1393,1793,126,920,710
ENSG00000134333.16,11709,2753,3969,25799,7984,1122,4443,2046
ENSG00000134339.10,59,460,9,30,7,0,21,5
ENSG00000134343.14,0,2,0,0,4,0,3,4
ENSG00000134352.22,4244,4228,1836,8974,5737,302,3913,1230
ENSG00000134363.13,172,543,99,96,81,5,128,72
ENSG00000134365.16,0,39,0,1,0,0,0,0
ENSG00000134369.18,2072,1555,1028,2385,4675,541,3375,587
ENSG00000134371.16,519,519,145,1625,1730,125,970,407
ENSG00000134375.12,963,653,298,2966,2302,207,1489,861
ENSG00000134376.18,1,1,1,1,8,0,0,0
ENSG00000134389.12,0,33,0,1,0,0,0,0
ENSG00000134398.16,0,4,1,0,0,0,0,0
ENSG00000134419.16,7612,11422,5648,5905,10720,912,4675,4715
ENSG00000134438.10,0,0,0,0,0,0,0,0
ENSG00000134440.13,1473,888,585,3827,5063,609,2944,1521
ENSG00000134443.10,0,0,0,1,0,0,0,0
ENSG00000134444.16,295,382,201,530,762,50,438,173
ENSG00000134452.21,1113,985,730,3178,2777,396,1772,1433
ENSG00000134453.17,1382,1407,908,1852,2107,238,1436,962
ENSG00000134460.19,2,5,22,37,72,1,26,3
ENSG00000134461.17,49,53,60,80,152,9,118,69
ENSG00000134463.16,430,360,106,775,1680,174,749,1416
ENSG00000134470.22,518,303,429,366,223,18,115,110
ENSG00000134480.18,327,761,262,532,631,57,397,260
ENSG00000134489.7,3,0,0,3,1,0,1,0
ENSG00000134490.15,211,68,52,99,101,16,38,23
ENSG00000134504.15,149,108,67,237,293,39,167,97
ENSG00000134508.14,119,88,139,31,181,13,118,60
ENSG00000134516.21,17,57,108,156,135,19,81,14
ENSG00000134531.11,5319,5012,1774,2778,2866,205,1788,1479
ENSG00000134532.21,14,59,14,37,89,2,56,26
ENSG00000134533.7,365,252,144,219,306,13,144,94
ENSG00000134538.4,0,72,0,0,0,0,0,0
ENSG00000134539.18,28,103,12,55,99,2,56,26
ENSG00000134545.14,6,6,0,2,10,0,4,0
ENSG00000134548.11,15,65,26,267,654,21,330,190
ENSG00000134551.14,0,0,0,2,3,0,0,1
ENSG00000134569.11,246,68,33,829,865,212,682,259
ENSG00000134571.12,10968,23664,5120,66955,122900,22469,76492,52897
ENSG00000134574.13,200,204,366,255,308,22,89,79
ENSG00000134575.14,398,316,289,658,802,115,352,369
ENSG00000134588.13,0,0,0,0,0,0,0,0
ENSG00000134590.14,2830,2184,2014,4775,7109,1408,2921,4251
ENSG00000134594.6,14,5,5,21,31,1,3,17
ENSG00000134595.9,0,0,0,0,0,0,2,1
ENSG00000134597.18,275,366,223,329,425,56,229,88
ENSG00000134602.17,35,30,32,79,70,7,15,10
ENSG00000134627.12,56,55,45,31,66,2,25,12
ENSG00000134640.3,0,0,0,0,0,0,0,0
ENSG00000134644.17,837,828,458,2888,2086,217,1275,879
ENSG00000134668.14,5,1,8,1,1,0,1,0
ENSG00000134684.14,1638,296,483,1868,1093,161,521,424
ENSG00000134686.22,4145,1489,3827,4108,4022,368,1260,1695
ENSG00000134690.12,5,5,60,22,29,0,1,3
ENSG00000134697.14,917,483,350,1146,857,126,478,47
ENSG00000134698.12,338,293,302,1618,1295,73,785,427
ENSG00000134709.14,20,34,5,141,204,8,127,38
ENSG00000134716.12,880,353,128,3091,2532,305,1054,1336
ENSG00000134717.19,629,479,356,1070,1412,105,720,332
ENSG00000134744.15,222,168,152,1117,945,59,740,370
ENSG00000134748.14,492,610,247,619,836,67,538,292
ENSG00000134755.20,158,165,48,2331,1099,90,712,416
ENSG00000134757.6,3,1,2,1,0,0,1,1
ENSG00000134758.15,176,310,103,258,308,10,157,67
ENSG00000134759.15,733,703,476,1624,1822,124,1007,601
ENSG00000134760.6,1,2,0,36,50,5,29,10
ENSG00000134762.17,15,8,0,7,25,0,35,0
ENSG00000134765.10,1,5,0,113,291,7,211,54
ENSG00000134769.24,893,368,225,7021,4948,525,2757,1735
ENSG00000134775.17,446,902,186,12798,13022,1986,8804,5039
ENSG00000134779.16,336,464,710,582,719,76,617,352
ENSG00000134780.11,63,30,22,91,227,45,112,93
ENSG00000134802.19,1519,618,1282,1417,765,97,430,231
ENSG00000134809.10,452,422,230,643,593,100,254,518
ENSG00000134812.8,0,0,0,0,0,0,0,0
ENSG00000134815.21,396,99,191,281,229,36,140,132
ENSG00000134817.12,1013,3324,1928,1002,2710,185,749,357
ENSG00000134824.15,309,432,119,956,1761,283,610,267
ENSG00000134825.17,1201,813,541,990,1138,147,590,718
ENSG00000134827.8,0,0,16,0,1,2,1,0
ENSG00000134830.7,20,14,62,22,38,5,14,8
ENSG00000134851.14,1238,595,462,2111,1026,83,676,306
ENSG00000134852.16,558,296,155,2232,1341,110,825,284
ENSG00000134853.13,2407,991,1652,1154,1473,144,912,450
ENSG00000134864.12,47,26,21,14,49,7,54,45
ENSG00000134871.21,11109,2156,3793,11196,10252,1935,4023,4213
ENSG00000134873.11,5,11,1,5,6,1,14,0
ENSG00000134874.19,267,266,177,188,290,10,205,134
ENSG00000134882.17,1137,622,379,1247,1260,143,526,550
ENSG00000134884.16,1274,2073,1021,889,1545,90,1314,218
ENSG00000134897.15,430,470,245,1162,1648,53,1101,396
ENSG00000134899.25,575,561,600,1115,1134,93,690,286
ENSG00000134900.14,501,444,297,1368,1282,110,974,387
ENSG00000134901.15,177,65,51,96,172,9,66,55
ENSG00000134905.18,584,347,327,702,1415,145,591,748
ENSG00000134909.19,269,97,105,267,222,8,234,69
ENSG00000134910.15,2004,682,509,2350,1892,224,988,639
ENSG00000134917.11,149,2,18,129,38,2,20,33
ENSG00000134940.14,1,0,0,0,0,0,0,1
ENSG00000134954.15,1714,2843,559,2934,3937,261,1891,620
ENSG00000134955.13,20,5,18,68,110,6,54,24
ENSG00000134962.8,9,16,0,4,21,0,79,5
ENSG00000134970.15,917,535,183,2299,2264,165,1194,424
ENSG00000134982.20,258,298,101,1334,1009,88,809,259
ENSG00000134986.15,551,829,130,756,3994,129,1762,616
ENSG00000134987.14,334,358,163,615,562,26,409,129
ENSG00000134996.13,528,579,261,563,605,65,244,191
ENSG00000135002.12,397,372,120,1073,1060,67,489,213
ENSG00000135018.15,1309,1077,479,3407,3148,377,1959,1306
ENSG00000135040.17,196,173,86,911,888,71,614,283
ENSG00000135045.7,103,169,50,83,92,7,60,38
ENSG00000135046.16,2678,2589,1453,1910,2388,90,1289,516
ENSG00000135047.17,2272,1438,1292,3934,3685,396,2046,1741
ENSG00000135048.15,373,299,203,819,392,25,212,146
ENSG00000135049.17,232,205,213,1183,1467,113,944,259
ENSG00000135052.17,766,335,270,234,362,26,251,144
ENSG00000135063.21,171,139,192,622,618,97,379,232
ENSG00000135069.15,196,96,38,63,36,9,21,13
ENSG00000135070.15,635,793,514,2471,3741,247,1908,1142
ENSG00000135074.17,1258,343,205,8048,966,69,240,178
ENSG00000135077.11,41,40,107,128,96,8,48,21
ENSG00000135083.18,94,100,41,371,380,70,269,130
ENSG00000135090.15,311,268,217,798,1056,135,579,199
ENSG00000135093.14,97,118,64,398,504,45,312,176
ENSG00000135094.12,0,124,6,7,7,0,1,1
ENSG00000135097.8,93,31,16,183,182,18,55,83
ENSG00000135100.20,0,5,3,2,5,0,2,0
ENSG00000135108.17,428,375,179,1548,1498,188,848,705
ENSG00000135111.16,324,426,136,787,824,120,526,281
ENSG00000135114.14,22,58,28,42,45,4,23,9
ENSG00000135116.9,9,12,6,22,31,3,10,14
ENSG00000135119.15,25,15,13,18,26,1,6,7
ENSG00000135124.17,91,134,149,151,164,19,104,91
ENSG00000135127.13,3,32,13,7,31,1,11,3
ENSG00000135144.9,548,96,104,105,109,5,41,35
ENSG00000135148.13,713,270,200,1171,983,142,572,330
ENSG00000135164.20,673,645,431,1033,1204,29,890,377
ENSG00000135175.6,0,0,0,0,0,0,0,0
ENSG00000135185.13,255,212,135,70,130,4,87,36
ENSG00000135205.16,67,115,67,101,298,10,181,56
ENSG00000135211.7,169,123,129,181,183,21,118,69
ENSG00000135218.20,4897,15111,2282,20300,38687,2568,18514,11168
ENSG00000135220.12,0,10,4,0,0,0,0,0
ENSG00000135222.7,0,0,0,0,0,0,0,0
ENSG00000135226.18,0,0,0,0,0,0,0,1
ENSG00000135241.18,384,411,154,2200,1392,114,797,450
ENSG00000135245.11,170,113,162,279,186,12,88,71
ENSG00000135248.16,1,0,0,0,0,0,0,0
ENSG00000135249.9,216,276,124,448,555,34,294,140
ENSG00000135250.18,420,249,150,986,817,71,483,245
ENSG00000135253.16,3,8,12,8,20,3,19,4
ENSG00000135269.19,698,368,125,918,651,74,368,280
ENSG00000135272.14,507,852,221,1164,1704,103,698,358
ENSG00000135297.18,267,276,138,752,785,57,427,267
ENSG00000135298.15,75,80,36,66,101,7,73,51
ENSG00000135299.19,97,345,82,348,730,31,427,117
ENSG00000135312.7,0,0,1,2,3,0,4,2
ENSG00000135314.15,19,10,10,26,27,3,30,12
ENSG00000135315.13,101,149,117,89,219,2,99,16
ENSG00000135316.20,1806,1708,877,5111,3283,333,2106,976
ENSG00000135317.15,496,554,250,976,951,39,596,221
ENSG00000135318.13,259,254,237,223,309,19,177,59
ENSG00000135324.7,38,8,17,15,17,1,10,6
ENSG00000135333.16,23,31,3,228,315,31,112,48
ENSG00000135334.10,523,386,284,809,827,117,631,395
ENSG00000135336.18,241,268,172,457,913,82,593,296
ENSG00000135338.15,70,82,25,87,160,15,61,41
ENSG00000135341.20,458,607,215,1463,1232,84,847,383
ENSG00000135346.9,3,3,0,1,2,0,0,2
ENSG00000135355.4,0,0,0,0,0,0,0,0
ENSG00000135362.15,176,88,25,26,91,7,28,9
ENSG00000135363.13,269,553,213,178,421,23,164,82
ENSG00000135365.18,650,417,566,1183,1141,95,578,287
ENSG00000135372.11,777,258,304,1005,752,134,483,267
ENSG00000135373.14,2,43,0,15,61,5,23,0
ENSG00000135374.12,0,5,0,0,0,0,0,0
ENSG00000135378.5,18,30,32,46,51,3,23,13
ENSG00000135387.22,2051,1644,820,3821,4152,464,2829,1397
ENSG00000135390.22,2930,3578,2048,8209,11507,1117,4389,5756
ENSG00000135392.20,615,270,173,1249,844,66,309,227
ENSG00000135404.13,18491,7247,6345,14407,10682,1955,5052,5145
ENSG00000135406.15,1,4,6,5,14,3,4,5
ENSG00000135407.11,75,36,85,34,108,2,67,53
ENSG00000135409.12,3,1,0,0,37,0,4,5
ENSG00000135413.9,0,0,0,0,0,0,0,0
ENSG00000135414.10,343,151,86,939,696,91,334,302
ENSG00000135423.14,7,57,6,6,17,0,3,4
ENSG00000135424.20,3397,2146,1393,10765,8521,4270,5953,6701
ENSG00000135426.17,46,132,21,20,57,4,48,48
ENSG00000135436.8,2,0,0,3,11,1,2,0
ENSG00000135437.11,180,56,68,77,187,6,238,59
ENSG00000135439.13,205,667,419,382,1168,58,550,465
ENSG00000135441.9,1361,1596,1184,921,1284,162,553,697
ENSG00000135443.8,0,0,0,0,0,0,0,0
ENSG00000135446.18,1615,885,594,1167,1559,160,710,691
ENSG00000135447.18,1149,1727,1117,2164,4882,425,3372,1538
ENSG00000135451.14,5,6,126,12,23,0,9,0
ENSG00000135452.11,720,572,384,936,1245,95,575,302
ENSG00000135454.15,121,63,52,160,273,32,160,158
ENSG00000135457.12,334,338,231,864,1149,106,657,347
ENSG00000135469.15,240,829,212,2130,6440,510,2328,2313
ENSG00000135472.10,349,502,190,239,398,31,308,218
ENSG00000135473.17,785,348,669,755,1319,46,1097,360
ENSG00000135476.13,7,0,27,15,22,0,5,2
ENSG00000135480.18,18,239,39,1,14,0,1,4
ENSG00000135482.8,164,91,59,274,279,21,112,94
ENSG00000135486.20,12303,9981,10042,16551,16953,1291,7324,6817
ENSG00000135503.14,393,133,302,812,617,41,315,247
ENSG00000135506.18,3237,1988,1954,4337,4605,795,2385,1910
ENSG00000135517.9,0,0,0,0,0,0,0,0
ENSG00000135519.9,7,6,11,3,6,3,4,2
ENSG00000135521.10,505,245,186,612,547,69,353,162
ENSG00000135525.20,26,40,11,130,67,9,28,21
ENSG00000135535.18,2448,1948,993,5880,4062,233,2844,862
ENSG00000135537.18,34,32,17,126,269,26,159,73
ENSG00000135540.13,251,178,123,847,1236,178,609,301
ENSG00000135541.23,355,241,156,471,363,8,238,110
ENSG00000135547.9,183,282,95,663,1469,184,1054,972
ENSG00000135549.17,2,6,3,31,20,1,5,1
ENSG00000135569.5,0,0,0,0,0,0,0,0
ENSG00000135577.5,0,2,1,1,4,0,0,0
ENSG00000135587.10,122,102,90,154,124,13,45,39
ENSG00000135596.19,644,280,715,362,368,34,197,108
ENSG00000135597.20,402,342,220,963,1071,163,801,586
ENSG00000135604.12,146,131,71,588,305,31,167,91
ENSG00000135605.14,19,18,15,130,44,8,46,15
ENSG00000135617.5,693,1092,262,1567,1742,308,689,1215
ENSG00000135622.15,151,105,53,103,168,12,67,73
ENSG00000135624.18,3808,1145,779,6887,5389,786,2832,2461
ENSG00000135625.9,0,2,0,0,1,0,0,0
ENSG00000135631.18,714,169,194,1794,955,138,348,387
ENSG00000135632.13,584,178,234,982,602,87,290,303
ENSG00000135636.17,1256,519,417,3859,2501,561,1406,1303
ENSG00000135637.16,88,22,66,81,131,31,200,175
ENSG00000135638.15,0,9,0,0,0,0,0,0
ENSG00000135643.5,103,383,190,198,219,19,126,67
ENSG00000135655.17,623,600,565,2134,1718,120,1381,481
ENSG00000135677.12,1144,1129,787,5991,5163,735,2901,1618
ENSG00000135678.13,309,212,180,621,226,26,289,119
ENSG00000135679.28,787,738,576,1438,1277,35,676,287
ENSG00000135686.14,581,343,366,2414,1338,114,949,1279
ENSG00000135697.11,0,6,1,1,4,0,0,3
ENSG00000135698.11,256,161,58,210,309,22,158,96
ENSG00000135702.15,23,0,0,7,4,0,1,14
ENSG00000135709.15,356,96,173,362,394,43,161,162
ENSG00000135720.14,1956,2041,1222,4659,4542,248,2216,1032
ENSG00000135722.10,42,9,63,15,55,10,27,52
ENSG00000135723.15,749,251,270,334,588,42,409,190
ENSG00000135736.7,99,124,36,136,204,46,100,115
ENSG00000135740.18,18,20,36,47,20,3,11,31
ENSG00000135744.9,1928,2187,2205,3168,3470,421,1213,1614
ENSG00000135747.11,1,0,0,1,1,0,0,0
ENSG00000135749.21,89,27,40,21,74,3,30,11
ENSG00000135750.16,129,64,28,1028,443,40,352,233
ENSG00000135763.11,172,47,53,371,162,24,139,56
ENSG00000135766.10,1327,1525,344,4758,3505,380,1834,1248
ENSG00000135773.14,2,2,0,1,3,0,3,1
ENSG00000135775.15,190,249,130,929,944,127,513,311
ENSG00000135776.6,215,222,127,792,585,26,341,134
ENSG00000135778.13,314,449,177,1235,1427,157,707,553
ENSG00000135801.12,226,229,159,763,464,33,312,208
ENSG00000135821.20,4789,5587,6362,18040,11452,843,6226,4300
ENSG00000135823.14,451,354,151,433,460,22,244,115
ENSG00000135824.13,1,1,6,3,4,0,0,0
ENSG00000135828.12,105,165,105,290,260,13,76,42
ENSG00000135829.18,1274,674,415,3555,2403,226,1388,808
ENSG00000135835.13,74,48,49,173,309,26,199,148
ENSG00000135837.19,394,463,204,1460,1203,72,877,343
ENSG00000135838.15,78,55,209,85,130,10,97,27
ENSG00000135842.18,1514,1536,581,39315,22328,2479,12650,6949
ENSG00000135845.11,275,199,184,390,350,24,142,109
ENSG00000135862.7,6293,5227,3199,10223,10803,1320,6402,2880
ENSG00000135870.14,373,481,225,912,938,17,477,268
ENSG00000135898.11,1,6,1,2,5,1,1,3
ENSG00000135899.21,247,450,251,558,500,55,296,45
ENSG00000135900.5,219,203,148,988,1600,164,797,713
ENSG00000135902.11,0,0,0,0,1,0,0,0
ENSG00000135903.20,0,0,1,0,0,0,0,0
ENSG00000135905.21,40,64,26,113,134,5,88,35
ENSG00000135912.12,357,110,190,279,160,11,137,100
ENSG00000135913.12,161,192,96,317,383,19,234,91
ENSG00000135914.7,4,1,22,23,113,2,9,0
ENSG00000135916.16,810,610,421,928,1844,192,735,968
ENSG00000135917.17,56,29,22,39,90,0,141,13
ENSG00000135919.15,12314,560,574,884,681,137,177,171
ENSG00000135924.18,1945,1182,1370,2310,3038,256,1232,1365
ENSG00000135925.10,1,2,3,1,3,0,1,0
ENSG00000135926.16,3319,1495,1660,5177,4561,496,2215,1617
ENSG00000135929.10,421,1013,681,234,539,62,283,203
ENSG00000135930.16,1009,607,538,1953,1498,146,987,642
ENSG00000135931.20,122,56,52,73,94,9,25,22
ENSG00000135932.13,757,539,378,5568,3217,308,1658,944
ENSG00000135940.8,3977,7655,1290,5723,11097,2490,7428,12398
ENSG00000135945.11,417,465,232,1070,1725,155,1127,473
ENSG00000135951.17,7,8,12,15,16,1,18,9
ENSG00000135953.12,91,35,46,174,188,15,60,54
ENSG00000135956.12,1635,963,644,5476,4098,617,1554,1831
ENSG00000135960.11,0,0,0,0,3,2,2,0
ENSG00000135966.15,257,160,134,678,461,54,339,176
ENSG00000135968.23,207,369,133,1011,913,50,656,130
ENSG00000135972.10,354,462,247,1456,2527,277,1316,1196
ENSG00000135973.3,0,0,0,0,0,0,0,0
ENSG00000135974.12,243,188,83,480,662,39,476,244
ENSG00000135976.21,25,104,45,125,125,3,119,10
ENSG00000135999.14,214,433,158,839,833,38,489,218
ENSG00000136002.22,0,13,0,2,25,0,0,0
ENSG00000136003.17,1544,1676,1250,8968,10063,1208,5849,6597
ENSG00000136010.15,336,62,74,168,206,34,177,63
ENSG00000136011.15,2,9,3,6,19,0,12,4
ENSG00000136014.13,5,13,14,10,17,0,5,18
ENSG00000136021.20,333,476,162,1444,1242,99,666,261
ENSG00000136026.15,2891,753,657,1887,1885,388,927,1006
ENSG00000136040.9,39,200,63,137,164,12,72,24
ENSG00000136044.13,296,295,199,656,636,65,448,234
ENSG00000136045.13,448,316,276,587,648,66,319,222
ENSG00000136048.15,724,321,399,441,330,21,90,55
ENSG00000136051.16,372,553,210,838,1061,61,740,189
ENSG00000136052.11,155,58,33,79,72,3,27,15
ENSG00000136059.17,162,147,135,85,133,18,51,29
ENSG00000136068.17,1704,1122,667,2890,2388,223,1019,975
ENSG00000136098.20,152,223,215,174,264,19,216,78
ENSG00000136099.13,0,0,0,1,0,0,0,0
ENSG00000136100.15,601,767,297,1826,1894,101,1072,550
ENSG00000136104.23,339,359,271,592,771,73,422,356
ENSG00000136108.16,21,54,102,250,321,14,123,32
ENSG00000136110.14,0,6,0,0,0,0,0,0
ENSG00000136111.15,545,617,350,3786,4105,399,3028,1283
ENSG00000136114.18,213,427,188,216,586,23,279,210
ENSG00000136122.19,63,20,66,21,39,2,31,12
ENSG00000136141.15,308,348,133,834,636,53,346,305
ENSG00000136143.17,367,364,108,3831,5993,442,3535,1882
ENSG00000136144.13,246,229,85,884,1435,49,801,209
ENSG00000136146.16,661,822,437,1222,1495,114,845,423
ENSG00000136147.19,378,588,431,444,545,30,357,167
ENSG00000136152.16,337,275,172,673,782,47,514,246
ENSG00000136153.22,1485,765,155,17334,10583,1247,8048,3728
ENSG00000136155.18,1,34,2,0,7,0,6,0
ENSG00000136156.16,5819,8735,4812,13690,18746,1172,9406,5177
ENSG00000136158.13,1488,2125,533,1658,1394,134,746,689
ENSG00000136159.5,289,201,109,552,609,50,360,213
ENSG00000136160.18,1428,1278,929,1481,1330,75,748,381
ENSG00000136161.14,180,504,205,417,675,48,456,207
ENSG00000136167.16,246,349,959,1132,661,69,217,37
ENSG00000136169.18,201,287,125,407,679,63,390,183
ENSG00000136193.18,516,330,283,845,855,99,499,319
ENSG00000136197.15,35,25,2,82,61,8,71,7
ENSG00000136205.19,633,807,360,1848,2463,245,1156,655
ENSG00000136206.5,0,0,0,0,0,0,0,7
ENSG00000136213.11,297,348,192,283,498,72,241,278
ENSG00000136231.15,1,3,3,1,2,2,4,0
ENSG00000136235.18,526,1702,558,12023,12325,1891,7857,8470
ENSG00000136237.20,269,571,142,969,1029,38,465,420
ENSG00000136238.21,7020,3128,2642,5872,5572,590,2542,2077
ENSG00000136240.11,5853,1973,1540,2832,2630,261,1383,891
ENSG00000136243.19,219,151,126,368,426,33,309,152
ENSG00000136244.13,90,109,25,56,38,13,18,7
ENSG00000136247.16,271,267,214,638,925,91,399,321
ENSG00000136250.14,14,94,99,83,125,10,39,16
ENSG00000136261.17,1787,1809,412,8186,11503,1267,7072,4175
ENSG00000136267.15,4,10,5,2,49,0,16,6
ENSG00000136270.15,746,544,364,1388,2013,344,762,1174
ENSG00000136271.12,1202,491,672,991,978,108,463,416
ENSG00000136273.15,228,115,87,637,511,47,299,215
ENSG00000136274.9,101,77,52,199,187,32,124,121
ENSG00000136279.22,1297,845,951,899,1275,480,3295,1285
ENSG00000136280.18,687,381,391,676,862,132,366,604
ENSG00000136286.17,15,36,79,83,50,7,19,3
ENSG00000136295.17,363,133,307,307,487,67,245,188
ENSG00000136297.17,0,0,0,0,0,0,0,0
ENSG00000136305.13,110,169,152,181,209,6,116,52
ENSG00000136319.13,125,181,73,186,324,32,118,154
ENSG00000136327.7,0,2,0,0,0,0,1,0
ENSG00000136352.20,0,35,4,0,0,0,4,0
ENSG00000136367.15,26,24,28,16,24,10,42,8
ENSG00000136371.12,153,228,67,171,317,29,90,136
ENSG00000136378.16,97,59,51,481,864,192,727,276
ENSG00000136379.13,58,97,18,95,185,14,58,86
ENSG00000136381.14,334,284,167,1013,1189,91,878,270
ENSG00000136383.8,1610,886,516,17548,10491,1372,4567,3428
ENSG00000136404.17,53,118,23,115,127,3,57,34
ENSG00000136425.15,81,179,57,210,385,52,128,72
ENSG00000136436.17,1592,2266,1148,7228,6613,824,3965,2463
ENSG00000136444.11,788,603,777,1631,2215,165,911,743
ENSG00000136448.14,1407,478,664,2537,2372,369,1418,1103
ENSG00000136449.17,3,12,4,18,21,0,18,5
ENSG00000136450.13,2805,1737,997,3181,3238,290,2502,922
ENSG00000136451.10,634,700,357,3074,2186,164,1261,636
ENSG00000136457.11,0,1,0,4,14,0,1,10
ENSG00000136463.10,252,320,92,812,1300,202,662,757
ENSG00000136478.10,677,449,216,3347,2248,329,1400,770
ENSG00000136485.16,750,510,340,2477,2033,205,979,605
ENSG00000136487.18,0,0,0,0,0,0,0,0
ENSG00000136488.15,0,0,0,0,0,0,0,0
ENSG00000136490.10,187,152,212,50,142,12,69,36
ENSG00000136492.11,2,3,6,1,15,0,3,1
ENSG00000136504.15,400,496,241,1678,1912,278,1180,667
ENSG00000136514.3,23,73,30,44,92,8,27,9
ENSG00000136518.18,425,308,143,626,621,44,305,218
ENSG00000136521.14,856,1438,398,4528,8515,668,3865,2504
ENSG00000136522.15,590,517,196,1280,1226,144,735,586
ENSG00000136527.20,1499,2094,736,1647,1757,181,1375,870
ENSG00000136531.19,2,10,2,9,6,0,5,0
ENSG00000136535.15,0,0,0,0,0,0,0,0
ENSG00000136536.16,753,1273,422,2721,2951,178,2049,640
ENSG00000136541.16,2,3,8,8,9,0,9,0
ENSG00000136542.10,18,33,6,20,33,2,25,8
ENSG00000136546.18,924,3805,1122,1585,4249,135,2149,1074
ENSG00000136560.15,303,292,191,926,823,64,446,284
ENSG00000136573.17,0,2,6,0,0,0,0,0
ENSG00000136574.20,678,227,123,768,2348,396,2018,1740
ENSG00000136603.16,880,979,198,641,607,19,394,152
ENSG00000136628.19,1189,558,282,2780,2540,436,1667,857
ENSG00000136630.14,373,290,148,93,309,32,160,145
ENSG00000136631.17,514,467,310,1472,1862,200,1114,702
ENSG00000136634.7,4,1,8,7,5,2,1,2
ENSG00000136636.14,475,438,331,1080,868,43,509,241
ENSG00000136643.13,231,178,111,650,560,41,298,123
ENSG00000136682.17,238,207,195,970,1152,75,662,365
ENSG00000136688.11,0,0,0,0,0,0,0,0
ENSG00000136689.20,10,19,27,98,22,4,0,0
ENSG00000136694.9,0,0,0,0,0,0,0,0
ENSG00000136695.15,0,0,0,0,0,0,0,0
ENSG00000136696.11,0,0,0,0,0,0,0,0
ENSG00000136697.13,0,0,0,0,0,0,0,0
ENSG00000136698.10,0,0,0,0,0,0,0,0
ENSG00000136699.21,1212,707,944,1806,1799,279,1363,1357
ENSG00000136709.13,841,824,494,1516,1616,191,1087,811
ENSG00000136710.11,143,437,209,311,527,67,242,244
ENSG00000136715.20,212,214,142,512,597,76,455,224
ENSG00000136717.16,275,240,248,249,490,74,311,377
ENSG00000136718.11,1183,410,531,1120,1454,196,651,815
ENSG00000136720.7,406,189,184,1062,957,132,469,714
ENSG00000136731.14,1010,370,304,2215,1357,230,961,438
ENSG00000136732.17,1869,2145,3443,3789,3062,505,1299,1745
ENSG00000136738.16,299,203,114,1119,905,88,533,263
ENSG00000136750.13,0,0,0,0,1,0,0,0
ENSG00000136754.19,516,629,290,866,1090,76,637,242
ENSG00000136758.22,1279,973,475,4435,4318,501,2856,1382
ENSG00000136770.12,586,264,222,550,429,55,193,184
ENSG00000136783.11,125,255,78,535,723,37,351,195
ENSG00000136802.13,1515,558,412,2196,1038,143,553,1006
ENSG00000136807.14,727,695,1020,915,1141,89,556,490
ENSG00000136810.14,1686,1311,872,972,934,80,490,463
ENSG00000136811.17,670,385,413,669,704,79,375,214
ENSG00000136813.16,1545,1084,916,5443,3551,454,2073,1187
ENSG00000136816.17,331,219,138,461,399,43,204,180
ENSG00000136819.16,570,684,427,1110,1293,156,650,669
ENSG00000136824.20,82,117,52,556,495,35,621,212
ENSG00000136826.16,1154,6442,385,784,916,63,1595,1013
ENSG00000136827.12,446,297,150,463,549,51,324,201
ENSG00000136828.20,112,105,53,644,586,40,482,209
ENSG00000136830.13,2381,643,697,1318,1830,269,733,804
ENSG00000136834.3,0,0,0,0,0,0,0,0
ENSG00000136839.1,0,0,0,0,0,0,0,0
ENSG00000136840.20,541,290,219,231,633,191,190,458
ENSG00000136842.15,1983,785,650,11842,9601,1266,4664,3463
ENSG00000136848.19,1153,420,497,3247,2352,372,967,1079
ENSG00000136854.27,769,467,330,1230,1333,149,993,550
ENSG00000136856.19,131,212,142,251,307,25,95,184
ENSG00000136859.11,696,629,763,4400,3052,377,1503,712
ENSG00000136861.20,306,353,410,2908,1827,210,977,411
ENSG00000136866.15,61,83,30,52,85,4,54,18
ENSG00000136867.11,153,89,91,484,366,48,180,139
ENSG00000136868.12,376,172,117,885,650,77,435,346
ENSG00000136869.16,422,691,379,769,1183,68,520,139
ENSG00000136870.11,308,460,140,2986,738,45,484,500
ENSG00000136872.22,2,1905,354,4,12,5,2,28
ENSG00000136874.12,273,395,202,891,950,55,684,221
ENSG00000136875.14,438,249,186,829,531,78,274,328
ENSG00000136877.17,449,458,399,783,1114,156,369,517
ENSG00000136878.15,244,187,326,323,617,83,335,264
ENSG00000136881.13,7,177,3,9,7,0,5,7
ENSG00000136883.17,0,38,2,0,0,0,0,0
ENSG00000136888.9,1036,1101,530,1474,2211,182,995,752
ENSG00000136891.15,135,155,80,354,307,37,197,88
ENSG00000136895.19,50,67,51,429,540,38,264,170
ENSG00000136897.8,338,385,165,1158,1048,77,661,379
ENSG00000136908.19,604,220,482,291,356,37,119,188
ENSG00000136918.9,39,111,57,4,15,183,488,472
ENSG00000136925.16,393,280,262,844,1220,82,1288,314
ENSG00000136928.8,11,51,14,55,40,6,39,22
ENSG00000136929.13,8,8,281,4,2,0,0,0
ENSG00000136930.14,1644,1462,662,2712,3722,484,1800,2070
ENSG00000136931.11,1,0,2,0,0,0,0,0
ENSG00000136932.17,60,99,71,188,266,18,132,106
ENSG00000136933.18,368,252,222,202,355,32,172,185
ENSG00000136935.15,256,224,227,596,724,97,524,313
ENSG00000136936.12,112,212,110,114,288,21,163,93
ENSG00000136937.14,562,350,185,877,886,90,570,316
ENSG00000136938.10,1659,1453,1648,1554,2135,239,1016,820
ENSG00000136939.1,0,0,0,0,0,0,0,0
ENSG00000136940.15,164,289,84,284,363,30,189,85
ENSG00000136942.16,9372,11269,8014,3661,7162,1236,3159,2677
ENSG00000136943.13,6,5,5,11,20,1,3,0
ENSG00000136944.19,94,56,25,12,77,10,41,26
ENSG00000136950.14,864,562,275,1277,1111,207,504,784
ENSG00000136960.14,25,130,34,270,457,30,221,71
ENSG00000136982.7,51,57,27,39,78,0,48,11
ENSG00000136986.11,1230,588,383,2066,1648,199,849,536
ENSG00000136997.22,1280,259,293,762,202,56,299,158
ENSG00000136999.6,72,114,44,193,321,13,110,156
ENSG00000137033.13,626,789,646,1318,1513,38,710,176
ENSG00000137038.9,578,943,298,1293,2699,290,1383,1721
ENSG00000137040.10,247,212,102,2800,1148,150,578,266
ENSG00000137054.17,244,158,167,308,365,48,162,149
ENSG00000137055.16,355,354,203,1153,1335,135,1003,394
ENSG00000137070.20,270,423,410,616,1997,188,795,823
ENSG00000137073.25,325,250,213,932,973,145,705,349
ENSG00000137074.21,374,285,257,394,494,51,257,185
ENSG00000137075.18,486,467,175,1477,1120,49,506,203
ENSG00000137076.23,4446,1918,1948,18833,10454,2458,5674,4103
ENSG00000137077.10,561,418,1705,570,456,25,153,129
ENSG00000137078.11,0,7,0,2,1,0,1,0
ENSG00000137080.4,0,0,0,0,0,0,0,0
ENSG00000137090.12,0,0,0,0,0,0,0,0
ENSG00000137094.16,1530,545,200,5691,2768,660,1798,1310
ENSG00000137098.15,18,38,23,27,78,8,49,30
ENSG00000137100.17,518,705,346,1001,1689,234,709,1025
ENSG00000137101.14,5,14,19,6,15,0,6,3
ENSG00000137103.21,153,311,205,606,1181,129,429,493
ENSG00000137106.19,974,993,372,1690,3227,468,1796,1999
ENSG00000137124.9,274,171,71,765,764,242,340,297
ENSG00000137133.12,232,605,298,591,867,154,461,744
ENSG00000137135.19,4,3,18,13,15,2,113,29
ENSG00000137142.6,0,3,0,3,10,0,3,0
ENSG00000137145.22,308,420,184,1173,1106,77,815,255
ENSG00000137154.14,17798,15877,17150,14087,21829,2424,9502,9148
ENSG00000137161.19,813,527,529,499,825,98,330,319
ENSG00000137166.19,383,88,235,703,653,145,391,322
ENSG00000137168.9,535,147,114,2416,1820,157,1154,693
ENSG00000137171.16,203,226,85,934,972,118,456,494
ENSG00000137177.20,525,527,329,6989,3422,358,1914,1074
ENSG00000137185.14,229,190,174,272,348,19,226,130
ENSG00000137193.15,1659,691,2432,2678,490,44,422,1048
ENSG00000137197.6,2,0,0,0,0,0,0,0
ENSG00000137198.11,379,280,551,1659,2850,760,1049,1460
ENSG00000137200.14,512,439,432,1164,1646,173,880,677
ENSG00000137203.15,3,5,14,4,13,0,8,3
ENSG00000137204.16,0,49,0,0,4,0,0,4
ENSG00000137207.13,928,830,648,1609,2304,309,950,1178
ENSG00000137210.15,640,987,483,1582,2553,212,1351,859
ENSG00000137216.20,360,334,278,1539,1146,163,747,460
ENSG00000137218.11,73,87,97,101,260,21,124,197
ENSG00000137221.15,471,340,387,449,792,70,473,353
ENSG00000137225.13,15,2,42,10,8,0,6,6
ENSG00000137251.16,0,1,5,5,3,0,3,0
ENSG00000137252.10,0,4,0,1,2,0,7,0
ENSG00000137261.16,1,3,0,2,3,0,2,0
ENSG00000137265.17,9,7,5,9,23,1,8,4
ENSG00000137266.15,108,68,80,354,311,24,176,177
ENSG00000137267.8,422,262,113,379,394,67,302,445
ENSG00000137269.16,60,44,53,140,118,4,76,100
ENSG00000137270.11,1,0,0,0,0,0,0,0
ENSG00000137273.6,11,2,19,9,5,0,1,3
ENSG00000137274.15,81,231,55,322,568,39,262,169
ENSG00000137275.17,401,400,370,779,499,48,431,241
ENSG00000137285.11,66,37,32,96,97,12,57,57
ENSG00000137288.11,1429,2255,454,1263,2475,411,1268,1532
ENSG00000137309.22,977,222,308,1088,1312,218,518,618
ENSG00000137310.14,41,57,18,65,146,13,72,30
ENSG00000137312.16,2137,932,952,7097,6630,1216,2066,3523
ENSG00000137313.15,0,0,0,0,0,0,0,0
ENSG00000137331.13,0,0,0,0,54,109,397,0
ENSG00000137332.19,0,0,0,0,82,0,0,0
ENSG00000137337.17,483,301,334,1089,708,94,719,173
ENSG00000137338.7,99,72,62,178,169,17,130,78
ENSG00000137343.19,81,27,50,138,78,9,60,12
ENSG00000137364.6,157,224,110,675,1076,71,362,252
ENSG00000137392.11,0,0,0,0,1,0,0,0
ENSG00000137393.11,206,719,176,542,655,65,202,139
ENSG00000137394.14,1,1,17,0,0,0,0,0
ENSG00000137397.18,0,0,0,0,0,0,0,0
ENSG00000137403.19,385,936,153,290,285,0,391,6
ENSG00000137404.16,215,171,219,159,179,12,37,85
ENSG00000137409.22,5078,2164,2155,7064,6410,601,3158,4097
ENSG00000137411.20,12,0,8,147,203,21,75,8
ENSG00000137413.17,267,305,187,1105,1013,107,580,317
ENSG00000137414.8,442,565,288,946,1357,88,858,279
ENSG00000137434.13,3,4,0,4,4,1,0,7
ENSG00000137440.6,0,0,0,0,1,0,0,0
ENSG00000137441.9,540,92,15,34,117,5,48,55
ENSG00000137449.17,130,287,67,464,791,37,574,103
ENSG00000137460.11,57,21,156,46,29,0,15,11
ENSG00000137462.11,55,66,197,440,102,5,26,22
ENSG00000137463.6,28,59,14,12,28,5,15,22
ENSG00000137473.20,1,3,2,0,0,0,0,0
ENSG00000137474.24,183,130,152,117,173,14,83,36
ENSG00000137478.16,589,622,261,2248,1171,123,749,380
ENSG00000137486.18,575,659,351,915,987,81,420,439
ENSG00000137491.16,169,1162,451,961,1323,103,711,358
ENSG00000137492.10,608,1100,451,727,1299,72,714,282
ENSG00000137494.15,110,74,58,120,169,20,70,74
ENSG00000137496.20,320,99,180,572,200,23,189,83
ENSG00000137497.20,1618,1668,1685,3289,4882,666,2573,1731
ENSG00000137500.11,460,500,210,713,813,55,423,269
ENSG00000137501.19,175,182,155,227,300,6,123,78
ENSG00000137502.11,178,316,87,287,950,44,564,155
ENSG00000137504.16,705,866,525,891,1099,32,1092,323
ENSG00000137507.12,1799,1641,1118,907,1418,219,506,773
ENSG00000137509.13,1243,2314,376,1846,2573,230,1151,577
ENSG00000137513.12,124,90,63,478,644,72,361,218
ENSG00000137522.19,259,158,132,549,485,53,218,224
ENSG00000137547.10,815,710,366,2441,3177,409,1589,1174
ENSG00000137558.9,113,7,79,57,32,1,6,4
ENSG00000137561.6,7,49,22,4,3,1,3,1
ENSG00000137563.14,80,75,42,77,105,1,19,11
ENSG00000137571.12,156,13,34,2212,306,37,225,108
ENSG00000137573.15,268,266,350,803,1106,47,522,216
ENSG00000137574.12,179,164,85,420,356,29,189,134
ENSG00000137575.13,2400,3470,1641,6809,6557,335,2869,1598
ENSG00000137601.19,176,202,58,594,664,44,460,184
ENSG00000137628.19,139,264,93,398,645,22,398,99
ENSG00000137634.11,0,0,0,0,0,0,0,0
ENSG00000137642.14,46,137,289,230,505,40,326,112
ENSG00000137648.21,9,5,1,5,1,0,0,2
ENSG00000137656.13,201,204,153,292,393,24,223,152
ENSG00000137672.14,7,38,8,21,50,2,19,18
ENSG00000137673.10,0,10,1,0,0,0,0,0
ENSG00000137674.4,0,1,0,0,0,0,0,0
ENSG00000137675.5,1,1,0,0,0,0,0,0
ENSG00000137691.14,26,33,21,7,18,1,0,1
ENSG00000137692.13,317,283,118,694,733,64,422,251
ENSG00000137693.15,863,938,321,4157,2933,204,1922,672
ENSG00000137699.18,3,6,6,0,7,0,7,3
ENSG00000137700.19,6,10,59,13,17,5,3,11
ENSG00000137707.14,0,0,2,0,0,0,0,0
ENSG00000137709.10,1,0,1,1,8,0,5,0
ENSG00000137710.18,626,762,213,3630,3127,267,2024,417
ENSG00000137713.17,339,352,123,434,387,26,261,82
ENSG00000137714.4,276,348,122,1167,1256,138,587,550
ENSG00000137720.8,107,111,64,230,358,51,205,198
ENSG00000137726.18,2118,3320,1145,1959,2960,259,1356,1316
ENSG00000137727.13,7,13,6,21,50,0,43,6
ENSG00000137731.15,55,287,101,27,51,0,24,9
ENSG00000137745.14,0,0,0,0,0,0,0,0
ENSG00000137747.17,0,2,2,3,7,0,6,0
ENSG00000137752.26,205,395,172,200,314,17,183,50
ENSG00000137757.12,0,7,1,11,0,0,0,0
ENSG00000137760.16,89,103,61,283,260,25,175,71
ENSG00000137764.21,188,144,99,455,733,94,315,268
ENSG00000137766.18,0,3,0,2,4,0,8,1
ENSG00000137767.15,476,498,275,595,614,65,259,299
ENSG00000137770.15,261,375,113,499,689,23,319,129
ENSG00000137776.18,884,950,536,3807,2284,154,1513,419
ENSG00000137801.12,10778,3730,1194,9532,1280,252,948,660
ENSG00000137802.16,194,79,110,448,495,18,350,187
ENSG00000137804.15,12,0,163,5,33,3,12,10
ENSG00000137806.11,223,238,88,1346,1123,212,916,521
ENSG00000137807.17,1,6,75,15,51,2,10,3
ENSG00000137809.18,402,140,150,611,813,160,444,184
ENSG00000137812.21,1,9,31,6,43,0,7,1
ENSG00000137814.13,209,139,143,530,437,28,247,117
ENSG00000137815.16,420,745,288,2008,2028,263,1072,302
ENSG00000137817.19,910,586,970,1272,1150,127,601,364
ENSG00000137818.13,17462,16556,13636,10277,23833,3498,9707,19024
ENSG00000137819.15,47,39,20,57,51,3,15,40
ENSG00000137821.13,304,442,95,1354,2092,185,819,757
ENSG00000137822.14,305,156,132,743,562,68,436,225
ENSG00000137824.17,355,392,196,536,689,78,257,363
ENSG00000137825.12,10,25,19,13,30,3,11,94
ENSG00000137831.16,929,2516,603,1513,2077,109,1390,332
ENSG00000137834.16,223,129,16,198,308,91,222,431
ENSG00000137841.13,54,93,231,170,302,13,194,44
ENSG00000137842.8,146,230,144,375,367,30,212,104
ENSG00000137843.13,7,57,14,146,313,44,196,129
ENSG00000137845.16,855,1124,356,2714,1769,77,813,372
ENSG00000137857.19,35,78,37,33,54,4,6,12
ENSG00000137860.13,2,4,2,0,1,0,0,0
ENSG00000137868.20,10,5,4,4,6,0,0,0
ENSG00000137869.17,22,5,35,47,15,0,1,3
ENSG00000137871.22,343,419,149,563,838,30,511,192
ENSG00000137872.18,88,81,66,229,539,48,338,75
ENSG00000137875.4,0,1,0,0,2,0,0,0
ENSG00000137876.12,1145,1426,715,1446,1962,106,906,515
ENSG00000137877.10,63,48,71,210,161,10,83,49
ENSG00000137878.18,11,1,15,546,133,4,497,96
ENSG00000137880.6,16,103,81,30,95,10,39,77
ENSG00000137936.19,185,271,88,491,651,89,350,245
ENSG00000137941.18,125,109,59,180,219,1,218,63
ENSG00000137942.19,564,1046,248,2217,1417,97,842,457
ENSG00000137944.18,148,282,187,215,292,22,99,48
ENSG00000137947.13,255,486,204,380,436,37,292,187
ENSG00000137948.19,0,1,0,1,0,0,0,0
ENSG00000137955.17,836,456,420,1232,2039,79,815,495
ENSG00000137959.18,165,611,260,554,1501,24,1117,166
ENSG00000137960.7,156,178,28,75,172,15,67,31
ENSG00000137962.14,912,2290,402,1439,2845,105,1320,559
ENSG00000137965.12,272,859,448,350,804,9,634,104
ENSG00000137968.17,0,6,0,59,67,6,11,2
ENSG00000137975.8,3,0,0,4,2,0,5,0
ENSG00000137976.8,0,0,0,2,0,0,1,0
ENSG00000137992.16,262,310,124,1459,2646,206,1394,682
ENSG00000137996.14,353,301,239,1170,1438,150,758,461
ENSG00000138002.17,247,183,279,622,849,66,469,332
ENSG00000138018.19,340,196,100,769,532,23,380,194
ENSG00000138028.17,9,4,24,15,36,1,9,10
ENSG00000138029.15,4515,2292,1111,41647,41992,3275,19661,13280
ENSG00000138030.15,49,133,29,50,95,6,28,20
ENSG00000138031.16,1022,295,1164,982,759,77,415,325
ENSG00000138032.22,335,405,232,2051,1867,171,1022,581
ENSG00000138035.16,477,241,184,840,1080,85,741,335
ENSG00000138036.19,146,151,126,140,316,11,203,93
ENSG00000138039.16,0,0,0,2,5,0,1,1
ENSG00000138050.16,170,166,146,219,185,17,159,74
ENSG00000138061.14,9849,298,1273,1898,1181,61,251,392
ENSG00000138068.12,0,0,0,0,0,0,0,0
ENSG00000138069.19,2261,1860,823,3718,3438,381,2385,1502
ENSG00000138071.16,1560,1687,731,5851,4147,307,1986,650
ENSG00000138073.15,1143,633,435,1063,1796,217,792,807
ENSG00000138074.16,604,96,217,523,289,32,229,220
ENSG00000138075.15,1,15,1,1,0,0,1,0
ENSG00000138078.17,830,518,269,4423,4181,371,2585,1023
ENSG00000138079.15,3,22,27,4,3,0,87,5
ENSG00000138080.15,4133,494,682,963,1083,274,632,528
ENSG00000138081.23,797,951,400,1877,1746,162,1344,429
ENSG00000138083.5,4,0,0,0,0,0,0,0
ENSG00000138085.19,1265,1729,916,2051,3430,358,1646,1515
ENSG00000138092.12,98,18,46,125,128,12,100,50
ENSG00000138095.21,1043,887,394,4613,5722,556,3279,1861
ENSG00000138100.15,1063,1628,465,5370,6803,1615,3372,3928
ENSG00000138101.21,28,76,56,76,122,7,74,39
ENSG00000138107.14,2351,1183,1197,5083,4512,756,2141,1786
ENSG00000138109.12,0,227,0,0,1,0,1,0
ENSG00000138111.15,50,32,56,24,80,8,46,26
ENSG00000138115.16,9,331,1,9,4,1,0,3
ENSG00000138119.18,636,165,190,1861,1537,156,2002,527
ENSG00000138131.5,72,42,23,58,54,36,52,24
ENSG00000138134.13,140,212,98,51,130,4,77,55
ENSG00000138135.7,111,257,58,14,26,4,6,0
ENSG00000138136.8,0,0,0,0,0,0,0,0
ENSG00000138138.15,542,781,294,4101,3513,238,2156,992
ENSG00000138152.10,3,1,1,3,1,0,0,0
ENSG00000138160.8,5,9,64,32,80,5,20,9
ENSG00000138161.15,28,41,32,23,12,0,10,2
ENSG00000138162.20,863,1123,352,11790,9300,1884,7850,4389
ENSG00000138166.7,850,7572,209,346,426,36,470,380
ENSG00000138172.12,675,290,356,276,475,50,205,321
ENSG00000138175.10,452,398,222,770,978,134,585,512
ENSG00000138180.17,7,4,41,20,44,2,1,1
ENSG00000138182.16,11,47,41,89,126,6,69,16
ENSG00000138185.21,189,354,216,462,486,53,292,279
ENSG00000138190.17,87,231,40,266,382,36,243,87
ENSG00000138193.18,307,419,308,1275,740,78,274,319
ENSG00000138207.16,78,2166,9,59,238,7,677,51
ENSG00000138231.14,109,91,87,321,315,25,164,91
ENSG00000138246.17,457,363,211,2272,1659,126,979,498
ENSG00000138271.6,0,0,0,0,0,0,0,0
ENSG00000138279.17,1160,1213,605,4367,4451,428,2514,1514
ENSG00000138286.16,232,275,132,338,542,42,365,128
ENSG00000138303.20,284,273,125,927,1044,138,515,360
ENSG00000138308.7,0,23,0,1,27,0,8,4
ENSG00000138311.19,65,20,1,9,25,0,13,3
ENSG00000138315.14,0,9,0,4,33,0,8,2
ENSG00000138316.12,30,12,9,62,30,2,10,9
ENSG00000138326.22,13211,11126,10676,11742,16462,2244,9093,7457
ENSG00000138336.10,10,63,9,20,119,4,65,12
ENSG00000138346.17,42,10,20,34,91,1,64,26
ENSG00000138347.17,2296,452,111,18996,6198,1104,3359,2725
ENSG00000138356.15,156,462,520,252,168,27,187,66
ENSG00000138363.16,1064,286,291,1133,1409,172,723,454
ENSG00000138375.15,156,182,111,250,402,37,195,123
ENSG00000138376.12,36,44,17,134,158,6,74,9
ENSG00000138378.21,30,97,108,104,131,5,54,57
ENSG00000138379.5,0,3,1,3,9,0,4,0
ENSG00000138380.19,37,112,53,176,301,7,332,67
ENSG00000138381.10,600,508,248,1283,1309,65,672,442
ENSG00000138382.16,575,512,288,619,1039,126,563,387
ENSG00000138385.17,1508,805,540,1778,1876,163,1418,361
ENSG00000138386.18,606,1070,359,950,1433,50,731,288
ENSG00000138395.17,5,10,3,2,20,0,18,1
ENSG00000138398.18,510,787,261,1456,1653,154,1061,130
ENSG00000138399.19,346,254,118,1673,2398,224,1633,666
ENSG00000138400.13,4,23,7,4,47,0,48,20
ENSG00000138411.14,353,994,82,1365,1292,107,869,309
ENSG00000138413.15,244,424,226,1145,1361,87,1000,317
ENSG00000138430.17,908,395,295,1574,2051,230,1176,603
ENSG00000138433.17,324,441,410,708,782,100,437,37
ENSG00000138434.17,715,865,292,2468,2664,96,1678,617
ENSG00000138435.16,7,2,0,29,4,2,1,9
ENSG00000138439.12,43,159,36,73,148,15,69,44
ENSG00000138442.12,350,191,102,682,786,84,470,331
ENSG00000138443.18,706,841,420,2477,2322,210,1648,715
ENSG00000138448.14,1719,854,206,16548,7092,529,4605,1201
ENSG00000138449.12,438,922,732,883,4016,128,1511,500
ENSG00000138459.10,295,318,186,502,563,37,302,128
ENSG00000138463.10,120,147,68,784,748,62,434,228
ENSG00000138468.17,135,270,81,422,823,14,508,146
ENSG00000138472.11,36,17,5,205,203,4,42,315
ENSG00000138483.3,0,0,0,0,0,0,0,2
ENSG00000138495.8,1265,1297,399,1923,3223,321,1252,1833
ENSG00000138496.18,397,495,337,1314,880,37,486,221
ENSG00000138587.7,42,82,22,11,49,7,36,0
ENSG00000138592.16,396,501,260,1352,1276,116,906,237
ENSG00000138593.10,317,538,225,1763,1844,139,1351,453
ENSG00000138594.15,565,769,238,813,1237,69,439,197
ENSG00000138600.12,1112,578,303,4358,2051,141,1091,414
ENSG00000138604.11,221,566,101,393,675,33,368,125
ENSG00000138606.20,130,111,80,70,177,10,70,81
ENSG00000138613.15,81,171,133,293,300,15,214,71
ENSG00000138614.17,286,280,148,410,525,43,244,186
ENSG00000138615.7,6762,487,97,334,1338,314,1645,542
ENSG00000138617.17,393,148,89,150,205,22,100,63
ENSG00000138621.13,139,113,113,84,155,13,54,37
ENSG00000138622.4,97,74,8,1085,599,126,535,189
ENSG00000138623.10,118,24,77,45,40,10,21,57
ENSG00000138629.17,415,349,279,783,1390,221,637,750
ENSG00000138639.18,200,145,117,266,736,61,500,197
ENSG00000138640.16,119,277,112,301,782,46,685,351
ENSG00000138641.20,205,198,60,1904,1505,182,1065,436
ENSG00000138642.17,101,364,200,392,741,69,502,225
ENSG00000138646.10,67,233,94,128,172,10,125,32
ENSG00000138650.9,2,2,1,8,22,0,7,1
ENSG00000138653.10,1,2,0,0,2,0,0,1
ENSG00000138658.18,26,32,35,113,75,1,78,19
ENSG00000138660.13,103,91,44,402,368,13,254,156
ENSG00000138663.10,427,502,161,1356,1732,207,1036,731
ENSG00000138668.21,2611,2285,1684,3609,3768,486,2465,1381
ENSG00000138669.12,0,3,0,6,40,0,2,2
ENSG00000138670.20,147,83,81,114,144,1,51,46
ENSG00000138674.18,2577,1616,1058,4325,3226,542,2357,1296
ENSG00000138675.17,2,2,1,56,4,1,13,12
ENSG00000138678.12,347,320,82,1297,1911,136,1126,1265
ENSG00000138684.9,0,0,0,0,0,0,0,0
ENSG00000138685.18,465,407,101,426,466,20,274,79
ENSG00000138686.11,148,157,85,151,201,10,181,66
ENSG00000138688.17,323,467,228,2111,1799,128,1674,545
ENSG00000138696.12,11,16,10,149,73,7,40,12
ENSG00000138698.16,356,267,150,343,505,47,247,125
ENSG00000138709.21,325,204,102,652,633,83,493,122
ENSG00000138722.11,174,44,158,74,200,25,89,22
ENSG00000138735.17,151,786,147,456,1074,36,370,207
ENSG00000138738.12,89,99,47,159,238,13,195,58
ENSG00000138741.12,5,11,8,7,10,1,6,0
ENSG00000138744.18,109,218,197,252,412,23,135,144
ENSG00000138750.17,299,387,172,442,539,38,459,190
ENSG00000138755.6,7,118,2,365,105,4,57,20
ENSG00000138756.20,319,201,197,659,875,47,588,221
ENSG00000138757.16,684,904,250,3956,2669,261,1663,873
ENSG00000138758.13,1333,1011,416,968,1412,83,607,362
ENSG00000138759.21,37,49,7,320,273,16,220,84
ENSG00000138760.12,3897,2330,1019,5869,4880,362,2503,1475
ENSG00000138764.16,117,633,230,284,673,8,169,163
ENSG00000138767.15,502,755,171,721,817,39,418,200
ENSG00000138768.16,1258,688,442,4312,3982,323,2655,1017
ENSG00000138769.12,1,10,2,4,6,0,1,3
ENSG00000138771.17,90,111,14,1493,622,98,348,183
ENSG00000138772.14,586,2656,393,922,1341,104,572,517
ENSG00000138777.21,419,557,203,1212,2042,136,968,682
ENSG00000138778.15,9,4,36,15,28,0,6,2
ENSG00000138780.16,39,22,12,113,138,7,105,23
ENSG00000138785.17,271,263,115,800,660,87,320,219
ENSG00000138792.11,233,442,201,315,780,30,354,241
ENSG00000138794.10,77,104,54,107,139,10,82,50
ENSG00000138795.11,23,11,11,6,13,2,2,2
ENSG00000138796.19,607,785,311,5040,8783,711,4446,3794
ENSG00000138798.14,37,63,4,312,388,15,311,105
ENSG00000138801.10,372,218,106,487,533,40,286,137
ENSG00000138802.12,333,583,169,1193,1160,118,743,301
ENSG00000138813.10,1,0,0,0,0,0,0,0
ENSG00000138814.18,464,709,264,1540,927,58,522,188
ENSG00000138821.15,87,248,72,289,278,10,102,65
ENSG00000138823.14,1,72,13,73,141,20,179,39
ENSG00000138829.15,104,104,14,1448,1039,79,719,270
ENSG00000138834.15,649,301,494,790,1722,431,1282,958
ENSG00000138835.24,1311,1471,465,2588,3842,544,1426,1240
ENSG00000138867.18,906,851,883,5130,5825,533,1510,2669
ENSG00000138892.12,1,0,0,0,0,0,0,0
ENSG00000138942.18,613,432,356,1221,1294,105,574,474
ENSG00000138944.8,206,0,18,139,46,0,19,14
ENSG00000138964.19,49,75,150,116,101,12,45,9
ENSG00000139044.13,379,314,295,1715,1551,190,633,446
ENSG00000139053.4,0,0,2,0,0,0,0,0
ENSG00000139055.7,7,20,17,7,17,0,6,7
ENSG00000139083.12,369,262,281,912,542,82,267,169
ENSG00000139112.12,2884,2449,2013,17752,10868,878,6040,5569
ENSG00000139116.20,230,93,46,2879,1969,140,1629,507
ENSG00000139117.15,236,325,102,289,265,10,158,97
ENSG00000139131.14,155,112,69,244,300,45,197,158
ENSG00000139132.16,208,291,217,1530,595,28,453,208
ENSG00000139133.7,23,24,6,63,43,3,37,9
ENSG00000139144.12,0,4,0,0,0,0,0,0
ENSG00000139146.15,248,227,79,411,319,5,28,53
ENSG00000139151.16,0,0,0,3,4,0,1,1
ENSG00000139154.16,247,429,117,816,729,55,437,185
ENSG00000139155.10,3,9,6,61,46,1,21,13
ENSG00000139160.14,45,69,24,178,283,13,143,87
ENSG00000139163.17,376,492,146,663,742,30,372,129
ENSG00000139168.10,291,383,240,908,1305,156,848,369
ENSG00000139173.11,73,47,20,245,332,19,138,78
ENSG00000139174.13,299,290,82,331,814,100,418,177
ENSG00000139178.13,339,256,953,598,419,65,437,109
ENSG00000139180.12,941,1219,298,5304,7054,723,3080,3240
ENSG00000139182.16,375,242,456,533,371,13,150,102
ENSG00000139187.10,8,33,4,33,55,1,30,18
ENSG00000139190.17,127,75,201,112,295,5,202,62
ENSG00000139192.13,108,139,132,519,484,118,259,153
ENSG00000139193.5,5,30,0,1,11,1,10,10
ENSG00000139194.9,8,102,32,19,17,1,0,1
ENSG00000139197.12,523,309,201,1109,1214,105,485,425
ENSG00000139200.15,6,9,18,13,34,3,12,11
ENSG00000139209.17,1,204,4,13,30,1,19,0
ENSG00000139211.8,71,146,32,80,173,14,125,80
ENSG00000139218.19,804,842,422,2806,2748,188,2480,702
ENSG00000139219.20,0,0,0,0,9,0,0,0
ENSG00000139220.17,8,2,10,11,19,1,15,0
ENSG00000139223.4,0,0,0,1,0,0,0,0
ENSG00000139233.8,511,331,204,780,610,102,327,177
ENSG00000139263.13,85,140,45,135,313,8,196,85
ENSG00000139266.6,225,166,169,434,445,65,193,257
ENSG00000139269.4,9,25,0,1,2,0,0,1
ENSG00000139278.10,512,135,203,352,305,11,195,85
ENSG00000139287.13,0,0,0,1,0,0,0,0
ENSG00000139289.15,591,368,204,1138,962,170,346,128
ENSG00000139291.15,268,343,141,945,862,75,407,212
ENSG00000139292.14,0,1,1,3,0,0,4,11
ENSG00000139304.16,0,1,3,0,10,0,20,4
ENSG00000139318.9,1207,1799,426,822,1018,53,857,375
ENSG00000139323.15,163,164,118,204,326,16,182,74
ENSG00000139324.13,303,305,109,447,439,17,186,91
ENSG00000139329.6,2104,6760,1677,3157,8227,204,4098,1781
ENSG00000139330.6,0,0,0,0,0,0,0,0
ENSG00000139343.12,832,487,333,460,665,70,316,291
ENSG00000139344.9,9,69,13,12,46,0,10,7
ENSG00000139350.14,139,184,62,433,557,39,316,79
ENSG00000139351.15,0,2,0,0,0,0,0,0
ENSG00000139352.4,0,0,0,0,0,0,0,0
ENSG00000139354.12,16,35,56,49,90,2,35,9
ENSG00000139364.11,10,17,31,140,159,7,151,26
ENSG00000139370.13,336,199,205,611,556,38,350,220
ENSG00000139372.15,533,388,155,533,489,31,386,185
ENSG00000139405.17,132,131,99,323,600,95,223,263
ENSG00000139410.16,69,126,51,81,280,21,113,145
ENSG00000139428.13,344,568,267,562,958,137,517,569
ENSG00000139433.12,704,480,365,1041,843,85,460,344
ENSG00000139436.23,640,598,441,1834,1862,338,1176,1022
ENSG00000139437.19,265,141,190,324,466,46,230,105
ENSG00000139438.7,96,34,14,374,229,46,98,164
ENSG00000139445.18,2,0,0,0,0,0,0,0
ENSG00000139496.19,504,528,239,1018,1058,86,755,265
ENSG00000139505.14,324,439,138,1164,1270,99,787,299
ENSG00000139508.16,278,286,345,655,930,63,589,216
ENSG00000139514.14,834,51,147,1819,465,139,225,265
ENSG00000139515.6,0,0,0,0,0,0,0,0
ENSG00000139517.10,167,196,76,625,602,70,421,147
ENSG00000139531.14,172,233,99,684,1401,230,792,710
ENSG00000139537.12,1,7,2,2,3,3,1,0
ENSG00000139540.13,6,37,6,0,3,1,4,3
ENSG00000139546.12,266,146,165,136,246,45,102,154
ENSG00000139547.9,16,190,20,2,6,0,3,1
ENSG00000139549.4,13,8,0,11,14,3,9,8
ENSG00000139567.15,1652,937,1565,1309,984,121,333,665
ENSG00000139572.5,1,0,20,15,1,0,0,0
ENSG00000139574.10,117,77,208,13,30,0,15,17
ENSG00000139579.14,454,233,235,473,518,88,228,298
ENSG00000139597.19,224,590,223,155,349,12,185,94
ENSG00000139610.2,0,0,0,0,0,0,0,0
ENSG00000139613.13,1203,1004,1010,2254,2500,278,1744,503
ENSG00000139618.19,6,7,9,20,24,0,3,1
ENSG00000139620.14,396,347,165,684,822,58,399,287
ENSG00000139624.15,753,569,496,356,462,35,169,139
ENSG00000139625.14,317,245,473,146,306,14,253,82
ENSG00000139626.17,5,35,16,35,61,3,14,5
ENSG00000139629.17,19,23,23,57,25,2,5,4
ENSG00000139631.21,197,204,362,245,565,4,458,121
ENSG00000139636.17,652,354,635,661,536,20,332,256
ENSG00000139637.15,0,0,0,3,0,0,0,0
ENSG00000139641.14,1283,1184,568,1616,2007,177,1086,690
ENSG00000139644.14,6959,4674,3059,11673,9838,863,5100,3821
ENSG00000139645.11,812,237,359,2621,1603,183,956,597
ENSG00000139648.7,0,0,0,0,0,0,0,0
ENSG00000139651.12,335,210,263,513,733,43,383,262
ENSG00000139668.10,396,244,244,789,463,40,274,155
ENSG00000139675.13,103,82,121,136,170,11,78,60
ENSG00000139679.17,509,1768,416,449,1182,39,533,58
ENSG00000139684.16,1271,1080,600,2524,3114,323,1899,911
ENSG00000139687.18,476,662,173,1648,1490,93,857,267
ENSG00000139697.15,477,278,213,1547,1149,94,757,487
ENSG00000139714.13,2,9,1,6,4,0,0,4
ENSG00000139718.12,393,202,343,564,727,108,496,333
ENSG00000139719.13,124,173,110,407,540,55,280,164
ENSG00000139722.8,343,596,226,607,939,100,536,627
ENSG00000139725.8,224,216,90,894,804,159,356,268
ENSG00000139726.12,637,484,275,1024,1403,120,708,352
ENSG00000139734.19,0,2,9,3,21,1,3,1
ENSG00000139737.23,60,71,31,136,144,7,86,63
ENSG00000139746.17,841,998,520,1178,1279,61,969,279
ENSG00000139767.11,8,23,15,43,95,1,33,29
ENSG00000139780.8,0,1,12,0,0,0,0,0
ENSG00000139793.22,1363,1366,531,5440,2535,139,1302,835
ENSG00000139797.8,0,0,0,0,0,0,0,0
ENSG00000139800.9,0,0,0,0,0,0,0,0
ENSG00000139826.7,253,375,114,405,432,24,295,92
ENSG00000139832.6,171,156,114,223,304,34,125,152
ENSG00000139835.15,9,28,11,17,34,3,13,6
ENSG00000139842.16,737,628,412,5514,6101,469,4245,1725
ENSG00000139865.17,0,0,0,0,0,0,1,0
ENSG00000139874.7,26,48,1,4,71,4,42,18
ENSG00000139880.21,110,30,128,32,134,4,53,52
ENSG00000139890.11,3,4,16,2,5,0,6,3
ENSG00000139899.12,113,38,58,42,71,8,52,37
ENSG00000139908.15,1,0,0,0,0,1,6,1
ENSG00000139910.20,310,153,427,138,94,3,68,35
ENSG00000139914.7,105,1042,153,9,14,2,25,514
ENSG00000139915.22,0,1,0,1,1,0,0,0
ENSG00000139921.14,386,398,132,457,355,24,276,109
ENSG00000139926.17,432,444,246,260,679,45,278,116
ENSG00000139946.11,100,220,84,141,185,6,129,55
ENSG00000139970.19,4,5,7,46,59,7,27,1
ENSG00000139971.16,39,101,10,157,330,28,171,85
ENSG00000139973.19,0,0,0,1,1,0,2,0
ENSG00000139974.18,79,90,72,40,92,3,62,23
ENSG00000139977.15,322,449,99,1289,1154,83,704,288
ENSG00000139985.9,5,2,0,7,8,0,2,2
ENSG00000139988.10,1,2,0,1,5,0,0,0
ENSG00000139990.19,844,539,512,3365,2836,272,1463,810
ENSG00000139998.17,1063,172,62,4567,606,227,531,885
ENSG00000140006.13,151,151,81,228,195,19,112,52
ENSG00000140009.19,9,12,4,28,24,2,12,13
ENSG00000140015.20,0,1,0,1,0,0,0,0
ENSG00000140022.15,125,234,167,87,237,5,98,51
ENSG00000140025.17,22,33,27,66,79,4,37,27
ENSG00000140030.7,20,30,24,35,43,1,10,4
ENSG00000140043.13,107,135,87,1210,1816,140,1157,433
ENSG00000140044.14,772,986,477,314,538,60,381,461
ENSG00000140057.10,1,10,4,8,11,2,2,2
ENSG00000140067.8,1,0,0,0,0,0,0,0
ENSG00000140090.18,17,15,19,23,16,1,19,15
ENSG00000140092.17,4851,3516,4457,2027,2620,422,1539,1005
ENSG00000140093.11,1,124,0,2,0,0,0,0
ENSG00000140104.14,91,49,84,78,102,6,39,37
ENSG00000140105.19,3237,4133,980,5280,6063,617,2461,2253
ENSG00000140107.12,0,33,2,0,0,0,0,0
ENSG00000140153.19,193,184,103,520,490,48,314,218
ENSG00000140157.17,659,336,197,1109,644,70,427,214
ENSG00000140199.13,318,263,183,1043,1320,110,841,320
ENSG00000140254.14,7,14,11,9,11,4,4,3
ENSG00000140259.8,458,470,114,823,863,115,358,350
ENSG00000140262.19,640,747,264,1706,1544,71,855,450
ENSG00000140263.16,161,248,56,423,721,48,260,85
ENSG00000140264.23,10730,14194,5903,6664,12581,2106,5683,10023
ENSG00000140265.15,160,152,109,485,403,29,231,130
ENSG00000140274.15,0,0,0,0,3,0,1,2
ENSG00000140279.13,6,7,3,29,34,1,1,8
ENSG00000140280.15,168,143,55,100,143,5,89,20
ENSG00000140284.12,2,46,2,0,0,0,0,0
ENSG00000140285.13,1013,402,502,1074,1056,55,645,192
ENSG00000140287.12,37,12,21,27,20,2,12,9
ENSG00000140297.14,1,3,2,8,2,0,0,0
ENSG00000140299.15,806,1234,405,2560,2781,165,1525,840
ENSG00000140307.12,690,567,314,885,1309,107,754,379
ENSG00000140319.12,3371,3526,1943,5004,7070,818,3395,3258
ENSG00000140320.13,505,362,278,900,872,128,448,398
ENSG00000140323.7,10,4,12,93,23,5,18,15
ENSG00000140326.14,191,109,163,204,324,16,169,93
ENSG00000140332.19,427,199,360,389,367,48,230,162
ENSG00000140350.16,1877,1605,837,3284,4144,506,1739,1251
ENSG00000140365.17,390,388,559,320,687,72,208,265
ENSG00000140367.13,544,742,305,1200,1132,63,577,255
ENSG00000140368.15,37,59,112,42,63,9,24,5
ENSG00000140374.18,1328,1248,367,6137,8819,783,4574,3260
ENSG00000140379.9,38,38,314,58,33,1,2,0
ENSG00000140382.16,394,507,270,981,1308,126,750,423
ENSG00000140386.14,86,108,38,1035,1101,122,797,343
ENSG00000140391.15,1579,1156,720,3517,3477,249,1798,1087
ENSG00000140395.10,428,296,288,798,802,76,480,290
ENSG00000140396.14,248,421,153,1744,1649,174,1109,390
ENSG00000140398.15,81,115,191,58,168,11,132,98
ENSG00000140400.19,979,731,1671,1328,2111,143,1045,745
ENSG00000140403.14,4686,423,342,15999,4804,515,1386,1910
ENSG00000140406.4,528,589,552,347,287,59,208,331
ENSG00000140416.27,67593,47193,11751,199456,235283,54164,113660,132488
ENSG00000140443.15,930,328,315,2599,1645,161,955,873
ENSG00000140450.10,724,420,299,462,526,60,398,347
ENSG00000140451.14,36,24,41,12,23,2,6,4
ENSG00000140455.18,370,213,251,517,468,29,294,132
ENSG00000140459.19,4,10,6,16,32,3,14,23
ENSG00000140463.16,143,119,107,261,624,33,282,143
ENSG00000140464.21,1100,743,716,1180,930,118,490,441
ENSG00000140465.16,0,13,3,8,67,1,646,1149
ENSG00000140470.16,37,28,26,43,32,3,30,3
ENSG00000140471.18,126,125,109,178,209,10,174,80
ENSG00000140474.15,608,261,450,637,1355,102,605,465
ENSG00000140478.17,0,0,0,0,1,0,0,0
ENSG00000140479.18,607,711,353,982,2012,205,729,767
ENSG00000140481.15,1,9,7,1,5,0,0,0
ENSG00000140488.17,59,99,82,26,62,0,86,43
ENSG00000140497.17,1337,560,535,1041,1127,175,563,550
ENSG00000140505.8,0,103,0,1,0,0,0,0
ENSG00000140506.18,1,5,0,21,75,12,94,20
ENSG00000140511.13,175,64,224,167,93,5,44,22
ENSG00000140519.15,42,34,3,12,3,0,0,1
ENSG00000140521.18,1110,690,547,1817,1446,155,749,723
ENSG00000140522.13,0,0,0,0,0,0,0,0
ENSG00000140525.21,30,38,104,106,97,1,48,18
ENSG00000140526.19,1733,488,352,9681,2933,432,2374,1771
ENSG00000140527.16,3,2,4,2,3,0,0,0
ENSG00000140534.15,0,2,14,2,6,0,4,4
ENSG00000140538.18,12,30,57,106,157,18,158,40
ENSG00000140543.16,74,107,36,228,299,25,152,118
ENSG00000140545.17,8009,4269,3877,7814,10258,3305,4475,6124
ENSG00000140548.11,89,36,56,117,163,126,319,211
ENSG00000140553.19,718,462,447,692,934,158,385,556
ENSG00000140557.13,16,12,1,407,348,54,63,64
ENSG00000140563.17,35,19,59,166,33,0,14,5
ENSG00000140564.14,2776,687,1045,2090,2605,460,1170,1483
ENSG00000140575.14,1859,1637,841,3032,2705,260,1611,908
ENSG00000140577.18,742,427,577,1403,1440,148,667,507
ENSG00000140598.17,286,135,72,858,521,67,332,200
ENSG00000140600.18,0,4,0,1,3,0,2,0
ENSG00000140612.15,1404,1340,976,1526,2186,177,1100,712
ENSG00000140623.14,0,0,0,3,1,0,0,0
ENSG00000140632.18,922,463,417,3670,3554,278,1641,1342
ENSG00000140650.14,606,378,418,465,382,60,244,174
ENSG00000140675.14,2,7,0,0,0,0,26,2
ENSG00000140678.18,63,134,629,184,208,6,50,25
ENSG00000140682.20,778,424,440,666,462,77,204,305
ENSG00000140688.19,926,413,533,515,1100,149,683,429
ENSG00000140691.19,138,114,124,128,159,48,162,145
ENSG00000140694.19,320,361,233,688,858,109,486,267
ENSG00000140718.23,444,282,173,1572,1721,215,965,547
ENSG00000140740.12,1847,2069,770,17991,24734,1691,12193,8873
ENSG00000140743.9,714,465,220,294,304,28,191,143
ENSG00000140749.10,7,18,0,56,36,2,30,1
ENSG00000140750.18,805,633,551,1734,1621,241,926,779
ENSG00000140795.14,523,585,330,11325,14884,1111,9134,3605
ENSG00000140798.17,6,4,0,3,4,0,0,0
ENSG00000140807.7,5,12,13,32,59,1,65,14
ENSG00000140829.13,720,348,485,2156,1506,209,838,723
ENSG00000140830.11,244,189,130,309,298,21,115,149
ENSG00000140832.11,2,2,4,3,2,0,1,0
ENSG00000140835.11,1,1,0,0,6,0,0,0
ENSG00000140836.17,459,252,304,1251,623,58,467,140
ENSG00000140839.14,10,15,2,0,2,0,0,7
ENSG00000140848.18,512,341,237,352,624,60,260,245
ENSG00000140853.18,240,375,339,519,546,15,231,109
ENSG00000140854.14,221,101,120,157,312,79,137,197
ENSG00000140859.17,789,479,326,1540,1585,296,605,1041
ENSG00000140873.16,0,1,0,0,15,0,0,1
ENSG00000140876.12,33,88,47,339,1120,79,635,363
ENSG00000140905.12,396,434,126,999,1507,133,925,604
ENSG00000140931.21,1421,856,802,558,549,62,232,343
ENSG00000140932.10,9,5,68,3,5,0,0,0
ENSG00000140937.15,674,162,139,432,369,42,208,145
ENSG00000140939.16,442,628,312,1027,1977,350,1082,1065
ENSG00000140941.15,1748,1376,1181,6591,6266,724,2749,2006
ENSG00000140943.18,1640,997,665,6221,4379,272,1805,2116
ENSG00000140945.17,516,754,114,9563,4835,796,5685,2893
ENSG00000140948.13,295,271,187,955,936,76,534,336
ENSG00000140950.17,158,101,63,209,188,20,109,113
ENSG00000140955.12,2,3,14,0,7,0,2,0
ENSG00000140961.15,148,137,89,74,138,16,94,202
ENSG00000140968.13,30,52,86,93,102,11,45,28
ENSG00000140983.16,715,571,1016,745,2044,204,1157,1084
ENSG00000140986.9,566,1447,291,5487,9069,1491,3980,4333
ENSG00000140987.23,104,103,86,286,275,17,146,145
ENSG00000140988.17,14354,8289,10785,7623,15659,3578,6388,9776
ENSG00000140990.16,2600,6270,1306,7015,10133,1557,4761,7386
ENSG00000140992.21,363,157,187,1923,1640,180,1121,652
ENSG00000140993.12,106,124,73,231,426,47,372,163
ENSG00000140995.18,837,361,594,683,1030,116,562,555
ENSG00000141002.21,893,634,744,1640,1847,284,1050,1047
ENSG00000141012.14,304,115,173,296,337,59,139,235
ENSG00000141013.18,207,225,228,600,709,121,458,552
ENSG00000141026.6,378,364,193,1011,1368,188,740,888
ENSG00000141027.24,906,763,537,2900,2199,269,1618,633
ENSG00000141030.14,722,486,346,2010,2206,230,1102,778
ENSG00000141034.11,247,183,113,948,832,89,430,316
ENSG00000141040.16,48,53,51,200,284,32,180,115
ENSG00000141052.19,361,126,133,2402,1372,167,1506,442
ENSG00000141068.17,486,201,469,289,368,16,188,135
ENSG00000141076.19,319,147,182,1082,468,71,143,135
ENSG00000141084.13,375,200,622,613,772,97,441,324
ENSG00000141086.18,22,26,28,18,7,0,5,6
ENSG00000141096.7,1,0,2,0,3,0,7,2
ENSG00000141098.14,308,202,225,397,428,31,186,186
ENSG00000141101.14,391,174,228,448,504,77,243,269
ENSG00000141127.16,194,237,105,348,443,31,250,144
ENSG00000141161.13,729,480,124,10213,7973,1558,5255,3376
ENSG00000141179.14,209,305,159,548,623,63,369,316
ENSG00000141194.7,0,1,0,0,2,1,4,0
ENSG00000141198.17,87,78,57,171,288,21,239,121
ENSG00000141200.8,0,0,0,0,0,0,0,0
ENSG00000141219.17,237,170,131,907,1048,85,703,322
ENSG00000141232.6,301,551,156,874,2041,134,1357,927
ENSG00000141252.21,517,302,310,872,753,96,396,325
ENSG00000141255.13,3,0,2,12,11,0,7,0
ENSG00000141258.14,587,243,687,755,1293,75,633,445
ENSG00000141279.19,1111,629,565,3854,3447,293,2477,1012
ENSG00000141293.18,5,54,8,5,31,2,4,3
ENSG00000141294.11,10,29,7,2,12,2,8,2
ENSG00000141295.15,319,421,303,460,1061,65,592,504
ENSG00000141298.19,503,503,498,1611,1435,145,777,323
ENSG00000141314.14,20,13,11,11,69,12,27,29
ENSG00000141316.13,0,0,0,0,0,0,0,0
ENSG00000141337.13,25,26,26,69,146,32,188,158
ENSG00000141338.16,1933,2889,2615,1615,3729,168,3248,1184
ENSG00000141349.11,766,368,461,580,1011,167,439,492
ENSG00000141367.15,2639,2031,1097,7340,5263,806,3811,1932
ENSG00000141371.13,0,0,0,1,1,0,0,0
ENSG00000141376.24,89,182,102,416,579,73,403,234
ENSG00000141378.16,334,136,138,378,262,31,160,131
ENSG00000141380.15,1188,809,552,1627,1357,96,892,493
ENSG00000141384.14,54,31,43,119,65,1,36,28
ENSG00000141385.13,655,840,378,5934,7127,774,3686,2342
ENSG00000141391.14,22,8,27,17,48,3,19,23
ENSG00000141401.13,266,304,225,571,926,130,469,381
ENSG00000141404.17,28,37,86,130,157,11,162,130
ENSG00000141424.13,600,285,141,902,639,44,394,186
ENSG00000141425.19,582,614,249,2039,1791,128,1106,482
ENSG00000141428.17,173,103,121,223,336,39,230,150
ENSG00000141429.15,611,747,213,1904,1793,134,968,477
ENSG00000141431.14,46,16,8,87,89,11,37,16
ENSG00000141433.14,15,4,6,27,14,0,4,24
ENSG00000141434.12,2,1,3,2,0,0,0,0
ENSG00000141437.10,0,0,0,0,0,0,0,1
ENSG00000141441.17,217,67,45,517,617,57,427,162
ENSG00000141446.13,172,299,94,381,457,29,240,105
ENSG00000141447.20,576,1054,284,3347,2773,333,1640,879
ENSG00000141448.12,1263,1987,506,1967,2610,445,1417,1359
ENSG00000141449.17,36,8,12,259,227,20,187,109
ENSG00000141452.12,303,246,213,485,377,50,218,149
ENSG00000141456.17,726,438,465,915,1279,224,699,420
ENSG00000141458.14,479,324,212,1215,570,61,293,206
ENSG00000141469.19,569,2798,177,674,1432,70,533,271
ENSG00000141480.19,415,355,1232,657,821,86,231,391
ENSG00000141485.18,3,64,0,1,0,0,0,0
ENSG00000141497.15,4,6,34,11,34,0,10,5
ENSG00000141499.19,91,71,57,108,148,20,60,58
ENSG00000141503.18,711,376,350,1403,1605,231,860,514
ENSG00000141504.13,661,655,582,1037,1521,157,581,667
ENSG00000141505.13,16,96,18,5,11,2,2,5
ENSG00000141506.16,61,54,82,119,86,7,22,18
ENSG00000141510.20,423,321,300,660,407,51,169,139
ENSG00000141519.16,52,20,34,134,136,11,58,42
ENSG00000141522.14,3397,1721,2486,2142,2721,619,1518,1866
ENSG00000141524.20,514,540,245,988,1871,247,902,827
ENSG00000141526.19,272,220,329,211,290,51,117,152
ENSG00000141527.19,1,11,3,5,2,0,3,4
ENSG00000141540.12,263,448,78,753,1622,171,1150,586
ENSG00000141542.12,142,319,138,934,677,104,547,398
ENSG00000141543.13,662,537,260,723,787,109,516,543
ENSG00000141551.16,1574,735,803,2538,2282,301,1368,1235
ENSG00000141552.19,807,925,338,690,1754,287,670,1409
ENSG00000141556.23,423,238,126,883,1094,196,566,324
ENSG00000141560.16,186,166,189,390,532,67,286,213
ENSG00000141562.20,529,726,876,1387,1518,197,550,687
ENSG00000141564.16,232,152,107,541,885,220,533,580
ENSG00000141568.22,859,322,273,1508,1211,139,653,946
ENSG00000141569.13,520,188,225,359,490,28,263,182
ENSG00000141570.11,112,27,18,54,146,21,86,76
ENSG00000141574.9,58,137,172,113,121,14,68,60
ENSG00000141576.17,113,174,88,238,383,51,298,169
ENSG00000141577.15,80,130,171,73,307,72,201,153
ENSG00000141579.7,6,46,2,3,5,1,1,3
ENSG00000141580.17,671,742,549,1542,1889,153,968,796
ENSG00000141582.16,106,132,62,299,519,196,280,357
ENSG00000141622.15,33,38,11,46,263,20,137,34
ENSG00000141627.15,534,420,278,1628,1674,178,751,548
ENSG00000141639.13,494,79,29,3328,1686,167,651,1201
ENSG00000141642.10,58,79,55,89,118,8,89,48
ENSG00000141644.20,974,479,488,1397,1611,192,932,653
ENSG00000141646.18,923,958,458,2469,2368,156,1186,677
ENSG00000141655.19,17,10,11,89,42,7,22,16
ENSG00000141664.11,362,251,150,578,590,43,548,283
ENSG00000141665.14,1,1,2,1,2,0,2,0
ENSG00000141668.11,0,4,0,6,8,0,0,0
ENSG00000141682.13,24,52,8,12,28,3,3,2
ENSG00000141696.14,694,137,176,145,230,30,81,127
ENSG00000141698.18,462,406,381,367,541,58,191,216
ENSG00000141699.12,748,495,748,941,985,65,455,374
ENSG00000141736.15,1017,880,638,4582,3708,457,1831,1159
ENSG00000141738.15,14,15,2,29,62,4,22,9
ENSG00000141741.13,530,620,352,598,802,220,359,600
ENSG00000141744.4,98,29,108,37,63,18,44,42
ENSG00000141748.13,0,0,0,0,1,1,0,0
ENSG00000141750.8,12,8,2,14,4,22,3,3
ENSG00000141753.8,47672,8309,19274,9073,7559,905,3211,3747
ENSG00000141756.21,3894,498,1130,580,891,137,337,257
ENSG00000141759.15,1055,613,420,919,1148,265,579,657
ENSG00000141837.24,14,14,28,18,13,4,17,3
ENSG00000141854.11,52,62,73,93,61,7,39,87
ENSG00000141858.12,1048,430,423,724,1036,122,431,422
ENSG00000141867.19,1363,628,995,2573,1678,232,880,497
ENSG00000141873.12,178,95,80,207,265,81,165,305
ENSG00000141905.20,2254,980,1369,7061,5449,1352,3327,2032
ENSG00000141933.9,3,10,5,3,21,31,61,131
ENSG00000141934.11,23,31,28,4,22,0,14,7
ENSG00000141946.1,1,0,0,2,0,0,0,0
ENSG00000141956.15,169,66,102,240,200,7,113,61
ENSG00000141959.18,1031,588,953,932,1607,309,813,887
ENSG00000141965.5,902,693,267,5180,5020,751,2067,2313
ENSG00000141968.9,32,25,79,62,99,4,41,7
ENSG00000141971.15,257,235,196,134,387,58,156,228
ENSG00000141977.9,1,0,0,0,0,0,0,0
ENSG00000141979.4,0,0,0,0,0,0,0,0
ENSG00000141985.10,1028,413,600,506,690,127,374,405
ENSG00000141994.17,181,98,169,148,334,45,149,190
ENSG00000142002.20,928,348,413,1627,1587,355,875,764
ENSG00000142025.16,0,1,1,0,0,0,0,0
ENSG00000142039.5,343,284,231,582,723,80,343,282
ENSG00000142046.16,227,181,405,45,110,13,72,36
ENSG00000142065.15,98,130,69,151,277,3,146,68
ENSG00000142082.16,200,347,249,737,1402,233,792,608
ENSG00000142089.18,24926,10642,16099,8736,5805,849,2646,4730
ENSG00000142102.17,476,522,1774,204,651,11,296,89
ENSG00000142149.10,26,7,4,39,28,0,1,9
ENSG00000142156.17,15651,6109,6636,4588,10696,2319,6707,5266
ENSG00000142166.16,1118,713,464,1782,1668,116,723,425
ENSG00000142168.16,2588,3169,1719,5404,8895,1117,3851,5414
ENSG00000142173.18,13825,4427,5765,3234,10676,2547,7177,5622
ENSG00000142178.10,1181,4179,208,1843,500,48,861,1020
ENSG00000142182.9,0,4,0,0,0,0,0,0
ENSG00000142185.19,33,39,49,35,42,2,38,12
ENSG00000142186.19,1130,556,526,1402,2023,376,836,752
ENSG00000142188.18,972,930,505,1095,1386,13,218,129
ENSG00000142192.23,6110,7199,2777,18501,18522,2172,9449,7544
ENSG00000142197.14,67,109,69,1188,690,97,451,189
ENSG00000142207.8,566,180,163,1724,872,106,446,332
ENSG00000142208.20,1660,818,818,5252,5500,723,2004,2645
ENSG00000142224.18,0,0,0,1,0,0,0,0
ENSG00000142227.13,1758,883,715,1115,628,88,282,511
ENSG00000142230.14,751,617,340,1303,1609,210,738,647
ENSG00000142233.15,3,4,11,4,5,0,5,2
ENSG00000142235.13,3,15,9,3,30,6,15,28
ENSG00000142252.12,220,184,104,195,237,27,112,163
ENSG00000142273.14,0,8,0,0,0,0,0,0
ENSG00000142279.14,221,244,264,382,630,79,336,504
ENSG00000142303.15,188,67,238,51,186,9,144,100
ENSG00000142319.20,1,0,2,1,0,0,3,0
ENSG00000142327.14,1127,915,1272,1374,2468,641,771,1536
ENSG00000142330.21,284,139,172,252,619,44,327,333
ENSG00000142347.22,106,150,469,147,218,22,59,37
ENSG00000142396.12,527,596,351,548,633,54,391,292
ENSG00000142405.25,9,4,29,6,14,1,0,1
ENSG00000142408.7,1,0,5,10,13,0,6,0
ENSG00000142409.7,391,238,200,265,423,169,263,468
ENSG00000142444.7,131,144,70,155,291,47,160,196
ENSG00000142449.14,2,12,0,2,14,0,2,4
ENSG00000142453.13,586,252,366,1379,1232,252,809,609
ENSG00000142459.10,142,91,68,495,700,217,342,504
ENSG00000142484.8,0,17,0,0,0,0,0,0
ENSG00000142494.14,24,65,19,278,302,18,86,172
ENSG00000142507.11,2100,1381,607,3577,3938,615,1620,2048
ENSG00000142511.4,0,0,0,0,0,0,0,0
ENSG00000142512.16,9,7,92,73,27,5,4,3
ENSG00000142513.6,0,0,0,0,0,0,0,0
ENSG00000142515.16,0,0,0,0,0,0,0,0
ENSG00000142528.17,134,75,55,188,164,18,83,55
ENSG00000142530.12,4,18,3,6,20,11,31,33
ENSG00000142534.8,11934,14309,13286,10537,15237,2334,8511,9396
ENSG00000142538.3,0,0,0,0,0,2,1,0
ENSG00000142539.9,0,0,0,0,0,0,0,0
ENSG00000142541.19,18633,28168,22899,13763,26710,3734,11063,11205
ENSG00000142544.8,95,41,47,28,41,19,26,79
ENSG00000142546.15,399,565,348,414,830,187,431,463
ENSG00000142549.10,0,1,2,0,1,0,7,1
ENSG00000142552.9,2464,233,476,281,441,114,288,156
ENSG00000142556.20,87,86,50,274,354,21,176,90
ENSG00000142583.19,29,31,39,161,288,7,231,40
ENSG00000142599.21,1927,1094,1031,9843,4860,772,2532,2183
ENSG00000142606.16,0,2,2,2,4,0,5,0
ENSG00000142609.20,3,10,2,2,0,0,0,0
ENSG00000142611.17,74,87,52,357,432,71,293,223
ENSG00000142615.9,0,0,0,2,0,0,0,0
ENSG00000142619.4,0,0,0,0,0,0,0,0
ENSG00000142621.22,3,10,1,0,2,0,1,1
ENSG00000142623.11,0,0,1,0,2,0,0,0
ENSG00000142627.14,518,381,218,777,558,60,276,448
ENSG00000142632.18,202,49,141,62,54,5,21,32
ENSG00000142634.14,603,435,703,443,747,97,198,300
ENSG00000142655.14,156,132,88,318,513,138,346,479
ENSG00000142657.22,613,375,1110,1223,1115,138,714,523
ENSG00000142661.20,1212,634,271,21635,19225,3377,11135,6267
ENSG00000142669.16,10351,1862,3200,2177,1164,224,451,545
ENSG00000142675.19,117,39,44,46,58,2,29,33
ENSG00000142676.15,12375,17753,11325,10404,14955,1627,6970,8273
ENSG00000142677.5,0,3,0,7,9,0,10,0
ENSG00000142684.9,339,325,138,152,212,52,99,203
ENSG00000142686.9,456,177,266,526,475,42,252,207
ENSG00000142687.20,524,493,419,3590,3757,414,2258,1337
ENSG00000142694.8,211,252,215,20,92,43,70,134
ENSG00000142698.15,0,0,0,0,0,0,4,0
ENSG00000142700.13,0,0,0,0,1,0,0,0
ENSG00000142731.12,6,7,16,15,28,1,10,9
ENSG00000142733.19,2306,806,1635,1716,1016,237,477,388
ENSG00000142748.15,3414,651,220,385,330,164,43,208
ENSG00000142751.16,338,252,270,576,519,53,279,224
ENSG00000142765.19,5,45,27,4,24,1,6,5
ENSG00000142784.17,796,438,518,3322,3890,496,1507,1585
ENSG00000142789.20,0,0,0,4,1,0,0,0
ENSG00000142794.20,69,34,43,63,246,16,86,73
ENSG00000142798.20,7785,3864,3873,8847,13822,3353,7717,4057
ENSG00000142856.19,133,130,115,50,141,7,75,34
ENSG00000142864.16,3238,2294,1059,6052,6090,771,3651,1866
ENSG00000142867.15,139,319,82,211,229,16,122,60
ENSG00000142871.19,3410,13410,837,2128,2408,191,3375,1368
ENSG00000142875.22,272,291,105,1179,1230,90,776,256
ENSG00000142892.16,282,280,139,991,1190,90,547,260
ENSG00000142910.17,3288,2679,1566,4393,5755,872,2388,5758
ENSG00000142920.19,212,60,51,36,106,4,38,28
ENSG00000142937.13,14509,14301,14179,9242,15510,2205,7391,7916
ENSG00000142945.14,15,5,92,42,55,5,16,13
ENSG00000142949.19,130,116,78,153,349,7,521,61
ENSG00000142959.7,0,6,8,5,9,1,0,9
ENSG00000142961.17,516,440,445,647,593,45,385,265
ENSG00000142973.17,435,1484,1501,935,329,63,350,708
ENSG00000143001.7,0,0,0,0,1,0,0,2
ENSG00000143006.7,0,0,0,0,0,0,0,0
ENSG00000143013.14,1010,486,485,1543,1208,121,717,370
ENSG00000143028.10,281,175,37,1387,1972,147,732,491
ENSG00000143032.8,0,0,0,0,0,0,0,0
ENSG00000143033.19,169,291,124,254,381,8,196,80
ENSG00000143036.18,33,28,16,152,110,16,73,31
ENSG00000143061.19,730,492,149,990,1280,179,963,520
ENSG00000143067.6,199,67,58,291,479,36,257,140
ENSG00000143079.16,394,566,109,682,512,40,321,186
ENSG00000143093.16,299,218,172,735,551,77,395,281
ENSG00000143105.7,0,0,0,0,0,0,0,0
ENSG00000143106.14,993,679,290,1265,1591,155,882,723
ENSG00000143107.11,0,2,3,0,1,0,0,0
ENSG00000143110.13,226,190,685,267,150,12,68,33
ENSG00000143119.16,94,131,299,411,211,19,98,19
ENSG00000143125.6,7,0,111,1,5,0,1,3
ENSG00000143126.8,42,37,31,351,566,53,408,211
ENSG00000143127.14,214,57,136,300,247,7,90,49
ENSG00000143147.16,198,117,83,209,239,12,160,94
ENSG00000143149.14,537,750,216,2217,2479,330,1771,874
ENSG00000143153.15,2439,1427,367,11749,8285,1049,4007,4051
ENSG00000143155.14,575,535,227,1260,1511,98,892,357
ENSG00000143156.15,188,118,39,133,204,22,162,88
ENSG00000143157.13,855,424,278,1344,881,57,518,334
ENSG00000143158.12,1027,1235,408,2977,4919,633,2684,2696
ENSG00000143162.10,1125,1030,1191,1851,2657,236,1138,730
ENSG00000143164.17,1103,1046,481,11963,9695,941,5882,3532
ENSG00000143167.13,6,5,3,21,36,0,18,13
ENSG00000143171.14,29,228,47,102,333,17,135,63
ENSG00000143178.13,42,15,38,15,25,1,9,9
ENSG00000143179.17,724,79,112,577,344,50,166,116
ENSG00000143183.19,818,747,369,1321,1464,151,827,515
ENSG00000143184.5,0,26,2,3,14,0,12,15
ENSG00000143185.4,2,20,1,6,13,0,2,3
ENSG00000143190.24,288,297,229,632,609,23,318,164
ENSG00000143194.13,8,10,10,84,119,9,38,36
ENSG00000143195.14,92,10,5,433,156,8,105,45
ENSG00000143196.6,2643,4437,894,1682,4709,234,3121,1359
ENSG00000143198.14,1897,2091,597,9470,10587,996,4494,5102
ENSG00000143199.18,9,4,0,4,7,1,2,2
ENSG00000143207.22,497,318,230,818,775,44,376,248
ENSG00000143217.10,7,7,6,0,1,0,2,4
ENSG00000143222.13,1098,811,621,1707,1943,230,911,1012
ENSG00000143224.19,140,159,261,129,339,12,133,109
ENSG00000143226.17,99,113,704,763,535,36,344,68
ENSG00000143228.14,2,5,37,5,25,0,2,0
ENSG00000143248.14,5953,23878,4646,18289,29915,1191,10867,7524
ENSG00000143252.18,746,763,328,3235,4492,462,2149,2084
ENSG00000143256.6,934,689,368,611,906,183,528,917
ENSG00000143257.14,0,26,0,0,0,0,52,0
ENSG00000143258.17,342,171,194,323,531,58,285,234
ENSG00000143278.6,0,44,0,0,1,0,0,0
ENSG00000143294.16,731,532,480,1118,1135,157,579,501
ENSG00000143297.20,3,13,4,6,6,0,0,3
ENSG00000143303.13,275,172,241,246,385,37,177,176
ENSG00000143314.13,1517,850,603,1523,2255,209,954,1046
ENSG00000143315.8,175,158,137,243,280,15,160,60
ENSG00000143318.14,433,55,27,1689,1090,456,360,571
ENSG00000143319.19,443,295,173,506,487,55,236,234
ENSG00000143320.10,36,11,32,18,32,1,8,8
ENSG00000143321.19,2984,1058,1882,7503,5154,928,3204,2228
ENSG00000143322.22,568,215,211,814,535,54,372,187
ENSG00000143324.15,835,385,172,5822,2101,228,1150,1138
ENSG00000143333.8,286,314,284,190,135,12,56,69
ENSG00000143337.19,589,872,381,1486,2083,132,1149,594
ENSG00000143340.8,68,24,28,25,35,2,10,7
ENSG00000143341.12,170,192,50,714,843,56,478,186
ENSG00000143344.17,232,282,189,932,1045,81,640,235
ENSG00000143353.13,257,233,158,522,1511,99,971,427
ENSG00000143355.16,12,6,0,0,12,2,0,3
ENSG00000143363.18,340,307,138,2180,1868,148,961,581
ENSG00000143365.21,69,138,61,302,1277,92,379,306
ENSG00000143367.18,85,67,50,185,197,36,102,66
ENSG00000143368.11,559,441,403,748,746,96,441,315
ENSG00000143369.16,2975,501,698,1110,1120,142,463,326
ENSG00000143373.19,129,87,134,481,551,87,244,200
ENSG00000143374.19,201,225,150,665,1209,184,705,450
ENSG00000143375.16,2,64,4,4,42,0,11,1
ENSG00000143376.15,454,271,252,1493,1400,59,547,413
ENSG00000143379.14,322,197,334,595,603,56,356,222
ENSG00000143382.17,779,342,944,1460,1683,245,814,676
ENSG00000143384.14,5771,12986,2788,8514,5875,436,3895,2564
ENSG00000143387.15,247,395,243,222,524,23,143,133
ENSG00000143390.19,241,322,199,968,982,65,404,327
ENSG00000143393.18,1287,630,627,1436,1892,204,981,730
ENSG00000143398.21,552,401,256,1366,1683,118,1158,692
ENSG00000143401.16,638,732,351,1863,1785,158,926,374
ENSG00000143409.19,227,318,162,1405,1938,227,886,642
ENSG00000143412.11,0,8,1,4,11,6,34,1
ENSG00000143416.22,383,1739,872,1384,3239,244,2412,1563
ENSG00000143418.21,2050,1263,890,2937,1924,180,905,683
ENSG00000143420.20,1924,1784,1099,5183,4885,565,2497,2277
ENSG00000143434.18,384,532,231,1940,3157,404,1374,810
ENSG00000143436.11,533,420,300,609,820,117,429,440
ENSG00000143437.22,791,877,564,1474,1546,194,1189,580
ENSG00000143442.24,831,824,812,1585,1936,105,1584,669
ENSG00000143443.10,43,55,24,113,202,58,106,143
ENSG00000143450.19,15,8,3,14,9,3,20,10
ENSG00000143452.16,1,0,0,1,1,0,0,0
ENSG00000143457.12,331,317,144,603,580,46,343,204
ENSG00000143458.13,346,240,309,435,612,18,359,202
ENSG00000143469.21,0,1,0,0,0,0,0,0
ENSG00000143473.15,0,0,0,2,0,0,0,0
ENSG00000143476.19,5,11,20,23,34,0,7,1
ENSG00000143479.18,374,305,174,705,552,40,238,162
ENSG00000143486.17,398,435,380,778,1183,75,638,466
ENSG00000143493.14,172,150,67,416,332,25,154,103
ENSG00000143494.17,34,42,24,31,70,3,61,23
ENSG00000143498.19,47,38,18,46,43,2,37,14
ENSG00000143499.15,1270,553,283,7091,7753,937,3901,3914
ENSG00000143502.17,56,124,17,84,306,44,182,303
ENSG00000143507.19,171,130,41,67,140,13,110,50
ENSG00000143512.13,0,0,5,3,1,0,5,0
ENSG00000143514.19,366,267,165,1037,846,66,573,248
ENSG00000143515.21,878,162,316,604,682,49,439,273
ENSG00000143520.6,0,0,0,0,0,0,2,3
ENSG00000143536.7,0,2,0,0,0,0,0,0
ENSG00000143537.15,2824,1526,1349,1281,3040,343,963,1586
ENSG00000143543.16,2157,1390,966,1344,1650,158,590,635
ENSG00000143545.11,1643,1079,1312,1536,1683,205,558,556
ENSG00000143546.11,655,306,10864,446,123,17,22,3
ENSG00000143549.23,3504,2110,1674,5060,2838,652,1139,858
ENSG00000143552.10,0,0,0,0,2,1,0,0
ENSG00000143553.12,438,691,197,882,1446,162,733,780
ENSG00000143554.15,354,414,272,149,227,26,194,203
ENSG00000143556.10,0,0,3,0,1,0,0,0
ENSG00000143569.21,1337,746,753,4080,2941,481,1965,1140
ENSG00000143570.20,2207,1003,879,2970,1780,226,720,776
ENSG00000143575.17,1479,1625,664,4186,5106,655,2363,2318
ENSG00000143578.17,107,120,100,77,185,12,49,68
ENSG00000143590.15,37,15,15,28,27,0,8,12
ENSG00000143595.14,0,1,0,4,5,0,0,12
ENSG00000143603.20,53,342,41,118,248,13,215,115
ENSG00000143612.22,2357,1771,956,6352,7036,789,3025,2847
ENSG00000143614.12,50,5,256,540,266,99,559,2
ENSG00000143621.18,2128,1077,595,2439,2319,283,1147,1015
ENSG00000143622.13,380,726,199,568,635,42,357,198
ENSG00000143624.15,1520,823,859,1579,1768,136,1303,489
ENSG00000143627.19,0,14,0,0,0,0,2,0
ENSG00000143630.11,13,55,37,0,23,1,14,34
ENSG00000143631.11,0,0,0,0,0,0,3,15
ENSG00000143632.16,183289,18375,566,98866,86241,56924,26510,103827
ENSG00000143633.14,150,67,43,153,183,11,134,85
ENSG00000143641.11,1597,373,502,1237,1450,195,655,697
ENSG00000143643.14,218,241,128,281,334,15,297,98
ENSG00000143653.11,511,412,283,1042,1516,138,766,592
ENSG00000143669.16,189,286,204,518,607,24,415,171
ENSG00000143674.12,4,16,1,24,18,1,4,5
ENSG00000143702.18,189,22,27,403,352,12,342,101
ENSG00000143727.17,871,387,372,1518,1940,116,1121,650
ENSG00000143740.16,321,242,208,1109,1129,142,407,565
ENSG00000143742.15,1823,1918,999,4074,5962,333,2831,1450
ENSG00000143748.19,176,132,116,215,267,26,221,105
ENSG00000143751.11,156,249,72,541,483,28,271,164
ENSG00000143753.15,819,650,256,2497,1712,203,1026,542
ENSG00000143756.12,316,462,171,1003,828,81,543,198
ENSG00000143761.18,4956,3420,2385,7867,10092,1539,4347,5808
ENSG00000143768.13,8,50,5,19,54,4,16,24
ENSG00000143771.13,839,452,348,1218,784,66,416,351
ENSG00000143772.12,596,550,453,590,1173,122,408,354
ENSG00000143774.19,2399,2580,2218,1272,2814,473,1118,2360
ENSG00000143776.21,893,905,414,3256,2037,158,1513,629
ENSG00000143786.9,4,14,2,2,12,4,6,3
ENSG00000143793.14,137,169,147,73,167,30,141,102
ENSG00000143797.13,156,221,168,1001,678,54,372,171
ENSG00000143799.15,1066,858,384,6250,7501,1169,4768,2236
ENSG00000143801.19,166,290,142,726,591,81,312,271
ENSG00000143811.21,738,502,351,1017,1839,248,919,1021
ENSG00000143815.16,407,935,330,538,648,35,397,152
ENSG00000143816.8,64,60,69,594,235,15,50,140
ENSG00000143819.14,699,2319,1137,1407,2433,203,1722,1085
ENSG00000143839.16,0,0,0,0,0,0,0,0
ENSG00000143842.16,371,338,317,526,706,60,400,369
ENSG00000143845.15,80,108,84,99,51,33,22,34
ENSG00000143847.17,232,101,35,775,1529,149,553,502
ENSG00000143850.18,775,737,536,478,2072,187,988,434
ENSG00000143851.18,13,31,34,58,46,3,14,5
ENSG00000143858.13,0,1,0,0,4,1,24,14
ENSG00000143862.9,560,439,367,1233,1149,176,681,694
ENSG00000143867.8,196,54,134,110,98,18,88,86
ENSG00000143869.7,52,37,25,117,107,6,23,44
ENSG00000143870.14,5962,1380,681,4640,4856,591,2622,1691
ENSG00000143878.10,4049,7249,2231,6712,8852,623,8430,4661
ENSG00000143882.13,5,23,12,43,29,1,124,37
ENSG00000143889.16,263,311,105,508,690,61,475,179
ENSG00000143891.18,68,213,141,332,474,47,221,199
ENSG00000143919.16,69,38,19,58,68,14,53,19
ENSG00000143921.10,0,26,0,1,2,0,2,1
ENSG00000143924.20,302,391,287,455,462,24,278,127
ENSG00000143933.21,5885,5869,3170,13807,11584,720,5352,3873
ENSG00000143942.6,48,4,11,77,82,6,35,21
ENSG00000143947.16,10915,16230,7526,8868,13694,975,5529,5707
ENSG00000143951.17,83,87,64,327,411,37,231,70
ENSG00000143952.21,490,560,272,765,670,27,516,178
ENSG00000143954.14,0,0,2,0,0,0,0,0
ENSG00000143970.18,229,246,113,1408,1017,110,780,262
ENSG00000143971.10,137,118,112,305,284,16,194,79
ENSG00000143977.15,1084,751,353,1017,1170,128,768,678
ENSG00000143994.15,5,23,13,28,76,5,23,44
ENSG00000143995.21,621,223,170,1520,983,81,625,338
ENSG00000144010.11,0,0,0,0,0,0,0,0
ENSG00000144015.5,0,0,0,0,0,0,0,0
ENSG00000144021.4,1062,615,553,2781,2327,270,1293,990
ENSG00000144026.15,347,245,256,479,678,21,432,186
ENSG00000144028.16,1392,1284,846,5414,3943,519,2358,1606
ENSG00000144029.15,913,484,419,2023,1996,341,1229,1024
ENSG00000144031.13,12,10,12,5,12,0,15,0
ENSG00000144034.17,316,334,159,405,551,38,392,156
ENSG00000144035.5,0,20,2,0,0,0,0,1
ENSG00000144036.17,542,479,224,5737,3541,467,1710,1502
ENSG00000144040.14,263,101,121,164,345,15,173,126
ENSG00000144043.13,1489,617,707,2399,2525,175,995,763
ENSG00000144045.15,7,0,1,0,1,0,1,0
ENSG00000144048.13,279,172,88,256,307,32,248,102
ENSG00000144057.17,42,7,5,12,41,1,35,10
ENSG00000144061.15,66,71,69,119,203,8,108,84
ENSG00000144063.5,793,870,267,678,1173,63,318,362
ENSG00000144115.19,63,311,154,308,640,80,200,325
ENSG00000144118.15,1130,1241,569,2029,1999,201,1084,644
ENSG00000144119.5,7,7,0,1,2,0,0,2
ENSG00000144120.14,69,22,17,180,243,22,105,104
ENSG00000144130.12,0,0,0,0,0,0,0,0
ENSG00000144134.20,163,106,151,103,178,8,113,73
ENSG00000144136.12,2671,585,716,814,481,34,193,177
ENSG00000144152.14,2,14,9,20,49,3,42,27
ENSG00000144161.15,171,102,103,334,521,36,280,107
ENSG00000144182.18,76,172,61,128,191,7,151,86
ENSG00000144191.13,2,0,3,4,2,0,0,0
ENSG00000144199.14,111,406,188,532,1338,93,471,455
ENSG00000144214.11,75,41,52,28,27,0,19,5
ENSG00000144218.21,78,190,149,109,339,30,294,113
ENSG00000144224.18,1100,848,518,2535,2755,202,1706,565
ENSG00000144227.5,0,2,0,0,2,0,0,0
ENSG00000144228.11,191,241,116,655,576,25,377,126
ENSG00000144229.13,3,12,1,3,21,0,18,4
ENSG00000144230.18,4,9,3,13,40,12,114,130
ENSG00000144231.12,503,260,228,1044,975,61,400,297
ENSG00000144233.12,448,358,186,883,755,60,553,295
ENSG00000144278.16,30,11,4,18,12,1,3,0
ENSG00000144283.24,998,711,585,2229,2623,159,1275,915
ENSG00000144285.24,2,2,0,2,27,2,42,10
ENSG00000144290.18,0,1,0,1,1,0,2,0
ENSG00000144306.16,112,144,87,910,1164,103,742,283
ENSG00000144320.15,307,283,165,1200,908,55,452,207
ENSG00000144331.20,13,31,3,45,116,1,46,26
ENSG00000144339.13,15,20,7,4,21,6,15,4
ENSG00000144354.16,17,7,14,77,44,1,25,10
ENSG00000144355.15,0,0,5,3,3,0,1,4
ENSG00000144357.19,340,428,157,5590,4786,384,4180,1022
ENSG00000144362.13,28,43,40,91,104,3,81,28
ENSG00000144366.18,62,130,45,131,249,6,122,20
ENSG00000144369.15,91,169,33,111,218,2,79,21
ENSG00000144381.19,4953,2355,1057,5605,5756,557,3491,2473
ENSG00000144395.18,3,11,16,10,12,2,5,5
ENSG00000144401.15,90,118,47,168,464,47,252,217
ENSG00000144406.20,0,4,0,2,2,0,1,1
ENSG00000144407.10,0,4,2,1,3,0,2,0
ENSG00000144410.5,13,5,6,6,8,0,6,3
ENSG00000144426.19,303,286,93,819,737,39,625,160
ENSG00000144445.18,122,195,68,415,522,31,399,132
ENSG00000144451.20,129,219,106,248,561,53,366,199
ENSG00000144452.15,1,0,0,1,0,0,0,0
ENSG00000144455.15,230,242,149,252,356,30,128,152
ENSG00000144460.13,0,3,0,0,1,0,0,0
ENSG00000144468.18,348,185,128,717,691,86,424,248
ENSG00000144476.7,428,956,423,737,1316,124,850,531
ENSG00000144481.17,0,10,0,0,0,0,0,0
ENSG00000144485.12,90,21,45,49,35,2,20,16
ENSG00000144488.16,8,4,12,4,8,3,18,15
ENSG00000144504.17,96,66,138,84,126,6,109,42
ENSG00000144524.19,507,191,338,495,704,48,330,330
ENSG00000144535.21,232,201,171,444,510,68,264,166
ENSG00000144550.15,4,1,2,1,0,0,1,0
ENSG00000144554.14,5,8,30,36,37,0,32,2
ENSG00000144559.12,155,121,85,109,222,24,75,74
ENSG00000144560.16,779,874,579,777,1488,123,812,524
ENSG00000144566.12,855,836,414,1904,1886,198,1183,557
ENSG00000144567.12,876,478,750,1312,1252,112,569,539
ENSG00000144579.10,2346,2069,1917,2564,3193,365,1244,1338
ENSG00000144580.16,788,504,329,612,889,62,389,368
ENSG00000144583.5,0,0,0,0,4,0,0,2
ENSG00000144589.23,214,76,110,289,361,26,179,103
ENSG00000144591.21,1095,266,613,433,663,59,324,302
ENSG00000144596.14,92,196,51,779,1836,171,863,387
ENSG00000144597.14,227,160,119,493,431,40,270,174
ENSG00000144619.16,4,29,16,78,114,4,96,26
ENSG00000144635.10,556,535,284,1713,2334,273,1362,682
ENSG00000144642.23,563,636,679,757,803,42,536,142
ENSG00000144644.16,0,2,1,4,13,0,6,0
ENSG00000144645.17,105,92,61,403,172,10,59,57
ENSG00000144647.8,223,158,115,500,721,145,327,466
ENSG00000144648.17,80,9,55,27,15,1,4,11
ENSG00000144649.11,14,13,20,16,32,1,16,9
ENSG00000144655.16,1407,4125,446,1329,354,41,434,436
ENSG00000144659.14,356,280,281,654,867,99,411,358
ENSG00000144668.13,640,349,151,4010,2713,389,1531,640
ENSG00000144671.11,6,0,0,4,2,0,0,0
ENSG00000144674.20,1087,984,309,9245,5929,477,3538,628
ENSG00000144677.16,506,714,392,1965,1840,80,1025,632
ENSG00000144681.12,32,33,6,21,44,0,28,28
ENSG00000144711.17,1042,947,560,2523,3105,508,1937,1324
ENSG00000144712.14,180,434,108,1278,2068,499,1208,974
ENSG00000144713.14,11961,13071,11849,9129,12219,2222,7298,7763
ENSG00000144724.20,1048,1096,582,1291,1924,170,949,464
ENSG00000144730.20,274,255,103,460,598,44,384,100
ENSG00000144736.15,319,173,103,457,397,58,239,139
ENSG00000144741.20,194,369,145,720,789,87,960,438
ENSG00000144744.19,504,511,284,2381,3035,190,1764,877
ENSG00000144746.8,1330,1453,845,6731,7718,786,4014,2431
ENSG00000144747.18,383,308,134,940,884,54,620,233
ENSG00000144749.15,756,949,323,6158,4448,594,2950,2076
ENSG00000144771.8,0,0,0,0,0,0,0,0
ENSG00000144785.8,15,51,0,76,117,43,47,48
ENSG00000144791.11,669,451,218,1530,1885,161,1126,562
ENSG00000144792.10,34,45,27,48,50,2,33,5
ENSG00000144802.11,577,236,490,525,251,3,247,142
ENSG00000144810.17,5789,788,693,722,1302,140,487,313
ENSG00000144815.19,283,384,126,1537,2128,156,1108,530
ENSG00000144820.9,0,6,0,0,172,0,0,0
ENSG00000144821.11,9,8,9,20,21,3,26,7
ENSG00000144824.22,1540,1058,461,3986,6294,258,5404,1395
ENSG00000144827.10,324,671,237,655,1585,99,917,523
ENSG00000144834.15,9,2,1,1,3,1,10,3
ENSG00000144837.10,164,214,135,132,176,9,16,20
ENSG00000144840.11,253,306,120,561,621,54,335,187
ENSG00000144843.13,217,236,98,732,504,61,262,217
ENSG00000144847.14,7,9,10,41,51,5,65,30
ENSG00000144848.12,570,395,257,984,1179,131,686,451
ENSG00000144852.20,0,8,0,2,5,1,0,2
ENSG00000144857.16,391,454,388,170,420,35,200,161
ENSG00000144867.14,1935,386,349,789,792,108,378,318
ENSG00000144868.15,48,35,27,54,148,12,79,46
ENSG00000144891.20,62,107,66,133,124,12,93,108
ENSG00000144893.14,23,0,2,25,7,1,34,0
ENSG00000144895.13,1017,889,466,2472,2755,270,1510,416
ENSG00000144908.15,72,184,71,395,1078,370,500,559
ENSG00000144909.9,121,157,78,875,438,60,304,125
ENSG00000144935.17,154,218,97,399,535,28,342,144
ENSG00000144959.12,157,177,82,2179,1635,146,864,444
ENSG00000144962.7,3,0,0,0,1,0,0,0
ENSG00000145002.14,4,4,0,21,19,4,7,0
ENSG00000145012.16,1670,933,696,7134,4082,270,2538,1308
ENSG00000145014.19,261,257,302,319,229,15,108,105
ENSG00000145016.18,627,294,340,1195,782,71,335,381
ENSG00000145020.16,107,200,232,474,1292,44,631,618
ENSG00000145022.6,388,220,401,473,910,61,381,272
ENSG00000145029.16,130,182,149,338,554,19,305,199
ENSG00000145040.4,3,5,5,1,2,0,1,0
ENSG00000145041.18,358,276,196,1200,735,77,504,316
ENSG00000145050.19,2579,581,309,664,654,88,495,444
ENSG00000145087.15,0,0,0,0,4,0,0,0
ENSG00000145088.10,18,41,14,32,44,3,30,9
ENSG00000145103.16,0,5,0,2,1,1,4,7
ENSG00000145107.16,1,0,3,1,0,0,0,3
ENSG00000145113.22,0,0,0,0,0,0,0,0
ENSG00000145147.21,347,356,261,490,604,28,331,225
ENSG00000145191.16,867,446,545,1678,1427,185,828,601
ENSG00000145192.14,1,575,1,3,1,0,1,0
ENSG00000145194.20,0,0,0,0,0,0,0,0
ENSG00000145198.16,0,2,1,0,4,0,5,6
ENSG00000145214.15,284,61,166,79,231,29,86,98
ENSG00000145216.18,504,358,218,811,894,122,550,211
ENSG00000145217.15,3,11,14,3,11,3,16,16
ENSG00000145220.15,358,187,76,516,247,49,296,25
ENSG00000145241.12,108,310,106,281,474,25,306,115
ENSG00000145242.15,4,21,7,0,19,0,5,3
ENSG00000145244.13,83,145,59,7191,3917,249,2899,1223
ENSG00000145246.15,445,284,170,341,472,26,203,163
ENSG00000145247.13,249,287,54,204,315,37,99,172
ENSG00000145248.7,3,14,5,2,8,1,16,1
ENSG00000145283.8,1,2,1,17,17,0,1,1
ENSG00000145284.12,202,354,104,115,279,26,165,64
ENSG00000145287.13,20,70,123,27,38,2,18,6
ENSG00000145293.18,366,291,135,505,666,52,267,213
ENSG00000145309.6,0,0,0,0,0,0,0,0
ENSG00000145321.14,0,548,0,1,1,0,0,0
ENSG00000145331.15,57,56,31,136,148,16,119,41
ENSG00000145332.15,150,154,74,930,449,27,228,126
ENSG00000145335.18,75,45,371,210,195,7,75,103
ENSG00000145337.5,1049,871,433,1108,1786,136,988,716
ENSG00000145348.18,222,173,126,209,418,29,216,115
ENSG00000145349.21,1745,918,462,8985,8148,614,5055,2338
ENSG00000145354.13,378,277,216,398,554,32,252,182
ENSG00000145358.7,10,34,16,16,73,0,18,6
ENSG00000145362.22,514,1035,365,9458,7087,795,4750,2222
ENSG00000145365.13,115,90,48,278,648,36,381,131
ENSG00000145375.10,83,66,41,206,202,11,79,59
ENSG00000145384.4,9,0,12,66,81,0,0,12
ENSG00000145386.12,48,48,135,22,57,0,22,10
ENSG00000145388.16,185,291,135,459,523,49,367,177
ENSG00000145390.13,339,225,153,2868,1520,125,1129,467
ENSG00000145391.16,1085,1069,743,4737,4358,358,2315,1152
ENSG00000145414.10,159,208,58,408,420,62,280,135
ENSG00000145416.14,9,15,35,87,69,3,45,12
ENSG00000145423.6,4,10,86,7,93,4,14,24
ENSG00000145425.11,12704,17767,10012,12693,22237,2266,10634,7806
ENSG00000145428.16,2,1,1,11,14,5,3,9
ENSG00000145431.12,109,79,57,357,391,23,174,121
ENSG00000145439.13,235,282,147,934,1372,65,752,275
ENSG00000145451.13,0,0,1,0,0,0,0,0
ENSG00000145476.17,223,515,273,431,911,70,1071,186
ENSG00000145491.13,3,10,9,7,8,0,0,2
ENSG00000145494.13,1732,3911,695,2186,4656,1118,2819,5201
ENSG00000145495.18,1179,1494,811,4931,4265,300,2545,1178
ENSG00000145506.15,325,91,247,97,68,12,37,46
ENSG00000145526.13,0,3,0,0,4,0,5,0
ENSG00000145536.16,5,1,0,0,9,0,1,5
ENSG00000145545.14,87,90,45,87,95,7,68,46
ENSG00000145555.15,203,697,80,547,569,45,407,104
ENSG00000145569.7,19,26,45,66,109,3,65,22
ENSG00000145592.15,9307,11834,12453,7323,10634,1506,6082,7829
ENSG00000145604.18,122,124,78,137,235,6,155,58
ENSG00000145623.14,1140,468,1035,2190,606,59,297,206
ENSG00000145626.13,0,10,4,0,0,0,0,0
ENSG00000145632.16,469,1085,270,1000,2279,206,954,574
ENSG00000145642.12,0,0,0,0,0,0,0,0
ENSG00000145649.8,3,120,3,17,66,2,23,0
ENSG00000145675.17,464,684,356,5339,5633,595,2863,1448
ENSG00000145681.12,15,16,11,74,122,20,49,15
ENSG00000145685.15,1704,311,293,513,514,37,189,178
ENSG00000145687.18,526,420,255,1014,988,114,624,337
ENSG00000145692.16,4,203,2,1,3,0,1,0
ENSG00000145700.10,0,1,0,0,3,0,6,0
ENSG00000145703.17,401,128,163,233,224,21,109,67
ENSG00000145708.12,36,164,7,13,97,2,78,15
ENSG00000145715.16,241,286,151,782,814,54,531,235
ENSG00000145721.13,0,2,0,3,1,0,0,0
ENSG00000145723.18,129,95,69,343,499,25,356,172
ENSG00000145725.22,283,329,175,735,1148,69,879,404
ENSG00000145730.22,3308,2737,802,44151,35147,3749,15296,11091
ENSG00000145734.20,276,344,116,1106,860,44,126,132
ENSG00000145736.16,116,0,7,100,26,26,110,53
ENSG00000145740.21,495,368,190,1020,994,74,685,322
ENSG00000145741.17,4912,3796,3029,6162,8455,936,4238,3609
ENSG00000145743.18,170,379,144,2074,2020,173,1246,429
ENSG00000145757.16,5,10,8,5,7,0,4,4
ENSG00000145777.15,37,24,9,165,227,17,107,68
ENSG00000145779.8,119,133,80,223,376,19,241,119
ENSG00000145780.9,566,374,203,3371,1726,141,1568,565
ENSG00000145781.10,202,189,63,514,998,53,422,227
ENSG00000145782.14,626,480,442,740,833,43,449,189
ENSG00000145794.17,2,6,2,24,20,0,15,1
ENSG00000145808.11,22,16,8,6,34,2,13,5
ENSG00000145817.18,608,343,195,669,843,69,418,196
ENSG00000145819.18,468,638,354,1234,1890,177,1240,640
ENSG00000145824.14,38,140,193,83,121,6,92,155
ENSG00000145826.9,0,84,0,0,0,0,0,0
ENSG00000145832.17,10,1,0,7,0,2,0,1
ENSG00000145833.17,395,388,261,1379,1456,126,844,252
ENSG00000145839.2,0,0,0,0,0,0,0,0
ENSG00000145850.9,0,0,8,1,5,0,1,0
ENSG00000145860.13,698,678,382,1194,1091,85,591,317
ENSG00000145861.10,36,165,72,38,131,16,58,106
ENSG00000145863.11,0,0,0,0,1,0,4,0
ENSG00000145864.15,1,4,0,2,7,0,9,1
ENSG00000145868.18,267,248,207,1203,1332,122,740,435
ENSG00000145879.11,0,0,0,0,0,0,0,0
ENSG00000145882.12,109,121,137,65,259,22,150,52
ENSG00000145888.11,0,0,0,0,0,1,0,0
ENSG00000145901.19,1356,1592,1513,5122,4818,676,2110,2139
ENSG00000145907.17,1798,1727,673,3782,3272,224,2071,960
ENSG00000145908.14,131,159,159,80,117,1,52,18
ENSG00000145911.8,76,84,68,68,213,13,107,79
ENSG00000145912.11,1328,865,512,691,1110,182,512,707
ENSG00000145916.20,619,390,348,876,1199,177,640,678
ENSG00000145919.12,848,766,281,1096,1367,112,714,723
ENSG00000145920.16,0,0,0,0,4,0,1,0
ENSG00000145934.17,270,395,57,6023,6229,1607,5282,1411
ENSG00000145936.10,30,25,68,136,112,18,52,47
ENSG00000145945.8,99,114,51,230,550,137,325,376
ENSG00000145949.13,3,16,16,35,277,17,225,65
ENSG00000145975.15,0,1,0,0,0,0,0,0
ENSG00000145979.19,114,181,70,337,704,67,392,376
ENSG00000145982.14,167,144,97,457,633,82,276,277
ENSG00000145990.11,928,411,289,5325,1712,226,1079,644
ENSG00000145996.12,145,146,83,275,292,36,181,94
ENSG00000146005.5,2,0,1,3,10,0,1,0
ENSG00000146006.8,0,2,1,8,2,0,2,1
ENSG00000146007.12,689,716,457,1095,1533,218,757,752
ENSG00000146013.13,10,31,26,54,77,7,73,37
ENSG00000146021.16,360,164,109,828,1084,105,645,261
ENSG00000146038.13,0,7,1,0,1,0,0,0
ENSG00000146039.12,0,27,0,2,0,0,0,0
ENSG00000146047.7,0,0,0,0,0,0,0,0
ENSG00000146054.19,138,130,199,153,357,35,328,143
ENSG00000146063.21,393,227,293,730,920,85,424,376
ENSG00000146066.3,1232,1380,602,2219,3071,501,1531,1939
ENSG00000146067.18,1253,573,1511,349,912,20,444,268
ENSG00000146070.18,5,10,8,5,10,0,2,2
ENSG00000146072.7,350,799,263,554,667,76,384,293
ENSG00000146083.14,244,190,182,608,814,71,467,438
ENSG00000146085.9,198,284,125,1470,1921,213,1251,608
ENSG00000146090.17,2,13,9,10,9,1,5,18
ENSG00000146094.17,74,32,177,49,65,4,51,10
ENSG00000146109.6,288,301,232,324,430,48,185,168
ENSG00000146112.13,1151,218,327,934,557,99,319,279
ENSG00000146122.18,568,543,486,919,1134,95,559,520
ENSG00000146143.20,82,75,59,125,146,9,49,19
ENSG00000146147.16,712,551,277,8372,9144,1163,5395,2811
ENSG00000146151.15,18,83,18,37,87,2,25,10
ENSG00000146166.17,0,0,1,2,0,0,0,0
ENSG00000146192.17,35,9,135,134,125,9,72,19
ENSG00000146197.10,34,41,10,1117,552,124,762,134
ENSG00000146205.16,35,13,15,16,22,3,8,9
ENSG00000146215.15,43,26,27,104,178,40,19,96
ENSG00000146216.14,1,1,0,18,11,3,0,5
ENSG00000146221.11,1,5,2,0,2,0,3,0
ENSG00000146223.17,1733,841,690,3388,2721,233,1206,909
ENSG00000146232.18,115,194,69,77,119,14,46,40
ENSG00000146233.9,26,45,9,105,158,16,62,47
ENSG00000146242.10,392,96,116,128,152,10,84,78
ENSG00000146243.14,34,60,18,112,202,8,132,47
ENSG00000146247.16,587,899,386,1166,1285,54,974,320
ENSG00000146250.8,0,6,0,8,21,0,9,3
ENSG00000146263.13,24,47,19,55,86,4,61,12
ENSG00000146267.12,4,3,3,6,6,0,0,4
ENSG00000146276.14,0,1,0,0,1,1,0,0
ENSG00000146278.11,2177,2239,1201,5168,2891,269,1789,1403
ENSG00000146281.7,323,89,68,1524,551,28,308,167
ENSG00000146282.20,455,401,248,726,918,91,492,291
ENSG00000146285.16,0,12,2,2,6,0,2,0
ENSG00000146350.15,22,35,12,44,61,1,37,10
ENSG00000146352.14,0,0,1,0,2,0,2,0
ENSG00000146360.9,0,0,0,0,0,0,0,0
ENSG00000146373.17,314,271,122,716,416,29,266,108
ENSG00000146374.15,15,8,19,9,29,3,78,4
ENSG00000146376.12,148,636,81,355,448,20,227,70
ENSG00000146378.6,0,0,0,0,0,0,0,0
ENSG00000146383.7,0,0,0,0,0,0,0,0
ENSG00000146385.2,0,0,0,0,0,0,0,0
ENSG00000146386.9,296,223,114,179,117,6,67,59
ENSG00000146399.3,0,0,0,0,0,0,0,0
ENSG00000146409.13,59,87,89,81,187,16,109,39
ENSG00000146410.13,0,7,20,4,7,1,1,0
ENSG00000146411.7,86,60,18,480,1116,178,579,410
ENSG00000146414.18,154,219,60,410,547,20,443,141
ENSG00000146416.19,222,563,207,1215,2510,204,1304,864
ENSG00000146425.12,1251,746,502,1481,1599,144,665,786
ENSG00000146426.20,30,11,7,166,107,20,63,18
ENSG00000146433.12,677,493,209,958,661,41,404,202
ENSG00000146453.14,8,0,7,4,6,0,17,3
ENSG00000146457.17,1044,1300,697,1765,1457,160,965,675
ENSG00000146463.13,468,524,272,1322,1592,107,916,371
ENSG00000146469.14,63,147,13,23,103,0,66,10
ENSG00000146476.12,137,166,62,475,618,54,527,141
ENSG00000146477.7,41,53,69,72,71,5,83,32
ENSG00000146530.16,0,0,3,3,7,1,2,0
ENSG00000146535.16,1357,455,575,2004,2009,226,863,879
ENSG00000146540.16,271,611,521,292,1689,214,650,1303
ENSG00000146555.20,49,48,84,423,312,40,196,102
ENSG00000146574.17,537,304,42,843,1269,0,648,25
ENSG00000146576.14,336,241,133,423,412,45,172,240
ENSG00000146587.19,253,193,70,524,626,46,297,149
ENSG00000146592.18,403,479,280,449,497,30,380,247
ENSG00000146618.3,0,0,0,0,0,0,0,0
ENSG00000146648.22,842,967,610,1141,1028,71,772,497
ENSG00000146670.10,11,11,71,27,52,5,6,4
ENSG00000146674.17,8248,2031,2189,2595,4109,155,748,954
ENSG00000146676.10,756,699,308,1545,1462,97,855,317
ENSG00000146678.10,3,60,0,2,1,0,0,2
ENSG00000146700.10,15,5,10,16,16,1,10,15
ENSG00000146701.13,2985,2714,729,11369,17184,2655,9902,9744
ENSG00000146707.16,53,204,67,5,29,20,103,138
ENSG00000146729.11,973,1145,437,10108,12853,879,7733,3900
ENSG00000146731.12,2379,1087,690,3221,2878,402,1614,1186
ENSG00000146733.15,222,59,63,304,316,14,108,129
ENSG00000146755.12,0,6,2,1,7,0,1,2
ENSG00000146757.14,86,99,42,152,212,6,82,37
ENSG00000146776.15,55,80,36,127,145,16,94,37
ENSG00000146802.14,336,399,248,1236,1046,41,758,237
ENSG00000146809.15,33,219,15,1024,2710,115,1875,703
ENSG00000146826.18,230,52,124,195,173,12,86,121
ENSG00000146828.19,265,128,383,155,256,30,137,62
ENSG00000146830.12,857,341,1542,1220,1540,129,992,661
ENSG00000146833.17,279,370,172,351,444,26,280,118
ENSG00000146834.16,412,925,502,789,1049,110,426,581
ENSG00000146839.19,0,0,0,0,0,0,0,0
ENSG00000146842.18,131,132,76,337,311,23,258,58
ENSG00000146856.14,8,7,4,10,26,0,29,4
ENSG00000146857.5,0,0,1,0,0,0,0,0
ENSG00000146858.8,4,2,0,16,31,1,24,13
ENSG00000146859.7,313,538,256,552,932,59,364,452
ENSG00000146872.20,418,362,236,1352,1034,102,657,374
ENSG00000146904.10,3,4,0,1,1,0,0,0
ENSG00000146909.9,258,173,141,505,472,39,247,159
ENSG00000146910.14,0,0,0,0,0,0,0,0
ENSG00000146918.21,39,55,52,203,209,15,87,37
ENSG00000146926.12,26,159,45,94,560,124,384,441
ENSG00000146938.17,146,94,267,174,116,23,49,42
ENSG00000146950.13,16,28,8,40,41,0,12,12
ENSG00000146955.12,1,4,3,1,1,0,0,0
ENSG00000146963.19,829,882,639,1102,1614,79,900,402
ENSG00000146966.14,501,765,416,479,872,66,286,363
ENSG00000147003.8,8,18,3,13,37,3,15,4
ENSG00000147010.20,613,566,366,1886,3024,230,1882,970
ENSG00000147027.5,506,1036,262,1586,2080,136,997,384
ENSG00000147036.12,6,0,7,115,7,3,5,2
ENSG00000147041.13,0,4,0,46,10,1,5,0
ENSG00000147044.24,290,227,149,461,385,47,258,123
ENSG00000147050.19,160,127,82,344,578,40,390,174
ENSG00000147059.10,19,5,22,15,24,0,8,12
ENSG00000147065.19,9226,3973,2744,17980,7374,924,3297,2240
ENSG00000147081.15,1,0,0,0,0,0,0,0
ENSG00000147082.18,5,1,4,2,5,1,5,1
ENSG00000147099.22,241,179,169,451,418,37,226,156
ENSG00000147100.12,811,328,277,592,576,68,422,126
ENSG00000147113.18,1506,1296,821,1259,1521,157,700,481
ENSG00000147117.8,2,2,0,4,5,0,5,3
ENSG00000147118.13,108,83,101,191,224,17,85,50
ENSG00000147119.5,251,216,148,331,311,63,110,829
ENSG00000147121.17,196,253,144,184,324,16,160,105
ENSG00000147123.13,1415,2078,553,2335,3437,650,1779,2933
ENSG00000147124.14,211,197,100,801,815,53,446,233
ENSG00000147127.8,0,0,0,0,0,0,4,0
ENSG00000147130.15,153,160,138,630,841,92,529,217
ENSG00000147133.19,312,300,255,858,913,73,791,346
ENSG00000147138.4,5,44,2,5,19,0,9,0
ENSG00000147140.18,2045,1487,1261,3962,3945,407,2064,1595
ENSG00000147144.13,58,12,0,30,55,11,3,6
ENSG00000147145.15,3,31,7,4,53,0,23,3
ENSG00000147155.12,209,336,181,690,976,163,307,407
ENSG00000147160.10,0,0,0,0,0,0,0,0
ENSG00000147162.16,1788,1647,1873,4375,3957,146,3600,1138
ENSG00000147164.13,602,381,287,1261,1285,129,523,518
ENSG00000147166.12,247,156,44,1921,2240,359,1247,1005
ENSG00000147168.14,43,135,189,135,88,7,30,14
ENSG00000147174.13,81,26,57,80,55,9,50,39
ENSG00000147180.18,5,28,2,27,114,7,71,26
ENSG00000147183.10,0,0,0,0,0,0,0,0
ENSG00000147202.19,312,372,197,660,513,59,265,145
ENSG00000147206.17,1,4,5,5,1,0,0,1
ENSG00000147223.6,0,1,0,0,1,0,0,0
ENSG00000147224.13,460,288,160,712,746,89,415,270
ENSG00000147231.14,6,11,11,27,43,5,49,10
ENSG00000147234.11,0,7,2,1,2,0,3,5
ENSG00000147246.11,0,0,0,1,1,0,0,0
ENSG00000147251.17,108,141,112,257,283,11,254,51
ENSG00000147255.20,20,39,22,341,204,17,95,40
ENSG00000147256.12,0,1,0,0,5,0,4,0
ENSG00000147257.17,409,413,420,158,202,25,236,83
ENSG00000147262.5,0,0,0,0,1,0,3,0
ENSG00000147274.15,1494,1893,1147,3211,4011,250,2853,1188
ENSG00000147316.16,243,299,113,539,551,44,395,171
ENSG00000147324.11,364,61,120,0,552,71,315,185
ENSG00000147364.18,292,391,231,1134,1051,94,521,361
ENSG00000147378.12,2,21,1,14,18,3,0,26
ENSG00000147381.13,0,0,0,0,0,0,0,0
ENSG00000147383.12,294,161,114,807,628,94,455,326
ENSG00000147394.21,17,35,27,103,105,8,54,20
ENSG00000147400.11,583,383,229,743,907,79,591,411
ENSG00000147403.19,20289,20019,19068,18403,25513,3010,9747,12944
ENSG00000147408.17,346,707,223,1449,2286,201,1429,617
ENSG00000147416.13,841,581,651,1692,1662,230,873,602
ENSG00000147419.20,422,414,307,931,1003,100,568,319
ENSG00000147421.19,343,151,167,499,416,21,186,130
ENSG00000147432.7,0,0,0,0,0,0,0,0
ENSG00000147434.9,0,0,0,0,0,0,0,0
ENSG00000147437.11,127,78,143,58,74,1,68,36
ENSG00000147439.15,418,218,374,371,240,22,114,143
ENSG00000147443.14,50,72,99,92,112,16,43,18
ENSG00000147454.14,1057,632,3456,773,1166,52,674,407
ENSG00000147457.15,693,498,288,1456,1461,165,799,594
ENSG00000147459.18,567,284,392,1977,945,96,407,429
ENSG00000147465.13,0,4,3,0,2,2,5,12
ENSG00000147471.13,743,568,285,1854,1603,173,870,546
ENSG00000147475.18,362,398,157,853,1180,130,849,401
ENSG00000147481.18,0,2,0,1,0,0,0,0
ENSG00000147485.14,94,213,53,3036,2557,270,2016,1094
ENSG00000147488.14,0,0,0,1,1,0,0,0
ENSG00000147509.14,0,0,0,0,2,0,0,0
ENSG00000147526.21,1623,2744,1165,5326,3912,328,2104,1636
ENSG00000147533.19,488,646,275,727,851,62,581,268
ENSG00000147535.18,408,188,199,209,193,25,157,59
ENSG00000147536.12,13,19,15,12,22,2,4,11
ENSG00000147548.18,705,623,403,1213,1189,104,875,330
ENSG00000147570.11,0,2,0,1,1,0,0,0
ENSG00000147571.6,0,0,0,0,0,0,0,0
ENSG00000147573.18,1584,141,51,2077,2319,309,1135,744
ENSG00000147576.18,72,215,202,952,2023,156,1216,799
ENSG00000147586.11,345,302,110,1011,1857,163,906,663
ENSG00000147588.8,4,40,14,62,98,2,45,5
ENSG00000147592.10,75,90,34,449,820,54,440,212
ENSG00000147596.5,0,2,0,0,0,0,0,0
ENSG00000147601.16,190,239,105,511,685,65,421,218
ENSG00000147604.15,13772,14684,13084,13678,20403,1900,9770,8181
ENSG00000147606.10,2,16,2,7,30,0,41,4
ENSG00000147613.8,0,0,0,1,0,0,0,0
ENSG00000147614.5,1,16,1,0,2,0,0,0
ENSG00000147642.18,111,155,56,152,122,4,70,60
ENSG00000147647.14,4,134,2,3,4,0,1,0
ENSG00000147649.11,1373,1169,488,3321,2604,227,1536,753
ENSG00000147650.12,233,99,32,1374,840,64,585,202
ENSG00000147654.17,326,382,153,682,773,66,363,278
ENSG00000147655.13,1,0,1,2,8,0,0,2
ENSG00000147669.12,491,660,299,739,1123,68,554,305
ENSG00000147676.15,20,105,11,81,79,8,34,3
ENSG00000147677.13,1865,1978,1539,4062,5422,515,2608,2235
ENSG00000147679.13,176,162,104,361,397,19,287,120
ENSG00000147684.11,2853,3799,843,9148,11109,1480,5329,7987
ENSG00000147687.20,324,173,119,421,596,83,462,384
ENSG00000147689.18,1,0,5,2,0,0,0,0
ENSG00000147697.10,0,0,0,0,63,2,15,0
ENSG00000147724.12,4,3,1,0,9,0,8,4
ENSG00000147789.17,207,159,172,362,470,28,273,152
ENSG00000147799.13,31,11,25,26,44,4,39,29
ENSG00000147804.10,33,24,27,16,28,11,21,18
ENSG00000147813.17,123,390,392,102,742,96,96,488
ENSG00000147852.18,499,915,79,9628,4351,461,2144,1804
ENSG00000147853.18,711,796,521,5104,6932,584,3729,1486
ENSG00000147854.19,372,426,298,518,673,25,362,211
ENSG00000147862.19,2489,3992,1180,3901,3867,297,1976,913
ENSG00000147869.5,0,2,0,0,1,0,0,0
ENSG00000147872.11,4099,667,2008,3582,1594,316,770,669
ENSG00000147873.6,1,0,0,0,2,0,0,0
ENSG00000147874.12,210,173,98,485,481,27,335,94
ENSG00000147883.13,100,30,68,116,41,23,60,26
ENSG00000147885.4,0,0,0,0,0,0,0,0
ENSG00000147889.18,5,4,2,2,3,0,1,0
ENSG00000147894.18,125,185,95,387,613,25,376,148
ENSG00000147896.4,0,0,0,0,0,0,0,0
ENSG00000147905.19,274,185,149,231,300,17,141,64
ENSG00000147912.14,77,42,49,300,317,42,173,169
ENSG00000147955.19,727,367,289,734,753,99,304,353
ENSG00000147996.18,438,448,197,363,358,12,160,75
ENSG00000148019.15,112,139,70,134,244,9,114,30
ENSG00000148053.19,170,383,80,318,716,46,679,155
ENSG00000148057.17,26,106,78,63,81,5,61,32
ENSG00000148082.10,21,10,22,27,26,7,20,8
ENSG00000148090.13,151,140,72,737,1235,92,704,557
ENSG00000148110.18,727,628,282,969,1035,87,706,329
ENSG00000148120.20,2034,1252,416,4297,2977,243,1032,1408
ENSG00000148123.16,0,4,0,0,0,0,1,0
ENSG00000148136.5,0,0,0,0,0,0,0,0
ENSG00000148143.14,133,150,85,968,593,54,286,131
ENSG00000148153.15,195,198,103,466,514,31,281,185
ENSG00000148154.11,928,696,519,1047,589,25,357,160
ENSG00000148156.8,0,0,0,0,0,0,0,0
ENSG00000148158.18,100,68,34,287,271,19,168,70
ENSG00000148175.14,6563,12550,2434,9782,8551,582,4473,3278
ENSG00000148180.23,60940,21901,36909,18425,38018,5775,21324,19452
ENSG00000148187.19,481,310,329,1290,959,94,660,510
ENSG00000148200.18,49,33,22,142,89,4,34,44
ENSG00000148204.13,0,3,0,0,14,0,4,2
ENSG00000148215.4,0,0,0,0,0,0,0,0
ENSG00000148218.17,570,453,381,4026,3475,667,2145,1180
ENSG00000148219.19,266,72,54,64,223,31,94,96
ENSG00000148225.18,22,49,38,385,648,99,382,223
ENSG00000148229.14,591,313,277,949,1048,105,468,300
ENSG00000148248.15,3990,808,1096,3426,3051,362,1644,1318
ENSG00000148288.14,256,123,210,121,202,18,110,95
ENSG00000148290.11,545,798,439,1080,1526,226,407,539
ENSG00000148291.11,172,213,174,169,223,41,196,100
ENSG00000148296.8,503,331,269,512,817,115,421,429
ENSG00000148297.17,553,212,364,564,635,82,269,316
ENSG00000148300.13,504,301,262,642,614,67,213,275
ENSG00000148303.18,18586,15237,12095,16695,20566,2844,8905,11152
ENSG00000148308.19,588,845,501,834,2057,218,728,879
ENSG00000148331.13,412,162,176,390,464,46,332,194
ENSG00000148334.17,655,701,405,1379,2960,681,1217,2158
ENSG00000148335.16,560,463,221,839,1255,305,510,808
ENSG00000148337.23,1009,540,696,1447,1915,318,1001,481
ENSG00000148339.14,320,178,174,287,243,42,108,209
ENSG00000148341.19,537,501,665,548,941,124,363,382
ENSG00000148343.20,552,314,397,771,1544,170,634,798
ENSG00000148344.11,210,144,316,63,45,8,31,6
ENSG00000148346.13,10,15,334,2,11,1,0,0
ENSG00000148356.16,181,193,159,958,1357,274,716,628
ENSG00000148357.18,657,125,276,256,737,62,370,322
ENSG00000148358.22,949,511,570,2004,1948,219,1034,585
ENSG00000148377.7,2,1,0,5,7,4,17,18
ENSG00000148384.15,321,136,216,344,386,36,304,202
ENSG00000148386.10,0,0,0,0,0,0,0,1
ENSG00000148396.20,1143,570,846,1705,1484,205,941,564
ENSG00000148399.14,414,262,334,283,421,39,190,239
ENSG00000148400.14,536,421,270,495,982,164,774,556
ENSG00000148408.16,4,0,2,4,6,0,4,4
ENSG00000148411.9,578,315,268,3368,1711,330,1074,676
ENSG00000148426.14,66,45,25,9,16,6,12,17
ENSG00000148429.16,120,73,56,331,250,25,197,91
ENSG00000148444.17,380,504,299,663,1551,180,879,541
ENSG00000148450.14,769,1661,453,2010,2819,399,1599,2166
ENSG00000148459.17,79,36,27,128,110,21,73,56
ENSG00000148468.18,806,349,282,396,611,52,241,266
ENSG00000148481.15,229,334,137,357,504,29,226,96
ENSG00000148482.13,0,0,2,0,0,0,0,0
ENSG00000148483.9,8,4,27,20,14,1,5,3
ENSG00000148484.19,1331,881,485,1889,1903,182,1189,668
ENSG00000148488.17,149,407,24,233,653,28,271,100
ENSG00000148498.18,668,353,154,3013,1111,160,642,405
ENSG00000148513.20,0,0,0,0,1,0,0,0
ENSG00000148516.24,1176,1859,837,3443,3426,192,1996,798
ENSG00000148541.14,92,189,103,275,270,10,115,71
ENSG00000148572.17,292,306,115,284,319,24,263,95
ENSG00000148584.17,1,90,1,3,3,0,0,0
ENSG00000148600.16,19,97,14,4,51,3,35,7
ENSG00000148602.6,0,2,0,0,1,0,0,0
ENSG00000148604.15,11,47,24,2,9,2,15,4
ENSG00000148606.16,283,144,132,667,598,62,315,217
ENSG00000148634.17,580,476,233,1420,910,59,642,263
ENSG00000148655.16,79,141,51,125,276,25,152,115
ENSG00000148660.23,124,205,219,393,693,53,361,192
ENSG00000148671.16,963,1968,2306,481,1423,206,1339,729
ENSG00000148672.11,1475,1570,726,4005,4954,470,2454,1989
ENSG00000148677.8,56784,7188,713,131756,89068,16905,51008,42246
ENSG00000148680.16,6,1,2,9,6,0,6,2
ENSG00000148688.15,262,248,211,302,536,32,266,162
ENSG00000148690.13,379,442,378,804,777,54,485,174
ENSG00000148700.16,1423,2125,936,1869,4593,298,3396,1013
ENSG00000148702.16,0,89,1,2,3,0,229,29
ENSG00000148704.13,0,0,0,0,0,0,0,0
ENSG00000148719.17,722,563,427,1464,1319,147,668,617
ENSG00000148730.8,1914,1677,1202,7443,6829,581,3609,2180
ENSG00000148734.8,2,6,0,0,6,0,0,0
ENSG00000148735.16,3,22,1,1,0,0,0,1
ENSG00000148737.19,281,434,260,416,432,32,265,141
ENSG00000148773.15,11,11,369,90,106,4,12,4
ENSG00000148795.8,0,0,3,0,0,0,0,0
ENSG00000148798.12,1,0,2,2,0,0,0,0
ENSG00000148803.14,178,232,124,39,103,11,31,35
ENSG00000148814.19,39,42,47,114,139,15,81,42
ENSG00000148824.20,431,249,296,249,584,44,162,226
ENSG00000148826.9,0,1,0,0,2,8,20,36
ENSG00000148832.17,39,56,36,31,76,9,21,31
ENSG00000148834.14,2606,2424,1229,2337,3785,593,1368,1784
ENSG00000148835.13,95,181,66,128,109,2,107,82
ENSG00000148840.12,754,232,371,1188,512,59,385,175
ENSG00000148841.18,1811,1138,387,4307,1713,252,677,1653
ENSG00000148842.19,53,72,46,147,188,27,232,100
ENSG00000148843.16,812,241,365,1102,622,109,416,238
ENSG00000148848.15,727,8,14,38,33,4,15,5
ENSG00000148908.16,213,151,181,50,118,12,55,33
ENSG00000148925.12,386,406,138,860,657,56,347,228
ENSG00000148926.11,195,1223,356,220,706,149,400,151
ENSG00000148935.13,8,18,10,73,141,7,75,54
ENSG00000148942.16,0,11,10,0,10,0,2,1
ENSG00000148943.12,375,368,143,501,527,16,304,97
ENSG00000148948.9,7,39,52,16,31,1,21,2
ENSG00000148950.12,81,148,69,109,264,14,159,123
ENSG00000148965.11,1,464,0,0,0,0,0,0
ENSG00000148985.21,174,197,190,348,608,58,261,372
ENSG00000149016.17,186,187,234,230,405,67,219,195
ENSG00000149021.8,8,141,10,0,0,0,19,2
ENSG00000149043.18,0,2,0,0,0,0,0,0
ENSG00000149050.11,16,25,8,22,58,0,48,9
ENSG00000149054.17,14,13,6,8,14,1,5,0
ENSG00000149084.14,633,643,230,1418,2047,178,996,475
ENSG00000149089.14,199,165,109,540,693,38,454,251
ENSG00000149090.14,436,530,796,210,620,50,189,175
ENSG00000149091.16,573,393,352,1085,1723,316,918,912
ENSG00000149100.14,2087,1548,1313,2629,3575,309,1900,1136
ENSG00000149115.15,2513,1269,2117,2008,1814,255,1118,991
ENSG00000149124.11,0,139,3,0,7,0,54,1
ENSG00000149131.18,9930,4728,14431,6651,5030,690,3225,1950
ENSG00000149133.1,0,0,0,0,0,0,0,0
ENSG00000149136.10,1721,687,716,2003,1432,191,865,644
ENSG00000149150.10,288,203,480,108,260,38,126,104
ENSG00000149177.15,136,86,119,454,352,32,209,103
ENSG00000149179.15,273,101,125,304,410,49,214,185
ENSG00000149182.16,882,860,1027,1324,2579,237,1344,944
ENSG00000149187.20,1618,1135,956,4839,2565,154,1602,883
ENSG00000149196.18,650,456,226,814,1082,126,514,384
ENSG00000149201.10,9,11,14,7,10,1,7,10
ENSG00000149212.12,296,324,366,278,792,20,293,65
ENSG00000149218.6,857,866,380,873,997,86,406,313
ENSG00000149231.17,305,392,198,661,790,35,600,165
ENSG00000149243.18,11,2,19,5,14,2,22,8
ENSG00000149256.16,316,57,19,92,55,15,52,23
ENSG00000149257.17,12299,2132,1133,2291,3007,284,1490,1587
ENSG00000149260.19,362,212,147,157,248,27,145,71
ENSG00000149262.20,260,160,216,431,437,58,219,162
ENSG00000149269.11,248,215,164,337,282,19,142,70
ENSG00000149273.16,16069,17453,11710,10092,13611,1431,4704,7209
ENSG00000149289.11,162,316,99,1154,707,45,473,202
ENSG00000149292.18,60,49,58,168,246,13,109,93
ENSG00000149294.18,2618,925,323,15459,9143,1966,5264,4113
ENSG00000149295.15,9,1,5,2,1,1,4,3
ENSG00000149300.10,59,23,28,113,22,11,0,10
ENSG00000149305.8,0,2,0,1,0,0,0,0
ENSG00000149308.19,97,192,41,358,490,23,249,115
ENSG00000149311.23,477,388,221,940,1379,73,1106,255
ENSG00000149313.12,269,213,111,1067,1257,94,655,330
ENSG00000149328.17,200,28,61,54,24,2,2,2
ENSG00000149346.16,95,72,45,86,153,8,72,34
ENSG00000149357.11,1388,1389,716,1571,2759,338,945,1391
ENSG00000149380.13,75,2,8,8,4,1,1,0
ENSG00000149403.14,21,4,0,16,12,1,2,0
ENSG00000149418.12,39,49,68,31,39,8,19,21
ENSG00000149428.22,6232,389,617,3267,2123,374,1227,1012
ENSG00000149435.13,0,9,0,0,0,0,0,0
ENSG00000149451.20,782,515,1346,116,547,28,407,175
ENSG00000149452.17,0,15,7,0,0,0,0,2
ENSG00000149474.15,153,175,135,572,658,62,317,251
ENSG00000149476.17,98,138,111,137,295,54,186,188
ENSG00000149480.7,1393,927,636,1479,1224,113,586,424
ENSG00000149483.14,485,257,323,295,316,31,211,147
ENSG00000149485.20,434,294,252,1525,1268,168,668,381
ENSG00000149488.14,4,13,16,2,7,3,8,0
ENSG00000149489.9,138,31,81,56,46,6,27,21
ENSG00000149499.13,818,249,767,518,503,44,217,142
ENSG00000149503.15,100,78,78,202,223,28,138,70
ENSG00000149506.12,3,3,18,4,6,1,2,1
ENSG00000149507.7,0,0,0,0,0,0,0,0
ENSG00000149516.15,0,3,33,1,2,0,0,0
ENSG00000149527.18,0,13,0,1,12,0,4,0
ENSG00000149532.17,1171,686,886,1726,1958,136,1371,653
ENSG00000149534.9,6,16,4,19,37,1,35,3
ENSG00000149541.11,597,303,553,226,335,44,124,151
ENSG00000149547.16,1775,853,888,2387,2401,254,1076,945
ENSG00000149548.16,3,14,9,8,19,0,15,1
ENSG00000149554.16,9,10,19,24,34,4,22,24
ENSG00000149557.15,246,458,214,343,855,105,429,448
ENSG00000149564.13,1916,2554,569,1797,2863,185,1093,1338
ENSG00000149571.12,79,7,19,32,29,2,8,9
ENSG00000149573.10,147,83,155,377,301,27,110,77
ENSG00000149575.9,39,79,7,314,1118,155,552,501
ENSG00000149577.18,554,357,551,740,911,117,604,415
ENSG00000149582.17,80,98,24,241,421,37,172,217
ENSG00000149591.18,4512,1952,10107,4735,4833,896,2240,2305
ENSG00000149596.8,1654,1125,433,9799,8532,1912,5118,4331
ENSG00000149599.17,2,7,14,29,42,13,17,34
ENSG00000149600.13,776,962,397,1168,1561,153,573,673
ENSG00000149609.6,0,0,0,0,0,0,0,0
ENSG00000149633.13,303,261,237,66,317,34,171,65
ENSG00000149634.5,5,2,2,12,29,0,13,5
ENSG00000149635.3,0,0,0,0,0,0,0,0
ENSG00000149636.17,94,108,96,172,206,13,121,67
ENSG00000149639.16,897,352,397,3016,1820,207,845,688
ENSG00000149646.12,27,21,18,17,64,2,38,1
ENSG00000149651.4,0,0,0,0,0,0,0,0
ENSG00000149654.12,0,5,0,5,19,3,6,4
ENSG00000149657.21,361,384,244,1152,1672,260,844,776
ENSG00000149658.19,671,474,435,1074,1041,110,621,468
ENSG00000149679.13,100,94,63,1402,350,56,151,233
ENSG00000149716.14,239,115,222,298,283,24,180,198
ENSG00000149735.7,0,2,0,0,2,0,0,0
ENSG00000149742.11,0,3,0,0,0,0,0,0
ENSG00000149743.15,396,510,264,629,962,238,563,809
ENSG00000149761.10,371,364,211,355,1001,192,438,739
ENSG00000149781.15,138,104,337,159,179,27,97,63
ENSG00000149782.14,621,271,365,371,582,66,251,228
ENSG00000149792.10,487,323,220,1168,1914,126,737,719
ENSG00000149798.6,1108,1298,833,386,290,47,255,280
ENSG00000149806.12,5461,6938,3998,3680,7718,981,2843,5434
ENSG00000149809.18,142,996,235,518,2395,181,868,1635
ENSG00000149823.11,455,554,509,765,1923,420,803,1445
ENSG00000149922.13,14,17,20,11,20,4,26,11
ENSG00000149923.15,897,614,575,808,926,121,445,464
ENSG00000149925.22,12270,12327,4842,61947,84857,13658,35662,44852
ENSG00000149926.15,0,0,2,0,0,0,0,0
ENSG00000149927.19,9,17,37,1,19,1,37,7
ENSG00000149929.17,251,381,211,751,1027,127,411,288
ENSG00000149930.19,896,599,709,1234,1774,239,983,760
ENSG00000149932.18,1116,1835,1203,1064,1787,175,721,866
ENSG00000149948.15,17,0,3,1,7,1,3,0
ENSG00000149968.12,1,0,0,1,0,0,0,2
ENSG00000149970.16,32,36,12,10,54,10,66,29
ENSG00000149972.12,0,0,1,2,4,2,0,0
ENSG00000150045.12,6,48,10,8,26,1,6,1
ENSG00000150048.11,147,560,74,186,195,8,61,56
ENSG00000150051.15,3,4,2,2,13,1,28,2
ENSG00000150054.20,42,43,21,655,446,34,285,125
ENSG00000150093.21,10325,10189,3201,25178,25294,2728,13444,7249
ENSG00000150201.16,0,59,4,1,3,0,0,0
ENSG00000150244.12,0,0,0,1,0,0,0,0
ENSG00000150261.5,0,0,0,0,0,0,0,0
ENSG00000150269.1,0,0,0,0,0,0,0,0
ENSG00000150275.20,0,0,0,4,4,0,31,5
ENSG00000150281.7,72,149,71,241,666,80,270,373
ENSG00000150316.13,938,857,448,1201,1703,198,937,543
ENSG00000150337.15,12,6,80,237,20,4,15,8
ENSG00000150347.17,1084,1126,628,1604,738,58,1085,781
ENSG00000150361.12,0,0,0,2,0,0,0,0
ENSG00000150394.15,0,5,0,5,11,0,4,4
ENSG00000150401.16,364,453,227,3021,5109,317,2514,1556
ENSG00000150403.19,506,194,184,952,991,74,484,383
ENSG00000150433.11,127,129,81,103,176,13,185,50
ENSG00000150455.16,56,53,42,243,261,33,137,81
ENSG00000150456.12,118,107,78,85,151,14,85,75
ENSG00000150457.10,524,631,213,1177,1031,122,802,575
ENSG00000150459.14,2611,2156,1236,3457,4604,579,2348,2337
ENSG00000150471.18,29,152,61,190,221,12,85,67
ENSG00000150477.16,54,97,39,129,192,12,102,63
ENSG00000150510.17,132,231,73,187,677,63,262,190
ENSG00000150527.19,211,191,103,406,880,48,598,255
ENSG00000150540.15,230,502,355,241,499,21,291,92
ENSG00000150551.12,61,8,4,12,7,0,10,4
ENSG00000150556.18,0,2,1,0,0,0,0,0
ENSG00000150593.19,566,1205,556,1652,1596,59,721,387
ENSG00000150594.7,21,18,11,38,55,3,63,18
ENSG00000150625.18,6,21,13,1,40,1,15,2
ENSG00000150627.17,3,10,11,13,24,1,12,1
ENSG00000150628.7,4,0,0,3,3,4,1,7
ENSG00000150630.4,330,459,123,210,442,25,136,142
ENSG00000150636.18,68,154,17,87,143,10,87,45
ENSG00000150637.10,15,27,11,26,33,2,20,5
ENSG00000150656.16,2,26,1,4,5,0,0,3
ENSG00000150667.9,10,4,1,26,12,4,15,2
ENSG00000150672.19,27,53,23,187,223,24,218,86
ENSG00000150676.13,0,0,0,0,0,0,0,0
ENSG00000150681.10,8,25,43,40,45,0,13,1
ENSG00000150687.13,715,168,241,561,665,60,193,120
ENSG00000150712.12,291,280,133,715,739,40,418,232
ENSG00000150722.12,49,61,23,765,1052,33,695,196
ENSG00000150750.9,3,2,2,1,1,0,0,0
ENSG00000150753.13,3385,1006,717,4788,2966,411,1543,1330
ENSG00000150756.15,172,129,38,151,294,22,138,117
ENSG00000150760.14,631,616,258,1160,1380,135,770,405
ENSG00000150764.15,305,280,168,746,1223,119,795,211
ENSG00000150768.19,380,605,119,5521,6136,787,4019,1535
ENSG00000150773.13,14,7,6,33,51,2,77,15
ENSG00000150776.19,310,220,170,347,377,72,283,332
ENSG00000150779.12,953,1224,356,1696,3239,374,1437,2261
ENSG00000150782.14,11,32,38,22,40,4,48,1
ENSG00000150783.11,3,0,0,1,2,0,2,0
ENSG00000150787.9,378,356,135,314,406,41,223,209
ENSG00000150867.15,580,496,784,745,574,52,310,184
ENSG00000150873.13,1,0,1,5,4,1,2,1
ENSG00000150893.11,0,4,0,24,26,0,51,9
ENSG00000150907.11,639,730,388,1168,899,112,583,296
ENSG00000150938.11,936,781,287,4198,2853,248,1085,728
ENSG00000150961.16,1089,363,262,846,631,51,265,148
ENSG00000150967.20,68,36,33,64,139,23,185,58
ENSG00000150977.13,181,300,168,379,418,33,154,136
ENSG00000150990.10,428,85,154,416,221,47,104,107
ENSG00000150991.17,32198,33116,13626,77798,51828,6796,12947,20720
ENSG00000150995.21,389,755,188,1037,1181,86,795,369
ENSG00000151005.5,0,0,1,0,0,0,0,0
ENSG00000151006.8,52,0,39,13,37,0,19,0
ENSG00000151012.13,28,1,11,18,44,5,59,1
ENSG00000151014.7,34,24,12,140,87,10,55,62
ENSG00000151023.17,3,6,0,4,1,0,0,0
ENSG00000151025.11,1,0,0,3,1,0,16,0
ENSG00000151033.10,0,0,0,0,0,0,0,0
ENSG00000151062.15,24,35,38,37,36,2,26,16
ENSG00000151065.15,113,106,86,69,111,8,74,30
ENSG00000151067.23,1177,317,413,6188,3410,432,2600,1780
ENSG00000151079.8,1,0,0,10,36,6,51,9
ENSG00000151090.21,135,134,54,925,708,58,292,181
ENSG00000151092.19,417,272,160,1151,764,94,536,291
ENSG00000151093.9,101,77,83,319,419,37,299,207
ENSG00000151116.18,227,211,133,756,660,61,426,156
ENSG00000151117.9,36,48,48,106,245,26,72,80
ENSG00000151131.12,180,112,83,447,402,25,137,78
ENSG00000151135.11,914,741,264,1559,1229,49,679,320
ENSG00000151136.15,12,14,1,10,58,1,12,22
ENSG00000151148.15,559,427,384,2338,2210,320,1227,894
ENSG00000151150.23,596,266,237,9657,5365,551,3055,1315
ENSG00000151151.7,66,123,55,138,185,5,90,36
ENSG00000151164.19,55,16,5,91,28,0,45,14
ENSG00000151176.9,1448,825,651,2009,1797,251,1109,645
ENSG00000151208.18,397,193,227,319,221,18,124,134
ENSG00000151224.14,0,422,3,2,4,0,3,1
ENSG00000151229.14,237,106,85,1461,335,24,228,55
ENSG00000151233.12,306,299,138,381,375,21,269,129
ENSG00000151239.15,876,770,315,606,669,26,384,151
ENSG00000151240.19,277,511,188,1581,1642,242,1103,751
ENSG00000151247.14,596,359,158,1384,1299,82,696,321
ENSG00000151276.24,452,357,153,1397,1149,107,903,325
ENSG00000151287.18,111,76,60,245,208,12,127,66
ENSG00000151292.20,344,445,148,501,522,31,295,131
ENSG00000151304.7,86,38,19,266,194,11,212,60
ENSG00000151320.12,854,195,96,13333,6233,667,3753,1633
ENSG00000151322.20,18,49,26,11,24,6,12,9
ENSG00000151327.15,1012,695,316,2525,1512,273,602,619
ENSG00000151332.21,123,169,97,195,290,20,220,95
ENSG00000151338.22,47,72,41,109,146,8,67,45
ENSG00000151348.17,1516,895,471,1463,1552,143,690,426
ENSG00000151353.17,175,256,188,261,516,24,217,175
ENSG00000151360.10,0,2,2,3,1,0,1,0
ENSG00000151364.17,40,14,27,12,9,0,5,1
ENSG00000151365.3,10,35,3,39,215,0,886,4
ENSG00000151366.14,983,1034,427,1287,3082,386,1578,1228
ENSG00000151376.20,349,199,221,960,1247,111,762,665
ENSG00000151379.4,0,0,0,0,0,0,0,0
ENSG00000151388.11,105,84,75,86,172,11,143,35
ENSG00000151413.18,78,96,66,733,1093,83,699,330
ENSG00000151414.16,1318,743,234,8521,7334,375,3041,1295
ENSG00000151418.12,0,5,0,0,0,0,0,0
ENSG00000151422.15,267,211,95,637,475,25,352,137
ENSG00000151445.17,241,210,214,405,693,84,323,271
ENSG00000151458.13,160,246,59,515,611,41,334,99
ENSG00000151461.21,412,520,277,1332,1191,85,586,216
ENSG00000151465.15,589,362,231,1258,1433,105,629,525
ENSG00000151466.13,73,113,77,141,190,8,87,38
ENSG00000151468.12,117,96,141,422,689,83,377,251
ENSG00000151470.14,58,174,45,86,153,7,84,32
ENSG00000151474.23,2184,688,604,1586,1492,176,1143,481
ENSG00000151475.6,0,0,0,0,0,0,0,0
ENSG00000151490.16,2,21,26,28,26,1,11,4
ENSG00000151491.15,1220,1053,796,1051,1502,96,871,598
ENSG00000151498.13,280,180,153,1034,1617,105,751,583
ENSG00000151500.16,456,418,334,521,1077,74,541,481
ENSG00000151502.12,715,416,273,1426,1687,220,798,862
ENSG00000151503.15,122,49,89,579,346,28,261,107
ENSG00000151532.16,138,92,84,461,312,31,201,75
ENSG00000151552.14,377,430,187,1165,1647,133,839,848
ENSG00000151553.16,384,469,241,1162,1169,69,637,308
ENSG00000151572.19,8,0,0,4,19,0,13,2
ENSG00000151575.16,10,26,9,11,14,0,9,1
ENSG00000151576.11,216,118,83,331,261,21,147,89
ENSG00000151577.14,0,0,0,0,0,0,0,0
ENSG00000151611.18,98,107,51,276,308,17,218,83
ENSG00000151612.19,146,132,56,521,564,61,356,156
ENSG00000151615.3,0,0,0,0,0,0,0,0
ENSG00000151617.18,196,435,146,692,837,35,415,436
ENSG00000151623.16,81,292,39,997,885,92,621,154
ENSG00000151632.19,842,245,82,404,488,32,619,76
ENSG00000151640.14,42,381,38,490,1177,212,219,618
ENSG00000151650.9,21,3,12,36,53,2,46,3
ENSG00000151651.17,49,62,141,26,62,5,54,21
ENSG00000151655.20,0,288,0,0,2,0,2,4
ENSG00000151657.13,201,197,87,222,283,19,207,94
ENSG00000151665.14,242,250,125,126,238,4,526,55
ENSG00000151687.15,24,42,29,34,63,1,57,10
ENSG00000151689.14,465,666,290,909,574,41,342,263
ENSG00000151690.16,365,759,138,1559,1149,98,428,278
ENSG00000151692.16,278,595,184,618,1110,61,509,265
ENSG00000151693.12,541,720,237,480,811,35,467,196
ENSG00000151694.16,697,385,266,925,645,35,301,134
ENSG00000151702.19,465,1234,238,577,1294,112,557,358
ENSG00000151704.17,1,25,1,13,16,1,16,6
ENSG00000151715.9,0,11,4,1,1,0,0,4
ENSG00000151718.17,284,265,93,1977,1329,79,755,345
ENSG00000151725.13,13,17,67,37,44,3,48,15
ENSG00000151726.17,2791,1239,1405,7697,14839,1242,7803,3808
ENSG00000151729.12,7252,10958,1425,54136,81434,11013,37712,37135
ENSG00000151743.11,118,167,69,391,402,35,207,150
ENSG00000151746.16,279,139,57,220,219,22,119,36
ENSG00000151748.16,335,356,229,1182,1086,79,663,338
ENSG00000151773.14,24,52,18,73,159,14,69,31
ENSG00000151778.12,74,101,68,176,214,33,114,162
ENSG00000151779.15,413,406,217,1437,1741,185,888,636
ENSG00000151789.14,487,349,169,355,279,6,180,95
ENSG00000151790.10,0,138,0,1,1,0,0,0
ENSG00000151806.15,290,164,142,848,1049,97,690,292
ENSG00000151812.15,0,0,0,0,2,0,2,0
ENSG00000151834.17,0,5,11,2,8,0,0,1
ENSG00000151835.17,408,171,88,2165,591,44,594,258
ENSG00000151838.12,0,0,0,0,1,0,1,0
ENSG00000151846.9,0,0,1,1,0,0,0,0
ENSG00000151849.17,103,82,112,244,189,15,130,55
ENSG00000151876.14,69,74,61,107,126,5,105,23
ENSG00000151881.16,90,111,52,170,197,5,103,53
ENSG00000151882.11,6,10,20,15,16,1,21,3
ENSG00000151883.21,96,201,102,160,274,17,140,49
ENSG00000151892.17,210,736,726,181,569,24,255,221
ENSG00000151893.16,617,537,293,1535,1269,80,623,358
ENSG00000151914.22,3584,2008,1238,22004,12616,1115,9681,4725
ENSG00000151917.19,42,18,9,23,16,2,14,7
ENSG00000151923.19,1116,822,676,1722,1816,143,1027,542
ENSG00000151929.11,3686,677,264,5015,4098,1133,2845,2706
ENSG00000151948.13,12,10,43,28,20,1,2,9
ENSG00000151952.16,0,0,0,1,0,0,0,0
ENSG00000151962.8,0,0,0,1,0,0,2,0
ENSG00000151967.19,1693,601,170,4435,3919,262,1891,1279
ENSG00000152034.12,1,0,0,0,0,0,0,0
ENSG00000152049.7,115,256,84,269,142,19,79,126
ENSG00000152056.19,10,13,2,10,10,0,1,1
ENSG00000152061.24,538,851,323,4619,4083,425,1501,1703
ENSG00000152076.20,8,9,2,0,3,0,10,5
ENSG00000152078.11,346,295,145,2462,2253,117,1186,472
ENSG00000152082.16,914,2167,684,373,1864,854,1755,3939
ENSG00000152086.9,0,0,6,274,64,75,60,167
ENSG00000152092.18,18,20,14,36,164,16,32,29
ENSG00000152093.8,0,0,0,0,0,0,2,0
ENSG00000152102.19,1543,834,562,5645,4511,388,2357,1763
ENSG00000152104.12,576,352,160,1938,1026,152,748,438
ENSG00000152127.10,1128,638,359,5806,3612,323,2647,1575
ENSG00000152128.14,7,37,0,19,58,4,16,7
ENSG00000152133.18,173,154,58,302,379,32,222,96
ENSG00000152137.8,8098,4571,630,24489,22158,2465,11235,9372
ENSG00000152147.12,198,135,85,204,218,18,89,84
ENSG00000152154.13,16,223,83,40,101,8,88,30
ENSG00000152192.8,1,0,2,0,1,0,0,0
ENSG00000152193.9,146,155,82,420,422,43,217,105
ENSG00000152207.9,156,548,201,204,534,21,440,176
ENSG00000152208.13,5,1,1,4,6,1,10,0
ENSG00000152213.5,7,16,27,19,19,3,6,1
ENSG00000152214.15,0,0,0,0,0,0,0,0
ENSG00000152217.21,149,176,122,323,271,23,167,55
ENSG00000152219.7,363,373,209,911,1078,88,771,392
ENSG00000152223.17,261,299,167,1561,1158,103,719,412
ENSG00000152229.19,16,27,181,110,101,4,70,28
ENSG00000152234.17,5470,7241,1955,57298,64816,6289,33548,28472
ENSG00000152240.14,135,146,94,108,182,10,98,51
ENSG00000152242.12,378,410,116,1458,1471,138,856,391
ENSG00000152253.10,2,0,4,4,0,0,1,0
ENSG00000152254.11,0,0,0,0,0,0,0,0
ENSG00000152256.15,160,252,82,1978,2071,128,1304,465
ENSG00000152266.7,0,0,0,0,0,0,0,0
ENSG00000152270.11,68,42,58,460,453,22,442,135
ENSG00000152284.6,440,416,305,448,602,57,288,214
ENSG00000152291.16,1112,873,213,849,4030,334,169,0
ENSG00000152292.19,2,1,5,0,6,0,3,1
ENSG00000152315.6,24,12,3,6,29,1,8,3
ENSG00000152332.17,741,816,313,2457,1522,74,1109,301
ENSG00000152348.17,64,93,43,142,195,17,113,88
ENSG00000152359.16,68,154,83,67,115,8,65,14
ENSG00000152377.15,1513,716,743,281,989,233,685,316
ENSG00000152380.11,16,7,5,15,23,1,8,17
ENSG00000152382.7,87,76,73,232,346,17,209,89
ENSG00000152402.11,232,533,168,978,734,35,341,160
ENSG00000152404.17,118,313,100,334,394,28,189,80
ENSG00000152409.11,149,354,139,877,846,75,551,250
ENSG00000152413.16,273,163,18,1299,1576,133,796,315
ENSG00000152422.17,330,65,48,200,189,42,77,38
ENSG00000152430.20,0,0,0,2,0,0,0,0
ENSG00000152433.16,28,107,63,112,123,7,96,86
ENSG00000152439.13,45,49,51,146,119,7,77,41
ENSG00000152443.13,91,84,81,507,641,49,412,160
ENSG00000152454.4,88,68,70,237,295,21,215,86
ENSG00000152455.17,86,37,24,102,84,10,57,27
ENSG00000152457.20,194,166,116,193,159,1,139,48
ENSG00000152463.16,1,3,23,1,1,0,0,0
ENSG00000152464.16,119,49,91,200,190,24,164,90
ENSG00000152465.19,195,298,128,308,559,54,268,210
ENSG00000152467.10,0,1,0,0,1,1,4,1
ENSG00000152475.8,1,6,1,3,7,4,2,6
ENSG00000152484.15,804,649,245,1975,1051,51,684,300
ENSG00000152492.16,1306,1505,511,2430,2320,187,1304,656
ENSG00000152495.12,3,16,3,13,37,1,15,6
ENSG00000152503.11,6,6,4,6,9,0,20,4
ENSG00000152518.9,2419,6543,1664,1833,2834,280,1630,985
ENSG00000152520.15,390,550,337,400,605,24,374,104
ENSG00000152527.15,86,115,110,53,167,3,84,26
ENSG00000152556.18,962,972,329,32296,34344,3475,15482,12757
ENSG00000152558.16,1276,1703,615,2612,2979,161,1439,578
ENSG00000152578.16,0,0,0,1,2,0,8,1
ENSG00000152580.10,102,436,28,113,1249,69,583,261
ENSG00000152582.15,47,72,43,25,90,7,102,34
ENSG00000152583.14,26811,20734,19436,17066,29273,2643,12133,4835
ENSG00000152591.15,0,0,0,1,0,0,0,0
ENSG00000152592.15,0,0,3,2,0,0,0,3
ENSG00000152595.17,0,0,0,0,0,0,0,0
ENSG00000152601.19,2617,1898,1205,8221,5303,323,3288,1493
ENSG00000152611.13,4,9,0,0,0,0,3,0
ENSG00000152620.14,302,396,133,896,1276,60,737,367
ENSG00000152642.12,483,1178,410,8752,9330,1767,4502,2042
ENSG00000152661.10,1597,2653,260,4669,14557,963,4603,1499
ENSG00000152669.9,2,1,0,0,0,0,0,0
ENSG00000152670.19,0,0,0,0,0,0,0,0
ENSG00000152672.8,4,58,13,7,21,0,37,9
ENSG00000152683.15,305,265,122,614,571,27,331,119
ENSG00000152684.12,439,600,153,612,728,72,363,331
ENSG00000152689.20,571,658,69,1600,2005,157,1265,556
ENSG00000152700.15,816,420,304,2448,2590,175,1268,921
ENSG00000152705.8,12,10,8,15,14,0,7,4
ENSG00000152749.9,253,151,55,264,339,8,279,85
ENSG00000152760.11,111,167,75,150,95,4,56,10
ENSG00000152763.18,27,40,16,47,69,7,55,20
ENSG00000152766.7,0,10,28,37,0,0,3,1
ENSG00000152767.18,716,413,433,1127,734,111,333,237
ENSG00000152778.10,366,432,197,575,589,44,221,122
ENSG00000152779.15,280,164,99,255,344,20,144,128
ENSG00000152782.20,61,124,28,364,652,37,335,343
ENSG00000152784.17,78,24,42,61,42,6,40,19
ENSG00000152785.9,0,1,0,1,9,0,8,1
ENSG00000152795.19,4110,3423,2601,4146,5062,368,4347,2097
ENSG00000152804.12,82,205,57,34,158,10,76,45
ENSG00000152818.20,833,1516,415,4908,2945,287,1888,672
ENSG00000152822.15,5,5,3,100,345,23,292,107
ENSG00000152894.16,505,698,171,1424,1283,111,227,188
ENSG00000152904.12,501,632,277,1010,919,62,467,245
ENSG00000152910.20,0,3,0,0,4,0,5,0
ENSG00000152926.18,200,258,144,230,715,5,786,88
ENSG00000152932.8,9,5,11,10,27,0,15,1
ENSG00000152936.11,5,0,1,0,0,0,0,0
ENSG00000152939.18,0,0,0,25,22,0,6,23
ENSG00000152942.20,233,252,130,161,92,48,46,14
ENSG00000152944.10,396,420,172,1060,969,63,532,253
ENSG00000152952.15,984,369,171,499,700,40,734,191
ENSG00000152953.14,93,21,28,24,23,2,11,11
ENSG00000152954.13,0,0,0,0,0,0,1,0
ENSG00000152969.21,2,6,0,0,0,0,0,1
ENSG00000152977.10,0,2,0,0,0,0,0,0
ENSG00000152990.15,229,163,107,1069,1295,67,780,452
ENSG00000153002.13,0,3,1,8,7,0,0,2
ENSG00000153006.17,319,412,274,514,472,21,301,84
ENSG00000153012.13,175,8,54,317,183,21,91,41
ENSG00000153015.17,398,388,161,844,985,113,536,143
ENSG00000153029.17,137,180,127,221,245,13,151,50
ENSG00000153037.16,744,355,281,673,817,64,474,282
ENSG00000153044.11,12,27,35,45,93,9,48,21
ENSG00000153046.19,163,124,95,707,542,69,345,156
ENSG00000153048.12,1040,1158,989,544,707,71,313,345
ENSG00000153060.8,0,2,0,1,2,0,0,0
ENSG00000153064.12,4,5,9,5,18,0,14,1
ENSG00000153066.14,495,354,251,854,808,95,385,352
ENSG00000153071.16,1048,1190,925,925,1803,124,901,211
ENSG00000153086.15,0,28,7,0,0,0,0,2
ENSG00000153093.22,0,1,2,0,0,0,1,4
ENSG00000153094.26,67,209,99,166,378,22,157,90
ENSG00000153107.14,510,390,330,1205,1037,79,593,293
ENSG00000153130.19,643,706,384,2043,2856,127,1588,658
ENSG00000153132.14,121,220,47,4177,4482,410,3495,834
ENSG00000153140.10,264,262,127,212,501,28,313,139
ENSG00000153147.7,753,1129,344,2738,2251,230,1607,749
ENSG00000153157.14,16,113,10,20,61,2,56,9
ENSG00000153162.10,68,177,36,53,191,31,63,62
ENSG00000153165.19,18,0,5,6,14,1,1,1
ENSG00000153179.16,573,1097,273,4628,3687,175,1503,898
ENSG00000153187.22,5189,4672,2685,7912,7539,936,6133,2485
ENSG00000153201.18,1029,1156,398,4406,2703,331,2023,872
ENSG00000153207.17,535,510,262,2098,1265,89,1046,310
ENSG00000153208.20,111,75,83,324,210,13,114,106
ENSG00000153214.12,383,281,152,468,394,17,190,70
ENSG00000153230.4,0,0,0,0,0,0,0,0
ENSG00000153233.13,2,46,0,31,26,4,20,4
ENSG00000153234.17,120,2927,48,70,333,15,256,167
ENSG00000153237.20,2,13,3,2,10,0,5,0
ENSG00000153246.14,97,136,73,205,225,8,202,66
ENSG00000153250.22,2271,1822,1302,2966,2193,171,1305,767
ENSG00000153253.20,24,50,75,154,129,3,100,79
ENSG00000153266.14,0,0,0,0,0,0,0,0
ENSG00000153283.15,3,55,6,14,41,1,23,2
ENSG00000153291.16,176,214,282,148,436,6,287,95
ENSG00000153292.17,0,21,3,1,1,0,0,0
ENSG00000153294.13,1,14,0,16,6,0,16,0
ENSG00000153303.18,0,3,0,1,8,1,12,2
ENSG00000153310.23,344,154,204,1240,673,73,416,264
ENSG00000153317.16,740,625,299,1503,1289,80,944,271
ENSG00000153339.16,272,281,118,1370,1244,108,865,341
ENSG00000153347.10,9,21,29,101,81,5,26,2
ENSG00000153391.17,189,201,97,317,457,36,238,264
ENSG00000153395.12,4,143,0,3,11,62,38,157
ENSG00000153404.16,0,11,1,1,6,0,4,12
ENSG00000153406.15,131,197,322,132,417,26,158,213
ENSG00000153443.14,294,250,355,224,478,102,255,492
ENSG00000153446.17,7,80,6,76,108,7,56,43
ENSG00000153485.7,171,193,92,305,392,34,159,126
ENSG00000153487.14,204,262,133,214,308,33,169,144
ENSG00000153495.12,7,7,13,3,12,0,4,2
ENSG00000153498.12,0,0,0,0,0,0,0,0
ENSG00000153531.15,1000,1556,272,9436,12752,3091,9055,6153
ENSG00000153551.15,183,106,163,110,108,15,90,31
ENSG00000153558.18,29,22,35,34,72,5,37,24
ENSG00000153560.13,880,720,423,2151,2377,187,1314,534
ENSG00000153561.14,940,859,371,4183,5692,333,2420,1556
ENSG00000153563.17,8,98,11,32,63,5,19,14
ENSG00000153574.10,423,436,175,441,547,32,307,311
ENSG00000153684.16,0,0,0,2,0,0,0,0
ENSG00000153707.21,79,155,42,1035,273,18,205,74
ENSG00000153714.6,53,246,54,71,175,10,119,30
ENSG00000153721.20,153,141,87,859,780,61,351,216
ENSG00000153767.11,75,111,71,232,296,24,154,91
ENSG00000153774.10,924,820,382,618,888,94,511,317
ENSG00000153779.11,0,0,0,0,0,0,0,0
ENSG00000153786.14,748,332,464,1823,1723,199,926,860
ENSG00000153789.14,3,6,0,0,0,0,0,0
ENSG00000153790.12,39,57,44,86,52,5,39,20
ENSG00000153802.12,0,0,0,0,0,0,0,0
ENSG00000153814.14,315,341,244,1202,1080,92,420,283
ENSG00000153815.18,280,131,209,583,405,69,224,159
ENSG00000153820.13,67,103,61,3623,6290,485,4155,1678
ENSG00000153822.16,0,46,2,0,1,0,3,0
ENSG00000153823.20,749,464,688,281,569,43,338,192
ENSG00000153827.16,1480,1339,861,5334,4055,443,2387,1145
ENSG00000153832.13,10,36,16,23,65,2,28,14
ENSG00000153879.10,1158,705,476,1071,852,76,577,270
ENSG00000153885.16,976,167,350,227,466,32,228,228
ENSG00000153896.19,75,47,68,87,159,8,87,60
ENSG00000153898.14,1,10,17,9,14,0,4,1
ENSG00000153902.15,166,195,692,132,503,34,306,113
ENSG00000153904.22,1488,230,140,553,447,72,195,98
ENSG00000153914.17,631,826,442,1568,1338,54,1086,128
ENSG00000153922.13,437,714,206,732,617,34,512,168
ENSG00000153930.13,0,11,4,0,1,0,0,0
ENSG00000153933.11,205,350,91,252,312,8,244,61
ENSG00000153936.18,261,235,105,652,722,35,330,174
ENSG00000153944.13,629,391,236,2580,2840,251,1829,942
ENSG00000153956.18,469,388,132,2711,2193,148,1252,433
ENSG00000153975.11,95,95,39,101,101,9,82,51
ENSG00000153976.3,39,0,7,62,23,4,25,30
ENSG00000153982.11,12,32,6,38,79,3,43,18
ENSG00000153989.9,947,558,287,1302,991,49,583,252
ENSG00000153993.15,15,23,12,70,98,0,19,18
ENSG00000154001.15,566,499,180,1654,1186,139,869,274
ENSG00000154007.7,0,0,0,0,0,0,0,0
ENSG00000154016.15,192,298,101,72,152,12,70,59
ENSG00000154025.17,0,0,4,0,6,0,18,6
ENSG00000154027.19,9,22,4,7,40,4,16,6
ENSG00000154040.22,5,3,5,9,7,1,0,5
ENSG00000154059.12,178,185,84,550,730,52,444,165
ENSG00000154065.18,56,298,72,142,311,17,281,117
ENSG00000154079.6,78,169,57,197,558,56,329,305
ENSG00000154080.15,14,46,22,435,172,3,167,26
ENSG00000154096.15,65,92,22,106,566,15,100,44
ENSG00000154099.19,5,36,6,1,4,1,27,2
ENSG00000154102.11,15,28,4,12,30,2,18,17
ENSG00000154114.14,167,302,154,630,863,60,471,210
ENSG00000154118.13,0,2,3,0,5,0,0,0
ENSG00000154122.15,2307,664,674,5198,4638,624,2286,2308
ENSG00000154124.8,494,377,279,1363,970,77,558,415
ENSG00000154127.10,255,26,23,176,65,4,8,3
ENSG00000154133.16,958,1496,1044,1086,1841,174,596,578
ENSG00000154134.15,233,134,201,46,170,10,94,33
ENSG00000154143.3,0,0,0,0,0,0,0,0
ENSG00000154144.14,642,522,531,1010,1017,53,723,278
ENSG00000154146.14,69,161,126,70,130,28,67,82
ENSG00000154153.15,582,1183,299,4891,5234,377,2786,1410
ENSG00000154162.16,0,0,0,0,0,0,0,3
ENSG00000154165.5,0,0,0,2,3,0,1,0
ENSG00000154174.9,898,634,300,2860,2993,380,2129,1016
ENSG00000154175.20,927,568,326,619,1320,78,1349,206
ENSG00000154188.11,54,107,53,96,211,14,193,30
ENSG00000154217.16,403,570,160,677,770,53,275,370
ENSG00000154222.16,399,279,296,879,715,93,393,298
ENSG00000154227.14,0,0,0,2,0,0,4,0
ENSG00000154229.13,682,153,113,966,706,101,350,260
ENSG00000154237.13,346,98,257,198,201,23,147,78
ENSG00000154240.19,186,369,170,773,610,41,260,153
ENSG00000154252.12,0,0,0,0,2,0,3,0
ENSG00000154258.17,962,1500,3281,351,1382,80,1369,292
ENSG00000154262.14,1492,1308,2668,531,1375,49,1365,221
ENSG00000154263.18,426,496,755,63,431,2,405,91
ENSG00000154265.17,224,282,251,581,839,31,703,206
ENSG00000154269.16,3,9,8,8,14,0,2,4
ENSG00000154274.16,1,9,1,15,8,0,11,3
ENSG00000154277.14,489,92,84,211,167,16,86,68
ENSG00000154305.19,706,347,263,2234,1741,246,1467,587
ENSG00000154309.10,214,242,87,192,364,33,253,125
ENSG00000154310.18,290,150,47,796,1121,111,704,274
ENSG00000154319.17,2,10,1,21,6,1,7,0
ENSG00000154328.17,170,0,97,0,58,14,32,23
ENSG00000154330.14,1085,1612,312,7664,6067,1198,2632,2046
ENSG00000154342.7,0,7,0,0,0,0,0,0
ENSG00000154358.23,2983,1831,1644,13491,17169,3233,7883,9293
ENSG00000154359.14,18,6,13,230,75,10,172,57
ENSG00000154370.17,215,190,211,224,270,37,120,127
ENSG00000154380.20,2413,1233,261,3519,2929,274,1904,661
ENSG00000154415.8,103,286,26,3856,4143,389,2927,893
ENSG00000154429.11,55,57,68,158,158,12,106,31
ENSG00000154438.8,0,0,0,0,0,0,0,0
ENSG00000154447.16,212,310,154,1223,438,20,226,145
ENSG00000154451.16,9,81,29,35,81,1,40,13
ENSG00000154473.19,658,675,342,895,955,65,534,248
ENSG00000154478.4,0,0,0,0,2,0,0,0
ENSG00000154479.13,3,8,1,0,6,0,1,0
ENSG00000154485.6,1,1,3,2,8,1,18,1
ENSG00000154493.20,0,0,0,2,0,0,0,3
ENSG00000154511.13,127,81,34,260,243,29,177,119
ENSG00000154518.11,2864,3459,758,15888,22357,2870,11183,11757
ENSG00000154529.16,48,246,161,298,203,13,240,22
ENSG00000154545.18,0,0,0,21,23,6,5,18
ENSG00000154548.10,69,7,12,36,6,0,8,4
ENSG00000154553.17,2623,687,566,12354,7578,495,2471,1427
ENSG00000154556.21,2251,1113,886,36362,30317,3626,18098,9839
ENSG00000154582.19,1009,751,318,1939,2075,301,1221,1162
ENSG00000154589.8,161,137,139,96,57,1,25,9
ENSG00000154611.15,2,5,0,0,2,0,4,0
ENSG00000154620.6,0,10,9,24,33,2,18,4
ENSG00000154639.20,145,146,17,2261,989,48,539,160
ENSG00000154640.16,377,551,239,131,217,5,130,106
ENSG00000154642.12,174,340,87,409,388,19,204,62
ENSG00000154645.14,5,25,2,11,70,2,20,11
ENSG00000154646.9,0,0,0,0,0,0,0,0
ENSG00000154654.15,63,219,71,97,142,16,134,68
ENSG00000154655.17,4,38,8,85,56,4,23,10
ENSG00000154678.19,407,619,217,12058,8030,713,5747,2045
ENSG00000154710.19,392,331,239,971,877,91,464,327
ENSG00000154719.15,290,319,104,847,1495,114,822,472
ENSG00000154721.16,687,2137,267,1371,2712,192,1674,727
ENSG00000154723.14,3046,3601,953,9110,13224,1572,9169,6447
ENSG00000154727.12,402,646,182,790,1154,57,666,262
ENSG00000154734.17,4579,5040,858,2224,1920,246,2860,1126
ENSG00000154736.7,390,284,995,399,312,10,120,123
ENSG00000154743.20,152,91,75,324,400,33,252,182
ENSG00000154760.15,72,124,88,80,133,6,52,31
ENSG00000154764.6,0,10,0,4,1,0,0,0
ENSG00000154767.17,331,362,353,591,694,66,356,194
ENSG00000154781.17,256,288,214,449,445,50,248,112
ENSG00000154783.13,678,538,324,640,1100,81,372,382
ENSG00000154803.14,570,287,295,714,1266,78,698,385
ENSG00000154813.11,585,407,248,1401,959,79,502,259
ENSG00000154814.15,162,163,57,531,565,46,368,264
ENSG00000154822.19,270,386,234,3393,1822,148,1061,708
ENSG00000154832.17,536,287,576,471,735,67,447,410
ENSG00000154839.11,0,9,31,13,14,2,0,0
ENSG00000154845.17,692,640,340,2511,1520,113,971,601
ENSG00000154856.13,417,1264,1005,519,1537,217,843,579
ENSG00000154864.14,6,13,4,2,18,1,5,5
ENSG00000154889.18,201,269,171,526,776,57,401,314
ENSG00000154914.18,3,1,0,4,4,0,0,0
ENSG00000154917.12,283,223,148,2120,1498,242,869,910
ENSG00000154920.16,8,1,17,14,16,5,4,6
ENSG00000154928.20,2,2,3,17,43,4,21,10
ENSG00000154930.16,1012,1621,704,4198,9034,664,2664,3722
ENSG00000154945.8,891,767,391,3882,2561,164,1283,904
ENSG00000154957.14,140,105,201,169,216,16,93,72
ENSG00000154975.15,0,8,0,0,1,0,0,0
ENSG00000154978.14,1234,608,336,1253,1021,117,443,322
ENSG00000154997.9,0,1,2,4,10,0,0,0
ENSG00000155008.17,190,149,84,1662,1787,163,1012,351
ENSG00000155011.10,10,13,3,62,55,0,20,18
ENSG00000155016.19,80,163,81,470,529,27,340,135
ENSG00000155026.18,3,0,0,3,3,0,33,0
ENSG00000155034.22,146,93,109,208,388,63,181,205
ENSG00000155052.15,0,0,0,1,1,0,1,0
ENSG00000155066.17,31,36,41,20,45,3,37,13
ENSG00000155085.16,76,88,33,436,278,27,164,72
ENSG00000155087.4,0,0,0,0,0,0,0,0
ENSG00000155090.16,1153,1190,391,1093,1159,110,817,588
ENSG00000155093.20,97,244,67,99,196,18,121,80
ENSG00000155096.15,902,1107,333,2231,2464,222,1170,603
ENSG00000155097.13,541,584,340,1274,1468,82,671,469
ENSG00000155099.9,202,285,165,650,847,74,470,223
ENSG00000155100.12,90,107,37,309,376,23,274,70
ENSG00000155111.16,118,209,124,336,472,29,288,108
ENSG00000155115.8,844,558,374,1412,1859,259,878,898
ENSG00000155158.21,159,185,83,134,172,8,103,35
ENSG00000155189.13,285,90,64,278,204,15,72,47
ENSG00000155229.22,836,443,429,1179,1503,194,726,669
ENSG00000155249.5,0,0,0,0,0,0,0,0
ENSG00000155252.15,658,225,203,1041,789,132,395,343
ENSG00000155254.13,900,324,534,373,506,57,211,170
ENSG00000155256.19,495,292,416,469,562,41,280,226
ENSG00000155265.13,13,3,15,5,29,1,7,8
ENSG00000155269.12,0,0,0,0,0,0,0,0
ENSG00000155275.20,75,66,41,140,122,24,95,71
ENSG00000155287.13,797,600,893,985,800,93,479,525
ENSG00000155304.7,373,287,117,842,670,46,434,192
ENSG00000155307.20,24,34,96,75,33,3,24,5
ENSG00000155313.17,429,449,165,2377,1794,141,1012,515
ENSG00000155324.11,345,316,181,784,584,48,505,165
ENSG00000155329.13,225,300,87,384,418,26,287,144
ENSG00000155330.10,98,60,23,316,377,27,176,80
ENSG00000155363.20,656,585,938,594,648,60,646,237
ENSG00000155366.18,7651,6789,2664,4183,5206,709,1846,3197
ENSG00000155367.17,89,57,47,213,280,37,184,215
ENSG00000155368.19,1808,2377,1058,5329,6928,859,4361,3967
ENSG00000155380.14,746,1065,165,9417,5672,459,2394,661
ENSG00000155393.15,195,173,126,425,357,36,262,96
ENSG00000155428.13,1,10,21,1,3,0,0,6
ENSG00000155438.13,641,284,249,553,476,43,294,127
ENSG00000155463.15,1089,1119,889,3613,6237,752,3097,3432
ENSG00000155465.22,54,101,112,156,116,16,49,28
ENSG00000155495.9,0,0,0,0,0,0,0,0
ENSG00000155506.20,1654,666,779,8283,5895,811,3520,2037
ENSG00000155508.15,723,883,400,814,1084,58,548,318
ENSG00000155511.19,10,3,1,24,15,0,12,6
ENSG00000155530.4,6,6,4,5,4,0,2,0
ENSG00000155542.13,74,54,17,239,392,42,199,154
ENSG00000155545.21,167,265,94,534,496,29,430,95
ENSG00000155561.16,403,269,203,884,568,56,439,183
ENSG00000155592.17,55,57,32,261,188,22,114,71
ENSG00000155621.16,92,120,46,102,231,17,134,74
ENSG00000155622.8,0,2,0,0,0,0,0,0
ENSG00000155629.16,15,72,71,232,260,23,147,22
ENSG00000155636.17,131,126,94,149,211,19,205,39
ENSG00000155657.29,27699,12831,3792,381899,174000,17983,128069,62575
ENSG00000155659.16,148,25,579,508,473,107,224,72
ENSG00000155660.12,3389,482,446,1252,1192,159,623,518
ENSG00000155666.13,33,77,42,64,98,12,62,50
ENSG00000155714.14,0,1,1,0,0,0,4,0
ENSG00000155719.18,4,3,12,4,9,4,9,0
ENSG00000155729.14,109,93,82,348,456,41,262,134
ENSG00000155744.11,215,274,136,476,568,20,553,130
ENSG00000155749.13,25,15,19,68,89,7,54,16
ENSG00000155754.16,10,14,12,36,98,0,47,9
ENSG00000155755.20,216,186,94,493,627,42,353,201
ENSG00000155760.3,195,257,122,536,1156,89,380,251
ENSG00000155761.14,5,16,0,0,2,0,1,0
ENSG00000155792.11,84,258,96,323,303,14,174,63
ENSG00000155816.21,1,6,2,2,1,0,0,2
ENSG00000155827.13,333,500,226,1586,1583,223,646,351
ENSG00000155833.15,0,0,0,0,0,0,0,0
ENSG00000155846.18,142,163,87,573,1434,118,832,289
ENSG00000155849.17,297,333,276,430,589,49,214,203
ENSG00000155850.10,429,222,193,1121,300,31,159,107
ENSG00000155858.6,77,69,45,209,143,8,64,33
ENSG00000155868.9,137,160,100,254,265,21,215,85
ENSG00000155875.15,2,0,1,0,4,0,4,0
ENSG00000155876.6,951,811,478,2002,1866,289,1049,996
ENSG00000155886.13,5,0,0,3,9,0,0,3
ENSG00000155890.4,0,0,0,0,0,0,0,0
ENSG00000155893.14,392,115,82,978,396,48,245,115
ENSG00000155897.11,0,0,0,0,2,0,0,0
ENSG00000155903.15,230,260,97,280,276,8,255,87
ENSG00000155906.21,167,170,102,273,534,69,284,193
ENSG00000155918.8,0,0,0,1,0,0,0,0
ENSG00000155926.15,112,82,328,444,118,8,72,32
ENSG00000155957.19,1017,852,509,1145,1576,158,870,386
ENSG00000155959.13,694,595,247,1459,2082,114,1079,543
ENSG00000155961.5,8,9,7,7,10,0,7,0
ENSG00000155962.14,717,761,176,367,486,11,211,121
ENSG00000155966.14,2,9,7,4,17,0,13,1
ENSG00000155970.14,48,64,27,169,307,9,229,46
ENSG00000155974.15,1,0,1,16,47,9,23,4
ENSG00000155975.11,528,393,212,1896,1829,151,1025,527
ENSG00000155980.14,8,3,11,12,20,1,4,3
ENSG00000156006.6,0,17,2,0,3,0,0,2
ENSG00000156009.10,0,0,0,0,0,0,0,1
ENSG00000156011.19,612,321,143,1925,3763,146,2336,1889
ENSG00000156017.14,110,119,33,373,381,14,216,83
ENSG00000156026.16,223,168,125,631,556,59,290,158
ENSG00000156030.15,265,305,184,690,940,111,530,312
ENSG00000156042.19,20,86,92,73,123,1,144,42
ENSG00000156049.7,50,92,32,74,64,11,80,8
ENSG00000156050.10,61,65,29,174,208,29,166,95
ENSG00000156052.12,859,1490,421,785,1079,59,697,200
ENSG00000156076.11,12,9,0,0,4,0,46,2
ENSG00000156096.16,58,209,95,0,1744,46,992,479
ENSG00000156097.13,0,0,0,1,11,0,2,2
ENSG00000156103.16,95,151,26,68,252,5,134,39
ENSG00000156110.16,198,192,62,681,934,118,518,300
ENSG00000156113.25,18,19,80,53,103,11,66,22
ENSG00000156127.8,18,13,39,24,7,0,4,0
ENSG00000156136.11,73,148,96,222,390,11,212,52
ENSG00000156140.11,28,17,15,28,43,3,24,8
ENSG00000156150.9,0,0,1,1,0,1,0,10
ENSG00000156162.17,224,251,101,1059,1421,59,691,254
ENSG00000156170.15,145,157,38,547,713,54,294,273
ENSG00000156171.16,404,507,384,846,1004,96,718,287
ENSG00000156172.7,21,28,19,70,163,4,90,34
ENSG00000156194.19,1,3,0,1,3,0,0,0
ENSG00000156206.14,4,4,3,14,13,0,5,3
ENSG00000156218.14,279,350,208,585,963,61,471,361
ENSG00000156219.19,348,418,137,2500,3505,271,2624,666
ENSG00000156222.13,1,40,10,25,36,4,10,41
ENSG00000156232.8,217,137,139,593,433,39,256,197
ENSG00000156234.8,0,3,0,1,2,0,0,0
ENSG00000156239.13,174,176,85,399,669,49,513,301
ENSG00000156253.8,223,178,141,366,589,88,339,190
ENSG00000156256.16,511,480,267,1663,1522,65,877,330
ENSG00000156261.14,2007,899,555,3724,3531,412,1853,1260
ENSG00000156265.18,260,61,16,172,78,3,30,26
ENSG00000156269.5,0,0,0,0,0,0,0,0
ENSG00000156273.17,336,260,164,574,658,39,222,131
ENSG00000156282.5,0,0,0,0,0,0,0,0
ENSG00000156284.6,0,3,0,0,0,0,0,0
ENSG00000156298.14,478,1439,212,620,1352,99,575,268
ENSG00000156299.16,151,111,62,99,123,2,84,30
ENSG00000156304.16,355,193,190,769,604,97,530,303
ENSG00000156313.15,306,158,279,418,211,13,118,30
ENSG00000156345.19,75,41,37,42,106,6,45,21
ENSG00000156374.17,82,92,67,201,287,13,148,69
ENSG00000156381.10,389,456,306,1841,2953,563,1627,2890
ENSG00000156384.15,73,62,70,80,163,16,78,44
ENSG00000156395.14,1,6,2,6,12,0,9,10
ENSG00000156398.14,68,44,55,89,96,11,56,11
ENSG00000156411.11,1889,2688,1080,4228,7784,635,4100,4565
ENSG00000156413.16,1,5,0,0,0,0,1,0
ENSG00000156414.21,16,5,36,46,55,3,23,17
ENSG00000156427.9,89,91,64,593,704,93,206,153
ENSG00000156453.14,1012,434,334,1161,801,88,317,495
ENSG00000156463.19,751,4895,1106,4544,11592,1626,4849,4400
ENSG00000156466.11,41,7,8,8,49,10,15,15
ENSG00000156467.11,6586,6833,4186,19579,32213,2834,21264,17948
ENSG00000156469.10,340,233,175,630,818,53,561,342
ENSG00000156471.14,927,800,306,5132,8308,923,5521,2054
ENSG00000156475.20,1,11,12,18,20,2,8,4
ENSG00000156482.12,7871,10160,7845,8410,11673,1323,6108,6031
ENSG00000156486.8,20,1,6,6,1,0,0,1
ENSG00000156500.17,65,115,31,147,105,5,57,41
ENSG00000156502.15,284,394,314,750,1042,113,692,506
ENSG00000156504.18,410,470,317,569,652,36,347,140
ENSG00000156508.21,62375,87992,85875,48078,72989,5428,24163,18590
ENSG00000156509.14,0,2,3,1,2,0,0,0
ENSG00000156510.14,0,3,1,6,0,0,0,1
ENSG00000156515.26,2139,1009,891,14199,6688,2048,5582,3885
ENSG00000156521.15,121,169,180,104,276,25,131,124
ENSG00000156531.19,213,176,90,379,453,37,289,127
ENSG00000156535.15,175,284,112,734,744,82,393,177
ENSG00000156564.10,0,0,0,0,0,0,0,0
ENSG00000156574.10,0,0,0,2,1,0,1,2
ENSG00000156575.2,0,0,0,0,1,0,0,0
ENSG00000156587.16,760,903,445,794,744,42,306,233
ENSG00000156599.13,1337,790,505,3242,2202,256,1189,959
ENSG00000156603.21,159,157,86,123,148,30,132,108
ENSG00000156639.13,839,300,357,2969,2251,452,1162,1142
ENSG00000156642.18,985,1139,432,5034,3910,346,2372,1452
ENSG00000156650.15,264,349,122,1353,1279,93,824,248
ENSG00000156671.16,529,573,243,2081,1483,61,791,271
ENSG00000156675.17,202,275,147,1617,996,55,664,261
ENSG00000156687.11,0,5,0,2,1,1,0,0
ENSG00000156689.7,6,34,3,5,7,0,5,1
ENSG00000156697.14,253,174,136,356,336,60,172,116
ENSG00000156709.16,470,496,153,4271,4534,702,2619,2275
ENSG00000156711.18,63,50,55,32,60,6,8,10
ENSG00000156735.12,186,180,85,326,398,29,170,93
ENSG00000156738.19,0,17,16,2,29,1,10,0
ENSG00000156787.18,36,36,42,66,153,20,84,51
ENSG00000156795.9,176,147,99,429,557,30,348,385
ENSG00000156802.14,43,93,72,697,842,33,436,272
ENSG00000156804.8,230,550,311,4989,8009,908,1911,1198
ENSG00000156831.10,158,245,143,577,496,53,217,242
ENSG00000156853.14,92,60,64,218,258,32,128,141
ENSG00000156858.13,436,353,554,329,565,63,330,248
ENSG00000156860.16,781,450,626,908,1413,168,737,625
ENSG00000156869.15,148,145,89,162,196,12,74,21
ENSG00000156873.17,351,227,369,295,409,49,212,175
ENSG00000156875.15,403,522,161,799,751,44,540,212
ENSG00000156876.10,29,44,20,95,106,4,57,12
ENSG00000156885.7,3584,15030,1644,2678,14362,2918,7166,16181
ENSG00000156886.12,2,2,0,0,5,0,4,2
ENSG00000156920.11,0,0,0,0,0,0,12,0
ENSG00000156925.13,0,0,0,0,1,0,0,0
ENSG00000156928.6,363,355,130,656,1002,138,648,665
ENSG00000156931.18,446,433,313,2217,1857,137,899,719
ENSG00000156958.16,189,174,63,499,696,82,319,294
ENSG00000156959.10,0,0,0,0,0,0,0,0
ENSG00000156966.8,25,37,58,610,113,10,36,34
ENSG00000156968.9,22,8,17,84,147,0,44,84
ENSG00000156970.14,3,4,29,12,35,0,4,3
ENSG00000156973.15,204,208,91,268,440,65,261,206
ENSG00000156976.18,4550,5118,2021,8844,16460,1063,8935,6552
ENSG00000156983.18,281,178,139,547,462,50,267,204
ENSG00000156990.15,324,262,145,437,777,111,342,333
ENSG00000157005.4,0,2,0,0,1,0,0,0
ENSG00000157014.11,843,425,390,1043,843,71,292,308
ENSG00000157017.17,3,1,7,0,5,0,2,0
ENSG00000157020.19,2011,688,533,1528,1814,241,760,779
ENSG00000157036.14,314,171,141,576,877,59,493,356
ENSG00000157045.9,226,420,328,150,239,79,294,158
ENSG00000157060.16,1,0,0,0,1,0,1,0
ENSG00000157064.12,12,81,17,140,195,14,153,54
ENSG00000157077.17,300,269,109,953,924,96,455,396
ENSG00000157087.20,3,8,0,4,5,0,9,4
ENSG00000157093.9,0,0,0,0,0,0,0,0
ENSG00000157103.13,14,226,15,119,218,14,228,60
ENSG00000157106.19,1376,758,466,5600,3188,120,2879,1017
ENSG00000157107.15,222,409,153,595,693,24,376,149
ENSG00000157110.17,2524,1487,1667,7413,5262,684,3282,2531
ENSG00000157111.14,2,3,3,0,1,1,2,0
ENSG00000157119.13,174,38,2,134,28,90,896,1033
ENSG00000157131.13,0,224,0,0,0,0,0,0
ENSG00000157150.6,1721,675,224,312,457,75,525,251
ENSG00000157152.17,81,33,48,35,62,10,20,18
ENSG00000157168.23,3,5,5,31,41,1,16,1
ENSG00000157181.17,317,342,185,546,667,38,420,126
ENSG00000157184.8,126,126,94,463,1814,207,763,492
ENSG00000157191.21,664,742,352,534,655,42,293,273
ENSG00000157193.19,72,15,19,138,60,6,37,16
ENSG00000157211.12,0,0,6,0,1,0,0,0
ENSG00000157212.21,142,64,61,251,260,11,159,81
ENSG00000157214.15,280,54,192,249,412,13,185,63
ENSG00000157216.18,481,484,500,3096,1729,253,829,756
ENSG00000157219.5,0,0,0,0,0,0,0,0
ENSG00000157224.17,403,321,146,1113,1363,38,805,448
ENSG00000157227.15,1889,505,1011,875,1501,175,587,407
ENSG00000157240.4,196,159,84,775,1060,180,614,334
ENSG00000157259.8,516,415,357,625,877,45,617,236
ENSG00000157303.12,7,15,14,4,16,1,4,2
ENSG00000157315.6,2,6,9,0,0,0,0,0
ENSG00000157322.19,0,0,26,6,11,0,1,0
ENSG00000157326.20,78,281,96,204,90,86,262,234
ENSG00000157330.10,1,0,1,1,1,0,0,2
ENSG00000157335.22,0,0,0,2,0,0,0,0
ENSG00000157343.9,17,10,28,1,7,0,1,0
ENSG00000157349.18,279,260,208,516,734,89,241,288
ENSG00000157350.14,354,167,142,900,668,119,334,299
ENSG00000157353.18,169,196,179,155,335,24,119,168
ENSG00000157368.13,68,250,119,122,234,12,46,68
ENSG00000157379.15,86,131,142,156,251,8,190,86
ENSG00000157388.21,0,2,0,8,15,3,34,6
ENSG00000157399.18,7,15,3,17,13,0,3,17
ENSG00000157404.18,30,184,30,122,351,11,139,69
ENSG00000157423.18,17,28,19,48,45,2,62,28
ENSG00000157426.15,88,86,59,179,220,18,175,58
ENSG00000157429.17,22,33,44,34,57,4,23,16
ENSG00000157445.17,81,120,43,513,683,117,792,858
ENSG00000157450.17,169,205,111,762,693,69,491,197
ENSG00000157456.9,3,0,97,9,25,0,2,4
ENSG00000157470.13,3,52,5,85,216,11,229,35
ENSG00000157483.10,240,321,84,608,565,69,341,160
ENSG00000157500.13,571,664,320,1979,2571,197,1489,501
ENSG00000157502.14,27,76,24,493,330,20,175,109
ENSG00000157510.15,587,1846,220,2362,3577,311,1839,792
ENSG00000157514.19,3393,5365,7853,4838,2310,184,1640,2698
ENSG00000157538.15,750,466,253,2259,1598,185,954,566
ENSG00000157540.23,1039,820,392,4091,2968,209,1596,793
ENSG00000157542.12,1,5,0,3,1,0,0,0
ENSG00000157551.20,9,49,34,31,19,1,2,3
ENSG00000157554.21,412,894,238,808,1059,82,470,276
ENSG00000157557.14,2666,2977,1620,4693,2233,265,1233,958
ENSG00000157570.13,1003,1109,250,11080,3932,569,1500,1022
ENSG00000157578.15,2,1,3,9,26,1,10,1
ENSG00000157593.20,576,406,340,853,999,105,509,369
ENSG00000157600.14,748,267,173,3515,2836,313,1131,1297
ENSG00000157601.16,251,688,510,838,1213,85,765,303
ENSG00000157613.12,583,577,177,1527,1405,231,561,500
ENSG00000157617.18,555,296,407,463,417,33,363,167
ENSG00000157625.17,252,254,195,968,675,42,567,164
ENSG00000157637.14,952,511,620,818,1430,384,743,650
ENSG00000157653.13,2,4,3,5,3,1,12,2
ENSG00000157654.20,5140,2848,810,15333,10669,1525,6294,2706
ENSG00000157657.16,159,104,113,160,196,11,85,46
ENSG00000157680.17,59,18,40,25,53,7,42,11
ENSG00000157693.16,152,95,51,185,139,9,131,56
ENSG00000157703.17,0,2,0,0,0,0,0,0
ENSG00000157734.15,20,38,27,61,70,35,212,67
ENSG00000157741.16,377,419,274,860,851,42,762,246
ENSG00000157764.15,339,383,175,930,793,44,537,239
ENSG00000157765.14,3,101,10,0,5,0,4,0
ENSG00000157766.19,0,0,0,31,19,3,2,5
ENSG00000157778.10,438,303,255,198,309,40,93,142
ENSG00000157782.11,215,160,175,102,86,9,44,69
ENSG00000157796.19,267,200,265,164,268,17,232,98
ENSG00000157800.19,404,238,226,380,355,23,226,90
ENSG00000157823.18,696,492,444,1761,2703,298,1161,895
ENSG00000157827.22,348,272,161,670,500,24,415,121
ENSG00000157833.13,178,43,132,52,85,6,45,37
ENSG00000157837.17,539,636,364,884,1021,102,507,356
ENSG00000157851.18,1,2,2,1,6,0,2,0
ENSG00000157856.13,3,8,1,4,2,0,0,0
ENSG00000157869.17,282,294,146,430,648,43,381,231
ENSG00000157870.18,196,115,127,181,366,43,82,37
ENSG00000157873.19,293,529,784,244,524,36,148,175
ENSG00000157881.17,19,7,86,300,1052,57,234,141
ENSG00000157884.11,0,0,0,0,0,0,0,0
ENSG00000157890.20,1,0,1,1,1,1,0,0
ENSG00000157895.12,177,163,119,303,305,58,124,111
ENSG00000157911.12,199,160,175,421,589,129,408,359
ENSG00000157916.21,1792,1032,963,1929,2495,281,1313,1438
ENSG00000157927.18,116,84,64,37,108,28,49,84
ENSG00000157933.12,1329,505,593,1446,1658,217,894,823
ENSG00000157954.16,692,561,575,1220,1668,232,962,1076
ENSG00000157978.14,416,230,182,447,641,111,379,260
ENSG00000157985.20,444,112,168,934,850,109,460,367
ENSG00000157992.13,16,14,33,4,6,0,13,1
ENSG00000157999.6,2,1,3,8,2,0,1,0
ENSG00000158006.15,121,167,54,262,1008,60,527,264
ENSG00000158008.11,6,67,5,124,616,29,223,287
ENSG00000158014.16,180,267,30,163,547,114,99,170
ENSG00000158019.22,453,341,208,1282,1652,212,688,620
ENSG00000158022.7,1819,1529,278,16837,9401,1362,3794,5834
ENSG00000158023.11,20,34,23,31,24,3,9,17
ENSG00000158042.10,728,597,261,624,1108,172,457,584
ENSG00000158050.7,80,610,12,75,108,3,39,84
ENSG00000158055.17,3,0,0,3,2,0,0,3
ENSG00000158062.22,190,166,365,99,235,30,115,85
ENSG00000158077.6,0,0,0,0,4,0,0,0
ENSG00000158079.16,346,181,83,502,362,19,219,170
ENSG00000158089.16,19,9,40,89,12,0,9,1
ENSG00000158092.8,285,496,138,492,688,31,347,200
ENSG00000158104.12,6,283,25,11,23,6,4,4
ENSG00000158106.16,17,13,59,13,47,0,21,21
ENSG00000158109.16,719,872,550,1875,2422,294,994,1220
ENSG00000158113.14,2,1,0,6,18,2,6,8
ENSG00000158122.13,317,320,173,1485,842,38,319,339
ENSG00000158125.11,0,14,0,3,1,0,5,0
ENSG00000158156.9,182,183,113,168,254,18,82,144
ENSG00000158158.13,164,151,94,1141,1904,140,746,739
ENSG00000158161.17,410,206,147,679,780,44,376,258
ENSG00000158163.16,94,48,76,120,89,6,46,24
ENSG00000158164.8,5,12,0,1,10,0,0,1
ENSG00000158169.15,130,54,48,125,115,6,60,48
ENSG00000158186.14,2402,873,636,12818,6727,668,3787,2731
ENSG00000158195.12,2389,898,1551,2760,2549,238,1050,898
ENSG00000158201.11,133,99,56,98,205,5,114,41
ENSG00000158220.15,24,7,2,34,31,3,18,13
ENSG00000158234.14,114,67,51,101,106,11,96,36
ENSG00000158246.8,478,313,39,1038,449,262,454,164
ENSG00000158258.16,124,126,269,328,516,61,431,90
ENSG00000158270.13,420,788,469,537,1157,55,585,418
ENSG00000158286.14,189,339,339,787,2089,92,1456,523
ENSG00000158290.20,783,964,784,852,1087,76,737,275
ENSG00000158292.8,933,95,241,180,164,62,109,134
ENSG00000158296.14,21,42,30,8,42,5,29,8
ENSG00000158301.21,111,159,72,507,660,70,356,198
ENSG00000158315.12,3,5,0,10,10,2,5,16
ENSG00000158321.19,258,194,178,299,419,37,239,116
ENSG00000158352.19,1022,1069,418,1340,1368,70,616,297
ENSG00000158373.10,214,95,72,325,323,63,278,289
ENSG00000158402.22,4,1,26,4,5,1,0,0
ENSG00000158406.6,91,31,34,203,134,11,77,76
ENSG00000158411.11,178,240,180,191,263,15,192,78
ENSG00000158417.13,3340,2006,1416,10855,5983,1402,3503,644
ENSG00000158423.18,6,14,4,11,27,10,76,34
ENSG00000158427.16,0,3,21,6,14,0,3,0
ENSG00000158428.6,3,6,2,0,0,0,0,0
ENSG00000158435.9,554,574,227,1381,1548,172,991,537
ENSG00000158445.10,51,80,19,331,177,18,140,67
ENSG00000158457.7,206,290,89,210,321,30,136,114
ENSG00000158458.22,23,16,3,27,81,7,42,15
ENSG00000158467.18,128,164,66,196,442,29,302,97
ENSG00000158470.6,915,594,398,4198,1882,177,930,625
ENSG00000158473.9,35,98,36,69,100,14,68,76
ENSG00000158477.8,0,1,0,0,0,0,0,0
ENSG00000158480.12,192,128,76,342,409,49,300,293
ENSG00000158481.13,0,4,0,59,62,1,34,0
ENSG00000158485.12,0,0,0,3,0,0,0,0
ENSG00000158486.15,1,9,1,49,54,0,35,8
ENSG00000158488.17,1,7,0,3,18,0,15,0
ENSG00000158497.7,0,3,0,0,1,0,0,0
ENSG00000158516.12,1,0,0,2,2,0,2,0
ENSG00000158517.17,24,31,256,73,167,16,78,33
ENSG00000158525.16,0,0,0,0,0,1,0,0
ENSG00000158526.9,716,691,455,1406,1771,147,773,748
ENSG00000158528.13,80,30,17,891,660,40,628,191
ENSG00000158545.17,312,193,180,679,802,199,535,299
ENSG00000158552.14,433,327,393,444,396,42,183,205
ENSG00000158553.5,0,0,1,2,0,0,2,0
ENSG00000158555.16,233,142,289,86,237,19,127,61
ENSG00000158560.15,96,155,39,769,818,127,443,353
ENSG00000158571.12,6,8,7,4,19,0,64,0
ENSG00000158578.22,317,69,2174,41,9,0,5,1
ENSG00000158604.17,664,762,471,1458,2459,202,1376,1016
ENSG00000158615.10,592,868,242,1504,1036,62,826,349
ENSG00000158623.14,99,185,108,623,903,99,440,266
ENSG00000158636.18,239,331,93,582,620,53,506,226
ENSG00000158639.13,0,0,0,0,0,0,0,0
ENSG00000158669.12,1209,510,746,1915,1580,144,802,710
ENSG00000158683.10,65,332,55,196,429,17,240,47
ENSG00000158691.17,97,68,43,249,235,9,148,49
ENSG00000158710.16,9706,6585,4597,6327,6184,517,2141,2830
ENSG00000158711.15,719,580,237,1974,1370,52,697,256
ENSG00000158714.12,16,15,60,255,60,9,47,27
ENSG00000158715.7,36,48,19,84,91,14,54,32
ENSG00000158716.10,330,288,288,125,163,43,101,155
ENSG00000158717.12,163,140,218,110,423,40,195,229
ENSG00000158747.16,2517,2240,3396,1422,1777,181,699,970
ENSG00000158748.4,0,1,0,0,0,0,0,1
ENSG00000158764.8,0,24,0,0,9,1,0,0
ENSG00000158769.20,500,656,197,852,1041,71,363,240
ENSG00000158773.15,757,742,709,852,990,66,435,379
ENSG00000158786.5,0,0,3,1,0,0,0,0
ENSG00000158792.17,134,70,102,37,37,9,30,51
ENSG00000158793.15,358,267,228,565,698,59,343,357
ENSG00000158796.18,587,492,384,1005,947,96,498,410
ENSG00000158805.13,525,272,336,319,553,23,317,249
ENSG00000158806.15,1,12,6,3,5,1,11,18
ENSG00000158813.18,94,133,58,472,420,36,176,171
ENSG00000158815.11,4,11,4,1,1,0,0,2
ENSG00000158816.17,3,1,0,2,2,0,0,0
ENSG00000158825.7,228,46,192,136,62,16,15,29
ENSG00000158828.9,2766,1657,1358,9227,11107,1764,4238,5649
ENSG00000158850.16,652,435,524,713,754,50,357,398
ENSG00000158856.19,321,299,1440,3223,2893,510,1055,2101
ENSG00000158859.11,2920,555,1147,476,425,85,44,75
ENSG00000158863.23,825,306,728,860,1445,177,675,594
ENSG00000158864.14,1960,1791,812,8716,12730,1318,6826,6613
ENSG00000158865.14,14,0,2,0,4,0,0,0
ENSG00000158869.12,183,117,1141,486,320,49,162,51
ENSG00000158874.13,3,4080,0,0,5,0,0,0
ENSG00000158882.16,417,214,157,1807,1860,191,669,820
ENSG00000158887.21,71,122,69,117,278,16,153,110
ENSG00000158901.12,0,0,0,1,0,0,0,0
ENSG00000158941.18,1187,612,661,1670,1673,222,907,684
ENSG00000158955.11,75,21,58,29,47,0,4,8
ENSG00000158966.17,236,246,111,250,234,11,141,45
ENSG00000158985.15,273,525,152,663,755,50,308,142
ENSG00000158987.23,118,175,36,294,328,14,224,91
ENSG00000159023.24,125,169,471,1237,1199,121,998,295
ENSG00000159055.5,66,48,42,56,90,7,72,37
ENSG00000159063.15,375,202,184,421,393,38,250,144
ENSG00000159069.15,1030,837,830,1447,3770,1077,1561,3727
ENSG00000159079.20,497,503,288,377,501,91,372,362
ENSG00000159082.19,163,234,93,593,508,28,396,136
ENSG00000159086.16,409,394,323,508,524,3,414,161
ENSG00000159110.23,549,603,395,607,633,44,331,176
ENSG00000159111.14,443,597,271,1232,2051,250,835,1006
ENSG00000159128.17,79,34,20,152,209,96,553,492
ENSG00000159131.18,464,136,148,1343,1228,134,673,273
ENSG00000159140.23,2216,2207,1370,6762,4998,572,4402,1463
ENSG00000159147.19,123,125,131,187,195,11,130,52
ENSG00000159164.11,23,1,29,29,46,1,10,13
ENSG00000159166.16,93,17,6,130,25,191,1,3
ENSG00000159167.12,1011,589,288,776,284,6,135,209
ENSG00000159173.20,57,22,16,310,1183,22,272,264
ENSG00000159176.15,2988,1814,2007,2729,2526,279,1466,1231
ENSG00000159182.6,0,0,0,0,0,0,0,0
ENSG00000159184.8,0,0,0,0,0,0,1,0
ENSG00000159189.14,119,55,429,516,965,181,500,180
ENSG00000159197.5,1,0,1,7,7,0,2,0
ENSG00000159199.15,2339,3564,654,4758,8059,751,3870,4680
ENSG00000159200.18,1109,1854,330,3246,1658,203,995,1857
ENSG00000159202.19,1364,932,563,2363,1668,145,835,628
ENSG00000159208.16,36,23,19,254,150,21,168,128
ENSG00000159210.11,1145,878,652,1325,1441,288,629,823
ENSG00000159212.14,9,79,19,807,1025,26,47,498
ENSG00000159214.14,33,36,40,15,31,2,20,29
ENSG00000159216.21,1116,57,227,260,104,8,37,27
ENSG00000159217.11,0,0,1,0,0,0,0,0
ENSG00000159224.4,0,0,0,0,0,0,0,0
ENSG00000159228.13,554,348,216,429,554,124,322,362
ENSG00000159231.7,163,147,251,42,115,6,55,52
ENSG00000159239.13,0,1,7,6,5,0,0,1
ENSG00000159248.5,7,1,0,8,6,0,4,4
ENSG00000159251.11,87632,28134,2585,422135,303050,55238,175655,203362
ENSG00000159256.13,268,439,103,760,806,38,582,162
ENSG00000159259.9,40,34,44,43,48,4,22,10
ENSG00000159261.13,11,1,0,1,1,0,0,1
ENSG00000159263.16,0,14,0,1,0,0,0,0
ENSG00000159267.18,126,107,65,299,343,41,251,93
ENSG00000159289.6,0,0,0,2,3,2,9,0
ENSG00000159307.21,15,6,18,9,16,3,14,8
ENSG00000159314.14,320,273,309,441,348,5,210,321
ENSG00000159322.19,540,381,446,388,460,26,259,166
ENSG00000159335.19,2873,2060,2065,2422,2253,569,1024,1202
ENSG00000159337.7,0,0,0,0,0,0,0,0
ENSG00000159339.13,12,6,121,5,12,0,0,0
ENSG00000159346.14,1410,924,2534,3324,3403,384,1566,1171
ENSG00000159348.14,1355,1310,304,3210,3885,701,1916,2349
ENSG00000159352.17,2080,1928,1398,2907,3795,462,1495,1904
ENSG00000159363.19,346,89,149,250,405,59,261,204
ENSG00000159374.19,4,1,8,2,6,3,4,0
ENSG00000159377.12,2577,1918,1386,3163,3987,425,1737,1981
ENSG00000159387.9,71,17,50,439,232,52,106,348
ENSG00000159388.6,2748,9056,1027,15926,2200,118,2395,1487
ENSG00000159398.16,0,0,0,0,2,0,1,0
ENSG00000159399.11,219,49,97,1575,711,73,808,244
ENSG00000159403.19,14823,2994,16605,9413,4927,691,2805,1246
ENSG00000159409.15,0,0,0,0,0,0,0,0
ENSG00000159423.18,193,212,87,990,1423,241,706,825
ENSG00000159433.12,489,335,394,1115,782,25,457,228
ENSG00000159445.14,214,153,178,705,766,61,466,299
ENSG00000159450.13,0,4,5,5,2,0,0,0
ENSG00000159455.9,0,0,0,0,0,0,0,0
ENSG00000159459.13,304,337,116,1634,1233,133,778,392
ENSG00000159461.16,805,512,513,2662,1832,189,657,712
ENSG00000159479.18,812,253,381,441,465,30,215,253
ENSG00000159495.8,0,0,0,0,0,0,0,0
ENSG00000159496.15,1,4,98,1,6,2,29,17
ENSG00000159516.9,0,0,0,0,0,0,0,0
ENSG00000159527.4,0,1,1,0,1,0,0,0
ENSG00000159556.10,0,0,3,0,0,0,0,1
ENSG00000159579.15,329,292,110,706,659,41,367,225
ENSG00000159588.16,52,60,108,32,40,2,14,23
ENSG00000159592.12,1172,1016,743,2968,3135,190,1440,1129
ENSG00000159593.16,405,333,213,820,946,52,535,266
ENSG00000159596.8,138,103,101,439,701,67,451,251
ENSG00000159618.17,0,9,0,1,10,0,2,1
ENSG00000159625.16,2,3,1,0,0,0,0,1
ENSG00000159640.18,55,486,32,318,1369,111,636,308
ENSG00000159648.13,0,5,11,8,2,0,0,0
ENSG00000159650.10,0,18,0,0,1,0,0,0
ENSG00000159658.15,1306,1640,761,3461,3468,239,1745,750
ENSG00000159674.13,1024,472,483,81,330,77,267,322
ENSG00000159685.12,88,105,26,95,213,40,71,127
ENSG00000159692.19,1384,743,926,1745,3030,506,1577,1983
ENSG00000159708.18,0,5,1,1,1,0,0,0
ENSG00000159713.12,267,552,158,190,531,51,198,400
ENSG00000159714.13,70,90,95,81,137,14,65,84
ENSG00000159720.14,918,866,655,2059,2500,279,985,1047
ENSG00000159723.6,0,0,0,0,0,0,0,0
ENSG00000159733.14,46,30,54,74,151,10,81,66
ENSG00000159753.15,7,13,19,6,17,0,5,5
ENSG00000159761.15,23,25,33,17,90,6,33,50
ENSG00000159763.4,0,1,0,0,0,0,0,0
ENSG00000159784.19,22,22,20,12,48,3,19,15
ENSG00000159788.21,192,168,222,345,462,40,218,243
ENSG00000159792.10,400,162,244,631,881,116,369,530
ENSG00000159840.17,3371,1552,1858,3874,2607,501,1158,1505
ENSG00000159842.17,43,18,54,24,66,71,129,128
ENSG00000159871.15,128,30,54,67,38,3,4,22
ENSG00000159873.11,530,421,154,550,755,30,481,210
ENSG00000159882.14,58,51,49,110,142,12,86,40
ENSG00000159884.12,940,747,895,1096,666,169,353,518
ENSG00000159885.15,37,55,34,83,101,8,58,44
ENSG00000159899.17,254,218,233,743,772,97,408,349
ENSG00000159905.16,4,1,3,31,33,2,21,4
ENSG00000159915.14,9,5,3,69,184,13,119,51
ENSG00000159917.18,33,98,17,98,151,3,81,30
ENSG00000159921.21,291,236,153,846,595,42,398,209
ENSG00000159958.8,3,13,3,9,50,2,13,7
ENSG00000159961.3,1,0,0,0,0,0,0,0
ENSG00000160007.21,693,461,335,5836,3303,461,1866,1447
ENSG00000160013.11,644,71,825,151,130,8,36,29
ENSG00000160014.18,2695,1991,1434,8555,10742,1515,4745,5776
ENSG00000160049.13,574,289,210,936,1175,94,580,459
ENSG00000160050.17,60,252,52,88,676,93,255,416
ENSG00000160051.13,12,16,19,26,74,7,23,19
ENSG00000160055.20,224,119,141,156,200,13,104,85
ENSG00000160058.20,672,562,471,2028,2031,184,1129,824
ENSG00000160062.16,106,192,98,224,227,15,121,57
ENSG00000160072.21,546,216,337,150,158,16,151,131
ENSG00000160075.13,1956,1259,1009,2202,2103,388,1369,1510
ENSG00000160087.22,616,382,338,505,613,87,429,514
ENSG00000160094.16,358,382,280,530,1180,194,536,537
ENSG00000160097.21,146,465,92,2353,4852,259,1988,1662
ENSG00000160111.16,512,358,235,250,711,139,361,488
ENSG00000160113.7,555,708,294,893,932,264,594,1170
ENSG00000160117.17,17,4,30,11,20,0,4,4
ENSG00000160124.10,275,209,98,270,383,42,245,207
ENSG00000160131.15,543,535,309,682,948,57,397,312
ENSG00000160145.16,597,355,172,2130,2437,297,1591,673
ENSG00000160161.10,6,1,0,8,15,1,7,2
ENSG00000160179.21,350,444,145,1053,1452,124,537,291
ENSG00000160180.18,21,29,35,2,39,2,17,8
ENSG00000160181.9,0,0,0,0,0,0,0,0
ENSG00000160182.3,0,1,0,0,0,3,0,0
ENSG00000160183.18,0,9,0,0,1,0,0,0
ENSG00000160185.15,0,8,0,1,8,1,6,0
ENSG00000160188.11,3,11,2,0,3,0,0,0
ENSG00000160190.15,45,66,38,221,190,26,73,91
ENSG00000160191.19,69,145,69,72,174,11,121,99
ENSG00000160193.13,229,54,72,248,113,10,86,63
ENSG00000160194.19,963,1238,503,2569,3577,677,2040,2206
ENSG00000160199.16,296,139,139,368,306,35,176,127
ENSG00000160200.19,257,75,112,59,171,74,123,110
ENSG00000160201.13,1504,928,745,1400,994,127,577,740
ENSG00000160202.8,0,12,0,0,0,0,0,0
ENSG00000160207.10,2,3,2,4,1,0,6,1
ENSG00000160208.13,512,259,189,523,521,70,304,172
ENSG00000160209.20,1302,550,636,1335,1888,270,1142,1001
ENSG00000160211.21,675,129,379,245,233,55,206,77
ENSG00000160213.11,1167,1202,930,1175,1867,417,1197,1480
ENSG00000160214.14,419,169,184,360,355,44,179,199
ENSG00000160216.21,736,357,381,3413,3540,461,1918,1522
ENSG00000160218.14,497,294,237,1509,1104,106,612,367
ENSG00000160219.13,369,359,306,314,1070,73,416,338
ENSG00000160221.19,927,1902,691,3893,9624,946,3876,4879
ENSG00000160223.19,908,327,259,246,309,49,112,127
ENSG00000160224.18,6,3,0,0,2,1,0,0
ENSG00000160226.16,242,196,254,105,293,55,142,258
ENSG00000160229.14,0,7,1,23,19,0,11,1
ENSG00000160233.9,66,111,50,143,173,16,90,85
ENSG00000160255.20,132,209,449,547,439,97,230,70
ENSG00000160256.15,180,449,77,253,597,244,365,747
ENSG00000160271.17,602,651,510,1345,1835,148,861,746
ENSG00000160282.16,3,74,21,5,15,4,6,14
ENSG00000160284.16,36,5,48,46,102,27,91,146
ENSG00000160285.16,234,109,127,1029,1289,280,794,626
ENSG00000160293.18,313,105,186,323,314,23,179,153
ENSG00000160294.11,1068,567,858,2567,1922,174,1182,683
ENSG00000160298.19,21,14,61,10,63,5,26,27
ENSG00000160299.19,696,241,393,2421,1241,201,622,304
ENSG00000160305.20,481,512,292,1537,1271,77,741,399
ENSG00000160307.11,32,126,110,85,158,7,382,87
ENSG00000160310.21,729,646,485,1518,1519,118,731,705
ENSG00000160318.6,12,18,25,2,17,1,5,7
ENSG00000160321.16,215,60,97,403,422,7,475,73
ENSG00000160323.20,18,45,68,29,125,3,87,46
ENSG00000160325.16,49,89,145,56,0,13,0,195
ENSG00000160326.15,185,71,128,120,98,11,42,32
ENSG00000160336.18,198,125,114,232,247,10,160,56
ENSG00000160339.17,14,12,4,2,3,0,2,1
ENSG00000160345.14,6,6,8,9,35,4,13,23
ENSG00000160349.10,0,1,4,0,3,0,0,0
ENSG00000160352.17,17,42,16,150,165,5,133,25
ENSG00000160360.13,669,572,336,564,1470,302,519,946
ENSG00000160392.15,659,486,205,1615,1841,489,962,1070
ENSG00000160396.9,1,0,0,1,1,0,3,0
ENSG00000160401.15,9,27,4,0,4,0,21,0
ENSG00000160404.19,77,71,137,60,112,6,57,74
ENSG00000160408.17,1904,985,1482,1866,2441,226,939,694
ENSG00000160410.16,371,158,406,293,379,101,138,196
ENSG00000160439.16,136,172,82,394,560,96,325,323
ENSG00000160445.12,420,505,639,1781,2530,404,1280,1412
ENSG00000160446.20,56,103,92,50,131,31,36,54
ENSG00000160447.8,454,243,296,268,372,40,152,231
ENSG00000160460.17,24,47,13,99,202,27,104,113
ENSG00000160469.17,50,58,59,52,102,8,65,40
ENSG00000160471.13,0,1,1,1,0,0,1,0
ENSG00000160472.6,1,2,0,0,0,0,0,0
ENSG00000160505.16,0,0,0,0,0,0,0,0
ENSG00000160539.7,287,919,173,1254,3300,476,1408,1347
ENSG00000160551.13,722,761,320,3494,2511,222,2000,665
ENSG00000160563.15,223,225,115,277,393,57,184,192
ENSG00000160570.15,303,233,282,349,400,45,256,383
ENSG00000160584.18,518,289,414,1838,1164,168,602,731
ENSG00000160588.10,47,56,36,141,104,6,48,26
ENSG00000160593.21,33,89,306,124,131,3,50,27
ENSG00000160602.15,42,39,77,31,29,4,18,16
ENSG00000160606.11,44,6,11,29,8,2,10,10
ENSG00000160613.16,1007,402,592,1243,1015,85,676,366
ENSG00000160633.14,943,632,647,1910,1881,257,1423,984
ENSG00000160654.12,0,13,0,7,18,1,3,0
ENSG00000160678.13,2620,6216,695,14826,31504,5171,10852,15314
ENSG00000160679.14,1220,1055,756,2072,2306,278,1099,1200
ENSG00000160683.5,2,0,0,0,1,0,81,0
ENSG00000160685.15,612,146,184,1044,1135,223,529,474
ENSG00000160688.20,490,307,270,644,849,113,400,386
ENSG00000160691.20,3109,939,1177,2213,2184,250,1043,756
ENSG00000160695.17,324,380,245,836,1082,50,309,192
ENSG00000160703.18,156,179,175,538,1182,217,516,617
ENSG00000160710.20,2115,1913,1285,3881,3899,323,2169,1033
ENSG00000160712.14,339,217,261,573,641,34,262,185
ENSG00000160714.12,1226,846,499,1905,1619,215,891,685
ENSG00000160716.6,0,0,0,0,2,0,0,0
ENSG00000160741.18,826,537,747,833,950,68,391,376
ENSG00000160746.14,341,248,125,381,474,46,210,199
ENSG00000160752.16,1010,851,609,1726,1822,178,847,638
ENSG00000160753.18,439,310,357,406,639,98,356,250
ENSG00000160767.24,306,155,184,218,284,57,171,254
ENSG00000160781.18,8,27,68,7,53,7,24,6
ENSG00000160783.20,454,499,350,1324,1577,212,436,795
ENSG00000160785.15,358,280,159,1081,912,132,482,301
ENSG00000160789.26,4724,4041,2237,5626,5882,1399,3429,3822
ENSG00000160791.14,9,39,9,64,55,0,23,5
ENSG00000160796.19,362,248,586,512,553,38,292,154
ENSG00000160799.14,630,518,342,536,872,141,387,461
ENSG00000160801.15,233,330,598,149,269,47,167,182
ENSG00000160803.9,902,552,473,1833,1360,195,663,595
ENSG00000160808.14,30581,79315,11977,96484,173213,27028,79137,109626
ENSG00000160813.8,199,206,268,62,124,25,56,106
ENSG00000160818.17,16,0,1,10,3,0,9,0
ENSG00000160838.15,4,4,12,1,3,0,2,3
ENSG00000160856.22,1,23,1,2,8,0,2,0
ENSG00000160862.14,836,1782,199,1151,2480,766,1600,1249
ENSG00000160867.16,41,106,60,3,47,8,69,33
ENSG00000160868.17,0,571,1,0,2,0,0,0
ENSG00000160870.15,0,1,0,0,0,0,0,0
ENSG00000160877.8,767,198,219,966,1052,248,469,637
ENSG00000160882.14,0,0,0,0,0,0,0,0
ENSG00000160883.12,43,25,346,54,67,5,10,8
ENSG00000160886.13,147,124,13,16,27,4,30,16
ENSG00000160888.9,873,4255,561,432,1103,102,545,668
ENSG00000160908.16,176,454,219,396,450,43,243,207
ENSG00000160917.16,456,276,325,464,512,36,223,244
ENSG00000160932.12,1871,2217,1397,880,1533,33,215,224
ENSG00000160948.15,106,117,189,187,179,74,413,184
ENSG00000160949.19,25,10,17,39,115,8,43,61
ENSG00000160951.5,1,0,0,0,1,2,0,0
ENSG00000160953.18,506,207,366,412,675,80,384,325
ENSG00000160957.16,29,21,46,17,49,2,27,19
ENSG00000160959.9,254,110,165,334,453,66,218,299
ENSG00000160961.13,145,127,132,291,290,7,170,85
ENSG00000160963.15,1,9,0,0,6,2,1,4
ENSG00000160972.11,225,426,172,292,1094,294,706,1222
ENSG00000160973.9,0,0,3,0,0,0,12,0
ENSG00000160991.18,603,75,155,187,145,18,70,57
ENSG00000160993.5,90,66,46,127,240,33,113,75
ENSG00000160994.4,0,0,0,0,0,0,0,0
ENSG00000160999.12,50,12,26,28,14,4,16,21
ENSG00000161010.16,370,180,290,214,551,27,754,267
ENSG00000161011.21,3673,3068,2636,9250,12415,1852,6351,7640
ENSG00000161013.18,1009,431,390,2342,2737,484,1092,1568
ENSG00000161016.19,21709,16722,15329,12975,21764,3750,9834,16778
ENSG00000161021.14,289,0,0,0,0,33,0,0
ENSG00000161031.14,0,6,0,1,0,0,0,0
ENSG00000161036.14,152,77,78,180,238,59,153,245
ENSG00000161040.20,10,11,9,19,20,3,21,6
ENSG00000161048.13,78,98,51,217,487,15,340,82
ENSG00000161055.5,4,46,1,0,2,1,3,1
ENSG00000161057.14,1056,667,424,2026,2580,339,1440,1078
ENSG00000161082.14,0,0,1,0,0,0,0,0
ENSG00000161091.16,514,155,300,236,226,51,111,161
ENSG00000161179.15,146,74,98,51,72,6,50,72
ENSG00000161180.11,10,2,23,2,4,0,14,1
ENSG00000161202.21,1233,727,632,2804,3408,486,2142,1254
ENSG00000161203.15,5357,3057,2589,8691,9694,1367,3893,4315
ENSG00000161204.13,746,449,359,1632,1824,270,1020,985
ENSG00000161217.13,1003,898,544,5527,4084,518,2836,1729
ENSG00000161243.11,56,23,8,181,227,55,90,116
ENSG00000161249.22,42,131,51,176,272,16,50,126
ENSG00000161265.15,126,158,183,166,286,13,181,196
ENSG00000161267.13,21,265,29,1162,2666,356,1274,1562
ENSG00000161270.21,0,29,0,0,2,0,1,0
ENSG00000161277.12,38,72,28,24,128,43,65,50
ENSG00000161281.11,8165,17425,3229,11410,20575,3703,9835,19480
ENSG00000161298.20,67,42,25,373,350,17,257,132
ENSG00000161328.12,2,5,8,1,2,0,4,0
ENSG00000161381.15,872,1691,1306,698,2237,97,923,638
ENSG00000161395.14,224,240,285,307,486,47,212,256
ENSG00000161405.18,14,76,7,24,50,3,21,8
ENSG00000161509.15,8,10,9,14,47,4,15,13
ENSG00000161513.13,51,88,68,48,136,19,53,68
ENSG00000161526.16,932,819,746,1075,1255,182,653,595
ENSG00000161533.13,461,667,283,2650,3229,256,1696,941
ENSG00000161542.18,350,346,158,640,866,90,414,204
ENSG00000161544.10,1321,1869,2175,507,1310,173,708,862
ENSG00000161547.18,1811,1641,1414,2786,2424,225,1953,1322
ENSG00000161551.16,204,247,396,223,585,20,323,105
ENSG00000161558.12,94,230,79,1026,2131,275,1108,1089
ENSG00000161594.8,1,0,2,0,1,0,0,7
ENSG00000161609.10,0,0,1,0,0,0,0,0
ENSG00000161610.1,0,0,4,0,1,0,0,0
ENSG00000161618.11,184,189,245,87,219,33,152,164
ENSG00000161634.12,0,0,0,0,0,0,0,0
ENSG00000161638.12,8043,1482,2255,4308,2408,479,826,1548
ENSG00000161640.16,8,10,11,12,22,2,12,0
ENSG00000161642.19,663,268,909,440,428,55,227,154
ENSG00000161643.13,12,4,26,25,15,2,15,0
ENSG00000161647.20,485,151,315,1872,777,55,861,687
ENSG00000161649.15,304,824,11,434,1775,157,616,574
ENSG00000161652.14,0,0,0,0,0,0,0,0
ENSG00000161653.12,15,15,4,22,39,2,6,9
ENSG00000161654.11,976,511,297,1089,1072,133,599,383
ENSG00000161664.7,3,8,0,85,171,34,104,72
ENSG00000161671.17,729,788,412,1217,2161,575,1155,1476
ENSG00000161677.13,108,141,127,50,167,89,134,202
ENSG00000161681.18,4,3,1,3,15,2,2,2
ENSG00000161682.16,11,10,1,2,24,4,7,18
ENSG00000161692.18,59,27,62,106,151,9,77,61
ENSG00000161714.13,381,386,253,1623,3429,718,1118,1323
ENSG00000161791.15,2282,721,664,1093,1282,76,525,335
ENSG00000161798.8,41,10,6,15,10,2,6,3
ENSG00000161800.14,62,85,101,136,196,7,86,44
ENSG00000161807.3,0,0,0,0,0,0,0,0
ENSG00000161813.24,551,377,193,1696,1684,118,1319,496
ENSG00000161835.11,1321,2275,535,606,340,53,346,605
ENSG00000161847.16,114,40,41,142,321,101,268,159
ENSG00000161849.3,0,0,0,0,0,0,0,0
ENSG00000161850.3,0,0,0,0,0,0,0,0
ENSG00000161860.9,2,3,8,1,3,1,2,2
ENSG00000161888.12,21,32,113,102,89,8,11,28
ENSG00000161896.13,289,127,54,2833,1245,277,766,833
ENSG00000161904.14,774,486,577,819,946,78,474,486
ENSG00000161905.13,0,9,1,5,97,0,32,5
ENSG00000161911.13,2,14,12,4,3,0,0,0
ENSG00000161914.11,38,37,52,29,58,5,26,43
ENSG00000161920.12,165,166,86,232,509,47,186,137
ENSG00000161921.18,148,112,242,219,235,33,84,61
ENSG00000161929.15,2,6,16,41,22,2,17,4
ENSG00000161939.19,0,0,0,0,0,0,33,0
ENSG00000161940.12,760,2021,509,593,1237,68,519,363
ENSG00000161944.18,29,230,37,17,12,1,1,0
ENSG00000161955.17,108,223,186,260,294,34,179,113
ENSG00000161956.15,542,212,180,1133,1175,120,423,417
ENSG00000161958.12,79,44,86,264,292,47,225,184
ENSG00000161960.17,11114,4703,4542,7030,4919,605,2465,2127
ENSG00000161970.16,7161,9259,7340,8683,13937,1413,7112,3413
ENSG00000161973.12,0,0,0,1,0,0,0,0
ENSG00000161980.7,168,154,55,176,307,26,126,126
ENSG00000161981.11,439,705,250,929,1649,211,624,1093
ENSG00000161992.7,0,1,0,0,0,0,0,0
ENSG00000161996.20,167,117,188,59,229,9,171,80
ENSG00000161999.14,1036,429,534,1204,1402,256,693,1239
ENSG00000162004.20,18,18,22,3,2,0,3,4
ENSG00000162006.10,0,0,0,0,0,0,0,0
ENSG00000162009.11,76,120,10,36,301,79,233,180
ENSG00000162032.17,283,421,611,281,968,92,536,549
ENSG00000162039.19,0,0,0,0,1,0,0,0
ENSG00000162040.7,0,0,0,0,0,0,0,0
ENSG00000162062.16,3,7,10,8,18,4,7,9
ENSG00000162063.14,35,28,61,32,67,2,29,20
ENSG00000162065.16,228,134,120,300,440,33,255,157
ENSG00000162066.17,110,84,228,49,264,26,199,116
ENSG00000162068.2,0,0,0,0,1,0,0,0
ENSG00000162069.17,0,4,2,0,0,0,0,0
ENSG00000162073.15,140,63,90,215,206,42,67,100
ENSG00000162076.14,309,458,169,190,854,128,305,409
ENSG00000162078.13,2,0,0,2,2,0,4,1
ENSG00000162086.17,157,230,250,408,497,26,324,143
ENSG00000162104.11,451,175,182,2614,1967,360,1129,909
ENSG00000162105.22,2,28,0,1,12,0,4,2
ENSG00000162129.16,394,133,128,662,595,74,218,178
ENSG00000162139.11,136,137,135,688,547,49,210,175
ENSG00000162144.11,305,237,283,310,508,67,269,164
ENSG00000162148.12,43,33,92,30,64,0,23,16
ENSG00000162174.13,154,47,90,124,73,7,23,17
ENSG00000162188.8,9,3,7,12,16,2,23,4
ENSG00000162191.15,936,1154,1083,1292,1827,270,820,1234
ENSG00000162194.13,23,15,15,49,46,15,86,27
ENSG00000162222.15,259,111,107,220,256,24,161,120
ENSG00000162227.9,62,47,56,131,180,50,134,145
ENSG00000162231.15,1754,723,859,2337,2402,84,1446,855
ENSG00000162236.14,627,582,525,460,741,72,348,378
ENSG00000162241.14,77,56,87,73,243,6,108,66
ENSG00000162244.13,9083,9271,9001,5795,10068,1484,3978,4229
ENSG00000162267.15,2,578,46,50,25,4,23,6
ENSG00000162298.20,1301,323,465,1053,1032,91,660,506
ENSG00000162300.14,265,256,181,238,446,90,222,326
ENSG00000162302.14,484,217,299,450,529,111,292,272
ENSG00000162337.13,388,283,145,1040,1871,367,1056,1057
ENSG00000162341.19,169,133,120,240,295,16,147,81
ENSG00000162344.5,0,0,0,0,0,0,0,0
ENSG00000162365.14,0,30,7,0,4,0,6,0
ENSG00000162366.9,5,76,344,2,10,0,0,5
ENSG00000162367.13,313,338,293,255,200,11,121,54
ENSG00000162368.16,1723,1939,912,3529,3421,185,1845,734
ENSG00000162373.14,11,63,26,42,132,6,39,28
ENSG00000162374.19,0,1,2,0,2,0,2,0
ENSG00000162377.7,232,99,111,630,593,72,341,193
ENSG00000162378.14,529,816,191,3747,3319,258,1946,753
ENSG00000162383.13,0,18,0,6,34,2,13,1
ENSG00000162384.15,546,648,515,765,1128,111,502,503
ENSG00000162385.12,463,334,189,369,456,50,312,272
ENSG00000162390.19,250,251,108,1151,2708,372,1721,1243
ENSG00000162391.13,1,49,1,42,59,6,142,28
ENSG00000162396.7,56,25,17,155,174,20,65,86
ENSG00000162398.12,0,0,0,0,0,0,0,0
ENSG00000162399.9,0,2,0,0,0,0,0,1
ENSG00000162402.16,706,612,341,4815,2186,217,1620,675
ENSG00000162407.10,1449,1468,833,5795,6338,416,2988,2479
ENSG00000162408.12,336,219,179,607,612,34,249,172
ENSG00000162409.13,1015,439,93,9051,5754,425,3525,1115
ENSG00000162413.17,787,713,497,1615,4119,390,1697,1246
ENSG00000162415.8,38,25,26,37,76,4,54,24
ENSG00000162419.14,199,194,124,273,264,25,128,85
ENSG00000162426.17,37,38,30,35,59,9,30,28
ENSG00000162430.18,2418,1043,1114,3635,3017,512,932,1064
ENSG00000162433.16,556,780,281,3996,5151,769,3215,1536
ENSG00000162434.15,1823,1597,792,5376,4390,794,3067,1498
ENSG00000162437.16,234,444,86,1357,1472,90,841,359
ENSG00000162438.12,1,1,3,4,3,0,1,0
ENSG00000162441.13,572,518,306,1406,1358,95,626,415
ENSG00000162444.13,738,2580,211,475,1126,78,338,345
ENSG00000162456.10,0,0,0,0,0,0,0,0
ENSG00000162458.14,1160,298,634,2510,2483,325,1064,1341
ENSG00000162460.8,0,15,0,0,0,0,0,0
ENSG00000162461.9,52,36,92,62,774,24,117,371
ENSG00000162482.6,6,51,17,2,11,0,5,3
ENSG00000162490.8,9,1,8,1,10,0,5,7
ENSG00000162493.18,696,63,428,1007,638,67,296,221
ENSG00000162494.6,40,4,2,145,31,3,3,12
ENSG00000162496.11,356,1325,1113,712,2169,265,851,725
ENSG00000162510.6,6,2,0,1,3,2,2,0
ENSG00000162511.9,486,598,1682,1264,880,72,230,153
ENSG00000162512.17,1209,456,592,1606,1746,181,690,521
ENSG00000162517.14,1462,1016,782,1442,1515,134,542,767
ENSG00000162520.16,82,142,57,1251,565,98,453,93
ENSG00000162521.19,1162,1437,682,2687,3388,172,2071,853
ENSG00000162522.12,219,113,157,352,283,38,101,150
ENSG00000162526.7,0,0,2,2,2,0,14,13
ENSG00000162542.15,113,207,120,204,284,28,143,93
ENSG00000162543.7,14,19,14,37,110,9,24,36
ENSG00000162545.7,925,919,821,497,467,42,229,170
ENSG00000162551.15,430,246,1007,312,446,68,107,247
ENSG00000162552.16,0,3,0,3,2,0,2,3
ENSG00000162571.15,1,6,3,1,9,2,3,0
ENSG00000162572.21,24,84,45,10,112,3,68,41
ENSG00000162576.18,2560,1215,2009,289,862,153,550,428
ENSG00000162585.18,279,178,267,148,299,119,228,443
ENSG00000162591.18,41,92,203,92,471,17,276,130
ENSG00000162592.10,0,0,0,0,0,0,0,0
ENSG00000162594.17,0,0,0,2,0,0,0,0
ENSG00000162595.9,35,27,28,181,137,55,90,31
ENSG00000162598.14,0,6,1,0,0,0,0,0
ENSG00000162599.19,1219,1705,865,2013,2799,173,1223,509
ENSG00000162600.13,153,215,77,403,928,58,565,220
ENSG00000162601.13,159,204,91,996,876,17,1112,238
ENSG00000162604.14,193,231,166,511,854,55,434,246
ENSG00000162607.14,335,475,194,665,787,36,499,159
ENSG00000162613.19,1072,770,471,2089,2015,210,1867,770
ENSG00000162614.20,3653,1471,512,22553,15564,2569,8079,2069
ENSG00000162616.10,914,1107,227,2020,2466,174,1886,842
ENSG00000162618.16,997,1539,222,1222,1368,86,542,236
ENSG00000162620.16,2,2,0,4,10,1,3,1
ENSG00000162621.7,0,0,0,2,0,0,0,1
ENSG00000162623.17,315,344,155,894,1072,83,426,271
ENSG00000162624.17,0,0,0,0,0,0,0,0
ENSG00000162627.18,316,165,85,510,605,50,432,158
ENSG00000162630.7,89,194,63,1204,2197,140,1025,344
ENSG00000162631.21,2,4,2,10,7,0,2,1
ENSG00000162636.17,316,220,117,385,481,12,257,90
ENSG00000162639.17,38,27,58,28,31,4,28,6
ENSG00000162641.20,0,2,0,1,1,0,1,0
ENSG00000162642.15,263,331,159,351,431,25,308,139
ENSG00000162643.14,1,11,4,14,17,0,11,0
ENSG00000162645.14,552,886,896,1070,874,53,348,85
ENSG00000162650.18,133,38,109,62,133,15,55,37
ENSG00000162654.10,313,1202,170,838,1795,82,544,197
ENSG00000162664.18,399,310,252,1055,705,41,600,213
ENSG00000162669.16,7,6,3,22,81,1,60,14
ENSG00000162670.12,0,2,0,45,43,3,2,9
ENSG00000162676.14,2,18,8,10,11,0,6,3
ENSG00000162687.19,22,21,24,38,80,0,13,6
ENSG00000162688.18,245,409,135,4660,3215,223,2108,672
ENSG00000162692.13,229,207,210,374,321,18,153,43
ENSG00000162694.15,261,160,94,228,534,25,310,110
ENSG00000162695.14,407,330,174,335,312,10,185,68
ENSG00000162702.9,96,117,43,390,367,33,285,114
ENSG00000162704.16,1904,2018,1269,1365,1589,132,725,343
ENSG00000162706.14,268,151,178,116,299,35,141,131
ENSG00000162711.20,7,6,29,61,42,2,38,9
ENSG00000162714.14,267,258,224,619,800,73,397,360
ENSG00000162722.9,95,17,600,27,9,0,9,1
ENSG00000162723.10,5,2,0,3,1,0,0,0
ENSG00000162727.3,0,0,0,0,0,0,0,0
ENSG00000162728.6,0,2,0,3,2,0,0,0
ENSG00000162729.15,333,373,221,416,773,131,433,524
ENSG00000162733.20,1073,1828,1235,1208,2746,190,2332,706
ENSG00000162734.14,9315,3490,1854,12119,11106,2052,5324,4610
ENSG00000162735.20,535,666,355,2512,3449,324,1870,1234
ENSG00000162736.19,832,777,429,2661,2953,330,1689,1182
ENSG00000162738.8,59,100,44,162,244,28,121,42
ENSG00000162739.15,3,36,4,16,12,2,17,3
ENSG00000162745.11,57,60,50,110,232,26,106,43
ENSG00000162746.15,2,6,5,4,15,0,2,2
ENSG00000162747.14,32,68,404,146,123,6,1,7
ENSG00000162753.13,0,2,1,0,7,0,0,0
ENSG00000162755.15,4,42,2,20,171,11,81,131
ENSG00000162757.5,33,20,21,51,127,2,50,15
ENSG00000162761.14,6,8,13,3,2,0,2,3
ENSG00000162763.4,0,3,0,20,5,0,2,11
ENSG00000162769.14,180,88,92,96,111,3,80,33
ENSG00000162771.8,2,0,0,1,0,0,0,0
ENSG00000162772.19,725,5920,227,1056,667,42,1735,942
ENSG00000162775.17,107,224,91,225,230,20,157,56
ENSG00000162777.18,35,70,88,47,55,1,35,3
ENSG00000162779.22,2,0,1,0,0,0,2,0
ENSG00000162782.17,0,2,0,2,0,0,6,0
ENSG00000162783.11,715,787,250,1040,1006,166,808,463
ENSG00000162804.16,1285,102,2053,331,481,23,350,109
ENSG00000162813.19,151,143,52,402,588,43,264,166
ENSG00000162814.12,6,3,2,23,31,0,9,9
ENSG00000162817.7,428,889,259,615,1699,140,721,458
ENSG00000162819.13,395,474,227,929,952,53,444,164
ENSG00000162825.18,106,27,24,185,73,3,61,37
ENSG00000162836.13,74,42,45,192,454,25,199,168
ENSG00000162843.18,0,2,0,1,4,0,5,0
ENSG00000162849.16,13,5,11,147,270,42,96,41
ENSG00000162851.9,109,81,39,403,533,51,325,180
ENSG00000162852.15,395,655,147,1177,846,52,353,391
ENSG00000162869.17,232,295,156,323,476,45,271,139
ENSG00000162873.16,4,1,150,1,5,0,0,2
ENSG00000162877.13,1,4,1,45,18,2,11,1
ENSG00000162878.14,1558,668,669,1390,1570,100,887,662
ENSG00000162881.7,6,43,36,7,30,1,6,10
ENSG00000162882.16,64,238,139,28,137,25,77,59
ENSG00000162885.15,370,195,103,1274,943,61,406,335
ENSG00000162889.12,3856,1478,1422,18511,9921,1266,3193,4353
ENSG00000162891.11,1,0,0,0,0,0,0,0
ENSG00000162892.16,13,0,0,3,0,0,1,0
ENSG00000162894.13,59,43,23,122,103,18,58,42
ENSG00000162896.7,4,44,4,1,1,0,0,2
ENSG00000162897.16,0,4,1,0,0,0,0,0
ENSG00000162909.19,2498,3537,1267,4050,4569,472,2098,1261
ENSG00000162910.20,247,474,221,249,579,130,314,647
ENSG00000162923.18,1126,1127,723,3948,3247,315,2503,1034
ENSG00000162924.17,94,286,61,337,318,19,329,60
ENSG00000162927.16,32,68,28,80,163,4,107,45
ENSG00000162928.10,211,269,87,1010,871,77,571,247
ENSG00000162929.15,119,84,53,229,260,14,279,70
ENSG00000162931.13,4,2,11,4,17,0,15,1
ENSG00000162944.12,197,377,82,132,295,4,144,78
ENSG00000162946.24,159,129,150,292,228,17,102,50
ENSG00000162949.17,2,5,4,0,0,0,0,0
ENSG00000162951.12,4,1,0,4,23,8,17,10
ENSG00000162959.15,480,222,137,1387,1089,131,594,399
ENSG00000162961.15,334,407,204,391,528,60,325,275
ENSG00000162971.12,96,103,73,182,159,11,117,55
ENSG00000162972.11,107,97,47,320,511,48,287,232
ENSG00000162975.6,5,2,0,2,8,3,2,6
ENSG00000162976.13,205,319,228,158,394,18,195,69
ENSG00000162980.18,623,628,321,2344,2493,100,933,381
ENSG00000162981.15,10,3,13,31,31,1,18,4
ENSG00000162989.5,3,13,3,117,143,3,51,6
ENSG00000162992.5,0,0,0,0,0,0,0,0
ENSG00000162994.17,40,26,26,62,81,6,76,31
ENSG00000162998.6,31,380,76,161,567,19,109,131
ENSG00000162999.13,26,54,11,250,372,18,174,50
ENSG00000163001.13,649,720,428,518,765,44,343,99
ENSG00000163002.14,168,165,84,261,235,13,169,88
ENSG00000163006.13,13,5,7,5,42,1,19,0
ENSG00000163012.4,0,0,0,0,0,0,0,0
ENSG00000163013.12,11,13,32,35,28,1,19,6
ENSG00000163017.15,5,39,452,195,178,23,123,132
ENSG00000163026.12,157,77,87,355,278,23,165,75
ENSG00000163029.17,312,353,152,585,709,46,534,201
ENSG00000163032.13,16,29,10,175,544,57,296,258
ENSG00000163040.16,70,59,83,62,77,5,23,17
ENSG00000163041.14,3278,4046,2522,7035,8129,609,3699,2769
ENSG00000163046.16,0,0,0,0,0,0,0,0
ENSG00000163050.19,1170,1766,524,12113,10087,1510,5157,4910
ENSG00000163053.12,64,126,41,90,280,7,112,41
ENSG00000163060.9,15,10,80,5,2,1,0,0
ENSG00000163064.7,1,0,0,0,0,0,0,0
ENSG00000163069.14,1095,983,373,4586,3998,282,2092,1382
ENSG00000163071.12,67,155,53,74,97,3,38,24
ENSG00000163072.17,126,674,106,368,394,17,111,42
ENSG00000163075.14,1,9,3,3,18,2,14,5
ENSG00000163082.11,33,71,9,307,791,85,339,395
ENSG00000163083.6,103,128,56,91,177,17,99,89
ENSG00000163092.22,19301,513,49,43270,16840,2318,11132,3794
ENSG00000163093.13,93,64,66,183,365,26,175,245
ENSG00000163104.19,241,223,73,457,534,27,445,138
ENSG00000163106.12,12,16,22,54,47,2,31,3
ENSG00000163110.16,5061,2065,1276,42804,29402,2981,16498,8928
ENSG00000163114.6,0,0,0,0,0,0,0,0
ENSG00000163116.10,0,1,2,0,3,1,4,1
ENSG00000163121.11,1,3,3,2,5,0,0,0
ENSG00000163125.17,382,413,195,1360,1424,176,1004,431
ENSG00000163126.16,110,297,18,79,833,42,261,154
ENSG00000163131.13,147,462,205,701,690,32,265,83
ENSG00000163132.8,171,466,44,72,118,15,60,75
ENSG00000163138.20,108,126,95,155,262,10,204,70
ENSG00000163141.21,19,16,7,6,23,0,14,11
ENSG00000163145.14,29,189,56,22,235,13,126,70
ENSG00000163154.7,20,18,54,50,34,3,12,8
ENSG00000163155.12,171,133,71,371,491,44,233,198
ENSG00000163156.13,320,254,281,259,349,45,146,127
ENSG00000163157.16,5,2,14,6,12,0,2,2
ENSG00000163159.16,390,340,234,653,807,140,471,438
ENSG00000163161.15,445,263,291,728,993,101,620,453
ENSG00000163162.10,593,526,573,557,494,32,317,208
ENSG00000163166.16,635,635,297,1989,1651,203,869,567
ENSG00000163170.13,299,307,120,396,852,128,482,483
ENSG00000163171.9,860,1411,239,5664,3551,377,2096,1024
ENSG00000163191.7,6837,2084,4244,2446,1382,253,499,635
ENSG00000163202.5,0,0,0,0,0,0,0,0
ENSG00000163206.6,0,0,0,0,0,0,0,0
ENSG00000163207.7,0,0,0,0,0,0,0,0
ENSG00000163209.15,0,0,0,0,0,0,2,1
ENSG00000163214.22,146,181,115,345,388,47,232,123
ENSG00000163216.7,0,0,0,0,0,0,0,0
ENSG00000163217.3,1,0,0,6,1786,1,350,0
ENSG00000163218.15,0,0,0,0,0,0,0,0
ENSG00000163219.12,113,361,182,253,331,22,152,78
ENSG00000163220.12,641,356,10078,748,342,40,29,22
ENSG00000163221.9,87,43,1375,83,8,2,3,3
ENSG00000163235.17,5,14,25,105,61,2,17,11
ENSG00000163239.13,209,174,259,57,121,3,68,35
ENSG00000163249.14,208,154,62,528,313,36,247,97
ENSG00000163251.5,65,70,23,136,211,15,146,65
ENSG00000163254.5,0,0,0,0,0,0,0,0
ENSG00000163257.13,197,281,237,569,836,32,638,151
ENSG00000163263.7,0,4,4,3,3,1,2,0
ENSG00000163273.5,175,266,42,14,50,10,139,36
ENSG00000163281.13,249,193,93,354,541,49,431,124
ENSG00000163283.7,0,5,5,1,0,0,0,0
ENSG00000163285.9,0,0,0,0,1,0,0,0
ENSG00000163286.9,0,0,0,0,0,0,1,0
ENSG00000163288.14,3,2,0,21,23,3,17,20
ENSG00000163291.15,94,93,47,223,376,17,304,70
ENSG00000163293.13,6,4,0,11,25,1,16,1
ENSG00000163295.5,0,0,0,0,0,0,0,0
ENSG00000163297.19,822,508,439,1850,1589,159,1230,618
ENSG00000163312.12,117,210,118,299,440,24,258,122
ENSG00000163319.12,343,293,180,548,707,83,553,321
ENSG00000163320.13,1103,1258,732,2683,2103,119,1322,512
ENSG00000163322.15,93,181,74,146,289,10,192,64
ENSG00000163328.15,106,198,80,884,906,68,579,313
ENSG00000163331.12,76,37,36,42,55,1,2,4
ENSG00000163344.7,585,983,404,791,1533,214,669,981
ENSG00000163346.18,458,1517,678,1915,3260,562,1642,1422
ENSG00000163347.6,4,84,3,6,58,1,16,12
ENSG00000163348.4,424,211,257,797,725,68,348,240
ENSG00000163349.23,619,463,390,4392,2012,151,1171,519
ENSG00000163352.6,0,0,0,0,0,0,0,0
ENSG00000163354.15,8,11,46,1,22,0,7,1
ENSG00000163357.11,1,1,2,1,2,1,0,0
ENSG00000163359.18,23494,3754,6552,8610,7895,1347,3649,1855
ENSG00000163362.12,16,32,69,6,12,0,2,2
ENSG00000163374.22,1172,841,1097,2785,2195,244,1443,877
ENSG00000163376.11,69,59,7,267,121,3,71,57
ENSG00000163377.17,0,0,0,0,1,0,0,0
ENSG00000163378.14,306,306,227,1276,697,39,590,226
ENSG00000163380.17,374,2425,205,6070,9832,1518,4953,1176
ENSG00000163382.14,901,901,449,2305,2422,354,1169,1408
ENSG00000163389.13,432,214,149,480,256,12,152,159
ENSG00000163393.14,85,57,58,440,312,10,218,74
ENSG00000163394.6,0,0,0,0,0,0,0,0
ENSG00000163395.17,4,5,0,0,8,1,0,0
ENSG00000163399.17,10345,2217,2158,43967,9448,1461,4680,4550
ENSG00000163406.12,43,68,25,69,210,18,421,66
ENSG00000163412.14,359,584,251,2613,2617,163,1128,574
ENSG00000163421.9,5,9,40,5,6,0,0,0
ENSG00000163424.9,0,0,0,0,0,0,0,0
ENSG00000163428.5,338,324,165,816,685,38,518,220
ENSG00000163430.14,8143,3388,4695,8775,9738,662,4610,5909
ENSG00000163431.15,109,220,712,685,877,119,565,221
ENSG00000163435.16,25,77,30,579,6,1,7,1
ENSG00000163440.13,0,0,0,0,0,0,0,0
ENSG00000163444.13,889,621,563,985,1053,116,478,399
ENSG00000163449.12,9,9,11,6,18,2,13,7
ENSG00000163453.12,11524,8895,7208,12148,18251,2740,10985,11416
ENSG00000163462.19,2,6,5,8,7,0,0,3
ENSG00000163463.14,1428,1003,997,847,1083,131,535,662
ENSG00000163464.8,19,28,130,51,24,5,2,3
ENSG00000163466.17,3847,2343,1644,4824,4049,639,2427,2311
ENSG00000163467.13,1,1,2,0,2,0,3,0
ENSG00000163468.16,3813,1307,863,4097,3997,607,1794,1909
ENSG00000163472.20,90,32,51,34,87,12,65,49
ENSG00000163479.15,4512,2302,1455,1832,2684,234,1181,1124
ENSG00000163481.9,308,241,238,306,333,46,191,135
ENSG00000163482.13,276,85,143,159,242,15,195,58
ENSG00000163485.19,82,47,45,204,559,59,233,190
ENSG00000163491.19,38,44,9,95,378,18,306,65
ENSG00000163492.17,33,72,21,2433,3323,325,1630,767
ENSG00000163497.3,0,0,0,0,0,0,0,0
ENSG00000163499.13,0,0,0,0,0,0,0,0
ENSG00000163501.7,1,8,0,1,3,0,0,0
ENSG00000163507.16,13,13,10,70,54,3,28,7
ENSG00000163508.13,4,38,8,4,18,1,10,7
ENSG00000163510.15,253,458,160,511,494,49,320,52
ENSG00000163512.15,625,546,426,851,996,56,596,261
ENSG00000163513.21,5087,2521,2680,9729,8698,645,3598,2612
ENSG00000163515.7,0,0,0,0,0,0,0,0
ENSG00000163516.15,351,217,582,520,803,82,536,271
ENSG00000163517.16,213,421,165,881,1653,170,581,1019
ENSG00000163518.11,0,0,0,0,0,0,0,0
ENSG00000163519.14,0,0,0,0,8,0,0,0
ENSG00000163520.15,2827,2305,1703,1141,4688,820,3210,2352
ENSG00000163521.17,29,23,45,49,72,8,48,14
ENSG00000163527.12,1797,1404,669,4509,4713,338,2496,1154
ENSG00000163528.14,210,145,113,973,791,87,363,342
ENSG00000163530.5,0,0,0,0,0,0,0,0
ENSG00000163531.18,479,559,547,811,1242,94,706,357
ENSG00000163534.17,4,3,13,1,5,0,0,0
ENSG00000163535.19,18,23,16,38,65,3,30,8
ENSG00000163536.14,60,234,30,142,283,12,125,66
ENSG00000163539.20,321,652,173,1595,2494,231,1486,672
ENSG00000163541.13,1316,1948,473,6272,9245,1089,5017,4868
ENSG00000163545.11,14,53,23,17,76,5,3,7
ENSG00000163554.15,3,10,246,2,5,0,0,2
ENSG00000163558.14,386,309,156,716,628,33,481,183
ENSG00000163563.9,24,42,187,116,131,6,33,10
ENSG00000163564.15,4,29,7,4,21,2,1,2
ENSG00000163565.21,2492,1666,1609,1929,1388,103,661,305
ENSG00000163568.18,16,6,24,12,7,0,3,2
ENSG00000163576.18,1,7,0,0,1,0,10,0
ENSG00000163577.9,100,161,76,280,230,11,94,53
ENSG00000163581.15,0,210,0,0,0,0,0,0
ENSG00000163584.19,1155,299,333,201,200,18,97,59
ENSG00000163586.11,0,700,2,2,5,0,0,0
ENSG00000163590.14,169,169,127,1512,1449,161,1197,369
ENSG00000163596.18,53,96,117,173,351,10,284,56
ENSG00000163599.18,25,18,9,15,10,1,14,13
ENSG00000163600.14,0,9,0,3,1,0,3,0
ENSG00000163602.12,18,20,23,22,14,0,11,15
ENSG00000163605.16,942,824,321,1712,1604,83,860,377
ENSG00000163606.11,3,6,6,3,44,2,23,2
ENSG00000163607.19,108,154,49,385,559,56,410,203
ENSG00000163608.16,386,258,303,684,789,99,547,382
ENSG00000163611.12,65,107,22,98,168,8,91,33
ENSG00000163617.12,16,62,38,40,92,3,74,11
ENSG00000163618.19,7,69,13,418,573,39,301,181
ENSG00000163623.10,1,1,0,0,0,0,0,0
ENSG00000163624.7,2,18,2,65,45,2,64,17
ENSG00000163625.17,450,414,287,1953,1482,93,1107,373
ENSG00000163626.18,161,118,84,516,856,60,343,228
ENSG00000163629.14,194,240,93,267,385,17,237,125
ENSG00000163630.11,0,0,0,9,14,0,6,0
ENSG00000163631.20,15,28987,12,14,110,0,4,0
ENSG00000163632.15,0,0,0,0,0,0,0,0
ENSG00000163633.13,0,0,0,1,1,0,9,4
ENSG00000163634.12,672,613,338,1005,1524,157,932,569
ENSG00000163635.21,258,298,161,880,524,45,472,241
ENSG00000163636.12,647,599,315,1514,2100,247,1331,871
ENSG00000163637.14,562,385,185,454,531,33,243,98
ENSG00000163638.13,2511,346,1059,2069,587,62,245,223
ENSG00000163644.16,445,1246,436,4491,11495,1327,10974,4320
ENSG00000163645.15,0,0,0,0,1,1,0,0
ENSG00000163646.12,0,0,0,0,0,0,0,0
ENSG00000163655.17,499,442,266,950,1071,98,680,266
ENSG00000163659.14,376,2527,167,4118,885,56,1029,503
ENSG00000163660.13,1076,2074,988,853,866,25,743,421
ENSG00000163661.5,1876,31,179,942,44,11,7,17
ENSG00000163666.11,4,6,12,1,21,0,4,6
ENSG00000163673.9,18,39,8,21,29,2,7,5
ENSG00000163681.18,1433,978,233,8267,8199,850,6150,2957
ENSG00000163682.18,13166,24184,13700,10807,16592,1738,10621,6898
ENSG00000163683.13,658,703,425,470,910,64,435,128
ENSG00000163684.12,389,216,152,1365,1261,95,760,641
ENSG00000163686.16,111,158,52,123,252,30,130,94
ENSG00000163687.15,15,68,49,23,220,9,42,21
ENSG00000163689.22,11,7,1,2,5,1,4,2
ENSG00000163694.16,22,84,77,94,86,7,39,5
ENSG00000163697.19,879,1038,452,1030,1109,78,623,344
ENSG00000163701.20,29,22,15,17,31,6,32,23
ENSG00000163702.22,178,178,194,305,494,110,355,404
ENSG00000163703.21,1100,584,294,1035,2006,242,1256,1491
ENSG00000163704.14,12,13,21,11,28,7,21,29
ENSG00000163705.13,0,0,0,0,0,0,0,0
ENSG00000163710.10,2066,717,647,1504,2667,214,1429,703
ENSG00000163714.19,690,870,416,1646,1527,57,1431,358
ENSG00000163719.21,355,598,360,1265,1586,224,775,842
ENSG00000163728.12,449,393,336,443,725,9,920,218
ENSG00000163734.4,13,243,6,13,24,0,2,3
ENSG00000163735.7,9,8,14,12,2,0,0,2
ENSG00000163736.5,2,52,2,11,7,0,0,4
ENSG00000163737.5,0,31,0,3,4,0,2,0
ENSG00000163738.20,77,53,48,124,191,12,114,70
ENSG00000163739.6,139,456,156,55,11,3,8,9
ENSG00000163743.15,259,261,93,816,967,67,615,298
ENSG00000163746.14,1,1,0,0,1,0,0,0
ENSG00000163749.18,0,1,1,7,4,0,4,2
ENSG00000163751.5,17,27,21,90,122,5,77,39
ENSG00000163754.19,1380,668,479,5204,4539,501,2175,1473
ENSG00000163755.10,217,175,131,319,283,21,149,66
ENSG00000163762.8,277,529,122,395,784,38,260,81
ENSG00000163781.15,209,235,133,670,555,54,351,107
ENSG00000163785.15,1065,1182,435,1668,1797,85,994,669
ENSG00000163788.15,646,1674,281,1283,1662,89,860,542
ENSG00000163792.7,2,4,2,5,25,0,0,4
ENSG00000163793.13,4,0,1,29,49,0,16,3
ENSG00000163794.6,12,16,26,3,10,0,7,0
ENSG00000163795.15,365,192,204,234,282,25,152,153
ENSG00000163798.15,264,288,146,849,958,160,645,197
ENSG00000163803.13,14,15,73,53,80,6,26,15
ENSG00000163806.16,2,0,0,1,0,0,7,4
ENSG00000163807.7,255,422,255,1200,1991,133,972,399
ENSG00000163808.18,7,5,23,7,37,0,9,0
ENSG00000163810.13,0,0,0,0,0,0,0,1
ENSG00000163811.13,557,257,201,731,543,35,326,137
ENSG00000163812.17,766,522,534,1824,1843,215,963,742
ENSG00000163814.9,15,9,23,49,19,0,1,7
ENSG00000163815.7,1226,2724,532,490,2898,330,1068,2244
ENSG00000163817.18,0,2,0,3,3,0,0,0
ENSG00000163818.21,163,162,71,226,349,17,206,63
ENSG00000163820.17,595,723,396,6836,10664,1077,5414,2635
ENSG00000163823.5,28,9,105,205,70,11,64,6
ENSG00000163825.5,0,24,0,0,0,0,0,0
ENSG00000163827.15,327,528,244,6126,7051,690,3276,2404
ENSG00000163832.17,197,229,112,352,638,79,273,294
ENSG00000163833.9,83,627,238,3765,13159,1227,7198,3594
ENSG00000163840.10,488,550,336,1563,949,53,500,139
ENSG00000163848.22,309,451,138,1319,1473,73,900,303
ENSG00000163864.19,60,118,65,258,526,50,227,151
ENSG00000163866.10,783,466,325,1925,1163,151,476,652
ENSG00000163867.18,223,264,193,379,579,24,266,183
ENSG00000163870.17,538,579,362,443,602,64,312,408
ENSG00000163872.17,500,252,227,568,721,50,337,196
ENSG00000163873.10,6,11,31,35,63,11,30,28
ENSG00000163874.12,114,205,111,152,116,13,66,110
ENSG00000163875.17,749,684,367,863,1069,99,548,348
ENSG00000163877.11,178,285,123,368,360,29,215,138
ENSG00000163879.12,58,105,90,55,122,5,92,42
ENSG00000163882.11,809,473,457,380,483,21,292,225
ENSG00000163884.5,211,121,140,1733,749,118,636,1147
ENSG00000163885.13,3,4,0,0,0,0,0,0
ENSG00000163888.4,6,1,5,2,2,0,0,2
ENSG00000163898.11,9,38,27,17,9,0,10,4
ENSG00000163900.12,274,333,191,368,442,49,173,167
ENSG00000163902.13,4565,1571,1331,4758,3667,503,2098,1610
ENSG00000163904.14,419,386,213,1444,1171,87,673,422
ENSG00000163909.9,5307,2476,1324,1386,1561,247,473,775
ENSG00000163913.15,378,158,334,678,696,69,284,221
ENSG00000163914.5,0,0,0,1,5,0,1,0
ENSG00000163918.13,123,72,67,163,187,11,73,39
ENSG00000163923.11,54,59,60,67,108,13,93,46
ENSG00000163930.10,967,621,657,1401,1808,173,714,846
ENSG00000163931.18,1421,383,769,867,1041,167,995,403
ENSG00000163932.17,313,142,247,1203,455,52,393,141
ENSG00000163933.12,328,178,132,334,353,27,186,114
ENSG00000163935.15,166,72,55,594,468,49,322,167
ENSG00000163938.18,1603,541,585,1383,934,112,630,393
ENSG00000163939.20,499,500,204,2456,1521,104,1139,453
ENSG00000163945.20,217,187,295,353,442,18,381,104
ENSG00000163946.15,647,704,413,1172,1138,52,722,325
ENSG00000163947.13,211,473,114,530,921,58,407,197
ENSG00000163950.14,378,363,266,378,456,34,230,181
ENSG00000163956.14,1429,1046,597,3386,5449,1655,2452,3855
ENSG00000163958.14,1,0,225,0,0,0,0,0
ENSG00000163959.11,1,13,34,2,3,2,4,16
ENSG00000163960.14,388,329,191,924,951,41,678,264
ENSG00000163961.4,397,317,180,731,686,41,324,207
ENSG00000163964.18,251,234,129,418,521,34,213,156
ENSG00000163975.15,134,91,76,103,109,96,51,121
ENSG00000163982.6,0,0,0,0,0,0,0,0
ENSG00000163993.7,15,13,253,2,3,0,0,0
ENSG00000163995.22,74,44,113,527,585,62,187,270
ENSG00000164002.13,65,55,70,140,117,12,94,44
ENSG00000164007.11,0,13,0,0,0,1,0,0
ENSG00000164008.18,110,184,89,330,432,40,168,190
ENSG00000164010.16,57,95,262,297,234,11,133,81
ENSG00000164011.19,132,109,147,185,321,28,137,100
ENSG00000164022.19,689,605,384,1214,1361,116,884,376
ENSG00000164023.16,436,88,49,1493,644,48,280,118
ENSG00000164024.13,598,311,203,2895,2200,239,1308,769
ENSG00000164031.18,276,421,118,668,682,13,375,109
ENSG00000164032.13,1105,1234,654,1901,1478,122,557,496
ENSG00000164035.11,916,3828,260,1390,1983,94,1043,344
ENSG00000164037.18,3,15,2,2,5,0,4,6
ENSG00000164038.17,281,57,154,224,135,12,58,39
ENSG00000164039.16,290,897,656,393,1070,61,551,359
ENSG00000164040.18,965,888,531,2181,2121,215,1185,584
ENSG00000164045.13,11,8,25,31,38,3,15,7
ENSG00000164047.6,10,5,22,1,9,2,0,0
ENSG00000164048.15,191,145,208,174,339,17,216,95
ENSG00000164049.14,1,0,4,0,0,0,0,0
ENSG00000164050.14,521,383,493,1167,1665,242,803,682
ENSG00000164051.15,124,139,50,275,492,46,227,200
ENSG00000164053.23,113,118,104,146,215,18,102,84
ENSG00000164054.18,2444,1757,1863,1422,1965,199,772,955
ENSG00000164056.12,2837,1679,1006,1514,1279,66,617,654
ENSG00000164061.5,12,4,9,21,47,9,33,12
ENSG00000164062.14,573,814,375,1868,2622,400,1035,1202
ENSG00000164066.14,100,111,65,132,405,6,374,127
ENSG00000164068.17,254,191,153,1226,1329,212,634,601
ENSG00000164070.13,196,126,43,410,492,52,239,193
ENSG00000164073.12,117,167,107,227,286,10,256,79
ENSG00000164074.18,120,210,85,543,1090,53,603,218
ENSG00000164076.18,0,0,0,0,2,0,0,0
ENSG00000164077.16,217,118,82,184,303,45,160,250
ENSG00000164078.16,19,84,18,32,123,3,23,9
ENSG00000164080.15,344,250,213,731,754,44,382,235
ENSG00000164081.14,404,487,284,797,944,118,425,541
ENSG00000164082.16,9,3,13,6,11,0,1,1
ENSG00000164086.10,843,395,210,667,869,113,463,321
ENSG00000164087.9,34,9,33,43,50,5,21,11
ENSG00000164088.19,264,397,388,311,327,27,159,132
ENSG00000164089.10,15,36,1,786,761,42,220,270
ENSG00000164091.13,1441,867,581,4238,3875,413,2156,1558
ENSG00000164093.18,1,3,0,6,19,0,1,6
ENSG00000164096.14,1583,2458,1152,3200,4599,471,2915,1605
ENSG00000164099.4,4,8,0,0,2,0,5,0
ENSG00000164100.10,0,0,0,0,1,0,0,0
ENSG00000164104.13,478,642,1175,621,1544,144,676,684
ENSG00000164105.5,214,121,89,218,255,43,159,168
ENSG00000164106.9,76,35,10,16,51,4,22,9
ENSG00000164107.9,657,617,191,1199,3079,639,2051,1397
ENSG00000164109.15,15,9,16,51,115,2,48,7
ENSG00000164111.16,13119,2919,1835,5222,5639,459,2738,1971
ENSG00000164112.14,0,3,0,5,25,0,0,3
ENSG00000164113.11,0,0,0,0,0,0,0,0
ENSG00000164114.20,82,169,22,264,393,18,368,50
ENSG00000164116.18,494,1268,366,3272,3849,191,2105,771
ENSG00000164117.15,282,354,137,524,650,54,350,203
ENSG00000164118.14,144,231,122,283,468,21,256,85
ENSG00000164120.14,10,81,81,43,29,1,21,7
ENSG00000164122.10,28,9,4,115,195,9,94,23
ENSG00000164123.7,0,0,1,0,0,0,0,2
ENSG00000164124.12,139,211,103,250,449,26,214,117
ENSG00000164125.17,2808,2032,1400,2982,4492,251,2233,759
ENSG00000164128.8,4,87,21,29,85,3,14,24
ENSG00000164129.13,1,8,5,3,18,0,4,8
ENSG00000164134.15,640,393,148,1791,1158,128,779,330
ENSG00000164136.18,86,149,63,108,115,4,98,24
ENSG00000164142.17,105,47,12,2121,521,94,313,294
ENSG00000164144.17,300,360,125,418,472,33,334,108
ENSG00000164151.12,392,333,224,1642,1076,81,897,347
ENSG00000164161.11,13,11,4,4,39,0,16,5
ENSG00000164162.15,119,225,101,146,262,32,168,104
ENSG00000164163.12,1012,477,290,1779,1297,118,808,305
ENSG00000164164.18,696,429,164,3361,1421,86,885,397
ENSG00000164167.14,259,297,159,225,220,17,109,100
ENSG00000164168.9,207,197,90,902,880,94,503,226
ENSG00000164169.14,91,416,72,255,337,31,305,118
ENSG00000164171.12,75,21,12,82,113,0,21,28
ENSG00000164172.21,672,580,271,2381,2719,197,1555,991
ENSG00000164175.15,0,0,0,0,0,0,0,0
ENSG00000164176.14,135,232,84,546,949,27,216,276
ENSG00000164180.16,126,136,72,327,365,14,313,116
ENSG00000164181.15,39,35,12,39,60,2,15,8
ENSG00000164182.13,689,364,199,604,667,126,421,113
ENSG00000164185.8,9,13,1,3,1,0,0,0
ENSG00000164187.8,123,193,51,707,650,34,539,147
ENSG00000164188.10,2,31,1,46,47,0,19,6
ENSG00000164190.19,543,634,324,1723,1463,132,1190,458
ENSG00000164197.13,61,144,54,294,319,11,140,61
ENSG00000164199.18,1,9,1,1,1,0,0,1
ENSG00000164209.18,397,455,181,2179,2451,166,1401,469
ENSG00000164211.14,208,282,54,364,526,16,323,63
ENSG00000164219.10,249,346,126,650,741,34,413,153
ENSG00000164220.7,82,13,34,42,44,6,21,8
ENSG00000164221.14,62,84,29,171,173,15,112,15
ENSG00000164236.12,60,87,56,345,559,43,188,78
ENSG00000164237.10,166,507,100,787,1778,189,927,595
ENSG00000164241.14,66,40,44,119,182,10,137,75
ENSG00000164244.22,743,368,260,828,924,74,495,256
ENSG00000164251.5,534,41,139,62,59,10,18,12
ENSG00000164252.14,322,256,128,758,826,82,600,229
ENSG00000164253.15,511,302,193,693,721,70,383,291
ENSG00000164256.11,0,0,0,0,0,0,0,0
ENSG00000164258.13,670,882,232,1687,3069,307,1704,1507
ENSG00000164265.10,28,35,15,36,45,0,10,3
ENSG00000164266.11,0,11,17,8,0,5,0,0
ENSG00000164270.20,437,13,76,81,180,6,6,27
ENSG00000164283.13,2,14,1,4,29,0,4,7
ENSG00000164284.16,312,607,125,501,639,19,377,108
ENSG00000164287.13,0,0,0,0,1,0,0,0
ENSG00000164291.18,71,54,27,125,173,11,93,65
ENSG00000164292.14,1213,712,531,2766,2207,184,1486,515
ENSG00000164294.15,749,170,242,223,448,27,177,57
ENSG00000164296.8,48,35,55,83,106,13,45,47
ENSG00000164299.7,0,0,0,0,0,0,0,0
ENSG00000164300.19,408,272,105,736,841,40,465,137
ENSG00000164303.12,6,15,7,5,7,1,3,9
ENSG00000164304.16,0,1,0,1,2,0,0,0
ENSG00000164305.21,453,727,158,671,477,29,339,214
ENSG00000164306.12,143,196,85,180,270,20,201,73
ENSG00000164307.14,431,343,146,1884,1841,85,1360,347
ENSG00000164308.19,302,216,278,1295,797,36,357,164
ENSG00000164309.16,4192,1448,2794,130975,56757,4466,18867,15136
ENSG00000164318.18,241,926,329,695,1144,84,492,457
ENSG00000164323.16,431,320,170,703,636,28,376,137
ENSG00000164325.8,0,11,4,0,0,0,0,1
ENSG00000164326.5,0,0,0,0,3,0,0,0
ENSG00000164327.15,461,383,146,1441,1228,54,855,309
ENSG00000164329.16,339,406,203,667,904,45,605,193
ENSG00000164330.19,443,754,626,322,570,29,419,155
ENSG00000164331.11,46,85,57,286,376,27,171,100
ENSG00000164332.9,280,286,164,525,581,37,421,153
ENSG00000164334.16,0,0,0,0,0,0,1,0
ENSG00000164338.11,174,116,65,384,276,20,179,93
ENSG00000164342.15,63,134,36,158,216,11,101,14
ENSG00000164344.18,46,160,82,10,24,0,213,26
ENSG00000164346.11,857,1063,731,1328,2510,157,1066,621
ENSG00000164347.19,248,291,111,1453,2039,140,1225,622
ENSG00000164362.22,0,0,0,0,0,0,0,0
ENSG00000164363.10,0,0,0,0,0,0,0,0
ENSG00000164366.5,337,223,139,741,917,84,511,508
ENSG00000164379.7,0,4,2,0,0,0,0,0
ENSG00000164398.16,3,9,97,28,108,2,94,22
ENSG00000164399.5,0,0,0,0,0,0,0,0
ENSG00000164400.6,0,0,0,0,1,0,0,0
ENSG00000164402.15,742,784,701,1239,1384,93,801,532
ENSG00000164403.16,287,134,190,147,270,17,96,121
ENSG00000164404.9,2,2,8,3,13,1,15,15
ENSG00000164405.12,2695,5494,1133,6330,10722,1276,3991,7499
ENSG00000164406.9,20,49,11,11,17,0,7,9
ENSG00000164411.13,1,0,0,0,0,0,0,1
ENSG00000164414.20,318,453,204,311,546,26,286,159
ENSG00000164418.22,3,19,7,543,144,10,115,25
ENSG00000164430.18,129,73,29,61,89,3,69,38
ENSG00000164434.12,0,0,0,0,0,0,0,0
ENSG00000164438.6,0,0,0,0,0,0,0,0
ENSG00000164440.16,205,183,35,2628,5787,583,4632,1456
ENSG00000164442.12,346,780,332,1843,1833,187,2793,1666
ENSG00000164451.14,0,9,1,0,6,0,1,1
ENSG00000164458.11,0,0,0,0,0,0,0,0
ENSG00000164463.13,248,727,279,944,1106,45,452,246
ENSG00000164465.20,127,277,166,237,272,9,160,141
ENSG00000164466.14,498,254,230,879,870,99,518,289
ENSG00000164483.17,1,28,1,8,19,2,13,1
ENSG00000164484.13,9,7,11,16,12,1,24,6
ENSG00000164485.15,0,1,0,1,1,0,5,0
ENSG00000164488.12,33,25,49,10,58,3,35,21
ENSG00000164494.13,174,133,56,634,881,113,356,265
ENSG00000164500.7,0,0,1,0,0,0,0,0
ENSG00000164506.17,244,200,116,948,650,36,366,115
ENSG00000164508.6,0,1,0,0,0,0,0,0
ENSG00000164509.17,2,0,1,17,2,0,0,0
ENSG00000164512.18,0,1,7,0,3,0,5,0
ENSG00000164520.12,6,6,2,6,20,0,5,1
ENSG00000164530.16,478,589,532,579,1660,111,448,636
ENSG00000164532.11,14,33,3,723,678,46,761,115
ENSG00000164535.16,307,155,182,273,286,30,130,147
ENSG00000164542.14,33,15,14,162,131,6,122,27
ENSG00000164543.8,619,305,215,2409,542,64,279,174
ENSG00000164548.13,1022,1398,691,1190,1268,69,833,504
ENSG00000164556.7,0,0,1,0,0,0,0,0
ENSG00000164574.17,937,323,653,821,741,84,238,230
ENSG00000164576.13,488,489,310,1608,1351,118,611,473
ENSG00000164587.14,8559,11147,6911,7167,11895,1673,5263,7734
ENSG00000164588.9,0,0,2,12,20,0,5,0
ENSG00000164591.15,38,33,11,182,195,27,31,55
ENSG00000164597.16,376,463,164,1962,2322,123,1388,313
ENSG00000164600.7,0,0,0,0,0,0,0,0
ENSG00000164603.13,224,253,61,635,691,56,438,182
ENSG00000164604.15,26,19,14,75,39,1,21,4
ENSG00000164609.11,413,744,357,1563,1524,182,815,518
ENSG00000164610.10,441,345,263,396,574,75,260,250
ENSG00000164611.14,35,21,231,26,31,3,13,1
ENSG00000164615.7,361,660,406,427,775,56,390,279
ENSG00000164619.10,28,98,69,52,116,1,143,34
ENSG00000164620.10,53,13,24,23,29,0,16,7
ENSG00000164626.10,12,32,14,15,40,7,16,10
ENSG00000164627.18,0,6,1,7,10,0,2,2
ENSG00000164631.19,335,414,157,711,943,59,489,272
ENSG00000164638.12,41,25,16,35,86,13,165,19
ENSG00000164645.3,0,0,0,0,0,0,0,0
ENSG00000164647.10,256,9,85,52,17,1,4,7
ENSG00000164649.21,102,143,87,556,1382,105,708,225
ENSG00000164651.18,0,0,0,0,0,0,0,0
ENSG00000164654.17,268,241,139,810,723,58,389,250
ENSG00000164659.16,96,206,69,197,312,11,160,85
ENSG00000164663.16,62,43,39,99,167,3,156,44
ENSG00000164674.18,69,82,50,236,423,50,552,227
ENSG00000164675.12,1,3,2,5,6,0,2,0
ENSG00000164683.19,487,704,71,394,526,34,208,182
ENSG00000164684.13,398,883,283,1743,2390,146,1341,598
ENSG00000164687.12,2844,8677,1053,2596,3722,251,1758,1614
ENSG00000164690.8,1,9,2,0,0,0,0,0
ENSG00000164691.20,5,27,27,34,76,4,31,6
ENSG00000164692.20,15401,2796,3023,5243,12680,1717,5445,2705
ENSG00000164694.18,29,225,3,141,470,9,470,369
ENSG00000164695.5,38,29,9,46,80,11,60,46
ENSG00000164707.17,2,1,5,4,18,1,3,10
ENSG00000164708.7,1817,9788,1022,5499,16075,2826,6647,8275
ENSG00000164713.10,1159,1657,950,1741,2736,385,959,1680
ENSG00000164715.7,296,125,112,1947,1315,140,797,622
ENSG00000164729.8,0,0,0,0,0,0,0,0
ENSG00000164733.24,3156,2851,2527,4291,7451,1853,4500,4777
ENSG00000164736.6,415,1253,112,208,159,27,205,283
ENSG00000164741.16,142,319,120,596,585,46,464,255
ENSG00000164742.17,180,133,118,660,354,29,160,130
ENSG00000164743.5,32,17,17,27,31,1,23,8
ENSG00000164744.14,2,1,1,0,0,0,0,1
ENSG00000164746.15,0,4,0,1,1,0,0,0
ENSG00000164749.13,0,9,0,0,0,1,0,0
ENSG00000164751.16,257,381,151,929,1147,65,640,324
ENSG00000164754.17,1336,1447,714,4991,5290,409,3095,1465
ENSG00000164756.13,0,0,2,0,0,0,0,0
ENSG00000164758.8,121,151,85,107,119,15,62,100
ENSG00000164761.10,325,5,18,3265,134,17,43,49
ENSG00000164764.12,4,25,32,39,70,5,64,16
ENSG00000164776.12,111,150,240,1884,1930,25,546,204
ENSG00000164778.4,5,1,0,1,0,1,0,1
ENSG00000164794.9,0,0,0,0,1,0,0,0
ENSG00000164796.18,0,3,0,2,0,0,0,1
ENSG00000164808.18,362,170,185,521,521,37,271,184
ENSG00000164815.12,163,203,99,145,289,15,153,79
ENSG00000164816.8,0,0,0,0,0,0,0,0
ENSG00000164818.17,305,220,72,507,690,95,402,354
ENSG00000164821.5,0,1,38,1,3,0,0,0
ENSG00000164822.5,0,1,0,1,0,0,0,0
ENSG00000164823.12,208,174,88,787,766,34,281,111
ENSG00000164825.4,7,40,14,0,0,0,0,5
ENSG00000164828.19,1397,1869,1261,4299,6191,461,3368,1814
ENSG00000164830.19,186,327,76,1285,1727,97,973,360
ENSG00000164841.6,17,20,7,64,86,7,11,16
ENSG00000164849.11,158,147,187,249,613,59,229,201
ENSG00000164850.17,41,90,34,53,185,21,60,77
ENSG00000164853.9,0,1,0,0,0,0,0,0
ENSG00000164855.17,1,8,1,3,20,1,97,29
ENSG00000164867.12,991,384,466,350,625,75,292,499
ENSG00000164871.18,0,0,0,0,0,0,0,0
ENSG00000164877.20,548,107,344,138,173,16,91,23
ENSG00000164879.8,20,29,146,367,131,6,172,13
ENSG00000164880.17,446,280,436,729,1301,304,751,736
ENSG00000164885.14,117,94,34,96,167,28,95,104
ENSG00000164889.16,1086,266,466,1338,1356,125,638,633
ENSG00000164893.9,0,0,0,0,0,0,0,0
ENSG00000164896.22,925,669,740,777,2391,383,815,1244
ENSG00000164897.15,267,152,164,166,391,117,249,542
ENSG00000164898.13,234,447,132,262,908,76,376,591
ENSG00000164900.5,2,22,1,2,26,0,6,6
ENSG00000164902.15,334,327,163,1006,794,81,405,271
ENSG00000164904.19,242,451,220,1784,2161,162,981,779
ENSG00000164916.12,466,130,238,1110,1023,69,448,310
ENSG00000164919.12,4166,5900,1649,10713,16171,1085,6658,7062
ENSG00000164920.11,85,98,182,41,51,10,39,20
ENSG00000164924.19,6061,5788,2536,10207,7895,542,4990,2031
ENSG00000164929.18,63,418,21,90,257,13,75,69
ENSG00000164930.13,91,400,38,421,647,23,268,137
ENSG00000164932.14,77,123,24,75,188,13,45,8
ENSG00000164933.13,325,344,93,476,460,44,287,132
ENSG00000164934.16,589,311,189,735,521,55,268,177
ENSG00000164935.6,2,1,1,0,1,0,1,2
ENSG00000164938.15,247,508,271,544,1249,36,560,156
ENSG00000164941.15,417,434,227,961,902,51,555,229
ENSG00000164944.13,521,466,243,1098,1136,77,595,348
ENSG00000164946.21,78,176,67,108,447,17,298,96
ENSG00000164949.9,545,392,115,263,843,87,345,173
ENSG00000164951.17,394,698,135,2032,3700,295,1738,476
ENSG00000164953.17,97,104,48,993,1349,44,856,204
ENSG00000164961.17,241,218,116,887,1107,106,675,285
ENSG00000164967.11,131,320,122,201,587,87,322,448
ENSG00000164970.16,1020,465,390,1187,1131,137,539,481
ENSG00000164972.14,14,70,20,35,161,17,65,126
ENSG00000164975.17,355,322,184,1002,1503,116,907,487
ENSG00000164976.10,489,248,59,454,459,58,287,188
ENSG00000164978.20,216,366,152,414,587,35,313,348
ENSG00000164983.10,401,392,127,2689,3584,238,2330,651
ENSG00000164985.16,502,1158,436,914,1459,102,839,123
ENSG00000164989.18,4,32,11,22,65,2,73,19
ENSG00000165006.15,836,582,543,2474,2268,200,1004,719
ENSG00000165023.7,0,2,0,1,3,1,4,0
ENSG00000165025.16,40,57,149,198,209,19,88,13
ENSG00000165028.13,128,126,96,820,1393,71,868,340
ENSG00000165029.17,129,272,211,857,822,52,450,129
ENSG00000165030.6,879,459,392,1257,918,70,538,351
ENSG00000165046.14,37,24,17,6,21,9,4,20
ENSG00000165055.17,384,229,146,814,836,60,563,273
ENSG00000165059.8,0,0,0,0,0,0,0,0
ENSG00000165060.16,239,192,92,1015,859,105,427,272
ENSG00000165061.16,0,7,0,5,51,1,12,19
ENSG00000165066.13,1,0,1,0,0,0,0,0
ENSG00000165071.16,212,317,299,288,697,18,439,313
ENSG00000165072.11,182,280,360,170,688,57,292,174
ENSG00000165076.14,0,0,0,0,0,0,0,0
ENSG00000165078.14,0,1,0,0,1,0,0,0
ENSG00000165084.17,5,16,2,13,22,0,26,4
ENSG00000165091.18,0,3,3,5,2,0,1,0
ENSG00000165092.14,364,1673,601,308,1233,83,858,341
ENSG00000165097.17,129,69,57,382,544,45,231,86
ENSG00000165102.16,777,685,757,1916,1720,138,1053,502
ENSG00000165105.11,7,14,4,40,31,0,7,6
ENSG00000165113.14,115,126,56,490,521,65,382,230
ENSG00000165115.16,89,131,43,148,189,3,166,45
ENSG00000165118.15,121,62,42,360,327,43,211,132
ENSG00000165119.24,5757,5199,2673,11672,11309,1128,6806,3858
ENSG00000165120.5,0,0,1,0,0,0,3,0
ENSG00000165124.19,572,373,921,753,1055,101,629,368
ENSG00000165125.22,0,13,0,0,1,0,0,0
ENSG00000165131.8,0,1,0,0,0,0,0,0
ENSG00000165138.19,270,76,214,163,189,18,135,54
ENSG00000165140.13,16,196,52,76,26,7,23,12
ENSG00000165152.10,251,337,89,1857,1719,242,880,764
ENSG00000165156.16,291,537,178,1172,997,47,733,227
ENSG00000165164.14,1,6,0,0,1,0,0,0
ENSG00000165168.10,89,67,245,663,544,47,275,16
ENSG00000165169.12,473,501,193,1037,764,41,448,183
ENSG00000165171.12,8,2,9,3,16,4,11,10
ENSG00000165175.18,407,258,325,788,1042,235,999,553
ENSG00000165181.17,0,2,0,0,0,0,2,0
ENSG00000165182.13,0,2,1,3,13,0,1,2
ENSG00000165185.16,61,23,10,233,136,18,90,49
ENSG00000165186.13,10,5,4,11,5,0,14,4
ENSG00000165188.15,0,0,0,0,4,0,1,0
ENSG00000165192.15,42,434,77,1457,1722,189,1126,606
ENSG00000165194.16,21,80,4,19,75,8,43,21
ENSG00000165195.16,134,198,65,214,177,7,104,58
ENSG00000165197.6,285,285,727,86,303,21,173,116
ENSG00000165202.3,0,0,0,0,0,0,0,0
ENSG00000165204.3,0,0,0,0,0,0,0,0
ENSG00000165209.20,107,108,52,527,396,50,255,146
ENSG00000165215.6,0,7,0,0,0,0,0,0
ENSG00000165219.24,510,403,309,1457,1104,118,863,396
ENSG00000165233.19,235,172,192,198,365,56,160,280
ENSG00000165238.18,100,549,222,3021,5419,1249,3076,2699
ENSG00000165240.22,101,125,55,237,268,16,325,59
ENSG00000165244.7,17,20,29,123,232,23,104,40
ENSG00000165246.16,0,86,35,33,69,6,52,15
ENSG00000165259.15,44,61,17,95,55,5,24,11
ENSG00000165264.12,907,789,282,1745,3256,367,1623,1376
ENSG00000165269.14,503,661,764,2597,5454,468,3196,2500
ENSG00000165271.18,906,176,316,825,694,95,380,268
ENSG00000165272.17,1256,372,691,656,303,22,51,418
ENSG00000165275.11,137,98,91,98,163,6,78,47
ENSG00000165280.19,5002,3230,1455,16394,11337,1991,5829,5917
ENSG00000165282.17,190,89,101,516,471,49,264,139
ENSG00000165283.17,1253,909,414,2667,2778,398,1237,1552
ENSG00000165288.11,143,143,65,354,353,11,222,49
ENSG00000165300.9,1,9,8,6,24,0,18,3
ENSG00000165304.9,3,7,16,8,24,0,0,0
ENSG00000165309.14,1,6,0,1,0,0,0,0
ENSG00000165312.7,880,3074,138,1192,1222,66,2479,1439
ENSG00000165322.19,239,465,225,801,987,69,631,230
ENSG00000165323.17,1,3,2,10,7,0,35,1
ENSG00000165325.15,0,2,0,0,0,0,0,0
ENSG00000165338.17,167,107,38,209,196,5,138,43
ENSG00000165349.13,1,0,0,0,1,0,1,0
ENSG00000165355.9,160,253,118,206,211,11,186,85
ENSG00000165359.17,112,171,110,116,193,4,134,42
ENSG00000165370.3,0,0,0,0,0,0,0,0
ENSG00000165376.13,0,12,2,3,1,4,1,0
ENSG00000165379.15,54,23,18,11,40,2,33,5
ENSG00000165383.12,5,5,0,0,1,0,0,0
ENSG00000165389.7,851,619,454,823,861,59,483,232
ENSG00000165392.12,202,107,122,310,289,10,192,73
ENSG00000165406.17,253,263,825,1717,1448,153,854,566
ENSG00000165409.18,2,10,1,4,6,0,1,0
ENSG00000165410.15,6299,817,408,17250,11282,1394,5896,3721
ENSG00000165416.16,1101,811,392,1390,1621,114,910,597
ENSG00000165417.13,389,295,149,693,884,51,427,123
ENSG00000165424.8,1534,1031,1138,4569,2574,253,1425,1088
ENSG00000165434.9,142,112,51,172,176,6,80,36
ENSG00000165443.12,0,4,1,2,3,1,15,6
ENSG00000165449.13,17,94,25,41,104,3,56,29
ENSG00000165457.16,22,12,164,206,379,50,219,46
ENSG00000165458.16,1180,661,730,3185,4023,534,1982,1736
ENSG00000165462.5,0,0,0,0,0,0,3,0
ENSG00000165471.8,0,156,0,1,0,0,0,0
ENSG00000165474.9,3,16,3,13,15,1,6,3
ENSG00000165475.16,132,479,160,375,747,93,330,314
ENSG00000165476.15,500,391,197,748,850,58,433,185
ENSG00000165478.9,8,6,3,5,22,0,67,0
ENSG00000165480.17,1,1,23,10,12,0,3,2
ENSG00000165487.15,515,434,231,2366,2580,166,1571,736
ENSG00000165490.14,7,7,2,11,17,0,8,0
ENSG00000165494.13,378,587,304,566,1017,67,968,306
ENSG00000165495.17,1579,125,104,218,242,31,209,94
ENSG00000165496.5,0,0,0,0,1,0,0,0
ENSG00000165501.18,86,66,52,90,94,5,32,17
ENSG00000165502.8,2055,1965,1618,3510,3039,421,1382,1454
ENSG00000165506.15,114,73,37,207,268,29,167,121
ENSG00000165507.10,3677,556,6390,2954,1879,168,666,471
ENSG00000165509.14,2,0,14,1,0,0,7,4
ENSG00000165512.6,578,516,375,726,848,53,399,188
ENSG00000165516.12,414,703,344,1750,3046,224,1661,1115
ENSG00000165521.17,4,4,2,11,15,0,41,0
ENSG00000165525.19,337,428,198,1171,1282,108,879,211
ENSG00000165526.10,730,340,203,1563,1078,167,458,521
ENSG00000165527.9,1021,805,472,1413,1357,126,686,473
ENSG00000165533.20,124,86,57,170,249,23,155,105
ENSG00000165548.12,2,9,0,16,40,3,3,3
ENSG00000165553.5,0,0,0,0,0,0,0,0
ENSG00000165555.10,3,5,1,0,6,0,1,2
ENSG00000165556.11,0,0,0,0,0,0,1,0
ENSG00000165566.13,0,0,0,1,2,0,0,0
ENSG00000165568.19,54,30,33,21,21,2,14,18
ENSG00000165572.8,144,333,171,288,488,29,270,182
ENSG00000165583.16,0,0,0,0,0,0,0,0
ENSG00000165584.16,0,0,0,0,0,0,0,0
ENSG00000165588.20,0,0,0,0,0,0,0,0
ENSG00000165591.8,1,14,1,5,12,0,0,0
ENSG00000165606.11,0,0,0,0,0,0,0,0
ENSG00000165609.15,577,305,264,343,333,30,241,87
ENSG00000165617.16,332,101,54,108,279,19,144,36
ENSG00000165621.10,8,3,5,8,4,0,0,2
ENSG00000165623.11,0,0,0,0,0,0,0,0
ENSG00000165626.20,293,171,111,481,429,26,246,147
ENSG00000165629.21,5198,2666,1027,14897,18461,2131,10879,9536
ENSG00000165630.16,224,290,146,401,527,44,329,189
ENSG00000165632.9,166,145,102,614,539,80,267,53
ENSG00000165633.14,559,524,355,1151,1194,100,1221,412
ENSG00000165637.15,2469,1668,748,10472,12685,1660,5761,4628
ENSG00000165643.12,0,0,0,0,1,0,0,0
ENSG00000165644.12,119,226,89,87,196,110,155,291
ENSG00000165646.15,6,11,9,8,29,0,30,2
ENSG00000165650.13,456,267,223,1443,958,77,442,281
ENSG00000165655.17,215,142,74,102,175,45,180,162
ENSG00000165660.9,239,200,125,512,514,48,323,163
ENSG00000165661.18,386,134,140,515,297,31,260,198
ENSG00000165669.15,398,521,304,1033,1154,60,475,224
ENSG00000165671.23,537,323,249,1788,1416,148,876,465
ENSG00000165672.8,1295,834,500,6867,9438,489,4543,2879
ENSG00000165675.21,215,163,178,676,439,41,205,156
ENSG00000165678.23,2631,2075,1021,15255,18269,1437,9321,6405
ENSG00000165682.16,3,9,2,2,0,0,0,0
ENSG00000165684.7,115,62,86,139,236,27,131,114
ENSG00000165685.10,1,31,1,2,1,0,0,2
ENSG00000165688.15,476,1036,443,1512,2219,368,1122,1285
ENSG00000165689.18,430,219,231,418,419,30,217,170
ENSG00000165694.11,0,0,0,4,1,0,0,0
ENSG00000165695.11,5,4,4,1,5,0,8,1
ENSG00000165698.17,38,134,51,47,171,17,86,90
ENSG00000165699.17,566,460,604,1497,1849,107,1106,691
ENSG00000165702.16,2,2,42,5,2,0,0,2
ENSG00000165704.16,333,203,144,483,637,38,259,132
ENSG00000165714.12,78,79,41,136,214,29,143,71
ENSG00000165716.12,193,438,169,271,662,115,378,354
ENSG00000165724.7,319,186,126,230,246,28,131,170
ENSG00000165730.17,10,18,6,30,36,3,24,5
ENSG00000165731.23,32,407,26,34,410,11,457,163
ENSG00000165732.15,1205,610,338,2738,1253,149,852,344
ENSG00000165733.9,929,448,334,1883,1355,183,844,647
ENSG00000165752.18,88,45,71,64,117,18,59,58
ENSG00000165757.9,809,1522,340,1483,2778,200,949,609
ENSG00000165762.3,0,0,0,0,0,0,0,0
ENSG00000165775.19,2551,2573,978,7420,7128,993,3576,3512
ENSG00000165782.12,406,325,256,505,560,53,266,272
ENSG00000165792.19,644,302,646,947,1491,106,842,513
ENSG00000165794.10,0,2,3,0,3,0,0,1
ENSG00000165795.26,3172,2893,1975,11039,11425,1725,5195,5083
ENSG00000165799.5,0,0,0,0,0,0,0,0
ENSG00000165801.11,1954,605,699,1083,1167,114,723,523
ENSG00000165802.24,607,130,400,375,361,53,190,172
ENSG00000165804.17,468,147,272,622,882,398,513,939
ENSG00000165805.10,1,0,0,0,1,0,0,0
ENSG00000165806.22,455,261,145,486,585,11,268,216
ENSG00000165807.9,1,8,12,5,5,1,11,0
ENSG00000165810.18,1838,2187,1180,1227,3032,161,2391,915
ENSG00000165813.21,181,191,70,1002,765,44,647,242
ENSG00000165816.14,0,1,2,15,12,0,0,5
ENSG00000165819.13,610,346,465,752,904,65,605,386
ENSG00000165821.12,47,57,26,160,261,14,84,68
ENSG00000165828.16,0,226,0,0,0,0,0,0
ENSG00000165832.7,96,114,33,376,739,54,440,142
ENSG00000165837.12,0,0,0,0,0,0,0,0
ENSG00000165841.12,2,35,1,1,1,0,0,0
ENSG00000165861.15,213,170,151,616,659,98,324,300
ENSG00000165863.18,3,11,12,6,16,0,8,7
ENSG00000165868.16,366,289,234,647,777,73,451,242
ENSG00000165879.9,21,48,52,90,132,19,32,124
ENSG00000165886.6,519,210,139,180,453,197,262,480
ENSG00000165887.13,9387,1652,109,1654,1926,2660,377,2435
ENSG00000165891.17,5,7,7,6,14,0,6,0
ENSG00000165895.19,166,164,88,499,398,36,302,132
ENSG00000165898.15,192,245,108,367,605,131,369,379
ENSG00000165899.12,4,4,1,17,84,0,55,7
ENSG00000165905.19,0,10,1,0,4,0,0,0
ENSG00000165912.17,1399,1548,564,3921,4356,1161,1702,2630
ENSG00000165914.16,296,246,131,1684,1254,120,511,554
ENSG00000165915.15,1564,343,479,596,1248,188,630,816
ENSG00000165916.10,3001,2626,1611,3762,4274,723,1805,2000
ENSG00000165917.11,10,35,6,7,120,17,68,51
ENSG00000165923.17,7,24,12,2,4,0,7,0
ENSG00000165929.14,19,130,0,27,194,10,191,72
ENSG00000165934.14,460,468,232,1152,1375,145,616,361
ENSG00000165935.10,3,1,6,4,3,0,0,0
ENSG00000165943.6,279,407,157,1935,2545,6,84,56
ENSG00000165948.12,114,118,97,120,285,32,82,82
ENSG00000165949.14,2564,4544,2025,1469,3277,310,925,1371
ENSG00000165953.11,0,0,0,0,0,0,0,0
ENSG00000165959.13,681,273,184,882,649,34,534,348
ENSG00000165966.16,0,7,6,9,16,0,8,5
ENSG00000165970.12,0,0,0,1,0,0,0,0
ENSG00000165972.13,3,7,3,0,5,0,3,1
ENSG00000165973.20,0,0,0,1,0,0,1,0
ENSG00000165983.16,63,128,37,311,492,40,385,104
ENSG00000165985.12,0,0,0,0,0,0,1,0
ENSG00000165995.24,171,139,134,1919,1644,87,1125,1231
ENSG00000165996.15,824,442,144,2333,1832,257,1064,942
ENSG00000165997.6,400,689,94,525,529,22,379,96
ENSG00000166002.8,283,192,111,334,485,68,210,287
ENSG00000166004.15,138,158,138,332,317,14,257,30
ENSG00000166006.15,0,0,0,0,0,0,1,0
ENSG00000166012.18,1352,895,934,714,695,31,405,175
ENSG00000166016.7,358,99,210,721,557,154,306,168
ENSG00000166024.15,145,160,84,237,318,20,102,82
ENSG00000166025.19,1693,613,561,1802,1723,269,827,634
ENSG00000166033.14,995,1237,985,1721,2635,317,1086,1242
ENSG00000166035.12,3,46,6,13,11,1,6,1
ENSG00000166037.12,196,390,160,512,836,62,414,222
ENSG00000166046.13,54,86,106,1579,959,40,360,258
ENSG00000166049.11,0,0,0,1,0,0,0,0
ENSG00000166068.14,637,691,267,855,882,27,358,129
ENSG00000166069.15,0,0,0,0,0,0,0,0
ENSG00000166073.12,142,63,118,315,210,9,63,61
ENSG00000166086.14,1367,706,506,1590,1466,123,610,548
ENSG00000166090.8,0,0,0,0,0,0,0,0
ENSG00000166091.22,11,28,11,4,23,32,22,10
ENSG00000166105.17,0,0,0,0,0,0,0,0
ENSG00000166106.5,639,151,150,2090,1435,216,1852,452
ENSG00000166111.10,12,23,0,357,156,26,131,47
ENSG00000166118.8,0,0,1,0,0,0,0,1
ENSG00000166123.15,147,123,53,346,897,52,779,322
ENSG00000166126.12,1,10,4,0,0,0,0,0
ENSG00000166128.14,482,592,337,489,513,12,282,92
ENSG00000166130.15,739,181,189,325,234,3,97,46
ENSG00000166133.19,103,70,96,220,336,80,134,195
ENSG00000166135.15,695,370,364,2756,2341,247,974,940
ENSG00000166136.18,2500,2063,936,3694,6203,749,3352,4226
ENSG00000166140.17,238,250,246,454,693,60,261,241
ENSG00000166143.11,0,0,0,0,0,0,0,0
ENSG00000166145.16,13,43,13,34,28,5,32,18
ENSG00000166147.16,3951,1292,1923,4324,4667,490,1851,969
ENSG00000166148.4,68,210,27,170,404,10,272,133
ENSG00000166152.4,0,0,0,0,0,0,0,0
ENSG00000166153.18,3,5,0,17,17,0,1,2
ENSG00000166159.11,0,0,1,0,0,0,0,0
ENSG00000166160.9,0,0,0,0,0,0,0,0
ENSG00000166164.17,536,571,319,1565,1796,172,1051,533
ENSG00000166165.15,1240,2167,1092,2638,6882,2605,2114,6611
ENSG00000166166.14,377,147,296,136,237,23,184,167
ENSG00000166167.19,491,265,152,1310,1419,149,856,557
ENSG00000166169.18,201,202,331,260,592,45,236,301
ENSG00000166170.13,467,477,255,865,953,77,639,226
ENSG00000166171.14,200,186,123,270,321,65,139,210
ENSG00000166173.11,1355,1214,682,2500,1050,207,915,610
ENSG00000166181.14,833,678,440,1390,1499,118,922,371
ENSG00000166183.17,36,58,41,96,243,48,147,128
ENSG00000166188.4,135,60,41,411,358,36,143,206
ENSG00000166189.8,157,91,52,299,285,54,141,142
ENSG00000166192.16,29,17,15,137,181,23,148,58
ENSG00000166197.18,1267,609,436,1985,1515,166,802,380
ENSG00000166199.14,204,178,164,296,334,57,127,104
ENSG00000166200.16,1092,985,340,2343,2858,167,1452,649
ENSG00000166206.16,25,16,4,84,143,2,105,28
ENSG00000166211.8,0,0,0,0,2,0,0,0
ENSG00000166220.14,0,0,0,0,4,0,0,0
ENSG00000166224.19,550,408,253,860,742,40,339,199
ENSG00000166225.10,213,201,83,541,591,37,397,141
ENSG00000166226.14,2214,776,431,2944,2132,286,1247,915
ENSG00000166228.10,854,735,287,1337,3033,265,1326,1635
ENSG00000166233.16,787,852,368,2478,2344,243,1340,951
ENSG00000166246.15,4,10,3,5,16,3,12,6
ENSG00000166250.14,840,209,405,470,330,17,366,60
ENSG00000166257.11,130,86,47,122,78,12,36,37
ENSG00000166260.14,234,348,189,1061,1324,108,712,368
ENSG00000166261.12,285,177,190,341,283,7,139,137
ENSG00000166262.17,25,33,17,104,236,23,116,60
ENSG00000166263.14,145,88,62,149,177,9,138,58
ENSG00000166265.13,878,2766,341,989,1846,134,773,412
ENSG00000166266.15,317,476,134,1234,1488,101,1017,355
ENSG00000166268.12,11,5,1,4,7,0,0,1
ENSG00000166272.19,1923,563,982,2070,1493,114,629,738
ENSG00000166275.17,279,507,336,731,985,46,326,181
ENSG00000166278.17,66,18,18,161,107,0,21,2
ENSG00000166289.7,167,185,102,416,360,154,368,792
ENSG00000166292.13,236,112,101,436,196,10,107,180
ENSG00000166295.10,1811,2470,1226,6381,7633,640,3388,2523
ENSG00000166311.11,389,491,196,1407,1888,425,1092,977
ENSG00000166313.21,1011,665,418,2110,2379,392,938,1077
ENSG00000166317.12,1015,1614,84,9788,16036,4044,8136,5859
ENSG00000166321.15,27,54,26,84,178,8,103,59
ENSG00000166323.14,0,3,0,0,13,0,13,0
ENSG00000166326.8,1344,854,578,3454,2341,260,1439,756
ENSG00000166329.3,0,0,0,0,0,0,0,0
ENSG00000166333.15,2504,2281,1280,6301,5623,1092,3305,3290
ENSG00000166337.11,1145,874,700,707,845,308,779,1262
ENSG00000166340.19,1238,1117,928,3309,3934,597,1782,1224
ENSG00000166341.9,790,419,484,732,1092,98,514,364
ENSG00000166342.20,7,0,0,5,12,0,0,0
ENSG00000166343.10,70,41,52,332,241,3,146,51
ENSG00000166347.20,438,763,322,880,1712,169,995,809
ENSG00000166348.21,408,333,462,1138,902,28,754,671
ENSG00000166349.11,12,27,2,31,51,0,32,4
ENSG00000166351.11,0,0,0,0,0,0,0,0
ENSG00000166352.19,174,230,95,531,886,77,442,326
ENSG00000166359.11,0,0,1,1,3,0,0,3
ENSG00000166363.6,0,0,0,0,0,0,0,0
ENSG00000166368.3,0,0,0,0,0,0,0,0
ENSG00000166377.22,97,134,66,279,343,33,194,144
ENSG00000166387.15,179,140,94,306,455,28,262,144
ENSG00000166391.16,0,20,0,2,1,0,1,1
ENSG00000166394.16,188,38,71,47,45,1,23,7
ENSG00000166396.14,0,0,0,0,0,0,0,0
ENSG00000166398.15,117,95,19,810,1036,76,625,306
ENSG00000166401.16,194,62,122,208,73,6,40,28
ENSG00000166402.10,329,201,122,1103,1274,58,826,310
ENSG00000166405.16,198,52,67,325,328,25,273,137
ENSG00000166407.15,0,4,0,9,27,7,10,9
ENSG00000166411.15,1694,1078,403,11043,8716,780,3950,2544
ENSG00000166415.16,1,25,5,1,1,0,0,4
ENSG00000166426.9,0,5,2,0,2,0,0,2
ENSG00000166428.15,4,3,0,4,16,0,21,2
ENSG00000166432.17,70,259,108,178,446,6,361,57
ENSG00000166435.17,96,117,21,139,183,52,364,302
ENSG00000166436.18,81,55,116,113,306,10,193,55
ENSG00000166439.7,361,306,154,588,475,28,263,110
ENSG00000166441.14,11259,16178,12365,8291,14003,2211,7569,8816
ENSG00000166444.20,1177,413,593,2960,2196,277,1005,882
ENSG00000166446.16,113,27,28,114,97,6,33,35
ENSG00000166448.16,0,1,0,11,20,1,14,1
ENSG00000166450.13,30,124,18,55,127,5,79,18
ENSG00000166451.15,213,72,103,606,244,44,134,124
ENSG00000166452.13,201,216,124,319,604,68,318,338
ENSG00000166454.11,707,821,314,1499,1643,106,979,555
ENSG00000166455.15,14,15,3,25,33,2,21,15
ENSG00000166471.12,348,523,183,695,1093,33,437,215
ENSG00000166473.20,9,46,2,29,285,14,257,103
ENSG00000166477.14,188,166,52,327,433,49,203,90
ENSG00000166478.11,244,261,128,631,385,38,187,115
ENSG00000166479.11,858,665,290,1568,1438,71,898,368
ENSG00000166482.13,1292,2427,1051,1286,2395,348,1533,1136
ENSG00000166483.13,294,291,147,3465,1357,118,615,503
ENSG00000166484.21,287,156,154,346,220,35,180,153
ENSG00000166501.15,38,114,59,68,100,4,41,27
ENSG00000166503.11,906,873,408,1130,1656,104,698,269
ENSG00000166507.20,274,121,136,463,395,39,204,144
ENSG00000166508.20,288,477,604,701,825,47,355,417
ENSG00000166509.12,0,0,0,0,1,0,0,0
ENSG00000166510.15,228,378,35,241,307,12,189,99
ENSG00000166523.8,16,15,129,71,18,1,4,4
ENSG00000166526.20,242,182,201,487,627,43,411,275
ENSG00000166527.9,1,1,14,11,1,1,0,0
ENSG00000166529.17,175,96,121,284,328,17,174,129
ENSG00000166532.17,333,607,378,653,536,23,469,161
ENSG00000166535.20,0,0,0,0,1,1,4,2
ENSG00000166546.15,20,11,10,34,65,8,28,51
ENSG00000166548.17,434,435,421,561,799,83,522,314
ENSG00000166557.15,1625,340,359,617,579,99,176,345
ENSG00000166558.12,10,2,6,8,25,0,0,1
ENSG00000166562.11,366,302,93,334,456,59,210,133
ENSG00000166569.8,0,0,2,2,0,0,0,0
ENSG00000166573.6,9,32,3,7,4,0,10,0
ENSG00000166575.18,156,268,101,258,633,19,260,90
ENSG00000166578.11,10,11,12,48,44,6,28,11
ENSG00000166579.17,577,566,361,643,792,49,615,484
ENSG00000166582.12,203,84,50,149,250,11,133,153
ENSG00000166589.14,5,118,6,4,1,0,0,0
ENSG00000166592.14,2068,746,281,2066,2085,341,2016,3723
ENSG00000166595.12,1335,919,545,1574,1599,326,762,1152
ENSG00000166596.15,1,5,3,1,1,0,0,0
ENSG00000166598.17,23251,4751,3223,13466,10080,1416,6009,4490
ENSG00000166603.5,0,0,0,0,0,0,0,0
ENSG00000166619.16,1061,1080,627,2484,2676,259,1576,1263
ENSG00000166634.7,0,0,0,0,0,0,0,0
ENSG00000166664.16,27,1,30,69,20,4,10,0
ENSG00000166669.15,205,231,104,553,576,42,278,161
ENSG00000166670.10,34,2,0,1,1,0,0,0
ENSG00000166676.18,10,29,16,16,24,3,69,19
ENSG00000166681.15,391,900,368,1553,3069,367,1606,2054
ENSG00000166682.14,11,6,24,12,17,0,13,7
ENSG00000166685.14,330,319,271,1157,1097,200,845,636
ENSG00000166689.19,392,94,127,1440,752,96,601,160
ENSG00000166704.14,106,120,92,282,412,28,244,66
ENSG00000166707.13,19,5,8,28,19,1,11,12
ENSG00000166710.24,13698,42349,7016,28717,39186,1804,13002,10349
ENSG00000166716.11,687,345,398,1253,1207,146,835,615
ENSG00000166734.21,861,1015,474,1089,1779,66,750,349
ENSG00000166736.13,1,0,1,1,0,0,0,0
ENSG00000166741.10,4659,914,3662,1198,345,52,146,243
ENSG00000166743.11,4,17,9,1,11,1,8,3
ENSG00000166747.14,868,650,417,1777,1309,114,951,415
ENSG00000166750.11,233,881,161,595,1058,90,548,212
ENSG00000166762.19,49,49,60,44,57,1,19,10
ENSG00000166780.12,778,241,347,2518,1822,149,543,631
ENSG00000166783.23,528,597,568,1665,1168,138,1063,499
ENSG00000166788.11,102,105,58,123,209,21,134,69
ENSG00000166793.13,26,33,190,13,55,1,37,13
ENSG00000166794.8,12057,2395,2684,2652,2654,429,1404,1402
ENSG00000166796.13,0,7,0,0,9,0,0,0
ENSG00000166797.13,327,243,135,715,1243,71,614,422
ENSG00000166800.11,0,0,0,0,2,0,0,0
ENSG00000166801.18,283,693,410,344,560,16,465,82
ENSG00000166803.15,14,9,43,7,17,0,0,1
ENSG00000166813.18,223,67,124,141,143,21,81,113
ENSG00000166816.16,107,507,82,865,2589,715,1147,2076
ENSG00000166819.13,92,18,26,112,826,1,3407,137
ENSG00000166821.9,40,41,43,255,383,20,243,171
ENSG00000166822.14,402,322,115,367,402,9,233,133
ENSG00000166823.6,5,44,11,13,63,12,65,101
ENSG00000166825.16,132,180,381,165,130,5,71,61
ENSG00000166828.4,0,20,0,6,1,0,0,0
ENSG00000166831.10,2588,949,386,10860,5120,996,2247,2885
ENSG00000166833.23,415,185,125,1411,860,219,599,643
ENSG00000166839.19,95,65,101,50,93,3,66,28
ENSG00000166840.14,0,101,12,3,5,0,0,0
ENSG00000166845.16,67,91,47,62,98,1,50,26
ENSG00000166847.11,750,535,311,1478,1504,145,729,619
ENSG00000166848.8,1220,990,588,1878,2299,284,1565,1178
ENSG00000166851.16,18,9,60,16,30,3,18,18
ENSG00000166855.10,549,417,226,1636,2001,186,1146,613
ENSG00000166856.4,1,4,4,0,4,0,5,0
ENSG00000166860.4,62,34,51,255,199,15,136,74
ENSG00000166862.7,0,0,0,0,0,0,0,0
ENSG00000166863.14,0,1,4,0,2,0,0,0
ENSG00000166866.14,0,1,0,0,3,0,0,1
ENSG00000166869.4,0,0,0,1,0,0,0,0
ENSG00000166881.11,66,156,77,193,277,11,179,69
ENSG00000166884.3,0,0,0,0,0,0,0,0
ENSG00000166886.14,707,510,381,280,474,51,201,195
ENSG00000166887.17,657,526,654,1785,2671,277,1366,1010
ENSG00000166888.14,1774,929,2273,1861,2383,199,1011,698
ENSG00000166889.15,533,334,253,1823,1128,114,678,396
ENSG00000166896.10,0,41,10,32,35,0,17,1
ENSG00000166897.17,2,4,0,1,5,0,3,0
ENSG00000166900.18,453,905,297,591,842,28,439,255
ENSG00000166902.6,428,599,299,1538,3014,230,1178,1420
ENSG00000166908.19,350,252,168,804,556,72,325,215
ENSG00000166912.18,315,625,277,1670,1334,124,976,420
ENSG00000166913.14,2609,1962,1268,5542,5248,562,2495,1522
ENSG00000166920.14,2,7,7,11,7,0,4,1
ENSG00000166922.10,0,0,7,0,14,0,0,3
ENSG00000166923.13,14,21,13,1,32,0,0,3
ENSG00000166924.10,4,3,4,11,19,2,10,7
ENSG00000166925.10,528,373,520,697,1694,305,745,736
ENSG00000166926.10,0,0,0,5,4,0,0,0
ENSG00000166927.14,81,52,127,163,282,11,207,22
ENSG00000166928.11,50,14,45,33,62,0,33,2
ENSG00000166930.7,0,0,0,0,0,0,0,0
ENSG00000166938.14,184,206,141,1476,1448,130,798,443
ENSG00000166946.15,429,598,418,1331,1684,158,772,669
ENSG00000166947.15,10,8,445,0,4,0,16,0
ENSG00000166948.10,0,0,0,0,0,0,0,0
ENSG00000166949.18,1067,559,1375,2346,1070,90,659,450
ENSG00000166959.9,9,18,0,0,0,0,0,0
ENSG00000166960.17,1,3,2,1,8,0,1,1
ENSG00000166961.16,3,37,0,0,0,0,0,0
ENSG00000166963.13,1135,327,289,5430,1788,492,796,300
ENSG00000166965.15,138,66,121,214,298,24,134,93
ENSG00000166971.18,503,550,230,3163,1985,120,1133,733
ENSG00000166974.14,847,619,291,5972,4235,653,2694,2623
ENSG00000166979.14,521,570,520,549,271,40,112,280
ENSG00000166986.16,1838,412,619,1844,1673,233,1005,452
ENSG00000166987.16,767,453,922,1004,1593,84,793,403
ENSG00000166997.9,291,288,135,238,315,19,166,116
ENSG00000167004.15,9514,2658,1605,6686,5419,781,3303,2021
ENSG00000167005.15,663,756,297,1616,1906,122,1355,482
ENSG00000167011.9,0,0,0,0,0,0,0,0
ENSG00000167014.11,0,0,0,0,0,0,0,0
ENSG00000167034.10,70,133,13,226,148,15,69,36
ENSG00000167037.20,32,72,9,217,591,38,285,180
ENSG00000167065.15,63,27,68,78,86,3,54,13
ENSG00000167074.16,133,383,285,570,1373,181,960,453
ENSG00000167077.14,22,25,36,9,15,1,1,1
ENSG00000167080.10,0,6,2,3,2,0,0,0
ENSG00000167081.19,304,257,211,1806,1554,166,912,472
ENSG00000167083.8,56,89,35,75,78,5,11,35
ENSG00000167085.15,2207,1016,535,3136,4758,648,1755,2778
ENSG00000167088.12,896,392,323,633,668,89,326,292
ENSG00000167094.17,0,11,3,3,11,1,5,6
ENSG00000167098.12,0,0,0,0,0,0,0,0
ENSG00000167100.16,12,22,14,38,48,9,328,41
ENSG00000167103.12,10,1,20,0,2,0,6,1
ENSG00000167104.12,0,0,0,0,0,0,0,0
ENSG00000167105.9,0,4,0,0,0,0,3,0
ENSG00000167106.13,459,222,226,273,846,94,264,231
ENSG00000167107.14,58,207,128,380,645,42,514,301
ENSG00000167110.20,1109,543,450,3105,2262,394,1467,1015
ENSG00000167112.11,332,404,130,1075,1493,273,820,793
ENSG00000167113.12,368,464,505,419,974,131,455,507
ENSG00000167114.14,498,158,172,755,575,119,299,364
ENSG00000167117.11,0,0,2,0,1,0,0,0
ENSG00000167118.12,942,612,579,1093,1610,157,616,711
ENSG00000167123.21,1518,367,411,256,668,124,263,233
ENSG00000167130.19,135,95,69,154,230,19,114,90
ENSG00000167131.18,4,3,3,12,13,5,5,1
ENSG00000167136.8,132,404,80,312,781,258,477,1054
ENSG00000167139.9,0,0,0,0,0,0,0,0
ENSG00000167157.12,188,6,123,18,21,5,5,10
ENSG00000167165.19,0,9,4,0,0,0,0,0
ENSG00000167173.20,567,470,197,365,740,102,268,213
ENSG00000167178.18,52,38,24,27,206,21,62,211
ENSG00000167182.17,178,215,111,570,767,125,393,301
ENSG00000167183.4,1,25,5,0,8,0,3,1
ENSG00000167186.12,149,231,95,1047,1045,114,864,554
ENSG00000167191.13,749,1708,528,2933,4518,444,2087,1039
ENSG00000167193.8,1095,1217,542,2463,1886,129,1103,726
ENSG00000167194.8,0,0,0,0,0,0,0,0
ENSG00000167195.8,0,0,2,0,0,0,0,0
ENSG00000167196.15,302,190,162,590,664,63,487,187
ENSG00000167202.13,861,461,727,647,856,56,475,286
ENSG00000167207.16,12,29,27,42,31,2,12,4
ENSG00000167208.17,16,28,45,56,39,4,22,2
ENSG00000167210.17,10,39,8,22,75,0,27,12
ENSG00000167216.20,29,34,19,38,77,4,84,36
ENSG00000167220.13,395,421,160,1377,1433,112,575,421
ENSG00000167232.15,140,161,70,455,561,16,408,216
ENSG00000167244.22,4136,7349,5075,4684,7553,545,1471,1533
ENSG00000167257.12,183,128,106,462,418,58,348,179
ENSG00000167258.17,408,404,253,990,806,89,588,226
ENSG00000167261.15,4,29,63,13,85,7,16,17
ENSG00000167264.19,111,55,74,115,235,35,120,103
ENSG00000167272.12,292,319,267,247,644,61,304,315
ENSG00000167280.18,362,163,461,549,869,33,596,255
ENSG00000167281.21,0,0,0,0,1,0,0,0
ENSG00000167283.10,3150,2849,1784,7576,11726,1018,5298,5693
ENSG00000167286.12,1,40,4,7,22,2,16,1
ENSG00000167291.17,923,150,514,678,753,120,405,342
ENSG00000167302.12,244,119,316,159,271,13,150,128
ENSG00000167306.22,23,26,3,116,103,9,14,28
ENSG00000167311.15,3,7,3,56,138,11,101,39
ENSG00000167315.19,1271,1236,402,6554,8234,798,3845,3844
ENSG00000167323.14,648,414,343,1180,1400,151,759,460
ENSG00000167325.16,210,259,132,588,1254,113,629,405
ENSG00000167332.9,1,5,8,10,6,1,2,0
ENSG00000167333.14,194,188,79,387,486,44,224,209
ENSG00000167346.9,0,0,0,0,0,0,0,0
ENSG00000167355.8,0,0,0,1,0,0,0,0
ENSG00000167359.8,0,0,0,0,0,0,0,0
ENSG00000167360.6,0,0,0,0,0,0,0,0
ENSG00000167363.15,123,150,83,744,1591,323,657,1045
ENSG00000167371.22,55,56,106,35,122,2,106,20
ENSG00000167377.20,151,201,277,292,335,21,185,133
ENSG00000167378.11,533,322,304,1609,1545,116,589,532
ENSG00000167380.18,165,276,194,297,418,23,297,166
ENSG00000167384.12,54,110,45,191,230,9,151,77
ENSG00000167393.19,61,140,152,704,774,94,1059,743
ENSG00000167394.14,137,78,75,48,128,27,46,102
ENSG00000167395.11,202,94,123,338,465,80,221,208
ENSG00000167397.16,1038,835,573,482,789,138,392,435
ENSG00000167414.6,3,14,6,5,3,2,2,42
ENSG00000167419.12,0,0,0,0,0,1,0,0
ENSG00000167434.11,106,2263,36,305,1894,92,658,459
ENSG00000167447.14,74,45,37,380,396,53,238,145
ENSG00000167460.19,8741,5609,4009,5767,5141,514,2261,1864
ENSG00000167461.13,638,584,404,576,522,51,282,255
ENSG00000167468.20,2137,3304,2491,3437,5636,1052,3397,4500
ENSG00000167470.15,2134,1664,1040,2636,1473,248,1102,1392
ENSG00000167476.11,0,1,0,1,0,0,0,0
ENSG00000167483.19,2,5,6,3,9,1,1,2
ENSG00000167487.12,225,133,126,79,168,35,122,113
ENSG00000167491.19,1008,354,536,895,757,111,439,377
ENSG00000167508.13,224,159,246,159,496,59,243,280
ENSG00000167513.10,6,10,58,6,18,0,1,9
ENSG00000167515.12,379,558,439,759,1008,121,440,660
ENSG00000167522.18,873,495,584,2318,2788,422,1496,582
ENSG00000167523.15,72,64,76,61,81,7,46,41
ENSG00000167524.18,189,97,144,127,212,3,118,53
ENSG00000167525.16,23,34,60,14,40,6,23,4
ENSG00000167526.16,18951,21235,25011,10301,14097,4098,7860,11775
ENSG00000167528.14,341,409,256,718,840,64,459,216
ENSG00000167531.6,0,0,0,0,0,0,0,0
ENSG00000167535.9,198,90,175,166,247,11,74,59
ENSG00000167536.15,20,38,81,75,83,11,35,29
ENSG00000167543.17,449,204,227,249,508,113,375,526
ENSG00000167548.18,865,411,584,3024,2174,224,1393,662
ENSG00000167549.20,486,530,592,1024,2574,267,1285,1004
ENSG00000167550.12,10,18,29,11,17,2,13,4
ENSG00000167552.17,3831,2458,1546,4278,4007,699,2204,2031
ENSG00000167553.18,4185,428,962,3567,958,302,571,434
ENSG00000167554.16,12,56,16,37,152,10,50,34
ENSG00000167555.15,164,161,77,266,444,18,315,137
ENSG00000167562.15,163,147,97,245,312,12,184,84
ENSG00000167565.15,565,1336,209,586,605,60,348,255
ENSG00000167566.18,410,260,255,507,1229,182,670,365
ENSG00000167578.19,310,283,369,196,366,60,141,168
ENSG00000167580.8,0,203,0,3,4,0,0,4
ENSG00000167588.14,211,149,32,584,1344,166,2163,436
ENSG00000167595.17,235,64,162,223,178,19,90,50
ENSG00000167600.15,6,9,7,26,29,2,18,2
ENSG00000167601.13,2301,667,1147,762,846,83,505,359
ENSG00000167604.16,43,99,39,20,57,1,33,15
ENSG00000167608.13,11,6,55,10,8,0,9,0
ENSG00000167612.13,0,1,4,0,2,0,0,0
ENSG00000167613.17,0,21,2,24,46,0,35,0
ENSG00000167614.15,23,20,9,0,13,5,15,11
ENSG00000167615.19,2105,1053,3109,1665,2120,115,2117,705
ENSG00000167617.4,153,201,47,44,157,21,60,142
ENSG00000167618.11,0,1,0,0,0,0,0,0
ENSG00000167619.13,2,1,7,4,12,0,0,6
ENSG00000167625.13,165,106,59,174,237,23,90,100
ENSG00000167632.19,148,350,209,645,891,131,459,434
ENSG00000167633.18,0,0,0,0,0,0,0,0
ENSG00000167634.12,0,0,0,0,0,0,0,0
ENSG00000167635.13,955,691,355,1704,1775,120,1116,521
ENSG00000167637.18,66,74,30,241,300,12,184,76
ENSG00000167641.12,372,667,399,90,320,91,219,381
ENSG00000167642.14,59,116,71,187,180,26,43,79
ENSG00000167644.13,176,357,277,26,73,4,5,23
ENSG00000167645.18,485,196,134,264,589,127,301,324
ENSG00000167646.15,10,21,2,21,39,15,17,66
ENSG00000167653.6,2,11,1,0,1,0,9,0
ENSG00000167654.19,0,9,5,2,18,1,11,4
ENSG00000167656.5,3,2,0,0,6,0,0,0
ENSG00000167657.15,748,328,257,1995,1176,365,916,1310
ENSG00000167658.17,13749,9333,11146,35754,71378,10894,27227,43721
ENSG00000167664.10,0,10,0,0,0,0,1,0
ENSG00000167670.17,31,48,50,100,225,57,139,70
ENSG00000167671.13,981,862,1344,1254,3251,653,1395,2320
ENSG00000167674.16,320,345,271,423,980,267,598,517
ENSG00000167676.6,730,999,788,5698,10471,1530,9076,5133
ENSG00000167680.19,265,144,321,229,372,71,205,489
ENSG00000167685.16,330,236,270,290,458,92,256,339
ENSG00000167693.17,216,338,104,433,823,98,381,336
ENSG00000167695.15,383,71,109,120,121,11,43,74
ENSG00000167699.15,324,296,201,610,771,64,467,329
ENSG00000167700.10,63,74,34,90,365,60,203,366
ENSG00000167701.15,40,178,69,316,1089,161,807,814
ENSG00000167702.14,165,155,396,184,276,25,187,95
ENSG00000167703.16,175,61,199,133,253,23,88,83
ENSG00000167705.13,225,488,230,776,1297,219,525,742
ENSG00000167711.15,197,284,269,55,19,2,3,11
ENSG00000167716.19,448,170,436,150,218,72,139,84
ENSG00000167720.14,77,67,34,98,270,19,151,115
ENSG00000167721.12,718,269,297,1740,1496,189,875,685
ENSG00000167723.16,19,14,26,6,45,3,46,14
ENSG00000167733.15,21,54,46,56,94,11,49,76
ENSG00000167740.10,69,190,114,215,344,51,170,207
ENSG00000167741.11,5,20,2,9,11,0,0,0
ENSG00000167748.12,36,42,19,12,15,0,9,1
ENSG00000167749.12,0,0,0,0,0,0,0,0
ENSG00000167751.13,0,0,0,0,0,0,0,0
ENSG00000167754.14,0,0,0,0,4,0,0,0
ENSG00000167755.16,0,4,0,0,1,0,0,0
ENSG00000167757.15,4,22,0,0,43,2,10,4
ENSG00000167759.13,6,3,0,1,13,1,4,0
ENSG00000167766.23,674,1039,863,336,860,14,464,87
ENSG00000167767.14,12,10,0,20,9,4,0,4
ENSG00000167768.4,0,5,96,3,2,0,0,0
ENSG00000167769.5,2,0,0,1,1,0,0,0
ENSG00000167770.14,840,507,447,1074,1643,254,873,1035
ENSG00000167771.7,27,20,2,42,313,42,104,50
ENSG00000167772.13,1549,83,308,150,293,3,95,101
ENSG00000167774.2,93,36,54,166,549,265,943,1582
ENSG00000167775.12,845,788,294,336,737,149,268,678
ENSG00000167778.10,1077,662,339,2493,1959,291,776,906
ENSG00000167779.10,1736,1259,1386,473,532,155,489,585
ENSG00000167780.13,9,4,0,0,2,0,2,2
ENSG00000167785.10,280,177,189,315,307,17,193,88
ENSG00000167791.14,0,0,0,0,0,0,0,0
ENSG00000167792.14,2061,2358,1355,7745,14802,1816,6335,7543
ENSG00000167797.9,2030,582,588,978,1252,395,512,1102
ENSG00000167799.11,90,355,107,212,815,221,343,562
ENSG00000167800.10,0,0,0,1,14,0,4,2
ENSG00000167807.15,16,4,2,9,24,4,2,15
ENSG00000167815.13,2099,3885,813,8390,14849,1637,5486,7238
ENSG00000167822.3,0,0,1,0,0,0,0,0
ENSG00000167825.3,0,0,0,0,0,0,0,0
ENSG00000167840.15,102,112,79,228,133,10,81,79
ENSG00000167842.17,298,223,141,394,500,39,291,122
ENSG00000167850.5,11,2,10,24,21,1,8,4
ENSG00000167851.17,40,59,92,85,77,4,26,12
ENSG00000167858.13,0,11,2,0,0,0,0,0
ENSG00000167861.17,298,492,243,264,547,39,293,284
ENSG00000167862.11,266,255,119,577,896,171,525,562
ENSG00000167863.13,3772,2549,1380,8651,11454,1232,5216,5288
ENSG00000167874.8,450,1411,132,223,608,86,278,208
ENSG00000167880.9,2,32,3,0,6,0,5,4
ENSG00000167881.16,1167,630,469,1965,2120,272,1040,848
ENSG00000167889.14,11,2,14,1,4,1,2,1
ENSG00000167895.17,42,103,80,38,120,10,56,15
ENSG00000167900.14,30,25,196,18,42,3,9,23
ENSG00000167904.17,134,128,46,141,191,12,125,65
ENSG00000167910.4,0,0,1,1,1,0,0,0
ENSG00000167914.12,0,0,16,4,10,0,2,0
ENSG00000167916.5,0,0,0,0,0,0,0,0
ENSG00000167925.18,232,309,265,181,263,40,105,128
ENSG00000167930.18,916,793,642,2024,4464,888,1735,2403
ENSG00000167941.3,0,1,0,1,15,0,5,1
ENSG00000167962.15,4,0,0,2,3,4,199,13
ENSG00000167964.14,1,23,4,12,50,0,15,44
ENSG00000167965.19,280,241,177,339,803,129,385,498
ENSG00000167967.17,242,187,220,127,413,39,250,177
ENSG00000167968.13,17,6,8,0,10,0,6,6
ENSG00000167969.14,616,1383,384,845,2955,565,1226,2414
ENSG00000167971.16,5,23,6,25,102,20,92,87
ENSG00000167972.15,130,153,155,441,453,72,232,239
ENSG00000167977.10,248,139,112,345,424,50,224,203
ENSG00000167978.19,5951,2664,5051,14818,11473,1208,11878,3294
ENSG00000167981.7,50,187,31,183,112,12,103,28
ENSG00000167984.19,19,78,8,42,174,12,68,30
ENSG00000167985.9,484,569,273,700,768,69,286,351
ENSG00000167986.16,1855,1650,923,6338,5175,671,2734,2101
ENSG00000167987.12,332,153,135,629,533,115,238,238
ENSG00000167992.15,28,19,88,10,29,0,17,4
ENSG00000167994.14,761,509,778,316,346,54,170,147
ENSG00000167995.17,161,41,150,112,69,14,2184,71
ENSG00000167996.17,32888,36799,52200,38909,42681,9969,18342,26669
ENSG00000168000.17,604,534,446,180,386,54,153,251
ENSG00000168002.13,503,609,298,436,967,69,377,313
ENSG00000168003.20,1165,348,773,721,759,120,415,359
ENSG00000168004.11,11,6,13,86,71,5,101,14
ENSG00000168005.10,468,196,147,293,356,34,203,235
ENSG00000168010.12,483,320,606,464,499,15,308,134
ENSG00000168014.19,319,232,200,502,559,60,263,204
ENSG00000168016.16,107,136,173,335,361,20,249,95
ENSG00000168026.20,70,44,69,43,40,3,44,21
ENSG00000168028.16,16819,12029,9690,7567,10250,1171,4199,4767
ENSG00000168032.11,0,21,2,14,40,9,34,8
ENSG00000168036.20,2102,2862,1112,7418,6761,516,3134,2087
ENSG00000168038.12,20,46,24,80,163,3,68,45
ENSG00000168040.6,293,133,87,299,309,30,125,155
ENSG00000168056.19,1258,773,1076,1237,3127,567,2144,2207
ENSG00000168060.16,156,134,111,47,70,5,52,46
ENSG00000168061.17,72,102,93,50,128,25,66,89
ENSG00000168062.10,35,77,34,76,88,11,31,21
ENSG00000168065.16,0,1,1,1,0,0,0,0
ENSG00000168066.23,2420,2507,2103,4811,4109,552,2552,2095
ENSG00000168067.13,242,264,149,197,443,42,213,223
ENSG00000168070.13,0,0,0,2,0,0,0,0
ENSG00000168071.22,59,171,229,61,182,17,83,71
ENSG00000168077.15,200,223,100,162,533,38,130,71
ENSG00000168078.11,1,1,7,2,26,0,1,1
ENSG00000168079.18,1596,1235,1982,356,1141,180,1027,465
ENSG00000168081.10,1,2,4,0,3,0,0,0
ENSG00000168090.11,1785,1480,937,2491,2795,379,1302,1491
ENSG00000168092.15,1424,998,549,1905,1954,95,870,514
ENSG00000168096.16,327,115,260,112,204,9,108,70
ENSG00000168101.16,152,415,96,434,1232,216,586,1014
ENSG00000168116.16,117,141,93,259,322,18,185,51
ENSG00000168118.13,753,434,247,2547,2129,265,1283,927
ENSG00000168124.4,0,0,0,3,3,0,0,0
ENSG00000168131.4,0,0,0,0,0,0,0,0
ENSG00000168135.5,102,71,12,562,701,235,265,1072
ENSG00000168137.21,1392,793,615,2600,1963,139,1395,689
ENSG00000168140.6,31,0,0,77,0,88,0,0
ENSG00000168143.9,4,6,1,34,27,2,130,39
ENSG00000168148.4,0,0,0,0,0,0,0,0
ENSG00000168152.13,31,69,38,147,234,9,170,42
ENSG00000168158.4,0,0,0,1,2,0,1,0
ENSG00000168159.15,1032,1088,1028,1459,2809,469,1310,1976
ENSG00000168172.10,530,597,272,1341,984,58,639,255
ENSG00000168175.17,1319,1107,581,3681,2489,229,1363,709
ENSG00000168209.7,1625,1328,1082,2704,1308,92,902,1044
ENSG00000168214.23,1360,1716,1356,2407,2296,99,958,426
ENSG00000168216.14,440,803,234,1615,1833,101,916,431
ENSG00000168228.17,88,89,55,202,309,29,166,83
ENSG00000168229.4,22,61,41,30,44,3,29,12
ENSG00000168234.15,134,96,88,221,109,15,69,28
ENSG00000168237.19,106,109,117,68,131,13,57,56
ENSG00000168243.12,0,1,10,2,4,0,0,0
ENSG00000168246.7,479,587,234,745,653,41,318,152
ENSG00000168255.20,228,477,233,773,700,33,586,587
ENSG00000168256.19,644,518,293,1738,2175,394,1028,1139
ENSG00000168259.18,1364,1114,907,2906,2479,351,1348,1202
ENSG00000168263.9,0,0,0,0,0,0,0,2
ENSG00000168264.13,1846,2002,812,2648,3840,298,2214,1973
ENSG00000168267.7,0,0,0,1,0,0,1,0
ENSG00000168268.12,1068,296,463,753,1590,353,462,848
ENSG00000168269.10,0,27,1,0,1,0,0,0
ENSG00000168273.9,164,432,164,583,974,99,490,610
ENSG00000168275.16,219,160,80,420,517,61,365,297
ENSG00000168280.18,39,47,21,37,60,0,47,12
ENSG00000168282.6,478,240,129,535,432,59,217,127
ENSG00000168283.15,728,525,331,1220,1168,74,645,197
ENSG00000168286.3,401,299,166,623,886,123,408,459
ENSG00000168288.14,889,733,337,2402,3119,306,1800,961
ENSG00000168291.14,754,1303,350,4999,6902,693,3797,2955
ENSG00000168297.17,415,280,204,317,483,30,298,148
ENSG00000168298.7,2,1,5,0,1,0,0,0
ENSG00000168300.15,558,1012,348,2058,3033,143,1768,691
ENSG00000168301.14,228,151,101,230,298,16,190,110
ENSG00000168303.9,159,232,107,179,255,17,212,95
ENSG00000168306.14,106,329,122,425,947,97,662,480
ENSG00000168309.19,3650,3484,1992,4436,2847,466,940,2124
ENSG00000168310.13,362,388,248,677,775,82,465,404
ENSG00000168314.20,2,0,1,2,9,0,2,0
ENSG00000168329.15,3,20,4,35,168,4,46,6
ENSG00000168333.15,0,0,1,0,0,0,2,0
ENSG00000168334.10,32511,3143,457,84749,14551,7243,10198,6499
ENSG00000168348.4,2,0,0,0,0,0,0,0
ENSG00000168350.8,2,12,4,0,0,1,16,21
ENSG00000168356.13,0,8,2,6,8,0,6,3
ENSG00000168374.12,3736,1605,856,3063,2595,237,1406,703
ENSG00000168385.19,3755,2464,1738,5540,7980,560,4193,2198
ENSG00000168386.19,992,2619,454,2763,1906,123,1342,475
ENSG00000168389.19,87,40,13,48,18,2,10,0
ENSG00000168393.14,198,141,120,107,181,23,103,102
ENSG00000168394.14,1146,1315,507,1946,1212,85,510,386
ENSG00000168395.17,407,280,397,541,817,67,459,301
ENSG00000168397.18,582,271,432,540,934,142,452,590
ENSG00000168398.8,78,21,80,51,44,6,33,13
ENSG00000168404.14,377,305,379,242,174,7,93,36
ENSG00000168411.15,157,131,111,342,268,20,134,76
ENSG00000168412.7,5,1,4,2,6,0,0,0
ENSG00000168418.8,1,0,0,2,1,0,0,0
ENSG00000168421.15,6,31,2,12,21,2,5,5
ENSG00000168427.10,266,214,35,704,928,135,445,405
ENSG00000168434.14,233,143,185,325,481,41,264,230
ENSG00000168438.16,226,258,118,513,653,63,430,186
ENSG00000168439.18,3038,841,499,3602,2681,471,1586,1593
ENSG00000168447.12,4,33,17,2,10,2,12,1
ENSG00000168452.21,0,0,0,0,0,0,0,0
ENSG00000168453.17,168,41,19,56,595,30,122,103
ENSG00000168454.13,4,0,0,1,1,0,4,0
ENSG00000168461.14,569,431,602,1215,708,61,372,162
ENSG00000168468.12,202,0,0,0,446,0,0,37
ENSG00000168476.13,130,79,232,84,161,16,63,80
ENSG00000168477.21,1566,1913,554,1255,1067,452,479,556
ENSG00000168481.10,0,0,0,8,11,10,3,12
ENSG00000168484.14,4,377,8,1,0,5,196,1
ENSG00000168487.20,1713,285,1176,614,626,51,402,237
ENSG00000168488.20,1391,558,842,1564,1791,188,1161,695
ENSG00000168490.15,90,23,151,92,93,6,19,34
ENSG00000168491.10,7,11,4,28,21,0,14,2
ENSG00000168495.14,607,235,136,631,486,52,296,236
ENSG00000168496.5,92,52,88,251,298,32,121,110
ENSG00000168497.6,671,7456,527,3596,4814,538,3346,1609
ENSG00000168502.19,65,42,27,268,133,33,98,126
ENSG00000168505.7,0,0,0,1,1,0,0,0
ENSG00000168509.21,30,209,17,1412,979,117,590,622
ENSG00000168515.3,0,0,0,0,1,0,0,0
ENSG00000168517.12,22,55,39,71,151,25,50,97
ENSG00000168522.14,974,1099,545,1986,2032,215,1127,734
ENSG00000168528.13,29,57,273,23,45,21,17,17
ENSG00000168530.17,1,0,1,11,3,0,0,7
ENSG00000168538.17,301,285,168,603,825,58,563,207
ENSG00000168539.5,0,1,0,1,1,0,0,2
ENSG00000168542.19,40,0,0,0,0,294,0,369
ENSG00000168546.12,12,29,39,44,104,15,53,32
ENSG00000168556.7,50,81,34,131,141,14,57,64
ENSG00000168564.7,141,211,93,313,528,28,285,160
ENSG00000168566.14,274,165,85,477,609,46,400,165
ENSG00000168569.9,150,245,61,212,650,94,302,303
ENSG00000168575.12,1132,623,337,4126,2997,370,2027,1479
ENSG00000168582.5,0,0,0,0,0,0,0,0
ENSG00000168589.15,1,13,1,1,0,0,2,1
ENSG00000168591.17,446,500,415,716,800,74,480,433
ENSG00000168594.15,0,0,0,0,0,0,0,0
ENSG00000168610.18,3116,1084,1634,19973,5151,763,2675,2095
ENSG00000168612.6,100,74,68,259,316,38,145,153
ENSG00000168615.14,228,140,116,5266,3161,302,1546,704
ENSG00000168619.16,0,0,0,1,1,0,0,0
ENSG00000168621.16,6,9,2,2,11,3,4,0
ENSG00000168631.15,0,0,0,0,0,0,0,0
ENSG00000168634.5,0,0,0,0,0,0,0,0
ENSG00000168646.15,117,51,45,643,294,42,245,125
ENSG00000168653.12,5719,5541,2467,5566,9131,1187,4670,8032
ENSG00000168658.20,2,11,0,1,6,0,9,0
ENSG00000168661.16,59,57,23,80,163,15,80,82
ENSG00000168671.11,2,1,0,0,2,0,12,0
ENSG00000168672.5,173,153,82,367,342,21,149,89
ENSG00000168675.20,227,290,83,1441,1252,80,562,391
ENSG00000168676.11,2,1,1,0,3,0,0,1
ENSG00000168679.19,105,128,144,73,135,8,52,18
ENSG00000168685.16,11,85,23,67,44,2,27,22
ENSG00000168701.19,702,408,326,270,297,39,113,161
ENSG00000168702.18,2,0,2,0,4,0,2,0
ENSG00000168703.5,0,0,0,0,0,0,0,0
ENSG00000168710.19,1365,1037,679,3017,2520,290,1650,839
ENSG00000168724.19,518,502,202,2266,1753,145,1128,467
ENSG00000168734.15,1913,2092,1072,4312,6086,871,2900,3765
ENSG00000168743.14,45,76,34,168,156,10,163,67
ENSG00000168748.14,0,0,0,0,0,1,0,0
ENSG00000168754.15,3,4,3,3,13,0,9,0
ENSG00000168757.13,0,0,0,0,0,0,0,0
ENSG00000168758.12,864,1201,347,645,1148,94,686,691
ENSG00000168763.17,245,268,213,334,519,41,230,246
ENSG00000168765.20,89,250,144,872,1270,168,665,587
ENSG00000168769.15,114,196,106,454,516,29,409,121
ENSG00000168772.12,30,20,10,89,288,7,123,30
ENSG00000168778.14,91,113,79,98,132,12,107,46
ENSG00000168779.21,44,35,18,3,25,0,3,11
ENSG00000168781.25,124,82,67,453,555,43,294,136
ENSG00000168785.9,131,66,119,116,178,22,67,40
ENSG00000168792.5,158,74,85,304,279,43,165,131
ENSG00000168795.6,195,130,89,381,398,31,243,152
ENSG00000168802.14,234,199,129,1216,942,148,587,477
ENSG00000168803.17,61,123,74,576,1126,108,541,294
ENSG00000168806.8,98,58,58,235,228,26,152,85
ENSG00000168807.18,416,426,240,656,725,39,435,116
ENSG00000168811.8,25,33,8,24,27,1,17,5
ENSG00000168813.18,272,346,141,654,619,46,380,188
ENSG00000168818.11,309,267,241,438,599,68,348,265
ENSG00000168824.16,9,65,5,63,245,52,253,220
ENSG00000168826.17,48,65,35,129,100,5,85,57
ENSG00000168827.16,408,503,128,2383,2960,283,1916,857
ENSG00000168828.6,0,0,0,0,0,1,0,0
ENSG00000168830.9,0,0,0,0,0,0,0,0
ENSG00000168843.15,0,0,0,1,1,0,1,0
ENSG00000168872.18,437,219,205,1275,1222,148,819,578
ENSG00000168874.15,1040,602,770,841,597,97,302,782
ENSG00000168875.3,0,0,0,0,0,0,0,0
ENSG00000168876.10,173,157,147,208,196,17,130,59
ENSG00000168878.20,13,826,61,4,5,1,41,0
ENSG00000168883.21,595,538,340,1001,1166,123,619,532
ENSG00000168884.16,954,329,539,900,648,79,364,335
ENSG00000168887.12,437,316,302,535,1006,65,474,413
ENSG00000168890.15,338,183,199,269,314,22,151,185
ENSG00000168894.11,877,637,564,749,1159,145,532,704
ENSG00000168899.6,915,1551,449,347,590,99,188,326
ENSG00000168903.10,0,0,2,10,4,0,3,0
ENSG00000168904.16,142,161,68,317,420,44,187,155
ENSG00000168906.14,2970,2374,1800,7594,5231,275,4593,1960
ENSG00000168907.14,0,47,4,27,138,5,133,33
ENSG00000168913.8,1,16,0,2,18,1,3,11
ENSG00000168916.17,105,144,72,262,272,26,281,34
ENSG00000168917.10,217,294,65,117,199,16,76,96
ENSG00000168918.14,192,241,261,301,355,21,198,117
ENSG00000168924.16,669,313,257,1532,1612,296,802,801
ENSG00000168925.12,0,0,0,0,0,0,0,3
ENSG00000168928.13,0,0,0,3,1,0,0,0
ENSG00000168930.13,0,0,0,0,0,0,0,0
ENSG00000168936.13,426,343,432,1078,1837,125,606,808
ENSG00000168938.7,728,929,181,987,1619,114,708,600
ENSG00000168939.14,35,55,14,113,137,7,87,37
ENSG00000168944.17,181,342,151,614,513,39,395,172
ENSG00000168952.17,438,757,147,1149,1176,67,777,331
ENSG00000168955.4,0,0,0,0,0,0,0,0
ENSG00000168958.22,862,755,521,1895,2546,255,1435,934
ENSG00000168959.16,11,2,2,1,1,0,0,0
ENSG00000168961.18,343,435,631,699,548,48,198,136
ENSG00000168970.22,62,57,77,46,200,4,24,100
ENSG00000168993.16,109,31,407,41,78,36,85,98
ENSG00000168994.14,2181,725,683,1364,618,61,308,533
ENSG00000168995.14,13,18,26,27,14,5,12,11
ENSG00000169006.8,1,0,0,1,4,0,0,0
ENSG00000169016.18,315,244,162,743,653,45,400,242
ENSG00000169018.6,932,676,403,3396,2082,152,1082,528
ENSG00000169019.12,183,159,80,344,366,19,215,91
ENSG00000169020.11,2597,6194,1752,2885,8582,961,4510,6303
ENSG00000169021.7,1131,1586,382,9051,13476,1595,6973,6095
ENSG00000169026.14,243,64,96,93,142,25,84,78
ENSG00000169031.22,127,134,182,201,419,22,459,127
ENSG00000169032.12,764,363,161,3289,1269,209,747,515
ENSG00000169035.13,0,2,0,0,2,0,0,0
ENSG00000169045.20,3094,2760,2023,3933,3375,205,3296,1635
ENSG00000169047.7,289,249,131,766,1356,134,568,655
ENSG00000169057.26,592,424,469,1847,1805,245,1180,615
ENSG00000169059.14,0,4,9,0,3,0,0,0
ENSG00000169062.16,428,360,389,389,704,42,481,198
ENSG00000169064.14,2,12,2,0,0,0,0,0
ENSG00000169067.4,0,0,0,1,0,0,0,0
ENSG00000169071.16,62,36,33,26,82,1,18,12
ENSG00000169083.19,159,272,131,3072,1573,166,1024,507
ENSG00000169084.15,251,282,84,444,592,74,366,324
ENSG00000169085.14,0,20,0,12,0,8,3,0
ENSG00000169087.12,137,183,165,129,139,3,96,51
ENSG00000169093.17,285,447,232,775,1159,244,537,679
ENSG00000169100.15,2437,3118,3078,2205,5184,1013,2352,4620
ENSG00000169105.8,240,382,184,313,445,46,191,147
ENSG00000169116.12,843,644,403,4832,7252,448,3147,2539
ENSG00000169118.19,187,140,89,328,272,37,199,82
ENSG00000169122.13,334,672,179,456,1223,154,493,561
ENSG00000169126.17,1,7,3,5,16,1,10,9
ENSG00000169129.17,186,207,95,230,397,18,175,189
ENSG00000169131.14,258,180,133,471,351,27,250,72
ENSG00000169136.14,436,281,218,341,395,91,274,180
ENSG00000169139.13,603,534,286,857,888,63,544,279
ENSG00000169154.7,0,0,0,0,1,0,0,0
ENSG00000169155.11,290,163,85,1454,1326,124,1014,514
ENSG00000169169.16,128,58,120,46,88,4,26,19
ENSG00000169174.14,1,2,3,1,0,0,3,0
ENSG00000169180.13,832,267,733,859,792,75,413,387
ENSG00000169181.14,4,14,8,66,71,3,18,1
ENSG00000169184.7,378,429,260,157,533,82,379,164
ENSG00000169188.6,375,261,151,393,470,79,218,233
ENSG00000169189.18,549,396,300,376,722,108,388,438
ENSG00000169193.13,67,90,21,191,207,9,125,46
ENSG00000169194.10,0,0,0,0,0,0,0,0
ENSG00000169203.19,511,334,513,740,453,27,407,40
ENSG00000169208.3,1,3,1,0,1,0,0,0
ENSG00000169213.8,0,3,4,3,4,1,1,0
ENSG00000169214.5,0,0,0,0,0,0,0,0
ENSG00000169217.10,1155,791,631,1617,1782,180,661,727
ENSG00000169218.15,1,1,0,2,15,0,7,1
ENSG00000169220.19,52,83,113,54,101,16,74,25
ENSG00000169221.15,658,327,381,743,951,129,408,473
ENSG00000169223.17,2075,1115,874,1353,2118,352,886,1194
ENSG00000169224.13,0,6,0,2,4,0,1,0
ENSG00000169228.15,483,415,533,342,639,47,430,368
ENSG00000169230.11,2537,948,835,1341,955,159,444,541
ENSG00000169231.14,403,231,659,271,411,20,199,125
ENSG00000169239.15,148,111,113,144,220,9,68,64
ENSG00000169241.20,477,243,224,376,302,28,119,91
ENSG00000169242.13,1060,1278,335,1335,1234,103,397,457
ENSG00000169245.6,30,115,25,435,51,2,36,0
ENSG00000169246.17,3512,1896,3682,1817,1948,120,1025,237
ENSG00000169247.15,16,162,29,131,391,21,270,65
ENSG00000169248.13,0,23,2,108,11,0,12,1
ENSG00000169249.15,316,280,235,384,388,57,195,86
ENSG00000169251.14,632,871,273,1613,1712,119,938,430
ENSG00000169252.6,52,140,26,262,307,23,130,46
ENSG00000169255.16,195,341,133,1774,1941,115,911,507
ENSG00000169258.8,34,11,8,23,16,2,8,5
ENSG00000169260.11,0,0,0,0,0,0,0,0
ENSG00000169271.3,993,658,558,4802,6142,535,4098,3074
ENSG00000169282.19,80,132,34,86,265,29,127,93
ENSG00000169288.19,338,337,131,607,1185,106,722,427
ENSG00000169291.11,549,591,265,497,1057,68,484,278
ENSG00000169297.8,0,1,0,0,0,1,0,0
ENSG00000169299.15,207,205,65,326,410,18,297,116
ENSG00000169302.16,16,43,21,13,41,0,29,7
ENSG00000169306.11,2,5,0,18,48,2,53,21
ENSG00000169313.11,5,16,9,23,31,1,31,1
ENSG00000169314.16,0,5,0,0,0,0,1,0
ENSG00000169327.5,0,0,0,0,1,0,0,0
ENSG00000169330.10,25,2,5,9,3,1,1,0
ENSG00000169340.10,0,0,0,0,0,0,0,0
ENSG00000169344.17,0,302,1,0,1,0,0,5
ENSG00000169347.18,0,10,1,11,1,0,0,0
ENSG00000169359.17,482,325,189,719,941,77,657,229
ENSG00000169371.15,285,272,106,401,507,70,304,252
ENSG00000169372.14,178,191,41,483,928,86,407,349
ENSG00000169375.18,464,516,324,1458,1126,108,691,415
ENSG00000169379.17,174,158,61,174,204,6,131,54
ENSG00000169385.3,38,4,62,17,7,10,0,0
ENSG00000169393.10,0,0,0,0,0,0,0,0
ENSG00000169397.4,2,1,7,2,2,0,0,0
ENSG00000169398.21,1107,1215,520,2812,2250,198,1163,720
ENSG00000169402.17,0,8,3,0,0,0,0,0
ENSG00000169403.13,64,33,121,108,105,16,48,35
ENSG00000169410.12,489,312,329,767,664,46,337,256
ENSG00000169413.4,20,16,89,96,102,11,60,15
ENSG00000169418.11,1088,544,393,574,1092,110,611,561
ENSG00000169427.8,5,0,0,3,2,0,0,0
ENSG00000169429.13,256,383,172,128,109,4,14,2
ENSG00000169432.19,39,23,22,38,69,3,41,13
ENSG00000169435.15,0,6,0,1,1,0,0,0
ENSG00000169436.19,28,6,0,8,15,1,10,3
ENSG00000169439.13,2193,1650,1017,1689,2222,170,1129,657
ENSG00000169442.9,79,326,47,152,122,10,36,24
ENSG00000169446.7,452,571,230,1226,1169,101,529,292
ENSG00000169469.9,0,0,0,0,0,0,0,0
ENSG00000169474.5,0,0,0,0,0,0,0,0
ENSG00000169484.4,0,0,0,0,0,0,0,0
ENSG00000169488.7,0,0,0,0,0,0,0,0
ENSG00000169490.18,476,359,211,784,721,64,409,254
ENSG00000169495.5,0,3,4,1,0,0,0,1
ENSG00000169499.16,679,928,387,2203,2391,193,1047,550
ENSG00000169504.16,5601,3100,1481,23971,15077,1893,9196,2296
ENSG00000169507.10,10,35,103,93,64,0,15,42
ENSG00000169508.8,6,36,5,83,94,7,72,13
ENSG00000169509.6,0,0,0,0,0,0,0,0
ENSG00000169515.9,564,213,134,654,1146,251,624,378
ENSG00000169519.22,99,125,58,397,514,32,335,153
ENSG00000169548.3,0,0,0,1,1,1,0,1
ENSG00000169550.14,0,9,0,0,0,0,0,0
ENSG00000169551.13,1,0,1,1,0,0,0,0
ENSG00000169554.24,984,845,659,3523,2710,201,1665,812
ENSG00000169562.14,1,46,1,0,0,0,1,0
ENSG00000169564.7,4239,2834,1745,5611,6502,941,2980,3257
ENSG00000169567.14,2184,1980,840,2731,4291,472,2271,2036
ENSG00000169570.11,49,66,21,315,633,29,458,126
ENSG00000169575.5,0,0,0,0,0,0,0,0
ENSG00000169583.14,83,49,13,5,41,13,12,56
ENSG00000169592.16,577,577,567,393,916,90,416,325
ENSG00000169594.14,11,10,6,15,58,0,14,6
ENSG00000169598.18,109,43,81,69,135,5,85,38
ENSG00000169599.14,637,497,219,1382,1884,171,1209,848
ENSG00000169604.22,1073,1863,746,1904,2767,200,1565,672
ENSG00000169605.7,0,0,1,0,0,0,5,0
ENSG00000169607.14,0,3,24,3,17,0,3,0
ENSG00000169609.14,281,179,218,256,502,28,269,129
ENSG00000169612.5,183,188,113,389,438,60,309,186
ENSG00000169618.7,0,0,1,0,3,1,0,0
ENSG00000169621.12,39,55,28,52,92,3,45,22
ENSG00000169627.10,295,304,314,185,257,57,11,0
ENSG00000169629.13,237,153,42,384,355,15,115,91
ENSG00000169635.11,85,37,65,69,102,12,48,86
ENSG00000169641.16,673,397,178,2064,1478,158,756,344
ENSG00000169660.18,121,148,215,134,322,32,163,138
ENSG00000169676.7,0,0,0,0,1,2,0,0
ENSG00000169679.16,2,10,46,9,64,0,11,8
ENSG00000169682.18,261,178,201,243,643,87,293,276
ENSG00000169683.9,58,47,64,60,152,16,61,66
ENSG00000169684.14,22,23,3,92,62,3,31,19
ENSG00000169688.11,0,1,0,0,0,0,0,0
ENSG00000169689.16,337,336,287,240,381,42,142,175
ENSG00000169692.15,514,829,480,506,1368,229,828,1051
ENSG00000169696.17,216,197,234,183,422,85,282,245
ENSG00000169704.6,0,2,0,0,1,0,0,0
ENSG00000169710.10,466,80,164,646,654,130,1918,346
ENSG00000169714.18,5169,5718,3017,13101,16859,1407,7849,5793
ENSG00000169715.15,2251,694,1309,1906,531,133,284,481
ENSG00000169717.7,0,0,0,0,0,0,0,0
ENSG00000169718.19,932,469,851,640,1035,134,503,519
ENSG00000169727.15,797,753,699,1077,2108,382,1037,1278
ENSG00000169733.13,350,239,395,206,461,67,244,239
ENSG00000169738.9,583,1579,501,979,2045,421,834,1565
ENSG00000169740.15,713,821,567,1185,1501,118,644,603
ENSG00000169744.14,689,2044,332,946,1719,129,891,464
ENSG00000169750.10,14,5,6,9,40,9,23,9
ENSG00000169752.18,0,0,0,0,4,1,13,0
ENSG00000169756.18,975,611,243,1711,1966,172,1024,457
ENSG00000169758.14,1,2,2,1,5,0,3,10
ENSG00000169760.18,45,28,26,363,364,31,165,62
ENSG00000169762.18,386,488,178,1137,836,63,555,295
ENSG00000169764.17,4085,2312,1024,16611,9733,958,4582,2371
ENSG00000169777.7,0,0,0,1,2,0,0,0
ENSG00000169783.13,32,33,19,33,123,30,39,53
ENSG00000169800.14,0,0,0,0,0,0,0,0
ENSG00000169813.18,1632,1268,863,3442,2517,257,1521,991
ENSG00000169814.19,75,173,51,400,493,53,286,169
ENSG00000169826.9,414,240,270,650,533,22,396,146
ENSG00000169836.5,0,0,0,0,0,0,0,0
ENSG00000169840.5,0,0,0,0,0,0,0,0
ENSG00000169851.17,165,134,34,2418,1759,249,1161,1059
ENSG00000169855.21,398,274,227,394,465,39,333,111
ENSG00000169856.9,1,3,0,1,1,0,0,0
ENSG00000169857.10,592,298,192,864,619,87,279,301
ENSG00000169860.7,49,128,44,263,458,28,335,51
ENSG00000169862.22,34,13,13,800,363,74,75,181
ENSG00000169871.14,1085,588,1081,1850,1423,145,1035,508
ENSG00000169876.14,0,0,0,0,0,0,0,0
ENSG00000169877.11,11,36,611,0,1,0,0,0
ENSG00000169884.14,14,10,6,6,10,1,7,2
ENSG00000169885.10,1,1,7,2,3,0,1,3
ENSG00000169891.19,18,72,32,508,211,16,137,26
ENSG00000169894.19,183,238,156,634,1067,21,355,94
ENSG00000169895.7,660,591,238,1187,1005,135,603,327
ENSG00000169896.19,62,44,328,174,248,12,123,36
ENSG00000169900.9,0,0,0,0,1,1,0,0
ENSG00000169902.16,254,299,114,111,251,15,66,58
ENSG00000169903.8,0,21,0,1,0,0,0,1
ENSG00000169905.14,1219,796,493,1605,1336,113,627,488
ENSG00000169906.5,0,0,0,0,0,0,0,0
ENSG00000169908.13,4518,9689,2180,4122,4499,293,1537,1088
ENSG00000169914.7,164,109,174,350,273,13,168,126
ENSG00000169918.11,152,26,35,67,75,8,38,51
ENSG00000169919.18,511,545,812,504,859,60,398,279
ENSG00000169925.18,363,388,278,861,1048,111,549,326
ENSG00000169926.12,1027,75,535,3242,899,160,1602,756
ENSG00000169933.17,2,13,1,39,146,17,73,39
ENSG00000169946.15,180,234,72,842,818,69,513,235
ENSG00000169951.11,86,60,60,152,284,50,156,123
ENSG00000169953.12,0,0,0,0,0,0,0,0
ENSG00000169955.9,205,161,97,295,561,94,241,265
ENSG00000169957.10,440,250,229,1194,1681,337,887,1171
ENSG00000169962.5,5,9,6,8,45,1,8,11
ENSG00000169964.9,115,174,102,104,325,22,159,153
ENSG00000169967.18,501,556,249,910,968,39,857,282
ENSG00000169972.14,120,93,66,62,131,43,67,73
ENSG00000169976.7,1123,1112,528,1018,1556,241,528,1120
ENSG00000169981.12,135,110,41,246,183,13,91,58
ENSG00000169989.4,4,9,2,8,15,1,14,0
ENSG00000169991.12,275,132,121,191,239,25,106,96
ENSG00000169992.10,457,200,567,701,488,42,347,199
ENSG00000169994.21,12,12,18,18,30,1,16,33
ENSG00000170004.19,556,694,734,1149,1192,130,607,453
ENSG00000170006.14,93,163,71,81,131,6,39,29
ENSG00000170011.15,3,53,10,30,125,7,64,16
ENSG00000170017.13,74,146,85,387,327,13,205,119
ENSG00000170027.7,3656,2481,772,11802,8510,908,5307,3351
ENSG00000170035.17,698,721,341,1145,1360,145,726,449
ENSG00000170037.15,529,213,404,449,431,34,217,163
ENSG00000170043.13,726,727,567,1332,1513,256,685,866
ENSG00000170044.9,8,0,7,0,0,0,0,0
ENSG00000170049.11,12,10,25,3,18,0,16,4
ENSG00000170054.17,0,0,0,0,0,0,0,0
ENSG00000170074.22,36,16,24,33,58,3,18,26
ENSG00000170075.10,1,7,5,1,5,2,4,0
ENSG00000170085.19,81,113,44,143,193,15,121,60
ENSG00000170088.15,109,141,88,777,809,89,394,191
ENSG00000170091.12,13,1,10,13,16,1,3,2
ENSG00000170092.15,0,0,0,0,1,0,0,0
ENSG00000170099.7,0,150,2,0,0,0,0,0
ENSG00000170100.15,104,52,49,380,290,32,186,127
ENSG00000170113.17,182,146,92,523,365,18,263,112
ENSG00000170122.6,1,2,2,1,4,0,0,0
ENSG00000170128.5,0,0,0,0,0,0,0,0
ENSG00000170142.13,818,1067,490,1334,2081,197,1274,605
ENSG00000170144.24,6519,4109,2546,6641,5448,342,3660,1689
ENSG00000170145.6,523,268,283,3993,1448,156,1001,905
ENSG00000170153.11,329,492,153,5647,3293,349,1959,1258
ENSG00000170160.20,0,0,3,233,51,1,96,1
ENSG00000170162.15,1,0,0,15,9,0,0,0
ENSG00000170166.6,4,2,5,7,3,1,0,1
ENSG00000170175.11,156,97,76,244,344,29,137,153
ENSG00000170178.7,0,0,0,0,0,0,0,0
ENSG00000170180.22,3,6,117,1,1,0,0,0
ENSG00000170185.13,253,198,72,1532,897,65,552,251
ENSG00000170190.17,75,91,85,158,319,19,148,84
ENSG00000170191.5,98,38,29,173,155,12,114,31
ENSG00000170209.5,1,7,7,0,1,0,11,0
ENSG00000170214.6,36,44,24,191,53,15,20,25
ENSG00000170222.13,75,110,53,79,139,8,55,42
ENSG00000170231.17,7,38,0,24,34,7,38,30
ENSG00000170234.14,186,165,99,383,371,23,260,102
ENSG00000170236.16,0,0,0,1,3,0,6,0
ENSG00000170242.20,1301,994,510,3845,2703,288,1744,963
ENSG00000170248.16,1307,993,670,3965,3374,302,2255,974
ENSG00000170255.8,0,0,0,0,0,0,0,0
ENSG00000170260.10,121,119,122,211,231,23,128,105
ENSG00000170262.14,12,1,3,14,15,0,54,3
ENSG00000170264.14,21,34,9,46,94,7,38,18
ENSG00000170265.13,211,145,137,330,584,80,281,391
ENSG00000170266.16,263,247,118,690,659,79,301,233
ENSG00000170270.6,97,145,68,234,392,0,0,0
ENSG00000170271.12,153,665,524,322,1839,139,763,372
ENSG00000170275.16,2169,2381,2146,3319,4305,468,2442,1533
ENSG00000170276.7,1570,896,259,1660,2277,425,1104,1055
ENSG00000170279.3,0,0,0,0,0,0,0,0
ENSG00000170289.13,0,0,0,1,0,1,0,0
ENSG00000170290.5,12,16,13,175,387,3,90,17
ENSG00000170291.18,267,217,73,507,1263,109,558,401
ENSG00000170293.10,152,185,55,68,142,11,60,39
ENSG00000170296.11,3893,5145,3243,4964,6647,812,1582,2017
ENSG00000170298.17,0,1,0,0,0,0,0,0
ENSG00000170310.16,485,577,286,587,827,119,317,281
ENSG00000170312.18,6,87,68,22,115,0,13,6
ENSG00000170315.15,8898,9797,5490,18140,20639,1851,7787,12785
ENSG00000170322.16,226,209,158,504,583,70,287,190
ENSG00000170323.10,2428,9638,2180,1255,5916,177,3780,1486
ENSG00000170324.21,4,2,0,7,12,2,27,5
ENSG00000170325.17,114,95,34,311,202,7,124,64
ENSG00000170340.12,241,418,73,701,604,39,289,170
ENSG00000170345.12,624,13818,465,1257,4144,65,2871,1018
ENSG00000170348.10,3860,1938,1423,7920,7249,695,3890,2307
ENSG00000170364.14,148,207,178,332,506,36,316,168
ENSG00000170365.11,241,415,90,450,523,49,318,113
ENSG00000170367.6,0,0,0,0,0,0,0,0
ENSG00000170369.4,1,0,0,0,0,0,0,1
ENSG00000170370.12,3,27,11,3,12,0,5,0
ENSG00000170373.9,0,0,0,0,0,0,0,0
ENSG00000170374.6,0,1,0,0,0,0,0,0
ENSG00000170379.21,0,28,7,0,53,6,0,9
ENSG00000170381.16,3,3,5,12,19,0,2,3
ENSG00000170382.13,89,116,21,39,107,12,60,105
ENSG00000170385.10,505,504,208,527,900,75,434,150
ENSG00000170390.17,136,122,141,796,762,85,462,319
ENSG00000170396.9,0,0,0,1,5,0,1,0
ENSG00000170412.19,229,282,117,439,615,95,230,430
ENSG00000170417.16,118,254,93,4227,6135,392,3680,879
ENSG00000170419.11,0,2,0,0,1,0,0,0
ENSG00000170421.14,1129,758,142,2652,3236,715,1359,2007
ENSG00000170423.13,0,2,0,0,0,0,0,0
ENSG00000170425.4,34,50,6,45,36,4,18,29
ENSG00000170426.2,1,4,1,4,7,0,3,2
ENSG00000170430.11,220,421,164,151,663,60,253,419
ENSG00000170439.8,182,49,46,334,267,111,119,154
ENSG00000170442.13,0,0,0,0,0,0,1,0
ENSG00000170445.17,996,559,599,1257,1352,225,645,598
ENSG00000170448.13,85,63,38,117,109,10,142,45
ENSG00000170454.6,0,0,0,0,0,0,0,0
ENSG00000170456.17,220,205,81,4206,1605,104,1022,372
ENSG00000170458.16,122,151,320,618,555,108,190,123
ENSG00000170464.11,151,321,182,387,494,27,313,130
ENSG00000170465.10,0,0,0,0,0,0,0,0
ENSG00000170468.8,134,56,66,263,240,32,151,94
ENSG00000170469.12,58,110,42,179,219,25,119,91
ENSG00000170471.16,670,596,275,2199,1561,133,1109,484
ENSG00000170473.18,320,279,222,297,370,51,212,146
ENSG00000170476.16,36,51,2,4,11,0,8,1
ENSG00000170477.13,0,19,1,0,0,0,0,0
ENSG00000170482.18,0,7,1,0,4,0,0,0
ENSG00000170484.10,0,0,0,0,1,0,0,0
ENSG00000170485.18,1046,110,189,1821,867,180,337,352
ENSG00000170486.11,1,0,0,1,4,0,0,0
ENSG00000170498.11,1,0,0,1,1,0,0,0
ENSG00000170500.13,196,88,79,1114,1548,84,1012,529
ENSG00000170502.14,532,384,174,999,984,139,479,485
ENSG00000170509.13,12,34,19,7,8,0,4,8
ENSG00000170515.15,2551,1237,1252,3128,3249,500,1712,1223
ENSG00000170516.17,0,0,0,0,0,0,0,0
ENSG00000170522.11,193,44,81,299,90,6,58,17
ENSG00000170523.3,0,0,0,0,0,0,0,0
ENSG00000170525.22,626,454,369,522,771,57,500,277
ENSG00000170537.14,53,86,9,58,119,2,54,23
ENSG00000170540.17,849,2158,626,680,1391,91,612,330
ENSG00000170542.8,134,370,89,512,368,25,159,131
ENSG00000170545.18,160,275,27,77,156,14,77,65
ENSG00000170549.4,3,14,11,23,22,4,5,9
ENSG00000170558.11,2248,1492,217,21634,11453,1682,7427,5010
ENSG00000170561.14,24,52,8,230,162,13,34,33
ENSG00000170571.13,96,66,157,309,317,9,217,46
ENSG00000170577.9,65,19,28,27,34,4,18,16
ENSG00000170579.19,3,4,0,13,11,2,11,8
ENSG00000170581.16,1118,810,818,1413,1586,92,1008,374
ENSG00000170584.13,239,148,121,275,426,31,195,113
ENSG00000170604.5,139,191,75,276,490,130,317,507
ENSG00000170605.7,0,0,0,0,0,0,0,0
ENSG00000170606.17,1805,862,443,4810,2811,483,1709,1029
ENSG00000170608.4,0,11,1,0,0,0,0,0
ENSG00000170613.4,0,0,0,0,0,0,0,0
ENSG00000170615.16,0,0,0,0,1,0,0,2
ENSG00000170619.11,260,245,178,209,319,45,149,215
ENSG00000170624.15,429,229,117,5925,3572,527,2918,1171
ENSG00000170627.12,2,1,1,0,5,0,3,0
ENSG00000170631.16,56,81,36,166,244,20,133,109
ENSG00000170632.15,231,104,135,597,599,69,394,267
ENSG00000170633.18,327,266,169,649,553,63,312,357
ENSG00000170634.13,282,240,58,694,1123,142,734,771
ENSG00000170638.11,381,163,366,161,485,54,260,341
ENSG00000170653.20,802,447,403,1732,1599,123,916,410
ENSG00000170667.17,151,487,922,196,307,12,163,96
ENSG00000170677.7,252,229,89,835,889,69,573,259
ENSG00000170681.8,226,93,27,2198,2090,261,1216,734
ENSG00000170683.7,1,0,0,0,0,0,0,0
ENSG00000170684.10,2,2,4,2,3,0,5,2
ENSG00000170689.10,0,3,0,0,0,0,0,0
ENSG00000170703.16,5,4,25,1,7,1,3,0
ENSG00000170734.13,178,165,100,316,355,33,153,100
ENSG00000170743.17,11,0,1,5,6,1,6,0
ENSG00000170745.13,269,351,141,124,258,11,106,69
ENSG00000170748.7,1,0,0,0,0,0,2,0
ENSG00000170759.12,1951,2514,734,8597,6638,691,4361,1802
ENSG00000170775.3,1,3,1,0,2,0,0,0
ENSG00000170776.23,2395,1137,1153,20473,8491,927,5020,5099
ENSG00000170777.11,0,0,2,1,0,0,0,0
ENSG00000170779.12,94,64,47,57,107,8,52,32
ENSG00000170782.3,0,0,0,0,0,0,0,0
ENSG00000170786.14,8,6,2,2,0,0,2,0
ENSG00000170788.15,0,0,0,3,0,0,0,0
ENSG00000170790.6,0,0,0,0,0,0,0,0
ENSG00000170791.19,247,368,260,796,1189,86,668,406
ENSG00000170801.11,1823,2993,3880,1070,3135,708,1638,1763
ENSG00000170802.18,153,319,76,375,459,10,267,96
ENSG00000170807.12,850,2437,353,18205,22885,3308,17376,8380
ENSG00000170819.5,0,0,0,0,0,0,0,0
ENSG00000170820.12,0,8,0,1,8,0,2,3
ENSG00000170832.14,288,250,224,1912,1140,118,613,351
ENSG00000170835.17,27,29,13,148,640,34,229,125
ENSG00000170836.14,206,309,113,345,353,14,243,120
ENSG00000170837.3,6,12,16,91,204,12,28,58
ENSG00000170846.17,186,177,131,198,309,28,254,132
ENSG00000170848.16,0,0,0,0,0,0,0,0
ENSG00000170852.13,719,1229,339,1372,1472,93,792,462
ENSG00000170854.19,407,179,192,571,413,27,351,221
ENSG00000170855.5,239,191,141,276,435,33,195,184
ENSG00000170860.5,681,794,379,1070,1434,171,867,525
ENSG00000170871.12,558,662,373,5854,4600,443,3647,1756
ENSG00000170873.20,271,879,350,901,1582,183,908,188
ENSG00000170876.10,2574,803,1033,5435,2105,292,1062,698
ENSG00000170881.6,357,505,210,872,907,57,520,302
ENSG00000170889.15,489,1126,4062,1847,1004,172,437,1892
ENSG00000170890.14,0,0,0,2,5,0,0,0
ENSG00000170891.12,3,3,3,6,23,2,4,11
ENSG00000170892.14,202,83,176,187,53,0,228,7
ENSG00000170893.4,2,6,0,0,1,0,0,0
ENSG00000170899.12,284,271,245,143,543,23,273,121
ENSG00000170903.13,216,199,68,847,712,55,525,285
ENSG00000170906.17,97,248,68,56,188,429,1677,2365
ENSG00000170909.15,0,0,13,5,20,0,0,1
ENSG00000170915.10,65,95,42,286,215,25,93,66
ENSG00000170917.14,33,55,18,141,398,28,251,137
ENSG00000170920.2,0,0,0,0,0,0,0,0
ENSG00000170921.16,234,158,89,421,242,23,115,73
ENSG00000170923.4,0,0,0,1,1,0,0,0
ENSG00000170925.3,0,0,0,0,0,0,0,0
ENSG00000170927.15,0,17,0,5,0,1,0,2
ENSG00000170929.6,0,0,0,0,1,0,0,0
ENSG00000170935.9,0,0,0,1,2,0,15,0
ENSG00000170946.16,187,136,96,607,859,47,430,220
ENSG00000170948.4,0,0,0,0,0,0,0,0
ENSG00000170949.19,326,580,411,789,1260,48,718,327
ENSG00000170950.6,0,0,0,0,0,0,0,0
ENSG00000170953.4,0,0,0,0,0,0,0,0
ENSG00000170954.13,120,240,111,312,767,34,344,193
ENSG00000170955.11,615,528,459,318,497,228,242,494
ENSG00000170956.17,1,6,43,4,10,1,4,1
ENSG00000170959.15,0,12,2,0,1,0,0,0
ENSG00000170961.7,411,311,81,111,68,3,96,49
ENSG00000170962.14,1210,1318,398,665,1802,41,733,406
ENSG00000170965.11,0,0,0,1,1,0,0,0
ENSG00000170967.5,0,0,0,0,0,0,0,0
ENSG00000170989.11,1739,2803,244,2423,2456,243,1047,1131
ENSG00000171004.19,35,7,12,13,16,5,27,24
ENSG00000171014.3,0,0,0,0,0,0,0,0
ENSG00000171016.13,73,52,42,218,228,4,115,45
ENSG00000171017.12,9,3,3,35,27,8,16,23
ENSG00000171033.14,664,464,194,7876,8157,475,4824,1643
ENSG00000171044.11,8,7,4,11,14,1,4,9
ENSG00000171045.17,70,73,79,85,206,20,121,64
ENSG00000171049.9,15,2,51,39,12,0,1,2
ENSG00000171051.11,68,30,382,276,57,5,11,18
ENSG00000171053.10,0,0,0,0,0,0,0,0
ENSG00000171054.9,0,0,0,0,0,0,0,0
ENSG00000171055.16,532,810,288,1194,1228,153,580,336
ENSG00000171056.8,381,664,5,127,610,0,372,134
ENSG00000171060.11,0,0,0,0,0,0,0,0
ENSG00000171067.12,1359,286,330,841,1002,154,353,313
ENSG00000171094.18,0,0,3,1,1,0,0,0
ENSG00000171097.15,135,76,53,255,362,59,108,121
ENSG00000171100.17,66,87,33,373,328,29,202,107
ENSG00000171102.17,1,2,1,1,2,0,0,0
ENSG00000171103.12,135,148,78,330,574,42,403,185
ENSG00000171105.15,2293,1136,1124,5133,3218,363,1594,1471
ENSG00000171109.20,426,521,178,1718,1803,125,1416,525
ENSG00000171115.5,499,695,221,2036,1680,183,961,633
ENSG00000171116.7,0,14,14,48,0,0,23,0
ENSG00000171119.4,15,16,8,112,216,83,107,274
ENSG00000171121.17,41,71,26,69,62,1,77,11
ENSG00000171124.14,0,0,0,0,0,0,0,0
ENSG00000171126.8,0,0,0,0,1,0,0,0
ENSG00000171130.20,452,750,178,1460,3090,405,1193,3474
ENSG00000171132.15,135,132,48,422,450,33,223,155
ENSG00000171133.4,0,1,2,7,1,0,3,6
ENSG00000171135.16,680,307,229,566,503,56,288,297
ENSG00000171136.7,3,0,5,2,0,0,0,0
ENSG00000171148.15,1087,868,710,1788,1854,287,844,971
ENSG00000171150.10,462,459,177,1072,890,69,455,208
ENSG00000171155.9,426,299,172,570,605,49,366,239
ENSG00000171159.5,342,425,331,89,422,117,208,407
ENSG00000171160.19,158,106,71,145,305,29,140,102
ENSG00000171161.14,549,438,299,836,1201,167,489,871
ENSG00000171163.17,903,269,396,253,387,13,309,167
ENSG00000171169.9,70,64,53,123,164,27,90,103
ENSG00000171174.16,98,149,5,159,135,13,82,88
ENSG00000171180.3,0,0,0,0,0,0,0,0
ENSG00000171189.18,0,0,0,0,0,0,0,0
ENSG00000171195.11,0,0,0,0,1,0,0,0
ENSG00000171199.11,0,0,0,0,0,0,0,0
ENSG00000171201.12,0,0,0,0,0,0,0,0
ENSG00000171202.8,527,471,185,738,1112,167,550,577
ENSG00000171204.13,616,503,235,923,1391,54,637,349
ENSG00000171206.18,1330,823,908,3662,2209,461,1423,1077
ENSG00000171208.11,118,207,38,168,148,7,63,44
ENSG00000171209.4,0,0,0,0,0,0,0,0
ENSG00000171217.6,0,1,0,1,0,0,2,1
ENSG00000171219.10,13,31,11,11,19,1,17,2
ENSG00000171222.12,164,270,156,61,276,175,301,616
ENSG00000171223.6,1389,7533,957,458,1756,292,925,1203
ENSG00000171224.10,7,17,10,55,86,4,36,31
ENSG00000171227.8,30,51,57,18,138,6,133,14
ENSG00000171234.15,0,295,9,1,1,0,0,2
ENSG00000171236.11,36,131,115,49,4,4,2,3
ENSG00000171241.10,5,6,39,37,44,1,18,7
ENSG00000171243.8,0,4,0,0,23,1,40,1
ENSG00000171246.7,2,0,0,0,1,0,4,1
ENSG00000171262.11,388,502,195,1208,1366,102,683,330
ENSG00000171291.9,42,40,35,122,180,5,87,42
ENSG00000171295.13,60,100,33,189,247,10,105,55
ENSG00000171298.16,340,480,301,712,1941,290,955,1056
ENSG00000171302.18,531,316,225,1044,786,117,405,458
ENSG00000171303.8,62,3,36,158,89,4,28,33
ENSG00000171307.20,846,249,244,731,626,66,245,336
ENSG00000171310.11,192,150,118,239,192,19,76,55
ENSG00000171311.14,340,267,236,188,296,33,99,145
ENSG00000171314.10,2702,1547,846,6450,6272,1130,3402,3134
ENSG00000171316.15,235,191,86,1097,687,63,475,220
ENSG00000171320.15,0,3,6,10,12,0,2,6
ENSG00000171345.14,19,132,17,4,115,6,29,34
ENSG00000171346.16,1,3,4,0,1,0,0,0
ENSG00000171357.6,91,80,47,181,243,21,91,47
ENSG00000171360.4,0,0,0,0,0,0,0,0
ENSG00000171365.18,144,141,54,180,145,8,86,47
ENSG00000171368.13,63,84,63,846,1831,113,534,475
ENSG00000171385.12,256,159,127,1458,1075,132,947,277
ENSG00000171388.13,27,313,44,246,1445,121,342,377
ENSG00000171396.12,0,0,0,0,0,0,0,0
ENSG00000171401.16,0,0,0,0,0,1,0,0
ENSG00000171402.15,0,0,0,0,0,0,0,0
ENSG00000171403.10,0,0,0,0,0,0,0,0
ENSG00000171405.14,0,0,0,0,0,0,0,0
ENSG00000171408.14,174,368,107,346,1332,55,436,177
ENSG00000171421.14,300,268,100,477,604,112,364,483
ENSG00000171425.11,114,121,100,82,183,21,43,112
ENSG00000171428.16,31,55,22,153,57,9,37,14
ENSG00000171431.5,0,0,0,0,0,0,0,0
ENSG00000171433.12,0,3,0,0,0,0,0,0
ENSG00000171435.15,0,0,0,1,0,0,0,0
ENSG00000171443.8,145,164,129,80,255,77,113,220
ENSG00000171444.19,406,659,147,1271,1596,111,1160,300
ENSG00000171446.7,0,0,1,0,6,1,0,0
ENSG00000171448.10,104,70,76,157,274,3,207,56
ENSG00000171450.6,0,0,0,0,2,0,0,0
ENSG00000171451.16,251,285,93,142,260,0,108,46
ENSG00000171453.21,404,146,218,309,299,33,149,138
ENSG00000171456.23,1003,573,832,1753,1177,82,644,496
ENSG00000171459.4,0,0,0,0,0,0,0,0
ENSG00000171462.16,49,6,3,45,11,8,4,12
ENSG00000171466.11,309,171,137,694,595,46,391,226
ENSG00000171467.17,323,207,136,1003,607,62,538,193
ENSG00000171469.12,220,308,140,551,723,51,380,226
ENSG00000171475.15,525,323,250,984,774,89,430,252
ENSG00000171476.24,148,315,112,560,451,110,65,351
ENSG00000171478.8,0,1,0,0,0,0,0,0
ENSG00000171481.5,0,0,0,0,0,0,0,0
ENSG00000171487.17,0,0,0,0,0,0,0,0
ENSG00000171488.16,534,1140,161,1301,1021,40,646,194
ENSG00000171489.11,0,0,0,0,0,0,0,0
ENSG00000171490.14,1667,1216,982,2835,3398,385,1675,274
ENSG00000171492.15,368,307,132,322,382,29,183,108
ENSG00000171495.17,6,0,6,1,2,0,0,1
ENSG00000171496.5,0,0,0,3,2,0,2,1
ENSG00000171497.6,625,445,130,1274,1226,129,805,548
ENSG00000171501.11,0,0,0,0,0,0,0,0
ENSG00000171502.15,18,118,20,32,47,1,67,19
ENSG00000171503.14,498,445,177,5510,6951,581,3623,2294
ENSG00000171505.6,0,0,0,0,0,0,0,0
ENSG00000171509.17,0,3,0,0,4,0,0,0
ENSG00000171517.7,40,21,8,427,466,58,107,133
ENSG00000171522.7,293,423,135,120,617,31,218,102
ENSG00000171530.16,1092,913,591,1262,2013,234,1279,1008
ENSG00000171532.6,0,1,0,0,0,0,0,0
ENSG00000171533.13,65,130,84,153,192,37,133,71
ENSG00000171540.8,1,0,0,1,0,0,0,0
ENSG00000171551.13,12,0,1,7,5,1,2,2
ENSG00000171552.15,1527,1082,1875,2447,2192,285,744,1125
ENSG00000171557.18,2,2651,0,4,0,0,0,0
ENSG00000171560.19,3,5028,0,10,0,0,0,0
ENSG00000171561.4,0,1,0,0,0,0,0,0
ENSG00000171564.13,4,4924,2,11,2,0,0,0
ENSG00000171566.13,466,459,263,828,1087,103,680,332
ENSG00000171570.11,0,0,4,0,0,0,0,0
ENSG00000171574.19,170,66,58,356,372,49,211,235
ENSG00000171587.15,1,0,0,1,2,0,0,0
ENSG00000171595.15,3,8,0,1,0,0,0,0
ENSG00000171596.7,4,7,1,4,34,2,13,4
ENSG00000171603.19,1524,1032,755,3109,3351,549,1600,1491
ENSG00000171604.13,774,487,182,485,1451,192,653,380
ENSG00000171606.19,274,198,229,913,739,58,402,289
ENSG00000171608.19,104,125,220,250,195,14,207,59
ENSG00000171611.10,1,1,0,1,1,0,0,0
ENSG00000171612.8,179,175,50,237,303,18,183,105
ENSG00000171617.17,472,445,183,399,609,35,190,168
ENSG00000171621.15,402,189,230,340,308,44,126,111
ENSG00000171631.17,183,13,90,84,70,3,43,10
ENSG00000171634.19,378,501,260,1712,1433,120,997,368
ENSG00000171643.15,4,3,4,6,5,0,0,0
ENSG00000171649.12,27,44,30,231,187,7,101,49
ENSG00000171657.7,2,7,5,13,18,0,1,0
ENSG00000171659.17,4,22,25,97,190,3,98,7
ENSG00000171680.24,188,180,188,288,888,67,392,271
ENSG00000171681.14,536,969,369,1466,2239,201,1352,553
ENSG00000171695.12,0,0,0,0,0,0,0,0
ENSG00000171700.15,134,56,128,96,89,14,69,47
ENSG00000171703.18,188,419,297,270,605,90,250,445
ENSG00000171711.3,0,0,0,0,0,0,0,0
ENSG00000171714.14,110,267,43,2572,3082,221,2268,526
ENSG00000171720.11,469,425,325,1001,1188,104,564,459
ENSG00000171722.14,0,0,0,0,0,0,0,1
ENSG00000171723.17,216,236,97,499,606,88,408,267
ENSG00000171724.3,13,25,4,943,651,145,605,215
ENSG00000171729.15,168,110,37,178,125,18,87,102
ENSG00000171735.21,852,772,398,1161,1589,160,769,826
ENSG00000171747.10,6,12,11,5,7,0,1,7
ENSG00000171757.18,7,25,5,7,46,7,22,24
ENSG00000171759.11,0,321,0,0,1,0,0,0
ENSG00000171763.21,107,92,49,117,250,26,169,111
ENSG00000171766.18,270,917,126,602,1235,24,575,361
ENSG00000171772.18,18,7,33,9,12,3,3,2
ENSG00000171773.3,1,5,0,0,7,1,7,0
ENSG00000171777.17,18,14,101,39,67,6,30,7
ENSG00000171786.6,3,0,5,2,2,0,0,2
ENSG00000171790.17,21,4,3,7,13,0,12,6
ENSG00000171791.14,267,249,190,590,411,71,329,127
ENSG00000171792.12,65,60,69,109,186,11,69,39
ENSG00000171793.18,546,126,149,443,324,28,177,164
ENSG00000171794.4,0,0,0,0,0,0,0,0
ENSG00000171798.20,7,16,2,0,15,0,2,0
ENSG00000171804.11,0,0,0,0,0,0,0,0
ENSG00000171806.13,79,82,56,114,168,8,77,43
ENSG00000171811.14,17,11,3,15,23,5,11,14
ENSG00000171812.13,105,37,89,122,107,9,38,8
ENSG00000171813.15,110,56,42,143,269,51,178,339
ENSG00000171815.6,1,0,0,1,1,0,0,0
ENSG00000171817.18,103,117,137,162,284,14,193,117
ENSG00000171819.5,1,183,7,12,64,2,118,52
ENSG00000171823.8,35,40,24,63,127,23,59,109
ENSG00000171824.15,660,508,446,1050,948,81,667,138
ENSG00000171827.12,71,110,47,216,283,18,176,89
ENSG00000171840.14,104,100,80,153,107,27,129,77
ENSG00000171843.17,124,244,77,293,430,32,226,90
ENSG00000171847.12,2,6,3,4,1,0,4,0
ENSG00000171848.17,12,16,180,28,87,3,1,5
ENSG00000171853.17,297,476,360,312,569,333,714,574
ENSG00000171855.7,0,0,0,0,0,0,0,0
ENSG00000171858.19,3341,4361,2238,1854,3198,517,1495,2499
ENSG00000171860.6,36,14,51,324,157,18,70,18
ENSG00000171861.12,163,255,93,372,537,82,289,324
ENSG00000171862.16,1452,2070,1133,2558,2768,82,1512,628
ENSG00000171863.16,11248,12154,6299,6808,11174,1249,5204,4421
ENSG00000171864.5,0,0,0,1,4,0,0,1
ENSG00000171865.11,480,165,208,1320,1286,121,745,331
ENSG00000171867.19,1295,1429,660,6871,8677,553,4752,2653
ENSG00000171872.5,1,0,0,1,0,0,0,0
ENSG00000171873.8,9,4,1,3,9,3,10,5
ENSG00000171877.21,29,74,44,701,1621,127,601,228
ENSG00000171885.19,36,107,6,210,262,27,254,29
ENSG00000171903.18,0,17,3,6,5,0,0,0
ENSG00000171914.18,675,679,372,1678,2242,456,1476,1074
ENSG00000171916.18,2,1,0,0,4,0,0,0
ENSG00000171928.15,624,319,133,837,638,41,445,241
ENSG00000171931.13,0,4,0,3,1,0,7,4
ENSG00000171936.3,0,0,0,0,0,0,0,0
ENSG00000171940.14,285,211,171,457,441,23,218,99
ENSG00000171942.5,0,0,0,0,0,0,0,0
ENSG00000171943.13,176,367,126,510,381,26,318,70
ENSG00000171944.2,0,0,0,0,0,0,0,0
ENSG00000171951.5,8,3,7,10,5,3,4,3
ENSG00000171953.16,187,209,86,377,833,114,420,521
ENSG00000171954.14,0,4,2,0,3,1,0,0
ENSG00000171956.7,0,0,0,0,0,0,0,0
ENSG00000171960.13,286,212,259,350,483,30,315,230
ENSG00000171962.20,11,31,25,18,26,2,37,24
ENSG00000171970.15,56,24,30,217,86,19,40,35
ENSG00000171984.16,45,85,24,95,125,16,46,39
ENSG00000171988.20,492,640,218,1503,1466,66,869,367
ENSG00000171989.6,0,0,0,0,0,0,3,3
ENSG00000171992.14,5445,2848,2339,30703,35333,6543,10824,15012
ENSG00000172000.7,10,0,9,8,7,0,2,2
ENSG00000172005.12,33,133,57,75,155,22,72,74
ENSG00000172006.13,27,39,66,160,200,17,106,104
ENSG00000172007.8,147,237,90,379,411,14,205,94
ENSG00000172009.16,501,171,199,573,664,159,323,425
ENSG00000172016.16,0,0,0,0,0,0,3,0
ENSG00000172020.14,318,37,13,112,66,16,14,2
ENSG00000172023.9,0,0,0,10,0,0,0,0
ENSG00000172031.8,2,3,0,5,9,0,3,2
ENSG00000172037.15,2605,3138,1901,16497,14614,2741,7392,6675
ENSG00000172046.21,483,417,318,1641,2033,275,1210,927
ENSG00000172053.19,1036,1271,1432,4530,4971,633,2463,2218
ENSG00000172057.11,1012,743,455,1746,1893,234,800,894
ENSG00000172058.17,0,18,28,109,59,0,39,1
ENSG00000172059.12,392,689,252,643,895,54,382,384
ENSG00000172061.9,9,10,21,18,30,4,9,1
ENSG00000172062.18,56,53,77,414,48,12,59,34
ENSG00000172071.15,431,259,115,562,413,26,244,260
ENSG00000172073.4,0,0,0,0,0,0,0,0
ENSG00000172081.15,665,276,463,672,615,81,315,262
ENSG00000172086.10,496,435,181,963,1233,50,727,232
ENSG00000172113.11,214,146,120,734,653,66,365,260
ENSG00000172115.10,4229,3853,1019,19132,24081,2377,11653,6468
ENSG00000172116.24,4,31,7,8,24,3,3,2
ENSG00000172123.15,84,115,31,115,210,9,63,53
ENSG00000172137.20,6,0,6,29,96,1,115,9
ENSG00000172139.15,5,67,12,25,29,1,14,2
ENSG00000172146.4,1,0,0,1,1,0,0,0
ENSG00000172150.4,0,0,0,0,0,0,0,0
ENSG00000172154.11,0,0,0,0,0,0,0,0
ENSG00000172155.10,0,0,0,0,0,0,0,0
ENSG00000172156.4,4592,430,1236,271,70,31,73,44
ENSG00000172159.17,375,1386,281,1275,2488,229,1051,775
ENSG00000172164.15,237,508,142,189,317,20,169,102
ENSG00000172167.9,15,16,14,25,39,1,51,7
ENSG00000172171.12,104,114,42,159,297,26,158,85
ENSG00000172172.9,307,354,129,752,1244,65,579,445
ENSG00000172175.17,355,778,158,530,780,36,583,180
ENSG00000172179.13,0,0,2,0,0,0,0,0
ENSG00000172183.17,245,178,108,107,92,5,35,37
ENSG00000172188.6,0,0,0,0,0,0,0,0
ENSG00000172197.12,119,146,169,107,308,5,140,68
ENSG00000172199.1,0,0,0,0,0,0,0,0
ENSG00000172201.13,120,188,270,217,333,19,182,67
ENSG00000172208.7,0,0,0,0,0,0,0,0
ENSG00000172209.7,79,34,5,671,1851,104,1215,145
ENSG00000172215.7,0,22,0,6,14,1,11,5
ENSG00000172216.7,1567,1238,731,1947,551,214,639,1487
ENSG00000172232.10,0,12,58,2,4,0,5,0
ENSG00000172236.20,76,66,161,71,156,9,81,148
ENSG00000172238.6,0,0,0,0,0,0,0,0
ENSG00000172239.15,1013,838,434,3824,3478,270,1682,1027
ENSG00000172243.19,16,13,108,86,79,1,24,6
ENSG00000172244.10,10,20,14,14,17,5,6,2
ENSG00000172247.5,6,3,4,1,18,0,22,25
ENSG00000172260.15,475,931,1067,251,979,33,580,185
ENSG00000172262.13,249,396,119,441,437,36,276,138
ENSG00000172264.19,5,7,4,84,71,11,45,13
ENSG00000172269.21,714,186,189,560,501,47,316,207
ENSG00000172270.23,7196,17890,5150,18700,40056,8417,16720,28024
ENSG00000172273.14,232,195,186,395,380,15,161,179
ENSG00000172288.8,0,0,0,0,0,0,0,0
ENSG00000172289.3,0,1,0,0,0,0,0,0
ENSG00000172292.16,539,338,161,3555,3404,301,2356,858
ENSG00000172296.14,59,141,33,233,311,14,163,41
ENSG00000172301.11,793,751,439,1060,1257,149,722,654
ENSG00000172315.6,270,208,88,300,240,31,155,84
ENSG00000172318.7,1,3,1,5,8,0,5,5
ENSG00000172320.4,0,0,0,0,1,0,0,0
ENSG00000172322.14,97,58,97,13,38,1,2,0
ENSG00000172324.6,0,0,0,0,0,0,0,0
ENSG00000172331.13,215,174,517,447,659,44,323,169
ENSG00000172336.6,289,184,115,225,477,93,230,358
ENSG00000172339.11,159,88,69,187,134,22,84,40
ENSG00000172340.16,553,796,277,3729,4133,253,2164,1016
ENSG00000172345.15,68,80,90,53,105,9,84,40
ENSG00000172346.16,3646,1166,764,3590,8442,2043,2825,4881
ENSG00000172348.16,1112,840,376,17857,11248,1814,7564,4037
ENSG00000172349.20,146,236,194,187,390,28,227,101
ENSG00000172350.11,8,7,5,41,47,8,15,16
ENSG00000172352.5,0,0,0,0,0,0,0,0
ENSG00000172354.11,2282,1603,1545,1792,2575,430,1074,1543
ENSG00000172361.7,7,13,4,2,1,0,3,1
ENSG00000172362.4,0,1,0,1,0,0,0,0
ENSG00000172365.4,0,0,0,0,0,0,2,0
ENSG00000172366.21,327,774,363,280,1029,295,431,951
ENSG00000172367.16,0,0,0,0,13,0,4,3
ENSG00000172375.15,262,139,182,430,454,59,177,256
ENSG00000172377.3,0,0,0,0,0,0,0,0
ENSG00000172379.23,41,56,48,143,294,18,153,136
ENSG00000172380.7,1218,656,514,2385,1758,154,985,396
ENSG00000172382.11,3,5,15,3,7,2,5,6
ENSG00000172399.7,17569,4870,1449,33514,39714,4736,19393,14127
ENSG00000172403.11,2925,893,1159,12738,8843,1999,6578,2998
ENSG00000172404.5,0,0,0,0,0,1,0,1
ENSG00000172409.8,103,48,57,228,195,22,95,74
ENSG00000172410.5,3,0,0,0,0,0,0,0
ENSG00000172421.10,5,0,1,3,2,0,0,0
ENSG00000172425.13,0,43,0,0,2,3,4,7
ENSG00000172426.17,11,19,15,2,10,1,85,13
ENSG00000172428.12,829,1079,428,758,1468,255,775,1288
ENSG00000172432.20,801,440,470,1016,943,83,556,431
ENSG00000172456.19,101,133,26,345,521,38,183,154
ENSG00000172457.7,0,0,0,0,0,0,0,0
ENSG00000172458.6,24,18,8,27,42,16,23,38
ENSG00000172459.5,0,0,0,0,0,0,0,0
ENSG00000172461.12,0,0,0,0,0,0,2,0
ENSG00000172464.4,0,0,0,0,0,0,0,0
ENSG00000172465.15,166,160,147,499,662,36,335,290
ENSG00000172466.17,825,1040,497,2719,2458,138,1769,656
ENSG00000172468.14,0,0,3,0,0,0,1,0
ENSG00000172469.18,202,132,66,379,277,10,167,65
ENSG00000172476.5,6,7,13,4,16,0,14,18
ENSG00000172478.19,1,10,0,0,1,0,3,0
ENSG00000172482.6,0,357,0,0,2,0,1,0
ENSG00000172487.4,0,0,0,0,0,0,0,0
ENSG00000172489.7,0,0,0,0,0,0,0,0
ENSG00000172493.24,1123,1146,617,4117,2766,213,2129,653
ENSG00000172497.10,0,8,0,0,0,0,0,0
ENSG00000172500.14,663,495,358,887,1242,203,574,767
ENSG00000172508.12,20,194,69,485,1158,99,636,476
ENSG00000172519.10,3,0,0,2,0,0,0,0
ENSG00000172530.23,212,193,78,129,231,29,146,273
ENSG00000172531.17,1782,1541,760,2350,2869,422,1141,1176
ENSG00000172534.15,609,262,290,1518,1375,299,953,723
ENSG00000172538.7,1,0,1,0,1,0,1,4
ENSG00000172543.10,9,148,4,24,58,1,15,2
ENSG00000172548.15,10,0,3,1,1,2,1,0
ENSG00000172551.12,0,0,1,0,1,0,0,0
ENSG00000172554.13,28,0,23,4,13,0,9,0
ENSG00000172568.5,0,1,0,0,1,0,0,0
ENSG00000172572.8,857,661,436,21265,12564,969,7860,2903
ENSG00000172575.15,5,31,0,36,43,2,19,6
ENSG00000172578.12,40,55,22,77,83,4,54,12
ENSG00000172586.8,463,616,224,489,784,110,406,409
ENSG00000172590.19,760,913,341,487,1044,161,364,603
ENSG00000172594.14,74,71,53,182,213,8,80,58
ENSG00000172602.11,22,34,23,11,47,2,4,4
ENSG00000172613.9,141,98,130,64,169,22,89,92
ENSG00000172638.14,1463,1335,1090,1701,2377,394,1098,1568
ENSG00000172640.4,0,0,0,0,0,0,0,1
ENSG00000172650.15,114,83,92,88,214,27,248,143
ENSG00000172661.21,381,376,355,988,1455,111,592,394
ENSG00000172663.10,286,434,161,334,840,127,425,621
ENSG00000172667.12,424,619,221,1178,863,53,380,204
ENSG00000172671.21,63,92,78,229,257,14,158,90
ENSG00000172673.13,0,8,0,7,16,0,9,0
ENSG00000172680.1,0,0,0,0,0,0,0,0
ENSG00000172687.15,85,65,55,91,155,1,77,34
ENSG00000172689.2,0,0,0,1,1,0,0,0
ENSG00000172716.18,1001,1247,327,825,1093,77,382,309
ENSG00000172717.17,1,3,0,1,3,0,0,0
ENSG00000172724.12,51,20,633,179,22,1,3,6
ENSG00000172725.15,347,433,288,259,586,135,288,283
ENSG00000172728.17,39,32,36,53,89,7,54,26
ENSG00000172731.16,98,228,101,1010,2406,269,852,885
ENSG00000172732.13,520,274,325,480,839,81,463,387
ENSG00000172733.12,9,20,7,2,17,0,6,1
ENSG00000172738.13,35,19,2,15,12,2,5,2
ENSG00000172742.6,0,0,1,2,4,0,0,1
ENSG00000172748.15,45,73,90,48,122,3,64,34
ENSG00000172752.16,0,0,0,0,0,0,0,0
ENSG00000172757.13,7811,3913,3542,9594,6930,1413,3168,3432
ENSG00000172765.20,265,277,143,921,897,68,650,277
ENSG00000172766.20,171,164,94,244,277,12,260,79
ENSG00000172769.4,0,0,0,0,0,0,0,0
ENSG00000172771.13,4,9,1,4,7,0,0,4
ENSG00000172772.3,0,0,0,0,0,0,0,0
ENSG00000172775.19,863,708,862,1632,2155,235,1171,654
ENSG00000172780.18,283,177,178,147,118,4,20,139
ENSG00000172782.14,0,0,0,0,1,0,0,0
ENSG00000172785.20,333,395,225,994,921,55,626,535
ENSG00000172789.4,3,2,0,2,1,1,0,1
ENSG00000172794.21,28,152,66,26,106,7,60,29
ENSG00000172795.17,340,480,207,449,586,21,249,110
ENSG00000172803.19,11,0,4,1,4,1,0,0
ENSG00000172809.14,4818,5667,4402,4621,7075,1214,4281,5435
ENSG00000172817.5,76,119,61,287,324,12,191,55
ENSG00000172818.11,2,4,0,0,0,1,0,0
ENSG00000172819.18,329,326,206,180,610,57,264,173
ENSG00000172824.18,31,16,45,125,81,33,40,51
ENSG00000172828.14,10,24,44,18,20,3,11,5
ENSG00000172830.14,163,155,250,271,432,63,233,203
ENSG00000172831.15,700,510,343,4634,2948,824,1147,1672
ENSG00000172840.8,93,58,60,159,225,15,167,34
ENSG00000172845.18,734,982,411,1609,1542,96,941,399
ENSG00000172867.4,0,0,0,1,0,0,0,0
ENSG00000172869.16,197,199,119,1040,880,62,713,267
ENSG00000172878.15,150,91,118,131,278,23,172,104
ENSG00000172888.12,309,239,253,535,627,30,366,205
ENSG00000172889.17,2637,5496,3217,490,2482,149,1506,1251
ENSG00000172890.14,682,390,725,480,565,56,347,204
ENSG00000172893.19,125,136,58,524,664,141,384,469
ENSG00000172901.21,15,8,35,20,35,0,66,4
ENSG00000172915.20,68,179,44,1523,1280,128,944,348
ENSG00000172922.12,865,783,639,307,726,116,520,680
ENSG00000172927.10,5,1,0,0,1,0,0,0
ENSG00000172932.17,393,227,370,157,323,38,156,138
ENSG00000172935.11,643,185,180,65,152,19,111,86
ENSG00000172936.19,450,264,318,498,393,38,207,113
ENSG00000172938.3,0,0,0,0,0,0,0,0
ENSG00000172939.10,571,443,237,1958,1425,112,817,505
ENSG00000172940.13,3,0,1,3,0,0,4,3
ENSG00000172943.22,334,248,191,682,593,52,444,249
ENSG00000172954.15,581,175,42,1051,963,67,572,318
ENSG00000172955.18,0,143,2,0,1,0,1,0
ENSG00000172967.8,0,0,0,0,0,0,0,0
ENSG00000172969.8,0,1,0,0,0,0,0,0
ENSG00000172977.14,398,318,313,1208,1322,128,581,569
ENSG00000172985.11,175,83,189,541,409,95,228,204
ENSG00000172986.13,240,83,63,219,296,31,132,77
ENSG00000172987.14,5,0,3,3,12,1,10,2
ENSG00000172992.14,324,255,298,594,930,105,333,399
ENSG00000172995.18,0,0,0,0,2,0,2,0
ENSG00000173011.12,350,265,167,1308,1279,188,826,601
ENSG00000173013.6,14,22,10,21,17,5,15,9
ENSG00000173020.12,876,415,626,1317,1908,322,896,1166
ENSG00000173039.21,1195,903,610,1625,1279,236,775,647
ENSG00000173040.14,165,72,94,53,70,19,24,39
ENSG00000173041.13,93,217,34,315,476,19,321,57
ENSG00000173064.14,424,235,326,1433,1239,113,953,441
ENSG00000173065.15,257,179,102,708,605,110,404,268
ENSG00000173068.20,276,168,154,137,161,11,108,35
ENSG00000173080.6,0,0,0,0,0,0,0,0
ENSG00000173083.17,19,12,30,42,28,1,14,5
ENSG00000173085.15,108,155,52,576,765,55,366,309
ENSG00000173093.13,0,2,0,0,0,0,0,0
ENSG00000173110.8,237,105,196,137,237,3,88,39
ENSG00000173113.9,1534,1262,818,943,1184,167,655,822
ENSG00000173114.14,2,29,15,136,229,10,141,22
ENSG00000173120.16,1433,711,855,2510,2193,219,1284,740
ENSG00000173124.15,0,6,3,0,3,0,0,0
ENSG00000173137.13,46,61,76,49,146,13,59,73
ENSG00000173141.6,375,433,211,541,1178,162,585,933
ENSG00000173145.12,233,163,83,404,273,19,151,72
ENSG00000173153.18,1047,867,450,3185,4372,630,1656,3041
ENSG00000173156.8,344,244,85,573,592,156,313,633
ENSG00000173157.19,0,0,0,0,0,0,0,0
ENSG00000173163.12,631,535,262,883,1033,180,449,494
ENSG00000173166.19,895,799,361,1395,792,72,545,204
ENSG00000173171.15,306,197,242,252,302,37,143,200
ENSG00000173175.17,601,1051,552,6113,10190,1479,6015,4790
ENSG00000173193.16,595,1078,456,1490,1723,52,885,198
ENSG00000173198.7,13,7,15,29,33,2,17,5
ENSG00000173200.14,13,45,41,22,47,0,23,6
ENSG00000173207.14,257,240,123,340,279,11,175,182
ENSG00000173208.5,13,35,4,205,364,13,198,44
ENSG00000173210.21,2041,3227,996,5096,6463,1055,3577,2532
ENSG00000173212.6,21,15,13,77,91,2,37,0
ENSG00000173213.11,0,2,3,1,0,0,0,0
ENSG00000173214.7,140,140,130,298,270,6,163,75
ENSG00000173218.16,215,184,71,359,424,51,210,133
ENSG00000173221.15,1073,486,486,2238,1766,188,590,696
ENSG00000173226.18,288,249,150,377,346,17,181,129
ENSG00000173227.15,29,0,1,17,18,0,13,0
ENSG00000173230.18,968,1072,661,4211,2842,243,1673,879
ENSG00000173237.5,1,0,0,0,0,0,0,0
ENSG00000173239.14,0,0,0,0,0,0,0,0
ENSG00000173250.3,0,0,0,0,0,0,0,0
ENSG00000173253.17,43,1,14,0,4,0,15,0
ENSG00000173258.14,27,156,41,234,381,10,341,80
ENSG00000173261.9,6,2,5,13,4,1,5,8
ENSG00000173262.13,0,1,3,0,0,0,0,0
ENSG00000173264.17,322,168,227,368,510,94,234,388
ENSG00000173267.15,281,763,704,176,436,30,211,199
ENSG00000173269.15,1335,2110,650,1850,2723,384,1095,1256
ENSG00000173272.17,459,1175,268,233,1372,534,1101,2484
ENSG00000173273.18,5,11,7,32,354,2,272,331
ENSG00000173275.14,85,206,91,261,308,15,255,72
ENSG00000173276.15,308,574,216,254,287,11,277,157
ENSG00000173281.5,296,664,321,2885,4960,322,1258,578
ENSG00000173285.5,4,7,8,10,8,0,0,1
ENSG00000173302.5,0,0,0,0,0,0,0,0
ENSG00000173320.13,165,232,74,1038,513,37,358,577
ENSG00000173327.10,782,911,749,620,1512,201,582,658
ENSG00000173334.4,639,800,234,2279,438,97,652,332
ENSG00000173335.5,0,0,0,0,0,0,0,0
ENSG00000173338.13,1,11,7,1,2,0,2,9
ENSG00000173349.6,88,47,76,214,159,0,97,0
ENSG00000173366.11,10,8,6,9,11,0,7,13
ENSG00000173369.19,223,137,1201,748,878,227,638,155
ENSG00000173372.19,190,140,1094,513,1136,154,484,159
ENSG00000173376.15,165,1198,35,269,968,51,336,175
ENSG00000173389.16,1,0,0,0,0,0,0,0
ENSG00000173391.10,1,41,15,32,18,0,3,0
ENSG00000173401.10,0,0,0,0,0,0,2,0
ENSG00000173402.14,1798,1285,516,10117,6202,1058,3452,2344
ENSG00000173404.5,0,0,0,3,0,0,0,0
ENSG00000173406.17,42,30,3,51,122,24,27,184
ENSG00000173409.15,148,171,114,441,741,53,484,279
ENSG00000173418.13,647,426,248,1212,1519,129,799,641
ENSG00000173421.18,27,15,5,46,55,2,65,9
ENSG00000173431.2,0,0,0,0,0,0,0,0
ENSG00000173432.13,539,680,13,133,22,0,234,13
ENSG00000173436.16,1572,2110,762,2087,2940,426,1118,1601
ENSG00000173442.14,1155,492,602,6484,2912,694,1096,1228
ENSG00000173451.7,100,83,27,240,250,5,153,85
ENSG00000173452.16,0,0,1,0,0,0,0,0
ENSG00000173456.5,331,176,335,451,560,66,178,212
ENSG00000173457.12,3139,763,667,1414,998,503,694,1320
ENSG00000173464.17,0,0,0,0,0,0,0,0
ENSG00000173465.9,195,224,140,226,563,110,243,365
ENSG00000173467.10,1,18,0,0,1,0,1,0
ENSG00000173473.12,657,469,327,1648,1173,80,478,259
ENSG00000173480.11,98,105,70,263,314,7,231,68
ENSG00000173482.17,1119,2326,470,6992,6972,815,4368,2659
ENSG00000173486.14,1535,755,490,1151,1140,228,513,399
ENSG00000173511.11,1145,2335,890,3078,4875,831,2262,2949
ENSG00000173517.12,1047,894,516,4662,2583,341,1750,753
ENSG00000173530.7,361,492,123,128,101,8,67,56
ENSG00000173531.16,56,110,110,17,119,1,44,22
ENSG00000173535.16,48,40,104,56,50,8,19,8
ENSG00000173540.15,724,102,287,314,553,66,260,230
ENSG00000173542.9,266,292,162,1188,905,30,631,250
ENSG00000173545.6,604,430,209,1947,1530,371,574,685
ENSG00000173546.8,1287,300,304,1581,860,167,476,449
ENSG00000173548.9,618,392,511,959,981,81,494,404
ENSG00000173557.15,1,4,1,2,7,0,0,2
ENSG00000173559.16,169,82,237,123,115,2,87,29
ENSG00000173567.16,2,0,0,3,4,0,2,0
ENSG00000173572.13,0,0,0,0,0,0,0,0
ENSG00000173575.24,753,648,752,2508,2114,135,1075,684
ENSG00000173578.9,0,0,1,3,1,0,0,1
ENSG00000173581.9,50,106,89,139,446,101,269,356
ENSG00000173585.19,0,0,0,1,0,0,0,0
ENSG00000173588.17,170,150,58,329,640,13,254,70
ENSG00000173597.10,11,7,70,16,26,0,7,12
ENSG00000173598.15,6585,2665,2219,35044,16981,845,9517,6380
ENSG00000173599.16,123,79,53,109,275,54,307,149
ENSG00000173610.13,0,3,0,0,0,0,0,0
ENSG00000173611.19,81,100,39,170,231,9,224,56
ENSG00000173612.10,0,0,0,0,0,0,0,0
ENSG00000173614.15,147,196,61,589,935,74,400,362
ENSG00000173621.10,136,65,59,78,210,65,137,170
ENSG00000173626.10,0,7,4,2,6,0,1,4
ENSG00000173627.8,1,1,1,1,1,0,0,0
ENSG00000173638.20,71,49,38,43,61,6,265,90
ENSG00000173641.19,50031,19160,8735,162399,142913,23839,56760,63393
ENSG00000173653.8,229,165,127,113,118,7,82,49
ENSG00000173660.13,3060,2643,1290,9542,13638,2026,6840,7959
ENSG00000173662.21,0,1,0,0,1,0,0,0
ENSG00000173673.9,0,0,0,0,0,0,0,0
ENSG00000173674.12,2031,882,441,2347,2664,166,1483,692
ENSG00000173678.15,1,0,0,0,0,0,0,5
ENSG00000173679.2,0,0,0,0,0,0,0,0
ENSG00000173681.18,149,144,123,313,347,13,219,108
ENSG00000173692.15,1128,671,427,3519,3478,587,2014,1158
ENSG00000173698.19,63,11,21,46,31,1,17,7
ENSG00000173699.17,0,0,0,0,0,0,0,0
ENSG00000173702.8,1,6,0,0,1,0,1,0
ENSG00000173705.9,3,8,20,96,374,14,63,38
ENSG00000173706.15,1627,1622,459,6162,8021,795,4308,2782
ENSG00000173714.9,1,3,1,4,18,1,8,12
ENSG00000173715.20,105,31,47,29,46,2,16,20
ENSG00000173726.12,1180,1710,869,4795,6537,437,2624,1797
ENSG00000173728.11,0,0,0,0,0,0,0,3
ENSG00000173744.19,931,799,480,2065,1527,131,901,407
ENSG00000173757.12,1214,964,814,1984,1749,175,1047,794
ENSG00000173762.9,5,74,13,4,20,0,11,7
ENSG00000173769.4,0,0,0,0,0,0,0,0
ENSG00000173786.17,741,588,543,1075,1305,158,603,483
ENSG00000173801.18,1541,2324,765,4601,8650,1550,4478,4324
ENSG00000173805.17,5,7,8,3,1,0,3,2
ENSG00000173809.18,7,0,1,4,1,0,0,1
ENSG00000173812.12,10490,13130,6829,15186,20245,2186,7948,10066
ENSG00000173818.18,97,87,97,68,133,10,80,82
ENSG00000173821.20,841,753,863,2499,1918,137,1189,500
ENSG00000173825.8,0,0,4,27,13,3,0,13
ENSG00000173826.16,0,2,0,0,0,0,0,0
ENSG00000173838.13,0,7,0,0,1,0,0,0
ENSG00000173846.15,386,600,221,184,170,8,124,113
ENSG00000173848.20,264,442,227,503,659,35,338,147
ENSG00000173852.17,569,310,142,1035,1346,79,728,379
ENSG00000173867.10,16,0,30,11,24,0,0,11
ENSG00000173868.12,34,18,1646,9,15,1,0,4
ENSG00000173875.14,280,346,221,618,810,56,390,185
ENSG00000173889.17,422,464,233,1278,1295,52,986,272
ENSG00000173890.18,25,72,54,18,60,7,56,16
ENSG00000173894.11,52,35,28,82,139,13,38,70
ENSG00000173898.17,101,38,33,18,26,2,9,11
ENSG00000173905.10,878,661,347,3916,2953,329,1254,279
ENSG00000173908.9,0,0,0,0,0,0,0,0
ENSG00000173914.13,174,235,192,267,374,24,274,231
ENSG00000173915.17,2838,3847,1144,3843,6238,410,3276,2760
ENSG00000173917.11,259,107,127,38,114,6,79,42
ENSG00000173918.16,3075,1081,2363,7202,4280,659,937,1047
ENSG00000173926.7,405,73,201,610,471,76,199,223
ENSG00000173928.5,20,20,42,30,42,13,22,16
ENSG00000173930.10,2,17,8,6,32,0,9,5
ENSG00000173933.22,1440,937,774,1841,1753,202,926,1077
ENSG00000173947.14,20,81,41,203,276,17,111,147
ENSG00000173950.16,144,94,61,176,150,21,83,43
ENSG00000173960.15,291,241,84,1334,751,87,509,263
ENSG00000173976.16,0,0,0,0,0,0,0,0
ENSG00000173988.14,1,3,3,1,2,0,2,1
ENSG00000173991.6,22071,34021,13587,44067,106142,26145,39123,83069
ENSG00000173992.10,438,410,656,238,652,62,314,404
ENSG00000174004.7,28,71,36,47,187,8,82,24
ENSG00000174007.10,44,33,22,36,59,2,43,24
ENSG00000174010.11,87,371,44,317,359,24,264,82
ENSG00000174013.8,193,215,83,483,449,32,230,131
ENSG00000174015.10,0,0,0,0,0,0,0,0
ENSG00000174016.12,0,0,0,0,0,0,0,0
ENSG00000174021.13,1955,1835,906,3418,4762,507,2544,2085
ENSG00000174032.18,208,445,83,3592,5852,395,2511,1711
ENSG00000174038.13,0,0,0,0,0,0,0,1
ENSG00000174059.18,2535,4394,2293,3376,7561,522,3365,1285
ENSG00000174080.13,498,1214,576,1080,2408,169,1119,1484
ENSG00000174099.13,1341,831,393,6926,4978,411,2723,1949
ENSG00000174106.4,232,429,91,507,564,47,362,150
ENSG00000174109.5,136,109,61,123,240,37,127,169
ENSG00000174123.12,0,3,0,1,10,0,12,0
ENSG00000174125.10,74,88,81,116,146,6,79,14
ENSG00000174130.14,44,30,64,34,43,1,39,3
ENSG00000174132.10,119,229,46,234,517,60,282,317
ENSG00000174136.14,502,623,281,866,836,80,383,306
ENSG00000174137.14,13,6,7,5,18,1,7,5
ENSG00000174145.8,1,0,0,2,3,0,11,0
ENSG00000174151.16,252,51,171,291,258,32,97,67
ENSG00000174156.16,0,3,0,0,0,0,0,0
ENSG00000174165.9,206,161,175,200,280,42,102,96
ENSG00000174173.7,225,170,82,631,762,65,512,221
ENSG00000174175.18,299,150,215,223,281,31,79,30
ENSG00000174177.14,220,64,92,136,215,29,128,155
ENSG00000174197.20,380,356,158,1399,1052,85,753,324
ENSG00000174206.14,68,36,28,184,134,10,61,52
ENSG00000174225.15,0,0,0,0,0,0,0,0
ENSG00000174226.10,4,62,30,21,20,1,8,9
ENSG00000174227.17,265,170,263,351,318,13,215,113
ENSG00000174231.19,2453,1549,1166,9918,5639,313,1096,1689
ENSG00000174233.13,1740,729,916,7334,6446,356,2949,2342
ENSG00000174236.4,124,77,26,208,71,3,32,23
ENSG00000174238.16,910,480,449,2606,2014,234,1020,1011
ENSG00000174243.12,1073,729,532,1987,1680,213,782,753
ENSG00000174255.8,0,13,1,2,2,0,0,0
ENSG00000174276.7,43,18,36,26,78,37,55,88
ENSG00000174279.5,0,0,0,1,0,0,0,0
ENSG00000174282.13,1254,1468,967,4138,5056,619,2488,1822
ENSG00000174292.13,29,12,22,79,69,7,38,22
ENSG00000174306.23,693,489,518,1605,1430,161,811,573
ENSG00000174307.7,879,492,461,438,424,151,176,402
ENSG00000174326.16,3,10,20,3,20,3,13,10
ENSG00000174327.7,29,21,15,22,36,1,12,5
ENSG00000174332.7,1,15,3,0,8,1,6,2
ENSG00000174339.3,0,0,0,0,0,0,0,0
ENSG00000174343.6,0,0,0,0,0,0,0,1
ENSG00000174348.15,916,1963,1481,514,2130,246,1804,1281
ENSG00000174358.16,0,8,5,0,0,0,0,1
ENSG00000174371.18,2,1,16,5,6,0,0,2
ENSG00000174373.17,300,263,211,913,947,66,721,278
ENSG00000174405.16,115,77,49,650,549,16,407,116
ENSG00000174417.3,0,0,0,0,0,0,0,0
ENSG00000174428.20,125,257,270,1153,1095,88,621,450
ENSG00000174429.5,488,644,17,1474,552,50,1500,910
ENSG00000174437.19,6277,3692,1494,146166,112859,12154,70329,38665
ENSG00000174442.13,62,78,49,75,135,5,63,26
ENSG00000174444.16,17640,16481,18312,20672,25178,3793,12612,8791
ENSG00000174446.13,207,270,165,612,819,67,390,408
ENSG00000174448.9,0,0,0,3,1,0,0,0
ENSG00000174450.13,0,0,0,0,0,0,0,0
ENSG00000174453.10,0,0,0,0,2,0,0,1
ENSG00000174456.16,58,61,51,39,111,3,54,34
ENSG00000174460.5,1,0,0,2,0,0,0,0
ENSG00000174469.23,0,10,2,16,8,0,53,19
ENSG00000174473.17,0,0,0,1,5,1,18,0
ENSG00000174482.11,8,5,1,0,14,0,6,1
ENSG00000174483.21,184,220,175,405,755,75,387,217
ENSG00000174485.17,275,239,223,819,581,25,360,156
ENSG00000174498.15,0,9,0,1,9,0,3,1
ENSG00000174500.13,0,5,2,1,2,0,1,14
ENSG00000174501.15,14,33,20,44,72,0,56,11
ENSG00000174502.20,71,125,49,968,1619,135,1234,468
ENSG00000174514.14,14,87,7,22,91,3,52,19
ENSG00000174516.16,104,118,79,147,265,35,117,141
ENSG00000174521.9,0,0,0,0,1,0,0,0
ENSG00000174527.11,2,2,1,31,9,1,0,3
ENSG00000174529.7,81,64,43,102,62,1,29,44
ENSG00000174547.14,506,595,242,655,1147,196,394,606
ENSG00000174562.15,0,0,0,0,0,0,0,0
ENSG00000174564.14,45,26,23,10,13,4,3,4
ENSG00000174567.9,2,15,0,2,0,0,1,0
ENSG00000174574.17,645,456,191,2887,1842,161,1281,817
ENSG00000174576.11,2,1,0,1,5,0,0,2
ENSG00000174579.5,354,330,185,588,695,48,404,230
ENSG00000174586.12,5,8,6,2,18,3,12,19
ENSG00000174599.5,21,20,14,12,27,0,11,8
ENSG00000174600.15,1656,218,195,404,444,32,185,156
ENSG00000174606.15,228,326,203,446,549,22,328,97
ENSG00000174607.13,3,9,2,5,6,0,1,0
ENSG00000174611.13,2,65,9,82,841,113,861,175
ENSG00000174628.18,174,306,212,163,260,15,190,121
ENSG00000174640.16,1837,245,717,903,644,97,84,189
ENSG00000174652.21,364,588,851,790,640,25,294,215
ENSG00000174667.4,0,0,0,1,1,0,0,0
ENSG00000174669.13,182,89,39,372,521,72,368,247
ENSG00000174672.17,9,9,21,3,11,2,10,9
ENSG00000174684.8,238,538,163,669,1549,223,742,707
ENSG00000174695.10,1569,872,459,1909,2027,121,1137,527
ENSG00000174697.6,0,1,1,18,107,0,505,9
ENSG00000174705.14,1096,193,376,634,353,51,223,248
ENSG00000174718.13,282,893,259,893,858,39,583,209
ENSG00000174720.19,474,574,330,1963,2059,212,1346,133
ENSG00000174721.10,27,7,41,5,26,6,13,6
ENSG00000174738.15,178,746,138,1344,1616,127,1022,371
ENSG00000174740.8,16,13,12,24,28,2,21,10
ENSG00000174744.15,541,322,414,445,451,80,224,288
ENSG00000174748.23,10712,10957,8578,10177,16654,1633,7898,7644
ENSG00000174749.6,489,415,116,792,1329,70,666,375
ENSG00000174775.19,525,497,334,465,520,127,311,475
ENSG00000174776.13,1,3,1,7,18,0,6,0
ENSG00000174780.18,1033,752,324,1511,1364,124,878,267
ENSG00000174788.10,10,15,5,2,36,4,19,17
ENSG00000174791.12,114,50,224,45,43,6,22,25
ENSG00000174792.11,0,3,0,3,2,0,2,2
ENSG00000174796.13,144,116,86,285,428,26,306,112
ENSG00000174799.13,89,51,38,239,139,4,62,30
ENSG00000174804.4,1410,1739,1588,2155,2681,138,1865,891
ENSG00000174807.4,1326,336,369,430,556,97,375,159
ENSG00000174808.13,2,2,0,7,11,0,12,3
ENSG00000174827.15,10,72,7,10,9,0,5,4
ENSG00000174837.15,0,2,20,19,4,1,3,0
ENSG00000174839.14,294,648,288,659,798,39,376,191
ENSG00000174840.10,332,241,147,735,743,76,509,178
ENSG00000174842.18,90,108,55,162,227,13,151,34
ENSG00000174844.15,4,17,1,0,3,0,1,3
ENSG00000174851.17,813,299,281,542,689,148,359,430
ENSG00000174871.11,0,5,9,0,4,0,1,3
ENSG00000174876.18,0,0,0,0,0,0,0,0
ENSG00000174885.13,0,0,5,1,0,0,0,3
ENSG00000174886.16,1794,3468,940,1479,5280,857,2504,4431
ENSG00000174891.15,151,130,136,338,444,36,184,111
ENSG00000174898.16,0,0,0,0,0,0,0,0
ENSG00000174903.17,1858,1688,1225,4150,4986,876,2152,2851
ENSG00000174914.3,0,0,0,0,0,0,0,0
ENSG00000174915.13,102,39,46,448,461,104,453,354
ENSG00000174917.10,971,1436,511,973,2428,546,1059,1869
ENSG00000174928.17,74,98,22,146,236,13,207,93
ENSG00000174937.5,0,0,0,0,0,0,0,0
ENSG00000174938.16,26,13,9,4,53,3,25,7
ENSG00000174939.12,30,1,12,3,8,0,2,1
ENSG00000174943.12,201,89,198,161,209,12,124,92
ENSG00000174944.10,48,289,57,84,262,11,119,78
ENSG00000174945.15,2,2,0,3,11,0,5,2
ENSG00000174946.7,4,11,4,8,18,0,8,3
ENSG00000174948.6,0,0,0,0,0,0,0,0
ENSG00000174950.12,3,6,1,0,0,0,0,0
ENSG00000174951.13,145,460,29,128,183,4,43,65
ENSG00000174953.15,93,134,79,1230,930,117,681,267
ENSG00000174957.1,0,0,0,0,0,0,0,0
ENSG00000174963.18,0,0,0,0,1,0,0,0
ENSG00000174970.5,0,0,0,0,0,0,0,0
ENSG00000174982.4,0,0,0,0,0,0,0,0
ENSG00000174989.15,221,113,149,394,268,50,188,125
ENSG00000174990.9,0,4,0,11,2,1,3,1
ENSG00000174992.9,0,18,0,0,1,0,0,0
ENSG00000174996.13,592,109,160,1363,1005,298,484,648
ENSG00000175003.16,1,207,7,2,2,0,2,0
ENSG00000175018.13,0,0,0,0,0,0,0,0
ENSG00000175029.18,739,550,294,1087,1122,88,707,494
ENSG00000175040.6,584,78,112,160,139,18,38,72
ENSG00000175048.18,275,207,88,566,359,78,270,238
ENSG00000175054.17,172,184,117,497,377,25,270,132
ENSG00000175063.18,3,11,66,12,23,0,1,8
ENSG00000175065.12,0,0,0,0,0,0,0,0
ENSG00000175066.16,200,96,158,558,448,22,403,117
ENSG00000175073.8,202,215,135,637,548,39,264,136
ENSG00000175077.6,0,0,0,0,1,0,0,0
ENSG00000175084.14,149631,94656,33061,362208,381934,104677,140341,259281
ENSG00000175087.11,76,108,42,134,238,17,124,51
ENSG00000175093.6,65,44,16,79,219,36,68,94
ENSG00000175097.9,0,0,0,0,0,0,0,0
ENSG00000175104.16,375,260,183,665,656,48,447,246
ENSG00000175105.9,111,173,57,364,386,22,297,74
ENSG00000175106.17,69,55,40,87,96,2,52,15
ENSG00000175110.15,440,459,151,1205,2053,227,1220,900
ENSG00000175115.13,1274,513,545,3780,2288,538,1001,940
ENSG00000175121.12,0,1,0,0,0,0,0,0
ENSG00000175130.8,1251,756,457,354,657,72,362,231
ENSG00000175137.12,542,191,260,766,1009,203,504,504
ENSG00000175143.5,0,0,0,0,0,0,0,0
ENSG00000175155.11,334,347,247,848,1710,77,1013,404
ENSG00000175161.14,4,25,18,17,58,9,34,7
ENSG00000175164.16,4,9,4,2,11,2,21,4
ENSG00000175166.18,2087,1435,783,6405,6586,904,2825,2496
ENSG00000175175.6,5,5,4,31,59,1,59,27
ENSG00000175182.16,478,238,179,480,794,161,566,701
ENSG00000175183.11,428,336,156,474,778,82,577,424
ENSG00000175189.4,0,14,0,1,1,2,0,0
ENSG00000175193.15,619,662,389,1070,1307,140,516,570
ENSG00000175197.13,816,615,492,185,689,30,251,287
ENSG00000175198.18,183,180,88,1327,1599,173,852,675
ENSG00000175202.7,0,0,0,0,0,0,0,0
ENSG00000175203.18,1671,1165,976,3597,3498,606,1498,1574
ENSG00000175206.12,1181,6,40,2286,12877,178,570,140
ENSG00000175213.4,111,53,57,104,187,45,64,133
ENSG00000175215.11,4126,1425,1982,4770,4534,287,1990,1460
ENSG00000175216.16,594,436,266,3370,2343,385,1548,968
ENSG00000175220.13,1710,731,1119,3416,3612,684,1280,1633
ENSG00000175221.17,224,203,170,134,400,112,334,462
ENSG00000175224.18,1197,713,1028,1680,1824,209,819,824
ENSG00000175229.8,2,48,1,4,44,14,52,44
ENSG00000175262.15,2,10,4,4,28,2,19,12
ENSG00000175264.9,290,81,89,140,150,21,97,96
ENSG00000175265.20,164,22,110,122,320,5,321,92
ENSG00000175267.16,7,18,15,5,16,0,21,14
ENSG00000175274.20,1410,632,774,1656,1948,221,623,634
ENSG00000175279.22,44,35,29,65,131,8,69,44
ENSG00000175283.8,112,85,48,276,282,39,148,101
ENSG00000175287.20,352,343,329,405,507,91,288,269
ENSG00000175294.6,3,0,2,4,0,0,0,2
ENSG00000175305.19,6,12,15,15,58,0,30,10
ENSG00000175309.17,702,344,691,854,1174,75,567,349
ENSG00000175311.7,3,6,1,3,5,0,0,0
ENSG00000175315.3,2,10,1,0,2,1,4,1
ENSG00000175318.13,1,9,3,2,4,0,0,0
ENSG00000175322.12,31,58,18,30,94,1,70,11
ENSG00000175324.11,448,380,254,781,1053,102,648,530
ENSG00000175325.2,0,0,0,0,0,0,0,0
ENSG00000175329.14,0,0,0,0,0,0,0,0
ENSG00000175334.9,2305,1049,798,2722,3650,336,1607,1945
ENSG00000175336.11,0,88,0,0,0,0,2,0
ENSG00000175344.20,32,37,41,57,24,2,18,14
ENSG00000175348.12,763,844,353,1756,1668,142,842,620
ENSG00000175352.12,8,8,22,21,62,2,32,23
ENSG00000175354.21,401,211,208,439,402,25,324,164
ENSG00000175356.15,44,209,49,50,180,4,74,68
ENSG00000175376.10,413,199,143,572,515,54,263,246
ENSG00000175387.17,923,1018,511,2418,1661,126,857,511
ENSG00000175390.16,1468,2141,1204,3369,4140,552,2109,2314
ENSG00000175395.17,168,260,116,677,1032,43,686,257
ENSG00000175398.3,0,0,0,0,1,0,0,0
ENSG00000175414.8,334,150,128,576,350,8,309,81
ENSG00000175416.17,2513,1970,1093,2643,3744,1329,1666,3464
ENSG00000175426.12,32,0,32,9,5,0,0,5
ENSG00000175445.18,5068,7325,829,48649,34802,3003,18268,13529
ENSG00000175449.16,28,25,84,36,82,12,39,20
ENSG00000175455.17,305,228,256,375,514,8,535,112
ENSG00000175463.13,12,81,50,10,57,2,71,3
ENSG00000175467.16,814,517,513,1035,1321,330,672,455
ENSG00000175470.21,450,402,252,1085,1141,149,810,780
ENSG00000175471.20,153,156,91,320,184,4,77,16
ENSG00000175482.10,430,233,473,93,505,112,105,227
ENSG00000175485.3,0,0,0,0,0,0,0,0
ENSG00000175489.10,34,15,199,123,54,13,32,26
ENSG00000175497.17,1,0,1,0,3,0,0,0
ENSG00000175505.11,289,61,51,59,69,1,22,27
ENSG00000175513.10,0,0,0,0,0,0,0,0
ENSG00000175514.2,0,0,0,0,0,0,1,0
ENSG00000175518.8,41,7,6,5,12,0,5,4
ENSG00000175520.9,0,0,0,0,0,0,0,0
ENSG00000175535.6,0,0,0,17,16,0,0,0
ENSG00000175536.7,10,10,5,19,48,3,32,34
ENSG00000175538.12,77,136,82,46,174,5,71,42
ENSG00000175544.14,9,8,17,11,25,0,4,1
ENSG00000175548.9,74,106,56,273,330,11,195,48
ENSG00000175550.8,1245,807,473,1084,1761,460,814,1092
ENSG00000175556.19,207,215,111,103,284,8,257,79
ENSG00000175564.14,40,27,44,59,410,0,47,27
ENSG00000175567.13,134,173,793,519,821,56,227,247
ENSG00000175573.7,541,497,536,672,990,171,430,582
ENSG00000175575.14,196,182,145,337,469,33,156,143
ENSG00000175581.15,268,284,96,452,586,89,426,292
ENSG00000175582.21,2001,1987,827,4096,4768,360,2317,1216
ENSG00000175591.13,329,67,45,2431,778,96,429,348
ENSG00000175592.10,441,118,45,45,14,16,5,10
ENSG00000175595.16,96,109,34,297,272,30,153,81
ENSG00000175600.17,11,37,3,108,169,15,116,139
ENSG00000175602.4,174,465,271,42,306,363,463,975
ENSG00000175606.11,403,174,100,1214,868,93,504,346
ENSG00000175619.3,0,0,0,0,0,0,0,0
ENSG00000175634.16,310,284,314,442,773,115,303,514
ENSG00000175643.10,18,5,18,23,43,3,7,20
ENSG00000175646.4,0,0,0,0,0,0,0,0
ENSG00000175662.20,1498,1123,721,7287,12151,1562,5180,4524
ENSG00000175664.11,2,2,0,1,1,0,0,0
ENSG00000175691.10,45,45,33,105,99,8,46,26
ENSG00000175697.12,1,3,1,0,1,0,4,0
ENSG00000175699.16,0,0,0,8,22,2,4,6
ENSG00000175701.11,371,872,162,387,1049,255,713,1464
ENSG00000175707.11,0,6,0,3,8,0,1,1
ENSG00000175711.10,82,32,71,45,100,16,57,25
ENSG00000175718.10,0,0,0,0,0,0,0,0
ENSG00000175727.16,1946,706,1518,1849,1868,165,935,766
ENSG00000175745.15,24,24,28,14,59,3,43,11
ENSG00000175756.15,1385,2093,742,1163,2658,798,1539,2867
ENSG00000175764.18,219,39,66,444,234,18,104,104
ENSG00000175766.14,0,0,0,0,0,0,0,1
ENSG00000175768.14,1126,747,410,700,1047,96,583,589
ENSG00000175782.12,80,111,160,179,323,28,148,79
ENSG00000175785.14,180,65,124,597,206,44,114,96
ENSG00000175787.19,85,63,72,128,146,5,107,49
ENSG00000175792.13,514,191,142,639,850,156,545,480
ENSG00000175793.12,5,20,6,1,1,0,3,0
ENSG00000175806.16,179,3,1,15,84,2,20,108
ENSG00000175809.6,0,0,0,0,0,0,0,0
ENSG00000175820.4,10,4,0,40,22,0,5,7
ENSG00000175826.13,2583,1214,1264,2398,3164,458,1329,1410
ENSG00000175832.14,385,78,65,43,35,5,2,24
ENSG00000175854.15,417,295,185,193,502,54,211,265
ENSG00000175857.9,3,16,27,29,18,1,15,3
ENSG00000175866.17,115,181,105,173,329,90,208,278
ENSG00000175868.15,14,1,0,1,0,0,1,0
ENSG00000175874.10,0,0,0,1,3,0,2,0
ENSG00000175877.4,0,1,0,0,0,0,0,0
ENSG00000175879.9,6,22,19,6,18,1,10,9
ENSG00000175893.14,318,235,107,654,691,23,511,141
ENSG00000175894.19,0,33,12,12,62,2,22,17
ENSG00000175895.6,197,214,73,381,458,40,236,85
ENSG00000175899.16,14477,15230,6697,49974,29853,3154,13468,7235
ENSG00000175906.6,340,228,174,300,188,11,73,108
ENSG00000175920.18,211,176,62,236,989,212,441,599
ENSG00000175928.7,3,5,1,3,14,1,6,0
ENSG00000175931.14,467,328,321,932,1481,196,770,846
ENSG00000175938.7,229,395,296,178,600,58,186,214
ENSG00000175946.9,50,170,28,1168,4389,421,1047,1025
ENSG00000175970.13,644,220,277,556,675,38,351,307
ENSG00000175984.17,103,52,63,166,184,7,73,49
ENSG00000175985.11,4,1,6,6,4,0,9,3
ENSG00000176009.4,0,0,0,0,0,0,0,0
ENSG00000176014.14,2845,856,1110,2946,2021,611,1653,1436
ENSG00000176018.14,279,276,104,836,838,49,606,193
ENSG00000176020.9,0,15,0,5,0,0,0,22
ENSG00000176022.7,280,131,148,382,275,63,223,246
ENSG00000176024.19,66,75,46,176,187,17,59,47
ENSG00000176029.14,0,6,0,0,0,0,0,0
ENSG00000176040.14,0,0,0,0,0,0,0,0
ENSG00000176046.10,1482,1627,2246,856,945,169,423,79
ENSG00000176049.17,3,2,2,11,18,1,6,1
ENSG00000176055.10,36,57,22,116,179,15,135,44
ENSG00000176058.14,120,173,119,119,429,65,123,221
ENSG00000176076.7,19,6,3,4,14,1,10,8
ENSG00000176083.19,0,7,1,3,5,0,12,0
ENSG00000176087.17,13,0,2,139,51,33,369,30
ENSG00000176092.17,5,1,1,1,0,0,2,0
ENSG00000176095.13,697,322,429,712,884,85,369,439
ENSG00000176101.13,548,869,414,457,1102,179,409,773
ENSG00000176102.14,343,208,176,547,449,42,252,139
ENSG00000176105.15,745,1362,241,1041,1185,58,636,289
ENSG00000176108.9,221,236,141,245,485,78,220,306
ENSG00000176125.7,12,7,12,6,13,3,10,6
ENSG00000176136.6,0,0,0,1,0,0,0,0
ENSG00000176142.14,771,341,229,503,495,32,389,182
ENSG00000176148.17,100,49,59,153,164,11,107,42
ENSG00000176153.13,0,69,0,2,0,0,0,0
ENSG00000176155.22,98,88,155,80,148,7,84,25
ENSG00000176160.11,0,2,0,0,1,0,0,0
ENSG00000176165.13,0,0,0,0,4,0,0,0
ENSG00000176170.15,1330,33,333,110,74,11,35,34
ENSG00000176171.13,789,593,491,3570,5378,575,2849,1895
ENSG00000176177.10,0,0,0,0,0,0,0,0
ENSG00000176182.7,109,194,103,258,299,58,171,214
ENSG00000176194.18,15,4,4,7,103,0,214,20
ENSG00000176198.4,0,0,0,0,0,0,0,1
ENSG00000176200.1,0,0,0,0,0,0,0,0
ENSG00000176204.14,1,5,1,8,39,3,13,7
ENSG00000176208.10,8,8,13,20,34,0,26,9
ENSG00000176209.13,250,593,324,691,1123,85,640,510
ENSG00000176219.3,0,0,0,0,0,0,0,0
ENSG00000176222.11,64,117,45,217,497,15,248,92
ENSG00000176225.16,88,157,49,256,406,14,243,68
ENSG00000176230.7,0,3,0,0,0,0,0,0
ENSG00000176231.2,0,0,0,0,0,0,0,0
ENSG00000176239.7,0,0,0,0,0,0,0,0
ENSG00000176244.7,2,1,5,1,8,0,3,2
ENSG00000176246.1,0,0,0,0,0,0,0,0
ENSG00000176248.10,178,151,203,272,577,106,312,373
ENSG00000176253.4,0,0,0,0,0,0,0,0
ENSG00000176256.11,0,0,0,0,0,0,0,0
ENSG00000176261.17,368,328,269,348,530,46,247,193
ENSG00000176269.4,0,0,0,0,0,0,0,0
ENSG00000176273.16,25,43,28,68,93,7,31,30
ENSG00000176281.5,0,0,0,0,0,0,0,0
ENSG00000176290.8,0,0,0,0,0,0,0,0
ENSG00000176293.21,95,136,129,82,232,17,416,112
ENSG00000176294.6,0,0,0,0,0,0,0,0
ENSG00000176299.5,0,0,0,0,0,0,0,0
ENSG00000176302.13,1,0,0,0,0,0,0,0
ENSG00000176340.4,2028,2573,753,4486,9945,1654,5278,8340
ENSG00000176358.16,0,4,0,5,5,0,2,2
ENSG00000176371.15,31,23,16,127,208,20,93,116
ENSG00000176381.6,2,2,0,1,7,0,0,2
ENSG00000176383.9,0,1,2,0,0,0,82,0
ENSG00000176386.10,699,584,250,741,788,88,414,406
ENSG00000176387.8,6,128,0,7,36,9,81,19
ENSG00000176390.13,115,143,52,217,246,15,116,56
ENSG00000176393.12,660,686,525,749,786,63,292,242
ENSG00000176396.11,137,100,88,237,269,46,210,147
ENSG00000176399.4,8,11,2,32,33,5,29,13
ENSG00000176401.6,28,18,22,38,143,8,82,46
ENSG00000176402.6,1,12,3,1,8,1,7,4
ENSG00000176406.25,0,1,1,0,2,0,0,2
ENSG00000176407.19,1066,608,422,2362,2000,225,987,821
ENSG00000176410.8,93,145,66,291,564,132,350,333
ENSG00000176422.14,173,146,94,515,942,107,514,448
ENSG00000176428.7,4,28,10,16,60,10,20,37
ENSG00000176435.7,1012,2483,257,990,2354,237,963,747
ENSG00000176438.14,608,263,632,943,474,50,477,178
ENSG00000176444.20,651,483,643,491,661,19,209,63
ENSG00000176454.16,349,243,242,800,1313,62,947,500
ENSG00000176463.14,911,545,430,2173,1835,374,1237,859
ENSG00000176472.12,18,46,22,11,59,5,30,31
ENSG00000176473.15,97,67,54,105,176,27,105,75
ENSG00000176476.10,201,140,212,270,269,45,159,157
ENSG00000176485.15,1193,800,511,3822,2787,293,1582,1177
ENSG00000176490.6,323,628,289,7827,5214,1676,2383,3438
ENSG00000176495.3,0,0,0,0,1,0,0,0
ENSG00000176510.5,0,0,0,0,3,0,0,0
ENSG00000176531.13,33,40,26,49,79,10,60,35
ENSG00000176532.5,2,9,0,6,24,1,3,3
ENSG00000176533.14,66,277,140,1848,2965,279,940,1482
ENSG00000176540.3,0,0,0,0,0,0,0,0
ENSG00000176542.10,173,160,89,908,650,44,424,177
ENSG00000176547.11,0,0,0,0,0,0,0,0
ENSG00000176555.1,0,0,0,0,0,0,0,0
ENSG00000176563.10,5,5,2,4,5,0,46,6
ENSG00000176566.5,0,0,0,0,0,0,0,0
ENSG00000176567.1,0,0,0,0,0,0,0,0
ENSG00000176571.13,0,0,0,0,0,0,0,0
ENSG00000176595.5,0,0,84,0,0,44,62,0
ENSG00000176597.13,164,1085,56,150,219,1,98,30
ENSG00000176601.14,1,6,0,0,0,0,0,0
ENSG00000176619.14,946,172,229,428,487,82,317,339
ENSG00000176623.13,426,572,379,2658,3317,280,1826,1080
ENSG00000176624.12,441,543,145,636,737,47,393,264
ENSG00000176635.19,0,0,0,0,0,0,0,0
ENSG00000176641.12,408,1257,264,206,705,35,346,177
ENSG00000176658.18,397,205,253,443,569,82,202,190
ENSG00000176678.7,53,47,60,57,61,7,37,16
ENSG00000176679.9,0,0,0,0,0,0,0,0
ENSG00000176681.15,17,0,0,48,17,2,14,14
ENSG00000176692.8,158,81,67,81,75,16,55,51
ENSG00000176695.8,0,0,0,0,0,0,0,0
ENSG00000176697.21,182,74,3,98,224,7,51,192
ENSG00000176714.11,33,65,14,128,207,17,165,53
ENSG00000176715.18,190,141,119,213,393,62,203,179
ENSG00000176720.7,307,133,130,110,277,16,299,107
ENSG00000176723.11,17,11,5,22,132,27,48,43
ENSG00000176731.13,663,1083,413,639,1145,81,672,325
ENSG00000176732.8,6,13,7,9,26,2,10,16
ENSG00000176742.3,0,0,0,0,0,0,0,0
ENSG00000176746.6,0,0,0,0,0,0,0,0
ENSG00000176749.10,27,8,14,41,88,5,42,24
ENSG00000176769.10,2,4,1,1,0,0,0,0
ENSG00000176771.18,17,28,2,99,135,20,191,22
ENSG00000176774.6,0,0,0,0,0,0,0,0
ENSG00000176782.3,0,0,0,0,0,0,0,0
ENSG00000176783.16,571,401,328,753,655,116,383,309
ENSG00000176787.2,0,0,0,0,0,0,0,0
ENSG00000176788.10,58,62,357,88,87,9,18,7
ENSG00000176797.4,1,0,0,0,0,0,0,0
ENSG00000176798.3,0,0,0,0,0,0,0,0
ENSG00000176809.11,129,50,48,62,65,4,41,17
ENSG00000176834.15,198,168,111,185,383,15,142,112
ENSG00000176842.17,60,27,19,324,345,115,431,311
ENSG00000176845.13,374,405,237,285,400,105,174,489
ENSG00000176853.17,337,335,154,523,482,17,319,118
ENSG00000176871.10,1119,653,400,3566,3232,327,1475,1106
ENSG00000176884.17,0,0,0,0,8,1,0,0
ENSG00000176887.7,6,25,8,97,132,21,42,43
ENSG00000176890.17,53,56,132,61,122,1,38,27
ENSG00000176893.6,0,0,0,0,0,0,0,0
ENSG00000176894.11,210,375,99,424,1238,127,455,601
ENSG00000176895.9,0,0,0,0,0,0,0,0
ENSG00000176896.10,31,66,103,91,154,3,70,38
ENSG00000176900.2,0,0,0,0,0,0,0,0
ENSG00000176903.5,662,275,192,1005,761,93,442,395
ENSG00000176907.5,2618,10362,362,632,2295,57,1731,947
ENSG00000176909.13,28,63,17,32,98,1,37,17
ENSG00000176915.15,873,445,414,1503,1213,103,671,474
ENSG00000176919.14,7,58,13,22,22,0,3,34
ENSG00000176920.15,4,1,0,2,2,0,5,9
ENSG00000176922.5,0,0,0,0,0,0,0,0
ENSG00000176925.8,0,0,0,0,0,0,0,0
ENSG00000176927.16,1,3,0,6,6,0,6,3
ENSG00000176928.8,12,55,7,33,37,0,5,9
ENSG00000176945.19,9,33,159,100,184,5,96,73
ENSG00000176946.14,734,619,264,1316,2121,340,987,1415
ENSG00000176953.14,466,370,340,986,1219,70,629,374
ENSG00000176956.13,0,3,0,0,3,1,0,1
ENSG00000176971.4,1243,456,1032,403,360,37,178,304
ENSG00000176973.9,774,482,478,390,684,169,226,436
ENSG00000176974.23,76,277,147,205,270,36,113,76
ENSG00000176978.17,1066,993,1579,576,2081,506,1140,1629
ENSG00000176979.14,0,0,1,0,0,0,0,0
ENSG00000176986.17,1460,742,874,2728,2613,360,1714,1071
ENSG00000176988.9,0,0,0,0,0,0,0,0
ENSG00000176994.12,149,60,110,810,861,73,501,292
ENSG00000177000.14,874,387,540,4549,1649,183,916,869
ENSG00000177023.2,0,0,0,0,0,0,0,0
ENSG00000177025.3,15,86,235,36,52,1,24,12
ENSG00000177030.20,154,133,88,295,511,80,197,260
ENSG00000177034.18,303,209,120,777,688,29,449,197
ENSG00000177042.17,130,145,164,186,263,10,139,71
ENSG00000177045.11,318,240,242,232,667,116,338,333
ENSG00000177047.7,0,0,0,0,0,0,0,0
ENSG00000177051.7,163,168,112,138,314,31,174,168
ENSG00000177054.15,172,93,94,222,268,11,141,66
ENSG00000177058.13,106,123,52,146,142,8,91,46
ENSG00000177076.6,16,38,7,91,109,5,40,9
ENSG00000177082.14,350,145,229,491,403,55,306,246
ENSG00000177084.20,274,160,307,455,572,34,429,165
ENSG00000177096.10,624,137,203,169,155,19,89,65
ENSG00000177098.9,146,637,109,1033,1782,155,657,798
ENSG00000177103.15,7,52,26,18,73,7,58,26
ENSG00000177105.11,724,503,589,674,525,102,237,332
ENSG00000177106.18,91,176,103,101,62,8,68,3
ENSG00000177108.6,0,0,0,0,0,0,0,0
ENSG00000177119.18,1612,1236,400,4089,2905,194,1941,685
ENSG00000177125.7,183,163,98,319,253,16,132,99
ENSG00000177138.17,0,0,0,2,0,0,0,0
ENSG00000177143.5,0,0,0,0,0,0,0,0
ENSG00000177144.8,218,118,132,1968,1431,88,1190,451
ENSG00000177150.14,281,274,83,1643,1399,127,815,484
ENSG00000177151.5,0,0,0,0,0,0,0,0
ENSG00000177156.12,1244,837,1065,1255,2093,350,1095,1099
ENSG00000177169.11,342,475,666,984,2056,265,1061,1381
ENSG00000177174.1,0,0,0,0,0,0,0,0
ENSG00000177181.16,56,37,34,727,675,55,315,252
ENSG00000177182.12,0,2,1,5,5,2,21,8
ENSG00000177186.3,0,0,0,0,0,0,0,0
ENSG00000177189.15,792,719,265,1929,2124,113,1177,587
ENSG00000177191.3,26,35,50,31,229,63,70,57
ENSG00000177192.15,500,105,192,154,164,33,103,105
ENSG00000177200.18,679,553,250,1628,1165,66,1033,267
ENSG00000177201.3,0,0,0,4,1,0,0,0
ENSG00000177202.3,0,0,0,0,0,0,0,0
ENSG00000177212.4,0,0,0,0,1,0,0,0
ENSG00000177225.17,653,307,683,484,896,42,424,287
ENSG00000177238.15,45,8,17,168,76,11,9,28
ENSG00000177239.17,490,542,740,773,1311,99,626,518
ENSG00000177243.3,0,0,0,0,0,0,0,0
ENSG00000177257.3,0,0,0,0,0,0,0,0
ENSG00000177272.10,10,26,1,22,52,0,37,10
ENSG00000177275.4,0,0,0,0,0,0,0,0
ENSG00000177283.8,288,95,70,225,261,51,219,241
ENSG00000177291.4,0,0,0,1,0,0,0,2
ENSG00000177294.7,0,2,5,2,4,0,1,0
ENSG00000177300.7,0,0,0,0,0,0,0,0
ENSG00000177301.17,50,57,29,37,128,6,180,75
ENSG00000177302.17,275,180,216,406,405,43,194,181
ENSG00000177303.11,672,622,555,609,1165,181,609,605
ENSG00000177311.13,643,569,226,5202,3001,274,1618,901
ENSG00000177324.14,0,1,0,1,1,0,1,0
ENSG00000177352.11,216,155,88,261,332,61,131,142
ENSG00000177354.13,98,370,57,1034,5616,1131,2266,948
ENSG00000177363.6,207,211,356,200,177,29,109,74
ENSG00000177370.6,387,227,163,730,923,53,146,202
ENSG00000177374.14,567,520,686,106,763,146,745,496
ENSG00000177380.15,98,69,51,36,98,10,48,51
ENSG00000177383.5,351,190,190,716,910,153,543,481
ENSG00000177398.19,0,2,0,2,0,1,0,0
ENSG00000177409.13,98,445,168,480,648,22,448,132
ENSG00000177414.14,0,0,0,0,4,0,0,2
ENSG00000177425.12,201,295,132,388,482,19,254,126
ENSG00000177426.23,817,319,349,485,257,15,81,138
ENSG00000177427.14,96,177,36,268,1076,153,311,424
ENSG00000177432.8,80,118,53,99,187,14,110,136
ENSG00000177453.8,11,6,11,9,13,0,3,2
ENSG00000177455.15,4,4,7,2,3,0,0,0
ENSG00000177459.12,39,26,7,58,95,4,31,96
ENSG00000177462.9,0,0,3,0,0,0,0,0
ENSG00000177463.17,507,460,254,1802,1067,30,904,74
ENSG00000177464.6,923,509,175,307,290,40,101,189
ENSG00000177465.5,24,15,9,25,46,6,17,9
ENSG00000177468.7,0,0,0,0,0,0,0,0
ENSG00000177469.14,9627,8945,5032,11845,13673,2690,5594,5996
ENSG00000177476.3,0,0,0,0,0,0,0,0
ENSG00000177479.21,1413,707,701,6023,5670,341,2751,2428
ENSG00000177483.12,3,16,2,8,18,1,12,5
ENSG00000177485.8,156,245,96,443,450,23,245,92
ENSG00000177489.1,0,0,0,0,0,0,0,0
ENSG00000177494.7,0,7,1,0,2,0,0,0
ENSG00000177504.10,0,0,0,0,0,0,0,0
ENSG00000177508.12,310,249,261,1178,1013,485,952,1288
ENSG00000177511.6,0,0,1,1,2,0,2,0
ENSG00000177519.4,1,2,0,1,3,1,4,0
ENSG00000177535.10,1,7,4,0,0,0,0,0
ENSG00000177542.12,378,92,96,90,122,16,79,43
ENSG00000177548.14,209,167,113,241,472,71,201,268
ENSG00000177551.6,0,0,0,0,0,0,0,0
ENSG00000177556.13,768,916,347,506,632,91,238,388
ENSG00000177558.4,4,1,6,0,0,0,0,0
ENSG00000177565.20,1771,1529,682,4764,2919,94,1250,604
ENSG00000177570.16,32,100,25,354,225,28,113,122
ENSG00000177575.14,196,34,766,3044,793,170,398,76
ENSG00000177576.13,582,720,391,911,1429,77,991,204
ENSG00000177595.19,100,77,198,51,238,24,118,153
ENSG00000177599.14,13,18,15,39,136,10,34,17
ENSG00000177600.11,8300,6526,7690,3903,8394,1281,3282,5207
ENSG00000177602.5,2,0,5,8,3,2,8,1
ENSG00000177606.9,1749,8811,583,2573,4712,419,4869,3562
ENSG00000177613.9,410,208,212,1609,1081,125,811,445
ENSG00000177614.12,34,39,3,229,383,30,181,124
ENSG00000177627.11,2,4,5,0,2,0,0,0
ENSG00000177628.17,477,383,472,497,654,56,258,247
ENSG00000177646.21,444,372,304,1266,1830,187,1281,746
ENSG00000177663.16,710,217,499,558,455,53,276,230
ENSG00000177666.18,578,728,824,2747,6180,1555,4449,4954
ENSG00000177669.4,0,0,0,1,6,1,5,2
ENSG00000177673.4,0,0,0,0,0,0,0,0
ENSG00000177674.17,896,324,634,209,333,45,110,181
ENSG00000177675.10,17,9,60,205,167,2,71,18
ENSG00000177679.16,389,67,204,121,181,52,73,133
ENSG00000177683.14,231,346,97,671,1034,39,333,179
ENSG00000177684.4,0,0,0,0,0,0,0,0
ENSG00000177685.18,81,287,132,84,316,42,130,207
ENSG00000177688.7,1,14,4,3,7,0,1,5
ENSG00000177689.10,0,0,0,1,1,0,0,0
ENSG00000177692.14,16,7,9,117,170,12,76,37
ENSG00000177693.5,0,0,0,0,0,0,0,0
ENSG00000177694.16,45,58,26,71,128,1,63,26
ENSG00000177697.20,4654,1757,2136,6536,6426,1330,3236,4369
ENSG00000177700.7,1437,2355,844,1058,3257,728,1921,3431
ENSG00000177706.10,905,284,588,705,594,144,360,406
ENSG00000177707.12,151,149,63,170,215,8,107,48
ENSG00000177710.6,0,0,0,0,0,0,0,0
ENSG00000177721.5,54,81,52,14,44,2,29,17
ENSG00000177728.18,551,378,462,880,1830,167,820,663
ENSG00000177731.17,2569,1250,1169,4589,4931,1185,2495,2456
ENSG00000177732.9,170,91,87,405,418,78,219,263
ENSG00000177733.8,1748,1650,891,2464,2517,329,1308,1159
ENSG00000177752.16,6,1,3,5,10,3,13,14
ENSG00000177791.13,5,10,6,24,138,5,42,16
ENSG00000177807.12,0,5,0,3,8,1,5,1
ENSG00000177830.19,916,500,384,871,1248,179,546,744
ENSG00000177839.7,31,33,24,30,41,5,26,9
ENSG00000177842.13,14,20,10,64,66,2,34,17
ENSG00000177853.16,153,243,193,561,795,26,615,177
ENSG00000177854.9,28,72,49,86,125,27,58,73
ENSG00000177868.13,150,259,96,282,341,36,120,137
ENSG00000177873.15,67,35,35,121,228,13,102,81
ENSG00000177875.5,74,61,73,42,34,5,18,45
ENSG00000177879.18,1251,1081,568,1232,1023,49,502,307
ENSG00000177885.16,1393,804,695,1883,2287,270,1162,904
ENSG00000177888.9,198,204,79,470,535,20,320,87
ENSG00000177889.11,1417,1024,357,2034,2217,191,1278,820
ENSG00000177910.9,1,0,0,0,0,1,0,0
ENSG00000177917.12,88,105,44,139,232,6,117,94
ENSG00000177932.8,85,96,77,239,301,9,212,58
ENSG00000177938.5,0,1,0,1,0,0,0,0
ENSG00000177943.15,211,35,39,87,352,12,182,119
ENSG00000177947.15,0,0,0,0,0,0,0,0
ENSG00000177951.19,997,474,580,1041,1170,94,543,411
ENSG00000177954.15,10493,21044,13366,8379,14070,1616,6566,5273
ENSG00000177963.16,1244,592,507,2017,1504,235,762,672
ENSG00000177971.9,528,615,375,659,904,146,450,456
ENSG00000177981.12,333,388,196,1968,2297,194,1377,915
ENSG00000177984.7,18,3,2,1,2,0,0,15
ENSG00000177989.15,87,208,315,25,150,16,107,19
ENSG00000177990.13,331,197,84,1286,2018,35,1502,438
ENSG00000177992.10,0,0,0,0,0,0,0,0
ENSG00000177994.16,1,0,3,1,5,0,0,0
ENSG00000178015.5,0,0,2,2,1,0,1,0
ENSG00000178021.11,1,0,1,0,0,0,0,0
ENSG00000178026.14,70,80,136,52,119,16,48,66
ENSG00000178028.15,318,366,343,428,622,87,323,265
ENSG00000178031.19,11,13,28,50,140,5,75,25
ENSG00000178033.6,213,355,196,290,597,34,106,119
ENSG00000178035.14,2162,1010,1081,1671,2009,192,711,826
ENSG00000178038.18,685,726,800,909,1506,62,949,483
ENSG00000178053.21,412,555,258,2739,4584,318,2075,1133
ENSG00000178057.16,923,781,379,1145,1819,431,1074,1833
ENSG00000178074.6,174,224,92,468,379,12,240,75
ENSG00000178075.21,27,53,11,67,48,1,25,6
ENSG00000178078.13,43,74,48,72,42,10,19,35
ENSG00000178084.2,0,0,0,0,1,0,0,0
ENSG00000178093.14,1,4,6,5,11,2,0,7
ENSG00000178096.10,92,148,110,97,324,53,134,194
ENSG00000178104.22,6366,2590,2293,85495,59759,8967,31855,19845
ENSG00000178105.13,326,191,95,359,357,35,148,120
ENSG00000178115.12,0,40,57,0,0,0,89,0
ENSG00000178125.15,0,3,1,0,3,0,3,0
ENSG00000178127.14,2391,2728,812,6408,9415,984,4965,4017
ENSG00000178149.18,253,92,119,198,249,28,165,174
ENSG00000178150.11,1,11,9,4,29,0,8,4
ENSG00000178163.9,268,288,65,897,661,49,389,195
ENSG00000178171.12,1,0,0,0,0,0,0,0
ENSG00000178172.7,2,0,1,0,0,0,0,0
ENSG00000178175.13,335,610,86,745,720,47,333,195
ENSG00000178177.18,78,95,33,201,243,13,179,37
ENSG00000178184.16,24,54,28,64,69,5,31,50
ENSG00000178187.9,18,8,7,39,31,6,32,15
ENSG00000178188.17,695,458,587,1051,1990,103,795,527
ENSG00000178199.14,4,7,4,12,14,2,5,2
ENSG00000178201.5,10,7,6,70,90,8,57,19
ENSG00000178202.14,691,707,344,771,957,53,496,169
ENSG00000178209.18,2367,1459,2240,8592,8996,2774,6314,6873
ENSG00000178217.15,0,2,0,2,1,0,0,0
ENSG00000178222.14,31,35,23,8,16,0,17,6
ENSG00000178226.12,10,4,38,12,29,1,9,7
ENSG00000178229.9,20,46,14,134,130,18,81,24
ENSG00000178233.18,7,0,29,14,46,5,22,28
ENSG00000178234.15,345,384,218,745,1250,75,767,579
ENSG00000178235.8,1,0,0,0,1,0,6,0
ENSG00000178252.20,924,759,1331,2589,2951,271,1668,1024
ENSG00000178257.4,0,0,0,0,0,0,0,0
ENSG00000178279.4,0,0,0,0,0,0,0,0
ENSG00000178287.18,0,0,0,0,0,0,0,0
ENSG00000178295.16,55,99,75,169,209,6,116,40
ENSG00000178297.15,0,0,1,0,3,0,2,0
ENSG00000178301.5,5,16,2,11,17,0,10,6
ENSG00000178307.11,420,214,149,705,742,152,349,493
ENSG00000178338.11,101,59,37,165,247,2,154,39
ENSG00000178342.6,3,0,1,1,0,0,0,0
ENSG00000178343.6,138,300,279,353,284,46,219,307
ENSG00000178358.5,0,0,0,0,0,0,0,0
ENSG00000178363.5,0,0,0,0,0,0,0,1
ENSG00000178372.8,0,0,0,0,0,0,0,0
ENSG00000178381.14,309,244,147,136,145,7,93,92
ENSG00000178385.16,125,79,57,876,764,69,490,186
ENSG00000178386.14,40,58,41,120,139,13,95,45
ENSG00000178394.5,0,0,0,2,0,0,0,0
ENSG00000178395.7,0,0,0,0,0,0,1,4
ENSG00000178397.13,210,230,124,360,626,0,110,91
ENSG00000178401.17,7,2,10,3,15,2,1,2
ENSG00000178403.4,0,0,0,0,0,0,0,0
ENSG00000178404.11,3,0,1,1,6,1,1,0
ENSG00000178409.15,59,19,24,106,34,5,23,1
ENSG00000178425.15,150,219,110,1540,1591,160,1166,464
ENSG00000178440.9,69,45,36,155,206,8,69,7
ENSG00000178445.11,1,9,3,3,1,0,1,5
ENSG00000178449.10,684,1364,380,1753,2487,221,1327,1454
ENSG00000178460.19,7,9,2,22,82,9,60,14
ENSG00000178462.12,17,2,4,19,15,1,3,4
ENSG00000178467.19,246,271,253,325,826,140,366,583
ENSG00000178473.7,0,1,0,0,0,0,0,0
ENSG00000178498.17,631,658,602,689,1192,93,628,582
ENSG00000178502.6,166,191,117,213,306,8,191,69
ENSG00000178522.15,0,0,0,0,0,0,0,0
ENSG00000178531.6,11,1,4,1,1,0,3,7
ENSG00000178537.11,412,472,159,1291,2563,248,1022,1050
ENSG00000178538.11,160,990,43,345,622,45,203,161
ENSG00000178562.19,6,19,38,29,53,0,27,2
ENSG00000178567.8,462,535,333,1928,1989,113,2107,705
ENSG00000178568.16,22,29,7,282,499,19,306,95
ENSG00000178573.7,298,359,308,229,926,45,527,119
ENSG00000178585.16,311,856,191,933,2454,299,1013,868
ENSG00000178586.8,0,0,0,0,0,0,0,0
ENSG00000178591.7,0,0,0,0,0,0,0,0
ENSG00000178597.7,0,0,0,0,2,0,0,0
ENSG00000178602.9,0,0,0,0,0,0,0,0
ENSG00000178605.16,553,491,487,650,1585,414,741,837
ENSG00000178607.17,241,704,192,483,413,28,222,144
ENSG00000178623.14,50,44,41,43,70,1,39,28
ENSG00000178645.14,1,0,0,0,0,0,0,0
ENSG00000178662.17,22,52,10,109,198,7,100,52
ENSG00000178665.16,15,29,8,54,103,5,79,27
ENSG00000178685.15,235,239,290,225,640,53,332,203
ENSG00000178690.4,0,0,0,0,2,0,0,0
ENSG00000178691.13,290,373,141,747,760,52,590,200
ENSG00000178694.10,108,140,103,296,260,13,197,53
ENSG00000178695.6,1546,2412,806,3430,3839,209,1772,1027
ENSG00000178700.10,41,62,35,110,187,19,121,35
ENSG00000178718.7,249,116,256,84,106,19,86,57
ENSG00000178719.18,1300,892,1520,2090,2274,360,1185,1399
ENSG00000178726.7,1775,1769,445,743,1158,120,646,764
ENSG00000178732.6,0,0,2,1,3,0,0,0
ENSG00000178741.13,3508,4251,778,13505,18320,2656,8172,11037
ENSG00000178750.4,2,5,0,6,3,0,0,0
ENSG00000178752.16,68,1,37,16,4,1,0,1
ENSG00000178761.16,1036,730,795,2958,3958,314,2188,1409
ENSG00000178764.9,440,442,214,2242,2233,221,1076,798
ENSG00000178772.8,0,41,5,40,20,6,28,28
ENSG00000178773.16,13,0,10,2,0,0,1,0
ENSG00000178776.6,28,13,9,84,45,16,6,43
ENSG00000178789.10,5,17,4,12,22,0,6,3
ENSG00000178795.10,0,0,0,2,1,0,11,0
ENSG00000178796.13,17,17,0,5,18,1,19,15
ENSG00000178802.19,351,476,202,504,1363,251,1371,803
ENSG00000178804.8,0,0,0,0,0,0,0,0
ENSG00000178809.13,24,37,54,37,109,5,68,22
ENSG00000178814.18,98,65,85,526,1442,266,1074,738
ENSG00000178821.14,5,14,0,10,10,1,16,9
ENSG00000178826.12,10,41,25,84,196,17,40,68
ENSG00000178828.7,0,4,0,0,0,0,0,0
ENSG00000178852.16,27,35,25,19,46,1,45,7
ENSG00000178860.10,658,167,180,145,278,28,112,152
ENSG00000178878.14,3278,13153,743,2556,1233,70,1482,798
ENSG00000178882.15,0,3,1,3,10,1,7,3
ENSG00000178896.10,182,88,69,105,226,66,83,197
ENSG00000178904.20,492,239,279,377,327,10,207,66
ENSG00000178913.9,1443,1641,596,4898,4605,469,2470,1764
ENSG00000178917.19,160,148,74,129,209,8,142,55
ENSG00000178919.9,0,0,0,0,0,0,0,0
ENSG00000178921.15,313,62,122,360,363,40,204,116
ENSG00000178922.19,351,298,400,199,365,26,196,226
ENSG00000178927.20,614,353,664,474,507,65,234,234
ENSG00000178928.9,0,0,0,1,1,0,0,0
ENSG00000178934.5,0,0,0,0,0,0,0,0
ENSG00000178935.5,23,37,22,91,109,2,100,35
ENSG00000178947.9,18,38,22,45,214,7,76,95
ENSG00000178950.19,556,295,645,546,752,112,449,410
ENSG00000178951.10,696,372,476,891,1129,279,889,440
ENSG00000178952.12,2456,2268,1045,5987,9128,1370,3671,5075
ENSG00000178965.14,4,10,3,1,0,0,0,0
ENSG00000178966.18,47,24,17,133,234,18,175,34
ENSG00000178971.18,304,169,344,527,424,23,280,183
ENSG00000178974.12,254,178,141,821,716,69,494,304
ENSG00000178980.16,7213,9081,2907,12912,20646,2490,7635,8712
ENSG00000178982.11,3033,3471,1669,7758,10616,1405,4699,6084
ENSG00000178988.12,822,1089,517,1435,2252,164,965,770
ENSG00000178996.15,357,340,145,818,1077,108,574,190
ENSG00000178997.12,0,0,1,1,0,0,0,0
ENSG00000178999.14,4,6,58,10,22,0,3,0
ENSG00000179002.6,1,0,0,0,0,0,0,0
ENSG00000179008.10,0,0,0,1,0,0,6,0
ENSG00000179010.17,4287,3314,1889,6783,8730,1042,3626,3745
ENSG00000179021.11,155,156,69,340,378,27,252,88
ENSG00000179023.9,0,14,1,0,0,0,7,0
ENSG00000179029.16,51,112,93,63,186,11,62,47
ENSG00000179041.4,344,83,111,395,371,78,224,237
ENSG00000179044.17,135,44,22,30,107,13,36,44
ENSG00000179046.10,2,0,2,2,0,0,1,2
ENSG00000179051.15,1377,455,413,949,759,52,307,268
ENSG00000179055.8,0,0,0,1,0,0,0,0
ENSG00000179057.14,34,8,25,4,12,0,7,14
ENSG00000179058.8,0,3,2,0,0,0,1,0
ENSG00000179059.11,0,0,0,1,2,0,0,0
ENSG00000179071.5,5,18,2,6,30,4,11,2
ENSG00000179083.8,3,2,0,0,21,0,4,4
ENSG00000179085.9,175,320,174,44,261,45,149,272
ENSG00000179088.16,0,0,0,0,1,0,0,0
ENSG00000179091.6,2371,3769,730,6979,12808,2370,5912,9416
ENSG00000179094.18,1642,3926,2743,4195,1728,305,2186,2360
ENSG00000179097.8,2,6,2,12,8,0,1,0
ENSG00000179104.9,132,178,41,231,249,20,91,83
ENSG00000179111.9,10,4,19,3,2,0,1,5
ENSG00000179115.12,575,267,153,608,1054,208,555,711
ENSG00000179119.15,286,315,96,628,556,42,376,116
ENSG00000179133.16,12,5,2,27,26,2,10,20
ENSG00000179134.17,1139,505,599,1809,1475,194,816,753
ENSG00000179142.3,0,0,0,0,0,0,0,0
ENSG00000179144.6,363,473,287,604,937,48,306,155
ENSG00000179148.11,10,0,1,1,1,0,0,0
ENSG00000179151.14,425,205,295,430,480,49,270,221
ENSG00000179152.21,175,206,99,1133,1257,82,618,346
ENSG00000179163.13,135,275,196,623,678,97,406,269
ENSG00000179165.12,0,1,7,17,8,0,1,0
ENSG00000179168.16,3,0,10,2,0,0,5,4
ENSG00000179172.10,0,0,0,0,0,0,0,0
ENSG00000179178.12,2,33,4,4,8,2,3,0
ENSG00000179195.17,1087,830,593,4400,4726,366,2339,1088
ENSG00000179213.14,0,0,0,1,0,0,0,0
ENSG00000179218.16,15402,3935,3328,9026,9758,1489,5347,5360
ENSG00000179222.19,1539,568,319,2577,2958,424,1550,1210
ENSG00000179240.13,24,47,38,56,205,4,198,43
ENSG00000179241.14,519,61,231,265,102,5,28,30
ENSG00000179242.16,0,0,0,0,4,0,9,0
ENSG00000179256.3,6,19,9,5,7,1,2,1
ENSG00000179262.11,2831,1675,1463,4384,5115,971,2285,2182
ENSG00000179270.7,2,17,4,16,95,18,14,9
ENSG00000179271.4,1143,1448,608,595,1352,522,804,1118
ENSG00000179284.7,7,96,14,76,307,48,124,145
ENSG00000179292.5,5,1,0,0,3,1,3,0
ENSG00000179295.20,1230,888,558,7193,5091,457,2913,1441
ENSG00000179299.18,0,14,31,10,13,0,8,1
ENSG00000179300.5,9,15,12,0,23,1,8,5
ENSG00000179304.19,523,147,193,350,178,29,552,106
ENSG00000179314.18,41,79,55,159,288,27,115,135
ENSG00000179331.3,1,0,2,6,7,0,4,0
ENSG00000179335.21,568,528,502,606,958,65,531,448
ENSG00000179344.18,166,492,0,294,980,121,185,87
ENSG00000179348.14,347,385,137,268,431,67,285,453
ENSG00000179361.19,42,47,53,71,123,4,82,54
ENSG00000179363.8,2,7,7,6,1,0,0,0
ENSG00000179364.16,627,533,574,1207,2017,345,1052,1113
ENSG00000179387.11,355,429,202,493,755,40,426,147
ENSG00000179388.9,254,1927,91,27,79,26,112,61
ENSG00000179397.18,6,3,10,1,12,0,3,2
ENSG00000179399.16,3,2,4,3,10,3,37,3
ENSG00000179403.13,1341,484,455,198,466,116,200,388
ENSG00000179407.4,0,0,0,0,0,0,0,0
ENSG00000179409.11,266,109,154,398,433,41,294,144
ENSG00000179412.11,0,0,0,0,0,0,0,0
ENSG00000179431.7,85,26,40,54,27,9,14,24
ENSG00000179454.15,109,202,54,363,461,23,307,81
ENSG00000179455.10,1,0,1,17,9,2,0,0
ENSG00000179456.13,222,334,171,1043,1160,61,555,348
ENSG00000179468.6,0,0,0,0,0,0,0,0
ENSG00000179476.9,93,92,65,218,268,12,150,80
ENSG00000179477.11,0,0,0,0,0,0,0,0
ENSG00000179520.12,0,0,0,0,3,0,2,0
ENSG00000179526.18,629,555,584,536,1062,186,559,734
ENSG00000179528.16,3,4,5,1,7,2,2,7
ENSG00000179532.13,147,79,188,260,267,6,198,113
ENSG00000179542.17,14,10,180,54,36,4,18,11
ENSG00000179546.6,1,9,0,0,7,0,9,3
ENSG00000179562.3,204,198,125,383,298,43,158,119
ENSG00000179564.5,6,186,14,192,1283,100,465,528
ENSG00000179580.10,0,0,0,0,0,0,0,0
ENSG00000179583.22,177,351,245,425,613,31,638,181
ENSG00000179588.9,38,44,33,35,63,82,97,89
ENSG00000179593.17,7,6,25,33,1,0,1,0
ENSG00000179598.6,48,48,34,250,309,24,169,98
ENSG00000179600.4,0,0,0,0,0,0,0,0
ENSG00000179603.19,3,1,2,7,16,0,16,37
ENSG00000179604.11,1711,884,755,3543,1268,230,884,1555
ENSG00000179615.3,1,5,0,8,4,0,0,0
ENSG00000179626.4,1,0,0,0,0,0,0,0
ENSG00000179627.11,84,51,38,266,183,39,42,69
ENSG00000179630.12,43,60,33,208,417,22,200,96
ENSG00000179632.12,1807,1535,1269,4092,5578,931,2023,3754
ENSG00000179636.15,5,2,7,1,14,1,3,3
ENSG00000179639.11,2,7,1,63,138,2,96,10
ENSG00000179673.5,3,0,8,2,0,2,0,3
ENSG00000179674.4,0,0,0,1,0,0,0,0
ENSG00000179695.3,0,0,0,0,0,0,0,0
ENSG00000179698.14,6,2,9,13,26,0,13,5
ENSG00000179709.9,0,3,0,0,0,0,0,0
ENSG00000179715.14,17,85,69,24,75,4,26,11
ENSG00000179750.16,1,4,9,28,27,3,6,5
ENSG00000179751.7,0,0,0,0,0,0,0,0
ENSG00000179761.13,5,107,15,3,9,1,1,0
ENSG00000179772.8,187,40,35,30,123,31,23,33
ENSG00000179774.9,0,2,1,1,2,0,1,0
ENSG00000179776.21,1776,3507,672,3799,6374,564,2488,2142
ENSG00000179796.14,1,15,0,1,10,0,7,4
ENSG00000179813.7,3,16,2,11,112,0,50,15
ENSG00000179817.5,0,0,0,0,0,0,0,0
ENSG00000179820.18,2115,2534,1052,9162,3806,472,2486,1822
ENSG00000179826.8,0,0,0,1,0,0,0,0
ENSG00000179832.19,159,121,172,325,466,92,277,206
ENSG00000179833.5,467,429,204,697,1071,78,566,243
ENSG00000179841.8,2,16,0,9,15,0,20,29
ENSG00000179846.11,3,4,0,3,1,0,0,1
ENSG00000179855.10,124,150,61,266,232,21,87,82
ENSG00000179859.10,70,77,53,62,96,5,39,33
ENSG00000179862.7,69,237,81,168,557,185,254,384
ENSG00000179869.15,3,7,3,4,2,1,4,0
ENSG00000179873.14,0,0,0,1,0,0,0,0
ENSG00000179886.6,0,0,0,0,0,48,0,0
ENSG00000179889.22,891,381,364,3057,1104,118,1486,619
ENSG00000179902.14,2,12,0,0,2,0,0,0
ENSG00000179909.16,36,34,57,315,269,5,290,71
ENSG00000179912.22,598,407,447,2147,1984,212,934,912
ENSG00000179913.12,0,1,3,1,4,0,0,0
ENSG00000179914.6,3,36,21,22,4712,30,662,488
ENSG00000179915.25,23,85,33,98,264,12,184,53
ENSG00000179918.19,395,413,272,1104,1099,166,586,459
ENSG00000179919.3,0,0,0,0,0,0,0,0
ENSG00000179921.16,67,7,57,28,24,11,23,14
ENSG00000179922.6,38,108,68,272,291,56,180,223
ENSG00000179930.6,0,0,0,0,0,0,0,0
ENSG00000179933.7,771,672,402,911,925,83,477,331
ENSG00000179934.8,0,2,0,2,3,0,0,0
ENSG00000179938.13,0,0,0,0,35,0,0,0
ENSG00000179941.10,167,137,67,355,472,24,253,98
ENSG00000179943.9,236,147,200,347,377,81,229,241
ENSG00000179950.16,1177,780,466,1942,2144,392,939,1376
ENSG00000179954.16,234,243,124,200,437,40,133,19
ENSG00000179958.10,329,259,107,444,737,78,300,282
ENSG00000179965.13,55,51,44,49,69,50,83,114
ENSG00000179981.11,217,307,117,645,945,107,436,444
ENSG00000179988.15,19,15,16,30,53,9,39,18
ENSG00000180008.10,377,463,122,729,611,41,370,105
ENSG00000180011.7,505,494,281,1892,2400,247,1382,942
ENSG00000180016.2,0,0,0,0,0,0,0,0
ENSG00000180035.14,185,79,56,166,209,27,98,131
ENSG00000180042.5,0,0,0,0,0,0,0,0
ENSG00000180043.11,0,0,0,0,0,0,0,0
ENSG00000180044.6,4,4,0,1,8,0,5,1
ENSG00000180053.8,4,1,0,3,1,0,2,0
ENSG00000180061.10,12,1,4,4,12,0,7,0
ENSG00000180071.21,56,28,48,55,144,0,52,16
ENSG00000180083.11,0,0,0,0,0,0,0,0
ENSG00000180089.7,24,37,86,11,31,3,16,15
ENSG00000180090.6,0,0,0,0,0,0,0,0
ENSG00000180096.13,12,83,54,20,64,7,34,25
ENSG00000180098.10,274,203,257,309,395,42,153,144
ENSG00000180104.17,376,349,522,1358,1471,205,844,706
ENSG00000180113.16,32,18,34,52,63,0,90,21
ENSG00000180116.15,0,0,2,0,0,0,0,0
ENSG00000180138.7,0,0,0,0,0,0,0,0
ENSG00000180155.21,369,283,114,4191,6303,1254,2356,3525
ENSG00000180176.16,0,0,0,1,1,0,0,0
ENSG00000180182.12,262,295,142,849,1146,78,695,312
ENSG00000180185.13,215,225,101,507,677,173,412,314
ENSG00000180190.13,84,295,95,75,152,4,95,38
ENSG00000180198.18,1085,80,167,408,216,18,81,87
ENSG00000180205.4,0,0,0,0,0,0,0,0
ENSG00000180209.13,3,1,3,0,0,0,1,3
ENSG00000180210.16,2,416,0,1,3,0,2,0
ENSG00000180219.2,0,0,0,0,0,0,0,0
ENSG00000180228.15,645,564,281,1487,1541,119,881,556
ENSG00000180233.12,144,150,37,667,279,21,197,77
ENSG00000180245.7,4,0,1,5,1,0,0,0
ENSG00000180251.5,40,43,19,142,124,0,0,9
ENSG00000180257.15,65,60,28,94,126,12,69,30
ENSG00000180263.15,67,114,28,585,670,44,389,119
ENSG00000180264.12,0,0,0,0,1,0,0,0
ENSG00000180269.8,0,0,0,0,0,0,0,0
ENSG00000180287.17,1,11,2,4,11,2,4,1
ENSG00000180304.14,1203,1324,808,2481,4020,225,1777,1533
ENSG00000180305.5,0,0,0,0,0,0,0,0
ENSG00000180316.13,1,0,4,4,2,0,0,0
ENSG00000180318.4,0,0,0,1,1,0,0,0
ENSG00000180329.15,221,263,141,693,952,88,461,279
ENSG00000180332.7,0,2,0,0,2,0,0,0
ENSG00000180336.19,2,1,1,1,2,4,13,21
ENSG00000180340.7,11,29,23,29,104,15,77,37
ENSG00000180346.5,15,33,13,56,99,10,71,26
ENSG00000180347.16,2,0,0,1,0,0,0,0
ENSG00000180353.12,294,308,743,717,464,64,179,145
ENSG00000180354.17,519,623,592,1197,1455,62,947,448
ENSG00000180357.11,491,322,227,1195,1220,103,603,265
ENSG00000180370.11,1007,840,409,3079,2275,241,1254,706
ENSG00000180376.18,236,212,124,288,395,15,399,75
ENSG00000180383.4,1,1,9,1,3,0,0,0
ENSG00000180386.8,0,0,0,0,0,0,0,0
ENSG00000180398.14,1688,894,594,2476,3199,257,1622,943
ENSG00000180423.5,43,39,17,99,88,18,89,34
ENSG00000180424.7,0,0,0,0,0,0,0,0
ENSG00000180425.11,93,119,129,145,537,42,344,175
ENSG00000180432.6,0,58,0,0,0,1,0,1
ENSG00000180433.6,0,0,0,0,0,0,0,0
ENSG00000180440.5,0,10,0,1,34,0,21,29
ENSG00000180447.7,336,608,443,288,358,62,551,351
ENSG00000180448.12,67,139,208,64,165,12,85,23
ENSG00000180475.4,0,3,0,1,0,0,3,0
ENSG00000180479.16,61,73,27,91,116,3,88,40
ENSG00000180481.12,8,29,12,8,103,0,71,15
ENSG00000180483.7,0,0,0,0,0,0,0,0
ENSG00000180488.18,116,209,86,378,510,20,374,129
ENSG00000180509.14,13,22,19,111,518,34,63,45
ENSG00000180530.11,368,416,124,1155,760,47,577,159
ENSG00000180532.12,4,5,4,7,4,0,0,1
ENSG00000180535.5,14,7,0,2,3,0,1,1
ENSG00000180537.14,2,2,79,2,6,0,3,0
ENSG00000180543.5,256,274,141,1307,927,92,610,321
ENSG00000180549.9,2,0,19,1,5,0,0,0
ENSG00000180573.10,288,174,223,351,652,37,326,303
ENSG00000180574.4,0,5,0,0,1,0,0,1
ENSG00000180592.17,17,17,12,49,101,13,49,44
ENSG00000180596.10,23,11,38,84,54,4,35,37
ENSG00000180611.7,221,190,66,161,156,13,89,54
ENSG00000180613.11,1,0,0,0,0,0,0,0
ENSG00000180616.9,114,14,100,64,71,6,18,6
ENSG00000180626.11,59,73,29,191,300,12,254,95
ENSG00000180628.16,769,448,270,3932,2669,156,1657,443
ENSG00000180638.20,0,1,2,1,1,0,0,0
ENSG00000180644.9,34,216,8,70,152,26,38,23
ENSG00000180658.4,4,0,4,0,0,0,0,0
ENSG00000180660.10,15,12,13,8,30,0,18,7
ENSG00000180667.11,275,96,237,323,455,19,263,93
ENSG00000180694.15,190,236,71,768,641,23,225,111
ENSG00000180697.9,0,1,0,0,1,0,0,1
ENSG00000180708.6,0,0,0,0,0,0,0,0
ENSG00000180720.9,1,2,1,2,5,0,10,4
ENSG00000180730.5,7,17,1,6,9,3,10,0
ENSG00000180739.15,21,28,1,11,18,1,0,7
ENSG00000180745.6,1,9,2,2,0,0,0,0
ENSG00000180758.13,307,163,75,765,1125,153,591,412
ENSG00000180767.11,1,7,2,3,3,1,5,3
ENSG00000180772.9,1,102,2,6,27,2,10,11
ENSG00000180773.16,236,97,91,568,192,10,103,40
ENSG00000180776.18,392,607,219,597,863,28,317,201
ENSG00000180777.16,1,1,1,3,5,0,0,0
ENSG00000180785.10,57,202,16,172,338,25,233,51
ENSG00000180787.7,90,95,48,546,580,49,496,200
ENSG00000180801.14,144,46,24,59,62,8,36,12
ENSG00000180806.5,0,1,0,0,0,0,0,0
ENSG00000180815.16,1,1,3,1,0,0,47,0
ENSG00000180817.13,2276,974,535,2171,2296,240,1163,913
ENSG00000180818.5,0,8,1,0,0,0,0,0
ENSG00000180822.13,146,144,100,154,241,26,152,86
ENSG00000180828.3,13,46,10,5,33,2,16,4
ENSG00000180834.9,22,38,30,0,58,11,3,44
ENSG00000180855.16,34,63,31,79,116,3,54,23
ENSG00000180871.9,8,14,91,31,45,3,10,3
ENSG00000180872.7,0,0,0,0,0,0,0,0
ENSG00000180875.6,0,3,6,1,4,0,4,0
ENSG00000180878.3,0,0,0,0,0,0,0,0
ENSG00000180879.15,2741,1336,906,1240,1918,298,972,1149
ENSG00000180881.22,26,48,16,111,188,4,186,35
ENSG00000180884.11,46,43,21,105,167,11,80,36
ENSG00000180891.14,396,324,435,1634,1987,283,877,775
ENSG00000180900.21,371,135,144,243,531,222,387,623
ENSG00000180901.11,718,349,458,2858,1284,148,729,576
ENSG00000180902.19,163,185,428,241,534,80,386,418
ENSG00000180914.12,19,7,4,8,15,2,10,5
ENSG00000180917.19,113,4,0,280,128,22,109,19
ENSG00000180919.3,0,0,0,0,0,0,0,0
ENSG00000180921.8,4,17,12,47,32,9,39,28
ENSG00000180929.6,0,6,0,4,5,2,6,1
ENSG00000180934.7,0,0,0,0,0,0,0,0
ENSG00000180938.7,13,13,14,29,59,4,26,7
ENSG00000180957.19,1159,691,548,2202,1385,104,781,421
ENSG00000180964.18,564,675,298,890,1628,124,855,511
ENSG00000180974.5,0,0,0,0,0,0,0,0
ENSG00000180979.11,232,124,123,536,646,51,247,164
ENSG00000180988.4,0,0,1,0,0,0,0,0
ENSG00000180992.8,515,562,180,813,784,138,330,434
ENSG00000180998.13,40,65,11,43,92,1,40,12
ENSG00000180999.11,54,25,12,188,179,59,153,41
ENSG00000181001.3,0,10,4,9,4,0,0,0
ENSG00000181004.10,71,35,35,520,219,16,108,101
ENSG00000181007.10,78,59,62,165,155,16,88,55
ENSG00000181009.5,0,0,0,1,0,0,0,0
ENSG00000181016.10,53,49,47,13,31,1,18,7
ENSG00000181017.7,0,0,2,1,0,0,0,0
ENSG00000181019.13,296,427,307,273,437,50,331,156
ENSG00000181023.8,0,1,0,0,1,0,0,0
ENSG00000181026.16,575,129,332,477,174,31,112,70
ENSG00000181027.12,263,200,165,460,600,92,374,466
ENSG00000181029.10,332,833,261,68,473,249,422,993
ENSG00000181031.17,85,71,93,83,106,3,79,45
ENSG00000181035.15,152,162,146,379,1006,86,499,440
ENSG00000181036.15,2,24,0,4,15,1,6,0
ENSG00000181038.15,234,256,190,248,454,53,273,199
ENSG00000181045.17,57,137,109,105,196,9,82,73
ENSG00000181061.15,1651,1156,818,7448,9836,615,4102,2652
ENSG00000181072.13,63,66,27,993,2331,281,2308,270
ENSG00000181074.5,1,14,13,5,7,0,9,1
ENSG00000181085.16,6,17,15,0,1,0,0,2
ENSG00000181090.22,454,272,200,618,879,125,635,455
ENSG00000181092.11,56,8,5,170,1370,2,3210,104
ENSG00000181104.7,1266,276,426,847,1039,83,232,320
ENSG00000181109.3,0,1,0,0,1,0,0,0
ENSG00000181135.17,118,34,15,52,167,21,65,79
ENSG00000181143.17,10,13,6,0,4,0,1,9
ENSG00000181163.15,6509,4532,2749,6760,9070,746,4096,3135
ENSG00000181191.13,282,156,99,519,466,70,356,190
ENSG00000181192.13,115,238,104,769,1440,147,960,475
ENSG00000181195.12,164,82,2,16,45,2,18,8
ENSG00000181214.8,0,0,0,0,0,0,0,0
ENSG00000181215.17,0,6,0,0,1,0,0,0
ENSG00000181218.6,29,71,90,72,314,63,202,294
ENSG00000181220.19,234,119,188,309,340,35,215,159
ENSG00000181222.19,0,0,0,0,0,0,0,0
ENSG00000181234.10,87,48,27,29,211,12,350,75
ENSG00000181240.14,0,1,0,6,12,1,0,6
ENSG00000181264.10,448,217,161,548,481,26,387,250
ENSG00000181273.3,0,0,0,0,0,0,0,0
ENSG00000181274.7,86,52,169,192,257,19,61,108
ENSG00000181282.5,0,0,0,0,0,0,0,0
ENSG00000181284.4,13,2,7,80,32,8,22,22
ENSG00000181291.8,1,0,1,1,4,0,5,1
ENSG00000181315.12,380,632,195,612,771,32,424,203
ENSG00000181322.16,1,1,0,1,2,0,8,6
ENSG00000181323.8,0,0,0,0,0,0,0,0
ENSG00000181333.12,0,0,0,2,0,1,0,2
ENSG00000181350.13,28,23,27,13,44,95,112,587
ENSG00000181371.5,0,0,0,0,0,0,0,0
ENSG00000181374.8,45,13,202,45,22,4,14,4
ENSG00000181378.15,2,13,2,0,0,0,0,0
ENSG00000181381.16,175,412,165,426,460,20,338,64
ENSG00000181392.18,4,4,8,1,2,0,0,0
ENSG00000181396.14,282,263,204,584,818,161,322,603
ENSG00000181404.18,749,742,1595,674,1071,87,302,258
ENSG00000181408.6,21,30,43,19,148,19,36,40
ENSG00000181409.15,42,47,92,39,150,46,114,180
ENSG00000181418.8,3,15,2,78,36,13,11,22
ENSG00000181433.12,1,0,0,0,0,0,0,0
ENSG00000181444.14,101,91,93,61,226,22,130,123
ENSG00000181449.4,3,4,5,3,9,1,9,6
ENSG00000181450.18,116,169,67,194,150,3,98,45
ENSG00000181458.11,547,83,276,81,99,14,65,21
ENSG00000181467.5,271,272,239,226,294,31,142,85
ENSG00000181472.6,270,244,144,260,248,17,169,81
ENSG00000181481.15,308,162,284,166,191,19,108,83
ENSG00000181499.3,0,0,0,0,0,0,0,0
ENSG00000181513.16,78,125,247,104,320,20,163,126
ENSG00000181518.4,0,0,0,0,0,0,0,0
ENSG00000181523.14,225,204,287,338,447,41,199,181
ENSG00000181541.6,3,3,6,0,8,0,3,0
ENSG00000181544.17,4,14,2,22,16,0,11,0
ENSG00000181552.4,0,0,0,0,0,0,0,0
ENSG00000181555.23,622,614,378,1746,1584,138,1102,430
ENSG00000181562.5,0,0,0,0,0,0,0,2
ENSG00000181577.16,0,1,0,2,1,1,2,2
ENSG00000181585.7,4,24,2,13,19,6,2,4
ENSG00000181588.17,86,64,32,54,121,28,100,139
ENSG00000181609.5,0,0,0,0,0,0,0,0
ENSG00000181610.14,605,616,207,1711,2603,222,1247,1398
ENSG00000181616.10,0,0,0,0,0,0,0,0
ENSG00000181617.6,0,2,0,1,0,0,0,0
ENSG00000181619.12,50,35,28,50,60,6,55,23
ENSG00000181625.19,83,169,442,251,203,29,271,109
ENSG00000181626.12,0,0,0,2,1,0,0,0
ENSG00000181631.7,6,6,55,39,69,2,41,3
ENSG00000181634.8,5,5,4,13,11,0,0,2
ENSG00000181638.21,83,24,69,169,204,33,89,108
ENSG00000181649.9,45,3,7,4,7,10,0,0
ENSG00000181652.20,1,4,2,0,2,0,18,2
ENSG00000181656.7,3,2,7,6,3,0,2,3
ENSG00000181666.20,516,495,497,961,1824,86,857,603
ENSG00000181690.9,70,71,22,210,386,18,226,89
ENSG00000181693.9,0,0,0,0,0,0,0,0
ENSG00000181698.5,0,0,0,0,0,0,0,0
ENSG00000181704.13,607,529,256,1342,1326,84,813,417
ENSG00000181718.7,0,0,0,0,0,0,0,0
ENSG00000181722.19,935,961,301,3877,3155,191,2752,1227
ENSG00000181733.4,0,0,0,0,0,0,0,0
ENSG00000181744.9,180,277,111,263,370,12,209,75
ENSG00000181751.11,80,118,57,146,233,10,101,44
ENSG00000181752.3,0,0,0,0,0,0,0,0
ENSG00000181754.8,57,146,53,760,813,88,324,304
ENSG00000181761.5,0,0,0,0,0,0,0,0
ENSG00000181767.3,0,0,0,0,0,0,0,0
ENSG00000181773.8,42,19,2,23,12,2,3,8
ENSG00000181778.5,0,2,1,1,1,5,4,5
ENSG00000181781.10,7,16,3,2,3,0,1,8
ENSG00000181785.3,5,4,9,6,8,0,0,0
ENSG00000181786.6,0,0,0,0,0,0,0,0
ENSG00000181788.5,665,336,1726,724,772,86,364,432
ENSG00000181789.15,2457,838,932,2756,2873,464,1619,1196
ENSG00000181790.13,11,14,16,5,23,2,18,6
ENSG00000181803.3,0,0,0,0,0,0,0,0
ENSG00000181804.16,163,140,228,143,245,19,196,56
ENSG00000181817.7,497,493,264,570,920,161,402,668
ENSG00000181826.11,504,689,360,673,474,33,183,109
ENSG00000181827.17,135,237,77,347,384,22,239,83
ENSG00000181830.10,455,155,163,409,390,37,139,208
ENSG00000181847.13,5,44,0,5,16,0,2,0
ENSG00000181852.19,688,470,211,2272,1763,141,876,645
ENSG00000181856.16,241,1294,250,4800,6893,872,3027,3436
ENSG00000181867.3,0,0,0,0,0,0,0,0
ENSG00000181873.14,140,170,148,603,618,76,162,243
ENSG00000181885.19,3,49,28,14,27,1,52,10
ENSG00000181894.16,167,147,73,449,471,27,203,134
ENSG00000181896.12,64,72,53,133,143,10,64,39
ENSG00000181903.7,0,0,0,1,0,0,0,0
ENSG00000181904.10,541,614,201,1258,1348,67,845,272
ENSG00000181915.6,522,298,159,740,836,87,468,296
ENSG00000181924.9,772,425,261,628,1044,222,484,577
ENSG00000181927.4,0,0,0,0,0,0,0,0
ENSG00000181929.13,549,453,294,1803,3016,255,1574,1074
ENSG00000181938.15,76,78,74,279,383,27,135,111
ENSG00000181939.3,0,0,0,0,0,0,0,0
ENSG00000181958.5,0,0,0,0,0,0,0,0
ENSG00000181961.5,0,0,0,0,0,0,0,0
ENSG00000181963.5,0,0,1,0,0,0,0,0
ENSG00000181965.6,0,0,0,0,0,0,0,0
ENSG00000181982.21,386,232,242,631,481,47,227,166
ENSG00000181991.17,357,585,174,688,1195,178,608,805
ENSG00000182004.14,746,544,327,612,760,61,366,286
ENSG00000182010.12,7,51,5,1,5,0,5,1
ENSG00000182013.19,166,56,27,73,491,67,212,176
ENSG00000182022.19,89,125,174,180,281,17,106,36
ENSG00000182035.13,0,0,0,0,0,0,0,0
ENSG00000182040.9,0,0,0,0,0,0,0,0
ENSG00000182050.15,17,44,11,41,542,16,178,47
ENSG00000182053.13,0,0,0,0,0,0,0,0
ENSG00000182054.11,1941,4591,703,17325,30934,5303,16461,17222
ENSG00000182070.7,0,0,0,2,1,0,0,0
ENSG00000182077.12,0,1,2,1,1,0,3,0
ENSG00000182083.8,0,0,0,0,0,0,0,0
ENSG00000182087.15,1180,693,1277,1385,2957,414,1905,1876
ENSG00000182093.16,249,229,110,533,663,49,329,196
ENSG00000182095.15,573,348,445,858,1186,210,889,563
ENSG00000182103.5,2,9,6,5,6,0,12,1
ENSG00000182107.7,31,53,49,29,53,7,22,19
ENSG00000182108.11,732,883,383,2084,2382,602,1055,1770
ENSG00000182111.9,1,0,0,1,1,0,0,0
ENSG00000182117.7,1301,754,457,1129,1695,211,890,856
ENSG00000182118.9,266,542,79,273,286,15,186,121
ENSG00000182132.15,0,18,0,6,14,0,1,11
ENSG00000182134.18,52,35,31,141,196,17,66,67
ENSG00000182141.11,285,251,265,283,393,6,216,43
ENSG00000182149.22,1911,1645,1278,2679,2629,244,1428,1077
ENSG00000182150.21,186,284,91,593,575,35,436,215
ENSG00000182154.8,868,3525,765,765,3466,1534,2363,5343
ENSG00000182156.11,0,0,0,0,0,0,0,0
ENSG00000182158.17,1692,807,537,1233,1650,142,1122,421
ENSG00000182162.12,87,167,15,170,301,45,101,82
ENSG00000182168.16,240,88,146,112,197,17,98,44
ENSG00000182170.3,0,0,0,0,0,0,0,0
ENSG00000182173.15,282,117,159,148,143,19,101,86
ENSG00000182175.15,1147,666,579,757,652,152,454,553
ENSG00000182177.15,15,92,4,144,236,16,74,76
ENSG00000182179.14,407,627,547,523,1180,29,594,168
ENSG00000182180.15,680,616,312,1918,2921,418,1383,1195
ENSG00000182183.15,2,12,2,0,1,0,0,2
ENSG00000182185.19,14,55,17,21,54,5,21,10
ENSG00000182187.4,0,0,0,0,0,0,0,0
ENSG00000182195.9,181,107,94,74,126,14,75,50
ENSG00000182196.15,1867,2211,1543,1820,3253,675,1448,2114
ENSG00000182197.13,783,454,339,907,817,80,322,266
ENSG00000182199.12,1879,505,489,1070,937,110,333,453
ENSG00000182208.15,0,0,0,0,14,3,0,0
ENSG00000182218.11,118,78,36,53,49,16,28,35
ENSG00000182220.16,1390,1364,718,1542,1771,129,843,423
ENSG00000182223.7,0,0,0,0,0,0,0,0
ENSG00000182224.12,376,565,146,553,1015,80,656,423
ENSG00000182240.17,472,307,348,1015,600,79,252,224
ENSG00000182247.12,371,247,143,711,850,110,422,375
ENSG00000182253.15,1247,1749,662,41579,17438,2149,9162,5832
ENSG00000182255.8,16,15,0,117,114,14,52,36
ENSG00000182256.13,1,0,1,1,3,0,0,0
ENSG00000182261.5,0,0,0,0,0,0,0,0
ENSG00000182263.15,153,193,73,412,467,29,354,175
ENSG00000182264.9,3,3,2,7,19,0,5,0
ENSG00000182271.14,0,0,0,0,0,0,0,0
ENSG00000182272.13,11,3,18,10,15,1,2,14
ENSG00000182287.16,1799,652,381,4980,3351,187,1506,642
ENSG00000182307.15,792,483,328,901,1076,100,489,428
ENSG00000182308.7,18,6,3,25,37,0,43,11
ENSG00000182310.16,116,63,65,42,103,5,72,32
ENSG00000182315.10,0,0,0,0,0,0,0,0
ENSG00000182318.8,84,53,27,82,70,9,44,44
ENSG00000182324.7,15,18,22,16,15,0,8,3
ENSG00000182325.12,206,74,146,57,115,13,58,72
ENSG00000182326.18,7662,3696,12505,5735,4226,412,2571,1205
ENSG00000182327.8,0,11,0,0,0,0,3,0
ENSG00000182329.14,0,3,0,1,2,0,0,0
ENSG00000182330.11,0,0,0,0,0,0,0,0
ENSG00000182333.15,0,0,1,0,0,0,1,0
ENSG00000182334.3,0,0,0,0,0,0,0,0
ENSG00000182346.22,0,0,0,0,0,0,0,0
ENSG00000182348.7,0,0,0,0,1,0,0,0
ENSG00000182359.16,52,112,38,145,273,12,164,83
ENSG00000182362.15,95,137,63,129,227,19,254,150
ENSG00000182372.11,285,195,175,711,647,4,18,9
ENSG00000182378.16,122,96,142,133,243,18,214,85
ENSG00000182379.10,42,5,2,168,32,19,2,18
ENSG00000182389.20,14,8,4,6,23,3,12,3
ENSG00000182393.3,0,0,0,0,1,0,0,0
ENSG00000182400.16,349,522,247,707,1002,56,725,306
ENSG00000182405.6,31,18,14,96,121,10,62,43
ENSG00000182415.11,0,0,0,0,0,0,0,0
ENSG00000182446.15,1244,736,826,3847,3363,467,1501,1382
ENSG00000182447.4,0,0,0,0,0,0,0,0
ENSG00000182450.15,0,0,0,2,0,0,1,0
ENSG00000182459.5,0,0,0,0,0,0,0,0
ENSG00000182463.17,264,350,245,274,240,21,142,44
ENSG00000182472.9,11,7,27,27,16,0,44,3
ENSG00000182473.23,1250,887,756,2857,2885,366,1374,1208
ENSG00000182477.5,0,0,0,0,0,0,0,0
ENSG00000182481.11,838,607,453,1129,609,52,308,407
ENSG00000182484.15,344,271,526,512,827,96,463,385
ENSG00000182489.9,2,0,0,0,2,0,0,0
ENSG00000182492.17,20535,3156,4578,7304,6937,1196,1243,2029
ENSG00000182504.12,129,82,39,257,294,23,222,69
ENSG00000182508.15,2,1,0,9,22,0,1,1
ENSG00000182511.13,578,402,434,300,520,23,145,180
ENSG00000182512.6,596,830,823,1593,2161,412,1555,1355
ENSG00000182518.15,212,234,103,260,411,37,211,140
ENSG00000182521.6,0,0,0,0,1,0,0,0
ENSG00000182533.7,117,232,74,653,730,67,222,391
ENSG00000182534.14,6302,3972,2892,14031,14772,1698,3686,6516
ENSG00000182541.19,371,301,242,435,433,24,184,194
ENSG00000182544.10,408,211,190,523,547,51,197,190
ENSG00000182545.7,12,6,10,6,21,1,8,5
ENSG00000182551.15,772,1440,631,5258,7278,1055,3850,3541
ENSG00000182552.15,416,385,186,775,918,77,571,255
ENSG00000182557.9,2,6,6,0,15,3,4,17
ENSG00000182566.15,0,9,86,54,15,0,0,3
ENSG00000182568.19,226,196,82,2046,2273,155,1563,776
ENSG00000182575.8,70,244,72,158,367,36,222,96
ENSG00000182578.15,136,150,191,795,1167,108,576,231
ENSG00000182580.4,38,53,56,48,99,9,26,45
ENSG00000182583.13,2,0,2,0,0,0,0,0
ENSG00000182585.10,0,1,0,0,11,0,2,0
ENSG00000182591.6,0,0,0,0,0,0,0,0
ENSG00000182600.10,9,5,11,5,10,0,6,2
ENSG00000182601.7,0,0,0,1,0,0,0,0
ENSG00000182606.18,776,923,440,9843,12244,1328,5335,4468
ENSG00000182612.12,0,2,0,1,5,1,12,4
ENSG00000182613.3,0,0,0,0,1,0,0,0
ENSG00000182621.19,188,488,59,285,353,9,175,44
ENSG00000182628.14,215,366,268,711,1219,69,549,228
ENSG00000182631.7,0,0,0,1,0,0,0,0
ENSG00000182634.9,0,0,0,0,0,0,2,0
ENSG00000182636.8,447,504,235,573,1148,141,659,706
ENSG00000182645.7,0,0,0,0,0,0,0,0
ENSG00000182652.4,0,0,0,0,0,0,0,0
ENSG00000182667.15,132,96,58,102,204,9,142,52
ENSG00000182670.14,1652,1133,900,2781,3275,139,2184,826
ENSG00000182674.6,0,0,0,1,1,0,0,0
ENSG00000182676.6,11,3,0,0,1,0,0,2
ENSG00000182685.8,53,16,88,10,106,0,43,36
ENSG00000182687.4,0,0,0,0,0,0,0,0
ENSG00000182698.13,0,0,0,0,0,0,0,0
ENSG00000182700.5,303,563,194,548,705,21,363,189
ENSG00000182704.9,666,932,859,273,434,92,553,266
ENSG00000182712.16,143,113,80,413,926,162,533,512
ENSG00000182718.19,15330,5771,4295,8242,5403,619,2625,2395
ENSG00000182732.18,18,103,59,908,983,112,518,368
ENSG00000182742.6,21,38,22,19,36,4,32,15
ENSG00000182747.5,1,2,0,0,0,0,0,0
ENSG00000182749.7,167,83,125,119,150,13,56,41
ENSG00000182752.10,542,51,57,184,161,6,99,56
ENSG00000182759.4,9,3,3,15,11,1,2,11
ENSG00000182768.10,2200,1298,763,4636,4740,739,2245,2351
ENSG00000182771.19,18,20,9,61,99,2,31,55
ENSG00000182774.14,10870,13550,7458,6305,9672,116,69,158
ENSG00000182782.8,4,8,14,14,23,0,37,7
ENSG00000182783.6,0,0,0,0,0,0,0,0
ENSG00000182791.5,1,0,1,7,0,2,8,3
ENSG00000182793.12,0,0,0,0,0,0,0,0
ENSG00000182795.14,4,113,34,47,29,5,31,6
ENSG00000182798.10,0,0,0,5,2,0,3,0
ENSG00000182809.12,3450,3852,2555,6100,15518,3193,9049,15154
ENSG00000182810.7,63,46,34,203,286,61,123,129
ENSG00000182816.9,0,0,0,0,0,0,0,0
ENSG00000182827.10,464,391,166,957,1049,113,579,253
ENSG00000182831.13,1231,1518,587,3434,3241,284,1737,948
ENSG00000182836.11,1210,225,340,3150,5473,360,3210,715
ENSG00000182853.12,2,12,19,7,14,3,3,3
ENSG00000182854.8,0,0,0,0,0,0,0,0
ENSG00000182858.15,293,132,173,368,507,64,289,242
ENSG00000182866.19,6,88,2,18,62,2,16,10
ENSG00000182870.14,3,0,0,0,9,0,4,1
ENSG00000182871.17,2654,1312,1576,398,573,152,280,695
ENSG00000182872.17,880,613,729,1014,1411,230,826,636
ENSG00000182885.18,19,45,340,30,17,0,5,6
ENSG00000182890.5,15,15,9,26,20,4,14,7
ENSG00000182896.13,0,1,0,0,0,0,0,0
ENSG00000182898.4,0,0,0,0,0,0,0,0
ENSG00000182899.18,5877,9849,5394,5732,8898,889,4815,5121
ENSG00000182901.18,0,0,0,0,1,0,3,0
ENSG00000182902.15,60,36,56,43,39,9,24,78
ENSG00000182903.16,232,373,168,478,653,18,388,187
ENSG00000182916.9,100,276,80,63,174,2,83,38
ENSG00000182919.16,158,303,141,824,998,44,602,291
ENSG00000182923.21,415,300,248,1153,1152,139,670,305
ENSG00000182931.11,1,0,0,1,0,0,1,0
ENSG00000182934.13,2323,761,711,3809,3047,460,1664,1340
ENSG00000182938.8,0,0,0,0,0,0,0,0
ENSG00000182944.19,2242,1508,1738,4150,4482,647,2370,1802
ENSG00000182950.3,0,10,1,0,12,0,1,3
ENSG00000182952.6,881,572,437,1277,1216,70,662,333
ENSG00000182957.17,330,762,223,712,913,51,429,224
ENSG00000182963.12,484,397,205,1287,900,59,395,326
ENSG00000182968.5,0,0,0,0,0,0,0,0
ENSG00000182973.21,231,209,176,333,467,46,238,171
ENSG00000182974.3,0,0,0,0,0,0,0,0
ENSG00000182979.19,729,450,455,1625,1995,398,1236,1284
ENSG00000182983.16,115,148,258,197,242,7,212,65
ENSG00000182985.20,176,282,47,1172,1753,109,824,525
ENSG00000182986.16,323,180,160,572,807,30,551,248
ENSG00000182993.6,28,8,5,69,92,7,47,30
ENSG00000183010.18,766,19,58,99,111,23,44,65
ENSG00000183011.15,535,966,335,448,1066,159,624,938
ENSG00000183018.10,796,232,672,278,351,45,141,160
ENSG00000183019.10,35,5,202,26,0,0,0,2
ENSG00000183020.16,819,337,635,374,403,53,96,633
ENSG00000183023.20,538,383,187,20341,12196,1109,7423,2800
ENSG00000183024.4,0,0,0,0,0,0,0,0
ENSG00000183032.12,8,19,1,14,23,1,10,3
ENSG00000183034.14,0,0,0,0,0,0,0,0
ENSG00000183035.13,0,0,0,0,0,0,0,0
ENSG00000183036.11,5,10,11,64,65,12,24,5
ENSG00000183044.13,33,193,43,399,758,108,328,294
ENSG00000183048.13,18,87,54,39,256,32,133,161
ENSG00000183049.14,159,96,129,262,289,19,98,48
ENSG00000183054.14,611,512,214,703,497,64,848,119
ENSG00000183060.17,176,133,141,230,410,33,317,146
ENSG00000183066.16,1,5,1,3,3,0,6,0
ENSG00000183067.6,30,15,8,130,179,35,46,55
ENSG00000183072.10,392,382,128,1476,3194,1030,1982,3310
ENSG00000183077.17,213,299,128,271,816,20,270,246
ENSG00000183087.16,1665,1819,1890,5365,5973,948,2645,4015
ENSG00000183090.5,0,1,0,0,3,2,0,0
ENSG00000183091.21,9,8,0,545,144,42,36,18
ENSG00000183092.19,30,10,9,10,15,2,11,24
ENSG00000183098.12,49,55,12,52,251,6,85,26
ENSG00000183111.13,211,193,191,1423,1256,87,479,322
ENSG00000183114.8,446,49,30,231,87,22,41,36
ENSG00000183117.20,0,1,2,4,0,0,2,4
ENSG00000183128.7,1,0,0,0,0,0,0,0
ENSG00000183134.5,35,151,53,79,130,23,132,339
ENSG00000183137.17,171,225,104,255,341,12,264,86
ENSG00000183145.9,0,0,0,0,3,1,1,0
ENSG00000183150.9,1,0,14,2,7,0,2,0
ENSG00000183153.7,93,102,44,196,210,30,75,51
ENSG00000183155.6,170,147,81,350,230,14,145,105
ENSG00000183160.10,371,101,20,68,172,21,80,41
ENSG00000183161.6,133,66,80,197,219,21,97,57
ENSG00000183166.12,0,0,0,2,2,0,0,0
ENSG00000183172.10,628,1186,381,848,1737,127,953,788
ENSG00000183185.10,1,0,0,1,0,0,0,0
ENSG00000183186.9,39,29,72,8,37,1,16,32
ENSG00000183196.11,137,14,17,91,34,4,10,9
ENSG00000183206.18,0,0,0,0,0,0,0,0
ENSG00000183207.16,962,597,362,675,1342,302,530,687
ENSG00000183208.14,43,47,43,80,188,34,71,70
ENSG00000183214.12,153,6,201,205,106,0,0,0
ENSG00000183230.18,109,75,47,3845,2783,256,1947,284
ENSG00000183246.8,0,0,0,3,0,0,0,0
ENSG00000183248.12,0,2,0,0,2,0,3,6
ENSG00000183251.4,0,0,0,0,0,0,1,0
ENSG00000183255.13,4036,2685,1821,8559,5359,731,2424,1957
ENSG00000183258.13,738,412,650,597,740,100,385,406
ENSG00000183260.7,0,2,0,0,0,10,22,54
ENSG00000183269.6,0,0,0,0,0,0,0,0
ENSG00000183273.8,1,1,0,1,1,0,4,0
ENSG00000183281.16,170,202,75,86,157,3,56,93
ENSG00000183283.17,2156,2713,1878,7370,6496,604,3060,2226
ENSG00000183287.16,12,93,43,24,98,8,103,16
ENSG00000183291.18,1941,1409,606,1438,1876,119,940,447
ENSG00000183303.3,0,0,0,0,0,0,0,0
ENSG00000183304.10,0,0,0,0,0,0,0,0
ENSG00000183305.15,0,0,0,0,0,0,0,0
ENSG00000183307.4,21,14,7,59,154,20,35,48
ENSG00000183309.13,171,120,128,176,324,0,209,117
ENSG00000183310.3,0,0,0,0,0,0,0,0
ENSG00000183311.16,0,1113,0,97,0,44,0,1973
ENSG00000183313.4,0,0,0,0,0,0,0,0
ENSG00000183317.18,2,3,1,3,1,0,1,1
ENSG00000183318.12,0,0,0,0,2,0,1,0
ENSG00000183323.14,72,72,78,99,133,14,129,42
ENSG00000183324.11,2,4,0,10,8,0,12,2
ENSG00000183336.10,168,107,0,0,106,36,244,275
ENSG00000183337.19,351,167,89,1266,798,122,540,302
ENSG00000183340.8,181,93,54,264,311,19,208,62
ENSG00000183346.10,3,3,0,2,6,0,1,2
ENSG00000183347.16,2,9,0,4,4,1,4,2
ENSG00000183354.12,208,316,156,1390,794,63,606,293
ENSG00000183378.13,0,0,0,0,0,0,2,1
ENSG00000183379.10,3,1,4,9,2,0,3,0
ENSG00000183386.12,1368,227,378,537,261,38,98,134
ENSG00000183389.5,0,0,0,3,1,0,0,0
ENSG00000183395.5,0,0,0,0,0,0,0,0
ENSG00000183396.4,0,0,0,0,0,0,0,0
ENSG00000183397.6,3,1,8,0,8,0,13,5
ENSG00000183401.13,106,187,177,145,375,31,159,94
ENSG00000183421.12,3,14,14,0,19,0,7,5
ENSG00000183423.13,5,6,2,2,2,0,6,0
ENSG00000183426.18,576,382,1456,477,309,8,226,53
ENSG00000183431.13,1233,611,707,1177,1175,141,554,485
ENSG00000183434.10,0,0,0,0,0,0,0,0
ENSG00000183439.11,49,29,14,103,99,4,57,45
ENSG00000183454.19,18,24,2,67,413,39,613,13
ENSG00000183463.7,0,0,0,0,0,0,0,0
ENSG00000183474.17,152,62,48,101,159,8,104,114
ENSG00000183475.14,142,103,67,280,286,16,190,83
ENSG00000183476.13,0,0,0,0,0,0,0,0
ENSG00000183479.14,5,0,14,0,5,0,0,5
ENSG00000183484.13,16,42,40,18,43,2,22,9
ENSG00000183486.15,185,335,507,456,461,18,294,116
ENSG00000183495.16,693,354,346,1188,957,96,757,285
ENSG00000183496.6,40,31,11,79,150,7,80,54
ENSG00000183508.6,95,179,532,124,588,45,320,97
ENSG00000183513.10,228,394,270,425,1058,60,597,385
ENSG00000183520.13,518,380,179,941,842,90,622,312
ENSG00000183527.13,227,127,129,343,288,52,205,138
ENSG00000183530.15,355,203,154,656,624,38,466,279
ENSG00000183542.7,4,23,2,7,24,0,21,0
ENSG00000183549.11,5,82,11,14,33,7,40,6
ENSG00000183559.12,0,0,0,0,0,0,0,0
ENSG00000183560.10,0,0,1,0,3,0,0,0
ENSG00000183569.19,22,73,21,36,95,13,93,64
ENSG00000183570.18,14,12,40,48,24,13,14,5
ENSG00000183571.12,13,4,3,19,18,4,11,18
ENSG00000183576.14,1169,839,377,4195,3122,432,1918,1293
ENSG00000183578.8,113,27,78,235,104,14,58,25
ENSG00000183579.17,69,54,36,267,296,45,208,108
ENSG00000183580.10,390,552,318,1306,1266,161,499,510
ENSG00000183597.17,567,618,493,1367,2985,246,820,2249
ENSG00000183598.4,1,0,0,0,0,0,0,0
ENSG00000183605.18,398,349,205,1002,1054,83,414,429
ENSG00000183607.11,0,8,0,0,0,0,1,0
ENSG00000183615.7,101,86,95,115,50,14,25,26
ENSG00000183617.6,582,784,205,659,903,139,373,648
ENSG00000183621.16,196,184,226,588,507,40,321,184
ENSG00000183624.15,403,548,286,1330,1462,147,736,612
ENSG00000183625.17,0,2,0,0,1,0,0,0
ENSG00000183628.15,7,134,27,107,697,23,111,91
ENSG00000183629.14,0,0,0,0,0,0,0,0
ENSG00000183631.5,2,0,0,5,3,2,0,2
ENSG00000183632.15,0,0,0,0,0,0,0,0
ENSG00000183638.6,0,0,0,0,14,0,0,0
ENSG00000183640.6,0,0,0,0,0,0,0,0
ENSG00000183644.15,1,11,0,0,0,0,0,0
ENSG00000183647.12,20,51,30,126,137,5,83,47
ENSG00000183648.12,1604,2633,907,3146,5654,325,2581,2753
ENSG00000183654.9,7,25,5,68,75,4,60,38
ENSG00000183655.14,180,32,61,194,176,18,108,114
ENSG00000183662.12,0,0,0,2,4,0,2,4
ENSG00000183665.5,123,81,68,242,297,30,158,107
ENSG00000183668.18,0,0,0,0,0,0,0,0
ENSG00000183671.13,4,28,8,33,44,0,19,17
ENSG00000183682.9,745,17,2,114,38,3,26,23
ENSG00000183684.9,628,308,251,493,609,123,314,428
ENSG00000183688.4,624,513,246,626,929,0,251,112
ENSG00000183690.14,22,8,24,442,369,33,285,77
ENSG00000183691.6,4,1,0,1,3,0,2,2
ENSG00000183695.3,0,0,0,3,0,0,2,0
ENSG00000183696.15,888,215,486,216,261,22,86,117
ENSG00000183706.6,0,2,0,0,0,0,0,0
ENSG00000183709.8,0,0,0,0,0,0,0,0
ENSG00000183715.15,2,5,1,49,20,3,3,9
ENSG00000183718.7,305,266,285,317,557,29,424,257
ENSG00000183722.10,1819,3285,1258,3620,4052,281,1857,1388
ENSG00000183723.13,194,101,89,912,464,32,296,152
ENSG00000183726.12,1477,2100,1057,1886,2362,198,1135,725
ENSG00000183733.6,0,4,0,0,0,0,4,0
ENSG00000183734.5,6,2,5,5,2,0,1,0
ENSG00000183735.12,321,419,157,564,634,38,394,187
ENSG00000183741.13,1257,301,735,1359,1642,281,646,544
ENSG00000183742.14,2,11,6,3,7,0,1,1
ENSG00000183747.13,2,107,9,0,0,0,0,0
ENSG00000183751.17,267,181,160,247,606,118,363,422
ENSG00000183753.10,0,0,0,0,0,0,0,0
ENSG00000183760.12,0,0,0,0,0,0,0,0
ENSG00000183762.14,396,251,274,1895,2657,282,937,934
ENSG00000183763.10,14,24,26,23,33,4,20,4
ENSG00000183765.25,121,87,118,86,172,2,52,48
ENSG00000183770.7,1,0,2,0,0,0,0,0
ENSG00000183773.17,11,6,21,4,19,3,5,5
ENSG00000183775.11,0,2,0,2,14,0,15,4
ENSG00000183778.20,0,1,0,11,4,1,7,2
ENSG00000183779.7,251,399,503,990,462,143,420,498
ENSG00000183780.13,0,0,2,0,3,0,0,0
ENSG00000183783.8,8,8,2,2,7,0,8,1
ENSG00000183785.17,131,185,52,2204,4187,1222,1734,2593
ENSG00000183793.14,182,26,94,148,127,31,225,39
ENSG00000183798.5,125,620,46,73,477,83,446,363
ENSG00000183801.9,180,480,215,217,566,62,280,127
ENSG00000183807.9,89,229,193,106,106,13,60,93
ENSG00000183808.13,279,240,79,640,825,34,777,227
ENSG00000183813.8,3,9,2,5,8,0,3,1
ENSG00000183814.17,81,50,14,652,834,38,541,179
ENSG00000183826.20,147,103,84,1248,615,99,343,330
ENSG00000183828.16,88,340,76,124,245,39,168,301
ENSG00000183831.8,3,9,0,5,3,0,0,0
ENSG00000183833.17,33,42,53,26,26,3,29,11
ENSG00000183837.10,3,27,5,27,117,2,46,59
ENSG00000183840.8,2,9,0,0,0,0,1,1
ENSG00000183844.18,2,3,2,3,2,0,0,2
ENSG00000183850.14,0,2,0,1,6,0,0,0
ENSG00000183853.19,727,260,482,741,758,72,425,178
ENSG00000183856.12,3,5,76,23,73,0,2,8
ENSG00000183862.6,0,0,0,0,0,0,0,0
ENSG00000183864.7,1589,1106,497,3276,2753,246,2220,2068
ENSG00000183873.21,653,506,119,8791,6909,1813,3837,2862
ENSG00000183876.9,50,10,16,15,20,4,20,10
ENSG00000183878.17,0,164,127,512,422,25,309,95
ENSG00000183888.4,9,4,6,9,3,1,0,6
ENSG00000183889.15,989,202,658,502,997,93,589,329
ENSG00000183891.7,34,23,50,56,153,3,142,33
ENSG00000183908.7,3,50,0,48,101,9,5,3
ENSG00000183914.15,2,12,1,5,5,0,4,0
ENSG00000183918.18,1,37,1,4,13,0,15,3
ENSG00000183921.8,3,0,0,0,2,0,0,0
ENSG00000183943.7,308,245,178,453,321,24,160,151
ENSG00000183955.14,602,315,261,1107,1027,75,585,365
ENSG00000183960.10,2,7,4,1,13,0,1,4
ENSG00000183963.20,1427,1804,817,1805,5506,1012,2947,3111
ENSG00000183971.10,1,0,0,0,0,0,1,2
ENSG00000183977.14,0,0,0,0,0,0,0,0
ENSG00000183978.8,549,884,335,675,1305,144,546,795
ENSG00000183979.8,2,4,2,0,4,0,6,16
ENSG00000184005.12,176,383,52,144,376,17,162,108
ENSG00000184007.22,3634,1989,2115,9523,7185,404,2838,2009
ENSG00000184009.14,19408,21419,11290,10001,11980,1897,5594,5334
ENSG00000184012.15,0,55,0,2,0,0,0,0
ENSG00000184014.10,1298,814,621,7555,4830,494,2199,1826
ENSG00000184022.4,0,0,0,0,0,0,0,0
ENSG00000184032.3,0,0,0,0,0,0,0,0
ENSG00000184033.14,0,0,0,0,0,0,0,0
ENSG00000184047.22,484,479,285,712,894,71,314,428
ENSG00000184056.16,180,106,145,222,181,25,90,50
ENSG00000184058.16,8,9,26,4,15,3,18,13
ENSG00000184060.13,137,60,145,159,249,23,97,28
ENSG00000184076.14,1881,2493,775,2646,7107,979,3619,6019
ENSG00000184083.12,104,106,67,181,263,30,147,73
ENSG00000184108.8,0,0,0,1,0,0,0,0
ENSG00000184110.16,2775,1065,1428,6694,7544,2151,4881,3090
ENSG00000184113.10,385,3418,708,233,691,146,479,1130
ENSG00000184117.13,73,246,101,266,852,107,341,369
ENSG00000184140.6,0,0,0,0,0,0,0,0
ENSG00000184144.13,3,7,3,7,17,3,11,11
ENSG00000184148.4,0,0,0,0,0,0,0,0
ENSG00000184154.17,86,86,73,77,135,11,54,38
ENSG00000184155.8,0,0,0,0,0,0,0,0
ENSG00000184156.18,35,14,13,43,43,1,13,5
ENSG00000184160.8,98,110,166,83,80,33,59,72
ENSG00000184162.16,336,163,191,218,183,19,55,84
ENSG00000184163.3,9,11,14,1,6,0,2,0
ENSG00000184164.16,1164,194,216,379,500,101,245,355
ENSG00000184166.3,4,0,0,1,2,0,0,0
ENSG00000184178.18,283,58,95,383,295,53,175,120
ENSG00000184182.20,792,415,392,1644,1560,176,929,686
ENSG00000184185.11,333,44,65,1259,515,96,255,252
ENSG00000184194.7,199,35,88,65,84,4,58,15
ENSG00000184203.9,393,752,232,1366,1469,104,770,361
ENSG00000184205.15,1192,868,843,2342,1116,247,911,596
ENSG00000184206.13,246,201,341,385,369,4,277,85
ENSG00000184207.9,364,477,248,537,1095,394,638,1123
ENSG00000184209.16,354,273,320,834,829,142,427,293
ENSG00000184210.6,0,0,0,0,0,0,2,0
ENSG00000184216.16,1679,191,452,905,981,240,352,352
ENSG00000184220.12,461,176,125,580,586,92,254,200
ENSG00000184221.13,3,2,0,4,3,2,1,1
ENSG00000184226.15,239,203,63,1046,612,28,380,181
ENSG00000184227.8,78,22,23,572,423,52,240,397
ENSG00000184232.10,3899,1413,1016,712,1276,194,762,400
ENSG00000184254.19,1216,94,106,330,148,12,59,42
ENSG00000184260.6,9,12,9,1,11,3,2,6
ENSG00000184261.5,0,3,0,2,2,22,0,7
ENSG00000184270.6,0,0,0,0,0,0,0,0
ENSG00000184271.18,238,243,304,280,263,26,162,139
ENSG00000184276.3,0,0,0,0,0,0,0,0
ENSG00000184277.14,545,672,318,1117,1037,87,573,568
ENSG00000184281.16,540,453,367,272,567,83,226,457
ENSG00000184292.7,15,73,7,7,2,1,4,1
ENSG00000184302.7,2,0,0,0,0,0,0,0
ENSG00000184304.17,184,210,61,92,216,17,88,54
ENSG00000184305.16,21,16,3,156,179,5,149,46
ENSG00000184307.18,52,33,16,135,54,0,44,24
ENSG00000184313.21,31,50,71,248,478,5,314,188
ENSG00000184330.12,0,0,0,0,0,0,0,0
ENSG00000184343.12,223,284,178,465,1058,160,480,448
ENSG00000184344.4,3,5,0,9,4,0,0,1
ENSG00000184345.5,0,0,0,0,0,0,0,0
ENSG00000184347.16,355,405,360,1061,1347,118,784,389
ENSG00000184349.14,271,95,54,904,668,59,279,297
ENSG00000184350.11,0,6,6,5,27,6,4,7
ENSG00000184351.8,0,0,0,0,0,0,0,0
ENSG00000184357.5,0,0,0,0,0,0,0,0
ENSG00000184361.13,0,1,0,1,0,0,0,0
ENSG00000184363.11,15,21,12,6,19,3,4,12
ENSG00000184368.17,4,1,0,17,31,2,22,5
ENSG00000184371.15,1347,851,1512,1051,1081,116,549,376
ENSG00000184374.4,11,6,6,117,24,2,3,31
ENSG00000184378.4,18,11,11,31,20,2,22,16
ENSG00000184381.21,88,165,246,141,359,25,227,132
ENSG00000184384.15,180,341,174,304,376,28,216,30
ENSG00000184388.6,0,0,0,0,0,0,0,0
ENSG00000184389.9,0,0,0,0,1,0,0,0
ENSG00000184394.3,0,0,0,0,0,0,0,0
ENSG00000184402.15,303,295,203,363,481,12,364,142
ENSG00000184408.10,6,0,2,8,9,0,2,0
ENSG00000184428.14,208,110,171,187,111,6,50,78
ENSG00000184432.12,2037,915,536,3703,2642,308,1840,971
ENSG00000184434.9,0,0,2,0,0,0,0,0
ENSG00000184436.13,154,249,184,125,367,63,154,206
ENSG00000184445.12,71,70,91,82,151,1,92,21
ENSG00000184451.5,7,9,7,11,26,6,16,20
ENSG00000184454.8,1,4,0,6,53,0,1,11
ENSG00000184459.10,0,0,0,0,0,0,0,0
ENSG00000184465.18,147,70,133,146,182,3,156,35
ENSG00000184470.21,245,403,262,542,928,204,336,622
ENSG00000184471.11,0,0,2,0,0,0,4,0
ENSG00000184478.8,0,0,0,0,0,0,0,0
ENSG00000184481.18,158,274,287,1130,1572,193,654,504
ENSG00000184486.10,0,0,1,0,0,1,0,0
ENSG00000184489.14,1276,2200,1734,9516,12710,1101,4998,7591
ENSG00000184492.7,0,3,3,1,1,0,0,0
ENSG00000184497.14,129,94,297,132,178,7,94,42
ENSG00000184500.17,1254,1250,773,5633,2468,187,1068,907
ENSG00000184502.4,0,0,0,0,0,0,0,0
ENSG00000184507.17,0,0,0,0,0,0,0,0
ENSG00000184508.12,152,152,97,155,350,89,175,213
ENSG00000184515.12,8,5,4,12,37,3,20,7
ENSG00000184517.13,156,173,52,208,243,13,118,47
ENSG00000184524.7,11,3,6,7,17,1,2,13
ENSG00000184530.9,0,1,0,0,0,0,0,0
ENSG00000184544.12,94,996,64,476,1689,81,620,720
ENSG00000184545.12,190,360,127,2,1,38,331,254
ENSG00000184557.5,3191,2179,750,1114,427,95,205,120
ENSG00000184560.8,0,0,1,0,0,0,0,0
ENSG00000184564.11,3,23,2,9,122,0,27,5
ENSG00000184571.14,0,0,0,1,0,0,0,0
ENSG00000184574.11,11,28,10,186,259,36,168,166
ENSG00000184575.13,1757,675,457,1224,1243,93,727,324
ENSG00000184584.15,936,1055,1396,2606,1777,126,686,605
ENSG00000184588.18,161,371,47,666,1147,48,528,141
ENSG00000184599.14,2,1,0,0,0,0,0,0
ENSG00000184601.12,530,759,796,1147,4258,135,1643,1204
ENSG00000184602.7,375,626,167,2687,1208,181,585,612
ENSG00000184611.14,0,0,0,0,0,0,3,0
ENSG00000184613.12,1,6,0,8,8,0,8,4
ENSG00000184616.12,0,0,0,0,0,2,8,20
ENSG00000184617.11,0,0,0,0,3,0,0,1
ENSG00000184619.9,169,286,138,914,1682,112,957,504
ENSG00000184634.18,320,286,253,1111,936,117,571,112
ENSG00000184635.17,23,24,22,93,66,2,34,18
ENSG00000184640.21,1813,1257,756,2334,3298,791,1504,1859
ENSG00000184647.11,0,0,0,0,0,0,0,0
ENSG00000184650.11,0,0,0,0,0,0,0,0
ENSG00000184659.6,0,0,0,0,0,0,0,0
ENSG00000184661.15,83,16,62,359,332,14,77,104
ENSG00000184672.12,4,6,2,14,41,1,44,28
ENSG00000184675.11,61,44,35,690,306,14,154,65
ENSG00000184677.19,421,192,252,1306,1023,85,634,435
ENSG00000184678.11,532,369,207,3149,3038,612,1919,1774
ENSG00000184697.8,0,1,0,2,0,0,1,0
ENSG00000184698.5,0,0,0,1,2,0,0,0
ENSG00000184702.21,298,454,358,3198,4164,360,1683,2138
ENSG00000184708.19,326,274,223,898,979,82,610,473
ENSG00000184709.7,0,0,0,0,0,0,0,0
ENSG00000184716.14,3,1,5,4,5,0,50,0
ENSG00000184719.13,48,55,22,272,430,26,336,183
ENSG00000184724.5,0,0,1,0,0,0,0,0
ENSG00000184730.13,34,59,324,99,70,15,30,3
ENSG00000184731.6,11,38,0,104,118,15,37,68
ENSG00000184735.7,0,0,0,0,0,0,0,0
ENSG00000184743.14,1068,1049,695,1095,1177,54,488,236
ENSG00000184752.15,2095,1562,820,2976,4650,562,2464,2833
ENSG00000184785.6,157,212,180,286,365,27,127,81
ENSG00000184786.7,3,0,2,0,4,1,0,1
ENSG00000184787.20,1927,671,1035,2870,2684,337,1703,984
ENSG00000184788.15,0,0,0,0,0,0,10,0
ENSG00000184792.17,20,105,201,356,696,87,327,315
ENSG00000184811.4,11,0,0,3,158,0,501,7
ENSG00000184814.5,0,0,0,0,0,0,0,0
ENSG00000184828.11,54,41,25,171,79,9,47,45
ENSG00000184831.15,219,236,75,987,1611,135,751,608
ENSG00000184838.15,196,27,109,182,247,25,164,81
ENSG00000184840.13,3896,1196,904,1937,1825,263,812,1107
ENSG00000184845.5,0,1,0,1,0,0,4,0
ENSG00000184857.9,135,89,103,355,399,41,156,164
ENSG00000184860.11,16,16,13,37,68,1,83,15
ENSG00000184863.11,762,364,579,1249,1141,89,720,460
ENSG00000184867.15,505,356,226,859,973,86,482,406
ENSG00000184887.15,901,800,506,1204,1400,213,612,751
ENSG00000184895.8,0,0,0,0,0,0,0,0
ENSG00000184897.7,238,732,489,309,937,556,599,879
ENSG00000184898.7,47,99,52,88,268,13,59,26
ENSG00000184900.17,924,849,751,2466,2256,247,1048,807
ENSG00000184903.10,119,117,87,181,320,21,162,106
ENSG00000184905.10,3,7,8,14,38,5,0,0
ENSG00000184908.21,3,67,17,68,84,11,34,59
ENSG00000184911.15,0,4,0,0,2,0,5,0
ENSG00000184916.10,487,494,311,400,833,114,498,776
ENSG00000184922.16,253,250,485,239,374,48,214,113
ENSG00000184923.12,3,24,3,25,81,19,33,61
ENSG00000184924.7,103,217,77,202,390,70,218,346
ENSG00000184925.13,13,21,27,4,28,2,11,4
ENSG00000184933.6,0,0,0,0,0,0,0,0
ENSG00000184937.17,153,281,21,79,180,11,97,94
ENSG00000184939.16,224,392,240,341,487,33,310,147
ENSG00000184945.15,0,0,0,0,0,0,0,0
ENSG00000184949.18,39,18,12,45,31,1,26,27
ENSG00000184954.4,0,0,0,0,0,0,0,0
ENSG00000184956.16,0,1,0,0,0,3,0,0
ENSG00000184967.8,106,85,102,102,221,65,155,166
ENSG00000184979.13,71,150,38,91,197,5,92,31
ENSG00000184983.12,1184,978,162,1242,2745,158,965,426
ENSG00000184984.10,1,4,0,0,1,0,0,0
ENSG00000184985.17,46,22,13,99,131,25,85,71
ENSG00000184986.13,15,12,4,2,24,6,15,23
ENSG00000184988.9,95,58,41,106,95,5,51,11
ENSG00000184990.14,360,671,236,212,786,97,341,544
ENSG00000184992.13,139,79,48,224,295,35,155,83
ENSG00000184995.7,0,0,0,0,0,0,0,0
ENSG00000184999.14,0,25,1,1,0,0,0,0
ENSG00000185000.13,646,668,530,756,1065,174,610,779
ENSG00000185002.10,0,0,0,0,0,0,0,0
ENSG00000185008.19,1,14,0,7,27,1,12,8
ENSG00000185009.14,554,379,230,1443,1363,127,907,416
ENSG00000185010.15,1831,2966,262,1849,2927,442,1403,642
ENSG00000185013.17,0,0,0,1,0,2,2,8
ENSG00000185015.8,71,23,13,274,86,5,48,15
ENSG00000185019.18,96,90,155,169,234,32,109,98
ENSG00000185022.14,609,1502,356,711,156,25,78,236
ENSG00000185024.19,240,212,229,245,571,81,262,345
ENSG00000185028.4,10,444,25,240,4032,356,1209,1328
ENSG00000185033.16,518,118,342,2335,822,114,529,704
ENSG00000185038.15,0,1,0,0,0,0,0,0
ENSG00000185040.14,0,0,2,0,0,5,0,0
ENSG00000185043.14,819,744,477,1264,1801,249,901,1165
ENSG00000185046.21,33,27,11,7,56,1,31,22
ENSG00000185049.17,238,221,176,152,388,68,208,225
ENSG00000185052.14,16,17,22,39,107,7,133,27
ENSG00000185053.14,0,0,0,0,0,0,2,0
ENSG00000185055.12,0,0,0,0,0,0,4,5
ENSG00000185056.10,1,0,1,8,9,0,1,1
ENSG00000185069.2,0,0,0,0,0,0,0,0
ENSG00000185070.13,104,224,86,81,329,16,162,48
ENSG00000185085.2,196,108,88,397,321,45,204,177
ENSG00000185088.15,1227,1210,644,1531,1748,128,1050,770
ENSG00000185090.16,23,22,17,23,64,4,33,12
ENSG00000185100.13,251,669,168,2777,5675,798,2737,3477
ENSG00000185101.14,0,11,13,0,7,0,9,3
ENSG00000185104.22,609,533,271,2002,2147,338,1123,868
ENSG00000185105.6,0,27,3,17,210,32,57,49
ENSG00000185112.6,189,447,181,199,653,116,302,652
ENSG00000185115.6,1,7,4,18,7,0,11,1
ENSG00000185122.12,1136,2347,731,1999,4047,646,1894,2720
ENSG00000185127.7,330,213,149,616,624,67,472,217
ENSG00000185129.8,405,399,152,1330,1373,102,871,191
ENSG00000185130.6,1,0,0,0,0,0,0,0
ENSG00000185133.15,36,71,26,767,1089,160,430,386
ENSG00000185149.6,0,0,0,2,1,0,1,1
ENSG00000185155.12,1,2,0,4,1,1,0,0
ENSG00000185156.6,1,4,0,1,4,0,1,4
ENSG00000185158.14,111,136,100,123,150,6,86,45
ENSG00000185163.11,301,149,284,313,407,60,209,168
ENSG00000185164.17,1699,566,333,8276,5215,419,4924,2388
ENSG00000185176.13,0,0,0,0,0,0,0,0
ENSG00000185177.14,0,0,0,0,0,0,0,0
ENSG00000185187.15,403,533,426,144,557,87,199,410
ENSG00000185189.19,402,345,643,510,1105,60,731,272
ENSG00000185198.12,1,3,4,0,2,0,0,0
ENSG00000185201.18,9473,4473,7978,3725,2311,596,1120,1853
ENSG00000185215.12,778,678,1932,1251,1554,88,971,416
ENSG00000185219.19,310,254,265,937,968,55,592,257
ENSG00000185220.13,44,123,53,149,116,7,56,53
ENSG00000185222.11,887,626,367,1243,843,92,421,212
ENSG00000185231.6,2,0,1,5,4,0,0,0
ENSG00000185236.13,864,604,843,1562,2873,704,1495,2433
ENSG00000185238.14,158,97,33,417,501,34,351,132
ENSG00000185245.9,4,3,0,16,8,3,10,3
ENSG00000185246.19,391,412,252,444,583,23,507,141
ENSG00000185247.15,0,0,0,0,0,0,0,0
ENSG00000185250.17,50,30,15,66,65,2,32,19
ENSG00000185252.20,136,63,55,140,183,17,73,103
ENSG00000185261.16,16,8,4,36,59,1,16,15
ENSG00000185262.10,682,723,905,379,529,72,204,472
ENSG00000185264.12,0,0,0,0,0,0,0,0
ENSG00000185267.11,3,18,35,45,85,7,87,22
ENSG00000185269.13,4,6,1,3,18,0,6,13
ENSG00000185271.9,20,68,18,24,119,4,52,31
ENSG00000185272.15,17,14,12,9,5,0,1,1
ENSG00000185274.13,199,113,76,1734,1595,760,661,1139
ENSG00000185278.17,146,127,100,606,495,14,569,149
ENSG00000185290.4,0,6,0,0,0,0,0,0
ENSG00000185291.13,296,187,149,532,261,24,100,118
ENSG00000185294.7,0,0,0,0,0,0,0,0
ENSG00000185298.13,347,153,237,203,264,35,166,93
ENSG00000185303.18,5,577,8,0,2,1,134,1
ENSG00000185304.17,76,10,128,65,110,0,153,22
ENSG00000185305.12,285,416,94,527,742,30,346,168
ENSG00000185306.14,0,0,1,0,0,0,0,1
ENSG00000185313.9,4,1,0,9,6,4,4,1
ENSG00000185324.23,788,377,658,283,523,14,184,193
ENSG00000185338.8,60,29,53,95,14,6,11,31
ENSG00000185339.11,517,597,273,419,808,114,212,213
ENSG00000185340.17,388,261,235,449,595,126,343,621
ENSG00000185344.16,453,181,231,558,491,35,288,112
ENSG00000185345.25,46,79,61,828,805,123,547,303
ENSG00000185347.20,36,36,80,7,63,7,41,45
ENSG00000185352.10,0,1,6,93,36,10,17,19
ENSG00000185359.15,1260,534,938,901,1163,210,604,775
ENSG00000185361.10,209,378,205,285,494,43,155,169
ENSG00000185372.4,0,0,0,0,0,0,0,0
ENSG00000185379.22,148,140,113,175,230,17,77,105
ENSG00000185385.5,3,0,0,0,1,0,0,0
ENSG00000185386.16,671,217,789,284,342,13,172,143
ENSG00000185404.18,244,218,189,191,213,15,147,49
ENSG00000185414.21,338,414,264,1169,1996,144,899,533
ENSG00000185418.17,513,332,160,1796,1542,213,832,463
ENSG00000185420.19,101,132,46,126,209,23,119,83
ENSG00000185432.13,828,1115,1650,916,1354,121,532,352
ENSG00000185436.13,22,14,2,152,98,7,61,42
ENSG00000185437.17,3361,275,80,3488,3021,457,1676,1100
ENSG00000185442.14,403,233,101,309,284,41,118,103
ENSG00000185448.12,0,0,0,0,0,0,0,0
ENSG00000185453.14,134,144,95,285,423,57,144,176
ENSG00000185467.9,0,0,0,0,0,0,0,0
ENSG00000185475.12,539,521,313,352,498,36,218,175
ENSG00000185477.7,171,340,94,922,836,44,461,254
ENSG00000185479.6,0,1,0,0,0,0,0,0
ENSG00000185480.13,15,9,16,12,25,2,4,4
ENSG00000185482.9,25,23,56,25,27,2,3,5
ENSG00000185483.13,100,28,4,1206,304,51,173,171
ENSG00000185499.17,43,168,178,57,25,3,9,0
ENSG00000185504.18,377,186,286,214,509,67,261,276
ENSG00000185507.22,156,111,267,97,79,6,0,9
ENSG00000185513.18,73,66,103,128,221,3,98,64
ENSG00000185515.16,134,159,88,464,626,59,333,150
ENSG00000185518.13,45,152,12,740,229,40,105,180
ENSG00000185519.10,27,31,15,51,90,20,37,54
ENSG00000185522.10,2,0,2,1,3,3,0,2
ENSG00000185523.6,0,1,0,1,0,0,0,0
ENSG00000185527.13,0,2,8,1,10,0,0,0
ENSG00000185532.20,241,548,174,1254,1050,116,665,343
ENSG00000185551.16,896,617,589,818,1441,96,799,401
ENSG00000185559.17,1330,2664,143,240,1009,85,555,1123
ENSG00000185561.10,96,56,134,530,110,0,120,0
ENSG00000185565.14,14,239,34,371,579,48,433,554
ENSG00000185567.7,98,53,159,225,145,16,29,14
ENSG00000185585.21,212,483,206,1703,2009,183,625,571
ENSG00000185591.11,887,879,674,1823,1904,133,1242,429
ENSG00000185608.10,630,725,255,931,1477,192,655,683
ENSG00000185610.6,3,4,4,0,5,0,8,0
ENSG00000185614.8,35,45,21,22,86,6,47,34
ENSG00000185615.17,5,8,8,22,29,0,13,2
ENSG00000185619.20,542,499,531,792,1184,71,993,573
ENSG00000185621.12,55,48,56,330,471,36,370,143
ENSG00000185624.17,13294,3342,3522,10071,9932,1840,5354,5694
ENSG00000185627.20,1794,1461,977,2134,3179,415,1199,1088
ENSG00000185630.20,443,661,575,1928,2343,278,1139,528
ENSG00000185633.12,1739,2431,1435,811,1828,438,693,1196
ENSG00000185634.12,8,18,27,52,82,8,76,22
ENSG00000185640.6,2,0,0,1,0,0,0,0
ENSG00000185650.11,4234,5836,2033,2553,4209,293,2556,1279
ENSG00000185651.17,1806,946,802,3016,2651,344,1415,1161
ENSG00000185652.12,10,102,10,28,50,1,39,22
ENSG00000185658.15,519,723,289,1874,1954,105,1747,504
ENSG00000185662.11,0,0,0,0,0,0,0,0
ENSG00000185664.16,3,4,0,12,12,2,7,2
ENSG00000185666.16,12,10,20,6,31,3,6,14
ENSG00000185668.8,2,1,4,2,3,2,3,0
ENSG00000185669.6,5,45,6,7,66,19,41,21
ENSG00000185670.10,26,36,29,135,160,8,40,44
ENSG00000185674.11,0,0,0,0,0,0,3,0
ENSG00000185681.14,1,11,0,0,0,0,0,1
ENSG00000185686.18,45,0,4,3,2,2,0,8
ENSG00000185697.18,24,50,6,300,123,10,74,18
ENSG00000185716.13,282,329,108,531,505,24,315,146
ENSG00000185721.15,842,700,568,1547,1749,192,705,651
ENSG00000185722.19,840,491,478,1397,1587,118,878,516
ENSG00000185728.18,648,894,258,2364,2350,170,1459,606
ENSG00000185730.9,105,42,44,126,136,17,83,72
ENSG00000185736.16,3,5,12,7,9,4,3,2
ENSG00000185737.13,0,0,1,4,4,0,9,3
ENSG00000185739.14,3576,2055,429,31656,21899,4509,10113,12388
ENSG00000185742.8,0,0,1,0,7,1,2,0
ENSG00000185745.10,165,647,257,361,1787,70,859,385
ENSG00000185753.14,257,147,123,340,312,13,186,117
ENSG00000185758.9,0,0,0,0,0,0,0,0
ENSG00000185760.18,0,1,0,0,0,0,12,5
ENSG00000185761.12,404,89,108,417,462,114,285,422
ENSG00000185774.17,0,0,1,1,1,0,3,0
ENSG00000185775.10,0,0,0,0,0,0,0,0
ENSG00000185787.17,5179,5051,2386,11795,12123,1014,4965,3191
ENSG00000185792.10,0,0,0,0,0,0,0,0
ENSG00000185798.9,68,93,84,172,194,14,108,40
ENSG00000185800.13,450,252,219,798,835,168,520,420
ENSG00000185803.13,496,147,179,248,240,36,119,250
ENSG00000185808.15,156,168,89,412,630,77,407,258
ENSG00000185811.22,27,74,69,128,90,7,72,7
ENSG00000185813.12,173,504,230,722,1514,347,555,954
ENSG00000185818.8,4,20,0,8,46,2,44,12
ENSG00000185821.3,0,0,0,0,0,0,0,0
ENSG00000185823.5,0,0,0,0,0,0,0,0
ENSG00000185825.18,1963,1346,848,2542,2311,338,1157,1322
ENSG00000185829.19,230,507,145,541,467,21,255,114
ENSG00000185838.15,49,21,18,13,33,9,26,37
ENSG00000185842.16,1,7,3,12,14,1,25,6
ENSG00000185860.15,2,7,4,5,27,0,35,1
ENSG00000185862.8,32,101,203,117,181,18,46,10
ENSG00000185863.8,0,0,0,0,0,0,0,0
ENSG00000185864.21,105,27,82,302,229,3,83,5
ENSG00000185869.16,32,39,22,96,108,9,76,8
ENSG00000185873.8,2,0,0,0,0,0,0,0
ENSG00000185875.14,44,58,19,99,362,23,211,76
ENSG00000185880.15,243,251,95,1816,1653,115,614,385
ENSG00000185883.13,889,725,884,1280,1912,510,1231,1709
ENSG00000185885.18,4582,3499,3569,3738,2523,245,1056,1447
ENSG00000185888.6,0,0,0,0,0,0,0,0
ENSG00000185896.12,2212,2282,1457,3230,4268,687,2270,2201
ENSG00000185897.8,2,1,10,16,4,0,3,0
ENSG00000185899.1,0,0,0,0,0,0,0,0
ENSG00000185900.12,205,139,67,427,390,15,157,98
ENSG00000185905.5,2,8,23,20,29,4,18,6
ENSG00000185909.16,1932,960,492,5086,2703,414,1203,1329
ENSG00000185915.5,6,2,3,84,141,39,59,58
ENSG00000185917.15,308,159,205,272,330,22,193,129
ENSG00000185920.19,62,112,91,152,392,33,158,92
ENSG00000185924.7,18,12,13,84,128,32,74,38
ENSG00000185926.1,0,0,0,0,0,0,0,0
ENSG00000185933.7,0,0,0,0,0,0,0,0
ENSG00000185940.11,0,0,0,0,0,0,0,0
ENSG00000185942.13,1,10,2,19,38,2,18,15
ENSG00000185946.17,152,133,160,499,714,25,1090,176
ENSG00000185947.16,131,161,79,271,246,6,105,44
ENSG00000185950.9,1080,416,661,2278,511,115,386,441
ENSG00000185955.5,8,16,11,5,10,0,2,7
ENSG00000185958.11,0,0,0,0,0,1,4,5
ENSG00000185960.15,0,0,0,2,1,0,0,0
ENSG00000185962.1,0,0,0,0,0,0,0,0
ENSG00000185963.14,815,753,258,2089,1666,214,1002,671
ENSG00000185966.4,0,0,0,0,0,0,0,0
ENSG00000185972.6,4,0,1,3,1,0,0,1
ENSG00000185973.13,161,268,70,1159,1535,113,865,445
ENSG00000185974.7,0,0,0,0,10,0,0,12
ENSG00000185982.7,0,0,0,0,0,0,0,0
ENSG00000185985.12,21,13,26,45,34,1,17,12
ENSG00000185988.16,0,0,41,2,2,0,7,0
ENSG00000185989.12,528,180,398,573,638,91,432,195
ENSG00000186001.15,455,305,292,1016,975,61,703,349
ENSG00000186007.10,0,0,0,0,0,0,0,0
ENSG00000186009.5,0,0,0,0,0,0,1,0
ENSG00000186010.20,4262,7114,1990,5226,10822,2036,5724,10601
ENSG00000186017.17,100,72,54,179,281,12,144,93
ENSG00000186020.14,152,167,145,436,483,29,341,133
ENSG00000186026.8,68,52,38,148,264,12,50,20
ENSG00000186038.9,0,0,0,0,0,0,0,0
ENSG00000186047.11,0,1,3,1,1,1,0,0
ENSG00000186049.8,0,1,0,0,2,0,0,0
ENSG00000186051.7,0,0,5,5,1,0,5,3
ENSG00000186063.14,2292,2466,991,2082,2538,183,1237,677
ENSG00000186073.15,788,222,451,17312,6522,424,3659,2549
ENSG00000186074.20,7,11,92,7,12,0,5,0
ENSG00000186075.13,0,0,0,0,0,0,0,0
ENSG00000186081.12,7,1,0,0,6,0,0,0
ENSG00000186086.19,0,0,0,0,0,0,0,0
ENSG00000186088.17,51,187,82,202,358,9,221,64
ENSG00000186090.11,0,0,0,0,0,0,0,0
ENSG00000186092.7,0,0,0,0,0,0,0,0
ENSG00000186094.18,1,7,0,7,14,1,12,16
ENSG00000186103.5,1,2,0,6,2,0,0,2
ENSG00000186104.12,140,97,141,264,197,14,177,90
ENSG00000186105.8,17,30,9,22,22,0,28,0
ENSG00000186106.12,252,365,81,707,986,50,486,195
ENSG00000186111.12,1366,294,406,1295,1354,276,755,1050
ENSG00000186113.1,0,0,0,0,0,0,0,0
ENSG00000186115.14,0,37,0,2,0,0,0,0
ENSG00000186118.9,0,0,0,1,1,0,0,0
ENSG00000186119.9,0,0,0,0,0,0,0,0
ENSG00000186130.6,104,73,50,274,266,25,157,48
ENSG00000186132.16,116,114,84,94,147,14,96,29
ENSG00000186136.1,0,0,0,0,0,0,0,0
ENSG00000186141.11,244,248,222,455,374,51,208,167
ENSG00000186143.11,0,0,0,0,0,0,0,0
ENSG00000186146.2,3,0,0,0,0,0,0,0
ENSG00000186150.5,0,0,0,0,0,0,0,0
ENSG00000186153.19,57,84,50,131,166,17,105,86
ENSG00000186160.5,3,9,42,2,6,1,9,5
ENSG00000186166.10,313,269,527,166,263,16,140,60
ENSG00000186174.14,936,277,386,1975,1919,317,1135,814
ENSG00000186184.21,836,983,740,1161,1732,221,880,679
ENSG00000186185.15,1,8,40,9,95,6,34,6
ENSG00000186187.13,303,187,103,462,532,108,348,291
ENSG00000186188.12,1,2,2,4,7,0,19,2
ENSG00000186190.8,0,0,0,0,0,0,0,0
ENSG00000186191.9,0,0,0,1,0,0,0,0
ENSG00000186193.10,7,1,7,5,19,1,1,6
ENSG00000186197.15,3,6,5,77,72,11,20,43
ENSG00000186198.5,7,6,0,0,5,0,1,0
ENSG00000186204.16,35,152,182,16,116,1,103,26
ENSG00000186205.15,68,110,63,68,388,33,379,84
ENSG00000186207.5,0,0,0,0,0,0,0,0
ENSG00000186212.4,0,16,0,0,8,0,0,0
ENSG00000186222.5,155,121,89,108,135,25,88,118
ENSG00000186226.9,0,0,0,0,0,0,0,0
ENSG00000186230.7,21,16,11,63,60,4,30,23
ENSG00000186231.18,3,2,0,20,57,2,29,7
ENSG00000186260.18,297,331,219,1039,963,121,804,254
ENSG00000186265.12,2,5,7,7,4,0,6,0
ENSG00000186272.14,40,101,23,165,201,13,148,72
ENSG00000186280.7,4,2,2,20,39,7,9,10
ENSG00000186281.14,562,154,611,170,251,26,50,104
ENSG00000186283.15,579,297,247,460,575,55,212,195
ENSG00000186288.5,0,0,0,0,0,0,0,0
ENSG00000186297.13,0,0,0,1,2,2,1,0
ENSG00000186298.12,2120,2192,882,7289,6224,447,3329,1736
ENSG00000186300.13,93,40,22,232,284,19,105,54
ENSG00000186306.1,0,0,0,0,0,0,0,0
ENSG00000186310.10,25,19,10,40,255,22,83,28
ENSG00000186314.13,28,116,29,42,89,3,162,12
ENSG00000186318.19,452,347,282,837,938,96,565,272
ENSG00000186326.4,2,11,1,32,74,9,31,43
ENSG00000186329.10,7,13,8,12,7,0,0,0
ENSG00000186334.10,0,0,0,0,0,0,0,0
ENSG00000186335.9,1,8,1,13,71,0,55,5
ENSG00000186340.18,4608,1147,2373,1912,1440,129,374,393
ENSG00000186350.12,800,560,679,1737,2425,364,1381,1012
ENSG00000186352.9,126,595,71,133,222,19,196,225
ENSG00000186364.13,14,23,26,38,123,4,41,48
ENSG00000186367.7,1,1,0,0,2,0,0,0
ENSG00000186376.17,154,149,123,221,447,11,254,107
ENSG00000186377.9,26,139,114,60,130,6,105,62
ENSG00000186393.6,0,0,0,0,0,0,0,0
ENSG00000186395.9,475,497,259,481,531,114,399,480
ENSG00000186399.11,25,107,13,94,239,0,206,91
ENSG00000186407.9,86,39,51,152,40,2,6,5
ENSG00000186409.19,49,55,32,49,65,3,27,22
ENSG00000186416.18,150,140,46,202,166,9,166,123
ENSG00000186417.16,24,16,28,124,366,26,283,122
ENSG00000186431.19,0,2,0,0,0,0,0,0
ENSG00000186432.11,1526,1181,558,6686,5111,561,2932,1481
ENSG00000186439.17,2909,6389,1791,13994,13733,1909,7637,1204
ENSG00000186440.3,0,0,0,0,0,0,0,0
ENSG00000186442.7,0,0,0,0,0,0,0,0
ENSG00000186446.13,45,49,24,146,161,9,62,31
ENSG00000186448.16,198,183,118,468,466,20,293,151
ENSG00000186451.3,1,0,3,1,1,0,0,0
ENSG00000186452.11,0,0,0,0,0,0,0,0
ENSG00000186453.14,9,7,20,10,10,4,12,9
ENSG00000186458.5,0,2,0,1,11,0,19,0
ENSG00000186462.10,35,44,47,96,193,32,149,52
ENSG00000186468.14,9193,8766,6298,10564,15426,1515,7118,6726
ENSG00000186469.10,303,685,277,270,638,34,457,88
ENSG00000186470.15,597,1107,441,784,1319,52,565,225
ENSG00000186471.14,0,5,0,0,0,0,0,0
ENSG00000186472.21,18,3,4,122,119,9,89,57
ENSG00000186474.17,0,0,0,0,0,0,0,0
ENSG00000186479.5,0,1,0,46,69,1,94,35
ENSG00000186480.14,236,610,208,482,597,44,479,136
ENSG00000186487.22,1,5,10,4,4,0,0,2
ENSG00000186496.13,15,22,24,22,30,2,8,14
ENSG00000186501.16,468,530,654,521,771,93,367,380
ENSG00000186509.4,0,0,0,0,0,0,0,0
ENSG00000186510.13,9,63,5,9,2,1,5,7
ENSG00000186513.4,0,0,0,0,0,0,0,0
ENSG00000186517.14,68,101,194,217,201,21,94,20
ENSG00000186522.16,452,640,211,1329,1715,80,874,376
ENSG00000186523.16,79,13,41,18,32,3,8,24
ENSG00000186526.13,0,0,0,0,0,0,0,0
ENSG00000186529.17,1,75,39,5,11,0,9,2
ENSG00000186532.13,203,90,123,515,347,22,192,116
ENSG00000186562.8,0,0,0,1,0,0,0,0
ENSG00000186564.6,0,4,6,3,2,2,2,1
ENSG00000186566.14,453,325,266,1511,1425,133,1173,324
ENSG00000186567.15,412,155,187,526,327,10,176,111
ENSG00000186572.2,0,0,0,0,0,0,0,0
ENSG00000186575.21,1084,335,306,1595,1431,189,473,610
ENSG00000186577.15,200,359,207,177,442,72,182,400
ENSG00000186579.3,0,0,0,0,0,0,0,0
ENSG00000186583.12,0,1,0,1,0,0,3,6
ENSG00000186591.14,1559,1064,920,9725,6015,642,3653,2170
ENSG00000186599.8,0,0,0,0,0,0,0,0
ENSG00000186603.7,9,1,1,12,1,0,8,5
ENSG00000186625.15,253,235,112,336,361,34,193,151
ENSG00000186628.13,20,226,48,1130,3604,256,2134,1002
ENSG00000186635.17,1839,842,877,1194,2132,202,940,816
ENSG00000186638.18,24,17,8,49,64,11,31,21
ENSG00000186642.16,802,412,434,658,1141,128,633,577
ENSG00000186645.11,0,0,0,0,0,0,0,0
ENSG00000186648.16,5,3,3,6,5,1,2,1
ENSG00000186652.11,4,9,34,6,0,1,2,5
ENSG00000186654.22,88,54,113,28,56,6,57,25
ENSG00000186660.16,865,765,377,3929,3116,297,1758,627
ENSG00000186665.11,172,161,218,197,220,11,87,94
ENSG00000186666.6,72,37,42,61,100,11,100,43
ENSG00000186675.7,0,0,1,1,6,0,3,0
ENSG00000186684.15,9,5,9,7,13,1,8,6
ENSG00000186687.17,190,378,92,1132,1932,121,1185,416
ENSG00000186710.13,0,11,2,0,0,0,50,1
ENSG00000186714.13,0,0,0,0,0,0,0,0
ENSG00000186716.22,1110,344,595,1687,1008,153,396,505
ENSG00000186723.4,0,1,2,3,10,0,1,1
ENSG00000186732.15,0,1,1,0,3,0,3,2
ENSG00000186765.12,3,4,0,4,3,0,0,6
ENSG00000186766.8,5,6,3,3,42,0,14,0
ENSG00000186767.7,3,31,6,32,37,0,15,3
ENSG00000186777.13,0,1,0,2,0,0,2,0
ENSG00000186787.11,96,73,67,88,175,21,128,87
ENSG00000186788.14,0,0,0,0,0,0,0,0
ENSG00000186790.6,0,0,0,0,0,0,1,0
ENSG00000186792.18,53,9,8,20,24,5,31,25
ENSG00000186795.2,0,0,0,0,0,0,0,0
ENSG00000186803.3,0,0,0,0,0,0,0,0
ENSG00000186806.7,20,15,21,5,26,1,12,7
ENSG00000186810.8,0,2,0,2,11,0,4,6
ENSG00000186812.14,253,226,216,612,685,30,479,221
ENSG00000186814.16,183,173,144,466,721,30,533,240
ENSG00000186815.14,979,1502,1809,2886,8129,849,3058,2513
ENSG00000186818.14,10,5,11,53,24,3,44,2
ENSG00000186827.12,40,95,17,21,75,8,31,19
ENSG00000186832.9,0,1,0,0,0,0,0,0
ENSG00000186834.4,388,559,593,1046,757,108,545,560
ENSG00000186838.15,0,0,0,0,0,0,0,0
ENSG00000186844.6,0,0,0,0,0,0,0,0
ENSG00000186847.6,1,0,1,2,2,0,0,1
ENSG00000186854.12,9,4,11,5,9,1,11,6
ENSG00000186860.5,0,0,0,0,0,0,0,0
ENSG00000186862.21,5,7,5,1,11,4,8,2
ENSG00000186866.18,690,332,354,598,568,77,339,277
ENSG00000186867.12,9,70,2,58,114,2,39,49
ENSG00000186868.19,62,38,0,555,1131,40,684,640
ENSG00000186871.7,0,0,1,3,4,1,0,1
ENSG00000186881.3,0,0,0,0,0,0,0,0
ENSG00000186886.8,0,0,0,0,0,0,0,0
ENSG00000186889.11,17,28,10,27,77,6,57,22
ENSG00000186891.14,0,1,1,0,4,0,5,1
ENSG00000186895.4,0,0,0,0,0,0,0,0
ENSG00000186897.6,0,0,0,0,0,0,0,0
ENSG00000186907.8,36,35,35,18,34,14,16,28
ENSG00000186908.16,473,492,259,994,959,46,819,235
ENSG00000186910.6,0,66,0,0,0,0,0,0
ENSG00000186912.7,0,0,0,4,0,0,5,0
ENSG00000186918.15,523,616,595,1217,1389,101,679,425
ENSG00000186919.13,1,0,0,0,0,0,38,0
ENSG00000186924.3,0,0,0,0,0,0,0,0
ENSG00000186925.6,0,0,0,0,0,0,0,0
ENSG00000186930.4,0,0,0,0,0,0,0,0
ENSG00000186943.1,0,0,0,0,0,0,0,0
ENSG00000186951.18,349,413,104,4283,3182,382,2200,1061
ENSG00000186952.16,0,5,0,3,13,3,13,2
ENSG00000186965.5,0,0,0,0,0,0,0,0
ENSG00000186967.7,0,0,0,0,0,0,0,0
ENSG00000186970.5,0,0,0,0,0,0,0,0
ENSG00000186971.4,0,6,2,0,0,0,0,0
ENSG00000186973.12,2,8,0,0,0,0,2,0
ENSG00000186976.16,11,14,9,17,44,1,8,7
ENSG00000186977.3,0,0,0,0,0,0,0,0
ENSG00000186980.7,0,0,0,0,0,0,0,0
ENSG00000186994.13,509,1165,709,215,748,97,368,386
ENSG00000186998.17,28,43,59,15,40,2,10,7
ENSG00000187003.7,0,0,0,0,0,0,0,0
ENSG00000187005.5,0,0,0,0,0,0,0,0
ENSG00000187010.21,0,5,36,2,0,0,2,3
ENSG00000187017.18,1,20,16,1,2,1,10,6
ENSG00000187021.15,0,0,0,2,0,0,0,0
ENSG00000187024.16,94,78,36,31,115,43,95,154
ENSG00000187026.3,0,0,0,0,0,0,0,0
ENSG00000187033.9,0,0,0,0,0,0,0,0
ENSG00000187037.10,1,4,14,2,6,1,10,0
ENSG00000187045.20,0,21,0,0,0,0,0,1
ENSG00000187048.15,1,184,10,1,7,0,6,3
ENSG00000187049.12,292,176,133,138,113,7,59,91
ENSG00000187051.10,1332,824,587,715,1046,211,486,822
ENSG00000187054.17,0,0,0,0,0,0,0,0
ENSG00000187066.9,0,0,0,0,1,0,0,0
ENSG00000187068.3,128,102,57,161,136,10,50,37
ENSG00000187079.20,690,342,214,6976,4103,483,3279,1000
ENSG00000187080.10,0,0,0,0,0,0,0,0
ENSG00000187082.2,0,0,0,0,0,0,0,0
ENSG00000187091.15,179,166,134,147,406,60,163,172
ENSG00000187094.13,0,4,0,0,0,0,0,1
ENSG00000187097.14,132,159,117,374,508,42,345,87
ENSG00000187098.19,263,388,126,1890,2148,244,1362,635
ENSG00000187105.9,1,0,5,3,5,0,4,2
ENSG00000187109.16,3918,4268,3576,8229,9033,589,4537,2729
ENSG00000187116.15,28,22,286,44,21,0,12,2
ENSG00000187118.15,179,245,65,287,669,83,448,339
ENSG00000187122.17,6,2,3,1,18,0,8,2
ENSG00000187123.16,2,9,2,4,20,0,16,7
ENSG00000187134.15,870,382,418,759,680,93,546,160
ENSG00000187135.9,0,0,0,0,0,0,0,0
ENSG00000187140.6,4,6,10,4,17,5,16,7
ENSG00000187144.11,0,0,0,1,0,0,0,0
ENSG00000187147.20,1066,635,670,1541,1620,198,736,1056
ENSG00000187151.8,27,49,23,13,38,4,36,7
ENSG00000187164.21,119,83,107,286,138,13,115,9
ENSG00000187166.1,0,0,0,0,0,0,1,0
ENSG00000187170.6,0,0,0,0,0,0,0,0
ENSG00000187173.4,0,0,0,0,0,0,0,0
ENSG00000187175.5,0,6,0,0,0,0,0,0
ENSG00000187180.4,0,0,0,0,0,0,0,0
ENSG00000187186.16,161,94,46,92,137,28,63,114
ENSG00000187187.15,50,81,30,113,265,11,147,52
ENSG00000187189.11,373,184,196,1568,1630,200,1135,844
ENSG00000187191.16,0,0,0,0,0,0,0,0
ENSG00000187193.10,2282,1366,1839,2734,699,143,641,617
ENSG00000187210.15,57,47,37,99,120,7,46,19
ENSG00000187223.4,0,0,0,0,0,0,0,0
ENSG00000187231.15,514,435,395,681,860,58,604,270
ENSG00000187238.5,0,0,0,0,0,0,0,0
ENSG00000187239.20,398,382,310,1333,975,105,613,322
ENSG00000187240.18,83,91,64,143,174,4,187,59
ENSG00000187242.6,0,0,0,0,0,0,0,0
ENSG00000187243.18,383,61,32,11,54,4,29,15
ENSG00000187244.13,1081,1974,750,1898,4981,711,2089,2632
ENSG00000187257.17,221,313,135,379,506,24,319,153
ENSG00000187258.14,0,0,0,0,0,0,0,0
ENSG00000187260.16,4,24,16,0,6,1,4,3
ENSG00000187266.15,219,144,432,116,254,17,151,76
ENSG00000187268.12,15,0,63,0,5,0,40,8
ENSG00000187272.7,0,0,0,0,0,0,0,0
ENSG00000187288.13,75,7,10,54,240,1,719,60
ENSG00000187323.13,0,0,0,1,0,0,5,0
ENSG00000187325.6,245,320,140,491,916,59,401,186
ENSG00000187372.11,43,22,13,180,141,4,142,45
ENSG00000187391.23,42,99,121,180,230,18,148,71
ENSG00000187398.12,1,0,0,1,7,0,1,0
ENSG00000187416.13,0,0,0,0,0,0,0,0
ENSG00000187446.13,912,632,570,3880,3060,440,1199,751
ENSG00000187474.6,17,11,39,113,171,12,88,29
ENSG00000187475.6,0,0,1,1,0,0,0,0
ENSG00000187479.9,1912,1524,1707,357,349,110,208,502
ENSG00000187486.8,122,96,39,343,815,91,201,305
ENSG00000187492.9,3,10,4,2,3,0,0,0
ENSG00000187498.18,11923,2982,3043,13226,10636,1226,3781,2651
ENSG00000187510.12,0,1,0,0,0,1,2,0
ENSG00000187513.10,1625,1389,560,767,1192,125,393,992
ENSG00000187514.18,12252,9446,7593,8368,8032,880,4184,2701
ENSG00000187516.7,0,0,0,0,0,0,0,0
ENSG00000187522.16,178,162,126,322,355,27,209,97
ENSG00000187527.12,0,1,0,0,0,0,0,0
ENSG00000187531.15,223,131,176,109,180,25,94,88
ENSG00000187533.14,0,0,0,0,0,0,0,0
ENSG00000187535.15,135,82,99,190,238,30,125,108
ENSG00000187537.13,0,0,0,0,0,1,2,1
ENSG00000187545.6,0,0,0,0,0,0,0,0
ENSG00000187546.15,12,32,20,9,26,1,4,9
ENSG00000187550.10,7,37,0,81,248,1,114,50
ENSG00000187553.10,0,0,0,0,0,0,0,0
ENSG00000187554.16,27,115,42,109,115,9,79,30
ENSG00000187555.18,1265,930,846,3706,2895,395,1906,1075
ENSG00000187556.8,0,7,2,2,11,1,8,10
ENSG00000187559.6,1,0,1,0,0,0,0,1
ENSG00000187566.6,5,7,8,21,44,5,17,22
ENSG00000187569.4,0,0,0,0,1,0,0,0
ENSG00000187581.3,0,0,0,0,0,0,0,0
ENSG00000187583.12,7,2,5,5,0,5,206,2
ENSG00000187595.19,1,5,6,5,13,0,13,7
ENSG00000187601.5,580,305,176,248,498,56,240,186
ENSG00000187605.17,216,44,63,209,207,17,99,48
ENSG00000187607.17,197,119,116,210,291,10,173,78
ENSG00000187608.11,175,525,357,74,318,45,168,175
ENSG00000187609.17,100,136,230,102,237,25,113,121
ENSG00000187612.1,0,0,0,0,0,0,0,0
ENSG00000187616.5,0,2,0,0,1,0,0,0
ENSG00000187624.9,142,8,16,84,67,10,128,86
ENSG00000187626.10,34,26,35,114,177,18,91,49
ENSG00000187627.18,58,6,130,39,84,0,65,0
ENSG00000187630.19,60,96,54,130,141,93,94,114
ENSG00000187634.14,71,18,35,1,16,3,34,6
ENSG00000187642.11,143,1028,191,2331,5654,905,2385,4061
ENSG00000187650.4,18,17,19,47,115,8,58,29
ENSG00000187658.7,0,0,0,0,0,0,0,0
ENSG00000187664.10,9,11,11,2,5,0,2,0
ENSG00000187672.16,3,1,1,33,12,1,10,1
ENSG00000187676.9,175,319,110,1060,954,70,571,298
ENSG00000187678.11,1147,914,697,1267,929,59,418,513
ENSG00000187682.2,2,1,3,0,0,0,0,0
ENSG00000187688.15,282,235,144,354,297,33,123,140
ENSG00000187689.10,0,0,0,0,0,0,0,0
ENSG00000187690.4,1,0,2,0,0,0,3,1
ENSG00000187699.11,210,201,135,856,934,92,398,224
ENSG00000187701.5,0,0,0,0,0,0,0,0
ENSG00000187713.7,421,531,216,810,1224,169,436,535
ENSG00000187714.7,0,0,0,0,0,0,0,0
ENSG00000187715.14,211,140,48,3262,1871,160,848,616
ENSG00000187720.15,326,592,90,4197,5528,775,3601,2658
ENSG00000187726.10,0,4,1,1,0,0,0,0
ENSG00000187730.10,7,2,16,7,17,4,6,0
ENSG00000187733.8,0,0,0,0,1,0,0,10
ENSG00000187735.17,941,1001,471,1475,1538,121,799,369
ENSG00000187736.15,205,150,79,365,335,30,108,93
ENSG00000187741.17,68,6,69,28,61,1,64,23
ENSG00000187742.16,607,420,519,824,764,36,523,248
ENSG00000187747.2,0,0,0,0,0,0,1,0
ENSG00000187753.13,4,4,7,3,3,0,0,0
ENSG00000187754.9,0,0,0,0,0,0,0,0
ENSG00000187758.9,0,708,29,3,7,0,6,1
ENSG00000187764.13,153,172,155,669,910,119,388,410
ENSG00000187766.1,0,0,0,0,0,0,0,0
ENSG00000187772.8,0,0,0,0,0,0,0,0
ENSG00000187773.9,9,93,21,83,382,95,170,298
ENSG00000187775.17,9,2,1,4,4,0,12,1
ENSG00000187778.15,1106,838,679,2102,2627,386,880,1227
ENSG00000187783.12,0,33,0,0,0,0,2,0
ENSG00000187790.13,24,97,28,116,152,1,134,43
ENSG00000187791.13,0,0,0,0,0,0,0,0
ENSG00000187792.6,120,43,20,242,192,12,100,40
ENSG00000187796.17,2,0,6,5,6,1,0,0
ENSG00000187800.15,340,475,336,511,1054,74,503,386
ENSG00000187801.16,40,11,5,27,24,7,15,4
ENSG00000187806.9,0,0,0,0,0,0,0,0
ENSG00000187808.5,0,0,2,2,4,3,3,2
ENSG00000187815.11,87,61,44,74,85,11,34,14
ENSG00000187821.9,0,1,0,0,0,0,0,0
ENSG00000187823.5,0,1,0,2,0,0,0,0
ENSG00000187824.10,32,124,72,150,178,35,155,93
ENSG00000187833.8,0,0,0,0,0,0,0,0
ENSG00000187837.5,1030,1175,498,1417,1217,525,622,178
ENSG00000187838.18,755,439,294,491,625,86,330,376
ENSG00000187840.6,496,435,385,236,411,97,197,193
ENSG00000187848.15,0,0,0,0,1,0,0,0
ENSG00000187855.6,0,0,0,1,0,0,4,0
ENSG00000187857.5,0,0,0,0,0,0,0,4
ENSG00000187860.12,13,17,14,14,47,7,22,12
ENSG00000187862.13,1,3,0,0,2,0,0,0
ENSG00000187866.10,326,376,160,805,759,65,478,318
ENSG00000187867.11,0,0,0,0,0,0,0,0
ENSG00000187871.2,0,0,0,0,0,0,0,0
ENSG00000187889.14,66,47,12,461,389,14,433,89
ENSG00000187902.13,0,0,8,1,0,0,3,0
ENSG00000187905.11,1,1,2,0,1,0,0,0
ENSG00000187908.21,0,6,1,1,5,0,0,0
ENSG00000187912.12,0,2,0,1,2,0,0,0
ENSG00000187918.6,0,0,0,0,0,0,0,0
ENSG00000187922.15,2103,139,2251,93,99,10,52,145
ENSG00000187942.12,7,7,4,3,10,16,479,408
ENSG00000187944.5,32,1,6,6,0,0,5,3
ENSG00000187950.9,7,7,4,3,4,0,1,4
ENSG00000187954.15,70,66,103,270,296,127,135,393
ENSG00000187955.14,228,259,200,1176,2124,106,796,293
ENSG00000187957.9,39,13,36,38,84,1,19,11
ENSG00000187959.9,0,0,1,0,1,0,0,0
ENSG00000187961.16,151,22,75,19,62,4,41,46
ENSG00000187969.6,0,0,0,0,0,0,0,0
ENSG00000187980.7,0,0,1,1,1,0,0,2
ENSG00000187987.11,2,2,0,60,62,1,94,29
ENSG00000187994.14,67,92,36,87,162,9,51,44
ENSG00000187997.12,1,0,8,0,0,0,0,0
ENSG00000188000.7,0,1,1,2,3,0,0,0
ENSG00000188001.11,44,75,124,23,24,1,100,16
ENSG00000188010.17,142,95,71,282,338,43,201,122
ENSG00000188011.5,0,2,8,0,1,0,0,0
ENSG00000188013.7,16,9,11,92,83,6,16,18
ENSG00000188015.11,65,9,35,45,10,1,0,7
ENSG00000188021.9,429,496,249,1640,1543,197,792,497
ENSG00000188026.14,672,455,206,2486,2556,722,1406,1420
ENSG00000188032.10,0,0,0,0,0,0,0,0
ENSG00000188033.11,56,65,32,128,165,7,43,39
ENSG00000188037.15,1,0,5,0,0,0,0,0
ENSG00000188038.8,2,7,13,3,10,5,3,3
ENSG00000188039.17,2,11,0,2,4,0,2,1
ENSG00000188042.8,68,137,92,111,196,18,125,127
ENSG00000188050.3,0,2,1,0,1,0,2,0
ENSG00000188051.7,7,12,4,1,9,2,8,3
ENSG00000188056.12,0,0,0,1,0,0,0,0
ENSG00000188060.8,17,6,17,20,38,2,19,6
ENSG00000188064.10,0,2,0,1,1,0,1,0
ENSG00000188070.10,575,331,391,555,641,56,345,320
ENSG00000188076.3,0,0,0,0,0,0,0,0
ENSG00000188089.14,5,0,4,2,2,0,0,0
ENSG00000188092.16,156,141,101,238,222,3,97,80
ENSG00000188095.6,0,6,1,2,2,0,3,4
ENSG00000188100.9,2,1,0,0,0,0,0,0
ENSG00000188107.15,0,0,1,1,4,0,3,0
ENSG00000188112.10,27,79,28,114,113,15,48,35
ENSG00000188120.16,0,5,0,0,6,0,9,3
ENSG00000188124.4,1,0,3,0,0,0,3,1
ENSG00000188130.15,253,244,206,284,448,33,132,293
ENSG00000188133.7,0,1,0,0,0,0,0,0
ENSG00000188152.13,0,0,0,0,0,0,16,6
ENSG00000188153.15,39,126,24,210,433,37,223,88
ENSG00000188155.11,0,0,1,0,0,0,0,0
ENSG00000188157.16,213,358,292,378,1125,131,438,475
ENSG00000188158.17,39,33,45,122,71,2,73,28
ENSG00000188162.12,0,0,0,0,1,0,0,2
ENSG00000188163.8,0,0,0,1,0,8,5,13
ENSG00000188167.9,5,5,6,41,32,3,14,5
ENSG00000188171.17,54,92,41,140,234,9,139,92
ENSG00000188175.11,1,1,12,0,1,0,1,0
ENSG00000188176.13,180,123,58,651,523,132,345,152
ENSG00000188177.16,126,301,97,545,846,40,479,194
ENSG00000188186.11,778,1776,896,721,1462,113,478,840
ENSG00000188191.17,79,142,71,279,588,64,223,376
ENSG00000188199.11,5,2,6,7,17,0,9,8
ENSG00000188211.9,16,2,5,63,27,4,29,6
ENSG00000188215.11,693,461,225,438,302,18,238,117
ENSG00000188219.16,0,1,2,4,0,0,1,1
ENSG00000188223.9,38,0,0,19,20,0,0,0
ENSG00000188227.15,52,57,67,176,288,18,202,83
ENSG00000188229.7,5122,2279,1721,8203,6721,3486,4329,6018
ENSG00000188234.16,82,154,177,193,276,7,180,158
ENSG00000188243.15,898,1443,688,847,1437,108,734,676
ENSG00000188257.13,22074,74,28605,1546,577,159,107,110
ENSG00000188263.11,0,0,1,1,0,0,0,0
ENSG00000188266.14,26,30,47,97,157,11,80,34
ENSG00000188269.10,0,0,1,0,0,0,0,0
ENSG00000188277.10,0,1,0,6,6,2,13,10
ENSG00000188282.13,0,1,1,0,1,0,0,0
ENSG00000188283.13,120,155,105,295,446,13,249,107
ENSG00000188290.12,76,182,86,82,226,85,172,374
ENSG00000188293.7,0,0,0,0,0,0,0,0
ENSG00000188295.15,19,28,17,68,64,6,35,11
ENSG00000188305.6,3,2,8,21,11,0,4,3
ENSG00000188306.7,0,0,0,0,0,0,0,1
ENSG00000188312.15,55,69,67,108,131,24,88,89
ENSG00000188313.14,696,613,371,789,516,33,306,181
ENSG00000188315.8,123,72,99,105,135,5,64,40
ENSG00000188316.17,0,5,3,0,2,0,3,3
ENSG00000188321.15,240,354,194,406,557,19,385,128
ENSG00000188322.8,7,47,5,104,259,20,95,89
ENSG00000188324.4,0,0,0,0,0,0,0,0
ENSG00000188334.3,0,0,0,0,0,0,0,0
ENSG00000188338.16,9,193,5,51,283,41,172,176
ENSG00000188340.3,0,0,0,0,0,0,0,0
ENSG00000188342.14,479,431,149,687,1236,98,553,451
ENSG00000188343.15,415,297,213,696,814,88,524,305
ENSG00000188352.14,477,231,146,907,1143,126,577,294
ENSG00000188368.12,6,1,1,7,2,0,0,3
ENSG00000188372.15,6,126,14,6,29,1,1,0
ENSG00000188373.5,0,0,0,0,0,0,0,0
ENSG00000188375.5,1,0,2,0,0,2,1,0
ENSG00000188379.7,0,0,0,0,0,0,0,0
ENSG00000188385.13,7,15,3,64,56,4,42,23
ENSG00000188386.8,0,1,0,0,0,0,0,0
ENSG00000188389.13,3,15,1,17,24,0,5,7
ENSG00000188393.9,0,0,0,0,0,0,0,0
ENSG00000188394.8,1,1,2,3,10,0,0,0
ENSG00000188396.5,4,3,3,4,6,0,4,0
ENSG00000188403.7,0,0,0,0,0,0,0,0
ENSG00000188404.11,69,83,500,110,106,6,26,8
ENSG00000188408.5,0,0,0,0,0,0,0,0
ENSG00000188419.15,145,142,48,471,540,29,298,153
ENSG00000188425.4,0,0,0,0,0,0,0,0
ENSG00000188428.21,163,181,67,320,343,26,157,93
ENSG00000188452.15,0,0,0,0,0,0,8,0
ENSG00000188467.11,0,0,0,0,0,0,4,0
ENSG00000188483.8,274,157,173,42,71,17,48,99
ENSG00000188486.4,319,200,219,134,205,34,95,204
ENSG00000188487.13,10,5,6,18,14,2,13,3
ENSG00000188488.15,99,92,10,117,62,33,108,57
ENSG00000188493.16,120,79,131,179,381,43,196,128
ENSG00000188501.12,1,3,1,1,1,0,3,0
ENSG00000188505.6,0,3,0,0,0,0,0,0
ENSG00000188508.11,0,0,0,0,0,0,0,0
ENSG00000188517.17,26,18,11,33,65,0,36,7
ENSG00000188522.17,315,18,29,229,100,14,28,33
ENSG00000188523.10,3,6,26,11,42,15,20,13
ENSG00000188529.16,1300,1046,571,1688,1957,98,1324,572
ENSG00000188536.14,10797,15816,315073,690,1575,39,330,1194
ENSG00000188542.10,59,112,52,259,368,23,155,210
ENSG00000188549.14,936,336,559,5891,3423,384,1977,1237
ENSG00000188554.16,985,1251,729,5804,5143,530,2737,1522
ENSG00000188558.7,0,0,0,2,0,0,0,0
ENSG00000188559.17,405,238,214,1364,667,68,416,230
ENSG00000188566.16,192,63,141,103,288,28,160,60
ENSG00000188573.8,14,1,3,0,2,3,16,10
ENSG00000188580.16,3,7,3,9,13,0,1,3
ENSG00000188581.9,0,0,0,0,0,0,0,0
ENSG00000188582.11,85,52,11,362,1285,104,521,230
ENSG00000188585.10,0,0,0,0,1,0,0,0
ENSG00000188596.11,17,9,7,10,26,0,10,2
ENSG00000188603.23,285,220,292,339,409,51,229,159
ENSG00000188610.13,0,14,24,15,15,0,1,2
ENSG00000188611.17,15,3,7,36,43,0,62,6
ENSG00000188612.13,2220,2291,1228,2966,3825,250,1768,1178
ENSG00000188613.7,197,16,30,540,190,23,94,111
ENSG00000188620.11,3,1,0,0,0,0,0,0
ENSG00000188624.3,0,0,0,0,0,0,0,0
ENSG00000188626.7,22,61,16,27,75,1,124,12
ENSG00000188629.15,80,96,81,81,151,7,107,64
ENSG00000188636.4,461,122,143,2058,1378,204,591,445
ENSG00000188641.15,231,389,198,310,498,26,315,129
ENSG00000188643.12,2593,1484,560,930,1374,160,525,585
ENSG00000188647.14,413,483,237,1101,1000,32,939,184
ENSG00000188649.16,7,24,32,14,22,0,22,3
ENSG00000188655.11,0,0,0,0,0,0,0,0
ENSG00000188659.10,6,17,10,22,26,3,35,12
ENSG00000188672.19,7,9,27,11,39,3,11,6
ENSG00000188674.12,0,0,0,0,0,0,2,0
ENSG00000188676.16,0,2,0,4,0,0,0,0
ENSG00000188677.15,1330,1024,426,1873,2823,538,1247,2428
ENSG00000188687.19,12,13,22,86,58,0,54,19
ENSG00000188690.17,430,599,409,1072,1540,208,725,786
ENSG00000188691.6,0,0,0,0,0,0,0,0
ENSG00000188694.6,0,0,0,0,0,0,0,0
ENSG00000188706.14,966,341,367,1396,598,96,377,246
ENSG00000188710.3,0,0,0,0,2,0,0,10
ENSG00000188716.7,1,0,0,0,5,2,0,0
ENSG00000188725.9,482,353,217,508,621,52,349,166
ENSG00000188729.7,1,8,0,14,5,0,3,0
ENSG00000188730.6,31,106,26,495,1499,210,909,822
ENSG00000188732.12,44,58,19,88,76,1,51,23
ENSG00000188735.13,274,92,125,402,565,58,355,164
ENSG00000188738.16,6,21,7,25,22,0,24,4
ENSG00000188739.16,551,483,315,768,786,60,379,136
ENSG00000188747.10,11,34,62,5,118,6,55,40
ENSG00000188760.12,113,17,38,112,44,19,141,45
ENSG00000188761.13,13,8,17,8,7,0,5,0
ENSG00000188763.5,3,0,0,0,5,2,1,0
ENSG00000188766.14,70,1,17,27,17,0,3,7
ENSG00000188770.11,0,2,0,0,0,0,0,0
ENSG00000188771.5,0,0,0,0,0,0,0,0
ENSG00000188778.6,0,1,1,0,1,0,3,0
ENSG00000188779.12,0,5,7,4,6,3,9,2
ENSG00000188782.9,0,0,0,0,0,0,0,0
ENSG00000188783.7,2928,2001,5799,1035,2811,405,1572,1206
ENSG00000188784.4,0,0,0,0,0,0,0,0
ENSG00000188785.13,136,314,162,428,511,34,320,144
ENSG00000188786.11,235,160,96,614,472,28,305,132
ENSG00000188800.6,0,0,0,0,0,0,0,0
ENSG00000188803.15,32,33,17,43,68,5,20,31
ENSG00000188807.14,206,125,127,428,768,134,330,392
ENSG00000188811.14,99,109,84,283,488,22,238,78
ENSG00000188816.4,0,0,0,0,0,0,0,0
ENSG00000188817.8,2,11,1,1,0,0,0,0
ENSG00000188818.13,97,40,152,267,246,0,166,131
ENSG00000188820.15,8,7,36,34,22,2,7,6
ENSG00000188822.8,4,9,6,2,4,0,0,0
ENSG00000188827.12,89,49,77,98,212,37,144,90
ENSG00000188833.11,0,1,2,0,1,0,1,0
ENSG00000188846.14,10390,8166,7759,10023,11435,1303,4662,3451
ENSG00000188848.17,0,6,0,0,0,0,6,0
ENSG00000188859.7,36,35,23,110,103,18,105,63
ENSG00000188868.15,40,57,13,119,122,6,68,29
ENSG00000188869.13,0,2,0,0,6,0,5,4
ENSG00000188877.12,0,0,0,0,0,0,0,0
ENSG00000188878.21,117,95,110,52,212,15,87,65
ENSG00000188883.6,0,16,2,1,3,0,0,1
ENSG00000188886.5,1,4,1,1,0,0,0,0
ENSG00000188895.13,1439,870,879,1693,2161,120,1345,614
ENSG00000188897.10,29,19,33,35,18,3,14,6
ENSG00000188906.18,104,262,153,231,399,12,264,105
ENSG00000188909.5,0,0,0,0,0,0,0,0
ENSG00000188910.9,0,2,0,0,0,0,0,0
ENSG00000188916.10,1,0,1,3,1,0,2,0
ENSG00000188917.16,87,102,68,679,780,54,293,172
ENSG00000188921.15,21,82,34,47,159,7,61,19
ENSG00000188931.5,0,3,0,1,0,10,5,16
ENSG00000188937.8,0,0,0,0,0,0,0,0
ENSG00000188938.17,695,564,346,1077,1391,98,650,432
ENSG00000188958.11,4,2,9,1,5,0,1,0
ENSG00000188959.10,1,3,0,0,1,0,2,0
ENSG00000188976.12,1063,432,570,1334,1576,288,617,819
ENSG00000188981.11,5,0,0,2,6,0,5,0
ENSG00000188984.12,0,0,0,0,0,0,3,0
ENSG00000188986.9,574,465,359,712,1235,196,507,803
ENSG00000188991.3,0,0,0,0,0,0,0,0
ENSG00000188992.12,0,1,0,0,0,0,0,0
ENSG00000188993.5,11,21,34,37,33,0,23,15
ENSG00000188994.15,174,389,119,702,961,33,600,198
ENSG00000188996.5,3,7,3,0,3,0,0,5
ENSG00000188997.9,252,83,75,357,390,29,168,115
ENSG00000189001.11,0,1,0,0,1,0,1,0
ENSG00000189007.17,149,74,105,84,96,3,73,27
ENSG00000189013.17,0,0,0,0,0,0,0,0
ENSG00000189023.11,0,0,0,0,0,0,0,0
ENSG00000189030.10,0,0,0,0,0,0,0,0
ENSG00000189037.8,0,0,0,0,0,0,0,0
ENSG00000189042.15,55,71,30,174,211,5,109,65
ENSG00000189043.11,5582,7405,1582,18652,29191,2139,12847,10342
ENSG00000189045.16,5,6,3,2,7,0,10,1
ENSG00000189046.12,306,127,232,213,154,24,97,116
ENSG00000189050.17,107,70,40,243,280,19,142,108
ENSG00000189051.6,0,2,3,2,1,0,0,0
ENSG00000189052.7,1,0,0,0,0,0,0,0
ENSG00000189056.15,20,54,42,213,166,14,95,36
ENSG00000189057.12,4,2,19,9,26,0,1,0
ENSG00000189058.10,59971,12971,109591,4861,6808,1143,2477,2517
ENSG00000189060.6,954,1081,952,4957,3024,881,1559,316
ENSG00000189064.10,0,0,0,0,0,0,0,0
ENSG00000189067.16,2032,1425,1444,3817,1527,165,876,870
ENSG00000189068.11,0,0,10,2,3,0,0,1
ENSG00000189077.12,872,1190,715,1745,3133,566,1288,1971
ENSG00000189079.19,295,297,125,589,576,42,464,165
ENSG00000189090.8,0,0,0,0,0,0,0,0
ENSG00000189091.14,1468,601,604,3635,2668,320,1364,1055
ENSG00000189099.12,0,0,0,0,0,0,0,0
ENSG00000189108.14,0,5,0,0,2,0,5,2
ENSG00000189114.9,154,92,102,148,166,18,95,75
ENSG00000189120.6,34,8,16,52,2,0,8,18
ENSG00000189127.9,0,1,9,5,0,0,0,0
ENSG00000189129.15,1249,1463,1041,195,453,101,317,423
ENSG00000189132.6,0,0,0,0,0,0,0,0
ENSG00000189134.4,19,23,13,153,173,19,137,43
ENSG00000189139.6,0,0,0,0,0,0,3,0
ENSG00000189143.10,3,32,12,0,5,0,0,2
ENSG00000189144.16,3,3,6,62,42,1,58,5
ENSG00000189152.12,43,0,0,29,32,0,27,5
ENSG00000189157.15,6,10,4,39,72,0,71,22
ENSG00000189159.17,556,321,263,375,281,33,90,135
ENSG00000189164.16,79,112,66,214,277,11,162,82
ENSG00000189167.12,0,0,0,1,0,0,0,0
ENSG00000189169.8,0,0,0,0,0,0,0,0
ENSG00000189171.17,1580,2213,1910,1417,2100,567,2359,1491
ENSG00000189180.17,216,298,186,1132,1201,66,873,224
ENSG00000189181.7,0,1,0,0,0,0,0,0
ENSG00000189182.10,0,0,0,0,0,0,0,0
ENSG00000189184.12,419,200,281,283,540,32,344,92
ENSG00000189186.12,0,0,0,0,0,0,0,1
ENSG00000189190.12,196,172,187,164,150,6,100,26
ENSG00000189195.16,22,82,39,80,185,5,129,33
ENSG00000189221.12,407,334,649,2574,3177,503,1573,1170
ENSG00000189227.6,134,184,100,193,404,46,233,402
ENSG00000189233.13,0,0,1,5,5,0,2,2
ENSG00000189241.8,583,818,302,4582,3769,346,1890,1701
ENSG00000189252.4,0,0,0,0,0,0,0,0
ENSG00000189253.8,0,0,0,0,0,0,0,0
ENSG00000189266.14,1449,2025,968,1870,3547,189,1883,964
ENSG00000189269.13,8,3,6,2,6,0,3,3
ENSG00000189280.4,0,0,0,0,0,0,0,0
ENSG00000189283.11,24,50,12,197,324,24,163,177
ENSG00000189292.18,14,6,0,8,4,0,3,18
ENSG00000189298.15,76,64,27,77,169,10,61,31
ENSG00000189299.7,0,0,0,0,0,0,0,0
ENSG00000189306.13,851,691,483,1131,986,115,403,474
ENSG00000189308.12,79,105,53,278,307,26,176,73
ENSG00000189319.15,334,263,237,1401,1892,255,907,737
ENSG00000189320.9,14,84,9,83,342,59,109,66
ENSG00000189325.8,0,0,0,1,0,0,0,0
ENSG00000189326.5,0,0,0,0,0,0,0,0
ENSG00000189334.10,10,65,9,24,82,5,69,74
ENSG00000189337.17,161,101,209,174,143,9,89,54
ENSG00000189339.13,882,577,693,1614,2001,132,785,509
ENSG00000189348.7,0,0,0,0,1,0,0,0
ENSG00000189350.14,32,121,19,1316,867,92,218,293
ENSG00000189357.9,0,0,0,0,0,0,0,0
ENSG00000189362.13,55,61,21,85,87,7,39,37
ENSG00000189367.16,122,87,47,67,132,3,150,24
ENSG00000189369.9,95,88,46,322,336,38,244,100
ENSG00000189375.12,0,0,0,0,0,0,0,0
ENSG00000189376.13,164,181,58,249,297,29,167,140
ENSG00000189377.10,7,9,3,0,0,0,9,0
ENSG00000189401.3,0,0,0,0,0,0,0,0
ENSG00000189403.16,3783,4624,2992,6054,8815,618,4213,1982
ENSG00000189409.15,196,155,142,103,309,158,146,357
ENSG00000189410.13,76,0,0,9,1,0,0,0
ENSG00000189420.10,191,36,40,50,78,4,44,32
ENSG00000189430.13,2,0,0,1,0,0,0,0
ENSG00000189431.8,0,6,0,1,24,3,19,4
ENSG00000189433.8,0,0,0,0,0,0,0,0
ENSG00000196071.6,0,0,0,0,0,0,0,0
ENSG00000196072.13,626,448,321,476,564,39,258,141
ENSG00000196074.13,43,102,26,70,131,1,92,15
ENSG00000196081.10,3,3,1,6,11,0,2,2
ENSG00000196083.12,214,60,52,316,257,10,100,25
ENSG00000196090.14,13,25,1,9,82,4,36,15
ENSG00000196091.16,12,36,12,72,129,5,28,55
ENSG00000196092.14,1,5,2,0,6,0,1,0
ENSG00000196098.2,0,0,0,0,0,0,0,0
ENSG00000196099.5,0,0,0,0,0,0,0,0
ENSG00000196101.10,0,1241,4,867,143,0,0,0
ENSG00000196104.12,0,0,0,6,29,0,4,7
ENSG00000196109.10,38,36,12,95,57,0,61,13
ENSG00000196110.9,37,65,19,169,149,7,66,31
ENSG00000196116.9,166,232,120,648,417,31,202,128
ENSG00000196118.13,15,8,16,5,14,1,10,3
ENSG00000196119.8,0,0,0,1,2,0,0,1
ENSG00000196123.14,395,107,292,242,370,26,249,113
ENSG00000196126.13,1584,3588,1,2072,2050,425,761,803
ENSG00000196131.6,1,3,10,1,4,0,1,0
ENSG00000196132.15,5,0,0,0,14,0,0,2
ENSG00000196136.19,16618,1010,5271,2931,425,189,224,136
ENSG00000196139.15,943,650,211,466,515,49,402,131
ENSG00000196141.15,1616,707,351,2327,2295,374,761,876
ENSG00000196150.15,145,89,78,244,302,7,115,91
ENSG00000196151.12,87,133,49,145,309,25,205,95
ENSG00000196152.11,64,41,49,201,164,9,116,64
ENSG00000196154.13,3212,2185,1865,2798,1323,172,525,466
ENSG00000196155.14,104,32,39,17,61,0,27,5
ENSG00000196156.5,0,0,0,0,0,0,0,0
ENSG00000196159.14,213,267,122,643,618,49,508,181
ENSG00000196169.16,5,14,13,4,17,0,9,2
ENSG00000196171.3,0,0,0,0,0,0,0,0
ENSG00000196172.10,37,46,48,36,74,1,18,11
ENSG00000196177.14,112,387,119,4047,3590,164,2442,1003
ENSG00000196182.12,1593,361,373,3362,2303,359,1022,1036
ENSG00000196184.10,0,0,0,0,1,0,0,0
ENSG00000196187.13,490,247,272,617,783,38,517,317
ENSG00000196188.13,1,51,26,0,8,1,1,0
ENSG00000196189.15,36,59,193,61,66,9,21,20
ENSG00000196196.3,59,100,114,51,82,12,31,29
ENSG00000196199.15,736,914,502,2045,2058,211,1101,358
ENSG00000196208.15,25,23,24,186,376,18,204,120
ENSG00000196209.14,17,3,49,57,45,0,19,1
ENSG00000196214.12,145,185,152,420,383,31,136,131
ENSG00000196218.15,8,42,4,27,66,1,42,21
ENSG00000196220.17,11,46,14,110,281,49,172,138
ENSG00000196224.7,0,0,0,0,0,0,0,0
ENSG00000196227.12,89,237,96,436,934,47,537,213
ENSG00000196228.6,0,0,0,0,0,0,0,0
ENSG00000196230.15,8027,1925,3403,15862,9870,1072,1789,2060
ENSG00000196231.7,0,0,0,0,0,0,0,0
ENSG00000196233.15,269,237,131,915,784,36,612,166
ENSG00000196235.15,1356,903,948,2726,2940,399,1397,1254
ENSG00000196236.14,238,247,102,951,1072,62,412,297
ENSG00000196240.6,0,0,0,0,0,0,0,0
ENSG00000196242.10,2,3,8,4,6,0,13,0
ENSG00000196247.14,53,83,42,123,160,4,132,32
ENSG00000196248.6,0,0,0,0,0,0,0,0
ENSG00000196260.5,0,0,0,0,1,0,0,0
ENSG00000196262.16,11559,6681,5137,8438,9358,871,3815,3802
ENSG00000196263.9,106,176,103,249,427,13,343,120
ENSG00000196266.6,0,0,0,0,0,0,0,0
ENSG00000196267.15,75,148,49,87,176,15,67,78
ENSG00000196268.12,81,124,60,217,484,7,336,104
ENSG00000196275.17,12,88,20,14,52,14,29,3
ENSG00000196277.17,0,0,0,0,2,0,0,2
ENSG00000196284.19,96,71,38,55,102,4,45,33
ENSG00000196289.7,0,0,0,0,0,0,0,0
ENSG00000196290.18,121,103,96,429,590,50,405,188
ENSG00000196296.15,4,1,12,3,8,1,5,5
ENSG00000196305.20,1401,341,386,2940,2580,315,1603,850
ENSG00000196313.14,575,366,307,1099,1087,114,859,580
ENSG00000196323.15,540,553,300,2240,1770,82,861,452
ENSG00000196329.13,706,1391,560,1030,901,118,369,434
ENSG00000196335.13,0,3,7,0,7,0,0,0
ENSG00000196337.15,3,0,1,1,6,0,0,0
ENSG00000196338.16,13,21,14,13,62,2,19,12
ENSG00000196341.3,0,0,0,0,0,0,0,0
ENSG00000196344.12,0,0,0,0,1,0,0,0
ENSG00000196345.14,50,8,32,85,89,7,59,41
ENSG00000196350.9,0,0,0,0,0,0,0,0
ENSG00000196352.19,739,863,520,3159,1882,252,1064,809
ENSG00000196353.14,30,85,11,683,1787,86,883,1021
ENSG00000196357.13,64,70,22,89,88,8,62,36
ENSG00000196358.13,16,20,69,28,63,15,28,47
ENSG00000196361.11,30,4,16,19,9,3,5,4
ENSG00000196363.11,676,196,317,820,812,93,454,393
ENSG00000196365.13,845,561,378,2011,3471,788,1471,1979
ENSG00000196367.15,445,293,206,1239,997,119,723,399
ENSG00000196368.5,20,10,5,4,11,0,3,0
ENSG00000196369.13,84,395,145,544,522,18,321,131
ENSG00000196371.4,110,90,66,118,76,15,75,47
ENSG00000196372.14,268,241,262,336,459,49,178,221
ENSG00000196376.11,21,68,43,266,731,39,425,148
ENSG00000196378.15,179,133,101,152,202,15,130,71
ENSG00000196383.7,0,0,0,0,0,0,0,0
ENSG00000196387.11,155,301,197,261,378,27,204,150
ENSG00000196388.10,17,12,28,39,69,7,56,61
ENSG00000196391.11,62,10,7,242,186,17,114,46
ENSG00000196396.11,962,389,322,2686,1165,201,729,648
ENSG00000196405.14,526,657,630,831,1759,186,827,706
ENSG00000196406.4,0,0,0,0,0,0,0,0
ENSG00000196407.12,0,1,2,0,1,0,4,0
ENSG00000196408.13,5,0,0,0,3,3,8,18
ENSG00000196411.11,1216,506,268,645,1189,147,502,636
ENSG00000196415.10,1,17,18,0,5,0,0,0
ENSG00000196417.14,105,83,65,266,191,16,50,62
ENSG00000196418.14,43,36,32,62,63,3,20,6
ENSG00000196419.14,3047,2184,1100,6756,6471,1035,3678,3366
ENSG00000196420.9,6,0,1,0,1,0,0,0
ENSG00000196421.9,6,1,6,0,3,0,1,1
ENSG00000196422.12,144,353,98,739,923,134,444,614
ENSG00000196427.14,0,0,0,0,0,0,0,0
ENSG00000196428.14,642,989,131,942,846,74,661,388
ENSG00000196431.4,0,2,0,1,0,0,0,0
ENSG00000196433.13,5,5,5,22,7,0,0,1
ENSG00000196436.9,372,17,44,128,131,0,116,13
ENSG00000196437.13,81,82,31,194,271,17,129,46
ENSG00000196440.12,151,160,195,283,317,15,223,86
ENSG00000196449.5,236,191,52,200,154,21,77,95
ENSG00000196453.9,116,103,75,292,347,80,190,146
ENSG00000196455.9,165,223,98,579,555,77,435,141
ENSG00000196456.14,51,37,35,37,94,16,43,58
ENSG00000196458.12,191,150,139,488,634,30,349,178
ENSG00000196459.16,181,126,101,173,230,11,119,41
ENSG00000196460.15,8,16,6,9,10,0,4,7
ENSG00000196465.12,407,648,273,715,1116,139,383,644
ENSG00000196466.10,52,126,72,96,122,7,59,35
ENSG00000196468.8,4,11,2,5,5,1,6,1
ENSG00000196470.13,274,317,133,305,480,24,242,182
ENSG00000196475.6,0,0,0,0,0,0,0,0
ENSG00000196476.13,72,54,36,76,123,10,72,53
ENSG00000196482.18,72,59,17,1222,1185,88,726,200
ENSG00000196497.18,538,76,122,479,378,56,186,176
ENSG00000196498.16,1707,800,1221,1811,2936,832,1972,1611
ENSG00000196502.16,88,252,88,113,720,56,285,275
ENSG00000196503.6,1,0,4,3,2,1,0,0
ENSG00000196504.22,651,698,325,1516,1376,108,955,283
ENSG00000196505.12,164,171,46,285,244,25,147,101
ENSG00000196507.12,364,323,231,561,812,185,464,183
ENSG00000196510.15,659,360,405,1016,1142,115,616,461
ENSG00000196511.16,48,68,49,68,134,14,53,36
ENSG00000196517.14,144,20,34,87,72,8,43,18
ENSG00000196526.12,578,280,212,446,609,70,284,222
ENSG00000196531.15,8914,7516,6543,24814,19733,2188,9780,5840
ENSG00000196535.21,1605,1204,1497,8455,7648,1283,4629,2801
ENSG00000196539.3,0,0,0,0,0,0,0,0
ENSG00000196542.10,9,14,5,0,13,0,15,4
ENSG00000196544.8,141,183,133,102,281,63,185,221
ENSG00000196547.17,1047,570,1053,3042,3348,264,2142,1197
ENSG00000196549.14,31,622,158,223,387,13,312,94
ENSG00000196550.12,12,9,8,11,19,0,12,4
ENSG00000196553.15,0,3,0,2,0,0,0,0
ENSG00000196557.14,257,69,374,225,304,55,235,240
ENSG00000196562.17,1234,1082,880,1457,1267,199,490,328
ENSG00000196565.15,27,3,765,3,23,0,0,0
ENSG00000196569.14,5174,1737,2851,7115,8793,998,4770,2686
ENSG00000196570.3,0,0,0,0,0,0,0,0
ENSG00000196576.17,1280,738,633,1511,2396,386,1488,1320
ENSG00000196578.4,0,0,0,0,0,0,0,0
ENSG00000196581.12,8,18,1,6,20,1,19,12
ENSG00000196584.4,1,4,12,15,14,0,18,1
ENSG00000196586.18,264,418,175,348,518,21,295,114
ENSG00000196588.21,663,323,350,763,781,104,475,366
ENSG00000196589.8,0,0,0,0,0,0,0,0
ENSG00000196591.13,987,714,266,1544,1435,150,893,498
ENSG00000196597.14,22,55,24,57,79,4,63,22
ENSG00000196600.13,2,6,0,6,1,0,3,0
ENSG00000196604.13,3,0,0,1,0,0,0,0
ENSG00000196605.8,31,89,72,131,249,22,166,68
ENSG00000196611.6,12,6,2,22,31,9,2,1
ENSG00000196616.16,833,6582,11840,796,3025,264,4322,732
ENSG00000196620.11,0,0,0,1,0,0,0,0
ENSG00000196628.21,1611,3974,1342,2461,3603,207,1829,790
ENSG00000196632.13,21,6,11,40,21,1,31,5
ENSG00000196636.8,95,59,42,246,452,29,256,119
ENSG00000196639.8,83,34,32,127,115,7,40,19
ENSG00000196642.20,914,639,792,1585,2934,643,1160,1518
ENSG00000196646.13,64,99,47,170,215,8,122,27
ENSG00000196652.13,183,148,106,320,358,42,209,125
ENSG00000196653.13,83,101,74,238,199,7,117,71
ENSG00000196655.13,575,445,220,552,718,80,378,367
ENSG00000196659.10,13,11,21,64,101,8,39,22
ENSG00000196660.13,0,32,4,1,3,2,0,0
ENSG00000196663.17,306,156,195,967,959,155,518,346
ENSG00000196664.5,0,9,12,17,36,3,20,3
ENSG00000196666.7,0,3,0,0,0,0,7,0
ENSG00000196670.14,192,227,129,391,497,41,341,132
ENSG00000196678.15,49,57,58,137,239,19,191,61
ENSG00000196683.12,2046,3780,2634,4583,6252,634,3323,4055
ENSG00000196684.13,11,53,19,17,28,0,10,3
ENSG00000196689.14,116,148,144,173,347,5,247,60
ENSG00000196693.16,79,132,115,602,666,18,392,102
ENSG00000196700.10,139,99,161,362,755,75,440,311
ENSG00000196704.15,562,767,424,1531,2377,233,1306,856
ENSG00000196705.9,213,211,108,664,835,27,499,195
ENSG00000196711.9,0,0,0,0,0,0,0,0
ENSG00000196712.20,567,457,232,2552,1943,164,1266,600
ENSG00000196715.8,576,373,198,1243,1198,116,771,338
ENSG00000196724.13,56,58,52,179,293,21,137,122
ENSG00000196730.14,22,65,92,144,218,14,143,41
ENSG00000196734.9,0,0,0,0,0,0,0,0
ENSG00000196735.14,127,347,0,399,534,48,193,69
ENSG00000196739.15,927,470,924,586,883,36,614,269
ENSG00000196743.10,405,393,229,1967,1989,170,692,573
ENSG00000196747.5,0,0,7,0,0,0,0,0
ENSG00000196748.11,0,0,0,0,0,0,0,0
ENSG00000196754.14,28,16,10,19,13,2,8,6
ENSG00000196757.8,164,215,180,220,283,7,136,93
ENSG00000196767.9,0,0,0,0,0,0,0,0
ENSG00000196772.5,0,0,0,0,0,0,0,0
ENSG00000196776.18,1163,1068,527,1894,1804,88,1022,380
ENSG00000196778.4,0,0,0,1,0,0,0,0
ENSG00000196781.17,317,495,314,511,396,53,251,335
ENSG00000196782.14,89,54,31,94,192,24,92,26
ENSG00000196787.5,3,2,6,7,14,0,10,3
ENSG00000196792.13,283,259,92,1421,1154,84,774,332
ENSG00000196793.15,56,25,15,77,67,1,40,21
ENSG00000196800.7,0,0,0,0,0,0,0,0
ENSG00000196805.8,0,0,2,0,0,0,0,0
ENSG00000196811.13,0,0,0,0,0,0,0,0
ENSG00000196812.7,39,75,59,63,85,5,41,9
ENSG00000196814.16,83,91,79,331,456,53,236,203
ENSG00000196821.11,1948,992,901,11288,7493,1079,2870,2412
ENSG00000196826.7,0,0,0,0,0,0,23,19
ENSG00000196832.5,2,1,0,1,1,0,0,0
ENSG00000196834.14,0,0,0,0,1,0,0,0
ENSG00000196839.15,464,549,589,191,260,19,326,156
ENSG00000196843.19,699,567,596,853,589,94,329,281
ENSG00000196844.9,0,0,0,0,0,0,0,0
ENSG00000196850.7,533,399,191,6176,5509,427,2807,1849
ENSG00000196859.8,0,0,0,0,0,0,0,0
ENSG00000196860.8,0,0,0,0,0,0,0,2
ENSG00000196862.10,31,26,10,53,40,0,14,21
ENSG00000196865.5,589,674,244,3454,3024,214,2172,979
ENSG00000196866.3,0,0,1,0,4,1,0,0
ENSG00000196867.9,100,205,76,378,236,24,146,77
ENSG00000196872.13,180,468,84,239,126,20,95,97
ENSG00000196873.17,141,106,63,216,124,74,138,66
ENSG00000196876.19,5,20,7,11,15,1,16,4
ENSG00000196878.16,19,76,20,54,115,23,66,28
ENSG00000196890.5,6,2,3,2,19,0,0,5
ENSG00000196900.5,0,0,0,0,0,0,0,0
ENSG00000196911.13,143,309,82,292,309,9,243,70
ENSG00000196912.13,119,207,138,63,113,2,152,30
ENSG00000196914.10,1548,1246,752,13845,6209,546,3405,1517
ENSG00000196917.6,5,0,4,3,16,0,46,4
ENSG00000196923.15,1423,394,1095,349,770,234,404,440
ENSG00000196924.20,7982,2102,3297,9261,10190,1651,7839,4270
ENSG00000196932.12,10,84,1,9,43,1,32,1
ENSG00000196935.11,375,95,103,454,208,23,122,59
ENSG00000196937.13,1309,755,383,1908,2254,189,1190,710
ENSG00000196943.14,452,277,232,1757,1827,206,903,593
ENSG00000196944.5,0,0,0,0,0,0,0,0
ENSG00000196946.11,0,0,0,0,0,0,0,0
ENSG00000196950.15,168,216,73,361,374,7,177,91
ENSG00000196954.14,654,476,444,389,374,28,195,111
ENSG00000196961.14,936,515,517,1324,1914,446,961,962
ENSG00000196967.12,137,155,121,377,470,23,281,165
ENSG00000196968.11,75,61,14,394,281,35,186,82
ENSG00000196972.9,18,37,22,86,219,20,70,125
ENSG00000196975.17,641,453,330,468,654,44,341,144
ENSG00000196976.8,174,178,91,141,237,47,89,226
ENSG00000196981.5,108,37,50,137,162,11,97,50
ENSG00000196990.11,11,0,14,0,4,0,1,0
ENSG00000196993.9,0,21,0,4,10,0,0,0
ENSG00000196998.20,863,729,1088,1289,1635,269,688,918
ENSG00000197006.16,834,902,637,1400,1771,144,780,658
ENSG00000197008.10,56,106,30,112,142,0,83,26
ENSG00000197013.12,47,106,56,59,208,5,62,39
ENSG00000197016.13,103,98,37,238,218,9,153,44
ENSG00000197019.6,609,1783,297,302,373,57,165,317
ENSG00000197020.13,0,0,0,187,131,8,67,34
ENSG00000197021.10,419,318,230,428,575,53,299,376
ENSG00000197024.10,198,146,118,352,340,31,175,114
ENSG00000197037.12,116,81,75,193,261,11,154,126
ENSG00000197043.16,3103,2897,1304,8867,9098,1828,5518,5078
ENSG00000197044.11,40,67,50,164,312,8,194,47
ENSG00000197045.15,681,858,366,1227,1167,35,576,132
ENSG00000197046.12,1,2,2,2,6,1,5,0
ENSG00000197050.12,96,94,64,189,250,18,96,42
ENSG00000197054.12,28,53,73,74,110,7,39,54
ENSG00000197056.13,147,141,146,150,272,5,156,80
ENSG00000197057.11,3,15,1,3,8,0,8,0
ENSG00000197061.5,3,1,0,0,0,0,2,0
ENSG00000197062.13,212,190,214,354,608,28,323,190
ENSG00000197063.12,696,161,276,1082,936,66,564,446
ENSG00000197070.15,234,223,280,133,375,54,278,287
ENSG00000197077.15,286,537,103,545,1090,99,598,235
ENSG00000197079.9,0,0,0,0,0,0,0,0
ENSG00000197081.16,772,743,470,6144,4365,668,3030,1770
ENSG00000197084.6,0,0,0,0,0,0,0,0
ENSG00000197093.12,108,110,74,57,106,19,32,29
ENSG00000197102.15,2540,1918,1765,17307,10009,1977,6126,4802
ENSG00000197106.8,2,2,5,19,4,0,0,0
ENSG00000197110.10,0,0,0,0,0,0,0,0
ENSG00000197111.17,5430,4984,3757,11695,11408,962,4713,4357
ENSG00000197114.13,254,148,192,243,364,75,178,209
ENSG00000197119.13,426,652,956,480,842,50,510,416
ENSG00000197121.16,387,234,90,409,391,15,312,95
ENSG00000197122.14,357,122,221,205,257,23,135,83
ENSG00000197123.9,0,1,0,4,3,0,2,0
ENSG00000197124.12,55,64,70,156,202,7,127,31
ENSG00000197125.3,0,0,0,0,0,0,0,0
ENSG00000197128.13,89,40,34,613,586,21,268,180
ENSG00000197134.13,29,33,9,22,40,1,28,5
ENSG00000197136.6,501,197,371,382,566,65,352,210
ENSG00000197140.16,0,0,7,0,0,1,2,0
ENSG00000197142.12,371,619,262,589,666,36,241,179
ENSG00000197147.16,176,293,42,228,258,9,169,51
ENSG00000197150.14,494,227,180,354,795,94,362,345
ENSG00000197153.5,0,0,0,0,0,0,0,0
ENSG00000197157.12,2373,626,744,3405,3071,590,1422,1212
ENSG00000197162.11,148,66,167,160,252,12,168,67
ENSG00000197165.12,20,33,18,6,84,2,24,10
ENSG00000197168.15,8,32,5,13,23,3,12,13
ENSG00000197170.11,905,768,251,1691,1770,147,930,461
ENSG00000197172.12,0,0,0,0,0,0,0,0
ENSG00000197177.17,9,1,1,3,2,2,0,3
ENSG00000197181.13,10,14,21,26,23,0,3,4
ENSG00000197183.15,336,227,107,270,353,24,198,76
ENSG00000197191.7,1,4,1,2,6,1,2,5
ENSG00000197208.7,33,3,36,211,25,1,19,8
ENSG00000197213.11,2,0,2,2,0,0,0,0
ENSG00000197217.14,717,374,375,1947,1302,108,932,418
ENSG00000197223.13,145,202,77,509,682,35,318,155
ENSG00000197226.14,800,405,508,938,2023,160,1061,846
ENSG00000197233.7,0,0,0,0,0,0,0,0
ENSG00000197238.5,0,0,31,0,0,0,0,0
ENSG00000197241.4,2,0,1,6,1,0,1,0
ENSG00000197245.7,244,101,89,136,158,30,49,96
ENSG00000197249.15,127,3025,627,558,166,15,42,15
ENSG00000197253.15,192,202,334,99,225,36,146,159
ENSG00000197256.12,3227,1653,2535,15078,9474,1415,4867,3602
ENSG00000197261.12,9,27,8,9,18,0,12,1
ENSG00000197265.10,600,396,140,406,420,42,250,169
ENSG00000197272.2,1,1,0,1,1,0,4,0
ENSG00000197273.5,3,1,0,0,0,0,0,0
ENSG00000197275.15,17,42,17,6,46,3,45,10
ENSG00000197279.6,11,10,17,26,14,2,11,10
ENSG00000197283.18,436,107,191,345,309,16,183,131
ENSG00000197296.6,434,590,131,6823,9581,1112,4987,3253
ENSG00000197299.14,72,59,40,98,166,46,142,162
ENSG00000197302.12,132,166,76,355,368,22,194,86
ENSG00000197309.5,0,0,0,0,0,0,0,0
ENSG00000197312.13,515,536,371,1398,1425,93,961,411
ENSG00000197321.17,1560,767,394,24750,15627,2659,12016,6150
ENSG00000197323.13,237,412,181,821,884,49,734,238
ENSG00000197324.10,2162,1088,1378,2765,3288,492,1340,1299
ENSG00000197329.13,401,538,138,523,485,16,319,154
ENSG00000197343.12,654,584,419,1186,1489,50,1120,380
ENSG00000197345.14,513,571,207,884,1417,175,769,1026
ENSG00000197353.4,7,13,0,1,9,0,0,9
ENSG00000197355.12,136,93,152,270,406,44,171,200
ENSG00000197360.9,0,0,0,2,22,3,9,3
ENSG00000197361.8,10,24,6,102,470,58,306,167
ENSG00000197362.16,76,31,23,75,94,2,39,54
ENSG00000197363.12,66,56,93,93,162,16,101,110
ENSG00000197372.11,30,35,18,75,133,4,61,32
ENSG00000197375.15,822,154,101,1394,479,31,304,388
ENSG00000197380.11,105,83,94,331,366,83,224,462
ENSG00000197381.19,440,264,407,575,723,60,418,196
ENSG00000197385.7,3,3,0,21,12,1,1,1
ENSG00000197386.14,566,246,424,1356,1140,184,676,386
ENSG00000197403.5,0,0,1,0,0,0,0,0
ENSG00000197405.8,140,68,183,196,159,9,49,42
ENSG00000197406.8,3,15,8,2,5,2,19,11
ENSG00000197408.11,2,38,0,0,0,0,1,0
ENSG00000197409.9,3,7,24,6,0,0,3,0
ENSG00000197410.14,2,0,2,7,12,0,7,1
ENSG00000197415.13,71,34,9,5,7,0,5,0
ENSG00000197416.6,0,0,0,0,0,0,0,0
ENSG00000197417.9,137,88,89,194,240,17,143,39
ENSG00000197428.3,0,1,0,0,0,0,0,0
ENSG00000197429.12,24,37,24,164,432,31,213,78
ENSG00000197430.12,0,0,0,0,2,0,0,0
ENSG00000197437.5,0,0,0,0,0,0,0,0
ENSG00000197442.12,249,190,283,1160,1472,152,1241,484
ENSG00000197444.11,1,73,6,57,104,1,47,109
ENSG00000197446.10,0,0,0,0,0,0,0,0
ENSG00000197448.15,1272,1787,1191,4967,6804,689,3424,3105
ENSG00000197451.13,2778,1046,907,3244,2316,499,1269,1188
ENSG00000197454.2,0,0,0,0,0,0,0,0
ENSG00000197457.11,417,263,651,271,275,30,140,138
ENSG00000197461.14,389,110,175,445,496,66,257,206
ENSG00000197465.14,11,29,75,4,16,2,8,1
ENSG00000197467.17,11,12,20,63,39,5,20,7
ENSG00000197471.13,11,56,19,95,99,6,48,20
ENSG00000197472.15,3,0,0,2,2,0,0,0
ENSG00000197479.7,11,6,10,31,29,2,27,0
ENSG00000197483.11,41,31,24,37,69,19,31,49
ENSG00000197487.10,0,3,0,0,0,0,0,0
ENSG00000197496.7,85,114,74,93,203,14,100,53
ENSG00000197497.12,13,22,13,16,36,0,9,5
ENSG00000197498.14,1119,408,319,715,760,62,361,231
ENSG00000197506.8,1,1,10,17,23,1,16,0
ENSG00000197520.12,1,3,0,0,4,0,3,0
ENSG00000197530.14,201,108,128,301,1010,221,796,1225
ENSG00000197532.3,0,0,0,1,0,0,0,0
ENSG00000197535.16,201,78,127,463,404,34,412,119
ENSG00000197540.8,2,28,14,0,15,1,5,1
ENSG00000197548.14,168,138,150,295,396,57,273,129
ENSG00000197555.11,121,119,93,379,292,27,148,110
ENSG00000197557.7,33,58,27,210,315,16,130,59
ENSG00000197561.8,11,26,146,1,9,3,4,7
ENSG00000197562.11,168,108,165,117,360,64,271,221
ENSG00000197563.12,213,218,112,639,672,63,485,186
ENSG00000197565.18,15,49,17,531,700,45,465,167
ENSG00000197566.11,14,45,12,27,83,4,28,12
ENSG00000197576.15,2,7,7,7,44,2,14,9
ENSG00000197579.9,167,165,77,451,459,36,316,153
ENSG00000197580.14,598,364,183,2971,3228,253,1875,858
ENSG00000197584.14,8,192,20,44,131,0,74,44
ENSG00000197586.14,1576,851,675,2487,2686,557,1327,1574
ENSG00000197587.13,1,3,2,0,0,0,0,0
ENSG00000197591.3,0,0,0,0,0,0,0,0
ENSG00000197594.15,387,210,64,187,266,7,83,76
ENSG00000197599.13,9,6,6,2,22,1,8,5
ENSG00000197601.16,591,564,259,1630,1456,65,918,289
ENSG00000197603.17,96,117,42,401,315,12,295,127
ENSG00000197608.13,204,120,118,231,245,17,199,66
ENSG00000197614.12,2612,695,1042,383,1118,118,443,360
ENSG00000197616.14,3069,1083,233,64844,227575,26130,59344,7046
ENSG00000197617.9,0,0,0,0,0,0,0,0
ENSG00000197619.16,109,136,63,347,427,24,201,126
ENSG00000197620.12,239,393,119,603,662,99,312,388
ENSG00000197622.14,2627,2090,904,1543,1585,76,1006,469
ENSG00000197629.7,86,73,210,496,865,55,373,45
ENSG00000197632.10,1,1,8,4,2,0,1,0
ENSG00000197635.12,111,253,61,233,329,16,103,95
ENSG00000197641.12,1,1,0,0,0,0,0,0
ENSG00000197646.9,50,111,36,109,77,6,31,12
ENSG00000197647.14,50,47,35,90,170,10,106,46
ENSG00000197651.4,0,0,0,0,0,0,0,0
ENSG00000197653.17,0,0,0,0,0,0,0,0
ENSG00000197658.10,0,3,1,5,1,0,0,0
ENSG00000197674.8,0,0,0,0,0,0,0,0
ENSG00000197683.5,0,0,0,0,0,0,0,0
ENSG00000197694.20,2727,2064,2096,11791,8343,1530,4700,3995
ENSG00000197696.10,168,42,40,63,63,10,72,17
ENSG00000197702.15,2090,1078,816,6104,3129,466,1703,1187
ENSG00000197705.11,1,6,1,0,5,0,1,0
ENSG00000197706.5,0,0,0,0,3,0,0,0
ENSG00000197712.13,1203,523,398,796,729,64,296,233
ENSG00000197713.16,413,287,129,423,538,31,298,122
ENSG00000197714.10,22,43,6,141,147,3,78,25
ENSG00000197721.17,0,0,19,1,0,0,0,0
ENSG00000197724.13,688,512,389,1476,1830,166,1040,776
ENSG00000197728.12,5231,3833,3595,3620,5676,899,2309,2379
ENSG00000197745.3,0,0,0,0,0,0,0,0
ENSG00000197746.16,11261,9425,5637,41480,45393,5458,21275,21466
ENSG00000197747.10,3641,2466,2906,4210,2991,287,1588,953
ENSG00000197748.14,4,20,3,5,9,0,2,0
ENSG00000197753.11,1,0,0,0,1,0,20,18
ENSG00000197756.11,12348,12312,9739,13466,17101,2475,8262,11182
ENSG00000197757.8,4,2,2,1,5,1,1,1
ENSG00000197763.20,73,72,47,165,158,11,75,53
ENSG00000197766.10,4850,2655,5174,378,1691,514,4049,2177
ENSG00000197768.12,1,1,0,0,2,1,10,4
ENSG00000197769.7,21,11,8,8,12,0,1,8
ENSG00000197771.14,840,650,326,1354,1244,115,819,385
ENSG00000197774.14,200,83,178,120,209,34,279,227
ENSG00000197776.9,35,63,26,126,180,9,145,27
ENSG00000197779.16,130,72,75,334,278,10,217,71
ENSG00000197780.11,464,848,131,1344,1043,97,462,377
ENSG00000197782.16,98,107,78,266,292,13,206,104
ENSG00000197785.15,463,203,206,357,529,138,250,351
ENSG00000197786.3,0,0,0,0,0,0,0,0
ENSG00000197790.1,0,0,0,0,0,0,0,0
ENSG00000197798.10,427,202,76,944,576,62,280,218
ENSG00000197808.14,47,74,48,129,162,4,79,65
ENSG00000197816.17,53,93,84,73,200,8,161,16
ENSG00000197818.13,209,116,268,471,440,40,266,216
ENSG00000197822.13,128,156,76,23,52,2,67,26
ENSG00000197826.13,1,2,1,0,0,0,0,0
ENSG00000197837.4,2,3,5,19,17,0,11,5
ENSG00000197838.6,0,0,0,0,0,0,0,0
ENSG00000197841.16,133,169,79,640,934,34,600,236
ENSG00000197849.7,0,0,0,0,0,0,0,0
ENSG00000197852.12,505,249,280,1356,1247,159,576,357
ENSG00000197857.17,213,247,226,480,631,38,385,249
ENSG00000197858.13,786,357,483,735,1546,328,781,965
ENSG00000197859.12,906,149,328,108,257,47,173,85
ENSG00000197860.11,109,160,59,213,251,16,127,56
ENSG00000197863.10,44,36,23,163,182,20,96,47
ENSG00000197870.14,0,0,0,0,0,0,0,0
ENSG00000197872.12,183,369,226,197,339,17,161,72
ENSG00000197879.18,3227,2206,1315,7462,6776,1457,3858,3663
ENSG00000197885.12,150,117,52,585,752,61,477,228
ENSG00000197887.6,0,0,0,0,0,0,0,0
ENSG00000197888.4,0,0,0,0,0,0,0,0
ENSG00000197889.11,1,1,1,0,3,0,1,0
ENSG00000197891.12,0,8,2,0,0,0,0,0
ENSG00000197892.13,369,144,128,575,535,67,262,190
ENSG00000197893.15,23852,5509,2247,154779,49622,8357,21474,19863
ENSG00000197894.13,849,1330,939,3518,6427,567,3284,2328
ENSG00000197901.13,0,16,5,0,0,0,0,1
ENSG00000197903.10,479,236,220,159,247,29,109,107
ENSG00000197905.10,626,162,127,698,159,29,49,80
ENSG00000197912.17,921,947,1281,2064,3331,451,1674,1831
ENSG00000197915.7,0,0,0,0,0,0,5,2
ENSG00000197919.6,0,0,0,0,0,0,0,0
ENSG00000197921.6,0,0,0,0,0,0,2,19
ENSG00000197928.12,48,63,33,221,171,5,105,54
ENSG00000197930.14,854,766,393,1134,698,67,434,250
ENSG00000197933.14,80,142,51,76,100,6,19,45
ENSG00000197935.8,10,14,38,12,8,0,10,6
ENSG00000197937.14,181,181,87,395,412,23,200,92
ENSG00000197938.6,0,0,0,0,0,0,0,0
ENSG00000197943.14,159,246,256,326,406,29,206,131
ENSG00000197948.12,262,141,282,72,172,6,87,35
ENSG00000197951.12,136,110,48,191,216,37,120,133
ENSG00000197953.6,0,0,0,0,0,0,0,0
ENSG00000197956.11,10845,7324,8875,5612,4450,1246,2272,3547
ENSG00000197958.14,13116,8919,14964,7898,12257,2130,7445,5542
ENSG00000197959.15,53,176,30,93,104,5,74,30
ENSG00000197961.12,588,371,267,660,643,22,242,185
ENSG00000197965.13,3213,1044,1776,1717,1749,133,855,519
ENSG00000197969.14,274,262,170,2102,1736,147,1571,456
ENSG00000197971.16,256,448,205,815,1729,157,821,411
ENSG00000197976.13,630,595,504,519,788,86,645,396
ENSG00000197977.5,465,261,182,564,210,24,121,70
ENSG00000197978.10,184,148,108,196,319,0,121,70
ENSG00000197980.14,0,8,5,3,16,3,8,4
ENSG00000197982.14,438,603,263,443,604,134,288,489
ENSG00000197991.11,0,0,0,0,0,0,0,0
ENSG00000197992.8,0,5,2,1,13,1,3,2
ENSG00000197993.10,7,0,123,7,8,0,3,1
ENSG00000198000.13,449,323,314,553,560,42,364,161
ENSG00000198001.17,235,189,249,297,325,12,166,71
ENSG00000198003.13,24,43,51,6,12,2,6,8
ENSG00000198010.13,0,0,0,0,0,0,0,0
ENSG00000198015.15,614,549,263,1035,1306,71,657,351
ENSG00000198018.8,224,74,39,159,94,8,96,89
ENSG00000198021.8,0,0,0,0,0,0,0,0
ENSG00000198026.9,312,190,324,414,452,51,253,217
ENSG00000198028.4,0,0,0,0,1,0,2,1
ENSG00000198033.13,0,0,0,0,1,2,0,1
ENSG00000198034.12,13092,10049,11826,11049,15444,1652,6946,6593
ENSG00000198039.13,31,36,18,31,69,1,35,8
ENSG00000198040.12,301,500,324,533,827,35,442,215
ENSG00000198042.12,555,255,165,647,401,37,241,138
ENSG00000198046.14,68,87,37,178,233,6,80,81
ENSG00000198049.7,1,0,0,0,2,0,0,0
ENSG00000198053.13,1215,336,787,1562,1115,213,490,497
ENSG00000198055.12,277,209,351,405,424,88,186,308
ENSG00000198056.17,19,41,13,36,112,7,86,4
ENSG00000198060.11,699,425,174,1401,979,81,595,255
ENSG00000198062.16,0,0,0,0,0,0,0,0
ENSG00000198064.16,156,132,119,1040,487,1,325,63
ENSG00000198074.11,1,1,0,3,2,2,2,0
ENSG00000198075.11,99,408,75,91,314,23,104,79
ENSG00000198077.12,0,2,0,0,0,0,0,3
ENSG00000198081.12,133,112,77,277,399,24,256,109
ENSG00000198083.9,0,0,0,0,0,0,0,0
ENSG00000198087.8,316,782,89,731,732,30,382,110
ENSG00000198088.11,1,4,1,8,33,0,12,4
ENSG00000198089.17,135,87,132,97,169,7,74,85
ENSG00000198090.4,0,0,0,0,0,0,0,0
ENSG00000198092.6,0,0,0,0,0,0,0,0
ENSG00000198093.12,83,105,26,266,302,29,161,71
ENSG00000198099.10,1,998,12,2,8,0,0,0
ENSG00000198104.4,0,0,0,0,0,0,0,0
ENSG00000198105.17,311,223,178,441,634,38,498,250
ENSG00000198108.4,40,67,13,40,41,2,31,8
ENSG00000198113.4,143,88,88,398,662,102,295,343
ENSG00000198121.16,623,633,622,437,652,35,261,139
ENSG00000198125.14,26654,38791,10463,292746,363275,31083,146588,161184
ENSG00000198128.4,0,0,0,0,0,0,0,0
ENSG00000198129.3,0,0,0,0,0,0,0,0
ENSG00000198130.17,201,287,90,486,976,46,496,165
ENSG00000198131.16,205,205,122,480,791,53,350,267
ENSG00000198133.10,22,33,28,52,76,7,18,20
ENSG00000198142.5,138,131,68,138,123,8,74,34
ENSG00000198146.5,534,417,202,1394,2018,120,1174,416
ENSG00000198156.11,21,4,39,12,9,0,0,1
ENSG00000198157.12,29,86,27,69,116,14,110,4
ENSG00000198160.15,404,614,241,788,784,29,407,129
ENSG00000198162.12,453,389,164,1145,1318,57,834,221
ENSG00000198168.9,154,365,135,444,589,25,363,165
ENSG00000198169.10,288,662,227,403,746,17,357,114
ENSG00000198171.14,438,204,266,601,783,164,482,432
ENSG00000198173.5,0,0,0,0,0,0,0,0
ENSG00000198176.14,643,356,454,1604,1499,114,821,626
ENSG00000198178.12,1,0,1,0,4,0,2,0
ENSG00000198182.14,114,55,42,228,233,11,81,88
ENSG00000198183.14,0,0,0,0,0,0,0,0
ENSG00000198185.13,37,55,32,26,89,7,69,9
ENSG00000198189.12,743,1123,731,385,684,60,317,128
ENSG00000198198.17,599,286,491,1245,1042,135,710,346
ENSG00000198203.11,0,33,1,1,11,1,28,7
ENSG00000198205.7,43,69,30,96,205,13,126,66
ENSG00000198208.13,143,55,154,248,402,35,205,160
ENSG00000198211.8,0,0,0,0,0,0,0,0
ENSG00000198216.14,2,0,8,23,17,8,18,0
ENSG00000198218.13,655,533,413,1423,1600,160,742,472
ENSG00000198223.20,19,37,110,44,64,6,37,14
ENSG00000198225.6,2,3,7,7,6,1,7,2
ENSG00000198231.15,1147,693,677,3011,2578,285,1693,1065
ENSG00000198242.15,7865,7973,7197,9075,13263,1879,6659,7235
ENSG00000198246.10,80,44,43,59,62,8,16,34
ENSG00000198252.13,221,390,105,612,848,65,501,178
ENSG00000198258.12,1946,2288,934,2610,3413,615,2090,2918
ENSG00000198265.13,345,502,168,1355,1387,89,1005,426
ENSG00000198270.15,112,142,69,625,981,77,632,467
ENSG00000198271.5,0,0,0,0,0,0,0,0
ENSG00000198276.17,482,390,453,455,1761,133,888,734
ENSG00000198283.3,0,0,0,0,0,0,0,0
ENSG00000198286.12,3,26,2,16,39,1,13,3
ENSG00000198298.14,53,20,20,48,60,5,23,10
ENSG00000198300.14,113,171,48,395,444,44,304,92
ENSG00000198301.13,511,300,238,1056,793,74,435,258
ENSG00000198315.12,298,240,191,975,843,52,781,231
ENSG00000198324.15,304,262,144,1255,1053,86,269,315
ENSG00000198326.10,0,0,0,0,0,0,0,0
ENSG00000198331.12,76,36,42,150,157,12,108,28
ENSG00000198336.10,332,2291,205,2243,8236,650,2147,1332
ENSG00000198342.10,45,60,26,58,87,4,29,18
ENSG00000198346.12,31,32,36,137,72,4,40,20
ENSG00000198353.8,16,4,11,1,3,0,7,4
ENSG00000198354.7,1,1,0,2,8,1,8,9
ENSG00000198355.6,766,1062,828,986,1937,365,643,1124
ENSG00000198356.13,566,433,247,1198,1544,262,660,882
ENSG00000198363.19,1085,993,558,3571,5226,338,3576,1216
ENSG00000198369.11,707,738,305,968,882,67,505,371
ENSG00000198373.14,334,343,341,687,1087,135,498,319
ENSG00000198380.14,1369,528,330,2369,1856,148,1389,508
ENSG00000198382.10,272,301,180,588,792,84,448,244
ENSG00000198390.5,0,0,0,0,0,0,0,0
ENSG00000198393.9,152,273,173,200,224,8,100,69
ENSG00000198398.3,0,0,0,0,0,0,0,0
ENSG00000198399.17,512,548,252,1573,1460,97,1118,288
ENSG00000198400.15,49,34,39,19,37,6,8,12
ENSG00000198408.15,1907,2450,2232,4785,5446,415,3426,1268
ENSG00000198417.8,113,562,40,25,12,2,9,3
ENSG00000198420.11,586,727,368,3165,2899,255,1802,654
ENSG00000198429.11,27,27,17,190,169,7,83,24
ENSG00000198431.18,1635,537,624,6702,2748,300,1515,963
ENSG00000198435.4,355,699,59,122,327,43,109,167
ENSG00000198440.10,70,115,47,159,167,7,122,43
ENSG00000198443.8,0,0,0,0,0,0,0,0
ENSG00000198445.4,0,0,0,0,0,0,0,0
ENSG00000198452.8,0,0,0,1,0,0,0,0
ENSG00000198453.16,131,167,97,371,440,19,221,115
ENSG00000198455.5,124,117,59,275,338,26,224,118
ENSG00000198457.13,0,0,0,8,9,0,0,0
ENSG00000198464.15,225,202,115,847,652,61,328,119
ENSG00000198466.13,243,97,91,572,695,37,474,181
ENSG00000198467.17,7326,5017,5381,15231,21722,5092,11115,13549
ENSG00000198471.2,0,0,0,0,0,0,0,0
ENSG00000198478.10,365,425,87,501,576,14,224,222
ENSG00000198482.15,98,91,57,295,510,18,321,143
ENSG00000198483.14,115,69,117,41,72,4,47,13
ENSG00000198488.11,0,1,0,1,0,0,0,1
ENSG00000198492.17,663,784,338,1593,1392,157,934,496
ENSG00000198498.11,206,82,71,229,261,25,118,70
ENSG00000198502.8,1471,2786,2,285,1030,256,224,748
ENSG00000198513.16,67,48,27,37,55,3,44,14
ENSG00000198515.17,1,89,50,11,43,1,5,0
ENSG00000198517.11,1349,555,512,1635,2318,439,1356,2026
ENSG00000198520.13,7,16,30,8,12,0,5,0
ENSG00000198521.13,47,52,18,199,283,18,162,34
ENSG00000198522.15,394,339,156,625,770,50,394,314
ENSG00000198523.7,7308,4098,1422,80456,97980,6280,57513,18306
ENSG00000198535.5,4,0,0,0,0,0,3,1
ENSG00000198538.12,73,80,32,270,244,18,104,104
ENSG00000198542.16,249,380,225,75,223,11,250,74
ENSG00000198546.16,433,305,207,481,724,85,390,451
ENSG00000198547.10,0,10,2,0,10,0,6,0
ENSG00000198551.10,61,88,55,166,323,30,156,63
ENSG00000198553.9,8,7,7,17,21,0,10,3
ENSG00000198554.13,37,37,16,35,84,5,48,16
ENSG00000198556.15,83,126,177,80,109,5,108,39
ENSG00000198561.17,1788,2204,802,4463,4396,353,2737,1070
ENSG00000198563.15,2996,1760,2838,3629,2350,186,944,608
ENSG00000198569.10,0,0,0,0,0,0,0,1
ENSG00000198570.8,9,0,2,2,1,0,0,3
ENSG00000198573.7,0,0,0,0,0,0,0,0
ENSG00000198574.7,0,16,0,2,11,2,0,6
ENSG00000198576.4,37,15,11,8,1,0,0,1
ENSG00000198585.12,391,574,532,4168,3323,376,1581,1471
ENSG00000198586.15,372,501,229,755,824,59,461,194
ENSG00000198589.16,110,257,121,1134,1220,162,843,447
ENSG00000198597.10,18,39,17,64,43,13,33,33
ENSG00000198598.8,42,18,43,2,27,3,15,10
ENSG00000198601.4,0,0,0,0,0,0,0,0
ENSG00000198604.12,348,343,229,624,358,28,230,95
ENSG00000198610.12,0,88,1,0,0,0,0,0
ENSG00000198612.12,915,841,375,2072,2798,278,1428,938
ENSG00000198624.14,1447,1008,1104,11532,7583,924,3566,2487
ENSG00000198625.16,921,614,477,1145,1208,26,616,279
ENSG00000198626.19,1454,2248,377,89176,50920,6221,44464,19700
ENSG00000198633.12,7,9,34,17,21,3,7,10
ENSG00000198642.8,401,545,233,1052,1020,63,689,305
ENSG00000198643.8,2,0,0,0,3,0,0,0
ENSG00000198646.15,502,447,224,1609,1190,114,833,418
ENSG00000198648.13,496,305,124,1485,998,113,573,326
ENSG00000198650.12,1,412,0,1,3,0,0,0
ENSG00000198663.18,1174,849,787,4684,5050,531,2886,2012
ENSG00000198668.15,6616,8796,2529,24156,17011,1613,9212,7279
ENSG00000198670.14,0,51,0,0,0,0,0,0
ENSG00000198673.12,3,7,2,2,12,0,4,4
ENSG00000198674.3,0,0,0,0,0,0,0,0
ENSG00000198677.14,452,403,257,2059,2320,145,1272,596
ENSG00000198678.5,0,0,0,0,0,0,0,0
ENSG00000198680.6,198,189,159,183,284,44,230,215
ENSG00000198681.7,0,0,0,0,0,0,0,0
ENSG00000198682.14,626,590,135,546,436,52,296,221
ENSG00000198689.14,215,219,80,1074,934,88,507,245
ENSG00000198690.11,247,225,188,322,775,40,530,271
ENSG00000198691.14,16,11,1,9,17,0,11,3
ENSG00000198692.11,0,959,475,4088,5147,391,3092,2524
ENSG00000198695.2,11566,12848,19197,18650,33447,28342,20300,10579
ENSG00000198700.11,696,452,509,1781,1472,126,913,466
ENSG00000198704.10,0,0,0,0,0,0,0,0
ENSG00000198707.18,227,247,129,327,396,19,232,33
ENSG00000198712.1,804008,1136864,1532305,931469,1007053,138590,460767,507711
ENSG00000198715.14,188,267,252,177,423,50,175,130
ENSG00000198718.14,124,174,63,599,785,59,598,189
ENSG00000198719.10,113,161,29,191,109,26,371,210
ENSG00000198720.14,320,89,166,162,189,30,121,45
ENSG00000198721.14,724,1176,309,4425,5422,438,2483,2344
ENSG00000198722.16,826,409,506,1518,1337,126,968,609
ENSG00000198723.11,1,0,1,0,0,0,0,0
ENSG00000198727.2,1215790,1485100,1125181,1175287,920117,101016,410177,495519
ENSG00000198728.11,876,1073,1111,1437,2891,250,1597,1180
ENSG00000198729.6,301,242,93,4619,3712,331,1929,1604
ENSG00000198730.10,426,454,161,1248,1101,129,839,281
ENSG00000198732.12,5,27,6,28,103,16,60,24
ENSG00000198734.13,17,106,47,1762,612,26,181,16
ENSG00000198736.13,203,351,348,260,1020,167,493,601
ENSG00000198739.11,0,0,3,0,0,0,0,0
ENSG00000198740.10,435,330,247,716,677,29,299,226
ENSG00000198742.11,397,205,196,705,533,47,381,273
ENSG00000198743.7,253,140,44,385,278,15,206,43
ENSG00000198746.14,88,97,94,222,305,46,114,126
ENSG00000198752.12,1266,550,526,3981,3377,378,1816,1562
ENSG00000198753.13,27,16,55,41,96,15,64,28
ENSG00000198754.5,65,39,15,79,89,23,39,41
ENSG00000198755.12,7468,7382,5712,5666,8497,1180,4167,5081
ENSG00000198756.12,904,331,124,267,449,36,319,213
ENSG00000198758.12,0,0,0,0,3,0,5,2
ENSG00000198759.13,0,1,0,0,0,0,1,0
ENSG00000198763.3,1475177,1441441,1193900,1019068,743762,130900,392873,381307
ENSG00000198765.12,0,1,0,0,0,0,0,0
ENSG00000198768.12,28,44,7,3,60,6,15,4
ENSG00000198771.12,441,809,337,2237,2609,259,1342,685
ENSG00000198774.5,87,48,26,155,343,24,218,43
ENSG00000198780.14,3,7,2,242,137,7,106,18
ENSG00000198783.6,165,193,114,243,259,25,206,160
ENSG00000198785.7,1,140,4,17,106,10,58,44
ENSG00000198786.2,244677,301478,152507,653917,341852,80007,225138,98608
ENSG00000198788.9,0,0,0,0,0,0,0,0
ENSG00000198791.13,613,826,297,1658,1839,113,965,472
ENSG00000198792.14,1084,408,390,1688,1539,162,708,811
ENSG00000198793.15,620,484,314,2706,1889,321,1112,773
ENSG00000198794.13,40,36,34,29,144,17,43,75
ENSG00000198795.12,226,136,183,209,499,22,295,78
ENSG00000198796.8,518,163,228,12801,4110,640,3185,1691
ENSG00000198797.8,1,0,1,20,14,1,0,2
ENSG00000198798.6,0,0,0,0,0,0,0,0
ENSG00000198799.13,218,247,174,580,499,32,361,206
ENSG00000198804.2,1556835,3393025,1721026,4585343,3583660,601401,2350957,1644365
ENSG00000198805.13,1437,576,762,453,420,18,176,173
ENSG00000198807.13,0,0,2,0,0,0,0,1
ENSG00000198812.5,18,163,14,661,2605,181,707,546
ENSG00000198814.15,70,111,65,423,294,29,187,80
ENSG00000198815.10,621,636,307,1768,1816,164,1020,422
ENSG00000198816.8,927,1022,1129,967,2088,702,1093,1732
ENSG00000198818.11,389,412,193,320,474,25,233,161
ENSG00000198821.13,17,122,14,21,54,8,19,7
ENSG00000198822.12,0,2,0,4,10,0,1,1
ENSG00000198824.9,134,103,76,506,364,39,243,91
ENSG00000198825.16,221,125,91,418,268,28,214,115
ENSG00000198826.12,16,32,59,54,86,0,10,5
ENSG00000198829.7,0,11,12,9,27,2,18,0
ENSG00000198830.14,2033,2935,3584,1464,5653,352,2181,1194
ENSG00000198832.11,1095,992,1295,392,470,98,250,259
ENSG00000198833.8,1301,1052,547,1148,1062,88,644,255
ENSG00000198835.5,41,60,40,16,30,5,38,27
ENSG00000198836.12,582,542,276,4746,4702,494,2869,1382
ENSG00000198837.11,897,394,541,1671,2107,259,1057,952
ENSG00000198838.15,6,3,3,7,21,2,9,9
ENSG00000198839.11,188,279,133,501,827,55,386,237
ENSG00000198840.2,523348,606149,365590,203284,218697,44972,106902,107767
ENSG00000198841.4,73,30,41,138,106,23,59,64
ENSG00000198842.10,604,600,147,11719,4901,1210,3188,2093
ENSG00000198843.14,1199,1138,425,2174,2542,138,1245,670
ENSG00000198844.13,907,1246,1214,844,1721,114,754,445
ENSG00000198846.7,9,18,11,41,50,6,77,7
ENSG00000198848.14,1009,2119,1438,997,1468,196,59,343
ENSG00000198851.11,6,118,7,26,68,6,31,10
ENSG00000198853.13,1108,735,517,1341,1634,197,790,850
ENSG00000198854.5,0,0,0,0,0,0,0,0
ENSG00000198855.8,205,69,50,142,137,17,90,64
ENSG00000198856.14,1642,585,357,720,789,49,360,239
ENSG00000198858.11,708,450,1667,685,640,120,313,378
ENSG00000198860.15,619,376,170,709,859,93,567,363
ENSG00000198862.15,155,210,77,871,873,60,733,184
ENSG00000198863.9,181,135,78,1035,494,62,303,267
ENSG00000198865.11,27,25,31,25,41,3,951,24
ENSG00000198870.8,0,1,4,3,4,0,5,1
ENSG00000198873.13,1348,1749,1620,2940,1698,178,679,987
ENSG00000198874.15,190,175,93,553,655,48,257,158
ENSG00000198876.14,490,385,955,929,900,57,460,278
ENSG00000198879.13,164,88,70,996,423,39,275,110
ENSG00000198881.10,15,12,0,225,121,13,33,36
ENSG00000198883.12,0,0,0,2,0,0,0,0
ENSG00000198885.11,36,59,24,65,116,5,62,18
ENSG00000198886.2,2412008,2515961,2784220,1764713,2007339,240472,765267,996751
ENSG00000198887.10,586,315,272,1075,613,42,478,185
ENSG00000198888.2,1239997,1286231,1204363,1079846,685889,91457,270941,368615
ENSG00000198889.5,0,0,0,0,1,0,2,0
ENSG00000198890.9,144,61,62,147,204,11,119,31
ENSG00000198892.8,450,435,137,2543,1871,681,1048,1547
ENSG00000198894.9,250,154,104,2108,2939,125,1549,902
ENSG00000198898.17,1339,1598,433,6877,6410,338,3680,1486
ENSG00000198899.2,1653181,1853207,1314946,999200,1285180,178080,494319,632274
ENSG00000198900.7,690,496,378,1470,1274,107,930,312
ENSG00000198901.15,23,44,116,73,143,12,53,67
ENSG00000198908.13,20,74,27,62,260,23,120,26
ENSG00000198909.9,1390,588,694,3913,1860,216,841,913
ENSG00000198910.15,127,68,80,216,384,45,226,217
ENSG00000198911.14,970,532,472,3814,4227,559,2037,1700
ENSG00000198912.12,336,145,193,291,422,22,197,159
ENSG00000198914.5,1,12,0,1,4,0,0,0
ENSG00000198915.13,9,25,20,24,46,7,30,40
ENSG00000198917.14,539,241,316,380,534,67,283,342
ENSG00000198918.9,7392,8106,6429,5815,9335,1152,4517,4656
ENSG00000198919.14,179,160,94,663,1015,78,723,311
ENSG00000198920.11,201,154,131,199,227,10,114,53
ENSG00000198924.9,82,91,24,351,315,18,178,87
ENSG00000198925.13,810,511,524,3157,3102,500,1322,1392
ENSG00000198929.14,7,2,5,64,56,11,40,23
ENSG00000198930.14,0,1,2,1,0,0,0,0
ENSG00000198931.12,1435,756,468,454,735,137,242,451
ENSG00000198932.14,136,368,211,556,798,22,623,235
ENSG00000198933.12,293,351,212,501,625,99,313,304
ENSG00000198934.5,27,16,18,108,133,25,100,49
ENSG00000198937.10,226,200,61,158,316,43,175,192
ENSG00000198938.2,1759522,2015823,2448463,1250079,1712503,211291,758726,878064
ENSG00000198939.9,19,70,27,21,56,4,32,9
ENSG00000198944.6,1,4,2,1,7,0,0,2
ENSG00000198945.9,98,134,57,106,94,3,89,52
ENSG00000198947.18,547,422,245,8617,4904,714,3973,1441
ENSG00000198948.13,56,89,16,150,142,6,109,24
ENSG00000198951.13,411,265,253,717,639,76,270,222
ENSG00000198952.9,2031,736,707,4570,4427,359,1515,1681
ENSG00000198954.10,314,235,131,2424,1484,205,990,489
ENSG00000198959.13,12767,2957,3499,42345,15452,5909,6199,6053
ENSG00000198960.12,302,292,188,489,657,82,270,269
ENSG00000198961.12,961,1158,429,5247,4110,337,2300,872
ENSG00000198963.11,21,16,6,141,180,10,93,69
ENSG00000198964.15,363,268,124,1054,784,40,404,180
ENSG00000198965.5,0,0,0,0,0,0,0,0
ENSG00000198967.5,0,0,0,1,0,1,0,0
ENSG00000203326.13,62,43,71,128,113,4,74,26
ENSG00000203485.15,669,741,715,499,1430,172,844,551
ENSG00000203499.12,0,6,0,5,13,0,1,3
ENSG00000203546.7,0,9,11,25,37,5,14,37
ENSG00000203618.7,43,184,98,40,184,64,88,279
ENSG00000203661.4,0,0,0,0,0,0,0,0
ENSG00000203663.4,3,3,3,16,19,0,5,0
ENSG00000203666.14,97,171,143,274,934,25,446,316
ENSG00000203667.11,1046,956,459,1414,2118,298,1327,636
ENSG00000203668.3,112,95,43,308,381,17,269,88
ENSG00000203685.11,127,91,208,168,180,25,121,70
ENSG00000203697.13,2,3,2,4,1,0,1,0
ENSG00000203705.12,110,126,108,401,775,68,457,237
ENSG00000203710.13,7,20,193,99,46,7,23,5
ENSG00000203722.9,2,4,1,6,5,1,3,3
ENSG00000203724.12,12,36,2,30,40,3,28,46
ENSG00000203727.4,34,31,5,37,53,0,29,7
ENSG00000203730.3,0,0,0,0,0,0,1,0
ENSG00000203733.6,0,0,0,0,0,0,0,0
ENSG00000203734.13,13,14,9,73,62,6,64,19
ENSG00000203737.5,1,1,0,0,1,0,0,0
ENSG00000203740.5,1,15,3,45,85,7,47,31
ENSG00000203747.14,107,119,409,645,412,32,129,19
ENSG00000203756.9,0,0,0,0,0,0,0,0
ENSG00000203757.2,0,0,0,0,0,0,0,0
ENSG00000203760.10,17,8,37,6,27,1,1,1
ENSG00000203772.9,3,2,2,0,5,3,5,2
ENSG00000203778.9,241,591,115,578,1055,122,510,511
ENSG00000203780.13,14,23,12,8,12,0,5,3
ENSG00000203782.6,0,0,0,0,0,0,0,0
ENSG00000203783.5,0,0,0,0,0,0,0,0
ENSG00000203784.3,0,0,0,0,0,0,0,0
ENSG00000203785.9,0,0,1,0,0,0,0,0
ENSG00000203786.7,0,0,0,0,0,0,0,0
ENSG00000203791.16,173,239,110,222,388,21,248,119
ENSG00000203795.3,0,0,0,0,0,0,0,0
ENSG00000203797.13,28,97,27,481,800,71,460,393
ENSG00000203805.11,2,2,3,1,1,0,2,1
ENSG00000203811.2,0,0,0,0,0,0,0,3
ENSG00000203814.7,2,7,16,16,15,0,9,12
ENSG00000203837.5,0,0,0,0,0,0,0,0
ENSG00000203852.4,0,0,0,0,0,0,0,0
ENSG00000203857.10,0,0,0,0,1,0,0,0
ENSG00000203859.11,0,0,0,2,2,0,0,0
ENSG00000203867.10,557,479,268,5084,7048,614,4826,1897
ENSG00000203870.6,2,3,0,0,1,0,0,0
ENSG00000203872.7,19,28,35,9,37,0,26,5
ENSG00000203877.9,5,1,0,1,1,0,5,1
ENSG00000203879.13,2886,1212,2100,3530,3185,432,1737,1389
ENSG00000203880.14,426,855,396,1841,3878,81,1878,617
ENSG00000203883.7,680,1033,225,93,429,252,363,1215
ENSG00000203896.11,49,92,105,11,38,0,28,21
ENSG00000203907.10,3,4,1,0,3,0,0,0
ENSG00000203908.4,0,0,0,0,0,0,0,0
ENSG00000203909.4,0,0,0,0,0,0,0,0
ENSG00000203910.9,0,0,0,0,0,0,0,0
ENSG00000203923.5,0,0,0,0,0,0,0,0
ENSG00000203926.5,0,0,0,0,0,0,0,0
ENSG00000203933.3,0,0,0,0,0,0,0,0
ENSG00000203942.5,9,4,10,5,8,0,2,1
ENSG00000203943.9,1,17,4,4,44,1,20,2
ENSG00000203950.7,561,544,592,725,1056,178,531,472
ENSG00000203952.11,0,3,0,1,5,0,0,1
ENSG00000203963.12,0,0,0,0,0,0,0,0
ENSG00000203965.14,43,82,30,95,246,5,193,55
ENSG00000203970.4,0,0,0,0,0,0,0,0
ENSG00000203972.10,0,0,0,0,0,0,0,0
ENSG00000203985.12,2,10,2,0,0,0,0,0
ENSG00000203989.5,0,0,0,0,0,0,0,0
ENSG00000203995.11,1,0,0,1,1,0,1,0
ENSG00000204001.11,2,0,0,0,0,0,0,0
ENSG00000204003.8,281,8,66,31,32,0,4,52
ENSG00000204006.11,0,0,0,0,0,0,0,0
ENSG00000204007.9,0,0,0,0,0,0,0,0
ENSG00000204010.3,6,4,102,6,0,0,3,0
ENSG00000204019.5,0,0,0,0,0,0,0,0
ENSG00000204020.6,0,0,13,0,3,0,0,0
ENSG00000204021.5,0,0,0,0,0,0,0,0
ENSG00000204022.9,0,1,1,0,0,0,0,0
ENSG00000204025.8,0,0,1,1,1,0,0,0
ENSG00000204033.10,1,0,3,0,0,0,0,0
ENSG00000204052.6,16,15,4,39,31,9,12,19
ENSG00000204060.8,0,0,0,0,1,11,0,7
ENSG00000204065.4,34,41,4,11,16,1,6,1
ENSG00000204070.11,483,327,215,903,788,73,328,366
ENSG00000204071.11,0,0,0,1,3,0,1,0
ENSG00000204084.15,388,221,339,637,552,28,332,174
ENSG00000204086.4,1,1,2,4,2,0,0,0
ENSG00000204099.13,4,4,1,1,25,1,1,0
ENSG00000204103.4,159,150,249,436,391,58,344,112
ENSG00000204104.13,173,249,185,432,459,45,195,71
ENSG00000204116.12,163,218,100,507,667,41,412,119
ENSG00000204120.17,594,519,285,3026,2418,287,1473,588
ENSG00000204128.7,0,22,2,4,13,1,1,0
ENSG00000204130.15,176,196,90,279,333,7,197,53
ENSG00000204131.11,328,321,148,360,468,30,172,94
ENSG00000204136.13,54,276,137,285,833,49,367,131
ENSG00000204138.14,504,531,218,1447,892,59,616,220
ENSG00000204140.10,0,0,0,0,0,0,0,0
ENSG00000204147.12,79,64,41,158,270,33,126,56
ENSG00000204149.16,377,111,319,103,176,0,282,200
ENSG00000204152.15,105,71,35,530,559,58,305,214
ENSG00000204160.13,837,431,430,613,714,72,274,306
ENSG00000204161.16,464,596,425,388,747,38,508,225
ENSG00000204165.6,0,0,13,0,0,0,0,0
ENSG00000204172.12,189,110,174,177,303,7,181,46
ENSG00000204174.9,0,0,0,0,2,0,4,0
ENSG00000204175.7,0,22,0,1,1,0,0,0
ENSG00000204176.15,59,25,15,156,191,18,57,46
ENSG00000204178.12,406,287,356,547,662,74,420,165
ENSG00000204179.12,37,4,1,170,401,19,313,142
ENSG00000204186.12,103,113,24,393,333,9,305,85
ENSG00000204193.12,0,0,0,0,0,0,0,0
ENSG00000204195.4,0,0,0,0,0,0,0,0
ENSG00000204197.9,0,0,0,0,0,0,0,0
ENSG00000204209.14,270,261,231,96,373,2,20,6
ENSG00000204217.16,1638,1638,508,5475,3461,236,1942,742
ENSG00000204219.12,108,498,260,1941,2872,338,1583,624
ENSG00000204220.13,747,456,303,511,605,95,282,286
ENSG00000204221.11,42,5,0,346,50,58,233,30
ENSG00000204227.6,486,215,566,855,845,0,0,121
ENSG00000204228.5,68,233,31,256,527,0,44,19
ENSG00000204231.12,0,93,336,629,1382,0,3,4
ENSG00000204237.6,87,105,139,39,193,34,101,169
ENSG00000204246.4,0,0,0,0,0,0,0,0
ENSG00000204248.13,1,0,0,10,138,0,0,0
ENSG00000204252.15,41,0,0,0,10,0,53,22
ENSG00000204256.16,318,98,631,1355,1379,222,459,441
ENSG00000204257.16,5,239,186,41,116,47,118,4
ENSG00000204262.15,1947,809,551,983,1639,124,718,437
ENSG00000204264.13,403,560,335,336,701,0,259,0
ENSG00000204267.20,318,269,74,706,358,10,10,130
ENSG00000204271.13,97,115,104,141,207,8,136,64
ENSG00000204272.14,367,404,211,384,401,42,240,263
ENSG00000204278.15,0,0,0,0,0,0,0,0
ENSG00000204279.8,0,0,0,0,0,0,0,0
ENSG00000204287.15,813,2244,11,29,1214,0,14,1
ENSG00000204290.11,0,0,0,0,1,0,0,0
ENSG00000204291.13,5162,5351,1171,5037,8382,742,4602,1763
ENSG00000204296.13,0,0,0,0,0,0,0,0
ENSG00000204300.7,0,0,0,0,0,0,0,0
ENSG00000204301.7,296,175,62,888,897,88,82,154
ENSG00000204304.12,1190,0,0,94,173,117,77,0
ENSG00000204305.17,121,490,167,24,55,0,0,20
ENSG00000204308.9,631,532,329,2204,1794,0,784,568
ENSG00000204310.14,618,351,588,627,2126,249,19,393
ENSG00000204311.16,12,37,68,22,54,1,39,11
ENSG00000204314.13,19,34,30,0,17,2,14,12
ENSG00000204315.5,49,42,56,26,49,0,0,0
ENSG00000204316.14,791,970,617,1015,2275,344,873,1204
ENSG00000204323.6,21,220,107,87,718,44,187,337
ENSG00000204334.8,10,23,8,35,46,7,51,28
ENSG00000204335.4,1,3,0,3,3,1,2,0
ENSG00000204344.17,271,113,72,130,252,0,158,0
ENSG00000204345.1,0,0,0,1,0,0,0,0
ENSG00000204347.4,0,1,0,0,0,0,0,0
ENSG00000204348.11,289,170,184,253,242,26,85,107
ENSG00000204351.14,502,86,276,218,319,102,117,127
ENSG00000204356.15,1117,888,667,979,1315,132,238,362
ENSG00000204359.9,0,0,0,0,0,0,0,0
ENSG00000204361.10,1,0,0,7,1,0,0,0
ENSG00000204363.5,0,0,0,0,0,0,0,0
ENSG00000204364.10,0,83,0,0,46,0,3,0
ENSG00000204366.4,0,0,0,0,0,0,33,0
ENSG00000204370.15,1059,985,489,5277,8311,517,3911,2034
ENSG00000204371.13,239,177,276,59,182,0,6,136
ENSG00000204379.11,0,0,0,0,0,0,0,0
ENSG00000204381.13,118,154,43,129,192,8,48,37
ENSG00000204382.13,0,0,0,0,0,0,0,0
ENSG00000204385.14,6,21,4,0,0,0,0,0
ENSG00000204386.14,390,419,248,630,531,19,68,190
ENSG00000204388.7,2387,0,0,0,0,285,0,0
ENSG00000204389.11,2794,91,0,0,3539,134,6,15
ENSG00000204390.11,18,0,32,6,30,22,166,0
ENSG00000204392.12,444,412,188,342,498,0,0,17
ENSG00000204394.14,161,7,0,321,221,118,89,7
ENSG00000204396.11,0,0,0,49,48,0,195,59
ENSG00000204397.12,127,540,118,92,143,15,89,30
ENSG00000204403.11,6,5,2,1,11,0,5,2
ENSG00000204406.14,134,185,72,446,510,40,337,138
ENSG00000204410.16,0,11,16,5,1,0,2,0
ENSG00000204414.14,0,0,0,0,0,0,0,0
ENSG00000204420.10,4,0,0,0,0,0,0,0
ENSG00000204421.3,2,7,5,0,1,0,0,0
ENSG00000204424.10,0,0,0,0,0,0,0,0
ENSG00000204427.13,450,118,96,64,440,17,12,11
ENSG00000204428.12,7,2,6,6,5,0,1,4
ENSG00000204435.15,780,10,490,985,1035,2,7,5
ENSG00000204438.12,131,205,57,325,491,92,195,116
ENSG00000204439.4,0,0,0,0,0,66,0,0
ENSG00000204442.4,7,13,5,5,21,0,14,4
ENSG00000204444.11,15,131,20,37,0,0,0,3
ENSG00000204449.3,0,0,0,0,0,0,0,0
ENSG00000204450.9,0,0,0,0,0,0,0,0
ENSG00000204463.15,1648,272,453,3199,3466,1316,1047,1751
ENSG00000204469.13,208,0,0,0,129,202,43,0
ENSG00000204472.14,60,182,383,230,238,7,29,0
ENSG00000204475.11,1,0,0,0,3,0,0,0
ENSG00000204478.11,0,0,0,0,0,0,0,0
ENSG00000204479.4,0,0,0,0,0,0,0,0
ENSG00000204480.9,0,0,0,0,0,0,0,0
ENSG00000204481.8,0,0,0,0,0,0,0,0
ENSG00000204482.12,24,50,133,79,48,1,9,10
ENSG00000204490.3,16,127,0,17,5,0,0,0
ENSG00000204498.11,0,0,0,0,0,28,0,0
ENSG00000204501.7,0,0,0,0,0,0,0,0
ENSG00000204505.5,0,0,0,0,0,0,0,0
ENSG00000204510.6,0,0,0,0,0,0,0,0
ENSG00000204511.3,0,0,0,0,0,0,0,0
ENSG00000204514.11,80,54,72,185,244,29,145,150
ENSG00000204516.10,19,0,19,14,21,3,24,4
ENSG00000204518.3,0,3,0,0,0,0,0,0
ENSG00000204519.11,25,15,24,133,139,10,108,43
ENSG00000204520.15,288,251,4,9,260,16,317,175
ENSG00000204524.7,235,278,109,336,342,12,185,98
ENSG00000204525.19,4104,45,1873,5492,3253,768,2458,143
ENSG00000204531.21,37,15,10,22,49,0,5,6
ENSG00000204532.9,0,0,0,0,0,0,0,0
ENSG00000204536.15,104,24,38,147,258,46,46,22
ENSG00000204538.4,0,0,0,0,0,0,0,0
ENSG00000204539.4,0,0,0,0,0,19,0,0
ENSG00000204540.11,0,3,22,7,2,0,0,0
ENSG00000204542.3,0,0,0,0,0,0,0,0
ENSG00000204544.5,0,0,0,0,0,0,0,0
ENSG00000204548.4,0,0,0,0,0,0,0,0
ENSG00000204560.11,408,353,346,1002,838,20,71,156
ENSG00000204564.13,51,187,114,411,414,201,403,463
ENSG00000204568.13,920,843,424,3331,4575,229,548,1145
ENSG00000204569.11,9,379,153,533,961,57,338,35
ENSG00000204571.7,0,0,0,0,0,0,0,0
ENSG00000204572.10,0,1,0,0,0,0,0,0
ENSG00000204574.15,210,156,165,1249,1101,3,238,199
ENSG00000204576.13,23,0,0,35,60,0,36,34
ENSG00000204577.13,18,53,14,0,23,0,5,0
ENSG00000204580.15,94,29,18,717,199,141,236,70
ENSG00000204583.11,2,3,11,2,3,0,0,0
ENSG00000204590.14,773,630,468,605,576,65,276,241
ENSG00000204592.10,4581,17468,5384,5486,6810,199,547,1202
ENSG00000204595.3,0,5,0,8,11,0,5,0
ENSG00000204599.17,198,175,12,356,186,10,77,204
ENSG00000204604.14,78,70,42,252,212,4,133,75
ENSG00000204610.15,0,0,0,0,0,0,0,0
ENSG00000204611.8,146,112,50,143,205,20,102,63
ENSG00000204612.2,0,0,0,0,0,0,0,0
ENSG00000204613.11,1,1,17,0,1,0,0,0
ENSG00000204614.10,0,1,0,1,0,0,0,0
ENSG00000204616.12,1,1,0,0,0,0,0,0
ENSG00000204618.10,0,0,0,0,0,0,0,2
ENSG00000204619.8,0,0,0,1231,0,99,0,288
ENSG00000204624.9,7,6,2,2,3,0,0,1
ENSG00000204628.13,13601,9585,9647,11078,14105,1837,5945,7627
ENSG00000204632.14,0,1,0,0,2,0,0,0
ENSG00000204634.14,510,324,414,1582,1832,278,1114,776
ENSG00000204640.1,0,0,0,0,0,0,0,0
ENSG00000204642.15,78,127,36,336,68,109,87,300
ENSG00000204644.11,107,6,0,4,179,31,175,117
ENSG00000204653.11,0,12,1,0,0,0,0,0
ENSG00000204655.13,3,0,0,39,6,38,75,32
ENSG00000204657.4,0,0,0,0,0,0,0,0
ENSG00000204659.5,0,0,0,0,0,0,2,0
ENSG00000204661.10,0,0,0,0,0,0,0,0
ENSG00000204669.11,0,0,0,0,0,0,0,0
ENSG00000204671.2,0,0,0,0,0,0,0,0
ENSG00000204673.12,624,387,515,955,1305,260,690,950
ENSG00000204677.14,22,14,15,32,37,2,51,9
ENSG00000204681.12,400,108,244,840,698,39,337,172
ENSG00000204687.4,0,0,0,0,0,0,0,0
ENSG00000204688.10,0,0,0,0,0,0,0,0
ENSG00000204692.9,0,0,0,0,0,0,0,0
ENSG00000204694.13,0,0,0,0,0,0,0,0
ENSG00000204695.4,3,1,0,10,6,0,0,0
ENSG00000204700.5,0,0,0,0,0,0,0,0
ENSG00000204701.3,0,0,0,0,0,0,0,0
ENSG00000204702.6,0,0,0,0,0,0,0,0
ENSG00000204703.5,0,0,0,0,0,0,0,0
ENSG00000204704.3,0,0,0,0,0,0,0,0
ENSG00000204710.3,0,1,0,0,0,0,0,0
ENSG00000204711.10,1,6,2,2,7,0,3,1
ENSG00000204713.12,193,0,9,92,116,0,35,32
ENSG00000204740.11,0,3,1,0,13,1,11,5
ENSG00000204764.15,1,54,21,21,70,6,29,16
ENSG00000204767.4,10,30,0,2,23,3,18,2
ENSG00000204779.2,1,0,0,0,0,0,2,3
ENSG00000204815.11,16,34,18,9,39,3,14,7
ENSG00000204822.8,284,452,223,408,968,179,301,741
ENSG00000204839.9,16,35,76,6,32,4,13,12
ENSG00000204842.19,530,394,234,1318,1256,135,1032,593
ENSG00000204843.14,2572,1286,1053,7255,6692,1762,2908,3312
ENSG00000204849.10,0,0,0,0,0,0,0,0
ENSG00000204851.7,20,83,42,16,67,18,43,19
ENSG00000204852.18,247,240,145,322,545,33,314,122
ENSG00000204856.13,182,41,34,70,137,13,79,58
ENSG00000204859.14,199,235,237,188,336,28,121,138
ENSG00000204866.9,1,1,0,0,0,0,0,0
ENSG00000204869.9,0,0,0,0,1,0,0,0
ENSG00000204873.5,0,0,0,0,0,0,0,0
ENSG00000204880.9,0,0,0,0,0,0,0,0
ENSG00000204882.5,6,0,1,8,12,4,8,0
ENSG00000204887.5,0,0,0,0,0,0,0,0
ENSG00000204889.11,0,0,0,0,0,0,0,0
ENSG00000204897.7,0,0,0,0,0,0,0,0
ENSG00000204899.6,145,205,80,361,380,17,131,70
ENSG00000204909.8,0,0,1,3,7,0,3,2
ENSG00000204913.7,0,0,1,0,2,0,0,0
ENSG00000204919.1,0,0,0,0,0,0,0,0
ENSG00000204920.12,77,80,92,262,261,17,142,97
ENSG00000204922.6,141,192,103,86,299,68,142,269
ENSG00000204923.5,47,73,25,48,102,2,62,33
ENSG00000204928.3,0,3,0,2,11,1,19,4
ENSG00000204930.10,1,0,0,1,0,2,1,0
ENSG00000204936.11,7,3,785,22,8,8,0,1
ENSG00000204941.14,0,0,0,0,0,0,0,0
ENSG00000204946.10,344,157,447,233,285,11,197,79
ENSG00000204947.10,5,14,5,14,48,1,11,22
ENSG00000204950.4,26,9,27,30,35,4,11,8
ENSG00000204952.3,0,0,0,0,0,0,0,0
ENSG00000204954.11,110,171,71,104,222,41,200,179
ENSG00000204956.6,19,1,4,126,73,21,54,49
ENSG00000204961.7,0,0,0,1,0,0,0,0
ENSG00000204962.6,0,12,0,0,0,0,0,0
ENSG00000204963.6,0,0,0,0,0,0,0,2
ENSG00000204965.9,0,2,0,1,2,0,0,0
ENSG00000204967.13,0,0,0,4,7,0,0,2
ENSG00000204969.7,0,0,0,0,2,0,4,0
ENSG00000204970.10,0,0,0,0,0,0,0,0
ENSG00000204977.11,405,454,252,810,998,61,512,222
ENSG00000204978.3,1,2,1,0,1,0,3,1
ENSG00000204979.8,0,0,0,0,0,0,0,0
ENSG00000204983.15,0,0,0,0,0,0,0,0
ENSG00000204991.12,36,22,29,11,29,1,32,13
ENSG00000205002.4,4,1,3,4,4,0,1,0
ENSG00000205022.9,3,0,3,1,2,0,0,0
ENSG00000205029.1,0,0,0,0,0,0,0,0
ENSG00000205030.1,0,0,0,0,0,0,0,0
ENSG00000205038.12,55,17,68,97,305,3,145,28
ENSG00000205045.13,11,83,18,39,87,3,85,1
ENSG00000205060.12,299,122,123,347,261,18,168,74
ENSG00000205076.5,0,0,0,0,0,0,1,0
ENSG00000205078.6,4,15,23,4,7,4,16,12
ENSG00000205084.13,205,101,55,187,307,28,166,110
ENSG00000205085.13,7,17,68,53,117,5,78,44
ENSG00000205089.9,1,2,6,4,1,0,4,2
ENSG00000205090.10,12,17,24,5,59,13,29,52
ENSG00000205097.7,0,0,0,0,0,0,0,0
ENSG00000205108.6,0,1,0,0,0,1,0,4
ENSG00000205111.11,0,0,2,1,4,0,5,0
ENSG00000205116.4,6,1,5,4,3,0,0,1
ENSG00000205126.2,0,0,0,0,0,0,0,0
ENSG00000205129.10,13,11,6,10,17,0,7,3
ENSG00000205133.13,244,274,117,664,672,26,354,142
ENSG00000205138.4,123,151,138,119,286,39,100,190
ENSG00000205143.6,1,0,0,1,0,0,0,0
ENSG00000205155.9,655,482,416,695,701,111,304,326
ENSG00000205177.7,3,0,20,1,0,0,0,0
ENSG00000205186.4,1,2,2,0,0,0,2,0
ENSG00000205189.14,380,767,220,916,1020,58,675,312
ENSG00000205208.6,69,107,69,94,256,18,94,65
ENSG00000205209.8,18,9,15,53,116,5,51,20
ENSG00000205213.15,345,188,184,916,1599,69,1124,334
ENSG00000205220.13,358,950,365,417,671,93,365,540
ENSG00000205221.14,378,746,1062,85,370,64,299,267
ENSG00000205236.6,7,31,0,59,56,0,140,111
ENSG00000205238.12,0,0,1,0,0,5,7,0
ENSG00000205250.10,1275,348,515,1251,1034,108,573,460
ENSG00000205268.12,710,453,408,4112,1988,117,1552,1224
ENSG00000205269.7,55,100,55,404,369,14,301,64
ENSG00000205274.5,0,0,4,0,0,0,0,0
ENSG00000205277.11,13,4,18,0,1,0,1,2
ENSG00000205279.9,0,1,0,0,0,0,0,0
ENSG00000205301.12,0,0,0,0,0,0,0,0
ENSG00000205302.8,397,528,274,858,1124,102,622,399
ENSG00000205307.12,103,56,206,6,85,3,49,32
ENSG00000205309.15,36,132,111,80,238,34,117,189
ENSG00000205323.10,909,1173,489,1137,1583,177,779,699
ENSG00000205327.3,0,0,0,0,0,0,0,0
ENSG00000205328.3,0,0,0,0,0,0,0,0
ENSG00000205329.3,0,0,0,0,0,0,0,0
ENSG00000205330.4,0,0,0,0,0,0,0,0
ENSG00000205336.15,1129,1145,451,1082,797,86,391,461
ENSG00000205339.11,1674,815,446,8036,6791,563,3993,1513
ENSG00000205352.12,991,907,967,1041,1092,138,535,418
ENSG00000205356.11,364,221,308,492,835,86,370,292
ENSG00000205358.5,10,444,11,4,0,0,0,0
ENSG00000205359.10,0,4,3,0,1,0,0,0
ENSG00000205362.12,290,71,210,323,13,2,5,14
ENSG00000205363.8,241,213,88,1229,1910,595,863,1274
ENSG00000205364.5,479,291,579,594,22,9,35,16
ENSG00000205403.16,336,698,333,614,456,49,229,69
ENSG00000205409.3,0,0,0,0,0,0,0,0
ENSG00000205413.8,91,152,57,188,265,13,167,32
ENSG00000205420.11,4,0,0,1,1,0,0,0
ENSG00000205423.13,244,193,110,402,518,28,263,171
ENSG00000205426.11,0,2,0,0,0,0,1,0
ENSG00000205436.9,4,19,19,4,16,1,10,4
ENSG00000205439.10,0,0,0,0,0,0,0,0
ENSG00000205442.13,0,0,0,0,0,0,0,0
ENSG00000205445.3,0,0,0,0,0,0,0,0
ENSG00000205456.12,13,0,4,17,7,3,6,1
ENSG00000205457.12,4,0,8,0,0,0,0,1
ENSG00000205476.9,271,184,51,2605,1526,172,590,800
ENSG00000205482.12,11,6,9,25,68,0,16,31
ENSG00000205495.1,0,0,0,0,0,0,0,0
ENSG00000205496.1,0,0,0,0,0,0,0,0
ENSG00000205497.5,0,0,0,0,0,0,0,0
ENSG00000205502.5,20,96,16,9,43,7,16,28
ENSG00000205517.14,352,94,634,64,166,13,127,40
ENSG00000205531.15,278,699,309,3069,3636,676,1230,297
ENSG00000205542.12,19263,40773,18471,11563,15703,1137,6561,7226
ENSG00000205544.5,339,612,377,375,617,57,401,396
ENSG00000205560.15,971,1527,586,9686,11967,1397,3963,6027
ENSG00000205571.16,0,151,78,122,158,0,2,0
ENSG00000205572.11,61,119,135,294,134,0,33,0
ENSG00000205581.12,1329,1003,773,1133,1599,99,1141,414
ENSG00000205592.16,0,0,0,0,1,0,0,0
ENSG00000205593.13,50,49,114,32,71,6,41,35
ENSG00000205609.14,1416,1614,1480,333,518,0,227,145
ENSG00000205629.13,370,389,223,664,885,109,465,502
ENSG00000205639.12,1,1,22,3,2,0,0,1
ENSG00000205642.11,0,0,4,2,0,0,7,0
ENSG00000205643.12,123,101,133,83,242,19,110,77
ENSG00000205649.9,3,4,7,35,25,0,0,0
ENSG00000205659.13,91,107,57,228,398,24,243,168
ENSG00000205667.3,0,0,0,0,0,0,0,0
ENSG00000205669.4,0,0,0,0,2,0,8,6
ENSG00000205670.13,262,307,150,465,794,70,368,281
ENSG00000205678.9,1623,572,337,36416,37571,1812,26596,10680
ENSG00000205683.12,148,88,155,1581,1766,157,776,1013
ENSG00000205693.4,1,0,0,0,1,0,0,0
ENSG00000205702.13,0,0,0,0,0,0,0,0
ENSG00000205704.10,0,0,0,1,0,0,0,0
ENSG00000205707.12,290,420,202,907,1645,87,887,279
ENSG00000205710.5,52,33,23,13,23,10,19,18
ENSG00000205718.10,0,0,0,0,0,0,0,0
ENSG00000205726.16,386,289,239,2000,1475,149,1193,241
ENSG00000205730.7,2178,585,647,971,1021,65,491,221
ENSG00000205744.11,17,50,66,29,39,5,10,1
ENSG00000205755.13,2,0,4,0,6,0,0,2
ENSG00000205758.13,219,302,239,512,658,43,311,149
ENSG00000205765.11,328,237,180,1345,702,35,653,169
ENSG00000205777.19,0,0,0,0,0,0,0,0
ENSG00000205784.5,0,4,1,1,5,0,1,0
ENSG00000205795.5,24,260,17,43,231,18,141,182
ENSG00000205808.7,63,59,61,92,114,14,66,21
ENSG00000205809.11,3,3,0,0,0,1,8,0
ENSG00000205810.9,4,0,0,0,3,0,0,0
ENSG00000205832.8,0,0,1,2,7,0,2,3
ENSG00000205835.9,0,1,1,4,24,1,26,3
ENSG00000205838.15,1,0,2,3,4,0,0,2
ENSG00000205846.4,0,0,0,1,0,0,0,0
ENSG00000205856.4,0,0,0,0,0,0,0,0
ENSG00000205857.2,0,0,2,0,0,0,0,0
ENSG00000205858.10,0,0,0,0,0,0,0,0
ENSG00000205863.12,1,29,2,24,63,13,34,25
ENSG00000205864.1,0,0,0,0,0,0,0,0
ENSG00000205867.3,0,0,0,0,0,0,2,12
ENSG00000205869.2,0,0,0,0,0,1,2,6
ENSG00000205882.9,0,0,0,0,0,0,0,0
ENSG00000205883.3,0,0,0,0,0,0,0,0
ENSG00000205884.2,0,0,0,0,0,0,0,0
ENSG00000205899.4,1,0,0,0,0,0,0,0
ENSG00000205903.8,504,206,393,664,662,79,464,452
ENSG00000205916.12,0,0,0,8,0,0,0,0
ENSG00000205922.5,0,0,0,0,0,0,0,0
ENSG00000205923.3,0,0,0,1,0,0,16,0
ENSG00000205927.6,0,0,0,0,0,0,0,0
ENSG00000205929.12,101,9,0,25,31,0,2,5
ENSG00000205937.12,1600,887,782,2209,2385,290,1230,1363
ENSG00000205944.12,0,0,0,0,0,0,0,0
ENSG00000205978.7,691,316,221,402,873,67,448,243
ENSG00000205981.10,459,778,242,1064,2273,146,1146,924
ENSG00000206013.2,0,0,0,0,0,0,0,0
ENSG00000206026.7,0,0,0,0,0,0,0,0
ENSG00000206034.2,0,0,0,0,0,0,0,0
ENSG00000206043.7,0,0,0,0,0,2,0,0
ENSG00000206047.5,0,0,65,2,0,0,22,0
ENSG00000206052.12,30,96,41,221,493,11,293,144
ENSG00000206053.14,1041,273,221,2306,1401,171,526,421
ENSG00000206069.8,0,0,0,0,0,0,0,0
ENSG00000206072.13,0,0,0,0,0,0,0,0
ENSG00000206073.11,0,0,0,1,2,0,0,0
ENSG00000206075.15,0,0,0,0,0,0,0,0
ENSG00000206077.15,221,114,211,953,1257,9,434,417
ENSG00000206102.2,0,0,0,0,0,0,0,0
ENSG00000206104.2,0,0,0,0,0,0,0,0
ENSG00000206105.2,0,0,0,0,0,0,0,0
ENSG00000206106.2,0,0,0,0,0,0,0,0
ENSG00000206107.2,0,0,0,0,0,0,0,0
ENSG00000206113.13,0,1,0,0,0,0,0,0
ENSG00000206127.11,31,0,0,164,206,0,98,55
ENSG00000206140.12,5,6,5,6,11,1,3,6
ENSG00000206150.4,0,0,5,2,4,0,3,1
ENSG00000206172.9,5993,6064,145028,376,740,17,72,152
ENSG00000206177.7,5,9,155,1,1,0,0,0
ENSG00000206181.7,1,0,0,0,0,0,0,0
ENSG00000206190.13,312,57,30,171,107,13,60,54
ENSG00000206199.11,0,1,0,0,0,0,0,0
ENSG00000206203.5,0,0,0,0,0,3,10,0
ENSG00000206208.11,0,0,0,0,0,0,0,0
ENSG00000206235.8,0,0,0,0,0,0,0,0
ENSG00000206237.6,20,42,0,0,0,0,3,24
ENSG00000206240.11,0,2893,0,2489,1421,0,0,16
ENSG00000206245.11,0,0,0,0,0,0,0,0
ENSG00000206256.14,0,0,0,103,111,0,0,158
ENSG00000206258.12,103,0,0,402,0,0,1458,0
ENSG00000206260.4,0,0,1,0,2,0,0,0
ENSG00000206262.10,0,0,0,0,2,0,0,0
ENSG00000206279.10,370,148,110,24,307,0,0,313
ENSG00000206280.7,60,0,0,0,248,0,0,0
ENSG00000206281.11,1115,0,617,664,1370,33,55,598
ENSG00000206283.10,1,0,0,0,0,0,1,1
ENSG00000206284.8,314,0,0,0,38,0,0,35
ENSG00000206285.6,15,0,0,0,26,0,0,0
ENSG00000206286.11,243,0,0,0,865,0,0,0
ENSG00000206289.11,330,8,0,0,0,0,0,0
ENSG00000206290.10,14,13,0,0,0,0,0,0
ENSG00000206291.10,2,0,1,53,25,8,83,16
ENSG00000206292.13,4,27,7,0,21,0,0,0
ENSG00000206299.8,0,0,0,0,0,0,0,0
ENSG00000206301.9,0,0,0,0,0,0,0,0
ENSG00000206302.10,0,0,0,0,0,0,0,0
ENSG00000206305.12,0,270,0,308,26,0,0,6
ENSG00000206310.8,0,0,0,0,0,0,0,0
ENSG00000206312.7,0,0,0,0,0,32,0,0
ENSG00000206315.9,0,0,91,0,0,0,0,0
ENSG00000206329.15,0,3,0,0,3,0,23,0
ENSG00000206340.10,0,0,0,4445,0,125,0,23
ENSG00000206342.12,0,0,153,90,20,29,0,105
ENSG00000206355.11,0,0,0,0,0,0,0,0
ENSG00000206356.6,0,0,0,0,0,0,0,0
ENSG00000206366.6,0,0,0,0,7,0,0,0
ENSG00000206376.9,26,0,15,279,176,45,0,0
ENSG00000206384.11,64,139,28,66,600,8,405,88
ENSG00000206394.8,0,0,0,0,0,0,0,0
ENSG00000206395.8,0,0,0,0,0,0,0,0
ENSG00000206396.9,9,10,8,0,8,2,8,13
ENSG00000206398.5,0,0,0,0,0,0,0,0
ENSG00000206402.10,0,0,0,0,0,0,0,0
ENSG00000206403.11,0,0,0,0,44,0,0,250
ENSG00000206404.11,0,0,0,0,3,0,0,11
ENSG00000206406.9,613,0,376,0,740,75,349,505
ENSG00000206408.8,121,0,75,0,224,33,144,237
ENSG00000206412.6,123,190,100,180,187,0,6,87
ENSG00000206418.5,596,854,277,2712,4623,365,2383,1266
ENSG00000206422.3,0,0,0,0,0,0,0,0
ENSG00000206427.11,176,0,0,0,0,81,146,579
ENSG00000206432.5,16,30,3,35,18,4,13,7
ENSG00000206435.10,0,0,9,11,12,1,141,117
ENSG00000206449.11,0,4,0,0,0,0,0,5
ENSG00000206450.11,633,2726,1712,8689,1979,0,4,896
ENSG00000206452.10,0,116,50,0,384,0,0,3
ENSG00000206454.12,13,14,0,0,1,0,10,2
ENSG00000206455.8,32,0,0,78,59,0,0,12
ENSG00000206457.10,103,72,0,80,21,0,0,12
ENSG00000206458.10,1,0,14,2,0,0,0,0
ENSG00000206459.2,0,0,0,0,0,0,0,0
ENSG00000206460.4,0,0,0,0,0,0,0,0
ENSG00000206461.4,0,0,0,0,0,0,0,0
ENSG00000206463.7,0,0,0,0,0,0,0,0
ENSG00000206466.10,2,0,0,0,24,0,0,0
ENSG00000206468.3,0,0,0,15,0,0,0,0
ENSG00000206472.11,0,0,0,0,0,0,0,0
ENSG00000206474.8,0,0,0,0,0,0,0,0
ENSG00000206478.5,0,285,0,0,121,0,0,234
ENSG00000206481.11,0,0,0,0,0,0,0,1
ENSG00000206485.10,0,0,0,0,0,0,0,0
ENSG00000206486.8,0,0,0,0,0,0,0,0
ENSG00000206492.11,0,0,0,0,0,0,0,0
ENSG00000206495.12,0,0,0,0,0,0,0,0
ENSG00000206500.9,0,0,2,0,0,0,0,0
ENSG00000206501.8,169,0,175,0,15,0,0,0
ENSG00000206502.8,107,0,103,0,0,0,0,0
ENSG00000206503.16,177,1287,136,7052,2645,2194,2974,6552
ENSG00000206505.13,593,43,2994,12,616,125,457,243
ENSG00000206506.10,0,0,0,0,0,0,0,0
ENSG00000206511.10,2,0,0,13,0,0,0,0
ENSG00000206516.10,0,0,0,0,0,0,0,0
ENSG00000206527.11,261,237,102,486,642,48,466,151
ENSG00000206530.11,127,103,86,102,143,1,152,56
ENSG00000206531.12,0,0,0,0,0,0,0,0
ENSG00000206535.9,41,35,20,101,168,11,63,65
ENSG00000206536.1,0,0,0,0,0,0,0,0
ENSG00000206538.10,432,159,247,406,265,17,134,76
ENSG00000206549.13,8,2,7,33,55,0,36,22
ENSG00000206557.7,0,0,0,0,0,0,0,3
ENSG00000206559.9,10,35,12,46,140,8,80,34
ENSG00000206560.12,310,274,139,1704,909,68,491,276
ENSG00000206561.15,295,58,123,1171,154,53,27,29
ENSG00000206562.13,158,118,76,268,267,13,112,58
ENSG00000206579.10,12,49,15,75,102,4,65,44
ENSG00000211445.13,25497,13212,66881,24915,23716,6106,6381,13586
ENSG00000211448.14,466,1130,476,458,545,24,204,323
ENSG00000211450.11,604,662,356,298,862,61,334,570
ENSG00000211452.12,0,37,2,0,0,0,0,0
ENSG00000211454.16,5,8,4,0,1,0,0,0
ENSG00000211455.9,652,477,156,3116,2496,149,1714,498
ENSG00000211456.15,567,561,218,927,1060,62,616,340
ENSG00000211460.13,710,731,338,1216,1724,163,1060,546
ENSG00000211584.15,418,436,667,1000,1118,106,369,364
ENSG00000211592.8,662,2531,67,1124,588,17,200,60
ENSG00000211593.2,0,0,0,0,0,0,0,0
ENSG00000211594.2,0,0,0,0,0,0,0,0
ENSG00000211595.2,0,0,0,0,0,0,0,0
ENSG00000211596.3,0,0,0,0,0,0,0,0
ENSG00000211597.2,0,0,0,0,0,0,0,0
ENSG00000211598.2,13,38,1,52,28,0,9,1
ENSG00000211599.2,0,3,0,0,1,0,0,0
ENSG00000211611.2,0,0,0,0,0,0,0,0
ENSG00000211623.2,0,0,0,0,0,0,0,0
ENSG00000211625.2,0,0,0,5,0,0,4,0
ENSG00000211626.2,0,0,0,0,1,0,0,0
ENSG00000211632.4,0,3,0,3,2,0,1,0
ENSG00000211633.3,0,0,0,0,0,0,0,0
ENSG00000211637.2,2,4,2,3,1,0,0,2
ENSG00000211638.2,0,6,0,2,1,0,5,0
ENSG00000211639.2,0,0,0,0,1,0,1,0
ENSG00000211640.4,3,15,0,19,2,0,2,1
ENSG00000211641.3,0,0,0,0,0,0,0,0
ENSG00000211642.4,0,1,0,1,0,0,0,0
ENSG00000211643.2,25,3,6,40,43,2,6,6
ENSG00000211644.3,11,70,5,32,16,1,3,3
ENSG00000211645.2,0,2,0,0,0,0,0,0
ENSG00000211647.1,0,0,0,0,0,0,0,0
ENSG00000211648.2,12,8,0,6,7,1,2,1
ENSG00000211649.3,4,8,2,2,4,0,0,0
ENSG00000211650.2,0,0,0,0,1,0,1,0
ENSG00000211651.3,0,0,0,16,0,0,0,0
ENSG00000211652.2,0,1,0,1,2,0,0,0
ENSG00000211653.2,6,40,2,15,8,1,7,0
ENSG00000211654.2,0,0,0,0,0,0,0,0
ENSG00000211655.3,2,3,2,0,0,0,0,0
ENSG00000211656.3,0,0,0,0,0,0,0,0
ENSG00000211657.3,0,0,0,0,0,0,0,0
ENSG00000211658.2,1,3,0,3,1,0,0,0
ENSG00000211659.2,32,22,5,24,9,0,3,0
ENSG00000211660.3,28,21,0,17,18,0,17,1
ENSG00000211661.2,0,0,0,0,0,0,0,0
ENSG00000211662.2,11,29,0,22,14,0,3,1
ENSG00000211663.2,11,198,1,13,9,0,3,2
ENSG00000211664.3,0,0,0,6,0,0,0,0
ENSG00000211665.3,1,0,0,1,0,0,0,0
ENSG00000211666.2,11,54,2,39,22,0,8,3
ENSG00000211667.3,0,0,0,0,0,0,0,0
ENSG00000211668.2,5,7,0,40,8,2,0,2
ENSG00000211669.3,1,29,0,14,2,0,0,0
ENSG00000211670.2,2,36,0,2,3,0,0,0
ENSG00000211672.2,0,0,0,0,0,0,0,0
ENSG00000211673.2,19,53,1,16,12,0,1,0
ENSG00000211674.2,0,0,0,0,0,0,0,0
ENSG00000211675.2,119,710,16,149,65,0,14,7
ENSG00000211676.2,0,0,0,0,0,0,0,0
ENSG00000211677.2,539,1322,33,345,197,0,79,25
ENSG00000211678.2,0,0,0,0,0,0,0,0
ENSG00000211679.2,190,831,12,251,86,2,25,6
ENSG00000211680.2,0,0,0,0,0,0,0,0
ENSG00000211681.3,0,0,0,0,0,0,0,0
ENSG00000211682.2,0,0,0,0,0,0,0,0
ENSG00000211684.2,0,0,0,0,0,0,0,0
ENSG00000211685.3,9,0,0,3,3,0,0,0
ENSG00000211687.1,0,0,0,0,0,0,0,0
ENSG00000211688.1,0,0,0,0,0,0,0,0
ENSG00000211689.7,0,1,0,0,4,0,3,0
ENSG00000211691.2,0,0,0,0,0,0,0,0
ENSG00000211692.1,0,0,0,0,0,0,0,0
ENSG00000211693.2,0,0,0,0,0,0,0,0
ENSG00000211694.3,0,0,0,0,5,0,0,1
ENSG00000211695.2,0,1,0,0,2,0,0,0
ENSG00000211696.2,2,1,0,0,0,0,0,0
ENSG00000211697.4,0,0,0,0,4,0,1,0
ENSG00000211698.2,0,0,0,0,0,0,0,0
ENSG00000211699.2,0,0,0,0,2,0,0,0
ENSG00000211701.2,0,0,0,0,0,0,0,0
ENSG00000211706.2,0,0,0,0,1,0,0,0
ENSG00000211707.3,0,0,0,0,0,0,0,0
ENSG00000211710.3,0,0,0,0,2,0,0,0
ENSG00000211713.3,0,0,0,0,0,0,0,0
ENSG00000211714.3,0,0,0,0,0,0,0,0
ENSG00000211715.1,0,0,0,0,0,0,0,0
ENSG00000211716.2,0,0,0,0,0,0,1,0
ENSG00000211717.3,0,0,0,0,0,0,0,0
ENSG00000211720.3,0,0,0,0,0,0,0,0
ENSG00000211721.2,0,0,0,0,0,0,0,0
ENSG00000211724.3,0,0,0,1,0,0,0,0
ENSG00000211725.3,0,0,0,0,0,0,0,0
ENSG00000211727.3,0,0,0,0,0,0,0,0
ENSG00000211728.2,0,0,0,0,0,0,0,3
ENSG00000211731.1,0,0,0,0,0,0,0,0
ENSG00000211734.3,0,3,0,0,3,0,0,0
ENSG00000211745.3,0,0,0,0,0,0,0,0
ENSG00000211746.3,0,0,0,1,0,0,0,0
ENSG00000211747.3,0,1,0,2,0,0,0,0
ENSG00000211749.1,0,0,0,0,0,0,0,0
ENSG00000211750.2,0,0,0,0,0,0,0,0
ENSG00000211751.9,9,151,0,5,39,0,25,16
ENSG00000211752.3,0,0,0,0,1,0,3,0
ENSG00000211753.4,0,1,0,0,2,0,3,0
ENSG00000211764.1,0,0,0,0,0,0,0,0
ENSG00000211765.1,0,0,0,0,0,0,0,0
ENSG00000211766.1,0,0,0,0,0,0,0,0
ENSG00000211767.1,0,0,0,0,0,0,0,0
ENSG00000211768.1,0,0,0,0,0,0,0,0
ENSG00000211769.1,0,0,0,0,0,0,0,0
ENSG00000211770.1,0,0,0,0,0,0,0,0
ENSG00000211771.1,0,0,0,0,0,0,0,0
ENSG00000211772.11,0,0,0,0,0,0,0,0
ENSG00000211776.2,0,0,0,0,0,0,0,0
ENSG00000211777.2,0,1,0,0,1,0,0,0
ENSG00000211778.2,0,0,0,0,0,0,0,0
ENSG00000211779.3,0,2,0,0,0,0,0,0
ENSG00000211780.3,0,3,0,0,0,2,1,0
ENSG00000211781.3,0,0,0,0,0,0,0,0
ENSG00000211782.2,0,0,0,0,0,0,0,0
ENSG00000211783.3,0,0,0,0,0,0,0,0
ENSG00000211784.2,0,0,0,0,0,0,0,0
ENSG00000211785.1,0,0,0,1,0,0,0,0
ENSG00000211786.3,0,1,0,0,2,0,0,0
ENSG00000211787.1,0,0,0,0,2,0,0,0
ENSG00000211788.2,0,0,0,0,2,0,0,0
ENSG00000211789.2,0,2,0,2,2,0,1,0
ENSG00000211790.2,0,0,0,1,0,0,0,0
ENSG00000211791.2,0,1,0,1,0,0,2,0
ENSG00000211792.2,0,0,0,0,3,0,0,0
ENSG00000211793.2,0,0,0,1,1,0,0,0
ENSG00000211794.3,0,0,0,0,1,0,0,0
ENSG00000211795.3,0,0,0,0,1,0,1,0
ENSG00000211796.1,0,0,0,0,0,0,1,0
ENSG00000211797.2,0,0,0,2,1,0,0,0
ENSG00000211798.3,0,0,0,0,0,0,0,0
ENSG00000211799.3,0,0,0,0,0,0,0,0
ENSG00000211800.3,0,0,0,0,0,0,0,0
ENSG00000211801.3,0,0,0,0,1,0,0,0
ENSG00000211802.3,0,2,0,1,0,0,1,0
ENSG00000211803.2,0,0,0,0,0,0,0,0
ENSG00000211804.4,0,0,0,0,1,0,1,0
ENSG00000211805.1,0,0,0,0,1,0,0,0
ENSG00000211806.2,0,1,0,0,1,0,0,0
ENSG00000211807.3,0,0,0,0,0,0,0,0
ENSG00000211808.3,0,0,0,0,0,0,0,0
ENSG00000211809.2,0,0,0,0,0,0,0,0
ENSG00000211810.3,0,0,0,0,0,0,0,0
ENSG00000211812.1,0,0,0,0,0,0,0,0
ENSG00000211813.2,0,0,0,0,0,0,0,0
ENSG00000211815.3,0,0,0,0,0,0,0,0
ENSG00000211816.2,0,0,0,0,0,0,0,0
ENSG00000211817.2,0,0,0,0,0,0,0,0
ENSG00000211818.1,0,0,0,0,0,0,0,0
ENSG00000211819.3,0,0,0,0,0,0,0,0
ENSG00000211820.1,0,0,0,0,0,0,0,0
ENSG00000211821.2,0,2,0,0,4,0,0,0
ENSG00000211825.1,0,0,0,0,0,0,0,0
ENSG00000211826.1,0,0,0,0,0,0,0,0
ENSG00000211827.1,0,0,0,0,0,0,0,0
ENSG00000211828.1,0,0,0,0,0,0,0,0
ENSG00000211829.9,5,64,5,11,32,1,21,2
ENSG00000211831.2,0,0,0,0,0,0,0,0
ENSG00000211832.2,0,0,0,0,0,0,0,0
ENSG00000211833.1,0,0,0,0,0,0,0,0
ENSG00000211834.1,0,0,0,0,0,0,0,0
ENSG00000211835.1,0,0,0,0,0,0,0,0
ENSG00000211836.1,0,0,0,0,0,0,0,0
ENSG00000211837.1,0,0,0,0,0,0,0,0
ENSG00000211838.1,0,0,0,0,0,0,0,0
ENSG00000211839.1,0,0,0,0,0,0,0,0
ENSG00000211840.1,0,0,0,0,2,0,0,0
ENSG00000211841.1,0,0,0,0,0,0,0,0
ENSG00000211842.1,0,0,0,0,0,0,0,0
ENSG00000211843.1,0,0,0,0,0,0,0,0
ENSG00000211844.1,0,0,0,0,0,0,0,0
ENSG00000211845.1,0,0,0,0,1,0,0,0
ENSG00000211846.1,0,0,0,0,0,0,0,0
ENSG00000211847.1,0,0,0,0,0,0,0,0
ENSG00000211848.1,0,0,0,0,0,0,0,0
ENSG00000211849.1,0,0,0,0,0,0,0,0
ENSG00000211850.1,0,0,0,0,1,0,0,0
ENSG00000211851.1,0,0,0,0,0,0,0,0
ENSG00000211854.1,0,0,0,0,0,0,0,0
ENSG00000211855.1,1,0,0,0,0,0,0,0
ENSG00000211856.1,0,0,0,0,0,0,0,0
ENSG00000211857.1,0,0,0,0,0,0,0,0
ENSG00000211858.1,0,0,0,0,0,0,0,0
ENSG00000211859.1,0,0,0,0,0,0,0,0
ENSG00000211860.1,0,0,0,0,0,0,0,0
ENSG00000211861.1,0,0,0,0,0,0,0,0
ENSG00000211862.1,0,0,0,0,0,0,0,0
ENSG00000211863.1,0,0,0,0,0,0,0,0
ENSG00000211864.2,0,0,0,0,0,0,0,0
ENSG00000211865.1,0,0,0,0,0,0,0,0
ENSG00000211866.1,0,0,0,0,0,0,0,0
ENSG00000211867.1,0,0,0,0,0,0,0,0
ENSG00000211868.1,0,0,0,0,0,0,0,0
ENSG00000211869.1,0,0,0,0,1,0,0,0
ENSG00000211870.1,0,0,0,0,0,0,0,0
ENSG00000211871.1,0,0,0,0,0,0,0,0
ENSG00000211872.1,0,0,0,0,0,0,0,0
ENSG00000211873.1,0,0,0,0,0,0,0,0
ENSG00000211875.1,0,0,0,0,0,0,0,0
ENSG00000211876.1,0,0,0,0,0,0,0,0
ENSG00000211877.1,0,0,0,0,0,0,0,0
ENSG00000211878.1,0,0,0,0,0,0,0,0
ENSG00000211879.1,0,0,0,0,0,0,0,0
ENSG00000211880.1,0,0,0,0,0,0,0,0
ENSG00000211882.1,0,0,0,0,0,0,0,0
ENSG00000211883.1,0,0,0,0,0,0,0,0
ENSG00000211884.1,0,0,0,0,0,0,0,0
ENSG00000211885.1,0,0,0,0,0,0,0,0
ENSG00000211886.1,0,0,0,1,0,0,0,0
ENSG00000211887.2,0,0,0,0,0,0,0,0
ENSG00000211888.2,0,0,0,0,0,0,0,0
ENSG00000211890.4,5,47,2,0,0,0,9,0
ENSG00000211891.6,0,0,2,0,0,0,0,0
ENSG00000211892.4,37,207,5,29,69,2,5,8
ENSG00000211893.4,0,3,1,0,4,0,4,18
ENSG00000211895.5,208,784,20,387,190,9,54,34
ENSG00000211896.7,836,3777,54,746,494,23,325,86
ENSG00000211897.9,91,588,0,0,5,0,0,9
ENSG00000211898.8,1,30,14,60,23,3,0,0
ENSG00000211899.10,152,292,14,40,127,2,38,4
ENSG00000211900.2,0,0,0,0,0,0,0,0
ENSG00000211904.2,0,0,0,0,0,0,0,0
ENSG00000211905.1,0,0,0,0,0,0,0,0
ENSG00000211907.1,0,0,0,0,0,0,0,0
ENSG00000211909.1,0,0,0,0,0,0,0,0
ENSG00000211911.1,0,0,0,0,0,0,0,0
ENSG00000211912.1,0,0,0,0,0,0,0,0
ENSG00000211914.1,0,0,0,0,0,0,0,0
ENSG00000211915.1,0,0,0,0,0,0,0,0
ENSG00000211917.1,0,0,0,0,0,0,0,0
ENSG00000211918.1,0,0,0,0,0,0,0,0
ENSG00000211920.1,0,0,0,0,0,0,0,0
ENSG00000211921.1,0,0,0,0,0,0,0,0
ENSG00000211923.1,0,0,0,0,0,0,0,0
ENSG00000211924.1,0,0,0,0,0,0,0,0
ENSG00000211925.1,0,0,0,0,0,0,0,0
ENSG00000211930.1,0,0,0,0,0,0,0,0
ENSG00000211931.1,0,0,0,0,0,0,0,0
ENSG00000211933.2,0,0,0,3,0,0,0,0
ENSG00000211934.3,1,0,0,16,11,0,6,0
ENSG00000211935.3,1,6,0,4,2,0,4,4
ENSG00000211937.3,0,12,0,12,5,0,2,0
ENSG00000211938.2,0,0,0,43,11,0,4,0
ENSG00000211941.3,3,7,0,9,2,0,2,0
ENSG00000211942.3,0,2,0,3,1,0,0,0
ENSG00000211943.2,4,0,1,16,0,1,0,0
ENSG00000211944.2,0,0,0,1,0,0,0,0
ENSG00000211945.2,6,2,0,10,5,0,0,1
ENSG00000211946.3,0,0,0,0,2,0,1,0
ENSG00000211947.2,0,0,0,0,0,1,2,0
ENSG00000211949.3,3,45,0,61,22,2,10,0
ENSG00000211950.2,1,0,0,0,3,0,0,0
ENSG00000211951.2,0,0,0,0,1,0,0,0
ENSG00000211952.3,0,2,0,5,0,0,0,0
ENSG00000211955.2,6,7,0,14,0,1,0,0
ENSG00000211956.2,0,73,0,0,2,0,10,0
ENSG00000211957.2,0,0,0,0,0,0,0,0
ENSG00000211958.2,0,0,0,0,0,0,0,0
ENSG00000211959.2,0,28,0,11,3,1,4,0
ENSG00000211961.3,0,10,0,0,0,0,0,0
ENSG00000211962.2,1,4,0,0,0,0,1,0
ENSG00000211964.3,4,3,0,15,12,0,2,0
ENSG00000211965.4,2,19,0,8,0,0,1,0
ENSG00000211966.2,12,0,0,0,4,0,1,0
ENSG00000211967.3,0,16,0,7,4,0,0,1
ENSG00000211968.3,0,4,0,2,0,0,0,0
ENSG00000211970.3,0,0,0,3,4,1,1,0
ENSG00000211972.2,0,0,0,0,0,0,0,0
ENSG00000211973.2,0,0,0,0,3,0,0,0
ENSG00000211974.3,1,0,0,0,0,0,0,0
ENSG00000211976.2,0,0,0,3,2,0,0,0
ENSG00000211979.2,0,0,0,0,0,0,0,0
ENSG00000212122.4,0,0,0,0,0,0,1,0
ENSG00000212123.4,5,10,38,5,17,4,33,9
ENSG00000212124.2,1,2,0,2,0,0,0,0
ENSG00000212126.3,0,0,0,1,0,0,1,0
ENSG00000212127.6,17,19,21,14,24,0,19,0
ENSG00000212128.2,0,0,0,0,0,0,0,0
ENSG00000212657.2,0,0,0,0,0,0,0,0
ENSG00000212658.1,0,0,0,0,0,0,0,0
ENSG00000212659.2,0,0,0,0,0,0,0,0
ENSG00000212710.5,0,0,0,0,2,0,0,0
ENSG00000212721.4,0,0,0,0,0,0,0,0
ENSG00000212722.9,0,0,0,0,0,0,0,0
ENSG00000212724.3,0,0,0,0,0,0,0,0
ENSG00000212725.4,0,0,0,0,0,0,0,0
ENSG00000212747.5,284,199,113,503,520,97,270,245
ENSG00000212807.3,0,0,0,4,0,0,3,4
ENSG00000212864.5,30,54,28,162,423,123,157,441
ENSG00000212866.6,3496,1219,437,4052,3907,200,1525,965
ENSG00000212899.3,0,0,0,0,0,0,0,0
ENSG00000212900.3,0,0,0,0,0,0,0,0
ENSG00000212901.4,0,0,0,0,0,0,0,0
ENSG00000212907.2,213645,252033,94765,179872,174594,28852,99033,126410
ENSG00000212916.6,14,24,8,69,158,14,69,41
ENSG00000212933.1,0,0,0,0,0,0,0,0
ENSG00000212935.2,0,0,0,0,0,0,0,0
ENSG00000212938.4,0,0,0,0,0,0,0,0
ENSG00000212993.6,7,1,9,2,4,1,7,10
ENSG00000213015.10,355,323,502,319,436,74,221,293
ENSG00000213020.11,48,58,20,168,209,13,109,53
ENSG00000213022.6,0,0,0,0,0,0,0,0
ENSG00000213023.12,3,1,2,1,4,2,3,0
ENSG00000213024.14,474,295,262,914,1034,175,542,662
ENSG00000213030.7,0,2,1,0,0,0,0,0
ENSG00000213047.14,92,170,33,905,799,36,597,137
ENSG00000213064.11,593,430,319,898,791,37,352,160
ENSG00000213066.15,224,144,144,511,440,30,378,191
ENSG00000213079.11,269,498,189,1338,1148,152,1002,331
ENSG00000213085.10,15,24,18,14,16,0,5,9
ENSG00000213088.15,1193,200,1928,632,199,50,120,116
ENSG00000213096.11,98,260,100,271,432,10,246,72
ENSG00000213123.12,54,35,22,28,68,8,33,16
ENSG00000213139.8,100,62,109,32,44,0,22,15
ENSG00000213145.11,1344,1221,1604,486,1177,73,382,891
ENSG00000213160.11,172,375,160,942,713,42,420,186
ENSG00000213171.3,1,4,3,30,65,6,22,27
ENSG00000213185.8,44,19,41,31,37,0,42,14
ENSG00000213186.9,8,6,42,6,19,1,30,4
ENSG00000213190.5,645,201,56,1369,1034,188,271,288
ENSG00000213199.9,79,63,52,72,157,4,98,42
ENSG00000213203.4,287,760,143,273,752,88,301,301
ENSG00000213204.8,4,0,1,1,3,0,0,3
ENSG00000213213.14,4,38,36,20,107,6,68,11
ENSG00000213214.7,33,49,1,42,57,5,24,10
ENSG00000213215.5,0,0,0,0,0,0,0,0
ENSG00000213218.11,0,0,0,0,0,0,0,0
ENSG00000213221.6,218,149,127,149,326,97,55,168
ENSG00000213231.14,0,0,1,0,1,0,1,0
ENSG00000213246.7,580,520,330,1108,1463,183,839,672
ENSG00000213265.9,0,0,0,0,2,1,1,1
ENSG00000213281.6,447,371,183,553,598,40,295,156
ENSG00000213297.8,38,30,48,60,79,10,26,17
ENSG00000213316.11,9,28,15,2,45,6,21,14
ENSG00000213337.10,80,117,40,104,371,58,246,185
ENSG00000213339.10,489,235,558,181,483,67,274,375
ENSG00000213341.12,277,298,125,644,537,30,309,149
ENSG00000213347.12,42,31,124,10,47,1,63,8
ENSG00000213366.14,229,839,745,1340,2324,197,1384,1170
ENSG00000213380.16,345,265,267,520,572,82,404,257
ENSG00000213390.12,143,227,116,198,320,19,180,85
ENSG00000213397.13,432,313,443,235,352,45,111,157
ENSG00000213398.8,634,442,842,192,443,21,220,177
ENSG00000213401.11,0,0,0,0,0,0,0,0
ENSG00000213402.3,11,78,34,0,30,4,20,7
ENSG00000213413.4,0,23,0,0,0,2,33,10
ENSG00000213416.4,0,0,0,0,0,0,0,0
ENSG00000213417.3,0,0,0,0,0,0,0,0
ENSG00000213420.9,26,8,12,5,18,2,8,0
ENSG00000213424.10,10,15,6,1,11,0,14,0
ENSG00000213439.3,0,0,0,0,0,0,0,0
ENSG00000213445.12,1134,600,620,394,821,121,409,418
ENSG00000213462.5,0,0,47,34,46,10,0,7
ENSG00000213463.6,395,649,274,3233,3104,223,1731,674
ENSG00000213465.9,1094,1204,716,1149,2045,373,1210,1772
ENSG00000213471.10,3,0,2,2,1,0,0,0
ENSG00000213512.4,0,9,0,0,1,0,0,0
ENSG00000213516.10,231,360,122,626,651,52,368,146
ENSG00000213523.13,589,449,389,614,879,130,390,404
ENSG00000213533.14,415,150,234,297,388,22,185,151
ENSG00000213551.8,335,271,229,303,385,31,260,158
ENSG00000213563.7,156,231,174,349,523,223,363,698
ENSG00000213578.6,3,58,18,19,92,1,168,11
ENSG00000213585.12,3501,1635,1000,17781,18962,2286,9461,7414
ENSG00000213588.7,119,73,54,105,0,24,93,0
ENSG00000213593.12,1571,1156,523,2403,2420,314,1271,1082
ENSG00000213614.12,634,746,519,1295,2118,171,1022,813
ENSG00000213619.12,960,1363,539,3066,5424,676,2695,2650
ENSG00000213625.9,1069,1107,831,2587,2886,209,1509,687
ENSG00000213626.13,1634,805,605,8830,6714,645,2727,2132
ENSG00000213638.7,4,10,0,2,13,3,11,28
ENSG00000213639.12,3046,2575,1249,14275,14143,893,6021,2703
ENSG00000213648.12,362,67,225,55,66,0,76,196
ENSG00000213654.11,153,213,309,150,131,15,67,45
ENSG00000213658.14,80,64,93,20,74,3,29,19
ENSG00000213672.9,552,416,320,636,494,57,342,442
ENSG00000213676.14,305,185,113,271,210,111,49,285
ENSG00000213689.14,144,168,263,77,149,16,49,49
ENSG00000213694.8,895,355,426,2215,990,178,594,284
ENSG00000213699.10,788,406,417,1239,857,111,371,306
ENSG00000213714.1,1,6,8,5,4,1,0,3
ENSG00000213719.9,5585,2680,1561,3672,2419,180,607,1077
ENSG00000213722.11,640,425,509,275,405,88,341,462
ENSG00000213741.12,3710,6210,2365,2930,4250,598,2523,3420
ENSG00000213759.10,0,4,0,0,0,0,0,0
ENSG00000213760.11,6,35,0,2,8,0,45,32
ENSG00000213762.13,193,159,143,652,682,43,362,151
ENSG00000213780.12,225,5,67,26,229,0,0,2
ENSG00000213782.8,563,512,191,729,858,57,318,322
ENSG00000213793.7,38,51,58,132,67,6,33,21
ENSG00000213799.14,94,132,57,280,216,8,93,63
ENSG00000213809.9,18,129,35,16,54,3,11,0
ENSG00000213822.7,0,0,0,0,0,0,0,0
ENSG00000213853.11,1941,3289,2354,6099,3702,296,1558,1016
ENSG00000213859.8,251,81,154,358,243,41,13,94
ENSG00000213886.5,0,19,14,4,0,0,0,0
ENSG00000213889.12,6,10,41,6,9,0,5,3
ENSG00000213892.12,0,0,0,0,1,0,0,0
ENSG00000213901.12,50,17,43,3,16,0,7,12
ENSG00000213903.10,45,44,261,82,108,3,74,26
ENSG00000213906.10,14,5,12,14,25,0,37,9
ENSG00000213918.11,258,109,135,143,359,8,308,104
ENSG00000213920.10,132,247,129,140,323,21,124,157
ENSG00000213921.8,0,0,0,0,0,0,0,0
ENSG00000213923.14,1876,1059,1436,1897,2753,201,1427,1430
ENSG00000213927.4,9,0,4,1,1,0,3,0
ENSG00000213928.11,681,783,863,1144,1043,70,488,234
ENSG00000213930.13,170,278,184,452,874,119,469,510
ENSG00000213931.7,1,1,1,2,1,0,0,0
ENSG00000213934.9,8,39,0,0,2,0,0,0
ENSG00000213937.4,61,7,6,20,23,3,8,15
ENSG00000213949.10,1159,2717,490,2378,3377,158,1527,581
ENSG00000213965.4,136,112,62,673,828,72,368,301
ENSG00000213967.12,1,10,4,10,17,0,1,4
ENSG00000213973.10,0,2,1,7,6,0,3,0
ENSG00000213977.9,2824,2027,1092,3266,4362,807,1373,2391
ENSG00000213983.13,339,209,502,233,267,18,154,30
ENSG00000213988.11,19,20,21,12,98,0,18,18
ENSG00000213995.13,665,410,499,872,1582,120,688,653
ENSG00000213996.14,13,16,20,3,10,3,6,5
ENSG00000213999.18,6,35,88,12,61,0,39,0
ENSG00000214013.10,208,112,66,415,354,22,287,93
ENSG00000214021.19,431,450,1162,305,833,15,520,153
ENSG00000214022.13,729,440,291,1341,2422,494,1534,1631
ENSG00000214026.12,664,645,418,701,696,249,430,908
ENSG00000214029.7,104,118,72,174,174,2,220,48
ENSG00000214042.1,0,0,0,0,0,0,0,0
ENSG00000214046.10,683,734,477,686,1024,83,635,434
ENSG00000214050.9,7,4,2,8,23,5,11,1
ENSG00000214063.13,307,978,633,206,993,130,513,445
ENSG00000214078.14,1339,782,954,1203,1126,59,418,343
ENSG00000214087.10,285,331,233,188,498,33,242,211
ENSG00000214097.6,36,343,10,1300,4738,258,2116,1280
ENSG00000214102.8,0,3,0,0,2,0,0,2
ENSG00000214107.10,0,0,0,0,0,0,0,0
ENSG00000214113.12,440,341,215,501,487,91,212,267
ENSG00000214114.10,242,187,107,298,362,18,139,112
ENSG00000214128.12,1,26,6,2,2,0,0,4
ENSG00000214140.11,14,17,38,8,22,0,19,1
ENSG00000214160.11,533,117,197,402,363,59,131,203
ENSG00000214193.12,74,51,61,56,136,10,150,36
ENSG00000214194.10,518,459,188,1770,3534,199,1594,860
ENSG00000214212.10,16,14,57,26,15,3,7,1
ENSG00000214216.11,1,0,0,1,2,0,0,0
ENSG00000214226.10,57,47,27,33,49,1,23,23
ENSG00000214237.11,0,4,0,4,6,0,3,4
ENSG00000214253.10,1720,2810,1295,2840,4537,777,1903,4205
ENSG00000214265.11,32,26,2,180,242,7,87,58
ENSG00000214274.11,125,568,180,72,104,22,128,76
ENSG00000214279.13,5,7,13,5,20,0,15,4
ENSG00000214285.3,0,0,0,0,0,0,0,0
ENSG00000214290.9,24,31,23,11,14,0,6,9
ENSG00000214300.8,0,0,0,0,0,5,4,14
ENSG00000214309.6,10,4,14,27,28,11,20,36
ENSG00000214324.5,1,0,3,0,0,0,0,0
ENSG00000214336.5,0,0,0,0,0,0,0,0
ENSG00000214338.11,0,0,0,5,6,0,0,3
ENSG00000214357.10,2392,1191,1494,2373,2444,188,789,1022
ENSG00000214360.5,0,0,0,0,0,0,0,0
ENSG00000214367.10,142,185,118,277,316,7,264,81
ENSG00000214376.7,0,11,6,3,7,0,7,1
ENSG00000214402.8,0,18,18,8,183,0,107,38
ENSG00000214413.10,321,406,261,406,374,14,247,104
ENSG00000214414.9,0,0,0,0,0,0,0,0
ENSG00000214415.4,0,0,0,0,0,0,0,0
ENSG00000214435.10,59,416,97,993,1784,163,669,602
ENSG00000214447.6,0,0,0,0,0,0,5,0
ENSG00000214456.9,111,287,359,464,1261,154,780,649
ENSG00000214491.9,1,14,1,0,4,0,0,5
ENSG00000214510.10,2,0,7,2,0,0,0,1
ENSG00000214511.4,0,0,1,0,0,0,0,0
ENSG00000214513.4,0,0,0,0,0,0,0,1
ENSG00000214517.11,678,257,305,932,946,137,462,539
ENSG00000214518.4,0,0,0,0,0,0,0,0
ENSG00000214530.11,275,695,190,803,1164,337,469,1027
ENSG00000214558.5,47,29,18,46,65,0,27,9
ENSG00000214562.15,49,42,27,145,252,16,126,77
ENSG00000214575.11,12,15,12,10,51,1,17,7
ENSG00000214595.13,6,6,6,6,12,0,4,5
ENSG00000214642.1,0,0,0,0,0,0,0,0
ENSG00000214652.8,43,13,33,89,114,2,105,12
ENSG00000214654.9,30,47,29,52,97,6,40,23
ENSG00000214655.11,920,512,582,1561,1655,154,1113,751
ENSG00000214681.4,0,0,0,0,0,0,0,0
ENSG00000214686.7,0,0,0,0,0,0,0,0
ENSG00000214688.7,5,0,6,5,6,0,7,5
ENSG00000214694.14,18,8,6,2,4,0,3,11
ENSG00000214700.6,0,0,0,0,0,0,0,0
ENSG00000214706.13,1252,543,426,1171,1641,127,636,938
ENSG00000214711.11,3,2,1,12,31,0,9,10
ENSG00000214717.13,519,489,440,1869,3022,412,1518,1398
ENSG00000214736.9,1522,1567,899,1753,3243,201,958,987
ENSG00000214753.5,1849,1218,1041,4166,4437,557,2089,1553
ENSG00000214756.9,59,25,43,25,43,0,7,17
ENSG00000214782.8,0,0,0,0,0,0,0,0
ENSG00000214787.11,140,145,149,96,123,3,34,25
ENSG00000214814.7,0,0,0,9,85,3,105,20
ENSG00000214819.2,0,0,0,0,0,0,0,0
ENSG00000214827.12,11,8,28,36,41,2,16,10
ENSG00000214842.6,1,3,1,5,26,0,5,8
ENSG00000214860.6,0,0,0,0,0,0,0,0
ENSG00000214866.9,0,0,0,0,2,0,4,1
ENSG00000214872.9,0,0,0,0,1,0,0,1
ENSG00000214891.9,0,0,0,0,0,0,0,0
ENSG00000214897.5,1,0,0,0,0,0,0,0
ENSG00000214929.4,0,0,0,0,0,0,0,0
ENSG00000214940.9,2,202,0,2,84,0,0,0
ENSG00000214941.9,258,302,199,500,509,39,301,344
ENSG00000214943.5,0,0,0,0,1,0,0,0
ENSG00000214944.11,37,135,54,78,112,7,72,89
ENSG00000214946.15,0,0,8,0,0,0,0,0
ENSG00000214954.9,32,20,8,9,13,2,0,2
ENSG00000214960.12,18,32,8,120,200,14,96,48
ENSG00000214967.7,366,104,207,327,568,20,380,75
ENSG00000214978.8,0,1,0,0,0,0,0,0
ENSG00000215009.6,1,1,0,0,2,0,0,0
ENSG00000215012.9,184,82,113,272,404,24,127,137
ENSG00000215018.10,65,178,44,90,326,13,392,104
ENSG00000215021.11,1462,2178,1112,2704,4864,718,2063,2764
ENSG00000215029.12,0,0,0,0,0,0,0,0
ENSG00000215041.11,314,160,279,698,954,121,620,407
ENSG00000215045.9,0,1,0,0,5,0,9,0
ENSG00000215048.13,0,0,0,0,162,0,0,204
ENSG00000215077.10,1128,210,64,801,2135,0,838,755
ENSG00000215113.7,0,0,1,0,3,0,0,0
ENSG00000215114.11,383,227,175,1081,793,65,578,237
ENSG00000215115.7,0,0,0,0,0,0,0,0
ENSG00000215126.13,62,124,61,41,90,0,17,3
ENSG00000215131.11,0,0,0,0,0,0,0,0
ENSG00000215148.11,0,0,0,0,0,0,0,0
ENSG00000215156.6,1,1,8,0,1,0,0,0
ENSG00000215174.2,0,1,5,2,2,1,0,0
ENSG00000215182.8,0,1,0,0,0,0,0,0
ENSG00000215183.5,0,2,0,0,0,0,18,2
ENSG00000215186.8,1,4,2,0,1,0,0,0
ENSG00000215187.13,9,4,0,4,3,0,2,1
ENSG00000215193.15,471,175,220,1014,943,104,435,381
ENSG00000215203.3,0,0,0,0,0,0,0,0
ENSG00000215217.8,5,8,1,1,0,0,2,0
ENSG00000215218.4,186,244,30,711,1927,184,740,771
ENSG00000215251.5,161,163,96,1316,1117,124,750,415
ENSG00000215252.13,220,219,280,774,1250,20,1368,169
ENSG00000215262.8,0,0,0,0,0,0,0,0
ENSG00000215274.6,0,1,0,0,1,0,0,0
ENSG00000215277.10,0,0,0,0,0,0,1,0
ENSG00000215301.12,2195,3461,973,11202,5408,367,3490,1482
ENSG00000215305.11,595,239,571,504,646,74,306,237
ENSG00000215328.6,0,0,0,0,1421,0,0,8715
ENSG00000215343.8,0,0,0,0,0,0,0,0
ENSG00000215354.10,0,0,0,0,0,0,0,0
ENSG00000215356.4,0,0,0,0,0,0,0,0
ENSG00000215371.3,0,0,0,0,0,0,0,0
ENSG00000215372.6,0,0,0,0,0,0,0,0
ENSG00000215373.4,0,0,0,0,0,0,0,0
ENSG00000215375.8,34,70,64,42,88,25,112,110
ENSG00000215397.4,2,0,0,0,0,0,0,0
ENSG00000215421.11,101,102,50,460,432,80,315,280
ENSG00000215425.11,0,0,0,70,75,0,150,0
ENSG00000215440.13,264,297,660,620,1154,131,538,555
ENSG00000215454.7,0,0,0,0,0,0,0,0
ENSG00000215455.4,0,0,0,0,0,0,0,0
ENSG00000215472.10,61,0,0,34,9,198,0,662
ENSG00000215474.9,0,0,0,0,0,0,0,0
ENSG00000215475.5,0,0,0,4,4,0,1,2
ENSG00000215529.13,2,0,2,1,2,0,0,0
ENSG00000215545.1,0,0,0,0,0,0,0,0
ENSG00000215547.1,0,0,0,0,0,0,0,0
ENSG00000215568.9,0,3,0,0,1,0,0,2
ENSG00000215595.3,6,12,13,32,19,0,7,7
ENSG00000215612.8,0,0,0,0,0,0,0,0
ENSG00000215644.11,0,14,0,0,1,1,1,0
ENSG00000215695.2,2,0,0,0,3,0,0,0
ENSG00000215704.10,0,0,0,0,1,0,0,0
ENSG00000215712.12,241,315,163,845,1151,93,558,432
ENSG00000215717.8,734,824,381,975,1574,90,694,360
ENSG00000215784.7,1,13,11,18,3,0,0,0
ENSG00000215788.12,170,147,215,36,276,3,101,73
ENSG00000215817.9,1,0,2,21,12,0,31,15
ENSG00000215845.12,61,89,63,88,238,12,84,72
ENSG00000215853.3,0,0,0,0,0,0,0,0
ENSG00000215883.12,36,57,37,128,206,21,121,83
ENSG00000215906.9,0,0,0,0,0,0,0,0
ENSG00000215910.8,28,35,13,37,63,1,46,18
ENSG00000215912.13,5,1,11,3,8,0,3,2
ENSG00000215915.10,14,26,35,10,13,3,9,15
ENSG00000216490.5,298,270,823,869,375,71,65,97
ENSG00000216588.10,26,4,0,1,0,2,0,0
ENSG00000216649.5,0,0,0,0,0,0,0,0
ENSG00000216921.9,1,0,0,0,2,0,1,2
ENSG00000216937.14,33,38,21,35,66,6,70,13
ENSG00000217128.14,174,223,136,636,856,61,415,195
ENSG00000217236.2,0,1,0,0,0,0,0,0
ENSG00000217442.4,1,0,0,0,3,0,0,1
ENSG00000217555.13,165,182,122,92,114,5,71,45
ENSG00000217930.9,294,214,242,244,449,2,49,45
ENSG00000218305.5,1,0,4,0,2,0,0,0
ENSG00000218336.10,42,35,17,134,129,24,179,79
ENSG00000218739.11,496,610,367,1576,2559,106,1079,578
ENSG00000218819.6,0,0,0,0,1,0,0,0
ENSG00000218823.2,0,0,0,0,1,0,0,0
ENSG00000218891.6,201,123,157,122,194,98,172,246
ENSG00000219073.8,0,0,0,2,1,0,0,0
ENSG00000219200.12,1120,975,1009,1584,2203,438,1076,1383
ENSG00000219435.6,1,1,0,0,0,0,0,0
ENSG00000219438.10,9,6,12,3,25,6,2,27
ENSG00000219481.11,0,8,0,70,74,0,29,0
ENSG00000219545.13,90,100,65,351,412,29,310,77
ENSG00000219607.4,80,92,30,320,396,95,129,163
ENSG00000219626.10,65,259,228,92,252,7,117,86
ENSG00000220008.5,0,0,0,2,1,0,0,0
ENSG00000220201.8,53,26,44,15,30,0,14,11
ENSG00000220205.11,1556,2040,1215,2216,3272,229,1574,1293
ENSG00000220948.6,0,0,0,0,0,0,0,0
ENSG00000221813.4,0,0,0,0,0,0,0,0
ENSG00000221818.10,414,838,403,579,815,50,555,262
ENSG00000221821.4,12,53,44,10,92,20,60,43
ENSG00000221823.11,679,641,376,1372,1572,83,692,352
ENSG00000221826.10,0,0,0,0,0,0,0,0
ENSG00000221829.12,134,69,125,82,155,6,68,58
ENSG00000221836.4,1,0,0,0,1,0,0,0
ENSG00000221837.7,0,0,0,0,0,0,0,0
ENSG00000221838.13,184,151,114,290,338,19,266,167
ENSG00000221840.4,0,0,0,0,0,0,0,0
ENSG00000221843.6,0,0,0,0,0,4,3,11
ENSG00000221852.5,0,0,0,0,0,0,0,0
ENSG00000221855.1,0,0,0,0,0,0,0,0
ENSG00000221858.3,0,0,0,0,0,0,0,0
ENSG00000221859.2,0,0,1,0,0,0,0,0
ENSG00000221864.4,0,0,0,0,0,0,0,0
ENSG00000221866.11,33,80,42,1156,779,70,742,314
ENSG00000221867.10,0,0,0,0,0,0,0,0
ENSG00000221869.5,2039,2119,1991,908,282,145,589,1100
ENSG00000221874.4,13,24,17,12,16,2,7,1
ENSG00000221878.13,0,0,0,0,0,0,0,0
ENSG00000221880.4,0,0,0,0,0,0,0,0
ENSG00000221882.6,0,2,0,1,6,0,0,0
ENSG00000221886.5,108,76,64,112,331,4,168,67
ENSG00000221887.6,8,10,5,5,4,0,2,1
ENSG00000221888.4,0,0,0,0,0,0,0,0
ENSG00000221890.7,140,66,59,839,1548,212,602,568
ENSG00000221900.6,0,0,0,0,0,0,0,0
ENSG00000221909.4,82,151,70,198,364,22,213,150
ENSG00000221910.3,0,0,0,0,0,0,0,0
ENSG00000221914.12,779,644,266,1389,1448,123,854,461
ENSG00000221916.4,5,11,7,2,9,3,3,5
ENSG00000221923.10,197,116,108,396,355,17,143,119
ENSG00000221926.14,353,253,76,722,1082,96,591,472
ENSG00000221931.3,0,0,0,0,0,0,0,0
ENSG00000221932.7,0,0,0,0,0,1,24,13
ENSG00000221933.3,3,7,2,2,3,0,0,0
ENSG00000221937.4,0,0,0,0,0,0,0,0
ENSG00000221938.5,0,0,0,0,0,0,0,0
ENSG00000221944.9,48,33,71,49,122,3,72,27
ENSG00000221946.9,1,0,7,1,5,0,4,0
ENSG00000221947.9,0,3,0,7,15,0,0,0
ENSG00000221954.2,0,0,0,0,0,0,0,0
ENSG00000221955.12,6,4,7,12,15,2,2,2
ENSG00000221957.8,0,0,0,0,0,0,0,0
ENSG00000221963.7,331,464,333,889,874,43,767,154
ENSG00000221968.10,2255,657,966,2827,1809,267,911,747
ENSG00000221970.4,3,3,0,0,4,0,8,0
ENSG00000221977.3,0,0,0,0,0,0,0,0
ENSG00000221978.14,2363,1363,3859,1195,2233,74,1654,888
ENSG00000221983.9,7687,7007,6700,5568,6424,1055,3190,4660
ENSG00000221986.8,3,2,3,4,298,0,76,7
ENSG00000221988.14,277,178,127,286,345,44,184,60
ENSG00000221989.3,0,0,0,0,0,0,0,0
ENSG00000221994.13,57,74,50,84,138,10,55,47
ENSG00000221996.6,0,0,0,0,0,0,0,0
ENSG00000222009.10,215,216,134,102,124,0,43,25
ENSG00000222011.10,33,29,17,97,223,27,132,80
ENSG00000222014.6,2,6,3,2,5,0,2,4
ENSG00000222018.2,0,0,0,0,1,4,5,15
ENSG00000222028.5,0,0,0,0,0,0,0,0
ENSG00000222036.8,1,4,0,5,2,0,0,0
ENSG00000222038.4,0,0,0,0,0,0,0,0
ENSG00000222046.4,0,1,0,0,0,0,3,2
ENSG00000223350.2,0,7,0,1,2,0,0,0
ENSG00000223355.5,0,0,0,0,0,0,0,0
ENSG00000223417.9,0,0,0,0,2,0,0,0
ENSG00000223443.3,0,0,0,0,0,0,0,0
ENSG00000223465.8,0,10,0,11,25,0,0,0
ENSG00000223493.9,0,0,0,0,180,0,0,0
ENSG00000223494.11,0,0,0,0,0,0,0,0
ENSG00000223496.3,480,299,243,859,682,35,420,313
ENSG00000223501.10,0,26,0,243,21,0,8,0
ENSG00000223510.7,0,0,0,0,0,0,0,4
ENSG00000223531.9,0,0,0,0,0,0,0,0
ENSG00000223532.10,3426,3700,282,508,2522,0,4,1876
ENSG00000223533.8,0,98,256,0,61,0,115,62
ENSG00000223547.10,86,104,112,329,848,57,220,227
ENSG00000223569.8,0,0,0,0,0,0,0,0
ENSG00000223572.11,11,1,3,0,3,0,9,0
ENSG00000223573.7,7,4,10,4,3,0,0,1
ENSG00000223590.5,0,1,0,0,0,0,0,0
ENSG00000223601.4,0,0,1,0,0,0,0,0
ENSG00000223609.11,54,38,1356,8,2,0,0,0
ENSG00000223611.7,4,0,6,10,7,0,0,2
ENSG00000223614.6,0,0,0,0,0,0,0,0
ENSG00000223618.7,181,244,245,94,224,0,83,107
ENSG00000223638.5,0,0,0,0,0,0,0,1
ENSG00000223648.4,0,0,0,1,0,0,0,0
ENSG00000223654.3,1450,1090,1153,1363,395,0,0,0
ENSG00000223658.8,7,4,11,14,36,6,23,6
ENSG00000223666.2,0,0,0,68,0,0,0,9
ENSG00000223680.10,0,0,0,0,0,2,0,0
ENSG00000223687.4,0,0,0,0,0,1,0,0
ENSG00000223699.8,15,13,0,0,0,0,0,0
ENSG00000223731.4,9,4,7,0,2,2,1,0
ENSG00000223752.8,51,0,9,10,10,3,0,0
ENSG00000223766.10,0,0,0,0,0,0,0,0
ENSG00000223767.5,0,0,0,30,0,337,336,0
ENSG00000223793.7,0,0,0,0,0,0,0,0
ENSG00000223802.9,42,4,12,20,31,0,6,12
ENSG00000223852.7,0,0,0,0,0,0,0,0
ENSG00000223865.13,339,1151,399,644,1196,3,65,81
ENSG00000223885.4,0,0,0,0,0,0,0,0
ENSG00000223898.8,0,0,0,0,0,0,0,0
ENSG00000223919.8,0,0,0,0,0,0,0,0
ENSG00000223932.6,0,0,0,0,28,5,39,0
ENSG00000223953.6,355,664,299,443,492,78,163,281
ENSG00000223980.10,359,65,102,2,932,227,23,616
ENSG00000223997.1,0,0,0,0,0,0,0,0
ENSG00000224041.3,0,2,0,0,0,0,0,1
ENSG00000224051.8,207,489,143,785,2122,579,1103,1979
ENSG00000224089.3,0,0,0,0,0,0,0,0
ENSG00000224103.7,0,0,0,0,0,8,83,0
ENSG00000224107.5,0,0,0,0,0,0,0,0
ENSG00000224109.4,0,0,0,0,0,0,0,0
ENSG00000224143.10,0,0,17,0,0,15,89,38
ENSG00000224156.10,0,0,0,0,200,1011,3136,0
ENSG00000224168.9,0,0,0,0,0,0,0,0
ENSG00000224200.2,0,0,0,0,30,0,0,0
ENSG00000224212.4,16,0,0,0,0,0,0,0
ENSG00000224242.7,0,0,0,0,0,0,0,0
ENSG00000224246.2,0,0,0,0,0,0,0,0
ENSG00000224319.4,0,0,0,0,0,0,0,0
ENSG00000224373.3,6,17,3,22,11,0,1,0
ENSG00000224378.9,0,0,0,0,28,0,0,0
ENSG00000224379.6,0,0,0,0,0,0,0,11
ENSG00000224383.8,16,15,7,7,9,9,71,84
ENSG00000224389.10,1148,654,1398,16,1170,68,128,278
ENSG00000224398.7,0,995,0,952,636,1,593,583
ENSG00000224420.5,22,17,73,9,14,3,7,4
ENSG00000224440.2,0,0,0,0,0,0,0,0
ENSG00000224455.9,72,78,110,0,361,0,0,44
ENSG00000224470.10,356,242,203,1596,1004,107,599,351
ENSG00000224487.8,0,0,0,0,0,0,0,0
ENSG00000224496.7,0,0,0,0,0,0,0,0
ENSG00000224501.5,3010,129,235,0,655,0,0,4195
ENSG00000224531.7,280,198,98,713,748,42,384,169
ENSG00000224542.7,0,0,0,0,0,0,0,0
ENSG00000224544.2,0,0,0,0,0,0,0,0
ENSG00000224552.9,0,0,0,0,0,0,0,0
ENSG00000224578.5,67,97,57,50,34,69,55,56
ENSG00000224586.7,0,0,0,0,0,0,0,0
ENSG00000224587.9,0,0,0,19,0,0,8,1
ENSG00000224608.10,193,2267,371,1239,1216,0,1,1680
ENSG00000224650.2,0,0,0,0,7,0,1,0
ENSG00000224659.3,0,0,0,0,0,0,0,0
ENSG00000224708.8,0,0,0,0,0,0,0,0
ENSG00000224712.13,128,0,0,7,38,0,22,0
ENSG00000224740.8,582,596,306,1645,420,0,77,354
ENSG00000224748.4,0,0,0,0,0,0,0,0
ENSG00000224770.7,0,0,0,0,0,0,0,0
ENSG00000224841.9,5,0,4,0,0,0,0,50
ENSG00000224859.6,0,0,0,0,0,0,0,0
ENSG00000224877.4,384,625,224,453,724,117,376,727
ENSG00000224902.6,0,0,0,0,0,0,0,0
ENSG00000224916.9,0,23,0,0,0,0,5,0
ENSG00000224940.11,10,11,16,25,45,7,40,18
ENSG00000224941.6,0,58,120,0,53,0,25,0
ENSG00000224952.7,44,150,0,93,171,37,1040,0
ENSG00000224960.5,0,0,0,0,0,0,0,0
ENSG00000224979.6,0,0,0,0,0,45,193,178
ENSG00000224982.5,62,58,5,25,28,1,6,24
ENSG00000225073.10,322,287,199,79,408,66,655,439
ENSG00000225103.3,0,0,0,0,0,0,0,0
ENSG00000225110.3,0,0,0,0,0,0,0,0
ENSG00000225130.9,0,0,0,0,0,0,0,0
ENSG00000225164.9,0,0,97,0,820,81,146,579
ENSG00000225180.8,0,0,0,0,0,0,0,0
ENSG00000225190.13,464,256,310,1082,168,49,91,26
ENSG00000225211.6,1,3,0,0,0,0,0,0
ENSG00000225228.2,0,0,0,0,0,0,0,0
ENSG00000225247.4,0,0,0,0,0,0,0,0
ENSG00000225291.4,0,0,0,0,0,0,0,0
ENSG00000225327.3,0,0,0,0,0,0,0,0
ENSG00000225351.4,0,0,0,0,0,0,0,0
ENSG00000225366.7,3,0,0,2,0,0,0,0
ENSG00000225396.6,0,0,0,0,0,0,0,0
ENSG00000225412.7,0,0,0,0,0,0,0,0
ENSG00000225454.2,0,51,2,0,0,0,0,0
ENSG00000225523.2,1,2,0,2,0,0,0,0
ENSG00000225526.7,0,4,0,2,3,6,1,13
ENSG00000225528.4,15,23,10,8,12,2,0,3
ENSG00000225543.2,0,0,0,0,0,0,0,0
ENSG00000225550.4,0,0,0,0,0,0,0,0
ENSG00000225553.7,425,437,344,1058,1272,147,611,634
ENSG00000225556.3,0,2,0,0,0,0,3,0
ENSG00000225590.9,0,0,0,696,0,217,868,347
ENSG00000225614.4,27,4,11,20,17,7,18,12
ENSG00000225663.9,1169,1247,1056,559,1824,184,589,1075
ENSG00000225682.6,0,0,27,5,0,0,129,0
ENSG00000225691.7,4023,162,0,0,3668,752,1742,36
ENSG00000225697.14,318,120,225,261,363,9,158,74
ENSG00000225698.4,0,0,0,1,0,0,0,0
ENSG00000225737.9,0,0,0,0,0,0,0,0
ENSG00000225748.9,0,341,0,2394,1478,0,1223,730
ENSG00000225781.2,0,0,0,0,0,0,0,0
ENSG00000225805.4,0,0,0,0,0,0,0,0
ENSG00000225824.8,0,2,0,4,54,0,0,85
ENSG00000225825.1,0,0,0,0,0,0,0,0
ENSG00000225828.2,1,12,34,2,13,0,9,16
ENSG00000225830.17,104,199,75,422,528,43,272,188
ENSG00000225859.10,19,0,0,70,75,0,0,162
ENSG00000225899.8,0,0,0,0,0,0,0,0
ENSG00000225921.8,876,615,337,1050,1359,182,652,366
ENSG00000225950.10,1,0,0,3,0,0,0,2
ENSG00000225967.9,435,0,216,6,527,38,175,35
ENSG00000225968.9,46,49,13,77,194,47,96,142
ENSG00000225973.5,91,76,83,109,138,13,80,28
ENSG00000225987.7,0,0,0,0,0,0,0,809
ENSG00000225997.1,0,0,0,0,0,0,0,0
ENSG00000226023.6,0,0,0,0,0,0,0,0
ENSG00000226033.11,0,0,0,0,0,0,0,0
ENSG00000226124.11,6,6,3,41,62,2,36,22
ENSG00000226127.7,0,0,0,0,0,0,0,0
ENSG00000226165.9,0,0,0,0,0,0,0,0
ENSG00000226174.8,5,2,2,2,6,0,12,2
ENSG00000226187.8,0,0,0,0,0,0,0,0
ENSG00000226248.6,11,12,0,35,52,93,125,0
ENSG00000226260.9,16,0,119,2403,1043,118,1035,215
ENSG00000226264.10,95,364,6,0,360,16,182,45
ENSG00000226271.1,0,0,0,0,0,0,0,0
ENSG00000226288.3,0,0,0,0,0,0,0,0
ENSG00000226314.9,8,15,20,38,62,2,35,22
ENSG00000226321.6,6,2,1,0,1,0,1,0
ENSG00000226372.4,0,0,0,0,0,0,0,0
ENSG00000226384.10,0,90,26,0,42,0,0,50
ENSG00000226402.8,0,0,0,0,0,0,0,0
ENSG00000226430.7,0,0,0,0,0,0,0,0
ENSG00000226437.10,0,39,104,0,256,13,165,0
ENSG00000226463.1,0,0,0,0,0,0,0,0
ENSG00000226467.9,790,0,0,174,324,0,0,515
ENSG00000226479.4,587,453,282,1213,955,108,482,443
ENSG00000226490.2,0,0,0,0,0,0,0,0
ENSG00000226492.7,5,44,0,3,22,33,140,225
ENSG00000226531.2,229,157,257,133,458,0,334,414
ENSG00000226589.9,0,0,0,0,0,101,0,0
ENSG00000226603.8,1,0,0,0,0,0,0,0
ENSG00000226614.11,925,149,102,1868,1198,0,0,0
ENSG00000226618.9,1242,0,0,0,567,614,0,0
ENSG00000226634.6,225,555,215,285,680,48,132,219
ENSG00000226650.6,0,1,0,0,0,0,0,0
ENSG00000226651.6,0,0,0,0,0,0,0,0
ENSG00000226660.2,0,0,0,0,1,0,0,2
ENSG00000226685.4,0,0,0,0,0,0,0,0
ENSG00000226690.9,0,1,0,0,0,0,0,0
ENSG00000226704.6,0,20,0,47,49,0,0,0
ENSG00000226710.9,85,19,0,22,114,0,10,8
ENSG00000226742.5,107,103,156,132,197,23,105,84
ENSG00000226761.3,0,0,0,0,0,0,0,0
ENSG00000226763.5,22,4,16,7,7,0,25,0
ENSG00000226784.3,1,2,0,7,0,0,0,0
ENSG00000226788.3,0,0,0,0,0,0,0,0
ENSG00000226792.8,0,2,0,1,1,0,0,0
ENSG00000226807.7,0,0,0,0,0,0,0,0
ENSG00000226841.2,0,0,0,0,0,0,0,0
ENSG00000226858.7,0,0,0,0,23,3,18,11
ENSG00000226882.9,53,0,14,0,164,31,81,0
ENSG00000226887.9,16,14,1,88,95,20,64,46
ENSG00000226892.6,0,0,0,0,0,0,0,0
ENSG00000226898.2,0,36,0,15,0,0,0,0
ENSG00000226923.2,0,1,2,0,0,0,0,0
ENSG00000226929.3,0,0,0,0,0,0,0,0
ENSG00000226931.2,0,0,0,0,0,0,0,0
ENSG00000226936.4,24,151,97,103,141,37,73,0
ENSG00000226941.9,0,0,0,0,0,0,0,0
ENSG00000226979.10,4,11,3,1,0,0,2,1
ENSG00000227044.4,0,0,0,0,0,0,0,0
ENSG00000227046.8,18,42,105,851,172,68,391,0
ENSG00000227051.7,90,54,58,333,177,12,23,44
ENSG00000227057.10,407,196,377,375,398,0,10,162
ENSG00000227059.7,0,0,0,0,0,0,0,0
ENSG00000227074.11,0,0,0,0,0,0,0,0
ENSG00000227108.1,0,0,0,0,0,0,0,0
ENSG00000227124.13,76,71,46,117,173,9,96,31
ENSG00000227137.8,0,0,0,0,0,0,0,0
ENSG00000227140.3,0,0,0,0,0,0,0,0
ENSG00000227144.8,0,0,0,0,0,0,0,0
ENSG00000227147.9,0,0,0,0,0,0,0,0
ENSG00000227152.6,0,0,0,0,0,0,0,0
ENSG00000227171.8,0,0,0,0,0,1,1,0
ENSG00000227191.8,3,55,8,3,22,1,12,2
ENSG00000227196.1,0,0,0,0,0,0,0,0
ENSG00000227222.7,0,0,0,0,0,0,0,0
ENSG00000227234.2,0,0,0,0,0,0,0,0
ENSG00000227268.5,8,10,8,19,18,2,26,4
ENSG00000227277.9,2,0,0,0,0,0,0,0
ENSG00000227314.12,0,0,0,0,0,0,0,0
ENSG00000227315.7,0,0,0,0,0,0,0,0
ENSG00000227317.6,16,100,21,172,98,21,79,107
ENSG00000227322.11,302,0,153,576,83,139,721,733
ENSG00000227345.10,141,121,58,671,717,63,429,196
ENSG00000227357.3,0,0,39,0,14,0,859,298
ENSG00000227420.8,0,0,0,26,0,366,1362,797
ENSG00000227446.2,0,0,0,0,0,0,0,0
ENSG00000227458.8,0,0,0,0,0,0,0,0
ENSG00000227460.8,60,1,17,7,17,0,14,0
ENSG00000227471.9,0,0,1,0,0,0,0,0
ENSG00000227500.12,364,176,255,367,397,62,268,220
ENSG00000227506.5,0,1,0,0,0,0,0,0
ENSG00000227507.3,5,18,34,10,25,2,0,0
ENSG00000227551.1,0,0,0,0,0,0,0,0
ENSG00000227587.2,6,0,4,0,0,1,0,0
ENSG00000227600.11,0,2,0,0,0,5,168,22
ENSG00000227642.9,0,0,0,0,0,0,0,0
ENSG00000227686.7,0,0,0,0,0,0,0,0
ENSG00000227715.11,4685,7224,3044,5750,3445,411,1379,1458
ENSG00000227717.5,0,0,0,0,0,0,0,0
ENSG00000227729.5,19,70,20,143,870,84,418,299
ENSG00000227739.10,2913,0,0,0,0,0,0,0
ENSG00000227746.10,0,214,0,2746,21,0,510,0
ENSG00000227761.10,945,663,985,2508,1825,61,2176,802
ENSG00000227772.8,0,0,0,0,0,0,30,0
ENSG00000227794.5,0,0,0,0,0,159,810,815
ENSG00000227800.1,0,0,0,0,0,0,0,0
ENSG00000227801.8,11,54,30,46,0,6,195,38
ENSG00000227816.4,0,0,0,0,8,0,0,0
ENSG00000227826.10,0,0,0,0,0,0,0,0
ENSG00000227858.1,98,68,0,0,19,0,0,28
ENSG00000227861.9,0,0,0,0,0,0,0,0
ENSG00000227868.7,1,2,0,1,0,1,0,0
ENSG00000227877.7,1,0,1,1,2,0,0,0
ENSG00000227993.9,0,19,0,0,3,0,0,140
ENSG00000228001.8,0,0,0,0,0,0,0,0
ENSG00000228049.8,73,37,26,70,89,2,50,34
ENSG00000228075.5,0,0,0,0,0,0,0,0
ENSG00000228080.10,0,46,1020,721,384,117,412,0
ENSG00000228083.3,0,0,0,0,0,0,0,0
ENSG00000228090.6,0,0,0,8,8,0,0,0
ENSG00000228116.9,0,0,0,0,0,0,0,4
ENSG00000228131.1,0,0,0,0,0,0,0,0
ENSG00000228144.2,0,0,0,0,18,0,0,0
ENSG00000228163.8,536,0,0,0,0,0,0,0
ENSG00000228177.2,223,0,0,0,111,0,0,0
ENSG00000228186.10,189,137,137,74,107,14,65,23
ENSG00000228198.3,2,2,6,1,4,0,0,0
ENSG00000228253.1,153225,206672,42811,129584,161658,38296,80132,63303
ENSG00000228267.8,0,0,0,0,65,0,0,0
ENSG00000228278.6,1,1634,5,1,2,0,0,0
ENSG00000228284.8,1,6,75,0,111,0,249,0
ENSG00000228299.9,28,7112,2739,7,7235,0,487,6396
ENSG00000228300.15,265,117,145,19,44,0,29,41
ENSG00000228325.5,0,0,0,0,0,0,0,0
ENSG00000228333.9,0,0,0,0,0,0,0,0
ENSG00000228336.2,1,6,1,3,3,0,0,0
ENSG00000228372.8,1,0,1,0,0,0,0,0
ENSG00000228405.5,0,2,0,0,661,0,0,542
ENSG00000228435.2,0,0,0,369,164,0,0,0
ENSG00000228454.7,0,0,0,0,0,0,0,0
ENSG00000228474.7,2067,1341,986,2219,3281,541,1941,2153
ENSG00000228486.11,44,56,68,19,45,0,24,2
ENSG00000228517.3,0,0,0,0,0,0,0,0
ENSG00000228520.3,0,0,0,0,0,110,551,359
ENSG00000228567.3,0,0,0,0,0,0,0,0
ENSG00000228570.8,75,48,35,139,283,28,152,129
ENSG00000228575.9,0,0,0,0,1,0,0,0
ENSG00000228582.9,0,0,0,0,0,7,163,0
ENSG00000228594.4,25,19,31,4,95,5,33,102
ENSG00000228607.3,0,0,0,0,0,0,0,0
ENSG00000228623.10,28,35,32,95,324,16,170,49
ENSG00000228628.8,0,285,0,458,0,0,860,0
ENSG00000228662.2,0,1,2,0,0,0,0,0
ENSG00000228672.4,198,403,129,1096,2102,504,896,1011
ENSG00000228691.6,137,18,0,267,353,0,0,0
ENSG00000228696.13,30,17,12,109,106,1,114,58
ENSG00000228712.2,0,0,0,0,94,61,187,268
ENSG00000228716.8,102,100,156,748,500,66,308,271
ENSG00000228727.11,0,17,0,0,0,3,0,0
ENSG00000228760.10,0,0,0,710,0,0,0,0
ENSG00000228813.9,0,0,0,0,0,0,0,0
ENSG00000228836.9,0,0,0,4,0,0,3,0
ENSG00000228854.8,0,0,0,0,8,0,17,0
ENSG00000228875.8,23,0,0,0,25,222,91,39
ENSG00000228881.7,0,0,0,0,0,0,0,0
ENSG00000228913.2,0,0,0,0,0,0,0,0
ENSG00000228927.10,0,0,0,0,0,0,0,0
ENSG00000228964.10,0,10201,0,88,0,0,1,0
ENSG00000228978.2,22,183,4,0,8,0,0,0
ENSG00000228985.1,0,0,0,0,0,0,0,0
ENSG00000228987.9,865,422,22,458,1391,59,505,0
ENSG00000229006.7,0,50,70,342,427,48,0,106
ENSG00000229061.8,0,54,29,0,32,0,0,45
ENSG00000229071.9,0,0,0,0,3,0,2,1
ENSG00000229074.8,212,2,0,0,52,0,1285,723
ENSG00000229117.10,16310,20807,12160,15530,23918,3691,15151,18891
ENSG00000229125.8,0,0,0,0,0,0,0,0
ENSG00000229126.6,0,2,0,1,0,1,4,3
ENSG00000229176.11,0,0,26,0,0,0,0,0
ENSG00000229183.10,0,0,14,17,10,0,8,0
ENSG00000229185.4,0,0,0,0,0,0,0,0
ENSG00000229215.9,45,6918,6,13,4596,131,2337,359
ENSG00000229253.5,0,0,31,396,54,54,217,64
ENSG00000229284.4,0,0,0,1,0,0,0,0
ENSG00000229292.2,0,2,0,1,0,0,0,0
ENSG00000229295.11,102,0,0,182,152,16,42,71
ENSG00000229300.9,55,85,96,56,136,17,86,101
ENSG00000229314.7,11,6147,60,6,0,0,0,0
ENSG00000229341.2,0,0,0,132,0,0,0,0
ENSG00000229346.8,0,0,0,0,0,0,0,0
ENSG00000229353.10,7105,2677,11085,2228,3389,253,0,1584
ENSG00000229381.8,0,0,0,0,0,0,0,0
ENSG00000229412.5,0,0,0,0,0,0,0,0
ENSG00000229432.2,0,0,0,0,0,0,0,0
ENSG00000229453.4,0,0,0,0,0,0,0,0
ENSG00000229470.9,0,0,14,0,0,0,81,0
ENSG00000229474.9,6,45,8,31,76,0,40,17
ENSG00000229493.9,0,0,0,0,0,0,0,0
ENSG00000229496.10,19,0,0,0,0,0,0,0
ENSG00000229524.10,0,0,0,816,1050,0,100,575
ENSG00000229544.9,0,0,0,0,0,0,0,0
ENSG00000229549.9,0,0,0,0,0,0,0,0
ENSG00000229571.7,0,0,0,0,0,0,0,0
ENSG00000229637.5,0,0,0,0,0,0,0,0
ENSG00000229674.3,0,0,0,0,0,0,0,0
ENSG00000229676.3,4,6,4,8,8,1,5,0
ENSG00000229680.4,0,0,0,0,0,0,0,0
ENSG00000229698.11,226,0,134,0,273,0,0,0
ENSG00000229741.7,0,0,0,0,0,0,0,0
ENSG00000229767.9,0,0,0,16,0,0,0,0
ENSG00000229769.2,0,0,0,0,0,0,0,0
ENSG00000229809.10,110,142,142,103,225,57,126,165
ENSG00000229833.12,647,1072,483,875,1357,183,643,934
ENSG00000229859.10,0,2,0,0,0,0,18,0
ENSG00000229894.5,0,0,0,0,0,0,0,0
ENSG00000229924.3,0,0,0,0,0,0,0,0
ENSG00000229937.9,0,0,0,0,0,0,0,0
ENSG00000229972.10,0,0,0,0,0,0,0,0
ENSG00000229998.8,0,0,2,0,0,0,82,0
ENSG00000230031.10,0,0,0,0,0,0,0,0
ENSG00000230034.8,210,610,131,270,0,0,0,0
ENSG00000230045.4,0,0,0,0,0,0,0,0
ENSG00000230054.3,0,0,0,0,0,0,0,0
ENSG00000230060.6,9,10,8,8,8,2,8,0
ENSG00000230062.8,2,3,0,0,0,0,0,0
ENSG00000230072.2,0,0,0,0,0,0,0,0
ENSG00000230099.2,0,0,0,0,1,0,0,0
ENSG00000230124.9,323,237,230,493,742,111,400,336
ENSG00000230141.11,0,0,0,0,0,0,0,0
ENSG00000230178.1,0,0,0,0,0,0,0,0
ENSG00000230230.7,0,0,0,0,0,0,0,0
ENSG00000230246.9,0,0,0,0,0,0,0,0
ENSG00000230268.4,0,0,0,0,0,0,0,0
ENSG00000230293.11,7,0,0,0,0,0,0,0
ENSG00000230301.6,0,0,0,0,0,0,0,0
ENSG00000230308.10,0,0,0,0,0,23,0,0
ENSG00000230332.8,0,0,0,0,0,0,0,0
ENSG00000230336.9,0,0,0,0,1,0,0,0
ENSG00000230341.8,0,183,0,0,288,0,0,0
ENSG00000230358.6,1,0,0,3,2,0,0,2
ENSG00000230399.2,0,0,0,0,0,0,0,0
ENSG00000230413.9,0,0,1,0,1,0,0,0
ENSG00000230453.11,0,4,1,5,4,0,0,0
ENSG00000230456.10,0,251,12,0,201,0,0,256
ENSG00000230463.3,0,410,0,563,414,0,0,0
ENSG00000230467.8,0,0,0,0,0,0,0,0
ENSG00000230505.4,0,0,0,0,0,0,0,0
ENSG00000230522.5,0,0,0,0,0,0,0,0
ENSG00000230549.3,0,0,0,0,0,0,0,0
ENSG00000230561.7,3,2,2,6,9,1,0,4
ENSG00000230601.7,0,0,0,0,0,0,0,0
ENSG00000230624.10,0,0,54,402,515,76,392,165
ENSG00000230657.9,0,0,0,0,0,1,0,0
ENSG00000230667.7,0,0,0,0,0,0,0,0
ENSG00000230669.6,0,0,0,0,0,0,36,41
ENSG00000230675.9,0,0,1,0,2,0,0,0
ENSG00000230678.10,1031,627,467,0,0,0,0,0
ENSG00000230685.6,16,0,32,0,0,0,255,6
ENSG00000230700.11,0,0,0,0,0,0,0,0
ENSG00000230707.3,0,3,0,1,1,0,0,0
ENSG00000230708.10,352,1200,0,868,657,96,572,232
ENSG00000230726.9,0,4016,718,2059,1758,0,1288,355
ENSG00000230778.2,0,1,0,27,11,0,7,0
ENSG00000230797.3,13,12,9,25,33,0,47,9
ENSG00000230855.3,0,0,0,0,0,0,2,0
ENSG00000230873.10,0,9,1,2,3,0,0,0
ENSG00000230885.9,0,0,0,0,0,0,0,0
ENSG00000230907.2,0,0,0,0,0,8,24,9
ENSG00000230930.8,0,0,20,0,0,0,0,0
ENSG00000230961.10,0,0,0,0,0,0,0,0
ENSG00000230985.11,0,220,68,0,170,0,0,159
ENSG00000230989.9,2025,1681,737,2274,3189,292,1249,1377
ENSG00000230995.7,493,490,246,0,0,50,344,376
ENSG00000231002.7,0,0,0,0,3,0,0,0
ENSG00000231021.10,605,5,1107,218,405,8,0,0
ENSG00000231041.1,0,0,0,0,0,0,0,0
ENSG00000231044.10,2,4,13,10,7,111,365,302
ENSG00000231068.1,0,0,0,0,0,0,0,0
ENSG00000231094.8,0,0,9,0,0,0,1,0
ENSG00000231116.9,0,0,0,0,9,0,232,80
ENSG00000231129.8,0,0,0,0,0,55,261,0
ENSG00000231135.9,0,0,0,0,0,0,0,0
ENSG00000231179.9,0,0,0,0,0,0,0,0
ENSG00000231192.3,0,0,0,0,0,0,0,0
ENSG00000231213.7,0,0,0,0,0,0,0,0
ENSG00000231247.8,0,0,0,0,0,0,0,0
ENSG00000231256.8,0,0,0,2,4,0,0,1
ENSG00000231268.9,10,0,49,0,0,2,0,0
ENSG00000231274.6,50,27,5,292,370,171,133,65
ENSG00000231286.7,43,540,0,389,61,5,16,44
ENSG00000231292.6,1,0,0,3,0,0,0,0
ENSG00000231314.7,0,0,0,0,0,0,7,0
ENSG00000231321.9,0,0,3,0,0,0,0,0
ENSG00000231325.9,11,17,10,12,21,2,4,5
ENSG00000231350.5,0,0,0,0,0,0,0,0
ENSG00000231370.9,499,609,818,4086,2359,0,1474,430
ENSG00000231372.8,31,51,0,34,0,0,0,17
ENSG00000231389.9,607,3304,509,2353,3110,214,1300,460
ENSG00000231396.3,0,0,0,0,0,0,0,0
ENSG00000231408.8,0,0,0,0,0,0,0,0
ENSG00000231475.3,0,3,0,0,8,0,0,0
ENSG00000231479.8,0,0,0,0,0,0,0,0
ENSG00000231500.8,13795,8283,9997,10272,15607,239,0,2
ENSG00000231526.3,0,0,0,0,0,0,0,0
ENSG00000231555.4,5113,1384,520,105,3047,0,0,793
ENSG00000231608.9,0,0,6,42,1274,0,0,340
ENSG00000231617.8,107,0,0,0,0,0,0,0
ENSG00000231618.10,0,0,0,2,0,0,0,0
ENSG00000231631.6,199,96,9,82,79,4,0,0
ENSG00000231641.9,139,0,0,496,293,0,0,0
ENSG00000231676.4,0,0,0,0,0,0,0,0
ENSG00000231679.8,0,16,0,23,191,0,8,4
ENSG00000231738.12,0,0,0,1,8,0,2,4
ENSG00000231823.3,0,0,0,5,7,0,0,0
ENSG00000231824.4,0,0,1,0,2,0,0,0
ENSG00000231834.10,3104,0,75,0,1765,14,262,24
ENSG00000231852.10,0,5,0,0,2,1,142,9
ENSG00000231861.3,0,0,0,0,0,0,0,1
ENSG00000231887.10,0,0,0,0,2,0,0,0
ENSG00000231924.10,0,0,0,0,0,5,0,0
ENSG00000231925.15,68,1872,950,159,1509,4,28,922
ENSG00000231939.5,7,18,160,0,30,0,0,0
ENSG00000231945.8,736,151,274,738,571,0,121,345
ENSG00000231968.2,0,0,0,0,0,0,0,0
ENSG00000231975.2,0,1,2,0,0,0,0,0
ENSG00000231989.5,0,1,0,0,0,0,0,0
ENSG00000232005.7,0,384,367,1715,1790,0,168,0
ENSG00000232030.4,0,0,0,0,0,0,0,0
ENSG00000232040.5,4,9,0,38,23,4,5,7
ENSG00000232045.7,0,105,15,0,277,0,221,83
ENSG00000232062.9,0,12,214,15,98,0,37,0
ENSG00000232070.10,7,6,10,5,9,2,5,4
ENSG00000232106.9,0,0,0,0,0,0,0,0
ENSG00000232112.4,2404,2767,1422,1726,3023,549,1975,2220
ENSG00000232113.3,0,0,0,0,0,0,0,0
ENSG00000232119.9,568,423,247,571,769,96,664,336
ENSG00000232125.5,0,0,1,0,0,0,0,0
ENSG00000232126.8,1426,3314,1060,1646,7018,976,3287,2332
ENSG00000232127.2,0,0,0,0,0,0,0,0
ENSG00000232143.9,0,0,0,0,0,0,0,0
ENSG00000232216.1,0,2,0,3,0,0,0,0
ENSG00000232237.5,0,0,0,1,1,0,0,0
ENSG00000232251.5,0,0,0,0,0,0,0,0
ENSG00000232258.7,0,1,0,0,0,0,0,0
ENSG00000232263.1,0,0,0,0,0,0,0,0
ENSG00000232264.5,0,0,0,0,0,0,0,0
ENSG00000232268.8,0,0,0,0,0,0,0,0
ENSG00000232280.9,6,3,0,3,4,0,0,0
ENSG00000232289.8,0,0,0,0,0,0,0,0
ENSG00000232308.4,0,0,0,1,0,0,0,0
ENSG00000232312.6,0,1,0,0,0,0,22,0
ENSG00000232326.9,0,0,0,0,0,0,0,107
ENSG00000232339.5,0,14,0,0,28,0,245,0
ENSG00000232382.2,0,0,0,0,0,0,0,0
ENSG00000232388.5,439,589,226,800,1204,144,670,784
ENSG00000232399.4,0,0,0,0,0,0,0,0
ENSG00000232414.6,24,0,14,10,0,0,0,5
ENSG00000232423.6,0,0,0,1,0,0,0,0
ENSG00000232434.4,52,34,39,90,257,80,167,239
ENSG00000232535.2,0,0,0,0,0,0,0,0
ENSG00000232541.10,0,54,0,6,168,0,2,10
ENSG00000232543.2,0,0,0,0,0,0,0,0
ENSG00000232569.8,511,302,0,0,396,0,523,0
ENSG00000232593.9,1,0,1,8,8,0,0,3
ENSG00000232616.9,71,125,117,587,326,0,283,173
ENSG00000232629.10,6,18,0,0,0,0,0,6
ENSG00000232632.8,2,0,1083,0,0,15,0,0
ENSG00000232641.10,0,3,0,71,40,0,4,0
ENSG00000232653.9,124,97,45,112,122,4,157,160
ENSG00000232804.5,70,1590,128,293,5057,155,1444,6744
ENSG00000232810.5,0,0,0,0,5,0,7,0
ENSG00000232838.4,122,81,65,155,237,28,98,113
ENSG00000232859.11,34,130,113,130,442,41,175,157
ENSG00000232869.2,0,0,0,3,2,1,4,0
ENSG00000232957.11,21,29,0,0,89,0,0,29
ENSG00000232962.11,0,160,0,0,1,0,0,0
ENSG00000232984.8,0,0,0,0,0,0,0,0
ENSG00000233024.7,684,249,615,313,422,0,193,73
ENSG00000233041.9,0,0,0,0,0,0,0,0
ENSG00000233046.8,0,0,0,0,0,0,0,0
ENSG00000233050.1,0,0,0,0,0,0,0,0
ENSG00000233051.9,72,67,0,23,76,9,101,18
ENSG00000233054.3,0,0,0,0,0,0,0,0
ENSG00000233056.4,0,0,1,1,1,0,0,2
ENSG00000233076.6,16,53,21,56,37,15,79,107
ENSG00000233087.8,1,0,0,1,0,0,0,0
ENSG00000233095.8,0,0,1,0,1,0,0,0
ENSG00000233115.5,0,0,0,0,0,0,0,0
ENSG00000233132.4,0,0,0,0,0,0,0,0
ENSG00000233136.3,0,0,0,0,0,0,0,0
ENSG00000233151.6,0,0,0,0,0,0,0,0
ENSG00000233164.9,6,0,0,11,0,0,0,0
ENSG00000233192.7,2,8,0,0,0,0,0,0
ENSG00000233198.5,0,0,0,0,0,0,1,0
ENSG00000233209.6,120,112,10,46,93,0,106,18
ENSG00000233210.6,0,0,23,126,21,5,0,0
ENSG00000233232.9,25,4,17,57,43,1,26,4
ENSG00000233276.9,1359,1718,1454,854,1846,333,809,1367
ENSG00000233295.3,0,0,0,0,0,0,2,0
ENSG00000233306.2,0,1,0,0,0,0,0,0
ENSG00000233312.9,0,0,0,2426,0,0,272,0
ENSG00000233314.6,481,403,151,61,619,146,662,344
ENSG00000233323.10,0,0,32,7,0,0,0,0
ENSG00000233345.9,18,2,10,26,27,0,29,6
ENSG00000233348.10,0,0,0,0,0,0,0,0
ENSG00000233381.4,7,2,0,10,17,8,77,21
ENSG00000233412.6,0,0,0,0,0,0,0,0
ENSG00000233436.9,0,0,0,2,0,0,0,1
ENSG00000233439.8,0,0,0,0,0,0,1,0
ENSG00000233450.7,0,0,0,0,5,0,0,0
ENSG00000233490.7,87,0,39,0,55,0,0,7
ENSG00000233493.5,3,4,3,2,1,4,0,4
ENSG00000233561.6,0,0,0,0,168,129,473,242
ENSG00000233573.9,0,0,0,0,0,0,0,0
ENSG00000233599.8,0,0,0,0,0,0,0,0
ENSG00000233608.6,194,37,202,24,41,9,37,23
ENSG00000233641.9,255,112,66,538,877,0,249,276
ENSG00000233670.8,0,0,0,0,0,0,1,0
ENSG00000233701.3,0,0,0,0,0,0,0,0
ENSG00000233732.5,0,0,0,0,0,0,0,0
ENSG00000233734.8,0,0,0,0,0,0,1,0
ENSG00000233757.7,38,32,16,96,85,3,70,12
ENSG00000233802.8,0,0,0,0,0,0,0,0
ENSG00000233803.9,0,0,0,0,0,0,0,0
ENSG00000233816.4,0,0,0,0,0,0,0,0
ENSG00000233822.7,8,9,12,11,33,2,11,5
ENSG00000233831.4,14,0,0,0,12,0,0,0
ENSG00000233841.11,152,16,5,5294,31,157,292,44
ENSG00000233890.6,0,0,0,0,0,0,0,11
ENSG00000233904.6,3163,4376,1117,3262,9339,518,2158,1273
ENSG00000233911.9,0,14,19,0,0,0,0,2
ENSG00000233917.9,0,0,0,0,0,0,0,0
ENSG00000233927.6,4649,7971,5054,1519,5786,1472,3628,7891
ENSG00000233931.7,0,0,0,0,0,0,0,0
ENSG00000233932.7,0,0,0,0,2,0,2,1
ENSG00000233948.10,617,355,321,232,292,0,0,0
ENSG00000233954.7,8,8,7,8,7,0,1,8
ENSG00000233974.4,0,0,0,0,0,0,0,6
ENSG00000233999.3,0,13,0,3,1,0,0,0
ENSG00000234012.9,0,15,0,0,110,0,0,0
ENSG00000234032.11,611,0,243,256,326,54,252,184
ENSG00000234046.7,0,0,0,6,21,0,0,0
ENSG00000234068.7,0,0,4,0,0,0,0,0
ENSG00000234078.10,277,0,61,828,361,0,55,30
ENSG00000234096.9,0,0,0,0,0,0,0,0
ENSG00000234114.8,0,0,6,0,36,0,0,30
ENSG00000234127.10,226,358,287,353,361,102,353,303
ENSG00000234137.5,0,0,0,0,0,0,0,0
ENSG00000234154.10,0,0,0,0,0,0,0,0
ENSG00000234186.5,0,0,0,0,0,0,0,0
ENSG00000234196.2,11,4,1,20,22,2,0,9
ENSG00000234218.9,24,0,0,0,0,2,0,0
ENSG00000234224.3,0,0,0,0,1,0,0,0
ENSG00000234258.6,0,0,0,0,0,0,0,0
ENSG00000234280.6,0,0,0,0,0,0,0,0
ENSG00000234284.8,63,51,36,155,159,13,75,44
ENSG00000234289.6,0,0,0,0,0,0,0,0
ENSG00000234347.8,0,0,0,0,0,0,0,0
ENSG00000234370.10,0,0,0,0,0,0,0,0
ENSG00000234409.7,4,1,4,3,3,1,9,0
ENSG00000234414.8,0,0,0,0,0,0,0,0
ENSG00000234438.5,13,58,16,181,262,35,176,58
ENSG00000234444.10,96,70,59,129,258,5,115,47
ENSG00000234465.11,61,53,77,17,35,3,14,9
ENSG00000234469.5,0,0,0,0,0,0,0,0
ENSG00000234475.5,4290,0,16,5,0,457,2068,0
ENSG00000234487.11,72,254,62,55,685,0,131,134
ENSG00000234495.7,0,0,0,0,0,43,418,171
ENSG00000234507.9,0,0,0,0,0,0,0,0
ENSG00000234511.12,1,1,0,2,3,0,4,0
ENSG00000234514.8,0,10,0,11,25,0,0,0
ENSG00000234530.8,150,116,133,114,332,15,178,110
ENSG00000234539.9,0,0,274,0,609,0,17,3
ENSG00000234545.9,246,352,142,590,534,46,385,97
ENSG00000234560.5,0,0,0,0,0,0,0,0
ENSG00000234602.9,0,0,0,0,0,0,0,0
ENSG00000234605.2,0,0,0,0,0,0,0,0
ENSG00000234616.10,256,74,161,540,552,28,353,285
ENSG00000234623.9,0,0,0,0,0,0,0,0
ENSG00000234651.10,17,372,0,475,1125,0,0,0
ENSG00000234668.3,0,0,4,19,93,1,0,14
ENSG00000234704.9,0,451,274,1551,308,54,1133,281
ENSG00000234719.9,100,54,115,170,187,8,110,23
ENSG00000234728.9,718,692,694,372,737,24,317,277
ENSG00000234729.9,17,507,43,0,62,2,62,3
ENSG00000234745.15,5578,105,2171,2303,6394,979,3475,64
ENSG00000234746.4,0,0,0,0,0,0,0,0
ENSG00000234776.5,0,0,1,0,0,0,0,0
ENSG00000234828.9,0,0,0,0,0,0,0,0
ENSG00000234829.4,0,0,0,0,0,0,0,0
ENSG00000234836.7,0,1,10,16,4,0,0,0
ENSG00000234846.7,0,0,0,0,0,113,361,318
ENSG00000234857.2,11,0,0,629,554,129,338,247
ENSG00000234876.5,0,0,0,0,0,0,0,0
ENSG00000234906.12,9,1604,7,4,2,0,0,0
ENSG00000234947.8,7,2,0,0,0,0,0,0
ENSG00000234954.3,0,2,0,0,4,0,5,1
ENSG00000234965.3,2,46,1,1,30,15,44,45
ENSG00000235007.3,0,4,5,0,3,0,6,1
ENSG00000235017.9,122,99,265,76,0,15,0,18
ENSG00000235034.8,0,1,1,1,2,2,5,8
ENSG00000235098.10,66,114,100,40,106,14,67,36
ENSG00000235106.12,220,148,112,163,282,23,149,123
ENSG00000235107.3,250,434,0,0,211,0,0,0
ENSG00000235109.9,49,167,22,144,338,22,312,93
ENSG00000235118.10,0,7,5,7,11,5,0,4
ENSG00000235125.8,0,51,0,104,0,0,0,133
ENSG00000235132.8,0,0,0,0,0,0,0,0
ENSG00000235134.7,12,0,6,21,0,0,0,0
ENSG00000235162.10,21,53,32,46,47,4,59,13
ENSG00000235169.12,8,52,100,13,46,27,42,128
ENSG00000235173.7,364,148,193,225,472,70,172,196
ENSG00000235194.10,128,125,217,156,478,7,300,118
ENSG00000235220.10,0,0,153,0,9,0,46,6
ENSG00000235222.12,0,7,26,0,13,0,0,6
ENSG00000235233.9,11,184,34,10,126,6,57,127
ENSG00000235259.8,0,0,0,0,0,0,0,0
ENSG00000235268.2,0,0,0,0,0,2,0,0
ENSG00000235272.3,6,1,8,2,5,0,0,0
ENSG00000235302.9,0,0,0,0,0,0,0,0
ENSG00000235307.12,0,0,0,0,0,0,0,0
ENSG00000235336.8,0,0,0,0,0,0,0,0
ENSG00000235346.9,0,0,0,0,2,0,0,0
ENSG00000235360.2,0,112,0,340,248,79,164,0
ENSG00000235376.5,0,0,0,1,0,0,0,0
ENSG00000235387.6,230,308,96,220,246,16,81,68
ENSG00000235396.5,12,0,0,445,438,0,222,201
ENSG00000235439.10,0,0,0,0,0,0,0,0
ENSG00000235441.5,0,0,0,0,0,0,0,0
ENSG00000235443.6,0,0,0,0,0,0,50,52
ENSG00000235453.13,35,72,73,111,140,13,92,92
ENSG00000235487.8,3,0,29,0,0,0,0,0
ENSG00000235568.8,57,24,121,68,75,4,35,8
ENSG00000235569.12,1,0,0,3,6,0,0,1
ENSG00000235608.2,0,0,0,0,0,0,0,0
ENSG00000235631.2,0,6,5,0,1,0,0,2
ENSG00000235650.6,42,11,11,35,32,1785,5880,8205
ENSG00000235657.9,1377,1343,0,921,1477,0,56,14
ENSG00000235676.9,144,322,182,694,456,85,416,279
ENSG00000235680.8,0,0,0,0,2,0,0,0
ENSG00000235692.8,28,13,11,34,44,3,26,16
ENSG00000235696.8,0,0,0,0,0,3,0,0
ENSG00000235699.3,0,0,0,0,0,0,0,0
ENSG00000235708.8,0,0,0,0,0,0,0,0
ENSG00000235711.5,1,0,4,43,35,1,3,3
ENSG00000235712.10,0,564,0,0,279,0,0,0
ENSG00000235715.6,0,0,0,0,0,37,0,155
ENSG00000235718.9,0,0,0,1,5,2,3,2
ENSG00000235744.11,0,0,36,120,137,16,89,0
ENSG00000235750.11,3039,1028,866,1841,1181,112,720,325
ENSG00000235754.7,0,0,0,0,43,11,37,16
ENSG00000235844.8,5,0,20,91,145,11,114,16
ENSG00000235863.4,0,0,0,0,0,0,0,76
ENSG00000235905.8,0,0,0,0,0,0,0,0
ENSG00000235915.8,8,26,128,7,0,3,14,0
ENSG00000235941.5,1958,3513,0,0,9322,0,5659,5677
ENSG00000235942.3,0,0,0,0,0,0,0,0
ENSG00000235961.6,3,17,6,23,71,13,61,51
ENSG00000235966.4,0,0,0,0,0,0,0,0
ENSG00000235985.7,0,1,0,0,0,0,0,0
ENSG00000235986.9,8,4,2,129,36,0,0,5
ENSG00000236011.6,0,0,0,0,0,0,0,0
ENSG00000236014.10,0,0,17,0,0,0,0,0
ENSG00000236027.3,0,0,0,0,0,0,0,0
ENSG00000236032.3,0,0,0,0,0,0,0,0
ENSG00000236104.5,75,130,50,13,145,0,26,139
ENSG00000236125.3,0,0,0,0,0,0,0,0
ENSG00000236149.9,659,343,283,1018,682,251,425,105
ENSG00000236170.1,0,0,0,0,0,0,0,0
ENSG00000236177.9,0,52,0,0,7,0,0,0
ENSG00000236178.11,0,0,0,0,69,0,0,0
ENSG00000236183.2,0,0,0,0,0,0,0,0
ENSG00000236221.9,0,0,0,0,0,0,0,0
ENSG00000236222.8,0,5,50,0,9,0,0,0
ENSG00000236227.8,0,0,0,0,0,0,0,0
ENSG00000236236.9,1331,648,402,1091,1406,0,1644,780
ENSG00000236251.6,8,0,0,0,0,0,7,51
ENSG00000236271.8,152,0,0,31,0,11,846,353
ENSG00000236279.7,1,3,0,1,7,2,0,16
ENSG00000236287.9,450,521,397,1074,1556,102,1204,431
ENSG00000236315.6,0,3,0,0,0,0,0,0
ENSG00000236320.4,4,1,12,1,3,0,0,0
ENSG00000236334.3,0,0,0,0,1,0,0,0
ENSG00000236353.7,0,256,202,0,0,0,0,0
ENSG00000236362.10,0,0,0,0,0,0,0,0
ENSG00000236371.6,0,0,0,0,0,0,0,0
ENSG00000236383.9,2,0,0,0,1,0,2,1
ENSG00000236396.8,0,0,0,0,0,0,0,0
ENSG00000236398.2,0,0,0,0,0,0,0,0
ENSG00000236399.7,0,0,0,0,0,0,0,0
ENSG00000236418.8,112,21,0,0,39,0,1,44
ENSG00000236424.7,0,0,0,0,0,0,0,0
ENSG00000236428.10,676,262,484,154,105,9,47,50
ENSG00000236444.5,2,0,1,0,2,3,4,1
ENSG00000236446.4,0,0,0,0,0,0,0,0
ENSG00000236515.3,0,13,0,87,160,0,0,66
ENSG00000236543.3,0,0,0,0,0,0,0,0
ENSG00000236560.6,307,376,43,390,922,0,143,0
ENSG00000236561.9,0,0,0,0,0,0,100,63
ENSG00000236597.1,0,0,0,0,0,0,0,0
ENSG00000236609.5,157,83,55,421,684,62,249,118
ENSG00000236625.8,0,0,0,0,346,0,0,0
ENSG00000236632.5,0,0,0,0,0,862,3899,2616
ENSG00000236637.5,0,0,0,0,0,0,0,0
ENSG00000236649.10,29,24,17,106,278,0,88,0
ENSG00000236672.6,0,0,0,0,0,0,0,0
ENSG00000236693.11,0,40,146,0,0,69,511,0
ENSG00000236699.9,0,4,0,0,0,0,2,0
ENSG00000236737.1,0,0,0,0,0,0,0,0
ENSG00000236759.7,0,0,0,0,0,0,0,0
ENSG00000236761.6,2,0,0,0,0,0,0,0
ENSG00000236765.6,0,0,0,0,93,0,0,42
ENSG00000236782.9,0,0,2,0,0,1,18,10
ENSG00000236873.9,0,541,0,781,0,0,879,0
ENSG00000236884.8,644,0,0,330,1155,25,0,0
ENSG00000236895.10,0,0,0,203,0,24,120,53
ENSG00000236927.4,0,0,0,0,0,0,0,0
ENSG00000236967.8,0,0,0,0,0,1,1,0
ENSG00000236980.10,0,0,0,0,0,0,0,0
ENSG00000236981.1,0,0,0,0,0,0,0,0
ENSG00000237020.1,0,0,0,0,0,0,0,0
ENSG00000237022.10,23,6912,101,0,573,25,284,646
ENSG00000237038.5,0,0,0,0,0,0,0,0
ENSG00000237046.8,0,0,0,0,0,0,0,0
ENSG00000237051.8,0,144,0,0,0,0,0,0
ENSG00000237052.7,0,0,0,14,0,0,12,0
ENSG00000237056.5,0,0,0,0,0,0,0,0
ENSG00000237071.7,0,0,0,0,0,0,0,0
ENSG00000237110.3,0,0,0,0,0,0,0,0
ENSG00000237112.8,0,0,0,0,0,0,0,112
ENSG00000237114.2,0,0,0,1,0,0,0,2
ENSG00000237123.2,0,0,0,0,0,0,0,0
ENSG00000237136.8,0,0,0,0,0,0,0,0
ENSG00000237155.3,755,176,291,568,873,85,285,91
ENSG00000237165.2,0,0,0,0,0,0,0,0
ENSG00000237172.5,228,82,89,289,308,54,206,143
ENSG00000237190.4,282,312,178,768,1077,133,534,594
ENSG00000237192.8,1,1,0,0,0,0,0,0
ENSG00000237197.1,0,0,0,0,0,0,0,0
ENSG00000237235.2,0,0,0,0,0,0,0,0
ENSG00000237247.6,0,0,0,0,0,0,0,0
ENSG00000237254.2,0,0,1,0,0,0,0,0
ENSG00000237289.11,0,0,0,4,35,0,15,2
ENSG00000237313.1,0,0,0,0,0,0,0,0
ENSG00000237330.3,0,1,0,0,0,0,0,0
ENSG00000237333.13,0,0,0,0,5,0,0,0
ENSG00000237335.8,28,13,11,34,44,3,26,16
ENSG00000237344.7,0,0,91,0,0,0,0,0
ENSG00000237353.7,0,0,0,0,0,0,0,0
ENSG00000237378.3,0,0,0,0,0,0,0,0
ENSG00000237388.3,0,0,0,1,0,0,0,0
ENSG00000237412.7,0,7,0,0,0,0,0,1
ENSG00000237440.10,56,94,29,144,227,9,143,27
ENSG00000237441.11,841,1009,771,1182,2173,140,857,550
ENSG00000237452.4,0,0,0,0,0,0,0,0
ENSG00000237462.10,0,0,0,0,0,0,0,0
ENSG00000237489.6,26,31,30,35,47,4,39,18
ENSG00000237508.10,0,0,0,0,9,0,0,0
ENSG00000237515.10,10,13,13,13,19,2,8,9
ENSG00000237521.4,0,1,0,0,0,0,0,0
ENSG00000237524.11,0,0,0,0,0,0,0,0
ENSG00000237541.4,0,0,0,0,0,0,0,0
ENSG00000237599.9,0,402,0,434,75,0,118,0
ENSG00000237621.4,0,0,0,0,0,0,0,0
ENSG00000237634.1,0,0,0,0,0,0,0,0
ENSG00000237649.9,5,2,78,17,33,0,23,3
ENSG00000237651.8,125,156,135,255,825,80,505,337
ENSG00000237671.5,0,0,0,0,0,0,0,0
ENSG00000237693.6,3,0,4,1,0,0,0,0
ENSG00000237700.2,0,0,0,0,0,0,0,0
ENSG00000237702.2,0,4,0,0,0,0,0,0
ENSG00000237703.8,1,1,0,0,0,0,0,0
ENSG00000237710.10,0,0,0,0,5,0,0,0
ENSG00000237724.5,8994,0,1721,5510,0,496,0,0
ENSG00000237727.7,0,0,0,6,6,13,110,7
ENSG00000237733.8,0,0,0,0,0,0,0,0
ENSG00000237763.11,0,0,0,0,1,0,0,0
ENSG00000237765.9,255,350,231,343,580,27,483,209
ENSG00000237808.6,0,0,0,1,0,0,2,0
ENSG00000237814.2,0,0,2,0,0,0,0,0
ENSG00000237829.6,0,0,0,0,0,0,0,0
ENSG00000237834.9,0,0,2,123,44,0,0,0
ENSG00000237850.8,0,0,0,0,0,0,0,0
ENSG00000237881.6,0,0,0,0,0,0,0,0
ENSG00000237889.11,152,0,89,0,369,28,175,540
ENSG00000237900.2,11,4,1,20,22,2,0,9
ENSG00000237988.6,0,0,0,1,0,0,0,1
ENSG00000238056.9,19,1,17,14,27,2,9,1
ENSG00000238074.6,0,0,0,0,0,0,0,0
ENSG00000238083.10,41,39,115,119,144,13,79,31
ENSG00000238130.8,0,0,0,0,6,0,0,0
ENSG00000238196.5,1353,1284,1104,464,715,0,307,399
ENSG00000238203.8,22,6,3,307,365,36,0,116
ENSG00000238205.4,0,0,0,0,0,0,0,0
ENSG00000238210.4,0,0,0,0,0,0,0,0
ENSG00000238227.9,605,231,269,498,647,151,258,462
ENSG00000238243.3,2,5,51,2,0,0,0,0
ENSG00000238269.10,0,2,15,0,0,0,0,0
ENSG00000238289.9,0,0,46,0,6,0,0,0
ENSG00000239264.10,4232,1172,1179,3001,2324,256,989,858
ENSG00000239268.6,0,0,0,0,1,0,0,0
ENSG00000239282.9,144,148,114,75,157,19,64,114
ENSG00000239285.7,0,0,0,0,0,0,0,0
ENSG00000239305.8,700,822,322,1639,2492,191,1191,812
ENSG00000239306.6,933,588,398,583,705,101,405,538
ENSG00000239382.12,80,61,117,52,129,21,73,90
ENSG00000239388.10,1,25,2,79,293,10,251,103
ENSG00000239389.8,0,0,9,0,2,0,0,0
ENSG00000239395.2,0,0,0,0,0,0,0,0
ENSG00000239457.6,0,0,0,0,0,0,5,0
ENSG00000239474.8,1416,178,318,15770,4230,526,1432,1140
ENSG00000239571.1,0,0,0,0,0,0,2,0
ENSG00000239590.1,0,0,0,0,0,0,0,0
ENSG00000239605.11,0,0,3,0,4,0,0,1
ENSG00000239620.3,0,0,1,0,0,0,0,0
ENSG00000239642.6,0,1,0,2,0,0,0,0
ENSG00000239672.9,2467,205,267,762,460,69,123,225
ENSG00000239697.13,387,1065,533,625,1066,135,564,700
ENSG00000239704.13,69,114,116,165,62,7,91,9
ENSG00000239713.10,57,162,63,94,163,8,62,17
ENSG00000239732.4,0,0,0,0,0,0,0,0
ENSG00000239754.9,72,0,143,231,295,23,0,44
ENSG00000239779.8,407,1066,782,644,1314,95,425,644
ENSG00000239789.7,356,318,131,635,754,74,395,322
ENSG00000239810.3,0,0,0,0,0,0,0,0
ENSG00000239819.2,0,0,0,0,1,0,0,0
ENSG00000239839.8,0,18,356,6,12,0,1,0
ENSG00000239855.1,4,15,0,19,1,0,6,0
ENSG00000239857.8,353,351,428,378,880,134,388,492
ENSG00000239862.1,0,0,0,2,0,0,0,0
ENSG00000239865.6,0,179,269,0,72,40,61,0
ENSG00000239886.5,0,0,0,0,0,0,0,0
ENSG00000239887.6,17,31,11,144,250,21,79,62
ENSG00000239900.15,771,348,238,1484,1762,250,914,791
ENSG00000239920.2,3,1,1,0,1,0,1,0
ENSG00000239927.6,122,0,0,71,147,0,80,0
ENSG00000239951.1,32,121,5,82,45,1,16,4
ENSG00000239961.3,0,0,0,0,0,0,0,0
ENSG00000239975.3,0,0,0,0,0,2,6,0
ENSG00000239998.8,6,16,16,10,1,0,24,6
ENSG00000240008.1,0,0,0,0,1,0,0,0
ENSG00000240021.10,3,0,2,3,19,0,2,6
ENSG00000240038.8,311,346,749,421,910,6,807,257
ENSG00000240041.1,0,0,0,0,0,0,0,0
ENSG00000240045.2,18,21,11,41,34,0,8,13
ENSG00000240053.9,83,32,146,123,163,1,106,44
ENSG00000240065.10,61,90,25,81,65,2,30,13
ENSG00000240184.7,3285,1342,1392,1840,1795,170,609,638
ENSG00000240204.3,1,0,2,2,0,0,0,0
ENSG00000240230.6,163,91,159,255,474,28,233,153
ENSG00000240247.9,0,0,21,0,1,0,0,0
ENSG00000240303.9,619,256,551,769,983,97,510,356
ENSG00000240344.11,179,188,79,250,328,26,292,171
ENSG00000240382.3,14,18,0,8,10,0,0,0
ENSG00000240386.4,0,0,0,0,0,0,0,0
ENSG00000240389.5,0,0,0,0,0,0,0,0
ENSG00000240403.7,0,0,0,0,0,0,0,0
ENSG00000240432.4,0,0,0,0,0,0,0,0
ENSG00000240445.6,12,11,1,44,63,6,38,37
ENSG00000240505.9,1,5,3,1,0,0,2,0
ENSG00000240508.7,1,0,0,0,2,0,0,0
ENSG00000240542.6,0,0,0,0,0,0,0,0
ENSG00000240563.4,2,0,7,5,6,0,1,3
ENSG00000240583.15,5991,20542,2144,12531,20892,2776,8097,8918
ENSG00000240592.5,0,0,0,0,0,0,0,0
ENSG00000240654.7,5,174,9,131,191,30,159,78
ENSG00000240671.4,1,0,0,0,2,0,3,0
ENSG00000240682.11,506,466,310,625,799,78,346,446
ENSG00000240694.10,142,65,76,147,133,13,97,56
ENSG00000240720.10,0,1,2,4,8,0,0,0
ENSG00000240747.9,13,12,16,26,40,0,36,13
ENSG00000240764.4,62,5,7,444,182,14,183,144
ENSG00000240771.9,533,586,538,480,728,31,333,309
ENSG00000240849.12,855,413,285,1007,968,127,489,481
ENSG00000240857.3,354,352,180,1053,1281,103,862,487
ENSG00000240864.3,2,10,1,3,4,1,3,0
ENSG00000240871.7,0,0,0,0,0,0,0,0
ENSG00000240891.8,18,10,2,36,24,4,26,7
ENSG00000240972.3,1515,1325,1148,333,937,335,255,1519
ENSG00000241058.4,249,160,74,216,255,8,210,62
ENSG00000241106.9,7,14,57,10,5,1,8,2
ENSG00000241119.2,0,433,22,0,0,0,0,0
ENSG00000241123.1,0,0,0,0,0,0,0,0
ENSG00000241127.10,179,148,114,151,293,21,180,113
ENSG00000241128.3,0,0,0,0,0,0,0,0
ENSG00000241132.7,0,142,0,48,58,0,40,0
ENSG00000241149.4,1,2,0,0,0,0,0,0
ENSG00000241186.11,61,5,14,55,20,0,0,0
ENSG00000241224.9,0,1,1,2,1,0,0,0
ENSG00000241233.4,0,0,0,0,0,0,2,0
ENSG00000241241.1,0,0,0,0,0,0,0,0
ENSG00000241244.1,2,0,0,2,0,0,0,0
ENSG00000241253.8,0,0,0,0,0,0,0,0
ENSG00000241258.9,305,196,182,983,962,66,355,302
ENSG00000241294.1,0,4,0,14,6,0,2,0
ENSG00000241322.12,68,22,15,54,41,0,33,5
ENSG00000241343.11,6716,5165,5996,3416,4328,634,2394,2647
ENSG00000241351.3,10,31,0,38,33,0,2,1
ENSG00000241356.2,0,0,0,0,0,0,0,0
ENSG00000241360.2,246,161,97,435,762,131,291,418
ENSG00000241370.7,16,5,18,6,13,12,43,63
ENSG00000241386.6,0,0,0,2,0,0,0,0
ENSG00000241394.7,157,318,0,0,45,0,0,57
ENSG00000241399.8,341,753,576,628,1188,61,721,139
ENSG00000241404.8,227,178,383,62,102,10,141,87
ENSG00000241468.9,2235,2243,913,4341,7273,694,3700,3341
ENSG00000241476.9,0,0,0,0,0,0,0,0
ENSG00000241484.11,0,16,26,1,3,0,5,0
ENSG00000241489.8,199,113,178,314,525,11,391,35
ENSG00000241553.14,2306,1438,1456,1989,1710,224,728,739
ENSG00000241563.4,7,1,5,2,0,0,0,2
ENSG00000241566.1,0,0,0,0,0,0,0,0
ENSG00000241595.2,0,0,0,0,0,0,0,0
ENSG00000241598.6,0,0,0,0,0,0,0,0
ENSG00000241635.8,0,0,0,0,0,0,0,0
ENSG00000241644.2,925,4206,1139,1613,1979,198,605,538
ENSG00000241657.2,0,0,0,0,0,0,0,0
ENSG00000241685.11,1352,1029,512,2536,3819,338,1615,1984
ENSG00000241690.3,0,0,0,0,0,0,0,0
ENSG00000241697.6,0,0,0,0,0,0,0,0
ENSG00000241713.7,32,0,260,0,0,0,0,0
ENSG00000241755.1,4,5,1,14,5,0,1,0
ENSG00000241779.6,168,125,0,0,40,0,0,199
ENSG00000241794.2,0,0,0,0,0,0,0,0
ENSG00000241837.8,4755,6765,1775,12903,21537,1721,9217,8407
ENSG00000241839.11,805,450,656,617,689,76,262,213
ENSG00000241852.12,169,236,173,173,182,15,90,54
ENSG00000241863.6,0,0,0,53,0,23,0,0
ENSG00000241878.13,556,237,261,588,576,31,367,213
ENSG00000241910.5,5,24,0,0,0,0,0,0
ENSG00000241935.10,75,60,14,111,334,208,178,172
ENSG00000241945.9,346,119,126,481,465,52,219,281
ENSG00000241962.9,10,6,0,4,16,0,8,13
ENSG00000241973.12,1227,411,602,2629,2147,188,1255,845
ENSG00000242019.2,0,0,0,0,0,0,0,0
ENSG00000242022.8,0,0,0,0,0,0,0,0
ENSG00000242028.9,1415,609,497,1109,1470,0,250,107
ENSG00000242038.5,0,0,0,0,83,0,0,48
ENSG00000242076.3,7,13,0,19,15,0,0,0
ENSG00000242092.8,0,0,0,245,0,16,0,0
ENSG00000242110.10,10,172,42,174,262,27,110,41
ENSG00000242114.7,239,288,82,417,341,102,81,169
ENSG00000242120.4,0,0,0,2,19,0,0,0
ENSG00000242173.11,20,91,21,68,81,11,31,40
ENSG00000242220.10,9,18,8,10,9,4,24,4
ENSG00000242221.9,0,0,0,0,0,0,0,0
ENSG00000242247.12,859,363,257,1764,899,71,539,278
ENSG00000242252.2,46,101,51,2,2,0,0,0
ENSG00000242259.10,421,546,278,1482,2252,165,1256,1329
ENSG00000242265.6,34,74,10,144,156,12,140,23
ENSG00000242361.7,136,292,154,508,613,18,279,94
ENSG00000242366.4,0,0,0,0,0,0,0,0
ENSG00000242371.1,0,0,0,0,0,0,29,5
ENSG00000242372.10,1344,461,511,1086,804,143,318,536
ENSG00000242386.8,0,0,12,0,0,0,0,0
ENSG00000242389.9,0,0,0,0,0,0,0,0
ENSG00000242419.6,5,5,0,211,61,1,62,41
ENSG00000242441.8,23,25,0,2,0,0,0,0
ENSG00000242472.1,0,0,0,1,0,0,0,0
ENSG00000242485.7,1502,964,767,1601,2161,270,1164,1435
ENSG00000242498.9,345,349,362,667,1311,97,590,245
ENSG00000242515.6,0,0,0,0,0,0,0,0
ENSG00000242534.3,0,0,0,0,0,0,5,0
ENSG00000242550.7,0,0,9,0,0,0,0,0
ENSG00000242574.10,8,33,85,6,52,0,8,12
ENSG00000242580.1,0,0,0,0,0,0,0,0
ENSG00000242612.8,101,117,124,99,319,0,90,5
ENSG00000242616.5,769,763,514,1220,1587,86,567,254
ENSG00000242689.3,4,0,8,22,11,3,8,2
ENSG00000242711.8,0,0,0,278,116,0,0,0
ENSG00000242715.8,2,2,0,10,12,0,0,2
ENSG00000242726.6,0,0,0,0,0,0,0,0
ENSG00000242732.6,174,149,166,183,203,23,92,80
ENSG00000242766.1,0,0,0,0,0,0,0,0
ENSG00000242802.10,219,173,328,133,319,37,138,167
ENSG00000242852.8,27,38,19,56,105,2,0,0
ENSG00000242866.10,1,1,9,4,12,0,7,0
ENSG00000242875.7,0,0,0,0,0,0,0,0
ENSG00000242887.1,0,0,0,0,0,0,0,0
ENSG00000242950.7,2,0,1,0,1,0,1,1
ENSG00000243056.2,180,420,212,159,392,34,209,260
ENSG00000243063.1,0,0,0,0,0,1,0,0
ENSG00000243067.7,323,899,260,102,336,40,168,123
ENSG00000243073.4,0,0,0,0,0,0,0,0
ENSG00000243130.8,0,0,0,0,0,0,0,0
ENSG00000243137.8,0,0,0,0,0,0,0,0
ENSG00000243147.9,1309,1061,307,3481,5034,640,2515,1698
ENSG00000243156.9,1180,563,671,3270,3522,323,2318,1138
ENSG00000243207.6,0,0,0,0,0,0,0,13
ENSG00000243232.6,15,3,0,3,20,1,9,0
ENSG00000243238.1,2,2,0,18,8,0,0,0
ENSG00000243244.8,145,286,143,364,376,31,236,121
ENSG00000243264.3,1,6,0,2,1,0,0,0
ENSG00000243279.5,821,231,347,374,338,49,146,151
ENSG00000243284.1,0,1,0,0,1,0,0,0
ENSG00000243290.3,7,4,1,7,11,1,5,0
ENSG00000243317.9,499,462,413,1107,1574,167,784,441
ENSG00000243335.10,262,161,156,315,583,20,334,118
ENSG00000243364.8,83,33,36,79,63,5,27,30
ENSG00000243414.7,107,73,43,7,26,7,42,54
ENSG00000243441.6,0,0,0,0,0,0,0,0
ENSG00000243449.9,12,6,22,6,4,10,4,15
ENSG00000243466.1,4,44,0,46,17,2,1,2
ENSG00000243477.7,108,131,95,108,230,18,114,81
ENSG00000243480.8,0,5,0,16,6,0,0,0
ENSG00000243489.4,0,0,0,0,0,0,0,0
ENSG00000243496.6,0,0,0,0,0,0,0,0
ENSG00000243501.5,0,0,0,0,0,0,0,0
ENSG00000243509.7,31,22,96,21,23,6,28,26
ENSG00000243543.10,0,0,0,0,0,0,0,0
ENSG00000243566.8,0,0,0,0,52,0,0,13
ENSG00000243612.5,0,0,0,0,0,0,0,0
ENSG00000243627.6,0,6,3,2,12,0,1,0
ENSG00000243641.3,0,1,0,0,1,0,0,0
ENSG00000243646.12,433,346,267,322,418,39,177,135
ENSG00000243649.11,215,1599,624,151,35,0,84,7
ENSG00000243660.13,16,83,38,49,91,5,29,26
ENSG00000243667.8,115,124,64,225,327,15,165,81
ENSG00000243678.13,7140,3592,2609,3194,3356,639,1281,2260
ENSG00000243696.5,67,88,141,49,218,27,127,62
ENSG00000243708.12,143,78,187,85,205,8,159,31
ENSG00000243709.2,6,4,2,1,8,0,1,0
ENSG00000243710.9,2,15,45,1,2,0,2,0
ENSG00000243716.13,1424,500,1150,2258,1643,74,1068,185
ENSG00000243725.8,510,324,257,717,623,68,341,373
ENSG00000243729.5,0,0,0,0,0,0,0,0
ENSG00000243749.3,240,418,220,157,338,9,116,106
ENSG00000243772.9,0,0,0,0,0,0,0,0
ENSG00000243789.12,52,149,51,188,337,40,140,138
ENSG00000243804.1,0,0,0,0,1,0,0,0
ENSG00000243811.13,15,57,31,25,67,0,25,10
ENSG00000243896.4,1,9,0,12,13,1,18,3
ENSG00000243897.8,0,0,0,0,0,0,0,0
ENSG00000243910.9,1,13,1,0,0,1,5,2
ENSG00000243927.7,427,345,125,1546,983,74,376,285
ENSG00000243943.11,505,450,325,730,904,75,488,231
ENSG00000243955.7,5,449,1,0,2,0,0,1
ENSG00000243978.9,6,2,2,48,15,5,16,14
ENSG00000243989.10,136,192,100,287,559,61,237,373
ENSG00000244005.14,232,269,174,1024,1306,164,749,688
ENSG00000244020.3,0,0,0,0,0,2,5,5
ENSG00000244025.5,0,0,0,0,0,0,0,0
ENSG00000244038.11,3015,1360,684,3317,4368,633,2515,2522
ENSG00000244045.14,309,264,142,478,621,54,320,255
ENSG00000244057.5,0,0,0,0,0,0,0,0
ENSG00000244067.4,29,82,27,17,25,0,1,2
ENSG00000244094.2,0,0,0,0,1,0,0,1
ENSG00000244115.1,0,0,0,0,0,0,0,0
ENSG00000244116.3,11,40,0,23,15,0,0,0
ENSG00000244122.3,0,2,0,0,0,0,0,0
ENSG00000244165.2,52,34,102,16,71,10,56,68
ENSG00000244187.9,484,1160,261,559,1181,182,398,828
ENSG00000244207.8,0,0,0,0,1032,0,0,0
ENSG00000244219.8,14,13,21,0,6,0,2,4
ENSG00000244234.3,0,0,0,0,0,0,0,0
ENSG00000244242.3,4,11,28,14,14,2,3,1
ENSG00000244255.5,0,0,0,0,0,0,0,0
ENSG00000244274.10,2514,1736,844,13219,8669,934,3330,5079
ENSG00000244355.8,0,0,0,0,0,0,0,0
ENSG00000244362.3,0,0,0,0,0,0,0,0
ENSG00000244395.6,0,0,0,0,0,0,0,0
ENSG00000244405.9,234,265,224,244,303,14,97,81
ENSG00000244411.4,0,0,0,0,0,0,0,0
ENSG00000244414.9,0,253,4,1,0,0,0,1
ENSG00000244437.1,11,86,0,25,28,0,4,0
ENSG00000244444.6,0,0,0,0,0,0,0,0
ENSG00000244462.9,411,775,252,1563,1255,145,1011,379
ENSG00000244474.6,0,10,4,0,0,0,0,0
ENSG00000244476.4,0,9,2,0,9,0,3,3
ENSG00000244482.11,46,7,188,35,16,1,13,5
ENSG00000244486.10,220,134,146,37,122,34,91,99
ENSG00000244509.5,162,334,225,815,1176,240,732,532
ENSG00000244537.3,0,0,0,0,0,0,0,0
ENSG00000244575.3,7,31,0,2,7,0,0,0
ENSG00000244588.7,1,0,0,0,0,0,0,0
ENSG00000244607.8,3,6,5,27,10,6,10,0
ENSG00000244617.3,0,5,24,0,0,0,0,0
ENSG00000244623.2,0,0,0,1,0,0,0,0
ENSG00000244624.3,0,0,0,0,0,0,0,0
ENSG00000244672.4,172,0,212,0,0,0,0,0
ENSG00000244682.8,2,0,5,54,44,0,37,1
ENSG00000244687.14,2187,1065,990,3682,2906,290,1712,992
ENSG00000244694.8,26,59,15,102,72,0,25,9
ENSG00000244731.11,476,8,562,590,1511,159,35,517
ENSG00000244734.5,34020,38388,402526,3965,2627,48,365,504
ENSG00000244752.4,85,17,94,26,20,0,15,29
ENSG00000244754.10,700,1351,758,1921,3003,137,1869,762
ENSG00000245680.12,180,243,127,430,463,38,271,165
ENSG00000245848.3,65,90,42,27,198,11,401,23
ENSG00000246705.5,692,573,1006,182,616,172,333,405
ENSG00000246922.11,32,27,53,11,17,0,8,13
ENSG00000247077.9,537,191,156,820,993,127,506,516
ENSG00000247315.4,344,306,214,464,659,62,351,294
ENSG00000247595.5,22,29,8,57,65,4,17,9
ENSG00000247596.11,766,918,334,1588,2965,619,1321,1836
ENSG00000247626.5,71,19,13,228,219,26,154,47
ENSG00000247746.6,24,44,29,36,111,4,34,37
ENSG00000248098.13,199,571,170,1600,3815,505,1829,2418
ENSG00000248099.4,0,0,8,0,0,0,0,0
ENSG00000248109.3,0,0,0,0,0,0,0,0
ENSG00000248144.7,56,857,601,30,102,7,189,28
ENSG00000248167.7,0,0,0,0,0,0,0,0
ENSG00000248235.6,0,0,0,0,0,0,3,0
ENSG00000248329.7,0,0,0,0,0,0,0,0
ENSG00000248333.10,588,500,508,1310,1652,244,892,520
ENSG00000248383.5,0,0,0,3,1,7,0,0
ENSG00000248385.8,0,3,5,1,1,0,0,0
ENSG00000248405.10,4,0,0,5,0,0,2,3
ENSG00000248483.7,1,5,1,1,4,0,1,0
ENSG00000248485.3,0,1,3,13,22,3,13,8
ENSG00000248487.11,150,240,109,389,610,72,323,486
ENSG00000248496.3,0,0,0,17,10,2,11,0
ENSG00000248592.7,0,0,0,3,6,124,159,81
ENSG00000248643.5,6,0,18,17,31,0,123,19
ENSG00000248672.5,0,0,0,0,0,0,0,0
ENSG00000248710.1,2,0,0,0,2,0,0,0
ENSG00000248712.9,14,27,33,2,15,1,7,2
ENSG00000248713.2,3715,7,0,3577,62,33,69,58
ENSG00000248746.7,1,2,7,0,4,0,0,0
ENSG00000248751.6,0,2,5,3,8,0,0,0
ENSG00000248767.2,0,0,0,0,0,0,0,0
ENSG00000248771.5,0,0,0,1,1,0,0,1
ENSG00000248871.1,0,16,20,0,4,25,0,0
ENSG00000248905.10,11,9,33,148,38,6,16,8
ENSG00000248919.7,4,0,2,66,0,22,0,0
ENSG00000248920.3,0,0,0,0,0,0,0,0
ENSG00000248933.3,0,0,0,0,0,0,0,0
ENSG00000248993.1,0,0,0,0,0,0,0,0
ENSG00000249103.2,0,0,0,0,0,0,0,0
ENSG00000249104.3,0,0,0,0,0,0,0,0
ENSG00000249115.10,136,85,109,68,158,15,164,52
ENSG00000249139.2,0,0,0,0,0,0,0,0
ENSG00000249141.1,2,4,1,0,0,0,0,0
ENSG00000249156.3,0,0,0,0,0,0,0,0
ENSG00000249158.7,0,0,0,0,0,1,1,0
ENSG00000249209.2,1,0,0,1,0,275,1184,1038
ENSG00000249222.1,0,0,0,0,5,0,2,0
ENSG00000249240.2,0,0,0,0,7,0,0,3
ENSG00000249242.8,134,862,269,578,819,87,496,296
ENSG00000249319.2,0,0,0,11,5,0,0,0
ENSG00000249437.9,15,24,293,46,53,1,4,4
ENSG00000249467.2,0,0,0,0,0,0,0,0
ENSG00000249471.9,45,16,27,73,106,5,54,55
ENSG00000249481.8,2,2,0,0,0,0,0,0
ENSG00000249581.2,0,0,0,0,0,0,0,0
ENSG00000249590.7,5,0,0,0,0,0,0,2
ENSG00000249624.10,6,32,7,110,56,23,38,33
ENSG00000249662.7,0,0,0,0,0,0,0,0
ENSG00000249693.3,0,0,1,0,0,0,0,0
ENSG00000249709.8,117,104,77,209,344,33,170,110
ENSG00000249715.13,3,0,0,0,2,0,2,1
ENSG00000249730.1,0,0,0,0,0,0,0,0
ENSG00000249751.5,865,1688,584,631,1116,53,311,273
ENSG00000249773.3,2,0,0,5,3,0,15,0
ENSG00000249811.3,0,0,0,0,0,0,0,0
ENSG00000249853.10,2,3,0,2,0,0,0,0
ENSG00000249861.4,0,0,0,0,0,0,0,0
ENSG00000249884.8,2,0,0,19,19,4,30,0
ENSG00000249915.10,814,725,568,754,982,61,507,525
ENSG00000249931.5,31,0,37,26,22,0,50,0
ENSG00000249948.7,0,29,0,0,1,0,0,0
ENSG00000249961.10,0,0,0,1,0,0,0,0
ENSG00000249967.1,0,0,0,38,15,0,59,0
ENSG00000249992.2,55,5,9,28,11,2,1,3
ENSG00000250021.7,23,8,0,169,231,39,158,177
ENSG00000250036.1,0,4,0,0,0,0,0,0
ENSG00000250067.13,110,32,114,107,245,5,183,29
ENSG00000250120.8,2,9,2,8,4,1,12,3
ENSG00000250138.5,4,0,137,32,62,0,0,9
ENSG00000250151.9,48,16,4,5,33,4,33,27
ENSG00000250254.2,3,8,5,1,5,1,0,0
ENSG00000250264.1,0,0,0,0,17,15,43,27
ENSG00000250298.6,0,0,0,0,0,0,0,0
ENSG00000250305.10,42,12,2,500,342,25,256,95
ENSG00000250312.8,35,54,41,66,136,7,131,54
ENSG00000250317.10,309,315,195,516,895,80,639,355
ENSG00000250349.3,0,0,0,0,0,0,0,0
ENSG00000250361.10,4,0,58,0,0,0,0,0
ENSG00000250364.6,0,0,0,0,0,0,0,0
ENSG00000250366.5,0,2,0,0,0,0,2,0
ENSG00000250374.5,0,0,0,0,0,0,0,0
ENSG00000250423.3,2,13,0,3,6,0,2,0
ENSG00000250424.4,0,7,0,2,2,2,0,0
ENSG00000250479.10,3217,10021,1033,5109,11171,2578,4738,9817
ENSG00000250506.10,235,97,197,52,102,0,54,22
ENSG00000250510.9,325,210,249,68,214,16,81,52
ENSG00000250565.8,54,29,26,83,37,19,136,23
ENSG00000250571.8,59,94,116,68,189,24,101,115
ENSG00000250641.1,1,0,0,0,0,0,0,0
ENSG00000250644.3,0,5,21,60,47,9,34,10
ENSG00000250673.3,13,4,43,4,8,1,3,0
ENSG00000250709.1,0,0,3,0,0,3,5,0
ENSG00000250719.2,0,0,0,0,0,0,0,0
ENSG00000250722.6,988,4004,986,2183,9054,269,4799,1371
ENSG00000250741.6,1,0,1,0,0,0,0,0
ENSG00000250745.3,0,0,0,0,0,0,0,0
ENSG00000250782.1,0,0,0,0,0,0,0,0
ENSG00000250799.12,0,60,0,0,0,0,0,0
ENSG00000250803.8,0,0,0,2,0,0,0,0
ENSG00000250821.3,0,0,0,0,1,0,0,0
ENSG00000250844.3,0,0,0,0,0,0,0,0
ENSG00000250878.6,21,0,3,70,124,3,44,15
ENSG00000250913.2,0,0,0,0,0,0,0,0
ENSG00000251012.2,0,0,0,0,0,0,0,0
ENSG00000251039.4,0,0,0,0,0,0,0,0
ENSG00000251154.2,0,1,0,1,3,0,0,0
ENSG00000251158.2,7,0,25,10,2,0,6,22
ENSG00000251184.1,0,0,0,0,0,0,0,0
ENSG00000251192.9,28,42,13,77,115,5,54,37
ENSG00000251201.8,131,12,0,111,120,15,71,58
ENSG00000251246.1,0,0,0,0,2,0,6,0
ENSG00000251247.14,28,52,56,68,102,2,83,20
ENSG00000251258.3,3,0,0,0,0,0,0,0
ENSG00000251287.9,2,0,1,1,2,0,0,0
ENSG00000251322.12,1367,1161,1125,1087,2560,144,1605,886
ENSG00000251349.3,62,25,8,77,55,6,32,14
ENSG00000251357.4,0,0,0,0,0,0,0,0
ENSG00000251369.10,115,102,66,315,489,15,314,174
ENSG00000251380.3,0,0,0,1,0,0,0,0
ENSG00000251394.6,0,0,0,0,0,0,0,0
ENSG00000251493.5,4,2,7,1,3,2,8,0
ENSG00000251503.8,0,7,5,0,4,5,1,0
ENSG00000251537.4,1,5,0,9,4,0,0,0
ENSG00000251545.3,0,0,0,0,0,0,0,0
ENSG00000251546.1,23,85,1,69,29,1,0,0
ENSG00000251569.1,31,0,0,74,97,27,229,29
ENSG00000251608.2,0,0,0,0,0,0,0,0
ENSG00000251655.7,0,0,0,0,2,0,0,1
ENSG00000251664.5,0,0,0,0,5,1,0,0
ENSG00000251692.8,0,0,0,0,0,0,0,2
ENSG00000253117.5,0,0,0,0,0,0,0,0
ENSG00000253148.1,0,0,0,0,0,0,0,0
ENSG00000253159.3,115,22,22,367,192,24,126,72
ENSG00000253188.1,0,0,0,0,0,0,0,0
ENSG00000253250.4,195,134,83,1036,648,86,507,284
ENSG00000253251.4,25,39,19,57,56,4,37,16
ENSG00000253276.5,272,95,137,407,200,31,125,61
ENSG00000253291.1,0,0,0,0,0,0,0,0
ENSG00000253293.6,1,0,5,1,4,0,0,0
ENSG00000253304.3,99,116,126,65,129,17,97,50
ENSG00000253305.3,62,17,15,361,205,18,115,71
ENSG00000253309.7,0,0,0,0,0,0,1,4
ENSG00000253313.7,0,6,3,1,1,0,0,0
ENSG00000253352.10,1574,2165,1981,2716,3561,166,2579,1073
ENSG00000253368.5,181,156,78,325,388,102,212,240
ENSG00000253409.1,0,0,0,0,0,0,0,0
ENSG00000253457.5,3,0,0,1,0,0,0,0
ENSG00000253485.3,32,12,17,180,139,14,139,50
ENSG00000253506.3,0,1,0,0,0,0,0,0
ENSG00000253534.1,0,0,0,0,0,0,0,0
ENSG00000253537.3,22,10,6,149,74,7,37,32
ENSG00000253548.1,0,0,0,0,0,0,0,0
ENSG00000253598.3,8,6,5,3,5,0,2,3
ENSG00000253626.4,225,92,81,128,214,2,8,15
ENSG00000253649.6,0,0,0,0,0,0,0,0
ENSG00000253710.5,164,78,56,665,757,64,593,130
ENSG00000253719.4,895,664,402,2567,2819,258,1205,993
ENSG00000253729.10,1045,443,400,3225,2288,277,1766,752
ENSG00000253731.3,71,60,52,285,229,11,171,57
ENSG00000253767.3,10,0,22,66,38,0,37,10
ENSG00000253797.2,92,226,48,274,217,16,0,166
ENSG00000253831.4,0,0,0,0,1,0,0,0
ENSG00000253846.3,19,10,13,202,75,17,47,21
ENSG00000253873.6,38,9,6,184,110,14,67,39
ENSG00000253910.3,20,6,4,236,124,18,155,61
ENSG00000253953.3,48,30,21,182,98,18,48,48
ENSG00000253958.2,6,13,6,6,26,0,14,3
ENSG00000254004.8,184,194,97,387,597,31,250,126
ENSG00000254087.9,163,287,286,620,395,35,164,59
ENSG00000254093.10,185,167,49,125,128,24,82,36
ENSG00000254122.3,73,20,30,558,336,35,171,105
ENSG00000254126.8,0,0,0,1,2,0,0,0
ENSG00000254167.2,0,0,0,0,0,0,0,0
ENSG00000254206.6,577,121,369,116,191,1,95,5
ENSG00000254221.3,1,5,1,69,46,5,40,24
ENSG00000254229.4,0,0,0,0,0,0,0,0
ENSG00000254245.3,22,7,20,400,235,34,107,79
ENSG00000254402.7,5,11,13,7,12,0,53,24
ENSG00000254405.10,0,0,27,0,10,0,0,19
ENSG00000254413.8,17,10,0,65,212,81,147,208
ENSG00000254415.4,0,22,105,129,63,7,14,0
ENSG00000254440.3,0,0,4,1,2,0,0,0
ENSG00000254445.1,0,0,0,13,11,0,17,0
ENSG00000254466.2,0,0,0,0,0,0,0,0
ENSG00000254469.12,12,11,11,15,34,1,23,2
ENSG00000254470.4,194,58,184,484,437,55,259,149
ENSG00000254505.12,542,477,424,658,867,80,211,284
ENSG00000254521.8,10,1,15,3,1,0,2,0
ENSG00000254535.5,13,64,10,29,76,5,19,7
ENSG00000254536.2,0,0,0,80,0,0,19,0
ENSG00000254550.1,0,0,0,1,0,0,0,0
ENSG00000254553.1,0,0,0,0,0,0,0,0
ENSG00000254585.5,1,0,0,1,0,0,0,0
ENSG00000254598.3,0,0,1,4,2,0,0,0
ENSG00000254636.1,0,0,0,6,6,0,0,1
ENSG00000254647.7,2,0,0,0,0,0,0,0
ENSG00000254656.3,0,0,0,0,0,0,0,0
ENSG00000254658.3,0,0,0,0,0,0,0,0
ENSG00000254673.1,0,0,0,0,0,0,0,0
ENSG00000254685.9,132,161,78,359,481,17,260,94
ENSG00000254692.1,0,0,0,289,76,81,0,0
ENSG00000254706.3,0,0,0,0,4,4,0,4
ENSG00000254709.8,31,136,4,58,20,3,33,2
ENSG00000254726.3,23,1,3,7,27,1,10,3
ENSG00000254732.2,0,0,0,4,6,0,5,0
ENSG00000254737.3,0,1,0,1,3,0,0,0
ENSG00000254772.11,16485,13639,14858,23012,31315,3723,13899,15801
ENSG00000254778.7,0,0,0,0,0,0,0,55
ENSG00000254788.7,8,0,6,2,8,0,3,1
ENSG00000254806.5,13,3,0,4,8,0,0,3
ENSG00000254834.5,0,0,0,0,0,0,0,0
ENSG00000254852.10,0,7,3,0,5,10,34,3
ENSG00000254858.11,202,103,97,276,354,116,189,228
ENSG00000254866.3,0,0,0,0,0,0,0,0
ENSG00000254870.5,0,0,0,0,0,0,66,28
ENSG00000254875.8,0,0,0,0,0,0,0,0
ENSG00000254901.9,243,198,176,221,466,49,248,287
ENSG00000254959.6,0,4,5,4,25,0,7,4
ENSG00000254979.5,0,1,4,4,7,3,1,0
ENSG00000254986.9,316,87,99,382,303,82,142,142
ENSG00000254995.4,8,0,17,12,48,0,44,0
ENSG00000254996.5,219,88,114,1229,421,30,393,121
ENSG00000254997.4,1,1,0,0,0,0,0,0
ENSG00000254999.5,2012,2206,1262,2231,3328,312,1630,1542
ENSG00000255009.4,0,0,0,1,0,0,0,0
ENSG00000255012.3,0,0,0,0,0,0,0,0
ENSG00000255054.3,0,0,0,0,0,0,160,39
ENSG00000255071.3,0,0,0,0,0,0,0,0
ENSG00000255073.8,0,1,0,0,0,0,0,0
ENSG00000255104.9,6,4,0,5,1,0,1,1
ENSG00000255112.3,417,792,267,1741,1762,193,1036,1026
ENSG00000255150.2,43,24,15,24,29,1,17,4
ENSG00000255151.2,0,0,0,0,0,0,0,0
ENSG00000255152.8,7,2,0,16,3,0,2,22
ENSG00000255154.9,45,138,74,343,730,109,417,172
ENSG00000255181.3,0,0,0,0,0,0,0,0
ENSG00000255192.7,0,0,0,5,2,0,0,3
ENSG00000255223.5,0,0,0,0,0,0,0,0
ENSG00000255245.4,1,4,0,5,5,1,10,0
ENSG00000255251.2,0,0,0,0,0,0,0,0
ENSG00000255274.10,0,0,0,1,2,0,0,0
ENSG00000255292.9,0,0,0,3,5,0,4,1
ENSG00000255298.5,0,0,0,0,0,0,0,0
ENSG00000255302.5,2307,2036,1470,6960,9692,1038,5051,2497
ENSG00000255307.2,0,0,0,0,0,0,0,0
ENSG00000255330.9,6,26,2,2,4,0,6,0
ENSG00000255339.6,0,0,1,7,13,1,54,17
ENSG00000255346.11,0,2,4,0,2,0,2,0
ENSG00000255359.3,0,0,0,0,0,0,0,0
ENSG00000255374.3,0,0,0,0,0,0,0,0
ENSG00000255378.1,0,0,0,0,0,0,0,0
ENSG00000255393.3,0,0,0,0,0,0,0,0
ENSG00000255398.3,5,18,15,5,8,0,5,0
ENSG00000255408.4,0,4,0,0,2,0,4,10
ENSG00000255419.7,0,0,0,0,0,0,0,0
ENSG00000255423.1,4,3,0,28,24,1,20,5
ENSG00000255425.6,0,0,0,0,0,0,0,0
ENSG00000255432.1,0,0,0,0,0,0,0,0
ENSG00000255439.6,0,32,0,0,0,1,0,13
ENSG00000255501.3,0,0,0,13,10,2,3,2
ENSG00000255508.7,37,13,31,68,120,7,68,28
ENSG00000255524.8,6,2,14,7,2,0,7,0
ENSG00000255526.6,0,0,0,0,0,0,0,3
ENSG00000255529.9,564,675,306,1342,1918,136,754,658
ENSG00000255561.8,42,23,23,40,62,6,18,16
ENSG00000255569.1,0,0,0,0,0,0,0,0
ENSG00000255582.1,0,0,0,0,0,0,0,0
ENSG00000255587.10,3,2,10,0,3,0,9,3
ENSG00000255639.3,0,0,0,0,0,0,8,3
ENSG00000255641.1,0,13,0,0,2,0,0,0
ENSG00000255663.1,0,0,0,6,0,0,34,10
ENSG00000255690.3,179,514,64,52,546,36,128,110
ENSG00000255713.2,0,0,0,0,0,0,0,0
ENSG00000255730.5,0,0,0,0,13,0,0,0
ENSG00000255804.2,2,2,2,1,1,0,0,1
ENSG00000255819.7,0,0,0,0,12,0,25,8
ENSG00000255833.2,0,3,0,0,10,0,1,0
ENSG00000255835.1,0,3,0,0,3,0,0,1
ENSG00000255837.2,22,13,19,27,24,0,31,3
ENSG00000255855.4,0,0,0,0,0,0,0,0
ENSG00000255872.3,2,1,3,2,4,2,9,0
ENSG00000255974.9,0,150,0,1,1,0,2,0
ENSG00000256029.6,28,42,29,47,193,3,146,22
ENSG00000256043.6,128,563,337,526,1026,7,134,123
ENSG00000256053.10,551,700,340,648,911,124,457,432
ENSG00000256060.3,81,307,79,173,235,15,119,121
ENSG00000256061.8,13,18,8,12,22,3,11,0
ENSG00000256087.8,140,182,169,283,359,11,146,119
ENSG00000256162.2,0,22,0,0,0,0,0,0
ENSG00000256188.3,0,0,1,0,1,0,0,0
ENSG00000256206.2,0,0,0,2,0,0,0,0
ENSG00000256223.7,72,323,119,266,342,13,275,113
ENSG00000256229.8,30,34,16,88,104,6,47,15
ENSG00000256235.4,1701,883,1040,878,692,48,535,335
ENSG00000256269.12,341,147,469,395,453,78,230,171
ENSG00000256294.9,42,74,45,153,157,8,75,57
ENSG00000256349.1,0,0,0,0,0,0,27,99
ENSG00000256394.3,0,0,0,0,0,0,0,0
ENSG00000256407.2,2,0,0,0,0,0,3,0
ENSG00000256436.1,0,0,0,0,0,0,4,0
ENSG00000256453.2,33,20,35,9,9,0,29,18
ENSG00000256463.11,11,1,1,1,1,0,2,0
ENSG00000256500.6,0,0,0,706,655,191,281,129
ENSG00000256514.1,726,560,407,304,436,57,169,233
ENSG00000256525.9,190,100,132,151,250,14,189,58
ENSG00000256537.5,515,384,268,1090,1385,148,816,508
ENSG00000256553.1,0,1,0,0,0,0,0,0
ENSG00000256566.1,0,2,9,2,2,0,11,10
ENSG00000256574.9,0,1,0,1,3,0,1,0
ENSG00000256590.2,0,0,0,0,0,0,2,0
ENSG00000256591.5,5,0,6,53,96,28,118,81
ENSG00000256646.8,181,226,155,475,656,56,258,230
ENSG00000256660.7,4,4,22,0,1,0,1,0
ENSG00000256671.7,86,11,21,0,41,9,75,8
ENSG00000256683.8,90,139,106,212,269,13,115,80
ENSG00000256713.8,3,0,0,0,2,1,0,0
ENSG00000256762.1,0,0,0,0,0,0,0,0
ENSG00000256771.6,58,102,51,197,323,18,151,64
ENSG00000256797.1,0,0,0,0,0,0,0,0
ENSG00000256806.6,10,5,4,14,19,0,5,7
ENSG00000256812.2,0,9,3,1,2,0,3,2
ENSG00000256825.4,0,0,0,0,0,0,0,0
ENSG00000256861.1,0,0,0,0,0,0,0,0
ENSG00000256870.4,0,0,0,0,0,0,0,0
ENSG00000256950.2,0,0,0,0,0,0,1,0
ENSG00000256966.6,0,0,0,0,0,0,0,0
ENSG00000256977.13,38,11,26,52,14,0,11,35
ENSG00000256980.5,0,0,2,0,1,0,0,0
ENSG00000257008.7,0,0,0,0,0,0,2,0
ENSG00000257017.11,533,19608,311,98,446,17,26,209
ENSG00000257046.5,0,0,0,0,0,0,0,0
ENSG00000257057.4,0,1,2,0,0,0,0,0
ENSG00000257062.6,0,0,0,0,0,0,0,0
ENSG00000257065.1,0,0,0,0,0,0,0,0
ENSG00000257093.7,0,0,0,0,0,0,0,0
ENSG00000257103.10,1230,908,457,1933,2058,104,852,590
ENSG00000257108.2,3,32,18,1,33,4,5,5
ENSG00000257115.2,0,0,0,0,0,0,0,0
ENSG00000257138.1,0,0,0,0,0,0,0,0
ENSG00000257184.4,0,0,0,0,0,0,0,0
ENSG00000257207.5,8,0,16,15,8,0,11,7
ENSG00000257215.2,0,0,0,0,0,0,0,0
ENSG00000257218.7,439,371,289,640,660,46,371,230
ENSG00000257232.1,0,0,0,0,0,0,1,0
ENSG00000257315.4,25,11,0,1097,257,17,604,136
ENSG00000257335.8,0,0,7,13,3,0,0,0
ENSG00000257341.5,20,6,0,0,0,0,0,3
ENSG00000257355.1,0,0,0,0,0,0,0,0
ENSG00000257365.9,241,183,79,632,746,102,385,439
ENSG00000257390.5,3,1,2,4,0,2,158,68
ENSG00000257411.2,0,0,0,0,0,0,0,0
ENSG00000257446.5,9,3,0,11,6,0,3,0
ENSG00000257473.7,14,105,0,201,42,0,1,0
ENSG00000257520.2,0,36,1,0,0,0,1,0
ENSG00000257524.6,128,82,225,30,84,33,0,147
ENSG00000257529.5,0,0,0,0,0,0,0,0
ENSG00000257591.6,33,27,23,20,51,0,18,2
ENSG00000257594.4,87,60,47,164,168,15,73,4
ENSG00000257704.5,233,154,446,92,127,46,108,163
ENSG00000257727.7,877,522,393,496,581,40,234,321
ENSG00000257743.9,0,0,0,0,0,0,0,0
ENSG00000257767.3,0,0,0,0,3,85,394,174
ENSG00000257770.5,0,0,0,0,0,0,0,0
ENSG00000257921.6,0,0,0,25,0,0,0,0
ENSG00000257923.13,1326,856,686,6330,4222,827,2012,1593
ENSG00000257949.8,181,201,96,128,186,27,103,123
ENSG00000257950.3,31,1,3,36,5,13,145,59
ENSG00000257987.6,0,0,0,0,0,0,0,0
ENSG00000258052.1,0,0,0,0,0,0,0,0
ENSG00000258064.1,0,0,0,39,0,0,0,0
ENSG00000258083.2,0,0,0,0,0,0,0,0
ENSG00000258102.5,36,25,30,144,121,0,0,14
ENSG00000258223.6,0,0,0,0,0,0,0,0
ENSG00000258227.8,19,16,11,70,22,1,7,4
ENSG00000258289.11,646,829,386,1960,2515,226,1546,691
ENSG00000258311.5,346,28,106,457,489,4,472,127
ENSG00000258315.6,466,538,437,466,716,121,324,418
ENSG00000258366.13,359,102,192,229,327,21,120,152
ENSG00000258388.7,74,18,83,49,97,9,28,0
ENSG00000258405.11,72,44,40,98,101,1,32,25
ENSG00000258417.3,0,0,0,0,0,0,0,0
ENSG00000258429.2,15,0,0,18,35,14,29,66
ENSG00000258436.2,0,0,0,0,0,0,0,0
ENSG00000258453.4,0,0,0,0,0,0,0,0
ENSG00000258461.5,56,16,41,73,156,0,76,29
ENSG00000258465.8,0,0,0,32,10,0,0,0
ENSG00000258466.5,0,3,0,0,1,0,0,0
ENSG00000258469.2,22,43,49,3,13,0,10,10
ENSG00000258472.10,0,0,0,5,2,0,0,0
ENSG00000258484.5,29,19,24,135,80,3,51,42
ENSG00000258529.5,0,0,0,0,22,0,0,18
ENSG00000258539.1,0,3,0,14,6,0,3,0
ENSG00000258543.8,0,0,0,0,0,0,0,0
ENSG00000258555.6,0,0,0,0,10,0,0,0
ENSG00000258588.3,0,0,0,0,0,0,13,0
ENSG00000258589.8,0,0,0,0,0,0,0,0
ENSG00000258597.4,0,0,0,0,0,0,0,0
ENSG00000258643.6,29,52,47,20,38,15,113,0
ENSG00000258644.6,10,48,2,53,35,7,21,40
ENSG00000258653.3,9,5,0,51,49,4,91,31
ENSG00000258659.8,42,102,68,86,104,5,45,13
ENSG00000258674.5,6,4,16,2,21,0,6,0
ENSG00000258677.2,0,0,0,51,24,0,28,11
ENSG00000258691.1,0,0,0,0,0,0,0,0
ENSG00000258713.3,1,0,3,1,0,0,0,0
ENSG00000258724.1,0,0,0,0,0,0,0,0
ENSG00000258728.2,2,17,27,82,119,0,65,7
ENSG00000258790.1,21,22,10,28,64,0,31,12
ENSG00000258806.2,0,0,0,0,0,0,0,0
ENSG00000258817.1,0,0,0,0,0,0,0,0
ENSG00000258818.5,338,752,664,275,482,25,443,183
ENSG00000258830.1,0,0,0,0,3,2,0,3
ENSG00000258839.5,89,36,415,25,75,5,28,37
ENSG00000258864.1,0,0,0,0,0,0,0,0
ENSG00000258873.3,0,0,0,0,0,0,0,0
ENSG00000258880.1,0,0,0,0,0,0,0,0
ENSG00000258881.6,4,3,7,2,1,3,0,3
ENSG00000258890.9,350,366,390,287,541,29,423,140
ENSG00000258947.8,177,8,60,48,41,4,7,30
ENSG00000258984.5,5,0,0,16,0,0,0,0
ENSG00000258986.7,1,0,0,2,5,0,4,4
ENSG00000258989.1,1,0,1,8,4,0,0,0
ENSG00000258992.7,0,0,0,0,0,0,0,0
ENSG00000259009.5,0,0,0,0,0,0,0,0
ENSG00000259024.7,44,2,5,15,68,0,3,43
ENSG00000259030.8,6,41,26,218,429,27,601,96
ENSG00000259040.5,0,0,0,196,0,0,0,0
ENSG00000259060.7,0,0,0,0,0,0,0,0
ENSG00000259066.5,0,1,1,1,10,0,0,0
ENSG00000259075.6,0,0,0,0,0,0,3,29
ENSG00000259092.1,0,0,0,0,0,0,0,0
ENSG00000259112.2,0,8,0,23,60,15,0,192
ENSG00000259120.4,0,8,2,0,0,0,0,0
ENSG00000259132.1,142,153,124,44,131,22,78,96
ENSG00000259164.1,0,0,0,0,0,0,0,0
ENSG00000259171.1,0,182,42,0,130,0,12,0
ENSG00000259207.10,698,74,205,609,271,22,55,93
ENSG00000259224.3,0,0,0,0,0,0,0,1
ENSG00000259261.2,0,0,0,0,0,0,0,0
ENSG00000259288.7,0,0,0,0,0,0,0,0
ENSG00000259303.5,0,0,0,1,0,0,0,0
ENSG00000259305.6,37,41,35,83,41,2,39,12
ENSG00000259316.12,0,0,2,0,0,0,0,0
ENSG00000259330.3,532,306,218,1437,1200,140,526,357
ENSG00000259332.3,19,15,39,70,181,10,109,74
ENSG00000259371.2,0,0,0,0,0,0,0,0
ENSG00000259384.7,6,2,1,0,0,0,0,0
ENSG00000259399.1,0,0,0,48,0,0,0,0
ENSG00000259417.4,33,23,5,471,418,2,113,154
ENSG00000259431.6,202,152,130,398,624,58,325,252
ENSG00000259490.2,0,0,0,0,0,0,0,0
ENSG00000259494.3,299,415,131,1054,1745,231,827,935
ENSG00000259522.3,7,0,0,37,0,0,0,0
ENSG00000259529.2,43,3,13,46,38,56,232,206
ENSG00000259571.2,4,0,0,0,0,0,0,0
ENSG00000259680.5,0,0,0,0,0,0,0,0
ENSG00000259753.1,0,0,0,0,0,0,0,0
ENSG00000259784.1,0,0,0,0,0,0,0,0
ENSG00000259803.8,1,9,1,0,0,1,3,0
ENSG00000259823.7,1,0,1,0,0,0,0,0
ENSG00000259900.5,0,0,0,0,0,0,0,0
ENSG00000259916.2,147,66,162,581,376,45,489,160
ENSG00000259956.2,859,392,419,1110,1063,146,509,488
ENSG00000260001.9,14,97,20,9,27,10,22,61
ENSG00000260007.3,4,3,2,4,25,2,2,12
ENSG00000260027.5,7,7,19,10,10,2,8,4
ENSG00000260092.1,0,6,4,0,9,0,5,10
ENSG00000260097.3,0,0,0,0,0,0,7,9
ENSG00000260170.1,0,0,0,0,0,0,0,0
ENSG00000260220.7,1,9,4,1,0,2,1,0
ENSG00000260230.5,1,5,1,37,113,1,56,39
ENSG00000260234.5,0,0,0,0,0,0,0,0
ENSG00000260238.6,53,24,27,101,172,58,265,233
ENSG00000260272.1,0,0,1,0,0,0,0,0
ENSG00000260286.4,0,0,0,0,0,0,0,0
ENSG00000260287.5,0,14,4,0,56,0,13,35
ENSG00000260314.4,68,57,199,570,554,50,299,56
ENSG00000260325.2,3,6,2,1,2,0,0,1
ENSG00000260342.2,3,2,0,3,2,0,0,0
ENSG00000260371.1,0,0,0,0,0,0,0,0
ENSG00000260428.4,87,30,18,23,40,29,47,101
ENSG00000260456.8,18,11,12,18,38,3,6,28
ENSG00000260458.3,0,0,0,0,0,0,0,0
ENSG00000260537.2,0,0,1,0,0,0,62,0
ENSG00000260596.5,0,0,0,0,0,0,0,0
ENSG00000260643.2,35,29,20,63,120,7,65,44
ENSG00000260691.8,19,206,20,74,108,2,73,15
ENSG00000260729.1,0,0,3,10,133,1,52,0
ENSG00000260734.7,0,0,0,0,0,0,0,0
ENSG00000260802.2,0,4,0,2,0,0,0,0
ENSG00000260811.3,0,0,0,0,0,0,0,0
ENSG00000260836.2,4,0,0,0,0,0,0,3
ENSG00000260851.7,0,0,2,0,5,1,2,7
ENSG00000260861.6,0,0,1,6,4,0,0,3
ENSG00000260873.6,0,0,0,0,0,3,6,2
ENSG00000260903.3,0,0,0,0,2,1,1,0
ENSG00000260914.3,2,0,0,51,0,0,210,46
ENSG00000260916.9,769,1151,490,3132,3722,288,2170,983
ENSG00000261052.7,189,489,551,349,838,91,211,32
ENSG00000261115.7,81,126,58,2104,2636,176,2477,718
ENSG00000261130.5,0,0,0,0,0,0,37,0
ENSG00000261147.1,15,10,4,31,41,3,24,13
ENSG00000261150.3,6,8,3,9,5,1,7,11
ENSG00000261210.8,0,0,0,0,0,0,2,0
ENSG00000261221.6,185,148,172,319,492,176,326,428
ENSG00000261236.9,750,226,324,340,504,110,218,350
ENSG00000261247.2,0,0,0,55,81,2,9,2
ENSG00000261272.1,0,2,0,1,24,1,4,3
ENSG00000261308.5,13,7,15,12,30,0,34,7
ENSG00000261341.7,2,0,0,1,1,2,0,0
ENSG00000261371.7,5882,4687,1835,5614,7893,705,2291,2630
ENSG00000261408.7,0,0,0,0,0,3,5,3
ENSG00000261456.6,0,0,0,0,1,0,0,0
ENSG00000261459.1,0,0,0,1,10,0,0,0
ENSG00000261509.7,0,0,0,7,2,0,0,0
ENSG00000261582.1,6,7,3,29,30,1,2,2
ENSG00000261587.3,0,0,6,1,4,0,1,0
ENSG00000261594.4,9,5,9,5,3,1,1,5
ENSG00000261609.10,215,120,49,473,413,11,222,194
ENSG00000261611.6,5,0,5,13,26,0,3,3
ENSG00000261649.7,0,0,0,0,0,0,0,0
ENSG00000261652.3,33,33,20,81,92,10,50,39
ENSG00000261667.3,0,0,0,0,0,0,0,0
ENSG00000261678.3,0,0,0,1,1,0,0,3
ENSG00000261701.10,531,384,598,831,1386,243,629,1379
ENSG00000261717.5,0,0,0,0,0,0,0,6
ENSG00000261732.1,0,2,0,2,2,0,2,0
ENSG00000261739.3,0,11,5,4,14,1,21,4
ENSG00000261740.7,230,261,152,303,635,25,376,287
ENSG00000261787.3,7,2,1,11,48,0,33,30
ENSG00000261793.1,0,1,0,0,0,0,0,0
ENSG00000261794.2,20,0,41,154,30,1,37,11
ENSG00000261796.1,0,0,0,178,355,45,207,0
ENSG00000261832.6,24,30,11,12,30,11,11,2
ENSG00000261846.2,0,0,0,0,0,0,4,1
ENSG00000261852.3,0,0,0,0,0,0,0,0
ENSG00000261857.8,19,23,37,11,27,4,10,10
ENSG00000261862.2,0,0,0,0,0,0,0,0
ENSG00000261873.3,0,0,0,0,0,0,0,0
ENSG00000261884.2,20,19,25,9,14,0,12,41
ENSG00000261893.5,0,0,0,0,0,30,176,253
ENSG00000261897.1,0,0,0,0,0,0,0,0
ENSG00000261915.6,107,18,8,0,0,16,62,157
ENSG00000261934.3,37,3,15,98,67,11,55,16
ENSG00000261936.2,2,1,0,1,0,0,0,0
ENSG00000261949.7,0,0,0,1,0,0,0,0
ENSG00000261958.1,0,0,0,0,0,0,0,0
ENSG00000261968.3,0,0,0,0,0,0,0,0
ENSG00000261972.5,0,0,0,0,2,0,1,0
ENSG00000261984.1,0,0,0,0,0,0,0,0
ENSG00000261986.1,0,0,0,0,0,0,0,0
ENSG00000261992.2,457,329,0,726,910,0,0,337
ENSG00000262024.6,232,129,160,732,437,37,283,167
ENSG00000262045.1,0,0,0,0,0,0,0,0
ENSG00000262068.3,0,0,0,0,0,0,0,0
ENSG00000262085.2,0,0,0,0,0,0,0,0
ENSG00000262102.1,0,0,0,0,0,10,89,0
ENSG00000262121.2,0,0,0,0,0,0,0,0
ENSG00000262139.9,0,2,0,0,0,0,8,1
ENSG00000262145.5,15,30,4,44,144,17,59,31
ENSG00000262152.8,0,0,0,0,0,0,0,0
ENSG00000262156.6,0,0,23,0,0,1,9,3
ENSG00000262164.6,0,0,0,0,0,0,0,0
ENSG00000262165.2,4,15,7,6,4,0,5,4
ENSG00000262179.5,4,3,0,0,11,0,6,5
ENSG00000262191.1,0,0,0,0,0,0,0,0
ENSG00000262209.3,3,0,3,186,71,0,67,20
ENSG00000262217.3,0,0,0,0,0,0,0,0
ENSG00000262221.1,0,0,0,0,0,0,0,0
ENSG00000262243.5,0,0,149,605,56,0,1256,0
ENSG00000262246.7,241,227,277,157,314,0,38,85
ENSG00000262302.1,0,0,0,0,0,0,0,0
ENSG00000262304.2,0,0,1,10,3,7,0,0
ENSG00000262315.4,0,0,0,0,0,0,0,0
ENSG00000262327.7,47,46,0,48,0,12,0,171
ENSG00000262334.6,72,43,29,70,38,1,15,16
ENSG00000262347.2,0,0,0,0,0,0,0,0
ENSG00000262406.3,0,0,0,3,0,0,0,0
ENSG00000262418.5,0,0,0,0,0,2,0,0
ENSG00000262446.5,13,29,0,0,3,32,0,4
ENSG00000262473.5,276,102,175,11,12,2,9,69
ENSG00000262481.5,0,0,0,0,3,0,6,11
ENSG00000262484.2,0,0,0,0,0,0,0,0
ENSG00000262505.2,0,0,0,0,0,0,0,0
ENSG00000262520.1,0,0,0,0,0,0,0,0
ENSG00000262526.2,0,0,0,0,0,0,1286,738
ENSG00000262543.2,0,0,0,0,1,0,0,0
ENSG00000262560.1,0,10,0,0,10,0,7,0
ENSG00000262573.2,0,0,0,0,0,0,0,0
ENSG00000262576.3,20,3,5,165,130,13,154,35
ENSG00000262594.4,0,0,0,0,0,0,0,0
ENSG00000262599.5,227,183,104,729,735,35,532,207
ENSG00000262607.5,0,0,0,0,0,0,0,0
ENSG00000262611.4,0,0,0,0,0,0,0,0
ENSG00000262612.3,0,0,0,0,0,0,0,0
ENSG00000262628.1,0,0,0,0,0,0,0,0
ENSG00000262633.2,0,0,0,24,0,0,0,37
ENSG00000262634.5,3,0,0,0,0,0,2,0
ENSG00000262635.5,0,0,0,0,0,0,0,0
ENSG00000262647.3,0,0,0,0,0,0,0,0
ENSG00000262655.5,1144,418,451,681,776,128,353,122
ENSG00000262660.1,0,0,0,41,0,0,0,0
ENSG00000262664.3,296,216,283,399,447,53,174,198
ENSG00000262666.5,106,0,0,67,112,0,0,0
ENSG00000262730.1,0,0,0,0,0,0,0,0
ENSG00000262731.3,0,0,0,0,0,0,0,0
ENSG00000262748.1,0,0,0,0,0,0,0,0
ENSG00000262749.2,0,0,0,0,0,0,0,0
ENSG00000262755.1,0,0,0,0,0,0,0,0
ENSG00000262771.5,57,0,11,300,286,48,421,274
ENSG00000262784.2,0,0,0,0,0,0,0,0
ENSG00000262785.5,0,0,0,0,0,0,0,0
ENSG00000262788.3,322,72,65,0,157,0,177,128
ENSG00000262795.5,1026,728,765,1216,1088,23,121,112
ENSG00000262796.1,0,0,0,0,0,0,0,0
ENSG00000262808.2,0,0,0,0,0,0,0,0
ENSG00000262814.9,959,1178,269,1644,3308,769,1455,2577
ENSG00000262826.5,100,0,0,28,0,0,0,0
ENSG00000262845.7,0,0,0,0,0,0,0,0
ENSG00000262851.2,0,0,0,0,0,0,0,0
ENSG00000262860.5,220,445,296,1046,1004,149,697,514
ENSG00000262874.2,0,0,0,0,0,0,0,0
ENSG00000262896.2,0,0,0,0,0,0,0,0
ENSG00000262911.5,0,13,3,51,18,3,38,14
ENSG00000262919.9,307,235,211,550,671,148,275,430
ENSG00000262938.6,0,0,0,0,0,0,0,0
ENSG00000262993.1,0,0,0,0,0,0,0,0
ENSG00000263001.10,3273,3037,1949,7221,6798,643,4269,2071
ENSG00000263002.9,109,107,44,343,350,17,261,83
ENSG00000263012.1,0,0,0,0,0,0,0,0
ENSG00000263014.5,0,0,0,0,0,0,0,0
ENSG00000263020.6,0,0,0,0,0,1,0,0
ENSG00000263022.1,0,0,0,0,0,0,0,0
ENSG00000263057.2,0,0,1,0,1,0,0,0
ENSG00000263090.5,0,0,0,0,0,0,0,0
ENSG00000263101.2,0,0,0,0,0,0,0,0
ENSG00000263141.5,0,0,0,0,0,1,3,3
ENSG00000263150.3,0,0,0,0,0,0,0,0
ENSG00000263155.8,910,1414,488,31164,41979,4440,24526,17564
ENSG00000263160.6,1,0,1,0,28,75,645,282
ENSG00000263163.5,0,0,0,56,252,0,0,0
ENSG00000263181.7,5,0,0,1,14,0,9,0
ENSG00000263186.1,0,0,0,0,0,0,0,0
ENSG00000263201.1,0,0,0,0,0,0,0,0
ENSG00000263229.4,0,0,0,0,0,0,0,0
ENSG00000263236.2,0,0,0,0,0,0,0,0
ENSG00000263238.1,0,0,0,0,0,49,437,96
ENSG00000263242.2,0,0,0,0,0,0,0,0
ENSG00000263243.2,0,0,0,0,0,0,0,1
ENSG00000263247.6,12,0,0,3,8,0,10,0
ENSG00000263263.1,0,0,0,0,0,0,0,0
ENSG00000263290.5,416,0,0,878,804,0,42,307
ENSG00000263296.2,0,0,0,0,0,0,0,0
ENSG00000263309.6,0,0,3,0,3,0,0,0
ENSG00000263310.5,0,0,0,0,0,2,0,0
ENSG00000263324.5,8,0,0,38,37,0,0,0
ENSG00000263341.1,0,0,0,0,0,0,0,0
ENSG00000263353.4,0,0,0,0,0,0,0,0
ENSG00000263429.4,0,2,0,0,0,0,0,2
ENSG00000263465.5,581,455,470,732,859,74,447,364
ENSG00000263513.7,0,0,23,0,12,0,10,0
ENSG00000263528.9,48,16,75,66,40,7,23,8
ENSG00000263620.1,0,0,0,0,0,95,186,224
ENSG00000263639.7,0,1,0,0,1,0,0,0
ENSG00000263715.7,7,5,5,36,75,2,41,9
ENSG00000263761.3,0,0,0,4,2,0,0,0
ENSG00000263809.1,0,0,0,0,0,0,7,0
ENSG00000263874.3,14,46,46,18,27,0,24,7
ENSG00000263956.9,77,199,75,215,324,7,232,72
ENSG00000263961.9,12,18,1,8,25,7,7,3
ENSG00000264006.9,1,3,0,0,5,0,2,0
ENSG00000264058.2,8,0,0,14,3,50,81,91
ENSG00000264187.1,0,0,0,0,0,0,0,0
ENSG00000264230.10,2,21,2,5,46,0,17,4
ENSG00000264324.1,4,4,1,7,9,0,8,0
ENSG00000264343.8,198,281,185,222,302,27,164,102
ENSG00000264364.4,1704,2942,1440,13071,11740,1353,5213,5891
ENSG00000264424.1,0,0,0,0,0,0,0,0
ENSG00000264522.7,497,290,200,1187,1025,85,413,274
ENSG00000264619.6,46,17,50,0,33,0,23,0
ENSG00000264668.2,0,1,0,0,10,6,0,2
ENSG00000264717.7,0,1,0,0,4,0,3,0
ENSG00000264813.6,0,0,0,0,0,0,0,0
ENSG00000265107.4,466,174,80,481,1284,123,404,214
ENSG00000265118.5,0,0,2,0,0,0,0,8
ENSG00000265190.8,1,14,2,0,135,0,15,2
ENSG00000265203.2,0,0,0,0,0,0,0,0
ENSG00000265241.9,1411,900,609,2005,1871,239,1084,898
ENSG00000265303.1,18,27,15,0,0,0,0,0
ENSG00000265354.5,819,612,341,1854,2343,363,1118,1107
ENSG00000265491.6,1833,1028,625,8392,4834,521,3924,2718
ENSG00000265590.10,89,28,25,177,195,3,110,55
ENSG00000265681.9,13091,12633,8128,6733,11434,991,6143,5203
ENSG00000265690.7,16,7,11,16,41,0,62,33
ENSG00000265763.5,1,1,1,1,9,0,0,3
ENSG00000265808.5,1275,913,581,1534,1697,118,995,442
ENSG00000265817.4,14,45,23,68,95,0,35,11
ENSG00000265818.1,0,0,0,0,4,0,18,0
ENSG00000265972.7,17264,14048,15152,30061,24059,1745,11928,18467
ENSG00000266027.8,0,0,0,0,0,0,0,0
ENSG00000266028.9,496,494,561,802,662,46,358,258
ENSG00000266074.11,0,43,222,177,320,22,196,137
ENSG00000266076.1,0,0,0,0,0,0,0,0
ENSG00000266086.3,407,515,1065,205,477,18,415,261
ENSG00000266094.9,94,113,83,958,239,32,161,48
ENSG00000266173.8,356,252,394,365,543,22,356,232
ENSG00000266200.8,0,0,0,0,0,0,0,0
ENSG00000266202.1,0,0,0,0,1,0,0,0
ENSG00000266265.4,0,1,1,2,7,4,0,1
ENSG00000266286.3,0,0,0,0,0,0,0,0
ENSG00000266302.6,160,98,381,662,419,13,145,16
ENSG00000266338.8,681,345,369,762,762,22,589,161
ENSG00000266412.7,1204,1551,1002,10703,11586,1061,6487,3307
ENSG00000266472.7,970,962,930,1252,1660,312,1059,1255
ENSG00000266524.4,6,9,4,9,17,6,14,15
ENSG00000266714.11,1101,827,1697,469,1975,22,861,193
ENSG00000266728.5,0,0,0,0,2,0,0,0
ENSG00000266826.3,1,0,0,0,0,0,0,1
ENSG00000266953.6,0,0,0,0,0,0,0,0
ENSG00000266964.7,1855,2072,1270,2944,3573,564,1798,2686
ENSG00000266967.8,586,532,324,670,870,94,299,412
ENSG00000266997.2,0,0,0,0,0,0,0,0
ENSG00000267001.1,0,0,0,0,15,16,31,16
ENSG00000267022.1,0,0,0,0,0,0,0,0
ENSG00000267041.6,33,27,14,79,94,8,32,28
ENSG00000267059.2,4,0,0,86,295,93,0,261
ENSG00000267060.8,166,133,35,837,747,46,269,272
ENSG00000267110.1,0,0,0,2,4,1816,2988,3810
ENSG00000267120.3,0,11,0,0,7,0,2,17
ENSG00000267127.7,21,5,31,28,26,2,24,30
ENSG00000267140.1,1,8,1,4,6,0,2,0
ENSG00000267157.1,3,0,0,0,4,0,0,0
ENSG00000267168.1,2,0,0,0,0,0,0,0
ENSG00000267173.1,0,0,0,0,0,0,0,0
ENSG00000267179.1,0,11,0,0,6,0,0,2
ENSG00000267206.7,920,155,383,75,69,20,18,51
ENSG00000267221.4,7,26,28,15,69,7,36,28
ENSG00000267228.7,36,8,12,68,107,17,64,13
ENSG00000267261.5,2,0,0,0,0,0,0,0
ENSG00000267281.3,0,0,7,0,0,0,2,0
ENSG00000267303.1,410,203,246,240,238,28,47,111
ENSG00000267314.1,0,0,0,0,2,3,0,2
ENSG00000267318.1,13,22,13,86,86,5,63,41
ENSG00000267335.2,0,0,0,0,0,0,0,0
ENSG00000267360.6,0,0,0,2,3,2,1,2
ENSG00000267368.2,554,1143,927,431,604,16,248,324
ENSG00000267385.1,1,4,3,63,99,2,87,36
ENSG00000267426.5,2,0,0,0,7,0,0,5
ENSG00000267467.5,0,227,0,0,0,0,0,0
ENSG00000267477.1,0,0,0,0,0,0,7,0
ENSG00000267508.7,44,35,57,99,162,15,110,85
ENSG00000267534.4,1036,341,667,155,148,18,55,53
ENSG00000267552.6,1,0,0,0,8,0,0,1
ENSG00000267561.2,1052,500,546,231,279,15,141,37
ENSG00000267618.5,0,0,0,0,4,0,0,0
ENSG00000267631.5,0,0,0,0,0,0,0,0
ENSG00000267635.1,0,0,0,0,0,0,0,0
ENSG00000267645.5,147,297,36,448,485,23,84,297
ENSG00000267673.7,196,233,110,192,348,47,158,216
ENSG00000267680.7,274,324,351,424,525,21,308,212
ENSG00000267699.2,0,0,0,0,0,0,0,0
ENSG00000267706.3,0,0,0,0,0,0,0,0
ENSG00000267710.9,6,13,2,2,2,0,0,5
ENSG00000267728.4,0,0,0,0,0,0,0,0
ENSG00000267740.5,0,0,0,0,1,0,0,0
ENSG00000267748.4,0,0,0,0,0,0,3,4
ENSG00000267795.7,1,3,0,0,0,1,0,3
ENSG00000267796.9,248,212,179,180,226,36,105,67
ENSG00000267855.7,677,1591,289,930,1511,48,133,193
ENSG00000267881.2,0,0,0,0,0,0,0,0
ENSG00000267909.3,1,0,0,0,0,0,0,0
ENSG00000267952.1,0,0,0,0,0,0,0,0
ENSG00000267954.2,0,0,0,0,0,0,19,0
ENSG00000267978.7,0,0,0,1,0,0,0,0
ENSG00000268009.6,0,0,0,0,0,0,0,0
ENSG00000268041.3,1,2,6,1,4,0,2,2
ENSG00000268043.10,117,120,74,408,330,18,244,127
ENSG00000268083.5,5,0,1,1,10,0,0,95
ENSG00000268089.3,0,1,0,0,5,0,1,0
ENSG00000268104.4,1,0,4,2,0,0,0,0
ENSG00000268107.6,0,0,0,38,19,0,13,0
ENSG00000268133.1,0,0,0,0,0,0,0,0
ENSG00000268163.1,0,0,0,6,8,0,2,4
ENSG00000268173.3,0,0,0,0,7,0,53,120
ENSG00000268182.6,10,13,7,10,19,0,23,0
ENSG00000268193.5,2,0,0,0,0,0,0,0
ENSG00000268221.6,0,0,0,0,0,0,0,0
ENSG00000268223.7,1,0,0,1,0,0,0,0
ENSG00000268235.9,0,0,0,0,0,0,0,0
ENSG00000268279.4,0,0,0,5,3,0,3,0
ENSG00000268320.4,0,0,0,0,0,0,0,0
ENSG00000268350.9,486,207,698,48,528,15,86,179
ENSG00000268361.1,0,0,0,0,0,0,0,0
ENSG00000268400.6,0,0,0,0,2,9,2,7
ENSG00000268434.5,16,4,5,40,40,0,77,4
ENSG00000268447.6,0,0,0,0,0,0,0,0
ENSG00000268465.1,0,0,0,0,0,0,0,0
ENSG00000268480.4,0,1,1,0,0,0,0,0
ENSG00000268500.9,28,6,53,57,24,4,17,5
ENSG00000268533.1,24,2,2,12,9,0,12,9
ENSG00000268606.7,0,0,0,0,0,0,0,0
ENSG00000268614.1,0,0,2,0,0,0,0,0
ENSG00000268629.8,0,0,0,0,0,0,0,0
ENSG00000268643.2,0,0,0,0,0,21,100,38
ENSG00000268651.4,0,0,0,0,0,0,0,0
ENSG00000268655.3,0,0,0,0,0,0,0,1
ENSG00000268674.2,1,1,4,2,1,0,0,0
ENSG00000268696.3,6,3,6,0,1,0,0,0
ENSG00000268738.3,15,0,0,0,76,10,0,47
ENSG00000268750.7,6,1,2,10,9,0,6,2
ENSG00000268790.5,1,0,1,7,0,0,1,0
ENSG00000268797.1,0,0,0,1,1,0,0,0
ENSG00000268799.4,0,0,0,0,0,0,0,0
ENSG00000268870.1,0,0,0,7,0,0,0,0
ENSG00000268902.5,0,1,0,0,0,0,0,0
ENSG00000268916.7,0,1,0,0,1,0,0,0
ENSG00000268940.6,0,0,0,0,0,1,0,0
ENSG00000268964.3,0,0,0,2,0,0,0,0
ENSG00000268975.2,0,0,4,0,2,0,6,0
ENSG00000268988.2,0,0,0,0,0,0,0,0
ENSG00000268994.3,0,0,0,0,0,0,0,0
ENSG00000269026.2,0,0,0,0,0,0,0,0
ENSG00000269035.1,0,0,0,0,0,0,0,7
ENSG00000269058.7,0,0,0,0,0,0,0,0
ENSG00000269067.2,5,1,13,83,75,6,49,16
ENSG00000269095.1,10,0,0,0,0,0,9,0
ENSG00000269096.7,0,0,0,0,0,0,0,0
ENSG00000269113.5,331,36,114,154,93,6,85,35
ENSG00000269167.1,0,0,0,0,0,0,0,0
ENSG00000269179.1,0,0,0,0,0,0,0,0
ENSG00000269190.7,227,146,181,85,193,7,103,64
ENSG00000269226.9,15,35,19,8,28,0,21,8
ENSG00000269237.1,0,0,0,0,0,0,0,0
ENSG00000269242.1,65,140,253,0,0,103,175,346
ENSG00000269307.1,7,0,0,2,2,0,0,5
ENSG00000269313.7,16,43,14,34,63,18,35,39
ENSG00000269335.8,358,192,255,337,468,89,195,289
ENSG00000269343.9,93,47,90,315,268,13,110,58
ENSG00000269403.1,3,1,0,1,1,0,9,4
ENSG00000269404.7,1,4,6,2,4,1,2,1
ENSG00000269405.7,0,0,0,0,0,0,0,0
ENSG00000269433.4,0,0,0,1,0,0,0,0
ENSG00000269437.8,0,0,0,0,0,0,0,0
ENSG00000269466.4,0,0,0,0,0,0,0,0
ENSG00000269469.1,0,0,0,0,0,0,0,0
ENSG00000269476.1,0,0,0,0,5,4,7,5
ENSG00000269502.6,0,0,0,0,0,0,0,0
ENSG00000269526.2,0,34,0,1,0,0,3,2
ENSG00000269533.5,0,0,0,0,0,0,0,0
ENSG00000269547.1,0,0,0,0,0,0,0,0
ENSG00000269556.9,353,357,175,1124,1009,116,473,458
ENSG00000269586.9,3,2,2,0,2,0,0,0
ENSG00000269590.1,0,0,0,0,0,0,0,0
ENSG00000269693.1,0,0,0,0,0,0,0,0
ENSG00000269699.8,0,0,0,0,2,0,3,0
ENSG00000269711.1,0,0,53,11,0,0,0,0
ENSG00000269713.10,1052,501,744,1216,1032,45,509,296
ENSG00000269720.3,7,16,11,12,45,0,7,6
ENSG00000269741.5,0,0,0,0,0,0,0,0
ENSG00000269743.4,14,9,3,133,38,4,29,18
ENSG00000269755.1,1,0,0,0,5,0,3,4
ENSG00000269791.6,0,0,0,0,0,0,0,0
ENSG00000269823.1,0,1,0,0,1,11,134,163
ENSG00000269825.5,49,139,59,148,89,6,165,88
ENSG00000269855.3,0,0,0,0,0,0,0,0
ENSG00000269858.7,1159,924,931,1011,1419,151,611,875
ENSG00000269891.2,0,0,0,0,0,0,0,0
ENSG00000269897.5,0,0,0,10,0,0,43,17
ENSG00000269955.2,0,0,0,798,781,126,581,345
ENSG00000269964.4,1,11,3,5,37,4,17,12
ENSG00000270011.9,3,41,2,17,73,0,4,64
ENSG00000270099.1,0,2,0,0,0,0,0,0
ENSG00000270106.6,0,5,0,4,0,0,0,0
ENSG00000270136.6,34,21,7,152,196,33,100,88
ENSG00000270149.5,0,0,0,0,0,9,76,0
ENSG00000270170.2,133,146,165,228,463,72,227,358
ENSG00000270181.3,0,0,0,2,1,0,0,61
ENSG00000270231.6,189,156,301,261,372,10,238,100
ENSG00000270249.2,10,12,0,17,19,0,4,2
ENSG00000270276.3,62,82,52,101,156,19,102,91
ENSG00000270299.1,0,0,0,0,0,0,0,0
ENSG00000270316.1,0,0,0,0,0,0,0,85
ENSG00000270339.4,2,0,0,0,0,0,0,0
ENSG00000270379.6,0,1,0,0,0,0,0,0
ENSG00000270467.1,0,0,0,0,0,0,0,0
ENSG00000270472.3,0,0,0,0,0,0,0,0
ENSG00000270550.1,11,31,0,20,20,1,12,0
ENSG00000270601.5,0,0,0,0,0,0,0,0
ENSG00000270617.1,0,0,0,0,10,0,0,141
ENSG00000270629.7,582,353,375,968,930,48,732,323
ENSG00000270647.8,2021,1436,1414,3665,3694,78,12,337
ENSG00000270757.1,0,0,0,244,200,38,207,84
ENSG00000270765.8,4,6,0,1,6,0,9,0
ENSG00000270800.4,11,0,0,5,0,39,200,241
ENSG00000270806.2,0,0,0,0,0,0,0,0
ENSG00000270882.3,21,2,2,7,147,8,20,12
ENSG00000270885.3,76,102,118,361,783,99,255,373
ENSG00000270946.6,0,0,0,0,0,0,0,0
ENSG00000270961.1,0,0,0,0,0,0,0,0
ENSG00000271079.1,0,3,1,0,1,0,0,0
ENSG00000271092.5,6,15,9,53,69,2,46,14
ENSG00000271130.1,0,1,0,1,0,0,0,0
ENSG00000271178.1,0,0,0,0,0,0,0,0
ENSG00000271254.7,254,263,73,87,233,5,196,89
ENSG00000271271.6,0,0,0,0,0,0,0,0
ENSG00000271303.3,1295,363,331,1434,1821,123,640,495
ENSG00000271317.1,0,0,0,0,0,0,0,0
ENSG00000271321.1,4,0,0,1,0,0,0,0
ENSG00000271336.1,0,0,0,0,0,0,0,0
ENSG00000271383.10,34,0,89,307,118,0,58,76
ENSG00000271425.10,60,21,46,210,149,12,143,57
ENSG00000271447.7,41,89,40,28,110,8,17,23
ENSG00000271449.8,0,0,0,0,0,0,0,0
ENSG00000271503.7,28,476,33,51,175,0,0,28
ENSG00000271567.2,0,0,0,0,0,0,0,0
ENSG00000271601.5,809,897,374,1699,1330,90,635,367
ENSG00000271605.7,81,19,179,104,95,13,54,2
ENSG00000271698.1,2,1,2,0,0,0,0,6
ENSG00000271723.5,0,7,2,102,293,0,131,31
ENSG00000271741.1,0,0,3,85,0,23,164,0
ENSG00000271793.2,0,0,0,80,17,19,19,5
ENSG00000271810.5,0,0,0,10,0,0,0,0
ENSG00000271824.2,0,2,5,0,0,1,0,0
ENSG00000271949.1,0,0,0,0,0,0,0,0
ENSG00000272000.7,0,0,0,0,0,0,0,0
ENSG00000272031.4,21,0,7,36,34,9,25,6
ENSG00000272047.5,234,327,226,503,954,75,447,361
ENSG00000272104.1,0,1,1,0,2,0,0,2
ENSG00000272162.1,0,0,0,0,0,0,0,0
ENSG00000272295.1,0,0,0,3,0,0,0,0
ENSG00000272297.2,0,0,0,0,0,0,0,0
ENSG00000272305.5,1,1,4,1,1,0,3,0
ENSG00000272325.3,1162,1536,1080,6195,5971,423,3081,2468
ENSG00000272333.8,456,222,394,760,883,98,503,410
ENSG00000272391.7,579,362,284,938,1039,108,646,537
ENSG00000272395.8,0,0,0,0,0,0,0,0
ENSG00000272398.6,23,168,91,23,22,2,5,9
ENSG00000272410.5,25,6,6,214,147,34,125,73
ENSG00000272414.6,8,0,0,110,71,11,43,25
ENSG00000272442.2,0,0,0,0,0,0,0,3
ENSG00000272514.7,0,6,0,0,0,0,4,0
ENSG00000272532.7,0,0,0,0,0,0,0,0
ENSG00000272573.7,2480,630,614,429,588,169,80,152
ENSG00000272602.6,169,224,87,138,291,7,117,47
ENSG00000272617.3,103,72,30,122,126,10,78,31
ENSG00000272636.6,1045,58,115,414,187,21,81,66
ENSG00000272647.3,0,0,0,2,0,0,0,0
ENSG00000272670.3,63,27,0,5,0,0,10,23
ENSG00000272674.4,62,108,44,114,82,9,79,23
ENSG00000272712.1,0,0,0,0,0,0,0,0
ENSG00000272741.1,0,0,0,0,0,0,0,0
ENSG00000272765.2,0,0,0,0,0,617,1677,3065
ENSG00000272772.2,48,0,0,10,35,0,0,0
ENSG00000272803.5,0,0,0,0,0,0,0,0
ENSG00000272804.3,0,0,0,0,0,0,0,0
ENSG00000272805.1,0,0,3,1,1,0,6,0
ENSG00000272822.2,65,17,4,40,31,4,3,0
ENSG00000272856.2,2,4,6,5,1,0,0,0
ENSG00000272886.7,363,484,185,677,829,65,643,269
ENSG00000272896.1,9,8,7,8,21,2,3,12
ENSG00000272897.5,0,0,0,0,0,0,0,0
ENSG00000272899.4,192,68,8,30,23,8,24,33
ENSG00000272901.5,0,0,0,0,0,19,17,86
ENSG00000272916.5,81,84,139,32,106,0,167,58
ENSG00000272921.1,2,0,0,0,0,12,206,3
ENSG00000272968.5,8,11,13,41,21,2,4,7
ENSG00000272980.5,0,0,0,31,52,1,18,1
ENSG00000272987.1,0,0,0,0,0,0,0,0
ENSG00000273003.1,0,0,0,0,0,15,168,72
ENSG00000273025.1,0,0,0,0,0,0,0,0
ENSG00000273045.8,1,4,0,2,3,1,5,2
ENSG00000273047.1,0,0,0,0,0,0,0,0
ENSG00000273049.1,0,0,0,0,0,0,0,0
ENSG00000273079.7,1,1,1,5,5,1,8,0
ENSG00000273085.3,0,0,0,0,0,0,0,0
ENSG00000273086.1,0,0,0,0,1,0,0,0
ENSG00000273088.2,23,0,11,2,0,0,8,2
ENSG00000273092.1,0,0,0,0,0,0,0,0
ENSG00000273111.6,0,0,0,0,0,0,0,0
ENSG00000273136.9,98,143,166,288,128,41,326,181
ENSG00000273154.3,172,111,115,36,140,17,57,71
ENSG00000273155.1,4,0,4,5,7,12,18,20
ENSG00000273167.1,0,0,0,0,2,0,0,0
ENSG00000273171.1,0,0,0,0,1,0,0,0
ENSG00000273173.6,22,73,12,381,319,9,56,13
ENSG00000273213.4,24,41,94,54,80,0,33,16
ENSG00000273217.1,0,0,0,0,0,0,0,0
ENSG00000273238.3,0,0,0,0,1,0,0,0
ENSG00000273259.3,10,0,6,3,0,18,46,15
ENSG00000273269.3,0,0,0,0,0,0,0,0
ENSG00000273274.3,1,2,3,4,1,1,0,0
ENSG00000273291.5,0,0,2,1,0,1,4,2
ENSG00000273294.1,38,0,0,0,0,0,0,0
ENSG00000273313.1,0,0,0,0,0,0,0,0
ENSG00000273331.1,1,0,0,1,1,0,0,0
ENSG00000273345.6,0,0,0,0,7,0,8,0
ENSG00000273397.4,0,71,0,506,760,0,0,0
ENSG00000273398.6,0,0,0,0,2,29,79,29
ENSG00000273494.3,155,141,0,480,0,167,380,466
ENSG00000273502.4,0,0,0,0,0,0,0,0
ENSG00000273510.1,0,0,0,0,0,0,0,0
ENSG00000273511.4,0,0,0,0,0,3,0,0
ENSG00000273513.3,0,0,0,30,8,0,23,0
ENSG00000273514.2,0,1,0,0,1,0,0,0
ENSG00000273517.1,0,0,0,0,0,0,0,0
ENSG00000273518.5,0,0,0,0,0,0,0,0
ENSG00000273520.6,0,0,0,0,0,0,0,1
ENSG00000273526.1,0,0,0,0,0,0,0,0
ENSG00000273529.2,3,26,3,2,18,1,0,0
ENSG00000273533.3,0,0,0,0,0,0,0,0
ENSG00000273535.4,0,0,0,0,0,0,0,0
ENSG00000273539.3,0,8,0,0,0,0,0,0
ENSG00000273540.5,0,0,0,2,0,0,0,0
ENSG00000273542.3,4,25,0,8,22,4,7,0
ENSG00000273554.4,44,0,34,213,66,0,15,1
ENSG00000273559.6,324,314,290,435,383,48,95,61
ENSG00000273562.4,1024,644,467,2085,1603,0,1256,2125
ENSG00000273564.2,0,3,5,3,0,0,2,0
ENSG00000273572.4,0,23,0,0,0,0,0,0
ENSG00000273574.1,20,17,19,2,33,0,3,6
ENSG00000273575.4,0,0,0,0,0,0,0,0
ENSG00000273579.3,0,4,5,0,0,0,0,0
ENSG00000273594.4,0,0,0,160,391,0,97,222
ENSG00000273603.1,0,0,0,0,0,0,0,0
ENSG00000273604.2,33,16,23,40,22,4,11,20
ENSG00000273607.3,2,4,0,2,6,488,916,1409
ENSG00000273608.4,2,9,2,0,16,0,6,12
ENSG00000273611.6,125,261,130,294,613,12,42,89
ENSG00000273622.1,162,0,65,0,0,0,0,0
ENSG00000273633.1,0,0,5,0,0,0,0,0
ENSG00000273645.2,93,129,0,548,291,0,106,108
ENSG00000273651.4,0,0,0,0,0,0,0,0
ENSG00000273661.6,0,0,0,0,0,0,0,0
ENSG00000273686.4,34,160,2995,65,68,6,5160,8
ENSG00000273696.5,0,0,0,0,0,0,0,0
ENSG00000273703.2,0,0,1,0,0,0,0,0
ENSG00000273706.6,0,1,0,0,0,0,0,0
ENSG00000273707.4,320,1927,287,296,701,227,640,982
ENSG00000273722.4,23,117,78,24,119,7,36,33
ENSG00000273734.1,0,0,0,0,0,0,0,0
ENSG00000273735.4,0,0,0,0,0,0,2,2
ENSG00000273738.4,9,7,0,12,0,0,0,0
ENSG00000273748.1,13,135,46,162,143,6,87,7
ENSG00000273749.6,750,1028,463,1330,1409,121,818,407
ENSG00000273756.5,0,0,0,0,0,0,0,0
ENSG00000273761.5,910,736,305,5795,5172,808,3309,2587
ENSG00000273772.4,0,282,73,224,477,52,276,286
ENSG00000273775.5,0,0,0,0,0,0,0,0
ENSG00000273777.6,0,0,0,0,0,0,0,0
ENSG00000273780.2,261,255,217,308,685,159,405,264
ENSG00000273793.3,0,0,0,0,432,0,0,0
ENSG00000273802.3,6,3,11,19,18,3,23,10
ENSG00000273807.2,566,0,0,406,0,0,0,0
ENSG00000273814.4,6,9,19,23,35,0,60,20
ENSG00000273820.2,32,25,20,126,88,6,57,26
ENSG00000273822.5,0,0,0,0,0,0,0,0
ENSG00000273827.2,0,0,0,0,0,0,0,0
ENSG00000273831.2,16,3,0,0,1,0,5,4
ENSG00000273841.7,516,333,342,690,999,15,192,73
ENSG00000273850.3,183,156,69,338,1800,372,159,1087
ENSG00000273859.4,12,0,12,0,16,2,8,0
ENSG00000273865.2,0,0,0,0,0,0,0,0
ENSG00000273873.4,0,0,0,0,0,0,0,34
ENSG00000273884.4,0,0,0,0,0,0,0,0
ENSG00000273887.1,0,0,0,0,0,0,0,0
ENSG00000273889.2,0,0,0,0,0,0,0,0
ENSG00000273899.6,342,183,227,200,362,46,226,132
ENSG00000273911.1,0,0,0,0,0,0,0,0
ENSG00000273914.2,0,0,0,0,0,0,0,0
ENSG00000273931.1,0,0,0,0,0,0,0,0
ENSG00000273936.4,1,3,4,0,80,0,90,0
ENSG00000273947.5,0,0,0,1,0,0,0,0
ENSG00000273957.2,1,0,1,0,1,0,4,2
ENSG00000273962.2,0,0,0,0,0,0,0,0
ENSG00000273976.2,0,0,0,0,0,0,0,0
ENSG00000273983.2,0,0,11,0,0,0,0,0
ENSG00000273991.4,0,0,23,0,0,0,20,11
ENSG00000273993.4,0,0,0,0,0,0,487,284
ENSG00000274000.4,0,0,21,38,28,0,0,0
ENSG00000274036.5,0,0,0,0,0,0,0,0
ENSG00000274042.2,11,1,2,16,0,0,3,0
ENSG00000274047.4,1,239,0,104,165,0,65,2
ENSG00000274049.4,98,5,0,31,118,0,0,0
ENSG00000274058.3,0,0,0,0,0,0,0,0
ENSG00000274063.1,0,0,0,1,1,0,0,0
ENSG00000274070.2,729,112,233,961,921,37,351,426
ENSG00000274073.1,31,64,57,0,0,24,80,114
ENSG00000274084.4,0,0,0,0,0,0,0,0
ENSG00000274089.4,0,0,0,0,0,0,0,0
ENSG00000274102.3,0,0,0,0,0,0,0,0
ENSG00000274108.5,0,0,0,0,0,0,0,0
ENSG00000274109.2,0,0,0,0,0,0,0,0
ENSG00000274110.4,0,0,0,44,31,0,79,0
ENSG00000274126.4,0,0,0,0,26,14,163,322
ENSG00000274129.4,0,0,0,0,0,0,0,0
ENSG00000274131.3,0,0,39,0,0,0,0,0
ENSG00000274137.2,978,8340,1075,36981,30180,2793,10968,12751
ENSG00000274143.1,0,0,0,0,0,0,0,0
ENSG00000274145.2,0,3,0,0,0,35,149,153
ENSG00000274146.5,0,0,0,0,0,0,0,0
ENSG00000274148.6,0,0,0,52,21,0,0,5
ENSG00000274161.4,0,0,0,0,0,0,0,0
ENSG00000274166.2,17,0,0,19,36,4,0,0
ENSG00000274174.4,0,1,0,0,0,0,0,0
ENSG00000274180.1,226,134,727,1537,1284,131,428,604
ENSG00000274183.2,0,0,0,3,2,1,3,3
ENSG00000274185.4,0,0,0,1,0,0,0,0
ENSG00000274193.4,0,0,0,2,0,0,0,0
ENSG00000274195.2,0,0,0,0,0,0,0,0
ENSG00000274205.4,0,0,0,0,0,0,0,0
ENSG00000274209.7,0,1,5,0,2,2,0,0
ENSG00000274211.6,80,0,0,851,708,71,379,291
ENSG00000274226.6,0,0,0,0,0,0,0,0
ENSG00000274229.2,148,102,107,0,0,0,0,0
ENSG00000274232.4,0,0,0,0,0,0,0,0
ENSG00000274233.4,0,5,0,5,13,11,80,5
ENSG00000274236.3,0,0,0,0,0,0,0,0
ENSG00000274243.5,0,0,0,0,0,0,0,0
ENSG00000274247.4,0,0,0,11,12,0,0,0
ENSG00000274252.2,1,4,2,0,2,0,1,0
ENSG00000274254.1,0,0,0,0,0,0,0,0
ENSG00000274273.1,0,0,0,0,0,0,0,0
ENSG00000274274.3,0,0,0,0,0,0,0,0
ENSG00000274283.5,0,0,0,0,0,0,0,0
ENSG00000274286.2,201,190,336,201,311,19,123,184
ENSG00000274287.4,98,50,61,219,458,0,84,0
ENSG00000274290.3,12,2,5,54,30,2,10,11
ENSG00000274296.3,0,0,0,0,0,46,46,178
ENSG00000274305.4,1147,37,363,741,1304,0,1105,295
ENSG00000274311.4,0,0,0,0,42,0,0,2
ENSG00000274320.2,20,4,0,28,36,0,29,18
ENSG00000274322.1,3,0,0,1,1,0,0,0
ENSG00000274324.1,0,0,0,0,0,0,0,0
ENSG00000274332.3,0,0,33,0,55,0,0,0
ENSG00000274334.1,652,168,171,0,194,0,147,165
ENSG00000274336.2,290,286,222,750,702,51,0,236
ENSG00000274338.2,5,3,23,0,8,0,10,0
ENSG00000274348.2,0,0,0,0,0,0,0,0
ENSG00000274349.6,26,50,42,200,532,41,383,80
ENSG00000274352.4,0,0,29,66,0,0,0,0
ENSG00000274359.1,1574,3799,1026,1461,3765,123,0,160
ENSG00000274382.2,0,0,0,0,0,0,0,0
ENSG00000274384.4,0,0,0,0,0,0,0,0
ENSG00000274386.6,2,0,3,0,4,0,3,1
ENSG00000274391.5,2,0,0,0,0,1,11,0
ENSG00000274404.3,0,2,0,0,0,0,0,0
ENSG00000274405.4,0,0,0,0,0,0,0,0
ENSG00000274406.1,0,0,0,0,0,0,0,0
ENSG00000274412.5,0,0,0,0,0,0,0,0
ENSG00000274419.8,0,0,166,0,0,0,0,0
ENSG00000274429.2,76,41,39,630,371,51,267,159
ENSG00000274437.4,0,0,0,0,0,0,9,0
ENSG00000274442.2,0,0,0,0,0,588,2931,1026
ENSG00000274443.5,0,2,0,1,1,0,1,0
ENSG00000274465.5,0,0,0,0,1,0,0,0
ENSG00000274473.2,0,0,0,0,0,0,0,0
ENSG00000274474.3,0,0,0,0,0,635,2787,2219
ENSG00000274480.1,0,0,0,0,0,0,0,0
ENSG00000274488.4,0,0,0,0,0,0,0,0
ENSG00000274495.1,0,0,0,0,0,0,0,0
ENSG00000274497.2,21,481,19,278,219,2,34,0
ENSG00000274512.7,251,209,31,157,294,9,173,135
ENSG00000274513.4,0,0,0,0,0,8,0,0
ENSG00000274523.6,642,521,300,1159,2173,262,849,1165
ENSG00000274529.6,0,0,0,0,0,0,2,4
ENSG00000274533.1,0,0,0,0,0,1,0,0
ENSG00000274538.2,0,0,0,0,0,0,4,8
ENSG00000274542.1,0,0,0,0,0,0,0,10
ENSG00000274556.1,0,0,0,0,0,0,0,0
ENSG00000274563.1,0,0,0,0,0,0,0,0
ENSG00000274570.6,0,4,0,1,0,0,0,0
ENSG00000274571.4,0,0,0,0,0,0,0,0
ENSG00000274576.2,5,15,0,1,0,0,0,0
ENSG00000274577.2,0,0,0,0,0,0,0,0
ENSG00000274580.4,0,0,0,12,13,0,3,1
ENSG00000274587.5,0,0,151,0,0,0,0,2
ENSG00000274588.3,0,2,1,0,2,0,0,0
ENSG00000274600.2,4,0,1,0,16,4,0,0
ENSG00000274610.1,0,0,0,0,0,0,0,0
ENSG00000274611.5,13,4,2,50,53,3,106,30
ENSG00000274616.4,0,0,0,0,0,0,0,0
ENSG00000274618.2,0,0,0,0,2,0,0,0
ENSG00000274619.2,0,0,0,0,31,467,1408,1892
ENSG00000274626.3,6307,9421,4947,2509,8520,0,0,0
ENSG00000274636.2,592,98,317,302,357,49,195,121
ENSG00000274639.1,0,0,0,0,0,0,0,0
ENSG00000274641.2,0,0,6,0,0,0,0,0
ENSG00000274646.4,0,0,3,0,0,0,0,0
ENSG00000274665.3,0,0,0,0,0,0,0,0
ENSG00000274669.5,0,0,0,4,0,0,0,1
ENSG00000274671.4,4,15,6,44,19,0,13,4
ENSG00000274675.4,45,9,0,207,227,0,50,0
ENSG00000274679.4,10,0,0,0,0,0,0,0
ENSG00000274684.4,0,0,21,3,0,3,21,71
ENSG00000274692.1,0,0,0,0,0,0,0,0
ENSG00000274696.2,0,0,0,0,0,0,0,0
ENSG00000274699.4,0,0,0,0,0,0,0,0
ENSG00000274700.1,0,0,0,0,0,11,0,0
ENSG00000274707.5,0,0,0,0,0,0,0,0
ENSG00000274714.1,0,0,0,0,0,0,0,0
ENSG00000274722.4,0,0,0,0,0,0,0,0
ENSG00000274724.1,0,0,0,0,0,0,0,0
ENSG00000274726.4,0,0,0,0,177,0,0,0
ENSG00000274729.1,0,0,0,0,0,0,0,0
ENSG00000274736.5,0,2,8,0,0,0,0,0
ENSG00000274746.4,59,81,36,0,85,0,28,0
ENSG00000274749.1,0,0,0,0,0,0,0,0
ENSG00000274750.4,24,40,15,279,388,24,235,331
ENSG00000274752.1,0,0,0,0,0,0,1,1
ENSG00000274763.1,0,0,0,0,0,0,0,0
ENSG00000274764.6,0,0,0,0,0,0,0,0
ENSG00000274768.2,185,168,83,317,466,134,316,498
ENSG00000274779.4,1234,162,106,2893,4014,913,1740,1757
ENSG00000274780.2,188,213,94,482,791,155,532,74
ENSG00000274782.1,0,0,0,0,0,0,0,0
ENSG00000274786.1,0,0,0,0,0,0,0,0
ENSG00000274792.1,0,0,0,0,0,0,0,0
ENSG00000274796.4,0,13,0,3,0,8,0,6
ENSG00000274803.4,0,0,0,0,0,0,511,34
ENSG00000274807.4,0,0,0,0,0,0,0,0
ENSG00000274808.6,2,0,1,2,8,0,6,2
ENSG00000274810.4,69,22,78,358,246,12,347,53
ENSG00000274811.3,0,0,0,0,0,0,0,0
ENSG00000274821.5,0,0,0,0,0,0,0,0
ENSG00000274829.4,0,0,0,0,0,0,0,0
ENSG00000274830.5,0,0,0,0,0,0,0,0
ENSG00000274839.5,0,0,0,0,0,0,0,0
ENSG00000274843.3,6,86,37,0,34,0,0,11
ENSG00000274847.1,127,252,359,228,157,25,75,93
ENSG00000274853.2,107,0,32,102,8,10,68,166
ENSG00000274854.2,9,27,0,0,11,1,9,0
ENSG00000274870.1,0,0,0,0,0,0,0,0
ENSG00000274891.3,89,100,62,412,475,35,85,85
ENSG00000274914.4,0,0,158,72,0,2,0,0
ENSG00000274921.2,0,0,0,0,0,0,0,0
ENSG00000274926.1,0,0,0,0,0,0,0,0
ENSG00000274933.6,0,0,6,0,6,0,0,13
ENSG00000274935.5,0,0,0,0,0,0,0,0
ENSG00000274939.2,0,0,0,0,4,0,0,0
ENSG00000274944.4,25,1,0,7,10,7,34,17
ENSG00000274945.4,0,0,0,0,0,0,0,0
ENSG00000274948.5,0,0,0,0,0,0,0,0
ENSG00000274950.4,513,0,0,255,43,86,0,0
ENSG00000274952.5,0,0,0,0,0,0,0,0
ENSG00000274955.4,0,0,0,0,0,0,0,0
ENSG00000274958.4,0,19,19,20,37,0,0,0
ENSG00000274965.4,0,0,0,0,0,0,0,0
ENSG00000274971.1,0,0,0,0,0,0,0,0
ENSG00000274972.3,0,0,0,0,0,0,0,0
ENSG00000274997.2,0,0,0,0,0,0,0,0
ENSG00000275003.3,0,1,1,16,51,159,1029,963
ENSG00000275004.4,2,3,7,34,19,1,20,7
ENSG00000275008.1,0,0,0,0,0,0,0,0
ENSG00000275009.2,0,0,1,0,0,0,0,0
ENSG00000275013.4,0,2,0,0,0,0,0,0
ENSG00000275018.6,0,0,0,0,31,0,5,0
ENSG00000275019.5,31,6,64,107,41,18,0,9
ENSG00000275023.6,17,0,5,81,33,46,371,33
ENSG00000275031.2,178,38,53,281,754,143,271,846
ENSG00000275034.3,0,0,0,0,0,0,0,0
ENSG00000275035.2,334,77,84,201,0,0,0,249
ENSG00000275037.5,0,0,0,0,0,0,0,0
ENSG00000275045.4,18,6,0,9,14,0,34,0
ENSG00000275047.1,0,0,0,0,0,0,0,0
ENSG00000275049.1,5,6,3,22,25,1,4,5
ENSG00000275050.4,0,0,2,0,4,0,0,0
ENSG00000275051.2,1,1,0,0,0,0,0,0
ENSG00000275052.6,734,868,311,1306,1323,69,777,316
ENSG00000275062.1,0,0,0,0,0,0,0,0
ENSG00000275063.1,0,14,0,2,0,0,0,0
ENSG00000275066.6,301,84,182,1054,981,99,635,356
ENSG00000275074.3,119,42,96,79,103,23,33,26
ENSG00000275079.3,833,199,455,445,553,0,279,39
ENSG00000275080.5,0,0,0,0,0,0,0,0
ENSG00000275082.4,0,0,0,0,0,0,0,0
ENSG00000275083.4,0,0,0,0,0,0,0,0
ENSG00000275095.2,1,17,0,0,2,0,0,0
ENSG00000275099.2,0,0,0,0,0,120,758,507
ENSG00000275102.2,0,0,0,0,0,0,0,0
ENSG00000275111.6,45,46,44,118,160,10,57,65
ENSG00000275113.1,0,0,0,0,0,0,0,0
ENSG00000275118.4,112,190,97,0,40,0,0,59
ENSG00000275122.4,0,0,0,0,0,0,0,0
ENSG00000275125.4,0,0,0,0,0,0,100,128
ENSG00000275126.2,0,0,0,0,0,0,0,0
ENSG00000275136.4,0,0,0,0,0,2,0,0
ENSG00000275145.3,0,0,0,31,0,80,519,166
ENSG00000275152.6,6,0,7,4,2,0,0,0
ENSG00000275153.4,0,0,204,0,0,0,0,0
ENSG00000275156.4,2,0,0,0,0,0,0,0
ENSG00000275158.1,0,0,0,0,0,0,0,0
ENSG00000275163.1,0,0,0,0,0,5,0,0
ENSG00000275172.1,0,0,0,0,0,0,0,0
ENSG00000275176.4,26,14,5,69,254,52,185,44
ENSG00000275181.2,0,1,0,0,0,0,0,6
ENSG00000275183.2,16,0,0,0,8,13,0,0
ENSG00000275190.3,0,25,0,0,0,0,0,0
ENSG00000275196.1,0,0,0,0,0,0,0,0
ENSG00000275199.4,0,0,0,78,0,0,87,0
ENSG00000275211.4,1,44,0,0,0,0,0,0
ENSG00000275214.4,290,409,212,22,107,0,379,270
ENSG00000275221.3,26,6,12,67,154,5,120,60
ENSG00000275237.4,0,0,0,0,0,0,0,0
ENSG00000275243.1,0,0,0,0,0,0,0,0
ENSG00000275244.1,0,0,0,0,0,0,0,0
ENSG00000275246.2,0,0,0,0,0,13,0,20
ENSG00000275253.1,0,0,0,0,0,0,0,0
ENSG00000275262.4,0,1,0,0,0,0,0,0
ENSG00000275272.4,26,35,9,33,53,0,0,0
ENSG00000275276.1,0,0,0,0,0,0,0,0
ENSG00000275288.6,0,0,0,0,0,0,0,0
ENSG00000275290.4,22,0,17,0,0,0,0,0
ENSG00000275300.4,0,0,0,0,0,0,0,0
ENSG00000275302.2,7,56,6,28,42,2,31,6
ENSG00000275306.1,0,0,0,0,0,0,0,0
ENSG00000275317.4,0,0,0,0,0,0,0,0
ENSG00000275326.4,381,7,481,135,214,7,130,60
ENSG00000275330.4,0,0,0,0,0,0,0,0
ENSG00000275331.5,1,19,1,11,13,3,2,3
ENSG00000275333.4,0,0,0,0,316,0,0,0
ENSG00000275338.4,24,0,0,487,772,109,228,425
ENSG00000275342.7,0,0,0,13,260,0,0,0
ENSG00000275349.4,0,0,0,0,246,19,208,113
ENSG00000275351.1,0,1,0,0,0,0,0,0
ENSG00000275353.1,0,0,0,0,0,0,0,0
ENSG00000275365.3,0,0,0,0,0,0,0,52
ENSG00000275368.2,0,0,0,0,0,0,0,0
ENSG00000275379.2,0,0,0,0,0,0,0,0
ENSG00000275385.2,0,0,0,0,0,0,0,2
ENSG00000275395.7,28,27,54,120,53,51,17,19
ENSG00000275397.2,0,0,0,0,0,61,168,160
ENSG00000275410.7,0,16,0,0,0,0,0,0
ENSG00000275416.4,0,0,0,0,0,0,0,0
ENSG00000275428.2,12,32,68,29,16,0,23,6
ENSG00000275430.3,3,3,3,0,18,0,38,0
ENSG00000275433.1,0,0,0,0,0,0,0,0
ENSG00000275434.5,0,0,0,0,0,0,0,0
ENSG00000275436.5,0,0,0,0,0,0,0,0
ENSG00000275444.2,0,0,0,0,0,0,0,0
ENSG00000275452.2,0,0,0,0,0,0,0,0
ENSG00000275456.1,0,0,0,0,0,0,0,0
ENSG00000275463.4,0,0,0,49,26,0,0,5
ENSG00000275482.4,8,24,62,22,97,0,39,13
ENSG00000275489.2,0,0,1,0,0,0,0,0
ENSG00000275498.5,206,144,0,524,1850,231,192,351
ENSG00000275500.1,0,0,0,0,0,0,0,0
ENSG00000275511.4,0,1,0,0,0,0,0,0
ENSG00000275517.5,0,0,0,0,0,0,0,0
ENSG00000275520.2,0,0,0,0,0,0,0,0
ENSG00000275522.5,0,0,0,0,0,0,0,0
ENSG00000275528.2,0,3,0,0,0,0,0,0
ENSG00000275539.5,0,0,4,0,0,0,0,0
ENSG00000275543.4,0,24,0,102,130,32,99,0
ENSG00000275544.4,0,3,4,127,39,7,46,31
ENSG00000275545.5,0,0,0,0,0,0,0,0
ENSG00000275546.5,0,0,0,0,0,0,0,0
ENSG00000275555.2,75,268,71,113,191,0,0,73
ENSG00000275564.4,1,0,28,2,1,0,0,0
ENSG00000275565.4,0,0,213,92,97,0,0,0
ENSG00000275566.4,0,0,0,0,0,0,0,0
ENSG00000275568.4,0,0,0,0,0,0,0,0
ENSG00000275571.2,0,0,0,0,0,0,2,0
ENSG00000275572.2,0,0,0,0,0,0,0,0
ENSG00000275575.4,366,176,141,2137,1917,545,2355,1895
ENSG00000275581.4,3,0,0,0,0,3,0,19
ENSG00000275583.5,0,0,0,0,0,0,0,0
ENSG00000275584.5,0,0,0,0,0,0,0,0
ENSG00000275591.6,1,0,0,1,1,0,0,0
ENSG00000275594.4,10,0,8,22,8,0,7,1
ENSG00000275596.1,0,0,0,0,0,0,0,0
ENSG00000275599.1,0,0,0,0,0,0,0,0
ENSG00000275600.2,0,0,0,0,0,22,0,0
ENSG00000275608.5,0,0,0,0,0,0,0,0
ENSG00000275618.2,14,13,0,26,0,70,451,201
ENSG00000275619.2,0,0,0,19,58,49,230,192
ENSG00000275621.3,0,0,173,0,87,5,0,0
ENSG00000275623.5,0,0,0,0,0,0,0,0
ENSG00000275624.4,0,0,0,0,0,0,0,0
ENSG00000275626.4,0,0,0,0,0,0,0,0
ENSG00000275629.4,0,0,0,0,0,0,0,0
ENSG00000275650.4,0,15,0,0,8,0,26,12
ENSG00000275659.5,0,0,0,1,0,0,0,0
ENSG00000275663.2,0,0,0,0,0,0,0,0
ENSG00000275674.1,1,0,0,4,4,0,0,0
ENSG00000275688.4,0,7,0,1,0,0,24,1
ENSG00000275699.4,0,0,0,0,0,0,0,0
ENSG00000275700.7,570,255,253,1049,693,0,16,0
ENSG00000275713.3,2,2,5,0,1,0,0,1
ENSG00000275714.3,1,2,4,2,5,0,0,0
ENSG00000275717.5,0,0,0,0,0,1,0,0
ENSG00000275718.2,2,11,0,0,0,0,0,0
ENSG00000275722.5,0,0,0,0,0,0,0,0
ENSG00000275723.4,0,0,0,0,0,0,0,0
ENSG00000275730.4,0,9,48,68,49,1,0,5
ENSG00000275731.1,0,0,0,0,0,0,0,0
ENSG00000275732.4,0,0,0,0,0,0,0,0
ENSG00000275735.1,0,0,0,0,0,0,0,0
ENSG00000275736.4,26,12,83,40,0,0,5,0
ENSG00000275737.1,0,0,0,0,0,0,0,0
ENSG00000275740.1,0,0,0,10,6,0,0,0
ENSG00000275743.1,0,1,0,0,0,0,0,0
ENSG00000275744.4,0,0,0,0,0,0,0,0
ENSG00000275746.1,585,448,255,0,2068,209,0,424
ENSG00000275748.4,8,0,31,0,79,0,25,12
ENSG00000275750.1,0,0,0,0,0,0,0,0
ENSG00000275754.2,0,0,0,0,0,0,0,0
ENSG00000275758.2,0,0,0,0,32,0,48,0
ENSG00000275774.3,0,0,0,0,0,0,0,0
ENSG00000275778.4,0,0,0,0,0,0,0,0
ENSG00000275779.4,337,220,201,422,305,0,0,0
ENSG00000275786.5,0,0,0,0,0,0,0,0
ENSG00000275791.1,0,0,0,0,0,0,0,0
ENSG00000275793.1,0,0,0,11,0,0,3,0
ENSG00000275798.4,0,0,0,0,0,0,0,0
ENSG00000275819.4,0,0,0,0,1,0,0,0
ENSG00000275821.2,0,0,0,0,0,0,0,0
ENSG00000275822.4,0,0,1,0,0,0,0,0
ENSG00000275824.4,0,11,6,4,7,1,19,0
ENSG00000275832.5,651,121,203,1769,1261,304,684,678
ENSG00000275835.6,33,93,100,345,455,44,261,160
ENSG00000275837.3,323,97,68,652,591,65,170,39
ENSG00000275838.5,0,1,0,0,0,0,0,0
ENSG00000275841.5,0,5,6,5,0,2,0,13
ENSG00000275848.1,0,0,0,0,0,0,0,0
ENSG00000275851.4,2229,1455,2519,4761,4437,290,1974,1301
ENSG00000275861.4,0,0,0,0,0,0,0,0
ENSG00000275865.2,0,0,0,0,0,0,0,0
ENSG00000275867.3,3,0,161,3,459,34,0,2
ENSG00000275869.1,0,2,0,0,0,0,0,0
ENSG00000275873.2,0,6,0,1,7,0,9,0
ENSG00000275885.4,0,0,0,0,0,0,0,112
ENSG00000275896.7,0,0,0,6,0,0,0,0
ENSG00000275903.2,153,205,268,178,532,356,1168,1401
ENSG00000275911.3,0,0,0,47,0,26,0,66
ENSG00000275917.4,4,0,0,54,13,5,9,0
ENSG00000275918.4,2,1,0,2,0,0,0,0
ENSG00000275921.5,0,0,0,0,0,0,0,0
ENSG00000275932.2,142,104,0,146,528,75,277,249
ENSG00000275937.1,0,0,0,0,0,0,0,0
ENSG00000275946.5,0,0,0,0,0,0,0,0
ENSG00000275947.2,3,0,0,8,26,11,39,52
ENSG00000275949.5,0,2,32,4,60,10,10,0
ENSG00000275954.6,0,0,0,0,0,0,0,0
ENSG00000275960.5,0,0,0,0,0,0,0,0
ENSG00000275962.4,0,0,0,0,0,0,0,0
ENSG00000275969.3,0,0,0,0,0,0,0,0
ENSG00000275974.2,0,0,2,0,0,0,0,0
ENSG00000275990.3,20,3,91,43,52,1,27,0
ENSG00000276004.4,0,0,0,0,0,0,0,0
ENSG00000276011.1,0,0,0,0,1,0,0,0
ENSG00000276016.4,1044,685,571,3709,5139,666,1724,2229
ENSG00000276017.1,3,1,0,6,5,0,3,1
ENSG00000276021.4,49,7,42,255,262,4,28,142
ENSG00000276023.6,144,117,54,248,22,0,21,8
ENSG00000276033.4,2,2,0,0,1,0,0,2
ENSG00000276040.5,0,0,0,0,0,0,0,0
ENSG00000276042.4,0,0,1,0,11,0,0,0
ENSG00000276043.6,32,5,30,25,30,0,4,8
ENSG00000276044.4,0,0,0,0,0,0,0,0
ENSG00000276045.5,118,53,49,40,138,42,67,101
ENSG00000276051.4,0,0,0,0,0,0,0,0
ENSG00000276053.4,14,21,205,64,38,3,0,2
ENSG00000276061.4,23,0,4,7,32,140,18,822
ENSG00000276068.4,7,0,5,72,4,6,83,0
ENSG00000276070.5,6,4,8,5,10,0,8,1
ENSG00000276072.2,43,41,85,0,15,134,293,276
ENSG00000276085.1,0,0,9,2,2,1,0,0
ENSG00000276086.1,0,0,0,0,0,0,0,0
ENSG00000276087.2,0,0,0,0,0,0,0,3
ENSG00000276111.3,54,0,130,232,219,30,3,12
ENSG00000276114.2,6,0,0,1,1,0,0,0
ENSG00000276119.1,0,0,0,0,0,0,0,0
ENSG00000276125.4,0,0,0,0,0,0,0,0
ENSG00000276126.3,0,0,0,0,0,0,0,0
ENSG00000276130.4,10,17,16,25,137,35,51,28
ENSG00000276139.4,0,0,0,1,0,0,0,0
ENSG00000276146.4,0,11,0,50,43,0,0,0
ENSG00000276155.4,21,4,32,25,225,25,19,88
ENSG00000276163.4,0,0,0,0,14,0,25,0
ENSG00000276173.2,99,108,8,60,76,0,17,0
ENSG00000276175.4,0,0,0,38,9,0,0,0
ENSG00000276180.3,9,2,5,4,3,0,1,2
ENSG00000276184.4,13,106,26,18,71,0,52,22
ENSG00000276187.4,0,0,5,148,0,0,0,0
ENSG00000276191.4,0,0,0,0,1,0,2,0
ENSG00000276192.2,0,0,2,0,0,0,0,0
ENSG00000276194.4,0,17,0,0,0,0,0,0
ENSG00000276196.1,0,0,0,0,0,0,0,0
ENSG00000276209.4,0,0,0,0,0,0,0,0
ENSG00000276218.5,0,0,0,0,0,0,0,0
ENSG00000276219.4,0,0,9,0,0,0,0,0
ENSG00000276230.4,0,0,0,0,0,0,0,0
ENSG00000276231.6,19,101,23,47,156,8,47,37
ENSG00000276234.6,113,162,147,315,422,47,232,139
ENSG00000276240.4,0,0,0,0,0,0,0,0
ENSG00000276253.1,0,0,0,0,0,0,0,0
ENSG00000276256.1,76,315,85,873,276,28,230,154
ENSG00000276260.1,0,0,0,0,0,0,0,0
ENSG00000276262.2,0,0,0,0,0,0,0,0
ENSG00000276276.4,36,73,19,28,19,10,25,15
ENSG00000276286.4,0,0,0,0,0,0,0,0
ENSG00000276293.6,1299,772,735,3330,2959,196,1163,1107
ENSG00000276299.5,0,0,0,0,0,0,0,0
ENSG00000276302.1,0,0,0,0,1,0,1,0
ENSG00000276310.1,0,0,0,0,0,0,0,0
ENSG00000276327.1,0,0,0,0,0,0,0,0
ENSG00000276329.5,0,0,0,0,0,0,0,0
ENSG00000276333.2,0,0,0,0,0,0,0,0
ENSG00000276336.4,0,0,0,0,312,0,366,0
ENSG00000276340.4,115,43,0,309,273,38,107,70
ENSG00000276342.4,0,0,0,0,1,0,0,0
ENSG00000276345.1,0,509,0,0,337,90,113,258
ENSG00000276349.4,0,0,0,0,0,0,115,0
ENSG00000276355.4,0,0,0,0,0,0,0,0
ENSG00000276358.2,0,0,0,0,399,0,314,341
ENSG00000276368.2,0,0,0,0,1,0,0,0
ENSG00000276370.2,0,0,0,0,0,0,0,0
ENSG00000276371.2,0,0,0,0,23,19,103,13
ENSG00000276379.1,0,0,0,0,0,0,0,0
ENSG00000276380.2,0,0,0,0,0,0,0,0
ENSG00000276387.4,0,0,0,0,0,0,0,0
ENSG00000276395.1,0,0,0,4,0,0,0,0
ENSG00000276405.1,0,0,0,0,0,0,0,0
ENSG00000276409.6,296,129,360,163,266,27,143,69
ENSG00000276410.5,0,2,0,2,1,0,0,5
ENSG00000276418.5,0,0,0,2,0,0,0,1
ENSG00000276423.6,0,0,0,0,0,0,0,0
ENSG00000276424.4,0,1,0,0,0,0,0,0
ENSG00000276425.1,0,0,0,0,0,0,0,0
ENSG00000276429.3,0,0,0,0,0,0,0,0
ENSG00000276432.4,0,0,0,0,0,0,0,0
ENSG00000276433.1,0,0,0,0,0,0,0,0
ENSG00000276438.3,0,45,0,0,0,0,0,0
ENSG00000276451.2,0,0,0,0,0,0,0,0
ENSG00000276452.4,0,0,0,9,20,0,0,0
ENSG00000276458.4,0,0,1,0,0,23,83,0
ENSG00000276459.5,0,0,0,0,0,0,0,0
ENSG00000276463.4,10,3,27,56,42,129,427,394
ENSG00000276464.4,73,204,66,114,276,0,0,0
ENSG00000276465.1,0,0,0,0,0,0,0,0
ENSG00000276468.5,0,3,0,0,0,0,0,0
ENSG00000276469.1,0,1,1,1,0,0,5,0
ENSG00000276480.5,0,0,0,868,1837,0,0,0
ENSG00000276482.3,257,39,92,1372,2539,340,632,1924
ENSG00000276490.1,0,0,0,0,0,0,0,0
ENSG00000276491.2,5,0,3,17,0,0,0,0
ENSG00000276495.4,0,7,0,1,0,0,0,0
ENSG00000276497.3,51,0,71,65,66,0,0,28
ENSG00000276504.4,0,0,0,0,0,0,0,0
ENSG00000276518.1,0,0,0,0,0,0,0,0
ENSG00000276534.6,0,13,0,0,0,0,0,0
ENSG00000276536.4,68,20,70,53,197,0,2,0
ENSG00000276537.4,20,0,0,32,0,0,1,5
ENSG00000276539.4,0,0,0,0,0,0,0,0
ENSG00000276541.2,0,0,0,0,0,0,0,0
ENSG00000276547.2,36,12,11,346,166,27,107,47
ENSG00000276557.1,0,1,0,0,0,0,0,0
ENSG00000276559.2,0,6,0,0,0,0,0,0
ENSG00000276561.4,34,139,68,12,169,0,128,86
ENSG00000276565.1,17,15,3,12,24,1,24,9
ENSG00000276566.1,0,0,0,4,0,0,2,0
ENSG00000276572.1,0,0,0,0,0,0,0,0
ENSG00000276581.3,0,0,0,0,0,0,0,0
ENSG00000276582.1,0,0,0,0,0,0,0,0
ENSG00000276583.4,0,0,144,72,116,0,79,22
ENSG00000276590.5,0,0,0,0,0,0,0,0
ENSG00000276597.1,0,0,0,0,0,0,0,0
ENSG00000276600.6,34,99,27,43,159,5,31,24
ENSG00000276604.1,0,0,0,0,0,0,0,0
ENSG00000276613.4,0,0,0,0,0,0,0,0
ENSG00000276615.2,0,13,0,0,0,0,0,0
ENSG00000276618.4,6,14,0,651,809,17,482,282
ENSG00000276625.4,0,0,0,0,0,0,0,0
ENSG00000276634.1,0,0,0,0,0,0,0,0
ENSG00000276644.5,92,314,28,106,214,11,108,15
ENSG00000276657.2,0,0,19,0,90,0,25,68
ENSG00000276676.5,0,0,0,0,0,0,0,0
ENSG00000276681.4,326,199,1024,185,425,8,182,221
ENSG00000276684.4,0,0,0,0,37,0,0,0
ENSG00000276686.1,0,0,0,0,0,0,0,0
ENSG00000276699.1,0,0,0,0,0,0,0,0
ENSG00000276701.2,6,4,6,2,10,204,757,961
ENSG00000276709.4,5,2,13,8,5,12,44,27
ENSG00000276725.4,293,390,126,656,747,53,569,87
ENSG00000276726.4,0,0,0,0,0,201,759,594
ENSG00000276731.1,0,0,0,0,0,0,0,0
ENSG00000276734.4,0,0,0,0,0,0,0,8
ENSG00000276739.4,0,0,0,0,0,0,0,0
ENSG00000276747.1,0,0,0,0,0,0,0,0
ENSG00000276760.4,0,0,0,0,0,0,0,0
ENSG00000276761.2,0,0,0,0,45,0,247,86
ENSG00000276774.1,97,145,0,143,76,0,0,0
ENSG00000276775.1,1,4,0,5,0,0,5,0
ENSG00000276776.4,140,481,262,74,95,0,36,0
ENSG00000276780.2,0,0,0,0,0,0,0,0
ENSG00000276781.3,0,0,0,0,0,0,0,0
ENSG00000276785.4,0,0,0,0,0,0,0,0
ENSG00000276787.1,100,44,34,618,573,50,315,122
ENSG00000276798.4,0,0,0,0,0,0,0,0
ENSG00000276799.2,0,0,0,0,0,0,0,0
ENSG00000276802.2,257,173,142,604,639,169,221,615
ENSG00000276819.1,0,0,0,0,0,0,4,0
ENSG00000276820.1,0,0,0,0,0,0,0,0
ENSG00000276821.1,0,0,0,0,0,0,0,0
ENSG00000276825.2,1,1,3,0,4,0,6,4
ENSG00000276833.2,0,0,0,37,553,537,1928,1329
ENSG00000276836.4,4,68,17,226,792,74,365,277
ENSG00000276838.4,0,0,0,0,0,0,0,0
ENSG00000276848.4,2,2,0,0,1,0,0,2
ENSG00000276849.6,11,158,59,34,81,10,44,36
ENSG00000276856.3,76,17,39,18,16,0,37,5
ENSG00000276870.2,0,0,0,0,0,0,0,0
ENSG00000276875.1,0,0,0,0,0,0,0,0
ENSG00000276876.4,0,6,4,0,0,3,0,8
ENSG00000276879.2,22,30,39,5,29,47,180,306
ENSG00000276880.3,0,0,0,0,0,0,53,95
ENSG00000276882.4,0,1,0,0,0,0,0,0
ENSG00000276885.1,0,0,0,0,0,0,0,0
ENSG00000276886.4,6,0,0,13,0,0,5,0
ENSG00000276887.4,0,0,6,0,31,0,0,9
ENSG00000276896.4,0,0,0,0,0,0,3,2
ENSG00000276903.2,0,0,0,0,1,0,0,0
ENSG00000276907.4,0,0,0,0,0,0,0,0
ENSG00000276910.4,408,202,169,331,194,13,125,57
ENSG00000276913.2,0,0,0,0,0,0,0,0
ENSG00000276914.2,173,339,64,335,655,0,0,122
ENSG00000276920.4,0,0,0,0,0,0,0,0
ENSG00000276930.1,0,0,0,0,0,0,0,0
ENSG00000276935.4,38,8,10,24,59,0,109,109
ENSG00000276950.6,0,0,0,0,0,0,0,0
ENSG00000276953.1,0,0,0,0,0,0,0,0
ENSG00000276959.1,0,0,70,0,0,0,0,0
ENSG00000276966.3,3,5,0,16,22,1,0,14
ENSG00000276971.2,0,0,0,0,0,0,0,0
ENSG00000276977.3,0,0,0,0,0,15,0,0
ENSG00000276979.5,0,0,0,0,0,0,0,0
ENSG00000276986.2,0,0,0,0,0,0,0,0
ENSG00000276996.2,0,0,0,0,4,0,0,0
ENSG00000277005.1,0,0,0,0,0,0,27,14
ENSG00000277015.4,23,0,0,9,9,0,1,1
ENSG00000277018.2,0,1,0,0,5,0,2,0
ENSG00000277033.2,6,10,0,3,0,0,0,8
ENSG00000277042.2,0,0,0,0,0,0,0,0
ENSG00000277044.3,9,2,13,5,0,0,0,7
ENSG00000277058.3,0,0,0,0,0,0,0,0
ENSG00000277060.4,0,0,0,3,0,0,0,0
ENSG00000277068.2,0,0,0,0,0,0,0,0
ENSG00000277069.2,0,0,0,0,0,0,0,0
ENSG00000277075.4,12,14,24,21,31,3,31,29
ENSG00000277076.4,0,5,0,0,0,0,0,0
ENSG00000277078.1,0,0,0,0,0,0,0,0
ENSG00000277086.3,0,0,0,0,0,0,0,0
ENSG00000277090.2,0,0,0,0,0,0,0,0
ENSG00000277092.4,0,0,0,0,0,0,0,0
ENSG00000277101.4,0,0,0,0,0,0,0,0
ENSG00000277104.4,120,94,0,0,0,0,0,0
ENSG00000277106.2,0,0,0,0,0,0,0,0
ENSG00000277111.3,0,0,7,30,330,52,0,0
ENSG00000277114.4,61,145,110,0,13,62,3,17
ENSG00000277131.4,0,2,1,2,2,0,2,0
ENSG00000277132.2,0,74,0,0,0,0,0,0
ENSG00000277134.5,0,0,0,0,0,0,0,0
ENSG00000277140.2,0,163,38,333,688,0,0,0
ENSG00000277149.6,44,36,22,78,60,5,67,55
ENSG00000277154.4,0,0,0,0,0,74,107,0
ENSG00000277157.2,3,0,3,0,1,0,0,1
ENSG00000277161.3,126,22,46,237,128,0,86,39
ENSG00000277163.2,0,0,0,0,0,0,0,0
ENSG00000277175.5,0,0,0,0,0,0,0,0
ENSG00000277177.4,0,3,209,71,11,0,18,2
ENSG00000277181.4,0,0,0,1,0,0,0,0
ENSG00000277196.4,38,161,168,32,489,218,281,326
ENSG00000277200.2,10,1,8,7,15,0,3,2
ENSG00000277221.2,54,137,12,55,19,0,55,30
ENSG00000277222.4,21,16,0,433,364,0,159,50
ENSG00000277224.3,0,2,1,3,3,0,0,0
ENSG00000277236.4,69,39,48,0,85,0,5,33
ENSG00000277251.5,0,0,0,0,0,0,0,0
ENSG00000277258.6,980,851,631,617,800,95,408,376
ENSG00000277263.1,0,0,0,0,0,164,0,238
ENSG00000277272.5,0,0,0,0,0,0,0,0
ENSG00000277273.5,0,0,0,107,26,8,149,104
ENSG00000277276.3,0,0,0,0,0,0,5,0
ENSG00000277278.4,0,0,0,0,0,0,6,3
ENSG00000277281.4,0,0,0,0,0,0,0,2
ENSG00000277282.1,0,0,0,0,0,0,0,0
ENSG00000277291.2,0,0,0,0,0,0,0,0
ENSG00000277292.2,25,12,59,25,9,35,222,0
ENSG00000277303.2,0,0,0,0,0,0,0,0
ENSG00000277317.5,1,0,0,0,4,0,0,0
ENSG00000277322.1,0,0,0,0,0,0,0,0
ENSG00000277335.4,0,0,0,0,0,0,0,0
ENSG00000277345.1,0,0,0,0,0,0,0,0
ENSG00000277354.1,0,0,0,0,0,0,0,0
ENSG00000277356.1,0,0,0,0,0,0,0,0
ENSG00000277361.2,0,0,1,0,0,0,0,0
ENSG00000277363.5,11,7,10,12,13,5,5,16
ENSG00000277377.4,0,330,0,0,4,0,0,0
ENSG00000277378.1,0,0,0,0,0,0,0,0
ENSG00000277390.1,2,0,0,1,4,0,0,2
ENSG00000277398.5,0,0,0,0,0,0,0,0
ENSG00000277399.6,1,0,0,0,2,0,0,1
ENSG00000277400.1,93,138,276,131,70,8,40,25
ENSG00000277401.4,616,1295,276,4452,3188,364,1584,969
ENSG00000277405.2,0,0,0,0,0,0,0,0
ENSG00000277414.4,0,0,0,0,0,13,28,0
ENSG00000277421.3,0,0,0,0,0,0,0,0
ENSG00000277424.4,0,0,0,0,0,132,241,211
ENSG00000277429.4,224,224,5,253,607,81,151,395
ENSG00000277442.4,0,0,0,0,0,0,0,0
ENSG00000277443.4,822,3404,686,887,2198,191,1278,344
ENSG00000277445.4,10,15,12,10,0,1,12,0
ENSG00000277454.2,14,8,6,8,31,0,0,7
ENSG00000277462.3,20,41,18,66,52,1,29,14
ENSG00000277475.1,1,0,1,0,1,1,1,0
ENSG00000277481.2,1,0,1,2,7,0,0,0
ENSG00000277484.5,0,0,0,0,0,0,0,0
ENSG00000277494.3,177,1122,282,477,949,269,409,624
ENSG00000277495.4,0,0,1,0,0,0,2,1
ENSG00000277518.4,0,0,2,0,0,0,4,23
ENSG00000277531.3,1,0,0,4,6,0,0,0
ENSG00000277535.4,0,0,0,0,0,0,0,0
ENSG00000277540.4,0,1,0,0,0,0,0,0
ENSG00000277552.1,0,0,0,0,0,0,0,0
ENSG00000277556.1,0,0,0,0,0,0,0,0
ENSG00000277564.4,574,7,8,0,669,6,0,0
ENSG00000277571.2,0,0,0,0,0,0,0,0
ENSG00000277574.2,0,11,0,17,0,0,0,0
ENSG00000277585.5,1,0,0,0,0,0,0,0
ENSG00000277586.5,1,2,1,3,12,0,9,0
ENSG00000277594.2,194,90,20,394,74,17,152,120
ENSG00000277596.1,0,0,0,0,0,0,0,0
ENSG00000277600.4,16,25,29,4,21,1,0,85
ENSG00000277611.1,0,0,0,0,0,0,0,0
ENSG00000277614.1,0,0,0,0,0,0,0,0
ENSG00000277616.1,0,0,0,0,0,0,0,0
ENSG00000277620.1,0,0,0,0,0,0,0,0
ENSG00000277626.1,0,0,0,0,6,0,17,0
ENSG00000277630.4,0,0,0,0,0,0,0,0
ENSG00000277632.2,0,0,0,0,0,0,14,0
ENSG00000277639.4,348,177,29,11,34,5,11,15
ENSG00000277641.2,0,0,0,0,0,0,0,0
ENSG00000277649.2,0,0,0,0,0,75,301,249
ENSG00000277650.1,0,0,0,0,0,0,0,0
ENSG00000277656.3,231,493,0,1456,1086,89,0,0
ENSG00000277657.2,0,0,0,0,0,0,0,0
ENSG00000277709.1,0,0,0,0,0,0,0,0
ENSG00000277725.5,0,0,0,0,0,0,0,0
ENSG00000277730.2,0,0,0,0,0,0,0,0
ENSG00000277734.8,33,109,46,73,233,13,118,29
ENSG00000277750.1,0,0,0,0,0,0,0,0
ENSG00000277751.4,58,28,210,75,40,0,32,0
ENSG00000277753.3,6,7,0,35,21,0,0,11
ENSG00000277758.7,133,86,66,118,166,8,70,59
ENSG00000277768.3,10,2,37,2,2,1,13,0
ENSG00000277773.4,570,201,114,4,79,0,0,4
ENSG00000277775.2,0,0,1,0,0,0,0,0
ENSG00000277781.2,10,0,3,0,0,0,0,0
ENSG00000277786.4,0,0,0,0,0,0,0,0
ENSG00000277789.4,0,0,0,0,20,0,0,0
ENSG00000277791.6,1773,988,547,2058,1756,6,13,11
ENSG00000277800.3,0,0,0,0,0,0,0,0
ENSG00000277804.4,0,0,0,0,0,0,0,0
ENSG00000277807.5,0,0,0,14,11,8,20,0
ENSG00000277808.1,0,0,0,0,0,66,0,0
ENSG00000277816.5,33,0,0,0,0,0,0,0
ENSG00000277823.5,7,18,8,0,0,0,10,0
ENSG00000277833.4,0,0,0,0,0,0,0,0
ENSG00000277836.1,2,0,0,0,1,0,0,0
ENSG00000277848.4,0,0,0,0,0,0,0,0
ENSG00000277850.4,0,0,0,0,0,0,0,0
ENSG00000277853.2,0,0,0,0,0,0,0,0
ENSG00000277856.1,3,0,0,0,0,0,0,0
ENSG00000277858.2,4,0,12,0,0,0,0,0
ENSG00000277865.6,0,0,0,0,2,0,0,0
ENSG00000277868.4,0,1,0,13,33,5,9,0
ENSG00000277880.1,0,0,0,0,0,0,0,0
ENSG00000277885.1,0,0,0,0,0,0,0,0
ENSG00000277893.3,1,15,0,1,0,0,2,0
ENSG00000277897.3,182,0,48,0,0,0,32,19
ENSG00000277909.4,0,0,12,0,13,0,0,0
ENSG00000277926.4,0,0,0,0,0,0,0,3
ENSG00000277932.2,0,0,0,0,0,0,0,0
ENSG00000277936.4,163,112,94,833,1355,113,671,610
ENSG00000277943.4,0,0,0,0,0,0,0,0
ENSG00000277956.4,0,0,1,0,65,13,378,127
ENSG00000277957.1,4,0,0,42,0,45,301,173
ENSG00000277964.1,0,0,0,0,0,0,0,0
ENSG00000277971.1,0,0,0,0,0,0,0,0
ENSG00000277972.3,522,873,320,465,925,146,381,524
ENSG00000277974.5,0,0,0,0,0,0,0,0
ENSG00000277982.4,0,0,0,0,0,0,0,0
ENSG00000278006.2,2,0,0,35,0,1,0,0
ENSG00000278016.2,133,78,56,103,266,0,88,192
ENSG00000278021.4,0,0,0,0,0,0,0,0
ENSG00000278023.7,0,0,2,0,1,0,0,0
ENSG00000278025.4,0,0,0,0,0,0,0,0
ENSG00000278030.1,0,0,0,0,0,0,0,0
ENSG00000278032.2,0,0,58,0,101,108,501,559
ENSG00000278042.2,0,1,0,0,0,0,0,0
ENSG00000278053.6,82,128,163,163,465,27,204,28
ENSG00000278057.4,0,0,0,0,0,0,0,0
ENSG00000278062.2,0,35,21,1,8,0,41,62
ENSG00000278074.1,0,0,0,0,0,0,0,0
ENSG00000278079.6,0,0,0,0,0,0,0,0
ENSG00000278082.3,1,4,0,4,4,0,0,0
ENSG00000278085.5,0,0,0,2,0,0,0,0
ENSG00000278086.2,0,0,0,0,0,0,0,0
ENSG00000278087.4,107,14,0,2841,1091,103,0,537
ENSG00000278088.5,4,15,7,2,8,0,0,0
ENSG00000278091.4,21,0,0,0,3,0,12,0
ENSG00000278111.4,0,0,0,0,0,0,0,0
ENSG00000278116.1,0,0,0,0,0,0,0,0
ENSG00000278119.1,0,26,0,0,0,0,0,0
ENSG00000278120.1,0,0,0,0,0,0,0,0
ENSG00000278129.3,144,61,59,409,338,15,195,106
ENSG00000278139.1,0,0,0,0,0,0,0,0
ENSG00000278145.2,0,0,0,0,0,0,0,0
ENSG00000278152.3,0,0,0,0,0,0,0,0
ENSG00000278154.4,43,0,35,95,70,9,0,11
ENSG00000278165.3,0,0,0,0,428,60,0,799
ENSG00000278167.2,2,23,438,34,109,1,0,0
ENSG00000278173.4,0,0,0,1,0,0,0,0
ENSG00000278174.3,1,0,0,2,329,20,3,0
ENSG00000278178.2,0,0,0,0,0,0,0,0
ENSG00000278183.4,382,279,94,1423,630,108,297,184
ENSG00000278191.4,420,118,135,285,132,0,76,142
ENSG00000278194.2,0,0,0,0,0,0,0,0
ENSG00000278195.3,0,0,0,0,1,0,0,0
ENSG00000278196.3,1,26,0,33,8,1,5,0
ENSG00000278201.4,0,0,0,0,0,0,0,0
ENSG00000278207.1,0,0,0,0,0,0,0,0
ENSG00000278211.4,3,0,0,0,0,1,0,0
ENSG00000278216.3,0,0,0,0,0,0,0,0
ENSG00000278220.2,0,0,0,0,191,82,397,327
ENSG00000278224.8,58,19,32,124,176,0,35,32
ENSG00000278229.2,0,0,0,32,11,1290,4947,6535
ENSG00000278232.4,0,0,0,0,0,0,0,0
ENSG00000278243.2,12,0,43,3,3,83,172,349
ENSG00000278248.1,0,0,0,0,0,0,0,0
ENSG00000278253.1,0,0,0,0,0,0,0,0
ENSG00000278259.6,452,89,229,320,394,28,281,134
ENSG00000278263.2,0,0,0,0,0,0,0,0
ENSG00000278268.2,0,0,0,0,191,227,1402,1176
ENSG00000278270.4,139,66,280,88,37,1149,4256,5074
ENSG00000278271.1,0,0,0,0,0,0,0,0
ENSG00000278279.4,0,0,0,0,0,6,21,0
ENSG00000278289.5,0,0,0,0,0,0,0,0
ENSG00000278299.6,0,0,12,0,0,0,0,0
ENSG00000278300.5,0,0,0,0,0,0,0,0
ENSG00000278302.2,0,0,0,0,0,0,0,0
ENSG00000278303.4,5,0,0,0,0,0,0,0
ENSG00000278304.1,0,0,0,0,0,0,0,0
ENSG00000278306.1,0,0,0,0,0,0,0,0
ENSG00000278307.3,1,2,0,2,2,0,2,0
ENSG00000278308.2,298,68,128,90,69,0,0,22
ENSG00000278311.6,574,990,497,1477,1812,59,275,82
ENSG00000278312.1,0,0,3,20,0,0,16,9
ENSG00000278318.6,78,37,32,273,247,14,175,94
ENSG00000278322.4,0,0,0,0,0,42,0,0
ENSG00000278326.4,0,0,0,0,0,0,0,0
ENSG00000278327.5,0,0,0,0,0,0,0,0
ENSG00000278355.4,43,3,0,0,0,0,0,0
ENSG00000278362.4,0,7,0,1,6,0,0,0
ENSG00000278368.5,0,0,0,0,0,0,0,0
ENSG00000278369.1,0,0,0,0,0,0,0,0
ENSG00000278372.4,0,0,0,0,0,0,0,0
ENSG00000278373.4,0,0,0,4,1,0,0,0
ENSG00000278377.1,0,0,0,0,0,0,0,0
ENSG00000278384.1,22,13,10,251,66,3,138,35
ENSG00000278401.1,0,0,0,0,0,0,0,0
ENSG00000278414.5,0,0,0,0,0,0,0,0
ENSG00000278415.4,1,0,25,2,1,0,0,0
ENSG00000278427.5,0,0,0,0,0,0,3,0
ENSG00000278430.4,0,0,0,0,0,0,0,0
ENSG00000278437.4,4,0,66,57,56,0,0,0
ENSG00000278444.1,0,0,0,0,0,0,0,0
ENSG00000278458.4,149,0,70,483,23,5,395,0
ENSG00000278461.4,0,0,0,0,0,0,0,0
ENSG00000278463.2,0,0,0,0,0,0,0,0
ENSG00000278466.4,0,0,0,0,0,0,0,0
ENSG00000278468.3,5,20,1,1,0,0,1,4
ENSG00000278474.4,0,0,0,0,0,0,0,0
ENSG00000278481.1,0,0,0,0,0,0,0,0
ENSG00000278488.2,0,0,0,0,0,0,95,0
ENSG00000278490.1,0,0,0,0,0,0,0,0
ENSG00000278494.2,38,324,0,0,0,98,845,335
ENSG00000278495.4,0,0,0,0,0,0,0,0
ENSG00000278505.5,0,0,0,0,0,0,0,0
ENSG00000278516.1,8,24,0,67,158,0,138,98
ENSG00000278522.5,0,0,0,0,0,0,0,0
ENSG00000278535.6,82,113,105,228,476,16,63,164
ENSG00000278540.5,295,134,138,742,459,65,334,199
ENSG00000278545.4,0,0,0,0,0,0,0,0
ENSG00000278548.4,0,0,0,0,0,0,0,0
ENSG00000278550.4,0,0,0,0,0,0,5,0
ENSG00000278555.4,0,0,0,0,36,6,46,0
ENSG00000278558.6,9,0,5,0,9,0,4,21
ENSG00000278563.2,0,0,2,1,1,0,0,0
ENSG00000278565.4,0,0,0,0,0,0,0,0
ENSG00000278567.2,8,42,52,21,27,2,0,3
ENSG00000278570.5,0,0,0,1,1,0,0,2
ENSG00000278574.4,0,14,0,11,29,31,241,175
ENSG00000278588.2,0,0,0,0,0,0,0,0
ENSG00000278599.6,0,0,0,0,0,0,0,0
ENSG00000278605.4,0,182,0,1,78,35,0,151
ENSG00000278606.4,0,0,0,0,0,0,0,0
ENSG00000278608.1,0,0,0,2,0,7,2,6
ENSG00000278613.4,278,356,272,261,318,0,205,142
ENSG00000278615.5,599,500,286,325,525,109,223,168
ENSG00000278619.6,39,56,28,53,206,31,53,0
ENSG00000278620.3,0,0,0,0,0,0,0,0
ENSG00000278622.4,16,0,14,126,393,38,57,172
ENSG00000278624.2,0,0,0,0,0,0,0,0
ENSG00000278632.5,2,0,1,2,8,0,0,0
ENSG00000278633.1,5,2,8,4,0,0,3,0
ENSG00000278634.4,0,0,8,0,9,0,0,0
ENSG00000278637.3,3,0,0,4,4,0,0,0
ENSG00000278644.2,0,12,87,0,96,0,0,0
ENSG00000278646.1,0,0,0,0,0,0,0,0
ENSG00000278656.4,0,0,0,0,0,0,0,0
ENSG00000278661.1,0,0,0,0,0,0,0,0
ENSG00000278662.6,0,15,17,0,27,0,22,15
ENSG00000278677.2,0,1,2,2,3,1,1,0
ENSG00000278685.4,0,0,0,0,2,0,0,0
ENSG00000278689.1,0,0,0,0,0,0,0,0
ENSG00000278693.3,0,0,0,3451,942,845,2333,1128
ENSG00000278695.1,14,0,0,0,0,0,0,0
ENSG00000278699.4,0,0,0,0,0,0,0,0
ENSG00000278704.1,5,1,8,8,10,0,7,1
ENSG00000278705.4,2,2,2,2,0,0,0,4
ENSG00000278707.4,0,0,0,0,0,0,0,0
ENSG00000278710.4,0,0,0,0,0,0,0,0
ENSG00000278718.3,0,0,0,0,65,58,0,210
ENSG00000278723.1,0,0,0,0,0,0,0,0
ENSG00000278726.4,0,0,0,0,0,0,0,0
ENSG00000278728.2,7,10,2,0,21,0,56,8
ENSG00000278731.5,0,0,0,0,0,0,0,0
ENSG00000278738.5,0,0,0,0,0,0,0,0
ENSG00000278741.4,4,4,1,902,669,166,882,208
ENSG00000278742.3,0,0,134,0,115,13,0,0
ENSG00000278755.1,0,0,0,0,0,0,0,0
ENSG00000278759.2,697,606,478,196,572,72,147,314
ENSG00000278767.4,0,0,0,0,0,0,0,0
ENSG00000278776.1,0,0,0,0,0,0,0,0
ENSG00000278780.4,0,0,0,0,2,1,0,0
ENSG00000278787.4,0,0,0,0,10,56,163,187
ENSG00000278788.4,179,0,66,189,391,0,143,279
ENSG00000278803.3,0,0,0,0,0,0,0,0
ENSG00000278805.1,0,0,0,0,0,0,0,0
ENSG00000278809.4,0,0,0,0,0,0,0,0
ENSG00000278817.1,66,782,315,198,349,207,314,281
ENSG00000278821.4,0,0,0,0,0,0,0,0
ENSG00000278823.4,0,0,0,122,0,102,330,428
ENSG00000278828.2,9,10,82,9,12,0,8,2
ENSG00000278839.4,21,18,12,39,70,0,104,7
ENSG00000278843.4,0,0,0,0,7,0,76,30
ENSG00000278845.6,97,191,50,76,41,3,45,57
ENSG00000278848.3,0,0,0,0,0,0,0,0
ENSG00000278850.4,0,0,0,0,0,0,0,0
ENSG00000278856.5,0,0,0,0,0,0,0,0
ENSG00000278857.1,0,0,0,0,0,0,0,0
ENSG00000278870.2,0,0,0,0,0,0,0,0
ENSG00000278889.4,0,0,0,1,0,0,0,0
ENSG00000279000.4,0,0,0,0,0,0,0,0
ENSG00000279012.2,0,0,0,0,0,0,0,0
ENSG00000279051.5,0,0,0,0,0,0,0,0
ENSG00000279073.3,0,0,0,0,0,0,0,0
ENSG00000279111.2,0,0,0,0,0,0,0,0
ENSG00000279116.3,0,0,0,0,0,0,0,0
ENSG00000279169.3,0,0,0,0,0,0,0,0
ENSG00000279195.2,0,0,0,0,0,0,0,0
ENSG00000279247.3,137,134,51,285,236,23,187,137
ENSG00000279263.1,0,0,0,0,0,0,0,0
ENSG00000279270.2,0,0,0,0,0,0,0,0
ENSG00000279301.5,0,0,0,0,0,0,0,0
ENSG00000279389.3,0,0,0,0,0,0,16,0
ENSG00000279395.3,0,0,0,0,0,0,0,0
ENSG00000279408.3,0,0,0,0,0,0,0,0
ENSG00000279486.6,1,0,0,0,0,0,0,0
ENSG00000279514.2,0,0,0,0,0,0,0,0
ENSG00000279552.1,0,0,0,0,0,0,0,0
ENSG00000279566.1,51,91,59,0,81,0,0,11
ENSG00000279643.3,0,2,0,0,2,0,27,0
ENSG00000279686.1,10,16,0,17,6,0,8,5
ENSG00000279761.2,0,0,0,0,0,0,0,0
ENSG00000279804.3,0,0,0,0,0,0,0,0
ENSG00000279956.1,0,0,3,0,1,0,0,0
ENSG00000279961.2,0,0,0,0,0,0,0,0
ENSG00000279983.1,0,0,0,12,0,0,0,1
ENSG00000280021.3,0,0,0,0,0,0,0,0
ENSG00000280090.3,0,0,0,0,0,0,0,0
ENSG00000280094.3,0,0,0,0,0,0,0,0
ENSG00000280148.1,0,1,0,0,0,0,0,1
ENSG00000280165.2,25,16,4,322,105,9,67,17
ENSG00000280204.4,0,0,0,0,0,0,0,0
ENSG00000280236.3,0,0,0,0,0,0,0,0
ENSG00000280267.7,0,0,0,0,0,0,0,0
ENSG00000280314.4,0,0,0,0,0,0,0,0
ENSG00000280411.1,1,4,0,16,7,0,0,0
ENSG00000280479.2,110,39,0,223,403,32,171,0
ENSG00000280501.2,0,0,0,0,0,0,0,0
ENSG00000280514.1,0,0,0,0,0,0,0,0
ENSG00000280529.2,187,146,77,267,278,0,126,102
ENSG00000280537.2,12,0,7,11,4,0,0,2
ENSG00000280563.1,0,0,0,0,0,0,0,0
ENSG00000280571.2,33,0,0,123,249,116,628,391
ENSG00000280584.3,0,0,0,0,0,0,0,0
ENSG00000280616.4,14,0,0,0,0,73,165,289
ENSG00000280618.2,1,4,2,2,0,7,0,0
ENSG00000280635.1,0,0,0,0,0,0,0,0
ENSG00000280641.2,3,3,7,2,14,0,0,5
ENSG00000280663.4,0,2,0,14,0,18,0,61
ENSG00000280670.4,31,26,32,40,69,1,20,15
ENSG00000280682.3,0,36,0,0,0,0,0,0
ENSG00000280688.1,0,0,0,0,0,0,0,0
ENSG00000280709.2,0,0,0,0,0,0,0,0
ENSG00000280759.2,2,266,6,346,536,57,368,2
ENSG00000280774.2,0,0,0,0,0,0,0,0
ENSG00000280778.1,0,0,0,0,0,0,0,0
ENSG00000280789.2,239,169,160,282,483,67,192,238
ENSG00000280807.2,0,0,0,0,0,0,2,0
ENSG00000280808.2,0,0,0,0,0,0,0,0
ENSG00000280830.1,36,254,65,0,0,0,0,0
ENSG00000280893.1,237,168,135,104,283,10,219,145
ENSG00000280899.3,0,0,0,0,0,0,0,0
ENSG00000280905.5,1,49,0,0,0,0,0,0
ENSG00000280931.1,0,0,0,0,0,0,0,0
ENSG00000280938.1,74,10,19,12,97,1,215,15
ENSG00000280969.2,0,0,1,0,0,0,0,4
ENSG00000281013.5,715,646,482,1894,3133,69,260,416
ENSG00000281020.2,10,1,10,0,0,0,0,0
ENSG00000281038.1,0,0,0,0,0,0,0,0
ENSG00000281039.1,48,28,72,51,96,0,52,4
ENSG00000281078.1,0,0,0,0,0,0,0,0
ENSG00000281106.4,4,20,2,7,61,1,28,13
ENSG00000281107.1,0,0,0,0,0,0,0,0
ENSG00000281123.5,0,0,0,7,12,0,0,0
ENSG00000281139.1,0,0,0,0,0,0,0,0
ENSG00000281145.1,2,0,0,2,1,0,1,0
ENSG00000281151.2,27,0,0,0,0,0,0,33
ENSG00000281166.2,0,0,0,0,0,0,0,0
ENSG00000281178.4,0,0,0,0,0,0,0,0
ENSG00000281179.1,0,0,0,0,0,0,0,0
ENSG00000281185.1,0,0,0,0,0,0,0,0
ENSG00000281191.2,0,0,0,0,0,0,0,0
ENSG00000281216.1,0,0,0,0,0,0,0,0
ENSG00000281244.2,0,0,0,0,0,0,0,0
ENSG00000281289.2,480,403,518,194,337,18,0,109
ENSG00000281310.2,0,0,0,0,0,0,0,0
ENSG00000281348.1,46,16,35,18,15,4,2,0
ENSG00000281385.2,0,3,0,258,174,90,223,0
ENSG00000281395.1,0,0,0,0,0,0,0,0
ENSG00000281406.3,1,0,2,0,2,0,0,0
ENSG00000281429.1,0,0,0,0,0,0,0,0
ENSG00000281484.2,0,0,0,0,0,6,20,10
ENSG00000281486.1,5,0,0,0,0,0,4,3
ENSG00000281500.5,127,159,65,258,304,22,139,89
ENSG00000281518.9,11,9,8,21,98,21,48,30
ENSG00000281536.1,0,0,0,0,0,0,0,0
ENSG00000281573.1,0,0,0,0,0,0,0,0
ENSG00000281593.1,0,0,4,33,0,0,0,0
ENSG00000281601.5,3,110,6,6,0,15,0,152
ENSG00000281613.2,0,0,0,0,1,0,0,0
ENSG00000281618.1,0,1,4,0,0,0,0,0
ENSG00000281630.2,0,3,0,23,10,0,10,0
ENSG00000281660.1,0,0,0,0,0,0,0,0
ENSG00000281680.2,0,0,0,0,0,0,0,0
ENSG00000281690.2,0,3,0,0,0,0,11,0
ENSG00000281742.2,0,0,0,0,0,64,268,154
ENSG00000281748.3,0,0,0,0,0,0,0,0
ENSG00000281757.7,0,0,0,0,0,0,0,0
ENSG00000281758.1,0,0,0,0,0,0,0,0
ENSG00000281759.1,0,1,0,0,0,0,2,0
ENSG00000281763.2,242,230,69,146,252,3,57,43
ENSG00000281766.4,535,969,412,832,729,47,470,152
ENSG00000281775.2,0,0,0,0,0,0,0,0
ENSG00000281861.1,0,0,0,0,0,0,0,0
ENSG00000281879.5,165,81,126,89,158,3,131,25
ENSG00000281883.1,1,2,1,8,11,0,0,4
ENSG00000281887.3,0,0,0,59,53,0,0,0
ENSG00000281917.4,0,0,0,13,13,367,679,468
ENSG00000281919.2,0,0,0,0,0,0,0,0
ENSG00000281931.1,17,0,0,0,0,0,0,0
ENSG00000281935.1,26,12,8,4,10,3,5,4
ENSG00000281938.2,0,0,0,3,1,0,0,0
ENSG00000281943.1,0,4,0,0,2,0,0,0
ENSG00000281950.1,0,0,0,2,6,0,19,3
ENSG00000281957.1,0,2,0,0,1,0,0,0
ENSG00000281958.1,0,0,0,0,0,0,0,0
ENSG00000281963.1,0,0,0,0,0,0,0,0
ENSG00000281981.2,0,0,8,5,0,0,0,0
ENSG00000281987.2,0,0,0,0,0,0,0,0
ENSG00000281988.1,0,0,2,0,0,0,6,0
ENSG00000281990.1,0,2,0,2,0,0,0,0
ENSG00000281991.2,31,18,79,0,0,0,0,0
ENSG00000281994.1,1207,246,11,519,577,0,565,190
ENSG00000282003.1,103,89,67,0,65,0,0,28
ENSG00000282007.1,0,0,0,0,0,0,0,0
ENSG00000282013.1,0,0,0,0,0,0,0,0
ENSG00000282014.1,0,0,0,0,2,0,0,0
ENSG00000282017.1,32593,11658,61751,9862,11713,1,0,1
ENSG00000282019.1,57,1,0,10,75,204,933,338
ENSG00000282034.2,1069,629,660,1122,918,53,379,272
ENSG00000282035.1,0,0,0,0,0,0,0,0
ENSG00000282040.1,0,1,0,0,1,0,0,0
ENSG00000282045.1,2,8,0,15,0,0,0,0
ENSG00000282049.1,0,0,0,23,0,0,0,0
ENSG00000282054.1,0,0,0,0,0,0,0,0
ENSG00000282064.1,0,1,0,2,0,0,0,0
ENSG00000282065.1,0,0,0,0,0,0,0,0
ENSG00000282076.1,0,80,18,0,0,10,0,81
ENSG00000282087.2,0,0,0,0,0,0,0,0
ENSG00000282088.3,0,0,0,0,0,0,0,0
ENSG00000282092.1,2,8,6,106,27,31,4,11
ENSG00000282095.3,0,0,0,0,0,0,0,0
ENSG00000282104.1,0,1,0,0,0,0,0,0
ENSG00000282107.1,0,0,0,0,0,1,0,0
ENSG00000282122.1,17,0,0,0,4,0,2,1
ENSG00000282130.1,229,192,98,532,541,103,382,314
ENSG00000282131.1,0,0,0,10,3,0,0,0
ENSG00000282133.1,0,0,0,0,0,0,0,0
ENSG00000282134.1,0,0,0,0,0,0,0,0
ENSG00000282144.2,0,0,0,0,0,0,6,0
ENSG00000282148.1,0,0,0,0,0,0,0,0
ENSG00000282150.1,0,0,0,1,0,0,0,0
ENSG00000282151.1,0,0,0,0,0,0,0,0
ENSG00000282152.1,0,0,0,0,0,0,0,0
ENSG00000282168.4,0,0,0,0,0,0,0,0
ENSG00000282173.1,0,0,0,0,0,0,0,0
ENSG00000282175.4,0,0,0,1,2,0,0,0
ENSG00000282181.1,0,0,0,0,0,0,2,8
ENSG00000282182.1,0,0,0,1,2,0,0,0
ENSG00000282184.2,0,0,18,226,148,7,91,0
ENSG00000282185.1,0,0,0,0,0,0,0,0
ENSG00000282203.1,0,1,0,0,0,0,0,0
ENSG00000282204.1,0,1,0,1,0,0,0,0
ENSG00000282211.1,11,8,0,0,0,0,0,0
ENSG00000282212.2,0,0,0,0,0,0,0,0
ENSG00000282218.1,0,0,0,0,0,0,0,0
ENSG00000282228.1,112,222,45,0,27,99,172,365
ENSG00000282230.1,376,179,128,0,396,0,0,0
ENSG00000282240.1,0,0,0,0,0,0,0,0
ENSG00000282256.1,0,0,0,0,0,0,0,0
ENSG00000282266.4,0,0,0,0,0,0,0,0
ENSG00000282269.1,58,25,7,26,53,0,66,11
ENSG00000282278.1,0,0,0,0,0,0,0,0
ENSG00000282281.1,3,15,0,23,6,0,0,0
ENSG00000282283.1,0,0,0,0,0,0,0,0
ENSG00000282284.1,0,13,0,2,0,0,0,0
ENSG00000282290.1,0,12,0,0,11,0,0,3
ENSG00000282291.1,5,0,1,0,0,0,0,0
ENSG00000282297.1,0,0,1,0,0,0,0,0
ENSG00000282298.1,0,0,0,0,0,0,0,0
ENSG00000282301.4,0,0,0,0,0,0,1,0
ENSG00000282302.4,1,0,0,0,0,0,0,0
ENSG00000282305.1,5,7,2,17,0,0,0,2
ENSG00000282307.1,11,0,5,0,0,6,14,11
ENSG00000282318.1,1,0,2,1,1,0,2,0
ENSG00000282320.1,0,0,0,0,0,0,0,0
ENSG00000282340.1,0,1,0,0,0,0,0,0
ENSG00000282342.1,0,0,0,0,0,0,0,0
ENSG00000282344.1,0,5,0,0,0,0,0,0
ENSG00000282350.1,0,17,0,0,0,0,0,0
ENSG00000282354.1,0,0,0,0,0,0,0,0
ENSG00000282367.1,342,276,315,142,458,0,38,135
ENSG00000282379.1,125,105,108,30,54,0,2,30
ENSG00000282392.1,0,0,0,0,0,0,0,0
ENSG00000282399.1,1,5,0,4,1,0,3,1
ENSG00000282401.1,0,0,0,0,0,0,0,0
ENSG00000282404.1,0,0,0,0,0,0,0,0
ENSG00000282419.3,0,0,0,0,0,0,0,0
ENSG00000282420.1,0,0,0,0,0,0,0,0
ENSG00000282424.1,0,0,0,0,0,0,0,0
ENSG00000282425.1,0,0,0,0,0,0,0,0
ENSG00000282431.1,0,0,0,0,0,0,0,0
ENSG00000282437.2,0,0,0,0,0,0,0,0
ENSG00000282453.1,0,0,0,0,0,0,0,0
ENSG00000282459.1,0,0,0,0,0,0,0,0
ENSG00000282466.1,0,0,0,0,0,0,0,0
ENSG00000282470.1,0,0,0,0,0,0,0,0
ENSG00000282471.1,0,0,0,0,0,0,0,0
ENSG00000282483.1,0,0,0,0,0,0,0,0
ENSG00000282499.1,0,0,0,0,2,0,0,0
ENSG00000282506.1,1,2,0,1,2,0,0,0
ENSG00000282520.1,0,0,0,0,0,0,0,0
ENSG00000282521.1,0,0,0,1,0,0,24,1
ENSG00000282537.1,0,0,0,0,0,0,0,3
ENSG00000282543.1,0,0,0,0,3,2,0,0
ENSG00000282559.1,0,0,0,0,0,0,0,0
ENSG00000282566.2,0,0,0,0,0,0,0,0
ENSG00000282568.1,0,0,0,0,1,0,0,0
ENSG00000282577.1,0,0,0,0,0,0,0,0
ENSG00000282579.1,9,0,0,0,0,0,0,0
ENSG00000282583.1,0,0,0,0,0,0,0,0
ENSG00000282599.1,0,0,0,0,0,0,0,0
ENSG00000282604.2,0,0,12,0,0,0,14,0
ENSG00000282605.1,0,0,0,0,0,0,0,0
ENSG00000282607.1,13,9,141,5,11,1,0,0
ENSG00000282608.2,26,11,66,15,51,7,31,26
ENSG00000282610.1,0,0,0,0,0,0,0,0
ENSG00000282612.1,0,0,0,0,0,0,0,0
ENSG00000282615.1,0,0,0,0,1,0,0,0
ENSG00000282621.1,0,0,0,1,0,0,0,0
ENSG00000282639.1,0,0,0,3,1,0,0,0
ENSG00000282642.1,3,43,0,13,4,1,5,0
ENSG00000282651.2,0,2,0,7,3,0,0,0
ENSG00000282665.1,0,0,0,0,0,0,0,0
ENSG00000282673.1,0,0,0,0,0,0,0,0
ENSG00000282676.1,0,0,0,0,1,0,0,0
ENSG00000282684.1,0,0,0,64,36,0,0,0
ENSG00000282693.1,0,0,0,0,0,0,0,0
ENSG00000282704.1,0,0,0,0,0,0,0,0
ENSG00000282705.1,0,0,0,0,0,0,0,0
ENSG00000282712.1,153,97,155,16,0,0,0,0
ENSG00000282716.1,0,0,0,0,0,0,3,0
ENSG00000282719.1,0,2,0,0,0,0,0,0
ENSG00000282725.1,0,0,0,0,0,37,125,0
ENSG00000282730.1,0,0,0,0,0,0,0,0
ENSG00000282735.1,451,615,198,128,171,0,0,153
ENSG00000282739.1,0,0,0,0,0,0,0,0
ENSG00000282745.1,1,5,0,0,0,0,0,0
ENSG00000282752.1,0,0,0,0,0,0,0,0
ENSG00000282755.1,0,0,0,0,0,0,0,0
ENSG00000282756.1,0,0,0,0,0,0,0,0
ENSG00000282757.4,0,0,0,0,0,0,0,0
ENSG00000282771.1,0,0,0,0,0,0,0,0
ENSG00000282773.1,0,0,0,2,0,0,0,0
ENSG00000282780.1,0,0,0,0,0,0,0,0
ENSG00000282797.1,0,2,0,1,0,0,0,0
ENSG00000282804.1,0,0,0,0,0,0,0,0
ENSG00000282811.1,4,3,0,0,0,0,0,0
ENSG00000282813.1,330,382,157,196,240,0,28,0
ENSG00000282815.2,0,0,0,0,0,0,0,0
ENSG00000282822.1,0,0,0,0,0,0,0,0
ENSG00000282830.2,0,5,0,0,0,0,0,0
ENSG00000282837.5,0,0,0,0,0,0,0,0
ENSG00000282844.2,646,558,632,26,0,0,0,0
ENSG00000282872.2,0,0,0,0,0,0,0,0
ENSG00000282881.4,0,1,0,0,0,0,0,0
ENSG00000282902.2,0,0,0,0,0,0,0,0
ENSG00000282933.4,2,1,2,0,3,1,15,3
ENSG00000282936.3,9,3,8,57,67,2,41,11
ENSG00000282937.6,2,2,0,0,0,0,0,0
ENSG00000282939.1,0,0,0,0,0,0,0,0
ENSG00000282947.2,195,0,24,286,598,80,131,91
ENSG00000282966.4,0,0,0,0,0,0,0,0
ENSG00000282988.2,1,0,8,3,5,0,7,17
ENSG00000283008.5,0,0,0,0,0,0,0,1
ENSG00000283018.1,0,0,0,2,30,60,122,194
ENSG00000283039.1,0,0,0,0,0,0,0,0
ENSG00000283059.3,0,0,0,0,0,0,0,0
ENSG00000283063.1,0,0,0,0,0,1,0,0
ENSG00000283071.2,0,0,0,0,0,0,0,0
ENSG00000283082.1,0,0,0,0,0,0,0,0
ENSG00000283085.3,88,25,17,21,2,0,13,2
ENSG00000283093.1,0,0,0,0,0,0,0,0
ENSG00000283099.1,2,8,14,0,9,0,4,2
ENSG00000283100.2,0,0,0,0,0,0,0,0
ENSG00000283104.3,0,0,0,0,0,0,212,0
ENSG00000283128.3,8,11,8,13,20,1,3,11
ENSG00000283139.2,0,0,0,0,0,0,0,0
ENSG00000283149.1,311,71,99,127,123,0,77,64
ENSG00000283154.4,5,0,0,0,8,44,0,0
ENSG00000283189.2,0,46,0,61,220,60,96,72
ENSG00000283199.3,1,4,12,2,8,0,3,0
ENSG00000283201.1,10,9,5,6,28,0,3,9
ENSG00000283205.1,0,0,0,0,0,0,0,0
ENSG00000283208.2,3,3,7,3,11,0,34,2
ENSG00000283216.2,0,0,0,0,0,0,0,0
ENSG00000283227.2,0,0,0,0,0,0,0,0
ENSG00000283228.1,0,0,0,252,179,9,169,62
ENSG00000283239.1,4,6,0,28,21,0,6,0
ENSG00000283247.2,0,0,0,0,0,0,0,0
ENSG00000283267.2,0,0,0,0,0,0,1,0
ENSG00000283268.2,0,0,0,0,0,0,0,0
ENSG00000283284.4,0,0,3,0,0,0,0,0
ENSG00000283288.2,0,0,0,0,0,0,0,0
ENSG00000283292.2,0,0,0,0,0,0,0,0
ENSG00000283297.2,0,0,0,0,0,0,0,0
ENSG00000283321.1,0,0,0,6,0,0,0,0
ENSG00000283324.1,0,0,0,0,0,0,0,0
ENSG00000283329.2,1,0,0,1,2,0,0,1
ENSG00000283361.4,0,4,0,0,0,0,0,0
ENSG00000283373.5,0,0,0,0,0,0,0,0
ENSG00000283378.1,0,0,0,0,0,2,7,4
ENSG00000283428.2,0,0,0,0,0,0,0,0
ENSG00000283434.2,0,0,0,0,0,0,3,0
ENSG00000283439.4,0,0,1,0,0,0,0,0
ENSG00000283448.2,0,0,0,0,0,4,0,0
ENSG00000283463.2,0,0,0,2,0,0,0,1
ENSG00000283465.4,0,0,0,2,0,0,1,0
ENSG00000283473.5,0,3,3,0,0,0,0,0
ENSG00000283496.1,0,0,0,0,0,0,1,0
ENSG00000283515.1,0,0,12,40,14,0,25,14
ENSG00000283516.3,1,0,0,0,0,0,0,0
ENSG00000283526.4,0,1,0,0,0,0,0,0
ENSG00000283528.2,0,2,0,0,0,0,0,8
ENSG00000283536.3,0,0,0,0,0,0,0,0
ENSG00000283563.1,1,11,0,7,9,0,1,0
ENSG00000283567.2,0,0,0,0,0,0,0,0
ENSG00000283580.4,5,0,0,5,10,0,6,4
ENSG00000283589.4,0,150,149,252,532,20,579,65
ENSG00000283599.3,0,0,0,0,0,0,0,0
ENSG00000283632.5,43,38,20,15,78,4,29,32
ENSG00000283644.2,0,0,0,0,0,0,8,0
ENSG00000283654.4,0,0,0,0,2,0,0,0
ENSG00000283663.1,0,0,0,0,0,0,1,0
ENSG00000283683.2,0,0,2,3,4,0,0,0
ENSG00000283697.3,4,0,0,2,0,1,0,0
ENSG00000283703.3,5,3,4,1,4,0,3,6
ENSG00000283706.2,0,3,23,0,0,1,0,0
ENSG00000283716.3,0,0,0,0,0,0,0,0
ENSG00000283719.3,0,0,0,0,0,0,0,0
ENSG00000283722.3,0,2,0,0,3,0,0,0
ENSG00000283723.2,0,0,0,0,0,0,0,0
ENSG00000283729.1,0,0,0,0,0,0,0,0
ENSG00000283731.1,0,0,0,0,0,0,0,0
ENSG00000283738.3,792,584,848,520,654,29,210,58
ENSG00000283740.2,0,0,0,0,0,0,0,0
ENSG00000283742.3,0,0,0,0,0,0,0,0
ENSG00000283750.3,0,0,4,2,0,0,0,0
ENSG00000283755.2,0,0,0,0,0,0,0,0
ENSG00000283758.2,0,0,0,0,0,0,0,0
ENSG00000283761.1,4,8,5,48,39,0,42,13
ENSG00000283763.3,0,0,0,0,0,0,0,0
ENSG00000283765.1,0,0,0,92,0,0,31,10
ENSG00000283776.1,0,0,0,0,0,0,0,0
ENSG00000283777.2,2489,1341,811,14993,13882,0,6060,3887
ENSG00000283779.1,0,0,0,0,0,0,0,0
ENSG00000283780.3,231,310,322,742,929,33,509,280
ENSG00000283782.2,164,222,89,774,934,83,469,209
ENSG00000283787.2,11,41,8,38,188,43,144,131
ENSG00000283809.1,64,39,93,33,91,1,14,35
ENSG00000283823.1,0,0,0,0,0,0,0,0
ENSG00000283827.1,0,0,0,0,0,0,0,0
ENSG00000283852.4,0,0,0,350,220,0,137,0
ENSG00000283855.2,0,0,52,7,2,0,0,10
ENSG00000283864.2,0,0,0,0,0,0,0,0
ENSG00000283869.1,0,0,0,0,0,0,0,0
ENSG00000283870.3,0,0,0,0,1,0,0,0
ENSG00000283873.2,0,0,0,0,0,0,0,0
ENSG00000283875.1,0,0,0,0,0,0,0,0
ENSG00000283877.1,0,0,0,0,0,0,0,0
ENSG00000283882.3,0,0,0,0,0,0,0,0
ENSG00000283883.2,1,2,0,0,6,0,11,0
ENSG00000283892.2,4,0,0,57,31,0,26,3
ENSG00000283900.1,28,20,16,84,206,22,128,57
ENSG00000283915.1,0,0,0,0,0,0,0,0
ENSG00000283918.2,0,81,102,0,0,0,20,0
ENSG00000283930.1,2,1,2,25,12,0,17,0
ENSG00000283934.3,7,14,77,33,36,2,8,1
ENSG00000283937.3,0,0,0,0,0,0,0,0
ENSG00000283949.3,0,0,0,0,0,0,0,1
ENSG00000283952.1,0,0,0,0,0,0,0,0
ENSG00000283954.1,0,0,0,0,0,0,0,0
ENSG00000283961.1,0,0,0,0,0,0,0,0
ENSG00000283966.1,0,0,0,0,0,0,0,0
ENSG00000283967.1,0,0,0,0,0,0,0,0
ENSG00000283977.1,0,0,0,1,0,8,9,22
ENSG00000283979.4,0,6,0,6,37,77,81,151
ENSG00000283980.1,0,0,0,0,0,0,0,0
ENSG00000283984.2,1,1,0,0,0,0,474,0
ENSG00000283986.3,0,0,0,0,0,0,0,0
ENSG00000283988.1,0,0,0,0,0,0,0,0
ENSG00000283992.3,0,3,0,0,0,0,0,0
ENSG00000284018.2,0,0,0,0,0,0,0,0
ENSG00000284024.4,169,226,87,255,313,18,193,81
ENSG00000284033.2,0,0,0,0,0,0,0,0
ENSG00000284039.3,0,0,0,0,0,0,0,0
ENSG00000284042.1,0,0,0,0,0,0,0,0
ENSG00000284044.2,0,0,0,0,0,0,0,0
ENSG00000284053.2,0,0,0,0,0,0,0,0
ENSG00000284057.1,0,0,0,0,0,0,67,0
ENSG00000284068.1,0,0,0,0,0,0,0,0
ENSG00000284076.3,5,0,0,0,0,0,0,0
ENSG00000284086.1,0,0,0,0,0,0,0,0
ENSG00000284089.3,0,0,0,0,0,0,0,0
ENSG00000284093.1,0,0,0,0,3,0,0,0
ENSG00000284100.2,0,0,0,0,0,0,0,0
ENSG00000284104.1,0,0,0,0,0,0,0,0
ENSG00000284127.1,0,0,0,0,0,0,0,0
ENSG00000284130.2,3,9,4,10,5,0,0,2
ENSG00000284132.2,0,0,0,0,0,0,0,0
ENSG00000284150.3,0,0,0,0,0,0,0,0
ENSG00000284161.3,170,377,87,880,669,41,317,281
ENSG00000284169.3,0,0,0,0,0,0,0,0
ENSG00000284188.3,0,0,1,0,0,0,0,0
ENSG00000284192.1,0,0,0,0,0,0,0,0
ENSG00000284194.4,255,160,186,159,271,41,161,136
ENSG00000284209.4,0,0,0,0,0,0,0,0
ENSG00000284213.1,0,0,0,0,0,0,0,0
ENSG00000284217.3,0,0,0,0,0,0,0,0
ENSG00000284218.2,0,0,0,3,0,0,9,0
ENSG00000284234.1,0,0,0,0,0,0,0,0
ENSG00000284241.2,0,0,0,0,0,0,0,0
ENSG00000284254.4,160,139,99,2450,2098,0,299,407
ENSG00000284260.2,0,0,0,1,7,5,7,44
ENSG00000284283.1,0,0,0,0,0,0,0,0
ENSG00000284292.1,0,0,0,0,9,69,512,133
ENSG00000284295.1,0,0,0,0,0,0,0,0
ENSG00000284298.2,0,0,0,0,0,0,0,0
ENSG00000284306.2,0,0,0,0,0,0,0,0
ENSG00000284307.1,0,0,0,0,0,0,0,0
ENSG00000284308.2,32,29,43,18,31,11,22,21
ENSG00000284320.4,0,0,0,0,0,0,124,0
ENSG00000284330.2,4,13,4,12,20,0,0,3
ENSG00000284337.1,123,87,124,40,37,0,26,0
ENSG00000284340.3,0,0,0,0,0,0,0,0
ENSG00000284341.1,1,3,0,4,8,0,0,0
ENSG00000284365.1,0,0,0,0,0,0,0,0
ENSG00000284369.3,82,0,12,5,0,96,374,205
ENSG00000284371.1,0,0,0,0,0,0,0,0
ENSG00000284373.1,0,0,0,0,0,0,0,0
ENSG00000284383.2,0,0,0,0,0,0,0,0
ENSG00000284393.1,0,0,0,0,0,0,0,0
ENSG00000284395.2,0,2,1,0,1,1,0,4
ENSG00000284400.2,468,124,0,1069,0,0,0,0
ENSG00000284431.1,337,79,249,116,232,9,114,85
ENSG00000284438.2,0,0,0,0,0,0,0,0
ENSG00000284439.1,0,0,0,0,0,0,0,0
ENSG00000284454.2,326,115,230,388,386,0,376,34
ENSG00000284457.3,0,0,0,0,0,0,0,0
ENSG00000284461.2,0,0,0,0,0,0,0,0
ENSG00000284465.1,0,0,0,0,0,0,0,0
ENSG00000284466.1,0,0,0,0,0,0,0,0
ENSG00000284476.2,0,0,0,0,0,0,0,0
ENSG00000284479.3,5,4,0,18,58,4,60,64
ENSG00000284484.1,0,0,0,0,0,0,0,0
ENSG00000284487.3,0,0,0,0,0,0,0,0
ENSG00000284491.3,0,0,0,0,0,0,0,0
ENSG00000284493.2,0,0,0,0,0,0,0,0
ENSG00000284505.1,0,2,0,6,16,19,19,13
ENSG00000284511.3,0,0,0,0,0,0,0,0
ENSG00000284512.1,0,1,0,2,0,0,0,0
ENSG00000284514.2,0,0,0,0,0,0,0,0
ENSG00000284515.1,1,0,4,0,0,0,0,0
ENSG00000284526.3,7,9,16,5,8,142,125,641
ENSG00000284528.1,0,0,0,0,0,0,0,0
ENSG00000284546.2,0,0,0,0,0,0,0,0
ENSG00000284548.3,50,0,0,260,269,0,59,0
ENSG00000284554.2,31,0,0,0,0,7,0,0
ENSG00000284555.3,0,0,0,0,0,0,0,0
ENSG00000284559.2,0,0,0,0,0,0,0,2
ENSG00000284560.3,0,0,0,0,0,0,0,0
ENSG00000284580.3,0,0,0,0,0,0,0,0
ENSG00000284588.3,0,0,0,0,0,0,0,0
ENSG00000284609.2,0,0,0,0,0,0,0,0
ENSG00000284622.2,0,0,0,0,0,0,0,0
ENSG00000284626.1,0,0,0,4,3,0,1,0
ENSG00000284629.1,0,0,0,0,0,0,0,0
ENSG00000284631.2,0,0,0,0,0,0,0,0
ENSG00000284635.2,0,0,0,0,0,0,0,0
ENSG00000284638.2,0,0,0,0,0,0,0,0
ENSG00000284643.1,0,0,0,0,0,0,0,0
ENSG00000284667.1,0,0,0,0,0,0,0,0
ENSG00000284680.3,0,0,0,0,0,0,0,0
ENSG00000284684.1,0,0,0,0,0,0,0,0
ENSG00000284686.1,22,30,3,22,19,0,20,2
ENSG00000284690.3,0,0,0,0,0,0,0,0
ENSG00000284691.2,92,120,175,87,164,16,108,99
ENSG00000284695.1,0,0,0,0,0,0,0,0
ENSG00000284701.1,0,0,0,0,0,0,0,0
ENSG00000284704.1,0,0,0,0,0,0,0,0
ENSG00000284713.3,14,0,0,6,18,0,18,0
ENSG00000284718.1,0,0,0,0,0,0,0,0
ENSG00000284723.2,0,0,0,0,0,0,0,0
ENSG00000284725.1,0,0,0,0,0,0,1,0
ENSG00000284730.2,0,0,1,1,2,0,0,5
ENSG00000284732.1,0,0,0,0,0,0,1,0
ENSG00000284733.2,0,0,0,0,0,0,0,0
ENSG00000284749.2,0,0,0,0,0,0,0,4
ENSG00000284752.3,0,0,0,102,90,0,187,0
ENSG00000284753.3,131,19,19,52,24,13,10,28
ENSG00000284754.2,0,0,0,0,0,0,0,0
ENSG00000284762.1,1,0,0,10,19,0,3,9
ENSG00000284764.2,0,0,29,2,13,0,0,0
ENSG00000284770.3,257,225,162,456,639,0,128,15
ENSG00000284772.1,0,0,0,0,1,0,7,0
ENSG00000284773.1,24,25,79,24,44,3,26,9
ENSG00000284776.1,24,6,11,82,88,0,31,0
ENSG00000284779.3,0,0,0,0,0,0,0,0
ENSG00000284781.1,0,0,0,0,0,0,0,0
ENSG00000284791.2,102,106,16,20,14,1,11,15
ENSG00000284792.2,106,142,117,30,153,100,226,93
ENSG00000284796.3,99,0,0,530,0,0,0,0
ENSG00000284797.3,0,0,3,0,0,0,0,0
ENSG00000284799.1,0,0,0,0,0,0,0,0
ENSG00000284800.2,0,0,1,0,1,0,0,0
ENSG00000284806.1,0,0,0,0,0,0,0,0
ENSG00000284807.3,696,809,512,854,1219,112,402,500
ENSG00000284810.2,0,0,0,3,0,0,0,0
ENSG00000284814.1,0,0,0,0,154,0,0,0
ENSG00000284820.1,73,32,108,17,59,13,27,138
ENSG00000284832.2,921,1021,608,3850,2862,333,1495,822
ENSG00000284836.1,1,2,0,0,0,0,0,0
ENSG00000284844.3,0,0,0,0,0,0,0,0
ENSG00000284851.2,0,0,0,0,0,0,0,0
ENSG00000284862.4,4,6,3,1,2,0,13,6
ENSG00000284869.2,299,37,100,581,534,173,291,387
ENSG00000284872.2,137,122,115,654,554,26,260,165
ENSG00000284873.1,0,0,0,0,2,0,0,1
ENSG00000284874.1,10,36,53,184,499,116,240,546
ENSG00000284881.2,0,56,0,0,0,0,0,0
ENSG00000284891.1,0,0,0,0,0,0,0,0
ENSG00000284895.1,0,0,0,0,0,0,0,0
ENSG00000284903.3,0,0,0,0,0,0,0,0
ENSG00000284906.3,21,18,23,13,32,2,20,4
ENSG00000284912.1,11,2,0,0,0,0,6,0
ENSG00000284915.3,37,109,48,16,38,6,100,59
ENSG00000284917.1,0,0,0,0,4,0,1,0
ENSG00000284922.2,7,9,5,2,7,3,35,29
ENSG00000284926.1,0,0,0,0,0,0,0,0
ENSG00000284927.2,0,0,0,0,4,0,0,3
ENSG00000284931.1,126,36,754,0,0,0,0,0
ENSG00000284933.2,49,0,17,115,44,7,15,53
ENSG00000284934.3,0,0,0,0,0,21,79,48
ENSG00000284938.4,0,0,4,0,15,2,0,2
ENSG00000284946.1,7,2,13,14,32,0,11,2
ENSG00000284949.2,0,0,0,0,0,0,0,0
ENSG00000284952.1,0,0,0,20,4,0,0,8
ENSG00000284956.1,0,0,0,0,0,0,0,0
ENSG00000284965.1,0,0,0,0,0,0,0,0
ENSG00000284967.3,426,260,322,1482,2345,259,1208,689
ENSG00000284969.1,116,19,102,12,4,0,2,4
ENSG00000284976.2,62,88,218,59,102,35,16,87
ENSG00000284981.2,0,0,0,0,0,0,0,0
ENSG00000284983.2,5,36,1341,23,52,1,0,0
ENSG00000284987.1,0,0,0,0,0,0,0,0
ENSG00000284989.1,0,0,0,0,0,0,0,0
ENSG00000284990.2,0,0,0,0,0,0,0,0
ENSG00000284991.1,0,0,0,0,0,0,0,0
ENSG00000285000.1,6,11,2,73,35,3,0,3
ENSG00000285010.2,0,0,0,0,0,0,0,0
ENSG00000285022.2,5,90,0,1338,289,53,164,30
ENSG00000285025.1,0,0,0,0,0,0,0,0
ENSG00000285032.3,404,0,0,754,720,44,673,297
ENSG00000285038.2,0,0,0,0,0,0,0,0
ENSG00000285043.3,32,19,14,69,59,168,495,194
ENSG00000285044.2,5,0,12,25,26,1,14,2
ENSG00000285048.2,0,0,0,115,16,0,0,15
ENSG00000285053.1,0,8,0,204,165,52,254,188
ENSG00000285059.2,4,1,0,6,7,3,15,17
ENSG00000285063.1,0,0,0,0,0,0,0,0
ENSG00000285064.2,0,0,0,0,0,0,0,0
ENSG00000285071.2,0,0,0,0,0,0,0,0
ENSG00000285074.1,0,0,0,0,0,0,0,0
ENSG00000285077.4,0,0,5,4,11,0,10,0
ENSG00000285082.3,3,1,4,2,6,0,0,0
ENSG00000285084.3,1,0,8,1,1,0,2,1
ENSG00000285085.1,0,0,0,0,3,0,0,1
ENSG00000285098.2,6,13,6,6,0,0,0,3
ENSG00000285105.1,1,2,0,0,0,0,0,0
ENSG00000285109.4,182,152,183,2990,2673,520,708,490
ENSG00000285114.3,0,21,0,54,367,2,224,70
ENSG00000285117.2,0,0,0,1,0,0,0,2
ENSG00000285121.2,13,0,0,229,277,0,180,0
ENSG00000285124.2,0,0,0,0,0,0,0,0
ENSG00000285130.2,24,14,35,122,103,13,173,44
ENSG00000285132.3,1275,720,1443,13344,6348,853,992,1143
ENSG00000285133.1,0,0,0,0,0,1,0,8
ENSG00000285141.2,0,0,0,0,0,0,0,0
ENSG00000285147.2,0,0,0,0,0,0,0,0
ENSG00000285152.2,3,0,4,21,17,0,7,2
ENSG00000285154.1,1,2,0,0,0,0,0,0
ENSG00000285171.1,1,4,4,1,7,2,6,0
ENSG00000285176.2,0,0,0,0,0,0,0,0
ENSG00000285181.2,0,0,0,0,0,0,0,0
ENSG00000285188.1,0,0,0,0,0,0,0,0
ENSG00000285193.1,0,0,0,0,0,0,121,17
ENSG00000285199.1,15,0,0,12,16,12,47,48
ENSG00000285202.1,0,0,0,0,0,0,0,0
ENSG00000285218.1,5,0,2,3,12,0,0,0
ENSG00000285222.3,0,103,28,135,798,63,395,178
ENSG00000285231.2,0,1,0,0,0,0,0,0
ENSG00000285238.2,163,0,110,186,129,0,34,8
ENSG00000285243.3,0,0,0,0,0,0,0,18
ENSG00000285245.1,0,0,0,0,4,0,46,0
ENSG00000285250.2,233,291,108,887,685,130,317,363
ENSG00000285253.1,60,50,25,101,140,20,72,67
ENSG00000285269.2,0,0,29,25,38,5,14,7
ENSG00000285283.1,0,0,0,0,0,0,74,0
ENSG00000285286.3,0,0,0,0,0,0,0,0
ENSG00000285292.1,2,12,59,20,23,13,21,5
ENSG00000285302.5,17,29,18,9,38,18,152,129
ENSG00000285304.1,0,0,0,0,27,0,0,10
ENSG00000285312.1,0,2,0,0,0,0,0,0
ENSG00000285316.3,0,0,1,0,4,0,0,0
ENSG00000285321.1,98,83,60,1019,3975,412,2180,1936
ENSG00000285327.2,0,0,0,0,0,0,0,0
ENSG00000285328.2,0,0,0,0,0,0,0,0
ENSG00000285329.1,0,0,0,0,0,0,0,0
ENSG00000285330.1,0,0,0,139,158,0,66,77
ENSG00000285339.2,1153,1288,1011,971,1915,295,492,1104
ENSG00000285343.2,296,0,0,0,0,0,0,0
ENSG00000285346.1,0,0,0,2,8,0,0,0
ENSG00000285360.2,287,354,133,562,214,7,241,100
ENSG00000285369.3,0,0,0,0,8,0,0,0
ENSG00000285372.2,368,424,235,1271,1055,100,598,71
ENSG00000285375.1,0,0,0,1,1,0,0,0
ENSG00000285382.1,0,0,3,7,0,0,0,2
ENSG00000285395.3,0,0,0,0,0,0,0,0
ENSG00000285397.2,13,35,7,35,24,0,10,1
ENSG00000285404.1,0,0,0,0,0,0,9,0
ENSG00000285408.1,9,4,0,27,0,0,62,0
ENSG00000285422.2,0,0,0,0,0,0,0,0
ENSG00000285435.3,0,0,0,0,0,0,0,0
ENSG00000285437.3,38,165,121,353,341,28,265,38
ENSG00000285438.2,92,283,111,232,746,92,86,141
ENSG00000285444.1,1,7,0,1,0,9,16,22
ENSG00000285446.1,1,0,0,8,0,0,1,0
ENSG00000285449.1,0,5,10,2,0,1,4,5
ENSG00000285458.1,19,32,22,71,181,8,80,49
ENSG00000285463.1,0,0,0,0,0,0,0,0
ENSG00000285471.1,0,0,0,0,0,0,0,0
ENSG00000285472.1,0,0,0,0,4,0,0,0
ENSG00000285480.2,0,9,20,0,2,0,0,0
ENSG00000285493.3,0,0,0,4,0,1,0,13
ENSG00000285496.1,0,0,0,0,0,0,0,0
ENSG00000285497.4,0,0,0,0,0,0,0,0
ENSG00000285501.2,0,0,0,0,0,0,0,0
ENSG00000285505.1,0,0,0,0,0,0,0,0
ENSG00000285507.3,0,0,0,0,0,0,0,0
ENSG00000285508.2,73,161,50,359,550,104,441,279
ENSG00000285509.1,0,0,0,16,2,3,0,2
ENSG00000285526.1,2,0,4,0,0,0,0,0
ENSG00000285528.1,0,1,0,1,1,0,0,1
ENSG00000285542.1,0,0,0,2,5,0,0,0
ENSG00000285547.1,0,1,0,6,0,0,0,0
ENSG00000285558.1,0,0,0,2,0,0,0,0
ENSG00000285566.2,0,0,0,0,0,0,0,0
ENSG00000285585.1,0,0,0,0,0,0,0,0
ENSG00000285589.1,158,69,85,87,150,43,179,140
ENSG00000285602.1,0,0,5,0,0,20,15,41
ENSG00000285607.1,0,0,0,0,0,0,0,0
ENSG00000285620.1,0,0,0,0,0,0,0,0
ENSG00000285625.1,0,0,8,0,0,0,0,2
ENSG00000285629.1,0,0,0,0,0,0,0,0
ENSG00000285635.1,0,0,0,0,0,0,0,0
ENSG00000285641.1,25,7,13,15,17,18,105,124
ENSG00000285645.1,0,1,0,0,0,0,0,0
ENSG00000285655.1,0,0,0,0,0,0,0,0
ENSG00000285657.2,0,0,0,0,0,2,7,1
ENSG00000285687.1,0,0,0,0,0,0,0,0
ENSG00000285708.1,0,0,0,0,0,6,0,0
ENSG00000285713.1,0,0,0,2,2,0,0,0
ENSG00000285733.1,12,11,8,0,19,7,1,0
ENSG00000285749.3,0,0,1,0,0,0,0,0
ENSG00000285765.1,0,0,0,0,0,0,0,0
ENSG00000285772.1,0,0,0,0,0,0,0,0
ENSG00000285777.1,0,4,0,0,7,0,1,0
ENSG00000285779.1,12,0,0,0,0,0,0,0
ENSG00000285791.1,36,22,33,202,181,0,90,24
ENSG00000285795.1,0,0,0,0,0,0,0,0
ENSG00000285814.1,0,0,0,0,0,0,0,0
ENSG00000285815.1,8,3,8,15,12,0,72,180
ENSG00000285816.1,3,7,2,13,0,0,0,0
ENSG00000285827.1,0,0,0,0,2,2,0,0
ENSG00000285832.1,0,0,0,0,0,0,0,0
ENSG00000285837.1,9,1,0,0,0,0,0,0
ENSG00000285839.1,0,0,0,3,0,0,0,0
ENSG00000285854.1,0,0,2,10,2,0,12,11
ENSG00000285868.1,6,0,4,8,0,0,5,7
ENSG00000285880.1,0,0,0,1,2,0,0,0
ENSG00000285891.2,0,1,1,0,0,0,0,0
ENSG00000285897.1,2,3,5,13,0,11,19,0
ENSG00000285901.2,0,0,0,0,0,9,0,0
ENSG00000285913.1,0,0,0,0,0,0,0,0
ENSG00000285920.2,5,15,5,49,107,0,5,3
ENSG00000285932.1,0,1,1,6,5,0,3,4
ENSG00000285937.1,0,0,0,0,0,0,0,0
ENSG00000285942.1,16,10,25,13,11,0,14,6
ENSG00000285943.1,23,19,14,44,62,0,79,7
ENSG00000285946.2,0,0,0,0,0,0,0,0
ENSG00000285947.1,0,1,0,1,1,0,0,0
ENSG00000285950.2,0,0,0,0,0,0,0,0
ENSG00000285953.2,0,0,0,0,0,0,20,0
ENSG00000285962.2,0,0,0,0,0,0,0,0
ENSG00000285975.1,0,0,0,0,0,0,0,0
ENSG00000285976.4,16,60,26,42,50,0,97,26
ENSG00000285978.1,0,0,0,1,3,0,0,1
ENSG00000285982.1,0,0,0,0,0,0,0,0
ENSG00000285991.1,0,4,0,0,0,0,0,13
ENSG00000286001.1,30,0,29,100,109,3,111,104
ENSG00000286007.1,0,0,0,0,0,0,0,0
ENSG00000286015.1,1,0,0,0,0,0,0,0
ENSG00000286019.4,26,27,23,27,71,9,19,11
ENSG00000286022.1,0,0,0,0,0,0,0,0
ENSG00000286025.2,0,0,0,0,0,0,2,1
ENSG00000286038.2,0,0,0,0,0,0,0,0
ENSG00000286053.2,6,5,5,27,32,5,55,0
ENSG00000286070.2,0,0,3,8,13,3,0,0
ENSG00000286075.3,36,16,17,187,344,100,343,204
ENSG00000286088.1,0,0,0,2,0,0,0,0
ENSG00000286095.3,9,0,7,0,3,0,0,8
ENSG00000286098.1,36,13,14,137,124,3,76,38
ENSG00000286102.1,0,0,0,0,0,0,0,0
ENSG00000286105.2,35,0,4,0,0,1,7,3
ENSG00000286106.3,8,15,6,14,19,0,15,14
ENSG00000286112.1,0,0,3,65,53,14,163,111
ENSG00000286131.1,0,0,0,0,0,0,0,0
ENSG00000286132.1,20,29,6,100,120,7,64,24
ENSG00000286135.1,0,0,0,0,0,0,0,0
ENSG00000286137.3,0,0,0,0,0,0,0,1
ENSG00000286139.2,1,0,0,0,0,0,0,0
ENSG00000286140.2,672,379,280,521,680,0,144,191
ENSG00000286143.1,34,6,0,36,19,4,5,0
ENSG00000286165.1,4,0,0,9,3,0,30,23
ENSG00000286175.1,0,0,0,0,0,0,0,0
ENSG00000286185.1,89,46,0,0,100,8,146,0
ENSG00000286190.3,50,48,28,27,0,0,46,33
ENSG00000286192.1,0,0,0,16,4,12,53,0
ENSG00000286219.2,13,18,38,95,75,6,61,7
ENSG00000286221.1,8,1,1,14,2,0,0,3
ENSG00000286224.1,0,0,0,0,0,0,1,0
ENSG00000286231.1,0,0,0,0,0,13,37,0
ENSG00000286235.1,0,0,0,118,0,11,0,0
ENSG00000286237.1,31,0,0,88,37,0,6,40
ENSG00000286239.1,2,0,3,6,0,0,0,0
ENSG00000286264.2,66,49,46,31,121,52,86,102
ENSG00000286268.1,0,0,0,1,1,0,0,0
ENSG00000286522.2,0,0,9,0,0,0,0,0
ENSG00000286905.1,130,187,119,171,352,44,183,248
ENSG00000286920.2,0,0,0,0,0,0,0,0
ENSG00000287080.2,0,0,0,0,1,0,0,0
ENSG00000287363.5,0,0,0,0,0,0,0,0
ENSG00000287542.1,0,0,0,60,81,0,118,0
ENSG00000287585.2,0,0,0,0,0,0,0,0
ENSG00000287694.1,0,0,0,0,0,0,0,0
ENSG00000287725.2,29,35,28,12,49,3,34,12
ENSG00000287839.3,86,180,132,161,147,1,141,16
ENSG00000287856.1,101,60,53,358,119,4,15,22
ENSG00000287908.1,180,290,144,77,271,5,226,37
ENSG00000288000.1,0,0,0,0,0,2,9,0
ENSG00000288053.1,0,0,0,0,3,0,0,0
ENSG00000288113.2,0,0,0,0,0,0,0,0
ENSG00000288114.1,12,9,11,43,26,0,3,13
ENSG00000288119.1,0,0,0,0,0,0,0,0
ENSG00000288128.1,0,0,0,0,0,0,0,0
ENSG00000288133.1,0,4,0,0,0,0,0,0
ENSG00000288136.1,0,0,8,11,0,0,0,11
ENSG00000288137.1,1,0,1,1,1,0,0,0
ENSG00000288142.2,2,3,0,0,1,0,0,0
ENSG00000288147.1,0,0,0,58,0,0,0,0
ENSG00000288148.1,0,0,0,5,1,0,3,0
ENSG00000288149.1,0,0,0,0,0,0,0,0
ENSG00000288152.1,6,7,6,0,4,0,0,8
ENSG00000288157.1,0,0,0,0,0,0,0,0
ENSG00000288160.3,0,0,0,0,0,0,0,0
ENSG00000288164.1,1,3,0,0,0,0,0,0
ENSG00000288165.1,0,0,0,0,3,0,0,0
ENSG00000288175.3,0,0,0,0,0,0,0,0
ENSG00000288181.1,0,0,0,0,0,0,0,0
ENSG00000288184.1,0,0,0,0,0,0,0,0
ENSG00000288188.1,0,0,0,0,4,0,3,1
ENSG00000288190.1,0,5,0,0,0,0,0,0
ENSG00000288191.1,0,0,0,0,102,28,40,0
ENSG00000288193.2,0,0,0,0,0,0,0,0
ENSG00000288194.1,0,0,0,0,0,0,0,0
ENSG00000288195.1,0,0,0,0,0,0,0,0
ENSG00000288198.2,0,16,6,32,0,35,4,0
ENSG00000288199.3,0,0,11,0,11,24,100,11
ENSG00000288202.1,0,0,0,0,0,0,0,0
ENSG00000288208.1,0,0,0,5,0,0,0,0
ENSG00000288214.1,0,0,0,0,0,0,0,0
ENSG00000288216.2,0,0,0,0,0,0,0,4
ENSG00000288219.1,0,0,0,0,0,0,0,0
ENSG00000288236.1,0,0,0,1,0,0,0,0
ENSG00000288241.1,0,0,0,0,0,0,0,0
ENSG00000288243.1,0,0,0,0,0,0,0,0
ENSG00000288258.1,90,165,144,271,105,0,0,36
ENSG00000288261.1,1,0,1,1,1,0,1,0
ENSG00000288265.1,0,0,0,0,0,0,0,0
ENSG00000288270.1,0,0,0,0,0,0,0,0
ENSG00000288274.1,0,0,0,0,0,0,0,0
ENSG00000288280.1,0,0,2,0,0,0,0,0
ENSG00000288282.1,1,0,1,1,1,0,1,0
ENSG00000288284.1,15,0,2,1,13,0,0,0
ENSG00000288299.1,0,0,0,0,11,0,0,0
ENSG00000288309.2,0,0,0,0,0,0,0,0
ENSG00000288313.1,0,0,0,0,0,0,0,0
ENSG00000288316.1,0,0,0,0,0,0,0,0
ENSG00000288318.1,2,42,0,3,13,1,9,3
ENSG00000288319.1,0,0,0,0,0,0,0,0
ENSG00000288324.1,0,0,0,57,0,0,93,0
ENSG00000288336.1,373,268,468,125,328,16,68,68
ENSG00000288339.1,0,0,0,0,2,0,0,0
ENSG00000288344.1,0,0,0,0,2,0,0,0
ENSG00000288345.1,0,0,2,0,0,0,0,0
ENSG00000288347.1,0,0,0,0,0,0,0,0
ENSG00000288350.1,0,0,0,0,0,0,0,0
ENSG00000288354.1,0,0,0,0,0,0,0,0
ENSG00000288357.1,0,0,0,0,0,0,0,0
ENSG00000288360.1,0,0,0,0,0,8,0,0
ENSG00000288363.1,0,0,0,0,0,0,0,0
ENSG00000288364.1,0,0,0,0,0,0,0,0
ENSG00000288370.1,0,0,0,0,3,0,0,0
ENSG00000288375.1,1,0,0,0,0,0,0,0
ENSG00000288381.1,0,0,0,0,0,0,0,0
ENSG00000288382.1,0,0,0,4,4,0,5,2
ENSG00000288389.1,0,0,0,0,0,0,0,0
ENSG00000288399.2,0,0,0,0,11,0,85,11
ENSG00000288405.1,0,0,0,0,0,0,0,0
ENSG00000288413.1,0,0,0,0,0,0,0,0
ENSG00000288416.1,0,0,0,0,0,0,0,0
ENSG00000288422.1,2,7,0,19,0,0,0,0
ENSG00000288423.1,38,0,4,0,0,0,0,8
ENSG00000288429.1,0,0,0,1,0,0,0,0
ENSG00000288431.1,0,0,0,1,0,0,0,2
ENSG00000288438.1,7,2,2,8,9,0,37,1
ENSG00000288440.1,0,0,0,0,0,0,0,0
ENSG00000288453.1,0,0,0,0,0,0,0,73
ENSG00000288460.1,0,0,0,1,0,0,0,0
ENSG00000288461.1,0,0,0,0,0,0,0,0
ENSG00000288465.1,0,0,0,0,0,0,0,0
ENSG00000288466.1,0,0,0,0,0,0,0,0
ENSG00000288475.5,115,192,63,406,584,23,202,127
ENSG00000288477.1,0,0,0,0,0,0,0,0
ENSG00000288478.1,0,0,0,8,2,0,1,0
ENSG00000288480.1,11,11,2,111,104,2,116,0
ENSG00000288485.1,273,246,174,339,54,0,80,178
ENSG00000288487.1,0,0,0,0,0,0,0,0
ENSG00000288488.2,0,0,0,0,0,25,0,33
ENSG00000288501.1,0,0,0,0,0,0,0,0
ENSG00000288505.1,0,0,0,0,0,0,0,0
ENSG00000288506.1,0,0,0,0,0,0,0,0
ENSG00000288511.3,0,0,0,0,0,0,0,0
ENSG00000288516.1,0,0,0,2086,551,259,702,210
ENSG00000288517.1,0,0,0,0,0,0,0,0
ENSG00000288520.1,0,0,0,0,0,0,7,0
ENSG00000288529.1,2,0,0,0,0,1,0,0
ENSG00000288534.1,0,0,0,140,154,0,0,0
ENSG00000288550.3,136,0,5,273,101,4,0,17
ENSG00000288558.3,83,6,12,140,272,16,30,47
ENSG00000288564.1,0,0,0,0,0,0,0,0
ENSG00000288570.1,0,0,0,0,0,0,0,0
ENSG00000288591.1,0,0,0,0,2,0,2,0
ENSG00000288593.1,0,0,0,0,1,0,0,0
ENSG00000288602.1,5,10,22,18,30,1,26,10
ENSG00000288608.1,0,0,0,0,0,0,0,0
ENSG00000288611.1,0,1,0,0,0,0,0,0
ENSG00000288614.1,0,0,0,0,0,0,0,0
ENSG00000288622.1,7,0,5,8,0,1,13,0
ENSG00000288623.1,0,0,0,0,0,0,0,0
ENSG00000288625.1,0,0,0,0,0,0,0,0
ENSG00000288626.1,0,0,0,0,0,0,0,0
ENSG00000288629.1,0,0,0,0,0,0,0,0
ENSG00000288634.1,0,0,0,0,0,0,8,6
ENSG00000288635.1,1,0,3,4,1,0,0,0
ENSG00000288636.1,0,0,0,0,0,0,0,0
ENSG00000288637.1,2,0,0,0,2,0,13,5
ENSG00000288640.1,113,0,0,100,53,23,26,62
ENSG00000288643.1,0,0,0,0,0,0,0,0
ENSG00000288644.1,0,0,0,0,0,0,0,0
ENSG00000288645.1,0,0,0,0,0,0,0,0
ENSG00000288646.1,0,0,0,0,0,0,0,0
ENSG00000288649.2,23,1,3,2,5,0,1,0
ENSG00000288654.1,0,0,0,0,0,0,0,0
ENSG00000288658.2,18,25,24,101,129,8,69,55
ENSG00000288661.1,0,0,0,0,0,0,0,0
ENSG00000288669.1,0,0,1,3,2,2,2,0
ENSG00000288671.1,0,0,0,0,0,0,0,0
ENSG00000288673.2,1353,1506,468,1502,1980,163,1477,595
ENSG00000288674.1,17,0,2,8,0,0,0,7
ENSG00000288675.1,10,1,6,3,1,1,1,0
ENSG00000288677.2,0,0,0,0,0,0,0,0
ENSG00000288678.2,0,0,0,0,0,0,0,0
ENSG00000288681.1,0,555,759,0,0,0,0,0
ENSG00000288683.1,0,0,0,0,4,0,0,0
ENSG00000288684.1,0,0,0,0,0,0,83,0
ENSG00000288695.1,12,16,4,23,12,2,11,3
ENSG00000288698.1,0,1,2,0,9,0,0,4
ENSG00000288699.1,0,0,0,0,0,0,0,0
ENSG00000288701.1,2449,1283,1561,6328,5517,633,2774,1724
ENSG00000288702.1,0,0,0,0,0,0,0,0
ENSG00000288705.1,0,0,0,0,0,0,0,0
ENSG00000288706.1,0,0,0,0,0,0,4,5
ENSG00000288708.1,0,0,0,0,0,0,0,0
ENSG00000288709.1,68,139,83,250,259,0,160,180
ENSG00000288710.1,7,1,10,14,14,45,14,134
ENSG00000288711.1,3,0,0,0,0,0,0,0
ENSG00000288712.1,0,0,0,0,0,0,0,0
ENSG00000288715.2,0,0,0,0,0,0,0,0
ENSG00000288716.1,0,0,0,0,0,0,0,0
ENSG00000288721.1,8,0,5,4,15,0,7,8
ENSG00000288722.1,300,50,258,337,871,182,325,393
ENSG00000288725.1,0,0,0,0,0,0,0,0
ENSG00000288784.1,18,14,11,22,0,0,17,3
ENSG00000288796.1,6,40,0,0,6,0,3,0
ENSG00000288825.1,0,0,0,0,0,0,0,0
ENSG00000288841.1,0,0,0,15,0,0,0,0
ENSG00000288859.2,126,193,575,68,212,43,129,242
ENSG00000288864.1,4,4,9,7,10,2,7,4
ENSG00000288867.1,0,1,1,0,1,0,0,0
ENSG00000288894.1,0,0,0,51,4,0,0,0
ENSG00000288914.1,0,0,0,0,0,0,0,0
ENSG00000288920.2,625,300,61,446,434,73,86,289
ENSG00000289025.1,0,0,0,0,0,0,0,0
ENSG00000289027.1,0,0,0,166,71,0,128,26
ENSG00000289051.1,0,0,0,0,0,0,0,0
ENSG00000289258.1,0,0,0,0,2,24,0,10
ENSG00000289281.1,0,0,0,0,0,6,2,13
ENSG00000289282.1,0,0,0,0,0,0,0,0
ENSG00000289325.1,0,0,0,0,0,0,0,0
ENSG00000289346.1,121,116,178,715,702,32,561,227
ENSG00000289360.1,0,0,0,0,0,0,0,0
ENSG00000289490.1,0,0,0,0,0,0,0,0
ENSG00000289491.1,0,0,0,0,0,0,0,0
ENSG00000289503.1,0,0,0,0,0,0,0,0
ENSG00000289517.1,2,0,0,31,0,14,201,104
ENSG00000289549.1,0,0,0,0,0,0,0,0
ENSG00000289565.1,0,0,0,0,0,0,0,2
ENSG00000289604.1,0,12,0,0,19,0,0,3
ENSG00000289653.1,0,0,0,0,0,0,0,0
ENSG00000289685.2,0,0,0,0,0,0,0,0
ENSG00000289690.1,0,0,8,0,3,0,0,0
ENSG00000289692.1,0,0,0,15,10,95,235,18
ENSG00000289694.1,136,114,55,12,730,0,1332,421
ENSG00000289695.1,1,1,0,0,1,0,0,0
ENSG00000289697.1,72,0,0,37,128,0,193,0
ENSG00000289700.1,0,0,0,22,10,4,0,10
ENSG00000289701.1,43,4,31,15,29,26,76,43
ENSG00000289710.1,0,0,0,0,0,0,0,0
ENSG00000289715.1,0,0,0,0,0,0,0,0
ENSG00000289716.1,10,5,2,2,13,0,3,3
ENSG00000289720.1,5,3,0,15,3,20,0,0
ENSG00000289721.1,0,0,0,0,0,0,1,0
ENSG00000289723.1,0,0,0,0,1,0,0,0
ENSG00000289724.1,0,0,0,0,0,0,0,0
ENSG00000289731.3,4,6,23,4,37,0,4,7
ENSG00000289746.1,2,13,0,2,11,0,6,0
ENSG00000289747.1,0,0,0,0,0,4,0,8
ENSG00000289758.1,0,0,2,0,0,0,0,0
ENSG00000289760.1,0,0,0,0,0,0,0,0
ENSG00000289761.1,0,0,0,0,0,0,0,0
ENSG00000289762.1,0,3,0,0,0,0,0,0
ENSG00000289763.1,0,0,0,0,0,2,0,2
ENSG00000289764.2,0,0,0,0,0,0,0,0
ENSG00000289766.1,0,0,0,0,0,0,0,0
ENSG00000289767.1,0,0,0,0,0,0,0,1
ENSG00000289768.1,0,0,0,0,0,0,0,0
ENSG00000289791.1,0,4,0,0,0,0,0,0
ENSG00000289809.2,1,0,1,1,0,1,0,0
ENSG00000290146.1,9,1,0,19,30,0,29,2
ENSG00000290147.1,0,0,0,0,0,0,0,0
ENSG00000290149.1,0,0,0,0,0,0,0,0
ENSG00000290180.1,0,0,0,0,0,0,0,0
ENSG00000290184.1,0,0,0,0,0,0,7,0
ENSG00000290203.13,1,0,0,0,0,0,0,1
ENSG00000290217.1,0,0,0,1,2,0,0,0
ENSG00000290230.1,0,0,0,0,0,0,70,0
ENSG00000290263.1,0,0,3,17,17,2,4,0
ENSG00000290292.10,92,92,74,389,444,71,279,167
ENSG00000290315.1,0,0,0,4,9,92,461,231
ENSG00000290316.1,0,0,0,0,56,2,0,0
ENSG00000290317.1,0,0,0,0,0,0,0,0
ENSG00000290318.1,0,0,0,45,399,118,113,643
ENSG00000290320.1,0,0,0,0,0,0,0,0
ENSG00000291237.2,3196,3194,7995,26775,23442,1999,11624,6581
ENSG00000291239.1,2,9,0,10,24,1,0,0
ENSG00000291240.1,0,0,0,0,0,0,2,0
ENSG00000291302.1,0,0,0,0,0,0,0,0
ENSG00000291303.1,0,0,0,0,0,0,0,0
ENSG00000291307.1,0,0,0,0,0,0,0,0
ENSG00000291309.3,12,10,5,25,24,1,17,8
ENSG00000291312.1,0,0,0,0,0,0,0,0
ENSG00000291313.1,0,0,0,0,0,30,103,91
ENSG00000291314.1,0,0,0,0,0,0,0,0
ENSG00000291315.1,11,54,17,0,0,0,0,0
ENSG00000291316.1,169,179,146,72,446,30,225,112
ENSG00000291317.2,185,358,267,155,361,39,210,321
ENSG00000291348.1,2,4,0,10,9,1,15,0
ENSG00000291365.1,0,0,0,25,4,0,0,0
ENSG00000291379.1,2470,0,705,4668,1472,0,565,1558
ENSG00000291421.1,172,43,0,149,24,35,54,0
ENSG00000291431.1,0,0,0,451,21,0,272,0
ENSG00000291442.1,560,544,384,650,885,104,395,604
ENSG00000291455.1,0,0,0,0,0,0,0,0
ENSG00000291458.1,0,0,0,0,1,0,0,0
ENSG00000291459.1,0,0,0,0,0,0,0,0
ENSG00000291473.2,0,0,0,0,0,0,0,0
ENSG00000291483.1,0,0,0,0,0,0,0,0
ENSG00000291485.1,1,3,1,0,2,0,0,0
ENSG00000291507.1,0,0,0,0,0,0,0,0
ENSG00000291544.1,32,975,12,767,588,30,182,40
ENSG00000291603.1,0,0,0,0,0,0,0,0
ENSG00000291652.1,0,0,0,0,0,0,0,0
ENSG00000291674.1,8,7,2,36,32,6,22,3
ENSG00000291738.2,0,0,0,0,38,0,0,1
ENSG00000291748.1,13441,2542,1489,4792,16760,1157,4069,1592
ENSG00000291780.2,1,2,0,0,1,0,0,0
ENSG00000291784.1,9,0,0,15,0,11,58,37
ENSG00000291827.3,0,0,0,0,0,0,0,0
ENSG00000291835.1,468,303,282,367,633,93,293,383
ENSG00000291888.2,0,0,0,0,0,0,0,0
ENSG00000291895.1,0,0,0,3,0,0,0,0
ENSG00000291901.1,0,0,0,0,0,0,0,0
ENSG00000291918.1,0,0,0,0,0,0,0,0
ENSG00000291925.2,0,0,2,1,4,0,0,0
ENSG00000291927.2,0,0,9,0,1,0,0,0
ENSG00000291928.1,2,0,6,1,2,0,0,0
ENSG00000291975.1,0,1,0,454,420,14,16,50
ENSG00000291983.2,12,9,4,5,7,0,10,2
ENSG00000291987.1,0,0,0,0,0,0,0,0
ENSG00000291994.1,0,0,0,0,0,5,0,0
ENSG00000291995.1,366,315,509,425,1002,0,1342,172
ENSG00000291999.1,0,0,0,0,0,2,5,0
ENSG00000292002.1,0,0,0,0,0,0,0,0
ENSG00000292003.1,0,0,0,0,0,0,0,0
ENSG00000292007.1,0,0,0,0,0,0,0,0
ENSG00000292011.1,0,0,0,0,0,0,0,0
ENSG00000292014.1,0,0,0,0,0,0,0,0
ENSG00000292015.1,0,0,0,0,0,0,0,0
ENSG00000292017.1,0,0,0,0,0,0,0,0
ENSG00000292018.1,0,0,0,0,0,0,0,0
ENSG00000292019.1,0,0,0,0,0,0,0,0
ENSG00000292044.1,0,0,0,0,0,0,0,0
ENSG00000292047.1,0,0,0,0,0,0,0,0
ENSG00000292048.1,0,0,0,0,0,0,0,0
ENSG00000292049.1,0,0,0,0,0,0,0,0
ENSG00000292050.1,0,0,0,0,0,0,0,0
ENSG00000292058.1,77,27,76,82,136,3,22,61
ENSG00000292063.1,0,0,0,0,0,0,0,0
ENSG00000292096.1,430,401,153,893,1108,74,493,278
ENSG00000292099.1,13,0,0,803,1466,135,255,694
ENSG00000292118.1,0,8,19,4,8,0,5,13
ENSG00000292120.1,191,60,42,854,219,224,149,555
ENSG00000292155.1,155,25,123,1242,692,151,1026,233
ENSG00000292165.1,0,21,0,7,0,0,23,0
ENSG00000292166.1,0,0,0,0,0,0,0,0
ENSG00000292167.1,0,0,0,0,0,0,0,0
ENSG00000292169.1,44,14,0,0,76,10,70,107
ENSG00000292188.1,0,0,0,0,0,0,0,0
ENSG00000292189.1,0,0,0,0,0,0,0,0
ENSG00000292195.1,0,0,0,0,0,0,0,0
ENSG00000292210.1,0,8,0,2,2,0,0,0
ENSG00000292214.1,0,0,0,0,0,0,0,5
ENSG00000292224.1,164,737,131,415,1459,66,365,227
ENSG00000292225.2,10,19,13,203,149,0,151,40
ENSG00000292226.2,13,68,35,75,120,0,28,0
ENSG00000292227.2,133,75,83,69,161,6,67,47
ENSG00000292228.2,76,3,52,0,93,8,86,58
ENSG00000292232.1,537,153,299,281,426,51,0,249
ENSG00000292233.2,3,0,0,25,77,6,95,23
ENSG00000292234.1,596,0,85,940,3010,982,1808,803
ENSG00000292243.1,0,0,0,0,0,0,0,0
ENSG00000292244.1,13,5,6,10,86,15,19,0
ENSG00000292245.1,0,0,0,0,0,0,0,0
ENSG00000292247.1,0,0,0,0,0,0,0,0
ENSG00000292248.2,3,6,0,0,53,0,0,0
ENSG00000292249.1,0,0,0,0,0,0,0,0
ENSG00000292250.1,0,0,0,0,0,0,0,0
ENSG00000292251.1,908,168,232,1135,468,103,141,44
ENSG00000292252.1,0,0,0,0,0,0,0,0
ENSG00000292253.1,657,509,426,5442,1207,174,2530,1120
ENSG00000292254.1,0,8,0,0,62,30,153,29
ENSG00000292258.2,0,0,0,0,0,0,0,0
ENSG00000292259.1,0,0,0,0,0,0,0,0
ENSG00000292260.1,32,15,84,0,14,0,0,0
ENSG00000292264.1,50,0,32,70,12,0,37,0
ENSG00000292266.1,0,0,0,0,0,0,0,0
ENSG00000292270.1,0,0,0,0,152,0,0,0
ENSG00000292271.1,0,0,0,0,0,0,0,0
ENSG00000292275.1,0,0,0,0,0,0,0,0
ENSG00000292276.1,0,0,0,0,0,0,0,0
ENSG00000292277.1,7,6,19,18,37,0,5,10
ENSG00000292279.1,4,35,42,17,15,0,38,20
ENSG00000292284.1,0,0,0,3,0,0,0,0
ENSG00000292286.1,170,126,37,758,452,50,192,248
ENSG00000292288.1,0,0,0,0,5,0,0,0
ENSG00000292296.1,0,0,0,0,0,0,0,0
ENSG00000292297.1,3,3,0,3,0,2,5,0
ENSG00000292298.1,0,0,0,0,3,0,0,1
ENSG00000292301.1,167,79,30,63,127,0,117,52
ENSG00000292302.1,0,0,0,0,0,0,0,0
ENSG00000292303.1,0,0,0,0,0,0,0,0
ENSG00000292304.1,0,0,0,0,0,0,0,0
ENSG00000292308.1,35,181,32,187,82,52,148,63
ENSG00000292320.1,0,0,0,0,0,0,0,0
ENSG00000292321.1,0,5,0,0,0,0,0,0
ENSG00000292322.1,0,0,0,0,0,0,0,0
ENSG00000292323.1,0,0,0,0,0,0,0,0
ENSG00000292324.1,0,0,0,0,0,0,0,0
ENSG00000292325.1,0,0,0,0,0,0,0,0
ENSG00000292378.1,0,106,68,120,225,0,124,84
ENSG00000292379.1,0,3,21,0,0,0,9,0
ENSG00000292386.1,0,0,0,0,0,0,0,0
ENSG00000292388.1,0,0,0,0,0,0,0,0
ENSG00000292418.1,0,0,0,0,0,0,0,0
ENSG00000292438.1,0,0,0,0,0,0,0,0
ENSG00000292440.1,0,0,0,0,0,0,0,0
ENSG00000292447.1,0,0,0,1,2,0,0,0
ENSG00000293137.3,3,11,22,28,45,5,46,9
ENSG00000293164.1,41,63,36,83,134,15,38,35
ENSG00000293253.2,0,0,0,0,0,0,0,0
ENSG00000293268.2,193,185,264,380,942,13,511,166
ENSG00000293532.1,1,0,0,0,0,0,0,0
ENSG00000293542.1,3,0,6,34,0,18,8,12
ENSG00000293543.1,47,2,0,78,96,80,62,61
ENSG00000293547.1,0,0,0,0,0,0,0,0
ENSG00000293551.1,0,0,0,0,0,0,0,0
ENSG00000293553.1,0,0,0,0,0,0,0,0
ENSG00000293560.3,0,1,1,0,0,0,0,0
ENSG00000293562.1,0,0,0,0,0,0,0,0
ENSG00000293563.2,0,0,0,0,0,0,0,0
ENSG00000293564.1,0,0,0,0,0,0,0,0
ENSG00000293565.1,0,0,0,0,0,0,0,0
ENSG00000293569.1,0,0,2,0,1,0,0,0
ENSG00000293570.1,0,1,0,0,0,0,0,0
ENSG00000293575.1,0,0,0,0,0,0,0,0
ENSG00000293584.1,0,0,0,0,0,0,0,0
ENSG00000293600.2,1188,760,661,2419,2454,432,791,1150
ENSG00000293604.1,53,83,8,136,129,13,28,47
ENSG00000293606.1,3,0,0,62,2,0,3,0
ENSG00000293615.1,76,50,18,61,107,4,67,17
ENSG00000293626.1,0,0,0,0,0,0,0,6
ENSG00000293642.1,0,0,0,0,0,0,0,8
ENSG00000293661.1,0,2,0,1,3,0,0,0
ENSG00000293662.2,0,0,0,1,2,0,0,0
ENSG00000293663.1,0,0,0,0,0,0,0,0
ENSG00000293685.1,0,0,0,0,0,0,0,0
ENSG00000293689.1,0,4,35,2,8,0,0,0
ENSG00000293691.1,0,0,132,39,19,1,20,0
ENSG00000300293.2,0,0,0,0,0,0,0,0
ENSG00000300510.1,4,0,4,2,2,0,0,77
ENSG00000310517.2,4542,3179,1395,19061,14188,1995,7754,2091
ENSG00000310525.1,0,0,2,2,4,0,4,1
ENSG00000310558.1,0,2,0,0,0,0,0,0
ENSG00000310560.2,660,381,500,113,267,46,151,167
ENSG00000310561.1,0,0,0,0,0,0,0,0
ENSG00000310562.1,0,0,0,0,0,0,0,0
ENSG00000310576.1,229,83,27,38,102,56,33,133
ENSG00000310579.1,0,0,0,0,0,2,0,0
ENSG00000310583.1,0,0,0,0,0,0,0,0
ENSG00000310590.1,0,0,0,0,0,0,0,0
ENSG00000310592.1,0,0,0,0,4,0,0,6
