Sample	0	1	2	3	4	5	6	7	8	9	10	11	12	13	14	15	16	17	18	19	20	21	22	23	24	25	26	27	28	29	30	31	32	33	34	35	36	37	38	39	40	41	42	43	44	45	46	47	48	49	50	51	52	53	54	55	56	57	58	59	60	61	62	63	64	65	66	67	68	69	70	71	72	73	74	75	76	77	78	79	80	81	82	83	84	85	86	87	88	89	90	91	92	93	94	95	96	97	98	99	100
SRR15652275_1	(0.0, 0.005897979258220309)	(1.0, 0.003558267879959336)	(2.0, 0.0011667471266261537)	(3.0, 0.001129444376574163)	(4.0, 0.0012081946266839214)	(5.0, 0.001218556501698363)	(6.0, 0.0010527665014672934)	(7.0, 0.0009201345012824374)	(8.0, 0.0008973383762506653)	(9.0, 0.0008807593762275584)	(10.0, 0.0008413842511726794)	(11.0, 0.0008413842511726794)	(12.0, 0.0009429306263142096)	(13.0, 0.0010092466264066374)	(14.0, 0.00105691125147307)	(15.0, 0.001284872501790791)	(16.0, 0.0015273403771287307)	(17.0, 0.00184648612757354)	(18.0, 0.0023707970033042982)	(19.0, 0.002886818379023503)	(20.0, 0.0035644850049680013)	(21.0, 0.0047208702565797135)	(22.0, 0.006637817134251458)	(23.0, 0.00951220126325763)	(24.0, 0.01371497776911525)	(25.0, 0.020019142527901677)	(26.0, 0.03810268680310562)	(27.0, 0.07703639598236947)	(28.0, 0.10542586114693729)	(29.0, 0.11951386641657245)	(30.0, 0.16548328873064233)	(31.0, 0.22241764718499457)	(32.0, 0.30717156767812037)	(33.0, 0.4136564124515336)	(34.0, 0.5239378482302384)	(35.0, 0.6620657869227542)	(36.0, 0.8439788646762956)	(37.0, 1.099964842158076)	(38.0, 1.3757772312924896)	(39.0, 1.719963488897199)	(40.0, 2.040008650093262)	(41.0, 2.3646275429207)	(42.0, 2.866915289495763)	(43.0, 3.3927887359786997)	(44.0, 3.9082070505720634)	(45.0, 4.378024825601872)	(46.0, 4.93046819199684)	(47.0, 4.795896448809281)	(48.0, 4.515514472793498)	(49.0, 4.423836747415723)	(50.0, 4.017562134724477)	(51.0, 4.167606229683601)	(52.0, 4.321612705648247)	(53.0, 4.128935712129704)	(54.0, 3.9739925226637522)	(55.0, 4.0185029929757885)	(56.0, 4.2100609039927726)	(57.0, 3.742116555965575)	(58.0, 3.0236718070892428)	(59.0, 2.7239504275465056)	(60.0, 2.5216389626395346)	(61.0, 2.3155184724772537)	(62.0, 1.9853062395170207)	(63.0, 1.6841963687223487)	(64.0, 1.408667894963331)	(65.0, 1.1165770001812292)	(66.0, 0.9032550068839117)	(67.0, 0.7457400000393751)	(68.0, 0.6209084193653911)	(69.0, 0.4536428881322648)	(70.0, 0.2934358661589762)	(71.0, 0.20007744465385793)	(72.0, 0.13499865243815437)	(73.0, 0.10325401214391029)	(74.0, 0.09041564900101681)	(75.0, 0.0889193942489314)	(76.0, 0.14943688908327768)	(77.0, 0.1468298413296441)	(78.0, 0.08829975412306779)	(79.0, 0.08089101348774184)	(80.0, 0.0656238268414632)	(81.0, 0.10031952913982034)	(82.0, 0.22707841856649055)	(83.0, 0.183757491506112)	(84.0, 0.07868186173466285)	(85.0, 0.0951054336325532)	(86.0, 0.0792787057354947)	(87.0, 0.05878291695692869)	(88.0, 0.041598783432978306)	(89.0, 0.043457703810569175)	(90.0, 0.04961265756914764)	(91.0, 0.04238214118407011)	(92.0, 0.029282658790812707)	(93.0, 0.02282099353180676)	(94.0, 0.016396631022852805)	(95.0, 0.009992992263927733)	(96.0, 0.0053715960074866625)	(97.0, 0.003910571630450359)	(98.0, 0.00299250950417081)	(99.0, 0.0015915840022182703)	(100.0, 0.0004476330006238885)
SRR15652275_2	(0.0, 0.009370645426537033)	(1.0, 0.009878792422885323)	(2.0, 0.011565010823012504)	(3.0, 0.014391967378207275)	(4.0, 0.017218923933402047)	(5.0, 0.019270178543150857)	(6.0, 0.020744841867247323)	(7.0, 0.02208469068210853)	(8.0, 0.023349872999547126)	(9.0, 0.023963797533910775)	(10.0, 0.024258315384855497)	(11.0, 0.024984239665353056)	(12.0, 0.02583460810822162)	(13.0, 0.026479643683178018)	(14.0, 0.02656053238871918)	(15.0, 0.026626902608650384)	(16.0, 0.02712675332750727)	(17.0, 0.027433715594689097)	(18.0, 0.027873418301733333)	(19.0, 0.028873119739447107)	(20.0, 0.030028376380124653)	(21.0, 0.03162540979721927)	(22.0, 0.034292663010704584)	(23.0, 0.03974539139192766)	(24.0, 0.0466810793747386)	(25.0, 0.06657555279911735)	(26.0, 0.09030498049389607)	(27.0, 0.116813661148294)	(28.0, 0.142158788884523)	(29.0, 0.16369177711345334)	(30.0, 0.20198946808313162)	(31.0, 0.25594016060971003)	(32.0, 0.331033916323123)	(33.0, 0.43606271529488233)	(34.0, 0.5687948588798014)	(35.0, 0.7465052708843489)	(36.0, 0.9561667215776534)	(37.0, 1.2117916236426902)	(38.0, 1.5553902522265395)	(39.0, 1.9014798381271816)	(40.0, 2.1688937505074986)	(41.0, 2.43510262858219)	(42.0, 2.8414107446541643)	(43.0, 3.208925467176348)	(44.0, 3.4371996164216103)	(45.0, 3.657544598454466)	(46.0, 3.9538254083661113)	(47.0, 3.984579709026734)	(48.0, 3.978332612075709)	(49.0, 4.048830230058885)	(50.0, 4.059793760763772)	(51.0, 4.322808572004274)	(52.0, 4.308078531318292)	(53.0, 4.150053111731465)	(54.0, 4.1272279782832495)	(55.0, 4.127920717453781)	(56.0, 4.2310600392268745)	(57.0, 3.8078047023093413)	(58.0, 3.1675602276042247)	(59.0, 2.943981771419096)	(60.0, 2.7068596422292557)	(61.0, 2.414432453212365)	(62.0, 2.0648003568228948)	(63.0, 1.6875893599826357)	(64.0, 1.4194744121542955)	(65.0, 1.1954168459440382)	(66.0, 0.9803731852281875)	(67.0, 0.7813268215851303)	(68.0, 0.6017373027287806)	(69.0, 0.4464683213384717)	(70.0, 0.3399295998632773)	(71.0, 0.25161780003669026)	(72.0, 0.18502980282133583)	(73.0, 0.14845358943112322)	(74.0, 0.12752830352843791)	(75.0, 0.10437339304993871)	(76.0, 0.0914394964408451)	(77.0, 0.08371981023509681)	(78.0, 0.07543597715993325)	(79.0, 0.07643567859764704)	(80.0, 0.0780472305003516)	(81.0, 0.08467803028535358)	(82.0, 0.12191794587487824)	(83.0, 0.1245416436315337)	(84.0, 0.10879323488348241)	(85.0, 0.13726813330334228)	(86.0, 0.1356026555969436)	(87.0, 0.1167265502346343)	(88.0, 0.125810974087718)	(89.0, 0.14403167352820667)	(90.0, 0.15449950165298143)	(91.0, 0.12283261046830515)	(92.0, 0.07233939158626795)	(93.0, 0.049018555557940734)	(94.0, 0.04119101774480422)	(95.0, 0.037524063093605134)	(96.0, 0.034850587672001276)	(97.0, 0.03221444549910872)	(98.0, 0.03116704046581939)	(99.0, 0.03544584558200928)	(100.0, 0.10316006246682138)
SRR15652276_1	(0.0, 0.048220731588502576)	(1.0, 0.027756166378476582)	(2.0, 0.006384488310648779)	(3.0, 0.0051774829506775226)	(4.0, 0.004431469370900627)	(5.0, 0.003459916801888857)	(6.0, 0.0027411661768546387)	(7.0, 0.0022727390453668207)	(8.0, 0.0018489240216397471)	(9.0, 0.0016233850324048722)	(10.0, 0.0014300658987749788)	(11.0, 0.0012863157737681352)	(12.0, 0.0012764019720435252)	(13.0, 0.001259052819025458)	(14.0, 0.0012392252155762381)	(15.0, 0.0013309278815288798)	(16.0, 0.0014994625108472482)	(17.0, 0.0018092688147413076)	(18.0, 0.002242997640192991)	(19.0, 0.0028204765906515183)	(20.0, 0.0036705850885368173)	(21.0, 0.004572741045476319)	(22.0, 0.0069223120542088665)	(23.0, 0.0099088448237476)	(24.0, 0.014290745186025178)	(25.0, 0.024216939162790843)	(26.0, 0.055827095961709525)	(27.0, 0.11688867923401308)	(28.0, 0.1460302994035039)	(29.0, 0.14980497941014911)	(30.0, 0.2021151542100533)	(31.0, 0.2707583173512522)	(32.0, 0.3543762779974745)	(33.0, 0.4581936096575894)	(34.0, 0.5770055664261768)	(35.0, 0.7402610963261904)	(36.0, 0.9745861923395013)	(37.0, 1.2806004670738975)	(38.0, 1.5979263895760738)	(39.0, 1.970506885990363)	(40.0, 2.401529243571228)	(41.0, 2.804270003282212)	(42.0, 3.163337987945858)	(43.0, 3.349219291831863)	(44.0, 3.6203097215408895)	(45.0, 4.0266541481787685)	(46.0, 4.168344680877325)	(47.0, 4.118448516797364)	(48.0, 4.5068192209085245)	(49.0, 4.615256384172308)	(50.0, 4.170265479961468)	(51.0, 4.3565383790155945)	(52.0, 4.643406624169338)	(53.0, 4.5391828266385135)	(54.0, 4.224246130351969)	(55.0, 3.768035281039302)	(56.0, 3.4728964467968026)	(57.0, 3.08151442541179)	(58.0, 2.6138134799003)	(59.0, 2.311737462901005)	(60.0, 2.1087251096348743)	(61.0, 2.0816306895215155)	(62.0, 1.8897366648895348)	(63.0, 1.5514380948389468)	(64.0, 1.4065181412285992)	(65.0, 1.3085747370903156)	(66.0, 1.346388455318409)	(67.0, 1.3792675787380775)	(68.0, 1.0932692696856687)	(69.0, 0.75567953645839)	(70.0, 0.5095471025910687)	(71.0, 0.2938797814234737)	(72.0, 0.17680273995669304)	(73.0, 0.1606531569473035)	(74.0, 0.11475721186322196)	(75.0, 0.07420480590870514)	(76.0, 0.1333728530516082)	(77.0, 0.12366724116321509)	(78.0, 0.05089250115328495)	(79.0, 0.03732050659229399)	(80.0, 0.03233634277524636)	(81.0, 0.03691651917201614)	(82.0, 0.06669510110231314)	(83.0, 0.05283808474173964)	(84.0, 0.018801524970722686)	(85.0, 0.02127006160015055)	(86.0, 0.02037781944493566)	(87.0, 0.016320596089139053)	(88.0, 0.011286863263468377)	(89.0, 0.012255937382048995)	(90.0, 0.017693657627997527)	(91.0, 0.018699908503045433)	(92.0, 0.014028029440323015)	(93.0, 0.0100600303000479)	(94.0, 0.006513367733068707)	(95.0, 0.004557870342889404)	(96.0, 0.003410347793265807)	(97.0, 0.002540411691931288)	(98.0, 0.0016779109418902263)	(99.0, 0.0007881472371064874)	(100.0, 0.00020571138578565553)
SRR15652276_2	(0.0, 0.016395621738967265)	(1.0, 0.015738308613274934)	(2.0, 0.017020689315097336)	(3.0, 0.02112827624395207)	(4.0, 0.025029987740986182)	(5.0, 0.026734041014007445)	(6.0, 0.027311980479238815)	(7.0, 0.02768404451264957)	(8.0, 0.027287176210344762)	(9.0, 0.027438482250598473)	(10.0, 0.02766420109753433)	(11.0, 0.028323994650116067)	(12.0, 0.028869688565785177)	(13.0, 0.02918470278073961)	(14.0, 0.030092539022261854)	(15.0, 0.030318257869197715)	(16.0, 0.03082426495463634)	(17.0, 0.03210416522956934)	(18.0, 0.03298967762908694)	(19.0, 0.03374868825724487)	(20.0, 0.03538328957736279)	(21.0, 0.03817625025483286)	(22.0, 0.041847282051152304)	(23.0, 0.047366231880078505)	(24.0, 0.055405295428640214)	(25.0, 0.07571751122597803)	(26.0, 0.10545038834927617)	(27.0, 0.14518186626376597)	(28.0, 0.179697006429837)	(29.0, 0.2059374424928528)	(30.0, 0.24584751114337983)	(31.0, 0.3066303720682501)	(32.0, 0.3865993349826684)	(33.0, 0.4974297692550641)	(34.0, 0.6520198947103434)	(35.0, 0.8659145466644074)	(36.0, 1.0847526894090558)	(37.0, 1.333914050876681)	(38.0, 1.668151574224009)	(39.0, 1.9762553198645658)	(40.0, 2.236112282079305)	(41.0, 2.512660036832851)	(42.0, 2.8517939228598648)	(43.0, 3.0824587410131965)	(44.0, 3.2670099428655988)	(45.0, 3.6299683291653477)	(46.0, 4.010651846016786)	(47.0, 3.9953674555242715)	(48.0, 3.9313550787893963)	(49.0, 4.155908125087233)	(50.0, 4.500503911124717)	(51.0, 4.805256600037688)	(52.0, 4.687237888639796)	(53.0, 4.436169078894219)	(54.0, 4.095775136007387)	(55.0, 3.7220368144462843)	(56.0, 3.6206766500376366)	(57.0, 3.2739278534601497)	(58.0, 2.7745385469624555)	(59.0, 2.514073880159812)	(60.0, 2.372778842831744)	(61.0, 2.2691143618428393)	(62.0, 2.0192014310277244)	(63.0, 1.8161660879954755)	(64.0, 1.595060835073911)	(65.0, 1.3280255174412332)	(66.0, 1.2211637661918857)	(67.0, 1.0505674460192758)	(68.0, 0.7585294253413954)	(69.0, 0.5298737529684819)	(70.0, 0.3981804481293005)	(71.0, 0.2744790787277821)	(72.0, 0.1870068244729136)	(73.0, 0.1447527524118989)	(74.0, 0.12123830550033919)	(75.0, 0.09737411839737337)	(76.0, 0.0882213431754688)	(77.0, 0.0771859239445058)	(78.0, 0.060011448162265356)	(79.0, 0.05442552680732523)	(80.0, 0.05143909283248157)	(81.0, 0.0491397371060031)	(82.0, 0.0598328574262282)	(83.0, 0.059914711513578564)	(84.0, 0.053455679893567865)	(85.0, 0.056722402106914295)	(86.0, 0.05366155532538848)	(87.0, 0.04926623887736276)	(88.0, 0.04938033851427539)	(89.0, 0.053606985933821565)	(90.0, 0.05795021341716978)	(91.0, 0.050903320624370085)	(92.0, 0.03650444253137387)	(93.0, 0.029172300646292587)	(94.0, 0.02687046449292472)	(95.0, 0.026091610449651536)	(96.0, 0.025047350729212017)	(97.0, 0.024404920164856115)	(98.0, 0.02582124391870639)	(99.0, 0.030037969630694945)	(100.0, 0.08037079207050186)
SRR15652277_1	(0.0, 0.10085007720874624)	(1.0, 0.06101513677857352)	(2.0, 0.019001271835612905)	(3.0, 0.016922105312567114)	(4.0, 0.0161371674459122)	(5.0, 0.013945116881842462)	(6.0, 0.01132778225624063)	(7.0, 0.009169859425503713)	(8.0, 0.00777587277937074)	(9.0, 0.006287378564008415)	(10.0, 0.005113909579410602)	(11.0, 0.004496985169163429)	(12.0, 0.003890561599941741)	(13.0, 0.0034731531691787614)	(14.0, 0.0033838960204621484)	(15.0, 0.0033077649230273914)	(16.0, 0.0031397514666196506)	(17.0, 0.003173879199952473)	(18.0, 0.003292013661489166)	(19.0, 0.0035965380512281955)	(20.0, 0.004725378461467701)	(21.0, 0.005662578522992129)	(22.0, 0.007001435753741311)	(23.0, 0.009673899794726935)	(24.0, 0.012404118461352719)	(25.0, 0.016754091856159375)	(26.0, 0.031108741537995702)	(27.0, 0.06336995037853826)	(28.0, 0.08658468467562652)	(29.0, 0.09784158625494514)	(30.0, 0.12651150746477222)	(31.0, 0.1592426289412052)	(32.0, 0.21357923082757102)	(33.0, 0.31030510272355855)	(34.0, 0.41984725109114895)	(35.0, 0.528798727151056)	(36.0, 0.6778135369334399)	(37.0, 0.9191806183246973)	(38.0, 1.2331715162482006)	(39.0, 1.6144281765706967)	(40.0, 2.0219185629851077)	(41.0, 2.3762694433900577)	(42.0, 2.790598502522315)	(43.0, 3.320565448237456)	(44.0, 4.1937182551372025)	(45.0, 4.985880700417647)	(46.0, 4.837763712542943)	(47.0, 4.277323326171848)	(48.0, 4.281673299566654)	(49.0, 4.302753737925313)	(50.0, 4.161433419404352)	(51.0, 4.606490564587431)	(52.0, 5.134525355553883)	(53.0, 4.965065408294882)	(54.0, 4.272813214951402)	(55.0, 3.7411451329901326)	(56.0, 3.742266097769603)	(57.0, 3.2734166720330338)	(58.0, 2.4760878129680504)	(59.0, 2.12162142331182)	(60.0, 1.8801073301462055)	(61.0, 1.7947013648756898)	(62.0, 1.6132547075860988)	(63.0, 1.3469061253952155)	(64.0, 1.2522357931299666)	(65.0, 1.2580322573760336)	(66.0, 1.6076866366323364)	(67.0, 1.600446306745265)	(68.0, 0.9855170562929348)	(69.0, 0.7085705002970819)	(70.0, 0.5632703630274628)	(71.0, 0.31712539896961023)	(72.0, 0.17436909043841456)	(73.0, 0.14657861466447175)	(74.0, 0.11568514036749847)	(75.0, 0.09735329714726014)	(76.0, 0.13765815021332328)	(77.0, 0.1418821135158241)	(78.0, 0.10935838364964448)	(79.0, 0.13817794184408472)	(80.0, 0.18632429794592786)	(81.0, 0.23011280502219525)	(82.0, 0.30450863847749143)	(83.0, 0.2068429413097232)	(84.0, 0.057531482768369266)	(85.0, 0.051052463855645776)	(86.0, 0.05367767411201673)	(87.0, 0.04906517969157297)	(88.0, 0.03376020389693036)	(89.0, 0.02934197503545806)	(90.0, 0.02343000153811069)	(91.0, 0.01758365829717259)	(92.0, 0.01299216555877981)	(93.0, 0.009067476225505246)	(94.0, 0.006710037415284136)	(95.0, 0.005862094502476322)	(96.0, 0.005310800348638423)	(97.0, 0.004160958256347948)	(98.0, 0.0021999261948388526)	(99.0, 0.0007376840820402358)	(100.0, 0.00017588908717685337)
SRR15652277_2	(0.0, 0.015381309922363258)	(1.0, 0.01421510404710211)	(2.0, 0.01793698180666303)	(3.0, 0.02860618961141705)	(4.0, 0.0337910778946727)	(5.0, 0.030901829104611294)	(6.0, 0.026355202144978305)	(7.0, 0.02153540984519405)	(8.0, 0.01718840371105621)	(9.0, 0.014031242760461837)	(10.0, 0.011669938522038927)	(11.0, 0.010485346518113751)	(12.0, 0.009681610036514852)	(13.0, 0.008762303603313495)	(14.0, 0.008465498954879915)	(15.0, 0.00854954982877261)	(16.0, 0.008859487426251924)	(17.0, 0.009053855072128783)	(18.0, 0.009468856261973966)	(19.0, 0.01017278233082529)	(20.0, 0.010889841348722347)	(21.0, 0.011998262248182269)	(22.0, 0.013487538669968466)	(23.0, 0.016203432532626186)	(24.0, 0.019943696420851132)	(25.0, 0.03139300139892173)	(26.0, 0.05042001797638065)	(27.0, 0.07125150175272338)	(28.0, 0.08884702688419734)	(29.0, 0.10842037414195878)	(30.0, 0.13923027260324994)	(31.0, 0.18476483353461767)	(32.0, 0.24378693313595387)	(33.0, 0.3227579823377595)	(34.0, 0.43107066629754326)	(35.0, 0.5763315891025941)	(36.0, 0.7765013718678574)	(37.0, 1.0260904418922163)	(38.0, 1.33553686707722)	(39.0, 1.6117884502542277)	(40.0, 1.8934560616176956)	(41.0, 2.289120297287941)	(42.0, 2.7575410706715506)	(43.0, 3.1050415290114723)	(44.0, 3.506683883087336)	(45.0, 4.164339945860731)	(46.0, 4.248343541136861)	(47.0, 3.8255991645343137)	(48.0, 3.768596912496211)	(49.0, 4.3210711863623255)	(50.0, 5.008533790289918)	(51.0, 5.451565946578315)	(52.0, 5.481973976798807)	(53.0, 5.101754089206344)	(54.0, 4.548893706638286)	(55.0, 4.120116053244127)	(56.0, 4.072740252856548)	(57.0, 3.579345863567571)	(58.0, 2.7807522448149804)	(59.0, 2.3924345808409186)	(60.0, 2.18877143362949)	(61.0, 1.9840812898026854)	(62.0, 1.7199356590560353)	(63.0, 1.5385538731955983)	(64.0, 1.3902644923406016)	(65.0, 1.2414077680868287)	(66.0, 1.134902177915738)	(67.0, 0.9670315700335521)	(68.0, 0.6931754367624864)	(69.0, 0.4467409010989127)	(70.0, 0.319813575161706)	(71.0, 0.22135585616584078)	(72.0, 0.158635518113226)	(73.0, 0.12041075662071361)	(74.0, 0.10409438072629411)	(75.0, 0.09704198708873513)	(76.0, 0.09218804912143198)	(77.0, 0.08147944246954075)	(78.0, 0.0690320333639944)	(79.0, 0.0693813698086109)	(80.0, 0.07448746039759216)	(81.0, 0.0853720485666962)	(82.0, 0.11639470080252826)	(83.0, 0.12044490228823251)	(84.0, 0.10403134257087458)	(85.0, 0.09669002405430947)	(86.0, 0.08894421070713576)	(87.0, 0.0885817413134735)	(88.0, 0.08480207857811137)	(89.0, 0.08333381487479834)	(90.0, 0.07848513008711348)	(91.0, 0.06812585987983877)	(92.0, 0.06274660395070628)	(93.0, 0.06422800060306502)	(94.0, 0.06979899758826523)	(95.0, 0.077187594721395)	(96.0, 0.07709566407807486)	(97.0, 0.05961833548801251)	(98.0, 0.031687179457546163)	(99.0, 0.012481554773065269)	(100.0, 0.013435006873785531)
SRR15652278_1	(0.0, 0.017959382506635493)	(1.0, 0.011483374640146217)	(2.0, 0.004113593765733255)	(3.0, 0.0029204977160323144)	(4.0, 0.002460323506944847)	(5.0, 0.0021512095245487064)	(6.0, 0.001833703307336381)	(7.0, 0.0015651517932184671)	(8.0, 0.0013903135678812837)	(9.0, 0.0012532403992169317)	(10.0, 0.0011623245220415963)	(11.0, 0.0010909905261040254)	(12.0, 0.0010322448823907317)	(13.0, 0.001042035823009614)	(14.0, 0.001125958171171462)	(15.0, 0.0012014882845171253)	(16.0, 0.0013441562763922671)	(17.0, 0.0016938327270666343)	(18.0, 0.0022085564624593026)	(19.0, 0.0029988252409833722)	(20.0, 0.004454877981591437)	(21.0, 0.005694131322781394)	(22.0, 0.008456575283108895)	(23.0, 0.01209460907592501)	(24.0, 0.016496336237013944)	(25.0, 0.02509138339458989)	(26.0, 0.044380935119590674)	(27.0, 0.07925766430985205)	(28.0, 0.10865706157675015)	(29.0, 0.1338659362587666)	(30.0, 0.19182970342835243)	(31.0, 0.2610726341908906)	(32.0, 0.3518346537279293)	(33.0, 0.4737136812575786)	(34.0, 0.59813975205394)	(35.0, 0.7428862207518903)	(36.0, 0.939503694142876)	(37.0, 1.1939296783593485)	(38.0, 1.4738079120675063)	(39.0, 1.8260397982434018)	(40.0, 2.195489752850503)	(41.0, 2.55049667133895)	(42.0, 3.0200142351884365)	(43.0, 3.4753195493767137)	(44.0, 3.937394599650047)	(45.0, 4.417415045371988)	(46.0, 4.604261160025329)	(47.0, 4.45800129164886)	(48.0, 4.476013824975999)	(49.0, 4.25506586414709)	(50.0, 3.7881303112093834)	(51.0, 3.884445192783131)	(52.0, 4.0276083265124285)	(53.0, 3.925151727759036)	(54.0, 3.9009890850174367)	(55.0, 4.065258689309438)	(56.0, 4.234534261669294)	(57.0, 3.73714188987785)	(58.0, 2.9973817765949886)	(59.0, 2.6360513091725464)	(60.0, 2.39059382656297)	(61.0, 2.2337457552600815)	(62.0, 1.9807520457855714)	(63.0, 1.707616972752218)	(64.0, 1.4907518341613835)	(65.0, 1.2210477864620468)	(66.0, 0.9700975861652777)	(67.0, 0.7932480218838153)	(68.0, 0.6929104624215098)	(69.0, 0.5398472890207203)	(70.0, 0.3580700841963546)	(71.0, 0.24264048912294336)	(72.0, 0.16764468139391048)	(73.0, 0.13229938575974545)	(74.0, 0.11422670808309146)	(75.0, 0.1222720638602073)	(76.0, 0.23430140512726103)	(77.0, 0.2242698871103148)	(78.0, 0.13216371129688378)	(79.0, 0.12082580206021812)	(80.0, 0.08103122326767244)	(81.0, 0.08471401564617488)	(82.0, 0.14533672254668856)	(83.0, 0.12178391553506589)	(84.0, 0.07484754491394693)	(85.0, 0.09125156656798285)	(86.0, 0.08806251733783262)	(87.0, 0.06386350824536371)	(88.0, 0.0346976948475161)	(89.0, 0.03880988990744666)	(90.0, 0.053346639314881455)	(91.0, 0.04817282655070351)	(92.0, 0.028337779562650715)	(93.0, 0.0158585263909839)	(94.0, 0.008604838098194826)	(95.0, 0.005056321476751348)	(96.0, 0.003281363813128261)	(97.0, 0.002197366816037723)	(98.0, 0.0012770183978627887)	(99.0, 0.0005832603197248443)	(100.0, 0.00015665504990211647)
SRR15652278_2	(0.0, 0.01351518586279073)	(1.0, 0.01479361154583341)	(2.0, 0.017620710619287043)	(3.0, 0.021192741196988985)	(4.0, 0.02492299970698427)	(5.0, 0.028004943768733383)	(6.0, 0.03006330713573529)	(7.0, 0.03138794097599637)	(8.0, 0.032365313513525173)	(9.0, 0.03332448283760429)	(10.0, 0.034059612611533535)	(11.0, 0.03472332977885252)	(12.0, 0.03546686103591239)	(13.0, 0.03623559674236412)	(14.0, 0.036847504763710945)	(15.0, 0.037233972987719466)	(16.0, 0.037767467166513836)	(17.0, 0.0381973430533639)	(18.0, 0.038854058984740696)	(19.0, 0.04021649949908957)	(20.0, 0.04239528412429703)	(21.0, 0.04466088407518756)	(22.0, 0.04872020067446546)	(23.0, 0.056977458344676504)	(24.0, 0.06581161785652345)	(25.0, 0.08793412318663438)	(26.0, 0.11142467001984795)	(27.0, 0.135025836380948)	(28.0, 0.1641117709791545)	(29.0, 0.19265440966824754)	(30.0, 0.23560279143197707)	(31.0, 0.30109095218797166)	(32.0, 0.3876402309052422)	(33.0, 0.499455569890664)	(34.0, 0.6429164953347545)	(35.0, 0.8301071404737221)	(36.0, 1.0458096188636372)	(37.0, 1.301956837044357)	(38.0, 1.6149554913227941)	(39.0, 1.9768815828595854)	(40.0, 2.2887208324659967)	(41.0, 2.539936380049043)	(42.0, 2.915304844594826)	(43.0, 3.252891839502211)	(44.0, 3.4906762160537723)	(45.0, 3.7512538163387057)	(46.0, 3.955104602525693)	(47.0, 3.9339916754184445)	(48.0, 3.871714281465536)	(49.0, 3.826456892088074)	(50.0, 3.7780965549410372)	(51.0, 3.886458884359774)	(52.0, 3.931394216883895)	(53.0, 3.9242459549869255)	(54.0, 3.929303647831559)	(55.0, 4.019322739081776)	(56.0, 4.16387305683847)	(57.0, 3.7777156877057823)	(58.0, 3.164160975665356)	(59.0, 2.873004777279343)	(60.0, 2.6486711752199037)	(61.0, 2.4160201048611514)	(62.0, 2.070322878238341)	(63.0, 1.7018184254102744)	(64.0, 1.4633017195791607)	(65.0, 1.2348639930104142)	(66.0, 1.0137425580012491)	(67.0, 0.8214144059279073)	(68.0, 0.634856672518113)	(69.0, 0.4924725371619303)	(70.0, 0.3847613226858164)	(71.0, 0.2922371892154866)	(72.0, 0.22662720695409805)	(73.0, 0.18310472384310947)	(74.0, 0.1567086640938898)	(75.0, 0.13193829133044513)	(76.0, 0.11806884292897993)	(77.0, 0.10824750914928513)	(78.0, 0.09916830637946178)	(79.0, 0.09818953359474454)	(80.0, 0.10136669446530736)	(81.0, 0.11656637769578738)	(82.0, 0.18031263094936675)	(83.0, 0.1870128137460362)	(84.0, 0.1402725625960202)	(85.0, 0.14767146873971956)	(86.0, 0.1381833937908727)	(87.0, 0.11388070358836586)	(88.0, 0.11103120055989725)	(89.0, 0.11844690966985785)	(90.0, 0.12398208680574799)	(91.0, 0.10363089416900945)	(92.0, 0.06494766534125802)	(93.0, 0.043257836392374016)	(94.0, 0.03720876853832761)	(95.0, 0.03498377575590174)	(96.0, 0.03310604427620817)	(97.0, 0.03185002254818048)	(98.0, 0.03267476814216967)	(99.0, 0.03768345233520764)	(100.0, 0.1288395443024348)
SRR15652279_1	(0.0, 0.01565340240606068)	(1.0, 0.00981550495421759)	(2.0, 0.0033856013010147385)	(3.0, 0.0028715460941400677)	(4.0, 0.002882080012313729)	(5.0, 0.0026081981397985355)	(6.0, 0.0022100160328341386)	(7.0, 0.001885571353085371)	(8.0, 0.001655931936899555)	(9.0, 0.0014578942752347225)	(10.0, 0.0012767108826477484)	(11.0, 0.0011882259699889934)	(12.0, 0.0011524106481985452)	(13.0, 0.001232468426318371)	(14.0, 0.0014473603570610612)	(15.0, 0.0016453980187258934)	(16.0, 0.0020056580202651095)	(17.0, 0.0025471014143913)	(18.0, 0.003282368902912858)	(19.0, 0.00426413007669809)	(20.0, 0.005812616048226299)	(21.0, 0.008875879453127003)	(22.0, 0.015876721471342295)	(23.0, 0.02076024593665167)	(24.0, 0.025083365955122266)	(25.0, 0.03889122589715748)	(26.0, 0.07555979505967243)	(27.0, 0.14775505665467745)	(28.0, 0.18391799774485665)	(29.0, 0.19672513546039405)	(30.0, 0.2763404890169261)	(31.0, 0.3728648880258192)	(32.0, 0.5035992396954948)	(33.0, 0.6452888662657781)	(34.0, 0.7843513336435503)	(35.0, 1.003220871888615)	(36.0, 1.2853086666610907)	(37.0, 1.6304208938665818)	(38.0, 2.0482866803302824)	(39.0, 2.5531520969902513)	(40.0, 3.127758372310762)	(41.0, 3.598066217010217)	(42.0, 3.8408161477549725)	(43.0, 3.872506387188615)	(44.0, 3.955022781810173)	(45.0, 4.125954565230541)	(46.0, 3.9853520390157793)	(47.0, 3.6678534249107235)	(48.0, 3.5553364313305775)	(49.0, 3.5637888472731234)	(50.0, 3.6619818189207245)	(51.0, 3.785542572314137)	(52.0, 3.913544425609565)	(53.0, 3.9244954869429027)	(54.0, 3.8105543076256785)	(55.0, 3.6448705222394295)	(56.0, 3.468024997156369)	(57.0, 3.188968864034273)	(58.0, 2.8182212935613595)	(59.0, 2.5893529601858556)	(60.0, 2.355925547024791)	(61.0, 2.103063054833321)	(62.0, 1.85496821400725)	(63.0, 1.6478987709003208)	(64.0, 1.4406249697808222)	(65.0, 1.2402635257668804)	(66.0, 1.0970886167341107)	(67.0, 0.9069535004831591)	(68.0, 0.6424257473061769)	(69.0, 0.4277318542251514)	(70.0, 0.2964307777577329)	(71.0, 0.20572110158070078)	(72.0, 0.15573344627940852)	(73.0, 0.12305933888834591)	(74.0, 0.09104465477495453)	(75.0, 0.07560193073236708)	(76.0, 0.08333171988819973)	(77.0, 0.08210135824551609)	(78.0, 0.08268704409597166)	(79.0, 0.11209142328592978)	(80.0, 0.14684281934083837)	(81.0, 0.18354509704150904)	(82.0, 0.2309245542030028)	(83.0, 0.15387315632993992)	(84.0, 0.04607325130795975)	(85.0, 0.03772828133078528)	(86.0, 0.033773848448392825)	(87.0, 0.027034247600884336)	(88.0, 0.01785077773708642)	(89.0, 0.015596519247922904)	(90.0, 0.014281886259849977)	(91.0, 0.012830312335519452)	(92.0, 0.011789561219961716)	(93.0, 0.010723528700787193)	(94.0, 0.009802864252409196)	(95.0, 0.009472099221756233)	(96.0, 0.009463672087217304)	(97.0, 0.008696802844174761)	(98.0, 0.006134953944340335)	(99.0, 0.003170709370272048)	(100.0, 0.0010723528700787193)
SRR15652279_2	(0.0, 0.004909571073953501)	(1.0, 0.0039571564278475)	(2.0, 0.003630554060266903)	(3.0, 0.0052635658981698905)	(4.0, 0.006352942827454852)	(5.0, 0.006403513516628622)	(6.0, 0.0061885880876401)	(7.0, 0.005693416756146936)	(8.0, 0.005318350811441475)	(9.0, 0.005248816113827541)	(10.0, 0.005109746718599674)	(11.0, 0.005303601027099126)	(12.0, 0.0056955238681958426)	(13.0, 0.005952591538162507)	(14.0, 0.006213873432226985)	(15.0, 0.006582618040785725)	(16.0, 0.006909220408366322)	(17.0, 0.007292714801267411)	(18.0, 0.007958562208722049)	(19.0, 0.008586481599296359)	(20.0, 0.01020263654080809)	(21.0, 0.012573137595828558)	(22.0, 0.0159782306668624)	(23.0, 0.02163582651817792)	(24.0, 0.027225994783928408)	(25.0, 0.044261995699342166)	(26.0, 0.08634523754011442)	(27.0, 0.15937141981908715)	(28.0, 0.20768117776437983)	(29.0, 0.2249911032461515)	(30.0, 0.2783368589883321)	(31.0, 0.35659500048474113)	(32.0, 0.4524938840546003)	(33.0, 0.6028974349935389)	(34.0, 0.8412097006128809)	(35.0, 1.1615391956238823)	(36.0, 1.4164470757404166)	(37.0, 1.6847772596084891)	(38.0, 2.1346161824814662)	(39.0, 2.639143091471778)	(40.0, 3.097722315123622)	(41.0, 3.4319313572007744)	(42.0, 3.656994102256588)	(43.0, 3.837626282649148)	(44.0, 3.944052298015347)	(45.0, 3.9926128022944596)	(46.0, 3.8581074117645247)	(47.0, 3.5898004061289908)	(48.0, 3.458710644230334)	(49.0, 3.5866903087448034)	(50.0, 3.793652961300506)	(51.0, 3.8952979394277354)	(52.0, 3.947912527288945)	(53.0, 3.917346759907499)	(54.0, 3.816919692544538)	(55.0, 3.6705744394117943)	(56.0, 3.3653550449035055)	(57.0, 2.9621001552077666)	(58.0, 2.7113812138444593)	(59.0, 2.5706177005292705)	(60.0, 2.397830298294792)	(61.0, 2.198998991135822)	(62.0, 1.955543265005098)	(63.0, 1.713170594467512)	(64.0, 1.4975371758305567)	(65.0, 1.2752600329033974)	(66.0, 1.0637649823304958)	(67.0, 0.8422421855168455)	(68.0, 0.5903348329579549)	(69.0, 0.3980039664698631)	(70.0, 0.293124571347562)	(71.0, 0.22954457238383968)	(72.0, 0.17439512872779464)	(73.0, 0.12441653803976756)	(74.0, 0.09724743528115966)	(75.0, 0.07929694773652021)	(76.0, 0.06863706788109929)	(77.0, 0.06002319382516713)	(78.0, 0.05460159452332922)	(79.0, 0.0547153785739702)	(80.0, 0.06179948928239581)	(81.0, 0.07509115208690167)	(82.0, 0.10401547918224921)	(83.0, 0.10540617313452788)	(84.0, 0.08621248948103326)	(85.0, 0.07891766756771694)	(86.0, 0.06796700624954684)	(87.0, 0.061900630660743354)	(88.0, 0.05943952378761988)	(89.0, 0.05892749555973546)	(90.0, 0.05407270939905354)	(91.0, 0.047770337260772455)	(92.0, 0.04537033663706729)	(93.0, 0.0465629620567487)	(94.0, 0.05177174304164701)	(95.0, 0.061062000065278337)	(96.0, 0.06375910348787939)	(97.0, 0.04904303293831234)	(98.0, 0.025365414844743455)	(99.0, 0.010584023821660274)	(100.0, 0.013972259996302862)
SRR15652280_1	(0.0, 0.12485403336583017)	(1.0, 0.07928889234869944)	(2.0, 0.029065229228197587)	(3.0, 0.02224902635242749)	(4.0, 0.01715097668430841)	(5.0, 0.011933055862167164)	(6.0, 0.008097178933457926)	(7.0, 0.005579884698992486)	(8.0, 0.004021559696704357)	(9.0, 0.0030719921236660396)	(10.0, 0.0025125934048959423)	(11.0, 0.0022634494377126216)	(12.0, 0.00227990234120586)	(13.0, 0.0023880214213042815)	(14.0, 0.002503191745756949)	(15.0, 0.0026606695363350858)	(16.0, 0.002761737372079263)	(17.0, 0.0030672912940965433)	(18.0, 0.003403400608315551)	(19.0, 0.003983953060148384)	(20.0, 0.005161510867307287)	(21.0, 0.006245052083076257)	(22.0, 0.008412134514614198)	(23.0, 0.01054866155395041)	(24.0, 0.012969588782241168)	(25.0, 0.018321483247113066)	(26.0, 0.03689681129097896)	(27.0, 0.07483015550203191)	(28.0, 0.09844007201482868)	(29.0, 0.11730685149200334)	(30.0, 0.17160613384925877)	(31.0, 0.24421749779448826)	(32.0, 0.35453891654621966)	(33.0, 0.4945225698814747)	(34.0, 0.6434683547909751)	(35.0, 0.8296517611352429)	(36.0, 1.0598678380569853)	(37.0, 1.3512017506265384)	(38.0, 1.725415989335886)	(39.0, 2.1856789133148693)	(40.0, 2.7090363717756363)	(41.0, 3.1292200228450917)	(42.0, 3.389053676469447)	(43.0, 3.522103606189695)	(44.0, 3.7138410426703232)	(45.0, 3.958577982132241)	(46.0, 3.8758339800499613)	(47.0, 3.62548189966728)	(48.0, 3.597413246307816)	(49.0, 3.6912441549297528)	(50.0, 3.7303644586071036)	(51.0, 3.826790225151403)	(52.0, 3.942371872191401)	(53.0, 3.902873151733706)	(54.0, 3.8186577899961742)	(55.0, 3.705614590923704)	(56.0, 3.629785509138154)	(57.0, 3.3792594980614017)	(58.0, 2.9861902319488025)	(59.0, 2.7825479445834245)	(60.0, 2.604682656162381)	(61.0, 2.3940384831532375)	(62.0, 2.160851481943573)	(63.0, 1.8997862109720087)	(64.0, 1.641884598300716)	(65.0, 1.432843408174771)	(66.0, 1.2849623611627614)	(67.0, 1.0829536120727834)	(68.0, 0.8089634101998882)	(69.0, 0.6117800626629983)	(70.0, 0.45534585624928986)	(71.0, 0.31569831222825384)	(72.0, 0.23408015882786884)	(73.0, 0.18933296215583054)	(74.0, 0.15451391753456908)	(75.0, 0.13268561542861154)	(76.0, 0.14481845654748232)	(77.0, 0.15021500889326442)	(78.0, 0.16277327508817463)	(79.0, 0.2081856391442967)	(80.0, 0.23287909687286246)	(81.0, 0.25850096844140374)	(82.0, 0.27406306473122233)	(83.0, 0.17060485715095602)	(84.0, 0.06619003075329713)	(85.0, 0.049833494266233645)	(86.0, 0.03461690894977309)	(87.0, 0.025955630467975575)	(88.0, 0.020331087888072873)	(89.0, 0.017472983509818928)	(90.0, 0.014699494063815925)	(91.0, 0.011984764987431628)	(92.0, 0.00956148734435612)	(93.0, 0.007789274596655895)	(94.0, 0.00710295347950939)	(95.0, 0.007608292658230276)	(96.0, 0.008428587418107435)	(97.0, 0.007265132099657024)	(98.0, 0.004056815918475581)	(99.0, 0.001513667121377911)	(100.0, 0.0004465788091021787)
SRR15652280_2	(0.0, 0.02759372098434508)	(1.0, 0.02460902682059347)	(2.0, 0.02586734941918063)	(3.0, 0.03261289934955071)	(4.0, 0.03428047079328584)	(5.0, 0.030964143944672944)	(6.0, 0.025592164850891476)	(7.0, 0.020984587335691)	(8.0, 0.01751773217621907)	(9.0, 0.01482468661475682)	(10.0, 0.013067738986449135)	(11.0, 0.012213961223295601)	(12.0, 0.011698872159574875)	(13.0, 0.011162615052139597)	(14.0, 0.010946230605279748)	(15.0, 0.010678102051562109)	(16.0, 0.010863910435278719)	(17.0, 0.011289623314426898)	(18.0, 0.01153893582928716)	(19.0, 0.012032856849293337)	(20.0, 0.0134440597635967)	(21.0, 0.015024607027616465)	(22.0, 0.01724960362250143)	(23.0, 0.02000144930539299)	(24.0, 0.022579246628853796)	(25.0, 0.032801059738124486)	(26.0, 0.05511452981811782)	(27.0, 0.0921397902797237)	(28.0, 0.12347319898697269)	(29.0, 0.1469438554566948)	(30.0, 0.19586085247616367)	(31.0, 0.2606868103495458)	(32.0, 0.35233973562383486)	(33.0, 0.5012381071168397)	(34.0, 0.7051451682093898)	(35.0, 0.9733913221698873)	(36.0, 1.2077450861385322)	(37.0, 1.456255567342497)	(38.0, 1.8353070221292376)	(39.0, 2.269795231399528)	(40.0, 2.679283981042935)	(41.0, 2.999187217681507)	(42.0, 3.2712153954523377)	(43.0, 3.496278740235152)	(44.0, 3.6295174633891043)	(45.0, 3.770595418732011)	(46.0, 3.755342667233249)	(47.0, 3.607563850052258)	(48.0, 3.5573391383322015)	(49.0, 3.663499229565529)	(50.0, 3.8388858797600083)	(51.0, 3.9695679736342138)	(52.0, 3.9615358770469706)	(53.0, 3.9194020620355867)	(54.0, 3.9202746558375976)	(55.0, 3.717501261086204)	(56.0, 3.3975556883602027)	(57.0, 3.1488946788453793)	(58.0, 2.939822615086479)	(59.0, 2.767357154924608)	(60.0, 2.6176567497753074)	(61.0, 2.4252321763954723)	(62.0, 2.188175958845936)	(63.0, 1.9223053297911827)	(64.0, 1.6766525344886822)	(65.0, 1.4555758379387744)	(66.0, 1.2257802593833294)	(67.0, 0.9758679832844896)	(68.0, 0.7425067653655713)	(69.0, 0.558173088694409)	(70.0, 0.42020213176782634)	(71.0, 0.3172007830576811)	(72.0, 0.24320906225589867)	(73.0, 0.18720077059205537)	(74.0, 0.15477132762136409)	(75.0, 0.13471343019939896)	(76.0, 0.11549284650658719)	(77.0, 0.10130320120326688)	(78.0, 0.0968296879649252)	(79.0, 0.10060700776554386)	(80.0, 0.11136742998710701)	(81.0, 0.13515795911740452)	(82.0, 0.18635640084833052)	(83.0, 0.18446068493344966)	(84.0, 0.13713364319742924)	(85.0, 0.11452146850057504)	(86.0, 0.09521621263290503)	(87.0, 0.08208261751045508)	(88.0, 0.07365303210234965)	(89.0, 0.06805526054227964)	(90.0, 0.0625797932347826)	(91.0, 0.056137651930987756)	(92.0, 0.05145245825550059)	(93.0, 0.04930272581604514)	(94.0, 0.04974960673890786)	(95.0, 0.05251791645579963)	(96.0, 0.05180290697921926)	(97.0, 0.04126357321423032)	(98.0, 0.023795233140011862)	(99.0, 0.01242093765072676)	(100.0, 0.024018673601443226)
SRR15652281_1	(0.0, 0.19950954188294542)	(1.0, 0.12837893347218646)	(2.0, 0.046940748608377776)	(3.0, 0.03288238065027819)	(4.0, 0.025199032882740394)	(5.0, 0.017761824890899964)	(6.0, 0.011862043805723086)	(7.0, 0.008433127391969773)	(8.0, 0.006382593722121712)	(9.0, 0.004801619008988627)	(10.0, 0.003930662879597945)	(11.0, 0.003413769350633476)	(12.0, 0.0030918942593369195)	(13.0, 0.003001011880617892)	(14.0, 0.0030521332186473453)	(15.0, 0.003188456786725887)	(16.0, 0.0034080892019635366)	(17.0, 0.0037905525457394445)	(18.0, 0.004553585850401281)	(19.0, 0.006157281158214123)	(20.0, 0.0076568404070780785)	(21.0, 0.008132079512462994)	(22.0, 0.012848496291402531)	(23.0, 0.01684164080636981)	(24.0, 0.020357652833062193)	(25.0, 0.03120295002686616)	(26.0, 0.06232448458946318)	(27.0, 0.1267316903579041)	(28.0, 0.16395181120912586)	(29.0, 0.1849607877563411)	(30.0, 0.26779628919295484)	(31.0, 0.3583378589917861)	(32.0, 0.47171362644377307)	(33.0, 0.5864677766396653)	(34.0, 0.6940478990654243)	(35.0, 0.8433240994943171)	(36.0, 1.0519218792491654)	(37.0, 1.3059362343859575)	(38.0, 1.5774889952326323)	(39.0, 1.8763235101410252)	(40.0, 2.257794721282584)	(41.0, 2.615623260276965)	(42.0, 2.881158850299284)	(43.0, 3.095887403851887)	(44.0, 3.428799024014135)	(45.0, 3.895936344012827)	(46.0, 3.7850484816782735)	(47.0, 3.383925849521615)	(48.0, 3.6377300391576197)	(49.0, 4.2791437872644975)	(50.0, 4.636228226783117)	(51.0, 4.99480086525326)	(52.0, 5.353971812716638)	(53.0, 5.003637283200796)	(54.0, 4.029614856194066)	(55.0, 3.2833569239374514)	(56.0, 3.072964217202902)	(57.0, 2.8339151604285098)	(58.0, 2.5367354621659595)	(59.0, 2.262588766760012)	(60.0, 1.980991609681995)	(61.0, 1.7891767758639276)	(62.0, 1.576216641930566)	(63.0, 1.387484235457385)	(64.0, 1.4070220534990863)	(65.0, 1.4913949818423633)	(66.0, 1.7819459466070948)	(67.0, 1.6581925475351287)	(68.0, 0.9674012670404696)	(69.0, 0.6377841331067863)	(70.0, 0.50097017885974)	(71.0, 0.32022784818227384)	(72.0, 0.20309560907656707)	(73.0, 0.17218424001475777)	(74.0, 0.14186549979751217)	(75.0, 0.132534908915692)	(76.0, 0.1574991623200749)	(77.0, 0.1477520272024592)	(78.0, 0.14202454396027045)	(79.0, 0.22212032035508353)	(80.0, 0.31123806622065003)	(81.0, 0.3629633933920066)	(82.0, 0.4297108204124625)	(83.0, 0.2735635334758331)	(84.0, 0.06677772114669554)	(85.0, 0.05652883956323519)	(86.0, 0.05367551154803572)	(87.0, 0.04510038043931747)	(88.0, 0.0316005604337619)	(89.0, 0.02477870188116489)	(90.0, 0.01764443515172122)	(91.0, 0.012679985214194335)	(92.0, 0.009398752665859442)	(93.0, 0.007079358625634257)	(94.0, 0.005538144953190747)	(95.0, 0.004888714621927695)	(96.0, 0.004723990310499458)	(97.0, 0.003936343028267885)	(98.0, 0.0022436587246259946)	(99.0, 0.0008520223004908842)	(100.0, 0.00022531256390758938)
SRR15652281_2	(0.0, 0.043753631559951774)	(1.0, 0.03891676580724607)	(2.0, 0.03816023525635246)	(3.0, 0.04918775827388928)	(4.0, 0.05520776954979701)	(5.0, 0.049350819996638276)	(6.0, 0.03957849303096002)	(7.0, 0.031508833821428266)	(8.0, 0.02556656127380784)	(9.0, 0.02032962548040401)	(10.0, 0.01620947288117645)	(11.0, 0.013917128429972529)	(12.0, 0.012512143121170122)	(13.0, 0.011224713938070485)	(14.0, 0.010629349043382287)	(15.0, 0.010650205775361809)	(16.0, 0.010837916363177515)	(17.0, 0.011304348732901391)	(18.0, 0.011509123919609433)	(19.0, 0.012237213472349141)	(20.0, 0.014542830389358214)	(21.0, 0.017667548053199457)	(22.0, 0.02144640867458028)	(23.0, 0.025301111957704823)	(24.0, 0.031053777850965945)	(25.0, 0.04880854496517068)	(26.0, 0.08850269805528986)	(27.0, 0.15418623525843814)	(28.0, 0.19313902633001245)	(29.0, 0.2098642293110462)	(30.0, 0.2718219957560343)	(31.0, 0.3512349508013394)	(32.0, 0.42854706411634347)	(33.0, 0.5463401981370577)	(34.0, 0.7151223536480746)	(35.0, 0.971212685291918)	(36.0, 1.1867878670322662)	(37.0, 1.3724905203783069)	(38.0, 1.6769172764179663)	(39.0, 1.9345017084981608)	(40.0, 2.170169507400964)	(41.0, 2.414354437217587)	(42.0, 2.7050271265500228)	(43.0, 2.9382433114119597)	(44.0, 3.12705930602258)	(45.0, 3.6295415889397886)	(46.0, 3.6922615741353013)	(47.0, 3.314354655265239)	(48.0, 3.4100415494542027)	(49.0, 4.338697021175177)	(50.0, 5.236002928664383)	(51.0, 5.60581743552639)	(52.0, 5.661656595235204)	(53.0, 5.08117013471458)	(54.0, 4.222310768529808)	(55.0, 3.516767343059965)	(56.0, 3.1578646991563355)	(57.0, 2.867406265343326)	(58.0, 2.5919893274206394)	(59.0, 2.408772417313249)	(60.0, 2.1794185200006106)	(61.0, 1.9290524132518745)	(62.0, 1.6628958643280962)	(63.0, 1.4516209615086166)	(64.0, 1.3274513557017993)	(65.0, 1.2590640276074874)	(66.0, 1.2911492656581678)	(67.0, 1.0956041308843358)	(68.0, 0.7023106320130168)	(69.0, 0.483258064231719)	(70.0, 0.3575279956595245)	(71.0, 0.2562704579654846)	(72.0, 0.175909469648383)	(73.0, 0.1297516257111553)	(74.0, 0.11378484934755875)	(75.0, 0.11175605814591426)	(76.0, 0.11578519955104936)	(77.0, 0.10954714062262844)	(78.0, 0.09913773529830294)	(79.0, 0.09932165375303147)	(80.0, 0.10962677541745934)	(81.0, 0.13782128492068707)	(82.0, 0.20658403419063034)	(83.0, 0.21128438315219739)	(84.0, 0.16306930701517128)	(85.0, 0.14746088722831383)	(86.0, 0.12835422466852728)	(87.0, 0.1122300747818125)	(88.0, 0.09804560096919336)	(89.0, 0.0884704649240488)	(90.0, 0.0837909726944613)	(91.0, 0.082897925352429)	(92.0, 0.08430859886086217)	(93.0, 0.08720958067255946)	(94.0, 0.09045185446210345)	(95.0, 0.09203127789291642)	(96.0, 0.08669195450615856)	(97.0, 0.06410221770579172)	(98.0, 0.03210988691574724)	(99.0, 0.013071482751530054)	(100.0, 0.06818065684106023)
SRR15652282_1	(0.0, 0.0011156026783971157)	(1.0, 0.0008035572915411108)	(2.0, 0.0006451093748992017)	(3.0, 0.0009442202379477036)	(4.0, 0.0010978177081617994)	(5.0, 0.001196443452194008)	(6.0, 0.0012223124998090138)	(7.0, 0.0011592566962474375)	(8.0, 0.0010881168153061723)	(9.0, 0.0009700892855627093)	(10.0, 0.0008843980653380033)	(11.0, 0.0008375104165358056)	(12.0, 0.0008148749998726758)	(13.0, 0.0008989494046214439)	(14.0, 0.0010751822914986694)	(15.0, 0.0012643497021833977)	(16.0, 0.001532741071189081)	(17.0, 0.001990299850879492)	(18.0, 0.0025804374995968067)	(19.0, 0.003505255951833256)	(20.0, 0.005021828868262959)	(21.0, 0.007118838540554348)	(22.0, 0.0100856949389003)	(23.0, 0.013975752974006765)	(24.0, 0.019632990324313298)	(25.0, 0.027227172614793377)	(26.0, 0.0421794821362666)	(27.0, 0.07050608927469772)	(28.0, 0.09957966516301212)	(29.0, 0.12736140548605218)	(30.0, 0.17494590175837899)	(31.0, 0.23081334371393541)	(32.0, 0.31081984072524393)	(33.0, 0.4227002380291912)	(34.0, 0.5608215505076097)	(35.0, 0.7042492513780563)	(36.0, 0.8796818145946926)	(37.0, 1.1335428629181221)	(38.0, 1.431226077901371)	(39.0, 1.7957419773979868)	(40.0, 2.1887752682591946)	(41.0, 2.6111198068836794)	(42.0, 3.1139688216860617)	(43.0, 3.5551589614980776)	(44.0, 4.01154716678391)	(45.0, 4.391193225504352)	(46.0, 4.736916878724143)	(47.0, 4.663159373527334)	(48.0, 4.4570234844226375)	(49.0, 4.243372636985782)	(50.0, 3.9179351675425846)	(51.0, 4.185558549197197)	(52.0, 4.376271635476922)	(53.0, 4.201632928658971)	(54.0, 3.9798834525031435)	(55.0, 3.990438023930065)	(56.0, 4.409312876543188)	(57.0, 4.046399241183226)	(58.0, 3.215466030003536)	(59.0, 2.8360075218783023)	(60.0, 2.505401093358531)	(61.0, 2.2544066588739398)	(62.0, 1.919147035414419)	(63.0, 1.5369431746110431)	(64.0, 1.2620635251004215)	(65.0, 1.074462808611877)	(66.0, 0.9091224075960448)	(67.0, 0.737216118932429)	(68.0, 0.6006194634478199)	(69.0, 0.4361230401104272)	(70.0, 0.2661908831429315)	(71.0, 0.17516740547858248)	(72.0, 0.12217627825471947)	(73.0, 0.0925691532593456)	(74.0, 0.07072597617942526)	(75.0, 0.06146485713325326)	(76.0, 0.07827327082110314)	(77.0, 0.07365564582182464)	(78.0, 0.056413925586423413)	(79.0, 0.062399376478345335)	(80.0, 0.06895232960232144)	(81.0, 0.08507197989742178)	(82.0, 0.10179470236504695)	(83.0, 0.06458854463276519)	(84.0, 0.02175748585969563)	(85.0, 0.019031534967264417)	(86.0, 0.019244954610088214)	(87.0, 0.015590951634468676)	(88.0, 0.009123689730717281)	(89.0, 0.008368636903454305)	(90.0, 0.008614392855796859)	(91.0, 0.008700084076021564)	(92.0, 0.008721102677208756)	(93.0, 0.008488281248673707)	(94.0, 0.007535976933346312)	(95.0, 0.006282944939494481)	(96.0, 0.005552144344370572)	(97.0, 0.0053516592253542794)	(98.0, 0.00470493303497914)	(99.0, 0.0029345200888271955)	(100.0, 0.001047696428407726)
SRR15652282_2	(0.0, 0.001555652330139179)	(1.0, 0.0012548713182827474)	(2.0, 0.0011158005278545048)	(3.0, 0.0015378642057820783)	(4.0, 0.002045634301066592)	(5.0, 0.002504891329922649)	(6.0, 0.0030336837539928275)	(7.0, 0.003478386862920347)	(8.0, 0.003811509919062417)	(9.0, 0.004227105188132863)	(10.0, 0.00455861114206065)	(11.0, 0.004815730394131471)	(12.0, 0.005263667707487555)	(13.0, 0.005650155136700927)	(14.0, 0.006120731881056957)	(15.0, 0.006557349478913068)	(16.0, 0.006924431681555058)	(17.0, 0.007800901081695842)	(18.0, 0.008622389006551042)	(19.0, 0.009393746762763505)	(20.0, 0.0107424100094746)	(21.0, 0.012907709874398054)	(22.0, 0.015910668686319525)	(23.0, 0.020732867489308124)	(24.0, 0.026873004596936468)	(25.0, 0.04069599432461807)	(26.0, 0.059038784741217556)	(27.0, 0.0825126404837335)	(28.0, 0.10711685067403245)	(29.0, 0.1320735891470449)	(30.0, 0.16808968966353116)	(31.0, 0.22608382637432262)	(32.0, 0.30810971909155727)	(33.0, 0.4164814410838724)	(34.0, 0.5469832068786353)	(35.0, 0.7170069507904476)	(36.0, 0.9299679926958727)	(37.0, 1.1828423514542035)	(38.0, 1.502760150914447)	(39.0, 1.8506942462371243)	(40.0, 2.192640212060316)	(41.0, 2.525307245377958)	(42.0, 2.9466367589002473)	(43.0, 3.2913657576342183)	(44.0, 3.5602526625183684)	(45.0, 3.784365241293481)	(46.0, 3.96262812098706)	(47.0, 4.049295097059283)	(48.0, 4.0565688228191235)	(49.0, 4.03771826230724)	(50.0, 3.987015639480645)	(51.0, 4.196816863659363)	(52.0, 4.348724211464575)	(53.0, 4.255118249790868)	(54.0, 4.240042005847118)	(55.0, 4.481444641497333)	(56.0, 4.742891259093572)	(57.0, 4.287123936815935)	(58.0, 3.517729342691612)	(59.0, 3.111055626537359)	(60.0, 2.743612810101585)	(61.0, 2.4102504228318016)	(62.0, 2.0454645053340927)	(63.0, 1.6586196965313642)	(64.0, 1.3713560420841149)	(65.0, 1.1414380663597299)	(66.0, 0.9357653041340733)	(67.0, 0.7419733918767457)	(68.0, 0.5708888289123646)	(69.0, 0.41697627436144274)	(70.0, 0.30857544452927044)	(71.0, 0.22626817602675076)	(72.0, 0.1636750006185416)	(73.0, 0.12164974827378382)	(74.0, 0.10162678865654545)	(75.0, 0.08553177031779778)	(76.0, 0.06975693821747793)	(77.0, 0.058175252158791026)	(78.0, 0.05048269692545207)	(79.0, 0.04875078045395617)	(80.0, 0.048352973309242826)	(81.0, 0.05110204707352204)	(82.0, 0.06385613223756331)	(83.0, 0.062171111730281586)	(84.0, 0.05252833122651867)	(85.0, 0.0502660052287383)	(86.0, 0.04220313358832879)	(87.0, 0.038042329590981486)	(88.0, 0.03886866882247953)	(89.0, 0.03891879899112227)	(90.0, 0.0349779208949173)	(91.0, 0.02917899235450244)	(92.0, 0.02572162782036776)	(93.0, 0.024036607313086027)	(94.0, 0.022366140725732835)	(95.0, 0.02013777387445239)	(96.0, 0.016389330941746966)	(97.0, 0.011618879409615387)	(98.0, 0.007639190860267653)	(99.0, 0.006607479647555806)	(100.0, 0.02154141859644907)
SRR15652283_1	(0.0, 0.011285039012603333)	(1.0, 0.0069386229968580885)	(2.0, 0.002433546036579214)	(3.0, 0.002464831293247817)	(4.0, 0.002610084270637761)	(5.0, 0.0024625966320572026)	(6.0, 0.0022190185622802195)	(7.0, 0.0020044910879812258)	(8.0, 0.0018838193836880413)	(9.0, 0.00177432098534793)	(10.0, 0.0017005771660576507)	(11.0, 0.0016692919093890474)	(12.0, 0.0018167795479696058)	(13.0, 0.0021273974534650243)	(14.0, 0.002473769938010275)	(15.0, 0.003025731252092062)	(16.0, 0.0037028335928482622)	(17.0, 0.004610106036237758)	(18.0, 0.0060313505534685926)	(19.0, 0.00781907950596021)	(20.0, 0.009962119587759537)	(21.0, 0.012724160819359084)	(22.0, 0.01800019589039997)	(23.0, 0.02317120188548197)	(24.0, 0.028925454451314364)	(25.0, 0.0413345280427968)	(26.0, 0.06932365945524367)	(27.0, 0.1232505033071533)	(28.0, 0.15355250905188622)	(29.0, 0.16614929418338026)	(30.0, 0.23299471437823244)	(31.0, 0.31992080003194673)	(32.0, 0.4309767572219166)	(33.0, 0.5731928300538153)	(34.0, 0.7713871657106078)	(35.0, 1.0245184120774677)	(36.0, 1.3384950133423799)	(37.0, 1.664813648363056)	(38.0, 1.9177393059003793)	(39.0, 2.2324108867955723)	(40.0, 2.6020015011113085)	(41.0, 2.970112769718857)	(42.0, 3.4176997635706114)	(43.0, 3.6632644471460507)	(44.0, 3.9101609887910955)	(45.0, 4.025728726924917)	(46.0, 3.7961955027309457)	(47.0, 3.698297230631314)	(48.0, 3.7502106447504806)	(49.0, 3.7096537788020174)	(50.0, 3.6189086571735434)	(51.0, 3.8304685014114006)	(52.0, 4.05508547098602)	(53.0, 4.135935512862453)	(54.0, 4.10388600206666)	(55.0, 4.15087198826052)	(56.0, 4.421576610230373)	(57.0, 4.077800801988616)	(58.0, 3.3013119047798356)	(59.0, 2.7068942627375634)	(60.0, 2.232229879239133)	(61.0, 1.8855668887391022)	(62.0, 1.5863010620920053)	(63.0, 1.43202452281436)	(64.0, 1.2629098332310342)	(65.0, 1.0366839075991732)	(66.0, 0.9829917031722781)	(67.0, 0.9349822421531158)	(68.0, 0.7167094756986517)	(69.0, 0.46208994497884254)	(70.0, 0.31444811477613177)	(71.0, 0.2533323658740152)	(72.0, 0.18078409032071477)	(73.0, 0.11048835324755377)	(74.0, 0.08668921156750913)	(75.0, 0.08508025551026667)	(76.0, 0.10276759883398061)	(77.0, 0.10236982914205123)	(78.0, 0.09072277501656834)	(79.0, 0.11088612293948315)	(80.0, 0.13672551028655888)	(81.0, 0.1594564839174898)	(82.0, 0.20450725352027854)	(83.0, 0.13924620810957206)	(84.0, 0.03740375900850586)	(85.0, 0.029347805416340512)	(86.0, 0.025584635971345655)	(87.0, 0.020277315643636166)	(88.0, 0.013626963940367352)	(89.0, 0.012250412646948807)	(90.0, 0.011968845336931377)	(91.0, 0.011162132647119533)	(92.0, 0.010451510388504117)	(93.0, 0.009620216425595515)	(94.0, 0.00870400533744356)	(95.0, 0.007991148417637527)	(96.0, 0.007376616590218535)	(97.0, 0.0066190664466002115)	(98.0, 0.004724073756959098)	(99.0, 0.0022525384801394374)	(100.0, 0.0006838063243280435)
SRR15652283_2	(0.0, 0.003106775562353757)	(1.0, 0.0025278871662029485)	(2.0, 0.0026239960505059787)	(3.0, 0.004083510037712456)	(4.0, 0.005446915140615903)	(5.0, 0.00589840338780688)	(6.0, 0.005855936671486936)	(7.0, 0.006171084408387571)	(8.0, 0.0062940143766821435)	(9.0, 0.0063655372673262585)	(10.0, 0.006812555333851978)	(11.0, 0.007154524154744155)	(12.0, 0.007342271742684957)	(13.0, 0.007894339054844223)	(14.0, 0.008569336335298059)	(15.0, 0.009103522924796294)	(16.0, 0.009771814934252249)	(17.0, 0.010735138867615176)	(18.0, 0.01202255089920925)	(19.0, 0.01360722994504293)	(20.0, 0.015822204464677872)	(21.0, 0.018636183193457286)	(22.0, 0.022818037205805396)	(23.0, 0.029652943442983665)	(24.0, 0.03721201894793359)	(25.0, 0.054442330322167484)	(26.0, 0.08693383848758947)	(27.0, 0.13577056225552442)	(28.0, 0.17359723104493088)	(29.0, 0.19721096040915204)	(30.0, 0.24616167378405107)	(31.0, 0.31371504399741795)	(32.0, 0.39840708688138093)	(33.0, 0.5355589349624699)	(34.0, 0.7416186179984985)	(35.0, 1.0778432567358192)	(36.0, 1.4084712292802377)	(37.0, 1.6733987214970385)	(38.0, 1.9833968102712949)	(39.0, 2.216163587691903)	(40.0, 2.454638785822044)	(41.0, 2.7823454953017173)	(42.0, 3.122311675255858)	(43.0, 3.5137162241251136)	(44.0, 3.821783194851979)	(45.0, 3.9338416837686463)	(46.0, 3.747220581355489)	(47.0, 3.5346098485545254)	(48.0, 3.6077420042381334)	(49.0, 3.691072877109526)	(50.0, 3.7889050160590125)	(51.0, 3.9737715725610565)	(52.0, 4.101864599524001)	(53.0, 4.256445682018929)	(54.0, 4.243602852967644)	(55.0, 4.188715739669284)	(56.0, 4.337999658075881)	(57.0, 4.066952488528343)	(58.0, 3.545711542236692)	(59.0, 2.976378157257871)	(60.0, 2.4448826165201205)	(61.0, 2.1327723673815298)	(62.0, 1.6877524716131793)	(63.0, 1.3403166197673937)	(64.0, 1.1733106701133846)	(65.0, 1.0142571718628681)	(66.0, 0.8546560764808574)	(67.0, 0.7267373865638572)	(68.0, 0.6066415128110573)	(69.0, 0.4305856824002349)	(70.0, 0.32088968396515577)	(71.0, 0.24968864632893903)	(72.0, 0.1496013012338302)	(73.0, 0.09406601173900735)	(74.0, 0.08036714309032664)	(75.0, 0.07609365037434075)	(76.0, 0.0754790005328679)	(77.0, 0.06993374141761632)	(78.0, 0.0660245684258489)	(79.0, 0.0646812791359391)	(80.0, 0.06440189284436053)	(81.0, 0.07535383547424068)	(82.0, 0.09914860715540479)	(83.0, 0.09615358610968246)	(84.0, 0.07641103320157401)	(85.0, 0.06932356175680872)	(86.0, 0.06107831351974181)	(87.0, 0.05584373196072562)	(88.0, 0.05273025112737397)	(89.0, 0.052531328087770036)	(90.0, 0.05068737856335143)	(91.0, 0.04674914939725984)	(92.0, 0.04448276779997443)	(93.0, 0.04555114097897091)	(94.0, 0.04933514891211113)	(95.0, 0.054457975954495884)	(96.0, 0.054887113298360574)	(97.0, 0.042245442377013206)	(98.0, 0.022393370042605963)	(99.0, 0.010500454382689171)	(100.0, 0.019148018879629233)
SRR15652284_1	(0.0, 0.006622436067420865)	(1.0, 0.004206896168499538)	(2.0, 0.0015959817189301624)	(3.0, 0.001332099208963967)	(4.0, 0.001164635308408497)	(5.0, 0.0010758286944775658)	(6.0, 0.0009844847487200366)	(7.0, 0.0008195581799911645)	(8.0, 0.0007485128888464195)	(9.0, 0.0007282142342336353)	(10.0, 0.000695228920487861)	(11.0, 0.0007231395705804393)	(12.0, 0.0008144835163379685)	(13.0, 0.0009768727532402427)	(14.0, 0.0012610539178192221)	(15.0, 0.001570608400664182)	(16.0, 0.001956282838307083)	(17.0, 0.002511958508332052)	(18.0, 0.003331516688323217)	(19.0, 0.004511375987691302)	(20.0, 0.006297657593616317)	(21.0, 0.008890810720399505)	(22.0, 0.0134123360353972)	(23.0, 0.018844763476143587)	(24.0, 0.025502722189136823)	(25.0, 0.03729624051916448)	(26.0, 0.06127656361234248)	(27.0, 0.10401030623590655)	(28.0, 0.13371992459354293)	(29.0, 0.1622496836518112)	(30.0, 0.23894561277438991)	(31.0, 0.3331592808278015)	(32.0, 0.4506301324038106)	(33.0, 0.5851137938771596)	(34.0, 0.7306551474508227)	(35.0, 0.9225611654919117)	(36.0, 1.1649727735414344)	(37.0, 1.4465709343209372)	(38.0, 1.7519718049657562)	(39.0, 2.082573455312347)	(40.0, 2.4290334295751754)	(41.0, 2.7333787701801295)	(42.0, 2.9678003203076955)	(43.0, 3.068509557837198)	(44.0, 3.1486689449030827)	(45.0, 3.2755989695286494)	(46.0, 3.294070745226283)	(47.0, 3.2743176169562176)	(48.0, 3.3540558069388866)	(49.0, 3.4325583163220035)	(50.0, 3.4093011327994063)	(51.0, 3.439629860122732)	(52.0, 3.5403086496703158)	(53.0, 3.5437061369861302)	(54.0, 3.548605724743291)	(55.0, 3.538162066945014)	(56.0, 3.5355790631455366)	(57.0, 3.607613913702655)	(58.0, 3.651481843652708)	(59.0, 3.648596897365866)	(60.0, 3.5611452186303385)	(61.0, 3.365009468434311)	(62.0, 2.867179889392123)	(63.0, 2.2569084504542447)	(64.0, 1.9140489500533586)	(65.0, 1.7319040475491925)	(66.0, 1.555427544345646)	(67.0, 1.2878938138809761)	(68.0, 1.010015381559266)	(69.0, 0.7878034721812902)	(70.0, 0.5321799773106713)	(71.0, 0.33805886858496226)	(72.0, 0.23862590896423855)	(73.0, 0.17946040543162564)	(74.0, 0.13452425878257449)	(75.0, 0.10706017909147739)	(76.0, 0.11784130202269243)	(77.0, 0.10954168961789026)	(78.0, 0.09219648925126611)	(79.0, 0.11587233252525235)	(80.0, 0.13974101301806005)	(81.0, 0.1681616668077846)	(82.0, 0.21011391122875647)	(83.0, 0.13652875092558694)	(84.0, 0.03763624298392862)	(85.0, 0.031145748171490847)	(86.0, 0.02832169784848724)	(87.0, 0.02253911861567032)	(88.0, 0.01623384902657421)	(89.0, 0.01557921741531192)	(90.0, 0.016058773130538946)	(91.0, 0.01658400081864474)	(92.0, 0.01657385149133835)	(93.0, 0.016023250484966573)	(94.0, 0.01423696887904156)	(95.0, 0.01227814870890788)	(96.0, 0.011557546470154037)	(97.0, 0.01124545465548248)	(98.0, 0.010200073942924092)	(99.0, 0.0068533332636412855)	(100.0, 0.0024256892262277193)
SRR15652284_2	(0.0, 0.0027304641129214393)	(1.0, 0.002245781356817355)	(2.0, 0.0019717199031040506)	(3.0, 0.0026264222647524997)	(4.0, 0.003202458838761019)	(5.0, 0.0035399604437968473)	(6.0, 0.003595787776960669)	(7.0, 0.0032582861719248402)	(8.0, 0.003123793051121089)	(9.0, 0.0031593195358617025)	(10.0, 0.003392779292728591)	(11.0, 0.0036795287767064006)	(12.0, 0.003778495412769538)	(13.0, 0.003978966290948714)	(14.0, 0.004217501259921405)	(15.0, 0.0045473900467985304)	(16.0, 0.005004159136320704)	(17.0, 0.005351811165568137)	(18.0, 0.006019201557481092)	(19.0, 0.007447873765264334)	(20.0, 0.009467808183373503)	(21.0, 0.012129756932866616)	(22.0, 0.016037670254334106)	(23.0, 0.022660822052405626)	(24.0, 0.03066950675536107)	(25.0, 0.047100505947894826)	(26.0, 0.07571201419435321)	(27.0, 0.11784388749066796)	(28.0, 0.15701691212930016)	(29.0, 0.19500233713517473)	(30.0, 0.25761776649050605)	(31.0, 0.3344717034086647)	(32.0, 0.42710447476376157)	(33.0, 0.5614021999014394)	(34.0, 0.7526590305025322)	(35.0, 0.9943380933747673)	(36.0, 1.216528341760723)	(37.0, 1.447828595876593)	(38.0, 1.7605860042905843)	(39.0, 2.0797534055942033)	(40.0, 2.362369129311837)	(41.0, 2.6076592055973498)	(42.0, 2.8429028995194283)	(43.0, 3.0077254878674515)	(44.0, 3.083325847395477)	(45.0, 3.163582714030576)	(46.0, 3.203641363181671)	(47.0, 3.2333085155461356)	(48.0, 3.283301892394338)	(49.0, 3.3736355926655066)	(50.0, 3.5062102832932642)	(51.0, 3.590108614614276)	(52.0, 3.5666738227157357)	(53.0, 3.507946005833449)	(54.0, 3.4575796008954702)	(55.0, 3.367885377349633)	(56.0, 3.464210365511701)	(57.0, 3.5886393407096464)	(58.0, 3.505299282720273)	(59.0, 3.494542370662026)	(60.0, 3.503657451604046)	(61.0, 3.380712975947047)	(62.0, 2.995798739418817)	(63.0, 2.4780332132030627)	(64.0, 2.100026340350829)	(65.0, 1.8186540435991172)	(66.0, 1.5771805268171668)	(67.0, 1.3176468677567208)	(68.0, 1.0293392936624304)	(69.0, 0.7775580210935965)	(70.0, 0.5708547824484955)	(71.0, 0.39003258793693135)	(72.0, 0.27182836038675146)	(73.0, 0.1988950248203248)	(74.0, 0.15851663730656462)	(75.0, 0.13068924933045264)	(76.0, 0.10525736146827916)	(77.0, 0.08573302049725913)	(78.0, 0.07232938532583623)	(79.0, 0.06819308745960766)	(80.0, 0.07034497739246767)	(81.0, 0.07926973788052037)	(82.0, 0.10685097806950097)	(83.0, 0.1053461776801307)	(84.0, 0.08493367459059532)	(85.0, 0.07946259594054085)	(86.0, 0.06636093588941315)	(87.0, 0.06110047854174946)	(88.0, 0.06272962162771188)	(89.0, 0.06366092304912653)	(90.0, 0.06052951717984674)	(91.0, 0.05292431183930254)	(92.0, 0.047719681824802664)	(93.0, 0.04726545034133339)	(94.0, 0.046795993221546706)	(95.0, 0.0436214480493676)	(96.0, 0.03569904195221079)	(97.0, 0.023031312536129167)	(98.0, 0.011264433268827388)	(99.0, 0.005562432467958917)	(100.0, 0.011239057208298379)
SRR15652285_1	(0.0, 0.006318921213316151)	(1.0, 0.004445160183009108)	(2.0, 0.0019796851431314183)	(3.0, 0.0011669915188754394)	(4.0, 0.0007962571239901277)	(5.0, 0.0006519811772121)	(6.0, 0.0006410235103681992)	(7.0, 0.0007487739009998908)	(8.0, 0.0009807111825291253)	(9.0, 0.0012163010196729932)	(10.0, 0.0014792850239266136)	(11.0, 0.0019888165321680024)	(12.0, 0.002764984600277645)	(13.0, 0.004061641843472579)	(14.0, 0.006132640876969836)	(15.0, 0.009277491261169378)	(16.0, 0.014192004840658903)	(17.0, 0.022030389189662637)	(18.0, 0.03493304189835588)	(19.0, 0.055378221951267535)	(20.0, 0.08691073457239952)	(21.0, 0.13590063675367287)	(22.0, 0.2059183016083919)	(23.0, 0.2939686335325571)	(24.0, 0.40768182120513813)	(25.0, 0.5527704616074218)	(26.0, 0.7213395557783777)	(27.0, 0.9233551017125335)	(28.0, 1.1536414281039538)	(29.0, 1.3871310457694073)	(30.0, 1.629474458244733)	(31.0, 1.8815190584325254)	(32.0, 2.1127203500054113)	(33.0, 2.317380346204562)	(34.0, 2.4997195750426866)	(35.0, 2.6509043307657936)	(36.0, 2.7649663374995725)	(37.0, 2.8399496517123857)	(38.0, 2.8816727944983453)	(39.0, 2.8793662056277043)	(40.0, 2.8409522782286025)	(41.0, 2.779041460560563)	(42.0, 2.6900451167322075)	(43.0, 2.585379309317074)	(44.0, 2.4920674710300292)	(45.0, 2.42720904098098)	(46.0, 2.365681741652477)	(47.0, 2.3066162648082367)	(48.0, 2.2691903537028937)	(49.0, 2.2366679985101956)	(50.0, 2.206260473018371)	(51.0, 2.1927332332995753)	(52.0, 2.144950500748938)	(53.0, 2.0643312932227453)	(54.0, 2.002725463948527)	(55.0, 1.9393335349787537)	(56.0, 1.865681577287474)	(57.0, 1.8560972713546755)	(58.0, 1.8878964205356756)	(59.0, 1.870817070481649)	(60.0, 1.7708648860872003)	(61.0, 1.6633026020696624)	(62.0, 1.502277861520732)	(63.0, 1.2831226983649078)	(64.0, 1.126521202665299)	(65.0, 0.9878683652559999)	(66.0, 0.8865026418386877)	(67.0, 0.8035257096632485)	(68.0, 0.6919949239704113)	(69.0, 0.5766782643830061)	(70.0, 0.4845224599479927)	(71.0, 0.440764843684682)	(72.0, 0.42498215087385016)	(73.0, 0.35334640388184846)	(74.0, 0.33858094780969206)	(75.0, 0.48404580144028303)	(76.0, 0.6096498839163037)	(77.0, 0.6065452116438652)	(78.0, 0.5424501657182745)	(79.0, 0.48983327581166997)	(80.0, 0.5139803209800128)	(81.0, 0.6323998265620492)	(82.0, 0.7961329370992303)	(83.0, 0.8137492128286081)	(84.0, 0.7027571790889291)	(85.0, 0.6554072743786263)	(86.0, 0.7307960222646641)	(87.0, 0.6964473892646497)	(88.0, 0.5533749595616436)	(89.0, 0.5074769457081576)	(90.0, 0.4838120378809465)	(91.0, 0.4954143807908301)	(92.0, 0.3869188688137533)	(93.0, 0.19612032117213726)	(94.0, 0.10266238066050698)	(95.0, 0.05868013222689631)	(96.0, 0.034109390607256)	(97.0, 0.02199021107790167)	(98.0, 0.014098864672485749)	(99.0, 0.009704840268081511)	(100.0, 0.0054331764767675)
SRR15652285_2	(0.0, 0.005271014623010953)	(1.0, 0.004076543533804728)	(2.0, 0.0025058323155824763)	(3.0, 0.002191690071938026)	(4.0, 0.0019706946563509417)	(5.0, 0.0015688848098289701)	(6.0, 0.0014264249551529985)	(7.0, 0.0014775643901648859)	(8.0, 0.0016492467791333644)	(9.0, 0.0019323400800920262)	(10.0, 0.0022336974649835046)	(11.0, 0.0027414389983158143)	(12.0, 0.003446432638122546)	(13.0, 0.004593417109103446)	(14.0, 0.006675522677444571)	(15.0, 0.00946444829398571)	(16.0, 0.01425877032635014)	(17.0, 0.021695905303793173)	(18.0, 0.03243701306468278)	(19.0, 0.04976597590013944)	(20.0, 0.07726072785260198)	(21.0, 0.11580342417602545)	(22.0, 0.17236363929917276)	(23.0, 0.24862714816904294)	(24.0, 0.3459801947561368)	(25.0, 0.4706289147808254)	(26.0, 0.6239467673548567)	(27.0, 0.8098203495391341)	(28.0, 1.0328138559084685)	(29.0, 1.287305601428339)	(30.0, 1.5553803461690454)	(31.0, 1.8331752363787968)	(32.0, 2.1040261218772915)	(33.0, 2.3489328761492194)	(34.0, 2.5536823890780633)	(35.0, 2.702330115390473)	(36.0, 2.809259021183543)	(37.0, 2.8949340125039935)	(38.0, 2.939553169551865)	(39.0, 2.9384646301494692)	(40.0, 2.8926930094054373)	(41.0, 2.811847041876823)	(42.0, 2.7143150072671878)	(43.0, 2.6079029750494165)	(44.0, 2.511152643232106)	(45.0, 2.43532016674305)	(46.0, 2.3800877505218185)	(47.0, 2.331105303822397)	(48.0, 2.3061529123533826)	(49.0, 2.27748925902922)	(50.0, 2.2247097092801655)	(51.0, 2.1787682325555577)	(52.0, 2.130381194992346)	(53.0, 2.0725023130092493)	(54.0, 2.0043517102223367)	(55.0, 1.933395744143343)	(56.0, 1.859972300325026)	(57.0, 1.789376136699509)	(58.0, 1.747732198924293)	(59.0, 1.7022838524658714)	(60.0, 1.6511261533700514)	(61.0, 1.65471504586285)	(62.0, 1.5786268721987347)	(63.0, 1.3894949774408427)	(64.0, 1.2262597272912918)	(65.0, 1.0707976712635479)	(66.0, 0.9273442504216309)	(67.0, 0.8142000768662236)	(68.0, 0.6897979219746281)	(69.0, 0.5829000651242441)	(70.0, 0.5079990569157621)	(71.0, 0.44605824266600685)	(72.0, 0.40945701846464183)	(73.0, 0.34790705561104895)	(74.0, 0.3176489477595512)	(75.0, 0.40971088923130794)	(76.0, 0.5218724550711298)	(77.0, 0.6899641251384167)	(78.0, 0.753981565731333)	(79.0, 0.6151818334754979)	(80.0, 0.5463335426823513)	(81.0, 0.6023805370469866)	(82.0, 0.7278529672570453)	(83.0, 0.8258123814307086)	(84.0, 0.8271438331494109)	(85.0, 0.7931050599238201)	(86.0, 0.773672074619303)	(87.0, 0.6805234201535436)	(88.0, 0.5710558066938124)	(89.0, 0.4808933299510685)	(90.0, 0.38989801098098825)	(91.0, 0.35120189635252913)	(92.0, 0.2789510067226988)	(93.0, 0.1856854621197694)	(94.0, 0.13251871379133945)	(95.0, 0.0940947340134793)	(96.0, 0.06673148346533304)	(97.0, 0.047499403084076866)	(98.0, 0.030354907496341656)	(99.0, 0.02316251124359837)	(100.0, 0.018874104336172967)
SRR15652286_1	(0.0, 0.0072169925490623175)	(1.0, 0.005643140204993723)	(2.0, 0.003250448758076384)	(3.0, 0.0022416887986733683)	(4.0, 0.0019132191205344237)	(5.0, 0.0016532454890216092)	(6.0, 0.0016345647490326645)	(7.0, 0.00167659641400779)	(8.0, 0.0016579156740188453)	(9.0, 0.0017793404839469863)	(10.0, 0.002079789052102514)	(11.0, 0.002658891991759801)	(12.0, 0.0035711347945532696)	(13.0, 0.004760475240516084)	(14.0, 0.006827810465959302)	(15.0, 0.010106280334019103)	(16.0, 0.015354011542580162)	(17.0, 0.023791479104253537)	(18.0, 0.03729142720293094)	(19.0, 0.05890192991347517)	(20.0, 0.09159789507912569)	(21.0, 0.13962919104736743)	(22.0, 0.21214004004278886)	(23.0, 0.30669260549683264)	(24.0, 0.4245260431620988)	(25.0, 0.5694636778229913)	(26.0, 0.7429828446669695)	(27.0, 0.9432637282734432)	(28.0, 1.1668784128544414)	(29.0, 1.4039914888057845)	(30.0, 1.6470574939002713)	(31.0, 1.8974276683304356)	(32.0, 2.125768580128637)	(33.0, 2.33132210259699)	(34.0, 2.5154612701246837)	(35.0, 2.664924314047898)	(36.0, 2.7864923429826205)	(37.0, 2.8739104224892196)	(38.0, 2.9347738301015345)	(39.0, 2.964300296382394)	(40.0, 2.951475968379983)	(41.0, 2.9085164933187397)	(42.0, 2.8431043255191177)	(43.0, 2.7613433967725034)	(44.0, 2.684996769166019)	(45.0, 2.6385050775185324)	(46.0, 2.5978869218692373)	(47.0, 2.5526483965293427)	(48.0, 2.523146837901802)	(49.0, 2.511440240842063)	(50.0, 2.503832509481565)	(51.0, 2.4873965717479587)	(52.0, 2.435059365212265)	(53.0, 2.3337179075005725)	(54.0, 2.2384679277536077)	(55.0, 2.1664816962062092)	(56.0, 2.097884462238472)	(57.0, 2.0707600277745244)	(58.0, 2.060714459845469)	(59.0, 2.039564748721319)	(60.0, 1.935374478161312)	(61.0, 1.7923796404592698)	(62.0, 1.6082311325615821)	(63.0, 1.369063175211455)	(64.0, 1.1750123183912944)	(65.0, 0.9945968450347309)	(66.0, 0.8559515062934479)	(67.0, 0.7291264057801697)	(68.0, 0.6096163717008958)	(69.0, 0.5030256260523095)	(70.0, 0.4077055935303865)	(71.0, 0.3539299700155442)	(72.0, 0.333736090087495)	(73.0, 0.29187722195726706)	(74.0, 0.27430487254099967)	(75.0, 0.36024561686013995)	(76.0, 0.4185528765506337)	(77.0, 0.42518142579004425)	(78.0, 0.41259060703749556)	(79.0, 0.3572738224735654)	(80.0, 0.34182173704604324)	(81.0, 0.39789197812286087)	(82.0, 0.485127920414568)	(83.0, 0.49826203735512853)	(84.0, 0.43704992259635383)	(85.0, 0.36643672543814276)	(86.0, 0.3640642714595468)	(87.0, 0.34993073492957766)	(88.0, 0.25529566287391603)	(89.0, 0.20017813953653457)	(90.0, 0.20794154373027351)	(91.0, 0.22566645252311726)	(92.0, 0.15904937699420793)	(93.0, 0.07113625787790157)	(94.0, 0.0363324825501651)	(95.0, 0.022256544968495242)	(96.0, 0.01284300874239951)	(97.0, 0.008000026900265583)	(98.0, 0.004593905308947994)	(99.0, 0.002992031854895982)	(100.0, 0.001794907767271107)
SRR15652286_2	(0.0, 0.007724724206562861)	(1.0, 0.006236446024081181)	(2.0, 0.004081867567434064)	(3.0, 0.0034856222286364863)	(4.0, 0.003630402428396734)	(5.0, 0.0034840654522949785)	(6.0, 0.003149358538870752)	(7.0, 0.0029158420876445467)	(8.0, 0.002848900704959701)	(9.0, 0.0027757322169088233)	(10.0, 0.0028302193888616045)	(11.0, 0.0034249079513176735)	(12.0, 0.00410054888353216)	(13.0, 0.004732600078184422)	(14.0, 0.006030951547002121)	(15.0, 0.008283606913164246)	(16.0, 0.011759888483751684)	(17.0, 0.01753241515806347)	(18.0, 0.025918769309767248)	(19.0, 0.038334060633293816)	(20.0, 0.05936299545438433)	(21.0, 0.09018405346356037)	(22.0, 0.1331277288440595)	(23.0, 0.19280052279040388)	(24.0, 0.2704120505199454)	(25.0, 0.37238712799408763)	(26.0, 0.5059616516481599)	(27.0, 0.673203020463685)	(28.0, 0.8828525335982303)	(29.0, 1.1269099174327861)	(30.0, 1.3892687639381105)	(31.0, 1.6700458313398163)	(32.0, 1.9516059572413007)	(33.0, 2.2184887957950474)	(34.0, 2.458358451270947)	(35.0, 2.6591841561018246)	(36.0, 2.814997229794339)	(37.0, 2.9400748681764606)	(38.0, 3.0300378593995267)	(39.0, 3.072189135622198)	(40.0, 3.0701310772987247)	(41.0, 3.020784380825603)	(42.0, 2.9430483109887406)	(43.0, 2.8628665455193696)	(44.0, 2.7959671957957446)	(45.0, 2.7472276420958113)	(46.0, 2.706731219124163)	(47.0, 2.662633972474606)	(48.0, 2.6489094322478715)	(49.0, 2.642937638201847)	(50.0, 2.610840023592634)	(51.0, 2.5574597196186653)	(52.0, 2.4790028623356846)	(53.0, 2.3947330021935134)	(54.0, 2.3118004129286973)	(55.0, 2.236197126679701)	(56.0, 2.1609861480687655)	(57.0, 2.080267294761574)	(58.0, 2.008085802911212)	(59.0, 1.947573906516795)	(60.0, 1.8637835334878081)	(61.0, 1.8193204443979971)	(62.0, 1.72558849765214)	(63.0, 1.4993094996376057)	(64.0, 1.2855485401851379)	(65.0, 1.0913733838851822)	(66.0, 0.9114987750583196)	(67.0, 0.7645344180909367)	(68.0, 0.6291804990785207)	(69.0, 0.5160215403669848)	(70.0, 0.4330842807731443)	(71.0, 0.37048007697574026)	(72.0, 0.3336436351829772)	(73.0, 0.29060188289296307)	(74.0, 0.2649882417461314)	(75.0, 0.3288783428016211)	(76.0, 0.4019082777581045)	(77.0, 0.4729237441286764)	(78.0, 0.5059850032932826)	(79.0, 0.42268812836455366)	(80.0, 0.35233584871546414)	(81.0, 0.376822383791044)	(82.0, 0.44318308890050695)	(83.0, 0.4869098227807846)	(84.0, 0.4893882107164653)	(85.0, 0.44907393057677336)	(86.0, 0.39839774710800385)	(87.0, 0.35301927352938617)	(88.0, 0.291950051204709)	(89.0, 0.21779145340063236)	(90.0, 0.16931655167875523)	(91.0, 0.14789686599594618)	(92.0, 0.1079219630987029)	(93.0, 0.06821638250854051)	(94.0, 0.04922371114214251)	(95.0, 0.03479550800904605)	(96.0, 0.024860161397541786)	(97.0, 0.0183715176061363)	(98.0, 0.010639009517865899)	(99.0, 0.007785438483881674)	(100.0, 0.007843039208517472)
SRR15652287_1	(0.0, 0.023242561078650872)	(1.0, 0.015113178223782733)	(2.0, 0.0050785669831843894)	(3.0, 0.002528052241729905)	(4.0, 0.001586669298727089)	(5.0, 0.001174176121966636)	(6.0, 0.0009699715790159166)	(7.0, 0.0009597613518683806)	(8.0, 0.0011292511225174777)	(9.0, 0.0013171193020321396)	(10.0, 0.0017071499790680135)	(11.0, 0.002285048835618549)	(12.0, 0.003232557914909886)	(13.0, 0.004615022670686256)	(14.0, 0.006563134010436119)	(15.0, 0.009319895340270829)	(16.0, 0.014320864597133944)	(17.0, 0.021500696327281237)	(18.0, 0.03304642118571491)	(19.0, 0.0534566652536393)	(20.0, 0.08262115807786102)	(21.0, 0.1269621325341802)	(22.0, 0.19534819192294658)	(23.0, 0.2798643681593903)	(24.0, 0.38698394525504914)	(25.0, 0.5221918572335794)	(26.0, 0.6785226871349321)	(27.0, 0.8667563927814755)	(28.0, 1.0795354844906955)	(29.0, 1.3107950873369558)	(30.0, 1.5561570559193925)	(31.0, 1.8019315176785895)	(32.0, 2.0286598217167735)	(33.0, 2.2385902600518306)	(34.0, 2.4211756680403576)	(35.0, 2.579293287692529)	(36.0, 2.7054488122820537)	(37.0, 2.7835835965512876)	(38.0, 2.856190563842845)	(39.0, 2.8877360816378723)	(40.0, 2.8742483715759772)	(41.0, 2.84585372987868)	(42.0, 2.783900113592861)	(43.0, 2.6942216465106235)	(44.0, 2.614639052031869)	(45.0, 2.5851457898934966)	(46.0, 2.559850973158191)	(47.0, 2.5291365678529734)	(48.0, 2.532267023496408)	(49.0, 2.5522198493881225)	(50.0, 2.5800917274554664)	(51.0, 2.6003978272064856)	(52.0, 2.580796233128646)	(53.0, 2.523837459963402)	(54.0, 2.462864025483747)	(55.0, 2.3860075616533845)	(56.0, 2.2811648652116263)	(57.0, 2.2207815818610985)	(58.0, 2.1911372083609426)	(59.0, 2.109616712769586)	(60.0, 1.9650439804513358)	(61.0, 1.8146555027498492)	(62.0, 1.6147045404287932)	(63.0, 1.3793833092232433)	(64.0, 1.179550785537099)	(65.0, 0.9941555230375704)	(66.0, 0.8581940962955519)	(67.0, 0.7471905487929704)	(68.0, 0.6242492037094899)	(69.0, 0.508038440361665)	(70.0, 0.4151029108193632)	(71.0, 0.35237127522490225)	(72.0, 0.3135111507013803)	(73.0, 0.26040775930704574)	(74.0, 0.24799620718650106)	(75.0, 0.3181996870075288)	(76.0, 0.3813458578241798)	(77.0, 0.36989406705550343)	(78.0, 0.3262290096363511)	(79.0, 0.31493445636574685)	(80.0, 0.35729260471001456)	(81.0, 0.45044254902241465)	(82.0, 0.5356244320688777)	(83.0, 0.49543085187988767)	(84.0, 0.39635897582191665)	(85.0, 0.3837636396127163)	(86.0, 0.43881310030137116)	(87.0, 0.4080946109052945)	(88.0, 0.3120735507190072)	(89.0, 0.27830628749667635)	(90.0, 0.2702708387315655)	(91.0, 0.24761230264575368)	(92.0, 0.15846476737518767)	(93.0, 0.0695255207384314)	(94.0, 0.04202529493925803)	(95.0, 0.028035241701704253)	(96.0, 0.01691426229260808)	(97.0, 0.011445664632387817)	(98.0, 0.006957248778331006)	(99.0, 0.004617064716115763)	(100.0, 0.0030998249619919186)
SRR15652287_2	(0.0, 0.02202645195947304)	(1.0, 0.015597815693162907)	(2.0, 0.007431323816106287)	(3.0, 0.004835772134251082)	(4.0, 0.0037595677783598997)	(5.0, 0.003052989586446523)	(6.0, 0.002438307402151939)	(7.0, 0.002375001263570105)	(8.0, 0.0023341585935173085)	(9.0, 0.0022463468529037964)	(10.0, 0.0026057623493684037)	(11.0, 0.003179601863610192)	(12.0, 0.003694219506275425)	(13.0, 0.004592758247436944)	(14.0, 0.006514405873421009)	(15.0, 0.008962923943086148)	(16.0, 0.012595879444282379)	(17.0, 0.01886727143088925)	(18.0, 0.02891865253088242)	(19.0, 0.04553140857485731)	(20.0, 0.0690935449283155)	(21.0, 0.10165944789491263)	(22.0, 0.15117710106692286)	(23.0, 0.21729934174889742)	(24.0, 0.29865181409355973)	(25.0, 0.40602923579586386)	(26.0, 0.5466730122561705)	(27.0, 0.7178752744499795)	(28.0, 0.9204528757783464)	(29.0, 1.1568788399129684)	(30.0, 1.414835017565922)	(31.0, 1.6948850375839355)	(32.0, 1.9713388605038005)	(33.0, 2.2240283758534463)	(34.0, 2.452539030531836)	(35.0, 2.637280637848147)	(36.0, 2.7713671236314767)	(37.0, 2.87792360766572)	(38.0, 2.9574994238630854)	(39.0, 2.9917378341683447)	(40.0, 2.973395391047634)	(41.0, 2.9155090747818058)	(42.0, 2.8383919873216183)	(43.0, 2.758579283637946)	(44.0, 2.689755300331979)	(45.0, 2.6317750459250298)	(46.0, 2.6036936681302296)	(47.0, 2.5906607721163826)	(48.0, 2.599650243795003)	(49.0, 2.6255485808754813)	(50.0, 2.633898864767775)	(51.0, 2.6234431412342594)	(52.0, 2.57875309166249)	(53.0, 2.5211894324900785)	(54.0, 2.4611119069759178)	(55.0, 2.380709026709983)	(56.0, 2.276723588755564)	(57.0, 2.1694870742649415)	(58.0, 2.0932603570119053)	(59.0, 1.9918663864723358)	(60.0, 1.8563585757711683)	(61.0, 1.7782245058266664)	(62.0, 1.6620965420655505)	(63.0, 1.4507336824088273)	(64.0, 1.240389847369921)	(65.0, 1.0456295330896592)	(66.0, 0.8888059328879372)	(67.0, 0.7632371859441176)	(68.0, 0.6331920823625116)	(69.0, 0.5170069388633219)	(70.0, 0.4276901458583644)	(71.0, 0.35799212941326747)	(72.0, 0.3105370310789235)	(73.0, 0.2640866624278782)	(74.0, 0.23855590937787527)	(75.0, 0.277031746701112)	(76.0, 0.3295370411874843)	(77.0, 0.4072545158974477)	(78.0, 0.4372391621167081)	(79.0, 0.3756157415410491)	(80.0, 0.36279114314447103)	(81.0, 0.4258542678394912)	(82.0, 0.49312622968345193)	(83.0, 0.4964692022272733)	(84.0, 0.4668378451039696)	(85.0, 0.4723597740951077)	(86.0, 0.4799605949919331)	(87.0, 0.4151248984166216)	(88.0, 0.32826070774833443)	(89.0, 0.26146660514399134)	(90.0, 0.2070968427697089)	(91.0, 0.1700443724978121)	(92.0, 0.12195417064414711)	(93.0, 0.08228776948887134)	(94.0, 0.06564029717535157)	(95.0, 0.04976679345933229)	(96.0, 0.03720358815109215)	(97.0, 0.027556549484621665)	(98.0, 0.016187992275425812)	(99.0, 0.01079880196195934)	(100.0, 0.00980836721317903)
SRR15652288_1	(0.0, 0.005797823729568978)	(1.0, 0.0041923054327746186)	(2.0, 0.002120737883382163)	(3.0, 0.0013960099171860408)	(4.0, 0.001053955419866337)	(5.0, 0.0009235471427632001)	(6.0, 0.0009812688391859)	(7.0, 0.0010710581447323222)	(8.0, 0.0012228448279179406)	(9.0, 0.001472972179082974)	(10.0, 0.0018727483728253778)	(11.0, 0.002541892483207048)	(12.0, 0.0034932315538774737)	(13.0, 0.0050303389512078925)	(14.0, 0.007345620329940637)	(15.0, 0.010492521705281912)	(16.0, 0.015681060861500166)	(17.0, 0.024448345195925824)	(18.0, 0.03816900621966244)	(19.0, 0.0605457838661958)	(20.0, 0.09515956115434157)	(21.0, 0.14682475513387458)	(22.0, 0.22017620424347678)	(23.0, 0.3121033503981472)	(24.0, 0.42599039528074245)	(25.0, 0.5696682490392758)	(26.0, 0.7418670343524477)	(27.0, 0.9377167503146688)	(28.0, 1.1496708195788232)	(29.0, 1.3714033717851046)	(30.0, 1.5954832729792428)	(31.0, 1.8220794125692885)	(32.0, 2.0303286040593487)	(33.0, 2.2167931997513604)	(34.0, 2.383241193828345)	(35.0, 2.5241997143331867)	(36.0, 2.6441197454122585)	(37.0, 2.733676026332381)	(38.0, 2.7910171871268132)	(39.0, 2.8162543955071824)	(40.0, 2.8043124178695087)	(41.0, 2.7675779026979805)	(42.0, 2.7277584835287505)	(43.0, 2.657498351938675)	(44.0, 2.5737014136171728)	(45.0, 2.5276501890748992)	(46.0, 2.4821590787719865)	(47.0, 2.420433206890038)	(48.0, 2.3817553946056123)	(49.0, 2.357747444574986)	(50.0, 2.343644110082373)	(51.0, 2.337532023783391)	(52.0, 2.2809433828830628)	(53.0, 2.1790752779000386)	(54.0, 2.1017816507088267)	(55.0, 2.0384417091676506)	(56.0, 1.973107162338979)	(57.0, 1.9761322067996503)	(58.0, 2.0295931868901116)	(59.0, 2.0867055987394605)	(60.0, 2.0266622074162033)	(61.0, 1.9037663022104503)	(62.0, 1.712927684633963)	(63.0, 1.4328021540539915)	(64.0, 1.1986530235950048)	(65.0, 0.9944956590291314)	(66.0, 0.8600147955672816)	(67.0, 0.7453538523845004)	(68.0, 0.6365142491779789)	(69.0, 0.533917140547542)	(70.0, 0.4366475307128595)	(71.0, 0.39648605704630985)	(72.0, 0.3862992465480074)	(73.0, 0.32665349357788404)	(74.0, 0.3211186242431296)	(75.0, 0.47270221257096456)	(76.0, 0.6127671157015585)	(77.0, 0.6379188104575979)	(78.0, 0.5888083360049214)	(79.0, 0.5205342583399086)	(80.0, 0.522958569589662)	(81.0, 0.6202431443086023)	(82.0, 0.7411615469517258)	(83.0, 0.7277701133816593)	(84.0, 0.6159375333235905)	(85.0, 0.5553276142391472)	(86.0, 0.5901231079789941)	(87.0, 0.545444377107216)	(88.0, 0.3897176536805962)	(89.0, 0.3107308567276518)	(90.0, 0.28051889325188906)	(91.0, 0.24223444363938115)	(92.0, 0.15373211813912432)	(93.0, 0.07307780551174645)	(94.0, 0.04684436340793342)	(95.0, 0.030731458743567135)	(96.0, 0.01725023586795431)	(97.0, 0.012115142726942255)	(98.0, 0.006832538583961081)	(99.0, 0.004183754070341626)	(100.0, 0.0028454658495782855)
SRR15652288_2	(0.0, 0.007255980716450917)	(1.0, 0.005487950058671039)	(2.0, 0.0031662072601837976)	(3.0, 0.0023794656857424492)	(4.0, 0.0022319516405346963)	(5.0, 0.0023003639513556827)	(6.0, 0.002191331830984735)	(7.0, 0.0020502314399164496)	(8.0, 0.001968991820816528)	(9.0, 0.00215284990614793)	(10.0, 0.0024671189589818383)	(11.0, 0.0027450439716920974)	(12.0, 0.003467649004738771)	(13.0, 0.004367698468977379)	(14.0, 0.005599120063755143)	(15.0, 0.00797858574949759)	(16.0, 0.01170491880452822)	(17.0, 0.017002597123728386)	(18.0, 0.02538310519929928)	(19.0, 0.03892660485714152)	(20.0, 0.05923650963212199)	(21.0, 0.08726845399102136)	(22.0, 0.1276167521824115)	(23.0, 0.18002485804071375)	(24.0, 0.2468872024446626)	(25.0, 0.3341599322051103)	(26.0, 0.44650577388144963)	(27.0, 0.5884484915267184)	(28.0, 0.7621687275483356)	(29.0, 0.965701765894911)	(30.0, 1.1903806219393107)	(31.0, 1.4359316464382508)	(32.0, 1.6984510619055089)	(33.0, 1.958347292829725)	(34.0, 2.1956076004110465)	(35.0, 2.410197778494064)	(36.0, 2.590579663281875)	(37.0, 2.733056852105433)	(38.0, 2.840235426430074)	(39.0, 2.9088615257223767)	(40.0, 2.9324958412263147)	(41.0, 2.9075894843180494)	(42.0, 2.851189947700285)	(43.0, 2.786069979337558)	(44.0, 2.7298029915720097)	(45.0, 2.6828315265392626)	(46.0, 2.641861103896344)	(47.0, 2.604602049115464)	(48.0, 2.5844182795385597)	(49.0, 2.575276684505105)	(50.0, 2.541113286788875)	(51.0, 2.488658147466883)	(52.0, 2.4252826930300917)	(53.0, 2.3449196066625637)	(54.0, 2.2677355548634983)	(55.0, 2.191182179054814)	(56.0, 2.1098655961052186)	(57.0, 2.0260434122718043)	(58.0, 1.9783065845117478)	(59.0, 1.9691115423604646)	(60.0, 1.932528059148942)	(61.0, 2.0032728021919817)	(62.0, 1.955538112316638)	(63.0, 1.6423935868418498)	(64.0, 1.3828885888201414)	(65.0, 1.1507100332019908)	(66.0, 0.9429332936998013)	(67.0, 0.7954000075296299)	(68.0, 0.6587656576271271)	(69.0, 0.5500670472714316)	(70.0, 0.45832400057577505)	(71.0, 0.40232638628408424)	(72.0, 0.3780293265190681)	(73.0, 0.3262155526110232)	(74.0, 0.3119622752284132)	(75.0, 0.4177726033366352)	(76.0, 0.5425780371212467)	(77.0, 0.7090230514639946)	(78.0, 0.7696983575080705)	(79.0, 0.6324482968081788)	(80.0, 0.546778980582598)	(81.0, 0.576341650396117)	(82.0, 0.6491622794956311)	(83.0, 0.6905282108104834)	(84.0, 0.6887323876514325)	(85.0, 0.6609463000345461)	(86.0, 0.6329036662520809)	(87.0, 0.5465673299959956)	(88.0, 0.4122803775085378)	(89.0, 0.2992162065685781)	(90.0, 0.21741218590438308)	(91.0, 0.16879241175779297)	(92.0, 0.11863763638715699)	(93.0, 0.07936896997591053)	(94.0, 0.06427977967045662)	(95.0, 0.04850860414150599)	(96.0, 0.03419332810221449)	(97.0, 0.02494483883310233)	(98.0, 0.013639704469934255)	(99.0, 0.007837485358429307)	(100.0, 0.007200395713908866)
SRR15652289_1	(0.0, 0.04154199001234164)	(1.0, 0.031033702649274998)	(2.0, 0.016272525369475262)	(3.0, 0.00959941288544856)	(4.0, 0.0060144080015105674)	(5.0, 0.004147313588524936)	(6.0, 0.0030479426926182155)	(7.0, 0.002425960411217962)	(8.0, 0.0023008754136669887)	(9.0, 0.0025005523822345978)	(10.0, 0.0028746598061026468)	(11.0, 0.0034691004366659882)	(12.0, 0.004268955879721296)	(13.0, 0.005495706910748733)	(14.0, 0.007586577236784271)	(15.0, 0.010727473000977063)	(16.0, 0.015612673318174257)	(17.0, 0.023558439584623246)	(18.0, 0.03623104167595719)	(19.0, 0.056310052704850615)	(20.0, 0.08599421446311695)	(21.0, 0.13142301994981773)	(22.0, 0.1975115062705568)	(23.0, 0.28359408353010884)	(24.0, 0.39441594865391677)	(25.0, 0.537267606132268)	(26.0, 0.7110405045189767)	(27.0, 0.9146754378256069)	(28.0, 1.1368218032009962)	(29.0, 1.367250172496802)	(30.0, 1.6101652377407922)	(31.0, 1.8557036452269988)	(32.0, 2.0810379566867607)	(33.0, 2.277552225683264)	(34.0, 2.449236548881507)	(35.0, 2.5944751494323905)	(36.0, 2.71379935168331)	(37.0, 2.801007693920821)	(38.0, 2.849912485256897)	(39.0, 2.8605745468371366)	(40.0, 2.836829053540579)	(41.0, 2.7861902857705627)	(42.0, 2.731082885152257)	(43.0, 2.6564277978524538)	(44.0, 2.5727447869220677)	(45.0, 2.517833620565975)	(46.0, 2.447613886619699)	(47.0, 2.364485151412406)	(48.0, 2.3162608683657586)	(49.0, 2.2925624253893813)	(50.0, 2.2799816288008365)	(51.0, 2.2794399763343773)	(52.0, 2.2311847089305386)	(53.0, 2.120433993071393)	(54.0, 2.0306103415731602)	(55.0, 1.9726076249106246)	(56.0, 1.914984753515881)	(57.0, 1.936520029332776)	(58.0, 2.1219855060685386)	(59.0, 2.388946727630723)	(60.0, 2.3993012407766168)	(61.0, 2.342921186375889)	(62.0, 2.183286335418795)	(63.0, 1.8301266321497867)	(64.0, 1.5127171392358747)	(65.0, 1.195813724156091)	(66.0, 0.9843225349482319)	(67.0, 0.8465775585625581)	(68.0, 0.723664908721346)	(69.0, 0.583621352059575)	(70.0, 0.46753558891956243)	(71.0, 0.38865974362900224)	(72.0, 0.34623297808352477)	(73.0, 0.2915455876404822)	(74.0, 0.2539787758989348)	(75.0, 0.27009178920731297)	(76.0, 0.2992320033615503)	(77.0, 0.31028423832864593)	(78.0, 0.3009315527319447)	(79.0, 0.2938785949801256)	(80.0, 0.3269756263045992)	(81.0, 0.43370067086641645)	(82.0, 0.5391725703151543)	(83.0, 0.5207827805375914)	(84.0, 0.42667066449029484)	(85.0, 0.3976302888203413)	(86.0, 0.45405050812853953)	(87.0, 0.40803299985519975)	(88.0, 0.30351473006669005)	(89.0, 0.29596831773737625)	(90.0, 0.27565405510758423)	(91.0, 0.26327408305639244)	(92.0, 0.2106500212885485)	(93.0, 0.1231226549288435)	(94.0, 0.08255036053971813)	(95.0, 0.05486526360469762)	(96.0, 0.04139854391423273)	(97.0, 0.03630219094061922)	(98.0, 0.022272014976782502)	(99.0, 0.012766702731693391)	(100.0, 0.008716932489882517)
SRR15652289_2	(0.0, 0.014111108624201342)	(1.0, 0.01220575314053661)	(2.0, 0.009252452140856274)	(3.0, 0.00755484927318149)	(4.0, 0.006469026208394239)	(5.0, 0.005485357744839614)	(6.0, 0.004453481491939255)	(7.0, 0.0038635099747081274)	(8.0, 0.003700521734539217)	(9.0, 0.003627062246012384)	(10.0, 0.003925491418152643)	(11.0, 0.004578592183336519)	(12.0, 0.005380907534590524)	(13.0, 0.006728430027254618)	(14.0, 0.008863346412565705)	(15.0, 0.011934871276593914)	(16.0, 0.01661791367017952)	(17.0, 0.023993705440076857)	(18.0, 0.035215790117058846)	(19.0, 0.05183370378723836)	(20.0, 0.07770866081630709)	(21.0, 0.11641033322486581)	(22.0, 0.17076920693021408)	(23.0, 0.24712231062229942)	(24.0, 0.3472498890933894)	(25.0, 0.4778023216641788)	(26.0, 0.6438024008626898)	(27.0, 0.8447600141639077)	(28.0, 1.0741361192844356)	(29.0, 1.32663015500526)	(30.0, 1.5922091621199261)	(31.0, 1.8553628583086987)	(32.0, 2.0949762318381455)	(33.0, 2.3106326296717796)	(34.0, 2.496180967449986)	(35.0, 2.6346130779697865)	(36.0, 2.7352169953117924)	(37.0, 2.8157354815642512)	(38.0, 2.868923594671203)	(39.0, 2.87500121954229)	(40.0, 2.84759509129924)	(41.0, 2.792564751956576)	(42.0, 2.71949666476705)	(43.0, 2.643362791736037)	(44.0, 2.574196092069991)	(45.0, 2.515573124616562)	(46.0, 2.441309025129458)	(47.0, 2.364616171302936)	(48.0, 2.3225043717004206)	(49.0, 2.288888621067837)	(50.0, 2.2433839113389884)	(51.0, 2.1996548551843746)	(52.0, 2.1490332329578288)	(53.0, 2.087594701045707)	(54.0, 2.0368387856916987)	(55.0, 1.991010395091529)	(56.0, 1.930701302815507)	(57.0, 1.8787333059008056)	(58.0, 1.9421047406047898)	(59.0, 2.0840238812205985)	(60.0, 2.1388751630599776)	(61.0, 2.344347091492071)	(62.0, 2.3676188278964703)	(63.0, 2.011455088992153)	(64.0, 1.735140666311995)	(65.0, 1.4278917643304827)	(66.0, 1.108501386260895)	(67.0, 0.8956605528859536)	(68.0, 0.7335366095117412)	(69.0, 0.6006196996539943)	(70.0, 0.4898680426547112)	(71.0, 0.41345754873721413)	(72.0, 0.3627326241049277)	(73.0, 0.3043093746359307)	(74.0, 0.2641212953892119)	(75.0, 0.2627760685055643)	(76.0, 0.28900340151866016)	(77.0, 0.347936276189312)	(78.0, 0.3623986129930323)	(79.0, 0.3183963793654592)	(80.0, 0.31164728885705645)	(81.0, 0.3719196513888147)	(82.0, 0.4467174799722461)	(83.0, 0.4600033171550288)	(84.0, 0.42947975186762144)	(85.0, 0.43244223530336756)	(86.0, 0.4666835393929376)	(87.0, 0.40951943146947095)	(88.0, 0.32587662134560563)	(89.0, 0.29966994881365794)	(90.0, 0.26588661872287234)	(91.0, 0.25805170514968234)	(92.0, 0.22891009649018598)	(93.0, 0.16828994919243345)	(94.0, 0.12920491007812532)	(95.0, 0.09776080557511607)	(96.0, 0.07614649888060365)	(97.0, 0.059279511632137835)	(98.0, 0.03852261490527456)	(99.0, 0.025966781389727266)	(100.0, 0.021149445868678538)
SRR15652290_1	(0.0, 0.0006436083835708929)	(1.0, 0.0005537189445246788)	(2.0, 0.00040630026448888767)	(3.0, 0.0003146130366617493)	(4.0, 0.0002930395712906579)	(5.0, 0.000370344488870402)	(6.0, 0.0004728184493830861)	(7.0, 0.0006076526079524073)	(8.0, 0.0007550712879881983)	(9.0, 0.0010319307602505376)	(10.0, 0.0014436243910821982)	(11.0, 0.0019955455468259526)	(12.0, 0.0028315173299557437)	(13.0, 0.004052215912203331)	(14.0, 0.0061861911951604535)	(15.0, 0.00949771812962298)	(16.0, 0.014288825230786192)	(17.0, 0.02256045141181881)	(18.0, 0.03620926383659596)	(19.0, 0.05784205623745784)	(20.0, 0.09114789119286108)	(21.0, 0.140392921479939)	(22.0, 0.21189098129729766)	(23.0, 0.30415529932311275)	(24.0, 0.4227823920324014)	(25.0, 0.572067176822792)	(26.0, 0.747027980982343)	(27.0, 0.9526554661669006)	(28.0, 1.183687504614699)	(29.0, 1.4233687048875243)	(30.0, 1.6721125584049887)	(31.0, 1.9303739057286666)	(32.0, 2.1640756605161378)	(33.0, 2.369971016229053)	(34.0, 2.5542515574289153)	(35.0, 2.710035348662347)	(36.0, 2.8302804512744677)	(37.0, 2.9122740019948625)	(38.0, 2.9708962985632414)	(39.0, 2.984180159865491)	(40.0, 2.9549553054427857)	(41.0, 2.902961456109675)	(42.0, 2.8297429124289715)	(43.0, 2.7404557326243673)	(44.0, 2.6472817334754044)	(45.0, 2.5734285703550346)	(46.0, 2.5030325550603827)	(47.0, 2.4367876340608845)	(48.0, 2.4032624688742086)	(49.0, 2.371678915570931)	(50.0, 2.3405268315750747)	(51.0, 2.3317338466475745)	(52.0, 2.2833122036221596)	(53.0, 2.1789793295099997)	(54.0, 2.1045616607124202)	(55.0, 2.037847516841101)	(56.0, 1.9879840472133852)	(57.0, 2.0364578261134465)	(58.0, 2.157459797802336)	(59.0, 2.2702854261155823)	(60.0, 2.2122546020561273)	(61.0, 2.110792796627104)	(62.0, 1.8567976020805594)	(63.0, 1.4549846183888586)	(64.0, 1.2015557273083055)	(65.0, 1.0216923531431739)	(66.0, 0.8615219572842869)	(67.0, 0.7247497824091294)	(68.0, 0.6423786960447406)	(69.0, 0.5471300486425913)	(70.0, 0.4265721307825899)	(71.0, 0.3577761475029604)	(72.0, 0.32228599917873413)	(73.0, 0.2581283109538893)	(74.0, 0.243627346646954)	(75.0, 0.33273294978468515)	(76.0, 0.394873518997333)	(77.0, 0.3869470682622378)	(78.0, 0.35627499387088857)	(79.0, 0.321980375085977)	(80.0, 0.32443435677193866)	(81.0, 0.3754951537277501)	(82.0, 0.4345291439269607)	(83.0, 0.4151363963471305)	(84.0, 0.346626261483668)	(85.0, 0.31976190373031643)	(86.0, 0.3612818356257627)	(87.0, 0.35619768895330883)	(88.0, 0.29746213169173163)	(89.0, 0.29171100538155487)	(90.0, 0.3040474319962573)	(91.0, 0.29893452070330867)	(92.0, 0.21097051344146447)	(93.0, 0.10220608998432634)	(94.0, 0.05269139138010977)	(95.0, 0.02906485122120286)	(96.0, 0.016758987015776154)	(97.0, 0.009740419615047758)	(98.0, 0.006367767862033806)	(99.0, 0.005436513273515028)	(100.0, 0.003369056175452104)
SRR15652290_2	(0.0, 0.0013735780433334027)	(1.0, 0.0012207584966274615)	(2.0, 0.0010355771635602619)	(3.0, 0.0010553538107810306)	(4.0, 0.001136258276684176)	(5.0, 0.0011883967102662033)	(6.0, 0.0012962693314703972)	(7.0, 0.00142212072287529)	(8.0, 0.0014203228458552202)	(9.0, 0.0016108978099826294)	(10.0, 0.0020549734339398943)	(11.0, 0.0025583789995594665)	(12.0, 0.0032092104808247694)	(13.0, 0.004196244964843144)	(14.0, 0.005850291823307451)	(15.0, 0.008245064014040557)	(16.0, 0.012374787529141113)	(17.0, 0.01921930534454722)	(18.0, 0.029776439206397668)	(19.0, 0.04627196086553899)	(20.0, 0.07159865444726365)	(21.0, 0.10780070612339114)	(22.0, 0.15893952008225937)	(23.0, 0.22722288930451412)	(24.0, 0.3161171206848502)	(25.0, 0.4323211040000481)	(26.0, 0.5822532602117572)	(27.0, 0.7654910882202612)	(28.0, 0.9819123323881953)	(29.0, 1.234125712271681)	(30.0, 1.5032607106680647)	(31.0, 1.7819532233031399)	(32.0, 2.0676250945301264)	(33.0, 2.3349406413821994)	(34.0, 2.566090094098546)	(35.0, 2.7535799012595152)	(36.0, 2.8924461244126944)	(37.0, 2.9954554882775994)	(38.0, 3.0651214249282877)	(39.0, 3.0849861681230397)	(40.0, 3.0534136497735926)	(41.0, 2.9910974343809498)	(42.0, 2.9007684971385976)	(43.0, 2.7990266365728425)	(44.0, 2.707563238930826)	(45.0, 2.638668591521748)	(46.0, 2.5750147556261727)	(47.0, 2.512644603922928)	(48.0, 2.4880100929939304)	(49.0, 2.4606985431820485)	(50.0, 2.4050884090742666)	(51.0, 2.3463391816894426)	(52.0, 2.2934546291440863)	(53.0, 2.2482613944905894)	(54.0, 2.2063960302012418)	(55.0, 2.140106506594244)	(56.0, 2.062384283016623)	(57.0, 1.9888457192647035)	(58.0, 1.948934647296172)	(59.0, 1.9688263586462251)	(60.0, 1.964885412218232)	(61.0, 2.0817671951699963)	(62.0, 2.040099597352856)	(63.0, 1.6436461399032025)	(64.0, 1.3436505824573193)	(65.0, 1.129802100305105)	(66.0, 0.9057129106465729)	(67.0, 0.7517139566154656)	(68.0, 0.6340698738071917)	(69.0, 0.5211757820859425)	(70.0, 0.43536850554906653)	(71.0, 0.3652872593067419)	(72.0, 0.31271913311691807)	(73.0, 0.26371979281193303)	(74.0, 0.24141533050094588)	(75.0, 0.30079561271981453)	(76.0, 0.36028916119094756)	(77.0, 0.451121503998919)	(78.0, 0.48339879014023385)	(79.0, 0.38763666854323076)	(80.0, 0.3367369722280319)	(81.0, 0.3666985927674967)	(82.0, 0.4209207658157848)	(83.0, 0.44331512197777545)	(84.0, 0.4284592641609379)	(85.0, 0.41825091844098106)	(86.0, 0.39918982627419997)	(87.0, 0.346179422337439)	(88.0, 0.29830195729297754)	(89.0, 0.26276512011427594)	(90.0, 0.2246015846092522)	(91.0, 0.18994930292442494)	(92.0, 0.14027396085989366)	(93.0, 0.08940482845403593)	(94.0, 0.06436040156446224)	(95.0, 0.04534066056914278)	(96.0, 0.032938904884700616)	(97.0, 0.023214188083142535)	(98.0, 0.015111156353687502)	(99.0, 0.015531859576383856)	(100.0, 0.014879230218098484)
SRR15652291_1	(0.0, 0.005438470714395273)	(1.0, 0.004279705647407644)	(2.0, 0.002470100867795296)	(3.0, 0.001631927469340911)	(4.0, 0.0014078995563899695)	(5.0, 0.0013615489537104643)	(6.0, 0.0014040370061666773)	(7.0, 0.0013769991546036325)	(8.0, 0.0014523188839578286)	(9.0, 0.0017671167271561346)	(10.0, 0.0023213926841985505)	(11.0, 0.0030108578990561898)	(12.0, 0.0038953819001900803)	(13.0, 0.005679880103351029)	(14.0, 0.008217575600053937)	(15.0, 0.011796228381934065)	(16.0, 0.018244755979720223)	(17.0, 0.028681366683055466)	(18.0, 0.04503347305336256)	(19.0, 0.07170824489541779)	(20.0, 0.11279226034546416)	(21.0, 0.17354631280762559)	(22.0, 0.26504047122185714)	(23.0, 0.3812897140171677)	(24.0, 0.5202314393743194)	(25.0, 0.6962903411021965)	(26.0, 0.9115232271947019)	(27.0, 1.1591822224117447)	(28.0, 1.4369440027940144)	(29.0, 1.73364966074642)	(30.0, 2.0367034199908063)	(31.0, 2.3479419231583485)	(32.0, 2.628154491657297)	(33.0, 2.8796238926696174)	(34.0, 3.1025973294096003)	(35.0, 3.2718851805960467)	(36.0, 3.4031751939608563)	(37.0, 3.4807081645929987)	(38.0, 3.5257706067730354)	(39.0, 3.5242217241334957)	(40.0, 3.464668924790778)	(41.0, 3.3635840541721125)	(42.0, 3.2124656392360325)	(43.0, 3.0404933156443983)	(44.0, 2.8876734473349583)	(45.0, 2.7800743857647103)	(46.0, 2.6788659135388992)	(47.0, 2.56589211333294)	(48.0, 2.48249579146184)	(49.0, 2.4403032240977094)	(50.0, 2.4101734010809195)	(51.0, 2.367401451183294)	(52.0, 2.2797601866167962)	(53.0, 2.1587909074486227)	(54.0, 2.062725420845125)	(55.0, 1.9672566982511261)	(56.0, 1.8525331627940158)	(57.0, 1.7779955998600365)	(58.0, 1.7125543427019103)	(59.0, 1.6205464651079808)	(60.0, 1.4924005676249306)	(61.0, 1.3638993155213375)	(62.0, 1.2023172520303593)	(63.0, 1.0013255886111316)	(64.0, 0.82913309965677)	(65.0, 0.6730300636575315)	(66.0, 0.5581636138421595)	(67.0, 0.4712987218705435)	(68.0, 0.3945170172568315)	(69.0, 0.3205337302798947)	(70.0, 0.2549746653399579)	(71.0, 0.21397562599482395)	(72.0, 0.1864143988765232)	(73.0, 0.15187933733006856)	(74.0, 0.13781192941683873)	(75.0, 0.17055863020990913)	(76.0, 0.20359115971950315)	(77.0, 0.20456452237577277)	(78.0, 0.19704027454079975)	(79.0, 0.1896222468369673)	(80.0, 0.19841920497051502)	(81.0, 0.2508919497539382)	(82.0, 0.3231100512788305)	(83.0, 0.32249204324310377)	(84.0, 0.2647797490817849)	(85.0, 0.24170873659806122)	(86.0, 0.2599129358004369)	(87.0, 0.2273226682914098)	(88.0, 0.15920080127831873)	(89.0, 0.13722675305800996)	(90.0, 0.13260521171584097)	(91.0, 0.1253706551476149)	(92.0, 0.08889466211395597)	(93.0, 0.044757300712397176)	(94.0, 0.025991100452532518)	(95.0, 0.016367556571200263)	(96.0, 0.009913235148079166)	(97.0, 0.007000872279716926)	(98.0, 0.004047952634010118)	(99.0, 0.0026342592522852104)	(100.0, 0.001595233242219636)
SRR15652291_2	(0.0, 0.005257083350071537)	(1.0, 0.004225752523863528)	(2.0, 0.002852576086721403)	(3.0, 0.002504936482381625)	(4.0, 0.002676824953416293)	(5.0, 0.002850644755586182)	(6.0, 0.0027270395629320388)	(7.0, 0.0026034343702778955)	(8.0, 0.0025976403768722322)	(9.0, 0.002682618946821956)	(10.0, 0.0030843358229479217)	(11.0, 0.0038897009063350754)	(12.0, 0.004573392128203306)	(13.0, 0.005473392437216287)	(14.0, 0.0075341227584970845)	(15.0, 0.01076330841658658)	(16.0, 0.015060520192453283)	(17.0, 0.022123398153956447)	(18.0, 0.03416524778205932)	(19.0, 0.05296289372116522)	(20.0, 0.08314187404012842)	(21.0, 0.125611845703638)	(22.0, 0.18588289644047945)	(23.0, 0.2673155424259373)	(24.0, 0.3680557057701994)	(25.0, 0.5004503864207336)	(26.0, 0.6737950811313583)	(27.0, 0.8864269137946486)	(28.0, 1.147645243826693)	(29.0, 1.4532513573395218)	(30.0, 1.7819503972361879)	(31.0, 2.128452447537321)	(32.0, 2.483129822533845)	(33.0, 2.825431227615872)	(34.0, 3.12084956939041)	(35.0, 3.3449477150035074)	(36.0, 3.4965649344428957)	(37.0, 3.600373982961024)	(38.0, 3.6684495428152935)	(39.0, 3.674739888322708)	(40.0, 3.6014342837542603)	(41.0, 3.4659456106251025)	(42.0, 3.2997487724459305)	(43.0, 3.1437088047068857)	(44.0, 3.0038804305168862)	(45.0, 2.879570301998387)	(46.0, 2.766456100070764)	(47.0, 2.6536161471643425)	(48.0, 2.5823828609039867)	(49.0, 2.5329349898489237)	(50.0, 2.4698441956546593)	(51.0, 2.398384943651483)	(52.0, 2.32263234253471)	(53.0, 2.246962788656752)	(54.0, 2.149173699287107)	(55.0, 2.03069425946584)	(56.0, 1.9099242609182012)	(57.0, 1.7817939594142351)	(58.0, 1.6632063650493956)	(59.0, 1.559401179193538)	(60.0, 1.4468489946262642)	(61.0, 1.3799863107249135)	(62.0, 1.279869967337328)	(63.0, 1.0791312718047286)	(64.0, 0.8926168300830317)	(65.0, 0.7361944587792133)	(66.0, 0.6039793919242548)	(67.0, 0.5003692705130542)	(68.0, 0.40915636365883734)	(69.0, 0.32734131410860573)	(70.0, 0.26526640009146785)	(71.0, 0.22252604206902732)	(72.0, 0.18867753259314424)	(73.0, 0.1583575651013099)	(74.0, 0.14421635852922182)	(75.0, 0.16151915416966667)	(76.0, 0.189575601571022)	(77.0, 0.2258904209065823)	(78.0, 0.23993119825963888)	(79.0, 0.21042432117573262)	(80.0, 0.19784169882976782)	(81.0, 0.23465093893594471)	(82.0, 0.28778765245927984)	(83.0, 0.308029934087531)	(84.0, 0.29423250445751226)	(85.0, 0.2784091084666467)	(86.0, 0.27005416997568066)	(87.0, 0.22846681664096707)	(88.0, 0.17419448041012203)	(89.0, 0.13919489757764722)	(90.0, 0.11254059658046235)	(91.0, 0.09652793013834511)	(92.0, 0.07366096949732857)	(93.0, 0.05051396584170501)	(94.0, 0.03862469137328459)	(95.0, 0.029110954201185993)	(96.0, 0.021202153202456036)	(97.0, 0.01495043431774569)	(98.0, 0.008210088655824432)	(99.0, 0.005382619873860901)	(100.0, 0.0057630921074994365)
SRR15652292_1	(0.0, 0.001995635255144739)	(1.0, 0.001680233131486806)	(2.0, 0.001026490547904909)	(3.0, 0.0006499195275375588)	(4.0, 0.0006250696632493579)	(5.0, 0.000665211751714913)	(6.0, 0.0007091768962248068)	(7.0, 0.0008334262176658107)	(8.0, 0.0010111983237275546)	(9.0, 0.0012998390550751175)	(10.0, 0.0017681634205065934)	(11.0, 0.002433375172221507)	(12.0, 0.0033145895904415495)	(13.0, 0.004878219512576029)	(14.0, 0.0073077716287531964)	(15.0, 0.01082498318954469)	(16.0, 0.016741162418158644)	(17.0, 0.026931518304343132)	(18.0, 0.04301893813891988)	(19.0, 0.06864679433214356)	(20.0, 0.10985360390604695)	(21.0, 0.16925433719495764)	(22.0, 0.25593448688824627)	(23.0, 0.3695174819655455)	(24.0, 0.5077286040804738)	(25.0, 0.6816891232660123)	(26.0, 0.894539680062585)	(27.0, 1.1445082879936408)	(28.0, 1.4228955830302876)	(29.0, 1.7116720328674246)	(30.0, 2.0169468810639044)	(31.0, 2.334673422796795)	(32.0, 2.6175604547976286)	(33.0, 2.867215572133049)	(34.0, 3.0829315094348533)	(35.0, 3.252357884151806)	(36.0, 3.3788417818507255)	(37.0, 3.452026543707499)	(38.0, 3.4857076674581218)	(39.0, 3.4676762236249994)	(40.0, 3.395986276681562)	(41.0, 3.2911599914738203)	(42.0, 3.1578309119275123)	(43.0, 3.000529359455179)	(44.0, 2.8493867502702757)	(45.0, 2.7445547304784674)	(46.0, 2.637518718877098)	(47.0, 2.509471191256044)	(48.0, 2.4158751331785466)	(49.0, 2.3446114569840533)	(50.0, 2.2770542336245465)	(51.0, 2.2221761756360885)	(52.0, 2.1413108941862387)	(53.0, 2.0160197899731522)	(54.0, 1.902624124642026)	(55.0, 1.8079232033677148)	(56.0, 1.7120065502713042)	(57.0, 1.6670779956382373)	(58.0, 1.6501093613854403)	(59.0, 1.611070224588677)	(60.0, 1.5136300836585974)	(61.0, 1.4128141842413668)	(62.0, 1.2742647216665146)	(63.0, 1.082765932877573)	(64.0, 0.9179578098621809)	(65.0, 0.7608627024162422)	(66.0, 0.6427321821742021)	(67.0, 0.547509413749839)	(68.0, 0.46186913530061047)	(69.0, 0.3798684062055922)	(70.0, 0.3083390276160174)	(71.0, 0.2612676500700986)	(72.0, 0.23920861669426502)	(73.0, 0.20115965141298525)	(74.0, 0.17064019501103037)	(75.0, 0.20844448470547244)	(76.0, 0.25436321085402314)	(77.0, 0.2609732747546845)	(78.0, 0.25365403395779834)	(79.0, 0.2382547642112025)	(80.0, 0.24022937265810337)	(81.0, 0.3069168507675234)	(82.0, 0.3904640060324766)	(83.0, 0.3827395212948905)	(84.0, 0.3196610080913261)	(85.0, 0.29670737960111726)	(86.0, 0.3294422969807663)	(87.0, 0.30441274905848165)	(88.0, 0.23510074297462316)	(89.0, 0.22250950789259408)	(90.0, 0.21784537951850103)	(91.0, 0.2193096099834827)	(92.0, 0.16746132391016283)	(93.0, 0.08664383066086742)	(94.0, 0.047979353356449185)	(95.0, 0.026352325313625836)	(96.0, 0.016022427881822992)	(97.0, 0.010329897431802845)	(98.0, 0.0065794794523066965)	(99.0, 0.005319782485697135)	(100.0, 0.0032037209651557303)
SRR15652292_2	(0.0, 0.002362749262161769)	(1.0, 0.0020473337053197854)	(2.0, 0.0015732545653391068)	(3.0, 0.0014948785784874624)	(4.0, 0.0017280949296069898)	(5.0, 0.0018772004655686547)	(6.0, 0.0018504379334729711)	(7.0, 0.0019307255297600215)	(8.0, 0.0020377756581427555)	(9.0, 0.002207908897893886)	(10.0, 0.0027450711492429617)	(11.0, 0.003565151597032119)	(12.0, 0.00437949721651506)	(13.0, 0.005709977383557608)	(14.0, 0.0077362833850879295)	(15.0, 0.011213500948091372)	(16.0, 0.017030528460031714)	(17.0, 0.025510427915492566)	(18.0, 0.03895095385583188)	(19.0, 0.05962883311861817)	(20.0, 0.09358475151973428)	(21.0, 0.14249901375290203)	(22.0, 0.21037452997586154)	(23.0, 0.30257527626436187)	(24.0, 0.42058274993084277)	(25.0, 0.5714565246202583)	(26.0, 0.7624282188267493)	(27.0, 0.9940961663035979)	(28.0, 1.2664106652054834)	(29.0, 1.5788938131735546)	(30.0, 1.9153963336975013)	(31.0, 2.261904218006363)	(32.0, 2.599790743761544)	(33.0, 2.9051665278487753)	(34.0, 3.1579864337283907)	(35.0, 3.3395434514655076)	(36.0, 3.4545630795844486)	(37.0, 3.535578999066389)	(38.0, 3.574201156099331)	(39.0, 3.549562422086384)	(40.0, 3.466820319284272)	(41.0, 3.3380313684021017)	(42.0, 3.1788592971535885)	(43.0, 3.019889856505229)	(44.0, 2.8826248293864687)	(45.0, 2.7637590430834904)	(46.0, 2.6535069688964517)	(47.0, 2.53848734077751)	(48.0, 2.452625491376816)	(49.0, 2.3794357009234277)	(50.0, 2.2942562960911737)	(51.0, 2.2103289954391103)	(52.0, 2.1169793718799306)	(53.0, 2.0190476205040833)	(54.0, 1.9189576620756625)	(55.0, 1.8165775955436256)	(56.0, 1.7157688719674922)	(57.0, 1.6248240530780536)	(58.0, 1.55570599072208)	(59.0, 1.5003515163010297)	(60.0, 1.4333037269636009)	(61.0, 1.427253483100541)	(62.0, 1.370526473104869)	(63.0, 1.17615020249392)	(64.0, 0.9956120725858749)	(65.0, 0.833054541027258)	(66.0, 0.688724205435237)	(67.0, 0.5749146260889076)	(68.0, 0.47238163080203815)	(69.0, 0.38924382484679737)	(70.0, 0.3236393006331002)	(71.0, 0.2737539408067462)	(72.0, 0.24017843268327588)	(73.0, 0.2005488574778749)	(74.0, 0.17615672108209482)	(75.0, 0.19925660949954047)	(76.0, 0.24031798017206055)	(77.0, 0.29210730299607884)	(78.0, 0.3056013540006095)	(79.0, 0.2635478580311138)	(80.0, 0.24896610125783708)	(81.0, 0.29377804964262366)	(82.0, 0.35549244865526974)	(83.0, 0.37586829362726193)	(84.0, 0.3547507441943322)	(85.0, 0.3433996073668916)	(86.0, 0.34426556644113054)	(87.0, 0.29961801646778885)	(88.0, 0.24682892190905326)	(89.0, 0.210456729181584)	(90.0, 0.17370603778590438)	(91.0, 0.15914913193528796)	(92.0, 0.12913686379941436)	(93.0, 0.08972712367908506)	(94.0, 0.06723895028096931)	(95.0, 0.04784567255877583)	(96.0, 0.035821649210072325)	(97.0, 0.02545499124186579)	(98.0, 0.01540948365880746)	(99.0, 0.014553082631745588)	(100.0, 0.013245541777927913)
SRR15652293_1	(0.0, 0.005680568216949535)	(1.0, 0.004425020378666281)	(2.0, 0.0026037316172040094)	(3.0, 0.0018312140408162886)	(4.0, 0.0015979699759968696)	(5.0, 0.0015748109908374948)	(6.0, 0.001556614645355129)	(7.0, 0.0014308944402042364)	(8.0, 0.001510296675036379)	(9.0, 0.0018626440921040118)	(10.0, 0.0023473285672252157)	(11.0, 0.0032091736577990965)	(12.0, 0.004395244540604227)	(13.0, 0.005998177156278105)	(14.0, 0.008656497809929213)	(15.0, 0.013086480828272502)	(16.0, 0.0201201954638198)	(17.0, 0.03164840743351151)	(18.0, 0.049705799004921274)	(19.0, 0.07902342000346425)	(20.0, 0.12422314218166143)	(21.0, 0.18859684985859537)	(22.0, 0.28214922462311604)	(23.0, 0.4029663417731237)	(24.0, 0.5522276553385208)	(25.0, 0.7392811242575663)	(26.0, 0.9619498039252793)	(27.0, 1.2161610213800607)	(28.0, 1.4969455200919994)	(29.0, 1.7896171950436)	(30.0, 2.078651255111953)	(31.0, 2.3631279577435866)	(32.0, 2.6274910817643025)	(33.0, 2.8548511101400145)	(34.0, 3.0455438481555333)	(35.0, 3.1933841925600803)	(36.0, 3.300234787445759)	(37.0, 3.3609278706955776)	(38.0, 3.3785783258134727)	(39.0, 3.3523904762378973)	(40.0, 3.287558551497453)	(41.0, 3.194080616328087)	(42.0, 3.0755810519072426)	(43.0, 2.9363194572910185)	(44.0, 2.7892417051835054)	(45.0, 2.682804663604244)	(46.0, 2.5853417287742397)	(47.0, 2.4777136536724966)	(48.0, 2.402405596573886)	(49.0, 2.3525840026431677)	(50.0, 2.307705197830751)	(51.0, 2.2667253735912367)	(52.0, 2.1944891904526953)	(53.0, 2.0730070795859685)	(54.0, 1.9653955466164812)	(55.0, 1.8756693670429345)	(56.0, 1.793456623940379)	(57.0, 1.7607032020721205)	(58.0, 1.7513916358248263)	(59.0, 1.740467211682504)	(60.0, 1.645301979022955)	(61.0, 1.5290107892583795)	(62.0, 1.3634174285159462)	(63.0, 1.133499986493349)	(64.0, 0.9558192897109475)	(65.0, 0.7894699535243832)	(66.0, 0.6595976731770599)	(67.0, 0.553673437697756)	(68.0, 0.4615205273221518)	(69.0, 0.3753161677060557)	(70.0, 0.30034722431870775)	(71.0, 0.2638073083768911)	(72.0, 0.24089149256168962)	(73.0, 0.19111456238806457)	(74.0, 0.17021688670818003)	(75.0, 0.2216827685852138)	(76.0, 0.26478163996681053)	(77.0, 0.2688328081564755)	(78.0, 0.25627567556041725)	(79.0, 0.23068499695930797)	(80.0, 0.2253203834684613)	(81.0, 0.2622275347463766)	(82.0, 0.32422082959157195)	(83.0, 0.3199000246461229)	(84.0, 0.26631178720055493)	(85.0, 0.24117932566295616)	(86.0, 0.2588545939792362)	(87.0, 0.24027116260206352)	(88.0, 0.17718443281470056)	(89.0, 0.15657459023608253)	(90.0, 0.1573504162389216)	(91.0, 0.16698786249167288)	(92.0, 0.12739261472204444)	(93.0, 0.06177493869940694)	(94.0, 0.031997446424127794)	(95.0, 0.01761737085338164)	(96.0, 0.010568768298803315)	(97.0, 0.006625123968806898)	(98.0, 0.003988308087089496)	(99.0, 0.0027029844107441876)	(100.0, 0.0014821750501999953)
SRR15652293_2	(0.0, 0.006170367519661802)	(1.0, 0.005109990688534934)	(2.0, 0.003442502629602201)	(3.0, 0.002784109526968046)	(4.0, 0.002888327530651342)	(5.0, 0.00316789646116685)	(6.0, 0.0031099975702316854)	(7.0, 0.0028750934984375903)	(8.0, 0.0028668222283039953)	(9.0, 0.0029511891836666634)	(10.0, 0.0031910560175409156)	(11.0, 0.003756810894678807)	(12.0, 0.004433400791606871)	(13.0, 0.005540096735481869)	(14.0, 0.007356467656819312)	(15.0, 0.0098742422854856)	(16.0, 0.01422989313783668)	(17.0, 0.02132829716648783)	(18.0, 0.03239029384315766)	(19.0, 0.049326546568706595)	(20.0, 0.0759600363988822)	(21.0, 0.11518901638849614)	(22.0, 0.1710846056973038)	(23.0, 0.24843586973265666)	(24.0, 0.34950251949505284)	(25.0, 0.48575018964368166)	(26.0, 0.6658504797866038)	(27.0, 0.8873666737424626)	(28.0, 1.1533293648882068)	(29.0, 1.458597131708794)	(30.0, 1.7902949151142706)	(31.0, 2.130206069762407)	(32.0, 2.4595316528935682)	(33.0, 2.7645529358641743)	(34.0, 3.018724104307466)	(35.0, 3.2177077041653854)	(36.0, 3.3637750262166177)	(37.0, 3.456649810038702)	(38.0, 3.504952373364869)	(39.0, 3.5014585888604386)	(40.0, 3.450117160887188)	(41.0, 3.349450840599258)	(42.0, 3.2096630668334507)	(43.0, 3.066497306345083)	(44.0, 2.9282413718080176)	(45.0, 2.8114444205055507)	(46.0, 2.7108078767901014)	(47.0, 2.613603910180094)	(48.0, 2.5430549387026096)	(49.0, 2.4835365330752874)	(50.0, 2.413548353712861)	(51.0, 2.3338182723870857)	(52.0, 2.23750594869748)	(53.0, 2.1349835553915715)	(54.0, 2.0389011730116793)	(55.0, 1.9487410200474415)	(56.0, 1.8561176828374188)	(57.0, 1.7680038421042326)	(58.0, 1.6997460124537536)	(59.0, 1.6483284887952743)	(60.0, 1.5773097091742017)	(61.0, 1.5650946974409088)	(62.0, 1.4999551366307955)	(63.0, 1.2825712692336808)	(64.0, 1.0811178681138698)	(65.0, 0.8980531547550672)	(66.0, 0.727324213673508)	(67.0, 0.5963188745355517)	(68.0, 0.48265011759761023)	(69.0, 0.3860830387878897)	(70.0, 0.3199955904204664)	(71.0, 0.27159211759866897)	(72.0, 0.23745327724926935)	(73.0, 0.19702827159833758)	(74.0, 0.1708579728956433)	(75.0, 0.20459648377057693)	(76.0, 0.25021750131943304)	(77.0, 0.31158205444057363)	(78.0, 0.3303049015149791)	(79.0, 0.2688774867408231)	(80.0, 0.23322334970294892)	(81.0, 0.25552765674520095)	(82.0, 0.3011453657860036)	(83.0, 0.31583183303521467)	(84.0, 0.30220739687115716)	(85.0, 0.2885697266748859)	(86.0, 0.27762187352605966)	(87.0, 0.24188336953282277)	(88.0, 0.1943020609623047)	(89.0, 0.15758920134733037)	(90.0, 0.12861328781532066)	(91.0, 0.11652399938805835)	(92.0, 0.09063492386990629)	(93.0, 0.05763751879894276)	(94.0, 0.041255441172344684)	(95.0, 0.029032158168918125)	(96.0, 0.02084029222860573)	(97.0, 0.014706318297531747)	(98.0, 0.008903195171801558)	(99.0, 0.006808909573975329)	(100.0, 0.0063341386683069805)
SRR15652294_1	(0.0, 0.0050837424701417186)	(1.0, 0.0040874991778574775)	(2.0, 0.0025476745940550393)	(3.0, 0.001735204336269833)	(4.0, 0.0013367070193561366)	(5.0, 0.001261263352561796)	(6.0, 0.0012283776516514426)	(7.0, 0.0012651322585512494)	(8.0, 0.001450839746045011)	(9.0, 0.0018125824560589001)	(10.0, 0.002346491482603464)	(11.0, 0.002849449261232401)	(12.0, 0.003826348023569375)	(13.0, 0.0054242061972136135)	(14.0, 0.007768763226822351)	(15.0, 0.011566094455470827)	(16.0, 0.017785360833517106)	(17.0, 0.027950911320805814)	(18.0, 0.043987526647090006)	(19.0, 0.06983181865663846)	(20.0, 0.1112252438378)	(21.0, 0.17342371097724696)	(22.0, 0.2622924815549907)	(23.0, 0.3757326740717527)	(24.0, 0.517779557474533)	(25.0, 0.694642725876404)	(26.0, 0.9053762317629444)	(27.0, 1.1492952787740212)	(28.0, 1.4201128946767723)	(29.0, 1.706044391827323)	(30.0, 1.9956416774028807)	(31.0, 2.290084767730229)	(32.0, 2.5595888900495605)	(33.0, 2.7898990602427354)	(34.0, 2.994324314913472)	(35.0, 3.1622154903258)	(36.0, 3.2896340401824578)	(37.0, 3.370470961926096)	(38.0, 3.415303844531882)	(39.0, 3.418824548982284)	(40.0, 3.370428403960212)	(41.0, 3.2793001922846274)	(42.0, 3.161497808264757)	(43.0, 3.0295429661354656)	(44.0, 2.901329356097976)	(45.0, 2.801173052296002)	(46.0, 2.6934046759597785)	(47.0, 2.584224148937405)	(48.0, 2.506412711677519)	(49.0, 2.4437016144944694)	(50.0, 2.39836770856305)	(51.0, 2.3575217335793957)	(52.0, 2.2788223823949303)	(53.0, 2.1509898595974017)	(54.0, 2.032897307628322)	(55.0, 1.9383044906391822)	(56.0, 1.8459943281838194)	(57.0, 1.7991457455575288)	(58.0, 1.7825636144867314)	(59.0, 1.7662348967582435)	(60.0, 1.6757818091778187)	(61.0, 1.562006956292969)	(62.0, 1.3887689528032159)	(63.0, 1.1473240711723947)	(64.0, 0.9571151115599043)	(65.0, 0.7855852300644947)	(66.0, 0.6524929295743043)	(67.0, 0.5444808121607453)	(68.0, 0.4531726963566512)	(69.0, 0.3671746540230819)	(70.0, 0.287960738342019)	(71.0, 0.23584850911707697)	(72.0, 0.21116875781035396)	(73.0, 0.17556515044240942)	(74.0, 0.15082349663985514)	(75.0, 0.18255432911235692)	(76.0, 0.21190191549535536)	(77.0, 0.21474943030359303)	(78.0, 0.20947417698697338)	(79.0, 0.20105156864793344)	(80.0, 0.21025376154384826)	(81.0, 0.24942063132807937)	(82.0, 0.2957836662526937)	(83.0, 0.28057306235515783)	(84.0, 0.22861945827578334)	(85.0, 0.19155340444382543)	(86.0, 0.18375949332807162)	(87.0, 0.16002955844175942)	(88.0, 0.11309972878969013)	(89.0, 0.09988741483570691)	(90.0, 0.114749817194192)	(91.0, 0.12883843835478642)	(92.0, 0.0868433982922649)	(93.0, 0.03739104193507202)	(94.0, 0.02392724909177432)	(95.0, 0.016309373198540648)	(96.0, 0.010064958931562921)	(97.0, 0.007430233952745182)	(98.0, 0.004033334494005131)	(99.0, 0.002178194072062243)	(100.0, 0.0013367070193561366)
SRR15652294_2	(0.0, 0.005490067446581238)	(1.0, 0.004505414757959021)	(2.0, 0.003215113494086687)	(3.0, 0.002849495894578634)	(4.0, 0.0028862511029947874)	(5.0, 0.0029520235812131672)	(6.0, 0.0029346132193318313)	(7.0, 0.00287851316438086)	(8.0, 0.0027430992386371367)	(9.0, 0.00280113377824159)	(10.0, 0.0031087168381451896)	(11.0, 0.0036174863020108933)	(12.0, 0.004410625009938415)	(13.0, 0.005590660648562289)	(14.0, 0.007031851715406201)	(15.0, 0.009622126666418278)	(16.0, 0.01416042766348649)	(17.0, 0.021085882722951192)	(18.0, 0.03219562808789695)	(19.0, 0.04946864155883559)	(20.0, 0.07583760187044547)	(21.0, 0.11414039800938433)	(22.0, 0.17028107713807852)	(23.0, 0.2458420477030761)	(24.0, 0.3434097156860822)	(25.0, 0.4731691427876783)	(26.0, 0.6435372717351635)	(27.0, 0.8557908623998358)	(28.0, 1.1089607379703008)	(29.0, 1.4039541717490416)	(30.0, 1.7286864381057574)	(31.0, 2.0670935764779355)	(32.0, 2.4003046890708624)	(33.0, 2.717215833973551)	(34.0, 2.984793751243148)	(35.0, 3.1940314803330425)	(36.0, 3.360308174238414)	(37.0, 3.476934385027522)	(38.0, 3.541602272508764)	(39.0, 3.551369485524193)	(40.0, 3.508220805328283)	(41.0, 3.4141274717829297)	(42.0, 3.283905702849151)	(43.0, 3.1437116655266752)	(44.0, 3.01418631106815)	(45.0, 2.906808871407338)	(46.0, 2.8037704808242854)	(47.0, 2.7052007497907757)	(48.0, 2.635841737024841)	(49.0, 2.568639674647538)	(50.0, 2.4918019442112422)	(51.0, 2.4125383700194805)	(52.0, 2.314113725334982)	(53.0, 2.2065041475157523)	(54.0, 2.0971922232014584)	(55.0, 1.9978622396991303)	(56.0, 1.909055852711743)	(57.0, 1.8126063168584494)	(58.0, 1.7319673240780622)	(59.0, 1.6778152951731473)	(60.0, 1.6081970614636458)	(61.0, 1.5939128267823364)	(62.0, 1.5139064104836377)	(63.0, 1.2730882194256539)	(64.0, 1.0565226624683706)	(65.0, 0.8708953185742213)	(66.0, 0.7058315465465832)	(67.0, 0.5815370385910731)	(68.0, 0.4727300147713379)	(69.0, 0.3779808909284547)	(70.0, 0.3035632007936649)	(71.0, 0.24628311020406995)	(72.0, 0.20942537410128195)	(73.0, 0.17503990938564368)	(74.0, 0.15336400884338053)	(75.0, 0.17199696502571685)	(76.0, 0.2014533628442836)	(77.0, 0.2448670674377213)	(78.0, 0.2562166888996988)	(79.0, 0.21337365727903823)	(80.0, 0.19326275482144184)	(81.0, 0.22398237111873218)	(82.0, 0.2639043309126353)	(83.0, 0.2659935743383956)	(84.0, 0.24825435006596785)	(85.0, 0.22649139771429805)	(86.0, 0.2111606068354551)	(87.0, 0.17683511114407474)	(88.0, 0.13340786515806266)	(89.0, 0.1122349306257048)	(90.0, 0.10023145335085047)	(91.0, 0.09361938480524983)	(92.0, 0.07088338667287868)	(93.0, 0.048302147312786085)	(94.0, 0.03949830765479059)	(95.0, 0.029752373970549483)	(96.0, 0.02196026978632495)	(97.0, 0.01606976401647299)	(98.0, 0.00863553949314258)	(99.0, 0.0045034802733055395)	(100.0, 0.004149469581718377)
SRR15652295_1	(0.0, 0.004410556176853642)	(1.0, 0.003277729608375023)	(2.0, 0.0016825572735187347)	(3.0, 0.0011836687146094971)	(4.0, 0.001161425275677238)	(5.0, 0.001096283775947051)	(6.0, 0.000985066581285756)	(7.0, 0.0010819844223477417)	(8.0, 0.0013107740799366912)	(9.0, 0.0016158269567219576)	(10.0, 0.002063873369500318)	(11.0, 0.002726410086268318)	(12.0, 0.0036320358142245776)	(13.0, 0.0052939384658776435)	(14.0, 0.007936141247616695)	(15.0, 0.011364808477317762)	(16.0, 0.017068661746375606)	(17.0, 0.02723867978961774)	(18.0, 0.04352087708803133)	(19.0, 0.06806174549857938)	(20.0, 0.10566269019649664)	(21.0, 0.1640247075035445)	(22.0, 0.25177666290837286)	(23.0, 0.35871835084347437)	(24.0, 0.4854964198549512)	(25.0, 0.6491143901894486)	(26.0, 0.8463104204092577)	(27.0, 1.0728090037881848)	(28.0, 1.3257995229354325)	(29.0, 1.5899769030485396)	(30.0, 1.8506922507735473)	(31.0, 2.1092674619098584)	(32.0, 2.3443663120702367)	(33.0, 2.5444635222536394)	(34.0, 2.7174761679028827)	(35.0, 2.862560587155609)	(36.0, 2.9749407959096477)	(37.0, 3.0421572907288015)	(38.0, 3.0872193203714247)	(39.0, 3.0924465285205054)	(40.0, 3.0431089921516885)	(41.0, 2.9697469529189653)	(42.0, 2.885109078964653)	(43.0, 2.765995463482406)	(44.0, 2.63754913655101)	(45.0, 2.574025052594611)	(46.0, 2.4927014510412056)	(47.0, 2.3725837031728743)	(48.0, 2.2952702758955414)	(49.0, 2.2523515604757476)	(50.0, 2.250770687494491)	(51.0, 2.2728473006347576)	(52.0, 2.22200038805268)	(53.0, 2.097677041409085)	(54.0, 2.006917455297202)	(55.0, 1.9490670370855958)	(56.0, 1.8695546869881028)	(57.0, 1.874766006966518)	(58.0, 1.9535427347621797)	(59.0, 1.9886698912874166)	(60.0, 1.9010370971625823)	(61.0, 1.8030023177027839)	(62.0, 1.6105695610486117)	(63.0, 1.3164016699865528)	(64.0, 1.0888846548679416)	(65.0, 0.8869491833384948)	(66.0, 0.7711148862816896)	(67.0, 0.6909272889308958)	(68.0, 0.5944511390134222)	(69.0, 0.4798735962562894)	(70.0, 0.3798956935240515)	(71.0, 0.3117862835134745)	(72.0, 0.28826066920847737)	(73.0, 0.24154309218246714)	(74.0, 0.20120302686174882)	(75.0, 0.2642901861248351)	(76.0, 0.3546319133482051)	(77.0, 0.37412034348699713)	(78.0, 0.34766971696240806)	(79.0, 0.32942691940382246)	(80.0, 0.34551528102011203)	(81.0, 0.42731235005936136)	(82.0, 0.5082022045535878)	(83.0, 0.47922535889312073)	(84.0, 0.3973996911466728)	(85.0, 0.3896414974105142)	(86.0, 0.43150364948102565)	(87.0, 0.39058843238220176)	(88.0, 0.34338308851674837)	(89.0, 0.3505279988652033)	(90.0, 0.3312111609696029)	(91.0, 0.33100143711681307)	(92.0, 0.2541138128133266)	(93.0, 0.12902465634363494)	(94.0, 0.07020982617260896)	(95.0, 0.04011445329726253)	(96.0, 0.026882784766701598)	(97.0, 0.01983320344224208)	(98.0, 0.01497460085261008)	(99.0, 0.015989854958161045)	(100.0, 0.011058166783465904)
SRR15652295_2	(0.0, 0.005761840717742933)	(1.0, 0.004570064507509286)	(2.0, 0.002952426931485485)	(3.0, 0.0024725383774980704)	(4.0, 0.0024185111893008115)	(5.0, 0.002386730490361248)	(6.0, 0.002310456812906294)	(7.0, 0.002273909009125796)	(8.0, 0.0023374704070049236)	(9.0, 0.002502730041490656)	(10.0, 0.0027410852835373853)	(11.0, 0.003144700160069846)	(12.0, 0.003918560179248226)	(13.0, 0.005099213144853025)	(14.0, 0.006707316511194958)	(15.0, 0.00898440359021471)	(16.0, 0.012775840973704681)	(17.0, 0.01908748778310207)	(18.0, 0.029324050911535594)	(19.0, 0.0439781311925685)	(20.0, 0.06694604231619132)	(21.0, 0.10039522795008231)	(22.0, 0.1489799714539406)	(23.0, 0.21595302736423055)	(24.0, 0.30216135130769156)	(25.0, 0.4128678270287154)	(26.0, 0.5576368558731637)	(27.0, 0.7433187674974597)	(28.0, 0.9658249749830283)	(29.0, 1.222277736040892)	(30.0, 1.5016157784051358)	(31.0, 1.8023771899245395)	(32.0, 2.0979535804119536)	(33.0, 2.374583907226546)	(34.0, 2.624283269759753)	(35.0, 2.833133310910991)	(36.0, 2.9844348624224666)	(37.0, 3.0936095084546036)	(38.0, 3.17386212941679)	(39.0, 3.205204254710988)	(40.0, 3.1699880622160572)	(41.0, 3.0951238587590737)	(42.0, 3.0074758691536507)	(43.0, 2.8836566770501624)	(44.0, 2.7800976805206465)	(45.0, 2.707224537852227)	(46.0, 2.6159138226940186)	(47.0, 2.5216300231500144)	(48.0, 2.4560426057134896)	(49.0, 2.412423596418938)	(50.0, 2.377013541660476)	(51.0, 2.339502782702109)	(52.0, 2.278879510439944)	(53.0, 2.1998965284003926)	(54.0, 2.134528397786551)	(55.0, 2.0673567125078884)	(56.0, 1.970319115400771)	(57.0, 1.8793659331056332)	(58.0, 1.8487913116908254)	(59.0, 1.8395018133907912)	(60.0, 1.7914621088737464)	(61.0, 1.9008369733092025)	(62.0, 1.890656026403913)	(63.0, 1.5597315535209693)	(64.0, 1.2786487507849436)	(65.0, 1.0628578049853048)	(66.0, 0.8818031631266093)	(67.0, 0.7526448136012747)	(68.0, 0.6224472352206164)	(69.0, 0.49223853359532915)	(70.0, 0.39722854508055594)	(71.0, 0.32611287506349385)	(72.0, 0.2777442403124246)	(73.0, 0.23517558311782577)	(74.0, 0.20556550591583408)	(75.0, 0.2357110878949574)	(76.0, 0.30304962184305234)	(77.0, 0.4080180923705379)	(78.0, 0.437815675696273)	(79.0, 0.3753570680703481)	(80.0, 0.3539686576840216)	(81.0, 0.4125388967946909)	(82.0, 0.4836720461961697)	(83.0, 0.4817000538269698)	(84.0, 0.4364030236284093)	(85.0, 0.43268627088742745)	(86.0, 0.4642365597596795)	(87.0, 0.41019189217800406)	(88.0, 0.3420810872456777)	(89.0, 0.31493560324644926)	(90.0, 0.27394485775419974)	(91.0, 0.25002829276723093)	(92.0, 0.20065538792967147)	(93.0, 0.13598325462260594)	(94.0, 0.10098475991541123)	(95.0, 0.07409352150769924)	(96.0, 0.05844152727996403)	(97.0, 0.044021035136136914)	(98.0, 0.033237843985942886)	(99.0, 0.04149129150054763)	(100.0, 0.041699455078601774)
SRR15652296_1	(0.0, 0.004678106135308701)	(1.0, 0.004015276235784483)	(2.0, 0.003057855269805058)	(3.0, 0.0026189145807867984)	(4.0, 0.0024804567795528505)	(5.0, 0.0026081129083501075)	(6.0, 0.0025924013848058294)	(7.0, 0.0021495328149015005)	(8.0, 0.001950192859933476)	(9.0, 0.0021750640406609516)	(10.0, 0.002565888188824861)	(11.0, 0.003145250619520103)	(12.0, 0.0038483412981265325)	(13.0, 0.004782194978789542)	(14.0, 0.006465291938470296)	(15.0, 0.008983063586440805)	(16.0, 0.012561363073650062)	(17.0, 0.018406049832121386)	(18.0, 0.02746472512561903)	(19.0, 0.04122114595885572)	(20.0, 0.06240813545831428)	(21.0, 0.09386162362373682)	(22.0, 0.1398207759014138)	(23.0, 0.20165053089925433)	(24.0, 0.28284375669519574)	(25.0, 0.3883004846946095)	(26.0, 0.519389581386291)	(27.0, 0.6806212359976692)	(28.0, 0.8670679219571703)	(29.0, 1.0728682590125571)	(30.0, 1.294426272212633)	(31.0, 1.5230534890374121)	(32.0, 1.7482821069255199)	(33.0, 1.953517811103534)	(34.0, 2.1396433928005987)	(35.0, 2.306202235863709)	(36.0, 2.4488019874920166)	(37.0, 2.5573273724336723)	(38.0, 2.632684749203136)	(39.0, 2.679294947737679)	(40.0, 2.687134016016052)	(41.0, 2.6676438710593757)	(42.0, 2.627030564667639)	(43.0, 2.570263848131942)	(44.0, 2.516415547094595)	(45.0, 2.482150678184968)	(46.0, 2.4474596341992028)	(47.0, 2.409843300923537)	(48.0, 2.3984514643837143)	(49.0, 2.3955644719324534)	(50.0, 2.389442869571514)	(51.0, 2.377639587508875)	(52.0, 2.3107320644955682)	(53.0, 2.18974056759175)	(54.0, 2.084573520807684)	(55.0, 2.0107480175837873)	(56.0, 1.9494760216717686)	(57.0, 1.9330653353297704)	(58.0, 1.9381980936776417)	(59.0, 1.9235431700917165)	(60.0, 1.8754128816542648)	(61.0, 1.7966785092930027)	(62.0, 1.6344324794427971)	(63.0, 1.441001039297643)	(64.0, 1.2468193739032498)	(65.0, 1.0357851355671754)	(66.0, 0.9143821931405413)	(67.0, 0.8062171912701825)	(68.0, 0.6959291697809034)	(69.0, 0.5960500326397081)	(70.0, 0.5016915320838836)	(71.0, 0.4691971554836526)	(72.0, 0.49036352360845936)	(73.0, 0.47701265647670926)	(74.0, 0.4993348035522419)	(75.0, 0.6641889463107978)	(76.0, 0.7603110653844675)	(77.0, 0.8578383838451286)	(78.0, 1.006979039118964)	(79.0, 0.8897494701337784)	(80.0, 0.7372828817196639)	(81.0, 0.8351322864129828)	(82.0, 1.038295051453374)	(83.0, 1.0633441298340602)	(84.0, 0.9178799710695861)	(85.0, 0.7896994701740391)	(86.0, 0.8580475435023118)	(87.0, 0.811018043683181)	(88.0, 0.5454068824053934)	(89.0, 0.41618058322393037)	(90.0, 0.3283836076882848)	(91.0, 0.2929276088999575)	(92.0, 0.2347223059897375)	(93.0, 0.14524419743485417)	(94.0, 0.10113409508429438)	(95.0, 0.06360712109878697)	(96.0, 0.0386798070255688)	(97.0, 0.02923227152435028)	(98.0, 0.01800736992218534)	(99.0, 0.010634737499033006)	(100.0, 0.006812909396887441)
SRR15652296_2	(0.0, 0.003617830459744153)	(1.0, 0.003306524201400261)	(2.0, 0.0029853975563578243)	(3.0, 0.003320272742778225)	(4.0, 0.003919316331389499)	(5.0, 0.004257137633819463)	(6.0, 0.004219820164364991)	(7.0, 0.004006717773006554)	(8.0, 0.003866286243217354)	(9.0, 0.0038731605139063355)	(10.0, 0.0040705502865470995)	(11.0, 0.004530144384039028)	(12.0, 0.005340326286669029)	(13.0, 0.006365574657997176)	(14.0, 0.00782586616007089)	(15.0, 0.01038309485637213)	(16.0, 0.014381956320019847)	(17.0, 0.020360607742094333)	(18.0, 0.029387507195397334)	(19.0, 0.04319595293222212)	(20.0, 0.06559232683692494)	(21.0, 0.09681919246095984)	(22.0, 0.14178772519226943)	(23.0, 0.20469810442182157)	(24.0, 0.2861110742301033)	(25.0, 0.3935195896681047)	(26.0, 0.5315313761747834)	(27.0, 0.7000659065792112)	(28.0, 0.8932299668235912)	(29.0, 1.1081324350638715)	(30.0, 1.3400428310273624)	(31.0, 1.5749160376578049)	(32.0, 1.8019545397801473)	(33.0, 2.014803565161762)	(34.0, 2.197026732585292)	(35.0, 2.3464841797891256)	(36.0, 2.4707199278350847)	(37.0, 2.5644967644968353)	(38.0, 2.6314826042062838)	(39.0, 2.664936733533549)	(40.0, 2.662180150987267)	(41.0, 2.636449755798408)	(42.0, 2.5938204391786917)	(43.0, 2.542003168763817)	(44.0, 2.4894631178879285)	(45.0, 2.449288897942849)	(46.0, 2.4186807166808224)	(47.0, 2.3895308628435297)	(48.0, 2.3760779151051925)	(49.0, 2.3643042534923064)	(50.0, 2.3359665456349834)	(51.0, 2.28865977883075)	(52.0, 2.216547697264661)	(53.0, 2.134448282426151)	(54.0, 2.055682888871797)	(55.0, 1.9838202451278506)	(56.0, 1.918984088066714)	(57.0, 1.8617312336141938)	(58.0, 1.8233531623962782)	(59.0, 1.8065003967829043)	(60.0, 1.7613796480577673)	(61.0, 1.7367628847205232)	(62.0, 1.66096324794913)	(63.0, 1.4666452922676712)	(64.0, 1.2850447373608285)	(65.0, 1.1183849187771528)	(66.0, 0.9669339330735147)	(67.0, 0.8292432732118784)	(68.0, 0.7092872496891455)	(69.0, 0.612452344609468)	(70.0, 0.5351678653692548)	(71.0, 0.5118444469602093)	(72.0, 0.5225859859310783)	(73.0, 0.49374547427479)	(74.0, 0.5139744888351238)	(75.0, 0.6346287418521234)	(76.0, 0.7401497789666643)	(77.0, 0.878775339642002)	(78.0, 0.9744111755057872)	(79.0, 0.8742805486500779)	(80.0, 0.7426363008787361)	(81.0, 0.7699124249339462)	(82.0, 0.8921909699108851)	(83.0, 0.9849847858641112)	(84.0, 1.0090555357009159)	(85.0, 0.9563868377592769)	(86.0, 0.9169530749712674)	(87.0, 0.8423132258689726)	(88.0, 0.6621651061548449)	(89.0, 0.47408014991095265)	(90.0, 0.33392555502665133)	(91.0, 0.2681711918092004)	(92.0, 0.21649042476943497)	(93.0, 0.1590058091908292)	(94.0, 0.12279313323994277)	(95.0, 0.08691238635946716)	(96.0, 0.061337153280445186)	(97.0, 0.04589557723565228)	(98.0, 0.02944741155425846)	(99.0, 0.021155077026006663)	(100.0, 0.018467237186614766)
SRR15652297_1	(0.0, 0.006415877611135356)	(1.0, 0.0050559276063697435)	(2.0, 0.0029031556839322643)	(3.0, 0.0019888063190260227)	(4.0, 0.0018171246872187327)	(5.0, 0.001788189580734358)	(6.0, 0.0017669705026458163)	(7.0, 0.001709100289677067)	(8.0, 0.0017631124884479)	(9.0, 0.0019695162480364396)	(10.0, 0.0024479100085781015)	(11.0, 0.0032117968197655942)	(12.0, 0.004191732426036418)	(13.0, 0.005682854913531195)	(14.0, 0.008352600738489504)	(15.0, 0.0124112316746978)	(16.0, 0.018869547442010234)	(17.0, 0.029847526842182007)	(18.0, 0.04727610598127038)	(19.0, 0.07390797798948888)	(20.0, 0.1147913544448114)	(21.0, 0.17447676309368063)	(22.0, 0.2614653382212058)	(23.0, 0.3749083167038454)	(24.0, 0.514167197191844)	(25.0, 0.6935185612245923)	(26.0, 0.9109446673765799)	(27.0, 1.1634478386160254)	(28.0, 1.442139210230929)	(29.0, 1.7417776699334209)	(30.0, 2.0544388565609806)	(31.0, 2.3644380133919776)	(32.0, 2.656958436899313)	(33.0, 2.923990889608113)	(34.0, 3.1556106299942357)	(35.0, 3.3343967949469895)	(36.0, 3.4657486753363576)	(37.0, 3.5489756866209143)	(38.0, 3.5819597790060027)	(39.0, 3.5679166073255857)	(40.0, 3.5109742467714353)	(41.0, 3.414564400972598)	(42.0, 3.283735281507047)	(43.0, 3.134067478713069)	(44.0, 2.9891160982760447)	(45.0, 2.870117579348405)	(46.0, 2.7595314603793226)	(47.0, 2.6575197779651103)	(48.0, 2.5748425337037566)	(49.0, 2.503812634305914)	(50.0, 2.4371326459162215)	(51.0, 2.379879715219139)	(52.0, 2.2862669297137908)	(53.0, 2.101608867151808)	(54.0, 1.9261598844802523)	(55.0, 1.8052747966098317)	(56.0, 1.7057361012964838)	(57.0, 1.6659001756958958)	(58.0, 1.6592277401405988)	(59.0, 1.6296541323064688)	(60.0, 1.5069480617346314)	(61.0, 1.37906453610919)	(62.0, 1.1999948071128896)	(63.0, 0.9603581132234961)	(64.0, 0.7804820592598312)	(65.0, 0.6242459872939002)	(66.0, 0.5199696505455107)	(67.0, 0.43866971735281357)	(68.0, 0.3682821773189236)	(69.0, 0.2977499617526117)	(70.0, 0.2354468904704561)	(71.0, 0.1995924355221179)	(72.0, 0.1844458717810972)	(73.0, 0.15711184118885788)	(74.0, 0.13479901607520706)	(75.0, 0.16278505106689428)	(76.0, 0.1966410546607117)	(77.0, 0.2007266916963054)	(78.0, 0.19409862330428462)	(79.0, 0.17790846672272748)	(80.0, 0.17394435713436815)	(81.0, 0.21227179918357092)	(82.0, 0.2675880067532996)	(83.0, 0.2677268952644245)	(84.0, 0.22241066049569577)	(85.0, 0.2008925863068158)	(86.0, 0.2119843771258261)	(87.0, 0.18577495767227947)	(88.0, 0.1397430612698372)	(89.0, 0.1334178469923529)	(90.0, 0.12705598157998838)	(91.0, 0.12889046733109774)	(92.0, 0.10318066071618132)	(93.0, 0.0551560999805151)	(94.0, 0.030192819112895546)	(95.0, 0.01640620537664047)	(96.0, 0.01018901549669782)	(97.0, 0.0071913384649165985)	(98.0, 0.004947903208828078)	(99.0, 0.004374988100437458)	(100.0, 0.002768125187005182)
SRR15652297_2	(0.0, 0.004784240126567844)	(1.0, 0.004213217917912973)	(2.0, 0.003327747668681263)	(3.0, 0.003198496020100599)	(4.0, 0.003437708026428991)	(5.0, 0.003541880996926839)	(6.0, 0.0034029837029297084)	(7.0, 0.003102039565935925)	(8.0, 0.003075031758769816)	(9.0, 0.0031888503746841314)	(10.0, 0.0035457392550934264)	(11.0, 0.0040299506550000915)	(12.0, 0.004784240126567844)	(13.0, 0.006184787841038915)	(14.0, 0.007984665275751738)	(15.0, 0.01116965739226928)	(16.0, 0.01603299181125216)	(17.0, 0.023365611456850698)	(18.0, 0.03553841597243259)	(19.0, 0.05397510262146843)	(20.0, 0.08260723647571035)	(21.0, 0.12377099285502673)	(22.0, 0.1826267920572277)	(23.0, 0.26332997812772735)	(24.0, 0.3691928657025407)	(25.0, 0.5083062221570005)	(26.0, 0.68810491097812)	(27.0, 0.9150225776586828)	(28.0, 1.1857893484025066)	(29.0, 1.495638345244773)	(30.0, 1.8366967923965614)	(31.0, 2.193805593521352)	(32.0, 2.548651526231439)	(33.0, 2.8793640541095242)	(34.0, 3.1650082683437075)	(35.0, 3.389111335691745)	(36.0, 3.5532975828417706)	(37.0, 3.656783783385966)	(38.0, 3.704226854931403)	(39.0, 3.6928681428889707)	(40.0, 3.62562449043261)	(41.0, 3.5137118540525885)	(42.0, 3.370254098902551)	(43.0, 3.2185068760816025)	(44.0, 3.0781704517883344)	(45.0, 2.95462323790697)	(46.0, 2.8358255398286736)	(47.0, 2.7367628322724697)	(48.0, 2.661139043078282)	(49.0, 2.581419712840262)	(50.0, 2.486429396778891)	(51.0, 2.3779834053615474)	(52.0, 2.2455101112117837)	(53.0, 2.1035011320033004)	(54.0, 1.9764467614485082)	(55.0, 1.863801056016835)	(56.0, 1.75673053363588)	(57.0, 1.6556866105111336)	(58.0, 1.5747017715944733)	(59.0, 1.5075063473651946)	(60.0, 1.4224587625991179)	(61.0, 1.4097940301672962)	(62.0, 1.341300302064961)	(63.0, 1.1104529994417294)	(64.0, 0.9051550823976366)	(65.0, 0.7445608736007038)	(66.0, 0.6037344505202794)	(67.0, 0.48950107185305564)	(68.0, 0.3942426068491066)	(69.0, 0.31179162982914305)	(70.0, 0.24998619225858631)	(71.0, 0.2111624694573049)	(72.0, 0.18592367366057624)	(73.0, 0.15930362144020946)	(74.0, 0.1422018921168127)	(75.0, 0.157098626898005)	(76.0, 0.1844382442664403)	(77.0, 0.22046280076786282)	(78.0, 0.23150127738246815)	(79.0, 0.19775502232841521)	(80.0, 0.17632432734210787)	(81.0, 0.1995259628268786)	(82.0, 0.2385078742129901)	(83.0, 0.2528933897871096)	(84.0, 0.24163113419884225)	(85.0, 0.23327028875184827)	(86.0, 0.23109423114589323)	(87.0, 0.1963872698083601)	(88.0, 0.15740150016408208)	(89.0, 0.1357470262041127)	(90.0, 0.1122926748094305)	(91.0, 0.1008027819893345)	(92.0, 0.08203042687980559)	(93.0, 0.05757871574906066)	(94.0, 0.043198987562191024)	(95.0, 0.03037606654553922)	(96.0, 0.023055021674440446)	(97.0, 0.017441256042056402)	(98.0, 0.011607569694176903)	(99.0, 0.012410087392826993)	(100.0, 0.013175951638894507)
SRR15652298_1	(0.0, 0.006472406142497791)	(1.0, 0.004976114895414756)	(2.0, 0.0028641878657034983)	(3.0, 0.0019489646166626106)	(4.0, 0.0016016406858215542)	(5.0, 0.0016460849802893667)	(6.0, 0.0018469073478846697)	(7.0, 0.00166419191507255)	(8.0, 0.001516044266846507)	(9.0, 0.001749788334047597)	(10.0, 0.0020790053301054704)	(11.0, 0.0025415552095667824)	(12.0, 0.0032362030712488957)	(13.0, 0.004288051373653801)	(14.0, 0.005758005261052205)	(15.0, 0.008003265174166902)	(16.0, 0.01195551521184167)	(17.0, 0.018110226953143613)	(18.0, 0.027636120734078184)	(19.0, 0.04287228331163656)	(20.0, 0.06584339921157469)	(21.0, 0.09876345273238173)	(22.0, 0.14728839186633197)	(23.0, 0.20988241932681545)	(24.0, 0.28712001877195314)	(25.0, 0.38620445807549125)	(26.0, 0.5123851022395727)	(27.0, 0.657439756787652)	(28.0, 0.8177783103777181)	(29.0, 0.9946336806600077)	(30.0, 1.185174601468423)	(31.0, 1.3806718841524896)	(32.0, 1.5602976154566062)	(33.0, 1.7316567079897098)	(34.0, 1.8982240471451906)	(35.0, 2.0486729221736786)	(36.0, 2.178512813248943)	(37.0, 2.282077895868829)	(38.0, 2.3572891647032304)	(39.0, 2.4032248121631854)	(40.0, 2.418276613222951)	(41.0, 2.4117877462306505)	(42.0, 2.3888511981152987)	(43.0, 2.3448678074419664)	(44.0, 2.3043461334821833)	(45.0, 2.287993925287989)	(46.0, 2.2787659728884866)	(47.0, 2.2731231935760547)	(48.0, 2.2825157544735855)	(49.0, 2.294387319351433)	(50.0, 2.302984821203484)	(51.0, 2.309100026905259)	(52.0, 2.261044221990691)	(53.0, 2.1544700960268366)	(54.0, 2.058761777017872)	(55.0, 1.9814929019581085)	(56.0, 1.9082240134004484)	(57.0, 1.8740364744448186)	(58.0, 1.8573484649146452)	(59.0, 1.808573320863691)	(60.0, 1.7008189519689687)	(61.0, 1.5829181152557426)	(62.0, 1.4114158133293542)	(63.0, 1.2024321564017768)	(64.0, 1.038995670878806)	(65.0, 0.8800875651366116)	(66.0, 0.7846393275545325)	(67.0, 0.6861326640790759)	(68.0, 0.5752935319312914)	(69.0, 0.49468968870146196)	(70.0, 0.42373025737114794)	(71.0, 0.4241022725766933)	(72.0, 0.46031614214305944)	(73.0, 0.4464034318896537)	(74.0, 0.5043538536207408)	(75.0, 0.7782508717460295)	(76.0, 0.9812691167050382)	(77.0, 1.1091106606142316)	(78.0, 1.2330147692505729)	(79.0, 1.1002744764400383)	(80.0, 0.9879225921953678)	(81.0, 1.1486743131154866)	(82.0, 1.5093973756960986)	(83.0, 1.6854478104230266)	(84.0, 1.524161111884314)	(85.0, 1.2785257267856132)	(86.0, 1.3406440356867932)	(87.0, 1.2842145964774934)	(88.0, 0.878230781278845)	(89.0, 0.6730084285312289)	(90.0, 0.6866182591482614)	(91.0, 0.7727513018268828)	(92.0, 0.5901692018981665)	(93.0, 0.29829693578811795)	(94.0, 0.16083896342407406)	(95.0, 0.08818406456406197)	(96.0, 0.04895785948376635)	(97.0, 0.03026821061756088)	(98.0, 0.017897881990686284)	(99.0, 0.012864154120961402)	(100.0, 0.007817257571394204)
SRR15652298_2	(0.0, 0.008487777772857485)	(1.0, 0.006469543570079504)	(2.0, 0.0036726594668822833)	(3.0, 0.002979611669680382)	(4.0, 0.003025705109874333)	(5.0, 0.003180447373382595)	(6.0, 0.0033170814996718065)	(7.0, 0.003091552881579976)	(8.0, 0.00270634341710196)	(9.0, 0.0024627066617910784)	(10.0, 0.0025219696563261577)	(11.0, 0.0028577932920249407)	(12.0, 0.00329238858528219)	(13.0, 0.004051284154189734)	(14.0, 0.005131187610162294)	(15.0, 0.006596300530612868)	(16.0, 0.008999744197868866)	(17.0, 0.012922625197232595)	(18.0, 0.01919791784078045)	(19.0, 0.028327711387767966)	(20.0, 0.0413441696596811)	(21.0, 0.06066061348953171)	(22.0, 0.08914306714080793)	(23.0, 0.12669440515024397)	(24.0, 0.17316647003150207)	(25.0, 0.23462548775296468)	(26.0, 0.31965471535646256)	(27.0, 0.43098518917348716)	(28.0, 0.5658529489866942)	(29.0, 0.7258103560140441)	(30.0, 0.9119817609574109)	(31.0, 1.1216772823426189)	(32.0, 1.3491846259742033)	(33.0, 1.5779052147994646)	(34.0, 1.7977824478846576)	(35.0, 1.998288912728343)	(36.0, 2.1709022614775177)	(37.0, 2.316266156100604)	(38.0, 2.431906366575763)	(39.0, 2.5041446645254397)	(40.0, 2.531520875612061)	(41.0, 2.5295619044038187)	(42.0, 2.5037709784210103)	(43.0, 2.466711852505074)	(44.0, 2.437401363124599)	(45.0, 2.4129158692158557)	(46.0, 2.4028839611965007)	(47.0, 2.4110968245224873)	(48.0, 2.4222678989923496)	(49.0, 2.4318915508271295)	(50.0, 2.4250121048781823)	(51.0, 2.3814060642604122)	(52.0, 2.3031278794510355)	(53.0, 2.221772957508713)	(54.0, 2.1405908859671174)	(55.0, 2.055316375414016)	(56.0, 1.971250171471713)	(57.0, 1.8862752682798725)	(58.0, 1.8103610184747283)	(59.0, 1.7423781327715289)	(60.0, 1.6476709289215943)	(61.0, 1.587461372668246)	(62.0, 1.478559035432867)	(63.0, 1.2599543105358855)	(64.0, 1.0840304650642096)	(65.0, 0.9478869046742058)	(66.0, 0.8265261690321188)	(67.0, 0.7099756131131294)	(68.0, 0.5969495591746844)	(69.0, 0.5170070719354476)	(70.0, 0.4703094784360976)	(71.0, 0.47335823026606894)	(72.0, 0.5110248018759899)	(73.0, 0.492172584836664)	(74.0, 0.5273879731448423)	(75.0, 0.7641090662323391)	(76.0, 1.0202750063045127)	(77.0, 1.21838296606382)	(78.0, 1.2872844281823128)	(79.0, 1.10949873696566)	(80.0, 0.9392361536663767)	(81.0, 1.029543080172082)	(82.0, 1.3076758368852581)	(83.0, 1.5814856873859588)	(84.0, 1.6678269318406918)	(85.0, 1.5411753277420563)	(86.0, 1.3720914195563043)	(87.0, 1.2258468109866547)	(88.0, 1.0254555797434541)	(89.0, 0.7618060404169342)	(90.0, 0.5943337564436778)	(91.0, 0.5343892374714448)	(92.0, 0.41362771655187947)	(93.0, 0.281193031903196)	(94.0, 0.20862878748357655)	(95.0, 0.1446296919685687)	(96.0, 0.10042114423969209)	(97.0, 0.07152878820954822)	(98.0, 0.04183473555888815)	(99.0, 0.032441550925078055)	(100.0, 0.02622058269318736)
