Sample	0	1	2	3	4	5	6	7	8	9	10	11	12	13	14	15	16	17	18	19	20	21	22	23	24	25	26	27	28	29	30	31	32	33	34	35	36	37	38	39	40	41	42	43	44	45	46	47	48	49
SRR29999095_1 - polya	(1, 0.00512448144141414)	(2, 0.012954387643810156)	(3, 0.01709918880965983)	(4, 0.024353846850250042)	(5, 0.02744863172075113)	(6, 0.03055346459407852)	(7, 0.035557370001577035)	(8, 0.04146810766414932)	(9, 0.05157891050811595)	(10, 0.06556824244303523)	(12, 0.07383523676837539)	(14, 0.08387319159185133)	(16, 0.09487701068700556)	(18, 0.10344042109572164)	(20, 0.113733343990915)	(22, 0.12796885199507868)	(24, 0.14129250374275545)	(26, 0.15991522098095334)	(28, 0.18166663509919112)	(30, 0.19568862304329587)	(32, 0.2065404660957023)	(34, 0.21798514131486055)	(36, 0.2268399438055394)	(38, 0.23469120201394128)	(40, 0.24327973242972312)	(42, 0.25128296668087285)	(44, 0.2593741209567527)	(46, 0.2687124835834474)	(48, 0.2771716459628406)	(50, 0.2846950880790344)	(52, 0.29224239420194065)	(54, 0.30426985358502445)	(56, 0.31578360882361345)	(58, 0.32500767541815895)	(60, 0.33323196573148733)	(62, 0.34209681622499244)	(64, 0.3516022268986744)	(66, 0.3632001341609337)	(68, 0.3769633860322612)	(70, 0.39355766269989934)	(72, 0.4114883237434357)	(74, 0.4251711915921528)	(76, 0.442498972466111)	(78, 0.45871644902776276)	(80, 0.46989485217202404)	(82, 0.47897447872594134)	(84, 0.4907168260288288)	(86, 0.5057775262651025)	(88, 0.5170639454397465)	(90, 0.519531986133957)
SRR29999095_2 - polya	(1, 0.014150099980140123)	(2, 0.018345141160121304)	(3, 0.01995030961162309)	(4, 0.0228265504206521)	(5, 0.024964263021947902)	(6, 0.02705173560911219)	(7, 0.029119112190623877)	(8, 0.03447720969774954)	(9, 0.04199311581182361)	(10, 0.0507311102696467)	(12, 0.056710927951649816)	(14, 0.06592745854407553)	(16, 0.07880523016633514)	(18, 0.08813228878985019)	(20, 0.09754977943880197)	(22, 0.10665955000119823)	(24, 0.113999616065812)	(26, 0.1234158507144105)	(28, 0.13279314935205705)	(30, 0.14072730358377594)	(32, 0.14826204970314932)	(34, 0.15676768409561417)	(36, 0.1651841424629956)	(38, 0.173683496853694)	(40, 0.1863954764293196)	(42, 0.19762788758877223)	(44, 0.21095656333786214)	(46, 0.22768648804365535)	(48, 0.2436628125374759)	(50, 0.2591530648945741)	(52, 0.27564686153394924)	(54, 0.30515282183338577)	(56, 0.32860234842926855)	(58, 0.34798745788191215)	(60, 0.36517707871700866)	(62, 0.3823340435429198)	(64, 0.4049797299126985)	(66, 0.43119622528687424)	(68, 0.4535115835637382)	(70, 0.4829107838331453)	(72, 0.513670232485163)	(74, 0.5354040625984547)	(76, 0.5665164473497464)	(78, 0.5996007526556997)	(80, 0.6188690540754875)	(82, 0.639257707810408)	(84, 0.6819692558243122)	(86, 0.7359596870107408)	(88, 0.76318600666896)	(90, 0.7698126645329063)
SRR29999095_2 - polyg	(1, 0.21208319565476128)	(2, 0.2136632440991973)	(3, 0.21381145214088526)	(4, 0.21395212418045348)	(5, 0.21409028421931514)	(6, 0.21421086025323077)	(7, 0.2143414842899727)	(8, 0.21457007635427108)	(9, 0.21484388443128782)	(10, 0.21565651665986502)	(12, 0.21677058897323126)	(14, 0.21733955713327063)	(16, 0.21763220521558668)	(18, 0.21790475729225012)	(20, 0.21826146139258384)	(22, 0.2186169094925643)	(24, 0.21897235759254474)	(26, 0.21930394168581271)	(28, 0.21963301377837413)	(30, 0.22001860588683347)	(32, 0.22047579001543022)	(34, 0.22093674214508685)	(36, 0.2214115102786296)	(38, 0.22199429444255514)	(40, 0.22253814259552873)	(42, 0.2230480787389636)	(44, 0.2237250629293857)	(46, 0.22433045509967042)	(48, 0.2249471512731347)	(50, 0.22557891945083847)	(52, 0.22625841564196714)	(54, 0.22689771982179063)	(56, 0.2276726720397692)	(58, 0.22845641626022078)	(60, 0.22932180050363604)	(62, 0.23015327273751257)	(64, 0.23105005698976003)	(66, 0.23201340926073175)	(68, 0.23304458555078103)	(70, 0.23412725785531507)	(72, 0.2353166901898786)	(74, 0.23656641054139996)	(76, 0.23787139490846598)	(78, 0.23928062730485483)	(80, 0.24077275572456072)	(82, 0.24239676418136183)	(84, 0.2441551646759647)	(86, 0.24595375718187285)	(88, 0.24785408571639722)	(90, 0.249441670162953)
SRR29999096_1 - polya	(1, 0.005872134874782331)	(2, 0.015572371564635435)	(3, 0.021054559982889253)	(4, 0.0301635053138233)	(5, 0.034162367995478456)	(6, 0.038005761828452306)	(7, 0.04397984348925517)	(8, 0.05173289656611621)	(9, 0.06502420879354237)	(10, 0.08259091435970435)	(12, 0.09268746918021226)	(14, 0.10523456986968856)	(16, 0.12061196820605974)	(18, 0.13239319366555685)	(20, 0.14640832807372872)	(22, 0.16526211181339986)	(24, 0.18426626706245128)	(26, 0.21080556413324486)	(28, 0.23994450424756186)	(30, 0.2588989604384283)	(32, 0.2738558282824648)	(34, 0.2902272077825361)	(36, 0.3015025223164063)	(38, 0.3118590414412665)	(40, 0.32338412560088714)	(42, 0.33386680387344775)	(44, 0.34505418930437526)	(46, 0.35833658118802464)	(48, 0.36975079821784784)	(50, 0.37948034460868185)	(52, 0.38977696999675504)	(54, 0.40593935858548424)	(56, 0.42104150059960005)	(58, 0.4329845665819047)	(60, 0.4431537584874522)	(62, 0.4540709849354254)	(64, 0.4665569175532894)	(66, 0.48117990967310864)	(68, 0.49666690080445186)	(70, 0.5165962231366396)	(72, 0.540571558539017)	(74, 0.5584708654945709)	(76, 0.5802594423368079)	(78, 0.601029825653665)	(80, 0.6157687822425826)	(82, 0.6280597416321823)	(84, 0.6433492108656108)	(86, 0.6616805173269267)	(88, 0.6754305900914452)	(90, 0.678677595226199)
SRR29999096_2 - polya	(1, 0.015949574672911384)	(2, 0.021324718965843648)	(3, 0.02309349570329978)	(4, 0.02692414618802107)	(5, 0.02961554133896297)	(6, 0.03224067107899153)	(7, 0.03502636700700242)	(8, 0.04188993437583437)	(9, 0.051709958539261594)	(10, 0.06265522035339038)	(12, 0.0697545396648948)	(14, 0.08162241989250935)	(16, 0.09891259480159065)	(18, 0.11038670556820092)	(20, 0.12275794805179183)	(22, 0.1346576866500378)	(24, 0.14419480848225805)	(26, 0.15676612153341424)	(28, 0.1685600903411639)	(30, 0.17862606112586565)	(32, 0.18768275872896417)	(34, 0.19840756061832357)	(36, 0.20837285895183005)	(38, 0.21842736072310448)	(40, 0.23325552074979006)	(42, 0.246699753156247)	(44, 0.26235113348004835)	(46, 0.2835050915793076)	(48, 0.3032407150180563)	(50, 0.3224041621202648)	(52, 0.3426023691005816)	(54, 0.37729995772266783)	(56, 0.405074085239135)	(58, 0.42725770587720163)	(60, 0.44718320520491356)	(62, 0.46686658091582667)	(64, 0.49310386063303446)	(66, 0.5221574203140593)	(68, 0.547212117313429)	(70, 0.5798363631748227)	(72, 0.6153801101208793)	(74, 0.6405800812903282)	(76, 0.6764143765765434)	(78, 0.7142723155652658)	(80, 0.7367159005076848)	(82, 0.7598629182736454)	(84, 0.8081079604230343)	(86, 0.868877165235045)	(88, 0.8999416252703246)	(90, 0.9073365902612885)
SRR29999096_2 - polyg	(1, 0.26195736401904407)	(2, 0.2640498218021154)	(3, 0.2642333260169523)	(4, 0.2644091842228377)	(5, 0.2645952371073252)	(6, 0.26481952003657033)	(7, 0.2650055729210578)	(8, 0.265329253966673)	(9, 0.2656784217087933)	(10, 0.266546243724793)	(12, 0.26768677339339764)	(14, 0.26825640106028736)	(16, 0.26860556880240766)	(18, 0.2689305241828481)	(20, 0.26924910788916223)	(22, 0.269645426019817)	(24, 0.27003792114599606)	(26, 0.2703666995309123)	(28, 0.2707413539695377)	(30, 0.27113767210019246)	(32, 0.2715136008736432)	(34, 0.2719761844152113)	(36, 0.27245151130503203)	(38, 0.27296124523513465)	(40, 0.27347862517418886)	(42, 0.2740482528410785)	(44, 0.27468669458853207)	(46, 0.27525377358577124)	(48, 0.2758399676053893)	(50, 0.27646821467424076)	(52, 0.2772124262121906)	(54, 0.2778763546561493)	(56, 0.27859762816724454)	(58, 0.27930360966043666)	(60, 0.2800592902118138)	(62, 0.28076909470948175)	(64, 0.2816649520916371)	(66, 0.28270226063939596)	(68, 0.2837051621468729)	(70, 0.28473482468568023)	(72, 0.28583075263540086)	(74, 0.2869878486567339)	(76, 0.2882010154103781)	(78, 0.28948044757493574)	(80, 0.2907738974225712)	(82, 0.2921361613507705)	(84, 0.2937112391947876)	(86, 0.29526720201642587)	(88, 0.29694167797681303)	(90, 0.298337074610469)
SRR29999097_1 - polya	(1, 0.006333097395464009)	(2, 0.016735169580634538)	(3, 0.022509622252495275)	(4, 0.03236110708988373)	(5, 0.03660197256377588)	(6, 0.040684376313184396)	(7, 0.04684826881640319)	(8, 0.05493787414088902)	(9, 0.06883147584857999)	(10, 0.08795028577631983)	(12, 0.0985672213167224)	(14, 0.1119129214685717)	(16, 0.12782892450738415)	(18, 0.14051257694592473)	(20, 0.15534620583275582)	(22, 0.17556081887217903)	(24, 0.19531347569785334)	(26, 0.22285090046277806)	(28, 0.2537791375524582)	(30, 0.2738473749311296)	(32, 0.2896599749802366)	(34, 0.30667178113073235)	(36, 0.31852686675565944)	(38, 0.3295050413120459)	(40, 0.3416770503859402)	(42, 0.3524537905467966)	(44, 0.3637676890957331)	(46, 0.3780399874670205)	(48, 0.3899743039541894)	(50, 0.4002582012939823)	(52, 0.41119206028335215)	(54, 0.42804406181339405)	(56, 0.44332353216233167)	(58, 0.45551568467577896)	(60, 0.46627631008499293)	(62, 0.47777149958990645)	(64, 0.49130654807355395)	(66, 0.5067458230429454)	(68, 0.5226671976656385)	(70, 0.543292736871943)	(72, 0.5683686333234907)	(74, 0.5865259297365673)	(76, 0.6089079768718936)	(78, 0.6302170501270299)	(80, 0.645272256848944)	(82, 0.6577853614992692)	(84, 0.6730554315764155)	(86, 0.6920077224038503)	(88, 0.7060100986851277)	(90, 0.7093579383388366)
SRR29999097_2 - polya	(1, 0.017820229524556277)	(2, 0.023473821559099)	(3, 0.025488165514399256)	(4, 0.029686058317244992)	(5, 0.03281769171975179)	(6, 0.035930524578675786)	(7, 0.03896546947132818)	(8, 0.04674889451460837)	(9, 0.05742760326964014)	(10, 0.0697218158768227)	(12, 0.07796585423788155)	(14, 0.09150493140943969)	(16, 0.11062508423314973)	(18, 0.12395601252932684)	(20, 0.13735274272804376)	(22, 0.1502311150822634)	(24, 0.16079836347176854)	(26, 0.1746422780285621)	(28, 0.18768716948308656)	(30, 0.19867205851932396)	(32, 0.20855845865193764)	(34, 0.22062572184015639)	(36, 0.23199333622790083)	(38, 0.24328171975340346)	(40, 0.2598342554820908)	(42, 0.2750412094486375)	(44, 0.29243305515869994)	(46, 0.31431823078505217)	(48, 0.33601271518363596)	(50, 0.35660199619874494)	(52, 0.37787615415865605)	(54, 0.4144660406587002)	(56, 0.4441359842243027)	(58, 0.46776289592400455)	(60, 0.4892438598633265)	(62, 0.5099016285729157)	(64, 0.5377573196827778)	(66, 0.5695087520021908)	(68, 0.5966728516873998)	(70, 0.6319547575124689)	(72, 0.6702608650624289)	(74, 0.6973833349725617)	(76, 0.7350999111916037)	(78, 0.7751987848617808)	(80, 0.7997845242842055)	(82, 0.8245596120384285)	(84, 0.8758380946605221)	(86, 0.9397075698992124)	(88, 0.9726864091353882)	(90, 0.9807921292115165)
SRR29999097_2 - polyg	(1, 0.22140594439884267)	(2, 0.22387418719207058)	(3, 0.22418036747327624)	(4, 0.22433882919775985)	(5, 0.2245671215126939)	(6, 0.22474975536464112)	(7, 0.22488941654554193)	(8, 0.22514456677987996)	(9, 0.2254883481482512)	(10, 0.2263706308006727)	(12, 0.22753626450280645)	(14, 0.22813653900148595)	(16, 0.22844943376254256)	(18, 0.22875158535583762)	(20, 0.22909805251614926)	(22, 0.22943780519660992)	(24, 0.22979904421259376)	(26, 0.2301079102857398)	(28, 0.23047586378157464)	(30, 0.23086664650890287)	(32, 0.23131651665891995)	(34, 0.23178653024849)	(36, 0.23225385804611967)	(38, 0.23276147272285533)	(40, 0.233309374278697)	(42, 0.23386399031438965)	(44, 0.23443203530978435)	(46, 0.23507393958354)	(48, 0.2356957004177427)	(50, 0.23641817844971041)	(52, 0.23719302942451592)	(54, 0.2379799664630532)	(56, 0.2388219622363687)	(58, 0.2396612722177438)	(60, 0.2404670097998639)	(62, 0.24137480747571924)	(64, 0.24236720759769714)	(66, 0.24335826482370487)	(68, 0.2443130638585172)	(70, 0.24540215249034955)	(72, 0.24656778619248332)	(74, 0.24775222043819983)	(76, 0.24895679812346938)	(78, 0.2503252091171034)	(80, 0.2516573619195419)	(82, 0.25317886305377874)	(84, 0.25477288057040637)	(86, 0.25643135709360354)	(88, 0.2582818677405394)	(90, 0.2597026516770112)
SRR29999098_1 - polya	(1, 0.006524626694068243)	(2, 0.017853650006720866)	(3, 0.023646204678374454)	(4, 0.03470800778512667)	(5, 0.039298071530228434)	(6, 0.04376009226000292)	(7, 0.05074678722677395)	(8, 0.06030547667533639)	(9, 0.07650570165804849)	(10, 0.09726258786012482)	(12, 0.1092624452313399)	(14, 0.12418641537649643)	(16, 0.1414708306737732)	(18, 0.1553120022762708)	(20, 0.17223316510615172)	(22, 0.1942078517257429)	(24, 0.21618671366105124)	(26, 0.2474542612952102)	(28, 0.28313650941434876)	(30, 0.3061369319284639)	(32, 0.32475188116761977)	(34, 0.34450529982566386)	(36, 0.35795399175074527)	(38, 0.370219677555955)	(40, 0.38386043400402725)	(42, 0.3958491571999966)	(44, 0.40870217074942494)	(46, 0.4246852793148429)	(48, 0.43782221433304047)	(50, 0.4494671698682941)	(52, 0.46155749241338173)	(54, 0.4798481587985023)	(56, 0.4974498980902857)	(58, 0.5107148761238106)	(60, 0.5223807082376501)	(62, 0.5351738755951321)	(64, 0.5501131552312517)	(66, 0.5667044681194743)	(68, 0.5835783107045602)	(70, 0.6057255770404621)	(72, 0.6326869823982886)	(74, 0.6533102584974146)	(76, 0.6785402996045113)	(78, 0.702957545918661)	(80, 0.7201375783230078)	(82, 0.7339161201897475)	(84, 0.7506452184966375)	(86, 0.771292154718161)	(88, 0.7872154170916326)	(90, 0.7910970689367172)
SRR29999098_2 - polya	(1, 0.018265614490817327)	(2, 0.024447865296075674)	(3, 0.026632947188073783)	(4, 0.031139504618831672)	(5, 0.03392026488648277)	(6, 0.036739994767494344)	(7, 0.039790758784857314)	(8, 0.047612516895067104)	(9, 0.05878844529808929)	(10, 0.07138398104495738)	(12, 0.07948130999250197)	(14, 0.09291747597043175)	(16, 0.11299378571060548)	(18, 0.1267083060696815)	(20, 0.14091412191148067)	(22, 0.1544268353442257)	(24, 0.16505440561638973)	(26, 0.17923377779198002)	(28, 0.19271448047089323)	(30, 0.20385422280436638)	(32, 0.21396544569950415)	(34, 0.2260794283669892)	(36, 0.2374877826782685)	(38, 0.24893232305909682)	(40, 0.2657755466622568)	(42, 0.2803306972523945)	(44, 0.2976847011449578)	(46, 0.31974011053508145)	(48, 0.34110520105996234)	(50, 0.3613025949559347)	(52, 0.38249788930831635)	(54, 0.4199908326768113)	(56, 0.44978449386280084)	(58, 0.4732219327553156)	(60, 0.4939203645373512)	(62, 0.5139730141551275)	(64, 0.5408258613043069)	(66, 0.5714462350023007)	(68, 0.5975322158314221)	(70, 0.6308540187984404)	(72, 0.6670289541722079)	(74, 0.6930272533712682)	(76, 0.7294318311094813)	(78, 0.7686241279748742)	(80, 0.7920003289035368)	(82, 0.8159262797349631)	(84, 0.8646160280850663)	(86, 0.9267043645716444)	(88, 0.9588139342087709)	(90, 0.9664352771645554)
SRR29999098_2 - polyg	(1, 0.26596482764143625)	(2, 0.26977828266313997)	(3, 0.2702125154977281)	(4, 0.2705020040541202)	(5, 0.27081097741719257)	(6, 0.27105871281641275)	(7, 0.271259127970838)	(8, 0.2716571747358772)	(9, 0.272077489851408)	(10, 0.27303920423826833)	(12, 0.2742931907253322)	(14, 0.2749737671872348)	(16, 0.27543722723184333)	(18, 0.2758477999440341)	(20, 0.2761971346923726)	(22, 0.2766007485450347)	(24, 0.27702106366056556)	(26, 0.27747199775802245)	(28, 0.2778867457859304)	(30, 0.2783376798833873)	(32, 0.278810882331336)	(34, 0.27932444616455077)	(36, 0.2797962568405937)	(38, 0.28033069725239457)	(40, 0.28091524145280167)	(42, 0.28141210402314776)	(44, 0.28199525645164913)	(46, 0.2825060367410525)	(48, 0.28305021955619347)	(50, 0.28377115740336223)	(52, 0.2845032294257769)	(54, 0.28520050715054823)	(56, 0.28593118740105716)	(58, 0.2866952701773037)	(60, 0.28752754977693096)	(62, 0.28834869520131245)	(64, 0.28923942922098045)	(66, 0.2901858341168777)	(68, 0.2912032193799673)	(70, 0.29220807869590526)	(72, 0.29336464114956795)	(74, 0.2945365130941937)	(76, 0.2957849324936347)	(78, 0.29698046456065785)	(80, 0.2982831630644223)	(82, 0.29973478116210006)	(84, 0.30122119355742105)	(86, 0.30287461858142983)	(88, 0.3046129416916882)	(90, 0.3059754863873991)
SRR29999099_1 - polya	(1, 0.004786901005865183)	(2, 0.014123153400455096)	(3, 0.019653087511096814)	(4, 0.02854462492476099)	(5, 0.03236475423296154)	(6, 0.03618488354116209)	(7, 0.04183911687007497)	(8, 0.049683778645410875)	(9, 0.06300036822952862)	(10, 0.08062047297067923)	(12, 0.0905754592517745)	(14, 0.10285898422181632)	(16, 0.11735089196980922)	(18, 0.12895491454663532)	(20, 0.14302834825978195)	(22, 0.16172433179019075)	(24, 0.1806758192692681)	(26, 0.20706730551308744)	(28, 0.23534123436250232)	(30, 0.25402202576623356)	(32, 0.26892550203694654)	(34, 0.2850871626170488)	(36, 0.2963376229730147)	(38, 0.30665583919194683)	(40, 0.31773089953990785)	(42, 0.3276361661336946)	(44, 0.33833418551956645)	(46, 0.3515209514757121)	(48, 0.36251176457573375)	(50, 0.37208142328018845)	(52, 0.3820364095612837)	(54, 0.3978583189447781)	(56, 0.4123018881078877)	(58, 0.42329408231033466)	(60, 0.4333623189902992)	(62, 0.4440382407373673)	(64, 0.45657865075850285)	(66, 0.4710180766143368)	(68, 0.4854174504998389)	(70, 0.5042957395503788)	(72, 0.5274250618657925)	(74, 0.5443932862622323)	(76, 0.5650946305140825)	(78, 0.5849535022865393)	(80, 0.5989468320590223)	(82, 0.6106268152692363)	(84, 0.624582855276238)	(86, 0.6415027410877944)	(88, 0.6550002550896179)	(90, 0.658236178071944)
SRR29999099_2 - polya	(1, 0.014476715621315306)	(2, 0.01893491424997451)	(3, 0.020683389920322266)	(4, 0.023848876678961333)	(5, 0.026285141357076214)	(6, 0.02851976508110676)	(7, 0.030928407710716938)	(8, 0.0369859229477985)	(9, 0.04555704459880811)	(10, 0.05496511431951026)	(12, 0.06115797759426487)	(14, 0.07144028515014089)	(16, 0.0868865346739713)	(18, 0.09695753355878634)	(20, 0.10760030884764873)	(22, 0.11824722744378685)	(24, 0.1270710908386145)	(26, 0.1385452897874685)	(28, 0.14929302886064877)	(30, 0.15827433793195325)	(32, 0.16623639341343416)	(34, 0.17593725684828615)	(36, 0.1851298745906516)	(38, 0.19466086242719965)	(40, 0.20923011191100574)	(42, 0.221586835309585)	(44, 0.23630110054804077)	(46, 0.2553796494502397)	(48, 0.273731738476765)	(50, 0.2906571486980223)	(52, 0.30893880150086056)	(54, 0.3412165462810323)	(56, 0.36711497895904266)	(58, 0.3875746302864769)	(60, 0.4065344043801056)	(62, 0.42532568397785564)	(64, 0.4502366284218228)	(66, 0.47797054622297075)	(68, 0.5023290496968439)	(70, 0.533704934593337)	(72, 0.567352732979342)	(74, 0.5909516301193358)	(76, 0.6249239875752711)	(78, 0.6609472821326807)	(80, 0.6821817319206718)	(82, 0.7040473455169953)	(84, 0.7489041711862092)	(86, 0.8061660588388857)	(88, 0.8353390853671286)	(90, 0.8422956982830383)
SRR29999099_2 - polyg	(1, 0.2473996396372308)	(2, 0.24951548855269112)	(3, 0.24970884289222403)	(4, 0.24985800195414945)	(5, 0.2500154476306263)	(6, 0.2501811799216545)	(7, 0.2503496744175332)	(8, 0.2506203704928793)	(9, 0.25095183507493574)	(10, 0.25176392330097397)	(12, 0.25287571075328835)	(14, 0.25349444463979376)	(16, 0.2539060131625138)	(18, 0.25425819428094876)	(20, 0.2546324730381875)	(22, 0.2549597943129682)	(24, 0.25527054235864616)	(26, 0.25562272347708115)	(28, 0.25599700223431987)	(30, 0.2564693392637503)	(32, 0.25693753298590505)	(34, 0.25746235190749445)	(36, 0.25800098185333614)	(38, 0.25851475195552365)	(40, 0.2590879094619962)	(42, 0.2596251583054127)	(44, 0.26030604180105366)	(46, 0.260888867024503)	(48, 0.2614247347654942)	(50, 0.26212909700236414)	(52, 0.2628348403416593)	(54, 0.26356130021733304)	(56, 0.26425599473722633)	(58, 0.26495897587167105)	(60, 0.26580144835106456)	(62, 0.26666463736683654)	(64, 0.267554067328688)	(66, 0.26863547052764714)	(68, 0.2697362091605596)	(70, 0.2708562832274254)	(72, 0.27206474784950613)	(74, 0.2732773557788626)	(76, 0.274477533786392)	(78, 0.2758296330606973)	(80, 0.2772839339144699)	(82, 0.27881833870890627)	(84, 0.28041765531732854)	(86, 0.2821371278367464)	(88, 0.2839808995744354)	(90, 0.28534404766814253)
SRR29999100_1 - polya	(1, 0.004675506991658461)	(2, 0.013606599008877066)	(3, 0.01884857791453393)	(4, 0.02745556908543504)	(5, 0.031697062769850945)	(6, 0.03558063638920318)	(7, 0.04115798921409293)	(8, 0.04846857699972407)	(9, 0.060581493847311804)	(10, 0.07675976261501247)	(12, 0.08636301160481127)	(14, 0.09826174006700658)	(16, 0.11162737714231716)	(18, 0.12251998384681381)	(20, 0.135402287920877)	(22, 0.15246831118066473)	(24, 0.1697978425198497)	(26, 0.1941420434806368)	(28, 0.22074649556095982)	(30, 0.23892009823468469)	(32, 0.25374700738665285)	(34, 0.2693757138497282)	(36, 0.27995972018316606)	(38, 0.28994625365208815)	(40, 0.3008924074529329)	(42, 0.3102067839492748)	(44, 0.32048923558222586)	(46, 0.33332785649874197)	(48, 0.3437286753973047)	(50, 0.3526217207934338)	(52, 0.36178391080541794)	(54, 0.37541164682601136)	(56, 0.38867582624508346)	(58, 0.39903155285198455)	(60, 0.40852066197851505)	(62, 0.41853537812972563)	(64, 0.42991695437192734)	(66, 0.4428133497871348)	(68, 0.4560930296814655)	(70, 0.4727701319256722)	(72, 0.4932490780105946)	(74, 0.5089862878004806)	(76, 0.5277122710470596)	(78, 0.5456378661166459)	(80, 0.5587963604771362)	(82, 0.569622737878255)	(84, 0.5828375976033222)	(86, 0.598467713200512)	(88, 0.6111217375480384)	(90, 0.614165467235194)
SRR29999100_2 - polya	(1, 0.014942458149350912)	(2, 0.020477536950807944)	(3, 0.02279415343492082)	(4, 0.02683555007508853)	(5, 0.030118832561696188)	(6, 0.032883553694195856)	(7, 0.035876554553232194)	(8, 0.0426544896436111)	(9, 0.05234369581438976)	(10, 0.06362381440035299)	(12, 0.0706624393019003)	(14, 0.08213842752976845)	(16, 0.09884512159037807)	(18, 0.1104972515825492)	(20, 0.1221944738663819)	(22, 0.13358873231561347)	(24, 0.1426565103419312)	(26, 0.15447209989137548)	(28, 0.16549716520262797)	(30, 0.17544142464811735)	(32, 0.18442324549345523)	(34, 0.19446896259518315)	(36, 0.20401584622040497)	(38, 0.2136021856008307)	(40, 0.2274708835549906)	(42, 0.2400586785991392)	(44, 0.25429375142304933)	(46, 0.27248285457203286)	(48, 0.28965456289040237)	(50, 0.30616397817499263)	(52, 0.32348505470949107)	(54, 0.3527471337296175)	(56, 0.3761359417608252)	(58, 0.3949887470777025)	(60, 0.41238450772026536)	(62, 0.429719675595908)	(64, 0.45201217728609394)	(66, 0.47653533827941286)	(68, 0.4973158390648219)	(70, 0.5241753444198557)	(72, 0.5527962674179192)	(74, 0.5735373124481244)	(76, 0.6016298101532791)	(78, 0.6316556398634233)	(80, 0.6502660741126196)	(82, 0.6689286463240496)	(84, 0.706125559542497)	(86, 0.7532174125124289)	(88, 0.7781943146905923)	(90, 0.7841126779711727)
SRR29999100_2 - polyg	(1, 0.23485474631457176)	(2, 0.23713754357993846)	(3, 0.2373517319653309)	(4, 0.2374813723038579)	(5, 0.23764483186113108)	(6, 0.2378421106371504)	(7, 0.23796611443921972)	(8, 0.23825357779856218)	(9, 0.2385776786448797)	(10, 0.23934706587135512)	(12, 0.24042928087123266)	(14, 0.24099857105345993)	(16, 0.24131844449743417)	(18, 0.24159181651563238)	(20, 0.2419173264960643)	(22, 0.24223156340358082)	(24, 0.2425655281886993)	(26, 0.2429079477785043)	(28, 0.24324191256362276)	(30, 0.24361110570160183)	(32, 0.24399579931483956)	(34, 0.2444537679020273)	(36, 0.24491032735510065)	(38, 0.24535279546702976)	(40, 0.24586431115056562)	(42, 0.2463462350176986)	(44, 0.24693525307752778)	(46, 0.24747776971158097)	(48, 0.24799633106568897)	(50, 0.2486008496007768)	(52, 0.24931668973090415)	(54, 0.24994798181416605)	(56, 0.2506285935914328)	(58, 0.2513599341968188)	(60, 0.2520912748022047)	(62, 0.2527930235911878)	(64, 0.25364695886452876)	(66, 0.2545516229659889)	(68, 0.25545769620156344)	(70, 0.2562735848538149)	(72, 0.25723320518573756)	(74, 0.25813786928719773)	(76, 0.25921303861650313)	(78, 0.26040093867496245)	(80, 0.26155642864879003)	(82, 0.2627964666694831)	(84, 0.26410555226178284)	(86, 0.2655485055949529)	(88, 0.26711546273019227)	(90, 0.2682145873394429)
SRR29999101_1 - polya	(1, 0.005935469870876138)	(2, 0.016716057650756524)	(3, 0.022745062616401086)	(4, 0.03322633809302252)	(5, 0.03762515997841744)	(6, 0.04191708461264846)	(7, 0.048512645009461744)	(8, 0.057839430173512944)	(9, 0.07333418672972179)	(10, 0.09382505356220391)	(12, 0.1054340950386046)	(14, 0.11962336891497419)	(16, 0.13702624140445885)	(18, 0.15074383116006768)	(20, 0.1666808750929672)	(22, 0.18866563101046496)	(24, 0.21078935335447582)	(26, 0.24164390868729907)	(28, 0.27535529305747786)	(30, 0.29713828041340373)	(32, 0.3146052912535867)	(34, 0.33345795771198194)	(36, 0.3464139045530479)	(38, 0.35825143890381145)	(40, 0.37143186997232164)	(42, 0.38295138500087256)	(44, 0.3951790943183844)	(46, 0.4104640650191841)	(48, 0.42337725295978446)	(50, 0.4347284048177522)	(52, 0.44650848189601516)	(54, 0.4651593797928385)	(56, 0.48241393234633323)	(58, 0.4956411309622276)	(60, 0.5074025010215368)	(62, 0.5200751701470185)	(64, 0.5349953539782213)	(66, 0.5518650764275259)	(68, 0.569103594393346)	(70, 0.5917016732893967)	(72, 0.6192317241110223)	(74, 0.6394927618535021)	(76, 0.6644532700002752)	(78, 0.688322089969537)	(80, 0.7052479334757027)	(82, 0.7191432399113715)	(84, 0.7361479201402705)	(86, 0.7570730570556061)	(88, 0.7732332490003102)	(90, 0.7770548257294201)
SRR29999101_2 - polya	(1, 0.017549856209835027)	(2, 0.022755752341517475)	(3, 0.024623781805606815)	(4, 0.028464065553670304)	(5, 0.03104296173799965)	(6, 0.033653927097678164)	(7, 0.03646799723456811)	(8, 0.043774424351621405)	(9, 0.05380405894207532)	(10, 0.06496680439486668)	(12, 0.07234805958773471)	(14, 0.08454369972989736)	(16, 0.10290731126421768)	(18, 0.11496932984242543)	(20, 0.12746027364092838)	(22, 0.1395637149039622)	(24, 0.14965615162947488)	(26, 0.16306908421926658)	(28, 0.17597024621911103)	(30, 0.18643682332369743)	(32, 0.19600145487158832)	(34, 0.2071748900494961)	(36, 0.21777375250239783)	(38, 0.22839399440553237)	(40, 0.24434707292610647)	(42, 0.25825173287125214)	(44, 0.2752657666096281)	(46, 0.2977689741952708)	(48, 0.31937290865549717)	(50, 0.3394602383648355)	(52, 0.36106951768762)	(54, 0.40030214508041484)	(56, 0.43181278229225656)	(58, 0.4570124730385089)	(60, 0.48044167806235905)	(62, 0.503169369875446)	(64, 0.5342965131987372)	(66, 0.569086223590032)	(68, 0.5987114605344702)	(70, 0.6372305487757459)	(72, 0.6800348805730547)	(74, 0.7101157670505792)	(76, 0.753119194978181)	(78, 0.7987736747346477)	(80, 0.8257251441843485)	(82, 0.8531656685581244)	(84, 0.9113404888571641)	(86, 0.9853815336602073)	(88, 1.0219951783994863)	(90, 1.03075139948545)
SRR29999101_2 - polyg	(1, 0.28298107571238335)	(2, 0.2851110034418242)	(3, 0.2852820390436865)	(4, 0.28542635033275776)	(5, 0.28558135134694546)	(6, 0.28572833506729584)	(7, 0.2858673014938089)	(8, 0.28607842356485763)	(9, 0.28641514990602396)	(10, 0.2873317938347545)	(12, 0.28860520733924455)	(14, 0.28921184923959975)	(16, 0.2894884458769864)	(18, 0.289779740886408)	(20, 0.2901538812654817)	(22, 0.2905333665071136)	(24, 0.29087811014211723)	(26, 0.2912268624240395)	(28, 0.2916344081941019)	(30, 0.2920740231395135)	(32, 0.2925630780635884)	(34, 0.2930908832412102)	(36, 0.2935451965586568)	(38, 0.2940770103831972)	(40, 0.2946502468925637)	(42, 0.2952649060867562)	(44, 0.29590094473118145)	(46, 0.29650758663153665)	(48, 0.29716767715747383)	(50, 0.2978999233279466)	(52, 0.2986575575955708)	(54, 0.2994566145480211)	(56, 0.30022226610948255)	(58, 0.30103869386524695)	(60, 0.30184042324897625)	(62, 0.3026809028862525)	(64, 0.3035855208742271)	(66, 0.30464380366074983)	(68, 0.3057194572505867)	(70, 0.30684187838780774)	(72, 0.30805516218851814)	(74, 0.3092537476171935)	(76, 0.31053785084679997)	(78, 0.31179790219489456)	(80, 0.31323166157613047)	(82, 0.3147709819928908)	(84, 0.3164131910138964)	(86, 0.3181903578144964)	(88, 0.3199782143402128)	(90, 0.3214159823683674)
SRR29999102_1 - polya	(1, 0.006788534251579895)	(2, 0.01609433585780371)	(3, 0.021080850406711805)	(4, 0.029173511119131322)	(5, 0.03250206644650687)	(6, 0.03582303964329614)	(7, 0.04108503827017229)	(8, 0.04809345430875422)	(9, 0.05999487195234682)	(10, 0.0760664614183917)	(12, 0.08525979475425241)	(14, 0.09679474275284161)	(16, 0.11109211366169772)	(18, 0.12208746670023024)	(20, 0.13483934665791691)	(22, 0.1525221388735456)	(24, 0.170168284124674)	(26, 0.1936779436958565)	(28, 0.21929038081629976)	(30, 0.23597612285983308)	(32, 0.24997147223366914)	(34, 0.26450515287913084)	(36, 0.2745072468108611)	(38, 0.28408221405289774)	(40, 0.29466560466290925)	(42, 0.30410535724282395)	(44, 0.3141984367415895)	(46, 0.32657879230054854)	(48, 0.33700548554511034)	(50, 0.34629865026702367)	(52, 0.3561086635572349)	(54, 0.3715231350391358)	(56, 0.38536431442438424)	(58, 0.3958605105326535)	(60, 0.40565030480796804)	(62, 0.41600875887725325)	(64, 0.42752348786094574)	(66, 0.440950177440811)	(68, 0.4550921146726485)	(70, 0.473099674815056)	(72, 0.4952331776848293)	(74, 0.5113123492814604)	(76, 0.5309488038114865)	(78, 0.5504159240917523)	(80, 0.5639854104643258)	(82, 0.5752587749576885)	(84, 0.5896521861873041)	(86, 0.6071618530878795)	(88, 0.6204166810411226)	(90, 0.6234836528632716)
SRR29999102_2 - polya	(1, 0.018978072857451015)	(2, 0.023575371369596896)	(3, 0.02543552074009682)	(4, 0.028660453616126586)	(5, 0.0311145365492182)	(6, 0.03356356472858563)	(7, 0.036229947318092995)	(8, 0.04240180161532237)	(9, 0.05081291181236552)	(10, 0.06093126507975201)	(12, 0.06762375901057241)	(14, 0.07858751983832876)	(16, 0.09333350014020622)	(18, 0.10326609120822894)	(20, 0.11346658422363343)	(22, 0.12374416223333173)	(24, 0.1322727954544622)	(26, 0.1434299006121686)	(28, 0.15433047701837266)	(30, 0.1630410813735737)	(32, 0.17143449993258222)	(34, 0.18143912124117456)	(36, 0.1907234401440706)	(38, 0.2002693425521932)	(40, 0.21461978837515322)	(42, 0.22732996661461535)	(44, 0.24281267727179273)	(46, 0.2632932756737576)	(48, 0.28261886284974636)	(50, 0.3010725050083132)	(52, 0.3212750919554479)	(54, 0.3583719295372385)	(56, 0.387465828285214)	(58, 0.4107214864817562)	(60, 0.43227748373854136)	(62, 0.45299691925397395)	(64, 0.4811430516786648)	(66, 0.5132483199578232)	(68, 0.5411075951086665)	(70, 0.5773615525069493)	(72, 0.6171778475923513)	(74, 0.6449625651257629)	(76, 0.6856002576913449)	(78, 0.7297130934423037)	(80, 0.7551941069659183)	(82, 0.781040326446105)	(84, 0.8372618247433481)	(86, 0.9062895416008128)	(88, 0.9389230316441484)	(90, 0.9468059200770143)
SRR29999102_2 - polyg	(1, 0.28533326559963346)	(2, 0.287676143950793)	(3, 0.28794404589817474)	(4, 0.28817909194634933)	(5, 0.2883863368490409)	(6, 0.28859610912859457)	(7, 0.28880335403128615)	(8, 0.28912685826963397)	(9, 0.28953123856756874)	(10, 0.2904916417751638)	(12, 0.29169593684995077)	(14, 0.29245794097387157)	(16, 0.29282946537259913)	(18, 0.2932161540324993)	(20, 0.29364707178748606)	(22, 0.2941159001954041)	(24, 0.29453797213137356)	(26, 0.29497647201694654)	(28, 0.29540486239507124)	(30, 0.2959166562096449)	(32, 0.2964284500242186)	(34, 0.29696046285368904)	(36, 0.2975025851906078)	(38, 0.29807377236144067)	(40, 0.29869550706951536)	(42, 0.29926795792877925)	(44, 0.2999566681236994)	(46, 0.30066054257979213)	(48, 0.3013441980209881)	(50, 0.30220350615409947)	(52, 0.303094406497987)	(54, 0.30397772471128826)	(56, 0.3049254910345729)	(58, 0.3058833668653059)	(60, 0.3067603666364519)	(62, 0.3077182424671848)	(64, 0.30871782001614234)	(66, 0.3098500848503597)	(68, 0.3110404793524052)	(70, 0.3123117499140376)	(72, 0.3136601054699638)	(74, 0.31494401291590673)	(76, 0.3163631350239715)	(78, 0.3178100582775194)	(80, 0.3194642264337588)	(82, 0.3212093801570335)	(84, 0.32315672402927564)	(86, 0.3251078589668108)	(88, 0.3271297604564847)	(90, 0.32867019665392994)
SRR29999103_1 - polya	(1, 0.006253796613186708)	(2, 0.014484712779143474)	(3, 0.01879388358695078)	(4, 0.02579253687109258)	(5, 0.028976924115377098)	(6, 0.031991344065618176)	(7, 0.036632950904422215)	(8, 0.0429842287597809)	(9, 0.05324225485910874)	(10, 0.06781570056381901)	(12, 0.07619033907400369)	(14, 0.0861359252945752)	(16, 0.09823609691905036)	(18, 0.1078629944632904)	(20, 0.11928829594965189)	(22, 0.13477406610033066)	(24, 0.14943749449012272)	(26, 0.16982232193970076)	(28, 0.1924579662758394)	(30, 0.20677896055851452)	(32, 0.21850295456896707)	(34, 0.23049064783708995)	(36, 0.2395151612950878)	(38, 0.2478723031720621)	(40, 0.2570767820002236)	(42, 0.26532519479939076)	(44, 0.2744896813230714)	(46, 0.28474145862482414)	(48, 0.2935885062316884)	(50, 0.30157821881124525)	(52, 0.31015531836286403)	(54, 0.3240438958533404)	(56, 0.3363252826074943)	(58, 0.3457359717556349)	(60, 0.35411435954436465)	(62, 0.36330384125834586)	(64, 0.3739492928073316)	(66, 0.38623692835906054)	(68, 0.40079412719007546)	(70, 0.41868943368572303)	(72, 0.438876799131927)	(74, 0.45387141379320084)	(76, 0.47242034451520665)	(78, 0.4906543358394261)	(80, 0.5030681971021727)	(82, 0.5133737140630714)	(84, 0.5265836721368891)	(86, 0.542721816754411)	(88, 0.5548857261141524)	(90, 0.5576401960852683)
SRR29999103_2 - polya	(1, 0.015252065121369021)	(2, 0.019213802783999288)	(3, 0.020683519973669066)	(4, 0.023522973591806596)	(5, 0.02539761286434458)	(6, 0.027254755503672207)	(7, 0.029361850046004896)	(8, 0.03464333375650191)	(9, 0.04175446539699598)	(10, 0.04959170731571977)	(12, 0.0551506376385524)	(14, 0.06420639508442588)	(16, 0.0770701697725815)	(18, 0.08585597916320953)	(20, 0.0950992005363368)	(22, 0.10426743633856256)	(24, 0.11169475713635804)	(26, 0.12155161043136274)	(28, 0.13108602577149092)	(30, 0.13924695540460627)	(32, 0.14676800816602864)	(34, 0.1554413392003044)	(36, 0.1637884830011585)	(38, 0.17230559409605606)	(40, 0.185234356278993)	(42, 0.1963934589886541)	(44, 0.2100695773615762)	(46, 0.22826482614082985)	(48, 0.24546151706757827)	(50, 0.2615696674567396)	(52, 0.2796949297031519)	(54, 0.31285604867483374)	(56, 0.3382474127416032)	(58, 0.3589871718934484)	(60, 0.3777835549994292)	(62, 0.396185014098662)	(64, 0.4208940094702277)	(66, 0.4489298646707907)	(68, 0.47303147691805403)	(70, 0.5049190909439252)	(72, 0.5389962836401205)	(74, 0.563305355966878)	(76, 0.5988760112835287)	(78, 0.6364850243691857)	(80, 0.6586357620134946)	(82, 0.6813151479326591)	(84, 0.7317704390732613)	(86, 0.7934785648871516)	(88, 0.823757738417185)	(90, 0.8311050746060189)
SRR29999103_2 - polyg	(1, 0.3111326303036138)	(2, 0.31323972484594653)	(3, 0.3134271887732003)	(4, 0.31361715221948416)	(5, 0.31383211085606855)	(6, 0.3139845815169016)	(7, 0.31410955746840413)	(8, 0.3143545103333491)	(9, 0.3147244391497966)	(10, 0.31575674050920755)	(12, 0.3172452040916027)	(14, 0.31795881677468213)	(16, 0.3183124987174343)	(18, 0.31867117969824654)	(20, 0.31910734576899036)	(22, 0.31952851472555394)	(24, 0.31994468464405734)	(26, 0.3203596048030458)	(28, 0.3207407814551285)	(30, 0.3212244383874433)	(32, 0.3217793316121146)	(34, 0.3223704678627215)	(36, 0.32293036012545284)	(38, 0.3235214963760598)	(40, 0.3241313790193922)	(42, 0.32479375156235557)	(44, 0.3255835995758516)	(46, 0.326193482219184)	(48, 0.32681836197669667)	(50, 0.3276069602306776)	(52, 0.32847679285313525)	(54, 0.3292791384617815)	(56, 0.3301277251724837)	(58, 0.3310750428848729)	(60, 0.33199236636890145)	(62, 0.3330409146020077)	(64, 0.3341719469631056)	(66, 0.335375465376075)	(68, 0.33672270613327226)	(70, 0.3380811947261048)	(72, 0.3395359148015943)	(74, 0.34089815267297185)	(76, 0.34241286120518255)	(78, 0.3440362988152005)	(80, 0.3457847123767209)	(82, 0.34771184154888995)	(84, 0.3496552175947543)	(86, 0.35175356382048184)	(88, 0.3540931136326092)	(90, 0.356053986311684)
SRR29999104_1 - polya	(1, 0.0031320502555490575)	(2, 0.010747567909017987)	(3, 0.01461786963435582)	(4, 0.021065919847228547)	(5, 0.023579899104814908)	(6, 0.025966339902504205)	(7, 0.030184919729868635)	(8, 0.034862147480324436)	(9, 0.04376040772083499)	(10, 0.05499973449926378)	(12, 0.06183775807989868)	(14, 0.07083412482802236)	(16, 0.07985379187170416)	(18, 0.08732092343240824)	(20, 0.09602910231441836)	(22, 0.1076277441769802)	(24, 0.11954155319524924)	(26, 0.13627239173732275)	(28, 0.15440737966960916)	(30, 0.16551058366872473)	(32, 0.1749790879847366)	(34, 0.18502151537028522)	(36, 0.19234271350091478)	(38, 0.19871105217635185)	(40, 0.20575755208566465)	(42, 0.212703492824674)	(44, 0.21949736847688298)	(46, 0.2270895858347938)	(48, 0.23399996296479336)	(50, 0.2404516921717016)	(52, 0.24712906634612003)	(54, 0.25625665054817626)	(56, 0.26486672292257324)	(58, 0.2725975157224876)	(60, 0.2789952863502086)	(62, 0.2862809208718284)	(64, 0.2935923083516966)	(66, 0.30214351682152574)	(68, 0.31484463056339007)	(70, 0.3283857812766919)	(72, 0.3398066050942049)	(74, 0.34843507243877936)	(76, 0.35917282969703607)	(78, 0.3696346624026308)	(80, 0.3771361312409995)	(82, 0.3840599980157959)	(84, 0.39352727600046256)	(86, 0.4048132033700076)	(88, 0.4138610760346282)	(90, 0.41582443251823586)
SRR29999104_2 - polya	(1, 0.007770035402959604)	(2, 0.010875106368915052)	(3, 0.012103890376769458)	(4, 0.014639943598568773)	(5, 0.01642548203712767)	(6, 0.01801235479776999)	(7, 0.01979544057363856)	(8, 0.024556058855565516)	(9, 0.031148816167167602)	(10, 0.0383522864886614)	(12, 0.043242895893175745)	(14, 0.05100189431402888)	(16, 0.061683240330408)	(18, 0.06919084082550249)	(20, 0.07686031705815863)	(22, 0.08396077554665865)	(24, 0.08991829322146574)	(26, 0.09698564076364634)	(28, 0.10361150902156785)	(30, 0.10940715095881329)	(32, 0.1148483831373063)	(34, 0.1210622040632527)	(36, 0.1273091359355185)	(38, 0.13353154118088106)	(40, 0.1415456165215283)	(42, 0.14854306317703453)	(44, 0.15618310745740677)	(46, 0.16548973603585695)	(48, 0.17456458799007113)	(50, 0.1833328571079943)	(52, 0.19243468835180208)	(54, 0.2069703937860319)	(56, 0.2181888729315929)	(58, 0.2270135532913936)	(60, 0.23516743040538957)	(62, 0.24309934154591084)	(64, 0.25275915355176826)	(66, 0.2632737185052051)	(68, 0.2727900497436784)	(70, 0.28424030551347534)	(72, 0.2962191100930381)	(74, 0.305366315596617)	(76, 0.3177915047858194)	(78, 0.3302804632049704)	(80, 0.33872865984180567)	(82, 0.3476256937509711)	(84, 0.3640401388059923)	(86, 0.38390915926034075)	(88, 0.3950356635550144)	(90, 0.39780962505777556)
SRR29999104_2 - polyg	(1, 0.14344888276922296)	(2, 0.1456930691308732)	(3, 0.1458573975311252)	(4, 0.1459775780029513)	(5, 0.1461345484151323)	(6, 0.14628170817655198)	(7, 0.1463798146841651)	(8, 0.14657357503670104)	(9, 0.1468139359803532)	(10, 0.14732776881397694)	(12, 0.14801206170457848)	(14, 0.148404487735031)	(16, 0.14862522737716055)	(18, 0.14883615636852876)	(20, 0.14902746405837436)	(22, 0.14925556168857487)	(24, 0.1494591326918721)	(26, 0.14973873623856954)	(28, 0.15002324511064757)	(30, 0.1503126593081063)	(32, 0.15054198326965199)	(34, 0.15087799805822694)	(36, 0.15123608681101486)	(38, 0.15152304834578326)	(40, 0.1519277376896874)	(42, 0.15240232792026592)	(44, 0.15286465483739275)	(46, 0.15330122879627117)	(48, 0.15368384417596237)	(50, 0.1540750438750697)	(52, 0.15475688410298094)	(54, 0.15534307048596935)	(56, 0.1559145408928158)	(58, 0.1564958219504236)	(60, 0.15707955567072168)	(62, 0.15765470507160365)	(64, 0.15832060299202774)	(66, 0.1589411266526808)	(68, 0.15968550977919538)	(70, 0.16034895503692914)	(72, 0.1611828603516407)	(74, 0.16190762217663268)	(76, 0.16271577453309582)	(78, 0.16366740765694313)	(80, 0.16464969906441956)	(82, 0.16556576857925714)	(84, 0.16648306442543986)	(86, 0.16739668127758708)	(88, 0.1684096309686926)	(90, 0.16927296823568813)
SRR29999105_1 - polya	(1, 0.0024993910500416988)	(2, 0.007309495913355872)	(3, 0.009960294622533368)	(4, 0.013878258971247382)	(5, 0.015860534631625282)	(6, 0.017686743935663204)	(7, 0.020519231835803658)	(8, 0.024364986377852907)	(9, 0.03056105365941015)	(10, 0.03862409384554187)	(12, 0.042856520255537926)	(14, 0.048491214523991674)	(16, 0.0553243586482203)	(18, 0.06090314855022391)	(20, 0.06759420240972511)	(22, 0.07633974173626897)	(24, 0.08460892927368557)	(26, 0.09586900041618471)	(28, 0.10742955752835336)	(30, 0.1153807889815848)	(32, 0.1220171031489369)	(34, 0.13056464784430316)	(36, 0.13659999007231627)	(38, 0.14127033401950506)	(40, 0.1464473112876483)	(42, 0.15131448519171364)	(44, 0.15624105748513228)	(46, 0.16211916868250437)	(48, 0.16738000250032278)	(50, 0.17179877679848599)	(52, 0.17660189361599388)	(54, 0.1843539657637467)	(56, 0.19136879907893828)	(58, 0.19691963679771682)	(60, 0.20165054380855996)	(62, 0.2069614586213233)	(64, 0.2127137849941826)	(66, 0.21923013770852706)	(68, 0.22700433866799974)	(70, 0.23691688164419028)	(72, 0.24749328897197623)	(74, 0.2552104208906977)	(76, 0.26519983237075717)	(78, 0.2738789852621415)	(80, 0.27974428504220206)	(82, 0.2850365650661487)	(84, 0.29181380482392727)	(86, 0.3001109445445689)	(88, 0.30676938752364086)	(90, 0.30839177882499597)
SRR29999105_2 - polya	(1, 0.006286911877038719)	(2, 0.008728069212028188)	(3, 0.009778605431570412)	(4, 0.0116770245422731)	(5, 0.013384437067604475)	(6, 0.015166388748202704)	(7, 0.016566327258058306)	(8, 0.01994155338248554)	(9, 0.024097111288612652)	(10, 0.029331157597507054)	(12, 0.03330968500987539)	(14, 0.03941024899874697)	(16, 0.04723103693026142)	(18, 0.0526758892876449)	(20, 0.05924348767123536)	(22, 0.06513673963452102)	(24, 0.06985134120514952)	(26, 0.07641893958873999)	(28, 0.08248922204578442)	(30, 0.08813905708015174)	(32, 0.09378656276591699)	(34, 0.09973804844425485)	(36, 0.10524346386529265)	(38, 0.11065803469084898)	(40, 0.1190786298874014)	(42, 0.12732452393879712)	(44, 0.13533398910708078)	(46, 0.14489596511865688)	(48, 0.15426460519625962)	(50, 0.16282496130893737)	(52, 0.17223320031277561)	(54, 0.18810072299020716)	(56, 0.20070366360181072)	(58, 0.21080604848907153)	(60, 0.2197064894976543)	(62, 0.22839728913204907)	(64, 0.24015234685249215)	(66, 0.25295677611817646)	(68, 0.26424712879250273)	(70, 0.2782255497536399)	(72, 0.2935701336699025)	(74, 0.30492803745368935)	(76, 0.3199406891941542)	(78, 0.33545065686116504)	(80, 0.34532593025972214)	(82, 0.35560534564074175)	(84, 0.3765403662020183)	(86, 0.4018731969240393)	(88, 0.4154381585083057)	(90, 0.4185746264010187)
SRR29999105_2 - polyg	(1, 0.20754728979474876)	(2, 0.20925004362287594)	(3, 0.209408439327818)	(4, 0.20950627196910576)	(5, 0.20960643395899559)	(6, 0.20972756008630422)	(7, 0.20982073403038778)	(8, 0.21002571670737163)	(9, 0.21030057984241818)	(10, 0.2109539621253042)	(12, 0.21201148639065268)	(14, 0.21252860178031646)	(16, 0.21280695893826612)	(18, 0.213091139467721)	(20, 0.21337182597427276)	(22, 0.2136781353154475)	(24, 0.21395416312479507)	(26, 0.2142814366033886)	(28, 0.21460638073338004)	(30, 0.21493831290917775)	(32, 0.21532964347432873)	(34, 0.21576989036012356)	(36, 0.21619732582860696)	(38, 0.21663990206300388)	(40, 0.2172571794425575)	(42, 0.21779875299254325)	(44, 0.21845097060112822)	(46, 0.2189692506650931)	(48, 0.21941066222518898)	(50, 0.21980199279033996)	(52, 0.22060911208096387)	(54, 0.22133121014761153)	(56, 0.22185880760598473)	(58, 0.2224690969397321)	(60, 0.22314693738294006)	(62, 0.22377819085410622)	(64, 0.2246528612541907)	(66, 0.22551937893416787)	(68, 0.22634163899070536)	(70, 0.2272594023399285)	(72, 0.22819463580366733)	(74, 0.22917762091374894)	(76, 0.230275908779634)	(78, 0.23163042499174885)	(80, 0.23278461722408406)	(82, 0.2339376447821182)	(84, 0.23508601364294818)	(86, 0.23626815805850843)	(88, 0.23763665036223586)	(90, 0.23874658497113133)
SRR29999106_1 - polya	(1, 0.004829368215580791)	(2, 0.013490135513927649)	(3, 0.018434846895612655)	(4, 0.026473764081049837)	(5, 0.02993155160404356)	(6, 0.03344450324995669)	(7, 0.039031124425612976)	(8, 0.04605702771743923)	(9, 0.058000060329490795)	(10, 0.07304356739562629)	(12, 0.08171060334430488)	(14, 0.09271333840659383)	(16, 0.1057784594280288)	(18, 0.11621576223039382)	(20, 0.12866404805918447)	(22, 0.14551418015093054)	(24, 0.16254484937223102)	(26, 0.18534267689874223)	(28, 0.2100411592058402)	(30, 0.2264437096638993)	(32, 0.23958781567951432)	(34, 0.25425018880547934)	(36, 0.2643351934592)	(38, 0.27297088615621984)	(40, 0.28270860758156147)	(42, 0.2916288970036428)	(44, 0.30125629018314565)	(46, 0.31245084594558614)	(48, 0.32216725395979984)	(50, 0.33061488714686715)	(52, 0.3395126094277542)	(54, 0.3531243567581178)	(56, 0.36531186673310767)	(58, 0.37502702101725505)	(60, 0.38412283264862535)	(62, 0.39393201668774896)	(64, 0.40499367706315637)	(66, 0.4176739029542218)	(68, 0.4308844566633534)	(70, 0.4482837225241608)	(72, 0.46814656796534626)	(74, 0.4832565227249983)	(76, 0.501143489581616)	(78, 0.5178118308137413)	(80, 0.5296106844681625)	(82, 0.5401683453568972)	(84, 0.5529689293343323)	(86, 0.568106466155444)	(88, 0.5800444838472302)	(90, 0.5829167794292384)
SRR29999106_2 - polya	(1, 0.012717837793055955)	(2, 0.016631983060201135)	(3, 0.018221712784333127)	(4, 0.02134600810967771)	(5, 0.023790781739060508)	(6, 0.026305764252158918)	(7, 0.028685343918091508)	(8, 0.034560323009008326)	(9, 0.04243625528581999)	(10, 0.05169505182581587)	(12, 0.05795116485690314)	(14, 0.06814900521659528)	(16, 0.08281513953275937)	(18, 0.09271083094646113)	(20, 0.10258019402876954)	(22, 0.11236806465676519)	(24, 0.12043957882392747)	(26, 0.13136834381230178)	(28, 0.14175675114207914)	(30, 0.1504501154221511)	(32, 0.15877989798298153)	(34, 0.16800609754125229)	(36, 0.17658411865522006)	(38, 0.18528625904575646)	(40, 0.1984190814907743)	(42, 0.210469934888532)	(44, 0.22340341425300017)	(46, 0.23915653253668984)	(48, 0.2545122183893465)	(50, 0.26870444274043026)	(52, 0.2840413226420917)	(54, 0.3106893552023642)	(56, 0.3312868864624309)	(58, 0.3475828698648502)	(60, 0.3629899586502272)	(62, 0.3780134060353011)	(64, 0.39730580429629725)	(66, 0.4192937221999462)	(68, 0.43860743387207035)	(70, 0.4619744548487045)	(72, 0.4872120410843331)	(74, 0.505293336101235)	(76, 0.5308593996142473)	(78, 0.5572165667991266)	(80, 0.5733207295013942)	(82, 0.5906046521960975)	(84, 0.6243864088339024)	(86, 0.6659889336255995)	(88, 0.6879430008174571)	(90, 0.6930394135371705)
SRR29999106_2 - polyg	(1, 0.23152131643261742)	(2, 0.23347462787599096)	(3, 0.23362758294408567)	(4, 0.233775523091915)	(5, 0.2339109259390808)	(6, 0.23404382132611393)	(7, 0.23422185099553564)	(8, 0.23440991050548818)	(9, 0.2347158206416776)	(10, 0.23540286471803748)	(12, 0.23642465472211285)	(14, 0.23697378849117423)	(16, 0.23735617616141103)	(18, 0.23769217581919286)	(20, 0.238025668016842)	(22, 0.23837169751515463)	(24, 0.23875032399519241)	(26, 0.23914650269615906)	(28, 0.23953139782652855)	(30, 0.23993008398762788)	(32, 0.24034256117945707)	(34, 0.24079766519354218)	(36, 0.24119384389450885)	(38, 0.24166524639945652)	(40, 0.24217676826652737)	(42, 0.24273342441598683)	(44, 0.2433051253262425)	(46, 0.2438179009233797)	(48, 0.244259213906735)	(50, 0.24474566117247884)	(52, 0.245405123187379)	(54, 0.24606082401208013)	(56, 0.2466525846033974)	(58, 0.24733336002942555)	(60, 0.24800285188485655)	(62, 0.24869114969128275)	(64, 0.24953365629587004)	(66, 0.2503523420291967)	(68, 0.2512475052965707)	(70, 0.25218278792606796)	(72, 0.25313562277649404)	(74, 0.254098487467451)	(76, 0.25518547143497655)	(78, 0.2563489329365495)	(80, 0.25756505110090916)	(82, 0.2587485722835437)	(84, 0.2600374067917517)	(86, 0.2613864203431444)	(88, 0.26286707555150396)	(90, 0.26394026848829966)
SRR29999107_1 - polya	(1, 0.004151600870510313)	(2, 0.010692849987441683)	(3, 0.014403962701929682)	(4, 0.02053996271532052)	(5, 0.02318509409223452)	(6, 0.02593153774503365)	(7, 0.030175641128308648)	(8, 0.03567954063780747)	(9, 0.04490116018413462)	(10, 0.05673267205489399)	(12, 0.06364833610444431)	(14, 0.07253848831336468)	(16, 0.08280186234868461)	(18, 0.09078350773580895)	(20, 0.10016700667947431)	(22, 0.11305458890429718)	(24, 0.12581112590270338)	(26, 0.14342404482125565)	(28, 0.1619113327295122)	(30, 0.17434300971285194)	(32, 0.18431896522636732)	(34, 0.19479267235618788)	(36, 0.20255407366530104)	(38, 0.20977477576289685)	(40, 0.21751305144381886)	(42, 0.22464125102864996)	(44, 0.2326008720079732)	(46, 0.24143596319739075)	(48, 0.24927555115419792)	(50, 0.25597867966846743)	(52, 0.2629053559219184)	(54, 0.27355415709375785)	(56, 0.2838758958097507)	(58, 0.2921207328700984)	(60, 0.2992577422180499)	(62, 0.3072206668585433)	(64, 0.3159037896341332)	(66, 0.3259006683350596)	(68, 0.33744806534518457)	(70, 0.35170997061679704)	(72, 0.36753671006267885)	(74, 0.3793913475616294)	(76, 0.3937534638887369)	(78, 0.40704189033554006)	(80, 0.4164617295520773)	(82, 0.42463498728707133)	(84, 0.43507786024597034)	(86, 0.44787954728036883)	(88, 0.45788743818519584)	(90, 0.46011630825466876)
SRR29999107_2 - polya	(1, 0.010587132829996328)	(2, 0.013584654731728176)	(3, 0.015047075409722261)	(4, 0.017465355386284766)	(5, 0.019284571470656927)	(6, 0.021079560706447856)	(7, 0.022914193876280797)	(8, 0.027354314488985725)	(9, 0.033446265686774335)	(10, 0.04048636764040098)	(12, 0.04535816664600777)	(14, 0.05343451698667691)	(16, 0.06476277113918077)	(18, 0.07272789822045428)	(20, 0.08080975466307369)	(22, 0.08868788533353278)	(24, 0.0953877101866322)	(26, 0.10417434767888731)	(28, 0.11239385667026369)	(30, 0.11946589401520195)	(32, 0.1260302687603245)	(34, 0.133699167556673)	(36, 0.14091986965426878)	(38, 0.148208847416048)	(40, 0.1590217304260058)	(42, 0.16880166871009122)	(44, 0.17975991281153636)	(46, 0.1941847987008771)	(48, 0.20831565874607294)	(50, 0.2216547413308187)	(52, 0.23575036232353275)	(54, 0.261003548308292)	(56, 0.28098078740429405)	(58, 0.29687360007357916)	(60, 0.3119790401639744)	(62, 0.32648431514178916)	(64, 0.34564224626758966)	(66, 0.3671347646203085)	(68, 0.38582908196189547)	(70, 0.40972005832415576)	(72, 0.4362539636225499)	(74, 0.4549240541155557)	(76, 0.48180154017564725)	(78, 0.5100500456213584)	(80, 0.5270330664767986)	(82, 0.5443409473473054)	(84, 0.5802836796583362)	(86, 0.6248335505380431)	(88, 0.6471596927260341)	(90, 0.6526008226732997)
SRR29999107_2 - polyg	(1, 0.23332877868580007)	(2, 0.2366456545006481)	(3, 0.23700244990702615)	(4, 0.2372579330375191)	(5, 0.23751561860879217)	(6, 0.23774247000914364)	(7, 0.2379428921201338)	(8, 0.23823141186232843)	(9, 0.23860362435416727)	(10, 0.23949561287011245)	(12, 0.24071246140112412)	(14, 0.24139191438178853)	(16, 0.24185883182717216)	(18, 0.24225416994720222)	(20, 0.2426550141691825)	(22, 0.2431087169698855)	(24, 0.24357893807643932)	(26, 0.24407118359079427)	(28, 0.24453259493422763)	(30, 0.2451063307574467)	(32, 0.24571750807392767)	(34, 0.2462868390155865)	(36, 0.24691563585830834)	(38, 0.2475642546680512)	(40, 0.24823489788559516)	(42, 0.24906742050047737)	(44, 0.2500651261738679)	(46, 0.2508602072954882)	(48, 0.2517301714036323)	(50, 0.25264748798854875)	(52, 0.2535637033530751)	(54, 0.2545107528885231)	(56, 0.255534887851275)	(58, 0.25654250450817606)	(60, 0.25750827479025495)	(62, 0.2586028878579704)	(64, 0.25970300702763616)	(66, 0.2609859287820511)	(68, 0.26232831643752913)	(70, 0.2638953530525785)	(72, 0.26550313482206)	(74, 0.2670569567924287)	(76, 0.2687330142260936)	(78, 0.2704377033898999)	(80, 0.2723307012404058)	(82, 0.27442852608346213)	(84, 0.2766684083568356)	(86, 0.27890608818942897)	(88, 0.2814003523729053)	(90, 0.28335942344681453)
SRR29999108_1 - polya	(1, 0.006293535843638482)	(2, 0.016883528645585386)	(3, 0.02281287727890742)	(4, 0.032643551648887346)	(5, 0.03708520742960952)	(6, 0.04166254079848879)	(7, 0.04848926576049906)	(8, 0.05742494411035491)	(9, 0.0723780425104067)	(10, 0.09179659977682228)	(12, 0.10294834539991088)	(14, 0.11704215240830099)	(16, 0.13406849956773598)	(18, 0.14709949880222872)	(20, 0.16257745524067774)	(22, 0.1837622014616999)	(24, 0.205200450544805)	(26, 0.2346579591805645)	(28, 0.26754787276584235)	(30, 0.28874928114681364)	(32, 0.3054340540272917)	(34, 0.32336253813254323)	(36, 0.33601506830533456)	(38, 0.34786186402915786)	(40, 0.3608464472466495)	(42, 0.372667059576267)	(44, 0.38512440444679724)	(46, 0.4001370105609531)	(48, 0.41263720098563816)	(50, 0.423717537351802)	(52, 0.43522632925951454)	(54, 0.4531441019762274)	(56, 0.46946944826351733)	(58, 0.4818768066542002)	(60, 0.493149948014061)	(62, 0.5054382909765358)	(64, 0.5194940130478994)	(66, 0.535561095855978)	(68, 0.5521887413309162)	(70, 0.5729605040160566)	(72, 0.5977228540090109)	(74, 0.616598700922798)	(76, 0.6395210723956568)	(78, 0.6611354643125098)	(80, 0.6763908619002099)	(82, 0.689488509774499)	(84, 0.7056888898621706)	(86, 0.7253216748993605)	(88, 0.7401724200311535)	(90, 0.7438035807457792)
SRR29999108_2 - polya	(1, 0.017031107776563293)	(2, 0.02192978280160414)	(3, 0.0237197748418523)	(4, 0.027609199035689393)	(5, 0.030275144627548357)	(6, 0.033041063179102034)	(7, 0.03610452030117568)	(8, 0.04336922203899136)	(9, 0.05345458942533639)	(10, 0.06471463908809427)	(12, 0.07240184559604831)	(14, 0.0851055524029691)	(16, 0.10333514554158685)	(18, 0.11542235243039026)	(20, 0.1279380148607424)	(22, 0.1398859736985425)	(24, 0.14987255827947488)	(26, 0.1635402900548804)	(28, 0.17652844373521828)	(30, 0.1873183824565546)	(32, 0.19723593808912637)	(34, 0.20891611221345846)	(36, 0.21977507988315542)	(38, 0.23068165372413557)	(40, 0.24664757341823734)	(42, 0.26020700115397355)	(44, 0.27660732716103453)	(46, 0.29821100768934883)	(48, 0.31908155317990183)	(50, 0.338644119114449)	(52, 0.36009307958609293)	(54, 0.3981304104413663)	(56, 0.42734036698645317)	(58, 0.4507637934120676)	(60, 0.47291137444729237)	(62, 0.49400804925144054)	(64, 0.5219838158060106)	(66, 0.554063234325192)	(68, 0.5806893659238834)	(70, 0.6149681895563486)	(72, 0.6524366266647879)	(74, 0.6795876163018765)	(76, 0.717954619893286)	(78, 0.7589233007453222)	(80, 0.7834654721960918)	(82, 0.8085027478282065)	(84, 0.8597900663058754)	(86, 0.924107193863755)	(88, 0.9563948893823004)	(90, 0.9642772811925155)
SRR29999108_2 - polyg	(1, 0.2517295322027185)	(2, 0.25424789866359954)	(3, 0.2545430569255554)	(4, 0.25473348161068815)	(5, 0.25486439858171694)	(6, 0.2549738927756683)	(7, 0.255147655300852)	(8, 0.25556896991670824)	(9, 0.2559688617554871)	(10, 0.25655917827939867)	(12, 0.2574886887737031)	(14, 0.25807781514333267)	(16, 0.2584181992680075)	(18, 0.25877167508978527)	(20, 0.25911562967730634)	(22, 0.25945720395626326)	(24, 0.2598213911665797)	(26, 0.26020581099969153)	(28, 0.2606271256155478)	(30, 0.26107462362560985)	(32, 0.26161138320682786)	(34, 0.26203150766840205)	(36, 0.2625492247811068)	(38, 0.2630550403509908)	(40, 0.2635168202124378)	(42, 0.264041678250835)	(44, 0.26459152952915593)	(46, 0.265218740835812)	(48, 0.26589712877659755)	(50, 0.26657670687166524)	(52, 0.26733245484078594)	(54, 0.26808463234706037)	(56, 0.2688629932475407)	(58, 0.2697139535592278)	(60, 0.27057324495088947)	(62, 0.27144324773108985)	(64, 0.2723168209741365)	(66, 0.2732534723941334)	(68, 0.27423892013969553)	(70, 0.27528863621649)	(72, 0.2764038107787989)	(74, 0.27750589364400485)	(76, 0.27863415990341656)	(78, 0.2799219068366271)	(80, 0.28136556398078993)	(82, 0.2829508494845204)	(84, 0.2846242064051247)	(86, 0.28625352761729206)	(88, 0.28804828027466856)	(90, 0.2894383804761379)
SRR29999109_1 - polya	(1, 0.004304250124292608)	(2, 0.010617453316100879)	(3, 0.014524003455308373)	(4, 0.02060767694143895)	(5, 0.023587017972562293)	(6, 0.02644136757980174)	(7, 0.03088878969872499)	(8, 0.03655885520036705)	(9, 0.046099109699723105)	(10, 0.05839712952422651)	(12, 0.06545459983097979)	(14, 0.07423127035897242)	(16, 0.08430330655267085)	(18, 0.0927095479516985)	(20, 0.10252932872628581)	(22, 0.115970451936491)	(24, 0.1286627628890645)	(26, 0.14605929652235908)	(28, 0.16561590921750163)	(30, 0.178499116162916)	(32, 0.18915520319185372)	(34, 0.20113392674261737)	(36, 0.20917087529835168)	(38, 0.21645673902511098)	(40, 0.22444709986830677)	(42, 0.23163637931297396)	(44, 0.23899837417973524)	(46, 0.24810570383818437)	(48, 0.2556313238416664)	(50, 0.2625035795839372)	(52, 0.2695030993214352)	(54, 0.28055234119277134)	(56, 0.29058801624497627)	(58, 0.29855678766041027)	(60, 0.3059801419534419)	(62, 0.3138489202297688)	(64, 0.3227074033261218)	(66, 0.3331100986502767)	(68, 0.3441286608084777)	(70, 0.35795612114705133)	(72, 0.37467201966301444)	(74, 0.3870620786269233)	(76, 0.40233943948255)	(78, 0.4165975520906873)	(80, 0.42676276370946276)	(82, 0.4349906082580379)	(84, 0.4454228470096563)	(86, 0.45841627366522286)	(88, 0.46893259755654493)	(90, 0.47154491831571826)
SRR29999109_2 - polya	(1, 0.012426420105402314)	(2, 0.015776190265490646)	(3, 0.01726699706672399)	(4, 0.01960320040768112)	(5, 0.021350807770712278)	(6, 0.023373396266288003)	(7, 0.02545052647410397)	(8, 0.030375188575129355)	(9, 0.03655431005768036)	(10, 0.04419696748534459)	(12, 0.049420472718019644)	(14, 0.057582412697637864)	(16, 0.06863960856867571)	(18, 0.07629021999604163)	(20, 0.08435671197923941)	(22, 0.09238911539228706)	(24, 0.09913865228201729)	(26, 0.108153942801061)	(28, 0.11691697790099356)	(30, 0.12444487047581894)	(32, 0.13147393364078042)	(34, 0.13909613792635456)	(36, 0.14662403050117995)	(38, 0.1538837596574908)	(40, 0.1642103238416437)	(42, 0.17389147776428704)	(44, 0.18483504506815773)	(46, 0.19881590397240698)	(48, 0.21269904230889247)	(50, 0.22554134297012668)	(52, 0.23971877929557514)	(54, 0.26376826553650784)	(56, 0.28352600079553636)	(58, 0.30020553817000606)	(60, 0.31551585131011123)	(62, 0.33050118674811835)	(64, 0.3502600582928185)	(66, 0.37252898488624153)	(68, 0.39148904760375647)	(70, 0.41557489498618266)	(72, 0.4416378794373177)	(74, 0.4606922538655814)	(76, 0.48775744227913087)	(78, 0.51733041317006)	(80, 0.5357586941932325)	(82, 0.5535801986677322)	(84, 0.5905617521379612)	(86, 0.6375039858060648)	(88, 0.6608444297878744)	(90, 0.6662792841554803)
SRR29999109_2 - polyg	(1, 0.3938775200856105)	(2, 0.39653870112866574)	(3, 0.3968091371185236)	(4, 0.3970182136821112)	(5, 0.39718183881883196)	(6, 0.3973931879537629)	(7, 0.39765680622959076)	(8, 0.39810677535557276)	(9, 0.39871355190424546)	(10, 0.39965212386904636)	(12, 0.40095203467743884)	(14, 0.40174402579059404)	(16, 0.40219854005926275)	(18, 0.40266555347031985)	(20, 0.4031973351646622)	(22, 0.4037575240007964)	(24, 0.40428589683812377)	(26, 0.404856312245303)	(28, 0.4053346885130768)	(30, 0.4059698722035413)	(32, 0.4066652790346044)	(34, 0.4073493230089508)	(36, 0.4080390484116556)	(38, 0.4087310463857037)	(40, 0.40944349750184184)	(42, 0.410221853186937)	(44, 0.41112406401024437)	(46, 0.4120194571195217)	(48, 0.4128387190887971)	(50, 0.4138454681938982)	(52, 0.41487039786974617)	(54, 0.41581351497723373)	(56, 0.41671345322919773)	(58, 0.4177861069032559)	(60, 0.41880535515074546)	(62, 0.4199336868227155)	(64, 0.4210654273517006)	(66, 0.4222460281645675)	(68, 0.42352434954519824)	(70, 0.4248947100652344)	(72, 0.4264650568634848)	(74, 0.4280490390897952)	(76, 0.4296296124590906)	(78, 0.43151584667406573)	(80, 0.43346912174366947)	(82, 0.43563374594820414)	(84, 0.43778814358169377)	(86, 0.44007889549578405)	(88, 0.44251736454719165)	(90, 0.44450131932993053)
SRR29999110_1 - polya	(1, 0.0028966884321244553)	(2, 0.008642615641868988)	(3, 0.01206350978089896)	(4, 0.017626416894698033)	(5, 0.020518586312107786)	(6, 0.023207400067355916)	(7, 0.027297108384161894)	(8, 0.03260017215186556)	(9, 0.041346725132172704)	(10, 0.052562919654064906)	(12, 0.059219428328822044)	(14, 0.06721130585177383)	(16, 0.07690459241481121)	(18, 0.08453155949955075)	(20, 0.09347920863466216)	(22, 0.10551673408095161)	(24, 0.11738253696808232)	(26, 0.13338662758020206)	(28, 0.15114974467001985)	(30, 0.16310479809776596)	(32, 0.17269866633707986)	(34, 0.18315905564793802)	(36, 0.19092498243515466)	(38, 0.19811699435360408)	(40, 0.2055326975004313)	(42, 0.21215983257954285)	(44, 0.21885136361833893)	(46, 0.2269132858693686)	(48, 0.2340883514826379)	(50, 0.24019241060852262)	(52, 0.24667380746308504)	(54, 0.25665744072154206)	(56, 0.2659440159602562)	(58, 0.2730750211800571)	(60, 0.27961968424062533)	(62, 0.2864422667061478)	(64, 0.29433698541273345)	(66, 0.30368230784273875)	(68, 0.31352472189136127)	(70, 0.32572606162105866)	(72, 0.3400343919614862)	(74, 0.3508709892473434)	(76, 0.3639512773390505)	(78, 0.3764497422862396)	(80, 0.3854719551641436)	(82, 0.39286619299107595)	(84, 0.40179237680629254)	(86, 0.41266512620986734)	(88, 0.4214207172196039)	(90, 0.4235988823120906)
SRR29999110_2 - polya	(1, 0.008391810325202986)	(2, 0.011442145257627333)	(3, 0.012664538737954424)	(4, 0.015073173580890985)	(5, 0.016812994246051538)	(6, 0.018740354021872258)	(7, 0.02065867576826357)	(8, 0.025455609887920526)	(9, 0.03166247659856474)	(10, 0.038531378964912905)	(12, 0.04334638914342867)	(14, 0.05122077228379819)	(16, 0.062214405330991276)	(18, 0.06985266995251758)	(20, 0.0777835407768209)	(22, 0.08538791278798692)	(24, 0.09151230748008782)	(26, 0.09978097465431515)	(28, 0.10803721453807705)	(30, 0.11511399158130153)	(32, 0.12159086942114924)	(34, 0.12871735562623546)	(36, 0.13549248843725353)	(38, 0.14238285612349655)	(40, 0.15273365932752314)	(42, 0.16208689003327914)	(44, 0.17242413619316166)	(46, 0.1855021647775114)	(48, 0.1984186385858105)	(50, 0.2104301796974904)	(52, 0.22324723518206602)	(54, 0.24501871832382516)	(56, 0.2624203142364667)	(58, 0.2766326155142068)	(60, 0.2898981832092167)	(62, 0.30266101051721594)	(64, 0.31919043658991986)	(66, 0.33801213287665677)	(68, 0.35400153669095374)	(70, 0.373873903898859)	(72, 0.395670241621549)	(74, 0.4114777550935792)	(76, 0.4336559495596616)	(78, 0.45674359573707785)	(80, 0.4711163220371899)	(82, 0.4856336568081725)	(84, 0.5142028678345232)	(86, 0.5507198959903574)	(88, 0.5697856190716881)	(90, 0.5743938843270063)
SRR29999110_2 - polyg	(1, 0.28200233474895237)	(2, 0.28429799422402136)	(3, 0.2844539002316786)	(4, 0.2845826921510476)	(5, 0.2846821104747711)	(6, 0.28479960485735334)	(7, 0.2849871439680135)	(8, 0.2853305890863309)	(9, 0.285762154991585)	(10, 0.28642983941568234)	(12, 0.2873381613733376)	(14, 0.28792224402521294)	(16, 0.28825552136042226)	(18, 0.2886102640155264)	(20, 0.2889796934684534)	(22, 0.28935590144345236)	(24, 0.2897400176942021)	(26, 0.2901885299046364)	(28, 0.29057038664802876)	(30, 0.2909816169870667)	(32, 0.2914143126459995)	(34, 0.2919645026875145)	(36, 0.2924593347987745)	(38, 0.29298692976671603)	(40, 0.2936162025657384)	(42, 0.2942048042323284)	(44, 0.29484989358285224)	(46, 0.2954927234260187)	(48, 0.2960914928757168)	(50, 0.2966846135570216)	(52, 0.2974652733489864)	(54, 0.29820865126955504)	(56, 0.29882888603914803)	(58, 0.2995349820883203)	(60, 0.30023994838381396)	(62, 0.3009663799992024)	(64, 0.30188035072525105)	(66, 0.3028248248006239)	(68, 0.3037534823244953)	(70, 0.30473297876390715)	(72, 0.30578590919243287)	(74, 0.3068151147937064)	(76, 0.30795390650181154)	(78, 0.3092632910153966)	(80, 0.31060995740037806)	(82, 0.31197808910525426)	(84, 0.31334057204173715)	(86, 0.3147007954708627)	(88, 0.3162677638231859)	(90, 0.31752404991387323)
SRR29999111_1 - polya	(1, 0.005293501952816791)	(2, 0.011776179744621534)	(3, 0.015484970050234075)	(4, 0.021528448990058388)	(5, 0.024145663201567514)	(6, 0.026726919612329703)	(7, 0.030548720148861185)	(8, 0.03593211660354532)	(9, 0.044752051443900896)	(10, 0.05652437856701383)	(12, 0.0632998555934722)	(14, 0.07136981344682027)	(16, 0.08143928186313187)	(18, 0.08963637622626375)	(20, 0.09928976151964652)	(22, 0.1126236845609121)	(24, 0.1254965772283152)	(26, 0.14310177331544893)	(28, 0.1624586279818263)	(30, 0.17490387966177476)	(32, 0.18508892672334437)	(34, 0.19564767807124822)	(36, 0.20329898438732838)	(38, 0.21023498730997844)	(40, 0.2174830525748251)	(42, 0.22388097269344065)	(44, 0.23090430170361897)	(46, 0.23891261761282942)	(48, 0.24583449425661458)	(50, 0.2521168357299721)	(52, 0.2590926490748777)	(54, 0.2700661993385408)	(56, 0.2800753100178844)	(58, 0.28800272087541423)	(60, 0.2952623440047867)	(62, 0.30308958670309294)	(64, 0.3122331417501709)	(66, 0.3227238301180895)	(68, 0.33376287494739887)	(70, 0.3483835735725369)	(72, 0.36586805418573454)	(74, 0.3780937064396928)	(76, 0.39337705596431016)	(78, 0.40796179678870126)	(80, 0.4180890545276419)	(82, 0.4266508637269213)	(84, 0.43732390951291356)	(86, 0.4507567165062332)	(88, 0.4612063102447267)	(90, 0.46368868270343483)
SRR29999111_2 - polya	(1, 0.012472220030508652)	(2, 0.015544043580032613)	(3, 0.016841092821261373)	(4, 0.019376117773920364)	(5, 0.021194555125979696)	(6, 0.023280107569301982)	(7, 0.025435007199779074)	(8, 0.03036379431644837)	(9, 0.03679510382147178)	(10, 0.044405315508126875)	(12, 0.04975146995489453)	(14, 0.05864460460391352)	(16, 0.07059286810925254)	(18, 0.07900314086252697)	(20, 0.08789242289003735)	(22, 0.09626288522105622)	(24, 0.1030460674905318)	(26, 0.11232703270474989)	(28, 0.12138968270014729)	(30, 0.12912831510375572)	(32, 0.13655616937233706)	(34, 0.1449009475599653)	(36, 0.15271791660091527)	(38, 0.16041545437509863)	(40, 0.17169079332360213)	(42, 0.18236383910959444)	(44, 0.19427871322852558)	(46, 0.20905865354268582)	(48, 0.22385143592854137)	(50, 0.23750769496935986)	(52, 0.25238009819972645)	(54, 0.2780398416541739)	(56, 0.29914450227828626)	(58, 0.31664054075600967)	(60, 0.33251976240729053)	(62, 0.3482551528555836)	(64, 0.3691440666752144)	(66, 0.39262194214862445)	(68, 0.4131230254030561)	(70, 0.4389343053035085)	(72, 0.4666012645639367)	(74, 0.48634338138117406)	(76, 0.5144688026011257)	(78, 0.54410059883094)	(80, 0.562024278296118)	(82, 0.5802240623027458)	(84, 0.618187794648493)	(86, 0.6662004480958392)	(88, 0.6905104898151071)	(90, 0.6962586011059386)
SRR29999111_2 - polyg	(1, 0.30036835171085163)	(2, 0.302497567197938)	(3, 0.302764682289201)	(4, 0.3029470397072747)	(5, 0.3030523446951765)	(6, 0.3032372705275893)	(7, 0.30355832231997265)	(8, 0.30403861580137814)	(9, 0.30464219317105884)	(10, 0.3054769278312556)	(12, 0.3066802299491084)	(14, 0.30745075425082846)	(16, 0.30802736326994895)	(18, 0.3085153619943717)	(20, 0.3090919710134922)	(22, 0.3097841586778707)	(24, 0.3103556308683131)	(26, 0.3109630608595024)	(28, 0.31146390165562043)	(30, 0.3120893105471832)	(32, 0.3126505090802693)	(34, 0.3132528022427805)	(36, 0.313829411261901)	(38, 0.31444069387459894)	(40, 0.3151354499533165)	(42, 0.31589826901201934)	(44, 0.3167599720227763)	(46, 0.31753434894600496)	(48, 0.3182624944111304)	(50, 0.3190612712705802)	(52, 0.320014152990374)	(54, 0.3210094135467624)	(56, 0.32198926361711644)	(58, 0.32306542922518544)	(60, 0.32411462648269423)	(62, 0.32509062393153965)	(64, 0.3263298838501394)	(66, 0.32767444875664087)	(68, 0.32909092926463623)	(70, 0.33041494685642525)	(72, 0.33175565914141814)	(74, 0.33332367609541846)	(76, 0.33502781900938927)	(78, 0.33700935067197935)	(80, 0.33915782926660876)	(82, 0.34163506489663875)	(84, 0.3441302794270422)	(86, 0.34734336576521485)	(88, 0.3509905141266898)	(90, 0.3538298961785282)
SRR29999112_1 - polya	(1, 0.004950145231731398)	(2, 0.013755129661105401)	(3, 0.018391570737442436)	(4, 0.026585097914776576)	(5, 0.030195354211603236)	(6, 0.03372585521468557)	(7, 0.039335310874703426)	(8, 0.04680838189854712)	(9, 0.0592927438793262)	(10, 0.07499390270779324)	(12, 0.08403682376350449)	(14, 0.09545246480810957)	(16, 0.10935115399795475)	(18, 0.12051024884768222)	(20, 0.13343858196363806)	(22, 0.15077339505896814)	(24, 0.16790350290035444)	(26, 0.19184072506281924)	(28, 0.21766947694192046)	(30, 0.23469723215633484)	(32, 0.24823702252433055)	(34, 0.2623404169681195)	(36, 0.2725118754303131)	(38, 0.28182729373965076)	(40, 0.2920027399665315)	(42, 0.30132613380524365)	(44, 0.3112211072491235)	(46, 0.3229504524491229)	(48, 0.33327211671453494)	(50, 0.3421954048296297)	(52, 0.3517035650988495)	(54, 0.3654586947599549)	(56, 0.3783777230916406)	(58, 0.3884906943384216)	(60, 0.39773433288338944)	(62, 0.4078114142479855)	(64, 0.41929484729227323)	(66, 0.4321354495851103)	(68, 0.44536286505260736)	(70, 0.46244379046285133)	(72, 0.48289437703379323)	(74, 0.497797982924817)	(76, 0.5164740142099475)	(78, 0.5338965581283963)	(80, 0.5460260090520132)	(82, 0.556333051513572)	(84, 0.5688665959254935)	(86, 0.5844507803231356)	(88, 0.5963808430123915)	(90, 0.5991324006465708)
SRR29999112_2 - polya	(1, 0.013236720251767259)	(2, 0.01705965733191213)	(3, 0.018612227050135082)	(4, 0.02169078138866621)	(5, 0.02364212757561081)	(6, 0.025763618389209982)	(7, 0.027847890065728464)	(8, 0.03346797976491223)	(9, 0.041286657061648024)	(10, 0.049921496864367455)	(12, 0.05585263220915411)	(14, 0.06574760565303395)	(16, 0.08005703460566244)	(18, 0.08949208585561665)	(20, 0.09924482902565243)	(22, 0.10916904607723854)	(24, 0.1174011216465491)	(26, 0.1284485590850345)	(28, 0.1389377094673096)	(30, 0.14764831679908613)	(32, 0.1556570775459126)	(34, 0.16511738463888584)	(36, 0.1742360732236542)	(38, 0.18305700871177708)	(40, 0.19622593696386165)	(42, 0.20773462585116842)	(44, 0.22154425496299912)	(46, 0.2395503417806773)	(48, 0.2569237032679838)	(50, 0.27316586883901656)	(52, 0.2907705206781816)	(54, 0.3214204800641275)	(56, 0.3461167067720592)	(58, 0.36593988503221236)	(60, 0.38431151694621873)	(62, 0.40204244800047895)	(64, 0.42613652224064097)	(66, 0.4528984110565508)	(68, 0.47547713471557057)	(70, 0.504577182893085)	(72, 0.5359768420402276)	(74, 0.5581940083676064)	(76, 0.5896840568476592)	(78, 0.6230709520639314)	(80, 0.6431466887542749)	(82, 0.6632968637187798)	(84, 0.7053943662668286)	(86, 0.7585791839002349)	(88, 0.7849755276198165)	(90, 0.7912442937081209)
SRR29999112_2 - polyg	(1, 0.42272698343307086)	(2, 0.4257576845953554)	(3, 0.4261032908682475)	(4, 0.4263558492984379)	(5, 0.4264861162782203)	(6, 0.42669613855174704)	(7, 0.4269221118840226)	(8, 0.42748837446960736)	(9, 0.428065271094358)	(10, 0.42894257932554564)	(12, 0.42995281304630717)	(14, 0.4307011835526081)	(16, 0.43119034935424)	(18, 0.4316901491950378)	(20, 0.43220324158479295)	(22, 0.4326724685629888)	(24, 0.4331589758548292)	(26, 0.43366808047989713)	(28, 0.434162563301112)	(30, 0.4347235088671138)	(32, 0.4353243320799878)	(34, 0.43602883717472934)	(36, 0.43666687952468397)	(38, 0.437287641560994)	(40, 0.4378725137151191)	(42, 0.4386129086920456)	(44, 0.4393559621787636)	(46, 0.4400843938616285)	(48, 0.440855361701157)	(50, 0.44165424389349606)	(52, 0.44249832075229023)	(54, 0.44336898270899916)	(56, 0.444219705842272)	(58, 0.4451820863867869)	(60, 0.446159088735155)	(62, 0.4471254570443571)	(64, 0.4481662636277206)	(66, 0.44921238723066703)	(68, 0.4503754852644385)	(70, 0.4515970705136225)	(72, 0.45284922862540844)	(74, 0.45421570265822797)	(76, 0.4556419931613558)	(78, 0.4571440511935406)	(80, 0.4587896687544653)	(82, 0.46072905164734823)	(84, 0.46263254465804626)	(86, 0.4646716216681096)	(88, 0.4666761380508838)	(90, 0.4683097923177468)
SRR29999113_1 - polya	(1, 0.0034439780167687746)	(2, 0.01391032358024796)	(3, 0.02073741402291478)	(4, 0.032646781303287506)	(5, 0.03779245979815043)	(6, 0.04281133497869932)	(7, 0.05108398320454597)	(8, 0.060832622009007804)	(9, 0.07769999887905871)	(10, 0.10043456510241928)	(12, 0.11385162378998571)	(14, 0.13037916777767505)	(16, 0.14762188245809543)	(18, 0.16149543307719233)	(20, 0.1777313294419594)	(22, 0.20043292680359837)	(24, 0.22352127427389507)	(26, 0.25590557271655257)	(28, 0.2918948893851576)	(30, 0.3164110421746302)	(32, 0.33578278450238297)	(34, 0.35627166402924226)	(36, 0.36976607273854023)	(38, 0.3822879000270497)	(40, 0.39565804148831996)	(42, 0.40790597361791103)	(44, 0.4210706937099926)	(46, 0.43684502601065667)	(48, 0.45025447649936423)	(50, 0.4617073518482065)	(52, 0.4735748740348556)	(54, 0.4904777558329144)	(56, 0.506872156340574)	(58, 0.5201573395812538)	(60, 0.5326918472011948)	(62, 0.546134266551624)	(64, 0.5603920312130923)	(66, 0.5762221569720545)	(68, 0.593764127474256)	(70, 0.6146232726789123)	(72, 0.6373527667697003)	(74, 0.6553803939657245)	(76, 0.6774467067226502)	(78, 0.6992086915252222)	(80, 0.7145176556623538)	(82, 0.7277381692127335)	(84, 0.7446423190439355)	(86, 0.7639062785545213)	(88, 0.7789958729578896)	(90, 0.7826630248078511)
SRR29999113_2 - polya	(1, 0.021373966660771158)	(2, 0.029879932984955598)	(3, 0.0328420584073311)	(4, 0.03846451736401473)	(5, 0.04225593646200392)	(6, 0.045626368556470565)	(7, 0.04942793191960487)	(8, 0.05959755772758925)	(9, 0.07453498815378078)	(10, 0.09176121840334034)	(12, 0.10174824743871254)	(14, 0.11761641419196896)	(16, 0.1415454676361676)	(18, 0.15784222959180544)	(20, 0.17455871051782262)	(22, 0.18992473614639555)	(24, 0.2019013091833547)	(26, 0.2162224755019801)	(28, 0.2297878940672939)	(30, 0.24186717778884742)	(32, 0.2526365832735371)	(34, 0.26468036206708273)	(36, 0.2758377856935733)	(38, 0.28692293143090486)	(40, 0.30236377101492307)	(42, 0.3152533279149432)	(44, 0.32997519270680087)	(46, 0.3480903141897017)	(48, 0.3656297486256169)	(50, 0.38276721655515666)	(52, 0.39931251300685)	(54, 0.4253109965406534)	(56, 0.44703367231578817)	(58, 0.46494210439635714)	(60, 0.4825512806551451)	(62, 0.4987542081581905)	(64, 0.5189603162941295)	(66, 0.5410050724876219)	(68, 0.5598455089283989)	(70, 0.5833066581427788)	(72, 0.6073777312990092)	(74, 0.6253444929041626)	(76, 0.649470091485548)	(78, 0.6745809518191533)	(80, 0.691292360612598)	(82, 0.7079910890746113)	(84, 0.7388879846403653)	(86, 0.7783441039223156)	(88, 0.8005587765569887)	(90, 0.806060772365074)
SRR29999113_2 - polyg	(1, 0.13122114178472014)	(2, 0.13247395853014265)	(3, 0.1326083700433155)	(4, 0.1327022044959079)	(5, 0.13281125534621793)	(6, 0.13288226520223378)	(7, 0.1329710275222536)	(8, 0.13319420135544627)	(9, 0.13344780798407432)	(10, 0.13380285726415359)	(12, 0.13428217379226057)	(14, 0.13463975913862608)	(16, 0.13481855181180888)	(18, 0.135027777280427)	(20, 0.13525348717990596)	(22, 0.1355045577422477)	(24, 0.135769576669164)	(26, 0.1360219152646489)	(28, 0.13633004731843196)	(30, 0.13666607610136414)	(32, 0.13703634177916107)	(34, 0.13745859681582676)	(36, 0.13791635678050035)	(38, 0.13833861181716606)	(40, 0.13869873322981788)	(42, 0.13923130714993676)	(44, 0.13975373680491052)	(46, 0.14029899105646082)	(48, 0.14087214203716017)	(50, 0.1414605094155772)	(52, 0.14211988665001013)	(54, 0.1427754597850136)	(56, 0.14345385751659362)	(58, 0.14418424460704235)	(60, 0.14499451778550893)	(62, 0.1457629458702519)	(64, 0.14656180675043023)	(66, 0.1474405537186264)	(68, 0.14849048516114646)	(70, 0.14955309693509794)	(72, 0.1505713275490395)	(74, 0.1517975155984561)	(76, 0.1529970749518667)	(78, 0.1541890261064185)	(80, 0.15540760595697622)	(82, 0.1568759883367326)	(84, 0.15835451498163405)	(86, 0.15985459818996892)	(88, 0.1613965264920274)	(90, 0.16264807520430677)
SRR29999114_1 - polya	(1, 0.006294371392513859)	(2, 0.017458919957405904)	(3, 0.022608265368953107)	(4, 0.03226792264457469)	(5, 0.0360715899032525)	(6, 0.0397618450647679)	(7, 0.04533648584067415)	(8, 0.05301797442155905)	(9, 0.06680626823426612)	(10, 0.08499582381762218)	(12, 0.09490193430438515)	(14, 0.1078930719341526)	(16, 0.12360282839301515)	(18, 0.1360367200453788)	(20, 0.1509471393194332)	(22, 0.17130570126102038)	(24, 0.19069153636925304)	(26, 0.21637174286999955)	(28, 0.24459063554568927)	(30, 0.2626013489758277)	(32, 0.27734383110600697)	(34, 0.29328586426386566)	(36, 0.3045660059277886)	(38, 0.31478509018268247)	(40, 0.32636511960352527)	(42, 0.33708474378724174)	(44, 0.348177319290473)	(46, 0.3612349774772299)	(48, 0.37263616474485506)	(50, 0.3828105384614445)	(52, 0.3937722538525653)	(54, 0.41036749707004205)	(56, 0.4249813000899794)	(58, 0.4361872876903731)	(60, 0.44660811461810396)	(62, 0.45755456299614516)	(64, 0.47009423323913146)	(66, 0.4850973450925975)	(68, 0.5006413454094534)	(70, 0.5198832343943646)	(72, 0.5424009881857745)	(74, 0.5586679906220409)	(76, 0.5787506558272619)	(78, 0.598083056389716)	(80, 0.6115627384380293)	(82, 0.6236247692718123)	(84, 0.6393377972334777)	(86, 0.6575557058411243)	(88, 0.6713265516388833)	(90, 0.6746842040154513)
SRR29999114_2 - polya	(1, 0.014438232369522436)	(2, 0.019441450655879607)	(3, 0.021280035231031783)	(4, 0.025013910429917345)	(5, 0.027242894339532437)	(6, 0.029598376357520995)	(7, 0.03226356064083767)	(8, 0.039306015674249746)	(9, 0.04903764601153209)	(10, 0.05989358281203026)	(12, 0.06696330036879869)	(14, 0.0793961015202281)	(16, 0.09752567955220018)	(18, 0.10944921676733299)	(20, 0.12132040993762161)	(22, 0.1327466787267346)	(24, 0.14203992768844687)	(26, 0.15423281863434038)	(28, 0.1660494867579163)	(30, 0.1759665022540218)	(32, 0.18477229729812253)	(34, 0.19529017880900199)	(36, 0.20507851519486553)	(38, 0.21513075280681854)	(40, 0.23010878313879668)	(42, 0.2428894540882531)	(44, 0.2580114305435528)	(46, 0.2775433927769755)	(48, 0.2964461359713336)	(50, 0.3140271920333759)	(52, 0.3337140053994627)	(54, 0.3679688207462481)	(56, 0.3937428103273405)	(58, 0.4135713888148802)	(60, 0.43166498031602196)	(62, 0.4489668681388953)	(64, 0.47222725306653224)	(66, 0.49814736977281465)	(68, 0.5198963204055755)	(70, 0.5476190351561798)	(72, 0.5786754112627983)	(74, 0.6012018890616824)	(76, 0.6326432119980926)	(78, 0.6653168009902097)	(80, 0.6856033898701361)	(82, 0.7069281356394723)	(84, 0.7514707368000096)	(86, 0.8047656984588691)	(88, 0.8315822069331084)	(90, 0.8379976239293244)
SRR29999114_2 - polyg	(1, 0.15821641854717008)	(2, 0.16001574508868913)	(3, 0.16017713922695873)	(4, 0.1603363523633598)	(5, 0.16043231644557415)	(6, 0.1605566335520791)	(7, 0.16071802769034868)	(8, 0.16099937693138622)	(9, 0.16133961322287343)	(10, 0.16187068717785513)	(12, 0.16253153074401303)	(14, 0.16294592109902953)	(16, 0.16322290833633002)	(18, 0.1635129815848416)	(20, 0.16385648937913158)	(22, 0.1641999971734216)	(24, 0.16456858648919942)	(26, 0.1649698908330049)	(28, 0.16537773818241586)	(30, 0.16586083009629035)	(32, 0.1663504650157704)	(34, 0.1668826294716863)	(36, 0.1673875314042459)	(38, 0.1679535013891237)	(40, 0.16848239434223689)	(42, 0.16912578989344673)	(44, 0.1697375609175632)	(46, 0.170372232461299)	(48, 0.17097418897700717)	(50, 0.17166229506652142)	(52, 0.17247362776160638)	(54, 0.17324461192212393)	(56, 0.17413664168634366)	(58, 0.17496869389917943)	(60, 0.17587817167834724)	(62, 0.1768029164705946)	(64, 0.1778661548814922)	(66, 0.17886396323633458)	(68, 0.17995228316872003)	(70, 0.18103187909363144)	(72, 0.18222270611383679)	(74, 0.18352585473027028)	(76, 0.18477011629625403)	(78, 0.1861877675107842)	(80, 0.18779298488600601)	(82, 0.18942110278084717)	(84, 0.19104922067568833)	(86, 0.19264898554623888)	(88, 0.1945181041475502)	(90, 0.19614186003865433)
SRR29999115_1 - polya	(1, 0.0033417918140061648)	(2, 0.008041126292213334)	(3, 0.010918191143048416)	(4, 0.015276211627557322)	(5, 0.017538139958676324)	(6, 0.019562883989089754)	(7, 0.022559505154101628)	(8, 0.02655500004078413)	(9, 0.03337935158710139)	(10, 0.04222941132765609)	(12, 0.04727102396338553)	(14, 0.05361232943387559)	(16, 0.061362278251238994)	(18, 0.0677411861108653)	(20, 0.0754757083070446)	(22, 0.08588578511484166)	(24, 0.09624958205908639)	(26, 0.1102897356642675)	(28, 0.12435785002034483)	(30, 0.13426752580348256)	(32, 0.1423549319592482)	(34, 0.15161958214412563)	(36, 0.15810840467968867)	(38, 0.1641729951326889)	(40, 0.1698866299537508)	(42, 0.1751606060710658)	(44, 0.18062645078935802)	(46, 0.18739295250623492)	(48, 0.19314708220790508)	(50, 0.1981414508162582)	(52, 0.20356776481776617)	(54, 0.2116204610758676)	(56, 0.218919181223596)	(58, 0.2247060924952824)	(60, 0.22997910444877337)	(62, 0.2355162972900421)	(64, 0.2420292239212053)	(66, 0.249374223932486)	(68, 0.2573478587570189)	(70, 0.2674522956326059)	(72, 0.2786867325099284)	(74, 0.2871231659699844)	(76, 0.29744646803362085)	(78, 0.30646622060720063)	(80, 0.31310448853548467)	(82, 0.31889043564334707)	(84, 0.3260676711492507)	(86, 0.33460341348317935)	(88, 0.34216342202721345)	(90, 0.3440734305625701)
SRR29999115_2 - polya	(1, 0.009227047795741199)	(2, 0.011994197970639553)	(3, 0.013274607528920046)	(4, 0.015968481253193913)	(5, 0.01799901026655138)	(6, 0.02030529013357468)	(7, 0.022289539283379838)	(8, 0.02707950516104361)	(9, 0.03311902735461967)	(10, 0.04023648470343487)	(12, 0.04564640791993475)	(14, 0.05375598984365254)	(16, 0.06419209907469776)	(18, 0.07179260249934018)	(20, 0.07935646769867034)	(22, 0.08674003426291133)	(24, 0.09298781584247276)	(26, 0.10138279025809643)	(28, 0.10892255136182644)	(30, 0.11581343021200015)	(32, 0.12262621179242933)	(34, 0.1296462885950199)	(36, 0.13627684321271188)	(38, 0.14298163844485234)	(40, 0.1524738312921953)	(42, 0.16125061458212553)	(44, 0.17007946271855207)	(46, 0.18086652758153562)	(48, 0.19170662145483952)	(50, 0.2013540446778475)	(52, 0.21184896790215713)	(54, 0.2288336778258538)	(56, 0.2422423041263107)	(58, 0.2533996078977127)	(60, 0.2640391556956233)	(62, 0.27426411304921106)	(64, 0.2872263314991531)	(66, 0.30170903629955315)	(68, 0.3146365448518309)	(70, 0.33041894248699155)	(72, 0.346627500532363)	(74, 0.35840090498730515)	(76, 0.3740242155915048)	(78, 0.3907630637400798)	(80, 0.40161087092397574)	(82, 0.41250206547995194)	(84, 0.4324409733604042)	(86, 0.45697797851754296)	(88, 0.46980232154065205)	(90, 0.47286450584569634)
SRR29999115_2 - polyg	(1, 0.27237242362651054)	(2, 0.273947867314937)	(3, 0.2741117751650181)	(4, 0.2742236181686028)	(5, 0.2743103929127634)	(6, 0.2744241642439962)	(7, 0.2745649321623011)	(8, 0.2748638229477431)	(9, 0.27525720178793767)	(10, 0.2758694458161818)	(12, 0.2768422871146042)	(14, 0.2773928246581119)	(16, 0.2776724321670737)	(18, 0.27794721885691553)	(20, 0.27825478711677354)	(22, 0.2785604270489836)	(24, 0.2788448553770655)	(26, 0.279217986776956)	(28, 0.2795727990641903)	(30, 0.2798745823411043)	(32, 0.28027567449189095)	(34, 0.2806642325129656)	(36, 0.2809785499195916)	(38, 0.28135071715565807)	(40, 0.28191378882887785)	(42, 0.2824170823450092)	(44, 0.28294640828438866)	(46, 0.2834111352475598)	(48, 0.28378426664745027)	(50, 0.2841699321770528)	(52, 0.28488534173446556)	(54, 0.28548312330534953)	(56, 0.28592663866439244)	(58, 0.28641257723169167)	(60, 0.2868908024883988)	(62, 0.2873401028303858)	(64, 0.28803719327514243)	(66, 0.2887699577813873)	(68, 0.28946994071761595)	(70, 0.2901564253603085)	(72, 0.2908940106856734)	(74, 0.29159592194955003)	(76, 0.29242703116584357)	(78, 0.2933458792901217)	(80, 0.2942203758784955)	(82, 0.2951739339004378)	(84, 0.29615159601798025)	(86, 0.2971928929479072)	(88, 0.29830168134551455)	(90, 0.29925523936745685)
SRR29999116_1 - polya	(1, 0.01181921853440564)	(2, 0.02158122607436545)	(3, 0.02716817803822887)	(4, 0.036124625062468836)	(5, 0.04013726924426687)	(6, 0.04420405055749768)	(7, 0.05029556058631466)	(8, 0.058697643384682904)	(9, 0.07243981282758108)	(10, 0.09090382287404676)	(12, 0.1013349653585158)	(14, 0.11441233082741936)	(16, 0.13026476565356748)	(18, 0.14286897259374853)	(20, 0.15778050407559485)	(22, 0.17836560693159703)	(24, 0.1992008233348187)	(26, 0.22689846251846021)	(28, 0.2568796059059366)	(30, 0.2768941033966372)	(32, 0.2924282118899606)	(34, 0.30959834449518275)	(36, 0.3211338844608806)	(38, 0.33162890876044027)	(40, 0.3431124770799626)	(42, 0.35339528382430585)	(44, 0.3643234051753279)	(46, 0.3780677401034833)	(48, 0.3894701027258566)	(50, 0.3997474957570565)	(52, 0.4106149835208738)	(54, 0.42744080397018336)	(56, 0.4430669455869425)	(58, 0.45527053775452087)	(60, 0.46647259299059274)	(62, 0.47833836945803054)	(64, 0.492422685571584)	(66, 0.5082383071483578)	(68, 0.5247945246831321)	(70, 0.5459913771243248)	(72, 0.5724297866308397)	(74, 0.591470898498379)	(76, 0.6139540491824145)	(78, 0.6354291664791718)	(80, 0.6508744900769453)	(82, 0.6641835624683812)	(84, 0.6804777562870208)	(86, 0.700346083522853)	(88, 0.7155672793964949)	(90, 0.7193633750525618)
SRR29999116_2 - polya	(1, 0.024634560287174527)	(2, 0.029602183467446887)	(3, 0.031869446531851926)	(4, 0.03551395821990702)	(5, 0.03839838458264581)	(6, 0.04124383221075299)	(7, 0.044258187688930466)	(8, 0.05167280920996471)	(9, 0.061651365275655665)	(10, 0.07320639460866932)	(12, 0.08116563567191737)	(14, 0.09384671733873295)	(16, 0.11169789505737951)	(18, 0.12357558169373256)	(20, 0.13556154259295117)	(22, 0.1474717115081639)	(24, 0.15767656078324388)	(26, 0.17148044655597544)	(28, 0.18452424700339065)	(30, 0.19554331873521974)	(32, 0.20561174243908914)	(34, 0.2172685495791964)	(36, 0.2280624108442651)	(38, 0.23887684421927824)	(40, 0.253850092030958)	(42, 0.26736596826446707)	(44, 0.2836330935173903)	(46, 0.30431780869522884)	(48, 0.3245217861459443)	(50, 0.34373072312092506)	(52, 0.36461249745717894)	(54, 0.40108684838870357)	(56, 0.4301985494453694)	(58, 0.45416614027329205)	(60, 0.476814950579512)	(62, 0.49877838480179293)	(64, 0.5274548233217392)	(66, 0.5593004495157607)	(68, 0.5865173509722791)	(70, 0.6210665855100539)	(72, 0.6590091354460357)	(74, 0.686354883275364)	(76, 0.7254321474861769)	(78, 0.767364604008755)	(80, 0.792843703546281)	(82, 0.8187959616125295)	(84, 0.8725660432942003)	(86, 0.9387194524198064)	(88, 0.9708801567187666)	(90, 0.978740868202807)
SRR29999116_2 - polyg	(1, 0.2890727924837566)	(2, 0.2914006891353663)	(3, 0.2916020792642963)	(4, 0.29178614551116777)	(5, 0.2918879233182614)	(6, 0.2920178524337001)	(7, 0.2922214080478874)	(8, 0.29261119539420344)	(9, 0.2930399614751511)	(10, 0.2937264203017188)	(12, 0.2947236262627107)	(14, 0.2953884302367053)	(16, 0.2957684728993635)	(18, 0.2961929080097965)	(20, 0.2966703975090336)	(22, 0.29710241181786723)	(24, 0.29749653013469796)	(26, 0.29798051608970705)	(28, 0.298417944111684)	(30, 0.29894848799972523)	(32, 0.299531003533942)	(34, 0.3001589942585623)	(36, 0.30083246017358617)	(38, 0.30145395444243456)	(40, 0.3020537938587098)	(42, 0.3027088531490465)	(44, 0.3034732694448774)	(46, 0.30412399776469945)	(48, 0.30479854642235205)	(50, 0.3055142392998934)	(52, 0.30629814496304014)	(54, 0.3070852988540729)	(56, 0.3079514929569974)	(58, 0.3088382591698664)	(60, 0.309770500573139)	(62, 0.31069516277801096)	(64, 0.3117291819883772)	(66, 0.3127816078234305)	(68, 0.3139228185540336)	(70, 0.315000147469546)	(72, 0.3162139019562691)	(74, 0.31763554302769403)	(76, 0.3190106261660868)	(78, 0.32047665968528655)	(80, 0.32212892493661516)	(82, 0.3238537339440637)	(84, 0.32574636805895385)	(86, 0.32753505888149304)	(88, 0.3296280003826846)	(90, 0.3313452301917325)
SRR29999117_1 - polya	(1, 0.012223030403543535)	(2, 0.02131042625979505)	(3, 0.026132764698639885)	(4, 0.0335891847654824)	(5, 0.03710377040735236)	(6, 0.040692660185414085)	(7, 0.045975684268647794)	(8, 0.053965236512666145)	(9, 0.06622170377749596)	(10, 0.08301815376364197)	(12, 0.09337150634026048)	(14, 0.10559639434720881)	(16, 0.12062254828858626)	(18, 0.1320700292706284)	(20, 0.14651196694119817)	(22, 0.1658589064021261)	(24, 0.1834392650250951)	(26, 0.20821597923823548)	(28, 0.2352729016307603)	(30, 0.2530956774980549)	(32, 0.26645370358192744)	(34, 0.27978850962324014)	(36, 0.28936166876984526)	(38, 0.2986515433972193)	(40, 0.30912656899685176)	(42, 0.3180765022011486)	(44, 0.32750569708388216)	(46, 0.33861416544454936)	(48, 0.34885977702368987)	(50, 0.35832612397451935)	(52, 0.36847235377150334)	(54, 0.3844384550357065)	(56, 0.39927699103319975)	(58, 0.41108670467917663)	(60, 0.4214772093238911)	(62, 0.43274264517226335)	(64, 0.4467759100937785)	(66, 0.4637664796357255)	(68, 0.4803028651452003)	(70, 0.5030826556981873)	(72, 0.5320826312521265)	(74, 0.5532676692820979)	(76, 0.5794988869611919)	(78, 0.604300678820297)	(80, 0.6214965135384737)	(82, 0.6356997491715275)	(84, 0.6537017837673846)	(86, 0.6753763002945193)	(88, 0.69136469279958)	(90, 0.6951616341589786)
SRR29999117_2 - polya	(1, 0.029114218163334014)	(2, 0.03400343032475143)	(3, 0.03577001116271038)	(4, 0.039030105138123584)	(5, 0.04125551401706662)	(6, 0.0435570846356062)	(7, 0.046237606348723724)	(8, 0.052787515954026844)	(9, 0.06172816114129964)	(10, 0.07151773108456323)	(12, 0.07830912913248955)	(14, 0.08926341641055888)	(16, 0.10403600748718198)	(18, 0.1144813114323378)	(20, 0.12619350089956302)	(22, 0.13679112832391194)	(24, 0.14513455401654352)	(26, 0.15663869190243185)	(28, 0.1685793665884467)	(30, 0.17871630836840674)	(32, 0.18798574935832807)	(34, 0.19860288161842732)	(36, 0.20862372318558775)	(38, 0.21936995888232014)	(40, 0.23496453946556453)	(42, 0.2503752173117343)	(44, 0.26893639053243446)	(46, 0.2916808866207304)	(48, 0.3140445740110435)	(50, 0.33669433232569496)	(52, 0.36080788212332393)	(54, 0.40260024352437596)	(56, 0.43813341025297514)	(58, 0.46914609909600846)	(60, 0.4954553361181038)	(62, 0.5217608579333894)	(64, 0.5580435676358229)	(66, 0.5992693599984129)	(68, 0.6332477126771996)	(70, 0.6773072790338025)	(72, 0.7268021929528322)	(74, 0.7622350490975726)	(76, 0.8141476338479414)	(78, 0.8682874850806583)	(80, 0.900702664494311)	(82, 0.9357008414423296)	(84, 1.012234101719836)	(86, 1.107270020710792)	(88, 1.154064908080954)	(90, 1.1656089844400452)
SRR29999117_2 - polyg	(1, 0.2832622279902046)	(2, 0.28522199958226213)	(3, 0.28545420000786137)	(4, 0.2856585363823887)	(5, 0.28578856862072427)	(6, 0.28594460730672694)	(7, 0.2862455390583036)	(8, 0.2868028200797417)	(9, 0.28751799739058737)	(10, 0.2884988119883185)	(12, 0.2897582670967687)	(14, 0.2905477485438061)	(16, 0.291066948695446)	(18, 0.2916715986037064)	(20, 0.2923050413647411)	(22, 0.2929598465649309)	(24, 0.2935960757310728)	(26, 0.2943511915151215)	(28, 0.29502178634425213)	(30, 0.2957806173351104)	(32, 0.2965645259719334)	(34, 0.29754069656115256)	(36, 0.29849736231462143)	(38, 0.299402015172756)	(40, 0.3001887102146862)	(42, 0.30108871906430884)	(44, 0.3021382649880173)	(46, 0.303164590869166)	(48, 0.3041184702175276)	(50, 0.30518566337358166)	(52, 0.3062212772717542)	(54, 0.30723831513587885)	(56, 0.30833894515321925)	(58, 0.30957703782251433)	(60, 0.31086249937863164)	(62, 0.31217861139092806)	(64, 0.31363683006369125)	(66, 0.31525758903437395)	(68, 0.31693314730549793)	(70, 0.3186142783868364)	(72, 0.32059912762485865)	(74, 0.32268614505014453)	(76, 0.3247759488805376)	(78, 0.32703107941395737)	(80, 0.32952584078659547)	(82, 0.33237726201295403)	(84, 0.33543580601894707)	(86, 0.3385175700675001)	(88, 0.34188076103187937)	(90, 0.34468759977652286)
SRR29999118_1 - polya	(1, 0.007991125722351704)	(2, 0.01793983825161991)	(3, 0.023525804600767877)	(4, 0.03282271242185079)	(5, 0.0372441210257077)	(6, 0.04162642134707349)	(7, 0.047935890922307135)	(8, 0.056617929635335254)	(9, 0.07140737846405958)	(10, 0.09080291389729331)	(12, 0.10195529245434368)	(14, 0.11579853811501903)	(16, 0.1329605560815378)	(18, 0.14706452362548728)	(20, 0.16319234478835204)	(22, 0.18454220800496135)	(24, 0.2063016218465471)	(26, 0.2369744650725667)	(28, 0.2698189043180237)	(30, 0.29117528558171485)	(32, 0.3083101450187259)	(34, 0.326802930931123)	(36, 0.3392621779280849)	(38, 0.3508230207689314)	(40, 0.3635647164727736)	(42, 0.3747203540533649)	(44, 0.3867678777429897)	(46, 0.4011412578996558)	(48, 0.41338649568409686)	(50, 0.4242748933343322)	(52, 0.4357238430336069)	(54, 0.4529532141533048)	(56, 0.46926788599918273)	(58, 0.48210300704453146)	(60, 0.4939940976041919)	(62, 0.5063523148713851)	(64, 0.5205138584978908)	(66, 0.537125101485993)	(68, 0.5532659587430215)	(70, 0.5747527009483497)	(72, 0.6019633748327252)	(74, 0.6220856725155854)	(76, 0.6466684870847939)	(78, 0.6693132689883313)	(80, 0.685757215434666)	(82, 0.6997210449663556)	(84, 0.7166527586026489)	(86, 0.7366805446028224)	(88, 0.7521609064222231)	(90, 0.7559413737296978)
SRR29999118_2 - polya	(1, 0.02079039750875026)	(2, 0.02662404964700864)	(3, 0.02928775822112588)	(4, 0.033815628260653055)	(5, 0.03707030643685829)	(6, 0.040448827507618725)	(7, 0.04394467342585252)	(8, 0.05266147505665052)	(9, 0.06414410133251479)	(10, 0.07731707448493957)	(12, 0.08689643101290279)	(14, 0.10173693787710161)	(16, 0.12245346418559087)	(18, 0.1369735004015986)	(20, 0.15163693365340708)	(22, 0.16572569242083224)	(24, 0.1777015175925567)	(26, 0.19328399548290648)	(28, 0.20793656532291188)	(30, 0.22047620156721662)	(32, 0.23179153130131333)	(34, 0.24487325179459218)	(36, 0.2574215787683394)	(38, 0.2696744209410426)	(40, 0.2870352393435579)	(42, 0.3023743768095185)	(44, 0.3203261648141218)	(46, 0.34313715691824653)	(48, 0.36538433794979086)	(50, 0.3866049265659434)	(52, 0.4089009929506017)	(54, 0.44717496541524215)	(56, 0.4777131023349035)	(58, 0.5026696182701381)	(60, 0.52543607038587)	(62, 0.5479341962300659)	(64, 0.5772654080984041)	(66, 0.6104770306628053)	(68, 0.639053235410829)	(70, 0.6755640761398283)	(72, 0.7147614386077312)	(74, 0.74254678697649)	(76, 0.7807425428761483)	(78, 0.8217030370796925)	(80, 0.8468464036979402)	(82, 0.8728621022839759)	(84, 0.9247783472909346)	(86, 0.9901739136631651)	(88, 1.023964556076671)	(90, 1.0320415027522671)
SRR29999118_2 - polyg	(1, 0.2440139559209679)	(2, 0.24587594470401722)	(3, 0.24609104025771836)	(4, 0.24623878265824037)	(5, 0.24632351727030447)	(6, 0.24642563334125347)	(7, 0.24658641183593918)	(8, 0.24695142247252297)	(9, 0.24737075016812216)	(10, 0.24801712317040592)	(12, 0.24887316002048926)	(14, 0.24941198524592245)	(16, 0.24968574322336026)	(18, 0.2500051275303711)	(20, 0.25036036109633203)	(22, 0.2507177673446537)	(24, 0.2510599648164509)	(26, 0.25144778861782113)	(28, 0.2518127992544049)	(30, 0.2522451630441679)	(32, 0.25272749852822496)	(34, 0.2532771871654612)	(36, 0.25380949434381256)	(38, 0.254338542498623)	(40, 0.2548469501710075)	(42, 0.2554487831848986)	(44, 0.2561157966696082)	(46, 0.2567154570011387)	(48, 0.25738790219174984)	(50, 0.2580777288412459)	(52, 0.2588186135262165)	(54, 0.25953777138758094)	(56, 0.2602916921667153)	(58, 0.26109123927542255)	(60, 0.26192120393717855)	(62, 0.26278810419906495)	(64, 0.26375386150835956)	(66, 0.26470549638231006)	(68, 0.2657646790331112)	(70, 0.26688686947237017)	(72, 0.26801449161753077)	(74, 0.2691920854569855)	(76, 0.27048374512037265)	(78, 0.2719155427960197)	(80, 0.2733723263188138)	(82, 0.2749290532301964)	(84, 0.2765900688948886)	(86, 0.27821197627708966)	(88, 0.2799664172832884)	(90, 0.2814449276296887)
SRR29999119_1 - polya	(1, 0.009704778792272424)	(2, 0.02073035217457021)	(3, 0.02675265068604345)	(4, 0.03653177884265505)	(5, 0.040529150548890745)	(6, 0.04479549201435345)	(7, 0.05110862774515347)	(8, 0.05996932257757525)	(9, 0.07462270759042282)	(10, 0.09377969601081547)	(12, 0.10479105554404841)	(14, 0.11880263060296808)	(16, 0.136493405823672)	(18, 0.1503048936226789)	(20, 0.16695477774263434)	(22, 0.1896903760083523)	(24, 0.2127583596675866)	(26, 0.24518998974153713)	(28, 0.27862861635308145)	(30, 0.3005551185951084)	(32, 0.317823851835887)	(34, 0.336226412882838)	(36, 0.3484743772847122)	(38, 0.3600728781216237)	(40, 0.3731507126342837)	(42, 0.3843730931574793)	(44, 0.3968648797394658)	(46, 0.4120485506597325)	(48, 0.42492192442045984)	(50, 0.43609838327744593)	(52, 0.4479068117313151)	(54, 0.46654991483936337)	(56, 0.48368525657353345)	(58, 0.49686368140265236)	(60, 0.5087300586257859)	(62, 0.52143614631675)	(64, 0.5366941666013558)	(66, 0.5539825805562242)	(68, 0.570698067056479)	(70, 0.5932138973481944)	(72, 0.6219171254751362)	(74, 0.6424769114609283)	(76, 0.6675534213303254)	(78, 0.6908914681217916)	(80, 0.7073839065290288)	(82, 0.7216600778551555)	(84, 0.7390414285154479)	(86, 0.7604004701678861)	(88, 0.776911495916208)	(90, 0.7808279580200747)
SRR29999119_2 - polya	(1, 0.023361007624571047)	(2, 0.028970011140158874)	(3, 0.031150196912104706)	(4, 0.035075406000011196)	(5, 0.03787662763879014)	(6, 0.040655981817469336)	(7, 0.04394047432445293)	(8, 0.051744970834056415)	(9, 0.06259341778954616)	(10, 0.07469596358175701)	(12, 0.08283503223088678)	(14, 0.09607249920227506)	(16, 0.11564824948357806)	(18, 0.12835543054754722)	(20, 0.14125285851438424)	(22, 0.15401470822860278)	(24, 0.16472757693147405)	(26, 0.1791196457961295)	(28, 0.19209251650031067)	(30, 0.20322086694507735)	(32, 0.21359697676241232)	(34, 0.2255967454921543)	(36, 0.23685083383249456)	(38, 0.24853243101778508)	(40, 0.265142953709561)	(42, 0.2796082785655506)	(44, 0.29707819243924694)	(46, 0.3196913329284063)	(48, 0.34139369370441075)	(50, 0.361758859295315)	(52, 0.383675521180297)	(54, 0.42187032036353866)	(56, 0.45267829152508215)	(58, 0.4766668952545162)	(60, 0.49893452987409936)	(62, 0.5205658214047797)	(64, 0.549215474254477)	(66, 0.5807669390594123)	(68, 0.6076978095452688)	(70, 0.6422396495188458)	(72, 0.6806782708821999)	(74, 0.7083176470752884)	(76, 0.7467551750656374)	(78, 0.7879644036236306)	(80, 0.8130813682942122)	(82, 0.8393059198188464)	(84, 0.892392459330023)	(86, 0.9584190683552312)	(88, 0.991272740409107)	(90, 0.9989558725151568)
SRR29999119_2 - polyg	(1, 0.26214492492988417)	(2, 0.2641982794332514)	(3, 0.26446287570045846)	(4, 0.26466186958736626)	(5, 0.26479088760195485)	(6, 0.2649024116484636)	(7, 0.26504892363113197)	(8, 0.2654490981509576)	(9, 0.26587332687689286)	(10, 0.26648889587870106)	(12, 0.26731767261648187)	(14, 0.26782937118281613)	(16, 0.26811146141810305)	(18, 0.26844384681161937)	(20, 0.26879591291922544)	(22, 0.2691239248207218)	(24, 0.26946396382527305)	(26, 0.269826963662929)	(28, 0.2701462285803855)	(30, 0.2705704573063208)	(32, 0.2710417010714706)	(34, 0.2714888906305106)	(36, 0.2719776283637402)	(38, 0.27250354077913935)	(40, 0.2729572905762093)	(42, 0.2734197873573192)	(44, 0.2739271124316336)	(46, 0.2744617718310727)	(48, 0.27510686190401545)	(50, 0.2757432049929185)	(52, 0.27640360228793115)	(54, 0.27703775863082414)	(56, 0.27774735771106124)	(58, 0.27849303810046294)	(60, 0.27924418535488965)	(62, 0.2799953326093163)	(64, 0.2808088021250273)	(66, 0.2816856872750276)	(68, 0.2826270814323222)	(70, 0.2836482918189808)	(72, 0.28465419498356964)	(74, 0.2857431944965376)	(76, 0.2869229439689195)	(78, 0.2881879765356905)	(80, 0.28961592168020467)	(82, 0.2911652312282725)	(84, 0.29279873049772437)	(86, 0.2944486303622511)	(88, 0.29611274407584265)	(90, 0.2975614633074516)
SRR29999120_1 - polya	(1, 0.005581981821473311)	(2, 0.016165285540354003)	(3, 0.022155879900984818)	(4, 0.032019929969067794)	(5, 0.03620641633517278)	(6, 0.0405816769152745)	(7, 0.04743011865343482)	(8, 0.05582220776174572)	(9, 0.07022161805977577)	(10, 0.08946344537887416)	(12, 0.1007158222612876)	(14, 0.11458355834901035)	(16, 0.13135698360407538)	(18, 0.14491766290067687)	(20, 0.1605405212691668)	(22, 0.18179315239938237)	(24, 0.2029370591405239)	(26, 0.2325280145712665)	(28, 0.26363633235502093)	(30, 0.2841983843985902)	(32, 0.3004377458963353)	(34, 0.31772372898560675)	(36, 0.3299307298995606)	(38, 0.34113292629470915)	(40, 0.35320252825543763)	(42, 0.363912477965987)	(44, 0.3753858879470675)	(46, 0.38927871427842275)	(48, 0.40127304550825377)	(50, 0.41190414016738686)	(52, 0.42314815363525615)	(54, 0.4395858475350485)	(56, 0.45537238987390266)	(58, 0.46781117684808043)	(60, 0.4791364349143787)	(62, 0.491309982170156)	(64, 0.5057380670323375)	(66, 0.5219164950812609)	(68, 0.5386552719046429)	(70, 0.559743024290988)	(72, 0.5852263484070419)	(74, 0.6040571736399702)	(76, 0.6262739869897768)	(78, 0.6472506254400351)	(80, 0.6622784866023834)	(82, 0.6748415300212173)	(84, 0.690827599535625)	(86, 0.7097002418412741)	(88, 0.7246743381958385)	(90, 0.7282287893771062)
SRR29999120_2 - polya	(1, 0.01608404094192502)	(2, 0.021068636010244085)	(3, 0.02314037327018302)	(4, 0.027023387165685645)	(5, 0.02969012163176622)	(6, 0.032414205226149594)	(7, 0.03516218429065915)	(8, 0.042433575850052675)	(9, 0.05276119803858335)	(10, 0.06396697875425077)	(12, 0.07132439400609851)	(14, 0.0834393973600667)	(16, 0.10099659403527009)	(18, 0.11280334582461068)	(20, 0.12467939447731718)	(22, 0.13635233163395122)	(24, 0.1461327475565926)	(26, 0.15897178365538372)	(28, 0.17129826191996853)	(30, 0.18156017156565224)	(32, 0.1908459512566819)	(34, 0.20175064904875956)	(36, 0.21230647297699518)	(38, 0.22256599307566624)	(40, 0.23731786155805729)	(42, 0.25009357466101406)	(44, 0.26561846160198677)	(46, 0.28629282235514897)	(48, 0.3059516256279491)	(50, 0.3242029857103177)	(52, 0.34347826668759274)	(54, 0.3772724353135286)	(56, 0.4039493381623849)	(58, 0.42576709716108435)	(60, 0.44603523492210173)	(62, 0.4654682260022095)	(64, 0.4914007849566355)	(66, 0.519946313569358)	(68, 0.544085517490815)	(70, 0.5754411533903754)	(72, 0.609691725495721)	(74, 0.6343829147770925)	(76, 0.6686454346175015)	(78, 0.7046929460763351)	(80, 0.7268297096012191)	(82, 0.7495973135374338)	(84, 0.7949294099137909)	(86, 0.8516847357839635)	(88, 0.8807535751924493)	(90, 0.8878170761617452)
SRR29999120_2 - polyg	(1, 0.21945121854472)	(2, 0.22132940249663696)	(3, 0.22150144988154538)	(4, 0.22163287496723932)	(5, 0.22173562548878184)	(6, 0.22183837601032438)	(7, 0.22197935928406878)	(8, 0.22228522130168374)	(9, 0.22263648471253844)	(10, 0.22315740596128897)	(12, 0.22384559550092265)	(14, 0.22430199898033248)	(16, 0.22458516030132764)	(18, 0.2248910223189426)	(20, 0.22523870140927837)	(22, 0.22560071778168983)	(24, 0.22592808572241835)	(26, 0.22629368641534878)	(28, 0.22668676689892425)	(30, 0.22715153379287828)	(32, 0.22762944319540168)	(34, 0.22814558535012694)	(36, 0.2286330529407008)	(38, 0.2291396369073756)	(40, 0.2296462208740504)	(42, 0.23014563619968736)	(44, 0.23064624629883063)	(46, 0.23120778984679563)	(48, 0.23180637137345617)	(50, 0.2324575229343943)	(52, 0.23312181700390183)	(54, 0.2337323462656255)	(56, 0.23442053580525918)	(58, 0.23519116471682816)	(60, 0.23598807864553595)	(62, 0.23679455076229416)	(64, 0.23765120336631737)	(66, 0.23860463262435155)	(68, 0.2396225796517264)	(70, 0.2405138806874325)	(72, 0.2415640865994777)	(74, 0.24268478414839506)	(76, 0.24379472873575567)	(78, 0.24498352837453263)	(80, 0.24629538968445935)	(82, 0.24772075447748543)	(84, 0.24919988407829533)	(86, 0.2507148568842945)	(88, 0.25236483909650653)	(90, 0.2538057359451146)
SRR29999121_1 - polya	(1, 0.008801283651185798)	(2, 0.01946660435096535)	(3, 0.025052034360371723)	(4, 0.03384218278426604)	(5, 0.03755689460870377)	(6, 0.041376277569681416)	(7, 0.0470062484882537)	(8, 0.054854356683288814)	(9, 0.06864199511559936)	(10, 0.08621449730428396)	(12, 0.09634978118498906)	(14, 0.10942587859337403)	(16, 0.12574566771176715)	(18, 0.1383162258011189)	(20, 0.1531116023033084)	(22, 0.17340889461021816)	(24, 0.1934879364622149)	(26, 0.21992964718856334)	(28, 0.2470929206433997)	(30, 0.2654549104470502)	(32, 0.2809217411549159)	(34, 0.29728829822793323)	(36, 0.30836228176931013)	(38, 0.31931711837866816)	(40, 0.3313053040806755)	(42, 0.34190938103035196)	(44, 0.3531849121857046)	(46, 0.36733667255044655)	(48, 0.37896407688821)	(50, 0.38905370633701997)	(52, 0.3996778266958211)	(54, 0.41616687126904467)	(56, 0.43137536470374804)	(58, 0.44310966722350964)	(60, 0.45372487940047757)	(62, 0.46501154578312176)	(64, 0.47822572000992103)	(66, 0.49274939696619846)	(68, 0.5080169071055467)	(70, 0.5272452175924743)	(72, 0.5505312049044173)	(74, 0.5680012630020204)	(76, 0.5889343767872737)	(78, 0.6085323768202784)	(80, 0.6226095311621674)	(82, 0.6347747669781093)	(84, 0.6506658498457805)	(86, 0.6689643688538696)	(88, 0.6832508654688384)	(90, 0.6867651432020295)
SRR29999121_2 - polya	(1, 0.01872054412243619)	(2, 0.02343742640310712)	(3, 0.025430632088282043)	(4, 0.02878456254847582)	(5, 0.03122985846168483)	(6, 0.03349921778368845)	(7, 0.036162764151810474)	(8, 0.04285726279944825)	(9, 0.05210840963320985)	(10, 0.06210561669550059)	(12, 0.0687333039793895)	(14, 0.08012686854403184)	(16, 0.09623174777569937)	(18, 0.10686588983906278)	(20, 0.11790980826675265)	(22, 0.12893591033077617)	(24, 0.13803005045972788)	(26, 0.15024650832121061)	(28, 0.1618293717498081)	(30, 0.17153594937979122)	(32, 0.18044413121297523)	(34, 0.1906272965710337)	(36, 0.20021361374626884)	(38, 0.20986674228525287)	(40, 0.22417996344572128)	(42, 0.23668593721678244)	(44, 0.2518999982651316)	(46, 0.2716694807984252)	(48, 0.29067508673952325)	(50, 0.30831662733741505)	(52, 0.3275950463471544)	(54, 0.36192717913224554)	(56, 0.3881974073583052)	(58, 0.4095102323941979)	(60, 0.4290169235634126)	(62, 0.4480815462091555)	(64, 0.47364691454766444)	(66, 0.5023680063005789)	(68, 0.5264846815684663)	(70, 0.557172254461056)	(72, 0.5916001502008539)	(74, 0.6161332829694426)	(76, 0.651263811551333)	(78, 0.6877784488855542)	(80, 0.7102515646052191)	(82, 0.733785867485762)	(84, 0.7810014582470957)	(86, 0.8384492093665701)	(88, 0.867031110778341)	(90, 0.8740106712446407)
SRR29999121_2 - polyg	(1, 0.19625615396687685)	(2, 0.19814246147005354)	(3, 0.1983295332885504)	(4, 0.1984520207887567)	(5, 0.19855446487983833)	(6, 0.19869922283462754)	(7, 0.19884398078941679)	(8, 0.19912681556262038)	(9, 0.19947423465411457)	(10, 0.20001206613229305)	(12, 0.200711358406198)	(14, 0.20118905965700248)	(16, 0.20151309477118456)	(18, 0.20185383272630386)	(20, 0.20225804147698456)	(22, 0.20260991465939532)	(24, 0.20294842556905632)	(26, 0.20334372613790386)	(28, 0.20373457261583483)	(30, 0.20422674966211823)	(32, 0.2047779434130465)	(34, 0.20535252114128685)	(36, 0.2058981472785694)	(38, 0.20649388193866355)	(40, 0.20701835114409228)	(42, 0.20758847478141607)	(44, 0.20828108591894612)	(46, 0.20896701592010128)	(48, 0.20964292421669412)	(50, 0.21036337342245287)	(52, 0.21107825501456587)	(54, 0.2118142935385327)	(56, 0.21262716513081076)	(58, 0.21347121535950492)	(60, 0.21433196842913632)	(62, 0.21524617058976686)	(64, 0.2161870972958969)	(66, 0.21711132116108975)	(68, 0.21817807593561353)	(70, 0.2192626470738037)	(72, 0.2204207107121176)	(74, 0.22171573764611674)	(76, 0.22296622367094993)	(78, 0.2243091320823024)	(80, 0.22579457140298587)	(82, 0.22739804413295897)	(84, 0.22901821970386932)	(86, 0.23061612482019672)	(88, 0.23230645232304337)	(90, 0.23366383652987477)
SRR29999122_1 - polya	(1, 0.006733760772805572)	(2, 0.015958909911169838)	(3, 0.021189175552773186)	(4, 0.02924906440426604)	(5, 0.03285209045942418)	(6, 0.03636437058073747)	(7, 0.041481203805034755)	(8, 0.04830158569651041)	(9, 0.06054197472762866)	(10, 0.07657410010815059)	(12, 0.08546513921735881)	(14, 0.09674238390516918)	(16, 0.11070178966037117)	(18, 0.12196459749506987)	(20, 0.13525372078437237)	(22, 0.15362461636898667)	(24, 0.17148919089089842)	(26, 0.19634326472645125)	(28, 0.2215830087808447)	(30, 0.23843081636217658)	(32, 0.25246756240190543)	(34, 0.26728389850966505)	(36, 0.2770473360283363)	(38, 0.2862704227591132)	(40, 0.29623185140617325)	(42, 0.3053353184968819)	(44, 0.3147646459863971)	(46, 0.3263997183906184)	(48, 0.3362363713786417)	(50, 0.34500779084778177)	(52, 0.35445774241317074)	(54, 0.3686161705005552)	(56, 0.38206409917408624)	(58, 0.39238851155652565)	(60, 0.4019188970178226)	(62, 0.4123515857985996)	(64, 0.4244785424124118)	(66, 0.43840391844242194)	(68, 0.45315631991497274)	(70, 0.47167570884587856)	(72, 0.49338667351825966)	(74, 0.5091826532300262)	(76, 0.5285517540869339)	(78, 0.5468370597566719)	(80, 0.5597405128271337)	(82, 0.5709868214011333)	(84, 0.5851318438391997)	(86, 0.6027293365785454)	(88, 0.6161721092331081)	(90, 0.6193389360835346)
SRR29999122_2 - polya	(1, 0.01569492173998481)	(2, 0.019906358033420942)	(3, 0.021692403004094644)	(4, 0.025120124414325228)	(5, 0.02763213685575775)	(6, 0.030137962074428124)	(7, 0.03285827768218633)	(8, 0.03946210677698677)	(9, 0.04827683680546182)	(10, 0.058215578969060607)	(12, 0.06533810357208789)	(14, 0.07671331262029894)	(16, 0.09270728346045429)	(18, 0.10376694414779575)	(20, 0.11520815023880307)	(22, 0.12624306203509594)	(24, 0.13568167035875434)	(26, 0.14757969973036703)	(28, 0.15894769035202225)	(30, 0.16879568658177618)	(32, 0.17778469005138509)	(34, 0.1879781395520257)	(36, 0.19772610901379156)	(38, 0.207609166172531)	(40, 0.22167891073365797)	(42, 0.23415647663732528)	(44, 0.24916977266968)	(46, 0.2681439224736038)	(48, 0.2865148180582181)	(50, 0.30377923197220136)	(52, 0.32250589286563924)	(54, 0.3547186369729747)	(56, 0.3800047851980842)	(58, 0.4006577347781378)	(60, 0.41971953690452546)	(62, 0.4386462513339394)	(64, 0.4633343013587079)	(66, 0.49065192105738975)	(68, 0.5139653764251675)	(70, 0.5437527292097404)	(72, 0.5763284570524554)	(74, 0.5994150475856209)	(76, 0.6320722405280375)	(78, 0.6660029701556629)	(80, 0.6865301128728861)	(82, 0.7079915262271939)	(84, 0.7517888137528597)	(86, 0.8049184956114338)	(88, 0.8324846354243953)	(90, 0.8393359534296817)
SRR29999122_2 - polyg	(1, 0.29959563818119495)	(2, 0.3022375823006326)	(3, 0.30254694343874)	(4, 0.30279649475681336)	(5, 0.3029161143968816)	(6, 0.30306667015076055)	(7, 0.3032955973929601)	(8, 0.3037183909483736)	(9, 0.3042979274804282)	(10, 0.30504555023085456)	(12, 0.30619740486840796)	(14, 0.3069357467846911)	(16, 0.30737400839701)	(18, 0.3078380501041712)	(20, 0.3083309655175557)	(22, 0.308811506485416)	(24, 0.30931988995570586)	(26, 0.3097952749045977)	(28, 0.3102768470762516)	(30, 0.31075223202514335)	(32, 0.31124514743852794)	(34, 0.31181024711747085)	(36, 0.3124083453178119)	(38, 0.31301881796367736)	(40, 0.3135921672729698)	(42, 0.3142521377009324)	(44, 0.3149162329440697)	(46, 0.3155762033720323)	(48, 0.31631557649210906)	(50, 0.31703432553631206)	(52, 0.31779019791708796)	(54, 0.3185223526106089)	(56, 0.31935865888729276)	(58, 0.32030221035852047)	(60, 0.321303509242195)	(62, 0.3221985941351192)	(64, 0.32317308172015763)	(66, 0.324238315239041)	(68, 0.3254386364548979)	(70, 0.3265997719265945)	(72, 0.32784340370178655)	(74, 0.3291953118753161)	(76, 0.33057403134748164)	(78, 0.3321558979670044)	(80, 0.33385325941142063)	(82, 0.3357877977283859)	(84, 0.3378790790219923)	(86, 0.34010751042015963)	(88, 0.3426587086057524)	(90, 0.34465718155792663)
SRR29999123_1 - polya	(1, 0.006421983925518094)	(2, 0.017027603085302916)	(3, 0.02299730212063001)	(4, 0.03222299085013822)	(5, 0.036372012444849514)	(6, 0.04024874007505806)	(7, 0.04606383152037089)	(8, 0.053685754950477345)	(9, 0.06760043805176161)	(10, 0.08539761772318033)	(12, 0.0954321118303005)	(14, 0.10899142823214897)	(16, 0.12633978437733223)	(18, 0.13992333032686952)	(20, 0.15636250153973008)	(22, 0.17828101189421575)	(24, 0.20006337526645002)	(26, 0.22803234981522547)	(28, 0.25733625706285546)	(30, 0.27665297551075774)	(32, 0.29341174599551345)	(34, 0.3111627741475249)	(36, 0.32297987069174994)	(38, 0.33391316563932616)	(40, 0.34605909175932775)	(42, 0.3570316154984002)	(44, 0.36886140371046217)	(46, 0.38418601572963773)	(48, 0.39653385474704606)	(50, 0.4072133163378825)	(52, 0.41866812345476057)	(54, 0.43607878415114365)	(56, 0.4520414409261244)	(58, 0.46468695724370945)	(60, 0.4761936848199207)	(62, 0.4883557639717149)	(64, 0.5024319773909245)	(66, 0.5180358061025139)	(68, 0.5336557878458958)	(70, 0.5540466829080017)	(72, 0.5775078077986746)	(74, 0.5944234934494148)	(76, 0.613790978568665)	(78, 0.63216851359663)	(80, 0.6455178405851755)	(82, 0.6580906682596941)	(84, 0.6746798319106282)	(86, 0.6941361587047373)	(88, 0.7094400025401797)	(90, 0.7132763475909069)
SRR29999123_2 - polya	(1, 0.017689877388796876)	(2, 0.024008020395648668)	(3, 0.026885567630690374)	(4, 0.0314661059318594)	(5, 0.034920547159491666)	(6, 0.03834729747547958)	(7, 0.04211095388314039)	(8, 0.05036746070509645)	(9, 0.062006873899603555)	(10, 0.0751162129872314)	(12, 0.0842622903457621)	(14, 0.09899731670451015)	(16, 0.11855056168937453)	(18, 0.13181566215500182)	(20, 0.1449469232143481)	(22, 0.15813241230899788)	(24, 0.16936684592070644)	(26, 0.18392995786966249)	(28, 0.19821616070217507)	(30, 0.21017863453253288)	(32, 0.22110269917622768)	(34, 0.23288402829291205)	(36, 0.24427306949463487)	(38, 0.25534366521244767)	(40, 0.26909104905588066)	(42, 0.2817434881013768)	(44, 0.29671619478507216)	(46, 0.3164217397839804)	(48, 0.33524925212616585)	(50, 0.35252607341626796)	(52, 0.3716501092706449)	(54, 0.40429077137141867)	(56, 0.4310344230799318)	(58, 0.4530383137453209)	(60, 0.4731073019595612)	(62, 0.49298706894423183)	(64, 0.5189230690631181)	(66, 0.5471585686364704)	(68, 0.5717780966642652)	(70, 0.6023430941796981)	(72, 0.6360406260748976)	(74, 0.6611170541448241)	(76, 0.6976552120595397)	(78, 0.7368170838525572)	(80, 0.761367384601241)	(82, 0.7858103830673029)	(84, 0.8343040920844652)	(86, 0.8907058639520589)	(88, 0.9173387520139946)	(90, 0.9238080412469052)
SRR29999123_2 - polyg	(1, 0.22430099947114973)	(2, 0.22552862988738245)	(3, 0.22567631474948563)	(4, 0.2257940011239741)	(5, 0.2258978420426404)	(6, 0.22600629811324743)	(7, 0.22613552236758772)	(8, 0.22642396936388298)	(9, 0.22678625879122985)	(10, 0.2273781520276278)	(12, 0.2281396520978473)	(14, 0.22860347486789012)	(16, 0.22888730671224466)	(18, 0.22911344915734017)	(20, 0.22933497645049494)	(22, 0.2295415044998424)	(24, 0.22977687724881934)	(26, 0.23002032651369253)	(28, 0.2302799288103583)	(30, 0.23058337505046092)	(32, 0.23088105235063766)	(34, 0.23116949934693293)	(36, 0.23149371377076883)	(38, 0.23180292895079735)	(40, 0.23213868125448506)	(42, 0.2324421274945877)	(44, 0.2327778797982754)	(46, 0.23313670786166674)	(48, 0.23353361092856903)	(50, 0.23399166475868594)	(52, 0.2344577951046991)	(54, 0.2349400784825048)	(56, 0.23542697701225124)	(58, 0.23592195205789393)	(60, 0.23643077255935882)	(62, 0.2369822832162754)	(64, 0.23757879160461404)	(66, 0.23829298636744112)	(68, 0.23902448795004594)	(70, 0.23975022059272488)	(72, 0.2404828759633149)	(74, 0.24126052906532697)	(76, 0.2421201011142869)	(78, 0.2430177481667578)	(80, 0.24404808083752455)	(82, 0.2451384104835207)	(84, 0.24634642650400534)	(86, 0.24759251752800093)	(88, 0.2489251426508851)	(90, 0.25003508669262936)
SRR29999124_1 - polya	(1, 0.005624990689037087)	(2, 0.0156145822294252)	(3, 0.02125516077864568)	(4, 0.02958798546525565)	(5, 0.03304180991446251)	(6, 0.03637983883087842)	(7, 0.041588410969301916)	(8, 0.04877441451384771)	(9, 0.06146738637747059)	(10, 0.07767764754961845)	(12, 0.08687003138348427)	(14, 0.0996119936648264)	(16, 0.11520208068539198)	(18, 0.1274730669054786)	(20, 0.1425131251452872)	(22, 0.16290093284658533)	(24, 0.18338004087181475)	(26, 0.20923028014880884)	(28, 0.23477210247788857)	(30, 0.25234296116033006)	(32, 0.26784397469413335)	(34, 0.2847066991568148)	(36, 0.2951795143628882)	(38, 0.3056167001742567)	(40, 0.3167063492761588)	(42, 0.32647437051822575)	(44, 0.3367757192622818)	(46, 0.35093617682031303)	(48, 0.3618955559478253)	(50, 0.37153664747125603)	(52, 0.3819749467012091)	(54, 0.39754053851291504)	(56, 0.41225436510745683)	(58, 0.42362793594841364)	(60, 0.43410186457307154)	(62, 0.44549547694854985)	(64, 0.4584066788547403)	(66, 0.4726918392942387)	(68, 0.487208590799319)	(70, 0.505566636421022)	(72, 0.5263396869525668)	(74, 0.54120382505602)	(76, 0.5587256933207423)	(78, 0.5750049864451308)	(80, 0.587062196296988)	(82, 0.598402364580409)	(84, 0.6127743716695007)	(86, 0.6302494763536726)	(88, 0.6436316543211185)	(90, 0.6470743445844801)
SRR29999124_2 - polya	(1, 0.013672780218007803)	(2, 0.018665349151032802)	(3, 0.020901093668765677)	(4, 0.02450188937113027)	(5, 0.02727875532094391)	(6, 0.02995318676098094)	(7, 0.03294382907902402)	(8, 0.03953749393660074)	(9, 0.04899932506792243)	(10, 0.05907799009507281)	(12, 0.06598563899348653)	(14, 0.07759080090002524)	(16, 0.09351491349594931)	(18, 0.10419482455874499)	(20, 0.11482574520382141)	(22, 0.12565262751977482)	(24, 0.13533714236800215)	(26, 0.1478586477696077)	(28, 0.1595228208611264)	(30, 0.16927191398725638)	(32, 0.1781926236864973)	(34, 0.18869327435718392)	(36, 0.19818628120887238)	(38, 0.20753899731891032)	(40, 0.22032215608787997)	(42, 0.23132718537735794)	(44, 0.2444755454420529)	(46, 0.2620809201006148)	(48, 0.27861073240652223)	(50, 0.29331453823380327)	(52, 0.30927539364301676)	(54, 0.3372667368580588)	(56, 0.3595863258035136)	(58, 0.3773464656453248)	(60, 0.3943773163142701)	(62, 0.41119216377781675)	(64, 0.4343022799182866)	(66, 0.4590814105169645)	(68, 0.4808888269135362)	(70, 0.5082766972557639)	(72, 0.536978401527735)	(74, 0.5578227108486897)	(76, 0.5865110540976466)	(78, 0.6163551258373436)	(80, 0.6349236075715226)	(82, 0.6541879759210315)	(84, 0.6902237684092907)	(86, 0.7327708327798715)	(88, 0.7540426948372851)	(90, 0.7591978228836512)
SRR29999124_2 - polyg	(1, 1.493929385790877)	(2, 1.496276472167063)	(3, 1.4966260856026048)	(4, 1.4968309546221579)	(5, 1.4969645648523013)	(6, 1.4971427118258258)	(7, 1.4973342198223647)	(8, 1.498209366829804)	(9, 1.4994831176905044)	(10, 1.501568550699326)	(12, 1.5049455492662003)	(14, 1.5067492873731363)	(16, 1.507313790595492)	(18, 1.5077680653779797)	(20, 1.5081410606037968)	(22, 1.5084995813880147)	(24, 1.5088347203819579)	(26, 1.5091843338174997)	(28, 1.5095127922999356)	(30, 1.5098534983868013)	(32, 1.5102777108675065)	(34, 1.5107074904411344)	(36, 1.511093846689966)	(38, 1.5115102652405792)	(40, 1.511990148650511)	(42, 1.5124833930834571)	(44, 1.5129376678659447)	(46, 1.5134086439272)	(48, 1.513933064080513)	(50, 1.5145498979763417)	(52, 1.5151667318721702)	(54, 1.5158704124175923)	(56, 1.516574092963014)	(58, 1.517334557856247)	(60, 1.5181428997486146)	(62, 1.5188989109675093)	(64, 1.519591457327086)	(66, 1.5204376554513275)	(68, 1.521338411086211)	(70, 1.522192403140544)	(72, 1.5231621907276682)	(74, 1.5241598137794057)	(76, 1.525260984759504)	(78, 1.5264612499936256)	(80, 1.527947663803971)	(82, 1.5297280201206318)	(84, 1.5319693317312875)	(86, 1.5341995091560974)	(88, 1.5369797153616647)	(90, 1.539403627620183)
SRR29999125_1 - polya	(1, 0.004555080619283277)	(2, 0.014397666715135466)	(3, 0.020046368011735653)	(4, 0.028980947948898116)	(5, 0.032552773280318484)	(6, 0.035821093790740346)	(7, 0.04103084183383031)	(8, 0.04798135306512654)	(9, 0.06038240955286692)	(10, 0.0765446683471135)	(12, 0.08567113356366757)	(14, 0.09811357707245319)	(16, 0.11321983975396946)	(18, 0.12520702603125733)	(20, 0.13949056490048015)	(22, 0.15916570387496143)	(24, 0.17925095060343654)	(26, 0.2046976977855009)	(28, 0.2308292120430412)	(30, 0.24832839703226467)	(32, 0.26377202664290733)	(34, 0.2808071753355628)	(36, 0.29122667142174274)	(38, 0.30109057810419404)	(40, 0.3120631552897968)	(42, 0.3218681168210624)	(44, 0.33194899182596305)	(46, 0.3465636268635478)	(48, 0.3577142936548605)	(50, 0.36747912231723373)	(52, 0.37758508036519206)	(54, 0.39275279650219974)	(56, 0.40712538017427746)	(58, 0.4182722845091315)	(60, 0.4284070880566062)	(62, 0.43922289622309824)	(64, 0.45134553093289786)	(66, 0.4649718940740082)	(68, 0.47875251792992357)	(70, 0.4966103904348725)	(72, 0.5164573482542992)	(74, 0.530885114621104)	(76, 0.5479879875300153)	(78, 0.5642029207146831)	(80, 0.5759041603011129)	(82, 0.5869193786599138)	(84, 0.6011728178774673)	(86, 0.6174617460391555)	(88, 0.6309915394644936)	(90, 0.6346486471423102)
SRR29999125_2 - polya	(1, 0.012368448531765329)	(2, 0.01735997410025306)	(3, 0.019532165629052245)	(4, 0.02312907400353034)	(5, 0.02561982017916266)	(6, 0.027897360488804295)	(7, 0.030523555096948346)	(8, 0.03693979751111499)	(9, 0.046052467053987314)	(10, 0.056423051206204666)	(12, 0.06292959257537911)	(14, 0.07414045867003033)	(16, 0.08963174606248271)	(18, 0.0995207357879917)	(20, 0.10923916082070814)	(22, 0.11917580832802681)	(24, 0.12778305455328592)	(26, 0.13946046524881087)	(28, 0.150562220106161)	(30, 0.15965858567104577)	(32, 0.16789460285905053)	(34, 0.17701479731484016)	(36, 0.18549537417265777)	(38, 0.19398347594339269)	(40, 0.2051190929088707)	(42, 0.21516986826210205)	(44, 0.22696015265138675)	(46, 0.24283395645046948)	(48, 0.25805936358650994)	(50, 0.27164433970657503)	(52, 0.2867894811048308)	(54, 0.31348661798332284)	(56, 0.3344134008063847)	(58, 0.3514786491507095)	(60, 0.36695864917378584)	(62, 0.38205738694238484)	(64, 0.40155067385469756)	(66, 0.42324123533886726)	(68, 0.4424397964952518)	(70, 0.46575197671310353)	(72, 0.49171418043000414)	(74, 0.5110795438227225)	(76, 0.5387636984455362)	(78, 0.5692207834783815)	(80, 0.5876505493650466)	(82, 0.6062671839224918)	(84, 0.6418086017831385)	(86, 0.6847068761726166)	(88, 0.7058744562090327)	(90, 0.7108208323000165)
SRR29999125_2 - polyg	(1, 0.17041168622989347)	(2, 0.17168339651292025)	(3, 0.17182135324973774)	(4, 0.17195680168224947)	(5, 0.17202452589850534)	(6, 0.17210729994059584)	(7, 0.17225528989463643)	(8, 0.17248354558646173)	(9, 0.17275695075579098)	(10, 0.1732335285738878)	(12, 0.17381043856421552)	(14, 0.174169126079941)	(16, 0.1743998900760721)	(18, 0.17465573711526092)	(20, 0.17488023035062758)	(22, 0.17510597773814712)	(24, 0.1753317251256667)	(26, 0.17557628479547951)	(28, 0.17583213183466834)	(30, 0.17612434928629087)	(32, 0.17646422451972305)	(34, 0.17683545355697744)	(36, 0.17720041183346735)	(38, 0.17758418239225057)	(40, 0.17803567716728969)	(42, 0.17845456398635373)	(44, 0.17890856706569858)	(46, 0.1793211831239982)	(48, 0.17981908152869408)	(50, 0.18026179723866298)	(52, 0.18076345809981753)	(54, 0.18135918037243853)	(56, 0.1818871784288037)	(58, 0.18243900537607372)	(60, 0.18301466121424853)	(62, 0.18359533366103492)	(64, 0.18423745956331275)	(66, 0.18501754220240807)	(68, 0.18574745875538795)	(70, 0.18648239191697935)	(72, 0.18722484999148808)	(74, 0.18807391099899212)	(76, 0.1889781547012232)	(78, 0.18997771396707364)	(80, 0.19097852738507698)	(82, 0.19201069460690243)	(84, 0.19299645819907113)	(86, 0.19401608389936773)	(88, 0.19516363311925877)	(90, 0.1960340147133619)
SRR29999126_1 - polya	(1, 0.0024058986777738757)	(2, 0.007075899106419012)	(3, 0.009832803291771492)	(4, 0.01425640250317602)	(5, 0.016202042303462717)	(6, 0.018063998671479023)	(7, 0.021137040267630774)	(8, 0.024705208838049036)	(9, 0.03120694661750172)	(10, 0.03964153922842202)	(12, 0.044588159891516516)	(14, 0.0506575332709055)	(16, 0.058127441870930954)	(18, 0.0643246649385108)	(20, 0.07158420268796764)	(22, 0.08124150322594983)	(24, 0.09024677035415851)	(26, 0.10255753305704783)	(28, 0.11520767856858932)	(30, 0.1238224230128695)	(32, 0.13088205034079148)	(34, 0.13977922636898424)	(36, 0.14560568534081053)	(38, 0.1507626768544737)	(40, 0.15637411589616076)	(42, 0.16150669974207837)	(44, 0.1666218495396063)	(46, 0.17330373915241887)	(48, 0.17886287604893694)	(50, 0.18376765499589626)	(52, 0.18893045785902263)	(54, 0.19656773332358884)	(56, 0.20360295298376532)	(58, 0.20906329693940864)	(60, 0.21405059704874568)	(62, 0.2194818842570729)	(64, 0.22555241990635452)	(66, 0.2325806659471751)	(68, 0.2402818662558368)	(70, 0.25042732014872965)	(72, 0.2611818034653681)	(74, 0.2691410276901969)	(76, 0.2790819220819843)	(78, 0.28734101193911527)	(80, 0.29346501200345854)	(82, 0.29908574920428677)	(84, 0.3060814516881133)	(86, 0.31449279890118076)	(88, 0.32126302102583426)	(90, 0.3230273467228685)
SRR29999126_2 - polya	(1, 0.006552877654729039)	(2, 0.009226098407811124)	(3, 0.010483674431652348)	(4, 0.012678039988964945)	(5, 0.014453988384925565)	(6, 0.016081166234627704)	(7, 0.017799001135956102)	(8, 0.021743745151591144)	(9, 0.027046020401834823)	(10, 0.03283644900698915)	(12, 0.03694623534737969)	(14, 0.043468893984899976)	(16, 0.0520429589829376)	(18, 0.05784036120744779)	(20, 0.06408988642019664)	(22, 0.0703684683802616)	(24, 0.0754615350498293)	(26, 0.08268969151218472)	(28, 0.08928208634326368)	(30, 0.0953084557366248)	(32, 0.1009280306675604)	(34, 0.10674751602003084)	(36, 0.11244612530366625)	(38, 0.1178471934947847)	(40, 0.12562277907657565)	(42, 0.13294507940023526)	(44, 0.1408915186562449)	(46, 0.15068596704155915)	(48, 0.1602607464171636)	(50, 0.16889641171951136)	(52, 0.17837820950370425)	(54, 0.19384337269523044)	(56, 0.20634242312072815)	(58, 0.2168528297599113)	(60, 0.22614517755160318)	(62, 0.23525504897014984)	(64, 0.24733219542461762)	(66, 0.26040424490718905)	(68, 0.2722117447465633)	(70, 0.28626126320884865)	(72, 0.30124989574439065)	(74, 0.31230656923311667)	(76, 0.3280169713719908)	(78, 0.34476179371531845)	(80, 0.3555000052534599)	(82, 0.3663358474625835)	(84, 0.3868057448118364)	(86, 0.41234313889301877)	(88, 0.4255000340777533)	(90, 0.4285498302760521)
SRR29999126_2 - polyg	(1, 0.1716184478080845)	(2, 0.17321540664057788)	(3, 0.1733409317889835)	(4, 0.17341764160189801)	(5, 0.1734850532556714)	(6, 0.17355943852880062)	(7, 0.1736477710406416)	(8, 0.1738988213374528)	(9, 0.17416149433319042)	(10, 0.1746763798956319)	(12, 0.1754213948968169)	(14, 0.17583632524849097)	(16, 0.17611294548294035)	(18, 0.1763186672539384)	(20, 0.1765546080421452)	(22, 0.17673359760561244)	(24, 0.1769544288852149)	(26, 0.1771961810228849)	(28, 0.17750418254443567)	(30, 0.17774361014232043)	(32, 0.17801209448752126)	(34, 0.17829685061121914)	(36, 0.17864669384890508)	(38, 0.17890704230485743)	(40, 0.17933475762535056)	(42, 0.17978455607380395)	(44, 0.18019135053622948)	(46, 0.1805923336491918)	(48, 0.18091079559977635)	(50, 0.18124320478907266)	(52, 0.18180574341711253)	(54, 0.18229854585159377)	(56, 0.18268790626562964)	(58, 0.18317489735064763)	(60, 0.18367002432491414)	(62, 0.1841140114239043)	(64, 0.18476604483367778)	(66, 0.18539483284559838)	(68, 0.18601664723816314)	(70, 0.18656407635759864)	(72, 0.18717891713080753)	(74, 0.18785884501800448)	(76, 0.18859339959015575)	(78, 0.1893593354494084)	(80, 0.19016130167533302)	(82, 0.1909934869184664)	(84, 0.19181521173256597)	(86, 0.19258463440149654)	(88, 0.19348306902851067)	(90, 0.19422227268023248)
SRR29999127_1 - polya	(1, 0.003046211900868538)	(2, 0.0068955373159552994)	(3, 0.009723995406846302)	(4, 0.013882390745772145)	(5, 0.01612548913242246)	(6, 0.01800800594126051)	(7, 0.021798795385923206)	(8, 0.025479537206188646)	(9, 0.03201917582196561)	(10, 0.03967099787579988)	(12, 0.04437611917848652)	(14, 0.05065468736617214)	(16, 0.05664525857937133)	(18, 0.0614311595212432)	(20, 0.06696397944572618)	(22, 0.07441912063893558)	(24, 0.08168226384915403)	(26, 0.09181952320719425)	(28, 0.10264399485801304)	(30, 0.11041874244973786)	(32, 0.1168846257427805)	(34, 0.12400259974634725)	(36, 0.12928722715623217)	(38, 0.1338120576700127)	(40, 0.13843288717528868)	(42, 0.14315908142732797)	(44, 0.14785483697474677)	(46, 0.15306219690367195)	(48, 0.15796399906698344)	(50, 0.16225585641847617)	(52, 0.16650439715185508)	(54, 0.17235448203603654)	(56, 0.17813081159748362)	(58, 0.18325739188722356)	(60, 0.18767685765424075)	(62, 0.1927601213258669)	(64, 0.19757060737531687)	(66, 0.20327318161402963)	(68, 0.21155485070962687)	(70, 0.22092880101333726)	(72, 0.22907466665755066)	(74, 0.23520572419976762)	(76, 0.24302847128724017)	(78, 0.2504192229129831)	(80, 0.25576121557388365)	(82, 0.26012214537047673)	(84, 0.26550160105244863)	(86, 0.2726898182205243)	(88, 0.2785422445435227)	(90, 0.27984642596457093)
SRR29999127_2 - polya	(1, 0.009578826200194611)	(2, 0.012374504147648135)	(3, 0.013608442404187505)	(4, 0.015821102086217304)	(5, 0.017968201481372147)	(6, 0.0201457395811475)	(7, 0.0222389858835122)	(8, 0.026701768268643202)	(9, 0.03202385869959953)	(10, 0.039160564213701995)	(12, 0.04462314097367609)	(14, 0.05226091439460859)	(16, 0.0618081311707742)	(18, 0.06922229718468675)	(20, 0.07682026614573087)	(22, 0.0841981398579805)	(24, 0.09092158142088905)	(26, 0.09821282189691104)	(28, 0.10499362871083517)	(30, 0.11123239243863242)	(32, 0.11737866933315963)	(34, 0.12379304097222908)	(36, 0.13036545973144353)	(38, 0.13625417835610484)	(40, 0.14436960529569773)	(42, 0.15210806058575962)	(44, 0.15942154473054276)	(46, 0.1684138405070882)	(48, 0.17733238096089932)	(50, 0.18605658199290254)	(52, 0.1944693716622497)	(54, 0.20716933580545566)	(56, 0.21822560989915374)	(58, 0.22786297206977243)	(60, 0.23749096848512324)	(62, 0.2464774106646263)	(64, 0.25731827238716387)	(66, 0.2696670207078254)	(68, 0.28074319703146766)	(70, 0.29419359231551023)	(72, 0.30752925709752155)	(74, 0.31710574185889917)	(76, 0.3295259040634781)	(78, 0.3425677182739606)	(80, 0.35121231038618705)	(82, 0.3599177799076546)	(84, 0.37581732019424013)	(86, 0.3959337917901756)	(88, 0.4075016702653801)	(90, 0.41014983756736495)
SRR29999127_2 - polyg	(1, 0.17756769556200408)	(2, 0.17915519107990482)	(3, 0.1793027017253735)	(4, 0.17943148086030644)	(5, 0.17956962575050725)	(6, 0.17971245351834197)	(7, 0.17988103711316328)	(8, 0.18009879092314082)	(9, 0.18053429854309588)	(10, 0.18147204478928947)	(12, 0.1827586654192105)	(14, 0.1834248047626364)	(16, 0.18381816648388616)	(18, 0.18426186913970058)	(20, 0.18491513056963318)	(22, 0.1853927840882936)	(24, 0.18581424307534689)	(26, 0.1863410668091635)	(28, 0.18684915903244442)	(30, 0.18738886067975435)	(32, 0.18805968290081415)	(34, 0.1887375294383249)	(36, 0.18940483950115927)	(38, 0.1902899033739712)	(40, 0.19097243278911583)	(42, 0.19157301184566677)	(44, 0.19237261320165955)	(46, 0.19304577686153634)	(48, 0.19363933160163638)	(50, 0.19427269080162485)	(52, 0.1950301462589123)	(54, 0.19576535804743858)	(56, 0.1963542299099047)	(58, 0.19704729579972569)	(60, 0.19770992298492612)	(62, 0.19835147722077395)	(64, 0.19921312670541624)	(66, 0.20018131165623032)	(68, 0.20120452041924303)	(70, 0.20219729047763524)	(72, 0.20339727787132866)	(74, 0.20458555807093726)	(76, 0.2059353975489163)	(78, 0.20735313875258723)	(80, 0.20876151420099032)	(82, 0.2102658886408889)	(84, 0.2117117271103634)	(86, 0.21328400327595387)	(88, 0.21498388785706884)	(90, 0.21627636208403228)
SRR29999128_1 - polya	(1, 0.004076432367348095)	(2, 0.010918294938823484)	(3, 0.015075404362369782)	(4, 0.02054799800781456)	(5, 0.023136386894173574)	(6, 0.02542671887846701)	(7, 0.02872551406523798)	(8, 0.033303937004486)	(9, 0.0414859351205871)	(10, 0.05177113927118857)	(12, 0.05786113649948349)	(14, 0.06600615763149374)	(16, 0.07597313561598007)	(18, 0.0844901676182376)	(20, 0.09479666154755804)	(22, 0.10828653765269926)	(24, 0.12142681318098159)	(26, 0.13813592793136498)	(28, 0.15476436562555018)	(30, 0.16641883870218227)	(32, 0.17698193049079977)	(34, 0.189024101643051)	(36, 0.19672091690729346)	(38, 0.20374542336988422)	(40, 0.21135371797524255)	(42, 0.21831659613101523)	(44, 0.2251864715692261)	(46, 0.23482962081425024)	(48, 0.24206590454936128)	(50, 0.24864892823220075)	(52, 0.2555994807266099)	(54, 0.26590933619993856)	(56, 0.275561449562318)	(58, 0.28333894188275865)	(60, 0.29026596356910994)	(62, 0.2976591193579397)	(64, 0.30613021025875103)	(66, 0.3157823236211305)	(68, 0.3260372738756576)	(70, 0.33863073824526324)	(72, 0.3526965588904861)	(74, 0.3629940887024512)	(76, 0.37492981096110756)	(78, 0.38595119324951765)	(80, 0.39394830644516454)	(82, 0.4016014216372996)	(84, 0.41126698117571214)	(86, 0.4228855977829228)	(88, 0.4327696576818721)	(90, 0.4355238827393052)
SRR29999128_2 - polya	(1, 0.009271138374776838)	(2, 0.013009175311960249)	(3, 0.014846819369808207)	(4, 0.01757415207517524)	(5, 0.01984207376608028)	(6, 0.022040523547481317)	(7, 0.024245696416898867)	(8, 0.02924543287184862)	(9, 0.035751141042498165)	(10, 0.04320256359413775)	(12, 0.048793931794540994)	(14, 0.05734682026621994)	(16, 0.06824830748500213)	(18, 0.07654123655337576)	(20, 0.08465600378931168)	(22, 0.09296349954838777)	(24, 0.10003730865643298)	(26, 0.10933982144195357)	(28, 0.11812577696487178)	(30, 0.1258035434797341)	(32, 0.1329053654545148)	(34, 0.14051926263322023)	(36, 0.14794043128878548)	(38, 0.15491899664993009)	(40, 0.16358841864722862)	(42, 0.17174464492593308)	(44, 0.18085554970298293)	(46, 0.19201811683973988)	(48, 0.20297450927732363)	(50, 0.21290226924838027)	(52, 0.2243068675537318)	(54, 0.2421208097681628)	(56, 0.25722086545325984)	(58, 0.26975270151604736)	(60, 0.28131529238978703)	(62, 0.29295071671703904)	(64, 0.30722271206143503)	(66, 0.32336372587442275)	(68, 0.33803686547047096)	(70, 0.3558026255541169)	(72, 0.374701225968546)	(74, 0.3892836038763712)	(76, 0.40964559644906207)	(78, 0.43080315443704087)	(80, 0.44447791546263626)	(82, 0.45847426419835513)	(84, 0.48374186999376456)	(86, 0.5136965886513557)	(88, 0.5289535163901715)	(90, 0.5325470069349998)
SRR29999128_2 - polyg	(1, 0.3347963370465098)	(2, 0.3362395599407221)	(3, 0.3363964319944408)	(4, 0.33650176037336627)	(5, 0.336602606693614)	(6, 0.33670345301386173)	(7, 0.3368379147741921)	(8, 0.3371785512336956)	(9, 0.33761779298410804)	(10, 0.3383562121512555)	(12, 0.33944535240993123)	(14, 0.34004482775807066)	(16, 0.3403809821588965)	(18, 0.34070481089835875)	(20, 0.34103760375517633)	(22, 0.34138272227335753)	(24, 0.3416852612341008)	(26, 0.3420662362217034)	(28, 0.34237773929980203)	(30, 0.34270156803926427)	(32, 0.34315985853905684)	(34, 0.3436416798469072)	(36, 0.3441078139493857)	(38, 0.3446064429772774)	(40, 0.34511515663719383)	(42, 0.34567877551591186)	(44, 0.34626368417334885)	(46, 0.34677127731859586)	(48, 0.3472250857597108)	(50, 0.3477181122142553)	(52, 0.3482929362396675)	(54, 0.34884422945702187)	(56, 0.3493719918663185)	(58, 0.3499580210384249)	(60, 0.35053620660784535)	(62, 0.35119170768945573)	(64, 0.35197494744338)	(66, 0.3527974052107339)	(68, 0.35367700922622813)	(70, 0.35463841081259007)	(72, 0.35558524570824956)	(74, 0.3565074292811818)	(76, 0.3575461463797336)	(78, 0.3587921586921281)	(80, 0.3600841121059688)	(82, 0.36143881434129693)	(84, 0.362774467827245)	(86, 0.364179593222697)	(88, 0.3657494342745537)	(90, 0.36697527732289864)
SRR29999129_1 - polya	(1, 0.0037762257619663306)	(2, 0.00802877351210064)	(3, 0.010584424179386525)	(4, 0.01424843947298636)	(5, 0.01624761781755677)	(6, 0.018166645827579684)	(7, 0.020845957011024565)	(8, 0.024537452419326398)	(9, 0.030317436544980137)	(10, 0.037723327457168804)	(12, 0.042405251999521845)	(14, 0.04812569587665459)	(16, 0.05510908002530003)	(18, 0.06071845843884552)	(20, 0.06744421651215972)	(22, 0.07615655787747258)	(24, 0.08466279838252044)	(26, 0.09567430934456721)	(28, 0.10734076304034493)	(30, 0.11554586728845007)	(32, 0.12217773496986575)	(34, 0.12952866565265042)	(36, 0.13508651885112968)	(38, 0.1400180544353592)	(40, 0.14528278641035047)	(42, 0.1496109044759153)	(44, 0.15444053463479157)	(46, 0.16033845425270804)	(48, 0.16566845150011655)	(50, 0.1703366359851186)	(52, 0.1754536623435866)	(54, 0.18382135727034524)	(56, 0.19107267253733518)	(58, 0.19675075123763566)	(60, 0.20182083240015444)	(62, 0.20703632916963793)	(64, 0.21349644613416616)	(66, 0.22107523276802157)	(68, 0.22876164985112646)	(70, 0.23926363368640702)	(72, 0.2520773821709932)	(74, 0.2610026944252465)	(76, 0.272191681128077)	(78, 0.2823639035869336)	(80, 0.2893999579554245)	(82, 0.295907020115902)	(84, 0.3041178493879033)	(86, 0.3142648817416164)	(88, 0.3219856489680988)	(90, 0.323809641581444)
SRR29999129_2 - polya	(1, 0.011243946932234496)	(2, 0.01422782938695986)	(3, 0.0156109951602938)	(4, 0.017729254001906204)	(5, 0.01982919276705061)	(6, 0.02207340213438051)	(7, 0.02381609940839893)	(8, 0.02768850557182226)	(9, 0.03242424533880004)	(10, 0.03790309320751105)	(12, 0.04170450907462088)	(14, 0.04745586808079337)	(16, 0.054701458323887044)	(18, 0.0600051204613728)	(20, 0.0657656395057793)	(22, 0.07132349270425856)	(24, 0.07581191143891836)	(26, 0.0823235536185128)	(28, 0.08856382966542503)	(30, 0.09438503396313176)	(32, 0.09992914710426001)	(34, 0.10551677042699976)	(36, 0.11082043256448552)	(38, 0.11614584979277703)	(40, 0.12349220045644471)	(42, 0.13141334351929584)	(44, 0.13985317374714723)	(46, 0.150191421898995)	(48, 0.1603579193339553)	(50, 0.1704351063961341)	(52, 0.18143173229605059)	(54, 0.19922625157037405)	(56, 0.21517845815488434)	(58, 0.2296810886888642)	(60, 0.24188225961655163)	(62, 0.2537628292060491)	(64, 0.26944366965787714)	(66, 0.28769046582000435)	(68, 0.3030564299575387)	(70, 0.32204518921661984)	(72, 0.3435105938132186)	(74, 0.35963798612895415)	(76, 0.38362354624468203)	(78, 0.4095750795663821)	(80, 0.4253669854817974)	(82, 0.4414829277497404)	(84, 0.47457127586050546)	(86, 0.5149189542717152)	(88, 0.5342993051652998)	(90, 0.5388919193348713)
SRR29999129_2 - polyg	(1, 0.20962747498508058)	(2, 0.2115785631289225)	(3, 0.2117480238362515)	(4, 0.21187397436196898)	(5, 0.211942674648724)	(6, 0.21206175514576597)	(7, 0.21225640595823847)	(8, 0.21258616733466246)	(9, 0.21299378903607544)	(10, 0.2136464417602479)	(12, 0.21448573026343812)	(14, 0.21503418755269885)	(16, 0.21532272875706981)	(18, 0.21562730002835032)	(20, 0.21597652648602156)	(22, 0.2163440730201608)	(24, 0.21667841441570176)	(26, 0.21699672574433326)	(28, 0.21735396723545924)	(30, 0.21771464374092298)	(32, 0.21821615583423445)	(34, 0.2186867527985062)	(36, 0.21910696955249093)	(38, 0.21957069648808714)	(40, 0.22004358346191738)	(42, 0.2205164704357476)	(44, 0.22112103295919158)	(46, 0.22166147521499757)	(48, 0.22214695724139952)	(50, 0.22265419435860725)	(52, 0.22328280198241549)	(54, 0.2238495793481442)	(56, 0.22439803663740493)	(58, 0.22502206424209614)	(60, 0.2256770069758271)	(62, 0.2263617198338186)	(64, 0.22718841328443706)	(66, 0.22800709170160077)	(68, 0.22890248543897423)	(70, 0.22985856442964792)	(72, 0.23081349841554238)	(74, 0.23175698235364434)	(76, 0.23278405164063154)	(78, 0.23407218201728774)	(80, 0.23534542733181368)	(82, 0.23675149320073263)	(84, 0.23808084374944183)	(86, 0.2394903446326985)	(88, 0.24100518595564618)	(90, 0.24224179111723612)
SRR29999130_1 - polya	(1, 0.005925114101666786)	(2, 0.016135589242381697)	(3, 0.021903538513765544)	(4, 0.030804306735455967)	(5, 0.03440338134893526)	(6, 0.038078418963717976)	(7, 0.043736352853903766)	(8, 0.05112309987720188)	(9, 0.06453449872801265)	(10, 0.08106823887377779)	(12, 0.09029643382522433)	(14, 0.1032376478921053)	(16, 0.11898556388645574)	(18, 0.13141992137567424)	(20, 0.1459602875906841)	(22, 0.16586783275985634)	(24, 0.18630057040355735)	(26, 0.21287321408364523)	(28, 0.23932274531334474)	(30, 0.25700902754785143)	(32, 0.2719855261668965)	(34, 0.28836472089621673)	(36, 0.29917897092660195)	(38, 0.30924275889238606)	(40, 0.32039098418712253)	(42, 0.3306957582260072)	(44, 0.34121139507885484)	(46, 0.3547105442932402)	(48, 0.36569767563693667)	(50, 0.3753855777169608)	(52, 0.3857676244640679)	(54, 0.4013125358859696)	(56, 0.41590398067082146)	(58, 0.4272250872788691)	(60, 0.4377341755971216)	(62, 0.44892431151326684)	(64, 0.4618092081826297)	(66, 0.47601167001253125)	(68, 0.49044594996710017)	(70, 0.5084622783452011)	(72, 0.5294856938093822)	(74, 0.5446376931555764)	(76, 0.5623855316152773)	(78, 0.5790201191938074)	(80, 0.5911663411608404)	(82, 0.6024782798204549)	(84, 0.6168588617913437)	(86, 0.6339963768267792)	(88, 0.6475701793355491)	(90, 0.6508719504784097)
SRR29999130_2 - polya	(1, 0.013937901032258605)	(2, 0.0188204884263819)	(3, 0.020881967116926442)	(4, 0.024719408389668195)	(5, 0.027401688159830347)	(6, 0.030010624342527128)	(7, 0.03292603194427564)	(8, 0.03986747861510542)	(9, 0.04974266878455007)	(10, 0.06027926094810208)	(12, 0.06744728691592311)	(14, 0.07912725321978349)	(16, 0.09590590855940621)	(18, 0.10675552067660507)	(20, 0.11757108041390929)	(22, 0.12860012237901453)	(24, 0.13822515852692546)	(26, 0.15154618760032354)	(28, 0.1638338579146113)	(30, 0.17384132848287742)	(32, 0.182804962636681)	(34, 0.19293554565533544)	(36, 0.20234971898928344)	(38, 0.21165387694203341)	(40, 0.22493037598018467)	(42, 0.23645710657451918)	(44, 0.2501972418620051)	(46, 0.2679621065116532)	(48, 0.28486256459474524)	(50, 0.3001625608227893)	(52, 0.31709838099269494)	(54, 0.3459721797295089)	(56, 0.3686785685846364)	(58, 0.38708257021076853)	(60, 0.404331410334321)	(62, 0.42087169901468124)	(64, 0.44285512965050733)	(66, 0.46653070162571303)	(68, 0.48711667497893996)	(70, 0.5127502587980872)	(72, 0.5410006370414454)	(74, 0.5616429277921904)	(76, 0.5918238140341907)	(78, 0.6236431436318906)	(80, 0.6431407505354082)	(82, 0.6628204067006702)	(84, 0.7015759441415238)	(86, 0.7468079822969536)	(88, 0.769131936731726)	(90, 0.77442970121918)
SRR29999130_2 - polyg	(1, 0.22205818870676394)	(2, 0.2236691282171641)	(3, 0.22382891246128506)	(4, 0.22394940549783532)	(5, 0.22403322674065287)	(6, 0.2241249062249846)	(7, 0.2242218245369924)	(8, 0.22452305712836804)	(9, 0.22490287213488513)	(10, 0.2254097287125476)	(12, 0.22609208601735936)	(14, 0.22653345724907065)	(16, 0.22674432006303358)	(18, 0.22700888086067653)	(20, 0.22727868048599556)	(22, 0.2275091889037439)	(24, 0.22780780208128146)	(26, 0.22807367258584343)	(28, 0.22834871103883858)	(30, 0.22872066780384154)	(32, 0.22909524398268252)	(34, 0.2294370774885479)	(36, 0.22981165366738893)	(38, 0.23014824834557823)	(40, 0.23051889540366216)	(42, 0.23099955784294413)	(44, 0.23144878731616952)	(46, 0.2319058750309091)	(48, 0.23241535102240962)	(50, 0.23295102115229063)	(52, 0.2335377698520136)	(54, 0.2340996341202751)	(56, 0.23464840131934636)	(58, 0.2352770606404781)	(60, 0.23589655201317672)	(62, 0.23651080455819917)	(64, 0.2371538706554402)	(66, 0.23781527264954755)	(68, 0.23858538031793397)	(70, 0.23934762974480622)	(72, 0.24014393155157313)	(74, 0.2409821439797488)	(76, 0.24186226702933322)	(78, 0.24281049483870698)	(80, 0.2437849167864612)	(82, 0.24497413066893542)	(84, 0.24622621048352283)	(86, 0.2473682749169122)	(88, 0.2485980897138762)	(90, 0.2496537134906099)
SRR29999131_1 - polya	(1, 0.008475189205381211)	(2, 0.018524625003818043)	(3, 0.02407656699788056)	(4, 0.03229680746256251)	(5, 0.03586608983235214)	(6, 0.039573985109706424)	(7, 0.044710088381075)	(8, 0.05198974125871114)	(9, 0.06475945536810415)	(10, 0.0815600823340869)	(12, 0.0907716526109053)	(14, 0.10289409394658125)	(16, 0.1187046287156737)	(18, 0.13121444362338297)	(20, 0.14555097863435495)	(22, 0.16492708292749866)	(24, 0.18409526785929542)	(26, 0.20926588673473978)	(28, 0.23580283284189282)	(30, 0.25350815655278414)	(32, 0.26838924227204575)	(34, 0.28484952504534744)	(36, 0.29567742083358933)	(38, 0.3052887408349022)	(40, 0.3165349505763302)	(42, 0.32634181378652893)	(44, 0.3366499111714033)	(46, 0.35033174771718156)	(48, 0.3617326593643737)	(50, 0.37175734285788825)	(52, 0.3823550422103531)	(54, 0.3991878471727348)	(56, 0.41426818894662065)	(58, 0.4256554868261055)	(60, 0.4362111072602025)	(62, 0.447331080246527)	(64, 0.4604931183889378)	(66, 0.475324699498355)	(68, 0.49030974489829005)	(70, 0.5099655502370553)	(72, 0.5332562315536542)	(74, 0.5494430013575649)	(76, 0.5693921215096589)	(78, 0.5881766457151607)	(80, 0.6014686334584134)	(82, 0.6137841427724828)	(84, 0.6300575456436215)	(86, 0.6497244895196018)	(88, 0.6645969119321407)	(90, 0.6682701539826038)
SRR29999131_2 - polya	(1, 0.018175617504414203)	(2, 0.02367310442764775)	(3, 0.025920613714588796)	(4, 0.029900784346087915)	(5, 0.03239829191274377)	(6, 0.03495025455022859)	(7, 0.037848749456625023)	(8, 0.04502444265358768)	(9, 0.054856058168708643)	(10, 0.06559855850496871)	(12, 0.07256633234058439)	(14, 0.08433481571587206)	(16, 0.10075301957080593)	(18, 0.11128883816096513)	(20, 0.12181599344440155)	(22, 0.1328629471312054)	(24, 0.1422316945442801)	(26, 0.15488383520529242)	(28, 0.1668862278620954)	(30, 0.17657551762391338)	(32, 0.1851286765897997)	(34, 0.19486499573097)	(36, 0.20407161554680392)	(38, 0.21318665183442548)	(40, 0.22605413754826142)	(42, 0.2375268308797281)	(44, 0.2513856464057005)	(46, 0.26974319335129326)	(48, 0.2870611434901512)	(50, 0.30316004261158797)	(52, 0.32090249477986266)	(54, 0.35239732756294395)	(56, 0.3774454225290232)	(58, 0.3982225072807667)	(60, 0.41731148483681224)	(62, 0.43557002256271604)	(64, 0.4597592125479929)	(66, 0.48649170186403173)	(68, 0.5089717451944267)	(70, 0.5376460528316167)	(72, 0.5697015253211871)	(74, 0.5937879932410366)	(76, 0.6288966625427677)	(78, 0.6669978855095997)	(80, 0.689821985878414)	(82, 0.7134134076998183)	(84, 0.7604960045076918)	(86, 0.81473449266859)	(88, 0.8410672322601345)	(90, 0.8474570397758154)
SRR29999131_2 - polyg	(1, 0.18913978760245165)	(2, 0.1913674950454549)	(3, 0.19158779055926298)	(4, 0.19171897777535096)	(5, 0.19184026406947002)	(6, 0.1919541246721124)	(7, 0.19213234126755266)	(8, 0.19243926984858867)	(9, 0.1927981782699614)	(10, 0.19330683813611382)	(12, 0.19392193291343193)	(14, 0.19434272209711034)	(16, 0.19463356167994686)	(18, 0.19494791595245953)	(20, 0.19527712160792557)	(22, 0.1956347924140522)	(24, 0.19598998798968661)	(26, 0.19632785695187543)	(28, 0.19669666629521707)	(30, 0.19708775271298876)	(32, 0.19756794742848055)	(34, 0.1980196769933118)	(36, 0.19847759463437353)	(38, 0.19889095812657526)	(40, 0.19936372715059042)	(42, 0.19992312924183342)	(44, 0.2004367395689703)	(46, 0.20097386458578329)	(48, 0.20160381074605477)	(50, 0.20217435137451284)	(52, 0.2028154360719993)	(54, 0.20343919415604023)	(56, 0.20415082292255515)	(58, 0.2049144315294068)	(60, 0.2057374456680719)	(62, 0.2065629350372292)	(64, 0.2074255528637699)	(66, 0.20830425968851007)	(68, 0.20921019404866473)	(70, 0.21017182109489446)	(72, 0.21120522982539874)	(74, 0.2122089357899963)	(76, 0.21331907666575958)	(78, 0.21458639467777918)	(80, 0.2159564347552262)	(82, 0.2174032069779322)	(84, 0.21889205811900603)	(86, 0.22029427619285194)	(88, 0.22183758240475474)	(90, 0.22310490041677436)
SRR29999132_1 - polya	(1, 0.0017993275238295627)	(2, 0.0042531604344521285)	(3, 0.005706117409944501)	(4, 0.007694374323776168)	(5, 0.008614280520334031)	(6, 0.00953868503570147)	(7, 0.01092641638845502)	(8, 0.01252107040644897)	(9, 0.015426984357433714)	(10, 0.019192077201047073)	(12, 0.021424367910298125)	(14, 0.02430216736872303)	(16, 0.028118990878646492)	(18, 0.031004662394988152)	(20, 0.03434466411109678)	(22, 0.038970060427041146)	(24, 0.04329406938274406)	(26, 0.04859871183893409)	(28, 0.05411027696036452)	(30, 0.05804855507814648)	(32, 0.061340199867052185)	(34, 0.0649748414651879)	(36, 0.06760073507027667)	(38, 0.07022325493625825)	(40, 0.07290425294676431)	(42, 0.07525912284357625)	(44, 0.07783216120265252)	(46, 0.08087752303673407)	(48, 0.0834899216853941)	(50, 0.08591788926286162)	(52, 0.08851454379568816)	(54, 0.09243257947882703)	(56, 0.095922150295354)	(58, 0.09873472413104008)	(60, 0.10135836857672406)	(62, 0.10419006026735084)	(64, 0.10734450633256454)	(66, 0.11080371349712687)	(68, 0.11461154036943118)	(70, 0.11951920619067632)	(72, 0.12493855577651047)	(74, 0.1288116082715536)	(76, 0.13374064110714423)	(78, 0.13806352548314474)	(80, 0.14117861125877468)	(82, 0.14418798654237963)	(84, 0.1480666619359347)	(86, 0.15273254312116524)	(88, 0.15654824205138632)	(90, 0.15750863311723035)
SRR29999132_2 - polya	(1, 0.003954022233615464)	(2, 0.005436218281370067)	(3, 0.0061199627404253006)	(4, 0.0071680710230560205)	(5, 0.007995761684017619)	(6, 0.008884179648908466)	(7, 0.00983332491772856)	(8, 0.011844073425608097)	(9, 0.014403616828255649)	(10, 0.01735001564852656)	(12, 0.019612670009742234)	(14, 0.023038139783232763)	(16, 0.027298047695899254)	(18, 0.030394015616588495)	(20, 0.03354396336299262)	(22, 0.03683785731130312)	(24, 0.03965492946579877)	(26, 0.043328931353518264)	(28, 0.046683552605758)	(30, 0.04977614678734007)	(32, 0.05281138740410006)	(34, 0.05620986726473315)	(36, 0.05938005744578036)	(38, 0.062291594295277065)	(40, 0.06632771084716726)	(42, 0.07033009000798565)	(44, 0.0745270214573181)	(46, 0.07946730008993264)	(48, 0.08428724869439108)	(50, 0.08867985701194)	(52, 0.0937146003395556)	(54, 0.1021422006292923)	(56, 0.10909997524800075)	(58, 0.11498040251181624)	(60, 0.1201073613750281)	(62, 0.1251409801229413)	(64, 0.13144424935485674)	(66, 0.1386235661749367)	(68, 0.1451067681592351)	(70, 0.1529124758735482)	(72, 0.16124673604798628)	(74, 0.16770182353972485)	(76, 0.17693912121518485)	(78, 0.1866296245107094)	(80, 0.19291714962679135)	(82, 0.1993756108576371)	(84, 0.21167626364241693)	(86, 0.2265814430179401)	(88, 0.2337011571137932)	(90, 0.23544650481190785)
SRR29999132_2 - polyg	(1, 0.22536352320024794)	(2, 0.22769365234360722)	(3, 0.22785109350194233)	(4, 0.22804227205134922)	(5, 0.2281659758186125)	(6, 0.2283211678175428)	(7, 0.22858881778671244)	(8, 0.22909038033397994)	(9, 0.22975838067720167)	(10, 0.23091444861126215)	(12, 0.2320795131829418)	(14, 0.23270702865687737)	(16, 0.23311750024825095)	(18, 0.23377425479444874)	(20, 0.23489546075773504)	(22, 0.23585810098298388)	(24, 0.23665880173108803)	(26, 0.23747974491383528)	(28, 0.2383299271688447)	(30, 0.23921384681492602)	(32, 0.24030019080743809)	(34, 0.2414720028573321)	(36, 0.24276751867448937)	(38, 0.24408777524509934)	(40, 0.24509090033963432)	(42, 0.2460614126227999)	(44, 0.24726583748406328)	(46, 0.2483364373607419)	(48, 0.2491764983984298)	(50, 0.2499704516683196)	(52, 0.25068455977933946)	(54, 0.2512850853404176)	(56, 0.2518867354811981)	(58, 0.25256485704174136)	(60, 0.2532643456166301)	(62, 0.2540538005677103)	(64, 0.2549782050830778)	(66, 0.256010569249875)	(68, 0.2571295260537565)	(70, 0.25842954018972336)	(72, 0.25992635577360906)	(74, 0.26149514445844796)	(76, 0.2630493136071558)	(78, 0.26472831110282924)	(80, 0.2664073085985027)	(82, 0.26831122203465485)	(84, 0.2701656539639017)	(86, 0.27184127772046796)	(88, 0.2736923359106076)	(90, 0.27505420193020613)
SRR29999133_1 - polya	(1, 0.004158871867132312)	(2, 0.011602470921114428)	(3, 0.01596908070050211)	(4, 0.02257350086141302)	(5, 0.02573481938751706)	(6, 0.028349026184314865)	(7, 0.03248321631929803)	(8, 0.03793582231324845)	(9, 0.04717707419209389)	(10, 0.059768871210186876)	(12, 0.0670109027849509)	(14, 0.07618942192791725)	(16, 0.0876962511369537)	(18, 0.09735606405682853)	(20, 0.10847312757900962)	(22, 0.1232163489161038)	(24, 0.13815496729937876)	(26, 0.15744888300147303)	(28, 0.17711508149681707)	(30, 0.19031260935807054)	(32, 0.20178344437438944)	(34, 0.2153347437297808)	(36, 0.2238879923249686)	(38, 0.2316761072235326)	(40, 0.2402015888700526)	(42, 0.24789817567856354)	(44, 0.25622414665687787)	(46, 0.2671982618136951)	(48, 0.2757247718657213)	(50, 0.28319305265185263)	(52, 0.29102847420370254)	(54, 0.3026617972900034)	(56, 0.3138662752802127)	(58, 0.32232285375781633)	(60, 0.33002561099936456)	(62, 0.33817469623061003)	(64, 0.34794763375616844)	(66, 0.3587921698192026)	(68, 0.3697549725154515)	(70, 0.38376288391560215)	(72, 0.3997031692619302)	(74, 0.41157302561466047)	(76, 0.42548529530273316)	(78, 0.4384061820828149)	(80, 0.447852086657397)	(82, 0.4565842778106662)	(84, 0.46820526003089247)	(86, 0.481982808597651)	(88, 0.4935184331608615)	(90, 0.4965532578097011)
SRR29999133_1 - polyg	(1, 0.0)	(2, 0.0)	(3, 0.0003702259822372978)	(4, 0.0005100891310824993)	(5, 0.0006149864927164003)	(6, 0.0007692473186486077)	(7, 0.0009317353886305329)	(8, 0.0011045075136746053)	(9, 0.0014479949527503205)	(10, 0.0017770847147390296)	(12, 0.002286145440315314)	(14, 0.002833257169621543)	(16, 0.003242562561095)	(18, 0.003630271436937948)	(20, 0.00407557102112892)	(22, 0.004688500702832891)	(24, 0.0056747415832928035)	(26, 0.00628458604847813)	(28, 0.007038407284533517)	(30, 0.00822930086073016)	(32, 0.009264905205488377)	(34, 0.010562752954331348)	(36, 0.011583959622002562)	(38, 0.012790279280792426)	(40, 0.014762761041712251)	(42, 0.016922412604763154)	(44, 0.01990067495076097)	(46, 0.023348918613098915)	(48, 0.026586339146662842)	(50, 0.029270477517883253)	(52, 0.03260765338555001)	(54, 0.03656084415143937)	(56, 0.03971290702798748)	(58, 0.04172755341466211)	(60, 0.044751065602933376)	(62, 0.04749176627699559)	(64, 0.050042211932408084)	(66, 0.053990260670766385)	(68, 0.05712278384269641)	(70, 0.06028307396329423)	(72, 0.06487901817056779)	(74, 0.06824498939240857)	(76, 0.07151840411869001)	(78, 0.07613800165260651)	(80, 0.08342425466413778)	(82, 0.08973557925577749)	(84, 0.09386257055221714)	(86, 0.09819318613888732)	(88, 0.10156327098275295)	(90, 0.1045312492736886)
SRR29999133_2 - polya	(1, 0.011534596157704257)	(2, 0.015783967709383465)	(3, 0.017851062776875044)	(4, 0.020995926814879644)	(5, 0.023398282077397223)	(6, 0.025716308088405193)	(7, 0.028063129453587174)	(8, 0.0340813584759557)	(9, 0.041965115086597705)	(10, 0.05070964710594144)	(12, 0.056738160183372105)	(14, 0.06606991174676444)	(16, 0.07848070939576364)	(18, 0.08705658291208815)	(20, 0.09560057585772001)	(22, 0.10434407947155752)	(24, 0.11186275212749333)	(26, 0.12135904857188001)	(28, 0.13062086856084976)	(30, 0.1382619214720251)	(32, 0.14552554956241964)	(34, 0.15318717058371925)	(36, 0.16057112211834093)	(38, 0.16731232021157838)	(40, 0.17547785993092324)	(42, 0.18353747388312797)	(44, 0.19295663991454853)	(46, 0.20486043364898388)	(48, 0.21663156307311754)	(50, 0.22731463947167602)	(52, 0.23921431958408648)	(54, 0.2586902630607808)	(56, 0.2750028312003586)	(58, 0.288458488843672)	(60, 0.30119940466016604)	(62, 0.3134754811878512)	(64, 0.3291494095080696)	(66, 0.34668372338903053)	(68, 0.36262503714086486)	(70, 0.38205058874775466)	(72, 0.40288916952018344)	(74, 0.4187173586663341)	(76, 0.442286356057763)	(78, 0.46806848209856594)	(80, 0.48406532974773586)	(82, 0.5001228533217724)	(84, 0.5292493540687856)	(86, 0.5641832607093933)	(88, 0.5813000419548311)	(90, 0.5852881985079317)
SRR29999133_2 - polyg	(1, 0.21015672200598967)	(2, 0.21228757821486657)	(3, 0.21262695203191742)	(4, 0.2129046215185954)	(5, 0.21309590494275135)	(6, 0.21334477907525531)	(7, 0.21361216450687112)	(8, 0.2140646629296056)	(9, 0.21474341056370733)	(10, 0.21568337319638758)	(12, 0.21677451143848137)	(14, 0.21747382718270739)	(16, 0.2179417516880351)	(18, 0.2184898918228475)	(20, 0.21935169563705548)	(22, 0.22013636903829728)	(24, 0.2208994459239086)	(26, 0.22184043696209504)	(28, 0.22279582567736855)	(30, 0.2240360827178635)	(32, 0.22542957217878443)	(34, 0.2270133166583551)	(36, 0.22859706113792577)	(38, 0.2304584751041744)	(40, 0.2318704758642072)	(42, 0.2332464824315225)	(44, 0.23523027665301066)	(46, 0.23682430518764347)	(48, 0.23808615874376893)	(50, 0.23935006911090684)	(52, 0.24039698591623343)	(54, 0.24157862384287412)	(56, 0.24268004614003008)	(58, 0.24383803074002786)	(60, 0.245218150929368)	(62, 0.2468954803100042)	(64, 0.24879186006346413)	(66, 0.25098647741372637)	(68, 0.2535389798801513)	(70, 0.2567476050595412)	(72, 0.26089516446610517)	(74, 0.2654047226108567)	(76, 0.26966437821759803)	(78, 0.27446086149858345)	(80, 0.2796214003287689)	(82, 0.2862494738163227)	(84, 0.2923139810864709)	(86, 0.297937302394453)	(88, 0.3035544532693978)	(90, 0.3077338932466544)
SRR29999134_1 - polya	(1, 0.0034989886778637484)	(2, 0.01064951049911119)	(3, 0.01489692046093217)	(4, 0.02208796190583335)	(5, 0.025451090669093394)	(6, 0.028716495634129726)	(7, 0.03398404670911534)	(8, 0.039311185465944684)	(9, 0.04905257969375745)	(10, 0.06062331575417269)	(12, 0.0676439364290008)	(14, 0.0769622581157231)	(16, 0.0876951913694155)	(18, 0.09657613947140482)	(20, 0.10634613578650258)	(22, 0.11992497672505148)	(24, 0.13350262590996348)	(26, 0.15177101740961382)	(28, 0.1703182792602928)	(30, 0.18314869891488447)	(32, 0.19295087257817783)	(34, 0.2042951754475869)	(36, 0.2126672447466308)	(38, 0.22033856290719245)	(40, 0.22836740715881643)	(42, 0.23616981821943425)	(44, 0.24390310756911338)	(46, 0.2531904436612769)	(48, 0.26130032716020835)	(50, 0.26847587580783017)	(52, 0.27602205983652)	(54, 0.28653809392830126)	(56, 0.29669660192902014)	(58, 0.30478741736976156)	(60, 0.31198322582921023)	(62, 0.3201669980536279)	(64, 0.3287500077463986)	(66, 0.33835315855233394)	(68, 0.34913495370513825)	(70, 0.3618831423587855)	(72, 0.3752844120054401)	(74, 0.3851700084233147)	(76, 0.3973926337231003)	(78, 0.408484284821492)	(80, 0.41655960746495413)	(82, 0.42409506571091204)	(84, 0.43328944501939937)	(86, 0.4444835869305622)	(88, 0.45366485694904396)	(90, 0.4557909454372282)
SRR29999134_2 - polya	(1, 0.0078083698288022065)	(2, 0.011369329695783432)	(3, 0.01308545493288282)	(4, 0.01606960603961675)	(5, 0.018379224587879675)	(6, 0.020583968816097635)	(7, 0.02269337275336563)	(8, 0.02759148020092013)	(9, 0.03391015798362912)	(10, 0.04135742646045833)	(12, 0.04645217325809713)	(14, 0.054674081598894815)	(16, 0.06620548978929319)	(18, 0.07408059782176038)	(20, 0.08184487276599822)	(22, 0.08970091274027542)	(24, 0.096431937281343)	(26, 0.10544397828338853)	(28, 0.11426295519626037)	(30, 0.12184370008041953)	(32, 0.12866291439061583)	(34, 0.13614236021564066)	(36, 0.1431748984268375)	(38, 0.15007634373797818)	(40, 0.15976530080576845)	(42, 0.16838167960037165)	(44, 0.17814690890092189)	(46, 0.19058762511625554)	(48, 0.2022572767285314)	(50, 0.21272206541392702)	(52, 0.22379107319321806)	(54, 0.24190215321280095)	(56, 0.2567347189773419)	(58, 0.2690538763217144)	(60, 0.2806842000639733)	(62, 0.29194269667152745)	(64, 0.3054238138118526)	(66, 0.3205507427247016)	(68, 0.33388646592132804)	(70, 0.3507855324922095)	(72, 0.3681982448805839)	(74, 0.3813230276834836)	(76, 0.39912425175747906)	(78, 0.4178455096391418)	(80, 0.4298190584288206)	(82, 0.4420738610768018)	(84, 0.464030730082579)	(86, 0.4917521114299185)	(88, 0.5065048297007888)	(90, 0.5099752162913676)
SRR29999134_2 - polyg	(1, 0.1545227765571572)	(2, 0.15541659178481315)	(3, 0.15550954856848936)	(4, 0.15560012184489183)	(5, 0.15563587445399807)	(6, 0.15570737967221054)	(7, 0.15578603541224426)	(8, 0.1559862500232392)	(9, 0.15623175127243535)	(10, 0.1566512485526152)	(12, 0.15721733153013062)	(14, 0.15755817307027675)	(16, 0.15772621033307607)	(18, 0.15790854863951787)	(20, 0.15813855709143468)	(22, 0.15833162118060837)	(24, 0.15856162963252515)	(26, 0.15881189789626882)	(28, 0.15909553526184494)	(30, 0.15937917262742113)	(32, 0.1596508924566285)	(34, 0.15997624119949527)	(36, 0.1603027816959989)	(38, 0.1606031036124913)	(40, 0.1609677802253749)	(42, 0.16135986717190665)	(44, 0.1618175005684665)	(46, 0.16220839576136137)	(48, 0.16259690744698246)	(50, 0.16296277581350294)	(52, 0.16352647528374464)	(54, 0.1640615726667013)	(56, 0.1644751111786968)	(58, 0.16493631983616724)	(60, 0.1654594996827552)	(62, 0.16595765270296875)	(64, 0.1667096492478366)	(66, 0.1673484291972014)	(68, 0.16801461948021426)	(70, 0.16868200151686402)	(72, 0.16943042280082127)	(74, 0.17019552863569473)	(76, 0.17100592110876944)	(78, 0.17197004980100097)	(80, 0.17292345271050064)	(82, 0.173955511360034)	(84, 0.1749160647913549)	(86, 0.17578485319263648)	(88, 0.17688484179947173)	(90, 0.17773337038892642)
SRR29999135_1 - polya	(1, 0.0042285896132693455)	(2, 0.013643650943185232)	(3, 0.019083613708266483)	(4, 0.027130272033357807)	(5, 0.030537819843732415)	(6, 0.03376366168133524)	(7, 0.03932476176159768)	(8, 0.045731579764513995)	(9, 0.05752452172576437)	(10, 0.07218101522088122)	(12, 0.08045424519103367)	(14, 0.09213614461336794)	(16, 0.10572932167522767)	(18, 0.11647465018852218)	(20, 0.12912564813230598)	(22, 0.14580558344767164)	(24, 0.16273452324424303)	(26, 0.18526269894252284)	(28, 0.20744989553140372)	(30, 0.2226773047064023)	(32, 0.23532381608295716)	(34, 0.24927143195590262)	(36, 0.2587223858236499)	(38, 0.2675474635629611)	(40, 0.27739884355589073)	(42, 0.28649984517978133)	(44, 0.29559523859463577)	(46, 0.3073926671231151)	(48, 0.31718123517483965)	(50, 0.3257831061945114)	(52, 0.33482466080261863)	(54, 0.3480510609935131)	(56, 0.3601659141534394)	(58, 0.37043117997323805)	(60, 0.379293271892188)	(62, 0.38903360934620146)	(64, 0.399427863973832)	(66, 0.41134755145929974)	(68, 0.42470406209983325)	(70, 0.44056183397049686)	(72, 0.45745712451285137)	(74, 0.4698064008104894)	(76, 0.48425090400403914)	(78, 0.49787324375288694)	(80, 0.5077874356870217)	(82, 0.5170196694023586)	(84, 0.5293173501768638)	(86, 0.543196545899568)	(88, 0.554213311730213)	(90, 0.5569355363963682)
SRR29999135_2 - polya	(1, 0.00935449267232529)	(2, 0.013194994220291932)	(3, 0.014760806183189546)	(4, 0.017540234581513534)	(5, 0.019384213712604993)	(6, 0.021190057022250526)	(7, 0.02327855406731883)	(8, 0.028622055636978026)	(9, 0.035648019917487096)	(10, 0.043219102116311525)	(12, 0.04832481562283726)	(14, 0.0571240956005821)	(16, 0.06980986444039014)	(18, 0.07807412127608471)	(20, 0.0863596893061167)	(22, 0.09490211331000513)	(24, 0.10213109475762341)	(26, 0.11177384937440765)	(28, 0.1212517226455286)	(30, 0.12913686455037832)	(32, 0.136055151217393)	(34, 0.1440973229752554)	(36, 0.15193199099877963)	(38, 0.159810403052786)	(40, 0.1709303599296964)	(42, 0.18027812275117827)	(44, 0.19141714753881167)	(46, 0.20615215596043485)	(48, 0.22009977183338028)	(50, 0.2326868361941518)	(52, 0.24642246176553018)	(54, 0.2703818524098396)	(56, 0.28916935268099647)	(58, 0.30415336558382544)	(60, 0.3182905389221933)	(62, 0.33176482195248636)	(64, 0.34888668413990187)	(66, 0.367622588887926)	(68, 0.3838269480770248)	(70, 0.4047410812146959)	(72, 0.42771679199406176)	(74, 0.4450046571689478)	(76, 0.46913678065157116)	(78, 0.49444101982275324)	(80, 0.5097951745219691)	(82, 0.5254297396729934)	(84, 0.5567684117670904)	(86, 0.5941841391727771)	(88, 0.6128538670541744)	(90, 0.6173987596570836)
SRR29999135_2 - polyg	(1, 0.17413489057296178)	(2, 0.175559375668148)	(3, 0.17571191895393173)	(4, 0.17583305626911291)	(5, 0.1759138144792337)	(6, 0.1760013025401979)	(7, 0.17612019657176461)	(8, 0.17639163388911508)	(9, 0.17663615180309192)	(10, 0.17709266001863586)	(12, 0.17765908913128864)	(14, 0.17803596077851902)	(16, 0.17826141078177288)	(18, 0.1785036854121353)	(20, 0.17877736601310018)	(22, 0.1790398301959928)	(24, 0.17929556452804196)	(26, 0.17961747572671788)	(28, 0.17993602199997213)	(30, 0.18029158245286508)	(32, 0.180680792159975)	(34, 0.18115188171901297)	(36, 0.18165774217407515)	(38, 0.18210191232973955)	(40, 0.18258646159046432)	(42, 0.18302726682070697)	(44, 0.18349723473793772)	(46, 0.18399524370034925)	(48, 0.18448427952830296)	(50, 0.18498228849071452)	(52, 0.18553525790168052)	(54, 0.18615664746288774)	(56, 0.1867993482184324)	(58, 0.18745438703385658)	(60, 0.18811839898373867)	(62, 0.18882839824771733)	(64, 0.18961242587097338)	(66, 0.19031793856772308)	(68, 0.191110939325437)	(70, 0.19205424008532015)	(72, 0.19298632442713098)	(74, 0.19397224757568898)	(76, 0.19501313117280145)	(78, 0.1960697177552152)	(80, 0.19729006404148497)	(82, 0.1985698573435381)	(84, 0.1998956379596878)	(86, 0.20109803797704184)	(88, 0.2023856827717456)	(90, 0.20358471786367793)
SRR29999136_2 - polyg	(1, 0.19701228327565456)	(2, 0.19794532014794516)	(3, 0.1980138607712651)	(4, 0.1980757684310379)	(5, 0.1981266211515656)	(6, 0.19821284967767777)	(7, 0.1983477199364686)	(8, 0.19857545168491866)	(9, 0.19885403615389644)	(10, 0.19942557651287063)	(12, 0.20022816510206848)	(14, 0.2006515692751577)	(16, 0.2008804065175323)	(18, 0.20105618005153014)	(20, 0.2012960722331499)	(22, 0.20151274904235483)	(24, 0.20169626103382432)	(26, 0.2019560521060853)	(28, 0.2022213706479689)	(30, 0.20243251998755124)	(32, 0.20267462315702)	(34, 0.2030062713343745)	(36, 0.20331359864538967)	(38, 0.20360876552323515)	(40, 0.20401779827530567)	(42, 0.20443235849699876)	(44, 0.20484470773084285)	(46, 0.20521615368947985)	(48, 0.20547373377389183)	(50, 0.20569814904056835)	(52, 0.2062696893995426)	(54, 0.2067163089450466)	(56, 0.20694846266919475)	(58, 0.20728895479794535)	(60, 0.2076714556958275)	(62, 0.20797104454937104)	(64, 0.20861444201343873)	(66, 0.20921030323875228)	(68, 0.20971772495010466)	(70, 0.2101753994348538)	(72, 0.2107215134335642)	(74, 0.2112101417481998)	(76, 0.21180268649173978)	(78, 0.21252236303659902)	(80, 0.21329289230198592)	(82, 0.21403025674963738)	(84, 0.21468470915295024)	(86, 0.21541433514313008)	(88, 0.21624235009259174)	(90, 0.21692222885616844)
SRR29999137_1 - polya	(1, 0.0019159562473470312)	(2, 0.005221312637112002)	(3, 0.007084170789844335)	(4, 0.009980229366954339)	(5, 0.011329805938411255)	(6, 0.01259531052672823)	(7, 0.014559940027472068)	(8, 0.017006877220966082)	(9, 0.021599862405137487)	(10, 0.02724374737855813)	(12, 0.030572334184717033)	(14, 0.03486000532485392)	(16, 0.039899899472032374)	(18, 0.044174296088515586)	(20, 0.04934140442070842)	(22, 0.05619216483630897)	(24, 0.06300199547064403)	(26, 0.07157512533030887)	(28, 0.08016595455484526)	(30, 0.08605431200555441)	(32, 0.09120372097287568)	(34, 0.09719384977159633)	(36, 0.10171824991689042)	(38, 0.10544396622235508)	(40, 0.10926813524491784)	(42, 0.11281353927075342)	(44, 0.11639323581602767)	(46, 0.12059794118332909)	(48, 0.12432808233001166)	(50, 0.12744870159892965)	(52, 0.13077728840508857)	(54, 0.13593444084454112)	(56, 0.14075530535143393)	(58, 0.1446237227861756)	(60, 0.14814589639561726)	(62, 0.15198112752122475)	(64, 0.15627764834379743)	(66, 0.16126112576544777)	(68, 0.1667612033992869)	(70, 0.17360864518397406)	(72, 0.18123264660240115)	(74, 0.18685883221095023)	(76, 0.19368304357924343)	(78, 0.19951719672503343)	(80, 0.20369424683472304)	(82, 0.207692090875088)	(84, 0.21262357641242813)	(86, 0.21871437034885582)	(88, 0.2238825848913531)	(90, 0.22513813358692983)
SRR29999137_2 - polya	(1, 0.004893874386988029)	(2, 0.00679434369007244)	(3, 0.007646125624516558)	(4, 0.009223581518694887)	(5, 0.010243507419418884)	(6, 0.011542198316870048)	(7, 0.012750179969354434)	(8, 0.015493581524447181)	(9, 0.019064428387285642)	(10, 0.023173999668402397)	(12, 0.026248158104532536)	(14, 0.03075154025404164)	(16, 0.03673503179093546)	(18, 0.0410735886050781)	(20, 0.04569976009838369)	(22, 0.05028389560011931)	(24, 0.05413240124938047)	(26, 0.059333802101011954)	(28, 0.06434604099057858)	(30, 0.06892022059957395)	(32, 0.07358732187414505)	(34, 0.07830752124333082)	(36, 0.08268368920782554)	(38, 0.08684635858355699)	(40, 0.09261192669046966)	(42, 0.09823589987840979)	(44, 0.10395721957314354)	(46, 0.11071727074377732)	(48, 0.1176233416746015)	(50, 0.1235470978550538)	(52, 0.13024188261772368)	(54, 0.14084601459640073)	(56, 0.14957069526777833)	(58, 0.15716151037707127)	(60, 0.16409413035520282)	(62, 0.17070816176564618)	(64, 0.1791419091269474)	(66, 0.188764832565557)	(68, 0.19778597759853336)	(70, 0.20818988551210083)	(72, 0.21918229730764782)	(74, 0.22769458560056666)	(76, 0.23890602703639932)	(78, 0.25069380404086233)	(80, 0.2584815245843514)	(82, 0.26680796954611885)	(84, 0.2814707871319069)	(86, 0.29961706096648)	(88, 0.30889152815918064)	(90, 0.3109911153170702)
SRR29999137_2 - polyg	(1, 0.3762530984397523)	(2, 0.3781402932191831)	(3, 0.37832392412972554)	(4, 0.3784655190486981)	(5, 0.3785429537700112)	(6, 0.37862481333254216)	(7, 0.3787664082515147)	(8, 0.37912482039016393)	(9, 0.37954739272647253)	(10, 0.3802100126988518)	(12, 0.38136268383611255)	(14, 0.38198658644783523)	(16, 0.38229743154339213)	(18, 0.3825640282267701)	(20, 0.3827974386010139)	(22, 0.3830640352843918)	(24, 0.3833262071265519)	(26, 0.3835994410717567)	(28, 0.3839313041630986)	(30, 0.384199007056781)	(32, 0.3844689223710724)	(34, 0.3848395028230708)	(36, 0.38516251623197695)	(38, 0.385424688074137)	(40, 0.385892615032929)	(42, 0.38626208927462297)	(44, 0.3867134230788479)	(46, 0.387197943192207)	(48, 0.3875950726915128)	(50, 0.3879346792549859)	(52, 0.3884380049435211)	(54, 0.3889269498980981)	(56, 0.3893041676119234)	(58, 0.3897964311974138)	(60, 0.39031413761990713)	(62, 0.3908672427721436)	(64, 0.39152765032391385)	(66, 0.3922566429145615)	(68, 0.39294249330333464)	(70, 0.39358630770053793)	(72, 0.3942854326129648)	(74, 0.3949823451047827)	(76, 0.3957544798973047)	(78, 0.3967113518106738)	(80, 0.39766048025191153)	(82, 0.39863837016106557)	(84, 0.399619578701133)	(86, 0.4007689312074803)	(88, 0.40196916938783345)	(90, 0.4029924139194708)
SRR29999138_1 - polya	(1, 0.0037840866956805478)	(2, 0.011607887220207296)	(3, 0.01624339342241597)	(4, 0.02336270972168304)	(5, 0.02630946659534066)	(6, 0.029292454086297347)	(7, 0.03385147342976354)	(8, 0.03953766753364521)	(9, 0.04986138065180772)	(10, 0.06264475012216258)	(12, 0.07011228290991517)	(14, 0.07964194166560642)	(16, 0.09186071734971746)	(18, 0.10169632354037864)	(20, 0.113293140294189)	(22, 0.12885620323621133)	(24, 0.14484900155564207)	(26, 0.1657882855424318)	(28, 0.1866440378282265)	(30, 0.20077397857486343)	(32, 0.21223493051380227)	(34, 0.22486633267270828)	(36, 0.23388574356810432)	(38, 0.2419722160680493)	(40, 0.2504129434926963)	(42, 0.25817837246713016)	(44, 0.2663674983827558)	(46, 0.27617794442251486)	(48, 0.28470220354815695)	(50, 0.29222609507393027)	(52, 0.3003820095903652)	(54, 0.31261185574087313)	(56, 0.3236873541679913)	(58, 0.3323565357628297)	(60, 0.34046917481971295)	(62, 0.3489330495831899)	(64, 0.35901421884665585)	(66, 0.36999813432449036)	(68, 0.3810927544662941)	(70, 0.39534044471915303)	(72, 0.4116321456313011)	(74, 0.4234372884345811)	(76, 0.4377976961634816)	(78, 0.4508306543307856)	(80, 0.46020834577502795)	(82, 0.46897816797347486)	(84, 0.4800244806255466)	(86, 0.4924827809462459)	(88, 0.5029262563827026)	(90, 0.5056365078378802)
SRR29999138_2 - polya	(1, 0.009488396108211755)	(2, 0.013053086288025718)	(3, 0.014584836274947471)	(4, 0.01750140096752253)	(5, 0.019363252134280248)	(6, 0.021502871366997495)	(7, 0.023574054989260945)	(8, 0.028787238256182547)	(9, 0.03606959233329543)	(10, 0.04412989827630222)	(12, 0.04948498479431184)	(14, 0.058004211889773505)	(16, 0.07034979473443129)	(18, 0.07868384311925325)	(20, 0.0870883399266012)	(22, 0.09558844530737723)	(24, 0.10295735030359345)	(26, 0.11292479568498179)	(28, 0.12195930267091909)	(30, 0.12991393598013692)	(32, 0.13714295053733727)	(34, 0.1451247568095294)	(36, 0.15263053302665325)	(38, 0.16029230217937027)	(40, 0.1715902163404633)	(42, 0.18146809158464006)	(44, 0.19250735939445918)	(46, 0.2066101271781218)	(48, 0.22024089053086046)	(50, 0.23221410314216673)	(52, 0.2453990286209196)	(54, 0.2678398704135485)	(56, 0.2855989113263089)	(58, 0.29967853177114157)	(60, 0.31269941306601257)	(62, 0.32547271847600656)	(64, 0.34207539885330496)	(66, 0.3602259317141025)	(68, 0.3759389491555015)	(70, 0.3955215978056484)	(72, 0.41678897016020194)	(74, 0.4325714296180908)	(76, 0.454624805086827)	(78, 0.47760206129668936)	(80, 0.49190007185135254)	(82, 0.506944835684791)	(84, 0.5356485422399785)	(86, 0.5708818111572871)	(88, 0.5884013274334591)	(90, 0.5925275921814086)
SRR29999138_2 - polyg	(1, 0.2536364620262774)	(2, 0.25534533947555016)	(3, 0.25555064630691154)	(4, 0.2557317993934069)	(5, 0.2558203631245824)	(6, 0.2559411318489126)	(7, 0.2561263105595523)	(8, 0.25652082172569773)	(9, 0.25706025536103944)	(10, 0.25788349549855716)	(12, 0.2588607157595959)	(14, 0.2594001493949376)	(16, 0.2597252185445932)	(18, 0.2601650179823624)	(20, 0.26089667517059634)	(22, 0.26147233942323717)	(24, 0.2620228435249758)	(26, 0.26279777617276145)	(28, 0.2636159842800987)	(30, 0.26442010270293087)	(32, 0.265390278121717)	(34, 0.26652952975456556)	(36, 0.2677955885479608)	(38, 0.2689157184661237)	(40, 0.26990098997545114)	(42, 0.27085204367955173)	(44, 0.27199733374861673)	(46, 0.27289202871469653)	(48, 0.27374042900311635)	(50, 0.2745234128991907)	(52, 0.2753718131876106)	(54, 0.27617492520440656)	(56, 0.27692671051336226)	(58, 0.27771070081547267)	(60, 0.278599357345336)	(62, 0.27960978900556555)	(64, 0.28085370686616695)	(66, 0.28225160485028933)	(68, 0.2838538032597371)	(70, 0.2856210522591028)	(72, 0.2877445689952427)	(74, 0.2899103547848981)	(76, 0.29181850062931575)	(78, 0.29407083733807454)	(80, 0.29667038412928276)	(82, 0.29948932743635753)	(84, 0.302256944035592)	(86, 0.3049168751889653)	(88, 0.3077901644219887)	(90, 0.3101864171939077)
SRR29999139_1 - polya	(1, 0.004598656839750991)	(2, 0.013919048926156285)	(3, 0.019239392788203965)	(4, 0.027281447784727138)	(5, 0.03051785043898012)	(6, 0.033796211641041046)	(7, 0.03860466121983177)	(8, 0.04504110245357084)	(9, 0.05715873106050593)	(10, 0.07194072745324566)	(12, 0.08003033547061784)	(14, 0.09121088984317546)	(16, 0.10464741546954034)	(18, 0.11533705483274498)	(20, 0.12837217701841386)	(22, 0.14578217712219133)	(24, 0.16371945631008866)	(26, 0.1865980538115019)	(28, 0.20907664649047936)	(30, 0.22456214786813233)	(32, 0.23763223551030782)	(34, 0.2524380084134721)	(36, 0.2622339307083674)	(38, 0.2714032720226641)	(40, 0.28139500087399655)	(42, 0.2904174872709654)	(44, 0.2994623515600985)	(46, 0.31111983475940647)	(48, 0.32090316948995945)	(50, 0.32921236057419323)	(52, 0.3385621236440641)	(54, 0.35226578535813957)	(56, 0.3648631400283455)	(58, 0.37485067302489716)	(60, 0.38364518464544284)	(62, 0.3933138326786541)	(64, 0.4043405390425826)	(66, 0.41686236832673423)	(68, 0.4307800186346302)	(70, 0.44739280633005674)	(72, 0.46581260881774544)	(74, 0.4790057748668243)	(76, 0.4943430227088892)	(78, 0.5087012377687685)	(80, 0.5196188519083964)	(82, 0.5295448457014964)	(84, 0.5421505920812639)	(86, 0.5567507681001693)	(88, 0.5687551086280229)	(90, 0.5717299696676064)
SRR29999139_2 - polya	(1, 0.010732996529272842)	(2, 0.01481975908576688)	(3, 0.016562437438056944)	(4, 0.019396038033353633)	(5, 0.021463195822025154)	(6, 0.023410072440313897)	(7, 0.02571499533323045)	(8, 0.031155620365660913)	(9, 0.0391053665570066)	(10, 0.04756560841334899)	(12, 0.05311812290660063)	(14, 0.06251264176079997)	(16, 0.07660372073296884)	(18, 0.08562900436645823)	(20, 0.09485708764768605)	(22, 0.10435930010792577)	(24, 0.11233701866447676)	(26, 0.12302805664594166)	(28, 0.1329246794555761)	(30, 0.14152198590142445)	(32, 0.14937522743281184)	(34, 0.1583893221202191)	(36, 0.16706774842516284)	(38, 0.1754244925302456)	(40, 0.1875868769215092)	(42, 0.19806252769089328)	(44, 0.21026407339344427)	(46, 0.2260027246762052)	(48, 0.24075535008547935)	(50, 0.2542296384048714)	(52, 0.26888995500896806)	(54, 0.29448746640833623)	(56, 0.31446952549274093)	(58, 0.33020677815724153)	(60, 0.3449566063299952)	(62, 0.3591931416012316)	(64, 0.3775737827776329)	(66, 0.3982089965895813)	(68, 0.41510850102836205)	(70, 0.43689477766850837)	(72, 0.4613677999866236)	(74, 0.4796309572291627)	(76, 0.5048886043912866)	(78, 0.5310287796756374)	(80, 0.5472443597851487)	(82, 0.5639228825388076)	(84, 0.5969358679541004)	(86, 0.6361601170632295)	(88, 0.6561239941102507)	(90, 0.6609338423073017)
SRR29999139_2 - polyg	(1, 0.3276319219400939)	(2, 0.3294053698941098)	(3, 0.3296235543427111)	(4, 0.3297466327496144)	(5, 0.32985292773739455)	(6, 0.3299899923269005)	(7, 0.3301662182276939)	(8, 0.3305718175231707)	(9, 0.3310976979890303)	(10, 0.33197183440169586)	(12, 0.3330935262464283)	(14, 0.3337970312313415)	(16, 0.3342096236181197)	(18, 0.334707531718774)	(20, 0.335388658811523)	(22, 0.33589356000347864)	(24, 0.3364376225067217)	(26, 0.3370376297403753)	(28, 0.3376558190114124)	(30, 0.3383411419589422)	(32, 0.33919569771596403)	(34, 0.34005864518254747)	(36, 0.3410194959273495)	(38, 0.34180551938961834)	(40, 0.3425789552875449)	(42, 0.34340693729762173)	(44, 0.3443314239676568)	(46, 0.34510206262906273)	(48, 0.34589507918263296)	(50, 0.34663075238753227)	(52, 0.3474223703228422)	(54, 0.34809510570602964)	(56, 0.34890350706046275)	(58, 0.34979582551051175)	(60, 0.3506993329066429)	(62, 0.3516615822697051)	(64, 0.35269096530926014)	(66, 0.3538196502452938)	(68, 0.35510777766299784)	(70, 0.3564714304667561)	(72, 0.35792039898439054)	(74, 0.3594518859793806)	(76, 0.3611022555264932)	(78, 0.36282395460487926)	(80, 0.3646995016918945)	(82, 0.3668030235553329)	(84, 0.36894151087527793)	(86, 0.37086181374662164)	(88, 0.37305344856045675)	(90, 0.3748464771701164)
SRR29999140_1 - polya	(1, 0.004964863161859618)	(2, 0.013354133215918674)	(3, 0.018213630011864462)	(4, 0.025528163133602465)	(5, 0.02852478258019176)	(6, 0.03141182100623067)	(7, 0.03578452519165457)	(8, 0.04167661237355588)	(9, 0.05217953172784635)	(10, 0.06577916857634425)	(12, 0.073213819355224)	(14, 0.08304344763132511)	(16, 0.09527753637757978)	(18, 0.10526837519352904)	(20, 0.11679334829718364)	(22, 0.1326046251662128)	(24, 0.1484222240171968)	(26, 0.16900765092578154)	(28, 0.1900851387631839)	(30, 0.20397769410892225)	(32, 0.21561857021508204)	(34, 0.2284679985382735)	(36, 0.23724712414621368)	(38, 0.2451453869351143)	(40, 0.25379596557663964)	(42, 0.26160255962719525)	(44, 0.27014039625719277)	(46, 0.2806496375934381)	(48, 0.28961842266002324)	(50, 0.29785491148350723)	(52, 0.3062283765826792)	(54, 0.3194181382677723)	(56, 0.3315826852125239)	(58, 0.34097609673374174)	(60, 0.3494191036344168)	(62, 0.35841844494711694)	(64, 0.36908678949589213)	(66, 0.3812060289033007)	(68, 0.393688782273112)	(70, 0.40944948328650255)	(72, 0.42729011636303205)	(74, 0.43991300699950875)	(76, 0.45507206606353134)	(78, 0.4690257339014997)	(80, 0.47926313001368726)	(82, 0.48862282429781273)	(84, 0.5006577706124903)	(86, 0.5149981330133624)	(88, 0.5264872815526063)	(90, 0.5293374417505754)
SRR29999140_2 - polya	(1, 0.012009658386858219)	(2, 0.016329679389325204)	(3, 0.018152517519634443)	(4, 0.021513704592285583)	(5, 0.023705325003293226)	(6, 0.026044458326580228)	(7, 0.028415201559641376)	(8, 0.03421878099417507)	(9, 0.0420348580176629)	(10, 0.05066120239502807)	(12, 0.056588060477680946)	(14, 0.06640188379889497)	(16, 0.08018591178774206)	(18, 0.08932749769442586)	(20, 0.09906334990486365)	(22, 0.10862113295690708)	(24, 0.11680072394279761)	(26, 0.1279674514023452)	(28, 0.13857784444986776)	(30, 0.14731693083876074)	(32, 0.15554499035297165)	(34, 0.16458331722105987)	(36, 0.1732328421989261)	(38, 0.18164423918982706)	(40, 0.1936275559852068)	(42, 0.20445605741017103)	(44, 0.2168692689784792)	(46, 0.23280171716830927)	(48, 0.24787226848496421)	(50, 0.2614898176156675)	(52, 0.2767542430456038)	(54, 0.3029978438037612)	(56, 0.32376976918001343)	(58, 0.34063576337184004)	(60, 0.3561783560077889)	(62, 0.37102763795602484)	(64, 0.3911020379899275)	(66, 0.41289180246090734)	(68, 0.43185774832539653)	(70, 0.4559044603542506)	(72, 0.48207957297456394)	(74, 0.5014037644831602)	(76, 0.5290908844543369)	(78, 0.5584765102440448)	(80, 0.5763466459030302)	(82, 0.5944981097590054)	(84, 0.6302784202960234)	(86, 0.6730972040760852)	(88, 0.6942231604418079)	(90, 0.6991269111114375)
SRR29999140_2 - polyg	(1, 0.29997382910203435)	(2, 0.30191467756216706)	(3, 0.3021422689125409)	(4, 0.3023551089716869)	(5, 0.3025279098117855)	(6, 0.3027007106518842)	(7, 0.3029261946749398)	(8, 0.30336241142982306)	(9, 0.30395878506089535)	(10, 0.3049102433450972)	(12, 0.30614092249897074)	(14, 0.3068690040874353)	(16, 0.3072578059776573)	(18, 0.3077793694889308)	(20, 0.3085569732693748)	(22, 0.30916599086435675)	(24, 0.30975920350445163)	(26, 0.310493607074871)	(28, 0.31114898587085504)	(30, 0.3118507258678411)	(32, 0.3128601356532956)	(34, 0.3139401409039123)	(36, 0.3151002245926236)	(38, 0.31646050437657114)	(40, 0.3174393579159106)	(42, 0.31839713818206733)	(44, 0.31978481322115243)	(46, 0.32093436027327227)	(48, 0.3219806482867966)	(50, 0.3230522242281403)	(52, 0.3240500437133442)	(54, 0.32502678992536543)	(56, 0.3259656042456577)	(58, 0.32693813580304226)	(60, 0.3280897901824804)	(62, 0.32926251783510135)	(64, 0.33066389050175526)	(66, 0.33208633644159197)	(68, 0.33364470499345744)	(70, 0.33541275261349157)	(72, 0.3374895236856531)	(74, 0.3395557581212233)	(76, 0.34148080162646893)	(78, 0.343675583028454)	(80, 0.34603052130662804)	(82, 0.34883221297627676)	(84, 0.3516802658469276)	(86, 0.35444402562484734)	(88, 0.35740587417068503)	(90, 0.3598219249410891)
SRR29999141_1 - polya	(1, 0.004333459548558285)	(2, 0.012862400171112018)	(3, 0.017394642267769305)	(4, 0.02445259203439041)	(5, 0.027541906693670223)	(6, 0.030516629060516495)	(7, 0.035072257339303074)	(8, 0.04094218905375602)	(9, 0.05107776038859228)	(10, 0.06420793234508473)	(12, 0.07163772240756161)	(14, 0.08191711876249305)	(16, 0.09454682642141858)	(18, 0.10495835470538054)	(20, 0.11695780475592157)	(22, 0.1330159267150017)	(24, 0.1489313929630931)	(26, 0.16938611716248064)	(28, 0.18973443423317984)	(30, 0.2032914040135319)	(32, 0.2150172357331602)	(34, 0.2282783703095767)	(36, 0.2371230243908759)	(38, 0.24510472835160413)	(40, 0.25415868876296055)	(42, 0.2622655087980805)	(44, 0.2707722325476114)	(46, 0.28170059545663073)	(48, 0.2906306091027019)	(50, 0.2986614240459016)	(52, 0.3070968199399382)	(54, 0.32020243640519486)	(56, 0.3321176962000705)	(58, 0.3416966764002295)	(60, 0.35003268102021656)	(62, 0.35918603270562244)	(64, 0.36966538091775936)	(66, 0.38133040856385153)	(68, 0.3939308834951154)	(70, 0.40923363177141936)	(72, 0.4255922661708609)	(74, 0.43792964655317024)	(76, 0.45239633881835184)	(78, 0.4653429292451293)	(80, 0.4748482429715811)	(82, 0.4840390125483939)	(84, 0.49592854754292726)	(86, 0.5096141413249904)	(88, 0.5207681808915574)	(90, 0.523537104855666)
SRR29999141_2 - polya	(1, 0.010598617740996302)	(2, 0.014754342305371948)	(3, 0.01648024254651389)	(4, 0.019562541351154913)	(5, 0.02181696930841891)	(6, 0.024330983887318077)	(7, 0.026749115119487136)	(8, 0.03256993585146856)	(9, 0.040245280826303034)	(10, 0.0487531738849404)	(12, 0.05473886720093335)	(14, 0.06446050311208111)	(16, 0.07782336758076003)	(18, 0.08693696275654612)	(20, 0.09621426120723728)	(22, 0.10560381333214905)	(24, 0.11367087685764922)	(26, 0.12480971540583223)	(28, 0.1354223648561061)	(30, 0.1441477494085459)	(32, 0.1524030717001869)	(34, 0.1612582495634443)	(36, 0.1693147893069863)	(38, 0.17717488512064217)	(40, 0.1885089982896048)	(42, 0.1986305379151635)	(44, 0.2099225559562934)	(46, 0.22423723803763457)	(48, 0.23824556113308204)	(50, 0.2506238673341177)	(52, 0.26452695260998327)	(54, 0.28849545067429727)	(56, 0.3067916302631509)	(58, 0.32158222115082324)	(60, 0.3354455499170691)	(62, 0.34926093700994987)	(64, 0.3665456642217115)	(66, 0.38570245531292313)	(68, 0.4025007499363954)	(70, 0.4233612243957262)	(72, 0.4457815572030809)	(74, 0.46214837676626774)	(76, 0.4857707593350682)	(78, 0.5104572131907515)	(80, 0.5258593527411048)	(82, 0.5416485336056982)	(84, 0.5711081072339705)	(86, 0.6057652598404786)	(88, 0.6235305730949973)	(90, 0.6276149698038785)
SRR29999141_2 - polyg	(1, 0.28241387401157425)	(2, 0.28366737337370446)	(3, 0.28379599737541555)	(4, 0.28394566894104306)	(5, 0.2840555839970507)	(6, 0.284144451489142)	(7, 0.2842754141090661)	(8, 0.2845864503313857)	(9, 0.28494425891796393)	(10, 0.2856563681638009)	(12, 0.28665261952250887)	(14, 0.2872185651300378)	(16, 0.2875202468795057)	(18, 0.2877798335011409)	(20, 0.2880639756140118)	(22, 0.28835162565420214)	(24, 0.2886497994763506)	(26, 0.28895849708045734)	(28, 0.28926953330277694)	(30, 0.28963786567131333)	(32, 0.2900634941860665)	(34, 0.29057214364737866)	(36, 0.2911357506366946)	(38, 0.2916455694071133)	(40, 0.29217643574144825)	(42, 0.2926546831659923)	(44, 0.29324050702833115)	(46, 0.29382048434513763)	(48, 0.29438876857087953)	(50, 0.2949137883596822)	(52, 0.295567432150196)	(54, 0.2962421235046261)	(56, 0.29687471973122354)	(58, 0.2974640515208818)	(60, 0.2981937004033157)	(62, 0.29891633343111096)	(64, 0.2997465428967009)	(66, 0.30056739788943915)	(68, 0.30139293011860324)	(70, 0.30224184852989666)	(72, 0.30329188810750196)	(74, 0.30437934557651414)	(76, 0.3054972050822945)	(78, 0.3068021540451091)	(80, 0.30802642067957764)	(82, 0.30948337982623275)	(84, 0.31101283613748854)	(86, 0.31245693288397247)	(88, 0.314033161559487)	(90, 0.31537435910460204)
SRR29999142_1 - polya	(1, 0.005603889302250266)	(2, 0.016710130654509853)	(3, 0.022841046646963122)	(4, 0.03198181690227298)	(5, 0.03571210214531533)	(6, 0.03938920120861242)	(7, 0.04473682982663554)	(8, 0.052390804602702984)	(9, 0.06587350116812565)	(10, 0.08338746840287632)	(12, 0.09294889298889866)	(14, 0.10619225174546768)	(16, 0.12291688772172624)	(18, 0.1361372797188598)	(20, 0.15184291684227172)	(22, 0.17288530359239523)	(24, 0.1942020826789318)	(26, 0.22155065805930543)	(28, 0.2484350631437205)	(30, 0.2665183642571079)	(32, 0.2816752167076938)	(34, 0.29865490459136707)	(36, 0.3101467457467798)	(38, 0.3207054112030257)	(40, 0.3326154891355261)	(42, 0.34305085935690804)	(44, 0.35433237334696444)	(46, 0.3688630794087312)	(48, 0.3806837078571146)	(50, 0.39099457406682003)	(52, 0.40211773829445313)	(54, 0.41927269881592333)	(56, 0.4352297615163129)	(58, 0.4475012637157185)	(60, 0.4582533334619472)	(62, 0.4696460549187437)	(64, 0.4828785346840012)	(66, 0.49810307863608105)	(68, 0.5130471863676859)	(70, 0.5320769597251764)	(72, 0.5539920833338471)	(74, 0.5696396991702641)	(76, 0.5876432210140337)	(78, 0.6046748863006399)	(80, 0.6171301225755291)	(82, 0.629029321516718)	(84, 0.6440000223381954)	(86, 0.6614293751960787)	(88, 0.6757968963881724)	(90, 0.6794316882630358)
SRR29999142_2 - polya	(1, 0.014394114281966387)	(2, 0.019981080708843163)	(3, 0.02212303322040215)	(4, 0.026061228075175958)	(5, 0.02849570457533386)	(6, 0.03093501618274133)	(7, 0.03360883049175289)	(8, 0.04089775467047789)	(9, 0.05058247449136424)	(10, 0.06130069848684593)	(12, 0.0678498512563869)	(14, 0.07950850361190973)	(16, 0.09622709570410633)	(18, 0.10654037946743664)	(20, 0.11678234539883578)	(22, 0.12748243774213158)	(24, 0.13672232769605763)	(26, 0.1493492102783066)	(28, 0.16146357149210128)	(30, 0.1712014774927329)	(32, 0.17996027427532682)	(34, 0.18982026673401003)	(36, 0.19903235482125103)	(38, 0.20804378595763495)	(40, 0.22023067378017314)	(42, 0.23137680476724168)	(44, 0.24466488826586918)	(46, 0.26183314533227575)	(48, 0.2781020724502624)	(50, 0.29271739288889653)	(52, 0.30902137453444267)	(54, 0.337706857069322)	(56, 0.35974527591285677)	(58, 0.37778989616824765)	(60, 0.39430057864871276)	(62, 0.41056225310582506)	(64, 0.43122508393685743)	(66, 0.4536793220038551)	(68, 0.4736374359532628)	(70, 0.49907010008599484)	(72, 0.5272914123249156)	(74, 0.5484305012200306)	(76, 0.5787115691472677)	(78, 0.6114452452268486)	(80, 0.6312558884051445)	(82, 0.6509480714558259)	(84, 0.6891164080839222)	(86, 0.734075652844038)	(88, 0.7560584679542025)	(90, 0.7613142295344838)
SRR29999142_2 - polyg	(1, 0.20459756326550477)	(2, 0.2061907311042377)	(3, 0.20642765135946656)	(4, 0.20658720989870233)	(5, 0.20668874715094326)	(6, 0.20678061418868507)	(7, 0.20695709560329434)	(8, 0.20732698130788635)	(9, 0.20772829520960057)	(10, 0.20838707857235433)	(12, 0.20931179283383436)	(14, 0.20985453362259848)	(16, 0.21014826638800976)	(18, 0.2104673834664813)	(20, 0.21085902715369637)	(22, 0.21116363891041923)	(24, 0.2114900086497651)	(26, 0.2118937401051041)	(28, 0.2123276909807529)	(30, 0.21277010329408846)	(32, 0.21332009674372693)	(34, 0.21392085881948586)	(36, 0.214580850959052)	(38, 0.2153085346001121)	(40, 0.2159274283280569)	(42, 0.21649434465306885)	(44, 0.2172256546245661)	(46, 0.2179158661844421)	(48, 0.2185964075298189)	(50, 0.21928782786650725)	(52, 0.21999737985538145)	(54, 0.22068275630800785)	(56, 0.22141043994906795)	(58, 0.22220218876118486)	(60, 0.22306283785160808)	(62, 0.22391381672753222)	(64, 0.22485424508757335)	(66, 0.22581159632298797)	(68, 0.22691883588313924)	(70, 0.22807080018534898)	(72, 0.22943067409929024)	(74, 0.2307990094509182)	(76, 0.23219393789241882)	(78, 0.2336517227281638)	(80, 0.23518082539583995)	(82, 0.23701453982023893)	(84, 0.2389099018620699)	(86, 0.24075812160821758)	(88, 0.24282512995740826)	(90, 0.24458390021943893)
SRR29999143_1 - polya	(1, 0.005491817417430413)	(2, 0.016750919610210684)	(3, 0.022916379930189558)	(4, 0.03299347673262457)	(5, 0.037145521091083135)	(6, 0.041074687314497774)	(7, 0.047037303489099604)	(8, 0.05499330163555488)	(9, 0.06923496403999024)	(10, 0.08696379277081497)	(12, 0.09698078760424936)	(14, 0.1103835266913846)	(16, 0.1274775283746404)	(18, 0.1413986469444059)	(20, 0.15775389525869593)	(22, 0.17937307435795571)	(24, 0.20127022506384332)	(26, 0.22916505142624977)	(28, 0.2572727389288667)	(30, 0.27580793574378293)	(32, 0.2918438923477572)	(34, 0.30937738967932993)	(36, 0.32089317736471695)	(38, 0.3315950842198875)	(40, 0.3438947017509907)	(42, 0.35500480114562366)	(44, 0.36666458313174133)	(46, 0.38201187134091696)	(48, 0.3940873586126222)	(50, 0.4047717357268341)	(52, 0.41641524009634745)	(54, 0.4339462331792119)	(56, 0.45029647299608516)	(58, 0.4625259715633544)	(60, 0.47413942494836736)	(62, 0.4859832692145494)	(64, 0.4997691583540635)	(66, 0.5152053473923859)	(68, 0.5306402843063542)	(70, 0.549892948376215)	(72, 0.5716410962839553)	(74, 0.5876294721624709)	(76, 0.6058303517748211)	(78, 0.6226413733540325)	(80, 0.6353028548234936)	(82, 0.6472393562918848)	(84, 0.6629084404600847)	(86, 0.6806760850458888)	(88, 0.694965328175783)	(90, 0.6986152706682157)
SRR29999143_2 - polya	(1, 0.01367570219634632)	(2, 0.019360346764320347)	(3, 0.02162669184538488)	(4, 0.02554584107396609)	(5, 0.028137738487117245)	(6, 0.030827301599894382)	(7, 0.033722213106756924)	(8, 0.04105966182224763)	(9, 0.0509514442202641)	(10, 0.061693419054768314)	(12, 0.0686389528474009)	(14, 0.08080334094825281)	(16, 0.09804759755401013)	(18, 0.10914016720768455)	(20, 0.12028908245729705)	(22, 0.13185620724120545)	(24, 0.1417730321263055)	(26, 0.15524714230162895)	(28, 0.16842825537807443)	(30, 0.17845025870892556)	(32, 0.18773476079516507)	(34, 0.1978406564577462)	(36, 0.20766858051369955)	(38, 0.21732997203054705)	(40, 0.23042594065090832)	(42, 0.24223973393259002)	(44, 0.2557363823462887)	(46, 0.27370812320182425)	(48, 0.2908797565950392)	(50, 0.3064023422137999)	(52, 0.323456275917722)	(54, 0.35278478466566376)	(56, 0.3754582524711425)	(58, 0.3935013644148663)	(60, 0.41063668620181)	(62, 0.4274990448795426)	(64, 0.44894668294227985)	(66, 0.472809668884229)	(68, 0.49334951679018624)	(70, 0.5195314370360754)	(72, 0.5485682008094934)	(74, 0.5699682581467718)	(76, 0.6007892991248953)	(78, 0.6340219316091682)	(80, 0.654377717235061)	(82, 0.6746045340524734)	(84, 0.7132926723479054)	(86, 0.7591028939699094)	(88, 0.7817237725525126)	(90, 0.7871404625086923)
SRR29999143_2 - polyg	(1, 0.18592043260595928)	(2, 0.18706988276309586)	(3, 0.18722264193430574)	(4, 0.1873278203800568)	(5, 0.187412964836141)	(6, 0.18749310079480846)	(7, 0.18761080048410134)	(8, 0.1878311743704369)	(9, 0.18810413747964796)	(10, 0.18855365012279834)	(12, 0.18923605789582607)	(14, 0.18965426743012195)	(16, 0.1898683806946866)	(18, 0.1900687205913553)	(20, 0.1903341709544413)	(22, 0.19060588193929823)	(24, 0.19085881105884245)	(26, 0.19111048805403247)	(28, 0.19137719054147267)	(30, 0.1916701876403506)	(32, 0.19202453883258336)	(34, 0.19245026111300434)	(36, 0.19283466328973736)	(38, 0.19324786432661656)	(40, 0.19365856111478735)	(42, 0.19404546754022875)	(44, 0.19449372805902493)	(46, 0.19502462878519697)	(48, 0.19550794878591018)	(50, 0.19599001666226923)	(52, 0.1965171610153787)	(54, 0.19706308723380087)	(56, 0.1976478293072026)	(58, 0.1982588659920421)	(60, 0.19892123977540294)	(62, 0.19958486568311798)	(64, 0.20028855957016672)	(66, 0.2009797322136737)	(68, 0.20182491615274473)	(70, 0.20268136921100338)	(72, 0.20360919335745026)	(74, 0.20453701750389713)	(76, 0.2055124223758028)	(78, 0.20650034849125026)	(80, 0.20753835958086492)	(82, 0.20871285222508507)	(84, 0.20999001906634795)	(86, 0.21132603575225728)	(88, 0.21269961616879196)	(90, 0.2138653439425329)
