Sample	0	1	2	3	4	5	6	7	8	9	10	11	12	13	14	15	16	17	18	19	20	21	22	23	24	25	26	27	28	29	30	31	32	33	34	35	36	37	38	39	40	41	42	43	44	45	46	47	48	49	50	51	52	53	54	55	56	57	58	59	60	61	62	63	64	65	66	67	68	69	70	71	72	73	74	75	76	77	78	79	80	81	82	83	84	85	86	87	88	89	90	91	92	93	94	95	96	97	98	99	100
SRR29999095_1	(0.0, 65550.0)	(1.0, 33292.5)	(2.0, 1293.5)	(3.0, 1403.0)	(4.0, 1073.5)	(5.0, 838.0)	(6.0, 749.0)	(7.0, 658.0)	(8.0, 594.5)	(9.0, 603.0)	(10.0, 627.0)	(11.0, 685.0)	(12.0, 788.5)	(13.0, 948.0)	(14.0, 1217.0)	(15.0, 1663.5)	(16.0, 2281.0)	(17.0, 3188.0)	(18.0, 4677.0)	(19.0, 6750.0)	(20.0, 9805.5)	(21.0, 13908.5)	(22.0, 19757.0)	(23.0, 27443.5)	(24.0, 37069.5)	(25.0, 49563.0)	(26.0, 63799.5)	(27.0, 78926.5)	(28.0, 95895.5)	(29.0, 115294.5)	(30.0, 136387.0)	(31.0, 157295.0)	(32.0, 180438.0)	(33.0, 206160.0)	(34.0, 233923.5)	(35.0, 266097.5)	(36.0, 304452.0)	(37.0, 343674.0)	(38.0, 373864.0)	(39.0, 403737.5)	(40.0, 444887.5)	(41.0, 486722.5)	(42.0, 533089.5)	(43.0, 568469.5)	(44.0, 604478.5)	(45.0, 674329.5)	(46.0, 742186.0)	(47.0, 802735.5)	(48.0, 877883.0)	(49.0, 939677.0)	(50.0, 976581.0)	(51.0, 1037916.5)	(52.0, 1119191.0)	(53.0, 1164298.5)	(54.0, 1170079.5)	(55.0, 1207030.5)	(56.0, 1262652.5)	(57.0, 1401049.0)	(58.0, 1698307.0)	(59.0, 2039515.5)	(60.0, 2165819.0)	(61.0, 2220183.5)	(62.0, 2047028.0)	(63.0, 1797268.5)	(64.0, 1554275.0)	(65.0, 1127245.0)	(66.0, 899272.5)	(67.0, 815494.0)	(68.0, 753646.0)	(69.0, 631341.0)	(70.0, 500340.0)	(71.0, 409588.0)	(72.0, 356918.0)	(73.0, 300730.5)	(74.0, 236710.0)	(75.0, 205870.5)	(76.0, 181892.0)	(77.0, 161138.5)	(78.0, 144679.0)	(79.0, 128464.0)	(80.0, 110141.5)	(81.0, 92893.5)	(82.0, 80701.0)	(83.0, 69215.5)	(84.0, 54547.0)	(85.0, 42223.0)	(86.0, 34133.0)	(87.0, 26509.0)	(88.0, 19853.0)	(89.0, 15178.5)	(90.0, 10988.0)	(91.0, 7763.5)	(92.0, 5133.5)	(93.0, 3120.5)	(94.0, 1916.5)	(95.0, 1138.5)	(96.0, 675.5)	(97.0, 358.0)	(98.0, 203.0)	(99.0, 111.5)	(100.0, 40.0)
SRR29999095_2	(0.0, 4426.0)	(1.0, 2405.5)	(2.0, 413.0)	(3.0, 485.0)	(4.0, 550.0)	(5.0, 641.5)	(6.0, 759.5)	(7.0, 819.5)	(8.0, 868.0)	(9.0, 970.5)	(10.0, 1104.0)	(11.0, 1232.5)	(12.0, 1380.0)	(13.0, 1538.5)	(14.0, 1778.0)	(15.0, 2173.0)	(16.0, 2761.0)	(17.0, 3572.0)	(18.0, 4762.0)	(19.0, 6492.0)	(20.0, 8868.5)	(21.0, 12019.5)	(22.0, 16434.0)	(23.0, 22701.5)	(24.0, 30690.5)	(25.0, 39871.0)	(26.0, 51067.0)	(27.0, 64657.5)	(28.0, 80206.0)	(29.0, 97635.0)	(30.0, 115902.0)	(31.0, 136593.0)	(32.0, 162658.0)	(33.0, 193625.0)	(34.0, 224766.5)	(35.0, 262176.5)	(36.0, 327644.0)	(37.0, 370799.5)	(38.0, 372350.5)	(39.0, 390600.5)	(40.0, 424468.5)	(41.0, 467359.0)	(42.0, 506836.0)	(43.0, 537957.0)	(44.0, 582966.5)	(45.0, 645095.0)	(46.0, 712430.5)	(47.0, 778971.5)	(48.0, 846653.5)	(49.0, 915287.5)	(50.0, 974370.0)	(51.0, 1018879.5)	(52.0, 1063399.5)	(53.0, 1122695.5)	(54.0, 1182231.0)	(55.0, 1220978.0)	(56.0, 1267540.0)	(57.0, 1316841.5)	(58.0, 1419558.5)	(59.0, 1641283.0)	(60.0, 1843012.0)	(61.0, 2069002.5)	(62.0, 2182844.0)	(63.0, 1994587.5)	(64.0, 1915109.5)	(65.0, 1669423.0)	(66.0, 1156686.0)	(67.0, 865158.5)	(68.0, 722393.0)	(69.0, 599818.5)	(70.0, 491234.0)	(71.0, 412234.0)	(72.0, 352715.0)	(73.0, 307758.0)	(74.0, 266541.0)	(75.0, 230467.5)	(76.0, 200302.0)	(77.0, 181187.5)	(78.0, 167296.0)	(79.0, 148169.0)	(80.0, 127934.5)	(81.0, 112200.0)	(82.0, 99046.5)	(83.0, 85039.5)	(84.0, 70859.5)	(85.0, 57283.0)	(86.0, 44479.5)	(87.0, 33994.5)	(88.0, 25464.5)	(89.0, 18754.0)	(90.0, 14089.5)	(91.0, 11004.5)	(92.0, 8479.0)	(93.0, 6725.0)	(94.0, 5266.5)	(95.0, 3994.0)	(96.0, 3241.0)	(97.0, 2581.0)	(98.0, 1890.0)	(99.0, 1464.0)	(100.0, 3772.0)
SRR29999096_1	(0.0, 62501.0)	(1.0, 31485.0)	(2.0, 728.0)	(3.0, 859.0)	(4.0, 658.5)	(5.0, 559.0)	(6.0, 533.5)	(7.0, 508.5)	(8.0, 499.5)	(9.0, 522.5)	(10.0, 613.5)	(11.0, 727.0)	(12.0, 856.5)	(13.0, 1128.0)	(14.0, 1533.0)	(15.0, 2160.0)	(16.0, 3133.5)	(17.0, 4643.5)	(18.0, 6962.0)	(19.0, 10218.5)	(20.0, 15203.5)	(21.0, 22356.0)	(22.0, 32400.0)	(23.0, 45081.5)	(24.0, 60242.5)	(25.0, 79792.0)	(26.0, 102929.0)	(27.0, 128650.0)	(28.0, 157675.5)	(29.0, 189131.0)	(30.0, 221887.5)	(31.0, 256887.0)	(32.0, 294619.5)	(33.0, 333273.5)	(34.0, 373890.0)	(35.0, 418150.5)	(36.0, 469539.5)	(37.0, 520120.5)	(38.0, 559470.5)	(39.0, 597556.0)	(40.0, 643059.0)	(41.0, 678715.0)	(42.0, 723484.0)	(43.0, 756270.5)	(44.0, 776384.5)	(45.0, 830497.0)	(46.0, 885305.5)	(47.0, 931021.0)	(48.0, 987354.5)	(49.0, 1036218.5)	(50.0, 1065662.5)	(51.0, 1109504.0)	(52.0, 1160723.0)	(53.0, 1175732.0)	(54.0, 1170419.5)	(55.0, 1196852.0)	(56.0, 1221008.0)	(57.0, 1293802.0)	(58.0, 1460291.0)	(59.0, 1654657.0)	(60.0, 1730375.5)	(61.0, 1754691.0)	(62.0, 1619785.5)	(63.0, 1422867.5)	(64.0, 1239259.0)	(65.0, 931719.0)	(66.0, 756250.0)	(67.0, 698357.0)	(68.0, 642204.5)	(69.0, 532326.0)	(70.0, 412881.0)	(71.0, 325828.5)	(72.0, 277170.5)	(73.0, 228731.5)	(74.0, 176545.5)	(75.0, 151769.0)	(76.0, 132092.0)	(77.0, 116486.0)	(78.0, 104437.5)	(79.0, 92454.0)	(80.0, 79246.5)	(81.0, 66856.0)	(82.0, 57055.0)	(83.0, 48622.5)	(84.0, 38989.0)	(85.0, 30101.5)	(86.0, 23951.5)	(87.0, 18187.0)	(88.0, 13179.5)	(89.0, 9689.0)	(90.0, 6799.5)	(91.0, 4707.5)	(92.0, 3080.0)	(93.0, 1843.5)	(94.0, 1099.5)	(95.0, 666.5)	(96.0, 413.5)	(97.0, 235.5)	(98.0, 151.0)	(99.0, 91.5)	(100.0, 31.0)
SRR29999096_2	(0.0, 4406.0)	(1.0, 2390.0)	(2.0, 431.0)	(3.0, 541.0)	(4.0, 651.5)	(5.0, 779.0)	(6.0, 876.0)	(7.0, 979.0)	(8.0, 1044.5)	(9.0, 1143.5)	(10.0, 1344.0)	(11.0, 1508.5)	(12.0, 1719.0)	(13.0, 1977.0)	(14.0, 2300.5)	(15.0, 2898.0)	(16.0, 3784.5)	(17.0, 4979.5)	(18.0, 6760.0)	(19.0, 9435.5)	(20.0, 13441.5)	(21.0, 18945.5)	(22.0, 26322.5)	(23.0, 36361.0)	(24.0, 49143.0)	(25.0, 64547.5)	(26.0, 83672.0)	(27.0, 106357.0)	(28.0, 132420.5)	(29.0, 161555.5)	(30.0, 191831.0)	(31.0, 226654.5)	(32.0, 267919.0)	(33.0, 311713.5)	(34.0, 356231.5)	(35.0, 407415.0)	(36.0, 478886.5)	(37.0, 530042.5)	(38.0, 546586.5)	(39.0, 574058.0)	(40.0, 611799.5)	(41.0, 655749.0)	(42.0, 696568.0)	(43.0, 727325.0)	(44.0, 764209.0)	(45.0, 818104.5)	(46.0, 878674.5)	(47.0, 930686.5)	(48.0, 980554.5)	(49.0, 1030734.0)	(50.0, 1073760.0)	(51.0, 1113101.5)	(52.0, 1138675.0)	(53.0, 1156434.0)	(54.0, 1184500.0)	(55.0, 1204389.0)	(56.0, 1222545.5)	(57.0, 1240071.0)	(58.0, 1294097.5)	(59.0, 1391944.5)	(60.0, 1467728.0)	(61.0, 1615351.0)	(62.0, 1712272.5)	(63.0, 1583101.5)	(64.0, 1515551.0)	(65.0, 1362337.0)	(66.0, 995058.0)	(67.0, 737454.5)	(68.0, 594772.0)	(69.0, 481744.5)	(70.0, 391150.0)	(71.0, 322818.0)	(72.0, 272713.0)	(73.0, 234482.0)	(74.0, 200398.5)	(75.0, 171479.0)	(76.0, 148347.0)	(77.0, 133501.5)	(78.0, 123002.5)	(79.0, 110429.0)	(80.0, 95811.0)	(81.0, 82472.0)	(82.0, 71972.0)	(83.0, 62146.5)	(84.0, 51790.5)	(85.0, 41907.0)	(86.0, 33061.0)	(87.0, 25754.5)	(88.0, 19756.0)	(89.0, 14907.5)	(90.0, 11456.0)	(91.0, 9228.5)	(92.0, 7380.5)	(93.0, 6056.5)	(94.0, 5123.0)	(95.0, 4246.0)	(96.0, 3640.0)	(97.0, 3135.0)	(98.0, 2701.5)	(99.0, 2545.5)	(100.0, 6684.0)
SRR29999097_1	(0.0, 47890.0)	(1.0, 24175.0)	(2.0, 685.0)	(3.0, 804.5)	(4.0, 634.5)	(5.0, 557.5)	(6.0, 509.5)	(7.0, 489.0)	(8.0, 518.5)	(9.0, 537.0)	(10.0, 613.5)	(11.0, 730.0)	(12.0, 876.5)	(13.0, 1127.5)	(14.0, 1511.5)	(15.0, 2102.0)	(16.0, 3086.0)	(17.0, 4546.0)	(18.0, 6697.5)	(19.0, 9956.5)	(20.0, 14656.0)	(21.0, 21187.0)	(22.0, 30828.0)	(23.0, 42619.5)	(24.0, 56426.0)	(25.0, 74432.5)	(26.0, 96338.0)	(27.0, 120543.0)	(28.0, 147665.0)	(29.0, 177679.5)	(30.0, 209317.0)	(31.0, 242796.5)	(32.0, 278924.5)	(33.0, 316429.5)	(34.0, 354556.0)	(35.0, 395097.5)	(36.0, 439474.5)	(37.0, 483538.5)	(38.0, 522688.5)	(39.0, 558675.5)	(40.0, 597489.5)	(41.0, 638560.5)	(42.0, 679054.0)	(43.0, 708398.0)	(44.0, 739882.5)	(45.0, 792973.5)	(46.0, 843893.5)	(47.0, 889097.5)	(48.0, 948968.5)	(49.0, 1002311.0)	(50.0, 1031233.0)	(51.0, 1068497.0)	(52.0, 1112635.5)	(53.0, 1129699.0)	(54.0, 1119685.5)	(55.0, 1129439.5)	(56.0, 1156332.0)	(57.0, 1238111.5)	(58.0, 1400786.5)	(59.0, 1592562.5)	(60.0, 1671525.5)	(61.0, 1694750.5)	(62.0, 1559457.0)	(63.0, 1366901.0)	(64.0, 1171528.5)	(65.0, 869071.0)	(66.0, 702404.5)	(67.0, 623995.0)	(68.0, 562656.5)	(69.0, 472157.0)	(70.0, 377068.5)	(71.0, 309292.5)	(72.0, 270568.5)	(73.0, 228163.5)	(74.0, 178816.0)	(75.0, 153077.5)	(76.0, 133332.5)	(77.0, 117866.5)	(78.0, 105642.0)	(79.0, 94217.0)	(80.0, 81754.0)	(81.0, 68873.0)	(82.0, 58824.0)	(83.0, 49804.0)	(84.0, 39389.0)	(85.0, 30580.0)	(86.0, 24323.0)	(87.0, 18640.5)	(88.0, 13829.5)	(89.0, 10068.0)	(90.0, 6916.5)	(91.0, 4730.5)	(92.0, 3036.0)	(93.0, 1750.0)	(94.0, 1000.5)	(95.0, 597.5)	(96.0, 372.0)	(97.0, 221.0)	(98.0, 126.5)	(99.0, 74.5)	(100.0, 27.5)
SRR29999097_2	(0.0, 3477.0)	(1.0, 1949.0)	(2.0, 477.0)	(3.0, 633.0)	(4.0, 821.0)	(5.0, 985.5)	(6.0, 1103.5)	(7.0, 1214.5)	(8.0, 1343.5)	(9.0, 1470.0)	(10.0, 1634.0)	(11.0, 1749.5)	(12.0, 1930.5)	(13.0, 2237.5)	(14.0, 2559.0)	(15.0, 3110.5)	(16.0, 3941.5)	(17.0, 5054.5)	(18.0, 6728.5)	(19.0, 9366.0)	(20.0, 12937.0)	(21.0, 17710.0)	(22.0, 24529.0)	(23.0, 34028.0)	(24.0, 46634.5)	(25.0, 61354.0)	(26.0, 78835.5)	(27.0, 100517.5)	(28.0, 125585.0)	(29.0, 152862.0)	(30.0, 181533.0)	(31.0, 215551.5)	(32.0, 255776.5)	(33.0, 299457.5)	(34.0, 341826.0)	(35.0, 387005.5)	(36.0, 450499.5)	(37.0, 497193.5)	(38.0, 516815.0)	(39.0, 545191.0)	(40.0, 581440.0)	(41.0, 622294.0)	(42.0, 657203.5)	(43.0, 684781.0)	(44.0, 721699.0)	(45.0, 772854.0)	(46.0, 828781.0)	(47.0, 884039.5)	(48.0, 942816.0)	(49.0, 996888.0)	(50.0, 1036646.5)	(51.0, 1062419.0)	(52.0, 1080408.5)	(53.0, 1107134.0)	(54.0, 1133716.5)	(55.0, 1146121.5)	(56.0, 1163192.5)	(57.0, 1182912.0)	(58.0, 1232490.0)	(59.0, 1352928.0)	(60.0, 1456659.0)	(61.0, 1579910.0)	(62.0, 1643478.0)	(63.0, 1491099.5)	(64.0, 1396045.0)	(65.0, 1220389.5)	(66.0, 876836.5)	(67.0, 663933.0)	(68.0, 552264.5)	(69.0, 459394.5)	(70.0, 376716.0)	(71.0, 316319.0)	(72.0, 271355.0)	(73.0, 234712.5)	(74.0, 199883.0)	(75.0, 171697.0)	(76.0, 149268.5)	(77.0, 134327.0)	(78.0, 123805.0)	(79.0, 110856.5)	(80.0, 96563.5)	(81.0, 83043.0)	(82.0, 71842.0)	(83.0, 61908.5)	(84.0, 51623.0)	(85.0, 41526.0)	(86.0, 31996.5)	(87.0, 24593.5)	(88.0, 18769.5)	(89.0, 13734.5)	(90.0, 10158.0)	(91.0, 7872.0)	(92.0, 5937.0)	(93.0, 4559.5)	(94.0, 3698.0)	(95.0, 3020.5)	(96.0, 2566.0)	(97.0, 2170.0)	(98.0, 1798.5)	(99.0, 1756.5)	(100.0, 5460.5)
SRR29999098_1	(0.0, 47723.0)	(1.0, 24065.0)	(2.0, 622.0)	(3.0, 739.5)	(4.0, 585.5)	(5.0, 499.5)	(6.0, 488.0)	(7.0, 465.0)	(8.0, 438.5)	(9.0, 495.0)	(10.0, 601.0)	(11.0, 704.0)	(12.0, 842.5)	(13.0, 1133.5)	(14.0, 1541.0)	(15.0, 2147.5)	(16.0, 3213.5)	(17.0, 4853.0)	(18.0, 7186.5)	(19.0, 10795.0)	(20.0, 16180.5)	(21.0, 23525.0)	(22.0, 34222.0)	(23.0, 47748.5)	(24.0, 64297.5)	(25.0, 85301.0)	(26.0, 110403.0)	(27.0, 138254.0)	(28.0, 169606.5)	(29.0, 203994.5)	(30.0, 240960.0)	(31.0, 279948.0)	(32.0, 320035.5)	(33.0, 361409.0)	(34.0, 402751.5)	(35.0, 445260.0)	(36.0, 489203.5)	(37.0, 533519.0)	(38.0, 574849.5)	(39.0, 610416.5)	(40.0, 646707.0)	(41.0, 684159.5)	(42.0, 718721.0)	(43.0, 747062.5)	(44.0, 772277.5)	(45.0, 812613.5)	(46.0, 856919.0)	(47.0, 892509.5)	(48.0, 936966.0)	(49.0, 977665.0)	(50.0, 1004241.0)	(51.0, 1037782.5)	(52.0, 1072276.5)	(53.0, 1074179.5)	(54.0, 1051683.5)	(55.0, 1053274.0)	(56.0, 1080611.0)	(57.0, 1150570.5)	(58.0, 1279654.0)	(59.0, 1468267.5)	(60.0, 1560068.0)	(61.0, 1580331.0)	(62.0, 1458698.5)	(63.0, 1270898.0)	(64.0, 1065751.0)	(65.0, 779179.0)	(66.0, 624359.0)	(67.0, 541135.5)	(68.0, 487330.5)	(69.0, 409354.0)	(70.0, 317684.0)	(71.0, 256479.0)	(72.0, 221439.5)	(73.0, 186080.5)	(74.0, 146410.0)	(75.0, 125674.5)	(76.0, 109935.5)	(77.0, 96580.0)	(78.0, 86080.0)	(79.0, 76041.0)	(80.0, 65596.5)	(81.0, 55941.5)	(82.0, 48846.0)	(83.0, 43020.5)	(84.0, 34376.0)	(85.0, 25556.0)	(86.0, 19947.5)	(87.0, 15332.5)	(88.0, 11374.5)	(89.0, 8508.0)	(90.0, 6070.5)	(91.0, 4410.0)	(92.0, 3279.5)	(93.0, 2124.0)	(94.0, 1324.0)	(95.0, 878.0)	(96.0, 567.5)	(97.0, 307.5)	(98.0, 173.5)	(99.0, 96.0)	(100.0, 35.5)
SRR29999098_2	(0.0, 3574.0)	(1.0, 1981.0)	(2.0, 435.0)	(3.0, 557.5)	(4.0, 690.5)	(5.0, 834.0)	(6.0, 1008.0)	(7.0, 1098.5)	(8.0, 1152.5)	(9.0, 1279.5)	(10.0, 1457.5)	(11.0, 1619.0)	(12.0, 1795.0)	(13.0, 2126.0)	(14.0, 2610.0)	(15.0, 3219.5)	(16.0, 4112.0)	(17.0, 5544.5)	(18.0, 7540.5)	(19.0, 10476.0)	(20.0, 14632.5)	(21.0, 20523.5)	(22.0, 28607.5)	(23.0, 39513.0)	(24.0, 53967.5)	(25.0, 71261.0)	(26.0, 92399.5)	(27.0, 118336.5)	(28.0, 147442.5)	(29.0, 178987.0)	(30.0, 213842.5)	(31.0, 252768.0)	(32.0, 297804.5)	(33.0, 348816.0)	(34.0, 395874.5)	(35.0, 439936.0)	(36.0, 493718.0)	(37.0, 538416.0)	(38.0, 568393.5)	(39.0, 602241.0)	(40.0, 637974.5)	(41.0, 673698.0)	(42.0, 704725.0)	(43.0, 731869.5)	(44.0, 762922.0)	(45.0, 803636.5)	(46.0, 849589.0)	(47.0, 894643.0)	(48.0, 942378.0)	(49.0, 986085.0)	(50.0, 1015004.5)	(51.0, 1030041.0)	(52.0, 1039866.5)	(53.0, 1052541.5)	(54.0, 1065582.5)	(55.0, 1070168.0)	(56.0, 1082014.0)	(57.0, 1104951.5)	(58.0, 1146573.5)	(59.0, 1259041.5)	(60.0, 1364442.0)	(61.0, 1492258.5)	(62.0, 1558775.5)	(63.0, 1359218.0)	(64.0, 1202024.5)	(65.0, 1039007.0)	(66.0, 755598.5)	(67.0, 582094.5)	(68.0, 489794.0)	(69.0, 405106.0)	(70.0, 324346.0)	(71.0, 270394.5)	(72.0, 229714.0)	(73.0, 195738.0)	(74.0, 165644.0)	(75.0, 142044.0)	(76.0, 123399.5)	(77.0, 110257.0)	(78.0, 101046.5)	(79.0, 90441.0)	(80.0, 78359.0)	(81.0, 67256.5)	(82.0, 58818.5)	(83.0, 51973.5)	(84.0, 43942.5)	(85.0, 35345.0)	(86.0, 27805.0)	(87.0, 21571.0)	(88.0, 16554.5)	(89.0, 12890.0)	(90.0, 10143.5)	(91.0, 8147.0)	(92.0, 6489.5)	(93.0, 5218.5)	(94.0, 4307.5)	(95.0, 3551.5)	(96.0, 3003.0)	(97.0, 2583.5)	(98.0, 2240.5)	(99.0, 2420.5)	(100.0, 8496.0)
SRR29999099_1	(0.0, 58065.0)	(1.0, 29157.0)	(2.0, 402.0)	(3.0, 491.5)	(4.0, 418.5)	(5.0, 383.0)	(6.0, 363.5)	(7.0, 364.0)	(8.0, 394.0)	(9.0, 429.0)	(10.0, 455.5)	(11.0, 552.5)	(12.0, 723.0)	(13.0, 976.5)	(14.0, 1328.0)	(15.0, 1828.5)	(16.0, 2666.5)	(17.0, 4049.5)	(18.0, 6159.0)	(19.0, 9153.5)	(20.0, 13519.0)	(21.0, 19806.5)	(22.0, 28681.0)	(23.0, 40019.5)	(24.0, 53927.5)	(25.0, 71063.0)	(26.0, 91295.0)	(27.0, 114221.0)	(28.0, 139819.0)	(29.0, 168213.0)	(30.0, 198200.5)	(31.0, 229143.0)	(32.0, 262120.5)	(33.0, 296445.0)	(34.0, 331674.0)	(35.0, 369000.5)	(36.0, 409583.5)	(37.0, 452829.5)	(38.0, 488179.5)	(39.0, 519277.5)	(40.0, 553769.0)	(41.0, 591165.0)	(42.0, 639848.5)	(43.0, 666976.5)	(44.0, 682062.0)	(45.0, 723799.0)	(46.0, 767026.0)	(47.0, 804097.5)	(48.0, 848828.5)	(49.0, 889999.5)	(50.0, 917954.5)	(51.0, 954374.0)	(52.0, 993900.0)	(53.0, 1003894.5)	(54.0, 1008506.0)	(55.0, 1044629.5)	(56.0, 1077179.0)	(57.0, 1153760.5)	(58.0, 1328987.5)	(59.0, 1593019.5)	(60.0, 1752581.0)	(61.0, 1827921.5)	(62.0, 1692547.0)	(63.0, 1474876.5)	(64.0, 1261871.5)	(65.0, 913275.5)	(66.0, 736253.0)	(67.0, 684436.0)	(68.0, 636681.0)	(69.0, 524665.5)	(70.0, 393277.5)	(71.0, 306599.0)	(72.0, 257091.5)	(73.0, 212220.5)	(74.0, 167425.0)	(75.0, 146590.0)	(76.0, 130315.0)	(77.0, 117557.0)	(78.0, 107767.5)	(79.0, 97509.0)	(80.0, 86035.5)	(81.0, 74427.5)	(82.0, 66162.5)	(83.0, 59901.5)	(84.0, 49309.0)	(85.0, 37937.0)	(86.0, 30353.5)	(87.0, 23784.0)	(88.0, 17809.0)	(89.0, 13273.5)	(90.0, 9433.0)	(91.0, 6723.5)	(92.0, 4837.0)	(93.0, 3126.5)	(94.0, 1968.0)	(95.0, 1279.5)	(96.0, 767.0)	(97.0, 404.5)	(98.0, 242.0)	(99.0, 138.0)	(100.0, 46.0)
SRR29999099_2	(0.0, 3524.0)	(1.0, 1872.0)	(2.0, 258.0)	(3.0, 336.5)	(4.0, 434.0)	(5.0, 583.5)	(6.0, 691.0)	(7.0, 740.5)	(8.0, 845.5)	(9.0, 984.0)	(10.0, 1114.5)	(11.0, 1245.0)	(12.0, 1385.5)	(13.0, 1636.5)	(14.0, 1945.0)	(15.0, 2387.5)	(16.0, 3145.0)	(17.0, 4254.0)	(18.0, 5790.5)	(19.0, 8331.0)	(20.0, 11917.0)	(21.0, 16515.5)	(22.0, 23042.0)	(23.0, 32146.0)	(24.0, 43912.0)	(25.0, 58163.0)	(26.0, 74971.0)	(27.0, 94676.5)	(28.0, 117226.5)	(29.0, 142086.0)	(30.0, 168636.0)	(31.0, 199119.0)	(32.0, 236166.5)	(33.0, 277775.5)	(34.0, 316685.5)	(35.0, 355219.5)	(36.0, 404896.0)	(37.0, 444949.5)	(38.0, 470167.0)	(39.0, 500732.0)	(40.0, 534453.5)	(41.0, 571471.0)	(42.0, 607183.5)	(43.0, 633853.0)	(44.0, 662948.0)	(45.0, 705789.5)	(46.0, 750913.0)	(47.0, 796683.5)	(48.0, 845751.0)	(49.0, 889930.0)	(50.0, 924354.5)	(51.0, 948389.5)	(52.0, 970100.0)	(53.0, 997652.5)	(54.0, 1025755.5)	(55.0, 1047782.5)	(56.0, 1076437.0)	(57.0, 1104634.5)	(58.0, 1179287.0)	(59.0, 1337400.0)	(60.0, 1474365.0)	(61.0, 1673657.0)	(62.0, 1792139.0)	(63.0, 1619504.5)	(64.0, 1532763.0)	(65.0, 1369174.0)	(66.0, 977668.5)	(67.0, 716833.0)	(68.0, 579071.5)	(69.0, 470279.0)	(70.0, 379928.0)	(71.0, 314304.5)	(72.0, 265836.5)	(73.0, 226286.5)	(74.0, 191740.5)	(75.0, 166069.0)	(76.0, 147364.0)	(77.0, 135089.0)	(78.0, 126674.5)	(79.0, 115374.0)	(80.0, 102416.5)	(81.0, 90064.0)	(82.0, 79822.0)	(83.0, 71306.5)	(84.0, 60664.5)	(85.0, 49585.0)	(86.0, 39748.5)	(87.0, 31048.0)	(88.0, 23927.0)	(89.0, 18259.0)	(90.0, 14234.0)	(91.0, 11556.0)	(92.0, 9542.0)	(93.0, 8067.0)	(94.0, 6762.5)	(95.0, 5706.0)	(96.0, 4872.0)	(97.0, 3947.0)	(98.0, 3016.5)	(99.0, 2319.5)	(100.0, 4572.0)
SRR29999100_1	(0.0, 53187.0)	(1.0, 26749.5)	(2.0, 458.0)	(3.0, 514.5)	(4.0, 399.5)	(5.0, 371.5)	(6.0, 387.0)	(7.0, 398.0)	(8.0, 397.5)	(9.0, 451.5)	(10.0, 548.0)	(11.0, 671.0)	(12.0, 851.5)	(13.0, 1142.0)	(14.0, 1597.5)	(15.0, 2255.0)	(16.0, 3230.0)	(17.0, 4864.0)	(18.0, 7382.5)	(19.0, 10956.5)	(20.0, 16242.0)	(21.0, 23761.5)	(22.0, 34523.5)	(23.0, 47917.0)	(24.0, 63914.0)	(25.0, 83563.5)	(26.0, 107473.5)	(27.0, 135033.5)	(28.0, 165884.5)	(29.0, 200256.0)	(30.0, 235413.5)	(31.0, 271296.0)	(32.0, 310354.5)	(33.0, 350791.0)	(34.0, 390713.5)	(35.0, 433630.5)	(36.0, 482287.0)	(37.0, 538077.5)	(38.0, 572561.0)	(39.0, 595939.0)	(40.0, 627874.0)	(41.0, 663699.0)	(42.0, 739751.5)	(43.0, 760292.0)	(44.0, 733886.0)	(45.0, 760147.0)	(46.0, 791840.0)	(47.0, 813626.5)	(48.0, 840702.5)	(49.0, 866984.0)	(50.0, 882940.5)	(51.0, 909625.5)	(52.0, 945974.5)	(53.0, 963023.5)	(54.0, 991067.5)	(55.0, 1052987.5)	(56.0, 1067167.5)	(57.0, 1106556.0)	(58.0, 1251553.5)	(59.0, 1443522.5)	(60.0, 1545268.5)	(61.0, 1621736.5)	(62.0, 1528462.5)	(63.0, 1335812.5)	(64.0, 1140831.0)	(65.0, 826576.5)	(66.0, 680449.0)	(67.0, 670218.0)	(68.0, 633303.0)	(69.0, 512785.0)	(70.0, 366382.5)	(71.0, 264329.5)	(72.0, 210435.5)	(73.0, 165165.0)	(74.0, 123786.0)	(75.0, 107325.0)	(76.0, 93559.5)	(77.0, 82534.0)	(78.0, 74377.0)	(79.0, 66625.5)	(80.0, 58309.0)	(81.0, 50102.5)	(82.0, 44317.0)	(83.0, 39621.0)	(84.0, 32949.5)	(85.0, 25817.5)	(86.0, 20569.0)	(87.0, 16063.0)	(88.0, 12139.5)	(89.0, 9259.0)	(90.0, 6703.5)	(91.0, 4804.5)	(92.0, 3451.5)	(93.0, 2210.0)	(94.0, 1341.0)	(95.0, 857.0)	(96.0, 533.0)	(97.0, 278.0)	(98.0, 186.5)	(99.0, 127.0)	(100.0, 33.5)
SRR29999100_2	(0.0, 3692.0)	(1.0, 1984.5)	(2.0, 303.0)	(3.0, 393.0)	(4.0, 543.0)	(5.0, 669.0)	(6.0, 790.5)	(7.0, 925.5)	(8.0, 1044.5)	(9.0, 1115.0)	(10.0, 1237.0)	(11.0, 1444.5)	(12.0, 1603.0)	(13.0, 1898.5)	(14.0, 2352.5)	(15.0, 2995.5)	(16.0, 3976.5)	(17.0, 5296.5)	(18.0, 7332.5)	(19.0, 10384.5)	(20.0, 14709.0)	(21.0, 20631.0)	(22.0, 28594.5)	(23.0, 39194.0)	(24.0, 53044.0)	(25.0, 69690.0)	(26.0, 90273.0)	(27.0, 115359.0)	(28.0, 143557.5)	(29.0, 174039.0)	(30.0, 206797.5)	(31.0, 244267.0)	(32.0, 288946.0)	(33.0, 339875.5)	(34.0, 385975.5)	(35.0, 428062.0)	(36.0, 478997.5)	(37.0, 522027.0)	(38.0, 553213.5)	(39.0, 586248.0)	(40.0, 618569.0)	(41.0, 655735.5)	(42.0, 692722.5)	(43.0, 710752.5)	(44.0, 727194.0)	(45.0, 760301.0)	(46.0, 790759.5)	(47.0, 823514.0)	(48.0, 854897.0)	(49.0, 873678.0)	(50.0, 894318.5)	(51.0, 913054.5)	(52.0, 934665.0)	(53.0, 968617.0)	(54.0, 1000766.5)	(55.0, 1026326.5)	(56.0, 1053595.0)	(57.0, 1062727.0)	(58.0, 1123788.5)	(59.0, 1210864.0)	(60.0, 1267535.0)	(61.0, 1474295.5)	(62.0, 1628514.0)	(63.0, 1490317.0)	(64.0, 1405548.0)	(65.0, 1297130.0)	(66.0, 972647.5)	(67.0, 706083.0)	(68.0, 535467.5)	(69.0, 403786.5)	(70.0, 319638.5)	(71.0, 253128.0)	(72.0, 204803.0)	(73.0, 170194.0)	(74.0, 141204.5)	(75.0, 120749.5)	(76.0, 105742.5)	(77.0, 96247.5)	(78.0, 89877.0)	(79.0, 81117.5)	(80.0, 71039.0)	(81.0, 62167.5)	(82.0, 55286.5)	(83.0, 49053.5)	(84.0, 41670.5)	(85.0, 34431.0)	(86.0, 27945.0)	(87.0, 22295.5)	(88.0, 17375.0)	(89.0, 13326.5)	(90.0, 10437.5)	(91.0, 8590.0)	(92.0, 6910.5)	(93.0, 5660.0)	(94.0, 4621.5)	(95.0, 3635.5)	(96.0, 2965.0)	(97.0, 2448.5)	(98.0, 1963.5)	(99.0, 1746.0)	(100.0, 4690.5)
SRR29999101_1	(0.0, 70693.0)	(1.0, 35535.0)	(2.0, 563.5)	(3.0, 646.0)	(4.0, 524.5)	(5.0, 495.0)	(6.0, 473.0)	(7.0, 462.0)	(8.0, 493.5)	(9.0, 527.0)	(10.0, 600.0)	(11.0, 742.0)	(12.0, 902.5)	(13.0, 1210.0)	(14.0, 1708.5)	(15.0, 2413.0)	(16.0, 3593.0)	(17.0, 5341.0)	(18.0, 7895.0)	(19.0, 11736.0)	(20.0, 17239.0)	(21.0, 24994.0)	(22.0, 36021.0)	(23.0, 49900.0)	(24.0, 67033.5)	(25.0, 88188.0)	(26.0, 112495.5)	(27.0, 139163.5)	(28.0, 168808.5)	(29.0, 200754.0)	(30.0, 234434.0)	(31.0, 269762.5)	(32.0, 307237.5)	(33.0, 344653.5)	(34.0, 383795.5)	(35.0, 428070.0)	(36.0, 473899.0)	(37.0, 517516.5)	(38.0, 558532.5)	(39.0, 596837.0)	(40.0, 640426.5)	(41.0, 674571.0)	(42.0, 699366.0)	(43.0, 732613.5)	(44.0, 771513.0)	(45.0, 825522.0)	(46.0, 881417.0)	(47.0, 929723.0)	(48.0, 985118.5)	(49.0, 1037328.5)	(50.0, 1076521.5)	(51.0, 1130542.5)	(52.0, 1174763.0)	(53.0, 1149002.0)	(54.0, 1108369.0)	(55.0, 1109105.0)	(56.0, 1127365.5)	(57.0, 1201474.0)	(58.0, 1320592.0)	(59.0, 1476294.5)	(60.0, 1562637.0)	(61.0, 1584030.5)	(62.0, 1461521.5)	(63.0, 1293758.5)	(64.0, 1110162.5)	(65.0, 836943.0)	(66.0, 682854.5)	(67.0, 592485.5)	(68.0, 526297.0)	(69.0, 443518.0)	(70.0, 360606.0)	(71.0, 302969.0)	(72.0, 267796.0)	(73.0, 227843.5)	(74.0, 182108.0)	(75.0, 159095.5)	(76.0, 139888.0)	(77.0, 123615.0)	(78.0, 110038.5)	(79.0, 97351.5)	(80.0, 83804.0)	(81.0, 70166.0)	(82.0, 60520.0)	(83.0, 51282.5)	(84.0, 40546.5)	(85.0, 31570.5)	(86.0, 25041.5)	(87.0, 18941.5)	(88.0, 13883.0)	(89.0, 10516.0)	(90.0, 7659.0)	(91.0, 5522.0)	(92.0, 3661.0)	(93.0, 2156.5)	(94.0, 1264.5)	(95.0, 733.5)	(96.0, 477.0)	(97.0, 286.0)	(98.0, 147.5)	(99.0, 84.0)	(100.0, 39.0)
SRR29999101_2	(0.0, 4724.0)	(1.0, 2532.0)	(2.0, 380.0)	(3.0, 481.0)	(4.0, 613.5)	(5.0, 743.5)	(6.0, 850.5)	(7.0, 940.0)	(8.0, 1080.0)	(9.0, 1195.0)	(10.0, 1326.5)	(11.0, 1517.0)	(12.0, 1698.0)	(13.0, 2000.0)	(14.0, 2454.0)	(15.0, 3066.0)	(16.0, 4013.0)	(17.0, 5418.5)	(18.0, 7506.5)	(19.0, 10594.0)	(20.0, 15015.5)	(21.0, 21161.0)	(22.0, 29399.0)	(23.0, 40800.5)	(24.0, 55542.5)	(25.0, 72556.5)	(26.0, 92064.0)	(27.0, 115089.5)	(28.0, 141159.5)	(29.0, 168710.0)	(30.0, 198397.5)	(31.0, 232733.5)	(32.0, 271823.0)	(33.0, 314475.0)	(34.0, 356455.5)	(35.0, 402993.0)	(36.0, 466335.5)	(37.0, 511576.0)	(38.0, 531721.5)	(39.0, 561465.0)	(40.0, 598804.5)	(41.0, 639104.0)	(42.0, 674912.0)	(43.0, 709102.0)	(44.0, 748367.0)	(45.0, 802955.5)	(46.0, 869755.5)	(47.0, 924911.5)	(48.0, 977897.0)	(49.0, 1035364.5)	(50.0, 1083338.5)	(51.0, 1115342.5)	(52.0, 1122943.5)	(53.0, 1117417.5)	(54.0, 1126684.0)	(55.0, 1137001.0)	(56.0, 1148114.0)	(57.0, 1169852.5)	(58.0, 1206547.5)	(59.0, 1297145.0)	(60.0, 1378864.5)	(61.0, 1496673.5)	(62.0, 1567875.0)	(63.0, 1416178.5)	(64.0, 1288375.0)	(65.0, 1109873.5)	(66.0, 829040.5)	(67.0, 657037.5)	(68.0, 556591.5)	(69.0, 464182.0)	(70.0, 376060.5)	(71.0, 318373.0)	(72.0, 274657.0)	(73.0, 240060.5)	(74.0, 207722.5)	(75.0, 179352.5)	(76.0, 156915.0)	(77.0, 142135.5)	(78.0, 130846.5)	(79.0, 116723.0)	(80.0, 101588.0)	(81.0, 88084.5)	(82.0, 77089.0)	(83.0, 66774.5)	(84.0, 55819.0)	(85.0, 45119.0)	(86.0, 35191.0)	(87.0, 27516.5)	(88.0, 21421.5)	(89.0, 16265.5)	(90.0, 12950.5)	(91.0, 10951.5)	(92.0, 9005.5)	(93.0, 7677.5)	(94.0, 6680.0)	(95.0, 5630.0)	(96.0, 4912.5)	(97.0, 4288.5)	(98.0, 3478.5)	(99.0, 2833.5)	(100.0, 5831.0)
SRR29999102_1	(0.0, 80111.0)	(1.0, 40288.5)	(2.0, 688.5)	(3.0, 781.5)	(4.0, 655.5)	(5.0, 630.0)	(6.0, 571.5)	(7.0, 542.5)	(8.0, 527.0)	(9.0, 572.0)	(10.0, 661.5)	(11.0, 750.0)	(12.0, 900.0)	(13.0, 1158.5)	(14.0, 1604.5)	(15.0, 2216.5)	(16.0, 3188.5)	(17.0, 4835.5)	(18.0, 7230.0)	(19.0, 10627.5)	(20.0, 15536.0)	(21.0, 22575.0)	(22.0, 32571.0)	(23.0, 45278.5)	(24.0, 60474.0)	(25.0, 78899.0)	(26.0, 100487.5)	(27.0, 124235.0)	(28.0, 150919.5)	(29.0, 180132.0)	(30.0, 210033.0)	(31.0, 241056.5)	(32.0, 274444.0)	(33.0, 309820.5)	(34.0, 346724.0)	(35.0, 386870.5)	(36.0, 429009.0)	(37.0, 469566.0)	(38.0, 507397.5)	(39.0, 542868.0)	(40.0, 584510.0)	(41.0, 626135.5)	(42.0, 662804.0)	(43.0, 699067.5)	(44.0, 739627.0)	(45.0, 797989.0)	(46.0, 851860.0)	(47.0, 898699.5)	(48.0, 960300.5)	(49.0, 1015682.0)	(50.0, 1050749.0)	(51.0, 1103261.5)	(52.0, 1160998.5)	(53.0, 1151664.5)	(54.0, 1120835.5)	(55.0, 1131379.5)	(56.0, 1160034.5)	(57.0, 1266057.0)	(58.0, 1454808.5)	(59.0, 1744699.0)	(60.0, 1930112.0)	(61.0, 1992017.5)	(62.0, 1793211.0)	(63.0, 1542890.5)	(64.0, 1329070.0)	(65.0, 961548.5)	(66.0, 763673.0)	(67.0, 661070.5)	(68.0, 586882.0)	(69.0, 498611.0)	(70.0, 409269.5)	(71.0, 348683.5)	(72.0, 316923.5)	(73.0, 276037.0)	(74.0, 225890.0)	(75.0, 201755.0)	(76.0, 183432.5)	(77.0, 171500.0)	(78.0, 162810.0)	(79.0, 150989.5)	(80.0, 136072.5)	(81.0, 120333.0)	(82.0, 106420.5)	(83.0, 93476.0)	(84.0, 77789.5)	(85.0, 62407.0)	(86.0, 50171.0)	(87.0, 38729.5)	(88.0, 28723.5)	(89.0, 20978.5)	(90.0, 14794.5)	(91.0, 10266.5)	(92.0, 6820.5)	(93.0, 4309.0)	(94.0, 2617.5)	(95.0, 1507.0)	(96.0, 833.0)	(97.0, 412.5)	(98.0, 255.0)	(99.0, 154.5)	(100.0, 51.5)
SRR29999102_2	(0.0, 6566.0)	(1.0, 3506.0)	(2.0, 485.0)	(3.0, 587.0)	(4.0, 704.5)	(5.0, 813.5)	(6.0, 914.0)	(7.0, 1047.0)	(8.0, 1166.0)	(9.0, 1255.5)	(10.0, 1399.0)	(11.0, 1545.5)	(12.0, 1690.5)	(13.0, 1947.0)	(14.0, 2307.5)	(15.0, 2856.0)	(16.0, 3730.0)	(17.0, 5002.5)	(18.0, 6956.0)	(19.0, 10052.5)	(20.0, 14154.0)	(21.0, 19603.0)	(22.0, 27345.5)	(23.0, 37773.0)	(24.0, 51130.5)	(25.0, 66314.5)	(26.0, 83450.5)	(27.0, 103956.0)	(28.0, 127539.5)	(29.0, 152146.5)	(30.0, 178299.0)	(31.0, 208600.5)	(32.0, 244243.0)	(33.0, 284810.0)	(34.0, 325313.5)	(35.0, 368711.5)	(36.0, 434751.0)	(37.0, 481586.0)	(38.0, 493446.0)	(39.0, 520110.0)	(40.0, 557262.0)	(41.0, 597872.5)	(42.0, 636021.5)	(43.0, 666986.5)	(44.0, 704773.0)	(45.0, 759903.0)	(46.0, 822572.5)	(47.0, 880810.0)	(48.0, 941417.0)	(49.0, 1003551.5)	(50.0, 1051970.5)	(51.0, 1080920.0)	(52.0, 1098223.0)	(53.0, 1114327.5)	(54.0, 1132860.5)	(55.0, 1149232.5)	(56.0, 1173206.0)	(57.0, 1206263.5)	(58.0, 1272265.0)	(59.0, 1441025.5)	(60.0, 1610703.5)	(61.0, 1857863.0)	(62.0, 2025977.5)	(63.0, 1776471.5)	(64.0, 1541628.5)	(65.0, 1289982.0)	(66.0, 928670.5)	(67.0, 735072.5)	(68.0, 627086.5)	(69.0, 526837.0)	(70.0, 430849.5)	(71.0, 368459.5)	(72.0, 322861.5)	(73.0, 287315.5)	(74.0, 252790.5)	(75.0, 224203.5)	(76.0, 203175.0)	(77.0, 192620.0)	(78.0, 187065.0)	(79.0, 174207.0)	(80.0, 156982.0)	(81.0, 140817.5)	(82.0, 125566.5)	(83.0, 111019.0)	(84.0, 95367.0)	(85.0, 78081.0)	(86.0, 61109.5)	(87.0, 47467.0)	(88.0, 36429.5)	(89.0, 27300.0)	(90.0, 20768.5)	(91.0, 15981.5)	(92.0, 12198.5)	(93.0, 9780.5)	(94.0, 7967.0)	(95.0, 6432.0)	(96.0, 5521.0)	(97.0, 4779.0)	(98.0, 4067.5)	(99.0, 3566.0)	(100.0, 7117.5)
SRR29999103_1	(0.0, 95223.0)	(1.0, 47976.5)	(2.0, 1082.5)	(3.0, 1212.5)	(4.0, 867.0)	(5.0, 696.0)	(6.0, 643.5)	(7.0, 568.5)	(8.0, 538.5)	(9.0, 564.5)	(10.0, 544.0)	(11.0, 601.5)	(12.0, 721.0)	(13.0, 895.0)	(14.0, 1202.0)	(15.0, 1657.5)	(16.0, 2320.0)	(17.0, 3319.0)	(18.0, 4773.0)	(19.0, 6814.0)	(20.0, 9714.0)	(21.0, 13742.0)	(22.0, 19370.5)	(23.0, 26053.5)	(24.0, 34964.0)	(25.0, 46416.0)	(26.0, 58079.5)	(27.0, 71226.5)	(28.0, 86542.0)	(29.0, 103103.0)	(30.0, 121381.5)	(31.0, 140926.0)	(32.0, 161851.5)	(33.0, 184002.0)	(34.0, 208536.5)	(35.0, 237552.5)	(36.0, 270964.5)	(37.0, 304792.5)	(38.0, 336462.5)	(39.0, 369002.0)	(40.0, 408230.5)	(41.0, 449897.0)	(42.0, 491324.0)	(43.0, 533429.0)	(44.0, 580842.5)	(45.0, 648556.0)	(46.0, 717206.0)	(47.0, 783928.0)	(48.0, 868288.0)	(49.0, 941451.5)	(50.0, 989594.5)	(51.0, 1051057.0)	(52.0, 1119244.5)	(53.0, 1149151.5)	(54.0, 1158092.0)	(55.0, 1191285.0)	(56.0, 1249789.5)	(57.0, 1413088.5)	(58.0, 1728646.5)	(59.0, 2123598.5)	(60.0, 2303522.5)	(61.0, 2361601.5)	(62.0, 2138706.5)	(63.0, 1853660.0)	(64.0, 1603645.0)	(65.0, 1149801.5)	(66.0, 902476.5)	(67.0, 797106.0)	(68.0, 727801.5)	(69.0, 622421.0)	(70.0, 504334.0)	(71.0, 418738.5)	(72.0, 370396.0)	(73.0, 316574.0)	(74.0, 255425.5)	(75.0, 225975.0)	(76.0, 201101.5)	(77.0, 180041.5)	(78.0, 162497.0)	(79.0, 145925.0)	(80.0, 127268.5)	(81.0, 106551.5)	(82.0, 92331.0)	(83.0, 79239.0)	(84.0, 62417.0)	(85.0, 48492.0)	(86.0, 38878.5)	(87.0, 30269.0)	(88.0, 22606.5)	(89.0, 17242.5)	(90.0, 12543.5)	(91.0, 9010.0)	(92.0, 6186.5)	(93.0, 3882.0)	(94.0, 2408.0)	(95.0, 1443.0)	(96.0, 918.0)	(97.0, 552.5)	(98.0, 331.5)	(99.0, 187.5)	(100.0, 74.5)
SRR29999103_2	(0.0, 6706.0)	(1.0, 3599.5)	(2.0, 528.0)	(3.0, 563.5)	(4.0, 627.5)	(5.0, 704.0)	(6.0, 764.0)	(7.0, 840.0)	(8.0, 863.5)	(9.0, 911.0)	(10.0, 1074.5)	(11.0, 1194.5)	(12.0, 1307.5)	(13.0, 1504.0)	(14.0, 1768.5)	(15.0, 2137.5)	(16.0, 2671.0)	(17.0, 3421.0)	(18.0, 4605.0)	(19.0, 6342.5)	(20.0, 8670.0)	(21.0, 11664.0)	(22.0, 15704.5)	(23.0, 21334.5)	(24.0, 28773.0)	(25.0, 37446.5)	(26.0, 47100.5)	(27.0, 58686.0)	(28.0, 72591.0)	(29.0, 87205.5)	(30.0, 102509.5)	(31.0, 120810.5)	(32.0, 143914.5)	(33.0, 171575.0)	(34.0, 199411.5)	(35.0, 231861.5)	(36.0, 285047.0)	(37.0, 323251.5)	(38.0, 333405.0)	(39.0, 355968.0)	(40.0, 389784.0)	(41.0, 430972.0)	(42.0, 471026.0)	(43.0, 508280.5)	(44.0, 556711.5)	(45.0, 619051.0)	(46.0, 690710.5)	(47.0, 766048.5)	(48.0, 846319.5)	(49.0, 926811.0)	(50.0, 990580.0)	(51.0, 1033498.5)	(52.0, 1067916.0)	(53.0, 1113096.5)	(54.0, 1164788.5)	(55.0, 1211162.5)	(56.0, 1262462.0)	(57.0, 1319852.0)	(58.0, 1439370.5)	(59.0, 1698190.0)	(60.0, 1939560.0)	(61.0, 2183830.5)	(62.0, 2295884.5)	(63.0, 2063737.5)	(64.0, 1927872.0)	(65.0, 1625497.0)	(66.0, 1106972.5)	(67.0, 853007.0)	(68.0, 737826.5)	(69.0, 628344.0)	(70.0, 516506.0)	(71.0, 436677.0)	(72.0, 375936.5)	(73.0, 328560.5)	(74.0, 288227.5)	(75.0, 253042.0)	(76.0, 221427.5)	(77.0, 201930.5)	(78.0, 188222.0)	(79.0, 169213.0)	(80.0, 147554.5)	(81.0, 128413.0)	(82.0, 112745.0)	(83.0, 98131.0)	(84.0, 82810.5)	(85.0, 67017.0)	(86.0, 52717.5)	(87.0, 41173.0)	(88.0, 31715.0)	(89.0, 24288.5)	(90.0, 19047.5)	(91.0, 15340.0)	(92.0, 12341.0)	(93.0, 10174.0)	(94.0, 8390.0)	(95.0, 6797.5)	(96.0, 5595.0)	(97.0, 4490.5)	(98.0, 3366.5)	(99.0, 2740.5)	(100.0, 6320.0)
SRR29999104_1	(0.0, 26031.0)	(1.0, 13156.5)	(2.0, 454.5)	(3.0, 546.0)	(4.0, 407.0)	(5.0, 341.0)	(6.0, 323.5)	(7.0, 293.0)	(8.0, 280.5)	(9.0, 307.5)	(10.0, 362.0)	(11.0, 450.5)	(12.0, 576.5)	(13.0, 781.0)	(14.0, 1122.0)	(15.0, 1617.5)	(16.0, 2418.5)	(17.0, 3641.5)	(18.0, 5541.5)	(19.0, 8445.5)	(20.0, 13239.0)	(21.0, 20274.0)	(22.0, 29760.5)	(23.0, 41893.5)	(24.0, 57634.5)	(25.0, 77674.5)	(26.0, 101388.5)	(27.0, 130029.5)	(28.0, 162024.0)	(29.0, 194911.5)	(30.0, 229854.0)	(31.0, 265398.0)	(32.0, 303057.0)	(33.0, 343817.0)	(34.0, 383729.5)	(35.0, 428868.0)	(36.0, 480653.0)	(37.0, 529077.5)	(38.0, 561913.5)	(39.0, 600621.5)	(40.0, 643027.0)	(41.0, 676276.0)	(42.0, 746258.0)	(43.0, 778975.0)	(44.0, 769729.0)	(45.0, 792421.5)	(46.0, 818131.5)	(47.0, 833235.0)	(48.0, 848052.5)	(49.0, 865476.5)	(50.0, 875944.0)	(51.0, 895753.5)	(52.0, 908953.5)	(53.0, 905684.0)	(54.0, 924978.0)	(55.0, 966070.0)	(56.0, 972119.0)	(57.0, 1058391.0)	(58.0, 1394545.0)	(59.0, 2216788.5)	(60.0, 2845016.0)	(61.0, 3201336.0)	(62.0, 2874756.5)	(63.0, 2200184.0)	(64.0, 1672869.5)	(65.0, 925103.0)	(66.0, 613676.5)	(67.0, 535752.0)	(68.0, 476670.0)	(69.0, 379134.0)	(70.0, 277919.0)	(71.0, 201241.5)	(72.0, 159104.0)	(73.0, 122750.5)	(74.0, 86649.0)	(75.0, 73163.0)	(76.0, 61168.5)	(77.0, 53531.5)	(78.0, 48875.5)	(79.0, 43350.5)	(80.0, 38063.0)	(81.0, 31095.0)	(82.0, 24574.5)	(83.0, 18881.0)	(84.0, 13792.5)	(85.0, 10267.0)	(86.0, 7687.5)	(87.0, 5566.5)	(88.0, 3941.5)	(89.0, 2859.0)	(90.0, 1959.0)	(91.0, 1344.0)	(92.0, 922.0)	(93.0, 573.0)	(94.0, 317.0)	(95.0, 177.0)	(96.0, 111.0)	(97.0, 63.5)	(98.0, 56.5)	(99.0, 40.5)	(100.0, 9.0)
SRR29999104_2	(0.0, 2765.0)	(1.0, 1464.0)	(2.0, 217.0)	(3.0, 331.0)	(4.0, 432.5)	(5.0, 542.0)	(6.0, 650.0)	(7.0, 736.5)	(8.0, 819.0)	(9.0, 895.5)	(10.0, 1007.0)	(11.0, 1140.0)	(12.0, 1305.5)	(13.0, 1542.5)	(14.0, 1871.0)	(15.0, 2302.0)	(16.0, 3033.0)	(17.0, 4121.0)	(18.0, 5714.0)	(19.0, 8203.0)	(20.0, 11953.0)	(21.0, 17122.5)	(22.0, 24084.0)	(23.0, 34413.0)	(24.0, 48480.0)	(25.0, 65662.0)	(26.0, 87061.0)	(27.0, 112265.5)	(28.0, 142451.5)	(29.0, 175642.0)	(30.0, 208409.0)	(31.0, 246199.0)	(32.0, 287639.5)	(33.0, 330190.5)	(34.0, 373778.5)	(35.0, 422512.0)	(36.0, 470362.0)	(37.0, 513921.5)	(38.0, 554252.5)	(39.0, 594503.0)	(40.0, 637618.5)	(41.0, 680145.0)	(42.0, 718939.5)	(43.0, 751789.5)	(44.0, 771071.5)	(45.0, 788165.5)	(46.0, 811408.5)	(47.0, 829260.5)	(48.0, 845751.5)	(49.0, 858644.5)	(50.0, 869258.5)	(51.0, 885503.5)	(52.0, 894544.0)	(53.0, 902281.0)	(54.0, 916893.0)	(55.0, 939696.5)	(56.0, 966477.5)	(57.0, 979396.5)	(58.0, 1155921.5)	(59.0, 1580311.0)	(60.0, 1921763.5)	(61.0, 2539186.5)	(62.0, 2978469.5)	(63.0, 2418775.5)	(64.0, 2242353.0)	(65.0, 2086780.5)	(66.0, 1199254.5)	(67.0, 647180.0)	(68.0, 459766.5)	(69.0, 341176.0)	(70.0, 265671.5)	(71.0, 206766.5)	(72.0, 162065.5)	(73.0, 132167.5)	(74.0, 108356.0)	(75.0, 91793.0)	(76.0, 79499.0)	(77.0, 74290.0)	(78.0, 69774.5)	(79.0, 61282.5)	(80.0, 55499.5)	(81.0, 47151.0)	(82.0, 36832.0)	(83.0, 31053.0)	(84.0, 27040.0)	(85.0, 21206.0)	(86.0, 15263.5)	(87.0, 11673.0)	(88.0, 8554.5)	(89.0, 6328.5)	(90.0, 4872.5)	(91.0, 3817.0)	(92.0, 3056.0)	(93.0, 2536.0)	(94.0, 2127.0)	(95.0, 1672.5)	(96.0, 1367.5)	(97.0, 1202.5)	(98.0, 1119.0)	(99.0, 1239.0)	(100.0, 4362.5)
SRR29999105_1	(0.0, 51603.0)	(1.0, 25947.0)	(2.0, 618.0)	(3.0, 843.5)	(4.0, 685.5)	(5.0, 632.5)	(6.0, 603.5)	(7.0, 567.5)	(8.0, 569.0)	(9.0, 582.5)	(10.0, 646.5)	(11.0, 755.0)	(12.0, 841.0)	(13.0, 959.5)	(14.0, 1234.5)	(15.0, 1584.0)	(16.0, 1991.5)	(17.0, 2672.5)	(18.0, 3719.5)	(19.0, 5230.5)	(20.0, 7544.0)	(21.0, 10672.0)	(22.0, 15223.0)	(23.0, 21046.0)	(24.0, 28092.0)	(25.0, 36517.5)	(26.0, 46152.5)	(27.0, 57945.0)	(28.0, 71178.5)	(29.0, 85529.5)	(30.0, 100881.0)	(31.0, 115878.5)	(32.0, 132277.5)	(33.0, 151400.5)	(34.0, 172416.5)	(35.0, 194750.0)	(36.0, 237798.0)	(37.0, 297039.0)	(38.0, 305019.5)	(39.0, 312351.5)	(40.0, 333582.5)	(41.0, 356784.5)	(42.0, 543766.0)	(43.0, 568426.5)	(44.0, 444657.5)	(45.0, 468203.0)	(46.0, 503877.0)	(47.0, 540512.0)	(48.0, 575999.0)	(49.0, 612370.5)	(50.0, 639787.0)	(51.0, 690529.0)	(52.0, 802056.5)	(53.0, 951094.0)	(54.0, 1331544.0)	(55.0, 1764710.0)	(56.0, 1823106.5)	(57.0, 1879502.5)	(58.0, 2073113.0)	(59.0, 2164201.5)	(60.0, 2205711.5)	(61.0, 2461587.0)	(62.0, 2349071.5)	(63.0, 2012887.5)	(64.0, 1930339.0)	(65.0, 1530947.0)	(66.0, 1366037.0)	(67.0, 1677906.5)	(68.0, 1769571.0)	(69.0, 1362107.0)	(70.0, 843572.5)	(71.0, 516047.5)	(72.0, 328348.5)	(73.0, 214400.0)	(74.0, 146557.0)	(75.0, 133049.5)	(76.0, 122106.0)	(77.0, 111466.0)	(78.0, 102891.0)	(79.0, 92809.5)	(80.0, 81703.0)	(81.0, 73608.5)	(82.0, 68453.0)	(83.0, 61096.0)	(84.0, 49851.5)	(85.0, 40072.5)	(86.0, 33087.5)	(87.0, 26073.0)	(88.0, 19886.5)	(89.0, 15687.5)	(90.0, 11818.5)	(91.0, 8353.0)	(92.0, 5957.5)	(93.0, 3907.5)	(94.0, 2395.5)	(95.0, 1390.5)	(96.0, 822.5)	(97.0, 472.5)	(98.0, 226.5)	(99.0, 109.5)	(100.0, 36.5)
SRR29999105_2	(0.0, 2478.0)	(1.0, 1333.0)	(2.0, 211.5)	(3.0, 263.0)	(4.0, 344.0)	(5.0, 454.5)	(6.0, 561.0)	(7.0, 652.5)	(8.0, 752.0)	(9.0, 828.5)	(10.0, 900.0)	(11.0, 1101.0)	(12.0, 1298.5)	(13.0, 1407.0)	(14.0, 1630.0)	(15.0, 1992.5)	(16.0, 2533.0)	(17.0, 3105.0)	(18.0, 3982.5)	(19.0, 5459.5)	(20.0, 7319.0)	(21.0, 9607.0)	(22.0, 13034.0)	(23.0, 17872.5)	(24.0, 24062.5)	(25.0, 31036.5)	(26.0, 39181.5)	(27.0, 49395.5)	(28.0, 61068.0)	(29.0, 73583.0)	(30.0, 87303.0)	(31.0, 103327.0)	(32.0, 120949.5)	(33.0, 141086.5)	(34.0, 162497.0)	(35.0, 185172.5)	(36.0, 213445.5)	(37.0, 240196.5)	(38.0, 258424.5)	(39.0, 278081.0)	(40.0, 304157.5)	(41.0, 353324.0)	(42.0, 424700.0)	(43.0, 442984.5)	(44.0, 452027.0)	(45.0, 499231.5)	(46.0, 521537.0)	(47.0, 560892.0)	(48.0, 598854.5)	(49.0, 610271.5)	(50.0, 659166.5)	(51.0, 743854.5)	(52.0, 904151.5)	(53.0, 1137551.0)	(54.0, 1308300.5)	(55.0, 1501133.0)	(56.0, 1713090.5)	(57.0, 1771623.5)	(58.0, 1802499.0)	(59.0, 1767046.0)	(60.0, 1741590.0)	(61.0, 2075776.0)	(62.0, 2362570.5)	(63.0, 2521768.5)	(64.0, 3026375.5)	(65.0, 3076498.5)	(66.0, 2226417.5)	(67.0, 1445651.5)	(68.0, 991185.0)	(69.0, 708518.0)	(70.0, 563377.0)	(71.0, 394703.5)	(72.0, 274447.0)	(73.0, 206774.5)	(74.0, 167339.0)	(75.0, 150959.0)	(76.0, 136345.5)	(77.0, 127658.5)	(78.0, 122150.5)	(79.0, 110008.0)	(80.0, 98849.5)	(81.0, 90353.0)	(82.0, 84449.0)	(83.0, 75491.5)	(84.0, 62757.5)	(85.0, 54521.5)	(86.0, 46128.0)	(87.0, 35284.0)	(88.0, 25371.0)	(89.0, 19123.5)	(90.0, 15197.5)	(91.0, 12444.5)	(92.0, 10186.5)	(93.0, 8535.5)	(94.0, 6965.5)	(95.0, 5497.0)	(96.0, 4637.5)	(97.0, 3840.0)	(98.0, 2858.0)	(99.0, 2200.0)	(100.0, 4912.0)
SRR29999106_1	(0.0, 60682.0)	(1.0, 30578.0)	(2.0, 805.0)	(3.0, 960.5)	(4.0, 724.0)	(5.0, 650.5)	(6.0, 615.5)	(7.0, 560.5)	(8.0, 550.0)	(9.0, 588.0)	(10.0, 669.0)	(11.0, 789.5)	(12.0, 916.0)	(13.0, 1178.0)	(14.0, 1636.5)	(15.0, 2249.5)	(16.0, 3163.5)	(17.0, 4632.5)	(18.0, 6882.0)	(19.0, 10339.5)	(20.0, 15509.0)	(21.0, 22520.0)	(22.0, 32632.0)	(23.0, 45709.5)	(24.0, 61822.5)	(25.0, 81279.5)	(26.0, 104058.5)	(27.0, 130846.0)	(28.0, 160865.0)	(29.0, 193731.5)	(30.0, 228764.0)	(31.0, 263484.0)	(32.0, 299952.0)	(33.0, 338844.0)	(34.0, 378812.5)	(35.0, 419905.5)	(36.0, 479954.0)	(37.0, 561252.0)	(38.0, 584972.5)	(39.0, 594685.0)	(40.0, 623864.0)	(41.0, 651923.5)	(42.0, 817483.5)	(43.0, 845873.5)	(44.0, 741456.5)	(45.0, 761151.5)	(46.0, 796281.0)	(47.0, 830821.0)	(48.0, 861987.5)	(49.0, 892419.5)	(50.0, 904978.0)	(51.0, 931914.0)	(52.0, 987089.5)	(53.0, 1051596.5)	(54.0, 1238243.5)	(55.0, 1440933.0)	(56.0, 1417874.0)	(57.0, 1390254.5)	(58.0, 1443879.0)	(59.0, 1518680.0)	(60.0, 1630483.5)	(61.0, 1793272.0)	(62.0, 1693236.0)	(63.0, 1431685.5)	(64.0, 1273535.0)	(65.0, 1012822.0)	(66.0, 945575.5)	(67.0, 1089164.5)	(68.0, 1070787.5)	(69.0, 811789.0)	(70.0, 522461.5)	(71.0, 335468.5)	(72.0, 235490.0)	(73.0, 170531.0)	(74.0, 123720.0)	(75.0, 108316.5)	(76.0, 95684.0)	(77.0, 84706.0)	(78.0, 76856.5)	(79.0, 68240.0)	(80.0, 58675.5)	(81.0, 49442.0)	(82.0, 42441.0)	(83.0, 36302.5)	(84.0, 29286.0)	(85.0, 23503.5)	(86.0, 19011.0)	(87.0, 14672.0)	(88.0, 11090.5)	(89.0, 8655.5)	(90.0, 6590.5)	(91.0, 4735.5)	(92.0, 3186.5)	(93.0, 1969.5)	(94.0, 1173.0)	(95.0, 700.5)	(96.0, 414.0)	(97.0, 233.5)	(98.0, 146.0)	(99.0, 87.0)	(100.0, 30.0)
SRR29999106_2	(0.0, 4499.0)	(1.0, 2415.0)	(2.0, 406.0)	(3.0, 537.0)	(4.0, 651.0)	(5.0, 778.5)	(6.0, 901.0)	(7.0, 1038.5)	(8.0, 1145.5)	(9.0, 1220.0)	(10.0, 1352.0)	(11.0, 1568.0)	(12.0, 1796.5)	(13.0, 2048.0)	(14.0, 2387.0)	(15.0, 2926.5)	(16.0, 3734.5)	(17.0, 4984.5)	(18.0, 6912.5)	(19.0, 9672.5)	(20.0, 13788.5)	(21.0, 19219.5)	(22.0, 26828.5)	(23.0, 37518.5)	(24.0, 51134.5)	(25.0, 67556.5)	(26.0, 87266.0)	(27.0, 110689.5)	(28.0, 136979.0)	(29.0, 165506.5)	(30.0, 196898.5)	(31.0, 232932.5)	(32.0, 272059.0)	(33.0, 313465.5)	(34.0, 355642.5)	(35.0, 398212.0)	(36.0, 444794.5)	(37.0, 487469.5)	(38.0, 522301.0)	(39.0, 557992.5)	(40.0, 594324.5)	(41.0, 643389.5)	(42.0, 703913.0)	(43.0, 723250.0)	(44.0, 736558.5)	(45.0, 778578.5)	(46.0, 808513.5)	(47.0, 852147.0)	(48.0, 885369.0)	(49.0, 893755.5)	(50.0, 924094.0)	(51.0, 967034.0)	(52.0, 1037583.5)	(53.0, 1141741.0)	(54.0, 1214504.5)	(55.0, 1292995.0)	(56.0, 1389952.5)	(57.0, 1400499.0)	(58.0, 1397414.5)	(59.0, 1369655.5)	(60.0, 1329139.0)	(61.0, 1541341.0)	(62.0, 1739286.5)	(63.0, 1717845.5)	(64.0, 1783242.0)	(65.0, 1752424.0)	(66.0, 1394038.0)	(67.0, 1036054.0)	(68.0, 760504.5)	(69.0, 531825.0)	(70.0, 412842.5)	(71.0, 307226.0)	(72.0, 228123.0)	(73.0, 178526.5)	(74.0, 145116.5)	(75.0, 126978.0)	(76.0, 111462.0)	(77.0, 101202.0)	(78.0, 94856.5)	(79.0, 85396.5)	(80.0, 74657.5)	(81.0, 65109.5)	(82.0, 57514.0)	(83.0, 49705.0)	(84.0, 40807.0)	(85.0, 34084.5)	(86.0, 27832.5)	(87.0, 21494.5)	(88.0, 15892.0)	(89.0, 11898.5)	(90.0, 9381.5)	(91.0, 7622.5)	(92.0, 6038.5)	(93.0, 5055.5)	(94.0, 4240.0)	(95.0, 3508.0)	(96.0, 3150.5)	(97.0, 2695.0)	(98.0, 2234.5)	(99.0, 1979.5)	(100.0, 4899.0)
SRR29999107_1	(0.0, 57770.0)	(1.0, 29092.5)	(2.0, 700.5)	(3.0, 864.5)	(4.0, 649.0)	(5.0, 559.0)	(6.0, 527.0)	(7.0, 459.0)	(8.0, 443.5)	(9.0, 480.0)	(10.0, 531.0)	(11.0, 607.0)	(12.0, 715.5)	(13.0, 941.0)	(14.0, 1306.0)	(15.0, 1779.0)	(16.0, 2549.0)	(17.0, 3781.5)	(18.0, 5483.5)	(19.0, 8120.5)	(20.0, 11993.5)	(21.0, 17395.5)	(22.0, 24935.5)	(23.0, 34665.5)	(24.0, 47211.0)	(25.0, 62053.5)	(26.0, 79248.5)	(27.0, 99186.0)	(28.0, 122351.5)	(29.0, 147781.0)	(30.0, 173681.5)	(31.0, 200708.5)	(32.0, 230240.5)	(33.0, 262959.5)	(34.0, 296871.5)	(35.0, 334745.5)	(36.0, 377851.0)	(37.0, 423571.5)	(38.0, 463086.0)	(39.0, 501295.5)	(40.0, 546250.0)	(41.0, 593018.0)	(42.0, 653395.0)	(43.0, 693064.5)	(44.0, 722880.0)	(45.0, 780374.0)	(46.0, 837190.0)	(47.0, 890446.5)	(48.0, 953797.5)	(49.0, 1011402.0)	(50.0, 1053548.5)	(51.0, 1119006.5)	(52.0, 1194386.0)	(53.0, 1217452.5)	(54.0, 1250374.5)	(55.0, 1322086.0)	(56.0, 1370819.5)	(57.0, 1493552.5)	(58.0, 1753984.5)	(59.0, 2136758.0)	(60.0, 2381511.5)	(61.0, 2510315.5)	(62.0, 2309852.5)	(63.0, 1992251.5)	(64.0, 1725723.0)	(65.0, 1279326.0)	(66.0, 1027921.0)	(67.0, 942044.5)	(68.0, 887475.0)	(69.0, 760030.5)	(70.0, 598547.5)	(71.0, 482898.5)	(72.0, 418420.5)	(73.0, 361738.5)	(74.0, 306308.5)	(75.0, 280592.5)	(76.0, 262722.0)	(77.0, 251537.0)	(78.0, 247478.5)	(79.0, 236272.5)	(80.0, 217908.0)	(81.0, 200140.0)	(82.0, 184879.5)	(83.0, 166720.5)	(84.0, 140968.0)	(85.0, 116653.5)	(86.0, 98226.5)	(87.0, 78883.0)	(88.0, 59935.5)	(89.0, 46453.0)	(90.0, 33984.0)	(91.0, 23685.0)	(92.0, 16768.5)	(93.0, 10982.0)	(94.0, 6453.0)	(95.0, 3447.5)	(96.0, 1823.5)	(97.0, 931.0)	(98.0, 538.0)	(99.0, 292.5)	(100.0, 97.0)
SRR29999107_2	(0.0, 3770.0)	(1.0, 2031.5)	(2.0, 338.0)	(3.0, 403.5)	(4.0, 495.0)	(5.0, 640.0)	(6.0, 754.0)	(7.0, 816.0)	(8.0, 889.5)	(9.0, 973.0)	(10.0, 1129.5)	(11.0, 1344.5)	(12.0, 1496.5)	(13.0, 1717.5)	(14.0, 2019.0)	(15.0, 2466.0)	(16.0, 3128.5)	(17.0, 4077.5)	(18.0, 5538.0)	(19.0, 7699.0)	(20.0, 10876.0)	(21.0, 15108.5)	(22.0, 20805.5)	(23.0, 28657.0)	(24.0, 38488.0)	(25.0, 50311.0)	(26.0, 64544.5)	(27.0, 81050.5)	(28.0, 100159.0)	(29.0, 121159.5)	(30.0, 143451.0)	(31.0, 169512.5)	(32.0, 201916.5)	(33.0, 240136.5)	(34.0, 277579.5)	(35.0, 319114.0)	(36.0, 380149.5)	(37.0, 425968.0)	(38.0, 444849.5)	(39.0, 476419.0)	(40.0, 519752.5)	(41.0, 569476.5)	(42.0, 615009.5)	(43.0, 650774.5)	(44.0, 695003.0)	(45.0, 751082.0)	(46.0, 811681.5)	(47.0, 872995.5)	(48.0, 934331.0)	(49.0, 994490.5)	(50.0, 1048773.5)	(51.0, 1092454.0)	(52.0, 1137738.0)	(53.0, 1190700.5)	(54.0, 1249123.0)	(55.0, 1302345.0)	(56.0, 1358190.0)	(57.0, 1410983.5)	(58.0, 1509226.5)	(59.0, 1741700.0)	(60.0, 1964263.0)	(61.0, 2274824.0)	(62.0, 2479724.5)	(63.0, 2246821.0)	(64.0, 2129120.5)	(65.0, 1904469.0)	(66.0, 1358769.5)	(67.0, 1013502.5)	(68.0, 844967.0)	(69.0, 705822.5)	(70.0, 579878.0)	(71.0, 491190.5)	(72.0, 429659.0)	(73.0, 379434.0)	(74.0, 337659.0)	(75.0, 306879.5)	(76.0, 282677.5)	(77.0, 274507.0)	(78.0, 274677.0)	(79.0, 261500.0)	(80.0, 241354.0)	(81.0, 222585.5)	(82.0, 205194.0)	(83.0, 186261.5)	(84.0, 162850.5)	(85.0, 136954.5)	(86.0, 110149.0)	(87.0, 86936.5)	(88.0, 66380.0)	(89.0, 50219.0)	(90.0, 37657.5)	(91.0, 27579.0)	(92.0, 20586.0)	(93.0, 15467.5)	(94.0, 11418.0)	(95.0, 8188.5)	(96.0, 6156.5)	(97.0, 4807.5)	(98.0, 3676.0)	(99.0, 3196.0)	(100.0, 8654.0)
SRR29999108_1	(0.0, 52786.0)	(1.0, 26657.0)	(2.0, 851.5)	(3.0, 1010.5)	(4.0, 759.5)	(5.0, 657.0)	(6.0, 629.5)	(7.0, 587.5)	(8.0, 570.0)	(9.0, 639.5)	(10.0, 742.0)	(11.0, 864.5)	(12.0, 1055.5)	(13.0, 1382.0)	(14.0, 1917.5)	(15.0, 2718.0)	(16.0, 4010.5)	(17.0, 6094.5)	(18.0, 9293.0)	(19.0, 13867.5)	(20.0, 20396.0)	(21.0, 29724.5)	(22.0, 43054.0)	(23.0, 59844.5)	(24.0, 80689.0)	(25.0, 106749.5)	(26.0, 136342.5)	(27.0, 168822.0)	(28.0, 205044.0)	(29.0, 244464.5)	(30.0, 284752.0)	(31.0, 325972.0)	(32.0, 369183.0)	(33.0, 412584.0)	(34.0, 457170.5)	(35.0, 505175.0)	(36.0, 552755.0)	(37.0, 599348.0)	(38.0, 643253.0)	(39.0, 682552.5)	(40.0, 724414.0)	(41.0, 766243.5)	(42.0, 803502.0)	(43.0, 832804.0)	(44.0, 868566.5)	(45.0, 923253.0)	(46.0, 972250.5)	(47.0, 1011100.0)	(48.0, 1065878.0)	(49.0, 1117544.5)	(50.0, 1143268.5)	(51.0, 1188275.0)	(52.0, 1242495.5)	(53.0, 1237412.5)	(54.0, 1208183.5)	(55.0, 1209955.0)	(56.0, 1224841.5)	(57.0, 1294997.0)	(58.0, 1447029.0)	(59.0, 1714033.0)	(60.0, 1865281.5)	(61.0, 1891945.0)	(62.0, 1716548.0)	(63.0, 1474244.5)	(64.0, 1266050.0)	(65.0, 948631.0)	(66.0, 757924.0)	(67.0, 655135.0)	(68.0, 590554.0)	(69.0, 498665.0)	(70.0, 396831.5)	(71.0, 325038.5)	(72.0, 280482.5)	(73.0, 235382.5)	(74.0, 188347.5)	(75.0, 163875.0)	(76.0, 143648.0)	(77.0, 126841.5)	(78.0, 114750.0)	(79.0, 103028.5)	(80.0, 89904.5)	(81.0, 76423.5)	(82.0, 65674.5)	(83.0, 56134.0)	(84.0, 45252.0)	(85.0, 35783.0)	(86.0, 28307.0)	(87.0, 21532.0)	(88.0, 16238.0)	(89.0, 12256.0)	(90.0, 8786.5)	(91.0, 6170.0)	(92.0, 4266.5)	(93.0, 2859.5)	(94.0, 1798.5)	(95.0, 1069.5)	(96.0, 620.0)	(97.0, 329.0)	(98.0, 206.5)	(99.0, 123.5)	(100.0, 48.0)
SRR29999108_2	(0.0, 4336.0)	(1.0, 2410.5)	(2.0, 522.5)	(3.0, 632.0)	(4.0, 810.5)	(5.0, 1008.0)	(6.0, 1174.5)	(7.0, 1327.0)	(8.0, 1454.5)	(9.0, 1573.5)	(10.0, 1714.5)	(11.0, 1909.5)	(12.0, 2215.5)	(13.0, 2569.0)	(14.0, 3037.5)	(15.0, 3791.0)	(16.0, 4889.5)	(17.0, 6490.5)	(18.0, 8856.0)	(19.0, 12553.0)	(20.0, 17928.5)	(21.0, 25153.0)	(22.0, 35050.0)	(23.0, 48373.0)	(24.0, 65207.5)	(25.0, 85156.0)	(26.0, 108792.0)	(27.0, 136540.0)	(28.0, 167935.0)	(29.0, 201258.0)	(30.0, 236054.5)	(31.0, 276914.0)	(32.0, 324456.5)	(33.0, 377081.0)	(34.0, 427700.0)	(35.0, 480117.0)	(36.0, 556124.0)	(37.0, 608159.0)	(38.0, 624094.0)	(39.0, 654709.5)	(40.0, 694546.0)	(41.0, 738731.0)	(42.0, 776747.5)	(43.0, 805853.0)	(44.0, 845094.5)	(45.0, 895474.5)	(46.0, 949375.0)	(47.0, 1003493.5)	(48.0, 1058877.5)	(49.0, 1109720.5)	(50.0, 1148293.0)	(51.0, 1169302.5)	(52.0, 1179904.0)	(53.0, 1195532.5)	(54.0, 1221740.5)	(55.0, 1232491.5)	(56.0, 1235146.0)	(57.0, 1249051.5)	(58.0, 1298053.0)	(59.0, 1432835.5)	(60.0, 1549260.5)	(61.0, 1764918.0)	(62.0, 1930081.0)	(63.0, 1681958.0)	(64.0, 1478398.0)	(65.0, 1305110.0)	(66.0, 968900.0)	(67.0, 742264.0)	(68.0, 619994.5)	(69.0, 513696.0)	(70.0, 409755.0)	(71.0, 343646.5)	(72.0, 292262.0)	(73.0, 249826.5)	(74.0, 215970.5)	(75.0, 188911.0)	(76.0, 165203.0)	(77.0, 149116.0)	(78.0, 138537.0)	(79.0, 125721.5)	(80.0, 110555.0)	(81.0, 95893.0)	(82.0, 83743.5)	(83.0, 73200.5)	(84.0, 62028.5)	(85.0, 50297.5)	(86.0, 39163.5)	(87.0, 30139.5)	(88.0, 23007.0)	(89.0, 17365.5)	(90.0, 13192.5)	(91.0, 10198.0)	(92.0, 7794.5)	(93.0, 6049.5)	(94.0, 4761.0)	(95.0, 3669.0)	(96.0, 2886.0)	(97.0, 2285.0)	(98.0, 1922.5)	(99.0, 1968.0)	(100.0, 6858.0)
SRR29999109_1	(0.0, 109024.0)	(1.0, 54791.5)	(2.0, 933.0)	(3.0, 1119.5)	(4.0, 825.5)	(5.0, 693.0)	(6.0, 616.5)	(7.0, 547.5)	(8.0, 520.0)	(9.0, 522.0)	(10.0, 603.5)	(11.0, 682.0)	(12.0, 760.5)	(13.0, 994.0)	(14.0, 1345.0)	(15.0, 1887.0)	(16.0, 2705.0)	(17.0, 3962.5)	(18.0, 5901.5)	(19.0, 8777.0)	(20.0, 13048.5)	(21.0, 19071.5)	(22.0, 27723.5)	(23.0, 38757.0)	(24.0, 52146.0)	(25.0, 68517.5)	(26.0, 87223.0)	(27.0, 108994.5)	(28.0, 134184.0)	(29.0, 160803.5)	(30.0, 188331.0)	(31.0, 217530.0)	(32.0, 249379.5)	(33.0, 283099.5)	(34.0, 319652.5)	(35.0, 359315.5)	(36.0, 406185.5)	(37.0, 464065.5)	(38.0, 498244.5)	(39.0, 522720.5)	(40.0, 561358.0)	(41.0, 607626.0)	(42.0, 706809.0)	(43.0, 742641.5)	(44.0, 730427.5)	(45.0, 783609.5)	(46.0, 832541.5)	(47.0, 869402.5)	(48.0, 919818.5)	(49.0, 968991.0)	(50.0, 997687.0)	(51.0, 1047664.5)	(52.0, 1126098.5)	(53.0, 1171354.0)	(54.0, 1230586.5)	(55.0, 1371291.0)	(56.0, 1410251.5)	(57.0, 1455708.5)	(58.0, 1661019.5)	(59.0, 1975016.0)	(60.0, 2238765.0)	(61.0, 2382887.0)	(62.0, 2166883.5)	(63.0, 1767919.0)	(64.0, 1488224.5)	(65.0, 1147170.0)	(66.0, 1003546.5)	(67.0, 1054821.0)	(68.0, 1045300.0)	(69.0, 848503.0)	(70.0, 606899.0)	(71.0, 452248.0)	(72.0, 364689.0)	(73.0, 298374.5)	(74.0, 239463.0)	(75.0, 219071.0)	(76.0, 205689.0)	(77.0, 198380.5)	(78.0, 194975.0)	(79.0, 185624.0)	(80.0, 171636.5)	(81.0, 157118.5)	(82.0, 143664.5)	(83.0, 128972.5)	(84.0, 109892.0)	(85.0, 91434.0)	(86.0, 74849.0)	(87.0, 58794.0)	(88.0, 45555.5)	(89.0, 34990.5)	(90.0, 25468.0)	(91.0, 18034.0)	(92.0, 12485.0)	(93.0, 8305.5)	(94.0, 5326.5)	(95.0, 2991.5)	(96.0, 1523.0)	(97.0, 748.0)	(98.0, 547.5)	(99.0, 355.5)	(100.0, 99.0)
SRR29999109_2	(0.0, 6543.0)	(1.0, 3464.0)	(2.0, 430.5)	(3.0, 504.0)	(4.0, 599.5)	(5.0, 698.0)	(6.0, 802.5)	(7.0, 945.5)	(8.0, 1042.0)	(9.0, 1120.5)	(10.0, 1251.0)	(11.0, 1454.5)	(12.0, 1626.5)	(13.0, 1784.0)	(14.0, 2190.0)	(15.0, 2745.5)	(16.0, 3442.5)	(17.0, 4489.5)	(18.0, 6109.0)	(19.0, 8777.0)	(20.0, 12437.5)	(21.0, 17274.0)	(22.0, 24118.5)	(23.0, 33832.5)	(24.0, 46268.5)	(25.0, 60161.0)	(26.0, 76498.5)	(27.0, 96269.5)	(28.0, 117738.5)	(29.0, 140336.0)	(30.0, 164979.5)	(31.0, 194351.0)	(32.0, 232004.5)	(33.0, 278342.0)	(34.0, 319327.5)	(35.0, 360607.5)	(36.0, 427736.0)	(37.0, 469815.5)	(38.0, 477877.5)	(39.0, 502277.5)	(40.0, 539417.0)	(41.0, 589509.0)	(42.0, 636718.0)	(43.0, 663473.5)	(44.0, 697211.5)	(45.0, 753701.0)	(46.0, 803165.5)	(47.0, 854365.0)	(48.0, 909642.0)	(49.0, 951893.0)	(50.0, 997625.5)	(51.0, 1045788.0)	(52.0, 1119513.0)	(53.0, 1210445.5)	(54.0, 1258118.0)	(55.0, 1297102.5)	(56.0, 1366089.5)	(57.0, 1381348.0)	(58.0, 1485978.5)	(59.0, 1645022.5)	(60.0, 1840607.5)	(61.0, 2264147.0)	(62.0, 2296974.5)	(63.0, 1987429.5)	(64.0, 1972335.0)	(65.0, 1873886.0)	(66.0, 1396347.0)	(67.0, 985467.5)	(68.0, 797169.0)	(69.0, 644285.5)	(70.0, 528651.0)	(71.0, 429968.0)	(72.0, 358966.5)	(73.0, 309034.0)	(74.0, 268190.5)	(75.0, 241792.0)	(76.0, 224135.0)	(77.0, 219067.5)	(78.0, 219306.5)	(79.0, 209922.5)	(80.0, 194479.0)	(81.0, 178421.5)	(82.0, 164148.0)	(83.0, 148327.0)	(84.0, 128492.5)	(85.0, 108832.0)	(86.0, 88836.0)	(87.0, 70316.5)	(88.0, 54678.0)	(89.0, 42261.5)	(90.0, 33055.5)	(91.0, 26384.5)	(92.0, 21351.5)	(93.0, 17698.0)	(94.0, 14873.0)	(95.0, 12581.5)	(96.0, 11201.5)	(97.0, 9980.0)	(98.0, 8723.5)	(99.0, 7694.5)	(100.0, 14028.5)
SRR29999110_1	(0.0, 63596.0)	(1.0, 31955.5)	(2.0, 563.0)	(3.0, 737.0)	(4.0, 625.0)	(5.0, 553.0)	(6.0, 506.0)	(7.0, 473.5)	(8.0, 466.5)	(9.0, 500.5)	(10.0, 557.5)	(11.0, 627.0)	(12.0, 757.0)	(13.0, 974.0)	(14.0, 1238.0)	(15.0, 1688.0)	(16.0, 2450.0)	(17.0, 3657.0)	(18.0, 5415.0)	(19.0, 7854.0)	(20.0, 11592.5)	(21.0, 16998.5)	(22.0, 24653.5)	(23.0, 34413.0)	(24.0, 46070.5)	(25.0, 60181.0)	(26.0, 77332.5)	(27.0, 97135.5)	(28.0, 119172.0)	(29.0, 143333.5)	(30.0, 168516.5)	(31.0, 194079.0)	(32.0, 221024.0)	(33.0, 250536.5)	(34.0, 281572.0)	(35.0, 314578.5)	(36.0, 373020.0)	(37.0, 464956.0)	(38.0, 478595.5)	(39.0, 468801.5)	(40.0, 495805.5)	(41.0, 531255.5)	(42.0, 727320.0)	(43.0, 756465.0)	(44.0, 633874.5)	(45.0, 663217.0)	(46.0, 703416.5)	(47.0, 738690.5)	(48.0, 779027.0)	(49.0, 817028.0)	(50.0, 836960.5)	(51.0, 879568.0)	(52.0, 969351.0)	(53.0, 1086646.0)	(54.0, 1282216.5)	(55.0, 1581032.0)	(56.0, 1640954.5)	(57.0, 1650038.0)	(58.0, 1893840.5)	(59.0, 2111410.0)	(60.0, 2224708.5)	(61.0, 2359937.0)	(62.0, 2193492.0)	(63.0, 1815823.0)	(64.0, 1615514.5)	(65.0, 1312032.0)	(66.0, 1238550.0)	(67.0, 1481343.0)	(68.0, 1509299.0)	(69.0, 1177150.5)	(70.0, 768127.0)	(71.0, 479624.0)	(72.0, 318820.0)	(73.0, 220549.0)	(74.0, 147158.5)	(75.0, 130185.0)	(76.0, 117954.5)	(77.0, 108635.5)	(78.0, 100596.0)	(79.0, 91286.5)	(80.0, 80758.5)	(81.0, 71039.0)	(82.0, 64404.5)	(83.0, 56736.5)	(84.0, 46176.5)	(85.0, 37963.5)	(86.0, 32028.5)	(87.0, 26119.0)	(88.0, 20649.5)	(89.0, 16323.0)	(90.0, 12444.0)	(91.0, 9358.5)	(92.0, 6734.5)	(93.0, 4424.5)	(94.0, 2771.0)	(95.0, 1527.0)	(96.0, 884.5)	(97.0, 490.0)	(98.0, 278.5)	(99.0, 158.0)	(100.0, 61.0)
SRR29999110_2	(0.0, 4085.0)	(1.0, 2144.5)	(2.0, 227.5)	(3.0, 277.0)	(4.0, 352.5)	(5.0, 471.5)	(6.0, 618.5)	(7.0, 731.0)	(8.0, 814.0)	(9.0, 910.5)	(10.0, 988.5)	(11.0, 1151.5)	(12.0, 1320.5)	(13.0, 1490.0)	(14.0, 1779.0)	(15.0, 2187.5)	(16.0, 2768.0)	(17.0, 3636.5)	(18.0, 4873.5)	(19.0, 6941.0)	(20.0, 9997.0)	(21.0, 13693.0)	(22.0, 19112.5)	(23.0, 26653.0)	(24.0, 36111.5)	(25.0, 47621.5)	(26.0, 61376.0)	(27.0, 78103.5)	(28.0, 96902.5)	(29.0, 117672.0)	(30.0, 140273.0)	(31.0, 165654.5)	(32.0, 197889.0)	(33.0, 238067.5)	(34.0, 273924.5)	(35.0, 305140.5)	(36.0, 350134.5)	(37.0, 387460.0)	(38.0, 405814.0)	(39.0, 428804.0)	(40.0, 459110.5)	(41.0, 513032.5)	(42.0, 581894.0)	(43.0, 602512.0)	(44.0, 619573.5)	(45.0, 672921.0)	(46.0, 706872.0)	(47.0, 756302.5)	(48.0, 799240.0)	(49.0, 811067.5)	(50.0, 853685.5)	(51.0, 919773.5)	(52.0, 1040759.0)	(53.0, 1217166.5)	(54.0, 1334315.0)	(55.0, 1434391.5)	(56.0, 1564726.5)	(57.0, 1580769.5)	(58.0, 1735985.5)	(59.0, 1772386.0)	(60.0, 1760397.0)	(61.0, 2175788.0)	(62.0, 2264423.5)	(63.0, 2184871.5)	(64.0, 2470087.5)	(65.0, 2552386.5)	(66.0, 1972440.0)	(67.0, 1317911.5)	(68.0, 932958.0)	(69.0, 663330.0)	(70.0, 528764.5)	(71.0, 384086.0)	(72.0, 276210.5)	(73.0, 212439.0)	(74.0, 170185.0)	(75.0, 149300.0)	(76.0, 133451.0)	(77.0, 125229.0)	(78.0, 120855.0)	(79.0, 110747.5)	(80.0, 98587.5)	(81.0, 88093.0)	(82.0, 80894.5)	(83.0, 71874.5)	(84.0, 60370.0)	(85.0, 52134.0)	(86.0, 44092.0)	(87.0, 34830.0)	(88.0, 26543.5)	(89.0, 20566.5)	(90.0, 16377.0)	(91.0, 13979.5)	(92.0, 12022.5)	(93.0, 10647.0)	(94.0, 9702.5)	(95.0, 8715.5)	(96.0, 8305.0)	(97.0, 8021.0)	(98.0, 7738.5)	(99.0, 7594.5)	(100.0, 13056.0)
SRR29999111_1	(0.0, 79908.0)	(1.0, 40297.5)	(2.0, 1105.0)	(3.0, 1266.5)	(4.0, 876.0)	(5.0, 678.5)	(6.0, 555.5)	(7.0, 457.5)	(8.0, 426.5)	(9.0, 441.0)	(10.0, 518.5)	(11.0, 602.5)	(12.0, 679.0)	(13.0, 839.0)	(14.0, 1093.0)	(15.0, 1485.0)	(16.0, 2118.5)	(17.0, 3064.5)	(18.0, 4521.5)	(19.0, 6600.5)	(20.0, 9457.5)	(21.0, 13505.5)	(22.0, 19306.5)	(23.0, 26564.0)	(24.0, 35241.5)	(25.0, 46066.0)	(26.0, 58312.5)	(27.0, 72397.5)	(28.0, 88854.5)	(29.0, 106088.5)	(30.0, 124686.0)	(31.0, 144461.5)	(32.0, 165949.5)	(33.0, 188775.5)	(34.0, 213143.5)	(35.0, 240464.5)	(36.0, 278750.5)	(37.0, 327663.0)	(38.0, 349165.0)	(39.0, 364087.5)	(40.0, 393987.5)	(41.0, 429912.0)	(42.0, 549652.0)	(43.0, 578365.5)	(44.0, 525886.5)	(45.0, 565027.5)	(46.0, 609327.0)	(47.0, 647972.5)	(48.0, 694762.0)	(49.0, 740369.5)	(50.0, 774856.0)	(51.0, 823789.0)	(52.0, 896920.0)	(53.0, 958781.5)	(54.0, 1074454.0)	(55.0, 1335997.5)	(56.0, 1396889.5)	(57.0, 1375693.0)	(58.0, 1562376.0)	(59.0, 1837958.5)	(60.0, 2110863.5)	(61.0, 2322700.5)	(62.0, 2119940.0)	(63.0, 1682179.5)	(64.0, 1419271.5)	(65.0, 1119161.5)	(66.0, 1061392.0)	(67.0, 1282449.5)	(68.0, 1361949.0)	(69.0, 1040985.0)	(70.0, 647122.5)	(71.0, 441255.0)	(72.0, 317714.0)	(73.0, 238265.5)	(74.0, 177838.5)	(75.0, 160688.5)	(76.0, 150160.0)	(77.0, 144295.5)	(78.0, 142304.0)	(79.0, 136559.0)	(80.0, 127698.5)	(81.0, 113472.0)	(82.0, 97891.0)	(83.0, 85381.5)	(84.0, 71768.5)	(85.0, 61038.5)	(86.0, 52304.0)	(87.0, 42447.0)	(88.0, 33119.0)	(89.0, 26513.0)	(90.0, 21234.5)	(91.0, 16265.5)	(92.0, 11459.0)	(93.0, 7661.5)	(94.0, 5005.0)	(95.0, 2918.0)	(96.0, 1486.5)	(97.0, 701.5)	(98.0, 538.0)	(99.0, 380.5)	(100.0, 136.5)
SRR29999111_2	(0.0, 6097.0)	(1.0, 3319.0)	(2.0, 590.0)	(3.0, 597.0)	(4.0, 620.5)	(5.0, 721.5)	(6.0, 832.0)	(7.0, 928.0)	(8.0, 957.0)	(9.0, 1013.5)	(10.0, 1139.5)	(11.0, 1310.5)	(12.0, 1462.0)	(13.0, 1669.0)	(14.0, 1914.0)	(15.0, 2234.0)	(16.0, 2809.0)	(17.0, 3596.0)	(18.0, 4718.5)	(19.0, 6563.0)	(20.0, 9116.0)	(21.0, 12242.0)	(22.0, 16629.0)	(23.0, 22907.0)	(24.0, 30768.5)	(25.0, 39747.5)	(26.0, 49955.0)	(27.0, 62316.5)	(28.0, 76147.0)	(29.0, 91030.0)	(30.0, 107951.0)	(31.0, 127074.5)	(32.0, 152555.0)	(33.0, 184885.5)	(34.0, 213399.5)	(35.0, 238901.0)	(36.0, 279634.0)	(37.0, 310267.0)	(38.0, 321953.5)	(39.0, 342405.5)	(40.0, 370177.5)	(41.0, 414173.5)	(42.0, 462673.5)	(43.0, 484311.5)	(44.0, 509991.0)	(45.0, 560609.0)	(46.0, 602169.5)	(47.0, 651277.5)	(48.0, 700496.0)	(49.0, 733927.0)	(50.0, 781250.0)	(51.0, 839373.5)	(52.0, 932049.5)	(53.0, 1048900.0)	(54.0, 1112847.0)	(55.0, 1178924.0)	(56.0, 1286314.0)	(57.0, 1315209.5)	(58.0, 1459367.5)	(59.0, 1587662.5)	(60.0, 1712268.5)	(61.0, 2122380.5)	(62.0, 2170619.0)	(63.0, 1984966.0)	(64.0, 2180149.0)	(65.0, 2200095.5)	(66.0, 1606799.0)	(67.0, 1047938.0)	(68.0, 795401.5)	(69.0, 615473.0)	(70.0, 506305.0)	(71.0, 388579.0)	(72.0, 297677.0)	(73.0, 241570.5)	(74.0, 199362.0)	(75.0, 178012.5)	(76.0, 164540.0)	(77.0, 160750.5)	(78.0, 161759.5)	(79.0, 156790.0)	(80.0, 148405.5)	(81.0, 132590.5)	(82.0, 117306.5)	(83.0, 104297.5)	(84.0, 88567.0)	(85.0, 76704.0)	(86.0, 64499.5)	(87.0, 51187.5)	(88.0, 39180.5)	(89.0, 29783.0)	(90.0, 22892.5)	(91.0, 18202.5)	(92.0, 13714.5)	(93.0, 9962.5)	(94.0, 7478.5)	(95.0, 5451.0)	(96.0, 4056.5)	(97.0, 2924.0)	(98.0, 2204.5)	(99.0, 1902.0)	(100.0, 5714.0)
SRR29999112_1	(0.0, 95406.0)	(1.0, 47863.5)	(2.0, 537.0)	(3.0, 659.0)	(4.0, 538.5)	(5.0, 471.5)	(6.0, 441.0)	(7.0, 437.5)	(8.0, 416.5)	(9.0, 449.0)	(10.0, 543.0)	(11.0, 660.5)	(12.0, 818.0)	(13.0, 1063.5)	(14.0, 1520.0)	(15.0, 2201.0)	(16.0, 3099.0)	(17.0, 4495.5)	(18.0, 6739.5)	(19.0, 9892.5)	(20.0, 14296.0)	(21.0, 20832.0)	(22.0, 29806.0)	(23.0, 40759.5)	(24.0, 54470.5)	(25.0, 71451.0)	(26.0, 90840.5)	(27.0, 112589.0)	(28.0, 137216.5)	(29.0, 164484.5)	(30.0, 193418.0)	(31.0, 223217.0)	(32.0, 254059.0)	(33.0, 286108.0)	(34.0, 320632.0)	(35.0, 358322.0)	(36.0, 399994.0)	(37.0, 444794.0)	(38.0, 479074.5)	(39.0, 508312.0)	(40.0, 546989.0)	(41.0, 586284.5)	(42.0, 639690.0)	(43.0, 672093.0)	(44.0, 688814.5)	(45.0, 738912.0)	(46.0, 785749.0)	(47.0, 821417.5)	(48.0, 870731.0)	(49.0, 914905.5)	(50.0, 941358.0)	(51.0, 987088.0)	(52.0, 1045337.5)	(53.0, 1063574.5)	(54.0, 1070674.0)	(55.0, 1116956.0)	(56.0, 1153487.0)	(57.0, 1245458.0)	(58.0, 1431422.5)	(59.0, 1714350.5)	(60.0, 1930867.0)	(61.0, 2005032.5)	(62.0, 1812186.0)	(63.0, 1494599.0)	(64.0, 1238611.0)	(65.0, 938634.0)	(66.0, 775953.5)	(67.0, 722715.5)	(68.0, 676581.5)	(69.0, 561702.5)	(70.0, 420961.0)	(71.0, 325628.5)	(72.0, 271944.5)	(73.0, 222452.0)	(74.0, 173649.5)	(75.0, 152413.5)	(76.0, 136951.0)	(77.0, 124629.5)	(78.0, 114971.5)	(79.0, 104452.0)	(80.0, 92487.0)	(81.0, 80323.0)	(82.0, 70723.5)	(83.0, 62055.5)	(84.0, 51224.0)	(85.0, 41944.5)	(86.0, 34873.0)	(87.0, 27861.5)	(88.0, 21846.5)	(89.0, 17183.0)	(90.0, 12697.5)	(91.0, 9180.5)	(92.0, 6472.0)	(93.0, 4187.0)	(94.0, 2613.5)	(95.0, 1495.0)	(96.0, 852.5)	(97.0, 436.0)	(98.0, 303.5)	(99.0, 190.0)	(100.0, 48.5)
SRR29999112_2	(0.0, 6038.0)	(1.0, 3133.0)	(2.0, 264.5)	(3.0, 331.0)	(4.0, 411.0)	(5.0, 524.5)	(6.0, 642.5)	(7.0, 725.0)	(8.0, 824.0)	(9.0, 937.5)	(10.0, 1065.0)	(11.0, 1239.5)	(12.0, 1464.5)	(13.0, 1692.0)	(14.0, 2028.5)	(15.0, 2540.5)	(16.0, 3289.0)	(17.0, 4461.0)	(18.0, 6182.0)	(19.0, 8841.0)	(20.0, 12336.0)	(21.0, 16957.0)	(22.0, 23496.5)	(23.0, 32179.5)	(24.0, 43549.5)	(25.0, 57083.0)	(26.0, 72651.5)	(27.0, 91323.0)	(28.0, 112938.5)	(29.0, 136578.0)	(30.0, 161610.0)	(31.0, 190541.0)	(32.0, 225778.0)	(33.0, 266936.0)	(34.0, 305999.0)	(35.0, 346267.0)	(36.0, 405939.5)	(37.0, 449097.0)	(38.0, 464683.0)	(39.0, 489831.0)	(40.0, 523598.0)	(41.0, 565333.0)	(42.0, 603703.0)	(43.0, 632449.0)	(44.0, 665376.0)	(45.0, 712024.0)	(46.0, 762245.5)	(47.0, 811542.5)	(48.0, 862820.5)	(49.0, 909111.5)	(50.0, 948175.0)	(51.0, 979309.5)	(52.0, 1012067.0)	(53.0, 1051076.0)	(54.0, 1084602.5)	(55.0, 1115315.5)	(56.0, 1156607.5)	(57.0, 1192674.0)	(58.0, 1282735.0)	(59.0, 1443562.5)	(60.0, 1645742.0)	(61.0, 1927001.5)	(62.0, 1906495.5)	(63.0, 1614351.5)	(64.0, 1519394.5)	(65.0, 1369514.0)	(66.0, 1022717.0)	(67.0, 759633.5)	(68.0, 628682.0)	(69.0, 510965.5)	(70.0, 404924.5)	(71.0, 334481.5)	(72.0, 280720.5)	(73.0, 236398.0)	(74.0, 199362.0)	(75.0, 173097.5)	(76.0, 153453.5)	(77.0, 141539.5)	(78.0, 134048.5)	(79.0, 123053.0)	(80.0, 109322.5)	(81.0, 95840.5)	(82.0, 84978.5)	(83.0, 75268.0)	(84.0, 64489.5)	(85.0, 54122.0)	(86.0, 44482.5)	(87.0, 35916.5)	(88.0, 28501.0)	(89.0, 22431.0)	(90.0, 18000.5)	(91.0, 15191.0)	(92.0, 13000.5)	(93.0, 11592.0)	(94.0, 10832.0)	(95.0, 10498.5)	(96.0, 10565.0)	(97.0, 10840.0)	(98.0, 11077.5)	(99.0, 11284.5)	(100.0, 17460.5)
SRR29999113_1	(0.0, 21252.0)	(1.0, 10723.5)	(2.0, 298.0)	(3.0, 438.5)	(4.0, 455.5)	(5.0, 443.0)	(6.0, 475.5)	(7.0, 482.5)	(8.0, 492.5)	(9.0, 523.0)	(10.0, 596.5)	(11.0, 712.0)	(12.0, 886.5)	(13.0, 1227.5)	(14.0, 1682.5)	(15.0, 2325.0)	(16.0, 3478.5)	(17.0, 5365.0)	(18.0, 8285.0)	(19.0, 12915.5)	(20.0, 19976.5)	(21.0, 30045.5)	(22.0, 45434.5)	(23.0, 65530.0)	(24.0, 90865.5)	(25.0, 125008.0)	(26.0, 165831.5)	(27.0, 212824.0)	(28.0, 267488.5)	(29.0, 326124.0)	(30.0, 389761.5)	(31.0, 456351.0)	(32.0, 519780.0)	(33.0, 583126.0)	(34.0, 646145.0)	(35.0, 710203.5)	(36.0, 771076.0)	(37.0, 825126.0)	(38.0, 874735.0)	(39.0, 916484.0)	(40.0, 957172.5)	(41.0, 993257.5)	(42.0, 1018676.0)	(43.0, 1035118.0)	(44.0, 1045036.0)	(45.0, 1071660.0)	(46.0, 1101684.0)	(47.0, 1112597.5)	(48.0, 1124155.0)	(49.0, 1137135.0)	(50.0, 1142839.0)	(51.0, 1162537.0)	(52.0, 1175036.0)	(53.0, 1123743.0)	(54.0, 1067827.0)	(55.0, 1055221.0)	(56.0, 1040730.0)	(57.0, 1053051.5)	(58.0, 1116267.5)	(59.0, 1220595.5)	(60.0, 1260832.0)	(61.0, 1268024.0)	(62.0, 1215648.5)	(63.0, 1095130.5)	(64.0, 909886.5)	(65.0, 682629.5)	(66.0, 550371.0)	(67.0, 473517.5)	(68.0, 417009.0)	(69.0, 335729.0)	(70.0, 264709.5)	(71.0, 217526.5)	(72.0, 182286.5)	(73.0, 151124.5)	(74.0, 121529.0)	(75.0, 104859.5)	(76.0, 90550.0)	(77.0, 76465.5)	(78.0, 66137.0)	(79.0, 56446.5)	(80.0, 46161.5)	(81.0, 37258.0)	(82.0, 30439.5)	(83.0, 24537.0)	(84.0, 18919.5)	(85.0, 14342.5)	(86.0, 10858.5)	(87.0, 7808.5)	(88.0, 5607.5)	(89.0, 4235.5)	(90.0, 2970.5)	(91.0, 1911.5)	(92.0, 1144.0)	(93.0, 686.0)	(94.0, 437.5)	(95.0, 264.5)	(96.0, 172.0)	(97.0, 107.5)	(98.0, 68.0)	(99.0, 44.0)	(100.0, 14.0)
SRR29999113_2	(0.0, 3486.0)	(1.0, 1880.5)	(2.0, 350.0)	(3.0, 524.5)	(4.0, 751.0)	(5.0, 970.5)	(6.0, 1140.5)	(7.0, 1275.0)	(8.0, 1396.5)	(9.0, 1482.0)	(10.0, 1608.5)	(11.0, 1822.5)	(12.0, 2079.5)	(13.0, 2415.5)	(14.0, 2825.5)	(15.0, 3458.0)	(16.0, 4518.0)	(17.0, 6088.5)	(18.0, 8721.0)	(19.0, 12814.0)	(20.0, 18871.0)	(21.0, 27662.5)	(22.0, 40336.0)	(23.0, 58437.0)	(24.0, 82320.0)	(25.0, 112867.0)	(26.0, 152704.0)	(27.0, 202219.5)	(28.0, 258232.0)	(29.0, 318241.0)	(30.0, 381503.5)	(31.0, 448192.0)	(32.0, 516448.0)	(33.0, 588564.5)	(34.0, 658141.5)	(35.0, 722455.5)	(36.0, 787657.5)	(37.0, 842327.0)	(38.0, 884270.0)	(39.0, 924156.0)	(40.0, 960304.0)	(41.0, 990569.5)	(42.0, 1011498.0)	(43.0, 1025545.0)	(44.0, 1041992.0)	(45.0, 1063740.5)	(46.0, 1085282.0)	(47.0, 1100865.5)	(48.0, 1121311.0)	(49.0, 1135332.0)	(50.0, 1137879.5)	(51.0, 1128994.0)	(52.0, 1101948.5)	(53.0, 1075130.0)	(54.0, 1058918.0)	(55.0, 1041682.0)	(56.0, 1026425.0)	(57.0, 1013136.0)	(58.0, 1004101.5)	(59.0, 1048570.5)	(60.0, 1097711.5)	(61.0, 1186321.0)	(62.0, 1248347.0)	(63.0, 1116656.0)	(64.0, 1028199.0)	(65.0, 932014.0)	(66.0, 694039.0)	(67.0, 520075.0)	(68.0, 429585.5)	(69.0, 346825.5)	(70.0, 273454.5)	(71.0, 226683.5)	(72.0, 190889.5)	(73.0, 161635.0)	(74.0, 138302.0)	(75.0, 118807.5)	(76.0, 101512.0)	(77.0, 88867.0)	(78.0, 79917.0)	(79.0, 69812.5)	(80.0, 58382.0)	(81.0, 48024.0)	(82.0, 40049.0)	(83.0, 34009.0)	(84.0, 27892.5)	(85.0, 21758.5)	(86.0, 16429.5)	(87.0, 12099.5)	(88.0, 8959.5)	(89.0, 6844.5)	(90.0, 5174.5)	(91.0, 4098.0)	(92.0, 3144.5)	(93.0, 2462.0)	(94.0, 2004.0)	(95.0, 1563.0)	(96.0, 1281.0)	(97.0, 1081.0)	(98.0, 897.5)	(99.0, 838.5)	(100.0, 3166.5)
SRR29999114_1	(0.0, 33977.0)	(1.0, 17264.5)	(2.0, 879.0)	(3.0, 1032.5)	(4.0, 767.5)	(5.0, 653.5)	(6.0, 621.0)	(7.0, 575.0)	(8.0, 563.5)	(9.0, 613.0)	(10.0, 686.5)	(11.0, 805.5)	(12.0, 1018.0)	(13.0, 1371.5)	(14.0, 1847.0)	(15.0, 2530.0)	(16.0, 3679.0)	(17.0, 5474.5)	(18.0, 8308.0)	(19.0, 12503.5)	(20.0, 18301.5)	(21.0, 26556.5)	(22.0, 38594.5)	(23.0, 53470.5)	(24.0, 71662.0)	(25.0, 94705.5)	(26.0, 121766.0)	(27.0, 153083.5)	(28.0, 188774.0)	(29.0, 227455.0)	(30.0, 267434.5)	(31.0, 310024.0)	(32.0, 356741.0)	(33.0, 405426.0)	(34.0, 455033.0)	(35.0, 508264.5)	(36.0, 566011.0)	(37.0, 622921.5)	(38.0, 673164.5)	(39.0, 721115.0)	(40.0, 772007.5)	(41.0, 825056.5)	(42.0, 882337.5)	(43.0, 924070.0)	(44.0, 961808.0)	(45.0, 1021975.0)	(46.0, 1077579.0)	(47.0, 1123845.0)	(48.0, 1185609.0)	(49.0, 1245497.0)	(50.0, 1281185.5)	(51.0, 1314800.5)	(52.0, 1352310.0)	(53.0, 1352866.5)	(54.0, 1335231.5)	(55.0, 1348444.0)	(56.0, 1362476.0)	(57.0, 1424884.5)	(58.0, 1600231.5)	(59.0, 1924251.5)	(60.0, 2130713.5)	(61.0, 2225498.0)	(62.0, 2027558.5)	(63.0, 1713166.5)	(64.0, 1449140.5)	(65.0, 1047759.0)	(66.0, 824744.5)	(67.0, 724636.5)	(68.0, 644572.0)	(69.0, 528440.0)	(70.0, 419709.0)	(71.0, 342013.0)	(72.0, 286183.0)	(73.0, 236069.0)	(74.0, 190357.0)	(75.0, 165596.5)	(76.0, 146098.5)	(77.0, 130425.5)	(78.0, 119040.0)	(79.0, 105711.0)	(80.0, 91326.0)	(81.0, 77561.0)	(82.0, 65738.0)	(83.0, 55762.0)	(84.0, 45097.0)	(85.0, 35439.0)	(86.0, 28372.0)	(87.0, 22102.5)	(88.0, 17377.0)	(89.0, 13932.0)	(90.0, 10167.5)	(91.0, 7052.5)	(92.0, 4720.5)	(93.0, 3045.5)	(94.0, 1925.0)	(95.0, 1098.0)	(96.0, 647.0)	(97.0, 452.0)	(98.0, 489.5)	(99.0, 330.5)	(100.0, 44.5)
SRR29999114_2	(0.0, 3662.0)	(1.0, 2028.0)	(2.0, 439.0)	(3.0, 530.0)	(4.0, 652.0)	(5.0, 829.0)	(6.0, 1007.5)	(7.0, 1132.5)	(8.0, 1223.5)	(9.0, 1344.0)	(10.0, 1478.0)	(11.0, 1640.0)	(12.0, 1846.0)	(13.0, 2113.5)	(14.0, 2554.5)	(15.0, 3231.5)	(16.0, 4151.5)	(17.0, 5568.5)	(18.0, 7681.5)	(19.0, 10724.5)	(20.0, 15264.5)	(21.0, 21461.5)	(22.0, 29710.0)	(23.0, 41429.5)	(24.0, 57086.0)	(25.0, 75601.0)	(26.0, 98469.5)	(27.0, 126091.5)	(28.0, 157076.0)	(29.0, 191811.5)	(30.0, 229634.5)	(31.0, 272846.0)	(32.0, 322912.0)	(33.0, 379960.0)	(34.0, 437469.5)	(35.0, 494710.0)	(36.0, 567048.5)	(37.0, 625633.0)	(38.0, 662904.0)	(39.0, 707608.5)	(40.0, 754357.5)	(41.0, 807757.5)	(42.0, 858879.0)	(43.0, 898310.5)	(44.0, 942686.5)	(45.0, 1000347.0)	(46.0, 1059916.5)	(47.0, 1118345.0)	(48.0, 1184220.0)	(49.0, 1242030.5)	(50.0, 1281237.5)	(51.0, 1301125.0)	(52.0, 1308195.0)	(53.0, 1325386.0)	(54.0, 1344066.5)	(55.0, 1352758.0)	(56.0, 1371172.0)	(57.0, 1389229.0)	(58.0, 1451177.0)	(59.0, 1628624.5)	(60.0, 1774451.5)	(61.0, 1998127.5)	(62.0, 2145985.0)	(63.0, 1876193.0)	(64.0, 1716544.0)	(65.0, 1520454.5)	(66.0, 1070404.5)	(67.0, 791746.0)	(68.0, 648788.0)	(69.0, 528984.0)	(70.0, 426739.5)	(71.0, 354973.0)	(72.0, 297950.5)	(73.0, 252277.0)	(74.0, 216693.5)	(75.0, 187928.5)	(76.0, 164642.5)	(77.0, 151324.0)	(78.0, 141178.5)	(79.0, 126457.0)	(80.0, 110942.0)	(81.0, 95321.0)	(82.0, 81416.0)	(83.0, 70035.5)	(84.0, 59127.0)	(85.0, 48223.0)	(86.0, 38027.5)	(87.0, 29690.0)	(88.0, 22597.0)	(89.0, 17530.0)	(90.0, 13469.0)	(91.0, 10485.5)	(92.0, 8141.0)	(93.0, 6356.0)	(94.0, 5065.0)	(95.0, 4135.5)	(96.0, 3443.0)	(97.0, 2674.0)	(98.0, 2046.5)	(99.0, 1767.5)	(100.0, 4917.0)
SRR29999115_1	(0.0, 83235.0)	(1.0, 41868.5)	(2.0, 869.5)	(3.0, 1067.0)	(4.0, 806.5)	(5.0, 685.0)	(6.0, 643.0)	(7.0, 610.0)	(8.0, 569.0)	(9.0, 567.5)	(10.0, 639.0)	(11.0, 758.0)	(12.0, 888.5)	(13.0, 1087.0)	(14.0, 1401.0)	(15.0, 1998.5)	(16.0, 2837.0)	(17.0, 4069.5)	(18.0, 6095.0)	(19.0, 9106.0)	(20.0, 13631.0)	(21.0, 20390.5)	(22.0, 29851.5)	(23.0, 41754.0)	(24.0, 56598.0)	(25.0, 74942.0)	(26.0, 96761.0)	(27.0, 122603.5)	(28.0, 152000.5)	(29.0, 183287.0)	(30.0, 216828.5)	(31.0, 250035.0)	(32.0, 283439.0)	(33.0, 319928.0)	(34.0, 358950.5)	(35.0, 401444.5)	(36.0, 509327.0)	(37.0, 695128.0)	(38.0, 680982.5)	(39.0, 623948.5)	(40.0, 638731.5)	(41.0, 647627.0)	(42.0, 1150500.0)	(43.0, 1190720.5)	(44.0, 762865.0)	(45.0, 751765.5)	(46.0, 785576.0)	(47.0, 821397.0)	(48.0, 842701.5)	(49.0, 862128.5)	(50.0, 844057.0)	(51.0, 846118.5)	(52.0, 928165.5)	(53.0, 1141750.5)	(54.0, 1575896.5)	(55.0, 2174633.0)	(56.0, 2216316.0)	(57.0, 1985427.0)	(58.0, 2082260.0)	(59.0, 2165466.0)	(60.0, 2295417.0)	(61.0, 2613647.5)	(62.0, 2468873.5)	(63.0, 2038297.0)	(64.0, 1857269.5)	(65.0, 1508922.0)	(66.0, 1559929.5)	(67.0, 2025491.5)	(68.0, 1982221.5)	(69.0, 1445787.0)	(70.0, 878079.0)	(71.0, 473001.0)	(72.0, 283138.0)	(73.0, 176670.5)	(74.0, 106150.0)	(75.0, 92405.0)	(76.0, 81631.5)	(77.0, 72187.5)	(78.0, 65170.5)	(79.0, 57414.0)	(80.0, 49289.0)	(81.0, 43242.0)	(82.0, 38427.0)	(83.0, 33574.5)	(84.0, 28165.5)	(85.0, 22878.5)	(86.0, 18536.0)	(87.0, 14612.5)	(88.0, 11413.5)	(89.0, 9223.0)	(90.0, 7039.0)	(91.0, 5148.0)	(92.0, 3667.0)	(93.0, 2369.0)	(94.0, 1491.5)	(95.0, 832.5)	(96.0, 483.5)	(97.0, 268.0)	(98.0, 157.0)	(99.0, 96.0)	(100.0, 32.5)
SRR29999115_2	(0.0, 4673.0)	(1.0, 2511.0)	(2.0, 421.5)	(3.0, 569.5)	(4.0, 745.5)	(5.0, 969.5)	(6.0, 1163.5)	(7.0, 1328.0)	(8.0, 1490.5)	(9.0, 1606.0)	(10.0, 1765.5)	(11.0, 2012.5)	(12.0, 2245.0)	(13.0, 2396.5)	(14.0, 2679.0)	(15.0, 3251.0)	(16.0, 4092.0)	(17.0, 5064.0)	(18.0, 6477.0)	(19.0, 9292.5)	(20.0, 13234.5)	(21.0, 18033.0)	(22.0, 25044.0)	(23.0, 34964.5)	(24.0, 48027.0)	(25.0, 63565.5)	(26.0, 81982.5)	(27.0, 104540.0)	(28.0, 128594.5)	(29.0, 154548.5)	(30.0, 184325.0)	(31.0, 217494.5)	(32.0, 253723.0)	(33.0, 294108.5)	(34.0, 335404.5)	(35.0, 375637.5)	(36.0, 420449.0)	(37.0, 461792.0)	(38.0, 494213.0)	(39.0, 525107.0)	(40.0, 558826.0)	(41.0, 632662.5)	(42.0, 738788.5)	(43.0, 747568.5)	(44.0, 744377.0)	(45.0, 804449.0)	(46.0, 818887.0)	(47.0, 877007.0)	(48.0, 898770.0)	(49.0, 850187.0)	(50.0, 887858.0)	(51.0, 975813.5)	(52.0, 1154451.5)	(53.0, 1478243.5)	(54.0, 1662594.5)	(55.0, 1777249.0)	(56.0, 2060476.5)	(57.0, 2064493.0)	(58.0, 2192093.0)	(59.0, 2082765.5)	(60.0, 1699423.5)	(61.0, 2117955.5)	(62.0, 2559886.0)	(63.0, 2653995.5)	(64.0, 2861089.0)	(65.0, 2980910.0)	(66.0, 2450574.5)	(67.0, 1793306.5)	(68.0, 1274313.0)	(69.0, 806299.5)	(70.0, 612844.5)	(71.0, 411514.5)	(72.0, 258985.0)	(73.0, 178413.0)	(74.0, 129229.5)	(75.0, 114219.5)	(76.0, 101588.5)	(77.0, 93490.0)	(78.0, 89325.0)	(79.0, 81138.5)	(80.0, 71628.5)	(81.0, 63223.5)	(82.0, 57408.0)	(83.0, 50270.5)	(84.0, 41783.0)	(85.0, 37722.5)	(86.0, 32407.0)	(87.0, 24764.0)	(88.0, 18119.0)	(89.0, 13809.0)	(90.0, 11259.5)	(91.0, 9261.5)	(92.0, 7526.5)	(93.0, 6449.5)	(94.0, 5213.0)	(95.0, 3992.0)	(96.0, 3305.5)	(97.0, 2656.5)	(98.0, 2080.5)	(99.0, 1842.5)	(100.0, 6417.0)
SRR29999116_1	(0.0, 78684.0)	(1.0, 40356.5)	(2.0, 2508.5)	(3.0, 2539.5)	(4.0, 1810.0)	(5.0, 1375.0)	(6.0, 1118.0)	(7.0, 932.0)	(8.0, 858.5)	(9.0, 854.5)	(10.0, 903.0)	(11.0, 1081.0)	(12.0, 1346.0)	(13.0, 1751.5)	(14.0, 2377.0)	(15.0, 3332.5)	(16.0, 4757.0)	(17.0, 6971.5)	(18.0, 10474.0)	(19.0, 15372.0)	(20.0, 22665.0)	(21.0, 33459.5)	(22.0, 48223.5)	(23.0, 66647.5)	(24.0, 89298.0)	(25.0, 117962.5)	(26.0, 151011.5)	(27.0, 187752.0)	(28.0, 229765.5)	(29.0, 274566.0)	(30.0, 320126.5)	(31.0, 366968.0)	(32.0, 417682.0)	(33.0, 469717.0)	(34.0, 522455.0)	(35.0, 579020.5)	(36.0, 635209.0)	(37.0, 689690.0)	(38.0, 741382.0)	(39.0, 788001.0)	(40.0, 836973.0)	(41.0, 882126.5)	(42.0, 919788.5)	(43.0, 954569.0)	(44.0, 996354.0)	(45.0, 1054078.0)	(46.0, 1105977.0)	(47.0, 1152874.5)	(48.0, 1210222.0)	(49.0, 1264636.5)	(50.0, 1302969.5)	(51.0, 1356835.5)	(52.0, 1404025.0)	(53.0, 1358040.5)	(54.0, 1305845.5)	(55.0, 1316871.0)	(56.0, 1333733.5)	(57.0, 1405029.0)	(58.0, 1521679.0)	(59.0, 1768921.0)	(60.0, 1973612.0)	(61.0, 2035660.0)	(62.0, 1835681.0)	(63.0, 1570275.0)	(64.0, 1339503.0)	(65.0, 993734.5)	(66.0, 802461.0)	(67.0, 693841.5)	(68.0, 615195.0)	(69.0, 515437.5)	(70.0, 412038.0)	(71.0, 344485.0)	(72.0, 298645.5)	(73.0, 249752.5)	(74.0, 198738.0)	(75.0, 171361.5)	(76.0, 150713.5)	(77.0, 133011.0)	(78.0, 119435.5)	(79.0, 106606.5)	(80.0, 91499.5)	(81.0, 77050.5)	(82.0, 66403.5)	(83.0, 56491.5)	(84.0, 44905.0)	(85.0, 35625.5)	(86.0, 28637.0)	(87.0, 21929.0)	(88.0, 16981.5)	(89.0, 14247.0)	(90.0, 11176.0)	(91.0, 8179.0)	(92.0, 5813.0)	(93.0, 3884.5)	(94.0, 2445.5)	(95.0, 1346.5)	(96.0, 769.5)	(97.0, 439.0)	(98.0, 268.5)	(99.0, 143.0)	(100.0, 45.5)
SRR29999116_2	(0.0, 7249.0)	(1.0, 4253.0)	(2.0, 1417.0)	(3.0, 1616.0)	(4.0, 1680.5)	(5.0, 1726.5)	(6.0, 1826.5)	(7.0, 1908.0)	(8.0, 1964.5)	(9.0, 2060.5)	(10.0, 2227.5)	(11.0, 2469.5)	(12.0, 2724.0)	(13.0, 3080.0)	(14.0, 3574.5)	(15.0, 4436.5)	(16.0, 5666.5)	(17.0, 7510.0)	(18.0, 10269.0)	(19.0, 14471.5)	(20.0, 20682.5)	(21.0, 29264.5)	(22.0, 41068.5)	(23.0, 56955.5)	(24.0, 77588.0)	(25.0, 102189.0)	(26.0, 130327.0)	(27.0, 162963.5)	(28.0, 199603.0)	(29.0, 238221.5)	(30.0, 279381.0)	(31.0, 327273.0)	(32.0, 381415.0)	(33.0, 440011.5)	(34.0, 497036.5)	(35.0, 554864.0)	(36.0, 625601.5)	(37.0, 681207.0)	(38.0, 717428.0)	(39.0, 761086.5)	(40.0, 807669.0)	(41.0, 855408.5)	(42.0, 898137.5)	(43.0, 930645.5)	(44.0, 969224.0)	(45.0, 1025408.0)	(46.0, 1084918.0)	(47.0, 1142123.0)	(48.0, 1205830.5)	(49.0, 1263532.5)	(50.0, 1301569.5)	(51.0, 1316609.0)	(52.0, 1313994.5)	(53.0, 1309367.5)	(54.0, 1313509.5)	(55.0, 1324893.0)	(56.0, 1341216.0)	(57.0, 1356592.0)	(58.0, 1402967.5)	(59.0, 1531082.5)	(60.0, 1640593.0)	(61.0, 1856850.5)	(62.0, 2010083.0)	(63.0, 1765527.5)	(64.0, 1564354.0)	(65.0, 1355697.5)	(66.0, 1007419.5)	(67.0, 783149.0)	(68.0, 653930.5)	(69.0, 540639.0)	(70.0, 433476.5)	(71.0, 367131.0)	(72.0, 313862.5)	(73.0, 271791.0)	(74.0, 232508.0)	(75.0, 198792.5)	(76.0, 174300.5)	(77.0, 157405.5)	(78.0, 146014.5)	(79.0, 131804.5)	(80.0, 114456.0)	(81.0, 99077.0)	(82.0, 87113.0)	(83.0, 75567.0)	(84.0, 63151.0)	(85.0, 51838.5)	(86.0, 41362.0)	(87.0, 31982.5)	(88.0, 24744.0)	(89.0, 19520.0)	(90.0, 15544.0)	(91.0, 12650.5)	(92.0, 9901.0)	(93.0, 7828.0)	(94.0, 6280.5)	(95.0, 5184.0)	(96.0, 4387.0)	(97.0, 3465.0)	(98.0, 2641.0)	(99.0, 2275.5)	(100.0, 6859.0)
SRR29999117_1	(0.0, 108053.0)	(1.0, 55338.0)	(2.0, 3169.0)	(3.0, 3216.0)	(4.0, 2304.0)	(5.0, 1695.0)	(6.0, 1366.5)	(7.0, 1083.0)	(8.0, 886.5)	(9.0, 885.0)	(10.0, 971.0)	(11.0, 1077.0)	(12.0, 1242.5)	(13.0, 1525.5)	(14.0, 1977.5)	(15.0, 2488.5)	(16.0, 3306.5)	(17.0, 4713.0)	(18.0, 6559.0)	(19.0, 9038.0)	(20.0, 12338.5)	(21.0, 17003.5)	(22.0, 23524.5)	(23.0, 31239.5)	(24.0, 40377.0)	(25.0, 51795.0)	(26.0, 64645.5)	(27.0, 79569.5)	(28.0, 97007.5)	(29.0, 116307.5)	(30.0, 137334.0)	(31.0, 159877.0)	(32.0, 186531.5)	(33.0, 215142.5)	(34.0, 246395.5)	(35.0, 282514.5)	(36.0, 323141.0)	(37.0, 366371.0)	(38.0, 409243.5)	(39.0, 451567.0)	(40.0, 502008.0)	(41.0, 556678.5)	(42.0, 607755.5)	(43.0, 663575.5)	(44.0, 743594.0)	(45.0, 855205.5)	(46.0, 980336.0)	(47.0, 1123742.5)	(48.0, 1291550.5)	(49.0, 1445204.5)	(50.0, 1551340.0)	(51.0, 1627380.0)	(52.0, 1676316.0)	(53.0, 1677573.5)	(54.0, 1668386.5)	(55.0, 1707623.0)	(56.0, 1791637.5)	(57.0, 1977539.5)	(58.0, 2304990.0)	(59.0, 2722696.5)	(60.0, 2961722.5)	(61.0, 3056996.5)	(62.0, 2703362.5)	(63.0, 2264977.5)	(64.0, 1918266.0)	(65.0, 1371171.5)	(66.0, 1087726.5)	(67.0, 956759.0)	(68.0, 875258.5)	(69.0, 763159.0)	(70.0, 636968.5)	(71.0, 552501.0)	(72.0, 495693.5)	(73.0, 433755.0)	(74.0, 370911.0)	(75.0, 335707.0)	(76.0, 313030.0)	(77.0, 297793.0)	(78.0, 283776.0)	(79.0, 263311.5)	(80.0, 236400.0)	(81.0, 213578.0)	(82.0, 198302.0)	(83.0, 177162.0)	(84.0, 143952.0)	(85.0, 119507.5)	(86.0, 104303.0)	(87.0, 85377.5)	(88.0, 70250.5)	(89.0, 61849.0)	(90.0, 51882.5)	(91.0, 40436.0)	(92.0, 29518.5)	(93.0, 19378.5)	(94.0, 11644.0)	(95.0, 6463.5)	(96.0, 3557.5)	(97.0, 1848.0)	(98.0, 1015.0)	(99.0, 571.5)	(100.0, 210.0)
SRR29999117_2	(0.0, 9343.0)	(1.0, 5525.0)	(2.0, 1752.0)	(3.0, 1777.5)	(4.0, 1708.0)	(5.0, 1673.0)	(6.0, 1659.5)	(7.0, 1534.0)	(8.0, 1473.0)	(9.0, 1560.5)	(10.0, 1693.5)	(11.0, 1804.5)	(12.0, 1917.0)	(13.0, 2133.0)	(14.0, 2458.5)	(15.0, 2988.0)	(16.0, 3703.0)	(17.0, 4618.5)	(18.0, 5972.0)	(19.0, 7957.5)	(20.0, 10647.0)	(21.0, 14172.5)	(22.0, 18722.0)	(23.0, 24846.5)	(24.0, 32974.5)	(25.0, 42115.0)	(26.0, 52262.5)	(27.0, 64580.5)	(28.0, 79228.0)	(29.0, 95187.0)	(30.0, 113563.5)	(31.0, 135728.5)	(32.0, 163985.5)	(33.0, 199248.5)	(34.0, 233681.0)	(35.0, 270871.0)	(36.0, 330182.5)	(37.0, 375290.0)	(38.0, 393690.5)	(39.0, 425109.5)	(40.0, 469281.0)	(41.0, 522637.5)	(42.0, 578068.5)	(43.0, 635680.5)	(44.0, 712973.0)	(45.0, 821630.5)	(46.0, 960215.0)	(47.0, 1112369.5)	(48.0, 1276837.0)	(49.0, 1434842.5)	(50.0, 1541166.5)	(51.0, 1597812.5)	(52.0, 1624225.0)	(53.0, 1646758.5)	(54.0, 1690107.5)	(55.0, 1750403.0)	(56.0, 1828264.5)	(57.0, 1904371.0)	(58.0, 2022966.0)	(59.0, 2271274.5)	(60.0, 2486083.0)	(61.0, 2724677.0)	(62.0, 2797592.5)	(63.0, 2486622.0)	(64.0, 2363101.0)	(65.0, 2018172.5)	(66.0, 1362762.0)	(67.0, 1025672.5)	(68.0, 872713.5)	(69.0, 752019.5)	(70.0, 641489.0)	(71.0, 563549.5)	(72.0, 498244.5)	(73.0, 446429.0)	(74.0, 400466.0)	(75.0, 358851.5)	(76.0, 330775.5)	(77.0, 319439.0)	(78.0, 309611.5)	(79.0, 288158.5)	(80.0, 261989.0)	(81.0, 242168.5)	(82.0, 226736.0)	(83.0, 201113.5)	(84.0, 172109.0)	(85.0, 149376.5)	(86.0, 125136.5)	(87.0, 100528.0)	(88.0, 80866.0)	(89.0, 65370.5)	(90.0, 52248.5)	(91.0, 42412.0)	(92.0, 33274.0)	(93.0, 25768.0)	(94.0, 20680.0)	(95.0, 17063.5)	(96.0, 14108.0)	(97.0, 10696.5)	(98.0, 7599.0)	(99.0, 5682.5)	(100.0, 9393.0)
SRR29999118_1	(0.0, 49507.0)	(1.0, 25285.0)	(2.0, 1375.5)	(3.0, 1486.0)	(4.0, 1170.5)	(5.0, 975.5)	(6.0, 866.0)	(7.0, 818.0)	(8.0, 855.0)	(9.0, 911.5)	(10.0, 1016.5)	(11.0, 1266.5)	(12.0, 1561.5)	(13.0, 2092.0)	(14.0, 2829.0)	(15.0, 3892.0)	(16.0, 5538.5)	(17.0, 8028.5)	(18.0, 11659.5)	(19.0, 16881.5)	(20.0, 24592.5)	(21.0, 35761.0)	(22.0, 51545.0)	(23.0, 70792.0)	(24.0, 94143.0)	(25.0, 123621.5)	(26.0, 158594.0)	(27.0, 198264.0)	(28.0, 243319.0)	(29.0, 292499.0)	(30.0, 343390.0)	(31.0, 395462.5)	(32.0, 450455.5)	(33.0, 506707.0)	(34.0, 562698.5)	(35.0, 620766.0)	(36.0, 679820.0)	(37.0, 737232.0)	(38.0, 788869.5)	(39.0, 834935.0)	(40.0, 881882.5)	(41.0, 924226.0)	(42.0, 964308.5)	(43.0, 994299.5)	(44.0, 1024324.5)	(45.0, 1077672.0)	(46.0, 1127136.5)	(47.0, 1170964.5)	(48.0, 1229547.5)	(49.0, 1284217.5)	(50.0, 1317558.5)	(51.0, 1358335.0)	(52.0, 1392837.0)	(53.0, 1361226.0)	(54.0, 1328753.5)	(55.0, 1346655.5)	(56.0, 1363954.5)	(57.0, 1431677.5)	(58.0, 1543038.0)	(59.0, 1713363.5)	(60.0, 1826780.0)	(61.0, 1852628.5)	(62.0, 1687014.5)	(63.0, 1455545.5)	(64.0, 1245782.5)	(65.0, 952489.0)	(66.0, 783009.5)	(67.0, 690613.0)	(68.0, 623632.5)	(69.0, 520865.5)	(70.0, 402374.5)	(71.0, 323049.0)	(72.0, 275827.0)	(73.0, 228699.0)	(74.0, 180025.0)	(75.0, 154278.0)	(76.0, 134550.0)	(77.0, 118517.5)	(78.0, 106194.5)	(79.0, 94171.0)	(80.0, 80616.0)	(81.0, 68219.0)	(82.0, 59078.5)	(83.0, 50791.5)	(84.0, 40643.5)	(85.0, 32105.0)	(86.0, 25777.5)	(87.0, 20019.0)	(88.0, 15816.0)	(89.0, 13266.5)	(90.0, 10424.0)	(91.0, 7634.0)	(92.0, 5330.0)	(93.0, 3447.5)	(94.0, 2144.0)	(95.0, 1203.5)	(96.0, 688.5)	(97.0, 385.0)	(98.0, 225.0)	(99.0, 124.0)	(100.0, 50.0)
SRR29999118_2	(0.0, 4838.0)	(1.0, 2810.5)	(2.0, 906.0)	(3.0, 1150.0)	(4.0, 1466.5)	(5.0, 1792.0)	(6.0, 2040.0)	(7.0, 2194.5)	(8.0, 2296.0)	(9.0, 2503.5)	(10.0, 2791.5)	(11.0, 3145.5)	(12.0, 3502.5)	(13.0, 3925.0)	(14.0, 4637.5)	(15.0, 5639.0)	(16.0, 6937.5)	(17.0, 8860.0)	(18.0, 11774.0)	(19.0, 16014.0)	(20.0, 22019.5)	(21.0, 30458.0)	(22.0, 42122.5)	(23.0, 57847.5)	(24.0, 77834.5)	(25.0, 101996.0)	(26.0, 130959.0)	(27.0, 165592.5)	(28.0, 204995.0)	(29.0, 247583.0)	(30.0, 293327.5)	(31.0, 346016.5)	(32.0, 406597.0)	(33.0, 471304.0)	(34.0, 533805.0)	(35.0, 596583.5)	(36.0, 668853.5)	(37.0, 727853.0)	(38.0, 769666.0)	(39.0, 814016.5)	(40.0, 858888.5)	(41.0, 903946.5)	(42.0, 944712.0)	(43.0, 976947.5)	(44.0, 1012872.0)	(45.0, 1063036.5)	(46.0, 1119755.0)	(47.0, 1177633.5)	(48.0, 1238614.5)	(49.0, 1294820.5)	(50.0, 1332578.5)	(51.0, 1346101.5)	(52.0, 1345817.5)	(53.0, 1344432.0)	(54.0, 1344793.5)	(55.0, 1355730.0)	(56.0, 1377522.5)	(57.0, 1392027.5)	(58.0, 1426485.5)	(59.0, 1513214.5)	(60.0, 1578143.5)	(61.0, 1716107.5)	(62.0, 1797208.5)	(63.0, 1605580.0)	(64.0, 1466178.0)	(65.0, 1286940.0)	(66.0, 965854.5)	(67.0, 750830.0)	(68.0, 626667.5)	(69.0, 512733.5)	(70.0, 407289.0)	(71.0, 337382.5)	(72.0, 283645.0)	(73.0, 243466.5)	(74.0, 207442.0)	(75.0, 176772.0)	(76.0, 153890.0)	(77.0, 138425.0)	(78.0, 127260.5)	(79.0, 114544.0)	(80.0, 99472.0)	(81.0, 86503.0)	(82.0, 75948.5)	(83.0, 65030.0)	(84.0, 54485.5)	(85.0, 45097.5)	(86.0, 35844.0)	(87.0, 27497.0)	(88.0, 21082.5)	(89.0, 16425.0)	(90.0, 12897.5)	(91.0, 10347.0)	(92.0, 7936.0)	(93.0, 6190.0)	(94.0, 5019.0)	(95.0, 4053.0)	(96.0, 3368.5)	(97.0, 2761.0)	(98.0, 2148.5)	(99.0, 1929.0)	(100.0, 6328.0)
SRR29999119_1	(0.0, 61158.0)	(1.0, 31181.0)	(2.0, 1491.5)	(3.0, 1503.5)	(4.0, 1083.5)	(5.0, 883.5)	(6.0, 771.5)	(7.0, 689.0)	(8.0, 636.5)	(9.0, 690.5)	(10.0, 789.0)	(11.0, 938.5)	(12.0, 1184.5)	(13.0, 1583.0)	(14.0, 2240.0)	(15.0, 3212.5)	(16.0, 4720.5)	(17.0, 7005.0)	(18.0, 10560.0)	(19.0, 16005.5)	(20.0, 24000.0)	(21.0, 35067.0)	(22.0, 51079.5)	(23.0, 71139.0)	(24.0, 95313.5)	(25.0, 125595.5)	(26.0, 161557.5)	(27.0, 203088.0)	(28.0, 249100.5)	(29.0, 299150.5)	(30.0, 350833.5)	(31.0, 404617.5)	(32.0, 460960.5)	(33.0, 516639.0)	(34.0, 572854.5)	(35.0, 632252.5)	(36.0, 690754.5)	(37.0, 745654.0)	(38.0, 798874.5)	(39.0, 846913.5)	(40.0, 891574.0)	(41.0, 934102.5)	(42.0, 969695.0)	(43.0, 996198.5)	(44.0, 1029165.5)	(45.0, 1075616.5)	(46.0, 1116099.5)	(47.0, 1156228.0)	(48.0, 1209243.5)	(49.0, 1258355.0)	(50.0, 1290045.5)	(51.0, 1334986.0)	(52.0, 1373191.5)	(53.0, 1333904.5)	(54.0, 1293052.5)	(55.0, 1298274.5)	(56.0, 1307563.5)	(57.0, 1378543.5)	(58.0, 1503328.0)	(59.0, 1738890.5)	(60.0, 1896682.5)	(61.0, 1899458.0)	(62.0, 1676319.0)	(63.0, 1413591.5)	(64.0, 1224490.5)	(65.0, 932255.0)	(66.0, 749002.5)	(67.0, 647056.5)	(68.0, 578440.0)	(69.0, 489657.5)	(70.0, 388404.0)	(71.0, 320198.5)	(72.0, 277316.0)	(73.0, 231338.5)	(74.0, 183803.5)	(75.0, 157222.0)	(76.0, 137138.0)	(77.0, 121033.0)	(78.0, 108321.5)	(79.0, 97052.0)	(80.0, 84244.0)	(81.0, 71740.5)	(82.0, 63262.5)	(83.0, 54235.5)	(84.0, 42697.5)	(85.0, 34222.0)	(86.0, 27649.0)	(87.0, 21207.5)	(88.0, 16480.5)	(89.0, 13124.5)	(90.0, 9804.0)	(91.0, 7232.0)	(92.0, 5171.0)	(93.0, 3288.0)	(94.0, 1905.0)	(95.0, 1024.0)	(96.0, 581.5)	(97.0, 334.0)	(98.0, 217.0)	(99.0, 131.5)	(100.0, 48.0)
SRR29999119_2	(0.0, 5029.0)	(1.0, 2910.5)	(2.0, 884.5)	(3.0, 1083.5)	(4.0, 1260.0)	(5.0, 1421.0)	(6.0, 1594.0)	(7.0, 1708.0)	(8.0, 1836.5)	(9.0, 1994.5)	(10.0, 2154.0)	(11.0, 2344.5)	(12.0, 2608.0)	(13.0, 3017.5)	(14.0, 3636.5)	(15.0, 4418.5)	(16.0, 5657.5)	(17.0, 7692.5)	(18.0, 10544.0)	(19.0, 14799.0)	(20.0, 20846.0)	(21.0, 29423.5)	(22.0, 41502.5)	(23.0, 57764.5)	(24.0, 78150.5)	(25.0, 102648.5)	(26.0, 132321.0)	(27.0, 167720.0)	(28.0, 207711.5)	(29.0, 250733.5)	(30.0, 297290.0)	(31.0, 351831.5)	(32.0, 412884.5)	(33.0, 475681.5)	(34.0, 537289.0)	(35.0, 600698.5)	(36.0, 672249.0)	(37.0, 731446.5)	(38.0, 777876.0)	(39.0, 826580.5)	(40.0, 871487.5)	(41.0, 917280.5)	(42.0, 957603.0)	(43.0, 988745.0)	(44.0, 1021923.0)	(45.0, 1067601.5)	(46.0, 1119310.0)	(47.0, 1170191.5)	(48.0, 1225737.0)	(49.0, 1274966.5)	(50.0, 1306393.5)	(51.0, 1316521.5)	(52.0, 1312128.5)	(53.0, 1306718.0)	(54.0, 1303757.5)	(55.0, 1309201.0)	(56.0, 1319967.0)	(57.0, 1326513.0)	(58.0, 1364860.5)	(59.0, 1465824.5)	(60.0, 1539081.5)	(61.0, 1724215.5)	(62.0, 1867066.0)	(63.0, 1638723.0)	(64.0, 1460310.0)	(65.0, 1291560.5)	(66.0, 957333.5)	(67.0, 723950.0)	(68.0, 602294.0)	(69.0, 499515.0)	(70.0, 399980.5)	(71.0, 337278.0)	(72.0, 287222.5)	(73.0, 246305.0)	(74.0, 210563.0)	(75.0, 180138.0)	(76.0, 156917.5)	(77.0, 142178.5)	(78.0, 131495.5)	(79.0, 118107.5)	(80.0, 103440.0)	(81.0, 90338.5)	(82.0, 79810.0)	(83.0, 69030.0)	(84.0, 58096.5)	(85.0, 48259.0)	(86.0, 38502.5)	(87.0, 29308.0)	(88.0, 21920.0)	(89.0, 16677.5)	(90.0, 12714.0)	(91.0, 10103.0)	(92.0, 7608.5)	(93.0, 5678.0)	(94.0, 4499.0)	(95.0, 3726.0)	(96.0, 3208.5)	(97.0, 2586.0)	(98.0, 2031.0)	(99.0, 1963.0)	(100.0, 6871.0)
SRR29999120_1	(0.0, 42783.0)	(1.0, 21599.0)	(2.0, 621.0)	(3.0, 746.5)	(4.0, 625.5)	(5.0, 570.5)	(6.0, 541.5)	(7.0, 494.5)	(8.0, 496.5)	(9.0, 597.0)	(10.0, 695.5)	(11.0, 809.5)	(12.0, 1071.0)	(13.0, 1442.0)	(14.0, 1963.5)	(15.0, 2818.0)	(16.0, 4245.5)	(17.0, 6506.0)	(18.0, 9892.5)	(19.0, 14860.5)	(20.0, 22336.5)	(21.0, 32924.0)	(22.0, 48049.5)	(23.0, 67308.0)	(24.0, 91143.0)	(25.0, 120563.5)	(26.0, 154184.5)	(27.0, 192208.5)	(28.0, 234879.0)	(29.0, 279686.5)	(30.0, 326793.5)	(31.0, 374507.0)	(32.0, 422380.0)	(33.0, 470650.5)	(34.0, 520484.0)	(35.0, 572339.5)	(36.0, 624051.5)	(37.0, 673614.0)	(38.0, 720490.0)	(39.0, 765499.0)	(40.0, 812433.0)	(41.0, 855702.0)	(42.0, 882695.5)	(43.0, 904425.5)	(44.0, 937312.0)	(45.0, 987277.5)	(46.0, 1032980.5)	(47.0, 1065636.5)	(48.0, 1102450.5)	(49.0, 1136821.0)	(50.0, 1167763.5)	(51.0, 1230521.0)	(52.0, 1286204.5)	(53.0, 1233494.0)	(54.0, 1168360.5)	(55.0, 1171509.5)	(56.0, 1191108.0)	(57.0, 1243827.5)	(58.0, 1329526.5)	(59.0, 1548573.0)	(60.0, 1733619.0)	(61.0, 1787340.0)	(62.0, 1611198.5)	(63.0, 1371989.0)	(64.0, 1167734.0)	(65.0, 876896.5)	(66.0, 703442.0)	(67.0, 597837.0)	(68.0, 526579.0)	(69.0, 438297.0)	(70.0, 345436.5)	(71.0, 287207.0)	(72.0, 245676.0)	(73.0, 199709.0)	(74.0, 158968.5)	(75.0, 137040.5)	(76.0, 119643.0)	(77.0, 104670.0)	(78.0, 93459.5)	(79.0, 82416.0)	(80.0, 69848.0)	(81.0, 58563.5)	(82.0, 51095.5)	(83.0, 43629.0)	(84.0, 34237.5)	(85.0, 27013.0)	(86.0, 21915.5)	(87.0, 17219.0)	(88.0, 13155.0)	(89.0, 10643.5)	(90.0, 8659.0)	(91.0, 6655.0)	(92.0, 4605.0)	(93.0, 3070.0)	(94.0, 1997.0)	(95.0, 1088.5)	(96.0, 589.5)	(97.0, 335.0)	(98.0, 213.0)	(99.0, 117.5)	(100.0, 35.0)
SRR29999120_2	(0.0, 3862.0)	(1.0, 2092.5)	(2.0, 390.0)	(3.0, 532.0)	(4.0, 697.5)	(5.0, 894.0)	(6.0, 1089.0)	(7.0, 1261.0)	(8.0, 1389.0)	(9.0, 1473.0)	(10.0, 1623.0)	(11.0, 1851.5)	(12.0, 2088.0)	(13.0, 2400.0)	(14.0, 2796.0)	(15.0, 3532.5)	(16.0, 4705.0)	(17.0, 6365.5)	(18.0, 8937.0)	(19.0, 12869.0)	(20.0, 18772.0)	(21.0, 26852.5)	(22.0, 37620.0)	(23.0, 52654.5)	(24.0, 72083.5)	(25.0, 94419.5)	(26.0, 121456.5)	(27.0, 153687.5)	(28.0, 189256.5)	(29.0, 228072.0)	(30.0, 269872.5)	(31.0, 316940.0)	(32.0, 368413.0)	(33.0, 422083.0)	(34.0, 475988.0)	(35.0, 530345.5)	(36.0, 592052.0)	(37.0, 645082.5)	(38.0, 685635.0)	(39.0, 730308.5)	(40.0, 775544.5)	(41.0, 819236.0)	(42.0, 855400.0)	(43.0, 886060.0)	(44.0, 920572.5)	(45.0, 971921.0)	(46.0, 1028336.0)	(47.0, 1071316.0)	(48.0, 1113647.0)	(49.0, 1157505.0)	(50.0, 1190992.5)	(51.0, 1211153.0)	(52.0, 1211049.5)	(53.0, 1191745.0)	(54.0, 1185143.0)	(55.0, 1188838.0)	(56.0, 1195640.5)	(57.0, 1207224.5)	(58.0, 1242075.5)	(59.0, 1340674.5)	(60.0, 1423724.5)	(61.0, 1610503.0)	(62.0, 1758396.0)	(63.0, 1565687.0)	(64.0, 1411902.5)	(65.0, 1241405.0)	(66.0, 911170.5)	(67.0, 691731.5)	(68.0, 576045.5)	(69.0, 467694.5)	(70.0, 366059.0)	(71.0, 306418.0)	(72.0, 261348.5)	(73.0, 223992.5)	(74.0, 190184.5)	(75.0, 161953.5)	(76.0, 141199.5)	(77.0, 128196.5)	(78.0, 117672.5)	(79.0, 103905.0)	(80.0, 89637.5)	(81.0, 77844.0)	(82.0, 68649.5)	(83.0, 59370.0)	(84.0, 49086.5)	(85.0, 40077.0)	(86.0, 31961.5)	(87.0, 24852.5)	(88.0, 19165.0)	(89.0, 15027.5)	(90.0, 12248.5)	(91.0, 10357.5)	(92.0, 8401.0)	(93.0, 6757.5)	(94.0, 5619.5)	(95.0, 4900.5)	(96.0, 4320.0)	(97.0, 3546.0)	(98.0, 2885.0)	(99.0, 2535.5)	(100.0, 6104.5)
SRR29999121_1	(0.0, 43796.0)	(1.0, 22269.5)	(2.0, 1055.5)	(3.0, 1162.5)	(4.0, 907.0)	(5.0, 816.0)	(6.0, 741.5)	(7.0, 678.5)	(8.0, 655.5)	(9.0, 693.5)	(10.0, 808.5)	(11.0, 966.0)	(12.0, 1188.0)	(13.0, 1557.5)	(14.0, 2155.0)	(15.0, 3118.5)	(16.0, 4636.0)	(17.0, 6828.0)	(18.0, 10269.0)	(19.0, 15391.5)	(20.0, 22900.0)	(21.0, 33842.0)	(22.0, 49251.0)	(23.0, 68710.5)	(24.0, 92464.5)	(25.0, 121600.0)	(26.0, 154853.0)	(27.0, 191966.5)	(28.0, 234272.5)	(29.0, 278818.0)	(30.0, 325184.5)	(31.0, 373547.5)	(32.0, 422095.5)	(33.0, 472724.5)	(34.0, 525583.0)	(35.0, 578910.0)	(36.0, 632803.0)	(37.0, 685254.5)	(38.0, 735202.5)	(39.0, 782086.5)	(40.0, 829439.0)	(41.0, 874775.5)	(42.0, 909764.0)	(43.0, 938275.5)	(44.0, 973134.5)	(45.0, 1025982.0)	(46.0, 1074485.5)	(47.0, 1112162.0)	(48.0, 1158719.0)	(49.0, 1200883.0)	(50.0, 1232571.0)	(51.0, 1284567.5)	(52.0, 1332704.5)	(53.0, 1297518.5)	(54.0, 1249428.5)	(55.0, 1257978.5)	(56.0, 1283628.0)	(57.0, 1353467.0)	(58.0, 1490187.5)	(59.0, 1771915.0)	(60.0, 1961224.5)	(61.0, 1995044.5)	(62.0, 1776677.5)	(63.0, 1513231.0)	(64.0, 1311565.0)	(65.0, 975615.0)	(66.0, 773071.5)	(67.0, 665773.5)	(68.0, 595005.5)	(69.0, 500810.0)	(70.0, 393249.0)	(71.0, 323545.0)	(72.0, 278652.5)	(73.0, 229541.0)	(74.0, 184754.5)	(75.0, 160454.0)	(76.0, 141453.5)	(77.0, 124438.5)	(78.0, 110525.5)	(79.0, 97809.0)	(80.0, 83649.0)	(81.0, 69988.5)	(82.0, 60273.0)	(83.0, 51177.5)	(84.0, 40252.0)	(85.0, 31525.0)	(86.0, 25649.5)	(87.0, 19997.5)	(88.0, 15307.0)	(89.0, 12392.5)	(90.0, 9469.5)	(91.0, 6774.5)	(92.0, 4604.5)	(93.0, 3018.0)	(94.0, 1912.5)	(95.0, 1071.5)	(96.0, 635.5)	(97.0, 388.5)	(98.0, 241.5)	(99.0, 140.0)	(100.0, 55.0)
SRR29999121_2	(0.0, 4430.0)	(1.0, 2506.5)	(2.0, 626.0)	(3.0, 700.5)	(4.0, 812.5)	(5.0, 1025.5)	(6.0, 1205.0)	(7.0, 1276.5)	(8.0, 1383.5)	(9.0, 1484.5)	(10.0, 1625.5)	(11.0, 1833.0)	(12.0, 2081.5)	(13.0, 2435.0)	(14.0, 2914.0)	(15.0, 3733.0)	(16.0, 4929.5)	(17.0, 6645.0)	(18.0, 9442.0)	(19.0, 13831.5)	(20.0, 19832.5)	(21.0, 28056.0)	(22.0, 39580.5)	(23.0, 55604.0)	(24.0, 75765.5)	(25.0, 98953.0)	(26.0, 126398.0)	(27.0, 159276.5)	(28.0, 195971.0)	(29.0, 234374.5)	(30.0, 274718.5)	(31.0, 322224.0)	(32.0, 375686.5)	(33.0, 431444.5)	(34.0, 487428.5)	(35.0, 544355.5)	(36.0, 610382.5)	(37.0, 663277.5)	(38.0, 702939.0)	(39.0, 750350.5)	(40.0, 797627.0)	(41.0, 844058.0)	(42.0, 883541.5)	(43.0, 917296.5)	(44.0, 954161.0)	(45.0, 1004833.0)	(46.0, 1063544.0)	(47.0, 1115192.5)	(48.0, 1167938.5)	(49.0, 1218644.5)	(50.0, 1254420.0)	(51.0, 1272645.5)	(52.0, 1271148.0)	(53.0, 1261424.5)	(54.0, 1262704.5)	(55.0, 1269369.5)	(56.0, 1281755.5)	(57.0, 1298322.0)	(58.0, 1348191.5)	(59.0, 1483201.0)	(60.0, 1599738.5)	(61.0, 1822063.5)	(62.0, 1988019.0)	(63.0, 1748635.0)	(64.0, 1558051.0)	(65.0, 1353822.0)	(66.0, 980184.0)	(67.0, 751391.0)	(68.0, 635714.5)	(69.0, 521761.5)	(70.0, 410043.0)	(71.0, 345357.5)	(72.0, 295743.5)	(73.0, 253679.5)	(74.0, 217144.5)	(75.0, 186925.5)	(76.0, 163281.0)	(77.0, 148730.5)	(78.0, 136897.0)	(79.0, 120563.0)	(80.0, 103368.5)	(81.0, 89282.5)	(82.0, 78593.5)	(83.0, 67666.5)	(84.0, 55973.0)	(85.0, 45639.0)	(86.0, 36336.0)	(87.0, 28375.5)	(88.0, 21812.5)	(89.0, 16934.0)	(90.0, 13548.5)	(91.0, 11302.0)	(92.0, 8898.0)	(93.0, 7107.0)	(94.0, 5982.5)	(95.0, 5044.0)	(96.0, 4303.5)	(97.0, 3466.0)	(98.0, 2661.0)	(99.0, 2257.0)	(100.0, 5689.0)
SRR29999122_1	(0.0, 91987.0)	(1.0, 46460.0)	(2.0, 1370.0)	(3.0, 1460.5)	(4.0, 995.0)	(5.0, 829.0)	(6.0, 702.5)	(7.0, 603.5)	(8.0, 575.5)	(9.0, 608.5)	(10.0, 729.0)	(11.0, 867.5)	(12.0, 1069.0)	(13.0, 1444.0)	(14.0, 1929.5)	(15.0, 2642.0)	(16.0, 3979.0)	(17.0, 6018.0)	(18.0, 9017.0)	(19.0, 13399.5)	(20.0, 20013.0)	(21.0, 29477.0)	(22.0, 43323.5)	(23.0, 60620.0)	(24.0, 81457.0)	(25.0, 108017.0)	(26.0, 138686.5)	(27.0, 173047.0)	(28.0, 213290.5)	(29.0, 256124.0)	(30.0, 300850.5)	(31.0, 347652.0)	(32.0, 396823.5)	(33.0, 448912.5)	(34.0, 503851.0)	(35.0, 563285.0)	(36.0, 623911.0)	(37.0, 681646.0)	(38.0, 738144.5)	(39.0, 792450.0)	(40.0, 847647.5)	(41.0, 904765.5)	(42.0, 954449.5)	(43.0, 991861.0)	(44.0, 1032778.0)	(45.0, 1095120.0)	(46.0, 1150052.5)	(47.0, 1192912.0)	(48.0, 1247736.5)	(49.0, 1298348.5)	(50.0, 1335119.5)	(51.0, 1394808.0)	(52.0, 1451765.5)	(53.0, 1413718.0)	(54.0, 1368088.0)	(55.0, 1385507.0)	(56.0, 1415620.0)	(57.0, 1483300.0)	(58.0, 1600659.0)	(59.0, 1903672.5)	(60.0, 2187962.5)	(61.0, 2310331.0)	(62.0, 2092372.5)	(63.0, 1773356.0)	(64.0, 1488610.5)	(65.0, 1090813.0)	(66.0, 877157.0)	(67.0, 754757.0)	(68.0, 671714.0)	(69.0, 564583.5)	(70.0, 447169.0)	(71.0, 375053.5)	(72.0, 320820.5)	(73.0, 262563.0)	(74.0, 211575.0)	(75.0, 182846.5)	(76.0, 162283.0)	(77.0, 145813.5)	(78.0, 134934.5)	(79.0, 123611.5)	(80.0, 108142.5)	(81.0, 91245.0)	(82.0, 79579.0)	(83.0, 68156.0)	(84.0, 53777.5)	(85.0, 44297.5)	(86.0, 37627.0)	(87.0, 29809.0)	(88.0, 23175.5)	(89.0, 20230.0)	(90.0, 17532.0)	(91.0, 14283.0)	(92.0, 10346.5)	(93.0, 6932.5)	(94.0, 4588.0)	(95.0, 2594.0)	(96.0, 1342.0)	(97.0, 730.0)	(98.0, 433.0)	(99.0, 247.0)	(100.0, 74.5)
SRR29999122_2	(0.0, 6679.0)	(1.0, 3677.0)	(2.0, 743.5)	(3.0, 867.0)	(4.0, 1049.5)	(5.0, 1297.0)	(6.0, 1522.5)	(7.0, 1713.5)	(8.0, 1790.5)	(9.0, 1890.0)	(10.0, 2059.0)	(11.0, 2209.0)	(12.0, 2491.0)	(13.0, 2799.0)	(14.0, 3239.5)	(15.0, 3984.0)	(16.0, 5031.0)	(17.0, 6600.5)	(18.0, 9054.0)	(19.0, 12851.5)	(20.0, 18195.5)	(21.0, 25534.5)	(22.0, 35901.5)	(23.0, 49894.5)	(24.0, 68307.5)	(25.0, 90279.0)	(26.0, 115693.0)	(27.0, 146819.0)	(28.0, 181664.5)	(29.0, 217549.5)	(30.0, 257176.5)	(31.0, 304901.5)	(32.0, 358386.5)	(33.0, 416161.0)	(34.0, 475904.0)	(35.0, 537867.5)	(36.0, 612278.0)	(37.0, 673562.0)	(38.0, 717609.5)	(39.0, 770140.0)	(40.0, 825159.0)	(41.0, 880467.0)	(42.0, 927505.0)	(43.0, 965287.0)	(44.0, 1005794.0)	(45.0, 1060100.5)	(46.0, 1120820.5)	(47.0, 1177701.5)	(48.0, 1238520.5)	(49.0, 1295403.0)	(50.0, 1336402.0)	(51.0, 1357446.0)	(52.0, 1363302.5)	(53.0, 1366474.0)	(54.0, 1376669.5)	(55.0, 1387724.5)	(56.0, 1405906.5)	(57.0, 1428182.5)	(58.0, 1492669.0)	(59.0, 1663800.0)	(60.0, 1811890.5)	(61.0, 2057848.5)	(62.0, 2218493.0)	(63.0, 1958456.0)	(64.0, 1773959.5)	(65.0, 1545081.5)	(66.0, 1112970.5)	(67.0, 846702.0)	(68.0, 712187.5)	(69.0, 588305.0)	(70.0, 471015.5)	(71.0, 398417.5)	(72.0, 342347.5)	(73.0, 293967.0)	(74.0, 249870.5)	(75.0, 214498.5)	(76.0, 188798.0)	(77.0, 174349.0)	(78.0, 164821.5)	(79.0, 150238.5)	(80.0, 133948.5)	(81.0, 117730.0)	(82.0, 103655.5)	(83.0, 89297.0)	(84.0, 74817.0)	(85.0, 63458.0)	(86.0, 51854.0)	(87.0, 40571.0)	(88.0, 31298.5)	(89.0, 25071.5)	(90.0, 20304.5)	(91.0, 16747.0)	(92.0, 12722.0)	(93.0, 9329.0)	(94.0, 7316.5)	(95.0, 5789.5)	(96.0, 4715.0)	(97.0, 3810.0)	(98.0, 2878.5)	(99.0, 2452.0)	(100.0, 7919.5)
SRR29999123_1	(0.0, 41656.0)	(1.0, 21054.0)	(2.0, 678.5)	(3.0, 776.0)	(4.0, 640.5)	(5.0, 610.0)	(6.0, 550.5)	(7.0, 508.0)	(8.0, 533.5)	(9.0, 632.5)	(10.0, 755.5)	(11.0, 921.0)	(12.0, 1229.5)	(13.0, 1669.0)	(14.0, 2354.0)	(15.0, 3461.0)	(16.0, 5257.0)	(17.0, 8167.0)	(18.0, 12770.5)	(19.0, 19661.5)	(20.0, 29481.5)	(21.0, 43799.5)	(22.0, 64585.0)	(23.0, 90797.5)	(24.0, 122894.5)	(25.0, 161982.5)	(26.0, 205902.0)	(27.0, 255312.0)	(28.0, 310277.5)	(29.0, 367430.5)	(30.0, 424759.5)	(31.0, 482371.5)	(32.0, 540616.0)	(33.0, 599469.0)	(34.0, 656837.5)	(35.0, 714914.0)	(36.0, 766570.0)	(37.0, 810517.5)	(38.0, 853359.0)	(39.0, 891236.0)	(40.0, 925637.5)	(41.0, 955350.5)	(42.0, 978978.0)	(43.0, 993664.0)	(44.0, 1011222.0)	(45.0, 1041561.5)	(46.0, 1064344.0)	(47.0, 1082790.0)	(48.0, 1108105.0)	(49.0, 1132431.5)	(50.0, 1149703.5)	(51.0, 1180221.5)	(52.0, 1208805.5)	(53.0, 1167343.5)	(54.0, 1124500.0)	(55.0, 1126594.0)	(56.0, 1124472.5)	(57.0, 1181649.5)	(58.0, 1265769.0)	(59.0, 1568357.0)	(60.0, 1845790.0)	(61.0, 1834618.0)	(62.0, 1585498.5)	(63.0, 1275359.5)	(64.0, 1063167.0)	(65.0, 811136.0)	(66.0, 657079.5)	(67.0, 567871.0)	(68.0, 486180.0)	(69.0, 404421.5)	(70.0, 330648.5)	(71.0, 277686.5)	(72.0, 245972.5)	(73.0, 209145.5)	(74.0, 162739.5)	(75.0, 138573.5)	(76.0, 118284.5)	(77.0, 100464.5)	(78.0, 87038.5)	(79.0, 74644.5)	(80.0, 61455.0)	(81.0, 49523.0)	(82.0, 40943.5)	(83.0, 32965.0)	(84.0, 25884.0)	(85.0, 19913.5)	(86.0, 14909.0)	(87.0, 10684.0)	(88.0, 7353.5)	(89.0, 5130.5)	(90.0, 3349.5)	(91.0, 2193.0)	(92.0, 1407.5)	(93.0, 901.0)	(94.0, 588.0)	(95.0, 351.0)	(96.0, 197.0)	(97.0, 125.5)	(98.0, 110.5)	(99.0, 65.5)	(100.0, 16.0)
SRR29999123_2	(0.0, 4485.0)	(1.0, 2452.5)	(2.0, 502.5)	(3.0, 740.0)	(4.0, 1013.5)	(5.0, 1267.0)	(6.0, 1559.5)	(7.0, 1801.5)	(8.0, 1935.0)	(9.0, 2106.0)	(10.0, 2403.0)	(11.0, 2677.5)	(12.0, 3047.5)	(13.0, 3540.5)	(14.0, 4279.0)	(15.0, 5454.0)	(16.0, 7241.0)	(17.0, 9832.0)	(18.0, 13723.0)	(19.0, 20253.5)	(20.0, 29793.0)	(21.0, 42937.0)	(22.0, 60304.5)	(23.0, 83429.0)	(24.0, 114080.0)	(25.0, 149540.5)	(26.0, 190040.5)	(27.0, 237054.0)	(28.0, 287770.5)	(29.0, 337914.0)	(30.0, 389296.5)	(31.0, 450260.5)	(32.0, 513487.5)	(33.0, 574602.0)	(34.0, 636497.0)	(35.0, 696659.5)	(36.0, 755815.0)	(37.0, 800284.5)	(38.0, 837058.0)	(39.0, 874881.5)	(40.0, 910275.0)	(41.0, 947558.5)	(42.0, 974610.0)	(43.0, 987169.0)	(44.0, 1000853.5)	(45.0, 1028332.0)	(46.0, 1058926.0)	(47.0, 1087739.0)	(48.0, 1116621.5)	(49.0, 1140726.0)	(50.0, 1158406.0)	(51.0, 1158621.0)	(52.0, 1149324.5)	(53.0, 1145696.5)	(54.0, 1136165.5)	(55.0, 1119925.5)	(56.0, 1116506.0)	(57.0, 1166208.5)	(58.0, 1247545.0)	(59.0, 1331914.0)	(60.0, 1488988.0)	(61.0, 1681854.5)	(62.0, 1715727.5)	(63.0, 1460785.5)	(64.0, 1207213.0)	(65.0, 1018872.0)	(66.0, 785524.0)	(67.0, 631439.0)	(68.0, 539018.5)	(69.0, 446890.5)	(70.0, 356798.5)	(71.0, 299552.0)	(72.0, 257452.0)	(73.0, 221547.5)	(74.0, 183971.5)	(75.0, 154798.5)	(76.0, 133660.5)	(77.0, 118273.0)	(78.0, 107347.0)	(79.0, 94306.0)	(80.0, 78329.0)	(81.0, 64869.5)	(82.0, 55331.0)	(83.0, 47524.5)	(84.0, 38719.5)	(85.0, 29774.0)	(86.0, 22160.5)	(87.0, 16378.5)	(88.0, 11990.5)	(89.0, 8737.0)	(90.0, 6330.5)	(91.0, 4787.0)	(92.0, 3527.0)	(93.0, 2642.5)	(94.0, 2019.5)	(95.0, 1467.5)	(96.0, 1199.0)	(97.0, 1018.0)	(98.0, 927.5)	(99.0, 1039.5)	(100.0, 4861.5)
SRR29999124_1	(0.0, 616557.0)	(1.0, 308387.0)	(2.0, 299.5)	(3.0, 342.5)	(4.0, 288.5)	(5.0, 289.0)	(6.0, 275.0)	(7.0, 265.0)	(8.0, 312.0)	(9.0, 369.5)	(10.0, 444.5)	(11.0, 554.0)	(12.0, 762.5)	(13.0, 1071.0)	(14.0, 1542.5)	(15.0, 2299.5)	(16.0, 3601.5)	(17.0, 5720.0)	(18.0, 8972.5)	(19.0, 13885.5)	(20.0, 21181.5)	(21.0, 31981.5)	(22.0, 48655.0)	(23.0, 69405.5)	(24.0, 95030.0)	(25.0, 126884.0)	(26.0, 163486.0)	(27.0, 206430.5)	(28.0, 254830.0)	(29.0, 306482.0)	(30.0, 360668.5)	(31.0, 415927.5)	(32.0, 473323.0)	(33.0, 532999.5)	(34.0, 590541.5)	(35.0, 651835.0)	(36.0, 709844.0)	(37.0, 759178.5)	(38.0, 807128.5)	(39.0, 850444.0)	(40.0, 893404.5)	(41.0, 932801.0)	(42.0, 965541.0)	(43.0, 989555.0)	(44.0, 1015140.5)	(45.0, 1050672.5)	(46.0, 1073101.5)	(47.0, 1091587.5)	(48.0, 1118505.0)	(49.0, 1143948.5)	(50.0, 1165962.0)	(51.0, 1206995.0)	(52.0, 1245260.0)	(53.0, 1207828.0)	(54.0, 1164805.0)	(55.0, 1168619.0)	(56.0, 1173301.0)	(57.0, 1243739.5)	(58.0, 1340600.0)	(59.0, 1635057.5)	(60.0, 1936154.5)	(61.0, 1990328.5)	(62.0, 1794074.5)	(63.0, 1481117.5)	(64.0, 1207651.0)	(65.0, 909968.5)	(66.0, 736744.0)	(67.0, 637665.5)	(68.0, 556930.5)	(69.0, 467426.5)	(70.0, 378031.5)	(71.0, 317913.5)	(72.0, 281163.5)	(73.0, 242027.0)	(74.0, 195803.0)	(75.0, 171340.5)	(76.0, 150975.0)	(77.0, 130872.5)	(78.0, 116897.5)	(79.0, 103379.5)	(80.0, 87776.0)	(81.0, 72951.5)	(82.0, 61699.5)	(83.0, 51439.5)	(84.0, 41313.5)	(85.0, 32639.0)	(86.0, 25259.0)	(87.0, 18888.5)	(88.0, 13877.0)	(89.0, 10020.5)	(90.0, 6851.0)	(91.0, 4646.5)	(92.0, 3080.5)	(93.0, 1939.5)	(94.0, 1213.5)	(95.0, 716.0)	(96.0, 396.0)	(97.0, 225.0)	(98.0, 149.0)	(99.0, 83.0)	(100.0, 24.0)
SRR29999124_2	(0.0, 5249.0)	(1.0, 2719.5)	(2.0, 250.5)	(3.0, 424.0)	(4.0, 659.0)	(5.0, 921.5)	(6.0, 1228.0)	(7.0, 1431.5)	(8.0, 1548.5)	(9.0, 1692.0)	(10.0, 1887.5)	(11.0, 2052.0)	(12.0, 2263.5)	(13.0, 2642.5)	(14.0, 3154.0)	(15.0, 3890.0)	(16.0, 5155.5)	(17.0, 7032.5)	(18.0, 9732.5)	(19.0, 14393.0)	(20.0, 21347.5)	(21.0, 30824.0)	(22.0, 44028.0)	(23.0, 62427.0)	(24.0, 86229.0)	(25.0, 113717.5)	(26.0, 146142.5)	(27.0, 185779.0)	(28.0, 228789.0)	(29.0, 271262.0)	(30.0, 316957.5)	(31.0, 373092.0)	(32.0, 435396.0)	(33.0, 496735.0)	(34.0, 558086.0)	(35.0, 621838.5)	(36.0, 686446.0)	(37.0, 735620.5)	(38.0, 776686.0)	(39.0, 820960.0)	(40.0, 864163.5)	(41.0, 908911.0)	(42.0, 942759.0)	(43.0, 964285.5)	(44.0, 985535.0)	(45.0, 1018362.0)	(46.0, 1054747.0)	(47.0, 1085641.0)	(48.0, 1119509.0)	(49.0, 1151555.0)	(50.0, 1173506.5)	(51.0, 1179671.0)	(52.0, 1182106.0)	(53.0, 1184937.0)	(54.0, 1180111.5)	(55.0, 1173868.0)	(56.0, 1178379.5)	(57.0, 1235475.5)	(58.0, 1324150.0)	(59.0, 1431096.0)	(60.0, 1608283.0)	(61.0, 1783550.0)	(62.0, 1809164.0)	(63.0, 1605017.0)	(64.0, 1424550.5)	(65.0, 1240082.0)	(66.0, 942111.0)	(67.0, 734296.0)	(68.0, 620331.5)	(69.0, 518209.5)	(70.0, 417768.5)	(71.0, 354600.0)	(72.0, 309864.0)	(73.0, 271215.0)	(74.0, 232480.5)	(75.0, 202639.5)	(76.0, 180136.5)	(77.0, 165388.5)	(78.0, 156150.5)	(79.0, 142800.0)	(80.0, 125073.5)	(81.0, 109445.0)	(82.0, 97670.5)	(83.0, 88969.0)	(84.0, 79877.5)	(85.0, 69956.0)	(86.0, 60717.0)	(87.0, 53224.5)	(88.0, 47509.5)	(89.0, 43148.5)	(90.0, 39991.0)	(91.0, 37622.0)	(92.0, 34698.0)	(93.0, 31900.0)	(94.0, 28720.5)	(95.0, 25112.5)	(96.0, 21505.0)	(97.0, 17501.5)	(98.0, 13532.0)	(99.0, 9958.5)	(100.0, 18751.0)
SRR29999125_1	(0.0, 25210.0)	(1.0, 12675.0)	(2.0, 223.5)	(3.0, 311.5)	(4.0, 316.5)	(5.0, 296.5)	(6.0, 277.0)	(7.0, 299.5)	(8.0, 338.0)	(9.0, 412.0)	(10.0, 508.0)	(11.0, 598.5)	(12.0, 851.0)	(13.0, 1217.5)	(14.0, 1759.0)	(15.0, 2587.0)	(16.0, 3763.0)	(17.0, 5819.5)	(18.0, 9308.5)	(19.0, 14400.5)	(20.0, 21655.5)	(21.0, 32557.5)	(22.0, 49093.0)	(23.0, 69989.5)	(24.0, 95398.5)	(25.0, 126949.0)	(26.0, 163305.0)	(27.0, 204658.0)	(28.0, 252382.5)	(29.0, 302062.0)	(30.0, 352162.5)	(31.0, 401848.0)	(32.0, 451146.5)	(33.0, 502872.0)	(34.0, 553168.5)	(35.0, 602809.0)	(36.0, 656227.0)	(37.0, 708941.0)	(38.0, 737849.0)	(39.0, 761680.0)	(40.0, 789445.5)	(41.0, 808290.0)	(42.0, 867477.0)	(43.0, 880921.5)	(44.0, 851160.5)	(45.0, 866824.0)	(46.0, 879240.0)	(47.0, 886615.0)	(48.0, 899255.5)	(49.0, 911084.5)	(50.0, 916955.5)	(51.0, 941411.5)	(52.0, 973485.0)	(53.0, 962931.0)	(54.0, 971520.5)	(55.0, 1043538.0)	(56.0, 1054457.5)	(57.0, 1093479.5)	(58.0, 1217977.5)	(59.0, 1693661.0)	(60.0, 2127951.0)	(61.0, 2164254.0)	(62.0, 1842172.5)	(63.0, 1358737.5)	(64.0, 1071119.5)	(65.0, 789743.0)	(66.0, 659697.0)	(67.0, 643173.5)	(68.0, 575923.0)	(69.0, 459359.0)	(70.0, 340594.0)	(71.0, 249700.5)	(72.0, 204214.5)	(73.0, 161656.0)	(74.0, 115651.0)	(75.0, 98070.0)	(76.0, 84176.5)	(77.0, 71428.5)	(78.0, 62191.0)	(79.0, 54043.0)	(80.0, 44686.0)	(81.0, 36205.0)	(82.0, 30176.5)	(83.0, 24727.5)	(84.0, 19472.0)	(85.0, 15043.5)	(86.0, 11361.0)	(87.0, 8223.5)	(88.0, 5854.5)	(89.0, 4195.0)	(90.0, 2905.5)	(91.0, 1963.5)	(92.0, 1301.0)	(93.0, 780.5)	(94.0, 473.5)	(95.0, 308.0)	(96.0, 191.5)	(97.0, 122.0)	(98.0, 94.5)	(99.0, 57.0)	(100.0, 17.5)
SRR29999125_2	(0.0, 4701.0)	(1.0, 2450.0)	(2.0, 235.5)	(3.0, 342.0)	(4.0, 475.0)	(5.0, 642.5)	(6.0, 826.0)	(7.0, 958.0)	(8.0, 1039.5)	(9.0, 1150.0)	(10.0, 1327.0)	(11.0, 1555.5)	(12.0, 1864.0)	(13.0, 2223.0)	(14.0, 2713.5)	(15.0, 3544.0)	(16.0, 4870.0)	(17.0, 6773.5)	(18.0, 9647.0)	(19.0, 14534.0)	(20.0, 21765.0)	(21.0, 31621.5)	(22.0, 45437.0)	(23.0, 64555.0)	(24.0, 88945.5)	(25.0, 117391.0)	(26.0, 151253.5)	(27.0, 191119.0)	(28.0, 232985.0)	(29.0, 274204.0)	(30.0, 317534.5)	(31.0, 369700.5)	(32.0, 424527.5)	(33.0, 476872.5)	(34.0, 528598.5)	(35.0, 579519.5)	(36.0, 627701.0)	(37.0, 663901.0)	(38.0, 696339.0)	(39.0, 728494.0)	(40.0, 757678.5)	(41.0, 788140.0)	(42.0, 812731.0)	(43.0, 822348.0)	(44.0, 830991.5)	(45.0, 853050.5)	(46.0, 872000.0)	(47.0, 890786.5)	(48.0, 907543.0)	(49.0, 917330.5)	(50.0, 930929.5)	(51.0, 942485.0)	(52.0, 963901.5)	(53.0, 998673.5)	(54.0, 1002884.5)	(55.0, 1001448.0)	(56.0, 1049985.5)	(57.0, 1148508.5)	(58.0, 1305414.0)	(59.0, 1409454.5)	(60.0, 1633111.0)	(61.0, 1941513.5)	(62.0, 1938074.5)	(63.0, 1628056.5)	(64.0, 1388737.0)	(65.0, 1223940.5)	(66.0, 890894.0)	(67.0, 633465.5)	(68.0, 513823.5)	(69.0, 400658.5)	(70.0, 314835.5)	(71.0, 254603.5)	(72.0, 208571.5)	(73.0, 171790.0)	(74.0, 137420.0)	(75.0, 115651.0)	(76.0, 100122.0)	(77.0, 89047.5)	(78.0, 81218.5)	(79.0, 71862.0)	(80.0, 61342.0)	(81.0, 51134.5)	(82.0, 43519.0)	(83.0, 37545.0)	(84.0, 30577.5)	(85.0, 24385.5)	(86.0, 19095.0)	(87.0, 14494.0)	(88.0, 10613.5)	(89.0, 7850.5)	(90.0, 5988.0)	(91.0, 4863.5)	(92.0, 3820.0)	(93.0, 3043.5)	(94.0, 2464.0)	(95.0, 1903.5)	(96.0, 1577.5)	(97.0, 1378.0)	(98.0, 1228.5)	(99.0, 1167.5)	(100.0, 3795.5)
SRR29999126_1	(0.0, 32796.0)	(1.0, 16501.0)	(2.0, 358.0)	(3.0, 462.0)	(4.0, 367.5)	(5.0, 325.0)	(6.0, 329.0)	(7.0, 329.5)	(8.0, 320.5)	(9.0, 353.5)	(10.0, 424.5)	(11.0, 514.0)	(12.0, 663.5)	(13.0, 851.0)	(14.0, 1142.0)	(15.0, 1538.5)	(16.0, 2140.0)	(17.0, 3139.0)	(18.0, 4656.0)	(19.0, 6982.0)	(20.0, 10555.5)	(21.0, 15777.0)	(22.0, 23262.0)	(23.0, 32487.0)	(24.0, 44092.5)	(25.0, 58622.5)	(26.0, 75375.5)	(27.0, 95351.0)	(28.0, 118152.5)	(29.0, 141731.5)	(30.0, 166735.5)	(31.0, 191869.0)	(32.0, 217011.0)	(33.0, 245152.0)	(34.0, 275029.0)	(35.0, 306344.5)	(36.0, 369290.5)	(37.0, 469390.5)	(38.0, 470749.0)	(39.0, 448121.0)	(40.0, 469081.5)	(41.0, 490994.5)	(42.0, 724462.5)	(43.0, 750839.5)	(44.0, 572653.0)	(45.0, 578270.5)	(46.0, 605375.5)	(47.0, 633930.5)	(48.0, 653719.5)	(49.0, 673373.5)	(50.0, 675530.5)	(51.0, 697310.5)	(52.0, 756649.5)	(53.0, 876939.5)	(54.0, 1103754.0)	(55.0, 1414520.5)	(56.0, 1494577.5)	(57.0, 1514711.5)	(58.0, 1781573.0)	(59.0, 2409829.0)	(60.0, 2843619.0)	(61.0, 2925099.5)	(62.0, 2610775.5)	(63.0, 1901017.0)	(64.0, 1512321.5)	(65.0, 1188161.5)	(66.0, 1135902.0)	(67.0, 1391582.5)	(68.0, 1402488.5)	(69.0, 1111632.5)	(70.0, 726816.0)	(71.0, 431252.0)	(72.0, 289714.5)	(73.0, 193291.5)	(74.0, 114623.5)	(75.0, 98021.0)	(76.0, 84563.5)	(77.0, 72691.0)	(78.0, 64262.0)	(79.0, 55640.5)	(80.0, 46619.0)	(81.0, 39171.5)	(82.0, 33378.0)	(83.0, 27976.5)	(84.0, 22314.5)	(85.0, 17534.0)	(86.0, 13683.0)	(87.0, 9918.0)	(88.0, 6987.0)	(89.0, 5022.5)	(90.0, 3457.5)	(91.0, 2337.0)	(92.0, 1583.0)	(93.0, 1011.0)	(94.0, 628.5)	(95.0, 385.5)	(96.0, 232.0)	(97.0, 133.0)	(98.0, 68.5)	(99.0, 40.0)	(100.0, 18.0)
SRR29999126_2	(0.0, 3622.0)	(1.0, 1893.5)	(2.0, 194.0)	(3.0, 258.5)	(4.0, 366.5)	(5.0, 516.5)	(6.0, 616.5)	(7.0, 705.5)	(8.0, 812.5)	(9.0, 860.0)	(10.0, 941.5)	(11.0, 1151.5)	(12.0, 1341.5)	(13.0, 1476.0)	(14.0, 1721.0)	(15.0, 2111.0)	(16.0, 2666.5)	(17.0, 3493.0)	(18.0, 4781.5)	(19.0, 6809.5)	(20.0, 9767.5)	(21.0, 13948.5)	(22.0, 19656.5)	(23.0, 27431.0)	(24.0, 37749.0)	(25.0, 50025.5)	(26.0, 64641.0)	(27.0, 81751.0)	(28.0, 99870.5)	(29.0, 118947.5)	(30.0, 140224.5)	(31.0, 165519.0)	(32.0, 193581.5)	(33.0, 223187.5)	(34.0, 253370.0)	(35.0, 283470.5)	(36.0, 315971.0)	(37.0, 345599.0)	(38.0, 370909.5)	(39.0, 396447.5)	(40.0, 422347.0)	(41.0, 459184.5)	(42.0, 501833.5)	(43.0, 519261.0)	(44.0, 535475.0)	(45.0, 572878.0)	(46.0, 597124.5)	(47.0, 633635.0)	(48.0, 658940.0)	(49.0, 660891.0)	(50.0, 697766.0)	(51.0, 762168.0)	(52.0, 884153.0)	(53.0, 1088685.0)	(54.0, 1186186.0)	(55.0, 1264633.0)	(56.0, 1480353.5)	(57.0, 1648696.0)	(58.0, 1943913.5)	(59.0, 1981638.5)	(60.0, 2099355.5)	(61.0, 2478151.5)	(62.0, 2401424.5)	(63.0, 2340392.5)	(64.0, 2633372.0)	(65.0, 2633404.5)	(66.0, 1881831.5)	(67.0, 1210733.0)	(68.0, 869283.5)	(69.0, 594759.5)	(70.0, 465293.0)	(71.0, 333504.5)	(72.0, 231809.5)	(73.0, 176274.0)	(74.0, 134821.0)	(75.0, 116560.5)	(76.0, 102287.5)	(77.0, 92633.0)	(78.0, 86990.0)	(79.0, 78437.0)	(80.0, 68428.5)	(81.0, 58433.5)	(82.0, 51689.5)	(83.0, 44877.5)	(84.0, 35764.0)	(85.0, 29658.5)	(86.0, 24289.0)	(87.0, 18101.0)	(88.0, 12733.5)	(89.0, 8940.5)	(90.0, 6701.0)	(91.0, 5448.0)	(92.0, 4354.5)	(93.0, 3692.0)	(94.0, 2937.0)	(95.0, 2192.5)	(96.0, 1837.0)	(97.0, 1566.5)	(98.0, 1428.0)	(99.0, 1457.0)	(100.0, 4477.5)
SRR29999127_1	(0.0, 42698.0)	(1.0, 21895.0)	(2.0, 1563.5)	(3.0, 1777.5)	(4.0, 1337.5)	(5.0, 1083.0)	(6.0, 875.5)	(7.0, 702.0)	(8.0, 628.0)	(9.0, 601.5)	(10.0, 620.0)	(11.0, 623.5)	(12.0, 639.0)	(13.0, 726.5)	(14.0, 885.0)	(15.0, 1131.5)	(16.0, 1496.0)	(17.0, 2084.0)	(18.0, 3061.5)	(19.0, 4531.5)	(20.0, 6873.0)	(21.0, 10474.5)	(22.0, 15581.5)	(23.0, 22140.0)	(24.0, 30401.5)	(25.0, 41526.5)	(26.0, 54678.0)	(27.0, 69046.5)	(28.0, 86251.0)	(29.0, 105411.5)	(30.0, 126711.0)	(31.0, 147686.0)	(32.0, 169113.5)	(33.0, 195524.0)	(34.0, 225778.0)	(35.0, 261229.5)	(36.0, 317644.5)	(37.0, 403018.5)	(38.0, 427923.5)	(39.0, 428555.0)	(40.0, 469264.5)	(41.0, 510505.0)	(42.0, 666920.0)	(43.0, 706846.5)	(44.0, 622477.0)	(45.0, 661104.0)	(46.0, 714836.5)	(47.0, 750833.5)	(48.0, 777502.0)	(49.0, 796609.5)	(50.0, 812965.0)	(51.0, 879925.0)	(52.0, 975199.0)	(53.0, 1020870.0)	(54.0, 1136762.0)	(55.0, 1356977.0)	(56.0, 1408945.0)	(57.0, 1484924.0)	(58.0, 1837455.0)	(59.0, 2243367.5)	(60.0, 2417999.5)	(61.0, 2603927.5)	(62.0, 2548816.0)	(63.0, 2280979.0)	(64.0, 1933649.0)	(65.0, 1335186.0)	(66.0, 1080050.5)	(67.0, 1129452.0)	(68.0, 1102466.0)	(69.0, 874606.5)	(70.0, 599094.5)	(71.0, 398064.5)	(72.0, 290880.0)	(73.0, 215972.5)	(74.0, 148970.0)	(75.0, 127996.5)	(76.0, 111939.5)	(77.0, 96969.0)	(78.0, 86870.0)	(79.0, 75524.5)	(80.0, 62209.0)	(81.0, 52844.5)	(82.0, 47583.5)	(83.0, 44657.5)	(84.0, 37985.0)	(85.0, 30705.5)	(86.0, 28013.0)	(87.0, 23353.0)	(88.0, 18072.0)	(89.0, 15711.0)	(90.0, 12861.5)	(91.0, 9317.5)	(92.0, 5968.0)	(93.0, 3617.0)	(94.0, 2263.5)	(95.0, 1298.5)	(96.0, 792.5)	(97.0, 460.0)	(98.0, 234.0)	(99.0, 120.5)	(100.0, 53.5)
SRR29999127_2	(0.0, 3195.0)	(1.0, 1804.5)	(2.0, 515.5)	(3.0, 669.0)	(4.0, 788.0)	(5.0, 921.0)	(6.0, 986.0)	(7.0, 1121.0)	(8.0, 1241.5)	(9.0, 1321.0)	(10.0, 1443.0)	(11.0, 1572.0)	(12.0, 1686.0)	(13.0, 1808.0)	(14.0, 1999.5)	(15.0, 2238.0)	(16.0, 2610.5)	(17.0, 3190.0)	(18.0, 3935.0)	(19.0, 5082.5)	(20.0, 6862.0)	(21.0, 9203.5)	(22.0, 12495.5)	(23.0, 17279.0)	(24.0, 23725.0)	(25.0, 31743.0)	(26.0, 42108.0)	(27.0, 54201.0)	(28.0, 68293.5)	(29.0, 85796.0)	(30.0, 104613.0)	(31.0, 125688.0)	(32.0, 151102.0)	(33.0, 180855.5)	(34.0, 212643.0)	(35.0, 249223.0)	(36.0, 297147.0)	(37.0, 339628.0)	(38.0, 366621.5)	(39.0, 398961.0)	(40.0, 441813.0)	(41.0, 501334.5)	(42.0, 564924.0)	(43.0, 589029.5)	(44.0, 614384.0)	(45.0, 672310.5)	(46.0, 713995.5)	(47.0, 754751.0)	(48.0, 786376.5)	(49.0, 798544.5)	(50.0, 830755.0)	(51.0, 885611.5)	(52.0, 960912.5)	(53.0, 1051229.0)	(54.0, 1148494.5)	(55.0, 1246850.5)	(56.0, 1349574.5)	(57.0, 1380682.0)	(58.0, 1545369.5)	(59.0, 1735017.5)	(60.0, 1847663.5)	(61.0, 2343858.0)	(62.0, 2739585.5)	(63.0, 2602347.0)	(64.0, 2558885.5)	(65.0, 2374247.5)	(66.0, 1721880.5)	(67.0, 1215969.0)	(68.0, 889037.5)	(69.0, 615935.0)	(70.0, 465463.5)	(71.0, 347279.5)	(72.0, 265888.5)	(73.0, 216284.5)	(74.0, 177564.0)	(75.0, 150018.0)	(76.0, 129517.5)	(77.0, 117971.0)	(78.0, 109141.5)	(79.0, 96249.0)	(80.0, 83489.0)	(81.0, 73196.0)	(82.0, 65234.0)	(83.0, 55883.0)	(84.0, 45997.0)	(85.0, 40967.0)	(86.0, 35953.5)	(87.0, 27748.0)	(88.0, 19972.5)	(89.0, 15629.5)	(90.0, 12990.5)	(91.0, 11307.0)	(92.0, 9281.0)	(93.0, 7465.0)	(94.0, 6231.5)	(95.0, 5934.0)	(96.0, 5565.0)	(97.0, 4130.5)	(98.0, 2786.5)	(99.0, 1894.5)	(100.0, 3826.0)
SRR29999128_1	(0.0, 84082.0)	(1.0, 42159.5)	(2.0, 442.0)	(3.0, 564.5)	(4.0, 443.5)	(5.0, 380.5)	(6.0, 342.0)	(7.0, 350.0)	(8.0, 372.5)	(9.0, 403.5)	(10.0, 467.0)	(11.0, 586.5)	(12.0, 772.5)	(13.0, 1051.0)	(14.0, 1499.0)	(15.0, 2224.5)	(16.0, 3315.0)	(17.0, 5069.0)	(18.0, 7975.5)	(19.0, 12308.5)	(20.0, 18717.5)	(21.0, 27972.5)	(22.0, 41499.0)	(23.0, 58686.5)	(24.0, 79710.5)	(25.0, 105538.5)	(26.0, 135731.5)	(27.0, 170512.0)	(28.0, 209446.0)	(29.0, 250174.0)	(30.0, 292075.0)	(31.0, 332083.5)	(32.0, 372293.5)	(33.0, 415849.5)	(34.0, 460575.0)	(35.0, 508324.5)	(36.0, 572172.0)	(37.0, 645098.5)	(38.0, 668171.0)	(39.0, 691435.0)	(40.0, 722758.0)	(41.0, 740627.0)	(42.0, 920065.0)	(43.0, 946129.0)	(44.0, 817348.5)	(45.0, 831285.0)	(46.0, 854997.0)	(47.0, 873767.5)	(48.0, 886381.5)	(49.0, 900646.0)	(50.0, 906060.5)	(51.0, 926755.0)	(52.0, 975731.5)	(53.0, 1049659.0)	(54.0, 1228430.0)	(55.0, 1588366.5)	(56.0, 1647816.5)	(57.0, 1524787.0)	(58.0, 1586886.0)	(59.0, 1792826.5)	(60.0, 2076416.0)	(61.0, 2189824.5)	(62.0, 1825960.0)	(63.0, 1449416.5)	(64.0, 1306194.5)	(65.0, 1017710.0)	(66.0, 991254.0)	(67.0, 1191902.5)	(68.0, 1201250.0)	(69.0, 942445.0)	(70.0, 632878.5)	(71.0, 438814.0)	(72.0, 339134.5)	(73.0, 232038.0)	(74.0, 143376.5)	(75.0, 118558.5)	(76.0, 106034.0)	(77.0, 92994.5)	(78.0, 81718.5)	(79.0, 70424.5)	(80.0, 57175.5)	(81.0, 53048.0)	(82.0, 55416.0)	(83.0, 48916.0)	(84.0, 36707.0)	(85.0, 30070.0)	(86.0, 26945.0)	(87.0, 22565.5)	(88.0, 17243.5)	(89.0, 15510.5)	(90.0, 13484.5)	(91.0, 11390.5)	(92.0, 9506.5)	(93.0, 6444.0)	(94.0, 3878.0)	(95.0, 2281.0)	(96.0, 1390.0)	(97.0, 851.0)	(98.0, 526.0)	(99.0, 261.5)	(100.0, 74.5)
SRR29999128_2	(0.0, 4671.0)	(1.0, 2434.5)	(2.0, 254.5)	(3.0, 382.5)	(4.0, 555.0)	(5.0, 734.0)	(6.0, 940.0)	(7.0, 1130.5)	(8.0, 1267.5)	(9.0, 1430.5)	(10.0, 1617.0)	(11.0, 1864.0)	(12.0, 2137.0)	(13.0, 2414.5)	(14.0, 2880.5)	(15.0, 3622.0)	(16.0, 4765.0)	(17.0, 6554.0)	(18.0, 9296.0)	(19.0, 13647.5)	(20.0, 19907.5)	(21.0, 28200.0)	(22.0, 39988.5)	(23.0, 56605.0)	(24.0, 77312.5)	(25.0, 100947.5)	(26.0, 129217.0)	(27.0, 162368.0)	(28.0, 196473.0)	(29.0, 231069.5)	(30.0, 268428.5)	(31.0, 312334.5)	(32.0, 358369.5)	(33.0, 404301.5)	(34.0, 451290.5)	(35.0, 498685.5)	(36.0, 544647.0)	(37.0, 582962.5)	(38.0, 618258.0)	(39.0, 653213.5)	(40.0, 685193.5)	(41.0, 725078.0)	(42.0, 772065.0)	(43.0, 790650.5)	(44.0, 804117.5)	(45.0, 843047.0)	(46.0, 861156.0)	(47.0, 884319.0)	(48.0, 906397.0)	(49.0, 904369.5)	(50.0, 926259.0)	(51.0, 974471.5)	(52.0, 1090485.5)	(53.0, 1262531.0)	(54.0, 1291942.5)	(55.0, 1301381.5)	(56.0, 1533666.0)	(57.0, 1535689.0)	(58.0, 1563802.5)	(59.0, 1609691.5)	(60.0, 1462504.5)	(61.0, 1826177.0)	(62.0, 2194221.0)	(63.0, 1985925.5)	(64.0, 1880651.5)	(65.0, 1965311.0)	(66.0, 1449341.5)	(67.0, 893318.0)	(68.0, 727491.5)	(69.0, 575923.0)	(70.0, 479888.0)	(71.0, 373146.0)	(72.0, 278802.5)	(73.0, 211260.5)	(74.0, 165522.5)	(75.0, 146783.5)	(76.0, 145592.5)	(77.0, 131031.0)	(78.0, 107489.5)	(79.0, 92541.5)	(80.0, 76619.0)	(81.0, 68108.5)	(82.0, 67337.5)	(83.0, 61351.0)	(84.0, 51980.5)	(85.0, 49181.5)	(86.0, 42244.0)	(87.0, 32582.0)	(88.0, 25488.0)	(89.0, 21131.5)	(90.0, 18904.0)	(91.0, 17257.0)	(92.0, 14666.5)	(93.0, 12580.0)	(94.0, 10463.0)	(95.0, 8365.5)	(96.0, 7140.5)	(97.0, 5943.5)	(98.0, 4563.0)	(99.0, 3655.5)	(100.0, 7663.0)
SRR29999129_1	(0.0, 45844.0)	(1.0, 23160.5)	(2.0, 744.0)	(3.0, 907.0)	(4.0, 748.5)	(5.0, 682.0)	(6.0, 616.0)	(7.0, 581.0)	(8.0, 605.0)	(9.0, 651.0)	(10.0, 736.5)	(11.0, 827.5)	(12.0, 867.0)	(13.0, 984.5)	(14.0, 1175.5)	(15.0, 1445.5)	(16.0, 1989.5)	(17.0, 2758.0)	(18.0, 3937.5)	(19.0, 5592.0)	(20.0, 8015.0)	(21.0, 11452.0)	(22.0, 16067.0)	(23.0, 21694.0)	(24.0, 28583.5)	(25.0, 37015.0)	(26.0, 46653.0)	(27.0, 57794.5)	(28.0, 69973.5)	(29.0, 83049.0)	(30.0, 97140.0)	(31.0, 110852.0)	(32.0, 126035.0)	(33.0, 143549.5)	(34.0, 162746.0)	(35.0, 182844.0)	(36.0, 208886.0)	(37.0, 242811.5)	(38.0, 261068.0)	(39.0, 274645.0)	(40.0, 294913.5)	(41.0, 323499.0)	(42.0, 405755.0)	(43.0, 427159.0)	(44.0, 406663.5)	(45.0, 444832.5)	(46.0, 484571.0)	(47.0, 531086.0)	(48.0, 586640.0)	(49.0, 639534.5)	(50.0, 686334.0)	(51.0, 744364.5)	(52.0, 833148.5)	(53.0, 928090.0)	(54.0, 1129031.5)	(55.0, 1548874.5)	(56.0, 1703365.0)	(57.0, 1744163.0)	(58.0, 2177204.5)	(59.0, 2705890.0)	(60.0, 2881418.0)	(61.0, 2870328.0)	(62.0, 2422473.5)	(63.0, 2033336.0)	(64.0, 1961368.5)	(65.0, 1494059.5)	(66.0, 1308962.5)	(67.0, 1532723.0)	(68.0, 1574771.0)	(69.0, 1211944.5)	(70.0, 806436.5)	(71.0, 563076.0)	(72.0, 404406.0)	(73.0, 276056.0)	(74.0, 182557.5)	(75.0, 168007.5)	(76.0, 152973.0)	(77.0, 138497.0)	(78.0, 126518.5)	(79.0, 112557.0)	(80.0, 97806.5)	(81.0, 87630.5)	(82.0, 82311.5)	(83.0, 72126.0)	(84.0, 56827.5)	(85.0, 46010.5)	(86.0, 39799.0)	(87.0, 32970.5)	(88.0, 26104.0)	(89.0, 21330.0)	(90.0, 16322.0)	(91.0, 12535.0)	(92.0, 9932.0)	(93.0, 6811.5)	(94.0, 4236.0)	(95.0, 2529.0)	(96.0, 1565.0)	(97.0, 915.5)	(98.0, 511.0)	(99.0, 265.0)	(100.0, 84.0)
SRR29999129_2	(0.0, 3434.0)	(1.0, 1948.0)	(2.0, 488.0)	(3.0, 503.5)	(4.0, 558.5)	(5.0, 661.0)	(6.0, 696.0)	(7.0, 776.0)	(8.0, 851.5)	(9.0, 869.5)	(10.0, 939.0)	(11.0, 1125.5)	(12.0, 1281.5)	(13.0, 1327.5)	(14.0, 1531.5)	(15.0, 1888.5)	(16.0, 2378.0)	(17.0, 3112.0)	(18.0, 4155.0)	(19.0, 5767.0)	(20.0, 8010.5)	(21.0, 10937.0)	(22.0, 14917.0)	(23.0, 20320.0)	(24.0, 27383.5)	(25.0, 34895.0)	(26.0, 43151.5)	(27.0, 53199.0)	(28.0, 64340.5)	(29.0, 75630.5)	(30.0, 87531.0)	(31.0, 102459.0)	(32.0, 120667.5)	(33.0, 140036.0)	(34.0, 159044.0)	(35.0, 179483.0)	(36.0, 205197.0)	(37.0, 225738.0)	(38.0, 239769.0)	(39.0, 258093.5)	(40.0, 280044.5)	(41.0, 309173.5)	(42.0, 342126.0)	(43.0, 367704.5)	(44.0, 402035.0)	(45.0, 453413.0)	(46.0, 497708.0)	(47.0, 553087.0)	(48.0, 612975.0)	(49.0, 654481.5)	(50.0, 715473.0)	(51.0, 803170.0)	(52.0, 982154.0)	(53.0, 1219658.5)	(54.0, 1301098.5)	(55.0, 1360419.0)	(56.0, 1599585.0)	(57.0, 1614318.0)	(58.0, 1779379.5)	(59.0, 2010457.0)	(60.0, 1997651.5)	(61.0, 2536339.5)	(62.0, 2929042.0)	(63.0, 2720961.5)	(64.0, 3008761.5)	(65.0, 3018315.5)	(66.0, 1811886.0)	(67.0, 928949.5)	(68.0, 786959.0)	(69.0, 758410.5)	(70.0, 658098.5)	(71.0, 426113.0)	(72.0, 301160.5)	(73.0, 241316.0)	(74.0, 196001.5)	(75.0, 174687.0)	(76.0, 158692.5)	(77.0, 150507.5)	(78.0, 143924.5)	(79.0, 129191.5)	(80.0, 113619.5)	(81.0, 102921.5)	(82.0, 99373.0)	(83.0, 89470.5)	(84.0, 74409.5)	(85.0, 65347.0)	(86.0, 54455.5)	(87.0, 41829.5)	(88.0, 31430.0)	(89.0, 24511.5)	(90.0, 20124.0)	(91.0, 17043.0)	(92.0, 14097.5)	(93.0, 12018.0)	(94.0, 9989.5)	(95.0, 8082.5)	(96.0, 7058.5)	(97.0, 5747.0)	(98.0, 4410.0)	(99.0, 3660.0)	(100.0, 6805.0)
SRR29999130_1	(0.0, 34307.0)	(1.0, 17307.5)	(2.0, 446.5)	(3.0, 501.5)	(4.0, 406.0)	(5.0, 379.5)	(6.0, 379.0)	(7.0, 397.5)	(8.0, 405.0)	(9.0, 452.5)	(10.0, 532.5)	(11.0, 662.0)	(12.0, 847.0)	(13.0, 1182.5)	(14.0, 1723.0)	(15.0, 2455.5)	(16.0, 3665.0)	(17.0, 5757.5)	(18.0, 9073.5)	(19.0, 13934.5)	(20.0, 21213.0)	(21.0, 31769.0)	(22.0, 47204.0)	(23.0, 66765.5)	(24.0, 90139.0)	(25.0, 120131.0)	(26.0, 155927.5)	(27.0, 194971.0)	(28.0, 239463.5)	(29.0, 286400.0)	(30.0, 334190.0)	(31.0, 383240.5)	(32.0, 431889.0)	(33.0, 480647.0)	(34.0, 530286.5)	(35.0, 582560.5)	(36.0, 632515.5)	(37.0, 679613.0)	(38.0, 720695.0)	(39.0, 757315.0)	(40.0, 794163.0)	(41.0, 825030.0)	(42.0, 862376.0)	(43.0, 883276.5)	(44.0, 891215.5)	(45.0, 919033.0)	(46.0, 941857.5)	(47.0, 956445.5)	(48.0, 974781.0)	(49.0, 992706.0)	(50.0, 1003096.0)	(51.0, 1027902.5)	(52.0, 1054111.0)	(53.0, 1028300.0)	(54.0, 1007508.0)	(55.0, 1028521.0)	(56.0, 1033341.5)	(57.0, 1076465.5)	(58.0, 1160638.5)	(59.0, 1389375.0)	(60.0, 1601143.5)	(61.0, 1644868.5)	(62.0, 1436038.0)	(63.0, 1200686.0)	(64.0, 1054653.5)	(65.0, 787307.0)	(66.0, 632811.0)	(67.0, 572966.5)	(68.0, 502969.0)	(69.0, 405394.0)	(70.0, 317863.5)	(71.0, 251892.5)	(72.0, 209588.5)	(73.0, 168983.5)	(74.0, 126901.5)	(75.0, 107835.5)	(76.0, 92016.0)	(77.0, 78324.5)	(78.0, 68590.5)	(79.0, 60039.0)	(80.0, 50717.5)	(81.0, 41384.0)	(82.0, 34506.0)	(83.0, 28275.0)	(84.0, 22203.5)	(85.0, 17292.5)	(86.0, 13569.0)	(87.0, 10326.0)	(88.0, 7418.0)	(89.0, 5561.0)	(90.0, 3967.5)	(91.0, 2651.5)	(92.0, 1767.0)	(93.0, 1088.0)	(94.0, 676.5)	(95.0, 407.0)	(96.0, 224.0)	(97.0, 145.5)	(98.0, 122.5)	(99.0, 73.0)	(100.0, 14.5)
SRR29999130_2	(0.0, 3149.0)	(1.0, 1688.0)	(2.0, 298.0)	(3.0, 472.5)	(4.0, 662.5)	(5.0, 848.0)	(6.0, 1062.5)	(7.0, 1252.5)	(8.0, 1372.5)	(9.0, 1466.0)	(10.0, 1615.5)	(11.0, 1846.0)	(12.0, 2135.5)	(13.0, 2483.5)	(14.0, 2985.5)	(15.0, 3811.0)	(16.0, 5096.5)	(17.0, 6975.0)	(18.0, 9958.0)	(19.0, 14596.0)	(20.0, 21343.5)	(21.0, 30608.0)	(22.0, 43328.0)	(23.0, 61062.5)	(24.0, 83530.5)	(25.0, 109253.5)	(26.0, 140549.0)	(27.0, 177470.0)	(28.0, 216710.5)	(29.0, 257870.5)	(30.0, 300300.0)	(31.0, 348285.5)	(32.0, 400798.0)	(33.0, 454362.0)	(34.0, 506184.5)	(35.0, 559882.5)	(36.0, 616188.0)	(37.0, 660831.0)	(38.0, 698625.0)	(39.0, 737332.5)	(40.0, 775651.5)	(41.0, 813292.0)	(42.0, 841260.5)	(43.0, 857854.0)	(44.0, 875284.0)	(45.0, 903235.5)	(46.0, 930909.5)	(47.0, 955811.5)	(48.0, 982093.0)	(49.0, 1000699.5)	(50.0, 1012100.0)	(51.0, 1013034.0)	(52.0, 1011440.0)	(53.0, 1017856.5)	(54.0, 1018807.0)	(55.0, 1018975.5)	(56.0, 1026356.0)	(57.0, 1021353.0)	(58.0, 1078476.0)	(59.0, 1195604.0)	(60.0, 1253406.0)	(61.0, 1449234.0)	(62.0, 1610340.5)	(63.0, 1421360.5)	(64.0, 1259072.0)	(65.0, 1099577.0)	(66.0, 806593.5)	(67.0, 605899.0)	(68.0, 498331.0)	(69.0, 401803.0)	(70.0, 318937.0)	(71.0, 264828.5)	(72.0, 221745.0)	(73.0, 185945.5)	(74.0, 154023.5)	(75.0, 130501.5)	(76.0, 111770.0)	(77.0, 99109.5)	(78.0, 90499.5)	(79.0, 79982.5)	(80.0, 68145.5)	(81.0, 57788.5)	(82.0, 49706.5)	(83.0, 42105.5)	(84.0, 34646.0)	(85.0, 28084.5)	(86.0, 22042.5)	(87.0, 16666.0)	(88.0, 12499.0)	(89.0, 9458.0)	(90.0, 7146.0)	(91.0, 5617.5)	(92.0, 4334.0)	(93.0, 3530.0)	(94.0, 2914.5)	(95.0, 2298.0)	(96.0, 1934.5)	(97.0, 1644.5)	(98.0, 1396.5)	(99.0, 1369.5)	(100.0, 4821.5)
SRR29999131_1	(0.0, 34191.0)	(1.0, 17420.0)	(2.0, 876.5)	(3.0, 1000.5)	(4.0, 819.5)	(5.0, 695.5)	(6.0, 656.5)	(7.0, 619.5)	(8.0, 588.0)	(9.0, 629.5)	(10.0, 719.0)	(11.0, 866.5)	(12.0, 1064.0)	(13.0, 1371.5)	(14.0, 1816.0)	(15.0, 2562.5)	(16.0, 3871.5)	(17.0, 5773.0)	(18.0, 8866.5)	(19.0, 13439.5)	(20.0, 20228.5)	(21.0, 30212.0)	(22.0, 44650.0)	(23.0, 63323.5)	(24.0, 85784.5)	(25.0, 114202.0)	(26.0, 148085.5)	(27.0, 185814.0)	(28.0, 228117.0)	(29.0, 273951.0)	(30.0, 322061.5)	(31.0, 371140.0)	(32.0, 423088.5)	(33.0, 475427.0)	(34.0, 527148.5)	(35.0, 582923.5)	(36.0, 637695.5)	(37.0, 688521.5)	(38.0, 736361.5)	(39.0, 778686.5)	(40.0, 819034.0)	(41.0, 857202.5)	(42.0, 890074.0)	(43.0, 913699.5)	(44.0, 937239.0)	(45.0, 976021.5)	(46.0, 1009036.5)	(47.0, 1033749.0)	(48.0, 1067164.0)	(49.0, 1095432.5)	(50.0, 1107259.5)	(51.0, 1134410.5)	(52.0, 1163304.0)	(53.0, 1130381.0)	(54.0, 1096497.5)	(55.0, 1103501.5)	(56.0, 1107138.5)	(57.0, 1162877.0)	(58.0, 1269659.0)	(59.0, 1553299.5)	(60.0, 1780624.5)	(61.0, 1792504.5)	(62.0, 1532381.5)	(63.0, 1264828.0)	(64.0, 1106933.0)	(65.0, 813298.5)	(66.0, 637502.0)	(67.0, 553788.0)	(68.0, 478848.0)	(69.0, 391365.5)	(70.0, 318097.5)	(71.0, 263403.5)	(72.0, 228897.5)	(73.0, 191370.0)	(74.0, 148176.5)	(75.0, 126435.5)	(76.0, 109683.5)	(77.0, 95648.5)	(78.0, 84092.5)	(79.0, 73862.5)	(80.0, 62869.5)	(81.0, 52080.0)	(82.0, 43683.5)	(83.0, 35994.0)	(84.0, 28457.5)	(85.0, 22018.5)	(86.0, 16715.5)	(87.0, 12208.5)	(88.0, 8842.0)	(89.0, 6611.5)	(90.0, 4501.5)	(91.0, 3050.5)	(92.0, 2047.0)	(93.0, 1210.5)	(94.0, 770.0)	(95.0, 479.0)	(96.0, 305.5)	(97.0, 210.0)	(98.0, 162.0)	(99.0, 90.0)	(100.0, 30.0)
SRR29999131_2	(0.0, 4907.0)	(1.0, 2728.5)	(2.0, 594.5)	(3.0, 733.5)	(4.0, 902.5)	(5.0, 1094.5)	(6.0, 1250.5)	(7.0, 1316.0)	(8.0, 1389.0)	(9.0, 1531.5)	(10.0, 1680.0)	(11.0, 1792.5)	(12.0, 2002.0)	(13.0, 2310.0)	(14.0, 2806.0)	(15.0, 3627.5)	(16.0, 4881.5)	(17.0, 6780.5)	(18.0, 9700.0)	(19.0, 14194.5)	(20.0, 20461.0)	(21.0, 29195.5)	(22.0, 42121.0)	(23.0, 59782.5)	(24.0, 82299.0)	(25.0, 109151.5)	(26.0, 140278.5)	(27.0, 176985.0)	(28.0, 217766.5)	(29.0, 259464.0)	(30.0, 303701.5)	(31.0, 355791.5)	(32.0, 412049.5)	(33.0, 468489.0)	(34.0, 525657.5)	(35.0, 583456.0)	(36.0, 644773.5)	(37.0, 693159.5)	(38.0, 731696.5)	(39.0, 772504.0)	(40.0, 811555.5)	(41.0, 853164.0)	(42.0, 882788.0)	(43.0, 901327.5)	(44.0, 924393.0)	(45.0, 957276.0)	(46.0, 990949.5)	(47.0, 1025633.5)	(48.0, 1064662.5)	(49.0, 1095396.5)	(50.0, 1112071.0)	(51.0, 1110098.5)	(52.0, 1099471.0)	(53.0, 1095911.0)	(54.0, 1094334.5)	(55.0, 1088786.5)	(56.0, 1086816.0)	(57.0, 1087273.0)	(58.0, 1157624.5)	(59.0, 1296596.0)	(60.0, 1374902.0)	(61.0, 1594318.0)	(62.0, 1765155.5)	(63.0, 1521720.0)	(64.0, 1289699.0)	(65.0, 1066715.5)	(66.0, 763880.0)	(67.0, 595530.0)	(68.0, 499628.5)	(69.0, 409350.5)	(70.0, 326643.0)	(71.0, 275173.0)	(72.0, 235047.0)	(73.0, 202191.5)	(74.0, 170510.5)	(75.0, 145374.0)	(76.0, 126492.0)	(77.0, 113351.0)	(78.0, 103394.0)	(79.0, 91476.5)	(80.0, 78310.5)	(81.0, 66717.5)	(82.0, 57764.5)	(83.0, 49309.5)	(84.0, 40379.5)	(85.0, 32256.0)	(86.0, 24816.0)	(87.0, 18695.5)	(88.0, 14095.5)	(89.0, 10724.0)	(90.0, 8245.0)	(91.0, 6609.0)	(92.0, 5306.0)	(93.0, 4411.5)	(94.0, 3758.5)	(95.0, 3195.5)	(96.0, 2791.0)	(97.0, 2428.5)	(98.0, 2079.5)	(99.0, 1911.5)	(100.0, 5375.5)
SRR29999132_1	(0.0, 46812.0)	(1.0, 23544.0)	(2.0, 429.0)	(3.0, 481.5)	(4.0, 333.0)	(5.0, 280.0)	(6.0, 248.0)	(7.0, 216.0)	(8.0, 231.5)	(9.0, 252.5)	(10.0, 257.5)	(11.0, 304.0)	(12.0, 361.5)	(13.0, 448.5)	(14.0, 577.0)	(15.0, 766.0)	(16.0, 1104.5)	(17.0, 1612.0)	(18.0, 2310.5)	(19.0, 3408.0)	(20.0, 5101.0)	(21.0, 7428.0)	(22.0, 10762.0)	(23.0, 15004.0)	(24.0, 20234.5)	(25.0, 26711.5)	(26.0, 34362.0)	(27.0, 43204.5)	(28.0, 53143.5)	(29.0, 64002.0)	(30.0, 75485.5)	(31.0, 87539.0)	(32.0, 100413.0)	(33.0, 115045.0)	(34.0, 131062.0)	(35.0, 149198.5)	(36.0, 186451.0)	(37.0, 232242.5)	(38.0, 233135.0)	(39.0, 239979.0)	(40.0, 260837.0)	(41.0, 282154.5)	(42.0, 463095.0)	(43.0, 503117.0)	(44.0, 396551.0)	(45.0, 424773.0)	(46.0, 462745.0)	(47.0, 492319.0)	(48.0, 518717.5)	(49.0, 525131.5)	(50.0, 533182.5)	(51.0, 617737.5)	(52.0, 732413.0)	(53.0, 838689.0)	(54.0, 1075649.0)	(55.0, 1582602.0)	(56.0, 1737233.5)	(57.0, 1765203.5)	(58.0, 2207403.0)	(59.0, 2984308.0)	(60.0, 3538765.0)	(61.0, 3722536.0)	(62.0, 3078512.0)	(63.0, 2387880.0)	(64.0, 2136157.5)	(65.0, 1410966.5)	(66.0, 1148097.0)	(67.0, 1355536.5)	(68.0, 1407650.0)	(69.0, 1111399.5)	(70.0, 747504.0)	(71.0, 503038.5)	(72.0, 356886.0)	(73.0, 237874.0)	(74.0, 135222.5)	(75.0, 113363.0)	(76.0, 107354.5)	(77.0, 97444.0)	(78.0, 88567.0)	(79.0, 79460.5)	(80.0, 66374.0)	(81.0, 62335.0)	(82.0, 65777.0)	(83.0, 66074.0)	(84.0, 55926.5)	(85.0, 48197.0)	(86.0, 47191.5)	(87.0, 42140.5)	(88.0, 34754.5)	(89.0, 32300.5)	(90.0, 28334.0)	(91.0, 21455.5)	(92.0, 15845.5)	(93.0, 10787.5)	(94.0, 6943.5)	(95.0, 4210.5)	(96.0, 2698.5)	(97.0, 1634.5)	(98.0, 872.5)	(99.0, 444.0)	(100.0, 130.0)
SRR29999132_2	(0.0, 2872.0)	(1.0, 1527.0)	(2.0, 179.0)	(3.0, 187.5)	(4.0, 226.0)	(5.0, 285.0)	(6.0, 351.0)	(7.0, 400.5)	(8.0, 431.0)	(9.0, 475.5)	(10.0, 550.0)	(11.0, 649.5)	(12.0, 720.5)	(13.0, 816.0)	(14.0, 983.0)	(15.0, 1205.5)	(16.0, 1559.0)	(17.0, 2102.0)	(18.0, 2804.5)	(19.0, 3877.5)	(20.0, 5533.5)	(21.0, 7701.5)	(22.0, 10659.5)	(23.0, 14419.0)	(24.0, 19484.5)	(25.0, 25532.5)	(26.0, 32710.5)	(27.0, 41338.0)	(28.0, 50122.5)	(29.0, 59537.5)	(30.0, 70218.0)	(31.0, 82622.0)	(32.0, 97623.0)	(33.0, 115272.0)	(34.0, 133281.5)	(35.0, 154864.5)	(36.0, 181933.5)	(37.0, 200967.0)	(38.0, 213115.0)	(39.0, 231313.0)	(40.0, 252325.0)	(41.0, 289166.5)	(42.0, 333784.0)	(43.0, 351464.0)	(44.0, 373326.0)	(45.0, 427398.5)	(46.0, 464494.0)	(47.0, 512825.5)	(48.0, 546327.0)	(49.0, 529886.0)	(50.0, 554638.0)	(51.0, 635230.5)	(52.0, 838679.5)	(53.0, 1120642.0)	(54.0, 1187852.5)	(55.0, 1245799.0)	(56.0, 1577117.5)	(57.0, 1627286.5)	(58.0, 1925438.0)	(59.0, 2317240.0)	(60.0, 2300615.0)	(61.0, 3031495.5)	(62.0, 3613426.0)	(63.0, 3268770.0)	(64.0, 3369361.0)	(65.0, 3151201.5)	(66.0, 1872669.5)	(67.0, 1020343.0)	(68.0, 755535.5)	(69.0, 574598.0)	(70.0, 469492.0)	(71.0, 359898.0)	(72.0, 265061.5)	(73.0, 196436.0)	(74.0, 149524.5)	(75.0, 130316.5)	(76.0, 130234.5)	(77.0, 125792.5)	(78.0, 112773.5)	(79.0, 101958.0)	(80.0, 86713.0)	(81.0, 79176.0)	(82.0, 79260.5)	(83.0, 72178.0)	(84.0, 62355.5)	(85.0, 62914.5)	(86.0, 59119.5)	(87.0, 46266.0)	(88.0, 35417.5)	(89.0, 30686.5)	(90.0, 28728.5)	(91.0, 26655.5)	(92.0, 22713.0)	(93.0, 19116.0)	(94.0, 16518.5)	(95.0, 15505.0)	(96.0, 14100.0)	(97.0, 11115.5)	(98.0, 8210.0)	(99.0, 6056.0)	(100.0, 8767.5)
SRR29999133_1	(0.0, 45984.0)	(1.0, 23193.5)	(2.0, 672.5)	(3.0, 804.0)	(4.0, 602.0)	(5.0, 505.0)	(6.0, 474.5)	(7.0, 464.0)	(8.0, 449.5)	(9.0, 515.5)	(10.0, 628.0)	(11.0, 794.5)	(12.0, 1018.0)	(13.0, 1345.5)	(14.0, 1946.0)	(15.0, 2836.0)	(16.0, 4141.5)	(17.0, 6192.5)	(18.0, 9512.0)	(19.0, 14715.5)	(20.0, 22705.0)	(21.0, 34183.5)	(22.0, 51104.0)	(23.0, 72567.5)	(24.0, 98161.5)	(25.0, 129735.0)	(26.0, 167596.0)	(27.0, 210594.0)	(28.0, 259441.0)	(29.0, 311517.5)	(30.0, 364072.5)	(31.0, 415646.5)	(32.0, 467577.5)	(33.0, 522408.0)	(34.0, 579222.5)	(35.0, 637352.5)	(36.0, 706953.0)	(37.0, 790136.0)	(38.0, 823146.0)	(39.0, 846209.0)	(40.0, 885388.5)	(41.0, 917124.0)	(42.0, 1056973.0)	(43.0, 1085474.5)	(44.0, 1010608.0)	(45.0, 1032277.5)	(46.0, 1058558.5)	(47.0, 1082468.5)	(48.0, 1097692.0)	(49.0, 1103950.0)	(50.0, 1104147.5)	(51.0, 1123265.0)	(52.0, 1162207.0)	(53.0, 1210796.5)	(54.0, 1341724.0)	(55.0, 1640011.0)	(56.0, 1704110.5)	(57.0, 1609456.5)	(58.0, 1667020.0)	(59.0, 1821370.5)	(60.0, 1955062.5)	(61.0, 1942505.0)	(62.0, 1632760.5)	(63.0, 1366060.5)	(64.0, 1253771.5)	(65.0, 985080.0)	(66.0, 910308.0)	(67.0, 1001180.0)	(68.0, 970393.5)	(69.0, 768194.0)	(70.0, 534998.5)	(71.0, 380731.0)	(72.0, 303366.5)	(73.0, 235152.5)	(74.0, 173047.5)	(75.0, 159735.0)	(76.0, 174253.0)	(77.0, 179615.5)	(78.0, 178836.5)	(79.0, 158020.0)	(80.0, 128531.5)	(81.0, 127796.0)	(82.0, 138434.0)	(83.0, 134417.5)	(84.0, 122517.5)	(85.0, 118589.0)	(86.0, 117501.0)	(87.0, 99334.0)	(88.0, 81528.5)	(89.0, 89018.5)	(90.0, 76705.0)	(91.0, 52585.5)	(92.0, 39206.5)	(93.0, 28120.0)	(94.0, 19382.5)	(95.0, 12243.5)	(96.0, 8063.0)	(97.0, 5515.5)	(98.0, 4040.5)	(99.0, 2333.0)	(100.0, 628.0)
SRR29999133_2	(0.0, 3720.0)	(1.0, 2026.0)	(2.0, 393.0)	(3.0, 531.5)	(4.0, 713.0)	(5.0, 935.0)	(6.0, 1155.5)	(7.0, 1319.0)	(8.0, 1456.5)	(9.0, 1633.0)	(10.0, 1831.5)	(11.0, 2082.0)	(12.0, 2387.0)	(13.0, 2745.5)	(14.0, 3297.5)	(15.0, 4228.0)	(16.0, 5617.5)	(17.0, 7807.5)	(18.0, 11358.5)	(19.0, 16817.5)	(20.0, 24503.5)	(21.0, 35024.0)	(22.0, 50148.0)	(23.0, 70967.5)	(24.0, 97963.5)	(25.0, 129286.0)	(26.0, 165901.5)	(27.0, 208262.0)	(28.0, 252694.0)	(29.0, 298875.0)	(30.0, 347350.0)	(31.0, 403590.5)	(32.0, 462374.0)	(33.0, 520339.5)	(34.0, 580047.0)	(35.0, 638957.5)	(36.0, 696139.0)	(37.0, 745447.5)	(38.0, 793327.5)	(39.0, 839024.5)	(40.0, 879556.5)	(41.0, 926228.5)	(42.0, 975760.5)	(43.0, 994964.0)	(44.0, 1013646.0)	(45.0, 1060663.0)	(46.0, 1080791.0)	(47.0, 1106445.0)	(48.0, 1136778.5)	(49.0, 1137422.0)	(50.0, 1141590.0)	(51.0, 1166755.0)	(52.0, 1244981.0)	(53.0, 1360690.0)	(54.0, 1368201.5)	(55.0, 1388932.5)	(56.0, 1636611.5)	(57.0, 1650492.5)	(58.0, 1657346.0)	(59.0, 1659690.5)	(60.0, 1471373.0)	(61.0, 1741621.5)	(62.0, 2004738.5)	(63.0, 1729681.5)	(64.0, 1558516.0)	(65.0, 1644657.5)	(66.0, 1229351.0)	(67.0, 748319.5)	(68.0, 609073.0)	(69.0, 496941.5)	(70.0, 438460.5)	(71.0, 359324.5)	(72.0, 279182.0)	(73.0, 216705.0)	(74.0, 171693.0)	(75.0, 152670.0)	(76.0, 154911.0)	(77.0, 168365.0)	(78.0, 175052.0)	(79.0, 157290.5)	(80.0, 134286.0)	(81.0, 139576.5)	(82.0, 154130.0)	(83.0, 134224.5)	(84.0, 116580.0)	(85.0, 134208.5)	(86.0, 119210.0)	(87.0, 78248.5)	(88.0, 64259.0)	(89.0, 60845.0)	(90.0, 56550.0)	(91.0, 56745.5)	(92.0, 49156.0)	(93.0, 37192.0)	(94.0, 29960.5)	(95.0, 26390.0)	(96.0, 22133.5)	(97.0, 16413.0)	(98.0, 13463.0)	(99.0, 11021.0)	(100.0, 10505.5)
SRR29999134_1	(0.0, 28043.0)	(1.0, 14343.5)	(2.0, 817.0)	(3.0, 877.0)	(4.0, 683.5)	(5.0, 592.0)	(6.0, 559.5)	(7.0, 532.5)	(8.0, 540.5)	(9.0, 550.5)	(10.0, 586.5)	(11.0, 720.5)	(12.0, 870.0)	(13.0, 1053.5)	(14.0, 1423.0)	(15.0, 2004.5)	(16.0, 2972.0)	(17.0, 4533.5)	(18.0, 6898.0)	(19.0, 10330.0)	(20.0, 15625.0)	(21.0, 23561.0)	(22.0, 34672.0)	(23.0, 48922.5)	(24.0, 66714.0)	(25.0, 88632.0)	(26.0, 114204.0)	(27.0, 143741.5)	(28.0, 176830.5)	(29.0, 211340.5)	(30.0, 247509.0)	(31.0, 282442.5)	(32.0, 316499.5)	(33.0, 353927.5)	(34.0, 394224.0)	(35.0, 438292.5)	(36.0, 503563.0)	(37.0, 602808.0)	(38.0, 622345.0)	(39.0, 609791.0)	(40.0, 646106.5)	(41.0, 672206.5)	(42.0, 796746.0)	(43.0, 824388.5)	(44.0, 746799.0)	(45.0, 774650.0)	(46.0, 813704.5)	(47.0, 835872.5)	(48.0, 852548.0)	(49.0, 871371.5)	(50.0, 893487.5)	(51.0, 979519.5)	(52.0, 1081509.5)	(53.0, 1078036.5)	(54.0, 1109458.0)	(55.0, 1267415.5)	(56.0, 1316835.0)	(57.0, 1385236.5)	(58.0, 1584848.0)	(59.0, 1903628.5)	(60.0, 2117366.5)	(61.0, 2182303.0)	(62.0, 1977230.0)	(63.0, 1696105.0)	(64.0, 1514274.5)	(65.0, 1142926.5)	(66.0, 967229.0)	(67.0, 972423.5)	(68.0, 904175.5)	(69.0, 730378.0)	(70.0, 514465.5)	(71.0, 336297.0)	(72.0, 250609.0)	(73.0, 184201.0)	(74.0, 122288.5)	(75.0, 103438.0)	(76.0, 88963.0)	(77.0, 75790.0)	(78.0, 65175.0)	(79.0, 55852.5)	(80.0, 47376.0)	(81.0, 40023.5)	(82.0, 35003.0)	(83.0, 29814.0)	(84.0, 22811.5)	(85.0, 17565.0)	(86.0, 14141.0)	(87.0, 10776.0)	(88.0, 8014.0)	(89.0, 6321.5)	(90.0, 4801.5)	(91.0, 3558.5)	(92.0, 2579.0)	(93.0, 1683.0)	(94.0, 1061.0)	(95.0, 622.0)	(96.0, 372.0)	(97.0, 216.5)	(98.0, 132.5)	(99.0, 66.5)	(100.0, 21.0)
SRR29999134_2	(0.0, 2440.0)	(1.0, 1278.0)	(2.0, 153.0)	(3.0, 253.5)	(4.0, 360.5)	(5.0, 466.0)	(6.0, 580.5)	(7.0, 693.0)	(8.0, 809.5)	(9.0, 919.0)	(10.0, 1039.0)	(11.0, 1215.0)	(12.0, 1438.5)	(13.0, 1675.0)	(14.0, 2032.0)	(15.0, 2592.0)	(16.0, 3482.0)	(17.0, 4826.5)	(18.0, 6837.0)	(19.0, 9916.5)	(20.0, 14311.0)	(21.0, 20570.5)	(22.0, 29274.0)	(23.0, 41003.0)	(24.0, 56026.0)	(25.0, 73615.0)	(26.0, 94844.5)	(27.0, 119830.5)	(28.0, 147050.5)	(29.0, 176584.0)	(30.0, 207574.5)	(31.0, 242116.0)	(32.0, 280198.5)	(33.0, 321770.5)	(34.0, 363110.5)	(35.0, 403608.0)	(36.0, 452615.5)	(37.0, 495093.5)	(38.0, 521811.5)	(39.0, 550795.5)	(40.0, 587997.0)	(41.0, 634823.0)	(42.0, 674196.0)	(43.0, 689534.0)	(44.0, 708925.5)	(45.0, 754510.0)	(46.0, 796575.5)	(47.0, 830704.5)	(48.0, 855456.0)	(49.0, 871893.5)	(50.0, 908337.0)	(51.0, 954723.0)	(52.0, 1015806.0)	(53.0, 1109945.0)	(54.0, 1170961.0)	(55.0, 1218081.5)	(56.0, 1307608.5)	(57.0, 1316218.0)	(58.0, 1419789.5)	(59.0, 1540642.5)	(60.0, 1550114.5)	(61.0, 1906521.5)	(62.0, 2239879.5)	(63.0, 2128847.0)	(64.0, 2068879.0)	(65.0, 1953445.5)	(66.0, 1495530.5)	(67.0, 1080266.5)	(68.0, 810311.0)	(69.0, 570999.5)	(70.0, 421288.5)	(71.0, 319878.0)	(72.0, 244608.0)	(73.0, 195008.5)	(74.0, 153037.5)	(75.0, 128230.5)	(76.0, 110007.5)	(77.0, 97635.0)	(78.0, 88143.5)	(79.0, 76874.5)	(80.0, 66197.5)	(81.0, 57303.5)	(82.0, 50684.5)	(83.0, 43492.0)	(84.0, 35620.5)	(85.0, 30040.5)	(86.0, 24284.5)	(87.0, 18131.0)	(88.0, 13162.5)	(89.0, 9669.5)	(90.0, 7435.5)	(91.0, 6017.0)	(92.0, 4781.5)	(93.0, 4041.5)	(94.0, 3271.0)	(95.0, 2428.5)	(96.0, 1887.0)	(97.0, 1500.5)	(98.0, 1184.5)	(99.0, 1049.5)	(100.0, 3473.5)
SRR29999135_1	(0.0, 31207.0)	(1.0, 15639.0)	(2.0, 115.0)	(3.0, 167.0)	(4.0, 179.0)	(5.0, 193.0)	(6.0, 197.0)	(7.0, 213.5)	(8.0, 253.0)	(9.0, 295.5)	(10.0, 379.0)	(11.0, 487.0)	(12.0, 662.5)	(13.0, 979.0)	(14.0, 1444.5)	(15.0, 2045.0)	(16.0, 3031.0)	(17.0, 4774.5)	(18.0, 7574.5)	(19.0, 11802.5)	(20.0, 18286.5)	(21.0, 27995.0)	(22.0, 41761.0)	(23.0, 59578.0)	(24.0, 81972.0)	(25.0, 109790.5)	(26.0, 143213.5)	(27.0, 182265.0)	(28.0, 226538.5)	(29.0, 272792.5)	(30.0, 319394.0)	(31.0, 366561.5)	(32.0, 416129.0)	(33.0, 468904.0)	(34.0, 522697.0)	(35.0, 580238.0)	(36.0, 638375.0)	(37.0, 694302.0)	(38.0, 740705.0)	(39.0, 782675.5)	(40.0, 837052.0)	(41.0, 877579.5)	(42.0, 918202.5)	(43.0, 952617.5)	(44.0, 966632.5)	(45.0, 1006698.5)	(46.0, 1049565.0)	(47.0, 1070247.5)	(48.0, 1088634.5)	(49.0, 1111997.0)	(50.0, 1148518.5)	(51.0, 1233437.0)	(52.0, 1309185.5)	(53.0, 1255672.0)	(54.0, 1196880.5)	(55.0, 1224117.0)	(56.0, 1238473.0)	(57.0, 1322041.5)	(58.0, 1468895.5)	(59.0, 1766739.0)	(60.0, 1995684.0)	(61.0, 2034533.5)	(62.0, 1826648.0)	(63.0, 1571250.0)	(64.0, 1368480.5)	(65.0, 1029388.5)	(66.0, 831356.0)	(67.0, 726846.0)	(68.0, 643518.0)	(69.0, 529537.5)	(70.0, 411216.5)	(71.0, 328099.0)	(72.0, 277521.5)	(73.0, 227333.5)	(74.0, 174799.5)	(75.0, 150334.0)	(76.0, 129689.0)	(77.0, 110550.5)	(78.0, 96329.0)	(79.0, 83733.0)	(80.0, 70709.5)	(81.0, 59041.5)	(82.0, 51074.0)	(83.0, 43660.5)	(84.0, 34125.0)	(85.0, 26063.0)	(86.0, 20982.5)	(87.0, 16249.5)	(88.0, 11988.0)	(89.0, 9364.0)	(90.0, 7151.0)	(91.0, 5168.5)	(92.0, 3598.0)	(93.0, 2371.5)	(94.0, 1495.0)	(95.0, 901.0)	(96.0, 558.5)	(97.0, 317.0)	(98.0, 178.5)	(99.0, 90.5)	(100.0, 32.0)
SRR29999135_2	(0.0, 3238.0)	(1.0, 1662.5)	(2.0, 124.5)	(3.0, 198.5)	(4.0, 297.0)	(5.0, 432.0)	(6.0, 573.5)	(7.0, 663.5)	(8.0, 757.0)	(9.0, 862.5)	(10.0, 959.0)	(11.0, 1124.5)	(12.0, 1314.5)	(13.0, 1547.5)	(14.0, 1992.0)	(15.0, 2598.5)	(16.0, 3451.5)	(17.0, 4915.0)	(18.0, 7267.0)	(19.0, 10990.5)	(20.0, 16368.5)	(21.0, 23707.5)	(22.0, 34379.0)	(23.0, 49617.5)	(24.0, 69381.0)	(25.0, 92580.0)	(26.0, 120115.0)	(27.0, 153024.5)	(28.0, 189794.0)	(29.0, 227501.0)	(30.0, 267503.0)	(31.0, 316021.5)	(32.0, 367721.0)	(33.0, 419660.0)	(34.0, 473298.5)	(35.0, 530893.0)	(36.0, 593557.0)	(37.0, 645954.0)	(38.0, 687517.5)	(39.0, 731436.0)	(40.0, 780901.0)	(41.0, 832413.0)	(42.0, 870376.5)	(43.0, 896384.0)	(44.0, 924214.0)	(45.0, 969110.0)	(46.0, 1019193.5)	(47.0, 1054098.5)	(48.0, 1086740.0)	(49.0, 1124138.0)	(50.0, 1160418.5)	(51.0, 1186362.5)	(52.0, 1198691.5)	(53.0, 1205891.0)	(54.0, 1218645.5)	(55.0, 1231961.0)	(56.0, 1245244.0)	(57.0, 1256438.0)	(58.0, 1335651.5)	(59.0, 1495621.0)	(60.0, 1602761.0)	(61.0, 1847856.0)	(62.0, 2054531.0)	(63.0, 1862373.5)	(64.0, 1686971.0)	(65.0, 1467796.5)	(66.0, 1088532.5)	(67.0, 838762.5)	(68.0, 696629.5)	(69.0, 559419.0)	(70.0, 433623.0)	(71.0, 359121.0)	(72.0, 304823.0)	(73.0, 259869.5)	(74.0, 216406.0)	(75.0, 184283.5)	(76.0, 158697.5)	(77.0, 142005.0)	(78.0, 129536.0)	(79.0, 113372.5)	(80.0, 96903.5)	(81.0, 82958.0)	(82.0, 71835.5)	(83.0, 62085.5)	(84.0, 51966.5)	(85.0, 42142.5)	(86.0, 32969.0)	(87.0, 25436.5)	(88.0, 19352.5)	(89.0, 14795.0)	(90.0, 11817.0)	(91.0, 9483.0)	(92.0, 7571.5)	(93.0, 6508.0)	(94.0, 5495.5)	(95.0, 4473.5)	(96.0, 3822.5)	(97.0, 3315.0)	(98.0, 2755.0)	(99.0, 2456.5)	(100.0, 5857.5)
SRR29999136_1	(0.0, 42079.0)	(1.0, 21086.0)	(2.0, 191.0)	(3.0, 270.0)	(4.0, 233.0)	(5.0, 206.0)	(6.0, 183.5)	(7.0, 172.0)	(8.0, 179.0)	(9.0, 177.0)	(10.0, 195.0)	(11.0, 230.0)	(12.0, 239.0)	(13.0, 250.0)	(14.0, 290.5)	(15.0, 380.0)	(16.0, 458.0)	(17.0, 606.5)	(18.0, 854.0)	(19.0, 1145.0)	(20.0, 1685.0)	(21.0, 2572.5)	(22.0, 3684.0)	(23.0, 5002.0)	(24.0, 6646.0)	(25.0, 8676.5)	(26.0, 11137.0)	(27.0, 14289.0)	(28.0, 17957.5)	(29.0, 21725.0)	(30.0, 26151.0)	(31.0, 30297.0)	(32.0, 34352.5)	(33.0, 40115.5)	(34.0, 47487.0)	(35.0, 57817.5)	(36.0, 117958.5)	(37.0, 232161.0)	(38.0, 200179.5)	(39.0, 145594.5)	(40.0, 145030.0)	(41.0, 142891.0)	(42.0, 469537.5)	(43.0, 484301.0)	(44.0, 205813.0)	(45.0, 199322.5)	(46.0, 215671.0)	(47.0, 239497.5)	(48.0, 254604.5)	(49.0, 267657.5)	(50.0, 267500.5)	(51.0, 328289.5)	(52.0, 461003.0)	(53.0, 618378.5)	(54.0, 929826.0)	(55.0, 1477910.0)	(56.0, 1616819.5)	(57.0, 1655829.0)	(58.0, 2181367.5)	(59.0, 3306308.0)	(60.0, 4291395.5)	(61.0, 4716282.5)	(62.0, 3944951.5)	(63.0, 3012184.0)	(64.0, 2646743.5)	(65.0, 1703478.5)	(66.0, 1429074.5)	(67.0, 1761292.5)	(68.0, 1742698.5)	(69.0, 1325731.5)	(70.0, 825760.0)	(71.0, 451434.5)	(72.0, 282288.0)	(73.0, 162991.5)	(74.0, 62602.5)	(75.0, 52275.5)	(76.0, 47379.0)	(77.0, 42272.0)	(78.0, 39070.5)	(79.0, 34991.5)	(80.0, 29497.5)	(81.0, 27536.0)	(82.0, 29015.5)	(83.0, 25858.5)	(84.0, 19326.5)	(85.0, 16203.5)	(86.0, 14708.0)	(87.0, 12293.0)	(88.0, 9602.0)	(89.0, 8761.5)	(90.0, 8179.0)	(91.0, 7101.5)	(92.0, 5798.5)	(93.0, 4181.5)	(94.0, 2556.0)	(95.0, 1447.0)	(96.0, 888.0)	(97.0, 534.5)	(98.0, 304.5)	(99.0, 140.5)	(100.0, 46.0)
SRR29999136_2	(0.0, 1981.0)	(1.0, 1012.5)	(2.0, 63.0)	(3.0, 87.5)	(4.0, 116.0)	(5.0, 177.5)	(6.0, 224.0)	(7.0, 267.5)	(8.0, 321.5)	(9.0, 355.5)	(10.0, 404.0)	(11.0, 497.5)	(12.0, 580.5)	(13.0, 614.5)	(14.0, 638.0)	(15.0, 729.0)	(16.0, 882.0)	(17.0, 1059.0)	(18.0, 1277.0)	(19.0, 1645.5)	(20.0, 2165.5)	(21.0, 2877.0)	(22.0, 3802.5)	(23.0, 4963.5)	(24.0, 6383.5)	(25.0, 8412.5)	(26.0, 10955.0)	(27.0, 13627.5)	(28.0, 16146.5)	(29.0, 18796.0)	(30.0, 22453.5)	(31.0, 26699.0)	(32.0, 32698.0)	(33.0, 42293.5)	(34.0, 50479.0)	(35.0, 56551.0)	(36.0, 69609.5)	(37.0, 79239.5)	(38.0, 78904.5)	(39.0, 80904.0)	(40.0, 88443.5)	(41.0, 122114.0)	(42.0, 175398.0)	(43.0, 177523.5)	(44.0, 176657.0)	(45.0, 212376.5)	(46.0, 222696.5)	(47.0, 259730.5)	(48.0, 268791.0)	(49.0, 239537.5)	(50.0, 280219.5)	(51.0, 380224.5)	(52.0, 598164.5)	(53.0, 928121.5)	(54.0, 1066795.5)	(55.0, 1165561.0)	(56.0, 1484926.5)	(57.0, 1500770.5)	(58.0, 1882794.0)	(59.0, 2401939.5)	(60.0, 2475973.5)	(61.0, 3613506.5)	(62.0, 4614028.5)	(63.0, 4205107.0)	(64.0, 4241090.0)	(65.0, 4102791.5)	(66.0, 2642473.5)	(67.0, 1524652.5)	(68.0, 1066073.5)	(69.0, 698961.0)	(70.0, 503894.5)	(71.0, 330975.5)	(72.0, 207349.5)	(73.0, 136722.0)	(74.0, 80136.5)	(75.0, 63382.0)	(76.0, 56915.5)	(77.0, 53095.0)	(78.0, 50316.5)	(79.0, 45588.0)	(80.0, 41203.5)	(81.0, 39348.5)	(82.0, 41136.5)	(83.0, 37376.5)	(84.0, 30552.5)	(85.0, 28709.5)	(86.0, 24897.5)	(87.0, 19380.0)	(88.0, 14469.0)	(89.0, 11651.5)	(90.0, 10796.0)	(91.0, 9945.0)	(92.0, 8359.5)	(93.0, 7263.5)	(94.0, 6187.5)	(95.0, 4827.5)	(96.0, 4116.0)	(97.0, 3455.0)	(98.0, 2522.0)	(99.0, 1946.5)	(100.0, 4517.0)
SRR29999137_1	(0.0, 122205.0)	(1.0, 61197.5)	(2.0, 358.0)	(3.0, 471.5)	(4.0, 386.0)	(5.0, 375.0)	(6.0, 358.0)	(7.0, 330.5)	(8.0, 334.5)	(9.0, 337.0)	(10.0, 386.5)	(11.0, 467.0)	(12.0, 537.0)	(13.0, 650.5)	(14.0, 862.5)	(15.0, 1173.0)	(16.0, 1638.5)	(17.0, 2337.0)	(18.0, 3358.5)	(19.0, 4980.0)	(20.0, 7566.5)	(21.0, 11186.5)	(22.0, 16404.0)	(23.0, 22923.0)	(24.0, 31170.5)	(25.0, 41530.5)	(26.0, 53345.5)	(27.0, 67795.0)	(28.0, 84575.0)	(29.0, 102397.0)	(30.0, 121228.5)	(31.0, 138868.5)	(32.0, 157315.0)	(33.0, 179291.0)	(34.0, 203373.5)	(35.0, 231116.0)	(36.0, 293351.5)	(37.0, 387289.5)	(38.0, 383813.5)	(39.0, 369761.5)	(40.0, 388628.0)	(41.0, 403669.5)	(42.0, 715195.0)	(43.0, 744348.5)	(44.0, 491768.5)	(45.0, 494986.0)	(46.0, 524094.0)	(47.0, 554189.0)	(48.0, 571813.0)	(49.0, 589942.5)	(50.0, 598816.0)	(51.0, 639688.0)	(52.0, 740676.5)	(53.0, 895115.0)	(54.0, 1209851.0)	(55.0, 1781174.5)	(56.0, 1888145.0)	(57.0, 1772318.5)	(58.0, 2005643.0)	(59.0, 2351791.5)	(60.0, 2744707.0)	(61.0, 3131368.0)	(62.0, 2768272.5)	(63.0, 2169900.5)	(64.0, 1928244.5)	(65.0, 1399103.0)	(66.0, 1316747.0)	(67.0, 1713540.5)	(68.0, 1787860.0)	(69.0, 1374739.0)	(70.0, 865915.0)	(71.0, 502076.0)	(72.0, 303711.0)	(73.0, 186733.5)	(74.0, 106332.0)	(75.0, 93187.5)	(76.0, 83229.5)	(77.0, 74552.5)	(78.0, 69197.5)	(79.0, 61716.5)	(80.0, 52583.0)	(81.0, 46148.5)	(82.0, 42549.0)	(83.0, 37210.0)	(84.0, 30017.5)	(85.0, 24741.0)	(86.0, 20059.5)	(87.0, 15302.0)	(88.0, 11832.0)	(89.0, 10312.5)	(90.0, 9131.5)	(91.0, 7301.0)	(92.0, 5360.5)	(93.0, 3753.5)	(94.0, 2452.0)	(95.0, 1398.0)	(96.0, 735.0)	(97.0, 384.5)	(98.0, 251.0)	(99.0, 146.5)	(100.0, 38.5)
SRR29999137_2	(0.0, 4221.0)	(1.0, 2166.0)	(2.0, 147.0)	(3.0, 216.5)	(4.0, 290.0)	(5.0, 405.0)	(6.0, 492.0)	(7.0, 549.0)	(8.0, 659.5)	(9.0, 749.5)	(10.0, 834.5)	(11.0, 964.5)	(12.0, 1083.5)	(13.0, 1210.0)	(14.0, 1433.0)	(15.0, 1733.5)	(16.0, 2127.5)	(17.0, 2801.0)	(18.0, 3735.5)	(19.0, 5195.0)	(20.0, 7557.0)	(21.0, 10457.0)	(22.0, 14593.0)	(23.0, 20666.5)	(24.0, 28281.0)	(25.0, 37347.0)	(26.0, 48401.5)	(27.0, 61014.0)	(28.0, 74006.0)	(29.0, 88437.0)	(30.0, 104584.5)	(31.0, 122906.0)	(32.0, 144347.0)	(33.0, 169682.5)	(34.0, 195435.0)	(35.0, 219413.5)	(36.0, 248743.0)	(37.0, 275258.5)	(38.0, 294489.0)	(39.0, 314734.5)	(40.0, 338732.0)	(41.0, 387746.5)	(42.0, 453681.0)	(43.0, 467487.0)	(44.0, 477493.0)	(45.0, 524623.5)	(46.0, 539651.5)	(47.0, 575683.0)	(48.0, 597584.0)	(49.0, 581702.0)	(50.0, 624089.0)	(51.0, 718104.5)	(52.0, 917004.5)	(53.0, 1202528.0)	(54.0, 1309889.5)	(55.0, 1402639.0)	(56.0, 1694022.0)	(57.0, 1699628.0)	(58.0, 1884050.5)	(59.0, 2014739.5)	(60.0, 1849221.5)	(61.0, 2424900.0)	(62.0, 2966798.5)	(63.0, 2934738.0)	(64.0, 3179800.5)	(65.0, 3191959.5)	(66.0, 2230344.0)	(67.0, 1409076.5)	(68.0, 1050500.5)	(69.0, 732024.0)	(70.0, 546470.0)	(71.0, 370319.5)	(72.0, 252912.5)	(73.0, 183126.5)	(74.0, 130436.5)	(75.0, 111769.5)	(76.0, 100440.0)	(77.0, 94108.5)	(78.0, 90729.5)	(79.0, 83995.5)	(80.0, 75346.0)	(81.0, 67422.5)	(82.0, 64145.5)	(83.0, 57351.5)	(84.0, 46852.5)	(85.0, 41493.0)	(86.0, 35572.5)	(87.0, 28039.0)	(88.0, 21671.5)	(89.0, 18039.5)	(90.0, 15944.5)	(91.0, 14230.0)	(92.0, 12225.5)	(93.0, 10851.0)	(94.0, 9467.5)	(95.0, 7785.0)	(96.0, 6698.5)	(97.0, 5601.0)	(98.0, 4396.0)	(99.0, 3545.0)	(100.0, 7605.0)
SRR29999138_1	(0.0, 60740.0)	(1.0, 30451.0)	(2.0, 263.5)	(3.0, 321.0)	(4.0, 289.0)	(5.0, 307.0)	(6.0, 316.0)	(7.0, 328.5)	(8.0, 393.0)	(9.0, 451.5)	(10.0, 521.0)	(11.0, 695.5)	(12.0, 920.0)	(13.0, 1267.0)	(14.0, 1825.0)	(15.0, 2591.5)	(16.0, 3767.0)	(17.0, 5821.5)	(18.0, 9141.0)	(19.0, 13872.0)	(20.0, 20827.5)	(21.0, 31106.0)	(22.0, 45667.0)	(23.0, 64185.0)	(24.0, 87476.5)	(25.0, 116439.0)	(26.0, 149696.5)	(27.0, 187847.5)	(28.0, 231256.0)	(29.0, 277845.5)	(30.0, 325402.0)	(31.0, 371641.0)	(32.0, 417005.0)	(33.0, 464455.5)	(34.0, 513801.0)	(35.0, 563786.0)	(36.0, 657527.5)	(37.0, 800545.0)	(38.0, 800741.5)	(39.0, 769059.0)	(40.0, 789117.0)	(41.0, 798788.0)	(42.0, 1084332.5)	(43.0, 1111622.5)	(44.0, 884274.5)	(45.0, 888539.5)	(46.0, 922981.5)	(47.0, 963357.5)	(48.0, 981464.0)	(49.0, 990731.5)	(50.0, 977349.5)	(51.0, 984966.5)	(52.0, 1030214.0)	(53.0, 1141671.5)	(54.0, 1374027.5)	(55.0, 1692651.5)	(56.0, 1750106.0)	(57.0, 1701474.0)	(58.0, 1809349.0)	(59.0, 1970857.5)	(60.0, 2111374.5)	(61.0, 2252356.5)	(62.0, 2027046.0)	(63.0, 1650797.5)	(64.0, 1509553.0)	(65.0, 1223386.0)	(66.0, 1213217.0)	(67.0, 1447415.0)	(68.0, 1380934.0)	(69.0, 1052171.0)	(70.0, 694015.5)	(71.0, 425789.5)	(72.0, 292812.0)	(73.0, 204561.0)	(74.0, 137521.5)	(75.0, 123150.0)	(76.0, 118326.0)	(77.0, 112105.5)	(78.0, 109978.5)	(79.0, 97779.5)	(80.0, 81182.5)	(81.0, 82271.0)	(82.0, 86991.5)	(83.0, 83156.0)	(84.0, 71831.0)	(85.0, 60627.5)	(86.0, 56276.0)	(87.0, 49711.5)	(88.0, 42372.0)	(89.0, 42141.0)	(90.0, 36977.0)	(91.0, 26750.5)	(92.0, 18536.0)	(93.0, 12276.5)	(94.0, 7110.0)	(95.0, 3564.0)	(96.0, 1862.0)	(97.0, 967.5)	(98.0, 492.0)	(99.0, 249.5)	(100.0, 88.0)
SRR29999138_2	(0.0, 3946.0)	(1.0, 2046.0)	(2.0, 198.0)	(3.0, 298.0)	(4.0, 436.5)	(5.0, 595.5)	(6.0, 768.0)	(7.0, 931.5)	(8.0, 1050.5)	(9.0, 1190.0)	(10.0, 1343.0)	(11.0, 1571.0)	(12.0, 1834.0)	(13.0, 2135.0)	(14.0, 2637.0)	(15.0, 3369.0)	(16.0, 4467.0)	(17.0, 6181.5)	(18.0, 8810.5)	(19.0, 12794.5)	(20.0, 18698.5)	(21.0, 26811.5)	(22.0, 38100.5)	(23.0, 53557.5)	(24.0, 73816.0)	(25.0, 97713.5)	(26.0, 126063.0)	(27.0, 159973.5)	(28.0, 196002.0)	(29.0, 234623.5)	(30.0, 277168.0)	(31.0, 323758.5)	(32.0, 372029.5)	(33.0, 422733.0)	(34.0, 473310.0)	(35.0, 521500.0)	(36.0, 568296.0)	(37.0, 611522.0)	(38.0, 650965.5)	(39.0, 684570.5)	(40.0, 717606.5)	(41.0, 763777.0)	(42.0, 814539.0)	(43.0, 830653.0)	(44.0, 846923.5)	(45.0, 890554.0)	(46.0, 919162.5)	(47.0, 971319.5)	(48.0, 1010993.5)	(49.0, 998616.5)	(50.0, 1012373.0)	(51.0, 1068078.5)	(52.0, 1185325.0)	(53.0, 1386388.0)	(54.0, 1493917.5)	(55.0, 1580326.5)	(56.0, 1765885.5)	(57.0, 1724775.5)	(58.0, 1798547.5)	(59.0, 1775597.5)	(60.0, 1539461.5)	(61.0, 1844442.5)	(62.0, 2159727.0)	(63.0, 2145446.5)	(64.0, 2256992.0)	(65.0, 2325113.0)	(66.0, 1864507.0)	(67.0, 1319627.0)	(68.0, 954813.0)	(69.0, 650079.5)	(70.0, 513468.5)	(71.0, 378772.5)	(72.0, 269142.5)	(73.0, 208922.0)	(74.0, 167463.5)	(75.0, 145611.5)	(76.0, 136072.5)	(77.0, 134885.0)	(78.0, 130684.5)	(79.0, 116776.0)	(80.0, 102358.0)	(81.0, 100985.5)	(82.0, 101324.5)	(83.0, 89763.5)	(84.0, 78176.0)	(85.0, 78502.0)	(86.0, 72228.5)	(87.0, 55612.5)	(88.0, 44028.0)	(89.0, 41747.5)	(90.0, 40545.5)	(91.0, 37940.0)	(92.0, 31580.0)	(93.0, 25230.5)	(94.0, 21743.5)	(95.0, 20267.0)	(96.0, 17417.5)	(97.0, 11852.5)	(98.0, 7269.0)	(99.0, 4967.0)	(100.0, 8899.5)
SRR29999139_1	(0.0, 72742.0)	(1.0, 36418.5)	(2.0, 168.5)	(3.0, 253.5)	(4.0, 252.0)	(5.0, 251.0)	(6.0, 244.0)	(7.0, 244.5)	(8.0, 298.0)	(9.0, 349.5)	(10.0, 430.5)	(11.0, 531.5)	(12.0, 641.0)	(13.0, 918.5)	(14.0, 1357.0)	(15.0, 1935.5)	(16.0, 2846.0)	(17.0, 4288.5)	(18.0, 6603.0)	(19.0, 10354.0)	(20.0, 15873.5)	(21.0, 23584.0)	(22.0, 35312.0)	(23.0, 50134.0)	(24.0, 68436.0)	(25.0, 92068.0)	(26.0, 119180.0)	(27.0, 149808.5)	(28.0, 185984.0)	(29.0, 223664.5)	(30.0, 261130.5)	(31.0, 300863.5)	(32.0, 341046.5)	(33.0, 383291.5)	(34.0, 427416.5)	(35.0, 473008.0)	(36.0, 524782.0)	(37.0, 581408.5)	(38.0, 613393.0)	(39.0, 638570.5)	(40.0, 674211.0)	(41.0, 704130.0)	(42.0, 782094.5)	(43.0, 806323.0)	(44.0, 777420.5)	(45.0, 803525.5)	(46.0, 835940.5)	(47.0, 859918.0)	(48.0, 878598.0)	(49.0, 893628.5)	(50.0, 904375.0)	(51.0, 938386.5)	(52.0, 979786.0)	(53.0, 975300.5)	(54.0, 989437.0)	(55.0, 1064611.0)	(56.0, 1075818.0)	(57.0, 1102670.5)	(58.0, 1188485.5)	(59.0, 1327014.5)	(60.0, 1442322.0)	(61.0, 1500705.0)	(62.0, 1364851.5)	(63.0, 1161686.0)	(64.0, 1017680.5)	(65.0, 779794.5)	(66.0, 671361.0)	(67.0, 662198.0)	(68.0, 607338.0)	(69.0, 483646.5)	(70.0, 355855.5)	(71.0, 265058.5)	(72.0, 213291.0)	(73.0, 168583.0)	(74.0, 127275.0)	(75.0, 112911.0)	(76.0, 101983.5)	(77.0, 91018.5)	(78.0, 83161.5)	(79.0, 72702.0)	(80.0, 60804.0)	(81.0, 54598.0)	(82.0, 51481.5)	(83.0, 45933.0)	(84.0, 37808.5)	(85.0, 31511.0)	(86.0, 28346.5)	(87.0, 23914.5)	(88.0, 19385.5)	(89.0, 18052.5)	(90.0, 15353.0)	(91.0, 10936.0)	(92.0, 7361.0)	(93.0, 4795.0)	(94.0, 2997.0)	(95.0, 1659.0)	(96.0, 948.0)	(97.0, 554.0)	(98.0, 276.5)	(99.0, 144.5)	(100.0, 49.0)
SRR29999139_2	(0.0, 3404.0)	(1.0, 1753.0)	(2.0, 141.5)	(3.0, 214.5)	(4.0, 334.0)	(5.0, 453.5)	(6.0, 573.0)	(7.0, 688.5)	(8.0, 767.5)	(9.0, 861.5)	(10.0, 968.0)	(11.0, 1132.5)	(12.0, 1385.0)	(13.0, 1633.0)	(14.0, 1954.5)	(15.0, 2493.5)	(16.0, 3395.5)	(17.0, 4775.0)	(18.0, 6752.5)	(19.0, 9871.5)	(20.0, 14360.5)	(21.0, 20637.0)	(22.0, 29575.0)	(23.0, 42145.5)	(24.0, 58777.0)	(25.0, 77921.0)	(26.0, 100485.5)	(27.0, 127731.0)	(28.0, 157958.0)	(29.0, 190038.0)	(30.0, 224963.0)	(31.0, 263885.0)	(32.0, 305798.0)	(33.0, 351465.5)	(34.0, 398757.0)	(35.0, 445536.0)	(36.0, 492112.5)	(37.0, 533037.5)	(38.0, 568701.5)	(39.0, 605049.5)	(40.0, 642022.0)	(41.0, 682165.0)	(42.0, 718590.0)	(43.0, 738070.0)	(44.0, 758170.5)	(45.0, 793449.0)	(46.0, 824341.5)	(47.0, 854921.0)	(48.0, 885208.0)	(49.0, 900031.0)	(50.0, 913485.5)	(51.0, 929667.0)	(52.0, 954331.0)	(53.0, 995401.5)	(54.0, 1015786.0)	(55.0, 1031220.0)	(56.0, 1067333.0)	(57.0, 1062759.0)	(58.0, 1108897.5)	(59.0, 1172484.0)	(60.0, 1171731.5)	(61.0, 1316882.5)	(62.0, 1446072.0)	(63.0, 1362664.5)	(64.0, 1321694.5)	(65.0, 1215832.0)	(66.0, 922844.5)	(67.0, 688871.5)	(68.0, 545785.0)	(69.0, 425756.5)	(70.0, 338619.5)	(71.0, 272924.0)	(72.0, 223263.5)	(73.0, 187556.5)	(74.0, 156703.5)	(75.0, 134865.5)	(76.0, 120497.0)	(77.0, 112892.5)	(78.0, 105246.0)	(79.0, 92557.0)	(80.0, 80521.0)	(81.0, 72728.5)	(82.0, 66397.5)	(83.0, 57836.5)	(84.0, 48960.5)	(85.0, 44942.5)	(86.0, 39547.0)	(87.0, 30497.5)	(88.0, 23676.5)	(89.0, 21072.0)	(90.0, 19943.5)	(91.0, 18479.0)	(92.0, 15485.0)	(93.0, 12777.5)	(94.0, 11557.5)	(95.0, 11114.5)	(96.0, 10297.5)	(97.0, 8251.0)	(98.0, 6048.0)	(99.0, 4726.0)	(100.0, 7577.5)
SRR29999140_1	(0.0, 91347.0)	(1.0, 45892.0)	(2.0, 630.0)	(3.0, 751.5)	(4.0, 638.5)	(5.0, 564.0)	(6.0, 534.0)	(7.0, 500.5)	(8.0, 492.0)	(9.0, 547.5)	(10.0, 612.5)	(11.0, 749.0)	(12.0, 926.0)	(13.0, 1204.5)	(14.0, 1718.0)	(15.0, 2454.5)	(16.0, 3596.5)	(17.0, 5480.0)	(18.0, 8531.5)	(19.0, 12750.5)	(20.0, 19342.0)	(21.0, 29562.0)	(22.0, 43500.5)	(23.0, 61097.0)	(24.0, 83079.0)	(25.0, 110233.0)	(26.0, 142541.0)	(27.0, 179842.0)	(28.0, 221598.0)	(29.0, 266462.5)	(30.0, 313445.0)	(31.0, 360984.5)	(32.0, 409748.0)	(33.0, 462106.5)	(34.0, 514874.0)	(35.0, 570253.5)	(36.0, 639823.0)	(37.0, 715932.5)	(38.0, 754691.0)	(39.0, 789967.0)	(40.0, 839625.5)	(41.0, 874703.5)	(42.0, 992590.5)	(43.0, 1027191.5)	(44.0, 976038.5)	(45.0, 1013510.0)	(46.0, 1058148.5)	(47.0, 1093342.5)	(48.0, 1120647.5)	(49.0, 1143534.5)	(50.0, 1162164.5)	(51.0, 1210665.5)	(52.0, 1270040.5)	(53.0, 1282232.5)	(54.0, 1340885.0)	(55.0, 1515909.5)	(56.0, 1561960.0)	(57.0, 1537559.5)	(58.0, 1611378.0)	(59.0, 1766899.0)	(60.0, 1900837.5)	(61.0, 1973095.5)	(62.0, 1781154.0)	(63.0, 1520481.5)	(64.0, 1374489.0)	(65.0, 1100058.5)	(66.0, 987841.5)	(67.0, 1038088.0)	(68.0, 986399.5)	(69.0, 780162.0)	(70.0, 545972.5)	(71.0, 377107.5)	(72.0, 280001.5)	(73.0, 209499.0)	(74.0, 157926.5)	(75.0, 139213.0)	(76.0, 130011.5)	(77.0, 119694.0)	(78.0, 113358.0)	(79.0, 102350.0)	(80.0, 86553.0)	(81.0, 86123.0)	(82.0, 97740.0)	(83.0, 88206.5)	(84.0, 65389.0)	(85.0, 57960.5)	(86.0, 56965.5)	(87.0, 49198.0)	(88.0, 39362.0)	(89.0, 39849.5)	(90.0, 37076.5)	(91.0, 31792.5)	(92.0, 25934.5)	(93.0, 17920.0)	(94.0, 10931.5)	(95.0, 5729.0)	(96.0, 3303.5)	(97.0, 2135.5)	(98.0, 1318.5)	(99.0, 675.0)	(100.0, 231.0)
SRR29999140_2	(0.0, 5242.0)	(1.0, 2824.5)	(2.0, 438.5)	(3.0, 544.5)	(4.0, 720.0)	(5.0, 944.0)	(6.0, 1170.0)	(7.0, 1312.5)	(8.0, 1411.5)	(9.0, 1542.0)	(10.0, 1680.0)	(11.0, 1931.5)	(12.0, 2204.0)	(13.0, 2511.5)	(14.0, 3011.0)	(15.0, 3802.0)	(16.0, 5034.0)	(17.0, 6863.0)	(18.0, 9700.0)	(19.0, 13909.0)	(20.0, 20115.5)	(21.0, 28614.0)	(22.0, 40572.5)	(23.0, 57517.5)	(24.0, 78624.0)	(25.0, 103011.5)	(26.0, 132150.5)	(27.0, 166104.0)	(28.0, 202462.0)	(29.0, 242331.0)	(30.0, 284954.0)	(31.0, 332700.0)	(32.0, 385004.0)	(33.0, 437558.0)	(34.0, 490482.0)	(35.0, 547972.5)	(36.0, 610541.5)	(37.0, 662771.5)	(38.0, 706684.0)	(39.0, 752139.0)	(40.0, 798762.0)	(41.0, 851818.5)	(42.0, 900115.0)	(43.0, 926845.5)	(44.0, 954197.0)	(45.0, 1006644.5)	(46.0, 1054737.0)	(47.0, 1098322.0)	(48.0, 1137428.5)	(49.0, 1161236.0)	(50.0, 1187112.5)	(51.0, 1221914.0)	(52.0, 1280452.5)	(53.0, 1354089.0)	(54.0, 1374518.0)	(55.0, 1397549.5)	(56.0, 1491727.0)	(57.0, 1492210.0)	(58.0, 1549674.0)	(59.0, 1594568.5)	(60.0, 1526267.0)	(61.0, 1722228.5)	(62.0, 1907231.0)	(63.0, 1822640.0)	(64.0, 1820384.5)	(65.0, 1745024.5)	(66.0, 1325100.5)	(67.0, 967886.0)	(68.0, 775075.5)	(69.0, 588765.0)	(70.0, 463677.0)	(71.0, 359619.5)	(72.0, 278519.0)	(73.0, 225897.0)	(74.0, 186082.0)	(75.0, 161368.5)	(76.0, 146325.5)	(77.0, 138887.5)	(78.0, 130923.0)	(79.0, 117423.5)	(80.0, 105173.5)	(81.0, 103293.5)	(82.0, 107370.0)	(83.0, 96479.5)	(84.0, 84401.5)	(85.0, 84613.5)	(86.0, 75320.5)	(87.0, 58721.0)	(88.0, 46099.5)	(89.0, 42159.5)	(90.0, 41750.0)	(91.0, 40577.5)	(92.0, 34692.5)	(93.0, 27968.5)	(94.0, 24151.5)	(95.0, 21010.5)	(96.0, 18421.0)	(97.0, 15086.0)	(98.0, 9942.5)	(99.0, 6380.5)	(100.0, 9177.5)
SRR29999141_1	(0.0, 72810.0)	(1.0, 36604.0)	(2.0, 641.5)	(3.0, 800.5)	(4.0, 664.5)	(5.0, 587.0)	(6.0, 556.5)	(7.0, 520.0)	(8.0, 511.5)	(9.0, 549.0)	(10.0, 632.5)	(11.0, 737.0)	(12.0, 878.5)	(13.0, 1195.5)	(14.0, 1683.0)	(15.0, 2399.5)	(16.0, 3504.5)	(17.0, 5336.0)	(18.0, 8271.5)	(19.0, 12663.5)	(20.0, 19408.5)	(21.0, 29561.0)	(22.0, 44114.5)	(23.0, 62536.5)	(24.0, 85245.5)	(25.0, 113875.0)	(26.0, 147203.5)	(27.0, 184637.5)	(28.0, 227468.5)	(29.0, 273239.0)	(30.0, 319733.0)	(31.0, 366130.0)	(32.0, 413484.0)	(33.0, 463140.0)	(34.0, 515002.0)	(35.0, 569625.0)	(36.0, 639470.0)	(37.0, 719774.5)	(38.0, 753474.5)	(39.0, 784141.0)	(40.0, 834086.5)	(41.0, 860148.0)	(42.0, 969036.0)	(43.0, 995576.5)	(44.0, 929909.5)	(45.0, 957278.0)	(46.0, 989560.0)	(47.0, 1002815.0)	(48.0, 1014731.5)	(49.0, 1026203.5)	(50.0, 1035688.5)	(51.0, 1080332.0)	(52.0, 1136208.0)	(53.0, 1138678.0)	(54.0, 1176679.0)	(55.0, 1322187.5)	(56.0, 1357364.5)	(57.0, 1328408.5)	(58.0, 1379357.0)	(59.0, 1561817.0)	(60.0, 1751324.0)	(61.0, 1832233.5)	(62.0, 1624202.0)	(63.0, 1363424.0)	(64.0, 1227559.5)	(65.0, 966294.0)	(66.0, 853096.5)	(67.0, 870520.0)	(68.0, 797181.0)	(69.0, 628134.0)	(70.0, 443427.5)	(71.0, 300349.0)	(72.0, 223976.5)	(73.0, 165224.5)	(74.0, 121576.0)	(75.0, 104869.5)	(76.0, 92163.5)	(77.0, 80245.5)	(78.0, 71518.0)	(79.0, 62491.0)	(80.0, 53402.0)	(81.0, 48901.0)	(82.0, 49822.5)	(83.0, 42477.0)	(84.0, 29857.5)	(85.0, 24987.5)	(86.0, 21988.0)	(87.0, 17273.5)	(88.0, 12857.5)	(89.0, 11831.0)	(90.0, 10783.5)	(91.0, 9625.0)	(92.0, 7847.0)	(93.0, 5330.0)	(94.0, 3339.5)	(95.0, 1861.0)	(96.0, 1121.0)	(97.0, 751.5)	(98.0, 468.0)	(99.0, 218.0)	(100.0, 67.0)
SRR29999141_2	(0.0, 4008.0)	(1.0, 2131.5)	(2.0, 293.5)	(3.0, 402.5)	(4.0, 565.0)	(5.0, 755.5)	(6.0, 927.0)	(7.0, 1049.0)	(8.0, 1162.5)	(9.0, 1282.0)	(10.0, 1410.5)	(11.0, 1673.5)	(12.0, 1954.0)	(13.0, 2221.5)	(14.0, 2674.0)	(15.0, 3393.5)	(16.0, 4534.5)	(17.0, 6204.5)	(18.0, 8952.5)	(19.0, 13348.0)	(20.0, 19570.5)	(21.0, 27972.5)	(22.0, 39807.0)	(23.0, 56807.5)	(24.0, 78532.0)	(25.0, 103488.5)	(26.0, 133598.0)	(27.0, 168851.5)	(28.0, 206267.0)	(29.0, 246407.0)	(30.0, 288607.5)	(31.0, 335730.5)	(32.0, 386586.5)	(33.0, 437954.0)	(34.0, 490491.5)	(35.0, 545201.5)	(36.0, 603577.5)	(37.0, 652922.5)	(38.0, 692701.0)	(39.0, 733568.0)	(40.0, 776004.5)	(41.0, 825936.5)	(42.0, 868498.0)	(43.0, 886087.0)	(44.0, 902549.0)	(45.0, 945750.0)	(46.0, 982300.5)	(47.0, 1003982.5)	(48.0, 1018356.0)	(49.0, 1028369.5)	(50.0, 1050728.0)	(51.0, 1079549.0)	(52.0, 1134608.0)	(53.0, 1208321.5)	(54.0, 1225999.5)	(55.0, 1229314.5)	(56.0, 1300290.5)	(57.0, 1292585.0)	(58.0, 1334877.5)	(59.0, 1391720.5)	(60.0, 1350326.0)	(61.0, 1582561.0)	(62.0, 1811957.5)	(63.0, 1679781.5)	(64.0, 1590939.5)	(65.0, 1514696.0)	(66.0, 1164124.0)	(67.0, 861455.0)	(68.0, 694228.5)	(69.0, 517416.5)	(70.0, 391826.5)	(71.0, 300671.0)	(72.0, 232537.0)	(73.0, 186502.5)	(74.0, 151024.0)	(75.0, 129193.5)	(76.0, 113073.5)	(77.0, 102146.5)	(78.0, 93690.5)	(79.0, 82953.5)	(80.0, 73010.0)	(81.0, 66493.5)	(82.0, 63689.5)	(83.0, 56359.5)	(84.0, 47397.0)	(85.0, 43100.5)	(86.0, 35588.0)	(87.0, 26838.0)	(88.0, 20485.0)	(89.0, 17024.5)	(90.0, 15332.0)	(91.0, 14044.0)	(92.0, 11647.0)	(93.0, 9418.0)	(94.0, 7830.0)	(95.0, 6225.5)	(96.0, 5255.0)	(97.0, 4681.0)	(98.0, 3385.0)	(99.0, 2363.5)	(100.0, 5650.5)
SRR29999142_1	(0.0, 44028.0)	(1.0, 22087.5)	(2.0, 258.0)	(3.0, 360.0)	(4.0, 333.0)	(5.0, 324.0)	(6.0, 357.0)	(7.0, 375.5)	(8.0, 414.0)	(9.0, 499.0)	(10.0, 591.0)	(11.0, 747.0)	(12.0, 985.0)	(13.0, 1358.5)	(14.0, 2014.0)	(15.0, 3082.5)	(16.0, 4726.5)	(17.0, 7156.0)	(18.0, 11127.5)	(19.0, 17297.5)	(20.0, 26703.5)	(21.0, 40483.0)	(22.0, 60292.0)	(23.0, 85573.5)	(24.0, 116305.5)	(25.0, 153713.5)	(26.0, 198030.0)	(27.0, 248339.5)	(28.0, 304771.5)	(29.0, 364349.0)	(30.0, 424397.5)	(31.0, 484145.0)	(32.0, 542508.0)	(33.0, 601028.5)	(34.0, 659818.5)	(35.0, 719146.5)	(36.0, 781941.5)	(37.0, 842789.5)	(38.0, 879437.5)	(39.0, 911871.5)	(40.0, 953314.0)	(41.0, 973503.0)	(42.0, 1017884.0)	(43.0, 1033461.0)	(44.0, 1008998.5)	(45.0, 1025599.5)	(46.0, 1042831.5)	(47.0, 1046723.0)	(48.0, 1051784.5)	(49.0, 1056274.0)	(50.0, 1059345.0)	(51.0, 1087139.0)	(52.0, 1112335.5)	(53.0, 1082497.0)	(54.0, 1070870.5)	(55.0, 1127610.5)	(56.0, 1142096.0)	(57.0, 1138340.5)	(58.0, 1182014.0)	(59.0, 1366835.5)	(60.0, 1524671.5)	(61.0, 1528239.0)	(62.0, 1314710.5)	(63.0, 1096404.5)	(64.0, 978263.0)	(65.0, 761132.5)	(66.0, 641235.0)	(67.0, 602274.5)	(68.0, 539490.0)	(69.0, 433630.5)	(70.0, 323167.0)	(71.0, 240600.0)	(72.0, 191020.5)	(73.0, 148570.0)	(74.0, 114912.0)	(75.0, 99388.0)	(76.0, 91267.5)	(77.0, 82168.5)	(78.0, 75098.5)	(79.0, 66966.0)	(80.0, 56796.0)	(81.0, 56288.5)	(82.0, 65681.0)	(83.0, 57272.5)	(84.0, 39029.5)	(85.0, 34592.0)	(86.0, 32488.5)	(87.0, 26635.5)	(88.0, 20124.5)	(89.0, 19763.5)	(90.0, 18776.0)	(91.0, 17246.0)	(92.0, 14529.5)	(93.0, 9716.5)	(94.0, 5939.0)	(95.0, 3336.0)	(96.0, 2057.0)	(97.0, 1358.5)	(98.0, 842.5)	(99.0, 407.5)	(100.0, 117.5)
SRR29999142_2	(0.0, 3874.0)	(1.0, 2041.5)	(2.0, 257.5)	(3.0, 408.5)	(4.0, 561.5)	(5.0, 721.5)	(6.0, 890.0)	(7.0, 1045.0)	(8.0, 1218.5)	(9.0, 1393.0)	(10.0, 1583.0)	(11.0, 1867.5)	(12.0, 2249.0)	(13.0, 2684.5)	(14.0, 3365.0)	(15.0, 4601.5)	(16.0, 6323.0)	(17.0, 8853.0)	(18.0, 12801.5)	(19.0, 19161.0)	(20.0, 28444.0)	(21.0, 40762.5)	(22.0, 58204.5)	(23.0, 82156.5)	(24.0, 111917.5)	(25.0, 147247.0)	(26.0, 188515.0)	(27.0, 235200.0)	(28.0, 286375.5)	(29.0, 339923.5)	(30.0, 394352.0)	(31.0, 454155.5)	(32.0, 516439.0)	(33.0, 576399.0)	(34.0, 635814.0)	(35.0, 695691.0)	(36.0, 754271.5)	(37.0, 801135.0)	(38.0, 840289.5)	(39.0, 876944.0)	(40.0, 910339.0)	(41.0, 945233.5)	(42.0, 968825.5)	(43.0, 977549.0)	(44.0, 985910.5)	(45.0, 1011697.0)	(46.0, 1036597.5)	(47.0, 1049371.5)	(48.0, 1059436.0)	(49.0, 1066751.0)	(50.0, 1074052.5)	(51.0, 1082078.0)	(52.0, 1096788.5)	(53.0, 1112198.5)	(54.0, 1104313.5)	(55.0, 1091900.5)	(56.0, 1116113.5)	(57.0, 1106486.5)	(58.0, 1140465.5)	(59.0, 1201320.5)	(60.0, 1193144.5)	(61.0, 1376508.5)	(62.0, 1541241.5)	(63.0, 1349091.0)	(64.0, 1174846.5)	(65.0, 1056976.5)	(66.0, 797956.5)	(67.0, 600253.5)	(68.0, 498185.0)	(69.0, 393867.0)	(70.0, 310147.5)	(71.0, 250961.0)	(72.0, 202806.5)	(73.0, 167563.0)	(74.0, 139453.5)	(75.0, 119536.0)	(76.0, 105841.0)	(77.0, 96878.5)	(78.0, 89091.0)	(79.0, 79084.0)	(80.0, 69934.5)	(81.0, 67035.0)	(82.0, 69748.0)	(83.0, 63155.5)	(84.0, 55206.0)	(85.0, 54380.0)	(86.0, 45842.0)	(87.0, 34358.5)	(88.0, 26516.5)	(89.0, 23354.0)	(90.0, 23108.5)	(91.0, 22250.0)	(92.0, 18466.5)	(93.0, 14576.5)	(94.0, 11891.0)	(95.0, 9739.0)	(96.0, 8456.0)	(97.0, 6989.5)	(98.0, 4775.5)	(99.0, 3333.5)	(100.0, 5738.0)
SRR29999143_1	(0.0, 35857.0)	(1.0, 18021.5)	(2.0, 288.5)	(3.0, 369.5)	(4.0, 372.0)	(5.0, 363.5)	(6.0, 352.0)	(7.0, 390.0)	(8.0, 421.0)	(9.0, 477.5)	(10.0, 574.0)	(11.0, 734.0)	(12.0, 998.0)	(13.0, 1368.5)	(14.0, 2005.0)	(15.0, 2944.0)	(16.0, 4412.0)	(17.0, 6943.0)	(18.0, 11058.5)	(19.0, 17103.0)	(20.0, 26465.0)	(21.0, 40141.0)	(22.0, 59659.5)	(23.0, 84415.0)	(24.0, 114180.0)	(25.0, 151893.5)	(26.0, 196856.5)	(27.0, 246866.0)	(28.0, 302656.0)	(29.0, 360544.0)	(30.0, 418044.0)	(31.0, 475596.5)	(32.0, 531855.5)	(33.0, 587785.0)	(34.0, 643982.0)	(35.0, 701306.0)	(36.0, 758565.0)	(37.0, 812301.5)	(38.0, 852028.0)	(39.0, 886569.5)	(40.0, 930001.0)	(41.0, 950816.5)	(42.0, 972020.5)	(43.0, 987497.0)	(44.0, 982227.5)	(45.0, 1003319.5)	(46.0, 1024712.5)	(47.0, 1026682.5)	(48.0, 1028999.5)	(49.0, 1034488.0)	(50.0, 1045144.5)	(51.0, 1085352.0)	(52.0, 1117463.5)	(53.0, 1072573.0)	(54.0, 1031394.0)	(55.0, 1050930.5)	(56.0, 1062052.0)	(57.0, 1083525.5)	(58.0, 1145485.5)	(59.0, 1356877.5)	(60.0, 1508000.0)	(61.0, 1485024.0)	(62.0, 1276687.0)	(63.0, 1064270.0)	(64.0, 948986.0)	(65.0, 743470.5)	(66.0, 610977.5)	(67.0, 542885.0)	(68.0, 473630.5)	(69.0, 385450.0)	(70.0, 297779.5)	(71.0, 232062.5)	(72.0, 189490.0)	(73.0, 149343.5)	(74.0, 115421.5)	(75.0, 98173.5)	(76.0, 85020.0)	(77.0, 72955.0)	(78.0, 63565.0)	(79.0, 55026.0)	(80.0, 46562.0)	(81.0, 40901.0)	(82.0, 38968.5)	(83.0, 32739.0)	(84.0, 23820.0)	(85.0, 19494.5)	(86.0, 16739.5)	(87.0, 13029.5)	(88.0, 9468.0)	(89.0, 8288.0)	(90.0, 7284.5)	(91.0, 6470.0)	(92.0, 5617.0)	(93.0, 3988.0)	(94.0, 2298.5)	(95.0, 1184.5)	(96.0, 702.5)	(97.0, 438.0)	(98.0, 272.0)	(99.0, 137.5)	(100.0, 41.5)
SRR29999143_2	(0.0, 3434.0)	(1.0, 1827.0)	(2.0, 274.0)	(3.0, 406.5)	(4.0, 561.5)	(5.0, 748.5)	(6.0, 945.5)	(7.0, 1131.5)	(8.0, 1290.5)	(9.0, 1438.0)	(10.0, 1600.0)	(11.0, 1806.5)	(12.0, 2137.0)	(13.0, 2524.5)	(14.0, 3144.5)	(15.0, 4163.5)	(16.0, 5782.5)	(17.0, 8149.0)	(18.0, 11891.0)	(19.0, 17689.5)	(20.0, 26274.0)	(21.0, 38320.0)	(22.0, 54755.5)	(23.0, 77657.0)	(24.0, 106307.0)	(25.0, 139761.0)	(26.0, 179116.5)	(27.0, 224505.0)	(28.0, 273407.5)	(29.0, 323808.5)	(30.0, 375679.0)	(31.0, 433914.0)	(32.0, 493555.5)	(33.0, 550916.5)	(34.0, 608015.0)	(35.0, 664593.0)	(36.0, 719368.5)	(37.0, 764661.0)	(38.0, 805658.5)	(39.0, 843219.0)	(40.0, 878029.5)	(41.0, 914438.0)	(42.0, 936850.5)	(43.0, 946014.5)	(44.0, 958378.0)	(45.0, 984766.0)	(46.0, 1010689.5)	(47.0, 1024682.5)	(48.0, 1035964.0)	(49.0, 1049009.5)	(50.0, 1062418.5)	(51.0, 1071701.5)	(52.0, 1073725.5)	(53.0, 1067201.5)	(54.0, 1058464.0)	(55.0, 1049123.5)	(56.0, 1052007.5)	(57.0, 1048849.5)	(58.0, 1094763.5)	(59.0, 1172416.5)	(60.0, 1190019.0)	(61.0, 1363568.5)	(62.0, 1513557.5)	(63.0, 1321971.0)	(64.0, 1149956.5)	(65.0, 1010490.0)	(66.0, 757435.5)	(67.0, 580365.5)	(68.0, 485343.5)	(69.0, 389219.0)	(70.0, 303649.5)	(71.0, 249167.5)	(72.0, 206429.5)	(73.0, 173500.0)	(74.0, 145332.5)	(75.0, 123827.5)	(76.0, 107222.5)	(77.0, 95053.5)	(78.0, 85412.5)	(79.0, 75086.5)	(80.0, 64793.0)	(81.0, 57169.0)	(82.0, 52487.0)	(83.0, 45631.0)	(84.0, 38235.5)	(85.0, 32864.5)	(86.0, 26285.0)	(87.0, 20159.0)	(88.0, 15348.5)	(89.0, 12290.0)	(90.0, 10459.0)	(91.0, 9217.0)	(92.0, 7547.5)	(93.0, 6119.0)	(94.0, 5005.5)	(95.0, 3849.0)	(96.0, 3188.0)	(97.0, 2694.5)	(98.0, 2038.0)	(99.0, 1696.0)	(100.0, 4188.0)
