Sample	0	1	2	3	4	5	6	7	8	9	10	11	12	13	14	15	16	17	18	19	20	21	22	23	24	25	26	27	28	29	30	31	32	33	34	35	36	37	38	39	40	41	42	43	44	45	46	47	48	49	50	51	52	53	54
SRR29999095_1	(1, 0.1635387820001886)	(2, 0.26451116240169975)	(3, 0.1630464298616998)	(4, 0.1734687207932818)	(5, 0.1630464298616998)	(6, 0.1630464298616998)	(7, 0.1630464298616998)	(8, 0.1630464298616998)	(9, 0.1630464298616998)	(10, 0.1630464298616998)	(12, 0.1630464298616998)	(14, 0.1630464298616998)	(16, 0.1631255578839569)	(18, 0.16509622243826547)	(20, 0.16318584590091476)	(22, 0.1631582138931424)	(24, 0.1636329820266852)	(26, 0.16417934218036537)	(28, 0.16489023838032624)	(30, 0.16568277460325084)	(32, 0.17622564156874848)	(34, 0.1696014957055087)	(36, 1.258137475927112e-06)	(38, 6.290813619234036e-06)	(40, 5.032777789737615e-06)	(42, 0.0)	(44, 0.0027946535974018)	(46, 0.0004253221828118296)	(48, 0.0)	(50, 2.5170257600344912e-06)	(52, 0.00013719016592194015)	(54, 3.7763046049869576e-06)	(56, 0.0003424331803651584)	(58, 0.00013347108892816016)	(60, 8.690082526439229e-05)	(62, 0.0006966507062268189)	(64, 0.00035411046895718925)	(66, 0.001955360124322074)	(68, 0.002603452190217854)	(70, 0.002724961472528286)	(72, 0.0023595050228342107)	(74, 0.002677852080938243)	(76, 0.002126601660167029)	(78, 2.535500589649678e-06)	(80, 0.0016867145862111263)	(82, 5.9833826187954464e-05)	(84, 0.0)	(86, 5.123581030638041e-06)	(88, 1.4146534251505135e-05)	(90, 1.0336575968897656e-05)	(92, 0.01034549899125212)	(94, 0.0063537705100784984)	(96, 0.00074551886423988)	(98, 0.005175673906833935)	(100, 0.00509471254055904)
SRR29999095_2	(1, 0.058805936540933836)	(2, 0.01837026116718706)	(3, 0.00930445061715587)	(4, 0.009136146569815307)	(5, 0.009163778577587638)	(6, 0.010728755017784211)	(7, 0.009143682571935034)	(8, 0.009206482589599423)	(9, 0.009136146569815307)	(10, 0.00914619457264161)	(12, 0.009235370597725041)	(14, 0.009556906688166713)	(16, 0.009610914703358089)	(18, 0.009383578639413)	(20, 0.009225322594898739)	(22, 0.013209355715527575)	(24, 0.012228419439609818)	(26, 0.01592734048004233)	(28, 0.012922987634977963)	(30, 0.013034771666420574)	(32, 0.01428826001900178)	(34, 0.014889884188226624)	(36, 0.001003702846976117)	(38, 0.0005062580720996666)	(40, 0.00021984459248569925)	(42, 0.0001796500670465357)	(44, 0.00011558376011485106)	(46, 0.004305710901704439)	(48, 7.036293730785422e-05)	(50, 0.0025696840512515378)	(52, 8.168424159675249e-05)	(54, 0.0007603772899107712)	(56, 0.00296525538987961)	(58, 0.0002476702402255494)	(60, 0.00044514727974395533)	(62, 0.0004943187431152279)	(64, 0.0006618224950798656)	(66, 0.0006004194401817531)	(68, 0.00023046781490517723)	(70, 0.005055749021125962)	(72, 0.0019307819586220438)	(74, 0.00165237945418511)	(76, 0.0011260534998254617)	(78, 0.000560706723360909)	(80, 0.0040501365310661765)	(82, 0.00028850749581873836)	(84, 0.0010973056214852288)	(86, 0.0017313642359941008)	(88, 0.0006226474118068404)	(90, 6.190995460220416e-05)	(92, 0.003851362969984327)	(94, 0.0005694407827689727)	(96, 0.00339625402004738)	(98, 6.993706269581957e-05)	(100, 0.0006456564050788069)
SRR29999096_1	(1, 0.1601915335437039)	(2, 0.24103533485798148)	(3, 0.15752307641961663)	(4, 0.16612993382939958)	(5, 0.1575128817410146)	(6, 0.15773206733095874)	(7, 0.15767599659864742)	(8, 0.1575128817410146)	(9, 0.1575307224285682)	(10, 0.1575128817410146)	(12, 0.1586546857444445)	(14, 0.1575128817410146)	(16, 0.15755620912507332)	(18, 0.1591822603621007)	(20, 0.15765178423696755)	(22, 0.1576976602906768)	(24, 0.1580404563586708)	(26, 0.15849539389128742)	(28, 0.1590535525447498)	(30, 0.15990225953837067)	(32, 0.1684135418362594)	(34, 0.16303075153437557)	(36, 3.063407402014297e-05)	(38, 6.38221606216401e-06)	(40, 3.829411511739463e-06)	(42, 5.616617477649851e-05)	(44, 0.002366716248989119)	(46, 0.0003536170588954318)	(48, 5.10662811860343e-06)	(50, 4.4685407454184755e-05)	(52, 0.0001710929279619228)	(54, 0.0002707081002439757)	(56, 0.00031798701195458765)	(58, 0.0001685926998977779)	(60, 0.0003040258774563662)	(62, 0.0005570629189790314)	(64, 0.0006044751686520865)	(66, 0.0015416615826562305)	(68, 0.0022416825043304564)	(70, 0.0022349238046416643)	(72, 0.0019711065727022244)	(74, 0.002225908646839268)	(76, 0.0017328599959605905)	(78, 0.00017319238688859738)	(80, 0.0022630709235381802)	(82, 0.0002122212480338023)	(84, 0.0003066295498897229)	(86, 1.0328041447153291e-05)	(88, 0.00010353372912121023)	(90, 1.557549466927397e-05)	(92, 0.008540165632578443)	(94, 0.005162355491494902)	(96, 0.000726325747781963)	(98, 0.004152789673673466)	(100, 0.004276539933787168)
SRR29999096_2	(1, 0.051618206431843124)	(2, 0.02137569235885391)	(3, 0.009345971608431774)	(4, 0.009218538125906115)	(5, 0.009876094895738511)	(6, 0.01053620033522142)	(7, 0.009228732804508168)	(8, 0.00931029023332459)	(9, 0.010306820066675238)	(10, 0.009259316840314327)	(12, 0.009286077871644715)	(14, 0.009556236854599111)	(16, 0.00990667893154467)	(18, 0.010064696449876486)	(20, 0.00930646722884882)	(22, 0.012567490046680414)	(24, 0.011757013097817228)	(26, 0.014860018397317007)	(28, 0.01228586205029871)	(30, 0.012536906010874257)	(32, 0.013657046322274793)	(34, 0.014132373212095498)	(36, 0.0013140365473201577)	(38, 0.0005850181217966434)	(40, 0.0005340473338005504)	(42, 0.00030463161784307686)	(44, 0.00026512742521169597)	(46, 0.003445515212618882)	(48, 5.608948281532338e-05)	(50, 0.002165935216278511)	(52, 9.051897845125597e-05)	(54, 0.0006094626626533762)	(56, 0.0024891059216964767)	(58, 0.00021297776843679674)	(60, 0.0004974513716730501)	(62, 0.0009019636450221162)	(64, 0.0006239893748773635)	(66, 0.0004914195654857991)	(68, 0.0002285568417928775)	(70, 0.005260216242405786)	(72, 0.0015949572155921944)	(74, 0.0012762321167495093)	(76, 0.0011671302340735992)	(78, 0.0006161308224298673)	(80, 0.003513747511490916)	(82, 0.0005843024814003678)	(84, 0.0009068574204161544)	(86, 0.001515790613376401)	(88, 0.0006085680646685358)	(90, 0.0009070870242704352)	(92, 0.0034736621757802595)	(94, 0.000646513107308781)	(96, 0.0028276575801494813)	(98, 0.00024086120405231312)	(100, 0.0005303027675267399)
SRR29999097_1	(1, 0.12730922376691667)	(2, 0.22528691375272117)	(3, 0.1268741254725718)	(4, 0.13726545448998073)	(5, 0.1268741254725718)	(6, 0.1268741254725718)	(7, 0.1268741254725718)	(8, 0.1268741254725718)	(9, 0.1268741254725718)	(10, 0.1268741254725718)	(12, 0.1268741254725718)	(14, 0.1268741254725718)	(16, 0.1269184410395884)	(18, 0.1290496169442961)	(20, 0.12699230031794942)	(22, 0.12696544239854543)	(24, 0.12739651200497967)	(26, 0.12788666903410273)	(28, 0.1284560569254676)	(30, 0.1292644802995281)	(32, 0.13979681339380806)	(34, 0.1329749018651912)	(36, 0.0)	(38, 1.4791855862347313e-05)	(40, 4.034246557658098e-06)	(42, 2.6895856299312796e-06)	(44, 0.002812076738575185)	(46, 0.0003832997302753421)	(48, 0.0)	(50, 2.690171122188608e-06)	(52, 0.00014931776913064976)	(54, 5.381423889781981e-06)	(56, 0.00032831138461841515)	(58, 0.00013188462824233145)	(60, 8.749287000411674e-05)	(62, 0.0006543365515427027)	(64, 0.00030841241597815507)	(66, 0.0018956438239654755)	(68, 0.00257588571446133)	(70, 0.002665027297243415)	(72, 0.002272829846995902)	(74, 0.0026179758461874077)	(76, 0.0020461224950923487)	(78, 0.0)	(80, 0.0015994359783694939)	(82, 7.069689738508492e-05)	(84, 0.0)	(86, 2.7349608264723425e-06)	(88, 1.3726973705117067e-05)	(90, 2.068331352584323e-05)	(92, 0.010585836262000487)	(94, 0.006356296765965046)	(96, 0.0006696783904701952)	(98, 0.0051072350411537175)	(100, 0.005165235952138578)
SRR29999097_2	(1, 0.05428254090743133)	(2, 0.01621412594419687)	(3, 0.007426214715206949)	(4, 0.007259695614902127)	(5, 0.007289239326246531)	(6, 0.008771796477347521)	(7, 0.007262381406842528)	(8, 0.0073268404134121355)	(9, 0.007259695614902127)	(10, 0.007270438782663729)	(12, 0.00735638412475654)	(14, 0.0076612215099919785)	(16, 0.007702851285068184)	(18, 0.007471873178193755)	(20, 0.007342955165054539)	(22, 0.011225267414903234)	(24, 0.010197951997700103)	(26, 0.013894944603661176)	(28, 0.010627678708164157)	(30, 0.010868057086829988)	(32, 0.012033690788963736)	(34, 0.012492961210772195)	(36, 0.0009280658073063814)	(38, 0.00046605672600710427)	(40, 0.00018266655563405442)	(42, 0.00018535879115443672)	(44, 0.00010208577217026601)	(46, 0.00421526388156382)	(48, 6.985544316098352e-05)	(50, 0.0025633357198239664)	(52, 7.658433438687401e-05)	(54, 0.0006987421002838425)	(56, 0.0028921058130668325)	(58, 0.0002459768635775082)	(60, 0.00042886850788028405)	(62, 0.0005015875245150903)	(64, 0.0006026232648065041)	(66, 0.0005584444101692646)	(68, 0.00021001828128362312)	(70, 0.005045993707298312)	(72, 0.0018265249872797026)	(74, 0.001565045919054395)	(76, 0.0010454098343540014)	(78, 0.0005788764781198352)	(80, 0.0040889754001793375)	(82, 0.0002308240697637237)	(84, 0.0011230859603323588)	(86, 0.0018285833025599196)	(88, 0.000653879004912948)	(90, 6.334083059271788e-05)	(92, 0.0040110320688728955)	(94, 0.0005504384981200575)	(96, 0.003385208397923859)	(98, 7.894722299195764e-05)	(100, 0.0006499398599156971)
SRR29999098_1	(1, 0.13142502105820483)	(2, 0.23315519673572704)	(3, 0.13098522113599373)	(4, 0.1417965052997143)	(5, 0.13098522113599373)	(6, 0.13098522113599373)	(7, 0.13098522113599373)	(8, 0.13098522113599373)	(9, 0.13098522113599373)	(10, 0.13098522113599373)	(12, 0.13098522113599373)	(14, 0.13098522113599373)	(16, 0.13104506732794016)	(18, 0.13302277520598432)	(20, 0.13111465592322674)	(22, 0.1310687274503376)	(24, 0.13148486725015127)	(26, 0.13192049185664514)	(28, 0.1324785923908434)	(30, 0.1331828289751434)	(32, 0.143699057494849)	(34, 0.13666365051137735)	(36, 0.0)	(38, 8.362208387320099e-06)	(40, 1.3937312726942134e-06)	(42, 0.0)	(44, 0.002832233262062432)	(46, 0.0003735579721411058)	(48, 0.0)	(50, 1.394029197300284e-06)	(52, 0.0001435962492826984)	(54, 5.577097248597632e-06)	(56, 0.0003025953786908653)	(58, 0.00010041594655997212)	(60, 9.48567022118909e-05)	(62, 0.0006390510298711986)	(64, 0.0003154419409985669)	(66, 0.0018152628247829845)	(68, 0.002510623170341451)	(70, 0.0026186118994170615)	(72, 0.002304688269082137)	(74, 0.002607084306816419)	(76, 0.00203705849931163)	(78, 0.0)	(80, 0.0016299413549354519)	(82, 7.487732833171618e-05)	(84, 0.0)	(86, 0.0)	(88, 2.1455551171153406e-05)	(90, 1.0068770566003279e-05)	(92, 0.010420338531707264)	(94, 0.006502835567429803)	(96, 0.0006903419715672134)	(98, 0.005166557227536822)	(100, 0.005334759978914906)
SRR29999098_2	(1, 0.05823173653579678)	(2, 0.016768067920250467)	(3, 0.008172484630454079)	(4, 0.008019389720823639)	(5, 0.00805279224656119)	(6, 0.009572607167619747)	(7, 0.008024956808446563)	(8, 0.008088978316110202)	(9, 0.008019389720823639)	(10, 0.008027740352258027)	(12, 0.008094545403733127)	(14, 0.008428570661108635)	(16, 0.008448055467788873)	(18, 0.008210062471908823)	(20, 0.008083411228487276)	(22, 0.012006816230743757)	(24, 0.010951853126199448)	(26, 0.01465118285163319)	(28, 0.011400003679844919)	(30, 0.011473767590848677)	(32, 0.012698526867892202)	(34, 0.012953221126641028)	(36, 0.0009507104382104195)	(38, 0.0004398675575488052)	(40, 0.00021019438303257487)	(42, 0.00018235893363678602)	(44, 0.0001030153325654422)	(46, 0.004087371178548095)	(48, 5.429681386713895e-05)	(50, 0.002566028522430375)	(52, 7.658299167224017e-05)	(54, 0.0006948835916107024)	(56, 0.0028592621053678616)	(58, 0.0002451573347341475)	(60, 0.0004096075427529266)	(62, 0.00044873124932228695)	(64, 0.0006231276547398825)	(66, 0.0005913151782559351)	(68, 0.00021628170337441597)	(70, 0.0049066752873721305)	(72, 0.0018713177647801088)	(74, 0.001540417146082445)	(76, 0.0010564382668617424)	(78, 0.0005488342696946617)	(80, 0.004037753132476922)	(82, 0.00023561271516890322)	(84, 0.0009583928400438669)	(86, 0.0016644981520303715)	(88, 0.0005755948826672684)	(90, 6.463094695195284e-05)	(92, 0.0037992852081480616)	(94, 0.0005229111708799712)	(96, 0.0033770308586261143)	(98, 6.915002027749182e-05)	(100, 0.0006298315291174322)
SRR29999099_1	(1, 0.15997309391499254)	(2, 0.2627409253767434)	(3, 0.15953390334376774)	(4, 0.16967395734984453)	(5, 0.15953390334376774)	(6, 0.15953390334376774)	(7, 0.15953390334376774)	(8, 0.15953390334376774)	(9, 0.15953390334376774)	(10, 0.15953390334376774)	(12, 0.15953390334376774)	(14, 0.15953390334376774)	(16, 0.1595946718504781)	(18, 0.1614826388657746)	(20, 0.15966787027901555)	(22, 0.15965682145961366)	(24, 0.16017197266422642)	(26, 0.16072993804402141)	(28, 0.16153650186035878)	(30, 0.16259995072778988)	(32, 0.17307561262319882)	(34, 0.16709129581465473)	(36, 0.0)	(38, 6.917347082289287e-06)	(40, 1.3835244266494918e-06)	(42, 1.3835954831695294e-06)	(44, 0.0027300091516880534)	(46, 0.00038746191508835787)	(48, 0.0)	(50, 1.3840830258258406e-06)	(52, 0.0001453484066367799)	(54, 1.3845097997680392e-06)	(56, 0.0003378917141252197)	(58, 0.00010250100797275002)	(60, 4.57241402760092e-05)	(62, 0.0005793822903236975)	(64, 0.0002759500095618758)	(66, 0.001775902498735051)	(68, 0.002503103542967445)	(70, 0.0026744592861575015)	(72, 0.0022791316655753767)	(74, 0.0026142120790546087)	(76, 0.0020125922769726147)	(78, 0.0)	(80, 0.001581656587393414)	(82, 6.026660037901245e-05)	(84, 2.8103503235169905e-06)	(86, 1.4095019147237812e-06)	(88, 1.131646182786264e-05)	(90, 1.846572626972713e-05)	(92, 0.010167569308502497)	(94, 0.006159582828071136)	(96, 0.0006931273758152694)	(98, 0.004974189320156996)	(100, 0.0050664742057670445)
SRR29999099_2	(1, 0.05940397751421617)	(2, 0.01700689526434618)	(3, 0.00881419567785101)	(4, 0.008626365748019022)	(5, 0.008659512206224667)	(6, 0.010239493380693729)	(7, 0.008634652362570433)	(8, 0.008711994098383604)	(9, 0.008626365748019022)	(10, 0.008629127952869492)	(12, 0.008700945278981723)	(14, 0.008988214583430644)	(16, 0.009019979939211052)	(18, 0.00881419567785101)	(20, 0.008698183074131253)	(22, 0.01251555017748133)	(24, 0.011617833601078454)	(26, 0.015353715661339654)	(28, 0.012413348598013926)	(30, 0.012816630506182602)	(32, 0.014402136090352603)	(34, 0.015420008577750943)	(36, 0.0009558864217963763)	(38, 0.000494533846939426)	(40, 0.00016715343081104378)	(42, 0.00011880922760877778)	(44, 9.118489885232199e-05)	(46, 0.004058044320531394)	(48, 5.527306566448492e-05)	(50, 0.002484806541226962)	(52, 5.252243630628337e-05)	(54, 0.0006842906956454975)	(56, 0.0027750654712195293)	(58, 0.00020883840070722915)	(60, 0.00039843721303960486)	(62, 0.0003819721860586518)	(64, 0.0005773573410238254)	(66, 0.0005388733242078575)	(68, 0.00021207971691211268)	(70, 0.0048495025681001384)	(72, 0.0017993341214213156)	(74, 0.0014176005504070405)	(76, 0.000990760642150378)	(78, 0.0005128463266573563)	(80, 0.0038701424250108594)	(82, 0.0002532575993300791)	(84, 0.0009819573335891286)	(86, 0.001608296253404227)	(88, 0.0005069429651743597)	(90, 4.5374074790711374e-05)	(92, 0.0036824189023122525)	(94, 0.0004443929139800964)	(96, 0.0032666285473354835)	(98, 5.453499534971251e-05)	(100, 0.0005417256267678275)
SRR29999100_1	(1, 0.14920193830343015)	(2, 0.25001421111754396)	(3, 0.14879328941024722)	(4, 0.15904051269033773)	(5, 0.14879328941024722)	(6, 0.14879328941024722)	(7, 0.14879328941024722)	(8, 0.14879328941024722)	(9, 0.14879328941024722)	(10, 0.14879328941024722)	(12, 0.14879328941024722)	(14, 0.14879328941024722)	(16, 0.14884683650659533)	(18, 0.15079566898684355)	(20, 0.14891024754174442)	(22, 0.14888770139591362)	(24, 0.14935130651955908)	(26, 0.14998823513927867)	(28, 0.15076466803632624)	(30, 0.15202584306873562)	(32, 0.16311150114690837)	(34, 0.15677039763200085)	(36, 2.8227230162534227e-06)	(38, 1.1291254291241194e-05)	(40, 0.0)	(42, 0.0)	(44, 0.0028091099407145112)	(46, 0.00037410604008883625)	(48, 1.4118450980032275e-06)	(50, 0.0)	(52, 0.00013556720407342167)	(54, 2.824711696506874e-06)	(56, 0.00027969374269723875)	(58, 0.00010172669766316821)	(60, 7.490015950059626e-05)	(62, 0.0005781532101483445)	(64, 0.0003181494549908946)	(66, 0.0017794642610233604)	(68, 0.002496289387526625)	(70, 0.0026164959792399733)	(72, 0.002261035948587386)	(74, 0.0025688320460606896)	(76, 0.002017616630904577)	(78, 0.0)	(80, 0.0014632562907328994)	(82, 5.411786078248673e-05)	(84, 0.0)	(86, 1.4297017507755917e-06)	(88, 1.4332957351196096e-05)	(90, 1.2937681588447146e-05)	(92, 0.010408225943857936)	(94, 0.0063975975753177644)	(96, 0.000612062555066503)	(98, 0.005121271075426241)	(100, 0.005362108098688189)
SRR29999100_2	(1, 0.05973319511042863)	(2, 0.017335167875642675)	(3, 0.009201645767187992)	(4, 0.009060732355745602)	(5, 0.00907482369688984)	(6, 0.010706601001392703)	(7, 0.009072005428660993)	(8, 0.009136825597924492)	(9, 0.009060732355745602)	(10, 0.009073414562775417)	(12, 0.00915796260964085)	(14, 0.00945528990778429)	(16, 0.009480654321843921)	(18, 0.009255192863536097)	(20, 0.009136825597924492)	(22, 0.013075355447739261)	(24, 0.012073461092383875)	(26, 0.01596408038230823)	(28, 0.01291612329280936)	(30, 0.013602371606533794)	(32, 0.015294741677956886)	(34, 0.016403730226008485)	(36, 0.0009090571605840595)	(38, 0.0004496103309009415)	(40, 0.0002142423372598645)	(42, 0.0001268603506600516)	(44, 0.00010713290908701335)	(46, 0.004141850922407681)	(48, 5.4985186849675045e-05)	(50, 0.0025309914616897288)	(52, 6.627890872707507e-05)	(54, 0.0006642921208664141)	(56, 0.002798677303351976)	(58, 0.00022574382909137868)	(60, 0.00040220298286997735)	(62, 0.0004503022826994343)	(64, 0.0005972866327293955)	(66, 0.0005452416212818936)	(68, 0.00022751737589767968)	(70, 0.004924514808749829)	(72, 0.0018447723127969903)	(74, 0.0014454152588850569)	(76, 0.0010399720482717053)	(78, 0.0005885819275763128)	(80, 0.004027103428469392)	(82, 0.00026593588811920754)	(84, 0.0009658887691041187)	(86, 0.0017388386296792373)	(88, 0.0005996680501013353)	(90, 5.598037724142739e-05)	(92, 0.003852303324428279)	(94, 0.0004832714502312085)	(96, 0.0033522388059267177)	(98, 8.152356696614077e-05)	(100, 0.000646626934335977)
SRR29999101_1	(1, 0.1879333848399922)	(2, 0.2773369008509288)	(3, 0.18751915799173202)	(4, 0.19728422188555528)	(5, 0.18751915799173202)	(6, 0.18751915799173202)	(7, 0.18751915799173202)	(8, 0.18751915799173202)	(9, 0.18751915799173202)	(10, 0.18751915799173202)	(12, 0.18751915799173202)	(14, 0.18751915799173202)	(16, 0.18757661526423264)	(18, 0.18918141024733084)	(20, 0.18766079684952422)	(22, 0.18761402930214)	(24, 0.18797347130917866)	(26, 0.1883850257261597)	(28, 0.1889395552165725)	(30, 0.18966645652448708)	(32, 0.19983906618837272)	(34, 0.19296290050725418)	(36, 1.3387973759892742e-06)	(38, 1.3388174509285247e-06)	(40, 2.677686668298806e-06)	(42, 0.0)	(44, 0.0027902954648420025)	(46, 0.00038428094380792317)	(48, 0.0)	(50, 1.3390846662660216e-06)	(52, 0.00011115112700479974)	(54, 2.678565856197817e-06)	(56, 0.00031342443885272025)	(58, 0.00012994047587551246)	(60, 7.101013131019307e-05)	(62, 0.0005923169840355564)	(64, 0.00032840246196221516)	(66, 0.001879871063371325)	(68, 0.002638491565116711)	(70, 0.0027726048656262956)	(72, 0.0024345041834799193)	(74, 0.0026969418976723267)	(76, 0.0021169454747069333)	(78, 0.0)	(80, 0.0015301545054300664)	(82, 1.7553878863058493e-05)	(84, 0.0)	(86, 0.0)	(88, 6.797736636485894e-06)	(90, 1.772957684696196e-05)	(92, 0.009769020437486196)	(94, 0.006147931751054719)	(96, 0.0006487372205510822)	(98, 0.005055825836573116)	(100, 0.005199509780683971)
SRR29999101_2	(1, 0.04632659622315977)	(2, 0.018848657811476544)	(3, 0.010948950950463547)	(4, 0.010764553192205801)	(5, 0.010804639661392267)	(6, 0.012317235765361603)	(7, 0.010775242917322191)	(8, 0.010828691542904148)	(9, 0.010764553192205801)	(10, 0.010773906701682644)	(12, 0.010851407208776477)	(14, 0.011181452471745052)	(16, 0.01122020272529197)	(18, 0.01099304606656866)	(20, 0.01083804505238099)	(22, 0.014751820660619665)	(24, 0.013705563814852892)	(26, 0.01732002711983262)	(28, 0.014131816603868986)	(30, 0.014133152819508535)	(32, 0.015333074463823431)	(34, 0.01554954139743035)	(36, 0.0009127824720961195)	(38, 0.0004958233697003515)	(40, 0.00019779852117004829)	(42, 0.00011493964986763096)	(44, 9.756789044467795e-05)	(46, 0.004273083361387277)	(48, 6.54957470670804e-05)	(50, 0.002585212113512627)	(52, 8.020814548474261e-05)	(54, 0.0007219333953875194)	(56, 0.002918781775094507)	(58, 0.0002781421968015707)	(60, 0.00044670587585139595)	(62, 0.0003451297061645945)	(64, 0.000659655399498215)	(66, 0.0006103432542353907)	(68, 0.0002343242844837676)	(70, 0.00487490718888055)	(72, 0.0019489551750496849)	(74, 0.001578783531594966)	(76, 0.001147864000965763)	(78, 0.00043006987842583076)	(80, 0.003913310273062528)	(82, 0.00028169622695669265)	(84, 0.0008561306707111324)	(86, 0.0011923451065209449)	(88, 0.0003935268951003446)	(90, 5.03655175342785e-05)	(92, 0.0032410584941782623)	(94, 0.0004570255198109446)	(96, 0.003381697123335187)	(98, 6.050205165271204e-05)	(100, 0.0004884062630759578)
SRR29999102_1	(1, 0.20324406511887583)	(2, 0.27653799411955227)	(3, 0.20051197073095406)	(4, 0.2090848330471711)	(5, 0.2004968064697815)	(6, 0.20073943464854233)	(7, 0.20067372285012794)	(8, 0.2004968064697815)	(9, 0.20051702548467823)	(10, 0.2004968064697815)	(12, 0.20161517073125734)	(14, 0.2004968064697815)	(16, 0.20053724449957494)	(18, 0.20218130314836597)	(20, 0.2006509764583691)	(22, 0.20080009169323254)	(24, 0.20156967794773967)	(26, 0.20253008115533475)	(28, 0.20382788917401914)	(30, 0.20588770131662434)	(32, 0.21596561655421737)	(34, 0.2125966231970483)	(36, 4.939028328493508e-05)	(38, 8.865365106953855e-06)	(40, 1.7731871257799396e-05)	(42, 7.726700865044695e-05)	(44, 0.0023208030323065157)	(46, 0.0003218164965087281)	(48, 8.870487836280195e-06)	(50, 6.2106958804619e-05)	(52, 0.00017496049347683255)	(54, 0.00029677362929392124)	(56, 0.0003578000292177981)	(58, 0.0001993013839081879)	(60, 0.000368355442577413)	(62, 0.000516061715439223)	(64, 0.0006691613578805466)	(66, 0.0015663410973635462)	(68, 0.002251495545716942)	(70, 0.002245412850682841)	(72, 0.0019776926243532406)	(74, 0.0021987268487956933)	(76, 0.0017230998327348631)	(78, 0.00017873224626238084)	(80, 0.002340832961691727)	(82, 0.00021714861941043943)	(84, 0.0003682113591285443)	(86, 1.4311201234093913e-05)	(88, 0.00012406867036350385)	(90, 6.558016595559405e-06)	(92, 0.008146511717728904)	(94, 0.00514585925461042)	(96, 0.0007626245685795419)	(98, 0.004198681270664043)	(100, 0.0042197840682027055)
SRR29999102_2	(1, 0.04864694984155243)	(2, 0.026486909514727215)	(3, 0.014355500576684214)	(4, 0.014201330588096585)	(5, 0.014969653154172643)	(6, 0.015457436888556456)	(7, 0.014208912718682862)	(8, 0.014264515009648893)	(9, 0.015500402295212025)	(10, 0.014234186487303787)	(12, 0.014263251321217847)	(14, 0.014546317529772184)	(16, 0.014859712260671627)	(18, 0.01504926552532855)	(20, 0.014275888205528308)	(22, 0.017545050176644688)	(24, 0.017285994048280226)	(26, 0.02081294845933002)	(28, 0.01911834227329714)	(30, 0.020454060944912915)	(32, 0.023342852698284403)	(34, 0.02569078580316814)	(36, 0.0013424285776802364)	(38, 0.0005663256164473297)	(40, 0.0006030238574442499)	(42, 0.00033757105538834267)	(44, 0.00026047718585910833)	(46, 0.003409448814416657)	(48, 6.197763133686181e-05)	(50, 0.002134266435799849)	(52, 8.858259221973018e-05)	(54, 0.0006164925765052729)	(56, 0.0024606715227041905)	(58, 0.00019892969740867083)	(60, 0.0004893787319248727)	(62, 0.0009337738056021227)	(64, 0.0006183885204031198)	(66, 0.0004919012213538717)	(68, 0.00022396335633725442)	(70, 0.005254497723913145)	(72, 0.0015643662180806128)	(74, 0.0013215871924755114)	(76, 0.0012203800289021334)	(78, 0.000585212992118567)	(80, 0.0033950838054373827)	(82, 0.0006063082894469333)	(84, 0.0007763658500885161)	(86, 0.0011490892837699228)	(88, 0.0004926632921403392)	(90, 0.0010419100735269131)	(92, 0.0030217322668911807)	(94, 0.0006840905092762739)	(96, 0.0027707166409947797)	(98, 0.00026795002304982266)	(100, 0.0004317884345467807)
SRR29999103_1	(1, 0.23771175831490626)	(2, 0.3246350321039474)	(3, 0.2354921854162213)	(4, 0.24425299961654878)	(5, 0.23547468878301092)	(6, 0.23567465030541498)	(7, 0.23556217194906268)	(8, 0.23547468878301092)	(9, 0.23548468685913113)	(10, 0.23547468878301092)	(12, 0.23628578270826237)	(14, 0.23547468878301092)	(16, 0.23552092988506687)	(18, 0.23722060282550128)	(20, 0.23560716329160358)	(22, 0.23566465222929475)	(24, 0.2362957807843826)	(26, 0.23706938192418325)	(28, 0.23804169482687293)	(30, 0.23947016995254689)	(32, 0.2493682653115474)	(34, 0.24471541063710817)	(36, 3.132105180602196e-05)	(38, 7.5172778052736135e-06)	(40, 7.517554523476063e-06)	(42, 5.137233872960491e-05)	(44, 0.002469776223112191)	(46, 0.00035965390917859085)	(48, 2.506505823853749e-06)	(50, 3.634781241756332e-05)	(52, 0.00016295759919733607)	(54, 0.00020309942510451064)	(56, 0.0003172426602148789)	(58, 0.000171824389604203)	(60, 0.00029105243468937047)	(62, 0.000563475983699807)	(64, 0.0005097270228491792)	(66, 0.001586522293389199)	(68, 0.0023153205375882674)	(70, 0.0022957058300411863)	(72, 0.0020070249145701788)	(74, 0.0022917123701301535)	(76, 0.00177488927802642)	(78, 0.00012645865154281894)	(80, 0.0020288958875306845)	(82, 0.00016135574194444798)	(84, 0.0002676098017671473)	(86, 5.1156213555194415e-06)	(88, 8.091021370467988e-05)	(90, 2.0647579055224855e-05)	(92, 0.008989000786047554)	(94, 0.005529894024175113)	(96, 0.0007130821739289407)	(98, 0.004485746872412924)	(100, 0.004544940230873977)
SRR29999103_2	(1, 0.059603530790587625)	(2, 0.02443029899971498)	(3, 0.013904824364171725)	(4, 0.013787346969759343)	(5, 0.014312245966069979)	(6, 0.015242067045248818)	(7, 0.013787346969759343)	(8, 0.013874830135811117)	(9, 0.014587193059375548)	(10, 0.013802344083939648)	(12, 0.013862332540660863)	(14, 0.014114783962695977)	(16, 0.014323493801705205)	(18, 0.014390980815516574)	(20, 0.013866081819205938)	(22, 0.01733041519485613)	(24, 0.016700536399283365)	(26, 0.02035608298073243)	(28, 0.01796279350945894)	(30, 0.018795133346465806)	(32, 0.020868484381892816)	(34, 0.022459428244520047)	(36, 0.0012238129804755075)	(38, 0.0006125495629165094)	(40, 0.00045880401843812087)	(42, 0.00027754564585078076)	(44, 0.00024255409562717723)	(46, 0.0036398286177130013)	(48, 6.502462238607427e-05)	(50, 0.002258570844901839)	(52, 9.255466162622318e-05)	(54, 0.0006254591965055944)	(56, 0.002564837689251397)	(58, 0.0002477785991596626)	(60, 0.00043811198219873405)	(62, 0.0007675775253300583)	(64, 0.0005862586019513668)	(66, 0.0004950742679709671)	(68, 0.00023578071119639572)	(70, 0.0052337942151437335)	(72, 0.0016118166588324587)	(74, 0.0012476632255100342)	(76, 0.0011474090514905922)	(78, 0.0006182318204044131)	(80, 0.0036868450460750693)	(82, 0.0005513916192808948)	(84, 0.0008543378936627237)	(86, 0.0015744145841110513)	(88, 0.0006111315028027298)	(90, 0.0007131836083733214)	(92, 0.003646360238430524)	(94, 0.0006180058427367573)	(96, 0.0030566014354615435)	(98, 0.00018927670671846798)	(100, 0.0005549160042141621)
SRR29999104_1	(1, 0.0637692299485321)	(2, 0.16469384699284545)	(3, 0.06334737196579565)	(4, 0.07353082745603816)	(5, 0.06334737196579565)	(6, 0.06334737196579565)	(7, 0.06334737196579565)	(8, 0.06334737196579565)	(9, 0.06334737196579565)	(10, 0.06334737196579565)	(12, 0.06334737196579565)	(14, 0.06334737196579565)	(16, 0.06340991486439904)	(18, 0.06521875359851603)	(20, 0.063499437052596)	(22, 0.06342708350323131)	(24, 0.06371036604396421)	(26, 0.0640696811280973)	(28, 0.06445720183316915)	(30, 0.06499924028773167)	(32, 0.07463452566668584)	(34, 0.06760396806486017)	(36, 0.0)	(38, 9.817364861702413e-06)	(40, 2.454374015404854e-06)	(42, 2.454415009081581e-06)	(44, 0.0026692270301416723)	(46, 0.0004528585925481395)	(48, 0.0)	(50, 1.2273296262742013e-06)	(52, 0.00014237560296834968)	(54, 7.364583355324797e-06)	(56, 0.0003326512305530065)	(58, 0.00012889508201796617)	(60, 8.470902009636792e-05)	(62, 0.0006838748654365702)	(64, 0.0003118936186369159)	(66, 0.0018618112822644311)	(68, 0.002429617195754503)	(70, 0.0025443594199219266)	(72, 0.0021935486836133396)	(74, 0.0024535844453268552)	(76, 0.0019773890967552227)	(78, 0.0)	(80, 0.001680424542456406)	(82, 5.913553239405657e-05)	(84, 0.0)	(86, 4.9372372842040046e-06)	(88, 2.2244707777020483e-05)	(90, 2.4751174891863664e-05)	(92, 0.00994689538153485)	(94, 0.0059504146689786435)	(96, 0.0007165548164060696)	(98, 0.004758094418735005)	(100, 0.004886187509676571)
SRR29999104_2	(1, 0.05543508212679702)	(2, 0.015194245366582936)	(3, 0.006386733645614523)	(4, 0.0062003312811495835)	(5, 0.006237121221504505)	(6, 0.007890215874785684)	(7, 0.0062076892692205675)	(8, 0.0062959851260723804)	(9, 0.0062003312811495835)	(10, 0.006208915600565731)	(12, 0.0062861744753110686)	(14, 0.006605020625053729)	(16, 0.006622189263886026)	(18, 0.006443144887492071)	(20, 0.0062886271380013965)	(22, 0.009979884486945274)	(24, 0.008882317933023423)	(26, 0.012312366705447353)	(28, 0.009144752840888535)	(30, 0.00917909011855313)	(32, 0.00993083123313871)	(34, 0.009842535376286897)	(36, 0.000989749931401254)	(38, 0.0005261554447154124)	(40, 0.00019746423542485816)	(42, 0.00016680486531525125)	(44, 7.727137931644364e-05)	(46, 0.0039323466136135955)	(48, 6.623594169735782e-05)	(50, 0.002432406006857913)	(52, 6.992052587693649e-05)	(54, 0.000734811651703497)	(56, 0.0027958661566977352)	(58, 0.00023555946268003213)	(60, 0.00043189243424453027)	(62, 0.00047365383377683163)	(64, 0.0006209770261081322)	(66, 0.000570744771849012)	(68, 0.0002234268475764491)	(70, 0.00474815215289654)	(72, 0.0018410356706249386)	(74, 0.0015786806318516277)	(76, 0.001038514228050498)	(78, 0.0005852996388627451)	(80, 0.0038670393509948964)	(82, 0.0002794987403102589)	(84, 0.001027760969860318)	(86, 0.0016789011188796574)	(88, 0.0006101299731227866)	(90, 5.6893696675609785e-05)	(92, 0.0035499692243069424)	(94, 0.000515356013460205)	(96, 0.0031436960157551486)	(98, 8.591537679047646e-05)	(100, 0.0006235462308740086)
SRR29999105_1	(1, 0.12009655522651436)	(2, 0.21669464175515296)	(3, 0.11966562573512787)	(4, 0.13022456294839815)	(5, 0.11966562573512787)	(6, 0.11966562573512787)	(7, 0.11966562573512787)	(8, 0.11966562573512787)	(9, 0.11966562573512787)	(10, 0.11966562573512787)	(12, 0.11966562573512787)	(14, 0.11966562573512787)	(16, 0.11971570673007279)	(18, 0.12156404484583054)	(20, 0.11980422197695216)	(22, 0.1197890812110386)	(24, 0.12021418733091987)	(26, 0.12078021904122754)	(28, 0.12153958668550861)	(30, 0.12261108704246963)	(32, 0.13344022869358227)	(34, 0.1273117125214856)	(36, 1.166170449478709e-06)	(38, 3.4986094718344037e-06)	(40, 3.49873171558432e-06)	(42, 0.0)	(44, 0.00276429323011408)	(46, 0.00037326575045866484)	(48, 0.0)	(50, 2.3333290244524016e-06)	(52, 0.00014351584223543822)	(54, 1.1669561612612983e-06)	(56, 0.0003373076972636105)	(58, 0.0001167392627282832)	(60, 9.341488795573125e-05)	(62, 0.0005968629211910375)	(64, 0.0003189870299289405)	(66, 0.001821247120123767)	(68, 0.0024339269818864488)	(70, 0.0025630572952615787)	(72, 0.002233605894939237)	(74, 0.002568616498253077)	(76, 0.001998812684139005)	(78, 1.1754093318920463e-06)	(80, 0.0015579043917960684)	(82, 4.248873467261681e-05)	(84, 1.1834604397459698e-06)	(86, 3.561837053078496e-06)	(88, 7.150582666420337e-06)	(90, 1.4363328927461982e-05)	(92, 0.010054397370846097)	(94, 0.00635396695077232)	(96, 0.0006639596964747303)	(98, 0.005136260429425912)	(100, 0.004875908586889404)
SRR29999105_2	(1, 0.04884876953441237)	(2, 0.013866612228236937)	(3, 0.005322561555773795)	(4, 0.0051734832452400865)	(5, 0.005196776731260978)	(6, 0.006759769643262824)	(7, 0.005175812593842176)	(8, 0.005238705006098584)	(9, 0.0051734832452400865)	(10, 0.005180471291046354)	(12, 0.00526549251502261)	(14, 0.0055939306679171855)	(16, 0.005646341011464192)	(18, 0.005355172436203043)	(20, 0.005249187074807986)	(22, 0.00916482207491991)	(24, 0.008162037501720515)	(26, 0.011891324613665306)	(28, 0.008788632275682507)	(30, 0.009312735711152573)	(32, 0.010897857434874267)	(34, 0.012155705680002429)	(36, 0.0009411863483855549)	(38, 0.0004729361364048462)	(40, 0.0002190026962027682)	(42, 0.00014562033616652648)	(44, 0.00010834801410089986)	(46, 0.004136173022339261)	(48, 6.408692480149775e-05)	(50, 0.00253808322207078)	(52, 9.906390784017058e-05)	(54, 0.0007611481718520576)	(56, 0.0028049502638949906)	(58, 0.0002681917870719525)	(60, 0.00046187199987310183)	(62, 0.00039433939104361205)	(64, 0.000653577806290369)	(66, 0.0005966513962051336)	(68, 0.0002394897443189966)	(70, 0.004843125857936424)	(72, 0.0018390895608187444)	(74, 0.001555054612510953)	(76, 0.0010750141094136465)	(78, 0.0005611778743202)	(80, 0.003934191016770557)	(82, 0.0002817352643114707)	(84, 0.0008675875679240394)	(86, 0.0013814405068712733)	(88, 0.0004939493231323158)	(90, 5.498756456227424e-05)	(92, 0.0034159074676100272)	(94, 0.0005479316186178213)	(96, 0.0033235326697716124)	(98, 7.813937109390741e-05)	(100, 0.0005801263203099468)
SRR29999106_1	(1, 0.15316820220599822)	(2, 0.2387854284370502)	(3, 0.15071590619621733)	(4, 0.1595672404646494)	(5, 0.15071590619621733)	(6, 0.15089895078590446)	(7, 0.15087136872444473)	(8, 0.15071590619621733)	(9, 0.15073345841714625)	(10, 0.15071590619621733)	(12, 0.151659964936179)	(14, 0.15071590619621733)	(16, 0.15076730912893768)	(18, 0.1525250386819606)	(20, 0.1508726224545111)	(22, 0.1511421744187764)	(24, 0.15236706869360048)	(26, 0.1536797240730691)	(28, 0.15583864724732405)	(30, 0.1591572707329529)	(32, 0.17113164659666322)	(34, 0.16888746977789645)	(36, 2.637376880025851e-05)	(38, 1.1303591883362907e-05)	(40, 1.004815414591927e-05)	(42, 4.1451315047366226e-05)	(44, 0.002350359246946405)	(46, 0.0003794123949783036)	(48, 2.5128819437634362e-06)	(50, 3.141350020050609e-05)	(52, 0.0001445146323390044)	(54, 0.00020736745135348106)	(56, 0.0003129674086549943)	(58, 0.00015461574574323052)	(60, 0.00027281384397748605)	(62, 0.0005884613295403563)	(64, 0.0005646762436931387)	(66, 0.0015497708987014518)	(68, 0.0021743330403268565)	(70, 0.0022040233584182914)	(72, 0.0019216186123495855)	(74, 0.0022048358248377125)	(76, 0.001723421204659319)	(78, 0.0001577195917258031)	(80, 0.0022368061025829842)	(82, 0.00019980565232991982)	(84, 0.00024823890015272896)	(86, 3.8066348757669817e-06)	(88, 9.664932557337595e-05)	(90, 2.2950722058404362e-05)	(92, 0.008850688866038077)	(94, 0.005259563301129979)	(96, 0.00071756766450129)	(98, 0.004172108042527251)	(100, 0.004245223926468724)
SRR29999106_2	(1, 0.05528448100577636)	(2, 0.02160176904321314)	(3, 0.009673781191957782)	(4, 0.009540885804924666)	(5, 0.01014267623677274)	(6, 0.010844765073928826)	(7, 0.009545900725190067)	(8, 0.009598557387976773)	(9, 0.010511272876279686)	(10, 0.009583512627180572)	(12, 0.009611094688640276)	(14, 0.00989569141370176)	(16, 0.010204109010023898)	(18, 0.01031192979573001)	(20, 0.009618617069038375)	(22, 0.013109001573757202)	(24, 0.013191747758136313)	(26, 0.017181116829262502)	(28, 0.016099147782002318)	(30, 0.018848577817508205)	(32, 0.023260453920994396)	(34, 0.027016629199779457)	(36, 0.0013180782559489505)	(38, 0.0006145474184976239)	(40, 0.0005280362542417553)	(42, 0.00029727492218107677)	(44, 0.0002094896214388317)	(46, 0.0035152685980102674)	(48, 6.775193132212562e-05)	(50, 0.002177014819059076)	(52, 7.780207823907494e-05)	(54, 0.0006249877873244871)	(56, 0.0025077259106788445)	(58, 0.000224691144134963)	(60, 0.00046701760361341063)	(62, 0.0008575818256739305)	(64, 0.0005852219771448212)	(66, 0.0004823551411829004)	(68, 0.00020355136314578428)	(70, 0.005118149695370797)	(72, 0.0015441306374757236)	(74, 0.0013335582433827331)	(76, 0.0010964828769595776)	(78, 0.0005770269204476418)	(80, 0.00349964354081196)	(82, 0.0005265416846952477)	(84, 0.0009294812796400198)	(86, 0.0015291870884513485)	(88, 0.0005955056313882105)	(90, 0.0007752866224458793)	(92, 0.003507110577293518)	(94, 0.0006282035254807491)	(96, 0.0027816822397925016)	(98, 0.0001821505583392922)	(100, 0.0005125168619669475)
SRR29999107_1	(1, 0.12648397156102748)	(2, 0.22919039245997042)	(3, 0.12609854442450796)	(4, 0.13626721350628307)	(5, 0.12609854442450796)	(6, 0.12609854442450796)	(7, 0.12609854442450796)	(8, 0.12609854442450796)	(9, 0.12609854442450796)	(10, 0.12609854442450796)	(12, 0.12609854442450796)	(14, 0.12609854442450796)	(16, 0.12615801032557095)	(18, 0.12804329963334646)	(20, 0.12622298232858425)	(22, 0.1262549177198959)	(24, 0.1271204769464797)	(26, 0.1282767583560383)	(28, 0.12996162555282365)	(30, 0.13248011658488124)	(32, 0.14511111445882108)	(34, 0.14212350354059974)	(36, 1.102844932977301e-06)	(38, 4.411780357970755e-06)	(40, 3.3092277053441152e-06)	(42, 1.1032562940495761e-06)	(44, 0.0026847716573566625)	(46, 0.00041280796080946916)	(48, 0.0)	(50, 1.1045815491073596e-06)	(52, 0.00014919221862455317)	(54, 5.529089157314617e-06)	(56, 0.00032979237765928446)	(58, 0.00012184913101409095)	(60, 9.869586828266772e-05)	(62, 0.0006650774387745699)	(64, 0.00027908449611127443)	(66, 0.0018332130923000406)	(68, 0.0024815278758205067)	(70, 0.00259619854814137)	(72, 0.002247956707088126)	(74, 0.002600625970109315)	(76, 0.002010478750405348)	(78, 0.0)	(80, 0.0016066233671472036)	(82, 6.934318476423374e-05)	(84, 1.1406496013167293e-06)	(86, 8.013412070678157e-06)	(88, 1.9531256058638712e-05)	(90, 1.9606078816298447e-05)	(92, 0.010467121199406767)	(94, 0.006220947549358098)	(96, 0.0007471711928825831)	(98, 0.00501871112391776)	(100, 0.0050152226498459225)
SRR29999107_2	(1, 0.05852545884990481)	(2, 0.015595483163970041)	(3, 0.007034595851676362)	(4, 0.0068782225562884405)	(5, 0.0069288786942310054)	(6, 0.008430943306267098)	(7, 0.006887032319408887)	(8, 0.006981737272953684)	(9, 0.0068782225562884405)	(10, 0.006889234760188997)	(12, 0.006970725069053126)	(14, 0.007244928946177017)	(16, 0.007283471659828969)	(18, 0.0071017702954697635)	(20, 0.006965218967102846)	(22, 0.01071707683602291)	(24, 0.010279892341170762)	(26, 0.014489857892354034)	(28, 0.012542900242735404)	(30, 0.014573550641998272)	(32, 0.01821198281074259)	(34, 0.022303016559799833)	(36, 0.0009462142831233298)	(38, 0.0005067497245622462)	(40, 0.00022475906902017176)	(42, 0.00019394140494613835)	(44, 0.0001113185665470712)	(46, 0.004087868490668884)	(48, 7.278502594102437e-05)	(50, 0.0024701979008039795)	(52, 8.830431530274378e-05)	(54, 0.0006593827806063618)	(56, 0.0028761454398437713)	(58, 0.0002500442971174595)	(60, 0.0004153555415191227)	(62, 0.0005090242739924849)	(64, 0.0006030346770593271)	(66, 0.0005384055586591743)	(68, 0.0002240075312892271)	(70, 0.0050142382029827945)	(72, 0.0018154669817595042)	(74, 0.0015281977734764335)	(76, 0.0010147016773693696)	(78, 0.000593399843678626)	(80, 0.003944758623207271)	(82, 0.0002895091785138458)	(84, 0.0011847544071326042)	(86, 0.0019001375941994356)	(88, 0.0007113858090441071)	(90, 6.795529877410945e-05)	(92, 0.004081024153832957)	(94, 0.0005800515078764428)	(96, 0.003267910138833899)	(98, 9.291999327688111e-05)	(100, 0.0006970346859670452)
SRR29999108_1	(1, 0.1388743425587746)	(2, 0.1267561916586371)	(3, 0.12383079243328471)	(4, 0.12383079243328471)	(5, 0.1240616823640082)	(6, 0.1292245716396708)	(7, 0.12386411675318296)	(8, 0.12478053555038447)	(9, 0.12541369762845098)	(10, 0.12391291307874823)	(12, 0.12383079243328471)	(14, 0.12383079243328471)	(16, 0.1252232729433182)	(18, 0.12383317274184888)	(20, 0.12384507428466968)	(22, 0.12472697860769087)	(24, 0.12462938595656033)	(26, 0.12546725457114458)	(28, 0.12643365984819344)	(30, 0.12810939707736194)	(32, 0.1295268708273191)	(34, 0.13091221041166007)	(36, 0.0013704792314419207)	(38, 0.0007019385086612061)	(40, 0.0009915574957295393)	(42, 0.0011834718819773667)	(44, 0.0010941277508090914)	(46, 0.0006829678579235195)	(48, 0.0007521418191888496)	(50, 0.0017082289010038438)	(52, 0.0015927288779413417)	(54, 0.0008477147565511062)	(56, 0.0007846231697576467)	(58, 0.0006595157901854868)	(60, 0.00024810832609912674)	(62, 0.003067427972621362)	(64, 1.551419341642791e-05)	(66, 0.0036040015280297964)	(68, 0.0019799883130533014)	(70, 0.0026534369319855897)	(72, 0.00429941730165845)	(74, 0.0)	(76, 1.1967367764535435e-06)	(78, 9.581118528041264e-06)	(80, 1.1986993105573033e-06)	(82, 2.39984651541626e-06)	(84, 0.0)	(86, 0.0007891779261063355)	(88, 7.229684448131798e-06)	(90, 0.0)	(92, 0.0001342998616094372)	(94, 0.0006587377129645647)	(96, 4.383897729316332e-05)	(98, 0.00039009077300833394)	(100, 1.8536370931689444e-05)
SRR29999108_2	(1, 0.00881190230451954)	(2, 0.022841440981677338)	(3, 0.0079145259758313)	(4, 0.00790500474157466)	(5, 0.00790500474157466)	(6, 0.008845226624417776)	(7, 0.0079145259758313)	(8, 0.007921666901523778)	(9, 0.008331079974559263)	(10, 0.008169218992196397)	(12, 0.008147796215118958)	(14, 0.007990695849884412)	(16, 0.007924047210087938)	(18, 0.0079085752044209)	(20, 0.00790500474157466)	(22, 0.00802163986121849)	(24, 0.008513173579717486)	(26, 0.009208223680452144)	(28, 0.009900893472622643)	(30, 0.010924426155211352)	(32, 0.012488288881864335)	(34, 0.014204491356623541)	(36, 0.00016307642994698422)	(38, 0.00016427029047879753)	(40, 0.00022736527500389497)	(42, 0.0002428483309319919)	(44, 0.0004833343460338679)	(46, 0.001536980311806041)	(48, 0.00038932719153615545)	(50, 0.00039411638297272435)	(52, 0.00043106293833266)	(54, 0.00023341735802466604)	(56, 0.00234995355953409)	(58, 0.00024539449625173606)	(60, 0.00045036811695883664)	(62, 0.0005541455431450391)	(64, 0.00044939301784385907)	(66, 0.0011363559264222774)	(68, 0.0006787199132498139)	(70, 1.670665085326475e-05)	(72, 0.0001695347853263393)	(74, 9.556624811795714e-05)	(76, 0.00024504989939147656)	(78, 0.0011854995674242471)	(80, 0.0004118783513457874)	(82, 0.0007898381414300716)	(84, 0.0005339794588781759)	(86, 0.000598408090285121)	(88, 0.0009833008318508398)	(90, 0.0006981561202487703)	(92, 0.0005909656435415849)	(94, 0.0006931391619494325)	(96, 0.00021040977681068741)	(98, 0.0004563564837206079)	(100, 0.0012341928554378352)
SRR29999109_1	(1, 0.2612934353436068)	(2, 0.24906700151641867)	(3, 0.24621719705186593)	(4, 0.24621719705186593)	(5, 0.2464762701850071)	(6, 0.25155092199469314)	(7, 0.24623992276529932)	(8, 0.2471284981605467)	(9, 0.24765118956951568)	(10, 0.24627628390679288)	(12, 0.24621719705186593)	(14, 0.24621719705186593)	(16, 0.24760801071399213)	(18, 0.24621833333753762)	(20, 0.24623310505126933)	(22, 0.24735575529488105)	(24, 0.24840454696983405)	(26, 0.2506521200284008)	(28, 0.2539393944765472)	(30, 0.25934811427370474)	(32, 0.2658624400293989)	(34, 0.2734312388884044)	(36, 0.0013195233403111202)	(38, 0.0006484342307632697)	(40, 0.0009300357896235793)	(42, 0.0010806600069435824)	(44, 0.0010478258861360333)	(46, 0.0006078889247108695)	(48, 0.0006571315584567407)	(50, 0.0015383837062888613)	(52, 0.0015116103261298137)	(54, 0.0008578483978784483)	(56, 0.0007120647205796888)	(58, 0.0005695938908790553)	(60, 0.00021978916884241725)	(62, 0.0031647995456988687)	(64, 1.1471174189619472e-05)	(66, 0.003561984234503858)	(68, 0.0020534879660773454)	(70, 0.0026596075060023815)	(72, 0.004242668590748621)	(74, 0.0)	(76, 0.0)	(78, 2.324407029239297e-06)	(80, 0.0)	(82, 0.0)	(84, 2.3443722476776765e-06)	(86, 0.0007703257354714361)	(88, 3.540319196594893e-06)	(90, 1.1844880393951245e-06)	(92, 0.00010705319881440725)	(94, 0.0005856184653868114)	(96, 2.1643023907509452e-05)	(98, 0.00035751228504650386)	(100, 1.0636753603234472e-05)
SRR29999109_2	(1, 0.013526344635580572)	(2, 0.0274003926866927)	(3, 0.012680948095856787)	(4, 0.012674130381826756)	(5, 0.012674130381826756)	(6, 0.01358315891916416)	(7, 0.012680948095856787)	(8, 0.01268322066720013)	(9, 0.013080920652285244)	(10, 0.01290366008750445)	(12, 0.012913886658549496)	(14, 0.012744580093470403)	(16, 0.012684356952871801)	(18, 0.012675266667498429)	(20, 0.0126764029531701)	(22, 0.013066148938553512)	(24, 0.014668311735610687)	(26, 0.016784075656263494)	(28, 0.019846365541418873)	(30, 0.02458467679229009)	(32, 0.03117967883067296)	(34, 0.03916549453118205)	(36, 0.0001261872357336605)	(38, 0.00013415891241417213)	(40, 0.0001660145705303124)	(42, 0.0002160822243358602)	(44, 0.00043794483251033075)	(46, 0.0013961345528714676)	(48, 0.0003562546716454756)	(50, 0.0003324638606375256)	(52, 0.00036904928109826514)	(54, 0.00020399134479539047)	(56, 0.0021369280065761734)	(58, 0.00022822096463341872)	(60, 0.00039059146477475425)	(62, 0.00047556504500891625)	(64, 0.00042345351543040003)	(66, 0.0011299637813373853)	(68, 0.0006668505995951012)	(70, 9.197544586706954e-06)	(72, 0.0001601027366591141)	(74, 6.347768327784537e-05)	(76, 0.00022439928859873366)	(78, 0.00116993069407095)	(80, 0.0003557561513871705)	(82, 0.0007823141505473225)	(84, 0.00046075130903656806)	(86, 0.0005268002468616462)	(88, 0.0008876823420497893)	(90, 0.0006640948078763676)	(92, 0.0005695931794634318)	(94, 0.000628354108325816)	(96, 0.00019191690381898445)	(98, 0.0003993063060356797)	(100, 0.0011720332658428688)
SRR29999110_1	(1, 0.15842083934597656)	(2, 0.14613589784405717)	(3, 0.14315786714706807)	(4, 0.1431556076397107)	(5, 0.14343126753730756)	(6, 0.14832536047333064)	(7, 0.14318724074271363)	(8, 0.14408200565622478)	(9, 0.14467399658385083)	(10, 0.14321774409203789)	(12, 0.1431556076397107)	(14, 0.1431556076397107)	(16, 0.14454181540344577)	(18, 0.1431556076397107)	(20, 0.14316916468385482)	(22, 0.14413397432544384)	(24, 0.14447741944376125)	(26, 0.1459427099650036)	(28, 0.1479276871784368)	(30, 0.15123334644224184)	(32, 0.15496492284290764)	(34, 0.15901847904199598)	(36, 0.0012945397343751572)	(38, 0.0006393830272912327)	(40, 0.0009132977786244046)	(42, 0.0010706863870499372)	(44, 0.001011931029044888)	(46, 0.0006090480288369978)	(48, 0.0006442212802049063)	(50, 0.001586408458553256)	(52, 0.001459791570076275)	(54, 0.0008064753171829477)	(56, 0.0007545141186245285)	(58, 0.0006119045416676908)	(60, 0.0002312278125437484)	(62, 0.003077213546624218)	(64, 1.4745239799906642e-05)	(66, 0.0034769663518510424)	(68, 0.0019506341945493058)	(70, 0.002638121809968792)	(72, 0.00425221269686153)	(74, 0.0)	(76, 0.0)	(78, 4.5614708544876765e-06)	(80, 0.0)	(82, 0.0)	(84, 2.2918931510703777e-06)	(86, 0.0007602700773316404)	(88, 3.4539109773787482e-06)	(90, 0.0)	(92, 9.96405675077184e-05)	(94, 0.0005909572077067195)	(96, 2.923266613397733e-05)	(98, 0.00034580349456177656)	(100, 1.177088351898567e-05)
SRR29999110_2	(1, 0.009286575238714128)	(2, 0.0231012032215604)	(3, 0.008375993773701526)	(4, 0.008373734266344175)	(5, 0.008373734266344175)	(6, 0.00930691080493029)	(7, 0.008391810325202986)	(8, 0.00838277229577358)	(9, 0.008805300171598286)	(10, 0.008604204016794015)	(12, 0.008622280075652826)	(14, 0.008443778994422068)	(16, 0.008378253281058878)	(18, 0.00837486402002285)	(20, 0.008373734266344175)	(22, 0.008615501553580771)	(24, 0.009508006959734562)	(26, 0.010819650980677031)	(28, 0.012630646127594153)	(30, 0.015266361459944526)	(32, 0.019036349485685288)	(34, 0.02350452528484762)	(36, 0.00015820897674569874)	(38, 0.00012544378706249402)	(40, 0.00017970058559674037)	(42, 0.00023396735056830273)	(44, 0.00043293817607803617)	(46, 0.0013995994929606025)	(48, 0.0003561617083605015)	(50, 0.0003177583637846111)	(52, 0.00038339941167529924)	(54, 0.00021039627017636602)	(56, 0.0021801611893746617)	(58, 0.00021048267309464153)	(60, 0.0003791997289684086)	(62, 0.0004880204012909102)	(64, 0.00040211368168354734)	(66, 0.0010754458343432873)	(68, 0.00066331221177171)	(70, 1.0211373734406594e-05)	(72, 0.000126029965702137)	(74, 5.9089653435773585e-05)	(76, 0.00022521741926612404)	(78, 0.0011592838732270927)	(80, 0.0003877181296495672)	(82, 0.0007298609352214154)	(84, 0.00044743293535298993)	(86, 0.0005229458309313375)	(88, 0.0008909850170464978)	(90, 0.0006421751813081321)	(92, 0.0005426065039383977)	(94, 0.0005634033708388828)	(96, 0.00020432741887965036)	(98, 0.0003961168499165676)	(100, 0.0011122334410794334)
SRR29999111_1	(1, 0.21816625078901689)	(2, 0.20553992589816425)	(3, 0.20269412281047816)	(4, 0.20269412281047816)	(5, 0.2029458274157067)	(6, 0.207913140747462)	(7, 0.20271467012519068)	(8, 0.20356738368576088)	(9, 0.2042865397006996)	(10, 0.20276860682631107)	(12, 0.20269412281047816)	(14, 0.20269412281047816)	(16, 0.20405281399584452)	(18, 0.2027005438463258)	(20, 0.20270568067500394)	(22, 0.20449843388367261)	(24, 0.20806981402214508)	(26, 0.21319636904292252)	(28, 0.22125348482457527)	(30, 0.23441403989795379)	(32, 0.25190365733982956)	(34, 0.2714287431454158)	(36, 0.0013214368810071204)	(38, 0.000628663948176036)	(40, 0.0009342228509363039)	(42, 0.0010531116697830565)	(44, 0.0010290613502004485)	(46, 0.0005793527306132899)	(48, 0.0006106336807774428)	(50, 0.0015924571311315217)	(52, 0.0015092294809785657)	(54, 0.0008532587898874406)	(56, 0.0007541003267492139)	(58, 0.0006225122885025824)	(60, 0.00024087439269381865)	(62, 0.0030583156782557565)	(64, 9.07846546231398e-06)	(66, 0.003431217544372244)	(68, 0.001945713982020251)	(70, 0.002551940679312554)	(72, 0.004074906821528242)	(74, 0.0)	(76, 1.3076941756831417e-06)	(78, 1.0482992203444897e-05)	(80, 1.313268309567073e-06)	(82, 1.3165682064550628e-06)	(84, 1.3203156547292176e-06)	(86, 0.0007602791596727164)	(88, 7.975148056297581e-06)	(90, 1.3344992052189807e-06)	(92, 0.0001139464258759732)	(94, 0.000642771538162532)	(96, 2.3058081285785887e-05)	(98, 0.00036322731418578474)	(100, 1.5402311455684776e-05)
SRR29999111_2	(1, 0.012798408651570144)	(2, 0.02640329940560728)	(3, 0.01194312667666088)	(4, 0.011930284604965547)	(5, 0.011930284604965547)	(6, 0.012888303153437485)	(7, 0.011937989847982746)	(8, 0.011945695090999948)	(9, 0.012292431026773973)	(10, 0.012162726102651098)	(12, 0.01216401030982063)	(14, 0.012022747521171953)	(16, 0.011944410883830414)	(18, 0.011934137226474146)	(20, 0.011932853019304614)	(22, 0.012983334483982959)	(24, 0.017091513219320394)	(26, 0.022040847650702224)	(28, 0.029900195528246805)	(30, 0.04242892067421493)	(32, 0.05998788530324549)	(34, 0.07984044393706274)	(36, 0.0001671134143853104)	(38, 0.00014529341587456575)	(40, 0.00020706565637832442)	(42, 0.00024186990031627964)	(44, 0.0004672162348039851)	(46, 0.0014501369445709881)	(48, 0.0003633648497363292)	(50, 0.00035320760328608886)	(52, 0.00039722805493297723)	(54, 0.00022839583475677488)	(56, 0.002220586046224597)	(58, 0.00024155843998149225)	(60, 0.0004226711880678295)	(62, 0.0005083200809028272)	(64, 0.00042845989030986697)	(66, 0.001103935415735599)	(68, 0.0006654522919026585)	(70, 1.4286492806802824e-05)	(72, 0.0001547625522378886)	(74, 7.814970975783918e-05)	(76, 0.00024269161282446678)	(78, 0.0011530449806638147)	(80, 0.000365531438690866)	(82, 0.0007932831715692355)	(84, 0.0004636080215251097)	(86, 0.0005773794643406281)	(88, 0.0008989339200569846)	(90, 0.0006602407844895809)	(92, 0.0006017157966054592)	(94, 0.0006290551965960802)	(96, 0.00021914847398395125)	(98, 0.0004361041460173532)	(100, 0.001115079065525898)
SRR29999112_1	(1, 0.2680628592942752)	(2, 0.2556130579407853)	(3, 0.25271794077786613)	(4, 0.25271794077786613)	(5, 0.25298113324722243)	(6, 0.2579950827139493)	(7, 0.25274984289536384)	(8, 0.25366968728321515)	(9, 0.25428912006462945)	(10, 0.2527817450128616)	(12, 0.25271794077786613)	(14, 0.25271794077786613)	(16, 0.2540817563008942)	(18, 0.2527192700327619)	(20, 0.25273522109151075)	(22, 0.2538557829686186)	(24, 0.2547942369250102)	(26, 0.25672697354341445)	(28, 0.2595862008241486)	(30, 0.2640618020581013)	(32, 0.26940673599386716)	(34, 0.27538173675021316)	(36, 0.0013583322633745206)	(38, 0.0006505618915055001)	(40, 0.0009706084689828665)	(42, 0.0011040696741569038)	(44, 0.0010482327775588032)	(46, 0.0006122592468920473)	(48, 0.0006804263823882598)	(50, 0.0016787504449255826)	(52, 0.0015283566419289573)	(54, 0.0008505410562710486)	(56, 0.0007640281342407584)	(58, 0.000633396241784824)	(60, 0.0002526882655593769)	(62, 0.003269470610502602)	(64, 1.606388736516224e-05)	(66, 0.0036201057295957334)	(68, 0.0020814072716430682)	(70, 0.0027953495211997257)	(72, 0.004389201537158873)	(74, 0.0)	(76, 0.0)	(78, 8.107117615535648e-06)	(80, 0.0)	(82, 2.71551361523225e-06)	(84, 2.7234353696990664e-06)	(86, 0.0008498495977991136)	(88, 9.600530958736177e-06)	(90, 0.0)	(92, 0.0001342853862654762)	(94, 0.0006906692038734065)	(96, 3.646853056858857e-05)	(98, 0.0004251432403484469)	(100, 1.7854586144173392e-05)
SRR29999112_2	(1, 0.01566128118159488)	(2, 0.0294376789210321)	(3, 0.014701559146871447)	(4, 0.014685608088122581)	(5, 0.014685608088122581)	(6, 0.01567457373055227)	(7, 0.014698900637079971)	(8, 0.014696242127288492)	(9, 0.015084384556844231)	(10, 0.014914239930189659)	(12, 0.01493683726341722)	(14, 0.014769351146554126)	(16, 0.014704217656662924)	(18, 0.014689595852809798)	(20, 0.014685608088122581)	(22, 0.015069762752991102)	(24, 0.01657049153028024)	(26, 0.01837827818848505)	(28, 0.02102083692121384)	(30, 0.024891627177605305)	(32, 0.03040404723023423)	(34, 0.03677516594551044)	(36, 0.0001835167758602565)	(38, 0.00016624309256625525)	(40, 0.00021680285144430535)	(42, 0.00026471863548424806)	(44, 0.0005108953216996082)	(46, 0.001466458761316617)	(48, 0.00042059495925459713)	(50, 0.00037941681106693604)	(52, 0.0004447662622791443)	(54, 0.00024110189480247451)	(56, 0.0022773054452918345)	(58, 0.0002706190882227026)	(60, 0.00045215651850044413)	(62, 0.0005525122304053939)	(64, 0.0004634079711299238)	(66, 0.0011882297939652309)	(68, 0.0007304974148218273)	(70, 2.4109447569646467e-05)	(72, 0.0001917762405250635)	(74, 8.864010684947086e-05)	(76, 0.00027309340745653436)	(78, 0.0012535296801120305)	(80, 0.00039987094975645835)	(82, 0.0008790000495436392)	(84, 0.0005175162685517698)	(86, 0.0006214651698278278)	(88, 0.0010123320789034058)	(90, 0.0007707367124647305)	(92, 0.0006448504329487143)	(94, 0.0007111532765741346)	(96, 0.0002322382961901755)	(98, 0.0004967507433953385)	(100, 0.001264205711553384)
SRR29999113_1	(1, 0.06815170931121302)	(2, 0.05584417962389426)	(3, 0.053556647833669355)	(4, 0.05365048228626173)	(5, 0.053680915081697096)	(6, 0.057479942378545125)	(7, 0.053850831522877875)	(8, 0.05418559227266689)	(9, 0.05470041372878181)	(10, 0.05358074046338902)	(12, 0.05516324582602798)	(14, 0.05352875110452027)	(16, 0.05455839401675011)	(18, 0.05354396750223796)	(20, 0.053603565059965545)	(22, 0.05430732345440835)	(24, 0.05401060369891354)	(26, 0.054467095630444017)	(28, 0.05494768019169415)	(30, 0.05592913784448466)	(32, 0.05637041337829746)	(34, 0.05670771019437275)	(36, 0.001059404838541691)	(38, 0.0005392214317503881)	(40, 0.0007739469462159652)	(42, 0.0009376260926293885)	(44, 0.0007726941705274626)	(46, 0.00047707252262361007)	(48, 0.00048215567233309545)	(50, 0.0012764686917440657)	(52, 0.0011724523340391818)	(54, 0.0009402754900595941)	(56, 0.0006357601856237008)	(58, 0.0005418833301078374)	(60, 0.0005355739717699975)	(62, 0.0022770296171490743)	(64, 0.0005420315166065953)	(66, 0.002540440389467667)	(68, 0.0015720501570856515)	(70, 0.0018772628050185308)	(72, 0.003166176694893962)	(74, 0.0)	(76, 6.358457076644168e-06)	(78, 0.00024941101144271)	(80, 0.0013142754562420647)	(82, 0.00020396714048573347)	(84, 0.0004735351178365975)	(86, 0.0005931443683607539)	(88, 0.00010373618418126415)	(90, 1.2835741934635885e-06)	(92, 8.10892651482277e-05)	(94, 0.000499760328118612)	(96, 0.0001569725704443923)	(98, 0.00025779899808732974)	(100, 2.339671581637041e-05)
SRR29999113_2	(1, 0.011135867063057208)	(2, 0.02608344175439385)	(3, 0.007663992317139349)	(4, 0.0076437037868491075)	(5, 0.008622625373353338)	(6, 0.008320833485285973)	(7, 0.007656384118280508)	(8, 0.007651311985707948)	(9, 0.009609155158716411)	(10, 0.007904918614335987)	(12, 0.007812352194886753)	(14, 0.007703301344576695)	(16, 0.00811287604981098)	(18, 0.008594728644204254)	(20, 0.007676672648570752)	(22, 0.007700765278290415)	(24, 0.007963248138920437)	(26, 0.00830434905442515)	(28, 0.00856936798134145)	(30, 0.009008107448867958)	(32, 0.009756247003320674)	(34, 0.010260924194290472)	(36, 0.0009092748853635176)	(38, 0.0003905976054591342)	(40, 0.0007089145137742406)	(42, 0.0004705003031366239)	(44, 0.0006341050108081296)	(46, 0.0011173089559262707)	(48, 0.00032467188640136535)	(50, 0.00035765341917556523)	(52, 0.0003830287276238454)	(54, 0.00020674054855141972)	(56, 0.0018404511035711388)	(58, 0.00021437094621686652)	(60, 0.0005074206850092986)	(62, 0.001206501559063897)	(64, 0.0004618479992509942)	(66, 0.0008400803395985434)	(68, 0.0004899298660319782)	(70, 0.0016643854260622926)	(72, 0.00014858439079066326)	(74, 4.065461863655487e-05)	(76, 0.0006075866986814861)	(78, 0.0009882748125406757)	(80, 0.000594455519732079)	(82, 0.0011212875602344846)	(84, 0.00038655641992519485)	(86, 0.0004561423651753371)	(88, 0.0008550851484958406)	(90, 0.0017755942871742025)	(92, 0.000783481160404298)	(94, 0.000809293988961798)	(96, 0.00021261986542147831)	(98, 0.0005695411005172649)	(100, 0.0009066852666355911)
SRR29999114_1	(1, 0.08804486442979625)	(2, 0.07551937069895527)	(3, 0.07262518121944525)	(4, 0.07262518121944525)	(5, 0.07291089246421979)	(6, 0.0776763815469096)	(7, 0.07264044823252482)	(8, 0.07345614293134677)	(9, 0.07424130360400963)	(10, 0.0726764347633552)	(12, 0.07262518121944525)	(14, 0.07262518121944525)	(16, 0.07399594089380249)	(18, 0.07262845272224802)	(20, 0.07263935773159055)	(22, 0.07351066797805947)	(24, 0.07381491773871632)	(26, 0.07496866772715702)	(28, 0.07657388510237884)	(30, 0.07953459513887834)	(32, 0.0825770927454469)	(34, 0.08605360972384853)	(36, 0.0011973432296243454)	(38, 0.0005839622251755065)	(40, 0.0008405134650912053)	(42, 0.0009813860218492552)	(44, 0.0009552608128946366)	(46, 0.0005491931103058293)	(48, 0.0005830951924522061)	(50, 0.0014327630717898606)	(52, 0.0013575663847777818)	(54, 0.0007613413453823484)	(56, 0.0007144780911793561)	(58, 0.0005670919244208729)	(60, 0.00022404307187619778)	(62, 0.003090359240105259)	(64, 2.077614221789845e-05)	(66, 0.0033768548335066173)	(68, 0.0019611634050323147)	(70, 0.002553526044980164)	(72, 0.004065002613106396)	(74, 0.0)	(76, 0.0)	(78, 8.790843729687313e-06)	(80, 0.0)	(82, 0.0)	(84, 0.0)	(86, 0.0006729806865833087)	(88, 6.659131858968244e-06)	(90, 0.0)	(92, 0.00011846481182138453)	(94, 0.0005220392275768379)	(96, 3.7265956243533795e-05)	(98, 0.0003338443838510492)	(100, 2.015807791920717e-05)
SRR29999114_2	(1, 0.007116609096941346)	(2, 0.020252783350964552)	(3, 0.006224579332721606)	(4, 0.006215855325247575)	(5, 0.006215855325247575)	(6, 0.007048998039017601)	(7, 0.006226760334590113)	(8, 0.006224579332721606)	(9, 0.006571358629814366)	(10, 0.006428503007427097)	(12, 0.0064404985177038895)	(14, 0.006285647385039827)	(16, 0.006234393841129891)	(18, 0.006218036327116082)	(20, 0.0062169458261818284)	(22, 0.0064099644915447795)	(24, 0.007242016704380551)	(26, 0.008248549066696956)	(28, 0.00967274328683263)	(30, 0.012012958291741628)	(32, 0.01514160547211624)	(34, 0.018904924196226656)	(36, 0.00013088931139231444)	(38, 0.00013525814841171973)	(40, 0.00014399215007158592)	(42, 0.00019527404945556394)	(44, 0.00039494244128498735)	(46, 0.0012875089406857616)	(48, 0.0003033570450876302)	(50, 0.00032739571377023754)	(52, 0.00035908497203415674)	(54, 0.00020303550746083446)	(56, 0.0019989953929106232)	(58, 0.00025223807513652494)	(60, 0.000335296305714041)	(62, 0.0004336965055433897)	(64, 0.0003649801342624227)	(66, 0.0010887904811289707)	(68, 0.0006572913371779663)	(70, 2.6262141275153675e-05)	(72, 0.00018395088730298163)	(74, 5.8076699157109856e-05)	(76, 0.00017659063631770484)	(78, 0.0010508559716021601)	(80, 0.0003012778535224021)	(82, 0.0006872714918661749)	(84, 0.0004645889168837737)	(86, 0.000485550691630461)	(88, 0.0007652156477506098)	(90, 0.0006619404857653036)	(92, 0.0005706647453616849)	(94, 0.0005272606488224985)	(96, 0.00020309097697252958)	(98, 0.00034736666278888914)	(100, 0.001024932422741011)
SRR29999115_1	(1, 0.1743632425886125)	(2, 0.16203544393486674)	(3, 0.1591969456369919)	(4, 0.1591969456369919)	(5, 0.15945148488652958)	(6, 0.16436486373366616)	(7, 0.15922972720700812)	(8, 0.160118686252742)	(9, 0.1608109558783786)	(10, 0.15926154461320033)	(12, 0.1591969456369919)	(14, 0.1591969456369919)	(16, 0.16049856679940053)	(18, 0.15919983812846392)	(20, 0.159215264749648)	(22, 0.16004830229358954)	(24, 0.15994128010912484)	(26, 0.1606615104856576)	(28, 0.16154564871227148)	(30, 0.16322232960221858)	(32, 0.16462036714702785)	(34, 0.16582364359938787)	(36, 0.001301855246097095)	(38, 0.0006576991210406573)	(40, 0.000964834477864611)	(42, 0.0011329072945148106)	(44, 0.0010566362435271855)	(46, 0.0006384476600077092)	(48, 0.0006481287171654949)	(50, 0.001593810821088737)	(52, 0.0014963061571839189)	(54, 0.0008095294561734711)	(56, 0.000749673107263547)	(58, 0.0006299149609972018)	(60, 0.00022319145715856887)	(62, 0.00314814141818437)	(64, 1.546213763646943e-05)	(66, 0.003492022579284618)	(68, 0.002005857412982957)	(70, 0.002647301799037848)	(72, 0.00419337862227377)	(74, 0.0)	(76, 0.0)	(78, 4.841054246840011e-06)	(80, 0.0)	(82, 9.69492532512853e-07)	(84, 0.0)	(86, 0.0007460468116008959)	(88, 6.808520505478958e-06)	(90, 0.0)	(92, 0.00010637992001518284)	(94, 0.0006064540839038615)	(96, 3.433893262333502e-05)	(98, 0.00035588287767252756)	(100, 1.2289548849678566e-05)
SRR29999115_2	(1, 0.008654334484281401)	(2, 0.02234546078517221)	(3, 0.007740307179123339)	(4, 0.007732593868531288)	(5, 0.007732593868531288)	(6, 0.008648549501337362)	(7, 0.00774802048971539)	(8, 0.0077422355067713515)	(9, 0.008151040968150064)	(10, 0.007958208203348784)	(12, 0.007985204790420964)	(14, 0.0078020136638597476)	(16, 0.007747056325891384)	(18, 0.007738378851475327)	(20, 0.007732593868531288)	(22, 0.007848293527412054)	(24, 0.008293737214103009)	(26, 0.008905017078523064)	(28, 0.009543293530015297)	(30, 0.010546023906981948)	(32, 0.012045298653311894)	(34, 0.013609172375850263)	(36, 0.00014657434116063136)	(38, 0.00013500495569441115)	(40, 0.0001803310963791213)	(42, 0.0002285528048930822)	(44, 0.00045326059227330146)	(46, 0.0014022657335227941)	(48, 0.0003269494003559929)	(50, 0.0003481788131031782)	(52, 0.000382914697292332)	(54, 0.00020448766704978525)	(56, 0.0021954578716135596)	(58, 0.00023441390845824322)	(60, 0.00038203561638943214)	(62, 0.00046793786699775953)	(64, 0.0004139522200136944)	(66, 0.0011059535331596428)	(68, 0.0006833734618981458)	(70, 9.654113297642269e-06)	(72, 0.00016222802580109286)	(74, 6.568277285852983e-05)	(76, 0.00022417713704344562)	(78, 0.0011117492444358789)	(80, 0.0003617731072633177)	(82, 0.0007831215525166977)	(84, 0.000474751066942468)	(86, 0.0005266672532103933)	(88, 0.0009138481104806433)	(90, 0.0006973464208301052)	(92, 0.0006226759521455893)	(94, 0.0005840311031916841)	(96, 0.00020668713600717852)	(98, 0.0004066355341873321)	(100, 0.001146834723447588)
SRR29999116_1	(1, 0.1779314271375061)	(2, 0.16582636454913535)	(3, 0.1628921320254784)	(4, 0.16288996654022111)	(5, 0.1631519902563558)	(6, 0.16800700820324793)	(7, 0.1629289452748527)	(8, 0.16384711102395275)	(9, 0.16449675660114615)	(10, 0.16295168287005446)	(12, 0.16288996654022111)	(14, 0.16288996654022111)	(16, 0.1642639669359852)	(18, 0.16289321476810706)	(20, 0.1629040421943936)	(22, 0.16381787697297903)	(24, 0.16393264769161653)	(26, 0.16492552268209382)	(28, 0.16615118733773207)	(30, 0.1683773061822482)	(32, 0.1706402382761386)	(34, 0.17277215851196168)	(36, 0.001306980470978493)	(38, 0.0006139177541109711)	(40, 0.0009111427058280864)	(42, 0.001095580658671119)	(44, 0.0010392271135612283)	(46, 0.0006107754943766562)	(48, 0.0006216618629454964)	(50, 0.0016112032812214498)	(52, 0.0014561432230356564)	(54, 0.0008561671056756641)	(56, 0.0007390286636987883)	(58, 0.0005980029285212743)	(60, 0.00022142591385242472)	(62, 0.0030287003882457373)	(64, 1.5200003656686594e-05)	(66, 0.0034173932065980337)	(68, 0.0018855949377337123)	(70, 0.0025151720009879467)	(72, 0.004096219801002621)	(74, 0.0)	(76, 0.0)	(78, 8.70719896081322e-06)	(80, 0.0)	(82, 2.1801459385330964e-06)	(84, 1.0911576804357708e-06)	(86, 0.0008040503863418408)	(88, 4.376055162625916e-06)	(90, 0.0)	(92, 0.00011420614272453665)	(94, 0.0006098657654626677)	(96, 3.424902975536923e-05)	(98, 0.00034373168870525977)	(100, 8.422273004161332e-06)
SRR29999116_2	(1, 0.008750725924795382)	(2, 0.022928157904413143)	(3, 0.00785204954301115)	(4, 0.007841222116724594)	(5, 0.007841222116724594)	(6, 0.008748560439538072)	(7, 0.00786720793981233)	(8, 0.007856380513525772)	(9, 0.008259160771385693)	(10, 0.008064267098227667)	(12, 0.00809133566394406)	(14, 0.007921345071245114)	(16, 0.007860711484040396)	(18, 0.007848801315125182)	(20, 0.007841222116724594)	(22, 0.00802853659148203)	(24, 0.008691175080219318)	(26, 0.009535714330570766)	(28, 0.010558906114650405)	(30, 0.012118055499914614)	(32, 0.01446219329095421)	(34, 0.016964411505777537)	(36, 0.0001732716558435054)	(38, 0.00015378271472756266)	(40, 0.00021118691987494613)	(42, 0.00023177268653331158)	(44, 0.00043757432535678663)	(46, 0.0014807001352484719)	(48, 0.0003975491474195648)	(50, 0.00037373859162949055)	(52, 0.0004214306521940519)	(54, 0.00022210614437471443)	(56, 0.0022884061100833207)	(58, 0.00024489804498865946)	(60, 0.00042807552049810917)	(62, 0.0005072505669852825)	(64, 0.00044770303356962986)	(66, 0.0010224292572197818)	(68, 0.0006864752181632883)	(70, 1.844114165766902e-05)	(72, 0.00015951280319206172)	(74, 7.38165427909288e-05)	(76, 0.0002335015666869071)	(78, 0.0012029543123494237)	(80, 0.0003675505456217167)	(82, 0.0008249602857261921)	(84, 0.0005065776934667873)	(86, 0.0005682585147375937)	(88, 0.0009218613398431016)	(90, 0.000707878429811857)	(92, 0.0005909467030869642)	(94, 0.00064735866508972)	(96, 0.00022278417999832382)	(98, 0.0004429858186220921)	(100, 0.0011647736647610802)
SRR29999117_1	(1, 0.2089859558495225)	(2, 0.1964545632807832)	(3, 0.19360314205442464)	(4, 0.19360314205442464)	(5, 0.19385391851407183)	(6, 0.1988155772082762)	(7, 0.19362357569187738)	(8, 0.19457095342832226)	(9, 0.19515238329402274)	(10, 0.1936477245361397)	(12, 0.19360314205442464)	(14, 0.19360314205442464)	(16, 0.1949248268769355)	(18, 0.19360314205442464)	(20, 0.19361428767485342)	(22, 0.1946768368223955)	(24, 0.19622143405348158)	(26, 0.19880071638103786)	(28, 0.2024044669863379)	(30, 0.2085717102902535)	(32, 0.21591853175621317)	(34, 0.22459446845830283)	(36, 0.0011897846874208003)	(38, 0.000546543418735972)	(40, 0.0008166641578532665)	(42, 0.0009732597851934626)	(44, 0.0009389973217057644)	(46, 0.0005395214009084105)	(48, 0.000546187171744772)	(50, 0.0014124055316289293)	(52, 0.0013195319553944485)	(54, 0.0008003568584146329)	(56, 0.000674639971800609)	(58, 0.0005311274573909298)	(60, 0.0001970389748601894)	(62, 0.003236240512462048)	(64, 1.6825188923035923e-05)	(66, 0.003380526506059168)	(68, 0.0020707768110106387)	(70, 0.0025898369364080534)	(72, 0.004068664614845417)	(74, 0.0)	(76, 9.40288882132391e-07)	(78, 7.533936664793667e-06)	(80, 9.434174711085239e-07)	(82, 9.452786954307033e-07)	(84, 1.894560239176863e-06)	(86, 0.0006855960560716538)	(88, 6.665225010236119e-06)	(90, 9.551766726294525e-07)	(92, 0.00010737734618902219)	(94, 0.0005449582098411654)	(96, 2.4212390547525344e-05)	(98, 0.0003322115328643315)	(100, 2.1924807872604103e-05)
SRR29999117_2	(1, 0.009447770916781522)	(2, 0.02239712425159945)	(3, 0.008569124506314032)	(4, 0.008565409299504443)	(5, 0.008565409299504443)	(6, 0.009421764469114408)	(7, 0.008578412523338)	(8, 0.008574697316528414)	(9, 0.008914638739605688)	(10, 0.008755813648495814)	(12, 0.008812470552342026)	(14, 0.008631354220374626)	(16, 0.008580270126742794)	(18, 0.008570053308016428)	(20, 0.008565409299504443)	(22, 0.00898337006558306)	(24, 0.010921779218485443)	(26, 0.01328186434427603)	(28, 0.016636696093333722)	(30, 0.0221110533272612)	(32, 0.029480166034078402)	(34, 0.0383938759719817)	(36, 0.00012823567174054332)	(38, 0.0001226738539666837)	(40, 0.00013942042150027974)	(42, 0.00018406407110421096)	(44, 0.0003598367813832834)	(46, 0.0013235029893031009)	(48, 0.0003144485313760419)	(50, 0.00031080012281257545)	(52, 0.0003285681763980339)	(54, 0.00018342107207382056)	(56, 0.002014530624050735)	(58, 0.00024503231911071345)	(60, 0.0003439345776407889)	(62, 0.0003888437574216589)	(64, 0.00037411294764701664)	(66, 0.0010400244930436084)	(68, 0.0006858011093627128)	(70, 1.870310692739234e-05)	(72, 0.00017317152099046172)	(74, 5.341450689090713e-05)	(76, 0.00020643772672727101)	(78, 0.0010797872159471246)	(80, 0.00029936859773658885)	(82, 0.0007121477550956883)	(84, 0.0004404664880382866)	(86, 0.00047562944369480175)	(88, 0.0007999313769082935)	(90, 0.0006499549958581094)	(92, 0.0005576570148608516)	(94, 0.0005321661693282435)	(96, 0.00019413417130269853)	(98, 0.00036617119286656895)	(100, 0.0010753712595285272)
SRR29999118_1	(1, 0.11878271733732737)	(2, 0.10665480440035967)	(3, 0.10373689199005015)	(4, 0.10373689199005015)	(5, 0.10401499533220923)	(6, 0.10897088379677806)	(7, 0.10377600027254127)	(8, 0.10467766345219759)	(9, 0.105368576442874)	(10, 0.1038042451432293)	(12, 0.10373689199005015)	(14, 0.10373689199005015)	(16, 0.10513175406556668)	(18, 0.10373689199005015)	(20, 0.10375101442539417)	(22, 0.10451036691043003)	(24, 0.10457011567534702)	(26, 0.10530991401913734)	(28, 0.10624416743420292)	(30, 0.10797253625207424)	(32, 0.10957163046948885)	(34, 0.11101320521575866)	(36, 0.0011723861219108212)	(38, 0.000532913441044928)	(40, 0.0007950385677994696)	(42, 0.0009386290195292263)	(44, 0.0009136445371953174)	(46, 0.0005253699689584664)	(48, 0.0005612917664437112)	(50, 0.0013989508738710896)	(52, 0.001282631829095216)	(54, 0.0007398271831155074)	(56, 0.0006463196605424687)	(58, 0.0005168926503197281)	(60, 0.00020243071400686676)	(62, 0.0030815667198979832)	(64, 1.1975870189318802e-05)	(66, 0.0033453283099976355)	(68, 0.0019334832104160868)	(70, 0.0025051149183603315)	(72, 0.004001758113725365)	(74, 0.0)	(76, 0.0)	(78, 2.184059972452233e-06)	(80, 0.0)	(82, 0.0)	(84, 1.0953067115093997e-06)	(86, 0.0006701520790042395)	(88, 6.5914269198994745e-06)	(90, 0.0)	(92, 9.707674132618213e-05)	(94, 0.0005076897409109932)	(96, 2.2206485226358477e-05)	(98, 0.00029027743079082947)	(100, 1.1327569318564865e-05)
SRR29999118_2	(1, 0.007517480967737057)	(2, 0.020305889342332524)	(3, 0.006657098752932469)	(4, 0.006652753388211234)	(5, 0.006652753388211234)	(6, 0.007456645861639763)	(7, 0.006676652894178028)	(8, 0.006661444117653704)	(9, 0.007011245977713146)	(10, 0.006838517730044043)	(12, 0.006885230400797322)	(14, 0.006722279223750998)	(16, 0.006661444117653704)	(18, 0.0066549260705718516)	(20, 0.006652753388211234)	(22, 0.006778768965127057)	(24, 0.007288262978691896)	(26, 0.007890095992582984)	(28, 0.008638585065815763)	(30, 0.009762948187435394)	(32, 0.011391373616718322)	(34, 0.013224031187899306)	(36, 0.00011734193655438831)	(38, 0.0001238633796483862)	(40, 0.0001390779751750595)	(42, 0.00019015116289442798)	(44, 0.0003564097799712916)	(46, 0.0012453181714578182)	(48, 0.00032058173304637464)	(50, 0.0003010366016058466)	(52, 0.0003119235459955614)	(54, 0.0001945595667047583)	(56, 0.0019120740935124672)	(58, 0.00022395030929657633)	(60, 0.00031965996529993224)	(62, 0.0003838692236503764)	(64, 0.0003513122889876182)	(66, 0.000997613810029983)	(68, 0.0006235498385430324)	(70, 1.0885858270784462e-05)	(72, 0.00014810803152283427)	(74, 4.794048650572276e-05)	(76, 0.00019732414074657818)	(78, 0.0009807590350544224)	(80, 0.0002751459395354351)	(82, 0.0006601306663078062)	(84, 0.00038078065658774554)	(86, 0.00046566862448730846)	(88, 0.0007374810371621633)	(90, 0.0005992289363937065)	(92, 0.0005124356054408495)	(94, 0.0004939107653298687)	(96, 0.000180762606830562)	(98, 0.0003316177528789243)	(100, 0.0010009520447676436)
SRR29999119_1	(1, 0.14440833300677927)	(2, 0.13226314566737388)	(3, 0.12930010482385673)	(4, 0.12930010482385673)	(5, 0.12954939386899397)	(6, 0.13450456032759903)	(7, 0.1293154120459266)	(8, 0.13022072489405653)	(9, 0.13082426679280984)	(10, 0.129366800577161)	(12, 0.12930010482385673)	(14, 0.12930010482385673)	(16, 0.13061871266787212)	(18, 0.12930010482385673)	(20, 0.12931431867292156)	(22, 0.13016277612479218)	(24, 0.13011576108557768)	(26, 0.13085816135596445)	(28, 0.1316497634115757)	(30, 0.1332034464516635)	(32, 0.13442037060621498)	(34, 0.1355454514283475)	(36, 0.0013291603974053825)	(38, 0.0006678767425369537)	(40, 0.0009525646664947379)	(42, 0.001115733576705594)	(44, 0.0010883947576689071)	(46, 0.0006110144352926843)	(48, 0.0006373237762800377)	(50, 0.0015966802017984751)	(52, 0.001514644393530635)	(54, 0.000820362631608099)	(56, 0.0007558173536474984)	(58, 0.0006386883344222075)	(60, 0.00020598793335834553)	(62, 0.003077209217591721)	(64, 8.768774700199703e-06)	(66, 0.0034656461331025418)	(68, 0.001977359139153244)	(70, 0.002579242763287697)	(72, 0.0041595808371732625)	(74, 0.0)	(76, 0.0)	(78, 6.595470250818149e-06)	(80, 0.0)	(82, 0.0)	(84, 1.1018491993539505e-06)	(86, 0.0007588188314304701)	(88, 8.833113177188551e-06)	(90, 0.0)	(92, 0.00010295717244001224)	(94, 0.0006076441635778088)	(96, 3.557197360234964e-05)	(98, 0.0003973452550756736)	(100, 1.5524747838224732e-05)
SRR29999119_2	(1, 0.007319038895388871)	(2, 0.021110845980305992)	(3, 0.006420286285288832)	(4, 0.006415912793268881)	(5, 0.006415912793268881)	(6, 0.007430562941897633)	(7, 0.006429033269328735)	(8, 0.00642684652331876)	(9, 0.006831394535164276)	(10, 0.006665201838406117)	(12, 0.006670668703431057)	(14, 0.006497915768642972)	(16, 0.0064279398963237476)	(18, 0.006424659777308784)	(20, 0.006415912793268881)	(22, 0.006541650688842487)	(24, 0.0070467890171468876)	(26, 0.007638303812845331)	(28, 0.008284487258793168)	(30, 0.009190893479928122)	(32, 0.010551049498133045)	(34, 0.012127693371325568)	(36, 0.00015637293694477835)	(38, 0.0001410662791054727)	(40, 0.00015856606758547282)	(42, 0.00020996874976043605)	(44, 0.00040573383936691086)	(46, 0.0014600440250848031)	(48, 0.0003565515510818228)	(50, 0.0003226638920926193)	(52, 0.0003478434363256182)	(54, 0.0002308208873562236)	(56, 0.0022023190299039585)	(58, 0.00022321281785163332)	(60, 0.00042022708349326673)	(62, 0.00045532575213766955)	(64, 0.0004444715263110613)	(66, 0.0010326193615451367)	(68, 0.0007130824561013405)	(70, 1.643613940199868e-05)	(72, 0.0001457909564422771)	(74, 5.3736824210496655e-05)	(76, 0.000237004089242222)	(78, 0.0011648625971556888)	(80, 0.00034278070276042727)	(82, 0.000771864208194867)	(84, 0.00045889995188703623)	(86, 0.0005221384729736499)	(88, 0.0008447146129474636)	(90, 0.0006955927091372903)	(92, 0.00059818506890705)	(94, 0.0005913972433224661)	(96, 0.000209806430256263)	(98, 0.0003866163518360293)	(100, 0.001153132794562196)
SRR29999120_1	(1, 0.1163064217451072)	(2, 0.10401459191220538)	(3, 0.10108500727473693)	(4, 0.10108500727473693)	(5, 0.10135263654015003)	(6, 0.10626554519809059)	(7, 0.10111846093291356)	(8, 0.10202887834472064)	(9, 0.10256652642255945)	(10, 0.10114594072355865)	(12, 0.10108500727473693)	(14, 0.10108500727473693)	(16, 0.10241956928128351)	(18, 0.10108620204824323)	(20, 0.10109695500980001)	(22, 0.10202529402420171)	(24, 0.10242912746933398)	(26, 0.10365854940732544)	(28, 0.10530853161953746)	(30, 0.10824647967155006)	(32, 0.1115548075105183)	(34, 0.11477591688352602)	(36, 0.0012799099708934118)	(38, 0.000614859079263362)	(40, 0.0009199364255742183)	(42, 0.001053974488146741)	(44, 0.0010145650503995357)	(46, 0.0005851040828371455)	(48, 0.0005971201219608874)	(50, 0.001536593691550501)	(52, 0.0014780793059561929)	(54, 0.0008294771125899317)	(56, 0.0007170369867429198)	(58, 0.0005914128246602004)	(60, 0.00021312968672031427)	(62, 0.003150740779754094)	(64, 7.186671971867917e-06)	(66, 0.003409718699884563)	(68, 0.001990582757902916)	(70, 0.0025942491059850743)	(72, 0.004136341242947637)	(74, 0.0)	(76, 0.0)	(78, 1.2012768130991067e-05)	(80, 0.0)	(82, 2.4063689077116135e-06)	(84, 2.4087197872320004e-06)	(86, 0.0007378992570017626)	(88, 7.243589779188582e-06)	(90, 0.0)	(92, 9.325626296648099e-05)	(94, 0.000600697719502683)	(96, 2.7991731291257835e-05)	(98, 0.0003597962040115694)	(100, 1.5439504485778194e-05)
SRR29999120_2	(1, 0.008525903741017454)	(2, 0.021912146105697885)	(3, 0.007668056363487951)	(4, 0.007658498175437483)	(5, 0.007658498175437483)	(6, 0.008576084228282412)	(7, 0.0076752250045258015)	(8, 0.007665666816475333)	(9, 0.008021709321355267)	(10, 0.007880726047610864)	(12, 0.007905816291243341)	(14, 0.007746911414904313)	(16, 0.00766925113699426)	(18, 0.007666861589981642)	(20, 0.007658498175437483)	(22, 0.00790701106474965)	(24, 0.008853271681745982)	(26, 0.009935736478461483)	(28, 0.011382607194601078)	(30, 0.013723168493459429)	(32, 0.017174869153184683)	(34, 0.02079503287729944)	(36, 0.00013862708751779)	(38, 0.00015177869996285006)	(40, 0.00017927421336686223)	(42, 0.0002175313017981472)	(44, 0.0004183588235180915)	(46, 0.0014380939466967788)	(48, 0.0003825685874941294)	(50, 0.0003467295026610054)	(52, 0.0003694782639285354)	(54, 0.0002224254611621228)	(56, 0.0021084718722736294)	(58, 0.000260748177424064)	(60, 0.0003863917422031619)	(62, 0.00047020351999619436)	(64, 0.00044396792684748843)	(66, 0.0011131831212807266)	(68, 0.0006489473469386142)	(70, 2.395434206584881e-05)	(72, 0.00015816011286305654)	(74, 6.473181125110086e-05)	(76, 0.00023867954893355337)	(78, 0.001152151217543)	(80, 0.00032788222528117527)	(82, 0.0007945579726746344)	(84, 0.000474069852989615)	(86, 0.0005312160627017085)	(88, 0.0009069968122197943)	(90, 0.0006933182217339416)	(92, 0.0005892620720680824)	(94, 0.0005989268443352033)	(96, 0.00020668188428907413)	(98, 0.00041385805807644184)	(100, 0.0011479077785990668)
SRR29999121_1	(1, 0.10946819245708166)	(2, 0.09698114857241598)	(3, 0.09411494106758903)	(4, 0.09411494106758903)	(5, 0.094355461977085)	(6, 0.099306184030877)	(7, 0.09413275743125539)	(8, 0.09510152220561416)	(9, 0.09564269425198009)	(10, 0.0941817524313379)	(12, 0.09411494106758903)	(14, 0.09411494106758903)	(16, 0.09548123345625362)	(18, 0.09411494106758903)	(20, 0.09413387095398454)	(22, 0.09493115322805451)	(24, 0.09472069743224554)	(26, 0.09534315663783927)	(28, 0.0959400048206626)	(30, 0.09719828550459984)	(32, 0.09809467130156398)	(34, 0.09875610380267788)	(36, 0.0013085655535611262)	(38, 0.0006531757051675438)	(40, 0.0009708599236279895)	(42, 0.0011057507712221495)	(44, 0.0010489247367742322)	(46, 0.0006208994509966924)	(48, 0.0006565887612025022)	(50, 0.0016142159989785848)	(52, 0.0015161777391083087)	(54, 0.0008339411273909625)	(56, 0.0007236118574093957)	(58, 0.0006255418296141805)	(60, 0.00024644858115760313)	(62, 0.003234302557896135)	(64, 1.3385208303009795e-05)	(66, 0.0035253874024230502)	(68, 0.0019985165004206317)	(70, 0.002675420407102327)	(72, 0.004286228416204994)	(74, 0.0)	(76, 0.0)	(78, 8.94411052291038e-06)	(80, 0.0)	(82, 1.119643027348591e-06)	(84, 1.1207021423061976e-06)	(86, 0.000770797055429587)	(88, 6.74087402779323e-06)	(90, 0.0)	(92, 0.00011838498259661831)	(94, 0.0006204280582927533)	(96, 2.1543870986410853e-05)	(98, 0.0003791242000508188)	(100, 2.155595697218303e-05)
SRR29999121_2	(1, 0.007620949558288917)	(2, 0.021297235717684663)	(3, 0.006692271602179484)	(4, 0.006685590465804597)	(5, 0.006685590465804597)	(6, 0.007647674103788469)	(7, 0.006696725693096077)	(8, 0.006696725693096077)	(9, 0.007099820921047653)	(10, 0.006891592170696977)	(12, 0.006922770807113121)	(14, 0.0067646505795741045)	(16, 0.006703406829470964)	(18, 0.006687817511262893)	(20, 0.006687817511262893)	(22, 0.0067668776250324)	(24, 0.00709091273921447)	(26, 0.0075797492173104416)	(28, 0.00803072592261538)	(30, 0.008676569105521222)	(32, 0.009694328879962494)	(34, 0.010768878313590316)	(36, 0.00015925177768416198)	(38, 0.000145889764691503)	(40, 0.00019600737869777108)	(42, 0.00024278611185035893)	(44, 0.00048224152811893547)	(46, 0.0014378534191636413)	(48, 0.0003786862165579279)	(50, 0.0003475124424490993)	(52, 0.000388740545570957)	(54, 0.00023169708591344655)	(56, 0.0022068318322290914)	(58, 0.00026403770966515943)	(60, 0.0003988792606962315)	(62, 0.0004769259758512767)	(64, 0.00043129989955950344)	(66, 0.0011648252080570102)	(68, 0.0006734015668248317)	(70, 2.2303825725043008e-05)	(72, 0.00018183200226730005)	(74, 7.476791954079106e-05)	(76, 0.0002523148125664343)	(78, 0.001143857034760419)	(80, 0.00035880743942626225)	(82, 0.0007763584141176773)	(84, 0.0005117152904806154)	(86, 0.0005582550149936872)	(88, 0.0009148318591238858)	(90, 0.0007082901983665636)	(92, 0.0006161962578998304)	(94, 0.0006153832256694974)	(96, 0.0002140993313507962)	(98, 0.0004237909563585716)	(100, 0.0012035576128954276)
SRR29999122_1	(1, 0.20208500744972557)	(2, 0.18991267786899096)	(3, 0.18695312298109631)	(4, 0.18695312298109631)	(5, 0.187285170602665)	(6, 0.19203489527640807)	(7, 0.18698818391008185)	(8, 0.1878770815802439)	(9, 0.18853705200820647)	(10, 0.18702943206182948)	(12, 0.18695312298109631)	(14, 0.18695312298109631)	(16, 0.18826378300287824)	(18, 0.18695415418489)	(20, 0.18696549742662064)	(22, 0.18823387809286118)	(24, 0.1897868710061606)	(26, 0.1926917720929896)	(28, 0.19682793050948624)	(30, 0.20386589640143082)	(32, 0.21226917611622295)	(34, 0.22171397166264348)	(36, 0.0013663981849270901)	(38, 0.0006636328789529287)	(40, 0.0009500830107892833)	(42, 0.0011394423372745803)	(44, 0.0010465923145561746)	(46, 0.0006227430413766718)	(48, 0.0006559963378435358)	(50, 0.0015978655166008914)	(52, 0.001487433731307942)	(54, 0.0008251520081156029)	(56, 0.0007176237446101979)	(58, 0.0006266350449015082)	(60, 0.0002227450041714441)	(62, 0.003130676391183829)	(64, 8.293160056599988e-06)	(66, 0.0034690684581510037)	(68, 0.001988060946934389)	(70, 0.0026327987696358277)	(72, 0.004181291187081658)	(74, 0.0)	(76, 0.0)	(78, 9.375026171948063e-06)	(80, 0.0)	(82, 2.0886372972097663e-06)	(84, 0.0)	(86, 0.000783844175131328)	(88, 9.451773110102477e-06)	(90, 0.0)	(92, 0.00010242411914412802)	(94, 0.0006346686242008513)	(96, 3.299742276290593e-05)	(98, 0.0003954256596347309)	(100, 8.10702702509887e-06)
SRR29999122_2	(1, 0.010815265388236576)	(2, 0.024816950498979924)	(3, 0.010000614391220282)	(4, 0.009992364760870748)	(5, 0.009992364760870748)	(6, 0.010889512061382365)	(7, 0.010000614391220282)	(8, 0.010000614391220282)	(9, 0.010392471832823056)	(10, 0.010236760059975638)	(12, 0.010259446543436851)	(14, 0.010096516344033593)	(16, 0.01000680161398243)	(18, 0.009999583187426591)	(20, 0.009992364760870748)	(22, 0.01053168434497141)	(24, 0.012609559989259805)	(26, 0.015360811710828759)	(28, 0.019348476781033835)	(30, 0.025689348908442943)	(32, 0.03421946668985913)	(34, 0.043965373744037604)	(36, 0.0001661123878034631)	(38, 0.00017438531498166943)	(40, 0.00019091875440022576)	(42, 0.00025803752573679185)	(44, 0.00046559302154726304)	(46, 0.0014539474585726429)	(48, 0.0003924912012510306)	(50, 0.0003522754675973874)	(52, 0.0003761129974050476)	(54, 0.00023977311345119108)	(56, 0.002225585720046601)	(58, 0.00024401030438972365)	(60, 0.0004136816005655524)	(62, 0.0004768950059265325)	(64, 0.00044289863622093135)	(66, 0.0010880335840665837)	(68, 0.0006949828504436782)	(70, 1.7617054602153952e-05)	(72, 0.00013583987419610015)	(74, 6.952633389799784e-05)	(76, 0.0002440728948730993)	(78, 0.0011540005524023906)	(80, 0.00038510780218623404)	(82, 0.0007910635376084164)	(84, 0.0004854030887983571)	(86, 0.0005480033524000503)	(88, 0.0009181093709107254)	(90, 0.0006861083866117159)	(92, 0.0005943381952516045)	(94, 0.0006397432601382097)	(96, 0.0002273108385323695)	(98, 0.00042716750741162666)	(100, 0.0011704325886448114)
SRR29999123_1	(1, 0.10998137832343438)	(2, 0.09758508021064845)	(3, 0.0949059845090579)	(4, 0.0949059845090579)	(5, 0.09518520120147174)	(6, 0.09978650768637404)	(7, 0.09494521330055407)	(8, 0.0957551724661512)	(9, 0.09635514221844538)	(10, 0.09495905875637624)	(12, 0.0949059845090579)	(14, 0.0949059845090579)	(16, 0.09618553538462377)	(18, 0.09490713829704309)	(20, 0.09491752238890971)	(22, 0.09558441184434441)	(24, 0.09552672244508535)	(26, 0.09612899977334988)	(28, 0.09672435437370334)	(30, 0.09775699462044045)	(32, 0.0985346477224525)	(34, 0.09910577277511716)	(36, 0.001101804151170717)	(38, 0.0005243435562271208)	(40, 0.0008292573639959598)	(42, 0.0009436086315173183)	(44, 0.0009736513092942098)	(46, 0.0005001157196165089)	(48, 0.0005324650280203657)	(50, 0.001329456756017403)	(52, 0.001294832252864545)	(54, 0.0007785354136354032)	(56, 0.0006364773632436264)	(58, 0.0005336887870079818)	(60, 0.00018599051942785343)	(62, 0.0030210487033947788)	(64, 1.617482845236896e-05)	(66, 0.0031520047108143136)	(68, 0.001945908886606516)	(70, 0.0024245552483912938)	(72, 0.003845365275547121)	(74, 0.0)	(76, 1.1562322124513792e-06)	(78, 1.0408784662669678e-05)	(80, 1.1569053453018276e-06)	(82, 1.1573733157975844e-06)	(84, 0.0)	(86, 0.0006326234529619262)	(88, 5.797589858410564e-06)	(90, 0.0)	(92, 8.249581490597591e-05)	(94, 0.00048751989785120073)	(96, 2.0989925710239324e-05)	(98, 0.00031373187115181224)	(100, 1.778097624612712e-05)
SRR29999123_2	(1, 0.009121847810841906)	(2, 0.02122969892733254)	(3, 0.008328041677037297)	(4, 0.008323426525096574)	(5, 0.008323426525096574)	(6, 0.009227996305478568)	(7, 0.008334964404948384)	(8, 0.00833034925300766)	(9, 0.008660332616769458)	(10, 0.008520724270562543)	(12, 0.0085357235143699)	(14, 0.008401884108088889)	(16, 0.008334964404948384)	(18, 0.00833034925300766)	(20, 0.008324580313081755)	(22, 0.008414575775925881)	(24, 0.00879647959902083)	(26, 0.009263763733019183)	(28, 0.00969412665149174)	(30, 0.010243329732437951)	(32, 0.011069441929827629)	(34, 0.012005163985809517)	(36, 0.0001292402634193512)	(38, 0.00014078090475502507)	(40, 0.00012693500149004382)	(42, 0.0001880967832034327)	(44, 0.0003900466060688874)	(46, 0.0012497839852818606)	(48, 0.00033005040123511786)	(50, 0.00031159251205340816)	(52, 0.0003381427074401067)	(54, 0.00021466241219614884)	(56, 0.001848921848889533)	(58, 0.00022852635380916385)	(60, 0.00034972979737348073)	(62, 0.00039591798629325006)	(64, 0.00038093489642541776)	(66, 0.0010078173261484232)	(68, 0.0006603914927767545)	(70, 2.0783764056059633e-05)	(72, 0.00016167318069083158)	(74, 4.966472040252355e-05)	(76, 0.0002090975188199608)	(78, 0.001096601371200061)	(80, 0.00029244439054323154)	(82, 0.0007192642070552117)	(84, 0.0004326961250430715)	(86, 0.00048736948410180484)	(88, 0.0007414476647485995)	(90, 0.0006470383899124535)	(92, 0.0005618906794781457)	(94, 0.0005185043085208521)	(96, 0.000213213485140092)	(98, 0.00034447117140890227)	(100, 0.0010623992325085499)
SRR29999124_1	(1, 1.3876001378055913)	(2, 1.3754237921651895)	(3, 1.3725600795657826)	(4, 1.3725600795657826)	(5, 1.3728206195145622)	(6, 1.377566009521822)	(7, 1.3726202041693474)	(8, 1.3734886706652794)	(9, 1.3740876898637555)	(10, 1.3726369054481153)	(12, 1.3725600795657826)	(14, 1.3725600795657826)	(16, 1.3738895013557095)	(18, 1.3725611929843673)	(20, 1.3725812345188888)	(22, 1.3734407936661448)	(24, 1.373279347971388)	(26, 1.3740665349106496)	(28, 1.3751521180305648)	(30, 1.3770582906472772)	(32, 1.378735099035577)	(34, 1.3805466310726044)	(36, 0.0013570800974302222)	(38, 0.0007000120966606509)	(40, 0.0010037648181063547)	(42, 0.0011336623475900218)	(44, 0.0010512916263775054)	(46, 0.0006312682951348446)	(48, 0.0006798779603250101)	(50, 0.0016478994376088558)	(52, 0.0015475431577593284)	(54, 0.0008484321876960658)	(56, 0.0007513894122407165)	(58, 0.0006057396749892472)	(60, 0.0002498077977673626)	(62, 0.003116001605532264)	(64, 1.583335027878798e-05)	(66, 0.003569420216981152)	(68, 0.0020146202804647963)	(70, 0.0026224756421439036)	(72, 0.004250810797974847)	(74, 0.0)	(76, 0.0)	(78, 1.0220552365664381e-05)	(80, 0.0)	(82, 1.138393910157224e-06)	(84, 2.280277530754046e-06)	(86, 0.0007698512806093411)	(88, 5.723332962804757e-06)	(90, 1.1475275537717928e-06)	(92, 0.0001231568243204848)	(94, 0.0006006269829569899)	(96, 3.249053805909138e-05)	(98, 0.0003696980937882015)	(100, 1.92043382659233e-05)
SRR29999124_2	(1, 0.011913578854453055)	(2, 0.02607849008682238)	(3, 0.011069607567380586)	(4, 0.011062927055873415)	(5, 0.011062927055873415)	(6, 0.011931393551805508)	(7, 0.011087422264733039)	(8, 0.011067380730211528)	(9, 0.011494933466670404)	(10, 0.01131344623739229)	(12, 0.01126445581967304)	(14, 0.011125278496607003)	(16, 0.011077401497472283)	(18, 0.011064040474457944)	(20, 0.011062927055873415)	(22, 0.011167588402819078)	(24, 0.011612955836630407)	(26, 0.012264305708579474)	(28, 0.013128318530173454)	(30, 0.014370893670507062)	(32, 0.01613900238273804)	(34, 0.018307941785399212)	(36, 0.00013363731962915288)	(38, 0.00015034638470624008)	(40, 0.00017262634048529832)	(42, 0.00023389144509963007)	(44, 0.0004399621962204441)	(46, 0.0014803739342129176)	(48, 0.00035090442496383986)	(50, 0.0003353397269955833)	(52, 0.00040891290637544577)	(54, 0.00019166713961276261)	(56, 0.0022847495132146123)	(58, 0.00023854783404084505)	(60, 0.00039469007168385607)	(62, 0.00047284847725560347)	(64, 0.00043505582569423645)	(66, 0.0011092200805793708)	(68, 0.0006564187054681867)	(70, 2.1220426487684805e-05)	(72, 0.0001765589952550552)	(74, 7.939022137672507e-05)	(76, 0.0002182106622742837)	(78, 0.0011054888113107791)	(80, 0.0003576874374677703)	(82, 0.0007309036434569843)	(84, 0.00046663748851790673)	(86, 0.0005204121939425755)	(88, 0.0009053072645026865)	(90, 0.0006721653869045073)	(92, 0.0005686246277750272)	(94, 0.0006184467776377344)	(96, 0.00020250650655121704)	(98, 0.000404246004313666)	(100, 0.0012299523223375305)
SRR29999125_1	(1, 0.07822899468843988)	(2, 0.06577024720166674)	(3, 0.06296094637920127)	(4, 0.06295843807489551)	(5, 0.06321930172269588)	(6, 0.0684139999399512)	(7, 0.06298101281364746)	(8, 0.0639065771024776)	(9, 0.06445338744113606)	(10, 0.06302114568253983)	(12, 0.06295843807489551)	(14, 0.06295843807489551)	(16, 0.06430288918278969)	(18, 0.06295843807489551)	(20, 0.0629684712921186)	(22, 0.06390908540678338)	(24, 0.06372347088815619)	(26, 0.06440071305071483)	(28, 0.06516072925536397)	(30, 0.0663158033881723)	(32, 0.06724763843776688)	(34, 0.06779695708073111)	(36, 0.0014545417671354684)	(38, 0.0007542608111647066)	(40, 0.0010466884678236607)	(42, 0.001231190768554208)	(44, 0.0011320582040571811)	(46, 0.0006764845450202787)	(48, 0.0007179136255274422)	(50, 0.0017634403176803217)	(52, 0.0016743617437209866)	(54, 0.0008384567580800842)	(56, 0.0008334599108732615)	(58, 0.0007041968083716925)	(60, 0.0002397636457681685)	(62, 0.0032124877621979723)	(64, 6.27720745721198e-06)	(66, 0.003674953605437093)	(68, 0.0020266192037639167)	(70, 0.002726312164877715)	(72, 0.004373253987451223)	(74, 0.0)	(76, 0.0)	(78, 8.797749786968773e-06)	(80, 0.0)	(82, 0.0)	(84, 1.2585339614760238e-06)	(86, 0.0008337275067686205)	(88, 7.562867374948523e-06)	(90, 1.2617579278300962e-06)	(92, 0.0001263412641282382)	(94, 0.0006820515909391154)	(96, 3.9318289851236585e-05)	(98, 0.0004014399599898173)	(100, 2.398080039566402e-05)
SRR29999125_2	(1, 0.012067452015072602)	(2, 0.026575484119662072)	(3, 0.011272319550142646)	(4, 0.011262286332919555)	(5, 0.011262286332919555)	(6, 0.012190358926055465)	(7, 0.0112948942888946)	(8, 0.01127482785444842)	(9, 0.011713781107958647)	(10, 0.011548233023777646)	(12, 0.011514370915649715)	(14, 0.011337535462092737)	(16, 0.011276082006601304)	(18, 0.011268557093683988)	(20, 0.011262286332919555)	(22, 0.011368889265914896)	(24, 0.011810350823730897)	(26, 0.01234712794516626)	(28, 0.01276476061207742)	(30, 0.013287742059831036)	(32, 0.014324925890268056)	(34, 0.015303164569519422)	(36, 0.0001630651921091098)	(38, 0.00015679498408581086)	(40, 0.0001931734024810489)	(42, 0.00025840376069292953)	(44, 0.0004854545279384977)	(46, 0.001527889132350398)	(48, 0.0003851148373557177)	(50, 0.00037508659294245594)	(52, 0.0004252744921037064)	(54, 0.00022456064709396067)	(56, 0.0024338567133101088)	(58, 0.0002546853222954304)	(60, 0.0004416408891209734)	(62, 0.000529493436891208)	(64, 0.0004818423180801505)	(66, 0.0012084611859333612)	(68, 0.0006664083361734125)	(70, 2.6357997281210235e-05)	(72, 0.0001895528201674861)	(74, 6.905427471385008e-05)	(76, 0.00025367487616333477)	(78, 0.0012184936637136118)	(80, 0.00039960710328015235)	(82, 0.0008096304078675357)	(84, 0.000509444670214389)	(86, 0.0005953931249263548)	(88, 0.0009599896109470765)	(90, 0.0007427945585872082)	(92, 0.0006175021474931535)	(94, 0.0006627517013019568)	(96, 0.00022565216041470101)	(98, 0.00045419412959620177)	(100, 0.001223718006037266)
SRR29999126_1	(1, 0.09150783318767766)	(2, 0.07875540792558348)	(3, 0.07584508411440195)	(4, 0.07584508411440195)	(5, 0.07610543257035429)	(6, 0.0809451244033255)	(7, 0.07587995221118128)	(8, 0.07679582088658506)	(9, 0.07737230675333666)	(10, 0.07590435987892681)	(12, 0.07584508411440195)	(14, 0.07584508411440195)	(16, 0.0772084266984738)	(18, 0.07584508411440195)	(20, 0.07586135589289897)	(22, 0.07667726935753533)	(24, 0.07634486016823903)	(26, 0.07686555708014371)	(28, 0.07735719724473229)	(30, 0.07845438002338859)	(32, 0.07902621681056962)	(34, 0.07945858121063333)	(36, 0.0012748537448468167)	(38, 0.0006513894136192499)	(40, 0.0009503373476575499)	(42, 0.0010643398065937537)	(44, 0.0010596963231387483)	(46, 0.0006200051056780673)	(48, 0.0006770119442704706)	(50, 0.0015459810355937182)	(52, 0.001462246607320316)	(54, 0.000850374985704452)	(56, 0.0007840826841016255)	(58, 0.0006282114913074201)	(60, 0.00025129174719394084)	(62, 0.0031493998502714576)	(64, 1.7452150131074376e-05)	(66, 0.0034324384985559902)	(68, 0.002022359970509849)	(70, 0.002605531108482073)	(72, 0.004152490628499009)	(74, 0.0)	(76, 0.0)	(78, 8.150721654415782e-06)	(80, 0.0)	(82, 0.0)	(84, 2.3312052925819997e-06)	(86, 0.0007557175014621909)	(88, 7.002049021275177e-06)	(90, 0.0)	(92, 0.00012159206381693996)	(94, 0.0005888249247085489)	(96, 3.166459212768514e-05)	(98, 0.0003367092506254641)	(100, 7.237140227827779e-06)
SRR29999126_2	(1, 0.00864728800127422)	(2, 0.022101724278525612)	(3, 0.007773261042005643)	(4, 0.007763962882864487)	(5, 0.007763962882864487)	(6, 0.008658910700200664)	(7, 0.007789532820502664)	(8, 0.00777791012157622)	(9, 0.008198651822713487)	(10, 0.007996416861393364)	(12, 0.00800803956031981)	(14, 0.007830212266745218)	(16, 0.007779072391468865)	(18, 0.007763962882864487)	(20, 0.007763962882864487)	(22, 0.007816265028033485)	(24, 0.008075451214093183)	(26, 0.00846713616791434)	(28, 0.008739107322793127)	(30, 0.009176120802427416)	(32, 0.009925784883183042)	(34, 0.010692883012328337)	(36, 0.00014878676885760416)	(38, 0.0001348389371562559)	(40, 0.00017319958853357349)	(42, 0.00023597192529249735)	(44, 0.00041847634436920555)	(46, 0.0013751760701973563)	(48, 0.000356876013856275)	(50, 0.00031851912137128104)	(52, 0.00041849829906597576)	(54, 0.00018832773089334375)	(56, 0.002185576485615099)	(58, 0.0002104248174797222)	(60, 0.000389471499498756)	(62, 0.0004894723507823484)	(64, 0.0004429853548111547)	(66, 0.0011092657198126417)	(68, 0.000661648379608583)	(70, 1.511791549622505e-05)	(72, 0.0001837584832016543)	(74, 5.1179507948346246e-05)	(76, 0.0002117310815631985)	(78, 0.0011496398450648532)	(80, 0.00035266587115488575)	(82, 0.0007474910062685504)	(84, 0.0004868926347809377)	(86, 0.0005221179111698654)	(88, 0.0008909906004340173)	(90, 0.0006967809641494757)	(92, 0.0005876927006977583)	(94, 0.0006235334096453997)	(96, 0.00016993866573676228)	(98, 0.00040278077954760706)	(100, 0.0011126995740484875)
SRR29999127_1	(1, 0.10269784795080318)	(2, 0.16359633014118735)	(3, 0.09795175146881968)	(4, 0.104720851088659)	(5, 0.09791428844774828)	(6, 0.09831467448544891)	(7, 0.09819994398341775)	(8, 0.09791428844774828)	(9, 0.09792599564183309)	(10, 0.09791428844774828)	(12, 0.09989046280926485)	(14, 0.09791545916715677)	(16, 0.09795994650467907)	(18, 0.09915642174014702)	(20, 0.09812384722186646)	(22, 0.09813438369654279)	(24, 0.0981847246311075)	(26, 0.0984352585845225)	(28, 0.0987302798754598)	(30, 0.09930627382443265)	(32, 0.10584708315961808)	(34, 0.10127893602772375)	(36, 9.258041347209551e-05)	(38, 1.8750615767292013e-05)	(40, 1.992270879649237e-05)	(42, 0.00011836573114728938)	(44, 0.0019138079945936154)	(46, 0.0002133010978337949)	(48, 1.2892118622446184e-05)	(50, 9.845132202720695e-05)	(52, 0.0001406488636069952)	(54, 0.0004946340469343713)	(56, 0.00028483849024628615)	(58, 0.00020514303674432983)	(60, 0.0005627228272489103)	(62, 0.00038573904235557723)	(64, 0.0009744449181818053)	(66, 0.0011904201739885286)	(68, 0.0018992271482825174)	(70, 0.001755410057042261)	(72, 0.0015576374450125812)	(74, 0.0017250836069579376)	(76, 0.001333625689151075)	(78, 0.0003433505947749471)	(80, 0.002604518209442573)	(82, 0.0003310874606527296)	(84, 0.0006642704476956281)	(86, 2.718224691998551e-05)	(88, 0.00019065944911308776)	(90, 9.496167423984041e-06)	(92, 0.006517246313657254)	(94, 0.004148344959113891)	(96, 0.0006325096265684769)	(98, 0.003241988311065401)	(100, 0.0032688939860642855)
SRR29999127_2	(1, 0.03964290060999632)	(2, 0.01842478205067988)	(3, 0.00515116539731805)	(4, 0.005057507844639541)	(5, 0.006464712573634154)	(6, 0.006160325527428996)	(7, 0.0050668735999073915)	(8, 0.005113702376246646)	(9, 0.0072584603325845255)	(10, 0.00509965374334487)	(12, 0.005121897412106016)	(14, 0.005333797625041145)	(16, 0.005782183158489511)	(18, 0.006175544879739254)	(20, 0.005118385253880572)	(22, 0.007686943636088709)	(24, 0.006928317459392778)	(26, 0.009200683831255127)	(28, 0.007033682206156102)	(30, 0.00705826731373421)	(32, 0.007828600684514957)	(34, 0.007847332195050656)	(36, 0.0015583550762503374)	(38, 0.0006299036181897994)	(40, 0.0008078762265244194)	(42, 0.0004671687774831206)	(44, 0.00044141787120178215)	(46, 0.0027633127333052646)	(48, 5.0349645502197086e-05)	(50, 0.001755255488443282)	(52, 7.728505200300371e-05)	(54, 0.0005012010029032068)	(56, 0.0019791364123753928)	(58, 0.00018035825943036538)	(60, 0.0004497601460764734)	(62, 0.001323647652913253)	(64, 0.0005459315976527706)	(66, 0.0004054206997287091)	(68, 0.0002050987189944209)	(70, 0.005385574168676136)	(72, 0.0012137495804061837)	(74, 0.000966734569602261)	(76, 0.0013194541624734768)	(78, 0.0006613799345785994)	(80, 0.00298886555867547)	(82, 0.0008640010648636558)	(84, 0.0005516453370286027)	(86, 0.0010720527225138994)	(88, 0.0005654939406791888)	(90, 0.0017265675318074412)	(92, 0.0028902160359176544)	(94, 0.0007507774366004263)	(96, 0.002281768041456092)	(98, 0.00029715071918024594)	(100, 0.0004130930562604455)
SRR29999128_1	(1, 0.20314706853641423)	(2, 0.19083261231949405)	(3, 0.18805373593933372)	(4, 0.18805373593933372)	(5, 0.1882711157852011)	(6, 0.19314535459717588)	(7, 0.18808735137941632)	(8, 0.18899496826164608)	(9, 0.1896112513298268)	(10, 0.18812320784883774)	(12, 0.18805373593933372)	(14, 0.18805373593933372)	(16, 0.18942300486536434)	(18, 0.18805485645400313)	(20, 0.18806830263003618)	(22, 0.18887395267734877)	(24, 0.18889076039739008)	(26, 0.1896336616232152)	(28, 0.19049309637465994)	(30, 0.19214809654139253)	(32, 0.19339186782444817)	(34, 0.19469502638498304)	(36, 0.0013079510591883108)	(38, 0.0006197431021133195)	(40, 0.0008981956730950381)	(42, 0.0010924527859982448)	(44, 0.0010105164446393617)	(46, 0.0006411360382656936)	(48, 0.0005984876497806576)	(50, 0.0016080007469567714)	(52, 0.0014474824019435387)	(54, 0.0008209115158904887)	(56, 0.0007052758553426662)	(58, 0.0005705423503703269)	(60, 0.00023811719386974023)	(62, 0.003131732579153418)	(64, 1.9097796501856614e-05)	(66, 0.003435774311288478)	(68, 0.0019900785091028507)	(70, 0.0025715023768864017)	(72, 0.004150390734781039)	(74, 0.0)	(76, 0.0)	(78, 1.1252447097801478e-06)	(80, 0.0)	(82, 0.0)	(84, 3.3819892612822317e-06)	(86, 0.0007954491821986957)	(88, 4.517810167715796e-06)	(90, 1.1308248562178812e-06)	(92, 0.00012005503368047699)	(94, 0.0005798080342966777)	(96, 3.185085101890702e-05)	(98, 0.00034237060310552965)	(100, 9.97033412540991e-06)
SRR29999128_2	(1, 0.010730048474361011)	(2, 0.024100029509874336)	(3, 0.009826913650808905)	(4, 0.00981570850411471)	(5, 0.00981570850411471)	(6, 0.010781592149154308)	(7, 0.009838118797503098)	(8, 0.009831395709486582)	(9, 0.010254950254527148)	(10, 0.010045414011345703)	(12, 0.010064462760725834)	(14, 0.00989974710432117)	(16, 0.009831395709486582)	(18, 0.009819070048122968)	(20, 0.00981570850411471)	(22, 0.00994120614708969)	(24, 0.010482414732419305)	(26, 0.011094215741922344)	(28, 0.011786693807623587)	(30, 0.01280860318613416)	(32, 0.014254067109685298)	(34, 0.015948285289847562)	(36, 0.0001535365307506382)	(38, 0.00013784897588969857)	(40, 0.00017371552916524029)	(42, 0.00022191224742435534)	(44, 0.0004326279771277434)	(46, 0.0014615657796789342)	(48, 0.0003844582387113982)	(50, 0.0003060081642978235)	(52, 0.00036879382348139865)	(54, 0.0002197165418956959)	(56, 0.0022219332637747895)	(58, 0.00023991992683653043)	(60, 0.00038681430535275987)	(62, 0.0004619743890593341)	(64, 0.00044856281930523765)	(66, 0.0010800463753744582)	(68, 0.0006831215888228117)	(70, 1.1219143988289008e-05)	(72, 0.0001537363182672153)	(74, 7.969360301469003e-05)	(76, 0.00024252385685285348)	(78, 0.0011288601499191426)	(80, 0.00037759888331423576)	(82, 0.0007871498639332745)	(84, 0.00047038238971156227)	(86, 0.0005642641575284968)	(88, 0.0009109587332198837)	(90, 0.0007337133554625045)	(92, 0.0005980729862269218)	(94, 0.0006082296254628436)	(96, 0.00019644758272044336)	(98, 0.000398433006743018)	(100, 0.0012093525600733064)
SRR29999129_1	(1, 0.11905759694640966)	(2, 0.10651521459450572)	(3, 0.10364583261770535)	(4, 0.10364583261770535)	(5, 0.10392979380295933)	(6, 0.1087846140669791)	(7, 0.10367102272284884)	(8, 0.1044954261639088)	(9, 0.10523967927042127)	(10, 0.10370880788056408)	(12, 0.10364583261770535)	(14, 0.10364583261770535)	(16, 0.10497289315685604)	(18, 0.1036492676320431)	(20, 0.10366644270373186)	(22, 0.10442787088193306)	(24, 0.10421604499777182)	(26, 0.1047999974351893)	(28, 0.10541715501120501)	(30, 0.10670872040219896)	(32, 0.10760296913479317)	(34, 0.10824188180161465)	(36, 0.001252844418192406)	(38, 0.0005983453618709072)	(40, 0.0008791884560973864)	(42, 0.0010121691387589206)	(44, 0.000989259133289096)	(46, 0.0005582612566848346)	(48, 0.0005972503830426928)	(50, 0.0015201045345853187)	(52, 0.0014181188494110483)	(54, 0.000809401243595713)	(56, 0.0007051058826548115)	(58, 0.0005560902812686298)	(60, 0.00023277222117869684)	(62, 0.0032017692481462563)	(64, 1.261584253694409e-05)	(66, 0.0034721801629976953)	(68, 0.0019951336865197994)	(70, 0.0026210208766148913)	(72, 0.004145057783666644)	(74, 0.0)	(76, 0.0)	(78, 8.04712127514132e-06)	(80, 0.0)	(82, 0.0)	(84, 2.3061678065938827e-06)	(86, 0.0007194641735712515)	(88, 3.4709524722825065e-06)	(90, 2.3189900167711675e-06)	(92, 0.00010116365999935743)	(94, 0.0005565435727238812)	(96, 2.6951864579208038e-05)	(98, 0.00034435228178864935)	(100, 1.1564305147377745e-05)
SRR29999129_2	(1, 0.00645324693585271)	(2, 0.0200765137993686)	(3, 0.00556472322715475)	(4, 0.00555785319847925)	(5, 0.00555785319847925)	(6, 0.006515077193932207)	(7, 0.00557388326538875)	(8, 0.00556701323671325)	(9, 0.005951734842541233)	(10, 0.005760519044406491)	(12, 0.005800594211680239)	(14, 0.005638003533026747)	(16, 0.00556930324627175)	(18, 0.00556014320803775)	(20, 0.00555785319847925)	(22, 0.005629988499571997)	(24, 0.005927689742176984)	(26, 0.006378821625201463)	(28, 0.006837968541680693)	(30, 0.007504361323204163)	(32, 0.00845815030431937)	(34, 0.009513844710787823)	(36, 0.00012710827394246947)	(38, 0.00014085115736021847)	(40, 0.0001580300333330001)	(42, 0.00019467725139861003)	(44, 0.00039623169911997056)	(46, 0.0013650823077064553)	(48, 0.00033440730376701696)	(50, 0.00030120353603331116)	(52, 0.00035733210899747134)	(54, 0.0001912714827940306)	(56, 0.002093775125229916)	(58, 0.00022450929998847898)	(60, 0.0003425161296744989)	(62, 0.0004238878783109094)	(64, 0.00038612527015162863)	(66, 0.0011024007193611613)	(68, 0.0006739442482829866)	(70, 1.834292092970957e-05)	(72, 0.00018463020513688708)	(74, 5.047660411120239e-05)	(76, 0.0001939692748766255)	(78, 0.001093327780024472)	(80, 0.00031262237671897484)	(82, 0.000709857307521357)	(84, 0.00047689861083696804)	(86, 0.0005087698422834256)	(88, 0.0008032877423040903)	(90, 0.0006857209522986792)	(92, 0.0005924255810666918)	(94, 0.000533838545077828)	(96, 0.0002036775145818176)	(98, 0.0003628629416508919)	(100, 0.0010791734519516873)
SRR29999130_1	(1, 0.10439673851544197)	(2, 0.09208811289044982)	(3, 0.08912555583961644)	(4, 0.08912293642577838)	(5, 0.08939535546493549)	(6, 0.09418102454705095)	(7, 0.08915174997799692)	(8, 0.09005806716596186)	(9, 0.0907286371085024)	(10, 0.08919104118556766)	(12, 0.08912293642577838)	(14, 0.08912293642577838)	(16, 0.09052694224297264)	(18, 0.08912293642577838)	(20, 0.0891399626157257)	(22, 0.08993888383633064)	(24, 0.0897227821946916)	(26, 0.09023880672078724)	(28, 0.09073256622925949)	(30, 0.09178819000599323)	(32, 0.09249543174226645)	(34, 0.09298395242306257)	(36, 0.0013056765178037252)	(38, 0.0006043386243289138)	(40, 0.0009268355128497484)	(42, 0.0010461413352150942)	(44, 0.0009806044180817423)	(46, 0.0005912536490084198)	(48, 0.0006332131880136597)	(50, 0.001581090037296026)	(52, 0.0014382134520365057)	(54, 0.0007840199223919917)	(56, 0.000735528824378189)	(58, 0.0006044358247146598)	(60, 0.0002255240457671156)	(62, 0.0030774933678837805)	(64, 1.4424518618408067e-05)	(66, 0.0033781998755757574)	(68, 0.002019759649650917)	(70, 0.0025879498287690148)	(72, 0.0040182642507387446)	(74, 0.0)	(76, 0.0)	(78, 3.938510607052355e-06)	(80, 0.0)	(82, 0.0)	(84, 2.6296228885426582e-06)	(86, 0.0007263396631115586)	(88, 6.58543809752067e-06)	(90, 0.0)	(92, 9.772170430085766e-05)	(94, 0.0006230990682803601)	(96, 3.44885301893094e-05)	(98, 0.00037586572384274987)	(100, 3.365316006622471e-06)
SRR29999130_2	(1, 0.008049458724324506)	(2, 0.021353461607775258)	(3, 0.00714314153635956)	(4, 0.0071379027086834615)	(5, 0.0071379027086834615)	(6, 0.00803374224129621)	(7, 0.0071562386055498035)	(8, 0.0071562386055498035)	(9, 0.007483665335305926)	(10, 0.007368411126431771)	(12, 0.007369720833350797)	(14, 0.007212556003067858)	(16, 0.007149690070954682)	(18, 0.00714314153635956)	(20, 0.0071379027086834615)	(22, 0.0072204142445820045)	(24, 0.0075439118535810526)	(26, 0.007894913307879616)	(28, 0.00817911970930793)	(30, 0.00861394240642406)	(32, 0.009376191833296313)	(34, 0.010182971295415398)	(36, 0.00014670245752551256)	(38, 0.0001467035547515677)	(40, 0.0001689724861707809)	(42, 0.00023184818025768995)	(44, 0.00041785531658801515)	(46, 0.0014133890700278482)	(48, 0.00035891896803041945)	(50, 0.0003314154769429603)	(52, 0.0003995392696537428)	(54, 0.00021352879960514728)	(56, 0.0021536819209878556)	(58, 0.00021616038629040086)	(60, 0.0004008933528436512)	(62, 0.00045855860461507526)	(64, 0.00037734964519765124)	(66, 0.001094129005960081)	(68, 0.0006250860394240586)	(70, 1.3106029006630364e-05)	(72, 0.00016647049582450707)	(74, 5.113020499423323e-05)	(76, 0.0002334195167145946)	(78, 0.001062518468636993)	(80, 0.0003320023451175925)	(82, 0.0007588616230141146)	(84, 0.00046636906277369624)	(86, 0.0005101158872858453)	(88, 0.0008461764071462927)	(90, 0.0006574343559700586)	(92, 0.0006016810175946043)	(94, 0.0005617860121125558)	(96, 0.00020013111901724754)	(98, 0.00037182785372691005)	(100, 0.001139613166065543)
SRR29999131_1	(1, 0.09635329737087453)	(2, 0.08407120366845)	(3, 0.08098211601415217)	(4, 0.08097964078365996)	(5, 0.08125439136829701)	(6, 0.0860934669805985)	(7, 0.08100934354956667)	(8, 0.08189052560479905)	(9, 0.0825662635291767)	(10, 0.08105142246793451)	(12, 0.08097964078365996)	(14, 0.08097964078365996)	(16, 0.08236329462881418)	(18, 0.08098211601415217)	(20, 0.08099820501235165)	(22, 0.08175315031248052)	(24, 0.08158730986950138)	(26, 0.08212938534729886)	(28, 0.08272220305018693)	(30, 0.08382244300398131)	(32, 0.08452540846377345)	(34, 0.08497590041335855)	(36, 0.0012832550880104276)	(38, 0.000625529540174226)	(40, 0.0009252956774905328)	(42, 0.0010640384545231637)	(44, 0.0010083084742146104)	(46, 0.0005735291000799485)	(48, 0.0006305192811867131)	(50, 0.0015286310552696377)	(52, 0.0014444215214446177)	(54, 0.000805227118210946)	(56, 0.0007024239088151191)	(58, 0.0005934252986446885)	(60, 0.00023539790553102937)	(62, 0.003140868471319243)	(64, 8.673616662225774e-06)	(66, 0.0034982666726825784)	(68, 0.002042438703539229)	(70, 0.002650100785018606)	(72, 0.004149488348994212)	(74, 0.0)	(76, 0.0)	(78, 8.687311599359259e-06)	(80, 0.0)	(82, 0.0)	(84, 0.0)	(86, 0.0006998074383952165)	(88, 9.975888153634064e-06)	(90, 0.0)	(92, 0.00010390664186027041)	(94, 0.0005811708599524964)	(96, 3.0237841411215176e-05)	(98, 0.0003317801836125338)	(100, 8.006198975693307e-06)
SRR29999131_2	(1, 0.009688052146571861)	(2, 0.02318795925117149)	(3, 0.008695484719189309)	(4, 0.008693009488697083)	(5, 0.008693009488697083)	(6, 0.009537063086546088)	(7, 0.008715286563127115)	(8, 0.008707860871650437)	(9, 0.009079145445484311)	(10, 0.00891701784824352)	(12, 0.008935582076935213)	(14, 0.008761078327233293)	(16, 0.008707860871650437)	(18, 0.008697959949681535)	(20, 0.008693009488697083)	(22, 0.008764791172971631)	(24, 0.009102660135160456)	(26, 0.009523449318838846)	(28, 0.009904634814641622)	(30, 0.010415769911286255)	(32, 0.011242496895689678)	(34, 0.012074174341077553)	(36, 0.000133678984277371)	(38, 0.00014977113547055425)	(40, 0.00017081480307324547)	(42, 0.00021537728455884496)	(44, 0.0003961007201445302)	(46, 0.0013789431616215708)	(48, 0.0003428839129129822)	(50, 0.00034536520086124423)	(52, 0.00038745971888918493)	(54, 0.00019311524111162036)	(56, 0.002139178096083957)	(58, 0.000235218361313651)	(60, 0.00039617428850904766)	(62, 0.00045810090284011665)	(64, 0.0003974613536624869)	(66, 0.0011045733932614759)	(68, 0.0006427568069803538)	(70, 2.1056728449048457e-05)	(72, 0.0001486644819182178)	(74, 7.930798233850888e-05)	(76, 0.00021321151518205445)	(78, 0.0011285329732345834)	(80, 0.00034495193063825697)	(82, 0.0007239250126435428)	(84, 0.00046607086156293467)	(86, 0.0005263354427356432)	(88, 0.0008660137429776877)	(90, 0.0006827745456107314)	(92, 0.0005666971027629386)	(94, 0.0005995763854858713)	(96, 0.0002014301972040658)	(98, 0.0003894773769631358)	(100, 0.0011164696477927018)
SRR29999132_1	(1, 0.11983746224645365)	(2, 0.10773473548929507)	(3, 0.10466688206116567)	(4, 0.10466013458295131)	(5, 0.10494352866795445)	(6, 0.10990967263372405)	(7, 0.10468712449580875)	(8, 0.10556204750427087)	(9, 0.10624354280392133)	(10, 0.10474222890122602)	(12, 0.10466013458295131)	(14, 0.10466013458295131)	(16, 0.10599613526939475)	(18, 0.10466013458295131)	(20, 0.10468824907551114)	(22, 0.10557779162010437)	(24, 0.10565313846016475)	(26, 0.10663714569975903)	(28, 0.10788992748822536)	(30, 0.11017507344348891)	(32, 0.11223417887857136)	(34, 0.11435513619728548)	(36, 0.0013060204084378421)	(38, 0.0006462708466399168)	(40, 0.0009457898693159353)	(42, 0.001142866909905527)	(44, 0.0011192694039905062)	(46, 0.0007038033952128915)	(48, 0.0006486565742385478)	(50, 0.0016408643284946869)	(52, 0.0015226971354158777)	(54, 0.0008931754703695176)	(56, 0.000808755392134401)	(58, 0.0006601232531220873)	(60, 0.00024785407379602684)	(62, 0.003259663914791461)	(64, 1.0142160408634404e-05)	(66, 0.003584259204969379)	(68, 0.0020563405750944237)	(70, 0.002695178239297794)	(72, 0.004295713050970745)	(74, 0.0)	(76, 0.0)	(78, 6.77961742822241e-06)	(80, 0.0)	(82, 1.132175551744527e-06)	(84, 0.0)	(86, 0.0007687664695725071)	(88, 9.102371873306817e-06)	(90, 0.0)	(92, 0.00010979954663080949)	(94, 0.0006416650471033226)	(96, 2.766807003729241e-05)	(98, 0.00039120239301890334)	(100, 1.2767587894947776e-05)
SRR29999132_2	(1, 0.006464084129357704)	(2, 0.020359390932131502)	(3, 0.005625147671372171)	(4, 0.005611652714943448)	(5, 0.005611652714943448)	(6, 0.006619276128288005)	(7, 0.005627396830776957)	(8, 0.005616151033753023)	(9, 0.005991760654352444)	(10, 0.005847814452446079)	(12, 0.005866932307386768)	(14, 0.005708366569349288)	(16, 0.00562177393226499)	(18, 0.005615026454050629)	(20, 0.005612777294645843)	(22, 0.005801706684647946)	(24, 0.00645621207144095)	(26, 0.0073041451670456305)	(28, 0.008373620464021828)	(30, 0.009993015235468434)	(32, 0.012245548379362568)	(34, 0.014744364478080871)	(36, 0.0001405957968470369)	(38, 0.00014847284710013128)	(40, 0.00015860071604961295)	(42, 0.00023284718291129348)	(44, 0.000440966568119638)	(46, 0.001474842594021103)	(48, 0.000408386154557329)	(50, 0.00033752561524084767)	(52, 0.0003566719986692646)	(54, 0.0002441724393475942)	(56, 0.0021740705114308453)	(58, 0.00025658800391211177)	(60, 0.00037816989944529903)	(62, 0.00048740174549258633)	(64, 0.0004266800874628883)	(66, 0.0011237712917782528)	(68, 0.0007185651025276395)	(70, 2.2531760544345704e-05)	(72, 0.00015439538878449355)	(74, 7.328312492232694e-05)	(76, 0.0002380170324988456)	(78, 0.0012292939876777556)	(80, 0.00034458940460791956)	(82, 0.000801919830004759)	(84, 0.0004620925177854936)	(86, 0.0005513259002199041)	(88, 0.0009422854696454784)	(90, 0.0006892072917721362)	(92, 0.0005964457046334143)	(94, 0.0006009027738509176)	(96, 0.0002188258731926869)	(98, 0.00040803459760327474)	(100, 0.0010754955356307844)
SRR29999133_1	(1, 0.10922900562607743)	(2, 0.09648706140407709)	(3, 0.09375150275754596)	(4, 0.09374944594653352)	(5, 0.09403945629928608)	(6, 0.0988421100133088)	(7, 0.0937761844896951)	(8, 0.09465032916997762)	(9, 0.09525503160763187)	(10, 0.09384817287513014)	(12, 0.09374944594653352)	(14, 0.09374944594653352)	(16, 0.09510385599821831)	(18, 0.09375047435203974)	(20, 0.09377001405665782)	(22, 0.09466061322503976)	(24, 0.09484058418862734)	(26, 0.09600988124919348)	(28, 0.09753089299288505)	(30, 0.10009676473089076)	(32, 0.10276342020850553)	(34, 0.10563575678736321)	(36, 0.0013692579819066662)	(38, 0.0006486262831462316)	(40, 0.0009729986992088502)	(42, 0.001101779632561435)	(44, 0.0010823050234193918)	(46, 0.0006261770816016053)	(48, 0.0006530339007408247)	(50, 0.0016153056307112784)	(52, 0.0015568381250307107)	(54, 0.0008378311883309097)	(56, 0.0007679371301725592)	(58, 0.000625869721763274)	(60, 0.00023104868780694082)	(62, 0.003173944204640486)	(64, 1.2386994097999888e-05)	(66, 0.0035548042844252815)	(68, 0.001983064033788683)	(70, 0.0026514378171287414)	(72, 0.004366949239327114)	(74, 0.0)	(76, 0.0)	(78, 8.300783884526136e-06)	(80, 0.0)	(82, 2.0804922910790967e-06)	(84, 2.0835903311782446e-06)	(86, 0.0007492517708847356)	(88, 5.226950314721996e-06)	(90, 0.0)	(92, 0.00011866742571812959)	(94, 0.0006192981845452769)	(96, 3.5953713654324776e-05)	(98, 0.00036198544829239273)	(100, 1.59943326747889e-05)
SRR29999133_2	(1, 0.007289338228049908)	(2, 0.02141962988344011)	(3, 0.006392568626630676)	(4, 0.00637817094954367)	(5, 0.00637817094954367)	(6, 0.007355156180447651)	(7, 0.006390511815618246)	(8, 0.006398739059667965)	(9, 0.0067648514198804036)	(10, 0.00661573262147927)	(12, 0.0066373291371097775)	(14, 0.006452216145991129)	(16, 0.00639565384314932)	(18, 0.006381256166062314)	(20, 0.00637817094954367)	(22, 0.0065344885864883065)	(24, 0.007299622283112056)	(26, 0.00837327763160022)	(28, 0.009719460439235283)	(30, 0.01161378338168279)	(32, 0.014375052165869302)	(34, 0.01767726224632476)	(36, 0.00015635013930694551)	(38, 0.0001717875383159503)	(40, 0.00021911967958900802)	(42, 0.0002479418511544368)	(44, 0.0004815208651324877)	(46, 0.0014745608211474207)	(48, 0.00036637002289668566)	(50, 0.0003725987157839743)	(52, 0.0004385445583198481)	(54, 0.00023990978321309235)	(56, 0.002239005540436718)	(58, 0.00024415784365726444)	(60, 0.00042563219314541715)	(62, 0.0005340394200476234)	(64, 0.000451742336155169)	(66, 0.0011701771741112808)	(68, 0.0007289556969328075)	(70, 2.169795867051358e-05)	(72, 0.00016956902316393505)	(74, 7.657260760037145e-05)	(76, 0.00023302810724960178)	(78, 0.0012057271979699245)	(80, 0.00038093580107627964)	(82, 0.0008128021705102423)	(84, 0.0005173418074407159)	(86, 0.0005703266627808688)	(88, 0.0009264738836412726)	(90, 0.0006970748363949135)	(92, 0.0006400600556808178)	(94, 0.0006735129609939704)	(96, 0.0002123755524168116)	(98, 0.00045664434825473004)	(100, 0.0012205976684527946)
SRR29999134_1	(1, 0.08171139635866827)	(2, 0.06926710488242398)	(3, 0.06644503227030497)	(4, 0.06644026525575748)	(5, 0.06669530053404864)	(6, 0.07158149044523439)	(7, 0.06647601786486372)	(8, 0.06738890115070964)	(9, 0.06803483162189566)	(10, 0.06650104469123809)	(12, 0.06644026525575748)	(14, 0.06644026525575748)	(16, 0.06780243966270512)	(18, 0.06644026525575748)	(20, 0.0664486075312156)	(22, 0.06719226180062535)	(24, 0.06689670689868045)	(26, 0.0673579155561509)	(28, 0.06776668705359888)	(30, 0.06874869205038353)	(32, 0.06928259767970335)	(34, 0.06962939798803384)	(36, 0.00128917461471836)	(38, 0.0006284910846154482)	(40, 0.0009171023439466284)	(42, 0.0010912290112833078)	(44, 0.001012525356067839)	(46, 0.0006058507917348785)	(48, 0.0006309027948266305)	(50, 0.0015492493487368395)	(52, 0.0014717489968104432)	(54, 0.000832493782833859)	(56, 0.0007323224603763754)	(58, 0.0005927903218928976)	(60, 0.00024332605243736067)	(62, 0.0030822514668457394)	(64, 1.4314533702334975e-05)	(66, 0.0033963268659332716)	(68, 0.0019613566684987377)	(70, 0.0025640742650881723)	(72, 0.0040583726925478274)	(74, 0.0)	(76, 1.1936939488323327e-06)	(78, 5.969963204728784e-06)	(80, 1.194363345514446e-06)	(82, 1.1948366900796508e-06)	(84, 1.1954367834918023e-06)	(86, 0.0007488175232295816)	(88, 3.5913787659826234e-06)	(90, 0.0)	(92, 0.00011517077150092541)	(94, 0.000627184587849493)	(96, 3.973654286754764e-05)	(98, 0.0003660879995011441)	(100, 1.2041929879420844e-05)
SRR29999134_2	(1, 0.006332978826351485)	(2, 0.01965440097933547)	(3, 0.005522586353276774)	(4, 0.005513052324181778)	(5, 0.005513052324181778)	(6, 0.006378265464552718)	(7, 0.005520202846003025)	(8, 0.005529736875098022)	(9, 0.005942083633456624)	(10, 0.00574306077609857)	(12, 0.005772854617020435)	(14, 0.005586941049668001)	(16, 0.0055249698605505234)	(18, 0.005520202846003025)	(20, 0.005513052324181778)	(22, 0.00556072246965676)	(24, 0.005774046370657309)	(26, 0.00610535388170844)	(28, 0.006332978826351485)	(30, 0.006686929656503232)	(32, 0.007342394156784248)	(34, 0.007987132874333393)	(36, 0.00014540567701187138)	(38, 0.0001525576795557406)	(40, 0.00018593099049717433)	(42, 0.0002252643235482206)	(44, 0.00041954340947720435)	(46, 0.0013861744958171677)	(48, 0.0003706837807037614)	(50, 0.0003361226427135024)	(52, 0.0004100281490284019)	(54, 0.00020740136318956218)	(56, 0.002111006269366784)	(58, 0.00025985938698646125)	(60, 0.00041125839525901325)	(62, 0.00046372727076247357)	(64, 0.0004589803754535769)	(66, 0.0011135414690175269)	(68, 0.0006533907444411024)	(70, 1.7886409921243394e-05)	(72, 0.00016695955944905777)	(74, 8.11068054132161e-05)	(76, 0.00023143682782662806)	(78, 0.0011610533773109646)	(80, 0.00034018813215385053)	(82, 0.0007522925937677789)	(84, 0.0004623541347374499)	(86, 0.0005379611830641499)	(88, 0.0008913182089035966)	(90, 0.0006718078207148265)	(92, 0.0005779093572673174)	(94, 0.0006328213096463954)	(96, 0.00019736936482783567)	(98, 0.0004160285630327072)	(100, 0.0011017892771486115)
SRR29999135_1	(1, 0.08546237586033012)	(2, 0.07281249955835353)	(3, 0.06992539354653517)	(4, 0.06991866369569176)	(5, 0.07021477713280133)	(6, 0.07518589362245909)	(7, 0.06994782638267982)	(8, 0.07083168012677962)	(9, 0.07144409655352897)	(10, 0.06999605698039085)	(12, 0.06991866369569176)	(14, 0.06991866369569176)	(16, 0.07128482341690186)	(18, 0.06991866369569176)	(20, 0.06993885324822195)	(22, 0.07072624579689969)	(24, 0.07050191743545305)	(26, 0.07105600848822627)	(28, 0.07159663983931269)	(30, 0.07272949806461829)	(32, 0.07339351001450037)	(34, 0.07382085554305623)	(36, 0.0013177732375588315)	(38, 0.0006229720925451871)	(40, 0.0009608435811529275)	(42, 0.0010966731158229817)	(44, 0.0010360707062244076)	(46, 0.0006185070788191297)	(48, 0.0006701521011782845)	(50, 0.0015322798664161778)	(52, 0.001494139823086436)	(54, 0.00083970042542277)	(56, 0.0007330735177090692)	(58, 0.0006118492957479887)	(60, 0.00025260858784322183)	(62, 0.003126892415499578)	(64, 1.2351225696900226e-05)	(66, 0.0034081227817163275)	(68, 0.0019193169037709985)	(70, 0.0025878942798460815)	(72, 0.004163383573966644)	(74, 0.0)	(76, 0.0)	(78, 6.746800970585792e-06)	(80, 0.0)	(82, 1.125752916215085e-06)	(84, 1.126643329001202e-06)	(86, 0.0006913324615552048)	(88, 5.645951759994475e-06)	(90, 1.1308984027677246e-06)	(92, 0.00012010678308836215)	(94, 0.0006053587423484728)	(96, 3.874199633085947e-05)	(98, 0.00035768720150048045)	(100, 1.2933203953393043e-05)
SRR29999135_2	(1, 0.007963656831356062)	(2, 0.021676849566589752)	(3, 0.0070708299527983964)	(4, 0.007061856818340531)	(5, 0.007061856818340531)	(6, 0.008001792652801992)	(7, 0.007075316520027329)	(8, 0.0070685866691839305)	(9, 0.007431998614727502)	(10, 0.0073074963741246125)	(12, 0.007313104583160778)	(14, 0.0071325202521962255)	(16, 0.007073073236412863)	(18, 0.00706522174376223)	(20, 0.007061856818340531)	(22, 0.007138128461232391)	(24, 0.0074656478689445)	(26, 0.00787616877039187)	(28, 0.008213782954369076)	(30, 0.008670291169913009)	(32, 0.009467778494855849)	(34, 0.010261900894376988)	(36, 0.00015704626839949874)	(38, 0.0001637779379361485)	(40, 0.00017163163135966566)	(42, 0.0002355748886008419)	(44, 0.00044984112699538895)	(46, 0.0013820727418314032)	(48, 0.00033879209668489244)	(50, 0.0003365533033233988)	(52, 0.00039826195789101153)	(54, 0.0002176465366170272)	(56, 0.002126037589085042)	(58, 0.0002288787543969404)	(60, 0.00039606618537481737)	(62, 0.0004701420999447825)	(64, 0.00040509033598652537)	(66, 0.0011592690580775056)	(68, 0.0006868839432471794)	(70, 1.9082711780412406e-05)	(72, 0.00016054759709141194)	(74, 5.951762046666778e-05)	(76, 0.00021904669418379915)	(78, 0.0011417360453924584)	(80, 0.0003541596841929988)	(82, 0.0007605251106378404)	(84, 0.0004852728582319143)	(86, 0.000533099055270707)	(88, 0.0008621432006540462)	(90, 0.0006498475497204294)	(92, 0.0006228026743146835)	(94, 0.0005856898268401217)	(96, 0.00019929149936002944)	(98, 0.0003891793364906974)	(100, 0.0011609221334784264)
SRR29999136_1	(1, 0.10818142446518193)	(2, 0.09568713213031421)	(3, 0.09286370064710309)	(4, 0.09286370064710309)	(5, 0.09318650487306145)	(6, 0.09800645838394653)	(7, 0.09290570941623465)	(8, 0.09382326937358204)	(9, 0.09445340091055555)	(10, 0.092932241270423)	(12, 0.09286370064710309)	(14, 0.09286370064710309)	(16, 0.094228985643879)	(18, 0.0928648061410276)	(20, 0.09287696657419726)	(22, 0.09372598590822473)	(24, 0.09343745199392632)	(26, 0.09399462093188185)	(28, 0.09465128432304372)	(30, 0.09596903308106551)	(32, 0.09705352262101466)	(34, 0.09771681897572362)	(36, 0.0014086676549102857)	(38, 0.0006484592298853922)	(40, 0.0009616343738630388)	(42, 0.0011763311287803497)	(44, 0.001050195447016522)	(46, 0.0006396474210295777)	(48, 0.0006640062004013652)	(50, 0.0016799648575256444)	(52, 0.001600313812020765)	(54, 0.0008333766438326631)	(56, 0.0007448549174248083)	(58, 0.000618699509789658)	(60, 0.00020365798744579111)	(62, 0.0032055463744766867)	(64, 1.1069553792264193e-05)	(66, 0.0035082458667710366)	(68, 0.0020416199505861542)	(70, 0.0026486786542776865)	(72, 0.004266040850730056)	(74, 0.0)	(76, 0.0)	(78, 9.97590895577583e-06)	(80, 0.0)	(82, 0.0)	(84, 1.110490260683924e-06)	(86, 0.0007903016757118786)	(88, 1.0015233838350387e-05)	(90, 0.0)	(92, 0.00010603748887331885)	(94, 0.0006432225292102732)	(96, 2.1310821926996303e-05)	(98, 0.00037158603068539317)	(100, 1.3629890305825026e-05)
SRR29999136_2	(1, 0.005049896247184196)	(2, 0.019133888845504394)	(3, 0.004200876913156731)	(4, 0.004192032961760611)	(5, 0.004192032961760611)	(6, 0.005116225882655092)	(7, 0.0042075098767038206)	(8, 0.004196454937458671)	(9, 0.004590010774585986)	(10, 0.004433030637304866)	(12, 0.0044462965643990455)	(14, 0.004268312042552141)	(16, 0.004204193394930275)	(18, 0.004198665925307701)	(20, 0.004192032961760611)	(22, 0.004280472475721806)	(24, 0.0045789558353408364)	(26, 0.004993516057033935)	(28, 0.0054335026389908765)	(30, 0.006139913256755917)	(32, 0.007286310456477898)	(34, 0.00841280876555861)	(36, 0.00016915565391496166)	(38, 0.00014925672307837415)	(40, 0.0001724765693897341)	(42, 0.00023107770973110472)	(44, 0.00043231087499345176)	(46, 0.0015479483696858505)	(48, 0.00039915711727491523)	(50, 0.00034166681169998963)	(52, 0.00040027779278819505)	(54, 0.00022336437099216452)	(56, 0.00234206557776983)	(58, 0.0002255874263407291)	(60, 0.000413592114306775)	(62, 0.0005020843078957479)	(64, 0.00044460415294121853)	(66, 0.0010784244769218212)	(68, 0.0006769909407550184)	(70, 1.4382327173382604e-05)	(72, 0.00013831411842249008)	(74, 4.205581065048574e-05)	(76, 0.0002524046943952043)	(78, 0.0011572913424474365)	(80, 0.0003733901400450134)	(82, 0.0007849355523564874)	(84, 0.0004349257202899716)	(86, 0.0005508308300237674)	(88, 0.0009372568573097146)	(90, 0.0006668201280646424)	(92, 0.0005676304086814042)	(94, 0.0006214197115673702)	(96, 0.00021853111832134304)	(98, 0.00041677798158986615)	(100, 0.0010382975158819924)
SRR29999137_1	(1, 0.2852142028022431)	(2, 0.27304367703243243)	(3, 0.27011443214618824)	(4, 0.27011443214618824)	(5, 0.27041310892839593)	(6, 0.27516981323762935)	(7, 0.2701409811934956)	(8, 0.27106577300803497)	(9, 0.2716587017312324)	(10, 0.270186335815979)	(12, 0.27011443214618824)	(14, 0.27011443214618824)	(16, 0.27145958387642727)	(18, 0.27011443214618824)	(20, 0.27013102530075533)	(22, 0.27118745614152695)	(24, 0.2717781724441155)	(26, 0.27325053835936886)	(28, 0.27529923984325266)	(30, 0.27882583829391216)	(32, 0.2825836346982066)	(34, 0.2863547056261546)	(36, 0.0013257575442399468)	(38, 0.0006545877693581518)	(40, 0.0009430960162392702)	(42, 0.001116246225942106)	(44, 0.0010774869347218911)	(46, 0.0006347834050216872)	(48, 0.0006614657038966756)	(50, 0.0015993840961640732)	(52, 0.0015095824408389647)	(54, 0.000908036363814782)	(56, 0.000746017929475195)	(58, 0.0005928607113615771)	(60, 0.00024649172874797727)	(62, 0.0031147653100958737)	(64, 1.6658529160266646e-05)	(66, 0.003509964561687233)	(68, 0.0019697501919034403)	(70, 0.002595840203855243)	(72, 0.004171661109101854)	(74, 0.0)	(76, 0.0)	(78, 4.4524925721292664e-06)	(80, 0.0)	(82, 0.0)	(84, 5.581585153885475e-06)	(86, 0.0007825138471973585)	(88, 1.0077806827367e-05)	(90, 1.1219470124845438e-06)	(92, 0.0001282325557239914)	(94, 0.0006250705954617686)	(96, 3.7376455100791446e-05)	(98, 0.00036601436176102246)	(100, 9.849568940650719e-06)
SRR29999137_2	(1, 0.009770049409104491)	(2, 0.023816707855301145)	(3, 0.00890278053039775)	(4, 0.008896143268570916)	(5, 0.008896143268570916)	(6, 0.009898369804423346)	(7, 0.008916055054051427)	(8, 0.008916055054051427)	(9, 0.009325352866706393)	(10, 0.009110748067638653)	(12, 0.009181545527124918)	(14, 0.008984640092928745)	(16, 0.008912736423138008)	(18, 0.008900568109788808)	(20, 0.008896143268570916)	(22, 0.009218050467172523)	(24, 0.010357447080779592)	(26, 0.011670518712188901)	(28, 0.013548863809183855)	(30, 0.016366381454676285)	(32, 0.020305596348904217)	(34, 0.02452578866046826)	(36, 0.0001482740031876255)	(38, 0.00014828071553412567)	(40, 0.0001659940569037144)	(42, 0.00020916486511898537)	(44, 0.0004471357738512985)	(46, 0.0014455674722879126)	(48, 0.00037968300940782545)	(50, 0.0003354266613848591)	(52, 0.0003797334508093564)	(54, 0.00022254273542953755)	(56, 0.002204545748974764)	(58, 0.0002524727239487044)	(60, 0.0003776350273077191)	(62, 0.0004552007382093373)	(64, 0.00041981044506110175)	(66, 0.001038062161067719)	(68, 0.0007357634781037731)	(70, 1.8841773777440147e-05)	(72, 0.00015964674963707802)	(74, 6.654259282680609e-05)	(76, 0.00022079973441897272)	(78, 0.001184582118618569)	(80, 0.00035885808291612653)	(82, 0.0007929006103644365)	(84, 0.00046761169952002556)	(86, 0.0005329254023508745)	(88, 0.0009068186643651044)	(90, 0.0007407423072652577)	(92, 0.0006349592830676978)	(94, 0.0006177731234618125)	(96, 0.00020332755713631435)	(98, 0.0003911463452892399)	(100, 0.0011545123684718306)
SRR29999138_1	(1, 0.13734825736869868)	(2, 0.124838630340159)	(3, 0.12203880874776983)	(4, 0.12203679593569766)	(5, 0.12231657681372936)	(6, 0.12735263261829996)	(7, 0.12206296249263587)	(8, 0.12301099697862818)	(9, 0.12361484060027933)	(10, 0.12209013545561019)	(12, 0.12203679593569766)	(14, 0.12203679593569766)	(16, 0.12335015581278891)	(18, 0.12203679593569766)	(20, 0.12205591765038327)	(22, 0.1228801641939371)	(24, 0.1229284716836692)	(26, 0.12380303852902727)	(28, 0.12480139331682386)	(30, 0.12656864231618956)	(32, 0.12813159089022993)	(34, 0.12951539918984717)	(36, 0.001266698272652843)	(38, 0.000645956534300297)	(40, 0.000909999727000082)	(42, 0.0010642082917647964)	(44, 0.0010229157826381562)	(46, 0.0005845403411093224)	(48, 0.0006500673006109545)	(50, 0.0015944740006147897)	(52, 0.001460470373663008)	(54, 0.0008335761741310993)	(56, 0.0007116406846753491)	(58, 0.000586675480911349)	(60, 0.00020968231053292914)	(62, 0.003155495647512949)	(64, 9.073909625332122e-06)	(66, 0.0034766015489853005)	(68, 0.002031920001040666)	(70, 0.0026463560720705625)	(72, 0.004229282720408595)	(74, 0.0)	(76, 0.0)	(78, 5.046311158149908e-06)	(80, 0.0)	(82, 0.0)	(84, 0.0)	(86, 0.0007450668838555167)	(88, 5.058010166863451e-06)	(90, 0.0)	(92, 0.00010437979124143091)	(94, 0.0005793420328320536)	(96, 2.337940163105074e-05)	(98, 0.00032520917922667915)	(100, 1.7806625415414263e-05)
SRR29999138_2	(1, 0.008363234159868444)	(2, 0.022265727142350117)	(3, 0.007544019646495049)	(4, 0.007542006834422878)	(5, 0.007542006834422878)	(6, 0.008447772266899606)	(7, 0.0075560965189280715)	(8, 0.007552070894783731)	(9, 0.007930479564351785)	(10, 0.00778354428308334)	(12, 0.007775493034794656)	(14, 0.0076124552569488465)	(16, 0.007551064488747645)	(18, 0.007546032458567219)	(20, 0.007543013240458964)	(22, 0.007678878055330473)	(24, 0.008255548714007322)	(26, 0.008999282774674324)	(28, 0.00980541400957861)	(30, 0.010965800169184905)	(32, 0.01264347903133902)	(34, 0.01441576006088515)	(36, 0.00013387276340007226)	(38, 0.00014998032992874293)	(40, 0.00016306897748292223)	(42, 0.00021944332483050849)	(44, 0.0004479580326339541)	(46, 0.0014435750456127936)	(48, 0.0003593939699550869)	(50, 0.00035235745814443914)	(52, 0.0004006934695159556)	(54, 0.0001943132290389462)	(56, 0.002224116496906369)	(58, 0.00023359801599566444)	(60, 0.0003937150273312743)	(62, 0.0004632210212680178)	(64, 0.0004259904744300225)	(66, 0.0011340541432496908)	(68, 0.0006657953980121363)	(70, 1.4103298197316426e-05)	(72, 0.00016321698336789722)	(74, 6.0460373701740695e-05)	(76, 0.00022274022033865745)	(78, 0.0011371579078943831)	(80, 0.00036706574040517887)	(82, 0.0007707185151474284)	(84, 0.00046829159746707936)	(86, 0.0005362023640243315)	(88, 0.0009498255847404174)	(90, 0.0006916837767390387)	(92, 0.0006205123569519097)	(94, 0.0006172081462110763)	(96, 0.00020814246626871114)	(98, 0.0003999296946214987)	(100, 0.0011286605994244563)
SRR29999139_1	(1, 0.21844179436121314)	(2, 0.20641088008641448)	(3, 0.20334790609643433)	(4, 0.2033451088599138)	(5, 0.20359406291024096)	(6, 0.20870461403324891)	(7, 0.2033814729346807)	(8, 0.2042653996751681)	(9, 0.20493393920357475)	(10, 0.20341783700944757)	(12, 0.2033451088599138)	(14, 0.2033451088599138)	(16, 0.20473113955583633)	(18, 0.20334650747817407)	(20, 0.20336049366077671)	(22, 0.2042178466543191)	(24, 0.20438288360903034)	(26, 0.2053339440260105)	(28, 0.20643605521509922)	(30, 0.20852838813245553)	(32, 0.2102780595760469)	(34, 0.21176618940496877)	(36, 0.001217986797331468)	(38, 0.0006349343485592506)	(40, 0.0009054647305438582)	(42, 0.001055463366429422)	(44, 0.000996619804837172)	(46, 0.0006125673619091289)	(48, 0.0006406181513784337)	(50, 0.0014410738860169432)	(52, 0.001425692207211255)	(54, 0.0008243200547662543)	(56, 0.0007121909795628948)	(58, 0.0005874390803592127)	(60, 0.00023274310802790988)	(62, 0.003142216156400535)	(64, 1.682699662761747e-05)	(66, 0.0033741316238929805)	(68, 0.0019958218178528575)	(70, 0.0025389777267687957)	(72, 0.004109421448458118)	(74, 0.0)	(76, 0.0)	(78, 8.42647265705825e-06)	(80, 0.0)	(82, 1.4061398618982232e-06)	(84, 1.4073600596450452e-06)	(86, 0.0007002338287865732)	(88, 1.1286860700217649e-05)	(90, 0.0)	(92, 0.00012321120520654864)	(94, 0.0005693692033848985)	(96, 3.8474478382259334e-05)	(98, 0.0003822445772235978)	(100, 1.622089455602087e-05)
SRR29999139_2	(1, 0.010014106743496683)	(2, 0.023273007850807936)	(3, 0.009149760658652976)	(4, 0.009141368949091387)	(5, 0.009141368949091387)	(6, 0.010100821075633109)	(7, 0.009152557895173505)	(8, 0.009152557895173505)	(9, 0.009532982061965558)	(10, 0.009360952015952976)	(12, 0.009358154779432444)	(14, 0.009214097098625161)	(16, 0.009155355131694035)	(18, 0.00914556480387218)	(20, 0.009141368949091387)	(22, 0.009330182414227148)	(24, 0.010015505361756948)	(26, 0.010807123297066883)	(28, 0.011726015494060922)	(30, 0.013170788156914562)	(32, 0.015042139389148999)	(34, 0.016919085094424493)	(36, 0.00015807269931306222)	(38, 0.00015667666412999686)	(40, 0.00016927004224798396)	(42, 0.0002252320246587938)	(44, 0.00040011261911132324)	(46, 0.0013388774518473144)	(48, 0.0003553640183914031)	(50, 0.000335784959953796)	(52, 0.00035957949794111353)	(54, 0.00021407562035197054)	(56, 0.00204428014333748)	(58, 0.0002462743139038992)	(60, 0.0003750261101434054)	(62, 0.0004408213871087285)	(64, 0.00044505130034962973)	(66, 0.0011043347012573781)	(68, 0.0006887142096257638)	(70, 2.1000446427490155e-05)	(72, 0.00014422976815876934)	(74, 7.14322400843752e-05)	(76, 0.00022417440140741173)	(78, 0.0011395583946305018)	(80, 0.00033097083267647544)	(82, 0.0007353716028480829)	(84, 0.000450873136898442)	(86, 0.0005371441961063401)	(88, 0.0008617319296715226)	(90, 0.0006614765533218365)	(92, 0.0005441662194020813)	(94, 0.0006164257044417299)	(96, 0.00020620862894940188)	(98, 0.0003977601446446811)	(100, 0.0010707002480563725)
SRR29999140_1	(1, 0.2062061927479997)	(2, 0.1940448067942256)	(3, 0.19133478386292188)	(4, 0.19133478386292188)	(5, 0.19158344848647854)	(6, 0.19629753969746325)	(7, 0.19138535971856052)	(8, 0.19217560746291423)	(9, 0.19278673238521446)	(10, 0.1913948426914928)	(12, 0.19133478386292188)	(14, 0.19133478386292188)	(16, 0.19261709253609322)	(18, 0.19133583752658104)	(20, 0.19134532049951328)	(22, 0.19209342169750146)	(24, 0.1922124856909841)	(26, 0.19299746511704213)	(28, 0.1938741132814452)	(30, 0.19556629711802126)	(32, 0.19691393293805914)	(34, 0.19810773386386282)	(36, 0.0011813943876545195)	(38, 0.0005732860241799164)	(40, 0.0008509695182296253)	(42, 0.0009681816650887523)	(44, 0.0009396967754769719)	(46, 0.0005395484528500908)	(48, 0.0005543456155907751)	(50, 0.0013705913564236868)	(52, 0.001305164311316746)	(54, 0.0007782689484385839)	(56, 0.0006568559007266431)	(58, 0.0005164274461734484)	(60, 0.0002249600909709036)	(62, 0.0031232637935533825)	(64, 1.4788482083685295e-05)	(66, 0.003315113870358257)	(68, 0.0019621052702760385)	(70, 0.0025130532402693425)	(72, 0.0039300999484245735)	(74, 0.0)	(76, 0.0)	(78, 8.466672847337845e-06)	(80, 0.0)	(82, 1.0599497172573528e-06)	(84, 1.0610951643834835e-06)	(86, 0.0006853324303237394)	(88, 4.257235584295207e-06)	(90, 1.0664600179980058e-06)	(92, 0.00011012840223254863)	(94, 0.0005416131752156052)	(96, 1.9385610969946766e-05)	(98, 0.00035354712185497393)	(100, 2.042690043029947e-05)
SRR29999140_2	(1, 0.010471309444516316)	(2, 0.022757027710068767)	(3, 0.009647344463070175)	(4, 0.00964312980843362)	(5, 0.00964312980843362)	(6, 0.010502919354290464)	(7, 0.009653666445025005)	(8, 0.00964945179038845)	(9, 0.010016126743768576)	(10, 0.009814876984873162)	(12, 0.009886526113694566)	(14, 0.009721100919209854)	(16, 0.009652612781365866)	(18, 0.009645237135751897)	(20, 0.009644183472092758)	(22, 0.009783267075099014)	(24, 0.010318528213941264)	(26, 0.010953887400401652)	(28, 0.011705149589367253)	(30, 0.01274195462995933)	(32, 0.014214976425434657)	(34, 0.015728037439957238)	(36, 0.00013699914955143318)	(38, 0.00013805510746778648)	(40, 0.00014332681972657185)	(42, 0.00020129383456481774)	(44, 0.00041419025073507435)	(46, 0.0012721153619555004)	(48, 0.00033411058134851185)	(50, 0.0003014456468940316)	(52, 0.00032991406392138744)	(54, 0.0002034366736472149)	(56, 0.001924819116283077)	(58, 0.00023297118717773813)	(60, 0.0003247028304936103)	(62, 0.00042910258949917647)	(64, 0.000363767423431544)	(66, 0.0010492456651285324)	(68, 0.000630695274568389)	(70, 2.0042451811695765e-05)	(72, 0.00016143290973830206)	(74, 5.1716274218599295e-05)	(76, 0.00020588975192945623)	(78, 0.0010595564757862822)	(80, 0.00031395444749297385)	(82, 0.0006940381855366145)	(84, 0.0004617742727462964)	(86, 0.0004973904711184973)	(88, 0.0008115933604524492)	(90, 0.0006918814082056028)	(92, 0.0005816089073884394)	(94, 0.0005320173215848066)	(96, 0.00021927110544044505)	(98, 0.0003684119766819925)	(100, 0.0011008492630751943)
SRR29999141_1	(1, 0.1843649668162938)	(2, 0.17216907283586666)	(3, 0.16928555657932465)	(4, 0.16928321796111173)	(5, 0.16957320661951497)	(6, 0.17450769104879615)	(7, 0.16932531308894444)	(8, 0.1701227818995534)	(9, 0.1708547694002003)	(10, 0.16933583687090265)	(12, 0.16928321796111173)	(14, 0.16928321796111173)	(16, 0.17075537812615083)	(18, 0.1692843872702182)	(20, 0.1692972496703893)	(22, 0.17015201462721502)	(24, 0.16996960240660652)	(26, 0.17058582830571345)	(28, 0.17127455136942116)	(30, 0.17257833102312933)	(32, 0.17338515430659)	(34, 0.17409141700689468)	(36, 0.0013669588979589077)	(38, 0.0006629864359886186)	(40, 0.0009570050656492005)	(42, 0.001149121765826953)	(44, 0.0010788540896816614)	(46, 0.0006595049736924871)	(48, 0.0007052000302228584)	(50, 0.001652909465650216)	(52, 0.0015135321252348025)	(54, 0.0008270695021530107)	(56, 0.0007626532610889433)	(58, 0.0006537195288059929)	(60, 0.00024134472500742692)	(62, 0.00310597102132552)	(64, 1.4060172876621268e-05)	(66, 0.0034742625865942373)	(68, 0.0019675479969212973)	(70, 0.0025994575853197826)	(72, 0.004154095955021737)	(74, 0.0)	(76, 0.0)	(78, 7.038201433606557e-06)	(80, 0.0)	(82, 1.1741506461345135e-06)	(84, 1.174956221718657e-06)	(86, 0.0008008347873600188)	(88, 3.53168874831512e-06)	(90, 0.0)	(92, 0.00012161997715103054)	(94, 0.000642480346135754)	(96, 3.560018204509091e-05)	(98, 0.00039634825200602513)	(100, 7.507727779280491e-06)
SRR29999141_2	(1, 0.00914399721255418)	(2, 0.02281088204891393)	(3, 0.008222581636659973)	(4, 0.008213227163808255)	(5, 0.008213227163808255)	(6, 0.009167383394683475)	(7, 0.008229597491298762)	(8, 0.008231936109511692)	(9, 0.008655226006051923)	(10, 0.008449427603314132)	(12, 0.008475152403656355)	(14, 0.00829858672858018)	(16, 0.008229597491298762)	(18, 0.008220243018447045)	(20, 0.008213227163808255)	(22, 0.008326650147135335)	(24, 0.008705506297629907)	(26, 0.009227018159113174)	(28, 0.009677202165102096)	(30, 0.010336692501148203)	(32, 0.011352822114666053)	(34, 0.01239818445584552)	(36, 0.00015553814256022707)	(38, 0.00016606475210847855)	(40, 0.00020115078598558614)	(42, 0.00022805164057484965)	(44, 0.0004526014108135646)	(46, 0.001465422433746211)	(48, 0.00037425558079688534)	(50, 0.00035788726516060456)	(52, 0.0004023376801670179)	(54, 0.00023626100998236688)	(56, 0.0022503752799035836)	(58, 0.0002678531680865653)	(60, 0.0003941893633766921)	(62, 0.0004784271076003738)	(64, 0.00044101728392358173)	(66, 0.0010985210922893542)	(68, 0.0006563606270389738)	(70, 2.1061964862277217e-05)	(72, 0.00017086020212410828)	(74, 8.07638641590197e-05)	(76, 0.00022478895829143908)	(78, 0.0011641286748667078)	(80, 0.00036789556321348526)	(82, 0.0007959698557423622)	(84, 0.0005126308186633233)	(86, 0.000565904352020497)	(88, 0.0009132318122009885)	(90, 0.0007002406026710778)	(92, 0.0005870864880488642)	(94, 0.000609563764864747)	(96, 0.00022392679352091876)	(98, 0.0004189172181657674)	(100, 0.0012049655926801837)
SRR29999142_1	(1, 0.121029987117582)	(2, 0.10894463654728473)	(3, 0.10610159348453825)	(4, 0.10609917593091348)	(5, 0.10631433820351929)	(6, 0.11120504918645814)	(7, 0.10613785678891002)	(8, 0.10708070270257594)	(9, 0.10762948737540201)	(10, 0.10617412009328178)	(12, 0.10609917593091348)	(14, 0.10609917593091348)	(16, 0.10741190754917142)	(18, 0.10610159348453825)	(20, 0.10611005492222501)	(22, 0.1069030125111543)	(24, 0.1066515869341767)	(26, 0.10721004182150191)	(28, 0.10774432117257927)	(30, 0.10878386923123656)	(32, 0.10943419115630358)	(34, 0.10976176967246185)	(36, 0.0012923848221019587)	(38, 0.0006207840233571622)	(40, 0.0009136359868509024)	(42, 0.001078220243922704)	(44, 0.000985050014522832)	(46, 0.0005651387106947237)	(48, 0.0005663553277505543)	(50, 0.001572018601372993)	(52, 0.001435287561254618)	(54, 0.0008289940436838471)	(56, 0.0007104068823347392)	(58, 0.0005942378510461618)	(60, 0.0002287455449081968)	(62, 0.00313840133225076)	(64, 1.2103890353762218e-05)	(66, 0.0034510150862498363)	(68, 0.002021608819298738)	(70, 0.00266465045887678)	(72, 0.0041191154721375075)	(74, 0.0)	(76, 1.211187349971737e-06)	(78, 7.268882782650446e-06)	(80, 1.211856748255811e-06)	(82, 1.2123338481306963e-06)	(84, 0.0)	(86, 0.0007537115743639027)	(88, 7.287952202402757e-06)	(90, 0.0)	(92, 0.00011930019866891655)	(94, 0.0005949631468488405)	(96, 1.588637691731919e-05)	(98, 0.0003573396332310672)	(100, 1.8640851696785856e-05)
SRR29999142_2	(1, 0.009573512354146269)	(2, 0.022812036003465708)	(3, 0.008758796782593923)	(4, 0.008749126568094786)	(5, 0.008749126568094786)	(6, 0.009691972481760706)	(7, 0.008758796782593923)	(8, 0.008758796782593923)	(9, 0.009121429826311585)	(10, 0.008964288840700598)	(12, 0.00898121171607409)	(14, 0.00883374094496224)	(16, 0.0087624231130311)	(18, 0.008750335344907177)	(20, 0.008749126568094786)	(22, 0.008797477640590474)	(24, 0.009111759611812447)	(26, 0.009516699843963836)	(28, 0.009887794325368243)	(30, 0.010290317003894848)	(32, 0.011028879636266486)	(34, 0.011796452912135536)	(36, 0.00014144373310873197)	(38, 0.0001414445983450329)	(40, 0.00015111709991536234)	(42, 0.00021640141374197334)	(44, 0.00040258303562237254)	(46, 0.0014072414614536254)	(48, 0.0003433516161621022)	(50, 0.0003312660277899071)	(52, 0.0003602869305770851)	(54, 0.00021883541041789307)	(56, 0.0021400337491785655)	(58, 0.00024907178141131593)	(60, 0.0003820820541040763)	(62, 0.00043288032206102495)	(64, 0.0004062965910942109)	(66, 0.0011101231659885543)	(68, 0.0006288726004972883)	(70, 2.177064607428021e-05)	(72, 0.00015845998186903305)	(74, 7.863638602848699e-05)	(76, 0.00021296196896118024)	(78, 0.0010614351653978624)	(80, 0.00031961860783214505)	(82, 0.0007036780829493301)	(84, 0.0004725811735414403)	(86, 0.0005141043186048023)	(88, 0.0008300041651890307)	(90, 0.0006231055102495633)	(92, 0.0005180824896291074)	(94, 0.000566369387698055)	(96, 0.00021608076469053768)	(98, 0.0003882966544757231)	(100, 0.0011176184449385453)
SRR29999143_1	(1, 0.10496558461085077)	(2, 0.09226904365947267)	(3, 0.08951186583156984)	(4, 0.08951186583156984)	(5, 0.08976479495111406)	(6, 0.09446777402541151)	(7, 0.08953189982123672)	(8, 0.0904334293562458)	(9, 0.09109455101525248)	(10, 0.08955819443267447)	(12, 0.08951186583156984)	(14, 0.08951186583156984)	(16, 0.09084036977135408)	(18, 0.08951186583156984)	(20, 0.08952188282640328)	(22, 0.09022432458909786)	(24, 0.09005027930386694)	(26, 0.09058744065180986)	(28, 0.09113211474587786)	(30, 0.09223398417755564)	(32, 0.09290261858268739)	(34, 0.0933796779616297)	(36, 0.0012144370471428168)	(38, 0.0006028359483483643)	(40, 0.000897367727182364)	(42, 0.0009913743537971924)	(44, 0.0009863708737189226)	(46, 0.0005602444590976989)	(48, 0.0005940912883681764)	(50, 0.0014012705914551347)	(52, 0.0013812350148691454)	(54, 0.0007808739674304864)	(56, 0.0006856270325566925)	(58, 0.0005640559271228711)	(60, 0.00020682567859379796)	(62, 0.0030636173812652405)	(64, 1.3789283773444025e-05)	(66, 0.0033421728749575413)	(68, 0.001957022703256146)	(70, 0.002567753009242281)	(72, 0.003948519976470382)	(74, 0.0)	(76, 0.0)	(78, 7.526604477009999e-06)	(80, 0.0)	(82, 0.0)	(84, 6.2775056758067565e-06)	(86, 0.0006770128039701136)	(88, 1.1310576620736509e-05)	(90, 1.2575670165322904e-06)	(92, 9.69163251761212e-05)	(94, 0.0005594253411540156)	(96, 2.524421601682648e-05)	(98, 0.00034195536429734464)	(100, 1.601644671253702e-05)
SRR29999143_2	(1, 0.008779895971505256)	(2, 0.021852074229137153)	(3, 0.008008587369330807)	(4, 0.008006083120622448)	(5, 0.008006083120622448)	(6, 0.008905108406923185)	(7, 0.0080211086128726)	(8, 0.008016100115455883)	(9, 0.008366694934626088)	(10, 0.008206423017291136)	(12, 0.008247743120979053)	(14, 0.00807494996010231)	(16, 0.00801985648851842)	(18, 0.008009839493684986)	(20, 0.008006083120622448)	(22, 0.008084966954935744)	(24, 0.00839799804348057)	(26, 0.00882372032390153)	(28, 0.009223147992884729)	(30, 0.0097390232268066)	(32, 0.010586711414585986)	(34, 0.01140184436915671)	(36, 0.00015152461753464662)	(38, 0.00012898474094235026)	(40, 0.0001740682162820379)	(42, 0.00022040489757214614)	(44, 0.00041451580759163035)	(46, 0.0012698599235551839)	(48, 0.0003381324259829372)	(50, 0.00032060389751645946)	(52, 0.0003544226143769993)	(54, 0.00020664560751717105)	(56, 0.001950018776914909)	(58, 0.00020915873800581093)	(60, 0.00037323906934315983)	(62, 0.00043211880727092876)	(64, 0.0003857899193269439)	(66, 0.0010709922427468179)	(68, 0.0006601694468318694)	(70, 1.5033384260592892e-05)	(72, 0.00014784137312260875)	(74, 5.5133270208245e-05)	(76, 0.00018798081733457838)	(78, 0.001110539936495165)	(80, 0.0003121730058284957)	(82, 0.0007135578243935448)	(84, 0.00045538251215237785)	(86, 0.00047189816909409116)	(88, 0.0008024087229940177)	(90, 0.0006370791927007863)	(92, 0.0005672121851867042)	(94, 0.0005564805540954936)	(96, 0.00019927852597054508)	(98, 0.00036901331630678557)	(100, 0.0011144288463715612)
