Sample	0	1	2	3	4	5	6	7	8	9	10	11	12	13	14	15	16	17	18	19	20	21	22	23	24	25	26	27	28	29	30	31	32	33	34	35	36	37	38	39	40	41	42	43	44	45	46	47	48	49	50	51	52	53	54	55	56	57	58	59	60	61	62	63	64	65	66	67	68	69	70	71	72	73	74	75	76	77	78	79	80	81	82	83	84	85	86	87	88	89	90	91	92	93	94	95	96	97	98	99	100
SRR29999095_1	(0.0, 0.16301024086037577)	(1.0, 0.08279204338434874)	(2.0, 0.0032166856834919305)	(3.0, 0.003488991120169446)	(4.0, 0.0026695880024960087)	(5.0, 0.0020839448030662835)	(6.0, 0.0018626189230270245)	(7.0, 0.001636319427705984)	(8.0, 0.0014784071425094339)	(9.0, 0.0014995450074570035)	(10.0, 0.0015592283908383768)	(11.0, 0.001703463234010029)	(12.0, 0.001960847824842201)	(13.0, 0.0023574936435642444)	(14.0, 0.0030264448989638032)	(15.0, 0.004136804510621435)	(16.0, 0.005672408228871352)	(17.0, 0.007927942759159083)	(18.0, 0.011630799336445117)	(19.0, 0.016785951576011236)	(20.0, 0.02438439232275232)	(21.0, 0.03458776407332626)	(22.0, 0.04913185856107465)	(23.0, 0.06824670549277989)	(24.0, 0.09218471584399236)	(25.0, 0.12325364710545848)	(26.0, 0.15865708408499685)	(27.0, 0.19627502326874827)	(28.0, 0.23847366212702004)	(29.0, 0.2867152435526559)	(30.0, 0.33916823371813987)	(31.0, 0.39116240787387957)	(32.0, 0.4487145971070096)	(33.0, 0.5126802632459965)	(34.0, 0.5817227471838613)	(35.0, 0.6617332962218739)	(36.0, 0.7571135598844106)	(37.0, 0.8546511291754201)	(38.0, 0.9297278518539058)	(39.0, 1.0040174999140496)	(40.0, 1.1063496343366959)	(41.0, 1.2103852319933521)	(42.0, 1.3256910418785246)	(43.0, 1.4136742962132323)	(44.0, 1.5032217525540603)	(45.0, 1.6769277530779063)	(46.0, 1.8456738157619963)	(47.0, 1.9962487750140985)	(48.0, 2.1831261522079215)	(49.0, 2.336795943569112)	(50.0, 2.4285690927485373)	(51.0, 2.5810986828063798)	(52.0, 2.783212730415939)	(53.0, 2.8953864060774097)	(54.0, 2.909762641049398)	(55.0, 3.0016526701879447)	(56.0, 3.139973884789559)	(57.0, 3.4841393584620683)	(58.0, 4.223362824177912)	(59.0, 5.071882729114717)	(60.0, 5.385975237985937)	(61.0, 5.521169291979131)	(62.0, 5.090564871516907)	(63.0, 4.469461038531903)	(64.0, 3.8651829460451648)	(65.0, 2.8032414791556715)	(66.0, 2.23631772424275)	(67.0, 2.027976710300401)	(68.0, 1.8741726313266018)	(69.0, 1.5700236228074826)	(70.0, 1.2442493350431794)	(71.0, 1.01856656801708)	(72.0, 0.8875864095713745)	(73.0, 0.7478589052488365)	(74.0, 0.5886522366752028)	(75.0, 0.5119603324339586)	(76.0, 0.4523304154168645)	(77.0, 0.4007204530416424)	(78.0, 0.3597888426764043)	(79.0, 0.31946525677936405)	(80.0, 0.27390072377914687)	(81.0, 0.23100826558906662)	(82.0, 0.20068786342750852)	(83.0, 0.1721256342680601)	(84.0, 0.135647896387657)	(85.0, 0.10500047902132183)	(86.0, 0.08488220520651725)	(87.0, 0.06592278375236768)	(88.0, 0.04937059209460015)	(89.0, 0.03774600977725726)	(90.0, 0.027325042358105397)	(91.0, 0.01930633112005381)	(92.0, 0.012766027024511654)	(93.0, 0.007760083243398971)	(94.0, 0.004765966843766746)	(95.0, 0.0028312304991538946)	(96.0, 0.0016798385614215686)	(97.0, 0.000890277135438818)	(98.0, 0.0005048219511007822)	(99.0, 0.0002772790519592967)	(100.0, 9.947230563562214e-05)
SRR29999095_2	(0.0, 0.011015512945784973)	(1.0, 0.00598685413264477)	(2.0, 0.0010278822518321722)	(3.0, 0.0012070772206745847)	(4.0, 0.001368850456435096)	(5.0, 0.0015965773960056621)	(6.0, 0.0018902580393862826)	(7.0, 0.002039587180088293)	(8.0, 0.0021602949021557517)	(9.0, 0.0024153988508550197)	(10.0, 0.0027476561889169925)	(11.0, 0.0030674694319204653)	(12.0, 0.003434570236146241)	(13.0, 0.0038290480495007185)	(14.0, 0.004425120202802911)	(15.0, 0.005408203712424479)	(16.0, 0.006871629291304181)	(17.0, 0.008890061509793023)	(18.0, 0.011851756133716232)	(19.0, 0.016157413023957533)	(20.0, 0.022072091405263)	(21.0, 0.02991436011113025)	(22.0, 0.04090125163828067)	(23.0, 0.05649992479411152)	(24.0, 0.0763830998785842)	(25.0, 0.09923170281549766)	(26.0, 0.1270965204704928)	(27.0, 0.16092081524900403)	(28.0, 0.1996182176524242)	(29.0, 0.24299584420734655)	(30.0, 0.28845910109407363)	(31.0, 0.33995525526516196)	(32.0, 0.40482632280512704)	(33.0, 0.48189758114044634)	(34.0, 0.5594031383933074)	(35.0, 0.6525098576210109)	(36.0, 0.8154466162694921)	(37.0, 0.922852845128919)	(38.0, 0.9267130034160659)	(39.0, 0.9721339503795939)	(40.0, 1.0564252726678556)	(41.0, 1.163171964489182)	(42.0, 1.2614230726140696)	(43.0, 1.338877609077191)	(44.0, 1.4508981083843098)	(45.0, 1.6055247003527242)	(46.0, 1.7731105729150611)	(47.0, 1.9387190787726025)	(48.0, 2.1071673271224935)	(49.0, 2.2779849311715235)	(50.0, 2.4250305804302994)	(51.0, 2.535806670231568)	(52.0, 2.64660889263246)	(53.0, 2.7941859047502335)	(54.0, 2.942358989021309)	(55.0, 3.038793259267656)	(56.0, 3.154677650090439)	(57.0, 3.2773801605957753)	(58.0, 3.5330241830205824)	(59.0, 4.084856333980298)	(60.0, 4.586923304391562)	(61.0, 5.149372757255191)	(62.0, 5.432703646775656)	(63.0, 4.964167290499522)	(64.0, 4.766360933087616)	(65.0, 4.154891700969541)	(66.0, 2.878782107367428)	(67.0, 2.153222922934005)	(68.0, 1.7979054323191241)	(69.0, 1.4928396863694813)	(70.0, 1.2225925183935236)	(71.0, 1.0259758164692097)	(72.0, 0.877843797711827)	(73.0, 0.7659539614028223)	(74.0, 0.6633723081975762)	(75.0, 0.57359189557901)	(76.0, 0.49851542568156837)	(77.0, 0.4509428946824254)	(78.0, 0.4163694653813924)	(79.0, 0.3687658241446032)	(80.0, 0.318405815852356)	(81.0, 0.2792454931127596)	(82.0, 0.24650881224236137)	(83.0, 0.211647924345477)	(84.0, 0.1763564707595685)	(85.0, 0.1425670194472211)	(86.0, 0.11070142523091792)	(87.0, 0.08460615789324158)	(88.0, 0.0633765317234391)	(89.0, 0.04667531174542507)	(90.0, 0.03506621546534961)	(91.0, 0.02738820881425457)	(92.0, 0.02110269640020578)	(93.0, 0.016737307853683676)	(94.0, 0.01310736532511897)	(95.0, 0.009940343132730498)	(96.0, 0.008066262416920267)	(97.0, 0.00642364186919815)	(98.0, 0.00470386793211333)	(99.0, 0.0036436310331290555)	(100.0, 0.00938782531213306)
SRR29999096_1	(0.0, 0.15815881588566266)	(1.0, 0.07967281032559621)	(2.0, 0.001842204412165604)	(3.0, 0.0021736999863327666)	(4.0, 0.0016663346228173769)	(5.0, 0.001414549816484303)	(6.0, 0.0013500220520471838)	(7.0, 0.0012867595378931453)	(8.0, 0.0012639850327976912)	(9.0, 0.001322186545819407)	(10.0, 0.0015524620973401072)	(11.0, 0.0018396739115994426)	(12.0, 0.0021673737349173624)	(13.0, 0.002854404638630222)	(14.0, 0.0038792573679256475)	(15.0, 0.005465881222908936)	(16.0, 0.007929323524067198)	(17.0, 0.01175037937897113)	(18.0, 0.01761734494161667)	(19.0, 0.02585792003532174)	(20.0, 0.038472465357637035)	(21.0, 0.05657187065710749)	(22.0, 0.08198821834363403)	(23.0, 0.11407876127341166)	(24.0, 0.15244368035698683)	(25.0, 0.20191370117516194)	(26.0, 0.2604618927744416)	(27.0, 0.32554889783668267)	(28.0, 0.3989979420198046)	(29.0, 0.478596102578699)	(30.0, 0.5614864443741696)	(31.0, 0.6500526989395407)	(32.0, 0.7455348115522311)	(33.0, 0.8433487804366394)	(34.0, 0.9461288566821398)	(35.0, 1.0581300769907327)	(36.0, 1.1881699705852085)	(37.0, 1.3161652197222253)	(38.0, 1.4157404170006822)	(39.0, 1.5121157963132277)	(40.0, 1.6272611635752765)	(41.0, 1.7174886917623324)	(42.0, 1.8307766716088185)	(43.0, 1.9137429284212741)	(44.0, 1.9646414168090474)	(45.0, 2.101573128695464)	(46.0, 2.240266068975929)	(47.0, 2.3559491676082867)	(48.0, 2.4985011212521484)	(49.0, 2.622151500917066)	(50.0, 2.6966595595871263)	(51.0, 2.807600500158498)	(52.0, 2.937210208656726)	(53.0, 2.9751904916542444)	(54.0, 2.9617472073965114)	(55.0, 3.028634663611576)	(56.0, 3.089761435287775)	(57.0, 3.273966693500938)	(58.0, 3.6952672022606077)	(59.0, 4.187110475303162)	(60.0, 4.378716182422065)	(61.0, 4.440246568938566)	(62.0, 4.09886812481026)	(63.0, 3.6005670143228605)	(64.0, 3.135945601120789)	(65.0, 2.3577154570034677)	(66.0, 1.9136910531596676)	(67.0, 1.7671927838828774)	(68.0, 1.6250988508414914)	(69.0, 1.3470512443825102)	(70.0, 1.0447956042573445)	(71.0, 0.8245092037215667)	(72.0, 0.7013801071732783)	(73.0, 0.5788051902489793)	(74.0, 0.4467484877032729)	(75.0, 0.38405154042577144)	(76.0, 0.3342588807854107)	(77.0, 0.29476788894989364)	(78.0, 0.2642791528784963)	(79.0, 0.2339548993438994)	(80.0, 0.2005333131163208)	(81.0, 0.1691791458512962)	(82.0, 0.1443777098023469)	(83.0, 0.12303926377818968)	(84.0, 0.09866168657407244)	(85.0, 0.07617186279231172)	(86.0, 0.06060928431041823)	(87.0, 0.04602221379678)	(88.0, 0.033350732211726075)	(89.0, 0.0245180199855392)	(90.0, 0.01720613859961542)	(91.0, 0.011912331415205469)	(92.0, 0.0077939417437775564)	(93.0, 0.004664977793718807)	(94.0, 0.002782285372494618)	(95.0, 0.0016865786273466694)	(96.0, 0.0010463619841077985)	(97.0, 0.0005959328833310437)	(98.0, 0.00038210558549039314)	(99.0, 0.00023154080180378127)	(100.0, 7.844551755100787e-05)
SRR29999096_2	(0.0, 0.01115910887145483)	(1.0, 0.0060531707223733635)	(2.0, 0.0010915968959593807)	(3.0, 0.0013701947116334684)	(4.0, 0.0016500588810151658)	(5.0, 0.001972979076455586)	(6.0, 0.002218651695731827)	(7.0, 0.002479520559499382)	(8.0, 0.002645412895196225)	(9.0, 0.0028961509293029043)	(10.0, 0.00340395876605431)	(11.0, 0.003820589135857832)	(12.0, 0.004353724046761428)	(13.0, 0.005007162559887925)	(14.0, 0.005826493408711265)	(15.0, 0.007339786089304606)	(16.0, 0.009585031212896233)	(17.0, 0.012611616574082914)	(18.0, 0.01712110212688031)	(19.0, 0.02389736081629869)	(20.0, 0.03404338672166593)	(21.0, 0.047983408335031195)	(22.0, 0.06666719093710162)	(23.0, 0.09209177432477735)	(24.0, 0.12446484050610636)	(25.0, 0.16347993188384716)	(26.0, 0.21191669484620254)	(27.0, 0.26937116256044513)	(28.0, 0.335382382277005)	(29.0, 0.40917281281941004)	(30.0, 0.48585179616887225)	(31.0, 0.5740495328427505)	(32.0, 0.6785604379780541)	(33.0, 0.7894790928738618)	(34.0, 0.9022301615845804)	(35.0, 1.031862991571441)	(36.0, 1.2128793895982644)	(37.0, 1.3424425701312066)	(38.0, 1.3843436816085894)	(39.0, 1.4539209533657775)	(40.0, 1.5495091302772648)	(41.0, 1.6608203548224312)	(42.0, 1.764202938804255)	(43.0, 1.8421014207741453)	(44.0, 1.935517801077082)	(45.0, 2.0720193335740165)	(46.0, 2.22542542171383)	(47.0, 2.3571565997942)	(48.0, 2.4834576531763397)	(49.0, 2.610547644918321)	(50.0, 2.7195199141655326)	(51.0, 2.81916042294137)	(52.0, 2.8839306160244726)	(53.0, 2.9289089670113464)	(54.0, 2.9999919333268825)	(55.0, 3.050364951108173)	(56.0, 3.0963500532925963)	(57.0, 3.1407370170980164)	(58.0, 3.277570334266345)	(59.0, 3.525388156723276)	(60.0, 3.717325589124524)	(61.0, 4.091211455881395)	(62.0, 4.336685257625542)	(63.0, 4.009532908094291)	(64.0, 3.8384472558425413)	(65.0, 3.4504010219271803)	(66.0, 2.5201907751729684)	(67.0, 1.8677564805366056)	(68.0, 1.5063834547646235)	(69.0, 1.22011786739096)	(70.0, 0.9906685054629043)	(71.0, 0.817603542366161)	(72.0, 0.6907022373266138)	(73.0, 0.593874300135377)	(74.0, 0.5075507669487609)	(75.0, 0.4343061348543356)	(76.0, 0.3757195469254901)	(77.0, 0.33812023899285676)	(78.0, 0.31152934384047265)	(79.0, 0.27968434715521684)	(80.0, 0.24266123015954577)	(81.0, 0.20887744594793975)	(82.0, 0.1822840180881405)	(83.0, 0.15739890137990636)	(84.0, 0.13117018338789863)	(85.0, 0.10613816964958182)	(86.0, 0.08373383985455472)	(87.0, 0.06522861312525724)	(88.0, 0.050036167695066185)	(89.0, 0.03775633579237695)	(90.0, 0.029014696148748645)	(91.0, 0.023373090381348365)	(92.0, 0.018692647078023684)	(93.0, 0.015339342460273755)	(94.0, 0.012975060088166838)	(95.0, 0.01075387568501979)	(96.0, 0.00921905499139709)	(97.0, 0.007940037746711504)	(98.0, 0.006842109082214076)	(99.0, 0.006447006725439915)	(100.0, 0.016928616363323667)
SRR29999097_1	(0.0, 0.12740443277506036)	(1.0, 0.06431409819037553)	(2.0, 0.0018223436302133296)	(3.0, 0.002140256132126458)	(4.0, 0.0016879956691538064)	(5.0, 0.0014831482829838411)	(6.0, 0.0013554512110856808)	(7.0, 0.0013009139199625082)	(8.0, 0.0013793944120665859)	(9.0, 0.0014286109918606683)	(10.0, 0.0016321282001983616)	(11.0, 0.0019420596351178547)	(12.0, 0.0023318017399736983)	(13.0, 0.0029995510117744946)	(14.0, 0.004021127586959777)	(15.0, 0.0055920676068736035)	(16.0, 0.008209857580785889)	(17.0, 0.0120939768510216)	(18.0, 0.01781773206329018)	(19.0, 0.02648783117404236)	(20.0, 0.03899017261957161)	(21.0, 0.05636495546471505)	(22.0, 0.08201344442659346)	(23.0, 0.11338302824507589)	(24.0, 0.15011322872761654)	(25.0, 0.19801692300124618)	(26.0, 0.2562933440109368)	(27.0, 0.3206872528712487)	(28.0, 0.3928414192050384)	(29.0, 0.47269066429852447)	(30.0, 0.5568576666355671)	(31.0, 0.6459250441067017)	(32.0, 0.7420383735553837)	(33.0, 0.8418150127541442)	(34.0, 0.9432450629984194)	(35.0, 1.0510998721725708)	(36.0, 1.1691584754980844)	(37.0, 1.2863843875005956)	(38.0, 1.3905373117675326)	(39.0, 1.4862755310675138)	(40.0, 1.5895345758311636)	(41.0, 1.6987980433296916)	(42.0, 1.8065251554319448)	(43.0, 1.8845906320523533)	(44.0, 1.9683505999727209)	(45.0, 2.1095915425590794)	(46.0, 2.2450568529977115)	(47.0, 2.3653155704578035)	(48.0, 2.524593724449778)	(49.0, 2.66650374648577)	(50.0, 2.7434465530157404)	(51.0, 2.842582046499346)	(52.0, 2.9600061549988657)	(53.0, 3.005401133880829)	(54.0, 2.9787616624339077)	(55.0, 3.00471077158588)	(56.0, 3.0762543862946563)	(57.0, 3.2938169423633146)	(58.0, 3.7265903000931737)	(59.0, 4.236782668016957)	(60.0, 4.446852332356424)	(61.0, 4.508639092665482)	(62.0, 4.148710263564362)	(63.0, 3.6364428182222337)	(64.0, 3.116682481150914)	(65.0, 2.312037957741793)	(66.0, 1.868645790376903)	(67.0, 1.6600486328977613)	(68.0, 1.4968664069680675)	(69.0, 1.2561055495045765)	(70.0, 1.0031363198964889)	(71.0, 0.8228280543762864)	(72.0, 0.7198084416224455)	(73.0, 0.6069960596674145)	(74.0, 0.4757141585112799)	(75.0, 0.4072405942393882)	(76.0, 0.35471187164294704)	(77.0, 0.31356681093509403)	(78.0, 0.28104529311386356)	(79.0, 0.25065072964643687)	(80.0, 0.21749471699921247)	(81.0, 0.18322667568420822)	(82.0, 0.15649276161119546)	(83.0, 0.1324963535169995)	(84.0, 0.10478874927076327)	(85.0, 0.0813536762217863)	(86.0, 0.06470783082872819)	(87.0, 0.04959035976495119)	(88.0, 0.036791388662825164)	(89.0, 0.026784460830639126)	(90.0, 0.018400349953825536)	(91.0, 0.012584812471130153)	(92.0, 0.00807683979755864)	(93.0, 0.004655622412953761)	(94.0, 0.002661685842377279)	(95.0, 0.0015895625095656413)	(96.0, 0.0009896523072107425)	(97.0, 0.0005879386018644464)	(98.0, 0.0003365349915649433)	(99.0, 0.00019819649700860299)	(100.0, 7.315978077498768e-05)
SRR29999097_2	(0.0, 0.009256711122219282)	(1.0, 0.005188763295141036)	(2.0, 0.0012699025612017826)	(3.0, 0.0016852166063746924)	(4.0, 0.002185723276198456)	(5.0, 0.002623666612294249)	(6.0, 0.0029378144156942706)	(7.0, 0.0032333263324519183)	(8.0, 0.0035767591005756707)	(9.0, 0.003913536194898575)	(10.0, 0.004350148396234199)	(11.0, 0.004657640525833373)	(12.0, 0.005139511309014762)	(13.0, 0.005956828051758885)	(14.0, 0.006812747702547928)	(15.0, 0.008280989343014978)	(16.0, 0.010493335314416825)	(17.0, 0.01345644129055432)	(18.0, 0.017913080467602083)	(19.0, 0.024934816327496633)	(20.0, 0.0344417807846278)	(21.0, 0.047148793205206645)	(22.0, 0.06530280906439942)	(23.0, 0.09059170723810117)	(24.0, 0.12415360794625688)	(25.0, 0.16334088415088924)	(26.0, 0.2098813487706984)	(27.0, 0.2676046765106922)	(28.0, 0.33434111771179426)	(29.0, 0.40695984341808566)	(30.0, 0.48328977283573)	(31.0, 0.5738561885133879)	(32.0, 0.680945979969031)	(33.0, 0.7972365748869661)	(34.0, 0.9100329410594561)	(35.0, 1.0303129468536194)	(36.0, 1.1993510877780345)	(37.0, 1.3236631007607516)	(38.0, 1.3759008221540865)	(39.0, 1.4514453820632307)	(40.0, 1.5479499899060052)	(41.0, 1.6567143488899414)	(42.0, 1.7496528467102215)	(43.0, 1.823071584407375)	(44.0, 1.9213572505592562)	(45.0, 2.0575456478722063)	(46.0, 2.2064383953362148)	(47.0, 2.3535514156258768)	(48.0, 2.5100303000880917)	(49.0, 2.6539845375918714)	(50.0, 2.759832380316276)	(51.0, 2.828445721529217)	(52.0, 2.8763386190653586)	(53.0, 2.947489103131183)	(54.0, 3.018258882655599)	(55.0, 3.0512843360554065)	(56.0, 3.096731939037116)	(57.0, 3.149230562843444)	(58.0, 3.2812205611228196)	(59.0, 3.601858977613428)	(60.0, 3.87801885722773)	(61.0, 4.206146237879053)	(62.0, 4.375381386747973)	(63.0, 3.9697087506429716)	(64.0, 3.716648052521892)	(65.0, 3.249005768791956)	(66.0, 2.334375088270874)	(67.0, 1.767568589447344)	(68.0, 1.4702769455153497)	(69.0, 1.2230319751614513)	(70.0, 1.0029195246240896)	(71.0, 0.8421264324041648)	(72.0, 0.7224201456916346)	(73.0, 0.6248679347926066)	(74.0, 0.5321424185339537)	(75.0, 0.4571036898336739)	(76.0, 0.3973929778967469)	(77.0, 0.35761467785859924)	(78.0, 0.32960227796559055)	(79.0, 0.29512988108147886)	(80.0, 0.25707806282727114)	(81.0, 0.22108284777752543)	(82.0, 0.1912627668802064)	(83.0, 0.1648171125999173)	(84.0, 0.1374343394484688)	(85.0, 0.11055340410160423)	(86.0, 0.08518330670753214)	(87.0, 0.06547452544846129)	(88.0, 0.04996946776200598)	(89.0, 0.03656494072709828)	(90.0, 0.027043333787605255)	(91.0, 0.020957385664109922)	(92.0, 0.015805894142253633)	(93.0, 0.012138617877986431)	(94.0, 0.009845072686214238)	(95.0, 0.008041385086184454)	(96.0, 0.0068313835891903015)	(97.0, 0.005777124859135992)	(98.0, 0.004788091732329991)	(99.0, 0.004676276412475746)	(100.0, 0.014537322715812019)
SRR29999098_1	(0.0, 0.13137264010543284)	(1.0, 0.06624651811783085)	(2.0, 0.0017122515798583331)	(3.0, 0.0020357074651209603)	(4.0, 0.0016117737942235597)	(5.0, 0.0013750316143717643)	(6.0, 0.0013433742298566988)	(7.0, 0.0012800594608265675)	(8.0, 0.0012071098356396769)	(9.0, 0.0013626439421702168)	(10.0, 0.0016544424429177787)	(11.0, 0.0019379824955309752)	(12.0, 0.002319247517734157)	(13.0, 0.0031203169867675576)	(14.0, 0.004242089525018797)	(15.0, 0.005911672456182911)	(16.0, 0.008846174359927256)	(17.0, 0.013359416265357704)	(18.0, 0.01978311250587124)	(19.0, 0.029716649203489886)	(20.0, 0.04454194001269736)	(21.0, 0.06475999745364515)	(22.0, 0.09420687068474579)	(23.0, 0.13144283691457495)	(24.0, 0.17699918963977682)	(25.0, 0.23481796143648825)	(26.0, 0.3039191497927646)	(27.0, 0.380587829456164)	(28.0, 0.46689549450038964)	(29.0, 0.5615593326485704)	(30.0, 0.6633185541521929)	(31.0, 0.7706453461063998)	(32.0, 0.8809988593018514)	(33.0, 0.9948924939309008)	(34.0, 1.108700791262562)	(35.0, 1.2257188721024461)	(36.0, 1.3466872439666016)	(37.0, 1.4686796633994181)	(38.0, 1.5824549269385417)	(39.0, 1.6803643352035276)	(40.0, 1.780265405876918)	(41.0, 1.8833652487943526)	(42.0, 1.978506700526304)	(43.0, 2.0565256364596722)	(44.0, 2.1259378930290094)	(45.0, 2.236975481011591)	(46.0, 2.3589403722839597)	(47.0, 2.4569144717259985)	(48.0, 2.5792950382211304)	(49.0, 2.69133189842797)	(50.0, 2.7644907376342642)	(51.0, 2.8568243170005316)	(52.0, 2.95177995364946)	(53.0, 2.957018562582692)	(54.0, 2.895091212839134)	(55.0, 2.89946956675837)	(56.0, 2.974723298974748)	(57.0, 3.1673089330601165)	(58.0, 3.5226520629775493)	(59.0, 4.04187033204123)	(60.0, 4.29458022136082)	(61.0, 4.3503605328763655)	(62.0, 4.015528635308651)	(63.0, 3.4985484056893825)	(64.0, 2.933816452549194)	(65.0, 2.144936452962116)	(66.0, 1.7187454729079887)	(67.0, 1.4896464868045483)	(68.0, 1.3415312195147129)	(69.0, 1.1268762591982768)	(70.0, 0.8745256123725317)	(71.0, 0.7060395063512628)	(72.0, 0.6095822085499025)	(73.0, 0.5122453860222325)	(74.0, 0.40303979711745747)	(75.0, 0.34595878002074937)	(76.0, 0.302632208291826)	(77.0, 0.26586697360565564)	(78.0, 0.23696240513537836)	(79.0, 0.2093268848617484)	(80.0, 0.18057509768195684)	(81.0, 0.15399665876952565)	(82.0, 0.13446405252373014)	(83.0, 0.11842752265481579)	(84.0, 0.0946308043556432)	(85.0, 0.07035096684061024)	(86.0, 0.05491179805341495)	(87.0, 0.04220755200671687)	(88.0, 0.031311906101444714)	(89.0, 0.023420958909059)	(90.0, 0.01671096979988748)	(91.0, 0.012139918757516478)	(92.0, 0.009027860218883287)	(93.0, 0.005846981279130385)	(94.0, 0.0036447284432997314)	(95.0, 0.0024169724873241423)	(96.0, 0.0015622231054173699)	(97.0, 0.0008464909337724075)	(98.0, 0.00047761358377077304)	(99.0, 0.00026427034029967845)	(100.0, 9.772496958998526e-05)
SRR29999098_2	(0.0, 0.00984671863267374)	(1.0, 0.0054578482404383545)	(2.0, 0.0011984674329079679)	(3.0, 0.0015359668824050392)	(4.0, 0.0019023948561447167)	(5.0, 0.0022977513541270005)	(6.0, 0.0027771383272901877)	(7.0, 0.0030264746552859834)	(8.0, 0.0031752499228193862)	(9.0, 0.003525147311277574)	(10.0, 0.004015554674628421)	(11.0, 0.004460502928455172)	(12.0, 0.0049454000967121894)	(13.0, 0.0058573373847410105)	(14.0, 0.007190804597447807)	(15.0, 0.00887003655229242)	(16.0, 0.011328961112913939)	(17.0, 0.015275638348869488)	(18.0, 0.020774813052511568)	(19.0, 0.028862401901480164)	(20.0, 0.04031396485523182)	(21.0, 0.05654424450410731)	(22.0, 0.0788164530733671)	(23.0, 0.10886216937124721)	(24.0, 0.14868572686312817)	(25.0, 0.19633100629070044)	(26.0, 0.25456963578616043)	(27.0, 0.32602860086049135)	(28.0, 0.40621847006099554)	(29.0, 0.49312664462965156)	(30.0, 0.5891569471761428)	(31.0, 0.6964004967385775)	(32.0, 0.8204804474102091)	(33.0, 0.9610221059246569)	(34.0, 1.0906728638361503)	(35.0, 1.2120665943995397)	(36.0, 1.360241250667715)	(37.0, 1.483388600819716)	(38.0, 1.5659795375323564)	(39.0, 1.6592327017515573)	(40.0, 1.7576819799442398)	(41.0, 1.8561037071614532)	(42.0, 1.9415861187495806)	(43.0, 2.0163718641118114)	(44.0, 2.1019245306873855)	(45.0, 2.2140969497612506)	(46.0, 2.3407005697858563)	(47.0, 2.4648287346645588)	(48.0, 2.59634331606654)	(49.0, 2.716760364549548)	(50.0, 2.7964364080575526)	(51.0, 2.8378634323217384)	(52.0, 2.8649336432689503)	(53.0, 2.899854504676096)	(54.0, 2.935783731785413)	(55.0, 2.948417231586791)	(56.0, 2.981054117127545)	(57.0, 3.0442491671099043)	(58.0, 3.1589218372075947)	(59.0, 3.468782148114016)	(60.0, 3.7591708071076173)	(61.0, 4.111317732712862)	(62.0, 4.294578556240998)	(63.0, 3.744778177522534)	(64.0, 3.3116947512815713)	(65.0, 2.862565636927377)	(66.0, 2.0817475738025544)	(67.0, 1.603727129022637)	(68.0, 1.349430247893621)	(69.0, 1.1161065468404947)	(70.0, 0.8936048689516499)	(71.0, 0.7449632236492724)	(72.0, 0.6328844778920022)	(73.0, 0.5392772836380225)	(74.0, 0.45636537806116645)	(75.0, 0.3913450759539756)	(76.0, 0.3399776597405213)	(77.0, 0.30376879023019265)	(78.0, 0.27839296427433324)	(79.0, 0.24917377724052764)	(80.0, 0.2158866886787022)	(81.0, 0.18529821816407985)	(82.0, 0.1620507050632122)	(83.0, 0.14319206235457993)	(84.0, 0.12106587395530663)	(85.0, 0.09737892279570604)	(86.0, 0.07660548729196792)	(87.0, 0.059430209184500635)	(88.0, 0.04560926234040219)	(89.0, 0.03551320737973266)	(90.0, 0.02794633196713097)	(91.0, 0.022445779714715435)	(92.0, 0.017879205530704042)	(93.0, 0.014377476548575241)	(94.0, 0.011867582683335796)	(95.0, 0.009784728937868156)	(96.0, 0.00827355793338535)	(97.0, 0.0071177945124545625)	(98.0, 0.006172796053862763)	(99.0, 0.00666871361230744)	(100.0, 0.02340730875858872)
SRR29999099_1	(0.0, 0.1586970882958458)	(1.0, 0.07968881431915915)	(2.0, 0.0010987036854375272)	(3.0, 0.0013433155756033448)	(4.0, 0.0011437997322278734)	(5.0, 0.0010467749042850072)	(6.0, 0.0009934795762600525)	(7.0, 0.0009948461231324875)	(8.0, 0.0010768389354785714)	(9.0, 0.001172497216549003)	(10.0, 0.0012449242007880439)	(11.0, 0.0015100342940403825)	(12.0, 0.0019760267775406275)	(13.0, 0.002668866041865038)	(14.0, 0.003629548493186657)	(15.0, 0.004997461912493827)	(16.0, 0.007287794470694443)	(17.0, 0.011067663119848921)	(18.0, 0.01683312437465107)	(19.0, 0.025017373593662698)	(20.0, 0.036948694336890374)	(21.0, 0.054133021257757166)	(22.0, 0.0783878616966013)	(23.0, 0.10937704512280377)	(24.0, 0.14738891292644837)	(25.0, 0.1942218407916592)	(26.0, 0.24951779343785832)	(27.0, 0.3121767006327358)	(28.0, 0.3821384343139045)	(29.0, 0.4597418981057283)	(30.0, 0.5417005467800015)	(31.0, 0.6262692999806251)	(32.0, 0.716399898952058)	(33.0, 0.8102119751978302)	(34.0, 0.9064961347358368)	(35.0, 1.0085129584037071)	(36.0, 1.1194301018517447)	(37.0, 1.23762547394237)	(38.0, 1.3342403378235057)	(39.0, 1.4192340871014566)	(40.0, 1.5135025900026218)	(41.0, 1.6157093636857605)	(42.0, 1.7487659330141136)	(43.0, 1.8229093001249326)	(44.0, 1.864139385813161)	(45.0, 1.9782105194427781)	(46.0, 2.0963539627522505)	(47.0, 2.1976738475151794)	(48.0, 2.3199278638169356)	(49.0, 2.4324520663869564)	(50.0, 2.5088557020247824)	(51.0, 2.608393609666056)	(52.0, 2.7164218730257668)	(53.0, 2.743737778458865)	(54.0, 2.75634144026333)	(55.0, 2.8550703521561225)	(56.0, 2.9440311870047515)	(57.0, 3.153335605627473)	(58.0, 3.6322474232597157)	(59.0, 4.3538716309050915)	(60.0, 4.789968168477081)	(61.0, 4.99588081776242)	(62.0, 4.625889618597588)	(63.0, 4.030975736604978)	(64.0, 3.4488131034790563)	(65.0, 2.496067556392538)	(66.0, 2.012248468941382)	(67.0, 1.8706277503634812)	(68.0, 1.7401088585772395)	(69.0, 1.4339599961988132)	(70.0, 1.0748642752479032)	(71.0, 0.8379638090832349)	(72.0, 0.7026551705091094)	(73.0, 0.5800185210830715)	(74.0, 0.45758822023477114)	(75.0, 0.40064421206041567)	(76.0, 0.35616311136266504)	(77.0, 0.32129430136562037)	(78.0, 0.29453868015022067)	(79.0, 0.2665012379684772)	(80.0, 0.23514308688671734)	(81.0, 0.20341733469627252)	(82.0, 0.18082831489492635)	(83.0, 0.16371641495829858)	(84.0, 0.13476611946576872)	(85.0, 0.10368537739911311)	(86.0, 0.08295896098489548)	(87.0, 0.0650039016279755)	(88.0, 0.048673666502380405)	(89.0, 0.03627771982252492)	(90.0, 0.025781273295353718)	(91.0, 0.018375955793629887)	(92.0, 0.013219974443933628)	(93.0, 0.008545017593334401)	(94.0, 0.005378728489903118)	(95.0, 0.0034969934465604877)	(96.0, 0.002096282902314884)	(97.0, 0.001105536419799701)	(98.0, 0.0006614086862584119)	(99.0, 0.00037716693679198693)	(100.0, 0.00012572231226399565)
SRR29999099_2	(0.0, 0.009639785242872938)	(1.0, 0.0051207939769177474)	(2.0, 0.0007057504519469973)	(3.0, 0.0009204846010859092)	(4.0, 0.001187192620717042)	(5.0, 0.0015961449174847788)	(6.0, 0.0018902076057960276)	(7.0, 0.0020256132157626026)	(8.0, 0.0023128372369038224)	(9.0, 0.0026916993981234314)	(10.0, 0.0030486778243989476)	(11.0, 0.0034056562506744634)	(12.0, 0.003789989345630096)	(13.0, 0.004476591529501012)	(14.0, 0.005320483058282596)	(15.0, 0.006530927147377736)	(16.0, 0.008603043299896536)	(17.0, 0.01163667605652142)	(18.0, 0.015839720899221272)	(19.0, 0.022789174477404785)	(20.0, 0.03259855866609444)	(21.0, 0.04517760305864586)	(22.0, 0.0630306275727237)	(23.0, 0.08793431793910145)	(24.0, 0.12011982110812613)	(25.0, 0.1591029594441597)	(26.0, 0.20508068656169895)	(27.0, 0.2589844289293019)	(28.0, 0.32066920680296385)	(29.0, 0.3886715454082987)	(30.0, 0.46129819075400713)	(31.0, 0.5446834272916052)	(32.0, 0.6460256360842657)	(33.0, 0.759845676995361)	(34.0, 0.8662826928296931)	(35.0, 0.9716911731216527)	(36.0, 1.1075795929904317)	(37.0, 1.217144615188335)	(38.0, 1.286126250932418)	(39.0, 1.369735795753193)	(40.0, 1.461979841742847)	(41.0, 1.563239986529467)	(42.0, 1.6609303470533319)	(43.0, 1.7338838806897676)	(44.0, 1.8134722892145658)	(45.0, 1.9306637930404855)	(46.0, 2.0540976322592077)	(47.0, 2.1793013185415333)	(48.0, 2.3135238390876935)	(49.0, 2.434374029849579)	(50.0, 2.5285411090474446)	(51.0, 2.5942880552201038)	(52.0, 2.65367640865807)	(53.0, 2.72904535953896)	(54.0, 2.8059201849306903)	(55.0, 2.8661743136323823)	(56.0, 2.9445577490018215)	(57.0, 3.021691076012579)	(58.0, 3.2259005163768157)	(59.0, 3.658413389278737)	(60.0, 4.033076608855948)	(61.0, 4.578233271915719)	(62.0, 4.902336857371472)	(63.0, 4.43010090234572)	(64.0, 4.19282240301409)	(65.0, 3.7453301135429387)	(66.0, 2.674379789648616)	(67.0, 1.9608729213973715)	(68.0, 1.5840309024597894)	(69.0, 1.2864326232216354)	(70.0, 1.0392804562299178)	(71.0, 0.8597695462169574)	(72.0, 0.7271869380581703)	(73.0, 0.6189992234283108)	(74.0, 0.5244997850059816)	(75.0, 0.45427624730382127)	(76.0, 0.403109339537664)	(77.0, 0.36953148373282135)	(78.0, 0.34651389777193764)	(79.0, 0.31560175442997235)	(80.0, 0.28015694248771184)	(81.0, 0.24636708800059828)	(82.0, 0.2183504363384233)	(83.0, 0.19505656822387038)	(84.0, 0.16594572981449077)	(85.0, 0.13563812465035605)	(86.0, 0.10873070480315976)	(87.0, 0.08493077531802469)	(88.0, 0.06545151575091397)	(89.0, 0.04994688954302412)	(90.0, 0.03893663539927736)	(91.0, 0.03161105512674225)	(92.0, 0.026101824854566854)	(93.0, 0.022067011224249717)	(94.0, 0.018498594694928563)	(95.0, 0.015608573948874287)	(96.0, 0.013327194580952599)	(97.0, 0.010796887728041854)	(98.0, 0.008251535807357043)	(99.0, 0.006344915400352946)	(100.0, 0.012506554520549116)
SRR29999100_1	(0.0, 0.14869455091377243)	(1.0, 0.07478340364502521)	(2.0, 0.0012804276292798574)	(3.0, 0.001438384312804556)	(4.0, 0.0011168795587277358)	(5.0, 0.0010386001403438142)	(6.0, 0.0010819333898063424)	(7.0, 0.0011126860184571684)	(8.0, 0.0011112881717003128)	(9.0, 0.0012622556214407327)	(10.0, 0.0015320400455138903)	(11.0, 0.0018759103477004023)	(12.0, 0.002380533026925324)	(13.0, 0.003192681992658509)	(14.0, 0.0044661203881540875)	(15.0, 0.0063042888734193845)	(16.0, 0.009030090049288076)	(17.0, 0.013598253250692631)	(18.0, 0.02063920736497499)	(19.0, 0.030631015982979817)	(20.0, 0.04540765404970184)	(21.0, 0.0664298714260553)	(22.0, 0.09651712502061824)	(23.0, 0.13396124609651294)	(24.0, 0.17868395523535546)	(25.0, 0.23361793493302915)	(26.0, 0.30046296684587065)	(27.0, 0.377512280083759)	(28.0, 0.46376222067527184)	(29.0, 0.5598544002818059)	(30.0, 0.6581439949901172)	(31.0, 0.7584604674958694)	(32.0, 0.8676560626011692)	(33.0, 0.9807041233683634)	(34.0, 1.0923151976695098)	(35.0, 1.2122979761974655)	(36.0, 1.348326637647368)	(37.0, 1.5042997766240882)	(38.0, 1.600705073904158)	(39.0, 1.6660627968677049)	(40.0, 1.755343269228081)	(41.0, 1.8554989893567946)	(42.0, 2.0681184703083373)	(43.0, 2.125543412926728)	(44.0, 2.0517203300036626)	(45.0, 2.1251380373672397)	(46.0, 2.2137419518972976)	(47.0, 2.2746503286337725)	(48.0, 2.3503465262110246)	(49.0, 2.4238215452916325)	(50.0, 2.46843102884317)	(51.0, 2.543034110256561)	(52.0, 2.6446547737864594)	(53.0, 2.6923185525017264)	(54.0, 2.770720981400251)	(55.0, 2.943830323769266)	(56.0, 2.983473257793695)	(57.0, 3.093591431758519)	(58.0, 3.498960002012899)	(59.0, 4.035646490146578)	(60.0, 4.320097122392666)	(61.0, 4.533878213999156)	(62.0, 4.273112697201231)	(63.0, 3.734522341784715)	(64.0, 3.18941382694098)	(65.0, 2.3108545596363363)	(66.0, 1.902326855711462)	(67.0, 1.87372411537268)	(68.0, 1.7705210893140206)	(69.0, 1.4335896984285408)	(70.0, 1.024293178787396)	(71.0, 0.7389842686325984)	(72.0, 0.5883131624046318)	(73.0, 0.46175071919215643)	(74.0, 0.3460677172882891)	(75.0, 0.30004780635908446)	(76.0, 0.26156368729608914)	(77.0, 0.23073976846066319)	(78.0, 0.20793529646931866)	(79.0, 0.18626447819778413)	(80.0, 0.16301409309100262)	(81.0, 0.14007123427072937)	(82.0, 0.12389674944715161)	(83.0, 0.1107681727067625)	(84.0, 0.09211670343003638)	(85.0, 0.07217781729024611)	(86.0, 0.05750461988353141)	(87.0, 0.04490722491074749)	(88.0, 0.033938321409700496)	(89.0, 0.025885326243454587)	(90.0, 0.0187409314691649)	(91.0, 0.013431909486626802)	(92.0, 0.00964933616257517)	(93.0, 0.006178482665302368)	(94.0, 0.003749025001887093)	(95.0, 0.002395909341250737)	(96.0, 0.0014901046428082182)	(97.0, 0.0007772027968117911)	(98.0, 0.0005213968403071908)	(99.0, 0.00035505307624135777)	(100.0, 9.365573270933454e-05)
SRR29999100_2	(0.0, 0.010329407519649201)	(1.0, 0.005552196430862361)	(2.0, 0.0008477276485519252)	(3.0, 0.001099527940201012)	(4.0, 0.0015191950929494898)	(5.0, 0.001871715501258211)	(6.0, 0.0022116458949844784)	(7.0, 0.002589346332458108)	(8.0, 0.002922282273638567)	(9.0, 0.0031195258354303514)	(10.0, 0.0034608551196657804)	(11.0, 0.004041394680967841)	(12.0, 0.004484842972372067)	(13.0, 0.0053115872632865675)	(14.0, 0.006581779845605294)	(15.0, 0.008380753040387101)	(16.0, 0.011125376219362148)	(17.0, 0.014818447163548751)	(18.0, 0.020514729316854757)	(19.0, 0.029053556984777122)	(20.0, 0.04115256099851574)	(21.0, 0.05772102018902565)	(22.0, 0.08000114932844232)	(23.0, 0.10965622923215894)	(24.0, 0.14840549633593506)	(25.0, 0.1949773591669428)	(26.0, 0.2525640858670889)	(27.0, 0.32274922049274435)	(28.0, 0.40164244853793074)	(29.0, 0.4869230106479489)	(30.0, 0.578574120136689)	(31.0, 0.6834055760027495)	(32.0, 0.8084076341204111)	(33.0, 0.9508972224931017)	(34.0, 1.0798749274378006)	(35.0, 1.1976237382654595)	(36.0, 1.34013011332426)	(37.0, 1.4605172316521975)	(38.0, 1.5477702293801334)	(39.0, 1.6401935264299308)	(40.0, 1.7306206067231544)	(41.0, 1.834604334940663)	(42.0, 1.9380858614653829)	(43.0, 1.9885298532257498)	(44.0, 2.0345295698385106)	(45.0, 2.1271557060121364)	(46.0, 2.2123719191587328)	(47.0, 2.3040118375234)	(48.0, 2.3918145992214366)	(49.0, 2.444359724526564)	(50.0, 2.5021073236352636)	(51.0, 2.554526548794567)	(52.0, 2.61498799549104)	(53.0, 2.709978256625149)	(54.0, 2.79992551747373)	(55.0, 2.871436800302071)	(56.0, 2.9477280920002165)	(57.0, 2.973277428259544)	(58.0, 3.144114133909885)	(59.0, 3.3877323149708856)	(60.0, 3.546285363060279)	(61.0, 4.12475596529929)	(62.0, 4.556225557273564)	(63.0, 4.169580613884355)	(64.0, 3.9324155147421167)	(65.0, 3.6290856922975534)	(66.0, 2.7212547130195004)	(67.0, 1.9754656147606897)	(68.0, 1.4981208074289705)	(69.0, 1.129706205155155)	(70.0, 0.8942785280252954)	(71.0, 0.7081967136061112)	(72.0, 0.5729939458956433)	(73.0, 0.4761655426324962)	(74.0, 0.39505926980181627)	(75.0, 0.3378306590720155)	(76.0, 0.29584435933003944)	(77.0, 0.2692794285610608)	(78.0, 0.2514561645838329)	(79.0, 0.226949001753831)	(80.0, 0.19875156576066078)	(81.0, 0.17393105145660664)	(82.0, 0.15467952026952478)	(83.0, 0.13724095118231638)	(84.0, 0.11658493392403631)	(85.0, 0.0963303982418856)	(86.0, 0.07818399055704142)	(87.0, 0.06237792669402458)	(88.0, 0.04861144519336535)	(89.0, 0.03728462874068393)	(90.0, 0.029201839378748252)	(91.0, 0.024032938947396165)	(92.0, 0.019334065727122374)	(93.0, 0.01583544056370923)	(94.0, 0.012929944976180602)	(95.0, 0.010171332892113942)	(96.0, 0.008295420719328244)	(97.0, 0.00685036682336432)	(98.0, 0.005493443029477575)	(99.0, 0.004884925657992282)	(100.0, 0.013122991866444902)
SRR29999101_1	(0.0, 0.18745821714037877)	(1.0, 0.09422895825730071)	(2.0, 0.0014942456163779079)	(3.0, 0.0017130127208165543)	(4.0, 0.001390828439734184)	(5.0, 0.0013126026266318798)	(6.0, 0.0012542647321149075)	(7.0, 0.0012250957848564212)	(8.0, 0.0013086250429148137)	(9.0, 0.0013974577459292944)	(10.0, 0.0015910334868265213)	(11.0, 0.001967578078708798)	(12.0, 0.0023931795364348922)	(13.0, 0.003208584198433484)	(14.0, 0.004530467853738519)	(15.0, 0.00639860633952066)	(16.0, 0.009527638863612818)	(17.0, 0.014162849755234084)	(18.0, 0.020935348964158974)	(19.0, 0.031120615002326754)	(20.0, 0.045713043799004)	(21.0, 0.06627715161623679)	(22.0, 0.0955176953816302)	(23.0, 0.1323209516544057)	(24.0, 0.17775423873197602)	(25.0, 0.23385010189376207)	(26.0, 0.2983068460288215)	(27.0, 0.3690229810733043)	(28.0, 0.4476332939349246)	(29.0, 0.5323438943572857)	(30.0, 0.6216539074178145)	(31.0, 0.715335284983399)	(32.0, 0.8147085848481055)	(33.0, 0.9139254330866073)	(34.0, 1.0177191543222135)	(35.0, 1.1351228411763816)	(36.0, 1.2566486306226694)	(37.0, 1.3723101358087622)	(38.0, 1.481073184968223)	(39.0, 1.5826460886284675)	(40.0, 1.698233345585175)	(41.0, 1.7887750837367555)	(42.0, 1.8545245425798613)	(43.0, 1.942687685668636)	(44.0, 2.045838364203316)	(45.0, 2.1890552435200057)	(46.0, 2.3372732714302864)	(47.0, 2.46536737745469)	(48.0, 2.612260869987187)	(49.0, 2.7507073005658746)	(50.0, 2.854636259647861)	(51.0, 2.997884959634287)	(52.0, 3.115145453474641)	(53.0, 3.046834430717744)	(54.0, 2.939086991267374)	(55.0, 2.9410386590112148)	(56.0, 2.989460437321541)	(57.0, 3.1859756125856795)	(58.0, 3.501843490725349)	(59.0, 3.914723309863026)	(60.0, 4.143679657923557)	(61.0, 4.200409282757596)	(62.0, 3.8755494136948796)	(63.0, 3.4306884956107493)	(64.0, 2.9438428555317464)	(65.0, 2.2193405659417484)	(66.0, 1.8107406268836346)	(67.0, 1.571107118265258)	(68.0, 1.3955935850272292)	(69.0, 1.1760866500172085)	(70.0, 0.9562270359176075)	(71.0, 0.8033897074505738)	(72.0, 0.7101206727303251)	(73.0, 0.6041777304262641)	(74.0, 0.4828998770316735)	(75.0, 0.42187711350568136)	(76.0, 0.37094415400864733)	(77.0, 0.32779267412343405)	(78.0, 0.2917915639002669)	(79.0, 0.2581491608213201)	(80.0, 0.2222249505500163)	(81.0, 0.18606075939444947)	(82.0, 0.1604822443712351)	(83.0, 0.13598695798030178)	(84.0, 0.10751806545601923)	(85.0, 0.08371620449309447)	(86.0, 0.06640310843394388)	(87.0, 0.05022760131787426)	(88.0, 0.03681386316268766)	(89.0, 0.027885513579112828)	(90.0, 0.02030954245934054)	(91.0, 0.014642811523760084)	(92.0, 0.009707955992119823)	(93.0, 0.005718439523902321)	(94.0, 0.0033531030734868937)	(95.0, 0.0019450384376454221)	(96.0, 0.0012648716220270844)	(97.0, 0.0007583926287206417)	(98.0, 0.0003911290655115198)	(99.0, 0.00022274468815571298)	(100.0, 0.00010341717664372386)
SRR29999101_2	(0.0, 0.012538881747807573)	(1.0, 0.006720670742050968)	(2.0, 0.0010086314699760536)	(3.0, 0.0012767150975223206)	(4.0, 0.0016284089653429183)	(5.0, 0.0019734670998084103)	(6.0, 0.002257476487406931)	(7.0, 0.002495035741519712)	(8.0, 0.0028666368094056264)	(9.0, 0.003171880543740485)	(10.0, 0.0035209201182190403)	(11.0, 0.004026562999878088)	(12.0, 0.004506990094787735)	(13.0, 0.005308586684084494)	(14.0, 0.006513635861371673)	(15.0, 0.008138063386701528)	(16.0, 0.010651679181615536)	(17.0, 0.014382288473855913)	(18.0, 0.019924452972040124)	(19.0, 0.02811958366559556)	(20.0, 0.03985554167743536)	(21.0, 0.056167501410955986)	(22.0, 0.07803356996270001)	(23.0, 0.10829649550199469)	(24.0, 0.14742608795038148)	(25.0, 0.19258623487188828)	(26.0, 0.24436486224177742)	(27.0, 0.3054812935889712)	(28.0, 0.3746787210160125)	(29.0, 0.44780582973594746)	(30.0, 0.5266051633278267)	(31.0, 0.6177429795201892)	(32.0, 0.7214979791139496)	(33.0, 0.8347088987387354)	(34.0, 0.94613746038434)	(35.0, 1.0696616367896312)	(36.0, 1.2377912128079422)	(37.0, 1.3578727707486045)	(38.0, 1.4113448372707165)	(39.0, 1.4902928112897502)	(40.0, 1.5894027975349365)	(41.0, 1.696369492072568)	(42.0, 1.7914144280644169)	(43.0, 1.8821647174288414)	(44.0, 1.98638554550413)	(45.0, 2.131279437606203)	(46.0, 2.3085862328546254)	(47.0, 2.454986436428307)	(48.0, 2.5956254963030867)	(49.0, 2.7481610989368996)	(50.0, 2.8754981677280345)	(51.0, 2.9604461718467543)	(52.0, 2.9806214555396178)	(53.0, 2.9659538305314923)	(54.0, 2.990549839785527)	(55.0, 3.0179341841953766)	(56.0, 3.047431346105492)	(57.0, 3.1051317019214775)	(58.0, 3.202530996107718)	(59.0, 3.44300333716339)	(60.0, 3.6599108619284113)	(61.0, 3.9726105062610664)	(62.0, 4.161600173654487)	(63.0, 3.7589531636933757)	(64.0, 3.41972518455368)	(65.0, 2.9459298415591255)	(66.0, 2.2005166794333753)	(67.0, 1.7439702617220827)	(68.0, 1.4773571126873073)	(69.0, 1.2320751920958541)	(70.0, 0.9981748813550783)	(71.0, 0.8450553341860163)	(72.0, 0.7290202464452974)	(73.0, 0.6371909868373328)	(74.0, 0.5513564487423706)	(75.0, 0.47605414662863205)	(76.0, 0.41649843976655915)	(77.0, 0.37726931131784575)	(78.0, 0.34730499377953084)	(79.0, 0.30981708176319717)	(80.0, 0.26964435203138776)	(81.0, 0.23380210188712028)	(82.0, 0.20461681944469473)	(83.0, 0.1772391107682)	(84.0, 0.14816000005945618)	(85.0, 0.11975906129960415)	(86.0, 0.09340723699980871)	(87.0, 0.07303686274630548)	(88.0, 0.05685894482655799)	(89.0, 0.04317340835498817)	(90.0, 0.03437442592611811)	(91.0, 0.029068493535375668)	(92.0, 0.023903238691761454)	(93.0, 0.020378337133529347)	(94.0, 0.017730679524842207)	(95.0, 0.01494367151569785)	(96.0, 0.013039216042782539)	(97.0, 0.011382936997348176)	(98.0, 0.009232959390293956)	(99.0, 0.0075209401846767065)	(100.0, 0.015477184477448341)
SRR29999102_1	(0.0, 0.19951883710386892)	(1.0, 0.10033971200782944)	(2.0, 0.0017147298042218143)	(3.0, 0.0019463490806090745)	(4.0, 0.001632542319052141)	(5.0, 0.0015690338077846667)	(6.0, 0.001423337811347519)	(7.0, 0.0013511124455923519)	(8.0, 0.0013125092328611417)	(9.0, 0.0014245830762743322)	(10.0, 0.0016474854981739)	(11.0, 0.0018678973902198411)	(12.0, 0.0022414768682638094)	(13.0, 0.002885278835426248)	(14.0, 0.003996055150143647)	(15.0, 0.005520259420563038)	(16.0, 0.00794105443828795)	(17.0, 0.012042957107210723)	(18.0, 0.01800653084171927)	(19.0, 0.026468106019415148)	(20.0, 0.0386928718059406)	(21.0, 0.056223711445617226)	(22.0, 0.08111904786246726)	(23.0, 0.11276745597742545)	(24.0, 0.15061230236820625)	(25.0, 0.19650031492127368)	(26.0, 0.2502671186662884)	(27.0, 0.3094109763652826)	(28.0, 0.37586952024437775)	(29.0, 0.4486241235934406)	(30.0, 0.5230934567467252)	(31.0, 0.6003584096607055)	(32.0, 0.6835109751486588)	(33.0, 0.7716172045154751)	(34.0, 0.8635264729687789)	(35.0, 0.9635125297373934)	(36.0, 1.0684597219744318)	(37.0, 1.16946814124796)	(38.0, 1.2636886214054293)	(39.0, 1.3520289605784863)	(40.0, 1.4557396047431992)	(41.0, 1.559409155165327)	(42.0, 1.650733149103029)	(43.0, 1.7410484784500118)	(44.0, 1.842063124048174)	(45.0, 1.9874154273655211)	(46.0, 2.121582761110232)	(47.0, 2.238237934189168)	(48.0, 2.3916570637024117)	(49.0, 2.529586342791025)	(50.0, 2.616921753168144)	(51.0, 2.747705702106703)	(52.0, 2.8915014242655337)	(53.0, 2.8682548186117844)	(54.0, 2.7914742737543343)	(55.0, 2.8177344205309716)	(56.0, 2.889100553486638)	(57.0, 3.1531527548927483)	(58.0, 3.6232440005595223)	(59.0, 4.345224945092222)	(60.0, 4.807001556842664)	(61.0, 4.961179052696337)	(62.0, 4.466045529351349)	(63.0, 3.842614851126648)	(64.0, 3.3100885125593122)	(65.0, 2.3947652449597374)	(66.0, 1.9019504049084757)	(67.0, 1.6464158156017674)	(68.0, 1.461647141556001)	(69.0, 1.2418055808465402)	(70.0, 1.0192979079287723)	(71.0, 0.8684066662169599)	(72.0, 0.7893074380657839)	(73.0, 0.6874783892054858)	(74.0, 0.56258578863568)	(75.0, 0.5024768506184054)	(76.0, 0.4568441173753347)	(77.0, 0.427125869896937)	(78.0, 0.4054831654689231)	(79.0, 0.37604385733413165)	(80.0, 0.33889262350758576)	(81.0, 0.29969292887643223)	(82.0, 0.26504343228785415)	(83.0, 0.23280476859758648)	(84.0, 0.1937370720486751)	(85.0, 0.15542649657526617)	(86.0, 0.12495237328629287)	(87.0, 0.09645697596602579)	(88.0, 0.07153673425063947)	(89.0, 0.05224758053430259)	(90.0, 0.03684614391947659)	(91.0, 0.025569024742256002)	(92.0, 0.016986658866659236)	(93.0, 0.010731693139276395)	(94.0, 0.006518961891867246)	(95.0, 0.0037532284894150674)	(96.0, 0.002074611368070837)	(97.0, 0.0010273435646209125)	(98.0, 0.000635085112674746)	(99.0, 0.0003847868623852873)	(100.0, 0.00012826228746176243)
SRR29999102_2	(0.0, 0.0163693967023444)	(1.0, 0.008740649533722123)	(2.0, 0.0012091314956803277)	(3.0, 0.001463423067967737)	(4.0, 0.0017563569870243114)	(5.0, 0.0020280999417236012)	(6.0, 0.002278651932065608)	(7.0, 0.002610228197891347)	(8.0, 0.0029069016988933242)	(9.0, 0.0031300300883023748)	(10.0, 0.003487783427745936)	(11.0, 0.0038530159310803027)	(12.0, 0.004214508852469267)	(13.0, 0.0048539773651331925)	(14.0, 0.0057527235593450654)	(15.0, 0.007120164024047457)	(16.0, 0.009299093770902316)	(17.0, 0.012471505787919258)	(18.0, 0.017341688008149198)	(19.0, 0.02506143167077628)	(20.0, 0.03528669523682343)	(21.0, 0.04887134991715767)	(22.0, 0.06817382539201321)	(23.0, 0.09417015254914025)	(24.0, 0.12747112977295466)	(25.0, 0.16532567127895487)	(26.0, 0.2080466554232396)	(27.0, 0.25916798714421474)	(28.0, 0.31796294101715705)	(29.0, 0.3793095363041794)	(30.0, 0.44450914752228204)	(31.0, 0.5200524424013695)	(32.0, 0.6089111420607223)	(33.0, 0.7100468892468335)	(34.0, 0.8110243274639224)	(35.0, 0.9192179123083242)	(36.0, 1.0838579935639552)	(37.0, 1.2006202071725904)	(38.0, 1.2301878350875775)	(39.0, 1.2966626437490625)	(40.0, 1.389284609372806)	(41.0, 1.4905288044353335)	(42.0, 1.5856363455254552)	(43.0, 1.6628337821517256)	(44.0, 1.7570375909383749)	(45.0, 1.894479692705089)	(46.0, 2.0507181798567147)	(47.0, 2.195907448886989)	(48.0, 2.347004010863685)	(49.0, 2.501908713788117)	(50.0, 2.622619925931098)	(51.0, 2.6947926109500617)	(52.0, 2.7379299352176014)	(53.0, 2.7780793335107643)	(54.0, 2.824283114973534)	(55.0, 2.8650994053802936)	(56.0, 2.9248666505590406)	(57.0, 3.0072808039991488)	(58.0, 3.1718261491788295)	(59.0, 3.592555295110293)	(60.0, 4.015571818665029)	(61.0, 4.63175395455493)	(62.0, 5.05087258719524)	(63.0, 4.428840498615413)	(64.0, 3.8433640700792173)	(65.0, 3.2159955980633)	(66.0, 2.315226290018965)	(67.0, 1.8325758997082016)	(68.0, 1.563360902404004)	(69.0, 1.3134334222468802)	(70.0, 1.0741313409239617)	(71.0, 0.9185896625414963)	(72.0, 0.8049113575105035)	(73.0, 0.7162932376229716)	(74.0, 0.6302205265129441)	(75.0, 0.5589515737974523)	(76.0, 0.5065263745048466)	(77.0, 0.4802121828823603)	(78.0, 0.4663632644112176)	(79.0, 0.4343075679752224)	(80.0, 0.39136470196884376)	(81.0, 0.3510657203978651)	(82.0, 0.31304414423163684)	(83.0, 0.2767764319978027)	(84.0, 0.23775514092483677)	(85.0, 0.19466019858601172)	(86.0, 0.15234932192840617)	(87.0, 0.1183378241349652)	(88.0, 0.09082073365337423)	(89.0, 0.06806039140633599)	(90.0, 0.05177700508873585)	(91.0, 0.039842752573639506)	(92.0, 0.030411526907332946)	(93.0, 0.02438332081134319)	(94.0, 0.01986216623935087)	(95.0, 0.01603532738188839)	(96.0, 0.013764154613713588)	(97.0, 0.0119143080780542)	(98.0, 0.010140499708618009)	(99.0, 0.008890232811538246)	(100.0, 0.017744316330937596)
SRR29999103_1	(0.0, 0.23524523438050934)	(1.0, 0.11852433747368289)	(2.0, 0.002674280018660422)	(3.0, 0.0029954406675526666)	(4.0, 0.002141894481458278)	(5.0, 0.001719444704838479)	(6.0, 0.0015897452120166111)	(7.0, 0.0014044602222710854)	(8.0, 0.001330346226372875)	(9.0, 0.001394578356151324)	(10.0, 0.0013439337922875468)	(11.0, 0.0014859856177591166)	(12.0, 0.0017812063680869878)	(13.0, 0.0022110675442966075)	(14.0, 0.002969500768988293)	(15.0, 0.00409479827337612)	(16.0, 0.005731482349461597)	(17.0, 0.008199478412872)	(18.0, 0.01179153674740526)	(19.0, 0.0168337589350135)	(20.0, 0.023998111871840498)	(21.0, 0.033949151054440206)	(22.0, 0.04785417191820942)	(23.0, 0.06436429973780074)	(24.0, 0.08637739175283417)	(25.0, 0.114669174453711)	(26.0, 0.14348346082567018)	(27.0, 0.1759626842947959)	(28.0, 0.21379911443409721)	(29.0, 0.25471251063643924)	(30.0, 0.2998689331039538)	(31.0, 0.3481529661983728)	(32.0, 0.3998487135706395)	(33.0, 0.45457078244208304)	(34.0, 0.5151824435209045)	(35.0, 0.5868655003536535)	(36.0, 0.6694087280520202)	(37.0, 0.7529796698268422)	(38.0, 0.8312193448300528)	(39.0, 0.9116070904810467)	(40.0, 1.0085197867508116)	(41.0, 1.1114554804205707)	(42.0, 1.2137994973564092)	(43.0, 1.3178184905995476)	(44.0, 1.434951955416874)	(45.0, 1.6022358907919896)	(46.0, 1.7718334180723943)	(47.0, 1.9366678858830737)	(48.0, 2.145076442348841)	(49.0, 2.325824420312131)	(50.0, 2.444760090463049)	(51.0, 2.5966011395595077)	(52.0, 2.765056076069815)	(53.0, 2.838940318580741)	(54.0, 2.8610275245916723)	(55.0, 2.943029720119982)	(56.0, 3.087563129220877)	(57.0, 3.4909878430936048)	(58.0, 4.27056332034852)	(59.0, 5.246279017281519)	(60.0, 5.690775237214505)	(61.0, 5.83425746280691)	(62.0, 5.283602825615858)	(63.0, 4.579404987889217)	(64.0, 3.9617512984061825)	(65.0, 2.840546121825202)	(66.0, 2.229537987307707)	(67.0, 1.9692236938146275)	(68.0, 1.798009246190377)	(69.0, 1.5376702480319986)	(70.0, 1.2459402669109332)	(71.0, 1.0344794490474245)	(72.0, 0.9150509208237835)	(73.0, 0.7820854712493343)	(74.0, 0.6310201486432773)	(75.0, 0.5582636741032692)	(76.0, 0.49681452487079797)	(77.0, 0.44478649975025436)	(78.0, 0.401443399715716)	(79.0, 0.3605028283815446)	(80.0, 0.3144125695657126)	(81.0, 0.2632319144649385)	(82.0, 0.22810064517592185)	(83.0, 0.1957572973659429)	(84.0, 0.1541991093992864)	(85.0, 0.11979786296986714)	(86.0, 0.09604803298428564)	(87.0, 0.07477855139476426)	(88.0, 0.05584860160909638)	(89.0, 0.042597019142496376)	(90.0, 0.0309882969183067)	(91.0, 0.022258903434762497)	(92.0, 0.015283541187475935)	(93.0, 0.009590351069228413)	(94.0, 0.005948883404096347)	(95.0, 0.0035648832027039157)	(96.0, 0.0022678882744852353)	(97.0, 0.0013649327577920397)	(98.0, 0.0008189596546752238)	(99.0, 0.0004632124743638144)	(100.0, 0.0001840497564805556)
SRR29999103_2	(0.0, 0.016587047929667552)	(1.0, 0.008903232780023614)	(2.0, 0.0013059888617453727)	(3.0, 0.0013937968249877223)	(4.0, 0.0015520985051992826)	(5.0, 0.0017413184823271634)	(6.0, 0.001889726307525501)	(7.0, 0.002077709552776729)	(8.0, 0.002135835950979411)	(9.0, 0.0022533254792614288)	(10.0, 0.0026577368029268994)	(11.0, 0.002954552453323575)	(12.0, 0.0032340538574471113)	(13.0, 0.0037200894849716668)	(14.0, 0.004374320647721006)	(15.0, 0.005287028772690784)	(16.0, 0.006606621685079337)	(17.0, 0.008461719500058558)	(18.0, 0.011390300583972425)	(19.0, 0.015687943855340957)	(20.0, 0.021444930741159808)	(21.0, 0.028850481218556868)	(22.0, 0.03884451151378827)	(23.0, 0.05277011244489895)	(24.0, 0.07116897257386288)	(25.0, 0.09262256043815927)	(26.0, 0.11650137951257182)	(27.0, 0.14515769382649418)	(28.0, 0.17955120731620897)	(29.0, 0.2156996433388941)	(30.0, 0.25355353261948343)	(31.0, 0.2988203927687298)	(32.0, 0.355967299325103)	(33.0, 0.4243845434734135)	(34.0, 0.49323711724230557)	(35.0, 0.5735010160370733)	(36.0, 0.7050534224885098)	(37.0, 0.7995508684516748)	(38.0, 0.8246651826708634)	(39.0, 0.8804739453366983)	(40.0, 0.9641165956184815)	(41.0, 1.0659936206896339)	(42.0, 1.1650657378645375)	(43.0, 1.2572133932620622)	(44.0, 1.377005716298407)	(45.0, 1.5312002099476034)	(46.0, 1.7084473857776081)	(47.0, 1.8947931980241477)	(48.0, 2.093340606965744)	(49.0, 2.292433414664944)	(50.0, 2.4501637247494905)	(51.0, 2.556321078845738)	(52.0, 2.6414515175751347)	(53.0, 2.75320384668136)	(54.0, 2.8810621350172343)	(55.0, 2.99576654311303)	(56.0, 3.122653996925732)	(57.0, 3.2646060817279423)	(58.0, 3.5602307593274007)	(59.0, 4.200411411226088)	(60.0, 4.797431357361467)	(61.0, 5.40162558511331)	(62.0, 5.678787092526219)	(63.0, 5.104579902587577)	(64.0, 4.768521513012831)	(65.0, 4.020607910607041)	(66.0, 2.7380563546561163)	(67.0, 2.1098818958159753)	(68.0, 1.8249871039783563)	(69.0, 1.5541861086070725)	(70.0, 1.2775588693648776)	(71.0, 1.0801047314022425)	(72.0, 0.9298653062945819)	(73.0, 0.8126824875179745)	(74.0, 0.7129202739558984)	(75.0, 0.6258902150639631)	(76.0, 0.5476928952350824)	(77.0, 0.49946777243688245)	(78.0, 0.4655602945746923)	(79.0, 0.4185422220881055)	(80.0, 0.36497070738713555)	(81.0, 0.3176249009532358)	(82.0, 0.27887067086644324)	(83.0, 0.24272347157563473)	(84.0, 0.20482877014311585)	(85.0, 0.1657641203552834)	(86.0, 0.13039482541488953)	(87.0, 0.10183992311485268)	(88.0, 0.07844590293608804)	(89.0, 0.06007672437216379)	(90.0, 0.04711330084108898)	(91.0, 0.03794293397570836)	(92.0, 0.030525016179544777)	(93.0, 0.025165020226131474)	(94.0, 0.02075236089023423)	(95.0, 0.016813369863095017)	(96.0, 0.013839029699744997)	(97.0, 0.01110708898421893)	(98.0, 0.008326915725503401)	(99.0, 0.006778527415934078)	(100.0, 0.015632290920891582)
SRR29999104_1	(0.0, 0.06360150853659859)	(1.0, 0.03214525938541582)	(2.0, 0.0011104792604926456)	(3.0, 0.001334041091812947)	(4.0, 0.000994422572102325)	(5.0, 0.0008331648577073534)	(6.0, 0.0007904071304056565)	(7.0, 0.0007158865199655559)	(8.0, 0.0006853452861786294)	(9.0, 0.0007513143511583904)	(10.0, 0.0008844741304693897)	(11.0, 0.0011007060656808292)	(12.0, 0.0014085617022530476)	(13.0, 0.001908216287007164)	(14.0, 0.0027413811447145175)	(15.0, 0.003952035652028282)	(16.0, 0.005909117913094529)	(17.0, 0.00889727222680741)	(18.0, 0.013539539762420233)	(19.0, 0.020634879195798983)	(20.0, 0.03234683152840954)	(21.0, 0.049535437903691734)	(22.0, 0.07271379104926595)	(23.0, 0.10235833421220825)	(24.0, 0.14081829909540897)	(25.0, 0.18978200510260945)	(26.0, 0.24772239054446335)	(27.0, 0.31770090869577217)	(28.0, 0.3958730290474376)	(29.0, 0.4762270151408411)	(30.0, 0.5616019800688152)	(31.0, 0.6484465891666163)	(32.0, 0.7404587750211654)	(33.0, 0.8400476301535752)	(34.0, 0.9375657896352313)	(35.0, 1.0478526281385256)	(36.0, 1.1743788514710045)	(37.0, 1.292694369512206)	(38.0, 1.3729225257224074)	(39.0, 1.4674977319163551)	(40.0, 1.571107035064476)	(41.0, 1.6523442736389973)	(42.0, 1.8233312034691325)	(43.0, 1.9032686071336822)	(44.0, 1.8806778673261682)	(45.0, 1.9361224231429546)	(46.0, 1.9989396327959048)	(47.0, 2.0358419947559723)	(48.0, 2.072045573286995)	(49.0, 2.1146176098872678)	(50.0, 2.1401928390604397)	(51.0, 2.188593364716609)	(52.0, 2.2208449075956036)	(53.0, 2.212856542486295)	(54.0, 2.259997547661092)	(55.0, 2.3603975779628823)	(56.0, 2.3751770918170516)	(57.0, 2.585965357518309)	(58.0, 3.4072899897111473)	(59.0, 5.416276466773599)	(60.0, 6.951223902683706)	(61.0, 7.821820096520317)	(62.0, 7.023888827758913)	(63.0, 5.3757067134603975)	(64.0, 4.0873198795615)	(65.0, 2.260302959998961)	(66.0, 1.4993949964834212)	(67.0, 1.3090021667050733)	(68.0, 1.1646471927371382)	(69.0, 0.9263376104458056)	(70.0, 0.6790391322263049)	(71.0, 0.49169309593054067)	(72.0, 0.3887385968348116)	(73.0, 0.29991613743696915)	(74.0, 0.21170938931227118)	(75.0, 0.17875906300423194)	(76.0, 0.14945291671164881)	(77.0, 0.13079344451718825)	(78.0, 0.11941744575623388)	(79.0, 0.10591822042241238)	(80.0, 0.0929992785305425)	(81.0, 0.07597437316835823)	(82.0, 0.06004284397574591)	(83.0, 0.04613192281047666)	(84.0, 0.033699197360494634)	(85.0, 0.025085347783229905)	(86.0, 0.018782858778959764)	(87.0, 0.013600622229994084)	(88.0, 0.009630261837693646)	(89.0, 0.006985390991745817)	(90.0, 0.004786422159087112)	(91.0, 0.0032837934567703313)	(92.0, 0.002252721404123694)	(93.0, 0.001400010156792708)	(94.0, 0.0007745256888364546)	(95.0, 0.0004324638704228784)	(96.0, 0.0002712061560279068)	(97.0, 0.00015514946763758633)	(98.0, 0.00013804637671690752)	(99.0, 9.895359746964167e-05)	(100.0, 2.1989688326587042e-05)
SRR29999104_2	(0.0, 0.006757513884980271)	(1.0, 0.0035779386356640567)	(2.0, 0.0005303365327452871)	(3.0, 0.0008089465084732258)	(4.0, 0.0010570071447573116)	(5.0, 0.0013246193582854636)	(6.0, 0.001588565651080353)	(7.0, 0.0017999670800318153)	(8.0, 0.0020015927203612446)	(9.0, 0.002188554677757625)	(10.0, 0.0024610547855967928)	(11.0, 0.0027860997572793883)	(12.0, 0.0031905730115160016)	(13.0, 0.003769788487371453)	(14.0, 0.004572625127955908)	(15.0, 0.005625966351979958)	(16.0, 0.007412491722656477)	(17.0, 0.010071506227849438)	(18.0, 0.013964714046574057)	(19.0, 0.020047698516634054)	(20.0, 0.029212500349789935)	(21.0, 0.04184648517018976)	(22.0, 0.058860023293260344)	(23.0, 0.0841035534625049)	(24.0, 0.11848255809903925)	(25.0, 0.16047445812498176)	(26.0, 0.2127724833057025)	(27.0, 0.2743709493867098)	(28.0, 0.34814393822288137)	(29.0, 0.42925976628777746)	(30.0, 0.5093405827323159)	(31.0, 0.601697345738972)	(32.0, 0.702975737836811)	(33.0, 0.806968133250842)	(34.0, 0.9134949018651349)	(35.0, 1.0325970005680956)	(36.0, 1.1495398719591645)	(37.0, 1.2559969880795254)	(38.0, 1.3545638208083282)	(39.0, 1.4529339157911123)	(40.0, 1.5583059193744278)	(41.0, 1.6622384380831488)	(42.0, 1.757050146007513)	(43.0, 1.8373338100659584)	(44.0, 1.8844579991184682)	(45.0, 1.926234831794726)	(46.0, 1.983039495530204)	(47.0, 2.026668840150337)	(48.0, 2.066971972691823)	(49.0, 2.098481783367791)	(50.0, 2.1244218384763554)	(51.0, 2.1641237600175867)	(52.0, 2.1862182642769588)	(53.0, 2.205127083419126)	(54.0, 2.2408380392554124)	(55.0, 2.2965685882160445)	(56.0, 2.3620199369877106)	(57.0, 2.3935932902897217)	(58.0, 2.8250110619158124)	(59.0, 3.862196573268375)	(60.0, 4.696688439384551)	(61.0, 6.205637623979912)	(62.0, 7.279222062293036)	(63.0, 5.9113595030380095)	(64.0, 5.480192235995358)	(65.0, 5.099981267145053)	(66.0, 2.930914624005451)	(67.0, 1.5816737201018196)	(68.0, 1.123645029872977)	(69.0, 0.8338161147276776)	(70.0, 0.6492871067246061)	(71.0, 0.5053263995293935)	(72.0, 0.3960795177310199)	(73.0, 0.3230103856756347)	(74.0, 0.26481633798225035)	(75.0, 0.22433724124556748)	(76.0, 0.1942913549157492)	(77.0, 0.1815608341827068)	(78.0, 0.17052519080200937)	(79.0, 0.14977119155743343)	(80.0, 0.13563784515712932)	(81.0, 0.1152345523293688)	(82.0, 0.09001546163167932)	(83.0, 0.07589189101999723)	(84.0, 0.06608433108494269)	(85.0, 0.051826343379707644)	(86.0, 0.03730318740809995)	(87.0, 0.02852819514624763)	(88.0, 0.0209067459417952)	(89.0, 0.015466519573633866)	(90.0, 0.011908132515213877)	(91.0, 0.009328546292574935)	(92.0, 0.007468702507233168)	(93.0, 0.006197849986368885)	(94.0, 0.005198275599766016)	(95.0, 0.004087501617587523)	(96.0, 0.003342097735157512)	(97.0, 0.0029388464544986533)	(98.0, 0.002734776867013715)	(99.0, 0.0030280505256747034)	(100.0, 0.010661719465904676)
SRR29999105_1	(0.0, 0.119031904750948)	(1.0, 0.059851575152081234)	(2.0, 0.001425531793424527)	(3.0, 0.0019456894300219879)	(4.0, 0.0015812330815412835)	(5.0, 0.0014589787367977562)	(6.0, 0.0013920848500512978)	(7.0, 0.0013090441630556943)	(8.0, 0.001312504191680511)	(9.0, 0.0013436444493038625)	(10.0, 0.0014912723372960464)	(11.0, 0.0017415477411577961)	(12.0, 0.0019399227156472931)	(13.0, 0.0022132649770078214)	(14.0, 0.0028476035582242374)	(15.0, 0.003653790227806555)	(16.0, 0.004593764670881789)	(17.0, 0.0061646176665486226)	(18.0, 0.008579717646670757)	(19.0, 0.012065119814736227)	(20.0, 0.017401637297078693)	(21.0, 0.024616950322696684)	(22.0, 0.0351146771703909)	(23.0, 0.04854650829192977)	(24.0, 0.06479941608556927)	(25.0, 0.08423439687116532)	(26.0, 0.10645931407123864)	(27.0, 0.1336609057766735)	(28.0, 0.16418643164768235)	(29.0, 0.19728967884417975)	(30.0, 0.23270076513342994)	(31.0, 0.26729528466722335)	(32.0, 0.3051226242794707)	(33.0, 0.3492333758743853)	(34.0, 0.39771068359381867)	(35.0, 0.44922704978871625)	(36.0, 0.5485252579494589)	(37.0, 0.6851756284579742)	(38.0, 0.7035841340848746)	(39.0, 0.7204967540029792)	(40.0, 0.7694699991586363)	(41.0, 0.8229897219273028)	(42.0, 1.2542972834680928)	(43.0, 1.3111813074029561)	(44.0, 1.0256851188263214)	(45.0, 1.079997188150071)	(46.0, 1.1622858955912143)	(47.0, 1.2467913280379903)	(48.0, 1.3286486852439063)	(49.0, 1.4125463059955896)	(50.0, 1.4757875558571163)	(51.0, 1.5928334041774195)	(52.0, 1.8500922991469242)	(53.0, 2.1938749765943477)	(54.0, 3.071453570135386)	(55.0, 4.070631409666985)	(56.0, 4.205333784059729)	(57.0, 4.335421633609841)	(58.0, 4.782020214986572)	(59.0, 4.992132759914323)	(60.0, 5.0878832853917535)	(61.0, 5.67810765498463)	(62.0, 5.4185697544942455)	(63.0, 4.643098912357302)	(64.0, 4.452685463733507)	(65.0, 3.531413628718284)	(66.0, 3.151018081705923)	(67.0, 3.8704030131774614)	(68.0, 4.0818442090971425)	(69.0, 3.141952806708903)	(70.0, 1.9458566647388542)	(71.0, 1.1903594145101029)	(72.0, 0.7573968059437756)	(73.0, 0.4945534247738165)	(74.0, 0.33806094344485177)	(75.0, 0.3069033856783764)	(76.0, 0.2816601701745879)	(77.0, 0.25711703379588724)	(78.0, 0.23733720349068446)	(79.0, 0.21408235110329066)	(80.0, 0.18846314582227205)	(81.0, 0.1697916780198856)	(82.0, 0.15789955963639019)	(83.0, 0.14092927257453866)	(84.0, 0.1149917446600369)	(85.0, 0.09243466471198117)	(86.0, 0.0763224647490842)	(87.0, 0.06014221755656585)	(88.0, 0.04587190616494637)	(89.0, 0.03618613270120917)	(90.0, 0.027261565534931673)	(91.0, 0.019267746068729892)	(92.0, 0.013742080354897443)	(93.0, 0.0090133745676478)	(94.0, 0.0055256657138324505)	(95.0, 0.003207446535205186)	(96.0, 0.0018972490292745526)	(97.0, 0.0010899090168172963)	(98.0, 0.0005224643223473388)	(99.0, 0.00025258208961162737)	(100.0, 8.419402987054246e-05)
SRR29999105_2	(0.0, 0.005719688059569512)	(1.0, 0.003076813633335819)	(2.0, 0.0004881816079898918)	(3.0, 0.0006070532524886125)	(4.0, 0.0007940164215060178)	(5.0, 0.001049071115042108)	(6.0, 0.0012948930594909188)	(7.0, 0.001506092194862432)	(8.0, 0.0017357568284085043)	(9.0, 0.0019123331547027205)	(10.0, 0.0020773685446378374)	(11.0, 0.002541314186273621)	(12.0, 0.0029971811724580355)	(13.0, 0.0032476194914504855)	(14.0, 0.0037623452530663056)	(15.0, 0.00459906313910099)	(16.0, 0.005846638359519603)	(17.0, 0.0071669214790005395)	(18.0, 0.009192355810022432)	(19.0, 0.012601548410500304)	(20.0, 0.016893622642449257)	(21.0, 0.022174755120373004)	(22.0, 0.030084912900899527)	(23.0, 0.04125307701559972)	(24.0, 0.05554075622816441)	(25.0, 0.07163805426183582)	(26.0, 0.09043823959080825)	(27.0, 0.11401406438517588)	(28.0, 0.14095638031549274)	(29.0, 0.16984334402231777)	(30.0, 0.2015116733916857)	(31.0, 0.2384980662353265)	(32.0, 0.27917409643297125)	(33.0, 0.32565406352560694)	(34.0, 0.3750735071089052)	(35.0, 0.4274128075910555)	(36.0, 0.49267218632721727)	(37.0, 0.5544185040356693)	(38.0, 0.596492141626401)	(39.0, 0.6418630247349272)	(40.0, 0.7020524701285367)	(41.0, 0.8155379596284658)	(42.0, 0.9802871343418774)	(43.0, 1.0224911845134668)	(44.0, 1.0433629679188976)	(45.0, 1.1523197939915162)	(46.0, 1.2038050651830932)	(47.0, 1.2946437752655622)	(48.0, 1.3822683345720221)	(49.0, 1.4086209086543888)	(50.0, 1.521479725310019)	(51.0, 1.7169554889858958)	(52.0, 2.0869509840967972)	(53.0, 2.625680739245907)	(54.0, 3.0198025618155055)	(55.0, 3.464896083908701)	(56.0, 3.95413368757545)	(57.0, 4.0892388131568795)	(58.0, 4.160505249267953)	(59.0, 4.078673085920125)	(60.0, 4.019915870728679)	(61.0, 4.791279742349057)	(62.0, 5.4532551568769865)	(63.0, 5.820713954176158)	(64.0, 6.9854414088473415)	(65.0, 7.101134679472766)	(66.0, 5.138988535256902)	(67.0, 3.3368343917872294)	(68.0, 2.2878406010187278)	(69.0, 1.6353922294552348)	(70.0, 1.3003796206360343)	(71.0, 0.9110495948427342)	(72.0, 0.6334750721891339)	(73.0, 0.4772742690369073)	(74.0, 0.3862497498790568)	(75.0, 0.3484416423666481)	(76.0, 0.3147109476699092)	(77.0, 0.2946597248396104)	(78.0, 0.2819462293464269)	(79.0, 0.2539190653983547)	(80.0, 0.2281631577257532)	(81.0, 0.20855164457073616)	(82.0, 0.19492410691791193)	(83.0, 0.1742485194305859)	(84.0, 0.14485606271123233)	(85.0, 0.12584583234052427)	(86.0, 0.10647206247450464)	(87.0, 0.0814420796988905)	(88.0, 0.058561019273340634)	(89.0, 0.044140619292646316)	(90.0, 0.0350786760634817)	(91.0, 0.028724236504161744)	(92.0, 0.02351234964439259)	(93.0, 0.01970153245861807)	(94.0, 0.016077678441860952)	(95.0, 0.012688105433193549)	(96.0, 0.010704218473064412)	(97.0, 0.008863439123788106)	(98.0, 0.006596799222861043)	(99.0, 0.005078011998003603)	(100.0, 0.011337815879178953)
SRR29999106_1	(0.0, 0.15108689407341477)	(1.0, 0.0761335329583217)	(2.0, 0.0020043002822764397)	(3.0, 0.002391466361647851)	(4.0, 0.0018026253470411703)	(5.0, 0.0016196240169202782)	(6.0, 0.00153248052638652)	(7.0, 0.001395540755547757)	(8.0, 0.0013693977083876294)	(9.0, 0.0014640106409671383)	(10.0, 0.0016656855762024073)	(11.0, 0.0019657081650400606)	(12.0, 0.0022806696379692156)	(13.0, 0.002933000909964777)	(14.0, 0.0040745806359570105)	(15.0, 0.005600836627305404)	(16.0, 0.007876526637244119)	(17.0, 0.011534063425646715)	(18.0, 0.01713490005295212)	(19.0, 0.025743432010679808)	(20.0, 0.0386145255625159)	(21.0, 0.056070611623435296)	(22.0, 0.08124761094564568)	(23.0, 0.11380815373008063)	(24.0, 0.15392652695780767)	(25.0, 0.20237083825253152)	(26.0, 0.2590863117059166)	(27.0, 0.3257822046394323)	(28.0, 0.4005239315632291)	(29.0, 0.48235540389545095)	(30.0, 0.5695798133847049)	(31.0, 0.656026155994193)	(32.0, 0.7468246935023386)	(33.0, 0.8436585401834507)	(34.0, 0.9431726716519798)	(35.0, 1.0454865989806579)	(36.0, 1.1949961958754114)	(37.0, 1.397413095687225)	(38.0, 1.4564727290359685)	(39.0, 1.4806550476590863)	(40.0, 1.5533053308100728)	(41.0, 1.6231682671709868)	(42.0, 2.0353818755358155)	(43.0, 2.1060676954287696)	(44.0, 1.846088785398386)	(45.0, 1.8951256724287393)	(46.0, 1.9825915938774727)	(47.0, 2.0685897699642157)	(48.0, 2.146188558470512)	(49.0, 2.2219585785826075)	(50.0, 2.2532269078931275)	(51.0, 2.320292538207908)	(52.0, 2.4576692714063473)	(53.0, 2.6182797040880943)	(54.0, 3.0829960205925047)	(55.0, 3.5876551784365676)	(56.0, 3.530242557058912)	(57.0, 3.4614751388647087)	(58.0, 3.5949901705254943)	(59.0, 3.7812307486802275)	(60.0, 4.059600669934257)	(61.0, 4.46491375875582)	(62.0, 4.215842723926247)	(63.0, 3.5646306233305407)	(64.0, 3.1708652919117086)	(65.0, 2.5217384105537737)	(66.0, 2.354307132377249)	(67.0, 2.711817037013015)	(68.0, 2.6660617248547616)	(69.0, 2.021203629625973)	(70.0, 1.3008319651286608)	(71.0, 0.8352541729749736)	(72.0, 0.5863263024512779)	(73.0, 0.4245904738346379)	(74.0, 0.3080397899667591)	(75.0, 0.2696879397828521)	(76.0, 0.2382353642352035)	(77.0, 0.21090218597578642)	(78.0, 0.1913583908630797)	(79.0, 0.16990490840067604)	(80.0, 0.1460910822518152)	(81.0, 0.12310138454200213)	(82.0, 0.10567019662123525)	(83.0, 0.09038647328862166)	(84.0, 0.07291669325061839)	(85.0, 0.05851934370743391)	(86.0, 0.047333854243922224)	(87.0, 0.03653055123175145)	(88.0, 0.027613282336132736)	(89.0, 0.02155058520899841)	(90.0, 0.016409119267506676)	(91.0, 0.011790514269217489)	(92.0, 0.007933792359594875)	(93.0, 0.004903688703035339)	(94.0, 0.002920551839888526)	(95.0, 0.0017441147176827899)	(96.0, 0.0010307830023135974)	(97.0, 0.00058137157256093)	(98.0, 0.00036351284622653435)	(99.0, 0.00021661381932677046)	(100.0, 7.469442045750707e-05)
SRR29999106_2	(0.0, 0.011210581034273404)	(1.0, 0.006017682417819577)	(2.0, 0.001011668348503001)	(3.0, 0.0013380933575027382)	(4.0, 0.0016221578691513639)	(5.0, 0.0019398615992846956)	(6.0, 0.002245106359608877)	(7.0, 0.0025877280293605093)	(8.0, 0.002854349983276325)	(9.0, 0.0030399886334326635)	(10.0, 0.0033689054363942304)	(11.0, 0.003907132932149521)	(12.0, 0.0044765078524276886)	(13.0, 0.0051031940338279475)	(14.0, 0.005947912186888335)	(15.0, 0.007292235029295649)	(16.0, 0.00930560455045433)	(17.0, 0.012420347002741895)	(18.0, 0.017224525761150234)	(19.0, 0.02410187709580118)	(20.0, 0.03435810104269368)	(21.0, 0.04789103404939269)	(22.0, 0.06685109430495756)	(23.0, 0.09348837175692082)	(24.0, 0.12741663834119882)	(25.0, 0.1683368787823719)	(26.0, 0.21744889187306132)	(27.0, 0.27581542773798756)	(28.0, 0.3413234450975187)	(29.0, 0.41240809734362555)	(30.0, 0.49063049339339454)	(31.0, 0.5804197970139787)	(32.0, 0.6779149734615222)	(33.0, 0.7810914401420382)	(34.0, 0.8861878340701443)	(35.0, 0.9922622571282687)	(36.0, 1.1083362493552174)	(37.0, 1.2146735566763145)	(38.0, 1.301466478057798)	(39.0, 1.3904023422464555)	(40.0, 1.4809342004676649)	(41.0, 1.6031940712048565)	(42.0, 1.7540061630536774)	(43.0, 1.8021899828935852)	(44.0, 1.8353520228346007)	(45.0, 1.9400572051106992)	(46.0, 2.0146490573580818)	(47.0, 2.1233747491915937)	(48.0, 2.2061571281915113)	(49.0, 2.2270545582523993)	(50.0, 2.3026518493633805)	(51.0, 2.409649482084363)	(52.0, 2.5854443001944922)	(53.0, 2.8449833297738056)	(54.0, 3.0262949797154266)	(55.0, 3.2218771336764487)	(56.0, 3.463475246730586)	(57.0, 3.4897549517490267)	(58.0, 3.4820690132737613)	(59.0, 3.412899304687321)	(60.0, 3.311940534632834)	(61.0, 3.840704196921094)	(62.0, 4.333943598592525)	(63.0, 4.280517044256927)	(64.0, 4.443471648081746)	(65.0, 4.366679541766067)	(66.0, 3.4736554709616425)	(67.0, 2.581633101329873)	(68.0, 1.895020521044583)	(69.0, 1.3251983237502676)	(70.0, 1.0287184486868233)	(71.0, 0.7655438917171996)	(72.0, 0.5684355139545569)	(73.0, 0.4448512547266528)	(74.0, 0.36160041846191077)	(75.0, 0.31640301368525636)	(76.0, 0.2777403385735013)	(77.0, 0.25217453252512495)	(78.0, 0.23636285394033235)	(79.0, 0.21279048306142007)	(80.0, 0.18603110770532713)	(81.0, 0.16223945895777378)	(82.0, 0.1433130379206936)	(83.0, 0.12385461887276274)	(84.0, 0.10168263620039894)	(85.0, 0.08493155129199641)	(86.0, 0.06935285544263492)	(87.0, 0.053559865312556056)	(88.0, 0.039599589641403185)	(89.0, 0.029648610454834877)	(90.0, 0.023376765052908633)	(91.0, 0.018993699474049573)	(92.0, 0.015046697838510769)	(93.0, 0.012597264374031828)	(94.0, 0.010565206398159421)	(95.0, 0.008741213218099822)	(96.0, 0.00785039687674558)	(97.0, 0.0067153847271319905)	(98.0, 0.005567913607709252)	(99.0, 0.004932506147442588)	(100.0, 0.012207298619005427)
SRR29999107_1	(0.0, 0.12478476949291677)	(1.0, 0.06284059038380961)	(2.0, 0.0015130990311543744)	(3.0, 0.0018673434866994382)	(4.0, 0.0014018576320045523)	(5.0, 0.0012074551868883586)	(6.0, 0.001138334317513712)	(7.0, 0.0009914524700925878)	(8.0, 0.0009579720489892434)	(9.0, 0.0010368130406196996)	(10.0, 0.0011469744261855428)	(11.0, 0.0013111364909503284)	(12.0, 0.0015454994386737398)	(13.0, 0.002032585565048203)	(14.0, 0.002820995481352766)	(15.0, 0.003842688331796762)	(16.0, 0.005505909251124197)	(17.0, 0.008168142735632072)	(18.0, 0.01184450897549609)	(19.0, 0.017540500617400565)	(20.0, 0.025906285838900766)	(21.0, 0.0375747526002083)	(22.0, 0.05386135744660942)	(23.0, 0.07487842179083791)	(24.0, 0.10197704262645134)	(25.0, 0.1340372458668636)	(26.0, 0.1711789130198964)	(27.0, 0.21424445468105321)	(28.0, 0.2642825640403775)	(29.0, 0.31921097490795797)	(30.0, 0.3751567585716466)	(31.0, 0.43353581284003956)	(32.0, 0.4973257351641666)	(33.0, 0.5679996640725749)	(34.0, 0.6412505053923566)	(35.0, 0.7230593743515868)	(36.0, 0.8161684254399879)	(37.0, 0.9149259475725982)	(38.0, 1.000278341100863)	(39.0, 1.082811899174943)	(40.0, 1.179914840496898)	(41.0, 1.280934991087944)	(42.0, 1.4113509514077265)	(43.0, 1.4970381491470248)	(44.0, 1.5614404391732677)	(45.0, 1.685629041167828)	(46.0, 1.8083531447425132)	(47.0, 1.9233886316128528)	(48.0, 2.060228512730142)	(49.0, 2.1846557977267618)	(50.0, 2.2756933827610912)	(51.0, 2.4170844411212666)	(52.0, 2.579906209028335)	(53.0, 2.629730475698031)	(54.0, 2.7008428901215344)	(55.0, 2.855741678376534)	(56.0, 2.961007362366201)	(57.0, 3.226113976771154)	(58.0, 3.788654172176716)	(59.0, 4.615455331350975)	(60.0, 5.144129540803712)	(61.0, 5.422349680145337)	(62.0, 4.989344153975031)	(63.0, 4.303317365404495)	(64.0, 3.727608564369479)	(65.0, 2.7633789166746623)	(66.0, 2.220337286514255)	(67.0, 2.0348417134251346)	(68.0, 1.9169701108832666)	(69.0, 1.6416865284764806)	(70.0, 1.292878861313166)	(71.0, 1.043073879366025)	(72.0, 0.903799647630448)	(73.0, 0.7813649876962693)	(74.0, 0.6616346817763735)	(75.0, 0.6060874231251732)	(76.0, 0.5674866576201849)	(77.0, 0.543326753746578)	(78.0, 0.5345602834854216)	(79.0, 0.5103550190412874)	(80.0, 0.47068720011532816)	(81.0, 0.4323078373950556)	(82.0, 0.399344742798437)	(83.0, 0.360120809455493)	(84.0, 0.30449470981266213)	(85.0, 0.2519747292373544)	(86.0, 0.21217190861339777)	(87.0, 0.17038942309000787)	(88.0, 0.1294623083251292)	(89.0, 0.10033974203313939)	(90.0, 0.07340636327587474)	(91.0, 0.05116024347307831)	(92.0, 0.03622041556589882)	(93.0, 0.023721418358511544)	(94.0, 0.013938655314831088)	(95.0, 0.007446693661534197)	(96.0, 0.00393880954077088)	(97.0, 0.0020109852933686257)	(98.0, 0.0011620946163612468)	(99.0, 0.0006318079466276294)	(100.0, 0.00020952263529189764)
SRR29999107_2	(0.0, 0.008148809187170657)	(1.0, 0.004391062563325515)	(2.0, 0.0007305828926428865)	(3.0, 0.0008721603466905465)	(4.0, 0.0010699364847876593)	(5.0, 0.0013833522227557616)	(6.0, 0.0016297618374341316)	(7.0, 0.0017637740840135958)	(8.0, 0.001922643440845703)	(9.0, 0.0021031276761583687)	(10.0, 0.0024414005243791133)	(11.0, 0.002906120411711127)	(12.0, 0.00323466656461562)	(13.0, 0.003712355379035969)	(14.0, 0.0043640439652248165)	(15.0, 0.005330229033305794)	(16.0, 0.006762214732642813)	(17.0, 0.008813466700447841)	(18.0, 0.011970319702533448)	(19.0, 0.016641294942182198)	(20.0, 0.02350834183545572)	(21.0, 0.03265683915235222)	(22.0, 0.044970835422726556)	(23.0, 0.06194175726173727)	(24.0, 0.0831913442959746)	(25.0, 0.10874661512353925)	(26.0, 0.13951215240884257)	(27.0, 0.1751896708288529)	(28.0, 0.2164924613734286)	(29.0, 0.26188478692652606)	(30.0, 0.31006759329146366)	(31.0, 0.3663992088435719)	(32.0, 0.4364400610719746)	(33.0, 0.5190521266246702)	(34.0, 0.5999847161194264)	(35.0, 0.6897610331445032)	(36.0, 0.8216885246945178)	(37.0, 0.9207246556606659)	(38.0, 0.961536788463733)	(39.0, 1.029773879082933)	(40.0, 1.1234387127466625)	(41.0, 1.2309165345033928)	(42.0, 1.329335560688921)	(43.0, 1.4066411735746396)	(44.0, 1.5022405388623787)	(45.0, 1.6234546158935044)	(46.0, 1.7544396987417665)	(47.0, 1.8869691646574644)	(48.0, 2.019545102561896)	(49.0, 2.149579130757014)	(50.0, 2.2669111756130307)	(51.0, 2.3613260455600353)	(52.0, 2.4592068612713978)	(53.0, 2.5736846614240574)	(54.0, 2.6999641852271017)	(55.0, 2.8150028914763316)	(56.0, 2.9357111803510123)	(57.0, 3.04982368905735)	(58.0, 3.262174739713904)	(59.0, 3.7646633849589217)	(60.0, 4.245730604885782)	(61.0, 4.917004432465863)	(62.0, 5.359894373276437)	(63.0, 4.856476288256754)	(64.0, 4.6020680877966536)	(65.0, 4.116486600499129)	(66.0, 2.9369637625589604)	(67.0, 2.190673337724252)	(68.0, 1.8263859025082305)	(69.0, 1.5256267566344195)	(70.0, 1.253399250354946)	(71.0, 1.0617022968304903)	(72.0, 0.9287027073078402)	(73.0, 0.8201419801392338)	(74.0, 0.7298458252866995)	(75.0, 0.6633163100674636)	(76.0, 0.6110039811688153)	(77.0, 0.5933435447062747)	(78.0, 0.5937109976404442)	(79.0, 0.565229072266612)	(80.0, 0.5216837380796783)	(81.0, 0.4811158534034415)	(82.0, 0.44352433749397774)	(83.0, 0.4026019688106598)	(84.0, 0.3519993767998236)	(85.0, 0.29602548748656865)	(86.0, 0.23808572497550684)	(87.0, 0.18791218830250978)	(88.0, 0.14347956335394912)	(89.0, 0.1085477582415181)	(90.0, 0.0813962286381642)	(91.0, 0.059611673361533044)	(92.0, 0.04449638884007829)	(93.0, 0.03343281328980428)	(94.0, 0.024679868249102007)	(95.0, 0.01769934324380555)	(96.0, 0.013307199936556007)	(97.0, 0.010391352829528631)	(98.0, 0.007945629329453405)	(99.0, 0.0069081151623865845)	(100.0, 0.018705515837075564)
SRR29999108_1	(0.0, 0.12488407158034362)	(1.0, 0.06306662175798923)	(2.0, 0.002014526331805073)	(3.0, 0.002390697426058751)	(4.0, 0.0017968675854444544)	(5.0, 0.001554367351727461)	(6.0, 0.0014893063134131456)	(7.0, 0.001389940363987646)	(8.0, 0.0013485378850603543)	(9.0, 0.0015129648728001695)	(10.0, 0.0017554651065171628)	(11.0, 0.002045282459008204)	(12.0, 0.002497160943300358)	(13.0, 0.0032696129072866836)	(14.0, 0.004536528762461806)	(15.0, 0.006430396441393057)	(16.0, 0.009488265242165879)	(17.0, 0.014418709018421632)	(18.0, 0.02198589923836118)	(19.0, 0.0328085072299552)	(20.0, 0.04825399772577366)	(21.0, 0.07032388484995877)	(22.0, 0.10185956158489211)	(23.0, 0.14158346572367433)	(24.0, 0.19089854983795604)	(25.0, 0.25255393852850927)	(26.0, 0.3225667133225287)	(27.0, 0.39940853128361253)	(28.0, 0.48510456509529)	(29.0, 0.578367789126907)	(30.0, 0.673682210257379)	(31.0, 0.7712027920506909)	(32.0, 0.8734337930179593)	(33.0, 0.9761143066135812)	(34.0, 1.0815995424245346)	(35.0, 1.1951712738339728)	(36.0, 1.307738699397432)	(37.0, 1.4179710251493918)	(38.0, 1.5218439301381195)	(39.0, 1.6148208856011537)	(40.0, 1.713859163979143)	(41.0, 1.812821734967094)	(42.0, 1.9009699784592364)	(43.0, 1.9702942891750934)	(44.0, 2.054903212182937)	(45.0, 2.184283592974785)	(46.0, 2.3002046193313546)	(47.0, 2.3921169396219724)	(48.0, 2.521713796232211)	(49.0, 2.6439492920891774)	(50.0, 2.704808570256357)	(51.0, 2.811287465561566)	(52.0, 2.939565357485978)	(53.0, 2.927539711749554)	(54.0, 2.858388108517222)	(55.0, 2.8625792223126334)	(56.0, 2.8977985367441264)	(57.0, 3.063776343051761)	(58.0, 3.4234621531245604)	(59.0, 4.055155152181849)	(60.0, 4.412987314126676)	(61.0, 4.476069313948266)	(62.0, 4.061105279867686)	(63.0, 3.487850105424315)	(64.0, 2.995291911194143)	(65.0, 2.2443242849871736)	(66.0, 1.7931389964850597)	(67.0, 1.5499550304017813)	(68.0, 1.397165688024443)	(69.0, 1.1797695516730204)	(70.0, 0.9388461609391721)	(71.0, 0.7689942655319123)	(72.0, 0.6635811883270891)	(73.0, 0.556881085491612)	(74.0, 0.44560305141474577)	(75.0, 0.3877046419548519)	(76.0, 0.33985047388271894)	(77.0, 0.3000887160489174)	(78.0, 0.27148196896609766)	(79.0, 0.24375058858059775)	(80.0, 0.21270109524106776)	(81.0, 0.18080699133142103)	(82.0, 0.1553764058463092)	(83.0, 0.13280495726311917)	(84.0, 0.10705971293815991)	(85.0, 0.08465742305458712)	(86.0, 0.06697028405684816)	(87.0, 0.050941610072139556)	(88.0, 0.03841676873264918)	(89.0, 0.02899593038473632)	(90.0, 0.020787593205408426)	(91.0, 0.014597331141793662)	(92.0, 0.010093924362473687)	(93.0, 0.006765165056719444)	(94.0, 0.004254991905756223)	(95.0, 0.002530282926442191)	(96.0, 0.0014668306819954732)	(97.0, 0.0007783666038330818)	(98.0, 0.0004885492513420406)	(99.0, 0.0002921832084297434)	(100.0, 0.00011356108505771405)
SRR29999108_2	(0.0, 0.010264945681605296)	(1.0, 0.005706561707912723)	(2.0, 0.001236954363154697)	(3.0, 0.0014961821196435763)	(4.0, 0.001918758873372023)	(5.0, 0.0023863157857606405)	(6.0, 0.0027804840182300322)	(7.0, 0.0031415089758971924)	(8.0, 0.0034433495142746546)	(9.0, 0.0037250673500936193)	(10.0, 0.004058867474887518)	(11.0, 0.004520505945347166)	(12.0, 0.005244923237453075)	(13.0, 0.0060817909262094105)	(14.0, 0.007190906943698359)	(15.0, 0.008974725341089871)	(16.0, 0.011575288724679219)	(17.0, 0.015365458935991507)	(18.0, 0.02096548868918277)	(19.0, 0.029717680613743372)	(20.0, 0.04244351444941433)	(21.0, 0.05954662793575138)	(22.0, 0.0829765558441572)	(23.0, 0.11451711657202328)	(24.0, 0.1543707208333204)	(25.0, 0.20159633636134236)	(26.0, 0.2575516537345948)	(27.0, 0.32324162439261694)	(28.0, 0.39756541813662016)	(29.0, 0.47645351429624505)	(30.0, 0.5588299401288047)	(31.0, 0.6555597713275021)	(32.0, 0.7681107814907215)	(33.0, 0.8926928004071509)	(34.0, 1.0125270452081607)	(35.0, 1.1366178334444856)	(36.0, 1.31655503972257)	(37.0, 1.4397414900321484)	(38.0, 1.4774656388874021)	(39.0, 1.5499440624379526)	(40.0, 1.6442520671993155)	(41.0, 1.7488546098519284)	(42.0, 1.8388539888890012)	(43.0, 1.9077576735144537)	(44.0, 2.000657089096722)	(45.0, 2.119925530849322)	(46.0, 2.2475283225262976)	(47.0, 2.3756472023394797)	(48.0, 2.506761997457106)	(49.0, 2.6271265346549515)	(50.0, 2.718442175177027)	(51.0, 2.768179577459704)	(52.0, 2.7932773223036933)	(53.0, 2.8302758701784554)	(54.0, 2.8923200806082323)	(55.0, 2.917771748279574)	(56.0, 2.9240559499197545)	(57.0, 2.95697550761707)	(58.0, 3.0729805204900367)	(59.0, 3.3920614802065874)	(60.0, 3.667683320838713)	(61.0, 4.1782258769574385)	(62.0, 4.569228926683217)	(63.0, 3.9818282999865033)	(64.0, 3.4999250843620633)	(65.0, 3.0896870983671323)	(66.0, 2.293751353991552)	(67.0, 1.7572185519859487)	(68.0, 1.4677605778122773)	(69.0, 1.2161119780576368)	(70.0, 0.9700444690420152)	(71.0, 0.8135407417374941)	(72.0, 0.6918942700178338)	(73.0, 0.5914334530271138)	(74.0, 0.5112835450482326)	(75.0, 0.4472235132974488)	(76.0, 0.39109774479664194)	(77.0, 0.3530137546721068)	(78.0, 0.3279692758054781)	(79.0, 0.29763015878919286)	(80.0, 0.2617253389829044)	(81.0, 0.22701486075788208)	(82.0, 0.19825241667147442)	(83.0, 0.1732931633686228)	(84.0, 0.14684483007644236)	(85.0, 0.11907313316894426)	(86.0, 0.09271476019408419)	(87.0, 0.07135155220727463)	(88.0, 0.05446623738392367)	(89.0, 0.041110681327010325)	(90.0, 0.03123161805917386)	(91.0, 0.024142508316653783)	(92.0, 0.018452518246142177)	(93.0, 0.014321445779721227)	(94.0, 0.01127108080953017)	(95.0, 0.008685905374956141)	(96.0, 0.006832249362802787)	(97.0, 0.005409455923078436)	(98.0, 0.004551281843377809)	(99.0, 0.00465899748648506)	(100.0, 0.016235469899550072)
SRR29999109_1	(0.0, 0.24342055988983827)	(1.0, 0.12233432645292848)	(2.0, 0.002083131992746726)	(3.0, 0.002499535118842401)	(4.0, 0.0018431141050508281)	(5.0, 0.0015472781039372792)	(6.0, 0.0013764746768792678)	(7.0, 0.0012224166838465517)	(8.0, 0.0011610167590871358)	(9.0, 0.0011654822081605478)	(10.0, 0.0013474492579020894)	(11.0, 0.0015227181340335127)	(12.0, 0.0016979870101649361)	(13.0, 0.0022193281894857943)	(14.0, 0.003003014501869611)	(15.0, 0.004213151200764279)	(16.0, 0.006039519871789812)	(17.0, 0.008847170976697646)	(18.0, 0.013176423853370638)	(19.0, 0.01959662325866883)	(20.0, 0.02913370611720864)	(21.0, 0.042581406001789064)	(22.0, 0.06189893869336964)	(23.0, 0.08653370486911563)	(24.0, 0.11642765369107268)	(25.0, 0.15298070344375544)	(26.0, 0.19474493226511008)	(27.0, 0.24335469451600544)	(28.0, 0.299595909233362)	(29.0, 0.35902992003820816)	(30.0, 0.4204912447223834)	(31.0, 0.4856845684696628)	(32.0, 0.5567957286014815)	(33.0, 0.6320831999792088)	(34.0, 0.7136959799694244)	(35.0, 0.8022525332687956)	(36.0, 0.9069003323042073)	(37.0, 1.0361304284887523)	(38.0, 1.1124427204288279)	(39.0, 1.1670908861892446)	(40.0, 1.253357780476224)	(41.0, 1.3566614793405385)	(42.0, 1.5781097970646525)	(43.0, 1.6581138990261715)	(44.0, 1.630843401534844)	(45.0, 1.7495841578459441)	(46.0, 1.8588358348760436)	(47.0, 1.9411362940235648)	(48.0, 2.053701334266136)	(49.0, 2.1634899815473134)	(50.0, 2.2275602448526293)	(51.0, 2.339146235385855)	(52.0, 2.5142677516978558)	(53.0, 2.615310816968756)	(54.0, 2.7475606730891955)	(55.0, 3.061715062664149)	(56.0, 3.1487031269764847)	(57.0, 3.2501960862415302)	(58.0, 3.708598993597182)	(59.0, 4.409666683586997)	(60.0, 4.998545547418677)	(61.0, 5.320330273097823)	(62.0, 4.8380539586334415)	(63.0, 3.9472761302087886)	(64.0, 3.322795357277064)	(65.0, 2.561314606773057)	(66.0, 2.2406428942754584)	(67.0, 2.355124728532792)	(68.0, 2.3338669582188136)	(69.0, 1.8944734675686767)	(70.0, 1.355038288602353)	(71.0, 1.0097452062762289)	(72.0, 0.8142500785667856)	(73.0, 0.6661880672773934)	(74.0, 0.5346549157332361)	(75.0, 0.48912519698072676)	(76.0, 0.4592468772305267)	(77.0, 0.4429290099540107)	(78.0, 0.4353254665442583)	(79.0, 0.4144472594015202)	(80.0, 0.3832170249443446)	(81.0, 0.3508023301204464)	(82.0, 0.3207632542036035)	(83.0, 0.28796006531031854)	(84.0, 0.2453585647876991)	(85.0, 0.20414693528917918)	(86.0, 0.16711719884790968)	(87.0, 0.13127080641109437)	(88.0, 0.10171288263191157)	(89.0, 0.07812414790161236)	(90.0, 0.05686302850082918)	(91.0, 0.04026495429495656)	(92.0, 0.02787556584077479)	(93.0, 0.01854389363961194)	(94.0, 0.011892607244764672)	(95.0, 0.00667919545155609)	(96.0, 0.0034004394694032844)	(97.0, 0.0016700779534561108)	(98.0, 0.0012224166838465517)	(99.0, 0.0007937335727989937)	(100.0, 0.000221039729133897)
SRR29999109_2	(0.0, 0.014626967234039714)	(1.0, 0.007743820036483809)	(2.0, 0.0009623887198921133)	(3.0, 0.0011266989891419862)	(4.0, 0.0013401905634734539)	(5.0, 0.001560388679406957)	(6.0, 0.0017939998785445315)	(7.0, 0.0021136783615748967)	(8.0, 0.0023294054497737093)	(9.0, 0.002504893288360309)	(10.0, 0.002796627848048859)	(11.0, 0.003251554920053609)	(12.0, 0.0036360633052369856)	(13.0, 0.003988156739343856)	(14.0, 0.004895775369486012)	(15.0, 0.006137603322796276)	(16.0, 0.007695756488335888)	(17.0, 0.010036339507446323)	(18.0, 0.013656754215611891)	(19.0, 0.019621105213688914)	(20.0, 0.027804203725106058)	(21.0, 0.03861626654452117)	(22.0, 0.05391724120956547)	(23.0, 0.07563302291695685)	(24.0, 0.10343387337126188)	(25.0, 0.13449074977335523)	(26.0, 0.1710134575811076)	(27.0, 0.21521180225238973)	(28.0, 0.2632060494704241)	(29.0, 0.3137230740877575)	(30.0, 0.3688139600776792)	(31.0, 0.4344743556324091)	(32.0, 0.518649277036492)	(33.0, 0.6222374008646007)	(34.0, 0.7138610544746777)	(35.0, 0.8061430669186881)	(36.0, 0.9562097595627711)	(37.0, 1.0502790653437237)	(38.0, 1.0683017781422608)	(39.0, 1.1228483165054841)	(40.0, 1.2058741837817515)	(41.0, 1.3178555444248077)	(42.0, 1.423391918588308)	(43.0, 1.4832042098660627)	(44.0, 1.5586259767225554)	(45.0, 1.6849090373319524)	(46.0, 1.79548761302325)	(47.0, 1.9099448052743908)	(48.0, 2.033517305319632)	(49.0, 2.1279700017288348)	(50.0, 2.2302056396671994)	(51.0, 2.3378735763032132)	(52.0, 2.502686836173239)	(53.0, 2.705967700915607)	(54.0, 2.8125402357566216)	(55.0, 2.8996906261181414)	(56.0, 3.053912021284685)	(57.0, 3.088022609629572)	(58.0, 3.3219255433268353)	(59.0, 3.6774706108448867)	(60.0, 4.1147035905896)	(61.0, 5.061532016208057)	(62.0, 5.134918347688331)	(63.0, 4.442926207620959)	(64.0, 4.409182243550316)	(65.0, 4.189098138824048)	(66.0, 3.121553082125883)	(67.0, 2.2030262620680165)	(68.0, 1.7820823541177144)	(69.0, 1.4403091697794428)	(70.0, 1.181806641485913)	(71.0, 0.9611994265146856)	(72.0, 0.8024745886623746)	(73.0, 0.6908497924811599)	(74.0, 0.5995435818402457)	(75.0, 0.5405293690131332)	(76.0, 0.5010569006574188)	(77.0, 0.48972843413464695)	(78.0, 0.49026272194894244)	(79.0, 0.469284659817775)	(80.0, 0.4347605014074292)	(81.0, 0.39886373748253356)	(82.0, 0.3669551302969816)	(83.0, 0.33158706540171307)	(84.0, 0.2872467655998545)	(85.0, 0.24329544521091398)	(86.0, 0.19859410991947915)	(87.0, 0.1571935108531795)	(88.0, 0.12223342723870143)	(89.0, 0.09447616930480962)	(90.0, 0.07389602864202961)	(91.0, 0.05898291563296971)	(92.0, 0.04773157433862127)	(93.0, 0.03956412442427554)	(94.0, 0.03324879774902532)	(95.0, 0.02812611772200377)	(96.0, 0.025041108585067376)	(97.0, 0.022310428396105204)	(98.0, 0.019501505221785946)	(99.0, 0.017201161452287724)	(100.0, 0.03136090628805229)
SRR29999110_1	(0.0, 0.14242591105267152)	(1.0, 0.0715656833864338)	(2.0, 0.0012608621284774838)	(3.0, 0.001650542431061999)	(4.0, 0.0013997137305478283)	(5.0, 0.0012384667087887184)	(6.0, 0.0011332082362515217)	(7.0, 0.0010604231222630348)	(8.0, 0.001044746328480899)	(9.0, 0.001120890755422701)	(10.0, 0.0012485446476486629)	(11.0, 0.0014041928144855815)	(12.0, 0.0016953332704395295)	(13.0, 0.002181313877685736)	(14.0, 0.0027725529574691384)	(15.0, 0.003780346843463575)	(16.0, 0.005486877823747487)	(17.0, 0.008190004980181452)	(18.0, 0.012127119761466385)	(19.0, 0.01758936262355623)	(20.0, 0.02596189027420112)	(21.0, 0.03806885415794761)	(22.0, 0.05521254792969742)	(23.0, 0.07706935777494787)	(24.0, 0.10317681827712596)	(25.0, 0.13477787522895818)	(26.0, 0.1731893793081439)	(27.0, 0.21753902891780574)	(28.0, 0.26689069551495326)	(29.0, 0.32100138879596346)	(30.0, 0.377399774198181)	(31.0, 0.4346480657775872)	(32.0, 0.49499252412896516)	(33.0, 0.5610870064854336)	(34.0, 0.630592311260501)	(35.0, 0.704511753256224)	(36.0, 0.8353939452303215)	(37.0, 1.0412884756809537)	(38.0, 1.0718347083654451)	(39.0, 1.0499006343222685)	(40.0, 1.1103772256498101)	(41.0, 1.1897689884464828)	(42.0, 1.6288636648032744)	(43.0, 1.6941351154861808)	(44.0, 1.419588545750623)	(45.0, 1.4853023059723824)	(46.0, 1.5753307733502344)	(47.0, 1.6543283767603851)	(48.0, 1.744663661387973)	(49.0, 1.82976849574725)	(50.0, 1.8744081660418812)	(51.0, 1.9698294504807878)	(52.0, 2.1709022470724286)	(53.0, 2.433589322311801)	(54.0, 2.871577664935967)	(55.0, 3.5407875181367907)	(56.0, 3.6749864717667937)	(57.0, 3.6953293512410843)	(58.0, 4.241335282108103)	(59.0, 4.728591308505584)	(60.0, 4.9823280542663415)	(61.0, 5.285177955404561)	(62.0, 4.912417392394907)	(63.0, 4.066611816551279)	(64.0, 3.6180125240785754)	(65.0, 2.9383507285090054)	(66.0, 2.7737847055520204)	(67.0, 3.317529818801459)	(68.0, 3.380138454083371)	(69.0, 2.636277948433986)	(70.0, 1.720252653927219)	(71.0, 1.0741380772804348)	(72.0, 0.7140107705172138)	(73.0, 0.4939287416937488)	(74.0, 0.32956763682691614)	(75.0, 0.29155477121819046)	(76.0, 0.2641640531678461)	(77.0, 0.24329376155988575)	(78.0, 0.22528896390110295)	(79.0, 0.20443994794184694)	(80.0, 0.1808620500935149)	(81.0, 0.1590948219270195)	(82.0, 0.14423658073450818)	(83.0, 0.12706377291716298)	(84.0, 0.10341420972582688)	(85.0, 0.08502085153544398)	(86.0, 0.07172916995016179)	(87.0, 0.05849459668508597)	(88.0, 0.046245421886315814)	(89.0, 0.03655604355797152)	(90.0, 0.02786886026069948)	(91.0, 0.02095875351573096)	(92.0, 0.01508219538939896)	(93.0, 0.009908853441294186)	(94.0, 0.006205770795756852)	(95.0, 0.0034197805864744544)	(96.0, 0.0019808748714712867)	(97.0, 0.0010973755647494974)	(98.0, 0.0006237124383321123)	(99.0, 0.000353847631082491)	(100.0, 0.00013661206010146806)
SRR29999110_2	(0.0, 0.00915618288396069)	(1.0, 0.004806715837124529)	(2.0, 0.0005099220577970764)	(3.0, 0.0006208721319111655)	(4.0, 0.0007900990126306349)	(5.0, 0.0010568274736321825)	(6.0, 0.0013863155725164472)	(7.0, 0.00163847483186665)	(8.0, 0.0018245123298761326)	(9.0, 0.0020408089390076397)	(10.0, 0.0022156393588237803)	(11.0, 0.002580990107926741)	(12.0, 0.0029597893508617116)	(13.0, 0.003339709301616017)	(14.0, 0.003987478421191204)	(15.0, 0.0049030967095872735)	(16.0, 0.006204238487834319)	(17.0, 0.008150907970017883)	(18.0, 0.010923539115050777)	(19.0, 0.015557665947997835)	(20.0, 0.022407432139768674)	(21.0, 0.03069170434028733)	(22.0, 0.04283905639405109)	(23.0, 0.059740451017430675)	(24.0, 0.08094088083577637)	(25.0, 0.10673957483685044)	(26.0, 0.13756912623891587)	(27.0, 0.17506240633474268)	(28.0, 0.2171987789260712)	(29.0, 0.26375186103339593)	(30.0, 0.314410095882942)	(31.0, 0.3713005869158057)	(32.0, 0.4435514993204644)	(33.0, 0.5336082175587055)	(34.0, 0.6139786581144407)	(35.0, 0.6839466886911156)	(36.0, 0.7847969439373647)	(37.0, 0.8684589033584844)	(38.0, 0.9095978459906056)	(39.0, 0.9611279915235936)	(40.0, 1.0290574545768996)	(41.0, 1.1499190686451806)	(42.0, 1.3042663116473494)	(43.0, 1.3504798192854157)	(44.0, 1.388721732204558)	(45.0, 1.508295652988424)	(46.0, 1.5843939553368571)	(47.0, 1.6951882510640588)	(48.0, 1.7914290350493862)	(49.0, 1.8179393785157376)	(50.0, 1.9134640302045103)	(51.0, 2.061594706932832)	(52.0, 2.332773498684956)	(53.0, 2.7281760279633636)	(54.0, 2.9907545079099167)	(55.0, 3.2150675400731217)	(56.0, 3.5072024473389765)	(57.0, 3.5431614784301346)	(58.0, 3.8910650482016993)	(59.0, 3.972653698157051)	(60.0, 3.945781366065055)	(61.0, 4.876845249627189)	(62.0, 5.075514245468387)	(63.0, 4.897205148581033)	(64.0, 5.536492751379499)	(65.0, 5.720959017026275)	(66.0, 4.421057862335233)	(67.0, 2.9539874464810185)	(68.0, 2.0911466514208565)	(69.0, 1.4867982355979548)	(70.0, 1.185181019472713)	(71.0, 0.8608963669936172)	(72.0, 0.6191025342644368)	(73.0, 0.47616409686309064)	(74.0, 0.3814553204667932)	(75.0, 0.33464335485320224)	(76.0, 0.2991191583959457)	(77.0, 0.28069023901481355)	(78.0, 0.2708862870112777)	(79.0, 0.24823117844343612)	(80.0, 0.2209755642772276)	(81.0, 0.19745302785722135)	(82.0, 0.18131819738226637)	(83.0, 0.16110062832147679)	(84.0, 0.1353142621064154)	(85.0, 0.11685396290634188)	(86.0, 0.09882849834017009)	(87.0, 0.07806850669482272)	(88.0, 0.05949501600499647)	(89.0, 0.04609807473267504)	(90.0, 0.03670766391447349)	(91.0, 0.031333869920765846)	(92.0, 0.026947419515891656)	(93.0, 0.023864352304903177)	(94.0, 0.02174733523418081)	(95.0, 0.019535057998815032)	(96.0, 0.018614956879141623)	(97.0, 0.01797839483775978)	(98.0, 0.017345194919835938)	(99.0, 0.017022431067867678)	(100.0, 0.029263922578455514)
SRR29999111_1	(0.0, 0.20153359275936825)	(1.0, 0.10163312752441107)	(2.0, 0.002786887670810205)	(3.0, 0.0031942020226978507)	(4.0, 0.0022093335743255567)	(5.0, 0.001711224691986176)	(6.0, 0.0014010100462760807)	(7.0, 0.0011538471578241348)	(8.0, 0.0010756629788240294)	(9.0, 0.0011122329980337562)	(10.0, 0.0013076934455340194)	(11.0, 0.0015195473499214015)	(12.0, 0.001712485727131339)	(13.0, 0.002116016973583495)	(14.0, 0.0027566228273262936)	(15.0, 0.003745274381134077)	(16.0, 0.0053430059100555835)	(17.0, 0.007728884404703959)	(18.0, 0.011403540817708908)	(19.0, 0.016646924951296615)	(20.0, 0.023852479770757936)	(21.0, 0.03406182030599749)	(22.0, 0.04869235006017849)	(23.0, 0.06699627519221928)	(24.0, 0.08888154013652294)	(25.0, 0.11618168999415648)	(26.0, 0.14706822380463358)	(27.0, 0.18259158384387497)	(28.0, 0.22409729461176958)	(29.0, 0.2675626539952475)	(30.0, 0.31446685621958487)	(31.0, 0.3643420572459262)	(32.0, 0.4185363036444508)	(33.0, 0.4761050800914316)	(34.0, 0.537562888926095)	(35.0, 0.6064683713280911)	(36.0, 0.7030283544635115)	(37.0, 0.8263891175390808)	(38.0, 0.88061867292167)	(39.0, 0.9182542668290595)	(40.0, 0.9936641685098061)	(41.0, 1.0842682826546217)	(42.0, 1.3862609792182543)	(43.0, 1.4586784444995293)	(44.0, 1.3263227177335124)	(45.0, 1.4250390709671612)	(46.0, 1.536765523793457)	(47.0, 1.6342321911982496)	(48.0, 1.752238599047457)	(49.0, 1.8672639198134988)	(50.0, 1.9542412968808258)	(51.0, 2.077653762397347)	(52.0, 2.2620952847991758)	(53.0, 2.4181143360641766)	(54.0, 2.709848511721908)	(55.0, 3.3694796026997804)	(56.0, 3.52305350681831)	(57.0, 3.469594443909415)	(58.0, 3.94042209191834)	(59.0, 4.635460527702098)	(60.0, 5.323746120283509)	(61.0, 5.858013924375294)	(62.0, 5.346637691273654)	(63.0, 4.242574939945408)	(64.0, 3.579502484056386)	(65.0, 2.8226039692266567)	(66.0, 2.67690522958967)	(67.0, 3.2344277827934054)	(68.0, 3.4349311098391753)	(69.0, 2.6254373411749876)	(70.0, 1.6320884314514723)	(71.0, 1.1128761259577893)	(72.0, 0.8012970402206276)	(73.0, 0.6009223387596643)	(74.0, 0.44852119732613643)	(75.0, 0.40526769184704586)	(76.0, 0.3787140747953488)	(77.0, 0.3639233935777321)	(78.0, 0.35890069059454793)	(79.0, 0.3444113967766252)	(80.0, 0.3220645929691919)	(81.0, 0.2861843599838693)	(82.0, 0.24688798279030028)	(83.0, 0.21533814449346747)	(84.0, 0.18100520163125994)	(85.0, 0.1539433874160622)	(86.0, 0.13191436446520993)	(87.0, 0.10705431761346679)	(88.0, 0.08352844594530606)	(89.0, 0.06686764960741265)	(90.0, 0.053554901579926976)	(91.0, 0.04102273430729719)	(92.0, 0.028900403456845376)	(93.0, 0.019322841529332477)	(94.0, 0.01262296180308152)	(95.0, 0.007359401107171203)	(96.0, 0.0037490574865695655)	(97.0, 0.0017692323086636735)	(98.0, 0.001356873816195376)	(99.0, 0.0009596477454690345)	(100.0, 0.00034426259462949594)
SRR29999111_2	(0.0, 0.01539524410684663)	(1.0, 0.008380648710943737)	(2.0, 0.0014897808796194049)	(3.0, 0.0015074562459877709)	(4.0, 0.0015667949759387131)	(5.0, 0.0018218252621108484)	(6.0, 0.0021008435454971945)	(7.0, 0.00234324856997764)	(8.0, 0.0024164750877894415)	(9.0, 0.002559140544905537)	(10.0, 0.002877297139536122)	(11.0, 0.0033090810893919155)	(12.0, 0.0036916265186501184)	(13.0, 0.004214312352686079)	(14.0, 0.004832950175578883)	(15.0, 0.005640966923847034)	(16.0, 0.007092872018391371)	(17.0, 0.009080088208663356)	(18.0, 0.011914459458447733)	(19.0, 0.016571918496512125)	(20.0, 0.023018377116288975)	(21.0, 0.030911690725933486)	(22.0, 0.041989095334222175)	(23.0, 0.05784137391430798)	(24.0, 0.07769207287215198)	(25.0, 0.10036451781808864)	(26.0, 0.12613898956167352)	(27.0, 0.1573524240420384)	(28.0, 0.19227516040742174)	(29.0, 0.2298555143589058)	(30.0, 0.27258192497592265)	(31.0, 0.32086976336812895)	(32.0, 0.38520935947514967)	(33.0, 0.46684556409978556)	(34.0, 0.5388449064751546)	(35.0, 0.6032375286812804)	(36.0, 0.7060904855788012)	(37.0, 0.7834404138591082)	(38.0, 0.8129494380110951)	(39.0, 0.8645918084347833)	(40.0, 0.9347175619751056)	(41.0, 1.0458097646526232)	(42.0, 1.168274803062015)	(43.0, 1.222911885558972)	(44.0, 1.287753967081322)	(45.0, 1.4155670663433135)	(46.0, 1.5205095040508088)	(47.0, 1.64450977428191)	(48.0, 1.7687890627963978)	(49.0, 1.8532040875193747)	(50.0, 1.9726971393265427)	(51.0, 2.11946201891393)	(52.0, 2.35347376942174)	(53.0, 2.6485273976827015)	(54.0, 2.8099969195624)	(55.0, 2.9768448029227583)	(56.0, 3.2480101735368736)	(57.0, 3.320972823379318)	(58.0, 3.684979318369444)	(59.0, 4.008930908116514)	(60.0, 4.323567579787456)	(61.0, 5.35912184436792)	(62.0, 5.480926581590836)	(63.0, 5.0121430398213755)	(64.0, 5.504990330375197)	(65.0, 5.555356286841855)	(66.0, 4.057251572189119)	(67.0, 2.6460982973332206)	(68.0, 2.0084304174925327)	(69.0, 1.554101537833888)	(70.0, 1.2784466241622081)	(71.0, 0.9811823125790318)	(72.0, 0.7516500049194332)	(73.0, 0.6099781558984736)	(74.0, 0.5033994842757352)	(75.0, 0.44949087937838866)	(76.0, 0.4154721117501303)	(77.0, 0.4059034259139986)	(78.0, 0.4084512037233816)	(79.0, 0.395902956128011)	(80.0, 0.37473165479721626)	(81.0, 0.33479795206640117)	(82.0, 0.29620505212724363)	(83.0, 0.26335664625780486)	(84.0, 0.22363631044957938)	(85.0, 0.19368161455987598)	(86.0, 0.16286461329663018)	(87.0, 0.12925111656867508)	(88.0, 0.09893281314225101)	(89.0, 0.0752036337927199)	(90.0, 0.05780476065540208)	(91.0, 0.04596226518859698)	(92.0, 0.034629830294136146)	(93.0, 0.025155833920692074)	(94.0, 0.01888360391226054)	(95.0, 0.013764060296280299)	(96.0, 0.010242874810467994)	(97.0, 0.007383253037300237)	(98.0, 0.005566477879866065)	(99.0, 0.004802649547518827)	(100.0, 0.014428149061263185)
SRR29999112_1	(0.0, 0.2500016180952893)	(1.0, 0.12542138280300905)	(2.0, 0.0014071533123406323)	(3.0, 0.001726841774362154)	(4.0, 0.0014110839081851593)	(5.0, 0.001235517293796291)	(6.0, 0.0011555951782909104)	(7.0, 0.0011464237879870141)	(8.0, 0.0010913954461636375)	(9.0, 0.0011765583561283873)	(10.0, 0.0014228756957187399)	(11.0, 0.0017307723702066808)	(12.0, 0.002143484933882006)	(13.0, 0.0027867924537695763)	(14.0, 0.0039830037891205984)	(15.0, 0.005767494302535814)	(16.0, 0.008120611014792587)	(17.0, 0.011779995746047137)	(18.0, 0.01766016712945939)	(19.0, 0.025922279594654943)	(20.0, 0.0374611987955711)	(21.0, 0.05458811508878967)	(22.0, 0.0781035598279793)	(23.0, 0.10680608088332962)	(24.0, 0.1427343472995352)	(25.0, 0.18723000245819466)	(26.0, 0.23803819454316427)	(27.0, 0.2950279036929599)	(28.0, 0.3595617364670175)	(29.0, 0.43101472812605723)	(30.0, 0.5068319913711368)	(31.0, 0.5849172084185082)	(32.0, 0.6657354997764409)	(33.0, 0.7497166105906027)	(34.0, 0.840183204548234)	(35.0, 0.9389459761350466)	(36.0, 1.0481431694904635)	(37.0, 1.1655369653803338)	(38.0, 1.2553654926125368)	(39.0, 1.3319793566154405)	(40.0, 1.433328460267952)	(41.0, 1.5362982796070233)	(42.0, 1.6762419038569443)	(43.0, 1.7611506352904145)	(44.0, 1.8049676075665857)	(45.0, 1.93624295778071)	(46.0, 2.0589745028274478)	(47.0, 2.1524401414144534)	(48.0, 2.281661100200505)	(49.0, 2.3974158376232078)	(50.0, 2.4667318953414394)	(51.0, 2.5865626606549164)	(52.0, 2.7391994890854297)	(53.0, 2.7869876733631878)	(54.0, 2.8055911834953338)	(55.0, 2.9268684080795966)	(56.0, 3.0225941392772047)	(57.0, 3.2635946928885273)	(58.0, 3.75089555350821)	(59.0, 4.492279300908416)	(60.0, 5.059638537689422)	(61.0, 5.253981608427596)	(62.0, 4.7486471740732235)	(63.0, 3.9164430790893796)	(64.0, 3.245652833056877)	(65.0, 2.4595939332877785)	(66.0, 2.0333064017640723)	(67.0, 1.8938016940501234)	(68.0, 1.7729122882558541)	(69.0, 1.4718836749069164)	(70.0, 1.1030850382052606)	(71.0, 0.8532760193063531)	(72.0, 0.7126026144279648)	(73.0, 0.5829126045377995)	(74.0, 0.4550306687361167)	(75.0, 0.39938391316653443)	(76.0, 0.35886602100253623)	(77.0, 0.32657879653697736)	(78.0, 0.3012710000926835)	(79.0, 0.27370573143501625)	(80.0, 0.24235267858183995)	(81.0, 0.21047816667995645)	(82.0, 0.18532366347359908)	(83.0, 0.16261006028669295)	(84.0, 0.13422722769336418)	(85.0, 0.10991125160050587)	(86.0, 0.0913811125907912)	(87.0, 0.0730081974148576)	(88.0, 0.0572465080783047)	(89.0, 0.04502628559767055)	(90.0, 0.03327249382392026)	(91.0, 0.024056556767119507)	(92.0, 0.016959210870518757)	(93.0, 0.010971603200689437)	(94.0, 0.006848408159780713)	(95.0, 0.003917493858378483)	(96.0, 0.0022338886383061252)	(97.0, 0.0011424931921424873)	(98.0, 0.0007952905592092772)	(99.0, 0.0004978754736400748)	(100.0, 0.00012708926563970328)
SRR29999112_2	(0.0, 0.01584444003300619)	(1.0, 0.008221369762074923)	(2.0, 0.0006940798921381479)	(3.0, 0.0008685839103883816)	(4.0, 0.0010785135564037006)	(5.0, 0.001376351241687934)	(6.0, 0.0016859974695605292)	(7.0, 0.0019024874170138271)	(8.0, 0.002162275353957784)	(9.0, 0.0024601130392420175)	(10.0, 0.002794688412578932)	(11.0, 0.003252597452949846)	(12.0, 0.00384302458236793)	(13.0, 0.004440012013223993)	(14.0, 0.005323028586775928)	(15.0, 0.006666578321273969)	(16.0, 0.008630732571804795)	(17.0, 0.011706201885929217)	(18.0, 0.016222313395833764)	(19.0, 0.023199850005267923)	(20.0, 0.03237115141556216)	(21.0, 0.04449721259352202)	(22.0, 0.061657649094986736)	(23.0, 0.0844428880493744)	(24.0, 0.11427913898930159)	(25.0, 0.14979267479365557)	(26.0, 0.1906462959685242)	(27.0, 0.239642563288212)	(28.0, 0.29636424158126357)	(29.0, 0.3583971399185027)	(30.0, 0.42408412615669594)	(31.0, 0.5000025585175608)	(32.0, 0.5924686952255832)	(33.0, 0.7004722498593143)	(34.0, 0.8029782718880193)	(35.0, 0.9086463592098301)	(36.0, 1.065234194232944)	(37.0, 1.1784846779567706)	(38.0, 1.219384221241705)	(39.0, 1.2853756054666206)	(40.0, 1.3739842849291113)	(41.0, 1.4835019571347279)	(42.0, 1.5841894636048255)	(43.0, 1.6596224336592797)	(44.0, 1.74602685183861)	(45.0, 1.8684368284301422)	(46.0, 2.000224099897121)	(47.0, 2.1295853718923357)	(48.0, 2.264145026747005)	(49.0, 2.385618192293194)	(50.0, 2.4881255263821864)	(51.0, 2.5698262084304857)	(52.0, 2.6557858381723207)	(53.0, 2.7581501576899656)	(54.0, 2.846127736154123)	(55.0, 2.926722351379979)	(56.0, 3.035077538170786)	(57.0, 3.1297203828959295)	(58.0, 3.36605130601825)	(59.0, 3.7880820578248584)	(60.0, 4.318625443656785)	(61.0, 5.056684284574855)	(62.0, 5.002874068059978)	(63.0, 4.2362529867412375)	(64.0, 3.9870743692827797)	(65.0, 3.5937698654127916)	(66.0, 2.68373272229811)	(67.0, 1.9933698969547213)	(68.0, 1.6497373714525334)	(69.0, 1.340835081763005)	(70.0, 1.0625707118491245)	(71.0, 0.8777197861709107)	(72.0, 0.7366444399280414)	(73.0, 0.6203368557341168)	(74.0, 0.5231499261113248)	(75.0, 0.4542287112642081)	(76.0, 0.40268048668514655)	(77.0, 0.37141671415231525)	(78.0, 0.35175942692355583)	(79.0, 0.3229059091390379)	(80.0, 0.2868754215813712)	(81.0, 0.2514970279866396)	(82.0, 0.22299383029890962)	(83.0, 0.19751230745351273)	(84.0, 0.1692282238338113)	(85.0, 0.14202265377051357)	(86.0, 0.11672744348595525)	(87.0, 0.09424922663886498)	(88.0, 0.07479006051353253)	(89.0, 0.05886164862212021)	(90.0, 0.04723548241373433)	(91.0, 0.039863015657733855)	(92.0, 0.03411487953777691)	(93.0, 0.0304188057076197)	(94.0, 0.02842447407047417)	(95.0, 0.02754932985864781)	(96.0, 0.027723833876898044)	(97.0, 0.0284454670350757)	(98.0, 0.02906869567168368)	(99.0, 0.029611888630748318)	(100.0, 0.04581845730313093)
SRR29999113_1	(0.0, 0.05364267308467141)	(1.0, 0.027067438585708346)	(2.0, 0.0007521888094876754)	(3.0, 0.001106828164296462)	(4.0, 0.0011497382641665645)	(5.0, 0.0011181867201444304)	(6.0, 0.001200220734601979)	(7.0, 0.0012178895992543738)	(8.0, 0.0012431308344720811)	(9.0, 0.0013201166018860881)	(10.0, 0.0015056396807362363)	(11.0, 0.001797175947500755)	(12.0, 0.002237635502049746)	(13.0, 0.0030983616229735625)	(14.0, 0.004246837825379241)	(15.0, 0.0058685871881169315)	(16.0, 0.00878016367047946)	(17.0, 0.01354192269429993)	(18.0, 0.02091236337787044)	(19.0, 0.03260031734542977)	(20.0, 0.05042315353265285)	(21.0, 0.07583855327336227)	(22.0, 0.11468229014989191)	(23.0, 0.16540581438163549)	(24.0, 0.22935574586745766)	(25.0, 0.31553563320951455)	(26.0, 0.41857918980052167)	(27.0, 0.5371940643973324)	(28.0, 0.6751740146531681)	(29.0, 0.8231772594139554)	(30.0, 0.9838061700306396)	(31.0, 1.1518862932835912)	(32.0, 1.3119889241459866)	(33.0, 1.4718820527560748)	(34.0, 1.630949792974544)	(35.0, 1.792641359593894)	(36.0, 1.946291068672882)	(37.0, 2.0827199450245897)	(38.0, 2.2079391888161135)	(39.0, 2.3133188217265195)	(40.0, 2.416021621642088)	(41.0, 2.507104618925184)	(42.0, 2.571264052663313)	(43.0, 2.6127656916082675)	(44.0, 2.6377999486971895)	(45.0, 2.7050022133408134)	(46.0, 2.7807864979584576)	(47.0, 2.8083335200133024)	(48.0, 2.8375060776161676)	(49.0, 2.8702692009287514)	(50.0, 2.884666801496931)	(51.0, 2.9343869866287715)	(52.0, 2.965936006527383)	(53.0, 2.8364661387251977)	(54.0, 2.695327247881866)	(55.0, 2.663508146766424)	(56.0, 2.626931072812445)	(57.0, 2.658032060785943)	(58.0, 2.8175970533382007)	(59.0, 3.0809338121174967)	(60.0, 3.1824957082012246)	(61.0, 3.200649204569799)	(62.0, 3.0684469730552966)	(63.0, 2.764244654458533)	(64.0, 2.2966659167916372)	(65.0, 1.7230411776045877)	(66.0, 1.3892043868004746)	(67.0, 1.1952166597200684)	(68.0, 1.0525822256900874)	(69.0, 0.8474214658405631)	(70.0, 0.6681594753861673)	(71.0, 0.5490637552584592)	(72.0, 0.4601136423512589)	(73.0, 0.38145690516583963)	(74.0, 0.3067542074772742)	(75.0, 0.26467833043111716)	(76.0, 0.22855938489633898)	(77.0, 0.19300836715395925)	(78.0, 0.16693795735935033)	(79.0, 0.1424779383716311)	(80.0, 0.11651732795021923)	(81.0, 0.0940437941741336)	(82.0, 0.07683305794093993)	(83.0, 0.061934418853688236)	(84.0, 0.0477551549701412)	(85.0, 0.0362022416109966)	(86.0, 0.0274081952611474)	(87.0, 0.019709618519746692)	(88.0, 0.01415402264832933)	(89.0, 0.0106909251764599)	(90.0, 0.007497908921419933)	(91.0, 0.004824862111864737)	(92.0, 0.0028875973089057074)	(93.0, 0.001731548735934716)	(94.0, 0.0011043040407746913)	(95.0, 0.0006676306715083563)	(96.0, 0.00043414924574456434)	(97.0, 0.0002713432785903527)	(98.0, 0.00017164039948040915)	(99.0, 0.00011106143495791182)	(100.0, 3.533772930479012e-05)
SRR29999113_2	(0.0, 0.008801196720380223)	(1.0, 0.004747748259516641)	(2.0, 0.0008836542891948016)	(3.0, 0.0013242190705219242)	(4.0, 0.0018960696319579886)	(5.0, 0.002450247107610157)	(6.0, 0.002879450619504775)	(7.0, 0.003219026339209634)	(8.0, 0.003525780613887259)	(9.0, 0.003741644733104845)	(10.0, 0.004061022640485253)	(11.0, 0.00460131412016436)	(12.0, 0.0052501688410874)	(13.0, 0.006098476958714409)	(14.0, 0.007133614840342606)	(15.0, 0.00873050437724464)	(16.0, 0.01140671451023461)	(17.0, 0.015371797542178711)	(18.0, 0.0220181401601939)	(19.0, 0.03235184589069196)	(20.0, 0.04764411454684314)	(21.0, 0.06984024792814628)	(22.0, 0.10183736973989005)	(23.0, 0.14753744485050463)	(24.0, 0.20783548881861733)	(25.0, 0.2849583104529991)	(26.0, 0.3855358416491514)	(27.0, 0.5105489386680805)	(28.0, 0.6519651840210058)	(29.0, 0.8034714989932653)	(30.0, 0.9631920117652256)	(31.0, 1.1315622376651329)	(32.0, 1.3038899724173625)	(33.0, 1.4859644139794108)	(34.0, 1.6616273124917158)	(35.0, 1.8240025752210713)	(36.0, 1.9886197951184414)	(37.0, 2.126645332727399)	(38.0, 2.2325399380179634)	(39.0, 2.333241180814603)	(40.0, 2.424504995802642)	(41.0, 2.5009171069158573)	(42.0, 2.5537558463198953)	(43.0, 2.5892206800350936)	(44.0, 2.6307448574476275)	(45.0, 2.6856538726149224)	(46.0, 2.740040269388322)	(47.0, 2.779384345433085)	(48.0, 2.8310036419180347)	(49.0, 2.8664028327431783)	(50.0, 2.8728345736052465)	(51.0, 2.850401115929131)	(52.0, 2.782118624276508)	(53.0, 2.7144092455485915)	(54.0, 2.6734783788730883)	(55.0, 2.629962192220055)	(56.0, 2.5914424393907836)	(57.0, 2.557891348393327)	(58.0, 2.5350817064626687)	(59.0, 2.647353770994679)	(60.0, 2.7714213579241695)	(61.0, 2.995136114319618)	(62.0, 3.15173480272418)	(63.0, 2.8192510398717436)	(64.0, 2.595921304273731)	(65.0, 2.353080481970297)	(66.0, 1.7522586834813454)	(67.0, 1.3130471555799612)	(68.0, 1.084585913288267)	(69.0, 0.8756395447918046)	(70.0, 0.6903978337846282)	(71.0, 0.5723138487562566)	(72.0, 0.4819437869635745)	(73.0, 0.4080841743828622)	(74.0, 0.34917473001205557)	(75.0, 0.2999564484671754)	(76.0, 0.2562900405849792)	(77.0, 0.22436487347964126)	(78.0, 0.20176857094165987)	(79.0, 0.17625747161260596)	(80.0, 0.14739858489077404)	(81.0, 0.121247467383689)	(82.0, 0.10111277322275031)	(83.0, 0.08586342491778859)	(84.0, 0.07042093503247429)	(85.0, 0.05493426243270026)	(86.0, 0.041479994698074264)	(87.0, 0.030547928777464293)	(88.0, 0.022620287440116644)	(89.0, 0.017280490806839483)	(90.0, 0.013064197484110002)	(91.0, 0.01034632936320085)	(92.0, 0.007939002606780153)	(93.0, 0.00621587674285029)	(94.0, 0.005059551987275378)	(95.0, 0.003946147582889928)	(96.0, 0.003234174698452974)	(97.0, 0.002729229390341659)	(98.0, 0.0022659420701495268)	(99.0, 0.0021169832042566886)	(100.0, 0.007994546590672398)
SRR29999114_1	(0.0, 0.07349198802251689)	(1.0, 0.03734297987505497)	(2.0, 0.0019012701966563362)	(3.0, 0.0022332895085866522)	(4.0, 0.001660096559651579)	(5.0, 0.0014135154419964912)	(6.0, 0.0013432181935421896)	(7.0, 0.0012437205495761017)	(8.0, 0.0012188461385845796)	(9.0, 0.001325914255461131)	(10.0, 0.0014848941865808587)	(11.0, 0.0017422902655366086)	(12.0, 0.002201926120814733)	(13.0, 0.002966543884771519)	(14.0, 0.0039950467044644515)	(15.0, 0.005472370418134847)	(16.0, 0.007957648525026917)	(17.0, 0.011841301128094554)	(18.0, 0.01797013969717957)	(19.0, 0.027044973724564846)	(20.0, 0.03958600284881222)	(21.0, 0.05744150395620477)	(22.0, 0.08347960478367801)	(23.0, 0.11565627764540687)	(24.0, 0.1550043513456045)	(25.0, 0.20484726349196433)	(26.0, 0.2633789155472758)	(27.0, 0.3311184256539707)	(28.0, 0.4083167009142244)	(29.0, 0.49198340452840383)	(30.0, 0.5784587535923652)	(31.0, 0.6705795124552718)	(32.0, 0.771628021871875)	(33.0, 0.8769333000564185)	(34.0, 0.984232857104804)	(35.0, 1.0993721796000393)	(36.0, 1.224277412149772)	(37.0, 1.347374383170034)	(38.0, 1.4560496032958639)	(39.0, 1.5597661636653402)	(40.0, 1.6698462472641258)	(41.0, 1.7845908236718868)	(42.0, 1.9084891833245279)	(43.0, 1.9987562578205011)	(44.0, 2.080383259733376)	(45.0, 2.210524015048759)	(46.0, 2.3307950366811583)	(47.0, 2.4308680365884414)	(48.0, 2.564463090543256)	(49.0, 2.6940003710180624)	(50.0, 2.771194320293796)	(51.0, 2.8439033051181446)	(52.0, 2.925036063299579)	(53.0, 2.926239768492343)	(54.0, 2.8880953999849086)	(55.0, 2.9166739352219073)	(56.0, 2.9470250426160844)	(57.0, 3.0820141450825544)	(58.0, 3.4612883489199815)	(59.0, 4.162141101048066)	(60.0, 4.608716809059511)	(61.0, 4.813734948940026)	(62.0, 4.385593342465559)	(63.0, 3.705565879818029)	(64.0, 3.1344796853443246)	(65.0, 2.266294607484012)	(66.0, 1.7839159700867253)	(67.0, 1.5673831409093963)	(68.0, 1.3942042470980294)	(69.0, 1.1430116299443394)	(70.0, 0.9078273185078888)	(71.0, 0.7397714718646456)	(72.0, 0.6190116139814565)	(73.0, 0.5106154198571838)	(74.0, 0.41174071766201387)	(75.0, 0.35818394780500684)	(76.0, 0.3160099247169462)	(77.0, 0.2821093470238919)	(78.0, 0.257482598646155)	(79.0, 0.22865207481085092)	(80.0, 0.19753743114884706)	(81.0, 0.16776384268812525)	(82.0, 0.1421907851965805)	(83.0, 0.12061277440950013)	(84.0, 0.09754446195518862)	(85.0, 0.07665428270683038)	(86.0, 0.06136841640447505)	(87.0, 0.04780753642957528)	(88.0, 0.03758631650431986)	(89.0, 0.03013480816816391)	(90.0, 0.021992223804895676)	(91.0, 0.015254502914583405)	(92.0, 0.01021040496395476)	(93.0, 0.006587392928233075)	(94.0, 0.004163760100754775)	(95.0, 0.0023749655016253213)	(96.0, 0.0013994559923056309)	(97.0, 0.0009776725015798226)	(98.0, 0.0010587847113347857)	(99.0, 0.0007148689419737419)	(100.0, 9.625315557588962e-05)
SRR29999114_2	(0.0, 0.007923725294224289)	(1.0, 0.00438812531313131)	(2.0, 0.000949894976560476)	(3.0, 0.0011467980354830348)	(4.0, 0.0014107779606319596)	(5.0, 0.001793765229085728)	(6.0, 0.0021799981523569012)	(7.0, 0.0024504693871406353)	(8.0, 0.002647372446063194)	(9.0, 0.0029081067163947145)	(10.0, 0.0031980518800828785)	(11.0, 0.003548582600362598)	(12.0, 0.003994319195286192)	(13.0, 0.004573127637723385)	(14.0, 0.0055273501540404005)	(15.0, 0.006992222361629106)	(16.0, 0.008982890649637395)	(17.0, 0.01204895256714581)	(18.0, 0.01662099831993006)	(19.0, 0.023205350059505296)	(20.0, 0.033028865306850536)	(21.0, 0.04643774724248896)	(22.0, 0.06428560308339805)	(23.0, 0.08964390417178186)	(24.0, 0.1235209672709142)	(25.0, 0.16358316656708097)	(26.0, 0.21306533802829564)	(27.0, 0.2728329896058662)	(28.0, 0.33987631739911917)	(29.0, 0.4150359460057625)	(30.0, 0.4968762141115641)	(31.0, 0.5903759562064228)	(32.0, 0.6987072589318825)	(33.0, 0.8221460029474223)	(34.0, 0.9465833267617839)	(35.0, 1.0704385964788907)	(36.0, 1.2269624638181162)	(37.0, 1.353725840251618)	(38.0, 1.4343717073846145)	(39.0, 1.5311019579077303)	(40.0, 1.6322560359469687)	(41.0, 1.7478013474465801)	(42.0, 1.8584165092785536)	(43.0, 1.9437372012335523)	(44.0, 2.0397566533516565)	(45.0, 2.1645207064176364)	(46.0, 2.293415396181234)	(47.0, 2.4198412245137253)	(48.0, 2.5623795652447536)	(49.0, 2.6874681837924745)	(50.0, 2.772303109409801)	(51.0, 2.8153350828638937)	(52.0, 2.8306329359032616)	(53.0, 2.867830303880599)	(54.0, 2.9082506070916194)	(55.0, 2.927057012988602)	(56.0, 2.9669006715270636)	(57.0, 3.0059718642189828)	(58.0, 3.1400130806380453)	(59.0, 3.523968636112339)	(60.0, 3.8395047061508003)	(61.0, 4.323488097442693)	(62.0, 4.643417702218982)	(63.0, 4.059649899220795)	(64.0, 3.714206201924888)	(65.0, 3.2899136483798865)	(66.0, 2.3161090146645287)	(67.0, 1.713156146040662)	(68.0, 1.403827931782957)	(69.0, 1.1445996452867127)	(70.0, 0.9233660759679482)	(71.0, 0.768079884999093)	(72.0, 0.644696317115449)	(73.0, 0.5458693735802898)	(74.0, 0.46887486811687357)	(75.0, 0.4066340275684406)	(76.0, 0.3562484821830482)	(77.0, 0.32743031305931086)	(78.0, 0.3054777857593238)	(79.0, 0.2736238474963738)	(80.0, 0.2400529578350167)	(81.0, 0.20625270856656294)	(82.0, 0.1761654884092203)	(83.0, 0.15154070530956995)	(84.0, 0.127937221592463)	(85.0, 0.10434347483980827)	(86.0, 0.08228275904590773)	(87.0, 0.06424232768583264)	(88.0, 0.048894707939264405)	(89.0, 0.037930885966070936)	(90.0, 0.029143816490416974)	(91.0, 0.022688209058598793)	(92.0, 0.017615250578995066)	(93.0, 0.013752921346283338)	(94.0, 0.010959494433436927)	(95.0, 0.008948270331585077)	(96.0, 0.007449859690883185)	(97.0, 0.00578592065449365)	(98.0, 0.004428155055879303)	(99.0, 0.0038244632598420075)	(100.0, 0.010639256491452986)
SRR29999115_1	(0.0, 0.15982639399204068)	(1.0, 0.08039516281439005)	(2.0, 0.0016695987214042094)	(3.0, 0.002048834773707063)	(4.0, 0.0015486272211759572)	(5.0, 0.0013153250421643285)	(6.0, 0.0012346773753454938)	(7.0, 0.0011713113514164092)	(8.0, 0.00109258386714088)	(9.0, 0.0010897035933259218)	(10.0, 0.0012269966451722712)	(11.0, 0.0014554983678256362)	(12.0, 0.0017060821897270158)	(13.0, 0.002087238424573175)	(14.0, 0.00269017574317113)	(15.0, 0.003837484812796219)	(16.0, 0.005447557875357956)	(17.0, 0.007814182859982094)	(18.0, 0.011703512601447563)	(19.0, 0.01748518223934069)	(20.0, 0.02617400824779848)	(21.0, 0.03915348214927261)	(22.0, 0.05732032919148678)	(23.0, 0.08017530191318156)	(24.0, 0.10867849158600972)	(25.0, 0.14390232016040744)	(26.0, 0.1857987830727921)	(27.0, 0.23542110044816678)	(28.0, 0.29186870667372117)	(29.0, 0.35194449781485143)	(30.0, 0.41635030059113587)	(31.0, 0.48011284221541295)	(32.0, 0.5442546198919928)	(33.0, 0.6143201607146704)	(34.0, 0.6892504840108128)	(35.0, 0.7708467210060405)	(36.0, 0.9780008142342056)	(37.0, 1.3347726509629274)	(38.0, 1.3076107087965982)	(39.0, 1.1980950176217073)	(40.0, 1.2264810761593938)	(41.0, 1.2435620599733685)	(42.0, 2.20917001607308)	(43.0, 2.286400718056102)	(44.0, 1.4648400558988182)	(45.0, 1.4435269897593976)	(46.0, 1.5084493216398314)	(47.0, 1.5772321805235807)	(48.0, 1.6181407095174345)	(49.0, 1.6554440957862324)	(50.0, 1.6207435169548854)	(51.0, 1.62470197326791)	(52.0, 1.7822471903985035)	(53.0, 2.1923693789104277)	(54.0, 3.0260089493563758)	(55.0, 4.1756923246962625)	(56.0, 4.25573129364887)	(57.0, 3.8123822664075853)	(58.0, 3.998319302623495)	(59.0, 4.1580900113217805)	(60.0, 4.4076196530068845)	(61.0, 5.018680303854294)	(62.0, 4.74068779632977)	(63.0, 3.913902317472152)	(64.0, 3.5662964721138994)	(65.0, 2.897405683609756)	(66.0, 2.9953493946874157)	(67.0, 3.889313419913852)	(68.0, 3.806227121265019)	(69.0, 2.7761749587381575)	(70.0, 1.686071967443228)	(71.0, 0.9082482631660869)	(72.0, 0.5436766449464578)	(73.0, 0.33923961001707004)	(74.0, 0.20382737697188824)	(75.0, 0.17743446791415293)	(76.0, 0.15674738128385018)	(77.0, 0.1386131773448722)	(78.0, 0.12513925643849688)	(79.0, 0.11024536054134709)	(80.0, 0.09464387737698916)	(81.0, 0.08303253353762027)	(82.0, 0.07378685459160386)	(83.0, 0.0644691688002135)	(84.0, 0.054082901423473564)	(85.0, 0.04393089631701691)	(86.0, 0.03559250362271239)	(87.0, 0.02805866741405292)	(88.0, 0.02191600345801834)	(89.0, 0.017709843596907447)	(90.0, 0.013516164922328041)	(91.0, 0.009885099732937172)	(92.0, 0.007041309386301594)	(93.0, 0.00454891244509094)	(94.0, 0.0028639522633402857)	(95.0, 0.0015985519673019028)	(96.0, 0.0009284082596882523)	(97.0, 0.0005146089216058979)	(98.0, 0.0003014686592989775)	(99.0, 0.00018433752415733653)	(100.0, 6.240593265743164e-05)
SRR29999115_2	(0.0, 0.008980193350500243)	(1.0, 0.00482543665805823)	(2.0, 0.0008100046003072655)	(3.0, 0.0010944190269869224)	(4.0, 0.0014326415884438114)	(5.0, 0.00186310666666167)	(6.0, 0.0022359201719039227)	(7.0, 0.0025520429637201627)	(8.0, 0.002864322317338029)	(9.0, 0.0030862808732941126)	(10.0, 0.0033927950696144185)	(11.0, 0.003867459687113575)	(12.0, 0.004314259377674523)	(13.0, 0.004605399821201333)	(14.0, 0.005148285466721624)	(15.0, 0.006247508791456514)	(16.0, 0.007863674553872671)	(17.0, 0.009731585518282309)	(18.0, 0.012446974605433356)	(19.0, 0.017857574729193988)	(20.0, 0.025432991418188625)	(21.0, 0.03465436051563682)	(22.0, 0.04812753312003597)	(23.0, 0.0671919474435193)	(24.0, 0.09229440317664779)	(25.0, 0.12215503539936295)	(26.0, 0.15754733604908755)	(27.0, 0.20089651462899538)	(28.0, 0.2471225067003859)	(29.0, 0.2969988042006819)	(30.0, 0.3542208729576197)	(31.0, 0.4179633346180986)	(32.0, 0.48758433500299014)	(33.0, 0.5651939216832015)	(34.0, 0.6445532336032224)	(35.0, 0.7218697581208078)	(36.0, 0.8079848735340203)	(37.0, 0.8874345062517031)	(38.0, 0.9497385611664404)	(39.0, 1.0091081510167197)	(40.0, 1.0739065973222015)	(41.0, 1.2157996095893129)	(42.0, 1.4197439707096187)	(43.0, 1.4366166644004794)	(44.0, 1.4304834978954244)	(45.0, 1.545925007621778)	(46.0, 1.5736707879758383)	(47.0, 1.685361102020579)	(48.0, 1.7271834747761827)	(49.0, 1.6338205957803873)	(50.0, 1.7062136759658557)	(51.0, 1.8752394401943866)	(52.0, 2.2185314966349305)	(53.0, 2.8407687671988455)	(54.0, 3.195039604853044)	(55.0, 3.415373347310765)	(56.0, 3.9596570434757146)	(57.0, 3.967375628237598)	(58.0, 4.212586985293843)	(59.0, 4.00249024047749)	(60.0, 3.265814597556997)	(61.0, 4.070115535577877)	(62.0, 4.919381817941079)	(63.0, 5.100233841506006)	(64.0, 5.498209375773462)	(65.0, 5.728471679957132)	(66.0, 4.709315820630314)	(67.0, 3.446231351745958)	(68.0, 2.4488716304421176)	(69.0, 1.5494811488148235)	(70.0, 1.1777149804816276)	(71.0, 0.7908152742423352)	(72.0, 0.4976964209029115)	(73.0, 0.342859669643227)	(74.0, 0.24834279832836956)	(75.0, 0.21949779464957467)	(76.0, 0.19522456070774533)	(77.0, 0.17966151858298046)	(78.0, 0.17165755853486714)	(79.0, 0.15592540512937383)	(80.0, 0.1376498564961067)	(81.0, 0.12149780746744106)	(82.0, 0.11032205004611981)	(83.0, 0.09660577997567353)	(84.0, 0.08029518912132498)	(85.0, 0.07249204871907669)	(86.0, 0.06227715084734888)	(87.0, 0.04758945177226365)	(88.0, 0.0348196283581669)	(89.0, 0.026537019040671482)	(90.0, 0.02163759619729456)	(91.0, 0.017798001437119192)	(92.0, 0.014463818800029976)	(93.0, 0.012394127330205717)	(94.0, 0.01001792166406115)	(95.0, 0.007671502643953983)	(96.0, 0.006352242482362198)	(97.0, 0.00510504678698992)	(98.0, 0.003998136585858282)	(99.0, 0.003540767440251807)	(100.0, 0.012331671459482144)
SRR29999116_1	(0.0, 0.16946429348310676)	(1.0, 0.08691710843311216)	(2.0, 0.005402638150098792)	(3.0, 0.005469403859747212)	(4.0, 0.003898255950440029)	(5.0, 0.0029613822827928397)	(6.0, 0.002407873012481742)	(7.0, 0.0020072787545912197)	(8.0, 0.0018489794107473837)	(9.0, 0.0018403644804701684)	(10.0, 0.0019448205100814067)	(11.0, 0.0023281849074174984)	(12.0, 0.002898924038283027)	(13.0, 0.003772262595135752)	(14.0, 0.005119422317235331)	(15.0, 0.007177313787205192)	(16.0, 0.010245305832178572)	(17.0, 0.015014746606902024)	(18.0, 0.022558194930888877)	(19.0, 0.0331071770553393)	(20.0, 0.04881434868327252)	(21.0, 0.0720628149026233)	(22.0, 0.10386052255582583)	(23.0, 0.14354089141268056)	(24.0, 0.1923240109736982)	(25.0, 0.2540596782065094)	(26.0, 0.3252383858894334)	(27.0, 0.4043675973519427)	(28.0, 0.49485344065239145)	(29.0, 0.5913417366234901)	(30.0, 0.6894668693472596)	(31.0, 0.7903509334923075)	(32.0, 0.8995753270119847)	(33.0, 1.0116448012557122)	(34.0, 1.1252283494956605)	(35.0, 1.2470553091446193)	(36.0, 1.3680703116149506)	(37.0, 1.4854078157231954)	(38.0, 1.5967385596956516)	(39.0, 1.6971434183440295)	(40.0, 1.802616009727979)	(41.0, 1.8998645732960422)	(42.0, 1.9809784493211648)	(43.0, 2.055886344947839)	(44.0, 2.145880060356202)	(45.0, 2.270202119186699)	(46.0, 2.3819786858010015)	(47.0, 2.4829833589699297)	(48.0, 2.6064945374880844)	(49.0, 2.7236888183804706)	(50.0, 2.8062478489595963)	(51.0, 2.9222608075377194)	(52.0, 3.023894370616885)	(53.0, 2.9248560552837306)	(54.0, 2.8124419838289145)	(55.0, 2.8361879622717745)	(56.0, 2.872505277721661)	(57.0, 3.0260567181164664)	(58.0, 3.2772896223257644)	(59.0, 3.8097827702255946)	(60.0, 4.250632443568976)	(61.0, 4.384267242029143)	(62.0, 3.953565956552322)	(63.0, 3.3819524102636556)	(64.0, 2.88493123778026)	(65.0, 2.14023835789091)	(66.0, 1.7282863912961637)	(67.0, 1.4943490364846606)	(68.0, 1.3249655079729026)	(69.0, 1.1101145311905705)	(70.0, 0.8874196603908335)	(71.0, 0.7419285641366483)	(72.0, 0.6432025400260429)	(73.0, 0.5379000935150682)	(74.0, 0.4280285033583152)	(75.0, 0.36906684367476744)	(76.0, 0.32459657358378086)	(77.0, 0.28647012277567885)	(78.0, 0.257232126281094)	(79.0, 0.22960189114949445)	(80.0, 0.19706545322502067)	(81.0, 0.16594617133114886)	(82.0, 0.14301538066577044)	(83.0, 0.12166758343883034)	(84.0, 0.09671336102459088)	(85.0, 0.0767277996477355)	(86.0, 0.06167643958715531)	(87.0, 0.04722920151226486)	(88.0, 0.0365736096256339)	(89.0, 0.03068422791487243)	(90.0, 0.024070115194540203)	(91.0, 0.017615378684336463)	(92.0, 0.012519647425363474)	(93.0, 0.008366174165460935)	(94.0, 0.005266952998232647)	(95.0, 0.0029000009045676792)	(96.0, 0.001657297212079338)	(97.0, 0.0009454885979244048)	(98.0, 0.0005782771948580926)	(99.0, 0.0003079837574104553)	(100.0, 9.79948319033267e-05)
SRR29999116_2	(0.0, 0.015625487858652126)	(1.0, 0.009167498946454336)	(2.0, 0.003054395957471384)	(3.0, 0.0034833478244698348)	(4.0, 0.0036223799622658154)	(5.0, 0.003721534665190081)	(6.0, 0.003937088367199353)	(7.0, 0.004112764634336909)	(8.0, 0.004234552475972148)	(9.0, 0.004441484029901049)	(10.0, 0.004801458712256533)	(11.0, 0.005323098671118971)	(12.0, 0.005871682842732568)	(13.0, 0.006639054021885577)	(14.0, 0.007704967078321427)	(15.0, 0.009563039989641352)	(16.0, 0.012214350524355396)	(17.0, 0.016188083020896325)	(18.0, 0.022135209659332137)	(19.0, 0.031193853986271794)	(20.0, 0.04458189441806768)	(21.0, 0.0630807131245034)	(22.0, 0.08852467210967786)	(23.0, 0.1227696887478909)	(24.0, 0.16724380631495395)	(25.0, 0.22027217254625495)	(26.0, 0.2809246732176239)	(27.0, 0.35127385717387993)	(28.0, 0.43025165582156716)	(29.0, 0.5134952622320179)	(30.0, 0.6022160882105242)	(31.0, 0.7054490671768047)	(32.0, 0.8221541525186646)	(33.0, 0.9484610775165279)	(34.0, 1.0713805760873152)	(35.0, 1.196029893116727)	(36.0, 1.3485071930755357)	(37.0, 1.4683669068463012)	(38.0, 1.5464426132510798)	(39.0, 1.6405501262427977)	(40.0, 1.7409604294812668)	(41.0, 1.8438646890519834)	(42.0, 1.9359686303835248)	(43.0, 2.0060408278326993)	(44.0, 2.0891982127623465)	(45.0, 2.210304904699236)	(46.0, 2.3385809127649533)	(47.0, 2.4618884079993575)	(48.0, 2.5992122827069144)	(49.0, 2.7235910798403045)	(50.0, 2.8055812414735715)	(51.0, 2.837999440487256)	(52.0, 2.832363788948223)	(53.0, 2.822390119156254)	(54.0, 2.8313183534934785)	(55.0, 2.8558559091617037)	(56.0, 2.8910407399406775)	(57.0, 2.924184277161623)	(58.0, 3.0241483842369328)	(59.0, 3.3003050095661117)	(60.0, 3.536358946404975)	(61.0, 4.002509993527677)	(62.0, 4.332808319959034)	(63.0, 3.8056598862417497)	(64.0, 3.3720229595301263)	(65.0, 2.9222561492971497)	(66.0, 2.171530027013298)	(67.0, 1.6881066617485934)	(68.0, 1.4095714013177423)	(69.0, 1.1653673790059078)	(70.0, 0.9343746430902219)	(71.0, 0.7913644617236603)	(72.0, 0.6765422379688513)	(73.0, 0.5858555622280204)	(74.0, 0.5011796014677181)	(75.0, 0.428504593066782)	(76.0, 0.3757111803706711)	(77.0, 0.3392933824162046)	(78.0, 0.31473966022032845)	(79.0, 0.2841094791648109)	(80.0, 0.24671414517173232)	(81.0, 0.2135641413397264)	(82.0, 0.1877752964313371)	(83.0, 0.16288746599734658)	(84.0, 0.13612431835587535)	(85.0, 0.11173980581607645)	(86.0, 0.08915732222507508)	(87.0, 0.06893946274511542)	(88.0, 0.05333660802517426)	(89.0, 0.04207608263220989)	(90.0, 0.033505667440321234)	(91.0, 0.02726862107268295)	(92.0, 0.021341972035938017)	(93.0, 0.01687354379328581)	(94.0, 0.013537850254692325)	(95.0, 0.01117430391216066)	(96.0, 0.009456340907146761)	(97.0, 0.007468935774621275)	(98.0, 0.005692773270064873)	(99.0, 0.004904924489220984)	(100.0, 0.014784828420815965)
SRR29999117_1	(0.0, 0.19819690579106017)	(1.0, 0.1015040801520151)	(2.0, 0.005812758502326355)	(3.0, 0.0058989685526921925)	(4.0, 0.004226126724316794)	(5.0, 0.0031090645823424337)	(6.0, 0.002506511357976953)	(7.0, 0.001986499671195785)	(8.0, 0.0016260682904109542)	(9.0, 0.0016233169058248106)	(10.0, 0.0017810629554303853)	(11.0, 0.00197549413285121)	(12.0, 0.0022790635655224037)	(13.0, 0.00279815812410819)	(14.0, 0.0036272420127328397)	(15.0, 0.004564547028412475)	(16.0, 0.006064968756056199)	(17.0, 0.008644850369663653)	(18.0, 0.012030887667011223)	(19.0, 0.016578009259711455)	(20.0, 0.022631972477423077)	(21.0, 0.03118877854033013)	(22.0, 0.043149964464492374)	(23.0, 0.05730125251922505)	(24.0, 0.07406177028981738)	(25.0, 0.09500530975954358)	(26.0, 0.11857642150903704)	(27.0, 0.14595086388477657)	(28.0, 0.17793662682689299)	(29.0, 0.2133377751686092)	(30.0, 0.2519057671689769)	(31.0, 0.2932554089859359)	(32.0, 0.3421465959535148)	(33.0, 0.39462650554962064)	(34.0, 0.451952520530121)	(35.0, 0.5182040271080717)	(36.0, 0.5927234443673842)	(37.0, 0.6720183481400471)	(38.0, 0.7506575052530122)	(39.0, 0.8282896556074488)	(40.0, 0.9208113822138999)	(41.0, 1.021091096225081)	(42.0, 1.114779409896057)	(43.0, 1.2171676016284196)	(44.0, 1.3639420466326486)	(45.0, 1.5686661537902373)	(46.0, 1.798187573094544)	(47.0, 2.061231862196426)	(48.0, 2.3690347586174996)	(49.0, 2.65087559008372)	(50.0, 2.8455553092454933)	(51.0, 2.9850321651990734)	(52.0, 3.0747933359374273)	(53.0, 3.077099913348811)	(54.0, 3.0602485998868763)	(55.0, 3.132218400763029)	(56.0, 3.2863225343047446)	(57.0, 3.627314465860274)	(58.0, 4.22794263814365)	(59.0, 4.994123455231684)	(60.0, 5.432558423290082)	(61.0, 5.607315366663588)	(62.0, 4.958659942172683)	(63.0, 4.154549454308265)	(64.0, 3.5185916696824138)	(65.0, 2.5150800867064)	(66.0, 1.995169284026724)	(67.0, 1.7549413101695368)	(68.0, 1.6054484971941976)	(69.0, 1.399829272917917)	(70.0, 1.168363541839402)	(71.0, 1.0134284901526707)	(72.0, 0.9092289702344303)	(73.0, 0.7956178807751871)	(74.0, 0.6803458721541088)	(75.0, 0.6157727101737058)	(76.0, 0.5741772780003846)	(77.0, 0.5462287133743365)	(78.0, 0.5205179415450185)	(79.0, 0.4829808016362594)	(80.0, 0.43361821077625445)	(81.0, 0.3917568114262727)	(82.0, 0.36373671080098485)	(83.0, 0.32496053070026565)	(84.0, 0.26404487596304305)	(85.0, 0.2192073956190492)	(86.0, 0.1913184443257008)	(87.0, 0.15660422500232515)	(88.0, 0.12885742857926086)	(89.0, 0.11344692351226973)	(90.0, 0.09516580719373528)	(91.0, 0.07416999141687236)	(92.0, 0.05414449727072279)	(93.0, 0.035545137468391066)	(94.0, 0.021358081414038523)	(95.0, 0.011855716181693404)	(96.0, 0.0065253671101375855)	(97.0, 0.003389705810129096)	(98.0, 0.0018617702366239353)	(99.0, 0.0010482775273207674)	(100.0, 0.0003851938420601246)
SRR29999117_2	(0.0, 0.01715824087095914)	(1.0, 0.010146556867392619)	(2.0, 0.0032175145034700216)	(3.0, 0.0032643447659349103)	(4.0, 0.003136709344707076)	(5.0, 0.0030724325138729146)	(6.0, 0.003047640021979738)	(7.0, 0.002817161671417245)	(8.0, 0.0027051363376777065)	(9.0, 0.00286582841476311)	(10.0, 0.003110080371932923)	(11.0, 0.0033139297497212635)	(12.0, 0.003520533848831068)	(13.0, 0.003917213719121892)	(14.0, 0.004514988245879594)	(15.0, 0.005487404872356406)	(16.0, 0.006800488702254274)	(17.0, 0.00848178694878784)	(18.0, 0.010967463821188909)	(19.0, 0.014613796610366835)	(20.0, 0.019553011939751893)	(21.0, 0.026027525285632923)	(22.0, 0.03438259505363341)	(23.0, 0.04563012220917117)	(24.0, 0.06055703880974442)	(25.0, 0.0773433923023059)	(26.0, 0.09597908204201026)	(27.0, 0.11860085353387313)	(28.0, 0.14550070723796968)	(29.0, 0.1748091056174663)	(30.0, 0.20855719652672247)	(31.0, 0.24926279525355638)	(32.0, 0.30115623550729637)	(33.0, 0.3659160608131545)	(34.0, 0.42915068874736195)	(35.0, 0.49744941271086085)	(36.0, 0.6063738484828712)	(37.0, 0.6892129098214979)	(38.0, 0.7230050762718976)	(39.0, 0.7807054690712838)	(40.0, 0.8618255843053169)	(41.0, 0.9598137764311149)	(42.0, 1.0616117481444978)	(43.0, 1.1674150846592894)	(44.0, 1.30936128315213)	(45.0, 1.508908704476784)	(46.0, 1.7634164891264081)	(47.0, 2.0428453193308767)	(48.0, 2.3448867386228036)	(49.0, 2.635060818461863)	(50.0, 2.8303228116507597)	(51.0, 2.934352107634528)	(52.0, 2.982858158903308)	(53.0, 3.0242405008347815)	(54.0, 3.103850110544212)	(55.0, 3.2145816435031027)	(56.0, 3.3575727996172184)	(57.0, 3.4973409317852213)	(58.0, 3.715138381864575)	(59.0, 4.171152194698414)	(60.0, 4.565643898019555)	(61.0, 5.003817217335152)	(62.0, 5.137725139011961)	(63.0, 4.566633761214402)	(64.0, 4.339789806315361)	(65.0, 3.7063352107616168)	(66.0, 2.5026863583206698)	(67.0, 1.8836279363928972)	(68.0, 1.602721657319683)	(69.0, 1.3810694338711609)	(70.0, 1.1780822838564387)	(71.0, 1.0349478822336067)	(72.0, 0.9150164983014664)	(73.0, 0.8198583232132524)	(74.0, 0.7354481524809507)	(75.0, 0.6590239188595733)	(76.0, 0.60746288164529)	(77.0, 0.5866436161381051)	(78.0, 0.5685956002803131)	(79.0, 0.5291975759407341)	(80.0, 0.4811377895260317)	(81.0, 0.44473782022464603)	(82.0, 0.4163963290289834)	(83.0, 0.36934109765617473)	(84.0, 0.3160748879439052)	(85.0, 0.2743270863171174)	(86.0, 0.2298107897622582)	(87.0, 0.18461775000275932)	(88.0, 0.14850886292100843)	(89.0, 0.12005167342984419)	(90.0, 0.0959533713096766)	(91.0, 0.0778888271239558)	(92.0, 0.061107064833596736)	(93.0, 0.04732243934099059)	(94.0, 0.0379784246185845)	(95.0, 0.031336791512534656)	(96.0, 0.025909072268809966)	(97.0, 0.019643917743360207)	(98.0, 0.013955418214536925)	(99.0, 0.010435802606146346)	(100.0, 0.01725006491500794)
SRR29999118_1	(0.0, 0.10696932010266004)	(1.0, 0.054633067218691475)	(2.0, 0.0029720302139335623)	(3.0, 0.003210786548822445)	(4.0, 0.0025290885971713814)	(5.0, 0.0021077538885439407)	(6.0, 0.0018711582444685317)	(7.0, 0.001767445085421777)	(8.0, 0.0018473906455203169)	(9.0, 0.001969469676481601)	(10.0, 0.0021963422118963767)	(11.0, 0.0027365149152648906)	(12.0, 0.0033739187052397365)	(13.0, 0.004520165181787723)	(14.0, 0.006112594311318101)	(15.0, 0.008409408646041021)	(16.0, 0.011966986070426053)	(17.0, 0.01734710619597645)	(18.0, 0.02519257453970074)	(19.0, 0.036475701967662255)	(20.0, 0.053136788830360694)	(21.0, 0.07726846418064567)	(22.0, 0.11137280798052016)	(23.0, 0.1529596240674553)	(24.0, 0.20341391525288796)	(25.0, 0.26710783939788285)	(26.0, 0.3426725988721043)	(27.0, 0.42838720344262)	(28.0, 0.5257371280436937)	(29.0, 0.6319999022503476)	(30.0, 0.7419596184388557)	(31.0, 0.8544721908234835)	(32.0, 0.9732950607288621)	(33.0, 1.094837160022998)	(34.0, 1.2158174797056305)	(35.0, 1.3412833935170352)	(36.0, 1.468880828815932)	(37.0, 1.5929304097991044)	(38.0, 1.7045030816798712)	(39.0, 1.8040363843479603)	(40.0, 1.9054754163135332)	(41.0, 1.9969666277738718)	(42.0, 2.0835725173049457)	(43.0, 2.148373795491846)	(44.0, 2.213248537166405)	(45.0, 2.3285159903382118)	(46.0, 2.435393481081299)	(47.0, 2.53009223805424)	(48.0, 2.6566719879799905)	(49.0, 2.7747969547526172)	(50.0, 2.846836547164656)	(51.0, 2.9349419561202805)	(52.0, 3.0094901105667624)	(53.0, 2.941188513262034)	(54.0, 2.8710254808214977)	(55.0, 2.9097061677643103)	(56.0, 2.9470839581465977)	(57.0, 3.0934124221075012)	(58.0, 3.334028031441379)	(59.0, 3.702048774591754)	(60.0, 3.947106764238134)	(61.0, 4.002957380730218)	(62.0, 3.645116732347526)	(63.0, 3.1449837904435)	(64.0, 2.691750803336742)	(65.0, 2.058034232235089)	(66.0, 1.6918414335129128)	(67.0, 1.4922011647657576)	(68.0, 1.3474770137338585)	(69.0, 1.1254293009055705)	(70.0, 0.8694068857262162)	(71.0, 0.69800900660198)	(72.0, 0.5959768650081082)	(73.0, 0.49414782835070287)	(74.0, 0.38897836369566674)	(75.0, 0.3333470573211502)	(76.0, 0.2907209489529341)	(77.0, 0.2560796734859113)	(78.0, 0.22945348059147053)	(79.0, 0.20347441459566523)	(80.0, 0.1741862506190244)	(81.0, 0.14740016660438657)	(82.0, 0.12765037222382697)	(83.0, 0.10974472745256747)	(84.0, 0.08781803707743274)	(85.0, 0.06936897856658454)	(86.0, 0.055697207444327455)	(87.0, 0.043254869394937105)	(88.0, 0.03417348590590565)	(89.0, 0.028664804676953547)	(90.0, 0.02252304103965355)	(91.0, 0.016494713670060935)	(92.0, 0.011516482035816712)	(93.0, 0.007448981579451805)	(94.0, 0.004632521104088374)	(95.0, 0.002600391394016025)	(96.0, 0.0014876356250768867)	(97.0, 0.0008318659631875112)	(98.0, 0.0004861554330316624)	(99.0, 0.0002679256608707828)	(100.0, 0.00010803454067370275)
SRR29999118_2	(0.0, 0.010459340825879323)	(1.0, 0.0060760598162740475)	(2.0, 0.001958694251394516)	(3.0, 0.0024862013124764826)	(4.0, 0.003170447151953706)	(5.0, 0.003874150219093788)	(6.0, 0.004410304936914804)	(7.0, 0.0047443206784605575)	(8.0, 0.004963754968213916)	(9.0, 0.005412352161552065)	(10.0, 0.006034983446763566)	(11.0, 0.006800301068169369)	(12.0, 0.00757210443212946)	(13.0, 0.008485513175191473)	(14.0, 0.010025877031834511)	(15.0, 0.012191034087873812)	(16.0, 0.014998279656787477)	(17.0, 0.019154559676992724)	(18.0, 0.025454377611389654)	(19.0, 0.03462089375478121)	(20.0, 0.04760426939137035)	(21.0, 0.06584758223948584)	(22.0, 0.09106523024764403)	(23.0, 0.12506133080302897)	(24.0, 0.16827150961387025)	(25.0, 0.22050659918900115)	(26.0, 0.28312211972226753)	(27.0, 0.3579967746402278)	(28.0, 0.4431815983053187)	(29.0, 0.5352531996059695)	(30.0, 0.6341488830308221)	(31.0, 0.7480579795117555)	(32.0, 0.8790278217817394)	(33.0, 1.0189188029351446)	(34.0, 1.1540406013969642)	(35.0, 1.2897623310450552)	(36.0, 1.4460038691778163)	(37.0, 1.5735557251216916)	(38.0, 1.6639518429291515)	(39.0, 1.7598338179804458)	(40.0, 1.8568432312790932)	(41.0, 1.9542547606161067)	(42.0, 2.0423862733150284)	(43.0, 2.112076658017929)	(44.0, 2.189742344148417)	(45.0, 2.2981936882699188)	(46.0, 2.420814217958351)	(47.0, 2.5459425681011076)	(48.0, 2.677778257002089)	(49.0, 2.7992908056708306)	(50.0, 2.88092036145908)	(51.0, 2.910155926979619)	(52.0, 2.9095419433511465)	(53.0, 2.9065466112481584)	(54.0, 2.90732814322595)	(55.0, 2.930971917707601)	(56.0, 2.9780854325790305)	(57.0, 3.0094439978290057)	(58.0, 3.0839392368075402)	(59.0, 3.271439892137778)	(60.0, 3.4118108182401996)	(61.0, 3.7100771468267264)	(62.0, 3.885410549125122)	(63.0, 3.4711261767704267)	(64.0, 3.169751015586212)	(65.0, 2.7822538409378126)	(66.0, 2.0880945439663625)	(67.0, 1.6232300273449716)	(68.0, 1.35480135737944)	(69.0, 1.1084858266527482)	(70.0, 0.8805238663975948)	(71.0, 0.729392012440519)	(72.0, 0.6132161489368625)	(73.0, 0.5263536798643961)	(74.0, 0.4484718023154317)	(75.0, 0.38216589426877634)	(76.0, 0.3326969738930486)	(77.0, 0.2992629710257018)	(78.0, 0.2751262801099247)	(79.0, 0.2476342983793967)	(80.0, 0.21504992778666143)	(81.0, 0.187012062724481)	(82.0, 0.1641941394614088)	(83.0, 0.14058927943508318)	(84.0, 0.11779297531385859)	(85.0, 0.09749692494731145)	(86.0, 0.07749165203861481)	(87.0, 0.059446154338405076)	(88.0, 0.04557855580024821)	(89.0, 0.035509440484718456)	(90.0, 0.02788328819796994)	(91.0, 0.022369326069734054)	(92.0, 0.01715695097027249)	(93.0, 0.013382248803677763)	(94.0, 0.010850647293321275)	(95.0, 0.008762238190841029)	(96.0, 0.007282407931371332)	(97.0, 0.00596904506412832)	(98.0, 0.004644872625961498)	(99.0, 0.004170332462406204)	(100.0, 0.013680592961174942)
SRR29999119_1	(0.0, 0.1330701738897402)	(1.0, 0.06784494411288776)	(2.0, 0.0032452690466749654)	(3.0, 0.003271379156336447)	(4.0, 0.002357525318184596)	(5.0, 0.0019223568238265715)	(6.0, 0.001678662466986078)	(7.0, 0.0014991554630633932)	(8.0, 0.0013849237332944119)	(9.0, 0.0015024192267710785)	(10.0, 0.0017167397102424054)	(11.0, 0.0020420281597750283)	(12.0, 0.0025772854078353977)	(13.0, 0.003444358632843761)	(14.0, 0.00487388713680987)	(15.0, 0.0069898939406257635)	(16.0, 0.010271064388085265)	(17.0, 0.015241776514889794)	(18.0, 0.022976896502103675)	(19.0, 0.03482544668223678)	(20.0, 0.0522202193229629)	(21.0, 0.07630026795826417)	(22.0, 0.11114094553780349)	(23.0, 0.1547872576006774)	(24.0, 0.20738716143496766)	(25.0, 0.27327602316571614)	(26.0, 0.3515236701362324)	(27.0, 0.4418874959109121)	(28.0, 0.542003447644155)	(29.0, 0.6509043633572505)	(30.0, 0.7633584298267793)	(31.0, 0.8803839413295391)	(32.0, 1.00297743371761)	(33.0, 1.124125078783176)	(34.0, 1.2464411512560938)	(35.0, 1.3756818423954833)	(36.0, 1.502972978680149)	(37.0, 1.6224256424601908)	(38.0, 1.738225066730097)	(39.0, 1.8427503632324225)	(40.0, 1.939924575943805)	(41.0, 2.0324598925053317)	(42.0, 2.109903565682521)	(43.0, 2.1675710066336107)	(44.0, 2.2393020054011155)	(45.0, 2.3403720640582386)	(46.0, 2.428456694843718)	(47.0, 2.5157699894729477)	(48.0, 2.631123366036137)	(49.0, 2.737982253589457)	(50.0, 2.8069357894417224)	(51.0, 2.9047192380452063)	(52.0, 2.9878483876011837)	(53.0, 2.902366064411965)	(54.0, 2.813478547754395)	(55.0, 2.824840797142083)	(56.0, 2.845052197862542)	(57.0, 2.9994934965102042)	(58.0, 3.271004911431299)	(59.0, 3.783551803692359)	(60.0, 4.126882339001066)	(61.0, 4.13292138978152)	(62.0, 3.6474060764687435)	(63.0, 3.0757524234615046)	(64.0, 2.664298436203521)	(65.0, 2.028440023538699)	(66.0, 1.6297114509769801)	(67.0, 1.4078930143478643)	(68.0, 1.2585943193822775)	(69.0, 1.065417585130571)	(70.0, 0.84510591941317)	(71.0, 0.696701495703489)	(72.0, 0.6033959309069492)	(73.0, 0.5033561336602188)	(74.0, 0.3999274617636755)	(75.0, 0.3420903050997864)	(76.0, 0.29839068489635356)	(77.0, 0.2633487418881737)	(78.0, 0.23569052030801355)	(79.0, 0.21116986357217482)	(80.0, 0.18330167319348692)	(81.0, 0.15609602684745916)	(82.0, 0.13764923437162252)	(83.0, 0.11800790437877309)	(84.0, 0.09290303393925868)	(85.0, 0.0744616810696015)	(86.0, 0.06015986850252505)	(87.0, 0.04614417922048898)	(88.0, 0.03585897185633708)	(89.0, 0.028556844521009442)	(90.0, 0.021331959593430344)	(91.0, 0.015735692755986155)	(92.0, 0.011251281421626715)	(93.0, 0.007154170047245917)	(94.0, 0.00414497990876018)	(95.0, 0.0022280626911130837)	(96.0, 0.0012652523973459553)	(97.0, 0.0007267313855779003)	(98.0, 0.0004721578163784562)	(99.0, 0.00028612328504040084)	(100.0, 0.0001044404386459258)
SRR29999119_2	(0.0, 0.0109500865811305)	(1.0, 0.006337289121968647)	(2.0, 0.0019259000956472318)	(3.0, 0.0023592003998120694)	(4.0, 0.00274350946355626)	(5.0, 0.003094069006121782)	(6.0, 0.003470757210244983)	(7.0, 0.00371897949504293)	(8.0, 0.003998773912556406)	(9.0, 0.004342801289732508)	(10.0, 0.004690094749603321)	(11.0, 0.0051048872518314695)	(12.0, 0.00567862911186883)	(13.0, 0.0065702696875246155)	(14.0, 0.007918073146208206)	(15.0, 0.0096207909243836)	(16.0, 0.012318575230213923)	(17.0, 0.016749560752703594)	(18.0, 0.022958383955346988)	(19.0, 0.03222317186600722)	(20.0, 0.045389839902614124)	(21.0, 0.06406638944519652)	(22.0, 0.09036706469146324)	(23.0, 0.12577575587904413)	(24.0, 0.17016399708861388)	(25.0, 0.2235056596586149)	(26.0, 0.28811421883113325)	(27.0, 0.36519159303782217)	(28.0, 0.452268623761481)	(29.0, 0.5459442302226853)	(30.0, 0.6473158162068575)	(31.0, 0.7660738490692018)	(32.0, 0.8990099469092815)	(33.0, 1.035743410229077)	(34.0, 1.1698868699719678)	(35.0, 1.3079539837254366)	(36.0, 1.4637472169573273)	(37.0, 1.5926431705040507)	(38.0, 1.6937382281534044)	(39.0, 1.799786844556401)	(40.0, 1.8975668282706237)	(41.0, 1.9972759781631888)	(42.0, 2.085073724468147)	(43.0, 2.152881955987249)	(44.0, 2.2251233504173045)	(45.0, 2.32458318933084)	(46.0, 2.4371726806771092)	(47.0, 2.5479614717643613)	(48.0, 2.668905602643698)	(49.0, 2.776097347989843)	(50.0, 2.8445261352209403)	(51.0, 2.8665787255756214)	(52.0, 2.8570134580570477)	(53.0, 2.8452326977772295)	(54.0, 2.8387865392321037)	(55.0, 2.8506391533312057)	(56.0, 2.8740809175253696)	(57.0, 2.8883341024050835)	(58.0, 2.9718315064953402)	(59.0, 3.191669355287796)	(60.0, 3.351178301932035)	(61.0, 3.754286937666975)	(62.0, 4.06532796832074)	(63.0, 3.5681365544819883)	(64.0, 3.179662146607811)	(65.0, 2.8122289321471863)	(66.0, 2.0844869182773307)	(67.0, 1.5763203778901225)	(68.0, 1.3114280070183761)	(69.0, 1.0876381981653216)	(70.0, 0.8709129261809244)	(71.0, 0.7343852260708954)	(72.0, 0.6253949578541967)	(73.0, 0.5363016654136703)	(74.0, 0.4584774469641244)	(75.0, 0.39223040297309325)	(76.0, 0.3416703541647535)	(77.0, 0.3095778256065347)	(78.0, 0.28631678465481125)	(79.0, 0.2571659079102944)	(80.0, 0.2252290626271901)	(81.0, 0.19670200767736284)	(82.0, 0.17377737324319453)	(83.0, 0.15030512561054651)	(84.0, 0.12649864884880657)	(85.0, 0.10507858984266791)	(86.0, 0.08383489930204356)	(87.0, 0.06381490107770386)	(88.0, 0.04772835511202636)	(89.0, 0.036313396094015495)	(90.0, 0.027683316920360548)	(91.0, 0.0219981556431023)	(92.0, 0.016566660121799845)	(93.0, 0.012363211693708288)	(94.0, 0.00979607069566636)	(95.0, 0.008112949413659226)	(96.0, 0.006986150883984334)	(97.0, 0.005630726565679753)	(98.0, 0.004422275968637114)	(99.0, 0.004274213553143602)	(100.0, 0.014960836130234178)
SRR29999120_1	(0.0, 0.10167078442492841)	(1.0, 0.05132850133917745)	(2.0, 0.0014757627358502336)	(3.0, 0.0017740046414045079)	(4.0, 0.0014864566687187136)	(5.0, 0.0013557530447706253)	(6.0, 0.0012868365885070876)	(7.0, 0.0011751444007696305)	(8.0, 0.0011798972598222883)	(9.0, 0.0014187284272183405)	(10.0, 0.0016528067355617352)	(11.0, 0.0019237197015632272)	(12.0, 0.002545156022698229)	(13.0, 0.003426811376966243)	(14.0, 0.004666119374946753)	(15.0, 0.006696778405194779)	(16.0, 0.010089131554029254)	(17.0, 0.015461050498295683)	(18.0, 0.02350882908920843)	(19.0, 0.0353149309760103)	(20.0, 0.05308111811484499)	(21.0, 0.078241565724852)	(22.0, 0.11418625052533944)	(23.0, 0.15995271855814416)	(24.0, 0.21659491631819297)	(25.0, 0.28651066119755175)	(26.0, 0.366408598302255)	(27.0, 0.4567699546113842)	(28.0, 0.5581733907146007)	(29.0, 0.6646552567155819)	(30.0, 0.7766017224123564)	(31.0, 0.8899894926168492)	(32.0, 1.003756303330792)	(33.0, 1.11846774478145)	(34.0, 1.23689354558176)	(35.0, 1.3601244868843072)	(36.0, 1.4830144105498262)	(37.0, 1.6007961989485013)	(38.0, 1.7121937094246937)	(39.0, 1.8191544259752304)	(40.0, 1.93068976936395)	(41.0, 2.0335154985386743)	(42.0, 2.097663648957633)	(43.0, 2.149303462564759)	(44.0, 2.2274559121823736)	(45.0, 2.3461954016801596)	(46.0, 2.454805360321968)	(47.0, 2.532410042933764)	(48.0, 2.6198959195160354)	(49.0, 2.701574990550722)	(50.0, 2.7751076611691534)	(51.0, 2.9242464371677377)	(52.0, 3.056574350697072)	(53.0, 2.9313115621495136)	(54.0, 2.7765263895963717)	(55.0, 2.7840097661747816)	(56.0, 2.830584220246538)	(57.0, 2.955868396659833)	(58.0, 3.159526030636692)	(59.0, 3.680074600875691)	(60.0, 4.119823379004744)	(61.0, 4.247487549588658)	(62.0, 3.8288996881768)	(63.0, 3.260435169398432)	(64.0, 2.775037556498127)	(65.0, 2.0838827341344515)	(66.0, 1.6716803388598391)	(67.0, 1.4207174987318778)	(68.0, 1.2513778835447347)	(69.0, 1.0415819321013686)	(70.0, 0.8209054980717057)	(71.0, 0.6825271949683382)	(72.0, 0.5838317003103736)	(73.0, 0.474594364273614)	(74.0, 0.3777774371562123)	(75.0, 0.3256670905028727)	(76.0, 0.28432315781856604)	(77.0, 0.24874087852084373)	(78.0, 0.22209991531593384)	(79.0, 0.19585581584192088)	(80.0, 0.1659888495550195)	(81.0, 0.13917203056516128)	(82.0, 0.12142485486253722)	(83.0, 0.10368124380420266)	(84.0, 0.08136300590768498)	(85.0, 0.064194490794722)	(86.0, 0.05208064128426054)	(87.0, 0.04091974001385696)	(88.0, 0.031261930418856394)	(89.0, 0.025293527663481422)	(90.0, 0.02057750326848176)	(91.0, 0.015815138497718685)	(92.0, 0.010943457968744486)	(93.0, 0.007295638645829657)	(94.0, 0.0047457297640787705)	(95.0, 0.0025867435394089843)	(96.0, 0.001400905205770874)	(97.0, 0.0007961038913201743)	(98.0, 0.0005061794891080511)	(99.0, 0.00027923046934364326)	(100.0, 8.317503342151075e-05)
SRR29999120_2	(0.0, 0.009182327742432236)	(1.0, 0.004975147799336989)	(2.0, 0.0009272676901990088)	(3.0, 0.0012648882338099298)	(4.0, 0.0016583825997789966)	(5.0, 0.002125582859071574)	(6.0, 0.0025892167041710783)	(7.0, 0.0029981655316434616)	(8.0, 0.0033024995427857005)	(9.0, 0.0035022187375977946)	(10.0, 0.003858860156905106)	(11.0, 0.004402143918983243)	(12.0, 0.00496444855675777)	(13.0, 0.005706262708916977)	(14.0, 0.0066477960558882785)	(15.0, 0.008398905424687174)	(16.0, 0.011186652518939324)	(17.0, 0.015134673030671258)	(18.0, 0.021248695762329593)	(19.0, 0.03059745616710524)	(20.0, 0.04463248482157896)	(21.0, 0.0638447580796638)	(22.0, 0.08944566796227361)	(23.0, 0.1251918374194454)	(24.0, 0.17138641165759036)	(25.0, 0.22449269660191107)	(26.0, 0.28877612362732286)	(27.0, 0.3654088541986158)	(28.0, 0.4499780451542274)	(29.0, 0.5422661452283803)	(30.0, 0.6416514095467487)	(31.0, 0.7535595429017278)	(32.0, 0.8759422347417625)	(33.0, 1.0035485345699184)	(34.0, 1.1317135726216558)	(35.0, 1.2609544789549703)	(36.0, 1.4076684372248809)	(37.0, 1.5337542558020567)	(38.0, 1.6301722635117883)	(39.0, 1.7363883998146226)	(40.0, 1.8439419414398595)	(41.0, 1.9478232652509622)	(42.0, 2.0338071338364925)	(43.0, 2.106704639942907)	(44.0, 2.1887618865018643)	(45.0, 2.3108485659638736)	(46.0, 2.444981403765354)	(47.0, 2.547171058444208)	(48.0, 2.6478176445821937)	(49.0, 2.7520948403687275)	(50.0, 2.8317150372290842)	(51.0, 2.879648832788718)	(52.0, 2.879402750209396)	(53.0, 2.833504188349276)	(54.0, 2.8178072106808303)	(55.0, 2.8265924776431004)	(56.0, 2.842766166008687)	(57.0, 2.8703083940170595)	(58.0, 2.95317046137892)	(59.0, 3.187600376727464)	(60.0, 3.385060842550612)	(61.0, 3.829147171457883)	(62.0, 4.180778967628656)	(63.0, 3.7225922258067063)	(64.0, 3.356952743490272)	(65.0, 2.9515762742346165)	(66.0, 2.166407602339682)	(67.0, 1.6446673595971684)	(68.0, 1.3696112313705977)	(69.0, 1.1119948685481547)	(70.0, 0.8703453420680999)	(71.0, 0.7285423361420509)	(72.0, 0.6213846664922452)	(73.0, 0.5325666874279525)	(74.0, 0.4521844667350086)	(75.0, 0.3850621740119107)	(76.0, 0.3357172672365511)	(77.0, 0.3048012114015313)	(78.0, 0.2797792494229304)	(79.0, 0.24704551115417436)	(80.0, 0.213122968154394)	(81.0, 0.18508263096372216)	(82.0, 0.163221700764915)	(83.0, 0.14115867376183372)	(84.0, 0.11670852685885551)	(85.0, 0.09528745441052737)	(86.0, 0.07599196482127082)	(87.0, 0.05908953915556633)	(88.0, 0.04556688534016411)	(89.0, 0.03572952619093745)	(90.0, 0.029122149495904)	(91.0, 0.02462609000316983)	(92.0, 0.01997429709067147)	(93.0, 0.016066695939794363)	(94.0, 0.013360976371982898)	(95.0, 0.011651475168769852)	(96.0, 0.010271272876050558)	(97.0, 0.008431003152424834)	(98.0, 0.006859403298010615)	(99.0, 0.0060284287910245815)	(100.0, 0.014514116961076537)
SRR29999121_1	(0.0, 0.09709936380362037)	(1.0, 0.04937332820862005)	(2.0, 0.0023401310278272284)	(3.0, 0.002577358900851874)	(4.0, 0.002010894213395828)	(5.0, 0.001809139667178606)	(6.0, 0.0016439669892315395)	(7.0, 0.001504290764927309)	(8.0, 0.0014532978576416375)	(9.0, 0.0015375470088092686)	(10.0, 0.0017925115452376262)	(11.0, 0.0021417021059982025)	(12.0, 0.0026338945154512055)	(13.0, 0.003453106656410145)	(14.0, 0.004777813704374872)	(15.0, 0.006913973103059415)	(16.0, 0.010278396442451002)	(17.0, 0.015138242215068041)	(18.0, 0.02276722456158959)	(19.0, 0.034124231847278814)	(20.0, 0.05077119899312509)	(21.0, 0.07503052036355194)	(22.0, 0.10919355116202638)	(23.0, 0.15233687635009266)	(24.0, 0.20500146416156398)	(25.0, 0.2695972837364197)	(26.0, 0.34332194225687335)	(27.0, 0.4256056494110807)	(28.0, 0.5194015596557597)	(29.0, 0.6181626271120154)	(30.0, 0.7209610025755409)	(31.0, 0.8281857840997553)	(32.0, 0.9358207259651804)	(33.0, 1.0480694173984961)	(34.0, 1.1652610952141338)	(35.0, 1.2834914763803515)	(36.0, 1.4029767264823816)	(37.0, 1.5192660515473555)	(38.0, 1.6300049095084301)	(39.0, 1.7339506253858834)	(40.0, 1.8389350446139163)	(41.0, 1.939449824664214)	(42.0, 2.0170222306018104)	(43.0, 2.0802345904311763)	(44.0, 2.1575198841299255)	(45.0, 2.274687174033383)	(46.0, 2.382223455708625)	(47.0, 2.465755380549868)	(48.0, 2.568976110310695)	(49.0, 2.6624571947799582)	(50.0, 2.7327121185220604)	(51.0, 2.8479926708559486)	(52.0, 2.954716391639008)	(53.0, 2.8767061118236326)	(54.0, 2.7700865939380694)	(55.0, 2.7890426529507866)	(56.0, 2.845909721447475)	(57.0, 3.0007485758789536)	(58.0, 3.3038692619898518)	(59.0, 3.9284824918735044)	(60.0, 4.348197351951627)	(61.0, 4.423179096490819)	(62.0, 3.9390413493060263)	(63.0, 3.354958612382781)	(64.0, 2.907848367136162)	(65.0, 2.1630193583265385)	(66.0, 1.7139636228128257)	(67.0, 1.4760750590763916)	(68.0, 1.319176534607157)	(69.0, 1.1103372999016148)	(70.0, 0.8718656433557839)	(71.0, 0.7173260951192427)	(72.0, 0.617795699887851)	(73.0, 0.508911431793927)	(74.0, 0.40961604735263446)	(75.0, 0.3557398237223971)	(76.0, 0.3136141395971188)	(77.0, 0.27589047362034924)	(78.0, 0.2450441988783689)	(79.0, 0.21685066385670623)	(80.0, 0.18545676963213628)	(81.0, 0.1551703083288356)	(82.0, 0.13363023916649033)	(83.0, 0.11346476141793273)	(84.0, 0.08924202191577603)	(85.0, 0.0698935392252519)	(86.0, 0.056867068496688294)	(87.0, 0.0443361158019659)	(88.0, 0.03393688834007711)	(89.0, 0.027475200153812343)	(90.0, 0.02099466676268114)	(91.0, 0.015019628278555719)	(92.0, 0.010208558330298887)	(93.0, 0.006691156269050285)	(94.0, 0.004240171094949858)	(95.0, 0.0023756043546346523)	(96.0, 0.001408956199132358)	(97.0, 0.0008613367165427553)	(98.0, 0.0005354255264995506)	(99.0, 0.0003103916095649569)	(100.0, 0.00012193956090051878)
SRR29999121_2	(0.0, 0.009826202209223046)	(1.0, 0.0055596785186044165)	(2.0, 0.0013885333144409992)	(3.0, 0.0015537820874854955)	(4.0, 0.0018022097731362813)	(5.0, 0.0022746659967400077)	(6.0, 0.0026728157250821153)	(7.0, 0.0028314101851181083)	(8.0, 0.003068747349088055)	(9.0, 0.0032927758870409957)	(10.0, 0.0036055285984406458)	(11.0, 0.00406578524819545)	(12.0, 0.004616984175733131)	(13.0, 0.005401084058568424)	(14.0, 0.006463556035592767)	(15.0, 0.00828018348691414)	(16.0, 0.010934145325138828)	(17.0, 0.01473930331383457)	(18.0, 0.02094334114209571)	(19.0, 0.030679710125703964)	(20.0, 0.043990554247046516)	(21.0, 0.06223113525552185)	(22.0, 0.08779367867768686)	(23.0, 0.12333547350827048)	(24.0, 0.1680557840819162)	(25.0, 0.21948807837680545)	(26.0, 0.28036395188292884)	(27.0, 0.3532918952996195)	(28.0, 0.4346841248631263)	(29.0, 0.5198670947371438)	(30.0, 0.6093542960754946)	(31.0, 0.7147264516173109)	(32.0, 0.8333118546896782)	(33.0, 0.9569889162657185)	(34.0, 1.0811672694217327)	(35.0, 1.2074372949667531)	(36.0, 1.3538920699708998)	(37.0, 1.4712186988324918)	(38.0, 1.5591920439614084)	(39.0, 1.6643556976956249)	(40.0, 1.7692199073444586)	(41.0, 1.8722087097770623)	(42.0, 1.9597872323341408)	(43.0, 2.034659344201483)	(44.0, 2.116428651502138)	(45.0, 2.2288244344244292)	(46.0, 2.3590515581051728)	(47.0, 2.473613319911732)	(48.0, 2.590609451227235)	(49.0, 2.703080649696956)	(50.0, 2.7824344413755244)	(51.0, 2.8228605019543496)	(52.0, 2.8195388907109384)	(53.0, 2.7979711531982114)	(54.0, 2.8008103267485063)	(55.0, 2.815593992149064)	(56.0, 2.8430674324568375)	(57.0, 2.8798136579419604)	(58.0, 2.990429412134477)	(59.0, 3.289894569508314)	(60.0, 3.5483869035844613)	(61.0, 4.041526950122952)	(62.0, 4.409633564283835)	(63.0, 3.87865487587466)	(64.0, 3.455919679070469)	(65.0, 3.0029184485992695)	(66.0, 2.174150380642231)	(67.0, 1.6666636352574073)	(68.0, 1.4100810890147009)	(69.0, 1.1573214455953793)	(70.0, 0.9095181563152248)	(71.0, 0.7660389682780471)	(72.0, 0.6559899397434212)	(73.0, 0.5626875989468618)	(74.0, 0.4816491570249738)	(75.0, 0.41462026209032116)	(76.0, 0.3621742941138032)	(77.0, 0.32989976697039464)	(78.0, 0.3036518293083538)	(79.0, 0.2674213130813901)	(80.0, 0.22928211807315405)	(81.0, 0.1980379003938954)	(82.0, 0.17432858314459854)	(83.0, 0.15009135706329374)	(84.0, 0.12415395400831639)	(85.0, 0.10123206379835906)	(86.0, 0.08059703915899066)	(87.0, 0.06293981959092744)	(88.0, 0.04838240083265862)	(89.0, 0.03756137882866435)	(90.0, 0.030051986598568496)	(91.0, 0.025069015207367693)	(92.0, 0.019736692383220466)	(93.0, 0.01576406751714406)	(94.0, 0.013269809191123447)	(95.0, 0.011188118271630033)	(96.0, 0.009545612010697828)	(97.0, 0.007687949629157354)	(98.0, 0.005902375638542331)	(99.0, 0.005006261486730568)	(100.0, 0.012618795568458218)
SRR29999122_1	(0.0, 0.1878448646508493)	(1.0, 0.09487506290756802)	(2.0, 0.0027976503698529526)	(3.0, 0.0029824586607082025)	(4.0, 0.0020318701591267793)	(5.0, 0.0016928847858453267)	(6.0, 0.0014345615947603644)	(7.0, 0.0012323956191286547)	(8.0, 0.0011752173633944338)	(9.0, 0.001242606021938337)	(10.0, 0.0014886767296516806)	(11.0, 0.0017715048874798805)	(12.0, 0.0021829841207100776)	(13.0, 0.002948764331436251)	(14.0, 0.003940194444256403)	(15.0, 0.005395176844636132)	(16.0, 0.008125438555945181)	(17.0, 0.012289240821733627)	(18.0, 0.018413440426981075)	(19.0, 0.027362858489667616)	(20.0, 0.040868158286034406)	(21.0, 0.06019440872420108)	(22.0, 0.0884700772250543)	(23.0, 0.12379092366458831)	(24.0, 0.16634175633365836)	(25.0, 0.2205794160586908)	(26.0, 0.2832090058530011)	(27.0, 0.3533759150014189)	(28.0, 0.43555638409570885)	(29.0, 0.5230258418454143)	(30.0, 0.6143609580988655)	(31.0, 0.7099333915183348)	(32.0, 0.8103455558695936)	(33.0, 0.9167154902603019)	(34.0, 1.0289043332122483)	(35.0, 1.1502733493303798)	(36.0, 1.2740765254783397)	(37.0, 1.3919760467217415)	(38.0, 1.5073505353503085)	(39.0, 1.618246741306549)	(40.0, 1.7309644831240372)	(41.0, 1.8476040406607237)	(42.0, 1.9490627712999748)	(43.0, 2.025460068242861)	(44.0, 2.1090158785956152)	(45.0, 2.236323264987858)	(46.0, 2.3484998554564327)	(47.0, 2.4360224073007486)	(48.0, 2.5479784530686342)	(49.0, 2.651332234469362)	(50.0, 2.7264215788123276)	(51.0, 2.8483103044334723)	(52.0, 2.9646221080399684)	(53.0, 2.8869260478596908)	(54.0, 2.79374591181853)	(55.0, 2.829316913126901)	(56.0, 2.8908100850884937)	(57.0, 3.029018097520354)	(58.0, 3.2686746301886545)	(59.0, 3.887452608542989)	(60.0, 4.467995691495905)	(61.0, 4.717882026739228)	(62.0, 4.272793210580399)	(63.0, 3.621335816993396)	(64.0, 3.0398625663445173)	(65.0, 2.2275280240075976)	(66.0, 1.7912252594665008)	(67.0, 1.5412745986854781)	(68.0, 1.3716941025805884)	(69.0, 1.1529249909400543)	(70.0, 0.9131551228005655)	(71.0, 0.7658894620362368)	(72.0, 0.6551413069207366)	(73.0, 0.5361747985837232)	(74.0, 0.4320531948917069)	(75.0, 0.3733872834681152)	(76.0, 0.3313949598327348)	(77.0, 0.29776291401792226)	(78.0, 0.27554711958461553)	(79.0, 0.252424641381809)	(80.0, 0.2208356971692138)	(81.0, 0.18632964087389245)	(82.0, 0.16250672903834168)	(83.0, 0.13918004277934148)	(84.0, 0.10981798741953808)	(85.0, 0.09045906369238041)	(86.0, 0.07683736530398325)	(87.0, 0.06087237947076399)	(88.0, 0.04732623806315847)	(89.0, 0.04131128976797462)	(90.0, 0.03580175641187004)	(91.0, 0.029167036666138485)	(92.0, 0.021128386534075602)	(93.0, 0.01415672349562452)	(94.0, 0.009369065618164486)	(95.0, 0.005297156977663182)	(96.0, 0.0027404721141187317)	(97.0, 0.001490718810213617)	(98.0, 0.0008842208833184878)	(99.0, 0.0005043938987983061)	(100.0, 0.00015213500186426638)
SRR29999122_2	(0.0, 0.013652732597291127)	(1.0, 0.00751625958380588)	(2.0, 0.0015198093556050237)	(3.0, 0.0017722591947673912)	(4.0, 0.0021453126008170445)	(5.0, 0.002651234343267943)	(6.0, 0.0031121852641676512)	(7.0, 0.003502613760362082)	(8.0, 0.0036600116357912503)	(9.0, 0.003863402396897774)	(10.0, 0.004208860071541014)	(11.0, 0.004515479309390043)	(12.0, 0.00509192347654622)	(13.0, 0.005721514978262893)	(14.0, 0.006621953473412877)	(15.0, 0.008143806957270228)	(16.0, 0.010284009237456456)	(17.0, 0.013492268529483467)	(18.0, 0.01850753719656743)	(19.0, 0.0262701142347787)	(20.0, 0.03719393561521346)	(21.0, 0.05219579285904032)	(22.0, 0.07338727045091292)	(23.0, 0.10199075708572274)	(24.0, 0.1396292905958173)	(25.0, 0.184541854491817)	(26.0, 0.2364913298964519)	(27.0, 0.3001168658783779)	(28.0, 0.3713455368948337)	(29.0, 0.4446990792295832)	(30.0, 0.5257017494845398)	(31.0, 0.6232577703268395)	(32.0, 0.7325879699025418)	(33.0, 0.8506864576166001)	(34.0, 0.972808811795364)	(35.0, 1.0994701527584199)	(36.0, 1.2515747580781877)	(37.0, 1.3768471138937874)	(38.0, 1.466885853088155)	(39.0, 1.5742649322470115)	(40.0, 1.6867308245617834)	(41.0, 1.7997874699414773)	(42.0, 1.8959391746744283)	(43.0, 1.9731704283038418)	(44.0, 2.055971931420846)	(45.0, 2.166981382355835)	(46.0, 2.291100849837122)	(47.0, 2.407372908957727)	(48.0, 2.531694745135994)	(49.0, 2.647969870448977)	(50.0, 2.7317770846661262)	(51.0, 2.7747937196080925)	(52.0, 2.786765156717845)	(53.0, 2.7932481094700994)	(54.0, 2.8140890190666985)	(55.0, 2.8366868568961716)	(56.0, 2.873853196779979)	(57.0, 2.919388197728812)	(58.0, 3.0512068742724887)	(59.0, 3.401020586221437)	(60.0, 3.7037365611726485)	(61.0, 4.20650625785846)	(62.0, 4.534884218889382)	(63.0, 4.003335240539061)	(64.0, 3.6262007324336385)	(65.0, 3.15834474629757)	(66.0, 2.2750544430563564)	(67.0, 1.7307674795016608)	(68.0, 1.4558025897040388)	(69.0, 1.202570871485156)	(70.0, 0.9628160908338642)	(71.0, 0.8144164679714384)	(72.0, 0.6998021968634712)	(73.0, 0.6009062499517713)	(74.0, 0.5107673484730397)	(75.0, 0.43846244393173395)	(76.0, 0.38592732578280736)	(77.0, 0.35639171666493646)	(78.0, 0.3369162847408923)	(79.0, 0.30710676243720963)	(80.0, 0.27380791320680503)	(81.0, 0.24065521914644175)	(82.0, 0.21188513605906728)	(83.0, 0.18253452054803201)	(84.0, 0.15293554345433902)	(85.0, 0.12971629063615817)	(86.0, 0.10599622639615722)	(87.0, 0.08293232732515321)	(88.0, 0.06397814810545237)	(89.0, 0.051249361478212976)	(90.0, 0.041505002099370816)	(91.0, 0.034233015841718)	(92.0, 0.02600539962610237)	(93.0, 0.019069672465957317)	(94.0, 0.014955864358149502)	(95.0, 0.011834480516846381)	(96.0, 0.009638064709721166)	(97.0, 0.007788128641365353)	(98.0, 0.005884023174322879)	(99.0, 0.0050122024747054714)	(100.0, 0.016188473694302603)
SRR29999123_1	(0.0, 0.09584269980252691)	(1.0, 0.04844133382087577)	(2.0, 0.0015611021657387773)	(3.0, 0.0017854315115892279)	(4.0, 0.0014736712412021912)	(5.0, 0.0014034964201925632)	(6.0, 0.0012665979988786985)	(7.0, 0.001168813412225938)	(8.0, 0.0012274841642175942)	(9.0, 0.0014552647307734363)	(10.0, 0.0017382648286155434)	(11.0, 0.002119049513110411)	(12.0, 0.002828850571519273)	(13.0, 0.003840058238198997)	(14.0, 0.005416115693661137)	(15.0, 0.007963116574240101)	(16.0, 0.012095378165495581)	(17.0, 0.018790746333955187)	(18.0, 0.02938254267880185)	(19.0, 0.04523745059937063)	(20.0, 0.06783144215066729)	(21.0, 0.10077449419053143)	(22.0, 0.14859805950514213)	(23.0, 0.20890814133185942)	(24.0, 0.2827573619858278)	(25.0, 0.3726915719407244)	(26.0, 0.47374216378768713)	(27.0, 0.5874253738232847)	(28.0, 0.7138907549447508)	(29.0, 0.8453891662615797)	(30.0, 0.977292520807841)	(31.0, 1.1098470056605196)	(32.0, 1.2438567552439717)	(33.0, 1.3792665500269108)	(34.0, 1.5112607867184142)	(35.0, 1.6448839995828624)	(36.0, 1.763734837421333)	(37.0, 1.8648498520547965)	(38.0, 1.9634201666214843)	(39.0, 2.0505680910602284)	(40.0, 2.12971953712458)	(41.0, 2.198083617670779)	(42.0, 2.252446095815205)	(43.0, 2.286235847334792)	(44.0, 2.3266335360983015)	(45.0, 2.3964390764924532)	(46.0, 2.4488573669728417)	(47.0, 2.4912981783939436)	(48.0, 2.549543279831935)	(49.0, 2.605514026825073)	(50.0, 2.645253682840755)	(51.0, 2.715469918498848)	(52.0, 2.7812363802607893)	(53.0, 2.68584003833616)	(54.0, 2.5872651221418645)	(55.0, 2.592083026246591)	(56.0, 2.5872018497622653)	(57.0, 2.7187554806103806)	(58.0, 2.912298787361837)	(59.0, 3.6084974345638487)	(60.0, 4.246819110536444)	(61.0, 4.2211144187226886)	(62.0, 3.6479368343781617)	(63.0, 2.9343647421452084)	(64.0, 2.446149309126011)	(65.0, 1.8662729053923195)	(66.0, 1.511817583658884)	(67.0, 1.306565435460936)	(68.0, 1.1186096550315088)	(69.0, 0.9304985696703387)	(70.0, 0.7607606329377716)	(71.0, 0.6389049322718068)	(72.0, 0.5659369233046152)	(73.0, 0.48120485335964547)	(74.0, 0.37443328799004527)	(75.0, 0.3188318216123839)	(76.0, 0.27215061035125776)	(77.0, 0.23115010837120617)	(78.0, 0.20025938224414822)	(79.0, 0.17174309596239964)	(80.0, 0.14139651229989175)	(81.0, 0.1139432019954038)	(82.0, 0.09420336996746591)	(83.0, 0.07584632703548827)	(84.0, 0.05955426449223657)	(85.0, 0.04581725567787641)	(86.0, 0.0343028329977884)	(87.0, 0.024581894677602203)	(88.0, 0.01691903430473117)	(89.0, 0.011804325219340895)	(90.0, 0.007706575835139329)	(91.0, 0.005045684671282444)	(92.0, 0.00323839542855907)	(93.0, 0.0020730332370385235)	(94.0, 0.001352878516513487)	(95.0, 0.0008075856450616224)	(96.0, 0.00045326031930809004)	(97.0, 0.00028875213235109295)	(98.0, 0.0002542399252971774)	(99.0, 0.00015070330413543097)	(100.0, 3.681302085750985e-05)
SRR29999123_2	(0.0, 0.010323921615170515)	(1.0, 0.00564535513070361)	(2.0, 0.001156693558890342)	(3.0, 0.0017033895195599066)	(4.0, 0.0023329530784783315)	(5.0, 0.002916479082814057)	(6.0, 0.003589778318586047)	(7.0, 0.004146832729036719)	(8.0, 0.004454133405876243)	(9.0, 0.00484775449755833)	(10.0, 0.0055314121831114265)	(11.0, 0.006163277619758987)	(12.0, 0.007014972379538941)	(13.0, 0.008149798100002499)	(14.0, 0.009849734802968704)	(15.0, 0.012554441134702339)	(16.0, 0.016667896636666603)	(17.0, 0.022632061832855408)	(18.0, 0.03158866807691973)	(19.0, 0.04662108058703591)	(20.0, 0.06857984318411933)	(21.0, 0.09883572405586989)	(22.0, 0.13881358551662218)	(23.0, 0.1920433570640047)	(24.0, 0.26259821133972183)	(25.0, 0.34422394655371386)	(26.0, 0.4374499945836817)	(27.0, 0.5456693232023704)	(28.0, 0.6624125050520462)	(29.0, 0.7778367109629275)	(30.0, 0.8961129433802071)	(31.0, 1.036444617259194)	(32.0, 1.181985440439213)	(33.0, 1.3226635469164345)	(34.0, 1.4651382689612458)	(35.0, 1.6036249878403308)	(36.0, 1.739793715846177)	(37.0, 1.842157067521946)	(38.0, 1.9268051681942924)	(39.0, 2.0138702404822304)	(40.0, 2.0953417498883704)	(41.0, 2.1811638082025757)	(42.0, 2.243433053592271)	(43.0, 2.2723423359924775)	(44.0, 2.3038423817768257)	(45.0, 2.367094528956862)	(46.0, 2.4375181762020186)	(47.0, 2.5038421792115857)	(48.0, 2.570326162723328)	(49.0, 2.6258117744452627)	(50.0, 2.6665089726963696)	(51.0, 2.6670038764081334)	(52.0, 2.64560447009923)	(53.0, 2.637253257697928)	(54.0, 2.615314061061542)	(55.0, 2.5779315667403897)	(56.0, 2.5700602958456127)	(57.0, 2.6844693736779455)	(58.0, 2.8716960515937346)	(59.0, 3.0659031737231266)	(60.0, 3.4274683161492794)	(61.0, 3.8714234171954964)	(62.0, 3.949394921514486)	(63.0, 3.362549609493349)	(64.0, 2.778856719022262)	(65.0, 2.345318765639245)	(66.0, 1.8081802013010488)	(67.0, 1.4534953714072811)	(68.0, 1.2407546807417589)	(69.0, 1.0286872893120087)	(70.0, 0.8213065209387774)	(71.0, 0.6895320775178503)	(72.0, 0.5926230251212664)	(73.0, 0.5099752561955384)	(74.0, 0.4234798986455613)	(75.0, 0.3563272196535057)	(76.0, 0.3076701282150499)	(77.0, 0.27224998465798494)	(78.0, 0.2470996685894558)	(79.0, 0.21708088112380616)	(80.0, 0.18030378064541613)	(81.0, 0.14932165735012348)	(82.0, 0.12736519663076917)	(83.0, 0.10939558813827675)	(84.0, 0.08912755473324299)	(85.0, 0.06853610750726576)	(86.0, 0.05101076141649637)	(87.0, 0.03770130438663775)	(88.0, 0.02760066491119333)	(89.0, 0.020111505719452576)	(90.0, 0.014572036964289175)	(91.0, 0.011019088689369289)	(92.0, 0.008118722750659177)	(93.0, 0.006082711899239262)	(94.0, 0.00464864207398815)	(95.0, 0.0033780055675056257)	(96.0, 0.002759951397232876)	(97.0, 0.002343311528259439)	(98.0, 0.002134991593772721)	(99.0, 0.0023928018994358417)	(100.0, 0.011190578580189847)
SRR29999124_1	(0.0, 1.3547555797531083)	(1.0, 0.6776161960261935)	(2.0, 0.0006580888646727812)	(3.0, 0.0007525724078478383)	(4.0, 0.0006339186559535805)	(5.0, 0.0006350173018044533)	(6.0, 0.0006042552179800161)	(7.0, 0.0005822823009625609)	(8.0, 0.0006855550109446002)	(9.0, 0.0008118992837949671)	(10.0, 0.0009766961614258807)	(11.0, 0.0012172996027670143)	(12.0, 0.0016754349225809539)	(13.0, 0.0023532994125694444)	(14.0, 0.003389322449942454)	(15.0, 0.005052672268163807)	(16.0, 0.007913546063836466)	(17.0, 0.012568508533984335)	(18.0, 0.019715199793911616)	(19.0, 0.030510493924587323)	(20.0, 0.04654193418052258)	(21.0, 0.07027268455937413)	(22.0, 0.10690922774842795)	(23.0, 0.15250412920549822)	(24.0, 0.2088086304168761)	(25.0, 0.2788011602842777)	(26.0, 0.35922643115156694)	(27.0, 0.4535880246371772)	(28.0, 0.5599358443558091)	(29.0, 0.6734303553343683)	(30.0, 0.7924939021310017)	(31.0, 0.9139140442777569)	(32.0, 1.0400287001452915)	(33.0, 1.1711553783845077)	(34.0, 1.297591937486348)	(35.0, 1.4322716364072865)	(36.0, 1.559734330733842)	(37.0, 1.668136618193606)	(38.0, 1.7734967552923036)	(39.0, 1.8686735439992612)	(40.0, 1.9630702941520992)	(41.0, 2.0496358966799164)	(42.0, 2.1215752269950645)	(43.0, 2.1743409899207813)	(44.0, 2.230559796755791)	(45.0, 2.308633965502213)	(46.0, 2.357917021080663)	(47.0, 2.3985361554791305)	(48.0, 2.4576817548608654)	(49.0, 2.513588546274227)	(50.0, 2.561958627150602)	(51.0, 2.6521200975483255)	(52.0, 2.7361994645156176)	(53.0, 2.65395044153588)	(54.0, 2.5594163606516824)	(55.0, 2.5677968312021395)	(56.0, 2.578084550949712)	(57.0, 2.7328584824831137)	(58.0, 2.9456892553600347)	(59.0, 3.592698276626764)	(60.0, 4.2542962161472335)	(61.0, 4.373332296797595)	(62.0, 3.9421050111632305)	(63.0, 3.25444719206006)	(64.0, 2.6535615209046703)	(65.0, 1.9994662338998122)	(66.0, 1.6188414775107962)	(67.0, 1.4011371116394036)	(68.0, 1.2237387660989796)	(69.0, 1.0270723696259492)	(70.0, 0.8306454779484089)	(71.0, 0.6985486954228722)	(72.0, 0.6177982253837245)	(73.0, 0.5318039186983613)	(74.0, 0.43023630707687666)	(75.0, 0.3764850588229271)	(76.0, 0.33173611467102887)	(77.0, 0.2875650582366897)	(78.0, 0.2568579067047961)	(79.0, 0.2271549174806003)	(80.0, 0.19286947641241417)	(81.0, 0.1602957255798878)	(82.0, 0.13557179935184727)	(83.0, 0.11302758649193834)	(84.0, 0.09077781072006325)	(85.0, 0.0717174038532718)	(86.0, 0.05550139109438991)	(87.0, 0.041503544308420126)	(88.0, 0.030491816945122485)	(89.0, 0.022017961497340914)	(90.0, 0.01505364544865851)	(91.0, 0.010209715892160527)	(92.0, 0.006768757087227053)	(93.0, 0.004261647255535423)	(94.0, 0.00266641348006818)	(95.0, 0.0015732608584497875)	(96.0, 0.0008701275138912231)	(97.0, 0.0004943906328927405)	(98.0, 0.00032739646356008147)	(99.0, 0.0001823752112448776)	(100.0, 5.2735000841892314e-05)
SRR29999124_2	(0.0, 0.011614635981398792)	(1.0, 0.0060175276341044035)	(2.0, 0.0005542896386626781)	(3.0, 0.0009381988295128764)	(4.0, 0.001458191105304211)	(5.0, 0.0020390335410285744)	(6.0, 0.0027172362326457833)	(7.0, 0.0031675274161501944)	(8.0, 0.003426417187501625)	(9.0, 0.00374394438569761)	(10.0, 0.004176533704494232)	(11.0, 0.004540528297548165)	(12.0, 0.005008521345760367)	(13.0, 0.005847147186291924)	(14.0, 0.006978960161046255)	(15.0, 0.008607531714162946)	(16.0, 0.011407745437626494)	(17.0, 0.015561045444691753)	(18.0, 0.021535424783570917)	(19.0, 0.0318478673424029)	(20.0, 0.0472363196061937)	(21.0, 0.06820528471911533)	(22.0, 0.09742221241932292)	(23.0, 0.13813428851415172)	(24.0, 0.19080176148600428)	(25.0, 0.25162647498851537)	(26.0, 0.32337434538227716)	(27.0, 0.4110793404435676)	(28.0, 0.5062489905788242)	(29.0, 0.6002304030455704)	(30.0, 0.7013423478899233)	(31.0, 0.825553013444854)	(32.0, 0.9634151357891233)	(33.0, 1.0991419707030154)	(34.0, 1.2348953584139697)	(35.0, 1.3759626246368932)	(36.0, 1.518921777650462)	(37.0, 1.6277318209096152)	(38.0, 1.7185988115543345)	(39.0, 1.816565356313422)	(40.0, 1.9121631703012985)	(41.0, 2.011177444177778)	(42.0, 2.086074033756438)	(43.0, 2.1337064325854684)	(44.0, 2.180725904348992)	(45.0, 2.25336329344432)	(46.0, 2.333873586868438)	(47.0, 2.4022337629037467)	(48.0, 2.477174607144176)	(49.0, 2.5480838516974065)	(50.0, 2.596656662089038)	(51.0, 2.6102970552129348)	(52.0, 2.6156850602833686)	(53.0, 2.6219493076568376)	(54.0, 2.6112717641384076)	(55.0, 2.5974565651005213)	(56.0, 2.6074393104291707)	(57.0, 2.733777518848669)	(58.0, 2.929990519102536)	(59.0, 3.166633471982451)	(60.0, 3.5587010097298517)	(61.0, 3.9465200999473837)	(62.0, 4.0031970452755505)	(63.0, 3.5514742234628964)	(64.0, 3.1521500275518464)	(65.0, 2.7439704738207236)	(66.0, 2.084640182715107)	(67.0, 1.6248010559339319)	(68.0, 1.3726280358725633)	(69.0, 1.1466593074114455)	(70.0, 0.924410183272052)	(71.0, 0.7846351531727971)	(72.0, 0.6856463257268347)	(73.0, 0.6001264045904122)	(74.0, 0.5144172947749251)	(75.0, 0.4483871266817795)	(76.0, 0.3985939939918543)	(77.0, 0.36596060640304323)	(78.0, 0.3455193781317226)	(79.0, 0.3159782850340536)	(80.0, 0.27675427194122343)	(81.0, 0.2421725728680112)	(82.0, 0.21611874711777684)	(83.0, 0.19686465014842242)	(84.0, 0.17674758727456316)	(85.0, 0.1547939559372707)	(86.0, 0.1343505149328616)	(87.0, 0.1177716122674719)	(88.0, 0.10512584266684434)	(89.0, 0.09547611366801025)	(90.0, 0.08848940894115433)	(91.0, 0.08324744425455999)	(92.0, 0.0767774127038627)	(93.0, 0.0705861855223131)	(94.0, 0.06355080066751076)	(95.0, 0.055567259684297425)	(96.0, 0.04758482506762831)	(97.0, 0.03872614814792359)	(98.0, 0.029942704153226987)	(99.0, 0.022035502461565985)	(100.0, 0.04149095814197157)
SRR29999125_1	(0.0, 0.06305704795641075)	(1.0, 0.03170361296499429)	(2.0, 0.0005590341221046332)	(3.0, 0.000779145991210708)	(4.0, 0.0007916523474099168)	(5.0, 0.0007416269226130815)	(6.0, 0.0006928521334361673)	(7.0, 0.0007491307363326068)	(8.0, 0.0008454296790665146)	(9.0, 0.0010305237508148046)	(10.0, 0.0012706457898396136)	(11.0, 0.001497010837045293)	(12.0, 0.002128581825105337)	(13.0, 0.003045297734507342)	(14.0, 0.004399736110881654)	(15.0, 0.006470788697470631)	(16.0, 0.00941228367552454)	(17.0, 0.014556147980259115)	(18.0, 0.023283083336067014)	(19.0, 0.036019556489341256)	(20.0, 0.05416627933439321)	(21.0, 0.08143513839114806)	(22.0, 0.12279490897755148)	(23.0, 0.1750627234409048)	(24.0, 0.23861752437404404)	(25.0, 0.3175338826266715)	(26.0, 0.4084700998223585)	(27.0, 0.5119051694035347)	(28.0, 0.6312770886893627)	(29.0, 0.7555389932490815)	(30.0, 0.8808539330007735)	(31.0, 1.0051308451879313)	(32.0, 1.1284397654052702)	(33.0, 1.257819270921705)	(34.0, 1.383624459836406)	(35.0, 1.507788814817771)	(36.0, 1.6414017219076382)	(37.0, 1.7732537340446566)	(38.0, 1.8455604830460022)	(39.0, 1.905168277962671)	(40.0, 1.9746173245724974)	(41.0, 2.0217525304516952)	(42.0, 2.16979527132421)	(43.0, 2.203423612508262)	(44.0, 2.1289832791393315)	(45.0, 2.168161941204593)	(46.0, 2.1992177249184683)	(47.0, 2.2176646003123013)	(48.0, 2.249281919419521)	(49.0, 2.278869456915609)	(50.0, 2.2935544203647202)	(51.0, 2.3547255098062903)	(52.0, 2.434950032917355)	(53.0, 2.4085516162520646)	(54.0, 2.4300362855666857)	(55.0, 2.6101715870819895)	(56.0, 2.637484218385442)	(57.0, 2.735088824706547)	(58.0, 3.046492091524366)	(59.0, 4.236305549341633)	(60.0, 5.322582636092512)	(61.0, 5.413386285912487)	(62.0, 4.607773093077393)	(63.0, 3.398571031244492)	(64.0, 2.6791603997836853)	(65.0, 1.9753614527663503)	(66.0, 1.6500811331098888)	(67.0, 1.6087513777783637)	(68.0, 1.4405396362633853)	(69.0, 1.1489814554624707)	(70.0, 0.8519179766626641)	(71.0, 0.6245686792241072)	(72.0, 0.5107958556086649)	(73.0, 0.40434550354785936)	(74.0, 0.2892745201589393)	(75.0, 0.24529967049128132)	(76.0, 0.21054825852053982)	(77.0, 0.17866205275503708)	(78.0, 0.15555655967699883)	(79.0, 0.13517620161476818)	(80.0, 0.11177180662356885)	(81.0, 0.0905585252384709)	(82.0, 0.07547961156908485)	(83.0, 0.06185018458318709)	(84.0, 0.04870475358219873)	(85.0, 0.0376278738965595)	(86.0, 0.028416942555842224)	(87.0, 0.020569204040838705)	(88.0, 0.014643692473653578)	(89.0, 0.01049283285113618)	(90.0, 0.007267443587360231)	(91.0, 0.004911246079429294)	(92.0, 0.0032541538830341285)	(93.0, 0.001952242202696493)	(94.0, 0.0011843519320650728)	(95.0, 0.0007703915418712618)	(96.0, 0.00047899344242969687)	(97.0, 0.00030515509126069463)	(98.0, 0.00023637013216504623)	(99.0, 0.00014257246067098027)	(100.0, 4.377224669723078e-05)
SRR29999125_2	(0.0, 0.011761379400395571)	(1.0, 0.006129627639006413)	(2.0, 0.0005891948199942899)	(3.0, 0.0008556459806286504)	(4.0, 0.00118839719531757)	(5.0, 0.001607463574719029)	(6.0, 0.002066560175436448)	(7.0, 0.00239680950129312)	(8.0, 0.0026007134411212924)	(9.0, 0.0028771721570846434)	(10.0, 0.0033200064803924536)	(11.0, 0.003891688078561011)	(12.0, 0.00466352078330937)	(13.0, 0.005561698874086227)	(14.0, 0.006788875346303633)	(15.0, 0.008866694021485195)	(16.0, 0.012184198613045401)	(17.0, 0.016946544005228548)	(18.0, 0.024135721564691785)	(19.0, 0.03636245228788539)	(20.0, 0.05445361043386718)	(21.0, 0.07911347770891482)	(22.0, 0.11367832287083038)	(23.0, 0.16150943356573838)	(24.0, 0.2225317531286714)	(25.0, 0.2936992319063681)	(26.0, 0.37841944248834963)	(27.0, 0.47815849173031294)	(28.0, 0.5829025695811874)	(29.0, 0.6860279253575977)	(30.0, 0.7944360194032987)	(31.0, 0.9249495522263227)	(32.0, 1.0621206112319572)	(33.0, 1.1930819821559535)	(34.0, 1.3224946838927882)	(35.0, 1.4498933651196642)	(36.0, 1.5704381218905976)	(37.0, 1.661006497617958)	(38.0, 1.7421627675584028)	(39.0, 1.8226110029593217)	(40.0, 1.895627377584049)	(41.0, 1.971838664247557)	(42.0, 2.0333626125213558)	(43.0, 2.05742327742108)	(44.0, 2.0790483535426114)	(45.0, 2.1342375192931593)	(46.0, 2.1816470617198336)	(47.0, 2.2286487962668513)	(48.0, 2.270571696484407)	(49.0, 2.2950589334300298)	(50.0, 2.3290821196597635)	(51.0, 2.3579926960607995)	(52.0, 2.411574398236629)	(53.0, 2.4985700767115393)	(54.0, 2.5091055305841334)	(55.0, 2.50551156727661)	(56.0, 2.626946996471824)	(57.0, 2.873440589891346)	(58.0, 3.2660007080595586)	(59.0, 3.526298473111006)	(60.0, 4.085862172720573)	(61.0, 4.857450943307787)	(62.0, 4.848846947613688)	(63.0, 4.073216375617977)	(64.0, 3.474465591228918)	(65.0, 3.0621630682854404)	(66.0, 2.228917749316318)	(67.0, 1.5848602600640889)	(68.0, 1.2855292763963313)	(69.0, 1.0024030266950412)	(70.0, 0.7876834214450626)	(71.0, 0.6369896533011303)	(72.0, 0.5218227065751128)	(73.0, 0.4297994824918007)	(74.0, 0.3438095633274536)	(75.0, 0.2893459453382574)	(76.0, 0.25049411366228574)	(77.0, 0.22278694578956063)	(78.0, 0.20319965812189486)	(79.0, 0.17979073526297099)	(80.0, 0.15347086474772711)	(81.0, 0.12793283449256057)	(82.0, 0.10887970009057964)	(83.0, 0.09393341620673297)	(84.0, 0.0765015057680484)	(85.0, 0.061009810118771796)	(86.0, 0.04777356725176631)	(87.0, 0.036262376734595494)	(88.0, 0.026553797121059007)	(89.0, 0.01964107827755912)	(90.0, 0.014981310327498124)	(91.0, 0.012167936335635792)	(92.0, 0.00955721533918551)	(93.0, 0.007614498660945313)	(94.0, 0.006164654082657879)	(95.0, 0.004762345392183146)	(96.0, 0.003946729632870456)	(97.0, 0.003447602810837077)	(98.0, 0.0030735704304160733)	(99.0, 0.0029209552116489746)	(100.0, 0.009495919062795446)
SRR29999126_1	(0.0, 0.07606922684674511)	(1.0, 0.03827351848390478)	(2.0, 0.000830369045345004)	(3.0, 0.0010715935724843347)	(4.0, 0.0008524039781125389)	(5.0, 0.0007538266473104086)	(6.0, 0.0007631045137388445)	(7.0, 0.0007642642470423988)	(8.0, 0.0007433890475784183)	(9.0, 0.0008199314456130137)	(10.0, 0.000984613574717749)	(11.0, 0.001192205836054)	(12.0, 0.0015389660938167878)	(13.0, 0.001973866082649716)	(14.0, 0.0026488308653184202)	(15.0, 0.003568499375037119)	(16.0, 0.004963658539213152)	(17.0, 0.007280805679714992)	(18.0, 0.010799436522699268)	(19.0, 0.016194515850834684)	(20.0, 0.024483129771338517)	(21.0, 0.036594224660357895)	(22.0, 0.05395543221456839)	(23.0, 0.07535251166514843)	(24.0, 0.10227108137395136)	(25.0, 0.1359729311752444)	(26.0, 0.1748309552441406)	(27.0, 0.22116346045444546)	(28.0, 0.27405077829644015)	(29.0, 0.32874148142546206)	(30.0, 0.38673742446961423)	(31.0, 0.44503373843938704)	(32.0, 0.5033497678753203)	(33.0, 0.5686218776659732)	(34.0, 0.6379205814865673)	(35.0, 0.7105558380214876)	(36.0, 0.8565569830725674)	(37.0, 1.0887355904441733)	(38.0, 1.091886585829931)	(39.0, 1.0394016954442695)	(40.0, 1.0880188752625766)	(41.0, 1.138845347024155)	(42.0, 1.6803665768526672)	(43.0, 1.74154714754838)	(44.0, 1.3282495109607613)	(45.0, 1.3412791146261958)	(46.0, 1.404148257011884)	(47.0, 1.47038062597788)	(48.0, 1.516280550665959)	(49.0, 1.561867347362078)	(50.0, 1.5668704368336122)	(51.0, 1.617388419536445)	(52.0, 1.755023248535683)	(53.0, 2.0340318867048186)	(54.0, 2.5601205454629317)	(55.0, 3.2809330648210544)	(56.0, 3.466622602986376)	(57.0, 3.513322743653907)	(58.0, 4.132299081626913)	(59.0, 5.589517894342753)	(60.0, 6.595679313840544)	(61.0, 6.784670612721085)	(62.0, 6.055606590908171)	(63.0, 4.409345451046433)	(64.0, 3.507779218462917)	(65.0, 2.75590092310248)	(66.0, 2.63468675794827)	(67.0, 3.2277291397871894)	(68.0, 3.25302524260432)	(69.0, 2.5783944631270392)	(70.0, 1.6858254415124982)	(71.0, 1.0002746132489486)	(72.0, 0.6719831083452656)	(73.0, 0.4483331796879995)	(74.0, 0.26586538063995263)	(75.0, 0.22735643629542635)	(76.0, 0.19614221443025764)	(77.0, 0.16860434713735664)	(78.0, 0.14905356310603532)	(79.0, 0.1290562817528455)	(80.0, 0.10813121375681213)	(81.0, 0.09085698620036821)	(82.0, 0.07741915641208252)	(83.0, 0.06489055753378353)	(84.0, 0.05175773760433265)	(85.0, 0.04066952748904832)	(86.0, 0.03173726158507176)	(87.0, 0.023004469809306562)	(88.0, 0.01620611318387023)	(89.0, 0.0116495210342047)	(90.0, 0.008019555794079192)	(91.0, 0.005420593460813615)	(92.0, 0.003671715639053467)	(93.0, 0.002344980739787148)	(94.0, 0.0014577847625679749)	(95.0, 0.0008941543770405)	(96.0, 0.0005381162528492763)	(97.0, 0.00030848905874549025)	(98.0, 0.00015888346258696303)	(99.0, 9.277866428435797e-05)	(100.0, 4.175039892796109e-05)
SRR29999126_2	(0.0, 0.008404006144716012)	(1.0, 0.0043934250786912665)	(2.0, 0.0004501317482260923)	(3.0, 0.0005997889531775507)	(4.0, 0.000850377761468365)	(5.0, 0.0011984177729833848)	(6.0, 0.0014304444473267313)	(7.0, 0.0016369481874923097)	(8.0, 0.0018852167290396907)	(9.0, 0.00199542939935278)	(10.0, 0.002184531138942608)	(11.0, 0.0026717871550636352)	(12.0, 0.0031126378363159936)	(13.0, 0.003424713713307795)	(14.0, 0.003993179065448994)	(15.0, 0.004898083095388046)	(16.0, 0.006186991271365336)	(17.0, 0.008104691734813095)	(18.0, 0.011094355433727113)	(19.0, 0.015799856389410182)	(20.0, 0.022663205416486372)	(21.0, 0.03236424067078169)	(22.0, 0.04560832324229991)	(23.0, 0.06364723703912338)	(24.0, 0.08758774929786989)	(25.0, 0.11607250397363082)	(26.0, 0.14998436256228265)	(27.0, 0.18968412654242922)	(28.0, 0.23172619980007192)	(29.0, 0.2759899284645521)	(30.0, 0.32535824396458596)	(31.0, 0.38404823110636377)	(32.0, 0.44916071659396534)	(33.0, 0.5178545338000565)	(34.0, 0.5878859847837371)	(35.0, 0.6577271738944561)	(36.0, 0.7331370031894154)	(37.0, 0.8018818662638622)	(38.0, 0.8606089776735348)	(39.0, 0.9198639497673387)	(40.0, 0.9799576982888938)	(41.0, 1.0654305244501239)	(42.0, 1.164387580790818)	(43.0, 1.2048240294620045)	(44.0, 1.2424448344400347)	(45.0, 1.3292297714446768)	(46.0, 1.3854881190393362)	(47.0, 1.470202217975464)	(48.0, 1.5289165679180476)	(49.0, 1.5334434083344863)	(50.0, 1.6190032444985953)	(51.0, 1.7684330633091974)	(52.0, 2.0514708020069286)	(53.0, 2.526039599574862)	(54.0, 2.7522679273263684)	(55.0, 2.9342858925484934)	(56.0, 3.4348149945753326)	(57.0, 3.8254144988317806)	(58.0, 4.510397846161349)	(59.0, 4.5979299090573775)	(60.0, 4.871064749294134)	(61.0, 5.749972510639758)	(62.0, 5.571945404216338)	(63.0, 5.430334884331106)	(64.0, 6.110125474688871)	(65.0, 6.110200883358033)	(66.0, 4.366351046195513)	(67.0, 2.8092235150774294)	(68.0, 2.016969595665445)	(69.0, 1.380000688191116)	(70.0, 1.0796038738523872)	(71.0, 0.7738194001354062)	(72.0, 0.5378598736619399)	(73.0, 0.4090026999319906)	(74.0, 0.3128206826164432)	(75.0, 0.2704514517479764)	(76.0, 0.23733428451895056)	(77.0, 0.2149332692444722)	(78.0, 0.20184000401127716)	(79.0, 0.18199476255469071)	(80.0, 0.15877237285303686)	(81.0, 0.1355813067524194)	(82.0, 0.11993342783470409)	(83.0, 0.10412777077843534)	(84.0, 0.08298201981215446)	(85.0, 0.06881563121012144)	(86.0, 0.05635695893125543)	(87.0, 0.04199914832288916)	(88.0, 0.029545116577510033)	(89.0, 0.020744344819666895)	(90.0, 0.01554810744774765)	(91.0, 0.012640813218225518)	(92.0, 0.010103601534281024)	(93.0, 0.008566424816756353)	(94.0, 0.006814623425464088)	(95.0, 0.005087184834977872)	(96.0, 0.004262330007687275)	(97.0, 0.0036346978535885237)	(98.0, 0.003313340909622988)	(99.0, 0.0033806286451825594)	(100.0, 0.010388994343723342)
SRR29999127_1	(0.0, 0.09946804467344753)	(1.0, 0.05100596838552471)	(2.0, 0.0036422850683155)	(3.0, 0.004140813373156893)	(4.0, 0.0031158019052587027)	(5.0, 0.0025229259539403174)	(6.0, 0.002039539863965603)	(7.0, 0.0016353592056012032)	(8.0, 0.0014629709132728712)	(9.0, 0.0014012372680471848)	(10.0, 0.0014443343411292677)	(11.0, 0.0014524878414420943)	(12.0, 0.001488596199970326)	(13.0, 0.001692433707790989)	(14.0, 0.002061670793386132)	(15.0, 0.002635910172560914)	(16.0, 0.0034850389908538462)	(17.0, 0.0048548270434087)	(18.0, 0.007131983202205246)	(19.0, 0.010556453333592382)	(20.0, 0.016011145042873317)	(21.0, 0.0244010968647718)	(22.0, 0.036298218606944654)	(23.0, 0.05157671340742256)	(24.0, 0.07082246850297005)	(25.0, 0.0967389516401686)	(26.0, 0.1273763114584937)	(27.0, 0.1608487598141645)	(28.0, 0.20092787299474268)	(29.0, 0.24556362806443197)	(30.0, 0.29518233661101717)	(31.0, 0.34404509920002746)	(32.0, 0.39396199290091033)	(33.0, 0.4554871414757402)	(34.0, 0.5259659981798126)	(35.0, 0.6085528028484323)	(36.0, 0.739975580033606)	(37.0, 0.938860418807106)	(38.0, 0.9968783974616616)	(39.0, 0.9983495218752473)	(40.0, 1.0931852135852504)	(41.0, 1.1892579077712853)	(42.0, 1.553637836751502)	(43.0, 1.6466494739629498)	(44.0, 1.450104689779231)	(45.0, 1.5400890488031023)	(46.0, 1.6652627503913737)	(47.0, 1.7491203363230357)	(48.0, 1.8112465143494967)	(49.0, 1.8557588021287343)	(50.0, 1.8938601090905727)	(51.0, 2.0498482179325337)	(52.0, 2.271795814733743)	(53.0, 2.378189675530057)	(54.0, 2.648168377888369)	(55.0, 3.161174969713823)	(56.0, 3.282238142358671)	(57.0, 3.459236656721027)	(58.0, 4.28048283351561)	(59.0, 5.226085032295665)	(60.0, 5.632902765618385)	(61.0, 6.066035338807873)	(62.0, 5.937649158096347)	(63.0, 5.3137037114430585)	(64.0, 4.504573636113335)	(65.0, 3.110411276766165)	(66.0, 2.5160548827481226)	(67.0, 2.631139210092151)	(68.0, 2.5682733931087407)	(69.0, 2.0374583918143143)	(70.0, 1.395633483760755)	(71.0, 0.9273197215071796)	(72.0, 0.6776257631414216)	(73.0, 0.5031233846605496)	(74.0, 0.34703626902907586)	(75.0, 0.29817700079734244)	(76.0, 0.2607710709336124)	(77.0, 0.2258962205241354)	(78.0, 0.20236987776435403)	(79.0, 0.1759397241074474)	(80.0, 0.14492031456017843)	(81.0, 0.12310504208033159)	(82.0, 0.11084916632439437)	(83.0, 0.1040328400628714)	(84.0, 0.08848877410934715)	(85.0, 0.07153065824442699)	(86.0, 0.06525828693234545)	(87.0, 0.05440248365869643)	(88.0, 0.042100016472400206)	(89.0, 0.03659989811851923)	(90.0, 0.029961784078119478)	(91.0, 0.021705782618503148)	(92.0, 0.013902882819128177)	(93.0, 0.008426060180426711)	(94.0, 0.005272985130880803)	(95.0, 0.003024948616058636)	(96.0, 0.0018461854279757171)	(97.0, 0.0010716028982571987)	(98.0, 0.000545119735200401)	(99.0, 0.000280713367913027)	(100.0, 0.0001246320762103481)
SRR29999127_2	(0.0, 0.007446069829172942)	(1.0, 0.00420545634013852)	(2.0, 0.0012013924873047423)	(3.0, 0.00155913011446532)	(4.0, 0.0018364641707005567)	(5.0, 0.0021464257629634676)	(6.0, 0.0022979107516633867)	(7.0, 0.00261253342050168)	(8.0, 0.002893363284168453)	(9.0, 0.0030786410780398927)	(10.0, 0.0033629667491382018)	(11.0, 0.0036636061882503487)	(12.0, 0.00392928755304713)	(13.0, 0.004213613224145439)	(14.0, 0.004659911306238278)	(15.0, 0.005215744687852596)	(16.0, 0.006083870200017516)	(17.0, 0.007434417137734487)	(18.0, 0.009170668162064327)	(19.0, 0.011844960847189822)	(20.0, 0.015992153730136065)	(21.0, 0.021449109130764685)	(22.0, 0.029121241173843657)	(23.0, 0.04026937107301385)	(24.0, 0.05529202087547043)	(25.0, 0.07397827686617738)	(26.0, 0.09813430621809521)	(27.0, 0.12631750573114323)	(28.0, 0.1591606165504295)	(29.0, 0.19995086293074232)	(30.0, 0.24380460189022501)	(31.0, 0.2929206963033142)	(32.0, 0.3521489963466948)	(33.0, 0.4214906672895108)	(34.0, 0.4955726531094904)	(35.0, 0.5808237436732294)	(36.0, 0.6925124605725359)	(37.0, 0.7915160575719399)	(38.0, 0.8544254428407285)	(39.0, 0.9297938857955136)	(40.0, 1.029662112499651)	(41.0, 1.1683792471904546)	(42.0, 1.3165770116355853)	(43.0, 1.3727558023295223)	(44.0, 1.4318454353447851)	(45.0, 1.5668453614667215)	(46.0, 1.6639938499891231)	(47.0, 1.7589761031731166)	(48.0, 1.83268054179049)	(49.0, 1.861038531675115)	(50.0, 1.936106335190788)	(51.0, 2.0639515087695126)	(52.0, 2.2394433723709373)	(53.0, 2.449929433631187)	(54.0, 2.676610405452602)	(55.0, 2.905832829276744)	(56.0, 3.1452350443415202)	(57.0, 3.21773226412587)	(58.0, 3.6015427883799918)	(59.0, 4.043524713564026)	(60.0, 4.306050529519274)	(61.0, 5.4624508099109965)	(62.0, 6.38470890015326)	(63.0, 6.064869321357971)	(64.0, 5.963580631567486)	(65.0, 5.533274703204784)	(66.0, 4.012908432078629)	(67.0, 2.8338623111454124)	(68.0, 2.071935932943142)	(69.0, 1.435460100228994)	(70.0, 1.0847805082726885)	(71.0, 0.8093481712802081)	(72.0, 0.6196633295067447)	(73.0, 0.5040593082841174)	(74.0, 0.41381970051557565)	(75.0, 0.3496226928428377)	(76.0, 0.30184549267602706)	(77.0, 0.2749359323372022)	(78.0, 0.254358444526034)	(79.0, 0.224311979651977)	(80.0, 0.19457431110103904)	(81.0, 0.17058608050583493)	(82.0, 0.1520303346592387)	(83.0, 0.1302374711310396)	(84.0, 0.10719776961892576)	(85.0, 0.09547516203183973)	(86.0, 0.08379100832650059)	(87.0, 0.06466777640685158)	(88.0, 0.04654667595090973)	(89.0, 0.03642514816746745)	(90.0, 0.030274857626250738)	(91.0, 0.026351396418922833)	(92.0, 0.021629725848060742)	(93.0, 0.017397468317613775)	(94.0, 0.01452274933974685)	(95.0, 0.013829414199158759)	(96.0, 0.012969445571000757)	(97.0, 0.00962628839730793)	(98.0, 0.006494044938651143)	(99.0, 0.004415204786030716)	(100.0, 0.008916639488706002)
SRR29999128_1	(0.0, 0.18766533317638384)	(1.0, 0.0940971505678951)	(2.0, 0.0009865140846312132)	(3.0, 0.0012599257936070584)	(4.0, 0.0009898619831084684)	(5.0, 0.000849250247063748)	(6.0, 0.0007633208528141967)	(7.0, 0.0007811763113595579)	(8.0, 0.0008313947885183866)	(9.0, 0.0009005846903816618)	(10.0, 0.0010423123925854673)	(11.0, 0.001309028304606802)	(12.0, 0.0017241677157864527)	(13.0, 0.0023457608663968437)	(14.0, 0.003345666544937078)	(15.0, 0.004964933441769533)	(16.0, 0.007398855634734098)	(17.0, 0.011313664920804569)	(18.0, 0.017800776203566154)	(19.0, 0.02747173893819748)	(20.0, 0.04177619316535007)	(21.0, 0.062432726770014955)	(22.0, 0.0926229592717437)	(23.0, 0.1309842959902934)	(24.0, 0.17790844104750297)	(25.0, 0.23555478896120202)	(26.0, 0.30294352144371384)	(27.0, 0.38057124343583126)	(28.0, 0.46746929631146844)	(29.0, 0.558371435765903)	(30.0, 0.6518916318295511)	(31.0, 0.7411878959810622)	(32.0, 0.8309338944946845)	(33.0, 0.9281479385449043)	(34.0, 1.027972227441224)	(35.0, 1.1345458796676902)	(36.0, 1.2770491783520599)	(37.0, 1.4398161905530964)	(38.0, 1.4913124489640777)	(39.0, 1.5432361224139883)	(40.0, 1.6131469384160324)	(41.0, 1.6530293370094151)	(42.0, 2.053522808317233)	(43.0, 2.1116958922580205)	(44.0, 1.8242665323579075)	(45.0, 1.8553718571100861)	(46.0, 1.9082954362385371)	(47.0, 1.95018992181675)	(48.0, 1.9783435160781484)	(49.0, 2.010180914630687)	(50.0, 2.0222657121674192)	(51.0, 2.0684544355257914)	(52.0, 2.177766668706653)	(53.0, 2.3427678451581775)	(54.0, 2.7417726176097763)	(55.0, 3.545126524448832)	(56.0, 3.677814900764048)	(57.0, 3.403221383625732)	(58.0, 3.5418221486517814)	(59.0, 4.001467406221904)	(60.0, 4.634419976365622)	(61.0, 4.887540072670824)	(62.0, 4.075419135685995)	(63.0, 3.2349995288390874)	(64.0, 2.91533771836612)	(65.0, 2.2714598395249594)	(66.0, 2.212411838115449)	(67.0, 2.6602457098578154)	(68.0, 2.6811086972019114)	(69.0, 2.1034734535978816)	(70.0, 1.4125419776250572)	(71.0, 0.979403148265523)	(72.0, 0.75692525075648)	(73.0, 0.5178931112435688)	(74.0, 0.3200066440161247)	(75.0, 0.2646145477437775)	(76.0, 0.2366607114248553)	(77.0, 0.20755742996207546)	(78.0, 0.18239016114238868)	(79.0, 0.15718271754097482)	(80.0, 0.1276118462575383)	(81.0, 0.11839954561429095)	(82.0, 0.1236847613437179)	(83.0, 0.10917720127561181)	(84.0, 0.08192753960307227)	(85.0, 0.06711420480737687)	(86.0, 0.06013941631309511)	(87.0, 0.05036466872566887)	(88.0, 0.038486324928367247)	(89.0, 0.03461838622097835)	(90.0, 0.030096491344365598)	(91.0, 0.025422825070117273)	(92.0, 0.021217864582684678)	(93.0, 0.014382571858288545)	(94.0, 0.008655433529863902)	(95.0, 0.005091037617746147)	(96.0, 0.00310238592225653)	(97.0, 0.0018993744027628108)	(98.0, 0.001173996399357507)	(99.0, 0.0005836503012014982)	(100.0, 0.00016627895770367733)
SRR29999128_2	(0.0, 0.010434808949951946)	(1.0, 0.005438566129021196)	(2.0, 0.000568541827823329)	(3.0, 0.0008544882088110937)	(4.0, 0.001239845636314136)	(5.0, 0.0016397237784767133)	(6.0, 0.002099918735378897)	(7.0, 0.0025254873727083437)	(8.0, 0.0028315393586093103)	(9.0, 0.0031956742031484173)	(10.0, 0.003612307016071996)	(11.0, 0.004164094173134323)	(12.0, 0.00477396418883479)	(13.0, 0.0053938870069918585)	(14.0, 0.006434910550275439)	(15.0, 0.008091388999513154)	(16.0, 0.010644800823489835)	(17.0, 0.01464134828901414)	(18.0, 0.02076685591923641)	(19.0, 0.03048791589476968)	(20.0, 0.04447248108995255)	(21.0, 0.0629975620613669)	(22.0, 0.0893325535635096)	(23.0, 0.12645308512353454)	(24.0, 0.17271273109466062)	(25.0, 0.22551228355283107)	(26.0, 0.2886651055632499)	(27.0, 0.3627229842829795)	(28.0, 0.4389120571235085)	(29.0, 0.5161991193879085)	(30.0, 0.5996574853826109)	(31.0, 0.6977415619736171)	(32.0, 0.8005817311046463)	(33.0, 0.9031918027572247)	(34.0, 1.0081631660090533)	(35.0, 1.1140415154380776)	(36.0, 1.2167174887956491)	(37.0, 1.3023126338014046)	(38.0, 1.3811612313807298)	(39.0, 1.4592502838855566)	(40.0, 1.5306922000104684)	(41.0, 1.6197924221394253)	(42.0, 1.724759317479051)	(43.0, 1.7662785086028643)	(44.0, 1.7963631954213193)	(45.0, 1.8833299894733753)	(46.0, 1.9237847005148399)	(47.0, 1.975529825693118)	(48.0, 2.0248511085013043)	(49.0, 2.02032176250558)	(50.0, 2.0692219445886404)	(51.0, 2.1769265531306137)	(52.0, 2.436096736286196)	(53.0, 2.8204388307411214)	(54.0, 2.8861428306194155)	(55.0, 2.9072291422611616)	(56.0, 3.4261425183123526)	(57.0, 3.4306618115056198)	(58.0, 3.4934661363642103)	(59.0, 3.5959801479044256)	(60.0, 3.2671708511978146)	(61.0, 4.07959925150854)	(62.0, 4.901793390916828)	(63.0, 4.436470387783728)	(64.0, 4.201292893157899)	(65.0, 4.390418499730037)	(66.0, 3.237765287034206)	(67.0, 1.9956331966502185)	(68.0, 1.6251840751903157)	(69.0, 1.2865866998251283)	(70.0, 1.0720487256207534)	(71.0, 0.8335917834379721)	(72.0, 0.6228325459792287)	(73.0, 0.4719466829739505)	(74.0, 0.3697699988050569)	(75.0, 0.3279078954196684)	(76.0, 0.3252472537028213)	(77.0, 0.2927175019313109)	(78.0, 0.2401268243686276)	(79.0, 0.2067336485639002)	(80.0, 0.1711634825382933)	(81.0, 0.15215139913675915)	(82.0, 0.15042901898252817)	(83.0, 0.1370554407810965)	(84.0, 0.11612215513230079)	(85.0, 0.10986931200429491)	(86.0, 0.09437124155036822)	(87.0, 0.07278675769799492)	(88.0, 0.056939073114188644)	(89.0, 0.047206843358148044)	(90.0, 0.042230706142130495)	(91.0, 0.03855138044301449)	(92.0, 0.03276431716216446)	(93.0, 0.028103167756453745)	(94.0, 0.023373882689648295)	(95.0, 0.01868815976682145)	(96.0, 0.015951563542524482)	(97.0, 0.013277518089068588)	(98.0, 0.010193541690993518)	(99.0, 0.008166226528912295)	(100.0, 0.017118805605540945)
SRR29999129_1	(0.0, 0.10449504429220895)	(1.0, 0.052791149841412296)	(2.0, 0.001695844885991699)	(3.0, 0.0020673807951538587)	(4.0, 0.0017061020123182616)	(5.0, 0.0015545244788257241)	(6.0, 0.0014040866260361378)	(7.0, 0.001324308976829539)	(8.0, 0.0013790136505712068)	(9.0, 0.0014838642752427367)	(10.0, 0.001678749675447428)	(11.0, 0.0018861715633845845)	(12.0, 0.001976206338917746)	(13.0, 0.0022440313041113273)	(14.0, 0.0026793893326387667)	(15.0, 0.0032948169122325277)	(16.0, 0.004534789517043663)	(17.0, 0.006286478757479981)	(18.0, 0.008974985535742358)	(19.0, 0.012746188981808577)	(20.0, 0.01826908166831111)	(21.0, 0.026103246820399106)	(22.0, 0.03662249970864063)	(23.0, 0.04944846633965581)	(24.0, 0.06515212674562329)	(25.0, 0.08437056243949292)	(26.0, 0.10633904766958431)	(27.0, 0.13173455277345059)	(28.0, 0.15949489533594105)	(29.0, 0.1892986853988234)	(30.0, 0.22141716696940003)	(31.0, 0.2526717705671395)	(32.0, 0.28727931479296204)	(33.0, 0.327201190136647)	(34.0, 0.3709569513650605)	(35.0, 0.41676755690089545)	(36.0, 0.4761266866334167)	(37.0, 0.5534551620093728)	(38.0, 0.5950683235162377)	(39.0, 0.6260152133241803)	(40.0, 0.6722144499797217)	(41.0, 0.7373711354481567)	(42.0, 0.9248622872520993)	(43.0, 0.9736497387840432)	(44.0, 0.9269330870893618)	(45.0, 1.0139340325912667)	(46.0, 1.104512435819736)	(47.0, 1.2105369316153056)	(48.0, 1.337164575158831)	(49.0, 1.4577302570433577)	(50.0, 1.564403231158907)	(51.0, 1.6966757132241506)	(52.0, 1.8990465362858266)	(53.0, 2.1154525272043494)	(54.0, 2.573470827148571)	(55.0, 3.5304447578870293)	(56.0, 3.8825844411656587)	(57.0, 3.975577827803682)	(58.0, 4.962635910057949)	(59.0, 6.167701234618385)	(60.0, 6.567792983473695)	(61.0, 6.542514865482232)	(62.0, 5.521692602722328)	(63.0, 4.634707603632819)	(64.0, 4.470667661653508)	(65.0, 3.405501562422466)	(66.0, 2.9835986042740714)	(67.0, 3.4936296521395898)	(68.0, 3.5894722405349917)	(69.0, 2.7624595193961916)	(70.0, 1.8381602344113506)	(71.0, 1.283453702990137)	(72.0, 0.9217874287155363)	(73.0, 0.6292313922679091)	(74.0, 0.41611451985810427)	(75.0, 0.38294981140221823)	(76.0, 0.34868075234517226)	(77.0, 0.31568471663332304)	(78.0, 0.28838138603271607)	(79.0, 0.2565580817642038)	(80.0, 0.2229363613464343)	(81.0, 0.19974157967996717)	(82.0, 0.18761765636197006)	(83.0, 0.1644012207621469)	(84.0, 0.12953041029394258)	(85.0, 0.10487455796629175)	(86.0, 0.09071630459352638)	(87.0, 0.07515168523331896)	(88.0, 0.059500450139687244)	(89.0, 0.04861877878790718)	(90.0, 0.03720373686714585)	(91.0, 0.02857179522299186)	(92.0, 0.02263861748342682)	(93.0, 0.015525870216307067)	(94.0, 0.00965537491540435)	(95.0, 0.005764504995528235)	(96.0, 0.003567200600237915)	(97.0, 0.002086755367104033)	(98.0, 0.0011647536784163415)	(99.0, 0.0006040307725642477)	(100.0, 0.000191466358095837)
SRR29999129_2	(0.0, 0.007831791902584003)	(1.0, 0.004442728778751788)	(2.0, 0.001112962856278682)	(3.0, 0.0011483131109350745)	(4.0, 0.0012737494984254997)	(5.0, 0.0015075173114758376)	(6.0, 0.0015873404671515625)	(7.0, 0.001769793394410363)	(8.0, 0.0019419833445108556)	(9.0, 0.0019830352531440857)	(10.0, 0.0021415412337001684)	(11.0, 0.002566884620372247)	(12.0, 0.0029226678285269076)	(13.0, 0.003027578261700718)	(14.0, 0.003492833226210658)	(15.0, 0.004307029414103055)	(16.0, 0.00542341326276784)	(17.0, 0.007097418870367332)	(18.0, 0.009476148909503941)	(19.0, 0.013152575393768769)	(20.0, 0.01826923967258275)	(21.0, 0.024943595817868737)	(22.0, 0.034020628948994054)	(23.0, 0.04634304352373528)	(24.0, 0.06245249666989198)	(25.0, 0.07958368620869796)	(26.0, 0.0984139686326015)	(27.0, 0.12132891596551146)	(28.0, 0.14673890707868553)	(29.0, 0.1724875764380837)	(30.0, 0.1996285896986256)	(31.0, 0.2336743059251178)	(32.0, 0.27520173250001606)	(33.0, 0.31937472652016696)	(34.0, 0.362725542036858)	(35.0, 0.4093399842898907)	(36.0, 0.4679849164340506)	(37.0, 0.5148319861693382)	(38.0, 0.5468319489489412)	(39.0, 0.5886239322683647)	(40.0, 0.6386867348465888)	(41.0, 0.7051201263231087)	(42.0, 0.780273627391804)	(43.0, 0.8386095298904193)	(44.0, 0.9169057826311472)	(45.0, 1.0340816138399302)	(46.0, 1.1351035190015373)	(47.0, 1.261404277234851)	(48.0, 1.397988538580789)	(49.0, 1.4926508188966314)	(50.0, 1.6317517903079455)	(51.0, 1.8317589698306331)	(52.0, 2.239960903986747)	(53.0, 2.7816282947634687)	(54.0, 2.9673653747129274)	(55.0, 3.102655360606123)	(56.0, 3.648112070615851)	(57.0, 3.68171305783215)	(58.0, 4.058162480991256)	(59.0, 4.585172059724324)	(60.0, 4.555967047724167)	(61.0, 5.784532078714024)	(62.0, 6.680153587049638)	(63.0, 6.205592382918702)	(64.0, 6.861966788732237)	(65.0, 6.883756229570119)	(66.0, 4.132298806990483)	(67.0, 2.1186194443824866)	(68.0, 1.7947871647832279)	(69.0, 1.7296776973601298)	(70.0, 1.50089997187032)	(71.0, 0.9718195524128648)	(72.0, 0.6868451849965491)	(73.0, 0.5503601324298082)	(74.0, 0.44701309277644685)	(75.0, 0.39840193130072565)	(76.0, 0.3619238894877146)	(77.0, 0.3432566743675486)	(78.0, 0.3282430791157401)	(79.0, 0.29464209189944124)	(80.0, 0.25912762960851576)	(81.0, 0.2347291119108327)	(82.0, 0.22663618425610954)	(83.0, 0.20405193285385614)	(84.0, 0.16970288863579627)	(85.0, 0.14903439296976032)	(86.0, 0.12419456725427001)	(87.0, 0.09539893400964984)	(88.0, 0.07168119379680117)	(89.0, 0.05590243658130105)	(90.0, 0.04589603385195122)	(91.0, 0.03886931549089667)	(92.0, 0.032151626775386716)	(93.0, 0.027408990997453277)	(94.0, 0.02278266896064732)	(95.0, 0.01843344730711567)	(96.0, 0.016098049838203024)	(97.0, 0.013106962161954066)	(98.0, 0.010057717615141367)	(99.0, 0.008347221422090115)	(100.0, 0.0155199021249517)
SRR29999130_1	(0.0, 0.08958574524636341)	(1.0, 0.045195012267217616)	(2.0, 0.0011659438380651548)	(3.0, 0.001309565139506551)	(4.0, 0.00106018633427649)	(5.0, 0.0009909869799456354)	(6.0, 0.0009896813317507136)	(7.0, 0.0010379903149628199)	(8.0, 0.0010575750378866463)	(9.0, 0.001181611616404216)	(10.0, 0.0013905153275917017)	(11.0, 0.0017286782100764445)	(12.0, 0.0022117680421975053)	(13.0, 0.003087857980990023)	(14.0, 0.004499263679700474)	(15.0, 0.00641203828526089)	(16.0, 0.00957040126877669)	(17.0, 0.015034538964524363)	(18.0, 0.023693597793245647)	(19.0, 0.03638710954427525)	(20.0, 0.05539343031775168)	(21.0, 0.08295827500894043)	(22.0, 0.12326363478617597)	(23.0, 0.174344509116101)	(24.0, 0.2353796452841097)	(25.0, 0.3136976466082981)	(26.0, 0.4071729178273335)	(27.0, 0.509127068424191)	(28.0, 0.6253101730493061)	(29.0, 0.7478752860511989)	(30.0, 0.8726691405218232)	(31.0, 1.0007545340918453)	(32.0, 1.1277901865131503)	(33.0, 1.255111775889143)	(34.0, 1.3847352230327832)	(35.0, 1.521238130515466)	(36.0, 1.6516854416701015)	(37.0, 1.7746709733907593)	(38.0, 1.8819482516783128)	(39.0, 1.9775739254743845)	(40.0, 2.0737949748473405)	(41.0, 2.154397860512642)	(42.0, 2.25191933548774)	(43.0, 2.3064967356836656)	(44.0, 2.3272278177226333)	(45.0, 2.3998675550471074)	(46.0, 2.4594690894970914)	(47.0, 2.4975626812321297)	(48.0, 2.5454421061881063)	(49.0, 2.5922495939760526)	(50.0, 2.6193809634665275)	(51.0, 2.684158087361182)	(52.0, 2.752596248794397)	(53.0, 2.685196077676145)	(54.0, 2.6309020031385173)	(55.0, 2.6857731741783004)	(56.0, 2.698360928425541)	(57.0, 2.8109704739411554)	(58.0, 3.0307711249634584)	(59.0, 3.6280699216389123)	(60.0, 4.1810602411715)	(61.0, 4.295239175817411)	(62.0, 3.749920845078183)	(63.0, 3.1353470171357185)	(64.0, 2.7540128770858874)	(65.0, 2.055891926798573)	(66.0, 1.6524570797533005)	(67.0, 1.4961853529513067)	(68.0, 1.3134011339032314)	(69.0, 1.058603888664245)	(70.0, 0.8300358100130422)	(71.0, 0.6577659758786719)	(72.0, 0.5472976934027294)	(73.0, 0.44126600349313116)	(74.0, 0.33137742881573395)	(75.0, 0.28159045184697645)	(76.0, 0.2402810486078461)	(77.0, 0.2045284840863028)	(78.0, 0.17911012502756551)	(79.0, 0.1567796239498182)	(80.0, 0.13243842465189135)	(81.0, 0.10806588979728636)	(82.0, 0.09010539322794228)	(83.0, 0.07383440542282699)	(84.0, 0.05797991939189174)	(85.0, 0.04515584282136996)	(86.0, 0.035432680713787426)	(87.0, 0.02696424652152472)	(88.0, 0.019370596619859612)	(89.0, 0.014521419223920102)	(90.0, 0.01036031842670437)	(91.0, 0.00692385237767023)	(92.0, 0.004614160720853591)	(93.0, 0.002841090472149806)	(94.0, 0.0017665420077291763)	(95.0, 0.0010627976306663337)	(96.0, 0.0005849303913249601)	(97.0, 0.0003799436247222397)	(98.0, 0.0003198838077558375)	(99.0, 0.0001906246364585807)	(100.0, 3.786379765273179e-05)
SRR29999130_2	(0.0, 0.00822633750118324)	(1.0, 0.004409672182279233)	(2.0, 0.0007784847809947937)	(3.0, 0.00123434247993302)	(4.0, 0.0017306918369431232)	(5.0, 0.0022152855512871977)	(6.0, 0.002775637851701235)	(7.0, 0.003271987208711339)	(8.0, 0.003585471013138773)	(9.0, 0.0038297271440884814)	(10.0, 0.0042202757171043255)	(11.0, 0.004822425858108688)	(12.0, 0.005578705536289872)	(13.0, 0.00648780856912943)	(14.0, 0.00779921581765086)	(15.0, 0.009955723155607915)	(16.0, 0.013313918410536797)	(17.0, 0.018221246132344583)	(18.0, 0.026013931037403203)	(19.0, 0.03813008007852352)	(20.0, 0.05575701316497441)	(21.0, 0.07995926904929074)	(22.0, 0.11318855231859871)	(23.0, 0.15951754006541805)	(24.0, 0.21821215771438124)	(25.0, 0.28541002355843853)	(26.0, 0.3671652935705948)	(27.0, 0.46361642309780543)	(28.0, 0.5661269333280947)	(29.0, 0.6736518782467044)	(30.0, 0.7844932205796527)	(31.0, 0.9098488630575913)	(32.0, 1.0470306820575546)	(33.0, 1.1869594028938133)	(34.0, 1.322338690018319)	(35.0, 1.4626174677695218)	(36.0, 1.6097079873544289)	(37.0, 1.726331799696545)	(38.0, 1.8250635239009654)	(39.0, 1.9261816435665893)	(40.0, 2.0262848594153797)	(41.0, 2.1246155855866364)	(42.0, 2.197679517121042)	(43.0, 2.241027796360764)	(44.0, 2.2865613189538485)	(45.0, 2.3595808402826273)	(46.0, 2.431875430313667)	(47.0, 2.4969285444624334)	(48.0, 2.5655854161795966)	(49.0, 2.6141923862385887)	(50.0, 2.6439746538417133)	(51.0, 2.6464146027861735)	(52.0, 2.6422504929173622)	(53.0, 2.659012733176601)	(54.0, 2.66149578614417)	(55.0, 2.6619359696528866)	(56.0, 2.6812165298076924)	(57.0, 2.6681468675281055)	(58.0, 2.8173729955306746)	(59.0, 3.1233540875721446)	(60.0, 3.274354011434766)	(61.0, 3.7859282318798946)	(62.0, 4.2067972196964645)	(63.0, 3.713112475023994)	(64.0, 3.2891556717338144)	(65.0, 2.872496510174202)	(66.0, 2.1071166583869934)	(67.0, 1.5828293634898134)	(68.0, 1.3018224812010621)	(69.0, 1.0496561089196343)	(70.0, 0.83317986777227)	(71.0, 0.6918287141734217)	(72.0, 0.579278885106344)	(73.0, 0.4857575229680114)	(74.0, 0.4023656062602402)	(75.0, 0.3409175558623895)	(76.0, 0.29198404017378554)	(77.0, 0.25891019262417275)	(78.0, 0.23641772965650446)	(79.0, 0.20894348656347678)	(80.0, 0.17802092162174732)	(81.0, 0.1509646569346229)	(82.0, 0.12985152270643527)	(83.0, 0.10999493606099423)	(84.0, 0.09050799906827389)	(85.0, 0.07336696587868549)	(86.0, 0.057583056325764215)	(87.0, 0.04353767570489674)	(88.0, 0.03265195059615411)	(89.0, 0.024707748518955564)	(90.0, 0.018667960553653676)	(91.0, 0.014674960594759237)	(92.0, 0.011321990069904145)	(93.0, 0.00922164858024034)	(94.0, 0.007613737900031295)	(95.0, 0.006003214854785354)	(96.0, 0.00505362016387392)	(97.0, 0.004296034303174288)	(98.0, 0.0036481677740242595)	(99.0, 0.0035776339180280865)	(100.0, 0.012595518025390596)
SRR29999131_1	(0.0, 0.08430497273957986)	(1.0, 0.042952608146105145)	(2.0, 0.0021611917933444984)	(3.0, 0.002466939405865568)	(4.0, 0.00202064651984691)	(5.0, 0.0017148989073258398)	(6.0, 0.001618736351774858)	(7.0, 0.001527505209329055)	(8.0, 0.001449835452922493)	(9.0, 0.0015521622748549478)	(10.0, 0.0017728430113116876)	(11.0, 0.0021365347278186056)	(12.0, 0.002623511771954987)	(13.0, 0.003381716536876189)	(14.0, 0.004477723099502121)	(15.0, 0.006318373041010014)	(16.0, 0.009545982918349372)	(17.0, 0.014234523928097875)	(18.0, 0.021862187148532795)	(19.0, 0.03313786321352354)	(20.0, 0.04987754499905212)	(21.0, 0.07449392636682714)	(22.0, 0.11009379757311107)	(23.0, 0.15613716888288687)	(24.0, 0.21151940376059453)	(25.0, 0.2815886197188002)	(26.0, 0.3651353876934589)	(27.0, 0.45816279736282334)	(28.0, 0.5624695816570073)	(29.0, 0.675482775788384)	(30.0, 0.7941091508867303)	(31.0, 0.915122329927983)	(32.0, 1.0432120867751669)	(33.0, 1.1722634691778606)	(34.0, 1.2997935106376066)	(35.0, 1.4373182936082733)	(36.0, 1.5723699729066933)	(37.0, 1.6976919741485956)	(38.0, 1.8156513756244663)	(39.0, 1.9200124054628076)	(40.0, 2.019497500593403)	(41.0, 2.1136098211459067)	(42.0, 2.194661294089345)	(43.0, 2.252914844247543)	(44.0, 2.3109563436422182)	(45.0, 2.4065826080180117)	(46.0, 2.4879879098517463)	(47.0, 2.548921683032609)	(48.0, 2.6313132674873794)	(49.0, 2.7010150931692496)	(50.0, 2.730177004566723)	(51.0, 2.797123403176074)	(52.0, 2.8683662954533125)	(53.0, 2.787187838622416)	(54.0, 2.703641070647757)	(55.0, 2.7209108793420924)	(56.0, 2.7298786540738593)	(57.0, 2.8673134387553567)	(58.0, 3.1306065158539447)	(59.0, 3.8299807552836422)	(60.0, 4.3904974973509985)	(61.0, 4.41979009119576)	(62.0, 3.77840310561658)	(63.0, 3.118694687498386)	(64.0, 2.7293719513773027)	(65.0, 2.0053554406610274)	(66.0, 1.571892858688767)	(67.0, 1.3654787003453086)	(68.0, 1.1806986512942685)	(69.0, 0.9649924778073773)	(70.0, 0.7843350901122665)	(71.0, 0.6494757359249487)	(72.0, 0.5643940656213032)	(73.0, 0.4718622629690093)	(74.0, 0.3653597669897445)	(75.0, 0.3117528408299011)	(76.0, 0.2704473246609256)	(77.0, 0.23584113319533515)	(78.0, 0.2073474282736135)	(79.0, 0.1821232502406252)	(80.0, 0.15501773810801134)	(81.0, 0.12841399725884936)	(82.0, 0.10771069219003354)	(83.0, 0.08875064165389832)	(84.0, 0.07016784422030925)	(85.0, 0.054291159728186926)	(86.0, 0.041215517879806)	(87.0, 0.030102578447286147)	(88.0, 0.021801777337994356)	(89.0, 0.016302018872443983)	(90.0, 0.011099378046480615)	(91.0, 0.00752163783867358)	(92.0, 0.005047301313150243)	(93.0, 0.002984737781909316)	(94.0, 0.001898594045493741)	(95.0, 0.001181073438690262)	(96.0, 0.0007532733518160231)	(97.0, 0.0005177983760437474)	(98.0, 0.00039944446151946234)	(99.0, 0.00022191358973303464)	(100.0, 7.397119657767821e-05)
SRR29999131_2	(0.0, 0.01210383661157497)	(1.0, 0.0067302462186024665)	(2.0, 0.0014664216151582066)	(3.0, 0.001809285541999234)	(4.0, 0.0022261488775109865)	(5.0, 0.0026997450930036286)	(6.0, 0.0030845420180914004)	(7.0, 0.00324610739368915)	(8.0, 0.0034261726214545817)	(9.0, 0.003777669812640527)	(10.0, 0.004143966885560618)	(11.0, 0.004421464668075838)	(12.0, 0.004938227205293069)	(13.0, 0.005697954467645849)	(14.0, 0.006921411357668507)	(15.0, 0.008947761831768535)	(16.0, 0.012040937114204854)	(17.0, 0.016725099683061767)	(18.0, 0.023926475470201183)	(19.0, 0.03501282021255368)	(20.0, 0.05047006336039036)	(21.0, 0.07201499119487204)	(22.0, 0.10389763642065401)	(23.0, 0.14746232162858788)	(24.0, 0.20300257780640074)	(25.0, 0.26923821518408914)	(26.0, 0.34601753497387805)	(27.0, 0.43655951145294397)	(28.0, 0.5371530742764501)	(29.0, 0.6400060857113691)	(30.0, 0.7491243804137427)	(31.0, 0.8776120203356788)	(32.0, 1.0163806447689343)	(33.0, 1.1555969656246476)	(34.0, 1.2966114721110598)	(35.0, 1.439179966179557)	(36.0, 1.5904285908851303)	(37.0, 1.7097797704831874)	(38.0, 1.8048369442146452)	(39.0, 1.9054946398589994)	(40.0, 2.0018209034491607)	(41.0, 2.104454383305023)	(42.0, 2.177526332720409)	(43.0, 2.2232567339554388)	(44.0, 2.2801511793119262)	(45.0, 2.361261931155908)	(46.0, 2.444322567418364)	(47.0, 2.5298757504295453)	(48.0, 2.626146514463203)	(49.0, 2.701956441999405)	(50.0, 2.7430865466620724)	(51.0, 2.738221085541972)	(52.0, 2.712006795020368)	(53.0, 2.7032255318581084)	(54.0, 2.6993368629324617)	(55.0, 2.685651905622289)	(56.0, 2.6807913777961)	(57.0, 2.6819186354548505)	(58.0, 2.8554509487581354)	(59.0, 3.1982445761609255)	(60.0, 3.3913978326732526)	(61.0, 3.932619641103115)	(62.0, 4.354015440395949)	(63.0, 3.7535460054138707)	(64.0, 3.181232112107525)	(65.0, 2.6312105406632362)	(66.0, 1.8842222765131218)	(67.0, 1.4689622615225681)	(68.0, 1.2324071185013827)	(69.0, 1.0097231646355247)	(70.0, 0.8057129615477243)	(71.0, 0.6787546427383165)	(72.0, 0.5797779669942658)	(73.0, 0.4987350479415652)	(74.0, 0.42058920573832365)	(75.0, 0.3585863345366007)	(76.0, 0.3120111067192462)	(77.0, 0.2795968990745128)	(78.0, 0.2550364953366991)	(79.0, 0.22564023024225346)	(80.0, 0.1931643564236278)	(81.0, 0.16456851826630386)	(82.0, 0.14248462807200374)	(83.0, 0.12162912806163767)	(84.0, 0.09960197074731843)	(85.0, 0.07956416420276385)	(86.0, 0.06121231085242397)	(87.0, 0.04611519816011817)	(88.0, 0.03476862216394029)	(89.0, 0.02645232195282861)	(90.0, 0.020337504149671008)	(91.0, 0.016302069730160785)	(92.0, 0.013088028746895616)	(93.0, 0.010881613045030157)	(94.0, 0.009270892582964036)	(95.0, 0.00788217034691009)	(96.0, 0.006884411653333145)	(97.0, 0.005990252131895214)	(98.0, 0.00512939234435911)	(99.0, 0.004714995655803048)	(100.0, 0.01325946071031613)
SRR29999132_1	(0.0, 0.10473190220391276)	(1.0, 0.05267469677623092)	(2.0, 0.0009597963352447786)	(3.0, 0.0010772539287187898)	(4.0, 0.0007450167357494435)	(5.0, 0.0006264404985280607)	(6.0, 0.0005548472986962822)	(7.0, 0.00048325409886450395)	(8.0, 0.0005179320550330215)	(9.0, 0.000564915092422626)	(10.0, 0.0005761015298963414)	(11.0, 0.0006801353984018944)	(12.0, 0.0008087794293496211)	(13.0, 0.0010034234413922685)	(14.0, 0.0012909148844667535)	(15.0, 0.0017137622209731944)	(16.0, 0.0024710840379437247)	(17.0, 0.0036065074415258347)	(18.0, 0.005169252756603872)	(19.0, 0.007624675782084395)	(20.0, 0.011412403510684418)	(21.0, 0.01661857151095155)	(22.0, 0.024077688018424956)	(23.0, 0.03356826157112508)	(24.0, 0.04527039381237872)	(25.0, 0.059761304915829615)	(26.0, 0.0768776728943615)	(27.0, 0.09666088756662712)	(28.0, 0.11889728797687853)	(29.0, 0.14319087423854618)	(30.0, 0.16888276518442827)	(31.0, 0.19584991000231394)	(32.0, 0.22465274920963624)	(33.0, 0.2573887398327169)	(34.0, 0.2932233736360167)	(35.0, 0.33379993828442445)	(36.0, 0.4171444906823408)	(37.0, 0.5195932409978682)	(38.0, 0.5215900200869265)	(39.0, 0.5369020157009481)	(40.0, 0.583567358266299)	(41.0, 0.6312607344354846)	(42.0, 1.0360766523780436)	(43.0, 1.1256173724926508)	(44.0, 0.8871985933278606)	(45.0, 0.9503393210044996)	(46.0, 1.0352936017548835)	(47.0, 1.1014591421244153)	(48.0, 1.1605201760543904)	(49.0, 1.1748701380456723)	(50.0, 1.192882539665849)	(51.0, 1.3820563837838493)	(52.0, 1.6386184458872588)	(53.0, 1.8763884116785736)	(54.0, 2.4065360564328926)	(55.0, 3.5407356637553775)	(56.0, 3.8866907849987413)	(57.0, 3.949267716226705)	(58.0, 4.938595127758345)	(59.0, 6.676754968861712)	(60.0, 7.917234681334473)	(61.0, 8.328383241530902)	(62.0, 6.887516400016488)	(63.0, 5.342374062947091)	(64.0, 4.779198461551627)	(65.0, 3.156737705951403)	(66.0, 2.5686230608520386)	(67.0, 3.0327248601177943)	(68.0, 3.1493177419750875)	(69.0, 2.4865202030137046)	(70.0, 1.6723813514704267)	(71.0, 1.1254417454243135)	(72.0, 0.7984565848488766)	(73.0, 0.5321925255245139)	(74.0, 0.30253160825789527)	(75.0, 0.25362562226655905)	(76.0, 0.24018288035439528)	(77.0, 0.21801024263774404)	(78.0, 0.1981498415469098)	(79.0, 0.177775982976032)	(80.0, 0.14849772017607676)	(81.0, 0.1394613159848095)	(82.0, 0.14716205954171516)	(83.0, 0.14782653392765382)	(84.0, 0.12512365907474848)	(85.0, 0.10783054538413192)	(86.0, 0.10558095280816776)	(87.0, 0.0942804136722205)	(88.0, 0.07775580823604815)	(89.0, 0.07226550472394865)	(90.0, 0.06339130387605024)	(91.0, 0.04800212184346001)	(92.0, 0.03545093899795137)	(93.0, 0.024134738849540906)	(94.0, 0.01553460571974853)	(95.0, 0.009420098996615712)	(96.0, 0.0060373203045641834)	(97.0, 0.003656846410157554)	(98.0, 0.0019520333391633317)	(99.0, 0.0009933556476659246)	(100.0, 0.00029084737431659953)
SRR29999132_2	(0.0, 0.00642901905190101)	(1.0, 0.0034182145168011285)	(2.0, 0.00040069443255232615)	(3.0, 0.00041972182180760424)	(4.0, 0.0005059047025520989)	(5.0, 0.0006379771691475583)	(6.0, 0.000785719250423835)	(7.0, 0.0008965258113810426)	(8.0, 0.0009648005610617462)	(9.0, 0.0010644145401040841)	(10.0, 0.001231184010635639)	(11.0, 0.001453916390741541)	(12.0, 0.001612851053932687)	(13.0, 0.0018266293685066934)	(14.0, 0.002200461604463333)	(15.0, 0.0026985314996750233)	(16.0, 0.003489847041056293)	(17.0, 0.004705361437011116)	(18.0, 0.006277919196050273)	(19.0, 0.008679847274981256)	(20.0, 0.012386830405186015)	(21.0, 0.017239933923473408)	(22.0, 0.023861465384310172)	(23.0, 0.03227716772610051)	(24.0, 0.04361637246405474)	(25.0, 0.05715491954828083)	(26.0, 0.07322299014526741)	(27.0, 0.09253579023937464)	(28.0, 0.11220003740560874)	(29.0, 0.13327566915130792)	(30.0, 0.15718414337966055)	(31.0, 0.18495070059406868)	(32.0, 0.21853068485505997)	(33.0, 0.25803826049816614)	(34.0, 0.29835282129733437)	(35.0, 0.34666672039105983)	(36.0, 0.4072611203617801)	(37.0, 0.4498679219371136)	(38.0, 0.4770614189574804)	(39.0, 0.5177979400948393)	(40.0, 0.5648336463338866)	(41.0, 0.6473039476572191)	(42.0, 0.7471809523745566)	(43.0, 0.786757922025535)	(44.0, 0.8356963671901101)	(45.0, 0.9567385443084657)	(46.0, 1.0397774287930737)	(47.0, 1.1479682833567761)	(48.0, 1.222961939960976)	(49.0, 1.1861584921085022)	(50.0, 1.241566249619872)	(51.0, 1.4219738812146951)	(52.0, 1.87739780081435)	(53.0, 2.508575476448625)	(54.0, 2.6590272818064915)	(55.0, 2.788741471392488)	(56.0, 3.5304033616248223)	(57.0, 3.64270749004224)	(58.0, 4.310124507400479)	(59.0, 5.187179703282415)	(60.0, 5.149964368415474)	(61.0, 6.786052341661622)	(62.0, 8.088713299663809)	(63.0, 7.317195197173559)	(64.0, 7.5423697986532865)	(65.0, 7.0540161838018935)	(66.0, 4.192001355645521)	(67.0, 2.284054521752727)	(68.0, 1.6912785946683688)	(69.0, 1.2862470366240308)	(70.0, 1.050965533675177)	(71.0, 0.8056375691995368)	(72.0, 0.5933445102456335)	(73.0, 0.4397252042058589)	(74.0, 0.33471304290597925)	(75.0, 0.2917156202218168)	(76.0, 0.29153206187841296)	(77.0, 0.2815885721052429)	(78.0, 0.2524453273153059)	(79.0, 0.2282346533752518)	(80.0, 0.19410847111681484)	(81.0, 0.17723677313834066)	(82.0, 0.17742592777270194)	(83.0, 0.16157163549028936)	(84.0, 0.13958380831852835)	(85.0, 0.14083513897661076)	(86.0, 0.13233996930322484)	(87.0, 0.10356719897466994)	(88.0, 0.07928265399397771)	(89.0, 0.06869223298612824)	(90.0, 0.06430921790826537)	(91.0, 0.0596687734463605)	(92.0, 0.050843422606485944)	(93.0, 0.04279147917692886)	(94.0, 0.036976932872154186)	(95.0, 0.03470819651801015)	(96.0, 0.03156308099993184)	(97.0, 0.024882228854946266)	(98.0, 0.01837821950421563)	(99.0, 0.013556455215289873)	(100.0, 0.019626192387723573)
SRR29999133_1	(0.0, 0.09382324680891241)	(1.0, 0.04732275301980059)	(2.0, 0.0013721323390525747)	(3.0, 0.0016404377704063494)	(4.0, 0.0012282879823191822)	(5.0, 0.0010303744702179186)	(6.0, 0.0009681439329077274)	(7.0, 0.0009467203053091371)	(8.0, 0.0009171352957682266)	(9.0, 0.0010517980978165089)	(10.0, 0.001281336964944263)	(11.0, 0.0016210544882933392)	(12.0, 0.0020770717043204776)	(13.0, 0.0027452848508479396)	(14.0, 0.003970512314938752)	(15.0, 0.0057864197971049846)	(16.0, 0.008450090828529723)	(17.0, 0.01263483941945438)	(18.0, 0.01940776625883731)	(19.0, 0.030024703993053032)	(20.0, 0.04632604425009473)	(21.0, 0.06974614990632519)	(22.0, 0.1042698156950822)	(23.0, 0.14806277102482931)	(24.0, 0.20028337338276478)	(25.0, 0.2647042215717261)	(26.0, 0.3419537420012718)	(27.0, 0.42968451719024225)	(28.0, 0.5293492731243703)	(29.0, 0.635603324804179)	(30.0, 0.742833681798838)	(31.0, 0.8480624598721428)	(32.0, 0.9540196412837997)	(33.0, 1.065892804430896)	(34.0, 1.1818140130213828)	(35.0, 1.3004192960981504)	(36.0, 1.4424283620672638)	(37.0, 1.612150420594268)	(38.0, 1.679502225073265)	(39.0, 1.7265587130071973)	(40.0, 1.8064984289594805)	(41.0, 1.8712498131171058)	(42.0, 2.1565900889299883)	(43.0, 2.2147429957872475)	(44.0, 2.0619894704910697)	(45.0, 2.1062027369908467)	(46.0, 2.1598250566973753)	(47.0, 2.2086097172575943)	(48.0, 2.2396709167573214)	(49.0, 2.252439398806082)	(50.0, 2.2528423670394835)	(51.0, 2.29184867186006)	(52.0, 2.371303805759518)	(53.0, 2.470443172731109)	(54.0, 2.7375805062943894)	(55.0, 3.3461890401516015)	(56.0, 3.476974165604539)	(57.0, 3.2838473040124465)	(58.0, 3.401296731371633)	(59.0, 3.7162250772436547)	(60.0, 3.9890029459018206)	(61.0, 3.963381307466649)	(62.0, 3.331395515208404)	(63.0, 2.787235374204208)	(64.0, 2.5581270199739112)	(65.0, 2.0099035309351825)	(66.0, 1.8573428182873921)	(67.0, 2.042753093253021)	(68.0, 1.9799379969612114)	(69.0, 1.5673811599496708)	(70.0, 1.0915817742670915)	(71.0, 0.776822777070373)	(72.0, 0.6189724687512163)	(73.0, 0.4797923417978596)	(74.0, 0.3530766854159114)	(75.0, 0.32591458613912716)	(76.0, 0.35553632189877815)	(77.0, 0.3664776745652011)	(78.0, 0.36488824543193427)	(79.0, 0.3224153936313574)	(80.0, 0.26224866577983047)	(81.0, 0.26074799167518636)	(82.0, 0.2824531869507868)	(83.0, 0.2742581393079546)	(84.0, 0.24997802802955216)	(85.0, 0.24196253078945096)	(86.0, 0.2397426349011399)	(87.0, 0.20267567846460735)	(88.0, 0.16634630692111205)	(89.0, 0.1816284946081065)	(90.0, 0.1565047004714167)	(91.0, 0.10729258753196902)	(92.0, 0.07999480528039371)	(93.0, 0.05737451505451064)	(94.0, 0.039546996374255065)	(95.0, 0.024980969952699182)	(96.0, 0.016451305650231837)	(97.0, 0.011253525525716693)	(98.0, 0.00824401593448614)	(99.0, 0.004760126017858226)	(100.0, 0.001281336964944263)
SRR29999133_2	(0.0, 0.007592945149727674)	(1.0, 0.0041352975465989966)	(2.0, 0.0008021579150115526)	(3.0, 0.0010848522438387791)	(4.0, 0.0014553144870311375)	(5.0, 0.0019084418588697246)	(6.0, 0.0023585075592769695)	(7.0, 0.002692229745293226)	(8.0, 0.0029728829598328916)	(9.0, 0.0033331396315874435)	(10.0, 0.0037383008176683423)	(11.0, 0.004249599946702424)	(12.0, 0.00487213980440859)	(13.0, 0.005603879276499281)	(14.0, 0.0067305743632330665)	(15.0, 0.008629831207808764)	(16.0, 0.011465959510375056)	(17.0, 0.01593599980013409)	(18.0, 0.02318399663526392)	(19.0, 0.03432643953106052)	(20.0, 0.05001444394525593)	(21.0, 0.07148798680754356)	(22.0, 0.10235779929261919)	(23.0, 0.14485277820249964)	(24.0, 0.19995469950950187)	(25.0, 0.2638875017816376)	(26.0, 0.33862392197783486)	(27.0, 0.4250865437560712)	(28.0, 0.5157773337809906)	(29.0, 0.6100380326948545)	(30.0, 0.7089810477843836)	(31.0, 0.8237743358739694)	(32.0, 0.9437581775968235)	(33.0, 1.0620723878324523)	(34.0, 1.1839422191570128)	(35.0, 1.3041852823943871)	(36.0, 1.420899259028568)	(37.0, 1.5215435428767794)	(38.0, 1.61927209496521)	(39.0, 1.7125448945638944)	(40.0, 1.7952753388673248)	(41.0, 1.8905382248963813)	(42.0, 1.9916386977878626)	(43.0, 2.030835236009044)	(44.0, 2.0689673331292626)	(45.0, 2.164934403587528)	(46.0, 2.2060179519675596)	(47.0, 2.258380697900655)	(48.0, 2.3202948381423925)	(49.0, 2.3216082951864383)	(50.0, 2.330115659536993)	(51.0, 2.381480300583471)	(52.0, 2.5411485068422337)	(53.0, 2.777323799941653)	(54.0, 2.7926556299126686)	(55.0, 2.8349699702081)	(56.0, 3.340511115836971)	(57.0, 3.368843823262608)	(58.0, 3.3828326000324087)	(59.0, 3.387617992479596)	(60.0, 3.0032404526317893)	(61.0, 3.554848527173773)	(62.0, 4.091900395174014)	(63.0, 3.530477622580292)	(64.0, 3.181109274992735)	(65.0, 3.3569339213946883)	(66.0, 2.509245890527652)	(67.0, 1.5274056231106554)	(68.0, 1.2431876024677644)	(69.0, 1.0143143957320955)	(70.0, 0.8949479910812287)	(71.0, 0.7334223708207853)	(72.0, 0.5698423690299117)	(73.0, 0.4423196716859504)	(74.0, 0.35044503537424554)	(75.0, 0.3116169182819688)	(76.0, 0.31619105540039344)	(77.0, 0.34365220702524185)	(78.0, 0.35730113826616366)	(79.0, 0.3210478868476453)	(80.0, 0.27409307321944365)	(81.0, 0.2848915883577862)	(82.0, 0.31459694514180814)	(83.0, 0.2739675446907586)	(84.0, 0.237953103643885)	(85.0, 0.27393488686215767)	(86.0, 0.24332123422017093)	(87.0, 0.15971413133023274)	(88.0, 0.1311599630043953)	(89.0, 0.12419159882666136)	(90.0, 0.115425012961586)	(91.0, 0.11582405080480422)	(92.0, 0.10033301391935848)	(93.0, 0.07591312258297625)	(94.0, 0.06115280461247741)	(95.0, 0.05386500604874013)	(96.0, 0.04517700308373587)	(97.0, 0.03350080880174201)	(98.0, 0.02747952165343647)	(99.0, 0.022495120563212016)	(100.0, 0.021442926147974214)
SRR29999134_1	(0.0, 0.06667793222466262)	(1.0, 0.03410458655865807)	(2.0, 0.0019425835548104468)	(3.0, 0.002085245749778166)	(4.0, 0.001625160171007271)	(5.0, 0.0014076003236814989)	(6.0, 0.001330324968073984)	(7.0, 0.0012661269803385103)	(8.0, 0.0012851486063342062)	(9.0, 0.001308925638828826)	(10.0, 0.0013945229558094579)	(11.0, 0.0017131351912373647)	(12.0, 0.0020686018270319323)	(13.0, 0.0025049103733082076)	(14.0, 0.003383471723984413)	(15.0, 0.004766106163546562)	(16.0, 0.007066534057401037)	(17.0, 0.010779317681435937)	(18.0, 0.016401397014788814)	(19.0, 0.02456167456694237)	(20.0, 0.03715161327284361)	(21.0, 0.05602106626057397)	(22.0, 0.08243972706534616)	(23.0, 0.11632318722180426)	(24.0, 0.15862609458460727)	(25.0, 0.2107405944063152)	(26.0, 0.2715432219015572)	(27.0, 0.3417746316325408)	(28.0, 0.42045045445398865)	(29.0, 0.502504993592922)	(30.0, 0.588502953571088)	(31.0, 0.6715644500361684)	(32.0, 0.7525418896030955)	(33.0, 0.8415345668239588)	(34.0, 0.9373476858159041)	(35.0, 1.0421295014648198)	(36.0, 1.1973233814088287)	(37.0, 1.433298540401684)	(38.0, 1.4797517287864228)	(39.0, 1.4499020421926772)	(40.0, 1.536249524548514)	(41.0, 1.598307579359472)	(42.0, 1.8944255531958436)	(43.0, 1.9601512152690965)	(44.0, 1.7756664089949654)	(45.0, 1.8418878221957313)	(46.0, 1.934747833751845)	(47.0, 1.9874567593859183)	(48.0, 2.0271061499223215)	(49.0, 2.0718628470385694)	(50.0, 2.124448132103671)	(51.0, 2.329006698061385)	(52.0, 2.571508652474013)	(53.0, 2.5632508890886316)	(54.0, 2.6379618917416017)	(55.0, 3.0135379527684942)	(56.0, 3.1310428585052814)	(57.0, 3.2936813273233554)	(58.0, 3.7682982395033378)	(59.0, 4.526263670218456)	(60.0, 5.034469207351963)	(61.0, 5.188868934410651)	(62.0, 4.701266195933733)	(63.0, 4.032834369928731)	(64.0, 3.6004953992274316)	(65.0, 2.7175400529462204)	(66.0, 2.299783536273872)	(67.0, 2.3121345158032027)	(68.0, 2.1498610244339207)	(69.0, 1.73662214393555)	(70.0, 1.223246291086088)	(71.0, 0.7996144696843193)	(72.0, 0.5958738336444201)	(73.0, 0.4379753162541482)	(74.0, 0.29076576382183267)	(75.0, 0.24594486871784946)	(76.0, 0.2115276141818871)	(77.0, 0.1802061292767243)	(78.0, 0.15496680928368528)	(79.0, 0.13280067074057586)	(80.0, 0.11264606914651129)	(81.0, 0.095164006004842)	(82.0, 0.08322674684091808)	(83.0, 0.0708888446794598)	(84.0, 0.05423897767510221)	(85.0, 0.041764357576799874)	(86.0, 0.03362310165064202)	(87.0, 0.025622130216202417)	(88.0, 0.019054913841188396)	(89.0, 0.015030651091473977)	(90.0, 0.01141654215229175)	(91.0, 0.008461057013210496)	(92.0, 0.006132096680362475)	(93.0, 0.004001674568844531)	(94.0, 0.0025227431476791727)	(95.0, 0.0014789314211653584)	(96.0, 0.0008845056087998607)	(97.0, 0.0005147727535085211)	(98.0, 0.0003150456805537138)	(99.0, 0.00015811726608922242)	(100.0, 4.9931768238701814e-05)
SRR29999134_2	(0.0, 0.00580307155388193)	(1.0, 0.003039477641746355)	(2.0, 0.00036388112612456363)	(3.0, 0.0006029010815201103)	(4.0, 0.0008573800390059163)	(5.0, 0.001108291534470893)	(6.0, 0.0013806078020608442)	(7.0, 0.0016481674536230233)	(8.0, 0.0019252403372407468)	(9.0, 0.002185665064761268)	(10.0, 0.0024710620264275923)	(11.0, 0.0028896442368715348)	(12.0, 0.003421196077975064)	(13.0, 0.0039836659232591115)	(14.0, 0.0048327218842164265)	(15.0, 0.006164574371992607)	(16.0, 0.00828126850435118)	(17.0, 0.011478903629020957)	(18.0, 0.016260491890938835)	(19.0, 0.023584491419700884)	(20.0, 0.03403596598672307)	(21.0, 0.04892298499964272)	(22.0, 0.06962258879849985)	(23.0, 0.09751776349336916)	(24.0, 0.1332470847859791)	(25.0, 0.17507914444222059)	(26.0, 0.22556943442301422)	(27.0, 0.2849938384579707)	(28.0, 0.3497313825959486)	(29.0, 0.4199711423240519)	(30.0, 0.49367609682838715)	(31.0, 0.5758264230900317)	(32.0, 0.6663983380288466)	(33.0, 0.765269358782117)	(34.0, 0.8635886120761658)	(35.0, 0.9599041408685154)	(36.0, 1.0764590708590354)	(37.0, 1.1774848386728864)	(38.0, 1.2410284721878937)	(39.0, 1.3099613516623665)	(40.0, 1.398437977240948)	(41.0, 1.5098046282991755)	(42.0, 1.6034457497299104)	(43.0, 1.6399242380468946)	(44.0, 1.6860431978981656)	(45.0, 1.7944571795571536)	(46.0, 1.8945018953152766)	(47.0, 1.9756711695211933)	(48.0, 2.0345378603268935)	(49.0, 2.0736312983051453)	(50.0, 2.160305166409201)	(51.0, 2.2706253619413186)	(52.0, 2.4158995503535197)	(53.0, 2.6397910884727374)	(54.0, 2.7849059302480073)	(55.0, 2.8969729930163246)	(56.0, 3.1098957745754996)	(57.0, 3.1303718174210515)	(58.0, 3.376696745881249)	(59.0, 3.664122404283418)	(60.0, 3.6866497377909466)	(61.0, 4.534295362096027)	(62.0, 5.327123364989049)	(63.0, 5.063053880437248)	(64.0, 4.92043150546053)	(65.0, 4.645895087339616)	(66.0, 3.5568321731609913)	(67.0, 2.56920647408262)	(68.0, 1.9271691450400081)	(69.0, 1.35801268677492)	(70.0, 1.0019538157080277)	(71.0, 0.7607684108658377)	(72.0, 0.5817531666606357)	(73.0, 0.4637902783258952)	(74.0, 0.36397031267508434)	(75.0, 0.30497162577461345)	(76.0, 0.2616317188375682)	(77.0, 0.23220610293576321)	(78.0, 0.2096323924219639)	(79.0, 0.18283123941348212)	(80.0, 0.1574380447492209)	(81.0, 0.1362853732737185)	(82.0, 0.12054335252980684)	(83.0, 0.10343737213993151)	(84.0, 0.08471652060862757)	(85.0, 0.07144556189114348)	(86.0, 0.05775602096321546)	(87.0, 0.04312110259976774)	(88.0, 0.03130447923277496)	(89.0, 0.022997049340271032)	(90.0, 0.017683909237249627)	(91.0, 0.014310279319552284)	(92.0, 0.011371879768396084)	(93.0, 0.009611931838120417)	(94.0, 0.007779445513421227)	(95.0, 0.0057757210117222405)	(96.0, 0.004487867222202951)	(97.0, 0.003568651174835998)	(98.0, 0.0028171058424480105)	(99.0, 0.0024960342605733956)	(100.0, 0.008261052886233149)
SRR29999135_1	(0.0, 0.0697659895082298)	(1.0, 0.03496235812219073)	(2.0, 0.0002570926008089989)	(3.0, 0.0003733431681313288)	(4.0, 0.0004001702221287895)	(5.0, 0.0004314684517924938)	(6.0, 0.0004404108031249807)	(7.0, 0.00047729800237148926)	(8.0, 0.0005656037217797975)	(9.0, 0.000660616204687471)	(10.0, 0.0008472877887531355)	(11.0, 0.0010887312747302823)	(12.0, 0.0014810769394431457)	(13.0, 0.0021886404886261733)	(14.0, 0.003229306624944338)	(15.0, 0.004571777118733937)	(16.0, 0.0067760667221919615)	(17.0, 0.010673814109239697)	(18.0, 0.016933460041980538)	(19.0, 0.026385525400419208)	(20.0, 0.0408810769103805)	(21.0, 0.06258528138824282)	(22.0, 0.09336038349899654)	(23.0, 0.1331918519217264)	(24.0, 0.1832556058566544)	(25.0, 0.24544630599235123)	(26.0, 0.32016635813877875)	(27.0, 0.40746941640393197)	(28.0, 0.5064467143336469)	(29.0, 0.6098515939668594)	(30.0, 0.7140333403720815)	(31.0, 0.8194804294908508)	(32.0, 0.9302929294091121)	(33.0, 1.0482760773021114)	(34.0, 1.1685350536092285)	(35.0, 1.297173013114886)	(36.0, 1.427143382969084)	(37.0, 1.552173103712083)	(38.0, 1.6559110859324304)	(39.0, 1.749739825082466)	(40.0, 1.8713032668902099)	(41.0, 1.9619060527970509)	(42.0, 2.0527223373419545)	(43.0, 2.1296600926188387)	(44.0, 2.1609918561000403)	(45.0, 2.250562918221895)	(46.0, 2.346394744070408)	(47.0, 2.392632289428948)	(48.0, 2.4337380429165574)	(49.0, 2.4859669636678636)	(50.0, 2.567613984715219)	(51.0, 2.7574567501221665)	(52.0, 2.926799175099388)	(53.0, 2.807165045591628)	(54.0, 2.675731483500652)	(55.0, 2.736621071517472)	(56.0, 2.7687151704497674)	(57.0, 2.9555398922820006)	(58.0, 3.2838449079272594)	(59.0, 3.949700212701651)	(60.0, 4.461526869155706)	(61.0, 4.548378338678568)	(62.0, 4.083632044196141)	(63.0, 3.5126673827925172)	(64.0, 3.059358355664341)	(65.0, 2.301288406155427)	(66.0, 1.8585693585927483)	(67.0, 1.6249280741531966)	(68.0, 1.438641011194829)	(69.0, 1.1838275921816976)	(70.0, 0.9193106041789016)	(71.0, 0.7334941324594063)	(72.0, 0.620423688829692)	(73.0, 0.5082240066609787)	(74.0, 0.39077963543576166)	(75.0, 0.33608486130452203)	(76.0, 0.28993115048972395)	(77.0, 0.2471453527455237)	(78.0, 0.21535194037678307)	(79.0, 0.18719247603078176)	(80.0, 0.1580772978861209)	(81.0, 0.13199245904925658)	(82.0, 0.1141804129888592)	(83.0, 0.09760688258801126)	(84.0, 0.07628943480527901)	(85.0, 0.05826612569465163)	(86.0, 0.04690822170847668)	(87.0, 0.03632718449431154)	(88.0, 0.02680022694346329)	(89.0, 0.020934044469351876)	(90.0, 0.01598668859465349)	(91.0, 0.011554635715489658)	(92.0, 0.008043645023571983)	(93.0, 0.005301696546248181)	(94.0, 0.0033422038105169857)	(95.0, 0.002014264637642678)	(96.0, 0.001248575804798486)	(97.0, 0.0007086813430995882)	(98.0, 0.0003990524282122287)	(99.0, 0.00020232069889751652)	(100.0, 7.153881065989534e-05)
SRR29999135_2	(0.0, 0.007240792729948922)	(1.0, 0.003717670757733194)	(2.0, 0.00027840602065430534)	(3.0, 0.0004438842979910009)	(4.0, 0.0006641493022837646)	(5.0, 0.0009660353487763848)	(6.0, 0.0012824566493593907)	(7.0, 0.001483714013687804)	(8.0, 0.001692798053295656)	(9.0, 0.0019287164081472961)	(10.0, 0.0021445090265660954)	(11.0, 0.0025145989576366777)	(12.0, 0.0029394756156633285)	(13.0, 0.003460508569980221)	(14.0, 0.004454496330468885)	(15.0, 0.005810747346748695)	(16.0, 0.007718219921994658)	(17.0, 0.01099088828526836)	(18.0, 0.0162504140730509)	(19.0, 0.024576878473904763)	(20.0, 0.036603124088995964)	(21.0, 0.05301454405350959)	(22.0, 0.07687807698051698)	(23.0, 0.11095430305072286)	(24.0, 0.155149302160774)	(25.0, 0.20702674210582805)	(26.0, 0.26860031462563766)	(27.0, 0.342192306085259)	(28.0, 0.4244160022816324)	(29.0, 0.5087361293564266)	(30.0, 0.5981883192215955)	(31.0, 0.7066850462345748)	(32.0, 0.8222951029800949)	(33.0, 0.9384407279340223)	(34.0, 1.0583867627843513)	(35.0, 1.1871791768933826)	(36.0, 1.327307971096446)	(37.0, 1.4444777724155113)	(38.0, 1.537421777551778)	(39.0, 1.6356320170546386)	(40.0, 1.7462453006824716)	(41.0, 1.8614360712523075)	(42.0, 1.946329781815438)	(43.0, 2.0044875696240068)	(44.0, 2.0667208190602264)	(45.0, 2.167116937158987)	(46.0, 2.2791133061183433)	(47.0, 2.3571676205837133)	(48.0, 2.430160312336223)	(49.0, 2.51378945579349)	(50.0, 2.594919653643679)	(51.0, 2.6529354432007497)	(52.0, 2.6805054659208056)	(53.0, 2.69660493697061)	(54.0, 2.725126459785352)	(55.0, 2.7549024868377403)	(56.0, 2.784605837619677)	(57.0, 2.809637781356258)	(58.0, 2.986774450569911)	(59.0, 3.344497116602513)	(60.0, 3.584082827870804)	(61.0, 4.132162535760499)	(62.0, 4.5943277110113305)	(63.0, 4.16462646672314)	(64.0, 3.7723926350940897)	(65.0, 3.282276166227447)	(66.0, 2.4341686881757645)	(67.0, 1.8756347783056773)	(68.0, 1.5577979675935616)	(69.0, 1.2509688166137418)	(70.0, 0.9696646899131073)	(71.0, 0.8030638437220466)	(72.0, 0.6816430396297777)	(73.0, 0.5811183404371406)	(74.0, 0.4839255687206073)	(75.0, 0.412093461102391)	(76.0, 0.35487822861676005)	(77.0, 0.3175505780161818)	(78.0, 0.2896674882849486)	(79.0, 0.253522783748034)	(80.0, 0.2166949222688713)	(81.0, 0.18551009366618362)	(82.0, 0.1606380377245972)	(83.0, 0.13883515658901907)	(84.0, 0.11620712025969446)	(85.0, 0.09423876084677962)	(86.0, 0.07372504493937183)	(87.0, 0.05688092164155211)	(88.0, 0.04327592381295136)	(89.0, 0.0330844745026542)	(90.0, 0.026425091936320692)	(91.0, 0.021205817621403836)	(92.0, 0.016931334822362032)	(93.0, 0.01455314363388128)	(94.0, 0.012288998285186627)	(95.0, 0.010003609103590643)	(96.0, 0.008547847501615118)	(97.0, 0.007412979586096564)	(98.0, 0.006160711541386436)	(99.0, 0.005493207949697198)	(100.0, 0.013098500128374244)
SRR29999136_1	(0.0, 0.09276400117443603)	(1.0, 0.046484510771742635)	(2.0, 0.0004210633385849778)	(3.0, 0.0005952204262719582)	(4.0, 0.0005136531826717269)	(5.0, 0.00045413114004453107)	(6.0, 0.0004045294378552012)	(7.0, 0.0003791774567362104)	(8.0, 0.0003946090974173353)	(9.0, 0.0003902000572227282)	(10.0, 0.00042988141897419205)	(11.0, 0.0005070396223798162)	(12.0, 0.0005268803032555482)	(13.0, 0.0005511300243258872)	(14.0, 0.000640413088266681)	(15.0, 0.0008377176369753486)	(16.0, 0.0010096702045650253)	(17.0, 0.0013370414390146024)	(18.0, 0.0018826601630972308)	(19.0, 0.0025241755114125634)	(20.0, 0.0037146163639564804)	(21.0, 0.00567112795031338)	(22.0, 0.008121452038466275)	(23.0, 0.011027009526712352)	(24.0, 0.014651240566679387)	(25.0, 0.01912751862425424)	(26.0, 0.024551740323669625)	(27.0, 0.03150038767037041)	(28.0, 0.03958766964732848)	(29.0, 0.04789319911391961)	(30.0, 0.0576504050645851)	(31.0, 0.06679034538800563)	(32.0, 0.07573077664262017)	(33.0, 0.08843542596338051)	(34.0, 0.10468604586065364)	(35.0, 0.12745984072584793)	(36.0, 0.26004188389778066)	(37.0, 0.5118035903100893)	(38.0, 0.4412997308181758)	(39.0, 0.3209660013068616)	(40.0, 0.31972154971193373)	(41.0, 0.3150060812238014)	(42.0, 1.0351048551876652)	(43.0, 1.0676512876442061)	(44.0, 0.4537188947863353)	(45.0, 0.43941045709478666)	(46.0, 0.4754510539055537)	(47.0, 0.5279770520039567)	(48.0, 0.5612807371139215)	(49.0, 0.5900563379440247)	(50.0, 0.5897102282887481)	(51.0, 0.7237208004837334)	(52.0, 1.016290378417228)	(53.0, 1.3632278309904227)	(54.0, 2.0498201039953696)	(55.0, 3.2580822970058883)	(56.0, 3.5643110814622756)	(57.0, 3.650308308198038)	(58.0, 4.808868493354799)	(59.0, 7.288822433875502)	(60.0, 9.460467625228013)	(61.0, 10.397139555811025)	(62.0, 8.696724864637781)	(63.0, 6.640420164776193)	(64.0, 5.834799238157536)	(65.0, 3.7553525885745036)	(66.0, 3.1504234557940207)	(67.0, 3.882804713480011)	(68.0, 3.841813866790749)	(69.0, 2.92260173537838)	(70.0, 1.8204045155493787)	(71.0, 0.995196427866179)	(72.0, 0.6223095692276243)	(73.0, 0.3593180374396514)	(74.0, 0.13800846939144543)	(75.0, 0.11524239034659167)	(76.0, 0.10444795769014485)	(77.0, 0.09318947355321562)	(78.0, 0.08613170246169831)	(79.0, 0.07713946498479714)	(80.0, 0.06502783157021143)	(81.0, 0.06070366539935052)	(82.0, 0.06396525288331113)	(83.0, 0.057005582936123816)	(84.0, 0.04260565766053704)	(85.0, 0.03572094139665806)	(86.0, 0.032424081591140595)	(87.0, 0.027100165556152526)	(88.0, 0.02116780197430868)	(89.0, 0.019314902832525044)	(90.0, 0.018030769875845724)	(91.0, 0.01565539947100115)	(92.0, 0.01278290978421463)	(93.0, 0.00921820078687479)	(94.0, 0.005634753368707871)	(95.0, 0.003189940580798235)	(96.0, 0.0019576138464055515)	(97.0, 0.001178315992008747)	(98.0, 0.0006712763696289307)	(99.0, 0.0003097350736711486)	(100.0, 0.00010140792447596326)
SRR29999136_2	(0.0, 0.0043692709285871895)	(1.0, 0.002233158412516168)	(2.0, 0.00013895207900100603)	(3.0, 0.00019298899861250836)	(4.0, 0.0002558482724462968)	(5.0, 0.00039149196861394556)	(6.0, 0.0004940518364480214)	(7.0, 0.0005899949386153826)	(8.0, 0.000709096720616245)	(9.0, 0.0007840867315056767)	(10.0, 0.0008910577764508958)	(11.0, 0.0010972803063968332)	(12.0, 0.0012803441565092696)	(13.0, 0.0013553341673987014)	(14.0, 0.0014071654984546323)	(15.0, 0.001607874057011641)	(16.0, 0.0019453291060140842)	(17.0, 0.002335718280350244)	(18.0, 0.002816536585464836)	(19.0, 0.0036292959681929427)	(20.0, 0.004776202017090135)	(21.0, 0.006345478274379274)	(22.0, 0.008386750482560719)	(23.0, 0.010947438795579259)	(24.0, 0.014079374544490823)	(25.0, 0.018554513723745447)	(26.0, 0.024162222626286044)	(27.0, 0.03005665804105094)	(28.0, 0.03561253561253561)	(29.0, 0.04145624249052236)	(30.0, 0.04952318263252521)	(31.0, 0.05888700884520412)	(32.0, 0.07211833459007769)	(33.0, 0.09328205957506425)	(34.0, 0.11133590469669497)	(35.0, 0.12472823840612526)	(36.0, 0.153529916559056)	(37.0, 0.17476973434920978)	(38.0, 0.17403086218309333)	(39.0, 0.17844093649995857)	(40.0, 0.1950699714146901)	(41.0, 0.26933324087506105)	(42.0, 0.38685582147013414)	(43.0, 0.3915437999450015)	(44.0, 0.3896326574615987)	(45.0, 0.4684151778723358)	(46.0, 0.4911768517658339)	(47.0, 0.5728586183328697)	(48.0, 0.5928423534406255)	(49.0, 0.5283211686302139)	(50.0, 0.6180489222479746)	(51.0, 0.8386188057479048)	(52.0, 1.319304775549163)	(53.0, 2.047054158579876)	(54.0, 2.3529119459352015)	(55.0, 2.570748002420501)	(56.0, 3.275136894264879)	(57.0, 3.310082239339354)	(58.0, 4.152668898898733)	(59.0, 5.297690272375188)	(60.0, 5.460978815498371)	(61.0, 7.969908581883313)	(62.0, 10.176648454680844)	(63.0, 9.274735874153704)	(64.0, 9.354099567148836)	(65.0, 9.049069978296126)	(66.0, 5.8282093100010295)	(67.0, 3.3627561052235135)	(68.0, 2.351319510998079)	(69.0, 1.541620382390828)	(70.0, 1.1113839424154353)	(71.0, 0.7299957749745629)	(72.0, 0.45732768420347775)	(73.0, 0.3015524784948499)	(74.0, 0.17674814728355742)	(75.0, 0.13979461382923436)	(76.0, 0.12553217543463108)	(77.0, 0.11710572435807007)	(78.0, 0.11097749655641458)	(79.0, 0.10054837107139464)	(80.0, 0.09087796804949129)	(81.0, 0.08678660127890611)	(82.0, 0.090730193616268)	(83.0, 0.08243718064731907)	(84.0, 0.06738624434409898)	(85.0, 0.06332134463618067)	(86.0, 0.05491364106234202)	(87.0, 0.04274430620697613)	(88.0, 0.03191266081056438)	(89.0, 0.025698415055241612)	(90.0, 0.023811534045950173)	(91.0, 0.021934578185158805)	(92.0, 0.018437617530300154)	(93.0, 0.016020292473393764)	(94.0, 0.013647079187598804)	(95.0, 0.010647478752021532)	(96.0, 0.009078202494732393)	(97.0, 0.0076203084594996156)	(98.0, 0.0055624943371513835)	(99.0, 0.004293178123419971)	(100.0, 0.009962643505516575)
SRR29999137_1	(0.0, 0.2687493463659851)	(1.0, 0.13458359415926005)	(2.0, 0.000787302205302751)	(3.0, 0.0010369077927381203)	(4.0, 0.0008488789140973795)	(5.0, 0.0008246880642137753)	(6.0, 0.000787302205302751)	(7.0, 0.0007268250805937407)	(8.0, 0.0007356217532786876)	(9.0, 0.0007411196737067794)	(10.0, 0.0008499784981829978)	(11.0, 0.0010270115359675548)	(12.0, 0.0011809533079541262)	(13.0, 0.0014305588953894956)	(14.0, 0.0018967825476916833)	(15.0, 0.002579624264860689)	(16.0, 0.003603337048571389)	(17.0, 0.005139456016180248)	(18.0, 0.007385906303098572)	(19.0, 0.010951857492758937)	(20.0, 0.016640005967662748)	(21.0, 0.02460099474753973)	(22.0, 0.03607515468096739)	(23.0, 0.050411531989259656)	(24.0, 0.06854917148153462)	(25.0, 0.09133255373554719)	(26.0, 0.1173157256787092)	(27.0, 0.1490926061689944)	(28.0, 0.1859946480823468)	(29.0, 0.22518822323012785)	(30.0, 0.26660185864677244)	(31.0, 0.30539518518738845)	(32.0, 0.34596214085810684)	(33.0, 0.3942910605892054)	(34.0, 0.44725252807301397)	(35.0, 0.508262951063549)	(36.0, 0.6451292817845529)	(37.0, 0.8517147414541891)	(38.0, 0.8440704328909704)	(39.0, 0.8131677217487516)	(40.0, 0.8546583280513895)	(41.0, 0.8877371160990469)	(42.0, 1.5728340802276561)	(43.0, 1.6369475295078064)	(44.0, 1.081481632816832)	(45.0, 1.088557456407786)	(46.0, 1.1525708435361448)	(47.0, 1.2187548096495144)	(48.0, 1.2575129494993909)	(49.0, 1.2973827688598272)	(50.0, 1.3168970876272963)	(51.0, 1.406781489122084)	(52.0, 1.628872183983025)	(53.0, 1.9685084175965692)	(54.0, 2.660665811138934)	(55.0, 3.917102267818504)	(56.0, 4.152348386679783)	(57.0, 3.8976264344940317)	(58.0, 4.410746248463758)	(59.0, 5.171985012185096)	(60.0, 6.036072273770663)	(61.0, 6.88640483802923)	(62.0, 6.087896771309943)	(63.0, 4.771976114350675)	(64.0, 4.2405339307622905)	(65.0, 3.0768627858818287)	(66.0, 2.8957480919714564)	(67.0, 3.768363727725079)	(68.0, 3.9318048066273077)	(69.0, 3.023282252557817)	(70.0, 1.9042927069964566)	(71.0, 1.1041495587418546)	(72.0, 0.6679115644544797)	(73.0, 0.41065836970363473)	(74.0, 0.23384194998394442)	(75.0, 0.20493498395712317)	(76.0, 0.1830356673079478)	(77.0, 0.16395348508612662)	(78.0, 0.15217693952915393)	(79.0, 0.1357249624401319)	(80.0, 0.11563885994814119)	(81.0, 0.10148831235031842)	(82.0, 0.0935724065179518)	(83.0, 0.08183104765171888)	(84.0, 0.06601353058009866)	(85.0, 0.05440961972456804)	(86.0, 0.04411421393092327)	(87.0, 0.03365167135626451)	(88.0, 0.02602055780207304)	(89.0, 0.02267892176587882)	(90.0, 0.020081704155648236)	(91.0, 0.016056126818199394)	(92.0, 0.011788640981914513)	(93.0, 0.008254577730737081)	(94.0, 0.005392360355872473)	(95.0, 0.0030744371033889543)	(96.0, 0.0016163886058589995)	(97.0, 0.0008455801618405243)	(98.0, 0.0005519912109804202)	(99.0, 0.00032217813708618155)	(100.0, 8.466797459261426e-05)
SRR29999137_2	(0.0, 0.009295227832012969)	(1.0, 0.004769832618843897)	(2.0, 0.0003237144021099044)	(3.0, 0.0004767630480054034)	(4.0, 0.0006386202490603556)	(5.0, 0.0008918662098946346)	(6.0, 0.0010834522846127413)	(7.0, 0.001208974195634949)	(8.0, 0.0014523105319148432)	(9.0, 0.0016505030230025398)	(10.0, 0.00183768482014092)	(11.0, 0.0021239628628231485)	(12.0, 0.0023860173788168805)	(13.0, 0.0026645879357345874)	(14.0, 0.0031556648858741022)	(15.0, 0.003817407592228023)	(16.0, 0.004685050275434161)	(17.0, 0.006168190750407089)	(18.0, 0.00822608944953434)	(19.0, 0.011440111013339818)	(20.0, 0.01664156283499692)	(21.0, 0.02302776532560048)	(22.0, 0.03213581136047507)	(23.0, 0.04551050130070979)	(24.0, 0.06227868711612386)	(25.0, 0.08224327738502449)	(26.0, 0.10658682063756827)	(27.0, 0.1343612961247191)	(28.0, 0.16297148328262304)	(29.0, 0.19475054815914022)	(30.0, 0.23030958426845782)	(31.0, 0.27065607010693815)	(32.0, 0.3178721279003971)	(33.0, 0.3736644152109786)	(34.0, 0.43037499439693316)	(35.0, 0.48317897936967014)	(36.0, 0.5477666090069656)	(37.0, 0.606157420089586)	(38.0, 0.6485056500880519)	(39.0, 0.6930890509582294)	(40.0, 0.7459348765679737)	(41.0, 0.8538716082837282)	(42.0, 0.9990685283239696)	(43.0, 1.0294712564568222)	(44.0, 1.0515058571881946)	(45.0, 1.1552937594238466)	(46.0, 1.1883875011579121)	(47.0, 1.2677338649648715)	(48.0, 1.3159629066016674)	(49.0, 1.2809885383410586)	(50.0, 1.374330595226994)	(51.0, 1.5813657746253866)	(52.0, 2.019371179929196)	(53.0, 2.648133554696729)	(54.0, 2.884558478384637)	(55.0, 3.0888057500750623)	(56.0, 3.730471557081799)	(57.0, 3.7428167471377725)	(58.0, 4.148940688111336)	(59.0, 4.436736004419781)	(60.0, 4.072242396199187)	(61.0, 5.339966351539505)	(62.0, 6.533302058558239)	(63.0, 6.462700387885828)	(64.0, 7.002362025076701)	(65.0, 7.029137830622649)	(66.0, 4.911527037138861)	(67.0, 3.102982018534808)	(68.0, 2.3133478998207866)	(69.0, 1.6120184455108888)	(70.0, 1.203402784496595)	(71.0, 0.8154949355927806)	(72.0, 0.5569484266913007)	(73.0, 0.40326996910190077)	(74.0, 0.2872392762640037)	(75.0, 0.24613195147362557)	(76.0, 0.22118282005386936)	(77.0, 0.2072399783058499)	(78.0, 0.19979895133490186)	(79.0, 0.18496974872396243)	(80.0, 0.16592234926103985)	(81.0, 0.14847370255955802)	(82.0, 0.141257293745176)	(83.0, 0.1262959628068448)	(84.0, 0.10317570765207004)	(85.0, 0.09137334480779771)	(86.0, 0.07833558210241208)	(87.0, 0.06174576952897694)	(88.0, 0.047723650784522405)	(89.0, 0.03972548269973892)	(90.0, 0.03511200193497531)	(91.0, 0.0313364349797547)	(92.0, 0.026922247775473713)	(93.0, 0.023895408008806615)	(94.0, 0.020848748993030748)	(95.0, 0.017143650479085754)	(96.0, 0.014751026683899283)	(97.0, 0.012334179362024317)	(98.0, 0.009680602120239046)	(99.0, 0.007806582010065381)	(100.0, 0.01674726549691036)
SRR29999138_1	(0.0, 0.12189886889329112)	(1.0, 0.061111993030451235)	(2.0, 0.0005288171213925291)	(3.0, 0.0006442136469335932)	(4.0, 0.0005799929718498705)	(5.0, 0.0006161171015844645)	(6.0, 0.0006341791664517616)	(7.0, 0.0006592653676563407)	(8.0, 0.0007887101658719691)	(9.0, 0.0009061135875093998)	(10.0, 0.00104559286620686)	(11.0, 0.0013957962350227852)	(12.0, 0.0018463444086570275)	(13.0, 0.002542737354096145)	(14.0, 0.0036625853758685597)	(15.0, 0.005200871233733354)	(16.0, 0.00755997759501198)	(17.0, 0.011683145624996612)	(18.0, 0.018345037216884658)	(19.0, 0.027839662648793784)	(20.0, 0.04179862844706982)	(21.0, 0.06242650997357118)	(22.0, 0.09164892403276137)	(23.0, 0.12881262594527315)	(24.0, 0.1755562463737896)	(25.0, 0.23368097456479955)	(26.0, 0.3004253214897029)	(27.0, 0.3769904144621749)	(28.0, 0.46410676366129294)	(29.0, 0.5576070493429522)	(30.0, 0.6530480035497978)	(31.0, 0.7458448721496808)	(32.0, 0.8368857066652431)	(33.0, 0.9321139298858739)	(34.0, 1.0311452212091188)	(35.0, 1.13145992258599)	(36.0, 1.3195893730035146)	(37.0, 1.6066106354655867)	(38.0, 1.6070049905485229)	(39.0, 1.5434215049753963)	(40.0, 1.5836758268763123)	(41.0, 1.6030845190242713)	(42.0, 2.176142661413148)	(43.0, 2.230910855882985)	(44.0, 1.7746470421662917)	(45.0, 1.7832064540172943)	(46.0, 1.8523279693683434)	(47.0, 1.9333584061552305)	(48.0, 1.9696962703240877)	(49.0, 1.9882951798971629)	(50.0, 1.9614388963355884)	(51.0, 1.9767254239016108)	(52.0, 2.0675324550219467)	(53.0, 2.291216076682697)	(54.0, 2.757530426049993)	(55.0, 3.39697568785862)	(56.0, 3.5122808996272994)	(57.0, 3.4146815286688117)	(58.0, 3.63117544506433)	(59.0, 3.955306223244312)	(60.0, 4.23730924201742)	(61.0, 4.5202454674753385)	(62.0, 4.068070704554992)	(63.0, 3.3129790586413037)	(64.0, 3.029516022958089)	(65.0, 2.455208587749224)	(66.0, 2.4348004613452745)	(67.0, 2.9048115133220773)	(68.0, 2.771391053939547)	(69.0, 2.111597872609862)	(70.0, 1.3928169977677294)	(71.0, 0.8545152854237731)	(72.0, 0.587643259769219)	(73.0, 0.41053267236879365)	(74.0, 0.2759913615164428)	(75.0, 0.24714925426751402)	(76.0, 0.23746798749864287)	(77.0, 0.22498409033119607)	(78.0, 0.22071542233422486)	(79.0, 0.19623329685465196)	(80.0, 0.1629248423432599)	(81.0, 0.16510934874415467)	(82.0, 0.17458290176705196)	(83.0, 0.16688545178943887)	(84.0, 0.14415735349809014)	(85.0, 0.12167309308244992)	(86.0, 0.11294008471911181)	(87.0, 0.099765815294515)	(88.0, 0.08503620139523431)	(89.0, 0.08457260839697368)	(90.0, 0.07420899695533793)	(91.0, 0.05368547402584762)	(92.0, 0.037199826042246364)	(93.0, 0.0246376599270413)	(94.0, 0.014269031245164635)	(95.0, 0.007152577687449615)	(96.0, 0.0037368405314341137)	(97.0, 0.0019416719732344282)	(98.0, 0.0009873928794122363)	(99.0, 0.0005007205760434003)	(100.0, 0.0001766068564802374)
SRR29999138_2	(0.0, 0.007924073479816907)	(1.0, 0.004108630091156967)	(2.0, 0.0003976093636603516)	(3.0, 0.0005984221735898221)	(4.0, 0.0008765479153421389)	(5.0, 0.001195840283129997)	(6.0, 0.0015422423802583338)	(7.0, 0.001870571324493018)	(8.0, 0.002109538568309088)	(9.0, 0.002389672438160699)	(10.0, 0.0026969160373527894)	(11.0, 0.0031547692439919815)	(12.0, 0.0036829069341064898)	(13.0, 0.004287353491994195)	(14.0, 0.005295433797840138)	(15.0, 0.006765383566523862)	(16.0, 0.00897030821954945)	(17.0, 0.01241324384579022)	(18.0, 0.017692612618836)	(19.0, 0.025692994966426106)	(20.0, 0.03754898326466204)	(21.0, 0.05384092653423998)	(22.0, 0.07651068464717792)	(23.0, 0.10755032067797617)	(24.0, 0.14823198377753796)	(25.0, 0.1962212250304332)	(26.0, 0.2531506525813884)	(27.0, 0.3212472804925215)	(28.0, 0.39359712371796085)	(29.0, 0.47115404310487125)	(30.0, 0.5565888490253148)	(31.0, 0.6501485412355048)	(32.0, 0.7470828927165596)	(33.0, 0.8489020157991486)	(34.0, 0.9504671106771769)	(35.0, 1.0472388037821887)	(36.0, 1.1412111663167837)	(37.0, 1.2280145115368968)	(38.0, 1.3072221122214276)	(39.0, 1.374705256998226)	(40.0, 1.441045776886526)	(41.0, 1.5337620552950122)	(42.0, 1.6356986538714098)	(43.0, 1.6680576300634447)	(44.0, 1.700730878303019)	(45.0, 1.788346511339297)	(46.0, 1.8457960440679697)	(47.0, 1.9505339813428835)	(48.0, 2.0302044555543017)	(49.0, 2.005349854069331)	(50.0, 2.0329746682672787)	(51.0, 2.1448384481025395)	(52.0, 2.3802844392964966)	(53.0, 2.784044699324988)	(54.0, 2.999977709778098)	(55.0, 3.173498050710054)	(56.0, 3.5461242926870797)	(57.0, 3.4635701465250746)	(58.0, 3.611713772666244)	(59.0, 3.5656272327874308)	(60.0, 3.091435895932376)	(61.0, 3.703876811783374)	(62.0, 4.337008475505455)	(63.0, 4.308331402183478)	(64.0, 4.5323290550833555)	(65.0, 4.66912474933541)	(66.0, 3.744168898031673)	(67.0, 2.649980059287974)	(68.0, 1.9173868148718753)	(69.0, 1.3054429107254524)	(70.0, 1.0311105229527033)	(71.0, 0.7606237004901037)	(72.0, 0.5404726169644252)	(73.0, 0.4195421387608484)	(74.0, 0.3362881599562389)	(75.0, 0.29240654473045097)	(76.0, 0.2732510107912788)	(77.0, 0.2708663586733663)	(78.0, 0.2624312165922789)	(79.0, 0.2345011669232385)	(80.0, 0.20554797598760743)	(81.0, 0.20279182017132547)	(82.0, 0.20347257559698637)	(83.0, 0.1802566066410403)	(84.0, 0.15698742229046286)	(85.0, 0.15764207205083294)	(86.0, 0.14504408041990763)	(87.0, 0.11167702392202679)	(88.0, 0.08841386395574728)	(89.0, 0.08383432782530571)	(90.0, 0.08142055784995347)	(91.0, 0.07618838008724112)	(92.0, 0.0634166853757268)	(93.0, 0.05066607600925506)	(94.0, 0.043663733327014426)	(95.0, 0.04069873218840579)	(96.0, 0.03497657116946553)	(97.0, 0.023801338296890493)	(98.0, 0.014597083153773213)	(99.0, 0.0099743722691968)	(100.0, 0.01787133601967323)
SRR29999139_1	(0.0, 0.20255576071860934)	(1.0, 0.10141014780636598)	(2.0, 0.0004692013648385482)	(3.0, 0.0007058904806324745)	(4.0, 0.00070171361388317)	(5.0, 0.0006989290360503002)	(6.0, 0.0006794369912202121)	(7.0, 0.000680829280136647)	(8.0, 0.0008298041941951773)	(9.0, 0.0009732099525879679)	(10.0, 0.0011987607570504153)	(11.0, 0.0014800031181702571)	(12.0, 0.0017849143908694918)	(13.0, 0.0025576347394908397)	(14.0, 0.0037786721192042128)	(15.0, 0.005389550395519347)	(16.0, 0.007924908512347228)	(17.0, 0.011941662036261803)	(18.0, 0.018386567430438774)	(19.0, 0.028831518881533104)	(20.0, 0.044200996230057535)	(21.0, 0.06567148361039953)	(22.0, 0.09832901243429562)	(23.0, 0.13960202507309066)	(24.0, 0.1905653685702723)	(25.0, 0.25637051191664956)	(26.0, 0.33186598612141344)	(27.0, 0.41715342827546376)	(28.0, 0.5178869236684424)	(29.0, 0.6228112086998899)	(30.0, 0.7271382017861869)	(31.0, 0.8377778328195995)	(32.0, 0.9496705238778037)	(33.0, 1.067305014427385)	(34.0, 1.1901745113027615)	(35.0, 1.3171275915700416)	(36.0, 1.4612963242890384)	(37.0, 1.6189772209420357)	(38.0, 1.7080405506374574)	(39.0, 1.778149259024535)	(40.0, 1.8773930052769283)	(41.0, 1.9607047894585574)	(42.0, 2.1778030079093287)	(43.0, 2.245269151933013)	(44.0, 2.1647878911184955)	(45.0, 2.23747929544556)	(46.0, 2.327741385898032)	(47.0, 2.3945086008856658)	(48.0, 2.4465245148036723)	(49.0, 2.4883781119206203)	(50.0, 2.518302577601555)	(51.0, 2.6130102465642033)	(52.0, 2.7282903765560933)	(53.0, 2.7158001526867563)	(54.0, 2.755164337221119)	(55.0, 2.964492191229268)	(56.0, 2.9956989550022386)	(57.0, 3.070471831259373)	(58.0, 3.309430377987088)	(59.0, 3.6951751605966976)	(60.0, 4.016257869060323)	(61.0, 4.178829876676756)	(62.0, 3.8005352320589894)	(63.0, 3.234805084355096)	(64.0, 2.833810561243775)	(65.0, 2.1713984788937286)	(66.0, 1.8694569584532492)	(67.0, 1.8439418717706644)	(68.0, 1.6911799318594312)	(69.0, 1.346751322845026)	(70.0, 0.9909073370047714)	(71.0, 0.7380760235136993)	(72.0, 0.5939253905506159)	(73.0, 0.4694324847986764)	(74.0, 0.35440714367849385)	(75.0, 0.3144094676871532)	(76.0, 0.28398099341846933)	(77.0, 0.2534480974810528)	(78.0, 0.2315696694481954)	(79.0, 0.20244437760529455)	(80.0, 0.16931347054981058)	(81.0, 0.15203238051902107)	(82.0, 0.1433542437028826)	(83.0, 0.12790401359720494)	(84.0, 0.10528071099405488)	(85.0, 0.08774483209155781)	(86.0, 0.07893303553944157)	(87.0, 0.06659178658416297)	(88.0, 0.053980433579096)	(89.0, 0.050268591327880655)	(90.0, 0.042751623468048845)	(91.0, 0.03045214318026328)	(92.0, 0.020497277427754024)	(93.0, 0.013352050708610317)	(94.0, 0.008345379765110556)	(95.0, 0.004619614624730869)	(96.0, 0.0026397797855604965)	(97.0, 0.0015426561194098259)	(98.0, 0.0007699357707884782)	(99.0, 0.00040237149684967485)	(100.0, 0.00013644431381061638)
SRR29999139_2	(0.0, 0.00948810119221587)	(1.0, 0.004886204873664636)	(2.0, 0.0003944084367504541)	(3.0, 0.0005978841673708298)	(4.0, 0.0009309711510576091)	(5.0, 0.0012640581347443882)	(6.0, 0.0015971451184311676)	(7.0, 0.0019190827470154605)	(8.0, 0.0021392825102895655)	(9.0, 0.0024012923551979945)	(10.0, 0.002698143934801693)	(11.0, 0.003156661163391444)	(12.0, 0.003860464204235894)	(13.0, 0.004551724220590046)	(14.0, 0.005447853636952386)	(15.0, 0.006950229237012419)	(16.0, 0.009464408812623087)	(17.0, 0.013309542653593064)	(18.0, 0.018821505082384744)	(19.0, 0.027515214723548464)	(20.0, 0.04002757848731376)	(21.0, 0.05752231031250262)	(22.0, 0.08243554428900834)	(23.0, 0.11747378636795945)	(24.0, 0.16383141121470984)	(25.0, 0.21719222473520944)	(26.0, 0.28008713053772266)	(27.0, 0.35602956914892053)	(28.0, 0.44028245831963414)	(29.0, 0.5297002862415746)	(30.0, 0.6270480929801584)	(31.0, 0.7355368928049016)	(32.0, 0.8523626229075291)	(33.0, 0.9796534164432278)	(34.0, 1.111470848150536)	(35.0, 1.2418597687353379)	(36.0, 1.3716842532180766)	(37.0, 1.48575609261039)	(38.0, 1.585163742704158)	(39.0, 1.6864779325204515)	(40.0, 1.7895328154021204)	(41.0, 1.9014249558718979)	(42.0, 2.002953770773914)	(43.0, 2.0572511301230225)	(44.0, 2.113278033182404)	(45.0, 2.21161116417817)	(46.0, 2.2977190273040597)	(47.0, 2.38295445339318)	(48.0, 2.467374582890431)	(49.0, 2.5086913055614697)	(50.0, 2.5461935551180703)	(51.0, 2.591296877515791)	(52.0, 2.6600438010777214)	(53.0, 2.7745211982618883)	(54.0, 2.831339705533546)	(55.0, 2.87435949219649)	(56.0, 2.9750186574005117)	(57.0, 2.962269369840819)	(58.0, 3.090872999939835)	(59.0, 3.2681101169958975)	(60.0, 3.266012644567242)	(61.0, 3.67059765518749)	(62.0, 4.030692557940655)	(63.0, 3.7982075990129975)	(64.0, 3.6840103293757815)	(65.0, 3.388935678241541)	(66.0, 2.572280258719113)	(67.0, 1.920118243370604)	(68.0, 1.521287693652626)	(69.0, 1.1867276014229309)	(70.0, 0.9438472625315929)	(71.0, 0.7607316479977452)	(72.0, 0.6223110107309895)	(73.0, 0.5227835050698696)	(74.0, 0.43678574182561686)	(75.0, 0.3759158376435927)	(76.0, 0.33586596044607403)	(77.0, 0.31466964272685966)	(78.0, 0.29335625677906924)	(79.0, 0.25798771505520696)	(80.0, 0.22443930555182556)	(81.0, 0.20271896814279436)	(82.0, 0.1850723263543341)	(83.0, 0.16120991909623772)	(84.0, 0.13646950012382056)	(85.0, 0.12526997292337305)	(86.0, 0.11023088655950679)	(87.0, 0.08500686430951924)	(88.0, 0.06599442652100443)	(89.0, 0.058734802679898016)	(90.0, 0.055589290871609055)	(91.0, 0.05150723323471125)	(92.0, 0.04316194094050022)	(93.0, 0.03561522120550479)	(94.0, 0.03221466789924646)	(95.0, 0.030979876821646095)	(96.0, 0.028702621041963257)	(97.0, 0.022998332237653688)	(98.0, 0.016857824914959338)	(99.0, 0.013172963053587606)	(100.0, 0.021121059572272553)
SRR29999140_1	(0.0, 0.1915426437990719)	(1.0, 0.09622948765944156)	(2.0, 0.0013210271338239383)	(3.0, 0.0015757966524899837)	(4.0, 0.0013388505157882296)	(5.0, 0.0011826338150423828)	(6.0, 0.0011197277610507667)	(7.0, 0.0010494826674267955)	(8.0, 0.0010316592854625042)	(9.0, 0.001148035485346994)	(10.0, 0.0012843319356621622)	(11.0, 0.0015705544813240156)	(12.0, 0.0019417001998745507)	(13.0, 0.002525678067763387)	(14.0, 0.003602420025253216)	(15.0, 0.005146763650747392)	(16.0, 0.0075413874393615785)	(17.0, 0.011490839195801877)	(18.0, 0.017889433320982428)	(19.0, 0.02673612138067004)	(20.0, 0.04055762987686129)	(21.0, 0.061987625603338516)	(22.0, 0.09121482672207656)	(23.0, 0.12811237269085898)	(24.0, 0.1742057353189825)	(25.0, 0.23114410165526061)	(26.0, 0.2988897280672984)	(27.0, 0.3771050187320075)	(28.0, 0.4646618584144716)	(29.0, 0.5587368137247003)	(30.0, 0.6572529364467371)	(31.0, 0.7569370149045516)	(32.0, 0.859187660365224)	(33.0, 0.9689765479625584)	(34.0, 1.079623054762645)	(35.0, 1.1957465819969353)	(36.0, 1.3416246727692598)	(37.0, 1.5012162833117566)	(38.0, 1.582487759766225)	(39.0, 1.6564568917865001)	(40.0, 1.760584234524589)	(41.0, 1.8341381865885193)	(42.0, 2.0813317194855077)	(43.0, 2.1538854652909714)	(44.0, 2.0466243526298666)	(45.0, 2.125197159368095)	(46.0, 2.2187982224049203)	(47.0, 2.2925954112109515)	(48.0, 2.349850404685654)	(49.0, 2.397841433275858)	(50.0, 2.436906092804651)	(51.0, 2.5386063102928973)	(52.0, 2.6631078754846373)	(53.0, 2.6886728958268304)	(54.0, 2.8116594735516056)	(55.0, 3.1786628284467926)	(56.0, 3.2752246697581566)	(57.0, 3.2240600307440754)	(58.0, 3.3788477156300796)	(59.0, 3.704954796391084)	(60.0, 3.985806213476286)	(61.0, 4.137321735120493)	(62.0, 3.7348456563794334)	(63.0, 3.1882497110751156)	(64.0, 2.8821226414960814)	(65.0, 2.306677979831208)	(66.0, 2.0713736911386347)	(67.0, 2.1767339925349596)	(68.0, 2.0683500068101046)	(69.0, 1.6358970964735735)	(70.0, 1.1448325187645876)	(71.0, 0.7907448251881124)	(72.0, 0.5871263158911166)	(73.0, 0.43929184683965283)	(74.0, 0.3311510978568987)	(75.0, 0.2919113498111618)	(76.0, 0.27261701461769994)	(77.0, 0.25098257421575)	(78.0, 0.23769681561272063)	(79.0, 0.21461448753473028)	(80.0, 0.18149025637121163)	(81.0, 0.18058860293066514)	(82.0, 0.2049479239046853)	(83.0, 0.18495742838038287)	(84.0, 0.13711213214859286)	(85.0, 0.12153554474603552)	(86.0, 0.11944916062198024)	(87.0, 0.10316173480931766)	(88.0, 0.08253693657393311)	(89.0, 0.08355915995129688)	(90.0, 0.07774454369400516)	(91.0, 0.06666469071761517)	(92.0, 0.05438123524151893)	(93.0, 0.03757588291765869)	(94.0, 0.022921917640311717)	(95.0, 0.01201295944393229)	(96.0, 0.006927004978710127)	(97.0, 0.004477862609969873)	(98.0, 0.0027647210729315284)	(99.0, 0.0014153862148113625)	(100.0, 0.0004843766157354441)
SRR29999140_2	(0.0, 0.011002171354705104)	(1.0, 0.0059282016389478375)	(2.0, 0.0009203456961156405)	(3.0, 0.0011428237891333325)	(4.0, 0.0015111719525730016)	(5.0, 0.0019813143378179356)	(6.0, 0.002455654422931128)	(7.0, 0.002754740538544534)	(8.0, 0.002962526682023322)	(9.0, 0.003236426598427178)	(10.0, 0.003526067889337004)	(11.0, 0.00405392864777049)	(12.0, 0.004625865254820689)	(13.0, 0.005271261609565408)	(14.0, 0.006319637151662928)	(15.0, 0.0079798274495591)	(16.0, 0.010565610568406237)	(17.0, 0.014404407097928486)	(18.0, 0.02035884436105294)	(19.0, 0.029192903733802615)	(20.0, 0.042219415849975295)	(21.0, 0.06005649201517204)	(22.0, 0.0851555889524557)	(23.0, 0.12072060108627447)	(24.0, 0.16501997722097178)	(25.0, 0.21620567998954687)	(26.0, 0.27736406822013676)	(27.0, 0.34862736945859146)	(28.0, 0.42493735536365984)	(29.0, 0.5086164033874556)	(30.0, 0.5980756841298432)	(31.0, 0.6982873730847745)	(32.0, 0.8080656200394667)	(33.0, 0.918368579477691)	(34.0, 1.029448113391543)	(35.0, 1.1501120455295961)	(36.0, 1.281434987058124)	(37.0, 1.3910579191176906)	(38.0, 1.4832236668501375)	(39.0, 1.5786268906059788)	(40.0, 1.6764815710848833)	(41.0, 1.7878392026150074)	(42.0, 1.889206308458677)	(43.0, 1.9453096166229165)	(44.0, 2.002716310596251)	(45.0, 2.1127957425164903)	(46.0, 2.2137346829735973)	(47.0, 2.305213057352617)	(48.0, 2.3872917323016396)	(49.0, 2.4372601021084197)	(50.0, 2.491570992428913)	(51.0, 2.564614118411509)	(52.0, 2.68747764528053)	(53.0, 2.8420296084550323)	(54.0, 2.884907013759357)	(55.0, 2.933246676017253)	(56.0, 3.1309111156887024)	(57.0, 3.1319248602068877)	(58.0, 3.252533172821686)	(59.0, 3.346759991189448)	(60.0, 3.203405392413524)	(61.0, 3.614699173780377)	(62.0, 4.002991658719109)	(63.0, 3.8254478439411885)	(64.0, 3.8207138879147604)	(65.0, 3.6625445568787858)	(66.0, 2.781187097139529)	(67.0, 2.031447467344545)	(68.0, 1.6267671621201327)	(69.0, 1.23572938146756)	(70.0, 0.9731884409072108)	(71.0, 0.7547873638865648)	(72.0, 0.584569584803722)	(73.0, 0.4741239035699769)	(74.0, 0.39055819344262405)	(75.0, 0.3386882655955228)	(76.0, 0.3071152660364177)	(77.0, 0.29150402022636496)	(78.0, 0.2747877299259932)	(79.0, 0.24645430524021647)	(80.0, 0.22074339354713415)	(81.0, 0.2167975556709713)	(82.0, 0.22535351742744886)	(83.0, 0.20249599221981515)	(84.0, 0.17714608271540305)	(85.0, 0.17759103890143843)	(86.0, 0.15808642646357607)	(87.0, 0.12324656698199893)	(88.0, 0.09675593253838762)	(89.0, 0.0884864637979187)	(90.0, 0.0876269847498928)	(91.0, 0.08516608320212636)	(92.0, 0.07281435133977619)	(93.0, 0.05870168438269167)	(94.0, 0.050690374184120625)	(95.0, 0.044097886541020904)	(96.0, 0.03866291463659342)	(97.0, 0.03166325010627264)	(98.0, 0.02086781547007926)	(99.0, 0.013391712004711162)	(100.0, 0.019262195270470447)
SRR29999141_1	(0.0, 0.16966691769494174)	(1.0, 0.08529718246539827)	(2.0, 0.0014948678437207133)	(3.0, 0.0018653806841752625)	(4.0, 0.001548464040767598)	(5.0, 0.0013678681594139653)	(6.0, 0.0012967949415909228)	(7.0, 0.0012117401071469538)	(8.0, 0.0011919328169339748)	(9.0, 0.0012793179208147648)	(10.0, 0.0014738954187893236)	(11.0, 0.001717408574937125)	(12.0, 0.0020471417002473056)	(13.0, 0.0027858371117195834)	(14.0, 0.003921843462169852)	(15.0, 0.005591481513652146)	(16.0, 0.008166429241339422)	(17.0, 0.012434317714877203)	(18.0, 0.01927482364666544)	(19.0, 0.029509367013183557)	(20.0, 0.045227034364541646)	(21.0, 0.06888509482186751)	(22.0, 0.10279867107064286)	(23.0, 0.14572689463576055)	(24.0, 0.1986449832765301)	(25.0, 0.2653594321179988)	(26.0, 0.34302381704308965)	(27.0, 0.4302551231410494)	(28.0, 0.5300628933895325)	(29.0, 0.636720490647551)	(30.0, 0.7450640378431096)	(31.0, 0.8531815489032966)	(32.0, 0.9635291278145213)	(33.0, 1.079240986969308)	(34.0, 1.2000934205017222)	(35.0, 1.3273797279491992)	(36.0, 1.4901373967639666)	(37.0, 1.6772685187531637)	(38.0, 1.7557985987740337)	(39.0, 1.827259806458307)	(40.0, 1.9436462786150532)	(41.0, 2.0043765955427655)	(42.0, 2.2581149739793376)	(43.0, 2.3199614899672873)	(44.0, 2.1669396868595583)	(45.0, 2.2307156659411955)	(46.0, 2.305941423900653)	(47.0, 2.3368291452857166)	(48.0, 2.3645978010295945)	(49.0, 2.391330652008806)	(50.0, 2.4134332576170534)	(51.0, 2.517464641219775)	(52.0, 2.6476707762715885)	(53.0, 2.653426541780537)	(54.0, 2.741979110649174)	(55.0, 3.081053120996852)	(56.0, 3.163025008975907)	(57.0, 3.095549727163316)	(58.0, 3.214273459565194)	(59.0, 3.6394544210075654)	(60.0, 4.081056791171215)	(61.0, 4.269597726169689)	(62.0, 3.7848282798236474)	(63.0, 3.1771452766283237)	(64.0, 2.8605443847293484)	(65.0, 2.2517253751835744)	(66.0, 1.9879447006090216)	(67.0, 2.028546150141474)	(68.0, 1.8576465199144534)	(69.0, 1.463721462428163)	(70.0, 1.0333055506959727)	(71.0, 0.6998940950797701)	(72.0, 0.5219255925161533)	(73.0, 0.38501760256404205)	(74.0, 0.2833048370509578)	(75.0, 0.2443741907047067)	(76.0, 0.21476578724045825)	(77.0, 0.18699363609242478)	(78.0, 0.16665620958256894)	(79.0, 0.1456208673763852)	(80.0, 0.12444104846511851)	(81.0, 0.1139525057299869)	(82.0, 0.11609984901601751)	(83.0, 0.09898285486784839)	(84.0, 0.06957601970988495)	(85.0, 0.05822760755256636)	(86.0, 0.05123796437682158)	(87.0, 0.04025190911692867)	(88.0, 0.029961439283926847)	(89.0, 0.02756941770703002)	(90.0, 0.025128460471959956)	(91.0, 0.022428843329402752)	(92.0, 0.018285624270734897)	(93.0, 0.012420336098256277)	(94.0, 0.007781934784263946)	(95.0, 0.004336631421924002)	(96.0, 0.002612232038676414)	(97.0, 0.0017511974817710303)	(98.0, 0.0010905660964322583)	(99.0, 0.0005079987372269922)	(100.0, 0.00015612805226701136)
SRR29999141_2	(0.0, 0.009346942229355563)	(1.0, 0.004970810220027789)	(2.0, 0.0006844629601586471)	(3.0, 0.0009386587443402231)	(4.0, 0.001317620349198077)	(5.0, 0.0017618799536622072)	(6.0, 0.0021618302012506503)	(7.0, 0.0024463429138208547)	(8.0, 0.0027110330193677247)	(9.0, 0.0029897155534016544)	(10.0, 0.003289386730166173)	(11.0, 0.003902721512182269)	(12.0, 0.004556867543952288)	(13.0, 0.005180696647333677)	(14.0, 0.006235958962399394)	(15.0, 0.007913884345139247)	(16.0, 0.01057477782909501)	(17.0, 0.014469337091326494)	(18.0, 0.020877869338399618)	(19.0, 0.031128489240877757)	(20.0, 0.045639803617665425)	(21.0, 0.06523386764237736)	(22.0, 0.09283276679739443)	(23.0, 0.1324791468797695)	(24.0, 0.18314223232428917)	(25.0, 0.2413425725805048)	(26.0, 0.3115600768356897)	(27.0, 0.3937737564471135)	(28.0, 0.48102937445670746)	(29.0, 0.5746387210351337)	(30.0, 0.6730533007631575)	(31.0, 0.7829475020291061)	(32.0, 0.9015473258854202)	(33.0, 1.0213400042702558)	(34.0, 1.1438612062100684)	(35.0, 1.2714488332979033)	(36.0, 1.4075858341913317)	(37.0, 1.522661898140321)	(38.0, 1.615428200902402)	(39.0, 1.710732963399177)	(40.0, 1.809697911981025)	(41.0, 1.926142901850332)	(42.0, 2.025399359358994)	(43.0, 2.066418163468808)	(44.0, 2.1048087230944694)	(45.0, 2.2055565402727106)	(46.0, 2.2907949165087533)	(47.0, 2.3413588889181565)	(48.0, 2.3748789173946143)	(49.0, 2.3982311145038087)	(50.0, 2.4503727332251275)	(51.0, 2.5175853634627163)	(52.0, 2.6459868834742153)	(53.0, 2.817892029687689)	(54.0, 2.8591183881533944)	(55.0, 2.8668492048924947)	(56.0, 3.032370305608747)	(57.0, 3.0144005293242415)	(58.0, 3.1130296596224003)	(59.0, 3.2455915950373844)	(60.0, 3.1490566648694562)	(61.0, 3.6906452698181553)	(62.0, 4.225614290056769)	(63.0, 3.9173704187725122)	(64.0, 3.7101845301646263)	(65.0, 3.5323792432724432)	(66.0, 2.7148203033448888)	(67.0, 2.008974580386601)	(68.0, 1.6189904399880657)	(69.0, 1.2066522290457464)	(70.0, 0.9137673800974518)	(71.0, 0.7011862442720973)	(72.0, 0.5422928905158818)	(73.0, 0.43493714898462715)	(74.0, 0.35219875330493877)	(75.0, 0.301288468290481)	(76.0, 0.2636954770885819)	(77.0, 0.2382129327422325)	(78.0, 0.21849293686113705)	(79.0, 0.19345348608354457)	(80.0, 0.17026453397336566)	(81.0, 0.1550675906007121)	(82.0, 0.1485284623544264)	(83.0, 0.13143437888606907)	(84.0, 0.11053318883352435)	(85.0, 0.10051344400108268)	(86.0, 0.08299375749957728)	(87.0, 0.06258813262261592)	(88.0, 0.047772482926234705)	(89.0, 0.0397023497963233)	(90.0, 0.03575531892726534)	(91.0, 0.032751610945376625)	(92.0, 0.027161635764796466)	(93.0, 0.021963448581853964)	(94.0, 0.01826011917561229)	(95.0, 0.0145183105910312)	(96.0, 0.012255035283249371)	(97.0, 0.010916426291320705)	(98.0, 0.007894061738115913)	(99.0, 0.00551185078819408)	(100.0, 0.013177369527688025)
SRR29999142_1	(0.0, 0.10614417924913841)	(1.0, 0.05324928589000965)	(2.0, 0.0006219950541990941)	(3.0, 0.0008679000756266429)	(4.0, 0.0008028075699546446)	(5.0, 0.0007811100680639785)	(6.0, 0.0008606675749964208)	(7.0, 0.0009052679955494565)	(8.0, 0.0009980850869706391)	(9.0, 0.0012030059381602633)	(10.0, 0.0014248026241537386)	(11.0, 0.001800892656925284)	(12.0, 0.002374671040256231)	(13.0, 0.003275117368718873)	(14.0, 0.004855418756422385)	(15.0, 0.007431394397553129)	(16.0, 0.011394804742914799)	(17.0, 0.017251924836622936)	(18.0, 0.026826550254265186)	(19.0, 0.04170139321708848)	(20.0, 0.06437769352637794)	(21.0, 0.09759777433775939)	(22.0, 0.14535397599911543)	(23.0, 0.2063034642267681)	(24.0, 0.2803932006827625)	(25.0, 0.37057766187454433)	(26.0, 0.4774173666009558)	(27.0, 0.5987051967530075)	(28.0, 0.7347533552745705)	(29.0, 0.8783847907069214)	(30.0, 1.023151728738217)	(31.0, 1.1671930058729472)	(32.0, 1.30789648396683)	(33.0, 1.4489796683437992)	(34.0, 1.590712572360717)	(35.0, 1.7337425048239874)	(36.0, 1.8851307971822515)	(37.0, 2.0318251966315013)	(38.0, 2.1201774243302935)	(39.0, 2.1983703994771675)	(40.0, 2.298281368599826)	(41.0, 2.346953687007677)	(42.0, 2.453948890497638)	(43.0, 2.4915024446032943)	(44.0, 2.432527429047692)	(45.0, 2.472549676701797)	(46.0, 2.514093160321793)	(47.0, 2.523474919055962)	(48.0, 2.5356773530359185)	(49.0, 2.5465007902290457)	(50.0, 2.5539044600408496)	(51.0, 2.6209111675463133)	(52.0, 2.6816557349227765)	(53.0, 2.6097200782378165)	(54.0, 2.5816905220453914)	(55.0, 2.718481217298324)	(56.0, 2.7534033465913508)	(57.0, 2.7443494612190844)	(58.0, 2.849638999977085)	(59.0, 3.295212871719945)	(60.0, 3.6757291948771855)	(61.0, 3.6843298435432916)	(62.0, 3.1695481732698374)	(63.0, 2.643248745742754)	(64.0, 2.358429254674296)	(65.0, 1.8349637619774883)	(66.0, 1.5459108472068064)	(67.0, 1.4519835669388848)	(68.0, 1.3006205883328263)	(69.0, 1.0454109548444972)	(70.0, 0.7791018437223203)	(71.0, 0.5800465505438063)	(72.0, 0.46051862887844197)	(73.0, 0.3581775395440287)	(74.0, 0.2770337041400244)	(75.0, 0.23960792421216884)	(76.0, 0.22003075042292952)	(77.0, 0.19809457601146613)	(78.0, 0.18104998285957621)	(79.0, 0.16144387906781602)	(80.0, 0.13692570193136336)	(81.0, 0.13570220390808413)	(82.0, 0.15834595796453757)	(83.0, 0.13807446411479696)	(84.0, 0.09409362778241682)	(85.0, 0.08339555393354675)	(86.0, 0.07832436557498941)	(87.0, 0.06421375684542624)	(88.0, 0.04851681964430104)	(89.0, 0.04764650873513099)	(90.0, 0.045265810611016234)	(91.0, 0.041577235289603005)	(92.0, 0.035028205968936965)	(93.0, 0.02342486412451743)	(94.0, 0.0143179404142962)	(95.0, 0.00804254070080689)	(96.0, 0.0049590845987889)	(97.0, 0.003275117368718873)	(98.0, 0.002031127260320685)	(99.0, 0.0009824146689384914)	(100.0, 0.00028327294135036256)
SRR29999142_2	(0.0, 0.009343979552652034)	(1.0, 0.004924040850990998)	(2.0, 0.0006210827916385903)	(3.0, 0.0009852905645994724)	(4.0, 0.0013543222815730813)	(5.0, 0.0017402378025912345)	(6.0, 0.002146655085663477)	(7.0, 0.002520510746649813)	(8.0, 0.002938987889753873)	(9.0, 0.003359877004864296)	(10.0, 0.003818151686073353)	(11.0, 0.004504357721883757)	(12.0, 0.005424525042311416)	(13.0, 0.006474938851082701)	(14.0, 0.008116285801413034)	(15.0, 0.01109868918728145)	(16.0, 0.015250898996236141)	(17.0, 0.02135318817233569)	(18.0, 0.0308768596394618)	(19.0, 0.04621579561393021)	(20.0, 0.06860613174900218)	(21.0, 0.09831800890939044)	(22.0, 0.14038762464438187)	(23.0, 0.1981591781407994)	(24.0, 0.26994187702218225)	(25.0, 0.35515564202100003)	(26.0, 0.45469290277960717)	(27.0, 0.5672958158966852)	(28.0, 0.6907296893083383)	(29.0, 0.8198859663050888)	(30.0, 0.9511659846534422)	(31.0, 1.0954103525359993)	(32.0, 1.2456364109943376)	(33.0, 1.3902582524958904)	(34.0, 1.5335655692539754)	(35.0, 1.6779872170790002)	(36.0, 1.8192817431977746)	(37.0, 1.9323151933179885)	(38.0, 2.0267547512411466)	(39.0, 2.115164379148396)	(40.0, 2.1957121843009033)	(41.0, 2.2798767414769534)	(42.0, 2.3367799850510798)	(43.0, 2.3578208228485913)	(44.0, 2.3779885267797995)	(45.0, 2.440184842921891)	(46.0, 2.5002441518663443)	(47.0, 2.5310546822756312)	(48.0, 2.555329974533676)	(49.0, 2.5729735497602246)	(50.0, 2.5905845633646876)	(51.0, 2.6099418447017575)	(52.0, 2.645423158901367)	(53.0, 2.682591647519428)	(54.0, 2.6635732482492522)	(55.0, 2.6336334397342624)	(56.0, 2.692034517924341)	(57.0, 2.66881446341908)	(58.0, 2.750770860223304)	(59.0, 2.897551416670552)	(60.0, 2.8778311335465245)	(61.0, 3.3200999685213533)	(62.0, 3.717431353045625)	(63.0, 3.253969726036883)	(64.0, 2.833696869774086)	(65.0, 2.549397729384025)	(66.0, 1.9246487402957622)	(67.0, 1.4477946387216878)	(68.0, 1.201608273990179)	(69.0, 0.949996178230356)	(70.0, 0.7480670878436104)	(71.0, 0.6053109066889797)	(72.0, 0.48916360070855053)	(73.0, 0.40415726530228)	(74.0, 0.33635793818940646)	(75.0, 0.28831748575266225)	(76.0, 0.25528552912551467)	(77.0, 0.23366823001848225)	(78.0, 0.2148849980189268)	(79.0, 0.19074839415124767)	(80.0, 0.16868005627902521)	(81.0, 0.16168654344657438)	(82.0, 0.16823022349983843)	(83.0, 0.15232929804788733)	(84.0, 0.13315532658330104)	(85.0, 0.13116303770604482)	(86.0, 0.11056962071571362)	(87.0, 0.08287174018063886)	(88.0, 0.06395705570673663)	(89.0, 0.05632919423661218)	(90.0, 0.05573705510904996)	(91.0, 0.053666377141586924)	(92.0, 0.04454068105551079)	(93.0, 0.03515810995075694)	(94.0, 0.028680759127667876)	(95.0, 0.023490195369973713)	(96.0, 0.020395635285809396)	(97.0, 0.016858478338477385)	(98.0, 0.011518372316388692)	(99.0, 0.008040308683212585)	(100.0, 0.013839895372513518)
SRR29999143_1	(0.0, 0.08958654088706665)	(1.0, 0.04502562530597294)	(2.0, 0.0007207997614390141)	(3.0, 0.0009231733513057738)	(4.0, 0.0009294194497584514)	(5.0, 0.000908182715019347)	(6.0, 0.0008794506621370294)	(7.0, 0.0009743913586177313)	(8.0, 0.0010518429794309358)	(9.0, 0.0011930048044614533)	(10.0, 0.0014341042047348149)	(11.0, 0.001833854505706192)	(12.0, 0.0024934425023089637)	(13.0, 0.003419114292995809)	(14.0, 0.005009370959047568)	(15.0, 0.007355405537873337)	(16.0, 0.01102311454928572)	(17.0, 0.01734666462277669)	(18.0, 0.027628991895574828)	(19.0, 0.04273080873445913)	(20.0, 0.06612119822004683)	(21.0, 0.10028985519557528)	(22.0, 0.14905564425501167)	(23.0, 0.21090576035311745)	(24.0, 0.2852718085306989)	(25.0, 0.3794967021287241)	(26.0, 0.49183403201982423)	(27.0, 0.6167797362474997)	(28.0, 0.7561676693174567)	(29.0, 0.9007973282089009)	(30.0, 1.0444575926204895)	(31.0, 1.1882490250995843)	(32.0, 1.3288087262392638)	(33.0, 1.4685451916028802)	(34.0, 1.6089499895009332)	(35.0, 1.752170528581453)	(36.0, 1.8952286691022038)	(37.0, 2.0294860569031314)	(38.0, 2.1287403089752526)	(39.0, 2.21504015285652)	(40.0, 2.32355112283551)	(41.0, 2.3755573877721954)	(42.0, 2.428534296408427)	(43.0, 2.467201393489574)	(44.0, 2.45403586717102)	(45.0, 2.5067329505965716)	(46.0, 2.560182064275826)	(47.0, 2.565103989856536)	(48.0, 2.5708928739024777)	(49.0, 2.5846055584454866)	(50.0, 2.6112301777098708)	(51.0, 2.711686179124287)	(52.0, 2.791914815309552)	(53.0, 2.67975862227358)	(54.0, 2.5768753870004524)	(55.0, 2.625686147968748)	(56.0, 2.6534725415453306)	(57.0, 2.7071227795947608)	(58.0, 2.8619260836459266)	(59.0, 3.3900761812893103)	(60.0, 3.767646586655228)	(61.0, 3.7102424434357384)	(62.0, 3.1897250781015276)	(63.0, 2.6590140800925464)	(64.0, 2.3709839944851447)	(65.0, 1.8575159758646258)	(66.0, 1.5264902469483719)	(67.0, 1.3563652633927874)	(68.0, 1.1833370932763985)	(69.0, 0.9630234594338578)	(70.0, 0.7439840296756635)	(71.0, 0.5797940888698135)	(72.0, 0.4734292783191639)	(73.0, 0.37312568170699273)	(74.0, 0.2883736210222987)	(75.0, 0.24528053857758425)	(76.0, 0.21241731617866544)	(77.0, 0.18227364504604257)	(78.0, 0.15881329925778487)	(79.0, 0.1374791253828187)	(80.0, 0.11633233446143286)	(81.0, 0.10218866912518933)	(82.0, 0.0973604350212694)	(83.0, 0.08179640689688694)	(84.0, 0.05951282605711375)	(85.0, 0.04870582651429068)	(86.0, 0.041822626019439785)	(87.0, 0.032553415915665976)	(88.0, 0.02365522405998123)	(89.0, 0.020707065590317326)	(90.0, 0.018199881671412475)	(91.0, 0.016164902795530057)	(92.0, 0.014033734003476402)	(93.0, 0.009963776251711572)	(94.0, 0.0057426629173919375)	(95.0, 0.0029594014468787254)	(96.0, 0.0017551536652024521)	(97.0, 0.0010943164489091446)	(98.0, 0.000679575511651341)	(99.0, 0.0003435354148972771)	(100.0, 0.0001036852343144509)
SRR29999143_2	(0.0, 0.00858246774289246)	(1.0, 0.0045661527566291564)	(2.0, 0.0006847979503647448)	(3.0, 0.001015950243880543)	(4.0, 0.0014033359457292125)	(5.0, 0.001870698050540188)	(6.0, 0.0023630527812768844)	(7.0, 0.002827915623495288)	(8.0, 0.0032252983757142454)	(9.0, 0.0035939396081186245)	(10.0, 0.003998820148115299)	(11.0, 0.004514917873481429)	(12.0, 0.0053409241603264955)	(13.0, 0.0063093884149481696)	(14.0, 0.007858931222342849)	(15.0, 0.010405679804173779)	(16.0, 0.014451985941547948)	(17.0, 0.02036649086686973)	(18.0, 0.02971873148827438)	(19.0, 0.044210705631303485)	(20.0, 0.06566562535723836)	(21.0, 0.0957717425473614)	(22.0, 0.13684837288757953)	(23.0, 0.19408523515136858)	(24.0, 0.2656891084285582)	(25.0, 0.3492994392004639)	(26.0, 0.44765916816243373)	(27.0, 0.5610969483453907)	(28.0, 0.683317137278646)	(29.0, 0.8092824712068705)	(30.0, 0.9389204715148796)	(31.0, 1.0844650285933135)	(32.0, 1.2335247985082)	(33.0, 1.3768850000807262)	(34.0, 1.5195891452227022)	(35.0, 1.6609924241852443)	(36.0, 1.797890782324675)	(37.0, 1.9110886332987451)	(38.0, 2.013552151437718)	(39.0, 2.107425704046021)	(40.0, 2.194426284524751)	(41.0, 2.2854206866264106)	(42.0, 2.3414354094824326)	(43.0, 2.3643386518807623)	(44.0, 2.3952382849440275)	(45.0, 2.461188826236819)	(46.0, 2.5259784600553608)	(47.0, 2.5609506415132213)	(48.0, 2.589146072451323)	(49.0, 2.621750202602722)	(50.0, 2.655262814706521)	(51.0, 2.678463469353367)	(52.0, 2.683521976840733)	(53.0, 2.667216787686793)	(54.0, 2.6453794807841944)	(55.0, 2.6220351185382755)	(56.0, 2.629242991855253)	(57.0, 2.6213503205879105)	(58.0, 2.736101463263264)	(59.0, 2.9301767013642626)	(60.0, 2.9741699711500122)	(61.0, 3.407915744459597)	(62.0, 3.782777641456888)	(63.0, 3.3039526687650813)	(64.0, 2.8740432635350937)	(65.0, 2.5254798571681425)	(66.0, 1.893030211436116)	(67.0, 1.4504857841693808)	(68.0, 1.2130008540979984)	(69.0, 0.9727604870183053)	(70.0, 0.7588998366032103)	(71.0, 0.6227350120346992)	(72.0, 0.5159215273533544)	(73.0, 0.4336220598112527)	(74.0, 0.36322408073497914)	(75.0, 0.30947743868171695)	(76.0, 0.2679771833320579)	(77.0, 0.23756365684304845)	(78.0, 0.21346826618806122)	(79.0, 0.1876608806571621)	(80.0, 0.1619347211605216)	(81.0, 0.14288034315475218)	(82.0, 0.1311787956963298)	(83.0, 0.11404385136165573)	(84.0, 0.09556055485828906)	(85.0, 0.08213701547358453)	(86.0, 0.06569311724575663)	(87.0, 0.05038263460366019)	(88.0, 0.03835993190209229)	(89.0, 0.030715937262710637)	(90.0, 0.026139787455711192)	(91.0, 0.02303570331573669)	(92.0, 0.018863184417437635)	(93.0, 0.015292987803948447)	(94.0, 0.012510058907119455)	(95.0, 0.009619661718809866)	(96.0, 0.007967649145119732)	(97.0, 0.0067342630556854206)	(98.0, 0.005093497163661862)	(99.0, 0.004238749357002217)	(100.0, 0.010466911737691794)
