Sample	0	1	2	3	4	5	6	7	8	9	10	11	12	13	14	15	16	17	18	19	20	21	22	23	24	25	26	27	28	29	30	31	32	33	34	35	36	37	38	39	40	41	42	43	44	45	46	47	48	49	50	51	52	53	54	55	56	57	58	59	60	61	62	63	64	65	66	67	68	69	70	71	72	73	74	75	76	77	78	79	80	81	82	83	84	85	86	87	88	89	90	91	92	93	94	95	96	97	98	99	100
SRR20277628_1	(0.0, 4441.0)	(1.0, 2598.0)	(2.0, 586.0)	(3.0, 334.0)	(4.0, 263.5)	(5.0, 279.0)	(6.0, 270.5)	(7.0, 302.0)	(8.0, 365.0)	(9.0, 450.5)	(10.0, 554.0)	(11.0, 607.0)	(12.0, 707.5)	(13.0, 864.0)	(14.0, 1078.5)	(15.0, 1414.0)	(16.0, 1915.5)	(17.0, 2647.5)	(18.0, 3779.5)	(19.0, 5657.5)	(20.0, 8469.5)	(21.0, 12665.0)	(22.0, 18666.0)	(23.0, 26932.5)	(24.0, 37928.5)	(25.0, 52144.5)	(26.0, 70270.0)	(27.0, 90841.0)	(28.0, 113437.0)	(29.0, 137303.5)	(30.0, 162381.0)	(31.0, 188252.0)	(32.0, 211673.0)	(33.0, 231280.0)	(34.0, 248278.0)	(35.0, 264948.5)	(36.0, 280225.0)	(37.0, 291230.0)	(38.0, 297262.0)	(39.0, 299941.5)	(40.0, 300039.0)	(41.0, 299471.0)	(42.0, 297627.0)	(43.0, 292320.0)	(44.0, 286206.0)	(45.0, 281338.5)	(46.0, 278771.5)	(47.0, 279814.5)	(48.0, 287392.0)	(49.0, 295599.0)	(50.0, 299049.0)	(51.0, 303756.5)	(52.0, 304425.5)	(53.0, 290722.5)	(54.0, 272959.5)	(55.0, 263086.0)	(56.0, 247770.0)	(57.0, 226622.5)	(58.0, 208912.5)	(59.0, 192094.5)	(60.0, 185533.5)	(61.0, 182663.5)	(62.0, 173887.5)	(63.0, 146567.0)	(64.0, 107523.5)	(65.0, 83540.5)	(66.0, 72520.5)	(67.0, 65758.0)	(68.0, 52954.0)	(69.0, 38058.5)	(70.0, 29158.0)	(71.0, 23663.5)	(72.0, 19409.5)	(73.0, 15789.0)	(74.0, 13596.0)	(75.0, 11939.5)	(76.0, 10957.0)	(77.0, 10122.0)	(78.0, 8845.5)	(79.0, 7762.0)	(80.0, 7243.0)	(81.0, 8003.5)	(82.0, 8319.0)	(83.0, 6945.0)	(84.0, 4793.5)	(85.0, 3749.0)	(86.0, 3343.0)	(87.0, 2544.5)	(88.0, 1689.5)	(89.0, 1036.0)	(90.0, 681.5)	(91.0, 520.5)	(92.0, 531.5)	(93.0, 521.5)	(94.0, 377.0)	(95.0, 266.5)	(96.0, 302.0)	(97.0, 378.5)	(98.0, 361.5)	(99.0, 258.5)	(100.0, 111.5)
SRR20277628_2	(0.0, 7602.0)	(1.0, 4758.0)	(2.0, 1605.5)	(3.0, 1152.0)	(4.0, 963.0)	(5.0, 903.5)	(6.0, 916.0)	(7.0, 908.5)	(8.0, 896.5)	(9.0, 945.0)	(10.0, 1053.5)	(11.0, 1218.0)	(12.0, 1380.0)	(13.0, 1654.5)	(14.0, 1983.0)	(15.0, 2402.0)	(16.0, 3010.0)	(17.0, 3844.0)	(18.0, 5189.0)	(19.0, 7179.0)	(20.0, 10048.5)	(21.0, 14293.5)	(22.0, 20470.5)	(23.0, 29193.5)	(24.0, 40522.0)	(25.0, 54742.5)	(26.0, 72783.5)	(27.0, 94318.0)	(28.0, 117622.5)	(29.0, 141185.5)	(30.0, 164841.0)	(31.0, 188757.0)	(32.0, 211203.0)	(33.0, 230339.5)	(34.0, 247836.5)	(35.0, 262648.0)	(36.0, 272269.0)	(37.0, 280524.0)	(38.0, 285719.5)	(39.0, 288168.5)	(40.0, 289247.5)	(41.0, 287716.5)	(42.0, 283644.5)	(43.0, 279069.0)	(44.0, 275766.5)	(45.0, 273601.0)	(46.0, 276701.0)	(47.0, 282758.0)	(48.0, 283427.5)	(49.0, 282445.5)	(50.0, 283472.0)	(51.0, 284746.0)	(52.0, 283337.5)	(53.0, 279296.5)	(54.0, 270511.5)	(55.0, 259174.5)	(56.0, 248291.0)	(57.0, 234340.5)	(58.0, 221146.5)	(59.0, 207403.5)	(60.0, 197701.5)	(61.0, 191326.0)	(62.0, 173684.5)	(63.0, 151510.5)	(64.0, 132352.0)	(65.0, 107489.0)	(66.0, 83356.5)	(67.0, 66111.5)	(68.0, 52989.0)	(69.0, 42403.5)	(70.0, 33849.5)	(71.0, 27274.5)	(72.0, 22139.5)	(73.0, 18163.0)	(74.0, 15507.0)	(75.0, 13941.0)	(76.0, 13254.0)	(77.0, 12673.0)	(78.0, 11105.5)	(79.0, 8679.0)	(80.0, 7171.5)	(81.0, 6312.5)	(82.0, 5542.5)	(83.0, 5036.0)	(84.0, 4091.0)	(85.0, 3396.0)	(86.0, 2930.0)	(87.0, 2506.5)	(88.0, 2184.5)	(89.0, 1938.5)	(90.0, 1842.0)	(91.0, 1763.5)	(92.0, 1655.0)	(93.0, 1643.5)	(94.0, 1668.5)	(95.0, 1758.5)	(96.0, 2101.0)	(97.0, 2849.0)	(98.0, 3440.5)	(99.0, 3234.5)	(100.0, 3095.0)
SRR20277629_1	(0.0, 4176.0)	(1.0, 2423.5)	(2.0, 532.5)	(3.0, 327.0)	(4.0, 263.0)	(5.0, 275.0)	(6.0, 278.0)	(7.0, 292.0)	(8.0, 345.0)	(9.0, 399.5)	(10.0, 498.5)	(11.0, 631.5)	(12.0, 727.5)	(13.0, 868.0)	(14.0, 1071.0)	(15.0, 1403.5)	(16.0, 1875.0)	(17.0, 2540.0)	(18.0, 3673.5)	(19.0, 5489.0)	(20.0, 8179.5)	(21.0, 12322.5)	(22.0, 18409.5)	(23.0, 26511.5)	(24.0, 37155.5)	(25.0, 50934.0)	(26.0, 68355.0)	(27.0, 88464.5)	(28.0, 110418.5)	(29.0, 133632.5)	(30.0, 158326.0)	(31.0, 183411.5)	(32.0, 206492.5)	(33.0, 225356.5)	(34.0, 242132.0)	(35.0, 258789.0)	(36.0, 272887.0)	(37.0, 282582.5)	(38.0, 288472.0)	(39.0, 291914.5)	(40.0, 291558.0)	(41.0, 290619.5)	(42.0, 289102.0)	(43.0, 283994.5)	(44.0, 277859.0)	(45.0, 273915.0)	(46.0, 272162.5)	(47.0, 273102.5)	(48.0, 281405.0)	(49.0, 289783.0)	(50.0, 292433.5)	(51.0, 297042.0)	(52.0, 297601.5)	(53.0, 283350.0)	(54.0, 265548.5)	(55.0, 256581.0)	(56.0, 242266.0)	(57.0, 221073.5)	(58.0, 203623.5)	(59.0, 188666.0)	(60.0, 182358.5)	(61.0, 178839.0)	(62.0, 170285.0)	(63.0, 142540.0)	(64.0, 104041.5)	(65.0, 80994.0)	(66.0, 70492.5)	(67.0, 63858.0)	(68.0, 51284.0)	(69.0, 36856.5)	(70.0, 28163.5)	(71.0, 22870.5)	(72.0, 18650.0)	(73.0, 15237.5)	(74.0, 13112.5)	(75.0, 11480.0)	(76.0, 10470.5)	(77.0, 9619.0)	(78.0, 8444.5)	(79.0, 7466.5)	(80.0, 6984.0)	(81.0, 7537.5)	(82.0, 7837.5)	(83.0, 6639.5)	(84.0, 4489.0)	(85.0, 3499.5)	(86.0, 3239.0)	(87.0, 2443.5)	(88.0, 1577.0)	(89.0, 949.0)	(90.0, 621.5)	(91.0, 487.0)	(92.0, 485.5)	(93.0, 469.0)	(94.0, 339.0)	(95.0, 236.5)	(96.0, 192.0)	(97.0, 222.5)	(98.0, 268.5)	(99.0, 246.0)	(100.0, 124.5)
SRR20277629_2	(0.0, 6959.0)	(1.0, 4377.0)	(2.0, 1478.0)	(3.0, 1018.0)	(4.0, 818.0)	(5.0, 786.0)	(6.0, 814.5)	(7.0, 814.5)	(8.0, 878.0)	(9.0, 959.0)	(10.0, 1039.5)	(11.0, 1177.0)	(12.0, 1337.0)	(13.0, 1577.0)	(14.0, 1883.0)	(15.0, 2320.0)	(16.0, 2941.5)	(17.0, 3774.0)	(18.0, 5047.0)	(19.0, 6968.0)	(20.0, 9855.0)	(21.0, 14121.5)	(22.0, 20138.0)	(23.0, 28633.0)	(24.0, 39608.5)	(25.0, 53689.0)	(26.0, 71400.0)	(27.0, 91916.0)	(28.0, 114572.0)	(29.0, 138324.0)	(30.0, 161714.0)	(31.0, 184145.5)	(32.0, 205771.5)	(33.0, 224596.0)	(34.0, 241109.5)	(35.0, 255649.5)	(36.0, 265659.5)	(37.0, 272967.5)	(38.0, 278195.5)	(39.0, 281160.0)	(40.0, 281401.0)	(41.0, 278915.0)	(42.0, 275547.5)	(43.0, 271834.0)	(44.0, 268143.5)	(45.0, 266747.0)	(46.0, 270796.5)	(47.0, 276720.5)	(48.0, 276788.5)	(49.0, 274989.0)	(50.0, 276466.0)	(51.0, 278414.5)	(52.0, 276251.0)	(53.0, 272056.0)	(54.0, 263798.5)	(55.0, 252439.0)	(56.0, 242135.5)	(57.0, 229352.0)	(58.0, 216542.0)	(59.0, 203173.0)	(60.0, 193201.5)	(61.0, 186792.5)	(62.0, 169322.5)	(63.0, 147755.0)	(64.0, 129085.0)	(65.0, 104168.0)	(66.0, 80476.5)	(67.0, 63717.5)	(68.0, 51202.5)	(69.0, 40778.5)	(70.0, 32331.5)	(71.0, 26209.5)	(72.0, 21395.0)	(73.0, 17498.0)	(74.0, 14853.5)	(75.0, 13363.0)	(76.0, 12783.0)	(77.0, 12284.0)	(78.0, 10729.0)	(79.0, 8277.0)	(80.0, 6823.5)	(81.0, 6036.5)	(82.0, 5268.0)	(83.0, 4745.5)	(84.0, 3833.5)	(85.0, 3195.0)	(86.0, 2753.5)	(87.0, 2321.5)	(88.0, 2019.5)	(89.0, 1817.5)	(90.0, 1718.5)	(91.0, 1654.0)	(92.0, 1593.0)	(93.0, 1513.5)	(94.0, 1563.5)	(95.0, 1723.5)	(96.0, 2052.0)	(97.0, 2737.5)	(98.0, 3344.5)	(99.0, 3222.5)	(100.0, 3148.5)
SRR20277630_1	(0.0, 4158.0)	(1.0, 2412.5)	(2.0, 550.5)	(3.0, 351.5)	(4.0, 276.5)	(5.0, 275.5)	(6.0, 273.0)	(7.0, 300.0)	(8.0, 348.0)	(9.0, 431.0)	(10.0, 541.0)	(11.0, 613.5)	(12.0, 740.0)	(13.0, 930.0)	(14.0, 1096.0)	(15.0, 1389.5)	(16.0, 1873.5)	(17.0, 2668.5)	(18.0, 3916.0)	(19.0, 5672.0)	(20.0, 8489.5)	(21.0, 12811.0)	(22.0, 18925.5)	(23.0, 27359.0)	(24.0, 38341.5)	(25.0, 52679.5)	(26.0, 70840.5)	(27.0, 91495.0)	(28.0, 114587.0)	(29.0, 138631.5)	(30.0, 163978.5)	(31.0, 190199.5)	(32.0, 213510.0)	(33.0, 233124.0)	(34.0, 251271.5)	(35.0, 267836.5)	(36.0, 281725.0)	(37.0, 291902.0)	(38.0, 297976.0)	(39.0, 301710.0)	(40.0, 302987.0)	(41.0, 301696.0)	(42.0, 298435.0)	(43.0, 293398.5)	(44.0, 287234.0)	(45.0, 282977.5)	(46.0, 281222.0)	(47.0, 282311.5)	(48.0, 290546.0)	(49.0, 298606.5)	(50.0, 301454.5)	(51.0, 306539.5)	(52.0, 306757.0)	(53.0, 291916.0)	(54.0, 273779.5)	(55.0, 264953.5)	(56.0, 250056.5)	(57.0, 228311.5)	(58.0, 210230.5)	(59.0, 193379.5)	(60.0, 187336.0)	(61.0, 184318.5)	(62.0, 175431.5)	(63.0, 147201.0)	(64.0, 107028.0)	(65.0, 83407.5)	(66.0, 73084.5)	(67.0, 66285.0)	(68.0, 52831.0)	(69.0, 37566.5)	(70.0, 28657.0)	(71.0, 23222.0)	(72.0, 19084.0)	(73.0, 15653.0)	(74.0, 13292.5)	(75.0, 11539.5)	(76.0, 10568.0)	(77.0, 9788.0)	(78.0, 8613.5)	(79.0, 7643.0)	(80.0, 7181.0)	(81.0, 7824.5)	(82.0, 8104.5)	(83.0, 6698.5)	(84.0, 4602.0)	(85.0, 3609.0)	(86.0, 3257.0)	(87.0, 2500.5)	(88.0, 1623.5)	(89.0, 994.0)	(90.0, 655.5)	(91.0, 508.5)	(92.0, 526.0)	(93.0, 465.0)	(94.0, 327.0)	(95.0, 258.5)	(96.0, 284.0)	(97.0, 321.5)	(98.0, 305.5)	(99.0, 249.0)	(100.0, 121.5)
SRR20277630_2	(0.0, 6644.0)	(1.0, 4242.5)	(2.0, 1527.0)	(3.0, 1071.5)	(4.0, 884.0)	(5.0, 833.0)	(6.0, 861.5)	(7.0, 852.5)	(8.0, 837.0)	(9.0, 907.5)	(10.0, 970.0)	(11.0, 1102.5)	(12.0, 1281.5)	(13.0, 1467.5)	(14.0, 1779.5)	(15.0, 2182.5)	(16.0, 2774.5)	(17.0, 3653.0)	(18.0, 4921.5)	(19.0, 6816.5)	(20.0, 9631.5)	(21.0, 13936.5)	(22.0, 20347.5)	(23.0, 29216.0)	(24.0, 40654.0)	(25.0, 55140.5)	(26.0, 73149.0)	(27.0, 94825.0)	(28.0, 118678.0)	(29.0, 143121.0)	(30.0, 167070.0)	(31.0, 189896.0)	(32.0, 212174.5)	(33.0, 231848.0)	(34.0, 249175.5)	(35.0, 263577.0)	(36.0, 273921.5)	(37.0, 281912.0)	(38.0, 287689.5)	(39.0, 291037.0)	(40.0, 291244.0)	(41.0, 289136.5)	(42.0, 285352.0)	(43.0, 280659.0)	(44.0, 276669.5)	(45.0, 275284.0)	(46.0, 278943.5)	(47.0, 285054.0)	(48.0, 285136.0)	(49.0, 283614.5)	(50.0, 284957.0)	(51.0, 287014.0)	(52.0, 286290.0)	(53.0, 281973.5)	(54.0, 273198.0)	(55.0, 261383.5)	(56.0, 250006.0)	(57.0, 236457.5)	(58.0, 223052.5)	(59.0, 209144.5)	(60.0, 199186.0)	(61.0, 192778.0)	(62.0, 175117.5)	(63.0, 153368.5)	(64.0, 133978.0)	(65.0, 108185.5)	(66.0, 83658.5)	(67.0, 65771.5)	(68.0, 52555.5)	(69.0, 42220.0)	(70.0, 33497.5)	(71.0, 27148.5)	(72.0, 22197.0)	(73.0, 17986.0)	(74.0, 15223.0)	(75.0, 13607.5)	(76.0, 12915.0)	(77.0, 12328.5)	(78.0, 10742.5)	(79.0, 8383.0)	(80.0, 6902.0)	(81.0, 6097.0)	(82.0, 5428.5)	(83.0, 4912.0)	(84.0, 3996.0)	(85.0, 3325.0)	(86.0, 2864.5)	(87.0, 2417.0)	(88.0, 2113.0)	(89.0, 1889.5)	(90.0, 1771.0)	(91.0, 1708.0)	(92.0, 1617.5)	(93.0, 1556.5)	(94.0, 1604.0)	(95.0, 1779.0)	(96.0, 2149.5)	(97.0, 2783.0)	(98.0, 3309.5)	(99.0, 3217.0)	(100.0, 3193.5)
SRR20277631_1	(0.0, 4185.0)	(1.0, 2432.5)	(2.0, 519.5)	(3.0, 300.0)	(4.0, 251.5)	(5.0, 256.5)	(6.0, 257.5)	(7.0, 287.0)	(8.0, 335.5)	(9.0, 440.5)	(10.0, 513.0)	(11.0, 546.5)	(12.0, 696.5)	(13.0, 875.5)	(14.0, 1059.0)	(15.0, 1363.0)	(16.0, 1860.5)	(17.0, 2563.5)	(18.0, 3686.0)	(19.0, 5591.0)	(20.0, 8423.0)	(21.0, 12638.5)	(22.0, 18666.0)	(23.0, 26914.5)	(24.0, 37954.0)	(25.0, 52042.5)	(26.0, 69848.0)	(27.0, 90288.0)	(28.0, 112503.5)	(29.0, 136327.5)	(30.0, 161585.0)	(31.0, 186636.0)	(32.0, 209452.5)	(33.0, 228544.5)	(34.0, 245506.0)	(35.0, 263037.5)	(36.0, 277382.0)	(37.0, 286800.0)	(38.0, 292442.5)	(39.0, 295100.5)	(40.0, 295526.0)	(41.0, 294229.5)	(42.0, 291662.5)	(43.0, 287212.0)	(44.0, 281588.0)	(45.0, 277378.5)	(46.0, 274790.5)	(47.0, 275255.5)	(48.0, 283435.5)	(49.0, 291963.0)	(50.0, 295376.5)	(51.0, 299728.5)	(52.0, 300140.5)	(53.0, 285778.0)	(54.0, 267886.0)	(55.0, 259037.0)	(56.0, 243900.0)	(57.0, 222859.5)	(58.0, 204763.0)	(59.0, 188472.5)	(60.0, 183117.5)	(61.0, 179905.5)	(62.0, 170999.5)	(63.0, 142892.5)	(64.0, 104405.0)	(65.0, 81492.5)	(66.0, 70822.0)	(67.0, 64360.5)	(68.0, 51158.0)	(69.0, 36626.5)	(70.0, 27995.5)	(71.0, 22648.0)	(72.0, 18580.0)	(73.0, 15074.5)	(74.0, 12811.5)	(75.0, 11076.0)	(76.0, 10054.5)	(77.0, 9454.0)	(78.0, 8337.5)	(79.0, 7312.0)	(80.0, 6878.5)	(81.0, 7456.0)	(82.0, 7785.0)	(83.0, 6516.5)	(84.0, 4438.5)	(85.0, 3563.0)	(86.0, 3258.5)	(87.0, 2478.0)	(88.0, 1605.5)	(89.0, 923.0)	(90.0, 551.0)	(91.0, 444.5)	(92.0, 477.0)	(93.0, 441.5)	(94.0, 319.0)	(95.0, 221.0)	(96.0, 166.0)	(97.0, 213.0)	(98.0, 264.0)	(99.0, 230.0)	(100.0, 116.0)
SRR20277631_2	(0.0, 6728.0)	(1.0, 4297.0)	(2.0, 1500.0)	(3.0, 1007.5)	(4.0, 806.5)	(5.0, 719.0)	(6.0, 797.0)	(7.0, 859.5)	(8.0, 845.5)	(9.0, 881.0)	(10.0, 979.5)	(11.0, 1092.5)	(12.0, 1216.5)	(13.0, 1442.0)	(14.0, 1760.5)	(15.0, 2136.0)	(16.0, 2641.0)	(17.0, 3421.5)	(18.0, 4594.5)	(19.0, 6563.5)	(20.0, 9524.0)	(21.0, 13717.5)	(22.0, 19972.5)	(23.0, 28701.0)	(24.0, 39991.5)	(25.0, 54352.5)	(26.0, 72585.0)	(27.0, 93763.0)	(28.0, 116741.0)	(29.0, 140388.5)	(30.0, 164073.0)	(31.0, 186989.0)	(32.0, 208698.5)	(33.0, 228256.5)	(34.0, 245545.5)	(35.0, 259242.0)	(36.0, 269135.5)	(37.0, 277354.0)	(38.0, 282121.0)	(39.0, 284947.0)	(40.0, 285285.5)	(41.0, 282827.0)	(42.0, 278971.0)	(43.0, 274410.5)	(44.0, 270991.0)	(45.0, 269480.5)	(46.0, 273064.0)	(47.0, 279218.0)	(48.0, 279294.0)	(49.0, 278147.0)	(50.0, 279573.5)	(51.0, 280975.0)	(52.0, 278615.0)	(53.0, 274383.0)	(54.0, 266077.0)	(55.0, 254413.0)	(56.0, 243618.0)	(57.0, 231104.0)	(58.0, 218172.5)	(59.0, 204237.0)	(60.0, 194384.5)	(61.0, 187627.5)	(62.0, 170550.0)	(63.0, 149415.0)	(64.0, 129845.5)	(65.0, 104102.0)	(66.0, 80400.0)	(67.0, 63605.5)	(68.0, 51000.0)	(69.0, 40755.5)	(70.0, 32541.0)	(71.0, 26081.5)	(72.0, 21168.5)	(73.0, 17423.0)	(74.0, 14784.0)	(75.0, 13284.5)	(76.0, 12718.0)	(77.0, 12129.0)	(78.0, 10592.5)	(79.0, 8190.5)	(80.0, 6729.0)	(81.0, 6018.0)	(82.0, 5254.0)	(83.0, 4672.5)	(84.0, 3765.0)	(85.0, 3129.5)	(86.0, 2696.0)	(87.0, 2294.5)	(88.0, 2008.0)	(89.0, 1800.5)	(90.0, 1681.0)	(91.0, 1563.0)	(92.0, 1493.0)	(93.0, 1506.5)	(94.0, 1550.0)	(95.0, 1679.5)	(96.0, 2002.5)	(97.0, 2671.5)	(98.0, 3288.5)	(99.0, 3107.0)	(100.0, 3049.5)
SRR20277632_1	(0.0, 392013.0)	(1.0, 196208.0)	(2.0, 348.5)	(3.0, 305.5)	(4.0, 304.0)	(5.0, 305.5)	(6.0, 306.5)	(7.0, 284.5)	(8.0, 295.0)	(9.0, 297.0)	(10.0, 265.5)	(11.0, 263.5)	(12.0, 289.5)	(13.0, 325.0)	(14.0, 369.0)	(15.0, 427.0)	(16.0, 513.0)	(17.0, 670.5)	(18.0, 944.5)	(19.0, 1347.0)	(20.0, 1902.5)	(21.0, 2746.0)	(22.0, 3830.5)	(23.0, 5490.0)	(24.0, 7795.5)	(25.0, 10297.5)	(26.0, 13238.0)	(27.0, 16561.5)	(28.0, 20202.0)	(29.0, 23976.5)	(30.0, 27672.0)	(31.0, 31377.5)	(32.0, 35258.0)	(33.0, 39037.5)	(34.0, 42667.0)	(35.0, 46650.5)	(36.0, 50259.0)	(37.0, 52157.0)	(38.0, 54707.5)	(39.0, 57966.0)	(40.0, 61487.5)	(41.0, 64486.0)	(42.0, 65290.5)	(43.0, 67149.0)	(44.0, 71275.0)	(45.0, 70243.5)	(46.0, 68628.5)	(47.0, 74678.0)	(48.0, 84242.0)	(49.0, 97042.5)	(50.0, 107580.0)	(51.0, 117755.0)	(52.0, 160761.5)	(53.0, 176585.0)	(54.0, 130837.0)	(55.0, 109334.0)	(56.0, 108771.0)	(57.0, 101603.0)	(58.0, 98445.5)	(59.0, 99775.0)	(60.0, 102675.0)	(61.0, 100845.5)	(62.0, 96786.0)	(63.0, 88792.5)	(64.0, 77649.0)	(65.0, 70998.5)	(66.0, 65448.5)	(67.0, 59528.0)	(68.0, 53387.0)	(69.0, 46715.5)	(70.0, 41399.0)	(71.0, 36111.0)	(72.0, 30514.5)	(73.0, 26535.0)	(74.0, 23710.5)	(75.0, 20975.5)	(76.0, 19433.0)	(77.0, 18073.5)	(78.0, 16649.0)	(79.0, 16102.5)	(80.0, 15893.0)	(81.0, 16297.5)	(82.0, 15159.5)	(83.0, 12204.5)	(84.0, 9513.0)	(85.0, 8064.5)	(86.0, 7366.5)	(87.0, 6412.0)	(88.0, 5238.5)	(89.0, 4231.5)	(90.0, 3238.0)	(91.0, 2251.0)	(92.0, 1778.0)	(93.0, 1301.5)	(94.0, 820.0)	(95.0, 653.0)	(96.0, 625.5)	(97.0, 912.5)	(98.0, 1402.0)	(99.0, 1320.0)	(100.0, 536.0)
SRR20277632_2	(0.0, 381712.0)	(1.0, 191143.5)	(2.0, 542.5)	(3.0, 513.5)	(4.0, 473.0)	(5.0, 453.5)	(6.0, 495.0)	(7.0, 511.5)	(8.0, 518.5)	(9.0, 563.0)	(10.0, 651.5)	(11.0, 755.5)	(12.0, 852.5)	(13.0, 964.0)	(14.0, 1157.5)	(15.0, 1400.0)	(16.0, 1593.0)	(17.0, 1807.0)	(18.0, 2103.5)	(19.0, 2491.0)	(20.0, 2979.5)	(21.0, 3650.5)	(22.0, 4785.5)	(23.0, 6271.5)	(24.0, 7904.0)	(25.0, 10292.0)	(26.0, 13080.0)	(27.0, 15800.5)	(28.0, 19217.0)	(29.0, 22775.5)	(30.0, 26149.5)	(31.0, 29837.5)	(32.0, 33616.5)	(33.0, 37139.5)	(34.0, 41155.0)	(35.0, 46055.0)	(36.0, 50280.0)	(37.0, 52985.0)	(38.0, 55946.5)	(39.0, 60166.5)	(40.0, 64007.0)	(41.0, 66086.5)	(42.0, 66617.0)	(43.0, 66525.0)	(44.0, 67690.0)	(45.0, 71037.0)	(46.0, 95123.5)	(47.0, 130467.0)	(48.0, 121822.5)	(49.0, 100412.5)	(50.0, 102113.5)	(51.0, 108074.0)	(52.0, 113960.0)	(53.0, 116802.5)	(54.0, 111941.5)	(55.0, 104794.0)	(56.0, 103011.5)	(57.0, 101562.5)	(58.0, 102324.5)	(59.0, 104514.5)	(60.0, 107120.0)	(61.0, 106230.5)	(62.0, 95933.0)	(63.0, 84012.0)	(64.0, 77217.0)	(65.0, 70748.0)	(66.0, 64319.5)	(67.0, 58574.5)	(68.0, 52701.0)	(69.0, 47331.5)	(70.0, 42122.0)	(71.0, 36480.0)	(72.0, 30686.5)	(73.0, 25766.5)	(74.0, 22692.5)	(75.0, 20556.0)	(76.0, 19029.0)	(77.0, 17350.0)	(78.0, 14560.0)	(79.0, 11513.5)	(80.0, 9572.0)	(81.0, 8583.0)	(82.0, 7419.5)	(83.0, 6254.5)	(84.0, 5321.0)	(85.0, 4599.0)	(86.0, 4326.5)	(87.0, 4240.0)	(88.0, 4161.0)	(89.0, 4053.0)	(90.0, 3644.5)	(91.0, 3004.5)	(92.0, 2532.5)	(93.0, 2229.5)	(94.0, 2051.5)	(95.0, 2062.0)	(96.0, 2303.5)	(97.0, 2709.0)	(98.0, 3155.0)	(99.0, 3430.0)	(100.0, 14121.0)
SRR20277633_1	(0.0, 360508.0)	(1.0, 180456.0)	(2.0, 338.0)	(3.0, 276.5)	(4.0, 306.5)	(5.0, 306.5)	(6.0, 296.5)	(7.0, 282.5)	(8.0, 271.5)	(9.0, 269.5)	(10.0, 248.0)	(11.0, 266.5)	(12.0, 287.5)	(13.0, 320.5)	(14.0, 370.5)	(15.0, 435.5)	(16.0, 522.0)	(17.0, 656.0)	(18.0, 941.5)	(19.0, 1343.0)	(20.0, 1922.5)	(21.0, 2741.5)	(22.0, 3705.5)	(23.0, 5363.5)	(24.0, 7645.0)	(25.0, 9995.0)	(26.0, 12886.0)	(27.0, 16104.0)	(28.0, 19770.0)	(29.0, 23710.0)	(30.0, 26880.5)	(31.0, 30241.0)	(32.0, 34414.0)	(33.0, 38323.5)	(34.0, 41721.5)	(35.0, 45524.5)	(36.0, 49263.5)	(37.0, 51188.0)	(38.0, 53643.5)	(39.0, 56933.5)	(40.0, 60180.5)	(41.0, 63151.5)	(42.0, 63995.0)	(43.0, 65719.0)	(44.0, 69647.0)	(45.0, 68391.5)	(46.0, 67236.5)	(47.0, 73312.5)	(48.0, 82728.5)	(49.0, 95957.0)	(50.0, 106233.0)	(51.0, 115663.5)	(52.0, 159809.5)	(53.0, 173575.0)	(54.0, 126636.0)	(55.0, 107367.0)	(56.0, 106711.0)	(57.0, 99071.5)	(58.0, 95882.0)	(59.0, 97812.0)	(60.0, 100701.5)	(61.0, 98151.5)	(62.0, 94435.5)	(63.0, 86263.0)	(64.0, 74660.5)	(65.0, 68667.5)	(66.0, 63109.5)	(67.0, 56842.5)	(68.0, 50913.5)	(69.0, 44672.0)	(70.0, 39643.5)	(71.0, 34468.0)	(72.0, 28908.0)	(73.0, 25049.0)	(74.0, 22276.0)	(75.0, 19754.5)	(76.0, 18267.5)	(77.0, 17112.0)	(78.0, 15841.5)	(79.0, 15339.5)	(80.0, 15172.5)	(81.0, 15578.0)	(82.0, 14482.5)	(83.0, 11294.5)	(84.0, 8610.0)	(85.0, 7584.0)	(86.0, 6982.5)	(87.0, 5727.5)	(88.0, 4511.5)	(89.0, 3679.5)	(90.0, 2867.5)	(91.0, 2030.5)	(92.0, 1619.5)	(93.0, 1197.5)	(94.0, 734.0)	(95.0, 535.5)	(96.0, 452.5)	(97.0, 618.5)	(98.0, 995.5)	(99.0, 955.0)	(100.0, 386.5)
SRR20277633_2	(0.0, 346994.0)	(1.0, 173799.0)	(2.0, 540.0)	(3.0, 468.5)	(4.0, 467.5)	(5.0, 459.5)	(6.0, 466.0)	(7.0, 468.0)	(8.0, 514.0)	(9.0, 620.5)	(10.0, 683.5)	(11.0, 737.5)	(12.0, 830.0)	(13.0, 966.5)	(14.0, 1098.5)	(15.0, 1289.5)	(16.0, 1505.0)	(17.0, 1739.0)	(18.0, 2056.5)	(19.0, 2423.5)	(20.0, 2940.5)	(21.0, 3571.0)	(22.0, 4654.0)	(23.0, 6102.5)	(24.0, 7698.5)	(25.0, 10229.0)	(26.0, 13140.0)	(27.0, 15808.5)	(28.0, 18988.0)	(29.0, 22418.5)	(30.0, 25847.0)	(31.0, 29441.0)	(32.0, 33179.5)	(33.0, 36452.0)	(34.0, 40081.0)	(35.0, 44854.0)	(36.0, 48974.0)	(37.0, 51971.5)	(38.0, 55069.5)	(39.0, 59354.0)	(40.0, 62906.0)	(41.0, 64661.5)	(42.0, 65367.0)	(43.0, 65135.5)	(44.0, 66328.5)	(45.0, 69758.0)	(46.0, 94613.5)	(47.0, 128574.5)	(48.0, 118703.0)	(49.0, 98568.5)	(50.0, 100293.5)	(51.0, 106253.0)	(52.0, 111384.5)	(53.0, 114148.0)	(54.0, 109798.0)	(55.0, 102172.5)	(56.0, 100525.0)	(57.0, 99562.5)	(58.0, 100704.0)	(59.0, 102542.0)	(60.0, 104765.5)	(61.0, 103508.0)	(62.0, 93169.5)	(63.0, 82105.5)	(64.0, 75771.0)	(65.0, 68753.0)	(66.0, 62069.0)	(67.0, 56540.0)	(68.0, 50916.5)	(69.0, 45505.0)	(70.0, 40288.5)	(71.0, 34712.5)	(72.0, 28935.0)	(73.0, 24460.5)	(74.0, 21487.0)	(75.0, 19368.5)	(76.0, 18032.5)	(77.0, 16526.0)	(78.0, 13823.0)	(79.0, 10920.0)	(80.0, 9022.0)	(81.0, 8003.5)	(82.0, 7069.5)	(83.0, 5923.0)	(84.0, 4937.0)	(85.0, 4254.0)	(86.0, 3963.0)	(87.0, 3879.5)	(88.0, 3835.5)	(89.0, 3773.5)	(90.0, 3382.5)	(91.0, 2754.5)	(92.0, 2318.5)	(93.0, 2026.5)	(94.0, 1856.0)	(95.0, 1877.5)	(96.0, 2078.5)	(97.0, 2548.5)	(98.0, 2979.0)	(99.0, 3164.0)	(100.0, 12224.5)
SRR20277634_1	(0.0, 369650.0)	(1.0, 185009.0)	(2.0, 320.5)	(3.0, 287.5)	(4.0, 294.0)	(5.0, 303.0)	(6.0, 301.0)	(7.0, 275.5)	(8.0, 263.5)	(9.0, 262.5)	(10.0, 266.5)	(11.0, 268.0)	(12.0, 299.5)	(13.0, 342.0)	(14.0, 375.0)	(15.0, 447.5)	(16.0, 548.5)	(17.0, 696.0)	(18.0, 985.0)	(19.0, 1397.0)	(20.0, 1965.5)	(21.0, 2784.0)	(22.0, 3864.5)	(23.0, 5586.5)	(24.0, 7850.5)	(25.0, 10335.0)	(26.0, 13183.5)	(27.0, 16435.5)	(28.0, 20316.5)	(29.0, 24051.0)	(30.0, 27490.5)	(31.0, 31250.5)	(32.0, 35398.0)	(33.0, 39272.0)	(34.0, 42807.0)	(35.0, 46726.5)	(36.0, 50386.5)	(37.0, 52489.5)	(38.0, 55123.0)	(39.0, 58429.5)	(40.0, 61973.5)	(41.0, 65139.5)	(42.0, 65877.5)	(43.0, 67507.0)	(44.0, 71524.0)	(45.0, 70524.0)	(46.0, 69349.5)	(47.0, 75573.5)	(48.0, 85207.0)	(49.0, 98597.5)	(50.0, 109084.5)	(51.0, 118678.5)	(52.0, 162977.0)	(53.0, 177628.0)	(54.0, 130215.0)	(55.0, 109710.5)	(56.0, 108945.0)	(57.0, 101411.0)	(58.0, 98463.5)	(59.0, 99647.0)	(60.0, 102101.0)	(61.0, 100016.5)	(62.0, 95943.5)	(63.0, 87703.0)	(64.0, 76259.5)	(65.0, 69742.5)	(66.0, 64131.0)	(67.0, 57613.5)	(68.0, 51405.5)	(69.0, 44983.5)	(70.0, 39738.0)	(71.0, 34942.0)	(72.0, 29187.0)	(73.0, 24917.0)	(74.0, 22331.0)	(75.0, 19698.5)	(76.0, 18119.5)	(77.0, 17059.5)	(78.0, 15886.0)	(79.0, 15174.5)	(80.0, 14906.5)	(81.0, 15277.0)	(82.0, 14164.0)	(83.0, 11343.5)	(84.0, 8727.0)	(85.0, 7452.0)	(86.0, 6878.5)	(87.0, 5981.5)	(88.0, 4824.0)	(89.0, 3938.5)	(90.0, 3125.0)	(91.0, 2208.5)	(92.0, 1738.5)	(93.0, 1287.0)	(94.0, 819.0)	(95.0, 626.5)	(96.0, 583.0)	(97.0, 850.5)	(98.0, 1262.0)	(99.0, 1171.0)	(100.0, 488.5)
SRR20277634_2	(0.0, 357394.0)	(1.0, 178996.0)	(2.0, 548.0)	(3.0, 480.5)	(4.0, 450.5)	(5.0, 438.0)	(6.0, 467.5)	(7.0, 491.0)	(8.0, 498.0)	(9.0, 559.0)	(10.0, 639.5)	(11.0, 744.0)	(12.0, 831.5)	(13.0, 931.5)	(14.0, 1087.0)	(15.0, 1256.5)	(16.0, 1441.0)	(17.0, 1663.5)	(18.0, 1986.5)	(19.0, 2362.5)	(20.0, 2884.0)	(21.0, 3577.0)	(22.0, 4591.0)	(23.0, 5967.0)	(24.0, 7702.5)	(25.0, 10187.5)	(26.0, 13116.0)	(27.0, 15931.5)	(28.0, 19110.5)	(29.0, 22552.0)	(30.0, 26139.5)	(31.0, 30087.5)	(32.0, 33947.5)	(33.0, 37191.5)	(34.0, 40826.5)	(35.0, 45880.5)	(36.0, 50323.0)	(37.0, 52979.5)	(38.0, 56291.5)	(39.0, 60656.5)	(40.0, 64163.0)	(41.0, 66391.0)	(42.0, 67010.0)	(43.0, 67051.0)	(44.0, 68427.5)	(45.0, 72021.5)	(46.0, 96641.0)	(47.0, 131790.5)	(48.0, 122987.5)	(49.0, 101421.5)	(50.0, 102598.0)	(51.0, 108716.5)	(52.0, 114470.5)	(53.0, 116784.0)	(54.0, 112174.0)	(55.0, 105116.0)	(56.0, 103190.0)	(57.0, 102035.5)	(58.0, 102757.0)	(59.0, 104764.0)	(60.0, 107073.0)	(61.0, 106059.0)	(62.0, 95478.0)	(63.0, 83246.5)	(64.0, 76728.5)	(65.0, 69866.0)	(66.0, 62806.5)	(67.0, 57084.5)	(68.0, 51583.0)	(69.0, 45688.5)	(70.0, 40159.5)	(71.0, 34821.5)	(72.0, 28993.5)	(73.0, 24340.0)	(74.0, 21522.0)	(75.0, 19326.5)	(76.0, 17805.5)	(77.0, 16478.0)	(78.0, 13803.5)	(79.0, 10694.0)	(80.0, 8891.0)	(81.0, 7940.5)	(82.0, 6933.0)	(83.0, 5929.5)	(84.0, 4989.0)	(85.0, 4287.5)	(86.0, 3957.0)	(87.0, 3874.5)	(88.0, 3855.5)	(89.0, 3834.0)	(90.0, 3534.0)	(91.0, 2938.0)	(92.0, 2471.5)	(93.0, 2107.0)	(94.0, 1926.5)	(95.0, 2004.0)	(96.0, 2197.5)	(97.0, 2595.0)	(98.0, 3066.0)	(99.0, 3287.5)	(100.0, 13610.5)
SRR20277635_1	(0.0, 356048.0)	(1.0, 178207.5)	(2.0, 327.5)	(3.0, 302.5)	(4.0, 309.5)	(5.0, 282.5)	(6.0, 270.5)	(7.0, 274.0)	(8.0, 275.0)	(9.0, 294.5)	(10.0, 274.5)	(11.0, 276.0)	(12.0, 328.0)	(13.0, 346.5)	(14.0, 354.5)	(15.0, 425.0)	(16.0, 535.0)	(17.0, 697.5)	(18.0, 1021.0)	(19.0, 1408.0)	(20.0, 1916.0)	(21.0, 2785.5)	(22.0, 3854.0)	(23.0, 5466.0)	(24.0, 7768.5)	(25.0, 10365.0)	(26.0, 13250.5)	(27.0, 16579.5)	(28.0, 20434.5)	(29.0, 24115.0)	(30.0, 27479.5)	(31.0, 31070.0)	(32.0, 35066.0)	(33.0, 38939.5)	(34.0, 42643.5)	(35.0, 46557.5)	(36.0, 50107.5)	(37.0, 52118.0)	(38.0, 54581.0)	(39.0, 57647.5)	(40.0, 61103.5)	(41.0, 64210.5)	(42.0, 64930.0)	(43.0, 66806.0)	(44.0, 70528.0)	(45.0, 69381.5)	(46.0, 68508.0)	(47.0, 74448.0)	(48.0, 84064.5)	(49.0, 97491.0)	(50.0, 107526.5)	(51.0, 117198.5)	(52.0, 162537.0)	(53.0, 175605.5)	(54.0, 127049.0)	(55.0, 108080.0)	(56.0, 107735.5)	(57.0, 100215.5)	(58.0, 97034.0)	(59.0, 98372.5)	(60.0, 100745.0)	(61.0, 98448.0)	(62.0, 94894.0)	(63.0, 86605.0)	(64.0, 74978.0)	(65.0, 68709.5)	(66.0, 62829.5)	(67.0, 56520.0)	(68.0, 50834.0)	(69.0, 44614.5)	(70.0, 39357.5)	(71.0, 34198.0)	(72.0, 28721.0)	(73.0, 24827.5)	(74.0, 22086.0)	(75.0, 19440.0)	(76.0, 18016.5)	(77.0, 17001.5)	(78.0, 15518.5)	(79.0, 14822.5)	(80.0, 14751.0)	(81.0, 15035.0)	(82.0, 13929.5)	(83.0, 11078.5)	(84.0, 8541.5)	(85.0, 7407.0)	(86.0, 6831.0)	(87.0, 5714.5)	(88.0, 4469.5)	(89.0, 3636.5)	(90.0, 2846.5)	(91.0, 1983.0)	(92.0, 1568.0)	(93.0, 1134.5)	(94.0, 679.0)	(95.0, 534.0)	(96.0, 490.0)	(97.0, 639.0)	(98.0, 957.5)	(99.0, 897.0)	(100.0, 373.5)
SRR20277635_2	(0.0, 342872.0)	(1.0, 171763.0)	(2.0, 577.0)	(3.0, 488.0)	(4.0, 472.5)	(5.0, 465.0)	(6.0, 501.0)	(7.0, 526.0)	(8.0, 535.5)	(9.0, 578.5)	(10.0, 640.5)	(11.0, 738.5)	(12.0, 841.5)	(13.0, 936.5)	(14.0, 1079.5)	(15.0, 1307.5)	(16.0, 1499.0)	(17.0, 1758.5)	(18.0, 2094.5)	(19.0, 2511.5)	(20.0, 2984.0)	(21.0, 3568.5)	(22.0, 4643.5)	(23.0, 6062.5)	(24.0, 7789.0)	(25.0, 10325.5)	(26.0, 13299.0)	(27.0, 16065.5)	(28.0, 19161.5)	(29.0, 22676.0)	(30.0, 26214.5)	(31.0, 29933.0)	(32.0, 33860.0)	(33.0, 37370.5)	(34.0, 41118.5)	(35.0, 45605.0)	(36.0, 49504.5)	(37.0, 52559.0)	(38.0, 56040.5)	(39.0, 60411.0)	(40.0, 63668.5)	(41.0, 65352.0)	(42.0, 66110.0)	(43.0, 66520.5)	(44.0, 67871.5)	(45.0, 71016.5)	(46.0, 96536.5)	(47.0, 130879.5)	(48.0, 120300.5)	(49.0, 99386.5)	(50.0, 101108.5)	(51.0, 107382.5)	(52.0, 113038.5)	(53.0, 115237.5)	(54.0, 110525.5)	(55.0, 103518.5)	(56.0, 101804.0)	(57.0, 100769.0)	(58.0, 101440.0)	(59.0, 103180.5)	(60.0, 105621.0)	(61.0, 104333.5)	(62.0, 94135.0)	(63.0, 82132.0)	(64.0, 75530.5)	(65.0, 69176.0)	(66.0, 61931.5)	(67.0, 55976.5)	(68.0, 50374.5)	(69.0, 45023.0)	(70.0, 39961.5)	(71.0, 34489.5)	(72.0, 28787.5)	(73.0, 24283.0)	(74.0, 21446.0)	(75.0, 19220.0)	(76.0, 17799.5)	(77.0, 16436.5)	(78.0, 13574.0)	(79.0, 10580.5)	(80.0, 8809.5)	(81.0, 7819.5)	(82.0, 6838.0)	(83.0, 5748.5)	(84.0, 4831.5)	(85.0, 4246.5)	(86.0, 3909.5)	(87.0, 3744.5)	(88.0, 3733.0)	(89.0, 3671.5)	(90.0, 3338.5)	(91.0, 2778.0)	(92.0, 2312.5)	(93.0, 1956.0)	(94.0, 1790.5)	(95.0, 1838.0)	(96.0, 2017.5)	(97.0, 2431.0)	(98.0, 2842.5)	(99.0, 3038.5)	(100.0, 11994.5)
SRR20277636_1	(0.0, 326435.0)	(1.0, 163233.5)	(2.0, 32.0)	(3.0, 31.5)	(4.0, 31.5)	(5.0, 32.5)	(6.0, 25.5)	(7.0, 21.0)	(8.0, 23.5)	(9.0, 30.0)	(10.0, 41.5)	(11.0, 44.0)	(12.0, 55.5)	(13.0, 84.5)	(14.0, 98.0)	(15.0, 123.5)	(16.0, 183.5)	(17.0, 271.0)	(18.0, 422.0)	(19.0, 632.5)	(20.0, 896.5)	(21.0, 1334.0)	(22.0, 2008.5)	(23.0, 2935.5)	(24.0, 4311.0)	(25.0, 6193.5)	(26.0, 8713.5)	(27.0, 11986.0)	(28.0, 16208.0)	(29.0, 21329.5)	(30.0, 27397.5)	(31.0, 34425.0)	(32.0, 42022.5)	(33.0, 50215.5)	(34.0, 58789.0)	(35.0, 67891.5)	(36.0, 78456.5)	(37.0, 89514.0)	(38.0, 98811.0)	(39.0, 107428.0)	(40.0, 116962.0)	(41.0, 128043.5)	(42.0, 138487.0)	(43.0, 147458.5)	(44.0, 156838.5)	(45.0, 167961.5)	(46.0, 183243.0)	(47.0, 205060.5)	(48.0, 235634.0)	(49.0, 268038.0)	(50.0, 295500.0)	(51.0, 318511.5)	(52.0, 352700.0)	(53.0, 352065.5)	(54.0, 307523.5)	(55.0, 310079.5)	(56.0, 310364.0)	(57.0, 277982.5)	(58.0, 264803.0)	(59.0, 261386.5)	(60.0, 274224.5)	(61.0, 280606.5)	(62.0, 265845.0)	(63.0, 226919.0)	(64.0, 176118.5)	(65.0, 147658.0)	(66.0, 130646.5)	(67.0, 115733.5)	(68.0, 98118.5)	(69.0, 79115.5)	(70.0, 65120.0)	(71.0, 54018.5)	(72.0, 44581.0)	(73.0, 36873.5)	(74.0, 31505.5)	(75.0, 27181.5)	(76.0, 24393.0)	(77.0, 23117.0)	(78.0, 20710.5)	(79.0, 17319.5)	(80.0, 15307.0)	(81.0, 14135.0)	(82.0, 12175.5)	(83.0, 9742.0)	(84.0, 7975.0)	(85.0, 7520.5)	(86.0, 7135.0)	(87.0, 5891.5)	(88.0, 4315.5)	(89.0, 3115.0)	(90.0, 2250.0)	(91.0, 1500.0)	(92.0, 978.0)	(93.0, 626.5)	(94.0, 362.5)	(95.0, 253.0)	(96.0, 212.5)	(97.0, 170.0)	(98.0, 153.5)	(99.0, 164.5)	(100.0, 96.0)
SRR20277636_2	(0.0, 317258.0)	(1.0, 158684.5)	(2.0, 144.0)	(3.0, 203.5)	(4.0, 209.5)	(5.0, 176.5)	(6.0, 162.5)	(7.0, 168.0)	(8.0, 189.0)	(9.0, 225.0)	(10.0, 317.0)	(11.0, 411.5)	(12.0, 497.5)	(13.0, 637.5)	(14.0, 742.0)	(15.0, 864.5)	(16.0, 1041.0)	(17.0, 1195.0)	(18.0, 1392.5)	(19.0, 1646.5)	(20.0, 1978.5)	(21.0, 2481.5)	(22.0, 3192.5)	(23.0, 4249.5)	(24.0, 5742.5)	(25.0, 7634.5)	(26.0, 10015.5)	(27.0, 13411.0)	(28.0, 18047.0)	(29.0, 23160.0)	(30.0, 28793.5)	(31.0, 35613.5)	(32.0, 43224.5)	(33.0, 51226.0)	(34.0, 59608.5)	(35.0, 68439.0)	(36.0, 77871.0)	(37.0, 87527.5)	(38.0, 96826.0)	(39.0, 106228.5)	(40.0, 115279.5)	(41.0, 125459.5)	(42.0, 136707.5)	(43.0, 145143.5)	(44.0, 152614.0)	(45.0, 165602.5)	(46.0, 203250.5)	(47.0, 253841.0)	(48.0, 262052.0)	(49.0, 255896.5)	(50.0, 266507.5)	(51.0, 281941.5)	(52.0, 295112.0)	(53.0, 294157.0)	(54.0, 290310.5)	(55.0, 290868.5)	(56.0, 293564.5)	(57.0, 291386.5)	(58.0, 291228.5)	(59.0, 293706.5)	(60.0, 295249.0)	(61.0, 287174.5)	(62.0, 252888.0)	(63.0, 217674.5)	(64.0, 197150.0)	(65.0, 167723.0)	(66.0, 134191.5)	(67.0, 110700.0)	(68.0, 94649.0)	(69.0, 81742.0)	(70.0, 69085.0)	(71.0, 57551.5)	(72.0, 47291.0)	(73.0, 37873.5)	(74.0, 32431.0)	(75.0, 29176.5)	(76.0, 27400.5)	(77.0, 25835.0)	(78.0, 21142.0)	(79.0, 14938.0)	(80.0, 10480.0)	(81.0, 8520.5)	(82.0, 7258.5)	(83.0, 6155.5)	(84.0, 5203.0)	(85.0, 4699.5)	(86.0, 4465.0)	(87.0, 4251.0)	(88.0, 3945.0)	(89.0, 3619.5)	(90.0, 3197.0)	(91.0, 2667.5)	(92.0, 2223.5)	(93.0, 1837.5)	(94.0, 1610.5)	(95.0, 1550.5)	(96.0, 1539.0)	(97.0, 1614.0)	(98.0, 1749.0)	(99.0, 2009.0)	(100.0, 9358.5)
SRR20277637_1	(0.0, 302337.0)	(1.0, 151183.5)	(2.0, 28.5)	(3.0, 28.0)	(4.0, 30.5)	(5.0, 27.5)	(6.0, 24.5)	(7.0, 27.5)	(8.0, 30.0)	(9.0, 26.5)	(10.0, 32.5)	(11.0, 44.5)	(12.0, 60.0)	(13.0, 76.5)	(14.0, 86.5)	(15.0, 117.0)	(16.0, 180.0)	(17.0, 277.5)	(18.0, 420.0)	(19.0, 609.5)	(20.0, 871.5)	(21.0, 1335.0)	(22.0, 1980.0)	(23.0, 2919.0)	(24.0, 4225.0)	(25.0, 5983.0)	(26.0, 8507.0)	(27.0, 11780.0)	(28.0, 15767.5)	(29.0, 20842.0)	(30.0, 27162.5)	(31.0, 34085.0)	(32.0, 41473.5)	(33.0, 49321.5)	(34.0, 57681.0)	(35.0, 67021.5)	(36.0, 77524.0)	(37.0, 88077.0)	(38.0, 97466.0)	(39.0, 105989.5)	(40.0, 114927.5)	(41.0, 126596.5)	(42.0, 137119.0)	(43.0, 145621.0)	(44.0, 154602.5)	(45.0, 165053.0)	(46.0, 180964.0)	(47.0, 203874.5)	(48.0, 234048.5)	(49.0, 265474.0)	(50.0, 293144.0)	(51.0, 315811.0)	(52.0, 350222.5)	(53.0, 347398.5)	(54.0, 301466.5)	(55.0, 305792.0)	(56.0, 305956.0)	(57.0, 273919.5)	(58.0, 261355.5)	(59.0, 258258.5)	(60.0, 271659.0)	(61.0, 276846.0)	(62.0, 261253.5)	(63.0, 222788.5)	(64.0, 172196.5)	(65.0, 144336.0)	(66.0, 127570.0)	(67.0, 113519.5)	(68.0, 95943.0)	(69.0, 76616.0)	(70.0, 63129.5)	(71.0, 52157.0)	(72.0, 42738.5)	(73.0, 35455.0)	(74.0, 30498.0)	(75.0, 26257.0)	(76.0, 23526.0)	(77.0, 22260.5)	(78.0, 19661.5)	(79.0, 16382.5)	(80.0, 14545.5)	(81.0, 13622.0)	(82.0, 11865.5)	(83.0, 9298.5)	(84.0, 7449.0)	(85.0, 7028.0)	(86.0, 6785.5)	(87.0, 5509.0)	(88.0, 3945.0)	(89.0, 2903.5)	(90.0, 2066.5)	(91.0, 1316.5)	(92.0, 890.5)	(93.0, 579.0)	(94.0, 322.0)	(95.0, 223.0)	(96.0, 159.5)	(97.0, 107.0)	(98.0, 114.5)	(99.0, 141.0)	(100.0, 88.0)
SRR20277637_2	(0.0, 289809.0)	(1.0, 144961.5)	(2.0, 117.0)	(3.0, 118.5)	(4.0, 109.0)	(5.0, 100.0)	(6.0, 116.0)	(7.0, 138.5)	(8.0, 163.0)	(9.0, 240.0)	(10.0, 314.0)	(11.0, 401.5)	(12.0, 482.5)	(13.0, 565.0)	(14.0, 707.0)	(15.0, 816.5)	(16.0, 963.0)	(17.0, 1157.5)	(18.0, 1396.0)	(19.0, 1655.0)	(20.0, 1988.0)	(21.0, 2505.5)	(22.0, 3216.0)	(23.0, 4193.0)	(24.0, 5638.0)	(25.0, 7500.0)	(26.0, 9852.0)	(27.0, 13206.0)	(28.0, 17831.0)	(29.0, 22888.5)	(30.0, 28552.0)	(31.0, 35379.5)	(32.0, 42651.0)	(33.0, 50038.0)	(34.0, 58605.5)	(35.0, 67611.5)	(36.0, 76622.5)	(37.0, 86220.0)	(38.0, 95686.0)	(39.0, 104799.0)	(40.0, 113824.0)	(41.0, 124328.0)	(42.0, 135170.5)	(43.0, 143237.0)	(44.0, 150555.5)	(45.0, 163642.0)	(46.0, 202606.5)	(47.0, 252193.0)	(48.0, 258657.5)	(49.0, 253401.0)	(50.0, 264421.0)	(51.0, 279173.5)	(52.0, 291525.5)	(53.0, 290328.0)	(54.0, 286802.0)	(55.0, 287555.5)	(56.0, 289389.0)	(57.0, 287425.0)	(58.0, 287730.5)	(59.0, 289304.0)	(60.0, 291072.0)	(61.0, 282977.5)	(62.0, 247375.5)	(63.0, 214016.5)	(64.0, 194853.5)	(65.0, 163914.0)	(66.0, 130712.0)	(67.0, 108050.5)	(68.0, 92316.5)	(69.0, 79587.0)	(70.0, 66999.5)	(71.0, 55571.5)	(72.0, 45738.5)	(73.0, 36891.5)	(74.0, 31624.0)	(75.0, 28420.0)	(76.0, 26696.0)	(77.0, 24904.0)	(78.0, 20170.5)	(79.0, 14254.0)	(80.0, 9969.5)	(81.0, 8133.5)	(82.0, 6822.0)	(83.0, 5890.5)	(84.0, 5085.0)	(85.0, 4545.5)	(86.0, 4249.0)	(87.0, 3993.0)	(88.0, 3705.0)	(89.0, 3390.0)	(90.0, 3037.0)	(91.0, 2519.0)	(92.0, 2120.5)	(93.0, 1788.5)	(94.0, 1549.0)	(95.0, 1497.5)	(96.0, 1491.0)	(97.0, 1582.0)	(98.0, 1772.5)	(99.0, 2004.5)	(100.0, 8738.5)
SRR20277638_1	(0.0, 308406.0)	(1.0, 154218.5)	(2.0, 32.5)	(3.0, 29.5)	(4.0, 32.5)	(5.0, 40.0)	(6.0, 37.5)	(7.0, 30.0)	(8.0, 29.0)	(9.0, 36.5)	(10.0, 40.5)	(11.0, 45.0)	(12.0, 58.0)	(13.0, 86.0)	(14.0, 112.0)	(15.0, 135.5)	(16.0, 197.0)	(17.0, 287.5)	(18.0, 425.5)	(19.0, 616.0)	(20.0, 940.0)	(21.0, 1389.0)	(22.0, 2019.5)	(23.0, 2971.5)	(24.0, 4348.5)	(25.0, 6226.5)	(26.0, 8791.0)	(27.0, 12094.5)	(28.0, 16366.5)	(29.0, 21639.5)	(30.0, 27940.0)	(31.0, 35179.0)	(32.0, 42834.5)	(33.0, 50712.5)	(34.0, 59215.0)	(35.0, 68649.0)	(36.0, 79783.0)	(37.0, 91087.5)	(38.0, 100145.0)	(39.0, 108217.0)	(40.0, 117910.5)	(41.0, 130398.5)	(42.0, 141189.5)	(43.0, 149607.5)	(44.0, 158634.0)	(45.0, 169364.5)	(46.0, 185146.0)	(47.0, 208293.0)	(48.0, 239077.5)	(49.0, 271103.5)	(50.0, 299689.0)	(51.0, 323059.0)	(52.0, 357601.5)	(53.0, 355926.0)	(54.0, 309696.0)	(55.0, 313004.0)	(56.0, 313956.0)	(57.0, 280805.5)	(58.0, 267166.5)	(59.0, 263970.5)	(60.0, 276577.5)	(61.0, 282860.5)	(62.0, 268018.5)	(63.0, 227604.5)	(64.0, 175162.0)	(65.0, 146769.0)	(66.0, 129787.0)	(67.0, 114827.0)	(68.0, 96953.5)	(69.0, 77576.5)	(70.0, 63712.5)	(71.0, 52723.5)	(72.0, 42971.5)	(73.0, 35489.0)	(74.0, 30499.5)	(75.0, 26326.5)	(76.0, 23368.0)	(77.0, 21850.5)	(78.0, 19611.5)	(79.0, 16574.5)	(80.0, 14537.0)	(81.0, 13317.5)	(82.0, 11524.5)	(83.0, 9192.5)	(84.0, 7391.5)	(85.0, 6846.5)	(86.0, 6610.5)	(87.0, 5597.0)	(88.0, 4197.0)	(89.0, 3012.0)	(90.0, 2092.0)	(91.0, 1385.0)	(92.0, 934.0)	(93.0, 602.0)	(94.0, 343.0)	(95.0, 241.0)	(96.0, 188.0)	(97.0, 141.0)	(98.0, 140.0)	(99.0, 162.5)	(100.0, 102.0)
SRR20277638_2	(0.0, 297540.0)	(1.0, 148849.5)	(2.0, 171.0)	(3.0, 158.0)	(4.0, 124.0)	(5.0, 109.0)	(6.0, 118.5)	(7.0, 145.0)	(8.0, 170.0)	(9.0, 222.5)	(10.0, 265.0)	(11.0, 348.5)	(12.0, 453.5)	(13.0, 540.5)	(14.0, 624.5)	(15.0, 742.0)	(16.0, 897.0)	(17.0, 1032.5)	(18.0, 1240.5)	(19.0, 1517.0)	(20.0, 1823.5)	(21.0, 2301.0)	(22.0, 2994.5)	(23.0, 3991.5)	(24.0, 5395.5)	(25.0, 7378.5)	(26.0, 9866.0)	(27.0, 13226.5)	(28.0, 17894.0)	(29.0, 23197.5)	(30.0, 29065.5)	(31.0, 35968.0)	(32.0, 43746.0)	(33.0, 51601.5)	(34.0, 59957.0)	(35.0, 69241.0)	(36.0, 78769.0)	(37.0, 88759.0)	(38.0, 97908.5)	(39.0, 106897.0)	(40.0, 116379.0)	(41.0, 127031.5)	(42.0, 138125.5)	(43.0, 146746.5)	(44.0, 154592.0)	(45.0, 167508.0)	(46.0, 206586.5)	(47.0, 257948.0)	(48.0, 265197.0)	(49.0, 258809.5)	(50.0, 269580.0)	(51.0, 285017.0)	(52.0, 298007.5)	(53.0, 297460.0)	(54.0, 294570.0)	(55.0, 294571.0)	(56.0, 296738.5)	(57.0, 294422.5)	(58.0, 294190.5)	(59.0, 296772.0)	(60.0, 298860.0)	(61.0, 289819.0)	(62.0, 253295.5)	(63.0, 218882.0)	(64.0, 199066.0)	(65.0, 168050.0)	(66.0, 133423.0)	(67.0, 109924.5)	(68.0, 93427.5)	(69.0, 80138.5)	(70.0, 67714.0)	(71.0, 55875.0)	(72.0, 45465.5)	(73.0, 36641.0)	(74.0, 31579.5)	(75.0, 28486.0)	(76.0, 26353.5)	(77.0, 24472.0)	(78.0, 20033.5)	(79.0, 14129.5)	(80.0, 9964.0)	(81.0, 8196.0)	(82.0, 6948.0)	(83.0, 5933.0)	(84.0, 5066.5)	(85.0, 4515.0)	(86.0, 4200.5)	(87.0, 4038.5)	(88.0, 3813.5)	(89.0, 3489.0)	(90.0, 3082.5)	(91.0, 2516.0)	(92.0, 2083.5)	(93.0, 1793.5)	(94.0, 1578.0)	(95.0, 1500.5)	(96.0, 1499.0)	(97.0, 1543.5)	(98.0, 1705.5)	(99.0, 1992.5)	(100.0, 9228.5)
SRR20277639_1	(0.0, 298405.0)	(1.0, 149219.0)	(2.0, 31.0)	(3.0, 23.5)	(4.0, 29.0)	(5.0, 35.0)	(6.0, 24.5)	(7.0, 25.0)	(8.0, 32.0)	(9.0, 37.5)	(10.0, 40.5)	(11.0, 51.5)	(12.0, 63.5)	(13.0, 73.5)	(14.0, 96.0)	(15.0, 119.0)	(16.0, 175.0)	(17.0, 278.0)	(18.0, 403.5)	(19.0, 624.0)	(20.0, 944.0)	(21.0, 1354.0)	(22.0, 2010.5)	(23.0, 2940.0)	(24.0, 4284.0)	(25.0, 6187.5)	(26.0, 8784.0)	(27.0, 12051.5)	(28.0, 16113.5)	(29.0, 21145.5)	(30.0, 27559.0)	(31.0, 34974.0)	(32.0, 42392.0)	(33.0, 50330.5)	(34.0, 58931.5)	(35.0, 68342.0)	(36.0, 79480.5)	(37.0, 90374.5)	(38.0, 99202.5)	(39.0, 107826.5)	(40.0, 117180.0)	(41.0, 128619.5)	(42.0, 139861.5)	(43.0, 148899.5)	(44.0, 157809.0)	(45.0, 168540.0)	(46.0, 184349.5)	(47.0, 206787.0)	(48.0, 237622.5)	(49.0, 270772.0)	(50.0, 298647.0)	(51.0, 321276.0)	(52.0, 356110.0)	(53.0, 351979.5)	(54.0, 305394.0)	(55.0, 310091.0)	(56.0, 309518.0)	(57.0, 277077.5)	(58.0, 264612.0)	(59.0, 261125.0)	(60.0, 274307.0)	(61.0, 279978.5)	(62.0, 264501.0)	(63.0, 224254.5)	(64.0, 172074.5)	(65.0, 144367.0)	(66.0, 127448.0)	(67.0, 113005.0)	(68.0, 95844.0)	(69.0, 76572.5)	(70.0, 62771.5)	(71.0, 52092.0)	(72.0, 42735.5)	(73.0, 35322.5)	(74.0, 30194.5)	(75.0, 25888.5)	(76.0, 23009.0)	(77.0, 21849.5)	(78.0, 19664.0)	(79.0, 16333.5)	(80.0, 14322.5)	(81.0, 13218.0)	(82.0, 11591.5)	(83.0, 9332.0)	(84.0, 7495.5)	(85.0, 7025.5)	(86.0, 6791.0)	(87.0, 5547.0)	(88.0, 3905.0)	(89.0, 2763.5)	(90.0, 1952.0)	(91.0, 1295.0)	(92.0, 908.0)	(93.0, 583.5)	(94.0, 319.5)	(95.0, 223.5)	(96.0, 151.0)	(97.0, 101.5)	(98.0, 121.5)	(99.0, 145.0)	(100.0, 86.5)
SRR20277639_2	(0.0, 286209.0)	(1.0, 143143.0)	(2.0, 74.5)	(3.0, 67.5)	(4.0, 67.5)	(5.0, 74.5)	(6.0, 110.0)	(7.0, 143.0)	(8.0, 165.0)	(9.0, 222.5)	(10.0, 304.0)	(11.0, 370.5)	(12.0, 447.5)	(13.0, 574.5)	(14.0, 656.0)	(15.0, 768.0)	(16.0, 929.5)	(17.0, 1082.5)	(18.0, 1287.0)	(19.0, 1523.0)	(20.0, 1865.5)	(21.0, 2374.5)	(22.0, 3072.0)	(23.0, 4103.5)	(24.0, 5530.5)	(25.0, 7363.5)	(26.0, 9873.0)	(27.0, 13288.5)	(28.0, 17833.5)	(29.0, 23134.0)	(30.0, 29088.0)	(31.0, 35866.5)	(32.0, 43442.0)	(33.0, 51440.0)	(34.0, 59761.0)	(35.0, 68871.5)	(36.0, 78556.0)	(37.0, 88055.0)	(38.0, 97151.0)	(39.0, 106502.5)	(40.0, 115354.5)	(41.0, 125785.5)	(42.0, 137570.0)	(43.0, 146355.0)	(44.0, 154072.0)	(45.0, 166965.0)	(46.0, 206163.5)	(47.0, 256527.0)	(48.0, 263174.5)	(49.0, 258172.5)	(50.0, 269383.0)	(51.0, 284523.0)	(52.0, 296868.0)	(53.0, 294969.5)	(54.0, 290658.5)	(55.0, 290598.0)	(56.0, 292892.5)	(57.0, 290804.5)	(58.0, 290962.0)	(59.0, 292805.0)	(60.0, 294245.0)	(61.0, 286022.0)	(62.0, 250176.5)	(63.0, 216503.0)	(64.0, 196361.0)	(65.0, 164563.0)	(66.0, 130701.0)	(67.0, 107577.5)	(68.0, 92270.5)	(69.0, 79525.5)	(70.0, 66887.0)	(71.0, 55667.0)	(72.0, 45391.0)	(73.0, 36312.0)	(74.0, 31364.5)	(75.0, 28449.0)	(76.0, 26588.5)	(77.0, 24716.0)	(78.0, 19896.5)	(79.0, 13803.0)	(80.0, 9603.0)	(81.0, 7948.0)	(82.0, 6806.5)	(83.0, 5709.5)	(84.0, 4863.5)	(85.0, 4466.5)	(86.0, 4277.5)	(87.0, 4053.0)	(88.0, 3659.5)	(89.0, 3302.5)	(90.0, 2941.0)	(91.0, 2484.5)	(92.0, 2075.5)	(93.0, 1722.0)	(94.0, 1507.5)	(95.0, 1465.5)	(96.0, 1465.5)	(97.0, 1535.5)	(98.0, 1677.0)	(99.0, 1915.0)	(100.0, 8365.5)
SRR20277640_1	(0.0, 13137.0)	(1.0, 6747.0)	(2.0, 264.5)	(3.0, 150.5)	(4.0, 152.5)	(5.0, 144.5)	(6.0, 106.5)	(7.0, 83.0)	(8.0, 76.5)	(9.0, 113.0)	(10.0, 155.0)	(11.0, 194.0)	(12.0, 260.0)	(13.0, 385.5)	(14.0, 583.5)	(15.0, 833.0)	(16.0, 1273.5)	(17.0, 2042.0)	(18.0, 3262.0)	(19.0, 5006.0)	(20.0, 7495.5)	(21.0, 11431.5)	(22.0, 17157.5)	(23.0, 25014.0)	(24.0, 35473.5)	(25.0, 49307.5)	(26.0, 66676.0)	(27.0, 86854.0)	(28.0, 109800.0)	(29.0, 134283.5)	(30.0, 160210.5)	(31.0, 187418.0)	(32.0, 213014.0)	(33.0, 235719.0)	(34.0, 255809.0)	(35.0, 274944.5)	(36.0, 293814.5)	(37.0, 308716.0)	(38.0, 318447.0)	(39.0, 323690.0)	(40.0, 325868.0)	(41.0, 327562.5)	(42.0, 327242.5)	(43.0, 320178.5)	(44.0, 310729.5)	(45.0, 304595.0)	(46.0, 299589.5)	(47.0, 295023.5)	(48.0, 290501.5)	(49.0, 286022.5)	(50.0, 281980.0)	(51.0, 277248.0)	(52.0, 271423.0)	(53.0, 254210.5)	(54.0, 230038.0)	(55.0, 216198.5)	(56.0, 204903.0)	(57.0, 190920.5)	(58.0, 177138.5)	(59.0, 166135.5)	(60.0, 163525.0)	(61.0, 158799.0)	(62.0, 148387.5)	(63.0, 125431.5)	(64.0, 95628.5)	(65.0, 78190.0)	(66.0, 70118.5)	(67.0, 64954.0)	(68.0, 53591.0)	(69.0, 41073.5)	(70.0, 34240.5)	(71.0, 29313.5)	(72.0, 24946.5)	(73.0, 21278.5)	(74.0, 18294.0)	(75.0, 15722.5)	(76.0, 13677.5)	(77.0, 12153.5)	(78.0, 10530.5)	(79.0, 9091.0)	(80.0, 8482.5)	(81.0, 8857.0)	(82.0, 8901.0)	(83.0, 7768.5)	(84.0, 6336.0)	(85.0, 5540.5)	(86.0, 5120.5)	(87.0, 4404.0)	(88.0, 3414.0)	(89.0, 2618.0)	(90.0, 1944.0)	(91.0, 1436.0)	(92.0, 1285.0)	(93.0, 1050.5)	(94.0, 679.0)	(95.0, 458.0)	(96.0, 415.0)	(97.0, 513.5)	(98.0, 681.5)	(99.0, 663.0)	(100.0, 300.5)
SRR20277640_2	(0.0, 14052.0)	(1.0, 7215.5)	(2.0, 400.5)	(3.0, 429.0)	(4.0, 411.0)	(5.0, 454.5)	(6.0, 592.0)	(7.0, 541.0)	(8.0, 406.0)	(9.0, 448.5)	(10.0, 547.0)	(11.0, 679.0)	(12.0, 866.5)	(13.0, 1098.0)	(14.0, 1372.0)	(15.0, 1737.0)	(16.0, 2291.0)	(17.0, 3083.0)	(18.0, 4346.0)	(19.0, 6109.5)	(20.0, 8695.5)	(21.0, 12733.0)	(22.0, 18701.5)	(23.0, 26721.5)	(24.0, 37424.0)	(25.0, 51600.0)	(26.0, 69526.0)	(27.0, 90311.0)	(28.0, 113557.5)	(29.0, 137763.5)	(30.0, 162453.5)	(31.0, 187992.0)	(32.0, 212031.5)	(33.0, 233435.5)	(34.0, 251889.5)	(35.0, 268647.5)	(36.0, 283750.0)	(37.0, 295588.0)	(38.0, 304602.0)	(39.0, 310961.5)	(40.0, 313832.0)	(41.0, 314018.0)	(42.0, 312099.5)	(43.0, 308223.0)	(44.0, 302326.5)	(45.0, 296225.5)	(46.0, 295917.5)	(47.0, 297226.0)	(48.0, 290698.0)	(49.0, 280182.0)	(50.0, 270620.0)	(51.0, 261615.5)	(52.0, 250610.0)	(53.0, 241762.5)	(54.0, 233264.5)	(55.0, 222130.0)	(56.0, 211276.5)	(57.0, 200592.5)	(58.0, 190730.0)	(59.0, 180542.5)	(60.0, 172515.5)	(61.0, 164686.0)	(62.0, 149631.5)	(63.0, 133467.5)	(64.0, 118103.0)	(65.0, 96666.0)	(66.0, 76908.5)	(67.0, 63473.5)	(68.0, 53763.0)	(69.0, 45846.5)	(70.0, 38892.0)	(71.0, 33051.0)	(72.0, 28116.0)	(73.0, 24148.0)	(74.0, 21442.0)	(75.0, 19295.0)	(76.0, 17279.5)	(77.0, 15168.0)	(78.0, 12403.5)	(79.0, 9411.0)	(80.0, 7405.0)	(81.0, 6395.0)	(82.0, 5731.5)	(83.0, 5193.0)	(84.0, 4465.5)	(85.0, 3951.5)	(86.0, 3589.5)	(87.0, 3224.0)	(88.0, 2907.0)	(89.0, 2621.0)	(90.0, 2359.0)	(91.0, 2118.5)	(92.0, 1923.0)	(93.0, 1758.5)	(94.0, 1653.0)	(95.0, 1657.0)	(96.0, 1794.5)	(97.0, 2206.5)	(98.0, 2622.5)	(99.0, 2460.0)	(100.0, 2835.0)
SRR20277641_1	(0.0, 12215.0)	(1.0, 6285.0)	(2.0, 261.5)	(3.0, 140.0)	(4.0, 145.5)	(5.0, 134.5)	(6.0, 90.5)	(7.0, 82.0)	(8.0, 85.5)	(9.0, 106.5)	(10.0, 129.0)	(11.0, 193.5)	(12.0, 276.0)	(13.0, 365.5)	(14.0, 523.0)	(15.0, 805.0)	(16.0, 1252.5)	(17.0, 1949.5)	(18.0, 3122.5)	(19.0, 4867.5)	(20.0, 7344.0)	(21.0, 11227.5)	(22.0, 17081.5)	(23.0, 24730.5)	(24.0, 34889.5)	(25.0, 48491.5)	(26.0, 65773.0)	(27.0, 85681.5)	(28.0, 108179.0)	(29.0, 132646.5)	(30.0, 158164.5)	(31.0, 184530.0)	(32.0, 209468.5)	(33.0, 232326.0)	(34.0, 252638.5)	(35.0, 271783.0)	(36.0, 290130.0)	(37.0, 304548.5)	(38.0, 314193.5)	(39.0, 319820.0)	(40.0, 322610.5)	(41.0, 323294.5)	(42.0, 322843.5)	(43.0, 316938.5)	(44.0, 307293.5)	(45.0, 300936.5)	(46.0, 297052.5)	(47.0, 292189.0)	(48.0, 287185.0)	(49.0, 283421.0)	(50.0, 280021.5)	(51.0, 275443.5)	(52.0, 268711.0)	(53.0, 251693.0)	(54.0, 227717.5)	(55.0, 213916.5)	(56.0, 203113.0)	(57.0, 188788.0)	(58.0, 175174.5)	(59.0, 164576.5)	(60.0, 162750.5)	(61.0, 157621.0)	(62.0, 146203.0)	(63.0, 123717.0)	(64.0, 94131.0)	(65.0, 77068.5)	(66.0, 69299.5)	(67.0, 64129.0)	(68.0, 53193.5)	(69.0, 40764.0)	(70.0, 33361.0)	(71.0, 28493.5)	(72.0, 24281.5)	(73.0, 20417.0)	(74.0, 17567.0)	(75.0, 15189.5)	(76.0, 13163.0)	(77.0, 11679.0)	(78.0, 10141.0)	(79.0, 8759.0)	(80.0, 8200.0)	(81.0, 8572.0)	(82.0, 8652.5)	(83.0, 7589.0)	(84.0, 6148.5)	(85.0, 5324.5)	(86.0, 4960.0)	(87.0, 4290.5)	(88.0, 3223.0)	(89.0, 2384.0)	(90.0, 1776.0)	(91.0, 1331.0)	(92.0, 1167.5)	(93.0, 930.5)	(94.0, 630.0)	(95.0, 431.5)	(96.0, 315.5)	(97.0, 372.5)	(98.0, 517.0)	(99.0, 488.5)	(100.0, 228.5)
SRR20277641_2	(0.0, 12824.0)	(1.0, 6562.5)	(2.0, 298.0)	(3.0, 276.5)	(4.0, 259.0)	(5.0, 343.5)	(6.0, 521.5)	(7.0, 511.0)	(8.0, 416.0)	(9.0, 461.5)	(10.0, 544.5)	(11.0, 666.0)	(12.0, 841.5)	(13.0, 1021.0)	(14.0, 1311.5)	(15.0, 1687.5)	(16.0, 2199.5)	(17.0, 2958.0)	(18.0, 4178.5)	(19.0, 5987.0)	(20.0, 8612.5)	(21.0, 12448.5)	(22.0, 18201.5)	(23.0, 26273.0)	(24.0, 36955.0)	(25.0, 50923.0)	(26.0, 68504.0)	(27.0, 88891.5)	(28.0, 111687.5)	(29.0, 136447.5)	(30.0, 161167.0)	(31.0, 185583.0)	(32.0, 209786.5)	(33.0, 231529.5)	(34.0, 250161.0)	(35.0, 266656.0)	(36.0, 280485.0)	(37.0, 292034.0)	(38.0, 300859.0)	(39.0, 306909.5)	(40.0, 308837.5)	(41.0, 308630.5)	(42.0, 307808.5)	(43.0, 304335.0)	(44.0, 298413.0)	(45.0, 292979.5)	(46.0, 292918.5)	(47.0, 294194.5)	(48.0, 287955.5)	(49.0, 277285.0)	(50.0, 267723.5)	(51.0, 259580.0)	(52.0, 248606.5)	(53.0, 239718.5)	(54.0, 231908.0)	(55.0, 220104.0)	(56.0, 209070.5)	(57.0, 198893.5)	(58.0, 189167.0)	(59.0, 178873.0)	(60.0, 171111.0)	(61.0, 162717.5)	(62.0, 147281.5)	(63.0, 132234.5)	(64.0, 117065.0)	(65.0, 94941.5)	(66.0, 75279.0)	(67.0, 62575.5)	(68.0, 52864.0)	(69.0, 44762.5)	(70.0, 38072.0)	(71.0, 32274.0)	(72.0, 27644.0)	(73.0, 23865.0)	(74.0, 20937.5)	(75.0, 18641.0)	(76.0, 16583.0)	(77.0, 14701.0)	(78.0, 11956.5)	(79.0, 8934.5)	(80.0, 7040.5)	(81.0, 6040.5)	(82.0, 5450.0)	(83.0, 4866.5)	(84.0, 4146.0)	(85.0, 3680.5)	(86.0, 3377.0)	(87.0, 3126.0)	(88.0, 2805.0)	(89.0, 2453.0)	(90.0, 2143.0)	(91.0, 1898.0)	(92.0, 1799.5)	(93.0, 1648.0)	(94.0, 1542.0)	(95.0, 1564.5)	(96.0, 1687.0)	(97.0, 2180.5)	(98.0, 2758.0)	(99.0, 2477.0)	(100.0, 2653.5)
SRR20277642_1	(0.0, 12117.0)	(1.0, 6233.0)	(2.0, 272.5)	(3.0, 160.5)	(4.0, 147.0)	(5.0, 139.5)	(6.0, 84.0)	(7.0, 79.0)	(8.0, 99.5)	(9.0, 111.5)	(10.0, 145.0)	(11.0, 199.0)	(12.0, 283.0)	(13.0, 379.0)	(14.0, 551.5)	(15.0, 839.0)	(16.0, 1251.5)	(17.0, 2008.5)	(18.0, 3243.0)	(19.0, 5067.0)	(20.0, 7689.5)	(21.0, 11624.0)	(22.0, 17352.0)	(23.0, 25220.5)	(24.0, 35826.0)	(25.0, 49886.5)	(26.0, 67287.5)	(27.0, 87695.5)	(28.0, 111018.5)	(29.0, 136269.0)	(30.0, 162733.0)	(31.0, 189212.5)	(32.0, 214946.5)	(33.0, 238277.5)	(34.0, 258993.0)	(35.0, 278868.5)	(36.0, 297631.0)	(37.0, 312361.0)	(38.0, 322516.5)	(39.0, 328574.5)	(40.0, 330492.0)	(41.0, 331067.5)	(42.0, 330928.0)	(43.0, 324961.0)	(44.0, 315494.0)	(45.0, 308647.5)	(46.0, 304082.0)	(47.0, 299675.5)	(48.0, 294789.5)	(49.0, 290344.0)	(50.0, 286191.5)	(51.0, 281466.0)	(52.0, 275380.0)	(53.0, 257838.0)	(54.0, 233259.5)	(55.0, 219444.5)	(56.0, 207647.0)	(57.0, 193361.0)	(58.0, 179643.5)	(59.0, 168606.5)	(60.0, 166526.0)	(61.0, 161630.0)	(62.0, 150407.0)	(63.0, 126979.0)	(64.0, 96590.0)	(65.0, 78461.0)	(66.0, 70319.5)	(67.0, 65204.5)	(68.0, 53799.5)	(69.0, 40862.0)	(70.0, 33487.5)	(71.0, 28530.0)	(72.0, 24250.0)	(73.0, 20585.0)	(74.0, 17834.5)	(75.0, 15406.5)	(76.0, 13207.5)	(77.0, 11621.0)	(78.0, 10139.0)	(79.0, 8885.5)	(80.0, 8356.5)	(81.0, 8647.0)	(82.0, 8691.0)	(83.0, 7550.0)	(84.0, 5970.0)	(85.0, 5071.5)	(86.0, 4709.5)	(87.0, 4090.0)	(88.0, 3127.5)	(89.0, 2399.5)	(90.0, 1858.0)	(91.0, 1376.5)	(92.0, 1167.5)	(93.0, 930.0)	(94.0, 605.0)	(95.0, 412.0)	(96.0, 363.5)	(97.0, 426.5)	(98.0, 583.5)	(99.0, 589.5)	(100.0, 270.5)
SRR20277642_2	(0.0, 12573.0)	(1.0, 6489.0)	(2.0, 369.5)	(3.0, 341.0)	(4.0, 314.0)	(5.0, 368.0)	(6.0, 524.5)	(7.0, 472.0)	(8.0, 374.5)	(9.0, 425.0)	(10.0, 467.5)	(11.0, 559.5)	(12.0, 707.0)	(13.0, 886.5)	(14.0, 1142.5)	(15.0, 1495.0)	(16.0, 2000.0)	(17.0, 2809.0)	(18.0, 4003.5)	(19.0, 5735.0)	(20.0, 8388.5)	(21.0, 12421.5)	(22.0, 18254.0)	(23.0, 26401.0)	(24.0, 37262.5)	(25.0, 51573.5)	(26.0, 69616.5)	(27.0, 90607.0)	(28.0, 114169.0)	(29.0, 139417.5)	(30.0, 164797.5)	(31.0, 190135.0)	(32.0, 214869.0)	(33.0, 236731.0)	(34.0, 255207.0)	(35.0, 272004.5)	(36.0, 287778.0)	(37.0, 300150.0)	(38.0, 308823.0)	(39.0, 315321.0)	(40.0, 318062.5)	(41.0, 317007.0)	(42.0, 314468.0)	(43.0, 310917.5)	(44.0, 305978.5)	(45.0, 301118.5)	(46.0, 300942.5)	(47.0, 302053.5)	(48.0, 295132.5)	(49.0, 284655.0)	(50.0, 275140.5)	(51.0, 265258.5)	(52.0, 254409.0)	(53.0, 246345.0)	(54.0, 237545.0)	(55.0, 225774.0)	(56.0, 214516.5)	(57.0, 203600.5)	(58.0, 193410.5)	(59.0, 183090.5)	(60.0, 175371.0)	(61.0, 167140.0)	(62.0, 151715.0)	(63.0, 136219.5)	(64.0, 120290.0)	(65.0, 97292.0)	(66.0, 77303.0)	(67.0, 63917.0)	(68.0, 53765.5)	(69.0, 45560.0)	(70.0, 38537.5)	(71.0, 32514.5)	(72.0, 27646.5)	(73.0, 23808.0)	(74.0, 20870.5)	(75.0, 18463.5)	(76.0, 16590.0)	(77.0, 14755.5)	(78.0, 12018.5)	(79.0, 9078.5)	(80.0, 7105.5)	(81.0, 6064.5)	(82.0, 5309.0)	(83.0, 4688.0)	(84.0, 4045.5)	(85.0, 3539.5)	(86.0, 3213.0)	(87.0, 3035.5)	(88.0, 2826.0)	(89.0, 2542.0)	(90.0, 2261.0)	(91.0, 1977.0)	(92.0, 1777.0)	(93.0, 1641.5)	(94.0, 1587.5)	(95.0, 1611.0)	(96.0, 1738.5)	(97.0, 2212.0)	(98.0, 2728.0)	(99.0, 2539.0)	(100.0, 2808.5)
SRR20277643_1	(0.0, 12110.0)	(1.0, 6227.5)	(2.0, 243.0)	(3.0, 120.5)	(4.0, 136.5)	(5.0, 135.5)	(6.0, 87.0)	(7.0, 78.5)	(8.0, 89.5)	(9.0, 110.5)	(10.0, 144.0)	(11.0, 188.0)	(12.0, 267.0)	(13.0, 384.0)	(14.0, 545.0)	(15.0, 812.0)	(16.0, 1256.5)	(17.0, 2002.5)	(18.0, 3164.0)	(19.0, 4890.0)	(20.0, 7517.5)	(21.0, 11517.5)	(22.0, 17280.0)	(23.0, 25077.5)	(24.0, 35493.0)	(25.0, 49281.5)	(26.0, 67070.0)	(27.0, 87640.5)	(28.0, 110313.0)	(29.0, 135341.5)	(30.0, 161740.5)	(31.0, 188676.0)	(32.0, 214545.0)	(33.0, 237631.5)	(34.0, 257875.5)	(35.0, 276799.0)	(36.0, 295600.0)	(37.0, 310410.0)	(38.0, 320135.5)	(39.0, 325569.5)	(40.0, 327595.5)	(41.0, 328911.0)	(42.0, 328325.5)	(43.0, 321666.5)	(44.0, 311950.0)	(45.0, 305669.0)	(46.0, 300992.0)	(47.0, 296324.0)	(48.0, 292025.5)	(49.0, 288013.0)	(50.0, 283815.5)	(51.0, 278882.0)	(52.0, 272848.0)	(53.0, 254606.0)	(54.0, 229885.5)	(55.0, 216965.0)	(56.0, 205779.0)	(57.0, 191239.5)	(58.0, 177598.0)	(59.0, 166309.5)	(60.0, 163869.5)	(61.0, 158964.0)	(62.0, 147965.0)	(63.0, 125151.0)	(64.0, 95350.5)	(65.0, 77575.0)	(66.0, 69420.0)	(67.0, 64018.5)	(68.0, 52846.0)	(69.0, 40445.5)	(70.0, 33071.5)	(71.0, 28272.0)	(72.0, 23945.5)	(73.0, 20192.0)	(74.0, 17458.0)	(75.0, 15009.0)	(76.0, 13044.5)	(77.0, 11649.0)	(78.0, 10045.0)	(79.0, 8700.5)	(80.0, 8029.5)	(81.0, 8242.0)	(82.0, 8336.0)	(83.0, 7347.0)	(84.0, 5998.5)	(85.0, 5233.0)	(86.0, 4905.5)	(87.0, 4195.5)	(88.0, 3107.0)	(89.0, 2341.5)	(90.0, 1794.0)	(91.0, 1362.0)	(92.0, 1140.0)	(93.0, 854.0)	(94.0, 581.5)	(95.0, 409.0)	(96.0, 298.5)	(97.0, 331.0)	(98.0, 461.5)	(99.0, 463.5)	(100.0, 212.5)
SRR20277643_2	(0.0, 12499.0)	(1.0, 6399.5)	(2.0, 259.5)	(3.0, 215.5)	(4.0, 231.0)	(5.0, 320.5)	(6.0, 494.0)	(7.0, 495.5)	(8.0, 392.5)	(9.0, 418.5)	(10.0, 484.5)	(11.0, 591.0)	(12.0, 753.0)	(13.0, 929.0)	(14.0, 1140.5)	(15.0, 1491.0)	(16.0, 2048.0)	(17.0, 2796.0)	(18.0, 3908.5)	(19.0, 5735.0)	(20.0, 8393.0)	(21.0, 12307.0)	(22.0, 18209.5)	(23.0, 26656.0)	(24.0, 37655.5)	(25.0, 51790.5)	(26.0, 69840.0)	(27.0, 90930.5)	(28.0, 114215.5)	(29.0, 138811.5)	(30.0, 164333.5)	(31.0, 189846.5)	(32.0, 213901.0)	(33.0, 235327.5)	(34.0, 254266.0)	(35.0, 271181.0)	(36.0, 285115.0)	(37.0, 297037.5)	(38.0, 306765.5)	(39.0, 312830.5)	(40.0, 314973.0)	(41.0, 315029.5)	(42.0, 313406.5)	(43.0, 309167.5)	(44.0, 303370.5)	(45.0, 297607.5)	(46.0, 297248.5)	(47.0, 298567.0)	(48.0, 292065.5)	(49.0, 282144.5)	(50.0, 272378.5)	(51.0, 262351.5)	(52.0, 251290.5)	(53.0, 243075.0)	(54.0, 235004.5)	(55.0, 223408.0)	(56.0, 211556.0)	(57.0, 200531.0)	(58.0, 190963.0)	(59.0, 180725.0)	(60.0, 172841.5)	(61.0, 164855.0)	(62.0, 149305.0)	(63.0, 133717.5)	(64.0, 118267.0)	(65.0, 95866.5)	(66.0, 75745.0)	(67.0, 62713.5)	(68.0, 53094.5)	(69.0, 44697.5)	(70.0, 37784.5)	(71.0, 32270.5)	(72.0, 27414.5)	(73.0, 23472.0)	(74.0, 20919.5)	(75.0, 18404.5)	(76.0, 16297.0)	(77.0, 14483.5)	(78.0, 11793.0)	(79.0, 8919.5)	(80.0, 7011.0)	(81.0, 5977.0)	(82.0, 5204.0)	(83.0, 4617.0)	(84.0, 3942.5)	(85.0, 3495.5)	(86.0, 3134.0)	(87.0, 2859.5)	(88.0, 2671.0)	(89.0, 2442.0)	(90.0, 2141.5)	(91.0, 1874.0)	(92.0, 1728.0)	(93.0, 1597.0)	(94.0, 1532.0)	(95.0, 1561.0)	(96.0, 1661.5)	(97.0, 2078.0)	(98.0, 2580.0)	(99.0, 2366.0)	(100.0, 2605.0)
SRR20277644_1	(0.0, 8086.0)	(1.0, 4764.5)	(2.0, 1245.0)	(3.0, 847.0)	(4.0, 589.0)	(5.0, 448.5)	(6.0, 344.0)	(7.0, 296.5)	(8.0, 272.5)	(9.0, 270.5)	(10.0, 275.0)	(11.0, 305.5)	(12.0, 347.0)	(13.0, 448.0)	(14.0, 657.0)	(15.0, 902.5)	(16.0, 1356.0)	(17.0, 2105.0)	(18.0, 3257.5)	(19.0, 5045.0)	(20.0, 7745.0)	(21.0, 12023.0)	(22.0, 17970.5)	(23.0, 26081.5)	(24.0, 37067.0)	(25.0, 51550.5)	(26.0, 69839.0)	(27.0, 91258.0)	(28.0, 114918.0)	(29.0, 140813.0)	(30.0, 167437.5)	(31.0, 193835.5)	(32.0, 219314.0)	(33.0, 240362.0)	(34.0, 259418.0)	(35.0, 276629.5)	(36.0, 292387.5)	(37.0, 303426.5)	(38.0, 308058.0)	(39.0, 309338.0)	(40.0, 308531.5)	(41.0, 309006.0)	(42.0, 306567.5)	(43.0, 298374.0)	(44.0, 287963.0)	(45.0, 279654.5)	(46.0, 273382.5)	(47.0, 269213.5)	(48.0, 268398.0)	(49.0, 266734.0)	(50.0, 262154.0)	(51.0, 258852.0)	(52.0, 255162.0)	(53.0, 243474.0)	(54.0, 230600.5)	(55.0, 223688.5)	(56.0, 211612.5)	(57.0, 192831.0)	(58.0, 173816.5)	(59.0, 161907.5)	(60.0, 162906.5)	(61.0, 164216.0)	(62.0, 161573.5)	(63.0, 135562.5)	(64.0, 96107.5)	(65.0, 75125.0)	(66.0, 67049.0)	(67.0, 63299.5)	(68.0, 50698.0)	(69.0, 35716.5)	(70.0, 27793.0)	(71.0, 22933.5)	(72.0, 18647.0)	(73.0, 14594.0)	(74.0, 11440.5)	(75.0, 8950.5)	(76.0, 7420.5)	(77.0, 6405.5)	(78.0, 5367.0)	(79.0, 4598.5)	(80.0, 4687.5)	(81.0, 5582.0)	(82.0, 5663.0)	(83.0, 4087.5)	(84.0, 2239.5)	(85.0, 1451.0)	(86.0, 1365.0)	(87.0, 1072.0)	(88.0, 626.5)	(89.0, 381.5)	(90.0, 271.0)	(91.0, 243.5)	(92.0, 314.5)	(93.0, 295.0)	(94.0, 169.0)	(95.0, 131.0)	(96.0, 196.0)	(97.0, 227.5)	(98.0, 154.5)	(99.0, 90.0)	(100.0, 32.5)
SRR20277644_2	(0.0, 9598.0)	(1.0, 5408.5)	(2.0, 1198.0)	(3.0, 1044.5)	(4.0, 808.0)	(5.0, 717.0)	(6.0, 764.5)	(7.0, 682.0)	(8.0, 529.5)	(9.0, 534.0)	(10.0, 612.0)	(11.0, 714.0)	(12.0, 857.0)	(13.0, 1071.0)	(14.0, 1340.0)	(15.0, 1699.5)	(16.0, 2288.0)	(17.0, 3059.0)	(18.0, 4250.5)	(19.0, 6074.5)	(20.0, 8742.5)	(21.0, 12811.5)	(22.0, 18842.5)	(23.0, 27557.0)	(24.0, 38862.0)	(25.0, 53463.0)	(26.0, 72244.0)	(27.0, 94216.0)	(28.0, 119235.5)	(29.0, 144998.5)	(30.0, 170565.0)	(31.0, 196260.5)	(32.0, 220155.5)	(33.0, 240122.0)	(34.0, 256839.5)	(35.0, 271937.5)	(36.0, 284189.5)	(37.0, 293300.5)	(38.0, 298842.0)	(39.0, 301193.0)	(40.0, 300070.0)	(41.0, 296823.5)	(42.0, 292647.5)	(43.0, 286280.0)	(44.0, 279120.5)	(45.0, 272339.5)	(46.0, 269816.0)	(47.0, 269556.0)	(48.0, 265163.0)	(49.0, 259608.5)	(50.0, 252488.5)	(51.0, 246573.5)	(52.0, 240047.5)	(53.0, 233559.5)	(54.0, 229044.0)	(55.0, 221405.0)	(56.0, 208244.0)	(57.0, 193049.5)	(58.0, 182931.0)	(59.0, 177323.5)	(60.0, 179666.0)	(61.0, 182638.5)	(62.0, 164253.0)	(63.0, 136547.0)	(64.0, 115352.0)	(65.0, 92682.0)	(66.0, 73584.0)	(67.0, 60348.0)	(68.0, 49229.5)	(69.0, 40105.0)	(70.0, 33004.0)	(71.0, 27133.0)	(72.0, 21989.0)	(73.0, 17505.5)	(74.0, 14061.5)	(75.0, 11621.0)	(76.0, 10023.0)	(77.0, 8988.0)	(78.0, 7568.0)	(79.0, 5700.5)	(80.0, 4394.0)	(81.0, 3622.5)	(82.0, 2970.5)	(83.0, 2398.0)	(84.0, 1880.0)	(85.0, 1536.5)	(86.0, 1395.5)	(87.0, 1336.0)	(88.0, 1194.5)	(89.0, 1075.0)	(90.0, 1045.0)	(91.0, 1020.5)	(92.0, 965.5)	(93.0, 945.5)	(94.0, 1008.0)	(95.0, 1101.5)	(96.0, 1285.0)	(97.0, 1909.0)	(98.0, 2532.5)	(99.0, 2219.0)	(100.0, 2707.0)
SRR20277645_1	(0.0, 7352.0)	(1.0, 4397.5)	(2.0, 1213.5)	(3.0, 797.5)	(4.0, 539.0)	(5.0, 427.0)	(6.0, 355.0)	(7.0, 302.5)	(8.0, 268.5)	(9.0, 253.5)	(10.0, 251.0)	(11.0, 306.5)	(12.0, 362.5)	(13.0, 432.0)	(14.0, 611.5)	(15.0, 913.5)	(16.0, 1443.0)	(17.0, 2121.5)	(18.0, 3219.0)	(19.0, 4990.0)	(20.0, 7574.5)	(21.0, 11771.0)	(22.0, 17681.5)	(23.0, 25488.0)	(24.0, 36290.0)	(25.0, 50497.0)	(26.0, 68520.5)	(27.0, 89544.0)	(28.0, 112415.5)	(29.0, 137126.5)	(30.0, 163397.5)	(31.0, 189776.0)	(32.0, 214510.5)	(33.0, 235763.5)	(34.0, 254225.5)	(35.0, 271390.5)	(36.0, 286584.5)	(37.0, 297303.5)	(38.0, 302135.5)	(39.0, 303070.0)	(40.0, 303072.5)	(41.0, 303480.5)	(42.0, 301084.5)	(43.0, 293003.0)	(44.0, 283453.5)	(45.0, 275851.0)	(46.0, 269696.0)	(47.0, 264804.5)	(48.0, 262968.0)	(49.0, 262276.5)	(50.0, 258671.0)	(51.0, 255237.0)	(52.0, 250858.0)	(53.0, 239046.5)	(54.0, 227212.5)	(55.0, 220982.5)	(56.0, 208484.0)	(57.0, 189408.5)	(58.0, 170119.5)	(59.0, 158754.0)	(60.0, 160782.5)	(61.0, 161949.5)	(62.0, 158809.0)	(63.0, 132670.0)	(64.0, 93563.0)	(65.0, 73344.0)	(66.0, 65797.5)	(67.0, 61876.5)	(68.0, 49380.0)	(69.0, 34801.0)	(70.0, 27090.0)	(71.0, 22206.5)	(72.0, 17893.0)	(73.0, 13940.0)	(74.0, 10974.5)	(75.0, 8705.0)	(76.0, 7075.0)	(77.0, 5981.0)	(78.0, 5069.0)	(79.0, 4494.5)	(80.0, 4585.0)	(81.0, 5417.0)	(82.0, 5502.5)	(83.0, 3964.0)	(84.0, 2172.5)	(85.0, 1389.5)	(86.0, 1293.0)	(87.0, 1018.5)	(88.0, 606.5)	(89.0, 344.0)	(90.0, 241.0)	(91.0, 242.0)	(92.0, 293.5)	(93.0, 262.0)	(94.0, 145.0)	(95.0, 79.5)	(96.0, 70.0)	(97.0, 78.0)	(98.0, 84.5)	(99.0, 70.0)	(100.0, 32.5)
SRR20277645_2	(0.0, 8609.0)	(1.0, 4893.0)	(2.0, 1076.0)	(3.0, 837.5)	(4.0, 650.0)	(5.0, 627.5)	(6.0, 713.0)	(7.0, 632.5)	(8.0, 508.0)	(9.0, 542.5)	(10.0, 614.0)	(11.0, 704.0)	(12.0, 832.5)	(13.0, 1004.5)	(14.0, 1308.5)	(15.0, 1700.5)	(16.0, 2194.5)	(17.0, 2939.5)	(18.0, 4109.5)	(19.0, 5984.0)	(20.0, 8653.5)	(21.0, 12562.5)	(22.0, 18399.0)	(23.0, 26580.0)	(24.0, 37595.0)	(25.0, 52126.0)	(26.0, 70520.0)	(27.0, 92293.5)	(28.0, 116883.0)	(29.0, 142453.5)	(30.0, 167415.0)	(31.0, 191771.0)	(32.0, 215329.0)	(33.0, 235776.0)	(34.0, 252865.5)	(35.0, 267588.0)	(36.0, 278998.5)	(37.0, 287796.0)	(38.0, 293052.0)	(39.0, 295184.5)	(40.0, 294864.5)	(41.0, 291295.0)	(42.0, 286713.5)	(43.0, 281342.5)	(44.0, 274459.5)	(45.0, 267688.0)	(46.0, 265452.5)	(47.0, 265341.0)	(48.0, 260654.5)	(49.0, 254632.0)	(50.0, 248210.0)	(51.0, 242622.0)	(52.0, 236071.5)	(53.0, 230555.5)	(54.0, 225811.0)	(55.0, 217949.5)	(56.0, 205328.0)	(57.0, 190125.5)	(58.0, 179395.5)	(59.0, 173385.0)	(60.0, 176310.5)	(61.0, 179678.0)	(62.0, 160695.5)	(63.0, 133692.0)	(64.0, 113676.0)	(65.0, 90839.5)	(66.0, 72124.0)	(67.0, 59178.0)	(68.0, 47946.0)	(69.0, 38827.5)	(70.0, 31684.0)	(71.0, 26066.0)	(72.0, 21334.0)	(73.0, 16975.0)	(74.0, 13693.0)	(75.0, 11377.0)	(76.0, 9667.5)	(77.0, 8673.0)	(78.0, 7299.5)	(79.0, 5548.0)	(80.0, 4300.5)	(81.0, 3517.5)	(82.0, 2862.5)	(83.0, 2280.0)	(84.0, 1851.0)	(85.0, 1529.5)	(86.0, 1347.0)	(87.0, 1244.5)	(88.0, 1123.0)	(89.0, 1069.0)	(90.0, 997.5)	(91.0, 967.5)	(92.0, 972.0)	(93.0, 938.0)	(94.0, 959.0)	(95.0, 1085.5)	(96.0, 1320.5)	(97.0, 1887.0)	(98.0, 2488.5)	(99.0, 2205.0)	(100.0, 2753.0)
SRR20277646_1	(0.0, 7595.0)	(1.0, 4514.0)	(2.0, 1218.0)	(3.0, 802.5)	(4.0, 580.0)	(5.0, 492.5)	(6.0, 387.0)	(7.0, 317.0)	(8.0, 296.5)	(9.0, 293.0)	(10.0, 272.0)	(11.0, 288.5)	(12.0, 364.0)	(13.0, 478.5)	(14.0, 640.0)	(15.0, 923.5)	(16.0, 1398.5)	(17.0, 2131.0)	(18.0, 3283.5)	(19.0, 5104.5)	(20.0, 7796.0)	(21.0, 12174.5)	(22.0, 18288.0)	(23.0, 26396.0)	(24.0, 37393.5)	(25.0, 52134.5)	(26.0, 70955.0)	(27.0, 92141.5)	(28.0, 116183.0)	(29.0, 141818.0)	(30.0, 168669.0)	(31.0, 196226.0)	(32.0, 221436.5)	(33.0, 242651.0)	(34.0, 261445.5)	(35.0, 278744.5)	(36.0, 294597.0)	(37.0, 306277.0)	(38.0, 311333.0)	(39.0, 312397.0)	(40.0, 311229.0)	(41.0, 311059.0)	(42.0, 309320.5)	(43.0, 301435.0)	(44.0, 290862.5)	(45.0, 282884.5)	(46.0, 276593.0)	(47.0, 272397.0)	(48.0, 271721.5)	(49.0, 270403.5)	(50.0, 265994.5)	(51.0, 262281.0)	(52.0, 258254.5)	(53.0, 246709.5)	(54.0, 234235.0)	(55.0, 227168.0)	(56.0, 214084.5)	(57.0, 194977.0)	(58.0, 175958.5)	(59.0, 163977.5)	(60.0, 165929.5)	(61.0, 167070.0)	(62.0, 163341.5)	(63.0, 136814.0)	(64.0, 96886.5)	(65.0, 75745.0)	(66.0, 67949.5)	(67.0, 63592.5)	(68.0, 50408.5)	(69.0, 35603.5)	(70.0, 27734.0)	(71.0, 22796.5)	(72.0, 18415.0)	(73.0, 14336.0)	(74.0, 11277.0)	(75.0, 8842.0)	(76.0, 7090.0)	(77.0, 6023.5)	(78.0, 5240.0)	(79.0, 4632.0)	(80.0, 4741.0)	(81.0, 5447.0)	(82.0, 5474.5)	(83.0, 4008.5)	(84.0, 2161.0)	(85.0, 1408.0)	(86.0, 1312.0)	(87.0, 1024.5)	(88.0, 613.5)	(89.0, 390.5)	(90.0, 289.0)	(91.0, 255.0)	(92.0, 335.0)	(93.0, 315.0)	(94.0, 161.5)	(95.0, 92.0)	(96.0, 138.0)	(97.0, 154.0)	(98.0, 110.5)	(99.0, 69.0)	(100.0, 23.0)
SRR20277646_2	(0.0, 8674.0)	(1.0, 4952.5)	(2.0, 1172.5)	(3.0, 947.5)	(4.0, 682.0)	(5.0, 625.0)	(6.0, 718.0)	(7.0, 639.5)	(8.0, 477.5)	(9.0, 475.5)	(10.0, 535.5)	(11.0, 628.5)	(12.0, 784.5)	(13.0, 912.0)	(14.0, 1093.5)	(15.0, 1483.5)	(16.0, 2008.0)	(17.0, 2746.5)	(18.0, 3884.5)	(19.0, 5688.5)	(20.0, 8472.5)	(21.0, 12527.5)	(22.0, 18763.0)	(23.0, 27409.0)	(24.0, 38435.5)	(25.0, 53438.5)	(26.0, 72593.5)	(27.0, 94767.0)	(28.0, 119731.0)	(29.0, 145921.0)	(30.0, 172053.5)	(31.0, 197592.5)	(32.0, 221548.0)	(33.0, 242539.0)	(34.0, 260146.5)	(35.0, 275443.5)	(36.0, 287582.0)	(37.0, 295878.0)	(38.0, 301300.0)	(39.0, 303427.5)	(40.0, 303031.5)	(41.0, 300708.0)	(42.0, 295663.5)	(43.0, 289484.5)	(44.0, 281863.5)	(45.0, 274067.0)	(46.0, 272540.5)	(47.0, 272882.0)	(48.0, 268299.0)	(49.0, 262310.5)	(50.0, 255383.5)	(51.0, 249811.5)	(52.0, 242791.5)	(53.0, 237167.0)	(54.0, 232717.5)	(55.0, 224490.5)	(56.0, 211568.5)	(57.0, 195867.5)	(58.0, 185320.0)	(59.0, 179561.0)	(60.0, 181979.5)	(61.0, 184963.0)	(62.0, 166355.0)	(63.0, 138891.5)	(64.0, 117329.0)	(65.0, 93976.5)	(66.0, 74596.0)	(67.0, 60649.5)	(68.0, 49207.5)	(69.0, 40267.0)	(70.0, 33009.5)	(71.0, 26956.0)	(72.0, 21804.5)	(73.0, 17164.0)	(74.0, 13736.5)	(75.0, 11310.0)	(76.0, 9728.0)	(77.0, 8797.5)	(78.0, 7357.5)	(79.0, 5609.5)	(80.0, 4324.0)	(81.0, 3507.0)	(82.0, 2915.0)	(83.0, 2437.0)	(84.0, 1944.5)	(85.0, 1630.5)	(86.0, 1448.5)	(87.0, 1306.5)	(88.0, 1179.0)	(89.0, 1075.5)	(90.0, 1038.0)	(91.0, 1002.0)	(92.0, 965.5)	(93.0, 976.5)	(94.0, 1021.0)	(95.0, 1123.5)	(96.0, 1323.0)	(97.0, 1882.0)	(98.0, 2470.5)	(99.0, 2189.5)	(100.0, 2651.0)
SRR20277647_1	(0.0, 7414.0)	(1.0, 4410.5)	(2.0, 1200.0)	(3.0, 788.5)	(4.0, 548.5)	(5.0, 432.0)	(6.0, 329.5)	(7.0, 264.0)	(8.0, 236.0)	(9.0, 249.0)	(10.0, 273.5)	(11.0, 308.0)	(12.0, 366.5)	(13.0, 456.5)	(14.0, 650.5)	(15.0, 941.0)	(16.0, 1355.5)	(17.0, 2107.5)	(18.0, 3262.5)	(19.0, 5060.5)	(20.0, 7857.0)	(21.0, 12158.0)	(22.0, 18045.0)	(23.0, 26116.0)	(24.0, 37253.5)	(25.0, 51483.5)	(26.0, 69630.0)	(27.0, 90918.0)	(28.0, 114536.0)	(29.0, 140018.0)	(30.0, 166467.5)	(31.0, 193404.0)	(32.0, 218197.0)	(33.0, 239732.5)	(34.0, 259065.0)	(35.0, 275986.5)	(36.0, 291603.5)	(37.0, 302205.0)	(38.0, 306655.5)	(39.0, 308219.0)	(40.0, 307914.5)	(41.0, 307835.0)	(42.0, 305212.0)	(43.0, 296777.5)	(44.0, 286646.5)	(45.0, 278755.0)	(46.0, 272840.0)	(47.0, 269477.0)	(48.0, 267794.5)	(49.0, 266107.0)	(50.0, 261852.0)	(51.0, 258244.0)	(52.0, 254311.0)	(53.0, 241773.0)	(54.0, 230019.5)	(55.0, 223760.5)	(56.0, 210646.5)	(57.0, 191573.5)	(58.0, 171976.5)	(59.0, 160683.5)	(60.0, 163018.0)	(61.0, 163649.0)	(62.0, 160163.5)	(63.0, 134126.0)	(64.0, 94804.5)	(65.0, 74203.0)	(66.0, 66499.5)	(67.0, 62423.0)	(68.0, 49668.5)	(69.0, 34987.5)	(70.0, 27151.0)	(71.0, 22449.5)	(72.0, 18112.0)	(73.0, 13864.0)	(74.0, 10858.0)	(75.0, 8549.0)	(76.0, 7003.0)	(77.0, 5947.0)	(78.0, 5110.5)	(79.0, 4621.0)	(80.0, 4684.0)	(81.0, 5371.0)	(82.0, 5355.5)	(83.0, 3834.5)	(84.0, 2075.5)	(85.0, 1361.5)	(86.0, 1294.0)	(87.0, 1007.5)	(88.0, 609.0)	(89.0, 377.0)	(90.0, 267.5)	(91.0, 229.5)	(92.0, 278.0)	(93.0, 261.5)	(94.0, 148.5)	(95.0, 84.5)	(96.0, 74.5)	(97.0, 82.5)	(98.0, 86.5)	(99.0, 67.5)	(100.0, 29.5)
SRR20277647_2	(0.0, 8287.0)	(1.0, 4732.0)	(2.0, 1070.0)	(3.0, 788.0)	(4.0, 578.5)	(5.0, 581.5)	(6.0, 668.5)	(7.0, 627.0)	(8.0, 521.0)	(9.0, 519.0)	(10.0, 569.5)	(11.0, 662.0)	(12.0, 758.5)	(13.0, 925.5)	(14.0, 1148.0)	(15.0, 1436.0)	(16.0, 1930.5)	(17.0, 2676.0)	(18.0, 3887.0)	(19.0, 5650.5)	(20.0, 8325.5)	(21.0, 12429.0)	(22.0, 18442.5)	(23.0, 26915.0)	(24.0, 38221.0)	(25.0, 53361.0)	(26.0, 71758.0)	(27.0, 93967.5)	(28.0, 119167.5)	(29.0, 144664.5)	(30.0, 170331.5)	(31.0, 195567.5)	(32.0, 219111.0)	(33.0, 238894.5)	(34.0, 256037.5)	(35.0, 271559.5)	(36.0, 284020.5)	(37.0, 292224.0)	(38.0, 297198.5)	(39.0, 299841.5)	(40.0, 298805.5)	(41.0, 295920.5)	(42.0, 291472.5)	(43.0, 286015.5)	(44.0, 279694.5)	(45.0, 272307.0)	(46.0, 268660.0)	(47.0, 268530.0)	(48.0, 264821.0)	(49.0, 258205.5)	(50.0, 251582.0)	(51.0, 246176.5)	(52.0, 239151.0)	(53.0, 233723.5)	(54.0, 229068.0)	(55.0, 220555.5)	(56.0, 207433.5)	(57.0, 191803.5)	(58.0, 181353.5)	(59.0, 175816.0)	(60.0, 178450.5)	(61.0, 181827.0)	(62.0, 163189.0)	(63.0, 135502.5)	(64.0, 114571.0)	(65.0, 91635.5)	(66.0, 72584.0)	(67.0, 59305.5)	(68.0, 48182.0)	(69.0, 39094.5)	(70.0, 31959.0)	(71.0, 26387.0)	(72.0, 21396.0)	(73.0, 16902.5)	(74.0, 13658.0)	(75.0, 11258.5)	(76.0, 9678.0)	(77.0, 8672.0)	(78.0, 7295.5)	(79.0, 5546.0)	(80.0, 4232.0)	(81.0, 3404.0)	(82.0, 2791.0)	(83.0, 2275.5)	(84.0, 1790.0)	(85.0, 1536.0)	(86.0, 1394.5)	(87.0, 1277.5)	(88.0, 1108.5)	(89.0, 1007.0)	(90.0, 983.5)	(91.0, 966.5)	(92.0, 922.0)	(93.0, 905.5)	(94.0, 979.5)	(95.0, 1098.5)	(96.0, 1278.5)	(97.0, 1828.0)	(98.0, 2387.0)	(99.0, 2142.5)	(100.0, 2802.0)
SRR20277648_1	(0.0, 360312.0)	(1.0, 203120.5)	(2.0, 31477.0)	(3.0, 13880.5)	(4.0, 11249.0)	(5.0, 9353.5)	(6.0, 4974.0)	(7.0, 2495.5)	(8.0, 1730.5)	(9.0, 1307.5)	(10.0, 1069.5)	(11.0, 855.5)	(12.0, 687.0)	(13.0, 599.0)	(14.0, 498.0)	(15.0, 441.0)	(16.0, 444.5)	(17.0, 444.0)	(18.0, 432.0)	(19.0, 503.0)	(20.0, 626.0)	(21.0, 753.0)	(22.0, 876.5)	(23.0, 1057.5)	(24.0, 1470.0)	(25.0, 1879.5)	(26.0, 2300.5)	(27.0, 2840.0)	(28.0, 3494.0)	(29.0, 4313.5)	(30.0, 5027.0)	(31.0, 5839.0)	(32.0, 6903.0)	(33.0, 7806.0)	(34.0, 8610.0)	(35.0, 9838.5)	(36.0, 11336.5)	(37.0, 13550.0)	(38.0, 16423.5)	(39.0, 18960.0)	(40.0, 23362.5)	(41.0, 31175.0)	(42.0, 35926.0)	(43.0, 33016.0)	(44.0, 31236.0)	(45.0, 34712.5)	(46.0, 37484.5)	(47.0, 35272.5)	(48.0, 32874.0)	(49.0, 33286.0)	(50.0, 32200.0)	(51.0, 29647.5)	(52.0, 26093.0)	(53.0, 21219.5)	(54.0, 17484.0)	(55.0, 16524.5)	(56.0, 16969.5)	(57.0, 17662.0)	(58.0, 17394.0)	(59.0, 17265.5)	(60.0, 19624.0)	(61.0, 20729.5)	(62.0, 19142.0)	(63.0, 15287.0)	(64.0, 10135.0)	(65.0, 7278.5)	(66.0, 6383.5)	(67.0, 6207.0)	(68.0, 5684.5)	(69.0, 4972.0)	(70.0, 4680.5)	(71.0, 4642.0)	(72.0, 4471.5)	(73.0, 4218.5)	(74.0, 3885.5)	(75.0, 3690.0)	(76.0, 3928.0)	(77.0, 4265.0)	(78.0, 4134.5)	(79.0, 4072.5)	(80.0, 4587.0)	(81.0, 5147.0)	(82.0, 5057.5)	(83.0, 4417.0)	(84.0, 3884.5)	(85.0, 3601.0)	(86.0, 3459.5)	(87.0, 3640.0)	(88.0, 3737.0)	(89.0, 3487.5)	(90.0, 2948.5)	(91.0, 2150.0)	(92.0, 1477.0)	(93.0, 944.5)	(94.0, 645.0)	(95.0, 580.0)	(96.0, 560.5)	(97.0, 634.5)	(98.0, 784.0)	(99.0, 721.0)	(100.0, 337.0)
SRR20277648_2	(0.0, 327940.0)	(1.0, 171743.0)	(2.0, 14228.5)	(3.0, 10481.5)	(4.0, 8160.0)	(5.0, 12685.5)	(6.0, 25520.5)	(7.0, 20832.0)	(8.0, 5687.5)	(9.0, 2987.0)	(10.0, 2026.5)	(11.0, 1528.0)	(12.0, 1219.5)	(13.0, 1006.5)	(14.0, 829.5)	(15.0, 745.5)	(16.0, 736.0)	(17.0, 731.5)	(18.0, 742.5)	(19.0, 804.0)	(20.0, 922.0)	(21.0, 1039.5)	(22.0, 1132.5)	(23.0, 1329.5)	(24.0, 1631.0)	(25.0, 1985.0)	(26.0, 2441.5)	(27.0, 3068.0)	(28.0, 3845.0)	(29.0, 4469.0)	(30.0, 5087.0)	(31.0, 6033.5)	(32.0, 7222.5)	(33.0, 8043.0)	(34.0, 9061.5)	(35.0, 11471.5)	(36.0, 15177.0)	(37.0, 20088.0)	(38.0, 23473.0)	(39.0, 23889.5)	(40.0, 23517.0)	(41.0, 24944.5)	(42.0, 28427.5)	(43.0, 30704.0)	(44.0, 32512.5)	(45.0, 34361.0)	(46.0, 34115.0)	(47.0, 33448.5)	(48.0, 30587.0)	(49.0, 27596.5)	(50.0, 27033.5)	(51.0, 25349.5)	(52.0, 22304.5)	(53.0, 20105.5)	(54.0, 21389.5)	(55.0, 22386.5)	(56.0, 19602.5)	(57.0, 16511.5)	(58.0, 15243.5)	(59.0, 15439.0)	(60.0, 17849.0)	(61.0, 20594.5)	(62.0, 19478.0)	(63.0, 16260.0)	(64.0, 15176.5)	(65.0, 13328.0)	(66.0, 9756.5)	(67.0, 7410.0)	(68.0, 6210.0)	(69.0, 5434.5)	(70.0, 4883.5)	(71.0, 4602.0)	(72.0, 4346.5)	(73.0, 3970.5)	(74.0, 3561.0)	(75.0, 3269.5)	(76.0, 3092.0)	(77.0, 3004.5)	(78.0, 2821.0)	(79.0, 2669.5)	(80.0, 2546.5)	(81.0, 2382.5)	(82.0, 2306.5)	(83.0, 2291.0)	(84.0, 2288.0)	(85.0, 2272.0)	(86.0, 2478.0)	(87.0, 2861.0)	(88.0, 3129.0)	(89.0, 3163.5)	(90.0, 2823.0)	(91.0, 2186.0)	(92.0, 1613.5)	(93.0, 1174.0)	(94.0, 940.0)	(95.0, 909.0)	(96.0, 941.0)	(97.0, 1070.5)	(98.0, 1223.0)	(99.0, 1505.5)	(100.0, 7566.5)
SRR20277649_1	(0.0, 323316.0)	(1.0, 182675.5)	(2.0, 28991.5)	(3.0, 13074.0)	(4.0, 10610.0)	(5.0, 8773.0)	(6.0, 4720.5)	(7.0, 2411.5)	(8.0, 1612.0)	(9.0, 1189.5)	(10.0, 955.0)	(11.0, 775.0)	(12.0, 665.5)	(13.0, 567.0)	(14.0, 470.0)	(15.0, 433.0)	(16.0, 436.5)	(17.0, 418.0)	(18.0, 441.0)	(19.0, 493.0)	(20.0, 549.0)	(21.0, 696.5)	(22.0, 868.5)	(23.0, 1091.0)	(24.0, 1428.0)	(25.0, 1798.0)	(26.0, 2258.5)	(27.0, 2874.0)	(28.0, 3516.5)	(29.0, 4230.0)	(30.0, 4944.5)	(31.0, 5649.5)	(32.0, 6520.5)	(33.0, 7504.0)	(34.0, 8366.0)	(35.0, 9535.0)	(36.0, 11073.5)	(37.0, 13346.5)	(38.0, 16159.5)	(39.0, 18332.5)	(40.0, 22676.0)	(41.0, 30226.0)	(42.0, 34845.0)	(43.0, 32121.0)	(44.0, 30434.0)	(45.0, 33925.5)	(46.0, 36738.0)	(47.0, 34472.0)	(48.0, 31946.0)	(49.0, 32457.0)	(50.0, 31339.5)	(51.0, 28937.0)	(52.0, 25529.0)	(53.0, 20826.5)	(54.0, 17110.0)	(55.0, 15568.5)	(56.0, 15750.5)	(57.0, 16562.0)	(58.0, 16455.0)	(59.0, 16606.5)	(60.0, 18858.0)	(61.0, 19765.5)	(62.0, 18369.0)	(63.0, 14643.5)	(64.0, 9456.5)	(65.0, 6795.0)	(66.0, 6075.0)	(67.0, 5949.5)	(68.0, 5357.5)	(69.0, 4677.5)	(70.0, 4447.0)	(71.0, 4380.5)	(72.0, 4171.5)	(73.0, 3862.5)	(74.0, 3510.0)	(75.0, 3294.5)	(76.0, 3542.0)	(77.0, 3809.5)	(78.0, 3682.0)	(79.0, 3710.5)	(80.0, 4139.5)	(81.0, 4625.0)	(82.0, 4503.0)	(83.0, 3863.5)	(84.0, 3381.5)	(85.0, 3134.5)	(86.0, 3088.5)	(87.0, 3174.0)	(88.0, 3156.5)	(89.0, 2904.0)	(90.0, 2373.0)	(91.0, 1749.0)	(92.0, 1299.0)	(93.0, 877.5)	(94.0, 596.5)	(95.0, 511.0)	(96.0, 413.0)	(97.0, 451.5)	(98.0, 550.0)	(99.0, 482.5)	(100.0, 235.5)
SRR20277649_2	(0.0, 286031.0)	(1.0, 150587.5)	(2.0, 13630.0)	(3.0, 9885.5)	(4.0, 7624.0)	(5.0, 11778.0)	(6.0, 23448.0)	(7.0, 19215.0)	(8.0, 5577.5)	(9.0, 2991.5)	(10.0, 1980.5)	(11.0, 1473.5)	(12.0, 1198.0)	(13.0, 992.0)	(14.0, 839.5)	(15.0, 733.5)	(16.0, 700.0)	(17.0, 671.5)	(18.0, 652.0)	(19.0, 735.0)	(20.0, 851.5)	(21.0, 972.5)	(22.0, 1118.0)	(23.0, 1287.0)	(24.0, 1564.5)	(25.0, 1985.5)	(26.0, 2385.0)	(27.0, 2944.5)	(28.0, 3712.0)	(29.0, 4315.5)	(30.0, 4930.5)	(31.0, 5853.5)	(32.0, 6999.5)	(33.0, 7819.0)	(34.0, 8932.0)	(35.0, 11283.5)	(36.0, 14746.5)	(37.0, 19520.5)	(38.0, 23063.0)	(39.0, 23303.0)	(40.0, 23111.5)	(41.0, 24975.5)	(42.0, 27875.0)	(43.0, 29738.5)	(44.0, 31711.0)	(45.0, 33318.5)	(46.0, 33034.5)	(47.0, 32692.5)	(48.0, 29930.0)	(49.0, 27073.0)	(50.0, 26403.5)	(51.0, 24625.5)	(52.0, 21599.5)	(53.0, 19512.0)	(54.0, 21057.0)	(55.0, 21775.5)	(56.0, 18647.5)	(57.0, 15717.5)	(58.0, 14717.5)	(59.0, 15178.0)	(60.0, 17949.5)	(61.0, 20630.0)	(62.0, 18962.5)	(63.0, 15877.0)	(64.0, 15034.0)	(65.0, 12816.5)	(66.0, 9163.5)	(67.0, 7017.5)	(68.0, 5864.0)	(69.0, 5160.0)	(70.0, 4647.0)	(71.0, 4354.5)	(72.0, 4051.0)	(73.0, 3614.0)	(74.0, 3192.5)	(75.0, 2952.0)	(76.0, 2854.0)	(77.0, 2716.5)	(78.0, 2536.5)	(79.0, 2380.0)	(80.0, 2233.0)	(81.0, 2141.0)	(82.0, 2134.0)	(83.0, 2053.5)	(84.0, 1956.5)	(85.0, 1990.5)	(86.0, 2258.0)	(87.0, 2600.5)	(88.0, 2755.5)	(89.0, 2711.0)	(90.0, 2437.5)	(91.0, 1925.0)	(92.0, 1434.0)	(93.0, 1038.5)	(94.0, 790.5)	(95.0, 771.0)	(96.0, 813.5)	(97.0, 943.0)	(98.0, 1125.5)	(99.0, 1367.0)	(100.0, 6639.0)
SRR20277650_1	(0.0, 322631.0)	(1.0, 182273.0)	(2.0, 29021.0)	(3.0, 13433.5)	(4.0, 11320.0)	(5.0, 9505.5)	(6.0, 5173.5)	(7.0, 2694.5)	(8.0, 1862.0)	(9.0, 1426.0)	(10.0, 1134.0)	(11.0, 891.0)	(12.0, 733.0)	(13.0, 617.5)	(14.0, 516.0)	(15.0, 470.0)	(16.0, 471.0)	(17.0, 427.5)	(18.0, 416.0)	(19.0, 513.5)	(20.0, 646.0)	(21.0, 756.0)	(22.0, 886.5)	(23.0, 1119.0)	(24.0, 1454.0)	(25.0, 1859.5)	(26.0, 2346.5)	(27.0, 2899.0)	(28.0, 3640.0)	(29.0, 4437.5)	(30.0, 5163.0)	(31.0, 5942.5)	(32.0, 6858.5)	(33.0, 7801.5)	(34.0, 8633.5)	(35.0, 9944.0)	(36.0, 11503.5)	(37.0, 13719.0)	(38.0, 16713.0)	(39.0, 19228.0)	(40.0, 23749.0)	(41.0, 31639.5)	(42.0, 36178.0)	(43.0, 33383.5)	(44.0, 31983.0)	(45.0, 35162.0)	(46.0, 37633.0)	(47.0, 35593.5)	(48.0, 33230.0)	(49.0, 33742.5)	(50.0, 32544.0)	(51.0, 29864.5)	(52.0, 26184.0)	(53.0, 21197.0)	(54.0, 17447.5)	(55.0, 16226.0)	(56.0, 16441.5)	(57.0, 17134.0)	(58.0, 16996.0)	(59.0, 16994.0)	(60.0, 19361.0)	(61.0, 20490.0)	(62.0, 19150.5)	(63.0, 15264.0)	(64.0, 9855.0)	(65.0, 7089.5)	(66.0, 6179.0)	(67.0, 5943.5)	(68.0, 5437.5)	(69.0, 4709.5)	(70.0, 4341.0)	(71.0, 4136.0)	(72.0, 3898.0)	(73.0, 3608.0)	(74.0, 3376.0)	(75.0, 3220.5)	(76.0, 3334.0)	(77.0, 3570.5)	(78.0, 3420.5)	(79.0, 3419.5)	(80.0, 3859.5)	(81.0, 4299.5)	(82.0, 4296.5)	(83.0, 3800.0)	(84.0, 3302.0)	(85.0, 2979.5)	(86.0, 2893.0)	(87.0, 3047.5)	(88.0, 3111.5)	(89.0, 2968.5)	(90.0, 2550.5)	(91.0, 1909.0)	(92.0, 1357.5)	(93.0, 875.5)	(94.0, 590.0)	(95.0, 505.0)	(96.0, 459.5)	(97.0, 492.5)	(98.0, 602.0)	(99.0, 582.5)	(100.0, 287.5)
SRR20277650_2	(0.0, 281643.0)	(1.0, 148634.5)	(2.0, 14203.0)	(3.0, 10533.5)	(4.0, 8320.0)	(5.0, 13080.5)	(6.0, 25719.0)	(7.0, 20694.5)	(8.0, 5784.5)	(9.0, 3104.5)	(10.0, 2039.0)	(11.0, 1490.5)	(12.0, 1205.5)	(13.0, 1022.5)	(14.0, 857.5)	(15.0, 738.0)	(16.0, 689.0)	(17.0, 680.5)	(18.0, 667.5)	(19.0, 704.5)	(20.0, 822.0)	(21.0, 938.5)	(22.0, 1045.0)	(23.0, 1236.0)	(24.0, 1561.5)	(25.0, 1937.5)	(26.0, 2406.5)	(27.0, 3050.0)	(28.0, 3745.0)	(29.0, 4378.0)	(30.0, 5082.0)	(31.0, 6031.0)	(32.0, 7228.0)	(33.0, 8144.5)	(34.0, 9263.5)	(35.0, 11589.0)	(36.0, 15251.0)	(37.0, 20318.0)	(38.0, 23887.5)	(39.0, 24237.5)	(40.0, 23819.0)	(41.0, 25357.5)	(42.0, 28799.0)	(43.0, 30973.0)	(44.0, 32831.0)	(45.0, 34532.0)	(46.0, 34331.5)	(47.0, 33983.5)	(48.0, 30869.0)	(49.0, 27725.0)	(50.0, 27380.5)	(51.0, 25825.5)	(52.0, 22515.5)	(53.0, 20318.0)	(54.0, 21918.0)	(55.0, 22620.5)	(56.0, 19381.0)	(57.0, 16221.5)	(58.0, 15253.5)	(59.0, 15706.5)	(60.0, 18318.0)	(61.0, 20846.5)	(62.0, 19452.5)	(63.0, 16482.5)	(64.0, 15328.5)	(65.0, 13042.0)	(66.0, 9384.0)	(67.0, 7187.0)	(68.0, 5981.5)	(69.0, 5235.5)	(70.0, 4612.0)	(71.0, 4184.5)	(72.0, 3967.0)	(73.0, 3627.0)	(74.0, 3157.5)	(75.0, 2846.5)	(76.0, 2631.5)	(77.0, 2506.0)	(78.0, 2377.5)	(79.0, 2253.0)	(80.0, 2183.5)	(81.0, 2079.0)	(82.0, 1942.5)	(83.0, 1842.5)	(84.0, 1829.0)	(85.0, 1861.0)	(86.0, 2076.5)	(87.0, 2408.5)	(88.0, 2598.5)	(89.0, 2699.0)	(90.0, 2551.0)	(91.0, 2030.0)	(92.0, 1497.5)	(93.0, 1083.5)	(94.0, 844.0)	(95.0, 790.5)	(96.0, 830.5)	(97.0, 943.0)	(98.0, 1090.5)	(99.0, 1449.5)	(100.0, 7020.5)
SRR20277651_1	(0.0, 317541.0)	(1.0, 178081.5)	(2.0, 26817.0)	(3.0, 12436.0)	(4.0, 10505.5)	(5.0, 8661.5)	(6.0, 4453.0)	(7.0, 2264.0)	(8.0, 1579.5)	(9.0, 1200.5)	(10.0, 920.5)	(11.0, 745.0)	(12.0, 625.0)	(13.0, 532.0)	(14.0, 491.5)	(15.0, 452.5)	(16.0, 437.5)	(17.0, 416.0)	(18.0, 426.5)	(19.0, 496.0)	(20.0, 571.0)	(21.0, 713.0)	(22.0, 862.0)	(23.0, 1072.5)	(24.0, 1429.5)	(25.0, 1782.5)	(26.0, 2246.0)	(27.0, 2825.5)	(28.0, 3565.0)	(29.0, 4377.0)	(30.0, 5103.0)	(31.0, 5863.5)	(32.0, 6790.0)	(33.0, 7640.0)	(34.0, 8466.5)	(35.0, 9833.0)	(36.0, 11249.0)	(37.0, 13634.0)	(38.0, 16604.5)	(39.0, 18750.0)	(40.0, 23220.5)	(41.0, 31055.5)	(42.0, 35796.0)	(43.0, 32772.5)	(44.0, 31026.0)	(45.0, 34319.0)	(46.0, 36862.5)	(47.0, 34707.0)	(48.0, 32357.5)	(49.0, 32850.0)	(50.0, 31627.5)	(51.0, 29436.0)	(52.0, 25779.0)	(53.0, 20522.0)	(54.0, 16860.0)	(55.0, 15812.0)	(56.0, 16067.5)	(57.0, 16745.5)	(58.0, 16432.0)	(59.0, 16590.5)	(60.0, 19068.5)	(61.0, 19871.0)	(62.0, 18427.5)	(63.0, 14712.0)	(64.0, 9466.5)	(65.0, 6792.5)	(66.0, 6064.0)	(67.0, 5882.0)	(68.0, 5296.5)	(69.0, 4530.5)	(70.0, 4296.0)	(71.0, 4232.0)	(72.0, 4003.0)	(73.0, 3750.0)	(74.0, 3377.5)	(75.0, 3172.0)	(76.0, 3402.0)	(77.0, 3659.5)	(78.0, 3508.0)	(79.0, 3510.0)	(80.0, 3986.0)	(81.0, 4470.0)	(82.0, 4306.0)	(83.0, 3664.0)	(84.0, 3275.0)	(85.0, 3066.5)	(86.0, 2942.5)	(87.0, 2982.0)	(88.0, 2952.5)	(89.0, 2774.0)	(90.0, 2371.0)	(91.0, 1683.0)	(92.0, 1156.5)	(93.0, 781.0)	(94.0, 538.0)	(95.0, 458.5)	(96.0, 392.0)	(97.0, 435.0)	(98.0, 517.0)	(99.0, 470.0)	(100.0, 231.5)
SRR20277651_2	(0.0, 279429.0)	(1.0, 147481.0)	(2.0, 13844.0)	(3.0, 9801.0)	(4.0, 7442.5)	(5.0, 11582.5)	(6.0, 22967.0)	(7.0, 18571.0)	(8.0, 5111.5)	(9.0, 2667.5)	(10.0, 1787.0)	(11.0, 1410.0)	(12.0, 1155.5)	(13.0, 906.5)	(14.0, 758.0)	(15.0, 697.5)	(16.0, 652.0)	(17.0, 617.5)	(18.0, 659.0)	(19.0, 734.5)	(20.0, 809.5)	(21.0, 920.5)	(22.0, 1029.5)	(23.0, 1201.0)	(24.0, 1575.5)	(25.0, 1988.0)	(26.0, 2392.0)	(27.0, 3038.5)	(28.0, 3746.5)	(29.0, 4306.0)	(30.0, 4996.5)	(31.0, 5966.5)	(32.0, 7213.0)	(33.0, 8077.0)	(34.0, 9169.5)	(35.0, 11549.5)	(36.0, 15166.0)	(37.0, 20132.5)	(38.0, 23697.0)	(39.0, 23728.0)	(40.0, 23113.5)	(41.0, 25007.5)	(42.0, 28367.5)	(43.0, 30396.0)	(44.0, 32233.0)	(45.0, 33938.5)	(46.0, 33720.0)	(47.0, 33187.5)	(48.0, 30070.5)	(49.0, 26988.0)	(50.0, 26721.5)	(51.0, 25159.0)	(52.0, 21991.0)	(53.0, 19996.5)	(54.0, 21436.0)	(55.0, 21885.0)	(56.0, 18815.5)	(57.0, 15987.0)	(58.0, 14872.5)	(59.0, 15239.0)	(60.0, 17706.0)	(61.0, 20012.5)	(62.0, 18559.5)	(63.0, 15745.5)	(64.0, 14899.0)	(65.0, 12661.5)	(66.0, 9034.0)	(67.0, 6903.5)	(68.0, 5715.0)	(69.0, 5027.5)	(70.0, 4541.5)	(71.0, 4244.5)	(72.0, 3949.5)	(73.0, 3558.5)	(74.0, 3183.0)	(75.0, 2894.0)	(76.0, 2741.0)	(77.0, 2636.0)	(78.0, 2462.0)	(79.0, 2303.0)	(80.0, 2208.5)	(81.0, 2120.5)	(82.0, 1996.0)	(83.0, 1901.0)	(84.0, 1908.0)	(85.0, 1940.0)	(86.0, 2107.5)	(87.0, 2439.0)	(88.0, 2653.0)	(89.0, 2651.0)	(90.0, 2416.0)	(91.0, 1860.0)	(92.0, 1334.0)	(93.0, 975.5)	(94.0, 781.5)	(95.0, 752.0)	(96.0, 763.0)	(97.0, 846.0)	(98.0, 987.5)	(99.0, 1296.5)	(100.0, 6319.5)
SRR20277652_1	(0.0, 34996.0)	(1.0, 24614.0)	(2.0, 8437.5)	(3.0, 2508.0)	(4.0, 2958.0)	(5.0, 2969.5)	(6.0, 1742.5)	(7.0, 941.5)	(8.0, 744.0)	(9.0, 615.0)	(10.0, 521.0)	(11.0, 486.0)	(12.0, 495.0)	(13.0, 541.0)	(14.0, 643.0)	(15.0, 923.5)	(16.0, 1361.0)	(17.0, 2033.5)	(18.0, 3188.5)	(19.0, 4914.0)	(20.0, 7605.5)	(21.0, 11757.5)	(22.0, 17441.5)	(23.0, 25167.5)	(24.0, 35504.0)	(25.0, 48765.0)	(26.0, 65338.5)	(27.0, 84750.5)	(28.0, 107203.0)	(29.0, 131727.0)	(30.0, 156225.0)	(31.0, 181179.0)	(32.0, 205934.0)	(33.0, 226826.0)	(34.0, 243950.0)	(35.0, 257991.5)	(36.0, 270142.5)	(37.0, 278429.5)	(38.0, 280562.5)	(39.0, 279923.5)	(40.0, 277971.5)	(41.0, 274810.0)	(42.0, 268482.5)	(43.0, 258122.0)	(44.0, 246353.5)	(45.0, 236327.0)	(46.0, 228239.5)	(47.0, 219458.5)	(48.0, 209986.0)	(49.0, 202311.5)	(50.0, 198270.5)	(51.0, 194429.0)	(52.0, 184598.0)	(53.0, 170674.0)	(54.0, 158930.5)	(55.0, 152119.5)	(56.0, 145164.0)	(57.0, 136647.0)	(58.0, 126740.5)	(59.0, 117539.5)	(60.0, 112265.0)	(61.0, 105150.5)	(62.0, 97043.0)	(63.0, 85863.0)	(64.0, 70074.0)	(65.0, 57656.0)	(66.0, 51077.5)	(67.0, 47007.0)	(68.0, 38995.0)	(69.0, 28786.5)	(70.0, 22461.5)	(71.0, 18466.0)	(72.0, 15018.0)	(73.0, 12170.0)	(74.0, 9826.0)	(75.0, 8034.0)	(76.0, 7224.0)	(77.0, 6682.5)	(78.0, 6145.0)	(79.0, 5523.5)	(80.0, 5090.0)	(81.0, 5594.5)	(82.0, 4963.5)	(83.0, 3106.5)	(84.0, 1893.5)	(85.0, 1513.0)	(86.0, 1442.0)	(87.0, 1248.0)	(88.0, 965.5)	(89.0, 721.5)	(90.0, 515.0)	(91.0, 378.5)	(92.0, 303.0)	(93.0, 240.0)	(94.0, 205.0)	(95.0, 159.5)	(96.0, 183.5)	(97.0, 217.5)	(98.0, 207.5)	(99.0, 166.5)	(100.0, 70.5)
SRR20277652_2	(0.0, 32016.0)	(1.0, 17461.5)	(2.0, 2395.0)	(3.0, 1760.5)	(4.0, 2050.0)	(5.0, 4198.5)	(6.0, 8285.0)	(7.0, 6729.0)	(8.0, 2256.0)	(9.0, 1491.0)	(10.0, 1270.5)	(11.0, 1231.0)	(12.0, 1229.5)	(13.0, 1335.5)	(14.0, 1518.5)	(15.0, 1809.5)	(16.0, 2378.5)	(17.0, 3217.5)	(18.0, 4412.0)	(19.0, 6458.0)	(20.0, 9421.5)	(21.0, 13602.0)	(22.0, 19751.0)	(23.0, 28123.5)	(24.0, 39131.0)	(25.0, 53342.5)	(26.0, 70937.5)	(27.0, 91990.0)	(28.0, 115302.0)	(29.0, 139449.5)	(30.0, 163616.0)	(31.0, 187236.5)	(32.0, 210163.0)	(33.0, 229389.0)	(34.0, 243381.0)	(35.0, 254928.5)	(36.0, 264192.0)	(37.0, 270026.0)	(38.0, 272633.0)	(39.0, 271984.0)	(40.0, 268318.0)	(41.0, 262230.5)	(42.0, 253747.0)	(43.0, 245229.5)	(44.0, 237756.5)	(45.0, 229205.0)	(46.0, 221146.5)	(47.0, 215361.5)	(48.0, 207975.0)	(49.0, 198976.5)	(50.0, 190560.0)	(51.0, 182181.5)	(52.0, 173219.5)	(53.0, 166329.5)	(54.0, 160946.0)	(55.0, 153275.5)	(56.0, 145074.5)	(57.0, 138656.0)	(58.0, 130746.0)	(59.0, 120973.0)	(60.0, 114552.5)	(61.0, 109784.0)	(62.0, 103374.0)	(63.0, 95082.0)	(64.0, 82540.0)	(65.0, 67119.5)	(66.0, 54878.5)	(67.0, 45572.0)	(68.0, 37655.5)	(69.0, 30854.0)	(70.0, 25031.5)	(71.0, 20460.5)	(72.0, 16718.5)	(73.0, 13658.5)	(74.0, 11550.0)	(75.0, 10129.0)	(76.0, 9582.0)	(77.0, 9066.5)	(78.0, 7430.5)	(79.0, 5508.5)	(80.0, 4225.0)	(81.0, 3500.5)	(82.0, 2772.0)	(83.0, 2177.0)	(84.0, 1786.5)	(85.0, 1529.0)	(86.0, 1391.0)	(87.0, 1335.0)	(88.0, 1283.5)	(89.0, 1229.0)	(90.0, 1133.5)	(91.0, 996.0)	(92.0, 914.0)	(93.0, 918.5)	(94.0, 899.5)	(95.0, 913.0)	(96.0, 1027.0)	(97.0, 1243.0)	(98.0, 1457.0)	(99.0, 1438.0)	(100.0, 2573.5)
SRR20277653_1	(0.0, 33689.0)	(1.0, 23367.0)	(2.0, 7779.0)	(3.0, 2337.5)	(4.0, 2790.0)	(5.0, 2905.0)	(6.0, 1721.5)	(7.0, 884.0)	(8.0, 670.5)	(9.0, 584.0)	(10.0, 521.0)	(11.0, 475.0)	(12.0, 470.5)	(13.0, 535.0)	(14.0, 628.5)	(15.0, 875.5)	(16.0, 1341.5)	(17.0, 2057.5)	(18.0, 3155.5)	(19.0, 4736.0)	(20.0, 7361.5)	(21.0, 11445.5)	(22.0, 16989.0)	(23.0, 24368.0)	(24.0, 34300.5)	(25.0, 47326.5)	(26.0, 63574.5)	(27.0, 82547.0)	(28.0, 104691.0)	(29.0, 128733.0)	(30.0, 152874.5)	(31.0, 176926.5)	(32.0, 200599.5)	(33.0, 221594.5)	(34.0, 238137.5)	(35.0, 252220.0)	(36.0, 264181.0)	(37.0, 272100.0)	(38.0, 274831.5)	(39.0, 274120.0)	(40.0, 271250.0)	(41.0, 267538.0)	(42.0, 262072.5)	(43.0, 252136.0)	(44.0, 240409.5)	(45.0, 231074.0)	(46.0, 223294.5)	(47.0, 214398.0)	(48.0, 205994.0)	(49.0, 199709.0)	(50.0, 195099.0)	(51.0, 190834.0)	(52.0, 181065.0)	(53.0, 166597.0)	(54.0, 155258.5)	(55.0, 149258.5)	(56.0, 142460.0)	(57.0, 133158.5)	(58.0, 123233.0)	(59.0, 115299.0)	(60.0, 110913.0)	(61.0, 103649.0)	(62.0, 95117.0)	(63.0, 84138.5)	(64.0, 68656.0)	(65.0, 56292.0)	(66.0, 50029.0)	(67.0, 46299.5)	(68.0, 38296.5)	(69.0, 27976.0)	(70.0, 21807.0)	(71.0, 17925.0)	(72.0, 14530.5)	(73.0, 11763.5)	(74.0, 9496.0)	(75.0, 7832.0)	(76.0, 7088.5)	(77.0, 6515.5)	(78.0, 5904.5)	(79.0, 5325.5)	(80.0, 5000.5)	(81.0, 5469.5)	(82.0, 4831.5)	(83.0, 3001.5)	(84.0, 1740.0)	(85.0, 1360.0)	(86.0, 1315.5)	(87.0, 1171.5)	(88.0, 913.5)	(89.0, 658.0)	(90.0, 474.5)	(91.0, 333.0)	(92.0, 257.0)	(93.0, 224.5)	(94.0, 194.0)	(95.0, 151.5)	(96.0, 116.0)	(97.0, 123.5)	(98.0, 148.0)	(99.0, 132.5)	(100.0, 62.5)
SRR20277653_2	(0.0, 29834.0)	(1.0, 16292.5)	(2.0, 2202.0)	(3.0, 1544.5)	(4.0, 1906.0)	(5.0, 4024.0)	(6.0, 7735.0)	(7.0, 6327.5)	(8.0, 2221.5)	(9.0, 1416.0)	(10.0, 1235.0)	(11.0, 1175.5)	(12.0, 1182.0)	(13.0, 1282.0)	(14.0, 1482.5)	(15.0, 1817.0)	(16.0, 2338.0)	(17.0, 3137.0)	(18.0, 4282.0)	(19.0, 6079.5)	(20.0, 9061.0)	(21.0, 13404.0)	(22.0, 19391.5)	(23.0, 27605.0)	(24.0, 38454.0)	(25.0, 52619.5)	(26.0, 70104.0)	(27.0, 90671.5)	(28.0, 113282.5)	(29.0, 137256.0)	(30.0, 161162.5)	(31.0, 184080.5)	(32.0, 205819.5)	(33.0, 223998.0)	(34.0, 237861.0)	(35.0, 248757.5)	(36.0, 257313.0)	(37.0, 262530.0)	(38.0, 265369.5)	(39.0, 265894.0)	(40.0, 262785.5)	(41.0, 257020.0)	(42.0, 248681.0)	(43.0, 240430.0)	(44.0, 232288.0)	(45.0, 223889.5)	(46.0, 216986.0)	(47.0, 210523.0)	(48.0, 203099.0)	(49.0, 195250.0)	(50.0, 186514.5)	(51.0, 177142.5)	(52.0, 168646.5)	(53.0, 162669.0)	(54.0, 157661.5)	(55.0, 150126.0)	(56.0, 142096.5)	(57.0, 135866.5)	(58.0, 127491.0)	(59.0, 118171.5)	(60.0, 112513.5)	(61.0, 107384.0)	(62.0, 101032.0)	(63.0, 93004.0)	(64.0, 80512.5)	(65.0, 65364.0)	(66.0, 53596.0)	(67.0, 44568.5)	(68.0, 36675.5)	(69.0, 29692.0)	(70.0, 24010.5)	(71.0, 19877.0)	(72.0, 16222.5)	(73.0, 13163.0)	(74.0, 11080.5)	(75.0, 9822.0)	(76.0, 9407.5)	(77.0, 9018.5)	(78.0, 7345.0)	(79.0, 5241.0)	(80.0, 4085.5)	(81.0, 3434.0)	(82.0, 2694.5)	(83.0, 2042.0)	(84.0, 1598.5)	(85.0, 1435.5)	(86.0, 1361.0)	(87.0, 1299.0)	(88.0, 1233.0)	(89.0, 1142.5)	(90.0, 1046.0)	(91.0, 955.5)	(92.0, 888.0)	(93.0, 865.0)	(94.0, 854.0)	(95.0, 876.0)	(96.0, 996.0)	(97.0, 1219.5)	(98.0, 1472.5)	(99.0, 1493.0)	(100.0, 2668.0)
SRR20277654_1	(0.0, 35008.0)	(1.0, 23798.5)	(2.0, 7590.5)	(3.0, 2457.5)	(4.0, 2963.5)	(5.0, 2999.5)	(6.0, 1769.5)	(7.0, 998.5)	(8.0, 767.0)	(9.0, 633.0)	(10.0, 534.0)	(11.0, 481.5)	(12.0, 479.0)	(13.0, 551.5)	(14.0, 702.0)	(15.0, 930.5)	(16.0, 1316.5)	(17.0, 2025.5)	(18.0, 3152.5)	(19.0, 4897.0)	(20.0, 7759.5)	(21.0, 11903.5)	(22.0, 17544.5)	(23.0, 25303.0)	(24.0, 35426.5)	(25.0, 48491.0)	(26.0, 65789.5)	(27.0, 86028.0)	(28.0, 108037.0)	(29.0, 132144.0)	(30.0, 157254.5)	(31.0, 182697.0)	(32.0, 207176.0)	(33.0, 227557.0)	(34.0, 244378.5)	(35.0, 259117.5)	(36.0, 272028.5)	(37.0, 280706.5)	(38.0, 283435.0)	(39.0, 282586.0)	(40.0, 279540.5)	(41.0, 275998.5)	(42.0, 270571.5)	(43.0, 259709.0)	(44.0, 247485.0)	(45.0, 238349.0)	(46.0, 229702.0)	(47.0, 220598.5)	(48.0, 212232.0)	(49.0, 204710.5)	(50.0, 200466.5)	(51.0, 197302.0)	(52.0, 186822.0)	(53.0, 171766.0)	(54.0, 160142.5)	(55.0, 154155.0)	(56.0, 147663.0)	(57.0, 138013.5)	(58.0, 127325.5)	(59.0, 118671.0)	(60.0, 113685.0)	(61.0, 106427.0)	(62.0, 98095.5)	(63.0, 86699.5)	(64.0, 70933.5)	(65.0, 58084.5)	(66.0, 51156.0)	(67.0, 47548.0)	(68.0, 39554.0)	(69.0, 28857.0)	(70.0, 22286.5)	(71.0, 18190.5)	(72.0, 14666.0)	(73.0, 11708.0)	(74.0, 9441.5)	(75.0, 7809.0)	(76.0, 6985.5)	(77.0, 6512.0)	(78.0, 5975.0)	(79.0, 5402.5)	(80.0, 5059.5)	(81.0, 5416.0)	(82.0, 4748.0)	(83.0, 2959.0)	(84.0, 1725.0)	(85.0, 1337.0)	(86.0, 1299.0)	(87.0, 1156.5)	(88.0, 901.5)	(89.0, 669.0)	(90.0, 483.5)	(91.0, 342.0)	(92.0, 267.0)	(93.0, 229.5)	(94.0, 196.5)	(95.0, 163.0)	(96.0, 164.5)	(97.0, 187.0)	(98.0, 184.5)	(99.0, 140.5)	(100.0, 60.5)
SRR20277654_2	(0.0, 29733.0)	(1.0, 16319.5)	(2.0, 2392.0)	(3.0, 1759.0)	(4.0, 2035.5)	(5.0, 4241.5)	(6.0, 8246.5)	(7.0, 6649.5)	(8.0, 2223.5)	(9.0, 1418.0)	(10.0, 1214.0)	(11.0, 1143.5)	(12.0, 1137.5)	(13.0, 1172.5)	(14.0, 1280.5)	(15.0, 1635.0)	(16.0, 2186.0)	(17.0, 2934.0)	(18.0, 4103.0)	(19.0, 6004.5)	(20.0, 8965.5)	(21.0, 13289.5)	(22.0, 19461.0)	(23.0, 27761.5)	(24.0, 38816.0)	(25.0, 53518.0)	(26.0, 71312.5)	(27.0, 91971.5)	(28.0, 115615.0)	(29.0, 140320.0)	(30.0, 165048.0)	(31.0, 189605.5)	(32.0, 212026.5)	(33.0, 230317.0)	(34.0, 244799.0)	(35.0, 256615.5)	(36.0, 265211.5)	(37.0, 270832.5)	(38.0, 273838.0)	(39.0, 273460.0)	(40.0, 270317.0)	(41.0, 265025.0)	(42.0, 256584.0)	(43.0, 247675.0)	(44.0, 239697.0)	(45.0, 231092.0)	(46.0, 223275.5)	(47.0, 217205.0)	(48.0, 209340.5)	(49.0, 200763.0)	(50.0, 193166.5)	(51.0, 184394.0)	(52.0, 174685.5)	(53.0, 167702.0)	(54.0, 162901.5)	(55.0, 155168.5)	(56.0, 146374.0)	(57.0, 140081.5)	(58.0, 132072.0)	(59.0, 122275.5)	(60.0, 115760.0)	(61.0, 110596.5)	(62.0, 104311.5)	(63.0, 96140.5)	(64.0, 83744.5)	(65.0, 67969.0)	(66.0, 55197.5)	(67.0, 45793.5)	(68.0, 37570.0)	(69.0, 30575.0)	(70.0, 24900.0)	(71.0, 20358.0)	(72.0, 16426.5)	(73.0, 13302.0)	(74.0, 11232.0)	(75.0, 9943.0)	(76.0, 9322.5)	(77.0, 8837.5)	(78.0, 7283.5)	(79.0, 5285.0)	(80.0, 4171.5)	(81.0, 3479.0)	(82.0, 2685.0)	(83.0, 2093.0)	(84.0, 1695.0)	(85.0, 1457.0)	(86.0, 1352.0)	(87.0, 1289.5)	(88.0, 1230.0)	(89.0, 1184.5)	(90.0, 1104.0)	(91.0, 1000.5)	(92.0, 910.0)	(93.0, 847.5)	(94.0, 845.0)	(95.0, 880.0)	(96.0, 991.0)	(97.0, 1216.5)	(98.0, 1427.5)	(99.0, 1418.0)	(100.0, 2613.5)
SRR20277655_1	(0.0, 33991.0)	(1.0, 22517.5)	(2.0, 6704.5)	(3.0, 2272.5)	(4.0, 2898.0)	(5.0, 2928.0)	(6.0, 1634.5)	(7.0, 878.0)	(8.0, 670.0)	(9.0, 551.5)	(10.0, 486.0)	(11.0, 471.5)	(12.0, 457.5)	(13.0, 498.0)	(14.0, 619.0)	(15.0, 861.5)	(16.0, 1313.5)	(17.0, 2081.0)	(18.0, 3207.0)	(19.0, 4947.0)	(20.0, 7646.5)	(21.0, 11632.5)	(22.0, 17183.0)	(23.0, 24730.5)	(24.0, 34813.0)	(25.0, 48204.0)	(26.0, 64799.0)	(27.0, 84289.0)	(28.0, 106669.5)	(29.0, 130574.0)	(30.0, 155264.0)	(31.0, 179974.5)	(32.0, 203803.0)	(33.0, 223919.5)	(34.0, 240629.5)	(35.0, 255547.5)	(36.0, 267862.0)	(37.0, 275345.0)	(38.0, 277584.0)	(39.0, 277008.0)	(40.0, 274213.0)	(41.0, 270244.5)	(42.0, 264525.0)	(43.0, 254778.5)	(44.0, 243146.5)	(45.0, 233685.5)	(46.0, 224970.5)	(47.0, 215670.5)	(48.0, 207896.5)	(49.0, 201474.5)	(50.0, 196472.5)	(51.0, 192277.0)	(52.0, 182568.0)	(53.0, 167955.5)	(54.0, 156372.5)	(55.0, 150130.0)	(56.0, 143574.5)	(57.0, 134383.0)	(58.0, 124232.0)	(59.0, 116185.5)	(60.0, 111100.0)	(61.0, 103987.5)	(62.0, 96127.0)	(63.0, 84864.0)	(64.0, 69053.0)	(65.0, 56631.5)	(66.0, 50235.5)	(67.0, 46373.0)	(68.0, 38152.5)	(69.0, 27946.0)	(70.0, 21708.5)	(71.0, 17859.0)	(72.0, 14608.5)	(73.0, 11655.5)	(74.0, 9381.5)	(75.0, 7653.0)	(76.0, 6767.0)	(77.0, 6307.0)	(78.0, 5886.0)	(79.0, 5310.0)	(80.0, 4897.0)	(81.0, 5286.5)	(82.0, 4632.5)	(83.0, 2925.0)	(84.0, 1769.0)	(85.0, 1431.5)	(86.0, 1383.0)	(87.0, 1185.5)	(88.0, 887.5)	(89.0, 636.0)	(90.0, 466.5)	(91.0, 333.5)	(92.0, 253.5)	(93.0, 210.0)	(94.0, 172.5)	(95.0, 141.0)	(96.0, 116.5)	(97.0, 120.0)	(98.0, 129.5)	(99.0, 111.0)	(100.0, 58.5)
SRR20277655_2	(0.0, 29231.0)	(1.0, 16004.5)	(2.0, 2227.0)	(3.0, 1491.5)	(4.0, 1779.0)	(5.0, 3884.5)	(6.0, 7435.0)	(7.0, 5913.0)	(8.0, 1950.0)	(9.0, 1304.0)	(10.0, 1145.5)	(11.0, 1093.5)	(12.0, 1055.5)	(13.0, 1111.5)	(14.0, 1312.0)	(15.0, 1641.5)	(16.0, 2155.0)	(17.0, 2902.0)	(18.0, 4032.5)	(19.0, 5923.0)	(20.0, 8869.0)	(21.0, 13211.0)	(22.0, 19152.0)	(23.0, 27515.0)	(24.0, 38865.0)	(25.0, 52945.0)	(26.0, 70485.5)	(27.0, 91598.5)	(28.0, 114883.5)	(29.0, 139165.5)	(30.0, 163022.5)	(31.0, 186818.0)	(32.0, 208856.0)	(33.0, 227040.5)	(34.0, 241140.5)	(35.0, 252705.5)	(36.0, 261236.0)	(37.0, 266125.5)	(38.0, 269014.5)	(39.0, 268931.5)	(40.0, 265788.5)	(41.0, 259424.5)	(42.0, 250578.0)	(43.0, 242449.0)	(44.0, 234635.5)	(45.0, 226355.0)	(46.0, 219466.0)	(47.0, 213133.0)	(48.0, 205157.5)	(49.0, 196444.5)	(50.0, 187938.0)	(51.0, 179138.5)	(52.0, 170160.0)	(53.0, 164084.0)	(54.0, 159120.0)	(55.0, 151072.0)	(56.0, 142965.5)	(57.0, 136656.5)	(58.0, 128574.0)	(59.0, 119227.0)	(60.0, 113214.5)	(61.0, 108386.0)	(62.0, 101914.0)	(63.0, 93749.5)	(64.0, 81031.5)	(65.0, 65282.5)	(66.0, 53465.5)	(67.0, 44567.0)	(68.0, 36574.0)	(69.0, 29655.0)	(70.0, 24156.5)	(71.0, 19864.0)	(72.0, 16058.0)	(73.0, 13084.5)	(74.0, 11085.5)	(75.0, 9840.0)	(76.0, 9359.0)	(77.0, 8811.5)	(78.0, 7146.0)	(79.0, 5215.0)	(80.0, 4006.5)	(81.0, 3334.5)	(82.0, 2561.5)	(83.0, 1961.5)	(84.0, 1592.5)	(85.0, 1382.5)	(86.0, 1285.5)	(87.0, 1238.0)	(88.0, 1192.0)	(89.0, 1077.5)	(90.0, 999.5)	(91.0, 966.5)	(92.0, 843.5)	(93.0, 781.0)	(94.0, 815.0)	(95.0, 866.5)	(96.0, 961.0)	(97.0, 1175.0)	(98.0, 1432.5)	(99.0, 1428.5)	(100.0, 2418.5)
SRR20277656_1	(0.0, 11351.0)	(1.0, 6929.0)	(2.0, 1466.0)	(3.0, 435.0)	(4.0, 606.5)	(5.0, 615.5)	(6.0, 381.0)	(7.0, 280.0)	(8.0, 258.0)	(9.0, 263.0)	(10.0, 286.0)	(11.0, 316.0)	(12.0, 399.0)	(13.0, 510.5)	(14.0, 738.5)	(15.0, 1124.5)	(16.0, 1648.5)	(17.0, 2566.5)	(18.0, 4080.0)	(19.0, 6289.5)	(20.0, 9667.5)	(21.0, 15015.0)	(22.0, 22402.0)	(23.0, 32145.0)	(24.0, 45166.5)	(25.0, 62521.5)	(26.0, 84025.0)	(27.0, 109128.0)	(28.0, 138624.5)	(29.0, 170371.0)	(30.0, 202919.0)	(31.0, 234824.0)	(32.0, 264566.5)	(33.0, 288952.0)	(34.0, 309104.0)	(35.0, 328270.0)	(36.0, 343381.0)	(37.0, 351792.0)	(38.0, 352574.5)	(39.0, 349419.5)	(40.0, 343940.0)	(41.0, 336103.5)	(42.0, 327474.5)	(43.0, 314897.5)	(44.0, 299489.5)	(45.0, 286468.0)	(46.0, 274849.0)	(47.0, 263020.5)	(48.0, 251348.0)	(49.0, 239562.0)	(50.0, 231795.0)	(51.0, 226702.0)	(52.0, 218553.5)	(53.0, 203533.0)	(54.0, 182916.5)	(55.0, 168239.0)	(56.0, 157842.0)	(57.0, 145781.5)	(58.0, 133550.5)	(59.0, 122618.0)	(60.0, 117339.0)	(61.0, 110824.5)	(62.0, 101299.5)	(63.0, 86600.0)	(64.0, 66465.0)	(65.0, 51834.0)	(66.0, 44859.5)	(67.0, 41865.5)	(68.0, 33780.0)	(69.0, 23171.0)	(70.0, 16839.5)	(71.0, 13141.5)	(72.0, 10157.0)	(73.0, 7824.5)	(74.0, 6252.5)	(75.0, 5056.5)	(76.0, 4280.0)	(77.0, 3697.0)	(78.0, 3326.0)	(79.0, 3207.0)	(80.0, 3284.0)	(81.0, 3605.0)	(82.0, 3191.5)	(83.0, 2009.0)	(84.0, 1254.5)	(85.0, 1126.0)	(86.0, 1083.5)	(87.0, 805.0)	(88.0, 528.0)	(89.0, 362.0)	(90.0, 267.0)	(91.0, 202.5)	(92.0, 165.5)	(93.0, 110.5)	(94.0, 69.5)	(95.0, 71.5)	(96.0, 138.5)	(97.0, 165.0)	(98.0, 119.5)	(99.0, 84.0)	(100.0, 32.0)
SRR20277656_2	(0.0, 11601.0)	(1.0, 6107.5)	(2.0, 588.0)	(3.0, 566.0)	(4.0, 675.5)	(5.0, 1138.5)	(6.0, 2017.5)	(7.0, 1692.0)	(8.0, 782.5)	(9.0, 710.0)	(10.0, 763.5)	(11.0, 913.0)	(12.0, 1106.5)	(13.0, 1348.0)	(14.0, 1702.5)	(15.0, 2253.5)	(16.0, 3041.5)	(17.0, 4052.5)	(18.0, 5608.0)	(19.0, 8007.0)	(20.0, 11734.5)	(21.0, 17353.0)	(22.0, 25177.0)	(23.0, 36089.0)	(24.0, 50495.0)	(25.0, 68977.5)	(26.0, 92092.0)	(27.0, 119096.5)	(28.0, 149241.5)	(29.0, 180694.5)	(30.0, 212464.5)	(31.0, 242437.0)	(32.0, 269813.0)	(33.0, 292519.5)	(34.0, 309899.0)	(35.0, 324548.0)	(36.0, 334448.5)	(37.0, 340174.0)	(38.0, 341206.0)	(39.0, 338284.5)	(40.0, 332810.0)	(41.0, 323632.0)	(42.0, 312240.5)	(43.0, 300525.5)	(44.0, 288809.0)	(45.0, 277617.0)	(46.0, 266707.5)	(47.0, 255637.0)	(48.0, 244504.0)	(49.0, 233661.5)	(50.0, 223761.0)	(51.0, 213072.0)	(52.0, 201603.5)	(53.0, 197836.5)	(54.0, 193658.5)	(55.0, 178281.0)	(56.0, 161957.5)	(57.0, 150033.0)	(58.0, 138119.0)	(59.0, 125862.5)	(60.0, 118445.5)	(61.0, 113822.5)	(62.0, 105672.5)	(63.0, 94523.5)	(64.0, 80062.0)	(65.0, 62421.0)	(66.0, 48886.0)	(67.0, 39642.0)	(68.0, 31576.5)	(69.0, 24723.5)	(70.0, 19519.5)	(71.0, 15478.0)	(72.0, 12103.5)	(73.0, 9513.0)	(74.0, 7654.5)	(75.0, 6507.5)	(76.0, 5751.5)	(77.0, 5041.0)	(78.0, 4097.0)	(79.0, 3012.0)	(80.0, 2185.5)	(81.0, 1811.0)	(82.0, 1494.0)	(83.0, 1271.5)	(84.0, 1121.5)	(85.0, 1029.5)	(86.0, 993.0)	(87.0, 959.0)	(88.0, 939.5)	(89.0, 889.0)	(90.0, 834.5)	(91.0, 785.5)	(92.0, 729.5)	(93.0, 718.0)	(94.0, 747.0)	(95.0, 758.5)	(96.0, 852.0)	(97.0, 1032.0)	(98.0, 1218.5)	(99.0, 1217.0)	(100.0, 2220.5)
SRR20277657_1	(0.0, 10709.0)	(1.0, 6527.0)	(2.0, 1375.5)	(3.0, 393.5)	(4.0, 564.5)	(5.0, 597.5)	(6.0, 373.5)	(7.0, 267.5)	(8.0, 251.5)	(9.0, 262.0)	(10.0, 288.5)	(11.0, 336.5)	(12.0, 397.0)	(13.0, 528.0)	(14.0, 740.5)	(15.0, 1114.0)	(16.0, 1673.5)	(17.0, 2530.5)	(18.0, 3899.5)	(19.0, 6177.0)	(20.0, 9497.5)	(21.0, 14524.5)	(22.0, 21728.0)	(23.0, 31294.5)	(24.0, 44548.0)	(25.0, 61491.5)	(26.0, 82282.0)	(27.0, 107245.5)	(28.0, 136011.0)	(29.0, 167037.5)	(30.0, 198794.0)	(31.0, 229990.5)	(32.0, 258004.5)	(33.0, 282139.0)	(34.0, 303064.5)	(35.0, 321349.5)	(36.0, 335791.0)	(37.0, 343648.0)	(38.0, 344842.5)	(39.0, 342407.5)	(40.0, 337244.5)	(41.0, 329590.5)	(42.0, 320910.5)	(43.0, 308655.0)	(44.0, 293429.0)	(45.0, 280684.5)	(46.0, 269798.0)	(47.0, 258009.0)	(48.0, 245561.5)	(49.0, 234412.0)	(50.0, 227591.5)	(51.0, 223126.0)	(52.0, 215381.5)	(53.0, 199905.5)	(54.0, 179853.0)	(55.0, 165561.5)	(56.0, 155133.0)	(57.0, 143686.0)	(58.0, 131625.0)	(59.0, 120863.0)	(60.0, 116054.5)	(61.0, 109643.5)	(62.0, 99831.0)	(63.0, 84543.5)	(64.0, 64495.5)	(65.0, 50346.0)	(66.0, 44029.0)	(67.0, 41540.0)	(68.0, 33247.5)	(69.0, 22454.0)	(70.0, 16390.5)	(71.0, 12770.0)	(72.0, 9858.5)	(73.0, 7580.0)	(74.0, 5987.5)	(75.0, 4848.0)	(76.0, 4066.5)	(77.0, 3540.5)	(78.0, 3214.5)	(79.0, 3084.5)	(80.0, 3219.0)	(81.0, 3549.5)	(82.0, 3082.5)	(83.0, 1946.0)	(84.0, 1219.5)	(85.0, 1066.0)	(86.0, 1057.5)	(87.0, 807.5)	(88.0, 485.5)	(89.0, 323.0)	(90.0, 251.0)	(91.0, 177.0)	(92.0, 142.5)	(93.0, 111.5)	(94.0, 76.0)	(95.0, 49.5)	(96.0, 56.0)	(97.0, 70.0)	(98.0, 66.5)	(99.0, 59.0)	(100.0, 29.0)
SRR20277657_2	(0.0, 10583.0)	(1.0, 5579.5)	(2.0, 497.5)	(3.0, 422.0)	(4.0, 557.5)	(5.0, 1002.5)	(6.0, 1866.0)	(7.0, 1606.0)	(8.0, 739.5)	(9.0, 701.0)	(10.0, 777.0)	(11.0, 904.5)	(12.0, 1059.5)	(13.0, 1288.0)	(14.0, 1631.0)	(15.0, 2132.0)	(16.0, 2989.5)	(17.0, 4032.0)	(18.0, 5482.0)	(19.0, 7896.5)	(20.0, 11578.0)	(21.0, 16952.0)	(22.0, 24674.0)	(23.0, 35426.0)	(24.0, 49298.0)	(25.0, 67512.5)	(26.0, 90309.5)	(27.0, 116896.5)	(28.0, 146480.5)	(29.0, 177431.5)	(30.0, 208563.5)	(31.0, 237830.0)	(32.0, 264335.0)	(33.0, 287053.0)	(34.0, 304569.0)	(35.0, 318342.0)	(36.0, 328263.5)	(37.0, 333009.0)	(38.0, 333727.0)	(39.0, 331741.5)	(40.0, 325594.0)	(41.0, 316865.5)	(42.0, 305725.5)	(43.0, 293997.5)	(44.0, 283552.0)	(45.0, 272215.5)	(46.0, 261348.5)	(47.0, 250950.0)	(48.0, 239912.0)	(49.0, 228925.5)	(50.0, 218832.5)	(51.0, 208638.5)	(52.0, 198087.0)	(53.0, 194615.0)	(54.0, 190138.0)	(55.0, 174528.0)	(56.0, 158464.0)	(57.0, 147077.0)	(58.0, 136167.0)	(59.0, 124196.0)	(60.0, 116780.0)	(61.0, 112191.5)	(62.0, 103800.0)	(63.0, 92848.0)	(64.0, 78286.5)	(65.0, 61129.5)	(66.0, 48118.5)	(67.0, 38582.0)	(68.0, 30345.0)	(69.0, 23849.5)	(70.0, 19027.5)	(71.0, 15064.0)	(72.0, 11603.0)	(73.0, 8976.0)	(74.0, 7289.0)	(75.0, 6248.5)	(76.0, 5539.0)	(77.0, 4843.0)	(78.0, 3890.5)	(79.0, 2839.0)	(80.0, 2093.0)	(81.0, 1734.5)	(82.0, 1464.0)	(83.0, 1220.0)	(84.0, 1055.0)	(85.0, 988.5)	(86.0, 958.0)	(87.0, 928.0)	(88.0, 902.0)	(89.0, 881.0)	(90.0, 849.5)	(91.0, 817.5)	(92.0, 753.5)	(93.0, 721.5)	(94.0, 728.5)	(95.0, 762.0)	(96.0, 829.0)	(97.0, 1014.0)	(98.0, 1242.5)	(99.0, 1211.0)	(100.0, 2316.5)
SRR20277658_1	(0.0, 11042.0)	(1.0, 6588.0)	(2.0, 1281.0)	(3.0, 427.5)	(4.0, 610.0)	(5.0, 642.5)	(6.0, 395.5)	(7.0, 280.0)	(8.0, 243.5)	(9.0, 243.5)	(10.0, 260.0)	(11.0, 297.0)	(12.0, 393.0)	(13.0, 556.5)	(14.0, 778.0)	(15.0, 1135.5)	(16.0, 1716.5)	(17.0, 2555.5)	(18.0, 4024.5)	(19.0, 6395.0)	(20.0, 9790.0)	(21.0, 15051.5)	(22.0, 22555.0)	(23.0, 32560.5)	(24.0, 45833.0)	(25.0, 63337.5)	(26.0, 85297.5)	(27.0, 111232.5)	(28.0, 140708.5)	(29.0, 172359.5)	(30.0, 205010.0)	(31.0, 236915.5)	(32.0, 266650.5)	(33.0, 292527.0)	(34.0, 313261.0)	(35.0, 331502.5)	(36.0, 347041.0)	(37.0, 355504.5)	(38.0, 356256.0)	(39.0, 352862.0)	(40.0, 347932.5)	(41.0, 340777.5)	(42.0, 331619.0)	(43.0, 318126.0)	(44.0, 302329.5)	(45.0, 289938.5)	(46.0, 278509.5)	(47.0, 266457.5)	(48.0, 253756.5)	(49.0, 241814.5)	(50.0, 234811.0)	(51.0, 230215.5)	(52.0, 222005.0)	(53.0, 206506.0)	(54.0, 185635.0)	(55.0, 170893.5)	(56.0, 160480.5)	(57.0, 148082.5)	(58.0, 135693.0)	(59.0, 124754.0)	(60.0, 119281.5)	(61.0, 112328.5)	(62.0, 102683.5)	(63.0, 87621.0)	(64.0, 66996.0)	(65.0, 52076.5)	(66.0, 45136.0)	(67.0, 42491.0)	(68.0, 34173.0)	(69.0, 23163.0)	(70.0, 17038.0)	(71.0, 13171.0)	(72.0, 10055.0)	(73.0, 7678.5)	(74.0, 6027.5)	(75.0, 4958.5)	(76.0, 4227.5)	(77.0, 3670.0)	(78.0, 3301.0)	(79.0, 3188.0)	(80.0, 3275.5)	(81.0, 3581.0)	(82.0, 3087.5)	(83.0, 1904.0)	(84.0, 1188.5)	(85.0, 1071.5)	(86.0, 1088.5)	(87.0, 866.0)	(88.0, 569.0)	(89.0, 356.5)	(90.0, 233.0)	(91.0, 165.0)	(92.0, 141.5)	(93.0, 111.5)	(94.0, 67.5)	(95.0, 58.5)	(96.0, 116.5)	(97.0, 141.5)	(98.0, 99.5)	(99.0, 57.0)	(100.0, 18.5)
SRR20277658_2	(0.0, 10543.0)	(1.0, 5605.0)	(2.0, 594.0)	(3.0, 492.0)	(4.0, 561.0)	(5.0, 1049.5)	(6.0, 1946.5)	(7.0, 1641.5)	(8.0, 727.0)	(9.0, 646.5)	(10.0, 688.5)	(11.0, 790.5)	(12.0, 971.0)	(13.0, 1185.5)	(14.0, 1465.0)	(15.0, 1913.0)	(16.0, 2662.0)	(17.0, 3742.5)	(18.0, 5306.5)	(19.0, 7742.0)	(20.0, 11586.5)	(21.0, 17117.5)	(22.0, 25007.5)	(23.0, 35936.0)	(24.0, 50511.5)	(25.0, 69408.5)	(26.0, 92939.5)	(27.0, 120224.0)	(28.0, 150699.5)	(29.0, 182479.0)	(30.0, 213873.5)	(31.0, 244626.0)	(32.0, 272919.5)	(33.0, 295941.5)	(34.0, 314009.5)	(35.0, 328381.0)	(36.0, 338214.0)	(37.0, 343595.5)	(38.0, 344391.5)	(39.0, 342241.0)	(40.0, 336799.0)	(41.0, 327420.5)	(42.0, 316033.0)	(43.0, 304302.5)	(44.0, 293104.0)	(45.0, 281362.0)	(46.0, 269759.0)	(47.0, 259103.0)	(48.0, 248185.5)	(49.0, 236677.0)	(50.0, 225489.5)	(51.0, 215113.0)	(52.0, 204632.5)	(53.0, 201364.0)	(54.0, 196914.0)	(55.0, 180851.5)	(56.0, 164276.0)	(57.0, 152230.5)	(58.0, 140335.0)	(59.0, 127948.5)	(60.0, 120636.5)	(61.0, 116206.0)	(62.0, 107346.5)	(63.0, 95972.0)	(64.0, 81753.5)	(65.0, 63575.0)	(66.0, 49403.0)	(67.0, 39946.5)	(68.0, 32034.5)	(69.0, 25027.5)	(70.0, 19254.5)	(71.0, 15224.0)	(72.0, 11980.0)	(73.0, 9280.5)	(74.0, 7520.5)	(75.0, 6395.5)	(76.0, 5616.5)	(77.0, 5021.0)	(78.0, 4090.5)	(79.0, 2945.0)	(80.0, 2150.5)	(81.0, 1757.5)	(82.0, 1507.0)	(83.0, 1255.0)	(84.0, 1046.0)	(85.0, 990.5)	(86.0, 985.5)	(87.0, 930.0)	(88.0, 914.0)	(89.0, 893.5)	(90.0, 845.5)	(91.0, 796.0)	(92.0, 758.0)	(93.0, 715.5)	(94.0, 728.5)	(95.0, 788.0)	(96.0, 862.5)	(97.0, 1031.5)	(98.0, 1238.0)	(99.0, 1204.0)	(100.0, 2194.5)
SRR20277659_1	(0.0, 11043.0)	(1.0, 6456.5)	(2.0, 1135.0)	(3.0, 409.0)	(4.0, 615.5)	(5.0, 615.0)	(6.0, 345.5)	(7.0, 264.5)	(8.0, 245.5)	(9.0, 234.5)	(10.0, 259.5)	(11.0, 321.0)	(12.0, 393.0)	(13.0, 495.5)	(14.0, 692.5)	(15.0, 1048.5)	(16.0, 1607.5)	(17.0, 2528.0)	(18.0, 3974.5)	(19.0, 6238.0)	(20.0, 9663.0)	(21.0, 14911.0)	(22.0, 22423.5)	(23.0, 32228.0)	(24.0, 45314.5)	(25.0, 62633.0)	(26.0, 84361.0)	(27.0, 109792.5)	(28.0, 138991.0)	(29.0, 170482.0)	(30.0, 202961.0)	(31.0, 234812.0)	(32.0, 263851.5)	(33.0, 288742.5)	(34.0, 309260.0)	(35.0, 327276.0)	(36.0, 342053.5)	(37.0, 350902.5)	(38.0, 353001.5)	(39.0, 349156.0)	(40.0, 343084.0)	(41.0, 335556.5)	(42.0, 326229.0)	(43.0, 312871.0)	(44.0, 297796.5)	(45.0, 286224.0)	(46.0, 274869.0)	(47.0, 262748.5)	(48.0, 250601.0)	(49.0, 238910.0)	(50.0, 231381.0)	(51.0, 226904.0)	(52.0, 218853.0)	(53.0, 202985.0)	(54.0, 182539.0)	(55.0, 168026.5)	(56.0, 157232.0)	(57.0, 145200.5)	(58.0, 133112.5)	(59.0, 122578.0)	(60.0, 117563.5)	(61.0, 111002.5)	(62.0, 101352.0)	(63.0, 85596.5)	(64.0, 65078.5)	(65.0, 51288.5)	(66.0, 44570.5)	(67.0, 41597.0)	(68.0, 33359.0)	(69.0, 22495.0)	(70.0, 16469.0)	(71.0, 12854.0)	(72.0, 9882.5)	(73.0, 7539.5)	(74.0, 6003.0)	(75.0, 4889.0)	(76.0, 4058.0)	(77.0, 3552.0)	(78.0, 3229.5)	(79.0, 3125.0)	(80.0, 3182.0)	(81.0, 3371.5)	(82.0, 2972.0)	(83.0, 1912.0)	(84.0, 1206.5)	(85.0, 1088.0)	(86.0, 1048.0)	(87.0, 807.5)	(88.0, 538.5)	(89.0, 350.0)	(90.0, 242.0)	(91.0, 169.0)	(92.0, 122.5)	(93.0, 90.0)	(94.0, 64.0)	(95.0, 61.0)	(96.0, 56.0)	(97.0, 49.5)	(98.0, 55.0)	(99.0, 53.5)	(100.0, 26.0)
SRR20277659_2	(0.0, 10452.0)	(1.0, 5510.5)	(2.0, 468.0)	(3.0, 369.0)	(4.0, 488.0)	(5.0, 939.0)	(6.0, 1811.5)	(7.0, 1580.5)	(8.0, 745.0)	(9.0, 665.0)	(10.0, 681.0)	(11.0, 783.0)	(12.0, 957.0)	(13.0, 1166.0)	(14.0, 1457.0)	(15.0, 1915.5)	(16.0, 2575.0)	(17.0, 3607.0)	(18.0, 5249.5)	(19.0, 7682.0)	(20.0, 11434.0)	(21.0, 16990.0)	(22.0, 24835.0)	(23.0, 35695.5)	(24.0, 50488.5)	(25.0, 69449.0)	(26.0, 92388.0)	(27.0, 119609.0)	(28.0, 149925.0)	(29.0, 181533.5)	(30.0, 212971.5)	(31.0, 242566.5)	(32.0, 270442.0)	(33.0, 293175.5)	(34.0, 309993.5)	(35.0, 324875.0)	(36.0, 334921.5)	(37.0, 339364.0)	(38.0, 340384.5)	(39.0, 338109.5)	(40.0, 331862.0)	(41.0, 322536.5)	(42.0, 311319.5)	(43.0, 299766.5)	(44.0, 288023.0)	(45.0, 276167.0)	(46.0, 265682.5)	(47.0, 255234.5)	(48.0, 244018.0)	(49.0, 232816.5)	(50.0, 222550.5)	(51.0, 212053.5)	(52.0, 201364.0)	(53.0, 198480.5)	(54.0, 193614.5)	(55.0, 177318.0)	(56.0, 161065.0)	(57.0, 149348.0)	(58.0, 137794.0)	(59.0, 125203.5)	(60.0, 117930.5)	(61.0, 113885.0)	(62.0, 105491.5)	(63.0, 94043.0)	(64.0, 79374.5)	(65.0, 61783.0)	(66.0, 48309.5)	(67.0, 38883.0)	(68.0, 30898.5)	(69.0, 24087.5)	(70.0, 18877.0)	(71.0, 14979.5)	(72.0, 11632.5)	(73.0, 9004.0)	(74.0, 7310.0)	(75.0, 6312.0)	(76.0, 5590.5)	(77.0, 4892.0)	(78.0, 3918.0)	(79.0, 2870.0)	(80.0, 2112.5)	(81.0, 1743.5)	(82.0, 1498.0)	(83.0, 1237.0)	(84.0, 1035.0)	(85.0, 945.0)	(86.0, 941.5)	(87.0, 944.5)	(88.0, 917.5)	(89.0, 878.0)	(90.0, 792.5)	(91.0, 742.5)	(92.0, 735.5)	(93.0, 693.5)	(94.0, 694.5)	(95.0, 733.5)	(96.0, 801.0)	(97.0, 999.0)	(98.0, 1228.5)	(99.0, 1220.0)	(100.0, 2193.0)
SRR20277660_1	(0.0, 6118.0)	(1.0, 3574.5)	(2.0, 819.0)	(3.0, 478.0)	(4.0, 360.5)	(5.0, 331.0)	(6.0, 222.5)	(7.0, 136.0)	(8.0, 115.0)	(9.0, 133.0)	(10.0, 194.0)	(11.0, 271.5)	(12.0, 359.0)	(13.0, 467.0)	(14.0, 687.5)	(15.0, 1108.0)	(16.0, 1547.0)	(17.0, 2139.5)	(18.0, 3078.0)	(19.0, 4497.0)	(20.0, 6642.5)	(21.0, 9867.5)	(22.0, 14505.5)	(23.0, 20743.5)	(24.0, 28841.5)	(25.0, 39126.0)	(26.0, 52054.5)	(27.0, 67180.0)	(28.0, 84035.5)	(29.0, 101110.5)	(30.0, 118643.0)	(31.0, 137610.5)	(32.0, 154946.0)	(33.0, 169770.5)	(34.0, 183457.5)	(35.0, 194416.0)	(36.0, 203449.5)	(37.0, 212674.0)	(38.0, 218786.0)	(39.0, 222151.5)	(40.0, 227162.0)	(41.0, 234560.5)	(42.0, 241425.5)	(43.0, 246737.0)	(44.0, 247747.0)	(45.0, 251943.5)	(46.0, 272023.5)	(47.0, 300011.5)	(48.0, 317115.5)	(49.0, 335202.0)	(50.0, 353221.0)	(51.0, 355863.0)	(52.0, 340074.0)	(53.0, 298276.0)	(54.0, 247946.0)	(55.0, 209240.5)	(56.0, 187050.5)	(57.0, 172835.5)	(58.0, 166094.5)	(59.0, 168872.5)	(60.0, 189646.5)	(61.0, 198845.5)	(62.0, 179726.5)	(63.0, 140128.0)	(64.0, 87794.5)	(65.0, 55989.5)	(66.0, 49357.5)	(67.0, 53596.5)	(68.0, 46411.0)	(69.0, 30143.0)	(70.0, 19310.0)	(71.0, 13589.5)	(72.0, 10227.5)	(73.0, 8280.0)	(74.0, 7100.0)	(75.0, 6953.5)	(76.0, 7319.5)	(77.0, 8723.5)	(78.0, 8212.5)	(79.0, 5643.0)	(80.0, 4928.0)	(81.0, 5194.5)	(82.0, 5315.0)	(83.0, 4299.0)	(84.0, 2799.5)	(85.0, 2057.0)	(86.0, 2072.0)	(87.0, 1864.0)	(88.0, 1222.0)	(89.0, 831.0)	(90.0, 669.5)	(91.0, 632.5)	(92.0, 767.0)	(93.0, 682.5)	(94.0, 372.0)	(95.0, 240.5)	(96.0, 279.0)	(97.0, 314.5)	(98.0, 250.0)	(99.0, 192.5)	(100.0, 99.5)
SRR20277660_2	(0.0, 7051.0)	(1.0, 3833.5)	(2.0, 589.0)	(3.0, 520.5)	(4.0, 493.0)	(5.0, 630.5)	(6.0, 919.0)	(7.0, 751.5)	(8.0, 407.5)	(9.0, 401.5)	(10.0, 451.0)	(11.0, 532.5)	(12.0, 642.0)	(13.0, 809.0)	(14.0, 1057.0)	(15.0, 1391.5)	(16.0, 1879.0)	(17.0, 2522.0)	(18.0, 3461.0)	(19.0, 4956.0)	(20.0, 7211.5)	(21.0, 10410.5)	(22.0, 15018.0)	(23.0, 21733.5)	(24.0, 30226.0)	(25.0, 40980.5)	(26.0, 54409.0)	(27.0, 69866.5)	(28.0, 86806.5)	(29.0, 103876.0)	(30.0, 120913.5)	(31.0, 137945.5)	(32.0, 154396.5)	(33.0, 168285.5)	(34.0, 179101.5)	(35.0, 189490.0)	(36.0, 199494.0)	(37.0, 210439.0)	(38.0, 221307.5)	(39.0, 226440.0)	(40.0, 225697.5)	(41.0, 226370.0)	(42.0, 229560.5)	(43.0, 233114.0)	(44.0, 241369.5)	(45.0, 252060.5)	(46.0, 262296.0)	(47.0, 270737.0)	(48.0, 281076.5)	(49.0, 293048.5)	(50.0, 297599.5)	(51.0, 303898.5)	(52.0, 310345.0)	(53.0, 306213.5)	(54.0, 287582.0)	(55.0, 251520.5)	(56.0, 214893.5)	(57.0, 201853.5)	(58.0, 202276.5)	(59.0, 194370.0)	(60.0, 189258.0)	(61.0, 185964.5)	(62.0, 164493.0)	(63.0, 147739.0)	(64.0, 138797.0)	(65.0, 105856.0)	(66.0, 67136.5)	(67.0, 44871.0)	(68.0, 32806.5)	(69.0, 25584.0)	(70.0, 20202.5)	(71.0, 15310.5)	(72.0, 12306.5)	(73.0, 10207.0)	(74.0, 8540.5)	(75.0, 7567.0)	(76.0, 7253.0)	(77.0, 7141.0)	(78.0, 6265.0)	(79.0, 5028.5)	(80.0, 4153.0)	(81.0, 3603.0)	(82.0, 3247.0)	(83.0, 2804.0)	(84.0, 2128.0)	(85.0, 1659.0)	(86.0, 1447.5)	(87.0, 1352.0)	(88.0, 1266.5)	(89.0, 1177.5)	(90.0, 1083.0)	(91.0, 1024.0)	(92.0, 950.0)	(93.0, 901.5)	(94.0, 941.0)	(95.0, 1060.5)	(96.0, 1285.5)	(97.0, 1748.5)	(98.0, 2188.0)	(99.0, 2049.0)	(100.0, 2191.5)
SRR20277661_1	(0.0, 5744.0)	(1.0, 3320.5)	(2.0, 743.5)	(3.0, 446.5)	(4.0, 328.0)	(5.0, 305.5)	(6.0, 209.5)	(7.0, 143.5)	(8.0, 123.0)	(9.0, 144.0)	(10.0, 183.0)	(11.0, 245.0)	(12.0, 333.0)	(13.0, 445.0)	(14.0, 662.5)	(15.0, 1046.0)	(16.0, 1502.0)	(17.0, 2065.5)	(18.0, 2977.0)	(19.0, 4422.5)	(20.0, 6574.0)	(21.0, 9744.5)	(22.0, 14262.0)	(23.0, 20068.5)	(24.0, 27859.0)	(25.0, 37963.0)	(26.0, 50522.0)	(27.0, 65618.5)	(28.0, 81814.5)	(29.0, 97950.0)	(30.0, 115264.5)	(31.0, 133634.5)	(32.0, 150518.5)	(33.0, 165248.0)	(34.0, 177851.5)	(35.0, 188381.5)	(36.0, 197597.0)	(37.0, 206401.5)	(38.0, 212717.5)	(39.0, 216611.5)	(40.0, 221334.0)	(41.0, 228494.5)	(42.0, 234725.5)	(43.0, 240251.5)	(44.0, 241423.0)	(45.0, 245512.5)	(46.0, 266346.0)	(47.0, 292568.5)	(48.0, 309121.5)	(49.0, 327995.5)	(50.0, 345424.0)	(51.0, 347619.5)	(52.0, 332254.5)	(53.0, 291029.5)	(54.0, 241144.0)	(55.0, 203813.0)	(56.0, 182030.5)	(57.0, 168158.5)	(58.0, 162351.5)	(59.0, 165465.0)	(60.0, 186470.0)	(61.0, 194728.0)	(62.0, 175255.0)	(63.0, 135964.0)	(64.0, 84399.5)	(65.0, 53922.5)	(66.0, 48110.0)	(67.0, 52960.0)	(68.0, 45243.0)	(69.0, 28997.0)	(70.0, 18718.5)	(71.0, 13034.5)	(72.0, 9786.0)	(73.0, 8015.5)	(74.0, 6821.0)	(75.0, 6657.0)	(76.0, 7078.5)	(77.0, 8495.5)	(78.0, 8025.5)	(79.0, 5420.5)	(80.0, 4726.0)	(81.0, 4977.5)	(82.0, 5112.0)	(83.0, 4194.5)	(84.0, 2704.0)	(85.0, 1931.5)	(86.0, 1956.5)	(87.0, 1759.0)	(88.0, 1121.0)	(89.0, 729.0)	(90.0, 559.5)	(91.0, 528.5)	(92.0, 668.0)	(93.0, 611.5)	(94.0, 319.5)	(95.0, 191.5)	(96.0, 214.5)	(97.0, 223.5)	(98.0, 178.0)	(99.0, 150.5)	(100.0, 85.0)
SRR20277661_2	(0.0, 6347.0)	(1.0, 3435.5)	(2.0, 500.5)	(3.0, 422.5)	(4.0, 372.0)	(5.0, 498.5)	(6.0, 801.5)	(7.0, 725.5)	(8.0, 424.0)	(9.0, 385.0)	(10.0, 432.5)	(11.0, 540.5)	(12.0, 651.0)	(13.0, 787.0)	(14.0, 1037.0)	(15.0, 1375.5)	(16.0, 1808.0)	(17.0, 2420.0)	(18.0, 3345.0)	(19.0, 4786.0)	(20.0, 7071.5)	(21.0, 10271.0)	(22.0, 14822.5)	(23.0, 21209.0)	(24.0, 29524.5)	(25.0, 39940.0)	(26.0, 52966.0)	(27.0, 68354.5)	(28.0, 84898.5)	(29.0, 101629.0)	(30.0, 118129.0)	(31.0, 134577.5)	(32.0, 150305.5)	(33.0, 163502.0)	(34.0, 174443.0)	(35.0, 184121.5)	(36.0, 194077.0)	(37.0, 205284.0)	(38.0, 215514.5)	(39.0, 219927.0)	(40.0, 219471.5)	(41.0, 220563.0)	(42.0, 223133.5)	(43.0, 227035.0)	(44.0, 235494.0)	(45.0, 246481.5)	(46.0, 257082.0)	(47.0, 264420.0)	(48.0, 274779.5)	(49.0, 286565.0)	(50.0, 290502.0)	(51.0, 297024.5)	(52.0, 303235.5)	(53.0, 298426.5)	(54.0, 278873.0)	(55.0, 243090.5)	(56.0, 208391.5)	(57.0, 197702.5)	(58.0, 197915.0)	(59.0, 188775.5)	(60.0, 184211.5)	(61.0, 181560.0)	(62.0, 159828.0)	(63.0, 144804.0)	(64.0, 136092.5)	(65.0, 101728.5)	(66.0, 64080.5)	(67.0, 43058.5)	(68.0, 31699.0)	(69.0, 24886.0)	(70.0, 19708.0)	(71.0, 14890.5)	(72.0, 11861.5)	(73.0, 9822.5)	(74.0, 8206.0)	(75.0, 7245.0)	(76.0, 6953.0)	(77.0, 6862.0)	(78.0, 6081.0)	(79.0, 4874.5)	(80.0, 3969.0)	(81.0, 3459.5)	(82.0, 3037.5)	(83.0, 2576.0)	(84.0, 1955.0)	(85.0, 1504.0)	(86.0, 1324.5)	(87.0, 1221.0)	(88.0, 1112.5)	(89.0, 1094.0)	(90.0, 1053.5)	(91.0, 963.0)	(92.0, 925.5)	(93.0, 862.0)	(94.0, 918.5)	(95.0, 1028.5)	(96.0, 1218.5)	(97.0, 1721.5)	(98.0, 2168.5)	(99.0, 2100.0)	(100.0, 2128.5)
SRR20277662_1	(0.0, 5817.0)	(1.0, 3380.5)	(2.0, 760.5)	(3.0, 432.5)	(4.0, 321.5)	(5.0, 308.0)	(6.0, 227.0)	(7.0, 169.5)	(8.0, 140.0)	(9.0, 149.5)	(10.0, 192.0)	(11.0, 245.0)	(12.0, 334.5)	(13.0, 449.5)	(14.0, 680.0)	(15.0, 1103.0)	(16.0, 1502.0)	(17.0, 2148.5)	(18.0, 3197.0)	(19.0, 4608.0)	(20.0, 6823.5)	(21.0, 10039.5)	(22.0, 14530.5)	(23.0, 20700.5)	(24.0, 29063.5)	(25.0, 39651.5)	(26.0, 52577.5)	(27.0, 67771.0)	(28.0, 84496.0)	(29.0, 101335.0)	(30.0, 118720.5)	(31.0, 137370.5)	(32.0, 155061.0)	(33.0, 170286.5)	(34.0, 183839.0)	(35.0, 195252.5)	(36.0, 204137.5)	(37.0, 213234.5)	(38.0, 219075.5)	(39.0, 222627.0)	(40.0, 228258.0)	(41.0, 235856.5)	(42.0, 242741.5)	(43.0, 247430.5)	(44.0, 248496.5)	(45.0, 253903.0)	(46.0, 274697.5)	(47.0, 301130.0)	(48.0, 318268.5)	(49.0, 337812.5)	(50.0, 356275.0)	(51.0, 358358.5)	(52.0, 341527.0)	(53.0, 299426.5)	(54.0, 248717.0)	(55.0, 210003.5)	(56.0, 187730.5)	(57.0, 174221.0)	(58.0, 167571.5)	(59.0, 170233.0)	(60.0, 191585.5)	(61.0, 200231.0)	(62.0, 181325.5)	(63.0, 140486.0)	(64.0, 87264.5)	(65.0, 56289.0)	(66.0, 49971.5)	(67.0, 54248.0)	(68.0, 46478.0)	(69.0, 29910.5)	(70.0, 19080.5)	(71.0, 13435.0)	(72.0, 10101.0)	(73.0, 8124.0)	(74.0, 6891.5)	(75.0, 6640.5)	(76.0, 7015.0)	(77.0, 8324.5)	(78.0, 7802.5)	(79.0, 5463.0)	(80.0, 4851.0)	(81.0, 5145.0)	(82.0, 5352.0)	(83.0, 4345.0)	(84.0, 2763.5)	(85.0, 1993.0)	(86.0, 1976.5)	(87.0, 1761.0)	(88.0, 1151.5)	(89.0, 764.0)	(90.0, 586.5)	(91.0, 581.5)	(92.0, 690.5)	(93.0, 594.5)	(94.0, 325.5)	(95.0, 195.5)	(96.0, 245.5)	(97.0, 267.0)	(98.0, 219.0)	(99.0, 191.0)	(100.0, 92.0)
SRR20277662_2	(0.0, 6429.0)	(1.0, 3508.0)	(2.0, 553.5)	(3.0, 468.0)	(4.0, 420.5)	(5.0, 529.0)	(6.0, 790.0)	(7.0, 689.5)	(8.0, 390.0)	(9.0, 347.0)	(10.0, 390.5)	(11.0, 461.5)	(12.0, 556.5)	(13.0, 683.0)	(14.0, 889.0)	(15.0, 1231.0)	(16.0, 1666.0)	(17.0, 2290.0)	(18.0, 3217.5)	(19.0, 4699.0)	(20.0, 6948.0)	(21.0, 10238.5)	(22.0, 15045.0)	(23.0, 21512.5)	(24.0, 29889.0)	(25.0, 40778.0)	(26.0, 54448.5)	(27.0, 69976.5)	(28.0, 86988.0)	(29.0, 104124.5)	(30.0, 121091.0)	(31.0, 138333.5)	(32.0, 154685.0)	(33.0, 168357.0)	(34.0, 179543.5)	(35.0, 190352.0)	(36.0, 200255.0)	(37.0, 211023.0)	(38.0, 221972.5)	(39.0, 226832.5)	(40.0, 226359.0)	(41.0, 227422.5)	(42.0, 230437.0)	(43.0, 234039.0)	(44.0, 242047.0)	(45.0, 253496.5)	(46.0, 264340.0)	(47.0, 272699.5)	(48.0, 283114.5)	(49.0, 294523.0)	(50.0, 298607.0)	(51.0, 305523.0)	(52.0, 312380.5)	(53.0, 307726.0)	(54.0, 288664.0)	(55.0, 253083.0)	(56.0, 216800.0)	(57.0, 204041.5)	(58.0, 204258.0)	(59.0, 195914.0)	(60.0, 190895.0)	(61.0, 186860.0)	(62.0, 165316.5)	(63.0, 149753.5)	(64.0, 140341.0)	(65.0, 105489.5)	(66.0, 66380.0)	(67.0, 44563.5)	(68.0, 32836.5)	(69.0, 25471.0)	(70.0, 20002.5)	(71.0, 15389.0)	(72.0, 12279.0)	(73.0, 10055.5)	(74.0, 8348.5)	(75.0, 7402.0)	(76.0, 6976.0)	(77.0, 6730.5)	(78.0, 5993.5)	(79.0, 4805.0)	(80.0, 4000.5)	(81.0, 3526.0)	(82.0, 3018.5)	(83.0, 2585.5)	(84.0, 2040.0)	(85.0, 1596.5)	(86.0, 1414.5)	(87.0, 1298.5)	(88.0, 1218.0)	(89.0, 1154.0)	(90.0, 1063.5)	(91.0, 973.0)	(92.0, 967.5)	(93.0, 951.5)	(94.0, 942.0)	(95.0, 1067.0)	(96.0, 1316.0)	(97.0, 1771.5)	(98.0, 2223.5)	(99.0, 2137.5)	(100.0, 2263.5)
SRR20277663_1	(0.0, 5615.0)	(1.0, 3251.5)	(2.0, 702.0)	(3.0, 397.0)	(4.0, 333.5)	(5.0, 322.0)	(6.0, 201.0)	(7.0, 134.0)	(8.0, 125.5)	(9.0, 146.5)	(10.0, 182.5)	(11.0, 245.0)	(12.0, 347.0)	(13.0, 466.0)	(14.0, 686.0)	(15.0, 1098.0)	(16.0, 1522.5)	(17.0, 2127.5)	(18.0, 3087.0)	(19.0, 4538.5)	(20.0, 6783.5)	(21.0, 9893.5)	(22.0, 14455.0)	(23.0, 20588.0)	(24.0, 28389.5)	(25.0, 38482.0)	(26.0, 51700.0)	(27.0, 66893.5)	(28.0, 83242.0)	(29.0, 100096.5)	(30.0, 117454.5)	(31.0, 135661.0)	(32.0, 152677.5)	(33.0, 167657.0)	(34.0, 180752.0)	(35.0, 191214.5)	(36.0, 200468.0)	(37.0, 209664.5)	(38.0, 214903.5)	(39.0, 218324.5)	(40.0, 223485.5)	(41.0, 231238.5)	(42.0, 237609.5)	(43.0, 242396.0)	(44.0, 243577.0)	(45.0, 248272.5)	(46.0, 269227.5)	(47.0, 295246.0)	(48.0, 311721.0)	(49.0, 330702.0)	(50.0, 348856.0)	(51.0, 350942.0)	(52.0, 334144.5)	(53.0, 291680.5)	(54.0, 241371.5)	(55.0, 204716.0)	(56.0, 183152.5)	(57.0, 169462.5)	(58.0, 163707.0)	(59.0, 166675.0)	(60.0, 188171.0)	(61.0, 195960.0)	(62.0, 176586.5)	(63.0, 136656.0)	(64.0, 83969.0)	(65.0, 54167.5)	(66.0, 48569.0)	(67.0, 53081.0)	(68.0, 45372.5)	(69.0, 28945.0)	(70.0, 18682.0)	(71.0, 13046.5)	(72.0, 9767.0)	(73.0, 7999.5)	(74.0, 6793.5)	(75.0, 6675.5)	(76.0, 6946.0)	(77.0, 8303.0)	(78.0, 7880.0)	(79.0, 5382.5)	(80.0, 4720.0)	(81.0, 4978.5)	(82.0, 5130.5)	(83.0, 4173.5)	(84.0, 2690.0)	(85.0, 1981.0)	(86.0, 1987.0)	(87.0, 1721.5)	(88.0, 1104.0)	(89.0, 752.0)	(90.0, 575.5)	(91.0, 538.5)	(92.0, 640.0)	(93.0, 561.5)	(94.0, 290.5)	(95.0, 177.0)	(96.0, 204.0)	(97.0, 209.0)	(98.0, 173.5)	(99.0, 157.0)	(100.0, 86.5)
SRR20277663_2	(0.0, 6103.0)	(1.0, 3315.5)	(2.0, 459.0)	(3.0, 368.0)	(4.0, 334.0)	(5.0, 441.0)	(6.0, 734.0)	(7.0, 645.0)	(8.0, 364.0)	(9.0, 366.0)	(10.0, 427.0)	(11.0, 499.5)	(12.0, 546.5)	(13.0, 638.5)	(14.0, 873.5)	(15.0, 1169.0)	(16.0, 1625.0)	(17.0, 2341.5)	(18.0, 3287.5)	(19.0, 4632.5)	(20.0, 6729.5)	(21.0, 10014.0)	(22.0, 14761.0)	(23.0, 21160.5)	(24.0, 29491.0)	(25.0, 40181.0)	(26.0, 53562.0)	(27.0, 69027.5)	(28.0, 85977.5)	(29.0, 103159.5)	(30.0, 120011.0)	(31.0, 136827.5)	(32.0, 152894.5)	(33.0, 165992.5)	(34.0, 176349.5)	(35.0, 186420.5)	(36.0, 196637.5)	(37.0, 208298.0)	(38.0, 218503.5)	(39.0, 222425.5)	(40.0, 221953.0)	(41.0, 223129.5)	(42.0, 226390.0)	(43.0, 229820.5)	(44.0, 237564.0)	(45.0, 248382.5)	(46.0, 259414.0)	(47.0, 267914.5)	(48.0, 277492.5)	(49.0, 288237.0)	(50.0, 292608.5)	(51.0, 299152.0)	(52.0, 305028.5)	(53.0, 300152.5)	(54.0, 280872.0)	(55.0, 245307.0)	(56.0, 210401.0)	(57.0, 199418.5)	(58.0, 199404.5)	(59.0, 190807.0)	(60.0, 186526.5)	(61.0, 182414.5)	(62.0, 160178.0)	(63.0, 146385.5)	(64.0, 137549.0)	(65.0, 102036.5)	(66.0, 63904.0)	(67.0, 42826.5)	(68.0, 31540.0)	(69.0, 24608.5)	(70.0, 19484.0)	(71.0, 14823.0)	(72.0, 11908.0)	(73.0, 9860.5)	(74.0, 8179.0)	(75.0, 7281.0)	(76.0, 6919.5)	(77.0, 6766.0)	(78.0, 6026.5)	(79.0, 4741.0)	(80.0, 3843.5)	(81.0, 3347.0)	(82.0, 2942.5)	(83.0, 2542.0)	(84.0, 1939.5)	(85.0, 1484.0)	(86.0, 1296.5)	(87.0, 1190.5)	(88.0, 1104.0)	(89.0, 1044.0)	(90.0, 974.0)	(91.0, 899.5)	(92.0, 851.0)	(93.0, 845.5)	(94.0, 889.5)	(95.0, 1005.5)	(96.0, 1267.5)	(97.0, 1744.5)	(98.0, 2158.0)	(99.0, 2034.5)	(100.0, 2097.0)
SRR20277664_1	(0.0, 4470.0)	(1.0, 2407.0)	(2.0, 274.0)	(3.0, 153.0)	(4.0, 103.0)	(5.0, 98.5)	(6.0, 92.5)	(7.0, 105.5)	(8.0, 139.0)	(9.0, 170.0)	(10.0, 222.5)	(11.0, 300.0)	(12.0, 406.5)	(13.0, 562.5)	(14.0, 752.5)	(15.0, 1028.5)	(16.0, 1487.5)	(17.0, 2311.5)	(18.0, 3594.0)	(19.0, 5519.0)	(20.0, 8578.5)	(21.0, 13014.5)	(22.0, 19220.0)	(23.0, 28167.0)	(24.0, 39960.0)	(25.0, 54807.5)	(26.0, 73339.0)	(27.0, 95404.5)	(28.0, 120274.0)	(29.0, 146542.5)	(30.0, 174034.5)	(31.0, 202747.5)	(32.0, 229388.0)	(33.0, 251633.5)	(34.0, 271451.5)	(35.0, 288736.5)	(36.0, 301656.0)	(37.0, 309708.0)	(38.0, 313021.5)	(39.0, 311690.5)	(40.0, 307071.5)	(41.0, 300754.5)	(42.0, 292842.5)	(43.0, 282460.0)	(44.0, 269057.0)	(45.0, 256404.5)	(46.0, 246872.5)	(47.0, 238691.0)	(48.0, 231742.5)	(49.0, 226409.5)	(50.0, 223658.0)	(51.0, 221034.0)	(52.0, 212704.5)	(53.0, 198256.5)	(54.0, 184269.0)	(55.0, 175422.5)	(56.0, 166326.0)	(57.0, 153914.5)	(58.0, 140377.5)	(59.0, 131696.0)	(60.0, 135421.0)	(61.0, 140197.0)	(62.0, 137629.5)	(63.0, 116831.5)	(64.0, 83142.0)	(65.0, 61488.5)	(66.0, 53574.0)	(67.0, 50116.5)	(68.0, 40868.5)	(69.0, 29250.5)	(70.0, 22333.5)	(71.0, 18359.5)	(72.0, 14961.0)	(73.0, 12134.0)	(74.0, 10100.5)	(75.0, 8606.0)	(76.0, 7703.0)	(77.0, 6852.0)	(78.0, 5943.0)	(79.0, 5538.5)	(80.0, 5567.0)	(81.0, 6114.5)	(82.0, 6216.5)	(83.0, 5226.5)	(84.0, 3678.0)	(85.0, 2654.0)	(86.0, 2351.0)	(87.0, 1889.0)	(88.0, 1205.0)	(89.0, 710.5)	(90.0, 430.0)	(91.0, 288.5)	(92.0, 275.0)	(93.0, 257.0)	(94.0, 201.0)	(95.0, 165.0)	(96.0, 235.5)	(97.0, 330.0)	(98.0, 321.0)	(99.0, 246.5)	(100.0, 117.5)
SRR20277664_2	(0.0, 7215.0)	(1.0, 4371.5)	(2.0, 1272.0)	(3.0, 952.0)	(4.0, 825.0)	(5.0, 706.0)	(6.0, 648.0)	(7.0, 670.5)	(8.0, 738.5)	(9.0, 820.0)	(10.0, 941.0)	(11.0, 1116.0)	(12.0, 1347.0)	(13.0, 1593.0)	(14.0, 1989.5)	(15.0, 2517.5)	(16.0, 3150.5)	(17.0, 4105.0)	(18.0, 5484.5)	(19.0, 7561.5)	(20.0, 10696.5)	(21.0, 15337.5)	(22.0, 21622.0)	(23.0, 30608.0)	(24.0, 42621.5)	(25.0, 57737.5)	(26.0, 76455.5)	(27.0, 98616.5)	(28.0, 123325.0)	(29.0, 149127.0)	(30.0, 175427.5)	(31.0, 201482.5)	(32.0, 226900.5)	(33.0, 248180.0)	(34.0, 265587.0)	(35.0, 281516.0)	(36.0, 293192.5)	(37.0, 300210.0)	(38.0, 302666.0)	(39.0, 300673.5)	(40.0, 296990.0)	(41.0, 291174.0)	(42.0, 281702.5)	(43.0, 271616.5)	(44.0, 261049.0)	(45.0, 250729.0)	(46.0, 243795.5)	(47.0, 239457.0)	(48.0, 231482.5)	(49.0, 221766.0)	(50.0, 213876.0)	(51.0, 206177.5)	(52.0, 197545.5)	(53.0, 189828.0)	(54.0, 184416.0)	(55.0, 178036.0)	(56.0, 169182.5)	(57.0, 158506.0)	(58.0, 149781.5)	(59.0, 144355.5)	(60.0, 144111.5)	(61.0, 146607.0)	(62.0, 137008.5)	(63.0, 118215.5)	(64.0, 102693.0)	(65.0, 84165.0)	(66.0, 64134.0)	(67.0, 49377.0)	(68.0, 38905.5)	(69.0, 31292.0)	(70.0, 25628.0)	(71.0, 20981.0)	(72.0, 17074.5)	(73.0, 13946.0)	(74.0, 11712.0)	(75.0, 10326.5)	(76.0, 9372.0)	(77.0, 8561.0)	(78.0, 7392.0)	(79.0, 5840.0)	(80.0, 4802.5)	(81.0, 4169.0)	(82.0, 3629.0)	(83.0, 3156.0)	(84.0, 2445.5)	(85.0, 1930.5)	(86.0, 1720.0)	(87.0, 1566.0)	(88.0, 1408.0)	(89.0, 1329.0)	(90.0, 1278.5)	(91.0, 1211.5)	(92.0, 1207.5)	(93.0, 1259.5)	(94.0, 1280.5)	(95.0, 1376.5)	(96.0, 1657.5)	(97.0, 2190.5)	(98.0, 2803.0)	(99.0, 2809.5)	(100.0, 2755.5)
SRR20277665_1	(0.0, 4156.0)	(1.0, 2231.0)	(2.0, 245.0)	(3.0, 148.0)	(4.0, 98.5)	(5.0, 94.5)	(6.0, 89.0)	(7.0, 93.5)	(8.0, 126.0)	(9.0, 176.5)	(10.0, 238.0)	(11.0, 297.0)	(12.0, 367.0)	(13.0, 490.0)	(14.0, 719.5)	(15.0, 1011.0)	(16.0, 1485.5)	(17.0, 2250.5)	(18.0, 3448.0)	(19.0, 5365.5)	(20.0, 8262.0)	(21.0, 12590.0)	(22.0, 18713.5)	(23.0, 27333.5)	(24.0, 38839.5)	(25.0, 53138.5)	(26.0, 71390.5)	(27.0, 93332.0)	(28.0, 117622.0)	(29.0, 143089.0)	(30.0, 169741.5)	(31.0, 197516.5)	(32.0, 223546.0)	(33.0, 245151.5)	(34.0, 263980.0)	(35.0, 280940.5)	(36.0, 293485.5)	(37.0, 301301.0)	(38.0, 305097.5)	(39.0, 304241.0)	(40.0, 299237.5)	(41.0, 293094.0)	(42.0, 286235.0)	(43.0, 276195.0)	(44.0, 262038.5)	(45.0, 249762.5)	(46.0, 241155.0)	(47.0, 233289.0)	(48.0, 226931.5)	(49.0, 221716.0)	(50.0, 218409.0)	(51.0, 215790.5)	(52.0, 208181.0)	(53.0, 194252.0)	(54.0, 180945.5)	(55.0, 172212.0)	(56.0, 162833.0)	(57.0, 150699.5)	(58.0, 137348.5)	(59.0, 128832.0)	(60.0, 132905.5)	(61.0, 137419.0)	(62.0, 134245.5)	(63.0, 113269.0)	(64.0, 80620.0)	(65.0, 59879.5)	(66.0, 52309.5)	(67.0, 49045.0)	(68.0, 39686.0)	(69.0, 28422.0)	(70.0, 21754.5)	(71.0, 17722.5)	(72.0, 14431.0)	(73.0, 11767.5)	(74.0, 9809.0)	(75.0, 8285.0)	(76.0, 7378.5)	(77.0, 6478.5)	(78.0, 5639.0)	(79.0, 5381.5)	(80.0, 5410.0)	(81.0, 5859.5)	(82.0, 5984.0)	(83.0, 5121.0)	(84.0, 3584.0)	(85.0, 2516.0)	(86.0, 2185.5)	(87.0, 1786.5)	(88.0, 1163.0)	(89.0, 639.0)	(90.0, 376.5)	(91.0, 248.0)	(92.0, 227.5)	(93.0, 217.0)	(94.0, 171.0)	(95.0, 137.0)	(96.0, 129.0)	(97.0, 191.0)	(98.0, 264.0)	(99.0, 242.5)	(100.0, 114.5)
SRR20277665_2	(0.0, 6662.0)	(1.0, 4048.0)	(2.0, 1184.0)	(3.0, 811.0)	(4.0, 655.0)	(5.0, 588.5)	(6.0, 595.0)	(7.0, 663.5)	(8.0, 736.5)	(9.0, 818.0)	(10.0, 942.0)	(11.0, 1098.5)	(12.0, 1333.5)	(13.0, 1597.5)	(14.0, 1931.5)	(15.0, 2374.0)	(16.0, 2963.5)	(17.0, 3954.0)	(18.0, 5353.5)	(19.0, 7346.0)	(20.0, 10370.5)	(21.0, 14905.0)	(22.0, 21157.0)	(23.0, 29901.5)	(24.0, 41612.0)	(25.0, 56464.5)	(26.0, 74900.0)	(27.0, 96314.0)	(28.0, 120588.5)	(29.0, 146163.5)	(30.0, 171532.0)	(31.0, 196701.0)	(32.0, 221108.0)	(33.0, 242649.0)	(34.0, 260320.5)	(35.0, 275391.0)	(36.0, 286250.0)	(37.0, 293353.0)	(38.0, 295966.0)	(39.0, 294244.0)	(40.0, 290084.5)	(41.0, 283156.0)	(42.0, 274123.5)	(43.0, 264359.5)	(44.0, 253942.5)	(45.0, 244184.5)	(46.0, 237793.0)	(47.0, 233893.0)	(48.0, 226261.5)	(49.0, 216761.5)	(50.0, 209051.0)	(51.0, 201086.0)	(52.0, 192569.0)	(53.0, 185735.0)	(54.0, 180221.5)	(55.0, 173772.0)	(56.0, 165065.0)	(57.0, 154217.0)	(58.0, 146241.0)	(59.0, 141273.5)	(60.0, 141265.5)	(61.0, 143856.0)	(62.0, 133517.0)	(63.0, 115509.5)	(64.0, 100696.0)	(65.0, 81512.0)	(66.0, 61844.0)	(67.0, 47479.5)	(68.0, 37408.5)	(69.0, 30189.5)	(70.0, 24490.5)	(71.0, 20164.0)	(72.0, 16586.0)	(73.0, 13470.5)	(74.0, 11371.5)	(75.0, 10033.5)	(76.0, 9100.5)	(77.0, 8444.0)	(78.0, 7225.0)	(79.0, 5606.5)	(80.0, 4571.5)	(81.0, 3923.0)	(82.0, 3385.5)	(83.0, 2981.0)	(84.0, 2376.5)	(85.0, 1872.0)	(86.0, 1624.5)	(87.0, 1504.5)	(88.0, 1369.5)	(89.0, 1243.0)	(90.0, 1184.5)	(91.0, 1139.0)	(92.0, 1102.0)	(93.0, 1113.5)	(94.0, 1212.5)	(95.0, 1361.0)	(96.0, 1627.0)	(97.0, 2194.0)	(98.0, 2770.5)	(99.0, 2720.5)	(100.0, 2612.0)
SRR20277666_1	(0.0, 4106.0)	(1.0, 2222.0)	(2.0, 256.5)	(3.0, 149.0)	(4.0, 124.5)	(5.0, 113.0)	(6.0, 105.5)	(7.0, 108.0)	(8.0, 117.0)	(9.0, 179.5)	(10.0, 255.5)	(11.0, 321.0)	(12.0, 402.5)	(13.0, 545.0)	(14.0, 740.0)	(15.0, 1076.5)	(16.0, 1569.5)	(17.0, 2321.0)	(18.0, 3552.5)	(19.0, 5491.5)	(20.0, 8445.0)	(21.0, 12906.0)	(22.0, 19365.0)	(23.0, 28528.0)	(24.0, 40524.5)	(25.0, 55122.5)	(26.0, 73754.5)	(27.0, 96218.0)	(28.0, 121815.0)	(29.0, 147920.5)	(30.0, 174962.5)	(31.0, 204048.5)	(32.0, 230741.0)	(33.0, 253549.0)	(34.0, 273814.5)	(35.0, 291092.5)	(36.0, 303791.0)	(37.0, 312162.0)	(38.0, 315848.5)	(39.0, 314356.5)	(40.0, 309364.5)	(41.0, 302930.5)	(42.0, 294836.5)	(43.0, 283973.0)	(44.0, 270375.5)	(45.0, 258441.0)	(46.0, 249570.5)	(47.0, 241356.0)	(48.0, 234554.5)	(49.0, 228967.0)	(50.0, 225576.5)	(51.0, 223259.5)	(52.0, 215417.0)	(53.0, 200346.5)	(54.0, 186661.0)	(55.0, 177954.0)	(56.0, 168384.5)	(57.0, 155825.5)	(58.0, 142220.0)	(59.0, 133231.5)	(60.0, 136733.5)	(61.0, 141562.5)	(62.0, 138805.5)	(63.0, 117533.0)	(64.0, 83377.5)	(65.0, 61750.0)	(66.0, 53974.5)	(67.0, 50403.0)	(68.0, 40746.0)	(69.0, 29057.0)	(70.0, 22006.0)	(71.0, 17960.0)	(72.0, 14668.0)	(73.0, 11843.5)	(74.0, 9800.5)	(75.0, 8286.0)	(76.0, 7385.5)	(77.0, 6561.0)	(78.0, 5831.0)	(79.0, 5523.0)	(80.0, 5501.5)	(81.0, 6036.0)	(82.0, 6219.5)	(83.0, 5163.5)	(84.0, 3480.0)	(85.0, 2461.0)	(86.0, 2183.5)	(87.0, 1821.0)	(88.0, 1182.5)	(89.0, 683.5)	(90.0, 409.5)	(91.0, 277.0)	(92.0, 255.0)	(93.0, 215.0)	(94.0, 173.5)	(95.0, 150.5)	(96.0, 201.5)	(97.0, 271.0)	(98.0, 264.0)	(99.0, 230.0)	(100.0, 127.0)
SRR20277666_2	(0.0, 6438.0)	(1.0, 3976.5)	(2.0, 1236.5)	(3.0, 845.5)	(4.0, 660.0)	(5.0, 603.5)	(6.0, 614.5)	(7.0, 628.5)	(8.0, 672.0)	(9.0, 758.0)	(10.0, 890.0)	(11.0, 1031.0)	(12.0, 1246.5)	(13.0, 1526.5)	(14.0, 1789.0)	(15.0, 2207.5)	(16.0, 2900.0)	(17.0, 3779.5)	(18.0, 5119.5)	(19.0, 7195.0)	(20.0, 10320.5)	(21.0, 14918.0)	(22.0, 21484.5)	(23.0, 30609.5)	(24.0, 42668.0)	(25.0, 57959.0)	(26.0, 76452.0)	(27.0, 98933.5)	(28.0, 124099.5)	(29.0, 150014.0)	(30.0, 177129.5)	(31.0, 203752.0)	(32.0, 228804.0)	(33.0, 250285.5)	(34.0, 268164.0)	(35.0, 284239.5)	(36.0, 295784.0)	(37.0, 303064.5)	(38.0, 305173.0)	(39.0, 302861.5)	(40.0, 299165.0)	(41.0, 293231.5)	(42.0, 283802.5)	(43.0, 273008.0)	(44.0, 262133.5)	(45.0, 251842.5)	(46.0, 246450.5)	(47.0, 242439.5)	(48.0, 233661.5)	(49.0, 223843.0)	(50.0, 216169.0)	(51.0, 209034.5)	(52.0, 199595.5)	(53.0, 191932.5)	(54.0, 186695.5)	(55.0, 179742.0)	(56.0, 171165.5)	(57.0, 160342.5)	(58.0, 151428.0)	(59.0, 146083.0)	(60.0, 146243.0)	(61.0, 148994.0)	(62.0, 138570.5)	(63.0, 119801.0)	(64.0, 103822.0)	(65.0, 84400.0)	(66.0, 64026.0)	(67.0, 49012.5)	(68.0, 38871.5)	(69.0, 31179.0)	(70.0, 25227.0)	(71.0, 20803.0)	(72.0, 17073.5)	(73.0, 13810.0)	(74.0, 11489.0)	(75.0, 10061.5)	(76.0, 9105.0)	(77.0, 8238.5)	(78.0, 7098.5)	(79.0, 5663.0)	(80.0, 4635.0)	(81.0, 4038.5)	(82.0, 3490.5)	(83.0, 2993.0)	(84.0, 2376.0)	(85.0, 1903.5)	(86.0, 1646.5)	(87.0, 1484.0)	(88.0, 1380.0)	(89.0, 1318.5)	(90.0, 1261.0)	(91.0, 1233.0)	(92.0, 1203.5)	(93.0, 1186.0)	(94.0, 1271.0)	(95.0, 1394.5)	(96.0, 1644.0)	(97.0, 2218.0)	(98.0, 2797.5)	(99.0, 2787.0)	(100.0, 2714.0)
SRR20277667_1	(0.0, 3980.0)	(1.0, 2150.5)	(2.0, 246.0)	(3.0, 144.5)	(4.0, 114.0)	(5.0, 105.0)	(6.0, 94.0)	(7.0, 97.0)	(8.0, 125.5)	(9.0, 167.0)	(10.0, 237.0)	(11.0, 310.5)	(12.0, 372.5)	(13.0, 513.5)	(14.0, 732.5)	(15.0, 1013.5)	(16.0, 1536.5)	(17.0, 2325.5)	(18.0, 3567.5)	(19.0, 5492.0)	(20.0, 8376.0)	(21.0, 12909.5)	(22.0, 19264.5)	(23.0, 28089.5)	(24.0, 39815.5)	(25.0, 54360.0)	(26.0, 72892.0)	(27.0, 95027.0)	(28.0, 119627.5)	(29.0, 145696.0)	(30.0, 172924.5)	(31.0, 200944.5)	(32.0, 227487.5)	(33.0, 249724.5)	(34.0, 269048.0)	(35.0, 286721.0)	(36.0, 299067.0)	(37.0, 306452.0)	(38.0, 309856.0)	(39.0, 307704.5)	(40.0, 302965.5)	(41.0, 297095.0)	(42.0, 288922.5)	(43.0, 278526.5)	(44.0, 264864.0)	(45.0, 252979.5)	(46.0, 243983.0)	(47.0, 235704.0)	(48.0, 229118.5)	(49.0, 223729.0)	(50.0, 221561.0)	(51.0, 218916.0)	(52.0, 210574.5)	(53.0, 196262.0)	(54.0, 182559.5)	(55.0, 174301.5)	(56.0, 164819.5)	(57.0, 151956.0)	(58.0, 138106.0)	(59.0, 129660.0)	(60.0, 133855.5)	(61.0, 138749.0)	(62.0, 135881.0)	(63.0, 114528.5)	(64.0, 81098.5)	(65.0, 60130.5)	(66.0, 52897.5)	(67.0, 49518.0)	(68.0, 39792.0)	(69.0, 28306.0)	(70.0, 21595.0)	(71.0, 17489.5)	(72.0, 14226.0)	(73.0, 11587.0)	(74.0, 9592.0)	(75.0, 8087.0)	(76.0, 7152.0)	(77.0, 6336.5)	(78.0, 5519.5)	(79.0, 5245.5)	(80.0, 5290.5)	(81.0, 5791.0)	(82.0, 5891.5)	(83.0, 4885.5)	(84.0, 3402.0)	(85.0, 2424.0)	(86.0, 2123.5)	(87.0, 1718.5)	(88.0, 1109.0)	(89.0, 640.0)	(90.0, 376.0)	(91.0, 269.5)	(92.0, 251.5)	(93.0, 204.0)	(94.0, 163.5)	(95.0, 127.0)	(96.0, 104.5)	(97.0, 152.0)	(98.0, 209.0)	(99.0, 207.0)	(100.0, 111.0)
SRR20277667_2	(0.0, 6322.0)	(1.0, 3925.5)	(2.0, 1218.0)	(3.0, 761.0)	(4.0, 582.0)	(5.0, 569.0)	(6.0, 620.0)	(7.0, 665.5)	(8.0, 716.0)	(9.0, 797.0)	(10.0, 912.5)	(11.0, 1084.5)	(12.0, 1245.0)	(13.0, 1459.5)	(14.0, 1800.0)	(15.0, 2229.5)	(16.0, 2822.0)	(17.0, 3681.5)	(18.0, 5038.5)	(19.0, 7026.0)	(20.0, 10079.0)	(21.0, 14635.5)	(22.0, 21180.5)	(23.0, 30217.0)	(24.0, 42193.5)	(25.0, 57388.0)	(26.0, 75895.5)	(27.0, 98230.0)	(28.0, 122867.5)	(29.0, 148476.5)	(30.0, 175048.5)	(31.0, 201058.5)	(32.0, 225143.5)	(33.0, 246104.0)	(34.0, 264036.0)	(35.0, 279699.5)	(36.0, 291101.5)	(37.0, 297751.5)	(38.0, 299312.5)	(39.0, 297386.5)	(40.0, 293996.0)	(41.0, 287178.5)	(42.0, 277462.0)	(43.0, 267811.0)	(44.0, 257412.0)	(45.0, 247513.0)	(46.0, 241601.0)	(47.0, 237324.5)	(48.0, 229055.0)	(49.0, 218989.0)	(50.0, 211332.5)	(51.0, 204044.0)	(52.0, 194820.0)	(53.0, 187396.5)	(54.0, 181968.5)	(55.0, 175910.0)	(56.0, 167245.5)	(57.0, 156031.0)	(58.0, 147874.5)	(59.0, 142913.5)	(60.0, 142695.0)	(61.0, 145507.0)	(62.0, 135316.0)	(63.0, 116523.5)	(64.0, 101157.5)	(65.0, 81692.0)	(66.0, 61829.0)	(67.0, 47694.0)	(68.0, 37761.5)	(69.0, 30250.0)	(70.0, 24520.5)	(71.0, 20031.0)	(72.0, 16295.5)	(73.0, 13442.5)	(74.0, 11313.0)	(75.0, 9945.5)	(76.0, 9065.5)	(77.0, 8288.5)	(78.0, 7156.5)	(79.0, 5552.0)	(80.0, 4426.0)	(81.0, 3790.0)	(82.0, 3240.5)	(83.0, 2824.5)	(84.0, 2303.0)	(85.0, 1853.0)	(86.0, 1555.5)	(87.0, 1397.0)	(88.0, 1279.0)	(89.0, 1191.5)	(90.0, 1136.5)	(91.0, 1075.5)	(92.0, 1094.0)	(93.0, 1148.5)	(94.0, 1194.5)	(95.0, 1328.0)	(96.0, 1570.5)	(97.0, 2134.5)	(98.0, 2725.0)	(99.0, 2639.0)	(100.0, 2535.5)
SRR20277668_1	(0.0, 20690.0)	(1.0, 11705.5)	(2.0, 2020.5)	(3.0, 1077.5)	(4.0, 872.5)	(5.0, 757.5)	(6.0, 516.0)	(7.0, 425.5)	(8.0, 380.0)	(9.0, 349.5)	(10.0, 338.0)	(11.0, 338.5)	(12.0, 364.0)	(13.0, 411.0)	(14.0, 509.5)	(15.0, 611.5)	(16.0, 836.0)	(17.0, 1264.0)	(18.0, 1919.5)	(19.0, 2912.0)	(20.0, 4432.5)	(21.0, 6716.5)	(22.0, 9969.5)	(23.0, 14735.0)	(24.0, 21388.0)	(25.0, 30184.5)	(26.0, 41532.5)	(27.0, 55655.5)	(28.0, 72427.5)	(29.0, 90955.0)	(30.0, 111069.0)	(31.0, 132766.5)	(32.0, 153653.5)	(33.0, 172858.5)	(34.0, 190965.0)	(35.0, 207886.0)	(36.0, 223082.0)	(37.0, 235577.5)	(38.0, 244553.5)	(39.0, 250199.0)	(40.0, 254144.0)	(41.0, 257488.5)	(42.0, 258645.5)	(43.0, 257135.0)	(44.0, 256647.0)	(45.0, 258651.5)	(46.0, 261560.0)	(47.0, 265242.0)	(48.0, 270656.5)	(49.0, 275021.0)	(50.0, 278722.0)	(51.0, 282778.0)	(52.0, 281605.0)	(53.0, 267892.5)	(54.0, 249916.0)	(55.0, 242268.0)	(56.0, 236144.0)	(57.0, 226017.5)	(58.0, 213806.5)	(59.0, 206117.5)	(60.0, 210683.5)	(61.0, 210301.0)	(62.0, 199272.0)	(63.0, 168870.0)	(64.0, 127505.0)	(65.0, 102699.0)	(66.0, 89730.5)	(67.0, 80928.0)	(68.0, 67054.5)	(69.0, 50788.5)	(70.0, 41610.0)	(71.0, 35704.0)	(72.0, 30244.5)	(73.0, 26538.0)	(74.0, 25154.0)	(75.0, 22991.0)	(76.0, 22718.5)	(77.0, 22567.5)	(78.0, 20157.0)	(79.0, 18900.5)	(80.0, 18425.0)	(81.0, 19159.0)	(82.0, 17350.0)	(83.0, 12030.5)	(84.0, 7703.5)	(85.0, 6558.5)	(86.0, 6433.0)	(87.0, 5085.0)	(88.0, 3185.0)	(89.0, 1812.0)	(90.0, 1194.5)	(91.0, 979.5)	(92.0, 1042.5)	(93.0, 976.0)	(94.0, 723.0)	(95.0, 558.0)	(96.0, 480.0)	(97.0, 510.5)	(98.0, 504.5)	(99.0, 415.5)	(100.0, 207.0)
SRR20277668_2	(0.0, 21876.0)	(1.0, 11892.5)	(2.0, 1625.0)	(3.0, 1182.0)	(4.0, 968.5)	(5.0, 1044.5)	(6.0, 1393.5)	(7.0, 1169.0)	(8.0, 686.5)	(9.0, 611.5)	(10.0, 588.0)	(11.0, 638.5)	(12.0, 725.0)	(13.0, 888.0)	(14.0, 1087.0)	(15.0, 1356.0)	(16.0, 1700.5)	(17.0, 2191.5)	(18.0, 2841.0)	(19.0, 3821.0)	(20.0, 5489.0)	(21.0, 7825.0)	(22.0, 11302.0)	(23.0, 16254.5)	(24.0, 23086.5)	(25.0, 32269.5)	(26.0, 44263.5)	(27.0, 58860.5)	(28.0, 76089.5)	(29.0, 95816.0)	(30.0, 115825.5)	(31.0, 136641.5)	(32.0, 156944.5)	(33.0, 174467.5)	(34.0, 190959.0)	(35.0, 205646.0)	(36.0, 217751.5)	(37.0, 228438.0)	(38.0, 237502.5)	(39.0, 243589.5)	(40.0, 247245.0)	(41.0, 249426.0)	(42.0, 249563.0)	(43.0, 248971.0)	(44.0, 248690.0)	(45.0, 250191.5)	(46.0, 257250.0)	(47.0, 266288.0)	(48.0, 266658.0)	(49.0, 263472.0)	(50.0, 261997.0)	(51.0, 259157.5)	(52.0, 254807.5)	(53.0, 251315.5)	(54.0, 248032.0)	(55.0, 243448.0)	(56.0, 237816.0)	(57.0, 231122.5)	(58.0, 225341.0)	(59.0, 218689.5)	(60.0, 215956.0)	(61.0, 215483.5)	(62.0, 198346.5)	(63.0, 170607.5)	(64.0, 148058.0)	(65.0, 123284.0)	(66.0, 98699.5)	(67.0, 80059.0)	(68.0, 65327.5)	(69.0, 54082.5)	(70.0, 45574.5)	(71.0, 39008.5)	(72.0, 33133.0)	(73.0, 28395.0)	(74.0, 26616.5)	(75.0, 26255.0)	(76.0, 27629.0)	(77.0, 28495.0)	(78.0, 24409.5)	(79.0, 18156.0)	(80.0, 14668.0)	(81.0, 13077.0)	(82.0, 11340.5)	(83.0, 9649.5)	(84.0, 7554.0)	(85.0, 6041.0)	(86.0, 5246.5)	(87.0, 4474.0)	(88.0, 3785.5)	(89.0, 3389.5)	(90.0, 3099.0)	(91.0, 2822.5)	(92.0, 2687.0)	(93.0, 2699.0)	(94.0, 2793.0)	(95.0, 2938.0)	(96.0, 3418.5)	(97.0, 4446.0)	(98.0, 5483.5)	(99.0, 5283.5)	(100.0, 4412.5)
SRR20277669_1	(0.0, 18983.0)	(1.0, 10681.0)	(2.0, 1754.5)	(3.0, 945.5)	(4.0, 821.5)	(5.0, 735.5)	(6.0, 508.0)	(7.0, 436.0)	(8.0, 402.0)	(9.0, 358.0)	(10.0, 346.5)	(11.0, 336.0)	(12.0, 355.0)	(13.0, 396.0)	(14.0, 472.0)	(15.0, 622.5)	(16.0, 881.5)	(17.0, 1263.0)	(18.0, 1878.5)	(19.0, 2807.5)	(20.0, 4233.5)	(21.0, 6544.0)	(22.0, 9935.5)	(23.0, 14485.5)	(24.0, 20689.5)	(25.0, 29276.5)	(26.0, 40642.0)	(27.0, 54749.0)	(28.0, 71071.5)	(29.0, 89007.0)	(30.0, 109336.0)	(31.0, 130918.5)	(32.0, 151240.0)	(33.0, 170126.0)	(34.0, 188088.5)	(35.0, 204998.5)	(36.0, 220314.0)	(37.0, 232271.0)	(38.0, 240842.0)	(39.0, 246454.0)	(40.0, 249945.5)	(41.0, 253522.5)	(42.0, 254899.5)	(43.0, 252898.0)	(44.0, 251775.5)	(45.0, 253598.5)	(46.0, 257018.0)	(47.0, 261462.5)	(48.0, 266326.5)	(49.0, 270654.0)	(50.0, 275511.5)	(51.0, 279458.5)	(52.0, 278041.0)	(53.0, 264406.5)	(54.0, 245912.0)	(55.0, 238709.0)	(56.0, 233314.0)	(57.0, 222983.5)	(58.0, 210714.0)	(59.0, 202832.5)	(60.0, 207358.0)	(61.0, 206953.5)	(62.0, 196006.5)	(63.0, 165850.0)	(64.0, 124375.0)	(65.0, 99618.0)	(66.0, 87330.0)	(67.0, 78935.0)	(68.0, 65002.0)	(69.0, 49224.0)	(70.0, 40226.5)	(71.0, 34391.0)	(72.0, 29241.5)	(73.0, 25581.5)	(74.0, 24143.5)	(75.0, 22100.5)	(76.0, 21833.0)	(77.0, 21624.5)	(78.0, 19458.0)	(79.0, 18368.0)	(80.0, 17767.5)	(81.0, 18485.0)	(82.0, 16627.5)	(83.0, 11398.5)	(84.0, 7295.5)	(85.0, 6269.5)	(86.0, 6198.0)	(87.0, 4819.0)	(88.0, 2981.0)	(89.0, 1685.5)	(90.0, 1061.5)	(91.0, 841.5)	(92.0, 923.5)	(93.0, 854.0)	(94.0, 597.5)	(95.0, 449.0)	(96.0, 375.0)	(97.0, 371.0)	(98.0, 438.0)	(99.0, 395.5)	(100.0, 187.5)
SRR20277669_2	(0.0, 19799.0)	(1.0, 10790.0)	(2.0, 1467.0)	(3.0, 988.0)	(4.0, 823.0)	(5.0, 914.5)	(6.0, 1216.5)	(7.0, 1063.0)	(8.0, 643.0)	(9.0, 600.0)	(10.0, 595.0)	(11.0, 637.5)	(12.0, 764.0)	(13.0, 876.5)	(14.0, 1030.0)	(15.0, 1263.5)	(16.0, 1582.5)	(17.0, 2091.0)	(18.0, 2806.5)	(19.0, 3817.0)	(20.0, 5409.5)	(21.0, 7734.5)	(22.0, 11011.5)	(23.0, 15867.5)	(24.0, 22642.5)	(25.0, 31644.5)	(26.0, 43536.0)	(27.0, 57868.5)	(28.0, 74818.5)	(29.0, 94159.5)	(30.0, 114167.0)	(31.0, 134381.5)	(32.0, 154326.0)	(33.0, 172583.0)	(34.0, 188460.5)	(35.0, 202140.5)	(36.0, 214738.5)	(37.0, 225611.5)	(38.0, 233563.5)	(39.0, 239385.5)	(40.0, 243538.0)	(41.0, 245491.0)	(42.0, 245655.0)	(43.0, 244861.0)	(44.0, 244743.0)	(45.0, 246562.5)	(46.0, 253211.0)	(47.0, 262265.0)	(48.0, 262903.5)	(49.0, 259742.5)	(50.0, 258489.5)	(51.0, 256179.0)	(52.0, 251587.0)	(53.0, 247767.0)	(54.0, 244079.5)	(55.0, 239996.5)	(56.0, 235100.0)	(57.0, 228029.0)	(58.0, 222010.0)	(59.0, 215433.5)	(60.0, 212709.0)	(61.0, 211971.0)	(62.0, 194387.5)	(63.0, 167114.0)	(64.0, 145190.5)	(65.0, 119840.5)	(66.0, 95379.0)	(67.0, 77481.0)	(68.0, 63141.5)	(69.0, 52351.0)	(70.0, 44017.5)	(71.0, 37675.0)	(72.0, 32042.5)	(73.0, 27519.5)	(74.0, 25957.5)	(75.0, 25468.0)	(76.0, 26746.0)	(77.0, 27735.0)	(78.0, 23602.5)	(79.0, 17161.5)	(80.0, 13953.5)	(81.0, 12581.0)	(82.0, 10702.0)	(83.0, 9050.0)	(84.0, 7041.5)	(85.0, 5687.0)	(86.0, 4940.5)	(87.0, 4112.0)	(88.0, 3526.5)	(89.0, 3117.0)	(90.0, 2813.0)	(91.0, 2650.5)	(92.0, 2566.0)	(93.0, 2572.5)	(94.0, 2602.0)	(95.0, 2821.5)	(96.0, 3374.0)	(97.0, 4376.5)	(98.0, 5423.5)	(99.0, 5215.5)	(100.0, 4281.0)
SRR20277670_1	(0.0, 19079.0)	(1.0, 10734.5)	(2.0, 1807.0)	(3.0, 1040.5)	(4.0, 924.0)	(5.0, 844.0)	(6.0, 602.0)	(7.0, 453.0)	(8.0, 376.5)	(9.0, 354.0)	(10.0, 346.0)	(11.0, 336.5)	(12.0, 354.5)	(13.0, 395.0)	(14.0, 483.5)	(15.0, 650.0)	(16.0, 915.0)	(17.0, 1315.0)	(18.0, 1947.0)	(19.0, 2970.0)	(20.0, 4433.5)	(21.0, 6656.0)	(22.0, 10134.0)	(23.0, 14948.0)	(24.0, 21638.0)	(25.0, 30639.5)	(26.0, 41960.5)	(27.0, 55887.0)	(28.0, 73151.0)	(29.0, 92605.0)	(30.0, 113294.5)	(31.0, 135111.0)	(32.0, 156109.5)	(33.0, 175562.5)	(34.0, 194190.5)	(35.0, 211594.5)	(36.0, 227938.5)	(37.0, 240763.5)	(38.0, 248792.5)	(39.0, 254959.5)	(40.0, 259284.0)	(41.0, 261748.0)	(42.0, 262286.0)	(43.0, 261132.0)	(44.0, 260577.0)	(45.0, 262463.5)	(46.0, 265961.5)	(47.0, 269858.5)	(48.0, 274650.5)	(49.0, 279465.0)	(50.0, 283924.5)	(51.0, 287978.5)	(52.0, 286751.0)	(53.0, 272725.0)	(54.0, 254031.5)	(55.0, 246361.0)	(56.0, 240501.0)	(57.0, 229745.5)	(58.0, 216734.5)	(59.0, 209041.5)	(60.0, 214293.5)	(61.0, 213202.5)	(62.0, 201859.5)	(63.0, 170912.0)	(64.0, 128094.0)	(65.0, 102847.5)	(66.0, 90177.0)	(67.0, 81008.5)	(68.0, 66420.0)	(69.0, 50133.0)	(70.0, 40848.0)	(71.0, 34829.0)	(72.0, 29486.0)	(73.0, 25862.5)	(74.0, 24173.5)	(75.0, 21915.0)	(76.0, 21705.5)	(77.0, 21628.5)	(78.0, 19316.5)	(79.0, 17995.5)	(80.0, 17435.5)	(81.0, 18396.0)	(82.0, 16858.5)	(83.0, 11651.0)	(84.0, 7318.5)	(85.0, 6095.0)	(86.0, 6012.0)	(87.0, 4794.5)	(88.0, 3029.5)	(89.0, 1681.5)	(90.0, 1091.5)	(91.0, 928.5)	(92.0, 993.5)	(93.0, 925.0)	(94.0, 688.0)	(95.0, 491.0)	(96.0, 407.0)	(97.0, 459.5)	(98.0, 470.0)	(99.0, 383.0)	(100.0, 192.5)
SRR20277670_2	(0.0, 19648.0)	(1.0, 10788.5)	(2.0, 1624.5)	(3.0, 1124.0)	(4.0, 884.0)	(5.0, 1001.0)	(6.0, 1362.0)	(7.0, 1141.0)	(8.0, 650.0)	(9.0, 562.0)	(10.0, 540.0)	(11.0, 574.5)	(12.0, 655.5)	(13.0, 772.0)	(14.0, 967.0)	(15.0, 1172.0)	(16.0, 1445.5)	(17.0, 1905.0)	(18.0, 2628.5)	(19.0, 3660.0)	(20.0, 5261.0)	(21.0, 7615.5)	(22.0, 11019.5)	(23.0, 16022.0)	(24.0, 23007.0)	(25.0, 32208.5)	(26.0, 44401.5)	(27.0, 59313.5)	(28.0, 76927.5)	(29.0, 96712.0)	(30.0, 117012.0)	(31.0, 137829.0)	(32.0, 158580.5)	(33.0, 177661.0)	(34.0, 194799.5)	(35.0, 209385.0)	(36.0, 222016.0)	(37.0, 233217.5)	(38.0, 241565.5)	(39.0, 247975.5)	(40.0, 251755.0)	(41.0, 253578.5)	(42.0, 254232.5)	(43.0, 252979.5)	(44.0, 252966.0)	(45.0, 255107.5)	(46.0, 261627.5)	(47.0, 270272.5)	(48.0, 271082.5)	(49.0, 268419.0)	(50.0, 266595.0)	(51.0, 263846.5)	(52.0, 259646.0)	(53.0, 255721.0)	(54.0, 251766.5)	(55.0, 247161.0)	(56.0, 242085.5)	(57.0, 235136.5)	(58.0, 229017.5)	(59.0, 221926.0)	(60.0, 218623.5)	(61.0, 218676.0)	(62.0, 201566.5)	(63.0, 173265.5)	(64.0, 149960.0)	(65.0, 123640.5)	(66.0, 98606.5)	(67.0, 80033.5)	(68.0, 65056.5)	(69.0, 53910.5)	(70.0, 45028.0)	(71.0, 38208.5)	(72.0, 32621.5)	(73.0, 27861.0)	(74.0, 25777.0)	(75.0, 25318.5)	(76.0, 26801.5)	(77.0, 27444.5)	(78.0, 23235.5)	(79.0, 17158.0)	(80.0, 13842.5)	(81.0, 12466.5)	(82.0, 10785.5)	(83.0, 9179.5)	(84.0, 7171.5)	(85.0, 5803.5)	(86.0, 5071.0)	(87.0, 4329.5)	(88.0, 3660.5)	(89.0, 3186.0)	(90.0, 2902.0)	(91.0, 2747.5)	(92.0, 2681.5)	(93.0, 2588.5)	(94.0, 2666.0)	(95.0, 2995.0)	(96.0, 3474.5)	(97.0, 4409.0)	(98.0, 5389.0)	(99.0, 5217.5)	(100.0, 4435.0)
SRR20277671_1	(0.0, 18526.0)	(1.0, 10421.5)	(2.0, 1720.5)	(3.0, 955.5)	(4.0, 851.5)	(5.0, 769.5)	(6.0, 516.0)	(7.0, 401.0)	(8.0, 365.5)	(9.0, 333.5)	(10.0, 344.0)	(11.0, 363.5)	(12.0, 347.5)	(13.0, 360.5)	(14.0, 472.5)	(15.0, 631.0)	(16.0, 870.0)	(17.0, 1244.0)	(18.0, 1872.0)	(19.0, 2932.5)	(20.0, 4480.5)	(21.0, 6688.0)	(22.0, 10137.5)	(23.0, 15032.0)	(24.0, 21569.0)	(25.0, 30499.0)	(26.0, 41654.5)	(27.0, 55294.0)	(28.0, 72679.5)	(29.0, 91536.0)	(30.0, 111560.0)	(31.0, 133216.0)	(32.0, 153860.5)	(33.0, 173094.0)	(34.0, 191389.5)	(35.0, 208176.0)	(36.0, 223796.5)	(37.0, 236746.0)	(38.0, 245042.5)	(39.0, 250591.0)	(40.0, 253827.0)	(41.0, 257014.0)	(42.0, 258698.0)	(43.0, 256817.0)	(44.0, 256457.0)	(45.0, 258839.0)	(46.0, 262214.5)	(47.0, 266034.0)	(48.0, 270430.0)	(49.0, 274650.0)	(50.0, 278788.0)	(51.0, 283001.5)	(52.0, 282442.0)	(53.0, 268056.0)	(54.0, 248814.0)	(55.0, 241474.0)	(56.0, 235889.0)	(57.0, 225066.0)	(58.0, 212174.5)	(59.0, 205113.0)	(60.0, 210216.5)	(61.0, 208697.5)	(62.0, 197055.5)	(63.0, 166152.0)	(64.0, 124448.5)	(65.0, 100189.5)	(66.0, 87613.0)	(67.0, 79188.5)	(68.0, 65072.0)	(69.0, 48816.5)	(70.0, 39943.5)	(71.0, 34338.5)	(72.0, 29298.5)	(73.0, 25664.0)	(74.0, 24169.5)	(75.0, 21951.0)	(76.0, 21444.0)	(77.0, 21198.0)	(78.0, 19090.0)	(79.0, 18081.5)	(80.0, 17461.0)	(81.0, 17980.0)	(82.0, 16160.5)	(83.0, 11166.0)	(84.0, 7269.5)	(85.0, 6204.5)	(86.0, 6044.0)	(87.0, 4683.5)	(88.0, 2887.0)	(89.0, 1635.5)	(90.0, 1032.5)	(91.0, 850.0)	(92.0, 881.0)	(93.0, 779.0)	(94.0, 558.5)	(95.0, 412.5)	(96.0, 319.5)	(97.0, 352.5)	(98.0, 411.5)	(99.0, 359.5)	(100.0, 173.5)
SRR20277671_2	(0.0, 19032.0)	(1.0, 10429.5)	(2.0, 1511.5)	(3.0, 984.0)	(4.0, 740.0)	(5.0, 846.5)	(6.0, 1224.0)	(7.0, 1072.5)	(8.0, 616.5)	(9.0, 539.0)	(10.0, 569.0)	(11.0, 605.0)	(12.0, 639.0)	(13.0, 735.0)	(14.0, 903.0)	(15.0, 1093.5)	(16.0, 1366.0)	(17.0, 1815.5)	(18.0, 2437.5)	(19.0, 3455.0)	(20.0, 5076.5)	(21.0, 7439.5)	(22.0, 10908.5)	(23.0, 15979.0)	(24.0, 22954.0)	(25.0, 32258.5)	(26.0, 44139.5)	(27.0, 58889.5)	(28.0, 76436.5)	(29.0, 96044.0)	(30.0, 116670.5)	(31.0, 137014.0)	(32.0, 157088.0)	(33.0, 175308.0)	(34.0, 191714.5)	(35.0, 206901.5)	(36.0, 218797.5)	(37.0, 229386.0)	(38.0, 238206.0)	(39.0, 243916.0)	(40.0, 247713.0)	(41.0, 249384.5)	(42.0, 250056.5)	(43.0, 249898.5)	(44.0, 249233.0)	(45.0, 250503.0)	(46.0, 257558.0)	(47.0, 266318.0)	(48.0, 266286.5)	(49.0, 263230.5)	(50.0, 262159.0)	(51.0, 259290.5)	(52.0, 254481.0)	(53.0, 250637.0)	(54.0, 246728.0)	(55.0, 242762.5)	(56.0, 237465.5)	(57.0, 230278.5)	(58.0, 224534.0)	(59.0, 217849.0)	(60.0, 215340.0)	(61.0, 214293.5)	(62.0, 195791.0)	(63.0, 168319.0)	(64.0, 146003.5)	(65.0, 120487.0)	(66.0, 95916.0)	(67.0, 77496.5)	(68.0, 63260.0)	(69.0, 52325.5)	(70.0, 44046.5)	(71.0, 37667.0)	(72.0, 31726.5)	(73.0, 27194.5)	(74.0, 25850.5)	(75.0, 25595.0)	(76.0, 26840.0)	(77.0, 27471.5)	(78.0, 23291.0)	(79.0, 17114.0)	(80.0, 13822.0)	(81.0, 12203.0)	(82.0, 10234.0)	(83.0, 8619.5)	(84.0, 6676.5)	(85.0, 5381.0)	(86.0, 4670.0)	(87.0, 4038.0)	(88.0, 3433.5)	(89.0, 2968.5)	(90.0, 2723.0)	(91.0, 2576.5)	(92.0, 2485.0)	(93.0, 2473.5)	(94.0, 2585.5)	(95.0, 2791.0)	(96.0, 3268.0)	(97.0, 4331.5)	(98.0, 5395.5)	(99.0, 5160.0)	(100.0, 4193.0)
SRR20277672_1	(0.0, 8110.0)	(1.0, 4809.0)	(2.0, 1160.5)	(3.0, 652.0)	(4.0, 476.5)	(5.0, 389.5)	(6.0, 246.5)	(7.0, 171.5)	(8.0, 180.5)	(9.0, 184.5)	(10.0, 186.5)	(11.0, 203.5)	(12.0, 239.0)	(13.0, 337.0)	(14.0, 483.5)	(15.0, 691.5)	(16.0, 1063.0)	(17.0, 1698.0)	(18.0, 2669.0)	(19.0, 4128.0)	(20.0, 6366.0)	(21.0, 9838.0)	(22.0, 14768.0)	(23.0, 21232.0)	(24.0, 30110.5)	(25.0, 41880.5)	(26.0, 56772.0)	(27.0, 74202.0)	(28.0, 93402.5)	(29.0, 114183.5)	(30.0, 135868.0)	(31.0, 158272.0)	(32.0, 179996.0)	(33.0, 198223.0)	(34.0, 213809.0)	(35.0, 228692.0)	(36.0, 242541.5)	(37.0, 253047.5)	(38.0, 258883.0)	(39.0, 261564.5)	(40.0, 263134.5)	(41.0, 264820.0)	(42.0, 266436.0)	(43.0, 262843.5)	(44.0, 255037.0)	(45.0, 248990.0)	(46.0, 245617.0)	(47.0, 243894.0)	(48.0, 241817.0)	(49.0, 239722.5)	(50.0, 239285.5)	(51.0, 238177.5)	(52.0, 230445.5)	(53.0, 216125.5)	(54.0, 203270.5)	(55.0, 198272.0)	(56.0, 191932.5)	(57.0, 180438.0)	(58.0, 167165.0)	(59.0, 161471.5)	(60.0, 174030.5)	(61.0, 178715.5)	(62.0, 166391.0)	(63.0, 141246.5)	(64.0, 105068.0)	(65.0, 79175.5)	(66.0, 67829.5)	(67.0, 63096.5)	(68.0, 53762.5)	(69.0, 39835.5)	(70.0, 30552.5)	(71.0, 25519.0)	(72.0, 21621.0)	(73.0, 17958.0)	(74.0, 15209.0)	(75.0, 13491.0)	(76.0, 12524.0)	(77.0, 11523.5)	(78.0, 10433.5)	(79.0, 8680.5)	(80.0, 7048.5)	(81.0, 7263.5)	(82.0, 6734.0)	(83.0, 4803.0)	(84.0, 2878.5)	(85.0, 1864.5)	(86.0, 1625.0)	(87.0, 1402.5)	(88.0, 1020.5)	(89.0, 729.0)	(90.0, 569.0)	(91.0, 508.5)	(92.0, 620.5)	(93.0, 613.0)	(94.0, 381.0)	(95.0, 231.5)	(96.0, 209.5)	(97.0, 208.0)	(98.0, 158.5)	(99.0, 100.0)	(100.0, 46.5)
SRR20277672_2	(0.0, 9124.0)	(1.0, 5057.5)	(2.0, 929.5)	(3.0, 781.0)	(4.0, 628.5)	(5.0, 646.0)	(6.0, 848.5)	(7.0, 701.5)	(8.0, 427.0)	(9.0, 459.0)	(10.0, 521.0)	(11.0, 580.0)	(12.0, 705.0)	(13.0, 905.0)	(14.0, 1156.0)	(15.0, 1434.5)	(16.0, 1887.0)	(17.0, 2591.0)	(18.0, 3532.0)	(19.0, 5005.0)	(20.0, 7430.0)	(21.0, 11091.0)	(22.0, 16139.0)	(23.0, 23186.5)	(24.0, 32502.0)	(25.0, 45101.5)	(26.0, 60734.5)	(27.0, 78872.0)	(28.0, 99374.5)	(29.0, 120221.0)	(30.0, 141183.0)	(31.0, 162143.0)	(32.0, 182378.5)	(33.0, 199869.5)	(34.0, 215163.5)	(35.0, 229327.0)	(36.0, 240242.0)	(37.0, 248437.5)	(38.0, 253564.5)	(39.0, 256203.0)	(40.0, 256043.0)	(41.0, 254208.5)	(42.0, 252260.5)	(43.0, 249789.0)	(44.0, 245910.0)	(45.0, 241498.0)	(46.0, 239688.5)	(47.0, 240094.0)	(48.0, 237473.5)	(49.0, 233062.0)	(50.0, 227591.0)	(51.0, 221157.5)	(52.0, 212801.0)	(53.0, 205980.5)	(54.0, 202385.5)	(55.0, 196555.5)	(56.0, 188291.0)	(57.0, 179991.0)	(58.0, 174623.5)	(59.0, 171380.5)	(60.0, 174229.5)	(61.0, 177859.0)	(62.0, 165928.0)	(63.0, 146796.5)	(64.0, 132368.5)	(65.0, 107727.0)	(66.0, 79196.0)	(67.0, 61034.5)	(68.0, 49207.0)	(69.0, 40393.0)	(70.0, 33466.0)	(71.0, 28101.5)	(72.0, 23277.5)	(73.0, 19263.0)	(74.0, 17308.5)	(75.0, 16459.5)	(76.0, 16356.5)	(77.0, 16167.5)	(78.0, 13540.0)	(79.0, 9542.0)	(80.0, 7155.5)	(81.0, 6026.5)	(82.0, 4724.5)	(83.0, 3554.5)	(84.0, 2718.5)	(85.0, 2143.0)	(86.0, 1804.5)	(87.0, 1609.5)	(88.0, 1369.5)	(89.0, 1197.5)	(90.0, 1129.0)	(91.0, 1070.5)	(92.0, 974.5)	(93.0, 893.5)	(94.0, 890.5)	(95.0, 954.5)	(96.0, 1137.0)	(97.0, 1445.5)	(98.0, 1640.5)	(99.0, 1538.5)	(100.0, 1985.5)
SRR20277673_1	(0.0, 7189.0)	(1.0, 4283.0)	(2.0, 1073.0)	(3.0, 596.5)	(4.0, 418.0)	(5.0, 356.5)	(6.0, 246.5)	(7.0, 184.5)	(8.0, 171.0)	(9.0, 169.0)	(10.0, 178.5)	(11.0, 204.5)	(12.0, 245.0)	(13.0, 334.5)	(14.0, 461.0)	(15.0, 666.0)	(16.0, 1076.0)	(17.0, 1696.0)	(18.0, 2564.0)	(19.0, 3973.0)	(20.0, 6153.5)	(21.0, 9464.0)	(22.0, 14184.0)	(23.0, 20579.5)	(24.0, 28973.5)	(25.0, 40165.5)	(26.0, 54673.5)	(27.0, 71271.0)	(28.0, 89973.5)	(29.0, 109820.5)	(30.0, 130722.0)	(31.0, 152780.0)	(32.0, 173755.0)	(33.0, 191046.0)	(34.0, 205721.0)	(35.0, 220214.5)	(36.0, 233113.0)	(37.0, 243026.5)	(38.0, 249406.0)	(39.0, 252590.0)	(40.0, 253690.0)	(41.0, 255093.5)	(42.0, 256925.5)	(43.0, 253372.5)	(44.0, 245201.0)	(45.0, 239405.5)	(46.0, 237092.0)	(47.0, 235778.0)	(48.0, 233318.0)	(49.0, 230715.5)	(50.0, 230230.0)	(51.0, 229500.5)	(52.0, 222423.0)	(53.0, 208598.0)	(54.0, 196747.0)	(55.0, 192254.5)	(56.0, 186097.0)	(57.0, 174776.0)	(58.0, 161531.5)	(59.0, 156475.5)	(60.0, 169148.5)	(61.0, 172939.5)	(62.0, 161244.0)	(63.0, 136959.0)	(64.0, 100951.0)	(65.0, 76091.5)	(66.0, 65711.5)	(67.0, 61332.0)	(68.0, 51811.5)	(69.0, 38211.0)	(70.0, 29220.0)	(71.0, 24514.5)	(72.0, 20888.0)	(73.0, 16971.5)	(74.0, 14431.5)	(75.0, 12836.5)	(76.0, 11613.5)	(77.0, 10734.0)	(78.0, 9813.5)	(79.0, 8209.0)	(80.0, 6555.0)	(81.0, 6754.5)	(82.0, 6234.5)	(83.0, 4316.0)	(84.0, 2620.0)	(85.0, 1721.5)	(86.0, 1529.5)	(87.0, 1316.0)	(88.0, 935.5)	(89.0, 642.0)	(90.0, 510.5)	(91.0, 470.5)	(92.0, 520.5)	(93.0, 505.5)	(94.0, 351.0)	(95.0, 201.5)	(96.0, 130.0)	(97.0, 113.0)	(98.0, 95.5)	(99.0, 76.5)	(100.0, 43.0)
SRR20277673_2	(0.0, 8043.0)	(1.0, 4482.5)	(2.0, 854.5)	(3.0, 654.5)	(4.0, 488.0)	(5.0, 509.0)	(6.0, 694.5)	(7.0, 640.0)	(8.0, 440.0)	(9.0, 424.0)	(10.0, 456.0)	(11.0, 556.5)	(12.0, 692.5)	(13.0, 875.0)	(14.0, 1089.5)	(15.0, 1381.0)	(16.0, 1854.5)	(17.0, 2500.0)	(18.0, 3469.0)	(19.0, 4934.0)	(20.0, 7118.5)	(21.0, 10642.0)	(22.0, 15616.0)	(23.0, 22335.5)	(24.0, 31703.0)	(25.0, 44036.5)	(26.0, 59010.5)	(27.0, 76520.0)	(28.0, 96017.5)	(29.0, 115998.5)	(30.0, 136255.0)	(31.0, 157128.0)	(32.0, 176984.5)	(33.0, 193552.5)	(34.0, 207496.5)	(35.0, 220434.5)	(36.0, 231614.5)	(37.0, 239401.5)	(38.0, 244830.0)	(39.0, 247557.0)	(40.0, 246361.0)	(41.0, 244549.0)	(42.0, 243388.5)	(43.0, 241478.5)	(44.0, 237179.0)	(45.0, 232593.0)	(46.0, 231726.0)	(47.0, 232231.0)	(48.0, 229037.0)	(49.0, 224443.0)	(50.0, 218852.5)	(51.0, 211689.0)	(52.0, 203898.0)	(53.0, 198854.5)	(54.0, 195692.0)	(55.0, 189907.0)	(56.0, 182008.0)	(57.0, 174039.5)	(58.0, 168629.0)	(59.0, 165927.5)	(60.0, 169335.0)	(61.0, 172607.0)	(62.0, 159998.0)	(63.0, 141994.0)	(64.0, 128267.5)	(65.0, 103074.5)	(66.0, 75249.5)	(67.0, 58168.0)	(68.0, 46948.0)	(69.0, 38494.5)	(70.0, 31819.5)	(71.0, 26636.5)	(72.0, 22217.0)	(73.0, 18545.5)	(74.0, 16582.0)	(75.0, 15633.0)	(76.0, 15450.5)	(77.0, 15278.5)	(78.0, 12731.5)	(79.0, 8965.0)	(80.0, 6651.5)	(81.0, 5512.5)	(82.0, 4309.0)	(83.0, 3202.5)	(84.0, 2356.5)	(85.0, 1861.0)	(86.0, 1627.5)	(87.0, 1463.5)	(88.0, 1263.5)	(89.0, 1082.5)	(90.0, 1003.5)	(91.0, 956.5)	(92.0, 894.0)	(93.0, 851.0)	(94.0, 863.5)	(95.0, 909.5)	(96.0, 1031.5)	(97.0, 1330.5)	(98.0, 1608.0)	(99.0, 1538.0)	(100.0, 1935.5)
SRR20277674_1	(0.0, 7361.0)	(1.0, 4372.0)	(2.0, 1080.0)	(3.0, 615.0)	(4.0, 419.0)	(5.0, 337.5)	(6.0, 263.0)	(7.0, 203.0)	(8.0, 169.0)	(9.0, 159.0)	(10.0, 177.5)	(11.0, 218.5)	(12.0, 261.0)	(13.0, 334.0)	(14.0, 461.5)	(15.0, 690.5)	(16.0, 1095.0)	(17.0, 1650.5)	(18.0, 2603.0)	(19.0, 4092.0)	(20.0, 6351.5)	(21.0, 9726.5)	(22.0, 14637.0)	(23.0, 21416.0)	(24.0, 30152.0)	(25.0, 42067.0)	(26.0, 56835.0)	(27.0, 73781.0)	(28.0, 93064.5)	(29.0, 113324.5)	(30.0, 134801.0)	(31.0, 157247.0)	(32.0, 178900.0)	(33.0, 197776.5)	(34.0, 213791.5)	(35.0, 228238.0)	(36.0, 240911.5)	(37.0, 251673.0)	(38.0, 257807.0)	(39.0, 260246.0)	(40.0, 262266.0)	(41.0, 264254.5)	(42.0, 266172.5)	(43.0, 262640.5)	(44.0, 254682.5)	(45.0, 248910.0)	(46.0, 246324.0)	(47.0, 244238.5)	(48.0, 241650.0)	(49.0, 239476.0)	(50.0, 238645.0)	(51.0, 237366.5)	(52.0, 230415.0)	(53.0, 216559.0)	(54.0, 203773.0)	(55.0, 198296.5)	(56.0, 191656.0)	(57.0, 180718.5)	(58.0, 166984.5)	(59.0, 161547.5)	(60.0, 174756.0)	(61.0, 179017.0)	(62.0, 166935.5)	(63.0, 142267.0)	(64.0, 105665.0)	(65.0, 78875.5)	(66.0, 67476.0)	(67.0, 63007.0)	(68.0, 53192.5)	(69.0, 39201.0)	(70.0, 30209.5)	(71.0, 25281.5)	(72.0, 21181.5)	(73.0, 17330.0)	(74.0, 14683.5)	(75.0, 12869.5)	(76.0, 11662.5)	(77.0, 10872.0)	(78.0, 9901.0)	(79.0, 8136.5)	(80.0, 6515.5)	(81.0, 6667.0)	(82.0, 6222.5)	(83.0, 4465.5)	(84.0, 2723.0)	(85.0, 1742.0)	(86.0, 1503.5)	(87.0, 1347.0)	(88.0, 971.5)	(89.0, 668.0)	(90.0, 525.5)	(91.0, 470.0)	(92.0, 557.0)	(93.0, 535.0)	(94.0, 361.0)	(95.0, 229.0)	(96.0, 173.5)	(97.0, 164.0)	(98.0, 124.0)	(99.0, 85.5)	(100.0, 45.0)
SRR20277674_2	(0.0, 7963.0)	(1.0, 4479.5)	(2.0, 908.0)	(3.0, 695.0)	(4.0, 513.5)	(5.0, 532.0)	(6.0, 723.0)	(7.0, 643.5)	(8.0, 419.0)	(9.0, 377.0)	(10.0, 407.0)	(11.0, 503.5)	(12.0, 600.0)	(13.0, 726.5)	(14.0, 925.5)	(15.0, 1210.5)	(16.0, 1638.5)	(17.0, 2307.5)	(18.0, 3300.5)	(19.0, 4832.0)	(20.0, 7202.0)	(21.0, 10722.5)	(22.0, 15822.5)	(23.0, 23133.5)	(24.0, 32679.5)	(25.0, 44597.5)	(26.0, 59969.5)	(27.0, 78748.5)	(28.0, 99156.5)	(29.0, 119700.0)	(30.0, 140500.0)	(31.0, 161533.5)	(32.0, 182003.0)	(33.0, 200033.0)	(34.0, 214522.5)	(35.0, 227833.0)	(36.0, 239033.0)	(37.0, 246812.5)	(38.0, 252687.5)	(39.0, 255677.0)	(40.0, 255443.5)	(41.0, 253801.0)	(42.0, 252178.5)	(43.0, 249720.5)	(44.0, 245403.5)	(45.0, 240731.0)	(46.0, 239366.0)	(47.0, 240458.0)	(48.0, 237727.0)	(49.0, 232539.0)	(50.0, 226876.0)	(51.0, 220859.0)	(52.0, 212389.5)	(53.0, 205892.0)	(54.0, 202874.5)	(55.0, 196886.0)	(56.0, 188916.0)	(57.0, 180288.5)	(58.0, 173828.0)	(59.0, 171760.5)	(60.0, 175604.5)	(61.0, 178861.0)	(62.0, 166184.0)	(63.0, 147563.0)	(64.0, 133048.5)	(65.0, 107134.5)	(66.0, 78332.5)	(67.0, 60450.5)	(68.0, 48928.0)	(69.0, 39932.0)	(70.0, 32895.0)	(71.0, 27665.0)	(72.0, 22942.0)	(73.0, 18873.5)	(74.0, 16601.5)	(75.0, 15530.5)	(76.0, 15484.5)	(77.0, 15243.0)	(78.0, 12620.0)	(79.0, 9018.5)	(80.0, 6790.5)	(81.0, 5572.0)	(82.0, 4335.0)	(83.0, 3294.5)	(84.0, 2508.5)	(85.0, 1997.0)	(86.0, 1676.0)	(87.0, 1496.5)	(88.0, 1284.0)	(89.0, 1066.0)	(90.0, 991.5)	(91.0, 943.5)	(92.0, 923.0)	(93.0, 912.0)	(94.0, 889.0)	(95.0, 945.0)	(96.0, 1098.5)	(97.0, 1379.0)	(98.0, 1613.0)	(99.0, 1535.5)	(100.0, 1984.0)
SRR20277675_1	(0.0, 6822.0)	(1.0, 4086.0)	(2.0, 1019.5)	(3.0, 549.5)	(4.0, 393.5)	(5.0, 342.0)	(6.0, 249.5)	(7.0, 175.5)	(8.0, 155.5)	(9.0, 154.0)	(10.0, 172.5)	(11.0, 193.5)	(12.0, 232.5)	(13.0, 304.5)	(14.0, 437.0)	(15.0, 692.0)	(16.0, 1020.5)	(17.0, 1596.5)	(18.0, 2546.5)	(19.0, 4025.5)	(20.0, 6168.5)	(21.0, 9382.0)	(22.0, 14325.0)	(23.0, 20799.0)	(24.0, 29275.5)	(25.0, 40762.5)	(26.0, 55366.0)	(27.0, 72073.5)	(28.0, 90944.5)	(29.0, 111069.0)	(30.0, 131527.5)	(31.0, 152837.0)	(32.0, 173680.0)	(33.0, 191989.5)	(34.0, 207181.0)	(35.0, 220557.0)	(36.0, 232501.0)	(37.0, 242634.0)	(38.0, 248849.0)	(39.0, 251745.0)	(40.0, 253146.5)	(41.0, 254583.5)	(42.0, 256516.0)	(43.0, 252863.0)	(44.0, 245189.0)	(45.0, 239608.5)	(46.0, 236417.5)	(47.0, 234835.0)	(48.0, 232758.0)	(49.0, 230523.5)	(50.0, 229933.5)	(51.0, 228322.0)	(52.0, 221191.5)	(53.0, 207423.5)	(54.0, 195379.5)	(55.0, 191538.0)	(56.0, 185227.5)	(57.0, 173348.0)	(58.0, 160931.0)	(59.0, 156141.0)	(60.0, 168005.5)	(61.0, 172075.0)	(62.0, 160050.0)	(63.0, 135675.5)	(64.0, 100606.0)	(65.0, 75556.5)	(66.0, 65193.5)	(67.0, 60903.0)	(68.0, 51156.5)	(69.0, 37679.5)	(70.0, 28856.5)	(71.0, 24213.5)	(72.0, 20618.0)	(73.0, 16930.0)	(74.0, 14225.0)	(75.0, 12317.5)	(76.0, 11178.5)	(77.0, 10399.0)	(78.0, 9502.5)	(79.0, 7874.5)	(80.0, 6336.5)	(81.0, 6498.0)	(82.0, 6093.0)	(83.0, 4337.0)	(84.0, 2572.5)	(85.0, 1703.0)	(86.0, 1531.5)	(87.0, 1319.5)	(88.0, 944.5)	(89.0, 654.5)	(90.0, 476.5)	(91.0, 422.5)	(92.0, 485.5)	(93.0, 459.5)	(94.0, 304.5)	(95.0, 177.0)	(96.0, 113.5)	(97.0, 100.0)	(98.0, 92.5)	(99.0, 69.5)	(100.0, 37.5)
SRR20277675_2	(0.0, 7472.0)	(1.0, 4201.5)	(2.0, 810.5)	(3.0, 566.0)	(4.0, 422.0)	(5.0, 469.5)	(6.0, 674.0)	(7.0, 614.0)	(8.0, 384.0)	(9.0, 365.0)	(10.0, 428.0)	(11.0, 511.0)	(12.0, 588.5)	(13.0, 688.0)	(14.0, 873.0)	(15.0, 1184.0)	(16.0, 1596.0)	(17.0, 2235.0)	(18.0, 3207.5)	(19.0, 4655.5)	(20.0, 6946.0)	(21.0, 10422.0)	(22.0, 15409.5)	(23.0, 22198.5)	(24.0, 31463.0)	(25.0, 43653.5)	(26.0, 58802.0)	(27.0, 76737.5)	(28.0, 96809.0)	(29.0, 117112.5)	(30.0, 137535.0)	(31.0, 157896.5)	(32.0, 177588.0)	(33.0, 194533.0)	(34.0, 208086.5)	(35.0, 220921.5)	(36.0, 232142.0)	(37.0, 239581.0)	(38.0, 244631.0)	(39.0, 247681.5)	(40.0, 246679.0)	(41.0, 244475.0)	(42.0, 242889.0)	(43.0, 240679.5)	(44.0, 236641.5)	(45.0, 232152.5)	(46.0, 230837.5)	(47.0, 231356.0)	(48.0, 228180.0)	(49.0, 223324.0)	(50.0, 218190.0)	(51.0, 212166.5)	(52.0, 203787.5)	(53.0, 198244.0)	(54.0, 194854.5)	(55.0, 188238.5)	(56.0, 180890.5)	(57.0, 173055.0)	(58.0, 167450.0)	(59.0, 165193.0)	(60.0, 168701.0)	(61.0, 171429.5)	(62.0, 158634.0)	(63.0, 141013.5)	(64.0, 127554.0)	(65.0, 101974.5)	(66.0, 74142.0)	(67.0, 57571.5)	(68.0, 46773.0)	(69.0, 38195.0)	(70.0, 31292.5)	(71.0, 26360.5)	(72.0, 21851.0)	(73.0, 18215.5)	(74.0, 16304.0)	(75.0, 15369.5)	(76.0, 15221.0)	(77.0, 14941.5)	(78.0, 12345.5)	(79.0, 8569.0)	(80.0, 6347.0)	(81.0, 5205.0)	(82.0, 4022.0)	(83.0, 3028.0)	(84.0, 2259.0)	(85.0, 1833.0)	(86.0, 1571.5)	(87.0, 1365.5)	(88.0, 1170.0)	(89.0, 1008.0)	(90.0, 943.0)	(91.0, 952.0)	(92.0, 891.5)	(93.0, 799.0)	(94.0, 813.0)	(95.0, 879.0)	(96.0, 999.0)	(97.0, 1305.0)	(98.0, 1551.5)	(99.0, 1431.5)	(100.0, 1842.0)
SRR20277676_1	(0.0, 8453.0)	(1.0, 4610.5)	(2.0, 594.5)	(3.0, 324.5)	(4.0, 227.0)	(5.0, 187.0)	(6.0, 125.0)	(7.0, 103.0)	(8.0, 103.5)	(9.0, 104.5)	(10.0, 118.0)	(11.0, 162.5)	(12.0, 227.0)	(13.0, 290.5)	(14.0, 425.0)	(15.0, 666.0)	(16.0, 1022.5)	(17.0, 1628.0)	(18.0, 2566.5)	(19.0, 4002.0)	(20.0, 6267.0)	(21.0, 9714.0)	(22.0, 14554.0)	(23.0, 20935.0)	(24.0, 29640.5)	(25.0, 41197.0)	(26.0, 55628.0)	(27.0, 72412.5)	(28.0, 91734.5)	(29.0, 113011.5)	(30.0, 135033.0)	(31.0, 156453.0)	(32.0, 176936.0)	(33.0, 195932.0)	(34.0, 212874.0)	(35.0, 227333.0)	(36.0, 239035.5)	(37.0, 247965.5)	(38.0, 251618.5)	(39.0, 251889.0)	(40.0, 250358.5)	(41.0, 247984.5)	(42.0, 244979.5)	(43.0, 237890.5)	(44.0, 228406.5)	(45.0, 221065.5)	(46.0, 215783.5)	(47.0, 209832.0)	(48.0, 204215.0)	(49.0, 199562.5)	(50.0, 196130.5)	(51.0, 192904.5)	(52.0, 185074.5)	(53.0, 172276.0)	(54.0, 160871.5)	(55.0, 155367.5)	(56.0, 149899.5)	(57.0, 142567.5)	(58.0, 133698.5)	(59.0, 129075.0)	(60.0, 135258.5)	(61.0, 133903.0)	(62.0, 122404.5)	(63.0, 104239.5)	(64.0, 79921.0)	(65.0, 62319.0)	(66.0, 53368.0)	(67.0, 48848.0)	(68.0, 40843.5)	(69.0, 30177.0)	(70.0, 23135.0)	(71.0, 18818.5)	(72.0, 15069.5)	(73.0, 11649.5)	(74.0, 9195.5)	(75.0, 7475.0)	(76.0, 6093.0)	(77.0, 5146.5)	(78.0, 4413.5)	(79.0, 3718.0)	(80.0, 3359.5)	(81.0, 3725.5)	(82.0, 3533.0)	(83.0, 2322.5)	(84.0, 1271.5)	(85.0, 860.5)	(86.0, 805.5)	(87.0, 666.5)	(88.0, 419.5)	(89.0, 261.5)	(90.0, 192.5)	(91.0, 148.0)	(92.0, 163.5)	(93.0, 159.0)	(94.0, 109.5)	(95.0, 82.5)	(96.0, 104.0)	(97.0, 125.0)	(98.0, 90.0)	(99.0, 53.5)	(100.0, 24.0)
SRR20277676_2	(0.0, 9069.0)	(1.0, 4776.5)	(2.0, 549.0)	(3.0, 557.0)	(4.0, 466.0)	(5.0, 438.5)	(6.0, 531.5)	(7.0, 480.0)	(8.0, 331.5)	(9.0, 374.0)	(10.0, 439.0)	(11.0, 505.5)	(12.0, 622.0)	(13.0, 797.0)	(14.0, 1042.0)	(15.0, 1399.0)	(16.0, 1867.0)	(17.0, 2438.5)	(18.0, 3471.5)	(19.0, 5058.0)	(20.0, 7244.0)	(21.0, 10570.5)	(22.0, 15568.5)	(23.0, 22667.5)	(24.0, 32184.5)	(25.0, 44106.5)	(26.0, 59014.5)	(27.0, 76904.5)	(28.0, 97122.5)	(29.0, 118118.5)	(30.0, 138837.0)	(31.0, 160016.0)	(32.0, 180400.5)	(33.0, 197831.0)	(34.0, 212348.0)	(35.0, 224547.0)	(36.0, 234433.5)	(37.0, 241799.0)	(38.0, 245556.5)	(39.0, 246149.5)	(40.0, 244042.5)	(41.0, 239919.0)	(42.0, 234882.5)	(43.0, 229008.5)	(44.0, 222056.0)	(45.0, 214978.0)	(46.0, 209254.0)	(47.0, 204872.5)	(48.0, 200236.0)	(49.0, 195027.5)	(50.0, 188299.5)	(51.0, 180773.0)	(52.0, 173121.5)	(53.0, 167060.0)	(54.0, 162686.5)	(55.0, 157078.0)	(56.0, 150525.0)	(57.0, 144130.5)	(58.0, 138658.0)	(59.0, 133870.5)	(60.0, 133434.0)	(61.0, 132941.5)	(62.0, 122598.0)	(63.0, 109739.5)	(64.0, 98692.0)	(65.0, 79934.0)	(66.0, 60215.0)	(67.0, 47945.5)	(68.0, 39229.0)	(69.0, 31807.0)	(70.0, 25729.5)	(71.0, 21014.5)	(72.0, 17014.5)	(73.0, 13806.5)	(74.0, 11422.5)	(75.0, 9681.0)	(76.0, 8538.0)	(77.0, 7647.5)	(78.0, 6183.0)	(79.0, 4359.5)	(80.0, 3135.0)	(81.0, 2469.5)	(82.0, 1934.0)	(83.0, 1570.5)	(84.0, 1307.0)	(85.0, 1063.0)	(86.0, 937.0)	(87.0, 886.0)	(88.0, 795.0)	(89.0, 717.5)	(90.0, 699.5)	(91.0, 680.0)	(92.0, 648.0)	(93.0, 630.0)	(94.0, 647.5)	(95.0, 699.0)	(96.0, 809.5)	(97.0, 1035.5)	(98.0, 1209.5)	(99.0, 1102.5)	(100.0, 1622.5)
SRR20277677_1	(0.0, 6802.0)	(1.0, 3786.5)	(2.0, 603.5)	(3.0, 336.5)	(4.0, 216.5)	(5.0, 169.5)	(6.0, 128.0)	(7.0, 98.0)	(8.0, 85.5)	(9.0, 93.5)	(10.0, 124.0)	(11.0, 154.0)	(12.0, 196.5)	(13.0, 269.0)	(14.0, 412.5)	(15.0, 622.0)	(16.0, 955.0)	(17.0, 1537.0)	(18.0, 2452.5)	(19.0, 3845.0)	(20.0, 6132.0)	(21.0, 9578.5)	(22.0, 14170.5)	(23.0, 20534.5)	(24.0, 29162.5)	(25.0, 40355.5)	(26.0, 54716.5)	(27.0, 71594.5)	(28.0, 90345.5)	(29.0, 110644.0)	(30.0, 132030.5)	(31.0, 153489.0)	(32.0, 173910.0)	(33.0, 192583.0)	(34.0, 208889.5)	(35.0, 222712.5)	(36.0, 234425.5)	(37.0, 243124.0)	(38.0, 247090.5)	(39.0, 247538.0)	(40.0, 245806.0)	(41.0, 243342.0)	(42.0, 240468.0)	(43.0, 233187.0)	(44.0, 224182.5)	(45.0, 217087.0)	(46.0, 211018.0)	(47.0, 206031.0)	(48.0, 200912.5)	(49.0, 195429.0)	(50.0, 192262.5)	(51.0, 189328.5)	(52.0, 180943.0)	(53.0, 168594.0)	(54.0, 158535.5)	(55.0, 152855.0)	(56.0, 147073.0)	(57.0, 140097.0)	(58.0, 131392.0)	(59.0, 127725.5)	(60.0, 133623.0)	(61.0, 131174.0)	(62.0, 119865.5)	(63.0, 101888.0)	(64.0, 77788.5)	(65.0, 60830.0)	(66.0, 52046.5)	(67.0, 47770.5)	(68.0, 39804.5)	(69.0, 29408.5)	(70.0, 22676.5)	(71.0, 18139.5)	(72.0, 14289.0)	(73.0, 11065.5)	(74.0, 8829.5)	(75.0, 7038.5)	(76.0, 5757.5)	(77.0, 4968.0)	(78.0, 4271.0)	(79.0, 3518.0)	(80.0, 3205.5)	(81.0, 3475.0)	(82.0, 3191.0)	(83.0, 2136.0)	(84.0, 1141.5)	(85.0, 737.5)	(86.0, 734.0)	(87.0, 620.0)	(88.0, 397.5)	(89.0, 244.5)	(90.0, 165.0)	(91.0, 139.5)	(92.0, 129.5)	(93.0, 118.5)	(94.0, 97.0)	(95.0, 66.0)	(96.0, 51.0)	(97.0, 58.0)	(98.0, 48.0)	(99.0, 35.5)	(100.0, 23.0)
SRR20277677_2	(0.0, 7086.0)	(1.0, 3783.5)	(2.0, 472.0)	(3.0, 393.0)	(4.0, 328.5)	(5.0, 362.0)	(6.0, 501.0)	(7.0, 464.0)	(8.0, 311.5)	(9.0, 339.5)	(10.0, 416.5)	(11.0, 514.5)	(12.0, 656.0)	(13.0, 827.5)	(14.0, 1038.5)	(15.0, 1350.5)	(16.0, 1769.5)	(17.0, 2382.5)	(18.0, 3381.0)	(19.0, 4919.0)	(20.0, 7209.5)	(21.0, 10602.5)	(22.0, 15412.5)	(23.0, 22313.0)	(24.0, 31544.0)	(25.0, 43322.0)	(26.0, 58200.0)	(27.0, 76180.5)	(28.0, 95938.0)	(29.0, 116198.5)	(30.0, 136986.5)	(31.0, 157423.5)	(32.0, 177181.5)	(33.0, 194979.0)	(34.0, 208707.5)	(35.0, 220971.5)	(36.0, 231569.5)	(37.0, 237787.5)	(38.0, 240503.5)	(39.0, 240556.5)	(40.0, 239129.0)	(41.0, 235223.5)	(42.0, 229126.5)	(43.0, 223897.0)	(44.0, 217642.5)	(45.0, 210532.5)	(46.0, 205262.5)	(47.0, 201235.0)	(48.0, 196439.0)	(49.0, 190763.0)	(50.0, 184776.0)	(51.0, 177523.5)	(52.0, 169306.5)	(53.0, 163390.0)	(54.0, 159166.5)	(55.0, 153888.0)	(56.0, 147612.5)	(57.0, 141728.5)	(58.0, 136183.5)	(59.0, 131210.5)	(60.0, 131423.0)	(61.0, 131261.5)	(62.0, 120808.0)	(63.0, 107780.0)	(64.0, 96478.5)	(65.0, 77861.5)	(66.0, 58770.5)	(67.0, 46717.5)	(68.0, 37998.5)	(69.0, 30908.0)	(70.0, 24919.0)	(71.0, 20361.5)	(72.0, 16560.0)	(73.0, 13197.0)	(74.0, 10950.0)	(75.0, 9356.0)	(76.0, 8204.5)	(77.0, 7304.5)	(78.0, 5840.0)	(79.0, 4121.0)	(80.0, 2982.5)	(81.0, 2334.0)	(82.0, 1816.0)	(83.0, 1397.5)	(84.0, 1094.0)	(85.0, 968.0)	(86.0, 887.5)	(87.0, 819.5)	(88.0, 761.0)	(89.0, 693.5)	(90.0, 640.0)	(91.0, 635.0)	(92.0, 649.5)	(93.0, 625.0)	(94.0, 601.0)	(95.0, 637.0)	(96.0, 766.5)	(97.0, 967.5)	(98.0, 1191.0)	(99.0, 1077.5)	(100.0, 1592.0)
SRR20277678_1	(0.0, 5982.0)	(1.0, 3356.0)	(2.0, 554.0)	(3.0, 317.5)	(4.0, 239.0)	(5.0, 185.0)	(6.0, 125.0)	(7.0, 100.5)	(8.0, 90.5)	(9.0, 96.5)	(10.0, 121.0)	(11.0, 154.0)	(12.0, 200.0)	(13.0, 272.0)	(14.0, 423.5)	(15.0, 661.0)	(16.0, 1027.5)	(17.0, 1639.0)	(18.0, 2580.5)	(19.0, 4081.5)	(20.0, 6276.0)	(21.0, 9630.5)	(22.0, 14575.5)	(23.0, 21226.5)	(24.0, 30138.5)	(25.0, 41518.0)	(26.0, 56325.0)	(27.0, 73901.0)	(28.0, 93075.5)	(29.0, 113841.0)	(30.0, 135750.0)	(31.0, 158274.5)	(32.0, 179419.0)	(33.0, 197646.5)	(34.0, 214074.0)	(35.0, 228677.5)	(36.0, 240879.0)	(37.0, 250009.5)	(38.0, 253993.0)	(39.0, 254407.0)	(40.0, 253266.0)	(41.0, 250817.5)	(42.0, 247093.5)	(43.0, 239725.5)	(44.0, 230373.5)	(45.0, 223526.0)	(46.0, 218034.5)	(47.0, 212035.5)	(48.0, 206633.5)	(49.0, 201798.0)	(50.0, 198577.5)	(51.0, 195555.5)	(52.0, 187221.5)	(53.0, 174026.0)	(54.0, 163167.5)	(55.0, 157451.0)	(56.0, 151506.0)	(57.0, 144465.0)	(58.0, 135480.0)	(59.0, 130946.0)	(60.0, 136932.5)	(61.0, 134968.5)	(62.0, 123199.0)	(63.0, 104454.5)	(64.0, 79867.5)	(65.0, 62431.0)	(66.0, 53478.5)	(67.0, 48870.5)	(68.0, 40507.5)	(69.0, 29907.5)	(70.0, 22928.0)	(71.0, 18440.0)	(72.0, 14666.5)	(73.0, 11204.5)	(74.0, 8765.0)	(75.0, 7086.0)	(76.0, 5794.0)	(77.0, 4904.5)	(78.0, 4250.0)	(79.0, 3584.0)	(80.0, 3194.5)	(81.0, 3434.5)	(82.0, 3241.0)	(83.0, 2204.5)	(84.0, 1185.5)	(85.0, 768.0)	(86.0, 730.5)	(87.0, 613.0)	(88.0, 416.5)	(89.0, 250.0)	(90.0, 164.5)	(91.0, 132.5)	(92.0, 132.0)	(93.0, 131.0)	(94.0, 107.0)	(95.0, 86.0)	(96.0, 89.5)	(97.0, 87.5)	(98.0, 62.5)	(99.0, 40.5)	(100.0, 20.5)
SRR20277678_2	(0.0, 6076.0)	(1.0, 3287.0)	(2.0, 505.5)	(3.0, 433.0)	(4.0, 347.0)	(5.0, 369.5)	(6.0, 494.0)	(7.0, 470.0)	(8.0, 328.0)	(9.0, 319.0)	(10.0, 385.5)	(11.0, 476.0)	(12.0, 574.0)	(13.0, 686.0)	(14.0, 877.0)	(15.0, 1135.5)	(16.0, 1539.0)	(17.0, 2235.0)	(18.0, 3231.5)	(19.0, 4723.0)	(20.0, 7044.0)	(21.0, 10657.0)	(22.0, 15626.0)	(23.0, 22434.0)	(24.0, 31953.0)	(25.0, 44497.5)	(26.0, 59744.5)	(27.0, 77672.5)	(28.0, 97909.5)	(29.0, 119111.5)	(30.0, 140393.5)	(31.0, 161718.5)	(32.0, 182213.5)	(33.0, 199830.0)	(34.0, 213735.5)	(35.0, 226201.5)	(36.0, 236805.0)	(37.0, 244294.5)	(38.0, 247815.0)	(39.0, 247940.0)	(40.0, 246642.0)	(41.0, 242487.5)	(42.0, 236727.0)	(43.0, 230871.0)	(44.0, 224026.0)	(45.0, 217324.0)	(46.0, 211995.0)	(47.0, 207878.5)	(48.0, 202609.0)	(49.0, 196263.0)	(50.0, 190273.0)	(51.0, 182916.5)	(52.0, 174768.0)	(53.0, 168895.0)	(54.0, 164489.5)	(55.0, 159078.5)	(56.0, 152430.5)	(57.0, 145915.0)	(58.0, 140253.5)	(59.0, 135254.0)	(60.0, 134566.0)	(61.0, 134096.5)	(62.0, 123795.0)	(63.0, 111325.0)	(64.0, 99876.5)	(65.0, 79953.0)	(66.0, 60141.0)	(67.0, 48068.5)	(68.0, 39101.5)	(69.0, 31339.0)	(70.0, 25375.0)	(71.0, 20732.5)	(72.0, 16825.0)	(73.0, 13625.0)	(74.0, 11215.5)	(75.0, 9442.0)	(76.0, 8258.5)	(77.0, 7397.5)	(78.0, 5928.0)	(79.0, 4168.0)	(80.0, 2958.0)	(81.0, 2325.5)	(82.0, 1846.0)	(83.0, 1460.5)	(84.0, 1193.0)	(85.0, 1050.0)	(86.0, 972.0)	(87.0, 894.5)	(88.0, 803.0)	(89.0, 728.0)	(90.0, 669.5)	(91.0, 656.5)	(92.0, 651.5)	(93.0, 602.5)	(94.0, 601.5)	(95.0, 631.5)	(96.0, 720.0)	(97.0, 960.0)	(98.0, 1185.5)	(99.0, 1080.0)	(100.0, 1609.5)
SRR20277679_1	(0.0, 6504.0)	(1.0, 3608.5)	(2.0, 534.5)	(3.0, 293.0)	(4.0, 221.5)	(5.0, 175.5)	(6.0, 117.0)	(7.0, 90.5)	(8.0, 93.5)	(9.0, 107.5)	(10.0, 123.5)	(11.0, 155.5)	(12.0, 216.0)	(13.0, 285.0)	(14.0, 403.0)	(15.0, 630.0)	(16.0, 1002.5)	(17.0, 1572.0)	(18.0, 2504.5)	(19.0, 3991.5)	(20.0, 6306.0)	(21.0, 9664.5)	(22.0, 14481.0)	(23.0, 21022.0)	(24.0, 29674.0)	(25.0, 41213.0)	(26.0, 55848.5)	(27.0, 73010.0)	(28.0, 92070.5)	(29.0, 112721.0)	(30.0, 134363.0)	(31.0, 155983.0)	(32.0, 176684.5)	(33.0, 194690.0)	(34.0, 210837.5)	(35.0, 225458.5)	(36.0, 237725.0)	(37.0, 246275.0)	(38.0, 249627.5)	(39.0, 250163.5)	(40.0, 248860.5)	(41.0, 245815.5)	(42.0, 242787.5)	(43.0, 236180.5)	(44.0, 226383.0)	(45.0, 219033.0)	(46.0, 213688.0)	(47.0, 208549.0)	(48.0, 203308.5)	(49.0, 198301.5)	(50.0, 195093.5)	(51.0, 191568.0)	(52.0, 182620.5)	(53.0, 170042.0)	(54.0, 159778.0)	(55.0, 154296.0)	(56.0, 148799.5)	(57.0, 141654.0)	(58.0, 132595.5)	(59.0, 128246.0)	(60.0, 133993.0)	(61.0, 131457.5)	(62.0, 120233.0)	(63.0, 102398.0)	(64.0, 77889.5)	(65.0, 60895.0)	(66.0, 52302.5)	(67.0, 48108.5)	(68.0, 40035.0)	(69.0, 29030.5)	(70.0, 22152.0)	(71.0, 17869.0)	(72.0, 14207.0)	(73.0, 11121.5)	(74.0, 8658.0)	(75.0, 6820.0)	(76.0, 5659.0)	(77.0, 4856.0)	(78.0, 4134.0)	(79.0, 3389.0)	(80.0, 3053.5)	(81.0, 3355.0)	(82.0, 3133.0)	(83.0, 2114.0)	(84.0, 1139.0)	(85.0, 743.5)	(86.0, 693.5)	(87.0, 571.5)	(88.0, 387.5)	(89.0, 237.5)	(90.0, 163.0)	(91.0, 139.0)	(92.0, 133.0)	(93.0, 115.0)	(94.0, 80.5)	(95.0, 51.5)	(96.0, 37.5)	(97.0, 40.0)	(98.0, 43.0)	(99.0, 31.5)	(100.0, 16.0)
SRR20277679_2	(0.0, 6588.0)	(1.0, 3524.0)	(2.0, 452.0)	(3.0, 360.5)	(4.0, 269.0)	(5.0, 320.0)	(6.0, 477.0)	(7.0, 447.0)	(8.0, 306.0)	(9.0, 319.5)	(10.0, 376.0)	(11.0, 427.5)	(12.0, 549.5)	(13.0, 701.5)	(14.0, 887.5)	(15.0, 1158.0)	(16.0, 1538.0)	(17.0, 2185.5)	(18.0, 3162.5)	(19.0, 4660.5)	(20.0, 6983.5)	(21.0, 10278.0)	(22.0, 15347.0)	(23.0, 22555.5)	(24.0, 31965.0)	(25.0, 44121.0)	(26.0, 59204.5)	(27.0, 77018.0)	(28.0, 97317.0)	(29.0, 118049.5)	(30.0, 138671.5)	(31.0, 160030.5)	(32.0, 180421.0)	(33.0, 197405.5)	(34.0, 211238.0)	(35.0, 223801.0)	(36.0, 233517.5)	(37.0, 239928.5)	(38.0, 243726.5)	(39.0, 244264.0)	(40.0, 242180.0)	(41.0, 238265.0)	(42.0, 233140.0)	(43.0, 226769.5)	(44.0, 219588.0)	(45.0, 213067.5)	(46.0, 207980.5)	(47.0, 203795.0)	(48.0, 198347.0)	(49.0, 192498.5)	(50.0, 186113.5)	(51.0, 179120.0)	(52.0, 171605.5)	(53.0, 165822.0)	(54.0, 161500.5)	(55.0, 155754.0)	(56.0, 149236.5)	(57.0, 143105.0)	(58.0, 137100.0)	(59.0, 131697.0)	(60.0, 131989.0)	(61.0, 131717.0)	(62.0, 121045.5)	(63.0, 108443.0)	(64.0, 97220.0)	(65.0, 78045.0)	(66.0, 58646.0)	(67.0, 46490.5)	(68.0, 37741.5)	(69.0, 30686.5)	(70.0, 24759.5)	(71.0, 20087.5)	(72.0, 16318.0)	(73.0, 13216.5)	(74.0, 10984.5)	(75.0, 9252.5)	(76.0, 8016.0)	(77.0, 7095.5)	(78.0, 5626.0)	(79.0, 3950.5)	(80.0, 2852.0)	(81.0, 2260.0)	(82.0, 1771.0)	(83.0, 1375.0)	(84.0, 1130.5)	(85.0, 984.5)	(86.0, 909.5)	(87.0, 839.5)	(88.0, 733.0)	(89.0, 660.5)	(90.0, 623.5)	(91.0, 628.5)	(92.0, 619.5)	(93.0, 623.5)	(94.0, 627.0)	(95.0, 653.5)	(96.0, 744.5)	(97.0, 923.0)	(98.0, 1144.0)	(99.0, 1051.5)	(100.0, 1527.0)
SRR20277680_1	(0.0, 4006.0)	(1.0, 2829.5)	(2.0, 1173.0)	(3.0, 522.5)	(4.0, 400.0)	(5.0, 387.5)	(6.0, 262.5)	(7.0, 184.0)	(8.0, 173.5)	(9.0, 185.0)	(10.0, 212.5)	(11.0, 283.0)	(12.0, 386.5)	(13.0, 469.5)	(14.0, 635.0)	(15.0, 959.5)	(16.0, 1465.5)	(17.0, 2252.5)	(18.0, 3549.5)	(19.0, 5511.0)	(20.0, 8416.0)	(21.0, 12918.0)	(22.0, 19350.5)	(23.0, 28019.5)	(24.0, 39731.5)	(25.0, 54845.5)	(26.0, 73720.5)	(27.0, 96233.5)	(28.0, 121307.0)	(29.0, 147580.0)	(30.0, 174447.0)	(31.0, 201966.0)	(32.0, 227446.5)	(33.0, 249732.5)	(34.0, 269586.0)	(35.0, 287157.5)	(36.0, 303372.5)	(37.0, 315047.5)	(38.0, 321185.5)	(39.0, 322701.0)	(40.0, 320880.5)	(41.0, 318085.5)	(42.0, 313304.0)	(43.0, 303701.0)	(44.0, 292346.5)	(45.0, 285158.5)	(46.0, 278575.5)	(47.0, 271567.0)	(48.0, 264254.0)	(49.0, 255966.0)	(50.0, 249806.0)	(51.0, 244174.5)	(52.0, 235513.5)	(53.0, 218854.0)	(54.0, 197985.5)	(55.0, 184877.0)	(56.0, 175310.0)	(57.0, 162912.5)	(58.0, 149651.0)	(59.0, 139610.0)	(60.0, 139679.0)	(61.0, 142459.5)	(62.0, 139517.5)	(63.0, 116118.5)	(64.0, 80942.0)	(65.0, 60224.5)	(66.0, 52069.5)	(67.0, 47737.5)	(68.0, 38562.0)	(69.0, 27493.5)	(70.0, 20665.5)	(71.0, 16689.0)	(72.0, 13658.0)	(73.0, 11274.0)	(74.0, 9638.5)	(75.0, 8141.0)	(76.0, 7181.5)	(77.0, 6527.5)	(78.0, 5734.0)	(79.0, 5042.0)	(80.0, 4641.5)	(81.0, 4927.5)	(82.0, 4787.0)	(83.0, 3637.0)	(84.0, 2295.5)	(85.0, 1483.5)	(86.0, 1232.0)	(87.0, 1085.5)	(88.0, 796.0)	(89.0, 544.5)	(90.0, 398.5)	(91.0, 368.0)	(92.0, 471.5)	(93.0, 448.0)	(94.0, 273.0)	(95.0, 166.0)	(96.0, 177.5)	(97.0, 259.5)	(98.0, 287.0)	(99.0, 211.0)	(100.0, 86.0)
SRR20277680_2	(0.0, 5794.0)	(1.0, 3505.5)	(2.0, 987.0)	(3.0, 672.5)	(4.0, 603.0)	(5.0, 740.0)	(6.0, 1148.0)	(7.0, 1037.5)	(8.0, 618.0)	(9.0, 588.0)	(10.0, 635.0)	(11.0, 754.0)	(12.0, 941.5)	(13.0, 1157.0)	(14.0, 1440.0)	(15.0, 1925.5)	(16.0, 2610.0)	(17.0, 3456.0)	(18.0, 4811.5)	(19.0, 6900.0)	(20.0, 9868.0)	(21.0, 14488.5)	(22.0, 21212.0)	(23.0, 30705.0)	(24.0, 43053.5)	(25.0, 58611.5)	(26.0, 78530.0)	(27.0, 101718.5)	(28.0, 126941.5)	(29.0, 153109.5)	(30.0, 179105.0)	(31.0, 204177.5)	(32.0, 227281.5)	(33.0, 248061.0)	(34.0, 265978.0)	(35.0, 280819.0)	(36.0, 292847.0)	(37.0, 302496.5)	(38.0, 308612.5)	(39.0, 310750.0)	(40.0, 309283.0)	(41.0, 304539.0)	(42.0, 297537.5)	(43.0, 290310.0)	(44.0, 283394.0)	(45.0, 276720.0)	(46.0, 270707.0)	(47.0, 265157.0)	(48.0, 257412.0)	(49.0, 248588.0)	(50.0, 239951.0)	(51.0, 230566.5)	(52.0, 220733.5)	(53.0, 213109.0)	(54.0, 205011.0)	(55.0, 193122.5)	(56.0, 181669.5)	(57.0, 171303.5)	(58.0, 161962.0)	(59.0, 154486.0)	(60.0, 150561.0)	(61.0, 147061.5)	(62.0, 132886.0)	(63.0, 115299.5)	(64.0, 101638.0)	(65.0, 82083.5)	(66.0, 61903.0)	(67.0, 47927.0)	(68.0, 38033.0)	(69.0, 30128.0)	(70.0, 24262.5)	(71.0, 20155.5)	(72.0, 16694.5)	(73.0, 13864.0)	(74.0, 12096.0)	(75.0, 10767.5)	(76.0, 9960.0)	(77.0, 9428.0)	(78.0, 7988.5)	(79.0, 5928.5)	(80.0, 4579.0)	(81.0, 3922.0)	(82.0, 3331.0)	(83.0, 2741.0)	(84.0, 2105.0)	(85.0, 1687.0)	(86.0, 1413.0)	(87.0, 1285.0)	(88.0, 1151.0)	(89.0, 1036.0)	(90.0, 981.5)	(91.0, 951.0)	(92.0, 921.5)	(93.0, 872.5)	(94.0, 884.5)	(95.0, 970.5)	(96.0, 1130.5)	(97.0, 1586.5)	(98.0, 2073.5)	(99.0, 1955.0)	(100.0, 2617.5)
SRR20277681_1	(0.0, 3544.0)	(1.0, 2556.5)	(2.0, 1098.5)	(3.0, 457.5)	(4.0, 376.0)	(5.0, 402.5)	(6.0, 261.5)	(7.0, 179.0)	(8.0, 184.5)	(9.0, 188.5)	(10.0, 213.0)	(11.0, 270.5)	(12.0, 341.0)	(13.0, 453.5)	(14.0, 628.5)	(15.0, 926.0)	(16.0, 1456.0)	(17.0, 2230.5)	(18.0, 3391.0)	(19.0, 5319.5)	(20.0, 8393.0)	(21.0, 12789.0)	(22.0, 18905.0)	(23.0, 27452.5)	(24.0, 38812.5)	(25.0, 53879.5)	(26.0, 72717.5)	(27.0, 94558.5)	(28.0, 118642.0)	(29.0, 144130.5)	(30.0, 170513.5)	(31.0, 197457.0)	(32.0, 222440.0)	(33.0, 243325.0)	(34.0, 261981.5)	(35.0, 279921.0)	(36.0, 295281.5)	(37.0, 306864.5)	(38.0, 313809.5)	(39.0, 315321.5)	(40.0, 313909.0)	(41.0, 310996.0)	(42.0, 306390.0)	(43.0, 297073.5)	(44.0, 285878.0)	(45.0, 278010.0)	(46.0, 271323.0)	(47.0, 264482.0)	(48.0, 257184.0)	(49.0, 249699.0)	(50.0, 243732.0)	(51.0, 238059.5)	(52.0, 229965.0)	(53.0, 213557.5)	(54.0, 193267.5)	(55.0, 180982.0)	(56.0, 171652.0)	(57.0, 159309.0)	(58.0, 146350.0)	(59.0, 136682.5)	(60.0, 136782.5)	(61.0, 139197.0)	(62.0, 136023.0)	(63.0, 112826.5)	(64.0, 78241.5)	(65.0, 58362.5)	(66.0, 50899.5)	(67.0, 47030.5)	(68.0, 37445.5)	(69.0, 26362.0)	(70.0, 20043.5)	(71.0, 16382.5)	(72.0, 13285.0)	(73.0, 10832.5)	(74.0, 9332.5)	(75.0, 7882.0)	(76.0, 6881.0)	(77.0, 6226.5)	(78.0, 5361.5)	(79.0, 4717.5)	(80.0, 4453.0)	(81.0, 4742.5)	(82.0, 4575.0)	(83.0, 3522.5)	(84.0, 2208.0)	(85.0, 1375.5)	(86.0, 1198.5)	(87.0, 1034.5)	(88.0, 701.5)	(89.0, 473.5)	(90.0, 363.5)	(91.0, 329.0)	(92.0, 397.5)	(93.0, 375.5)	(94.0, 223.0)	(95.0, 121.5)	(96.0, 89.0)	(97.0, 160.0)	(98.0, 214.0)	(99.0, 168.5)	(100.0, 83.5)
SRR20277681_2	(0.0, 5165.0)	(1.0, 3160.5)	(2.0, 893.5)	(3.0, 525.5)	(4.0, 438.0)	(5.0, 598.5)	(6.0, 1036.5)	(7.0, 1017.0)	(8.0, 618.0)	(9.0, 561.5)	(10.0, 635.5)	(11.0, 754.5)	(12.0, 947.5)	(13.0, 1172.0)	(14.0, 1431.0)	(15.0, 1846.0)	(16.0, 2468.5)	(17.0, 3400.0)	(18.0, 4739.0)	(19.0, 6693.0)	(20.0, 9770.5)	(21.0, 14306.5)	(22.0, 20796.5)	(23.0, 29968.0)	(24.0, 41995.5)	(25.0, 57396.5)	(26.0, 76787.0)	(27.0, 99246.0)	(28.0, 124050.5)	(29.0, 149553.5)	(30.0, 175424.5)	(31.0, 200335.0)	(32.0, 223048.0)	(33.0, 243276.5)	(34.0, 259629.5)	(35.0, 273887.5)	(36.0, 285997.0)	(37.0, 295177.5)	(38.0, 301134.0)	(39.0, 303323.0)	(40.0, 301808.5)	(41.0, 297343.5)	(42.0, 290314.0)	(43.0, 283295.5)	(44.0, 276503.0)	(45.0, 269378.0)	(46.0, 263759.0)	(47.0, 258371.5)	(48.0, 251213.0)	(49.0, 242977.5)	(50.0, 233933.0)	(51.0, 225137.5)	(52.0, 215913.0)	(53.0, 208418.5)	(54.0, 200344.5)	(55.0, 188970.5)	(56.0, 177662.0)	(57.0, 166950.5)	(58.0, 157777.0)	(59.0, 149918.5)	(60.0, 146243.5)	(61.0, 143974.0)	(62.0, 129912.0)	(63.0, 112706.5)	(64.0, 99555.0)	(65.0, 79385.5)	(66.0, 59473.5)	(67.0, 46175.0)	(68.0, 36715.0)	(69.0, 29333.5)	(70.0, 23598.5)	(71.0, 19562.0)	(72.0, 16281.0)	(73.0, 13482.5)	(74.0, 11609.5)	(75.0, 10274.0)	(76.0, 9688.5)	(77.0, 9290.5)	(78.0, 7761.0)	(79.0, 5738.5)	(80.0, 4564.5)	(81.0, 3847.5)	(82.0, 3116.5)	(83.0, 2555.0)	(84.0, 1962.0)	(85.0, 1563.5)	(86.0, 1359.0)	(87.0, 1218.5)	(88.0, 1077.5)	(89.0, 1008.5)	(90.0, 967.5)	(91.0, 907.5)	(92.0, 866.5)	(93.0, 829.0)	(94.0, 877.0)	(95.0, 972.0)	(96.0, 1109.5)	(97.0, 1558.5)	(98.0, 2085.5)	(99.0, 1964.5)	(100.0, 2589.0)
SRR20277682_1	(0.0, 3606.0)	(1.0, 2574.0)	(2.0, 1114.0)	(3.0, 517.0)	(4.0, 408.0)	(5.0, 427.5)	(6.0, 297.5)	(7.0, 192.0)	(8.0, 186.5)	(9.0, 196.5)	(10.0, 226.0)	(11.0, 297.0)	(12.0, 363.0)	(13.0, 467.0)	(14.0, 656.0)	(15.0, 976.0)	(16.0, 1506.5)	(17.0, 2308.5)	(18.0, 3551.5)	(19.0, 5534.0)	(20.0, 8603.0)	(21.0, 13060.0)	(22.0, 19479.0)	(23.0, 28278.0)	(24.0, 40089.5)	(25.0, 55575.0)	(26.0, 74849.0)	(27.0, 97086.0)	(28.0, 122004.5)	(29.0, 148482.5)	(30.0, 175653.0)	(31.0, 203057.0)	(32.0, 229091.5)	(33.0, 251969.0)	(34.0, 271220.0)	(35.0, 288920.0)	(36.0, 304845.5)	(37.0, 316771.5)	(38.0, 323230.5)	(39.0, 324566.0)	(40.0, 322791.0)	(41.0, 320135.0)	(42.0, 315651.0)	(43.0, 306262.0)	(44.0, 294712.5)	(45.0, 286781.0)	(46.0, 280452.5)	(47.0, 273170.5)	(48.0, 265694.0)	(49.0, 257928.5)	(50.0, 251856.5)	(51.0, 246287.5)	(52.0, 237466.5)	(53.0, 219917.5)	(54.0, 199173.0)	(55.0, 186744.5)	(56.0, 177020.0)	(57.0, 164149.5)	(58.0, 150483.5)	(59.0, 140773.5)	(60.0, 141432.5)	(61.0, 143974.0)	(62.0, 140195.0)	(63.0, 116312.5)	(64.0, 81052.0)	(65.0, 60484.5)	(66.0, 52543.5)	(67.0, 48395.5)	(68.0, 38636.0)	(69.0, 27230.0)	(70.0, 20607.5)	(71.0, 16582.5)	(72.0, 13323.0)	(73.0, 10971.5)	(74.0, 9420.5)	(75.0, 7846.5)	(76.0, 6898.0)	(77.0, 6261.0)	(78.0, 5466.0)	(79.0, 4748.5)	(80.0, 4369.5)	(81.0, 4645.5)	(82.0, 4557.0)	(83.0, 3518.0)	(84.0, 2184.5)	(85.0, 1402.0)	(86.0, 1211.5)	(87.0, 1052.0)	(88.0, 763.5)	(89.0, 514.0)	(90.0, 356.5)	(91.0, 322.0)	(92.0, 387.0)	(93.0, 372.5)	(94.0, 240.0)	(95.0, 139.5)	(96.0, 146.5)	(97.0, 208.0)	(98.0, 217.5)	(99.0, 175.0)	(100.0, 89.0)
SRR20277682_2	(0.0, 4901.0)	(1.0, 3076.0)	(2.0, 960.0)	(3.0, 596.5)	(4.0, 500.5)	(5.0, 654.5)	(6.0, 1128.5)	(7.0, 1022.5)	(8.0, 544.5)	(9.0, 513.0)	(10.0, 575.5)	(11.0, 689.5)	(12.0, 860.5)	(13.0, 1039.5)	(14.0, 1288.0)	(15.0, 1644.5)	(16.0, 2242.0)	(17.0, 3153.5)	(18.0, 4451.0)	(19.0, 6470.5)	(20.0, 9531.0)	(21.0, 14270.0)	(22.0, 21019.5)	(23.0, 30311.0)	(24.0, 42879.5)	(25.0, 58890.5)	(26.0, 78790.5)	(27.0, 101850.0)	(28.0, 127233.0)	(29.0, 154231.5)	(30.0, 180520.5)	(31.0, 205254.0)	(32.0, 229020.0)	(33.0, 250888.5)	(34.0, 268322.0)	(35.0, 282820.5)	(36.0, 295091.5)	(37.0, 303522.5)	(38.0, 309366.0)	(39.0, 312147.0)	(40.0, 310714.5)	(41.0, 305908.0)	(42.0, 300207.0)	(43.0, 293556.5)	(44.0, 285687.5)	(45.0, 277820.0)	(46.0, 272236.5)	(47.0, 267709.0)	(48.0, 259645.5)	(49.0, 250685.5)	(50.0, 241577.5)	(51.0, 231890.0)	(52.0, 222247.5)	(53.0, 215062.0)	(54.0, 207311.5)	(55.0, 195923.5)	(56.0, 183801.0)	(57.0, 172368.0)	(58.0, 162995.5)	(59.0, 154994.0)	(60.0, 151820.0)	(61.0, 148623.5)	(62.0, 133692.5)	(63.0, 116692.0)	(64.0, 102979.5)	(65.0, 82719.5)	(66.0, 62054.5)	(67.0, 47700.5)	(68.0, 37669.0)	(69.0, 29983.5)	(70.0, 24101.5)	(71.0, 19938.5)	(72.0, 16556.0)	(73.0, 13650.5)	(74.0, 11740.0)	(75.0, 10405.0)	(76.0, 9755.5)	(77.0, 9264.5)	(78.0, 7706.5)	(79.0, 5732.5)	(80.0, 4454.5)	(81.0, 3734.5)	(82.0, 3159.0)	(83.0, 2630.5)	(84.0, 2064.5)	(85.0, 1643.0)	(86.0, 1390.5)	(87.0, 1229.5)	(88.0, 1086.0)	(89.0, 1013.0)	(90.0, 947.0)	(91.0, 896.0)	(92.0, 851.5)	(93.0, 836.5)	(94.0, 886.0)	(95.0, 958.5)	(96.0, 1109.0)	(97.0, 1556.5)	(98.0, 2006.0)	(99.0, 1881.5)	(100.0, 2556.5)
SRR20277683_1	(0.0, 3426.0)	(1.0, 2422.0)	(2.0, 1003.5)	(3.0, 462.0)	(4.0, 389.5)	(5.0, 385.5)	(6.0, 261.5)	(7.0, 183.0)	(8.0, 173.0)	(9.0, 189.0)	(10.0, 215.0)	(11.0, 262.5)	(12.0, 349.0)	(13.0, 464.0)	(14.0, 632.5)	(15.0, 932.0)	(16.0, 1422.5)	(17.0, 2199.0)	(18.0, 3496.0)	(19.0, 5416.0)	(20.0, 8344.5)	(21.0, 12830.5)	(22.0, 19149.0)	(23.0, 27655.5)	(24.0, 39371.0)	(25.0, 54624.0)	(26.0, 73608.5)	(27.0, 95785.5)	(28.0, 120334.0)	(29.0, 144965.5)	(30.0, 171850.0)	(31.0, 200036.5)	(32.0, 224849.5)	(33.0, 246501.0)	(34.0, 265216.0)	(35.0, 282860.0)	(36.0, 298620.0)	(37.0, 309989.5)	(38.0, 316134.0)	(39.0, 317637.5)	(40.0, 315697.5)	(41.0, 312856.5)	(42.0, 308648.5)	(43.0, 299310.5)	(44.0, 287463.5)	(45.0, 279466.5)	(46.0, 273238.5)	(47.0, 266145.5)	(48.0, 258636.5)	(49.0, 250912.5)	(50.0, 245370.0)	(51.0, 239538.5)	(52.0, 231069.5)	(53.0, 214538.0)	(54.0, 194068.0)	(55.0, 181961.0)	(56.0, 172095.0)	(57.0, 159751.0)	(58.0, 146887.5)	(59.0, 137340.5)	(60.0, 137687.5)	(61.0, 139801.5)	(62.0, 136526.5)	(63.0, 113413.5)	(64.0, 78737.5)	(65.0, 58326.5)	(66.0, 50401.0)	(67.0, 46312.0)	(68.0, 37231.5)	(69.0, 26269.5)	(70.0, 19753.5)	(71.0, 16092.0)	(72.0, 12930.0)	(73.0, 10628.5)	(74.0, 9132.0)	(75.0, 7600.5)	(76.0, 6580.5)	(77.0, 5977.0)	(78.0, 5213.0)	(79.0, 4529.0)	(80.0, 4247.0)	(81.0, 4564.5)	(82.0, 4483.0)	(83.0, 3494.0)	(84.0, 2165.0)	(85.0, 1376.5)	(86.0, 1208.0)	(87.0, 1059.5)	(88.0, 734.0)	(89.0, 475.0)	(90.0, 359.0)	(91.0, 308.0)	(92.0, 357.0)	(93.0, 339.0)	(94.0, 215.5)	(95.0, 125.5)	(96.0, 86.5)	(97.0, 119.0)	(98.0, 153.5)	(99.0, 141.0)	(100.0, 72.0)
SRR20277683_2	(0.0, 4719.0)	(1.0, 2922.5)	(2.0, 851.0)	(3.0, 479.0)	(4.0, 392.0)	(5.0, 551.5)	(6.0, 1003.5)	(7.0, 925.5)	(8.0, 539.5)	(9.0, 541.0)	(10.0, 581.5)	(11.0, 676.5)	(12.0, 815.0)	(13.0, 999.0)	(14.0, 1297.5)	(15.0, 1685.5)	(16.0, 2199.0)	(17.0, 3022.5)	(18.0, 4302.5)	(19.0, 6281.5)	(20.0, 9496.5)	(21.0, 14089.5)	(22.0, 20687.0)	(23.0, 30036.0)	(24.0, 42224.5)	(25.0, 58226.0)	(26.0, 77998.5)	(27.0, 100454.5)	(28.0, 125524.0)	(29.0, 151691.5)	(30.0, 177535.5)	(31.0, 202530.0)	(32.0, 225768.5)	(33.0, 246150.0)	(34.0, 262657.5)	(35.0, 276851.0)	(36.0, 289120.5)	(37.0, 297992.5)	(38.0, 303626.5)	(39.0, 306195.0)	(40.0, 304180.0)	(41.0, 298874.0)	(42.0, 293137.0)	(43.0, 286457.0)	(44.0, 278570.5)	(45.0, 271463.5)	(46.0, 265270.5)	(47.0, 259926.0)	(48.0, 252869.5)	(49.0, 244365.5)	(50.0, 235293.0)	(51.0, 226223.5)	(52.0, 217061.5)	(53.0, 209182.5)	(54.0, 201322.0)	(55.0, 189877.5)	(56.0, 178050.0)	(57.0, 167543.0)	(58.0, 158585.0)	(59.0, 150737.0)	(60.0, 146842.0)	(61.0, 143881.0)	(62.0, 129355.0)	(63.0, 112705.5)	(64.0, 99626.0)	(65.0, 79334.5)	(66.0, 59361.5)	(67.0, 45841.5)	(68.0, 36370.5)	(69.0, 29104.5)	(70.0, 23432.0)	(71.0, 19130.0)	(72.0, 15729.5)	(73.0, 13034.5)	(74.0, 11340.0)	(75.0, 10121.5)	(76.0, 9334.5)	(77.0, 8860.0)	(78.0, 7453.5)	(79.0, 5526.5)	(80.0, 4316.0)	(81.0, 3620.5)	(82.0, 3044.0)	(83.0, 2486.0)	(84.0, 1897.0)	(85.0, 1494.5)	(86.0, 1276.0)	(87.0, 1161.0)	(88.0, 1065.0)	(89.0, 951.0)	(90.0, 881.5)	(91.0, 869.0)	(92.0, 844.5)	(93.0, 805.5)	(94.0, 836.0)	(95.0, 946.5)	(96.0, 1112.0)	(97.0, 1527.5)	(98.0, 1965.5)	(99.0, 1889.0)	(100.0, 2562.5)
SRR20277684_1	(0.0, 6380.0)	(1.0, 3631.5)	(2.0, 629.5)	(3.0, 292.5)	(4.0, 223.5)	(5.0, 210.5)	(6.0, 138.5)	(7.0, 93.0)	(8.0, 101.0)	(9.0, 129.0)	(10.0, 150.5)	(11.0, 193.0)	(12.0, 281.5)	(13.0, 410.0)	(14.0, 596.0)	(15.0, 926.5)	(16.0, 1435.5)	(17.0, 2248.0)	(18.0, 3582.5)	(19.0, 5564.0)	(20.0, 8537.0)	(21.0, 13088.0)	(22.0, 19508.0)	(23.0, 28348.5)	(24.0, 40218.0)	(25.0, 55613.5)	(26.0, 75577.0)	(27.0, 98492.0)	(28.0, 123556.5)	(29.0, 151724.5)	(30.0, 181938.5)	(31.0, 212625.5)	(32.0, 241852.5)	(33.0, 266358.0)	(34.0, 288932.0)	(35.0, 310212.0)	(36.0, 328137.5)	(37.0, 341405.5)	(38.0, 347700.5)	(39.0, 349496.5)	(40.0, 347522.0)	(41.0, 344097.5)	(42.0, 339673.0)	(43.0, 330466.0)	(44.0, 318628.0)	(45.0, 308222.5)	(46.0, 300146.0)	(47.0, 291758.0)	(48.0, 282797.5)	(49.0, 274607.0)	(50.0, 268405.0)	(51.0, 261860.5)	(52.0, 249258.0)	(53.0, 228498.5)	(54.0, 208680.5)	(55.0, 196949.0)	(56.0, 186537.5)	(57.0, 175082.0)	(58.0, 161851.0)	(59.0, 150140.0)	(60.0, 149405.5)	(61.0, 152113.5)	(62.0, 150129.0)	(63.0, 127465.5)	(64.0, 90388.5)	(65.0, 67628.0)	(66.0, 59459.5)	(67.0, 55057.5)	(68.0, 44069.0)	(69.0, 31526.5)	(70.0, 23923.0)	(71.0, 19475.5)	(72.0, 16025.5)	(73.0, 13057.0)	(74.0, 10808.5)	(75.0, 8957.0)	(76.0, 8015.5)	(77.0, 7350.0)	(78.0, 6626.5)	(79.0, 6669.5)	(80.0, 7456.5)	(81.0, 8876.0)	(82.0, 8678.5)	(83.0, 6144.0)	(84.0, 3451.0)	(85.0, 2211.5)	(86.0, 2060.0)	(87.0, 1762.5)	(88.0, 1200.5)	(89.0, 725.0)	(90.0, 480.0)	(91.0, 385.0)	(92.0, 462.5)	(93.0, 477.0)	(94.0, 338.0)	(95.0, 272.0)	(96.0, 301.0)	(97.0, 321.0)	(98.0, 298.0)	(99.0, 224.5)	(100.0, 101.5)
SRR20277684_2	(0.0, 7654.0)	(1.0, 4105.5)	(2.0, 572.5)	(3.0, 555.5)	(4.0, 491.0)	(5.0, 502.5)	(6.0, 657.0)	(7.0, 594.0)	(8.0, 406.0)	(9.0, 454.5)	(10.0, 567.0)	(11.0, 720.5)	(12.0, 891.0)	(13.0, 1092.5)	(14.0, 1452.0)	(15.0, 1981.0)	(16.0, 2652.5)	(17.0, 3574.0)	(18.0, 4962.0)	(19.0, 7073.0)	(20.0, 10292.5)	(21.0, 14808.5)	(22.0, 21483.5)	(23.0, 30936.0)	(24.0, 43363.0)	(25.0, 59754.5)	(26.0, 80465.0)	(27.0, 105146.5)	(28.0, 132267.5)	(29.0, 160933.0)	(30.0, 190250.0)	(31.0, 218668.0)	(32.0, 246300.0)	(33.0, 270269.5)	(34.0, 289822.5)	(35.0, 306593.0)	(36.0, 320011.5)	(37.0, 330139.5)	(38.0, 336339.5)	(39.0, 338460.5)	(40.0, 335803.5)	(41.0, 329865.0)	(42.0, 323200.0)	(43.0, 315002.5)	(44.0, 306049.5)	(45.0, 297157.5)	(46.0, 288635.0)	(47.0, 281558.0)	(48.0, 273599.5)	(49.0, 264308.5)	(50.0, 254902.5)	(51.0, 244195.0)	(52.0, 231405.0)	(53.0, 221271.5)	(54.0, 213125.5)	(55.0, 203486.0)	(56.0, 192142.0)	(57.0, 180559.0)	(58.0, 171276.0)	(59.0, 163076.5)	(60.0, 159363.5)	(61.0, 157736.5)	(62.0, 145147.5)	(63.0, 126743.0)	(64.0, 111200.5)	(65.0, 91480.5)	(66.0, 70754.5)	(67.0, 55015.0)	(68.0, 43406.0)	(69.0, 34650.5)	(70.0, 28097.0)	(71.0, 23451.0)	(72.0, 19477.5)	(73.0, 15713.0)	(74.0, 12977.0)	(75.0, 11264.0)	(76.0, 10356.5)	(77.0, 10048.0)	(78.0, 8918.5)	(79.0, 6991.5)	(80.0, 5737.0)	(81.0, 5130.0)	(82.0, 4629.5)	(83.0, 3978.0)	(84.0, 3155.5)	(85.0, 2597.0)	(86.0, 2271.0)	(87.0, 2022.5)	(88.0, 1838.5)	(89.0, 1753.0)	(90.0, 1665.0)	(91.0, 1583.0)	(92.0, 1588.0)	(93.0, 1618.5)	(94.0, 1736.0)	(95.0, 2027.5)	(96.0, 2488.0)	(97.0, 3152.0)	(98.0, 3777.5)	(99.0, 3590.0)	(100.0, 3453.0)
SRR20277685_1	(0.0, 5680.0)	(1.0, 3252.0)	(2.0, 602.5)	(3.0, 294.0)	(4.0, 238.0)	(5.0, 225.0)	(6.0, 145.5)	(7.0, 93.5)	(8.0, 83.0)	(9.0, 103.0)	(10.0, 145.0)	(11.0, 202.0)	(12.0, 289.0)	(13.0, 410.5)	(14.0, 606.5)	(15.0, 917.5)	(16.0, 1451.5)	(17.0, 2326.0)	(18.0, 3599.5)	(19.0, 5473.0)	(20.0, 8460.5)	(21.0, 13038.5)	(22.0, 19493.0)	(23.0, 28089.0)	(24.0, 39606.0)	(25.0, 55058.0)	(26.0, 74456.0)	(27.0, 96877.0)	(28.0, 122627.0)	(29.0, 150549.5)	(30.0, 179759.5)	(31.0, 209771.5)	(32.0, 238630.0)	(33.0, 263700.5)	(34.0, 285176.5)	(35.0, 305672.5)	(36.0, 323929.5)	(37.0, 336712.0)	(38.0, 342775.5)	(39.0, 343998.0)	(40.0, 342419.5)	(41.0, 338906.0)	(42.0, 333807.0)	(43.0, 325371.5)	(44.0, 313890.5)	(45.0, 303926.5)	(46.0, 296222.5)	(47.0, 287798.0)	(48.0, 278833.5)	(49.0, 271059.0)	(50.0, 264755.0)	(51.0, 258289.5)	(52.0, 245911.0)	(53.0, 224994.0)	(54.0, 206291.5)	(55.0, 194674.5)	(56.0, 183883.5)	(57.0, 172685.0)	(58.0, 159329.5)	(59.0, 147935.0)	(60.0, 148075.0)	(61.0, 150838.0)	(62.0, 148991.5)	(63.0, 124963.0)	(64.0, 87454.0)	(65.0, 66224.0)	(66.0, 58192.5)	(67.0, 54010.5)	(68.0, 43293.5)	(69.0, 30783.0)	(70.0, 23359.0)	(71.0, 19215.5)	(72.0, 15705.5)	(73.0, 12596.5)	(74.0, 10459.5)	(75.0, 8698.5)	(76.0, 7828.5)	(77.0, 7199.5)	(78.0, 6478.0)	(79.0, 6472.5)	(80.0, 7176.5)	(81.0, 8597.0)	(82.0, 8454.0)	(83.0, 5810.0)	(84.0, 3226.5)	(85.0, 2147.5)	(86.0, 1960.0)	(87.0, 1641.5)	(88.0, 1108.0)	(89.0, 675.5)	(90.0, 440.0)	(91.0, 372.5)	(92.0, 431.5)	(93.0, 416.0)	(94.0, 308.0)	(95.0, 231.5)	(96.0, 188.0)	(97.0, 204.5)	(98.0, 236.5)	(99.0, 207.5)	(100.0, 101.5)
SRR20277685_2	(0.0, 6730.0)	(1.0, 3589.5)	(2.0, 469.5)	(3.0, 411.0)	(4.0, 315.5)	(5.0, 395.5)	(6.0, 605.0)	(7.0, 549.0)	(8.0, 400.0)	(9.0, 450.0)	(10.0, 541.0)	(11.0, 710.0)	(12.0, 900.0)	(13.0, 1128.5)	(14.0, 1480.0)	(15.0, 1958.5)	(16.0, 2565.0)	(17.0, 3485.5)	(18.0, 4904.5)	(19.0, 6868.0)	(20.0, 10067.5)	(21.0, 14832.5)	(22.0, 21452.0)	(23.0, 30677.5)	(24.0, 43519.5)	(25.0, 59878.0)	(26.0, 80011.0)	(27.0, 103885.5)	(28.0, 130821.0)	(29.0, 159192.5)	(30.0, 187643.5)	(31.0, 215878.0)	(32.0, 242890.0)	(33.0, 266361.5)	(34.0, 286395.0)	(35.0, 303286.0)	(36.0, 316323.5)	(37.0, 326054.5)	(38.0, 331130.0)	(39.0, 332717.5)	(40.0, 330694.5)	(41.0, 325175.0)	(42.0, 317953.5)	(43.0, 310406.5)	(44.0, 301794.5)	(45.0, 292418.5)	(46.0, 284232.5)	(47.0, 277145.5)	(48.0, 269511.0)	(49.0, 260864.5)	(50.0, 251320.5)	(51.0, 240097.0)	(52.0, 227911.5)	(53.0, 218713.0)	(54.0, 210970.0)	(55.0, 201162.0)	(56.0, 189970.5)	(57.0, 178734.5)	(58.0, 169254.0)	(59.0, 161191.0)	(60.0, 157090.5)	(61.0, 155343.5)	(62.0, 142977.0)	(63.0, 124670.5)	(64.0, 109848.5)	(65.0, 89477.5)	(66.0, 68430.0)	(67.0, 53587.0)	(68.0, 42206.5)	(69.0, 33667.5)	(70.0, 27535.5)	(71.0, 22935.5)	(72.0, 18826.0)	(73.0, 15278.5)	(74.0, 12629.5)	(75.0, 10974.5)	(76.0, 10316.5)	(77.0, 9986.5)	(78.0, 8763.5)	(79.0, 6824.0)	(80.0, 5642.5)	(81.0, 4986.5)	(82.0, 4426.5)	(83.0, 3793.0)	(84.0, 2952.5)	(85.0, 2443.5)	(86.0, 2110.0)	(87.0, 1915.0)	(88.0, 1768.0)	(89.0, 1633.0)	(90.0, 1572.5)	(91.0, 1566.5)	(92.0, 1522.5)	(93.0, 1577.0)	(94.0, 1744.0)	(95.0, 2013.0)	(96.0, 2466.0)	(97.0, 3076.0)	(98.0, 3788.5)	(99.0, 3599.0)	(100.0, 3588.0)
SRR20277686_1	(0.0, 5771.0)	(1.0, 3300.5)	(2.0, 617.0)	(3.0, 308.0)	(4.0, 253.0)	(5.0, 238.0)	(6.0, 135.0)	(7.0, 93.0)	(8.0, 104.0)	(9.0, 124.5)	(10.0, 166.5)	(11.0, 214.5)	(12.0, 266.0)	(13.0, 376.0)	(14.0, 565.0)	(15.0, 941.5)	(16.0, 1506.5)	(17.0, 2318.0)	(18.0, 3652.5)	(19.0, 5647.5)	(20.0, 8674.5)	(21.0, 13411.0)	(22.0, 20124.5)	(23.0, 28760.0)	(24.0, 40401.0)	(25.0, 56267.5)	(26.0, 76298.5)	(27.0, 99460.0)	(28.0, 125227.5)	(29.0, 153903.0)	(30.0, 184763.5)	(31.0, 215273.0)	(32.0, 244141.0)	(33.0, 270107.0)	(34.0, 293339.5)	(35.0, 314441.5)	(36.0, 332321.0)	(37.0, 344215.5)	(38.0, 350701.0)	(39.0, 353214.5)	(40.0, 351578.5)	(41.0, 347975.5)	(42.0, 343410.5)	(43.0, 334647.0)	(44.0, 322075.5)	(45.0, 311285.0)	(46.0, 303211.5)	(47.0, 295762.5)	(48.0, 287379.0)	(49.0, 278712.5)	(50.0, 272085.0)	(51.0, 265502.0)	(52.0, 252144.0)	(53.0, 231260.5)	(54.0, 211683.0)	(55.0, 199287.0)	(56.0, 189126.5)	(57.0, 177361.5)	(58.0, 163227.5)	(59.0, 151696.5)	(60.0, 151690.5)	(61.0, 154609.5)	(62.0, 152592.0)	(63.0, 128299.5)	(64.0, 90203.5)	(65.0, 68118.5)	(66.0, 59663.5)	(67.0, 55101.0)	(68.0, 44244.0)	(69.0, 31448.5)	(70.0, 23853.0)	(71.0, 19405.5)	(72.0, 15794.5)	(73.0, 12754.0)	(74.0, 10576.0)	(75.0, 8794.0)	(76.0, 7828.0)	(77.0, 7188.0)	(78.0, 6489.5)	(79.0, 6519.5)	(80.0, 7337.5)	(81.0, 8745.0)	(82.0, 8579.5)	(83.0, 5989.0)	(84.0, 3294.5)	(85.0, 2128.0)	(86.0, 1992.5)	(87.0, 1690.5)	(88.0, 1118.0)	(89.0, 677.0)	(90.0, 442.0)	(91.0, 370.5)	(92.0, 421.5)	(93.0, 412.5)	(94.0, 309.5)	(95.0, 251.0)	(96.0, 252.0)	(97.0, 263.5)	(98.0, 239.5)	(99.0, 205.0)	(100.0, 108.5)
SRR20277686_2	(0.0, 6645.0)	(1.0, 3612.5)	(2.0, 545.5)	(3.0, 458.5)	(4.0, 389.5)	(5.0, 412.5)	(6.0, 584.5)	(7.0, 529.5)	(8.0, 355.5)	(9.0, 398.0)	(10.0, 462.5)	(11.0, 582.0)	(12.0, 772.5)	(13.0, 963.5)	(14.0, 1200.5)	(15.0, 1621.5)	(16.0, 2297.0)	(17.0, 3193.0)	(18.0, 4523.5)	(19.0, 6728.0)	(20.0, 9940.0)	(21.0, 14541.5)	(22.0, 21354.5)	(23.0, 30998.0)	(24.0, 43830.0)	(25.0, 60406.5)	(26.0, 81288.0)	(27.0, 105991.5)	(28.0, 133383.0)	(29.0, 162343.0)	(30.0, 191483.0)	(31.0, 220435.0)	(32.0, 249127.0)	(33.0, 273506.5)	(34.0, 293357.0)	(35.0, 311180.0)	(36.0, 324633.5)	(37.0, 334218.5)	(38.0, 339929.5)	(39.0, 341344.5)	(40.0, 339905.5)	(41.0, 334323.0)	(42.0, 326730.0)	(43.0, 318901.0)	(44.0, 309756.5)	(45.0, 300395.5)	(46.0, 291824.5)	(47.0, 284811.5)	(48.0, 277679.5)	(49.0, 269456.5)	(50.0, 259089.5)	(51.0, 246654.5)	(52.0, 234320.0)	(53.0, 224792.5)	(54.0, 216702.0)	(55.0, 206385.5)	(56.0, 194552.0)	(57.0, 183336.5)	(58.0, 173817.5)	(59.0, 164999.5)	(60.0, 161008.5)	(61.0, 159799.0)	(62.0, 147119.0)	(63.0, 128253.5)	(64.0, 112458.0)	(65.0, 92227.0)	(66.0, 70955.5)	(67.0, 54811.0)	(68.0, 43129.5)	(69.0, 34555.0)	(70.0, 28075.5)	(71.0, 23357.5)	(72.0, 19178.5)	(73.0, 15452.5)	(74.0, 12862.0)	(75.0, 11244.5)	(76.0, 10465.5)	(77.0, 10059.5)	(78.0, 8751.0)	(79.0, 6824.0)	(80.0, 5600.0)	(81.0, 4891.5)	(82.0, 4359.5)	(83.0, 3724.0)	(84.0, 2902.0)	(85.0, 2448.5)	(86.0, 2205.5)	(87.0, 2026.0)	(88.0, 1836.0)	(89.0, 1676.0)	(90.0, 1623.5)	(91.0, 1623.0)	(92.0, 1591.5)	(93.0, 1637.0)	(94.0, 1752.0)	(95.0, 2013.0)	(96.0, 2502.5)	(97.0, 3101.0)	(98.0, 3773.5)	(99.0, 3632.0)	(100.0, 3434.0)
SRR20277687_1	(0.0, 5851.0)	(1.0, 3336.0)	(2.0, 615.5)	(3.0, 312.5)	(4.0, 219.5)	(5.0, 200.0)	(6.0, 136.5)	(7.0, 88.0)	(8.0, 93.5)	(9.0, 119.5)	(10.0, 157.0)	(11.0, 196.5)	(12.0, 261.5)	(13.0, 395.0)	(14.0, 582.5)	(15.0, 908.0)	(16.0, 1484.0)	(17.0, 2341.5)	(18.0, 3600.5)	(19.0, 5630.5)	(20.0, 8666.5)	(21.0, 13239.0)	(22.0, 20026.5)	(23.0, 28807.0)	(24.0, 40559.0)	(25.0, 56372.0)	(26.0, 76049.0)	(27.0, 99227.5)	(28.0, 125375.5)	(29.0, 153643.5)	(30.0, 183637.0)	(31.0, 214210.0)	(32.0, 242723.5)	(33.0, 267758.0)	(34.0, 290814.0)	(35.0, 311887.5)	(36.0, 329386.5)	(37.0, 342446.5)	(38.0, 349041.0)	(39.0, 350308.5)	(40.0, 348316.5)	(41.0, 344487.0)	(42.0, 339737.0)	(43.0, 330596.5)	(44.0, 318795.0)	(45.0, 308577.0)	(46.0, 299625.0)	(47.0, 291383.0)	(48.0, 282821.5)	(49.0, 274562.5)	(50.0, 268525.5)	(51.0, 261976.0)	(52.0, 248992.0)	(53.0, 228082.0)	(54.0, 208367.5)	(55.0, 196237.5)	(56.0, 186064.0)	(57.0, 174887.5)	(58.0, 161476.5)	(59.0, 150140.0)	(60.0, 150106.5)	(61.0, 152494.5)	(62.0, 150073.5)	(63.0, 125397.0)	(64.0, 87828.0)	(65.0, 66850.0)	(66.0, 58873.5)	(67.0, 54516.0)	(68.0, 43191.0)	(69.0, 30355.5)	(70.0, 23144.5)	(71.0, 19004.0)	(72.0, 15629.5)	(73.0, 12634.0)	(74.0, 10457.0)	(75.0, 8658.5)	(76.0, 7679.5)	(77.0, 6985.0)	(78.0, 6258.5)	(79.0, 6386.5)	(80.0, 7252.0)	(81.0, 8503.5)	(82.0, 8159.5)	(83.0, 5676.5)	(84.0, 3200.0)	(85.0, 2121.5)	(86.0, 1980.5)	(87.0, 1661.0)	(88.0, 1106.0)	(89.0, 693.0)	(90.0, 456.0)	(91.0, 354.5)	(92.0, 388.5)	(93.0, 389.0)	(94.0, 289.0)	(95.0, 193.5)	(96.0, 165.5)	(97.0, 189.5)	(98.0, 212.0)	(99.0, 187.0)	(100.0, 95.0)
SRR20277687_2	(0.0, 6465.0)	(1.0, 3476.0)	(2.0, 473.0)	(3.0, 362.5)	(4.0, 271.0)	(5.0, 374.0)	(6.0, 607.0)	(7.0, 564.0)	(8.0, 396.0)	(9.0, 445.0)	(10.0, 515.0)	(11.0, 620.5)	(12.0, 771.0)	(13.0, 995.0)	(14.0, 1269.5)	(15.0, 1662.0)	(16.0, 2258.0)	(17.0, 3147.5)	(18.0, 4605.0)	(19.0, 6700.5)	(20.0, 9912.5)	(21.0, 14701.0)	(22.0, 21621.5)	(23.0, 31350.0)	(24.0, 44062.5)	(25.0, 60481.5)	(26.0, 81211.0)	(27.0, 105930.5)	(28.0, 133413.5)	(29.0, 162060.5)	(30.0, 191164.0)	(31.0, 220587.5)	(32.0, 248256.0)	(33.0, 271746.0)	(34.0, 291538.0)	(35.0, 308194.0)	(36.0, 320994.5)	(37.0, 331122.5)	(38.0, 337412.5)	(39.0, 338938.5)	(40.0, 335958.0)	(41.0, 330095.0)	(42.0, 322969.0)	(43.0, 315139.5)	(44.0, 306107.0)	(45.0, 296848.0)	(46.0, 288638.5)	(47.0, 281323.0)	(48.0, 274215.5)	(49.0, 265738.0)	(50.0, 255295.0)	(51.0, 243142.5)	(52.0, 230949.0)	(53.0, 221793.0)	(54.0, 213539.5)	(55.0, 203142.5)	(56.0, 191932.5)	(57.0, 180622.5)	(58.0, 171146.0)	(59.0, 162807.0)	(60.0, 158970.5)	(61.0, 157407.0)	(62.0, 144314.5)	(63.0, 125881.5)	(64.0, 110333.0)	(65.0, 89978.0)	(66.0, 69341.5)	(67.0, 53920.0)	(68.0, 42473.5)	(69.0, 33844.5)	(70.0, 27546.0)	(71.0, 23019.0)	(72.0, 18968.5)	(73.0, 15395.0)	(74.0, 12919.0)	(75.0, 11259.5)	(76.0, 10250.5)	(77.0, 9842.5)	(78.0, 8654.5)	(79.0, 6712.5)	(80.0, 5425.0)	(81.0, 4769.0)	(82.0, 4364.0)	(83.0, 3781.5)	(84.0, 2884.5)	(85.0, 2353.5)	(86.0, 2087.5)	(87.0, 1891.5)	(88.0, 1706.5)	(89.0, 1602.0)	(90.0, 1562.0)	(91.0, 1560.0)	(92.0, 1559.0)	(93.0, 1566.5)	(94.0, 1686.0)	(95.0, 1916.5)	(96.0, 2331.5)	(97.0, 3059.0)	(98.0, 3762.0)	(99.0, 3544.0)	(100.0, 3510.5)
SRR22894976_1	(0.0, 2020989.0)	(1.0, 1010672.0)	(2.0, 251.5)	(3.0, 123.0)	(4.0, 90.0)	(5.0, 70.0)	(6.0, 54.0)	(7.0, 50.0)	(8.0, 45.0)	(9.0, 45.5)	(10.0, 56.0)	(11.0, 59.5)	(12.0, 73.5)	(13.0, 107.0)	(14.0, 130.5)	(15.0, 175.0)	(16.0, 298.0)	(17.0, 481.0)	(18.0, 739.5)	(19.0, 1153.5)	(20.0, 1834.0)	(21.0, 2985.0)	(22.0, 4665.5)	(23.0, 6802.0)	(24.0, 9797.0)	(25.0, 13854.0)	(26.0, 18820.0)	(27.0, 24731.5)	(28.0, 31534.0)	(29.0, 39100.0)	(30.0, 46659.5)	(31.0, 54658.0)	(32.0, 62384.5)	(33.0, 68330.5)	(34.0, 74704.5)	(35.0, 82134.0)	(36.0, 90706.0)	(37.0, 103942.5)	(38.0, 120464.5)	(39.0, 133365.5)	(40.0, 142949.5)	(41.0, 173213.5)	(42.0, 207106.5)	(43.0, 193862.5)	(44.0, 183890.0)	(45.0, 190374.5)	(46.0, 186732.5)	(47.0, 177814.5)	(48.0, 155721.5)	(49.0, 156037.0)	(50.0, 160588.5)	(51.0, 142259.0)	(52.0, 117957.0)	(53.0, 96535.5)	(54.0, 85282.5)	(55.0, 81023.0)	(56.0, 82060.5)	(57.0, 85161.0)	(58.0, 82452.5)	(59.0, 77581.5)	(60.0, 77352.0)	(61.0, 78730.0)	(62.0, 76637.0)	(63.0, 61608.0)	(64.0, 40800.0)	(65.0, 28974.5)	(66.0, 25544.0)	(67.0, 25346.0)	(68.0, 21385.0)	(69.0, 16137.5)	(70.0, 14305.0)	(71.0, 13634.0)	(72.0, 12628.5)	(73.0, 11458.5)	(74.0, 10096.5)	(75.0, 8701.0)	(76.0, 7399.0)	(77.0, 6544.0)	(78.0, 6119.0)	(79.0, 6141.0)	(80.0, 6696.0)	(81.0, 7206.5)	(82.0, 6829.5)	(83.0, 5683.5)	(84.0, 4826.5)	(85.0, 4619.5)	(86.0, 4282.0)	(87.0, 3330.5)	(88.0, 2162.5)	(89.0, 1344.0)	(90.0, 882.0)	(91.0, 537.0)	(92.0, 365.5)	(93.0, 247.0)	(94.0, 143.0)	(95.0, 99.5)	(96.0, 86.5)	(97.0, 68.0)	(98.0, 57.5)	(99.0, 43.0)	(100.0, 23.5)
SRR22894976_2	(0.0, 2012716.0)	(1.0, 1006476.5)	(2.0, 242.0)	(3.0, 222.0)	(4.0, 185.0)	(5.0, 173.5)	(6.0, 241.0)	(7.0, 274.0)	(8.0, 257.5)	(9.0, 278.0)	(10.0, 310.0)	(11.0, 383.5)	(12.0, 438.5)	(13.0, 491.0)	(14.0, 566.5)	(15.0, 675.0)	(16.0, 827.0)	(17.0, 1015.0)	(18.0, 1329.5)	(19.0, 1806.5)	(20.0, 2458.0)	(21.0, 3456.5)	(22.0, 4984.5)	(23.0, 7446.5)	(24.0, 10777.5)	(25.0, 14958.0)	(26.0, 20231.0)	(27.0, 26423.5)	(28.0, 33201.0)	(29.0, 40373.0)	(30.0, 47778.0)	(31.0, 55253.5)	(32.0, 62935.0)	(33.0, 69873.0)	(34.0, 78132.5)	(35.0, 90090.5)	(36.0, 106534.0)	(37.0, 126927.0)	(38.0, 142406.5)	(39.0, 145877.0)	(40.0, 141490.5)	(41.0, 146627.5)	(42.0, 165242.5)	(43.0, 175229.5)	(44.0, 179894.5)	(45.0, 186909.0)	(46.0, 183842.5)	(47.0, 176858.0)	(48.0, 163420.0)	(49.0, 146775.0)	(50.0, 135852.5)	(51.0, 126251.5)	(52.0, 114056.5)	(53.0, 107156.5)	(54.0, 115165.5)	(55.0, 111390.0)	(56.0, 89239.5)	(57.0, 73877.0)	(58.0, 68044.0)	(59.0, 64858.5)	(60.0, 66789.0)	(61.0, 75393.0)	(62.0, 77816.5)	(63.0, 66649.5)	(64.0, 53049.5)	(65.0, 41452.5)	(66.0, 31560.5)	(67.0, 24610.5)	(68.0, 19798.5)	(69.0, 16602.0)	(70.0, 14188.0)	(71.0, 12196.5)	(72.0, 10542.5)	(73.0, 9044.0)	(74.0, 7914.5)	(75.0, 7173.5)	(76.0, 6402.5)	(77.0, 5597.0)	(78.0, 4701.0)	(79.0, 3922.5)	(80.0, 3539.0)	(81.0, 3318.5)	(82.0, 3172.5)	(83.0, 2986.0)	(84.0, 2800.5)	(85.0, 2566.5)	(86.0, 2274.0)	(87.0, 2079.0)	(88.0, 1835.5)	(89.0, 1555.5)	(90.0, 1264.0)	(91.0, 911.5)	(92.0, 720.5)	(93.0, 631.5)	(94.0, 545.0)	(95.0, 499.0)	(96.0, 496.5)	(97.0, 491.0)	(98.0, 415.0)	(99.0, 304.5)	(100.0, 799.0)
SRR22894977_1	(0.0, 1930712.0)	(1.0, 965514.0)	(2.0, 221.5)	(3.0, 110.0)	(4.0, 92.0)	(5.0, 73.5)	(6.0, 53.5)	(7.0, 43.0)	(8.0, 41.0)	(9.0, 44.5)	(10.0, 53.0)	(11.0, 70.0)	(12.0, 80.5)	(13.0, 105.5)	(14.0, 153.5)	(15.0, 215.0)	(16.0, 313.0)	(17.0, 474.5)	(18.0, 754.0)	(19.0, 1267.5)	(20.0, 2032.0)	(21.0, 3199.0)	(22.0, 4913.0)	(23.0, 7269.5)	(24.0, 10542.0)	(25.0, 14918.5)	(26.0, 20403.0)	(27.0, 26569.0)	(28.0, 33505.5)	(29.0, 41441.5)	(30.0, 49599.5)	(31.0, 57865.5)	(32.0, 65659.0)	(33.0, 72268.5)	(34.0, 78980.0)	(35.0, 86356.5)	(36.0, 95907.0)	(37.0, 110841.5)	(38.0, 128893.0)	(39.0, 141684.5)	(40.0, 151987.5)	(41.0, 184920.0)	(42.0, 219923.5)	(43.0, 203059.0)	(44.0, 193915.5)	(45.0, 201502.0)	(46.0, 195672.5)	(47.0, 186139.5)	(48.0, 161613.5)	(49.0, 164980.0)	(50.0, 168888.0)	(51.0, 145485.0)	(52.0, 120882.0)	(53.0, 99263.0)	(54.0, 87523.0)	(55.0, 83832.0)	(56.0, 85351.0)	(57.0, 88221.0)	(58.0, 84800.0)	(59.0, 79395.5)	(60.0, 79559.0)	(61.0, 81454.5)	(62.0, 78667.5)	(63.0, 61967.0)	(64.0, 40727.0)	(65.0, 29390.5)	(66.0, 26269.5)	(67.0, 26560.5)	(68.0, 22051.0)	(69.0, 16200.0)	(70.0, 14531.0)	(71.0, 13913.5)	(72.0, 12851.0)	(73.0, 11773.0)	(74.0, 10458.0)	(75.0, 8911.0)	(76.0, 7545.5)	(77.0, 6618.5)	(78.0, 6181.0)	(79.0, 6507.5)	(80.0, 7255.0)	(81.0, 7573.0)	(82.0, 6998.0)	(83.0, 5720.5)	(84.0, 4746.5)	(85.0, 4427.0)	(86.0, 3941.5)	(87.0, 2897.5)	(88.0, 1828.0)	(89.0, 1138.5)	(90.0, 735.0)	(91.0, 451.0)	(92.0, 317.0)	(93.0, 208.5)	(94.0, 120.5)	(95.0, 88.5)	(96.0, 66.0)	(97.0, 46.5)	(98.0, 47.0)	(99.0, 50.0)	(100.0, 33.0)
SRR22894977_2	(0.0, 1925868.0)	(1.0, 963040.5)	(2.0, 208.5)	(3.0, 183.5)	(4.0, 163.5)	(5.0, 176.0)	(6.0, 212.5)	(7.0, 238.0)	(8.0, 264.5)	(9.0, 299.0)	(10.0, 330.5)	(11.0, 393.0)	(12.0, 456.0)	(13.0, 511.0)	(14.0, 601.0)	(15.0, 695.0)	(16.0, 817.0)	(17.0, 1024.0)	(18.0, 1313.0)	(19.0, 1793.5)	(20.0, 2558.0)	(21.0, 3650.0)	(22.0, 5344.0)	(23.0, 7922.5)	(24.0, 11408.0)	(25.0, 15943.0)	(26.0, 21550.0)	(27.0, 28004.0)	(28.0, 35175.0)	(29.0, 42920.5)	(30.0, 50706.5)	(31.0, 58382.5)	(32.0, 66458.0)	(33.0, 73742.0)	(34.0, 82342.5)	(35.0, 95091.5)	(36.0, 113345.5)	(37.0, 135236.0)	(38.0, 150554.5)	(39.0, 152998.0)	(40.0, 148344.0)	(41.0, 155769.0)	(42.0, 176716.5)	(43.0, 185421.5)	(44.0, 189038.5)	(45.0, 195900.0)	(46.0, 191828.5)	(47.0, 184501.5)	(48.0, 169555.0)	(49.0, 153556.0)	(50.0, 143513.5)	(51.0, 131707.0)	(52.0, 117236.0)	(53.0, 111005.5)	(54.0, 118203.0)	(55.0, 111944.5)	(56.0, 90490.0)	(57.0, 75787.0)	(58.0, 70261.0)	(59.0, 67152.5)	(60.0, 69651.0)	(61.0, 79201.0)	(62.0, 80024.0)	(63.0, 67962.5)	(64.0, 54781.5)	(65.0, 42513.0)	(66.0, 32548.0)	(67.0, 25492.0)	(68.0, 20373.0)	(69.0, 16771.0)	(70.0, 14300.0)	(71.0, 12620.5)	(72.0, 10954.5)	(73.0, 9356.5)	(74.0, 8211.5)	(75.0, 7324.0)	(76.0, 6575.0)	(77.0, 5776.0)	(78.0, 4824.5)	(79.0, 4128.0)	(80.0, 3797.0)	(81.0, 3550.0)	(82.0, 3328.0)	(83.0, 3077.5)	(84.0, 2821.5)	(85.0, 2521.0)	(86.0, 2180.0)	(87.0, 1958.5)	(88.0, 1702.0)	(89.0, 1425.0)	(90.0, 1177.0)	(91.0, 884.5)	(92.0, 733.5)	(93.0, 677.5)	(94.0, 595.5)	(95.0, 570.0)	(96.0, 559.5)	(97.0, 533.0)	(98.0, 463.0)	(99.0, 348.0)	(100.0, 1263.0)
SRR22894978_1	(0.0, 1665271.0)	(1.0, 832790.0)	(2.0, 219.0)	(3.0, 104.0)	(4.0, 82.5)	(5.0, 75.5)	(6.0, 60.0)	(7.0, 54.0)	(8.0, 53.5)	(9.0, 54.5)	(10.0, 55.0)	(11.0, 68.0)	(12.0, 85.5)	(13.0, 110.0)	(14.0, 157.5)	(15.0, 239.0)	(16.0, 342.0)	(17.0, 489.5)	(18.0, 793.5)	(19.0, 1267.0)	(20.0, 2004.0)	(21.0, 3291.0)	(22.0, 5096.5)	(23.0, 7468.5)	(24.0, 10776.0)	(25.0, 15161.0)	(26.0, 20656.0)	(27.0, 26944.0)	(28.0, 34042.5)	(29.0, 41888.5)	(30.0, 49930.5)	(31.0, 58807.5)	(32.0, 67084.0)	(33.0, 73622.5)	(34.0, 80210.0)	(35.0, 87906.0)	(36.0, 97604.5)	(37.0, 113091.0)	(38.0, 131496.0)	(39.0, 144193.5)	(40.0, 155445.0)	(41.0, 188959.0)	(42.0, 223641.5)	(43.0, 206850.0)	(44.0, 198129.0)	(45.0, 205807.5)	(46.0, 199760.5)	(47.0, 190478.0)	(48.0, 165816.0)	(49.0, 168318.0)	(50.0, 172031.5)	(51.0, 148144.5)	(52.0, 123376.0)	(53.0, 101928.5)	(54.0, 89772.5)	(55.0, 85894.5)	(56.0, 87080.5)	(57.0, 89515.0)	(58.0, 86402.0)	(59.0, 80797.0)	(60.0, 80814.0)	(61.0, 82942.5)	(62.0, 80541.5)	(63.0, 63563.5)	(64.0, 41391.5)	(65.0, 29854.0)	(66.0, 26557.5)	(67.0, 26712.5)	(68.0, 22063.0)	(69.0, 16108.5)	(70.0, 14428.0)	(71.0, 13649.5)	(72.0, 12425.5)	(73.0, 11237.0)	(74.0, 9902.0)	(75.0, 8500.5)	(76.0, 7215.0)	(77.0, 6384.5)	(78.0, 6103.0)	(79.0, 6325.0)	(80.0, 6919.5)	(81.0, 7284.5)	(82.0, 6705.0)	(83.0, 5368.5)	(84.0, 4584.0)	(85.0, 4475.0)	(86.0, 4131.0)	(87.0, 3200.5)	(88.0, 2027.0)	(89.0, 1190.0)	(90.0, 762.0)	(91.0, 501.5)	(92.0, 350.0)	(93.0, 232.0)	(94.0, 145.0)	(95.0, 95.0)	(96.0, 75.0)	(97.0, 54.5)	(98.0, 39.0)	(99.0, 37.5)	(100.0, 32.5)
SRR22894978_2	(0.0, 1657094.0)	(1.0, 828658.0)	(2.0, 201.5)	(3.0, 157.0)	(4.0, 154.0)	(5.0, 186.0)	(6.0, 217.5)	(7.0, 235.0)	(8.0, 221.5)	(9.0, 232.0)	(10.0, 267.5)	(11.0, 301.0)	(12.0, 338.0)	(13.0, 389.5)	(14.0, 477.5)	(15.0, 561.0)	(16.0, 671.0)	(17.0, 893.0)	(18.0, 1235.0)	(19.0, 1726.5)	(20.0, 2529.0)	(21.0, 3669.0)	(22.0, 5401.0)	(23.0, 8066.0)	(24.0, 11824.0)	(25.0, 16428.5)	(26.0, 22123.0)	(27.0, 28892.5)	(28.0, 36032.0)	(29.0, 43547.0)	(30.0, 51310.5)	(31.0, 59391.0)	(32.0, 67643.5)	(33.0, 74695.5)	(34.0, 83674.0)	(35.0, 96560.0)	(36.0, 115240.0)	(37.0, 138261.0)	(38.0, 153097.5)	(39.0, 154764.5)	(40.0, 150659.0)	(41.0, 158756.0)	(42.0, 179021.0)	(43.0, 187879.0)	(44.0, 193502.5)	(45.0, 200077.0)	(46.0, 196078.0)	(47.0, 189824.5)	(48.0, 173114.5)	(49.0, 155658.5)	(50.0, 145652.0)	(51.0, 133968.5)	(52.0, 119656.5)	(53.0, 114946.5)	(54.0, 123903.5)	(55.0, 115981.5)	(56.0, 92112.0)	(57.0, 77240.0)	(58.0, 72125.5)	(59.0, 68903.5)	(60.0, 71976.5)	(61.0, 81653.5)	(62.0, 81196.0)	(63.0, 68707.0)	(64.0, 55766.5)	(65.0, 43107.5)	(66.0, 32599.0)	(67.0, 25534.0)	(68.0, 20347.5)	(69.0, 16722.5)	(70.0, 14337.5)	(71.0, 12534.5)	(72.0, 10813.0)	(73.0, 9171.0)	(74.0, 7923.5)	(75.0, 6959.5)	(76.0, 6197.5)	(77.0, 5496.0)	(78.0, 4568.5)	(79.0, 3817.0)	(80.0, 3506.5)	(81.0, 3318.5)	(82.0, 3107.5)	(83.0, 2858.5)	(84.0, 2686.5)	(85.0, 2504.5)	(86.0, 2251.5)	(87.0, 2048.0)	(88.0, 1750.5)	(89.0, 1460.0)	(90.0, 1201.5)	(91.0, 938.0)	(92.0, 801.5)	(93.0, 701.5)	(94.0, 606.0)	(95.0, 571.0)	(96.0, 556.5)	(97.0, 516.0)	(98.0, 439.5)	(99.0, 334.5)	(100.0, 812.5)
SRR22894979_1	(0.0, 1654669.0)	(1.0, 827485.0)	(2.0, 208.0)	(3.0, 95.5)	(4.0, 76.0)	(5.0, 73.5)	(6.0, 63.0)	(7.0, 49.0)	(8.0, 49.5)	(9.0, 61.5)	(10.0, 71.0)	(11.0, 86.0)	(12.0, 97.0)	(13.0, 115.0)	(14.0, 155.0)	(15.0, 226.0)	(16.0, 341.5)	(17.0, 535.0)	(18.0, 861.0)	(19.0, 1337.5)	(20.0, 2145.5)	(21.0, 3460.5)	(22.0, 5303.5)	(23.0, 7809.5)	(24.0, 11321.0)	(25.0, 15892.5)	(26.0, 21411.5)	(27.0, 28035.5)	(28.0, 35590.5)	(29.0, 43837.5)	(30.0, 52278.5)	(31.0, 61066.0)	(32.0, 69653.5)	(33.0, 76714.0)	(34.0, 83384.0)	(35.0, 90957.5)	(36.0, 101125.5)	(37.0, 117488.5)	(38.0, 136551.0)	(39.0, 148852.0)	(40.0, 160215.5)	(41.0, 196175.0)	(42.0, 232753.0)	(43.0, 213007.5)	(44.0, 204511.0)	(45.0, 213208.0)	(46.0, 205925.0)	(47.0, 196853.5)	(48.0, 169942.5)	(49.0, 174652.0)	(50.0, 178189.5)	(51.0, 150607.5)	(52.0, 125207.0)	(53.0, 103650.0)	(54.0, 91756.0)	(55.0, 87753.0)	(56.0, 89220.0)	(57.0, 91251.0)	(58.0, 87299.0)	(59.0, 82211.5)	(60.0, 82907.0)	(61.0, 84246.0)	(62.0, 80932.5)	(63.0, 63354.0)	(64.0, 41006.0)	(65.0, 29744.5)	(66.0, 26770.5)	(67.0, 27266.5)	(68.0, 22485.0)	(69.0, 16592.5)	(70.0, 15084.5)	(71.0, 14260.0)	(72.0, 12909.0)	(73.0, 11691.0)	(74.0, 10413.5)	(75.0, 8914.0)	(76.0, 7491.0)	(77.0, 6608.5)	(78.0, 6212.5)	(79.0, 6551.0)	(80.0, 7410.5)	(81.0, 7704.0)	(82.0, 6844.5)	(83.0, 5450.0)	(84.0, 4658.5)	(85.0, 4480.0)	(86.0, 4016.5)	(87.0, 2903.5)	(88.0, 1770.0)	(89.0, 1080.5)	(90.0, 730.5)	(91.0, 461.0)	(92.0, 299.5)	(93.0, 197.0)	(94.0, 113.0)	(95.0, 71.0)	(96.0, 53.5)	(97.0, 43.5)	(98.0, 45.0)	(99.0, 40.5)	(100.0, 21.0)
SRR22894979_2	(0.0, 1646684.0)	(1.0, 823443.5)	(2.0, 179.0)	(3.0, 165.0)	(4.0, 159.5)	(5.0, 157.5)	(6.0, 204.0)	(7.0, 230.0)	(8.0, 243.0)	(9.0, 280.5)	(10.0, 298.0)	(11.0, 311.0)	(12.0, 327.5)	(13.0, 388.0)	(14.0, 468.5)	(15.0, 549.5)	(16.0, 723.5)	(17.0, 916.0)	(18.0, 1227.5)	(19.0, 1730.5)	(20.0, 2587.5)	(21.0, 3858.0)	(22.0, 5739.5)	(23.0, 8598.0)	(24.0, 12340.0)	(25.0, 17118.0)	(26.0, 23007.5)	(27.0, 29953.0)	(28.0, 37509.0)	(29.0, 45489.5)	(30.0, 53558.5)	(31.0, 62162.5)	(32.0, 70901.0)	(33.0, 77983.0)	(34.0, 87191.0)	(35.0, 100993.0)	(36.0, 120747.0)	(37.0, 144339.0)	(38.0, 158791.0)	(39.0, 159088.5)	(40.0, 155043.5)	(41.0, 165223.0)	(42.0, 186728.5)	(43.0, 194965.0)	(44.0, 200505.0)	(45.0, 206972.5)	(46.0, 202071.0)	(47.0, 194762.5)	(48.0, 176360.0)	(49.0, 159154.0)	(50.0, 150012.0)	(51.0, 137443.0)	(52.0, 121473.5)	(53.0, 116904.0)	(54.0, 125392.0)	(55.0, 115925.5)	(56.0, 92910.0)	(57.0, 78430.5)	(58.0, 73205.5)	(59.0, 70572.0)	(60.0, 74357.5)	(61.0, 83743.5)	(62.0, 82133.0)	(63.0, 69243.0)	(64.0, 56147.0)	(65.0, 43099.5)	(66.0, 32743.5)	(67.0, 25839.5)	(68.0, 20698.0)	(69.0, 17261.5)	(70.0, 14746.0)	(71.0, 12715.0)	(72.0, 10969.0)	(73.0, 9440.5)	(74.0, 8303.0)	(75.0, 7351.0)	(76.0, 6620.0)	(77.0, 5750.5)	(78.0, 4721.0)	(79.0, 4099.0)	(80.0, 3868.0)	(81.0, 3684.0)	(82.0, 3405.0)	(83.0, 3114.0)	(84.0, 2840.5)	(85.0, 2519.0)	(86.0, 2205.5)	(87.0, 1961.0)	(88.0, 1680.5)	(89.0, 1436.5)	(90.0, 1166.0)	(91.0, 875.0)	(92.0, 755.0)	(93.0, 678.0)	(94.0, 628.0)	(95.0, 595.0)	(96.0, 572.0)	(97.0, 560.5)	(98.0, 482.0)	(99.0, 389.0)	(100.0, 1355.5)
SRR22894980_1	(0.0, 3983304.0)	(1.0, 1994132.5)	(2.0, 3334.0)	(3.0, 1445.0)	(4.0, 1287.5)	(5.0, 966.0)	(6.0, 386.5)	(7.0, 216.0)	(8.0, 201.0)	(9.0, 189.0)	(10.0, 179.5)	(11.0, 209.5)	(12.0, 232.0)	(13.0, 246.0)	(14.0, 264.5)	(15.0, 281.5)	(16.0, 312.5)	(17.0, 321.5)	(18.0, 340.5)	(19.0, 347.0)	(20.0, 353.5)	(21.0, 386.5)	(22.0, 407.0)	(23.0, 429.0)	(24.0, 497.0)	(25.0, 608.0)	(26.0, 790.5)	(27.0, 1046.5)	(28.0, 1247.5)	(29.0, 1409.5)	(30.0, 1664.5)	(31.0, 1957.0)	(32.0, 2241.0)	(33.0, 2505.5)	(34.0, 2760.0)	(35.0, 3054.5)	(36.0, 3368.5)	(37.0, 3825.5)	(38.0, 4263.0)	(39.0, 4672.0)	(40.0, 4979.0)	(41.0, 5712.0)	(42.0, 6556.0)	(43.0, 6432.5)	(44.0, 6373.5)	(45.0, 6657.0)	(46.0, 6934.5)	(47.0, 6994.0)	(48.0, 6736.5)	(49.0, 7212.5)	(50.0, 8271.0)	(51.0, 9226.0)	(52.0, 9991.5)	(53.0, 11830.5)	(54.0, 15813.5)	(55.0, 18265.0)	(56.0, 16041.0)	(57.0, 13841.5)	(58.0, 14359.0)	(59.0, 15454.5)	(60.0, 16576.5)	(61.0, 16737.0)	(62.0, 16394.0)	(63.0, 14137.5)	(64.0, 10627.0)	(65.0, 8895.0)	(66.0, 8644.5)	(67.0, 8754.0)	(68.0, 9012.5)	(69.0, 9794.0)	(70.0, 11516.0)	(71.0, 13191.5)	(72.0, 13698.0)	(73.0, 13677.5)	(74.0, 12447.5)	(75.0, 10545.0)	(76.0, 9011.5)	(77.0, 7934.0)	(78.0, 7321.5)	(79.0, 7469.5)	(80.0, 8096.0)	(81.0, 8327.5)	(82.0, 8054.5)	(83.0, 7471.0)	(84.0, 7057.5)	(85.0, 6686.5)	(86.0, 5939.5)	(87.0, 4945.5)	(88.0, 3700.0)	(89.0, 2659.0)	(90.0, 1910.5)	(91.0, 1253.5)	(92.0, 871.5)	(93.0, 582.0)	(94.0, 375.0)	(95.0, 277.0)	(96.0, 220.5)	(97.0, 206.5)	(98.0, 198.0)	(99.0, 145.5)	(100.0, 67.5)
SRR22894980_2	(0.0, 3941744.0)	(1.0, 1971856.5)	(2.0, 1681.0)	(3.0, 1222.0)	(4.0, 981.5)	(5.0, 1392.5)	(6.0, 4036.0)	(7.0, 4388.0)	(8.0, 2024.0)	(9.0, 1154.0)	(10.0, 732.0)	(11.0, 578.0)	(12.0, 501.0)	(13.0, 424.0)	(14.0, 396.0)	(15.0, 404.5)	(16.0, 414.5)	(17.0, 445.0)	(18.0, 478.0)	(19.0, 468.0)	(20.0, 444.5)	(21.0, 463.0)	(22.0, 497.0)	(23.0, 563.5)	(24.0, 681.0)	(25.0, 854.0)	(26.0, 1073.0)	(27.0, 1299.5)	(28.0, 1575.0)	(29.0, 1879.0)	(30.0, 2173.0)	(31.0, 2536.5)	(32.0, 2936.0)	(33.0, 3317.5)	(34.0, 3688.5)	(35.0, 4105.0)	(36.0, 4520.0)	(37.0, 5090.0)	(38.0, 5825.5)	(39.0, 6264.5)	(40.0, 6387.5)	(41.0, 6836.0)	(42.0, 7462.5)	(43.0, 7819.0)	(44.0, 8226.5)	(45.0, 8724.0)	(46.0, 8904.5)	(47.0, 8809.5)	(48.0, 8715.0)	(49.0, 8972.0)	(50.0, 9349.0)	(51.0, 9776.5)	(52.0, 11216.0)	(53.0, 15721.0)	(54.0, 23148.0)	(55.0, 22594.5)	(56.0, 14990.5)	(57.0, 12157.5)	(58.0, 13720.5)	(59.0, 16234.5)	(60.0, 17747.5)	(61.0, 17499.5)	(62.0, 16127.0)	(63.0, 14401.5)	(64.0, 13090.0)	(65.0, 11976.0)	(66.0, 10601.0)	(67.0, 9438.0)	(68.0, 8691.5)	(69.0, 8663.5)	(70.0, 9073.5)	(71.0, 9036.0)	(72.0, 8436.0)	(73.0, 7894.0)	(74.0, 7308.0)	(75.0, 6562.5)	(76.0, 5894.0)	(77.0, 5189.5)	(78.0, 4477.0)	(79.0, 4302.5)	(80.0, 4467.5)	(81.0, 4556.0)	(82.0, 4562.0)	(83.0, 4464.5)	(84.0, 4323.5)	(85.0, 3995.5)	(86.0, 3660.5)	(87.0, 3515.0)	(88.0, 3166.5)	(89.0, 2689.5)	(90.0, 2095.5)	(91.0, 1374.5)	(92.0, 964.5)	(93.0, 709.0)	(94.0, 547.5)	(95.0, 489.0)	(96.0, 423.0)	(97.0, 401.5)	(98.0, 342.0)	(99.0, 251.0)	(100.0, 817.5)
SRR22894981_1	(0.0, 3587537.0)	(1.0, 1795900.0)	(2.0, 2863.5)	(3.0, 1283.0)	(4.0, 1219.5)	(5.0, 900.0)	(6.0, 354.5)	(7.0, 214.5)	(8.0, 177.0)	(9.0, 180.0)	(10.0, 191.5)	(11.0, 206.0)	(12.0, 233.5)	(13.0, 259.5)	(14.0, 267.5)	(15.0, 290.0)	(16.0, 313.0)	(17.0, 303.0)	(18.0, 324.5)	(19.0, 358.5)	(20.0, 352.0)	(21.0, 369.5)	(22.0, 407.0)	(23.0, 439.5)	(24.0, 516.0)	(25.0, 632.5)	(26.0, 811.5)	(27.0, 1031.5)	(28.0, 1245.0)	(29.0, 1469.0)	(30.0, 1710.5)	(31.0, 2034.5)	(32.0, 2344.0)	(33.0, 2545.5)	(34.0, 2808.5)	(35.0, 3218.0)	(36.0, 3594.5)	(37.0, 4088.5)	(38.0, 4493.0)	(39.0, 4948.0)	(40.0, 5434.5)	(41.0, 6121.5)	(42.0, 6814.0)	(43.0, 6641.5)	(44.0, 6671.5)	(45.0, 7028.5)	(46.0, 7324.0)	(47.0, 7311.0)	(48.0, 6989.5)	(49.0, 7523.5)	(50.0, 8745.5)	(51.0, 9517.0)	(52.0, 10083.0)	(53.0, 11433.0)	(54.0, 14782.5)	(55.0, 17910.0)	(56.0, 15972.5)	(57.0, 13822.5)	(58.0, 15027.5)	(59.0, 16242.5)	(60.0, 17270.0)	(61.0, 17169.5)	(62.0, 16422.0)	(63.0, 13816.5)	(64.0, 10312.5)	(65.0, 8834.5)	(66.0, 8767.5)	(67.0, 9086.5)	(68.0, 9539.0)	(69.0, 10433.5)	(70.0, 12074.5)	(71.0, 13563.5)	(72.0, 13719.0)	(73.0, 13491.0)	(74.0, 12324.0)	(75.0, 10513.0)	(76.0, 9007.5)	(77.0, 7831.5)	(78.0, 7272.5)	(79.0, 7785.5)	(80.0, 8669.0)	(81.0, 8986.0)	(82.0, 8459.5)	(83.0, 7526.5)	(84.0, 6969.5)	(85.0, 6421.0)	(86.0, 5358.0)	(87.0, 4057.5)	(88.0, 2963.5)	(89.0, 2257.5)	(90.0, 1707.5)	(91.0, 1167.0)	(92.0, 838.0)	(93.0, 547.0)	(94.0, 346.5)	(95.0, 232.0)	(96.0, 149.5)	(97.0, 118.0)	(98.0, 96.0)	(99.0, 77.0)	(100.0, 40.5)
SRR22894981_2	(0.0, 3554007.0)	(1.0, 1777897.5)	(2.0, 1418.5)	(3.0, 881.0)	(4.0, 701.5)	(5.0, 948.5)	(6.0, 2420.5)	(7.0, 2643.5)	(8.0, 1513.5)	(9.0, 1134.5)	(10.0, 778.5)	(11.0, 639.5)	(12.0, 578.5)	(13.0, 480.0)	(14.0, 394.5)	(15.0, 369.5)	(16.0, 362.5)	(17.0, 356.0)	(18.0, 385.0)	(19.0, 405.0)	(20.0, 402.0)	(21.0, 431.5)	(22.0, 480.0)	(23.0, 569.0)	(24.0, 698.5)	(25.0, 870.0)	(26.0, 1060.5)	(27.0, 1268.5)	(28.0, 1590.0)	(29.0, 1891.5)	(30.0, 2177.0)	(31.0, 2507.5)	(32.0, 2885.0)	(33.0, 3349.5)	(34.0, 3782.5)	(35.0, 4299.0)	(36.0, 5067.0)	(37.0, 5822.5)	(38.0, 6549.0)	(39.0, 7103.0)	(40.0, 7313.5)	(41.0, 7672.5)	(42.0, 8201.0)	(43.0, 8571.5)	(44.0, 8849.5)	(45.0, 9045.5)	(46.0, 9041.5)	(47.0, 8857.0)	(48.0, 8708.0)	(49.0, 9141.0)	(50.0, 9600.0)	(51.0, 9993.0)	(52.0, 11327.5)	(53.0, 15562.0)	(54.0, 19344.5)	(55.0, 17738.0)	(56.0, 13558.0)	(57.0, 11882.0)	(58.0, 13879.0)	(59.0, 16742.5)	(60.0, 18399.0)	(61.0, 18043.5)	(62.0, 16248.0)	(63.0, 14399.0)	(64.0, 13243.5)	(65.0, 11998.5)	(66.0, 10621.0)	(67.0, 9725.5)	(68.0, 9049.5)	(69.0, 8913.0)	(70.0, 9324.0)	(71.0, 9388.5)	(72.0, 8657.0)	(73.0, 7943.0)	(74.0, 7434.5)	(75.0, 6726.0)	(76.0, 6004.5)	(77.0, 5383.5)	(78.0, 4791.0)	(79.0, 4657.5)	(80.0, 4868.5)	(81.0, 4921.0)	(82.0, 4791.5)	(83.0, 4577.0)	(84.0, 4376.0)	(85.0, 3929.0)	(86.0, 3396.5)	(87.0, 3088.0)	(88.0, 2720.5)	(89.0, 2321.5)	(90.0, 1847.0)	(91.0, 1279.5)	(92.0, 953.0)	(93.0, 725.5)	(94.0, 568.0)	(95.0, 522.0)	(96.0, 483.5)	(97.0, 425.0)	(98.0, 343.5)	(99.0, 264.5)	(100.0, 1190.5)
SRR22894982_1	(0.0, 3185760.0)	(1.0, 1595012.0)	(2.0, 2869.5)	(3.0, 1314.0)	(4.0, 1281.0)	(5.0, 943.5)	(6.0, 356.5)	(7.0, 216.0)	(8.0, 183.0)	(9.0, 178.5)	(10.0, 197.5)	(11.0, 223.0)	(12.0, 237.0)	(13.0, 257.5)	(14.0, 278.5)	(15.0, 276.5)	(16.0, 279.0)	(17.0, 286.0)	(18.0, 301.0)	(19.0, 309.0)	(20.0, 312.0)	(21.0, 347.0)	(22.0, 377.5)	(23.0, 419.5)	(24.0, 527.0)	(25.0, 643.5)	(26.0, 823.0)	(27.0, 1072.5)	(28.0, 1311.5)	(29.0, 1536.0)	(30.0, 1737.0)	(31.0, 2038.5)	(32.0, 2403.5)	(33.0, 2662.5)	(34.0, 2928.0)	(35.0, 3368.0)	(36.0, 3768.5)	(37.0, 4280.0)	(38.0, 4704.0)	(39.0, 5117.5)	(40.0, 5586.0)	(41.0, 6342.5)	(42.0, 7100.0)	(43.0, 6913.0)	(44.0, 6946.0)	(45.0, 7236.5)	(46.0, 7520.0)	(47.0, 7619.0)	(48.0, 7267.0)	(49.0, 7723.0)	(50.0, 8830.0)	(51.0, 9776.5)	(52.0, 10537.0)	(53.0, 11926.0)	(54.0, 15196.0)	(55.0, 17819.0)	(56.0, 16050.0)	(57.0, 13825.5)	(58.0, 14513.5)	(59.0, 15913.0)	(60.0, 17182.5)	(61.0, 17265.5)	(62.0, 16782.0)	(63.0, 14136.0)	(64.0, 10439.0)	(65.0, 8915.0)	(66.0, 8697.0)	(67.0, 8921.0)	(68.0, 9259.5)	(69.0, 10034.5)	(70.0, 11642.0)	(71.0, 13054.0)	(72.0, 13215.5)	(73.0, 13041.5)	(74.0, 11837.0)	(75.0, 9926.5)	(76.0, 8508.5)	(77.0, 7601.5)	(78.0, 7053.5)	(79.0, 7282.0)	(80.0, 7894.5)	(81.0, 8148.0)	(82.0, 7805.5)	(83.0, 7084.0)	(84.0, 6734.0)	(85.0, 6436.5)	(86.0, 5678.5)	(87.0, 4669.0)	(88.0, 3513.0)	(89.0, 2566.0)	(90.0, 1860.5)	(91.0, 1235.0)	(92.0, 862.5)	(93.0, 573.0)	(94.0, 369.0)	(95.0, 247.0)	(96.0, 193.0)	(97.0, 179.5)	(98.0, 169.0)	(99.0, 127.0)	(100.0, 62.5)
SRR22894982_2	(0.0, 3149377.0)	(1.0, 1575613.5)	(2.0, 1559.0)	(3.0, 1077.5)	(4.0, 907.5)	(5.0, 1407.5)	(6.0, 3509.5)	(7.0, 3578.0)	(8.0, 1648.0)	(9.0, 979.0)	(10.0, 594.0)	(11.0, 482.0)	(12.0, 429.0)	(13.0, 368.5)	(14.0, 330.5)	(15.0, 331.5)	(16.0, 339.5)	(17.0, 369.5)	(18.0, 422.5)	(19.0, 424.0)	(20.0, 403.5)	(21.0, 438.5)	(22.0, 508.0)	(23.0, 604.0)	(24.0, 750.5)	(25.0, 901.0)	(26.0, 1103.5)	(27.0, 1375.0)	(28.0, 1641.5)	(29.0, 1915.5)	(30.0, 2247.0)	(31.0, 2610.0)	(32.0, 2933.0)	(33.0, 3335.5)	(34.0, 3759.0)	(35.0, 4249.5)	(36.0, 4841.5)	(37.0, 5445.5)	(38.0, 6162.0)	(39.0, 6636.0)	(40.0, 6856.5)	(41.0, 7316.5)	(42.0, 7938.0)	(43.0, 8340.5)	(44.0, 8690.5)	(45.0, 8976.5)	(46.0, 9263.5)	(47.0, 9206.0)	(48.0, 8901.0)	(49.0, 9296.0)	(50.0, 9826.5)	(51.0, 10321.0)	(52.0, 11752.5)	(53.0, 16177.0)	(54.0, 21562.5)	(55.0, 20076.0)	(56.0, 14263.0)	(57.0, 12169.0)	(58.0, 13847.5)	(59.0, 16696.5)	(60.0, 18538.5)	(61.0, 18352.0)	(62.0, 16468.5)	(63.0, 14393.0)	(64.0, 13300.5)	(65.0, 12124.5)	(66.0, 10664.0)	(67.0, 9670.5)	(68.0, 8962.5)	(69.0, 8796.5)	(70.0, 9069.5)	(71.0, 8984.0)	(72.0, 8156.5)	(73.0, 7345.5)	(74.0, 6699.5)	(75.0, 5996.5)	(76.0, 5426.0)	(77.0, 4858.0)	(78.0, 4291.5)	(79.0, 4203.5)	(80.0, 4342.5)	(81.0, 4330.5)	(82.0, 4269.0)	(83.0, 4255.0)	(84.0, 4309.5)	(85.0, 4049.0)	(86.0, 3649.5)	(87.0, 3368.5)	(88.0, 2954.0)	(89.0, 2534.5)	(90.0, 1982.0)	(91.0, 1333.5)	(92.0, 981.0)	(93.0, 769.0)	(94.0, 598.5)	(95.0, 501.5)	(96.0, 471.0)	(97.0, 430.5)	(98.0, 343.0)	(99.0, 253.5)	(100.0, 763.0)
SRR22894983_1	(0.0, 2990658.0)	(1.0, 1497383.0)	(2.0, 2786.5)	(3.0, 1299.0)	(4.0, 1293.0)	(5.0, 963.5)	(6.0, 345.0)	(7.0, 205.0)	(8.0, 196.5)	(9.0, 196.0)	(10.0, 204.5)	(11.0, 218.0)	(12.0, 230.0)	(13.0, 244.5)	(14.0, 279.0)	(15.0, 302.0)	(16.0, 307.5)	(17.0, 322.0)	(18.0, 332.0)	(19.0, 336.0)	(20.0, 332.5)	(21.0, 358.0)	(22.0, 400.5)	(23.0, 431.5)	(24.0, 523.5)	(25.0, 642.5)	(26.0, 857.5)	(27.0, 1125.5)	(28.0, 1351.5)	(29.0, 1598.0)	(30.0, 1827.5)	(31.0, 2121.5)	(32.0, 2462.0)	(33.0, 2719.5)	(34.0, 3018.5)	(35.0, 3386.0)	(36.0, 3789.5)	(37.0, 4369.0)	(38.0, 4784.5)	(39.0, 5159.0)	(40.0, 5705.5)	(41.0, 6519.5)	(42.0, 7192.5)	(43.0, 6910.5)	(44.0, 7050.0)	(45.0, 7439.5)	(46.0, 7546.0)	(47.0, 7644.5)	(48.0, 7388.0)	(49.0, 7967.0)	(50.0, 9162.0)	(51.0, 9945.0)	(52.0, 10483.5)	(53.0, 11597.0)	(54.0, 14668.5)	(55.0, 17333.5)	(56.0, 15608.5)	(57.0, 13573.0)	(58.0, 14514.0)	(59.0, 16329.5)	(60.0, 17894.5)	(61.0, 17486.5)	(62.0, 16476.5)	(63.0, 13802.5)	(64.0, 10377.0)	(65.0, 9035.0)	(66.0, 8761.0)	(67.0, 8926.5)	(68.0, 9241.5)	(69.0, 10148.0)	(70.0, 12005.0)	(71.0, 13580.0)	(72.0, 13652.0)	(73.0, 13329.5)	(74.0, 11941.5)	(75.0, 10004.0)	(76.0, 8603.0)	(77.0, 7574.0)	(78.0, 7097.5)	(79.0, 7578.5)	(80.0, 8426.5)	(81.0, 8742.5)	(82.0, 8242.0)	(83.0, 7432.0)	(84.0, 6958.5)	(85.0, 6365.0)	(86.0, 5236.5)	(87.0, 3925.5)	(88.0, 2888.0)	(89.0, 2151.0)	(90.0, 1569.5)	(91.0, 1044.0)	(92.0, 781.5)	(93.0, 566.0)	(94.0, 363.0)	(95.0, 237.5)	(96.0, 153.0)	(97.0, 146.5)	(98.0, 134.0)	(99.0, 89.0)	(100.0, 46.0)
SRR22894983_2	(0.0, 2957344.0)	(1.0, 1479559.5)	(2.0, 1417.5)	(3.0, 883.0)	(4.0, 692.0)	(5.0, 995.0)	(6.0, 2422.0)	(7.0, 2594.0)	(8.0, 1432.0)	(9.0, 1042.0)	(10.0, 743.5)	(11.0, 643.0)	(12.0, 632.0)	(13.0, 510.5)	(14.0, 406.0)	(15.0, 361.0)	(16.0, 362.5)	(17.0, 398.0)	(18.0, 410.0)	(19.0, 420.5)	(20.0, 416.5)	(21.0, 451.0)	(22.0, 526.5)	(23.0, 579.0)	(24.0, 733.0)	(25.0, 935.0)	(26.0, 1087.0)	(27.0, 1325.5)	(28.0, 1688.5)	(29.0, 2035.0)	(30.0, 2366.5)	(31.0, 2681.5)	(32.0, 3037.5)	(33.0, 3549.5)	(34.0, 4057.5)	(35.0, 4571.0)	(36.0, 5231.0)	(37.0, 6022.0)	(38.0, 6646.5)	(39.0, 6935.0)	(40.0, 7120.0)	(41.0, 7690.0)	(42.0, 8437.5)	(43.0, 8626.0)	(44.0, 8879.0)	(45.0, 9111.5)	(46.0, 9081.0)	(47.0, 9027.0)	(48.0, 8985.0)	(49.0, 9316.0)	(50.0, 9839.0)	(51.0, 10469.0)	(52.0, 11861.5)	(53.0, 15963.5)	(54.0, 19105.0)	(55.0, 16958.5)	(56.0, 13233.5)	(57.0, 12129.5)	(58.0, 13981.0)	(59.0, 16808.5)	(60.0, 18805.0)	(61.0, 18413.5)	(62.0, 16103.5)	(63.0, 14337.5)	(64.0, 13475.5)	(65.0, 12302.5)	(66.0, 10922.5)	(67.0, 9769.5)	(68.0, 9075.5)	(69.0, 9001.0)	(70.0, 9326.0)	(71.0, 9361.0)	(72.0, 8687.5)	(73.0, 7952.5)	(74.0, 7233.0)	(75.0, 6484.0)	(76.0, 5809.5)	(77.0, 5073.5)	(78.0, 4478.0)	(79.0, 4422.5)	(80.0, 4673.0)	(81.0, 4741.5)	(82.0, 4647.5)	(83.0, 4568.0)	(84.0, 4411.0)	(85.0, 3935.0)	(86.0, 3337.0)	(87.0, 2998.5)	(88.0, 2676.0)	(89.0, 2273.5)	(90.0, 1801.5)	(91.0, 1242.5)	(92.0, 917.0)	(93.0, 716.0)	(94.0, 571.5)	(95.0, 510.5)	(96.0, 478.0)	(97.0, 440.5)	(98.0, 375.5)	(99.0, 333.5)	(100.0, 1200.0)
SRR22894984_1	(0.0, 1488974.0)	(1.0, 750632.5)	(2.0, 8121.0)	(3.0, 2897.5)	(4.0, 1713.5)	(5.0, 1162.5)	(6.0, 600.0)	(7.0, 423.0)	(8.0, 368.0)	(9.0, 342.5)	(10.0, 345.5)	(11.0, 356.0)	(12.0, 380.0)	(13.0, 435.0)	(14.0, 488.5)	(15.0, 534.0)	(16.0, 557.0)	(17.0, 526.0)	(18.0, 580.5)	(19.0, 652.0)	(20.0, 755.0)	(21.0, 967.5)	(22.0, 1144.5)	(23.0, 1428.5)	(24.0, 1903.0)	(25.0, 2546.5)	(26.0, 3414.5)	(27.0, 4373.5)	(28.0, 5435.5)	(29.0, 6517.0)	(30.0, 7756.5)	(31.0, 9081.0)	(32.0, 10155.5)	(33.0, 11147.0)	(34.0, 12317.5)	(35.0, 13343.0)	(36.0, 14149.0)	(37.0, 15190.5)	(38.0, 15991.0)	(39.0, 16378.0)	(40.0, 16912.5)	(41.0, 18024.5)	(42.0, 18903.0)	(43.0, 18308.0)	(44.0, 18181.0)	(45.0, 18509.0)	(46.0, 18192.5)	(47.0, 17796.5)	(48.0, 17104.5)	(49.0, 17629.0)	(50.0, 18768.5)	(51.0, 18648.0)	(52.0, 18408.5)	(53.0, 18449.0)	(54.0, 18606.5)	(55.0, 18663.0)	(56.0, 18345.5)	(57.0, 19717.5)	(58.0, 22081.0)	(59.0, 24967.0)	(60.0, 26665.5)	(61.0, 27155.0)	(62.0, 26278.5)	(63.0, 21414.5)	(64.0, 15887.0)	(65.0, 12456.0)	(66.0, 11593.0)	(67.0, 11813.5)	(68.0, 11514.0)	(69.0, 11428.5)	(70.0, 12848.5)	(71.0, 14268.5)	(72.0, 14388.5)	(73.0, 13908.0)	(74.0, 12434.0)	(75.0, 10630.0)	(76.0, 9132.0)	(77.0, 7771.5)	(78.0, 6832.5)	(79.0, 6642.5)	(80.0, 6931.0)	(81.0, 6994.5)	(82.0, 6601.0)	(83.0, 5882.0)	(84.0, 5284.0)	(85.0, 4840.5)	(86.0, 4189.5)	(87.0, 3411.5)	(88.0, 2643.0)	(89.0, 2003.0)	(90.0, 1464.0)	(91.0, 991.0)	(92.0, 659.0)	(93.0, 392.5)	(94.0, 237.5)	(95.0, 204.0)	(96.0, 234.5)	(97.0, 283.5)	(98.0, 295.0)	(99.0, 187.0)	(100.0, 51.5)
SRR22894984_2	(0.0, 1471895.0)	(1.0, 738811.5)	(2.0, 5520.5)	(3.0, 4354.5)	(4.0, 2756.0)	(5.0, 2053.0)	(6.0, 3095.5)	(7.0, 3061.0)	(8.0, 1593.5)	(9.0, 1071.0)	(10.0, 775.0)	(11.0, 639.0)	(12.0, 581.5)	(13.0, 583.0)	(14.0, 603.0)	(15.0, 622.0)	(16.0, 675.5)	(17.0, 772.5)	(18.0, 800.5)	(19.0, 774.5)	(20.0, 808.0)	(21.0, 951.5)	(22.0, 1240.0)	(23.0, 1655.0)	(24.0, 2166.5)	(25.0, 2833.5)	(26.0, 3762.0)	(27.0, 4892.0)	(28.0, 6136.5)	(29.0, 7434.0)	(30.0, 8538.0)	(31.0, 9642.5)	(32.0, 10830.5)	(33.0, 11876.0)	(34.0, 12823.0)	(35.0, 13774.5)	(36.0, 14830.5)	(37.0, 15937.5)	(38.0, 17130.0)	(39.0, 17831.5)	(40.0, 17727.0)	(41.0, 18004.0)	(42.0, 18639.5)	(43.0, 18621.0)	(44.0, 18601.5)	(45.0, 18945.0)	(46.0, 19013.5)	(47.0, 18708.5)	(48.0, 17979.5)	(49.0, 17714.5)	(50.0, 17817.5)	(51.0, 17886.0)	(52.0, 19501.0)	(53.0, 22827.5)	(54.0, 23143.0)	(55.0, 19666.5)	(56.0, 17630.0)	(57.0, 18435.5)	(58.0, 21133.0)	(59.0, 25089.0)	(60.0, 27284.0)	(61.0, 27747.0)	(62.0, 27382.0)	(63.0, 23814.5)	(64.0, 18834.5)	(65.0, 14977.0)	(66.0, 12909.0)	(67.0, 11724.0)	(68.0, 10467.0)	(69.0, 9855.5)	(70.0, 10026.0)	(71.0, 9956.0)	(72.0, 9053.0)	(73.0, 8031.5)	(74.0, 7295.0)	(75.0, 6656.0)	(76.0, 6031.5)	(77.0, 5317.5)	(78.0, 4591.0)	(79.0, 4196.0)	(80.0, 4070.0)	(81.0, 4009.5)	(82.0, 3959.0)	(83.0, 3693.5)	(84.0, 3333.5)	(85.0, 2934.5)	(86.0, 2606.5)	(87.0, 2473.0)	(88.0, 2299.0)	(89.0, 2057.0)	(90.0, 1633.5)	(91.0, 1076.5)	(92.0, 681.0)	(93.0, 443.5)	(94.0, 308.5)	(95.0, 239.5)	(96.0, 205.0)	(97.0, 173.0)	(98.0, 136.5)	(99.0, 118.5)	(100.0, 607.0)
SRR22894985_1	(0.0, 1360198.0)	(1.0, 686125.0)	(2.0, 7752.5)	(3.0, 2572.0)	(4.0, 1644.5)	(5.0, 1135.0)	(6.0, 570.5)	(7.0, 419.0)	(8.0, 340.0)	(9.0, 297.0)	(10.0, 312.0)	(11.0, 350.0)	(12.0, 388.0)	(13.0, 453.5)	(14.0, 509.0)	(15.0, 523.5)	(16.0, 537.0)	(17.0, 559.5)	(18.0, 596.5)	(19.0, 623.5)	(20.0, 713.5)	(21.0, 940.0)	(22.0, 1205.0)	(23.0, 1530.5)	(24.0, 2040.5)	(25.0, 2741.5)	(26.0, 3629.5)	(27.0, 4602.0)	(28.0, 5732.5)	(29.0, 7087.0)	(30.0, 8390.5)	(31.0, 9416.5)	(32.0, 10406.5)	(33.0, 11627.5)	(34.0, 12999.5)	(35.0, 13840.0)	(36.0, 14645.5)	(37.0, 15716.5)	(38.0, 16461.0)	(39.0, 17163.5)	(40.0, 17834.5)	(41.0, 19022.5)	(42.0, 19666.5)	(43.0, 18770.0)	(44.0, 18872.0)	(45.0, 19095.5)	(46.0, 18592.5)	(47.0, 18387.5)	(48.0, 17793.5)	(49.0, 18342.0)	(50.0, 19163.5)	(51.0, 18834.5)	(52.0, 18897.5)	(53.0, 18984.5)	(54.0, 18828.5)	(55.0, 19017.0)	(56.0, 18735.5)	(57.0, 20193.5)	(58.0, 23035.0)	(59.0, 26008.0)	(60.0, 27608.0)	(61.0, 27731.0)	(62.0, 26424.0)	(63.0, 21133.0)	(64.0, 15509.0)	(65.0, 12564.0)	(66.0, 12071.5)	(67.0, 12318.0)	(68.0, 12134.0)	(69.0, 12326.5)	(70.0, 13869.5)	(71.0, 15255.5)	(72.0, 15081.0)	(73.0, 14251.5)	(74.0, 12541.5)	(75.0, 10596.5)	(76.0, 9070.0)	(77.0, 7730.0)	(78.0, 6967.5)	(79.0, 7073.0)	(80.0, 7487.5)	(81.0, 7476.5)	(82.0, 6920.5)	(83.0, 6003.5)	(84.0, 5261.5)	(85.0, 4748.0)	(86.0, 3930.5)	(87.0, 2987.0)	(88.0, 2248.5)	(89.0, 1745.0)	(90.0, 1380.5)	(91.0, 921.5)	(92.0, 534.5)	(93.0, 310.5)	(94.0, 213.5)	(95.0, 160.5)	(96.0, 134.5)	(97.0, 167.5)	(98.0, 168.5)	(99.0, 105.5)	(100.0, 49.0)
SRR22894985_2	(0.0, 1347616.0)	(1.0, 676532.0)	(2.0, 4918.5)	(3.0, 3577.5)	(4.0, 2271.5)	(5.0, 1791.0)	(6.0, 2552.0)	(7.0, 2483.5)	(8.0, 1498.5)	(9.0, 1114.0)	(10.0, 810.5)	(11.0, 710.5)	(12.0, 656.0)	(13.0, 605.5)	(14.0, 578.0)	(15.0, 569.5)	(16.0, 595.0)	(17.0, 629.5)	(18.0, 667.5)	(19.0, 733.0)	(20.0, 739.5)	(21.0, 872.5)	(22.0, 1221.5)	(23.0, 1611.0)	(24.0, 2196.0)	(25.0, 2960.5)	(26.0, 3919.0)	(27.0, 5111.5)	(28.0, 6449.0)	(29.0, 7766.0)	(30.0, 9046.0)	(31.0, 10319.0)	(32.0, 11478.5)	(33.0, 12482.5)	(34.0, 13400.5)	(35.0, 14358.0)	(36.0, 15523.5)	(37.0, 16819.0)	(38.0, 18062.5)	(39.0, 18754.0)	(40.0, 18645.5)	(41.0, 18702.5)	(42.0, 19158.5)	(43.0, 18896.5)	(44.0, 18806.5)	(45.0, 19516.5)	(46.0, 19486.5)	(47.0, 19015.5)	(48.0, 18591.0)	(49.0, 18368.5)	(50.0, 18180.0)	(51.0, 18133.5)	(52.0, 19518.0)	(53.0, 21469.5)	(54.0, 21620.0)	(55.0, 19509.5)	(56.0, 17854.0)	(57.0, 18699.0)	(58.0, 21544.0)	(59.0, 25710.0)	(60.0, 28117.0)	(61.0, 28814.5)	(62.0, 28211.5)	(63.0, 24089.5)	(64.0, 18903.0)	(65.0, 15241.0)	(66.0, 13443.0)	(67.0, 12245.0)	(68.0, 11047.0)	(69.0, 10577.5)	(70.0, 10728.5)	(71.0, 10727.5)	(72.0, 9772.5)	(73.0, 8605.0)	(74.0, 7722.0)	(75.0, 7006.5)	(76.0, 6347.0)	(77.0, 5500.0)	(78.0, 4693.5)	(79.0, 4316.5)	(80.0, 4348.5)	(81.0, 4323.0)	(82.0, 4172.0)	(83.0, 3827.5)	(84.0, 3416.5)	(85.0, 2980.5)	(86.0, 2577.5)	(87.0, 2344.0)	(88.0, 2093.0)	(89.0, 1869.5)	(90.0, 1526.0)	(91.0, 1000.0)	(92.0, 654.5)	(93.0, 450.5)	(94.0, 313.0)	(95.0, 266.5)	(96.0, 221.5)	(97.0, 179.5)	(98.0, 141.0)	(99.0, 117.0)	(100.0, 835.5)
SRR22894986_1	(0.0, 1231119.0)	(1.0, 621553.5)	(2.0, 7761.5)	(3.0, 2603.0)	(4.0, 1594.5)	(5.0, 1103.0)	(6.0, 584.0)	(7.0, 431.5)	(8.0, 350.0)	(9.0, 326.5)	(10.0, 350.5)	(11.0, 375.5)	(12.0, 403.5)	(13.0, 429.5)	(14.0, 439.0)	(15.0, 461.0)	(16.0, 510.0)	(17.0, 540.5)	(18.0, 554.5)	(19.0, 621.0)	(20.0, 721.0)	(21.0, 930.0)	(22.0, 1234.5)	(23.0, 1578.0)	(24.0, 2104.5)	(25.0, 2798.5)	(26.0, 3731.0)	(27.0, 4769.5)	(28.0, 5876.5)	(29.0, 7067.5)	(30.0, 8386.5)	(31.0, 9676.5)	(32.0, 10831.0)	(33.0, 12062.5)	(34.0, 13289.0)	(35.0, 14196.0)	(36.0, 15089.5)	(37.0, 16261.0)	(38.0, 17092.0)	(39.0, 17455.0)	(40.0, 18121.0)	(41.0, 19426.5)	(42.0, 20188.0)	(43.0, 19366.0)	(44.0, 19443.5)	(45.0, 19816.0)	(46.0, 19212.0)	(47.0, 18983.0)	(48.0, 18513.5)	(49.0, 19108.5)	(50.0, 19996.0)	(51.0, 19743.0)	(52.0, 19719.0)	(53.0, 19679.5)	(54.0, 19366.5)	(55.0, 19519.0)	(56.0, 19420.5)	(57.0, 20462.0)	(58.0, 22823.0)	(59.0, 25601.0)	(60.0, 27317.5)	(61.0, 28081.0)	(62.0, 27082.5)	(63.0, 21899.5)	(64.0, 16222.5)	(65.0, 12913.0)	(66.0, 12095.5)	(67.0, 12318.0)	(68.0, 11987.0)	(69.0, 11853.5)	(70.0, 13312.5)	(71.0, 14767.5)	(72.0, 14646.0)	(73.0, 13766.5)	(74.0, 12192.5)	(75.0, 10326.0)	(76.0, 8756.0)	(77.0, 7525.5)	(78.0, 6816.5)	(79.0, 6826.5)	(80.0, 7087.5)	(81.0, 6980.0)	(82.0, 6511.5)	(83.0, 5798.0)	(84.0, 5258.0)	(85.0, 4852.5)	(86.0, 4112.0)	(87.0, 3307.0)	(88.0, 2557.0)	(89.0, 1893.0)	(90.0, 1399.0)	(91.0, 907.5)	(92.0, 558.0)	(93.0, 345.0)	(94.0, 228.5)	(95.0, 189.5)	(96.0, 183.0)	(97.0, 199.0)	(98.0, 211.5)	(99.0, 151.5)	(100.0, 61.5)
SRR22894986_2	(0.0, 1215813.0)	(1.0, 610747.5)	(2.0, 5332.5)	(3.0, 3968.0)	(4.0, 2420.5)	(5.0, 1963.0)	(6.0, 2897.0)	(7.0, 2694.5)	(8.0, 1359.5)	(9.0, 911.0)	(10.0, 646.0)	(11.0, 541.0)	(12.0, 508.5)	(13.0, 519.5)	(14.0, 541.5)	(15.0, 540.5)	(16.0, 566.0)	(17.0, 653.5)	(18.0, 715.5)	(19.0, 726.5)	(20.0, 783.0)	(21.0, 944.0)	(22.0, 1269.5)	(23.0, 1735.0)	(24.0, 2324.0)	(25.0, 3081.5)	(26.0, 4159.0)	(27.0, 5376.0)	(28.0, 6712.5)	(29.0, 8017.0)	(30.0, 9227.0)	(31.0, 10397.0)	(32.0, 11580.0)	(33.0, 12665.5)	(34.0, 13567.0)	(35.0, 14629.5)	(36.0, 15816.5)	(37.0, 17132.5)	(38.0, 18209.0)	(39.0, 18923.0)	(40.0, 18995.0)	(41.0, 19139.5)	(42.0, 19537.5)	(43.0, 19459.0)	(44.0, 19620.0)	(45.0, 19996.5)	(46.0, 20015.0)	(47.0, 19544.0)	(48.0, 19043.0)	(49.0, 18922.0)	(50.0, 18721.5)	(51.0, 18799.0)	(52.0, 20535.5)	(53.0, 23217.0)	(54.0, 23230.0)	(55.0, 20211.0)	(56.0, 18429.5)	(57.0, 19358.5)	(58.0, 22101.5)	(59.0, 26106.5)	(60.0, 28402.5)	(61.0, 29387.5)	(62.0, 28716.0)	(63.0, 24396.0)	(64.0, 19380.0)	(65.0, 15586.0)	(66.0, 13491.5)	(67.0, 12196.5)	(68.0, 10909.5)	(69.0, 10298.5)	(70.0, 10401.0)	(71.0, 10189.0)	(72.0, 9150.5)	(73.0, 8093.5)	(74.0, 7321.5)	(75.0, 6577.0)	(76.0, 5790.0)	(77.0, 5081.0)	(78.0, 4441.5)	(79.0, 4073.5)	(80.0, 4019.5)	(81.0, 3957.0)	(82.0, 3847.0)	(83.0, 3661.5)	(84.0, 3418.5)	(85.0, 3084.0)	(86.0, 2738.5)	(87.0, 2529.0)	(88.0, 2300.0)	(89.0, 1983.5)	(90.0, 1558.0)	(91.0, 1020.0)	(92.0, 629.0)	(93.0, 422.0)	(94.0, 310.0)	(95.0, 251.5)	(96.0, 218.5)	(97.0, 196.0)	(98.0, 156.5)	(99.0, 119.5)	(100.0, 559.5)
SRR22894987_1	(0.0, 1151478.0)	(1.0, 581631.5)	(2.0, 7588.5)	(3.0, 2485.0)	(4.0, 1602.5)	(5.0, 1145.5)	(6.0, 568.0)	(7.0, 449.5)	(8.0, 388.5)	(9.0, 352.0)	(10.0, 354.5)	(11.0, 362.5)	(12.0, 380.5)	(13.0, 423.5)	(14.0, 473.0)	(15.0, 489.0)	(16.0, 529.5)	(17.0, 550.0)	(18.0, 590.0)	(19.0, 655.0)	(20.0, 745.5)	(21.0, 941.5)	(22.0, 1198.5)	(23.0, 1578.5)	(24.0, 2153.5)	(25.0, 2922.0)	(26.0, 3857.5)	(27.0, 4863.0)	(28.0, 6010.5)	(29.0, 7317.5)	(30.0, 8707.5)	(31.0, 9872.5)	(32.0, 11076.5)	(33.0, 12384.0)	(34.0, 13563.5)	(35.0, 14600.0)	(36.0, 15556.0)	(37.0, 16669.0)	(38.0, 17556.5)	(39.0, 17885.5)	(40.0, 18521.5)	(41.0, 19824.0)	(42.0, 20603.5)	(43.0, 19859.0)	(44.0, 19863.0)	(45.0, 20175.0)	(46.0, 19561.5)	(47.0, 19161.0)	(48.0, 18677.5)	(49.0, 19454.5)	(50.0, 20493.0)	(51.0, 20131.0)	(52.0, 19853.0)	(53.0, 19739.5)	(54.0, 19291.5)	(55.0, 19388.5)	(56.0, 19498.0)	(57.0, 20904.5)	(58.0, 23577.0)	(59.0, 26630.0)	(60.0, 28199.5)	(61.0, 28572.5)	(62.0, 27302.0)	(63.0, 21766.5)	(64.0, 16083.0)	(65.0, 12963.0)	(66.0, 12292.5)	(67.0, 12506.0)	(68.0, 12040.5)	(69.0, 11946.0)	(70.0, 13590.5)	(71.0, 15279.5)	(72.0, 15171.5)	(73.0, 14241.5)	(74.0, 12577.0)	(75.0, 10585.5)	(76.0, 8955.0)	(77.0, 7709.0)	(78.0, 7013.5)	(79.0, 7078.5)	(80.0, 7477.5)	(81.0, 7442.0)	(82.0, 6837.0)	(83.0, 5986.0)	(84.0, 5309.0)	(85.0, 4739.5)	(86.0, 3910.0)	(87.0, 3021.5)	(88.0, 2303.5)	(89.0, 1721.0)	(90.0, 1281.5)	(91.0, 845.0)	(92.0, 535.0)	(93.0, 337.5)	(94.0, 225.0)	(95.0, 177.5)	(96.0, 171.5)	(97.0, 197.5)	(98.0, 191.5)	(99.0, 121.0)	(100.0, 44.5)
SRR22894987_2	(0.0, 1138215.0)	(1.0, 571983.5)	(2.0, 5058.0)	(3.0, 3441.5)	(4.0, 2152.0)	(5.0, 1788.5)	(6.0, 2419.5)	(7.0, 2310.5)	(8.0, 1387.5)	(9.0, 1000.0)	(10.0, 731.5)	(11.0, 657.0)	(12.0, 626.5)	(13.0, 570.0)	(14.0, 542.5)	(15.0, 554.0)	(16.0, 589.5)	(17.0, 642.0)	(18.0, 681.5)	(19.0, 738.0)	(20.0, 779.0)	(21.0, 983.0)	(22.0, 1318.5)	(23.0, 1820.5)	(24.0, 2431.0)	(25.0, 3154.5)	(26.0, 4230.0)	(27.0, 5498.5)	(28.0, 6898.0)	(29.0, 8180.0)	(30.0, 9608.5)	(31.0, 10885.0)	(32.0, 11868.0)	(33.0, 12973.5)	(34.0, 13884.5)	(35.0, 15047.5)	(36.0, 16362.0)	(37.0, 17576.5)	(38.0, 19032.5)	(39.0, 19638.0)	(40.0, 19363.0)	(41.0, 19565.5)	(42.0, 20000.5)	(43.0, 19749.5)	(44.0, 19883.5)	(45.0, 20404.0)	(46.0, 20292.0)	(47.0, 19893.0)	(48.0, 19259.0)	(49.0, 19076.0)	(50.0, 18964.0)	(51.0, 18859.5)	(52.0, 20284.5)	(53.0, 22338.0)	(54.0, 22197.5)	(55.0, 19829.0)	(56.0, 18454.5)	(57.0, 19708.5)	(58.0, 22749.0)	(59.0, 26758.0)	(60.0, 28999.0)	(61.0, 30032.0)	(62.0, 29061.0)	(63.0, 24458.5)	(64.0, 19423.0)	(65.0, 15687.5)	(66.0, 13853.0)	(67.0, 12602.0)	(68.0, 11312.0)	(69.0, 10712.5)	(70.0, 10813.5)	(71.0, 10653.5)	(72.0, 9646.5)	(73.0, 8552.0)	(74.0, 7748.5)	(75.0, 6973.5)	(76.0, 6183.0)	(77.0, 5367.0)	(78.0, 4587.0)	(79.0, 4268.0)	(80.0, 4297.0)	(81.0, 4318.0)	(82.0, 4160.5)	(83.0, 3782.5)	(84.0, 3472.5)	(85.0, 3089.5)	(86.0, 2627.0)	(87.0, 2352.5)	(88.0, 2114.0)	(89.0, 1873.5)	(90.0, 1509.5)	(91.0, 975.0)	(92.0, 624.0)	(93.0, 439.0)	(94.0, 315.0)	(95.0, 262.5)	(96.0, 214.5)	(97.0, 172.5)	(98.0, 154.5)	(99.0, 146.5)	(100.0, 833.0)
SRR22894988_1	(0.0, 1471045.0)	(1.0, 736290.0)	(2.0, 1138.5)	(3.0, 588.5)	(4.0, 430.5)	(5.0, 348.0)	(6.0, 246.5)	(7.0, 208.0)	(8.0, 196.5)	(9.0, 187.5)	(10.0, 192.5)	(11.0, 207.0)	(12.0, 230.5)	(13.0, 272.5)	(14.0, 323.0)	(15.0, 413.0)	(16.0, 497.0)	(17.0, 648.5)	(18.0, 973.5)	(19.0, 1440.0)	(20.0, 2028.0)	(21.0, 2989.0)	(22.0, 4485.5)	(23.0, 6302.0)	(24.0, 8699.5)	(25.0, 11969.5)	(26.0, 16224.5)	(27.0, 21534.0)	(28.0, 27736.5)	(29.0, 34435.0)	(30.0, 41789.5)	(31.0, 49310.0)	(32.0, 56174.0)	(33.0, 62303.0)	(34.0, 68338.0)	(35.0, 75241.5)	(36.0, 81760.5)	(37.0, 87010.0)	(38.0, 90344.5)	(39.0, 93019.0)	(40.0, 94739.5)	(41.0, 98573.0)	(42.0, 103183.5)	(43.0, 101797.5)	(44.0, 99856.5)	(45.0, 98616.5)	(46.0, 97759.5)	(47.0, 95594.0)	(48.0, 91183.5)	(49.0, 91428.5)	(50.0, 92429.0)	(51.0, 89961.0)	(52.0, 88471.0)	(53.0, 85530.0)	(54.0, 82149.0)	(55.0, 79795.0)	(56.0, 74087.5)	(57.0, 68615.0)	(58.0, 64737.5)	(59.0, 61820.5)	(60.0, 62873.0)	(61.0, 64820.0)	(62.0, 64236.0)	(63.0, 54744.5)	(64.0, 40245.5)	(65.0, 32045.0)	(66.0, 28988.5)	(67.0, 27188.5)	(68.0, 22665.5)	(69.0, 17524.0)	(70.0, 14823.5)	(71.0, 13045.5)	(72.0, 11346.0)	(73.0, 10138.5)	(74.0, 8623.0)	(75.0, 6959.0)	(76.0, 5910.0)	(77.0, 5095.5)	(78.0, 4419.0)	(79.0, 4252.5)	(80.0, 4700.5)	(81.0, 5126.5)	(82.0, 4774.5)	(83.0, 3806.5)	(84.0, 3154.0)	(85.0, 3007.5)	(86.0, 2823.5)	(87.0, 2231.5)	(88.0, 1487.5)	(89.0, 986.0)	(90.0, 686.5)	(91.0, 452.5)	(92.0, 334.5)	(93.0, 244.0)	(94.0, 170.0)	(95.0, 137.0)	(96.0, 112.5)	(97.0, 84.5)	(98.0, 64.5)	(99.0, 40.5)	(100.0, 14.5)
SRR22894988_2	(0.0, 1466989.0)	(1.0, 733937.0)	(2.0, 799.0)	(3.0, 624.0)	(4.0, 499.0)	(5.0, 482.5)	(6.0, 776.0)	(7.0, 861.5)	(8.0, 563.0)	(9.0, 459.5)	(10.0, 452.5)	(11.0, 454.5)	(12.0, 511.5)	(13.0, 541.5)	(14.0, 585.0)	(15.0, 682.5)	(16.0, 834.0)	(17.0, 1137.5)	(18.0, 1527.5)	(19.0, 1948.5)	(20.0, 2603.5)	(21.0, 3692.0)	(22.0, 5252.5)	(23.0, 7284.5)	(24.0, 9952.0)	(25.0, 13617.5)	(26.0, 18276.0)	(27.0, 24265.0)	(28.0, 31024.5)	(29.0, 37843.0)	(30.0, 44711.5)	(31.0, 51683.5)	(32.0, 58777.5)	(33.0, 64669.0)	(34.0, 69518.5)	(35.0, 75315.0)	(36.0, 82135.5)	(37.0, 88346.5)	(38.0, 92723.0)	(39.0, 94077.0)	(40.0, 93751.5)	(41.0, 94562.5)	(42.0, 95690.5)	(43.0, 95745.5)	(44.0, 95579.5)	(45.0, 95196.0)	(46.0, 95165.0)	(47.0, 94813.5)	(48.0, 90941.5)	(49.0, 86920.0)	(50.0, 84375.0)	(51.0, 82567.5)	(52.0, 81153.5)	(53.0, 81786.5)	(54.0, 85569.0)	(55.0, 84939.0)	(56.0, 76844.5)	(57.0, 67795.0)	(58.0, 63158.5)	(59.0, 62260.5)	(60.0, 62838.0)	(61.0, 63370.0)	(62.0, 61925.0)	(63.0, 56795.0)	(64.0, 48277.5)	(65.0, 39232.0)	(66.0, 32575.0)	(67.0, 27440.5)	(68.0, 22480.0)	(69.0, 18171.0)	(70.0, 14918.0)	(71.0, 12456.5)	(72.0, 10425.0)	(73.0, 8754.0)	(74.0, 7396.0)	(75.0, 6266.0)	(76.0, 5543.5)	(77.0, 4797.0)	(78.0, 3926.5)	(79.0, 3274.5)	(80.0, 2841.5)	(81.0, 2566.5)	(82.0, 2371.5)	(83.0, 2210.5)	(84.0, 2091.0)	(85.0, 1935.5)	(86.0, 1780.0)	(87.0, 1701.5)	(88.0, 1566.0)	(89.0, 1336.5)	(90.0, 1104.0)	(91.0, 850.0)	(92.0, 707.5)	(93.0, 640.0)	(94.0, 585.0)	(95.0, 571.0)	(96.0, 560.5)	(97.0, 545.0)	(98.0, 466.5)	(99.0, 313.0)	(100.0, 462.0)
SRR22894989_1	(0.0, 1123166.0)	(1.0, 562225.0)	(2.0, 934.5)	(3.0, 472.5)	(4.0, 353.0)	(5.0, 299.0)	(6.0, 209.5)	(7.0, 161.0)	(8.0, 157.0)	(9.0, 163.5)	(10.0, 163.5)	(11.0, 167.0)	(12.0, 204.0)	(13.0, 236.0)	(14.0, 283.5)	(15.0, 379.5)	(16.0, 491.5)	(17.0, 667.5)	(18.0, 1004.5)	(19.0, 1516.0)	(20.0, 2131.5)	(21.0, 3021.0)	(22.0, 4503.5)	(23.0, 6426.0)	(24.0, 8899.5)	(25.0, 12222.0)	(26.0, 16614.0)	(27.0, 22108.5)	(28.0, 28263.5)	(29.0, 35048.0)	(30.0, 42328.5)	(31.0, 49646.5)	(32.0, 56427.0)	(33.0, 62498.0)	(34.0, 68915.0)	(35.0, 76191.0)	(36.0, 82628.0)	(37.0, 87505.0)	(38.0, 90761.0)	(39.0, 93287.5)	(40.0, 94757.0)	(41.0, 98431.5)	(42.0, 102914.5)	(43.0, 101574.5)	(44.0, 99607.5)	(45.0, 98188.5)	(46.0, 97027.5)	(47.0, 95037.5)	(48.0, 90457.0)	(49.0, 90524.5)	(50.0, 91711.5)	(51.0, 89093.0)	(52.0, 87592.5)	(53.0, 84067.5)	(54.0, 80049.0)	(55.0, 77326.5)	(56.0, 72133.0)	(57.0, 67890.0)	(58.0, 64330.0)	(59.0, 61096.0)	(60.0, 62484.5)	(61.0, 64200.5)	(62.0, 62678.0)	(63.0, 53258.0)	(64.0, 39213.0)	(65.0, 31463.5)	(66.0, 28567.0)	(67.0, 26814.0)	(68.0, 22244.0)	(69.0, 16982.0)	(70.0, 14221.5)	(71.0, 12520.5)	(72.0, 10843.5)	(73.0, 9585.0)	(74.0, 8249.5)	(75.0, 6691.0)	(76.0, 5649.5)	(77.0, 4873.0)	(78.0, 4304.0)	(79.0, 4203.5)	(80.0, 4601.0)	(81.0, 4946.0)	(82.0, 4524.5)	(83.0, 3562.0)	(84.0, 2945.0)	(85.0, 2786.5)	(86.0, 2539.0)	(87.0, 1960.0)	(88.0, 1293.5)	(89.0, 826.0)	(90.0, 575.5)	(91.0, 379.5)	(92.0, 285.5)	(93.0, 232.5)	(94.0, 168.0)	(95.0, 110.0)	(96.0, 76.5)	(97.0, 55.0)	(98.0, 35.5)	(99.0, 29.5)	(100.0, 21.0)
SRR22894989_2	(0.0, 1125883.0)	(1.0, 563331.0)	(2.0, 685.0)	(3.0, 500.0)	(4.0, 379.0)	(5.0, 370.0)	(6.0, 539.0)	(7.0, 586.5)	(8.0, 457.5)	(9.0, 407.5)	(10.0, 398.0)	(11.0, 438.0)	(12.0, 488.5)	(13.0, 523.0)	(14.0, 567.0)	(15.0, 668.5)	(16.0, 795.0)	(17.0, 1001.5)	(18.0, 1345.0)	(19.0, 1878.0)	(20.0, 2602.0)	(21.0, 3713.0)	(22.0, 5366.0)	(23.0, 7441.0)	(24.0, 10282.5)	(25.0, 14091.5)	(26.0, 18915.5)	(27.0, 25162.5)	(28.0, 31803.5)	(29.0, 38508.0)	(30.0, 45577.5)	(31.0, 52726.0)	(32.0, 59789.5)	(33.0, 65469.5)	(34.0, 70258.5)	(35.0, 76334.5)	(36.0, 83124.0)	(37.0, 89115.5)	(38.0, 93309.5)	(39.0, 94326.5)	(40.0, 93797.5)	(41.0, 94730.0)	(42.0, 95484.0)	(43.0, 95122.0)	(44.0, 95281.0)	(45.0, 94295.0)	(46.0, 94204.5)	(47.0, 94078.0)	(48.0, 89849.5)	(49.0, 85896.0)	(50.0, 83305.0)	(51.0, 81701.0)	(52.0, 80055.5)	(53.0, 81209.5)	(54.0, 84157.0)	(55.0, 80773.5)	(56.0, 72702.0)	(57.0, 65257.0)	(58.0, 61740.5)	(59.0, 61094.0)	(60.0, 62075.5)	(61.0, 63023.0)	(62.0, 60852.0)	(63.0, 55532.0)	(64.0, 46719.5)	(65.0, 37642.0)	(66.0, 31604.0)	(67.0, 26615.0)	(68.0, 21702.0)	(69.0, 17418.5)	(70.0, 14338.0)	(71.0, 12066.5)	(72.0, 10150.0)	(73.0, 8527.0)	(74.0, 7181.0)	(75.0, 6054.5)	(76.0, 5385.0)	(77.0, 4680.0)	(78.0, 3772.0)	(79.0, 3127.5)	(80.0, 2788.0)	(81.0, 2562.5)	(82.0, 2273.5)	(83.0, 2022.0)	(84.0, 1884.5)	(85.0, 1763.0)	(86.0, 1644.0)	(87.0, 1499.0)	(88.0, 1306.5)	(89.0, 1126.0)	(90.0, 976.0)	(91.0, 773.5)	(92.0, 625.5)	(93.0, 585.0)	(94.0, 558.5)	(95.0, 529.5)	(96.0, 537.5)	(97.0, 529.0)	(98.0, 419.0)	(99.0, 266.0)	(100.0, 550.5)
SRR22894990_1	(0.0, 1177284.0)	(1.0, 589337.5)	(2.0, 1001.0)	(3.0, 520.5)	(4.0, 430.0)	(5.0, 351.0)	(6.0, 240.5)	(7.0, 201.5)	(8.0, 189.0)	(9.0, 186.5)	(10.0, 204.5)	(11.0, 222.0)	(12.0, 242.5)	(13.0, 263.5)	(14.0, 300.5)	(15.0, 401.0)	(16.0, 545.5)	(17.0, 728.0)	(18.0, 1027.0)	(19.0, 1581.5)	(20.0, 2215.0)	(21.0, 3217.5)	(22.0, 4893.0)	(23.0, 6860.0)	(24.0, 9575.0)	(25.0, 13198.5)	(26.0, 17875.0)	(27.0, 23700.0)	(28.0, 30364.0)	(29.0, 37574.5)	(30.0, 45270.0)	(31.0, 53126.5)	(32.0, 60675.0)	(33.0, 67455.0)	(34.0, 74258.0)	(35.0, 81457.5)	(36.0, 87906.0)	(37.0, 94196.0)	(38.0, 97731.0)	(39.0, 99739.0)	(40.0, 101887.0)	(41.0, 106843.5)	(42.0, 112031.5)	(43.0, 109920.0)	(44.0, 107734.0)	(45.0, 106420.0)	(46.0, 105237.0)	(47.0, 102906.5)	(48.0, 97887.5)	(49.0, 98716.0)	(50.0, 99823.0)	(51.0, 96585.5)	(52.0, 94989.0)	(53.0, 91179.0)	(54.0, 87326.0)	(55.0, 84830.0)	(56.0, 78674.0)	(57.0, 72908.0)	(58.0, 68646.5)	(59.0, 65875.0)	(60.0, 67822.5)	(61.0, 69678.0)	(62.0, 68433.5)	(63.0, 57516.5)	(64.0, 41721.5)	(65.0, 33679.5)	(66.0, 30518.5)	(67.0, 28593.0)	(68.0, 23493.5)	(69.0, 17961.0)	(70.0, 15068.0)	(71.0, 13027.5)	(72.0, 11256.0)	(73.0, 9945.0)	(74.0, 8457.5)	(75.0, 6819.0)	(76.0, 5792.5)	(77.0, 4994.5)	(78.0, 4396.0)	(79.0, 4412.5)	(80.0, 4954.5)	(81.0, 5281.5)	(82.0, 4734.0)	(83.0, 3611.5)	(84.0, 3012.0)	(85.0, 2936.0)	(86.0, 2709.5)	(87.0, 2113.5)	(88.0, 1395.0)	(89.0, 873.5)	(90.0, 599.5)	(91.0, 409.5)	(92.0, 308.5)	(93.0, 234.0)	(94.0, 158.0)	(95.0, 106.0)	(96.0, 80.5)	(97.0, 69.5)	(98.0, 60.5)	(99.0, 39.0)	(100.0, 20.5)
SRR22894990_2	(0.0, 1173010.0)	(1.0, 586957.0)	(2.0, 767.5)	(3.0, 560.0)	(4.0, 454.5)	(5.0, 456.5)	(6.0, 693.0)	(7.0, 725.0)	(8.0, 492.0)	(9.0, 408.5)	(10.0, 382.0)	(11.0, 406.0)	(12.0, 435.0)	(13.0, 465.5)	(14.0, 520.5)	(15.0, 594.5)	(16.0, 741.0)	(17.0, 1056.5)	(18.0, 1465.5)	(19.0, 1957.5)	(20.0, 2685.0)	(21.0, 3816.5)	(22.0, 5588.0)	(23.0, 7889.5)	(24.0, 10867.5)	(25.0, 14999.0)	(26.0, 20028.5)	(27.0, 26256.5)	(28.0, 33525.5)	(29.0, 41060.5)	(30.0, 48659.0)	(31.0, 56101.5)	(32.0, 63352.5)	(33.0, 69496.0)	(34.0, 74581.5)	(35.0, 81040.5)	(36.0, 88261.0)	(37.0, 94821.5)	(38.0, 99412.5)	(39.0, 100863.0)	(40.0, 100825.5)	(41.0, 101610.0)	(42.0, 102808.0)	(43.0, 102530.0)	(44.0, 102514.0)	(45.0, 102104.5)	(46.0, 102433.5)	(47.0, 102258.5)	(48.0, 97464.0)	(49.0, 93217.0)	(50.0, 90779.5)	(51.0, 89178.5)	(52.0, 87543.5)	(53.0, 88888.0)	(54.0, 92544.0)	(55.0, 90007.0)	(56.0, 80917.0)	(57.0, 71823.0)	(58.0, 67965.5)	(59.0, 67320.0)	(60.0, 67671.0)	(61.0, 68042.0)	(62.0, 66365.5)	(63.0, 61157.5)	(64.0, 51592.5)	(65.0, 41230.5)	(66.0, 34242.0)	(67.0, 28925.0)	(68.0, 23538.0)	(69.0, 18879.5)	(70.0, 15416.5)	(71.0, 12734.5)	(72.0, 10587.0)	(73.0, 8832.0)	(74.0, 7479.0)	(75.0, 6329.0)	(76.0, 5518.0)	(77.0, 4836.5)	(78.0, 3890.0)	(79.0, 3169.0)	(80.0, 2889.5)	(81.0, 2656.5)	(82.0, 2395.5)	(83.0, 2185.0)	(84.0, 2043.0)	(85.0, 1979.5)	(86.0, 1891.0)	(87.0, 1738.5)	(88.0, 1471.0)	(89.0, 1223.0)	(90.0, 1058.0)	(91.0, 855.0)	(92.0, 738.0)	(93.0, 678.0)	(94.0, 642.5)	(95.0, 594.0)	(96.0, 592.5)	(97.0, 569.0)	(98.0, 448.0)	(99.0, 318.5)	(100.0, 462.0)
SRR22894991_1	(0.0, 896364.0)	(1.0, 448757.5)	(2.0, 861.5)	(3.0, 464.0)	(4.0, 357.5)	(5.0, 300.5)	(6.0, 218.5)	(7.0, 187.5)	(8.0, 186.0)	(9.0, 165.0)	(10.0, 154.0)	(11.0, 187.0)	(12.0, 217.0)	(13.0, 228.5)	(14.0, 282.0)	(15.0, 378.0)	(16.0, 490.0)	(17.0, 714.0)	(18.0, 1056.5)	(19.0, 1523.5)	(20.0, 2190.0)	(21.0, 3152.5)	(22.0, 4708.5)	(23.0, 6688.0)	(24.0, 9265.0)	(25.0, 12741.5)	(26.0, 17223.5)	(27.0, 22866.5)	(28.0, 29146.5)	(29.0, 36020.5)	(30.0, 43853.5)	(31.0, 51773.5)	(32.0, 58705.0)	(33.0, 64791.5)	(34.0, 71146.5)	(35.0, 78163.5)	(36.0, 84443.5)	(37.0, 89971.5)	(38.0, 93152.5)	(39.0, 95168.0)	(40.0, 97380.5)	(41.0, 101394.5)	(42.0, 105828.5)	(43.0, 103920.0)	(44.0, 102070.5)	(45.0, 101147.0)	(46.0, 99522.0)	(47.0, 97047.0)	(48.0, 92341.5)	(49.0, 93287.0)	(50.0, 94512.0)	(51.0, 90948.5)	(52.0, 88856.5)	(53.0, 85355.0)	(54.0, 81436.0)	(55.0, 78768.5)	(56.0, 73328.0)	(57.0, 68526.5)	(58.0, 64603.0)	(59.0, 61633.0)	(60.0, 63263.0)	(61.0, 65039.5)	(62.0, 63842.0)	(63.0, 53691.0)	(64.0, 39158.5)	(65.0, 31844.0)	(66.0, 28886.5)	(67.0, 26806.5)	(68.0, 22073.5)	(69.0, 16900.0)	(70.0, 14247.0)	(71.0, 12378.5)	(72.0, 10574.0)	(73.0, 9234.5)	(74.0, 7930.0)	(75.0, 6476.5)	(76.0, 5452.5)	(77.0, 4648.5)	(78.0, 4122.0)	(79.0, 4068.5)	(80.0, 4376.0)	(81.0, 4704.5)	(82.0, 4403.5)	(83.0, 3472.5)	(84.0, 2864.0)	(85.0, 2727.5)	(86.0, 2444.0)	(87.0, 1872.5)	(88.0, 1219.0)	(89.0, 756.0)	(90.0, 527.0)	(91.0, 358.5)	(92.0, 259.5)	(93.0, 180.5)	(94.0, 127.5)	(95.0, 96.5)	(96.0, 74.0)	(97.0, 56.0)	(98.0, 40.0)	(99.0, 34.5)	(100.0, 21.0)
SRR22894991_2	(0.0, 896586.0)	(1.0, 448664.0)	(2.0, 654.0)	(3.0, 510.0)	(4.0, 403.0)	(5.0, 375.0)	(6.0, 552.5)	(7.0, 610.0)	(8.0, 453.0)	(9.0, 392.5)	(10.0, 371.0)	(11.0, 370.0)	(12.0, 399.0)	(13.0, 429.0)	(14.0, 480.0)	(15.0, 564.0)	(16.0, 733.0)	(17.0, 985.5)	(18.0, 1335.5)	(19.0, 1860.0)	(20.0, 2645.5)	(21.0, 3824.5)	(22.0, 5449.5)	(23.0, 7575.5)	(24.0, 10542.0)	(25.0, 14571.0)	(26.0, 19654.5)	(27.0, 25874.0)	(28.0, 32835.0)	(29.0, 40145.5)	(30.0, 47339.5)	(31.0, 54460.0)	(32.0, 61649.0)	(33.0, 67436.0)	(34.0, 71966.5)	(35.0, 78412.5)	(36.0, 85532.0)	(37.0, 91420.5)	(38.0, 95566.5)	(39.0, 96624.0)	(40.0, 96084.0)	(41.0, 96536.0)	(42.0, 97388.5)	(43.0, 96980.0)	(44.0, 97205.0)	(45.0, 96981.5)	(46.0, 97494.5)	(47.0, 96510.5)	(48.0, 91330.0)	(49.0, 87585.0)	(50.0, 84918.0)	(51.0, 83881.0)	(52.0, 82244.0)	(53.0, 83206.5)	(54.0, 86285.5)	(55.0, 82245.5)	(56.0, 73763.0)	(57.0, 66374.5)	(58.0, 63170.5)	(59.0, 62669.0)	(60.0, 63872.5)	(61.0, 64173.0)	(62.0, 61402.5)	(63.0, 56215.0)	(64.0, 47335.5)	(65.0, 37977.0)	(66.0, 31650.5)	(67.0, 26738.0)	(68.0, 21636.5)	(69.0, 17140.5)	(70.0, 14104.0)	(71.0, 11875.5)	(72.0, 9888.0)	(73.0, 8158.5)	(74.0, 6921.0)	(75.0, 5930.5)	(76.0, 5181.0)	(77.0, 4491.5)	(78.0, 3669.5)	(79.0, 3023.5)	(80.0, 2677.5)	(81.0, 2469.0)	(82.0, 2198.5)	(83.0, 2003.5)	(84.0, 1937.0)	(85.0, 1807.5)	(86.0, 1663.0)	(87.0, 1490.5)	(88.0, 1252.5)	(89.0, 1085.0)	(90.0, 924.0)	(91.0, 733.0)	(92.0, 653.5)	(93.0, 623.0)	(94.0, 615.5)	(95.0, 592.5)	(96.0, 562.0)	(97.0, 524.5)	(98.0, 411.0)	(99.0, 274.0)	(100.0, 519.5)
SRR22894992_1	(0.0, 843289.0)	(1.0, 422310.5)	(2.0, 961.5)	(3.0, 454.0)	(4.0, 303.0)	(5.0, 232.0)	(6.0, 153.5)	(7.0, 125.5)	(8.0, 108.5)	(9.0, 103.0)	(10.0, 107.0)	(11.0, 121.0)	(12.0, 135.5)	(13.0, 136.0)	(14.0, 140.5)	(15.0, 144.0)	(16.0, 164.5)	(17.0, 184.0)	(18.0, 177.0)	(19.0, 180.0)	(20.0, 195.0)	(21.0, 198.5)	(22.0, 196.0)	(23.0, 204.5)	(24.0, 225.0)	(25.0, 230.5)	(26.0, 246.0)	(27.0, 257.5)	(28.0, 270.5)	(29.0, 327.5)	(30.0, 402.0)	(31.0, 447.5)	(32.0, 481.0)	(33.0, 539.5)	(34.0, 596.0)	(35.0, 693.0)	(36.0, 792.0)	(37.0, 879.5)	(38.0, 1045.5)	(39.0, 1269.0)	(40.0, 1653.0)	(41.0, 1983.0)	(42.0, 2240.5)	(43.0, 2395.0)	(44.0, 2233.0)	(45.0, 2251.0)	(46.0, 2662.5)	(47.0, 3401.0)	(48.0, 3984.0)	(49.0, 4415.0)	(50.0, 4521.0)	(51.0, 4674.0)	(52.0, 5394.0)	(53.0, 5965.0)	(54.0, 6136.0)	(55.0, 6755.5)	(56.0, 7398.0)	(57.0, 6792.5)	(58.0, 6800.5)	(59.0, 7417.0)	(60.0, 6665.0)	(61.0, 5439.0)	(62.0, 4823.0)	(63.0, 4124.5)	(64.0, 3368.0)	(65.0, 3088.0)	(66.0, 2963.0)	(67.0, 2737.5)	(68.0, 2684.0)	(69.0, 2997.5)	(70.0, 3623.0)	(71.0, 4205.0)	(72.0, 4379.0)	(73.0, 4276.5)	(74.0, 3779.5)	(75.0, 3150.0)	(76.0, 2656.0)	(77.0, 2289.0)	(78.0, 2086.5)	(79.0, 1989.5)	(80.0, 2004.0)	(81.0, 2060.5)	(82.0, 2051.5)	(83.0, 1953.5)	(84.0, 1850.5)	(85.0, 1675.0)	(86.0, 1425.5)	(87.0, 1198.0)	(88.0, 928.5)	(89.0, 677.0)	(90.0, 493.5)	(91.0, 335.5)	(92.0, 222.0)	(93.0, 130.5)	(94.0, 68.5)	(95.0, 45.0)	(96.0, 32.0)	(97.0, 24.0)	(98.0, 23.5)	(99.0, 19.5)	(100.0, 8.5)
SRR22894992_2	(0.0, 836463.0)	(1.0, 418605.0)	(2.0, 624.0)	(3.0, 429.5)	(4.0, 290.5)	(5.0, 215.5)	(6.0, 268.5)	(7.0, 245.0)	(8.0, 152.5)	(9.0, 132.0)	(10.0, 124.0)	(11.0, 123.5)	(12.0, 125.0)	(13.0, 130.0)	(14.0, 129.5)	(15.0, 142.0)	(16.0, 177.5)	(17.0, 232.5)	(18.0, 244.5)	(19.0, 203.5)	(20.0, 174.5)	(21.0, 185.0)	(22.0, 207.0)	(23.0, 211.0)	(24.0, 229.0)	(25.0, 257.5)	(26.0, 294.0)	(27.0, 330.5)	(28.0, 383.5)	(29.0, 437.0)	(30.0, 469.5)	(31.0, 533.0)	(32.0, 620.5)	(33.0, 689.0)	(34.0, 762.0)	(35.0, 889.0)	(36.0, 995.0)	(37.0, 1135.0)	(38.0, 1296.5)	(39.0, 1457.0)	(40.0, 1783.0)	(41.0, 2226.0)	(42.0, 2534.5)	(43.0, 2759.5)	(44.0, 2967.0)	(45.0, 3085.5)	(46.0, 3234.0)	(47.0, 3428.5)	(48.0, 3712.5)	(49.0, 4088.5)	(50.0, 4493.0)	(51.0, 4712.5)	(52.0, 4869.0)	(53.0, 5499.5)	(54.0, 6768.0)	(55.0, 8803.5)	(56.0, 8713.0)	(57.0, 7074.0)	(58.0, 6821.5)	(59.0, 7198.0)	(60.0, 7232.5)	(61.0, 6320.0)	(62.0, 5423.0)	(63.0, 4811.5)	(64.0, 4166.5)	(65.0, 3572.5)	(66.0, 3210.5)	(67.0, 3036.5)	(68.0, 2905.5)	(69.0, 2857.5)	(70.0, 2888.5)	(71.0, 2809.0)	(72.0, 2561.5)	(73.0, 2339.0)	(74.0, 2146.5)	(75.0, 1946.5)	(76.0, 1715.0)	(77.0, 1478.0)	(78.0, 1263.5)	(79.0, 1144.0)	(80.0, 1118.5)	(81.0, 1152.5)	(82.0, 1200.5)	(83.0, 1186.5)	(84.0, 1118.5)	(85.0, 998.5)	(86.0, 903.0)	(87.0, 862.0)	(88.0, 783.0)	(89.0, 675.5)	(90.0, 509.0)	(91.0, 299.5)	(92.0, 183.5)	(93.0, 124.0)	(94.0, 77.0)	(95.0, 52.5)	(96.0, 34.5)	(97.0, 19.5)	(98.0, 21.0)	(99.0, 28.5)	(100.0, 275.5)
SRR22894993_1	(0.0, 771935.0)	(1.0, 386625.5)	(2.0, 920.5)	(3.0, 404.5)	(4.0, 257.0)	(5.0, 179.5)	(6.0, 118.5)	(7.0, 110.0)	(8.0, 122.0)	(9.0, 110.0)	(10.0, 103.5)	(11.0, 117.5)	(12.0, 130.0)	(13.0, 141.5)	(14.0, 148.5)	(15.0, 159.0)	(16.0, 164.0)	(17.0, 153.5)	(18.0, 162.0)	(19.0, 187.5)	(20.0, 191.5)	(21.0, 185.0)	(22.0, 184.0)	(23.0, 191.5)	(24.0, 198.5)	(25.0, 226.0)	(26.0, 256.0)	(27.0, 266.5)	(28.0, 299.5)	(29.0, 371.5)	(30.0, 435.0)	(31.0, 484.5)	(32.0, 514.5)	(33.0, 573.5)	(34.0, 642.0)	(35.0, 741.0)	(36.0, 839.0)	(37.0, 933.5)	(38.0, 1152.5)	(39.0, 1375.0)	(40.0, 1731.0)	(41.0, 2075.5)	(42.0, 2363.5)	(43.0, 2515.5)	(44.0, 2373.0)	(45.0, 2433.0)	(46.0, 2912.5)	(47.0, 3599.0)	(48.0, 4189.5)	(49.0, 4672.5)	(50.0, 4607.5)	(51.0, 4812.5)	(52.0, 5846.0)	(53.0, 6391.5)	(54.0, 6190.5)	(55.0, 6445.5)	(56.0, 7264.0)	(57.0, 6894.0)	(58.0, 6825.5)	(59.0, 7585.5)	(60.0, 6934.0)	(61.0, 5541.5)	(62.0, 4681.0)	(63.0, 3935.0)	(64.0, 3266.5)	(65.0, 3094.0)	(66.0, 3043.5)	(67.0, 2844.0)	(68.0, 2861.0)	(69.0, 3155.0)	(70.0, 3740.0)	(71.0, 4371.0)	(72.0, 4460.0)	(73.0, 4206.0)	(74.0, 3665.5)	(75.0, 3110.0)	(76.0, 2718.5)	(77.0, 2338.5)	(78.0, 2042.5)	(79.0, 2002.5)	(80.0, 2121.0)	(81.0, 2217.5)	(82.0, 2137.5)	(83.0, 1961.5)	(84.0, 1845.0)	(85.0, 1624.0)	(86.0, 1286.5)	(87.0, 980.0)	(88.0, 732.0)	(89.0, 557.0)	(90.0, 439.5)	(91.0, 296.0)	(92.0, 181.5)	(93.0, 101.5)	(94.0, 50.5)	(95.0, 29.5)	(96.0, 22.0)	(97.0, 15.0)	(98.0, 9.5)	(99.0, 13.0)	(100.0, 9.5)
SRR22894993_2	(0.0, 766472.0)	(1.0, 383569.0)	(2.0, 579.5)	(3.0, 430.5)	(4.0, 294.5)	(5.0, 205.0)	(6.0, 196.0)	(7.0, 183.0)	(8.0, 149.5)	(9.0, 139.5)	(10.0, 133.5)	(11.0, 132.5)	(12.0, 142.0)	(13.0, 137.0)	(14.0, 139.0)	(15.0, 139.5)	(16.0, 153.0)	(17.0, 171.0)	(18.0, 156.5)	(19.0, 152.5)	(20.0, 153.0)	(21.0, 148.0)	(22.0, 159.0)	(23.0, 177.0)	(24.0, 206.5)	(25.0, 245.5)	(26.0, 273.0)	(27.0, 296.0)	(28.0, 362.0)	(29.0, 410.0)	(30.0, 472.0)	(31.0, 547.5)	(32.0, 627.5)	(33.0, 733.5)	(34.0, 829.5)	(35.0, 975.0)	(36.0, 1114.0)	(37.0, 1222.5)	(38.0, 1416.0)	(39.0, 1677.5)	(40.0, 2022.5)	(41.0, 2470.0)	(42.0, 2839.5)	(43.0, 3034.5)	(44.0, 3167.5)	(45.0, 3216.5)	(46.0, 3325.0)	(47.0, 3574.5)	(48.0, 3863.0)	(49.0, 4271.5)	(50.0, 4626.5)	(51.0, 4843.5)	(52.0, 5151.5)	(53.0, 5726.0)	(54.0, 6750.5)	(55.0, 7555.5)	(56.0, 7403.5)	(57.0, 7051.5)	(58.0, 7032.0)	(59.0, 7402.5)	(60.0, 7443.0)	(61.0, 6443.5)	(62.0, 5403.0)	(63.0, 4780.5)	(64.0, 4225.0)	(65.0, 3649.5)	(66.0, 3283.5)	(67.0, 3089.5)	(68.0, 2915.5)	(69.0, 2907.5)	(70.0, 2973.0)	(71.0, 2924.5)	(72.0, 2629.0)	(73.0, 2315.5)	(74.0, 2113.0)	(75.0, 1914.5)	(76.0, 1720.5)	(77.0, 1523.5)	(78.0, 1313.5)	(79.0, 1221.0)	(80.0, 1246.5)	(81.0, 1266.0)	(82.0, 1266.5)	(83.0, 1260.5)	(84.0, 1188.5)	(85.0, 1018.5)	(86.0, 882.0)	(87.0, 807.0)	(88.0, 698.5)	(89.0, 600.0)	(90.0, 480.5)	(91.0, 307.0)	(92.0, 185.5)	(93.0, 113.5)	(94.0, 63.0)	(95.0, 38.0)	(96.0, 30.0)	(97.0, 24.5)	(98.0, 18.5)	(99.0, 24.5)	(100.0, 357.0)
SRR22894994_1	(0.0, 653600.0)	(1.0, 327445.0)	(2.0, 899.0)	(3.0, 408.5)	(4.0, 288.5)	(5.0, 218.0)	(6.0, 137.0)	(7.0, 111.0)	(8.0, 108.5)	(9.0, 99.5)	(10.0, 108.5)	(11.0, 131.0)	(12.0, 157.0)	(13.0, 162.5)	(14.0, 157.0)	(15.0, 162.0)	(16.0, 172.0)	(17.0, 177.5)	(18.0, 180.5)	(19.0, 188.5)	(20.0, 172.5)	(21.0, 157.5)	(22.0, 169.0)	(23.0, 184.0)	(24.0, 196.5)	(25.0, 215.5)	(26.0, 245.0)	(27.0, 272.5)	(28.0, 302.0)	(29.0, 353.5)	(30.0, 431.0)	(31.0, 478.0)	(32.0, 506.5)	(33.0, 544.5)	(34.0, 611.0)	(35.0, 739.5)	(36.0, 833.0)	(37.0, 973.0)	(38.0, 1199.0)	(39.0, 1372.5)	(40.0, 1753.0)	(41.0, 2157.0)	(42.0, 2521.5)	(43.0, 2623.0)	(44.0, 2410.5)	(45.0, 2541.0)	(46.0, 2944.5)	(47.0, 3669.5)	(48.0, 4367.0)	(49.0, 4903.5)	(50.0, 4877.0)	(51.0, 5041.5)	(52.0, 5992.0)	(53.0, 6548.0)	(54.0, 6373.5)	(55.0, 6692.0)	(56.0, 7302.5)	(57.0, 6794.5)	(58.0, 6821.5)	(59.0, 7436.0)	(60.0, 6851.5)	(61.0, 5617.0)	(62.0, 4798.5)	(63.0, 3983.0)	(64.0, 3321.5)	(65.0, 3135.0)	(66.0, 3012.0)	(67.0, 2753.5)	(68.0, 2727.5)	(69.0, 3090.0)	(70.0, 3685.0)	(71.0, 4184.0)	(72.0, 4219.0)	(73.0, 4061.0)	(74.0, 3518.5)	(75.0, 2888.5)	(76.0, 2496.0)	(77.0, 2133.0)	(78.0, 1874.0)	(79.0, 1816.0)	(80.0, 1903.0)	(81.0, 2000.0)	(82.0, 2003.5)	(83.0, 1896.5)	(84.0, 1772.0)	(85.0, 1581.0)	(86.0, 1360.0)	(87.0, 1179.5)	(88.0, 885.0)	(89.0, 606.0)	(90.0, 430.0)	(91.0, 289.0)	(92.0, 192.5)	(93.0, 111.5)	(94.0, 58.0)	(95.0, 38.5)	(96.0, 35.0)	(97.0, 25.0)	(98.0, 18.0)	(99.0, 14.5)	(100.0, 7.0)
SRR22894994_2	(0.0, 647676.0)	(1.0, 324163.5)	(2.0, 583.0)	(3.0, 417.5)	(4.0, 279.5)	(5.0, 231.0)	(6.0, 232.0)	(7.0, 204.5)	(8.0, 150.0)	(9.0, 131.0)	(10.0, 121.5)	(11.0, 123.5)	(12.0, 133.5)	(13.0, 126.0)	(14.0, 139.0)	(15.0, 155.5)	(16.0, 161.0)	(17.0, 196.0)	(18.0, 198.5)	(19.0, 185.5)	(20.0, 177.0)	(21.0, 163.0)	(22.0, 175.5)	(23.0, 204.0)	(24.0, 239.0)	(25.0, 254.5)	(26.0, 276.5)	(27.0, 323.0)	(28.0, 372.0)	(29.0, 435.5)	(30.0, 495.0)	(31.0, 556.0)	(32.0, 650.5)	(33.0, 710.5)	(34.0, 817.5)	(35.0, 987.0)	(36.0, 1070.5)	(37.0, 1189.5)	(38.0, 1383.5)	(39.0, 1524.5)	(40.0, 1875.0)	(41.0, 2358.5)	(42.0, 2686.5)	(43.0, 2907.0)	(44.0, 3110.0)	(45.0, 3250.0)	(46.0, 3431.0)	(47.0, 3678.5)	(48.0, 3901.0)	(49.0, 4328.0)	(50.0, 4866.5)	(51.0, 5103.5)	(52.0, 5301.5)	(53.0, 5963.0)	(54.0, 7109.0)	(55.0, 8295.0)	(56.0, 7790.5)	(57.0, 7005.5)	(58.0, 7159.0)	(59.0, 7532.5)	(60.0, 7615.0)	(61.0, 6555.5)	(62.0, 5476.0)	(63.0, 4813.5)	(64.0, 4266.5)	(65.0, 3633.0)	(66.0, 3255.0)	(67.0, 3117.0)	(68.0, 2906.0)	(69.0, 2896.0)	(70.0, 2978.5)	(71.0, 2798.5)	(72.0, 2388.5)	(73.0, 2149.0)	(74.0, 1988.5)	(75.0, 1735.5)	(76.0, 1506.0)	(77.0, 1311.0)	(78.0, 1127.5)	(79.0, 1072.5)	(80.0, 1119.5)	(81.0, 1124.5)	(82.0, 1123.0)	(83.0, 1107.5)	(84.0, 1069.0)	(85.0, 979.5)	(86.0, 885.5)	(87.0, 828.0)	(88.0, 724.5)	(89.0, 614.5)	(90.0, 466.0)	(91.0, 282.0)	(92.0, 170.5)	(93.0, 106.5)	(94.0, 65.5)	(95.0, 41.5)	(96.0, 28.5)	(97.0, 26.5)	(98.0, 29.5)	(99.0, 31.0)	(100.0, 258.5)
SRR22894995_1	(0.0, 641782.0)	(1.0, 321509.0)	(2.0, 856.5)	(3.0, 369.0)	(4.0, 271.5)	(5.0, 219.5)	(6.0, 140.5)	(7.0, 115.0)	(8.0, 115.0)	(9.0, 116.5)	(10.0, 119.0)	(11.0, 131.0)	(12.0, 132.0)	(13.0, 143.0)	(14.0, 164.5)	(15.0, 189.0)	(16.0, 189.0)	(17.0, 168.5)	(18.0, 162.5)	(19.0, 175.0)	(20.0, 182.0)	(21.0, 176.0)	(22.0, 181.5)	(23.0, 186.0)	(24.0, 198.5)	(25.0, 229.5)	(26.0, 278.5)	(27.0, 297.5)	(28.0, 306.0)	(29.0, 357.5)	(30.0, 415.5)	(31.0, 472.0)	(32.0, 513.0)	(33.0, 543.0)	(34.0, 619.5)	(35.0, 789.5)	(36.0, 881.5)	(37.0, 959.0)	(38.0, 1144.0)	(39.0, 1358.0)	(40.0, 1759.5)	(41.0, 2141.0)	(42.0, 2527.0)	(43.0, 2678.5)	(44.0, 2457.0)	(45.0, 2521.5)	(46.0, 2982.0)	(47.0, 3732.5)	(48.0, 4379.0)	(49.0, 4862.0)	(50.0, 4894.5)	(51.0, 5043.0)	(52.0, 6032.0)	(53.0, 6648.0)	(54.0, 6380.5)	(55.0, 6547.0)	(56.0, 7233.0)	(57.0, 6825.5)	(58.0, 6701.0)	(59.0, 7414.0)	(60.0, 6914.0)	(61.0, 5577.0)	(62.0, 4739.0)	(63.0, 3997.5)	(64.0, 3283.0)	(65.0, 3088.5)	(66.0, 3019.0)	(67.0, 2785.0)	(68.0, 2826.0)	(69.0, 3198.0)	(70.0, 3764.5)	(71.0, 4281.0)	(72.0, 4379.0)	(73.0, 4243.0)	(74.0, 3672.5)	(75.0, 2994.5)	(76.0, 2571.5)	(77.0, 2205.5)	(78.0, 1931.5)	(79.0, 1923.0)	(80.0, 2033.5)	(81.0, 2090.5)	(82.0, 2006.5)	(83.0, 1849.5)	(84.0, 1702.5)	(85.0, 1469.0)	(86.0, 1167.5)	(87.0, 901.0)	(88.0, 683.0)	(89.0, 511.5)	(90.0, 391.5)	(91.0, 260.5)	(92.0, 160.5)	(93.0, 98.0)	(94.0, 56.0)	(95.0, 27.0)	(96.0, 17.0)	(97.0, 16.0)	(98.0, 16.0)	(99.0, 12.0)	(100.0, 6.5)
SRR22894995_2	(0.0, 635848.0)	(1.0, 318264.0)	(2.0, 591.5)	(3.0, 416.5)	(4.0, 275.0)	(5.0, 202.5)	(6.0, 199.0)	(7.0, 195.0)	(8.0, 172.5)	(9.0, 155.0)	(10.0, 141.0)	(11.0, 133.5)	(12.0, 129.0)	(13.0, 134.5)	(14.0, 135.0)	(15.0, 148.0)	(16.0, 160.5)	(17.0, 170.0)	(18.0, 181.5)	(19.0, 179.0)	(20.0, 170.0)	(21.0, 182.0)	(22.0, 186.0)	(23.0, 191.5)	(24.0, 236.5)	(25.0, 272.0)	(26.0, 314.5)	(27.0, 363.5)	(28.0, 399.0)	(29.0, 440.0)	(30.0, 488.5)	(31.0, 539.5)	(32.0, 633.0)	(33.0, 718.0)	(34.0, 807.0)	(35.0, 994.0)	(36.0, 1166.5)	(37.0, 1268.0)	(38.0, 1445.0)	(39.0, 1635.0)	(40.0, 2022.0)	(41.0, 2560.5)	(42.0, 2832.0)	(43.0, 3025.5)	(44.0, 3168.0)	(45.0, 3252.0)	(46.0, 3411.5)	(47.0, 3594.0)	(48.0, 3866.5)	(49.0, 4360.5)	(50.0, 4852.5)	(51.0, 5064.0)	(52.0, 5350.5)	(53.0, 5938.0)	(54.0, 6970.5)	(55.0, 7547.5)	(56.0, 7113.0)	(57.0, 7010.5)	(58.0, 7047.0)	(59.0, 7393.5)	(60.0, 7653.5)	(61.0, 6669.0)	(62.0, 5629.5)	(63.0, 4890.0)	(64.0, 4186.0)	(65.0, 3640.0)	(66.0, 3367.5)	(67.0, 3193.0)	(68.0, 2950.5)	(69.0, 2930.5)	(70.0, 2911.0)	(71.0, 2757.5)	(72.0, 2549.0)	(73.0, 2293.0)	(74.0, 2083.5)	(75.0, 1885.5)	(76.0, 1670.5)	(77.0, 1438.5)	(78.0, 1195.5)	(79.0, 1155.0)	(80.0, 1241.5)	(81.0, 1272.5)	(82.0, 1253.0)	(83.0, 1169.0)	(84.0, 1036.0)	(85.0, 890.0)	(86.0, 806.5)	(87.0, 756.5)	(88.0, 646.5)	(89.0, 528.0)	(90.0, 422.5)	(91.0, 279.0)	(92.0, 162.0)	(93.0, 89.5)	(94.0, 50.5)	(95.0, 37.0)	(96.0, 35.0)	(97.0, 25.0)	(98.0, 18.5)	(99.0, 22.5)	(100.0, 345.0)
