Sample	0	1	2	3	4	5	6	7	8	9	10	11	12	13	14	15	16	17	18	19	20	21	22	23	24	25	26	27	28	29	30	31	32	33	34	35	36	37	38	39	40	41	42	43	44	45	46	47	48	49	50	51	52	53	54	55	56	57	58	59	60	61	62	63	64	65	66	67	68	69	70	71	72	73	74	75	76	77	78	79	80	81	82	83	84	85	86	87	88	89	90	91	92	93	94	95	96	97	98	99	100
SRR20277628_1	(0.0, 0.04488830735906451)	(1.0, 0.02625981142059212)	(2.0, 0.005923113738439947)	(3.0, 0.003375972676858263)	(4.0, 0.0026633796417729113)	(5.0, 0.0028200490324654355)	(6.0, 0.0027341335601501803)	(7.0, 0.003052526192847891)	(8.0, 0.0036893114582433116)	(9.0, 0.004553520032708526)	(10.0, 0.005599667254429575)	(11.0, 0.006135375493571754)	(12.0, 0.00715119960741683)	(13.0, 0.008733055068280059)	(14.0, 0.010901157281412086)	(15.0, 0.014292291512208337)	(16.0, 0.019361304378808394)	(17.0, 0.02676014270054566)	(18.0, 0.03820206207241259)	(19.0, 0.05718432760277133)	(20.0, 0.08560718738518282)	(21.0, 0.12801405374973024)	(22.0, 0.1886703772043004)	(23.0, 0.27222570095654247)	(24.0, 0.38336999902460667)	(25.0, 0.5270610995462147)	(26.0, 0.7102682634815274)	(27.0, 0.9181938141870704)	(28.0, 1.1465874627088946)	(29.0, 1.3878229474161932)	(30.0, 1.6412988600027594)	(31.0, 1.9027952346225203)	(32.0, 2.139527737810237)	(33.0, 2.3377094631849675)	(34.0, 2.509520192410227)	(35.0, 2.6780206490256933)	(36.0, 2.8324309681814577)	(37.0, 2.9436662355731498)	(38.0, 3.004635897809105)	(39.0, 3.0317194869936612)	(40.0, 3.03270498799963)	(41.0, 3.026963812908446)	(42.0, 3.008325209267348)	(43.0, 2.954683631434753)	(44.0, 2.892885137583521)	(45.0, 2.843685895054756)	(46.0, 2.8177394224155488)	(47.0, 2.828281756253762)	(48.0, 2.9048728728971556)	(49.0, 2.987826788343191)	(50.0, 3.0226983624005594)	(51.0, 3.0702803725092727)	(52.0, 3.0770424255656144)	(53.0, 2.938536576490798)	(54.0, 2.758993454757165)	(55.0, 2.659195052886027)	(56.0, 2.5043854794765625)	(57.0, 2.2906328382075203)	(58.0, 2.1116254247130297)	(59.0, 1.9416340819603282)	(60.0, 1.8753174450355767)	(61.0, 1.8463083385008965)	(62.0, 1.7576031402610517)	(63.0, 1.4814556506858834)	(64.0, 1.0868155632340404)	(65.0, 0.8444025311708915)	(66.0, 0.7330156482398195)	(67.0, 0.6646623092360648)	(68.0, 0.5352432848214146)	(69.0, 0.38468400036589884)	(70.0, 0.2947203931492013)	(71.0, 0.2391836210743578)	(72.0, 0.1961854541062289)	(73.0, 0.15959051675124286)	(74.0, 0.13742432489390705)	(75.0, 0.12068091549505759)	(76.0, 0.1107500976656766)	(77.0, 0.10231016597353096)	(78.0, 0.08940768357230469)	(79.0, 0.078455987777766)	(80.0, 0.07321009011522275)	(81.0, 0.08089699796178176)	(82.0, 0.08408597814007153)	(83.0, 0.07019799473287616)	(84.0, 0.04845127253449127)	(85.0, 0.037893777142340206)	(86.0, 0.0337900498764586)	(87.0, 0.025719049330137276)	(88.0, 0.017076963585485137)	(89.0, 0.01047157991983581)	(90.0, 0.006888399339158403)	(91.0, 0.005261059216481215)	(92.0, 0.005372243945359781)	(93.0, 0.00527116691910654)	(94.0, 0.0038106038897472013)	(95.0, 0.002693702749648884)	(96.0, 0.003052526192847891)	(97.0, 0.0038257654436851876)	(98.0, 0.0036539344990546775)	(99.0, 0.0026128411286462905)	(100.0, 0.0011270088427236418)
SRR20277628_2	(0.0, 0.07675054623682794)	(1.0, 0.048037240067722614)	(2.0, 0.01620928729061132)	(3.0, 0.011630706296346459)	(4.0, 0.009722543544602117)	(5.0, 0.009121825641275196)	(6.0, 0.009248026881469928)	(7.0, 0.009172306137353089)	(8.0, 0.009051152946766146)	(9.0, 0.009540813758721704)	(10.0, 0.010636240523611975)	(11.0, 0.01229704884457464)	(12.0, 0.013932616917498362)	(13.0, 0.016703996152174667)	(14.0, 0.020020564744492212)	(15.0, 0.024250830315819615)	(16.0, 0.030389258638891355)	(17.0, 0.038809405384683845)	(18.0, 0.05238865882963696)	(19.0, 0.07247989626863822)	(20.0, 0.10145065296774079)	(21.0, 0.14430859413787162)	(22.0, 0.20667219899250014)	(23.0, 0.29474047244999163)	(24.0, 0.4091141324136729)	(25.0, 0.5526857113088073)	(26.0, 0.7348294372570594)	(27.0, 0.9522438858149351)	(28.0, 1.187528429984385)	(29.0, 1.4254228158010616)	(30.0, 1.6642510907951793)	(31.0, 1.9057093996349552)	(32.0, 2.1323264426278308)	(33.0, 2.3255304452667493)	(34.0, 2.5021818932417266)	(35.0, 2.651720266773268)	(36.0, 2.7488548373263493)	(37.0, 2.8321981363509496)	(38.0, 2.884652419825488)	(39.0, 2.90937776680444)	(40.0, 2.920271457858049)	(41.0, 2.9048143299589984)	(42.0, 2.8637030139531623)	(43.0, 2.817508311992283)	(44.0, 2.784165944332835)	(45.0, 2.7623028414814996)	(46.0, 2.793600749049793)	(47.0, 2.8547528219985523)	(48.0, 2.861512160423382)	(49.0, 2.851597790993684)	(50.0, 2.861961436838475)	(51.0, 2.874823867239122)	(52.0, 2.86060351149398)	(53.0, 2.819805174563827)	(54.0, 2.73111094295497)	(55.0, 2.616651466147956)	(56.0, 2.506770570335207)	(57.0, 2.3659249382282788)	(58.0, 2.232717005177936)	(59.0, 2.0939663136582403)	(60.0, 1.9960139590686974)	(61.0, 1.9316462785197763)	(62.0, 1.753535944208148)	(63.0, 1.5296650402019099)	(64.0, 1.3362389233802487)	(65.0, 1.08521960858332)	(66.0, 0.8415754942633712)	(67.0, 0.6674682632907196)	(68.0, 0.5349822013342904)	(69.0, 0.42810994308778394)	(70.0, 0.34174791039772523)	(71.0, 0.27536605805529646)	(72.0, 0.2235225885833007)	(73.0, 0.18337545005255274)	(74.0, 0.15656021053597616)	(75.0, 0.1407497191643802)	(76.0, 0.13381369900327775)	(77.0, 0.12794786535902664)	(78.0, 0.11212222983860728)	(79.0, 0.087624045092006)	(80.0, 0.07240417552452139)	(81.0, 0.06373162629833942)	(82.0, 0.05595762990234397)	(83.0, 0.050843955649653445)	(84.0, 0.04130314189093174)	(85.0, 0.034286352936104665)	(86.0, 0.029581570701645077)	(87.0, 0.02530587268384757)	(88.0, 0.022054928736431285)	(89.0, 0.019571288329398966)	(90.0, 0.01859701475509564)	(91.0, 0.017804470966672727)	(92.0, 0.016709044201782455)	(93.0, 0.0165929390608033)	(94.0, 0.016845341541192767)	(95.0, 0.017753990470594835)	(96.0, 0.02121190445193048)	(97.0, 0.028763786665183214)	(98.0, 0.03473562935119791)	(99.0, 0.032655832912788736)	(100.0, 0.031247427072215526)
SRR20277629_1	(0.0, 0.04331737664739064)	(1.0, 0.02513880802321629)	(2.0, 0.005523587898643562)	(3.0, 0.003391949751843089)	(4.0, 0.002728081910503769)	(5.0, 0.002852557130754891)	(6.0, 0.002883675935817672)	(7.0, 0.0030288970261106484)	(8.0, 0.0035786625822197726)	(9.0, 0.004143987540860287)	(10.0, 0.005170908107932049)	(11.0, 0.006550508465715324)	(12.0, 0.0075463102277243035)	(13.0, 0.00900370759816453)	(14.0, 0.011109413407412685)	(15.0, 0.014558414301870872)	(16.0, 0.019449253164237897)	(17.0, 0.02634725495315427)	(18.0, 0.038104976799374884)	(19.0, 0.05693704032986763)	(20.0, 0.0848454220036714)	(21.0, 0.12782049179537147)	(22.0, 0.19096054726775336)	(23.0, 0.27500206680730294)	(24.0, 0.3854115871700486)	(25.0, 0.5283350723558896)	(26.0, 0.7090419733554567)	(27.0, 0.9176365101587859)	(28.0, 1.1453639256082144)	(29.0, 1.386161239184011)	(30.0, 1.642305310123269)	(31.0, 1.90251557159073)	(32.0, 2.141933284808743)	(33.0, 2.337608331043508)	(34.0, 2.5116195024870667)	(35.0, 2.684401481130646)	(36.0, 2.830639119055673)	(37.0, 2.9312099105510696)	(38.0, 2.9923013113568184)	(39.0, 3.028010140166359)	(40.0, 3.0243121888313986)	(41.0, 3.0145771893142586)	(42.0, 2.9988362604200023)	(43.0, 2.9458564948006183)	(44.0, 2.882213351979721)	(45.0, 2.841302496257186)	(46.0, 2.823123927633011)	(47.0, 2.8328744865526825)	(48.0, 2.918995779563928)	(49.0, 3.0059002291692534)	(50.0, 3.0333936934422203)	(51.0, 3.0811973644861617)	(52.0, 3.0870010216303703)	(53.0, 2.939171138179631)	(54.0, 2.754517335404601)	(55.0, 2.6614980406044393)	(56.0, 2.5130094757798713)	(57.0, 2.293181050348878)	(58.0, 2.112173334233704)	(59.0, 1.9570201586581903)	(60.0, 1.891592871013694)	(61.0, 1.855085326207542)	(62.0, 1.7663552400385334)	(63.0, 1.478558157882917)	(64.0, 1.0792157189797638)	(65.0, 0.8401454990849516)	(66.0, 0.731214121962688)	(67.0, 0.6623948845663485)	(68.0, 0.531965599613214)	(69.0, 0.3823100795987915)	(70.0, 0.29213815546187416)	(71.0, 0.23723421039610815)	(72.0, 0.19345523814028626)	(73.0, 0.15805759738137332)	(74.0, 0.1360151104619037)	(75.0, 0.11908129404024055)	(76.0, 0.10860981613661487)	(77.0, 0.09977726196629565)	(78.0, 0.08759424978421701)	(79.0, 0.07744951933375054)	(80.0, 0.07244457818615332)	(81.0, 0.07818599772023634)	(82.0, 0.08129787822651441)	(83.0, 0.06887110207144401)	(84.0, 0.04656410530894075)	(85.0, 0.03630008610573361)	(86.0, 0.03359793653278216)	(87.0, 0.025346266723634825)	(88.0, 0.016358118528001685)	(89.0, 0.009843915334859607)	(90.0, 0.006446779115506055)	(91.0, 0.00505161935519139)	(92.0, 0.005036059952659999)	(93.0, 0.004864906524814706)	(94.0, 0.0035164249720942117)	(95.0, 0.0024531991324492066)	(96.0, 0.0019916035240179607)	(97.0, 0.0023079780421562304)	(98.0, 0.0027851330531188665)	(99.0, 0.002551742015148012)	(100.0, 0.0012914304101053964)
SRR20277629_2	(0.0, 0.07209897586611369)	(1.0, 0.04534806974651237)	(2.0, 0.015312873448788048)	(3.0, 0.010547026502615854)	(4.0, 0.0084749191347149)	(5.0, 0.008143381955850747)	(6.0, 0.008438657255776633)	(7.0, 0.008438657255776633)	(8.0, 0.009096551345085187)	(9.0, 0.009935754829085073)	(10.0, 0.010769778044665206)	(11.0, 0.012194351860097112)	(12.0, 0.013852037754417875)	(13.0, 0.01633856659589902)	(14.0, 0.019508890868787477)	(15.0, 0.024036445467651064)	(16.0, 0.03047551911340328)	(17.0, 0.039100666032290995)	(18.0, 0.052289629428980564)	(19.0, 0.07219222069766923)	(20.0, 0.1021030905533195)	(21.0, 0.1463063209790666)	(22.0, 0.20864049087394704)	(23.0, 0.29665325132554005)	(24.0, 0.4103653234075246)	(25.0, 0.5562468623761715)	(26.0, 0.7397423303406404)	(27.0, 0.9522991041399204)	(28.0, 1.1870274267757404)	(29.0, 1.4331108977876574)	(30.0, 1.6754438544636743)	(31.0, 1.9078462365790254)	(32.0, 2.1319032062701555)	(33.0, 2.326935132005413)	(34.0, 2.498023857104575)	(35.0, 2.6486660627509746)	(36.0, 2.752375036514417)	(37.0, 2.828089839737518)	(38.0, 2.882254726334449)	(39.0, 2.9129685377951606)	(40.0, 2.9154654271734812)	(41.0, 2.8897091325904722)	(42.0, 2.8548200247834403)	(43.0, 2.8163461712299394)	(44.0, 2.778110610023747)	(45.0, 2.7636421203273787)	(46.0, 2.805597114258953)	(47.0, 2.866972934496179)	(48.0, 2.8676774510012657)	(49.0, 2.849033664958577)	(50.0, 2.864336177870525)	(51.0, 2.8845236839023003)	(52.0, 2.862108662450032)	(53.0, 2.818646210408309)	(54.0, 2.733094077456099)	(55.0, 2.6154035592277443)	(56.0, 2.5086537679019068)	(57.0, 2.3762098452140976)	(58.0, 2.2434913683000413)	(59.0, 2.1049813512927025)	(60.0, 2.0016712581975806)	(61.0, 1.9352705775931944)	(62.0, 1.7542719990070461)	(63.0, 1.530821120721027)	(64.0, 1.3373898979274732)	(65.0, 1.0792364014975326)	(66.0, 0.8337797429644056)	(67.0, 0.660147506071145)	(68.0, 0.530485387524743)	(69.0, 0.42248715150974525)	(70.0, 0.3349716968264484)	(71.0, 0.2715444902950002)	(72.0, 0.2216636856812045)	(73.0, 0.18128867361765444)	(74.0, 0.15389023394558407)	(75.0, 0.1384478537863022)	(76.0, 0.13243874241938947)	(77.0, 0.12726883453647658)	(78.0, 0.11115819975104665)	(79.0, 0.08575416342058097)	(80.0, 0.07069512312436078)	(81.0, 0.06254138063167054)	(82.0, 0.054579308070511125)	(83.0, 0.04916592757186988)	(84.0, 0.039717117974241524)	(85.0, 0.03310191520221773)	(86.0, 0.02852773818757638)	(87.0, 0.02405198627291032)	(88.0, 0.02092310414737988)	(89.0, 0.018830275705799916)	(90.0, 0.017804582558688945)	(91.0, 0.017136327932540888)	(92.0, 0.016504335185331096)	(93.0, 0.015680672506590467)	(94.0, 0.016198699348565705)	(95.0, 0.017856385242886467)	(96.0, 0.021259821594663785)	(97.0, 0.028361969598144302)	(98.0, 0.0346508154597237)	(99.0, 0.033386829965304114)	(100.0, 0.032620150239180766)
SRR20277630_1	(0.0, 0.04176389478150191)	(1.0, 0.0242316970082668)	(2.0, 0.00552934681991746)	(3.0, 0.0035305456988210487)	(4.0, 0.002777228693382703)	(5.0, 0.002767184466643525)	(6.0, 0.00274207389979558)	(7.0, 0.0030132680217533846)	(8.0, 0.0034953909052339257)	(9.0, 0.004329061724585696)	(10.0, 0.00543392666589527)	(11.0, 0.006162133104485671)	(12.0, 0.007432727786991682)	(13.0, 0.009341130867435493)	(14.0, 0.011008472506139032)	(15.0, 0.01395645305408776)	(16.0, 0.018817858795849886)	(17.0, 0.026803019053496357)	(18.0, 0.039333191910620846)	(19.0, 0.05697085406461733)	(20.0, 0.0852704629022512)	(21.0, 0.1286765887556087)	(22.0, 0.19009201315231228)	(23.0, 0.27479999935716953)	(24.0, 0.3851107195201913)	(25.0, 0.5291248425065247)	(26.0, 0.7115380443167354)	(27.0, 0.9189965255010865)	(28.0, 1.1509378093621836)	(29.0, 1.3924462191923477)	(30.0, 1.647037234350291)	(31.0, 1.9104069036782763)	(32.0, 2.1445428510818836)	(33.0, 2.34155031434412)	(34.0, 2.523827919093352)	(35.0, 2.690210535027835)	(36.0, 2.829709778094908)	(37.0, 2.931929873619522)	(38.0, 2.9929385068332883)	(39.0, 3.030443649477379)	(40.0, 3.043270127023309)	(41.0, 3.0303030303030303)	(42.0, 2.997548806906571)	(43.0, 2.946961058934701)	(44.0, 2.8850434232010387)	(45.0, 2.8422901720857277)	(46.0, 2.824657532045101)	(47.0, 2.835600717077435)	(48.0, 2.9183099021611962)	(49.0, 2.99927139179234)	(50.0, 3.027877349545519)	(51.0, 3.0789522425142386)	(52.0, 3.08113686183001)	(53.0, 2.93207049279387)	(54.0, 2.749903374538769)	(55.0, 2.6612530293387846)	(56.0, 2.5116241836052504)	(57.0, 2.293212473161826)	(58.0, 2.1116028094907495)	(59.0, 1.9423475447088623)	(60.0, 1.8816452604106402)	(61.0, 1.8513368062251705)	(62.0, 1.7620737631940961)	(63.0, 1.478520220233733)	(64.0, 1.0750134994407374)	(65.0, 0.8377638417479847)	(66.0, 0.7340772891194508)	(67.0, 0.6657815694064103)	(68.0, 0.5306465428575102)	(69.0, 0.3773264437973284)	(70.0, 0.28783740566462246)	(71.0, 0.23324703333719032)	(72.0, 0.19168402309047194)	(73.0, 0.15722228114835243)	(74.0, 0.13351288393052288)	(75.0, 0.11590535445674392)	(76.0, 0.10614738817963257)	(77.0, 0.09831289132307376)	(78.0, 0.08651594701790927)	(79.0, 0.07676802496753707)	(80.0, 0.07212759221403685)	(81.0, 0.07859105212069785)	(82.0, 0.08140343560766769)	(83.0, 0.0672812528123835)	(84.0, 0.04622353145369692)	(85.0, 0.03624961430169321)	(86.0, 0.032714046489502574)	(87.0, 0.025115588961314456)	(88.0, 0.0163068021110554)	(89.0, 0.00998396137874288)	(90.0, 0.006583990627531145)	(91.0, 0.005107489296871987)	(92.0, 0.005283263264807601)	(93.0, 0.004670565433717746)	(94.0, 0.0032844621437111894)	(95.0, 0.0025964326120774994)	(96.0, 0.0028525603939265373)	(97.0, 0.00322921889664571)	(98.0, 0.003068511268818863)	(99.0, 0.002501012458055309)	(100.0, 0.0012203735488101207)
SRR20277630_2	(0.0, 0.06668902013563748)	(1.0, 0.04258401082562342)	(2.0, 0.015327232653088264)	(3.0, 0.010755160306341896)	(4.0, 0.008873132721237739)	(5.0, 0.008361221218089406)	(6.0, 0.008647289411025239)	(7.0, 0.00855695208694024)	(8.0, 0.008401371139904962)	(9.0, 0.009109013511904126)	(10.0, 0.009736356040272178)	(11.0, 0.01106632220041245)	(12.0, 0.012863031201658551)	(13.0, 0.014730002566081877)	(14.0, 0.0178616964676952)	(15.0, 0.0219068010906124)	(16.0, 0.0278489895193146)	(17.0, 0.036666916098055946)	(18.0, 0.04939946005381394)	(19.0, 0.0684204855139333)	(20.0, 0.0966759929916304)	(21.0, 0.13988734634562186)	(22.0, 0.20423763353550325)	(23.0, 0.29325502894081645)	(24.0, 0.408063730372397)	(25.0, 0.5534716909676577)	(26.0, 0.734231657721515)	(27.0, 0.9518040840400095)	(28.0, 1.19122810530662)	(29.0, 1.4365742400410253)	(30.0, 1.6769618594312092)	(31.0, 1.9060773882716757)	(32.0, 2.1296973965636385)	(33.0, 2.3271697682732206)	(34.0, 2.5010942108379797)	(35.0, 2.6456489855946597)	(36.0, 2.749481702149913)	(37.0, 2.829686189716712)	(38.0, 2.8876777330390544)	(39.0, 2.9212781988584475)	(40.0, 2.923355957312402)	(41.0, 2.9022019672558317)	(42.0, 2.864215122478089)	(43.0, 2.817109226707989)	(44.0, 2.7770646984371994)	(45.0, 2.7631577692683362)	(46.0, 2.7998899289893426)	(47.0, 2.8612239533028303)	(48.0, 2.8620470267000493)	(49.0, 2.8467750001894574)	(50.0, 2.8602503176988034)	(51.0, 2.8808974149924524)	(52.0, 2.8736302791438373)	(53.0, 2.830303494764626)	(54.0, 2.742219585041524)	(55.0, 2.6236317722190545)	(56.0, 2.5094303383549343)	(57.0, 2.3734375344254213)	(58.0, 2.2388851089410413)	(59.0, 2.0992838307883552)	(60.0, 1.999325581688303)	(61.0, 1.9350054069397837)	(62.0, 1.7577384833838794)	(63.0, 1.539433320992251)	(64.0, 1.3448015562511195)	(65.0, 1.0859098416441915)	(66.0, 0.8397205585516598)	(67.0, 0.66018014567295)	(68.0, 0.5275248039943551)	(69.0, 0.423782424763187)	(70.0, 0.3362305015041416)	(71.0, 0.27250253810240127)	(72.0, 0.22280195363497068)	(73.0, 0.18053412344364475)	(74.0, 0.15280056494954986)	(75.0, 0.13658501527629244)	(76.0, 0.12963406006197442)	(77.0, 0.1237470777757686)	(78.0, 0.1078276337759009)	(79.0, 0.08414419864495018)	(80.0, 0.0692786900927408)	(81.0, 0.06119851832736028)	(82.0, 0.05448846264393558)	(83.0, 0.049304103989501996)	(84.0, 0.040109771893739814)	(85.0, 0.033374622509180406)	(86.0, 0.02875236276016459)	(87.0, 0.024260590257049335)	(88.0, 0.021209196199067127)	(89.0, 0.01896581931762297)	(90.0, 0.017776377883837142)	(91.0, 0.017144016615242143)	(92.0, 0.016235624634165204)	(93.0, 0.015623338326477986)	(94.0, 0.016100118648037707)	(95.0, 0.017856677727468254)	(96.0, 0.02157556423563407)	(97.0, 0.02793430810317265)	(98.0, 0.03321904156214513)	(99.0, 0.03229057462016041)	(100.0, 0.032054693829494024)
SRR20277631_1	(0.0, 0.04297348592394997)	(1.0, 0.024978017804064112)	(2.0, 0.005334462589603826)	(3.0, 0.0030805366253727575)	(4.0, 0.002582516537604162)	(5.0, 0.0026338588146937077)	(6.0, 0.002644127270111617)	(7.0, 0.0029470467049399385)	(8.0, 0.0034450667927085343)	(9.0, 0.004523254611588999)	(10.0, 0.005267717629387415)	(11.0, 0.005611710885887374)	(12.0, 0.007151979198573752)	(13.0, 0.008990032718379498)	(14.0, 0.010874294287565835)	(15.0, 0.013995904734610229)	(16.0, 0.019104461305020054)	(17.0, 0.026323185463810215)	(18.0, 0.03784952667041329)	(19.0, 0.0574109342415303)	(20.0, 0.08649119998504913)	(21.0, 0.12977787379924532)	(22.0, 0.191670988830693)	(23.0, 0.27637034334531696)	(24.0, 0.3897289569313255)	(25.0, 0.5343960910865392)	(26.0, 0.7172310740301213)	(27.0, 0.9271183027721851)	(28.0, 1.1552371741087468)	(29.0, 1.3998728559850155)	(30.0, 1.6592283687028568)	(31.0, 1.9164634453769)	(32.0, 2.150753658419625)	(33.0, 2.3467990092583473)	(34.0, 2.520967415829214)	(35.0, 2.700988841988289)	(36.0, 2.848284700730488)	(37.0, 2.9449930138563563)	(38.0, 3.002932773551909)	(39.0, 3.030226328052712)	(40.0, 3.034595555833032)	(41.0, 3.0212825033837127)	(42.0, 2.99492337832594)	(43.0, 2.949223617488535)	(44.0, 2.8914738242182136)	(45.0, 2.8482487611365253)	(46.0, 2.821673998514976)	(47.0, 2.8264488302843036)	(48.0, 2.910444795602801)	(49.0, 2.998009049179022)	(50.0, 3.0330604217480546)	(51.0, 3.0777487397267955)	(52.0, 3.0819793433589737)	(53.0, 2.9344986524192533)	(54.0, 2.750775448082022)	(55.0, 2.6599098860889434)	(56.0, 2.504476276428052)	(57.0, 2.288422840207534)	(58.0, 2.10259973673734)	(59.0, 1.9353214637518903)	(60.0, 1.8803338849889866)	(61.0, 1.8473516061866622)	(62.0, 1.755900742234763)	(63.0, 1.4672852658035893)	(64.0, 1.0720780879068093)	(65.0, 0.836802103143965)	(66.0, 0.7272325496071649)	(67.0, 0.6608829249243446)	(68.0, 0.5253136422693985)	(69.0, 0.37609758236405105)	(70.0, 0.2874705436520768)	(71.0, 0.2325599783048074)	(72.0, 0.1907879016647528)	(73.0, 0.15479183119727213)	(74.0, 0.13155431658654362)	(75.0, 0.11373341220876222)	(76.0, 0.103244184999368)	(77.0, 0.0970779775209135)	(78.0, 0.0856132470468179)	(79.0, 0.07508294601575201)	(80.0, 0.07063157059208838)	(81.0, 0.07656160359593094)	(82.0, 0.07993992542842306)	(83.0, 0.06691438973080525)	(84.0, 0.04557653937238995)	(85.0, 0.036586506654010455)	(86.0, 0.033459761979257104)	(87.0, 0.02544523252557898)	(88.0, 0.016486005173453208)	(89.0, 0.009477784350730186)	(90.0, 0.005657918935267965)	(91.0, 0.004564328433260636)	(92.0, 0.004898053234342685)	(93.0, 0.004533523067006908)	(94.0, 0.0032756372783130324)	(95.0, 0.0022693286473579317)	(96.0, 0.001704563599372926)	(97.0, 0.0021871810040146582)	(98.0, 0.002710872230328027)	(99.0, 0.0023617447461191142)	(100.0, 0.0011911408284774664)
SRR20277631_2	(0.0, 0.06903486275960605)	(1.0, 0.04409078556451058)	(2.0, 0.01539124466994784)	(3.0, 0.010337786003314966)	(4.0, 0.008275359217541954)	(5.0, 0.007377536611794998)	(6.0, 0.008177881334632285)	(7.0, 0.008819183195880112)	(8.0, 0.008675531578960598)	(9.0, 0.009039791036149365)	(10.0, 0.010050482769475939)	(11.0, 0.011209956534612011)	(12.0, 0.012482299427327698)	(13.0, 0.014796116542709856)	(14.0, 0.018064190827628782)	(15.0, 0.021917132410005726)	(16.0, 0.027098851448888163)	(17.0, 0.035107429092151025)	(18.0, 0.04714338242405024)	(19.0, 0.06734695626080177)	(20.0, 0.09772414282438882)	(21.0, 0.140752932506673)	(22.0, 0.20493442278035548)	(23.0, 0.29449607551478196)	(24.0, 0.41034597414547935)	(25.0, 0.55770175061556)	(26.0, 0.744782329578776)	(27.0, 0.9620861826588796)	(28.0, 1.1978595293429206)	(29.0, 1.4405025015646482)	(30.0, 1.6835251244882345)	(31.0, 1.9186622997259177)	(32.0, 2.141419783834073)	(33.0, 2.342101092670633)	(34.0, 2.5195005787364515)	(35.0, 2.6600380338177456)	(36.0, 2.7615535532458315)	(37.0, 2.8458821827924754)	(38.0, 2.89479555835357)	(39.0, 2.9237926633117515)	(40.0, 2.92726595419227)	(41.0, 2.9020397041782253)	(42.0, 2.8624739445466796)	(43.0, 2.815679430335148)	(44.0, 2.7805925229025568)	(45.0, 2.7650935395199197)	(46.0, 2.801863223036425)	(47.0, 2.8650083695023305)	(48.0, 2.865788192565608)	(49.0, 2.854019020807988)	(50.0, 2.8686560944891086)	(51.0, 2.8830366474257296)	(52.0, 2.8588210891450117)	(53.0, 2.815397257516199)	(54.0, 2.730170805363808)	(55.0, 2.610488486810293)	(56.0, 2.499722829335569)	(57.0, 2.371318805469084)	(58.0, 2.2386308851694636)	(59.0, 2.095641091770758)	(60.0, 1.9945462663636508)	(61.0, 1.9252138395404257)	(62.0, 1.7499845189730696)	(63.0, 1.5331218815735044)	(64.0, 1.332322573194475)	(65.0, 1.06817290175394)	(66.0, 0.8249707143092042)	(67.0, 0.6526452085695782)	(68.0, 0.5233023187782266)	(69.0, 0.41818524809737284)	(70.0, 0.33389766186984843)	(71.0, 0.26761783190616306)	(72.0, 0.21720637519719393)	(73.0, 0.17877443725633416)	(74.0, 0.15169610746700593)	(75.0, 0.13630999321194806)	(76.0, 0.13049723314159775)	(77.0, 0.12445360440119822)	(78.0, 0.10868783944428166)	(79.0, 0.0840413263128052)	(80.0, 0.06904512358938601)	(81.0, 0.06174967361583073)	(82.0, 0.0539103996639373)	(83.0, 0.04794372714688752)	(84.0, 0.03863202412156908)	(85.0, 0.032111266796401174)	(86.0, 0.027663197086786252)	(87.0, 0.023543473930130215)	(88.0, 0.020603746198170177)	(89.0, 0.01847462401882739)	(90.0, 0.017248454860121547)	(91.0, 0.016037676946085648)	(92.0, 0.015319418861488085)	(93.0, 0.015457940063517615)	(94.0, 0.015904286158946103)	(95.0, 0.0172330636154516)	(96.0, 0.020547311634380366)	(97.0, 0.027411806757177106)	(98.0, 0.03374273873141565)	(99.0, 0.03188039812635196)	(100.0, 0.03129040041400396)
SRR20277632_1	(0.0, 9.326114240397127)	(1.0, 4.667850869435044)	(2.0, 0.00829092609882427)	(3.0, 0.007267942390791433)	(4.0, 0.007232256912604242)	(5.0, 0.007267942390791433)	(6.0, 0.007291732709582895)	(7.0, 0.0067683456961707454)	(8.0, 0.007018144043481089)	(9.0, 0.007065724681064012)	(10.0, 0.006316329639132981)	(11.0, 0.0062687490015500575)	(12.0, 0.006887297290128052)	(13.0, 0.007731853607224929)	(14.0, 0.008778627634049229)	(15.0, 0.010158466123953984)	(16.0, 0.012204433540019658)	(17.0, 0.015951408749674816)	(18.0, 0.022469956098535217)	(19.0, 0.0320455594120984)	(20.0, 0.04526108150075516)	(21.0, 0.0653282154013528)	(22.0, 0.0911288161306926)	(23.0, 0.13060885016512266)	(24.0, 0.18545743013883673)	(25.0, 0.24498080775507297)	(26.0, 0.31493624016136496)	(27.0, 0.3940033646647867)	(28.0, 0.4806120202251016)	(29.0, 0.5704085785034724)	(30.0, 0.6583257015973177)	(31.0, 0.7464807278790776)	(32.0, 0.8387990599493432)	(33.0, 0.9287145698216713)	(34.0, 1.0150615318752803)	(35.0, 1.1098302667810664)	(36.0, 1.1956776321400546)	(37.0, 1.240831657206248)	(38.0, 1.3015088652838702)	(39.0, 1.379029619065847)	(40.0, 1.462807226689978)	(41.0, 1.5341424975861748)	(42.0, 1.5532818090539053)	(43.0, 1.5974961165278363)	(44.0, 1.6956549718614058)	(45.0, 1.6711152580280133)	(46.0, 1.6326938931798034)	(47.0, 1.7766134267087488)	(48.0, 2.0041440356302846)	(49.0, 2.3086720113203856)	(50.0, 2.559362495585409)	(51.0, 2.801428989288528)	(52.0, 3.824567334393509)	(53.0, 4.201013443790198)	(54.0, 3.1126539397184247)	(55.0, 2.601090714745632)	(56.0, 2.5876967652660396)	(57.0, 2.417167760168845)	(58.0, 2.3420498285848055)	(59.0, 2.3736790574180535)	(60.0, 2.4426709819132912)	(61.0, 2.399146593684313)	(62.0, 2.302569794550376)	(63.0, 2.1124018812908294)	(64.0, 1.84729446383818)	(65.0, 1.6890769487155666)	(66.0, 1.5570406794229563)	(67.0, 1.4161900970181096)	(68.0, 1.2700937493197455)	(69.0, 1.1113766375025114)	(70.0, 0.9848954076477073)	(71.0, 0.8590922018784598)	(72.0, 0.7259496827620465)	(73.0, 0.6312761091314262)	(74.0, 0.5640803537049437)	(75.0, 0.4990138318102969)	(76.0, 0.46231726507446785)	(77.0, 0.4299743266774762)	(78.0, 0.3960850175590396)	(79.0, 0.38308360833950594)	(80.0, 0.3780995365526948)	(81.0, 0.3877227205038409)	(82.0, 0.36064933771915786)	(83.0, 0.2903489456903897)	(84.0, 0.22631730266317154)	(85.0, 0.19185702589373982)	(86.0, 0.1752513833772998)	(87.0, 0.15254352409084998)	(88.0, 0.12462558498907014)	(89.0, 0.1006687339660686)	(90.0, 0.07703305224675175)	(91.0, 0.05355200759957943)	(92.0, 0.04229918681121823)	(93.0, 0.03096309990708691)	(94.0, 0.019508061408998283)	(95.0, 0.015535078170824244)	(96.0, 0.014880844404059056)	(97.0, 0.021708665897208455)	(98.0, 0.03335402694562877)	(99.0, 0.031403220804728946)	(100.0, 0.012751610872223268)
SRR20277632_2	(0.0, 9.188158888770808)	(1.0, 4.6009998337903)	(2.0, 0.013058473920542617)	(3.0, 0.01236041725013573)	(4.0, 0.01138554500353301)	(5.0, 0.010916162069983552)	(6.0, 0.011915105236255474)	(7.0, 0.012312275410797323)	(8.0, 0.012480771848481747)	(9.0, 0.013551927773761276)	(10.0, 0.015682204164485743)	(11.0, 0.018185579810082852)	(12.0, 0.02052045901799554)	(13.0, 0.023204366561111675)	(14.0, 0.027862089517102447)	(15.0, 0.03369928753688417)	(16.0, 0.038344975033040345)	(17.0, 0.04349615184224978)	(18.0, 0.05063317952416846)	(19.0, 0.059960660895984626)	(20.0, 0.07171930515439028)	(21.0, 0.08787089225242548)	(22.0, 0.11519138607697087)	(23.0, 0.15096077270540648)	(24.0, 0.19025654906538036)	(25.0, 0.24773790523543704)	(26.0, 0.314847629273175)	(27.0, 0.38033256623324163)	(28.0, 0.4625708632830737)	(29.0, 0.5482272309259325)	(30.0, 0.6294425138898233)	(31.0, 0.718216065629844)	(32.0, 0.8091800710597621)	(33.0, 0.893981921054364)	(34.0, 0.9906386989860486)	(35.0, 1.1085862053651432)	(36.0, 1.210285840967526)	(37.0, 1.27539767867272)	(38.0, 1.3466837072730644)	(39.0, 1.4482629882771012)	(40.0, 1.540707355266675)	(41.0, 1.5907628327187826)	(42.0, 1.6035324556032948)	(43.0, 1.6013179309937282)	(44.0, 1.6293605524083499)	(45.0, 1.709925920541172)	(46.0, 2.2897101271534295)	(47.0, 3.140460676481905)	(48.0, 2.93237961140148)	(49.0, 2.4170212212838442)	(50.0, 2.4579658556411585)	(51.0, 2.6014405723294427)	(52.0, 2.7431220055023715)	(53.0, 2.8115435946620813)	(54.0, 2.6945348541500853)	(55.0, 2.5224879558144573)	(56.0, 2.479581541504103)	(57.0, 2.4447027789034275)	(58.0, 2.46304481969136)	(59.0, 2.5157601337669147)	(60.0, 2.578476914965023)	(61.0, 2.5570658319192674)	(62.0, 2.3091955366256496)	(63.0, 2.0222461032490804)	(64.0, 1.8586842040968463)	(65.0, 1.7029694247567724)	(66.0, 1.548229517663301)	(67.0, 1.40994208416373)	(68.0, 1.2685615374866663)	(69.0, 1.1393127343228808)	(70.0, 1.0139152783061678)	(71.0, 0.8781071495325248)	(72.0, 0.7386522764289972)	(73.0, 0.6202233516565185)	(74.0, 0.5462293445933886)	(75.0, 0.49480182472013645)	(76.0, 0.45804553038526347)	(77.0, 0.4176304562606717)	(78.0, 0.35047259038359535)	(79.0, 0.2771405336113685)	(80.0, 0.23040684307361092)	(81.0, 0.20660070352076917)	(82.0, 0.1785941884856515)	(83.0, 0.15055156707103)	(84.0, 0.12808136355982905)	(85.0, 0.1107021595586645)	(86.0, 0.10414283394880669)	(87.0, 0.10206069939742064)	(88.0, 0.10015909674355358)	(89.0, 0.09755943741927968)	(90.0, 0.08772646673441026)	(91.0, 0.07232107814612035)	(92.0, 0.06095960406225654)	(93.0, 0.05366611540248804)	(94.0, 0.04938149170136991)	(95.0, 0.049634236357896544)	(96.0, 0.05544736345800906)	(97.0, 0.06520812138387087)	(98.0, 0.0759437515563354)	(99.0, 0.08256325446536622)	(100.0, 0.3399054566488153)
SRR20277633_1	(0.0, 8.87764876811505)	(1.0, 4.4437987120922955)	(2.0, 0.00832338057303274)	(3.0, 0.006808919314921753)	(4.0, 0.007547680904244185)	(5.0, 0.007547680904244185)	(6.0, 0.007301427041136708)	(7.0, 0.0069566716327862385)	(8.0, 0.006685792383368014)	(9.0, 0.006636541610746518)	(10.0, 0.006107095805065441)	(11.0, 0.006562665451814276)	(12.0, 0.0070797985643399775)	(13.0, 0.007892436312594654)	(14.0, 0.009123705628132042)	(15.0, 0.010724355738330645)	(16.0, 0.012854451654210324)	(17.0, 0.016154253419850523)	(18.0, 0.023184801211569007)	(19.0, 0.03307189381533423)	(20.0, 0.04734230518241255)	(21.0, 0.06751049657091496)	(22.0, 0.09124936897447579)	(23.0, 0.13207825947769555)	(24.0, 0.18826107834566655)	(25.0, 0.24613073617592374)	(26.0, 0.3173227280002955)	(27.0, 0.39656722114828175)	(28.0, 0.48684388736348305)	(29.0, 0.5838679094278291)	(30.0, 0.6619426967260549)	(31.0, 0.7446963074233227)	(32.0, 0.847458044498073)	(33.0, 0.9437309922799415)	(34.0, 1.0274080549638622)	(35.0, 1.1210583991036358)	(36.0, 1.2131327185195218)	(37.0, 1.2605242744745557)	(38.0, 1.320991910560597)	(39.0, 1.402009431522957)	(40.0, 1.481968060873955)	(41.0, 1.5551300836031865)	(42.0, 1.5759015969563022)	(43.0, 1.6183557629560315)	(44.0, 1.7150842803846484)	(45.0, 1.6841671078715048)	(46.0, 1.655724786682591)	(47.0, 1.8053486339066944)	(48.0, 2.0372212714086952)	(49.0, 2.362978194220422)	(50.0, 2.616028663949666)	(51.0, 2.8482583695531725)	(52.0, 3.9353706736274425)	(53.0, 4.274351428888041)	(54.0, 3.118460420847852)	(55.0, 2.643953852026054)	(56.0, 2.6277995986062033)	(57.0, 2.439673959885246)	(58.0, 2.361131290247116)	(59.0, 2.408658285826859)	(60.0, 2.4798133395717645)	(61.0, 2.417018604479358)	(62.0, 2.325510668948619)	(63.0, 2.1242596993240332)	(64.0, 1.8385436546535825)	(65.0, 1.690963714493271)	(66.0, 1.5540958173781352)	(67.0, 1.399768521368679)	(68.0, 1.2537646059322556)	(69.0, 1.1000652572737235)	(70.0, 0.9762365022101285)	(71.0, 0.8487878153588535)	(72.0, 0.711870667471096)	(73.0, 0.6168413016979204)	(74.0, 0.5485551054582168)	(75.0, 0.4864621938756664)	(76.0, 0.44984424443158455)	(77.0, 0.4213896105495155)	(78.0, 0.39010305724171046)	(79.0, 0.3777411133137151)	(80.0, 0.37362867379982023)	(81.0, 0.38361426794882847)	(82.0, 0.3566371572454043)	(83.0, 0.27813142568674043)	(84.0, 0.21202457613553813)	(85.0, 0.18675892978071093)	(86.0, 0.17194675991479616)	(87.0, 0.14104190009480774)	(88.0, 0.11109743034093847)	(89.0, 0.09060910893039635)	(90.0, 0.07061329524606917)	(91.0, 0.0500018469039733)	(92.0, 0.03988081313025598)	(93.0, 0.029488900107120432)	(94.0, 0.018075033552088848)	(95.0, 0.01318689436940542)	(96.0, 0.011142987305613356)	(97.0, 0.015230801433197482)	(98.0, 0.024514572072349385)	(99.0, 0.023517243926764103)	(100.0, 0.009517711809104006)
SRR20277633_2	(0.0, 8.643675503835977)	(1.0, 4.329360619754777)	(2.0, 0.0134514855359788)	(3.0, 0.011670409210381608)	(4.0, 0.011645499051981647)	(5.0, 0.01144621778478196)	(6.0, 0.011608133814381706)	(7.0, 0.011657954131181628)	(8.0, 0.012803821417579821)	(9.0, 0.01545675328717564)	(10.0, 0.017026093266373166)	(11.0, 0.018371241819971046)	(12.0, 0.020675431471967414)	(13.0, 0.024075668093562055)	(14.0, 0.027363809002356878)	(15.0, 0.032121649256749374)	(16.0, 0.03748978839194091)	(17.0, 0.04331876545753173)	(18.0, 0.05122774074951927)	(19.0, 0.06036976888230486)	(20.0, 0.07324832077508456)	(21.0, 0.0889541756462598)	(22.0, 0.1159318771934173)	(23.0, 0.15201424163576044)	(24.0, 0.19177085444209777)	(25.0, 0.25480601027319844)	(26.0, 0.32731948137548417)	(27.0, 0.3937922390657794)	(28.0, 0.4729940876984546)	(29.0, 0.55844838608952)	(30.0, 0.6438528641637853)	(31.0, 0.7333799734532442)	(32.0, 0.8265066006314974)	(33.0, 0.9080250939953689)	(34.0, 0.9984240588288266)	(35.0, 1.1173202448718391)	(36.0, 1.2199500974796773)	(37.0, 1.2946182972835598)	(38.0, 1.371789968006638)	(39.0, 1.47851754167127)	(40.0, 1.5669984243079305)	(41.0, 1.6107282073790616)	(42.0, 1.6283023241302337)	(43.0, 1.622535622460643)	(44.0, 1.652253441431796)	(45.0, 1.7376828296644615)	(46.0, 2.3568372717746855)	(47.0, 3.2028111611957524)	(48.0, 2.95691053255054)	(49.0, 2.4553569482465303)	(50.0, 2.4983269714864624)	(51.0, 2.6467790604710286)	(52.0, 2.774605538300427)	(53.0, 2.8434447610387186)	(54.0, 2.7350855719988894)	(55.0, 2.545133159119989)	(56.0, 2.5040936731560532)	(57.0, 2.4801176456960916)	(58.0, 2.5085525915096465)	(59.0, 2.5543374626487743)	(60.0, 2.609725199851087)	(61.0, 2.5784006756631364)	(62.0, 2.320867003045142)	(63.0, 2.0452610105079767)	(64.0, 1.8874676121234255)	(65.0, 1.712648120472501)	(66.0, 1.5461486217271634)	(67.0, 1.4084203559337805)	(68.0, 1.268338080171601)	(69.0, 1.1335367579902136)	(70.0, 1.0035929166968183)	(71.0, 0.8646938734586372)	(72.0, 0.7207754333028641)	(73.0, 0.6093149295422398)	(74.0, 0.5352445735399565)	(75.0, 0.4824724029696396)	(76.0, 0.4491924313472921)	(77.0, 0.4116652777177512)	(78.0, 0.34433311956265733)	(79.0, 0.2720189297275713)	(80.0, 0.22473944908444582)	(81.0, 0.19936845275408582)	(82.0, 0.17610236480852245)	(83.0, 0.14754286820296747)	(84.0, 0.12298145202060619)	(85.0, 0.105967813833433)	(86.0, 0.09871895773904442)	(87.0, 0.0966389595126477)	(88.0, 0.09554291254304943)	(89.0, 0.09399848272225186)	(90.0, 0.08425861078786721)	(91.0, 0.06861503131269187)	(92.0, 0.05775420225030898)	(93.0, 0.050480435997520445)	(94.0, 0.046233253990327135)	(95.0, 0.04676882239592629)	(96.0, 0.05177576423431841)	(97.0, 0.06348353868229994)	(98.0, 0.07420736187348305)	(99.0, 0.07881574117747579)	(100.0, 0.3045142313603201)
SRR20277634_1	(0.0, 8.905137817637762)	(1.0, 4.457001602876626)	(2.0, 0.007721078508191269)	(3.0, 0.006926084465226177)	(4.0, 0.007082674200961726)	(5.0, 0.007299490758134024)	(6.0, 0.007251309300984624)	(7.0, 0.006636995722329781)	(8.0, 0.006347906979433384)	(9.0, 0.006323816250858683)	(10.0, 0.006420179165157482)	(11.0, 0.006456315258019533)	(12.0, 0.007215173208122574)	(13.0, 0.008239029172547313)	(14.0, 0.009034023215512405)	(15.0, 0.010780601037178138)	(16.0, 0.013213764623222813)	(17.0, 0.016767147087991024)	(18.0, 0.02372936764607925)	(19.0, 0.033654747818855545)	(20.0, 0.047350327013572356)	(21.0, 0.0670685883519641)	(22.0, 0.09309862057692718)	(23.0, 0.13458285518256013)	(24.0, 0.18912426467568036)	(25.0, 0.2489776798195219)	(26.0, 0.31760012016455413)	(27.0, 0.3959431694894777)	(28.0, 0.4894392870878874)	(29.0, 0.5794061129501036)	(30.0, 0.6622661738827834)	(31.0, 0.7528473133236545)	(32.0, 0.8527636100872217)	(33.0, 0.9460910925856085)	(34.0, 1.0312518180971721)	(35.0, 1.1256754287457078)	(36.0, 1.2138474953291087)	(37.0, 1.2645102975217024)	(38.0, 1.3279532312231743)	(39.0, 1.4076092252554189)	(40.0, 1.4929867673241548)	(41.0, 1.569258013991654)	(42.0, 1.5870369716797827)	(43.0, 1.626292813892256)	(44.0, 1.7230652705768248)	(45.0, 1.6989745420021252)	(46.0, 1.6706799812911404)	(47.0, 1.8206206759400716)	(48.0, 2.0526987096644413)	(49.0, 2.3752856106439584)	(50.0, 2.627925081206835)	(51.0, 2.859051531152504)	(52.0, 3.9262346709188405)	(53.0, 4.279187935266767)	(54.0, 3.136974221354528)	(55.0, 2.6430058772945966)	(56.0, 2.6245644245706643)	(57.0, 2.443064875488876)	(58.0, 2.372057453014949)	(59.0, 2.400568830283106)	(60.0, 2.459687478205419)	(61.0, 2.4094703544914573)	(62.0, 2.311348817006705)	(63.0, 2.112829168186892)	(64.0, 1.8371469157423155)	(65.0, 1.6801476376209972)	(66.0, 1.5449625142240695)	(67.0, 1.387951190738464)	(68.0, 1.238395947746728)	(69.0, 1.0836852888400061)	(70.0, 0.9573173721014187)	(71.0, 0.8417782378571586)	(72.0, 0.7031360949097615)	(73.0, 0.6002686838957936)	(74.0, 0.5379700598016202)	(75.0, 0.474551216828723)	(76.0, 0.4365119564092721)	(77.0, 0.41097578412009034)	(78.0, 0.3827053141376802)	(79.0, 0.36556476075678135)	(80.0, 0.3591084454987618)	(81.0, 0.36803406043568804)	(82.0, 0.3412210795320472)	(83.0, 0.2732731795871066)	(84.0, 0.21023978827140472)	(85.0, 0.17952410933866253)	(86.0, 0.16570807650107222)	(87.0, 0.14409869296956654)	(88.0, 0.11621367464435158)	(89.0, 0.09488133449145496)	(90.0, 0.07528352679593671)	(91.0, 0.0532043740572244)	(92.0, 0.04188173162711551)	(93.0, 0.03100476767563858)	(94.0, 0.01973030670267909)	(95.0, 0.015092841452049394)	(96.0, 0.014044894759049952)	(97.0, 0.020489164652782138)	(98.0, 0.030402499461271083)	(99.0, 0.028210243160973408)	(100.0, 0.011768320908740826)
SRR20277634_2	(0.0, 8.71372825340942)	(1.0, 4.3641541336655685)	(2.0, 0.01336094921254515)	(3.0, 0.011715211855160484)	(4.0, 0.010983773029656188)	(5.0, 0.01067900685236273)	(6.0, 0.01139825503077529)	(7.0, 0.011971215444086988)	(8.0, 0.012141884503371322)	(9.0, 0.013629143448563395)	(10.0, 0.015591837630333255)	(11.0, 0.018139682872506554)	(12.0, 0.020273046113560754)	(13.0, 0.022711175531908406)	(14.0, 0.026502466777439015)	(15.0, 0.03063509614153829)	(16.0, 0.03513344491838971)	(17.0, 0.040558282874213245)	(18.0, 0.048433440895476174)	(19.0, 0.05760080750846335)	(20.0, 0.07031565242514638)	(21.0, 0.08721188929429563)	(22.0, 0.11193452159634085)	(23.0, 0.1454831823928046)	(24.0, 0.18779691844822813)	(25.0, 0.2483844344941674)	(26.0, 0.31978505451047845)	(27.0, 0.3884305882840567)	(28.0, 0.4659387224933286)	(29.0, 0.5498469464257633)	(30.0, 0.6373148393089854)	(31.0, 0.7335721887453508)	(32.0, 0.8276839842935704)	(33.0, 0.9067769026247683)	(34.0, 0.9954029069817054)	(35.0, 1.1186259677849961)	(36.0, 1.2269398671950906)	(37.0, 1.2917087751934961)	(38.0, 1.3724596215291702)	(39.0, 1.4788839706400456)	(40.0, 1.564376978694406)	(41.0, 1.6186985021351918)	(42.0, 1.6337905232347638)	(43.0, 1.6347901562962865)	(44.0, 1.668351007739842)	(45.0, 1.7559773790352566)	(46.0, 2.3562326511853575)	(47.0, 3.2132229510874666)	(48.0, 2.9985944183903226)	(49.0, 2.4727874280294673)	(50.0, 2.5014720206363275)	(51.0, 2.6506489690979285)	(52.0, 2.7909389358296526)	(53.0, 2.847345059923126)	(54.0, 2.734947293737299)	(55.0, 2.5628641193903214)	(56.0, 2.5159057467929453)	(57.0, 2.4877575426581218)	(58.0, 2.5053486464115005)	(59.0, 2.5542819038377376)	(60.0, 2.610578312107385)	(61.0, 2.58585567980534)	(62.0, 2.3278772060499744)	(63.0, 2.0296574062447807)	(64.0, 1.8707401307568805)	(65.0, 1.703423499422773)	(66.0, 1.5313037531345202)	(67.0, 1.3917939878166674)	(68.0, 1.257660297866271)	(69.0, 1.1139447593017686)	(70.0, 0.9791405837613266)	(71.0, 0.8489932354099289)	(72.0, 0.7068990529086274)	(73.0, 0.5934407004258193)	(74.0, 0.5247342134167824)	(75.0, 0.4712050820369596)	(76.0, 0.43412113358389176)	(77.0, 0.40175496555532664)	(78.0, 0.3365471942616186)	(79.0, 0.2607335599980983)	(80.0, 0.21677408658529002)	(81.0, 0.1935996664638956)	(82.0, 0.16903551257404295)	(83.0, 0.14456888386092423)	(84.0, 0.12163827668136451)	(85.0, 0.10453479881165571)	(86.0, 0.09647678108401672)	(87.0, 0.09446532431387991)	(88.0, 0.09400207972439385)	(89.0, 0.09347788189944911)	(90.0, 0.08616349364440615)	(91.0, 0.07163224231105411)	(92.0, 0.060258368574462304)	(93.0, 0.0513713868445851)	(94.0, 0.04697056324446758)	(95.0, 0.048860113543687016)	(96.0, 0.05357789396818973)	(97.0, 0.06326945840612165)	(98.0, 0.07475304796653912)	(99.0, 0.08015350462817916)	(100.0, 0.33184160448420763)
SRR20277635_1	(0.0, 8.717074679712116)	(1.0, 4.363029945357921)	(2.0, 0.00801813788479564)	(3.0, 0.00740606629053643)	(4.0, 0.007577446336929009)	(5.0, 0.006916409015129064)	(6.0, 0.006622614649884643)	(7.0, 0.006708304673080932)	(8.0, 0.0067327875368513)	(9.0, 0.007210203380373483)	(10.0, 0.0067205461049661165)	(11.0, 0.00675727040062167)	(12.0, 0.008030379316680825)	(13.0, 0.008483312296432639)	(14.0, 0.008679175206595585)	(15.0, 0.010405217102406555)	(16.0, 0.013098332117147076)	(17.0, 0.017076797479831936)	(18.0, 0.0249970039095461)	(19.0, 0.034471872188678664)	(20.0, 0.04690916698402579)	(21.0, 0.06819701703236108)	(22.0, 0.09435695697099969)	(23.0, 0.13382333336883348)	(24.0, 0.19019512720010665)	(25.0, 0.2537648829798681)	(26.0, 0.324410186389266)	(27.0, 0.4059136398808223)	(28.0, 0.5002950797155924)	(29.0, 0.5904042598224332)	(30.0, 0.6727768549778375)	(31.0, 0.7606825773453451)	(32.0, 0.8585161009717371)	(33.0, 0.953350473786259)	(34.0, 1.0440350011917034)	(35.0, 1.139860929988925)	(36.0, 1.226775096373733)	(37.0, 1.2759978939840586)	(38.0, 1.3362991874504757)	(39.0, 1.4113758892023103)	(40.0, 1.4959886663927033)	(41.0, 1.5720569241272382)	(42.0, 1.5896723446100178)	(43.0, 1.6356021970432293)	(44.0, 1.7267274159965402)	(45.0, 1.698657812683813)	(46.0, 1.677272031180396)	(47.0, 1.822700241976384)	(48.0, 2.0581397014241314)	(49.0, 2.3868588718369823)	(50.0, 2.632556651204514)	(51.0, 2.869354909591517)	(52.0, 3.9793712286443625)	(53.0, 4.299325533827422)	(54.0, 3.1105233591615304)	(55.0, 2.6461079163014127)	(56.0, 2.637673569732521)	(57.0, 2.453562434179351)	(58.0, 2.375670203093924)	(59.0, 2.408440516250562)	(60.0, 2.466526110545761)	(61.0, 2.4102889724652248)	(62.0, 2.3232768746253356)	(63.0, 2.1203384168327526)	(64.0, 1.8356761597746791)	(65.0, 1.6822053282301253)	(66.0, 1.5382460892603593)	(67.0, 1.3837714603012201)	(68.0, 1.2445618969029055)	(69.0, 1.0922907256830994)	(70.0, 0.9635843108422729)	(71.0, 0.8372649752190573)	(72.0, 0.7031723303487498)	(73.0, 0.6078483002588205)	(74.0, 0.5407285292323557)	(75.0, 0.475946871695961)	(76.0, 0.4410955151188416)	(77.0, 0.41624540839191776)	(78.0, 0.3799373214204615)	(79.0, 0.3628972482362851)	(80.0, 0.36114672347670373)	(81.0, 0.36809985678748836)	(82.0, 0.3410340508893462)	(83.0, 0.2712334062800259)	(84.0, 0.20912038089460142)	(85.0, 0.18134457194711848)	(86.0, 0.1672424424153863)	(87.0, 0.13990732501577002)	(88.0, 0.10942615962166141)	(89.0, 0.08903193410094457)	(90.0, 0.06969047172235354)	(91.0, 0.04854951885664047)	(92.0, 0.038389130391937594)	(93.0, 0.02777580894748291)	(94.0, 0.01662386450008012)	(95.0, 0.013073849253376707)	(96.0, 0.0119966032474805)	(97.0, 0.015644549949265386)	(98.0, 0.02344234206012771)	(99.0, 0.021961128802020426)	(100.0, 0.009144349618232584)
SRR20277635_2	(0.0, 8.492133175645971)	(1.0, 4.254165608881679)	(2.0, 0.014290933183076266)	(3.0, 0.012086612466795871)	(4.0, 0.011702713915084118)	(5.0, 0.011516956551352623)	(6.0, 0.012408591897263795)	(7.0, 0.013027783109702108)	(8.0, 0.013263075770428666)	(9.0, 0.014328084655822564)	(10.0, 0.01586367886266958)	(11.0, 0.018290908415427767)	(12.0, 0.020841976210673616)	(13.0, 0.023194902817939206)	(14.0, 0.02673667655308636)	(15.0, 0.032383700410523776)	(16.0, 0.03712670509780125)	(17.0, 0.04355390988291094)	(18.0, 0.05187583977808187)	(19.0, 0.062203949201552935)	(20.0, 0.07390666311663704)	(21.0, 0.08838335366344481)	(22.0, 0.11500857579829227)	(23.0, 0.1501538690162909)	(24.0, 0.19291521414728083)	(25.0, 0.2557383545612721)	(26.0, 0.32938495736868506)	(27.0, 0.39790465693710875)	(28.0, 0.47458529668546945)	(29.0, 0.5616311973300475)	(30.0, 0.6492715215385663)	(31.0, 0.741370022476641)	(32.0, 0.8386325781264512)	(33.0, 0.9255794081770392)	(34.0, 1.018408554745791)	(35.0, 1.1295286097299706)	(36.0, 1.2261100550460988)	(37.0, 1.301762837381812)	(38.0, 1.3879914056259715)	(39.0, 1.496238413384437)	(40.0, 1.5769190283651493)	(41.0, 1.6186153646107453)	(42.0, 1.6373892421718752)	(43.0, 1.6475563618801123)	(44.0, 1.6810174550002788)	(45.0, 1.7589117095250184)	(46.0, 2.3909820991820485)	(47.0, 3.241577451532808)	(48.0, 2.9795604980774115)	(49.0, 2.461569897400016)	(50.0, 2.504219788112767)	(51.0, 2.659612014786286)	(52.0, 2.79969783468833)	(53.0, 2.854161893734404)	(54.0, 2.737456734014031)	(55.0, 2.5639098209918205)	(56.0, 2.521445687642801)	(57.0, 2.495811171447855)	(58.0, 2.512430263589699)	(59.0, 2.5555383557996545)	(60.0, 2.6159838019578827)	(61.0, 2.584095454517309)	(62.0, 2.3315025913152243)	(63.0, 2.034216506399341)	(64.0, 1.87071287484288)	(65.0, 1.7133268524653098)	(66.0, 1.5338976229249355)	(67.0, 1.3864062761221292)	(68.0, 1.2476579092389521)	(69.0, 1.1151138383044068)	(70.0, 0.9897523854341459)	(71.0, 0.8542238128556481)	(72.0, 0.7129986811227176)	(73.0, 0.6014328084655822)	(74.0, 0.5311669896780825)	(75.0, 0.4760342041225751)	(76.0, 0.4408517594318302)	(77.0, 0.40709345452969337)	(78.0, 0.3361960607055065)	(79.0, 0.26205410492814285)	(80.0, 0.21819059943901276)	(81.0, 0.19367062742645555)	(82.0, 0.16936118042612738)	(83.0, 0.1423768273880657)	(84.0, 0.11966489371582839)	(85.0, 0.10517581934477187)	(86.0, 0.0968291218011034)	(87.0, 0.09274245979901052)	(88.0, 0.09245763184128891)	(89.0, 0.09093442145869066)	(90.0, 0.08268679450901233)	(91.0, 0.06880452752614535)	(92.0, 0.05727518715054396)	(93.0, 0.04844552046117361)	(94.0, 0.04434647463483198)	(95.0, 0.04552293793846478)	(96.0, 0.04996873084377187)	(97.0, 0.06021015349750156)	(98.0, 0.0704020408542362)	(99.0, 0.07525649995975257)	(100.0, 0.29707555990365386)
SRR20277636_1	(0.0, 3.9542739191871354)	(1.0, 1.977330775767406)	(2.0, 0.00038763234767714343)	(3.0, 0.00038157559224468807)	(4.0, 0.00038157559224468807)	(5.0, 0.0003936891031095988)	(6.0, 0.00030889452705522367)	(7.0, 0.0002543837281631254)	(8.0, 0.0002846675053254022)	(9.0, 0.00036340532594732194)	(10.0, 0.0005027107008937954)	(11.0, 0.0005329944780560722)	(12.0, 0.0006722998530025457)	(13.0, 0.0010235916680849568)	(14.0, 0.0011871240647612518)	(15.0, 0.0014960185918164756)	(16.0, 0.0022228292437111194)	(17.0, 0.0032827614443908084)	(18.0, 0.005111901584992329)	(19.0, 0.007661795622056038)	(20.0, 0.010859762490392472)	(21.0, 0.016159423493790917)	(22.0, 0.024329986572173206)	(23.0, 0.03555921114394546)	(24.0, 0.05222134533863017)	(25.0, 0.07502502954182462)	(26.0, 0.10555107692139967)	(27.0, 0.14519254122682004)	(28.0, 0.19633578409847316)	(29.0, 0.25837512999311346)	(30.0, 0.3318799139213918)	(31.0, 0.41700761152455196)	(32.0, 0.5090400103207112)	(33.0, 0.6082860048369249)	(34.0, 0.7121411902372371)	(35.0, 0.8224044228850871)	(36.0, 0.9503836651728689)	(37.0, 1.0843288115616194)	(38.0, 1.1969481220726945)	(39.0, 1.3013302451956301)	(40.0, 1.4168204577816892)	(41.0, 1.5510563284311973)	(42.0, 1.6775637791488927)	(43.0, 1.786240141873439)	(44.0, 1.899864873786302)	(45.0, 2.034603455136704)	(46.0, 2.219716071418837)	(47.0, 2.4840025947140276)	(48.0, 2.8543550191423757)	(49.0, 3.246881225208943)	(50.0, 3.5795424605811212)	(51.0, 3.8582925158490147)	(52.0, 4.2724352820540155)	(53.0, 4.264749259410229)	(54.0, 3.7251892584653756)	(55.0, 3.756151392236087)	(56.0, 3.759597686077155)	(57.0, 3.367344034005048)	(58.0, 3.2076940175609567)	(59.0, 3.166308207690989)	(60.0, 3.3218214601747134)	(61.0, 3.3991298865145736)	(62.0, 3.220316295882194)	(63.0, 2.748785771954678)	(64.0, 2.1334133632617807)	(65.0, 1.7886567872909889)	(66.0, 1.5825877972125602)	(67.0, 1.4019390096841464)	(68.0, 1.1885595157987439)	(69.0, 0.958366468832845)	(70.0, 0.7888318275229869)	(71.0, 0.6543536866561804)	(72.0, 0.5400324278685854)	(73.0, 0.4466675428772859)	(74.0, 0.3816422165544451)	(75.0, 0.32926339557457107)	(76.0, 0.2954848705277675)	(77.0, 0.2800280306641414)	(78.0, 0.25087686676773374)	(79.0, 0.20979995142482144)	(80.0, 0.1854215108091886)	(81.0, 0.1712244760755132)	(82.0, 0.14748805153572062)	(83.0, 0.11800982284596036)	(84.0, 0.0966052491476631)	(85.0, 0.09109965845956117)	(86.0, 0.08642990002113807)	(87.0, 0.07136674926062157)	(88.0, 0.05227585613752227)	(89.0, 0.037733586344196934)	(90.0, 0.02725539944604915)	(91.0, 0.0181702662973661)	(92.0, 0.011847013625882696)	(93.0, 0.007589114556866573)	(94.0, 0.004391147688530141)	(95.0, 0.003064718248822415)	(96.0, 0.0025741210587935308)	(97.0, 0.0020592968470348246)	(98.0, 0.0018594239177637973)	(99.0, 0.0019926725372778156)	(100.0, 0.0011628970430314304)
SRR20277636_2	(0.0, 3.8568253663177496)	(1.0, 1.9290873826395205)	(2.0, 0.001750571625458636)	(3.0, 0.002473898095700225)	(4.0, 0.002546838580094335)	(5.0, 0.002145665915926731)	(6.0, 0.001975471452340475)	(7.0, 0.0020423335630350755)	(8.0, 0.0022976252584144597)	(9.0, 0.002735268164779119)	(10.0, 0.0038536889254888033)	(11.0, 0.0050025015546960325)	(12.0, 0.006047981831011608)	(13.0, 0.00774992646687417)	(14.0, 0.009020306570071582)	(15.0, 0.010509508126451326)	(16.0, 0.012655174042378056)	(17.0, 0.014527313141826875)	(18.0, 0.016928270753132992)	(19.0, 0.02001608459248364)	(20.0, 0.024052124728957718)	(21.0, 0.030166968670663926)	(22.0, 0.03881041607136594)	(23.0, 0.05166009807212829)	(24.0, 0.06981012193886262)	(25.0, 0.09281068801780526)	(26.0, 0.12175590357486786)	(27.0, 0.1630341393682345)	(28.0, 0.2193928203100834)	(29.0, 0.28155026976126396)	(30.0, 0.3500353062336336)	(31.0, 0.43294432349493844)	(32.0, 0.5254693279488668)	(33.0, 0.6227415422621118)	(34.0, 0.7246454773343827)	(35.0, 0.831995635241414)	(36.0, 0.9466580767089545)	(37.0, 1.0640497079675748)	(38.0, 1.1770892236573465)	(39.0, 1.2913930410766161)	(40.0, 1.4014237617851308)	(41.0, 1.5251794503071372)	(42.0, 1.6619185450512952)	(43.0, 1.7644728661094136)	(44.0, 1.8552898475537798)	(45.0, 2.013187761145929)	(46.0, 2.47086498722417)	(47.0, 3.085880916514206)	(48.0, 3.1856999694075454)	(49.0, 3.110869110792888)	(50.0, 3.239864357443871)	(51.0, 3.4274915968003192)	(52.0, 3.58760203841909)	(53.0, 3.5759923446530277)	(54.0, 3.529231415782704)	(55.0, 3.536014880831356)	(56.0, 3.5687894718191093)	(57.0, 3.542312075984048)	(58.0, 3.540391309895003)	(59.0, 3.57051572994977)	(60.0, 3.589267512812756)	(61.0, 3.491107855939383)	(62.0, 3.0742955362429414)	(63.0, 2.6462139117076102)	(64.0, 2.396702749716459)	(65.0, 2.0389661440055473)	(66.0, 1.631332168595365)	(67.0, 1.3457519370713265)	(68.0, 1.1506239845696837)	(69.0, 0.9937168458905543)	(70.0, 0.8398488940611798)	(71.0, 0.6996390479346021)	(72.0, 0.5749047412469747)	(73.0, 0.46041857261671976)	(74.0, 0.39425547489756274)	(75.0, 0.3546913404874576)	(76.0, 0.3331009571068011)	(77.0, 0.314069569053638)	(78.0, 0.257017953510045)	(79.0, 0.18159749264653546)	(80.0, 0.12740271274171186)	(81.0, 0.10358156621333547)	(82.0, 0.08823975099577437)	(83.0, 0.07483085861465719)	(84.0, 0.06325155671709225)	(85.0, 0.05713063440168653)	(86.0, 0.054279877136616736)	(87.0, 0.051678333193226816)	(88.0, 0.04795836848912722)	(89.0, 0.04400134721074676)	(90.0, 0.038865121434661525)	(91.0, 0.03242812368688133)	(92.0, 0.027030527841717205)	(93.0, 0.022338023345696137)	(94.0, 0.01957844168611898)	(95.0, 0.018849036842177886)	(96.0, 0.018709234247089174)	(97.0, 0.019620990302015546)	(98.0, 0.02126215120088302)	(99.0, 0.024422905524627777)	(100.0, 0.11376892053371282)
SRR20277637_1	(0.0, 3.7320874319961836)	(1.0, 1.866228877958024)	(2.0, 0.00035180772387068484)	(3.0, 0.00034563565853962025)	(4.0, 0.00037649598519494344)	(5.0, 0.0003394635932085556)	(6.0, 0.0003024312012221677)	(7.0, 0.0003394635932085556)	(8.0, 0.0003703239198638788)	(9.0, 0.00032711946254642625)	(10.0, 0.00040118424651920204)	(11.0, 0.0005493138144647536)	(12.0, 0.0007406478397277576)	(13.0, 0.000944325995652891)	(14.0, 0.0010677673022741838)	(15.0, 0.0014442632874691274)	(16.0, 0.002221943519183273)	(17.0, 0.003425496258740879)	(18.0, 0.005184534878094303)	(19.0, 0.0075237476385678044)	(20.0, 0.01075790987204568)	(21.0, 0.01647941443394261)	(22.0, 0.024441378711016)	(23.0, 0.036032517402755405)	(24.0, 0.05215395204749626)	(25.0, 0.07385493375151957)	(26.0, 0.1050115195427339)	(27.0, 0.1454138591998831)	(28.0, 0.19463608021512363)	(29.0, 0.2572763712600987)	(30.0, 0.33529744911008696)	(31.0, 0.4207496936186769)	(32.0, 0.5119543030158192)	(33.0, 0.6088310404522099)	(34.0, 0.7120218007222798)	(35.0, 0.8273221531718984)	(36.0, 0.9569663854509114)	(37.0, 1.0872339963283617)	(38.0, 1.2031330391150938)	(39.0, 1.3083482368137527)	(40.0, 1.4186800766718644)	(41.0, 1.562723737368251)	(42.0, 1.6926148522605065)	(43.0, 1.79756465114993)	(44.0, 1.908433460691844)	(45.0, 2.037435798176426)	(46.0, 2.2338432611415655)	(47.0, 2.5166534666762783)	(48.0, 2.889125265275368)	(49.0, 3.2770457433981117)	(50.0, 3.6186078388192295)	(51.0, 3.8984122485377144)	(52.0, 4.323192300817577)	(53.0, 4.2883324758277235)	(54.0, 3.7213418662548006)	(55.0, 3.7747364034338404)	(56.0, 3.7767608408624302)	(57.0, 3.381298098905125)	(58.0, 3.226206441266133)	(59.0, 3.187976668605518)	(60.0, 3.353394191543382)	(61.0, 3.4174231972878464)	(62.0, 3.2249473399385957)	(63.0, 2.750130354019792)	(64.0, 2.125616095561347)	(65.0, 1.7817024432490935)	(66.0, 1.574740748567834)	(67.0, 1.4012995406995863)	(68.0, 1.1843329281166708)	(69.0, 0.945757914809698)	(70.0, 0.7792787966348912)	(71.0, 0.6438328229446776)	(72.0, 0.5275696283034128)	(73.0, 0.4376611526257941)	(74.0, 0.3764712969336192)	(75.0, 0.32411983879552886)	(76.0, 0.2904080179572538)	(77.0, 0.2747865206043291)	(78.0, 0.24270412501345512)	(79.0, 0.20222772057233315)	(80.0, 0.17955155254600164)	(81.0, 0.16815174787952525)	(82.0, 0.14646928237149515)	(83.0, 0.11478189896180924)	(84.0, 0.0919514293022011)	(85.0, 0.08675455029344467)	(86.0, 0.08376109860787832)	(87.0, 0.06800381581767027)	(88.0, 0.04869759546210006)	(89.0, 0.035841183377492404)	(90.0, 0.02550914601329019)	(91.0, 0.016251048016693213)	(92.0, 0.010992448354626136)	(93.0, 0.007147251653372861)	(94.0, 0.003974810073205632)	(95.0, 0.0027527411376548324)	(96.0, 0.001968888840609622)	(97.0, 0.0013208219808478344)	(98.0, 0.0014134029608138042)	(99.0, 0.0017405224233602305)	(100.0, 0.0010862834982673778)
SRR20277637_2	(0.0, 3.5909181586026335)	(1.0, 1.7961653456182372)	(2.0, 0.0014497045452574217)	(3.0, 0.00146829050096585)	(4.0, 0.001350579448145803)	(5.0, 0.001239063713895232)	(6.0, 0.0014373139081184695)	(7.0, 0.0017161032437448967)	(8.0, 0.0020196738536492286)	(9.0, 0.0029737529133485575)	(10.0, 0.003890660061631029)	(11.0, 0.004974840811289357)	(12.0, 0.005978482419544496)	(13.0, 0.007000709983508061)	(14.0, 0.008760180457239291)	(15.0, 0.01011695522395457)	(16.0, 0.011932183564811088)	(17.0, 0.014342162488337312)	(18.0, 0.017297329445977443)	(19.0, 0.020506504464966095)	(20.0, 0.024632586632237215)	(21.0, 0.031044741351645047)	(22.0, 0.039848289038870666)	(23.0, 0.05195394152362709)	(24.0, 0.06985841218941319)	(25.0, 0.09292977854214242)	(26.0, 0.12207255709295826)	(27.0, 0.16363075405700436)	(28.0, 0.22093745082465885)	(29.0, 0.28360309815491025)	(30.0, 0.3537774715913667)	(31.0, 0.4383745466575637)	(32.0, 0.5284730646134556)	(33.0, 0.6200027011588962)	(34.0, 0.7261594848468703)	(35.0, 0.8377495629202749)	(36.0, 0.9494015941793743)	(37.0, 1.0683207341204692)	(38.0, 1.1856105052777919)	(39.0, 1.2985263815250643)	(40.0, 1.4103518817041092)	(41.0, 1.5405031342116644)	(42.0, 1.6748486173907549)	(43.0, 1.7747976918721136)	(44.0, 1.8654785697735363)	(45.0, 2.0276286426924357)	(46.0, 2.5104236234931436)	(47.0, 3.1248319519838033)	(48.0, 3.2049312257685605)	(49.0, 3.1397998416476574)	(50.0, 3.2763446629189117)	(51.0, 3.4591375373113062)	(52.0, 3.6121866872516453)	(53.0, 3.59734889927775)	(54.0, 3.553659512725804)	(55.0, 3.5629958578100043)	(56.0, 3.5857140910042737)	(57.0, 3.561378879663371)	(58.0, 3.565164219309321)	(59.0, 3.5846608868474625)	(60.0, 3.6065675333091303)	(61.0, 3.506271520987881)	(62.0, 3.0651400575669)	(63.0, 2.6518007932485896)	(64.0, 2.4143590137548463)	(65.0, 2.030998895994231)	(66.0, 1.6196049617067358)	(67.0, 1.338814538182368)	(68.0, 1.143860253438092)	(69.0, 0.9861336379777985)	(70.0, 0.8301664929912361)	(71.0, 0.688566291767289)	(72.0, 0.5667291567799708)	(73.0, 0.4571091900116596)	(74.0, 0.39184150888222824)	(75.0, 0.35214190748902496)	(76.0, 0.3307804490614712)	(77.0, 0.3085764273084686)	(78.0, 0.24992534641123781)	(79.0, 0.1766161417786264)	(80.0, 0.12352845695678517)	(81.0, 0.10077924716966871)	(82.0, 0.08452892656193274)	(83.0, 0.07298704806699866)	(84.0, 0.06300638985157256)	(85.0, 0.056321641115107776)	(86.0, 0.052647817203408415)	(87.0, 0.04947581409583663)	(88.0, 0.045907310599818354)	(89.0, 0.04200425990104837)	(90.0, 0.03763036499099821)	(91.0, 0.0312120149530209)	(92.0, 0.0262743460531484)	(93.0, 0.022160654523016226)	(94.0, 0.019193096928237147)	(95.0, 0.018554979115581103)	(96.0, 0.018474439974177914)	(97.0, 0.019601987953822574)	(98.0, 0.02196240432879299)	(99.0, 0.02483703214502993)	(100.0, 0.10827558263873487)
SRR20277638_1	(0.0, 3.725222138018486)	(1.0, 1.8627982928088427)	(2.0, 0.0003925660314183278)	(3.0, 0.0003563291669797129)	(4.0, 0.0003925660314183278)	(5.0, 0.000483158192514865)	(6.0, 0.0004529608054826859)	(7.0, 0.0003623686443861487)	(8.0, 0.0003502896895732771)	(9.0, 0.00044088185066981433)	(10.0, 0.0004891976699213008)	(11.0, 0.0005435529665792231)	(12.0, 0.0007005793791465542)	(13.0, 0.0010387901139069598)	(14.0, 0.0013528429390416217)	(15.0, 0.0016366983771441052)	(16.0, 0.00237955409813571)	(17.0, 0.0034726995087005917)	(18.0, 0.005139595272876876)	(19.0, 0.00744063616472892)	(20.0, 0.011354217524099326)	(21.0, 0.016777668235078685)	(22.0, 0.024393449244594245)	(23.0, 0.03589261422644803)	(24.0, 0.05252533500377226)	(25.0, 0.07520961214234516)	(26.0, 0.10618609175995444)	(27.0, 0.14608891898427587)	(28.0, 0.19769021394486344)	(29.0, 0.26138254267313554)	(30.0, 0.3374859974716332)	(31.0, 0.4249255513620109)	(32.0, 0.5173959899319496)	(33.0, 0.6125539959477523)	(34.0, 0.7152553092441932)	(35.0, 0.8292081689488241)	(36.0, 0.9636952518353368)	(37.0, 1.100241796517444)	(38.0, 1.209646929735029)	(39.0, 1.3071482529845286)	(40.0, 1.4242356014630997)	(41.0, 1.5750775891662405)	(42.0, 1.7054215905519383)	(43.0, 1.8071022321666914)	(44.0, 1.9161329177850774)	(45.0, 2.045746142404596)	(46.0, 2.23637016778393)	(47.0, 2.5159617348374694)	(48.0, 2.8878063192743157)	(49.0, 3.2746469261113424)	(50.0, 3.6199298889146845)	(51.0, 3.902215062891494)	(52.0, 4.319452359515112)	(53.0, 4.299214070726146)	(54.0, 3.7408039897270906)	(55.0, 3.7807611722480696)	(56.0, 3.7922603372299237)	(57.0, 3.3918369457058226)	(58.0, 3.2270920810130663)	(59.0, 3.1884877414311292)	(60.0, 3.340767124757001)	(61.0, 3.4166591978462737)	(62.0, 3.237383350513633)	(63.0, 2.7492244707062397)	(64.0, 2.1157738829322192)	(65.0, 1.7728161189303555)	(66.0, 1.5676913082981696)	(67.0, 1.38699014429761)	(68.0, 1.171096945449749)	(69.0, 0.9370430380407355)	(70.0, 0.7695804085150834)	(71.0, 0.6368447740764371)	(72.0, 0.519050806741313)	(73.0, 0.4286700273540011)	(74.0, 0.3684020823151781)	(75.0, 0.3179966038810648)	(76.0, 0.2822610160671841)	(77.0, 0.2639312021386514)	(78.0, 0.23688642231263188)	(79.0, 0.20020263654594073)	(80.0, 0.1755917661147148)	(81.0, 0.16086148072041784)	(82.0, 0.13920391474093904)	(83.0, 0.11103579211732241)	(84.0, 0.0892815944993406)	(85.0, 0.08269856412632558)	(86.0, 0.07984793079048787)	(87.0, 0.06760591008764248)	(88.0, 0.05069537334962221)	(89.0, 0.03638181189636933)	(90.0, 0.025269173468527435)	(91.0, 0.0167293524158272)	(92.0, 0.011281743795222097)	(93.0, 0.0072715307973487174)	(94.0, 0.0041430815008149675)	(95.0, 0.0029110281099020614)	(96.0, 0.0022708435048198654)	(97.0, 0.0017031326286148988)	(98.0, 0.0016910536738020273)	(99.0, 0.0019628301570916392)	(100.0, 0.0012320533909129057)
SRR20277638_2	(0.0, 3.6083717280182235)	(1.0, 1.805149988336521)	(2.0, 0.002073776855182887)	(3.0, 0.0019161213047888663)	(4.0, 0.0015037914037583505)	(5.0, 0.0013218811533037115)	(6.0, 0.0014370909785916496)	(7.0, 0.0017584657543948455)	(8.0, 0.0020616495051525774)	(9.0, 0.0026983353817438146)	(10.0, 0.003213747758031959)	(11.0, 0.004226381485562784)	(12.0, 0.0054997532387452575)	(13.0, 0.006554832691382166)	(14.0, 0.007573530093928145)	(15.0, 0.008998493722489486)	(16.0, 0.010878232977187425)	(17.0, 0.012521488906294332)	(18.0, 0.015043977712598662)	(19.0, 0.01839718999597918)	(20.0, 0.02211422278026897)	(21.0, 0.02790503241974165)	(22.0, 0.03631534966576114)	(23.0, 0.04840631764597949)	(24.0, 0.06543311708853372)	(25.0, 0.08948165219863702)	(26.0, 0.11964843539903135)	(27.0, 0.16040239517588567)	(28.0, 0.21700680144235424)	(29.0, 0.2813242023280995)	(30.0, 0.3524874923059544)	(31.0, 0.4361965258901642)	(32.0, 0.5305230544259097)	(33.0, 0.6257894525890043)	(34.0, 0.7271195257672535)	(35.0, 0.8397098434486449)	(36.0, 0.9552592345374317)	(37.0, 1.0764114613402214)	(38.0, 1.187370650442536)	(39.0, 1.296377336189971)	(40.0, 1.4113688691773636)	(41.0, 1.5405554653752331)	(42.0, 1.6750962866114845)	(43.0, 1.7796461712227807)	(44.0, 1.8747912958855721)	(45.0, 2.0314281488770467)	(46.0, 2.5053467970364878)	(47.0, 3.1282256856182182)	(48.0, 3.2161368459879296)	(49.0, 3.1386733976693297)	(50.0, 3.2692910211707753)	(51.0, 3.4565009235886603)	(52.0, 3.614041264157393)	(53.0, 3.6074015400157986)	(54.0, 3.5723534984282046)	(55.0, 3.572365625778235)	(56.0, 3.5986516569689297)	(57.0, 3.5705647142987336)	(58.0, 3.567751169091702)	(59.0, 3.5990579231949456)	(60.0, 3.624379830058231)	(61.0, 3.5147364584342053)	(62.0, 3.071803189602204)	(63.0, 2.654458629334156)	(64.0, 2.414143061133547)	(65.0, 2.038001172593474)	(66.0, 1.6180674230939551)	(67.0, 1.3330928884067323)	(68.0, 1.1330279949567201)	(69.0, 0.9718676404039401)	(70.0, 0.8211913799523626)	(71.0, 0.6776156829435309)	(72.0, 0.5513760328030266)	(73.0, 0.44435823246056233)	(74.0, 0.3829756502821519)	(75.0, 0.34545969296339013)	(76.0, 0.31959811902375557)	(77.0, 0.29678050994172867)	(78.0, 0.24295326683220095)	(79.0, 0.17135339225325497)	(80.0, 0.12083691570200167)	(81.0, 0.09939576084841487)	(82.0, 0.08426082801058887)	(83.0, 0.07195156772982496)	(84.0, 0.061443218928561964)	(85.0, 0.054754985386846394)	(86.0, 0.05094093380231413)	(87.0, 0.04897630309740402)	(88.0, 0.04624764934058444)	(89.0, 0.04231232425574908)	(90.0, 0.037382556468428356)	(91.0, 0.03051241267625815)	(92.0, 0.025267333788149385)	(93.0, 0.021750402279359694)	(94.0, 0.019136958347828043)	(95.0, 0.018197088720479076)	(96.0, 0.01817889769543361)	(97.0, 0.01871856477178237)	(98.0, 0.020683195476692475)	(99.0, 0.02416374493539124)	(100.0, 0.1119172497547092)
SRR20277639_1	(0.0, 3.642917092673696)	(1.0, 1.8216599777204683)	(2.0, 0.0003784468419526636)	(3.0, 0.0002868871221254063)	(4.0, 0.000354030916665395)	(5.0, 0.00042727869252720085)	(6.0, 0.00029909508476904056)	(7.0, 0.00030519906609085775)	(8.0, 0.00039065480459629794)	(9.0, 0.00045779859913628663)	(10.0, 0.0004944224870671896)	(11.0, 0.0006287100761471669)	(12.0, 0.0007752056278707786)	(13.0, 0.0008972852543071219)	(14.0, 0.0011719644137888937)	(15.0, 0.001452747554592483)	(16.0, 0.0021363934626360045)	(17.0, 0.0033938136149303387)	(18.0, 0.004925912926706444)	(19.0, 0.007617768689627809)	(20.0, 0.01152431673559079)	(21.0, 0.016529581419480854)	(22.0, 0.024544108895026784)	(23.0, 0.03589141017228487)	(24.0, 0.05229891196532938)	(25.0, 0.0755367688574873)	(26.0, 0.10723474386168379)	(27.0, 0.14712426179975888)	(28.0, 0.19671300605820147)	(29.0, 0.2581434740809693)	(30.0, 0.33643924249591795)	(31.0, 0.42696128549846635)	(32.0, 0.5175199523889457)	(33.0, 0.6144328638354367)	(34.0, 0.7194335505333354)	(35.0, 0.834316582991256)	(36.0, 0.9702949748973767)	(37.0, 1.103288519937129)	(38.0, 1.2110604141551327)	(39.0, 1.316341883993835)	(40.0, 1.4305290625810685)	(41.0, 1.5701820512429232)	(42.0, 1.70742396728266)	(43.0, 1.8177595336558268)	(44.0, 1.9265263768292868)	(45.0, 2.0575300239581265)	(46.0, 2.2505318093726636)	(47.0, 2.524447971189208)	(48.0, 2.900886603286994)	(49.0, 3.30557446094215)	(50.0, 3.6458714196334556)	(51.0, 3.922125406296257)	(52.0, 4.347377577024615)	(53.0, 4.296952587325083)	(54.0, 3.7282385435900567)	(55.0, 3.7855793441272074)	(56.0, 3.7785841815324046)	(57.0, 3.3825517693915854)	(58.0, 3.230373411057362)	(59.0, 3.1878042453190094)	(60.0, 3.348729608887397)	(61.0, 3.4179670690207686)	(62.0, 3.229018327203919)	(63.0, 2.7376905586668903)	(64.0, 2.100679067922052)	(65.0, 1.7624269429735544)	(66.0, 1.5558804230059056)	(67.0, 1.3795608185438952)	(68.0, 1.1700599716164868)	(69.0, 0.9347942195296882)	(70.0, 0.7663121270848912)	(71.0, 0.6359371900321985)	(72.0, 0.5217133875570341)	(73.0, 0.43121576047977295)	(74.0, 0.36861332804321617)	(75.0, 0.31604584089972687)	(76.0, 0.28089301246738185)	(77.0, 0.26673787978208785)	(78.0, 0.24005737742442507)	(79.0, 0.19939875783980102)	(80.0, 0.17484854496345242)	(81.0, 0.16136485022355831)	(82.0, 0.14150859898368712)	(83.0, 0.11392470739039538)	(84.0, 0.09150478399536097)	(85.0, 0.08576704155285285)	(86.0, 0.0829042743129206)	(87.0, 0.06771756878423951)	(88.0, 0.04767209412339198)	(89.0, 0.03373670476568342)	(90.0, 0.023829943080374175)	(91.0, 0.015809311623506433)	(92.0, 0.011084830080419954)	(93.0, 0.007123346202560619)	(94.0, 0.003900444064641162)	(95.0, 0.002728479650852268)	(96.0, 0.0018434023591887808)	(97.0, 0.0012391082083288826)	(98.0, 0.0014832674612015686)	(99.0, 0.001770154583326975)	(100.0, 0.0010559887686743678)
SRR20277639_2	(0.0, 3.5079541769203484)	(1.0, 1.7544489682257)	(2.0, 0.0009131179878360427)	(3.0, 0.0008273216668313138)	(4.0, 0.0008273216668313138)	(5.0, 0.0009131179878360427)	(6.0, 0.001348227901502882)	(7.0, 0.0017526962719537466)	(8.0, 0.0020223418522543227)	(9.0, 0.0027270973462217383)	(10.0, 0.00372601165506251)	(11.0, 0.004541076704607434)	(12.0, 0.005484836235659451)	(13.0, 0.00704142663103096)	(14.0, 0.00804034093987173)	(15.0, 0.009413082075947392)	(16.0, 0.01139252576769935)	(17.0, 0.013267788212516996)	(18.0, 0.01577426644758372)	(19.0, 0.01866682812717172)	(20.0, 0.02286471954776024)	(21.0, 0.029103337746532662)	(22.0, 0.03765232830378957)	(23.0, 0.05029502903470069)	(24.0, 0.06778522190237898)	(25.0, 0.09025160138833155)	(26.0, 0.12100958246852685)	(27.0, 0.16287205881019132)	(28.0, 0.21857838437683313)	(29.0, 0.28354458430334245)	(30.0, 0.3565204836265075)	(31.0, 0.439601963902301)	(32.0, 0.5324519681553472)	(33.0, 0.6304803932118931)	(34.0, 0.732467705651943)	(35.0, 0.8441316174395976)	(36.0, 0.9628308275496399)	(37.0, 1.079256435153057)	(38.0, 1.1907426259900589)	(39.0, 1.3053603825437334)	(40.0, 1.4138559587628563)	(41.0, 1.5417047336771885)	(42.0, 1.6861428400886496)	(43.0, 1.7938172229495846)	(44.0, 1.8884015385486546)	(45.0, 2.046426105222079)	(46.0, 2.5268671179226305)	(47.0, 3.1441532626257254)	(48.0, 3.225629126037002)	(49.0, 3.16432152637048)	(50.0, 3.3017243344595526)	(51.0, 3.487289520175495)	(52.0, 3.6385974605759777)	(53.0, 3.615328272657767)	(54.0, 3.5624899955361404)	(55.0, 3.561748470190313)	(56.0, 3.5898712785539346)	(57.0, 3.564279461659953)	(58.0, 3.5662098788825594)	(59.0, 3.5887988245413753)	(60.0, 3.606448353433777)	(61.0, 3.505662189487793)	(62.0, 3.0663176145485065)	(63.0, 2.653594412355259)	(64.0, 2.4067216269727942)	(65.0, 2.0169857105001703)	(66.0, 1.6019521359484379)	(67.0, 1.3185362461266024)	(68.0, 1.1309242053238333)	(69.0, 0.9747136180087947)	(70.0, 0.8198083604347569)	(71.0, 0.682289114481463)	(72.0, 0.556340115246521)	(73.0, 0.4450622869033877)	(74.0, 0.384422672878974)	(75.0, 0.3486885051805044)	(76.0, 0.32588506871917616)	(77.0, 0.30293455285041115)	(78.0, 0.24386378583865537)	(79.0, 0.1691780884040389)	(80.0, 0.1177002958012016)	(81.0, 0.09741559419222641)	(82.0, 0.08342466555981241)	(83.0, 0.06997915639664276)	(84.0, 0.05961005817235696)	(85.0, 0.054744181109660194)	(86.0, 0.05242768044253252)	(87.0, 0.049676069861738004)	(88.0, 0.0448530909595436)	(89.0, 0.04047747858830243)	(90.0, 0.0360467114392725)	(91.0, 0.03045156564803555)	(92.0, 0.0254386091779021)	(93.0, 0.021105894967163297)	(94.0, 0.018476850559232677)	(95.0, 0.017962072633204304)	(96.0, 0.017962072633204304)	(97.0, 0.018820035843251592)	(98.0, 0.020554347189275755)	(99.0, 0.023471422103436536)	(100.0, 0.10253273190929417)
SRR20277640_1	(0.0, 0.13449612022153315)	(1.0, 0.06907553651021421)	(2.0, 0.0027079412193495864)	(3.0, 0.0015408134348284036)	(4.0, 0.0015612893608726347)	(5.0, 0.0014793856566957097)	(6.0, 0.0010903430618553155)	(7.0, 0.0008497509308355979)	(8.0, 0.0007832041711918464)	(9.0, 0.0011568898214990673)	(10.0, 0.001586884268427924)	(11.0, 0.0019861648262904335)	(12.0, 0.0026618703857500658)	(13.0, 0.003946734745025579)	(14.0, 0.005973851423404474)	(15.0, 0.008528223197422326)	(16.0, 0.013038045908664265)	(17.0, 0.02090592049116013)	(18.0, 0.033396235378141216)	(19.0, 0.05125124288871089)	(20.0, 0.07673865183226776)	(21.0, 0.11703527428731492)	(22.0, 0.17565785055194905)	(23.0, 0.2560924070352006)	(24.0, 0.36317638126501905)	(25.0, 0.5048083617129668)	(26.0, 0.6826264224625822)	(27.0, 0.8892080403228317)	(28.0, 1.124128339828297)	(29.0, 1.3747895074802654)	(30.0, 1.6402291747546576)	(31.0, 1.9187785536788686)	(32.0, 2.1808294551929404)	(33.0, 2.413282405610076)	(34.0, 2.6189630827243793)	(35.0, 2.814871624134073)	(36.0, 3.008061986361395)	(37.0, 3.160622992335451)	(38.0, 3.2602486105036586)	(39.0, 3.3139262506286107)	(40.0, 3.336224534090779)	(41.0, 3.3535727624317535)	(42.0, 3.3502966142646766)	(43.0, 3.2779756434764518)	(44.0, 3.1812371308804814)	(45.0, 3.118432346721313)	(46.0, 3.067186222814113)	(47.0, 3.020439683655133)	(48.0, 2.974143614869126)	(49.0, 2.92828777849307)	(50.0, 2.8869008129761675)	(51.0, 2.8384547719555164)	(52.0, 2.778818637351693)	(53.0, 2.6025976988335273)	(54.0, 2.3551205376814375)	(55.0, 2.213432248436868)	(56.0, 2.0977893371205605)	(57.0, 1.9546370191638285)	(58.0, 1.813537412793031)	(59.0, 1.7008891056606925)	(60.0, 1.6741629031914598)	(61.0, 1.6257782899489412)	(62.0, 1.5191857379441842)	(63.0, 1.2841630588084976)	(64.0, 0.9790410468603853)	(65.0, 0.8005063286992218)	(66.0, 0.7178706101662153)	(67.0, 0.6649966501384992)	(68.0, 0.5486626763181992)	(69.0, 0.4205089741888666)	(70.0, 0.35055297285875053)	(71.0, 0.30011052904878677)	(72.0, 0.2554013445312078)	(73.0, 0.2178484961660876)	(74.0, 0.1872932955265835)	(75.0, 0.1609663736152131)	(76.0, 0.14002973923498663)	(77.0, 0.12442708358928242)	(78.0, 0.10781086960438874)	(79.0, 0.09307332183405327)	(80.0, 0.0868435213350959)	(81.0, 0.09067763848687821)	(82.0, 0.0911281088598513)	(83.0, 0.07953361573730534)	(84.0, 0.06486773370812468)	(85.0, 0.05672343412403169)	(86.0, 0.05242348965474313)	(87.0, 0.045087989149397274)	(88.0, 0.03495240575750279)	(89.0, 0.02680298719189874)	(90.0, 0.019902600114992803)	(91.0, 0.014701714899758057)	(92.0, 0.013155782483418595)	(93.0, 0.010754980154732478)	(94.0, 0.006951576892016518)	(95.0, 0.004688987064128962)	(96.0, 0.00424875465417799)	(97.0, 0.00525719401185638)	(98.0, 0.006977171799571808)	(99.0, 0.006787769483662669)	(100.0, 0.0030765078881457492)
SRR20277640_2	(0.0, 0.14393864354115285)	(1.0, 0.07391042431477288)	(2.0, 0.0041024357200563424)	(3.0, 0.004394369348075333)	(4.0, 0.0042099902145896545)	(5.0, 0.004655573120513378)	(6.0, 0.006064024834640086)	(7.0, 0.005541617289763998)	(8.0, 0.0041587737886214105)	(9.0, 0.0045941134093514845)	(10.0, 0.005603077000925891)	(11.0, 0.006955190646487531)	(12.0, 0.00887580662029668)	(13.0, 0.011247127142626377)	(14.0, 0.014053787285686145)	(15.0, 0.017792586381367954)	(16.0, 0.02346736637864939)	(17.0, 0.03158004825201923)	(18.0, 0.044517317451597656)	(19.0, 0.0625813508905973)	(20.0, 0.08907048640137309)	(21.0, 0.13042775037073012)	(22.0, 0.19156479804902293)	(23.0, 0.27371594530208626)	(24.0, 0.3833447050871125)	(25.0, 0.5285535159922778)	(26.0, 0.7121746463736262)	(27.0, 0.9250813291236162)	(28.0, 1.163201858377773)	(29.0, 1.4111508197752356)	(30.0, 1.6640575312064243)	(31.0, 1.925655670124424)	(32.0, 2.1718991245371444)	(33.0, 2.391146400822003)	(34.0, 2.580175985785598)	(35.0, 2.7518329590607644)	(36.0, 2.9065321736978458)	(37.0, 3.0277921838202597)	(38.0, 3.12012515655581)	(39.0, 3.1852673287448194)	(40.0, 3.2146706788931882)	(41.0, 3.2165759299392067)	(42.0, 3.1969241872951923)	(43.0, 3.1572160922420123)	(44.0, 3.096816561097662)	(45.0, 3.034322278131211)	(46.0, 3.0311673462915674)	(47.0, 3.0445706849674568)	(48.0, 2.977702519223317)	(49.0, 2.8699841321269064)	(50.0, 2.772037839105237)	(51.0, 2.679802177579026)	(52.0, 2.567069702380324)	(53.0, 2.4764422366295165)	(54.0, 2.389394799053889)	(55.0, 2.2753409400652065)	(56.0, 2.1641654442159397)	(57.0, 2.0547261852069956)	(58.0, 1.9537017849846345)	(59.0, 1.8493483170743377)	(60.0, 1.7671254668249186)	(61.0, 1.6869256654012454)	(62.0, 1.5327181284534597)	(63.0, 1.3671456665833204)	(64.0, 1.2097627112255034)	(65.0, 0.9901774065292545)	(66.0, 0.7877956993157383)	(67.0, 0.6501771627390667)	(68.0, 0.5507097418661402)	(69.0, 0.4696187746306195)	(70.0, 0.39838184775138885)	(71.0, 0.3385508189352863)	(72.0, 0.28800020650462954)	(73.0, 0.2473548508562311)	(74.0, 0.21963652112221743)	(75.0, 0.1976441878114535)	(76.0, 0.17699884650365436)	(77.0, 0.1553701498172649)	(78.0, 0.12705258789942284)	(79.0, 0.0963995569574288)	(80.0, 0.07585152685896931)	(81.0, 0.06550580881338404)	(82.0, 0.05870938908739806)	(83.0, 0.053193380010618185)	(84.0, 0.04574139003223869)	(85.0, 0.04047634144270321)	(86.0, 0.03676827220260235)	(87.0, 0.03302435146432371)	(88.0, 0.029777230057937046)	(89.0, 0.026847650492553488)	(90.0, 0.024163909771817507)	(91.0, 0.021700399682744974)	(92.0, 0.019697837427386632)	(93.0, 0.018012817013031406)	(94.0, 0.016932150425101457)	(95.0, 0.016973123565876054)	(96.0, 0.01838157528000276)	(97.0, 0.022601808779786063)	(98.0, 0.02686301542034396)	(99.0, 0.025198481576376032)	(100.0, 0.029039713523994336)
SRR20277641_1	(0.0, 0.12659267498405932)	(1.0, 0.06513589539703749)	(2.0, 0.0027101092516030713)	(3.0, 0.001450918910992084)	(4.0, 0.0015079192967810586)	(5.0, 0.0013939185252031092)	(6.0, 0.0009379154388913113)	(7.0, 0.0008498239335810777)	(8.0, 0.0008860969063558798)	(9.0, 0.0011037347430046924)	(10.0, 0.0013369181394141344)	(11.0, 0.0020053772091212017)	(12.0, 0.0028603829959558224)	(13.0, 0.0037879347283400477)	(14.0, 0.005420218503206143)	(15.0, 0.008342783738204481)	(16.0, 0.012980542400125607)	(17.0, 0.02020404583556477)	(18.0, 0.03236067356837701)	(19.0, 0.05044534142324263)	(20.0, 0.07611106058804189)	(21.0, 0.11635851480831158)	(22.0, 0.17702765270079487)	(23.0, 0.25629964377349806)	(24.0, 0.36158453817898795)	(25.0, 0.502551674088376)	(26.0, 0.6816520680905882)	(27.0, 0.887977919086916)	(28.0, 1.1211354062300904)	(29.0, 1.3747093951922247)	(30.0, 1.6391704578400532)	(31.0, 1.9124147617526375)	(32.0, 2.1708700564796097)	(33.0, 2.4077584779653347)	(34.0, 2.6182712663905257)	(35.0, 2.8166792456154397)	(36.0, 3.0068221689009524)	(37.0, 3.1562512711733763)	(38.0, 3.256209220434224)	(39.0, 3.3145206150963444)	(40.0, 3.343440538104369)	(41.0, 3.3505293133552163)	(42.0, 3.34585528172052)	(43.0, 3.284657594796175)	(44.0, 3.1846996455353285)	(45.0, 3.1188175632697805)	(46.0, 3.078564927196257)	(47.0, 3.028161040599043)	(48.0, 2.976301053237583)	(49.0, 2.93729206194491)	(50.0, 2.90206064167407)	(51.0, 2.854615593284629)	(52.0, 2.7848419392256707)	(53.0, 2.6084723818880757)	(54.0, 2.3599973365274276)	(55.0, 2.2169678230231296)	(56.0, 2.105003519773822)	(57.0, 1.956543424059811)	(58.0, 1.8154571055255915)	(59.0, 1.7056225439634907)	(60.0, 1.686698415881551)	(61.0, 1.6335377833534517)	(62.0, 1.5152049824555405)	(63.0, 1.2821666779371976)	(64.0, 0.9755460572185417)	(65.0, 0.7987153149413815)	(66.0, 0.718199679087828)	(67.0, 0.6646141345929382)	(68.0, 0.5512818220846958)	(69.0, 0.4224661320548665)	(70.0, 0.3457436127829065)	(71.0, 0.29529827135966386)	(72.0, 0.25164633955181637)	(73.0, 0.21159579575518125)	(74.0, 0.18205923220998527)	(75.0, 0.15741951998938755)	(76.0, 0.13641746875277716)	(77.0, 0.12103772829626107)	(78.0, 0.10509834768836229)	(79.0, 0.09077570529556903)	(80.0, 0.08498239335810778)	(81.0, 0.08883769217874388)	(82.0, 0.08967197055256433)	(83.0, 0.07865016868227805)	(84.0, 0.06372124945882021)	(85.0, 0.05518155529698108)	(86.0, 0.05140398427514812)	(87.0, 0.04446548276865383)	(88.0, 0.03340222607233919)	(89.0, 0.02470707631289377)	(90.0, 0.018405942756585292)	(91.0, 0.013794093360931884)	(92.0, 0.012099627347023271)	(93.0, 0.009643428904843815)	(94.0, 0.006529135099464377)	(95.0, 0.004471939357807745)	(96.0, 0.003269749402985732)	(97.0, 0.0038604806738896514)	(98.0, 0.005358036264163624)	(99.0, 0.005062670628711664)	(100.0, 0.002368106936869223)
SRR20277641_2	(0.0, 0.13296337084125925)	(1.0, 0.06804211799327542)	(2.0, 0.0030897601770660684)	(3.0, 0.0028668412381166707)	(4.0, 0.0026853955901346032)	(5.0, 0.0035615188618194444)	(6.0, 0.00540708030986562)	(7.0, 0.005298212921076379)	(8.0, 0.004313222260602297)	(9.0, 0.0047849809453556725)	(10.0, 0.005645551732927767)	(11.0, 0.006905302946060408)	(12.0, 0.008724943587252003)	(13.0, 0.010586057519410925)	(14.0, 0.01359805527591325)	(15.0, 0.017496544626842248)	(16.0, 0.022805125870660463)	(17.0, 0.03066949867034037)	(18.0, 0.04332403657674687)	(19.0, 0.06207514825535084)	(20.0, 0.08929717961403193)	(21.0, 0.12907006565170118)	(22.0, 0.18871902638546323)	(23.0, 0.27240694339616384)	(24.0, 0.383161366924418)	(25.0, 0.5279860989823336)	(26.0, 0.7102715811064897)	(27.0, 0.9216557610055987)	(28.0, 1.1580120462284111)	(29.0, 1.4147317173161824)	(30.0, 1.6710314713329093)	(31.0, 1.9241844393974905)	(32.0, 2.175134138879432)	(33.0, 2.400572580255095)	(34.0, 2.593749985419546)	(35.0, 2.7647754690460724)	(36.0, 2.908159004242873)	(37.0, 3.0279027635882962)	(38.0, 3.1194032117849675)	(39.0, 3.1821367485344245)	(40.0, 3.2021268747806775)	(41.0, 3.1999806319731183)	(42.0, 3.191457870679332)	(43.0, 3.155443501635577)	(44.0, 3.094042294358445)	(45.0, 3.0377060127406983)	(46.0, 3.037073545053447)	(47.0, 3.050303524872025)	(48.0, 2.9856155592857325)	(49.0, 2.874980371469009)	(50.0, 2.7758436535729785)	(51.0, 2.691409217324866)	(52.0, 2.5776324277173677)	(53.0, 2.4854787751879606)	(54.0, 2.4044969904128783)	(55.0, 2.2821093087682884)	(56.0, 2.16771041979628)	(57.0, 2.062191999252651)	(58.0, 1.961344508104218)	(59.0, 1.8546129937997948)	(60.0, 1.7741340726776915)	(61.0, 1.6871075557441206)	(62.0, 1.5270621259011952)	(63.0, 1.3710499736048425)	(64.0, 1.2137677017726152)	(65.0, 0.984384113593685)	(66.0, 0.7805169676824046)	(67.0, 0.6488029797315361)	(68.0, 0.5481110134242304)	(69.0, 0.46411204673127476)	(70.0, 0.3947427834270449)	(71.0, 0.3346272481699003)	(72.0, 0.28662191387521607)	(73.0, 0.2474400222338313)	(74.0, 0.2170867574071168)	(75.0, 0.1932759042304986)	(76.0, 0.17193789602780743)	(77.0, 0.15242471262767876)	(78.0, 0.12396885086271962)	(79.0, 0.09263577953690197)	(80.0, 0.07299817626387133)	(81.0, 0.06262985352203888)	(82.0, 0.05650735894298682)	(83.0, 0.05045744262312759)	(84.0, 0.04298706608763732)	(85.0, 0.038160611851314315)	(86.0, 0.03501382589916817)	(87.0, 0.03241137689096822)	(88.0, 0.029083145290840003)	(89.0, 0.02543349568571499)	(90.0, 0.02221931563574693)	(91.0, 0.01967907656399798)	(92.0, 0.018657796773927482)	(93.0, 0.01708699587853987)	(94.0, 0.01598795366790563)	(95.0, 0.01622124092959686)	(96.0, 0.017491360465471333)	(97.0, 0.022608127738565645)	(98.0, 0.028595834121973883)	(99.0, 0.025682335431518964)	(100.0, 0.02751234439545239)
SRR20277642_1	(0.0, 0.12260904395757345)	(1.0, 0.0630702460169642)	(2.0, 0.0027573627530278755)	(3.0, 0.0016240613646274274)	(4.0, 0.0014874580722755877)	(5.0, 0.0014115673543023434)	(6.0, 0.0008499760413003359)	(7.0, 0.000799382229318173)	(8.0, 0.0010068168584450405)	(9.0, 0.0011282420072022317)	(10.0, 0.0014672205474827226)	(11.0, 0.002013633716890081)	(12.0, 0.002863609758190417)	(13.0, 0.0038350109482479444)	(14.0, 0.005580497461632562)	(15.0, 0.008489641650606925)	(16.0, 0.012663631139135361)	(17.0, 0.020323534273234817)	(18.0, 0.03281514645163082)	(19.0, 0.051271769062723835)	(20.0, 0.07780822344736825)	(21.0, 0.11762049409613218)	(22.0, 0.17558076510289794)	(23.0, 0.2552002470192276)	(24.0, 0.3625147816145933)	(25.0, 0.5047896402896334)	(26.0, 0.6808662247499565)	(27.0, 0.8873699277363524)	(28.0, 1.1233698231083493)	(29.0, 1.3788736329994697)	(30.0, 1.6466565610586614)	(31.0, 1.9145963299349977)	(32.0, 2.1749925614447934)	(33.0, 2.411073406915962)	(34.0, 2.6206886293392606)	(35.0, 2.821804091349556)	(36.0, 3.011657370812622)	(37.0, 3.160706740912074)	(38.0, 3.2634678324290447)	(39.0, 3.324767295026634)	(40.0, 3.3441700219217925)	(41.0, 3.3499933696809396)	(42.0, 3.3485818023266374)	(43.0, 3.2882031471071245)	(44.0, 3.1924088235000974)	(45.0, 3.1231307167529216)	(46.0, 3.0769335070320083)	(47.0, 3.0323451805321286)	(48.0, 2.982904907463159)	(49.0, 2.937921949229818)	(50.0, 2.895903788378632)	(51.0, 2.8480875766742897)	(52.0, 2.786504788729601)	(53.0, 2.609001458771381)	(54.0, 2.3602974572106628)	(55.0, 2.220506754703947)	(56.0, 2.101130655332034)	(57.0, 1.956574015736598)	(58.0, 1.8177698925635342)	(59.0, 1.706089111994108)	(60.0, 1.6850370268283301)	(61.0, 1.6354955661353963)	(62.0, 1.5219326957602335)	(63.0, 1.2848703303366114)	(64.0, 0.9773712598714219)	(65.0, 0.7939282163864959)	(66.0, 0.71154631233594)	(67.0, 0.6597888426781875)	(68.0, 0.5443843575468741)	(69.0, 0.4134728690430276)	(70.0, 0.3388520557505357)	(71.0, 0.2886882911702212)	(72.0, 0.24537998811348982)	(73.0, 0.20829472393056447)	(74.0, 0.18046306795917666)	(75.0, 0.15589471286063838)	(76.0, 0.13364355435088315)	(77.0, 0.1175901378089429)	(78.0, 0.10259413193742983)	(79.0, 0.0899102632735016)	(80.0, 0.08455743796578877)	(81.0, 0.08749693844195243)	(82.0, 0.08794216398739546)	(83.0, 0.07639665609306591)	(84.0, 0.06040901150670244)	(85.0, 0.05131730349350777)	(86.0, 0.047654311505999185)	(87.0, 0.04138573820140921)	(88.0, 0.031646429394842863)	(89.0, 0.02427997037023995)	(90.0, 0.018800660532571716)	(91.0, 0.013928476438689432)	(92.0, 0.011813655097835024)	(93.0, 0.009410449028682289)	(94.0, 0.006121851249841705)	(95.0, 0.004168930107330219)	(96.0, 0.003678170131103239)	(97.0, 0.004315652162078491)	(98.0, 0.005904297858318404)	(99.0, 0.0059650104326969995)	(100.0, 0.00273712522823501)
SRR20277642_2	(0.0, 0.12734068134202273)	(1.0, 0.06572128221016348)	(2.0, 0.0037423353023047314)	(3.0, 0.0034536842708685076)	(4.0, 0.003180225398981558)	(5.0, 0.003727143142755457)	(6.0, 0.005312191789063144)	(7.0, 0.004780466204838521)	(8.0, 0.0037929758341356482)	(9.0, 0.004304445205627905)	(10.0, 0.004734889726190695)	(11.0, 0.00566667551187956)	(12.0, 0.007160571200891598)	(13.0, 0.0089785662936215)	(14.0, 0.011571361523364427)	(15.0, 0.015141519017444042)	(16.0, 0.02025621273236661)	(17.0, 0.028449850782608907)	(18.0, 0.040547873837014865)	(19.0, 0.058084690010061266)	(20.0, 0.08495962025272866)	(21.0, 0.12580627322754592)	(22.0, 0.18487845360831007)	(23.0, 0.26739213617360547)	(24.0, 0.3773985634699054)	(25.0, 0.5223418936763548)	(26.0, 0.7050833168414001)	(27.0, 0.9176773335207709)	(28.0, 1.1563157757207818)	(29.0, 1.4120352693073612)	(30.0, 1.6690866088810934)	(31.0, 1.9257075039342628)	(32.0, 2.1762160867954408)	(33.0, 2.39763674817294)	(34.0, 2.584763641394543)	(35.0, 2.754890508080507)	(36.0, 2.9146461938474992)	(37.0, 3.039951125809919)	(38.0, 3.127792192323827)	(39.0, 3.1936046274912866)	(40.0, 3.2213708310941778)	(41.0, 3.2106806148246716)	(42.0, 3.1849653527609316)	(43.0, 3.149005511107798)	(44.0, 3.098982793765219)	(45.0, 3.049760196825568)	(46.0, 3.04797765010512)	(47.0, 3.0592299762779493)	(48.0, 2.9891333521175945)	(49.0, 2.883016117665909)	(50.0, 2.786652249644858)	(51.0, 2.6865663025342346)	(52.0, 2.5766814125143287)	(53.0, 2.4950083627774267)	(54.0, 2.4058810267550133)	(55.0, 2.2866630867186695)	(56.0, 2.1726459293013614)	(57.0, 2.062087520208104)	(58.0, 1.9588821163366965)	(59.0, 1.8543600586376847)	(60.0, 1.7761761415439326)	(61.0, 1.6928116980438779)	(62.0, 1.5365856573455003)	(63.0, 1.379645585148307)	(64.0, 1.21830991478819)	(65.0, 0.9853837245787062)	(66.0, 0.7829330064250681)	(67.0, 0.6473581746073384)	(68.0, 0.5445427028310286)	(69.0, 0.46143652604331137)	(70.0, 0.3903118990867892)	(71.0, 0.3293103144432671)	(72.0, 0.2800066926526868)	(73.0, 0.24112995636609214)	(74.0, 0.2113786439154287)	(75.0, 0.18700029189202547)	(76.0, 0.16802528461498106)	(77.0, 0.14944527348621778)	(78.0, 0.12172464636197407)	(79.0, 0.09194801364539514)	(80.0, 0.07196525978491548)	(81.0, 0.061421901057718664)	(82.0, 0.05377011669806717)	(83.0, 0.047480562644667344)	(84.0, 0.040973254304394566)	(85.0, 0.03584843248310581)	(86.0, 0.03254160575454696)	(87.0, 0.030743866874549424)	(88.0, 0.028622028590834025)	(89.0, 0.025745646382837967)	(90.0, 0.022899648493940456)	(91.0, 0.020023266285944395)	(92.0, 0.017997645012707737)	(93.0, 0.016625286600089897)	(94.0, 0.016078368856315996)	(95.0, 0.01631637935592131)	(96.0, 0.017607712917609677)	(97.0, 0.022403371281997472)	(98.0, 0.02762947416694806)	(99.0, 0.025715262063739416)	(100.0, 0.028444786729425818)
SRR20277643_1	(0.0, 0.1236908154513627)	(1.0, 0.06360731240490183)	(2.0, 0.002481987461162769)	(3.0, 0.0012307797904119904)	(4.0, 0.0013942028331222964)	(5.0, 0.0013839888929529022)	(6.0, 0.0008886127947372877)	(7.0, 0.0008017943032974378)	(8.0, 0.000914147645160773)	(9.0, 0.0011286403887180493)	(10.0, 0.0014708073843927522)	(11.0, 0.0019202207518460932)	(12.0, 0.002727122025228228)	(13.0, 0.003922153025047339)	(14.0, 0.005566597392319791)	(15.0, 0.008293719417548018)	(16.0, 0.012833815822843703)	(17.0, 0.02045341518921171)	(18.0, 0.032316906695962974)	(19.0, 0.049946167428337206)	(20.0, 0.07678329522342024)	(21.0, 0.11763905590099669)	(22.0, 0.17649688612713024)	(23.0, 0.2561400845979808)	(24.0, 0.3625233784323052)	(25.0, 0.5033582924579959)	(26.0, 0.6850489671612632)	(27.0, 0.8951548234157846)	(28.0, 1.1267303819063728)	(29.0, 1.3823699834360532)	(30.0, 1.6520077899678884)	(31.0, 1.9271253754006032)	(32.0, 2.19134979364266)	(33.0, 2.427153923363377)	(34.0, 2.633924928152591)	(35.0, 2.827208424948121)	(36.0, 3.0192407140728994)	(37.0, 3.1705091679816264)	(38.0, 3.2698448430990688)	(39.0, 3.325347393979557)	(40.0, 3.3460408367627488)	(41.0, 3.359477275055587)	(42.0, 3.3534970130864066)	(43.0, 3.285482385498411)	(44.0, 3.1862386358424937)	(45.0, 3.122084877638529)	(46.0, 3.0743142794662726)	(47.0, 3.026635606755541)	(48.0, 2.9827309849374)	(49.0, 2.9417475500077064)	(50.0, 2.8988745361466743)	(51.0, 2.8484840623209684)	(52.0, 2.786853147338845)	(53.0, 2.6005304507687574)	(54.0, 2.3480367428112503)	(55.0, 2.2160675288525935)	(56.0, 2.101814394117751)	(57.0, 1.9533088110248453)	(58.0, 1.8139753462040558)	(59.0, 1.69867528260185)	(60.0, 1.6737532685885286)	(61.0, 1.6236487850875656)	(62.0, 1.5113056571643997)	(63.0, 1.2782848261398425)	(64.0, 0.9739043021218132)	(65.0, 0.7923464086407481)	(66.0, 0.7090517265593393)	(67.0, 0.6538811287343569)	(68.0, 0.5397658821918012)	(69.0, 0.4131079171212295)	(70.0, 0.33779032231211736)	(71.0, 0.28876851646911034)	(72.0, 0.2445779043262267)	(73.0, 0.2062398799004059)	(74.0, 0.17831496747728243)	(75.0, 0.15330102800243622)	(76.0, 0.1332357425396615)	(77.0, 0.11898218903327201)	(78.0, 0.10259902900156385)	(79.0, 0.08886638644381348)	(80.0, 0.08201283259015003)	(81.0, 0.08418329487614627)	(82.0, 0.08514340525206932)	(83.0, 0.07504181842453854)	(84.0, 0.06126832010611059)	(85.0, 0.05344954890643939)	(86.0, 0.05010448350096281)	(87.0, 0.042852585980693)	(88.0, 0.03173471210630751)	(89.0, 0.023915940906636315)	(90.0, 0.018323808663893035)	(91.0, 0.013911386510714783)	(92.0, 0.011643891793109288)	(93.0, 0.008722704904662572)	(94.0, 0.0059394062085026764)	(95.0, 0.004177501529282192)	(96.0, 0.0030488611405641423)	(97.0, 0.0033808141960694513)	(98.0, 0.004713733388175383)	(99.0, 0.004734161268514171)	(100.0, 0.0021704622859962486)
SRR20277643_2	(0.0, 0.12777789647874213)	(1.0, 0.06542240567371072)	(2.0, 0.0026528813614075993)	(3.0, 0.002203067180667968)	(4.0, 0.0023615244488830655)	(5.0, 0.003276487384705725)	(6.0, 0.00505018648375859)	(7.0, 0.005065521058101987)	(8.0, 0.0040125469531887585)	(9.0, 0.004278346241807632)	(10.0, 0.004953067512917079)	(11.0, 0.006041822291298232)	(12.0, 0.007697956320385058)	(13.0, 0.009497213043343583)	(14.0, 0.011659388025762494)	(15.0, 0.015242566897336149)	(16.0, 0.020936805503517394)	(17.0, 0.02858364657609113)	(18.0, 0.03995678921411022)	(19.0, 0.058629189239586064)	(20.0, 0.08580205497608472)	(21.0, 0.12581507096278738)	(22.0, 0.18615662100405272)	(23.0, 0.27250560913171856)	(24.0, 0.3849540427918453)	(25.0, 0.529456848354452)	(26.0, 0.7139777814285424)	(27.0, 0.9295870082214787)	(28.0, 1.167630717278804)	(29.0, 1.4190768443122581)	(30.0, 1.679989515240369)	(31.0, 1.9408101787224192)	(32.0, 2.1867205244179075)	(33.0, 2.4057646958637644)	(34.0, 2.599373919998708)	(35.0, 2.772296803344409)	(36.0, 2.914744775945001)	(37.0, 3.0366290843510977)	(38.0, 3.136078910492805)	(39.0, 3.1980817060879385)	(40.0, 3.21998458977509)	(41.0, 3.2205621920753575)	(42.0, 3.203970182635803)	(43.0, 3.160634675541364)	(44.0, 3.101371657228918)	(45.0, 3.0424562226015883)	(46.0, 3.0387861478087355)	(47.0, 3.052265238656581)	(48.0, 2.9858000819275192)	(49.0, 2.8843772072202944)	(50.0, 2.784538905195221)	(51.0, 2.682032387234396)	(52.0, 2.56895523602619)	(53.0, 2.4849677723474075)	(54.0, 2.402462650855153)	(55.0, 2.283911056606354)	(56.0, 2.1627474731943974)	(57.0, 2.0500383517704326)	(58.0, 1.9522242135586874)	(59.0, 1.8475606321402251)	(60.0, 1.766967220916114)	(61.0, 1.6853208355870897)	(62.0, 1.526352414893879)	(63.0, 1.3670006298420836)	(64.0, 1.209049402580318)	(65.0, 0.9800479808608156)	(66.0, 0.7743448890937134)	(67.0, 0.6411232187230654)	(68.0, 0.5427877049836447)	(69.0, 0.4569447578093109)	(70.0, 0.3862728161853774)	(71.0, 0.32990292089905177)	(72.0, 0.2802597922246961)	(73.0, 0.23995541932546888)	(74.0, 0.2138610853177891)	(75.0, 0.18815011566869427)	(76.0, 0.16660503871622215)	(77.0, 0.14806553833505576)	(78.0, 0.12056042348778352)	(79.0, 0.0911844905706169)	(80.0, 0.07167380048103537)	(81.0, 0.061103167233654034)	(82.0, 0.05320074992202369)	(83.0, 0.04719981982897451)	(84.0, 0.04030437289922721)	(85.0, 0.035734669744895045)	(86.0, 0.032039037328136476)	(87.0, 0.029232810223294915)	(88.0, 0.027305765380808086)	(89.0, 0.02496468703104955)	(90.0, 0.02189266063758911)	(91.0, 0.019157994879683393)	(92.0, 0.0176654296435928)	(93.0, 0.01632621015093617)	(94.0, 0.015661711929388988)	(95.0, 0.015958180366694656)	(96.0, 0.016985596847702223)	(97.0, 0.021243496990385323)	(98.0, 0.026375467870642027)	(99.0, 0.02418773526431746)	(100.0, 0.02663104410969864)
SRR20277644_1	(0.0, 0.08581185003705319)	(1.0, 0.050562770158488736)	(2.0, 0.013212435480599954)	(3.0, 0.008988701085998523)	(4.0, 0.006250702408091062)	(5.0, 0.004759660492408899)	(6.0, 0.003650664903876614)	(7.0, 0.003146575999998302)	(8.0, 0.0028918784485650498)	(9.0, 0.002870653652612279)	(10.0, 0.002918409443506014)	(11.0, 0.0032420875817857717)	(12.0, 0.00368250209780577)	(13.0, 0.004754354293420706)	(14.0, 0.006972345470485276)	(15.0, 0.009577689173687917)	(16.0, 0.014390411655978744)	(17.0, 0.022339097740291487)	(18.0, 0.03456988640807578)	(19.0, 0.053539547790864866)	(20.0, 0.08219302232710572)	(21.0, 0.12759286087008292)	(22.0, 0.1907100978346357)	(23.0, 0.27678725782109853)	(24.0, 0.3933697557906815)	(25.0, 0.5470744218816609)	(26.0, 0.7411592622727873)	(27.0, 0.9684662145289883)	(28.0, 1.2195555506502693)	(29.0, 1.494363596248772)	(30.0, 1.776913386171048)	(31.0, 2.0570594679516727)	(32.0, 2.32744744979301)	(33.0, 2.5508172023999727)	(34.0, 2.7530470582379745)	(35.0, 2.935702346008534)	(36.0, 3.1029325133204164)	(37.0, 3.220082774581736)	(38.0, 3.2692340958093653)	(39.0, 3.282817965219139)	(40.0, 3.274259066251184)	(41.0, 3.279294649090979)	(42.0, 3.253416316625563)	(43.0, 3.1664636338060483)	(44.0, 3.055977958473899)	(45.0, 2.9678048498871)	(46.0, 2.9012438897792103)	(47.0, 2.857000802615659)	(48.0, 2.8483463920659164)	(49.0, 2.830687361833211)	(50.0, 2.7820825791013655)	(51.0, 2.7470404409833407)	(52.0, 2.7078806924504777)	(53.0, 2.583842984902484)	(54.0, 2.4472242795534855)	(55.0, 2.373871384740709)	(56.0, 2.2457160667778773)	(57.0, 2.0463993141843932)	(58.0, 1.844609872862411)	(59.0, 1.7182268253616362)	(60.0, 1.728828610940045)	(61.0, 1.7427255460901219)	(62.0, 1.7146822844375231)	(63.0, 1.43864320067376)	(64.0, 1.0199310385154698)	(65.0, 0.797256397975961)	(66.0, 0.7115506719186717)	(67.0, 0.6717594857062142)	(68.0, 0.5380273526067924)	(69.0, 0.37903771232357286)	(70.0, 0.29495037695768234)	(71.0, 0.243379428991437)	(72.0, 0.19788938506566048)	(73.0, 0.15487733606737006)	(74.0, 0.12141113904883835)	(75.0, 0.09498626808763845)	(76.0, 0.07874929918376863)	(77.0, 0.06797771523773735)	(78.0, 0.056956739939261)	(79.0, 0.048801112094408745)	(80.0, 0.049745615514307055)	(81.0, 0.05923840550418389)	(82.0, 0.06009800974027111)	(83.0, 0.04337817672847575)	(84.0, 0.02376646526811534)	(85.0, 0.015398589463735365)	(86.0, 0.014485923237766214)	(87.0, 0.01137649063068526)	(88.0, 0.006648667332205519)	(89.0, 0.00404862982799107)	(90.0, 0.0028759598516004715)	(91.0, 0.0025841189072498705)	(92.0, 0.003337599163573241)	(93.0, 0.0031306574030337234)	(94.0, 0.0017934952580091503)	(95.0, 0.0013902241349065011)	(96.0, 0.0020800300033715587)	(97.0, 0.002414320539627702)	(98.0, 0.0016396154873515602)	(99.0, 0.0009551158178746954)	(100.0, 0.0003449029342325289)
SRR20277644_2	(0.0, 0.10173562157571074)	(1.0, 0.05732830894897182)	(2.0, 0.012698403276484835)	(3.0, 0.011071354108754934)	(4.0, 0.00856453242687792)	(5.0, 0.007599962561969639)	(6.0, 0.00810344683211407)	(7.0, 0.007228974152389531)	(8.0, 0.005612524653504775)	(9.0, 0.005660223163307932)	(10.0, 0.006486997333229314)	(11.0, 0.0075681635554342005)	(12.0, 0.00908391620029007)	(13.0, 0.011352245333151302)	(14.0, 0.014203556252495558)	(15.0, 0.018014137202325524)	(16.0, 0.02425204231769391)	(17.0, 0.03242438699730143)	(18.0, 0.04505389242629282)	(19.0, 0.06438768839983902)	(20.0, 0.09266760487868839)	(21.0, 0.1357976574095872)	(22.0, 0.19972426021466236)	(23.0, 0.29209507436568666)	(24.0, 0.41192433066006157)	(25.0, 0.5666900954680374)	(26.0, 0.7657624760487233)	(27.0, 0.99865839991427)	(28.0, 1.2638568145853988)	(29.0, 1.5369360830428935)	(30.0, 1.8079325165723172)	(31.0, 2.0802963073827647)	(32.0, 2.333575394437527)	(33.0, 2.5452136824341336)	(34.0, 2.7224136463528605)	(35.0, 2.8824474465768737)	(36.0, 3.012314589267602)	(37.0, 3.108888172115727)	(38.0, 3.167626237021103)	(39.0, 3.192546058476041)	(40.0, 3.180642630362942)	(41.0, 3.1462308054571757)	(42.0, 3.101966588359846)	(43.0, 3.0344731969883796)	(44.0, 2.9585848678915574)	(45.0, 2.8867085134526227)	(46.0, 2.859960249121897)	(47.0, 2.857204335222159)	(48.0, 2.810639989985433)	(49.0, 2.7517641293850694)	(50.0, 2.6762944872076306)	(51.0, 2.6135974459885922)	(52.0, 2.54442400710517)	(53.0, 2.475653355637863)	(54.0, 2.4277905509676065)	(55.0, 2.3468196806595367)	(56.0, 2.207317438988571)	(57.0, 2.046260770721001)	(58.0, 1.939008021511392)	(59.0, 1.879570378462236)	(60.0, 1.9044001027319906)	(61.0, 1.9359076183741868)	(62.0, 1.741027406821756)	(63.0, 1.4473529817981425)	(64.0, 1.2226930006252745)	(65.0, 0.982398507905816)	(66.0, 0.7799660323012189)	(67.0, 0.6396688154668673)	(68.0, 0.521816397412112)	(69.0, 0.42509971903457794)	(70.0, 0.3498314705651966)	(71.0, 0.28760081477534477)	(72.0, 0.23307611823591406)	(73.0, 0.18555250296870227)	(74.0, 0.14904724346601964)	(75.0, 0.12317875164944098)	(76.0, 0.10624048083489775)	(77.0, 0.0952698235801717)	(78.0, 0.08021829382006447)	(79.0, 0.06042341225175443)	(80.0, 0.04657494490557126)	(81.0, 0.03839730039154117)	(82.0, 0.03148631630450602)	(83.0, 0.025418005890659966)	(84.0, 0.019927377428874366)	(85.0, 0.016286391180566736)	(86.0, 0.01479183787340116)	(87.0, 0.014161157577114976)	(88.0, 0.012661304435526825)	(89.0, 0.011394644008531886)	(90.0, 0.011076653943177507)	(91.0, 0.010816962056471433)	(92.0, 0.010233980269988405)	(93.0, 0.010021986893085486)	(94.0, 0.010684466195907108)	(95.0, 0.011675535232928254)	(96.0, 0.013620574466012534)	(97.0, 0.0202347678253836)	(98.0, 0.026843661350332094)	(99.0, 0.02352066516737884)	(100.0, 0.02869330356381006)
SRR20277645_1	(0.0, 0.07949502493815808)	(1.0, 0.04754888087126634)	(2.0, 0.013121220451911698)	(3.0, 0.008623134165965867)	(4.0, 0.005828049298376932)	(5.0, 0.0046170260675453614)	(6.0, 0.0038385111334393518)	(7.0, 0.0032708439939870535)	(8.0, 0.002903211941770327)	(9.0, 0.0027410213304982414)	(10.0, 0.002713989561952894)	(11.0, 0.0033140948236596093)	(12.0, 0.003919606439075395)	(13.0, 0.004671089604636056)	(14.0, 0.006611970586192011)	(15.0, 0.009877408226469995)	(16.0, 0.015602736804374604)	(17.0, 0.02293915878758193)	(18.0, 0.03480610517898951)	(19.0, 0.05395541001651371)	(20.0, 0.081900852338694)	(21.0, 0.1272763790189144)	(22.0, 0.1911848862138251)	(23.0, 0.2755942866735273)	(24.0, 0.39239315220426496)	(25.0, 0.546009286493766)	(26.0, 0.7408921186445947)	(27.0, 0.9682130730498404)	(28.0, 1.215515910763807)	(29.0, 1.4827087237734402)	(30.0, 1.7667693603553705)	(31.0, 2.0519923629847505)	(32.0, 2.3194392746187105)	(33.0, 2.5492417453764187)	(34.0, 2.748865949730101)	(35.0, 2.9344660725624574)	(36.0, 3.0987543490736615)	(37.0, 3.214655759888694)	(38.0, 3.266902762133142)	(39.0, 3.2770072372153924)	(40.0, 3.2770342689839382)	(41.0, 3.281445853610539)	(42.0, 3.255538606636678)	(43.0, 3.168155711636987)	(44.0, 3.0648997621474683)	(45.0, 2.982696154001067)	(46.0, 2.916143939842421)	(47.0, 2.863253581506594)	(48.0, 2.843396044333182)	(49.0, 2.8359190571535384)	(50.0, 2.7969338405574384)	(51.0, 2.759803003283549)	(52.0, 2.712454157499518)	(53.0, 2.584739863830169)	(54.0, 2.456782284243912)	(55.0, 2.389419117028906)	(56.0, 2.254276493363295)	(57.0, 2.0480186930085846)	(58.0, 1.839452379620101)	(59.0, 1.7165605534592419)	(60.0, 1.738494130456937)	(61.0, 1.7511125600139053)	(62.0, 1.7171552523672398)	(63.0, 1.4345218931645036)	(64.0, 1.011669344163341)	(65.0, 0.7930472128759882)	(66.0, 0.7114491163450022)	(67.0, 0.669052490558479)	(68.0, 0.5339314923077048)	(69.0, 0.376293030858656)	(70.0, 0.292916243957386)	(71.0, 0.24011238728090414)	(72.0, 0.19347177383276148)	(73.0, 0.15072914140885793)	(74.0, 0.11866405756036666)	(75.0, 0.09412461807490016)	(76.0, 0.07649990498333356)	(77.0, 0.06467080306788947)	(78.0, 0.05480961390254669)	(79.0, 0.048597713490825825)	(80.0, 0.04957626351216741)	(81.0, 0.05857243608405907)	(82.0, 0.059496922568309955)	(83.0, 0.04286157220550307)	(84.0, 0.023490606865907017)	(85.0, 0.015024256957504168)	(86.0, 0.013980830691653751)	(87.0, 0.011012742505374592)	(88.0, 0.006557907049101315)	(89.0, 0.0037195713518398225)	(90.0, 0.0026058624877715038)	(91.0, 0.002616675195189643)	(92.0, 0.0031735296272238024)	(93.0, 0.002832929343552423)	(94.0, 0.0015678425756301578)	(95.0, 0.0008596102397420521)	(96.0, 0.0007568895192697314)	(97.0, 0.0008433911786148435)	(98.0, 0.0009136737768327473)	(99.0, 0.0007568895192697314)	(100.0, 0.00035141299108951813)
SRR20277645_2	(0.0, 0.09297779003705559)	(1.0, 0.05284473535269055)	(2.0, 0.011620873746064792)	(3.0, 0.00904505739993426)	(4.0, 0.00702004454920271)	(5.0, 0.006777043007114923)	(6.0, 0.007700448867048511)	(7.0, 0.006831043349801098)	(8.0, 0.005486434816915348)	(9.0, 0.005859037181449954)	(10.0, 0.006631242081862251)	(11.0, 0.007603248250213396)	(12.0, 0.008991057057248085)	(13.0, 0.010848668845652495)	(14.0, 0.014131889680971916)	(15.0, 0.01836551654756801)	(16.0, 0.02370075040496207)	(17.0, 0.0317468014652021)	(18.0, 0.04438288165376697)	(19.0, 0.06462761012681387)	(20.0, 0.09345839308696254)	(21.0, 0.13567586099901388)	(22.0, 0.19871046101658563)	(23.0, 0.28706582171970463)	(24.0, 0.40602857665734743)	(25.0, 0.5629643725719083)	(26.0, 0.7616208332458078)	(27.0, 0.9967761255412927)	(28.0, 1.2623444108376312)	(29.0, 1.538507563368997)	(30.0, 1.808093474161187)	(31.0, 2.071139943454081)	(32.0, 2.325567958054262)	(33.0, 2.546396959435105)	(34.0, 2.730964730702181)	(35.0, 2.8899687397416227)	(36.0, 3.0132029217857417)	(37.0, 3.108216524742066)	(38.0, 3.164981684973773)	(39.0, 3.1880128311294262)	(40.0, 3.1845568091975114)	(41.0, 3.146005964553851)	(42.0, 3.096525450550509)	(43.0, 3.0385182824370203)	(44.0, 2.9641814106952324)	(45.0, 2.891048746595346)	(46.0, 2.8669051933803575)	(47.0, 2.8657009857384557)	(48.0, 2.815086464538704)	(49.0, 2.7500430517732064)	(50.0, 2.6806850116270837)	(51.0, 2.620334228641015)	(52.0, 2.5495883796878576)	(53.0, 2.49001520163647)	(54.0, 2.438774276461558)	(55.0, 2.353869537656086)	(56.0, 2.217556472613375)	(57.0, 2.053368430676061)	(58.0, 1.9374836952715302)	(59.0, 1.8725698833284798)	(60.0, 1.9041654838341602)	(61.0, 1.9405347146332992)	(62.0, 1.735522413625237)	(63.0, 1.4438827628800133)	(64.0, 1.2277085910387187)	(65.0, 0.981072825888153)	(66.0, 0.7789441431795326)	(67.0, 0.6391264558964892)	(68.0, 0.5178200860862663)	(69.0, 0.4193396611294895)	(70.0, 0.3421893715337518)	(71.0, 0.2815145864915659)	(72.0, 0.23040866217337014)	(73.0, 0.18333116341956307)	(74.0, 0.14788533848035798)	(75.0, 0.12287237974812187)	(76.0, 0.10440966258371877)	(77.0, 0.09366899442343861)	(78.0, 0.07883510028754642)	(79.0, 0.05991878024457943)	(80.0, 0.046445694744378846)	(81.0, 0.037989241079723894)	(82.0, 0.03091519618783501)	(83.0, 0.02462415626489566)	(84.0, 0.01999092686242187)	(85.0, 0.016518704827700837)	(86.0, 0.014547692319655461)	(87.0, 0.01344068529458888)	(88.0, 0.012128476967314835)	(89.0, 0.011545273266304147)	(90.0, 0.01077306836589185)	(91.0, 0.010449066309774801)	(92.0, 0.01049766661819236)	(93.0, 0.010130464287926372)	(94.0, 0.010357265727208305)	(95.0, 0.011723474397168523)	(96.0, 0.014261490503418735)	(97.0, 0.020379729329762328)	(98.0, 0.026875970554909142)	(99.0, 0.023814151124603035)	(100.0, 0.029732588683007783)
SRR20277646_1	(0.0, 0.07977748017760705)	(1.0, 0.047414818370206474)	(2.0, 0.012793807881017165)	(3.0, 0.008429417754118453)	(4.0, 0.006092289467151031)	(5.0, 0.005173194073399799)	(6.0, 0.00406502762721974)	(7.0, 0.003329751312218754)	(8.0, 0.0031144203913970364)	(9.0, 0.003077656575646987)	(10.0, 0.0028570736811466906)	(11.0, 0.0030303888125397804)	(12.0, 0.0038234368380051305)	(13.0, 0.005026138810399601)	(14.0, 0.006722526308580449)	(15.0, 0.009700395384334445)	(16.0, 0.014689770378983997)	(17.0, 0.02238391181810146)	(18.0, 0.03448971114722485)	(19.0, 0.05361739928460765)	(20.0, 0.0818887735963956)	(21.0, 0.1278803070997073)	(22.0, 0.19209618926768632)	(23.0, 0.2772621944395149)	(24.0, 0.39277935549984844)	(25.0, 0.5476180434916991)	(26.0, 0.7453075847270715)	(27.0, 0.9678494654094772)	(28.0, 1.220380115796566)	(29.0, 1.4896488062972846)	(30.0, 1.7716902967843058)	(31.0, 2.0611475741054797)	(32.0, 2.325957338953085)	(33.0, 2.5487933301614913)	(34.0, 2.7462097687655778)	(35.0, 2.9279175540970357)	(36.0, 3.0944313795763665)	(37.0, 3.21711748470796)	(38.0, 3.2702254425457453)	(39.0, 3.28140164253376)	(40.0, 3.2691330320206005)	(41.0, 3.267347360969884)	(42.0, 3.249086248489467)	(43.0, 3.1662573716046056)	(44.0, 3.0552043881710635)	(45.0, 2.9714038961556657)	(46.0, 2.905318311358113)	(47.0, 2.861243748247482)	(48.0, 2.8541483318077225)	(49.0, 2.8403041291909896)	(50.0, 2.7939922252932847)	(51.0, 2.7549858167824826)	(52.0, 2.71269167274889)	(53.0, 2.5914236005105127)	(54.0, 2.4603921092036583)	(55.0, 2.38616071323063)	(56.0, 2.2487323179832672)	(57.0, 2.048028143856391)	(58.0, 1.8482588210443014)	(59.0, 1.7224110277582039)	(60.0, 1.7429147329993744)	(61.0, 1.7548944849602117)	(62.0, 1.715730517239052)	(63.0, 1.4370870537220712)	(64.0, 1.017690695619187)	(65.0, 0.7956214925678533)	(66.0, 0.7137379709451362)	(67.0, 0.6679722723100033)	(68.0, 0.5294882303532462)	(69.0, 0.3739772897305375)	(70.0, 0.2913164760033909)	(71.0, 0.23945323592742843)	(72.0, 0.19343019058204525)	(73.0, 0.15058458931220206)	(74.0, 0.11845301434665893)	(75.0, 0.09287590253198176)	(76.0, 0.07447298676224279)	(77.0, 0.0632705269058349)	(78.0, 0.05504068415150243)	(79.0, 0.048654284158351)	(80.0, 0.04979921442028111)	(81.0, 0.05721500125443391)	(82.0, 0.057503859806755736)	(83.0, 0.04210507298116364)	(84.0, 0.02269903023881617)	(85.0, 0.014789557878876987)	(86.0, 0.013781178932589922)	(87.0, 0.010761294067407296)	(88.0, 0.006444171703615789)	(89.0, 0.00410179144296979)	(90.0, 0.003035640786218359)	(91.0, 0.0026785065760750225)	(92.0, 0.0035188223646475786)	(93.0, 0.0033087434175044397)	(94.0, 0.0016963874981808476)	(95.0, 0.0009663631568584395)	(96.0, 0.0014495447352876592)	(97.0, 0.0016176078930021703)	(98.0, 0.0011606861829658432)	(99.0, 0.0007247723676438296)	(100.0, 0.00024159078921460987)
SRR20277646_2	(0.0, 0.09105296019744867)	(1.0, 0.05198752425384649)	(2.0, 0.012308000441723378)	(3.0, 0.009946124024335094)	(4.0, 0.007159109851816924)	(5.0, 0.006560767826078558)	(6.0, 0.007537010078599048)	(7.0, 0.006712977639643581)	(8.0, 0.005012426619124019)	(9.0, 0.004991432162080567)	(10.0, 0.005621265873384109)	(11.0, 0.0065975081259045994)	(12.0, 0.008235075775293806)	(13.0, 0.009573472411813833)	(14.0, 0.011478719388507046)	(15.0, 0.015572638511980067)	(16.0, 0.021078434871625196)	(17.0, 0.02883063813491962)	(18.0, 0.04077648419264346)	(19.0, 0.059713484445836615)	(20.0, 0.08893776865032094)	(21.0, 0.13150403030591862)	(22.0, 0.1969594987531392)	(23.0, 0.28771853655197954)	(24.0, 0.40346622684678796)	(25.0, 0.5609561463582385)	(26.0, 0.7620305586918942)	(27.0, 0.9947908553183789)	(28.0, 1.256843668134739)	(29.0, 1.531766083118735)	(30.0, 1.8060849074627319)	(31.0, 2.0741736266790842)	(32.0, 2.3256399845312843)	(33.0, 2.545987308430828)	(34.0, 2.730817259627113)	(35.0, 2.8913933643239513)	(36.0, 3.018813972734918)	(37.0, 3.1058989805511548)	(38.0, 3.1628149535959516)	(39.0, 3.185147807275923)	(40.0, 3.1809909047813196)	(41.0, 3.15660059431109)	(42.0, 3.103647325033245)	(43.0, 3.0387849499975017)	(44.0, 2.95878557143343)	(45.0, 2.8769439292637955)	(46.0, 2.8609199099253817)	(47.0, 2.864504713465551)	(48.0, 2.816395915150482)	(49.0, 2.7535332621481277)	(50.0, 2.680818960178134)	(51.0, 2.622328402855078)	(52.0, 2.548637858632564)	(53.0, 2.489596196812118)	(54.0, 2.4428887785046993)	(55.0, 2.356528079456462)	(56.0, 2.2208828924987225)	(57.0, 2.0560659074791077)	(58.0, 1.9453463896462055)	(59.0, 1.8848928505895874)	(60.0, 1.910280397769381)	(61.0, 1.9415988790639498)	(62.0, 1.7462664507316779)	(63.0, 1.4579758152252642)	(64.0, 1.231629325225554)	(65.0, 0.9864927961719547)	(66.0, 0.7830512588066498)	(67.0, 0.6366516612284024)	(68.0, 0.5165423724828171)	(69.0, 0.42269190088432856)	(70.0, 0.3465082648879043)	(71.0, 0.28296329203163784)	(72.0, 0.22888681930196791)	(73.0, 0.1801744303468998)	(74.0, 0.144195179588685)	(75.0, 0.11872365458071761)	(76.0, 0.10211703905934756)	(77.0, 0.0923493679198818)	(78.0, 0.07723335884859679)	(79.0, 0.05888420339262028)	(80.0, 0.0453900161279419)	(81.0, 0.036813780425692014)	(82.0, 0.030599421140830398)	(83.0, 0.025581745907445518)	(84.0, 0.020411860860495613)	(85.0, 0.017115731104673744)	(86.0, 0.015205235513719668)	(87.0, 0.01371462906363462)	(88.0, 0.012376232427114593)	(89.0, 0.011289769275115984)	(90.0, 0.010896123205551271)	(91.0, 0.010518222978769145)	(92.0, 0.010135074137726158)	(93.0, 0.010250543651465141)	(94.0, 0.010717670320681933)	(95.0, 0.011793636244158816)	(96.0, 0.013887833334243094)	(97.0, 0.019755784077887757)	(98.0, 0.025933403062923327)	(99.0, 0.022983681848318407)	(100.0, 0.027828152811094815)
SRR20277647_1	(0.0, 0.07904733356252866)	(1.0, 0.0470243140919251)	(2.0, 0.01279428112692668)	(3.0, 0.00840690889048474)	(4.0, 0.005848052665099403)	(5.0, 0.004605941205693604)	(6.0, 0.003513096359435284)	(7.0, 0.002814741847923869)	(8.0, 0.0025162086216289135)	(9.0, 0.0026548133338372857)	(10.0, 0.0029160299068453723)	(11.0, 0.0032838654892445142)	(12.0, 0.00390758669418219)	(13.0, 0.004867157778701691)	(14.0, 0.006935566560888171)	(15.0, 0.010032848783698336)	(16.0, 0.014452206722957595)	(17.0, 0.022469956229164978)	(18.0, 0.034784451813831906)	(19.0, 0.053954549702343715)	(20.0, 0.08377055567855243)	(21.0, 0.12962739161764547)	(22.0, 0.19239400244615992)	(23.0, 0.27844620492568095)	(24.0, 0.3971931266349692)	(25.0, 0.5489119769984414)	(26.0, 0.7423881623899206)	(27.0, 0.9693587095815998)	(28.0, 1.2211714859613951)	(29.0, 1.4928580456916831)	(30.0, 1.7748599945805559)	(31.0, 2.0620542892267726)	(32.0, 2.326394799210017)	(33.0, 2.5560041668841254)	(34.0, 2.762125366789383)	(35.0, 2.9425407235304584)	(36.0, 3.1090476304964696)	(37.0, 3.2220797733023976)	(38.0, 3.269530563431887)	(39.0, 3.286200445550178)	(40.0, 3.2829538967142207)	(41.0, 3.2821062755895616)	(42.0, 3.254140109426288)	(43.0, 3.1642123059554024)	(44.0, 3.0561965875413235)	(45.0, 2.9720581962803716)	(46.0, 2.9089930522255623)	(47.0, 2.8731370793673503)	(48.0, 2.855198431037305)	(49.0, 2.837206473202565)	(50.0, 2.7918400847066707)	(51.0, 2.753371946118378)	(52.0, 2.7114386897248757)	(53.0, 2.5777597757503696)	(54.0, 2.4524451230625925)	(55.0, 2.385712285084731)	(56.0, 2.2458921161693004)	(57.0, 2.04253767955774)	(58.0, 1.8335964068540884)	(59.0, 1.7131915595487692)	(60.0, 1.7380817672911113)	(61.0, 1.744809426783687)	(62.0, 1.707647371060434)	(63.0, 1.430038125358473)	(64.0, 1.0107961875814335)	(65.0, 0.7911450353844502)	(66.0, 0.7090110815000505)	(67.0, 0.6655478423217868)	(68.0, 0.5295606267939648)	(69.0, 0.373033259106956)	(70.0, 0.2894812723976552)	(71.0, 0.2393543451324504)	(72.0, 0.19310834980908)	(73.0, 0.14781659461975954)	(74.0, 0.11576692039680823)	(75.0, 0.09114859112841348)	(76.0, 0.07466529227655627)	(77.0, 0.0634063248848608)	(78.0, 0.05448764474929899)	(79.0, 0.04926864423960682)	(80.0, 0.049940343998770474)	(81.0, 0.057265069943935994)	(82.0, 0.05709981047937986)	(83.0, 0.040883059151000295)	(84.0, 0.022128775399113603)	(85.0, 0.014516178128592228)	(86.0, 0.0137964998152026)	(87.0, 0.010741865196148857)	(88.0, 0.00649309767191529)	(89.0, 0.004019536654042799)	(90.0, 0.002852058501210739)	(91.0, 0.002446906265524727)	(92.0, 0.002964008461071347)	(93.0, 0.0027880870955761055)	(94.0, 0.0015832922894571766)	(95.0, 0.0009009306293544202)	(96.0, 0.0007943116199633647)	(97.0, 0.0008796068274762092)	(98.0, 0.0009222544312326314)	(99.0, 0.0007196783133896256)	(100.0, 0.0003145260777036142)
SRR20277647_2	(0.0, 0.0882971677567341)	(1.0, 0.05041899334196523)	(2.0, 0.011400744479269398)	(3.0, 0.008396062289405874)	(4.0, 0.006163860449773221)	(5.0, 0.0061958251539207055)	(6.0, 0.00712280157419775)	(7.0, 0.006680623166824218)	(8.0, 0.005551203620279772)	(9.0, 0.005529893817514783)	(10.0, 0.0060679663373307685)	(11.0, 0.007053544715211534)	(12.0, 0.008081742698622277)	(13.0, 0.009861111229498905)	(14.0, 0.012231826787103989)	(15.0, 0.015300438385262481)	(16.0, 0.020569287118906144)	(17.0, 0.028512516099555987)	(18.0, 0.04141560167375715)	(19.0, 0.06020552026178666)	(20.0, 0.08870738145996016)	(21.0, 0.1324297692830274)	(22.0, 0.19650301874665968)	(23.0, 0.2867766707098466)	(24.0, 0.40724098574033235)	(25.0, 0.5685561926713032)	(26.0, 0.7645744134050593)	(27.0, 1.0012144456595766)	(28.0, 1.2697179604984448)	(29.0, 1.5413859810479138)	(30.0, 1.8148653348324069)	(31.0, 2.0837524261210447)	(32.0, 2.3346060968198104)	(33.0, 2.5453973383203956)	(34.0, 2.728054312720503)	(35.0, 2.893439691979587)	(36.0, 3.026210418106854)	(37.0, 3.11361790159815)	(38.0, 3.1666207085253704)	(39.0, 3.1947816128793036)	(40.0, 3.1837431350470395)	(41.0, 3.153003744558542)	(42.0, 3.1056107432092053)	(43.0, 3.0474669463649313)	(44.0, 2.980117314726182)	(45.0, 2.901404230763002)	(46.0, 2.8625458054210435)	(47.0, 2.861160668241319)	(48.0, 2.821641639013646)	(49.0, 2.7511541389177516)	(50.0, 2.680581399610798)	(51.0, 2.6229863301877225)	(52.0, 2.548130320525005)	(53.0, 2.490300843271515)	(54.0, 2.4406969498853104)	(55.0, 2.349997101866824)	(56.0, 2.210183485925728)	(57.0, 2.0436473773173347)	(58.0, 1.9323036578702644)	(59.0, 1.8733021414646995)	(60.0, 1.901372479156882)	(61.0, 1.9373487536748755)	(62.0, 1.7387627017079383)	(63.0, 1.443765774581497)	(64.0, 1.2207427062938077)	(65.0, 0.976367215635599)	(66.0, 0.773375361947)	(67.0, 0.6318942539395432)	(68.0, 0.5133744584113628)	(69.0, 0.41654804209794155)	(70.0, 0.34051999328315014)	(71.0, 0.28115088277988937)	(72.0, 0.22797226997985798)	(73.0, 0.18009447061761774)	(74.0, 0.1455246430821135)	(75.0, 0.11995820721481731)	(76.0, 0.10311813557978433)	(77.0, 0.0923993047889946)	(78.0, 0.07773283303599056)	(79.0, 0.05909208306731596)	(80.0, 0.04509154265071784)	(81.0, 0.03626928430601218)	(82.0, 0.029737829758542885)	(83.0, 0.024245228095866836)	(84.0, 0.019072273474665627)	(85.0, 0.016365928523511958)	(86.0, 0.014858259977888949)	(87.0, 0.01361163651613706)	(88.0, 0.011810958182495446)	(89.0, 0.010729485692172228)	(90.0, 0.0104790955096836)	(91.0, 0.01029796218618119)	(92.0, 0.009823819074660173)	(93.0, 0.009648013201849008)	(94.0, 0.01043647590415362)	(95.0, 0.011704409168670498)	(96.0, 0.013622291417519555)	(97.0, 0.01947715972720043)	(98.0, 0.025433249600015004)	(99.0, 0.022828126211995033)	(100.0, 0.02985503367375033)
SRR20277648_1	(0.0, 23.692064704865096)	(1.0, 13.356047061670303)	(2.0, 2.0697482201953825)	(3.0, 0.912702613667821)	(4.0, 0.7396701632613608)	(5.0, 0.615032880439607)	(6.0, 0.3270619070194692)	(7.0, 0.1640898650918949)	(8.0, 0.1137878226974651)	(9.0, 0.08597375219701567)	(10.0, 0.0703242278965264)	(11.0, 0.05625280688684276)	(12.0, 0.04517320669931149)	(13.0, 0.03938682796635747)	(14.0, 0.03274564328421706)	(15.0, 0.028997647968553662)	(16.0, 0.02922778803179615)	(17.0, 0.02919491087990437)	(18.0, 0.028405859234501545)	(19.0, 0.0330744148031349)	(20.0, 0.04116219416851381)	(21.0, 0.049512990749027)	(22.0, 0.0576336472662977)	(23.0, 0.06953517625112357)	(24.0, 0.09665882656184555)	(25.0, 0.12358521396121679)	(26.0, 0.1512677758540991)	(27.0, 0.18674222274533425)	(28.0, 0.22974553741978795)	(29.0, 0.2836311893704223)	(30.0, 0.3305468851199983)	(31.0, 0.3839393797922559)	(32.0, 0.45390195901797264)	(33.0, 0.5132780953345348)	(34.0, 0.5661445555765239)	(35.0, 0.6469237177746376)	(36.0, 0.7454236648424232)	(37.0, 0.8909708162673518)	(38.0, 1.0799158081894356)	(39.0, 1.2467015997364568)	(40.0, 1.5361849221436166)	(41.0, 2.0498904204527446)	(42.0, 2.362289117728478)	(43.0, 2.1709440937182944)	(44.0, 2.0539014329835426)	(45.0, 2.2824962700871176)	(46.0, 2.4647672001751695)	(47.0, 2.3193186802059165)	(48.0, 2.161606982581027)	(49.0, 2.1886977557398577)	(50.0, 2.1172885818309024)	(51.0, 1.949450721423344)	(52.0, 1.71572704862465)	(53.0, 1.3952734491354295)	(54.0, 1.1496482473519098)	(55.0, 1.086556992871576)	(56.0, 1.1158176580552637)	(57.0, 1.1613525134253848)	(58.0, 1.1437303600113886)	(59.0, 1.1352809319752002)	(60.0, 1.2903624574487462)	(61.0, 1.3630538402814811)	(62.0, 1.2586688830250663)	(63.0, 1.00518604193941)	(64.0, 0.6664198688464656)	(65.0, 0.4785927000887025)	(66.0, 0.41974259820240883)	(67.0, 0.408136963584609)	(68.0, 0.37378033985769454)	(69.0, 0.3269303984119021)	(70.0, 0.3077630188589919)	(71.0, 0.30523147816332447)	(72.0, 0.29402036936822606)	(73.0, 0.2773845305109833)	(74.0, 0.25548834735105497)	(75.0, 0.24263338096136736)	(76.0, 0.25828290526185665)	(77.0, 0.2804421056369192)	(78.0, 0.27186116899316354)	(79.0, 0.2677844021585823)	(80.0, 0.3016149914552282)	(81.0, 0.3384374015740265)	(82.0, 0.33255239138539716)	(83.0, 0.2904367598120216)	(84.0, 0.25542259304727144)	(85.0, 0.2367812479246298)	(86.0, 0.22747701393925485)	(87.0, 0.23934566577218896)	(88.0, 0.24572383323919508)	(89.0, 0.22931813444519478)	(90.0, 0.1938765647058514)	(91.0, 0.14137175313467204)	(92.0, 0.09711910668833051)	(93.0, 0.06210493992358035)	(94.0, 0.042411525940401616)	(95.0, 0.03813749619446967)	(96.0, 0.03685528727069008)	(97.0, 0.04172110575067415)	(98.0, 0.051551374166317616)	(99.0, 0.047408853027952814)	(100.0, 0.022159200375062547)
SRR20277648_2	(0.0, 22.113127317709484)	(1.0, 11.580700204078124)	(2.0, 0.9594335306459395)	(3.0, 0.7067717996602182)	(4.0, 0.5502321123147813)	(5.0, 0.8553884143099458)	(6.0, 1.7208576743050708)	(7.0, 1.4047102161447946)	(8.0, 0.38351043367528415)	(9.0, 0.20141462248581518)	(10.0, 0.1366477175987628)	(11.0, 0.10303366024717964)	(12.0, 0.08223138002057302)	(13.0, 0.06786870355941511)	(14.0, 0.05593352171141067)	(15.0, 0.05026936761405263)	(16.0, 0.049628778757803804)	(17.0, 0.04932534193115962)	(18.0, 0.05006707639628984)	(19.0, 0.05421404636042699)	(20.0, 0.06217083425909661)	(21.0, 0.07009390695480577)	(22.0, 0.07636493470545219)	(23.0, 0.08964872467187522)	(24.0, 0.10997899205703533)	(25.0, 0.1338493557530442)	(26.0, 0.16463133605594835)	(27.0, 0.20687648536541042)	(28.0, 0.25926991076597233)	(29.0, 0.3013464840606321)	(30.0, 0.3430184749197662)	(31.0, 0.40684135412392564)	(32.0, 0.48701610676391033)	(33.0, 0.5423427548220326)	(34.0, 0.6110206232524988)	(35.0, 0.773527901521938)	(36.0, 1.0233912706619406)	(37.0, 1.3545419941396235)	(38.0, 1.5827939181819684)	(39.0, 1.6108786822480354)	(40.0, 1.5857608560424892)	(41.0, 1.6820177604946154)	(42.0, 1.9168778643172113)	(43.0, 2.0703831833962063)	(44.0, 2.192331072504207)	(45.0, 2.3169761778490443)	(46.0, 2.300388297992496)	(47.0, 2.255445932446196)	(48.0, 2.0624938259034575)	(49.0, 1.8608431969969192)	(50.0, 1.8228798784634366)	(51.0, 1.709327074892592)	(52.0, 1.5040014888633628)	(53.0, 1.3557220262432397)	(54.0, 1.4423026674457127)	(55.0, 1.5095307821488788)	(56.0, 1.3218045320650125)	(57.0, 1.1133771473634206)	(58.0, 1.0278753926556825)	(59.0, 1.041058037013224)	(60.0, 1.203565315282663)	(61.0, 1.388695494738574)	(62.0, 1.3134094465278567)	(63.0, 1.096418400274307)	(64.0, 1.0233575554589802)	(65.0, 0.8987124501141428)	(66.0, 0.6578847553675446)	(67.0, 0.4996593078740845)	(68.0, 0.4187428207689696)	(69.0, 0.36645054097728913)	(70.0, 0.3292963873148572)	(71.0, 0.3103147280481156)	(72.0, 0.2930862593353183)	(73.0, 0.2677324267090489)	(74.0, 0.24011967548442847)	(75.0, 0.22046371215847763)	(76.0, 0.20849481510751272)	(77.0, 0.20259465458943143)	(78.0, 0.19022117510294095)	(79.0, 0.18000546860592018)	(80.0, 0.1717115286776459)	(81.0, 0.16065294210661354)	(82.0, 0.15552823125662293)	(83.0, 0.1544830599648485)	(84.0, 0.15428076874708574)	(85.0, 0.15320188225235087)	(86.0, 0.16709254587206226)	(87.0, 0.19291839133977812)	(88.0, 0.2109897401265871)	(89.0, 0.21331608913085914)	(90.0, 0.1903560359147828)	(91.0, 0.14740286734315097)	(92.0, 0.10879895995341907)	(93.0, 0.07916329655117074)	(94.0, 0.06338458156567334)	(95.0, 0.061294238982124535)	(96.0, 0.06345201197159427)	(97.0, 0.07218424953835458)	(98.0, 0.08246738644129627)	(99.0, 0.10151647611395874)	(100.0, 0.5102121664007099)
SRR20277649_1	(0.0, 22.734158861927934)	(1.0, 12.844937575567297)	(2.0, 2.0385547471995933)	(3.0, 0.9193061678384176)	(4.0, 0.7460485269057374)	(5.0, 0.6168787678175338)	(6.0, 0.33192479465207664)	(7.0, 0.16956607187871683)	(8.0, 0.11334874885693201)	(9.0, 0.08364040742265547)	(10.0, 0.06715139898161915)	(11.0, 0.054494590796601926)	(12.0, 0.04679503248404979)	(13.0, 0.03986894578280425)	(14.0, 0.033048332483100525)	(15.0, 0.030446655245069204)	(16.0, 0.030692759848666765)	(17.0, 0.029391921229651105)	(18.0, 0.031009180053292194)	(19.0, 0.034665591306741614)	(20.0, 0.038603264964302525)	(21.0, 0.04897481611591386)	(22.0, 0.06106909949270809)	(23.0, 0.07671432072140993)	(24.0, 0.10041067826780328)	(25.0, 0.12642745064811647)	(26.0, 0.1588077849214522)	(27.0, 0.20208703735410832)	(28.0, 0.247264811014517)	(29.0, 0.2974349923479047)	(30.0, 0.3476754892823203)	(31.0, 0.3972479880069711)	(32.0, 0.45849287650224885)	(33.0, 0.5276482701131624)	(34.0, 0.5882603181991893)	(35.0, 0.6704592558007735)	(36.0, 0.7786398079821567)	(37.0, 0.938467169118513)	(38.0, 1.136264954809921)	(39.0, 1.2890607558434901)	(40.0, 1.5944765689080584)	(41.0, 2.125359356668503)	(42.0, 2.4501471178162504)	(43.0, 2.258607420616323)	(44.0, 2.1399850016823008)	(45.0, 2.385491922671121)	(46.0, 2.5832545505620153)	(47.0, 2.423919398632854)	(48.0, 2.2463021904364453)	(49.0, 2.2822334625616887)	(50.0, 2.20365577841304)	(51.0, 2.034722546943574)	(52.0, 1.7950869786405814)	(53.0, 1.4644278648070064)	(54.0, 1.2030999335869148)	(55.0, 1.0947084346024478)	(56.0, 1.1075058739895207)	(57.0, 1.1645669842236401)	(58.0, 1.1570432149136576)	(59.0, 1.1676960284693805)	(60.0, 1.3260116041836376)	(61.0, 1.3898230121164328)	(62.0, 1.2916272752810076)	(63.0, 1.029666503651665)	(64.0, 0.6649394811200854)	(65.0, 0.4777945089844002)	(66.0, 0.4271672762443312)	(67.0, 0.4183426683153331)	(68.0, 0.37671583250683205)	(69.0, 0.3289012238078781)	(70.0, 0.31269347777095324)	(71.0, 0.3080174903025997)	(72.0, 0.2933215296877741)	(73.0, 0.2715940089701612)	(74.0, 0.24680775960783585)	(75.0, 0.2316547475863291)	(76.0, 0.24905785884072779)	(77.0, 0.2678672821156839)	(78.0, 0.25890204298463004)	(79.0, 0.26090603761392445)	(80.0, 0.29107143045488215)	(81.0, 0.3252096547539147)	(82.0, 0.31663115142851417)	(83.0, 0.2716643245711891)	(84.0, 0.2377722048757541)	(85.0, 0.22040425142186934)	(86.0, 0.21716973377458718)	(87.0, 0.22318171766247036)	(88.0, 0.22195119464448257)	(89.0, 0.2041965053849445)	(90.0, 0.16685892123914373)	(91.0, 0.12298198619775068)	(92.0, 0.09133996573520761)	(93.0, 0.06170193990195896)	(94.0, 0.04194325601312652)	(95.0, 0.03593127212524334)	(96.0, 0.029040343224511735)	(97.0, 0.03174749386408486)	(98.0, 0.0386735805653304)	(99.0, 0.03392727749594894)	(100.0, 0.0165593240420642)
SRR20277649_2	(0.0, 20.65333275086657)	(1.0, 10.873414929224873)	(2.0, 0.9841762794742924)	(3.0, 0.7137985774573088)	(4.0, 0.5505032982180489)	(5.0, 0.8504496125934128)	(6.0, 1.6931009098395604)	(7.0, 1.3874502722009192)	(8.0, 0.4027324430497334)	(9.0, 0.21600611445688525)	(10.0, 0.14300521801165345)	(11.0, 0.10639645985365882)	(12.0, 0.0865035350557742)	(13.0, 0.07162897059710184)	(14.0, 0.06061746050026915)	(15.0, 0.05296355840017561)	(16.0, 0.0505446365100517)	(17.0, 0.048486747737856745)	(18.0, 0.04707871857793387)	(19.0, 0.05307186833555429)	(20.0, 0.06148393998329861)	(21.0, 0.07022094143717898)	(22.0, 0.08072700516891114)	(23.0, 0.09292992455490935)	(24.0, 0.11296726259996555)	(25.0, 0.14336625112958237)	(26.0, 0.17221279725210473)	(27.0, 0.2126124031483532)	(28.0, 0.26803098675044557)	(29.0, 0.31160768408446876)	(30.0, 0.3560147575897285)	(31.0, 0.42266147115941094)	(32.0, 0.5054102617887242)	(33.0, 0.5645835898172775)	(34.0, 0.6449495618682598)	(35.0, 0.8147434372302407)	(36.0, 1.064794974707825)	(37.0, 1.4095093957063776)	(38.0, 1.6653013597590323)	(39.0, 1.6826309494196212)	(40.0, 1.6688033810029428)	(41.0, 1.8033965273668517)	(42.0, 2.0127596324538444)	(43.0, 2.1473166755059605)	(44.0, 2.2897442405289277)	(45.0, 2.4058163879430823)	(46.0, 2.3853097068447187)	(47.0, 2.360615041578379)	(48.0, 2.161144243922639)	(49.0, 1.9548499203380425)	(50.0, 1.9065075858473575)	(51.0, 1.7781242091118261)	(52.0, 1.5596269661412312)	(53.0, 1.4088956394058982)	(54.0, 1.520454872845941)	(55.0, 1.5723353318923297)	(56.0, 1.3464730133159846)	(57.0, 1.134907606209625)	(58.0, 1.0627009826238372)	(59.0, 1.0959521327850925)	(60.0, 1.2960727900531044)	(61.0, 1.4896226445748095)	(62.0, 1.3692180997455077)	(63.0, 1.1464245626715583)	(64.0, 1.085554378988739)	(65.0, 0.9254361911872538)	(66.0, 0.6616653952283698)	(67.0, 0.5067099810132684)	(68.0, 0.4234196407070617)	(69.0, 0.37258617770266683)	(70.0, 0.3355441798031575)	(71.0, 0.3144237424043145)	(72.0, 0.2925090321460278)	(73.0, 0.26095473763903837)	(74.0, 0.23051964579762865)	(75.0, 0.2131539528252466)	(76.0, 0.20607770371383938)	(77.0, 0.19614929297079353)	(78.0, 0.18315210072535165)	(79.0, 0.17185176413417577)	(80.0, 0.16123739046706495)	(81.0, 0.1545943810971724)	(82.0, 0.15408893473207189)	(83.0, 0.14827630153341595)	(84.0, 0.1412722590455945)	(85.0, 0.14372728424751133)	(86.0, 0.16304255605670964)	(87.0, 0.1877733246348421)	(88.0, 0.19896535129063925)	(89.0, 0.19575215654107167)	(90.0, 0.17600364499035862)	(91.0, 0.13899775040264217)	(92.0, 0.1035442982220202)	(93.0, 0.07498657859384099)	(94.0, 0.05707933594456553)	(95.0, 0.05567130678464266)	(96.0, 0.05874008828703866)	(97.0, 0.06809084604139823)	(98.0, 0.08126855484580456)	(99.0, 0.0987064544417724)	(100.0, 0.4793797739860475)
SRR20277650_1	(0.0, 22.26615366034611)	(1.0, 12.579444089787609)	(2.0, 2.002864093583395)	(3.0, 0.9271036422298521)	(4.0, 0.7812419123863421)	(5.0, 0.65601545920392)	(6.0, 0.3570454976793941)	(7.0, 0.18595904001104227)	(8.0, 0.12850463258510325)	(9.0, 0.09841439638365052)	(10.0, 0.07826221984506289)	(11.0, 0.061491744163977985)	(12.0, 0.050587484256112085)	(13.0, 0.04261633223485567)	(14.0, 0.035611380458600045)	(15.0, 0.032436722510740354)	(16.0, 0.03250573681395469)	(17.0, 0.02950361462413085)	(18.0, 0.028709950137165926)	(19.0, 0.035438844700564194)	(20.0, 0.0445832398764644)	(21.0, 0.05217481323004192)	(22.0, 0.061181179799513444)	(23.0, 0.07722700529684777)	(24.0, 0.10034679687365206)	(25.0, 0.1283320968270674)	(26.0, 0.16194206249245158)	(27.0, 0.20007246501837508)	(28.0, 0.2512120637002018)	(29.0, 0.306250970513639)	(30.0, 0.35632084749564347)	(31.0, 0.41011749685122245)	(32.0, 0.473334598595559)	(33.0, 0.5384150865266827)	(34.0, 0.5958349868010145)	(35.0, 0.6862782311634086)	(36.0, 0.7939060370261738)	(37.0, 0.9468072257975465)	(38.0, 1.153436049621284)	(39.0, 1.327007022205352)	(40.0, 1.6390206870373885)	(41.0, 2.1835780465501475)	(42.0, 2.496799461688435)	(43.0, 2.3039389913559587)	(44.0, 2.207284459704274)	(45.0, 2.4266809296226644)	(46.0, 2.5972152728653013)	(47.0, 2.4564606014596526)	(48.0, 2.293345295812557)	(49.0, 2.3287151262099073)	(50.0, 2.246001483807519)	(51.0, 2.061077658344692)	(52.0, 1.8070705153643094)	(53.0, 1.4628961852343898)	(54.0, 1.2041270553322176)	(55.0, 1.1198260839558998)	(56.0, 1.1346986662985903)	(57.0, 1.1824910712745216)	(58.0, 1.1729670974309425)	(59.0, 1.1728290688245138)	(60.0, 1.3361859245328596)	(61.0, 1.4141030728618507)	(62.0, 1.3216584137062406)	(63.0, 1.0534343242637036)	(64.0, 0.6801359581773322)	(65.0, 0.4892769026380717)	(66.0, 0.42643937956141414)	(67.0, 0.4101865111544367)	(68.0, 0.37526527372798013)	(69.0, 0.32502286098793975)	(70.0, 0.29959109025345504)	(71.0, 0.2854431580945151)	(72.0, 0.2690177539295019)	(73.0, 0.24900360599734295)	(74.0, 0.2329922876516158)	(75.0, 0.22226056350178577)	(76.0, 0.23009368691661347)	(77.0, 0.24641556962680514)	(78.0, 0.23606342414465398)	(79.0, 0.23599440984143966)	(80.0, 0.2663607032557498)	(81.0, 0.29672699667005986)	(82.0, 0.29651995376041684)	(83.0, 0.26225435221449644)	(84.0, 0.22788522921375456)	(85.0, 0.20562811642712955)	(86.0, 0.19965837919908902)	(87.0, 0.21032108904570473)	(88.0, 0.21473800445142255)	(89.0, 0.20486895909177177)	(90.0, 0.17602098034817715)	(91.0, 0.1317483048361773)	(92.0, 0.09368691661346815)	(93.0, 0.06042202246415569)	(94.0, 0.04071843889646129)	(95.0, 0.034852223123242286)	(96.0, 0.03171207232698977)	(97.0, 0.03398954433306303)	(98.0, 0.04154661053503338)	(99.0, 0.04020083162235374)	(100.0, 0.019841612174123086)
SRR20277650_2	(0.0, 19.983248137233304)	(1.0, 10.5459752071012)	(2.0, 1.0077370049783756)	(3.0, 0.7473771556670927)	(4.0, 0.5903240077040122)	(5.0, 0.9280929306216743)	(6.0, 1.824824898334073)	(7.0, 1.468324540556572)	(8.0, 0.4104241854043098)	(9.0, 0.2202717406150367)	(10.0, 0.14467195333034624)	(11.0, 0.10575455931284014)	(12.0, 0.08553312395278685)	(13.0, 0.07254883387948947)	(14.0, 0.06084168709209019)	(15.0, 0.052362874721822224)	(16.0, 0.048886206887988504)	(17.0, 0.04828311144742551)	(18.0, 0.04736073018538799)	(19.0, 0.049985969161956315)	(20.0, 0.058322876722680043)	(21.0, 0.06658883187863165)	(22.0, 0.0741452629868621)	(23.0, 0.08769717229833641)	(24.0, 0.11079218005166044)	(25.0, 0.13747028424597638)	(26.0, 0.17074696208409917)	(27.0, 0.21640483455495638)	(28.0, 0.26571675587157756)	(29.0, 0.3106296280923275)	(30.0, 0.3605801210518978)	(31.0, 0.4279139531806367)	(32.0, 0.5128439816928605)	(33.0, 0.5778718606665056)	(34.0, 0.6572676016065043)	(35.0, 0.8222674189040621)	(36.0, 1.082095125179554)	(37.0, 1.44161096015987)	(38.0, 1.694875568993941)	(39.0, 1.7197089106641819)	(40.0, 1.690015329267051)	(41.0, 1.7991756040089526)	(42.0, 2.043358305032193)	(43.0, 2.197608833006775)	(44.0, 2.329438401073368)	(45.0, 2.4501284415907385)	(46.0, 2.4359024844339294)	(47.0, 2.4112110475732327)	(48.0, 2.1902297829104747)	(49.0, 1.9671554223069394)	(50.0, 1.942712318862945)	(51.0, 1.8323813294423035)	(52.0, 1.5975288696465966)	(53.0, 1.44161096015987)	(54.0, 1.555134807795257)	(55.0, 1.604978872147669)	(56.0, 1.3751285568883964)	(57.0, 1.1509544340108933)	(58.0, 1.0822725061914842)	(59.0, 1.1144139455532531)	(60.0, 1.2997061506156362)	(61.0, 1.4791093060819338)	(62.0, 1.3802016538296027)	(63.0, 1.1694730116564158)	(64.0, 1.087593936549393)	(65.0, 0.925361263037948)	(66.0, 0.6658173663815444)	(67.0, 0.5099349330972037)	(68.0, 0.4244018091444169)	(69.0, 0.3714713151844177)	(70.0, 0.32723249080900285)	(71.0, 0.29690033776892294)	(72.0, 0.28146818973098753)	(73.0, 0.2573443721084678)	(74.0, 0.22403221806795892)	(75.0, 0.20196602018383059)	(76.0, 0.18671125315782547)	(77.0, 0.1778067263589248)	(78.0, 0.1686893423457078)	(79.0, 0.15985576795157924)	(80.0, 0.15492457581991714)	(81.0, 0.14751004952123092)	(82.0, 0.13782504626983696)	(83.0, 0.13072980579262528)	(84.0, 0.1297719483282017)	(85.0, 0.13204242528090943)	(86.0, 0.14733266850930063)	(87.0, 0.1708888668936434)	(88.0, 0.1843698238003456)	(89.0, 0.19150054047994336)	(90.0, 0.18099958457367005)	(91.0, 0.14403338168739718)	(92.0, 0.10625122614624496)	(93.0, 0.0768769305705886)	(94.0, 0.05988382962766661)	(95.0, 0.05608787597235836)	(96.0, 0.05892597216324303)	(97.0, 0.06690811770010618)	(98.0, 0.07737359740399341)	(99.0, 0.10284551071718337)	(100.0, 0.4981213577026463)
SRR20277651_1	(0.0, 22.460568224981273)	(1.0, 12.596205467504992)	(2.0, 1.8968418506250306)	(3.0, 0.8796332645103062)	(4.0, 0.7430835686967692)	(5.0, 0.6126522612219376)	(6.0, 0.3149732170202954)	(7.0, 0.16013908900380613)	(8.0, 0.11172247839289388)	(9.0, 0.0849147422036525)	(10.0, 0.06510955451766941)	(11.0, 0.05269594580734787)	(12.0, 0.04420800822764082)	(13.0, 0.03762985660336787)	(14.0, 0.034765177670216744)	(15.0, 0.032006597956811954)	(16.0, 0.03094560575934858)	(17.0, 0.02942485027631773)	(18.0, 0.0301675448145421)	(19.0, 0.03508347532945576)	(20.0, 0.04038843631677266)	(21.0, 0.05043249578609266)	(22.0, 0.06097168494756223)	(23.0, 0.07586094211863166)	(24.0, 0.10111255641826009)	(25.0, 0.12608123946523164)	(26.0, 0.15886589836685008)	(27.0, 0.19985556359551865)	(28.0, 0.2521624789304633)	(29.0, 0.30959752321981426)	(30.0, 0.36094954557704184)	(31.0, 0.41474184998843516)	(32.0, 0.48027580138508996)	(33.0, 0.5403986925746814)	(34.0, 0.5988593626549137)	(35.0, 0.6955157518438276)	(36.0, 0.7956734152843706)	(37.0, 0.964371174681048)	(38.0, 1.1744829961853795)	(39.0, 1.326240246829225)	(40.0, 1.6424512880798943)	(41.0, 2.1966428792215993)	(42.0, 2.53195178002661)	(43.0, 2.318091119424574)	(44.0, 2.194556261233255)	(45.0, 2.4274794149830488)	(46.0, 2.607388325266256)	(47.0, 2.4549237464907683)	(48.0, 2.288737001961421)	(49.0, 2.323572912444802)	(50.0, 2.2371020483515367)	(51.0, 2.0820910883021364)	(52.0, 1.8234211905605646)	(53.0, 1.4515787917562322)	(54.0, 1.192555229948839)	(55.0, 1.1184272417527308)	(56.0, 1.1364994755161903)	(57.0, 1.1844563228415352)	(58.0, 1.1622815859145506)	(59.0, 1.1734927368010801)	(60.0, 1.3487686478220307)	(61.0, 1.4055317303863213)	(62.0, 1.303428914583762)	(63.0, 1.040621147272083)	(64.0, 0.669592175819139)	(65.0, 0.4804526334180005)	(66.0, 0.42892377902786233)	(67.0, 0.4160504070319733)	(68.0, 0.3746363449243194)	(69.0, 0.32045501004052285)	(70.0, 0.30386816535351197)	(71.0, 0.2993412653110016)	(72.0, 0.283143451096394)	(73.0, 0.26524804936584495)	(74.0, 0.238900076462171)	(75.0, 0.22436448335692274)	(76.0, 0.24063303038469452)	(77.0, 0.2588467297744826)	(78.0, 0.24813070858010242)	(79.0, 0.24827217420643086)	(80.0, 0.28194099327260214)	(81.0, 0.3161756748440872)	(82.0, 0.3045754934851542)	(83.0, 0.25916502743372155)	(84.0, 0.23164996311283792)	(85.0, 0.21690217156809694)	(86.0, 0.208131302735733)	(87.0, 0.21092524885571992)	(88.0, 0.20883863086737525)	(89.0, 0.19621282371756105)	(90.0, 0.16770750001237825)	(91.0, 0.11904332455539121)	(92.0, 0.08180249842442658)	(93.0, 0.05524232708125998)	(94.0, 0.03805425348235322)	(95.0, 0.03243099483579731)	(96.0, 0.02772726276037633)	(97.0, 0.030768773726438013)	(98.0, 0.0365688644059045)	(99.0, 0.0332444221871859)	(100.0, 0.016374646247518162)
SRR20277651_2	(0.0, 20.29060331775752)	(1.0, 10.709262345376452)	(2.0, 1.0052754450362527)	(3.0, 0.7116949318694246)	(4.0, 0.5404335813119266)	(5.0, 0.8410577031300489)	(6.0, 1.6677377308687964)	(7.0, 1.3485242913730318)	(8.0, 0.37116913011433156)	(9.0, 0.19369923791058974)	(10.0, 0.12976215113260503)	(11.0, 0.10238647627138951)	(12.0, 0.08390608037701461)	(13.0, 0.06582506435462028)	(14.0, 0.05504180781114415)	(15.0, 0.050648629219357574)	(16.0, 0.04734466846024536)	(17.0, 0.044839467445094344)	(18.0, 0.047852970115493394)	(19.0, 0.053335366539954326)	(20.0, 0.05878145570332611)	(21.0, 0.06684166766511634)	(22.0, 0.07475665058255)	(23.0, 0.08721004113612682)	(24.0, 0.11440417969189659)	(25.0, 0.1443576700904414)	(26.0, 0.17369393705047073)	(27.0, 0.2206392256387355)	(28.0, 0.27205030734096514)	(29.0, 0.3126781324997186)	(30.0, 0.3628184600638282)	(31.0, 0.4332545465767699)	(32.0, 0.5237685484720089)	(33.0, 0.5865074956340519)	(34.0, 0.6658388611138342)	(35.0, 0.8386614238981654)	(36.0, 1.1012718433559527)	(37.0, 1.461911867754432)	(38.0, 1.7207463320589484)	(39.0, 1.7229973822464755)	(40.0, 1.678375758367916)	(41.0, 1.815907663373598)	(42.0, 2.059892457892654)	(43.0, 2.207191016131316)	(44.0, 2.340583893372836)	(45.0, 2.4644279609479103)	(46.0, 2.448561687851954)	(47.0, 2.409894454792014)	(48.0, 2.1835549891622827)	(49.0, 1.9597207245477022)	(50.0, 1.940368954387188)	(51.0, 1.826908763483609)	(52.0, 1.5968659572227852)	(53.0, 1.4520362927381847)	(54.0, 1.5565648974138337)	(55.0, 1.5891688178718864)	(56.0, 1.3662785420456238)	(57.0, 1.1608883660643292)	(58.0, 1.0799594810966244)	(59.0, 1.106572703474968)	(60.0, 1.2857127296888105)	(61.0, 1.4531981250930373)	(62.0, 1.3476892243679812)	(63.0, 1.1433519589582721)	(64.0, 1.0818837659343492)	(65.0, 0.9194087725604243)	(66.0, 0.6559995933586759)	(67.0, 0.5012943538578281)	(68.0, 0.41499199424892985)	(69.0, 0.36506951025135514)	(70.0, 0.32977885247270605)	(71.0, 0.30821233938575376)	(72.0, 0.2867910553431581)	(73.0, 0.2583987771714465)	(74.0, 0.23113202409349845)	(75.0, 0.21014642718397253)	(76.0, 0.19903640529069405)	(77.0, 0.19141188046197358)	(78.0, 0.17877695360295104)	(79.0, 0.16723124457660288)	(80.0, 0.16036917223075442)	(81.0, 0.1539790942790649)	(82.0, 0.1449385862678677)	(83.0, 0.13804020666093011)	(84.0, 0.13854850831617815)	(85.0, 0.14087217302588345)	(86.0, 0.15303510549074711)	(87.0, 0.17710681959285038)	(88.0, 0.19264632733900452)	(89.0, 0.19250109829464795)	(90.0, 0.1754366855827497)	(91.0, 0.1350630112516202)	(92.0, 0.09686777258583944)	(93.0, 0.07083546638492232)	(94.0, 0.05674824908233398)	(95.0, 0.0546061206780744)	(96.0, 0.055404880422035604)	(97.0, 0.06143188576283371)	(98.0, 0.07170684065106181)	(99.0, 0.09414472800415355)	(100.0, 0.4588874729057064)
SRR20277652_1	(0.0, 0.4455885069843795)	(1.0, 0.3133991173537981)	(2.0, 0.1074309357549635)	(3.0, 0.03193324881463093)	(4.0, 0.03766289872156232)	(5.0, 0.03780932310807278)	(6.0, 0.022186477695173203)	(7.0, 0.011987700860835334)	(8.0, 0.009473021179459893)	(9.0, 0.007830521539472895)	(10.0, 0.006633661336691672)	(11.0, 0.006188021899485897)	(12.0, 0.006302614897624526)	(13.0, 0.0068883124436664)	(14.0, 0.008187033089237515)	(15.0, 0.011758514864558079)	(16.0, 0.01732900782963026)	(17.0, 0.0258916513016555)	(18.0, 0.04059775272944606)	(19.0, 0.06256777698369073)	(20.0, 0.0968374497048148)	(21.0, 0.1497030195127684)	(22.0, 0.22207486411498617)	(23.0, 0.3204465867393237)	(24.0, 0.4520566451015377)	(25.0, 0.6209030615811313)	(26.0, 0.8319260676534144)	(27.0, 1.0790904320830856)	(28.0, 1.36496813105059)	(29.0, 1.6772213184230018)	(30.0, 1.9891434593563466)	(31.0, 2.3068716455287146)	(32.0, 2.622066053186685)	(33.0, 2.888074599532486)	(34.0, 3.1061068773242484)	(35.0, 3.284891053253531)	(36.0, 3.4396043332960273)	(37.0, 3.5451190194710054)	(38.0, 3.57227756002986)	(39.0, 3.564141457162018)	(40.0, 3.539287509121284)	(41.0, 3.4990335353862543)	(42.0, 3.4184682914171245)	(43.0, 3.286552651726541)	(44.0, 3.1367095741049367)	(45.0, 3.0090466079008307)	(46.0, 2.906072066517925)	(47.0, 2.7942674980006705)	(48.0, 2.6736583674597645)	(49.0, 2.575942371435887)	(50.0, 2.5244901152716435)	(51.0, 2.4755780038994724)	(52.0, 2.3504042522660447)	(53.0, 2.173116151590239)	(54.0, 2.023591387852353)	(55.0, 1.9368699533721092)	(56.0, 1.848308664643973)	(57.0, 1.739865490738785)	(58.0, 1.6137304311765275)	(59.0, 1.4965781894128038)	(60.0, 1.4294203262258938)	(61.0, 1.3388345611973085)	(62.0, 1.2356053687074278)	(63.0, 1.0932553999085548)	(64.0, 0.8922210835073555)	(65.0, 0.7341082111867467)	(66.0, 0.6503470958250842)	(67.0, 0.5985192292780527)	(68.0, 0.49650599582397653)	(69.0, 0.36652570454640077)	(70.0, 0.285992291965643)	(71.0, 0.23511936706976663)	(72.0, 0.19121751622732347)	(73.0, 0.15495519859412216)	(74.0, 0.125110088856684)	(75.0, 0.10229334967174836)	(76.0, 0.09197997983927186)	(77.0, 0.08508530111793108)	(78.0, 0.07824155261798527)	(79.0, 0.07032826946874558)	(80.0, 0.06480870672506835)	(81.0, 0.07123228089850588)	(82.0, 0.06319803847345319)	(83.0, 0.039553683190849676)	(84.0, 0.0241090935528324)	(85.0, 0.019264356242638198)	(86.0, 0.01836034481287791)	(87.0, 0.015890229075223045)	(88.0, 0.012293282189205007)	(89.0, 0.009186538684113324)	(90.0, 0.006557266004599254)	(91.0, 0.004819272199496733)	(92.0, 0.0038579642706671334)	(93.0, 0.0030558132836967394)	(94.0, 0.002610173846490965)	(95.0, 0.002030842578123458)	(96.0, 0.002336423906493132)	(97.0, 0.0027693307883501703)	(98.0, 0.002642005234862806)	(99.0, 0.002119970465564613)	(100.0, 0.0008976451520859173)
SRR20277652_2	(0.0, 0.40736457539024795)	(1.0, 0.22217630351002043)	(2.0, 0.030473455711508113)	(3.0, 0.022400216609649283)	(4.0, 0.0260837512353201)	(5.0, 0.05342079490804459)	(6.0, 0.10541652633396438)	(7.0, 0.08561832295730191)	(8.0, 0.028704850139942506)	(9.0, 0.01897115760578647)	(10.0, 0.01616556387535326)	(11.0, 0.01566297452228246)	(12.0, 0.015643888850646857)	(13.0, 0.016992609646229263)	(14.0, 0.019321061585772473)	(15.0, 0.023023681883078885)	(16.0, 0.030263513323516514)	(17.0, 0.04093876565836215)	(18.0, 0.05613732217084501)	(19.0, 0.08217017828180351)	(20.0, 0.11987710354320405)	(21.0, 0.17306887039162144)	(22.0, 0.25130740031649135)	(23.0, 0.35783725749586576)	(24.0, 0.49789427784844426)	(25.0, 0.6787182928146644)	(26.0, 0.9025932211002533)	(27.0, 1.1704606225059004)	(28.0, 1.4670774072853063)	(29.0, 1.7743249111657415)	(30.0, 2.081814166886894)	(31.0, 2.3823562381326884)	(32.0, 2.674068005301745)	(33.0, 2.9186954205457765)	(34.0, 3.096726565562654)	(35.0, 3.2436544277040484)	(36.0, 3.3615211738349693)	(37.0, 3.435751712716363)	(38.0, 3.468922610019036)	(39.0, 3.460664876091366)	(40.0, 3.4140194946139597)	(41.0, 3.3365634772261497)	(42.0, 3.228621280345741)	(43.0, 3.1202464749082583)	(44.0, 3.025161658819699)	(45.0, 2.916354244825143)	(46.0, 2.813819654908154)	(47.0, 2.74021258130019)	(48.0, 2.64622837227595)	(49.0, 2.531733428133985)	(50.0, 2.424643724586633)	(51.0, 2.318037524720716)	(52.0, 2.204006998588551)	(53.0, 2.1163401468756944)	(54.0, 2.047841671375526)	(55.0, 1.9502439085216126)	(56.0, 1.845896179799242)	(57.0, 1.764228590870509)	(58.0, 1.6635834824454445)	(59.0, 1.539233969848965)	(60.0, 1.4575409333580513)	(61.0, 1.3968675832284787)	(62.0, 1.3153081464390144)	(63.0, 1.2098025536374173)	(64.0, 1.05022089120162)	(65.0, 0.854013824897106)	(66.0, 0.698262020569519)	(67.0, 0.579848151851711)	(68.0, 0.47912033884955896)	(69.0, 0.3925795417632031)	(70.0, 0.31849532636434874)	(71.0, 0.26033492300013017)	(72.0, 0.2127225341598532)	(73.0, 0.17378776402322904)	(74.0, 0.14695967159412054)	(75.0, 0.1288791786646621)	(76.0, 0.12191927040821325)	(77.0, 0.11536016125611202)	(78.0, 0.09454405539221755)	(79.0, 0.07008894813646867)	(80.0, 0.053757975106940206)	(81.0, 0.044539595706945365)	(82.0, 0.03527032118258893)	(83.0, 0.027699671433800904)	(84.0, 0.022731034917999684)	(85.0, 0.01945466128722167)	(86.0, 0.017698779496746468)	(87.0, 0.016986247755684063)	(88.0, 0.01633097302952846)	(89.0, 0.015637526960101657)	(90.0, 0.014422405865968454)	(91.0, 0.012672885966038445)	(92.0, 0.011629535916625643)	(93.0, 0.011686792931532443)	(94.0, 0.011445041090814843)	(95.0, 0.011616812135535243)	(96.0, 0.013067323179840848)	(97.0, 0.01581565989536726)	(98.0, 0.01853854904871287)	(99.0, 0.01829679720799527)	(100.0, 0.03274465063614452)
SRR20277653_1	(0.0, 0.4387836332623757)	(1.0, 0.3043443604274966)	(2.0, 0.1013178747706379)	(3.0, 0.030444855672498532)	(4.0, 0.036338458749206805)	(5.0, 0.03783628052560781)	(6.0, 0.022421740765863625)	(7.0, 0.011513690872508536)	(8.0, 0.00873295218327712)	(9.0, 0.007606329716679848)	(10.0, 0.006785783873955824)	(11.0, 0.006186655163395423)	(12.0, 0.006128044746057994)	(13.0, 0.006968127394561161)	(14.0, 0.008185921621461102)	(15.0, 0.011402982306426723)	(16.0, 0.017472416635147286)	(17.0, 0.02679798526039176)	(18.0, 0.04109892709072476)	(19.0, 0.0616842081133489)	(20.0, 0.09588013049544297)	(21.0, 0.1490723403634575)	(22.0, 0.22127386225457862)	(23.0, 0.3173819221507783)	(24.0, 0.4467481377516731)	(25.0, 0.6164057591377549)	(26.0, 0.8280284393374366)	(27.0, 1.075136471100636)	(28.0, 1.3635518225495376)	(29.0, 1.6766877455776485)	(30.0, 1.9911196100557762)	(31.0, 2.304385778455748)	(32.0, 2.61271564726219)	(33.0, 2.8861658054842683)	(34.0, 3.101630724153848)	(35.0, 3.2850487690770396)	(36.0, 3.4408352583599298)	(37.0, 3.543976568336621)	(38.0, 3.5795530916604408)	(39.0, 3.570286133452534)	(40.0, 3.5329057117284393)	(41.0, 3.484558629693652)	(42.0, 3.413373021703047)	(43.0, 3.283954707953408)	(44.0, 3.1312224726406575)	(45.0, 3.0096319057398615)	(46.0, 2.9083075187006306)	(47.0, 2.7924347236245306)	(48.0, 2.682976513112583)	(49.0, 2.6011172968979723)	(50.0, 2.5410741804700714)	(51.0, 2.4855245293713732)	(52.0, 2.358287825600405)	(53.0, 2.1698488215919736)	(54.0, 2.0221701067074282)	(55.0, 1.9440228835908544)	(56.0, 1.8554755675311834)	(57.0, 1.7343278348947149)	(58.0, 1.6050527910541228)	(59.0, 1.50171611301964)	(60.0, 1.4445904929214244)	(61.0, 1.349980254801626)	(62.0, 1.238854903529858)	(63.0, 1.0958650220323072)	(64.0, 0.8942126250485816)	(65.0, 0.7331772472796952)	(66.0, 0.6516045708831782)	(67.0, 0.6030295594476346)	(68.0, 0.49879418834731126)	(69.0, 0.3643744523182113)	(70.0, 0.2840260824171874)	(71.0, 0.23346482906076416)	(72.0, 0.18925303758256254)	(73.0, 0.15321414318863594)	(74.0, 0.12368100511916408)	(75.0, 0.10200817524150096)	(76.0, 0.09232443184363888)	(77.0, 0.08486137203600606)	(78.0, 0.07690337981530165)	(79.0, 0.06936217278455227)	(80.0, 0.0651291981990712)	(81.0, 0.07123770613935004)	(82.0, 0.06292805141462104)	(83.0, 0.03909314836406603)	(84.0, 0.022662694703806396)	(85.0, 0.017713370573090057)	(86.0, 0.0171337786683088)	(87.0, 0.015258245313511032)	(88.0, 0.011897914719498357)	(89.0, 0.008570145468450923)	(90.0, 0.006180142894802376)	(91.0, 0.004337170882969844)	(92.0, 0.0033473060568265764)	(93.0, 0.002924008598278469)	(94.0, 0.002526760214102552)	(95.0, 0.0019732173836934878)	(96.0, 0.001510846313587093)	(97.0, 0.0016085303424828103)	(98.0, 0.001927631503542153)	(99.0, 0.001725751177157671)	(100.0, 0.000814033574130977)
SRR20277653_2	(0.0, 0.38832833463973615)	(1.0, 0.21206808983434675)	(2.0, 0.02866189558479248)	(3.0, 0.02010367744355676)	(4.0, 0.024809070383566972)	(5.0, 0.05237759665449816)	(6.0, 0.10068109098472745)	(7.0, 0.08236064682687304)	(8.0, 0.028915713461224568)	(9.0, 0.01843108271937609)	(10.0, 0.016075132174032114)	(11.0, 0.015300662243380366)	(12.0, 0.01538526820219106)	(13.0, 0.01668689833774022)	(14.0, 0.019296666759516284)	(15.0, 0.023650619562928223)	(16.0, 0.03043211256913934)	(17.0, 0.04083213735217712)	(18.0, 0.05573580240421499)	(19.0, 0.07913260409071113)	(20.0, 0.11794070658210931)	(21.0, 0.1744705033690093)	(22.0, 0.2524056077350152)	(23.0, 0.35931499891834534)	(24.0, 0.5005288523240736)	(25.0, 0.6849112691752898)	(26.0, 0.9124947902253825)	(27.0, 1.1802075683544557)	(28.0, 1.474519158303476)	(29.0, 1.7865654588493536)	(30.0, 2.0977396672044133)	(31.0, 2.39604726166957)	(32.0, 2.6790086368366017)	(33.0, 2.9156254710274054)	(34.0, 3.0960704567185853)	(35.0, 3.2379025844386997)	(36.0, 3.349263550685608)	(37.0, 3.417169594857207)	(38.0, 3.454129382556126)	(39.0, 3.4609564326170807)	(40.0, 3.420495259853536)	(41.0, 3.345449774388449)	(42.0, 3.2369068373850043)	(43.0, 3.1295093349008427)	(44.0, 3.0235306092644305)	(45.0, 2.9142132023303344)	(46.0, 2.8243551659226984)	(47.0, 2.740230810262156)	(48.0, 2.643597788998987)	(49.0, 2.541432839659733)	(50.0, 2.427728939168836)	(51.0, 2.305740162865169)	(52.0, 2.1951536665489124)	(53.0, 2.117348725196462)	(54.0, 2.0521695961588375)	(55.0, 1.9540852572945306)	(56.0, 1.8495708655606107)	(57.0, 1.7684793081158983)	(58.0, 1.6594612761129783)	(59.0, 1.5381558556304746)	(60.0, 1.4645096225611032)	(61.0, 1.397742504758109)	(62.0, 1.3150629585480265)	(63.0, 1.2105680912661398)	(64.0, 1.0479749628840167)	(65.0, 0.8507975218003523)	(66.0, 0.6976216874489273)	(67.0, 0.5801170269622269)	(68.0, 0.4773793603633318)	(69.0, 0.3864800198472563)	(70.0, 0.31252790369603084)	(71.0, 0.2587250220431063)	(72.0, 0.2111569487394623)	(73.0, 0.17133357474233582)	(74.0, 0.14422712716952457)	(75.0, 0.1278461119136384)	(76.0, 0.12245085500178714)	(77.0, 0.11738751377450092)	(78.0, 0.09560473345608574)	(79.0, 0.06821843540413142)	(80.0, 0.05317809918786089)	(81.0, 0.04469797885475812)	(82.0, 0.03507242400237209)	(83.0, 0.02657928736791383)	(84.0, 0.020806557716753306)	(85.0, 0.018684900595808178)	(86.0, 0.017715186144824056)	(87.0, 0.016908175460783575)	(88.0, 0.016049099571321133)	(89.0, 0.014871124298649143)	(90.0, 0.013615051217844204)	(91.0, 0.012437075945172214)	(92.0, 0.011558475603676533)	(93.0, 0.011259100672500227)	(94.0, 0.01111592135758982)	(95.0, 0.011402279987410634)	(96.0, 0.012964236150069622)	(97.0, 0.015873379503021996)	(98.0, 0.019166503745961367)	(99.0, 0.019433337923748947)	(100.0, 0.03472749201645156)
SRR20277654_1	(0.0, 0.4426714936337838)	(1.0, 0.30092886029603527)	(2.0, 0.09598086072975423)	(3.0, 0.031074759929302552)	(4.0, 0.03747306248239598)	(5.0, 0.03792827768380183)	(6.0, 0.02237509163576841)	(7.0, 0.012625899405659653)	(8.0, 0.009698612763285883)	(9.0, 0.00800420062471964)	(10.0, 0.006752358820853534)	(11.0, 0.006088503318803328)	(12.0, 0.006056891152039032)	(13.0, 0.006973643988203604)	(14.0, 0.008876696427414198)	(15.0, 0.011766048469670812)	(16.0, 0.01664696701807805)	(17.0, 0.025612177512432274)	(18.0, 0.03986294228977672)	(19.0, 0.061921912257902174)	(20.0, 0.0981178432030206)	(21.0, 0.15051817083151695)	(22.0, 0.2218478639184735)	(23.0, 0.31995306225478837)	(24.0, 0.4479633703501269)	(25.0, 0.6131622314269827)	(26.0, 0.8318994581358495)	(27.0, 1.0878125929595277)	(28.0, 1.3661134642856805)	(29.0, 1.6709432659604297)	(30.0, 1.9884621913743672)	(31.0, 2.3101792125346035)	(32.0, 2.61971290462388)	(33.0, 2.877427932953123)	(34.0, 3.0901335582433624)	(35.0, 3.2765062486189436)	(36.0, 3.439764122656472)	(37.0, 3.5494962759286945)	(38.0, 3.583997794735246)	(39.0, 3.5732623029020916)	(40.0, 3.534752361349827)	(41.0, 3.489964243478173)	(42.0, 3.42134055186624)	(43.0, 3.2839856872753757)	(44.0, 3.1294148366646763)	(45.0, 3.0138913344412344)	(46.0, 2.904551172036889)	(47.0, 2.789438627981383)	(48.0, 2.6836453506879914)	(49.0, 2.588536985760932)	(50.0, 2.534872171461864)	(51.0, 2.494857490771618)	(52.0, 2.3623392876956912)	(53.0, 2.1719581745743977)	(54.0, 2.0249805664204814)	(55.0, 1.9492694270199937)	(56.0, 1.867178952366471)	(57.0, 1.745162311089643)	(58.0, 1.6100139757389265)	(59.0, 1.500578976834288)	(60.0, 1.437531671439577)	(61.0, 1.345755228889474)	(62.0, 1.2404045219307827)	(63.0, 1.0963036209524177)	(64.0, 0.8969446524700642)	(65.0, 0.7344707601682906)	(66.0, 0.6468608011977217)	(67.0, 0.6012381221234905)	(68.0, 0.5001550576779789)	(69.0, 0.36489291852691097)	(70.0, 0.2818098218369893)	(71.0, 0.23001644781036745)	(72.0, 0.18544961510606356)	(73.0, 0.14804609939054902)	(74.0, 0.11938650900203866)	(75.0, 0.09874376410495367)	(76.0, 0.0883307163727947)	(77.0, 0.08234337198763711)	(78.0, 0.07555307856666642)	(79.0, 0.06831389237764274)	(80.0, 0.06397670309758138)	(81.0, 0.06848459807816994)	(82.0, 0.06003782711875015)	(83.0, 0.03741616058222024)	(84.0, 0.021812395067363946)	(85.0, 0.01690618678554527)	(86.0, 0.01642568185072798)	(87.0, 0.014623788345163135)	(88.0, 0.011399347335204984)	(89.0, 0.008459415826125496)	(90.0, 0.006113793052214764)	(91.0, 0.004324544413355634)	(92.0, 0.003376179410426767)	(93.0, 0.002901996908962334)	(94.0, 0.0024847163076736323)	(95.0, 0.0020611132730320716)	(96.0, 0.002080080573090649)	(97.0, 0.002364590073969309)	(98.0, 0.0023329779072050133)	(99.0, 0.0017766037721534114)	(100.0, 0.0007650144356959529)
SRR20277654_2	(0.0, 0.37594614789225556)	(1.0, 0.20634490836873728)	(2.0, 0.030244616613132727)	(3.0, 0.02224091999268414)	(4.0, 0.025737005483290828)	(5.0, 0.0536298249852017)	(6.0, 0.10426932729941431)	(7.0, 0.08407674672618146)	(8.0, 0.02811409073549357)	(9.0, 0.017929291955444064)	(10.0, 0.015349901575394285)	(11.0, 0.014458494605818257)	(12.0, 0.014382630182875616)	(13.0, 0.014825172650041019)	(14.0, 0.016190732263008552)	(15.0, 0.02067305525186957)	(16.0, 0.02763993809210207)	(17.0, 0.037097702818951264)	(18.0, 0.05187862122227574)	(19.0, 0.07592132125984759)	(20.0, 0.11336041398204075)	(21.0, 0.16803337478270375)	(22.0, 0.24606625581445485)	(23.0, 0.35101836292035293)	(24.0, 0.490792240156923)	(25.0, 0.6766853645073735)	(26.0, 0.9016802768495098)	(27.0, 1.1628941291115118)	(28.0, 1.4618442097522324)	(29.0, 1.774215971218555)	(30.0, 2.086878546306158)	(31.0, 2.3973853073751408)	(32.0, 2.6808780118412985)	(33.0, 2.912144383146693)	(34.0, 3.0952558119892464)	(35.0, 3.2446644709395325)	(36.0, 3.3533529008753553)	(37.0, 3.424425221102119)	(38.0, 3.4624269749611365)	(39.0, 3.4576475163157503)	(40.0, 3.4179072027642974)	(41.0, 3.350994781728888)	(42.0, 3.2442661827190835)	(43.0, 3.1316201587197523)	(44.0, 3.0307457643470213)	(45.0, 2.921943537776784)	(46.0, 2.823111160788259)	(47.0, 2.7463553308760424)	(48.0, 2.646916038503976)	(49.0, 2.5384615238722263)	(50.0, 2.442410842391598)	(51.0, 2.331490734014212)	(52.0, 2.208735775657775)	(53.0, 2.1204359093877865)	(54.0, 2.0597380489984283)	(55.0, 1.961961451895855)	(56.0, 1.8507631739676795)	(57.0, 1.7712003604065854)	(58.0, 1.6699276778134053)	(59.0, 1.5460600412538088)	(60.0, 1.4636775999733465)	(61.0, 1.398389941995959)	(62.0, 1.3189219589635428)	(63.0, 1.2156072589861566)	(64.0, 1.0588713611866614)	(65.0, 0.8594048271647234)	(66.0, 0.6979210808960676)	(67.0, 0.5790162420039688)	(68.0, 0.47503772832583463)	(69.0, 0.38659245524520613)	(70.0, 0.31483735521195855)	(71.0, 0.2574079870443796)	(72.0, 0.20769782391121433)	(73.0, 0.16819142566383424)	(74.0, 0.14201819974862323)	(75.0, 0.12571999288644595)	(76.0, 0.11787434714712786)	(77.0, 0.1117419729592644)	(78.0, 0.09209308741712048)	(79.0, 0.06682391254197595)	(80.0, 0.05274474005087089)	(81.0, 0.04398872123624112)	(82.0, 0.033949329266831675)	(83.0, 0.026464039536491134)	(84.0, 0.021431699481295974)	(85.0, 0.01842241070457123)	(86.0, 0.01709478330307502)	(87.0, 0.016304528897422513)	(88.0, 0.015552206703241327)	(89.0, 0.014976901495926303)	(90.0, 0.013959053821445874)	(91.0, 0.012650392525685323)	(92.0, 0.011506104146300494)	(93.0, 0.010715849740647987)	(94.0, 0.010684239564421888)	(95.0, 0.01112678203158729)	(96.0, 0.01253027385602614)	(97.0, 0.015381511751620384)	(98.0, 0.01804941062510325)	(99.0, 0.017929291955444064)	(100.0, 0.03304527822676521)
SRR20277655_1	(0.0, 0.43853849058692373)	(1.0, 0.2905119137945649)	(2.0, 0.08649881763231533)	(3.0, 0.029318899704591925)	(4.0, 0.03738885427674693)	(5.0, 0.03777590245766564)	(6.0, 0.021087675057054125)	(7.0, 0.011327610094887442)	(8.0, 0.008644076040517753)	(9.0, 0.0071152357258888665)	(10.0, 0.006270180530883026)	(11.0, 0.006083107243438985)	(12.0, 0.005902484759010256)	(13.0, 0.0064249998032505085)	(14.0, 0.007986094132955953)	(15.0, 0.011114733595382153)	(16.0, 0.016946259521223982)	(17.0, 0.026848242149727523)	(18.0, 0.04137545054020959)	(19.0, 0.0638242450334945)	(20.0, 0.09865213051316267)	(21.0, 0.15007793215122797)	(22.0, 0.22168829642420376)	(23.0, 0.31906316794033474)	(24.0, 0.4491436107440963)	(25.0, 0.6219090171001757)	(26.0, 0.8360111691783727)	(27.0, 1.087463470715225)	(28.0, 1.3762078644835944)	(29.0, 1.6846143058426342)	(30.0, 2.0031549587387287)	(31.0, 2.321960094558451)	(32.0, 2.6293860138591634)	(33.0, 2.8889211715742014)	(34.0, 3.10450700834592)	(35.0, 3.2969731671107616)	(36.0, 3.455849994574875)	(37.0, 3.5523927125020305)	(38.0, 3.5812794084045967)	(39.0, 3.573848083330957)	(40.0, 3.5377880944753644)	(41.0, 3.486588070942835)	(42.0, 3.4127973352506844)	(43.0, 3.287051832073212)	(44.0, 3.1369803507249996)	(45.0, 3.0149182560692704)	(46.0, 2.9024807595123865)	(47.0, 2.782495823427588)	(48.0, 2.682198738145521)	(49.0, 2.5993446242168563)	(50.0, 2.5348107908516777)	(51.0, 2.4806821027501966)	(52.0, 2.355420409798873)	(53.0, 2.166895691676387)	(54.0, 2.0174563890236747)	(55.0, 1.9369181133775077)	(56.0, 1.8523416350437552)	(57.0, 1.7337565232132792)	(58.0, 1.6027923203964198)	(59.0, 1.498979547471008)	(60.0, 1.433368430002272)	(61.0, 1.3416057571094624)	(62.0, 1.2401926829057461)	(63.0, 1.0948818941828335)	(64.0, 0.8908946012326453)	(65.0, 0.7306373019232553)	(66.0, 0.6481186297513873)	(67.0, 0.5982861764581041)	(68.0, 0.49222852408336343)	(69.0, 0.3605482821318046)	(70.0, 0.28007451451579046)	(71.0, 0.23040978210090526)	(72.0, 0.18847311169836353)	(73.0, 0.15037466908993233)	(74.0, 0.12103641697629446)	(75.0, 0.09873599095236171)	(76.0, 0.0873051680092293)	(77.0, 0.08137042923514248)	(78.0, 0.07593885309624998)	(79.0, 0.06850752802261084)	(80.0, 0.06317916473196333)	(81.0, 0.06820434028089119)	(82.0, 0.05976668993686341)	(83.0, 0.03773719763957377)	(84.0, 0.02282294106817299)	(85.0, 0.018468649032837556)	(86.0, 0.017842921140352314)	(87.0, 0.01529485394930417)	(88.0, 0.011450175352178365)	(89.0, 0.008205421435476553)	(90.0, 0.006018599213285868)	(91.0, 0.004302685611212941)	(92.0, 0.0032705571287630596)	(93.0, 0.0027093372664309372)	(94.0, 0.0022255270402825552)	(95.0, 0.0018191264503179148)	(96.0, 0.0015030371025676389)	(97.0, 0.0015481927236748211)	(98.0, 0.0016707579809657443)	(99.0, 0.0014320782693992096)	(100.0, 0.0007547439527914753)
SRR20277655_2	(0.0, 0.3770614156952798)	(1.0, 0.2064479295095996)	(2.0, 0.02872689175031262)	(3.0, 0.019239406845797606)	(4.0, 0.022947975044367373)	(5.0, 0.05010759362554529)	(6.0, 0.09590679845692604)	(7.0, 0.07627396089788886)	(8.0, 0.02515376691203844)	(9.0, 0.016820775411947757)	(10.0, 0.014776225639866683)	(11.0, 0.014105458522212325)	(12.0, 0.013615282551618754)	(13.0, 0.01433764713986191)	(14.0, 0.016923970353125352)	(15.0, 0.021174311992877486)	(16.0, 0.027798137279714273)	(17.0, 0.037433964912172074)	(18.0, 0.05201670003733077)	(19.0, 0.07640295457436086)	(20.0, 0.1144044916630097)	(21.0, 0.1704135459871486)	(22.0, 0.24704868917915906)	(23.0, 0.35492610081268594)	(24.0, 0.5013339236083969)	(25.0, 0.6829570200809616)	(26.0, 0.9092183782966591)	(27.0, 1.1815627274319758)	(28.0, 1.4819245030970092)	(29.0, 1.7951469483063)	(30.0, 2.102887162265531)	(31.0, 2.40983406511446)	(32.0, 2.694110329323436)	(33.0, 2.9286788803039294)	(34.0, 3.1105599641294384)	(35.0, 3.2597411509692975)	(36.0, 3.3697792066837295)	(37.0, 3.4328506647947106)	(38.0, 3.470116937927469)	(39.0, 3.4690462904127513)	(40.0, 3.428503577897604)	(41.0, 3.346412002190829)	(42.0, 3.232297746299881)	(43.0, 3.1274387866957984)	(44.0, 3.026649577584408)	(45.0, 2.9198363637817746)	(46.0, 2.8309726200602197)	(47.0, 2.749280924750507)	(48.0, 2.64640201808027)	(49.0, 2.534009827770223)	(50.0, 2.424281356879323)	(51.0, 2.3107733712677936)	(52.0, 2.194956398847416)	(53.0, 2.1165798410230336)	(54.0, 2.0525473800223364)	(55.0, 1.9487332691976773)	(56.0, 1.844164545365657)	(57.0, 1.7627824348794774)	(58.0, 1.65852329587099)	(59.0, 1.537952906472619)	(60.0, 1.460395458493834)	(61.0, 1.3981108618093323)	(62.0, 1.314626154396659)	(63.0, 1.2093092672411014)	(64.0, 1.045255109504022)	(65.0, 0.8421029684282818)	(66.0, 0.6896711409413288)	(67.0, 0.5748861179327267)	(68.0, 0.4717814723286635)	(69.0, 0.3825307475776923)	(70.0, 0.31160357456956744)	(71.0, 0.2562330389439649)	(72.0, 0.2071380456787247)	(73.0, 0.16878177597977792)	(74.0, 0.1429959400530267)	(75.0, 0.12692977764844013)	(76.0, 0.1207251818101373)	(77.0, 0.11366277802329573)	(78.0, 0.09217888120688547)	(79.0, 0.06727020228014383)	(80.0, 0.051681316478503596)	(81.0, 0.04301294141958573)	(82.0, 0.03304173022830075)	(83.0, 0.025302109639981227)	(84.0, 0.020542242978164725)	(85.0, 0.017833375772252892)	(86.0, 0.01658213711047457)	(87.0, 0.015969417147232608)	(88.0, 0.015376046235461446)	(89.0, 0.013899068639857137)	(90.0, 0.012892917963375598)	(91.0, 0.012467238831018026)	(92.0, 0.010880616610412525)	(93.0, 0.010074406132462573)	(94.0, 0.010512984632467347)	(95.0, 0.011177302066298106)	(96.0, 0.01239629230895843)	(97.0, 0.015156756985459059)	(98.0, 0.01847834415461285)	(99.0, 0.018426746684024057)	(100.0, 0.031197120654751262)
SRR20277656_1	(0.0, 0.12265265790557214)	(1.0, 0.07487095997072588)	(2.0, 0.015840789048503987)	(3.0, 0.0047003705566843355)	(4.0, 0.006553505155469079)	(5.0, 0.0066507542014694445)	(6.0, 0.004116876280682142)	(7.0, 0.0030255258755669283)	(8.0, 0.002787805985343812)	(9.0, 0.0028418332331217933)	(10.0, 0.0030903585729005053)	(11.0, 0.0034145220595683903)	(12.0, 0.004311374372682872)	(13.0, 0.005516181998131846)	(14.0, 0.007979824496807774)	(15.0, 0.012150728025267897)	(16.0, 0.01781278359240029)	(17.0, 0.027732186284437577)	(18.0, 0.044086234186832385)	(19.0, 0.06796087497992212)	(20.0, 0.10446168357872598)	(21.0, 0.16224382507727653)	(22.0, 0.24206368094446545)	(23.0, 0.347341175964639)	(24.0, 0.48804433735283453)	(25.0, 0.6755729143902061)	(26.0, 0.9079278989089683)	(27.0, 1.179177099103099)	(28.0, 1.4979000419197415)	(29.0, 1.8409352462364754)	(30.0, 2.1926310183720195)	(31.0, 2.5373788864433156)	(32.0, 2.8587599698506345)	(33.0, 3.122256259988625)	(34.0, 3.340007679432999)	(35.0, 3.5471049256155553)	(36.0, 3.7103860738501693)	(37.0, 3.8012707100622887)	(38.0, 3.809725974339542)	(39.0, 3.7756347809916364)	(40.0, 3.716426320151747)	(41.0, 3.6317494147093177)	(42.0, 3.538509190494079)	(43.0, 3.402609051433345)	(44.0, 3.23611868468072)	(45.0, 3.095415523292524)	(46.0, 2.9698670049060523)	(47.0, 2.842054744837683)	(48.0, 2.7159281348999866)	(49.0, 2.5885751064377303)	(50.0, 2.5046491797394146)	(51.0, 2.4496170251527634)	(52.0, 2.361568819448988)	(53.0, 2.199265564399156)	(54.0, 1.9764950136362072)	(55.0, 1.8178980277839443)	(56.0, 1.7055537687544111)	(57.0, 1.5752346443891434)	(58.0, 1.4430731908746466)	(59.0, 1.3249426136080913)	(60.0, 1.267900645404099)	(61.0, 1.197508544274168)	(62.0, 1.0945866372571145)	(63.0, 0.9357519315146285)	(64.0, 0.7181842047126996)	(65.0, 0.5600896722647719)	(66.0, 0.48472706433926643)	(67.0, 0.45237554836981153)	(68.0, 0.3650080859880387)	(69.0, 0.25037307165271894)	(70.0, 0.18195836779146174)	(71.0, 0.1419998153348671)	(72.0, 0.10975095113619031)	(73.0, 0.08454724004776225)	(74.0, 0.06756107334636507)	(75.0, 0.054637755677872046)	(76.0, 0.04624732409795162)	(77.0, 0.03994774700703905)	(78.0, 0.03593892522191287)	(79.0, 0.03465307672479693)	(80.0, 0.03548509634057783)	(81.0, 0.0389536456479242)	(82.0, 0.03448559225668518)	(83.0, 0.02170814815719271)	(84.0, 0.013555436467495397)	(85.0, 0.01216693619960129)	(86.0, 0.011707704593488452)	(87.0, 0.008698386892254918)	(88.0, 0.005705277365354779)	(89.0, 0.003911572739125814)	(90.0, 0.0028850550313441778)	(91.0, 0.002188103535008225)	(92.0, 0.0017883019014511663)	(93.0, 0.0011940021758933771)	(94.0, 0.000750978744113934)	(95.0, 0.0007725896432251263)	(96.0, 0.0014965547634500699)	(97.0, 0.0017828991766733685)	(98.0, 0.0012912512218937425)	(99.0, 0.0009076577626700784)	(100.0, 0.00034577438577907755)
SRR20277656_2	(0.0, 0.12522659607373982)	(1.0, 0.06592719899322178)	(2.0, 0.00634714580565115)	(3.0, 0.006109667561222026)	(4.0, 0.007291661550539716)	(5.0, 0.012289499149207203)	(6.0, 0.021777834460716322)	(7.0, 0.018264235889730862)	(8.0, 0.00844666937571773)	(9.0, 0.007664070615667206)	(10.0, 0.008241574528256213)	(11.0, 0.009855347143808675)	(12.0, 0.011944076248219386)	(13.0, 0.014550939704111823)	(14.0, 0.01837757777911749)	(15.0, 0.02432532835550148)	(16.0, 0.03283136729232649)	(17.0, 0.043744572070410354)	(18.0, 0.06053536339811506)	(19.0, 0.08643128650654552)	(20.0, 0.12666765723879836)	(21.0, 0.18731636252630005)	(22.0, 0.2717722618178215)	(23.0, 0.3895614710546673)	(24.0, 0.5450665432931205)	(25.0, 0.744575254777725)	(26.0, 0.994083931180316)	(27.0, 1.2855830789842386)	(28.0, 1.6109822461804189)	(29.0, 1.950500574454476)	(30.0, 2.293440748341444)	(31.0, 2.616977870211987)	(32.0, 2.9124871620070647)	(33.0, 3.157591696422061)	(34.0, 3.345194112288242)	(35.0, 3.5033222396810713)	(36.0, 3.610192846907005)	(37.0, 3.671996560019685)	(38.0, 3.683136448576542)	(39.0, 3.6516004171629195)	(40.0, 3.592506114929863)	(41.0, 3.4934345091402945)	(42.0, 3.3704693536214596)	(43.0, 3.2440121884629503)	(44.0, 3.117538831605958)	(45.0, 2.9967271719854685)	(46.0, 2.8789649489127624)	(47.0, 2.7594648168694613)	(48.0, 2.6392900307226688)	(49.0, 2.5222510368489055)	(50.0, 2.4153804296229717)	(51.0, 2.2999983862273843)	(52.0, 2.176202056853047)	(53.0, 2.1355393047273874)	(54.0, 2.0904400272171655)	(55.0, 1.9244481315940354)	(56.0, 1.7482446714604531)	(57.0, 1.6195260657470394)	(58.0, 1.4909208019230125)	(59.0, 1.3586184336118503)	(60.0, 1.2785558818422678)	(61.0, 1.2286530671151839)	(62.0, 1.1406781720198491)	(63.0, 1.0203306744225622)	(64.0, 0.8642265093402083)	(65.0, 0.6738013407050178)	(66.0, 0.5276982480528268)	(67.0, 0.42791420752997095)	(68.0, 0.3408514447825571)	(69.0, 0.2668769716428847)	(70.0, 0.2107025723697409)	(71.0, 0.1670767394215451)	(72.0, 0.1306508150658141)	(73.0, 0.1026877517842847)	(74.0, 0.0826262373628516)	(75.0, 0.07024498525556949)	(76.0, 0.0620843692197323)	(77.0, 0.05441490137123717)	(78.0, 0.04422492579209654)	(79.0, 0.032512930555478346)	(80.0, 0.023591304690902364)	(81.0, 0.019548777302779312)	(82.0, 0.01612693168986874)	(83.0, 0.01372516308143782)	(84.0, 0.012105993233057426)	(85.0, 0.01111290239271745)	(86.0, 0.01071890439627822)	(87.0, 0.010351892563978662)	(88.0, 0.010141400483689212)	(89.0, 0.009596279968067813)	(90.0, 0.009007981589822935)	(91.0, 0.00847905277268534)	(92.0, 0.007874562695956657)	(93.0, 0.007750426340914161)	(94.0, 0.00806346584493437)	(95.0, 0.008187602199976867)	(96.0, 0.009196884738800646)	(97.0, 0.011139888556857122)	(98.0, 0.013153056401676747)	(99.0, 0.013136864703192943)	(100.0, 0.023969110988857793)
SRR20277657_1	(0.0, 0.11805641374622466)	(1.0, 0.07195389042129129)	(2.0, 0.01516356308786367)	(3.0, 0.004337958615103129)	(4.0, 0.006223068966266116)	(5.0, 0.0065868621919291485)	(6.0, 0.004117477872277049)	(7.0, 0.002948929935298824)	(8.0, 0.0027725453410379595)	(9.0, 0.0028882977310216514)	(10.0, 0.003180434715266208)	(11.0, 0.0037095884980488003)	(12.0, 0.004376542745097693)	(13.0, 0.005820691610608519)	(14.0, 0.00816329950313562)	(15.0, 0.012280777375412673)	(16.0, 0.018448726155972265)	(17.0, 0.02789632598606981)	(18.0, 0.042988232832515)	(19.0, 0.06809547742183489)	(20.0, 0.10470079274953487)	(21.0, 0.16011862745887015)	(22.0, 0.2395302790062536)	(23.0, 0.34499173031853847)	(24.0, 0.4910988065708112)	(25.0, 0.6778845798744958)	(26.0, 0.9070798240607768)	(27.0, 1.1822783752377195)	(28.0, 1.4993903156259)	(29.0, 1.841427603990569)	(30.0, 2.19151243946839)	(31.0, 2.535423814147081)	(32.0, 2.8442511906235715)	(33.0, 3.110310815010373)	(34.0, 3.34099430421073)	(35.0, 3.5425688233394736)	(36.0, 3.7017724557156164)	(37.0, 3.7883883155348417)	(38.0, 3.8015565279001295)	(39.0, 3.7747129974610543)	(40.0, 3.7177958937005013)	(41.0, 3.6334179134209603)	(42.0, 3.5377292710344412)	(43.0, 3.40262418384919)	(44.0, 3.234772194335695)	(45.0, 3.0942763529883464)	(46.0, 2.9742631726495405)	(47.0, 2.844300798790707)	(48.0, 2.7070790964743257)	(49.0, 2.5841665943673564)	(50.0, 2.5089771490450925)	(51.0, 2.4597493111905995)	(52.0, 2.3743736555497703)	(53.0, 2.2037656567509494)	(54.0, 1.9827061519749507)	(55.0, 1.8251561251700046)	(56.0, 1.7101919538419157)	(57.0, 1.5839998006854084)	(58.0, 1.4510388887241408)	(59.0, 1.3323982010094269)	(60.0, 1.2793891184154667)	(61.0, 1.2087140163025665)	(62.0, 1.100540651853521)	(63.0, 0.9320106840558359)	(64.0, 0.711000787446973)	(65.0, 0.5550161739160919)	(66.0, 0.4853773312944744)	(67.0, 0.45793850284976867)	(68.0, 0.3665216748555052)	(69.0, 0.24753372997084033)	(70.0, 0.18068948076454344)	(71.0, 0.14077695429445225)	(72.0, 0.10868047015754562)	(73.0, 0.08356220153108443)	(74.0, 0.06600642238355778)	(75.0, 0.053444532061041855)	(76.0, 0.04482924703511277)	(77.0, 0.03903060349878686)	(78.0, 0.035436767390721755)	(79.0, 0.034003642562352235)	(80.0, 0.035486375557857615)	(81.0, 0.0391298198330586)	(82.0, 0.03398159448806962)	(83.0, 0.02145277627697761)	(84.0, 0.013443813293820245)	(85.0, 0.011751623592630078)	(86.0, 0.011657919276928995)	(87.0, 0.008901909991602992)	(88.0, 0.005352170032103099)	(89.0, 0.0035607639966411964)	(90.0, 0.0027670333224673075)	(91.0, 0.0019512545740108106)	(92.0, 0.001570925292635822)	(93.0, 0.0012291801412553976)	(94.0, 0.000837826822739105)	(95.0, 0.0005456898384945487)	(96.0, 0.0006173460799130247)	(97.0, 0.000771682599891281)	(98.0, 0.000733098469896717)	(99.0, 0.0006504181913369368)	(100.0, 0.0003196970770978164)
SRR20277657_2	(0.0, 0.1165491795578708)	(1.0, 0.061446295695279235)	(2.0, 0.005478901713128671)	(3.0, 0.004647430196864923)	(4.0, 0.006139673779033636)	(5.0, 0.011040399934495463)	(6.0, 0.020550011249644423)	(7.0, 0.017686665630722905)	(8.0, 0.008144015712278699)	(9.0, 0.007720020303323011)	(10.0, 0.008556998253469303)	(11.0, 0.009961138893517353)	(12.0, 0.01166813339710518)	(13.0, 0.014184573681426588)	(14.0, 0.017961987324849975)	(15.0, 0.023479434075156434)	(16.0, 0.032922968183714894)	(17.0, 0.04440388282881367)	(18.0, 0.060372541088183664)	(19.0, 0.08696311030697598)	(20.0, 0.12750698298412813)	(21.0, 0.18669013435368287)	(22.0, 0.27173149923565193)	(23.0, 0.3901418534458217)	(24.0, 0.5429123550830497)	(25.0, 0.7435062349901495)	(26.0, 0.9945665814307411)	(27.0, 1.2873656967009963)	(28.0, 1.6131703766632046)	(29.0, 1.9540296468602807)	(30.0, 2.2968822461228373)	(31.0, 2.6191903405696317)	(32.0, 2.9110864006831503)	(33.0, 3.1612767305703002)	(34.0, 3.3541781223434897)	(35.0, 3.505858350071975)	(36.0, 3.6151225176032433)	(37.0, 3.6673840815824437)	(38.0, 3.6752913206377724)	(39.0, 3.6534252716902014)	(40.0, 3.5857236671043546)	(41.0, 3.48959785081683)	(42.0, 3.366914503913808)	(43.0, 3.2377555907649174)	(44.0, 3.1227206805247456)	(45.0, 2.997873305105885)	(46.0, 2.8781964711027306)	(47.0, 2.7636791656475173)	(48.0, 2.642119131256534)	(49.0, 2.5211262595554524)	(50.0, 2.409973385202472)	(51.0, 2.2977082112052187)	(52.0, 2.1815059369819476)	(53.0, 2.143269260101581)	(54.0, 2.093964651117305)	(55.0, 1.922053785304363)	(56.0, 1.745143077526074)	(57.0, 1.6197395522850766)	(58.0, 1.4995891649680235)	(59.0, 1.3677541249522178)	(60.0, 1.2860826976063642)	(61.0, 1.235550153866282)	(62.0, 1.14313567401559)	(63.0, 1.0225227462524036)	(64.0, 0.8621588722911512)	(65.0, 0.6732111000456263)	(66.0, 0.5299226775541346)	(67.0, 0.42489846411242294)	(68.0, 0.33418547233143625)	(69.0, 0.2626513897633412)	(70.0, 0.2095473414001121)	(71.0, 0.16589784001320662)	(72.0, 0.12778230467825522)	(73.0, 0.0988515010593828)	(74.0, 0.08027279313968821)	(75.0, 0.0688139042301196)	(76.0, 0.06100027455079338)	(77.0, 0.05333531858629578)	(78.0, 0.04284556204005446)	(79.0, 0.03126553158506994)	(80.0, 0.023049932232318205)	(81.0, 0.01910181913853604)	(82.0, 0.016122838408081153)	(83.0, 0.013435698673400963)	(84.0, 0.011618575492162306)	(85.0, 0.010886219785784305)	(86.0, 0.010550327318949278)	(87.0, 0.010219941285996797)	(88.0, 0.009933606724104645)	(89.0, 0.009702336501037908)	(90.0, 0.009355431166437802)	(91.0, 0.009003019397955152)	(92.0, 0.008298195860989857)	(93.0, 0.007945784092507208)	(94.0, 0.008022874166862787)	(95.0, 0.00839180523699306)	(96.0, 0.009129667377253604)	(97.0, 0.011167047913793915)	(98.0, 0.013683488198115325)	(99.0, 0.013336582863515217)	(100.0, 0.025511308177814204)
SRR20277658_1	(0.0, 0.1179206935812836)	(1.0, 0.07035514665038003)	(2.0, 0.013680167404240565)	(3.0, 0.004565395445209087)	(4.0, 0.006514365430590745)	(5.0, 0.006861442277302547)	(6.0, 0.0042236582422928515)	(7.0, 0.002990200525517063)	(8.0, 0.0026004065284407317)	(9.0, 0.0026004065284407317)	(10.0, 0.0027766147736944156)	(11.0, 0.003171748414566314)	(12.0, 0.0041969600233150205)	(13.0, 0.005943023544465163)	(14.0, 0.008308485745900982)	(15.0, 0.012126331059730804)	(16.0, 0.01833099715017871)	(17.0, 0.027290919439138764)	(18.0, 0.042978792910512216)	(19.0, 0.0682940441452915)	(20.0, 0.10455022551718589)	(21.0, 0.16073929717792884)	(22.0, 0.24087133161799054)	(23.0, 0.3477229436110655)	(24.0, 0.48946378816436986)	(25.0, 0.6763993778033464)	(26.0, 0.9109165333046131)	(27.0, 1.1878838569806311)	(28.0, 1.502666538016849)	(29.0, 1.8406766695637795)	(30.0, 2.189360749058047)	(31.0, 2.5300887592969206)	(32.0, 2.8476373758192413)	(33.0, 3.1239799611711785)	(34.0, 3.3454043100857165)	(35.0, 3.5402105346793578)	(36.0, 3.7061506449141683)	(37.0, 3.796534795441717)	(38.0, 3.804560280066453)	(39.0, 3.76831477798215)	(40.0, 3.7156712298016625)	(41.0, 3.6392609270871104)	(42.0, 3.5414546716837245)	(43.0, 3.397359044216576)	(44.0, 3.2286636777832536)	(45.0, 3.096336625241532)	(46.0, 2.9742830473624804)	(47.0, 2.845576273314153)	(48.0, 2.7099386416191806)	(49.0, 2.582406589205878)	(50.0, 2.5076141985613827)	(51.0, 2.458537532436334)	(52.0, 2.370855241669341)	(53.0, 2.2053369632943807)	(54.0, 1.9824495519798573)	(55.0, 1.8250208339551794)	(56.0, 1.713817412268718)	(57.0, 1.5814156047138588)	(58.0, 1.4491045711035244)	(59.0, 1.3322838441441274)	(60.0, 1.2738414428016556)	(61.0, 1.1995883561805123)	(62.0, 1.0965866273640406)	(63.0, 0.9357298580226093)	(64.0, 0.7154695514555041)	(65.0, 0.5561399202396048)	(66.0, 0.4820203247133506)	(67.0, 0.4537736090348054)	(68.0, 0.3649432948517664)	(69.0, 0.24736433847339906)	(70.0, 0.1819537019777133)	(71.0, 0.14065689686280441)	(72.0, 0.10738023672883597)	(73.0, 0.08200090976850989)	(74.0, 0.06436940595555035)	(75.0, 0.05295324752062985)	(76.0, 0.04514668829151209)	(77.0, 0.039192985459455786)	(78.0, 0.03525232833832794)	(79.0, 0.03404556884052999)	(80.0, 0.03498000650475407)	(81.0, 0.03824252886384501)	(82.0, 0.032972300437621185)	(83.0, 0.02033336357351603)	(84.0, 0.01269233330206082)	(85.0, 0.011442856653898333)	(86.0, 0.011624404542947582)	(87.0, 0.009248263053920631)	(88.0, 0.006076514639354318)	(89.0, 0.0038071660262386895)	(90.0, 0.0024882740087338417)	(91.0, 0.0017620824525368406)	(92.0, 0.00151111919414523)	(93.0, 0.001190740566411259)	(94.0, 0.0007208519124014349)	(95.0, 0.0006247383240812436)	(96.0, 0.0012441370043669209)	(97.0, 0.00151111919414523)	(98.0, 0.0010625891153176706)	(99.0, 0.000608719392694545)	(100.0, 0.00019756682043594882)
SRR20277658_2	(0.0, 0.11252953927089335)	(1.0, 0.05982434483670276)	(2.0, 0.006339993012132281)	(3.0, 0.005251307343382293)	(4.0, 0.005987771178124932)	(5.0, 0.011201721660324628)	(6.0, 0.02077575151197893)	(7.0, 0.017520367894638282)	(8.0, 0.007759553737070991)	(9.0, 0.0069003459298712455)	(10.0, 0.007348628264062417)	(11.0, 0.008437313932812404)	(12.0, 0.01036386063094351)	(13.0, 0.012653302551991277)	(14.0, 0.01563651475214443)	(15.0, 0.020418192983516926)	(16.0, 0.028412561276592814)	(17.0, 0.03994515799310617)	(18.0, 0.05663833824727264)	(19.0, 0.08263337693590593)	(20.0, 0.12366722059776208)	(21.0, 0.18270173465517564)	(22.0, 0.26691477314965995)	(23.0, 0.38355890384509367)	(24.0, 0.5391288838927941)	(25.0, 0.7408239141120934)	(26.0, 0.9919794285371517)	(27.0, 1.2831975082333187)	(28.0, 1.6084743719391055)	(29.0, 1.9476693347826373)	(30.0, 2.282755042896083)	(31.0, 2.61098843532975)	(32.0, 2.9129759644354145)	(33.0, 3.158698723905632)	(34.0, 3.3515455147191107)	(35.0, 3.504938123429311)	(36.0, 3.6098895565745917)	(37.0, 3.6673283989900627)	(38.0, 3.6758244165618765)	(39.0, 3.6528712937123973)	(40.0, 3.5947867112679126)	(41.0, 3.4946863333819147)	(42.0, 3.373143117177106)	(43.0, 3.247938928576403)	(44.0, 3.1284129828754543)	(45.0, 3.003086050302294)	(46.0, 2.8792427187875287)	(47.0, 2.7655070865698828)	(48.0, 2.6489803631524516)	(49.0, 2.526145666889616)	(50.0, 2.40673712846667)	(51.0, 2.2959847084491773)	(52.0, 2.184122255985116)	(53.0, 2.149236284335025)	(54.0, 2.1017397036885788)	(55.0, 1.9302983943327294)	(56.0, 1.7533816364664019)	(57.0, 1.6248153303592645)	(58.0, 1.4978500325885247)	(59.0, 1.3656441008633118)	(60.0, 1.2876002811584106)	(61.0, 1.2403118315956967)	(62.0, 1.1457509425536327)	(63.0, 1.0243464804046452)	(64.0, 0.8725869001975698)	(65.0, 0.6785606999096124)	(66.0, 0.52729743228682)	(67.0, 0.42636453006589586)	(68.0, 0.3419166770154067)	(69.0, 0.26712824092784626)	(70.0, 0.2055107667543788)	(71.0, 0.1624916727553903)	(72.0, 0.127867199133577)	(73.0, 0.0990543857728849)	(74.0, 0.08026922129249296)	(75.0, 0.06826165876951516)	(76.0, 0.05994708880915986)	(77.0, 0.05359108571366361)	(78.0, 0.0436594973335473)	(79.0, 0.031433130337928564)	(80.0, 0.022953122849478907)	(81.0, 0.01875848100811866)	(82.0, 0.016084797086335603)	(83.0, 0.013395103081188575)	(84.0, 0.01116436479914203)	(85.0, 0.010571991714675126)	(86.0, 0.010518624770128557)	(87.0, 0.009926251685661651)	(88.0, 0.009755477463112634)	(89.0, 0.009536672990471706)	(90.0, 0.009024350322824653)	(91.0, 0.00849601757181363)	(92.0, 0.008090428793259713)	(93.0, 0.007636809764613884)	(94.0, 0.007775563820434961)	(95.0, 0.00841063046053912)	(96.0, 0.009205797934282984)	(97.0, 0.011009600659956983)	(98.0, 0.013213655469730242)	(99.0, 0.01285076024681358)	(100.0, 0.023422751961488707)
SRR20277659_1	(0.0, 0.11961126501341796)	(1.0, 0.06993300122784868)	(2.0, 0.01229365080052788)	(3.0, 0.004430046852348813)	(4.0, 0.006666733099317102)	(5.0, 0.00666131739411863)	(6.0, 0.003742252292143068)	(7.0, 0.002864908049990858)	(8.0, 0.002659111252448982)	(9.0, 0.0025399657380826323)	(10.0, 0.002810750998006154)	(11.0, 0.003476882737418017)	(12.0, 0.004256744285997759)	(13.0, 0.005366963851684198)	(14.0, 0.007500751699881547)	(15.0, 0.011356733801192495)	(16.0, 0.017411492213082438)	(17.0, 0.0273818054834665)	(18.0, 0.04304944062264146)	(19.0, 0.06756633805611711)	(20.0, 0.10466391866563957)	(21.0, 0.1615071604287852)	(22.0, 0.24287813103580344)	(23.0, 0.3490746942726102)	(24.0, 0.4908199464321767)	(25.0, 0.6784037273915972)	(26.0, 0.9137486124963281)	(27.0, 1.1892076260061297)	(28.0, 1.5054685624812074)	(29.0, 1.846560507291272)	(30.0, 2.1983538855735145)	(31.0, 2.543345138126478)	(32.0, 2.857883880348442)	(33.0, 3.127488516538697)	(34.0, 3.3497219793579314)	(35.0, 3.5448606690692177)	(36.0, 3.7049218362100116)	(37.0, 3.8007689868125407)	(38.0, 3.82350411723572)	(39.0, 3.781851928554284)	(40.0, 3.716083604624059)	(41.0, 3.634550162861087)	(42.0, 3.5335201823836213)	(43.0, 3.388834202301285)	(44.0, 3.2255561062726)	(45.0, 3.1002096094540015)	(46.0, 2.9772189443967383)	(47.0, 2.845936834680616)	(48.0, 2.714362276883777)	(49.0, 2.587732257933142)	(50.0, 2.5061825690545736)	(51.0, 2.4576903447074696)	(52.0, 2.3704866596016987)	(53.0, 2.1986138394230412)	(54.0, 1.9771548224471882)	(55.0, 1.819963979061584)	(56.0, 1.7030443195318057)	(57.0, 1.5727262053410118)	(58.0, 1.4417961164627906)	(59.0, 1.327692623636217)	(60.0, 1.2733785162007571)	(61.0, 1.202313632586428)	(62.0, 1.0977851065507505)	(63.0, 0.9271308200417485)	(64.0, 0.7048919415173159)	(65.0, 0.5555267921435014)	(66.0, 0.48276137709685274)	(67.0, 0.45055417828154903)	(68.0, 0.36132501943155027)	(69.0, 0.2436525768791847)	(70.0, 0.17838249782721907)	(71.0, 0.13922694924227785)	(72.0, 0.10704141324776807)	(73.0, 0.08166341868773563)	(74.0, 0.065020956612836)	(75.0, 0.052954765430643876)	(76.0, 0.043953863390786024)	(77.0, 0.03847316972993394)	(78.0, 0.03498003987692051)	(79.0, 0.0338481574904402)	(80.0, 0.03446554788306583)	(81.0, 0.03651810015328612)	(82.0, 0.032190951699708245)	(83.0, 0.02070965667895093)	(84.0, 0.01306809664390915)	(85.0, 0.011784574511871659)	(86.0, 0.011351318095994024)	(87.0, 0.008746363895529748)	(88.0, 0.005832714498752655)	(89.0, 0.003790993638929302)	(90.0, 0.002621201316059689)	(91.0, 0.0018305083570830057)	(92.0, 0.0013268477736252558)	(93.0, 0.0009748269357246777)	(94.0, 0.0006932102654042152)	(95.0, 0.0006607160342133926)	(96.0, 0.0006065589822286883)	(97.0, 0.0005361548146485727)	(98.0, 0.0005957275718317474)	(99.0, 0.0005794804562363362)	(100.0, 0.00028161667032046244)
SRR20277659_2	(0.0, 0.1131459349275558)	(1.0, 0.05965276257350711)	(2.0, 0.005066235892278619)	(3.0, 0.003994532145835065)	(4.0, 0.0052827416996409525)	(5.0, 0.010164947655661586)	(6.0, 0.019610013501843413)	(7.0, 0.01710937142680845)	(8.0, 0.008064841324246945)	(9.0, 0.007198818094797609)	(10.0, 0.007372022740687476)	(11.0, 0.008476202358235381)	(12.0, 0.010359802882287687)	(13.0, 0.01262228856922408)	(14.0, 0.01577244806634604)	(15.0, 0.02073584370012755)	(16.0, 0.027875122697900517)	(17.0, 0.039046822357796954)	(18.0, 0.05682736178742864)	(19.0, 0.08315988060787252)	(20.0, 0.1237763700690464)	(21.0, 0.18392168335430284)	(22.0, 0.2688460862921784)	(23.0, 0.38641415233510984)	(24.0, 0.5465526727506603)	(25.0, 0.751805590775337)	(26.0, 1.0001269265295663)	(27.0, 1.294802155640071)	(28.0, 1.622981658439897)	(29.0, 1.965152849040514)	(30.0, 2.305478327633367)	(31.0, 2.6258527960777807)	(32.0, 2.927613177734218)	(33.0, 3.173709916317799)	(34.0, 3.3557696497287863)	(35.0, 3.516866208341914)	(36.0, 3.6256224880251993)	(37.0, 3.6737138404855574)	(38.0, 3.6847610493062204)	(39.0, 3.660133513718755)	(40.0, 3.592502512143946)	(41.0, 3.491551266816074)	(42.0, 3.3701239847569084)	(43.0, 3.2450594051340564)	(44.0, 3.117932607696078)	(45.0, 2.9895879650916863)	(46.0, 2.8760902082271667)	(47.0, 2.7629875744610835)	(48.0, 2.641565705047102)	(49.0, 2.5203062149886426)	(50.0, 2.409173784069557)	(51.0, 2.295540711075436)	(52.0, 2.1798237696854526)	(53.0, 2.1486090449089876)	(54.0, 2.0959331819777316)	(55.0, 1.919518837493718)	(56.0, 1.7435753931407172)	(57.0, 1.6167354658974935)	(58.0, 1.4916600609842732)	(59.0, 1.3553642426044998)	(60.0, 1.276631905757187)	(61.0, 1.232838193572971)	(62.0, 1.1419761188681834)	(63.0, 1.0180427820887994)	(64.0, 0.8592520103240794)	(65.0, 0.6688189148133544)	(66.0, 0.522964365038534)	(67.0, 0.42091976538348186)	(68.0, 0.33448523443925404)	(69.0, 0.26075418174201115)	(70.0, 0.20434900627893904)	(71.0, 0.16215743706920419)	(72.0, 0.12592519020711757)	(73.0, 0.09747091447452282)	(74.0, 0.07913287259093311)	(75.0, 0.06832923280355264)	(76.0, 0.060518785802956436)	(77.0, 0.052957320480826915)	(78.0, 0.04241348766228125)	(79.0, 0.03106858335649494)	(80.0, 0.02286842590264654)	(81.0, 0.018873893756811477)	(82.0, 0.016216284971438823)	(83.0, 0.013390884185360365)	(84.0, 0.01120417553100079)	(85.0, 0.010229899397870288)	(86.0, 0.010192010881581878)	(87.0, 0.010224486752686229)	(88.0, 0.009932203912747078)	(89.0, 0.009504604943206468)	(90.0, 0.008579042616732488)	(91.0, 0.008037778098326653)	(92.0, 0.007962001065749836)	(93.0, 0.007507338870288935)	(94.0, 0.007518164160657053)	(95.0, 0.007940350485013603)	(96.0, 0.00867105758486148)	(97.0, 0.010814465077748588)	(98.0, 0.013298869217231373)	(99.0, 0.01320685424910238)	(100.0, 0.023739861777279936)
SRR20277660_1	(0.0, 0.07112193633947321)	(1.0, 0.04155367137061899)	(2.0, 0.009520899944757856)	(3.0, 0.005556764558723144)	(4.0, 0.004190823479957517)	(5.0, 0.003847885081458914)	(6.0, 0.0025865692768115055)	(7.0, 0.0015810041422308525)	(8.0, 0.0013368785026216768)	(9.0, 0.0015461290508581133)	(10.0, 0.002255255908770481)	(11.0, 0.0031561957692329153)	(12.0, 0.004173385934271148)	(13.0, 0.005428889223689766)	(14.0, 0.007992208439586111)	(15.0, 0.012880533746998418)	(16.0, 0.017983922117875948)	(17.0, 0.02487175266399198)	(18.0, 0.03578184374843062)	(19.0, 0.052277761967736355)	(20.0, 0.07721926481447382)	(21.0, 0.11470998804016866)	(22.0, 0.16862687930242376)	(23.0, 0.24114381929680656)	(24.0, 0.3352833159422878)	(25.0, 0.4548409416832672)	(26.0, 0.6051351479540876)	(27.0, 0.7809695461402109)	(28.0, 0.9769152470179472)	(29.0, 1.1754126420811222)	(30.0, 1.37922848857864)	(31.0, 1.599726253782785)	(32.0, 1.8012519692801594)	(33.0, 1.9735872332985511)	(34.0, 2.132699025171446)	(35.0, 2.2600919214408344)	(36.0, 2.3651066340793814)	(37.0, 2.4723417275353263)	(38.0, 2.543393913692054)	(39.0, 2.582517953697039)	(40.0, 2.640765168804742)	(41.0, 2.726772956645146)	(42.0, 2.806578790736432)	(43.0, 2.8683251400118666)	(44.0, 2.8800664207740225)	(45.0, 2.928850861089256)	(46.0, 3.162281472677458)	(47.0, 3.487642825124202)	(48.0, 3.686477346070647)	(49.0, 3.896733459441664)	(50.0, 4.106204883256794)	(51.0, 4.13691821372572)	(52.0, 3.9533706078309923)	(53.0, 3.4674675847650724)	(54.0, 2.882379801835081)	(55.0, 2.432427185459226)	(56.0, 2.1744677596055304)	(57.0, 2.009217951651033)	(58.0, 1.930853621336488)	(59.0, 1.9631479559476444)	(60.0, 2.2046463386734074)	(61.0, 2.311584993852684)	(62.0, 2.0893260365342154)	(63.0, 1.6289922679597422)	(64.0, 1.0206137365079895)	(65.0, 0.6508796428046641)	(66.0, 0.573782440809995)	(67.0, 0.6230609449196757)	(68.0, 0.539529288566736)	(69.0, 0.35041329308282787)	(70.0, 0.22447933813586593)	(71.0, 0.15797835140328068)	(72.0, 0.11889499900489739)	(73.0, 0.09625525218876073)	(74.0, 0.08253771624881656)	(75.0, 0.08083464928678112)	(76.0, 0.08508941043425534)	(77.0, 0.10141095319669738)	(78.0, 0.0954705626328741)	(79.0, 0.06560004687212281)	(80.0, 0.05728815009495325)	(81.0, 0.06038622071189827)	(82.0, 0.061787036882036635)	(83.0, 0.049976005937135554)	(84.0, 0.03254427276599465)	(85.0, 0.023912687651241646)	(86.0, 0.024087063108105343)	(87.0, 0.021669056772928744)	(88.0, 0.014205787219162514)	(89.0, 0.009660400310248812)	(90.0, 0.007782957891349675)	(91.0, 0.007352831764419223)	(92.0, 0.008916398360963706)	(93.0, 0.007934083287298213)	(94.0, 0.004324511330219685)	(95.0, 0.0027958198250479416)	(96.0, 0.003243383497664764)	(97.0, 0.0036560720789088467)	(98.0, 0.0029062576143949496)	(99.0, 0.0022378183630841113)	(100.0, 0.00115669053052919)
SRR20277660_2	(0.0, 0.0819110471120954)	(1.0, 0.04453354121461037)	(2.0, 0.006842377924978612)	(3.0, 0.006046617504161914)	(4.0, 0.0057271516417902475)	(5.0, 0.0073244809536485815)	(6.0, 0.010675968273438615)	(7.0, 0.008730130748083917)	(8.0, 0.00473390323332561)	(9.0, 0.0046642015906263375)	(10.0, 0.005239240142895337)	(11.0, 0.00618602078956046)	(12.0, 0.007458075768822188)	(13.0, 0.009398104823951947)	(14.0, 0.012279106055521887)	(15.0, 0.016164972636006348)	(16.0, 0.02182823110532226)	(17.0, 0.029297923814594326)	(18.0, 0.04020623089703052)	(19.0, 0.05757355686959933)	(20.0, 0.08377556605430095)	(21.0, 0.12093815855346324)	(22.0, 0.1744632116762798)	(23.0, 0.25247677526744083)	(24.0, 0.35113364203803654)	(25.0, 0.4760680281062581)	(26.0, 0.6320661129374555)	(27.0, 0.811634969941457)	(28.0, 1.008425941162404)	(29.0, 1.20672130617161)	(30.0, 1.40464492908642)	(31.0, 1.6025046588287555)	(32.0, 1.7936149461697117)	(33.0, 1.9549626320780784)	(34.0, 2.0806114599839676)	(35.0, 2.201294045847533)	(36.0, 2.3175099181081205)	(37.0, 2.4446573313320443)	(38.0, 2.570916048611552)	(39.0, 2.630539995470555)	(40.0, 2.62191441718652)	(41.0, 2.6297268096390636)	(42.0, 2.6667906581444014)	(43.0, 2.7080714560330463)	(44.0, 2.8039751079170205)	(45.0, 2.9281718182666747)	(46.0, 3.047077012241409)	(47.0, 3.145135606578836)	(48.0, 3.2652489623603578)	(49.0, 3.404326973426307)	(50.0, 3.4571956694137054)	(51.0, 3.530370777307492)	(52.0, 3.6052593839176352)	(53.0, 3.5572639944489612)	(54.0, 3.3408229684570445)	(55.0, 2.92189867042374)	(56.0, 2.4964049925660294)	(57.0, 2.34492008909961)	(58.0, 2.3498340549099086)	(59.0, 2.257984715242942)	(60.0, 2.1985989156631613)	(61.0, 2.1603385222914855)	(62.0, 1.9109053854219131)	(63.0, 1.7162751651246435)	(64.0, 1.6123964836218276)	(65.0, 1.22972284826237)	(66.0, 0.7799207225132879)	(67.0, 0.5212637349265115)	(68.0, 0.38111115686894875)	(69.0, 0.2972078044696992)	(70.0, 0.23469123943867642)	(71.0, 0.17786116675786934)	(72.0, 0.14296387764643342)	(73.0, 0.11857411117191288)	(74.0, 0.09921447991218987)	(75.0, 0.08790538838423287)	(76.0, 0.08425766908297093)	(77.0, 0.08295657175258449)	(78.0, 0.07278013191849066)	(79.0, 0.058415785052215535)	(80.0, 0.04824515368834664)	(81.0, 0.041855836440913306)	(82.0, 0.037720205640756455)	(83.0, 0.03257390102146015)	(84.0, 0.024720849277342083)	(85.0, 0.019272504206348927)	(86.0, 0.01681552130119956)	(87.0, 0.015706103488236135)	(88.0, 0.014712855079771497)	(89.0, 0.013678947379732284)	(90.0, 0.012581146507218739)	(91.0, 0.011895747020675888)	(92.0, 0.011036093427384857)	(93.0, 0.010472671815565736)	(94.0, 0.010931540963335947)	(95.0, 0.012319765347096464)	(96.0, 0.014933576948319193)	(97.0, 0.02031222037661308)	(98.0, 0.02541786570433481)	(99.0, 0.023803110981801656)	(100.0, 0.025458524995909382)
SRR20277661_1	(0.0, 0.06854336343262873)	(1.0, 0.03962364872528616)	(2.0, 0.008872212867715784)	(3.0, 0.00532810093535319)	(4.0, 0.003914036073450944)	(5.0, 0.003645542745241657)	(6.0, 0.0024999712115486975)	(7.0, 0.0017123907821347882)	(8.0, 0.001467763527544104)	(9.0, 0.0017183573005394388)	(10.0, 0.0021837457361022035)	(11.0, 0.0029235940182789064)	(12.0, 0.003973701257497453)	(13.0, 0.005310201380139238)	(14.0, 0.007905636886162349)	(15.0, 0.012481956502529534)	(16.0, 0.01792342128757109)	(17.0, 0.024647687529612577)	(18.0, 0.035524650581291034)	(19.0, 0.052773855289136584)	(20.0, 0.07844778398434911)	(21.0, 0.11628147718824001)	(22.0, 0.17018897097426025)	(23.0, 0.23947814920747035)	(24.0, 0.3324424724703349)	(25.0, 0.45301387639151885)	(26.0, 0.6028808856795383)	(27.0, 0.783027975871161)	(28.0, 0.9762954400346106)	(29.0, 1.1688409554710975)	(30.0, 1.375455521305751)	(31.0, 1.5946654074926225)	(32.0, 1.7961428009808718)	(33.0, 1.9719104666634804)	(34.0, 2.122308496089514)	(35.0, 2.2479633736914604)	(36.0, 2.35793227440758)	(37.0, 2.4629966969950767)	(38.0, 2.5383657574826257)	(39.0, 2.5848330028180464)	(40.0, 2.6411867691499733)	(41.0, 2.7266332792229777)	(42.0, 2.8009880315817366)	(43.0, 2.8669299929899377)	(44.0, 2.880909545612034)	(45.0, 2.9297096996436736)	(46.0, 3.17831662201026)	(47.0, 3.491230679742172)	(48.0, 3.6887582380465425)	(49.0, 3.913982374785302)	(50.0, 4.121957306816217)	(51.0, 4.1481562891310375)	(52.0, 3.964805178556118)	(53.0, 3.472865736092657)	(54.0, 2.8775802283422394)	(55.0, 2.432108031214199)	(56.0, 2.172176656915586)	(57.0, 2.006641570296953)	(58.0, 1.9373464255453383)	(59.0, 1.974499935651099)	(60.0, 2.2251533738304805)	(61.0, 2.3236963918016937)	(62.0, 2.0913243660141623)	(63.0, 1.6224634167398908)	(64.0, 1.0071423401866553)	(65.0, 0.6434591773495687)	(66.0, 0.5740984008955028)	(67.0, 0.6319736294206159)	(68.0, 0.5398863843632349)	(69.0, 0.3460222683593202)	(70.0, 0.22336854951491308)	(71.0, 0.15554116829084247)	(72.0, 0.11677669821582604)	(73.0, 0.09564925654495746)	(74.0, 0.08139524407624663)	(75.0, 0.07943822603952114)	(76.0, 0.08446800105464179)	(77.0, 0.10137711421342224)	(78.0, 0.09576858691305047)	(79.0, 0.06468302602481964)	(80.0, 0.056395531960759644)	(81.0, 0.05939669071829901)	(82.0, 0.061001684169150076)	(83.0, 0.050053122896615815)	(84.0, 0.03226693153235168)	(85.0, 0.023048660597166155)	(86.0, 0.023346986517398697)	(87.0, 0.02099021174756162)	(88.0, 0.013376934263227159)	(89.0, 0.00869918383398091)	(90.0, 0.006676534094804278)	(91.0, 0.006306609953715927)	(92.0, 0.007971268588613507)	(93.0, 0.007297052008887964)	(94.0, 0.0038126052605718798)	(95.0, 0.0022851765489812674)	(96.0, 0.002559636395595206)	(97.0, 0.002667033726878921)	(98.0, 0.0021240805520556954)	(99.0, 0.0017959220397998996)	(100.0, 0.001014308128790641)
SRR20277661_2	(0.0, 0.07569092866818669)	(1.0, 0.04096993625958017)	(2.0, 0.0059686954149090025)	(3.0, 0.005038509116481625)	(4.0, 0.004436273115576721)	(5.0, 0.005944844484180095)	(6.0, 0.00955826048960952)	(7.0, 0.008651925121911052)	(8.0, 0.005056397314528306)	(9.0, 0.004591304165314617)	(10.0, 0.005157763770126161)	(11.0, 0.0064457140294871445)	(12.0, 0.007763477952259261)	(13.0, 0.009385341241824944)	(14.0, 0.012366707582938332)	(15.0, 0.01640347760880586)	(16.0, 0.02156124137893202)	(17.0, 0.028859626181977596)	(18.0, 0.03989068164409713)	(19.0, 0.05707527723427469)	(20.0, 0.08433092832473328)	(21.0, 0.12248645475830243)	(22.0, 0.17676521036461273)	(23.0, 0.2529271949146954)	(24.0, 0.3520934021528089)	(25.0, 0.47630308665627485)	(26.0, 0.6316441984936467)	(27.0, 0.8151592222545403)	(28.0, 1.0124541212440596)	(29.0, 1.21197311952405)	(30.0, 1.4087432980375336)	(31.0, 1.6048993150847477)	(32.0, 1.7924630343368733)	(33.0, 1.9498374380188845)	(34.0, 2.0803139545713707)	(35.0, 2.1957345711012346)	(36.0, 2.3144585415370518)	(37.0, 2.4481072318764827)	(38.0, 2.5701107052875245)	(39.0, 2.622731821208176)	(40.0, 2.6172997717346673)	(41.0, 2.6303164171799684)	(42.0, 2.6609708258992963)	(43.0, 2.707498029018712)	(44.0, 2.8083755405366246)	(45.0, 2.9394065912285576)	(46.0, 3.0658224868244477)	(47.0, 3.153331551668808)	(48.0, 3.276873410111864)	(49.0, 3.4174209821646317)	(50.0, 3.4643715393044854)	(51.0, 3.542155387144134)	(52.0, 3.6162244525227547)	(53.0, 3.5588748895850975)	(54.0, 3.325690302581255)	(55.0, 2.898967338177696)	(56.0, 2.485165615496522)	(57.0, 2.3576943162158783)	(58.0, 2.3602284776058244)	(59.0, 2.251235686907401)	(60.0, 2.196807862984035)	(61.0, 2.1651874915701868)	(62.0, 1.9060232782698823)	(63.0, 1.726855086634332)	(64.0, 1.6229663951118949)	(65.0, 1.2131597033278132)	(66.0, 0.7641897832868658)	(67.0, 0.5134926503953232)	(68.0, 0.3780253265878131)	(69.0, 0.2967771310597911)	(70.0, 0.23502707140265056)	(71.0, 0.1775761420093956)	(72.0, 0.1414539074204658)	(73.0, 0.11713788354234501)	(74.0, 0.09786036878070585)	(75.0, 0.08639999656546597)	(76.0, 0.08291776067904554)	(77.0, 0.08183254333088026)	(78.0, 0.07251875488124204)	(79.0, 0.05813068091902883)	(80.0, 0.04733217203151614)	(81.0, 0.041256147428327054)	(82.0, 0.03622360104452766)	(83.0, 0.030719998778832348)	(84.0, 0.02331428478750669)	(85.0, 0.017935899908138143)	(86.0, 0.015795278875218727)	(87.0, 0.014560993209997784)	(88.0, 0.013267080217954575)	(89.0, 0.013046459108712185)	(90.0, 0.012563477761451815)	(91.0, 0.011484223145968768)	(92.0, 0.01103701819480176)	(93.0, 0.010279751144158961)	(94.0, 0.010953539937250586)	(95.0, 0.012265341127340476)	(96.0, 0.014531179546586651)	(97.0, 0.02052968862490679)	(98.0, 0.025860371642817525)	(99.0, 0.025043477265352457)	(100.0, 0.02538335302823938)
SRR20277662_1	(0.0, 0.0673250291414832)	(1.0, 0.039125367201785104)	(2.0, 0.008801905563365646)	(3.0, 0.005005685938403211)	(4.0, 0.0037209896628823875)	(5.0, 0.003564742818562287)	(6.0, 0.0026272617526416856)	(7.0, 0.0019617659342412584)	(8.0, 0.0016203376448010395)	(9.0, 0.0017302891278411102)	(10.0, 0.002222177341441426)	(11.0, 0.0028355908784018194)	(12.0, 0.0038714495870424835)	(13.0, 0.005202441223843338)	(14.0, 0.00787021141760505)	(15.0, 0.012765945872968192)	(16.0, 0.017383908160651156)	(17.0, 0.024866395927535954)	(18.0, 0.03700156750306374)	(19.0, 0.05333225619459422)	(20.0, 0.07897409942357067)	(21.0, 0.11619556989271454)	(22.0, 0.1681736867698679)	(23.0, 0.23958428154431372)	(24.0, 0.3363763081405358)	(25.0, 0.4589201294487744)	(26.0, 0.6085235894251904)	(27.0, 0.7843707323272232)	(28.0, 0.9779432116793475)	(29.0, 1.1728351088279525)	(30.0, 1.3740521097114415)	(31.0, 1.58990423167958)	(32.0, 1.7946512538606716)	(33.0, 1.9708687596529446)	(34.0, 2.1277232305898455)	(35.0, 2.25982125708225)	(36.0, 2.3626548283255158)	(37.0, 2.4679420537166235)	(38.0, 2.535544855025787)	(39.0, 2.576649348922293)	(40.0, 2.641821643764255)	(41.0, 2.7297654694358315)	(42.0, 2.8094513600390827)	(43.0, 2.8637210972995977)	(44.0, 2.8760588110807253)	(45.0, 2.9386327787708453)	(46.0, 3.1793050013052397)	(47.0, 3.485230535563836)	(48.0, 3.6835887978882833)	(49.0, 3.9097879331025083)	(50.0, 4.123469960010646)	(51.0, 4.147584056317381)	(52.0, 3.952778962971176)	(53.0, 3.4655144985787034)	(54.0, 2.8786108428712867)	(55.0, 2.4305469756426796)	(56.0, 2.172762830195154)	(57.0, 2.0164060343920136)	(58.0, 1.9394457831841243)	(59.0, 1.970249559195824)	(60.0, 2.2173799846287827)	(61.0, 2.3174416211154067)	(62.0, 2.0986323829455067)	(63.0, 1.6259625311965633)	(64.0, 1.0099853886052879)	(65.0, 0.6514798977728979)	(66.0, 0.5783621615512511)	(67.0, 0.6278576896797629)	(68.0, 0.5379289503933051)	(69.0, 0.34617935089158214)	(70.0, 0.2208346602259017)	(71.0, 0.15549454469929977)	(72.0, 0.116907361072395)	(73.0, 0.09402587875974032)	(74.0, 0.07976112056533118)	(75.0, 0.07685608664500931)	(76.0, 0.08119048984485208)	(77.0, 0.09634643374390181)	(78.0, 0.09030488909685795)	(79.0, 0.06322788966820057)	(80.0, 0.05614469939235603)	(81.0, 0.0595474084464382)	(82.0, 0.061943193392679737)	(83.0, 0.05028833619043227)	(84.0, 0.03198430772434052)	(85.0, 0.023066663757774802)	(86.0, 0.022875695392494677)	(87.0, 0.020381532803533078)	(88.0, 0.01332727712848855)	(89.0, 0.008842414004485674)	(90.0, 0.0067880573476843545)	(91.0, 0.006730188146084318)	(92.0, 0.007991736740965127)	(93.0, 0.006880648070244415)	(94.0, 0.0037672850241624173)	(95.0, 0.002262685782561452)	(96.0, 0.002841377798561823)	(97.0, 0.0030902153654419826)	(98.0, 0.0025346710300816265)	(99.0, 0.0022106035011214185)	(100.0, 0.0010647933094406832)
SRR20277662_2	(0.0, 0.07439686207019654)	(1.0, 0.04059483467759364)	(2.0, 0.006405142814722941)	(3.0, 0.005415730510009642)	(4.0, 0.0048660570073911415)	(5.0, 0.006121627008109188)	(6.0, 0.009141938254076104)	(7.0, 0.007978944843272752)	(8.0, 0.004513108758341368)	(9.0, 0.004015509587549883)	(10.0, 0.004518894795211037)	(11.0, 0.005340512030703952)	(12.0, 0.006439859035940952)	(13.0, 0.007903726363967063)	(14.0, 0.01028757355427045)	(15.0, 0.01424522277312365)	(16.0, 0.019279074849735175)	(17.0, 0.026500048863081365)	(18.0, 0.03723314725631629)	(19.0, 0.054377174501143814)	(20.0, 0.08040276834091237)	(21.0, 0.11848067698020023)	(22.0, 0.17410184940832277)	(23.0, 0.2489442363174838)	(24.0, 0.3458777119950388)	(25.0, 0.47188602294267773)	(26.0, 0.630082056996282)	(27.0, 0.8097732180207043)	(28.0, 1.0066315504374332)	(29.0, 1.2049363920715788)	(30.0, 1.4012739811700374)	(31.0, 1.600805462620553)	(32.0, 1.7900262263693192)	(33.0, 1.9482396185335327)	(34.0, 2.077690621418624)	(35.0, 2.202767380430246)	(36.0, 2.317365626670899)	(37.0, 2.441973716696078)	(38.0, 2.568682138104947)	(39.0, 2.6249224164781237)	(40.0, 2.619443039562548)	(41.0, 2.6317499399843327)	(42.0, 2.6666339562715633)	(43.0, 2.7083165658806547)	(44.0, 2.8009857323852643)	(45.0, 2.933480190663801)	(46.0, 3.0589619722563004)	(47.0, 3.155698722680287)	(48.0, 3.2762218706754798)	(49.0, 3.408241873930704)	(50.0, 3.455502223082156)	(51.0, 3.5355346850634093)	(52.0, 3.614890180730912)	(53.0, 3.561027963511169)	(54.0, 3.34044109389193)	(55.0, 2.9286951381725856)	(56.0, 2.508825586688227)	(57.0, 2.361183283884898)	(58.0, 2.3636886378494646)	(59.0, 2.267131254568438)	(60.0, 2.2090510164707062)	(61.0, 2.1623576989324818)	(62.0, 1.9130547283290789)	(63.0, 1.7329585447237794)	(64.0, 1.6240364006522716)	(65.0, 1.2207322727257737)	(66.0, 0.7681542548171795)	(67.0, 0.5156921080829373)	(68.0, 0.37998639934173417)	(69.0, 0.29475229021464866)	(70.0, 0.23147040497108518)	(71.0, 0.17808264277465463)	(72.0, 0.14209349344531708)	(73.0, 0.1163629874859016)	(74.0, 0.09660945761285361)	(75.0, 0.0856564898185713)	(76.0, 0.0807267864056138)	(77.0, 0.0778858423026066)	(78.0, 0.06935722395671536)	(79.0, 0.05560381431751352)	(80.0, 0.04629408099421703)	(81.0, 0.0408031320049017)	(82.0, 0.03493030458218825)	(83.0, 0.029919596653055398)	(84.0, 0.023607030428247154)	(85.0, 0.018474815724851264)	(86.0, 0.01636869830429196)	(87.0, 0.015026337750528886)	(88.0, 0.014094785814512272)	(89.0, 0.013354173095194715)	(90.0, 0.01230690042178473)	(91.0, 0.011259627748374745)	(92.0, 0.011195981342808393)	(93.0, 0.011010828162979004)	(94.0, 0.010900893462455303)	(95.0, 0.012347402679872409)	(96.0, 0.015228849040967283)	(97.0, 0.020499928629235213)	(98.0, 0.025730505959415464)	(99.0, 0.024735307617832495)	(100.0, 0.026193388908988938)
SRR20277663_1	(0.0, 0.06638045244041557)	(1.0, 0.03843918808726825)	(2.0, 0.00829903430332533)	(3.0, 0.004693328516268028)	(4.0, 0.0039426323933888854)	(5.0, 0.003806679552237544)	(6.0, 0.0023762192236016968)	(7.0, 0.001584146149067798)	(8.0, 0.0014836592664776763)	(9.0, 0.001731920976406212)	(10.0, 0.002157512479140844)	(11.0, 0.002896386615832914)	(12.0, 0.0041022292069143726)	(13.0, 0.005509045563176074)	(14.0, 0.00810988252433216)	(15.0, 0.012980540833406285)	(16.0, 0.017998973969818824)	(17.0, 0.025151275612998063)	(18.0, 0.03649447135949472)	(19.0, 0.053654084310031346)	(20.0, 0.0801944433000105)	(21.0, 0.1169608203418079)	(22.0, 0.17088681033414194)	(23.0, 0.24339105161946137)	(24.0, 0.3356202768579123)	(25.0, 0.4549336724509478)	(26.0, 0.6111966858716802)	(27.0, 0.7908140330049758)	(28.0, 0.9840857741843406)	(29.0, 1.1833394403743644)	(30.0, 1.3885454766095797)	(31.0, 1.6037824681245265)	(32.0, 1.8049512960768561)	(33.0, 1.982038738166118)	(34.0, 2.1368476472858404)	(35.0, 2.260535177768093)	(36.0, 2.369929926950174)	(37.0, 2.478650822919592)	(38.0, 2.540586208553668)	(39.0, 2.581029223299645)	(40.0, 2.64204249401113)	(41.0, 2.7336983529195074)	(42.0, 2.8090162269173504)	(43.0, 2.8656021638017757)	(44.0, 2.879563929488709)	(45.0, 2.9350740656301113)	(46.0, 3.182803786180228)	(47.0, 3.49039413378859)	(48.0, 3.6851613562206196)	(49.0, 3.9095544760374543)	(50.0, 4.12417081327758)	(51.0, 4.148831476463815)	(52.0, 3.950251663486454)	(53.0, 3.448242842038581)	(54.0, 2.8534905389531193)	(55.0, 2.4201497242728607)	(56.0, 2.1652263251279096)	(57.0, 2.0033833342268785)	(58.0, 1.935341892727179)	(59.0, 1.970429547730412)	(60.0, 2.2245549628077357)	(61.0, 2.3166364132188484)	(62.0, 2.0876031638235872)	(63.0, 1.615545344380664)	(64.0, 0.9926803581423428)	(65.0, 0.6403674367882831)	(66.0, 0.5741820471199542)	(67.0, 0.6275228487960283)	(68.0, 0.5363930682729751)	(69.0, 0.34218739018483146)	(70.0, 0.22085834594690001)	(71.0, 0.15423554278964946)	(72.0, 0.11546533908914315)	(73.0, 0.09456997850349141)	(74.0, 0.08031266316188124)	(75.0, 0.0789176687918066)	(76.0, 0.08211551605540988)	(77.0, 0.0981579513112681)	(78.0, 0.09315725115413617)	(79.0, 0.06363184065192107)	(80.0, 0.055799774802985126)	(81.0, 0.05885575823234352)	(82.0, 0.06065270013277863)	(83.0, 0.04933905935174967)	(84.0, 0.031801142843226694)	(85.0, 0.02341935463659185)	(86.0, 0.02349028655371429)	(87.0, 0.020351549221046376)	(88.0, 0.013051472750528724)	(89.0, 0.008890133612678985)	(90.0, 0.00680355305066058)	(91.0, 0.006366139561738874)	(92.0, 0.007566071159726796)	(93.0, 0.0066380452440415565)	(94.0, 0.0034342869873447415)	(95.0, 0.002092491555111942)	(96.0, 0.0024116851821629165)	(97.0, 0.0024707951130982816)	(98.0, 0.0020511146034571863)	(99.0, 0.0018560518313704797)	(100.0, 0.0010226018051818248)
SRR20277663_2	(0.0, 0.0721352165947639)	(1.0, 0.03918799125347202)	(2.0, 0.0054252112759293186)	(3.0, 0.004349624726671001)	(4.0, 0.00394775722475031)	(5.0, 0.005212457892559541)	(6.0, 0.008675610188523137)	(7.0, 0.007623662904083683)	(8.0, 0.004302346197033272)	(9.0, 0.0043259854618521365)	(10.0, 0.005046983038827493)	(11.0, 0.005903906388511317)	(12.0, 0.006459429111754625)	(13.0, 0.007546835293422375)	(14.0, 0.01032444890963891)	(15.0, 0.013817150286626088)	(16.0, 0.01920690266532711)	(17.0, 0.027675669286685186)	(18.0, 0.03885704154600792)	(19.0, 0.05475444713669404)	(20.0, 0.07954021629927309)	(21.0, 0.11836179894805271)	(22.0, 0.17446959399562675)	(23.0, 0.25010933159978727)	(24.0, 0.3485727793865611)	(25.0, 0.4749246498433899)	(26.0, 0.6330831511140004)	(27.0, 0.8158796761420719)	(28.0, 1.0162224454819455)	(29.0, 1.2193073695408074)	(30.0, 1.4184859050883518)	(31.0, 1.6172507535015659)	(32.0, 1.8071567874239112)	(33.0, 1.9619703327226523)	(34.0, 2.08438626558714)	(35.0, 2.2034217835825305)	(36.0, 2.3241829679096977)	(37.0, 2.4620057916198803)	(38.0, 2.5826310501743395)	(39.0, 2.628987648484132)	(40.0, 2.6234028721706757)	(41.0, 2.6373086697003725)	(42.0, 2.6758465811713252)	(43.0, 2.7163938301518824)	(44.0, 2.8079191537143195)	(45.0, 2.9357898469357604)	(46.0, 3.06617812186041)	(47.0, 3.166650907156787)	(48.0, 3.279859346374328)	(49.0, 3.4068553867974707)	(50.0, 3.4585249098753033)	(51.0, 3.5358666745464213)	(52.0, 3.605324744400449)	(53.0, 3.547692216772058)	(54.0, 3.319803794102003)	(55.0, 2.899438567460552)	(56.0, 2.4868624785769162)	(57.0, 2.3570533656403287)	(58.0, 2.3568878907865964)	(59.0, 2.255268601146504)	(60.0, 2.2046746646179303)	(61.0, 2.1560723361503458)	(62.0, 1.8932450800780094)	(63.0, 1.7302228000709179)	(64.0, 1.6257786182849714)	(65.0, 1.2060339223450152)	(66.0, 0.7553217894923467)	(67.0, 0.5061934873825424)	(68.0, 0.3727912061934874)	(69.0, 0.290863424147509)	(70.0, 0.2302937178653744)	(71.0, 0.17520241120501154)	(72.0, 0.14074818273151704)	(73.0, 0.11654748537320489)	(74.0, 0.09667277347674487)	(75.0, 0.08605874357307489)	(76.0, 0.08178594645706519)	(77.0, 0.07997163288221736)	(78.0, 0.07123101471544235)	(79.0, 0.05603687725311742)	(80.0, 0.04542875716565215)	(81.0, 0.039560309674369125)	(82.0, 0.034779268364753854)	(83.0, 0.030045505584776314)	(84.0, 0.022924177058093492)	(85.0, 0.01754033449559719)	(86.0, 0.015324153418828673)	(87.0, 0.014071272383428876)	(88.0, 0.013048874180013)	(89.0, 0.012339696235447077)	(90.0, 0.011512321966786834)	(91.0, 0.010631759352284144)	(92.0, 0.010058507180426689)	(93.0, 0.009993499202174813)	(94.0, 0.010513563028189824)	(95.0, 0.011884640387683944)	(96.0, 0.014981384078955145)	(97.0, 0.02061934873825424)	(98.0, 0.025506766739554397)	(99.0, 0.02404704213698954)	(100.0, 0.024785769162579043)
SRR20277664_1	(0.0, 0.05116134537170091)	(1.0, 0.027549297161003152)	(2.0, 0.0031360645708827847)	(3.0, 0.0017511601435951317)	(4.0, 0.0011788855868646966)	(5.0, 0.0011273808767589574)	(6.0, 0.0010587079299513053)	(7.0, 0.0012074993147012183)	(8.0, 0.0015909232677106097)	(9.0, 0.00194573349288348)	(10.0, 0.0025466217774504367)	(11.0, 0.0034336473403826116)	(12.0, 0.004652592146218438)	(13.0, 0.006438088763217395)	(14.0, 0.00861273207879305)	(15.0, 0.011771687631945053)	(16.0, 0.017025168062730446)	(17.0, 0.02645625275764802)	(18.0, 0.041135095137783684)	(19.0, 0.06316766557190544)	(20.0, 0.09818514569824079)	(21.0, 0.14895734437136499)	(22.0, 0.2199823396071793)	(23.0, 0.32238514878852337)	(24.0, 0.4573618257389638)	(25.0, 0.6272987553600666)	(26.0, 0.8394008743210678)	(27.0, 1.0919513589517762)	(28.0, 1.3765950007239272)	(29.0, 1.677250884593396)	(30.0, 1.9919103268660587)	(31.0, 2.3205447138140785)	(32.0, 2.6254583203856217)	(33.0, 2.8800689934205597)	(34.0, 3.106895736726235)	(35.0, 3.304731050987946)	(36.0, 3.4526010737015236)	(37.0, 3.544760168317393)	(38.0, 3.5826848031919183)	(39.0, 3.5674508544917543)	(40.0, 3.514584130940997)	(41.0, 3.4422829634436733)	(42.0, 3.3517262375866497)	(43.0, 3.2328934258815742)	(44.0, 3.0794895082044142)	(45.0, 2.9346754316237775)	(46.0, 2.8255770101286872)	(47.0, 2.7319357244108864)	(48.0, 2.6524067292620574)	(49.0, 2.5913679250411894)	(50.0, 2.5598756561843135)	(51.0, 2.5298426874471005)	(52.0, 2.4345074690413773)	(53.0, 2.2691430131285504)	(54.0, 2.1090492058832115)	(55.0, 2.0077966685608954)	(56.0, 1.9036827584549272)	(57.0, 1.7616270452377316)	(58.0, 1.6066894317485334)	(59.0, 1.5073254004634278)	(60.0, 1.5499598549398454)	(61.0, 1.6046235205987365)	(62.0, 1.5752372221106286)	(63.0, 1.3371938974930369)	(64.0, 0.9516010239136369)	(65.0, 0.7037660816303872)	(66.0, 0.6131807420455267)	(67.0, 0.5736079564476171)	(68.0, 0.4677600544347558)	(69.0, 0.3347863384328719)	(70.0, 0.2556178762547835)	(71.0, 0.2101334944858485)	(72.0, 0.17123599286488084)	(73.0, 0.13887958942734202)	(74.0, 0.11560518320511522)	(75.0, 0.09849989670444252)	(76.0, 0.08816461820989084)	(77.0, 0.07842450525433885)	(78.0, 0.06802055381297953)	(79.0, 0.0633908526490303)	(80.0, 0.06371704914636665)	(81.0, 0.06998345554256492)	(82.0, 0.071150895638295)	(83.0, 0.0598198594150324)	(84.0, 0.04209651639309082)	(85.0, 0.0303763334712515)	(86.0, 0.026908349657465063)	(87.0, 0.021620532753275842)	(88.0, 0.013791816817203489)	(89.0, 0.008132021451139485)	(90.0, 0.004921561187881743)	(91.0, 0.0033020241923346115)	(92.0, 0.0031475100620173935)	(93.0, 0.002941491221594437)	(94.0, 0.0023005437180563496)	(95.0, 0.0018885060372104362)	(96.0, 0.0026954131622003497)	(97.0, 0.0037770120744208724)	(98.0, 0.003674002654209394)	(99.0, 0.0028213135646810456)	(100.0, 0.0013448452083165228)
SRR20277664_2	(0.0, 0.08250617038090234)	(1.0, 0.049989705311173194)	(2.0, 0.014545786379003157)	(3.0, 0.01088646905095205)	(4.0, 0.009434177486381765)	(5.0, 0.00807336885501276)	(6.0, 0.007410117589303495)	(7.0, 0.007667413338932089)	(8.0, 0.008445018271142949)	(9.0, 0.009377000653130966)	(10.0, 0.010760680017800292)	(11.0, 0.012761869181578242)	(12.0, 0.015403438877765137)	(13.0, 0.018216539073704425)	(14.0, 0.022750661950492752)	(15.0, 0.028788535541777082)	(16.0, 0.03602712263132818)	(17.0, 0.046942180098905634)	(18.0, 0.06271726839280095)	(19.0, 0.08646852492518269)	(20.0, 0.12231839937343339)	(21.0, 0.17538993599682465)	(22.0, 0.24725549770975336)	(23.0, 0.35001370242808855)	(24.0, 0.4873924796797823)	(25.0, 0.6602494819635966)	(26.0, 0.8742966749212862)	(27.0, 1.1277158352554755)	(28.0, 1.4102665921309467)	(29.0, 1.705321922438368)	(30.0, 2.0060777830208933)	(31.0, 2.304026261090805)	(32.0, 2.5946904106045645)	(33.0, 2.8380292952366384)	(34.0, 3.037084722515968)	(35.0, 3.2192386778863624)	(36.0, 3.3527637365769527)	(37.0, 3.433011422044448)	(38.0, 3.4610966825372405)	(39.0, 3.438311714486797)	(40.0, 3.3961895414309335)	(41.0, 3.3296814489936053)	(42.0, 3.2213713737666168)	(43.0, 3.1060342657331064)	(44.0, 2.9851910286575434)	(45.0, 2.867178044827895)	(46.0, 2.787890930159013)	(47.0, 2.738278591947295)	(48.0, 2.647087260595596)	(49.0, 2.5359755205393193)	(50.0, 2.4457504776695593)	(51.0, 2.3577153075133044)	(52.0, 2.259005222589126)	(53.0, 2.1707527804665183)	(54.0, 2.108864576155854)	(55.0, 2.035906936927835)	(56.0, 1.934663918290646)	(57.0, 1.812574226250216)	(58.0, 1.7128063699108975)	(59.0, 1.6507580704671307)	(60.0, 1.647967841004492)	(61.0, 1.6765047984799653)	(62.0, 1.5667424316884073)	(63.0, 1.3518375862319556)	(64.0, 1.1743321074048516)	(65.0, 0.9624576341106923)	(66.0, 0.7333958047413431)	(67.0, 0.5646440990849363)	(68.0, 0.4448986572077888)	(69.0, 0.3578354932167978)	(70.0, 0.2930655765102932)	(71.0, 0.239925427687001)	(72.0, 0.19525316786815206)	(73.0, 0.15947762330312737)	(74.0, 0.13393101420667058)	(75.0, 0.11808731371287429)	(76.0, 0.10717225624529686)	(77.0, 0.09789817389201731)	(78.0, 0.08453023027798061)	(79.0, 0.06678254123693272)	(80.0, 0.05491834833739203)	(81.0, 0.04767404356451585)	(82.0, 0.041498945573429605)	(83.0, 0.03609001714790406)	(84.0, 0.027965189142965585)	(85.0, 0.02207597531813333)	(86.0, 0.01966883063827471)	(87.0, 0.017907784174150114)	(88.0, 0.01610099624342488)	(89.0, 0.015197602278062262)	(90.0, 0.014620116262229196)	(91.0, 0.013853946696668493)	(92.0, 0.013808205230067856)	(93.0, 0.014402844295876162)	(94.0, 0.014642986995529515)	(95.0, 0.015740782193944848)	(96.0, 0.018954120222639727)	(97.0, 0.025049170647174854)	(98.0, 0.03205333272039768)	(99.0, 0.032127662603623715)	(100.0, 0.03151015280451509)
SRR20277665_1	(0.0, 0.04875294632143418)	(1.0, 0.026171276045023978)	(2.0, 0.0028740307624522073)	(3.0, 0.001736149195277252)	(4.0, 0.0011554776738838468)	(5.0, 0.0011085547226601371)	(6.0, 0.0010440356647275365)	(7.0, 0.00109682398485421)	(8.0, 0.0014780729635468497)	(9.0, 0.002070475222746182)	(10.0, 0.0027919155978107157)	(11.0, 0.0034840291283604313)	(12.0, 0.004305180774775348)	(13.0, 0.005748061524904415)	(14.0, 0.008440265851364748)	(15.0, 0.011859775921792578)	(16.0, 0.01742601101070512)	(17.0, 0.026400025432239564)	(18.0, 0.0404475839548376)	(19.0, 0.06294127369770335)	(20.0, 0.09691935575257199)	(21.0, 0.1476899889766257)	(22.0, 0.21952316193122198)	(23.0, 0.320642121818316)	(24.0, 0.4556159910133164)	(25.0, 0.623353810900272)	(26.0, 0.8374632373340584)	(27.0, 1.0948532209028141)	(28.0, 1.37979284220879)	(29.0, 1.6785395419123426)	(30.0, 1.991193031284822)	(31.0, 2.317014273844455)	(32.0, 2.6223595135638416)	(33.0, 2.8758079692298053)	(34.0, 3.096680166008709)	(35.0, 3.2956393445661405)	(36.0, 3.4428014503415)	(37.0, 3.5344830316637244)	(38.0, 3.579018777743928)	(39.0, 3.5689714008131515)	(40.0, 3.5102766542011934)	(41.0, 3.438208866490479)	(42.0, 3.357747735879623)	(43.0, 3.239971128308112)	(44.0, 3.0739049385585013)	(45.0, 2.9298984012529368)	(46.0, 2.828926075588417)	(47.0, 2.736652092006992)	(48.0, 2.6620739264058084)	(49.0, 2.6008922633789946)	(50.0, 2.562098713454793)	(51.0, 2.531381776509972)	(52.0, 2.442116727175767)	(53.0, 2.278719280277005)	(54.0, 2.122624217662432)	(55.0, 2.0201738190343654)	(56.0, 1.9101512291525728)	(57.0, 1.7678163219843528)	(58.0, 1.6111992415374163)	(59.0, 1.511294413013236)	(60.0, 1.559079573465681)	(61.0, 1.612026258552734)	(62.0, 1.5747987621256239)	(63.0, 1.3287289405395881)	(64.0, 0.945732081913865)	(65.0, 0.7024307144500284)	(66.0, 0.6136290292591581)	(67.0, 0.5753340356917083)	(68.0, 0.46554606056603387)	(69.0, 0.33341102992006794)	(70.0, 0.25519633559904714)	(71.0, 0.20789800076554793)	(72.0, 0.16928627727733797)	(73.0, 0.13804145713125043)	(74.0, 0.11506680713834164)	(75.0, 0.09718916272210833)	(76.0, 0.08655524890103515)	(77.0, 0.07599758487570052)	(78.0, 0.06614963048762448)	(79.0, 0.06312896550259818)	(80.0, 0.0634632915300671)	(81.0, 0.06873625817383147)	(82.0, 0.07019673503066944)	(83.0, 0.060073108304154105)	(84.0, 0.04204296429644372)	(85.0, 0.02951453631971328)	(86.0, 0.025637527474854285)	(87.0, 0.020956963090289257)	(88.0, 0.01364284806829354)	(89.0, 0.007495941457987595)	(90.0, 0.004416622783931658)	(91.0, 0.00290922297586999)	(92.0, 0.0026687428508484785)	(93.0, 0.0025455701038862412)	(94.0, 0.0020059561648135813)	(95.0, 0.0016071110794120508)	(96.0, 0.0015132651769646317)	(97.0, 0.002240570920932129)	(98.0, 0.003096914780764828)	(99.0, 0.002844703917937389)	(100.0, 0.0013431694787786846)
SRR20277665_2	(0.0, 0.07807341713822838)	(1.0, 0.04743938645685207)	(2.0, 0.013875551769988354)	(3.0, 0.009504284193801145)	(4.0, 0.007676086494377002)	(5.0, 0.006896758628917353)	(6.0, 0.0069729335330600255)	(7.0, 0.007775699830563574)	(8.0, 0.008631202600165897)	(9.0, 0.009586318705954791)	(10.0, 0.011039501492676546)	(11.0, 0.01287355880011166)	(12.0, 0.015627574565269822)	(13.0, 0.01872144759506452)	(14.0, 0.022635665746395695)	(15.0, 0.027821418836108405)	(16.0, 0.03472989668104771)	(17.0, 0.046337780150788814)	(18.0, 0.0627388229735073)	(19.0, 0.08608936089724194)	(20.0, 0.12153412975562856)	(21.0, 0.17467491480715913)	(22.0, 0.24794345337638815)	(23.0, 0.35042213788032667)	(24.0, 0.4876600171053677)	(25.0, 0.6617196730713745)	(26.0, 0.8777692800440268)	(27.0, 1.128724571938056)	(28.0, 1.413202681262872)	(29.0, 1.712921631024234)	(30.0, 2.0102205626770626)	(31.0, 2.3051815107335125)	(32.0, 2.591212416181237)	(33.0, 2.843656048510054)	(34.0, 3.050752174441937)	(35.0, 3.227366619500729)	(36.0, 3.35462558628308)	(37.0, 3.437867177686988)	(38.0, 3.4684894891523417)	(39.0, 3.448308999162545)	(40.0, 3.399562920119245)	(41.0, 3.3183663319111676)	(42.0, 3.2125125131929075)	(43.0, 3.0980860879545915)	(44.0, 2.976007014653942)	(45.0, 2.8616509047117575)	(46.0, 2.786747535507467)	(47.0, 2.741042593021863)	(48.0, 2.6516073959503546)	(49.0, 2.540274843741833)	(50.0, 2.4499138286045907)	(51.0, 2.356570272989762)	(52.0, 2.2567577101308167)	(53.0, 2.1766685878368133)	(54.0, 2.112054690299794)	(55.0, 2.03647160656623)	(56.0, 1.9344323926631144)	(57.0, 1.8073023372570047)	(58.0, 1.7138298702659347)	(59.0, 1.6556146646769)	(60.0, 1.6555209109487243)	(61.0, 1.685879540053585)	(62.0, 1.5647145656026478)	(63.0, 1.3536807830873898)	(64.0, 1.1800781765462394)	(65.0, 0.9552567363811576)	(66.0, 0.7247631956614524)	(67.0, 0.5564225171141571)	(68.0, 0.4383982925571025)	(69.0, 0.3537972720946481)	(70.0, 0.28700945998555727)	(71.0, 0.2363062718665922)	(72.0, 0.19437491694005643)	(73.0, 0.1578636994236724)	(74.0, 0.13326506499360014)	(75.0, 0.11758475395623154)	(76.0, 0.10665072540775254)	(77.0, 0.09895706008934262)	(78.0, 0.08467133575858603)	(79.0, 0.06570378462706056)	(80.0, 0.053574396044342706)	(81.0, 0.04597448445410837)	(82.0, 0.03967540584231045)	(83.0, 0.034934982961431826)	(84.0, 0.027850716876163282)	(85.0, 0.021938372393089694)	(86.0, 0.019037866427657164)	(87.0, 0.017631560505023208)	(88.0, 0.01604946634206001)	(89.0, 0.014566985515283381)	(90.0, 0.013881411377999328)	(91.0, 0.01334818704900062)	(92.0, 0.012914576056188485)	(93.0, 0.013049347040440905)	(94.0, 0.014209549426613918)	(95.0, 0.015949853005873437)	(96.0, 0.019067164467712037)	(97.0, 0.025711959952157474)	(98.0, 0.03246808798881143)	(99.0, 0.03188212718771395)	(100.0, 0.030610592249332418)
SRR20277666_1	(0.0, 0.04662158702107702)	(1.0, 0.02522970442299882)	(2.0, 0.0029124298760122395)	(3.0, 0.0016918208636484357)	(4.0, 0.001413635553853894)	(5.0, 0.0012830587757870686)	(6.0, 0.001197900007482617)	(7.0, 0.001226286263584101)	(8.0, 0.0013284767855494426)	(9.0, 0.002038133188086538)	(10.0, 0.002901075373571646)	(11.0, 0.0036447952834305223)	(12.0, 0.0045701872323388945)	(13.0, 0.0061882038301234715)	(14.0, 0.00840233180603921)	(15.0, 0.012223121877298933)	(16.0, 0.01782089158051154)	(17.0, 0.026353800164617577)	(18.0, 0.040336869920208504)	(19.0, 0.06235325015251936)	(20.0, 0.09588877311081233)	(21.0, 0.14654120849830005)	(22.0, 0.21987993976209366)	(23.0, 0.32392124562525215)	(24.0, 0.4601355341538324)	(25.0, 0.6258885607816167)	(26.0, 0.8374456502547553)	(27.0, 1.092507515829028)	(28.0, 1.3831487148009005)	(29.0, 1.6795636782638148)	(30.0, 1.986612133262345)	(31.0, 2.3168691912494483)	(32.0, 2.6199492476449913)	(33.0, 2.8789227393100485)	(34.0, 3.1090274085198963)	(35.0, 3.3052105016884714)	(36.0, 3.449395650930348)	(37.0, 3.5444441908605566)	(38.0, 3.5863025641078043)	(39.0, 3.569361646466439)	(40.0, 3.512679970282996)	(41.0, 3.4396251015802175)	(42.0, 3.3477217588260535)	(43.0, 3.224372121562666)	(44.0, 3.069979274626695)	(45.0, 2.9344689652494313)	(46.0, 2.8337488513501468)	(47.0, 2.7404772910518913)	(48.0, 2.6632496427021946)	(49.0, 2.599806360315378)	(50.0, 2.561308919790546)	(51.0, 2.5350005376356908)	(52.0, 2.4459528522453358)	(53.0, 2.274834823214371)	(54.0, 2.1194427800636286)	(55.0, 2.0205791273133804)	(56.0, 1.9119222162081209)	(57.0, 1.7693210200567067)	(58.0, 1.6148373371012115)	(59.0, 1.5127773919139365)	(60.0, 1.552540859460895)	(61.0, 1.6073717517465211)	(62.0, 1.576067388517805)	(63.0, 1.334528735350279)	(64.0, 0.9467100272405868)	(65.0, 0.7011405257066503)	(66.0, 0.6128535919798154)	(67.0, 0.5723009865132356)	(68.0, 0.4626505564444238)	(69.0, 0.3299277774163261)	(70.0, 0.24986718070770117)	(71.0, 0.20392686383305975)	(72.0, 0.16654784179862586)	(73.0, 0.13447704965516943)	(74.0, 0.11127980116903687)	(75.0, 0.09408340722275797)	(76.0, 0.0838586777750035)	(77.0, 0.07449689051273413)	(78.0, 0.06620810373110086)	(79.0, 0.06271091697939804)	(80.0, 0.06246679517692529)	(81.0, 0.06853577673142253)	(82.0, 0.07061932792927145)	(83.0, 0.05862897335200468)	(84.0, 0.03951366849326547)	(85.0, 0.02794343050630067)	(86.0, 0.024792556079035966)	(87.0, 0.020676548944320812)	(88.0, 0.013426699136001845)	(89.0, 0.007760802418145676)	(90.0, 0.00464966874942305)	(91.0, 0.003145197176044407)	(92.0, 0.0028953981223513495)	(93.0, 0.002441218024727608)	(94.0, 0.0019700061734429773)	(95.0, 0.001708852617309326)	(96.0, 0.002287932241779596)	(97.0, 0.003077070161400846)	(98.0, 0.002997588644316691)	(99.0, 0.0026115355613365115)	(100.0, 0.001442021809955378)
SRR20277666_2	(0.0, 0.07306723791824199)	(1.0, 0.04513076601147705)	(2.0, 0.01403349482539705)	(3.0, 0.009595891528405343)	(4.0, 0.0074905835703696355)	(5.0, 0.00684934421926981)	(6.0, 0.00697418727877597)	(7.0, 0.007133078445420175)	(8.0, 0.00762677599892181)	(9.0, 0.008602821736879065)	(10.0, 0.010100938450952992)	(11.0, 0.011701199486441051)	(12.0, 0.014146988515857198)	(13.0, 0.017324811848741285)	(14.0, 0.020304021223320114)	(15.0, 0.025053732169077227)	(16.0, 0.03291317023344233)	(17.0, 0.042894940309412176)	(18.0, 0.05810309483107173)	(19.0, 0.08165871028607503)	(20.0, 0.11713116323939367)	(21.0, 0.16930988742844577)	(22.0, 0.24383551926910066)	(23.0, 0.34739851181398385)	(24.0, 0.48425487845535087)	(25.0, 0.6577980805379602)	(26.0, 0.8676819623059081)	(27.0, 1.1228328025138852)	(28.0, 1.4084510239258887)	(29.0, 1.702564248068834)	(30.0, 2.010308064436043)	(31.0, 2.3124566418635664)	(32.0, 2.5967810352043244)	(33.0, 2.8405825063662866)	(34.0, 3.0434922008554586)	(35.0, 3.2259389829546667)	(36.0, 3.356961773906382)	(37.0, 3.4395908552458914)	(38.0, 3.463520999879413)	(39.0, 3.4372869333295504)	(40.0, 3.3953339906509576)	(41.0, 3.3279925094164295)	(42.0, 3.2209793086815584)	(43.0, 3.0984685445143536)	(44.0, 2.9750498308234676)	(45.0, 2.8582534739709313)	(46.0, 2.7970576760748207)	(47.0, 2.751535356831256)	(48.0, 2.65191059534534)	(49.0, 2.5404768153670454)	(50.0, 2.4533817573079295)	(51.0, 2.3724096838491384)	(52.0, 2.265282989423807)	(53.0, 2.178312774424197)	(54.0, 2.1188761287302182)	(55.0, 2.039958291068756)	(56.0, 1.9426204274456116)	(57.0, 1.8197862062605958)	(58.0, 1.7186122558998984)	(59.0, 1.6579498783489504)	(60.0, 1.6597657773963128)	(61.0, 1.690987891641899)	(62.0, 1.572687743390766)	(63.0, 1.3596657610815948)	(64.0, 1.1783141930953276)	(65.0, 0.9578867474836321)	(66.0, 0.7266547025401306)	(67.0, 0.5562609503677904)	(68.0, 0.4411669988721565)	(69.0, 0.35386197748568915)	(70.0, 0.28631053292381026)	(71.0, 0.23610092426424167)	(72.0, 0.19377345240713023)	(73.0, 0.1567347865254616)	(74.0, 0.13039290096966172)	(75.0, 0.11419167665647587)	(76.0, 0.10333600516396291)	(77.0, 0.09350177688559126)	(78.0, 0.08056349617313462)	(79.0, 0.06427147690758067)	(80.0, 0.05260432552827766)	(81.0, 0.04583442689232996)	(82.0, 0.039614972655113954)	(83.0, 0.033968661554721696)	(84.0, 0.026966100853330684)	(85.0, 0.02160352397908879)	(86.0, 0.018686736134263037)	(87.0, 0.016842463664285663)	(88.0, 0.015662129283500147)	(89.0, 0.014964143087170246)	(90.0, 0.014311554367024408)	(91.0, 0.013993772033735998)	(92.0, 0.01365896564687857)	(93.0, 0.013460351688573312)	(94.0, 0.014425048057484555)	(95.0, 0.015826695134667355)	(96.0, 0.018658362711648)	(97.0, 0.025172900544060378)	(98.0, 0.031749859906225836)	(99.0, 0.031630691531242684)	(100.0, 0.030802187590883618)
SRR20277667_1	(0.0, 0.046102422439045186)	(1.0, 0.024910366697278058)	(2.0, 0.0028495467135691245)	(3.0, 0.0016738191061412132)	(4.0, 0.0013205216477515454)	(5.0, 0.0012162699387185288)	(6.0, 0.0010888511832337303)	(7.0, 0.0011236017529114026)	(8.0, 0.001453732164849289)	(9.0, 0.0019344483787237551)	(10.0, 0.0027452950045361076)	(11.0, 0.0035966839616390777)	(12.0, 0.004314862401644305)	(13.0, 0.0059481391764949)	(14.0, 0.008484930762964974)	(15.0, 0.011739900789440275)	(16.0, 0.017798083436581135)	(17.0, 0.02693748326180894)	(18.0, 0.04132421910836525)	(19.0, 0.063616709556592)	(20.0, 0.09702359054006092)	(21.0, 0.14953749308463665)	(22.0, 0.22315078318517234)	(23.0, 0.32537537565365826)	(24.0, 0.4612037690004531)	(25.0, 0.6296803225594212)	(26.0, 0.8443461749816285)	(27.0, 1.1007474615867203)	(28.0, 1.3857079247052457)	(29.0, 1.6876729999193787)	(30.0, 2.0030749620755453)	(31.0, 2.327645282865004)	(32.0, 2.635106739849822)	(33.0, 2.8926895458239543)	(34.0, 3.1165237568794546)	(35.0, 3.321239362850622)	(36.0, 3.4642495405974687)	(37.0, 3.549793859620672)	(38.0, 3.5892241726816043)	(39.0, 3.5643022224611)	(40.0, 3.5094079058936036)	(41.0, 3.4414068327960123)	(42.0, 3.34674048923242)	(43.0, 3.2263181817760596)	(44.0, 3.0680582957023272)	(45.0, 2.9303939139242288)	(46.0, 2.826182747222503)	(47.0, 2.730282758435353)	(48.0, 2.65399946623125)	(49.0, 2.5915700678053115)	(50.0, 2.5664569894515803)	(51.0, 2.5358185705190994)	(52.0, 2.439194611530332)	(53.0, 2.2734054353597704)	(54.0, 2.1146822083570025)	(55.0, 2.0190254735575968)	(56.0, 1.9091905063297006)	(57.0, 1.7601858553134546)	(58.0, 1.599754058634868)	(59.0, 1.5019196214689947)	(60.0, 1.5505182931632193)	(61.0, 1.6072022640691155)	(62.0, 1.573980719457261)	(63.0, 1.3266435397764287)	(64.0, 0.9394063583349009)	(65.0, 0.6965230433344237)	(66.0, 0.612739419841556)	(67.0, 0.5735929030996582)	(68.0, 0.46093155620464465)	(69.0, 0.3278832084320636)	(70.0, 0.25014618406311073)	(71.0, 0.20259002945921625)	(72.0, 0.1647872014115218)	(73.0, 0.1342182836183961)	(74.0, 0.11110915478274408)	(75.0, 0.09367595232777849)	(76.0, 0.08284535811157064)	(77.0, 0.07339899492085673)	(78.0, 0.06393525644530398)	(79.0, 0.06076137108140993)	(80.0, 0.06128262962657501)	(81.0, 0.06708018300113333)	(82.0, 0.06824432708533536)	(83.0, 0.05659130272008926)	(84.0, 0.03940714601448033)	(85.0, 0.02807846029955918)	(86.0, 0.024597611570179007)	(87.0, 0.019906284663693253)	(88.0, 0.012846127257512841)	(89.0, 0.00741345486457008)	(90.0, 0.004355404732934921)	(91.0, 0.003121759509377557)	(92.0, 0.002913256091311524)	(93.0, 0.002363038738081713)	(94.0, 0.0018939060474331376)	(95.0, 0.0014711074496881252)	(96.0, 0.0012104781771055833)	(97.0, 0.001760695530335394)	(98.0, 0.0024209563542111666)	(99.0, 0.0023977893077593852)	(100.0, 0.0012857710780738733)
SRR20277667_2	(0.0, 0.07319132649207066)	(1.0, 0.04544646506558421)	(2.0, 0.014101081250765906)	(3.0, 0.008810281471127139)	(4.0, 0.0067379550804152364)	(5.0, 0.0065874509291344845)	(6.0, 0.007177890291851283)	(7.0, 0.007704654821333917)	(8.0, 0.00828930556284761)	(9.0, 0.009227062197750761)	(10.0, 0.010564233695668218)	(11.0, 0.012555519389536638)	(12.0, 0.014413666795733623)	(13.0, 0.016896985291866045)	(14.0, 0.020839036331181143)	(15.0, 0.02581146194464909)	(16.0, 0.032670978070329544)	(17.0, 0.04262161791846854)	(18.0, 0.058331935863697885)	(19.0, 0.08134170514604372)	(20.0, 0.11668702621220818)	(21.0, 0.16943873123611203)	(22.0, 0.2452117827847679)	(23.0, 0.34982953378850035)	(24.0, 0.48848437746649537)	(25.0, 0.6643947872076796)	(26.0, 0.8786606010406435)	(27.0, 1.13723252156218)	(28.0, 1.4224668313452216)	(29.0, 1.7189484321258983)	(30.0, 2.0265789173437567)	(31.0, 2.3277029923293244)	(32.0, 2.6065408756829345)	(33.0, 2.8492056651383355)	(34.0, 3.0568087759665246)	(35.0, 3.2381489123962224)	(36.0, 3.3701526303118485)	(37.0, 3.447141292313157)	(38.0, 3.4652133677092536)	(39.0, 3.4429155988348894)	(40.0, 3.4036629584566285)	(41.0, 3.32473510835228)	(42.0, 3.212244832512324)	(43.0, 3.1005128660499737)	(44.0, 2.980121122267778)	(45.0, 2.865517999688688)	(46.0, 2.797073342583164)	(47.0, 2.7475632654329996)	(48.0, 2.6518252593548315)	(49.0, 2.535288737293904)	(50.0, 2.446647580810744)	(51.0, 2.3622668495330696)	(52.0, 2.2554783655781723)	(53.0, 2.1695347065756594)	(54.0, 2.106693434794742)	(55.0, 2.036552711676708)	(56.0, 1.9362416948480867)	(57.0, 1.806408709883625)	(58.0, 1.711978932197359)	(59.0, 1.6545442326201425)	(60.0, 1.6520146051543851)	(61.0, 1.6845698108006526)	(62.0, 1.5665861334389488)	(63.0, 1.3490208055202144)	(64.0, 1.1711248987063647)	(65.0, 0.94576808664825)	(66.0, 0.7158093207336661)	(67.0, 0.552164999321863)	(68.0, 0.43717403912216485)	(69.0, 0.3502115827879053)	(70.0, 0.28387977242151513)	(71.0, 0.2319037426388275)	(72.0, 0.1886569536304235)	(73.0, 0.1556270810455014)	(74.0, 0.13097334334147348)	(75.0, 0.11514146435097893)	(76.0, 0.10495349103351258)	(77.0, 0.09595797368388606)	(78.0, 0.08285253528005436)	(79.0, 0.06427684983928762)	(80.0, 0.05124087488989319)	(81.0, 0.04387774871954252)	(82.0, 0.037516054017329166)	(83.0, 0.03269992117634508)	(84.0, 0.026662389261505652)	(85.0, 0.021452630178710366)	(86.0, 0.018008400562862372)	(87.0, 0.01617340764147781)	(88.0, 0.014807293037544824)	(89.0, 0.013794284327001296)	(90.0, 0.01315753599465965)	(91.0, 0.012451324207880733)	(92.0, 0.01266550319239565)	(93.0, 0.013296462903534192)	(94.0, 0.01382901605421993)	(95.0, 0.015374577915449198)	(96.0, 0.018182059198955547)	(97.0, 0.024711623916058974)	(98.0, 0.031547985556927005)	(99.0, 0.0305523427099928)	(100.0, 0.02935409812094988)
SRR20277668_1	(0.0, 0.22738480113391274)	(1.0, 0.1286444074274053)	(2.0, 0.02220546112571632)	(3.0, 0.011841813592160027)	(4.0, 0.009588846737039095)	(5.0, 0.00832498728172735)	(6.0, 0.00567088242557269)	(7.0, 0.004676279984653449)	(8.0, 0.0041762312436388034)	(9.0, 0.0038410337359256882)	(10.0, 0.0037146477903945143)	(11.0, 0.0037201428315045654)	(12.0, 0.004000389928117169)	(13.0, 0.004516923792461968)	(14.0, 0.005599446891142027)	(15.0, 0.006720435277592442)	(16.0, 0.009187708736005367)	(17.0, 0.013891463926209071)	(18.0, 0.021095462821486007)	(19.0, 0.03200311942493735)	(20.0, 0.04871353944060262)	(21.0, 0.07381488723131585)	(22.0, 0.10956562469330801)	(23.0, 0.16193886151320463)	(24.0, 0.235055878523544)	(25.0, 0.3317301367726722)	(26.0, 0.456445589806391)	(27.0, 0.6116585210008932)	(28.0, 0.7959841799964458)	(29.0, 0.9996029283293878)	(30.0, 1.2206574421045215)	(31.0, 1.4591147510751872)	(32.0, 1.6886645984064599)	(33.0, 1.899729127443521)	(34.0, 2.0987210511618)	(35.0, 2.2846842324081478)	(36.0, 2.45168952182482)	(37.0, 2.5890160942061056)	(38.0, 2.6876630722137422)	(39.0, 2.749707581387329)	(40.0, 2.7930634557456315)	(41.0, 2.8298197857307628)	(42.0, 2.842535310859421)	(43.0, 2.825934791665957)	(44.0, 2.820571631542547)	(45.0, 2.842601251352742)	(46.0, 2.874565905489909)	(47.0, 2.9150313882243246)	(48.0, 2.9745371884050678)	(49.0, 3.0225034022547033)	(50.0, 3.063177696551301)	(51.0, 3.107753470036035)	(52.0, 3.0948621035918555)	(53.0, 2.944160601148705)	(54.0, 2.7465973881190395)	(55.0, 2.6625452392996984)	(56.0, 2.5952419757837935)	(57.0, 2.4839509081819293)	(58.0, 2.3497510141922624)	(59.0, 2.265248272001897)	(60.0, 2.315428987418884)	(61.0, 2.3112252809696945)	(62.0, 2.1900156641641884)	(63.0, 1.855895184508644)	(64.0, 1.40129043347412)	(65.0, 1.128670453922267)	(66.0, 0.9861455726508727)	(67.0, 0.8894053739084239)	(68.0, 0.7369344682278371)	(69.0, 0.5581697908356562)	(70.0, 0.45729732117844896)	(71.0, 0.39238989558652587)	(72.0, 0.33238954170587837)	(73.0, 0.2916548019570699)	(74.0, 0.27644452816444853)	(75.0, 0.2526729803223677)	(76.0, 0.24967818291738988)	(77.0, 0.24801868050215442)	(78.0, 0.2215270873105983)	(79.0, 0.20771804900104)	(80.0, 0.20249226490538144)	(81.0, 0.21055898525493638)	(82.0, 0.19067792651877166)	(83.0, 0.1322161841489385)	(84.0, 0.08466209838255663)	(85.0, 0.07207845424053971)	(86.0, 0.0706991989219169)	(87.0, 0.055884568089219246)	(88.0, 0.03500341187102523)	(89.0, 0.01991402898282503)	(90.0, 0.013127653211911974)	(91.0, 0.010764785534590019)	(92.0, 0.011457160714456453)	(93.0, 0.010726320246819661)	(94.0, 0.007945829445133829)	(95.0, 0.006132465878816979)	(96.0, 0.005275239465649014)	(97.0, 0.005610436973362129)	(98.0, 0.005544496480041516)	(99.0, 0.004566379162452428)	(100.0, 0.0022749470195611373)
SRR20277668_2	(0.0, 0.24029863993342468)	(1.0, 0.13063410017408358)	(2.0, 0.017849940112077852)	(3.0, 0.012983771823062167)	(4.0, 0.0106385643067984)	(5.0, 0.011473392275117119)	(6.0, 0.015307010182264916)	(7.0, 0.012840972302165543)	(8.0, 0.007540913161194735)	(9.0, 0.006717069771406527)	(10.0, 0.006458932175939555)	(11.0, 0.007013653391730282)	(12.0, 0.00796381943461935)	(13.0, 0.00975430573509239)	(14.0, 0.011940236862663768)	(15.0, 0.01489508848737081)	(16.0, 0.018679275791131315)	(17.0, 0.024072703849611455)	(18.0, 0.031207187605177343)	(19.0, 0.041972074565076595)	(20.0, 0.060294351553966355)	(21.0, 0.08595432700123642)	(22.0, 0.12414770655181777)	(23.0, 0.1785488317241658)	(24.0, 0.2535954722446063)	(25.0, 0.35446685689027463)	(26.0, 0.48621589178520486)	(27.0, 0.6465577845950513)	(28.0, 0.8358110880971986)	(29.0, 1.0524983764792932)	(30.0, 1.2722943005855218)	(31.0, 1.5009492872766068)	(32.0, 1.7239691851815402)	(33.0, 1.9164519547716572)	(34.0, 2.0976041316075533)	(35.0, 2.258934636485146)	(36.0, 2.391908451886228)	(37.0, 2.5092951503525174)	(38.0, 2.60886486244232)	(39.0, 2.675727991957531)	(40.0, 2.7158821187758084)	(41.0, 2.739839484550849)	(42.0, 2.741344371809529)	(43.0, 2.7348415013194676)	(44.0, 2.7317548347523943)	(45.0, 2.7482481794159543)	(46.0, 2.825782826973555)	(47.0, 2.9250614477323)	(48.0, 2.9291257417885883)	(49.0, 2.8941288745903853)	(50.0, 2.877926621257884)	(51.0, 2.846735910520502)	(52.0, 2.7989529939127857)	(53.0, 2.760594845684247)	(54.0, 2.724526982079319)	(55.0, 2.674173674095464)	(56.0, 2.6123085278116345)	(57.0, 2.53878325141767)	(58.0, 2.4752759106435294)	(59.0, 2.402211986547846)	(60.0, 2.372185641134698)	(61.0, 2.3669954277790324)	(62.0, 2.178752705501692)	(63.0, 1.8740514816438907)	(64.0, 1.6263547280701678)	(65.0, 1.3542227795553266)	(66.0, 1.0841724086720173)	(67.0, 0.8794143725740559)	(68.0, 0.7175950539518559)	(69.0, 0.5940734683762772)	(70.0, 0.5006166742387028)	(71.0, 0.42849193160737775)	(72.0, 0.3639520404513695)	(73.0, 0.3119071073738158)	(74.0, 0.2923710344573047)	(75.0, 0.28840010931852555)	(76.0, 0.3034929202194455)	(77.0, 0.31300556522686673)	(78.0, 0.2681280696404703)	(79.0, 0.1994360077999295)	(80.0, 0.16112179788551256)	(81.0, 0.14364533344347205)	(82.0, 0.1245706128252424)	(83.0, 0.1059956905301509)	(84.0, 0.08297750621946837)	(85.0, 0.06635783890280757)	(86.0, 0.05763059126031782)	(87.0, 0.04914500434549927)	(88.0, 0.04158212202724351)	(89.0, 0.03723222892916177)	(90.0, 0.03404120886604878)	(91.0, 0.031003972902362915)	(92.0, 0.029515562511478882)	(93.0, 0.029647377453845)	(94.0, 0.030679927835712887)	(95.0, 0.032272691722636755)	(96.0, 0.03755078170654654)	(97.0, 0.04883743614664501)	(98.0, 0.06023393637204855)	(99.0, 0.05803702066594667)	(100.0, 0.04846945276587294)
SRR20277669_1	(0.0, 0.2122943513799748)	(1.0, 0.1194498217926308)	(2.0, 0.019621263208985187)	(3.0, 0.01057389818415246)	(4.0, 0.009187157438689843)	(5.0, 0.008225385631352866)	(6.0, 0.005681163699153305)	(7.0, 0.004875959395336301)	(8.0, 0.004495724029644938)	(9.0, 0.004003654732867881)	(10.0, 0.0038750457121193315)	(11.0, 0.0037576200844793516)	(12.0, 0.003970104553542172)	(13.0, 0.004428623670993521)	(14.0, 0.0052785615472448035)	(15.0, 0.006961662210084513)	(16.0, 0.009858161025204013)	(17.0, 0.014124625496123278)	(18.0, 0.021008003954447803)	(19.0, 0.031397376152308865)	(20.0, 0.047344894725128976)	(21.0, 0.0731841245024788)	(22.0, 0.11111260223019225)	(23.0, 0.16199704087418348)	(24.0, 0.23137881171974864)	(25.0, 0.3274106083430349)	(26.0, 0.45451546271848153)	(27.0, 0.6122795893010715)	(28.0, 0.7948205233156971)	(29.0, 0.9954002704144452)	(30.0, 1.2227474689185547)	(31.0, 1.464113050684256)	(32.0, 1.6913763737400511)	(33.0, 1.9025859359884945)	(34.0, 2.103467634701174)	(35.0, 2.2925788121670845)	(36.0, 2.4638580693213807)	(37.0, 2.597577900720546)	(38.0, 2.6934307630540952)	(39.0, 2.7561919651793874)	(40.0, 2.795238782217958)	(41.0, 2.8352417793673106)	(42.0, 2.850641311677811)	(43.0, 2.828257750371009)	(44.0, 2.8157043916066398)	(45.0, 2.836091717243562)	(46.0, 2.8743333299783154)	(47.0, 2.9240379206493525)	(48.0, 2.9784339447294346)	(49.0, 3.026830078406769)	(50.0, 3.081153410431645)	(51.0, 3.125294263031169)	(52.0, 3.109441803299772)	(53.0, 2.956961829960981)	(54.0, 2.7501305661145428)	(55.0, 2.6695765855535165)	(56.0, 2.609242179732784)	(57.0, 2.493712137224707)	(58.0, 2.3564974954791134)	(59.0, 2.268355582693923)	(60.0, 2.318966028206754)	(61.0, 2.3144423456943377)	(62.0, 2.1920177413348276)	(63.0, 1.8547657470562515)	(64.0, 1.3909345178783314)	(65.0, 1.1140672546894763)	(66.0, 0.9766457201713744)	(67.0, 0.8827611350249334)	(68.0, 0.7269429188432345)	(69.0, 0.550491342376225)	(70.0, 0.44986876288187094)	(71.0, 0.3846080723968136)	(72.0, 0.327019189584235)	(73.0, 0.28608797080687065)	(74.0, 0.2700062515167477)	(75.0, 0.24715857939594021)	(76.0, 0.24416702173939786)	(77.0, 0.24183528427626114)	(78.0, 0.2176064631065453)	(79.0, 0.20541656461820457)	(80.0, 0.19870093705650857)	(81.0, 0.2067250216119072)	(82.0, 0.18595186891273932)	(83.0, 0.12747390634802944)	(84.0, 0.08158844442356877)	(85.0, 0.07011428309417647)	(86.0, 0.06931467048691375)	(87.0, 0.053892771390196416)	(88.0, 0.03333769485664567)	(89.0, 0.01884960908449389)	(90.0, 0.011871171784746523)	(91.0, 0.009410825300861233)	(92.0, 0.010327863535763933)	(93.0, 0.009550617714718353)	(94.0, 0.006682077382370275)	(95.0, 0.005021343505747705)	(96.0, 0.004193772415713562)	(97.0, 0.004149038843279284)	(98.0, 0.00489832618155344)	(99.0, 0.004423031974439237)	(100.0, 0.002096886207856781)
SRR20277669_2	(0.0, 0.2213079333512028)	(1.0, 0.12060773780794373)	(2.0, 0.016397734139411816)	(3.0, 0.011043600088438223)	(4.0, 0.009199274162737506)	(5.0, 0.010222036721535176)	(6.0, 0.013597712052211636)	(7.0, 0.01188193005466582)	(8.0, 0.0071872822437912725)	(9.0, 0.006706639729820782)	(10.0, 0.0066507510654056105)	(11.0, 0.007125804712934582)	(12.0, 0.008539787922638464)	(13.0, 0.009797282871979859)	(14.0, 0.011513064869525677)	(15.0, 0.014123065497714265)	(16.0, 0.017688762287402314)	(17.0, 0.02337263945842543)	(18.0, 0.03137030733623671)	(19.0, 0.042665406414543215)	(20.0, 0.060465946030775874)	(21.0, 0.08645417498383141)	(22.0, 0.12308360564153592)	(23.0, 0.17736267652155213)	(24.0, 0.2530918168041118)	(25.0, 0.3537137682171896)	(26.0, 0.486633778795796)	(27.0, 0.64683863534189)	(28.0, 0.836301207709327)	(29.0, 1.0524897394001)	(30.0, 1.2761282300574155)	(31.0, 1.5020805114215192)	(32.0, 1.7250148049072034)	(33.0, 1.929086674152767)	(34.0, 2.1065611280031495)	(35.0, 2.2594725138430634)	(36.0, 2.4002895927035337)	(37.0, 2.5218250823407695)	(38.0, 2.6107104142266606)	(39.0, 2.6757871750716884)	(40.0, 2.7222027108684896)	(41.0, 2.7440328231890563)	(42.0, 2.745865971381874)	(43.0, 2.736990851472745)	(44.0, 2.7356718789925463)	(45.0, 2.756009763973228)	(46.0, 2.830324921046084)	(47.0, 2.9315281145690797)	(48.0, 2.9386650970148973)	(49.0, 2.9033322833716246)	(50.0, 2.889326584069182)	(51.0, 2.863500432242931)	(52.0, 2.8121722828440356)	(53.0, 2.769473343230843)	(54.0, 2.728255453224653)	(55.0, 2.682616769863223)	(56.0, 2.6278850008014434)	(57.0, 2.5488472515855056)	(58.0, 2.48156847736252)	(59.0, 2.4080581170572426)	(60.0, 2.377604383817415)	(61.0, 2.369355216949735)	(62.0, 2.172811550800896)	(63.0, 1.8679556530154506)	(64.0, 1.6229006261542407)	(65.0, 1.3395450975693124)	(66.0, 1.0661209846509607)	(67.0, 0.8660619215104068)	(68.0, 0.7057788208341316)	(69.0, 0.5851654941597464)	(70.0, 0.49201585717897717)	(71.0, 0.42112108636833)	(72.0, 0.3581625059046374)	(73.0, 0.30760562007467174)	(74.0, 0.2901460013113716)	(75.0, 0.28467450106512615)	(76.0, 0.29895964368964445)	(77.0, 0.3100144215109657)	(78.0, 0.26382244037182506)	(79.0, 0.19182666287219896)	(80.0, 0.15596849578342384)	(81.0, 0.14062705740145878)	(82.0, 0.11962409731423669)	(83.0, 0.10115848259146347)	(84.0, 0.0787080060958884)	(85.0, 0.06356776690581799)	(86.0, 0.05522358930863264)	(87.0, 0.045962837615038436)	(88.0, 0.03941827501202165)	(89.0, 0.03484099339641897)	(90.0, 0.031442962599976435)	(91.0, 0.029626581006483306)	(92.0, 0.02868206257786688)	(93.0, 0.028754717841606606)	(94.0, 0.02908446096165613)	(95.0, 0.03153797332948224)	(96.0, 0.03771367074735887)	(97.0, 0.0489193479626011)	(98.0, 0.06062243429113836)	(99.0, 0.05829746585146716)	(100.0, 0.04785187447227129)
SRR20277670_1	(0.0, 0.20696369538510773)	(1.0, 0.11644487594273487)	(2.0, 0.019601834349855317)	(3.0, 0.011287055141684814)	(4.0, 0.010023295483821977)	(5.0, 0.00915547769301488)	(6.0, 0.0065303288758234105)	(7.0, 0.004914018240445191)	(8.0, 0.004084167477985903)	(9.0, 0.0038400937243214073)	(10.0, 0.003753311945240697)	(11.0, 0.0036502585825823543)	(12.0, 0.0038455175855139517)	(13.0, 0.004284850342110045)	(14.0, 0.005244873773190396)	(15.0, 0.007051019550307669)	(16.0, 0.00992566598235618)	(17.0, 0.014264754936391667)	(18.0, 0.021120515483767737)	(19.0, 0.032217735483713504)	(20.0, 0.04809337719429084)	(21.0, 0.07220244019515053)	(22.0, 0.10993081865048909)	(23.0, 0.1621517542123062)	(24.0, 0.23472301696854975)	(25.0, 0.33236879001792585)	(26.0, 0.4551758551395153)	(27.0, 0.6062466609354533)	(28.0, 0.793521740191625)	(29.0, 1.004553331471141)	(30.0, 1.228987283757434)	(31.0, 1.4656466191717221)	(32.0, 1.6934325176750076)	(33.0, 1.9044532612321383)	(34.0, 2.106524633821571)	(35.0, 2.2953183942116553)	(36.0, 2.4726135688735456)	(37.0, 2.611735608462308)	(38.0, 2.6988319714921856)	(39.0, 2.7657298754410276)	(40.0, 2.812640850895344)	(41.0, 2.8393696388522027)	(42.0, 2.84520571349538)	(43.0, 2.832687441862988)	(44.0, 2.8266669559392636)	(45.0, 2.8471311842187337)	(46.0, 2.885076517121774)	(47.0, 2.9273500912564647)	(48.0, 2.97933237692581)	(49.0, 3.0315587363488192)	(50.0, 3.0799341543251226)	(51.0, 3.123910820874272)	(52.0, 3.1105952416465756)	(53.0, 2.9584450874733212)	(54.0, 2.7556631890676657)	(55.0, 2.6724557345128424)	(56.0, 2.6088880813362225)	(57.0, 2.4922154032234007)	(58.0, 2.3510756872710115)	(59.0, 2.2676241589625237)	(60.0, 2.3245963969290098)	(61.0, 2.312761531806878)	(62.0, 2.1897158167928166)	(63.0, 1.8540059282802834)	(64.0, 1.3895281511955546)	(65.0, 1.1156611280004123)	(66.0, 0.9782150615201456)	(67.0, 0.8787577188324597)	(68.0, 0.7205057208175929)	(69.0, 0.5438288663316528)	(70.0, 0.443107763986104)	(71.0, 0.37781532295025505)	(72.0, 0.31985594224672603)	(73.0, 0.280549220184357)	(74.0, 0.26222741707594216)	(75.0, 0.23772783606921932)	(76.0, 0.23545523822954326)	(77.0, 0.2346199636058914)	(78.0, 0.20954002945156625)	(79.0, 0.19521018818086408)	(80.0, 0.18913546364521439)	(81.0, 0.19955470099609213)	(82.0, 0.18287632782901822)	(83.0, 0.12638681350866868)	(84.0, 0.0793890562752718)	(85.0, 0.06611686793711574)	(86.0, 0.06521650697915339)	(87.0, 0.05200940497530787)	(88.0, 0.03286317496562628)	(89.0, 0.018240445190526686)	(90.0, 0.01184028898332434)	(91.0, 0.010072110234554878)	(92.0, 0.010777212189585644)	(93.0, 0.010034143206207068)	(94.0, 0.0074632330009410395)	(95.0, 0.005326231691078561)	(96.0, 0.004415023010731109)	(97.0, 0.004984528435948267)	(98.0, 0.005098429520991699)	(99.0, 0.00415467767348898)	(100.0, 0.002088186559129579)
SRR20277670_2	(0.0, 0.2131400724489662)	(1.0, 0.11703286195112335)	(2.0, 0.017622457639115716)	(3.0, 0.012193070105488498)	(4.0, 0.00958956759186106)	(5.0, 0.010858775067254436)	(6.0, 0.014774876764835704)	(7.0, 0.01237748486687044)	(8.0, 0.00705115264107431)	(9.0, 0.006096535052744249)	(10.0, 0.005857880655661734)	(11.0, 0.006232134141995678)	(12.0, 0.007110816240344938)	(13.0, 0.008374599752168256)	(14.0, 0.010489945544490549)	(15.0, 0.012713770608213985)	(16.0, 0.015680678681035252)	(17.0, 0.020665301201917785)	(18.0, 0.028513776487790497)	(19.0, 0.03970341333281842)	(20.0, 0.05707094468414144)	(21.0, 0.08261238913554061)	(22.0, 0.11953873312048977)	(23.0, 0.17380548863891165)	(24.0, 0.24957825971261022)	(25.0, 0.34939546129237214)	(26.0, 0.48166423691178606)	(27.0, 0.6434285264251709)	(28.0, 0.8345039150711445)	(29.0, 1.0491247295747363)	(30.0, 1.269337650519057)	(31.0, 1.4951589497948168)	(32.0, 1.7202697098428994)	(33.0, 1.9272535836398506)	(34.0, 2.1131707829306996)	(35.0, 2.2713932242328374)	(36.0, 2.408413391939621)	(37.0, 2.529926447799612)	(38.0, 2.620484943565286)	(39.0, 2.690020156533419)	(40.0, 2.7310198971594812)	(41.0, 2.7508010922994797)	(42.0, 2.7578956366491143)	(43.0, 2.7443031839425513)	(44.0, 2.74415673692616)	(45.0, 2.7673875728967143)	(46.0, 2.83811605785026)	(47.0, 2.931896387976548)	(48.0, 2.9406832089600408)	(49.0, 2.911789755022346)	(50.0, 2.8920031359187774)	(51.0, 2.8621876081741737)	(52.0, 2.8166208902221235)	(53.0, 2.774042776197174)	(54.0, 2.7311446483215924)	(55.0, 2.681184519877796)	(56.0, 2.6261258656781457)	(57.0, 2.5507436199814912)	(58.0, 2.4843651538111318)	(59.0, 2.407437078497011)	(60.0, 2.3716117991167835)	(61.0, 2.37218131529164)	(62.0, 2.1865787058878534)	(63.0, 1.879571519895478)	(64.0, 1.6267551539315437)	(65.0, 1.341243135567305)	(66.0, 1.0696761275416828)	(67.0, 0.8681975767683395)	(68.0, 0.7057281719908475)	(69.0, 0.5848171760871331)	(70.0, 0.48846046326506765)	(71.0, 0.4144830241330581)	(72.0, 0.3538756552012393)	(73.0, 0.30223409805072515)	(74.0, 0.27962701789072686)	(75.0, 0.2746532432969845)	(76.0, 0.290740719245774)	(77.0, 0.2977159363968675)	(78.0, 0.2520570110641263)	(79.0, 0.18612873387008153)	(80.0, 0.1501624314370325)	(81.0, 0.1352356836922352)	(82.0, 0.11700031816970302)	(83.0, 0.09957854718267942)	(84.0, 0.07779590948532986)	(85.0, 0.06295594515765346)	(86.0, 0.05500983852751972)	(87.0, 0.04696610055312496)	(88.0, 0.03970883729638847)	(89.0, 0.03456149586840423)	(90.0, 0.03148068456061176)	(91.0, 0.0298046798174641)	(92.0, 0.02908871662621655)	(93.0, 0.028079859402185922)	(94.0, 0.02892057375554478)	(95.0, 0.03248954178464239)	(96.0, 0.037691122848327215)	(97.0, 0.04782851076076405)	(98.0, 0.05845947935807608)	(99.0, 0.05659905985354647)	(100.0, 0.048110556866407014)
SRR20277671_1	(0.0, 0.204540205189399)	(1.0, 0.11506076586318263)	(2.0, 0.01899554264430319)	(3.0, 0.010549399009957395)	(4.0, 0.009401165104111694)	(5.0, 0.008495826832194889)	(6.0, 0.0056970066866959875)	(7.0, 0.004427324963885836)	(8.0, 0.0040353797364096585)	(9.0, 0.003682076996149442)	(10.0, 0.003798004457797325)	(11.0, 0.004013298315143394)	(12.0, 0.0038366469450132864)	(13.0, 0.003980176183243999)	(14.0, 0.005216735774154756)	(15.0, 0.006966688409506141)	(16.0, 0.009605418250824631)	(17.0, 0.013734644027615909)	(18.0, 0.020668210305222652)	(19.0, 0.032376883931658884)	(20.0, 0.049467903991746845)	(21.0, 0.0738402727143852)	(22.0, 0.11192520404337322)	(23.0, 0.1659639622372366)	(24.0, 0.2381370876460189)	(25.0, 0.33673063359988553)	(26.0, 0.4598952810677869)	(27.0, 0.6104850537483876)	(28.0, 0.8024333284606997)	(29.0, 1.0106224885143487)	(30.0, 1.231701678232179)	(31.0, 1.4707993077032804)	(32.0, 1.698729258368969)	(33.0, 1.911080766331309)	(34.0, 2.113076087719771)	(35.0, 2.2984109767628373)	(36.0, 2.470872397207672)	(37.0, 2.6138440795514115)	(38.0, 2.705443335319189)	(39.0, 2.766702718267121)	(40.0, 2.802430457875935)	(41.0, 2.837617202663726)	(42.0, 2.85620975936992)	(43.0, 2.835442182668999)	(44.0, 2.8314675268410716)	(45.0, 2.857766499569191)	(46.0, 2.8950344183113277)	(47.0, 2.9372044125745744)	(48.0, 2.9857393765178215)	(49.0, 3.0323311753896376)	(50.0, 3.078017635989537)	(51.0, 3.1245376702422374)	(52.0, 3.1183603926430004)	(53.0, 2.959528729474767)	(54.0, 2.747083375472046)	(55.0, 2.6660445594248587)	(56.0, 2.604382190538818)	(57.0, 2.484888579356433)	(58.0, 2.3425572582294145)	(59.0, 2.264593280093554)	(60.0, 2.3209395468097425)	(61.0, 2.3041687073580155)	(62.0, 2.1756327541670952)	(63.0, 1.834436153116108)	(64.0, 1.3739998772272979)	(65.0, 1.1061632779781543)	(66.0, 0.9673097807005728)	(67.0, 0.8742973139717543)	(68.0, 0.7184411223191498)	(69.0, 0.5389688506222765)	(70.0, 0.4410046251744984)	(71.0, 0.3791214420757949)	(72.0, 0.3234762604848109)	(73.0, 0.2833487976886935)	(74.0, 0.26684845564747806)	(75.0, 0.24235463910787527)	(76.0, 0.23675699881687745)	(77.0, 0.23404098400112705)	(78.0, 0.21076716598648532)	(79.0, 0.1996326093129719)	(80.0, 0.19278184836511364)	(81.0, 0.19851197718370903)	(82.0, 0.17842340418672578)	(83.0, 0.12328057492954922)	(84.0, 0.08026044594755133)	(85.0, 0.068502089123266)	(86.0, 0.06673005506664835)	(87.0, 0.05170916825027259)	(88.0, 0.03187453159785139)	(89.0, 0.01805708224048699)	(90.0, 0.011399533728708541)	(91.0, 0.009384604038161996)	(92.0, 0.00972686606778908)	(93.0, 0.00860071358320964)	(94.0, 0.006166236888604087)	(95.0, 0.00455429313616685)	(96.0, 0.003527507047285597)	(97.0, 0.0038918504981789452)	(98.0, 0.004543252425533719)	(99.0, 0.0039691354726108675)	(100.0, 0.0019155632948483603)
SRR20277671_2	(0.0, 0.21010878031036084)	(1.0, 0.11513921417858916)	(2.0, 0.016686602639717867)	(3.0, 0.01086312735526456)	(4.0, 0.008169425043593265)	(5.0, 0.009345159864056351)	(6.0, 0.013512670612646159)	(7.0, 0.011840146431424024)	(8.0, 0.0068060142423989846)	(9.0, 0.005950432565536176)	(10.0, 0.006281625472708876)	(11.0, 0.006679056961316116)	(12.0, 0.00705440892277851)	(13.0, 0.00811422622573115)	(14.0, 0.009968906505898269)	(15.0, 0.012071981466444915)	(16.0, 0.015080317039930274)	(17.0, 0.02004269076573456)	(18.0, 0.026909423707781873)	(19.0, 0.03814238314272261)	(20.0, 0.056043359775407045)	(21.0, 0.08213032109704338)	(22.0, 0.12042726092977993)	(23.0, 0.17640438212375245)	(24.0, 0.25340673304140515)	(25.0, 0.3561262132010181)	(26.0, 0.48728964420497967)	(27.0, 0.6501261568982238)	(28.0, 0.8438408883035362)	(29.0, 1.0603030525498265)	(30.0, 1.2880147358764165)	(31.0, 1.5126021661120104)	(32.0, 1.7342143800648364)	(33.0, 1.9353588723543895)	(34.0, 2.116482753405353)	(35.0, 2.2841436427797466)	(36.0, 2.4154726702372944)	(37.0, 2.5323672068238987)	(38.0, 2.6297379215326724)	(39.0, 2.6927749715312097)	(40.0, 2.734692953815701)	(41.0, 2.753145918627007)	(42.0, 2.760564639747675)	(43.0, 2.7588203571032324)	(44.0, 2.7514733944457843)	(45.0, 2.7654938941827623)	(46.0, 2.843379426186209)	(47.0, 2.9400877550806372)	(48.0, 2.9397400025281057)	(49.0, 2.90600248505078)	(50.0, 2.894173378382929)	(51.0, 2.8625058165754322)	(52.0, 2.8094100736738623)	(53.0, 2.7669732225014667)	(54.0, 2.723818786696864)	(55.0, 2.6800406042504195)	(56.0, 2.621562976607293)	(57.0, 2.5422201958122863)	(58.0, 2.4788022739705005)	(59.0, 2.405001454488851)	(60.0, 2.3773026876856407)	(61.0, 2.3657495751070994)	(62.0, 2.1614863496083365)	(63.0, 1.8582019647467232)	(64.0, 1.61184412074631)	(65.0, 1.33014799355057)	(66.0, 1.0588899628125565)	(67.0, 0.8555430376903048)	(68.0, 0.6983754435915001)	(69.0, 0.5776611488088371)	(70.0, 0.48626294619274435)	(71.0, 0.41583477448246964)	(72.0, 0.35025305898048886)	(73.0, 0.30022085047026636)	(74.0, 0.2853834082289294)	(75.0, 0.2825627486361752)	(76.0, 0.29630725428384225)	(77.0, 0.3032788649798276)	(78.0, 0.25712713336531184)	(79.0, 0.1889345137784529)	(80.0, 0.15259161209803532)	(81.0, 0.13471823487428192)	(82.0, 0.11298094040018039)	(83.0, 0.09515724211250291)	(84.0, 0.07370698149128438)	(85.0, 0.05940496778320995)	(86.0, 0.05155569588321696)	(87.0, 0.04457856530544542)	(88.0, 0.037905028225915516)	(89.0, 0.03277153816473866)	(90.0, 0.030061276207708737)	(91.0, 0.02844395084434872)	(92.0, 0.02743381247747198)	(93.0, 0.027306855196389115)	(94.0, 0.02854330871650053)	(95.0, 0.030811980130633524)	(96.0, 0.03607794735467945)	(97.0, 0.047818735913951665)	(98.0, 0.059565044355010095)	(99.0, 0.05696518003370439)	(100.0, 0.04628972865917104)
SRR20277672_1	(0.0, 0.09590478298793421)	(1.0, 0.056868816447469245)	(2.0, 0.013723489600184666)	(3.0, 0.007710224230349334)	(4.0, 0.005634849456689352)	(5.0, 0.0046060311928237205)	(6.0, 0.0029149850809526245)	(7.0, 0.0020280727845167342)	(8.0, 0.0021345022600890414)	(9.0, 0.0021818042492322887)	(10.0, 0.0022054552438039122)	(11.0, 0.002406488697662714)	(12.0, 0.002826293851309035)	(13.0, 0.003985192585318598)	(14.0, 0.005717627937690036)	(15.0, 0.008177331373138903)	(16.0, 0.012570503614818011)	(17.0, 0.020079694391308543)	(18.0, 0.03156225225583186)	(19.0, 0.04881565279583137)	(20.0, 0.07528111572147832)	(21.0, 0.1163392422978171)	(22.0, 0.1746389439168696)	(23.0, 0.2510789583723575)	(24.0, 0.3560716360244381)	(25.0, 0.4952577390784437)	(26.0, 0.671357131910111)	(27.0, 0.877475549601812)	(28.0, 1.1045310102380423)	(29.0, 1.3502766693344987)	(30.0, 1.606706665228686)	(31.0, 1.871645106420015)	(32.0, 2.128542209456992)	(33.0, 2.3440855484854852)	(34.0, 2.5283977491821483)	(35.0, 2.7043966252868867)	(36.0, 2.868173849946738)	(37.0, 2.992412524431477)	(38.0, 3.0614202138428324)	(39.0, 3.093130284814737)	(40.0, 3.111696315553462)	(41.0, 3.131628191228698)	(42.0, 3.1507381948425692)	(43.0, 3.1082550958432904)	(44.0, 3.0159393512816)	(45.0, 2.944430569194296)	(46.0, 2.904543166849252)	(47.0, 2.8841678350257984)	(48.0, 2.8596062771631674)	(49.0, 2.8348377730980343)	(50.0, 2.8296700307841345)	(51.0, 2.8165673797914548)	(52.0, 2.7251326347775575)	(53.0, 2.555791513644732)	(54.0, 2.4037747460356202)	(55.0, 2.34466499785249)	(56.0, 2.269697257809085)	(57.0, 2.1337690792573207)	(58.0, 1.9768092537827402)	(59.0, 1.9094807849859703)	(60.0, 2.0579972053984816)	(61.0, 2.11339966018251)	(62.0, 1.9676563188835217)	(63.0, 1.6703101023804252)	(64.0, 1.2424813488256807)	(65.0, 0.9362896603527971)	(66.0, 0.8021175681479759)	(67.0, 0.7461474894942282)	(68.0, 0.6357682978284602)	(69.0, 0.4710745971289585)	(70.0, 0.3612985058247669)	(71.0, 0.30177486523663294)	(72.0, 0.2556790768165383)	(73.0, 0.21236228025860943)	(74.0, 0.17985398821991264)	(75.0, 0.15953778388288783)	(76.0, 0.14810252800750776)	(77.0, 0.13627111797305302)	(78.0, 0.12338132593151807)	(79.0, 0.10265122918948986)	(80.0, 0.08335201761904491)	(81.0, 0.08589449953549447)	(82.0, 0.0796328987226571)	(83.0, 0.05679786346375438)	(84.0, 0.034039693937209445)	(85.0, 0.02204863968939622)	(86.0, 0.019216433089444276)	(87.0, 0.01658525994335114)	(88.0, 0.012067919980171007)	(89.0, 0.008620787521356848)	(90.0, 0.0067287079556269495)	(91.0, 0.006013265369835332)	(92.0, 0.007337721065846261)	(93.0, 0.007249029836202671)	(94.0, 0.00450551446589432)	(95.0, 0.002737602621665446)	(96.0, 0.0024774416813775854)	(97.0, 0.0024597034354488672)	(98.0, 0.0018743413198011804)	(99.0, 0.0011825497285811862)	(100.0, 0.0005498856237902516)
SRR20277672_2	(0.0, 0.10777162267104361)	(1.0, 0.05973859948035982)	(2.0, 0.010979145470488276)	(3.0, 0.009225080809522694)	(4.0, 0.007423768615601809)	(5.0, 0.007630476572281254)	(6.0, 0.010022382928143413)	(7.0, 0.008286036092036068)	(8.0, 0.005043674142978477)	(9.0, 0.005421654406620891)	(10.0, 0.00615399116742807)	(11.0, 0.006850892278518773)	(12.0, 0.008327377683371957)	(13.0, 0.010689754331137053)	(14.0, 0.013654537024082244)	(15.0, 0.016944146506095138)	(16.0, 0.022289023671663664)	(17.0, 0.030604589471796798)	(18.0, 0.04171957159953157)	(19.0, 0.05911847561032148)	(20.0, 0.08776229246447326)	(21.0, 0.1310055970018133)	(22.0, 0.19063198359140426)	(23.0, 0.2738762307170268)	(24.0, 0.38390982902830545)	(25.0, 0.532733651895887)	(26.0, 0.7173888225684456)	(27.0, 0.9316268548126425)	(28.0, 1.1737999909166619)	(29.0, 1.420036414854837)	(30.0, 1.6676371113070965)	(31.0, 1.9152141839928785)	(32.0, 2.1542335472721312)	(33.0, 2.3608351970024275)	(34.0, 2.5414861392570245)	(35.0, 2.708783747510129)	(36.0, 2.837710453061909)	(37.0, 2.934514742145703)	(38.0, 2.995074267511161)	(39.0, 3.0262399214368023)	(40.0, 3.02435002011859)	(41.0, 3.0026811203169648)	(42.0, 2.979671571767733)	(43.0, 2.9504785023429756)	(44.0, 2.9046602072595715)	(45.0, 2.852546178409874)	(46.0, 2.831172575689219)	(47.0, 2.8359622943425626)	(48.0, 2.8050092543152205)	(49.0, 2.752901131407142)	(50.0, 2.688278318207528)	(51.0, 2.612286567390544)	(52.0, 2.513580565105299)	(53.0, 2.43301761547489)	(54.0, 2.3905538952313123)	(55.0, 2.3216906159489596)	(56.0, 2.2240713069216866)	(57.0, 2.1260326760394355)	(58.0, 2.0626323927550394)	(59.0, 2.0243264554115283)	(60.0, 2.057978510758942)	(61.0, 2.1008497409742595)	(62.0, 1.9599221620518328)	(63.0, 1.7339431178682432)	(64.0, 1.5635212664984695)	(65.0, 1.2724587456689516)	(66.0, 0.935453904982022)	(67.0, 0.7209323875400933)	(68.0, 0.5812273385328849)	(69.0, 0.4771173996658773)	(70.0, 0.3952964844705332)	(71.0, 0.33193163683585397)	(72.0, 0.2749511120917599)	(73.0, 0.22753230682949505)	(74.0, 0.20444598103921066)	(75.0, 0.19441769216944785)	(76.0, 0.1932010681958488)	(77.0, 0.1909686222637108)	(78.0, 0.15993289905369687)	(79.0, 0.11270898986487266)	(80.0, 0.08451993051541566)	(81.0, 0.0711843143387817)	(82.0, 0.05580524236183093)	(83.0, 0.04198533897240513)	(84.0, 0.03211060458474704)	(85.0, 0.02531286578080299)	(86.0, 0.021314543304460563)	(87.0, 0.019011226072889596)	(88.0, 0.01617637409557148)	(89.0, 0.014144730178493502)	(90.0, 0.013335616176633959)	(91.0, 0.012644621007162668)	(92.0, 0.011510680216235422)	(93.0, 0.010553917673890557)	(94.0, 0.010518482024174082)	(95.0, 0.011274442551458912)	(96.0, 0.01343011124254456)	(97.0, 0.01707407722172222)	(98.0, 0.019377394453293187)	(99.0, 0.01817258236293299)	(100.0, 0.02345249417068797)
SRR20277673_1	(0.0, 0.08818461139891288)	(1.0, 0.052537862097863944)	(2.0, 0.01316206538197712)	(3.0, 0.007317028891285511)	(4.0, 0.005127440195402085)	(5.0, 0.004373044090097711)	(6.0, 0.003023717722886636)	(7.0, 0.0022631883159131214)	(8.0, 0.002097589170846307)	(9.0, 0.0020730559641697426)	(10.0, 0.002189588695883426)	(11.0, 0.0025085203826787712)	(12.0, 0.0030053178178792122)	(13.0, 0.004103178816655496)	(14.0, 0.005654904138948232)	(15.0, 0.008169557823296144)	(16.0, 0.01319886519199197)	(17.0, 0.02080415926172712)	(18.0, 0.03145157095935633)	(19.0, 0.04873521506299636)	(20.0, 0.07548254364212136)	(21.0, 0.11609113399350557)	(22.0, 0.17398950175019898)	(23.0, 0.25244056340018467)	(24.0, 0.355406431821728)	(25.0, 0.49269425638378567)	(26.0, 0.6706581376155882)	(27.0, 0.874253086522732)	(28.0, 1.1036692354569604)	(29.0, 1.3471245119118533)	(30.0, 1.6035149215869646)	(31.0, 1.8740916580228002)	(32.0, 2.131383663043276)	(33.0, 2.3434855013655183)	(34.0, 2.523497905354814)	(35.0, 2.7012839208382116)	(36.0, 2.859504703997048)	(37.0, 2.9811096761911116)	(38.0, 3.059364472187685)	(39.0, 3.0984213372167764)	(40.0, 3.111914600888887)	(41.0, 3.129130778674167)	(42.0, 3.1516031959899)	(43.0, 3.1080199543289826)	(44.0, 3.007783405150207)	(45.0, 2.936692305503191)	(46.0, 2.908313518680074)	(47.0, 2.8921952018935713)	(48.0, 2.862019357681396)	(49.0, 2.830095522493516)	(50.0, 2.82414008657278)	(51.0, 2.8151915994375027)	(52.0, 2.7283747143108084)	(53.0, 2.5587889231590526)	(54.0, 2.413417406997067)	(55.0, 2.3583096914998327)	(56.0, 2.282778081444358)	(57.0, 2.143907865051662)	(58.0, 1.9814428371377795)	(59.0, 1.919422890659423)	(60.0, 2.0748775547654774)	(61.0, 2.1213802480209063)	(62.0, 1.9779161886780232)	(63.0, 1.6800217266078328)	(64.0, 1.2383258736029565)	(65.0, 0.9333842479149227)	(66.0, 0.8060569052635503)	(67.0, 0.7523353159435422)	(68.0, 0.6355511188614237)	(69.0, 0.4687191801591125)	(70.0, 0.3584301495446146)	(71.0, 0.3007096475363263)	(72.0, 0.25622481053004487)	(73.0, 0.20818265855566143)	(74.0, 0.1770254860764239)	(75.0, 0.1574602537518633)	(76.0, 0.14245819786914382)	(77.0, 0.13166972023312434)	(78.0, 0.12037831186023532)	(79.0, 0.10069654680396103)	(80.0, 0.08040758488244178)	(81.0, 0.08285477224842913)	(82.0, 0.07647613851252223)	(83.0, 0.05294266000802726)	(84.0, 0.03213850074630015)	(85.0, 0.02111695764685332)	(86.0, 0.01876176980590308)	(87.0, 0.01614284999317977)	(88.0, 0.011475407422963279)	(89.0, 0.007875159343177365)	(90.0, 0.006262101004193215)	(91.0, 0.005771436870661916)	(92.0, 0.006384767037576041)	(93.0, 0.006200767987501804)	(94.0, 0.0043055777717371565)	(95.0, 0.002471720572663924)	(96.0, 0.001594658433976725)	(97.0, 0.0013861261772259224)	(98.0, 0.0011714606188059785)	(99.0, 0.0009383951553786112)	(100.0, 0.0005274639435461475)
SRR20277673_2	(0.0, 0.09854178858553328)	(1.0, 0.05491900625819382)	(2.0, 0.010469222721166006)	(3.0, 0.008018848766533821)	(4.0, 0.005978912449302529)	(5.0, 0.006236201714538908)	(6.0, 0.008508923557460258)	(7.0, 0.00784119665482299)	(8.0, 0.005390822700190805)	(9.0, 0.005194792783820229)	(10.0, 0.005586852616561379)	(11.0, 0.006818165528764052)	(12.0, 0.008484419817913936)	(13.0, 0.010720386051515804)	(14.0, 0.013348412117858822)	(15.0, 0.016919832156735228)	(16.0, 0.022721092494326925)	(17.0, 0.030629674432902296)	(18.0, 0.04250173624309523)	(19.0, 0.06045072546077598)	(20.0, 0.087214934980246)	(21.0, 0.13038439812597852)	(22.0, 0.19132519837768092)	(23.0, 0.2736516373184357)	(24.0, 0.38842102741852064)	(25.0, 0.5395294632658009)	(26.0, 0.7229889612491125)	(27.0, 0.9375130750422735)	(28.0, 1.1763939059444786)	(29.0, 1.421198515882007)	(30.0, 1.6693785159420411)	(31.0, 1.9251117937172288)	(32.0, 2.168391045867999)	(33.0, 2.371380024269729)	(34.0, 2.542220096386685)	(35.0, 2.7007347875118404)	(36.0, 2.8377106915757797)	(37.0, 2.933116001499384)	(38.0, 2.999625276562988)	(39.0, 3.0330361254343976)	(40.0, 3.0183828891856974)	(41.0, 2.9961825011567296)	(42.0, 2.9819642062849763)	(43.0, 2.958563135018239)	(44.0, 2.905886220928534)	(45.0, 2.8496991461488177)	(46.0, 2.8390767750554873)	(47.0, 2.8452639692909334)	(48.0, 2.8061314972354574)	(49.0, 2.749846407497556)	(50.0, 2.6813523295307)	(51.0, 2.5935860604106615)	(52.0, 2.4981317430079653)	(53.0, 2.436339437807028)	(54.0, 2.3975928996494065)	(55.0, 2.326715833011671)	(56.0, 2.2299383136734727)	(57.0, 2.13230928938604)	(58.0, 2.0660205479783524)	(59.0, 2.0329221217861586)	(60.0, 2.0746703680382046)	(61.0, 2.1147584859359867)	(62.0, 1.9602746599662009)	(63.0, 1.7396919965702116)	(64.0, 1.5715167061289181)	(65.0, 1.2628553509336753)	(66.0, 0.9219470744954726)	(67.0, 0.7126667609652243)	(68.0, 0.5752007821103589)	(69.0, 0.471629600982943)	(70.0, 0.38984837024709385)	(71.0, 0.32634692921280084)	(72.0, 0.27219979075031614)	(73.0, 0.2272170508781558)	(74.0, 0.20316050457855434)	(75.0, 0.19153348016382465)	(76.0, 0.1892975139302228)	(77.0, 0.1871901923292391)	(78.0, 0.15598468001699825)	(79.0, 0.10983801251638764)	(80.0, 0.08149331179617986)	(81.0, 0.06753843212454957)	(82.0, 0.0527933068525504)	(83.0, 0.03923661294854784)	(84.0, 0.028871531120453705)	(85.0, 0.022800729647852472)	(86.0, 0.0199399180558194)	(87.0, 0.017930611413021005)	(88.0, 0.01548023745838882)	(89.0, 0.013262649029446695)	(90.0, 0.012294751317366983)	(91.0, 0.01171891343802842)	(92.0, 0.01095317157720586)	(93.0, 0.010426341176959944)	(94.0, 0.010579489549124453)	(95.0, 0.011143075558689855)	(96.0, 0.012637803671015488)	(97.0, 0.0163011127331906)	(98.0, 0.019701006595242758)	(99.0, 0.018843375711121494)	(100.0, 0.02371349394595296)
SRR20277674_1	(0.0, 0.08727251688141069)	(1.0, 0.05183472949402629)	(2.0, 0.01280455348891775)	(3.0, 0.00729148184785594)	(4.0, 0.0049676925109782746)	(5.0, 0.004001422965286797)	(6.0, 0.003118145895912378)	(7.0, 0.002406781813194725)	(8.0, 0.0020036754996547216)	(9.0, 0.0018851148192017796)	(10.0, 0.0021044520780397224)	(11.0, 0.0025905508678967853)	(12.0, 0.003094433759821789)	(13.0, 0.003959926727128266)	(14.0, 0.005471575402903278)	(15.0, 0.008186614985275653)	(16.0, 0.012982394509597161)	(17.0, 0.019568440308758095)	(18.0, 0.030861345121900828)	(19.0, 0.04851503044134391)	(20.0, 0.07530381618968618)	(21.0, 0.11531804584255415)	(22.0, 0.17353726797897137)	(23.0, 0.25390955325802084)	(24.0, 0.35748416370171104)	(25.0, 0.4987492144613916)	(26.0, 0.6738396273542965)	(27.0, 0.8747525564498522)	(28.0, 1.103379044601283)	(29.0, 1.3435829831989439)	(30.0, 1.598209828573705)	(31.0, 1.8643311319183786)	(32.0, 2.1210505733031346)	(33.0, 2.3448516417601306)	(34.0, 2.534726571505517)	(35.0, 2.70600525852186)	(36.0, 2.8562631368938964)	(37.0, 2.9838522131633303)	(38.0, 3.0565773345531646)	(39.0, 3.085494284515637)	(40.0, 3.1094435419671314)	(41.0, 3.133019333275199)	(42.0, 3.155759271786073)	(43.0, 3.113883639450094)	(44.0, 3.019533049945643)	(45.0, 2.951093897154182)	(46.0, 2.920434105189051)	(47.0, 2.8957082752805903)	(48.0, 2.865018843145346)	(49.0, 2.8392437512148763)	(50.0, 2.8293913586692367)	(51.0, 2.814233375673328)	(52.0, 2.7318159186564657)	(53.0, 2.5675382398208693)	(54.0, 2.4159465537937375)	(55.0, 2.3510167971436835)	(56.0, 2.2722865772889076)	(57.0, 2.142610833043502)	(58.0, 1.9797795945094312)	(59.0, 1.9153181525471665)	(60.0, 2.071919027323435)	(61.0, 2.1224377332644337)	(62.0, 1.9791986471752117)	(63.0, 1.6867272325998717)	(64.0, 1.2527714300060129)	(65.0, 0.9351532951066036)	(66.0, 0.8000000474242721)	(67.0, 0.7470152793298523)	(68.0, 0.6306538994993123)	(69.0, 0.46476972344357836)	(70.0, 0.35816588761431545)	(71.0, 0.29973918428710555)	(72.0, 0.2511293053013993)	(73.0, 0.20546565922494867)	(74.0, 0.17408857514307755)	(75.0, 0.15258166770891385)	(76.0, 0.13827139357824372)	(77.0, 0.12889917178843865)	(78.0, 0.11738692971645798)	(79.0, 0.09646689765053634)	(80.0, 0.07724821134911443)	(81.0, 0.0790444056579765)	(82.0, 0.07377438341184324)	(83.0, 0.0529432718562613)	(84.0, 0.03228407328733614)	(85.0, 0.020653270534902516)	(86.0, 0.017825598306099845)	(87.0, 0.015970123657011302)	(88.0, 0.011518170106003325)	(89.0, 0.007919853454256533)	(90.0, 0.006230363757802108)	(91.0, 0.005572351981288279)	(92.0, 0.006603829901228876)	(93.0, 0.006342996404232403)	(94.0, 0.0042800405643512104)	(95.0, 0.002715039582372374)	(96.0, 0.0020570278058585456)	(97.0, 0.0019443951594282506)	(98.0, 0.001470152437616482)	(99.0, 0.001013693817872655)	(100.0, 0.0005335230620382395)
SRR20277674_2	(0.0, 0.09434659738516682)	(1.0, 0.05307366356735587)	(2.0, 0.01075809499255701)	(3.0, 0.008234444955756742)	(4.0, 0.00608401076946919)	(5.0, 0.00630320103088142)	(6.0, 0.008566192378434713)	(7.0, 0.007624266660474047)	(8.0, 0.004964363217931043)	(9.0, 0.004466742083914089)	(10.0, 0.004822185751069056)	(11.0, 0.0059655295470842015)	(12.0, 0.007108873343099345)	(13.0, 0.008607660806269457)	(14.0, 0.01096543713173074)	(15.0, 0.01434215196970293)	(16.0, 0.019413148287780464)	(17.0, 0.027339542065336234)	(18.0, 0.03910472744816565)	(19.0, 0.05725012665642673)	(20.0, 0.08533017636166915)	(21.0, 0.12704149070230455)	(22.0, 0.187466914118649)	(23.0, 0.2740885358043145)	(24.0, 0.38719071069302513)	(25.0, 0.5283966315314551)	(26.0, 0.7105259665816603)	(27.0, 0.9330218540984314)	(28.0, 1.174818332741717)	(29.0, 1.4182202319483195)	(30.0, 1.6646611745090967)	(31.0, 1.9138686536125635)	(32.0, 2.156393791773517)	(33.0, 2.3700154357336523)	(34.0, 2.5416888029083826)	(35.0, 2.699393233963922)	(36.0, 2.83209220303511)	(37.0, 2.9242646699895123)	(38.0, 2.993872388140693)	(39.0, 3.0292923495726853)	(40.0, 3.026525813029996)	(41.0, 3.0070652722532616)	(42.0, 2.9878416939212973)	(43.0, 2.9587190094590667)	(44.0, 2.907570665755467)	(45.0, 2.852210314596081)	(46.0, 2.83603762774053)	(47.0, 2.8489757772249704)	(48.0, 2.81661855539163)	(49.0, 2.7551504972182976)	(50.0, 2.6880545809816785)	(51.0, 2.6167644294726307)	(52.0, 2.516416758173664)	(53.0, 2.4394335839290173)	(54.0, 2.403681875074347)	(55.0, 2.332729395049096)	(56.0, 2.23829986080826)	(57.0, 2.1360801861956107)	(58.0, 2.0595353924737885)	(59.0, 2.035039399745692)	(60.0, 2.080583581630482)	(61.0, 2.1191669917001534)	(62.0, 1.9689683460827028)	(63.0, 1.7483444618796147)	(64.0, 1.5763748916489222)	(65.0, 1.2693426519604614)	(66.0, 0.9280930352472159)	(67.0, 0.7162249133783783)	(68.0, 0.5797049248852746)	(69.0, 0.4731192172277385)	(70.0, 0.3897439810354216)	(71.0, 0.3277783017280723)	(72.0, 0.271819620395642)	(73.0, 0.22361553506830917)	(74.0, 0.19669660134243963)	(75.0, 0.1840072624250073)	(76.0, 0.18346224880203638)	(77.0, 0.1806009272814389)	(78.0, 0.14952330264985625)	(79.0, 0.10685229040790242)	(80.0, 0.08045467406052685)	(81.0, 0.06601773711291593)	(82.0, 0.05136160990389277)	(83.0, 0.039033638714734656)	(84.0, 0.029721014635274514)	(85.0, 0.02366070011028232)	(86.0, 0.019857452871724173)	(87.0, 0.017730714929913616)	(88.0, 0.015212988954232598)	(89.0, 0.012630098306239837)	(90.0, 0.011747413199471668)	(91.0, 0.011178703332023721)	(92.0, 0.010935816826134493)	(93.0, 0.010805487481511005)	(94.0, 0.01053298067002553)	(95.0, 0.01119647551538147)	(96.0, 0.013015162278991053)	(97.0, 0.016338560566889995)	(98.0, 0.01911102117069874)	(99.0, 0.018192791697215074)	(100.0, 0.023506674521181836)
SRR20277675_1	(0.0, 0.0838861081924216)	(1.0, 0.0502431307643264)	(2.0, 0.012536189871324219)	(3.0, 0.006756877228340028)	(4.0, 0.004838637287264424)	(5.0, 0.004205372178511901)	(6.0, 0.003067954264733097)	(7.0, 0.0021580199337100543)	(8.0, 0.001912091736136259)	(9.0, 0.0018936471213182244)	(10.0, 0.002121130704073985)	(11.0, 0.00237935531152647)	(12.0, 0.002858915296795371)	(13.0, 0.0037442568080610344)	(14.0, 0.005373531116987429)	(15.0, 0.008509115636053319)	(16.0, 0.012548486281202908)	(17.0, 0.019631218371328217)	(18.0, 0.03131280775608349)	(19.0, 0.04949919796666566)	(20.0, 0.07585040433669783)	(21.0, 0.11536491748186742)	(22.0, 0.17614607151223094)	(23.0, 0.2557530290668685)	(24.0, 0.3599835474035823)	(25.0, 0.5012324076800917)	(26.0, 0.6808030293435378)	(27.0, 0.8862452973917471)	(28.0, 1.1182908482125018)	(29.0, 1.3657499488161937)	(30.0, 1.6173160503193684)	(31.0, 1.879346396629308)	(32.0, 2.135640467730839)	(33.0, 2.3607815844047093)	(34.0, 2.547582495076825)	(35.0, 2.7120592736141793)	(36.0, 2.85892759320525)	(37.0, 2.9835271145060136)	(38.0, 3.05994930190207)	(39.0, 3.0955597049107557)	(40.0, 3.1127931233557393)	(41.0, 3.1304630643514164)	(42.0, 3.154225876441984)	(43.0, 3.1093070911551313)	(44.0, 3.014944441746066)	(45.0, 2.946324326418037)	(46.0, 2.907086482495138)	(47.0, 2.887627413862112)	(48.0, 2.862087770544073)	(49.0, 2.8346114426701408)	(50.0, 2.827356560841714)	(51.0, 2.8075408963222053)	(52.0, 2.719861345682208)	(53.0, 2.5505643744724074)	(54.0, 2.402466413893468)	(55.0, 2.3552297553444808)	(56.0, 2.277633260805009)	(57.0, 2.131558059651114)	(58.0, 1.9788735381874232)	(59.0, 1.919973734868499)	(60.0, 2.065864489874214)	(61.0, 2.115904729875542)	(62.0, 1.9680404010842973)	(63.0, 1.6683215584961737)	(64.0, 1.2370926122554629)	(65.0, 0.9290736929992235)	(66.0, 0.8016459974263614)	(67.0, 0.748888250841843)	(68.0, 0.6290412919591931)	(69.0, 0.46332257602409116)	(70.0, 0.35483135166441127)	(71.0, 0.2977391205976547)	(72.0, 0.25352737887882565)	(73.0, 0.20817821924621777)	(74.0, 0.17491643052436195)	(75.0, 0.15146102868076122)	(76.0, 0.13745541782893358)	(77.0, 0.1278703663284949)	(78.0, 0.11684663487224953)	(79.0, 0.09682807958974259)	(80.0, 0.07791620119631772)	(81.0, 0.07990207139172611)	(82.0, 0.07492202539085675)	(83.0, 0.05332952964387753)	(84.0, 0.03163251441292943)	(85.0, 0.020940786023408677)	(86.0, 0.01883195172921338)	(87.0, 0.01622511283493115)	(88.0, 0.011613959130422485)	(89.0, 0.008048000265602453)	(90.0, 0.005859239307195675)	(91.0, 0.0051952331737464275)	(92.0, 0.005969906996103882)	(93.0, 0.005650200339257948)	(94.0, 0.0037442568080610344)	(95.0, 0.002176464548528089)	(96.0, 0.0013956425212312887)	(97.0, 0.0012296409878689769)	(98.0, 0.0011374179137788034)	(99.0, 0.0008546004865689389)	(100.0, 0.00046111537045086633)
SRR20277675_2	(0.0, 0.09181559000947585)	(1.0, 0.051627837449787585)	(2.0, 0.009959386469844778)	(3.0, 0.006954981791403016)	(4.0, 0.005185516459314616)	(5.0, 0.005769194259829887)	(6.0, 0.008282080790469316)	(7.0, 0.007544803568765815)	(8.0, 0.004718574218902399)	(9.0, 0.0044851030986962906)	(10.0, 0.005259244181484966)	(11.0, 0.006279144338174808)	(12.0, 0.007231460749541828)	(13.0, 0.008454112142200132)	(14.0, 0.010727383575785924)	(15.0, 0.014548937174949065)	(16.0, 0.019611574097313098)	(17.0, 0.02746357650845537)	(18.0, 0.039413611476899604)	(19.0, 0.05720656842734406)	(20.0, 0.08535212636587518)	(21.0, 0.12806505340989793)	(22.0, 0.18935122246400135)	(23.0, 0.27277414009975237)	(24.0, 0.3866158871076203)	(25.0, 0.5364121866272289)	(26.0, 0.72255625317682)	(27.0, 0.9429468466745387)	(28.0, 1.189584509264902)	(29.0, 1.439072977112519)	(30.0, 1.6900237114498475)	(31.0, 1.9402248806117781)	(32.0, 2.182193120798019)	(33.0, 2.390412496160782)	(34.0, 2.5569572765667554)	(35.0, 2.7146731622428293)	(36.0, 2.8525501466782313)	(37.0, 2.9439602342157705)	(38.0, 3.0060144003758147)	(39.0, 3.0434988031225902)	(40.0, 3.0311801295432943)	(41.0, 3.004097479599386)	(42.0, 2.9846087850390233)	(43.0, 2.957458551349792)	(44.0, 2.907839794329146)	(45.0, 2.8526791701920295)	(46.0, 2.8365205110830276)	(47.0, 2.8428918150739153)	(48.0, 2.8038652741384102)	(49.0, 2.744194970995207)	(50.0, 2.681108616724777)	(51.0, 2.6070921276425936)	(52.0, 2.5041313636317)	(53.0, 2.436013092323144)	(54.0, 2.3943630732737438)	(55.0, 2.313065971627238)	(56.0, 2.222774087875949)	(57.0, 2.1264918266983197)	(58.0, 2.057617846237518)	(59.0, 2.029883934747771)	(60.0, 2.0729900763100355)	(61.0, 2.1065177579670022)	(62.0, 1.9492872464618833)	(63.0, 1.732767358378108)	(64.0, 1.5673776456194703)	(65.0, 1.2530579340767258)	(66.0, 0.9110534628590149)	(67.0, 0.7074359261550508)	(68.0, 0.5747444581789634)	(69.0, 0.469338391382753)	(70.0, 0.3845207910026128)	(71.0, 0.3239166033785852)	(72.0, 0.26850407619071964)	(73.0, 0.22383122053233503)	(74.0, 0.20034279704423105)	(75.0, 0.18885970431619903)	(76.0, 0.18703494319248287)	(77.0, 0.18360046013471407)	(78.0, 0.15170093234234264)	(79.0, 0.10529547521295483)	(80.0, 0.07799164210253523)	(81.0, 0.06395879898277862)	(82.0, 0.049422149761524606)	(83.0, 0.03720792378863663)	(84.0, 0.02775848739713677)	(85.0, 0.02252381912304192)	(86.0, 0.01931051923178417)	(87.0, 0.016779200770602153)	(88.0, 0.014376905823218248)	(89.0, 0.012386257324618798)	(90.0, 0.011587540334440007)	(91.0, 0.011698131917695531)	(92.0, 0.010954710719144502)	(93.0, 0.009818075002351608)	(94.0, 0.009990106354082423)	(95.0, 0.010801111297956273)	(96.0, 0.012275665741363274)	(97.0, 0.016035779572051122)	(98.0, 0.019064760157883002)	(99.0, 0.017590205714476004)	(100.0, 0.022634410706297448)
SRR20277676_1	(0.0, 0.11440721551812813)	(1.0, 0.062400859712093894)	(2.0, 0.008046266369990202)	(3.0, 0.004391948590516098)	(4.0, 0.003072333836817116)	(5.0, 0.002530953425043175)	(6.0, 0.0016918137867935662)	(7.0, 0.0013940545603178985)	(8.0, 0.0014008218154650729)	(9.0, 0.0014143563257594213)	(10.0, 0.0015970722147331264)	(11.0, 0.002199357922831636)	(12.0, 0.003072333836817116)	(13.0, 0.003931775240508248)	(14.0, 0.0057521668750981254)	(15.0, 0.00901398385603612)	(16.0, 0.013839036775971373)	(17.0, 0.022034182759199408)	(18.0, 0.034736320670445506)	(19.0, 0.05416511019798282)	(20.0, 0.08482077601468224)	(21.0, 0.1314742329993016)	(22.0, 0.1969812628239485)	(23.0, 0.2833449730121865)	(24.0, 0.40116965237963764)	(25.0, 0.5575812205962764)	(26.0, 0.75289773865402)	(27.0, 0.980067726689513)	(28.0, 1.2415815345969152)	(29.0, 1.529555310129769)	(30.0, 1.8276055285767652)	(31.0, 2.1175147390817104)	(32.0, 2.3947421134408517)	(33.0, 2.651843670992296)	(34.0, 2.881145344399149)	(35.0, 3.0768408287451345)	(36.0, 3.235228435464748)	(37.0, 3.3560916123932802)	(38.0, 3.4055331784985357)	(39.0, 3.4091942635331565)	(40.0, 3.388479695527656)	(41.0, 3.356348768088873)	(42.0, 3.3156775646543553)	(43.0, 3.2197314211777193)	(44.0, 3.0913701255461175)	(45.0, 2.9920132854753048)	(46.0, 2.920524002100556)	(47.0, 2.8399733640837406)	(48.0, 2.7639500197603852)	(49.0, 2.7009807106159287)	(50.0, 2.6545302712857244)	(51.0, 2.610867941076156)	(52.0, 2.5048927254714073)	(53.0, 2.3316712954691874)	(54.0, 2.1773169728172896)	(55.0, 2.102823028157195)	(56.0, 2.0288163258676972)	(57.0, 1.929581296389534)	(58.0, 1.8095437245889567)	(59.0, 1.7469669162430363)	(60.0, 1.8306575606481406)	(61.0, 1.8123115319441514)	(62.0, 1.6566849653245848)	(63.0, 1.4108305858277435)	(64.0, 1.0816915972346288)	(65.0, 0.843457147033506)	(66.0, 0.7223097453887923)	(67.0, 0.6611337588583369)	(68.0, 0.5527967712072241)	(69.0, 0.40843091715255564)	(70.0, 0.31312089565975326)	(71.0, 0.25469918197419783)	(72.0, 0.20395830288068517)	(73.0, 0.1576702776740132)	(74.0, 0.1244565894116819)	(75.0, 0.10117046445025527)	(76.0, 0.08246577122346559)	(77.0, 0.06965535722986471)	(78.0, 0.059734561184107235)	(79.0, 0.050321309274387827)	(80.0, 0.04546918733386388)	(81.0, 0.05042281810159545)	(82.0, 0.04781742486993336)	(83.0, 0.03143390015862446)	(84.0, 0.017209129839264155)	(85.0, 0.01164644610828691)	(86.0, 0.010902048042097741)	(87.0, 0.009020751111183296)	(88.0, 0.005677727068479208)	(89.0, 0.0035392744419721405)	(90.0, 0.002605393231662092)	(91.0, 0.0020031075235635823)	(92.0, 0.002212892433125985)	(93.0, 0.0021519871368014163)	(94.0, 0.001482028877231164)	(95.0, 0.0011165970992837537)	(96.0, 0.0014075890706122473)	(97.0, 0.0016918137867935662)	(98.0, 0.0012181059264913677)	(99.0, 0.0007240963007476463)	(100.0, 0.0003248282470643647)
SRR20277676_2	(0.0, 0.12259313475741795)	(1.0, 0.06456788049055098)	(2.0, 0.00742128470413744)	(3.0, 0.0075294272863470945)	(4.0, 0.00629930541371229)	(5.0, 0.005927565287366608)	(6.0, 0.007184722805553824)	(7.0, 0.006488554932579183)	(8.0, 0.004481158250312498)	(9.0, 0.00505566571830128)	(10.0, 0.005934324198754711)	(11.0, 0.006833259413372453)	(12.0, 0.008408085766800525)	(13.0, 0.010773704752636684)	(14.0, 0.014085571332807311)	(15.0, 0.018911434063913077)	(16.0, 0.02523777512317778)	(17.0, 0.03296321083977987)	(18.0, 0.046927121767601325)	(19.0, 0.06837314760205314)	(20.0, 0.09792310819084084)	(21.0, 0.1428901456558922)	(22.0, 0.2104522238913729)	(23.0, 0.30641524777966384)	(24.0, 0.4350643671408223)	(25.0, 0.5962238502787578)	(26.0, 0.7977475522264462)	(27.0, 1.039581401692783)	(28.0, 1.3128847425821286)	(29.0, 1.596704949591363)	(30.0, 1.8767739607802)	(31.0, 2.16306792935748)	(32.0, 2.4386219877390642)	(33.0, 2.674244397639734)	(34.0, 2.870482630881926)	(35.0, 3.0353865509288704)	(36.0, 3.1690305058058374)	(37.0, 3.2685960294639873)	(38.0, 3.319389248545584)	(39.0, 3.3274053174518743)	(40.0, 3.298923264862407)	(41.0, 3.2431825226447186)	(42.0, 3.175100008232354)	(43.0, 3.0956963172449163)	(44.0, 3.00171365439334)	(45.0, 2.9060345047833493)	(46.0, 2.8286584872123424)	(47.0, 2.7694301467183933)	(48.0, 2.706754761416511)	(49.0, 2.636347181486639)	(50.0, 2.5453992698483208)	(51.0, 2.4436573767232015)	(52.0, 2.3402257557510566)	(53.0, 2.25828747299308)	(54.0, 2.19916727508134)	(55.0, 2.1233525660409853)	(56.0, 2.034770273388503)	(57.0, 1.94833055564605)	(58.0, 1.874354270503259)	(59.0, 1.8096376939621697)	(60.0, 1.8037371643203557)	(61.0, 1.7970796366030737)	(62.0, 1.6572580367173806)	(63.0, 1.4834391125495276)	(64.0, 1.334100965429385)	(65.0, 1.0805336457933008)	(66.0, 0.8139756984692823)	(67.0, 0.648118771916615)	(68.0, 0.5302906696878099)	(69.0, 0.4299613890428043)	(70.0, 0.3478068211204085)	(71.0, 0.28407028673059426)	(72.0, 0.22999899562576773)	(73.0, 0.18663382015969684)	(74.0, 0.15440733066122023)	(75.0, 0.13086604229645638)	(76.0, 0.11541517086325222)	(77.0, 0.10337754968104021)	(78.0, 0.0835806982252856)	(79.0, 0.058930948392872815)	(80.0, 0.04237837440340779)	(81.0, 0.033382263345842274)	(82.0, 0.026143469249183624)	(83.0, 0.021229740670032516)	(84.0, 0.017667794368502066)	(85.0, 0.014369445611107649)	(86.0, 0.012666199941305613)	(87.0, 0.011976790979719076)	(88.0, 0.01074666910708427)	(89.0, 0.009699037841928259)	(90.0, 0.009455717031956539)	(91.0, 0.009192119487820508)	(92.0, 0.008759549158981897)	(93.0, 0.008516228349010177)	(94.0, 0.008752790247593794)	(95.0, 0.009448958120568436)	(96.0, 0.010942677537339268)	(97.0, 0.013997705484761968)	(98.0, 0.016349806647821923)	(99.0, 0.01490339961076781)	(100.0, 0.02193266745439526)
SRR20277677_1	(0.0, 0.09390166527052018)	(1.0, 0.0522726632676896)	(2.0, 0.008331322403816366)	(3.0, 0.004645385234273749)	(4.0, 0.0029887842591984153)	(5.0, 0.002339948877293909)	(6.0, 0.0017670410400803564)	(7.0, 0.0013528907963115228)	(8.0, 0.0011803281947411755)	(9.0, 0.0012907682597461977)	(10.0, 0.001711821007577845)	(11.0, 0.0021259712513466787)	(12.0, 0.0027126840966858593)	(13.0, 0.003713547185793874)	(14.0, 0.005694565851821461)	(15.0, 0.00858671505414048)	(16.0, 0.013183782759974531)	(17.0, 0.0212182974890899)	(18.0, 0.03385678242810214)	(19.0, 0.05308025624303882)	(20.0, 0.08465230982634957)	(21.0, 0.13223127033132573)	(22.0, 0.1956238676442085)	(23.0, 0.28347893935570373)	(24.0, 0.40258854946362027)	(25.0, 0.5571080054137719)	(26.0, 0.7553617271059127)	(27.0, 0.9883626542502583)	(28.0, 1.2472203616139048)	(29.0, 1.5274413190519605)	(30.0, 1.822682125330699)	(31.0, 2.1189168921944828)	(32.0, 2.400828963127928)	(33.0, 2.6586098798577753)	(34.0, 2.8837212448583247)	(35.0, 3.0745478721788775)	(36.0, 3.2362459323543558)	(37.0, 3.356328795535129)	(38.0, 3.4110863602654313)	(39.0, 3.41726410140165)	(40.0, 3.393353827328063)	(41.0, 3.359338287306516)	(42.0, 3.3196626939534615)	(43.0, 3.2191484297907658)	(44.0, 3.0948412341235505)	(45.0, 2.9968877989681584)	(46.0, 2.913105204653723)	(47.0, 2.8442596291312174)	(48.0, 2.773598695040192)	(49.0, 2.6978989329833123)	(50.0, 2.6541853747535114)	(51.0, 2.6136814809129194)	(52.0, 2.4979195852754676)	(53.0, 2.3274415399320905)	(54.0, 2.1885838657004633)	(55.0, 2.110164517042835)	(56.0, 2.030343960060455)	(57.0, 1.9340402233760754)	(58.0, 1.8138676276424854)	(59.0, 1.7632515653498715)	(60.0, 1.8446666007707613)	(61.0, 1.8108581358710987)	(62.0, 1.654744201482437)	(63.0, 1.4065646679039634)	(64.0, 1.0738708745803969)	(65.0, 0.839758644281938)	(66.0, 0.7185023554104863)	(67.0, 0.659472140665302)	(68.0, 0.549501445936551)	(69.0, 0.4059845814625247)	(70.0, 0.3130492667607984)	(71.0, 0.25041594489482516)	(72.0, 0.19725976110709537)	(73.0, 0.15275931741413423)	(74.0, 0.1218913192452305)	(75.0, 0.09716654969223115)	(76.0, 0.07948233428330197)	(77.0, 0.06858328036811882)	(78.0, 0.05896118970455626)	(79.0, 0.04856601858595854)	(80.0, 0.04425195354669986)	(81.0, 0.04797240323655655)	(82.0, 0.04405178092887826)	(83.0, 0.029487497356340944)	(84.0, 0.015758416775404113)	(85.0, 0.01018119349265049)	(86.0, 0.010132875964210792)	(87.0, 0.008559105037889226)	(88.0, 0.005487490729937043)	(89.0, 0.003375324486715993)	(90.0, 0.0022778263407285844)	(91.0, 0.0019257986335250758)	(92.0, 0.0017877485522687978)	(93.0, 0.0016358934628868923)	(94.0, 0.0013390857881858949)	(95.0, 0.0009111305362914337)	(96.0, 0.0007040554144070169)	(97.0, 0.0008006904712864114)	(98.0, 0.0006626403900301336)	(99.0, 0.0004900777884597863)	(100.0, 0.000317515186889439)
SRR20277677_2	(0.0, 0.09769918151773045)	(1.0, 0.05216551697323358)	(2.0, 0.006507763713853906)	(3.0, 0.005418540549882595)	(4.0, 0.0045292380932224745)	(5.0, 0.004991123865286258)	(6.0, 0.006907605128476286)	(7.0, 0.006397462633958077)	(8.0, 0.004294848298443838)	(9.0, 0.004680902078079239)	(10.0, 0.005742549972076592)	(11.0, 0.007093738200800496)	(12.0, 0.00904468855145797)	(13.0, 0.011409267951724802)	(14.0, 0.014318458933977289)	(15.0, 0.018620201049914617)	(16.0, 0.024397220109458655)	(17.0, 0.032849040356476546)	(18.0, 0.04661599389097469)	(19.0, 0.0678213765009478)	(20.0, 0.0994019544386223)	(21.0, 0.14618339994944074)	(22.0, 0.2125019242368079)	(23.0, 0.3076434994644538)	(24.0, 0.43491715802925335)	(25.0, 0.5973079229058874)	(26.0, 0.8024403562421554)	(27.0, 1.0503489271255242)	(28.0, 1.322758125380754)	(29.0, 1.6021025040344343)	(30.0, 1.8887198601437456)	(31.0, 2.1704977563726278)	(32.0, 2.442913848445351)	(33.0, 2.688299282126103)	(34.0, 2.877582829044839)	(35.0, 3.0466743845251445)	(36.0, 3.192795740117144)	(37.0, 3.278527254466177)	(38.0, 3.315974471090811)	(39.0, 3.3167052157451207)	(40.0, 3.2970233668012083)	(41.0, 3.2431757583595635)	(42.0, 3.159112547843955)	(43.0, 3.0870101106795502)	(44.0, 3.0007753476534926)	(45.0, 2.9027452628960746)	(46.0, 2.8300844265146976)	(47.0, 2.774554726604641)	(48.0, 2.7084292292070917)	(49.0, 2.630170613021001)	(50.0, 2.54762404235396)	(51.0, 2.4476292196108975)	(52.0, 2.3343362229228943)	(53.0, 2.2527616805224357)	(54.0, 2.194529604154931)	(55.0, 2.121751572876165)	(56.0, 2.0352272695153806)	(57.0, 1.9541008252519982)	(58.0, 1.8776483892492017)	(59.0, 1.8090824804589574)	(60.0, 1.8120123528936902)	(61.0, 1.8097856498432934)	(62.0, 1.6656566075069121)	(63.0, 1.486031298896555)	(64.0, 1.330210342091216)	(65.0, 1.0735259415386353)	(66.0, 0.8103062020022266)	(67.0, 0.6441238375041733)	(68.0, 0.5239094480527068)	(69.0, 0.42614822217753495)	(70.0, 0.34357407624052005)	(71.0, 0.28073692978736503)	(72.0, 0.22832323538436583)	(73.0, 0.18195541892315675)	(74.0, 0.1509746031074158)	(75.0, 0.1289971129381719)	(76.0, 0.11312065125066602)	(77.0, 0.10071177976238527)	(78.0, 0.0805197883239551)	(79.0, 0.056818843781338856)	(80.0, 0.04112162134866371)	(81.0, 0.032180340059608084)	(82.0, 0.025038345136353158)	(83.0, 0.019268219894302614)	(84.0, 0.015083672675754603)	(85.0, 0.013346430667395296)	(86.0, 0.01223652605094352)	(87.0, 0.011298966871828972)	(88.0, 0.010492390225090725)	(89.0, 0.009561724863469668)	(90.0, 0.008824086391666312)	(91.0, 0.008755148216731418)	(92.0, 0.00895506892404261)	(93.0, 0.008617271866861634)	(94.0, 0.008286368627174147)	(95.0, 0.008782723486705377)	(96.0, 0.010568222217519107)	(97.0, 0.013339536849901808)	(98.0, 0.016421073269491528)	(99.0, 0.014856176698469455)	(100.0, 0.02194991489926995)
SRR20277678_1	(0.0, 0.08028588324000648)	(1.0, 0.04504169577958237)	(2.0, 0.007435369327142023)	(3.0, 0.004261245056620204)	(4.0, 0.003207677381203869)	(5.0, 0.0024829301904716146)	(6.0, 0.001677655534102442)	(7.0, 0.0013488350494183635)	(8.0, 0.0012146226066901682)	(9.0, 0.0012951500723270854)	(10.0, 0.001623970557011164)	(11.0, 0.002066871618014209)	(12.0, 0.0026842488545639077)	(13.0, 0.003650578442206914)	(14.0, 0.005683896949539074)	(15.0, 0.008871442464333714)	(16.0, 0.013790328490322074)	(17.0, 0.02199741936315122)	(18.0, 0.03463352084601082)	(19.0, 0.05477880849951294)	(20.0, 0.08423172905621541)	(21.0, 0.12925329296938856)	(22.0, 0.19562134589848115)	(23.0, 0.2848860415570039)	(24.0, 0.4044961705163716)	(25.0, 0.5572232197189215)	(26.0, 0.7559515836665605)	(27.0, 0.9918433730056366)	(28.0, 1.249189021314815)	(29.0, 1.527887869262049)	(30.0, 1.8219339100352523)	(31.0, 2.124240726658376)	(32.0, 2.4080262261850085)	(33.0, 2.652661956167827)	(34.0, 2.8731394464595694)	(35.0, 3.06913658719769)	(36.0, 3.232895899192498)	(37.0, 3.355438570025476)	(38.0, 3.4089020965862527)	(39.0, 3.4144584917152)	(40.0, 3.3991448519999126)	(41.0, 3.3662829353979142)	(42.0, 3.3163022217259344)	(43.0, 3.2174144939238003)	(44.0, 3.091899017484392)	(45.0, 2.99999704732626)	(46.0, 2.9262942844020716)	(47.0, 2.845780240009427)	(48.0, 2.7732786784476557)	(49.0, 2.708380251766437)	(50.0, 2.6651571345858214)	(51.0, 2.624598134393361)	(52.0, 2.512745484623683)	(53.0, 2.335645455821693)	(54.0, 2.1899108748852822)	(55.0, 2.113188331999709)	(56.0, 2.033399034797797)	(57.0, 1.9389000538728745)	(58.0, 1.8183101740815908)	(59.0, 1.757458252548627)	(60.0, 1.8378045313878613)	(61.0, 1.8114452076360439)	(62.0, 1.6534838731670942)	(63.0, 1.4019093598952284)	(64.0, 1.0719212269594145)	(65.0, 0.8379017011963965)	(66.0, 0.7177480118439796)	(67.0, 0.6559029182348272)	(68.0, 0.5436610523812374)	(69.0, 0.4013958630893503)	(70.0, 0.30772228868720636)	(71.0, 0.2474877443907923)	(72.0, 0.19684267912730777)	(73.0, 0.15037833145480653)	(74.0, 0.11763720605126324)	(75.0, 0.09510293691719923)	(76.0, 0.0777626893167164)	(77.0, 0.06582449253604342)	(78.0, 0.05704028815948303)	(79.0, 0.048101739473785224)	(80.0, 0.04287416482952201)	(81.0, 0.0460952634549987)	(82.0, 0.04349825268820812)	(83.0, 0.02958713299943067)	(84.0, 0.01591088508542756)	(85.0, 0.010307515601525404)	(86.0, 0.009804218941294672)	(87.0, 0.008227222739238376)	(88.0, 0.005589948239629338)	(89.0, 0.003355311068204884)	(90.0, 0.0022077946828788137)	(91.0, 0.0017783148661485889)	(92.0, 0.001771604244012179)	(93.0, 0.0017581829997393595)	(94.0, 0.0014360731371916905)	(95.0, 0.0011542270074624804)	(96.0, 0.0012012013624173486)	(97.0, 0.0011743588738717095)	(98.0, 0.000838827767051221)	(99.0, 0.0005435603930491913)	(100.0, 0.0002751355075928005)
SRR20277678_2	(0.0, 0.08149128515351102)	(1.0, 0.044085229476562)	(2.0, 0.0067797637664746245)	(3.0, 0.005807394086812092)	(4.0, 0.004653962466798605)	(5.0, 0.004955732367383529)	(6.0, 0.006625525817286775)	(7.0, 0.006303637923329522)	(8.0, 0.004399134550749114)	(9.0, 0.004278426590515144)	(10.0, 0.0051703242966883636)	(11.0, 0.006384109896818835)	(12.0, 0.0076984854638109486)	(13.0, 0.009200628968944793)	(14.0, 0.011762320125021257)	(15.0, 0.015229320982852495)	(16.0, 0.020641061200008796)	(17.0, 0.029975810124769114)	(18.0, 0.043340863721785854)	(19.0, 0.06334485513167093)	(20.0, 0.09447409687645353)	(21.0, 0.14293163691260152)	(22.0, 0.2095758429573343)	(23.0, 0.3008847088765415)	(24.0, 0.4285534948173367)	(25.0, 0.596800273390118)	(26.0, 0.8012929700220439)	(27.0, 1.0417432268081113)	(28.0, 1.3131617813919827)	(29.0, 1.597522911712052)	(30.0, 1.8829570016786454)	(31.0, 2.1689678074552456)	(32.0, 2.4438466568991575)	(33.0, 2.6801190770615713)	(34.0, 2.866619581620845)	(35.0, 3.0338135185404744)	(36.0, 3.176027613689463)	(37.0, 3.276476754597498)	(38.0, 3.3236936850423526)	(39.0, 3.3253701844900467)	(40.0, 3.307961414225192)	(41.0, 3.252241278581633)	(42.0, 3.1749814780341024)	(43.0, 3.096440831908532)	(44.0, 3.0046357221528077)	(45.0, 2.914748527765245)	(46.0, 2.8432760033111535)	(47.0, 2.788065523499694)	(48.0, 2.717391012782705)	(49.0, 2.6322784888221746)	(50.0, 2.551940635288677)	(51.0, 2.4532752897929884)	(52.0, 2.3439876437967104)	(53.0, 2.265218993746255)	(54.0, 2.2061324472117265)	(55.0, 2.1335601391199477)	(56.0, 2.044397192493789)	(57.0, 1.9570113352821858)	(58.0, 1.8810793222972282)	(59.0, 1.814026050387258)	(60.0, 1.8047985974271499)	(61.0, 1.7985016655016113)	(62.0, 1.6603379930182516)	(63.0, 1.493090408116296)	(64.0, 1.3395431767008958)	(65.0, 1.0723292827318411)	(66.0, 0.8066108262701294)	(67.0, 0.6446945096118407)	(68.0, 0.5244291452320624)	(69.0, 0.42031852953026366)	(70.0, 0.34032938788188644)	(71.0, 0.2780641983945305)	(72.0, 0.22565682565961537)	(73.0, 0.1827384397986484)	(74.0, 0.1504222364448984)	(75.0, 0.12663606228101562)	(76.0, 0.11076296551024865)	(77.0, 0.09921523731453222)	(78.0, 0.0795063098074413)	(79.0, 0.05590119758390946)	(80.0, 0.03967268293023134)	(81.0, 0.031189595724899585)	(82.0, 0.024758543843545318)	(83.0, 0.019588219546856953)	(84.0, 0.016000510728791748)	(85.0, 0.014082595360629785)	(86.0, 0.013036459705268715)	(87.0, 0.011997030047698422)	(88.0, 0.010769832451986396)	(89.0, 0.009763932783369983)	(90.0, 0.00897933104184918)	(91.0, 0.008804975099289004)	(92.0, 0.008737915121381242)	(93.0, 0.008080727337885186)	(94.0, 0.008067315342303634)	(95.0, 0.008469675209750198)	(96.0, 0.009656636818717566)	(97.0, 0.01287551575829009)	(98.0, 0.015899920761930104)	(99.0, 0.01448495522807635)	(100.0, 0.021586606888508227)
SRR20277679_1	(0.0, 0.08885812797073256)	(1.0, 0.049299593293725165)	(2.0, 0.007302378444089261)	(3.0, 0.0040029876222977614)	(4.0, 0.0030261493458667377)	(5.0, 0.0023976939512397855)	(6.0, 0.001598462634159857)	(7.0, 0.0012364176785595474)	(8.0, 0.0012774038999482616)	(9.0, 0.001468672933095595)	(10.0, 0.0016872661138354044)	(11.0, 0.0021244524753150236)	(12.0, 0.0029510079399874285)	(13.0, 0.0038936910319278565)	(14.0, 0.005505815739883952)	(15.0, 0.008607106491629999)	(16.0, 0.013696228980728689)	(17.0, 0.021476780007686283)	(18.0, 0.0342166638226783)	(19.0, 0.05453216755768435)	(20.0, 0.08615303735907742)	(21.0, 0.13203711220374306)	(22.0, 0.19784049064332385)	(23.0, 0.2872041153445172)	(24.0, 0.4054083778295692)	(25.0, 0.5630550473643605)	(26.0, 0.7630063284092031)	(27.0, 0.9974680078633433)	(28.0, 1.2578739654565394)	(29.0, 1.5400026203857542)	(30.0, 1.835677221483939)	(31.0, 2.1310512569586066)	(32.0, 2.4138766776514293)	(33.0, 2.6598691473895943)	(34.0, 2.880477484014349)	(35.0, 3.080230664989146)	(36.0, 3.2478164932107005)	(37.0, 3.364627224168536)	(38.0, 3.4104293265704246)	(39.0, 3.4177521981252084)	(40.0, 3.3999505159687105)	(41.0, 3.358349501259165)	(42.0, 3.3169807418041564)	(43.0, 3.2267154202324106)	(44.0, 3.092861252213768)	(45.0, 2.9924450098114184)	(46.0, 2.9194212253705256)	(47.0, 2.8492118281316583)	(48.0, 2.7776157304024727)	(49.0, 2.7092097269047084)	(50.0, 2.665381794166376)	(51.0, 2.617216152997739)	(52.0, 2.4949747477058986)	(53.0, 2.323126352459918)	(54.0, 2.18289882701533)	(55.0, 2.1080033384643526)	(56.0, 2.03290974984333)	(57.0, 1.935287401532311)	(58.0, 1.811529506049088)	(59.0, 1.7521063160723505)	(60.0, 1.8306222541793309)	(61.0, 1.7959820660689692)	(62.0, 1.6426321187430946)	(63.0, 1.3989690325871882)	(64.0, 1.0641320969520869)	(65.0, 0.8319519838219188)	(66.0, 0.7145606147277429)	(67.0, 0.6572618772263202)	(68.0, 0.5469611244323921)	(69.0, 0.39661683334169)	(70.0, 0.30264225873426626)	(71.0, 0.24412759666497852)	(72.0, 0.19409708242315457)	(73.0, 0.15194275372486196)	(74.0, 0.1182862349278294)	(75.0, 0.0931753432903438)	(76.0, 0.07731367561291137)	(77.0, 0.06634303035453218)	(78.0, 0.056479013073648276)	(79.0, 0.046300768095450896)	(80.0, 0.04171714233681302)	(81.0, 0.045836257586378805)	(82.0, 0.042803277203613946)	(83.0, 0.02888162400524733)	(84.0, 0.015561102053915189)	(85.0, 0.010157751867503022)	(86.0, 0.009474648177691117)	(87.0, 0.007807875174550071)	(88.0, 0.0052940535960422615)	(89.0, 0.0032447425266065467)	(90.0, 0.0022269180287868093)	(91.0, 0.0018990282576770948)	(92.0, 0.0018170558148996663)	(93.0, 0.0015711384865673807)	(94.0, 0.0010997969405971667)	(95.0, 0.0007035968005062618)	(96.0, 0.0005123277673589285)	(97.0, 0.0005464829518495237)	(98.0, 0.0005874691732382381)	(99.0, 0.0004303553245814999)	(100.0, 0.00021859318073980948)
SRR20277679_2	(0.0, 0.08993550935947706)	(1.0, 0.048107579687734846)	(2.0, 0.006170438711366672)	(3.0, 0.004921334414707268)	(4.0, 0.003672230118047864)	(5.0, 0.004368452185038351)	(6.0, 0.006511724038322793)	(7.0, 0.006102181645975447)	(8.0, 0.004177332401942924)	(9.0, 0.004361626478499229)	(10.0, 0.005132931317420064)	(11.0, 0.005835979090949673)	(12.0, 0.0075014514864955445)	(13.0, 0.009576466274388762)	(14.0, 0.012115629106942303)	(15.0, 0.015808336344607533)	(16.0, 0.020995873314340576)	(17.0, 0.029835163282504115)	(18.0, 0.043172593859949336)	(19.0, 0.06362241065116012)	(20.0, 0.09533464323192291)	(21.0, 0.14030922361820056)	(22.0, 0.2095082365118237)	(23.0, 0.3079144476863517)	(24.0, 0.4363674190460966)	(25.0, 0.602313996425241)	(26.0, 0.8082250855909471)	(27.0, 1.0514045324602617)	(28.0, 1.328514566535554)	(29.0, 1.6115424881802651)	(30.0, 1.8930619286798307)	(31.0, 2.184642460618062)	(32.0, 2.463001598990014)	(33.0, 2.6948640244174635)	(34.0, 2.8836971958222857)	(35.0, 3.0551998983242754)	(36.0, 3.1878438534990416)	(37.0, 3.2753630627436694)	(38.0, 3.3272111296148434)	(39.0, 3.3345487641443996)	(40.0, 3.306099219289337)	(41.0, 3.252653937088009)	(42.0, 3.1826904450620037)	(43.0, 3.095724118047045)	(44.0, 2.99768649502563)	(45.0, 2.9086724560489343)	(46.0, 2.839227717719903)	(47.0, 2.782089728280909)	(48.0, 2.707716829830631)	(49.0, 2.6278765404425157)	(50.0, 2.5407122679379226)	(51.0, 2.4452411105752176)	(52.0, 2.342657566998746)	(53.0, 2.263704619460717)	(54.0, 2.204710037843082)	(55.0, 2.126262192588948)	(56.0, 2.037289107851487)	(57.0, 1.953585468562229)	(58.0, 1.8716087330273685)	(59.0, 1.797850148165612)	(60.0, 1.8018363607844594)	(61.0, 1.7981231764271768)	(62.0, 1.6524421217626868)	(63.0, 1.480400188444106)	(64.0, 1.3271903794669642)	(65.0, 1.0654245336916193)	(66.0, 0.8006007713867475)	(67.0, 0.6346610197141421)	(68.0, 0.515224806692578)	(69.0, 0.4189140874255605)	(70.0, 0.33800216211080336)	(71.0, 0.2742227602092434)	(72.0, 0.22276375861079944)	(73.0, 0.18042390094862304)	(74.0, 0.14995394695798053)	(75.0, 0.12630969950646048)	(76.0, 0.10942972723521072)	(77.0, 0.09686360149668632)	(78.0, 0.07680284997820552)	(79.0, 0.053929907365606274)	(80.0, 0.038933830099154305)	(81.0, 0.03085219355683336)	(82.0, 0.024176652561571626)	(83.0, 0.018770692982586667)	(84.0, 0.015432922484955801)	(85.0, 0.013439816175532054)	(86.0, 0.01241596019466369)	(87.0, 0.011460361279186551)	(88.0, 0.010006485786353474)	(89.0, 0.009016758338180723)	(90.0, 0.008511656054285662)	(91.0, 0.008579913119676888)	(92.0, 0.008457050401972683)	(93.0, 0.008511656054285662)	(94.0, 0.00855943600005952)	(95.0, 0.008921198446633008)	(96.0, 0.01016347703675329)	(97.0, 0.012600254271219994)	(98.0, 0.015617216561512106)	(99.0, 0.014354460851774458)	(100.0, 0.020845707770479883)
SRR20277680_1	(0.0, 0.04382416728885826)	(1.0, 0.030953689801254226)	(2.0, 0.01283218877429624)	(3.0, 0.005715957915234259)	(4.0, 0.004375852949461634)	(5.0, 0.004239107544790957)	(6.0, 0.0028716534980841968)	(7.0, 0.0020128923567523513)	(8.0, 0.0018980262168289835)	(9.0, 0.0020238319891260057)	(10.0, 0.0023246718794014925)	(11.0, 0.0030959159617441057)	(12.0, 0.004228167912417303)	(13.0, 0.0051361573994305925)	(14.0, 0.0069466665572703425)	(15.0, 0.010496577262521093)	(16.0, 0.01603203124359006)	(17.0, 0.024641521921655824)	(18.0, 0.03883022511028517)	(19.0, 0.060288314011207655)	(20.0, 0.09206794605667276)	(21.0, 0.14131817100286345)	(22.0, 0.21168735624639334)	(23.0, 0.3065230292936006)	(24.0, 0.4346480036538372)	(25.0, 0.599989607349245)	(26.0, 0.8064751684019659)	(27.0, 1.0527591120300404)	(28.0, 1.327053984350856)	(29.0, 1.6144709457038695)	(30.0, 1.9083860486868338)	(31.0, 2.2094337919774207)	(32.0, 2.4881810946743137)	(33.0, 2.731981741753568)	(34.0, 2.94917173308391)	(35.0, 3.1413974833375726)	(36.0, 3.318783622276374)	(37.0, 3.4465038302387847)	(38.0, 3.513651293748274)	(39.0, 3.5302303066105463)	(40.0, 3.510314705874309)	(41.0, 3.479738433389946)	(42.0, 3.427430581195319)	(43.0, 3.3223772915111187)	(44.0, 3.198163235724463)	(45.0, 3.1195291582226377)	(46.0, 3.047513558306873)	(47.0, 2.9708431448161186)	(48.0, 2.890841613267586)	(49.0, 2.800173940154741)	(50.0, 2.732785804733032)	(51.0, 2.671179265020799)	(52.0, 2.576431109032581)	(53.0, 2.394182303503691)	(54.0, 2.1658885853140903)	(55.0, 2.022486414344046)	(56.0, 1.9178269514252975)	(57.0, 1.7822028590729209)	(58.0, 1.6371269243497073)	(59.0, 1.5272820756858465)	(60.0, 1.5280369103196287)	(61.0, 1.558454558134574)	(62.0, 1.5262701596912835)	(63.0, 1.2702937017801517)	(64.0, 0.8854757235883088)	(65.0, 0.6588338898871304)	(66.0, 0.5696211878799813)	(67.0, 0.5222307004373118)	(68.0, 0.42185410359284875)	(69.0, 0.3007687826650585)	(70.0, 0.22607297281774844)	(71.0, 0.182571524683913)	(72.0, 0.14941349895936745)	(73.0, 0.12333341538057613)	(74.0, 0.10544164663346489)	(75.0, 0.0890595471539179)	(76.0, 0.0785629698913968)	(77.0, 0.07140845031902703)	(78.0, 0.06272785203053252)	(79.0, 0.05515762642796389)	(80.0, 0.05077630366231543)	(81.0, 0.0539050385211805)	(82.0, 0.0523680201726821)	(83.0, 0.0397874429429799)	(84.0, 0.025111926113722947)	(85.0, 0.01622894462631583)	(86.0, 0.013477627084341831)	(87.0, 0.011874970941601507)	(88.0, 0.00870794736942865)	(89.0, 0.005956629827454649)	(90.0, 0.004359443500901152)	(91.0, 0.0040257847135047025)	(92.0, 0.0051580366641779)	(93.0, 0.004900955303397029)	(94.0, 0.0029865196380075647)	(95.0, 0.0018159789740265777)	(96.0, 0.0019417847463235997)	(97.0, 0.0028388346009632346)	(98.0, 0.0031396744912387223)	(99.0, 0.0023082624308410115)	(100.0, 0.0009408083841342511)
SRR20277680_2	(0.0, 0.06331470973145122)	(1.0, 0.03830681997991064)	(2.0, 0.010785574474446384)	(3.0, 0.007348833671798575)	(4.0, 0.006589363128765116)	(5.0, 0.00808644894740661)	(6.0, 0.012544923502192957)	(7.0, 0.011337419976938322)	(8.0, 0.006753277634455791)	(9.0, 0.006425448623074441)	(10.0, 0.006939047407571888)	(11.0, 0.008239435819384572)	(12.0, 0.010288367140518005)	(13.0, 0.012643272205607362)	(14.0, 0.015735792546304757)	(15.0, 0.021041158713826256)	(16.0, 0.02852112399017737)	(17.0, 0.037765902111131414)	(18.0, 0.05257830960871203)	(19.0, 0.07540067261771029)	(20.0, 0.10783388947703841)	(21.0, 0.15832502104662252)	(22.0, 0.2317969663140392)	(23.0, 0.3355329931488108)	(24.0, 0.4704728780502304)	(25.0, 0.640485003352598)	(26.0, 0.8581470754592446)	(27.0, 1.1115425098064584)	(28.0, 1.387170214942184)	(29.0, 1.6731245339364222)	(30.0, 1.9571938361152175)	(31.0, 2.23117693237718)	(32.0, 2.4836489816756697)	(33.0, 2.710719746408961)	(34.0, 2.9065101596396152)	(35.0, 3.0686871715699686)	(36.0, 3.2001247498664642)	(37.0, 3.305570951377275)	(38.0, 3.3724043591642197)	(39.0, 3.3957621762251406)	(40.0, 3.379731337568593)	(41.0, 3.3278906432354884)	(42.0, 3.251380815795938)	(43.0, 3.172401343137315)	(44.0, 3.0968258283802013)	(45.0, 3.0238948009815636)	(46.0, 2.9581869394670286)	(47.0, 2.897538572361479)	(48.0, 2.8129040492565274)	(49.0, 2.71647860937556)	(50.0, 2.6220966369988696)	(51.0, 2.519546258421927)	(52.0, 2.4120948361248336)	(53.0, 2.3287770928822638)	(54.0, 2.240285115076725)	(55.0, 2.1103719416831526)	(56.0, 1.9852177527714665)	(57.0, 1.8719419017054977)	(58.0, 1.769861411378202)	(59.0, 1.6881664217419698)	(60.0, 1.6452754594195766)	(61.0, 1.6070342052419422)	(62.0, 1.4521295335473983)	(63.0, 1.2599507032587953)	(64.0, 1.1106628352925851)	(65.0, 0.8969784218573655)	(66.0, 0.6764533097179883)	(67.0, 0.5237287009491306)	(68.0, 0.41561069299556164)	(69.0, 0.32922774849657616)	(70.0, 0.26513171295466603)	(71.0, 0.22025192129655935)	(72.0, 0.1824313810168644)	(73.0, 0.1515007137930341)	(74.0, 0.13218065738895995)	(75.0, 0.11766329600162254)	(76.0, 0.10883923177860788)	(77.0, 0.1030257306434453)	(78.0, 0.0872954019139969)	(79.0, 0.06478447646581094)	(80.0, 0.05003763477050658)	(81.0, 0.042858179421255034)	(82.0, 0.036399947897042456)	(83.0, 0.029952644006542593)	(84.0, 0.023002668965257992)	(85.0, 0.01843491807334453)	(86.0, 0.015440746436061541)	(87.0, 0.01404200932083445)	(88.0, 0.012577706403331092)	(89.0, 0.011321028526369254)	(90.0, 0.01072547248902647)	(91.0, 0.010392179660788765)	(92.0, 0.010069814466263772)	(93.0, 0.009534360414340902)	(94.0, 0.009665492018893442)	(95.0, 0.010605268518186642)	(96.0, 0.012353689912220503)	(97.0, 0.01733669088521701)	(98.0, 0.022658448503307577)	(99.0, 0.021363523908351247)	(100.0, 0.028603081243022705)
SRR20277681_1	(0.0, 0.039726047205618946)	(1.0, 0.028656783205746286)	(2.0, 0.012313505320364678)	(3.0, 0.0051282919290549294)	(4.0, 0.004214727355900881)	(5.0, 0.004511775959441768)	(6.0, 0.002931253200978938)	(7.0, 0.0020064792465591965)	(8.0, 0.0020681308435205126)	(9.0, 0.002112968368583288)	(10.0, 0.0023875982095927866)	(11.0, 0.003032137632370182)	(12.0, 0.0038223990116015975)	(13.0, 0.005083454403992154)	(14.0, 0.007045096125488575)	(15.0, 0.01037988705203249)	(16.0, 0.016320859122850223)	(17.0, 0.025002524913130094)	(18.0, 0.038011011871967794)	(19.0, 0.05962830364285835)	(20.0, 0.09408033696296836)	(21.0, 0.14335677700695845)	(22.0, 0.21191335282794194)	(23.0, 0.30772553919645995)	(24.0, 0.4350641103747419)	(25.0, 0.6039558579049509)	(26.0, 0.8151181821880914)	(27.0, 1.0599422784121104)	(28.0, 1.329903412124448)	(29.0, 1.6156137265150854)	(30.0, 1.9113508324478854)	(31.0, 2.2133707965801075)	(32.0, 2.4934147687409367)	(33.0, 2.7275226964749524)	(34.0, 2.9366505180583693)	(35.0, 3.1377412132742837)	(36.0, 3.309922914205974)	(37.0, 3.4397611774065058)	(38.0, 3.517610330296749)	(39.0, 3.534558914770478)	(40.0, 3.5187256637326856)	(41.0, 3.48607273610572)	(42.0, 3.4344423259959336)	(43.0, 3.330010125434097)	(44.0, 3.2045154974740218)	(45.0, 3.116320085675543)	(46.0, 3.0413629531518485)	(47.0, 2.964679575913237)	(48.0, 2.882873511436203)	(49.0, 2.798971292662485)	(50.0, 2.7320849146500894)	(51.0, 2.6684996994204413)	(52.0, 2.5777653627652826)	(53.0, 2.393847439648411)	(54.0, 2.166409093767483)	(55.0, 2.0286962402278017)	(56.0, 1.924112713018878)	(57.0, 1.7857553200564191)	(58.0, 1.640492948234293)	(59.0, 1.5321262548481975)	(60.0, 1.533247192974767)	(61.0, 1.5603122440407846)	(62.0, 1.5247336679034724)	(63.0, 1.2647152553738055)	(64.0, 0.8770388042997842)	(65.0, 0.6542075141190564)	(66.0, 0.5705519017331833)	(67.0, 0.5271828056162139)	(68.0, 0.4197408861845385)	(69.0, 0.29550170892622085)	(70.0, 0.2246752333989344)	(71.0, 0.18363768858522925)	(72.0, 0.1489166301147426)	(73.0, 0.12142562256062847)	(74.0, 0.1046115506620877)	(75.0, 0.0883523431361988)	(76.0, 0.07713175248923927)	(77.0, 0.06979521245084266)	(78.0, 0.06009909765601749)	(79.0, 0.052880256120910664)	(80.0, 0.04991537477613465)	(81.0, 0.05316049065255301)	(82.0, 0.05128291929054929)	(83.0, 0.03948504550840653)	(84.0, 0.02475031383465199)	(85.0, 0.01541850393096187)	(86.0, 0.01343444344693406)	(87.0, 0.011596104919360271)	(88.0, 0.007863380957884225)	(89.0, 0.005307642029306031)	(90.0, 0.004074610090079709)	(91.0, 0.0036878864364132714)	(92.0, 0.0044557290531133)	(93.0, 0.004209122665268035)	(94.0, 0.002499692022249725)	(95.0, 0.0013619398237818007)	(96.0, 0.0009976349326467513)	(97.0, 0.0017935010025110134)	(98.0, 0.0023988075908584804)	(99.0, 0.0018887807432694111)	(100.0, 0.0009359833356854352)
SRR20277681_2	(0.0, 0.057832586921594355)	(1.0, 0.03538816862840251)	(2.0, 0.010004533671722082)	(3.0, 0.005884031834907615)	(4.0, 0.004904292947078088)	(5.0, 0.006701413992753963)	(6.0, 0.011605706939832051)	(7.0, 0.011387365130544327)	(8.0, 0.006919755802041685)	(9.0, 0.006287124405900334)	(10.0, 0.007115703579607591)	(11.0, 0.008448148467055747)	(12.0, 0.010609172528211162)	(13.0, 0.013122902588985205)	(14.0, 0.016022929696960606)	(15.0, 0.020669691279237786)	(16.0, 0.027639833652653566)	(17.0, 0.03806985392709018)	(18.0, 0.05306265816484716)	(19.0, 0.07494162715706311)	(20.0, 0.10940044346901018)	(21.0, 0.16019010741409287)	(22.0, 0.23285874035139145)	(23.0, 0.33555217131971726)	(24.0, 0.47022427958679874)	(25.0, 0.6426695208606564)	(26.0, 0.8597852569116099)	(27.0, 1.1112590361317625)	(28.0, 1.3889954160536768)	(29.0, 1.6745529115544358)	(30.0, 1.9642309088920094)	(31.0, 2.24315417249518)	(32.0, 2.4974719937440035)	(33.0, 2.723970829086398)	(34.0, 2.9070756294598414)	(35.0, 3.06672268160468)	(36.0, 3.2023129451723564)	(37.0, 3.30510714928343)	(38.0, 3.3718021742589337)	(39.0, 3.3963124419784636)	(40.0, 3.3793545614571165)	(41.0, 3.329359885638159)	(42.0, 3.2506504626438995)	(43.0, 3.172064206824111)	(44.0, 3.0960084765888873)	(45.0, 3.0162297385799115)	(46.0, 2.9533137064574646)	(47.0, 2.892989783506818)	(48.0, 2.812835945466502)	(49.0, 2.720622921343987)	(50.0, 2.619351511389996)	(51.0, 2.520868158385372)	(52.0, 2.4175812855764183)	(53.0, 2.333665250206837)	(54.0, 2.2432605441458584)	(55.0, 2.115905685743881)	(56.0, 1.9892842318807928)	(57.0, 1.8693473964866674)	(58.0, 1.7666315714866199)	(59.0, 1.6786398223436676)	(60.0, 1.6374907890548276)	(61.0, 1.6120791615584946)	(62.0, 1.4546267245223943)	(63.0, 1.2619764681275263)	(64.0, 1.1147189140327833)	(65.0, 0.8888807026261818)	(66.0, 0.665925722803764)	(67.0, 0.5170222073774674)	(68.0, 0.41109843733326945)	(69.0, 0.3284476647559706)	(70.0, 0.26423277879365814)	(71.0, 0.21903602427109947)	(72.0, 0.18229861523145743)	(73.0, 0.15096376634470393)	(74.0, 0.12999175563722162)	(75.0, 0.1150381409549778)	(76.0, 0.10848228816841565)	(77.0, 0.10402587585577393)	(78.0, 0.08690004009651381)	(79.0, 0.0642540755178256)	(80.0, 0.051108778897118574)	(81.0, 0.04308051852484691)	(82.0, 0.03489549993052252)	(83.0, 0.02860837552462218)	(84.0, 0.021968545119103216)	(85.0, 0.01750653429853103)	(86.0, 0.015216744554975164)	(87.0, 0.013643563826517466)	(88.0, 0.012064784590129315)	(89.0, 0.011292190495726603)	(90.0, 0.010833112845429338)	(91.0, 0.010161291893774807)	(92.0, 0.009702214243477543)	(93.0, 0.009282326148693459)	(94.0, 0.009819782910017085)	(95.0, 0.01088349941680343)	(96.0, 0.012423089097678398)	(97.0, 0.017450549219226483)	(98.0, 0.023351376577925465)	(99.0, 0.02199653765875549)	(100.0, 0.028989074063893082)
SRR20277682_1	(0.0, 0.03920018362992287)	(1.0, 0.027981495469612167)	(2.0, 0.012110095552893533)	(3.0, 0.005620214902016119)	(4.0, 0.004435295319192604)	(5.0, 0.004647276345477545)	(6.0, 0.003234069503577941)	(7.0, 0.002087197797267108)	(8.0, 0.002027408277032894)	(9.0, 0.002136116495640556)	(10.0, 0.002456805740533158)	(11.0, 0.003228634092647558)	(12.0, 0.003946108335458126)	(13.0, 0.0050766738089778095)	(14.0, 0.007131259140662619)	(15.0, 0.0106099221361078)	(16.0, 0.016376893133244263)	(17.0, 0.02509529226557874)	(18.0, 0.03860772383851112)	(19.0, 0.06015912817748008)	(20.0, 0.09352168046817151)	(21.0, 0.14197293350160642)	(22.0, 0.21175273902586458)	(23.0, 0.30740510057874626)	(24.0, 0.435805812987186)	(25.0, 0.6041459249120809)	(26.0, 0.8136701454564884)	(27.0, 1.055404611174346)	(28.0, 1.3262891857118482)	(29.0, 1.6141268069412154)	(30.0, 1.909492472309163)	(31.0, 2.2073964745816)	(32.0, 2.4904128863157173)	(33.0, 2.7391101134353955)	(34.0, 2.9483843050770053)	(35.0, 3.140797852012567)	(36.0, 3.313921125556199)	(37.0, 3.4435665470676966)	(38.0, 3.513781185466385)	(39.0, 3.528299168061438)	(40.0, 3.5090034592585786)	(41.0, 3.480130556396383)	(42.0, 3.431385791172708)	(43.0, 3.3293196447219744)	(44.0, 3.2037670876410553)	(45.0, 3.117545164052388)	(46.0, 3.048749167906529)	(47.0, 2.9695878431164298)	(48.0, 2.8883121434744115)	(49.0, 2.8038947763146314)	(50.0, 2.7378871459760594)	(51.0, 2.6773475390334522)	(52.0, 2.581456019399634)	(53.0, 2.390683966565048)	(54.0, 2.165174202474384)	(55.0, 2.030066192977851)	(56.0, 1.9243528857928305)	(57.0, 1.7844399730338394)	(58.0, 1.6358793214846086)	(59.0, 1.5303236412165688)	(60.0, 1.5374875128228138)	(61.0, 1.5651157065819512)	(62.0, 1.5240348707701157)	(63.0, 1.2644124676803672)	(64.0, 0.8811018534588211)	(65.0, 0.6575162248375125)	(66.0, 0.5711910284411681)	(67.0, 0.5260988593627101)	(68.0, 0.42000507341256244)	(69.0, 0.29601247926866325)	(70.0, 0.22402046149573923)	(71.0, 0.1802654035061553)	(72.0, 0.1448319596509879)	(73.0, 0.11926922204539624)	(74.0, 0.10240857733934787)	(75.0, 0.08529790373050189)	(76.0, 0.07498692919556516)	(77.0, 0.06806221567025711)	(78.0, 0.05941991229094798)	(79.0, 0.051620097605848236)	(80.0, 0.04750005612061786)	(81.0, 0.050500402954189325)	(82.0, 0.049538335219511516)	(83.0, 0.03824355130617545)	(84.0, 0.023747310354843735)	(85.0, 0.015240892248794194)	(86.0, 0.013170000684318235)	(87.0, 0.01143610459752603)	(88.0, 0.008299872490694984)	(89.0, 0.00558760243643382)	(90.0, 0.003875447993363146)	(91.0, 0.0035004046391667125)	(92.0, 0.004207008060116515)	(93.0, 0.004049381143135405)	(94.0, 0.002608997246583885)	(95.0, 0.0015164796495768832)	(96.0, 0.0015925754026022464)	(97.0, 0.0022611309470393667)	(98.0, 0.002364403754716646)	(99.0, 0.0019023938256340826)	(100.0, 0.0009675031456081906)
SRR20277682_2	(0.0, 0.05324693300490663)	(1.0, 0.03341921361417931)	(2.0, 0.010429923624711358)	(3.0, 0.006480676502229506)	(4.0, 0.005437684139758369)	(5.0, 0.007110817721222483)	(6.0, 0.012260592510923716)	(7.0, 0.011108955110695169)	(8.0, 0.005915722305890973)	(9.0, 0.005573490436955132)	(10.0, 0.0062525219229389445)	(11.0, 0.007491075353373417)	(12.0, 0.009348905499025128)	(13.0, 0.011293651674882766)	(14.0, 0.013993480863154405)	(15.0, 0.017866676459206067)	(16.0, 0.024358217465211315)	(17.0, 0.03426121265679924)	(18.0, 0.04835790630582318)	(19.0, 0.07029877168093211)	(20.0, 0.10354958548658745)	(21.0, 0.15503646887982403)	(22.0, 0.2283664371141879)	(23.0, 0.32931397394648537)	(24.0, 0.4658644896518861)	(25.0, 0.6398160596052752)	(26.0, 0.8560196847425211)	(27.0, 1.1065497095592205)	(28.0, 1.3823234088988543)	(29.0, 1.6756487140881977)	(30.0, 1.9612656538486526)	(31.0, 2.2299828579859424)	(32.0, 2.4881886547202035)	(33.0, 2.725779055539995)	(34.0, 2.915185382114376)	(35.0, 3.0727043901069564)	(36.0, 3.2060227159390746)	(37.0, 3.297621347272347)	(38.0, 3.3611080750858893)	(39.0, 3.3913222600862247)	(40.0, 3.375758858427476)	(41.0, 3.323538621029377)	(42.0, 3.2616000850038773)	(43.0, 3.189345702643312)	(44.0, 3.103852922432006)	(45.0, 3.018376438976364)	(46.0, 2.9577144821445143)	(47.0, 2.9085254412998465)	(48.0, 2.8209195151041593)	(49.0, 2.7235735612735197)	(50.0, 2.6246196608840706)	(51.0, 2.51936978055658)	(52.0, 2.4146088028989974)	(53.0, 2.3365419110184105)	(54.0, 2.25233657450453)	(55.0, 2.128611605506391)	(56.0, 1.996906658484971)	(57.0, 1.8726927868169243)	(58.0, 1.770865225178792)	(59.0, 1.6839328982172002)	(60.0, 1.649448963232998)	(61.0, 1.6147205769138422)	(62.0, 1.4525026710382531)	(63.0, 1.2678006745987684)	(64.0, 1.11882116657392)	(65.0, 0.8987063200774075)	(66.0, 0.6741913495517197)	(67.0, 0.5182422623547335)	(68.0, 0.40925499272838767)	(69.0, 0.3257558489599302)	(70.0, 0.26185083775102164)	(71.0, 0.21662190853261187)	(72.0, 0.17987272451116795)	(73.0, 0.14830590879075248)	(74.0, 0.1275492743271993)	(75.0, 0.11304516178658507)	(76.0, 0.1059886665842413)	(77.0, 0.10065419523035248)	(78.0, 0.08372729834774799)	(79.0, 0.06228076789443526)	(80.0, 0.04839593206903827)	(81.0, 0.040573489350504754)	(82.0, 0.03432096742756581)	(83.0, 0.028579077182086694)	(84.0, 0.022429768045017288)	(85.0, 0.017850379703542456)	(86.0, 0.015107092500167856)	(87.0, 0.013357907392273558)	(88.0, 0.011798851100454722)	(89.0, 0.01100574232482563)	(90.0, 0.010288685075626724)	(91.0, 0.009734595383063933)	(92.0, 0.009251124965043458)	(93.0, 0.009088157408407344)	(94.0, 0.009625950345306524)	(95.0, 0.010413626869047746)	(96.0, 0.012048734687296767)	(97.0, 0.016910600126940862)	(98.0, 0.02179419457413644)	(99.0, 0.020441563854056686)	(100.0, 0.02777510390268186)
SRR20277683_1	(0.0, 0.03815626605854236)	(1.0, 0.026974453121362988)	(2.0, 0.011176244305238546)	(3.0, 0.005145415913323575)	(4.0, 0.004337964281903751)	(5.0, 0.004293415226377139)	(6.0, 0.0029123945050521967)	(7.0, 0.0020381192903424555)	(8.0, 0.0019267466515259278)	(9.0, 0.0021049428736323716)	(10.0, 0.0023945117345553434)	(11.0, 0.00292353176893385)	(12.0, 0.0038869050946968137)	(13.0, 0.005167690441086881)	(14.0, 0.0070443194051453715)	(15.0, 0.010379929937700373)	(16.0, 0.015842757871651052)	(17.0, 0.02449084327575442)	(18.0, 0.038935874530258055)	(19.0, 0.06031942118303135)	(20.0, 0.09293489846045147)	(21.0, 0.14289666423354574)	(22.0, 0.21326746606976874)	(23.0, 0.30800660127904794)	(24.0, 0.43848521628455084)	(25.0, 0.6083619022714004)	(26.0, 0.8197972884326372)	(27.0, 1.0667883895360506)	(28.0, 1.3401915119348033)	(29.0, 1.6145190272357335)	(30.0, 1.913938798062027)	(31.0, 2.2278592864622326)	(32.0, 2.5042082151576825)	(33.0, 2.7453466840912872)	(34.0, 2.9537805776364183)	(35.0, 3.1502864615643)	(36.0, 3.3258097403391473)	(37.0, 3.4524348620415988)	(38.0, 3.5208677799624137)	(39.0, 3.537612656208479)	(40.0, 3.516006364278072)	(41.0, 3.484365397590297)	(42.0, 3.4374997911763026)	(43.0, 3.3335000210494283)	(44.0, 3.201556855843488)	(45.0, 3.1124921565819115)	(46.0, 3.043129277126978)	(47.0, 2.9641326644144153)	(48.0, 2.8805029499270844)	(49.0, 2.7944787237051982)	(50.0, 2.7327504386411383)	(51.0, 2.6678034843152796)	(52.0, 2.5734819965015627)	(53.0, 2.38936631864202)	(54.0, 2.161386526984588)	(55.0, 2.0265476731694183)	(56.0, 1.916667427713032)	(57.0, 1.7791890423579104)	(58.0, 1.6359248484162698)	(59.0, 1.529597390138131)	(60.0, 1.5334620207050647)	(61.0, 1.5570061965508786)	(62.0, 1.5205316573384657)	(63.0, 1.2631160772418255)	(64.0, 0.8769203148816342)	(65.0, 0.6495976217932198)	(66.0, 0.5613292368991808)	(67.0, 0.5157889648871027)	(68.0, 0.41465704020975475)	(69.0, 0.29257035353907723)	(70.0, 0.2199999420862278)	(71.0, 0.17922085038355623)	(72.0, 0.14400482198977022)	(73.0, 0.11837240916614637)	(74.0, 0.10170549376725302)	(75.0, 0.08464877413250181)	(76.0, 0.073288764973216)	(77.0, 0.06656742622063855)	(78.0, 0.05805855661505584)	(79.0, 0.05044066812000535)	(80.0, 0.04729995970537928)	(81.0, 0.050836040987804025)	(82.0, 0.049928353981449326)	(83.0, 0.03891360000249475)	(84.0, 0.024112176303778227)	(85.0, 0.015330443733095025)	(86.0, 0.013453814769036536)	(87.0, 0.0117999310826111)	(88.0, 0.008174751689133126)	(89.0, 0.005290200343785061)	(90.0, 0.003998277733513341)	(91.0, 0.00343027727554905)	(92.0, 0.003976003205750036)	(93.0, 0.003775532455880286)	(94.0, 0.00240008036649617)	(95.0, 0.0013977266171474215)	(96.0, 0.0009633733257629639)	(97.0, 0.0013253344019166786)	(98.0, 0.0017095700058336989)	(99.0, 0.0015703542073130393)	(100.0, 0.0008018829994789988)
SRR20277683_2	(0.0, 0.05252342267509282)	(1.0, 0.032528014996388806)	(2.0, 0.009471801800488237)	(3.0, 0.005331366700862357)	(4.0, 0.004363039137240175)	(5.0, 0.0061383063372141755)	(6.0, 0.011169157587297234)	(7.0, 0.010301001840601485)	(8.0, 0.006004743914645599)	(9.0, 0.00602143921746667)	(10.0, 0.006472212393635617)	(11.0, 0.007529581572303517)	(12.0, 0.009071114532782507)	(13.0, 0.011119071678834018)	(14.0, 0.014441436940227365)	(15.0, 0.018759955269944683)	(16.0, 0.024475313935691696)	(17.0, 0.03364103518446028)	(18.0, 0.04788769359177514)	(19.0, 0.0699143631137096)	(20.0, 0.10569796216020745)	(21.0, 0.15681897939833023)	(22.0, 0.23025048630634565)	(23.0, 0.3343067436891477)	(24.0, 0.4699672093122392)	(25.0, 0.648067134706496)	(26.0, 0.868139051392928)	(27.0, 1.118078864826258)	(28.0, 1.3971074608748362)	(29.0, 1.688357018588439)	(30.0, 1.9760059559936305)	(31.0, 2.2541997869011547)	(32.0, 2.512848983306144)	(33.0, 2.7396991929379317)	(34.0, 2.9234310004838298)	(35.0, 3.0814075208777543)	(36.0, 3.2179695328531843)	(37.0, 3.3167166839388846)	(38.0, 3.3794242413348314)	(39.0, 3.4080121648654473)	(40.0, 3.3855848080758073)	(41.0, 3.3265279568967348)	(42.0, 3.2626739887070744)	(43.0, 3.1883242401439)	(44.0, 3.100545903011643)	(45.0, 3.021443558245404)	(46.0, 2.9525142179981376)	(47.0, 2.8930288540466575)	(48.0, 2.814488584475394)	(49.0, 2.7198373476817963)	(50.0, 2.618858591119012)	(51.0, 2.5179132251618697)	(52.0, 2.415938315530761)	(53.0, 2.3282434549126094)	(54.0, 2.240754503029251)	(55.0, 2.1133749076054116)	(56.0, 1.981732444861258)	(57.0, 1.8647874137005884)	(58.0, 1.765083065253146)	(59.0, 1.6777332408932966)	(60.0, 1.6343811045679126)	(61.0, 1.6014245767991164)	(62.0, 1.439747264279854)	(63.0, 1.2544349680668943)	(64.0, 1.1088574925680859)	(65.0, 0.8830090011055629)	(66.0, 0.6607054789420477)	(67.0, 0.5102251495147844)	(68.0, 0.4048110075025352)	(69.0, 0.3239389606372619)	(70.0, 0.26080289046890764)	(71.0, 0.21292076197807283)	(72.0, 0.1750725104827024)	(73.0, 0.14507661641417618)	(74.0, 0.12621648932730506)	(75.0, 0.11265433833565416)	(76.0, 0.10389486945553167)	(77.0, 0.09861358866313254)	(78.0, 0.08295895971790726)	(79.0, 0.06151106069376997)	(80.0, 0.04803795131716479)	(81.0, 0.04029689590912769)	(82.0, 0.033880334524895646)	(83.0, 0.027669681875456827)	(84.0, 0.021113992967715847)	(85.0, 0.01663408671072817)	(86.0, 0.014202137599792)	(87.0, 0.012922164383509805)	(88.0, 0.01185366500296119)	(89.0, 0.010584821988559711)	(90.0, 0.009811272957850036)	(91.0, 0.009672145434341103)	(92.0, 0.009399455488263592)	(93.0, 0.008965377614915717)	(94.0, 0.009304848772277517)	(95.0, 0.010534736080096495)	(96.0, 0.012376784491354782)	(97.0, 0.017001383372791754)	(98.0, 0.021876411796544808)	(99.0, 0.02102495135267013)	(100.0, 0.0285211423193315)
SRR20277684_1	(0.0, 0.06490273643364956)	(1.0, 0.03694267826940414)	(2.0, 0.006403804480404765)	(3.0, 0.002975556490100705)	(4.0, 0.0022736303437179747)	(5.0, 0.002141383388602388)	(6.0, 0.0014089387141160603)	(7.0, 0.0009460743712115063)	(8.0, 0.0010274571128210982)	(9.0, 0.00131229670845467)	(10.0, 0.0015310128265304482)	(11.0, 0.001963358641331405)	(12.0, 0.002863655220387516)	(13.0, 0.004170865507491586)	(14.0, 0.006063014249914599)	(15.0, 0.009425138762660866)	(16.0, 0.014603115697571153)	(17.0, 0.022868550392295333)	(18.0, 0.03644420897704539)	(19.0, 0.05660169678947119)	(20.0, 0.0868455581401358)	(21.0, 0.1331421652732924)	(22.0, 0.19845181541498993)	(23.0, 0.28838483131493964)	(24.0, 0.409131387756821)	(25.0, 0.5657473875631301)	(26.0, 0.7688329328285162)	(27.0, 1.0019436233264911)	(28.0, 1.2569208392106932)	(29.0, 1.5434694724180664)	(30.0, 1.8508317417920928)	(31.0, 2.1630057657637862)	(32.0, 2.460327439391729)	(33.0, 2.7096180362059608)	(34.0, 2.9392597873428272)	(35.0, 3.1557378800243416)	(36.0, 3.338091171864684)	(37.0, 3.4730644488241924)	(38.0, 3.53710249362824)	(39.0, 3.5553729191195935)	(40.0, 3.535286641206076)	(41.0, 3.5004497413758195)	(42.0, 3.455439998844365)	(43.0, 3.3617786360944257)	(44.0, 3.241352524197632)	(45.0, 3.1354990094703066)	(46.0, 3.0533380453940726)	(47.0, 2.9680082408164155)	(48.0, 2.8768544837923216)	(49.0, 2.7935338156481517)	(50.0, 2.7304418452153154)	(51.0, 2.6638656761573185)	(52.0, 2.5356624260154583)	(53.0, 2.324479297959918)	(54.0, 2.122873901307556)	(55.0, 2.0035311971584404)	(56.0, 1.8976166453749068)	(57.0, 1.7810816458113217)	(58.0, 1.6464847640317581)	(59.0, 1.5273506031580166)	(60.0, 1.519878650193986)	(61.0, 1.5474267082288329)	(62.0, 1.5272387018883034)	(63.0, 1.2966864813296801)	(64.0, 0.9195079924973251)	(65.0, 0.6879690061966854)	(66.0, 0.6048721405919414)	(67.0, 0.5600912870212635)	(68.0, 0.4483070049991384)	(69.0, 0.32071412541935)	(70.0, 0.24336491594078347)	(71.0, 0.19812119802720096)	(72.0, 0.16302489070806445)	(73.0, 0.13282680714955525)	(74.0, 0.10995317033590929)	(75.0, 0.09111815207463937)	(76.0, 0.08154042067146053)	(77.0, 0.07477039385381258)	(78.0, 0.06741034215949512)	(79.0, 0.06784777439564668)	(80.0, 0.07585380160149029)	(81.0, 0.09029415181584226)	(82.0, 0.08828501538235545)	(83.0, 0.0625019455561666)	(84.0, 0.03510648016183772)	(85.0, 0.02249724163370157)	(86.0, 0.020956055964469922)	(87.0, 0.017929635260863223)	(88.0, 0.012212497662789389)	(89.0, 0.007375310958369269)	(90.0, 0.004882964496575516)	(91.0, 0.003916544439961612)	(92.0, 0.004704939749304534)	(93.0, 0.0048524459684719185)	(94.0, 0.003438420833005259)	(95.0, 0.002767013214726126)	(96.0, 0.0030620256530608965)	(97.0, 0.0032654825070848764)	(98.0, 0.0030315071249572994)	(99.0, 0.0022838031864191735)	(100.0, 0.0010325435341716977)
SRR20277684_2	(0.0, 0.07778090093737469)	(1.0, 0.041720602142460386)	(2.0, 0.0058178162773251905)	(3.0, 0.005645060160793264)	(4.0, 0.004989603130422128)	(5.0, 0.005106467562193726)	(6.0, 0.006676515797733887)	(7.0, 0.0060363019541155695)	(8.0, 0.004125822547762493)	(9.0, 0.004618685586103579)	(10.0, 0.005761924592564861)	(11.0, 0.007321810703603143)	(12.0, 0.009054452931173353)	(13.0, 0.011102121018301783)	(14.0, 0.014755404776726946)	(15.0, 0.02013116863822044)	(16.0, 0.02695503524123156)	(17.0, 0.03631943296971219)	(18.0, 0.05042446177831895)	(19.0, 0.07187670660178354)	(20.0, 0.10459366643557995)	(21.0, 0.15048582068606128)	(22.0, 0.21831800173609736)	(23.0, 0.3143754835900997)	(24.0, 0.44066020477493845)	(25.0, 0.6072326685474727)	(26.0, 0.8176953480436183)	(27.0, 1.0685118239367217)	(28.0, 1.3441188025521567)	(29.0, 1.635421182460742)	(30.0, 1.9333441864823016)	(31.0, 2.222131440576672)	(32.0, 2.502931264812567)	(33.0, 2.746512308060333)	(34.0, 2.9452123284455545)	(35.0, 3.115636237404301)	(36.0, 3.251996705032752)	(37.0, 3.3549187019877724)	(38.0, 3.4179238738994164)	(39.0, 3.4394777399679)	(40.0, 3.4124769751664097)	(41.0, 3.3521291988120065)	(42.0, 3.28439863900699)	(43.0, 3.201094623402844)	(44.0, 3.11011312273753)	(45.0, 3.01975151166683)	(46.0, 2.9331448055995746)	(47.0, 2.8612274504997837)	(48.0, 2.780352182651587)	(49.0, 2.6859358839046377)	(50.0, 2.590350940839973)	(51.0, 2.4815399927361135)	(52.0, 2.351566420357093)	(53.0, 2.2485885317173113)	(54.0, 2.165807865525013)	(55.0, 2.0678500663891595)	(56.0, 1.9525709260398545)	(57.0, 1.8348630379346011)	(58.0, 1.740528036183667)	(59.0, 1.6572036963305177)	(60.0, 1.6194717280550446)	(61.0, 1.602937951490489)	(62.0, 1.475006966136346)	(63.0, 1.2879781457415311)	(64.0, 1.1300333256710915)	(65.0, 0.9296362304940562)	(66.0, 0.7190160380681314)	(67.0, 0.5590692794708216)	(68.0, 0.4410971761285192)	(69.0, 0.3521226950523258)	(70.0, 0.2855252121292679)	(71.0, 0.23831198169354242)	(72.0, 0.19793277998532993)	(73.0, 0.15967746229800997)	(74.0, 0.13187388966087163)	(75.0, 0.1144661703891545)	(76.0, 0.10524404240370014)	(77.0, 0.10210902699487076)	(78.0, 0.0906309073699995)	(79.0, 0.07104849345488047)	(80.0, 0.05830010826727444)	(81.0, 0.05213169869463446)	(82.0, 0.04704555538144449)	(83.0, 0.04042493126847093)	(84.0, 0.03206658386567622)	(85.0, 0.02639103733137733)	(86.0, 0.02307818474376508)	(87.0, 0.02055289680504838)	(88.0, 0.01868306589670282)	(89.0, 0.017814204251792243)	(90.0, 0.016919937295626974)	(91.0, 0.016086643086472972)	(92.0, 0.016137453708982362)	(93.0, 0.016447398506289644)	(94.0, 0.017641448135260317)	(95.0, 0.020603707427557773)	(96.0, 0.025283365760672617)	(97.0, 0.03203101642991965)	(98.0, 0.03838742530584438)	(99.0, 0.03648202696174224)	(100.0, 0.03508981590498495)
SRR20277685_1	(0.0, 0.05861548874043416)	(1.0, 0.03355943122955843)	(2.0, 0.006217576050371757)	(3.0, 0.0030339707200154296)	(4.0, 0.0024560715352505862)	(5.0, 0.0023219163673587474)	(6.0, 0.0015015059175586566)	(7.0, 0.0009648852459913017)	(8.0, 0.0008565291488478935)	(9.0, 0.0010629217148353377)	(10.0, 0.0014963461034089706)	(11.0, 0.0020845649164731865)	(12.0, 0.002982372578518569)	(13.0, 0.004236207416892292)	(14.0, 0.006258854563569246)	(15.0, 0.009468258964674002)	(16.0, 0.014978940476538763)	(17.0, 0.02400345542433976)	(18.0, 0.037145502063590276)	(19.0, 0.0564793256824641)	(20.0, 0.08730921522683859)	(21.0, 0.13455247358136457)	(22.0, 0.20116051443966249)	(23.0, 0.289868039301066)	(24.0, 0.40871919842493576)	(25.0, 0.5681780949068351)	(26.0, 0.7683582446580574)	(27.0, 0.9997346307582816)	(28.0, 1.2654650594671162)	(29.0, 1.5536148806563366)	(30.0, 1.8550512232809988)	(31.0, 2.164763907801758)	(32.0, 2.4625729010791906)	(33.0, 2.7212911423586017)	(34.0, 2.942915479715919)	(35.0, 3.1544265813398518)	(36.0, 3.3428320352014906)	(37.0, 3.474742683938216)	(38.0, 3.5373157501314587)	(39.0, 3.5499314957274417)	(40.0, 3.533641962456883)	(41.0, 3.497383948427039)	(42.0, 3.4447641637285393)	(43.0, 3.357712939209185)	(44.0, 3.239233286704093)	(45.0, 3.136408510329148)	(46.0, 3.0569060939107846)	(47.0, 2.9699683853027232)	(48.0, 2.877458077413001)	(49.0, 2.797228127199532)	(50.0, 2.7321731904002897)	(51.0, 2.6654516336306986)	(52.0, 2.5377101147269197)	(53.0, 2.321854449588951)	(54.0, 2.1288516013199423)	(55.0, 2.0089684793661355)	(56.0, 1.89760937038761)	(57.0, 1.7820450128770902)	(58.0, 1.6442212171248245)	(59.0, 1.526634212467628)	(60.0, 1.5280789604295402)	(61.0, 1.5565920934207054)	(62.0, 1.5375368997659147)	(63.0, 1.2895717111744496)	(64.0, 0.9024927732932974)	(65.0, 0.6834070644976252)	(66.0, 0.6005249698112174)	(67.0, 0.5573682842632428)	(68.0, 0.4467728277788708)	(69.0, 0.31766911793957475)	(70.0, 0.24105619744503545)	(71.0, 0.19829681758658674)	(72.0, 0.16207492225579026)	(73.0, 0.12999119787304203)	(74.0, 0.10793815219728364)	(75.0, 0.08976528676208918)	(76.0, 0.08078721014163534)	(77.0, 0.07429616394133023)	(78.0, 0.06685055212333318)	(79.0, 0.06679379416768663)	(80.0, 0.07405881249044467)	(81.0, 0.0887178444897029)	(82.0, 0.08724213764289267)	(83.0, 0.05995704041935254)	(84.0, 0.03329628070792444)	(85.0, 0.022161401772901823)	(86.0, 0.020226471466769532)	(87.0, 0.016939669853419482)	(88.0, 0.01143414815570441)	(89.0, 0.006970908916225929)	(90.0, 0.004540636451723773)	(91.0, 0.0038440615415161485)	(92.0, 0.004452919611179109)	(93.0, 0.00429296537253884)	(94.0, 0.003178445516206641)	(95.0, 0.002388993951304667)	(96.0, 0.0019400901202819754)	(97.0, 0.002110363987221617)	(98.0, 0.002440592092801528)	(99.0, 0.002141322872119734)	(100.0, 0.0010474422723862793)
SRR20277685_2	(0.0, 0.069377548858211)	(1.0, 0.03700307750765949)	(2.0, 0.004839934500583962)	(3.0, 0.004236875569201296)	(4.0, 0.0032523947495936953)	(5.0, 0.004077090724134093)	(6.0, 0.006236763307461761)	(7.0, 0.005659476125283483)	(8.0, 0.004123479872701992)	(9.0, 0.00463891485678974)	(10.0, 0.005577006527829443)	(11.0, 0.007319176774046034)	(12.0, 0.00927782971357948)	(13.0, 0.011633367590860493)	(14.0, 0.015256875528997366)	(15.0, 0.020189588326717123)	(16.0, 0.02644181468370152)	(17.0, 0.035930972740756975)	(18.0, 0.05055901758916728)	(19.0, 0.07080014941429319)	(20.0, 0.10378283404606824)	(21.0, 0.1529037880296307)	(22.0, 0.2211422255730078)	(23.0, 0.31624513448703834)	(24.0, 0.4486294558001358)	(25.0, 0.6172643195441246)	(26.0, 0.8248093702368975)	(27.0, 1.0709244207889568)	(28.0, 1.348594401066868)	(29.0, 1.6410676740877792)	(30.0, 1.93436048873339)	(31.0, 2.2254214698979013)	(32.0, 2.5038800657014666)	(33.0, 2.7458407102817786)	(34.0, 2.9523600453562167)	(35.0, 3.12648429168074)	(36.0, 3.260883963781621)	(37.0, 3.361197920384779)	(38.0, 3.4135197256195258)	(39.0, 3.4298847863643114)	(40.0, 3.4090302869081213)	(41.0, 3.352131419014675)	(42.0, 3.2776871442628814)	(43.0, 3.1998873877646763)	(44.0, 3.1111088661054027)	(45.0, 3.0144544978892682)	(46.0, 2.930067482294422)	(47.0, 2.8570097276498245)	(48.0, 2.7783079599294656)	(49.0, 2.6891737881311712)	(50.0, 2.590787558368502)	(51.0, 2.4750878674903247)	(52.0, 2.3494712075182997)	(53.0, 2.2546466334956765)	(54.0, 2.1748263718598477)	(55.0, 2.0737186453811947)	(56.0, 1.9583488328928338)	(57.0, 1.8425202832686352)	(58.0, 1.744788655935757)	(59.0, 1.6616696104017665)	(60.0, 1.6193987873567302)	(61.0, 1.6013894890127043)	(62.0, 1.4739069543982815)	(63.0, 1.285190743674234)	(64.0, 1.1323951969912616)	(65.0, 0.922396675774231)	(66.0, 0.7054243192224932)	(67.0, 0.552412289846204)	(68.0, 0.4350941331179915)	(69.0, 0.34706814653548573)	(70.0, 0.2838552000869642)	(71.0, 0.23643518155089127)	(72.0, 0.19407158020871923)	(73.0, 0.15750146808769344)	(74.0, 0.13019372263072448)	(75.0, 0.11313282465742001)	(76.0, 0.10634970026682522)	(77.0, 0.10294782937184609)	(78.0, 0.09034028966105975)	(79.0, 0.07034656662829597)	(80.0, 0.05816683795430246)	(81.0, 0.0514043309630712)	(82.0, 0.04563145914128841)	(83.0, 0.03910089789289663)	(84.0, 0.03043643581038157)	(85.0, 0.02518930767236829)	(86.0, 0.021751356328503002)	(87.0, 0.019741159890560783)	(88.0, 0.018225781037342802)	(89.0, 0.01683410658030588)	(90.0, 0.016210430249559704)	(91.0, 0.016148578051469173)	(92.0, 0.015694995265471953)	(93.0, 0.0162568193981276)	(94.0, 0.01797837224498068)	(95.0, 0.02075141245937277)	(96.0, 0.025421253415207772)	(97.0, 0.03170956022107831)	(98.0, 0.03905450874432873)	(99.0, 0.03710101015463617)	(100.0, 0.036987614458136864)
SRR20277686_1	(0.0, 0.05805219738531736)	(1.0, 0.03320070654483451)	(2.0, 0.006206585650102376)	(3.0, 0.0030982631770365187)	(4.0, 0.002545001895422854)	(5.0, 0.002394112454982764)	(6.0, 0.0013580049639608115)	(7.0, 0.000935514530728559)	(8.0, 0.0010461667870512918)	(9.0, 0.0012523823556527486)	(10.0, 0.001674872788885001)	(11.0, 0.0021577189982932895)	(12.0, 0.002675772743804266)	(13.0, 0.0037822953070315935)	(14.0, 0.00568350225657673)	(15.0, 0.009470827211622993)	(16.0, 0.015154329468199723)	(17.0, 0.023317448196008603)	(18.0, 0.03674157874716196)	(19.0, 0.056809874325693954)	(20.0, 0.08725936340650416)	(21.0, 0.13490521904946995)	(22.0, 0.20243830294243964)	(23.0, 0.28930535380379957)	(24.0, 0.40640561888133886)	(25.0, 0.5660114393308516)	(26.0, 0.7675091980945481)	(27.0, 1.0004975830780911)	(28.0, 1.2597004935140927)	(29.0, 1.5481558368034132)	(30.0, 1.85859074191684)	(31.0, 2.165494834123969)	(32.0, 2.455886591898937)	(33.0, 2.7170862725967626)	(34.0, 2.950788867598389)	(35.0, 3.163060132409508)	(36.0, 3.3429153157660805)	(37.0, 3.462565612387057)	(38.0, 3.527805176785338)	(39.0, 3.5530892173550823)	(40.0, 3.5366322090510827)	(41.0, 3.5003885654573734)	(42.0, 3.454467879083439)	(43.0, 3.3663132383303243)	(44.0, 3.2398527982974845)	(45.0, 3.131307964492898)	(46.0, 3.050094238000027)	(47.0, 2.975162541877478)	(48.0, 2.8908304336155117)	(49.0, 2.8036515445772423)	(50.0, 2.7369835601427956)	(51.0, 2.6707632143816546)	(52.0, 2.53639113802174)	(53.0, 2.3263178293930316)	(54.0, 2.1293819613786407)	(55.0, 2.00468692779895)	(56.0, 1.9024794504928475)	(57.0, 1.7841318327076705)	(58.0, 1.641953742628988)	(59.0, 1.525960000114676)	(60.0, 1.5258996443385)	(61.0, 1.5552627294481414)	(62.0, 1.5349680997089494)	(63.0, 1.2906026509162232)	(64.0, 0.9073837093825116)	(65.0, 0.6852241565745522)	(66.0, 0.600172808646488)	(67.0, 0.5542772705126273)	(68.0, 0.44506349352209)	(69.0, 0.3163497711786784)	(70.0, 0.2399443881878314)	(71.0, 0.19520566909734466)	(72.0, 0.15888155113540028)	(73.0, 0.128296261558194)	(74.0, 0.10638711480629293)	(75.0, 0.0884614492820102)	(76.0, 0.0787441693176684)	(77.0, 0.07230621985889121)	(78.0, 0.06527980158239768)	(79.0, 0.06558158046327786)	(80.0, 0.07381008461527745)	(81.0, 0.08796854377657258)	(82.0, 0.08630373028371692)	(83.0, 0.06024512391971334)	(84.0, 0.033140350768658476)	(85.0, 0.021406181950434127)	(86.0, 0.020043147338458647)	(87.0, 0.017005239937598164)	(88.0, 0.011246292960801388)	(89.0, 0.006810143411862736)	(90.0, 0.004446208844967991)	(91.0, 0.0037269691788702278)	(92.0, 0.004239993276366534)	(93.0, 0.004149459612102479)	(94.0, 0.003113352121080527)	(95.0, 0.0025248833033641753)	(96.0, 0.002534942599393515)	(97.0, 0.0026506245037309175)	(98.0, 0.002409201399026773)	(99.0, 0.0020621556860145654)	(100.0, 0.001091433619183319)
SRR20277686_2	(0.0, 0.0668044846368284)	(1.0, 0.036317712678787445)	(2.0, 0.005484100281322783)	(3.0, 0.004609459173210808)	(4.0, 0.003915778294363381)	(5.0, 0.00414700525397919)	(6.0, 0.005876180778062634)	(7.0, 0.005323246744198741)	(8.0, 0.0035739645279747926)	(9.0, 0.004001231735960527)	(10.0, 0.004649672557491819)	(11.0, 0.005851047412887002)	(12.0, 0.007766209839270119)	(13.0, 0.009686398938688362)	(14.0, 0.012069041957338223)	(15.0, 0.01630150065291456)	(16.0, 0.02309253592337018)	(17.0, 0.032100334002316495)	(18.0, 0.045476310948787554)	(19.0, 0.06763891236065937)	(20.0, 0.09993025993831066)	(21.0, 0.1461907318805779)	(22.0, 0.21468417865720874)	(23.0, 0.3116336214856895)	(24.0, 0.4406381582591707)	(25.0, 0.6072874493927125)	(26.0, 0.8172163953586917)	(27.0, 1.0655692300051764)	(28.0, 1.3409454588885001)	(29.0, 1.6320903610830149)	(30.0, 1.925044865570175)	(31.0, 2.2161093409961277)	(32.0, 2.504559946443815)	(33.0, 2.7496554969635376)	(34.0, 2.9492194431310863)	(35.0, 3.1284002301411986)	(36.0, 3.263652921497341)	(37.0, 3.3600142435807125)	(38.0, 3.417428902987925)	(39.0, 3.4316543876773324)	(40.0, 3.4171876226822393)	(41.0, 3.361064818245054)	(42.0, 3.284729761533626)	(43.0, 3.206022115149618)	(44.0, 3.1140892920101937)	(45.0, 3.019979919446559)	(46.0, 2.9338126902784247)	(47.0, 2.8633085742877427)	(48.0, 2.7916081101147014)	(49.0, 2.7089394453790145)	(50.0, 2.6047164066687065)	(51.0, 2.4797030482851152)	(52.0, 2.355700051181585)	(53.0, 2.259916796497253)	(54.0, 2.178580200115875)	(55.0, 2.074864855382114)	(56.0, 1.9558985846597803)	(57.0, 1.8431452818088623)	(58.0, 1.7474474805661282)	(59.0, 1.6587970749186407)	(60.0, 1.618674170752263)	(61.0, 1.6065146486802924)	(62.0, 1.4790382205094896)	(63.0, 1.2893768202211395)	(64.0, 1.130579192368465)	(65.0, 0.9271899480211848)	(66.0, 0.713340197087807)	(67.0, 0.5510339514566143)	(68.0, 0.4335957893369587)	(69.0, 0.3473933734575779)	(70.0, 0.28225271759537635)	(71.0, 0.23482103083592468)	(72.0, 0.19280809760833914)	(73.0, 0.15534933015057803)	(74.0, 0.1293061371555887)	(75.0, 0.11304484988695514)	(76.0, 0.1052132932982284)	(77.0, 0.10113163479370585)	(78.0, 0.08797683146078034)	(79.0, 0.06860403358340361)	(80.0, 0.05629873799341445)	(81.0, 0.0491759423026405)	(82.0, 0.043827562193266126)	(83.0, 0.03743866076562061)	(84.0, 0.02917481029587299)	(85.0, 0.024615617853013444)	(86.0, 0.02217265475794207)	(87.0, 0.020368079138331732)	(88.0, 0.018457943384983737)	(89.0, 0.016849408013743326)	(90.0, 0.016321607345055063)	(91.0, 0.01631658067201994)	(92.0, 0.015999900270806982)	(93.0, 0.016457327517003476)	(94.0, 0.017613462315082522)	(95.0, 0.020237385639418445)	(96.0, 0.025158498540807085)	(97.0, 0.031175426163853253)	(98.0, 0.03793630139609812)	(99.0, 0.036513752927157375)	(100.0, 0.034523190405247366)
SRR20277687_1	(0.0, 0.059496741559414576)	(1.0, 0.03392259952866297)	(2.0, 0.00625880096219786)	(3.0, 0.003177701544576492)	(4.0, 0.002232017564910528)	(5.0, 0.0020337289885289547)	(6.0, 0.0013880200346710117)	(7.0, 0.0008948407549527401)	(8.0, 0.0009507683021372865)	(9.0, 0.0012151530706460505)	(10.0, 0.0015964772559952296)	(11.0, 0.0019981387312296983)	(12.0, 0.0026591006525016085)	(13.0, 0.0040166147523446865)	(14.0, 0.005923235679090581)	(15.0, 0.009233129607921456)	(16.0, 0.015090269094884846)	(17.0, 0.02380988213320274)	(18.0, 0.036612206115992516)	(19.0, 0.057254555349561406)	(20.0, 0.08812656139543094)	(21.0, 0.13462269039567418)	(22.0, 0.2036423679438756)	(23.0, 0.292928154862768)	(24.0, 0.4124300702287294)	(25.0, 0.5732268527067713)	(26.0, 0.7733152792431924)	(27.0, 1.0090092160462845)	(28.0, 1.2748989440065601)	(29.0, 1.5623461992452425)	(30.0, 1.8673394513324588)	(31.0, 2.1782254331639375)	(32.0, 2.468169090736039)	(33.0, 2.7227360325526795)	(34.0, 2.9571843103502977)	(35.0, 3.171473249549122)	(36.0, 3.3494143674004633)	(37.0, 3.482216870351404)	(38.0, 3.549273999425675)	(39.0, 3.5621627568904772)	(40.0, 3.541906816164729)	(41.0, 3.5029659903568704)	(42.0, 3.4546649268793077)	(43.0, 3.3617184277810637)	(44.0, 3.241713164490441)	(45.0, 3.137809950466497)	(46.0, 3.046780240939941)	(47.0, 2.9629702693226627)	(48.0, 2.8759114156462093)	(49.0, 2.791928577064906)	(50.0, 2.7305404675461595)	(51.0, 2.6639409274943073)	(52.0, 2.531911241559008)	(53.0, 2.3192848758083056)	(54.0, 2.118815125086535)	(55.0, 1.995469461932254)	(56.0, 1.8920187526082575)	(57.0, 1.778368892406788)	(58.0, 1.641997195080979)	(59.0, 1.5267203516886865)	(60.0, 1.5263797020831078)	(61.0, 1.5506624262061437)	(62.0, 1.5260441368000006)	(63.0, 1.2751175698728268)	(64.0, 0.8930917480226054)	(65.0, 0.6797739144158033)	(66.0, 0.5986637180307972)	(67.0, 0.5543538476932225)	(68.0, 0.4391939437177705)	(69.0, 0.3086743015564535)	(70.0, 0.23534820287504202)	(71.0, 0.1932449284900213)	(72.0, 0.1589308361310665)	(73.0, 0.1284706602053741)	(74.0, 0.10633352016523642)	(75.0, 0.08804521223588979)	(76.0, 0.07809010883704055)	(77.0, 0.07102798492437376)	(78.0, 0.06364046437354233)	(79.0, 0.06494205092620085)	(80.0, 0.07374301312405991)	(81.0, 0.08646907226977985)	(82.0, 0.08297105840951004)	(83.0, 0.057722313016923064)	(84.0, 0.032539663816463275)	(85.0, 0.02157278024582089)	(86.0, 0.02013900130890798)	(87.0, 0.016890119249732972)	(88.0, 0.011246521306565121)	(89.0, 0.007046870945252829)	(90.0, 0.004636902093846018)	(91.0, 0.003604784632167573)	(92.0, 0.003950518560217495)	(93.0, 0.003955602882688818)	(94.0, 0.0029387383884243398)	(95.0, 0.001967632796401764)	(96.0, 0.0016829107380077104)	(97.0, 0.0019269582166311849)	(98.0, 0.0021557527278406926)	(99.0, 0.001901536604274573)	(100.0, 0.0009660212695512537)
SRR20277687_2	(0.0, 0.06570102254266616)	(1.0, 0.035325097348539454)	(2.0, 0.00480689615818733)	(3.0, 0.0036839320451224258)	(4.0, 0.0027540567840777306)	(5.0, 0.003800801613450448)	(6.0, 0.006168680693487758)	(7.0, 0.005731690133652547)	(8.0, 0.0040243781789475325)	(9.0, 0.004522344165736495)	(10.0, 0.005233724146863584)	(11.0, 0.006305875404133697)	(12.0, 0.007835342363556938)	(13.0, 0.010111758303163623)	(14.0, 0.01290138408629771)	(15.0, 0.016890193266188888)	(16.0, 0.022947085676928103)	(17.0, 0.03198669272282161)	(18.0, 0.046798640187003505)	(19.0, 0.06809430805060086)	(20.0, 0.10073648661317529)	(21.0, 0.14939995860784766)	(22.0, 0.2197300323134194)	(23.0, 0.3185966058333463)	(24.0, 0.44778829169160517)	(25.0, 0.6146475475505434)	(26.0, 0.8253125663901718)	(27.0, 1.0765262441540444)	(28.0, 1.3558241873156986)	(29.0, 1.6469513633063804)	(30.0, 1.9427177530311268)	(31.0, 2.24173616552674)	(32.0, 2.5229192656383805)	(33.0, 2.761638062162314)	(34.0, 2.9627756705404185)	(35.0, 3.1320434557640304)	(36.0, 3.2621294478842775)	(37.0, 3.365055968582208)	(38.0, 3.4289785411720564)	(39.0, 3.4444866247606267)	(40.0, 3.4141970814213516)	(41.0, 3.354613926716378)	(42.0, 3.2821954446376407)	(43.0, 3.2026275937485758)	(44.0, 3.1108341697552837)	(45.0, 3.0167389233944877)	(46.0, 2.9333092954650186)	(47.0, 2.8589650061516583)	(48.0, 2.7867345316393615)	(49.0, 2.7005813346392915)	(50.0, 2.5944536040262887)	(51.0, 2.4709529580170466)	(52.0, 2.3470356465902875)	(53.0, 2.253987145058864)	(54.0, 2.1701103639984005)	(55.0, 2.06445011165871)	(56.0, 1.9505276889667862)	(57.0, 1.8355890091589666)	(58.0, 1.7392834035710971)	(59.0, 1.654537722676543)	(60.0, 1.6155490184251986)	(61.0, 1.5996598384181673)	(62.0, 1.4666063755195045)	(63.0, 1.2792797013464239)	(64.0, 1.121266963681359)	(65.0, 0.9144078277407603)	(66.0, 0.704687928018915)	(67.0, 0.5479658368910378)	(68.0, 0.43163996612002026)	(69.0, 0.3439471395893681)	(70.0, 0.27993818514466856)	(71.0, 0.23393222550806375)	(72.0, 0.1927687310287027)	(73.0, 0.1564527829921648)	(74.0, 0.13129025680258377)	(75.0, 0.11442546996429227)	(76.0, 0.10417143566490324)	(77.0, 0.10002510663204821)	(78.0, 0.08795197209520561)	(79.0, 0.06821625890450837)	(80.0, 0.05513194853734941)	(81.0, 0.048465301857072686)	(82.0, 0.04434946053769453)	(83.0, 0.03842976283760125)	(84.0, 0.02931393650801555)	(85.0, 0.02391761122260863)	(86.0, 0.021214367294325694)	(87.0, 0.019222503347169843)	(88.0, 0.017342427682762538)	(89.0, 0.01628043899665138)	(90.0, 0.015873936150293047)	(91.0, 0.015853611007975128)	(92.0, 0.01584344843681617)	(93.0, 0.01591966772050836)	(94.0, 0.01713409497400389)	(95.0, 0.019476567626143804)	(96.0, 0.023694034657111545)	(97.0, 0.031087305175253793)	(98.0, 0.03823159270000156)	(99.0, 0.036016152187348625)	(100.0, 0.035675706053523513)
SRR22894976_1	(0.0, 27.292912548427122)	(1.0, 13.648853363944058)	(2.0, 0.0033964398153228056)	(3.0, 0.0016610818977523065)	(4.0, 0.001215425778843151)	(5.0, 0.0009453311613224508)	(6.0, 0.0007292554673058905)	(7.0, 0.0006752365438017505)	(8.0, 0.0006077128894215755)	(9.0, 0.000614465254859593)	(10.0, 0.0007562649290579606)	(11.0, 0.0008035314871240832)	(12.0, 0.0009925977193885732)	(13.0, 0.0014450062037357461)	(14.0, 0.001762367379322569)	(15.0, 0.002363327903306127)	(16.0, 0.004024409801058433)	(17.0, 0.006495775551372839)	(18.0, 0.00998674848282789)	(19.0, 0.015577707065506385)	(20.0, 0.02476767642664821)	(21.0, 0.040311621664964506)	(22.0, 0.06300632190214135)	(23.0, 0.09185917941879015)	(24.0, 0.132305848392515)	(25.0, 0.18709454155658906)	(26.0, 0.2541590350869789)	(27.0, 0.3339922516606599)	(28.0, 0.42585818344488807)	(29.0, 0.528034977252969)	(30.0, 0.6301239903103556)	(31.0, 0.7381415802223217)	(32.0, 0.8424858833360062)	(33.0, 0.9227850131249102)	(34.0, 1.0088641677287575)	(35.0, 1.1091975657722595)	(36.0, 1.2249601188416317)	(37.0, 1.4037154890822692)	(38.0, 1.6268406526161197)	(39.0, 1.8010651856478475)	(40.0, 1.9304945263637667)	(41.0, 2.33920170159609)	(42.0, 2.796917545177545)	(43.0, 2.618060889455337)	(44.0, 2.483384960794078)	(45.0, 2.5709563881597273)	(46.0, 2.521772158309208)	(47.0, 2.4013369683567274)	(48.0, 2.102976949112486)	(49.0, 2.107237691703875)	(50.0, 2.168704474286148)	(51.0, 1.9211695096938646)	(52.0, 1.5929775399444617)	(53.0, 1.3036859474834779)	(54.0, 1.1517172109354556)	(55.0, 1.0941938097689847)	(56.0, 1.108204968052871)	(57.0, 1.1500763861340175)	(58.0, 1.1134988225562767)	(59.0, 1.0477172784591102)	(60.0, 1.0446179427230602)	(61.0, 1.0632274618702364)	(62.0, 1.0349620601466951)	(63.0, 0.831999459810765)	(64.0, 0.5509930197422285)	(65.0, 0.3912928247676764)	(66.0, 0.34496484549743833)	(67.0, 0.3422909087839834)	(68.0, 0.28879866978400875)	(69.0, 0.217932594512015)	(70.0, 0.19318517518168082)	(71.0, 0.18412350076386133)	(72.0, 0.17054449386800813)	(73.0, 0.15474395874304717)	(74.0, 0.13635051528988748)	(75.0, 0.11750466335238062)	(76.0, 0.09992150375178306)	(77.0, 0.0883749588527731)	(78.0, 0.08263544823045824)	(79.0, 0.08293255230973101)	(80.0, 0.09042767794593044)	(81.0, 0.0973218430581463)	(82.0, 0.0922305595178811)	(83.0, 0.07675413793394499)	(84.0, 0.06518058357318297)	(85.0, 0.06238510428184373)	(86.0, 0.05782725761118192)	(87.0, 0.0449775061826346)	(88.0, 0.029203980519425708)	(89.0, 0.018150358297391055)	(90.0, 0.01191117263266288)	(91.0, 0.0072520404804308014)	(92.0, 0.004935979135190797)	(93.0, 0.003335668526380648)	(94.0, 0.0019311765152730067)	(95.0, 0.0013437207221654835)	(96.0, 0.0011681592207770286)	(97.0, 0.0009183216995703807)	(98.0, 0.0007765220253720132)	(99.0, 0.0005807034276695055)	(100.0, 0.0003173611755868228)
SRR22894976_2	(0.0, 27.273265596296277)	(1.0, 13.638238529892288)	(2.0, 0.003279215882570466)	(3.0, 0.003008206305498527)	(4.0, 0.002506838587915439)	(5.0, 0.002351008081099074)	(6.0, 0.003265665403716869)	(7.0, 0.003712831205885569)	(8.0, 0.003489248304801219)	(9.0, 0.003767033121299957)	(10.0, 0.00420064844461506)	(11.0, 0.005196608640354437)	(12.0, 0.005941884977302271)	(13.0, 0.00665328511711611)	(14.0, 0.007676346270562682)	(15.0, 0.009146573226177955)	(16.0, 0.011206246011924693)	(17.0, 0.013753736036400921)	(18.0, 0.01801536163585717)	(19.0, 0.024478940049022922)	(20.0, 0.03330707702214135)	(21.0, 0.04683723015745792)	(22.0, 0.06754236184575409)	(23.0, 0.10090364078330982)	(24.0, 0.14604028584464132)	(25.0, 0.20268806269210346)	(26.0, 0.27413973768712024)	(27.0, 0.3580510779880195)	(28.0, 0.44988944841827294)	(29.0, 0.5470734827562704)	(30.0, 0.6474147786671559)	(31.0, 0.74871138333722)	(32.0, 0.8527993866511251)	(33.0, 0.946812608937381)	(34.0, 1.058732789028665)	(35.0, 1.2207694151599775)	(36.0, 1.4435867141890995)	(37.0, 1.7199216294505024)	(38.0, 1.9296762668647567)	(39.0, 1.976703203726165)	(40.0, 1.9172640282348619)	(41.0, 1.9868728381057896)	(42.0, 2.239115001965497)	(43.0, 2.37444363427637)	(44.0, 2.4376566181283996)	(45.0, 2.5327064520469555)	(46.0, 2.4911539086424006)	(47.0, 2.3965105890894525)	(48.0, 2.2144192542548167)	(49.0, 1.988871533736695)	(50.0, 1.840866428458282)	(51.0, 1.7107682809848974)	(52.0, 1.5455201913652825)	(53.0, 1.4520218872754636)	(54.0, 1.5605476724139216)	(55.0, 1.5093878395021663)	(56.0, 1.2092379576555667)	(57.0, 1.0010687262671831)	(58.0, 0.922028783114152)	(59.0, 0.8788637327260189)	(60.0, 0.9050229321528878)	(61.0, 1.0216112522092362)	(62.0, 1.0544508377109285)	(63.0, 0.9031326403528112)	(64.0, 0.7188461279438924)	(65.0, 0.5617012246787283)	(66.0, 0.42765988785894704)	(67.0, 0.3334840598264482)	(68.0, 0.2682791555829396)	(69.0, 0.22496504992741687)	(70.0, 0.1922541939748338)	(71.0, 0.16526841533789544)	(72.0, 0.14285592331404603)	(73.0, 0.12255053075193097)	(74.0, 0.1072452648867932)	(75.0, 0.09720436005627785)	(76.0, 0.08675694086015458)	(77.0, 0.07584203014358222)	(78.0, 0.06370080109075935)	(79.0, 0.05315175330323411)	(80.0, 0.04795514466287967)	(81.0, 0.04496726407566154)	(82.0, 0.04298889416303638)	(83.0, 0.040461729856840545)	(84.0, 0.03794811602949831)	(85.0, 0.034777303977756614)	(86.0, 0.030813788913079503)	(87.0, 0.028171445536628096)	(88.0, 0.024871903935777234)	(89.0, 0.02107776985677008)	(90.0, 0.017127805270946567)	(91.0, 0.012351261475053636)	(92.0, 0.009763120014016616)	(93.0, 0.008557127396046485)	(94.0, 0.007385010975210347)	(95.0, 0.006761688947944888)	(96.0, 0.006727812750810895)	(97.0, 0.00665328511711611)	(98.0, 0.005623448724242742)	(99.0, 0.004126120810920277)	(100.0, 0.010826832604023976)
SRR22894977_1	(0.0, 25.841306161695144)	(1.0, 12.922767806593072)	(2.0, 0.0029646313457498963)	(3.0, 0.0014722774177538989)	(4.0, 0.0012313592948487156)	(5.0, 0.0009837490018628325)	(6.0, 0.0007160621986348509)	(7.0, 0.0005755266269401605)	(8.0, 0.0005487579466173624)	(9.0, 0.000595603137182259)	(10.0, 0.0007093700285541513)	(11.0, 0.0009369038112979357)	(12.0, 0.001077439382992626)	(13.0, 0.001412047887027603)	(14.0, 0.002054496214774759)	(15.0, 0.0028776331347008027)	(16.0, 0.004189298470517912)	(17.0, 0.006350869406583864)	(18.0, 0.010091792481694908)	(19.0, 0.016964651154573337)	(20.0, 0.02719697920796293)	(21.0, 0.04281650417631566)	(22.0, 0.06575726321295369)	(23.0, 0.09729746080329062)	(24.0, 0.14109771398146911)	(25.0, 0.19967427869783222)	(26.0, 0.27308069231302545)	(27.0, 0.35560853374821216)	(28.0, 0.44844900927775694)	(29.0, 0.55466713279862)	(30.0, 0.6638565798353137)	(31.0, 0.7744915356094385)	(32.0, 0.8788023906573023)	(33.0, 0.9672661869540695)	(34.0, 1.0570951859472995)	(35.0, 1.1558247711478598)	(36.0, 1.2836519118593017)	(37.0, 1.4835403399997162)	(38.0, 1.7251477564232116)	(39.0, 1.896353543597748)	(40.0, 2.034252400280643)	(41.0, 2.475032182645918)	(42.0, 2.9435309334854507)	(43.0, 2.717810728833536)	(44.0, 2.5954310145677835)	(45.0, 2.6969713112022378)	(46.0, 2.6189473002313615)	(47.0, 2.4913543854727442)	(48.0, 2.1630900586742703)	(49.0, 2.2081484398276205)	(50.0, 2.2604544411783682)	(51.0, 1.9472207283811451)	(52.0, 1.6179258073902438)	(53.0, 1.328569757440957)	(54.0, 1.1714376039461318)	(55.0, 1.1220360044104079)	(56.0, 1.142366817115573)	(57.0, 1.1807798733787884)	(58.0, 1.134992045686642)	(59.0, 1.0626563792843606)	(60.0, 1.0648447189007495)	(61.0, 1.0902147356766816)	(62.0, 1.0529125796468621)	(63.0, 0.8293874067814169)	(64.0, 0.5451040217533004)	(65.0, 0.3933724495135997)	(66.0, 0.35159992386987315)	(67.0, 0.3554947668568403)	(68.0, 0.2951380848990111)	(69.0, 0.21682631061466512)	(70.0, 0.19448784688529006)	(71.0, 0.18622301683562612)	(72.0, 0.1720021554141396)	(73.0, 0.15757383672015138)	(74.0, 0.1399734294079116)	(75.0, 0.11926785517822722)	(76.0, 0.10099153868783675)	(77.0, 0.08858425535821982)	(78.0, 0.08272860653760772)	(79.0, 0.08709859360030452)	(80.0, 0.09710338787095034)	(81.0, 0.10135960804227526)	(82.0, 0.09366361244947077)	(83.0, 0.07656511789328345)	(84.0, 0.06352877057608075)	(85.0, 0.05925247389451374)	(86.0, 0.052754376746154484)	(87.0, 0.03878112561765384)	(88.0, 0.024466573815037522)	(89.0, 0.015238071273752853)	(90.0, 0.009837490018628325)	(91.0, 0.0060363374127909855)	(92.0, 0.004242835831163509)	(93.0, 0.0027906349236517082)	(94.0, 0.0016128129894485894)	(95.0, 0.0011845141042838186)	(96.0, 0.0008833664506523394)	(97.0, 0.0006223718175050573)	(98.0, 0.0006290639875857568)	(99.0, 0.000669217008069954)	(100.0, 0.0004416832253261697)
SRR22894977_2	(0.0, 25.859591591860948)	(1.0, 12.931225824626383)	(2.0, 0.002799633644103857)	(3.0, 0.0024639461568012368)	(4.0, 0.00219539616695914)	(5.0, 0.0023632399106104504)	(6.0, 0.002853343642072277)	(7.0, 0.0031957448791209496)	(8.0, 0.003551573615661728)	(9.0, 0.004014822348139345)	(10.0, 0.004437788582140646)	(11.0, 0.005277007300397199)	(12.0, 0.006122939768399803)	(13.0, 0.006861452240465568)	(14.0, 0.008069927194755005)	(15.0, 0.009332112147012857)	(16.0, 0.010970267085049648)	(17.0, 0.013749759479915347)	(18.0, 0.017630306833133644)	(19.0, 0.024082220339090018)	(20.0, 0.03434754370080416)	(21.0, 0.04901037314618263)	(22.0, 0.07175655728580822)	(23.0, 0.10637936472620052)	(24.0, 0.1531809142059319)	(25.0, 0.21407462440262734)	(26.0, 0.28936261405485914)	(27.0, 0.3760236957769037)	(28.0, 0.47231229463478747)	(29.0, 0.5763149919508854)	(30.0, 0.6808615029964137)	(31.0, 0.7839309890978103)	(32.0, 0.8923647612463029)	(33.0, 0.9901706675467945)	(34.0, 1.1056538769286421)	(35.0, 1.2768410679534867)	(36.0, 1.5219466436823683)	(37.0, 1.8158813213142893)	(38.0, 2.021570472284097)	(39.0, 2.054380567293055)	(40.0, 1.991888984656799)	(41.0, 2.0915881683856776)	(42.0, 2.3728607139965434)	(43.0, 2.489747097075316)	(44.0, 2.538314362738259)	(45.0, 2.6304471505033367)	(46.0, 2.5757770863212315)	(47.0, 2.4773937975425797)	(48.0, 2.276699676383835)	(49.0, 2.06187311200965)	(50.0, 1.9270274483601868)	(51.0, 1.768495675606651)	(52.0, 1.574186330456402)	(53.0, 1.4905262948708429)	(54.0, 1.5871707224652674)	(55.0, 1.5031347168939293)	(56.0, 1.2150544290405663)	(57.0, 1.017629904008149)	(58.0, 0.9434295418147776)	(59.0, 0.9016901596435697)	(60.0, 0.9352387671245935)	(61.0, 1.0634713872741948)	(62.0, 1.0745222193561972)	(63.0, 0.9125664342321747)	(64.0, 0.7355785634267409)	(65.0, 0.5708432859078527)	(66.0, 0.4370382534690281)	(67.0, 0.34229381705273637)	(68.0, 0.2735584471526517)	(69.0, 0.22519259398209013)	(70.0, 0.1920132427370991)	(71.0, 0.16946175734010904)	(72.0, 0.14709154318626239)	(73.0, 0.12563439899787887)	(74.0, 0.11025991207941883)	(75.0, 0.0983430062801758)	(76.0, 0.08828580916058927)	(77.0, 0.07755723706639751)	(78.0, 0.06478097129965976)	(79.0, 0.055428717903408746)	(80.0, 0.05098421557152205)	(81.0, 0.04766762319697215)	(82.0, 0.04468671830972488)	(83.0, 0.04132312968695262)	(84.0, 0.03788568981697378)	(85.0, 0.033850726219596276)	(86.0, 0.02927194889278853)	(87.0, 0.02629775775528731)	(88.0, 0.022853604135562425)	(89.0, 0.019134186776249385)	(90.0, 0.015804166902207387)	(91.0, 0.011876623300766723)	(92.0, 0.009849070877458893)	(93.0, 0.009097130905901023)	(94.0, 0.007996075947548429)	(95.0, 0.007653674710499754)	(96.0, 0.007512685965832654)	(97.0, 0.0071568572292918745)	(98.0, 0.0062169322648445375)	(99.0, 0.004672769823252481)	(100.0, 0.0169589318585284)
SRR22894978_1	(0.0, 23.268639111626367)	(1.0, 11.636478366446855)	(2.0, 0.0030600616749142783)	(3.0, 0.0014531799734752737)	(4.0, 0.0011527629597279814)	(5.0, 0.0010549527692056073)	(6.0, 0.0008383730616203502)	(7.0, 0.0007545357554583151)	(8.0, 0.0007475493132781455)	(9.0, 0.0007615221976384847)	(10.0, 0.0007685086398186543)	(11.0, 0.0009501561365030635)	(12.0, 0.001194681612808999)	(13.0, 0.0015370172796373086)	(14.0, 0.002200729286753419)	(15.0, 0.003339519362121061)	(16.0, 0.004778726451235996)	(17.0, 0.006839726894386024)	(18.0, 0.01108748373992913)	(19.0, 0.017703644484549728)	(20.0, 0.028001660258119697)	(21.0, 0.04598476242987621)	(22.0, 0.07121280514246858)	(23.0, 0.1043564868451931)	(24.0, 0.15057180186701488)	(25.0, 0.21184289978710213)	(26.0, 0.28862389934716587)	(27.0, 0.37648539620497856)	(28.0, 0.4756719158368462)	(29.0, 0.5853031665280674)	(30.0, 0.6976731025539149)	(31.0, 0.8217103970206456)	(32.0, 0.9373569744289928)	(33.0, 1.0287186788190705)	(34.0, 1.1207650545428047)	(35.0, 1.228300372579975)	(36.0, 1.3638163915487245)	(37.0, 1.580207465195117)	(38.0, 1.8373784018471593)	(39.0, 2.0147991010125663)	(40.0, 2.1720150093929225)	(41.0, 2.640302255845329)	(42.0, 3.1249168176727924)	(43.0, 2.8902911299361573)	(44.0, 2.7684336054296392)	(45.0, 2.8757243979905036)	(46.0, 2.791230366263533)	(47.0, 2.6615270671886844)	(48.0, 2.3169277930939995)	(49.0, 2.3518879497635683)	(50.0, 2.403776255835688)	(51.0, 2.0700059671202657)	(52.0, 1.7239185808412054)	(53.0, 1.424235143522831)	(54.0, 1.2543807612385482)	(55.0, 1.2001939156891528)	(56.0, 1.216765756540515)	(57.0, 1.2507827435157608)	(58.0, 1.207285154502025)	(59.0, 1.1289671376623238)	(60.0, 1.1292046766964496)	(61.0, 1.1589459610574315)	(62.0, 1.1253970657082573)	(63.0, 0.8881654350384188)	(64.0, 0.5783586430009787)	(65.0, 0.41714648969356555)	(66.0, 0.3710848763997075)	(67.0, 0.37325067347556007)	(68.0, 0.3082837476421631)	(69.0, 0.22508220771852352)	(70.0, 0.20160077555097353)	(71.0, 0.1907228850764495)	(72.0, 0.17362007461939435)	(73.0, 0.15701330155713125)	(74.0, 0.13835950093607846)	(75.0, 0.11877650350506311)	(76.0, 0.10081436065984711)	(77.0, 0.08920988019858543)	(78.0, 0.08527651325114995)	(79.0, 0.08837849357914525)	(80.0, 0.09668537333136688)	(81.0, 0.10178547612289068)	(82.0, 0.09368818963607414)	(83.0, 0.07501342968848083)	(84.0, 0.06405170190779474)	(85.0, 0.06252865751251778)	(86.0, 0.05772198529256111)	(87.0, 0.04472021639526551)	(88.0, 0.028323036598407497)	(89.0, 0.016627732388803614)	(90.0, 0.010647337882578448)	(91.0, 0.007007401506710094)	(92.0, 0.00489050952611871)	(93.0, 0.0032417091715986873)	(94.0, 0.0020260682322491793)	(95.0, 0.001327424014232221)	(96.0, 0.0010479663270254378)	(97.0, 0.0007615221976384847)	(98.0, 0.0005449424900532277)	(99.0, 0.0005239831635127189)	(100.0, 0.000454118741711023)
SRR22894978_2	(0.0, 23.244984025415693)	(1.0, 11.62404907176836)	(2.0, 0.002826553159399082)	(3.0, 0.002202326779283652)	(4.0, 0.0021602441019724994)	(5.0, 0.00260912599329146)	(6.0, 0.0030509941050585626)	(7.0, 0.003296476389373619)	(8.0, 0.0031071043414734327)	(9.0, 0.0032543937120624662)	(10.0, 0.0037523720602444387)	(11.0, 0.004222295290218976)	(12.0, 0.004741314977056524)	(13.0, 0.005463734270897977)	(14.0, 0.00669815947202512)	(15.0, 0.007869460657185533)	(16.0, 0.009412492158594462)	(17.0, 0.012526610279619751)	(18.0, 0.017324035493091146)	(19.0, 0.02421858079256831)	(20.0, 0.03547569697330163)	(21.0, 0.051467114351539604)	(22.0, 0.07576284671917836)	(23.0, 0.11314629173058557)	(24.0, 0.16586185884235605)	(25.0, 0.2304517547354234)	(26.0, 0.3103316900515429)	(27.0, 0.40529125140415867)	(28.0, 0.5054410096251499)	(29.0, 0.6108581162895871)	(30.0, 0.7197610713912982)	(31.0, 0.8331107627288876)	(32.0, 0.9488731942323166)	(33.0, 1.0477955410317326)	(34.0, 1.1737419804444604)	(35.0, 1.3545011070549644)	(36.0, 1.616535911112408)	(37.0, 1.939464349239089)	(38.0, 2.147584229881394)	(39.0, 2.170968170907291)	(40.0, 2.113378027006979)	(41.0, 2.2269591730697798)	(42.0, 2.5112276583066153)	(43.0, 2.6354837768473454)	(44.0, 2.7143677554671006)	(45.0, 2.806591942794492)	(46.0, 2.7504957339387253)	(47.0, 2.6627743930836276)	(48.0, 2.428373880460508)	(49.0, 2.183508808746015)	(50.0, 2.0431420385746653)	(51.0, 1.8792510517863816)	(52.0, 1.6784886258939764)	(53.0, 1.6124188225154668)	(54.0, 1.7380636694074647)	(55.0, 1.6269373461878143)	(56.0, 1.2921065241616287)	(57.0, 1.0834886651711417)	(58.0, 1.0117447141351785)	(59.0, 0.9665479187030007)	(60.0, 1.0096546078287245)	(61.0, 1.1453992972753992)	(62.0, 1.1389816889854485)	(63.0, 0.9637915033391201)	(64.0, 0.7822678747574635)	(65.0, 0.6046930040635033)	(66.0, 0.4572843992220877)	(67.0, 0.3581796941543233)	(68.0, 0.2854257588628924)	(69.0, 0.23457585711191636)	(70.0, 0.20112012864955006)	(71.0, 0.17582843958554736)	(72.0, 0.15167999658849762)	(73.0, 0.12864674454019345)	(74.0, 0.11114736455830583)	(75.0, 0.09762479758232213)	(76.0, 0.08693579754528938)	(77.0, 0.07709546483403153)	(78.0, 0.06408490376533353)	(79.0, 0.0535431930988898)	(80.0, 0.04918763599718551)	(81.0, 0.04655045488568661)	(82.0, 0.043590639914802214)	(83.0, 0.04009777769797655)	(84.0, 0.03768503753213714)	(85.0, 0.03513202177526055)	(86.0, 0.03158304932202002)	(87.0, 0.028728441044413498)	(88.0, 0.024555242211057534)	(89.0, 0.02048023629142759)	(90.0, 0.01685411226311661)	(91.0, 0.013157850439287041)	(92.0, 0.011243088621629599)	(93.0, 0.009840332711257845)	(94.0, 0.008500700816852821)	(95.0, 0.008009736248222708)	(96.0, 0.007806336641218804)	(97.0, 0.0072382204975182446)	(98.0, 0.006165112226083853)	(99.0, 0.004692218520193513)	(100.0, 0.011397391771770491)
SRR22894979_1	(0.0, 22.73598576813573)	(1.0, 11.370060829897577)	(2.0, 0.0028580248011972377)	(3.0, 0.0013122181178573855)	(4.0, 0.0010442782927451444)	(5.0, 0.00100992703311537)	(6.0, 0.0008656517426703171)	(7.0, 0.00067328468874358)	(8.0, 0.0006801549406695349)	(9.0, 0.0008450409868924524)	(10.0, 0.0009755757734855956)	(11.0, 0.0011816833312642424)	(12.0, 0.0013328288736352502)	(13.0, 0.0015801579429696264)	(14.0, 0.002129778097046018)	(15.0, 0.0031053538705316137)	(16.0, 0.004692382065427195)	(17.0, 0.00735116956077174)	(18.0, 0.011830573816494334)	(19.0, 0.01837792390192935)	(20.0, 0.029480251014272464)	(21.0, 0.047549013579533846)	(22.0, 0.07287276217860361)	(23.0, 0.10730646483148956)	(24.0, 0.1555562441074708)	(25.0, 0.21837095746647645)	(26.0, 0.2942047982251666)	(27.0, 0.3852218957402171)	(28.0, 0.48903140234139564)	(29.0, 0.6023493376080957)	(30.0, 0.7183329306220663)	(31.0, 0.8390776082207236)	(32.0, 0.957074185048999)	(33.0, 1.054089012495408)	(34.0, 1.1457381731876466)	(35.0, 1.2498018791100853)	(36.0, 1.3895153222763041)	(37.0, 1.614351186805104)	(38.0, 1.8762795414821347)	(39.0, 2.045301479364477)	(40.0, 2.201441694885654)	(41.0, 2.6955433431484046)	(42.0, 3.1981434930435606)	(43.0, 2.926830374235676)	(44.0, 2.810084183257924)	(45.0, 2.929585345257984)	(46.0, 2.8295132557045246)	(47.0, 2.704866275011925)	(48.0, 2.3350955758531806)	(49.0, 2.39980647874375)	(50.0, 2.4484135111198806)	(51.0, 2.0694229338765044)	(52.0, 1.7204072657860698)	(53.0, 1.4242032242504505)	(54.0, 1.2607736714358353)	(55.0, 1.2057704345166402)	(56.0, 1.225927753667392)	(57.0, 1.2538347169906208)	(58.0, 1.1995322457678732)	(59.0, 1.1296274324212823)	(60.0, 1.1391839528502856)	(61.0, 1.1575824875079928)	(62.0, 1.1120533279946896)	(63.0, 0.8705158810338932)	(64.0, 0.5634431009514131)	(65.0, 0.40870441682313097)	(66.0, 0.3678401583675512)	(67.0, 0.37465544827809844)	(68.0, 0.30895522911019174)	(69.0, 0.2279893101628133)	(70.0, 0.20726863035413334)	(71.0, 0.19593958492823368)	(72.0, 0.17737616422430358)	(73.0, 0.16064023053267742)	(74.0, 0.14308673686186266)	(75.0, 0.12248285133592393)	(76.0, 0.1029301143546563)	(77.0, 0.0908041197053459)	(78.0, 0.08536288017998961)	(79.0, 0.09001404073386107)	(80.0, 0.10182400379457755)	(81.0, 0.10585684167511307)	(82.0, 0.0940468786143966)	(83.0, 0.07488574599290838)	(84.0, 0.06401013719412178)	(85.0, 0.06155745725655589)	(86.0, 0.0551887337211957)	(87.0, 0.0398955529340201)	(88.0, 0.024320691817880342)	(89.0, 0.014846614411988533)	(90.0, 0.010037438063820106)	(91.0, 0.0063343722757304155)	(92.0, 0.0041152809036469834)	(93.0, 0.0027068792588262297)	(94.0, 0.0015526769352658069)	(95.0, 0.0009755757734855956)	(96.0, 0.0007351169560771741)	(97.0, 0.0005977119175580761)	(98.0, 0.0006183226733359409)	(99.0, 0.0005564904060023467)	(100.0, 0.0002885505808901057)
SRR22894979_2	(0.0, 22.714623168713132)	(1.0, 11.358711691633752)	(2.0, 0.0024691547055777857)	(3.0, 0.002276036460448797)	(4.0, 0.0022001685784338375)	(5.0, 0.0021725802577011242)	(6.0, 0.002814008714736695)	(7.0, 0.0031726568842619595)	(8.0, 0.0033519809690245924)	(9.0, 0.0038692619827629554)	(10.0, 0.004110659789174191)	(11.0, 0.004289983873936824)	(12.0, 0.0045175875199817035)	(13.0, 0.005352134222146263)	(14.0, 0.006462564131637948)	(15.0, 0.007579891121312812)	(16.0, 0.009980075025058816)	(17.0, 0.012635450895582415)	(18.0, 0.016932331849702414)	(19.0, 0.023870794513979655)	(20.0, 0.035692389947947045)	(21.0, 0.05321787069340278)	(22.0, 0.07917158342270225)	(23.0, 0.11860219082993186)	(24.0, 0.1702199389208373)	(25.0, 0.23612843715128795)	(26.0, 0.31736914462894367)	(27.0, 0.4131764854534716)	(28.0, 0.5174051611816601)	(29.0, 0.627489457985367)	(30.0, 0.7387945379814964)	(31.0, 0.8574794937736264)	(32.0, 0.9780197641350312)	(33.0, 1.075710007849567)	(34.0, 1.202726636502976)	(35.0, 1.3931136378794264)	(36.0, 1.6656034817564298)	(37.0, 1.9910353131195089)	(38.0, 2.1903885187340904)	(39.0, 2.1944922814430816)	(40.0, 2.1386949027611704)	(41.0, 2.2791125582104947)	(42.0, 2.5757628739691714)	(43.0, 2.6893784758266652)	(44.0, 2.7657981242562792)	(45.0, 2.855011856425689)	(46.0, 2.787399779389993)	(47.0, 2.686585158352478)	(48.0, 2.4327381222106053)	(49.0, 2.195395798947078)	(50.0, 2.069289584877848)	(51.0, 1.8959107832331155)	(52.0, 1.6756249392625877)	(53.0, 1.612592523468522)	(54.0, 1.7296773566581551)	(55.0, 1.5990949375500427)	(56.0, 1.281615439638168)	(57.0, 1.0818828946135113)	(58.0, 1.0098084066992994)	(59.0, 0.9734814853745002)	(60.0, 1.025699279441342)	(61.0, 1.1551712686399627)	(62.0, 1.1329557733699458)	(63.0, 0.9551490462476124)	(64.0, 0.7745007220898098)	(65.0, 0.5945214147097753)	(66.0, 0.451669089955789)	(67.0, 0.3564342067864648)	(68.0, 0.2855115312628437)	(69.0, 0.23810789916386008)	(70.0, 0.20340868876229068)	(71.0, 0.17539274905822094)	(72.0, 0.15130814505856277)	(73.0, 0.13022377093858709)	(74.0, 0.11453291352185675)	(75.0, 0.10140087285308551)	(76.0, 0.09131734162527902)	(77.0, 0.07932331918673217)	(78.0, 0.06512223108956831)	(79.0, 0.05654226334169466)	(80.0, 0.053355812297066346)	(81.0, 0.05081768678965678)	(82.0, 0.04696911604744336)	(83.0, 0.04295501538083366)	(84.0, 0.039182312520635205)	(85.0, 0.03474748996285164)	(86.0, 0.030423020687998924)	(87.0, 0.027050348478424795)	(88.0, 0.023181086495661838)	(89.0, 0.01981531136627089)	(90.0, 0.0160839909871715)	(91.0, 0.012069890320561803)	(92.0, 0.010414591076599042)	(93.0, 0.009352440728389602)	(94.0, 0.008662732710071785)	(95.0, 0.008207525417982026)	(96.0, 0.00789025972955583)	(97.0, 0.0077316268853427315)	(98.0, 0.006648785296583758)	(99.0, 0.005365928382512619)	(100.0, 0.018697984376596026)
SRR22894980_1	(0.0, 61.10494091543342)	(1.0, 30.59052198628212)	(2.0, 0.051144445167141395)	(3.0, 0.02216668364322715)	(4.0, 0.019750591827442876)	(5.0, 0.014818696470143548)	(6.0, 0.005929012614607123)	(7.0, 0.0033134973473612902)	(8.0, 0.003083393364905645)	(9.0, 0.002899310178941129)	(10.0, 0.0027535776567192203)	(11.0, 0.0032137856216305103)	(12.0, 0.0035589415953139786)	(13.0, 0.0037737053122725802)	(14.0, 0.004057500223967876)	(15.0, 0.004318284737417607)	(16.0, 0.004793832967825941)	(17.0, 0.004931895357299328)	(18.0, 0.005223360401743145)	(19.0, 0.0053230721274739245)	(20.0, 0.005422783853204704)	(21.0, 0.005929012614607123)	(22.0, 0.006243488057296505)	(23.0, 0.006580973898231451)	(24.0, 0.007624111952030376)	(25.0, 0.00932688142220215)	(26.0, 0.0121264798754125)	(27.0, 0.016053587842655512)	(28.0, 0.019136981207561157)	(29.0, 0.02162210421808212)	(30.0, 0.025533871919828092)	(31.0, 0.03002089957771317)	(32.0, 0.034377534978873386)	(33.0, 0.038435035202841264)	(34.0, 0.04233913277183871)	(35.0, 0.04685684096071787)	(36.0, 0.051673684326789385)	(37.0, 0.05868418565893803)	(38.0, 0.06539555181389435)	(39.0, 0.07166972040218494)	(40.0, 0.07637918190977715)	(41.0, 0.08762359651910968)	(42.0, 0.10057078059861398)	(43.0, 0.09867625780972916)	(44.0, 0.09777118214540363)	(45.0, 0.10212014741381532)	(46.0, 0.10637707108924474)	(47.0, 0.1072898168863188)	(48.0, 0.10333969852083023)	(49.0, 0.1106416648974227)	(50.0, 0.12687933592604275)	(51.0, 0.1415292894757188)	(52.0, 0.15327226271370523)	(53.0, 0.18148301096276734)	(54.0, 0.24258328843748964)	(55.0, 0.2801899493034906)	(56.0, 0.24607319883806691)	(57.0, 0.21233228487732084)	(58.0, 0.2202708722720406)	(59.0, 0.23707613312405118)	(60.0, 0.2542879110117335)	(61.0, 0.25675002362400884)	(62.0, 0.2514883125585231)	(63.0, 0.21687300346444555)	(64.0, 0.16302100143707607)	(65.0, 0.13645166159619757)	(66.0, 0.1326089250891883)	(67.0, 0.1342886841611145)	(68.0, 0.13825414279210013)	(69.0, 0.15024256027803923)	(70.0, 0.17665849746394732)	(71.0, 0.2023611123042429)	(72.0, 0.21013095677849514)	(73.0, 0.20981648133580577)	(74.0, 0.19094795477444287)	(75.0, 0.16176309966631855)	(76.0, 0.1382388025266031)	(77.0, 0.12170966645353924)	(78.0, 0.1123137538366004)	(79.0, 0.11458411313016277)	(80.0, 0.1241947894640602)	(81.0, 0.12774606092662566)	(82.0, 0.12355816844593293)	(83.0, 0.11460712352840832)	(84.0, 0.10826392374538106)	(85.0, 0.1025726852459781)	(86.0, 0.09111350691968696)	(87.0, 0.0758652830156262)	(88.0, 0.056758982339059134)	(89.0, 0.040789765956637365)	(90.0, 0.02930757723210067)	(91.0, 0.019229022800543415)	(92.0, 0.013369041380672983)	(93.0, 0.008928034519279033)	(94.0, 0.005752599561391129)	(95.0, 0.004249253542680914)	(96.0, 0.0033825285420979834)	(97.0, 0.0031677648251393817)	(98.0, 0.003037372568414516)	(99.0, 0.002232008629819758)	(100.0, 0.0010354679210504032)
SRR22894980_2	(0.0, 61.02625832256686)	(1.0, 30.52837123466987)	(2.0, 0.02602531778832793)	(3.0, 0.01891905909419199)	(4.0, 0.015195627251186119)	(5.0, 0.021558747781229414)	(6.0, 0.06248553396412345)	(7.0, 0.0679352138341362)	(8.0, 0.03133565925257331)	(9.0, 0.01786628002839407)	(10.0, 0.011332857002412877)	(11.0, 0.008948622059282298)	(12.0, 0.00775650458771701)	(13.0, 0.006564387116151722)	(14.0, 0.0061308898537643436)	(15.0, 0.0062624872369890835)	(16.0, 0.006417307687841717)	(17.0, 0.0068895100629422544)	(18.0, 0.00740041755075595)	(19.0, 0.007245597099903314)	(20.0, 0.006881769040399622)	(21.0, 0.007168186874476998)	(22.0, 0.007694576407375956)	(23.0, 0.008724132405545978)	(24.0, 0.01054327270306444)	(25.0, 0.013221666502815022)	(26.0, 0.01661223437648773)	(27.0, 0.02011891758829991)	(28.0, 0.02438422100929)	(29.0, 0.029090762715210106)	(30.0, 0.03364248397027757)	(31.0, 0.03927020735877085)	(32.0, 0.045455284370333617)	(33.0, 0.05136168457036164)	(34.0, 0.05710552329699439)	(35.0, 0.06355379507500664)	(36.0, 0.06997884378539099)	(37.0, 0.07880360948399118)	(38.0, 0.09019065364420248)	(39.0, 0.09698727143663315)	(40.0, 0.09889156298212055)	(41.0, 0.10583526020286123)	(42.0, 0.1155347614487788)	(43.0, 0.12105411052167525)	(44.0, 0.1273630438939201)	(45.0, 0.13506536132383873)	(46.0, 0.13785987046172876)	(47.0, 0.13638907617862875)	(48.0, 0.13492602291807135)	(49.0, 0.13890490850498405)	(50.0, 0.1447416395021284)	(51.0, 0.15136021377607853)	(52.0, 0.1736466176763153)	(53.0, 0.24339323078542735)	(54.0, 0.35837837963367936)	(55.0, 0.349809067678986)	(56.0, 0.23208359685064237)	(57.0, 0.18822296312409093)	(58.0, 0.21242139959235773)	(59.0, 0.25134326093671017)	(60.0, 0.27476759515071386)	(61.0, 0.2709280479695685)	(62.0, 0.24967894109004435)	(63.0, 0.22296467229542216)	(64.0, 0.2026599701660991)	(65.0, 0.18541297194111558)	(66.0, 0.16412515994887827)	(67.0, 0.14611954151471684)	(68.0, 0.13456219485856766)	(69.0, 0.13412869759618026)	(70.0, 0.1404763360811383)	(71.0, 0.13989575939044094)	(72.0, 0.13060653233928282)	(73.0, 0.12221526390307001)	(74.0, 0.11314278548310562)	(75.0, 0.10160092087204166)	(76.0, 0.09125117373254303)	(77.0, 0.0803440729699749)	(78.0, 0.06931311584672466)	(79.0, 0.06661149897934618)	(80.0, 0.06916603641841465)	(81.0, 0.07053619740846047)	(82.0, 0.07062908967897205)	(83.0, 0.06911959028315887)	(84.0, 0.06693662192613671)	(85.0, 0.061858511138170286)	(86.0, 0.05667202603460702)	(87.0, 0.05441938847470117)	(88.0, 0.04902389576248684)	(89.0, 0.04163896025681616)	(90.0, 0.03244262547616965)	(91.0, 0.02128007096969467)	(92.0, 0.014932432484736639)	(93.0, 0.010976769965451817)	(94.0, 0.008476419684181762)	(95.0, 0.007570720046693849)	(96.0, 0.006548905071066457)	(97.0, 0.006216041101733292)	(98.0, 0.0052948594191601145)	(99.0, 0.003885993316401137)	(100.0, 0.012656571857202906)
SRR22894981_1	(0.0, 60.49757923646687)	(1.0, 30.284733662892076)	(2.0, 0.04828795302839327)	(3.0, 0.021635566172665814)	(4.0, 0.02056474898485266)	(5.0, 0.015176936520186464)	(6.0, 0.005978026662673446)	(7.0, 0.00361716987064444)	(8.0, 0.0029847975156366714)	(9.0, 0.003035387304037293)	(10.0, 0.0032293148262396757)	(11.0, 0.0034738321368426796)	(12.0, 0.003937571863848377)	(13.0, 0.004376016696653763)	(14.0, 0.0045109227990554205)	(15.0, 0.0048903462120600824)	(16.0, 0.005278201256464847)	(17.0, 0.005109568628462777)	(18.0, 0.005472128778667231)	(19.0, 0.006045479713874275)	(20.0, 0.005935868505672928)	(21.0, 0.006230975604676553)	(22.0, 0.006863347959684323)	(23.0, 0.0074114040006910565)	(24.0, 0.008701443604906905)	(25.0, 0.010666013721131042)	(26.0, 0.013684537762368129)	(27.0, 0.017394455578413705)	(28.0, 0.02099476218625794)	(29.0, 0.024772133053504352)	(30.0, 0.028844611019754385)	(31.0, 0.03430830816702151)	(32.0, 0.039527488003685635)	(33.0, 0.04292543545792738)	(34.0, 0.04736047357438187)	(35.0, 0.05426597969106672)	(36.0, 0.06061499813534471)	(37.0, 0.06894544995864707)	(38.0, 0.07576663976133087)	(39.0, 0.08343942433542514)	(40.0, 0.09164340168772593)	(41.0, 0.10322846323146827)	(42.0, 0.11490627272061173)	(43.0, 0.111997359887576)	(44.0, 0.11250325777158222)	(45.0, 0.11852344259125618)	(46.0, 0.1235065367487174)	(47.0, 0.12328731433231471)	(48.0, 0.1178657753420481)	(49.0, 0.12687075767735875)	(50.0, 0.1474776648192119)	(51.0, 0.16048767206957176)	(52.0, 0.170032278814489)	(53.0, 0.1927976835947687)	(54.0, 0.24928118234406266)	(55.0, 0.30202103675171066)	(56.0, 0.2693484650763092)	(57.0, 0.23309245005586376)	(58.0, 0.25341268173011344)	(59.0, 0.27390154603236516)	(60.0, 0.291228548559578)	(61.0, 0.2895337906481572)	(62.0, 0.27692850170500233)	(63.0, 0.2329912704790625)	(64.0, 0.17390239762713658)	(65.0, 0.14897849520843034)	(66.0, 0.14784865660081645)	(67.0, 0.15322803743408256)	(68.0, 0.1608586638511763)	(69.0, 0.17594285242596164)	(70.0, 0.20361546668110161)	(71.0, 0.22872486499061012)	(72.0, 0.23134710235604233)	(73.0, 0.22750227843759507)	(74.0, 0.20782285074975332)	(75.0, 0.17728348181857811)	(76.0, 0.1518958396728662)	(77.0, 0.13206464261982256)	(78.0, 0.12263807871450673)	(79.0, 0.131288932531013)	(80.0, 0.14618762521499606)	(81.0, 0.15153327952266174)	(82.0, 0.14265477165835264)	(83.0, 0.12692134746575937)	(84.0, 0.11752851008604394)	(85.0, 0.1082790104401303)	(86.0, 0.09035336208351008)	(87.0, 0.06842268881184065)	(88.0, 0.049974279308413985)	(89.0, 0.038068815771467715)	(90.0, 0.028794021231353762)	(91.0, 0.019679427687841783)	(92.0, 0.01413141422657362)	(93.0, 0.009224204751713328)	(94.0, 0.005843120560271788)	(95.0, 0.003912276969648066)	(96.0, 0.0025210577886309736)	(97.0, 0.0019898650104244473)	(98.0, 0.0016188732288198895)	(99.0, 0.001298471235615953)	(100.0, 0.0006829621434083909)
SRR22894981_2	(0.0, 60.49695409330283)	(1.0, 30.263694877387092)	(2.0, 0.024145965210915474)	(3.0, 0.014996542369274961)	(4.0, 0.011941060694717804)	(5.0, 0.016145539656364703)	(6.0, 0.04120219160593649)	(7.0, 0.04499813819884037)	(8.0, 0.025763072503856586)	(9.0, 0.01931166551412309)	(10.0, 0.013251768711101654)	(11.0, 0.01088568540879834)	(12.0, 0.009847332304909836)	(13.0, 0.008170647374860365)	(14.0, 0.006715250811213362)	(15.0, 0.0062896962604393845)	(16.0, 0.006170540986222671)	(17.0, 0.006059896803021438)	(18.0, 0.006553540081919251)	(19.0, 0.006893983722538433)	(20.0, 0.006842917176445556)	(21.0, 0.007345071546358849)	(22.0, 0.008170647374860365)	(23.0, 0.009685621575615724)	(24.0, 0.011889994148624928)	(25.0, 0.014809298366934412)	(26.0, 0.01805202404383212)	(27.0, 0.02159263790627161)	(28.0, 0.027065269429224957)	(29.0, 0.032197457311559124)	(30.0, 0.037057290281397946)	(31.0, 0.04268312144262993)	(32.0, 0.04910899515931698)	(33.0, 0.057015798712697484)	(34.0, 0.06438640353210277)	(35.0, 0.07317836055109314)	(36.0, 0.08625139635086973)	(37.0, 0.09911165487525933)	(38.0, 0.11147827012075111)	(39.0, 0.12090855896590244)	(40.0, 0.12449172828341933)	(41.0, 0.13060269163253363)	(42.0, 0.13959891483589554)	(43.0, 0.14590563327836586)	(44.0, 0.1506377998829725)	(45.0, 0.1539741475610405)	(46.0, 0.15390605883291664)	(47.0, 0.1507654662482047)	(48.0, 0.14822916112559179)	(49.0, 0.15559976594499708)	(50.0, 0.1634129474972073)	(51.0, 0.17010266503537422)	(52.0, 0.19281876695568914)	(53.0, 0.26489919676578544)	(54.0, 0.32928560029788817)	(55.0, 0.3019394648651524)	(56.0, 0.2307867439757434)	(57.0, 0.20225756689185595)	(58.0, 0.23625086440768125)	(59.0, 0.28499388265333264)	(60.0, 0.3131911271876164)	(61.0, 0.3071397414756104)	(62.0, 0.27657641363902336)	(63.0, 0.24510239906377998)	(64.0, 0.22543326772700678)	(65.0, 0.20424065109846268)	(66.0, 0.18079259535081654)	(67.0, 0.16554923134209268)	(68.0, 0.15404223628916433)	(69.0, 0.15171870844193838)	(70.0, 0.15871482525666258)	(71.0, 0.15981275599765946)	(72.0, 0.14736102984201285)	(73.0, 0.13520719187190808)	(74.0, 0.1265514123091654)	(75.0, 0.11449119634023086)	(76.0, 0.10220969200489388)	(77.0, 0.09163891696366828)	(78.0, 0.08155327411032502)	(79.0, 0.07928081280919197)	(80.0, 0.08287249321772434)	(81.0, 0.0837661577743497)	(82.0, 0.0815617852013405)	(83.0, 0.07791052715569977)	(84.0, 0.07448906856747699)	(85.0, 0.06688015319963828)	(86.0, 0.05781584126815256)	(87.0, 0.05256449811160168)	(88.0, 0.046308846215224214)	(89.0, 0.03951699558487153)	(90.0, 0.031439970211181445)	(91.0, 0.021779881908612162)	(92.0, 0.016222139475504018)	(93.0, 0.012349593063460822)	(94.0, 0.009668599393584765)	(95.0, 0.008885579020160647)	(96.0, 0.008230225011968722)	(97.0, 0.007234427363157615)	(98.0, 0.005847119527634449)	(99.0, 0.00450236714718868)	(100.0, 0.0202649077078568)
SRR22894982_1	(0.0, 59.80428109641558)	(1.0, 29.942163251518007)	(2.0, 0.053867329807067856)	(3.0, 0.02466690063303264)	(4.0, 0.024047412260970177)	(5.0, 0.017711735728513162)	(6.0, 0.006692351655765705)	(7.0, 0.004054832980772489)	(8.0, 0.003435344608710025)	(9.0, 0.0033508689216105985)	(10.0, 0.0037075440449192898)	(11.0, 0.0041862396051493755)	(12.0, 0.004449052853903147)	(13.0, 0.004833886539578314)	(14.0, 0.005228106412708973)	(15.0, 0.0051905616628870055)	(16.0, 0.005237492600164465)	(17.0, 0.005368899224541351)	(18.0, 0.005650484848206108)	(19.0, 0.005800663847493977)	(20.0, 0.005856980972226929)	(21.0, 0.0065140140941113605)	(22.0, 0.007086571528896363)	(23.0, 0.00787501127515768)	(24.0, 0.009893041578088433)	(25.0, 0.01208002325521804)	(26.0, 0.015449664551739621)	(27.0, 0.020133372092030068)	(28.0, 0.024619969695755178)	(29.0, 0.028834367863271034)	(30.0, 0.03260761522037877)	(31.0, 0.038267486256040366)	(32.0, 0.04511940309854943)	(33.0, 0.049981448200494216)	(34.0, 0.0549655137393604)	(35.0, 0.06322535870019326)	(36.0, 0.07074369485204224)	(37.0, 0.08034576461901043)	(38.0, 0.08830525158126754)	(39.0, 0.09606762860695932)	(40.0, 0.1048624862527552)	(41.0, 0.1190637878729144)	(42.0, 0.13328386186798458)	(43.0, 0.12977342775963063)	(44.0, 0.13039291613169307)	(45.0, 0.13584629104333387)	(46.0, 0.14116825933059776)	(47.0, 0.14302672444678516)	(48.0, 0.1364188484781189)	(49.0, 0.14497905143752746)	(50.0, 0.16576007046398647)	(51.0, 0.1835281233172326)	(52.0, 0.19780451443703573)	(53.0, 0.22387934318839212)	(54.0, 0.285265009147309)	(55.0, 0.33450494853881935)	(56.0, 0.3012966173212891)	(57.0, 0.25953746933180577)	(58.0, 0.27245286327056256)	(59.0, 0.29872480195848433)	(60.0, 0.3225563319079782)	(61.0, 0.32411443902558984)	(62.0, 0.3150379957561292)	(63.0, 0.2653662917416662)	(64.0, 0.1959648216957593)	(65.0, 0.1673557223314201)	(66.0, 0.16326334460082562)	(67.0, 0.167468356580886)	(68.0, 0.173822805488254)	(69.0, 0.1883713960442664)	(70.0, 0.21854798871367276)	(71.0, 0.24505458208798178)	(72.0, 0.2480863206361057)	(73.0, 0.24481992740159453)	(74.0, 0.22220860182131458)	(75.0, 0.18634397955388016)	(76.0, 0.1597247519301052)	(77.0, 0.14269820788584295)	(78.0, 0.13241094643462384)	(79.0, 0.13670043410178365)	(80.0, 0.14819851373476117)	(81.0, 0.15295731077469554)	(82.0, 0.1465277723676836)	(83.0, 0.13298350386940885)	(84.0, 0.12641317265056454)	(85.0, 0.12082839111454687)	(86.0, 0.10659893093202119)	(87.0, 0.0876482184593831)	(88.0, 0.0659473530622859)	(89.0, 0.04816991402158429)	(90.0, 0.034926003521885254)	(91.0, 0.023183883015064927)	(92.0, 0.01619117336072348)	(93.0, 0.010756570823993686)	(94.0, 0.006927006342153002)	(95.0, 0.004636776603012985)	(96.0, 0.003623068357819863)	(97.0, 0.003369641296521582)	(98.0, 0.003172531359956253)	(99.0, 0.0023840916136949357)	(100.0, 0.001173273431936484)
SRR22894982_2	(0.0, 59.761908895915624)	(1.0, 29.898507051450096)	(2.0, 0.02958325280483488)	(3.0, 0.020446411095067084)	(4.0, 0.017220527209998494)	(5.0, 0.026708420989611993)	(6.0, 0.06659552643910713)	(7.0, 0.06789536788691417)	(8.0, 0.03127209789760608)	(9.0, 0.018577296020483223)	(10.0, 0.011271617810180832)	(11.0, 0.009146329603547408)	(12.0, 0.00814061286290838)	(13.0, 0.006992577715575146)	(14.0, 0.00627149778832452)	(15.0, 0.006290473575883747)	(16.0, 0.0064422798763575624)	(17.0, 0.007011553503134374)	(18.0, 0.008017270243773404)	(19.0, 0.008045733925112243)	(20.0, 0.007656730280148091)	(21.0, 0.008320882844721034)	(22.0, 0.009639700080087311)	(23.0, 0.011461375685773103)	(24.0, 0.014241328563199856)	(25.0, 0.01709718459086352)	(26.0, 0.02093978157160698)	(27.0, 0.026091707893937114)	(28.0, 0.031148755278471107)	(29.0, 0.036348121069699306)	(30.0, 0.04263859464558305)	(31.0, 0.04952680552958244)	(32.0, 0.05565598491121276)	(33.0, 0.06329373940380163)	(34.0, 0.07132998543513426)	(35.0, 0.0806376092329351)	(36.0, 0.09187127546799748)	(37.0, 0.10333265115377059)	(38.0, 0.11692880293995671)	(39.0, 0.12592332624303032)	(40.0, 0.13010748739983985)	(41.0, 0.13883634967708428)	(42.0, 0.15062980164514386)	(43.0, 0.15826755613773272)	(44.0, 0.16490908178346217)	(45.0, 0.17033615702540109)	(46.0, 0.17578220805489922)	(47.0, 0.17469110027024368)	(48.0, 0.16890348506467945)	(49.0, 0.17639892115057412)	(50.0, 0.18646557645074402)	(51.0, 0.19584910339878178)	(52.0, 0.22301294328981522)	(53.0, 0.30697131534561506)	(54.0, 0.40916541924583205)	(55.0, 0.3809579110390411)	(56.0, 0.2706516579572546)	(57.0, 0.23091635880823325)	(58.0, 0.26276721822639576)	(59.0, 0.31682923698263343)	(60.0, 0.35178263766672957)	(61.0, 0.34824365328693374)	(62.0, 0.3125027574191297)	(63.0, 0.2731185103399541)	(64.0, 0.25238746243149857)	(65.0, 0.23007193626184766)	(66.0, 0.20235779853159663)	(67.0, 0.1835053535915046)	(68.0, 0.1700704959995719)	(69.0, 0.16692051526474022)	(70.0, 0.1721009052684092)	(71.0, 0.1704784754320953)	(72.0, 0.15477601122683496)	(73.0, 0.13938664751630186)	(74.0, 0.12712828875304122)	(75.0, 0.11378831009890465)	(76.0, 0.10296262329636564)	(77.0, 0.09218437596272473)	(78.0, 0.08143459231042263)	(79.0, 0.07976472300521066)	(80.0, 0.08240235747594321)	(81.0, 0.08217464802523249)	(82.0, 0.08100763709034003)	(83.0, 0.08074197606451085)	(84.0, 0.08177615648648871)	(85.0, 0.07683296382731009)	(86.0, 0.06925213669739891)	(87.0, 0.06391994039325612)	(88.0, 0.05605447644995653)	(89.0, 0.04809413356886081)	(90.0, 0.037610010942387896)	(91.0, 0.025304212710229194)	(92.0, 0.01861524759560168)	(93.0, 0.014592380633045555)	(94.0, 0.011357008854197354)	(95.0, 0.009516357460952335)	(96.0, 0.008937595940395913)	(97.0, 0.00816907654424722)	(98.0, 0.006508695132814857)	(99.0, 0.004810362146264042)	(100.0, 0.014478525907690195)
SRR22894983_1	(0.0, 59.374406882898136)	(1.0, 29.72798210344836)	(2.0, 0.055321198471772984)	(3.0, 0.025789426454273498)	(4.0, 0.02567030670159787)	(5.0, 0.019128646950494623)	(6.0, 0.0068493857788486205)	(7.0, 0.004069924883083963)	(8.0, 0.003901171900126823)	(9.0, 0.00389124525407052)	(10.0, 0.004059998237027661)	(11.0, 0.004328017680547824)	(12.0, 0.004566257185899081)	(13.0, 0.004854129921531849)	(14.0, 0.0055390684994167105)	(15.0, 0.005995694218006618)	(16.0, 0.006104887324625944)	(17.0, 0.006392760060258713)	(18.0, 0.006591292981384759)	(19.0, 0.0066707061498351775)	(20.0, 0.006601219627441061)	(21.0, 0.007107478576312482)	(22.0, 0.007951243491098181)	(23.0, 0.008566695546588926)	(24.0, 0.010393198420948558)	(25.0, 0.012755740182348516)	(26.0, 0.017024197986558527)	(27.0, 0.022344880272736588)	(28.0, 0.026831724290185245)	(29.0, 0.031725560795942305)	(30.0, 0.036281891335785084)	(31.0, 0.042118759216890865)	(32.0, 0.04887880518123276)	(33.0, 0.05399102790022847)	(34.0, 0.05992716224189728)	(35.0, 0.0672232470932795)	(36.0, 0.0752340504607155)	(37.0, 0.08673903323996991)	(38.0, 0.09498807611275717)	(39.0, 0.10242313400892762)	(40.0, 0.11327295814846611)	(41.0, 0.12943353792812634)	(42.0, 0.14279480351990928)	(43.0, 0.13719617514415475)	(44.0, 0.1399657093938631)	(45.0, 0.14769856667172265)	(46.0, 0.14981294228171504)	(47.0, 0.1517684915548066)	(48.0, 0.1466761221279235)	(49.0, 0.15817117826112162)	(50.0, 0.18189586233568422)	(51.0, 0.19744099005985372)	(52.0, 0.20813198786249132)	(53.0, 0.23023862862987668)	(54.0, 0.29121801535374203)	(55.0, 0.3441270388338335)	(56.0, 0.30988010993959036)	(57.0, 0.2694687338443835)	(58.0, 0.28815068172234454)	(59.0, 0.3241943335527784)	(60.0, 0.35526473570900474)	(61.0, 0.34716459252706205)	(62.0, 0.3271127674933313)	(63.0, 0.27402506438422636)	(64.0, 0.20601761225249893)	(65.0, 0.17937449423738341)	(66.0, 0.17393469219852975)	(67.0, 0.17722041204316583)	(68.0, 0.1834741990586363)	(69.0, 0.20147120835871246)	(70.0, 0.23833877181181937)	(71.0, 0.2696077068891718)	(72.0, 0.2710371439212793)	(73.0, 0.2646344572149643)	(74.0, 0.237078087762669)	(75.0, 0.19861233429449737)	(76.0, 0.1707978720447382)	(77.0, 0.15036883446086796)	(78.0, 0.14090874076921184)	(79.0, 0.15045817427537467)	(80.0, 0.16729376598686346)	(81.0, 0.17356740629444656)	(82.0, 0.1636308335920879)	(83.0, 0.14754966698087812)	(84.0, 0.1381491331655598)	(85.0, 0.12636620429672887)	(86.0, 0.10396176414765448)	(87.0, 0.07793409818802974)	(88.0, 0.057336307621202356)	(89.0, 0.0427044313342127)	(90.0, 0.03115974197073307)	(91.0, 0.020726836965559305)	(92.0, 0.01551534778600057)	(93.0, 0.011236963335734259)	(94.0, 0.007206745036875505)	(95.0, 0.004715156876743615)	(96.0, 0.0030375536932285186)	(97.0, 0.002908507294496588)	(98.0, 0.002660341143089029)	(99.0, 0.0017669429980218178)	(100.0, 0.0009132514371798161)
SRR22894983_2	(0.0, 59.35288198278585)	(1.0, 29.694252812662185)	(2.0, 0.02844873988639771)	(3.0, 0.017721507809304534)	(4.0, 0.013888203175581808)	(5.0, 0.019969309479340898)	(6.0, 0.04860871111453633)	(7.0, 0.05206069225066361)	(8.0, 0.028739749924036346)	(9.0, 0.02091258339444544)	(10.0, 0.014921790550643174)	(11.0, 0.0129047899449409)	(12.0, 0.0126840237094909)	(13.0, 0.010245560290656812)	(14.0, 0.008148281053881812)	(15.0, 0.007245146454313631)	(16.0, 0.007275250940965904)	(17.0, 0.007987723791736357)	(18.0, 0.008228559684954541)	(19.0, 0.008439291091520449)	(20.0, 0.008359012460447722)	(21.0, 0.009051415653449994)	(22.0, 0.01056667481494772)	(23.0, 0.011620331847777264)	(24.0, 0.014711059144077263)	(25.0, 0.01876513001324999)	(26.0, 0.02181571799401362)	(27.0, 0.02660233137172498)	(28.0, 0.033887617141574976)	(29.0, 0.040841753558249975)	(30.0, 0.047494845108402246)	(31.0, 0.05381678730537952)	(32.0, 0.06096158547085224)	(33.0, 0.07123725024816131)	(34.0, 0.08143263639439767)	(35.0, 0.09173840565835903)	(36.0, 0.10498437978535902)	(37.0, 0.12085947907999083)	(38.0, 0.13339298035622038)	(39.0, 0.13918307662234083)	(40.0, 0.14289596330945445)	(41.0, 0.1543356682373181)	(42.0, 0.169337737419034)	(43.0, 0.17312086790833625)	(44.0, 0.17819849132368626)	(45.0, 0.18286468675478854)	(46.0, 0.18225256219285899)	(47.0, 0.18116880067337715)	(48.0, 0.1803258750471135)	(49.0, 0.1869689317683817)	(50.0, 0.19746536278114077)	(51.0, 0.21010924717509533)	(52.0, 0.23805624561728847)	(53.0, 0.32038198178237026)	(54.0, 0.38343081166111337)	(55.0, 0.34035129126171115)	(56.0, 0.2655918160752339)	(57.0, 0.24343491389916122)	(58.0, 0.2805938852569498)	(59.0, 0.3373408425964839)	(60.0, 0.37740991433065885)	(61.0, 0.3695526433144157)	(62.0, 0.32319173386991573)	(63.0, 0.28774871825130666)	(64.0, 0.27044867325513394)	(65.0, 0.24690696469305667)	(66.0, 0.21921083697296578)	(67.0, 0.19607052156625213)	(68.0, 0.18214217907513397)	(69.0, 0.18064698957140443)	(70.0, 0.18716962834606352)	(71.0, 0.1878720663679499)	(72.0, 0.17435515186107944)	(73.0, 0.1596039534014658)	(74.0, 0.145163834637259)	(75.0, 0.13013166096889084)	(76.0, 0.11659467680425219)	(77.0, 0.10182340868687038)	(78.0, 0.08987192748591813)	(79.0, 0.08875806147978403)	(80.0, 0.09378551075071358)	(81.0, 0.09516028230783402)	(82.0, 0.09327373447762494)	(83.0, 0.09167819668505449)	(84.0, 0.08852726041544995)	(85.0, 0.0789741033177954)	(86.0, 0.06697244797242269)	(87.0, 0.06017886881789314)	(88.0, 0.053706404187654516)	(89.0, 0.04562836693596133)	(90.0, 0.03615548846937952)	(91.0, 0.02493654977696589)	(92.0, 0.018403876173422717)	(93.0, 0.014369874962018173)	(94.0, 0.011469809414515902)	(95.0, 0.010245560290656812)	(96.0, 0.009593296413190903)	(97.0, 0.008840684246884086)	(98.0, 0.0075361564919522684)	(99.0, 0.006693230865688632)	(100.0, 0.024083589321818165)
SRR22894984_1	(0.0, 47.58413614989041)	(1.0, 23.98846392115149)	(2.0, 0.2595282185405924)	(3.0, 0.09259734185708243)	(4.0, 0.05475946342436954)	(5.0, 0.037150788579416165)	(6.0, 0.01917460055711802)	(7.0, 0.013518093392768204)	(8.0, 0.011760421675032384)	(9.0, 0.01094550115135487)	(10.0, 0.011041374154140459)	(11.0, 0.011376929663890025)	(12.0, 0.012143913686174745)	(13.0, 0.013901585403910564)	(14.0, 0.015611320620253588)	(15.0, 0.017065394495835037)	(16.0, 0.01780042085052456)	(17.0, 0.016809733155073465)	(18.0, 0.018551426039011686)	(19.0, 0.02083639927206825)	(20.0, 0.024128039034373508)	(21.0, 0.03091904339835281)	(22.0, 0.03657555056270262)	(23.0, 0.04565152815973848)	(24.0, 0.06081544143365932)	(25.0, 0.08138020053116839)	(26.0, 0.10911945600379912)	(27.0, 0.13976685922759277)	(28.0, 0.17370590221369167)	(29.0, 0.20826811971789688)	(30.0, 0.24787964870214318)	(31.0, 0.2902075794319812)	(32.0, 0.3245460932630201)	(33.0, 0.3562321206836576)	(34.0, 0.39363857060383534)	(35.0, 0.4264111587227095)	(36.0, 0.45216903880443804)	(37.0, 0.4854529496048354)	(38.0, 0.5110350625147905)	(39.0, 0.5234026798741316)	(40.0, 0.5404840532037641)	(41.0, 0.576020979569623)	(42.0, 0.6040957905520031)	(43.0, 0.5850809783328611)	(44.0, 0.5810223545482712)	(45.0, 0.5915044695194956)	(46.0, 0.581389867725616)	(47.0, 0.568734631357918)	(48.0, 0.546619925382042)	(49.0, 0.5633817220357226)	(50.0, 0.5997974842604493)	(51.0, 0.595946585315228)	(52.0, 0.5882927239261785)	(53.0, 0.589587009463784)	(54.0, 0.5946203421100273)	(55.0, 0.596425950329156)	(56.0, 0.5862793908676811)	(57.0, 0.6301253108082908)	(58.0, 0.7056572581695384)	(59.0, 0.7978870868492759)	(60.0, 0.8521671852597175)	(61.0, 0.8678104635475664)	(62.0, 0.8397995679003765)	(63.0, 0.6843574727173397)	(64.0, 0.50771146508489)	(65.0, 0.3980647075657701)	(66.0, 0.37048524043111536)	(67.0, 0.3775319061358562)	(68.0, 0.36796058469109477)	(69.0, 0.3652282041117055)	(70.0, 0.41060809209688476)	(71.0, 0.4559879800820641)	(72.0, 0.4598229001934877)	(73.0, 0.44446724091399564)	(74.0, 0.3973616388786757)	(75.0, 0.33971000653694094)	(76.0, 0.29183742047933625)	(77.0, 0.24835901371607116)	(78.0, 0.21835076384418145)	(79.0, 0.21227880700109406)	(80.0, 0.22149859410230832)	(81.0, 0.22352790599460332)	(82.0, 0.21095256379589342)	(83.0, 0.18797500079494697)	(84.0, 0.16886431557301937)	(85.0, 0.1546910899945496)	(86.0, 0.13388664839007658)	(87.0, 0.10902358300101354)	(88.0, 0.08446411545410487)	(89.0, 0.06401120819317899)	(90.0, 0.04678602535936797)	(91.0, 0.03167004858683993)	(92.0, 0.021060102945234624)	(93.0, 0.012543384531114705)	(94.0, 0.007589946053859217)	(95.0, 0.006519364189420127)	(96.0, 0.007494073051073627)	(97.0, 0.009059998763238264)	(98.0, 0.009427511940583026)	(99.0, 0.005976083840301782)	(100.0, 0.00164581988115263)
SRR22894984_2	(0.0, 47.68939418484847)	(1.0, 23.937490685000746)	(2.0, 0.17886418569086512)	(3.0, 0.1410857887131369)	(4.0, 0.08929439285644857)	(5.0, 0.06651719467862442)	(6.0, 0.10029419197646464)	(7.0, 0.09917639206588863)	(8.0, 0.051629395869648334)	(9.0, 0.03470039722396823)	(10.0, 0.02510999799120016)	(11.0, 0.020703598343712132)	(12.0, 0.01884059849275212)	(13.0, 0.018889198488864122)	(14.0, 0.019537198437024124)	(15.0, 0.020152798387776127)	(16.0, 0.02188619824910414)	(17.0, 0.025028997997680158)	(18.0, 0.025936197925104165)	(19.0, 0.025093797992496163)	(20.0, 0.02617919790566417)	(21.0, 0.0308285975337122)	(22.0, 0.04017599678592026)	(23.0, 0.05362199571024034)	(24.0, 0.07019459438443244)	(25.0, 0.09180539265556859)	(26.0, 0.12188879024889678)	(27.0, 0.158500787319937)	(28.0, 0.19882258409419326)	(29.0, 0.24086158073107355)	(30.0, 0.27663117786950575)	(31.0, 0.312416975006642)	(32.0, 0.35090817192734625)	(33.0, 0.3847823692174105)	(34.0, 0.41546516676278666)	(35.0, 0.44629376429649886)	(36.0, 0.48050816155934706)	(37.0, 0.5163749586900034)	(38.0, 0.5550119555990435)	(39.0, 0.5777405537807557)	(40.0, 0.5743547540516197)	(41.0, 0.5833295533336358)	(42.0, 0.6039197516864199)	(43.0, 0.6033203517343718)	(44.0, 0.6026885517849159)	(45.0, 0.6138179508945639)	(46.0, 0.6160373507170119)	(47.0, 0.6061553515075719)	(48.0, 0.5825357533971397)	(49.0, 0.5739497540840197)	(50.0, 0.5772869538170436)	(51.0, 0.5795063536394917)	(52.0, 0.631832349453412)	(53.0, 0.7396109408311248)	(54.0, 0.7498331400133489)	(55.0, 0.6371945490244361)	(56.0, 0.5712119543030436)	(57.0, 0.5973101522151878)	(58.0, 0.6847091452232684)	(59.0, 0.8128835349693171)	(60.0, 0.8840015292798776)	(61.0, 0.8990027280797817)	(62.0, 0.8871767290258616)	(63.0, 0.771589738272821)	(64.0, 0.6102377511809799)	(65.0, 0.48525476117961913)	(66.0, 0.41825156653987466)	(67.0, 0.37985756961139444)	(68.0, 0.3391307728695382)	(69.0, 0.319318174454546)	(70.0, 0.32484237401261007)	(71.0, 0.32257437419405005)	(72.0, 0.29331717653462586)	(73.0, 0.26022057918235364)	(74.0, 0.23635798109136152)	(75.0, 0.2156543827476494)	(76.0, 0.19542058436635323)	(77.0, 0.17228698621704108)	(78.0, 0.14874838810012894)	(79.0, 0.13595038912396887)	(80.0, 0.13186798945056083)	(81.0, 0.12990778960737684)	(82.0, 0.12827158973827282)	(83.0, 0.11966939042644877)	(84.0, 0.10800539135956869)	(85.0, 0.09507779239377662)	(86.0, 0.08445059324395254)	(87.0, 0.08012519358998452)	(88.0, 0.07448759404099248)	(89.0, 0.06664679466825643)	(90.0, 0.05292539576596834)	(91.0, 0.034878597209712224)	(92.0, 0.022064398234848143)	(93.0, 0.014369398850448092)	(94.0, 0.009995399200368064)	(95.0, 0.00775979937921605)	(96.0, 0.0066419994686400426)	(97.0, 0.005605199551584036)	(98.0, 0.004422599646192029)	(99.0, 0.003839399692848025)	(100.0, 0.019666798426656126)
SRR22894985_1	(0.0, 45.95141649115049)	(1.0, 23.179283927774215)	(2.0, 0.2619018380762537)	(3.0, 0.08688958755654622)	(4.0, 0.055555959073382684)	(5.0, 0.03834357771255053)	(6.0, 0.019273137519832666)	(7.0, 0.014155030010183851)	(8.0, 0.011486181869838925)	(9.0, 0.010033517692182825)	(10.0, 0.010540261009969838)	(11.0, 0.0118240107483636)	(12.0, 0.013107760486757363)	(13.0, 0.015320539641093978)	(14.0, 0.01719548991690592)	(15.0, 0.0176853417907667)	(16.0, 0.018141410776775006)	(17.0, 0.018901525753455523)	(18.0, 0.02015149260399682)	(19.0, 0.02106363057601344)	(20.0, 0.02410409048273551)	(21.0, 0.03175591458131938)	(22.0, 0.040708379862223254)	(23.0, 0.05170470985820139)	(24.0, 0.06893398266295979)	(25.0, 0.09261578704753945)	(26.0, 0.12261499146053052)	(27.0, 0.1554688498970551)	(28.0, 0.1936604046142695)	(29.0, 0.23941932621043666)	(30.0, 0.28345532052612793)	(31.0, 0.3181165634627595)	(32.0, 0.3515616224367023)	(33.0, 0.392810528504565)	(34.0, 0.4391606506381503)	(35.0, 0.4675551678781492)	(36.0, 0.49476728404331166)	(37.0, 0.5309487569333043)	(38.0, 0.5561001169394663)	(39.0, 0.5798325956558247)	(40.0, 0.6025009134048304)	(41.0, 0.6426349841735616)	(42.0, 0.6643911639505506)	(43.0, 0.6341048049908136)	(44.0, 0.6375506595517653)	(45.0, 0.6451011349867917)	(46.0, 0.6281083423970006)	(47.0, 0.6211828503872449)	(48.0, 0.6011158150028791)	(49.0, 0.6196457289899575)	(50.0, 0.6473983713607595)	(51.0, 0.6362838012572978)	(52.0, 0.6384121231920032)	(53.0, 0.6413512344351678)	(54.0, 0.6360811039301829)	(55.0, 0.6424491782903731)	(56.0, 0.6329392953599035)	(57.0, 0.682194745848801)	(58.0, 0.7781888216815871)	(59.0, 0.8786253472669728)	(60.0, 0.9326779678309207)	(61.0, 0.9368332630367743)	(62.0, 0.8926790286135992)	(63.0, 0.7139337689861941)	(64.0, 0.5239388077039173)	(65.0, 0.42444820297840075)	(66.0, 0.4078101307110605)	(67.0, 0.41613761256669374)	(68.0, 0.40992156120183976)	(69.0, 0.41642476711343973)	(70.0, 0.46855176306979696)	(71.0, 0.5153748456333168)	(72.0, 0.5094797317030613)	(73.0, 0.4814568262294395)	(74.0, 0.42368808800172025)	(75.0, 0.3579803711286711)	(76.0, 0.30641079282187955)	(77.0, 0.26114172309957323)	(78.0, 0.23538227111206678)	(79.0, 0.2389463657805021)	(80.0, 0.25294937279534985)	(81.0, 0.2525777610289727)	(82.0, 0.23379447538300083)	(83.0, 0.20281556722228816)	(84.0, 0.17774866443575735)	(85.0, 0.16040115152351533)	(86.0, 0.1327836407041232)	(87.0, 0.1009094860153202)	(88.0, 0.075960823336273)	(89.0, 0.05895113930255566)	(90.0, 0.04663727668033128)	(91.0, 0.031130931156048734)	(92.0, 0.01805695355714384)	(93.0, 0.010489586678191136)	(94.0, 0.007212646556501796)	(95.0, 0.005422153500321022)	(96.0, 0.0045437984161568684)	(97.0, 0.005658633715288294)	(98.0, 0.005692416603140762)	(99.0, 0.0035640946684353135)	(100.0, 0.0016553615047709036)
SRR22894985_2	(0.0, 46.16404656155416)	(1.0, 23.175336852917567)	(2.0, 0.16848854793428109)	(3.0, 0.12255113962283025)	(4.0, 0.0778126942426999)	(5.0, 0.06135264599985715)	(6.0, 0.08742152573513984)	(7.0, 0.08507498399812688)	(8.0, 0.051332741502393045)	(9.0, 0.03816127729974365)	(10.0, 0.02776455588100738)	(11.0, 0.024338947505805977)	(12.0, 0.022471990941321213)	(13.0, 0.0207420587118445)	(14.0, 0.019800016408664117)	(15.0, 0.019508839696771998)	(16.0, 0.020382369832448354)	(17.0, 0.02156420472189284)	(18.0, 0.022865935904469375)	(19.0, 0.025109709390226297)	(20.0, 0.025332373934614384)	(21.0, 0.029888433073632252)	(22.0, 0.04184380630308516)	(23.0, 0.05518655092449463)	(24.0, 0.07522635991942284)	(25.0, 0.10141513594783758)	(26.0, 0.13424959222414304)	(27.0, 0.17509997209841976)	(28.0, 0.22091748411673856)	(29.0, 0.26603274641814106)	(30.0, 0.309880533620719)	(31.0, 0.3534885282370329)	(32.0, 0.3932084573474932)	(33.0, 0.4276015654345153)	(34.0, 0.4590486503188642)	(35.0, 0.49184885051141763)	(36.0, 0.53177431612439)	(37.0, 0.5761530726251243)	(38.0, 0.6187505127707537)	(39.0, 0.6424385946852714)	(40.0, 0.6387218095981778)	(41.0, 0.6406744063720426)	(42.0, 0.6562951805629611)	(43.0, 0.6473200866199333)	(44.0, 0.6442370390822522)	(45.0, 0.668558858546182)	(46.0, 0.6675311760336217)	(47.0, 0.651396560586423)	(48.0, 0.636854853033693)	(49.0, 0.62923287439887)	(50.0, 0.6227756026116152)	(51.0, 0.6211826947171466)	(52.0, 0.6686102426718101)	(53.0, 0.7354609901138655)	(54.0, 0.7406165307185436)	(55.0, 0.6683190659599181)	(56.0, 0.6116081193084587)	(57.0, 0.6405545100789106)	(58.0, 0.7380130683533905)	(59.0, 0.8807239132642811)	(60.0, 0.9631783068553789)	(61.0, 0.9870719252724086)	(62.0, 0.9664155067699443)	(63.0, 0.8252119295441424)	(64.0, 0.6475427511643215)	(65.0, 0.5220969724644461)	(66.0, 0.46050453387832485)	(67.0, 0.4194657455434119)	(68.0, 0.3784269572084991)	(69.0, 0.36234372588692854)	(70.0, 0.36751639453348267)	(71.0, 0.36748213844973066)	(72.0, 0.33476757846655725)	(73.0, 0.2947736006860809)	(74.0, 0.2645254787330525)	(75.0, 0.2400152508084864)	(76.0, 0.21742336357403313)	(77.0, 0.18840846063607725)	(78.0, 0.1607809290900779)	(79.0, 0.1478663855155686)	(80.0, 0.14896258019563305)	(81.0, 0.1480890500599567)	(82.0, 0.14291638141340257)	(83.0, 0.13111516056083375)	(84.0, 0.11703591013875597)	(85.0, 0.10210025762287785)	(86.0, 0.0882950558708162)	(87.0, 0.08029626031472092)	(88.0, 0.0716979832929654)	(89.0, 0.06404174857439025)	(90.0, 0.05227478380557343)	(91.0, 0.03425608375201404)	(92.0, 0.02242060681569319)	(93.0, 0.015432365730282328)	(94.0, 0.010722154214380395)	(95.0, 0.009129246319911744)	(96.0, 0.0075877225510711105)	(97.0, 0.006148967033486521)	(98.0, 0.004830107809033981)	(99.0, 0.004007961798985643)	(100.0, 0.028620957974807733)
SRR22894986_1	(0.0, 44.296567617697484)	(1.0, 22.36395233991721)	(2.0, 0.2792644817964462)	(3.0, 0.09365785558412026)	(4.0, 0.05737128341485968)	(5.0, 0.03968675171313279)	(6.0, 0.021012749773771124)	(7.0, 0.015525687546887396)	(8.0, 0.012593257569897078)	(9.0, 0.011747710275918272)	(10.0, 0.012611247937854071)	(11.0, 0.013510766335703863)	(12.0, 0.014518226941295629)	(13.0, 0.015453726075059413)	(14.0, 0.015795543066242333)	(15.0, 0.01658711925635015)	(16.0, 0.018350175316135742)	(17.0, 0.019447587761512487)	(18.0, 0.01995131806430837)	(19.0, 0.022344037002588815)	(20.0, 0.025942110593987978)	(21.0, 0.033462084400012235)	(22.0, 0.04441821848582269)	(23.0, 0.05677760127227882)	(24.0, 0.07572145873099542)	(25.0, 0.10069208945530564)	(26.0, 0.13424412569510283)	(27.0, 0.17161011994178316)	(28.0, 0.21144079459857196)	(29.0, 0.254293851072136)	(30.0, 0.30175244174269095)	(31.0, 0.34816759107174017)	(32.0, 0.3897073506844435)	(33.0, 0.43401762696252427)	(34.0, 0.47814799956103504)	(35.0, 0.5107825270350255)	(36.0, 0.542931314574177)	(37.0, 0.5850827466974182)	(38.0, 0.6149827382419453)	(39.0, 0.6280437453787242)	(40.0, 0.6520069154974426)	(41.0, 0.6989797662331588)	(42.0, 0.7263790966316634)	(43.0, 0.6968029317103622)	(44.0, 0.6995914387436966)	(45.0, 0.7129942628716585)	(46.0, 0.6912618983796076)	(47.0, 0.6830223098553034)	(48.0, 0.6661293543436844)	(49.0, 0.6875378922125094)	(50.0, 0.7194707953361771)	(51.0, 0.7103676691499371)	(52.0, 0.7095041314880013)	(53.0, 0.7080828924193987)	(54.0, 0.6968209220783192)	(55.0, 0.702307984305203)	(56.0, 0.6987638818176749)	(57.0, 0.7362378182720971)	(58.0, 0.8211883357650314)	(59.0, 0.9211428201341002)	(60.0, 0.9829037533304669)	(61.0, 1.0103750452007996)	(62.0, 0.9744482803906789)	(63.0, 0.7879601261484601)	(64.0, 0.5836974883647295)	(65.0, 0.4646192428573742)	(66.0, 0.43520499124768597)	(67.0, 0.4432107049885491)	(68.0, 0.43130108140101786)	(69.0, 0.42649765315649996)	(70.0, 0.47899354685501383)	(71.0, 0.5313455176098717)	(72.0, 0.5269738581963217)	(73.0, 0.49532880095996606)	(74.0, 0.43869512263134314)	(75.0, 0.3715370790478778)	(76.0, 0.3150473236629109)	(77.0, 0.27077302812074416)	(78.0, 0.24526268635772408)	(79.0, 0.24562249371686398)	(80.0, 0.25501346579041584)	(81.0, 0.2511455366796617)	(82.0, 0.23428856190395664)	(83.0, 0.20861630682932358)	(84.0, 0.1891867094357681)	(85.0, 0.17459652102264447)	(86.0, 0.14795278607833365)	(87.0, 0.11898829366757038)	(88.0, 0.09200274173207665)	(89.0, 0.0681115330851862)	(90.0, 0.05033704954367431)	(91.0, 0.03265251784194742)	(92.0, 0.02007725064000734)	(93.0, 0.01241335389032712)	(94.0, 0.008221598156347092)	(95.0, 0.006818349455701418)	(96.0, 0.006584474672260472)	(97.0, 0.0071601664468843385)	(98.0, 0.007609925645809234)	(99.0, 0.005451081490969735)	(100.0, 0.002212815258710486)
SRR22894986_2	(0.0, 44.43019649681988)	(1.0, 22.318918645335675)	(2.0, 0.19486880204381105)	(3.0, 0.14500504575899525)	(4.0, 0.08845380878519354)	(5.0, 0.07173510706272875)	(6.0, 0.10586683910378258)	(7.0, 0.09846675801351128)	(8.0, 0.04968103823320415)	(9.0, 0.033291229003640295)	(10.0, 0.023607172268223522)	(11.0, 0.01977009318437914)	(12.0, 0.0185824258489035)	(13.0, 0.0189844055624491)	(14.0, 0.019788364989540307)	(15.0, 0.01975182137921798)	(16.0, 0.020683683442437328)	(17.0, 0.023881249345640978)	(18.0, 0.02614695318562528)	(19.0, 0.02654893289917088)	(20.0, 0.028613646882382382)	(21.0, 0.0344971681442771)	(22.0, 0.046392113304194675)	(23.0, 0.0634031639092381)	(24.0, 0.08492735038908895)	(25.0, 0.11260913520825198)	(26.0, 0.1519848753305598)	(27.0, 0.19645844909283228)	(28.0, 0.24529898428862293)	(29.0, 0.292970123954099)	(30.0, 0.33718789244411523)	(31.0, 0.3799439165212383)	(32.0, 0.4231750075325517)	(33.0, 0.46284309653743816)	(34.0, 0.4957871612430163)	(35.0, 0.5346147472104892)	(36.0, 0.5779920126630919)	(37.0, 0.6260834038472748)	(38.0, 0.6654226003592602)	(39.0, 0.691514738129402)	(40.0, 0.6941458780726096)	(41.0, 0.6994264297641859)	(42.0, 0.7139707866724722)	(43.0, 0.7111021132621695)	(44.0, 0.7169856345240642)	(45.0, 0.7307443038104205)	(46.0, 0.7314203606013836)	(47.0, 0.7142083201395674)	(48.0, 0.6958999713680812)	(49.0, 0.6914781945190798)	(50.0, 0.6841512006494531)	(51.0, 0.6869833304494334)	(52.0, 0.750441309774155)	(53.0, 0.848433000853476)	(54.0, 0.8489080677876663)	(55.0, 0.7385829082245597)	(56.0, 0.6734804664353334)	(57.0, 0.7074294804247756)	(58.0, 0.8076686035389198)	(59.0, 0.9540257628798411)	(60.0, 1.037929892179905)	(61.0, 1.0739253483473976)	(62.0, 1.0493863140159547)	(63.0, 0.8915179174235001)	(64.0, 0.7082151680467057)	(65.0, 0.5695687104837954)	(66.0, 0.49302811866368057)	(67.0, 0.4457041432962665)	(68.0, 0.3986725168114312)	(69.0, 0.376344370904489)	(70.0, 0.38009009096252766)	(71.0, 0.3723428455741942)	(72.0, 0.3343923062544572)	(73.0, 0.2957657101437571)	(74.0, 0.2675540429749203)	(75.0, 0.24034732508994755)	(76.0, 0.21158750376627586)	(77.0, 0.1856780840477457)	(78.0, 0.1623084452466173)	(79.0, 0.1488603966480008)	(80.0, 0.1468870416905951)	(81.0, 0.14460306604544965)	(82.0, 0.14058326890999362)	(83.0, 0.1338044291952019)	(84.0, 0.12492433188687634)	(85.0, 0.1127004942340578)	(86.0, 0.10007467686769368)	(87.0, 0.09241879050516608)	(88.0, 0.0840503037413531)	(89.0, 0.07248425107433647)	(90.0, 0.056934944882186145)	(91.0, 0.03727448252877398)	(92.0, 0.022985930892743953)	(93.0, 0.015421403556022176)	(94.0, 0.011328519199921503)	(95.0, 0.00919071799606535)	(96.0, 0.007984778855428544)	(97.0, 0.0071625476231761765)	(98.0, 0.005719075015444244)	(99.0, 0.0043669614335181284)	(100.0, 0.0204461499753422)
SRR22894987_1	(0.0, 43.03127590824727)	(1.0, 21.735843458084066)	(2.0, 0.28358582381055863)	(3.0, 0.09286562195021916)	(4.0, 0.0598861807546182)	(5.0, 0.042807875228964204)	(6.0, 0.02122642787433581)	(7.0, 0.01679802698858089)	(8.0, 0.014518428220386376)	(9.0, 0.013154406006630643)	(10.0, 0.01324783218565501)	(11.0, 0.013546795958532977)	(12.0, 0.014219464447508408)	(13.0, 0.01582639472672749)	(14.0, 0.017676233071409926)	(15.0, 0.018274160617165865)	(16.0, 0.019787664717360584)	(17.0, 0.02055375938536038)	(18.0, 0.022048578249750227)	(19.0, 0.024477658904383724)	(20.0, 0.027859686585065747)	(21.0, 0.035184299020575995)	(22.0, 0.04478851022428076)	(23.0, 0.058989289435984284)	(24.0, 0.08047731061158832)	(25.0, 0.10919651804367823)	(26.0, 0.14415659423459576)	(27.0, 0.1817326034381955)	(28.0, 0.2246152196103792)	(29.0, 0.2734584260043174)	(30.0, 0.32540338154186454)	(31.0, 0.3689399809672188)	(32.0, 0.4139340287853532)	(33.0, 0.46279592041509626)	(34.0, 0.5068743916787919)	(35.0, 0.5456088855022937)	(36.0, 0.581335056361211)	(37.0, 0.6229283912628585)	(38.0, 0.6560946848165082)	(39.0, 0.6683895699761147)	(40.0, 0.6921571899199133)	(41.0, 0.7408322291916075)	(42.0, 0.7699625118114047)	(43.0, 0.7421401956979488)	(44.0, 0.7422896775843877)	(45.0, 0.7539492647266285)	(46.0, 0.7310224803940492)	(47.0, 0.7160556065143459)	(48.0, 0.6979869834910336)	(49.0, 0.7270238399318064)	(50.0, 0.7658330746985277)	(51.0, 0.7523049639757996)	(52.0, 0.7419159728682903)	(53.0, 0.737674424340584)	(54.0, 0.7209324530594178)	(55.0, 0.7245573888055632)	(56.0, 0.7286494554468304)	(57.0, 0.7812110237659382)	(58.0, 0.8810836091429849)	(59.0, 0.9951756589675398)	(60.0, 1.0538286141590363)	(61.0, 1.0677678000694717)	(62.0, 1.0202886158892892)	(63.0, 0.8134243702935395)	(64.0, 0.6010292948995472)	(65.0, 0.4844334234771393)	(66.0, 0.4593765222628045)	(67.0, 0.4673551179514852)	(68.0, 0.4499591634171484)	(69.0, 0.4464276538500274)	(70.0, 0.5078833944122549)	(71.0, 0.5710021209611161)	(72.0, 0.5669661100272636)	(73.0, 0.5322115714301997)	(74.0, 0.4700084214357772)	(75.0, 0.39558512722496786)	(76.0, 0.33465257326527675)	(77.0, 0.288088965639533)	(78.0, 0.2620978026349546)	(79.0, 0.26452688328958807)	(80.0, 0.2794377014618768)	(81.0, 0.2781110497197308)	(82.0, 0.25550191439583436)	(83.0, 0.22369964305594042)	(84.0, 0.1983998337761423)	(85.0, 0.17711735019439184)	(86.0, 0.14611854399410742)	(87.0, 0.11291487996884797)	(88.0, 0.08608288135305024)	(89.0, 0.06431458164037311)	(90.0, 0.04789025936788969)	(91.0, 0.03157804851023549)	(92.0, 0.019993202311214188)	(93.0, 0.012612534168289323)	(94.0, 0.008408356112192882)	(95.0, 0.006633258710729941)	(96.0, 0.006409035881071464)	(97.0, 0.007380668142924863)	(98.0, 0.007156445313266388)	(99.0, 0.0045218270647792835)	(100.0, 0.0016629859866337034)
SRR22894987_2	(0.0, 43.203360571360896)	(1.0, 21.710844955802735)	(2.0, 0.19198710065316607)	(3.0, 0.13062942010634065)	(4.0, 0.08168371700387769)	(5.0, 0.06788630476832494)	(6.0, 0.09183724595301213)	(7.0, 0.08769992013822464)	(8.0, 0.05266550062401501)	(9.0, 0.03795711756685767)	(10.0, 0.027765631500156384)	(11.0, 0.024937826241425484)	(12.0, 0.023780134155636328)	(13.0, 0.02163555701310887)	(14.0, 0.020591736280020284)	(15.0, 0.021028243132039146)	(16.0, 0.022375720805662594)	(17.0, 0.024368469477922622)	(18.0, 0.0258677756218135)	(19.0, 0.028012352764340956)	(20.0, 0.029568594584582122)	(21.0, 0.037311846568221084)	(22.0, 0.050046459511901835)	(23.0, 0.06910093253046438)	(24.0, 0.09227375280503099)	(25.0, 0.11973572736465252)	(26.0, 0.16055860730780794)	(27.0, 0.20870721094136688)	(28.0, 0.26182819697618415)	(29.0, 0.31048922169689575)	(30.0, 0.3647109641411519)	(31.0, 0.4131632247152457)	(32.0, 0.4504750712834668)	(33.0, 0.4924366647536279)	(34.0, 0.5270155988570353)	(35.0, 0.5711597265872908)	(36.0, 0.6210543576289251)	(37.0, 0.6671532769138738)	(38.0, 0.7224188400912186)	(39.0, 0.7454018747779508)	(40.0, 0.734963667447065)	(41.0, 0.7426499837543536)	(42.0, 0.7591613298959368)	(43.0, 0.7496340933866555)	(44.0, 0.7547203471406144)	(45.0, 0.7744770268341639)	(46.0, 0.7702258296666759)	(47.0, 0.7550809397574996)	(48.0, 0.7310161272201119)	(49.0, 0.7240699747053768)	(50.0, 0.7198187775378888)	(51.0, 0.7158522587521522)	(52.0, 0.7699411512849244)	(53.0, 0.8478860922084666)	(54.0, 0.8425531171903231)	(55.0, 0.7526516842332207)	(56.0, 0.7004796261375748)	(57.0, 0.7480778515664143)	(58.0, 0.863486467528445)	(59.0, 1.0156565518539775)	(60.0, 1.1007184523213054)	(61.0, 1.1399281547678695)	(62.0, 1.1030717936104506)	(63.0, 0.9283741600089882)	(64.0, 0.7372410945010764)	(65.0, 0.5954522818300796)	(66.0, 0.5258199496536793)	(67.0, 0.4783355955775403)	(68.0, 0.42937091391629395)	(69.0, 0.40661562193496276)	(70.0, 0.4104492908092154)	(71.0, 0.4043761519985182)	(72.0, 0.3661533346086925)	(73.0, 0.32460926943176677)	(74.0, 0.2941107254667967)	(75.0, 0.2646939593524819)	(76.0, 0.23468885791588096)	(77.0, 0.2037158499813251)	(78.0, 0.17410929827917612)	(79.0, 0.16200097777534853)	(80.0, 0.1631017341847874)	(81.0, 0.1638988336536914)	(82.0, 0.15792058763691133)	(83.0, 0.14357279719663912)	(84.0, 0.13180609075091326)	(85.0, 0.11726851472280675)	(86.0, 0.0997133478481351)	(87.0, 0.08929411907603267)	(88.0, 0.0802413465363371)	(89.0, 0.07111265976150784)	(90.0, 0.057296268967171646)	(91.0, 0.037008189627686226)	(92.0, 0.023685241361719185)	(93.0, 0.016663174611850514)	(94.0, 0.011956492033560166)	(95.0, 0.009963743361300138)	(96.0, 0.008141801718090971)	(97.0, 0.006547602780282948)	(98.0, 0.00586437466407951)	(99.0, 0.005560717723544648)	(100.0, 0.03161827893319243)
SRR22894988_1	(0.0, 27.48445779036764)	(1.0, 13.75656857979857)	(2.0, 0.021271310663054873)	(3.0, 0.010995315173656383)	(4.0, 0.008043301923974636)	(5.0, 0.006501902600564862)	(6.0, 0.0046055143420667775)	(7.0, 0.0038861946578088833)	(8.0, 0.0036713329339396416)	(9.0, 0.003503180280476757)	(10.0, 0.0035965984212894707)	(11.0, 0.00386751102964634)	(12.0, 0.004306576291466094)	(13.0, 0.005091288674292887)	(14.0, 0.006034811896501294)	(15.0, 0.007716338431130137)	(16.0, 0.009285763196783725)	(17.0, 0.012116332863408946)	(18.0, 0.018188512016235326)	(19.0, 0.026904424554061498)	(20.0, 0.03789039791363661)	(21.0, 0.05584536457784015)	(22.0, 0.08380541412308531)	(23.0, 0.11774422468034415)	(24.0, 0.1625382232000403)	(25.0, 0.22363368729155494)	(26.0, 0.3031325251231742)	(27.0, 0.4023332488521947)	(28.0, 0.5182184525303658)	(29.0, 0.6433707357771581)	(30.0, 0.7807794790985785)	(31.0, 0.921289704694981)	(32.0, 1.049534128402674)	(33.0, 1.1640460854108983)	(34.0, 1.2768017813718435)	(35.0, 1.4057842083919572)	(36.0, 1.5275827803835729)	(37.0, 1.6256624864228408)	(38.0, 1.6879630445308398)	(39.0, 1.73793240805156)	(40.0, 1.7700775903052148)	(41.0, 1.841701278866322)	(42.0, 1.9278421465097253)	(43.0, 1.9019466378764411)	(44.0, 1.865681715612946)	(45.0, 1.842514016691393)	(46.0, 1.8265021473560936)	(47.0, 1.7860427505701075)	(48.0, 1.703638608559213)	(49.0, 1.708216097459036)	(50.0, 1.72690906743566)	(51.0, 1.6807978731305044)	(52.0, 1.652959267168316)	(53.0, 1.5980107167422777)	(54.0, 1.534841369924721)	(55.0, 1.4908601092300955)	(56.0, 1.3842233014923828)	(57.0, 1.281977146372868)	(58.0, 1.2095313781726085)	(59.0, 1.1550312348224714)	(60.0, 1.1746957534635478)	(61.0, 1.2110727774960184)	(62.0, 1.2001615386490934)	(63.0, 1.0228258819443192)	(64.0, 0.7519319572156126)	(65.0, 0.598716864468681)	(66.0, 0.5416103549898693)	(67.0, 0.5079798242972924)	(68.0, 0.4234737741181117)	(69.0, 0.32741189992039843)	(70.0, 0.27695676206745184)	(71.0, 0.24373727119445088)	(72.0, 0.21198444513220957)	(73.0, 0.18942396412593923)	(74.0, 0.16110892564560575)	(75.0, 0.13001936838313471)	(76.0, 0.11042024244062741)	(77.0, 0.09520242730223637)	(78.0, 0.08256295285027622)	(79.0, 0.07945212876121287)	(80.0, 0.087822394178032)	(81.0, 0.09578161977527519)	(82.0, 0.08920498266206014)	(83.0, 0.07111923060071881)	(84.0, 0.0589281632246597)	(85.0, 0.056191011698847194)	(86.0, 0.052753224116939335)	(87.0, 0.04169251624471405)	(88.0, 0.027791896891782276)	(89.0, 0.01842205736826711)	(90.0, 0.012826310733585568)	(91.0, 0.008454341743550576)	(92.0, 0.006249673620370536)	(93.0, 0.004558805271660421)	(94.0, 0.00317621678763226)	(95.0, 0.002559657058268351)	(96.0, 0.0021019081682860544)	(97.0, 0.001578766579734859)	(98.0, 0.0012050940164840046)	(99.0, 0.0007566869405829796)	(100.0, 0.00027091260835686927)
SRR22894988_2	(0.0, 27.485531812961707)	(1.0, 13.751056594295989)	(2.0, 0.014970078111394431)	(3.0, 0.011691275020663486)	(4.0, 0.009349272812998523)	(5.0, 0.009040128521586751)	(6.0, 0.014539149705184077)	(7.0, 0.016141079215226912)	(8.0, 0.010548377943322985)	(9.0, 0.008609200115376397)	(10.0, 0.008478047991747159)	(11.0, 0.008515520027069798)	(12.0, 0.00958347303376502)	(13.0, 0.01014555356360461)	(14.0, 0.010960570331872017)	(15.0, 0.012787332053850686)	(16.0, 0.01562583872954062)	(17.0, 0.021312220089751147)	(18.0, 0.028619266977665824)	(19.0, 0.036507130413081415)	(20.0, 0.048779221981245804)	(21.0, 0.06917337720559229)	(22.0, 0.09841093276608166)	(23.0, 0.13648252065388328)	(24.0, 0.18646084776545352)	(25.0, 0.25513772050302086)	(26.0, 0.3424194587782786)	(27.0, 0.4546294685519222)	(28.0, 0.5812755799336127)	(29.0, 0.709027116357321)	(30.0, 0.8377154536640952)	(31.0, 0.9683429687988162)	(32.0, 1.101256278088218)	(33.0, 1.211639526139883)	(34.0, 1.3024998437884527)	(35.0, 1.4111031701622923)	(36.0, 1.5388921786213232)	(37.0, 1.6552615843157796)	(38.0, 1.7372597656105455)	(39.0, 1.7626283335239725)	(40.0, 1.7565297597752125)	(41.0, 1.7717246700985432)	(42.0, 1.7928588980205118)	(43.0, 1.7938893789918844)	(44.0, 1.7907792000601053)	(45.0, 1.783593937286989)	(46.0, 1.7830131207394881)	(47.0, 1.7764274105315343)	(48.0, 1.7038815501469045)	(49.0, 1.6285346551219073)	(50.0, 1.5808514901738489)	(51.0, 1.5469861382510135)	(52.0, 1.5204934092779072)	(53.0, 1.5323533084575227)	(54.0, 1.6032222952614645)	(55.0, 1.591418604134833)	(56.0, 1.4397599091752806)	(57.0, 1.2702083173491683)	(58.0, 1.1833387714624595)	(59.0, 1.1665138276025944)	(60.0, 1.1773338778020066)	(61.0, 1.1873014391978287)	(62.0, 1.1602278936772217)	(63.0, 1.0641121230746518)	(64.0, 0.9045280926443612)	(65.0, 0.735051444888894)	(66.0, 0.6103257753174889)	(67.0, 0.5141256926354429)	(68.0, 0.42118567702646664)	(69.0, 0.34045217692384006)	(70.0, 0.2795039114715671)	(71.0, 0.2333852039982287)	(72.0, 0.19532298411925772)	(73.0, 0.16401509860719254)	(74.0, 0.1385715866231204)	(75.0, 0.11739988666582916)	(76.0, 0.10386311390552569)	(77.0, 0.08987667672135055)	(78.0, 0.07356697334717176)	(79.0, 0.06135108983199132)	(80.0, 0.053238394184639895)	(81.0, 0.04808598932777698)	(82.0, 0.04443246588381964)	(83.0, 0.04141596704034717)	(84.0, 0.03917701292981947)	(85.0, 0.036263562183484255)	(86.0, 0.03335011143714905)	(87.0, 0.03187933405073545)	(88.0, 0.029340603657626634)	(89.0, 0.025040687604353764)	(90.0, 0.020684563498096935)	(91.0, 0.015925615012121735)	(92.0, 0.013255732495383678)	(93.0, 0.0119910513032446)	(94.0, 0.010960570331872017)	(95.0, 0.010698266084613542)	(96.0, 0.010501537899169685)	(97.0, 0.010211129625419231)	(98.0, 0.008740352239005635)	(99.0, 0.0058643735279930624)	(100.0, 0.008656040159529695)
SRR22894989_1	(0.0, 23.36285777669012)	(1.0, 11.694783062788229)	(2.0, 0.019438436163770022)	(3.0, 0.00982842277943428)	(4.0, 0.007342715854265187)	(5.0, 0.006219467536615554)	(6.0, 0.0043577874545851466)	(7.0, 0.0033489440581776064)	(8.0, 0.003265740479092449)	(9.0, 0.00340094629510583)	(10.0, 0.00340094629510583)	(11.0, 0.0034737494268053436)	(12.0, 0.004243382533343054)	(13.0, 0.004909011166024318)	(14.0, 0.0058970536676605685)	(15.0, 0.00789393956570436)	(16.0, 0.01022363978008878)	(17.0, 0.013884597259835728)	(18.0, 0.020894498797760286)	(19.0, 0.03153415647327485)	(20.0, 0.04433710720500353)	(21.0, 0.06283950310406552)	(22.0, 0.09367682960250218)	(23.0, 0.1336665498003062)	(24.0, 0.18511756301709076)	(25.0, 0.25422853589470007)	(26.0, 0.34558606573020345)	(27.0, 0.4598765820510535)	(28.0, 0.5879060893683402)	(29.0, 0.7290297599441538)	(30.0, 0.8804706743265268)	(31.0, 1.0326916222628233)	(32.0, 1.1737320892595515)	(33.0, 1.30001432141605)	(34.0, 1.4334936631634145)	(35.0, 1.5848409735193167)	(36.0, 1.718736333162107)	(37.0, 1.820182296961686)	(38.0, 1.8879100103370048)	(39.0, 1.9404634709766677)	(40.0, 1.9710303858430773)	(41.0, 2.0474632736801808)	(42.0, 2.1407136849398714)	(43.0, 2.1128404859463434)	(44.0, 2.071925125931217)	(45.0, 2.0424086562507573)	(46.0, 2.01825881742129)	(47.0, 1.976865036826424)	(48.0, 1.8815865383265327)	(49.0, 1.8829905987235946)	(50.0, 1.9076812608171154)	(51.0, 1.8532141178584938)	(52.0, 1.8220023752541739)	(53.0, 1.7486792211853786)	(54.0, 1.6650908255469516)	(55.0, 1.6084603895321161)	(56.0, 1.500430942537424)	(57.0, 1.4121727460228428)	(58.0, 1.3381215606370522)	(59.0, 1.2708514669467021)	(60.0, 1.2997335093366376)	(61.0, 1.3354278447641703)	(62.0, 1.303758482474882)	(63.0, 1.1078140537293353)	(64.0, 0.8156654866665743)	(65.0, 0.6544689526364666)	(66.0, 0.5942191609314266)	(67.0, 0.5577551923973562)	(68.0, 0.46269510329256325)	(69.0, 0.353240795006038)	(70.0, 0.29581992498989335)	(71.0, 0.26043760298393)	(72.0, 0.2255545024524775)	(73.0, 0.1993765763828097)	(74.0, 0.17159698141575258)	(75.0, 0.13917878691469793)	(76.0, 0.11751465501039993)	(77.0, 0.10136276022049365)	(78.0, 0.08952705109562993)	(79.0, 0.08743656117111534)	(80.0, 0.09570491684270291)	(81.0, 0.10288122553879778)	(82.0, 0.09411364839269926)	(83.0, 0.07409278717533313)	(84.0, 0.06125863510144752)	(85.0, 0.057961693280198144)	(86.0, 0.05281347182430399)	(87.0, 0.04076975375172739)	(88.0, 0.026905957386662946)	(89.0, 0.017181539081085113)	(90.0, 0.011970914940877096)	(91.0, 0.00789393956570436)	(92.0, 0.005938655457203147)	(93.0, 0.004836208034324805)	(94.0, 0.003494550321576633)	(95.0, 0.002288098424841843)	(96.0, 0.0015912684500036455)	(97.0, 0.0011440492124209214)	(98.0, 0.0007384317643807766)	(99.0, 0.0006136263957530398)	(100.0, 0.0004368187901970791)
SRR22894989_2	(0.0, 23.46775682876387)	(1.0, 11.741997101034816)	(2.0, 0.014278049697618006)	(3.0, 0.010421934085852558)	(4.0, 0.007899826037076238)	(5.0, 0.007712231223530893)	(6.0, 0.011234844944549058)	(7.0, 0.01222492868270505)	(8.0, 0.00953606968855509)	(9.0, 0.008493876279969835)	(10.0, 0.008295859532338636)	(11.0, 0.009129614259206841)	(12.0, 0.01018222960187795)	(13.0, 0.010901343053801776)	(14.0, 0.0118184732533568)	(15.0, 0.01393412587278487)	(16.0, 0.016570875196505568)	(17.0, 0.02087513397396267)	(18.0, 0.02803500269094338)	(19.0, 0.03914478442646221)	(20.0, 0.05423574498277671)	(21.0, 0.0773932825215411)	(22.0, 0.11184819660936965)	(23.0, 0.15509922306565777)	(24.0, 0.21432707447555785)	(25.0, 0.29372136834158263)	(26.0, 0.3942721884018881)	(27.0, 0.52448383287053)	(28.0, 0.6629079613988237)	(29.0, 0.8026556755560206)	(30.0, 0.9500114015958899)	(31.0, 1.099013793221324)	(32.0, 1.246244456052163)	(33.0, 1.364637627267448)	(34.0, 1.464458911941744)	(35.0, 1.5911062549530242)	(36.0, 1.732625697904816)	(37.0, 1.8575117340555873)	(38.0, 1.9449309171677185)	(39.0, 1.9661291310983426)	(40.0, 1.9551027248355106)	(41.0, 1.9745396319056256)	(42.0, 1.9902559085070912)	(43.0, 1.9827104282289338)	(44.0, 1.9860246032682352)	(45.0, 1.965472549250934)	(46.0, 1.9635861791813944)	(47.0, 1.9609494298576737)	(48.0, 1.8728111332936188)	(49.0, 1.7904049004767826)	(50.0, 1.7363984380438946)	(51.0, 1.7029648734964795)	(52.0, 1.6686662884199388)	(53.0, 1.6927201122900866)	(54.0, 1.7541574137261873)	(55.0, 1.6836321857672234)	(56.0, 1.5153909038193052)	(57.0, 1.3602083052809608)	(58.0, 1.2869108428551597)	(59.0, 1.2734352820821522)	(60.0, 1.2938935386926809)	(61.0, 1.3136431037853715)	(62.0, 1.2683910659845996)	(63.0, 1.1575016873111286)	(64.0, 0.9738150990479773)	(65.0, 0.784604885719324)	(66.0, 0.6587496096985686)	(67.0, 0.5547595513899317)	(68.0, 0.45235362706234444)	(69.0, 0.3630689177488456)	(70.0, 0.29885938184590793)	(71.0, 0.2515125352938798)	(72.0, 0.21156526194280692)	(73.0, 0.17773566390012951)	(74.0, 0.14967981734101443)	(75.0, 0.1261991998455886)	(76.0, 0.11224423010463204)	(77.0, 0.09754930304357994)	(78.0, 0.0786230707436717)	(79.0, 0.06518919770700776)	(80.0, 0.05811270446271387)	(81.0, 0.05341241218999435)	(82.0, 0.04738853428837158)	(83.0, 0.04214630144318774)	(84.0, 0.039280269569578294)	(85.0, 0.03674773958671612)	(86.0, 0.03426731927428321)	(87.0, 0.03124495838938597)	(88.0, 0.027232513766332733)	(89.0, 0.02347019556133996)	(90.0, 0.02034361533558419)	(91.0, 0.016122732030813908)	(92.0, 0.01303783954140155)	(93.0, 0.012193662880447492)	(94.0, 0.011641300373897307)	(95.0, 0.011036828196917859)	(96.0, 0.0112035791422915)	(97.0, 0.011026406262832007)	(98.0, 0.008733580763944444)	(99.0, 0.005544468933673561)	(100.0, 0.011474549428523667)
SRR22894990_1	(0.0, 22.929984688140276)	(1.0, 11.478538611878587)	(2.0, 0.019496497593468033)	(3.0, 0.010137789208191918)	(4.0, 0.008375118846344908)	(5.0, 0.0068364342210861925)	(6.0, 0.00468422344778128)	(7.0, 0.003924619645438369)	(8.0, 0.0036811568882771806)	(9.0, 0.003632464336844943)	(10.0, 0.003983050707157055)	(11.0, 0.00432389856718272)	(12.0, 0.004723177488927071)	(13.0, 0.005132194920957868)	(14.0, 0.005852844682154988)	(15.0, 0.00781028524973095)	(16.0, 0.010624714722514297)	(17.0, 0.014179270977067657)	(18.0, 0.020002900128363303)	(19.0, 0.03080290803603366)	(20.0, 0.043141600568962726)	(21.0, 0.0626673136932901)	(22.0, 0.0953010616631759)	(23.0, 0.13361236113006064)	(24.0, 0.18649247198547092)	(25.0, 0.25706745603135644)	(26.0, 0.34815174274050054)	(27.0, 0.4616053875776147)	(28.0, 0.5914002526753879)	(29.0, 0.7318393095162482)	(30.0, 0.8817247213349628)	(31.0, 1.0347459334659133)	(32.0, 1.1817682232604123)	(33.0, 1.3138224227446413)	(34.0, 1.446324593702047)	(35.0, 1.5865494033166054)	(36.0, 1.7121469704809198)	(37.0, 1.83465742988443)	(38.0, 1.9035086976096145)	(39.0, 1.942618554919988)	(40.0, 1.9844551951105665)	(41.0, 2.0809930475801215)	(42.0, 2.182039830312301)	(43.0, 2.1409141013726334)	(44.0, 2.0983373344002847)	(45.0, 2.0727445293675)	(46.0, 2.0497032140297655)	(47.0, 2.004312017584633)	(48.0, 1.9065568513292726)	(49.0, 1.9226935628739161)	(50.0, 1.9442546246481112)	(51.0, 1.8811977705433631)	(52.0, 1.850102707198736)	(53.0, 1.7758952588160057)	(54.0, 1.7008502985486407)	(55.0, 1.6522356551986945)	(56.0, 1.5323351165519519)	(57.0, 1.4200306159286384)	(58.0, 1.3370292927572458)	(59.0, 1.283048730239467)	(60.0, 1.3209802278051803)	(61.0, 1.3571198394781872)	(62.0, 1.3328806873752193)	(63.0, 1.120250053780923)	(64.0, 0.8126105138320443)	(65.0, 0.6559763143848217)	(66.0, 0.5944094523539002)	(67.0, 0.5569064492407907)	(68.0, 0.4575833828293119)	(69.0, 0.34982676650976957)	(70.0, 0.2934797459923839)	(71.0, 0.25373688551339135)	(72.0, 0.21923334356850765)	(73.0, 0.19369896959744212)	(74.0, 0.1647269014952606)	(75.0, 0.1328138032865719)	(76.0, 0.11282064166849508)	(77.0, 0.09727797925132475)	(78.0, 0.08562098243844701)	(79.0, 0.08594235327789979)	(80.0, 0.09649889842840895)	(81.0, 0.10286788415574566)	(82.0, 0.09220421539208558)	(83.0, 0.07034125979901078)	(84.0, 0.05866478596556015)	(85.0, 0.057184532402020115)	(86.0, 0.05277298724225937)	(87.0, 0.04116468298081387)	(88.0, 0.027170443699188713)	(89.0, 0.017013177470423902)	(90.0, 0.011676473833450633)	(91.0, 0.007975839924600558)	(92.0, 0.006008660846738149)	(93.0, 0.004557622814057461)	(94.0, 0.003077369250517432)	(95.0, 0.0020645641807268845)	(96.0, 0.0015679001561180585)	(97.0, 0.001353652929816212)	(98.0, 0.0011783597446601557)	(99.0, 0.0007596038023429103)	(100.0, 0.00039927892174435026)
SRR22894990_2	(0.0, 22.917300607264217)	(1.0, 11.46748110633156)	(2.0, 0.014994781132364842)	(3.0, 0.010940817503745032)	(4.0, 0.008879645634735922)	(5.0, 0.008918719982963584)	(6.0, 0.013539261660884476)	(7.0, 0.01416445123252705)	(8.0, 0.009612289664004564)	(9.0, 0.007980935625499725)	(10.0, 0.007463200511483218)	(11.0, 0.007932092690215149)	(12.0, 0.008498670739516231)	(13.0, 0.009094554549988058)	(14.0, 0.010169099126248731)	(15.0, 0.011614850010672181)	(16.0, 0.014477046018348337)	(17.0, 0.02064102445126183)	(18.0, 0.02863172866381847)	(19.0, 0.03824401832782304)	(20.0, 0.052457312495634664)	(21.0, 0.07456362500543377)	(22.0, 0.10917372894808436)	(23.0, 0.15413853517106504)	(24.0, 0.21232023968205202)	(25.0, 0.29303807453334235)	(26.0, 0.3913002917388524)	(27.0, 0.5129778121197883)	(28.0, 0.6549935307532215)	(29.0, 0.8022061377009337)	(30.0, 0.9506593552048741)	(31.0, 1.096064773547057)	(32.0, 1.2377288230464414)	(33.0, 1.3577554522147584)	(34.0, 1.457111751170643)	(35.0, 1.5833023587718738)	(36.0, 1.7243705244607863)	(37.0, 1.8525441552345707)	(38.0, 1.942239321591166)	(39.0, 1.970577992643277)	(40.0, 1.9698453486140084)	(41.0, 1.9851722617063083)	(42.0, 2.008577796294677)	(43.0, 2.0031464618910326)	(44.0, 2.002833867105211)	(45.0, 1.9948333943055976)	(46.0, 2.001261124589048)	(47.0, 1.9978421191191273)	(48.0, 1.9041711378303676)	(49.0, 1.8211967593689298)	(50.0, 1.7735748974664682)	(51.0, 1.7422958817102256)	(52.0, 1.7103526020341129)	(53.0, 1.736620332630158)	(54.0, 1.8080482411903218)	(55.0, 1.758482430463534)	(56.0, 1.5808895177688156)	(57.0, 1.403218456377642)	(58.0, 1.327853807233541)	(59.0, 1.3152425613430636)	(60.0, 1.322100109457018)	(61.0, 1.329348401053249)	(62.0, 1.2965943286514123)	(63.0, 1.1948447258665835)	(64.0, 1.0079716554677958)	(65.0, 0.805527457300285)	(66.0, 0.6689919160057811)	(67.0, 0.5651127612425447)	(68.0, 0.4598660042913403)	(69.0, 0.3688520786820613)	(70.0, 0.3011948447258666)	(71.0, 0.24879614375257342)	(72.0, 0.2068400623431226)	(73.0, 0.1725523217733502)	(74.0, 0.14611852519733767)	(75.0, 0.12365077496643269)	(76.0, 0.10780612676011624)	(77.0, 0.0944915426015408)	(78.0, 0.07599960730280031)	(79.0, 0.06191330476672858)	(80.0, 0.05645266460191298)	(81.0, 0.0519005030333905)	(82.0, 0.04680130058968076)	(83.0, 0.04268872543871945)	(84.0, 0.03991444671455553)	(85.0, 0.038673836158327306)	(86.0, 0.036944796249253314)	(87.0, 0.03396537719689418)	(88.0, 0.028739183121444536)	(89.0, 0.023893963941214597)	(90.0, 0.02067033021243258)	(91.0, 0.016704283867325004)	(92.0, 0.014418434496006846)	(93.0, 0.013246204049177023)	(94.0, 0.01255263436813604)	(95.0, 0.011605081423615266)	(96.0, 0.011575775662444521)	(97.0, 0.011116652070769506)	(98.0, 0.008752654002996026)	(99.0, 0.006222589955254988)	(100.0, 0.009026174440589651)
SRR22894991_1	(0.0, 19.781081892532377)	(1.0, 9.903241158043047)	(2.0, 0.019011698428781882)	(3.0, 0.01023961470801485)	(4.0, 0.007889358314903682)	(5.0, 0.006631474611548409)	(6.0, 0.004821887529528544)	(7.0, 0.004137775339984448)	(8.0, 0.004104673137264573)	(9.0, 0.003641242299186315)	(10.0, 0.0033984928125738935)	(11.0, 0.004126741272411157)	(12.0, 0.004788785326808668)	(13.0, 0.0050425688809943815)	(14.0, 0.00622321411133661)	(15.0, 0.008341755085408648)	(16.0, 0.010813386221826026)	(17.0, 0.01575664849466078)	(18.0, 0.023314984782365704)	(19.0, 0.033620803895820305)	(20.0, 0.04832921597101836)	(21.0, 0.0695697960496052)	(22.0, 0.10390781433768947)	(23.0, 0.14759168786035196)	(24.0, 0.20446127213309823)	(25.0, 0.28118114397019656)	(26.0, 0.3800905256971848)	(27.0, 0.5046210123293567)	(28.0, 0.6432089010499026)	(29.0, 0.794905262047519)	(30.0, 0.9677649646507094)	(31.0, 1.1425445950116524)	(32.0, 1.2955098737801976)	(33.0, 1.4298275783498795)	(34.0, 1.570070577206419)	(35.0, 1.724922681529997)	(36.0, 1.8635105702505428)	(37.0, 1.9855032213408577)	(38.0, 2.055701959242141)	(39.0, 2.10018028563008)	(40.0, 2.1490060346418964)	(41.0, 2.2375875291202836)	(42.0, 2.335437640360236)	(43.0, 2.293320604432981)	(44.0, 2.252505588479374)	(45.0, 2.232125665671504)	(46.0, 2.1962649460583057)	(47.0, 2.141646311570511)	(48.0, 2.037804701638261)	(49.0, 2.058670123419356)	(50.0, 2.0857035889739213)	(51.0, 2.00706378937907)	(52.0, 1.960897250652417)	(53.0, 1.883625675436654)	(54.0, 1.7971406537971923)	(55.0, 1.73827390329368)	(56.0, 1.6182122140286914)	(57.0, 1.5122520631223697)	(58.0, 1.4256677348747484)	(59.0, 1.3601253734893948)	(60.0, 1.3960964337783262)	(61.0, 1.4353004758662322)	(62.0, 1.4088738840281982)	(63.0, 1.184860244155227)	(64.0, 0.8641550701374989)	(65.0, 0.7027376956078122)	(66.0, 0.6374711859117907)	(67.0, 0.5915694648068966)	(68.0, 0.48712098115811586)	(69.0, 0.37295148397726496)	(70.0, 0.31440472143337833)	(71.0, 0.2731704109119866)	(72.0, 0.2333484610399763)	(73.0, 0.2037881940111274)	(74.0, 0.17500031171240896)	(75.0, 0.1429242772768495)	(76.0, 0.12032650688674777)	(77.0, 0.10258372622889445)	(78.0, 0.09096485307421812)	(79.0, 0.08978420784387589)	(80.0, 0.09657015940145039)	(81.0, 0.10381954179710315)	(82.0, 0.09717703311798143)	(83.0, 0.07663159929651199)	(84.0, 0.06320313905981578)	(85.0, 0.06019083861230711)	(86.0, 0.053934522298250624)	(87.0, 0.04132258306197803)	(88.0, 0.02690105674368556)	(89.0, 0.016683510170817296)	(90.0, 0.011629907222249623)	(91.0, 0.007911426450050265)	(92.0, 0.005726681070538477)	(93.0, 0.003983298393958362)	(94.0, 0.002813687231189425)	(95.0, 0.00212957504164533)	(96.0, 0.0016330420008471955)	(97.0, 0.0012358155682086886)	(98.0, 0.0008827254058633491)	(99.0, 0.0007613506625571385)	(100.0, 0.00046343083807825824)
SRR22894991_2	(0.0, 19.83815257583051)	(1.0, 9.927285154221032)	(2.0, 0.014470616075416248)	(3.0, 0.011284425379911754)	(4.0, 0.00891690868255772)	(5.0, 0.00829737160287629)	(6.0, 0.012224794161571066)	(7.0, 0.01349705780734543)	(8.0, 0.010023224896274557)	(9.0, 0.008684582277677183)	(10.0, 0.008208866305778943)	(11.0, 0.008186739981504605)	(12.0, 0.008828403385460372)	(13.0, 0.009492193113690475)	(14.0, 0.010620635651681651)	(15.0, 0.012479246890725939)	(16.0, 0.016218595693088853)	(17.0, 0.02180549257235889)	(18.0, 0.029549706068376758)	(19.0, 0.04115496315026639)	(20.0, 0.05853519086775793)	(21.0, 0.08462212718720098)	(22.0, 0.12057740413299824)	(23.0, 0.16761796954023822)	(24.0, 0.23325571050005822)	(25.0, 0.3224026710013611)	(26.0, 0.43488184044995204)	(27.0, 0.5724965142741897)	(28.0, 0.7265178575478479)	(29.0, 0.8882723511553869)	(30.0, 1.0474491279849656)	(31.0, 1.2049996199803805)	(32.0, 1.3640657651885875)	(33.0, 1.4921108037641744)	(34.0, 1.5923541158890573)	(35.0, 1.7349804021614321)	(36.0, 1.892508767832573)	(37.0, 2.022799628322005)	(38.0, 2.114535368763405)	(39.0, 2.1379339566835163)	(40.0, 2.1259857415753745)	(41.0, 2.1359868401473747)	(42.0, 2.1548495315912466)	(43.0, 2.1458109281251803)	(44.0, 2.150789351086906)	(45.0, 2.1458441176115914)	(46.0, 2.1571949219643267)	(47.0, 2.135422618878379)	(48.0, 2.0207971959751774)	(49.0, 1.9379341115677862)	(50.0, 1.87892320472813)	(51.0, 1.8559782064556427)	(52.0, 1.8197574136185537)	(53.0, 1.8410540007326024)	(54.0, 1.9091809531732853)	(55.0, 1.8197906031049649)	(56.0, 1.6321040574479033)	(57.0, 1.468623710546966)	(58.0, 1.3977309675719911)	(59.0, 1.386634615948411)	(60.0, 1.4132636472125755)	(61.0, 1.4199126076570137)	(62.0, 1.3586116262549637)	(63.0, 1.2438313190818415)	(64.0, 1.0473606226878682)	(65.0, 0.8402914169664875)	(66.0, 0.700309226444896)	(67.0, 0.5916136584472166)	(68.0, 0.47873621516168763)	(69.0, 0.3792562612242694)	(70.0, 0.31206967756524584)	(71.0, 0.26276116391988635)	(72.0, 0.218785094424642)	(73.0, 0.18051761659217655)	(74.0, 0.1531362903026848)	(75.0, 0.13122016610895423)	(76.0, 0.11463648606533881)	(77.0, 0.09938038547818362)	(78.0, 0.08119254692467878)	(79.0, 0.06689894144345723)	(80.0, 0.05924323324453671)	(81.0, 0.05462989463333749)	(82.0, 0.048644723917129394)	(83.0, 0.04433009068363372)	(84.0, 0.04285869011939032)	(85.0, 0.039993331125863715)	(86.0, 0.03679607726822205)	(87.0, 0.03297928633089896)	(88.0, 0.027713221153606804)	(89.0, 0.0240070618376554)	(90.0, 0.020444723629487176)	(91.0, 0.016218595693088853)	(92.0, 0.01445955291327908)	(93.0, 0.01378470002291181)	(94.0, 0.013618752590854283)	(95.0, 0.013109847132544537)	(96.0, 0.012434994242177264)	(97.0, 0.011605257081889636)	(98.0, 0.009093919276752413)	(99.0, 0.006062612851168275)	(100.0, 0.011494625460517953)
SRR22894992_1	(0.0, 57.892455106674745)	(1.0, 28.9919489787337)	(2.0, 0.06600773351136771)	(3.0, 0.0311674581530535)	(4.0, 0.02080118903166346)	(5.0, 0.01592698302094364)	(6.0, 0.010537896093598486)	(7.0, 0.008615674004863908)	(8.0, 0.007448610593846486)	(9.0, 0.0070710312549879095)	(10.0, 0.007345634410521419)	(11.0, 0.008306745454888707)	(12.0, 0.009302181893697685)	(13.0, 0.009336507288139374)	(14.0, 0.009645435838114575)	(15.0, 0.009885713599206397)	(16.0, 0.01129305477131564)	(17.0, 0.012631745154541508)	(18.0, 0.012151189632357862)	(19.0, 0.012357141999007996)	(20.0, 0.013386903832258662)	(21.0, 0.013627181593350485)	(22.0, 0.01345555462114204)	(23.0, 0.01403908632665075)	(24.0, 0.015446427498759996)	(25.0, 0.015824006837618573)	(26.0, 0.016888094065310926)	(27.0, 0.01767757813746977)	(28.0, 0.018570038392953684)	(29.0, 0.022483133359306216)	(30.0, 0.027597617131117854)	(31.0, 0.030721228025311544)	(32.0, 0.0330210294529047)	(33.0, 0.0370371006025823)	(34.0, 0.04091587017449314)	(35.0, 0.04757499669618079)	(36.0, 0.05437142479563518)	(37.0, 0.06037836882293074)	(38.0, 0.07177439977757144)	(39.0, 0.08711785109300636)	(40.0, 0.11347975402422343)	(41.0, 0.1361345143557381)	(42.0, 0.15381209249320787)	(43.0, 0.16441863937568973)	(44.0, 0.15329721157658255)	(45.0, 0.15453292577648334)	(46.0, 0.18278272540199328)	(47.0, 0.23348133299236776)	(48.0, 0.27350474291137694)	(49.0, 0.30309323292011275)	(50.0, 0.31037021654175084)	(51.0, 0.3208737872409076)	(52.0, 0.3703023552369396)	(53.0, 0.4095019556893483)	(54.0, 0.42124124058840595)	(55.0, 0.46377040430165845)	(56.0, 0.5078785361592286)	(57.0, 0.46631048349034343)	(58.0, 0.46685968980141046)	(59.0, 0.5091829011480129)	(60.0, 0.45755750790771277)	(61.0, 0.3733916407366916)	(62.0, 0.33110275478453094)	(63.0, 0.28315017874949155)	(64.0, 0.2312158569592163)	(65.0, 0.21199363607187052)	(66.0, 0.2034122874614483)	(67.0, 0.1879315345682466)	(68.0, 0.18425871736298588)	(69.0, 0.20578073967792485)	(70.0, 0.24872180812447758)	(71.0, 0.2886765672546035)	(72.0, 0.3006218045203112)	(73.0, 0.29358509865976495)	(74.0, 0.2594656565847262)	(75.0, 0.21624998498263995)	(76.0, 0.18233649527425133)	(77.0, 0.15714165575405167)	(78.0, 0.1432398710051677)	(79.0, 0.13658074448348004)	(80.0, 0.13757618092228902)	(81.0, 0.14145495049419984)	(82.0, 0.14083709339424946)	(83.0, 0.13410931608367843)	(84.0, 0.12703828482869053)	(85.0, 0.11499007137965774)	(86.0, 0.097861699553255)	(87.0, 0.08224364508228656)	(88.0, 0.06374225747821624)	(89.0, 0.046476584074046735)	(90.0, 0.03387916431394692)	(91.0, 0.023032339670373235)	(92.0, 0.015240475132109863)	(93.0, 0.008958927949280797)	(94.0, 0.004702579038511376)	(95.0, 0.003089285499751999)	(96.0, 0.0021968252442680883)	(97.0, 0.0016476189332010661)	(98.0, 0.0016132935387593774)	(99.0, 0.0013386903832258662)	(100.0, 0.0005835317055087109)
SRR22894992_2	(0.0, 58.05406519624565)	(1.0, 29.05295507568704)	(2.0, 0.043308235609294476)	(3.0, 0.029809114093256376)	(4.0, 0.020161926994391097)	(5.0, 0.014956610214427818)	(6.0, 0.018635034072268537)	(7.0, 0.01700403481454671)	(8.0, 0.010584144119258666)	(9.0, 0.00916135753273537)	(10.0, 0.00860612374287262)	(11.0, 0.008571421631006198)	(12.0, 0.008675527966605465)	(13.0, 0.009022549085269683)	(14.0, 0.00898784697340326)	(15.0, 0.009855399770063807)	(16.0, 0.012319249712579758)	(17.0, 0.016136482017886162)	(18.0, 0.016969332702680286)	(19.0, 0.014123759529633694)	(20.0, 0.012111037041381228)	(21.0, 0.012839781390576087)	(22.0, 0.01436667431269865)	(23.0, 0.014644291207630021)	(24.0, 0.01589356723482121)	(25.0, 0.017871587611207256)	(26.0, 0.02040484177745605)	(27.0, 0.022938095943704846)	(28.0, 0.02661651980154556)	(29.0, 0.0303296457712527)	(30.0, 0.03258528304257012)	(31.0, 0.0369924512496057)	(32.0, 0.043065320826229526)	(33.0, 0.04781951015192931)	(34.0, 0.0528860184844269)	(35.0, 0.06170035489849806)	(36.0, 0.06905720261417948)	(37.0, 0.07877379393677761)	(38.0, 0.08998257606963186)	(39.0, 0.10112195397875329)	(40.0, 0.12374773091566034)	(41.0, 0.1544938020293101)	(42.0, 0.17590500505089238)	(43.0, 0.1915209553907822)	(44.0, 0.2059223318153473)	(45.0, 0.2141467323276893)	(46.0, 0.2244532595520166)	(47.0, 0.23795238106805466)	(48.0, 0.2576631806081823)	(49.0, 0.2837591687317315)	(50.0, 0.3118331772316668)	(51.0, 0.327067404341026)	(52.0, 0.33792916535521605)	(53.0, 0.381688528418774)	(54.0, 0.4697277862238862)	(55.0, 0.6110000836320896)	(56.0, 0.6047190013842673)	(57.0, 0.4909654786861364)	(58.0, 0.47344091219359336)	(59.0, 0.49957160242900905)	(60.0, 0.5019660481477921)	(61.0, 0.4386346939915723)	(62.0, 0.37637910530321145)	(63.0, 0.3339384224905775)	(64.0, 0.2891726981828933)	(65.0, 0.24794658928558416)	(66.0, 0.22282226029429475)	(67.0, 0.21074592536477993)	(68.0, 0.2016539720557774)	(69.0, 0.1983225693166009)	(70.0, 0.20047410025231904)	(71.0, 0.19495646446555798)	(72.0, 0.17777891909167917)	(73.0, 0.16233647931112144)	(74.0, 0.148976166242549)	(75.0, 0.13509532149598028)	(76.0, 0.11902824370182696)	(77.0, 0.102579442677143)	(78.0, 0.08769223668644802)	(79.0, 0.0793984319503732)	(80.0, 0.0776286242451857)	(81.0, 0.07998836785210238)	(82.0, 0.08331977059127887)	(83.0, 0.08234811145901906)	(84.0, 0.0776286242451857)	(85.0, 0.06930011739724445)	(86.0, 0.06267201403075787)	(87.0, 0.05982644085771127)	(88.0, 0.05434350718281662)	(89.0, 0.04688255313153592)	(90.0, 0.03532674988001745)	(91.0, 0.02078656500798669)	(92.0, 0.012735675054976822)	(93.0, 0.00860612374287262)	(94.0, 0.005344125227428966)	(95.0, 0.0036437217459742944)	(96.0, 0.002394445718783108)	(97.0, 0.0013533823627904524)	(98.0, 0.001457488698389718)	(99.0, 0.0019780203763860456)	(100.0, 0.01912086363839844)
SRR22894993_1	(0.0, 57.06720821009007)	(1.0, 28.58224838597832)	(2.0, 0.06805024407157068)	(3.0, 0.029903665102607644)	(4.0, 0.018999362005859492)	(5.0, 0.013269982412652837)	(6.0, 0.008760406216709532)	(7.0, 0.008132022648422351)	(8.0, 0.009019152391886607)	(9.0, 0.008132022648422351)	(10.0, 0.007651494037379212)	(11.0, 0.008686478738087512)	(12.0, 0.009610572220862779)	(13.0, 0.010460738225016024)	(14.0, 0.010978230575370174)	(15.0, 0.011754469100901398)	(16.0, 0.012124106494011504)	(17.0, 0.01134786796848028)	(18.0, 0.01197625153676746)	(19.0, 0.013861402241629005)	(20.0, 0.014157112156117091)	(21.0, 0.013676583545073952)	(22.0, 0.013602656066451932)	(23.0, 0.014157112156117091)	(24.0, 0.01467460450647124)	(25.0, 0.016707610168576827)	(26.0, 0.01892543452723747)	(27.0, 0.019701673052768695)	(28.0, 0.0221412798472954)	(29.0, 0.027464058308080935)	(30.0, 0.0321584532005793)	(31.0, 0.03581786339236936)	(32.0, 0.038035687751029994)	(33.0, 0.042397408989729254)	(34.0, 0.04746144127533772)	(35.0, 0.05478026165891784)	(36.0, 0.062025154563875924)	(37.0, 0.06901130129365694)	(38.0, 0.08520141911187963)	(39.0, 0.10165028310527939)	(40.0, 0.127968465494719)	(41.0, 0.15343648188000533)	(42.0, 0.1747275957231475)	(43.0, 0.18596457247369474)	(44.0, 0.1754299067700567)	(45.0, 0.17986555548737798)	(46.0, 0.21531378148663727)	(47.0, 0.2660649955606549)	(48.0, 0.30971917168695856)	(49.0, 0.34542614386139486)	(50.0, 0.34062085775096346)	(51.0, 0.35577599086847783)	(52.0, 0.43218004002433696)	(53.0, 0.47250747961264955)	(54.0, 0.4576480564096233)	(55.0, 0.47649956345823874)	(56.0, 0.5370092047103633)	(57.0, 0.5096560376202154)	(58.0, 0.5045920053346069)	(59.0, 0.5607768890873431)	(60.0, 0.5126131367650961)	(61.0, 0.40966912278393136)	(62.0, 0.346054527429682)	(63.0, 0.29090462837765413)	(64.0, 0.24148410891883282)	(65.0, 0.2287316188565341)	(66.0, 0.22499828118612203)	(67.0, 0.21024974920102876)	(68.0, 0.21150651633760312)	(69.0, 0.23324119505247742)	(70.0, 0.2764887700463599)	(71.0, 0.3231370090568554)	(72.0, 0.3297165546542153)	(73.0, 0.31093897508422186)	(74.0, 0.27098117288901935)	(75.0, 0.22991445851448647)	(76.0, 0.20097185063396508)	(77.0, 0.17287940875759697)	(78.0, 0.15099687508547865)	(79.0, 0.14803977594059778)	(80.0, 0.15680018215730734)	(81.0, 0.16393418384433237)	(82.0, 0.15801998555457067)	(83.0, 0.14500874931709493)	(84.0, 0.13639619805762943)	(85.0, 0.12005822528216271)	(86.0, 0.09510770124723049)	(87.0, 0.07244892904958095)	(88.0, 0.05411491435131964)	(89.0, 0.0411776055924659)	(90.0, 0.0324911268543784)	(91.0, 0.021882533672118325)	(92.0, 0.013417837369896879)	(93.0, 0.00750363908013517)	(94.0, 0.0037333376704120794)	(95.0, 0.0021808606193496304)	(96.0, 0.00162640452968447)	(97.0, 0.0011089121793303207)	(98.0, 0.000702311046909203)	(99.0, 0.0009610572220862778)	(100.0, 0.000702311046909203)
SRR22894993_2	(0.0, 57.2972358773787)	(1.0, 28.673511189254487)	(2.0, 0.0433202363438468)	(3.0, 0.03218181491980337)	(4.0, 0.022015202076381163)	(5.0, 0.015324673771334937)	(6.0, 0.014651883215520233)	(7.0, 0.013680074634898993)	(8.0, 0.011175798677144258)	(9.0, 0.010428253615127921)	(10.0, 0.009979726577918117)	(11.0, 0.009904972071716483)	(12.0, 0.010615139880632004)	(13.0, 0.010241367349623835)	(14.0, 0.010390876362027103)	(15.0, 0.010428253615127921)	(16.0, 0.011437439448849977)	(17.0, 0.012783020560479386)	(18.0, 0.011699080220555696)	(19.0, 0.011400062195749159)	(20.0, 0.011437439448849977)	(21.0, 0.011063666917841808)	(22.0, 0.011885966486059779)	(23.0, 0.01323154759768919)	(24.0, 0.015436805530637388)	(25.0, 0.01835223127250111)	(26.0, 0.020407980193046037)	(27.0, 0.022127333835683615)	(28.0, 0.02706113124499145)	(29.0, 0.030649347542669875)	(30.0, 0.03528412692717117)	(31.0, 0.04092809214539452)	(32.0, 0.04690845264152523)	(33.0, 0.054832430298898414)	(34.0, 0.062008862894255265)	(35.0, 0.07288564354659299)	(36.0, 0.08327651990862009)	(37.0, 0.09138738383149736)	(38.0, 0.10585238078151352)	(39.0, 0.12540068415324077)	(40.0, 0.15119098879280443)	(41.0, 0.18464363031803557)	(42.0, 0.21226542035953927)	(43.0, 0.2268425490688579)	(44.0, 0.23678489839367517)	(45.0, 0.24044786919755523)	(46.0, 0.24855873312043247)	(47.0, 0.26720998241774013)	(48.0, 0.2887766574569115)	(49.0, 0.31931387324027893)	(50.0, 0.34585172294185895)	(51.0, 0.3620734507876135)	(52.0, 0.3850978386977167)	(53.0, 0.4280443025105553)	(54.0, 0.5046302941141292)	(55.0, 0.5648076716064444)	(56.0, 0.5534449866637962)	(57.0, 0.527131400480821)	(58.0, 0.5256736876098891)	(59.0, 0.5533702321575944)	(60.0, 0.5563977896587606)	(61.0, 0.48168066071022764)	(62.0, 0.40389859700742764)	(63.0, 0.35736391689691055)	(64.0, 0.31583778870190293)	(65.0, 0.27281657038286267)	(66.0, 0.2454564211130647)	(67.0, 0.23095404690994772)	(68.0, 0.21794676283086342)	(69.0, 0.2173487267812504)	(70.0, 0.22224514693745737)	(71.0, 0.21861955338667816)	(72.0, 0.19652959680409535)	(73.0, 0.17309405910988312)	(74.0, 0.1579562716040523)	(75.0, 0.14311750212302798)	(76.0, 0.128615127919911)	(77.0, 0.11388849019818914)	(78.0, 0.09819004389584604)	(79.0, 0.09127525207219492)	(80.0, 0.09318149198033657)	(81.0, 0.09463920485126844)	(82.0, 0.09467658210436924)	(83.0, 0.09422805506715945)	(84.0, 0.08884573062064181)	(85.0, 0.07613746456636405)	(86.0, 0.06593347446984103)	(87.0, 0.060326886504718506)	(88.0, 0.05221602258184123)	(89.0, 0.0448527037209803)	(90.0, 0.035919540229885055)	(91.0, 0.022949633403901586)	(92.0, 0.013866960900403076)	(93.0, 0.00848463645388544)	(94.0, 0.004709533890702932)	(95.0, 0.0028406712356620857)	(96.0, 0.002242635186049015)	(97.0, 0.001831485401940029)	(98.0, 0.001382958364730226)	(99.0, 0.001831485401940029)	(100.0, 0.026687358713983277)
SRR22894994_1	(0.0, 55.615757741299085)	(1.0, 27.86276284210477)	(2.0, 0.07649719432287007)	(3.0, 0.03475984858831193)	(4.0, 0.024548877154780886)	(5.0, 0.018549931437581393)	(6.0, 0.01165752571994794)	(7.0, 0.009445148576016214)	(8.0, 0.009232420004484317)	(9.0, 0.008466597146969491)	(10.0, 0.009232420004484317)	(11.0, 0.011146977148271389)	(12.0, 0.013359354292203115)	(13.0, 0.013827357149573288)	(14.0, 0.013359354292203115)	(15.0, 0.013784811435266909)	(16.0, 0.014635725721394495)	(17.0, 0.015103728578764668)	(18.0, 0.015359002864602945)	(19.0, 0.016039734293505015)	(20.0, 0.014678271435700874)	(21.0, 0.013401900006509494)	(22.0, 0.014380451435556219)	(23.0, 0.0156568228647476)	(24.0, 0.016720465722407082)	(25.0, 0.0183372028660495)	(26.0, 0.020847400010125878)	(27.0, 0.023187414296976745)	(28.0, 0.025697611441053123)	(29.0, 0.030079820014610195)	(30.0, 0.036674405732099)	(31.0, 0.04067370287689866)	(32.0, 0.04309880859236228)	(33.0, 0.04633228287964711)	(34.0, 0.05199086288239556)	(35.0, 0.06292511145913506)	(36.0, 0.07088116003442799)	(37.0, 0.0827939600402142)	(38.0, 0.10202462290669768)	(39.0, 0.11678798577101132)	(40.0, 0.149165274358166)	(41.0, 0.1835422115177205)	(42.0, 0.21455803724707104)	(43.0, 0.22319481725126605)	(44.0, 0.20511288867105484)	(45.0, 0.21621732010501984)	(46.0, 0.25055171155026795)	(47.0, 0.312242997294518)	(48.0, 0.3715942687519172)	(49.0, 0.41724582020266227)	(50.0, 0.4149908973444242)	(51.0, 0.428988437351223)	(52.0, 0.5098678402476501)	(53.0, 0.557178674556344)	(54.0, 0.5423302202634176)	(55.0, 0.5694318402765811)	(56.0, 0.6213801574446703)	(57.0, 0.5781537117093889)	(58.0, 0.5804511802819334)	(59.0, 0.6327398631644736)	(60.0, 0.5830039231403161)	(61.0, 0.4779585545178656)	(62.0, 0.4083112201983226)	(63.0, 0.33891916016461787)	(64.0, 0.282631180137278)	(65.0, 0.2667616287009985)	(66.0, 0.2562953829816292)	(67.0, 0.23429924868523105)	(68.0, 0.23208687154129934)	(69.0, 0.26293251441342436)	(70.0, 0.3135619144380158)	(71.0, 0.3560225373157824)	(72.0, 0.3590007373172289)	(73.0, 0.34555629159641305)	(74.0, 0.2993941915739915)	(75.0, 0.24578659154795346)	(76.0, 0.21238820581744572)	(77.0, 0.1815000172310143)	(78.0, 0.15946133722030978)	(79.0, 0.1545260343607698)	(80.0, 0.1619289886500798)	(81.0, 0.17018285722551738)	(82.0, 0.17048067722566204)	(83.0, 0.16137589436409686)	(84.0, 0.1507820115018084)	(85.0, 0.1345295486367715)	(86.0, 0.11572434291335183)	(87.0, 0.10036534004874889)	(88.0, 0.07530591432229145)	(89.0, 0.05156540573933177)	(90.0, 0.03658931430348624)	(91.0, 0.024591422869087262)	(92.0, 0.016380100007956047)	(93.0, 0.009487694290322595)	(94.0, 0.004935302859540004)	(95.0, 0.0032760200015912095)	(96.0, 0.0029782000014465545)	(97.0, 0.0021272857153189673)	(98.0, 0.0015316457150296565)	(99.0, 0.001233825714885001)	(100.0, 0.0005956400002893108)
SRR22894994_2	(0.0, 55.837290812541575)	(1.0, 27.94670733562973)	(2.0, 0.05026145872891961)	(3.0, 0.03599341169695358)	(4.0, 0.024096188189936585)	(5.0, 0.019914917609571918)	(6.0, 0.02000112937411552)	(7.0, 0.017630305849166483)	(8.0, 0.012931764681540206)	(9.0, 0.011293741155211782)	(10.0, 0.010474729392047568)	(11.0, 0.010647152921134771)	(12.0, 0.011509270566570785)	(13.0, 0.010862682332493774)	(14.0, 0.011983435271560592)	(15.0, 0.013405929386530017)	(16.0, 0.013880094091519822)	(17.0, 0.016897505850545873)	(18.0, 0.017113035261904875)	(19.0, 0.01599228232283806)	(20.0, 0.015259482324217444)	(21.0, 0.014052517620607026)	(22.0, 0.015130164677402044)	(23.0, 0.017587199966894684)	(24.0, 0.02060461172592073)	(25.0, 0.02194089407634655)	(26.0, 0.02383755289630578)	(27.0, 0.027846399947583245)	(28.0, 0.032070776410219715)	(29.0, 0.037545223458738404)	(30.0, 0.04267482344908268)	(31.0, 0.04793374108624237)	(32.0, 0.0560807528356127)	(33.0, 0.06125345870822878)	(34.0, 0.07047811751439413)	(35.0, 0.08509101160453456)	(36.0, 0.09228969394392528)	(37.0, 0.10254889392461385)	(38.0, 0.11927397624607251)	(39.0, 0.13142983504672032)	(40.0, 0.1616470585192526)	(41.0, 0.20333044667608388)	(42.0, 0.23160790544638513)	(43.0, 0.2506175995282492)	(44.0, 0.2681185877306003)	(45.0, 0.28018823476670446)	(46.0, 0.2957925641490963)	(47.0, 0.31712997587363767)	(48.0, 0.336312093484589)	(49.0, 0.3731245169447068)	(50.0, 0.4195495521514362)	(51.0, 0.43998174034826965)	(52.0, 0.45705166972790273)	(53.0, 0.514080751973495)	(54.0, 0.6128794341404622)	(55.0, 0.7151265868891735)	(56.0, 0.6716327516769266)	(57.0, 0.6039565165101994)	(58.0, 0.6171900223676423)	(59.0, 0.6493901164246774)	(60.0, 0.6565025869995246)	(61.0, 0.5651612224655789)	(62.0, 0.47209562264076116)	(63.0, 0.4149803286306253)	(64.0, 0.36782249342527534)	(65.0, 0.31320734058690386)	(66.0, 0.2806192935894225)	(67.0, 0.2687220700824055)	(68.0, 0.25053138776370565)	(69.0, 0.24966927011826962)	(70.0, 0.2567817406931167)	(71.0, 0.2412636230752685)	(72.0, 0.20591679961239193)	(73.0, 0.18526908200419936)	(74.0, 0.17143209379495136)	(75.0, 0.1496205173654202)	(76.0, 0.1298349174026637)	(77.0, 0.11302362331666142)	(78.0, 0.09720376452291056)	(79.0, 0.09246211747301249)	(80.0, 0.09651407040656175)	(81.0, 0.09694512922927975)	(82.0, 0.09681581158246436)	(83.0, 0.09547952923203853)	(84.0, 0.09216037629710988)	(85.0, 0.08444442337045756)	(86.0, 0.07634051750335903)	(87.0, 0.07138334104210194)	(88.0, 0.0624604234118392)	(89.0, 0.052977129312043056)	(90.0, 0.04017468227731825)	(91.0, 0.024311717601295593)	(92.0, 0.014699105854684036)	(93.0, 0.009181552923893548)	(94.0, 0.005646870577605891)	(95.0, 0.003577788228559457)	(96.0, 0.0024570352894926397)	(97.0, 0.0022846117604054367)	(98.0, 0.002543247054036241)	(99.0, 0.002672564700851643)	(100.0, 0.022285741134520958)
SRR22894995_1	(0.0, 55.43197645845551)	(1.0, 27.769366107465732)	(2.0, 0.07397759338321602)	(3.0, 0.03187125739452039)	(4.0, 0.023449990196781262)	(5.0, 0.018958647691320395)	(6.0, 0.012135261961870229)	(7.0, 0.009932776694769226)	(8.0, 0.009932776694769226)	(9.0, 0.010062334651657522)	(10.0, 0.010278264579804679)	(11.0, 0.011314728234911033)	(12.0, 0.011401100206169896)	(13.0, 0.012351191890017387)	(14.0, 0.014208189272082937)	(15.0, 0.016324302567925077)	(16.0, 0.016324302567925077)	(17.0, 0.014553677157118389)	(18.0, 0.014035445329565212)	(19.0, 0.015115094970300998)	(20.0, 0.015719698769113038)	(21.0, 0.01520146694155986)	(22.0, 0.015676512783483608)	(23.0, 0.016065186654148488)	(24.0, 0.017144836294884273)	(25.0, 0.01982236740390902)	(26.0, 0.0240545939955933)	(27.0, 0.025695661449511697)	(28.0, 0.02642982320521203)	(29.0, 0.03087797972504347)	(30.0, 0.03588755405805751)	(31.0, 0.04076757043418326)	(32.0, 0.04430882125579664)	(33.0, 0.046899980393562524)	(34.0, 0.05350743619486554)	(35.0, 0.06819067130887221)	(36.0, 0.0761368926646876)	(37.0, 0.08283072043724947)	(38.0, 0.0988095351201391)	(39.0, 0.11729313696953574)	(40.0, 0.15197148342996916)	(41.0, 0.18492239046522535)	(42.0, 0.2182619713711464)	(43.0, 0.23134732501686414)	(44.0, 0.212215933383026)	(45.0, 0.21778692552922263)	(46.0, 0.25756121829392903)	(47.0, 0.32238338272370554)	(48.0, 0.3782228621425604)	(49.0, 0.4199405242605912)	(50.0, 0.42274761332650423)	(51.0, 0.43557385105844526)	(52.0, 0.5209957306334606)	(53.0, 0.5742008649289202)	(54.0, 0.5510963626171743)	(55.0, 0.5654772958317751)	(56.0, 0.624728468115355)	(57.0, 0.5895318898273684)	(58.0, 0.5787785794056399)	(59.0, 0.6403617949132091)	(60.0, 0.5971758092837777)	(61.0, 0.4816964837106781)	(62.0, 0.40931677179575104)	(63.0, 0.34527195510730424)	(64.0, 0.2835591816428467)	(65.0, 0.2667598332329979)	(66.0, 0.26075698123050695)	(67.0, 0.240545939955933)	(68.0, 0.2440871907775464)	(69.0, 0.27621756408584336)	(70.0, 0.32514728580398916)	(71.0, 0.3697584089591918)	(72.0, 0.3782228621425604)	(73.0, 0.366476274051355)	(74.0, 0.31720106444817375)	(75.0, 0.2586408679346648)	(76.0, 0.2221055240921658)	(77.0, 0.19049338261142199)	(78.0, 0.16682746248649358)	(79.0, 0.16609330073079326)	(80.0, 0.1756374035548976)	(81.0, 0.18056060591665277)	(82.0, 0.1733053603309083)	(83.0, 0.15974496084326684)	(84.0, 0.147048281068214)	(85.0, 0.1268804257792695)	(86.0, 0.10083927644472238)	(87.0, 0.07782114610423542)	(88.0, 0.05899205636980332)	(89.0, 0.044179263298908346)	(90.0, 0.0338146267478448)	(91.0, 0.022499898512933773)	(92.0, 0.013862701387047486)	(93.0, 0.008464453183368558)	(94.0, 0.00483683039049632)	(95.0, 0.0023320432239892965)	(96.0, 0.0014683235114006685)	(97.0, 0.0013819515401418054)	(98.0, 0.0013819515401418054)	(99.0, 0.0010364636551063542)	(100.0, 0.0005614178131826085)
SRR22894995_2	(0.0, 55.63974975378338)	(1.0, 27.849626507652953)	(2.0, 0.05175908704495865)	(3.0, 0.03644574768254485)	(4.0, 0.024063818998078832)	(5.0, 0.017719721262221686)	(6.0, 0.01741345447497341)	(7.0, 0.01706343528954681)	(8.0, 0.015094577371522176)	(9.0, 0.013563243435280797)	(10.0, 0.01233817628628769)	(11.0, 0.011681890313612815)	(12.0, 0.011288118730007887)	(13.0, 0.011769395109969464)	(14.0, 0.01181314750814779)	(15.0, 0.012950709860784244)	(16.0, 0.014044519815242372)	(17.0, 0.01487581538063055)	(18.0, 0.015882120538732027)	(19.0, 0.015663358547840404)	(20.0, 0.01487581538063055)	(21.0, 0.015925872936910355)	(22.0, 0.016275892122336953)	(23.0, 0.016757168502298532)	(24.0, 0.020694884338347794)	(25.0, 0.02380130460900888)	(26.0, 0.02752025845416652)	(27.0, 0.03180799347564238)	(28.0, 0.03491441374630347)	(29.0, 0.03850211039692613)	(30.0, 0.04274609302022367)	(31.0, 0.04720883763441283)	(32.0, 0.055390536093759636)	(33.0, 0.06282844378407491)	(34.0, 0.07061637065981678)	(35.0, 0.08697976757851039)	(36.0, 0.10207434495003258)	(37.0, 0.11095608178023257)	(38.0, 0.1264444307353597)	(39.0, 0.14307034204312324)	(40.0, 0.1769346982331469)	(41.0, 0.22405603107120306)	(42.0, 0.24781358328203362)	(43.0, 0.2647457613770455)	(44.0, 0.27721519485786816)	(45.0, 0.28456559775182677)	(46.0, 0.2985226127707125)	(47.0, 0.3144922381058012)	(48.0, 0.3383372951129884)	(49.0, 0.38156466451317367)	(50.0, 0.4246170243206455)	(51.0, 0.4431242887500771)	(52.0, 0.46819441290625746)	(53.0, 0.5196034807657895)	(54.0, 0.6099521830040309)	(55.0, 0.6604424505018182)	(56.0, 0.6224216164848536)	(57.0, 0.613452374858297)	(58.0, 0.6166462999253146)	(59.0, 0.646966711862894)	(60.0, 0.6697179589156231)	(61.0, 0.5835694869025009)	(62.0, 0.4926082510897629)	(63.0, 0.42789845418402)	(64.0, 0.36629507754893814)	(65.0, 0.3185174587382071)	(66.0, 0.2946724017310199)	(67.0, 0.2794028147667844)	(68.0, 0.25818290165029667)	(69.0, 0.2564328057231637)	(70.0, 0.254726462194209)	(71.0, 0.2412944759534632)	(72.0, 0.22304972591310163)	(73.0, 0.20064849804579915)	(74.0, 0.1823162432090809)	(75.0, 0.16499029353046415)	(76.0, 0.14617676231378432)	(77.0, 0.12587564955904146)	(78.0, 0.10461198404437544)	(79.0, 0.10106803979193109)	(80.0, 0.10863720467678135)	(81.0, 0.11134985336383751)	(82.0, 0.10964350983488282)	(83.0, 0.1022931069409242)	(84.0, 0.09065496902548971)	(85.0, 0.07787926875741877)	(86.0, 0.07057261826163846)	(87.0, 0.06619737844380595)	(88.0, 0.05657185084457442)	(89.0, 0.046202532476311356)	(90.0, 0.03697077646068475)	(91.0, 0.024413838183505433)	(92.0, 0.014175777009777348)	(93.0, 0.007831679273920202)	(94.0, 0.0044189922160108395)	(95.0, 0.003237677465196061)	(96.0, 0.0030626678724827603)	(97.0, 0.0021876199089162574)	(98.0, 0.0016188387325980305)	(99.0, 0.0019688579180246316)	(100.0, 0.03018915474304435)
