Sample	0	1	2	3	4	5	6	7	8	9	10	11	12	13	14	15	16	17	18	19	20	21	22	23	24	25	26	27	28	29	30	31	32	33	34	35	36	37	38	39	40	41	42	43	44	45	46	47	48	49	50	51	52	53	54
SRR20277628_1	(1, 23.55773620317466)	(2, 31.002894035794593)	(3, 31.104663693152283)	(4, 31.262175400828607)	(5, 31.306869075770653)	(6, 34.59978214758979)	(7, 34.65548403277557)	(8, 34.64406129383237)	(9, 34.68059776755446)	(10, 34.64230756966606)	(12, 34.73483618042464)	(14, 34.67977136739077)	(16, 34.66306676017409)	(18, 34.64688716132259)	(20, 34.631820177531935)	(22, 34.60811912099476)	(24, 34.55016497342867)	(26, 34.464971813888056)	(28, 34.42559587989542)	(30, 34.38739352407241)	(32, 34.371722632469826)	(34, 34.30423570453425)	(36, 34.29684982082516)	(38, 34.24222775873271)	(40, 34.18625200654263)	(42, 34.136204286909276)	(44, 34.071584937813086)	(46, 34.003663339200116)	(48, 33.9432150313954)	(50, 33.87773505179443)	(52, 33.834820438210386)	(54, 33.798847394534796)	(56, 33.74421135070773)	(58, 33.690255334845)	(60, 33.62706512502004)	(62, 33.59446773734148)	(64, 33.570717801222045)	(66, 33.49642546002697)	(68, 33.47058293638952)	(70, 33.46544151002208)	(72, 33.46874807966826)	(74, 33.4094827748592)	(76, 33.3894877282478)	(78, 33.3563452781135)	(80, 33.24384178003613)	(82, 33.21992555213837)	(84, 33.214730186963564)	(86, 33.13824227315283)	(88, 33.10817665482027)	(90, 33.05865048767831)	(92, 33.019162614240784)	(94, 32.977118221380174)	(96, 32.91485065854048)	(98, 32.82794534090093)	(100, 31.37753477675782)
SRR20277628_2	(1, 20.365364941623607)	(2, 30.80571430265051)	(3, 30.72419165370583)	(4, 30.786442192971286)	(5, 30.871557321776677)	(6, 34.37454405420106)	(7, 34.36567553154414)	(8, 34.54634719067891)	(9, 34.4766662040352)	(10, 34.42834213252941)	(12, 34.50444826291421)	(14, 34.442396505285956)	(16, 34.41336728326107)	(18, 34.402307410231955)	(20, 34.37308482324173)	(22, 34.33505293928034)	(24, 34.2911656841369)	(26, 34.269207927227725)	(28, 34.25802617908171)	(30, 34.232614731753124)	(32, 34.18104648260747)	(34, 34.14446325176507)	(36, 34.103988509200846)	(38, 34.05169207128773)	(40, 33.9840183077489)	(42, 33.95350988852236)	(44, 33.88494418770644)	(46, 33.833183850713866)	(48, 33.751395732150414)	(50, 33.702940557007345)	(52, 33.6316611725365)	(54, 33.56498956572291)	(56, 33.48948099885051)	(58, 33.45377929600434)	(60, 33.42816662377058)	(62, 33.394265606183595)	(64, 33.347806378543936)	(66, 33.31486749825842)	(68, 33.301860670376385)	(70, 33.226363721404354)	(72, 33.17570104605514)	(74, 33.15045597267441)	(76, 33.11787257571371)	(78, 33.10593291366759)	(80, 33.045060589559505)	(82, 32.96633885134331)	(84, 32.90953205530853)	(86, 32.88925629666035)	(88, 32.84762609570171)	(90, 32.75610307682703)	(92, 32.70217403072506)	(94, 32.624021316550895)	(96, 32.545537816212175)	(98, 32.466290488954584)	(100, 31.05772122928764)
SRR20277629_1	(1, 23.516404916813766)	(2, 31.036071888744278)	(3, 31.098939462435716)	(4, 31.244709188211047)	(5, 31.29386316902043)	(6, 34.60640343086781)	(7, 34.654975617168304)	(8, 34.649160922914014)	(9, 34.67999361997514)	(10, 34.64407168908012)	(12, 34.736763100050304)	(14, 34.67705156232484)	(16, 34.65894430932508)	(18, 34.64098119413218)	(20, 34.62987387915683)	(22, 34.60418027953611)	(24, 34.54878621704899)	(26, 34.46911534201978)	(28, 34.42783042556674)	(30, 34.39010873831653)	(32, 34.38029572736531)	(34, 34.31461628670179)	(36, 34.314355066190494)	(38, 34.26117380334114)	(40, 34.216034103286)	(42, 34.158767495885584)	(44, 34.0952378616509)	(46, 34.03652655082816)	(48, 33.978977657256195)	(50, 33.909560757742234)	(52, 33.87727756470616)	(54, 33.827829515800865)	(56, 33.76931826783045)	(58, 33.702477186868705)	(60, 33.63616377969744)	(62, 33.60397603524544)	(64, 33.58642423322403)	(66, 33.51866695135266)	(68, 33.49384358094996)	(70, 33.495925854051634)	(72, 33.49066871679534)	(74, 33.43260793816349)	(76, 33.4077771366979)	(78, 33.37490476182183)	(80, 33.287943267892395)	(82, 33.24719085650212)	(84, 33.23059473784086)	(86, 33.17887278665249)	(88, 33.13691092066153)	(90, 33.102761241458325)	(92, 33.09287855808978)	(94, 33.03354488050059)	(96, 32.97487898495586)	(98, 32.914569393084506)	(100, 31.532326238446345)
SRR20277629_2	(1, 20.4654497639632)	(2, 30.793519786518747)	(3, 30.70548949545266)	(4, 30.7760177130631)	(5, 30.865656642875802)	(6, 34.37224970226026)	(7, 34.37181692180999)	(8, 34.54246633262769)	(9, 34.46971758532628)	(10, 34.429576752884046)	(12, 34.507992753365585)	(14, 34.44011076746644)	(16, 34.41914388120067)	(18, 34.405986443181234)	(20, 34.37872384402161)	(22, 34.34333421105865)	(24, 34.297191132184906)	(26, 34.27417774073923)	(28, 34.26008280399786)	(30, 34.239477179823474)	(32, 34.20120825128909)	(34, 34.16916786921327)	(36, 34.12266998199537)	(38, 34.07211792304459)	(40, 34.00830142704544)	(42, 33.97612671584729)	(44, 33.90786589228486)	(46, 33.85866397976436)	(48, 33.79698516378451)	(50, 33.739415545729756)	(52, 33.672315481253364)	(54, 33.61048154101543)	(56, 33.52797866716818)	(58, 33.46821164617346)	(60, 33.432773815589236)	(62, 33.41884144909127)	(64, 33.37188858766447)	(66, 33.34285186309466)	(68, 33.33522304583404)	(70, 33.254019740020155)	(72, 33.222264798133075)	(74, 33.19496241416921)	(76, 33.152543042995994)	(78, 33.134071795956686)	(80, 33.08894631572963)	(82, 33.010265779040395)	(84, 32.94586999976198)	(86, 32.92982387372399)	(88, 32.890591832538675)	(90, 32.828551314993014)	(92, 32.76698268150655)	(94, 32.68647004478309)	(96, 32.626129766650266)	(98, 32.54676147401827)	(100, 31.20602259550134)
SRR20277630_1	(1, 23.53695757807365)	(2, 31.011137438496764)	(3, 31.084991373150384)	(4, 31.239500310777764)	(5, 31.290879357919533)	(6, 34.58639124372226)	(7, 34.62338313832139)	(8, 34.627777379561685)	(9, 34.65949326066082)	(10, 34.62276955275415)	(12, 34.71662778814155)	(14, 34.65479387646985)	(16, 34.63760383540982)	(18, 34.62251959037034)	(20, 34.602607375697524)	(22, 34.57357361534342)	(24, 34.5115016200852)	(26, 34.41680516802812)	(28, 34.37770143648163)	(30, 34.338056407433406)	(32, 34.320769254667404)	(34, 34.25705950830714)	(36, 34.23002682183312)	(38, 34.170622343595724)	(40, 34.106004425194854)	(42, 34.05358170121673)	(44, 33.998431097990746)	(46, 33.93518455862092)	(48, 33.87690063622425)	(50, 33.80600261669913)	(52, 33.760868674382685)	(54, 33.725935819435406)	(56, 33.66146961601427)	(58, 33.61009757165193)	(60, 33.536525582531624)	(62, 33.510041633617824)	(64, 33.48730656576981)	(66, 33.412462222581794)	(68, 33.408089166675964)	(70, 33.37682901404464)	(72, 33.38610076808655)	(74, 33.34063981812511)	(76, 33.32030215142495)	(78, 33.288877488462845)	(80, 33.18749814981647)	(82, 33.15652712345061)	(84, 33.152556330863376)	(86, 33.08202205167646)	(88, 33.05552140349456)	(90, 33.0062622704303)	(92, 32.9645870826233)	(94, 32.91559972358145)	(96, 32.856415221876176)	(98, 32.76499114299463)	(100, 31.3532668242676)
SRR20277630_2	(1, 20.51221739376751)	(2, 30.771630832971724)	(3, 30.7073479600247)	(4, 30.76263025811916)	(5, 30.84293214607631)	(6, 34.33491121665078)	(7, 34.328892524500276)	(8, 34.5116394953562)	(9, 34.445756335206255)	(10, 34.39657948509373)	(12, 34.48260025248028)	(14, 34.40630507269316)	(16, 34.388461748546774)	(18, 34.37437760686298)	(20, 34.337248090813304)	(22, 34.30252662018165)	(24, 34.2572155571227)	(26, 34.230249621249115)	(28, 34.21201003260882)	(30, 34.17810251341137)	(32, 34.13117258349221)	(34, 34.09261542891291)	(36, 34.04825252285003)	(38, 33.99646889260124)	(40, 33.92561262191924)	(42, 33.887671508893646)	(44, 33.83296178443277)	(46, 33.77664206505298)	(48, 33.7083198325321)	(50, 33.648036719499906)	(52, 33.578829758003806)	(54, 33.50953223344017)	(56, 33.44602455468015)	(58, 33.40798668950022)	(60, 33.36616230308769)	(62, 33.35338323343208)	(64, 33.306893113841475)	(66, 33.26085070782157)	(68, 33.2499325619779)	(70, 33.18860285595392)	(72, 33.135236443037854)	(74, 33.110698199811)	(76, 33.067720405394674)	(78, 33.03669870472845)	(80, 33.000104048845735)	(82, 32.92745651328245)	(84, 32.88210860601654)	(86, 32.86359049220128)	(88, 32.79739750675421)	(90, 32.72929333297605)	(92, 32.66320899962689)	(94, 32.59604104281796)	(96, 32.51631100221479)	(98, 32.41985071011078)	(100, 31.029243291085045)
SRR20277631_1	(1, 23.503543762632106)	(2, 30.985678172853238)	(3, 31.06859845041675)	(4, 31.22396243515074)	(5, 31.281352508131103)	(6, 34.585460063213596)	(7, 34.6175470513003)	(8, 34.625798616874306)	(9, 34.65420933854297)	(10, 34.61085086115005)	(12, 34.709316121646886)	(14, 34.64625469978421)	(16, 34.63277870663641)	(18, 34.617598381595755)	(20, 34.599795851785515)	(22, 34.57125402766356)	(24, 34.50739010931121)	(26, 34.41597318866598)	(28, 34.377294279957404)	(30, 34.339115024185446)	(32, 34.332586423038244)	(34, 34.28062049348292)	(36, 34.25160192338679)	(38, 34.191736286713436)	(40, 34.13429181703418)	(42, 34.07543268996633)	(44, 34.01895121161661)	(46, 33.96661770886682)	(48, 33.91381994836598)	(50, 33.84059618578506)	(52, 33.79893901079745)	(54, 33.75735017538476)	(56, 33.693109738037606)	(58, 33.621628995681256)	(60, 33.55676084066997)	(62, 33.53281535440413)	(64, 33.508778874631716)	(66, 33.448274627323634)	(68, 33.439521652896154)	(70, 33.41854976461788)	(72, 33.42306148325682)	(74, 33.37660109038106)	(76, 33.3583813895007)	(78, 33.32653698297101)	(80, 33.235707696299556)	(82, 33.20195489951705)	(84, 33.18589623516118)	(86, 33.13468803044934)	(88, 33.11011258237292)	(90, 33.070949034407775)	(92, 33.05514910725344)	(94, 32.999755130251664)	(96, 32.93391348589978)	(98, 32.88631831859894)	(100, 31.541300129308446)
SRR20277631_2	(1, 20.71646525364588)	(2, 30.76947527981758)	(3, 30.69556318364921)	(4, 30.755759035974492)	(5, 30.84311894293431)	(6, 34.34194135640902)	(7, 34.343854850173145)	(8, 34.523842117768616)	(9, 34.451734626628415)	(10, 34.406459126189176)	(12, 34.4938238080602)	(14, 34.42421172703659)	(16, 34.40058754244351)	(18, 34.38857542288845)	(20, 34.35496601664555)	(22, 34.32044278582022)	(24, 34.27628726156455)	(26, 34.246645339421974)	(28, 34.22532240252356)	(30, 34.197696323328756)	(32, 34.166866901530014)	(34, 34.11896390239791)	(36, 34.08067706651703)	(38, 34.036185656066536)	(40, 33.97633215878657)	(42, 33.93768903650277)	(44, 33.871043975723)	(46, 33.8244571472392)	(48, 33.765185964791016)	(50, 33.70197546919338)	(52, 33.649719164525834)	(54, 33.57396851584818)	(56, 33.50633315586697)	(58, 33.44506783010956)	(60, 33.39647770728985)	(62, 33.388672820292115)	(64, 33.34172044701174)	(66, 33.306489569480455)	(68, 33.2991917167007)	(70, 33.237979665049075)	(72, 33.21375662937213)	(74, 33.18116551686616)	(76, 33.13506525549974)	(78, 33.09644896360163)	(80, 33.067175376287935)	(82, 32.994632465814355)	(84, 32.93396791913339)	(86, 32.93185610814973)	(88, 32.86922521123103)	(90, 32.82634621621867)	(92, 32.774101394853304)	(94, 32.70278591114018)	(96, 32.63477848004068)	(98, 32.55366290305096)	(100, 31.240041522987696)
SRR20277632_1	(1, 21.532040039875515)	(2, 27.85199420763377)	(3, 28.023891286090077)	(4, 28.175516129614795)	(5, 28.222670576051502)	(6, 31.137314830493725)	(7, 31.222880474737437)	(8, 31.238542528431196)	(9, 31.23111206260529)	(10, 31.217823931643167)	(12, 31.262914985012657)	(14, 31.208115201401977)	(16, 31.17093002653046)	(18, 31.14131101881734)	(20, 31.088587714226865)	(22, 31.06131606476081)	(24, 30.950768681964497)	(26, 30.825149552813727)	(28, 30.73324520380194)	(30, 30.641528507356007)	(32, 30.634673169163946)	(34, 30.57990322152608)	(36, 33.79865847532218)	(38, 33.674002076999756)	(40, 33.543939304848735)	(42, 33.447908173481)	(44, 33.24391558764334)	(46, 33.22990778612094)	(48, 33.13196180779589)	(50, 33.08337611756261)	(52, 33.03697456920035)	(54, 32.941979608463)	(56, 32.85220793295041)	(58, 32.80397282073632)	(60, 32.74066368828788)	(62, 32.6993402380536)	(64, 32.66178260015677)	(66, 32.53866326444606)	(68, 32.51914319755184)	(70, 32.289630513576725)	(72, 32.44363432684992)	(74, 32.43505996589276)	(76, 32.436610157763894)	(78, 32.436517732708985)	(80, 32.338355025220224)	(82, 32.38617253947141)	(84, 32.40264638117683)	(86, 32.2912394522815)	(88, 32.23880590620476)	(90, 32.15921460820734)	(92, 32.12892320923904)	(94, 32.0535046676648)	(96, 31.95203314663383)	(98, 31.864944618248256)	(100, 30.204757472523113)
SRR20277632_2	(1, 18.446952556354002)	(2, 27.65552118602703)	(3, 27.697922290900213)	(4, 27.779561887528327)	(5, 27.77904891817118)	(6, 30.812731637725335)	(7, 30.81763363571481)	(8, 30.956641003368063)	(9, 30.900180612323147)	(10, 30.846150413607717)	(12, 30.911234316812493)	(14, 30.80516874205519)	(16, 30.74626468014921)	(18, 30.70529046758989)	(20, 30.67431968093306)	(22, 30.634248660849003)	(24, 30.59838529808885)	(26, 30.562284556141485)	(28, 30.531174665804393)	(30, 30.483216480135134)	(32, 30.407366109109105)	(34, 30.36280359738082)	(36, 33.43304928856785)	(38, 33.38029982665819)	(40, 33.28623687249858)	(42, 33.19116200161399)	(44, 33.109823995252995)	(46, 33.027369961450184)	(48, 32.92618940209479)	(50, 32.86538911821161)	(52, 32.78665807286571)	(54, 32.702333685926725)	(56, 32.636752084366975)	(58, 32.57861536291241)	(60, 32.53711743677293)	(62, 32.50088829815864)	(64, 32.439793249077866)	(66, 32.3815495448014)	(68, 32.34627580132334)	(70, 32.260082566624995)	(72, 32.20969780139437)	(74, 32.19539325536769)	(76, 32.13200589725544)	(78, 32.11773717714084)	(80, 32.027082445141914)	(82, 31.93545960182579)	(84, 31.88434839632724)	(86, 31.87982682478794)	(88, 31.850711717393807)	(90, 31.750328186366605)	(92, 31.690672579809377)	(94, 31.620075432524615)	(96, 31.51729868673697)	(98, 31.421318152146707)	(100, 29.973267277482467)
SRR20277633_1	(1, 21.639989517536513)	(2, 28.051245467955543)	(3, 28.17706582879003)	(4, 28.314131063213576)	(5, 28.363089300862914)	(6, 31.322939574541664)	(7, 31.39707841855288)	(8, 31.42053563227086)	(9, 31.407459569570598)	(10, 31.391443554095453)	(12, 31.443667835587423)	(14, 31.38311553403829)	(16, 31.343749425896007)	(18, 31.315353702092708)	(20, 31.26266014124309)	(22, 31.235020073377243)	(24, 31.13016882709879)	(26, 31.013462941249575)	(28, 30.916154205683224)	(30, 30.826928449081706)	(32, 30.838478745994777)	(34, 30.772335346974945)	(36, 33.843544891088214)	(38, 33.71964465799138)	(40, 33.611308921989036)	(42, 33.509811178738516)	(44, 33.30488702465315)	(46, 33.31275530042678)	(48, 33.22559084401061)	(50, 33.166681452011844)	(52, 33.131789822934635)	(54, 33.029475429032196)	(56, 32.93533877628432)	(58, 32.870707234513006)	(60, 32.80736290081815)	(62, 32.76564600956775)	(64, 32.73861568137878)	(66, 32.62642776017934)	(68, 32.610587199267904)	(70, 32.3668185476541)	(72, 32.51888099346388)	(74, 32.518655813723356)	(76, 32.52640370710694)	(78, 32.51104008781582)	(80, 32.441605967432096)	(82, 32.46518522102191)	(84, 32.467442135665976)	(86, 32.38042781696652)	(88, 32.32937333965744)	(90, 32.2636532767622)	(92, 32.257344552567744)	(94, 32.16318292369163)	(96, 32.071265742834186)	(98, 32.01305342867476)	(100, 30.41137874588983)
SRR20277633_2	(1, 18.655113713115508)	(2, 27.81048840715185)	(3, 27.840789750960443)	(4, 27.937417531650016)	(5, 27.935994023915146)	(6, 30.99813476989912)	(7, 31.00876339350844)	(8, 31.138199393746184)	(9, 31.081392276477676)	(10, 31.032315705864235)	(12, 31.10162181000805)	(14, 30.996139184421114)	(16, 30.942973102214825)	(18, 30.90522434633195)	(20, 30.877746513500227)	(22, 30.83396102036516)	(24, 30.797578226734608)	(26, 30.762384976576556)	(28, 30.725543305001864)	(30, 30.692820728261047)	(32, 30.622301576151855)	(34, 30.586423453701553)	(36, 33.4592549734998)	(38, 33.410360931146776)	(40, 33.319853241679866)	(42, 33.221609174249345)	(44, 33.1538056911419)	(46, 33.07234893672944)	(48, 32.985160888624094)	(50, 32.92533991177453)	(52, 32.842862313714306)	(54, 32.7630762020171)	(56, 32.692158790403475)	(58, 32.61106368154506)	(60, 32.5606333575246)	(62, 32.54258898210935)	(64, 32.480507116945134)	(66, 32.43377811484967)	(68, 32.39227355168352)	(70, 32.3084350536977)	(72, 32.27306948209847)	(74, 32.259870551312574)	(76, 32.186687265544904)	(78, 32.173937884661214)	(80, 32.09435366181917)	(82, 31.99946954557621)	(84, 31.93629142947339)	(86, 31.94235560404841)	(88, 31.918729849490774)	(90, 31.840797826996287)	(92, 31.777985225272495)	(94, 31.70039543763987)	(96, 31.61687474497242)	(98, 31.525653140458047)	(100, 30.13985410164688)
SRR20277634_1	(1, 21.637743128937554)	(2, 28.003801061003056)	(3, 28.146126921811007)	(4, 28.30009140389038)	(5, 28.352933568666018)	(6, 31.292532040851178)	(7, 31.354602752041014)	(8, 31.387461962335685)	(9, 31.374544795164752)	(10, 31.36258587755785)	(12, 31.41352592816652)	(14, 31.352039325580236)	(16, 31.313833000895563)	(18, 31.286019480668593)	(20, 31.23155485064847)	(22, 31.196674355362383)	(24, 31.088208977324285)	(26, 30.955016774976187)	(28, 30.866763982908026)	(30, 30.777319086679025)	(32, 30.769631974627565)	(34, 30.70860159966046)	(36, 33.74333831669456)	(38, 33.61814701471633)	(40, 33.4794118374564)	(42, 33.38384563429068)	(44, 33.194908025914636)	(46, 33.18801313856952)	(48, 33.090248626215)	(50, 33.03549071663605)	(52, 32.999217646176255)	(54, 32.90393573189431)	(56, 32.80975167102902)	(58, 32.7570265990102)	(60, 32.686740639256755)	(62, 32.65650970065502)	(64, 32.615868591068335)	(66, 32.49860870427576)	(68, 32.50209274309279)	(70, 32.22947547850799)	(72, 32.39553369904746)	(74, 32.409436649639055)	(76, 32.41878155307849)	(78, 32.40772027330357)	(80, 32.311769326829655)	(82, 32.35579178792173)	(84, 32.36350315388255)	(86, 32.27243053644106)	(88, 32.226568587824644)	(90, 32.14566993424258)	(92, 32.105803326652506)	(94, 32.024845469442155)	(96, 31.936153585080817)	(98, 31.837009233719797)	(100, 30.225452528643007)
SRR20277634_2	(1, 18.68293223046872)	(2, 27.77788326749244)	(3, 27.844911379401633)	(4, 27.923839945268522)	(5, 27.917676319371473)	(6, 30.96619771693511)	(7, 30.966954445071753)	(8, 31.108488473159113)	(9, 31.059193455027465)	(10, 31.006368974515922)	(12, 31.082507781736062)	(14, 30.96840745811403)	(16, 30.925437995670787)	(18, 30.881793099916884)	(20, 30.845359160805124)	(22, 30.806371297225233)	(24, 30.77340241809876)	(26, 30.72817768409517)	(28, 30.687180940903147)	(30, 30.632845115672247)	(32, 30.561903238569435)	(34, 30.518564518134156)	(36, 33.409749294910114)	(38, 33.35300934978163)	(40, 33.26339909417288)	(42, 33.16097059234617)	(44, 33.09532063762381)	(46, 33.01409427449923)	(48, 32.92229561724065)	(50, 32.85680668003222)	(52, 32.771982406231345)	(54, 32.68483734636463)	(56, 32.62865097802921)	(58, 32.578172862328586)	(60, 32.52047401815649)	(62, 32.49855198098761)	(64, 32.44239571319939)	(66, 32.369419984417306)	(68, 32.33123854428628)	(70, 32.257526734538445)	(72, 32.20607825010414)	(74, 32.19627031150654)	(76, 32.12235730983846)	(78, 32.08800854837186)	(80, 32.02008253940808)	(82, 31.940020378998724)	(84, 31.899493860765514)	(86, 31.905007107293358)	(88, 31.852056472360957)	(90, 31.769861995832116)	(92, 31.703772788569154)	(94, 31.637648689486987)	(96, 31.540354486330674)	(98, 31.429639154083432)	(100, 29.998976330320552)
SRR20277635_1	(1, 21.66881716220398)	(2, 28.054273040621386)	(3, 28.198850804645907)	(4, 28.352101432525533)	(5, 28.40934238759976)	(6, 31.364432972274617)	(7, 31.420885022007294)	(8, 31.463849257404636)	(9, 31.447676697902885)	(10, 31.427111930705045)	(12, 31.485439306578485)	(14, 31.420176562485757)	(16, 31.38432467611172)	(18, 31.360303554257218)	(20, 31.305407192607134)	(22, 31.271769577428834)	(24, 31.163581748237835)	(26, 31.034982937441576)	(28, 30.943841979739453)	(30, 30.85396683701516)	(32, 30.861065510249066)	(34, 30.820670580266427)	(36, 33.79333781481298)	(38, 33.65767555245303)	(40, 33.534240202226925)	(42, 33.43104590054732)	(44, 33.24544334178742)	(46, 33.254960474212865)	(48, 33.16660819127871)	(50, 33.11509309145358)	(52, 33.076142753754)	(54, 32.983953794222536)	(56, 32.88030332711381)	(58, 32.79944467531415)	(60, 32.74533873142197)	(62, 32.71676798962477)	(64, 32.68602028803717)	(66, 32.58280573657078)	(68, 32.575514795083876)	(70, 32.31221061318455)	(72, 32.47600870352588)	(74, 32.490324594465775)	(76, 32.501964237225536)	(78, 32.49939502714392)	(80, 32.41727726973506)	(82, 32.45026907266177)	(84, 32.44567534573217)	(86, 32.36658748674881)	(88, 32.32333968399104)	(90, 32.25655509492606)	(92, 32.24180123179231)	(94, 32.14767571187255)	(96, 32.05611301752432)	(98, 32.00981798391338)	(100, 30.462979645218844)
SRR20277635_2	(1, 18.901504015050875)	(2, 27.834703146879587)	(3, 27.883454922721064)	(4, 27.970699755283814)	(5, 27.971609865660845)	(6, 31.030461077898906)	(7, 31.043594126168006)	(8, 31.189062157267287)	(9, 31.13248353944446)	(10, 31.07879011095624)	(12, 31.156962398014812)	(14, 31.050622007080307)	(16, 30.99829655976132)	(18, 30.961436687262584)	(20, 30.93158498645024)	(22, 30.887867912253988)	(24, 30.85185794984364)	(26, 30.80496205906976)	(28, 30.762651714112717)	(30, 30.718888249493595)	(32, 30.659389448404465)	(34, 30.61527175402457)	(36, 33.43343281963361)	(38, 33.39237072587244)	(40, 33.3076989064301)	(42, 33.206157512429556)	(44, 33.12993056017039)	(46, 33.05855187289504)	(48, 32.975946080123784)	(50, 32.90374450963614)	(52, 32.840463141486076)	(54, 32.74100779624171)	(56, 32.6847547703893)	(58, 32.60072645971232)	(60, 32.53850823717444)	(62, 32.524250081080325)	(64, 32.4653989111147)	(66, 32.41122808154524)	(68, 32.37863784108384)	(70, 32.31069723549072)	(72, 32.28827376937511)	(74, 32.26504962521173)	(76, 32.189768160407255)	(78, 32.152811290641864)	(80, 32.09763523417013)	(82, 32.00781838571501)	(84, 31.94082698607842)	(86, 31.963411298180752)	(88, 31.916100026422267)	(90, 31.856790994295938)	(92, 31.80964836236779)	(94, 31.73877583811681)	(96, 31.642127779532355)	(98, 31.550923859423268)	(100, 30.183959658449773)
SRR20277636_1	(1, 23.057965395095934)	(2, 29.751508116674074)	(3, 29.862844719800282)	(4, 29.987252013591483)	(5, 30.020602836474357)	(6, 33.143546278334625)	(7, 33.211075454122515)	(8, 33.21121772438201)	(9, 33.2095659095535)	(10, 33.17479050185055)	(12, 33.23881406575171)	(14, 33.18007994394344)	(16, 33.14727626443991)	(18, 33.111351466214444)	(20, 33.083665232367835)	(22, 33.04620577160327)	(24, 32.96360243874071)	(26, 32.84095450622874)	(28, 32.774815775590994)	(30, 32.69700549661667)	(32, 32.69597780168564)	(34, 32.60595330939316)	(36, 33.908243258104065)	(38, 33.79574458246543)	(40, 33.68857977438849)	(42, 33.615010063193665)	(44, 33.516095497644756)	(46, 33.47631128225715)	(48, 33.402921580876054)	(50, 33.33275619040355)	(52, 33.292591159267914)	(54, 33.249152543791865)	(56, 33.178009297555434)	(58, 33.11889219162282)	(60, 33.05992842628494)	(62, 33.03000602978963)	(64, 32.98463918383347)	(66, 32.865896020142095)	(68, 32.81364259512723)	(70, 32.74873908513257)	(72, 32.83911266081429)	(74, 32.79958379428568)	(76, 32.78290746124718)	(78, 32.75377367373039)	(80, 32.645148676132195)	(82, 32.64074785358815)	(84, 32.63596849488958)	(86, 32.54684673253303)	(88, 32.51903547212578)	(90, 32.467793531104185)	(92, 32.39958491202967)	(94, 32.3301026923519)	(96, 32.26633127862816)	(98, 32.15348671957773)	(100, 30.488518730937006)
SRR20277636_2	(1, 19.551993808647538)	(2, 29.54425383922007)	(3, 29.462793860778685)	(4, 29.527897043063234)	(5, 29.561703624049283)	(6, 32.87349240256045)	(7, 32.86606345461267)	(8, 33.0340154430732)	(9, 32.94304828050295)	(10, 32.892048481446714)	(12, 32.97939807218606)	(14, 32.90641044346782)	(16, 32.88024361964617)	(18, 32.86781333986184)	(20, 32.826139576990016)	(22, 32.77969443827132)	(24, 32.73904045200404)	(26, 32.726669429859726)	(28, 32.69434325140505)	(30, 32.66073027999202)	(32, 32.602353780961955)	(34, 32.55274767227163)	(36, 33.809230277832334)	(38, 33.74062828353645)	(40, 33.66860912563838)	(42, 33.62886520341327)	(44, 33.55836952979134)	(46, 33.49106885174125)	(48, 33.3940450713276)	(50, 33.34720535539271)	(52, 33.26654453428877)	(54, 33.189553533741666)	(56, 33.12438358957324)	(58, 33.083429131545)	(60, 33.04945490991091)	(62, 33.00454333863989)	(64, 32.93895578451159)	(66, 32.9052589201694)	(68, 32.88144137187403)	(70, 32.79292212870595)	(72, 32.738905787799276)	(74, 32.72872550433629)	(76, 32.67607041487136)	(78, 32.65760793531666)	(80, 32.594429831940815)	(82, 32.51622722288192)	(84, 32.449985478209314)	(86, 32.425722411816835)	(88, 32.373257848761796)	(90, 32.266908187009726)	(92, 32.20047856036868)	(94, 32.115150491694656)	(96, 32.0222364306313)	(98, 31.9216787024832)	(100, 30.35689100725189)
SRR20277637_1	(1, 23.106118800971842)	(2, 29.861586734538843)	(3, 29.927891580670433)	(4, 30.04075871335279)	(5, 30.077435319514926)	(6, 33.238000007926935)	(7, 33.285727421777665)	(8, 33.30464333417447)	(9, 33.295888959497326)	(10, 33.259431863371354)	(12, 33.32601474674104)	(14, 33.26258922755984)	(16, 33.226087872714565)	(18, 33.1929563899682)	(20, 33.16607489896461)	(22, 33.12479380060852)	(24, 33.04607187351783)	(26, 32.929413353978596)	(28, 32.86571448766239)	(30, 32.78711232334496)	(32, 32.79721249337771)	(34, 32.70414994854099)	(36, 33.9422514284761)	(38, 33.8291129952811)	(40, 33.73968328459003)	(42, 33.65539078669225)	(44, 33.56406280619669)	(46, 33.52630572675632)	(48, 33.46051562907165)	(50, 33.38709126992915)	(52, 33.35648568010685)	(54, 33.30657458724794)	(56, 33.230795464535134)	(58, 33.15985204742867)	(60, 33.09432178295806)	(62, 33.06597126710919)	(64, 33.028649757537536)	(66, 32.925932587831966)	(68, 32.872092376800055)	(70, 32.80782474799298)	(72, 32.891223854931496)	(74, 32.851834963966255)	(76, 32.833776001167536)	(78, 32.8070033276492)	(80, 32.72124618736875)	(82, 32.69897767226679)	(84, 32.68850029021279)	(86, 32.62144426753437)	(88, 32.58288138128857)	(90, 32.545945540932365)	(92, 32.507708342044836)	(94, 32.42031015449007)	(96, 32.357263412099044)	(98, 32.27870806801951)	(100, 30.68213758577585)
SRR20277637_2	(1, 19.723642479386665)	(2, 29.606692711051338)	(3, 29.514007422253282)	(4, 29.59229805803309)	(5, 29.62401676282479)	(6, 32.951471965734505)	(7, 32.951937408922824)	(8, 33.11146710388116)	(9, 33.0185236612398)	(10, 32.97457303547435)	(12, 33.06307501654747)	(14, 32.984533625396836)	(16, 32.9649404224792)	(18, 32.95264383092905)	(20, 32.914244966066114)	(22, 32.870164206454376)	(24, 32.826441612180005)	(26, 32.80892539829544)	(28, 32.777681120551506)	(30, 32.74658283052345)	(32, 32.70576790199138)	(34, 32.66190698270475)	(36, 33.81736974405713)	(38, 33.75164409165628)	(40, 33.68912759108709)	(42, 33.64709584161146)	(44, 33.57713950756384)	(46, 33.514516630822854)	(48, 33.434363973727756)	(50, 33.37924122849157)	(52, 33.30390541738191)	(54, 33.233639722999314)	(56, 33.1603350287007)	(58, 33.09398521544401)	(60, 33.0524463965205)	(62, 33.02608927915684)	(64, 32.96455922871556)	(66, 32.93086707390796)	(68, 32.91557051724239)	(70, 32.82070324141857)	(72, 32.785040921835595)	(74, 32.77220969962389)	(76, 32.712342741337466)	(78, 32.691094883336504)	(80, 32.63607527358725)	(82, 32.55899765588754)	(84, 32.48326639852908)	(86, 32.4688161207786)	(88, 32.41657867314794)	(90, 32.33779035997114)	(92, 32.264229311022184)	(94, 32.18152632976381)	(96, 32.102378537624915)	(98, 32.005273646765446)	(100, 30.513974308248173)
SRR20277638_1	(1, 23.12808267835238)	(2, 29.836056340064182)	(3, 29.918718042574106)	(4, 30.0383352297837)	(5, 30.07925867548602)	(6, 33.220447512380275)	(7, 33.26070431791805)	(8, 33.27923833424886)	(9, 33.2728187120796)	(10, 33.2409666062969)	(12, 33.30864303813414)	(14, 33.24044368420074)	(16, 33.20630222122179)	(18, 33.170424847905366)	(20, 33.14062706510022)	(22, 33.096132351240506)	(24, 33.009901961948465)	(26, 32.87913471784536)	(28, 32.811864594476276)	(30, 32.73365137597628)	(32, 32.73281507492183)	(34, 32.64102556490816)	(36, 33.839884892627325)	(38, 33.717513492093644)	(40, 33.60364754979894)	(42, 33.5294876284096)	(44, 33.448590698159066)	(46, 33.406480781786385)	(48, 33.33430554237365)	(50, 33.26177267450116)	(52, 33.22144270680878)	(54, 33.183424046257684)	(56, 33.099172758906384)	(58, 33.04578676109573)	(60, 32.975493303142144)	(62, 32.950882569784326)	(64, 32.90781659598045)	(66, 32.79356332242187)	(68, 32.76316056730355)	(70, 32.67127982886013)	(72, 32.7608842212357)	(74, 32.743512012204285)	(76, 32.73035351529586)	(78, 32.7003576613874)	(80, 32.60183619009908)	(82, 32.586647572985044)	(84, 32.58763202366484)	(86, 32.50513774847812)	(88, 32.48616142402959)	(90, 32.43216762041757)	(92, 32.358935934133406)	(94, 32.28090638202535)	(96, 32.22464169686202)	(98, 32.107227225656146)	(100, 30.49028859746903)
SRR20277638_2	(1, 19.770604021163148)	(2, 29.59284690586034)	(3, 29.525669712001122)	(4, 29.58698899095073)	(5, 29.618440983565932)	(6, 32.92951516093326)	(7, 32.921686882276894)	(8, 33.09605361929464)	(9, 33.00908295610836)	(10, 32.95408352917367)	(12, 33.05359915991723)	(14, 32.969720403499934)	(16, 32.952603884866534)	(18, 32.93690221802089)	(20, 32.88735110627418)	(22, 32.84564201900719)	(24, 32.802504914938524)	(26, 32.78250861404929)	(28, 32.74677528147316)	(30, 32.69559461205027)	(32, 32.646119328202246)	(34, 32.595490685881735)	(36, 33.75800961084508)	(38, 33.69232392291177)	(40, 33.62164311114789)	(42, 33.572245710171266)	(44, 33.51157299336209)	(46, 33.44307779541292)	(48, 33.35961988297016)	(50, 33.29986826400427)	(52, 33.221466076009094)	(54, 33.14324972975261)	(56, 33.09020508065873)	(58, 33.05044992872682)	(60, 32.997179174566796)	(62, 32.97171629763612)	(64, 32.90911952705477)	(66, 32.85748994312678)	(68, 32.83790483248947)	(70, 32.76300699788487)	(72, 32.705963666199864)	(74, 32.69583737501)	(76, 32.63392770596128)	(78, 32.60016919491304)	(80, 32.5606660880123)	(82, 32.487244804927535)	(84, 32.43299124094757)	(86, 32.4163528162431)	(88, 32.3350001770836)	(90, 32.25279186866469)	(92, 32.17519286652523)	(94, 32.10107398118197)	(96, 32.01101407261228)	(98, 31.88969337417763)	(100, 30.355787064246712)
SRR20277639_1	(1, 23.098686270315646)	(2, 29.84284066719192)	(3, 29.929687931287173)	(4, 30.049189919115243)	(5, 30.094411621032258)	(6, 33.24784574198392)	(7, 33.28485041794439)	(8, 33.31553056014037)	(9, 33.300370654925494)	(10, 33.2578851122425)	(12, 33.33533216755153)	(14, 33.264782313804986)	(16, 33.23723735814302)	(18, 33.2006591813539)	(20, 33.1732806882663)	(22, 33.12993875404035)	(24, 33.04299628457622)	(26, 32.91585378856682)	(28, 32.84791552445238)	(30, 32.770397603460964)	(32, 32.78335584373686)	(34, 32.710110679667146)	(36, 33.88123159654229)	(38, 33.75839388627589)	(40, 33.6556217857931)	(42, 33.575952863787144)	(44, 33.49098727774337)	(46, 33.46207552925352)	(48, 33.392864702443795)	(50, 33.320542330540334)	(52, 33.28630585906076)	(54, 33.24157010981786)	(56, 33.157072177934324)	(58, 33.083773806302126)	(60, 33.02220780421838)	(62, 32.997673205247956)	(64, 32.96119169696392)	(66, 32.85944880012887)	(68, 32.82872569994147)	(70, 32.7440253103662)	(72, 32.83160530195782)	(74, 32.80981313223717)	(76, 32.79949145224475)	(78, 32.77079295315855)	(80, 32.68680450450159)	(82, 32.66343327316288)	(84, 32.65007579288784)	(86, 32.584472980685305)	(88, 32.56695249856794)	(90, 32.52703830084154)	(92, 32.48041019416442)	(94, 32.398043754218925)	(96, 32.335620156081475)	(98, 32.26223104508741)	(100, 30.70219702488338)
SRR20277639_2	(1, 19.996586832059947)	(2, 29.604358852852958)	(3, 29.531839637877667)	(4, 29.5989125054177)	(5, 29.628991007105753)	(6, 32.95158581866764)	(7, 32.95210184612281)	(8, 33.12690112201387)	(9, 33.03556608955726)	(10, 32.98332105038341)	(12, 33.08641025905388)	(14, 33.00319835226195)	(16, 32.984364720479256)	(18, 32.968840568267076)	(20, 32.92574150887524)	(22, 32.87862724951232)	(24, 32.841376044502084)	(26, 32.815019557231736)	(28, 32.77656174325924)	(30, 32.73642794937293)	(32, 32.70487797334067)	(34, 32.64903000802752)	(36, 33.78419872755528)	(38, 33.72046227455105)	(40, 33.66205694220233)	(42, 33.613323032582)	(44, 33.54320987735968)	(46, 33.48254152993914)	(48, 33.409985216654356)	(50, 33.34513257168288)	(52, 33.2832713204056)	(54, 33.198749368181566)	(56, 33.14099310943029)	(58, 33.076444614854935)	(60, 33.01554806958666)	(62, 33.00413282332767)	(64, 32.938833244256564)	(66, 32.8943142574552)	(68, 32.88114160703829)	(70, 32.810977794406895)	(72, 32.788788269908665)	(74, 32.76508812114494)	(76, 32.70218778513356)	(78, 32.6649871146806)	(80, 32.62821616894726)	(82, 32.55117936928866)	(84, 32.482348644646265)	(86, 32.481683962927335)	(88, 32.406033037163695)	(90, 32.35255450808994)	(92, 32.28833584816982)	(94, 32.20761465640849)	(96, 32.12632520862559)	(98, 32.02147605028667)	(100, 30.556919615538057)
SRR20277640_1	(1, 23.69549341527976)	(2, 30.95191334175919)	(3, 31.08259945559994)	(4, 31.235785216627374)	(5, 31.28389843350888)	(6, 34.5860158862332)	(7, 34.65380811850778)	(8, 34.65077637155851)	(9, 34.67957124980276)	(10, 34.65321601704753)	(12, 34.74561196576123)	(14, 34.69611400218406)	(16, 34.67827685456124)	(18, 34.669557392441405)	(20, 34.65287158793071)	(22, 34.62430776986052)	(24, 34.564362366093675)	(26, 34.47801668403393)	(28, 34.431528751811584)	(30, 34.387444741102726)	(32, 34.36333038063739)	(34, 34.305847014938976)	(36, 34.31509393990436)	(38, 34.2669811045985)	(40, 34.20985584603997)	(42, 34.15739398082346)	(44, 34.09445675151278)	(46, 34.02584839433399)	(48, 33.967370205267194)	(50, 33.90299601084694)	(52, 33.851789522776684)	(54, 33.81812174161007)	(56, 33.76210473425301)	(58, 33.70491317592456)	(60, 33.64311844037486)	(62, 33.60916679090924)	(64, 33.577784764623004)	(66, 33.51324197096241)	(68, 33.486021476349556)	(70, 33.473409754450735)	(72, 33.47398350068202)	(74, 33.41696543445633)	(76, 33.39065375508787)	(78, 33.362456454112845)	(80, 33.249647442131675)	(82, 33.22746467111184)	(84, 33.221337658771816)	(86, 33.15178119755562)	(88, 33.116856741959225)	(90, 33.06240916224819)	(92, 33.01932000266287)	(94, 32.978679303533276)	(96, 32.91207650570527)	(98, 32.83283161745981)	(100, 31.43611856943827)
SRR20277640_2	(1, 20.31893000964964)	(2, 30.78790144557119)	(3, 30.721920095986054)	(4, 30.77791383439594)	(5, 30.84008500848054)	(6, 34.36134853320794)	(7, 34.35722569480789)	(8, 34.52789287390009)	(9, 34.46446573648933)	(10, 34.41501073541917)	(12, 34.482512124540236)	(14, 34.41799962401297)	(16, 34.3922412316127)	(18, 34.37221268367774)	(20, 34.33847315936903)	(22, 34.3011065579533)	(24, 34.26526853649912)	(26, 34.241111265602555)	(28, 34.21836181096601)	(30, 34.19996734849467)	(32, 34.14684506782608)	(34, 34.10946315613512)	(36, 34.09914370812281)	(38, 34.0403382691766)	(40, 33.97391846634446)	(42, 33.93656526892207)	(44, 33.8734286746179)	(46, 33.82186929135595)	(48, 33.74105479558232)	(50, 33.68632084586139)	(52, 33.61862272145975)	(54, 33.55166637780209)	(56, 33.474525596042106)	(58, 33.43734131147592)	(60, 33.40825475598682)	(62, 33.37757684370878)	(64, 33.338050495798015)	(66, 33.30090874198939)	(68, 33.28718695926271)	(70, 33.212906528079785)	(72, 33.15725225889353)	(74, 33.129325001740426)	(76, 33.097835333292366)	(78, 33.07927593203384)	(80, 33.01818559819928)	(82, 32.93970566460046)	(84, 32.88414400396968)	(86, 32.859317600879564)	(88, 32.814932730514904)	(90, 32.72793417901504)	(92, 32.66652325251998)	(94, 32.595594080366155)	(96, 32.511816650652335)	(98, 32.43297675463605)	(100, 31.038630418519674)
SRR20277641_1	(1, 23.66881379854477)	(2, 30.992509215623556)	(3, 31.085655170058114)	(4, 31.22631089780826)	(5, 31.276910010856547)	(6, 34.60585152825538)	(7, 34.66185688041207)	(8, 34.66435806063177)	(9, 34.685621729621204)	(10, 34.66021727639238)	(12, 34.755306244611525)	(14, 34.69816753363705)	(16, 34.681625112460864)	(18, 34.67312884836491)	(20, 34.65921780583082)	(22, 34.62844153437207)	(24, 34.57150434103679)	(26, 34.48898895601107)	(28, 34.4411666010579)	(30, 34.397508539856844)	(32, 34.38254816129255)	(34, 34.322989657290336)	(36, 34.33875368341391)	(38, 34.29069213037974)	(40, 34.245270818170965)	(42, 34.18728506284648)	(44, 34.127548660473465)	(46, 34.062860623827696)	(48, 34.01508475451719)	(50, 33.94559111260232)	(52, 33.90360133427153)	(54, 33.86084395472246)	(56, 33.79773240524379)	(58, 33.72817460684938)	(60, 33.661890304906024)	(62, 33.63272435699295)	(64, 33.60761216106564)	(66, 33.546250596691)	(68, 33.52265264902328)	(70, 33.513434731352895)	(72, 33.50937394730015)	(74, 33.45301181145493)	(76, 33.42304178420436)	(78, 33.39181333079891)	(80, 33.304371701765746)	(82, 33.26763273147367)	(84, 33.25185622084258)	(86, 33.206462800109755)	(88, 33.15896935550156)	(90, 33.11780269445956)	(92, 33.10704128387904)	(94, 33.05054196452679)	(96, 32.98414749655187)	(98, 32.93191182548088)	(100, 31.597291103199957)
SRR20277641_2	(1, 20.41699982352052)	(2, 30.768784258789342)	(3, 30.695297317322126)	(4, 30.761372436856927)	(5, 30.827660301668164)	(6, 34.354251669017266)	(7, 34.35677298518732)	(8, 34.520833328940675)	(9, 34.45380380752899)	(10, 34.41241936922396)	(12, 34.482993503151434)	(14, 34.410024034523346)	(16, 34.38992203064839)	(18, 34.37418177934751)	(20, 34.34181619103303)	(22, 34.30441123851698)	(24, 34.26537021367933)	(26, 34.24047226921196)	(28, 34.21831323568698)	(30, 34.20349270182495)	(32, 34.15826240242762)	(34, 34.1256070040215)	(36, 34.107663579940855)	(38, 34.05021927068884)	(40, 33.992778739836936)	(42, 33.95626146272957)	(44, 33.88857146607682)	(46, 33.84098675901654)	(48, 33.77831727534292)	(50, 33.71752833181151)	(52, 33.65619593671363)	(54, 33.587265191680366)	(56, 33.50376168898276)	(58, 33.44442690075365)	(60, 33.4095856135499)	(62, 33.3921170599377)	(64, 33.351719285671436)	(66, 33.318991657534994)	(68, 33.309306994443716)	(70, 33.22983459125853)	(72, 33.192587901976665)	(74, 33.16521207614447)	(76, 33.1236082074645)	(78, 33.09954846185258)	(80, 33.050841365928264)	(82, 32.97093325544185)	(84, 32.90891709996348)	(86, 32.89151596793968)	(88, 32.85348453135631)	(90, 32.78824453111618)	(92, 32.72480691337526)	(94, 32.64741516762619)	(96, 32.581821722588344)	(98, 32.50545936012106)	(100, 31.16956048969889)
SRR20277642_1	(1, 23.687768241778308)	(2, 30.970147960876396)	(3, 31.070507151142305)	(4, 31.22188761351683)	(5, 31.272591925806093)	(6, 34.58229366363269)	(7, 34.629666451485136)	(8, 34.642666742108794)	(9, 34.66535627116988)	(10, 34.64124253187215)	(12, 34.73762238985235)	(14, 34.679303377664155)	(16, 34.6615627837117)	(18, 34.65286917563185)	(20, 34.62999097266337)	(22, 34.60150985419951)	(24, 34.53703075209802)	(26, 34.442983136112176)	(28, 34.399136513390545)	(30, 34.357266028666295)	(32, 34.329622009212514)	(34, 34.2715935692443)	(36, 34.26416175958083)	(38, 34.209028789452205)	(40, 34.143301773333704)	(42, 34.08820930244463)	(44, 34.03829874401978)	(46, 33.97005866772934)	(48, 33.91239521457129)	(50, 33.843911213381)	(52, 33.79403158786639)	(54, 33.759736486719795)	(56, 33.69645907623826)	(58, 33.639820927508666)	(60, 33.57087979522481)	(62, 33.541579049262026)	(64, 33.51179710255289)	(66, 33.44467961556219)	(68, 33.43886952606033)	(70, 33.40330762571942)	(72, 33.40928657291674)	(74, 33.36597787488675)	(76, 33.338054106193226)	(78, 33.308246599388895)	(80, 33.206065904880816)	(82, 33.17923673123127)	(84, 33.173418664586876)	(86, 33.11367024565175)	(88, 33.08056858708092)	(90, 33.024718049769696)	(92, 32.98035093296143)	(94, 32.93428000737277)	(96, 32.87129566679654)	(98, 32.78638558920673)	(100, 31.427241695774313)
SRR20277642_2	(1, 20.492985476532784)	(2, 30.765593450937324)	(3, 30.71196603046662)	(4, 30.76141453992732)	(5, 30.823430027853576)	(6, 34.33757177504186)	(7, 34.333056460718225)	(8, 34.50387177581342)	(9, 34.4453500471942)	(10, 34.39419910035261)	(12, 34.47258385006906)	(14, 34.39645001916059)	(16, 34.37787901311407)	(18, 34.358724753677166)	(20, 34.31766101965182)	(22, 34.283240222314234)	(24, 34.247784804754914)	(26, 34.21855012229341)	(28, 34.188922506359006)	(30, 34.16262893531437)	(32, 34.11089684403283)	(34, 34.0723456415453)	(36, 34.05366652976013)	(38, 33.99816026753661)	(40, 33.92988305588604)	(42, 33.89018409906604)	(44, 33.83459535858361)	(46, 33.78112285482726)	(48, 33.714373034176035)	(50, 33.64904243075424)	(52, 33.58479674971225)	(54, 33.51297357598427)	(56, 33.447765716208494)	(58, 33.408945298301845)	(60, 33.36817002595815)	(62, 33.351243079551644)	(64, 33.31251797667952)	(66, 33.261844544089215)	(68, 33.252741922172305)	(70, 33.1911941407967)	(72, 33.13513828827362)	(74, 33.106606804817076)	(76, 33.06225080438169)	(78, 33.02863717629286)	(80, 32.989576121556496)	(82, 32.917388813135275)	(84, 32.87189933714592)	(86, 32.8535686833703)	(88, 32.78724795024662)	(90, 32.71770596341186)	(92, 32.65133079472861)	(94, 32.58564106521246)	(96, 32.50172549333061)	(98, 32.40532509397159)	(100, 31.026376347214356)
SRR20277643_1	(1, 23.660099636552182)	(2, 30.94694204029335)	(3, 31.058471558172425)	(4, 31.20749077254681)	(5, 31.266738105684045)	(6, 34.58494450233241)	(7, 34.62473576496044)	(8, 34.64221308478621)	(9, 34.66654566280618)	(10, 34.631849130101685)	(12, 34.7328208793875)	(14, 34.674721732667265)	(16, 34.66004162740533)	(18, 34.65092349315398)	(20, 34.63380793851799)	(22, 34.60245012563628)	(24, 34.53619812310029)	(26, 34.443532328076884)	(28, 34.399831082765395)	(30, 34.3555693247216)	(32, 34.343811125126095)	(34, 34.2961873293482)	(36, 34.28638560591803)	(38, 34.23016326046475)	(40, 34.17612303617595)	(42, 34.11545976338992)	(44, 34.06117299427688)	(46, 34.00295533293906)	(48, 33.95499907112965)	(50, 33.88482668903016)	(52, 33.834784037426246)	(54, 33.79562875877141)	(56, 33.73162695649749)	(58, 33.6568405079403)	(60, 33.59274598961737)	(62, 33.569728254287114)	(64, 33.54393865399895)	(66, 33.482860675730095)	(68, 33.473080341093436)	(70, 33.448987315218886)	(72, 33.45049518924186)	(74, 33.40513400027681)	(76, 33.379581188268816)	(78, 33.35149269178015)	(80, 33.26297739760475)	(82, 33.232863766963874)	(84, 33.21514370083089)	(86, 33.17165639937052)	(88, 33.1383958633198)	(90, 33.09377204088096)	(92, 33.073166598217306)	(94, 33.021104302945076)	(96, 32.95289739949759)	(98, 32.9133264402038)	(100, 31.615446608833146)
SRR20277643_2	(1, 20.673493777181726)	(2, 30.746600570515024)	(3, 30.6871694984686)	(4, 30.745022950225763)	(5, 30.807068017256707)	(6, 34.32343999538004)	(7, 34.32667313543957)	(8, 34.50059837188007)	(9, 34.439655530572324)	(10, 34.38889020452457)	(12, 34.46868394124011)	(14, 34.39810145462221)	(16, 34.375924770705474)	(18, 34.357270389721755)	(20, 34.319528766304884)	(22, 34.283312310860055)	(24, 34.249036071822076)	(26, 34.21508804926405)	(28, 34.18502773013792)	(30, 34.16153979022397)	(32, 34.12578143566043)	(34, 34.08208818802899)	(36, 34.07019157884894)	(38, 34.017742106577025)	(40, 33.960169380947846)	(42, 33.920789246136394)	(44, 33.857403825235444)	(46, 33.8131101994728)	(48, 33.75072592065598)	(50, 33.684806199267356)	(52, 33.636413487523896)	(54, 33.55771138893214)	(56, 33.48688633184269)	(58, 33.42398354542759)	(60, 33.37510213223683)	(62, 33.37221472423032)	(64, 33.3284729486477)	(66, 33.288835527160444)	(68, 33.27885238733512)	(70, 33.218277229977446)	(72, 33.19165434587377)	(74, 33.156919175671405)	(76, 33.11094693001791)	(78, 33.07145850270628)	(80, 33.03732312043863)	(82, 32.96412422410306)	(84, 32.90314404148012)	(86, 32.9010237952332)	(88, 32.83733161192377)	(90, 32.79391017447071)	(92, 32.73886627053284)	(94, 32.66843760640842)	(96, 32.60187090376749)	(98, 32.51665400380561)	(100, 31.210580236076574)
SRR20277644_1	(1, 23.897529561248998)	(2, 30.995794492597412)	(3, 31.09936899203677)	(4, 31.26095690109067)	(5, 31.3043245247383)	(6, 34.59263466042405)	(7, 34.66934521638242)	(8, 34.679106969905924)	(9, 34.689040306933364)	(10, 34.670594759343444)	(12, 34.74869183624088)	(14, 34.70348760587312)	(16, 34.68441835652528)	(18, 34.67482968411734)	(20, 34.659493713133344)	(22, 34.63398730110916)	(24, 34.57662027137151)	(26, 34.49142285727611)	(28, 34.452390712326135)	(30, 34.41747293441381)	(32, 34.39943703709092)	(34, 34.33847279770326)	(36, 34.33890085856571)	(38, 34.29232755412356)	(40, 34.238560004370086)	(42, 34.18956934934573)	(44, 34.13198983278139)	(46, 34.07111536231949)	(48, 34.00946511648036)	(50, 33.94259029347017)	(52, 33.89666700683327)	(54, 33.86487416067949)	(56, 33.81410534372102)	(58, 33.759001074952465)	(60, 33.704348090282686)	(62, 33.6802048049815)	(64, 33.64391869308904)	(66, 33.57448438269094)	(68, 33.55518590110845)	(70, 33.55357067622283)	(72, 33.549623579823106)	(74, 33.495512642891754)	(76, 33.47112563457544)	(78, 33.440056743111924)	(80, 33.3361984096165)	(82, 33.319338738880916)	(84, 33.31814091511873)	(86, 33.24595909295821)	(88, 33.21006166438353)	(90, 33.1638160856738)	(92, 33.1225332206715)	(94, 33.08291636734977)	(96, 33.021835996372594)	(98, 32.93957766700227)	(100, 31.52610745772443)
SRR20277644_2	(1, 20.45511989557796)	(2, 30.84371213850597)	(3, 30.73476046450778)	(4, 30.80507653972126)	(5, 30.895226876395053)	(6, 34.42794926262952)	(7, 34.43193943487411)	(8, 34.605299320148504)	(9, 34.53624487576135)	(10, 34.48914140641564)	(12, 34.56534726725457)	(14, 34.508332176250065)	(16, 34.484060277584454)	(18, 34.47472630612594)	(20, 34.454242562593215)	(22, 34.424803743344455)	(24, 34.380772196369406)	(26, 34.36256375279224)	(28, 34.35227478648872)	(30, 34.334013605587714)	(32, 34.282947134951286)	(34, 34.24932842815604)	(36, 34.229039944760906)	(38, 34.18476667208893)	(40, 34.11892066792852)	(42, 34.089020958222314)	(44, 34.022561906827434)	(46, 33.97503388798806)	(48, 33.89721984586687)	(50, 33.848846142630336)	(52, 33.7849808885246)	(54, 33.721746662100294)	(56, 33.65335615067921)	(58, 33.61628318871644)	(60, 33.59223766561855)	(62, 33.56141663226387)	(64, 33.51457635676841)	(66, 33.48513298026823)	(68, 33.46991856228904)	(70, 33.40501376443807)	(72, 33.351006421839486)	(74, 33.32648377137443)	(76, 33.297158904370804)	(78, 33.28434799399754)	(80, 33.22335700465614)	(82, 33.14831692518531)	(84, 33.098816127432414)	(86, 33.07805446078277)	(88, 33.03470839738556)	(90, 32.95120254993839)	(92, 32.89926961078463)	(94, 32.82279803026762)	(96, 32.73808868732567)	(98, 32.66680250596522)	(100, 31.26029514327805)
SRR20277645_1	(1, 23.853432958802316)	(2, 31.03379869057649)	(3, 31.10116817056729)	(4, 31.252599392045585)	(5, 31.293860946503717)	(6, 34.61066906593221)	(7, 34.67609871575352)	(8, 34.68976188633716)	(9, 34.696084045501756)	(10, 34.6751667841958)	(12, 34.755635948874286)	(14, 34.704352574324005)	(16, 34.687863799900384)	(18, 34.67782279730965)	(20, 34.66222001453946)	(22, 34.636622223578556)	(24, 34.583191717084304)	(26, 34.49967613184916)	(28, 34.461348954717316)	(30, 34.42441141881825)	(32, 34.415443164763495)	(34, 34.35404015027744)	(36, 34.360000358653465)	(38, 34.31422555522641)	(40, 34.2723599800274)	(42, 34.21706674367233)	(44, 34.16158171006667)	(46, 34.10436705647611)	(48, 34.051835143388814)	(50, 33.980551707268276)	(52, 33.940485721662824)	(54, 33.897909738283104)	(56, 33.84592840712136)	(58, 33.77640768757591)	(60, 33.71973209632967)	(62, 33.69708003688585)	(64, 33.66676477314064)	(66, 33.60578189532601)	(68, 33.585762046344556)	(70, 33.587295942111524)	(72, 33.57619432442165)	(74, 33.526063198222346)	(76, 33.49750899832354)	(78, 33.465138860660474)	(80, 33.384265228277684)	(82, 33.35125233845402)	(84, 33.340416904503904)	(86, 33.29034020968874)	(88, 33.24765678512333)	(90, 33.213202295228726)	(92, 33.20031478008444)	(94, 33.14981770026867)	(96, 33.08706932287883)	(98, 33.032464978730204)	(100, 31.688415719049203)
SRR20277645_2	(1, 20.532977003889904)	(2, 30.81283341852833)	(3, 30.704497097012215)	(4, 30.7807752127241)	(5, 30.874527603724456)	(6, 34.40748760494516)	(7, 34.41960091683624)	(8, 34.58887524073491)	(9, 34.51198949758202)	(10, 34.47658743350158)	(12, 34.552383534440764)	(14, 34.48952831761858)	(16, 34.46904424290711)	(18, 34.46363205351918)	(20, 34.44201686533995)	(22, 34.413585459666066)	(24, 34.36853018464245)	(26, 34.3483935747349)	(28, 34.336756174094255)	(30, 34.32097393686996)	(32, 34.28567933837819)	(34, 34.25477518874598)	(36, 34.22264064952297)	(38, 34.17743706956843)	(40, 34.12068958477362)	(42, 34.090317552118805)	(44, 34.022890692576766)	(46, 33.97789926430218)	(48, 33.91748553541906)	(50, 33.86180603705789)	(52, 33.80510998412664)	(54, 33.741640658328706)	(56, 33.663626166281986)	(58, 33.60849874427765)	(60, 33.5741457584666)	(62, 33.56059002071504)	(64, 33.51409647488147)	(66, 33.48832201514727)	(68, 33.48079002486068)	(70, 33.40722223189426)	(72, 33.37213154263449)	(74, 33.348712490138084)	(76, 33.30589452333719)	(78, 33.28948415932204)	(80, 33.24049328429619)	(82, 33.16532107246648)	(84, 33.105888508219216)	(86, 33.088889090317004)	(88, 33.05331196135588)	(90, 32.99283845564527)	(92, 32.936981601307465)	(94, 32.85506866737438)	(96, 32.79098347264643)	(98, 32.71822172041709)	(100, 31.3826169208466)
SRR20277646_1	(1, 23.87433962771524)	(2, 31.007946752880887)	(3, 31.08776989628737)	(4, 31.24492232854194)	(5, 31.29032581136292)	(6, 34.586958991252985)	(7, 34.64522155721081)	(8, 34.66530780036756)	(9, 34.67297484685758)	(10, 34.65313199696071)	(12, 34.73502795317067)	(14, 34.68637137491995)	(16, 34.66770960166825)	(18, 34.65490186508687)	(20, 34.636938828466405)	(22, 34.60730397870166)	(24, 34.54607167619189)	(26, 34.4544148456549)	(28, 34.41633094665368)	(30, 34.377635706034724)	(32, 34.36073289638297)	(34, 34.30059491071999)	(36, 34.280570909744455)	(38, 34.23083877617424)	(40, 34.16615400872905)	(42, 34.117321783349325)	(44, 34.07020126360804)	(46, 34.01296673637014)	(48, 33.94982325830945)	(50, 33.879181475269036)	(52, 33.8336300401924)	(54, 33.80352858392139)	(56, 33.74287517836538)	(58, 33.690916343594)	(60, 33.62342099953271)	(62, 33.6042907183808)	(64, 33.57250642446631)	(66, 33.503321511589945)	(68, 33.50089906838067)	(70, 33.47652495737736)	(72, 33.47796974711834)	(74, 33.436910492183785)	(76, 33.41455391529504)	(78, 33.38098051863381)	(80, 33.287825540936225)	(82, 33.26558151417787)	(84, 33.26460322806601)	(86, 33.20140478741179)	(88, 33.16986810517089)	(90, 33.124630065116904)	(92, 33.0757165453188)	(94, 33.032403953424165)	(96, 32.97625764824922)	(98, 32.88669474915048)	(100, 31.509007648470956)
SRR20277646_2	(1, 20.612662653448123)	(2, 30.811866008993164)	(3, 30.722137215147043)	(4, 30.78453958390657)	(5, 30.870914865399506)	(6, 34.394090530223586)	(7, 34.397156713604474)	(8, 34.575267751112975)	(9, 34.509850333789664)	(10, 34.46313534348569)	(12, 34.547811583338266)	(14, 34.47925869125147)	(16, 34.46399960659011)	(18, 34.45097976109348)	(20, 34.42316506731851)	(22, 34.39677934288902)	(24, 34.35556118661996)	(26, 34.3314753643991)	(28, 34.31277754268937)	(30, 34.2861160819635)	(32, 34.240525687093665)	(34, 34.202429507266814)	(36, 34.17646607891176)	(38, 34.13237195658298)	(40, 34.068095713987844)	(42, 34.03366672690317)	(44, 33.974805684663494)	(46, 33.9239507914622)	(48, 33.85909398624548)	(50, 33.80266292614394)	(52, 33.73917990982686)	(54, 33.67240654456214)	(56, 33.610331537884264)	(58, 33.577438650297196)	(60, 33.53792001441804)	(62, 33.5218691009684)	(64, 33.47886792342014)	(66, 33.43420603182092)	(68, 33.42527324845545)	(70, 33.36831597396865)	(72, 33.31886175776573)	(74, 33.293472886917)	(76, 33.25369469291752)	(78, 33.22297109874802)	(80, 33.18779132818863)	(82, 33.11609070032502)	(84, 33.072225724720674)	(86, 33.05772995398547)	(88, 32.989751305220054)	(90, 32.92931446018653)	(92, 32.86695195860293)	(94, 32.79755083604743)	(96, 32.71450905244597)	(98, 32.62142406782141)	(100, 31.23435499817201)
SRR20277647_1	(1, 23.82553075655148)	(2, 30.990524756746208)	(3, 31.074814122099422)	(4, 31.234637521705366)	(5, 31.282634351899596)	(6, 34.590877759797586)	(7, 34.64475381884435)	(8, 34.669415028120525)	(9, 34.67562578839462)	(10, 34.647517135929604)	(12, 34.73225345077462)	(14, 34.678392974241994)	(16, 34.664420778605574)	(18, 34.653015399177804)	(20, 34.638311094040795)	(22, 34.60770289884197)	(24, 34.545637745018915)	(26, 34.45645154773053)	(28, 34.4188209044693)	(30, 34.38006165732182)	(32, 34.37334199362901)	(34, 34.32135539502103)	(36, 34.30166321737924)	(38, 34.25129720960996)	(40, 34.197935970715776)	(42, 34.13924880874629)	(44, 34.088447472213154)	(46, 34.041270385872224)	(48, 33.989634138541405)	(50, 33.91652965428132)	(52, 33.8695390091708)	(54, 33.831470846880194)	(56, 33.772599194075184)	(58, 33.7017961145596)	(60, 33.64701626033025)	(62, 33.62784207796838)	(64, 33.5974910341218)	(66, 33.539761561443626)	(68, 33.534491637191174)	(70, 33.51520726890696)	(72, 33.509995302827704)	(74, 33.472459749655386)	(76, 33.451433121381854)	(78, 33.42215399041282)	(80, 33.33811370106227)	(82, 33.311962115161904)	(84, 33.299470527846296)	(86, 33.253840801507835)	(88, 33.21960915598995)	(90, 33.18521264019681)	(92, 33.165141482303746)	(94, 33.11407972841477)	(96, 33.04999046207913)	(98, 33.006589882491554)	(100, 31.69888529932154)
SRR20277647_2	(1, 20.780206918593294)	(2, 30.78652654153514)	(3, 30.691055056568825)	(4, 30.756195983752058)	(5, 30.848428777486212)	(6, 34.37342141071832)	(7, 34.38540071026174)	(8, 34.566469417112955)	(9, 34.49358355053925)	(10, 34.448642343902435)	(12, 34.53289221564222)	(14, 34.469179076616754)	(16, 34.448125488028225)	(18, 34.44067065206481)	(20, 34.41697238842974)	(22, 34.38482114820132)	(24, 34.34542763899549)	(26, 34.31522098906623)	(28, 34.29525151359945)	(30, 34.27427411813179)	(32, 34.24672923028183)	(34, 34.202783208970544)	(36, 34.182774657203765)	(38, 34.13959564252856)	(40, 34.082115184069366)	(42, 34.047867038483616)	(44, 33.98387586703322)	(46, 33.94126797168741)	(48, 33.880845353026686)	(50, 33.82160242760892)	(52, 33.77503434746957)	(54, 33.698856260690576)	(56, 33.63976672249444)	(58, 33.57840284090784)	(60, 33.53165544244224)	(62, 33.524943979111285)	(64, 33.480193334603)	(66, 33.446080360379426)	(68, 33.4392955079619)	(70, 33.38352114932685)	(72, 33.36120487394163)	(74, 33.32643189617135)	(76, 33.2799178171107)	(78, 33.24758369903996)	(80, 33.21478951211701)	(82, 33.144018009785526)	(84, 33.08650027005585)	(86, 33.087716490549425)	(88, 33.026752682712875)	(90, 32.98781332279361)	(92, 32.93972848629467)	(94, 32.86298122594808)	(96, 32.79582590166338)	(98, 32.715177632149214)	(100, 31.408303769788432)
SRR20277648_1	(1, 17.400755176802956)	(2, 22.716017043867)	(3, 23.19983157927416)	(4, 23.35926236378877)	(5, 23.506060041600694)	(6, 25.900201018285678)	(7, 26.07904597808202)	(8, 26.20903340473751)	(9, 26.223903324951102)	(10, 26.192502173170656)	(12, 26.33945042066375)	(14, 26.342736177082365)	(16, 26.35250069851914)	(18, 26.339917652354785)	(20, 26.321324625128064)	(22, 26.297138399925494)	(24, 26.219172410046255)	(26, 26.16147511719599)	(28, 26.09541422184968)	(30, 26.062967619757224)	(32, 26.050958135419577)	(34, 25.979010664058862)	(36, 34.0838423929538)	(38, 33.95792689738808)	(40, 33.925265637551135)	(42, 33.82396248933356)	(44, 33.71711187303448)	(46, 33.66753510869629)	(48, 33.65370820558517)	(50, 33.6076391433077)	(52, 33.47428738261721)	(54, 33.379506109536464)	(56, 33.286398223740676)	(58, 33.15171871088603)	(60, 33.13195374658112)	(62, 32.99056540148003)	(64, 32.97638052333387)	(66, 32.853568334054884)	(68, 32.75693194636824)	(70, 32.77722603328483)	(72, 32.626984695965554)	(74, 32.452447877894464)	(76, 32.38259516585715)	(78, 32.36142814615124)	(80, 32.229663038859286)	(82, 32.190870178373515)	(84, 32.14266096648052)	(86, 32.015465640566475)	(88, 31.9241612859941)	(90, 31.73172578360392)	(92, 31.640901482725774)	(94, 31.4941044789703)	(96, 31.34023581298112)	(98, 31.121572628392983)	(100, 30.331729959610804)
SRR20277648_2	(1, 15.606739157430692)	(2, 22.83847598646425)	(3, 23.092898388749184)	(4, 23.468017913135263)	(5, 23.24391589829561)	(6, 25.74587718481264)	(7, 25.885245723510604)	(8, 25.986047468256185)	(9, 26.037774362795318)	(10, 26.01584668281022)	(12, 26.100465679426282)	(14, 25.986463475210332)	(16, 26.04690284374903)	(18, 26.049895610195275)	(20, 26.081120191859924)	(22, 25.956944444444446)	(24, 26.02589837322654)	(26, 25.97427548042594)	(28, 25.944783226227067)	(30, 25.92099632113253)	(32, 25.85631034429232)	(34, 25.736886467355873)	(36, 33.06405581663846)	(38, 33.098573307888046)	(40, 33.02877824561549)	(42, 32.94790860993263)	(44, 32.81999592483223)	(46, 32.74564599573685)	(48, 32.396465148676924)	(50, 32.31850562246741)	(52, 32.19636109891663)	(54, 32.11753228511374)	(56, 32.20414750803484)	(58, 32.043018167945434)	(60, 31.9881138021558)	(62, 31.84138029345886)	(64, 31.685960835834805)	(66, 31.646259632014484)	(68, 31.487457620480548)	(70, 31.285768074513555)	(72, 31.290362246431883)	(74, 31.139769910540547)	(76, 31.08688018660123)	(78, 31.05334147890862)	(80, 30.846970356934648)	(82, 30.625093755410177)	(84, 30.57674205592462)	(86, 30.656893994152547)	(88, 30.61478297305434)	(90, 30.508041021987633)	(92, 30.44736425255256)	(94, 30.30561430536671)	(96, 30.17643555048195)	(98, 30.051477853080147)	(100, 29.117130525766527)
SRR20277649_1	(1, 17.723409181926204)	(2, 23.164332483490693)	(3, 23.586903139363756)	(4, 23.762799965061415)	(5, 23.922910977472853)	(6, 26.389233147488625)	(7, 26.568651848531342)	(8, 26.699548764871558)	(9, 26.709957002467124)	(10, 26.671042916778596)	(12, 26.832575369286015)	(14, 26.832249468092996)	(16, 26.84004555200493)	(18, 26.82314977940898)	(20, 26.8048972525417)	(22, 26.780815997257648)	(24, 26.710178252708154)	(26, 26.655897781564626)	(28, 26.582913218816074)	(30, 26.557215641938825)	(32, 26.548990241916744)	(34, 26.475689254242482)	(36, 34.139855184347)	(38, 34.018437550076285)	(40, 34.004234246450984)	(42, 33.907452787573824)	(44, 33.81344778219232)	(46, 33.778017128602805)	(48, 33.767205411477235)	(50, 33.70579686828607)	(52, 33.573998762964536)	(54, 33.484678095502424)	(56, 33.399973962438125)	(58, 33.26353382792405)	(60, 33.22984092279585)	(62, 33.097405387054174)	(64, 33.08650058976328)	(66, 32.98305074982295)	(68, 32.8816061862365)	(70, 32.860431297708985)	(72, 32.72138653918187)	(74, 32.57207847006196)	(76, 32.49256106776496)	(78, 32.46856156453577)	(80, 32.338449291266556)	(82, 32.29183220692368)	(84, 32.240007919827285)	(86, 32.10000566175888)	(88, 32.01202767909069)	(90, 31.832017476795038)	(92, 31.78000088531268)	(94, 31.598194452601383)	(96, 31.460503770248714)	(98, 31.27300160799023)	(100, 30.486749720308758)
SRR20277649_2	(1, 16.008157006092826)	(2, 23.330274284377015)	(3, 23.571994910832444)	(4, 24.009636127815895)	(5, 23.748030996458347)	(6, 26.31294754762442)	(7, 26.46566789556)	(8, 26.558679519231877)	(9, 26.62221500744093)	(10, 26.6070912968313)	(12, 26.699531872395056)	(14, 26.584004637602817)	(16, 26.659006821264413)	(18, 26.682454814685414)	(20, 26.72044269824763)	(22, 26.57459017203957)	(24, 26.667651237106096)	(26, 26.613257462766512)	(28, 26.577955894979887)	(30, 26.56466481206502)	(32, 26.516079989584348)	(34, 26.391777319254622)	(36, 33.12508147686704)	(38, 33.17378305165315)	(40, 33.12807341738707)	(42, 33.031569580174974)	(44, 32.91334461904667)	(46, 32.84712258387367)	(48, 32.48036973423601)	(50, 32.411712878171464)	(52, 32.29497752228518)	(54, 32.2149148071275)	(56, 32.327599170290156)	(58, 32.13054261190923)	(60, 32.06201580802116)	(62, 31.933297459336153)	(64, 31.772032615412446)	(66, 31.740713289289786)	(68, 31.567407373857655)	(70, 31.35964674135777)	(72, 31.398399987555248)	(74, 31.217934357958324)	(76, 31.18723795737976)	(78, 31.1425101575235)	(80, 30.920146632977872)	(82, 30.728242662442124)	(84, 30.66067837690256)	(86, 30.776634443134732)	(88, 30.753554282112304)	(90, 30.66119195162249)	(92, 30.59759927200361)	(94, 30.445093935179322)	(96, 30.32388452544675)	(98, 30.218496243836377)	(100, 29.327264730008373)
SRR20277650_1	(1, 17.89598660539003)	(2, 23.381263637592447)	(3, 23.82829748134989)	(4, 24.009259885041935)	(5, 24.179866568830015)	(6, 26.65617738686028)	(7, 26.82436872831663)	(8, 26.98405970610385)	(9, 26.99294143961483)	(10, 26.95057841092681)	(12, 27.11622245930446)	(14, 27.119341404857074)	(16, 27.1273574127355)	(18, 27.12049476702647)	(20, 27.10421574590792)	(22, 27.072905201434082)	(24, 26.999855176009426)	(26, 26.936855935530794)	(28, 26.880199985839432)	(30, 26.847293159158347)	(32, 26.829906636800743)	(34, 26.764039881308694)	(36, 34.0677503103927)	(38, 33.95261262396324)	(40, 33.9075069922812)	(42, 33.81067680624701)	(44, 33.72872987302411)	(46, 33.68762236873229)	(48, 33.65828456710122)	(50, 33.592675737736734)	(52, 33.461321178551245)	(54, 33.38219224001305)	(56, 33.29417824245651)	(58, 33.16391404167429)	(60, 33.12474846877876)	(62, 32.9916045063175)	(64, 32.972274432057304)	(66, 32.851648574688625)	(68, 32.78422602433792)	(70, 32.7317333639026)	(72, 32.62273767523664)	(74, 32.48013159346279)	(76, 32.402531676510264)	(78, 32.35379047400539)	(80, 32.213057891493776)	(82, 32.15812934679202)	(84, 32.12351282828209)	(86, 31.986431409712793)	(88, 31.883606166221398)	(90, 31.72193928920921)	(92, 31.617370634890847)	(94, 31.465007204607108)	(96, 31.27259419245111)	(98, 31.108846903936126)	(100, 30.29243846743491)
SRR20277650_2	(1, 16.200664903032294)	(2, 23.56551113213741)	(3, 23.838131030310052)	(4, 24.271798424314984)	(5, 24.003700252959238)	(6, 26.58283047225494)	(7, 26.731406208765392)	(8, 26.845282117133642)	(9, 26.909568681972953)	(10, 26.88799513713223)	(12, 26.9812388565985)	(14, 26.85741434465535)	(16, 26.940281827485663)	(18, 26.960374949311603)	(20, 26.997107543077092)	(22, 26.852915548303628)	(24, 26.934994142674157)	(26, 26.89049656928058)	(28, 26.850004988381897)	(30, 26.814322770836952)	(32, 26.76297502268909)	(34, 26.617081748315215)	(36, 33.07756463999486)	(38, 33.12051981763126)	(40, 33.065039960115186)	(42, 32.97588227418685)	(44, 32.86087998598505)	(46, 32.78885238691303)	(48, 32.41188380525507)	(50, 32.327059196062635)	(52, 32.20538530526084)	(54, 32.101166838577925)	(56, 32.24002991183559)	(58, 32.059020991010556)	(60, 31.985850593732984)	(62, 31.844595858076683)	(64, 31.69164092634966)	(66, 31.638226956147687)	(68, 31.46181059890888)	(70, 31.274639203539273)	(72, 31.277532073624744)	(74, 31.114149218095584)	(76, 31.08168795848424)	(78, 31.00836740676734)	(80, 30.810904530767598)	(82, 30.62462612269273)	(84, 30.58541273624588)	(86, 30.674775351308078)	(88, 30.61449596076592)	(90, 30.525918613168486)	(92, 30.456588623066306)	(94, 30.348839407941618)	(96, 30.22793949129324)	(98, 30.05201983253848)	(100, 29.140993805088193)
SRR20277651_1	(1, 17.892103427298036)	(2, 23.351731998915536)	(3, 23.78443416188908)	(4, 23.969458992111196)	(5, 24.139527002453267)	(6, 26.653691966381665)	(7, 26.784043193345102)	(8, 26.942535889755135)	(9, 26.934796696357132)	(10, 26.890254385790897)	(12, 27.04944305580353)	(14, 27.04645251839949)	(16, 27.053754868508932)	(18, 27.04054996792901)	(20, 27.024912466027892)	(22, 26.99577415077995)	(24, 26.91801893841708)	(26, 26.85889217864535)	(28, 26.790011456287566)	(30, 26.76189602385817)	(32, 26.7503186434962)	(34, 26.703118077459713)	(36, 34.09344033345545)	(38, 33.972177349061894)	(40, 33.936222437916456)	(42, 33.842509459157654)	(44, 33.76350306279829)	(46, 33.73692610561805)	(48, 33.72380686131173)	(50, 33.651959062121904)	(52, 33.521837220198805)	(54, 33.43874761352866)	(56, 33.3451713268401)	(58, 33.20540407720837)	(60, 33.182927144019445)	(62, 33.063602762326724)	(64, 33.056898425222926)	(66, 32.93754005328641)	(68, 32.87533286748851)	(70, 32.833194150530844)	(72, 32.7031318048808)	(74, 32.5721050910236)	(76, 32.503030229958185)	(78, 32.48478767678109)	(80, 32.35934357699186)	(82, 32.30839377183628)	(84, 32.23091158988135)	(86, 32.14129929103228)	(88, 32.02990592025721)	(90, 31.86194100954188)	(92, 31.798359277928228)	(94, 31.64808335671865)	(96, 31.466731635627262)	(98, 31.353144410464218)	(100, 30.580770909529683)
SRR20277651_2	(1, 16.247740152221496)	(2, 23.49821377796293)	(3, 23.765524674826587)	(4, 24.176992203773136)	(5, 23.938151752001957)	(6, 26.516069385757834)	(7, 26.680071184378452)	(8, 26.7879032844664)	(9, 26.82743656886667)	(10, 26.82670463938318)	(12, 26.91120219934271)	(14, 26.799737728712465)	(16, 26.865296458304403)	(18, 26.885162702427476)	(20, 26.9169386088463)	(22, 26.775744410720307)	(24, 26.860334546740994)	(26, 26.803618897419113)	(28, 26.76658392681201)	(30, 26.738926001970547)	(32, 26.704121949122843)	(34, 26.573009036084827)	(36, 33.156499644772424)	(38, 33.18301097693973)	(40, 33.13321565841981)	(42, 33.04541253035727)	(44, 32.9273793643613)	(46, 32.8683184706407)	(48, 32.53242199284183)	(50, 32.454510064075805)	(52, 32.367607573113276)	(54, 32.25585111464628)	(56, 32.365660096593245)	(58, 32.18126224711256)	(60, 32.10747179966475)	(62, 31.99780371364855)	(64, 31.838740320785732)	(66, 31.795850873361086)	(68, 31.647088906844182)	(70, 31.48100875117813)	(72, 31.518372836213736)	(74, 31.36047146625989)	(76, 31.291560418340453)	(78, 31.225719011927545)	(80, 31.048883829535786)	(82, 30.85722385681008)	(84, 30.803359699606773)	(86, 30.89689609971916)	(88, 30.8341673428965)	(90, 30.773105245390422)	(92, 30.70210580364709)	(94, 30.572970810125867)	(96, 30.482760065335384)	(98, 30.333784207483745)	(100, 29.484435033533686)
SRR20277652_1	(1, 23.319791270333955)	(2, 30.64710047480338)	(3, 30.878462118679792)	(4, 31.070528609637886)	(5, 31.14637263464786)	(6, 34.45252877600135)	(7, 34.55607064901776)	(8, 34.55630440508887)	(9, 34.61289943277247)	(10, 34.58564393700165)	(12, 34.68938259643048)	(14, 34.646285088442205)	(16, 34.63783232257259)	(18, 34.632883715532856)	(20, 34.62048649246769)	(22, 34.599269181733085)	(24, 34.54568576919739)	(26, 34.471458653287755)	(28, 34.43743398733686)	(30, 34.41013503938039)	(32, 34.39642873097026)	(34, 34.34528685631075)	(36, 34.418247614651555)	(38, 34.380830843432)	(40, 34.33525340794229)	(42, 34.28652853784496)	(44, 34.229318383826225)	(46, 34.16346855042994)	(48, 34.103409863085815)	(50, 34.04874094911844)	(52, 34.000092348614345)	(54, 33.96840186997463)	(56, 33.922603702942716)	(58, 33.866786499032074)	(60, 33.80445163374128)	(62, 33.77690191298672)	(64, 33.751659521343385)	(66, 33.69364522790132)	(68, 33.67490013723494)	(70, 33.67770548097887)	(72, 33.66962969533539)	(74, 33.60231056032568)	(76, 33.579004717422)	(78, 33.54616704252766)	(80, 33.42887846016957)	(82, 33.417341651285014)	(84, 33.41189592696644)	(86, 33.34938321134982)	(88, 33.311234350999776)	(90, 33.260871289697874)	(92, 33.220914131715105)	(94, 33.18160716565136)	(96, 33.11712525224742)	(98, 33.03849270460131)	(100, 31.69095717997986)
SRR20277652_2	(1, 20.267354045584614)	(2, 30.6248150875231)	(3, 30.629819341601188)	(4, 30.707757415369006)	(5, 30.799406354570863)	(6, 34.322778495776475)	(7, 34.329570900360096)	(8, 34.503864741369)	(9, 34.443573261283575)	(10, 34.4069256108851)	(12, 34.483793361687006)	(14, 34.43176293155017)	(16, 34.41644253811084)	(18, 34.40705673764327)	(20, 34.38676052338768)	(22, 34.35848489609729)	(24, 34.322922844322306)	(26, 34.30770225612477)	(28, 34.299120224816605)	(30, 34.280756381245496)	(32, 34.23229377990627)	(34, 34.20061546779712)	(36, 34.24511698191672)	(38, 34.20198340019745)	(40, 34.137556183043074)	(42, 34.106413445888094)	(44, 34.039208514056654)	(46, 33.99419629838257)	(48, 33.91373563699999)	(50, 33.86317215019706)	(52, 33.79337527895922)	(54, 33.73040814252457)	(56, 33.651107970209054)	(58, 33.6188634504213)	(60, 33.59639490083375)	(62, 33.565214815091466)	(64, 33.52668956901477)	(66, 33.49460319466053)	(68, 33.47570323153825)	(70, 33.40320221110719)	(72, 33.355302732567864)	(74, 33.32083413692891)	(76, 33.28892681828659)	(78, 33.27001852171558)	(80, 33.20202994069)	(82, 33.1231704141947)	(84, 33.07734943409668)	(86, 33.05527313184419)	(88, 33.008381559677346)	(90, 32.929030266441316)	(92, 32.873948778031746)	(94, 32.79712442902185)	(96, 32.71362882783319)	(98, 32.63721726724661)	(100, 31.261082323547313)
SRR20277653_1	(1, 23.308816015994143)	(2, 30.695709189345763)	(3, 30.8807969550619)	(4, 31.062393157791835)	(5, 31.141562388759034)	(6, 34.47451458398193)	(7, 34.56115645041018)	(8, 34.56885020550076)	(9, 34.61766695943571)	(10, 34.59139712021883)	(12, 34.698396107979384)	(14, 34.6474341391113)	(16, 34.64329366091778)	(18, 34.63647703119848)	(20, 34.62659643711149)	(22, 34.604227770550835)	(24, 34.55286715607986)	(26, 34.47962062226793)	(28, 34.4441735962416)	(30, 34.417920367258176)	(32, 34.40771590644539)	(34, 34.35597726144389)	(36, 34.43189632701662)	(38, 34.39520521311578)	(40, 34.36278270920328)	(42, 34.30842480099366)	(44, 34.25527824614838)	(46, 34.19269276002281)	(48, 34.14132843558984)	(50, 34.07791080335333)	(52, 34.04135999077285)	(54, 33.998651694230034)	(56, 33.945293740736375)	(58, 33.87754752369817)	(60, 33.814495254022745)	(62, 33.78277545897063)	(64, 33.76755254271713)	(66, 33.71748832318058)	(68, 33.696747093238386)	(70, 33.70273984246097)	(72, 33.68914115177765)	(74, 33.62657863454311)	(76, 33.59591287341759)	(78, 33.56294674068231)	(80, 33.473878955278366)	(82, 33.44343382889265)	(84, 33.4240899043957)	(86, 33.387786553416646)	(88, 33.34016571796491)	(90, 33.30014138312899)	(92, 33.28977082844571)	(94, 33.23227373859314)	(96, 33.17552256335044)	(98, 33.12379609969033)	(100, 31.833431271358737)
SRR20277653_2	(1, 20.364152516345325)	(2, 30.617588438332113)	(3, 30.620985854777715)	(4, 30.705512903656576)	(5, 30.798218227479314)	(6, 34.331001641721336)	(7, 34.349070030451216)	(8, 34.50967549381305)	(9, 34.44925757508712)	(10, 34.42046849524547)	(12, 34.500796306409306)	(14, 34.43969086845522)	(16, 34.43249338512225)	(18, 34.42047072745075)	(20, 34.40359407373131)	(22, 34.37386228107482)	(24, 34.340974215796734)	(26, 34.31874558729125)	(28, 34.307750006663795)	(30, 34.2936970269783)	(32, 34.26000576171576)	(34, 34.22915563421088)	(36, 34.26618540122195)	(38, 34.2187540408827)	(40, 34.163258327422284)	(42, 34.132772721282876)	(44, 34.06611737903357)	(46, 34.023564991608126)	(48, 33.960063073079276)	(50, 33.9035088519367)	(52, 33.8422403022831)	(54, 33.780623302729595)	(56, 33.69804405458606)	(58, 33.633350045993076)	(60, 33.609254474076195)	(62, 33.59210822814962)	(64, 33.552670856500654)	(66, 33.52400600480697)	(68, 33.51031722324046)	(70, 33.43505131139483)	(72, 33.40491902555512)	(74, 33.36792339961975)	(76, 33.32351740371131)	(78, 33.30080743706078)	(80, 33.2486771176431)	(82, 33.168884975912405)	(84, 33.113208598114134)	(86, 33.09630350951083)	(88, 33.05822532701728)	(90, 32.998716103516514)	(92, 32.93615041117941)	(94, 32.86175341911979)	(96, 32.79699740008086)	(98, 32.72109197124044)	(100, 31.404942549609977)
SRR20277654_1	(1, 23.330710825276824)	(2, 30.66664979906738)	(3, 30.86718702998031)	(4, 31.058688538631987)	(5, 31.1391309269005)	(6, 34.45257013777217)	(7, 34.53150961019785)	(8, 34.54697481943596)	(9, 34.599609886843474)	(10, 34.571450003416004)	(12, 34.681733830302946)	(14, 34.6304655482896)	(16, 34.624998470444396)	(18, 34.61789049809468)	(20, 34.601904220247846)	(22, 34.57556380694153)	(24, 34.5188018073229)	(26, 34.439296845444524)	(28, 34.402033429457404)	(30, 34.374134398991714)	(32, 34.35681919225188)	(34, 34.30791490215432)	(36, 34.35831060156727)	(38, 34.31389116711799)	(40, 34.257345184013545)	(42, 34.21029791524724)	(44, 34.16843441315624)	(46, 34.10373306270978)	(48, 34.04235144067282)	(50, 33.983555770121086)	(52, 33.93295413854399)	(54, 33.90346386175095)	(56, 33.8446004739894)	(58, 33.79358053401002)	(60, 33.7251618315955)	(62, 33.69618452486418)	(64, 33.67423978432531)	(66, 33.6206665543397)	(68, 33.61650675040839)	(70, 33.59395990233517)	(72, 33.59147164763833)	(74, 33.53599533122325)	(76, 33.515795608197706)	(78, 33.48019511647433)	(80, 33.3772647759652)	(82, 33.35743222754196)	(84, 33.349723459030926)	(86, 33.29941786116643)	(88, 33.26162903784052)	(90, 33.21291646022681)	(92, 33.16615304571018)	(94, 33.12024598995541)	(96, 33.063021922752874)	(98, 32.97771683807184)	(100, 31.662050824058273)
SRR20277654_2	(1, 20.423713541767576)	(2, 30.606857940993823)	(3, 30.630156386863362)	(4, 30.69683596127981)	(5, 30.788618092399435)	(6, 34.31041273018537)	(7, 34.317169032209385)	(8, 34.4887900144492)	(9, 34.43629579362012)	(10, 34.39554371622869)	(12, 34.48219214889306)	(14, 34.419425432634796)	(16, 34.41249418768871)	(18, 34.39860454818457)	(20, 34.37307352471813)	(22, 34.34601498505624)	(24, 34.31387647257966)	(26, 34.29066151495344)	(28, 34.27462157519754)	(30, 34.247332646222965)	(32, 34.20528943270823)	(34, 34.172305394640645)	(36, 34.20570673739775)	(38, 34.16009515416605)	(40, 34.09411496884915)	(42, 34.05652407323505)	(44, 34.00043639644494)	(46, 33.953416908680275)	(48, 33.88573926293934)	(50, 33.82636336666705)	(52, 33.75900464250084)	(54, 33.68993116700284)	(56, 33.62505487977707)	(58, 33.58976402980608)	(60, 33.553777386005336)	(62, 33.53608902296857)	(64, 33.49780759885823)	(66, 33.45169457733949)	(68, 33.438150893659696)	(70, 33.3820120424116)	(72, 33.331281850751274)	(74, 33.29468368874827)	(76, 33.254290717706354)	(78, 33.216290817152185)	(80, 33.174979965650984)	(82, 33.102806696844894)	(84, 33.06255888865266)	(86, 33.04325148645977)	(88, 32.97521150461124)	(90, 32.91222904577425)	(92, 32.84867351571864)	(94, 32.78285578589654)	(96, 32.69896243076073)	(98, 32.60146571477867)	(100, 31.245115026630618)
SRR20277655_1	(1, 23.294739452777613)	(2, 30.642997230099912)	(3, 30.85080970612112)	(4, 31.045555089382535)	(5, 31.129920773418323)	(6, 34.45707591253369)	(7, 34.52837632457226)	(8, 34.548405753297594)	(9, 34.59593663017945)	(10, 34.56123907314861)	(12, 34.66895285083298)	(14, 34.61990833500887)	(16, 34.61442153202604)	(18, 34.6102743551054)	(20, 34.596224765856434)	(22, 34.57128838200015)	(24, 34.51149512438799)	(26, 34.42948303608517)	(28, 34.39733688763528)	(30, 34.36876424584145)	(32, 34.3612638095087)	(34, 34.32444434878215)	(36, 34.37168636811869)	(38, 34.32685722359234)	(40, 34.28249576519427)	(42, 34.22622174859612)	(44, 34.17586611730256)	(46, 34.12307770875071)	(48, 34.070069603069825)	(50, 34.005950367156785)	(52, 33.96333197178034)	(54, 33.921516849989466)	(56, 33.868747497990285)	(58, 33.79415228068903)	(60, 33.73327224167801)	(62, 33.70672820305753)	(64, 33.68406522915814)	(66, 33.640492309923005)	(68, 33.63589686738509)	(70, 33.624243782044914)	(72, 33.6136363657275)	(74, 33.56130652503287)	(76, 33.535664427654964)	(78, 33.50799236078733)	(80, 33.416030345615674)	(82, 33.389679565544384)	(84, 33.375044738412186)	(86, 33.339098013477056)	(88, 33.3017926743411)	(90, 33.26359384006227)	(92, 33.24466632915491)	(94, 33.191594397331244)	(96, 33.12393328669984)	(98, 33.08265270973138)	(100, 31.834620593851803)
SRR20277655_2	(1, 20.607035218490207)	(2, 30.604574848037856)	(3, 30.620849344122306)	(4, 30.69694174314086)	(5, 30.789493445644904)	(6, 34.31260971720176)	(7, 34.33025446717594)	(8, 34.50431650783981)	(9, 34.442980218975315)	(10, 34.40745844174457)	(12, 34.493550078643935)	(14, 34.43534745221994)	(16, 34.42442697350504)	(18, 34.412876250831374)	(20, 34.39304964205108)	(22, 34.36339494707173)	(24, 34.33059787600243)	(26, 34.303149294987726)	(28, 34.287082365836454)	(30, 34.262525741030856)	(32, 34.237415669430675)	(34, 34.19694746553752)	(36, 34.23704613652497)	(38, 34.19591280296902)	(40, 34.140868085953784)	(42, 34.10351061370231)	(44, 34.04126485638642)	(46, 33.99908351148131)	(48, 33.93799539935783)	(50, 33.87519506452781)	(52, 33.82484368858202)	(54, 33.752514008671696)	(56, 33.68397375534727)	(58, 33.62596986621648)	(60, 33.581409295521496)	(62, 33.57340915984963)	(64, 33.53238347870359)	(66, 33.50092851503328)	(68, 33.48522104462691)	(70, 33.43226252260999)	(72, 33.4073892208113)	(74, 33.36785073569759)	(76, 33.31719439272463)	(78, 33.27710770721433)	(80, 33.2388715942555)	(82, 33.17424694297295)	(84, 33.11486585686872)	(86, 33.11434672274032)	(88, 33.04665281327701)	(90, 33.01318328890032)	(92, 32.96051450838941)	(94, 32.88994787336646)	(96, 32.82174364631143)	(98, 32.739913325348304)	(100, 31.45100689283772)
SRR20277656_1	(1, 23.679238609266932)	(2, 30.806091465948246)	(3, 31.003770787071414)	(4, 31.182476816537484)	(5, 31.2468228333943)	(6, 34.552370492419406)	(7, 34.645538276202906)	(8, 34.65378563303312)	(9, 34.68916305836403)	(10, 34.67613665348043)	(12, 34.76527978642743)	(14, 34.719037885760656)	(16, 34.71117911816296)	(18, 34.70416216673432)	(20, 34.69471001978154)	(22, 34.672965318438244)	(24, 34.6201279194333)	(26, 34.54676734088987)	(28, 34.51225538498565)	(30, 34.48949326656066)	(32, 34.47231364394021)	(34, 34.41987219174791)	(36, 34.43241719631999)	(38, 34.3954076668073)	(40, 34.348723072828086)	(42, 34.29917304473049)	(44, 34.24748204755075)	(46, 34.18046715075897)	(48, 34.125005694735705)	(50, 34.069798407578915)	(52, 34.02431439950576)	(54, 33.99140207999209)	(56, 33.948013083831235)	(58, 33.89598331671954)	(60, 33.83668215115679)	(62, 33.805122217292805)	(64, 33.7845256434432)	(66, 33.72964118028119)	(68, 33.70790028612118)	(70, 33.71643255603684)	(72, 33.708538765343505)	(74, 33.64685503618884)	(76, 33.62348445925989)	(78, 33.58931085261521)	(80, 33.482232784433286)	(82, 33.4686060785796)	(84, 33.468891276021836)	(86, 33.41092092741792)	(88, 33.380597502239326)	(90, 33.330813708939196)	(92, 33.29293022025725)	(94, 33.2564567383431)	(96, 33.19836462152675)	(98, 33.11961070291484)	(100, 31.785482670198892)
SRR20277656_2	(1, 20.19623407438154)	(2, 30.692051698827104)	(3, 30.666391402335154)	(4, 30.73268036535454)	(5, 30.82685641012002)	(6, 34.34738623873091)	(7, 34.344138330354696)	(8, 34.52143573747805)	(9, 34.45587762741912)	(10, 34.4207813161501)	(12, 34.49649321380409)	(14, 34.446340350539096)	(16, 34.42547507077447)	(18, 34.41940179712438)	(20, 34.3944447762925)	(22, 34.36854620320524)	(24, 34.33364260603527)	(26, 34.3130381661117)	(28, 34.30478350620195)	(30, 34.286900607921424)	(32, 34.24267844475362)	(34, 34.21079390796724)	(36, 34.19242777661462)	(38, 34.14364014112512)	(40, 34.08060435850392)	(42, 34.05387084335729)	(44, 33.991449082599594)	(46, 33.943965980230104)	(48, 33.86423929968572)	(50, 33.81223403802989)	(52, 33.74528088226607)	(54, 33.687155313097385)	(56, 33.60684219437019)	(58, 33.57284300576811)	(60, 33.55168283499363)	(62, 33.52082816183298)	(64, 33.479884698359385)	(66, 33.451433357847655)	(68, 33.43580074202555)	(70, 33.36477179524756)	(72, 33.315542233853094)	(74, 33.28390638888416)	(76, 33.25367008880232)	(78, 33.23791314224042)	(80, 33.170349861909756)	(82, 33.090857966353454)	(84, 33.048157843771)	(86, 33.02465373880639)	(88, 32.98690145860306)	(90, 32.904786555283486)	(92, 32.84773051658564)	(94, 32.77277563886159)	(96, 32.692029551126566)	(98, 32.61846578467399)	(100, 31.255474307306052)
SRR20277657_1	(1, 23.666858934091195)	(2, 30.84736735410333)	(3, 31.005188662827322)	(4, 31.170479711116247)	(5, 31.237141462675822)	(6, 34.573515601517364)	(7, 34.648626110805864)	(8, 34.665789953899186)	(9, 34.69169935157283)	(10, 34.678259869718524)	(12, 34.772177891737094)	(14, 34.72176751921535)	(16, 34.713590037589455)	(18, 34.70574593811435)	(20, 34.694755336088235)	(22, 34.67455246671099)	(24, 34.62430811805554)	(26, 34.55480627972764)	(28, 34.51846023038953)	(30, 34.493198303554124)	(32, 34.48542103619131)	(34, 34.43039641228319)	(36, 34.44906898897959)	(38, 34.41201168398791)	(40, 34.37700467337451)	(42, 34.320804855867536)	(44, 34.27369813558997)	(46, 34.212143648636285)	(48, 34.163622608341996)	(50, 34.09928650353518)	(52, 34.06080797653817)	(54, 34.02580308243202)	(56, 33.976408063520374)	(58, 33.90833409727638)	(60, 33.84729207413109)	(62, 33.81995836694494)	(64, 33.802133931307765)	(66, 33.754146399038895)	(68, 33.73343851138087)	(70, 33.73849046482837)	(72, 33.72916219424687)	(74, 33.669285431224125)	(76, 33.643832289172664)	(78, 33.61176194874488)	(80, 33.52575532081053)	(82, 33.50067228675012)	(84, 33.48784834379933)	(86, 33.453382462574595)	(88, 33.40569125510753)	(90, 33.37007876077986)	(92, 33.362778529573454)	(94, 33.31205441480799)	(96, 33.258858111711206)	(98, 33.20730809036516)	(100, 31.932091049559062)
SRR20277657_2	(1, 20.29545898593334)	(2, 30.669115880099408)	(3, 30.635966930002983)	(4, 30.714707724046317)	(5, 30.81288431939611)	(6, 34.336063997808)	(7, 34.34399311084356)	(8, 34.50649255622599)	(9, 34.445220408636665)	(10, 34.413456918252315)	(12, 34.48965636840529)	(14, 34.434594102783336)	(16, 34.421254924698225)	(18, 34.414877072837996)	(20, 34.3953109433525)	(22, 34.3688388103973)	(24, 34.33037492814992)	(26, 34.30738584913979)	(28, 34.30007184730074)	(30, 34.28376242107055)	(32, 34.252999021537846)	(34, 34.223171049174084)	(36, 34.19709134145211)	(38, 34.14987418931938)	(40, 34.093040942244926)	(42, 34.06443144067467)	(44, 33.99846837662591)	(46, 33.954756381404906)	(48, 33.89373281636878)	(50, 33.835223704374954)	(52, 33.77645248593463)	(54, 33.71436652667937)	(56, 33.63273675906369)	(58, 33.57075819711726)	(60, 33.545176720273304)	(62, 33.531263869651944)	(64, 33.493089181446294)	(66, 33.46487157020945)	(68, 33.45699635971409)	(70, 33.378737716372626)	(72, 33.34756948783497)	(74, 33.31327964682466)	(76, 33.2725370835102)	(78, 33.2543622220355)	(80, 33.19836591414402)	(82, 33.1222958551846)	(84, 33.065057269659114)	(86, 33.05343108397109)	(88, 33.01649865797216)	(90, 32.962696252872455)	(92, 32.89278626548288)	(94, 32.81651926917024)	(96, 32.756172709841735)	(98, 32.681167028790554)	(100, 31.378550795024285)
SRR20277658_1	(1, 23.682218260935127)	(2, 30.820813631614662)	(3, 30.990841420462502)	(4, 31.16588703510227)	(5, 31.23369268550133)	(6, 34.54977639671273)	(7, 34.6202573161143)	(8, 34.64261958359812)	(9, 34.66993559018989)	(10, 34.65602657173939)	(12, 34.75102500996306)	(14, 34.70033481253299)	(16, 34.69136913929968)	(18, 34.68523345863447)	(20, 34.667794879527804)	(22, 34.64519516818716)	(24, 34.587765905884126)	(26, 34.510803560850036)	(28, 34.47568373490732)	(30, 34.4479608047995)	(32, 34.43031370162532)	(34, 34.381182910935664)	(36, 34.37190771188236)	(38, 34.330533703259704)	(40, 34.275366819889186)	(42, 34.22575361482741)	(44, 34.185120409747654)	(46, 34.12177906506088)	(48, 34.06589318347686)	(50, 34.00541325987456)	(52, 33.954763677537116)	(54, 33.92880837709221)	(56, 33.8731563829884)	(58, 33.82415176609385)	(60, 33.75643135967906)	(62, 33.73175318514237)	(64, 33.7102235303952)	(66, 33.6528291553646)	(68, 33.652367684228224)	(70, 33.635348113594524)	(72, 33.6326021830824)	(74, 33.584298224891064)	(76, 33.5626725252113)	(78, 33.53148128033159)	(80, 33.43431817432018)	(82, 33.41509873394192)	(84, 33.41261018796904)	(86, 33.3647564124798)	(88, 33.32895460654662)	(90, 33.28542912785494)	(92, 33.242411577548445)	(94, 33.203877123304736)	(96, 33.146592248477674)	(98, 33.06502397044734)	(100, 31.76167310635465)
SRR20277658_2	(1, 20.336090604569005)	(2, 30.661513307411436)	(3, 30.650334112426354)	(4, 30.710787350688797)	(5, 30.803855433366007)	(6, 34.31720635912239)	(7, 34.31127828700063)	(8, 34.49406471139451)	(9, 34.429298816281246)	(10, 34.39051140096723)	(12, 34.47805542690348)	(14, 34.41545226888403)	(16, 34.406873485346225)	(18, 34.39532522645757)	(20, 34.36728767920037)	(22, 34.34198878752302)	(24, 34.30738380922632)	(26, 34.280692028478185)	(28, 34.26433155972987)	(30, 34.240228288616265)	(32, 34.19882845233351)	(34, 34.16376808160012)	(36, 34.13971904061425)	(38, 34.09194070397012)	(40, 34.02546353585835)	(42, 33.99337225446671)	(44, 33.93643252987276)	(46, 33.88655233384476)	(48, 33.825200801059296)	(50, 33.75968838350015)	(52, 33.69774654513254)	(54, 33.62910429511476)	(56, 33.563470264746954)	(58, 33.52925184595823)	(60, 33.492270680996356)	(62, 33.48140664909231)	(64, 33.44560474268205)	(66, 33.396447926405415)	(68, 33.385278560002575)	(70, 33.32936242226077)	(72, 33.27988559527486)	(74, 33.24957290957183)	(76, 33.20796631595074)	(78, 33.17345369796965)	(80, 33.12968184163833)	(82, 33.05539411935487)	(84, 33.02134148094617)	(86, 33.00623552369922)	(88, 32.940688388753635)	(90, 32.88084493617247)	(92, 32.813211793159766)	(94, 32.748951970118654)	(96, 32.66530187196306)	(98, 32.57337200101268)	(100, 31.22494009457273)
SRR20277659_1	(1, 23.646440802995084)	(2, 30.795218292492667)	(3, 30.974768855076054)	(4, 31.154192575830873)	(5, 31.22513976636631)	(6, 34.55473121113079)	(7, 34.61410662492358)	(8, 34.64737840555561)	(9, 34.670351634828386)	(10, 34.648165130798944)	(12, 34.7462177973616)	(14, 34.69350278134304)	(16, 34.687920375233304)	(18, 34.68086934614294)	(20, 34.6679155834309)	(22, 34.644857028173526)	(24, 34.585111030847145)	(26, 34.507199011223705)	(28, 34.47244495108341)	(30, 34.446819460267804)	(32, 34.43756530551509)	(34, 34.40012549802625)	(36, 34.390255017265815)	(38, 34.34544007819689)	(40, 34.301268257961915)	(42, 34.242610958328115)	(44, 34.19847763357007)	(46, 34.14718783375926)	(48, 34.09918948685666)	(50, 34.033074937518634)	(52, 33.991140441341706)	(54, 33.952751730121626)	(56, 33.89989896240814)	(58, 33.82925744385406)	(60, 33.76948542800391)	(62, 33.746070262377955)	(64, 33.72749370260823)	(66, 33.682935228864224)	(68, 33.67563097485093)	(70, 33.66781066349928)	(72, 33.659425879902386)	(74, 33.61028600158383)	(76, 33.5902496526612)	(78, 33.5598204278654)	(80, 33.47597437387445)	(82, 33.45584040208)	(84, 33.438780617028925)	(86, 33.40580545957882)	(88, 33.372250030667004)	(90, 33.33670391005561)	(92, 33.3217109225309)	(94, 33.27479852030274)	(96, 33.211906296130344)	(98, 33.175532166057934)	(100, 31.932113501095884)
SRR20277659_2	(1, 20.535880068155905)	(2, 30.640774873562403)	(3, 30.624799795305037)	(4, 30.692729220992334)	(5, 30.785509484622313)	(6, 34.300123717215044)	(7, 34.3082802695296)	(8, 34.48642344500222)	(9, 34.42098202014349)	(10, 34.386030541239876)	(12, 34.47044481604767)	(14, 34.412800121313666)	(16, 34.40188527817582)	(18, 34.38975828164611)	(20, 34.367888663683644)	(22, 34.34099213252906)	(24, 34.304232802498646)	(26, 34.2721977570082)	(28, 34.25738665191325)	(30, 34.234458325303294)	(32, 34.20845181736699)	(34, 34.17169778606929)	(36, 34.15288983937511)	(38, 34.10809999091127)	(40, 34.05169300363243)	(42, 34.01769924729709)	(44, 33.95897625899937)	(46, 33.911745171449255)	(48, 33.85434828139071)	(50, 33.79021299067979)	(52, 33.74101905052346)	(54, 33.66988517903383)	(56, 33.59931474728353)	(58, 33.53969439168834)	(60, 33.49626089890271)	(62, 33.493740453565245)	(64, 33.45448913756084)	(66, 33.41786344437873)	(68, 33.41002741893804)	(70, 33.35416637674296)	(72, 33.33066348861409)	(74, 33.29278586427264)	(76, 33.24789324908078)	(78, 33.2070120761785)	(80, 33.172416995553704)	(82, 33.100143804677046)	(84, 33.047753000007596)	(86, 33.04817720850376)	(88, 32.985704905554485)	(90, 32.95289479872147)	(92, 32.90007598617826)	(94, 32.82735187992361)	(96, 32.761521342128816)	(98, 32.67901038272839)	(100, 31.406497796036003)
SRR20277660_1	(1, 23.46090043196205)	(2, 30.965734756581774)	(3, 31.10695817125666)	(4, 31.261862534582416)	(5, 31.29852394394745)	(6, 34.582335771492005)	(7, 34.64103174955069)	(8, 34.62167908501838)	(9, 34.646021376878146)	(10, 34.594580052798236)	(12, 34.675196761727406)	(14, 34.6287227783326)	(16, 34.613526455300146)	(18, 34.60954565043331)	(20, 34.582083697837234)	(22, 34.53881465091025)	(24, 34.47236655755596)	(26, 34.389809151270704)	(28, 34.35591193069652)	(30, 34.330095846637875)	(32, 34.30680988297636)	(34, 34.24005663856907)	(36, 34.24035772955563)	(38, 34.19936719236168)	(40, 34.12556596705201)	(42, 34.103879609166626)	(44, 34.042375923657104)	(46, 33.94312453765063)	(48, 33.88018478685345)	(50, 33.81473134612871)	(52, 33.76625578486555)	(54, 33.720842806358895)	(56, 33.69308838029703)	(58, 33.656686268839664)	(60, 33.594740609411915)	(62, 33.57668281516449)	(64, 33.557784999865525)	(66, 33.43614835616669)	(68, 33.418274112276535)	(70, 33.46277908199671)	(72, 33.46985066286156)	(74, 33.39706194292899)	(76, 33.381791795190225)	(78, 33.37254814635649)	(80, 33.26999694408865)	(82, 33.24762693662725)	(84, 33.22913987314743)	(86, 33.145378370386254)	(88, 33.13027408806389)	(90, 33.0841057399564)	(92, 33.056951559564226)	(94, 33.00075111891495)	(96, 32.90516035967762)	(98, 32.83165888896359)	(100, 31.306801296096637)
SRR20277660_2	(1, 20.368869501856008)	(2, 30.798180260462818)	(3, 30.73989787556687)	(4, 30.792265502881662)	(5, 30.879636647967)	(6, 34.39863131864433)	(7, 34.395214072583606)	(8, 34.568206861329934)	(9, 34.50713805964985)	(10, 34.46039915845638)	(12, 34.54281938459308)	(14, 34.49117507612061)	(16, 34.472076889854485)	(18, 34.460690351033385)	(20, 34.42737633670002)	(22, 34.41214658370406)	(24, 34.368747570462745)	(26, 34.352815143093146)	(28, 34.35328363177493)	(30, 34.34489106875711)	(32, 34.301324377856645)	(34, 34.270035926067465)	(36, 34.249980666795594)	(38, 34.19600430966946)	(40, 34.14702511252813)	(42, 34.127504212282076)	(44, 34.067186564258094)	(46, 34.01942338525707)	(48, 33.93759471161544)	(50, 33.897433761175705)	(52, 33.831225439624404)	(54, 33.769358939397094)	(56, 33.70442671776705)	(58, 33.6753721322327)	(60, 33.650372844967656)	(62, 33.61643383672188)	(64, 33.57935627023568)	(66, 33.5634920327809)	(68, 33.554474599031835)	(70, 33.473948128717566)	(72, 33.43287500340449)	(74, 33.41191791861907)	(76, 33.39098289078772)	(78, 33.38832831152236)	(80, 33.331221654291056)	(82, 33.25825425318467)	(84, 33.21689711709496)	(86, 33.210692138179844)	(88, 33.16335474592732)	(90, 33.07596446363999)	(92, 33.02379933177336)	(94, 32.95233142121508)	(96, 32.895718081913145)	(98, 32.82606581985632)	(100, 31.457011467799095)
SRR20277661_1	(1, 23.449786782887003)	(2, 31.003149580700104)	(3, 31.093453093740273)	(4, 31.24520022179637)	(5, 31.286340317751595)	(6, 34.58834497403044)	(7, 34.637053359366114)	(8, 34.6256071254191)	(9, 34.641747808376124)	(10, 34.59436297662288)	(12, 34.67557922025692)	(14, 34.624278333974516)	(16, 34.6083932225676)	(18, 34.60423676822701)	(20, 34.58022177228786)	(22, 34.533940082469236)	(24, 34.47074045911367)	(26, 34.39235856116529)	(28, 34.357605225339455)	(30, 34.333622499447614)	(32, 34.31892553987608)	(34, 34.24820458728355)	(36, 34.25487518324721)	(38, 34.21334712328123)	(40, 34.155446767286605)	(42, 34.122555909929)	(44, 34.06511284826749)	(46, 33.97612377786744)	(48, 33.91798736251412)	(50, 33.84181061158665)	(52, 33.80559280962139)	(54, 33.75205998700623)	(56, 33.71821844442009)	(58, 33.66873834554012)	(60, 33.60045305619886)	(62, 33.582334267667136)	(64, 33.574891667344886)	(66, 33.45872331903159)	(68, 33.44039254116696)	(70, 33.49051101981917)	(72, 33.49053397070338)	(74, 33.4184663274503)	(76, 33.40131089832832)	(78, 33.38982817969624)	(80, 33.3097591427839)	(82, 33.27108697593559)	(84, 33.241781681795224)	(86, 33.18419658222653)	(88, 33.15860047102488)	(90, 33.127429035096284)	(92, 33.12867831765653)	(94, 33.06003158416853)	(96, 32.961957887728886)	(98, 32.922067337861776)	(100, 31.452346344954393)
SRR20277661_2	(1, 20.46590121632792)	(2, 30.77845047179893)	(3, 30.7128384817906)	(4, 30.778448424818315)	(5, 30.86774325805863)	(6, 34.38634940875373)	(7, 34.39236066835121)	(8, 34.55036216505527)	(9, 34.48810650078899)	(10, 34.450595942282376)	(12, 34.53219147938299)	(14, 34.475998008408276)	(16, 34.466691712076525)	(18, 34.45194664846058)	(20, 34.422829914574685)	(22, 34.40361502796838)	(24, 34.36448789662507)	(26, 34.34389792068913)	(28, 34.343218383330836)	(30, 34.33722127198172)	(32, 34.30428631719891)	(34, 34.28007607543244)	(36, 34.250793791221625)	(38, 34.20059681653265)	(40, 34.15410439362725)	(42, 34.136576952638535)	(44, 34.07405833167566)	(46, 34.03023964419191)	(48, 33.967253558714376)	(50, 33.919010708776085)	(52, 33.86242395862939)	(54, 33.80081348849636)	(56, 33.72926608582505)	(58, 33.671184998607316)	(60, 33.64086434034803)	(62, 33.62571495807717)	(64, 33.58833540938761)	(66, 33.57437180510095)	(68, 33.570381840146666)	(70, 33.48911761993172)	(72, 33.464148472567175)	(74, 33.44512829790334)	(76, 33.41104308322991)	(78, 33.40172298925262)	(80, 33.36157410185563)	(82, 33.28582366879906)	(84, 33.23392929089134)	(86, 33.232699308046335)	(88, 33.19102326183345)	(90, 33.12909745529344)	(92, 33.069743666608474)	(94, 32.994497511744406)	(96, 32.96200673018333)	(98, 32.89338559098914)	(100, 31.591762001272784)
SRR20277662_1	(1, 23.45037736534222)	(2, 30.975479805755253)	(3, 31.08459809718239)	(4, 31.2425139069436)	(5, 31.282952138115586)	(6, 34.5698958705885)	(7, 34.609350944689005)	(8, 34.60566830919286)	(9, 34.62209438845003)	(10, 34.57323778728008)	(12, 34.659001953119756)	(14, 34.606784811320836)	(16, 34.59080342965353)	(18, 34.585222904010124)	(20, 34.552910839680365)	(22, 34.50729807302382)	(24, 34.43491167407946)	(26, 34.34265884671472)	(28, 34.31098711889089)	(30, 34.28538206569708)	(32, 34.255526901547796)	(34, 34.19199160183026)	(36, 34.17278104160038)	(38, 34.120379479543615)	(40, 34.03648501445437)	(42, 34.01334514179166)	(44, 33.96861159263074)	(46, 33.872534632563074)	(48, 33.80755998828592)	(50, 33.73190766573482)	(52, 33.68499100170652)	(54, 33.643054822709054)	(56, 33.60460186565271)	(58, 33.57302845311671)	(60, 33.49935110364213)	(62, 33.485881569514035)	(64, 33.467529363198366)	(66, 33.35060939785559)	(68, 33.35357959128193)	(70, 33.36886356413605)	(72, 33.380137612543656)	(74, 33.32145182296308)	(76, 33.311509889162224)	(78, 33.297527774385486)	(80, 33.20782969019086)	(82, 33.180467312979815)	(84, 33.160679540143036)	(86, 33.08528785177477)	(88, 33.07511060666038)	(90, 33.02811722634402)	(92, 32.99556723754259)	(94, 32.93323820045796)	(96, 32.84754763038862)	(98, 32.766905026007635)	(100, 31.272059422441654)
SRR20277662_2	(1, 20.5231606468146)	(2, 30.768377068059806)	(3, 30.726667388271263)	(4, 30.774160647164894)	(5, 30.85495642524089)	(6, 34.36556138560693)	(7, 34.36219051131991)	(8, 34.53683563773908)	(9, 34.48164047580599)	(10, 34.42972347714866)	(12, 34.52444762510937)	(14, 34.45958804084002)	(16, 34.45185595417787)	(18, 34.436264332404235)	(20, 34.4008072163262)	(22, 34.385522042977044)	(24, 34.34236693547022)	(26, 34.317928651520674)	(28, 34.310954191302514)	(30, 34.297110417296466)	(32, 34.254681935259455)	(34, 34.223427056692785)	(36, 34.19524642324781)	(38, 34.14539117762867)	(40, 34.091120863514476)	(42, 34.06876831566433)	(44, 34.017934248788414)	(46, 33.964815891258624)	(48, 33.900889649066485)	(50, 33.84960594008355)	(52, 33.7882585177227)	(54, 33.71998997091559)	(56, 33.66827565872197)	(58, 33.63629002404779)	(60, 33.596907971836245)	(62, 33.583713543505866)	(64, 33.549233958769896)	(66, 33.514536482865054)	(68, 33.50620061104071)	(70, 33.445246646823975)	(72, 33.40237898506557)	(74, 33.38006748266679)	(76, 33.350116372296306)	(78, 33.326611337799534)	(80, 33.29706802552072)	(82, 33.226694818270175)	(84, 33.19583126139395)	(86, 33.19065507756049)	(88, 33.12153007417268)	(90, 33.05507466533139)	(92, 32.99287815276519)	(94, 32.92954441966471)	(96, 32.877517177142906)	(98, 32.7882387227945)	(100, 31.435825682098912)
SRR20277663_1	(1, 23.437371396523275)	(2, 30.95214456715578)	(3, 31.06681387096778)	(4, 31.22628331524093)	(5, 31.273461729167863)	(6, 34.56696028406168)	(7, 34.59466521975144)	(8, 34.604326575509255)	(9, 34.620225069428436)	(10, 34.559971459287084)	(12, 34.650326647314294)	(14, 34.597219666039784)	(16, 34.58214806317841)	(18, 34.58002188264457)	(20, 34.55048591851941)	(22, 34.504926755880646)	(24, 34.42883500621973)	(26, 34.338604940258094)	(28, 34.307648381470344)	(30, 34.282236018384474)	(32, 34.26786362004973)	(34, 34.21520345217623)	(36, 34.193510703383)	(38, 34.14024067068445)	(40, 34.069456134309014)	(42, 34.03583881152348)	(44, 33.98524091179531)	(46, 33.899015412098535)	(48, 33.84587745019327)	(50, 33.773027821571034)	(52, 33.72540228486274)	(54, 33.67555447855719)	(56, 33.63952415834079)	(58, 33.5874761729837)	(60, 33.516808561162044)	(62, 33.50651086391756)	(64, 33.49106451523579)	(66, 33.38442038795941)	(68, 33.382784257810314)	(70, 33.41188104652705)	(72, 33.41534342483364)	(74, 33.359079130757564)	(76, 33.347231801562856)	(78, 33.336853812775445)	(80, 33.259416559653204)	(82, 33.22587729181549)	(84, 33.19099582901937)	(86, 33.13617771681105)	(88, 33.12879750016487)	(90, 33.100326979529775)	(92, 33.08835891930103)	(94, 33.01885905456674)	(96, 32.918519250875875)	(98, 32.89008217682692)	(100, 31.46741092148045)
SRR20277663_2	(1, 20.69582324892027)	(2, 30.746510328892118)	(3, 30.69970060162363)	(4, 30.754994535302732)	(5, 30.838732686428003)	(6, 34.351738761348805)	(7, 34.35671895353582)	(8, 34.53056479193894)	(9, 34.47116067593588)	(10, 34.423853740535485)	(12, 34.515974652583495)	(14, 34.456681106794726)	(16, 34.444930963989776)	(18, 34.431099190785865)	(20, 34.39806368534222)	(22, 34.37637820643185)	(24, 34.33840181072741)	(26, 34.309675084594566)	(28, 34.30184094039311)	(30, 34.29186844935592)	(32, 34.261383155850446)	(34, 34.227333434083036)	(36, 34.20597920557337)	(38, 34.15962825013176)	(40, 34.11242579045796)	(42, 34.08879252862027)	(44, 34.03449419268933)	(46, 33.99043994260494)	(48, 33.93076102859577)	(50, 33.87458000967097)	(52, 33.829261194131334)	(54, 33.7564193748528)	(56, 33.70002720992322)	(58, 33.64361810593987)	(60, 33.59518542782759)	(62, 33.59097839895419)	(64, 33.55520885214293)	(66, 33.53141997876352)	(68, 33.52602713761966)	(70, 33.46606142719145)	(72, 33.44985940324516)	(74, 33.41968895382161)	(76, 33.38683571480009)	(78, 33.35584912339277)	(80, 33.334129224923174)	(82, 33.26323381270157)	(84, 33.216288712881294)	(86, 33.232157250428614)	(88, 33.16455306980912)	(90, 33.121376343161224)	(92, 33.07117427383439)	(94, 33.004353014142715)	(96, 32.965874706558566)	(98, 32.891974169971235)	(100, 31.614925720833945)
SRR20277664_1	(1, 23.459153297313083)	(2, 30.96463159684706)	(3, 31.061305547889447)	(4, 31.22899979402587)	(5, 31.279869280940048)	(6, 34.556806982834836)	(7, 34.6173426980901)	(8, 34.61840468359521)	(9, 34.653198715821205)	(10, 34.605548917584585)	(12, 34.70008503508434)	(14, 34.65234154923273)	(16, 34.640240020507306)	(18, 34.629542361993)	(20, 34.61584652651723)	(22, 34.59070549546597)	(24, 34.53244121390962)	(26, 34.44586276762918)	(28, 34.40361698885695)	(30, 34.37014440253467)	(32, 34.35621481010583)	(34, 34.29227809580096)	(36, 34.28376579921947)	(38, 34.235613610254745)	(40, 34.18115402357915)	(42, 34.13284627198874)	(44, 34.06913207608812)	(46, 34.00089192032169)	(48, 33.94536136027611)	(50, 33.88137990879348)	(52, 33.828354456015575)	(54, 33.799444893511094)	(56, 33.739579624444715)	(58, 33.68642718449668)	(60, 33.62725109822149)	(62, 33.600655242582306)	(64, 33.57266475493407)	(66, 33.501934630382706)	(68, 33.47061113227673)	(70, 33.46980793960177)	(72, 33.46752646680689)	(74, 33.4044837821958)	(76, 33.380873399871454)	(78, 33.35239591822058)	(80, 33.24452905196496)	(82, 33.22332992265048)	(84, 33.22132911374662)	(86, 33.15084552241113)	(88, 33.11499965396187)	(90, 33.06282432544215)	(92, 33.02535338356266)	(94, 32.98371995045635)	(96, 32.91730174798234)	(98, 32.82743934713129)	(100, 31.44635182096868)
SRR20277664_2	(1, 20.297136104769322)	(2, 30.765027649398533)	(3, 30.69365697879737)	(4, 30.75757884864044)	(5, 30.844504089273784)	(6, 34.342783806759996)	(7, 34.33400385632548)	(8, 34.51204451906081)	(9, 34.44283605695514)	(10, 34.40065456567704)	(12, 34.47344839851361)	(14, 34.40713795657261)	(16, 34.37800532482974)	(18, 34.36874925416687)	(20, 34.337095085535864)	(22, 34.302050661317885)	(24, 34.25229485560266)	(26, 34.23400867355549)	(28, 34.22045937659961)	(30, 34.197616984467146)	(32, 34.14902759533466)	(34, 34.108537506294454)	(36, 34.0741202326122)	(38, 34.02097398044431)	(40, 33.95209902168111)	(42, 33.9211210049909)	(44, 33.85369075843616)	(46, 33.80238886804119)	(48, 33.71918252149065)	(50, 33.66736842293822)	(52, 33.597352809684516)	(54, 33.532928112068106)	(56, 33.45607555568307)	(58, 33.417283015363495)	(60, 33.39280554954598)	(62, 33.361953979191924)	(64, 33.31453566319453)	(66, 33.28577978252433)	(68, 33.269236233072675)	(70, 33.19248080415413)	(72, 33.14176551232518)	(74, 33.11492709003406)	(76, 33.08642519966835)	(78, 33.07077236588988)	(80, 33.01033395529434)	(82, 32.93200020384516)	(84, 32.876723394685996)	(86, 32.85611255794244)	(88, 32.81349611545963)	(90, 32.724288465362406)	(92, 32.66875379122207)	(94, 32.592898276152994)	(96, 32.50925712714603)	(98, 32.43555920554667)	(100, 31.063367092635595)
SRR20277665_1	(1, 23.45833876448638)	(2, 31.0016661060888)	(3, 31.059603101398533)	(4, 31.21770310825333)	(5, 31.269373707252385)	(6, 34.57206420871918)	(7, 34.62417154937685)	(8, 34.6290150131869)	(9, 34.6572661250786)	(10, 34.61231293007481)	(12, 34.711003877162526)	(14, 34.654483717255175)	(16, 34.642085001600044)	(18, 34.62836564262646)	(20, 34.61946932514357)	(22, 34.591027368157356)	(24, 34.538663002251425)	(26, 34.45393529806701)	(28, 34.41221995820587)	(30, 34.37351386190085)	(32, 34.37141835434937)	(34, 34.30885531893684)	(36, 34.305288334475954)	(38, 34.25981894640259)	(40, 34.215537453716195)	(42, 34.15834473580051)	(44, 34.0986056114875)	(46, 34.03730684428609)	(48, 33.98914945977445)	(50, 33.91503651164369)	(52, 33.875162829696706)	(54, 33.83038220724197)	(56, 33.77166989376751)	(58, 33.70640945993077)	(60, 33.640547457463526)	(62, 33.61561988609498)	(64, 33.591030059900966)	(66, 33.526969336895874)	(68, 33.49975402126928)	(70, 33.50207005694311)	(72, 33.49447278269967)	(74, 33.4334943086008)	(76, 33.410296226146826)	(78, 33.37860042230144)	(80, 33.291659336923175)	(82, 33.25554117044843)	(84, 33.240000688007)	(86, 33.198564115606864)	(88, 33.14838066069774)	(90, 33.1098835057533)	(92, 33.10558002914989)	(94, 33.04973158168485)	(96, 32.982182924438746)	(98, 32.92390508113928)	(100, 31.600799108205763)
SRR20277665_2	(1, 20.387891707484666)	(2, 30.76048845925854)	(3, 30.682400495060698)	(4, 30.756112400183696)	(5, 30.842218936497954)	(6, 34.35120375069806)	(7, 34.35259235002411)	(8, 34.51081773216122)	(9, 34.443218789575646)	(10, 34.41110750415461)	(12, 34.48601970889967)	(14, 34.41436613678739)	(16, 34.39327787223347)	(18, 34.38216718338094)	(20, 34.34983841505753)	(22, 34.31848086120861)	(24, 34.268402907143795)	(26, 34.24533130980706)	(28, 34.23120309008043)	(30, 34.210461827370196)	(32, 34.17429603081272)	(34, 34.13883045343113)	(36, 34.09655237257793)	(38, 34.04416097179799)	(40, 33.982361969938864)	(42, 33.95456743764762)	(44, 33.882038568034616)	(46, 33.83368789745445)	(48, 33.772461928222484)	(50, 33.711298599111835)	(52, 33.65081390209151)	(54, 33.58584029176301)	(56, 33.50027759801227)	(58, 33.4389053590415)	(60, 33.40696875352076)	(62, 33.39265339613549)	(64, 33.34479710287616)	(66, 33.31767956466321)	(68, 33.308220272414346)	(70, 33.22819284668274)	(72, 33.194451532450955)	(74, 33.168895349298154)	(76, 33.12629845310623)	(78, 33.10828326883133)	(80, 33.061758572397096)	(82, 32.979015821673414)	(84, 32.918619644160174)	(86, 32.9060327610476)	(88, 32.86300202509661)	(90, 32.80217838947628)	(92, 32.741017661834)	(94, 32.66135518757564)	(96, 32.59834105307569)	(98, 32.52939245412054)	(100, 31.21667927092704)
SRR20277666_1	(1, 23.469311845480306)	(2, 30.97582994621086)	(3, 31.048452960739933)	(4, 31.21102189282593)	(5, 31.265385494943033)	(6, 34.5517142452541)	(7, 34.59347243564391)	(8, 34.60545148368109)	(9, 34.63671627775672)	(10, 34.589739000998605)	(12, 34.68896723431616)	(14, 34.634161213433856)	(16, 34.624692374884226)	(18, 34.610727913204116)	(20, 34.592119572564926)	(22, 34.56399324210062)	(24, 34.50098245265094)	(26, 34.408068325084926)	(28, 34.36486658808573)	(30, 34.33219261892202)	(32, 34.31566707790282)	(34, 34.25507833498851)	(36, 34.22540436540006)	(38, 34.176811981574204)	(40, 34.10562733431026)	(42, 34.05541637701553)	(44, 34.006564412236216)	(46, 33.94146412891621)	(48, 33.8861850586142)	(50, 33.81304354128798)	(52, 33.76151020547325)	(54, 33.73094161869058)	(56, 33.66638699912491)	(58, 33.616131950635)	(60, 33.54722983566906)	(62, 33.524348063271844)	(64, 33.496948739408296)	(66, 33.423612316851745)	(68, 33.41557657720643)	(70, 33.38814229557668)	(72, 33.39453745721639)	(74, 33.34236145225351)	(76, 33.32475792992717)	(78, 33.29476077751903)	(80, 33.19421785070774)	(82, 33.170921121865604)	(84, 33.16499979368727)	(86, 33.10206037498395)	(88, 33.06989522150806)	(90, 33.01640454545131)	(92, 32.97267058990889)	(94, 32.93178861178487)	(96, 32.86916271723459)	(98, 32.77601871045904)	(100, 31.42753610803396)
SRR20277666_2	(1, 20.431373476826032)	(2, 30.737378433657693)	(3, 30.68117114313722)	(4, 30.73921467489811)	(5, 30.824389825296432)	(6, 34.315835784786614)	(7, 34.3050777277583)	(8, 34.48260823935777)	(9, 34.42263302809895)	(10, 34.376684548259675)	(12, 34.45998570603)	(14, 34.38591920217742)	(16, 34.36398444299117)	(18, 34.35068295067137)	(20, 34.311187093814546)	(22, 34.280246079469705)	(24, 34.233483223718736)	(26, 34.20524850839055)	(28, 34.18590828349081)	(30, 34.15287077820332)	(32, 34.10897244503879)	(34, 34.067811803547045)	(36, 34.02624581645803)	(38, 33.973990799444934)	(40, 33.90490332853746)	(42, 33.86865933832183)	(44, 33.808792356816205)	(46, 33.75624734793746)	(48, 33.68848314296022)	(50, 33.623757865034605)	(52, 33.55866884487996)	(54, 33.48790484962325)	(56, 33.42327233644553)	(58, 33.38464987031123)	(60, 33.34601748618593)	(62, 33.331478621057)	(64, 33.287868862183274)	(66, 33.23951537688443)	(68, 33.22937489469148)	(70, 33.16636655788123)	(72, 33.11778435766415)	(74, 33.09288745301477)	(76, 33.048518017136004)	(78, 33.01592196191535)	(80, 32.97954534579041)	(82, 32.90607310904179)	(84, 32.86478613433643)	(86, 32.84928081817016)	(88, 32.77629999039404)	(90, 32.71137089649375)	(92, 32.64536182715475)	(94, 32.575576352584136)	(96, 32.49789266192058)	(98, 32.403007844536134)	(100, 31.05397311971052)
SRR20277667_1	(1, 23.454213124341646)	(2, 30.950493373582074)	(3, 31.031088187685715)	(4, 31.198127739283937)	(5, 31.253906875129974)	(6, 34.55617606278635)	(7, 34.58863569705245)	(8, 34.60817109555927)	(9, 34.635180948067976)	(10, 34.581714404081794)	(12, 34.685033533926294)	(14, 34.62864249583639)	(16, 34.620015954230254)	(18, 34.60669806467285)	(20, 34.592001597760984)	(22, 34.562550448765336)	(24, 34.50044614097119)	(26, 34.405003710924966)	(28, 34.366110832569305)	(30, 34.32937062969762)	(32, 34.322269080110274)	(34, 34.2775082760816)	(36, 34.24383096018136)	(38, 34.19288602772289)	(40, 34.137569237465925)	(42, 34.08007564076306)	(44, 34.024865050437796)	(46, 33.96791079880412)	(48, 33.92245141912742)	(50, 33.84859166298514)	(52, 33.79912958289683)	(54, 33.76324783648381)	(56, 33.6990884935485)	(58, 33.628118539758376)	(60, 33.566408365611224)	(62, 33.541784941804956)	(64, 33.519346629996484)	(66, 33.45897235309593)	(68, 33.449099359466274)	(70, 33.43030069247768)	(72, 33.426332612854694)	(74, 33.377910839666725)	(76, 33.3584386664048)	(78, 33.33099058585851)	(80, 33.24310308077203)	(82, 33.21529221079558)	(84, 33.19887804589878)	(86, 33.15334740395636)	(88, 33.12233477638536)	(90, 33.08378774306669)	(92, 33.06372232764754)	(94, 33.01304453879757)	(96, 32.941626781021526)	(98, 32.894823720180256)	(100, 31.614547618100026)
SRR20277667_2	(1, 20.61696871729415)	(2, 30.737961236878352)	(3, 30.674811686193102)	(4, 30.73715604389798)	(5, 30.82373451263088)	(6, 34.32126159525235)	(7, 34.320969701107174)	(8, 34.49378073758155)	(9, 34.43303215359547)	(10, 34.390886765528805)	(12, 34.471654939270934)	(14, 34.40087733069643)	(16, 34.37617381600803)	(18, 34.36199701886885)	(20, 34.33031878885322)	(22, 34.29457625141286)	(24, 34.25233635136527)	(26, 34.21759147935623)	(28, 34.19665950121288)	(30, 34.16805714812757)	(32, 34.139930102048396)	(34, 34.09418770605453)	(36, 34.056610814485886)	(38, 34.00721884035269)	(40, 33.94908890178364)	(42, 33.91273419149124)	(44, 33.84843376224957)	(46, 33.79937700464737)	(48, 33.74140662300191)	(50, 33.675511482709695)	(52, 33.623707459510356)	(54, 33.54882617008143)	(56, 33.478516593372774)	(58, 33.41602274725089)	(60, 33.36843044508787)	(62, 33.36190079628366)	(64, 33.3161440394788)	(66, 33.28292853367115)	(68, 33.26935489492908)	(70, 33.21390962377818)	(72, 33.19060067154568)	(74, 33.15836858672641)	(76, 33.11001188305143)	(78, 33.074088434133756)	(80, 33.04325576007636)	(82, 32.96360367784145)	(84, 32.90776187556672)	(86, 32.90938426637618)	(88, 32.841710412837514)	(90, 32.803948311845694)	(92, 32.749898056110155)	(94, 32.677038381314986)	(96, 32.61092083904873)	(98, 32.530751895819876)	(100, 31.2501477055532)
SRR20277668_1	(1, 23.579334840282936)	(2, 30.93155536436652)	(3, 31.053147917078583)	(4, 31.19047103753302)	(5, 31.24070591949754)	(6, 34.53548245098406)	(7, 34.60325944648993)	(8, 34.62355795521545)	(9, 34.6352910318686)	(10, 34.597812451571876)	(12, 34.68779101405596)	(14, 34.63410610145369)	(16, 34.613780261453975)	(18, 34.594275083318635)	(20, 34.58009839036051)	(22, 34.55320363725265)	(24, 34.4897444820885)	(26, 34.3924561675386)	(28, 34.33872421842575)	(30, 34.29997721094979)	(32, 34.28554596418947)	(34, 34.215278594190586)	(36, 34.25161128200591)	(38, 34.201993797008456)	(40, 34.13773961800776)	(42, 34.093073863970886)	(44, 34.02691850022782)	(46, 33.96189410790612)	(48, 33.89904213891582)	(50, 33.835445118113725)	(52, 33.78403265996833)	(54, 33.75216490854332)	(56, 33.690077999824936)	(58, 33.63883057255167)	(60, 33.58155269259289)	(62, 33.54702113491261)	(64, 33.52081978166518)	(66, 33.44821393146387)	(68, 33.42007420855211)	(70, 33.41834244390387)	(72, 33.42574670537225)	(74, 33.36602460668617)	(76, 33.34186543454977)	(78, 33.306581782006226)	(80, 33.19825634376862)	(82, 33.17682217045564)	(84, 33.16520407206491)	(86, 33.095309110200915)	(88, 33.05898998760826)	(90, 33.01091463786632)	(92, 32.96600576118002)	(94, 32.92296736580823)	(96, 32.858732773401215)	(98, 32.769429004318795)	(100, 31.309331628104516)
SRR20277668_2	(1, 20.240341762276028)	(2, 30.74619455146874)	(3, 30.659946624415078)	(4, 30.716492637143993)	(5, 30.784373502624693)	(6, 34.27127018840432)	(7, 34.254675484815614)	(8, 34.42254283495339)	(9, 34.35658373100059)	(10, 34.2989753054423)	(12, 34.369018737119234)	(14, 34.293850441041045)	(16, 34.26640043445036)	(18, 34.252860654810576)	(20, 34.23007115928243)	(22, 34.18890463823413)	(24, 34.13802811146796)	(26, 34.11806542672858)	(28, 34.095509666476076)	(30, 34.07234148528943)	(32, 34.01702153904799)	(34, 33.96957739727004)	(36, 33.9798891625787)	(38, 33.92202550609442)	(40, 33.84891107082092)	(42, 33.813813420838095)	(44, 33.74364954526654)	(46, 33.68869798423587)	(48, 33.60297312879453)	(50, 33.55101706892775)	(52, 33.474175271118796)	(54, 33.40344240019788)	(56, 33.329383938567815)	(58, 33.29302159448048)	(60, 33.26435430784497)	(62, 33.23153931023885)	(64, 33.18072599312676)	(66, 33.145650339474976)	(68, 33.132287957898356)	(70, 33.05011157429573)	(72, 32.99173094912595)	(74, 32.96339529856063)	(76, 32.92183775920495)	(78, 32.906266819657425)	(80, 32.85124221131338)	(82, 32.77548036469648)	(84, 32.717982980194606)	(86, 32.68028140974232)	(88, 32.62862538754123)	(90, 32.54094943917322)	(92, 32.4829504480921)	(94, 32.403921449754606)	(96, 32.32253860904903)	(98, 32.236859079798826)	(100, 30.778266737143465)
SRR20277669_1	(1, 23.567060220070488)	(2, 30.97466544562603)	(3, 31.05619765906801)	(4, 31.187378766692323)	(5, 31.237489911972936)	(6, 34.554294002345806)	(7, 34.612349274256715)	(8, 34.63924252438258)	(9, 34.64664024099129)	(10, 34.60609914328934)	(12, 34.7005295329293)	(14, 34.63910218399768)	(16, 34.621532338037966)	(18, 34.602291659941315)	(20, 34.589718792529)	(22, 34.55925139335122)	(24, 34.498742486720616)	(26, 34.40923443130712)	(28, 34.35702225793974)	(30, 34.31245285882652)	(32, 34.30810661111951)	(34, 34.2369202817908)	(36, 34.27425050367337)	(38, 34.224124501478634)	(40, 34.174142178113826)	(42, 34.12301398192214)	(44, 34.061573023897566)	(46, 34.002166580913354)	(48, 33.942811449293686)	(50, 33.87525292055476)	(52, 33.8365316402578)	(54, 33.79312928430718)	(56, 33.72731970936593)	(58, 33.664312061753776)	(60, 33.59982362951462)	(62, 33.572912396828556)	(64, 33.55032294912138)	(66, 33.48453606848369)	(68, 33.459801843756296)	(70, 33.459466532240135)	(72, 33.45863508274614)	(74, 33.39716542851107)	(76, 33.37648861983159)	(78, 33.339758691235645)	(80, 33.25222320580678)	(82, 33.21638926156944)	(84, 33.19841661544089)	(86, 33.1498804414468)	(88, 33.10194338656293)	(90, 33.06312237433028)	(92, 33.05420623928197)	(94, 32.99357395116475)	(96, 32.93352244783961)	(98, 32.87304500362656)	(100, 31.475760852461363)
SRR20277669_2	(1, 20.3553231651684)	(2, 30.740277747100738)	(3, 30.650216825328325)	(4, 30.71305692280769)	(5, 30.783268685008327)	(6, 34.277221305686616)	(7, 34.26967588620309)	(8, 34.42584449175316)	(9, 34.35371531063761)	(10, 34.30947671386023)	(12, 34.38138768210128)	(14, 34.302285203603994)	(16, 34.27967760222958)	(18, 34.2667324759997)	(20, 34.24571817407984)	(22, 34.20335270800875)	(24, 34.15117564805486)	(26, 34.1290265032647)	(28, 34.10894010161369)	(30, 34.08615693317181)	(32, 34.047952066792504)	(34, 34.005694829323325)	(36, 34.002243409743585)	(38, 33.94680259457877)	(40, 33.879461459914936)	(42, 33.84813978561819)	(44, 33.774135699165114)	(46, 33.72070813584723)	(48, 33.65238546148446)	(50, 33.59224865148417)	(52, 33.524539495375286)	(54, 33.45861806923929)	(56, 33.375312123542926)	(58, 33.313153534187705)	(60, 33.280435982342325)	(62, 33.26430049545412)	(64, 33.2116811397151)	(66, 33.18045576590927)	(68, 33.17298294769516)	(70, 33.08637317039578)	(72, 33.04680627167564)	(74, 33.01551175785039)	(76, 32.96871314234386)	(78, 32.945718348868894)	(80, 32.89928752038694)	(82, 32.82441127481954)	(84, 32.75750197112376)	(86, 32.73138077654133)	(88, 32.685351725741796)	(90, 32.61978298299306)	(92, 32.55302586161416)	(94, 32.472614663637046)	(96, 32.40910016709026)	(98, 32.3249282160444)	(100, 30.93060001196212)
SRR20277670_1	(1, 23.592551449445924)	(2, 30.952403818853664)	(3, 31.04377603143548)	(4, 31.182429639819006)	(5, 31.23642136731287)	(6, 34.53304691454896)	(7, 34.581061235195286)	(8, 34.61856352661512)	(9, 34.62106884891479)	(10, 34.587311196066786)	(12, 34.681563650618145)	(14, 34.62184460916917)	(16, 34.60363099293468)	(18, 34.57919871862814)	(20, 34.562902975490346)	(22, 34.53120334441306)	(24, 34.463029306998855)	(26, 34.36115039215818)	(28, 34.310267417069824)	(30, 34.26703089212869)	(32, 34.251714487276075)	(34, 34.183764237419325)	(36, 34.19767832203827)	(38, 34.13669019988498)	(40, 34.067624522205705)	(42, 34.01682847708052)	(44, 33.96581952999882)	(46, 33.89963642321453)	(48, 33.842742718742606)	(50, 33.770528767403576)	(52, 33.72160480927184)	(54, 33.692308628118724)	(56, 33.62102750645577)	(58, 33.57071630213853)	(60, 33.50352673915074)	(62, 33.47709323024365)	(64, 33.450417153141395)	(66, 33.378835177038596)	(68, 33.370361106391044)	(70, 33.343446336620616)	(72, 33.355522048250464)	(74, 33.30840442065949)	(76, 33.2923629740654)	(78, 33.249746942529484)	(80, 33.15525711718661)	(82, 33.12925618573503)	(84, 33.11537974329224)	(86, 33.05570364439339)	(88, 33.02142253031426)	(90, 32.97192985786755)	(92, 32.923827296031284)	(94, 32.8741568434217)	(96, 32.81754133207515)	(98, 32.725268823603386)	(100, 31.299321741920796)
SRR20277670_2	(1, 20.41502536570182)	(2, 30.72225630139082)	(3, 30.653377950989043)	(4, 30.703155223333393)	(5, 30.76627012426772)	(6, 34.248977524260496)	(7, 34.2315650400231)	(8, 34.40026054912579)	(9, 34.33812844625974)	(10, 34.27974405732827)	(12, 34.36087888156086)	(14, 34.27495489376434)	(16, 34.255282457241194)	(18, 34.2390774922218)	(20, 34.21095434327441)	(22, 34.168218059035325)	(24, 34.12013997952907)	(26, 34.09349509155629)	(28, 34.06770043155028)	(30, 34.03173439365983)	(32, 33.98436282382883)	(34, 33.93262187744965)	(36, 33.93150949739924)	(38, 33.877518341401824)	(40, 33.80043263792194)	(42, 33.76388443656175)	(44, 33.69768582198198)	(46, 33.63916058204573)	(48, 33.56960057092937)	(50, 33.50560742554015)	(52, 33.43077224047211)	(54, 33.35565841384272)	(56, 33.29526345134624)	(58, 33.25727029549859)	(60, 33.21369682423635)	(62, 33.19815258073665)	(64, 33.1509303921019)	(66, 33.099692001506696)	(68, 33.08746837158992)	(70, 33.02206078387752)	(72, 32.96134681308615)	(74, 32.93361315751124)	(76, 32.88357401003201)	(78, 32.84944653038076)	(80, 32.81692727943955)	(82, 32.74585392413374)	(84, 32.70139551417121)	(86, 32.67056757439438)	(88, 32.59227104076486)	(90, 32.52377248955341)	(92, 32.45544172429551)	(94, 32.38437159743833)	(96, 32.307569145571904)	(98, 32.19860185631211)	(100, 30.762038932475598)
SRR20277671_1	(1, 23.569823021552494)	(2, 30.92825703260934)	(3, 31.027109425062637)	(4, 31.16760308836938)	(5, 31.22637406814321)	(6, 34.536918208563314)	(7, 34.57942319791831)	(8, 34.61793580892391)	(9, 34.62491956439789)	(10, 34.580514472595105)	(12, 34.67711897224876)	(14, 34.61504851177926)	(16, 34.59940213821196)	(18, 34.57993683429618)	(20, 34.56380577893189)	(22, 34.5340614870089)	(24, 34.46272662269744)	(26, 34.36297881821487)	(28, 34.31253524297924)	(30, 34.268997950149824)	(32, 34.26610931148019)	(34, 34.212460888957054)	(36, 34.218651459249884)	(38, 34.16176497616236)	(40, 34.09929020876399)	(42, 34.04165506883797)	(44, 33.98649480082311)	(46, 33.93454099114191)	(48, 33.88028484315984)	(50, 33.81118825718407)	(52, 33.76208202202544)	(54, 33.725270313173795)	(56, 33.65633386409343)	(58, 33.58619944829192)	(60, 33.526638565884795)	(62, 33.5006277781586)	(64, 33.47983102112758)	(66, 33.420518618817425)	(68, 33.407129629252225)	(70, 33.39174784545274)	(72, 33.394071075062485)	(74, 33.35154734104813)	(76, 33.33025412987425)	(78, 33.29430534492765)	(80, 33.208332768384636)	(82, 33.17947283934359)	(84, 33.15703312689507)	(86, 33.11317530058869)	(88, 33.079779889167426)	(90, 33.04149144797077)	(92, 33.015067506743705)	(94, 32.96184307812669)	(96, 32.899119975798726)	(98, 32.8502849024806)	(100, 31.49425058272313)
SRR20277671_2	(1, 20.610210972690577)	(2, 30.713819071208594)	(3, 30.640632287554986)	(4, 30.69634492574883)	(5, 30.761850696318543)	(6, 34.249667301804216)	(7, 34.23952257808905)	(8, 34.40948965706597)	(9, 34.3418893188228)	(10, 34.290128310157)	(12, 34.367397242540115)	(14, 34.28751937944632)	(16, 34.263890261467694)	(18, 34.25045611849421)	(20, 34.22529749434435)	(22, 34.18375795580212)	(24, 34.133164185665265)	(26, 34.10300262357569)	(28, 34.07629397910172)	(30, 34.04598786769523)	(32, 34.01501624810342)	(34, 33.960457712673076)	(36, 33.964240768979465)	(38, 33.912309635284494)	(40, 33.84567588802183)	(42, 33.809052302148345)	(44, 33.737716113864366)	(46, 33.688407607203544)	(48, 33.62451228463624)	(50, 33.55263496129281)	(52, 33.50063265730893)	(54, 33.417987330470496)	(56, 33.35370461024791)	(58, 33.290870418355965)	(60, 33.241406741505216)	(62, 33.233562826921634)	(64, 33.181212660247276)	(66, 33.14537652042438)	(68, 33.13661017939962)	(70, 33.06783697412871)	(72, 33.038315320019734)	(74, 33.00300590438594)	(76, 32.9490556689523)	(78, 32.910250795046)	(80, 32.88024387224548)	(82, 32.80871878722856)	(84, 32.749539815742224)	(86, 32.73596460077543)	(88, 32.66396656552727)	(90, 32.61937119409522)	(92, 32.56540322553943)	(94, 32.49207062371791)	(96, 32.42497980302788)	(98, 32.3306606683151)	(100, 30.96480117409145)
SRR20277672_1	(1, 23.359994214792174)	(2, 30.835338581911067)	(3, 30.9684231624364)	(4, 31.16354324663431)	(5, 31.226371175929337)	(6, 34.52447749808123)	(7, 34.60324777656411)	(8, 34.58597680885218)	(9, 34.63895259599278)	(10, 34.59023129742586)	(12, 34.70337169590649)	(14, 34.652399806031)	(16, 34.630495962337484)	(18, 34.624211881686534)	(20, 34.611310760927715)	(22, 34.587568635254925)	(24, 34.525268135201685)	(26, 34.437367255890635)	(28, 34.39113328668125)	(30, 34.357418116118374)	(32, 34.33952319967301)	(34, 34.276487804145205)	(36, 34.27642733394161)	(38, 34.22287663402725)	(40, 34.16546014472313)	(42, 34.12079375666735)	(44, 34.05960765294314)	(46, 33.985746264218825)	(48, 33.92878550209538)	(50, 33.860190499611)	(52, 33.811953062368985)	(54, 33.77223705169819)	(56, 33.72113177321255)	(58, 33.66731417438501)	(60, 33.6099714195513)	(62, 33.580213528039465)	(64, 33.547651829173546)	(66, 33.463812831902985)	(68, 33.44433232707654)	(70, 33.4556969826952)	(72, 33.45398940335274)	(74, 33.38995105539121)	(76, 33.3660691927642)	(78, 33.32980293805318)	(80, 33.22298653222245)	(82, 33.206699136233766)	(84, 33.19951602509984)	(86, 33.12201657352229)	(88, 33.087305498504364)	(90, 33.04332968351656)	(92, 32.998036603688405)	(94, 32.955601024551505)	(96, 32.890521761155256)	(98, 32.79067428662553)	(100, 31.341017312261336)
SRR20277672_2	(1, 20.466630308408092)	(2, 30.83194937060826)	(3, 30.796402654756992)	(4, 30.87623470726455)	(5, 30.95958975102502)	(6, 34.50301094312838)	(7, 34.50408702516911)	(8, 34.66984241031884)	(9, 34.61022865759689)	(10, 34.56346028398789)	(12, 34.64329639043333)	(14, 34.58459966230697)	(16, 34.56449213041232)	(18, 34.55228691578433)	(20, 34.5216195911079)	(22, 34.49152709097645)	(24, 34.4474200083535)	(26, 34.43110904890206)	(28, 34.4197583805329)	(30, 34.400757812146956)	(32, 34.35047568787874)	(34, 34.311245730994756)	(36, 34.2894604664271)	(38, 34.24005615413506)	(40, 34.17185367404911)	(42, 34.1413322466975)	(44, 34.07691046502703)	(46, 34.0216366176068)	(48, 33.94238886409844)	(50, 33.89181237727974)	(52, 33.81892373083217)	(54, 33.75740391564095)	(56, 33.6800138446183)	(58, 33.647832843333816)	(60, 33.61645631186606)	(62, 33.58222468600228)	(64, 33.53736417897655)	(66, 33.50436998104108)	(68, 33.49137364895381)	(70, 33.412218979062075)	(72, 33.35947452128245)	(74, 33.33127216238556)	(76, 33.30163228501213)	(78, 33.286903424952314)	(80, 33.22913438048866)	(82, 33.14938035681472)	(84, 33.096591544980974)	(86, 33.07488027661883)	(88, 33.02688473372356)	(90, 32.932700830478396)	(92, 32.877499998955166)	(94, 32.80040313236303)	(96, 32.72315834237817)	(98, 32.648604614586496)	(100, 31.199696280711798)
SRR20277673_1	(1, 23.355865858083757)	(2, 30.87735298344486)	(3, 30.96355131217453)	(4, 31.147290746768384)	(5, 31.212509767381114)	(6, 34.54158164912228)	(7, 34.604486922778385)	(8, 34.59513274609905)	(9, 34.63841940460469)	(10, 34.59179835574069)	(12, 34.70867788679757)	(14, 34.64670971281488)	(16, 34.626694898798924)	(18, 34.61964531698754)	(20, 34.606812790068645)	(22, 34.5814407267451)	(24, 34.52589057861731)	(26, 34.442489140552084)	(28, 34.39486420650278)	(30, 34.357717300885795)	(32, 34.34939329072748)	(34, 34.28034282240026)	(36, 34.28768072455277)	(38, 34.239438956125376)	(40, 34.19038026716868)	(42, 34.13910996820459)	(44, 34.08344262294247)	(46, 34.01682288963228)	(48, 33.96786410913532)	(50, 33.89271606600042)	(52, 33.848059434774285)	(54, 33.798655537017446)	(56, 33.74466487595344)	(58, 33.680122317054355)	(60, 33.61487807603294)	(62, 33.58598566057481)	(64, 33.55940851296828)	(66, 33.48743187295713)	(68, 33.46516369165642)	(70, 33.48060516686771)	(72, 33.47447600208246)	(74, 33.41018278969551)	(76, 33.38565328414715)	(78, 33.34777667213092)	(80, 33.26499599315003)	(82, 33.23331448059403)	(84, 33.21602394599246)	(86, 33.161545269831876)	(88, 33.1180261539843)	(90, 33.081291345416005)	(92, 33.07221632661127)	(94, 33.011425783752514)	(96, 32.94757001441553)	(98, 32.879789031890525)	(100, 31.486486476119616)
SRR20277673_2	(1, 20.56495447577949)	(2, 30.83523247418307)	(3, 30.7996565740566)	(4, 30.893900207109294)	(5, 30.977546463546364)	(6, 34.53483878595812)	(7, 34.54105243577893)	(8, 34.69508666409584)	(9, 34.63311082214697)	(10, 34.59793674818374)	(12, 34.674959242286214)	(14, 34.61418281866027)	(16, 34.60057186949715)	(18, 34.59132448779841)	(20, 34.5611036107958)	(22, 34.53055733993801)	(24, 34.487239576698585)	(26, 34.467020386648535)	(28, 34.45576535825604)	(30, 34.43656390520118)	(32, 34.39920575948361)	(34, 34.36832376775165)	(36, 34.33668622958814)	(38, 34.28850548553804)	(40, 34.23051826928838)	(42, 34.19585158309057)	(44, 34.13114508159512)	(46, 34.08211335985369)	(48, 34.01734228281953)	(50, 33.95987062408301)	(52, 33.899547188018374)	(54, 33.83575046298248)	(56, 33.753570955543566)	(58, 33.692815103010865)	(60, 33.658357724453694)	(62, 33.6380349874629)	(64, 33.59650944466375)	(66, 33.57007792771685)	(68, 33.559543961124604)	(70, 33.47878263011313)	(72, 33.44338012887626)	(74, 33.41395957287854)	(76, 33.371206455290164)	(78, 33.35311623561017)	(80, 33.30606247354981)	(82, 33.229623579341535)	(84, 33.16334835884233)	(86, 33.14972544370052)	(88, 33.10703169047377)	(90, 33.04352848339581)	(92, 32.97798098519348)	(94, 32.8949648335593)	(96, 32.84145277588202)	(98, 32.76959256173477)	(100, 31.379336780843445)
SRR20277674_1	(1, 23.361014242165087)	(2, 30.84870119657515)	(3, 30.952591966009635)	(4, 31.145270394624568)	(5, 31.209837218740784)	(6, 34.51771283534914)	(7, 34.57674554122665)	(8, 34.57604665070341)	(9, 34.62070764338609)	(10, 34.57494662713617)	(12, 34.69305410617304)	(14, 34.6310149640014)	(16, 34.61294377994605)	(18, 34.6028313790372)	(20, 34.587027645374725)	(22, 34.55600374207594)	(24, 34.493519128901326)	(26, 34.400705857916805)	(28, 34.3524432127548)	(30, 34.320281281923926)	(32, 34.300585069843635)	(34, 34.23649777688757)	(36, 34.21719344706901)	(38, 34.158134192106544)	(40, 34.08832685571104)	(42, 34.0431231573956)	(44, 33.99507430829277)	(46, 33.92654812919814)	(48, 33.87164858491175)	(50, 33.794104067489)	(52, 33.74092577900943)	(54, 33.70601090248262)	(56, 33.64379093840629)	(58, 33.59720752051486)	(60, 33.52654702866175)	(62, 33.50207907692409)	(64, 33.469903809905844)	(66, 33.390033936796186)	(68, 33.38659810163773)	(70, 33.37459235646462)	(72, 33.377285209880796)	(74, 33.325321729917135)	(76, 33.30449887418846)	(78, 33.26632107214998)	(80, 33.1699023753539)	(82, 33.150392691076505)	(84, 33.14260233958015)	(86, 33.072068462421726)	(88, 33.04276658725432)	(90, 32.996589355069695)	(92, 32.94714952349106)	(94, 32.8970162494899)	(96, 32.84034137614091)	(98, 32.73682632938703)	(100, 31.313088793213467)
SRR20277674_2	(1, 20.633894541148734)	(2, 30.81478588470601)	(3, 30.798311643984594)	(4, 30.8729931396868)	(5, 30.950524215696163)	(6, 34.49378300548739)	(7, 34.48673816989159)	(8, 34.65956621939904)	(9, 34.60408772079945)	(10, 34.55634512045823)	(12, 34.64245666711443)	(14, 34.57776883980827)	(16, 34.564897625923386)	(18, 34.55292338926529)	(20, 34.5150357667503)	(22, 34.488687546220234)	(24, 34.44601423260434)	(26, 34.42223372964219)	(28, 34.40479427187033)	(30, 34.37407661121274)	(32, 34.32901699518186)	(34, 34.289058515110995)	(36, 34.26152112216558)	(38, 34.21118090037002)	(40, 34.14221035356617)	(42, 34.10541202175516)	(44, 34.04768596921092)	(46, 33.994268456474984)	(48, 33.92921069880108)	(50, 33.86431013109095)	(52, 33.795328989820995)	(54, 33.72875978266207)	(56, 33.66351931450927)	(58, 33.63232027747226)	(60, 33.58731154204379)	(62, 33.56813374714105)	(64, 33.52453359477006)	(66, 33.480049178857)	(68, 33.46608743410238)	(70, 33.402591203783075)	(72, 33.34674675929723)	(74, 33.323152497738704)	(76, 33.28233487813101)	(78, 33.24963453477776)	(80, 33.21110201847601)	(82, 33.13906426867379)	(84, 33.09299590286329)	(86, 33.07599170699623)	(88, 33.00499258028407)	(90, 32.93499315602776)	(92, 32.86981424383583)	(94, 32.79981501926364)	(96, 32.72291500503641)	(98, 32.63030437983106)	(100, 31.196472888754954)
SRR20277675_1	(1, 23.31712095464748)	(2, 30.820465252804745)	(3, 30.926570966070116)	(4, 31.123661744623025)	(5, 31.198802500907057)	(6, 34.51554203983408)	(7, 34.56477739242298)	(8, 34.56984847371113)	(9, 34.61453125718563)	(10, 34.55594353411105)	(12, 34.68234001829357)	(14, 34.61896619109733)	(16, 34.60140836236303)	(18, 34.59421736828607)	(20, 34.57959924202767)	(22, 34.55109377806464)	(24, 34.48495446997036)	(26, 34.39059857972537)	(28, 34.34472958964156)	(30, 34.30842276728323)	(32, 34.30259083786633)	(34, 34.24961161169772)	(36, 34.223429363449895)	(38, 34.16736697723235)	(40, 34.111089486512185)	(42, 34.05260596409349)	(44, 34.003215774774375)	(46, 33.94415279740525)	(48, 33.89954768724316)	(50, 33.82101196554473)	(52, 33.76725052440395)	(54, 33.72718264725704)	(56, 33.66769390179423)	(58, 33.59724398254187)	(60, 33.532885368059276)	(62, 33.507592049446814)	(64, 33.48189664609465)	(66, 33.408636016844824)	(68, 33.40526327469301)	(70, 33.401686650315)	(72, 33.40076186573732)	(74, 33.348641468988504)	(76, 33.326252884132)	(78, 33.29141212346983)	(80, 33.20614625637233)	(82, 33.17802747831061)	(84, 33.16061247056231)	(86, 33.10847356459202)	(88, 33.08057088731287)	(90, 33.04416117981484)	(92, 33.021801845028506)	(94, 32.96729092482292)	(96, 32.898001054277366)	(98, 32.842762230650905)	(100, 31.484724552373883)
SRR20277675_2	(1, 20.795740291717948)	(2, 30.829777771111644)	(3, 30.81113476073136)	(4, 30.89410749279221)	(5, 30.971568848264596)	(6, 34.525830471682454)	(7, 34.53522777658435)	(8, 34.698906066989096)	(9, 34.64269850444627)	(10, 34.59575146024457)	(12, 34.68059495150368)	(14, 34.62173272562996)	(16, 34.60817523752952)	(18, 34.59423435039647)	(20, 34.563016645071286)	(22, 34.53190572871041)	(24, 34.49177675392042)	(26, 34.467234257552676)	(28, 34.446053351345114)	(30, 34.42036549220292)	(32, 34.392201157932014)	(34, 34.346934227046845)	(36, 34.32400830373369)	(38, 34.27894545820887)	(40, 34.21984377128025)	(42, 34.18473170660965)	(44, 34.123370923230425)	(46, 34.07800479065509)	(48, 34.013425507207316)	(50, 33.94964198147001)	(52, 33.90008460818102)	(54, 33.82656637190911)	(56, 33.757393114553025)	(58, 33.70040885286791)	(60, 33.647909870264385)	(62, 33.63810359563183)	(64, 33.59452815109887)	(66, 33.56114884161863)	(68, 33.54831024660268)	(70, 33.487228032104554)	(72, 33.46423993919356)	(74, 33.42718572523435)	(76, 33.37997259623748)	(78, 33.34512918913815)	(80, 33.31175216620146)	(82, 33.24135075185367)	(84, 33.181424370876734)	(86, 33.182419299672446)	(88, 33.11429626241828)	(90, 33.066277802095755)	(92, 33.01373812691756)	(94, 32.93993469909885)	(96, 32.87706688296735)	(98, 32.79790382699583)	(100, 31.43567391643546)
SRR20277676_1	(1, 23.34047049482513)	(2, 30.827308229471605)	(3, 30.99312963428278)	(4, 31.17998282646903)	(5, 31.24569779896891)	(6, 34.56300472782814)	(7, 34.641893337527975)	(8, 34.64713950395597)	(9, 34.67993032530971)	(10, 34.64698731187936)	(12, 34.74265851979416)	(14, 34.68897863795242)	(16, 34.681656190268015)	(18, 34.67674396117502)	(20, 34.664806995251745)	(22, 34.64335935239037)	(24, 34.58435724212976)	(26, 34.50798848379239)	(28, 34.47033398500142)	(30, 34.443231265904416)	(32, 34.42734282167515)	(34, 34.373899433382434)	(36, 34.38429904260968)	(38, 34.33851691151841)	(40, 34.28786398988913)	(42, 34.24606660410268)	(44, 34.191757539334574)	(46, 34.11759064240003)	(48, 34.06210408268403)	(50, 33.99744033873481)	(52, 33.9504460779532)	(54, 33.914417195412256)	(56, 33.86318098232273)	(58, 33.815079268727814)	(60, 33.75952284294662)	(62, 33.72740621246291)	(64, 33.698266495059116)	(66, 33.62926979093029)	(68, 33.60646556211863)	(70, 33.61819871149132)	(72, 33.612911164570285)	(74, 33.549148271158366)	(76, 33.52825578207313)	(78, 33.49346085612807)	(80, 33.385190393282386)	(82, 33.37183769763608)	(84, 33.36653978515005)	(86, 33.29877645259344)	(88, 33.26839078567147)	(90, 33.21872174407139)	(92, 33.177718971248396)	(94, 33.13716609725953)	(96, 33.07090393538087)	(98, 32.97933365003102)	(100, 31.594068159989092)
SRR20277676_2	(1, 20.470063920672178)	(2, 30.761001376197704)	(3, 30.73544904153039)	(4, 30.811287544968163)	(5, 30.895863712165628)	(6, 34.4294982972873)	(7, 34.43023808015994)	(8, 34.598666838265785)	(9, 34.53930920459041)	(10, 34.494543556555186)	(12, 34.57058566371067)	(14, 34.521363681863406)	(16, 34.50118566820493)	(18, 34.494019157816034)	(20, 34.46586730076628)	(22, 34.43938581134039)	(24, 34.40017193959439)	(26, 34.38511466157861)	(28, 34.3742200922141)	(30, 34.35278436595827)	(32, 34.309942602818175)	(34, 34.272063799463275)	(36, 34.25923545255186)	(38, 34.211169236998145)	(40, 34.14840550119641)	(42, 34.11683358762447)	(44, 34.05423890286136)	(46, 34.00385706912188)	(48, 33.9234265892229)	(50, 33.874115465456555)	(52, 33.80833104562208)	(54, 33.745593804994044)	(56, 33.6715350442395)	(58, 33.63734730845789)	(60, 33.61244610378484)	(62, 33.57987101735658)	(64, 33.539841279190384)	(66, 33.50747182942928)	(68, 33.49008737368906)	(70, 33.4230904320662)	(72, 33.37267293761637)	(74, 33.343824870653165)	(76, 33.315269555039905)	(78, 33.295535062857425)	(80, 33.23544053309142)	(82, 33.159930840917184)	(84, 33.111398343909634)	(86, 33.0876624976822)	(88, 33.046890213236495)	(90, 32.9570630391005)	(92, 32.903137352624476)	(94, 32.82836905198005)	(96, 32.75149219345836)	(98, 32.67676184880759)	(100, 31.27294775933328)
SRR20277677_1	(1, 23.347009749363398)	(2, 30.871128419607512)	(3, 30.997486647423788)	(4, 31.174646127041047)	(5, 31.24013941432704)	(6, 34.58156839590046)	(7, 34.64954253371775)	(8, 34.66033307373367)	(9, 34.687346162196036)	(10, 34.656776183279305)	(12, 34.75130324171785)	(14, 34.69194402092243)	(16, 34.68471057970731)	(18, 34.67883395996998)	(20, 34.66593925978954)	(22, 34.64566805383728)	(24, 34.592564087712745)	(26, 34.51640117079589)	(28, 34.47787458016456)	(30, 34.45054334668556)	(32, 34.442849737629324)	(34, 34.38818970137982)	(36, 34.398735305955036)	(38, 34.35551520896946)	(40, 34.315052747012274)	(42, 34.26655496816073)	(44, 34.212731452475)	(46, 34.14706743091803)	(48, 34.100411874040915)	(50, 34.02658891572628)	(52, 33.987877823990985)	(54, 33.94384342947096)	(56, 33.893303230852666)	(58, 33.82991943898534)	(60, 33.76701546584181)	(62, 33.73420955943743)	(64, 33.71294802267094)	(66, 33.65138651588)	(68, 33.62867167076817)	(70, 33.64299126192019)	(72, 33.633800822865396)	(74, 33.57276801278314)	(76, 33.546335539486826)	(78, 33.51739587417829)	(80, 33.42636435619585)	(82, 33.397243132829296)	(84, 33.38393033496571)	(86, 33.340184669125065)	(88, 33.29986874352511)	(90, 33.26195718172684)	(92, 33.25354275780318)	(94, 33.195900496063196)	(96, 33.134744296116985)	(98, 33.072359611880735)	(100, 31.741902884784864)
SRR20277677_2	(1, 20.54245607397243)	(2, 30.74780413267668)	(3, 30.71741638744771)	(4, 30.80092039124128)	(5, 30.884554958805047)	(6, 34.42940354441745)	(7, 34.4405132711822)	(8, 34.595241756182716)	(9, 34.530855344093176)	(10, 34.496451443403316)	(12, 34.574577608841224)	(14, 34.51862783866818)	(16, 34.50634067671202)	(18, 34.49670041740126)	(20, 34.472521118342584)	(22, 34.443389424362394)	(24, 34.40590637160921)	(26, 34.386744332664264)	(28, 34.37440765370377)	(30, 34.357995787790536)	(32, 34.325309356269216)	(34, 34.29269591545135)	(36, 34.26719167888615)	(38, 34.21955767491862)	(40, 34.164860561554654)	(42, 34.130954214683285)	(44, 34.06413165654604)	(46, 34.02445775243484)	(48, 33.95805506318065)	(50, 33.90061034416991)	(52, 33.84226997474168)	(54, 33.7821558783536)	(56, 33.699595907001324)	(58, 33.64109928129684)	(60, 33.61088706824833)	(62, 33.59493816847163)	(64, 33.55221725790858)	(66, 33.52547890735097)	(68, 33.51263105065)	(70, 33.44265171090043)	(72, 33.409384522641965)	(74, 33.375353317231095)	(76, 33.33753379700488)	(78, 33.32070823651065)	(80, 33.27011844451057)	(82, 33.19495720565838)	(84, 33.13583613619281)	(86, 33.12242501260334)	(88, 33.08341770989686)	(90, 33.02346905561332)	(92, 32.95884251309667)	(94, 32.88161015986225)	(96, 32.8230036525389)	(98, 32.757643587358146)	(100, 31.40429346844284)
SRR20277678_1	(1, 23.35137464908451)	(2, 30.850168231526325)	(3, 30.991525510682116)	(4, 31.173994411273362)	(5, 31.24280125404783)	(6, 34.567265069216454)	(7, 34.62346271540615)	(8, 34.6465480068054)	(9, 34.67311916451534)	(10, 34.639844059460074)	(12, 34.7395914084061)	(14, 34.680702611321585)	(16, 34.673844149104355)	(18, 34.66833318617631)	(20, 34.65113228552134)	(22, 34.6241750093897)	(24, 34.56468779625476)	(26, 34.48224942061986)	(28, 34.44252647543814)	(30, 34.41311201457422)	(32, 34.39791440699636)	(34, 34.34678436258194)	(36, 34.328067739560424)	(38, 34.27965587093006)	(40, 34.21837293685868)	(42, 34.17706932178264)	(44, 34.12911573183373)	(46, 34.06250601403917)	(48, 34.00803122266308)	(50, 33.93419161201237)	(52, 33.88800340941999)	(54, 33.85440016512731)	(56, 33.79260143937923)	(58, 33.74484036495163)	(60, 33.68301102740455)	(62, 33.65620287229498)	(64, 33.62496463842142)	(66, 33.556540465642684)	(68, 33.556098693464925)	(70, 33.54198804559309)	(72, 33.5393521237161)	(74, 33.49039226224412)	(76, 33.471256322878325)	(78, 33.437416425794154)	(80, 33.337751920590776)	(82, 33.32041757022448)	(84, 33.31382877893509)	(86, 33.256125644416656)	(88, 33.22597697231578)	(90, 33.17917077579959)	(92, 33.13422828258534)	(94, 33.08998605677394)	(96, 33.0297495021606)	(98, 32.93270973038477)	(100, 31.57797367851156)
SRR20277678_2	(1, 20.652311836797733)	(2, 30.7444612932483)	(3, 30.735958587584214)	(4, 30.802934067984385)	(5, 30.885219548824676)	(6, 34.41561138881936)	(7, 34.41401210251741)	(8, 34.59139909065061)	(9, 34.52973179350387)	(10, 34.48776510877334)	(12, 34.57243966359635)	(14, 34.50800311432859)	(16, 34.501166590658045)	(18, 34.483566880975886)	(20, 34.454891107854756)	(22, 34.42936550752836)	(24, 34.390477509681986)	(26, 34.36857642728135)	(28, 34.35025909086123)	(30, 34.32372343984531)	(32, 34.28082075545824)	(34, 34.24552622405615)	(36, 34.21552214615906)	(38, 34.1708913144477)	(40, 34.10527261423448)	(42, 34.066486280635985)	(44, 34.012774643810275)	(46, 33.960746360088905)	(48, 33.896607534885874)	(50, 33.831373689527666)	(52, 33.77221470813117)	(54, 33.70442168120525)	(56, 33.64202963656052)	(58, 33.60485842618374)	(60, 33.569017765864004)	(62, 33.55176678201656)	(64, 33.513126436153684)	(66, 33.46562796600834)	(68, 33.45425113030763)	(70, 33.396533736979876)	(72, 33.34713785645532)	(74, 33.32054862188488)	(76, 33.277120440713205)	(78, 33.249193644121874)	(80, 33.20984763653102)	(82, 33.13688238631433)	(84, 33.097962129152364)	(86, 33.07998047921473)	(88, 33.01192590231422)	(90, 32.94566131745363)	(92, 32.88268427904631)	(94, 32.81933416818424)	(96, 32.74091451466066)	(98, 32.64796578107825)	(100, 31.25475247712513)
SRR20277679_1	(1, 23.338948276729408)	(2, 30.814595948114267)	(3, 30.967032624170404)	(4, 31.156752927554653)	(5, 31.228722156995936)	(6, 34.55828513292372)	(7, 34.61539481818909)	(8, 34.63774179351431)	(9, 34.66413837295063)	(10, 34.624447153374206)	(12, 34.723717982727294)	(14, 34.664350110218834)	(16, 34.661195011879556)	(18, 34.653879527060994)	(20, 34.63805572270651)	(22, 34.61437887789832)	(24, 34.552637156406284)	(26, 34.46948138182724)	(28, 34.431536908809065)	(30, 34.404264860025236)	(32, 34.39734295499734)	(34, 34.35734742752621)	(36, 34.340978930129666)	(38, 34.28806525606139)	(40, 34.23839671033308)	(42, 34.1863420944682)	(44, 34.13952430516694)	(46, 34.08309675420742)	(48, 34.03223763867375)	(50, 33.95988248028826)	(52, 33.914505922346635)	(54, 33.87650199678822)	(56, 33.81674738850724)	(58, 33.74897017982396)	(60, 33.68601147838035)	(62, 33.6626323156848)	(64, 33.63863837160871)	(66, 33.58079257828781)	(68, 33.57579563048327)	(70, 33.570588661148605)	(72, 33.566220916346396)	(74, 33.5152306304951)	(76, 33.49657971022949)	(78, 33.465382650205385)	(80, 33.374903154273284)	(82, 33.34958989030058)	(84, 33.33525922496796)	(86, 33.29404919473784)	(88, 33.265753824235105)	(90, 33.23011041111301)	(92, 33.207160197189495)	(94, 33.15462662174549)	(96, 33.08899935191643)	(98, 33.040593991617996)	(100, 31.749656587316085)
SRR20277679_2	(1, 20.7734961018626)	(2, 30.719357885601674)	(3, 30.70607609676606)	(4, 30.777833795109796)	(5, 30.862218346824683)	(6, 34.39412765482523)	(7, 34.40385437424043)	(8, 34.57311553831297)	(9, 34.50894230877603)	(10, 34.46891709272979)	(12, 34.55513072181998)	(14, 34.49505953246542)	(16, 34.48303875211222)	(18, 34.47345930727208)	(20, 34.4441753077372)	(22, 34.415541776635806)	(24, 34.378702309633695)	(26, 34.353765830814154)	(28, 34.33353760264206)	(30, 34.31216464624001)	(32, 34.28483816840185)	(34, 34.24215128913016)	(36, 34.220458857031105)	(38, 34.17641278447372)	(40, 34.12043048408049)	(42, 34.08667597376579)	(44, 34.02287685126398)	(46, 33.981281769546506)	(48, 33.92178292985588)	(50, 33.85572063849426)	(52, 33.81072353448413)	(54, 33.73685509582265)	(56, 33.66920781827339)	(58, 33.61143420163397)	(60, 33.56397157100634)	(62, 33.556773454967924)	(64, 33.51645978152429)	(66, 33.48248670040222)	(68, 33.46993750427292)	(70, 33.41385811425239)	(72, 33.388907934871725)	(74, 33.35527382785726)	(76, 33.31089050743532)	(78, 33.27634099687923)	(80, 33.23976843327502)	(82, 33.169263062979326)	(84, 33.11394644568751)	(86, 33.11544589639139)	(88, 33.04909438730129)	(90, 33.00920613727163)	(92, 32.95702327997043)	(94, 32.885478233711126)	(96, 32.824859761375365)	(98, 32.74753422100913)	(100, 31.427652614464712)
SRR20277680_1	(1, 23.395689099481448)	(2, 30.965808844029638)	(3, 31.077305770211932)	(4, 31.243681150899114)	(5, 31.291656287163434)	(6, 34.58936617556631)	(7, 34.66357585681906)	(8, 34.64091615022108)	(9, 34.68555664767176)	(10, 34.662714426789115)	(12, 34.75672517572018)	(14, 34.71232058856815)	(16, 34.70121091821457)	(18, 34.6911164870064)	(20, 34.67744408293528)	(22, 34.649501085462326)	(24, 34.59457594381442)	(26, 34.50900830899168)	(28, 34.46562396514291)	(30, 34.4295279297447)	(32, 34.41486338264133)	(34, 34.35032343906844)	(36, 34.3365424761062)	(38, 34.29338775538828)	(40, 34.2389117427552)	(42, 34.18818687947948)	(44, 34.12763132212524)	(46, 34.05687696514744)	(48, 33.99872089675526)	(50, 33.93817622897795)	(52, 33.8803595096488)	(54, 33.85165196235953)	(56, 33.801923162275195)	(58, 33.74345244477734)	(60, 33.68329475550394)	(62, 33.65572326358509)	(64, 33.625181001437824)	(66, 33.55735311011421)	(68, 33.529696781118716)	(70, 33.525438541517765)	(72, 33.52164364592608)	(74, 33.460644317474554)	(76, 33.43757295703506)	(78, 33.40311250032842)	(80, 33.29572260766638)	(82, 33.27662335229099)	(84, 33.275582593803975)	(86, 33.20856362656119)	(88, 33.172404904651344)	(90, 33.12108430803676)	(92, 33.08154225487982)	(94, 33.04229517546204)	(96, 32.97325360926745)	(98, 32.89254890904648)	(100, 31.50136859440558)
SRR20277680_2	(1, 20.412892734281748)	(2, 30.82680257739425)	(3, 30.749890320957885)	(4, 30.81740465896994)	(5, 30.90408855093776)	(6, 34.431558133081786)	(7, 34.43178535484263)	(8, 34.60107986426964)	(9, 34.54381272175706)	(10, 34.49909001314169)	(12, 34.574250154441515)	(14, 34.51684652489833)	(16, 34.492971632803915)	(18, 34.48452136989866)	(20, 34.45684309787506)	(22, 34.428776261243)	(24, 34.38408093801894)	(26, 34.364767968198635)	(28, 34.35160780292284)	(30, 34.33060359272138)	(32, 34.280948159234285)	(34, 34.24334939173086)	(36, 34.20532143486213)	(38, 34.15576419162687)	(40, 34.088339719859675)	(42, 34.055936948916205)	(44, 33.990964073017125)	(46, 33.93914232199186)	(48, 33.85683459673821)	(50, 33.80558352983881)	(52, 33.74156387149391)	(54, 33.675052817367444)	(56, 33.59815702256214)	(58, 33.563792102468085)	(60, 33.53634719946238)	(62, 33.503714544800545)	(64, 33.45789280469509)	(66, 33.4251656452484)	(68, 33.41134318560951)	(70, 33.338083862643984)	(72, 33.28317662093076)	(74, 33.25429601583453)	(76, 33.223407183959495)	(78, 33.20778793815926)	(80, 33.14558559936512)	(82, 33.06816461280598)	(84, 33.0150437545642)	(86, 32.99274489889196)	(88, 32.949717011669065)	(90, 32.86313311903566)	(92, 32.80580064902142)	(94, 32.73145537972239)	(96, 32.648332094865154)	(98, 32.57357554443206)	(100, 31.18741481210636)
SRR20277681_1	(1, 23.376548196257822)	(2, 31.003214608986344)	(3, 31.074238365876482)	(4, 31.230159241755725)	(5, 31.282636986857124)	(6, 34.605577000055895)	(7, 34.663741532139554)	(8, 34.64734696996197)	(9, 34.686225989321976)	(10, 34.66194743660712)	(12, 34.76093795359513)	(14, 34.71256132831587)	(16, 34.70001669004701)	(18, 34.68780545828773)	(20, 34.675645615194455)	(22, 34.649839714693734)	(24, 34.596635541212805)	(26, 34.51334854407796)	(28, 34.47045427806137)	(30, 34.435430873679444)	(32, 34.42936554606318)	(34, 34.3607375603366)	(36, 34.35408051483476)	(38, 34.309855967484495)	(40, 34.26562988798869)	(42, 34.21085277196063)	(44, 34.152442997277134)	(46, 34.08823527212231)	(48, 34.03586909301897)	(50, 33.96445526493837)	(52, 33.923766912776635)	(54, 33.88566579257295)	(56, 33.824685553573566)	(58, 33.75747463540746)	(60, 33.694854541684705)	(62, 33.6643425608462)	(64, 33.640766806781244)	(66, 33.580374064934915)	(68, 33.55260169662519)	(70, 33.55213000322793)	(72, 33.54556755951795)	(74, 33.483807638854586)	(76, 33.45527946947493)	(78, 33.42560844195859)	(80, 33.33677699847279)	(82, 33.30241860628628)	(84, 33.29127434617787)	(86, 33.246054858274874)	(88, 33.200121224988756)	(90, 33.16271235426796)	(92, 33.1542069627233)	(94, 33.09983649014315)	(96, 33.032220595402165)	(98, 32.976612699524836)	(100, 31.648033047365484)
SRR20277681_2	(1, 20.489452701691498)	(2, 30.805902867307253)	(3, 30.72183258744638)	(4, 30.804325032410922)	(5, 30.893083288405816)	(6, 34.42600527950926)	(7, 34.43366196535502)	(8, 34.59429921636792)	(9, 34.529311824622205)	(10, 34.49491449421832)	(12, 34.570709114005304)	(14, 34.5113651218813)	(16, 34.49331220462787)	(18, 34.48525624237058)	(20, 34.458846130613765)	(22, 34.4278394942634)	(24, 34.38393509160706)	(26, 34.3625588152298)	(28, 34.34832308414939)	(30, 34.32770760795677)	(32, 34.29277357026814)	(34, 34.259157437743085)	(36, 34.214088863969614)	(38, 34.16525685158397)	(40, 34.10572355595335)	(42, 34.071206186839845)	(44, 34.00390428202883)	(46, 33.957147559747284)	(48, 33.89253800697824)	(50, 33.833120731041106)	(52, 33.77510823987731)	(54, 33.709793294472334)	(56, 33.6297665291209)	(58, 33.56636036139777)	(60, 33.537135528152625)	(62, 33.51859636762315)	(64, 33.47110808916661)	(66, 33.444217288248836)	(68, 33.4349511001511)	(70, 33.355484587834326)	(72, 33.31799946304005)	(74, 33.29193449591228)	(76, 33.2493766629069)	(78, 33.22851805134759)	(80, 33.17804954753014)	(82, 33.09927465544074)	(84, 33.03870355845176)	(86, 33.02558282225563)	(88, 32.982982977301106)	(90, 32.92245961357305)	(92, 32.85700675017155)	(94, 32.77687604540992)	(96, 32.716034016580394)	(98, 32.64549750985307)	(100, 31.31905646285543)
SRR20277682_1	(1, 23.38398333167045)	(2, 30.976387771647993)	(3, 31.063086077921117)	(4, 31.22412864407978)	(5, 31.276645553318097)	(6, 34.584687709784326)	(7, 34.63663035022092)	(8, 34.62741614992492)	(9, 34.66671919413968)	(10, 34.64272131505479)	(12, 34.743892615777455)	(14, 34.69526565368783)	(16, 34.68175880775895)	(18, 34.669864067132295)	(20, 34.652396023196744)	(22, 34.62506705722045)	(24, 34.56119929619014)	(26, 34.47072289131611)	(28, 34.42729445520796)	(30, 34.39317043041311)	(32, 34.37672934957256)	(34, 34.31165354772993)	(36, 34.27996679395193)	(38, 34.22996011603379)	(40, 34.165892414780075)	(42, 34.11286415773849)	(44, 34.064004125027736)	(46, 33.99809658949833)	(48, 33.942927496663245)	(50, 33.87394746615611)	(52, 33.81791322726809)	(54, 33.7873436241977)	(56, 33.72650250023652)	(58, 33.67412466546397)	(60, 33.60388081196897)	(62, 33.58169044956439)	(64, 33.55173481060771)	(66, 33.48217785529037)	(68, 33.477364480668456)	(70, 33.44978117265076)	(72, 33.44798383143983)	(74, 33.402367348482514)	(76, 33.379249387595586)	(78, 33.34282699376459)	(80, 33.24729789467537)	(82, 33.22283370597121)	(84, 33.22080254364883)	(86, 33.1645319212536)	(88, 33.12342418011826)	(90, 33.07774832944741)	(92, 33.0318726586825)	(94, 32.9917275485989)	(96, 32.92774471621059)	(98, 32.83815671802698)	(100, 31.48221642060156)
SRR20277682_2	(1, 20.587281372151647)	(2, 30.808584351453817)	(3, 30.74335495592883)	(4, 30.81124686050907)	(5, 30.892117021447493)	(6, 34.41635034527707)	(7, 34.4161816162514)	(8, 34.58913848423853)	(9, 34.5318686400823)	(10, 34.48429842001222)	(12, 34.56847147348414)	(14, 34.50302985531158)	(16, 34.4921480352412)	(18, 34.475306987927894)	(20, 34.44392541084261)	(22, 34.41535190438135)	(24, 34.37033600571405)	(26, 34.348291733359616)	(28, 34.3283357012587)	(30, 34.2957642785572)	(32, 34.251970190039806)	(34, 34.21427471598829)	(36, 34.173571269672834)	(38, 34.121866742476456)	(40, 34.053072094564854)	(42, 34.016410617723466)	(44, 33.95998140624752)	(46, 33.90483047969542)	(48, 33.84202020633923)	(50, 33.777895996475635)	(52, 33.71213784677691)	(54, 33.6446244638782)	(56, 33.578724931265256)	(58, 33.54322956304833)	(60, 33.50089535418484)	(62, 33.48505448203646)	(64, 33.44178275853328)	(66, 33.39375311765054)	(68, 33.38319474508589)	(70, 33.32331285294936)	(72, 33.26842769367111)	(74, 33.24391190859551)	(76, 33.20003602311074)	(78, 33.1662341584806)	(80, 33.129661002381454)	(82, 33.05690589078276)	(84, 33.01375654587217)	(86, 32.99495825974802)	(88, 32.929506535529995)	(90, 32.8611271376605)	(92, 32.79592234918337)	(94, 32.72687669214662)	(96, 32.64632389842999)	(98, 32.55248094960234)	(100, 31.183724524157512)
SRR20277683_1	(1, 23.338564464368226)	(2, 30.945069821251373)	(3, 31.0408395232519)	(4, 31.206829173698353)	(5, 31.265904637616156)	(6, 34.578061830627526)	(7, 34.6240184701654)	(8, 34.6228102870339)	(9, 34.66014405269026)	(10, 34.62872787642697)	(12, 34.73192732808134)	(14, 34.678486973152495)	(16, 34.66898245363397)	(18, 34.65730379787794)	(20, 34.64154630646515)	(22, 34.6115434279193)	(24, 34.5501976523113)	(26, 34.45972034328031)	(28, 34.41700920541274)	(30, 34.382159487115004)	(32, 34.37517260358818)	(34, 34.324459085854)	(36, 34.289637172011126)	(38, 34.239074821172075)	(40, 34.18363068436663)	(42, 34.122636101227556)	(44, 34.069324459599045)	(46, 34.01432300394801)	(48, 33.96628860373389)	(50, 33.894283033240335)	(52, 33.84430552224258)	(54, 33.806924393411286)	(56, 33.74649196344135)	(58, 33.67290581243432)	(60, 33.60887930688793)	(62, 33.58791448081978)	(64, 33.56090832197616)	(66, 33.50451696972962)	(68, 33.4916970346202)	(70, 33.47462406907674)	(72, 33.46814840136368)	(74, 33.42141759955626)	(76, 33.397694258855324)	(78, 33.366447948058735)	(80, 33.28186083613317)	(82, 33.254948227554294)	(84, 33.24004886732453)	(86, 33.19959986892196)	(88, 33.16042498610531)	(90, 33.12308256422567)	(92, 33.10375403312985)	(94, 33.054639077305524)	(96, 32.984653379858415)	(98, 32.94036351147094)	(100, 31.643390137173817)
SRR20277683_2	(1, 20.740521763586855)	(2, 30.790300677605888)	(3, 30.724366974625916)	(4, 30.79988093949198)	(5, 30.883991914992095)	(6, 34.41546933452969)	(7, 34.422289730398596)	(8, 34.592824034861415)	(9, 34.532382857123025)	(10, 34.491870767062494)	(12, 34.574729222435465)	(14, 34.51366939805699)	(16, 34.49531852828493)	(18, 34.48442719008804)	(20, 34.45724402130729)	(22, 34.425617916087305)	(24, 34.38357541594203)	(26, 34.35450199085426)	(28, 34.33318071031674)	(30, 34.3052836151401)	(32, 34.27827247614171)	(34, 34.23393307330507)	(36, 34.196397852848264)	(38, 34.15256768507668)	(40, 34.089817261598995)	(42, 34.05422720369228)	(44, 33.98985469052154)	(46, 33.94230843601514)	(48, 33.88103973473599)	(50, 33.818759501793544)	(52, 33.769675692645706)	(54, 33.696221097789824)	(56, 33.62866460861798)	(58, 33.56605295560239)	(60, 33.51693957793741)	(62, 33.508949516578)	(64, 33.46356748416687)	(66, 33.42632968974101)	(68, 33.42019125703851)	(70, 33.35887421980918)	(72, 33.33318539533469)	(74, 33.29864014910707)	(76, 33.25122553797296)	(78, 33.21672291206215)	(80, 33.18346485901256)	(82, 33.10721696843886)	(84, 33.050623964117534)	(86, 33.05237075930843)	(88, 32.98540402335927)	(90, 32.943894132988476)	(92, 32.892414188865246)	(94, 32.8153322166676)	(96, 32.750035808041005)	(98, 32.67011077549195)	(100, 31.3732675512664)
SRR20277684_1	(1, 23.4137813961084)	(2, 30.97479946370074)	(3, 31.087001602856986)	(4, 31.246929666266848)	(5, 31.29300072131124)	(6, 34.592634024901365)	(7, 34.66829522260566)	(8, 34.65221289995275)	(9, 34.69824760787289)	(10, 34.67076513768137)	(12, 34.764066209102445)	(14, 34.71707342170292)	(16, 34.70097978536767)	(18, 34.69525480613929)	(20, 34.68223618770884)	(22, 34.65894930190484)	(24, 34.60197523583396)	(26, 34.51728264803646)	(28, 34.478697820759535)	(30, 34.44659844669796)	(32, 34.434347264520554)	(34, 34.368558252921716)	(36, 34.36551183381484)	(38, 34.32419459834236)	(40, 34.26887854369915)	(42, 34.22108358537626)	(44, 34.16160679437061)	(46, 34.09175221636244)	(48, 34.03290519845159)	(50, 33.967923022754505)	(52, 33.91794495994477)	(54, 33.88906912829651)	(56, 33.836635239008174)	(58, 33.7798335297002)	(60, 33.723795539409835)	(62, 33.695668975990266)	(64, 33.666600223753576)	(66, 33.597607634417095)	(68, 33.57298524175316)	(70, 33.56823880643319)	(72, 33.5646619709096)	(74, 33.50552190179884)	(76, 33.47816596636318)	(78, 33.446745785017576)	(80, 33.340162596255965)	(82, 33.32476883762827)	(84, 33.32394187473783)	(86, 33.25884743397326)	(88, 33.220261592456495)	(90, 33.17116943628237)	(92, 33.13308436652515)	(94, 33.094055699822064)	(96, 33.02740450377851)	(98, 32.9434499174358)	(100, 31.541303224724263)
SRR20277684_2	(1, 20.38143255791095)	(2, 30.815033784907957)	(3, 30.719133791716644)	(4, 30.78834055924402)	(5, 30.872282962874227)	(6, 34.39193073364367)	(7, 34.38659630682502)	(8, 34.56313817999198)	(9, 34.497467322143535)	(10, 34.453371298160576)	(12, 34.526687287260536)	(14, 34.465997060490324)	(16, 34.43977916306395)	(18, 34.43092039621437)	(20, 34.40795362106945)	(22, 34.374047231808134)	(24, 34.327930461296205)	(26, 34.308897776016735)	(28, 34.29640306810683)	(30, 34.274393450964915)	(32, 34.22411616336139)	(34, 34.185457822745825)	(36, 34.15591415946117)	(38, 34.10808900219625)	(40, 34.042214899976884)	(42, 34.01099506509294)	(44, 33.94667552711924)	(46, 33.89533825199028)	(48, 33.81357067438444)	(50, 33.761828708290174)	(52, 33.696542284212796)	(54, 33.634433906448606)	(56, 33.556511547538776)	(58, 33.517216707673256)	(60, 33.49206579098278)	(62, 33.45688958123658)	(64, 33.41108065555508)	(66, 33.38010936770213)	(68, 33.365738510594326)	(70, 33.29345694162406)	(72, 33.23999971022401)	(74, 33.21395177965427)	(76, 33.18166669773717)	(78, 33.16607806367081)	(80, 33.10502551860358)	(82, 33.025246454449345)	(84, 32.97029186040121)	(86, 32.95147896961231)	(88, 32.90455641332612)	(90, 32.81708687405049)	(92, 32.76082111317112)	(94, 32.68285723339859)	(96, 32.6012053812743)	(98, 32.52395292135211)	(100, 31.14043286377048)
SRR20277685_1	(1, 23.44041255978892)	(2, 31.016313372622268)	(3, 31.087794933150132)	(4, 31.24103414128542)	(5, 31.289684603213427)	(6, 34.61693038443024)	(7, 34.67522891283475)	(8, 34.67208361699156)	(9, 34.709073064646034)	(10, 34.68247597148722)	(12, 34.774181467524315)	(14, 34.720874908411496)	(16, 34.70977207120613)	(18, 34.70068171444328)	(20, 34.689202033719106)	(22, 34.665736942764134)	(24, 34.613690942617694)	(26, 34.533851525626865)	(28, 34.491721022592436)	(30, 34.45737981329707)	(32, 34.450686310095946)	(34, 34.38730820939351)	(36, 34.388259843685404)	(38, 34.34737261781198)	(40, 34.30601988328557)	(42, 34.24915183864739)	(44, 34.19494788522865)	(46, 34.130878871679315)	(48, 34.078977001692515)	(50, 34.01081179371876)	(52, 33.96784354490382)	(54, 33.930153503391296)	(56, 33.87229198883353)	(58, 33.79944379942907)	(60, 33.741113098865384)	(62, 33.71215811989826)	(64, 33.69237153870999)	(66, 33.63447504316714)	(68, 33.60755508894904)	(70, 33.607860523080085)	(72, 33.599472671137576)	(74, 33.53623352370448)	(76, 33.51122994299713)	(78, 33.4802242601441)	(80, 33.39299681033083)	(82, 33.36216425631396)	(84, 33.35207910655545)	(86, 33.30927806586709)	(88, 33.25909564717003)	(90, 33.22562886006885)	(92, 33.2168413865726)	(94, 33.16391177954023)	(96, 33.096683143872575)	(98, 33.047213964168485)	(100, 31.7106747111511)
SRR20277685_2	(1, 20.461216897669615)	(2, 30.78907813284604)	(3, 30.689901040279207)	(4, 30.766001205774632)	(5, 30.852846266850076)	(6, 34.37962168171808)	(7, 34.37983946891911)	(8, 34.54425457734795)	(9, 34.475287176363494)	(10, 34.43717706452556)	(12, 34.5149734153177)	(14, 34.448843167770406)	(16, 34.42888006800527)	(18, 34.419723035332524)	(20, 34.400977549847255)	(22, 34.366031895387366)	(24, 34.32045615877175)	(26, 34.2956183956966)	(28, 34.28528534329526)	(30, 34.263038697472595)	(32, 34.22863164311978)	(34, 34.19249719457474)	(36, 34.15717241823809)	(38, 34.10863650219024)	(40, 34.046658161642455)	(42, 34.016584149734)	(44, 33.9507278900675)	(46, 33.90172059525453)	(48, 33.83971632107401)	(50, 33.781516834595465)	(52, 33.72403187100551)	(54, 33.65755474639373)	(56, 33.572530201132444)	(58, 33.51461909667839)	(60, 33.483087179550964)	(62, 33.46339145745872)	(64, 33.41780124678287)	(66, 33.38902908239881)	(68, 33.38193972874391)	(70, 33.302675033533674)	(72, 33.26410724958774)	(74, 33.23927580682548)	(76, 33.194349879642246)	(78, 33.17691483854763)	(80, 33.1285517696664)	(82, 33.04724290640216)	(84, 32.98640849493579)	(86, 32.96860726620481)	(88, 32.9284584367855)	(90, 32.86587967773475)	(92, 32.80484619629648)	(94, 32.7236739417489)	(96, 32.66067218111783)	(98, 32.587675505883574)	(100, 31.2699239519864)
SRR20277686_1	(1, 23.424315689325336)	(2, 30.987934138061544)	(3, 31.073434747483788)	(4, 31.23261840814517)	(5, 31.28380309441343)	(6, 34.58571009357296)	(7, 34.64457610155816)	(8, 34.64446019947912)	(9, 34.68401854068856)	(10, 34.656763837822524)	(12, 34.75382135228068)	(14, 34.69966633360424)	(16, 34.685252315789334)	(18, 34.676226428731)	(20, 34.659835192304826)	(22, 34.634950914710345)	(24, 34.57332041438485)	(26, 34.48406245188672)	(28, 34.44232550587715)	(30, 34.40978951473875)	(32, 34.39380879436633)	(34, 34.33313987639878)	(36, 34.31359912553381)	(38, 34.2646478485493)	(40, 34.20040556033058)	(42, 34.14918385963341)	(44, 34.103288626575385)	(46, 34.03675300659875)	(48, 33.976220166812176)	(50, 33.90871886672541)	(52, 33.85688119908005)	(54, 33.83233776179826)	(56, 33.76781872566315)	(58, 33.713795055616174)	(60, 33.64622280294117)	(62, 33.622624795161926)	(64, 33.595844439984255)	(66, 33.52839713730647)	(68, 33.520845425269314)	(70, 33.49648725198607)	(72, 33.49729546685245)	(74, 33.44894728840633)	(76, 33.42650184304789)	(78, 33.393266276103745)	(80, 33.297644410446466)	(82, 33.27593359500972)	(84, 33.273734978602015)	(86, 33.217237676211454)	(88, 33.18005819661344)	(90, 33.128577818095735)	(92, 33.08719066423782)	(94, 33.04712425814307)	(96, 32.98569203292669)	(98, 32.898511739353765)	(100, 31.52745102473512)
SRR20277686_2	(1, 20.541978062823787)	(2, 30.791433247133902)	(3, 30.70935615231011)	(4, 30.76925849696362)	(5, 30.852631873031246)	(6, 34.369988892633074)	(7, 34.36147216492633)	(8, 34.53538763779315)	(9, 34.47591893899694)	(10, 34.42895273411992)	(12, 34.51274411685602)	(14, 34.44389934476354)	(16, 34.42783961865078)	(18, 34.41267350262865)	(20, 34.38332638764396)	(22, 34.3555250217405)	(24, 34.305153927577294)	(26, 34.28282263368192)	(28, 34.26260045395149)	(30, 34.228812011787795)	(32, 34.18609495933254)	(34, 34.14596743262926)	(36, 34.111598553438)	(38, 34.06137054349364)	(40, 33.99472625795565)	(42, 33.961002116844)	(44, 33.902635407494074)	(46, 33.847324949159514)	(48, 33.78245160322031)	(50, 33.720789174161126)	(52, 33.657938981780084)	(54, 33.586281629912534)	(56, 33.52365599287198)	(58, 33.485432443373284)	(60, 33.447246782007824)	(62, 33.42696147795552)	(64, 33.382267353536704)	(66, 33.33647310424952)	(68, 33.32577066953405)	(70, 33.2677956817858)	(72, 33.21084923897088)	(74, 33.18659779000461)	(76, 33.14237589371558)	(78, 33.11106405209303)	(80, 33.072890529787216)	(82, 33.00054445985034)	(84, 32.955092366597874)	(86, 32.936626800166444)	(88, 32.86919850842661)	(90, 32.803933262473876)	(92, 32.73805985501458)	(94, 32.664405182327855)	(96, 32.58535760491068)	(98, 32.491285201504326)	(100, 31.128211080892783)
SRR20277687_1	(1, 23.4239046315601)	(2, 30.96978785126821)	(3, 31.063176475102647)	(4, 31.22360491679564)	(5, 31.27942062649493)	(6, 34.5937533671864)	(7, 34.64027965874062)	(8, 34.647940241235084)	(9, 34.686006369834104)	(10, 34.65180537470741)	(12, 34.74941548458065)	(14, 34.69526514114683)	(16, 34.684940126117596)	(18, 34.676570931556256)	(20, 34.66037180389097)	(22, 34.63434036402707)	(24, 34.573087936966786)	(26, 34.485107276704056)	(28, 34.445231654749875)	(30, 34.41114444686049)	(32, 34.40617439019711)	(34, 34.357699594530644)	(36, 34.331350955120726)	(38, 34.28490095313734)	(40, 34.233652356199556)	(42, 34.175055253747665)	(44, 34.123610768522134)	(46, 34.06860087956744)	(48, 34.01722665553006)	(50, 33.94706877102358)	(52, 33.89675929365902)	(54, 33.863416121001734)	(56, 33.8038065349606)	(58, 33.72899878843383)	(60, 33.66693727210503)	(62, 33.64461918438631)	(64, 33.62265077995427)	(66, 33.56802324719532)	(68, 33.5544414870717)	(70, 33.53903327817855)	(72, 33.532932664806914)	(74, 33.48635245620716)	(76, 33.46575452614207)	(78, 33.43058060454749)	(80, 33.3513965356247)	(82, 33.323586777814654)	(84, 33.30962662298461)	(86, 33.26862933928106)	(88, 33.232639344152815)	(90, 33.1972459993634)	(92, 33.17900164942666)	(94, 33.129642195889645)	(96, 33.06281917187923)	(98, 33.01870052964763)	(100, 31.722570166418812)
SRR20277687_2	(1, 20.686916565405916)	(2, 30.758274874969622)	(3, 30.67602553049974)	(4, 30.742584106112737)	(5, 30.823238689707217)	(6, 34.3399058083166)	(7, 34.3430520458935)	(8, 34.51940977986979)	(9, 34.4547706475998)	(10, 34.410766349880404)	(12, 34.49612555480232)	(14, 34.427180977475345)	(16, 34.407105255752676)	(18, 34.395409626379816)	(20, 34.37315992376664)	(22, 34.33801307222983)	(24, 34.29077827093539)	(26, 34.26476008237296)	(28, 34.24373502513399)	(30, 34.21407712871414)	(32, 34.18624811655006)	(34, 34.14216298077538)	(36, 34.11209578480257)	(38, 34.06519026054855)	(40, 34.00543103501117)	(42, 33.9698211881969)	(44, 33.90659830217437)	(46, 33.85841673158088)	(48, 33.79751516382936)	(50, 33.73849971821212)	(52, 33.69008278487162)	(54, 33.615154281961225)	(56, 33.545688741858164)	(58, 33.48228554706358)	(60, 33.43749341854869)	(62, 33.4291254762146)	(64, 33.382053676663546)	(66, 33.34619437791673)	(68, 33.337242625447416)	(70, 33.279134811730316)	(72, 33.25132288404444)	(74, 33.21942235288503)	(76, 33.171189378768105)	(78, 33.132761148687536)	(80, 33.09835493646429)	(82, 33.027184778089946)	(84, 32.96508845742357)	(86, 32.96666796308354)	(88, 32.90192593138977)	(90, 32.859987220600104)	(92, 32.80866366939402)	(94, 32.733274391022114)	(96, 32.666161054004874)	(98, 32.58522979880799)	(100, 31.294308215193475)
SRR22894976_1	(1, 19.20470843176622)	(2, 21.73604418606226)	(3, 21.569290519071128)	(4, 21.85831661304244)	(5, 21.891171621923565)	(6, 24.09835174419261)	(7, 24.2619340639641)	(8, 24.078983021556198)	(9, 24.394415836616936)	(10, 24.04063659410979)	(12, 24.154213771243207)	(14, 24.00925965034575)	(16, 23.94541605554178)	(18, 24.085318380884736)	(20, 24.05462714906654)	(22, 24.158572842163572)	(24, 23.860415986220953)	(26, 23.993916694421866)	(28, 23.866811316125215)	(30, 24.063701084081004)	(32, 23.996250065693573)	(34, 23.60172686240074)	(36, 33.717426610947314)	(38, 33.73987117836412)	(40, 33.95818288801857)	(42, 33.78667381115183)	(44, 33.62644663551965)	(46, 33.38137332271206)	(48, 32.59192764711188)	(50, 34.17994089993381)	(52, 33.63664711395124)	(54, 34.34937288869344)	(56, 33.84627549684443)	(58, 34.13835750266888)	(60, 33.01510841732649)	(62, 33.50788693102483)	(64, 33.765842901222456)	(66, 33.04673300916048)	(68, 33.81374991434562)	(70, 32.82090374402945)	(72, 33.1563402895151)	(74, 33.31345260889624)	(76, 33.16635683267385)	(78, 31.308175228727947)	(80, 31.24977297410679)	(82, 34.25820170099493)	(84, 34.74384061132582)	(86, 34.54580449529681)	(88, 34.60025766123941)	(90, 34.49643055473804)	(92, 34.492157252230555)	(94, 34.420071306459604)	(96, 34.32258613835853)	(98, 34.3674643411909)	(100, 32.625070939739416)
SRR22894976_2	(1, 12.659804657134355)	(2, 21.43535268663343)	(3, 21.400380329522193)	(4, 21.658719383167163)	(5, 21.544833325326508)	(6, 23.560428415606406)	(7, 23.772701522897957)	(8, 23.587472243457324)	(9, 23.76061809673383)	(10, 23.66473167520065)	(12, 23.58728749539339)	(14, 23.529152712491708)	(16, 23.494469004078965)	(18, 23.489652093279396)	(20, 23.88533327680193)	(22, 22.72974711439968)	(24, 23.731618534905937)	(26, 23.70863505357533)	(28, 23.431238011930276)	(30, 23.19079211457862)	(32, 23.003766377851385)	(34, 22.206260331624385)	(36, 32.41618341803916)	(38, 32.79036866073419)	(40, 32.69117808868553)	(42, 32.678808889545294)	(44, 33.335003398735154)	(46, 34.13361982450505)	(48, 32.967676097662554)	(50, 33.0315981959112)	(52, 32.89845712647753)	(54, 33.012837374608665)	(56, 34.31627725629983)	(58, 34.0814056358751)	(60, 33.87619659260058)	(62, 33.432506159276244)	(64, 32.96884779800693)	(66, 33.22377197295985)	(68, 31.60377844176594)	(70, 31.242326103928068)	(72, 32.68029762935245)	(74, 30.992885786165786)	(76, 31.486148433682907)	(78, 31.627262953926703)	(80, 31.1637798139035)	(82, 28.14581543206446)	(84, 31.638085984116877)	(86, 34.05643123900809)	(88, 34.213112739486604)	(90, 34.22004891981826)	(92, 34.16482217693142)	(94, 34.08767502834132)	(96, 34.027766880229166)	(98, 33.98423085585476)	(100, 32.08283195614919)
SRR22894977_1	(1, 19.30475813016669)	(2, 22.36201818849098)	(3, 22.249909834356796)	(4, 22.490065291815654)	(5, 22.49758245103114)	(6, 24.79681063312531)	(7, 24.937703665362204)	(8, 24.76573737264846)	(9, 25.0555076345529)	(10, 24.788551063875325)	(12, 24.87416340154744)	(14, 24.72650560770851)	(16, 24.689711683961296)	(18, 24.814279780622037)	(20, 24.790605730809382)	(22, 24.86986628534196)	(24, 24.565195823923737)	(26, 24.72061269833469)	(28, 24.596986921820246)	(30, 24.78305726132659)	(32, 24.717185294161943)	(34, 24.31718259910096)	(36, 33.8921130293101)	(38, 33.94135239740997)	(40, 34.18926790897582)	(42, 34.06159464316032)	(44, 33.97410961173206)	(46, 33.63659671027797)	(48, 32.900298408058305)	(50, 34.304689535158985)	(52, 33.933981200771626)	(54, 34.510917156973505)	(56, 34.132499146042264)	(58, 34.33624605805536)	(60, 33.41993299190686)	(62, 33.78867020140122)	(64, 34.038221265817626)	(66, 33.489187934560675)	(68, 34.107371232722144)	(70, 33.238039868437895)	(72, 33.39790285993472)	(74, 33.58099458509071)	(76, 33.43288813422855)	(78, 31.754976671695058)	(80, 32.32240771052582)	(82, 34.492600600320586)	(84, 34.84372400734574)	(86, 34.638915574979805)	(88, 34.70342576462607)	(90, 34.618471795999056)	(92, 34.61112446535747)	(94, 34.564254541716586)	(96, 34.49105069335339)	(98, 34.51358397542243)	(100, 32.92254452665756)
SRR22894977_2	(1, 13.433026545558024)	(2, 22.032294598701455)	(3, 21.97931984587422)	(4, 22.23802683488075)	(5, 22.12782166940004)	(6, 24.135050140024273)	(7, 24.47200204190503)	(8, 24.219221174935615)	(9, 24.400666631260965)	(10, 24.331774451931608)	(12, 24.248023925800215)	(14, 24.213449464039563)	(16, 24.195517162386146)	(18, 24.149076505647344)	(20, 24.533053099835364)	(22, 23.57677103158215)	(24, 24.486424740025697)	(26, 24.447440999962744)	(28, 24.148966087413513)	(30, 23.937802907019602)	(32, 23.787185222822096)	(34, 23.102527570870194)	(36, 32.78473406223216)	(38, 33.03902340940253)	(40, 32.97217945707085)	(42, 32.96155913112146)	(44, 33.52923013072122)	(46, 34.2193369738659)	(48, 33.07252884786684)	(50, 33.16026171083797)	(52, 32.997540986073616)	(54, 33.09879907997294)	(56, 34.371207536306116)	(58, 34.15142016630351)	(60, 33.97060669088182)	(62, 33.554638114832784)	(64, 33.11408524734293)	(66, 33.412923787317055)	(68, 32.11055543147537)	(70, 31.77651212911472)	(72, 33.02722951138645)	(74, 31.541078550606837)	(76, 31.864839737832632)	(78, 31.91940911512605)	(80, 31.566481674394524)	(82, 29.349402780784253)	(84, 32.79498097781865)	(86, 34.196066144753445)	(88, 34.269741227078924)	(90, 34.28034265288248)	(92, 34.23511725855934)	(94, 34.15825884799034)	(96, 34.10811035649064)	(98, 34.068303822428504)	(100, 32.29573305558815)
SRR22894978_1	(1, 18.893480266854436)	(2, 23.397536725766802)	(3, 23.2166011037797)	(4, 23.531128068855388)	(5, 23.4784003025377)	(6, 25.866116462658194)	(7, 25.970722168456593)	(8, 25.843103106232107)	(9, 26.109052735923612)	(10, 25.805146893278454)	(12, 25.930226426890094)	(14, 25.794284396533214)	(16, 25.742845074724073)	(18, 25.89760687849091)	(20, 25.876893470967538)	(22, 25.989022403843457)	(24, 25.618883661332667)	(26, 25.812032709441773)	(28, 25.599356813722004)	(30, 25.857407491397318)	(32, 25.767100052794007)	(34, 25.348712305962458)	(36, 33.573572193462155)	(38, 33.6525233044928)	(40, 33.94706150599547)	(42, 33.81388051579795)	(44, 33.82004826235804)	(46, 33.643985664487545)	(48, 32.77162301368777)	(50, 34.23605969666062)	(52, 33.77666656255066)	(54, 34.41382832379401)	(56, 34.00548889929543)	(58, 34.174193823319584)	(60, 33.14898315637119)	(62, 33.59907655149449)	(64, 33.86556340340097)	(66, 33.30761511993937)	(68, 33.99154638187292)	(70, 32.988372347594776)	(72, 33.212315865602434)	(74, 33.35516408524684)	(76, 33.25839494719251)	(78, 31.963165753331822)	(80, 32.377727921878474)	(82, 34.292757249017306)	(84, 34.747950314755215)	(86, 34.55006771385047)	(88, 34.67116117018535)	(90, 34.57947217363386)	(92, 34.552663596764354)	(94, 34.49106806360388)	(96, 34.42422335380266)	(98, 34.48080672879122)	(100, 32.84104831361059)
SRR22894978_2	(1, 15.008364978193923)	(2, 23.132625193246284)	(3, 23.08287663366117)	(4, 23.328770578404317)	(5, 23.195267497231416)	(6, 25.243690822914296)	(7, 25.538613690809864)	(8, 25.307445292295405)	(9, 25.427520815781556)	(10, 25.464974050017915)	(12, 25.41044482700338)	(14, 25.345538874071618)	(16, 25.349467752913625)	(18, 25.28156350518249)	(20, 25.720970802762515)	(22, 24.549523826149148)	(24, 25.60659241463066)	(26, 25.527616517148914)	(28, 25.27934790269458)	(30, 25.110331146961148)	(32, 24.858618033752922)	(34, 24.133690291058755)	(36, 32.61697553715743)	(38, 32.99093805559084)	(40, 32.91505910010429)	(42, 32.95600329838122)	(44, 33.63615893454711)	(46, 34.321389771569585)	(48, 33.23525818946146)	(50, 33.29560380955016)	(52, 33.04684976069349)	(54, 33.10328324677915)	(56, 34.47654570163973)	(58, 34.22857180415569)	(60, 34.06760414046812)	(62, 33.64199598567773)	(64, 33.20056219524107)	(66, 33.54345307360592)	(68, 32.227776576202956)	(70, 31.878408196779446)	(72, 33.036751010731926)	(74, 31.583330411162066)	(76, 31.83827909037371)	(78, 31.94778315438427)	(80, 31.637398934106045)	(82, 29.590580319759255)	(84, 32.76126417317364)	(86, 34.20882463097922)	(88, 34.33651068658206)	(90, 34.36994728626469)	(92, 34.33793355137778)	(94, 34.261183399361244)	(96, 34.22518899240647)	(98, 34.19592439024743)	(100, 32.43474069321123)
SRR22894979_1	(1, 18.91709417235576)	(2, 23.633594240776944)	(3, 23.464278780710508)	(4, 23.750507237040587)	(5, 23.69884676295781)	(6, 26.15185453416378)	(7, 26.240258383995684)	(8, 26.13229839958451)	(9, 26.3653251046524)	(10, 26.09265356554389)	(12, 26.210692430376444)	(14, 26.068530417017108)	(16, 26.01944826118166)	(18, 26.176678059527227)	(20, 26.16283705435203)	(22, 26.266770352101013)	(24, 25.887968755126586)	(26, 26.103359520107425)	(28, 25.863721168073635)	(30, 26.135732662832414)	(32, 26.037471441158182)	(34, 25.616622986476614)	(36, 33.66756165113773)	(38, 33.79806228028204)	(40, 34.08264200962062)	(42, 33.971852560335435)	(44, 34.01205803416774)	(46, 33.78727365297114)	(48, 32.95978323897556)	(50, 34.32310209313235)	(52, 33.96670464138573)	(54, 34.51204682207514)	(56, 34.19843849849012)	(58, 34.30999565277926)	(60, 33.405419038651786)	(62, 33.782084102820875)	(64, 34.011192431981485)	(66, 33.541999897129)	(68, 34.16305537568101)	(70, 33.21386470290658)	(72, 33.33080043742213)	(74, 33.48748119028353)	(76, 33.33708915893615)	(78, 32.14466390333969)	(80, 32.81808193850599)	(82, 34.44672981813906)	(84, 34.8799334621405)	(86, 34.69721080800704)	(88, 34.811990639497765)	(90, 34.73451757391784)	(92, 34.7128670214763)	(94, 34.66336378781159)	(96, 34.60623032870427)	(98, 34.64747325736512)	(100, 33.11186849078699)
SRR22894979_2	(1, 15.40166371508619)	(2, 23.354052814751448)	(3, 23.291079238132127)	(4, 23.545462315132767)	(5, 23.407320986577446)	(6, 25.461175419910003)	(7, 25.853521370216217)	(8, 25.63622129411266)	(9, 25.72072921776582)	(10, 25.706378774868696)	(12, 25.662218702910423)	(14, 25.593427965298055)	(16, 25.601632905547557)	(18, 25.545541219561578)	(20, 25.980319106795463)	(22, 24.86961283213283)	(24, 25.882455128107665)	(26, 25.807357157776046)	(28, 25.55337828591732)	(30, 25.358768274657834)	(32, 25.163830161818098)	(34, 24.490145349000052)	(36, 32.78186420472825)	(38, 33.0903063015152)	(40, 33.039715123332286)	(42, 33.08455427769673)	(44, 33.703146170287994)	(46, 34.35568673506312)	(48, 33.204621477903046)	(50, 33.34780267562865)	(52, 33.04893227371262)	(54, 33.12001530626801)	(56, 34.4836791097668)	(58, 34.243699439914124)	(60, 34.11746723651216)	(62, 33.69296514640227)	(64, 33.24367107350024)	(66, 33.648718446921976)	(68, 32.462361794083904)	(70, 32.15321100387698)	(72, 33.173768591681224)	(74, 31.7282384409383)	(76, 31.954858768223446)	(78, 32.041738229687255)	(80, 31.788869973315773)	(82, 30.039930525742847)	(84, 33.05803500212815)	(86, 34.24321011362986)	(88, 34.353939582187095)	(90, 34.38839226796561)	(92, 34.36057420702468)	(94, 34.29127956456498)	(96, 34.26383632869144)	(98, 34.227141977580004)	(100, 32.49587487513777)
SRR22894980_1	(1, 4.431023834408964)	(2, 4.725171348643098)	(3, 4.713978869893801)	(4, 4.764031768248562)	(5, 4.7566858404169015)	(6, 5.060088967906505)	(7, 5.085110163793041)	(8, 5.064589667736207)	(9, 5.102686076129777)	(10, 5.0580174582843025)	(12, 5.060027298840073)	(14, 5.044894509351771)	(16, 5.032976048648214)	(18, 5.04611715569475)	(20, 5.041959404395588)	(22, 5.050646406018171)	(24, 5.0045760731331175)	(26, 5.019015428229997)	(28, 4.989105474203145)	(30, 5.005257516317178)	(32, 4.985427142794495)	(34, 4.930256168733875)	(36, 32.97107351634167)	(38, 32.91599099906642)	(40, 33.22835522289936)	(42, 32.86529913509581)	(44, 32.39212854053282)	(46, 31.693333378844365)	(48, 31.094896679818255)	(50, 32.58728347573261)	(52, 32.08272461338667)	(54, 32.54036319870381)	(56, 32.2058283678621)	(58, 32.195930618166315)	(60, 31.22406811348339)	(62, 31.53927857545154)	(64, 31.48963244438524)	(66, 31.103998738005338)	(68, 31.764079945685324)	(70, 31.510995918927712)	(72, 31.707539806372736)	(74, 31.679529858096487)	(76, 31.349072210197825)	(78, 29.425635276414802)	(80, 29.93036587628518)	(82, 32.60794108229024)	(84, 32.93744150763288)	(86, 32.7266962669993)	(88, 32.593279182411266)	(90, 32.426074812182165)	(92, 32.32561598054458)	(94, 32.27305230537737)	(96, 32.01908365872563)	(98, 31.928205700707352)	(100, 30.82442122746332)
SRR22894980_2	(1, 3.6567915457648428)	(2, 4.769621041302743)	(3, 4.8096502039190465)	(4, 4.848777627741761)	(5, 4.801187380773138)	(6, 5.074067746438725)	(7, 5.089966945380393)	(8, 5.080122278338535)	(9, 5.123657898391305)	(10, 5.081538839634846)	(12, 5.041091240982611)	(14, 5.013425469963966)	(16, 5.010626950569731)	(18, 4.969372857570951)	(20, 5.036333700911423)	(22, 4.83845913670616)	(24, 5.04415094029338)	(26, 4.990179429574839)	(28, 4.9904825216161495)	(30, 4.880074450551458)	(32, 4.844162954341137)	(34, 4.791579111819265)	(36, 29.952290587393527)	(38, 30.510735199580324)	(40, 29.963096596643673)	(42, 30.096734255156996)	(44, 29.9546440456578)	(46, 30.155215199369742)	(48, 29.33024642756502)	(50, 29.307360725773968)	(52, 28.859011443560906)	(54, 28.82460462969133)	(56, 29.92080006575689)	(58, 29.809213320413132)	(60, 29.27864522971867)	(62, 28.946635626320447)	(64, 29.18529401254621)	(66, 28.30574894941968)	(68, 27.242634351057113)	(70, 26.95524631765823)	(72, 28.313408979824473)	(74, 27.64196064754926)	(76, 28.440938274952583)	(78, 28.49923536584972)	(80, 28.047433340444464)	(82, 25.702557796897842)	(84, 27.300698487578337)	(86, 29.201680969641565)	(88, 29.56901069081446)	(90, 29.754965233158096)	(92, 29.798513547344093)	(94, 29.563162850948444)	(96, 29.486075179844647)	(98, 29.464358374565094)	(100, 28.589047972497454)
SRR22894981_1	(1, 4.593574314326199)	(2, 4.99003527989849)	(3, 4.9785612177150025)	(4, 5.025757212549151)	(5, 5.014670965685247)	(6, 5.3473301613638045)	(7, 5.371889288139252)	(8, 5.349511716666394)	(9, 5.388066332735503)	(10, 5.353598587297982)	(12, 5.354665769713003)	(14, 5.338692673302617)	(16, 5.328749540332166)	(18, 5.342373028134809)	(20, 5.336583535294332)	(22, 5.346666482590356)	(24, 5.299776849308019)	(26, 5.314584742667591)	(28, 5.289391054644308)	(30, 5.303852047828046)	(32, 5.288144774345452)	(34, 5.222487264220209)	(36, 33.22656045354623)	(38, 33.16924119288652)	(40, 33.469012545287086)	(42, 33.157405432818386)	(44, 32.80282297184165)	(46, 32.140636418346986)	(48, 31.428875369185107)	(50, 32.8997861289361)	(52, 32.534471915764904)	(54, 32.92127488175322)	(56, 32.66160296653535)	(58, 32.65302393119771)	(60, 31.833309515280014)	(62, 32.07293467251391)	(64, 32.075138068382806)	(66, 31.78002797962749)	(68, 32.30599088155915)	(70, 31.967742823405164)	(72, 32.002826768894856)	(74, 32.05895264248987)	(76, 31.754665890961913)	(78, 30.099929506543617)	(80, 30.896643703769186)	(82, 32.90749654365932)	(84, 33.166498310819534)	(86, 32.956035188205156)	(88, 32.86338659058029)	(90, 32.6878015310034)	(92, 32.61370170844117)	(94, 32.57291958085247)	(96, 32.35408686829579)	(98, 32.24874890905777)	(100, 31.14564930948331)
SRR22894981_2	(1, 3.8884008077603225)	(2, 5.0135062646607365)	(3, 5.048918949108338)	(4, 5.098133089683234)	(5, 5.032857119548779)	(6, 5.297686788299273)	(7, 5.34848457084909)	(8, 5.3365539157424156)	(9, 5.379796202422026)	(10, 5.327751135520746)	(12, 5.30001907699954)	(14, 5.275870482233916)	(16, 5.267010973039932)	(18, 5.2283875793672205)	(20, 5.307220393312508)	(22, 5.1225089768578425)	(24, 5.311309146542733)	(26, 5.266339136339049)	(28, 5.246970459517227)	(30, 5.140151687247654)	(32, 5.114226421393349)	(34, 5.072097503548699)	(36, 30.12620308948394)	(38, 30.67079984552148)	(40, 30.11879748213182)	(42, 30.2315036367991)	(44, 30.021181879931532)	(46, 30.169774461050885)	(48, 29.360672550301963)	(50, 29.41492402155277)	(52, 28.992915196146406)	(54, 28.956836876594032)	(56, 29.963048717502904)	(58, 29.86094063879646)	(60, 29.43326403776569)	(62, 29.101383989521416)	(64, 29.20386275489638)	(66, 28.6465907321798)	(68, 27.8241937176918)	(70, 27.517603809666)	(72, 28.6301107056071)	(74, 28.098067625348136)	(76, 28.67192750765945)	(78, 28.621374005818186)	(80, 28.386298831607505)	(82, 26.720570035794836)	(84, 27.972284431898917)	(86, 29.22500057571542)	(88, 29.634599035761084)	(90, 29.93763403451552)	(92, 29.838262087957553)	(94, 29.618016816825175)	(96, 29.52722755168521)	(98, 29.41573525721946)	(100, 28.285405591004164)
SRR22894982_1	(1, 4.718928473351929)	(2, 5.376152022181054)	(3, 5.358603452337639)	(4, 5.417112253247631)	(5, 5.394507986824075)	(6, 5.76176556277174)	(7, 5.787818542479533)	(8, 5.766473878854536)	(9, 5.810249955044057)	(10, 5.770387345982332)	(12, 5.772921467194708)	(14, 5.753550543722966)	(16, 5.741172116442166)	(18, 5.7605367669916046)	(20, 5.755430468838213)	(22, 5.7672943770918454)	(24, 5.710212596306782)	(26, 5.726177462365952)	(28, 5.686089028101298)	(30, 5.709202795214178)	(32, 5.690948312514202)	(34, 5.615510845882663)	(36, 32.81828796387548)	(38, 32.79619155159604)	(40, 33.1752134273091)	(42, 32.859767892905126)	(44, 32.56559370767612)	(46, 32.038383558087524)	(48, 31.253398865765448)	(50, 32.78706253607439)	(52, 32.319882308335586)	(54, 32.75443511922168)	(56, 32.4678794507234)	(58, 32.36722239002759)	(60, 31.431638877477454)	(62, 31.765225999285455)	(64, 31.7811896852541)	(66, 31.481602532898947)	(68, 32.10341434183069)	(70, 31.649987628077078)	(72, 31.75794696334919)	(74, 31.74615994399617)	(76, 31.498898581977073)	(78, 30.104723935260647)	(80, 30.921386543612506)	(82, 32.6601122400982)	(84, 33.00029152852521)	(86, 32.80647001963294)	(88, 32.77721355894431)	(90, 32.61319667682281)	(92, 32.51890811340883)	(94, 32.45471495691904)	(96, 32.248487562793045)	(98, 32.193744434830755)	(100, 30.978015098741956)
SRR22894982_2	(1, 4.2102008868518155)	(2, 5.435122231376043)	(3, 5.474022155961576)	(4, 5.509366309388892)	(5, 5.4462830147385795)	(6, 5.717623705512784)	(7, 5.786909108143787)	(8, 5.760997757081781)	(9, 5.802235669508997)	(10, 5.784335816016583)	(12, 5.747651348190401)	(14, 5.714901396631301)	(16, 5.717843954784776)	(18, 5.656444451879019)	(20, 5.748550606452189)	(22, 5.514277728756051)	(24, 5.742846986697223)	(26, 5.688702466931245)	(28, 5.670815159283437)	(30, 5.563695253070596)	(32, 5.5121817363170145)	(34, 5.459137905317904)	(36, 30.072628518251015)	(38, 30.65163310565562)	(40, 30.130705331925682)	(42, 30.302668211213515)	(44, 30.276905811608188)	(46, 30.48191821600241)	(48, 29.65173971339206)	(50, 29.675941218795344)	(52, 29.185277122207975)	(54, 29.041873817837914)	(56, 30.213203926205296)	(58, 30.06600698427993)	(60, 29.631040431918297)	(62, 29.266720424483324)	(64, 29.354028976674282)	(66, 28.871325270097977)	(68, 27.9548005990788)	(70, 27.64132653028029)	(72, 28.77455800072731)	(74, 28.12384160462488)	(76, 28.621624292606857)	(78, 28.636404925210826)	(80, 28.356456087943542)	(82, 26.788322650895132)	(84, 28.203465751476973)	(86, 29.45859646414806)	(88, 29.808361373920235)	(90, 30.033866706496724)	(92, 30.0756646540109)	(94, 29.856729806196206)	(96, 29.775518378284136)	(98, 29.72554194300787)	(100, 28.685170932003313)
SRR22894983_1	(1, 4.831096141477773)	(2, 5.575217986197204)	(3, 5.556088964189014)	(4, 5.609639791478392)	(5, 5.590276733853163)	(6, 5.983668499454408)	(7, 6.0078673106477956)	(8, 5.985919544803672)	(9, 6.027862618145247)	(10, 5.9905383585555345)	(12, 5.994546734318877)	(14, 5.971070810217158)	(16, 5.959699449927873)	(18, 5.980518008657549)	(20, 5.974427482266054)	(22, 5.987534803218491)	(24, 5.927380722892988)	(26, 5.942649336240798)	(28, 5.897340011306809)	(30, 5.925390093749835)	(32, 5.903750641829416)	(34, 5.825920682558687)	(36, 32.906195416701536)	(38, 32.93044353932788)	(40, 33.278002889575916)	(42, 32.995811044887276)	(44, 32.73162168502979)	(46, 32.231681353369844)	(48, 31.387250538715502)	(50, 32.864876611780176)	(52, 32.46777816945088)	(54, 32.87033112022054)	(56, 32.601552865641935)	(58, 32.48321040265415)	(60, 31.66116404956657)	(62, 31.89895185987199)	(64, 31.93447114326644)	(66, 31.70893127406438)	(68, 32.25038448665184)	(70, 31.776371558884776)	(72, 31.791491424669196)	(74, 31.79121878048837)	(76, 31.554468541894046)	(78, 30.30640893933264)	(80, 31.246884570649673)	(82, 32.751661903211485)	(84, 33.05405534628274)	(86, 32.8748613000794)	(88, 32.863977168404375)	(90, 32.732263084882575)	(92, 32.63090975559374)	(94, 32.57183959645988)	(96, 32.385246229535916)	(98, 32.307662419763815)	(100, 31.11275091730449)
SRR22894983_2	(1, 4.416321360967221)	(2, 5.628200525489544)	(3, 5.664129414032587)	(4, 5.700845888430447)	(5, 5.629627435341029)	(6, 5.899405950399776)	(7, 6.0010204424511135)	(8, 5.975663832890317)	(9, 6.013034663799289)	(10, 5.975663390757538)	(12, 5.953076743049525)	(14, 5.916641907231111)	(16, 5.917764187598706)	(18, 5.861715310114878)	(20, 5.96574517353122)	(22, 5.722945305817348)	(24, 5.943748036193579)	(26, 5.8957194472986565)	(28, 5.864574877543959)	(30, 5.760570657828727)	(32, 5.71808862463104)	(34, 5.668467768225744)	(36, 30.10784652579042)	(38, 30.680997241574985)	(40, 30.14535845750595)	(42, 30.328833176946375)	(44, 30.26855734875503)	(46, 30.487611955393483)	(48, 29.58217088257623)	(50, 29.713471275035005)	(52, 29.18176954110584)	(54, 29.073788128126118)	(56, 30.192157553733274)	(58, 30.045410446143972)	(60, 29.70264751485564)	(62, 29.305252624294223)	(64, 29.287265950945326)	(66, 29.035924604230775)	(68, 28.225237435422688)	(70, 27.89247044304519)	(72, 28.876364965710536)	(74, 28.224706227418682)	(76, 28.653247285887513)	(78, 28.632921498362922)	(80, 28.48645859053479)	(82, 27.18777069278979)	(84, 28.295289147667155)	(86, 29.346887768899954)	(88, 29.75403010499595)	(90, 30.055729454273703)	(92, 29.998006927299322)	(94, 29.8023978627717)	(96, 29.718074275866996)	(98, 29.611208504700848)	(100, 28.43680660763899)
SRR22894984_1	(1, 10.813064772790046)	(2, 12.05789706278055)	(3, 12.022357473666954)	(4, 12.166501834537053)	(5, 12.168010716761378)	(6, 13.295387195127384)	(7, 13.381684833840303)	(8, 13.289667965722044)	(9, 13.431025327124953)	(10, 13.261995546859549)	(12, 13.293082218266251)	(14, 13.237989306404218)	(16, 13.19567957168594)	(18, 13.25093018780171)	(20, 13.235540658294976)	(22, 13.278344443909853)	(24, 13.11725600835387)	(26, 13.136215267197336)	(28, 13.064540020350085)	(30, 13.139022091069306)	(32, 13.098056406445739)	(34, 12.897392667554087)	(36, 33.38367145540245)	(38, 33.37766343074918)	(40, 33.602047947529044)	(42, 33.301860328859036)	(44, 33.107185227418896)	(46, 32.765485967786944)	(48, 31.93920062152613)	(50, 33.418352427342455)	(52, 32.85486003106789)	(54, 33.45619537025479)	(56, 32.9388423655576)	(58, 33.19952672060889)	(60, 32.13231814794151)	(62, 32.51303918609966)	(64, 32.754930436550325)	(66, 32.138714321251776)	(68, 32.817080732155546)	(70, 32.07736189348284)	(72, 32.32531320007778)	(74, 32.44306751662859)	(76, 32.28128102178799)	(78, 30.43379563760474)	(80, 30.70571831203567)	(82, 33.29512883629243)	(84, 33.670682013653966)	(86, 33.44409423776552)	(88, 33.38769866499956)	(90, 33.2579393025387)	(92, 33.20833194093741)	(94, 33.13590979040184)	(96, 32.92689676379186)	(98, 32.815455033655596)	(100, 31.286246388375496)
SRR22894984_2	(1, 7.668677173155706)	(2, 11.793190472881106)	(3, 11.901068201298342)	(4, 12.065963145317788)	(5, 11.992625321422652)	(6, 12.993666882284911)	(7, 13.081799503543445)	(8, 13.001030423556204)	(9, 13.127741336512367)	(10, 13.033274038315897)	(12, 12.951995760695823)	(14, 12.873273717561482)	(16, 12.863611213574327)	(18, 12.831725774577361)	(20, 13.04664481972711)	(22, 12.362587026909512)	(24, 12.98844393123738)	(26, 12.917438259230153)	(28, 12.765590892000207)	(30, 12.572929307509039)	(32, 12.460727408642907)	(34, 12.125188220472328)	(36, 31.47969174076853)	(38, 31.942418999785744)	(40, 31.620947188408557)	(42, 31.640965458079023)	(44, 31.93693184481397)	(46, 32.57286562087885)	(48, 31.411107299196562)	(50, 31.547846963018948)	(52, 31.340731604153532)	(54, 31.33861658910464)	(56, 32.575770712935864)	(58, 32.3925966219287)	(60, 32.08938317627807)	(62, 31.599843634072098)	(64, 31.231457505795298)	(66, 31.280793780319797)	(68, 29.783920394661735)	(70, 29.335300804674013)	(72, 30.805563000364735)	(74, 29.308898047066382)	(76, 29.995367539302976)	(78, 30.10032034233469)	(80, 29.730923372770185)	(82, 27.16007996307009)	(84, 29.59301824914653)	(86, 31.81620409927257)	(88, 32.00273691506674)	(90, 32.04733459748511)	(92, 31.983498535856295)	(94, 31.836832937931167)	(96, 31.703322125497444)	(98, 31.610154381855622)	(100, 30.047744879805954)
SRR22894985_1	(1, 11.243244914421373)	(2, 12.846520127302247)	(3, 12.823896996480169)	(4, 12.954921438549121)	(5, 12.942677919131032)	(6, 14.172599568476485)	(7, 14.246235880159006)	(8, 14.156279716427406)	(9, 14.292886513812782)	(10, 14.164836407993022)	(12, 14.185140076505014)	(14, 14.126362095634079)	(16, 14.095866658672021)	(18, 14.143011258397891)	(20, 14.128405180530663)	(22, 14.164276860839756)	(24, 13.999972830694944)	(26, 14.027338878994474)	(28, 13.969344592043516)	(30, 14.03900224006236)	(32, 13.997962536338946)	(34, 13.782525171424261)	(36, 33.591664298928464)	(38, 33.60412969274892)	(40, 33.854857103374314)	(42, 33.6004990357318)	(44, 33.47649308414722)	(46, 33.097219629150516)	(48, 32.27780916796249)	(50, 33.62390640729431)	(52, 33.24144762339718)	(54, 33.70984212967193)	(56, 33.32907682206855)	(58, 33.49941070603124)	(60, 32.63647859964914)	(62, 32.92914612611922)	(64, 33.12018655730769)	(66, 32.68493526022649)	(68, 33.22503865033484)	(70, 32.538894003017326)	(72, 32.63232892918921)	(74, 32.78774865685406)	(76, 32.62438251881791)	(78, 31.01166502041125)	(80, 31.707878945615626)	(82, 33.57772933087989)	(84, 33.84885348398376)	(86, 33.62089649814415)	(88, 33.595220802838426)	(90, 33.48149998917588)	(92, 33.428253273389984)	(94, 33.37520824516784)	(96, 33.196220140392)	(98, 33.085636227215815)	(100, 31.674082410946486)
SRR22894985_2	(1, 8.373098734191446)	(2, 12.566754045650054)	(3, 12.649886029449654)	(4, 12.815877835561997)	(5, 12.728923880039087)	(6, 13.755469227951407)	(7, 13.924987890921798)	(8, 13.809974601384136)	(9, 13.94851510379143)	(10, 13.863336756041189)	(12, 13.783013282042681)	(14, 13.717144112552125)	(16, 13.708172152211816)	(18, 13.663350293850087)	(20, 13.891476426880374)	(22, 13.278442749121448)	(24, 13.871207422654141)	(26, 13.803651648286788)	(28, 13.616610188864145)	(30, 13.42357227644112)	(32, 13.3436725030706)	(34, 13.0451558534394)	(36, 31.839500819906107)	(38, 32.19754672623286)	(40, 31.912902667369785)	(42, 31.932587269878457)	(44, 32.14255864003522)	(46, 32.70104918315259)	(48, 31.552812890252554)	(50, 31.71336920462419)	(52, 31.534909160833497)	(54, 31.531756340373896)	(56, 32.727811217902854)	(58, 32.5690005221616)	(60, 32.31129491354016)	(62, 31.839319156879576)	(64, 31.461816979487118)	(66, 31.614343168121174)	(68, 30.3753560275499)	(70, 29.958913885013704)	(72, 31.261106519445747)	(74, 29.929776477544472)	(76, 30.437626759956274)	(78, 30.451822222615057)	(80, 30.19601992450905)	(82, 28.309431102002055)	(84, 30.765226221080844)	(86, 32.09505418343018)	(88, 32.21992790389329)	(90, 32.270252597324486)	(92, 32.19967097561695)	(94, 32.06924580216033)	(96, 31.934549786297076)	(98, 31.825383366387626)	(100, 30.30155059306331)
SRR22894986_1	(1, 11.317952172948093)	(2, 13.714588293795453)	(3, 13.671373019666538)	(4, 13.831231176606375)	(5, 13.789559093283957)	(6, 15.098767177389337)	(7, 15.16871840524428)	(8, 15.08832122885836)	(9, 15.226513916150664)	(10, 15.073832436763531)	(12, 15.107527083690668)	(14, 15.048843570771512)	(16, 15.008955400203945)	(18, 15.076485074003463)	(20, 15.061985654553624)	(22, 15.112469792361257)	(24, 14.909609402688275)	(26, 14.95352361076991)	(28, 14.839396445322752)	(30, 14.94756611326981)	(32, 14.895891711701113)	(34, 14.659572454093533)	(36, 33.25285939612664)	(38, 33.30157635653396)	(40, 33.59951783030937)	(42, 33.33866366630289)	(44, 33.308068993515604)	(46, 33.05450967941878)	(48, 32.096843476545786)	(50, 33.55450648357649)	(52, 33.07010030710798)	(54, 33.60718967965089)	(56, 33.18874344103547)	(58, 33.31057528415799)	(60, 32.32868882567274)	(62, 32.696507688538546)	(64, 32.931763690394206)	(66, 32.48670302290523)	(68, 33.083731087842146)	(70, 32.2804390103901)	(72, 32.432646608496256)	(74, 32.53521947844045)	(76, 32.41829871456808)	(78, 31.131312598029826)	(80, 31.760163374881813)	(82, 33.388101366350796)	(84, 33.75010792526999)	(86, 33.53071957638182)	(88, 33.57632666995437)	(90, 33.460712187952694)	(92, 33.38700042463632)	(94, 33.313777447452935)	(96, 33.1519724033507)	(98, 33.08548270283257)	(100, 31.56959256975098)
SRR22894986_2	(1, 9.332003019157414)	(2, 13.490087149254034)	(3, 13.579643622771407)	(4, 13.734568215508919)	(5, 13.633607848622967)	(6, 14.68304630412722)	(7, 14.865743882721453)	(8, 14.748314575639828)	(9, 14.844757080907783)	(10, 14.838288976071645)	(12, 14.769965957863278)	(14, 14.693550332389064)	(16, 14.695608579191838)	(18, 14.618438164364155)	(20, 14.869394997036698)	(22, 14.141406597165414)	(24, 14.818793464028381)	(26, 14.720107351114464)	(28, 14.569998433083004)	(30, 14.38319622397719)	(32, 14.225788043088734)	(34, 13.910941034985747)	(36, 31.691213141305994)	(38, 32.16731177024347)	(40, 31.85890098918091)	(42, 31.93338726810488)	(44, 32.26482940191145)	(46, 32.834795658024476)	(48, 31.73386043361169)	(50, 31.853192554041616)	(52, 31.585798785344867)	(54, 31.498627477241563)	(56, 32.82306457703808)	(58, 32.621312512028034)	(60, 32.3765160091792)	(62, 31.881753064596403)	(64, 31.523454012157096)	(66, 31.710700348169727)	(68, 30.472652899835392)	(70, 30.0193840263303)	(72, 31.257328569559007)	(74, 29.92928134841329)	(76, 30.36819000071487)	(78, 30.44655356488603)	(80, 30.218439157086493)	(82, 28.501634720129594)	(84, 30.729181211600594)	(86, 32.08650432230024)	(88, 32.26999475522957)	(90, 32.33256003779793)	(92, 32.29442574796313)	(94, 32.163635391248036)	(96, 32.04339629102122)	(98, 31.950319530460284)	(100, 30.425620791246565)
SRR22894987_1	(1, 11.656751448693491)	(2, 14.310978360380727)	(3, 14.265203737705924)	(4, 14.42007508144905)	(5, 14.382490883332226)	(6, 15.772866853176897)	(7, 15.830190107456488)	(8, 15.767834657146803)	(9, 15.890472634653054)	(10, 15.75002352688458)	(12, 15.785126405859216)	(14, 15.714934712895289)	(16, 15.679497087269398)	(18, 15.748537241523929)	(20, 15.737518987730219)	(22, 15.784644104725324)	(24, 15.572960960715218)	(26, 15.621714803013486)	(28, 15.491883992000858)	(30, 15.607402018197533)	(32, 15.54828790769278)	(34, 15.308982155369499)	(36, 33.36078222136958)	(38, 33.43264745985414)	(40, 33.722002205749185)	(42, 33.48676510537793)	(44, 33.48733698045801)	(46, 33.20668793213483)	(48, 32.27214889366618)	(50, 33.64721598094721)	(52, 33.240766238762035)	(54, 33.701354924789506)	(56, 33.366832394094764)	(58, 33.42487690788804)	(60, 32.579407128290214)	(62, 32.85371104635591)	(64, 33.06757691113636)	(66, 32.72265195428315)	(68, 33.242077240667)	(70, 32.467317842636824)	(72, 32.52169530851144)	(74, 32.6318638871242)	(76, 32.490235909776466)	(78, 31.31102580910919)	(80, 32.145896123749495)	(82, 33.53015469174743)	(84, 33.87035043464947)	(86, 33.6653064686806)	(88, 33.71013464355578)	(90, 33.61364956780039)	(92, 33.54897411189647)	(94, 33.46192647761987)	(96, 33.32985759994617)	(98, 33.238629731196966)	(100, 31.801083559050365)
SRR22894987_2	(1, 9.909016422788344)	(2, 14.085780044087336)	(3, 14.159549613596493)	(4, 14.306319014325826)	(5, 14.202985868525632)	(6, 15.29657018939142)	(7, 15.53715048511413)	(8, 15.430819195892001)	(9, 15.502219710414739)	(10, 15.468456073772128)	(12, 15.405835690283908)	(14, 15.325252018964715)	(16, 15.333137616931173)	(18, 15.255813697761365)	(20, 15.525799530485216)	(22, 14.804096235187012)	(24, 15.469856179131654)	(26, 15.373332020601367)	(28, 15.207894292684674)	(30, 15.00073726095918)	(32, 14.88409250157272)	(34, 14.571856220047975)	(36, 31.842239068612344)	(38, 32.24039748946589)	(40, 31.97646505434826)	(42, 32.04875027581649)	(44, 32.32376699741728)	(46, 32.87417036835062)	(48, 31.704764062217258)	(50, 31.93269754714751)	(52, 31.634650855466006)	(54, 31.57560634807802)	(56, 32.85803769048546)	(58, 32.676733111427616)	(60, 32.47997536418514)	(62, 31.994412473387705)	(64, 31.611580399636765)	(66, 31.867352352177797)	(68, 30.745742384673143)	(70, 30.344353481807865)	(72, 31.413096908147494)	(74, 30.102222050254955)	(76, 30.510949765575333)	(78, 30.561558715996828)	(80, 30.401129442904473)	(82, 28.917280834083634)	(84, 31.065753118269274)	(86, 32.16953749338565)	(88, 32.33735572394161)	(90, 32.40936333460266)	(92, 32.35801043670219)	(94, 32.241071208741076)	(96, 32.12837880999952)	(98, 32.023185179204845)	(100, 30.478344920481817)
SRR22894988_1	(1, 19.15109441066272)	(2, 21.763124663531865)	(3, 21.5214052922828)	(4, 21.87970809225085)	(5, 21.877587444098992)	(6, 24.1077664976978)	(7, 24.252493653433785)	(8, 24.104106476717014)	(9, 24.398188421269943)	(10, 24.01645560125265)	(12, 24.13639469457378)	(14, 24.01689935749937)	(16, 23.94275024433699)	(18, 24.067744353033042)	(20, 24.051629728283103)	(22, 24.160758361834706)	(24, 23.868807465106332)	(26, 23.963046533224855)	(28, 23.850427703134926)	(30, 24.044309686321533)	(32, 23.965615916190146)	(34, 23.57621455454108)	(36, 33.651072649744265)	(38, 33.63647226336095)	(40, 33.82978778122282)	(42, 33.67943880440241)	(44, 33.51821610965868)	(46, 33.24145846160757)	(48, 32.30360899060075)	(50, 34.07804456602019)	(52, 33.47585135519922)	(54, 34.207886703211514)	(56, 33.670384806720435)	(58, 34.0093161762933)	(60, 32.78063255673104)	(62, 33.26383246728469)	(64, 33.63408692442351)	(66, 32.85833154209098)	(68, 33.661952591254945)	(70, 32.6888328021352)	(72, 32.94598837189007)	(74, 33.08705733200635)	(76, 33.00434213270499)	(78, 31.186127194544618)	(80, 31.313637804090778)	(82, 34.127553194614975)	(84, 34.55890558810968)	(86, 34.335092636896974)	(88, 34.38714982260187)	(90, 34.27479405989081)	(92, 34.24524158844466)	(94, 34.18817052664801)	(96, 34.05868717789191)	(98, 34.105948072003685)	(100, 32.262496885642975)
SRR22894988_2	(1, 12.780150697895483)	(2, 21.413446511274906)	(3, 21.33611122604839)	(4, 21.636075845034256)	(5, 21.505214108240235)	(6, 23.496664692203986)	(7, 23.715617852299424)	(8, 23.530433757072053)	(9, 23.728848227397915)	(10, 23.60317183379199)	(12, 23.51666602867256)	(14, 23.432988491987714)	(16, 23.405487221346853)	(18, 23.45316197622989)	(20, 23.877318933400716)	(22, 22.629261514816324)	(24, 23.712917145807616)	(26, 23.70764340540159)	(28, 23.343984110185197)	(30, 23.119316661846675)	(32, 22.943510637426918)	(34, 22.119124378536583)	(36, 32.29814559625513)	(38, 32.70153172141333)	(40, 32.58576588336352)	(42, 32.58061025660247)	(44, 33.27708123009725)	(46, 34.096764342442185)	(48, 32.83912131806353)	(50, 32.935138398465384)	(52, 32.80613465386304)	(54, 32.89709629047931)	(56, 34.275241327162384)	(58, 34.023139379159375)	(60, 33.81230212557357)	(62, 33.32621246611566)	(64, 32.842243436319336)	(66, 33.12532167939574)	(68, 31.403907920351273)	(70, 31.031274573829783)	(72, 32.55222438034626)	(74, 30.76066389544178)	(76, 31.312425572631028)	(78, 31.430047928695764)	(80, 31.004249032181924)	(82, 28.079740471681347)	(84, 31.400300893440047)	(86, 33.92962861051277)	(88, 34.108473650382464)	(90, 34.11177766981347)	(92, 34.05558413201298)	(94, 33.96465608386637)	(96, 33.919186771963524)	(98, 33.874744409574646)	(100, 32.05592301497557)
SRR22894989_1	(1, 19.94634383170685)	(2, 23.399851074830803)	(3, 23.174041842096454)	(4, 23.536532061657525)	(5, 23.49390777091244)	(6, 25.910540621964874)	(7, 26.043887650120254)	(8, 25.903903289189607)	(9, 26.193320474971106)	(10, 25.87493296079564)	(12, 25.982699008602452)	(14, 25.8474960751812)	(16, 25.794228716211578)	(18, 25.920958399931028)	(20, 25.90288243894345)	(22, 26.010069065732978)	(24, 25.687155276403814)	(26, 25.810105478225836)	(28, 25.688703048173586)	(30, 25.892294639681285)	(32, 25.804269003552385)	(34, 25.371100016111082)	(36, 33.764414047357434)	(38, 33.776652015433164)	(40, 33.99982894280318)	(42, 33.88065299016465)	(44, 33.807511278177955)	(46, 33.450332454163124)	(48, 32.5470203274796)	(50, 34.17244025573135)	(52, 33.714741000915694)	(54, 34.33119017182303)	(56, 33.927855404618946)	(58, 34.17015939881144)	(60, 33.143304670553526)	(62, 33.49918749017098)	(64, 33.862301796736986)	(66, 33.25247247490415)	(68, 33.91455658317729)	(70, 33.02373129291979)	(72, 33.10136802388325)	(74, 33.28033261816984)	(76, 33.211885595462675)	(78, 31.59929394098947)	(80, 32.2839790137515)	(82, 34.31259753441661)	(84, 34.64819514486529)	(86, 34.41647425910892)	(88, 34.48671994379754)	(90, 34.39704150204404)	(92, 34.35937847363992)	(94, 34.323563897633925)	(96, 34.22623006539669)	(98, 34.256330638065016)	(100, 32.54786939042913)
SRR22894989_2	(1, 14.347056090892519)	(2, 22.985526274912875)	(3, 22.971953951682647)	(4, 23.24845481708141)	(5, 23.132952800306136)	(6, 25.235931279607726)	(7, 25.60414900126938)	(8, 25.328994579306865)	(9, 25.531193248468785)	(10, 25.43690921513016)	(12, 25.348357379947746)	(14, 25.29535119391796)	(16, 25.28841307275924)	(18, 25.302843570052268)	(20, 25.718234374597372)	(22, 24.63084619791683)	(24, 25.649646555587694)	(26, 25.621429281857502)	(28, 25.239753989299253)	(30, 25.01682223454703)	(32, 24.885667782722415)	(34, 24.14245918224573)	(36, 32.79566812577987)	(38, 33.06764366915954)	(40, 32.99919060239226)	(42, 32.984870707292785)	(44, 33.59209231285266)	(46, 34.28817326889357)	(48, 33.080181203922706)	(50, 33.18055882265608)	(52, 33.035570683086064)	(54, 33.12814505031991)	(56, 34.42635624071743)	(58, 34.19623510818762)	(60, 34.012199451822354)	(62, 33.56553936827855)	(64, 33.11172074740574)	(66, 33.40810490892359)	(68, 32.0269374169306)	(70, 31.695488031046462)	(72, 32.996639942292546)	(74, 31.44394891161341)	(76, 31.809344415082215)	(78, 31.833728585966092)	(80, 31.49209000359684)	(82, 29.303241066761814)	(84, 32.706198356878815)	(86, 34.19080965629837)	(88, 34.27529085869972)	(90, 34.274360989514314)	(92, 34.22483347897732)	(94, 34.13816426720624)	(96, 34.095314974710604)	(98, 34.049749740285)	(100, 32.336588459462845)
SRR22894990_1	(1, 18.982000449690837)	(2, 23.613091399662732)	(3, 23.397100168634065)	(4, 23.752459359190556)	(5, 23.675564024732996)	(6, 26.089112535132095)	(7, 26.189889376053962)	(8, 26.07894659921304)	(9, 26.337721866216977)	(10, 26.00619820123665)	(12, 26.137562788083194)	(14, 26.013278133783025)	(16, 25.943691062394606)	(18, 26.101467566048342)	(20, 26.090462619449127)	(22, 26.208960089938167)	(24, 25.837146824058458)	(26, 25.996369758291173)	(28, 25.790454187745922)	(30, 26.04792647554806)	(32, 25.95775413153457)	(34, 25.521379539066892)	(36, 33.515993103941994)	(38, 33.55401335840699)	(40, 33.82163290611808)	(42, 33.70660032579564)	(44, 33.71696035468039)	(46, 33.51339107508121)	(48, 32.51798757749546)	(50, 34.13322946687964)	(52, 33.616852982117834)	(54, 34.27330379982524)	(56, 33.83986468141302)	(58, 34.055881035217055)	(60, 32.92572254237565)	(62, 33.367774958960545)	(64, 33.73462593850869)	(66, 33.13781208764233)	(68, 33.84757199298435)	(70, 32.86089098160311)	(72, 32.99647001705705)	(74, 33.12317939243691)	(76, 33.081383029742895)	(78, 31.818781232702385)	(80, 32.36378992544146)	(82, 34.15274762982665)	(84, 34.579554341034566)	(86, 34.351504955092366)	(88, 34.47775639250294)	(90, 34.38219537609931)	(92, 34.32944431207984)	(94, 34.27873040858222)	(96, 34.189133538617696)	(98, 34.25966114544006)	(100, 32.497591805961605)
SRR22894990_2	(1, 15.13377807757167)	(2, 23.28905677346824)	(3, 23.205345474985947)	(4, 23.497534794828557)	(5, 23.338346037099495)	(6, 25.37791703204047)	(7, 25.68222934232715)	(8, 25.450611804384486)	(9, 25.585689038785834)	(10, 25.611259246767844)	(12, 25.542764024732996)	(14, 25.469431028667792)	(16, 25.48089522203485)	(18, 25.44801214165261)	(20, 25.916504890387856)	(22, 24.66499471613266)	(24, 25.794489600899382)	(26, 25.714140978077573)	(28, 25.40759797639123)	(30, 25.234628105677345)	(32, 24.991194378864527)	(34, 24.246832939853853)	(36, 32.49472013750436)	(38, 32.883920572704646)	(40, 32.800319503300344)	(42, 32.84449612918539)	(44, 33.55970009289513)	(46, 34.27129132862533)	(48, 33.11012041885906)	(50, 33.20089657831457)	(52, 32.95686883775095)	(54, 32.98158339895315)	(56, 34.41711768604688)	(58, 34.16197298541711)	(60, 33.99520957703953)	(62, 33.52594937548925)	(64, 33.08108552215816)	(66, 33.43027430113337)	(68, 32.037832478419595)	(70, 31.688800836340906)	(72, 32.90657521577058)	(74, 31.38792893382012)	(76, 31.688381208868073)	(78, 31.760376481740558)	(80, 31.487646845634913)	(82, 29.501281069257914)	(84, 32.56766517775776)	(86, 34.07917754212194)	(88, 34.22306297714418)	(90, 34.25435584010659)	(92, 34.21992253085905)	(94, 34.13518688529764)	(96, 34.106516347080586)	(98, 34.07143433977117)	(100, 32.38986246888253)
SRR22894991_1	(1, 19.56425711362664)	(2, 24.78324118042564)	(3, 24.55455325212254)	(4, 24.94009392983219)	(5, 24.831550814195488)	(6, 27.401450080612918)	(7, 27.482367865456087)	(8, 27.399320777290907)	(9, 27.649198780735865)	(10, 27.307220392413065)	(12, 27.448838477563154)	(14, 27.31304015415154)	(16, 27.240422017898172)	(18, 27.411781585584464)	(20, 27.40250872012337)	(22, 27.54184018401189)	(24, 27.13146769621405)	(26, 27.321251499280045)	(28, 27.06028358312149)	(30, 27.366141471914737)	(32, 27.251284846675134)	(34, 26.770749559860477)	(36, 33.487777707556866)	(38, 33.56586646095273)	(40, 33.84454362143727)	(42, 33.7369063352688)	(44, 33.79743136113499)	(46, 33.55794226266673)	(48, 32.5545915081462)	(50, 34.15049590534218)	(52, 33.69257343064076)	(54, 34.298255620584456)	(56, 33.95046358360766)	(58, 34.11549279573481)	(60, 33.07969079028337)	(62, 33.44525787995806)	(64, 33.800352074968025)	(66, 33.25498379294487)	(68, 33.93412493163056)	(70, 32.94021785228027)	(72, 32.97044014066563)	(74, 33.116247610683246)	(76, 33.043510145497535)	(78, 31.90194402332782)	(80, 32.68868439116649)	(82, 34.242703176333194)	(84, 34.66595245447669)	(86, 34.44712623063667)	(88, 34.577524622802116)	(90, 34.492045356341265)	(92, 34.45070456002664)	(94, 34.394670286130676)	(96, 34.32182547801045)	(98, 34.37127844928496)	(100, 32.680692961424995)
SRR22894991_2	(1, 16.551807953874782)	(2, 24.464513531847864)	(3, 24.424934041698272)	(4, 24.70496473372686)	(5, 24.554369881530572)	(6, 26.720374877627684)	(7, 27.14417487742728)	(8, 26.90860178420588)	(9, 26.993065234839612)	(10, 26.978527353781992)	(12, 26.919482148421963)	(14, 26.845217309181855)	(16, 26.871622924931287)	(18, 26.862848065941265)	(20, 27.327666964936135)	(22, 26.089779068497435)	(24, 27.20518730855058)	(26, 27.13120228481762)	(28, 26.81821198141444)	(30, 26.59411821290829)	(32, 26.407111146627333)	(34, 25.698737774041337)	(36, 32.832033658899334)	(38, 33.13321542118222)	(40, 33.09553111519118)	(42, 33.129873451916325)	(44, 33.77389265229881)	(46, 34.42359668908987)	(48, 33.22844559013407)	(50, 33.3675786569368)	(52, 33.10284029618381)	(54, 33.1604805533611)	(56, 34.53560853712479)	(58, 34.293619407578404)	(60, 34.166863820729006)	(62, 33.71645156058702)	(64, 33.25765643945382)	(66, 33.63897593085715)	(68, 32.395065979054486)	(70, 32.10224280533687)	(72, 33.14109950727204)	(74, 31.66129221169703)	(76, 31.918163541884734)	(78, 31.965414775420513)	(80, 31.722544732189633)	(82, 29.97104659171873)	(84, 32.97616432198579)	(86, 34.24774114972023)	(88, 34.36615571875073)	(90, 34.387156301326435)	(92, 34.35629543838225)	(94, 34.2792425821804)	(96, 34.254458785185136)	(98, 34.21280792176448)	(100, 32.553750379157506)
SRR22894992_1	(1, 5.862455049926553)	(2, 6.332062886125807)	(3, 6.303020867348125)	(4, 6.387780252397759)	(5, 6.370057008369787)	(6, 6.857244531432448)	(7, 6.89178115013552)	(8, 6.866386696496902)	(9, 6.920695787203799)	(10, 6.851263656886245)	(12, 6.855126557772154)	(14, 6.83490521688758)	(16, 6.816074459663975)	(18, 6.831468943631572)	(20, 6.823752240553281)	(22, 6.846260386411405)	(24, 6.7979574443994)	(26, 6.809821635277858)	(28, 6.771429697933485)	(30, 6.799315677150046)	(32, 6.766347066631755)	(34, 6.695398487392749)	(36, 33.38820779615204)	(38, 33.338066016806096)	(40, 33.507768110389925)	(42, 33.161559351498134)	(44, 32.82617063192163)	(46, 32.35137435289255)	(48, 31.38660364056573)	(50, 33.381772679534656)	(52, 32.83905705514498)	(54, 33.40431114020135)	(56, 32.83977977028307)	(58, 33.12824695904057)	(60, 32.030351597555466)	(62, 32.34243276732869)	(64, 32.592463843706525)	(66, 31.8130138492048)	(68, 32.54274173569593)	(70, 31.86697632638875)	(72, 31.94665316910847)	(74, 31.898805742994096)	(76, 31.70979461563527)	(78, 30.14241166723354)	(80, 30.262778241171688)	(82, 32.910763881185716)	(84, 33.240831767312244)	(86, 32.996190509680645)	(88, 32.8809172154745)	(90, 32.70367466067791)	(92, 32.60604839436452)	(94, 32.5912827888356)	(96, 32.39276473215587)	(98, 32.25582897278342)	(100, 30.863005308385326)
SRR22894992_2	(1, 4.522792732772382)	(2, 6.326918080418297)	(3, 6.405322533521104)	(4, 6.462751465142399)	(5, 6.40963531425371)	(6, 6.825097836229582)	(7, 6.867893035758876)	(8, 6.859336219978102)	(9, 6.902289130195228)	(10, 6.857875374183772)	(12, 6.8065476220564465)	(14, 6.782913765615633)	(16, 6.763828750456199)	(18, 6.73199949856089)	(20, 6.825221174075194)	(22, 6.535331743420887)	(24, 6.8356639468312785)	(26, 6.7789603832774095)	(28, 6.7369047053388105)	(30, 6.597631003494909)	(32, 6.540409825375852)	(34, 6.420400585147091)	(36, 30.669642833740532)	(38, 31.264303148308038)	(40, 30.78665580008045)	(42, 31.016927330901694)	(44, 30.93505134554009)	(46, 31.305793302748057)	(48, 30.34583609462197)	(50, 30.499848180645174)	(52, 30.101351032146837)	(54, 30.116014746259896)	(56, 31.232158234320906)	(58, 31.034111391571415)	(60, 30.595401519766313)	(62, 30.212495772622404)	(64, 30.098301236725803)	(66, 29.622076355466387)	(68, 28.501190327547242)	(70, 28.099855515030434)	(72, 29.414234463167645)	(74, 28.498061588229284)	(76, 29.298619562779848)	(78, 29.419542306415963)	(80, 28.967331370556273)	(82, 26.58127189149441)	(84, 28.305063805592596)	(86, 30.542638915650937)	(88, 30.826332987431762)	(90, 30.82195554128772)	(92, 30.759711835171444)	(94, 30.557985662980478)	(96, 30.484116955514565)	(98, 30.379211178080055)	(100, 29.108963802933353)
SRR22894993_1	(1, 6.098161743522508)	(2, 6.7354352229031385)	(3, 6.714795741428663)	(4, 6.787094263235197)	(5, 6.767506052689655)	(6, 7.30479355626365)	(7, 7.335778326424515)	(8, 7.305358872585311)	(9, 7.361935077769044)	(10, 7.304916947422321)	(12, 7.307545668318043)	(14, 7.285823388658233)	(16, 7.273510907887141)	(18, 7.2835246168079415)	(20, 7.273918587926801)	(22, 7.3006444606066925)	(24, 7.241412899431314)	(26, 7.26357927854766)	(28, 7.227850199871934)	(30, 7.2547608875031395)	(32, 7.220248869639143)	(34, 7.13709138229625)	(36, 33.5696084896909)	(38, 33.54835378716842)	(40, 33.779168576372)	(42, 33.498004753384556)	(44, 33.23504361902662)	(46, 32.780049664641)	(48, 31.75248088772693)	(50, 33.591951462263566)	(52, 33.20950773334632)	(54, 33.649291568201456)	(56, 33.230499029472455)	(58, 33.404479866124746)	(60, 32.51140041104958)	(62, 32.73517284636907)	(64, 32.96714354942547)	(66, 32.376342466745214)	(68, 32.94850364841103)	(70, 32.34000042124976)	(72, 32.25235583916313)	(74, 32.336948643996834)	(76, 32.14137364912082)	(78, 30.77885519582199)	(80, 31.252153390933216)	(82, 33.19606894485672)	(84, 33.46205430349383)	(86, 33.20116405882537)	(88, 33.132754419763)	(90, 32.97540435886828)	(92, 32.86309638371564)	(94, 32.850340895399555)	(96, 32.69500615546123)	(98, 32.578652607112716)	(100, 31.141594965618808)
SRR22894993_2	(1, 4.867681192034693)	(2, 6.6980145438495216)	(3, 6.766129724875766)	(4, 6.839052268929671)	(5, 6.766294971185175)	(6, 7.1805946475415805)	(7, 7.266760813577158)	(8, 7.2572276235297695)	(9, 7.306736287545973)	(10, 7.249418648263447)	(12, 7.213864056644695)	(14, 7.196288698348297)	(16, 7.172632384580345)	(18, 7.129307411405692)	(20, 7.239494085377984)	(22, 6.974627625051776)	(24, 7.248558171593072)	(26, 7.202179946708066)	(28, 7.136582054033369)	(30, 7.010545323692515)	(32, 6.962187404534924)	(34, 6.860516894804417)	(36, 31.037192368872354)	(38, 31.539859871777914)	(40, 31.029973838757478)	(42, 31.301229765744154)	(44, 31.10905189541679)	(46, 31.424456055173422)	(48, 30.493749858769156)	(50, 30.74450387954367)	(52, 30.33751723472944)	(54, 30.349847435800797)	(56, 31.40846991630065)	(58, 31.220083878091202)	(60, 30.89708853418152)	(62, 30.454842602274645)	(64, 30.286338345496603)	(66, 30.04666531745104)	(68, 29.116425016135402)	(70, 28.78245722841575)	(72, 29.867418671655187)	(74, 29.114244431257926)	(76, 29.650615084439632)	(78, 29.69695481496089)	(80, 29.464108817550446)	(82, 27.662200632353763)	(84, 29.241760584492162)	(86, 30.67001122835007)	(88, 30.963749903056495)	(90, 31.024678303681867)	(92, 30.835307339354262)	(94, 30.692707369713006)	(96, 30.595195185211324)	(98, 30.421941034178403)	(100, 29.067012750160753)
SRR22894994_1	(1, 6.41164396528532)	(2, 7.494235808730483)	(3, 7.452500224190672)	(4, 7.546050009465828)	(5, 7.5068975996652085)	(6, 8.120482557965744)	(7, 8.1523836450414)	(8, 8.123222666175108)	(9, 8.188071063460907)	(10, 8.124783282350714)	(12, 8.128644343918454)	(14, 8.102332454838034)	(16, 8.077276033518997)	(18, 8.102256479110412)	(20, 8.096394515797968)	(22, 8.126413023983421)	(24, 8.051122946164346)	(26, 8.074360932035352)	(28, 8.01686910253983)	(30, 8.063087255009416)	(32, 8.024911320134315)	(34, 7.917474168252609)	(36, 33.21247816384087)	(38, 33.21584811612683)	(40, 33.48858942709525)	(42, 33.218537241999584)	(44, 33.04802873758946)	(46, 32.70890767558684)	(48, 31.61622888450181)	(50, 33.51633644841925)	(52, 33.02359339269421)	(54, 33.575172386586544)	(56, 33.08855992573602)	(58, 33.23924896697923)	(60, 32.249828752195896)	(62, 32.54065439553432)	(64, 32.83122361213923)	(66, 32.173118316672344)	(68, 32.82766962183341)	(70, 32.07359109330029)	(72, 32.05733111273963)	(74, 32.03256727491318)	(76, 31.899160877005848)	(78, 30.83729818444681)	(80, 31.330255483977282)	(82, 33.02870275199267)	(84, 33.3665740346018)	(86, 33.11286887810892)	(88, 33.09848444929946)	(90, 32.96488629092727)	(92, 32.83472524067226)	(94, 32.805971223722)	(96, 32.6534283208659)	(98, 32.60052677494018)	(100, 31.01536089371608)
SRR22894994_2	(1, 5.490932732834468)	(2, 7.4992389972200355)	(3, 7.569856567790277)	(4, 7.625201771604508)	(5, 7.555807285698628)	(6, 7.994457508394695)	(7, 8.1213419555405)	(8, 8.074050178854336)	(9, 8.125653889459052)	(10, 8.118286112135191)	(12, 8.07507149191419)	(14, 8.0421796066201)	(16, 8.032764843913473)	(18, 7.96556306732695)	(20, 8.102355496657069)	(22, 7.7600393828279906)	(24, 8.09429023724355)	(26, 8.039926490369766)	(28, 7.9764606022259645)	(30, 7.836788568268551)	(32, 7.7504608363806655)	(34, 7.621180662807266)	(36, 30.90082189599927)	(38, 31.52059221485752)	(40, 31.01559248982042)	(42, 31.33833644241885)	(44, 31.364340260696103)	(46, 31.701525174040665)	(48, 30.74622546959454)	(50, 30.922937098429678)	(52, 30.491233697760727)	(54, 30.395662689256735)	(56, 31.601887461898585)	(58, 31.362031977367362)	(60, 31.020649146022627)	(62, 30.60008603342503)	(64, 30.406961180687496)	(66, 30.246126515098027)	(68, 29.27271008208629)	(70, 28.89064937717788)	(72, 30.001260441299433)	(74, 29.094790173709654)	(76, 29.634929854456036)	(78, 29.74453647683266)	(80, 29.48414710919282)	(82, 27.799644374659596)	(84, 29.415099410919687)	(86, 30.83288766657026)	(88, 31.112571192038168)	(90, 31.119445425664512)	(92, 31.074982096521815)	(94, 30.8903845217692)	(96, 30.79676203981085)	(98, 30.698473127377838)	(100, 29.35200575979499)
SRR22894995_1	(1, 6.413346395727333)	(2, 7.590560945548779)	(3, 7.545466611888886)	(4, 7.631348481496698)	(5, 7.604163954113074)	(6, 8.229879594223052)	(7, 8.259360996112884)	(8, 8.233213032898272)	(9, 8.292054482824005)	(10, 8.22836077489492)	(12, 8.239716208956168)	(14, 8.206074645261197)	(16, 8.188382264639888)	(18, 8.208713459532913)	(20, 8.20018455898619)	(22, 8.229246910849161)	(24, 8.150152008343078)	(26, 8.17890655121196)	(28, 8.117837752425498)	(30, 8.164922415700154)	(32, 8.123670954081472)	(34, 8.015800651012862)	(36, 33.31897203048047)	(38, 33.39209501491186)	(40, 33.65235041864176)	(42, 33.36020043405446)	(44, 33.253747748037796)	(46, 32.91635167603818)	(48, 31.8395912442612)	(50, 33.599316522264544)	(52, 33.19872559679874)	(54, 33.658491846842225)	(56, 33.252043976437974)	(58, 33.35892506814679)	(60, 32.46104557400527)	(62, 32.68283798574955)	(64, 32.941685840190246)	(66, 32.3896077369613)	(68, 32.97850774540984)	(70, 32.24107191103905)	(72, 32.10206295581216)	(74, 32.14531817798071)	(76, 32.00094453334786)	(78, 31.011427714603933)	(80, 31.625774704128872)	(82, 33.095306275557945)	(84, 33.42316298777432)	(86, 33.184500431438366)	(88, 33.180579190417156)	(90, 33.04080211736532)	(92, 32.936722253944566)	(94, 32.872378381811345)	(96, 32.74508941616482)	(98, 32.659408652934566)	(100, 31.100362591307565)
SRR22894995_2	(1, 5.642008659103119)	(2, 7.594545397086243)	(3, 7.649388490345416)	(4, 7.713898176531934)	(5, 7.638342761432228)	(6, 8.071677148184433)	(7, 8.221008121859494)	(8, 8.194908194545397)	(9, 8.237676579338242)	(10, 8.196788547230035)	(12, 8.17458395221692)	(14, 8.140396928230572)	(16, 8.124742913124546)	(18, 8.06212242834118)	(20, 8.203420029706411)	(22, 7.866544891445185)	(24, 8.18437948361407)	(26, 8.131786493063236)	(28, 8.054908194545398)	(30, 7.928887905697943)	(32, 7.854376639383117)	(34, 7.740578326960149)	(36, 31.02075857885431)	(38, 31.592214373447113)	(40, 31.119446778188095)	(42, 31.43002433198432)	(44, 31.33179061719334)	(46, 31.68278701155139)	(48, 30.662326062697687)	(50, 30.987505935265553)	(52, 30.508766304888713)	(54, 30.42473758052312)	(56, 31.578598520872895)	(58, 31.33880399822542)	(60, 31.088606513772405)	(62, 30.633896452671603)	(64, 30.378537057556876)	(66, 30.387949933413758)	(68, 29.508711311819596)	(70, 29.141840857266942)	(72, 30.070104757786797)	(74, 29.226364404941936)	(76, 29.636544964639835)	(78, 29.723234194708205)	(80, 29.554294049856786)	(82, 28.157109137935706)	(84, 29.52770365993537)	(86, 30.738132062267006)	(88, 31.019649362912233)	(90, 31.092900698817417)	(92, 30.9488071646539)	(94, 30.805014523155407)	(96, 30.740659471281905)	(98, 30.585618233696064)	(100, 29.17675840622563)
