Sample	0	1	2	3	4	5	6	7	8	9	10	11	12	13	14	15	16	17	18	19	20	21	22	23	24	25	26	27	28	29	30	31	32	33	34	35	36	37	38	39	40	41	42	43	44	45	46	47	48	49	50	51	52	53	54
SRR20277628_1	(1, 0.07729488545578637)	(2, 0.040287774489846606)	(3, 0.040676139642209404)	(4, 0.040246893947492625)	(5, 0.04005271137131122)	(6, 0.040297994625435096)	(7, 0.04000161069336875)	(8, 0.04000161069336875)	(9, 0.04000161069336875)	(10, 0.04000161069336875)	(12, 0.04000161069336875)	(14, 0.04000161069336875)	(16, 0.04000672076116299)	(18, 0.04000161069336875)	(20, 0.04114626587928017)	(22, 0.0402009033373444)	(24, 0.04032865503220058)	(26, 0.04214783916695266)	(28, 0.04874493668932607)	(30, 0.04402834411523571)	(32, 0.040957193370893014)	(34, 0.04043085638808553)	(36, 1.5336548282828034e-05)	(38, 0.0)	(40, 0.0)	(42, 0.0)	(44, 0.0)	(46, 0.0)	(48, 0.0)	(50, 0.0)	(52, 0.0)	(54, 0.0)	(56, 0.0)	(58, 0.0)	(60, 0.0)	(62, 0.0)	(64, 0.0)	(66, 0.0)	(68, 0.0)	(70, 0.0)	(72, 0.0)	(74, 0.0)	(76, 0.0)	(78, 0.0)	(80, 0.0)	(82, 0.0)	(84, 0.0)	(86, 0.0)	(88, 0.0)	(90, 0.0)	(92, 0.0)	(94, 0.0)	(96, 0.0)	(98, 0.0)	(100, 0.0)
SRR20277628_2	(1, 0.06630823969815443)	(2, 0.05613920478760207)	(3, 0.055342034211699476)	(4, 0.055853040991124224)	(5, 0.05741672173616393)	(6, 0.05825477285442051)	(7, 0.06347726214014136)	(8, 0.064192671631336)	(9, 0.06925163874764094)	(10, 0.07005391939133777)	(12, 0.07163293033976023)	(14, 0.07451500857571577)	(16, 0.07630353230370236)	(18, 0.07507200596528874)	(20, 0.07673277799841915)	(22, 0.0740551024742335)	(24, 0.07147962830593281)	(26, 0.07620133094781742)	(28, 0.07341634399995257)	(30, 0.07459676966042374)	(32, 0.0767174477950364)	(34, 0.0760378087784015)	(36, 0.019081652035440128)	(38, 0.017681302247851874)	(40, 0.017298946661359543)	(42, 0.026260475999382433)	(44, 0.03898406164616875)	(46, 0.0515186702361587)	(48, 0.0798585386419546)	(50, 0.09594952673122392)	(52, 0.11092699493651798)	(54, 0.12624726522289278)	(56, 0.1356475280705562)	(58, 0.14551603543360045)	(60, 0.15933892672895755)	(62, 0.1760240428888236)	(64, 0.19338099243277262)	(66, 0.20136574844447064)	(68, 0.20951886248231233)	(70, 0.2182898255786572)	(72, 0.22568224473782972)	(74, 0.2318021891356843)	(76, 0.23283958076471134)	(78, 0.2539291782164734)	(80, 0.2730881314027896)	(82, 0.3062946940946768)	(84, 0.3094821370839314)	(86, 0.3171047542274661)	(88, 0.3242182059554956)	(90, 0.3520265782411624)	(92, 0.3829698739044226)	(94, 0.4180707539851871)	(96, 0.4639490242375491)	(98, 0.5221766013836058)	(100, 0.6728439463663644)
SRR20277629_1	(1, 0.09982159210563156)	(2, 0.03884222892733053)	(3, 0.038831742364445185)	(4, 0.03844373953768729)	(5, 0.03844373953768729)	(6, 0.03844373953768729)	(7, 0.03844373953768729)	(8, 0.03844373953768729)	(9, 0.03844373953768729)	(10, 0.03844373953768729)	(12, 0.03844373953768729)	(14, 0.03844373953768729)	(16, 0.03851190219644206)	(18, 0.03845946938201531)	(20, 0.03860628126241019)	(22, 0.038905148304642624)	(24, 0.03916206909533366)	(26, 0.04503454431112877)	(28, 0.04736780455311879)	(30, 0.04460983851427216)	(32, 0.03964445098805969)	(34, 0.03855384844798345)	(36, 0.0)	(38, 5.7700235422205994e-05)	(40, 0.0)	(42, 0.0)	(44, 1.5738495042085525e-05)	(46, 0.0)	(48, 0.0)	(50, 0.0)	(52, 0.0)	(54, 0.0)	(56, 0.0)	(58, 0.0)	(60, 0.0)	(62, 0.0)	(64, 0.0)	(66, 0.0)	(68, 0.0)	(70, 0.0)	(72, 0.0)	(74, 0.0)	(76, 0.0)	(78, 0.0)	(80, 0.0)	(82, 0.0)	(84, 0.0)	(86, 0.0)	(88, 0.0)	(90, 0.0)	(92, 0.0)	(94, 2.1777449277054018e-05)	(96, 4.9287532291548245e-05)	(98, 0.0)	(100, 7.023011458885956e-06)
SRR20277629_2	(1, 0.05296762913389485)	(2, 0.05031452872390169)	(3, 0.05032501528678705)	(4, 0.051457564078404676)	(5, 0.05287325006792671)	(6, 0.05877718497237787)	(7, 0.05586192049025101)	(8, 0.05805361213328883)	(9, 0.06699865027449103)	(10, 0.05976292188360062)	(12, 0.06611777899212176)	(14, 0.066982920430163)	(16, 0.06474928253558379)	(18, 0.06091120051954627)	(20, 0.0622692104131989)	(22, 0.06285121465333574)	(24, 0.06374257249859033)	(26, 0.06731849044249416)	(28, 0.0657822089797906)	(30, 0.0703595936792452)	(32, 0.06284597137189306)	(34, 0.06395754703773998)	(36, 0.011441573768799316)	(38, 0.01670907413944727)	(40, 0.0095695868456795)	(42, 0.01806046930564999)	(44, 0.03569087639180511)	(46, 0.04885626578984331)	(48, 0.07371225488680332)	(50, 0.08017499140963483)	(52, 0.09076701647839942)	(54, 0.11132917664479781)	(56, 0.11560539932605385)	(58, 0.13055912670228823)	(60, 0.14000507818238944)	(62, 0.15934341711784317)	(64, 0.1705327498515206)	(66, 0.18306235680133218)	(68, 0.18672535318457947)	(70, 0.20510949629822722)	(72, 0.19787454840339466)	(74, 0.2066819833062923)	(76, 0.21651113214990386)	(78, 0.23897740622169017)	(80, 0.25851696151528125)	(82, 0.28098884461424173)	(84, 0.27748165807599906)	(86, 0.28941028367092586)	(88, 0.300889656359937)	(90, 0.33353897262924936)	(92, 0.35139961031000927)	(94, 0.3865227597594133)	(96, 0.4348318130392245)	(98, 0.47845399675063205)	(100, 0.637371246250404)
SRR20277630_1	(1, 0.07804471341741627)	(2, 0.03705778638917255)	(3, 0.03733191248027054)	(4, 0.037088244843738995)	(5, 0.03706793920736136)	(6, 0.03738267657121461)	(7, 0.03690549411634033)	(8, 0.0368851884799627)	(9, 0.0368851884799627)	(10, 0.03701209870732288)	(12, 0.03689026488905711)	(14, 0.036915646934529145)	(16, 0.0368851884799627)	(18, 0.036956258207284404)	(20, 0.03880914752674303)	(22, 0.03742836425306427)	(24, 0.03749435757129157)	(26, 0.03974320680011396)	(28, 0.046951707714172175)	(30, 0.04194636834708668)	(32, 0.03903250952689695)	(34, 0.03804768616258195)	(36, 0.0004062677980209172)	(38, 0.0004011978447245505)	(40, 6.0943283184290615e-05)	(42, 7.110313311385151e-05)	(44, 0.00010666006796379532)	(46, 0.0001117468490944137)	(48, 0.00026923155269849514)	(50, 0.0001828957425681458)	(52, 0.00026422501076716915)	(54, 0.00016263240882738222)	(56, 5.083589719944534e-05)	(58, 0.0001373018308690621)	(60, 0.00010683268805541868)	(62, 0.00016287595779334227)	(64, 7.639585152191231e-05)	(66, 0.00013761273604852777)	(68, 0.00011222223021380529)	(70, 0.00013786089621122005)	(72, 0.00019423626377754877)	(74, 0.0001996137627240338)	(76, 7.68916893411715e-05)	(78, 8.730111778297066e-05)	(80, 5.66043687560557e-05)	(82, 5.158046942663099e-05)	(84, 1.0343977596599562e-05)	(86, 8.299783188913648e-05)	(88, 7.286325638175434e-05)	(90, 7.313401562842571e-05)	(92, 1.573562472003701e-05)	(94, 5.268804111606127e-05)	(96, 1.0599431223921093e-05)	(98, 0.0)	(100, 6.793255357178158e-06)
SRR20277630_2	(1, 0.06203371913365596)	(2, 0.05704868540294809)	(3, 0.05399268712811496)	(4, 0.054002839946303775)	(5, 0.052317472126960585)	(6, 0.05067271558037266)	(7, 0.05375917230977224)	(8, 0.05428711885559058)	(9, 0.05844977431300448)	(10, 0.057815223176203585)	(12, 0.05679994135732214)	(14, 0.05899802649520046)	(16, 0.06147531413327117)	(18, 0.06011483649597004)	(20, 0.06058186613265551)	(22, 0.0579015221308085)	(24, 0.056561350129885)	(26, 0.06059709535993872)	(28, 0.058825428585990616)	(30, 0.059327993086336926)	(32, 0.06229769240656514)	(34, 0.06129256340587251)	(36, 0.013301543034859541)	(38, 0.011925558106469229)	(40, 0.011672180561420711)	(42, 0.016864400920857246)	(44, 0.02611696508978145)	(46, 0.03511786127347364)	(48, 0.04697222972713067)	(50, 0.055955260999020456)	(52, 0.06743571646864986)	(54, 0.0772437996749781)	(56, 0.08114614260075345)	(58, 0.08688445629089102)	(60, 0.0946439534073223)	(62, 0.10757088272853783)	(64, 0.12179480874535548)	(66, 0.12490126858174125)	(68, 0.1331348170465652)	(70, 0.1385097529863419)	(72, 0.14464652115090915)	(74, 0.14794146592920793)	(76, 0.1477038492420347)	(78, 0.16688332527759406)	(80, 0.18450892467860822)	(82, 0.21730727022901755)	(84, 0.21756210335711618)	(86, 0.22435480210299913)	(88, 0.22967059170811224)	(90, 0.25584677390887944)	(92, 0.28366895741825493)	(94, 0.31213672674296783)	(96, 0.3514125691844325)	(98, 0.40472336458996194)	(100, 0.5229769477753928)
SRR20277631_1	(1, 0.095114155151605)	(2, 0.037161265463575885)	(3, 0.037348109815068725)	(4, 0.03715088522182629)	(5, 0.03714050498007668)	(6, 0.03727544812282151)	(7, 0.03727544812282151)	(8, 0.0372235469140735)	(9, 0.03720278643057429)	(10, 0.0372287370349483)	(12, 0.03714050498007668)	(14, 0.037161265463575885)	(16, 0.037327349331569525)	(18, 0.03726506788107191)	(20, 0.03746229247431435)	(22, 0.03751938380393716)	(24, 0.03776850960592761)	(26, 0.04241366778887461)	(28, 0.0433478895463388)	(30, 0.0419050359431441)	(32, 0.03827714145165812)	(34, 0.03728063824369631)	(36, 0.00016095584093429985)	(38, 0.0005244160588243205)	(40, 5.7116266182985355e-05)	(42, 0.00014020073213860847)	(44, 0.00024406612925035971)	(46, 2.5966236103195017e-05)	(48, 0.00017139253002797125)	(50, 7.791512020303226e-05)	(52, 0.00010909910427557311)	(54, 6.235474267834508e-05)	(56, 1.5592627431527316e-05)	(58, 1.0398447179085852e-05)	(60, 2.0805108819301235e-05)	(62, 5.203995044547759e-06)	(64, 3.124401319143066e-05)	(66, 1.5633446946803445e-05)	(68, 4.693979402922691e-05)	(70, 0.0)	(72, 5.7489352188029064e-05)	(74, 5.233243025002865e-06)	(76, 3.144850888467549e-05)	(78, 3.15048860140097e-05)	(80, 5.787727618173297e-05)	(82, 0.0)	(84, 4.230870120749033e-05)	(86, 5.304386096079512e-05)	(88, 4.789784857765742e-05)	(90, 0.00014422887391543895)	(92, 8.04547085581819e-05)	(94, 2.1551307278054266e-05)	(96, 0.00021135767881144148)	(98, 5.531967859266738e-05)	(100, 2.0852079932417018e-05)
SRR20277631_2	(1, 0.058918252170742105)	(2, 0.05878330902799728)	(3, 0.05981095296120789)	(4, 0.05893901265424131)	(5, 0.053603568394945775)	(6, 0.05819163524826995)	(7, 0.05384231395518663)	(8, 0.05493223933889486)	(9, 0.06337137588132144)	(10, 0.05358799803232137)	(12, 0.05881963987412088)	(14, 0.05877292878624767)	(16, 0.0574702084466726)	(18, 0.05339077343907893)	(20, 0.054838817163148444)	(22, 0.054781725833525634)	(24, 0.05560176493174421)	(26, 0.05904281507173733)	(28, 0.0579632699297787)	(30, 0.061700156959635495)	(32, 0.056520416326584)	(34, 0.05622457943672034)	(36, 0.007591569805782512)	(38, 0.012436617389620996)	(40, 0.006434077449882743)	(42, 0.01119188774583332)	(44, 0.025944085535390612)	(46, 0.029765587427763907)	(48, 0.044816377544054195)	(50, 0.04535981652372531)	(52, 0.053596835167174624)	(54, 0.06880471267833015)	(56, 0.06734632495301202)	(58, 0.07664109241205326)	(60, 0.07964867150033761)	(62, 0.0945614831639786)	(64, 0.099993090268503)	(66, 0.11044034083501618)	(68, 0.10981349555667665)	(70, 0.125413237820194)	(72, 0.1152948066501647)	(74, 0.12105920625779107)	(76, 0.12820974152744055)	(78, 0.14466610921158785)	(80, 0.15899451726156602)	(82, 0.17862713030326016)	(84, 0.17194978371825473)	(86, 0.18391419482470628)	(88, 0.19318121041047703)	(90, 0.22317129316471074)	(92, 0.23556661820419003)	(94, 0.26321411231590874)	(96, 0.3073285205100807)	(98, 0.34465322090044004)	(100, 0.47053307626881963)
SRR20277632_1	(1, 10.2844336569664)	(2, 10.252085181178945)	(3, 10.252503931674575)	(4, 10.252268384520784)	(5, 10.25195432164906)	(6, 10.252189868802851)	(7, 10.251928149743083)	(8, 10.251928149743083)	(9, 10.251928149743083)	(10, 10.251928149743083)	(12, 10.251928149743083)	(14, 10.251928149743083)	(16, 10.25195432164906)	(18, 10.251928149743083)	(20, 10.252935768123194)	(22, 10.252019751414004)	(24, 10.252242212614807)	(26, 10.253655495537558)	(28, 10.259504916523397)	(30, 10.255225809896174)	(32, 10.252739478828367)	(34, 10.252242212614807)	(36, 2.9186828684698483e-05)	(38, 0.0)	(40, 0.0)	(42, 0.0)	(44, 0.0)	(46, 0.0)	(48, 0.0)	(50, 0.0)	(52, 0.0)	(54, 0.0)	(56, 0.0)	(58, 0.0)	(60, 0.0)	(62, 0.0)	(64, 0.0)	(66, 0.0)	(68, 0.0)	(70, 0.0)	(72, 0.0)	(74, 0.0)	(76, 0.0)	(78, 0.0)	(80, 0.0)	(82, 0.0)	(84, 0.0)	(86, 0.0)	(88, 0.0)	(90, 0.0)	(92, 0.0)	(94, 0.0)	(96, 0.0)	(98, 0.0)	(100, 0.0)
SRR20277632_2	(1, 9.976468839336166)	(2, 9.967177812714365)	(3, 9.966497343158965)	(4, 9.966811406030688)	(5, 9.967936797987695)	(6, 9.968591095637116)	(7, 9.972673912969514)	(8, 9.97364227349066)	(9, 9.977541887481218)	(10, 9.978549505861329)	(12, 9.97998896069006)	(14, 9.982121971027176)	(16, 9.98429423922326)	(18, 9.98318193321924)	(20, 9.983810058962687)	(22, 9.982593065334761)	(24, 9.979687983771326)	(26, 9.983770801103722)	(28, 9.981101266694077)	(30, 9.98251454961683)	(32, 9.984398926847167)	(34, 9.983417480373033)	(36, 0.017363315154204126)	(38, 0.015586536201585868)	(40, 0.015619244774546693)	(42, 0.02451289020545158)	(44, 0.03690807361918729)	(46, 0.04999657517605644)	(48, 0.07657689826608023)	(50, 0.09231982243091037)	(52, 0.1075540877917053)	(54, 0.12145434121055003)	(56, 0.13033238603050937)	(58, 0.1401641486809841)	(60, 0.15262012987784448)	(62, 0.17013240959854173)	(64, 0.18678346769893223)	(66, 0.1933927924777575)	(68, 0.20168980588783944)	(70, 0.21041722043917735)	(72, 0.21854350324403585)	(74, 0.22462270582822505)	(76, 0.22592076431342192)	(78, 0.24801246248842132)	(80, 0.2690709352465078)	(82, 0.301163781351445)	(84, 0.30603202025318976)	(86, 0.31365537518797165)	(88, 0.32213927211278975)	(90, 0.3501171715093005)	(92, 0.3839444328857449)	(94, 0.4200568757009699)	(96, 0.4687308879003198)	(98, 0.5275066767364803)	(100, 0.6799926467002066)
SRR20277633_1	(1, 9.788054314290191)	(2, 9.732156847912423)	(3, 9.732021764620065)	(4, 9.731805631352291)	(5, 9.731805631352291)	(6, 9.731805631352291)	(7, 9.731805631352291)	(8, 9.731805631352291)	(9, 9.731805631352291)	(10, 9.731805631352291)	(12, 9.731805631352291)	(14, 9.731805631352291)	(16, 9.731832648010762)	(18, 9.731819139681527)	(20, 9.731954222973886)	(22, 9.732048781278536)	(24, 9.732386489509432)	(26, 9.737843854520698)	(28, 9.739708003955238)	(30, 9.7373170296805)	(32, 9.732589114447968)	(34, 9.731886681327707)	(36, 0.0)	(38, 2.9987817449161278e-05)	(40, 0.0)	(42, 0.0)	(44, 1.5071426504490078e-05)	(46, 0.0)	(48, 0.0)	(50, 0.0)	(52, 0.0)	(54, 0.0)	(56, 0.0)	(58, 0.0)	(60, 0.0)	(62, 0.0)	(64, 0.0)	(66, 0.0)	(68, 0.0)	(70, 0.0)	(72, 0.0)	(74, 0.0)	(76, 0.0)	(78, 0.0)	(80, 0.0)	(82, 0.0)	(84, 0.0)	(86, 0.0)	(88, 0.0)	(90, 0.0)	(92, 0.0)	(94, 1.682699709953051e-05)	(96, 6.802644732218993e-05)	(98, 0.0)	(100, 2.2441369677580354e-05)
SRR20277633_2	(1, 9.35187036326599)	(2, 9.349384830686601)	(3, 9.349384830686601)	(4, 9.350492513683937)	(5, 9.351627213339746)	(6, 9.356841428424767)	(7, 9.354328879186907)	(8, 9.355949878695204)	(9, 9.364162942870575)	(10, 9.357868061446688)	(12, 9.363555068054962)	(14, 9.364338551150638)	(16, 9.361961085205138)	(18, 9.35889469446861)	(20, 9.359853785844352)	(22, 9.360475168989199)	(24, 9.36115058545099)	(26, 9.364352059479875)	(28, 9.363325426457953)	(30, 9.36736441689946)	(32, 9.361191110438696)	(34, 9.36163688530348)	(36, 0.011644298729191035)	(38, 0.01641257023834036)	(40, 0.009545083415664034)	(42, 0.018024634664588476)	(44, 0.03546972521148524)	(46, 0.04696339630879708)	(48, 0.0709845262151177)	(50, 0.0770023317607505)	(52, 0.08721578441139763)	(54, 0.10730126649683225)	(56, 0.11021308975598812)	(58, 0.12477998319457415)	(60, 0.13489150451447354)	(62, 0.15376285472272389)	(64, 0.16551571672086893)	(66, 0.17773797331719043)	(68, 0.181378197031405)	(70, 0.20013109266446613)	(72, 0.19263072732984104)	(74, 0.2016500194133662)	(76, 0.21133883550692417)	(78, 0.2349026732008962)	(80, 0.25489725188752477)	(82, 0.2786337420563864)	(84, 0.27530956182140226)	(86, 0.2888599882703782)	(88, 0.3020152229115353)	(90, 0.33705992603235385)	(92, 0.3551394418520268)	(94, 0.39279736805891696)	(96, 0.44133172985207586)	(98, 0.48673470599911883)	(100, 0.6462125707687126)
SRR20277634_1	(1, 9.784967266955052)	(2, 9.748754117200217)	(3, 9.748912483744334)	(4, 9.748886089320315)	(5, 9.748754117200217)	(6, 9.748991667016394)	(7, 9.748727722776197)	(8, 9.748674933928159)	(9, 9.748674933928159)	(10, 9.748833300472276)	(12, 9.748674933928159)	(14, 9.748701328352178)	(16, 9.748674933928159)	(18, 9.748688131140169)	(20, 9.75043016312546)	(22, 9.748978469804383)	(24, 9.748978469804383)	(26, 9.751393559602173)	(28, 9.757846996274955)	(30, 9.753056408315405)	(32, 9.75033778264139)	(34, 9.749625133192861)	(36, 0.0003512057038147671)	(38, 0.0004981090170184805)	(40, 0.00011736173174276891)	(42, 7.347665984509356e-05)	(44, 0.000132507916979962)	(46, 0.00010332603556305015)	(48, 0.00026635650930916)	(50, 0.00019284643564158153)	(52, 0.00029756830159618613)	(54, 0.00016408621208918592)	(56, 0.00011959810849611508)	(58, 0.00017980701313280456)	(60, 0.00012016600332529372)	(62, 0.00013559781687514833)	(64, 0.0001360087154384853)	(66, 0.00010611882670780439)	(68, 0.00012166693433392221)	(70, 0.00018312927645012443)	(72, 0.00015316848932063343)	(74, 0.00012300359401126252)	(76, 6.175064625910726e-05)	(78, 0.00012408373853136658)	(80, 4.675806101178833e-05)	(82, 6.267646362469584e-05)	(84, 0.0)	(86, 7.937495713752314e-05)	(88, 0.00012790733369488473)	(90, 1.6109347674519008e-05)	(92, 0.0)	(94, 1.639266867400359e-05)	(96, 4.969216531788326e-05)	(98, 0.0)	(100, 4.365854217578894e-05)
SRR20277634_2	(1, 9.425448817384636)	(2, 9.421040948573369)	(3, 9.418190350779255)	(4, 9.418111167507197)	(5, 9.41668586861014)	(6, 9.415788458193477)	(7, 9.418137561931218)	(8, 9.418058378659158)	(9, 9.422466247470425)	(10, 9.42209672553415)	(12, 9.421014554149348)	(14, 9.422888558254737)	(16, 9.424459026483902)	(18, 9.42389154636748)	(20, 9.424142293395667)	(22, 9.42214951438219)	(24, 9.420645032213075)	(26, 9.424115898971646)	(28, 9.422439853046406)	(30, 9.422980938738807)	(32, 9.425884325380958)	(34, 9.424854942844195)	(36, 0.013467110517755015)	(38, 0.012163718399126312)	(40, 0.011753235205742937)	(42, 0.01732331787294216)	(44, 0.025658736463113698)	(46, 0.03485972917010243)	(48, 0.046815290038196754)	(50, 0.056010276348259454)	(52, 0.06680596001756918)	(54, 0.07725888432853019)	(56, 0.08058579434505284)	(58, 0.0868670976409607)	(60, 0.09474710799164217)	(62, 0.10674384487038013)	(64, 0.1209296084483669)	(66, 0.12395211680722366)	(68, 0.1319101982545948)	(70, 0.1369375357063644)	(72, 0.1432224119852363)	(74, 0.14722104898147692)	(76, 0.1466519674345156)	(78, 0.16506095912617344)	(80, 0.1832151036663166)	(82, 0.2161620798297411)	(84, 0.2165289631392362)	(86, 0.2245938388759795)	(88, 0.23147801793580577)	(90, 0.2594476062880988)	(92, 0.2875545489556544)	(94, 0.31653917597845355)	(96, 0.3567100568100447)	(98, 0.4103511797806038)	(100, 0.5293189890088554)
SRR20277635_1	(1, 9.589490343551919)	(2, 9.538863107493313)	(3, 9.539050814406666)	(4, 9.538863107493313)	(5, 9.538836292219978)	(6, 9.538916738039987)	(7, 9.538943553313322)	(8, 9.538863107493313)	(9, 9.538863107493313)	(10, 9.538943553313322)	(12, 9.538836292219978)	(14, 9.538849699856646)	(16, 9.53895696094999)	(18, 9.538970368586657)	(20, 9.539064222043335)	(22, 9.539104444953338)	(24, 9.539694380966733)	(26, 9.54407867815719)	(28, 9.544735652353925)	(30, 9.543327850503779)	(32, 9.53993571842676)	(34, 9.53895696094999)	(36, 0.00016317068528869417)	(38, 0.0005494364341397228)	(40, 2.9740732193034007e-05)	(42, 7.44823365883604e-05)	(44, 0.00013431889574346402)	(46, 2.9925201957706715e-05)	(48, 0.00010499964825117835)	(50, 6.014781626586418e-05)	(52, 0.00013573542812311384)	(54, 6.0484971525943596e-05)	(56, 0.0)	(58, 0.0)	(60, 6.0915743323596464e-05)	(62, 1.5275083634901673e-05)	(64, 7.661499036643111e-05)	(66, 0.0)	(68, 6.168805982878171e-05)	(70, 1.5475942492635772e-05)	(72, 6.21340209084087e-05)	(74, 0.0)	(76, 0.0)	(78, 1.573267541382443e-05)	(80, 7.90517708466239e-05)	(82, 4.7692061894757925e-05)	(84, 1.5998727781166842e-05)	(86, 1.6106680342312057e-05)	(88, 0.0)	(90, 3.269351578058793e-05)	(92, 0.00013184095959124027)	(94, 1.663589303719669e-05)	(96, 0.00026899454546310437)	(98, 0.00013749895586730388)	(100, 0.0)
SRR20277635_2	(1, 9.179592075335902)	(2, 9.178894878229164)	(3, 9.180128380802625)	(4, 9.179645705882573)	(5, 9.174577619222045)	(6, 9.17918984623586)	(7, 9.175837937068843)	(8, 9.176669210542263)	(9, 9.185008760549799)	(10, 9.175610007245487)	(12, 9.180838985546032)	(14, 9.18057083281267)	(16, 9.179551852425897)	(18, 9.17531503923879)	(20, 9.176481503628912)	(22, 9.17662898763226)	(24, 9.177420038195676)	(26, 9.180544017539335)	(28, 9.179136215689187)	(30, 9.183721627429666)	(32, 9.178546279675793)	(34, 9.178318349852436)	(36, 0.0074877769794425815)	(38, 0.01275441021050393)	(40, 0.006288028703001609)	(42, 0.011466919788303475)	(44, 0.025767399744491833)	(46, 0.030488239740974764)	(48, 0.04472890340060233)	(50, 0.04539440640699396)	(52, 0.05290681078043524)	(54, 0.06847922217906185)	(56, 0.06647940608729912)	(58, 0.07686298020007826)	(60, 0.07940866083191532)	(62, 0.09305456441702223)	(64, 0.09958336489659875)	(66, 0.11066809766812913)	(68, 0.10994718755277129)	(70, 0.12766241104911286)	(72, 0.11654394805241824)	(74, 0.1223686619214682)	(76, 0.12990907137811808)	(78, 0.14705156336987785)	(80, 0.16385280730317153)	(82, 0.18295712588136998)	(84, 0.17769236823423218)	(86, 0.18940926972203784)	(88, 0.19994109791504835)	(90, 0.22814219436285652)	(92, 0.24136655093379283)	(94, 0.26959765354253606)	(96, 0.3136235393832639)	(98, 0.35180405329609266)	(100, 0.4795997635859266)
SRR20277636_1	(1, 4.272002043707086)	(2, 4.237446986155131)	(3, 4.23782343118481)	(4, 4.2373820818396695)	(5, 4.237304196661115)	(6, 4.237472947881315)	(7, 4.2372133306194675)	(8, 4.2372133306194675)	(9, 4.2372133306194675)	(10, 4.2372133306194675)	(12, 4.2372133306194675)	(14, 4.2372133306194675)	(16, 4.23722631148256)	(18, 4.2372133306194675)	(20, 4.238355646571598)	(22, 4.237356120113485)	(24, 4.237537852196778)	(26, 4.239484981660636)	(28, 4.246014355796111)	(30, 4.241211436451925)	(32, 4.238024634562742)	(34, 4.237693622553886)	(36, 4.068488942864175e-05)	(38, 0.0)	(40, 0.0)	(42, 0.0)	(44, 0.0)	(46, 0.0)	(48, 0.0)	(50, 0.0)	(52, 0.0)	(54, 0.0)	(56, 0.0)	(58, 0.0)	(60, 0.0)	(62, 0.0)	(64, 0.0)	(66, 0.0)	(68, 0.0)	(70, 0.0)	(72, 0.0)	(74, 0.0)	(76, 0.0)	(78, 0.0)	(80, 0.0)	(82, 0.0)	(84, 0.0)	(86, 0.0)	(88, 0.0)	(90, 0.0)	(92, 0.0)	(94, 0.0)	(96, 0.0)	(98, 0.0)	(100, 0.0)
SRR20277636_2	(1, 4.127174554185238)	(2, 4.117737466717067)	(3, 4.116906691479154)	(4, 4.117542753770681)	(5, 4.118594203681165)	(6, 4.119528825823818)	(7, 4.124020204453786)	(8, 4.124863960554792)	(9, 4.129264473143113)	(10, 4.1295630329942385)	(12, 4.130990927934402)	(14, 4.133411858901134)	(16, 4.135014995493044)	(18, 4.134327009749147)	(20, 4.135553701311379)	(22, 4.1333274832910325)	(24, 4.131107755702233)	(26, 4.135248651028708)	(28, 4.132697911431052)	(30, 4.133924602993283)	(32, 4.135800337710134)	(34, 4.1352032180078835)	(36, 0.017457073239735523)	(38, 0.015617029513611172)	(40, 0.015331464083621238)	(42, 0.023165341282898367)	(44, 0.034963215246081654)	(46, 0.0464186709716855)	(48, 0.0734206939699475)	(50, 0.08815659011264332)	(52, 0.10243271550071677)	(54, 0.11656783706625835)	(56, 0.12547462977916576)	(58, 0.13567910333283348)	(60, 0.14869269933828055)	(62, 0.16494440983221423)	(64, 0.18258363145189893)	(66, 0.1897548717781757)	(68, 0.19821419915184946)	(70, 0.20640039958102618)	(72, 0.21464111594685056)	(74, 0.22157778907659947)	(76, 0.22260213763649725)	(78, 0.24495336457858874)	(80, 0.26502210574458973)	(82, 0.2982067056186827)	(84, 0.302418826566534)	(86, 0.311536969853371)	(88, 0.3200257543711468)	(90, 0.34855158870821257)	(92, 0.38108248970200165)	(94, 0.4176354065809017)	(96, 0.4654667436927625)	(98, 0.5285630741937112)	(100, 0.7006813458277209)
SRR20277637_1	(1, 4.050795798196094)	(2, 3.9946202535826445)	(3, 3.994514561118649)	(4, 3.994184272168664)	(5, 3.994184272168664)	(6, 3.994184272168664)	(7, 3.994184272168664)	(8, 3.994184272168664)	(9, 3.994184272168664)	(10, 3.994184272168664)	(12, 3.994184272168664)	(14, 3.994184272168664)	(16, 3.994223906842662)	(18, 3.994197483726664)	(20, 3.9943097819696587)	(22, 3.994527772676648)	(24, 3.994758974941638)	(26, 4.000532425787376)	(28, 4.0022895630012965)	(30, 3.999852030550407)	(32, 3.9951817447976183)	(34, 3.994250329958661)	(36, 0.0)	(38, 2.066477478357437e-05)	(40, 0.0)	(42, 0.0)	(44, 0.0)	(46, 0.0)	(48, 0.0)	(50, 0.0)	(52, 0.0)	(54, 0.0)	(56, 0.0)	(58, 0.0)	(60, 0.0)	(62, 0.0)	(64, 0.0)	(66, 0.0)	(68, 0.0)	(70, 0.0)	(72, 0.0)	(74, 0.0)	(76, 0.0)	(78, 0.0)	(80, 0.0)	(82, 0.0)	(84, 0.0)	(86, 0.0)	(88, 0.0)	(90, 0.0)	(92, 0.0)	(94, 3.1766944984813416e-05)	(96, 3.22219603292891e-05)	(98, 0.0)	(100, 2.1786943302748096e-05)
SRR20277637_2	(1, 3.830334529860103)	(2, 3.8276525835862247)	(3, 3.8276657951442243)	(4, 3.8286566619941786)	(5, 3.8297796444241277)	(6, 3.835434191247871)	(7, 3.8327786680899916)	(8, 3.8343376319339213)	(9, 3.842872298401533)	(10, 3.835989076683846)	(12, 3.8421456627115664)	(14, 3.8428524810645346)	(16, 3.8406857855526324)	(18, 3.8372309631357897)	(20, 3.8385256958197314)	(22, 3.8391466390457025)	(24, 3.8397940053876733)	(26, 3.843413972279509)	(28, 3.842185297385565)	(30, 3.846049678100389)	(32, 3.839252331509698)	(34, 3.8399855729786645)	(36, 0.010657176763396864)	(38, 0.01596329734074978)	(40, 0.008827355030646333)	(42, 0.017816177405877796)	(44, 0.03473093760640141)	(46, 0.046703990288993275)	(48, 0.06903260308264086)	(50, 0.07479860118519349)	(52, 0.08443543842898651)	(54, 0.10400624759751194)	(56, 0.1082585725934569)	(58, 0.12151025433023406)	(60, 0.13119116535017886)	(62, 0.14943507649178975)	(64, 0.16050174480519097)	(66, 0.17349034865570323)	(68, 0.17733786239871505)	(70, 0.19605348095904288)	(72, 0.18933698578334693)	(74, 0.1982392122607706)	(76, 0.2081086686399022)	(78, 0.23078945069054407)	(80, 0.25124969477433035)	(82, 0.2745307331904205)	(84, 0.27265876621777274)	(86, 0.284801330029918)	(88, 0.29768162773226864)	(90, 0.33075462555402535)	(92, 0.35043128143077845)	(94, 0.38610999807952656)	(96, 0.4356851372276054)	(98, 0.48169340607489824)	(100, 0.6597788108353353)
SRR20277638_1	(1, 4.019498159995704)	(2, 3.980480672727047)	(3, 3.9808807858945396)	(4, 3.9804677658506766)	(5, 3.980480672727047)	(6, 3.980738810254462)	(7, 3.9803645108397108)	(8, 3.9803645108397108)	(9, 3.9803645108397108)	(10, 3.980441952097935)	(12, 3.980377417716082)	(14, 3.980396778030638)	(16, 3.9803709642778964)	(18, 3.9804096849070083)	(20, 3.9820101375769767)	(22, 3.9808743324563545)	(24, 3.9808678790181684)	(26, 3.9832621045849357)	(28, 3.9901866437578217)	(30, 3.985301391051508)	(32, 3.9823328094862442)	(34, 3.9814357815784804)	(36, 0.00042360333944666917)	(38, 0.0005247975946507785)	(40, 0.00010774072678931423)	(42, 0.00017525480363305904)	(44, 0.00018219761909549814)	(46, 0.0002567466950619503)	(48, 0.0004600439328425161)	(50, 0.00025747340265872454)	(52, 0.0004140707204280704)	(54, 0.000204043641670255)	(56, 0.0001227158155324953)	(58, 0.00029401586769450057)	(60, 0.00023321512984526727)	(62, 0.000261630977217863)	(64, 0.0002212084882397618)	(66, 0.00029147581073476266)	(68, 9.755158754408374e-05)	(70, 0.0002449648181528169)	(72, 0.00026022832714751843)	(74, 0.00028990192405785764)	(76, 9.243868613055641e-05)	(78, 0.00011450463897653465)	(80, 8.648472874281042e-05)	(82, 2.905781065959632e-05)	(84, 1.4653374785776819e-05)	(86, 0.00011832326759760949)	(88, 0.00018674602227237638)	(90, 0.00012080438809859329)	(92, 2.290909632396822e-05)	(94, 8.50391280489813e-05)	(96, 3.9204708956002126e-05)	(98, 0.0)	(100, 3.178364070585957e-05)
SRR20277638_2	(1, 3.8534511954865165)	(2, 3.848094841792672)	(3, 3.845397304631194)	(4, 3.8454102115075646)	(5, 3.84387429321945)	(6, 3.8425836055823788)	(7, 3.845074632721926)	(8, 3.8452037014856333)	(9, 3.8491919262841825)	(10, 3.848701464982095)	(12, 3.8478173439507017)	(14, 3.850043780124649)	(16, 3.851921730636588)	(18, 3.85087627365056)	(20, 3.8513022005707933)	(22, 3.8490886712732166)	(24, 3.8477528095688482)	(26, 3.851392548705389)	(28, 3.849772735720865)	(30, 3.8502825573375072)	(32, 3.8531156167008787)	(34, 3.852192775040373)	(36, 0.0123256956314472)	(38, 0.010766889323430302)	(40, 0.010579757965519266)	(42, 0.015022254531618146)	(44, 0.02345282715986869)	(46, 0.031868655842377955)	(48, 0.0432064197330595)	(50, 0.05187738639862494)	(52, 0.06258622270692857)	(54, 0.07296251399996204)	(56, 0.07673396647066086)	(58, 0.08227879626700249)	(60, 0.08960338915421714)	(62, 0.10223529964566798)	(64, 0.11595679228721363)	(66, 0.1184255205717939)	(68, 0.1263887423726743)	(70, 0.13189039483680576)	(72, 0.13843302916121702)	(74, 0.14135561414001135)	(76, 0.14089084535215277)	(78, 0.15971719090148606)	(80, 0.1779602294516537)	(82, 0.20954077004045074)	(84, 0.21111346873003467)	(86, 0.21850000040486137)	(88, 0.22475764320586533)	(90, 0.2510139964647059)	(92, 0.2795715298268393)	(94, 0.3087311692144721)	(96, 0.3465986193760412)	(98, 0.4028179211213169)	(100, 0.5351046044198116)
SRR20277639_1	(1, 3.9490847690594424)	(2, 3.8942976356050067)	(3, 3.8944281433073753)	(4, 3.894258483294296)	(5, 3.8942323817538225)	(6, 3.894362889456191)	(7, 3.8943106863752437)	(8, 3.8942976356050067)	(9, 3.8943106863752437)	(10, 3.8943367879157176)	(12, 3.8942323817538225)	(14, 3.8942650086794153)	(16, 3.894362889456191)	(18, 3.894343313300836)	(20, 3.8946173794758105)	(22, 3.894636955631166)	(24, 3.894884920265667)	(26, 3.899093793667061)	(28, 3.89968760371284)	(30, 3.898565237472468)	(32, 3.895478730311445)	(34, 3.8943759402264284)	(36, 0.00015623516190513972)	(38, 0.0005369746102770823)	(40, 1.3606153954584427e-05)	(42, 8.853101173240207e-05)	(44, 0.00018408191836266906)	(46, 3.4133569847114374e-05)	(48, 0.00017773529144759652)	(50, 0.00013008542435953641)	(52, 0.00010975242938717331)	(54, 8.935337369127378e-05)	(56, 2.7559565349827e-05)	(58, 6.91078126105725e-06)	(60, 4.159978634349734e-05)	(62, 6.959550051170091e-06)	(64, 6.289297188509455e-05)	(66, 4.2097245479001405e-05)	(68, 2.8180024139008674e-05)	(70, 0.0)	(72, 8.534202380644202e-05)	(74, 0.0)	(76, 7.191294104296633e-06)	(78, 7.238311863535239e-06)	(80, 8.748077245522078e-05)	(82, 2.9394819457018894e-05)	(84, 4.44694395635117e-05)	(86, 4.4889334324090815e-05)	(88, 3.023119228723684e-05)	(90, 0.00011459652625841884)	(92, 0.0001236456263798562)	(94, 7.824178809400971e-06)	(96, 0.00023804587191560985)	(98, 0.00011436163173790144)	(100, 3.218608880764167e-05)
SRR20277639_2	(1, 3.7469935919413064)	(2, 3.7458451241604602)	(3, 3.7469152873198843)	(4, 3.7456102102961966)	(5, 3.740755323768076)	(6, 3.744944621014115)	(7, 3.7412512530370776)	(8, 3.7420865023322376)	(9, 3.750269335270764)	(10, 3.7406770191466543)	(12, 3.7457537687688025)	(14, 3.7460147841735396)	(16, 3.74442259020464)	(18, 3.7406770191466543)	(20, 3.741792860001908)	(22, 3.7417863346167897)	(24, 3.74270641391849)	(26, 3.746008258788421)	(28, 3.744879367162931)	(30, 3.7485531589846133)	(32, 3.743280647808913)	(34, 3.7427520916143187)	(36, 0.006889339242523931)	(38, 0.011940270155396511)	(40, 0.005322838650842356)	(42, 0.01040384660992595)	(44, 0.02476594953337509)	(46, 0.028272345213506255)	(48, 0.04300336364293301)	(50, 0.04298657067311017)	(52, 0.05031914605557793)	(54, 0.0642216057100303)	(56, 0.06245798572755727)	(58, 0.07218969225666395)	(60, 0.07416531896509505)	(62, 0.08815756104994296)	(64, 0.09339665205925766)	(66, 0.10367592904449324)	(68, 0.10321080160810175)	(70, 0.11940580357583247)	(72, 0.10957887289310951)	(74, 0.11513042230479502)	(76, 0.12229783348511102)	(78, 0.13879089036103212)	(80, 0.154382107723872)	(82, 0.17369130029705446)	(84, 0.16723934792215234)	(86, 0.1792723099867963)	(88, 0.18968631236952488)	(90, 0.21959463823724884)	(92, 0.23232513590728393)	(94, 0.26062146903209216)	(96, 0.30482550479902437)	(98, 0.34468136661012844)	(100, 0.4831069521899865)
SRR20277640_1	(1, 0.17104806124526697)	(2, 0.13426174009089303)	(3, 0.13492830989663482)	(4, 0.13417841886517531)	(5, 0.13411592794588703)	(6, 0.13428257039732247)	(7, 0.1340326067201693)	(8, 0.1340326067201693)	(9, 0.1340326067201693)	(10, 0.1340326067201693)	(12, 0.1340326067201693)	(14, 0.1340326067201693)	(16, 0.1340482294499914)	(18, 0.1340326067201693)	(20, 0.13526680237611305)	(22, 0.13425132493767833)	(24, 0.13438151435286227)	(26, 0.1362926949677625)	(28, 0.14321877185554807)	(30, 0.13817263012301859)	(32, 0.13489706443699068)	(34, 0.13452732649786828)	(36, 3.1290173649512196e-05)	(38, 0.0)	(40, 0.0)	(42, 0.0)	(44, 0.0)	(46, 0.0)	(48, 0.0)	(50, 0.0)	(52, 0.0)	(54, 0.0)	(56, 0.0)	(58, 0.0)	(60, 0.0)	(62, 0.0)	(64, 0.0)	(66, 0.0)	(68, 0.0)	(70, 0.0)	(72, 0.0)	(74, 0.0)	(76, 0.0)	(78, 0.0)	(80, 0.0)	(82, 0.0)	(84, 0.0)	(86, 0.0)	(88, 0.0)	(90, 0.0)	(92, 0.0)	(94, 0.0)	(96, 0.0)	(98, 0.0)	(100, 0.0)
SRR20277640_2	(1, 0.15479000707709661)	(2, 0.14470813876525235)	(3, 0.14404156895951056)	(4, 0.1445519114670316)	(5, 0.14592671169137403)	(6, 0.1468119997146248)	(7, 0.1516758762658968)	(8, 0.15238410668449742)	(9, 0.15735213476791654)	(10, 0.15808119549294658)	(12, 0.1595809775558656)	(14, 0.16250242803259318)	(16, 0.16436153288141983)	(18, 0.1632106584511938)	(20, 0.16478855416322316)	(22, 0.16201291583150157)	(24, 0.1597267897008716)	(26, 0.16448130714338907)	(28, 0.1614452899812996)	(30, 0.162892996278145)	(32, 0.16486146023572615)	(34, 0.16379390703121785)	(36, 0.01829075859812992)	(38, 0.01706208967982475)	(40, 0.016814993903456057)	(42, 0.02482519425831927)	(44, 0.03799623378908279)	(46, 0.0503971123206836)	(48, 0.07825546961148082)	(50, 0.09447898376095394)	(52, 0.10877340207434116)	(54, 0.12426063299865307)	(56, 0.13360065342426744)	(58, 0.14372406154853015)	(60, 0.1573912651022878)	(62, 0.17480776450908123)	(64, 0.19293106913632316)	(66, 0.20003415473991742)	(68, 0.2090311773449126)	(70, 0.21670481566667268)	(72, 0.2247038146411652)	(74, 0.23170367445900855)	(76, 0.23228083096335955)	(78, 0.2549644374940007)	(80, 0.2737667897909579)	(82, 0.30759602662287266)	(84, 0.31121393056906077)	(86, 0.31865135754476615)	(88, 0.3259308646074935)	(90, 0.35374373157489103)	(92, 0.385516729817834)	(94, 0.42124394762799416)	(96, 0.466389987362792)	(98, 0.5242973667170361)	(100, 0.6769837850520023)
SRR20277641_1	(1, 0.18885623795928153)	(2, 0.1265507580921746)	(3, 0.12652967332741413)	(4, 0.12608689326744485)	(5, 0.12608689326744485)	(6, 0.12608689326744485)	(7, 0.12608689326744485)	(8, 0.12608689326744485)	(9, 0.12608689326744485)	(10, 0.12608689326744485)	(12, 0.12608689326744485)	(14, 0.12608689326744485)	(16, 0.12612906279696573)	(18, 0.12610270684101518)	(20, 0.1262661137679086)	(22, 0.12639262235647125)	(24, 0.12686702956358123)	(26, 0.13297106896172925)	(28, 0.1345893246570932)	(30, 0.1322489157686841)	(32, 0.12712531793189663)	(34, 0.12615541875291628)	(36, 0.0)	(38, 2.6395124883782264e-05)	(40, 0.0)	(42, 0.0)	(44, 5.2833960824674725e-06)	(46, 0.0)	(48, 0.0)	(50, 0.0)	(52, 0.0)	(54, 0.0)	(56, 0.0)	(58, 0.0)	(60, 0.0)	(62, 0.0)	(64, 0.0)	(66, 0.0)	(68, 0.0)	(70, 0.0)	(72, 0.0)	(74, 0.0)	(76, 0.0)	(78, 0.0)	(80, 0.0)	(82, 0.0)	(84, 0.0)	(86, 0.0)	(88, 0.0)	(90, 0.0)	(92, 0.0)	(94, 5.513145986341511e-06)	(96, 3.8820620670738246e-05)	(98, 0.0)	(100, 4.963516029958648e-05)
SRR20277641_2	(1, 0.13550124073298234)	(2, 0.13290781466744792)	(3, 0.13290781466744792)	(4, 0.1338460866992876)	(5, 0.1352376811734768)	(6, 0.14046670283406648)	(7, 0.13796815820995406)	(8, 0.13970765130269056)	(9, 0.1485105405901752)	(10, 0.14146295796899738)	(12, 0.14806776053020593)	(14, 0.14857906607564667)	(16, 0.1463598945846101)	(18, 0.1428598236343767)	(20, 0.14414072309357356)	(22, 0.1446098591094934)	(24, 0.1453109275377781)	(26, 0.1489006087382434)	(28, 0.1475037430728641)	(30, 0.15210549298183063)	(32, 0.14494721534566046)	(34, 0.14556394471490341)	(36, 0.010557187784763644)	(38, 0.01595382576384484)	(40, 0.009134773283375452)	(42, 0.017651493600514906)	(44, 0.036326739444493085)	(46, 0.04914122601516943)	(48, 0.0738807250023567)	(50, 0.08034996355428559)	(52, 0.0897700161789438)	(54, 0.11089198211374504)	(56, 0.11611113615690809)	(58, 0.1296624821369099)	(60, 0.14039190540355062)	(62, 0.1599953047629862)	(64, 0.17091487508022277)	(66, 0.1847806297956222)	(68, 0.1880032511583838)	(70, 0.20646193396794735)	(72, 0.19880650882450102)	(74, 0.20840899513137742)	(76, 0.21783707057001925)	(78, 0.2406449122448041)	(80, 0.25955035898390283)	(82, 0.2824356437140133)	(84, 0.27916617864860166)	(86, 0.290888346336851)	(88, 0.30145778847555715)	(90, 0.33355789180916945)	(92, 0.35061079698583175)	(94, 0.3850302531648362)	(96, 0.4342616403493936)	(98, 0.47742550565209735)	(100, 0.638383893148476)
SRR20277642_1	(1, 0.16475532317093558)	(2, 0.12215452434166026)	(3, 0.12250430148732444)	(4, 0.12213394921544472)	(5, 0.12218538703098357)	(6, 0.12231912535138457)	(7, 0.12204136114747478)	(8, 0.1219693482057204)	(9, 0.1219693482057204)	(10, 0.12205164871058255)	(12, 0.12197963576882817)	(14, 0.1219693482057204)	(16, 0.12197963576882817)	(18, 0.12202592980281313)	(20, 0.12357935183208639)	(22, 0.12245800745333947)	(24, 0.12259688955529437)	(26, 0.12500417932251254)	(28, 0.132138604337751)	(30, 0.12724172429845249)	(32, 0.12420174940010646)	(34, 0.12304954233203623)	(36, 0.00042233651289205385)	(38, 0.0006541861008015274)	(40, 0.00014425669035481736)	(42, 0.00012367739267443343)	(44, 0.00015980569277365873)	(46, 0.0002114567035694717)	(48, 0.0003664011582817912)	(50, 0.0003046715705019051)	(52, 0.000418564849647372)	(54, 0.00024304975942210835)	(56, 9.314857554869556e-05)	(58, 0.0002589282338971237)	(60, 0.00015547390181398137)	(62, 0.00021265781868369063)	(64, 0.00021285351789498462)	(66, 0.00026503380895988884)	(68, 0.00010925098306375652)	(70, 0.00020834040822636268)	(72, 0.00025033790401669256)	(74, 0.0001775860591182946)	(76, 8.893617735882677e-05)	(78, 9.958996713897996e-05)	(80, 8.4043924716814e-05)	(82, 4.212198558617245e-05)	(84, 2.6393581081081083e-05)	(86, 8.470034843076459e-05)	(88, 0.00017526258850096845)	(90, 7.461992872304408e-05)	(92, 2.1405171371674954e-05)	(94, 5.375000913750155e-05)	(96, 7.028388634857694e-05)	(98, 0.0)	(100, 4.838190853911656e-05)
SRR20277642_2	(1, 0.141752332061962)	(2, 0.13669085101293918)	(3, 0.1337691830903325)	(4, 0.13440701200301425)	(5, 0.13256553820672345)	(6, 0.13118700475028225)	(7, 0.13410867267288892)	(8, 0.13442758712922978)	(9, 0.13876893876070873)	(10, 0.13797679640141042)	(12, 0.13725666698386652)	(14, 0.1396279502802075)	(16, 0.1417214693726387)	(18, 0.1404149488579519)	(20, 0.14088303297935542)	(22, 0.1382545606053202)	(24, 0.13689660227509456)	(26, 0.1410270588628642)	(28, 0.13919587262968117)	(30, 0.1395868000277764)	(32, 0.14262163114456855)	(34, 0.1415414370182527)	(36, 0.01337109173058239)	(38, 0.011950870999568276)	(40, 0.01158196743313565)	(42, 0.01701109101490251)	(44, 0.025326696601278977)	(46, 0.03359998085600477)	(48, 0.04509379369767406)	(50, 0.05392329395945004)	(52, 0.06513119878447939)	(54, 0.07546950561580998)	(56, 0.07884911837168941)	(58, 0.08460196604473413)	(60, 0.09280303383418695)	(62, 0.10538910858271008)	(64, 0.12000266234507674)	(66, 0.12363347081925025)	(68, 0.13213359762478696)	(70, 0.13822662849271253)	(72, 0.14423768118751382)	(74, 0.1479846774774752)	(76, 0.14723096176276118)	(78, 0.16689678303910524)	(80, 0.18427688983146706)	(82, 0.21630511548891632)	(84, 0.21735421917217715)	(86, 0.2239534792931373)	(88, 0.2293539516069796)	(90, 0.25553380032942313)	(92, 0.2835171204775016)	(94, 0.3123679181638068)	(96, 0.3510098554243324)	(98, 0.40461943748447304)	(100, 0.5237619599878044)
SRR20277643_1	(1, 0.18230555874077878)	(2, 0.12296692741180948)	(3, 0.12316427276368247)	(4, 0.12293576761940848)	(5, 0.12289422122954048)	(6, 0.12305002019154547)	(7, 0.12302924699661148)	(8, 0.12300847380167748)	(9, 0.12295654081434249)	(10, 0.12300847380167748)	(12, 0.12289422122954048)	(14, 0.12290980112574099)	(16, 0.12311753307508097)	(18, 0.12305002019154547)	(20, 0.12316946606241597)	(22, 0.12325775214088548)	(24, 0.12346029079149197)	(26, 0.12753183699855586)	(28, 0.12836795809464932)	(30, 0.12731371845174885)	(32, 0.12424447890025045)	(34, 0.12306040678901246)	(36, 0.00019240322390841978)	(38, 0.0005512766605324137)	(40, 3.641196875977922e-05)	(42, 0.0001092621413132019)	(44, 0.0003122906839160773)	(46, 4.165939796962509e-05)	(48, 0.00017716192125433975)	(50, 0.00011992362012493538)	(52, 0.00012522524238258763)	(54, 9.921216662819148e-05)	(56, 3.657833503884175e-05)	(58, 0.0)	(60, 5.233101438909271e-05)	(62, 1.5712687434684322e-05)	(64, 6.29097323977258e-05)	(66, 3.6734573499531736e-05)	(68, 5.253581445274965e-05)	(70, 5.259705866728521e-06)	(72, 8.953222414845244e-05)	(74, 1.0548869828370416e-05)	(76, 1.5848648366514152e-05)	(78, 1.5879465960856164e-05)	(80, 6.895826656316561e-05)	(82, 2.1268598525373625e-05)	(84, 5.3308348065983796e-05)	(86, 8.553966870058614e-05)	(88, 4.290799035814549e-05)	(90, 0.00016686624228095604)	(92, 0.00015672384474935938)	(94, 2.1713282188420916e-05)	(96, 0.00033854259379104145)	(98, 0.00015620810624114982)	(100, 1.3962198186142908e-05)
SRR20277643_2	(1, 0.14089419463985095)	(2, 0.139938627672887)	(3, 0.14125772555119595)	(4, 0.139855534893151)	(5, 0.13505692686339713)	(6, 0.139346591617268)	(7, 0.13523349902033613)	(8, 0.13644873092397508)	(9, 0.14510076661398583)	(10, 0.13480764852418914)	(12, 0.14031773848043247)	(14, 0.14036967146776747)	(16, 0.13898306070592303)	(18, 0.13500499387606213)	(20, 0.13598133403796012)	(22, 0.1360384603240286)	(24, 0.1370148004859266)	(26, 0.14045795754623697)	(28, 0.1392063725514635)	(30, 0.1433454316420629)	(32, 0.13744065098207356)	(34, 0.13722772573400008)	(36, 0.007389551299268767)	(38, 0.012767985319573311)	(40, 0.006361700709914823)	(42, 0.011155353279215996)	(44, 0.0255873203480979)	(46, 0.029250249501972452)	(48, 0.04418373263339632)	(50, 0.044809839709025384)	(52, 0.05333042866907794)	(54, 0.06779452933433998)	(56, 0.06656493295613379)	(58, 0.07629275533966974)	(60, 0.0786556849613615)	(62, 0.09279574613579628)	(64, 0.09856883954707163)	(66, 0.1086836819776497)	(68, 0.10801504042243457)	(70, 0.1246944127632591)	(72, 0.11399649538654648)	(74, 0.11985876438493571)	(76, 0.127222957520454)	(78, 0.14372478039990658)	(80, 0.15896754678035993)	(82, 0.1794132953067184)	(84, 0.1724798263056771)	(86, 0.18446246925959395)	(88, 0.19390728402992707)	(90, 0.22387693594728036)	(92, 0.23684714388064312)	(94, 0.26430596027575287)	(96, 0.3077270316055311)	(98, 0.34427780141345965)	(100, 0.47235344887823605)
SRR20277644_1	(1, 0.11651418484250153)	(2, 0.07980130544666374)	(3, 0.08029337783949839)	(4, 0.07973712209107661)	(5, 0.07961945260583354)	(6, 0.0798333971244573)	(7, 0.07954457202431522)	(8, 0.07954457202431522)	(9, 0.07954457202431522)	(10, 0.07954457202431522)	(12, 0.07954457202431522)	(14, 0.07954457202431522)	(16, 0.0795552692502464)	(18, 0.07954457202431522)	(20, 0.08058755155260607)	(22, 0.0797424707040422)	(24, 0.07989223186707885)	(26, 0.08197819092366053)	(28, 0.08846070983796056)	(30, 0.08379137071899692)	(32, 0.08054476264888132)	(34, 0.0799243235448724)	(36, 1.6058739013212968e-05)	(38, 0.0)	(40, 0.0)	(42, 0.0)	(44, 0.0)	(46, 0.0)	(48, 0.0)	(50, 0.0)	(52, 0.0)	(54, 0.0)	(56, 0.0)	(58, 0.0)	(60, 0.0)	(62, 0.0)	(64, 0.0)	(66, 0.0)	(68, 0.0)	(70, 0.0)	(72, 0.0)	(74, 0.0)	(76, 0.0)	(78, 0.0)	(80, 0.0)	(82, 0.0)	(84, 0.0)	(86, 0.0)	(88, 0.0)	(90, 0.0)	(92, 0.0)	(94, 0.0)	(96, 0.0)	(98, 0.0)	(100, 0.0)
SRR20277644_2	(1, 0.10606299510773069)	(2, 0.09498066904301974)	(3, 0.09443511052052915)	(4, 0.09504485239860688)	(5, 0.09640340009186778)	(6, 0.09700244474401432)	(7, 0.10194456312422324)	(8, 0.10278964397278713)	(9, 0.10812755971245)	(10, 0.10871590713866536)	(12, 0.11039537160986189)	(14, 0.11320339341679879)	(16, 0.114834720371305)	(18, 0.11387197003749805)	(20, 0.11518238021406861)	(22, 0.11271132102396414)	(24, 0.11050234386917378)	(26, 0.11513424269737826)	(28, 0.11209623053292082)	(30, 0.11345477822618172)	(32, 0.11600606661077009)	(34, 0.11458333556192207)	(36, 0.019037890541766113)	(38, 0.017111111182496638)	(40, 0.016962084280356268)	(42, 0.025943297215837092)	(44, 0.03935579242933576)	(46, 0.05188939695768952)	(48, 0.08041148653791937)	(50, 0.097492915329088)	(52, 0.1120969721599863)	(54, 0.1263419646553356)	(56, 0.13624297362311372)	(58, 0.14583844855516287)	(60, 0.159534723287119)	(62, 0.17632453458006184)	(64, 0.19431030443110694)	(66, 0.20200490512761443)	(68, 0.21084501293058447)	(70, 0.21900933264170794)	(72, 0.22661623528661043)	(74, 0.232730890778198)	(76, 0.23382417793323404)	(78, 0.2560388293708225)	(80, 0.27551899990095546)	(82, 0.30884171170393915)	(84, 0.31139097592978526)	(86, 0.31896083013044296)	(88, 0.325920561247808)	(90, 0.3539726132368899)	(92, 0.3868211475120795)	(94, 0.4220587737812984)	(96, 0.46737540472531636)	(98, 0.525402153053885)	(100, 0.6770523015935684)
SRR20277645_1	(1, 0.1359341604332629)	(2, 0.07370003149853462)	(3, 0.07358014088237314)	(4, 0.07319867074004117)	(5, 0.07319867074004117)	(6, 0.07319867074004117)	(7, 0.07319867074004117)	(8, 0.07319867074004117)	(9, 0.07319867074004117)	(10, 0.07319867074004117)	(12, 0.07319867074004117)	(14, 0.07319867074004117)	(16, 0.07324226732773625)	(18, 0.07322046903388872)	(20, 0.073443901545826)	(22, 0.0735201955742924)	(24, 0.0739943084654764)	(26, 0.08040300685665333)	(28, 0.08202153017483321)	(30, 0.07945478107428532)	(32, 0.07426678713857067)	(34, 0.0732640656215838)	(36, 0.0)	(38, 4.3629567736240065e-05)	(40, 0.0)	(42, 0.0)	(44, 1.0908153402888446e-05)	(46, 0.0)	(48, 0.0)	(50, 0.0)	(52, 0.0)	(54, 0.0)	(56, 0.0)	(58, 0.0)	(60, 0.0)	(62, 0.0)	(64, 0.0)	(66, 0.0)	(68, 0.0)	(70, 0.0)	(72, 0.0)	(74, 0.0)	(76, 0.0)	(78, 0.0)	(80, 0.0)	(82, 0.0)	(84, 0.0)	(86, 0.0)	(88, 0.0)	(90, 0.0)	(92, 0.0)	(94, 5.608937685151033e-06)	(96, 4.512624942598001e-05)	(98, 0.0)	(100, 3.605663574425547e-05)
SRR20277645_2	(1, 0.08761824212018926)	(2, 0.084926152830018)	(3, 0.08495885027078931)	(4, 0.08601606752239502)	(5, 0.08724767112478106)	(6, 0.0931768070513121)	(7, 0.09001605444341872)	(8, 0.0918907077143072)	(9, 0.10140566297875866)	(10, 0.09373266354442439)	(12, 0.10010866449482998)	(14, 0.10075171416333242)	(16, 0.0986045822193497)	(18, 0.09481712866333952)	(20, 0.09610322800034442)	(22, 0.09633211008574359)	(24, 0.09738932733734931)	(26, 0.10099149539565537)	(28, 0.0992258335940046)	(30, 0.10411410098931557)	(32, 0.09706235292963619)	(34, 0.09763455814313413)	(36, 0.010799485944469044)	(38, 0.01640140069161876)	(40, 0.00916928062984285)	(42, 0.017980272106542714)	(44, 0.03677784002288836)	(46, 0.04895774088073405)	(48, 0.07277569162011514)	(50, 0.07923864527188675)	(52, 0.08938946406446915)	(54, 0.10931489591824076)	(56, 0.1141315228994322)	(58, 0.12769223718055978)	(60, 0.1374758455518602)	(62, 0.1558426309214214)	(64, 0.16624494296599157)	(66, 0.1802350901996144)	(68, 0.1837202569237088)	(70, 0.2024863957876169)	(72, 0.19485674447214785)	(74, 0.20383134009998666)	(76, 0.21319516365101548)	(78, 0.23603013125336583)	(80, 0.2561759324058176)	(82, 0.27845021356089616)	(84, 0.2758439104646573)	(86, 0.28723380258459436)	(88, 0.2982307804668844)	(90, 0.3313459971941325)	(92, 0.349194703687198)	(94, 0.38511628158037287)	(96, 0.4335195626784379)	(98, 0.4772156631434082)	(100, 0.636981558043534)
SRR20277646_1	(1, 0.11533389182858211)	(2, 0.07347321546634478)	(3, 0.07375906227003227)	(4, 0.07337793319844893)	(5, 0.07350497622231005)	(6, 0.07364260616482625)	(7, 0.07327206401189801)	(8, 0.07325089017458782)	(9, 0.07325089017458782)	(10, 0.07333558552382856)	(12, 0.07326147709324292)	(14, 0.07327206401189801)	(16, 0.07325618363391535)	(18, 0.07327735747122555)	(20, 0.0749130364034374)	(22, 0.07369024729877417)	(24, 0.07377494264801492)	(26, 0.07614641242675572)	(28, 0.08324494138499552)	(30, 0.07834849150701505)	(32, 0.07532063277165849)	(34, 0.07432016895875221)	(36, 0.0003496278820395786)	(38, 0.00046617744875067623)	(40, 6.357068933512687e-05)	(42, 9.535812033463708e-05)	(44, 0.00012185025694775597)	(46, 0.00015894100364250395)	(48, 0.00032849340684591916)	(50, 0.00025963099864838226)	(52, 0.00037622920306971236)	(54, 0.00020668243529991848)	(56, 5.300206617954588e-05)	(58, 0.00021204044077694588)	(60, 0.00011664521985238018)	(62, 0.0001803175062470735)	(64, 0.0001485455822464262)	(66, 0.00022290607210470088)	(68, 8.495490115975122e-05)	(70, 0.00012750242095221784)	(72, 0.00020201612088644675)	(74, 0.00020218537919841262)	(76, 8.521448752806086e-05)	(78, 4.7990898366155195e-05)	(80, 6.407620454854549e-05)	(82, 3.7440332812466985e-05)	(84, 1.6077938126627588e-05)	(86, 5.371779517458418e-05)	(88, 0.00010234462927166282)	(90, 6.484856158594939e-05)	(92, 1.0847846531609893e-05)	(94, 8.714747416935249e-05)	(96, 2.73864797550378e-05)	(98, 0.0)	(100, 2.7996641522882913e-05)
SRR20277646_2	(1, 0.09841599581774366)	(2, 0.09360953474833147)	(3, 0.0904440460704587)	(4, 0.09039111147718323)	(5, 0.08862309606178272)	(6, 0.08740560041644703)	(7, 0.08987235246308367)	(8, 0.09039111147718323)	(9, 0.09413888068108613)	(10, 0.0932019383801104)	(12, 0.09249261483021917)	(14, 0.094980540714166)	(16, 0.0973625974115619)	(18, 0.09577455961329798)	(20, 0.09614510176622623)	(22, 0.09363070858564167)	(24, 0.09210619229930828)	(26, 0.09607628679496812)	(28, 0.09465234623585812)	(30, 0.09487996498694262)	(32, 0.09794487793759203)	(34, 0.0970767506078744)	(36, 0.012116415066950213)	(38, 0.010596177503138985)	(40, 0.010501194683089363)	(42, 0.01596994132768603)	(44, 0.025429930896189657)	(46, 0.035034698713249865)	(48, 0.04668758995735047)	(50, 0.05599562084985599)	(52, 0.06732193919629194)	(54, 0.07805178585677887)	(56, 0.0817555776028641)	(58, 0.08727773813018784)	(60, 0.09526793144125573)	(62, 0.10795039450904462)	(64, 0.1218104524453459)	(66, 0.12478557293091057)	(68, 0.13254704588488267)	(70, 0.13829790741069417)	(72, 0.14427567439233682)	(74, 0.14705511912167626)	(76, 0.14634855009589612)	(78, 0.16587788283151636)	(80, 0.18369344701253168)	(82, 0.21573730399220314)	(84, 0.21581669457880892)	(86, 0.22221136914540301)	(88, 0.2278700140893638)	(90, 0.2542481714344873)	(92, 0.28211044010162994)	(94, 0.30952484093294025)	(96, 0.3478288643133216)	(98, 0.4021995011819896)	(100, 0.5201169586329094)
SRR20277647_1	(1, 0.12971099702083821)	(2, 0.07191598940045149)	(3, 0.07208793438407479)	(4, 0.07188374971602211)	(5, 0.07187300315454566)	(6, 0.0720342015766925)	(7, 0.07200196189226314)	(8, 0.07196972220783378)	(9, 0.0719374825234044)	(10, 0.07200196189226314)	(12, 0.07187300315454566)	(14, 0.07191598940045149)	(16, 0.07205569469964543)	(18, 0.07199658861152491)	(20, 0.07215778703367176)	(22, 0.07224913280622167)	(24, 0.07249093043944194)	(26, 0.07687015424109825)	(28, 0.0777083860362619)	(30, 0.07659074364271036)	(32, 0.07336140191903498)	(34, 0.07202345501521605)	(36, 0.00013980734547793143)	(38, 0.00047320139510525854)	(40, 2.1509539480759717e-05)	(42, 0.00011292754772882804)	(44, 0.00024199498080899136)	(46, 2.6889233513256365e-05)	(48, 0.00011831823960099647)	(50, 9.143327739947408e-05)	(52, 0.00011833447454383406)	(54, 8.607040354592849e-05)	(56, 1.0760126543392202e-05)	(58, 0.0)	(60, 5.920150091950695e-05)	(62, 1.0766787453871718e-05)	(64, 3.7696382671274456e-05)	(66, 1.6162084589980307e-05)	(68, 3.233923948457289e-05)	(70, 0.0)	(72, 4.317352849639067e-05)	(74, 5.401188974531342e-06)	(76, 2.162616194664869e-05)	(78, 1.6239227640681107e-05)	(80, 7.046805314548792e-05)	(82, 2.1719287976582264e-05)	(84, 4.8965809460324964e-05)	(86, 4.908034610805671e-05)	(88, 4.921502849796225e-05)	(90, 0.00014812647169821567)	(92, 0.00014316893648166963)	(94, 1.1059328264142765e-05)	(96, 0.00026137307954044386)	(98, 0.00011357432366206324)	(100, 1.4216897393879212e-05)
SRR20277647_2	(1, 0.0936992695132302)	(2, 0.09331239330007775)	(3, 0.09448376850101158)	(4, 0.09288253084101945)	(5, 0.08808956442251954)	(6, 0.09181862125485019)	(7, 0.08807881786104309)	(8, 0.08903526183244778)	(9, 0.09799789410381307)	(10, 0.08781015382413165)	(12, 0.09345209859927169)	(14, 0.0933983657918894)	(16, 0.09185623422001779)	(18, 0.08760059587534075)	(20, 0.08883107716439509)	(22, 0.08873973139184521)	(24, 0.08962632271365292)	(26, 0.09325866049269546)	(28, 0.0916520495519651)	(30, 0.0963859098823445)	(32, 0.0907493383879427)	(34, 0.09033022249036086)	(36, 0.007163058750848597)	(38, 0.012831396631376562)	(40, 0.006259939468966753)	(42, 0.01140210502220775)	(44, 0.026845776206272813)	(46, 0.03064112629808555)	(48, 0.046897643163435136)	(50, 0.04714042298534956)	(52, 0.05509477318071684)	(54, 0.07060930952448487)	(56, 0.06903752379170337)	(58, 0.07863089208749996)	(60, 0.080532873090091)	(62, 0.09556891871841644)	(64, 0.10102787032602602)	(66, 0.11173136161610933)	(68, 0.11116080722188126)	(70, 0.12725146022062678)	(72, 0.11658632181659896)	(74, 0.12248444913516442)	(76, 0.1293307634952893)	(78, 0.14567130999160394)	(80, 0.16078319454196732)	(82, 0.1801873698575044)	(84, 0.17332703026811377)	(86, 0.18543259852662988)	(88, 0.19431953091713158)	(90, 0.22483509455897202)	(92, 0.23738589618718342)	(94, 0.2638865900322017)	(96, 0.3080144723783859)	(98, 0.345747672080138)	(100, 0.4714758789976613)
SRR20277648_1	(1, 25.382788488404586)	(2, 25.352829778647045)	(3, 25.35290739188476)	(4, 25.35275216540933)	(5, 25.352674552171617)	(6, 25.35275216540933)	(7, 25.352674552171617)	(8, 25.352674552171617)	(9, 25.352674552171617)	(10, 25.352674552171617)	(12, 25.352674552171617)	(14, 25.352674552171617)	(16, 25.352674552171617)	(18, 25.352674552171617)	(20, 25.35352829778647)	(22, 25.352868585265902)	(24, 25.35279097202819)	(26, 25.35403278383161)	(28, 25.35830151190587)	(30, 25.355817888299025)	(32, 25.353179038216762)	(34, 25.352946198503616)	(36, 5.207321702606733e-05)	(38, 0.0)	(40, 0.0)	(42, 0.0)	(44, 0.0)	(46, 0.0)	(48, 0.0)	(50, 0.0)	(52, 0.0)	(54, 0.0)	(56, 0.0)	(58, 0.0)	(60, 0.0)	(62, 0.0)	(64, 0.0)	(66, 0.0)	(68, 0.0)	(70, 0.0)	(72, 0.0)	(74, 0.0)	(76, 0.0)	(78, 0.0)	(80, 0.0)	(82, 0.0)	(84, 0.0)	(86, 0.0)	(88, 0.0)	(90, 0.0)	(92, 0.0)	(94, 0.0)	(96, 0.0)	(98, 0.0)	(100, 0.0)
SRR20277648_2	(1, 23.86638104995188)	(2, 23.858542112942782)	(3, 23.85784359380336)	(4, 23.858619726180496)	(5, 23.859706311508493)	(6, 23.860715283598772)	(7, 23.865216851386172)	(8, 23.86622582347645)	(9, 23.869718419173573)	(10, 23.870106485362143)	(12, 23.87115426407128)	(14, 23.87332743472727)	(16, 23.87441402005526)	(18, 23.873948340628978)	(20, 23.875694638477537)	(22, 23.87278414206327)	(24, 23.87193039644842)	(26, 23.875073732575828)	(28, 23.872628915587843)	(30, 23.874336406817548)	(32, 23.875733445096394)	(34, 23.87503492595697)	(36, 0.020102286966779185)	(38, 0.018447751980450493)	(40, 0.018282434421368635)	(42, 0.02721734021880687)	(44, 0.04189760102777801)	(46, 0.05420635653341324)	(48, 0.08427500744515402)	(50, 0.09916027368857558)	(52, 0.11499604554945039)	(54, 0.12927527717098608)	(56, 0.1385618882813474)	(58, 0.14988235097441813)	(60, 0.1642879521645369)	(62, 0.18076573033649027)	(64, 0.19998123374005794)	(66, 0.20633736999617447)	(68, 0.21494497944312863)	(70, 0.2238813817761186)	(72, 0.23048460190219539)	(74, 0.23980271997723693)	(76, 0.23796185225159072)	(78, 0.2606656349202157)	(80, 0.28080393813110144)	(82, 0.31181743581810756)	(84, 0.3169137387650286)	(86, 0.3242742761896258)	(88, 0.3313224618095074)	(90, 0.3584956529399046)	(92, 0.38961379672942853)	(94, 0.4248875763474058)	(96, 0.4715974379593359)	(98, 0.5259182665191786)	(100, 0.6566216227728436)
SRR20277649_1	(1, 23.945373851105593)	(2, 23.897250893653208)	(3, 23.897250893653208)	(4, 23.897003686679994)	(5, 23.897003686679994)	(6, 23.897003686679994)	(7, 23.897003686679994)	(8, 23.897003686679994)	(9, 23.897003686679994)	(10, 23.897003686679994)	(12, 23.897003686679994)	(14, 23.897003686679994)	(16, 23.897003686679994)	(18, 23.897003686679994)	(20, 23.8970448878422)	(22, 23.897209692491007)	(24, 23.897539301788626)	(26, 23.90264824590172)	(28, 23.903925481929996)	(30, 23.901535814522255)	(32, 23.89778650876184)	(34, 23.8970448878422)	(36, 0.0)	(38, 0.00016307068625036895)	(40, 0.0)	(42, 0.0)	(44, 5.485415377594053e-05)	(46, 0.0)	(48, 0.0)	(50, 0.0)	(52, 0.0)	(54, 0.0)	(56, 0.0)	(58, 0.0)	(60, 0.0)	(62, 0.0)	(64, 0.0)	(66, 0.0)	(68, 0.0)	(70, 0.0)	(72, 0.0)	(74, 0.0)	(76, 0.0)	(78, 0.0)	(80, 0.0)	(82, 0.0)	(84, 0.0)	(86, 0.0)	(88, 0.0)	(90, 0.0)	(92, 0.0)	(94, 0.0)	(96, 5.806138830585578e-05)	(98, 0.0)	(100, 6.852487864243993e-05)
SRR20277649_2	(1, 21.951237600510236)	(2, 21.94925994472452)	(3, 21.94925994472452)	(4, 21.950083967968567)	(5, 21.951072795861425)	(6, 21.955028107432856)	(7, 21.952803244673927)	(8, 21.95338006094476)	(9, 21.9610434771144)	(10, 21.955028107432856)	(12, 21.96046666084357)	(14, 21.96050786200577)	(16, 21.95890101667988)	(18, 21.95597573416351)	(20, 21.95647014810994)	(22, 21.957417774840593)	(24, 21.95795338994922)	(26, 21.961208281763213)	(28, 21.96009585038375)	(30, 21.96425716776619)	(32, 21.95787098762482)	(34, 21.958983419004284)	(36, 0.009828944656700329)	(38, 0.015294833045518798)	(40, 0.008059876397553402)	(42, 0.01658565213508376)	(44, 0.03723484158412677)	(46, 0.048938692146807544)	(48, 0.07322766582937151)	(50, 0.08210149804398946)	(52, 0.09137279563130539)	(54, 0.11117952099079051)	(56, 0.11648214219237843)	(58, 0.12983518549736114)	(60, 0.14151915620826036)	(62, 0.1592729226283444)	(64, 0.16952056094120505)	(66, 0.1821752605236467)	(68, 0.18566067334313602)	(70, 0.2024240868895742)	(72, 0.19702331515131064)	(74, 0.20374289706161222)	(76, 0.2141783211823778)	(78, 0.2376620305000516)	(80, 0.25641095763038646)	(82, 0.2814054385695817)	(84, 0.2747893400611362)	(86, 0.28773996881305475)	(88, 0.2990367370679968)	(90, 0.32902474173297036)	(92, 0.3492100410346718)	(94, 0.38527780045642396)	(96, 0.4363547569191247)	(98, 0.4788246742855657)	(100, 0.6215660040342025)
SRR20277650_1	(1, 22.963131030310052)	(2, 22.927488237073653)	(3, 22.92772961039128)	(4, 22.927568694846197)	(5, 22.92764915261874)	(6, 22.927568694846197)	(7, 22.927407779301113)	(8, 22.927407779301113)	(9, 22.927407779301113)	(10, 22.927407779301113)	(12, 22.927407779301113)	(14, 22.927407779301113)	(16, 22.927407779301113)	(18, 22.927448008187383)	(20, 22.928976705865693)	(22, 22.92772961039128)	(24, 22.92793075482264)	(26, 22.929580139159764)	(28, 22.936338592053346)	(30, 22.93187318567723)	(32, 22.929861741363663)	(34, 22.92857441700298)	(36, 0.00031358284074695434)	(38, 0.0008904775473943579)	(40, 5.250733002327124e-05)	(42, 0.000105343496171554)	(44, 0.00010565262684126115)	(46, 0.0002648991184687136)	(48, 0.00047835903715893005)	(50, 0.00016002039726663826)	(52, 0.0004817092328138189)	(54, 0.00026844585420276144)	(56, 0.0)	(58, 0.00032336646043072415)	(60, 0.0003238831429620193)	(62, 0.00037841478801744165)	(64, 0.00043297118901465504)	(66, 0.0003793079905021279)	(68, 0.00016274761371311394)	(70, 0.0004888448325027498)	(72, 0.0002719163193842074)	(74, 0.00010890926823318128)	(76, 5.4521197569008844e-05)	(78, 0.00016377852339467022)	(80, 0.00016399652983342872)	(82, 0.00010950815507230822)	(84, 0.0)	(86, 0.00021982068127924647)	(88, 0.00044059972231202504)	(90, 0.00016563704836988297)	(92, 0.00011073761773485096)	(94, 5.5538739659380906e-05)	(96, 5.575792584976473e-05)	(98, 0.0)	(100, 6.567820961200598e-05)
SRR20277650_2	(1, 21.076396264184705)	(2, 21.073982531008426)	(3, 21.071890628922315)	(4, 21.071246966741974)	(5, 21.070683762334177)	(6, 21.069476895746035)	(7, 21.071810171149775)	(8, 21.071327424514518)	(9, 21.074706650961307)	(10, 21.07386184434961)	(12, 21.07354001325944)	(14, 21.074867566506395)	(16, 21.07655717972979)	(18, 21.07587328866318)	(20, 21.076034204208263)	(22, 21.07418367543978)	(24, 21.073580242145713)	(26, 21.076034204208263)	(28, 21.07539054202792)	(30, 21.075470999800462)	(32, 21.076879010819958)	(34, 21.076154890867077)	(36, 0.011425907326710049)	(38, 0.010419545023415884)	(40, 0.01008030472198315)	(42, 0.015282560700741308)	(44, 0.02584410813421467)	(46, 0.03422221902014325)	(48, 0.045117186090087934)	(50, 0.05425958405119624)	(52, 0.0649847272945693)	(54, 0.07594960349534187)	(56, 0.07933023874401582)	(58, 0.08645038465739745)	(60, 0.09492374077643767)	(62, 0.10721499029227421)	(64, 0.12244199525674214)	(66, 0.1258972989259305)	(68, 0.13568216087952983)	(70, 0.14114931536304096)	(72, 0.1475197360669259)	(74, 0.15256113979423644)	(76, 0.15089328826653792)	(78, 0.1727789134056048)	(80, 0.18962742210359107)	(82, 0.22253945820099796)	(84, 0.22114062115708796)	(86, 0.22772250529651777)	(88, 0.23141991588776137)	(90, 0.2585269275869687)	(92, 0.2862660468762649)	(94, 0.3165278719189141)	(96, 0.35391624411212064)	(98, 0.4061715449312314)	(100, 0.5074756854969548)
SRR20277651_1	(1, 23.22518465617912)	(2, 23.18154165592123)	(3, 23.18162431311869)	(4, 23.18154165592123)	(5, 23.18154165592123)	(6, 23.18162431311869)	(7, 23.181706970316146)	(8, 23.18154165592123)	(9, 23.181706970316146)	(10, 23.18158298451996)	(12, 23.18154165592123)	(14, 23.18154165592123)	(16, 23.18158298451996)	(18, 23.18166564171742)	(20, 23.181830956112336)	(22, 23.181789627513606)	(24, 23.181748298914876)	(26, 23.184889272418285)	(28, 23.186211787577616)	(30, 23.18550920139922)	(32, 23.182285570698355)	(34, 23.18166564171742)	(36, 0.00021551608019353347)	(38, 0.00043203052727705743)	(40, 5.414064982856363e-05)	(42, 5.431323092030511e-05)	(44, 0.0002723655712486545)	(46, 0.0)	(48, 0.00016447323335188227)	(50, 5.502898927154825e-05)	(52, 0.0)	(54, 0.0)	(56, 0.0)	(58, 0.0)	(60, 0.0)	(62, 0.0)	(64, 0.0)	(66, 0.0)	(68, 5.602554764972828e-05)	(70, 0.0)	(72, 0.0)	(74, 0.0)	(76, 0.0)	(78, 5.637185127978195e-05)	(80, 5.645000589902562e-05)	(82, 0.0)	(84, 0.00011328139381426949)	(86, 5.675227179343989e-05)	(88, 0.0)	(90, 5.702174296080839e-05)	(92, 5.718608982676618e-05)	(94, 0.0)	(96, 0.00023035675927200353)	(98, 0.0)	(100, 0.0)
SRR20277651_2	(1, 21.39176535936043)	(2, 21.392922560124845)	(3, 21.3939971036918)	(4, 21.391434730570598)	(5, 21.388128442672276)	(6, 21.391930673755347)	(7, 21.388872357449397)	(8, 21.390112215411268)	(9, 21.397055419997752)	(10, 21.38866571445575)	(12, 21.3939971036918)	(14, 21.393583817704513)	(16, 21.39230263114391)	(18, 21.389079000443044)	(20, 21.38961627222652)	(22, 21.389450957831606)	(24, 21.38994690101635)	(26, 21.392922560124845)	(28, 21.392426616940096)	(30, 21.396311505220627)	(32, 21.392467945538826)	(34, 21.391186758978225)	(36, 0.007051321517633829)	(38, 0.012278460734220332)	(40, 0.006019023281476456)	(42, 0.012278627461150316)	(44, 0.02789342590132621)	(46, 0.030703998053642757)	(48, 0.04833612987300587)	(50, 0.04791871108272275)	(52, 0.05690919933998166)	(54, 0.07209434335453639)	(56, 0.07134850280884399)	(58, 0.08101845629465557)	(60, 0.08235015501205649)	(62, 0.09817281108846275)	(64, 0.10420099357696878)	(66, 0.11726031952897199)	(68, 0.11682293490336443)	(70, 0.133426286438708)	(72, 0.12370153985409173)	(74, 0.12768422758358683)	(76, 0.13612949501328742)	(78, 0.15368176195678332)	(80, 0.16981502563815257)	(82, 0.1899103455376789)	(84, 0.18355261614313612)	(86, 0.1944368219719622)	(88, 0.20377532127480086)	(90, 0.23238740165954916)	(92, 0.24303216913232611)	(94, 0.2696599920018913)	(96, 0.3126587135249983)	(98, 0.34506439795964855)	(100, 0.45807216073713564)
SRR20277652_1	(1, 0.33648807754180526)	(2, 0.2994927454746827)	(3, 0.3000960697658537)	(4, 0.29944139872649794)	(5, 0.29927452179489744)	(6, 0.29944139872649794)	(7, 0.2992231750467127)	(8, 0.2992231750467127)	(9, 0.2992231750467127)	(10, 0.2992231750467127)	(12, 0.2992231750467127)	(14, 0.2992231750467127)	(16, 0.2992231750467127)	(18, 0.2992231750467127)	(20, 0.3004619153466701)	(22, 0.29940288866535936)	(24, 0.29949916381820585)	(26, 0.3014760136233192)	(28, 0.30846558971997023)	(30, 0.3032153847180781)	(32, 0.3001538348575616)	(34, 0.2997494792156065)	(36, 7.725357862717944e-05)	(38, 0.0)	(40, 0.0)	(42, 0.0)	(44, 0.0)	(46, 0.0)	(48, 0.0)	(50, 0.0)	(52, 0.0)	(54, 0.0)	(56, 0.0)	(58, 0.0)	(60, 0.0)	(62, 0.0)	(64, 0.0)	(66, 0.0)	(68, 0.0)	(70, 0.0)	(72, 0.0)	(74, 0.0)	(76, 0.0)	(78, 0.0)	(80, 0.0)	(82, 0.0)	(84, 0.0)	(86, 0.0)	(88, 0.0)	(90, 0.0)	(92, 0.0)	(94, 0.0)	(96, 0.0)	(98, 0.0)	(100, 0.0)
SRR20277652_2	(1, 0.31288141006385994)	(2, 0.30304850778647763)	(3, 0.3023168166248447)	(4, 0.3028302841066924)	(5, 0.3040754427501729)	(6, 0.3048328072858982)	(7, 0.3095695448059427)	(8, 0.3104296028380375)	(9, 0.3157568279622068)	(10, 0.3164114990015625)	(12, 0.317656657645043)	(14, 0.32071820750555957)	(16, 0.3229710460821661)	(18, 0.32185425430914744)	(20, 0.32277207743295017)	(22, 0.3203716169553124)	(24, 0.31786204463778206)	(26, 0.3228234241811349)	(28, 0.3200442814356345)	(30, 0.32114823652160696)	(32, 0.3235807887168602)	(34, 0.3226180371883958)	(36, 0.018631484620945535)	(38, 0.017074322555972004)	(40, 0.0171979254575849)	(42, 0.025835355503700242)	(44, 0.03848108739888973)	(46, 0.05130572589292737)	(48, 0.08029892537695366)	(50, 0.09602866104034807)	(52, 0.11043874265336813)	(54, 0.12556951868262362)	(56, 0.13517634626704775)	(58, 0.14582882985600393)	(60, 0.15959498314031656)	(62, 0.17541827595808157)	(64, 0.1927594338252429)	(66, 0.2006993155118782)	(68, 0.2093428873941753)	(70, 0.21744874957919402)	(72, 0.22524590978211548)	(74, 0.23186841663130858)	(76, 0.2323802491685207)	(78, 0.2544729352338698)	(80, 0.2731004316032863)	(82, 0.3058803077395611)	(84, 0.30914075625428367)	(86, 0.3162254710797451)	(88, 0.3229675802582788)	(90, 0.35030306064814565)	(92, 0.381797896947713)	(94, 0.4176521294368315)	(96, 0.46256109855624333)	(98, 0.5198322807692575)	(100, 0.668499952544371)
SRR20277653_1	(1, 0.34516459034371627)	(2, 0.283398157012532)	(3, 0.283398157012532)	(4, 0.28293858533596067)	(5, 0.28293858533596067)	(6, 0.28293858533596067)	(7, 0.28293858533596067)	(8, 0.28293858533596067)	(9, 0.28293858533596067)	(10, 0.28293858533596067)	(12, 0.28293858533596067)	(14, 0.28293858533596067)	(16, 0.2829779771939525)	(18, 0.28295171595529134)	(20, 0.2830895874582627)	(22, 0.2832602855095606)	(24, 0.2835622897541646)	(26, 0.28948419907226924)	(28, 0.291289659230228)	(30, 0.2886307088157796)	(32, 0.28404812266939716)	(34, 0.28302393436160966)	(36, 0.0)	(38, 5.267532025607054e-05)	(40, 0.0)	(42, 0.0)	(44, 1.9756672865652056e-05)	(46, 0.0)	(48, 0.0)	(50, 0.0)	(52, 0.0)	(54, 0.0)	(56, 0.0)	(58, 0.0)	(60, 0.0)	(62, 0.0)	(64, 0.0)	(66, 0.0)	(68, 0.0)	(70, 0.0)	(72, 0.0)	(74, 0.0)	(76, 0.0)	(78, 0.0)	(80, 0.0)	(82, 0.0)	(84, 0.0)	(86, 0.0)	(88, 0.0)	(90, 0.0)	(92, 0.0)	(94, 6.702724194897257e-06)	(96, 4.035599367218019e-05)	(98, 0.0)	(100, 4.232368545172408e-05)
SRR20277653_2	(1, 0.2848819169968908)	(2, 0.2822164012727772)	(3, 0.2822164012727772)	(4, 0.2834112876318626)	(5, 0.28448799841697253)	(6, 0.29083008755365664)	(7, 0.287560563340335)	(8, 0.28974024614921606)	(9, 0.29852463048139344)	(10, 0.29173610028746866)	(12, 0.2974741809349447)	(14, 0.2983079752624384)	(16, 0.296056074047239)	(18, 0.29259615585362353)	(20, 0.2942703098182761)	(22, 0.29423748326994964)	(24, 0.29511723476510043)	(26, 0.29896450622896886)	(28, 0.2975595299605937)	(30, 0.301728501598062)	(32, 0.294762708043174)	(34, 0.29544550024836563)	(36, 0.011291711186076076)	(38, 0.016401637450989326)	(40, 0.009383330792700493)	(42, 0.01802491099335831)	(44, 0.03597587390186147)	(46, 0.0478139133612944)	(48, 0.07177153131114589)	(50, 0.0786040324501275)	(52, 0.08831353380683465)	(54, 0.10885382695168544)	(56, 0.11368794406674476)	(58, 0.12784205201530624)	(60, 0.1377099145992697)	(62, 0.15700639468943406)	(64, 0.16772227277840776)	(66, 0.18068731451943237)	(68, 0.1843194350426952)	(70, 0.20237261297126877)	(72, 0.1948000709831034)	(74, 0.20423075904794685)	(76, 0.2132195879565246)	(78, 0.2352214989188019)	(80, 0.25460727002804895)	(82, 0.2777977830390877)	(84, 0.274000997975909)	(86, 0.28552122462817253)	(88, 0.29684243568280433)	(90, 0.3296040472684067)	(92, 0.34500515347051264)	(94, 0.3796730227369932)	(96, 0.42764956156060435)	(98, 0.47084051512668407)	(100, 0.6271198627884573)
SRR20277654_1	(1, 0.3162993523861577)	(2, 0.27574063631552487)	(3, 0.2759955622493441)	(4, 0.275702397425452)	(5, 0.2757533826122158)	(6, 0.2759063381725073)	(7, 0.2756386659419972)	(8, 0.27560042705192433)	(9, 0.27560042705192433)	(10, 0.2756960242771065)	(12, 0.27560042705192433)	(14, 0.27562591964530625)	(16, 0.2756131733486153)	(18, 0.27565141223868816)	(20, 0.2772574456217491)	(22, 0.2760911594745263)	(24, 0.276180383551363)	(26, 0.2786212993676817)	(28, 0.28626270423391187)	(30, 0.2809156327720544)	(32, 0.2777800437860784)	(34, 0.2766774891223104)	(36, 0.0003259372421261232)	(38, 0.0005815957414920692)	(40, 9.587193350424956e-05)	(42, 0.00014701267997148466)	(44, 0.0001470217296838023)	(46, 0.00019177947508295583)	(48, 0.00040916242533584887)	(50, 0.0002813258400917071)	(52, 0.00037087882487172225)	(54, 0.0002302304619714916)	(56, 0.00010873555200338538)	(58, 0.0002175047990194884)	(60, 0.00015356064916228828)	(62, 0.0001791976489268461)	(64, 0.00017284949303243694)	(66, 0.0002881843273066946)	(68, 0.00010891199987289328)	(70, 0.00017946104259687309)	(72, 0.0002757448718668088)	(74, 0.000211749342165377)	(76, 8.347516620226649e-05)	(78, 9.639277665947878e-05)	(80, 7.718361615661482e-05)	(82, 4.5070550219989356e-05)	(84, 6.446401299697645e-06)	(86, 6.455439937908997e-05)	(88, 0.00013577461259138844)	(90, 9.067459110778897e-05)	(92, 1.2979193444365143e-05)	(94, 0.00010406735551450964)	(96, 5.2213312528068735e-05)	(98, 0.0)	(100, 2.4631047435292184e-05)
SRR20277654_2	(1, 0.28614161441534774)	(2, 0.28202456058416786)	(3, 0.27974297347648613)	(4, 0.280099869783833)	(5, 0.2779329993463699)	(6, 0.2768750567210203)	(7, 0.2793223456856845)	(8, 0.27956452532281273)	(9, 0.2841276995381762)	(10, 0.2829932791326808)	(12, 0.28222212818287773)	(14, 0.28443998380710467)	(16, 0.2864347792392398)	(18, 0.2851155375317255)	(20, 0.28581021070138285)	(22, 0.2833629217367186)	(24, 0.28195445595236757)	(26, 0.28580383755303734)	(28, 0.28429340139515863)	(30, 0.28455470047732334)	(32, 0.28721230333738834)	(34, 0.28631368942067575)	(36, 0.012698337227191851)	(38, 0.01133114422188336)	(40, 0.01092274436860306)	(42, 0.01622250371909527)	(44, 0.025595375342691327)	(46, 0.03500847657762861)	(48, 0.04563906228031246)	(50, 0.054610473214458145)	(52, 0.06553011212901873)	(54, 0.07642042067244341)	(56, 0.08008649187577624)	(58, 0.08586660837711023)	(60, 0.0935975535606624)	(62, 0.1066147291452582)	(64, 0.1215091340951569)	(66, 0.12392083417903439)	(68, 0.1329586425809667)	(70, 0.1381043910681336)	(72, 0.14475647235367595)	(74, 0.14811930977981)	(76, 0.14753383907246306)	(78, 0.16675320178880124)	(80, 0.18392188163806533)	(82, 0.21497475991016182)	(84, 0.21481274354745614)	(86, 0.222187289755059)	(88, 0.22657207471837204)	(90, 0.25370720676417696)	(92, 0.2806740751645966)	(94, 0.3088299940410484)	(96, 0.34685083276687306)	(98, 0.39986130159030486)	(100, 0.5158398050739635)
SRR20277655_1	(1, 0.33013026515765337)	(2, 0.27125460685444275)	(3, 0.27139766677079696)	(4, 0.2712285959605602)	(5, 0.27120258506667766)	(6, 0.2712676123013841)	(7, 0.2713196340891492)	(8, 0.27138466132385564)	(9, 0.2712676123013841)	(10, 0.27132613681261986)	(12, 0.27120258506667766)	(14, 0.2712090877901483)	(16, 0.2713131313656786)	(18, 0.2713391422595612)	(20, 0.27152772124020985)	(22, 0.2715667375810337)	(24, 0.2716837866035053)	(26, 0.2759430704767771)	(28, 0.27666487278201857)	(30, 0.27552039345118523)	(32, 0.27252263793121834)	(34, 0.27139116404732627)	(36, 0.0001564945226917058)	(38, 0.0004564601567014676)	(40, 3.2605670413014725e-05)	(42, 0.000143473894272783)	(44, 0.00025435531298029945)	(46, 5.870104373716934e-05)	(48, 0.000208731390618098)	(50, 7.175829613970376e-05)	(52, 0.00016310503977609984)	(54, 0.00013702689100535261)	(56, 3.915594402892737e-05)	(58, 0.0)	(60, 3.9169824298530465e-05)	(62, 0.0)	(64, 6.531907322163598e-05)	(66, 2.6136937163927996e-05)	(68, 6.536817151823789e-05)	(70, 0.0)	(72, 7.851762903979744e-05)	(74, 0.0)	(76, 6.551821534147013e-06)	(78, 6.556931177860234e-06)	(80, 3.281382270468458e-05)	(82, 1.9708617290711566e-05)	(84, 3.288772223713863e-05)	(86, 9.221355949016177e-05)	(88, 3.9582959219392373e-05)	(90, 0.00015200339483060246)	(92, 0.00013243901679922709)	(94, 1.9910848512092156e-05)	(96, 0.0003130272135869262)	(98, 8.141378290567012e-05)	(100, 2.5142362341166268e-05)
SRR20277655_2	(1, 0.28098268116652614)	(2, 0.2809696757195849)	(3, 0.2818150297707686)	(4, 0.2806185286521701)	(5, 0.27545536621647876)	(6, 0.27985120728263413)	(7, 0.27602760588189545)	(8, 0.2772631233413178)	(9, 0.2854435494673879)	(10, 0.27587154051859997)	(12, 0.28103470295429134)	(14, 0.281112735635939)	(16, 0.279799185494869)	(18, 0.27543585804606685)	(20, 0.2770160198494333)	(22, 0.2768339435922553)	(24, 0.2778743793475584)	(26, 0.2811517519767629)	(28, 0.27972115281322124)	(30, 0.2838698903874921)	(32, 0.27816700190373733)	(34, 0.27808246649861895)	(36, 0.007244144289531037)	(38, 0.012343513526026036)	(40, 0.006005783549995833)	(42, 0.01104765268684261)	(44, 0.026558974980101967)	(46, 0.029608541036694237)	(48, 0.04576583796466434)	(50, 0.04508732194096549)	(52, 0.054184480176167754)	(54, 0.06953786560002778)	(56, 0.06830164114554053)	(58, 0.077946592415649)	(60, 0.08032574411035434)	(62, 0.09485325543506737)	(64, 0.10084574887559049)	(66, 0.11108892645026554)	(68, 0.1104671084348145)	(70, 0.1262601064194195)	(72, 0.1163296093324511)	(74, 0.12174000088309488)	(76, 0.12893231767937038)	(78, 0.1452006300141756)	(80, 0.15946233608644486)	(82, 0.17951832886477076)	(84, 0.17169832100739688)	(86, 0.18323914277095346)	(88, 0.19204713676558627)	(90, 0.22170863107671882)	(92, 0.2337602087367754)	(94, 0.26032373128732117)	(96, 0.30365761946354486)	(98, 0.3405706901031223)	(100, 0.46531209071975316)
SRR20277656_1	(1, 0.13445296446168892)	(2, 0.09773046448021913)	(3, 0.0982318699415274)	(4, 0.09778496507383959)	(5, 0.0975887629368059)	(6, 0.09778496507383959)	(7, 0.09749066186828907)	(8, 0.09749066186828907)	(9, 0.09749066186828907)	(10, 0.09749066186828907)	(12, 0.09749066186828907)	(14, 0.09749066186828907)	(16, 0.09749066186828907)	(18, 0.09749066186828907)	(20, 0.09865697457176704)	(22, 0.09769776412404685)	(24, 0.09780131525192572)	(26, 0.09980693709715886)	(28, 0.10633610821289066)	(30, 0.10169810769578903)	(32, 0.09844987231600927)	(34, 0.09788851620171847)	(36, 3.818831783351345e-05)	(38, 0.0)	(40, 0.0)	(42, 0.0)	(44, 0.0)	(46, 0.0)	(48, 0.0)	(50, 0.0)	(52, 0.0)	(54, 0.0)	(56, 0.0)	(58, 0.0)	(60, 0.0)	(62, 0.0)	(64, 0.0)	(66, 0.0)	(68, 0.0)	(70, 0.0)	(72, 0.0)	(74, 0.0)	(76, 0.0)	(78, 0.0)	(80, 0.0)	(82, 0.0)	(84, 0.0)	(86, 0.0)	(88, 0.0)	(90, 0.0)	(92, 0.0)	(94, 0.0)	(96, 0.0)	(98, 0.0)	(100, 0.0)
SRR20277656_2	(1, 0.12106761866850255)	(2, 0.11023290065675395)	(3, 0.10955709329586018)	(4, 0.1101347995882371)	(5, 0.11176981739685109)	(6, 0.11245652487646896)	(7, 0.11757958067679274)	(8, 0.11862599207430567)	(9, 0.1235092452626994)	(10, 0.12409240161443838)	(12, 0.12585822084774145)	(14, 0.1285287499351443)	(16, 0.1306215727301702)	(18, 0.12933535872072718)	(20, 0.13069787356123883)	(22, 0.1283052975013004)	(24, 0.12585822084774145)	(26, 0.13020736821865464)	(28, 0.12762949014040662)	(30, 0.12870860189409183)	(32, 0.1308613753421002)	(34, 0.13015831768439623)	(36, 0.019200130947184636)	(38, 0.01720931105573285)	(40, 0.0173358172061669)	(42, 0.026063546593828445)	(44, 0.0387448946410664)	(46, 0.05157311651954391)	(48, 0.07953398587452826)	(50, 0.0954533600500086)	(52, 0.1106117359308513)	(54, 0.12570471279051462)	(56, 0.13534491726863673)	(58, 0.14571696138981474)	(60, 0.15923872441728779)	(62, 0.1769719066532533)	(64, 0.19456987057730274)	(66, 0.20206663211385106)	(68, 0.21139132402106406)	(70, 0.2191845009999111)	(72, 0.22646320162241573)	(74, 0.23297039922312812)	(76, 0.23402520661386486)	(78, 0.2564819385251529)	(80, 0.27529011134673637)	(82, 0.3090900343210578)	(84, 0.31264967764972995)	(86, 0.32005873024152426)	(88, 0.3275700548146432)	(90, 0.3564046613343321)	(92, 0.38751193617360785)	(94, 0.42327019474583577)	(96, 0.46904633984136196)	(98, 0.5277358544542143)	(100, 0.6784330446292571)
SRR20277657_1	(1, 0.15550420269456847)	(2, 0.09285326748424247)	(3, 0.09275318611809179)	(4, 0.09244182186784523)	(5, 0.09244182186784523)	(6, 0.09244182186784523)	(7, 0.09244182186784523)	(8, 0.09244182186784523)	(9, 0.09244182186784523)	(10, 0.09244182186784523)	(12, 0.09244182186784523)	(14, 0.09244182186784523)	(16, 0.09246406217143427)	(18, 0.09246406217143427)	(20, 0.09269758535911919)	(22, 0.09275874619398904)	(24, 0.09305343021654383)	(26, 0.09869134717636549)	(28, 0.10058177298143389)	(30, 0.09826878140817372)	(32, 0.09340371499807121)	(34, 0.09252522300630411)	(36, 0.0)	(38, 3.895804157702375e-05)	(40, 0.0)	(42, 0.0)	(44, 0.0)	(46, 0.0)	(48, 0.0)	(50, 0.0)	(52, 0.0)	(54, 0.0)	(56, 0.0)	(58, 0.0)	(60, 0.0)	(62, 0.0)	(64, 0.0)	(66, 0.0)	(68, 0.0)	(70, 0.0)	(72, 0.0)	(74, 0.0)	(76, 0.0)	(78, 0.0)	(80, 0.0)	(82, 0.0)	(84, 0.0)	(86, 0.0)	(88, 0.0)	(90, 0.0)	(92, 0.0)	(94, 1.719505247901358e-05)	(96, 6.341510153391906e-05)	(98, 0.0)	(100, 1.4557872675535372e-05)
SRR20277657_2	(1, 0.10299484592084476)	(2, 0.1002481684275983)	(3, 0.1002481684275983)	(4, 0.10127122239269415)	(5, 0.10296148546546119)	(6, 0.10842147999657055)	(7, 0.10584160478024189)	(8, 0.10838811954118699)	(9, 0.11640574898503595)	(10, 0.109778138515502)	(12, 0.11556617752454967)	(14, 0.11622782655632362)	(16, 0.11413167794305659)	(18, 0.11055098906522115)	(20, 0.11206332970927586)	(22, 0.11219121145491286)	(24, 0.11288066086617309)	(26, 0.11652807065477566)	(28, 0.11533265433686476)	(30, 0.1195138314116043)	(32, 0.11317534488872788)	(34, 0.11356455020153607)	(36, 0.011209458244768038)	(38, 0.016575337189557518)	(40, 0.009857770352691652)	(42, 0.018598804688613368)	(44, 0.03671258969572144)	(46, 0.04950345638812313)	(48, 0.07404358329507701)	(50, 0.08081247395234828)	(52, 0.09216988317868434)	(54, 0.11250582171655465)	(56, 0.11742959115340337)	(58, 0.13197512833036912)	(60, 0.1416244244520921)	(62, 0.1610360403713219)	(64, 0.17180763863269946)	(66, 0.1847839266243725)	(68, 0.18828795707566573)	(70, 0.20754853292929673)	(72, 0.19945910665801797)	(74, 0.20878492060980142)	(76, 0.2182106112936933)	(78, 0.2405998096363029)	(80, 0.2611689345987022)	(82, 0.2843349256817961)	(84, 0.28120007309530376)	(86, 0.2928541824508164)	(88, 0.30473488859603354)	(90, 0.3374797776741877)	(92, 0.35660024969622844)	(94, 0.3921339097956452)	(96, 0.4421989379759387)	(98, 0.4872513888168352)	(100, 0.6485027960373653)
SRR20277658_1	(1, 0.13269713387115883)	(2, 0.0902922137371692)	(3, 0.09063688161735403)	(4, 0.09028144286591343)	(5, 0.0903783807072154)	(6, 0.0905184020335405)	(7, 0.090206046767123)	(8, 0.09017373415335567)	(9, 0.09017373415335567)	(10, 0.09031914091530864)	(12, 0.09018989046023933)	(14, 0.09019527589586722)	(16, 0.09018989046023933)	(18, 0.09025451568777398)	(20, 0.09175166679232682)	(22, 0.09064226705298191)	(24, 0.09079844468619067)	(26, 0.09311956744181037)	(28, 0.10042760358885432)	(30, 0.09535990866301175)	(32, 0.09250024234460326)	(34, 0.0913154465064679)	(36, 0.0003719357346798054)	(38, 0.0006468587729412507)	(40, 0.0001563284590299496)	(42, 0.00015633424023365176)	(44, 0.0001617316325562973)	(46, 0.00019408748072670883)	(48, 0.00037741641533878544)	(50, 0.0002803886423835364)	(52, 0.0003613076987498376)	(54, 0.00012944113197995796)	(56, 0.00011867384139942352)	(58, 0.00021041860191082753)	(60, 0.0001511048870288597)	(62, 0.00018893923789684933)	(64, 0.00012961007510957858)	(66, 0.00024313540940355913)	(68, 0.00010811684511802441)	(70, 0.00014063901826176015)	(72, 0.00022735526658460587)	(74, 0.0002546569578430577)	(76, 9.221006146288768e-05)	(78, 7.603338604257305e-05)	(80, 7.070474519668673e-05)	(82, 3.268888468412976e-05)	(84, 2.7296916807787177e-05)	(86, 5.472724352282551e-05)	(88, 9.878588850168478e-05)	(90, 8.258557599970665e-05)	(92, 5.526217786364047e-06)	(94, 9.989350797086372e-05)	(96, 3.9071504760862854e-05)	(98, 0.0)	(100, 2.1121741918504713e-05)
SRR20277658_2	(1, 0.11143543401225726)	(2, 0.10695475156985447)	(3, 0.1038204280344237)	(4, 0.10421895027088741)	(5, 0.10222633908856886)	(6, 0.10099845976541041)	(7, 0.10386351151944681)	(8, 0.10447745118102603)	(9, 0.10847344441691888)	(10, 0.10762793102334048)	(12, 0.10670702153097165)	(14, 0.10918970735542798)	(16, 0.11148390293290825)	(18, 0.11006753336277372)	(20, 0.11048759734174898)	(22, 0.10800491151729263)	(24, 0.10673394870911107)	(26, 0.1108807341425848)	(28, 0.1091843219198001)	(30, 0.10977671983886776)	(32, 0.11229710371271932)	(34, 0.1115054446754198)	(36, 0.012781505102817803)	(38, 0.01131016205661658)	(40, 0.011181273512549631)	(42, 0.01633637094582358)	(44, 0.025396192738662338)	(46, 0.034484735233536616)	(48, 0.0460836228188411)	(50, 0.05516174981678823)	(52, 0.06704383770406684)	(54, 0.07757527048427137)	(56, 0.08185337894774049)	(58, 0.0875349799862984)	(60, 0.0958084957434464)	(62, 0.10845875683072506)	(64, 0.12267459028994117)	(66, 0.12573871087167884)	(68, 0.13439363937542687)	(70, 0.13955817385831773)	(72, 0.14629643904380946)	(74, 0.14892162363121833)	(76, 0.14841472284907628)	(78, 0.1680348865494088)	(80, 0.18554864430755508)	(82, 0.21642790608386833)	(84, 0.21734166820687606)	(86, 0.22413719806424526)	(88, 0.22946601654774898)	(90, 0.25580369058022634)	(92, 0.28394300534161)	(94, 0.3126664970909917)	(96, 0.3513009203933161)	(98, 0.40545909647354333)	(100, 0.5244202187624813)
SRR20277659_1	(1, 0.15025457952534715)	(2, 0.0910071000833376)	(3, 0.09120375408111671)	(4, 0.09094154875074456)	(5, 0.09091969830654688)	(6, 0.09103987574963411)	(7, 0.0910071000833376)	(8, 0.09101802530543644)	(9, 0.09096339919494223)	(10, 0.09102895052753526)	(12, 0.09091969830654688)	(14, 0.09096339919494223)	(16, 0.09105080097173296)	(18, 0.09099617486123875)	(20, 0.0912529175805615)	(22, 0.09130208108000627)	(24, 0.09153697335513133)	(26, 0.09585243608417315)	(28, 0.09658442596479544)	(30, 0.09560115597589984)	(32, 0.09227988845785247)	(34, 0.09110542708222716)	(36, 0.00016403027189603193)	(38, 0.000546780428344507)	(40, 2.733981819239621e-05)	(42, 0.00012029997564472311)	(44, 0.00031170019166280736)	(46, 6.015567852105404e-05)	(48, 0.00021876260106763805)	(50, 0.00014767623244020206)	(52, 0.00014769183911785743)	(54, 0.00013676989018526685)	(56, 2.7358481687436128e-05)	(58, 1.0945541552559396e-05)	(60, 4.3792292063933466e-05)	(62, 1.0951489501135561e-05)	(64, 6.573562741177854e-05)	(66, 4.3844219515073066e-05)	(68, 2.1934071882779054e-05)	(70, 5.486934429432619e-06)	(72, 9.88391560761426e-05)	(74, 1.648821743737816e-05)	(76, 1.6506164392153896e-05)	(78, 1.6526952401881275e-05)	(80, 7.723847301304304e-05)	(82, 1.6579681368367525e-05)	(84, 6.091698897291741e-05)	(86, 2.220642605115783e-05)	(88, 4.45379345176564e-05)	(90, 0.00018989287361087778)	(92, 0.00012332862386165577)	(94, 5.629691714703888e-06)	(96, 0.0002604592508104812)	(98, 0.00011566504305717977)	(100, 7.147870352785287e-06)
SRR20277659_2	(1, 0.11018086486680187)	(2, 0.10948165065247611)	(3, 0.11046492064137171)	(4, 0.10977663164914479)	(5, 0.10469640337318419)	(6, 0.1091211183232144)	(7, 0.10526451492232386)	(8, 0.1060948318018357)	(9, 0.11515184092177409)	(10, 0.1047018659842336)	(12, 0.1101317013673571)	(14, 0.11046492064137171)	(16, 0.10865133377296428)	(18, 0.10474556687262895)	(20, 0.10612760746813223)	(22, 0.10573429947257397)	(24, 0.10679950862721088)	(26, 0.11035566842038333)	(28, 0.10908288004586844)	(30, 0.11327270272077361)	(32, 0.10720920445591738)	(34, 0.10695246173659465)	(36, 0.007704413004655456)	(38, 0.01302508964728473)	(40, 0.006523755767207896)	(42, 0.011440831650021679)	(44, 0.026789118498531713)	(46, 0.030227409565153605)	(48, 0.04665983372818308)	(50, 0.046666448536082976)	(52, 0.055166253115859036)	(54, 0.07022653324920672)	(56, 0.06854237718277309)	(58, 0.07797774964789275)	(60, 0.0803348924886136)	(62, 0.0948894278997054)	(64, 0.10047378192875236)	(66, 0.11107473152689504)	(68, 0.11023160929808673)	(70, 0.1263840292142199)	(72, 0.11595195837972566)	(74, 0.12212996775909661)	(76, 0.12878557139036267)	(78, 0.14573366755950362)	(80, 0.16019420558523292)	(82, 0.18024043490936528)	(84, 0.17385481091536129)	(86, 0.1856964701331786)	(88, 0.19465540086109864)	(90, 0.22437635552094112)	(92, 0.23834746505966936)	(94, 0.26551166218283806)	(96, 0.31082776161587106)	(98, 0.3485172446388319)	(100, 0.4753980126139476)
SRR20277660_1	(1, 0.10163881892056173)	(2, 0.06546407944554587)	(3, 0.06596846135132593)	(4, 0.06540543038673424)	(5, 0.06526467264558632)	(6, 0.06541716019849655)	(7, 0.06522948321029934)	(8, 0.06522948321029934)	(9, 0.06522948321029934)	(10, 0.06522948321029934)	(12, 0.06522948321029934)	(14, 0.06522948321029934)	(16, 0.06524707792794282)	(18, 0.06522948321029934)	(20, 0.06652562741003645)	(22, 0.06538197076320959)	(24, 0.06554618812788215)	(26, 0.06744641763337911)	(28, 0.07442565563196356)	(30, 0.06937597166828187)	(32, 0.06608575946894919)	(34, 0.06574559492784172)	(36, 6.45575177845691e-05)	(38, 0.0)	(40, 0.0)	(42, 0.0)	(44, 0.0)	(46, 0.0)	(48, 0.0)	(50, 0.0)	(52, 0.0)	(54, 0.0)	(56, 0.0)	(58, 0.0)	(60, 0.0)	(62, 0.0)	(64, 0.0)	(66, 0.0)	(68, 0.0)	(70, 0.0)	(72, 0.0)	(74, 0.0)	(76, 0.0)	(78, 0.0)	(80, 0.0)	(82, 0.0)	(84, 0.0)	(86, 0.0)	(88, 0.0)	(90, 0.0)	(92, 0.0)	(94, 0.0)	(96, 0.0)	(98, 0.0)	(100, 0.0)
SRR20277660_2	(1, 0.08904100108782274)	(2, 0.07809708671357184)	(3, 0.07735810857254526)	(4, 0.077815571231276)	(5, 0.07924660826627986)	(6, 0.0799621267837818)	(7, 0.08500594584158232)	(8, 0.08606162890019174)	(9, 0.09096469021684435)	(10, 0.09163915439317813)	(12, 0.0931171106752313)	(14, 0.09618445645107976)	(16, 0.09790287387426064)	(18, 0.09660086476864237)	(20, 0.09804949652128972)	(22, 0.09594399530995207)	(24, 0.09319335445168643)	(26, 0.09769173726253877)	(28, 0.09548653265122131)	(30, 0.09674748741567145)	(32, 0.09843071540356534)	(34, 0.09780317047428087)	(36, 0.019258080822191506)	(38, 0.017175137210328043)	(40, 0.016976919080149196)	(42, 0.02592607487387017)	(44, 0.039105305832556364)	(46, 0.05190815468947219)	(48, 0.08108021590456217)	(50, 0.0965870707974828)	(52, 0.11155884163316034)	(54, 0.12734236093066306)	(56, 0.13643615499904435)	(58, 0.14660620657837203)	(60, 0.1601546163010608)	(62, 0.1769723687918418)	(64, 0.1951421843994717)	(66, 0.2021343440148727)	(68, 0.21074203089692287)	(70, 0.21892244072711348)	(72, 0.22631867085931892)	(74, 0.23135357177158983)	(76, 0.23281824766720163)	(78, 0.2542799434546265)	(80, 0.2738029837740554)	(82, 0.30564517759434495)	(84, 0.30858363169280256)	(86, 0.31635692091363554)	(88, 0.32314050264451616)	(90, 0.3513226750948091)	(92, 0.3834387331065717)	(94, 0.4195501416238731)	(96, 0.46534190973723455)	(98, 0.5222539729801339)	(100, 0.6577356649893414)
SRR20277661_1	(1, 0.12224086580055304)	(2, 0.06226433383123126)	(3, 0.062119841082058036)	(4, 0.061734527084262754)	(5, 0.061734527084262754)	(6, 0.061734527084262754)	(7, 0.061734527084262754)	(8, 0.061734527084262754)	(9, 0.061734527084262754)	(10, 0.061734527084262754)	(12, 0.061734527084262754)	(14, 0.061734527084262754)	(16, 0.06174054761547831)	(18, 0.06175860920912496)	(20, 0.06186095823978933)	(22, 0.06212586161327358)	(24, 0.062336580205817886)	(26, 0.06851364523297349)	(28, 0.07074124178272745)	(30, 0.0681162901727471)	(32, 0.06283628429670864)	(34, 0.06184891717735823)	(36, 0.0)	(38, 1.807361310322491e-05)	(40, 0.0)	(42, 0.0)	(44, 0.0)	(46, 0.0)	(48, 0.0)	(50, 0.0)	(52, 0.0)	(54, 0.0)	(56, 0.0)	(58, 0.0)	(60, 0.0)	(62, 0.0)	(64, 0.0)	(66, 0.0)	(68, 0.0)	(70, 0.0)	(72, 0.0)	(74, 0.0)	(76, 0.0)	(78, 0.0)	(80, 0.0)	(82, 0.0)	(84, 0.0)	(86, 0.0)	(88, 0.0)	(90, 0.0)	(92, 0.0)	(94, 0.0)	(96, 2.4911383979339494e-05)	(98, 0.0)	(100, 4.030247166192159e-05)
SRR20277661_2	(1, 0.0733300702054145)	(2, 0.0709459398440562)	(3, 0.0709700219689184)	(4, 0.07194534802583771)	(5, 0.07325782383082789)	(6, 0.0789773284856016)	(7, 0.0761356377518614)	(8, 0.0784836449259264)	(9, 0.08679197800338714)	(10, 0.07997071613616756)	(12, 0.08590093938348557)	(14, 0.08644880772410073)	(16, 0.08436570392351998)	(18, 0.08096410378673352)	(20, 0.08267393465195008)	(22, 0.08258964721493237)	(24, 0.08348068583483395)	(26, 0.08701473765836254)	(28, 0.08574440557188123)	(30, 0.08984438732967165)	(32, 0.08334221361687627)	(34, 0.08399845151937137)	(36, 0.01081476642785614)	(38, 0.01639439380418442)	(40, 0.009598701373433771)	(42, 0.019223604996016073)	(44, 0.03730130455722616)	(46, 0.0502746387776246)	(48, 0.07351362953423482)	(50, 0.08108888619135325)	(52, 0.09078036188739917)	(54, 0.11138069774076725)	(56, 0.11702858549776073)	(58, 0.13141489717342672)	(60, 0.14209569592559768)	(62, 0.16129781607541957)	(64, 0.17187158386791093)	(66, 0.18521957918397064)	(68, 0.18867552312238836)	(70, 0.20671896902237194)	(72, 0.1996172381730559)	(74, 0.208556545542571)	(76, 0.21885339143182503)	(78, 0.24144397733237072)	(80, 0.26136489159949305)	(82, 0.28474898614554034)	(84, 0.28198620486207276)	(86, 0.2935752469196784)	(88, 0.304947503688123)	(90, 0.3375692524402801)	(92, 0.3547110729051578)	(94, 0.3902952741742045)	(96, 0.4387505274433707)	(98, 0.48137952860786737)	(100, 0.6270108189211085)
SRR20277662_1	(1, 0.10143331923985846)	(2, 0.06084597980417893)	(3, 0.06117292039802215)	(4, 0.06089268560329939)	(5, 0.06104447945044089)	(6, 0.06111453814912158)	(7, 0.060799274005058475)	(8, 0.06078759755527836)	(9, 0.06078759755527836)	(10, 0.060875170928629214)	(12, 0.06078759755527836)	(14, 0.06080511222994853)	(16, 0.060799274005058475)	(18, 0.060834303354398815)	(20, 0.06248652099828508)	(22, 0.06128384667093324)	(24, 0.06128384667093324)	(26, 0.06356075437805565)	(28, 0.07077096211727663)	(30, 0.06563332421402605)	(32, 0.06276091756811779)	(34, 0.06186183093504893)	(36, 0.0004322994016859443)	(38, 0.000560835195773546)	(40, 0.00012853046908246305)	(42, 8.763920318903869e-05)	(44, 0.0001577594511934327)	(46, 0.0001519272053650872)	(48, 0.0004032277387023477)	(50, 0.000303914737421758)	(52, 0.0004033290192715867)	(54, 0.00021631492787563364)	(56, 0.00011110270369014181)	(58, 0.0002398037352648647)	(60, 0.00012286131362263428)	(62, 0.0001814316313524628)	(64, 0.00013466540448100892)	(66, 0.00022845222504559235)	(68, 0.00011721946290862632)	(70, 0.00018767379619869074)	(72, 0.00018782183197541084)	(74, 0.0001762497576565832)	(76, 5.881558584793489e-05)	(78, 0.00011779116592169644)	(80, 8.847486844819269e-05)	(82, 6.499030669575633e-05)	(84, 0.0)	(86, 7.71102357847132e-05)	(88, 0.00013080651611470874)	(90, 5.3663189431118325e-05)	(92, 1.7945767173770178e-05)	(94, 3.602618887774278e-05)	(96, 1.8107012079248115e-05)	(98, 0.0)	(100, 1.5609324823337565e-05)
SRR20277662_2	(1, 0.08395367391902639)	(2, 0.07914297660961904)	(3, 0.07616548191568973)	(4, 0.076293922863271)	(5, 0.07467089634383502)	(6, 0.07345654556670307)	(7, 0.07608374676722893)	(8, 0.07665589280645456)	(9, 0.08054415058323283)	(10, 0.08018218064004927)	(12, 0.07915465305939916)	(14, 0.08145491366608179)	(16, 0.08369679202386386)	(18, 0.0825524999454126)	(20, 0.082896955213926)	(22, 0.08040987141076152)	(24, 0.07896782986291731)	(26, 0.08266926444321375)	(28, 0.08134398739317071)	(30, 0.08165341331234374)	(32, 0.08473015782940403)	(34, 0.08366176267452352)	(36, 0.012689725120222293)	(38, 0.011223682261703435)	(40, 0.011148384708319282)	(42, 0.016735670140876478)	(44, 0.02622796001054261)	(46, 0.0355295160329352)	(48, 0.046856570611086605)	(50, 0.05613010491787063)	(52, 0.06685910440726867)	(54, 0.07729958064524241)	(56, 0.08126018750389015)	(58, 0.0869639148905195)	(60, 0.09526852689255032)	(62, 0.10720470295344038)	(64, 0.1214062172121491)	(66, 0.12415717103346324)	(68, 0.13215824411747734)	(70, 0.1372371960513012)	(72, 0.14358667617607074)	(74, 0.14635040837072835)	(76, 0.14584729579759895)	(78, 0.16545526931029633)	(80, 0.18363684431078828)	(82, 0.21606044582825742)	(84, 0.21684462715398137)	(86, 0.22377982459338372)	(88, 0.22915232034134875)	(90, 0.2554420072022826)	(92, 0.2836432209593629)	(94, 0.3126038557882914)	(96, 0.3510362637157438)	(98, 0.4035956355288443)	(100, 0.5104009244570087)
SRR20277663_1	(1, 0.11673685946955162)	(2, 0.05963873478571146)	(3, 0.05980572324311145)	(4, 0.05967451802658289)	(5, 0.059626807038754316)	(6, 0.05975801225528289)	(7, 0.059734156761368604)	(8, 0.05978186774919718)	(9, 0.059710301267454316)	(10, 0.05975801225528289)	(12, 0.059626807038754316)	(14, 0.059656626406147176)	(16, 0.05979379549615431)	(18, 0.05971626514093289)	(20, 0.05990710909224717)	(22, 0.05999060332094716)	(24, 0.060270905374440006)	(26, 0.06446947230335409)	(28, 0.06535212557818262)	(30, 0.06420706187029696)	(32, 0.060849401101861406)	(34, 0.05975204838180432)	(36, 0.00010741578274417965)	(38, 0.00045354491601511853)	(40, 2.3871891969185208e-05)	(42, 6.565111944707911e-05)	(44, 0.0002566492447588643)	(46, 1.790702137292536e-05)	(48, 5.9695098924927085e-05)	(50, 6.567198289328429e-05)	(52, 5.970981269867694e-05)	(54, 5.971968297447975e-05)	(56, 5.9731871989103e-06)	(58, 0.0)	(60, 5.3785948062495684e-05)	(62, 5.978364061327493e-06)	(64, 3.5885193219038194e-05)	(66, 5.983681304346785e-06)	(68, 2.9935086363921562e-05)	(70, 0.0)	(72, 2.398323811488151e-05)	(74, 1.800481232623856e-05)	(76, 3.0042256235931214e-05)	(78, 2.406725111980407e-05)	(80, 6.628573659904277e-05)	(82, 3.018075252688351e-05)	(84, 5.442657700553319e-05)	(86, 7.272085125574063e-05)	(88, 6.0747901433371035e-05)	(90, 0.0001157521848072577)	(92, 0.0001161330505799165)	(94, 0.0)	(96, 0.0002898732174724474)	(98, 7.544033581008148e-05)	(100, 7.980596297386387e-06)
SRR20277663_2	(1, 0.07904517908498197)	(2, 0.07884240738671056)	(3, 0.07956999995109623)	(4, 0.07879469639888198)	(5, 0.0737254039420965)	(6, 0.07832951426755344)	(7, 0.07444106875952505)	(8, 0.07545492725088215)	(9, 0.08438880972178173)	(10, 0.07435757453082506)	(12, 0.07983241038415337)	(14, 0.08007692919677478)	(16, 0.07852632209234629)	(18, 0.07441124939213219)	(20, 0.075484746618275)	(22, 0.07541318013653214)	(24, 0.07628986953788211)	(26, 0.08002325433546764)	(28, 0.07857999695365343)	(30, 0.0825757921842961)	(32, 0.07685643751834637)	(34, 0.07686240139182493)	(36, 0.007716590000087132)	(38, 0.01275989025778201)	(40, 0.006475796011112585)	(42, 0.011639704236906065)	(44, 0.02719792646256163)	(46, 0.030580804222610822)	(48, 0.04602698669474942)	(50, 0.046100414933596054)	(52, 0.054028788473858454)	(54, 0.06901150444661479)	(56, 0.06822605154739039)	(58, 0.07718834763795467)	(60, 0.08009100979312014)	(62, 0.09436109599808813)	(64, 0.10051463252460797)	(66, 0.11103059601568835)	(68, 0.110308798133162)	(70, 0.12645086207149797)	(72, 0.1161295447721845)	(74, 0.12203025723351198)	(76, 0.12929664656741818)	(78, 0.1460800996847035)	(80, 0.16127768597762895)	(82, 0.18123757039064953)	(84, 0.1745007792818476)	(86, 0.18701633810253607)	(88, 0.19605554822058519)	(90, 0.2267094317503604)	(92, 0.23969193114889822)	(94, 0.2667131516551859)	(96, 0.31057170165306847)	(98, 0.3472104116848903)	(100, 0.4639773333639222)
SRR20277664_1	(1, 0.08524302232318254)	(2, 0.04891163525089509)	(3, 0.04932751122374163)	(4, 0.048900083140538245)	(5, 0.04880766625768345)	(6, 0.04886542680946769)	(7, 0.04868059304375812)	(8, 0.04868059304375812)	(9, 0.04868059304375812)	(10, 0.04868059304375812)	(12, 0.04868059304375812)	(14, 0.04868059304375812)	(16, 0.04868059304375812)	(18, 0.04868059304375812)	(20, 0.04990511674158402)	(22, 0.04894051552678721)	(24, 0.048992500023393025)	(26, 0.051083431997982535)	(28, 0.058026250322448285)	(30, 0.05319169213810732)	(32, 0.04964519425855494)	(34, 0.04914845351321047)	(36, 8.668437300932949e-05)	(38, 0.0)	(40, 0.0)	(42, 0.0)	(44, 0.0)	(46, 0.0)	(48, 0.0)	(50, 0.0)	(52, 0.0)	(54, 0.0)	(56, 0.0)	(58, 0.0)	(60, 0.0)	(62, 0.0)	(64, 0.0)	(66, 0.0)	(68, 0.0)	(70, 0.0)	(72, 0.0)	(74, 0.0)	(76, 0.0)	(78, 0.0)	(80, 0.0)	(82, 0.0)	(84, 0.0)	(86, 0.0)	(88, 0.0)	(90, 0.0)	(92, 0.0)	(94, 0.0)	(96, 0.0)	(98, 0.0)	(100, 0.0)
SRR20277664_2	(1, 0.07330969232455839)	(2, 0.06301676199660668)	(3, 0.062138801609486226)	(4, 0.06269330290661493)	(5, 0.06410266037015042)	(6, 0.06498062075727086)	(7, 0.07005199720392721)	(8, 0.07104547869461615)	(9, 0.07585115660306498)	(10, 0.07664247616250908)	(12, 0.07855435042656746)	(14, 0.08119400764310726)	(16, 0.08238965106504104)	(18, 0.08152324278827743)	(20, 0.08288061575520708)	(22, 0.0808936527738292)	(24, 0.07838684482639316)	(26, 0.08236654684432734)	(28, 0.0803680317525926)	(30, 0.08184670187826917)	(32, 0.08336580439019471)	(34, 0.08251094822378795)	(36, 0.01903851565698282)	(38, 0.016998900475743792)	(40, 0.01704606738728353)	(42, 0.02562057637510004)	(44, 0.03871309486043773)	(46, 0.05097304153507786)	(48, 0.07952399883912313)	(50, 0.09518045268619264)	(52, 0.11043158405792851)	(54, 0.1262463017079422)	(56, 0.13655067597157908)	(58, 0.14623853727412015)	(60, 0.15983806135218678)	(62, 0.1770863767579028)	(64, 0.19474263885467366)	(66, 0.20267596572114918)	(68, 0.2112031453815623)	(70, 0.21946818385529943)	(72, 0.22705237510548637)	(74, 0.23395948887667412)	(76, 0.23449620404458718)	(78, 0.25708671922830534)	(80, 0.2772374050181082)	(82, 0.30997473311752816)	(84, 0.31378609434376203)	(86, 0.32125269177712285)	(88, 0.3282829714190705)	(90, 0.35645604672226516)	(92, 0.38858797798253086)	(94, 0.4245246760712125)	(96, 0.47087007120807944)	(98, 0.5295255610275069)	(100, 0.6781222638040015)
SRR20277665_1	(1, 0.10716686076749325)	(2, 0.04687070280363519)	(3, 0.04675231254649037)	(4, 0.04632610762076901)	(5, 0.04632610762076901)	(6, 0.04632610762076901)	(7, 0.04632610762076901)	(8, 0.04632610762076901)	(9, 0.04632610762076901)	(10, 0.04632610762076901)	(12, 0.04632610762076901)	(14, 0.04632610762076901)	(16, 0.04636162469791246)	(18, 0.0463379466464835)	(20, 0.04650961251934349)	(22, 0.04671679546934693)	(24, 0.047024610137923466)	(26, 0.053275615715170095)	(28, 0.05509882567520035)	(30, 0.05255935465944392)	(32, 0.047338344319357246)	(34, 0.04639122226219867)	(36, 0.0)	(38, 2.3689839356830337e-05)	(40, 0.0)	(42, 0.0)	(44, 1.1846493375766684e-05)	(46, 0.0)	(48, 0.0)	(50, 0.0)	(52, 0.0)	(54, 0.0)	(56, 0.0)	(58, 0.0)	(60, 0.0)	(62, 0.0)	(64, 0.0)	(66, 0.0)	(68, 0.0)	(70, 0.0)	(72, 0.0)	(74, 0.0)	(76, 0.0)	(78, 0.0)	(80, 0.0)	(82, 0.0)	(84, 0.0)	(86, 0.0)	(88, 0.0)	(90, 0.0)	(92, 0.0)	(94, 1.2213035644660507e-05)	(96, 3.069235821665122e-05)	(98, 0.0)	(100, 3.908051672884507e-05)
SRR20277665_2	(1, 0.05988179206385118)	(2, 0.056910196609516135)	(3, 0.05692203563523062)	(4, 0.05807042112953539)	(5, 0.059514782266702225)	(6, 0.06525670973822612)	(7, 0.06248637772103727)	(8, 0.06483050481250477)	(9, 0.07329540819835957)	(10, 0.06648796841253228)	(12, 0.07232460808977201)	(14, 0.07324805209550163)	(16, 0.07130645187832654)	(18, 0.06763635390683705)	(20, 0.06878473940114183)	(22, 0.06928789799400732)	(24, 0.06993904440830385)	(26, 0.07328356917264509)	(28, 0.07215886172976926)	(30, 0.0766991280912732)	(32, 0.0700337566140197)	(34, 0.07040076641116866)	(36, 0.0114787516638415)	(38, 0.016833600862411077)	(40, 0.010170639277693875)	(42, 0.018696532936496063)	(44, 0.03680578843900086)	(46, 0.04910295549302425)	(48, 0.07293815897946322)	(50, 0.07993578104946955)	(52, 0.08993871146430397)	(54, 0.11067780115040621)	(56, 0.11620643074570143)	(58, 0.1300847978406873)	(60, 0.14028544516984728)	(62, 0.15895664661052467)	(64, 0.17061172985210202)	(66, 0.18346319276385487)	(68, 0.18744773818636784)	(70, 0.20542955073087907)	(72, 0.19838317621962823)	(74, 0.20675011309071248)	(76, 0.21669040144521615)	(78, 0.23934670766470206)	(80, 0.25973904525444375)	(82, 0.28191288720601415)	(84, 0.27931647674659177)	(86, 0.2912300900548632)	(88, 0.3020473598254076)	(90, 0.3343613639063713)	(92, 0.3520582963894895)	(94, 0.3880761845875361)	(96, 0.43694043166203916)	(98, 0.4799272295451966)	(100, 0.6350697206194406)
SRR20277666_1	(1, 0.08516117264631841)	(2, 0.044465291408632014)	(3, 0.044820463795560025)	(4, 0.04444237706108828)	(5, 0.044476748582403886)	(6, 0.04468297771029757)	(7, 0.044327805323369565)	(8, 0.04430489097582582)	(9, 0.04430489097582582)	(10, 0.04442519130043047)	(12, 0.044310619562711755)	(14, 0.044310619562711755)	(16, 0.04432207673648363)	(18, 0.04436217684468518)	(20, 0.04608075291046586)	(22, 0.04478609227424441)	(24, 0.04479182086113035)	(26, 0.04715772724502174)	(28, 0.054140874658977226)	(30, 0.04927730439281791)	(32, 0.046292710625245474)	(34, 0.0455250799825301)	(36, 0.0005330019322179724)	(38, 0.0005444764157174867)	(40, 0.00011463000386475057)	(42, 0.00016622016491333051)	(44, 0.0001261048721362515)	(46, 0.0001949027429580206)	(48, 0.000332509893602567)	(50, 0.0002694769481104936)	(52, 0.00041287315561820015)	(54, 0.00026382488267822176)	(56, 9.752185493451982e-05)	(58, 0.00024099966661712783)	(60, 0.00014923631472859683)	(62, 0.0001435523216343742)	(64, 0.00017234909285778464)	(66, 0.00026442571620567494)	(68, 0.00010353955133206221)	(70, 0.00015542747564019712)	(72, 0.0002247115395252617)	(74, 0.0002480164023052144)	(76, 9.239795800512808e-05)	(78, 9.83113862801834e-05)	(80, 6.371673255266435e-05)	(82, 4.0623376153080025e-05)	(84, 2.326305390276404e-05)	(86, 8.744907548837394e-05)	(88, 0.00011691852573455671)	(90, 3.5184503431134136e-05)	(92, 1.7653393276410947e-05)	(94, 2.9535171338549913e-05)	(96, 4.7499493091347166e-05)	(98, 0.0)	(100, 2.2667293694382014e-05)
SRR20277666_2	(1, 0.06778064003438986)	(2, 0.06319777052564139)	(3, 0.05998976186951746)	(4, 0.06044804882039231)	(5, 0.05817952841356181)	(6, 0.057091096905234055)	(7, 0.05970333252522068)	(8, 0.05995539034820184)	(9, 0.06424037333888166)	(10, 0.06366751465028811)	(12, 0.06257908314196034)	(14, 0.0648246892012471)	(16, 0.06706456667364791)	(18, 0.06590739212268892)	(20, 0.06649743657194028)	(22, 0.06401122986344424)	(24, 0.062315568145207306)	(26, 0.06631412179159034)	(28, 0.0648418749619049)	(30, 0.06546629093247187)	(32, 0.06826184133280844)	(34, 0.0674483819950056)	(36, 0.012827591495891475)	(38, 0.011205873505577831)	(40, 0.010902591876262116)	(42, 0.016200227009550452)	(44, 0.025861898950205266)	(46, 0.03502119275256255)	(48, 0.04699314949406814)	(50, 0.05582148457849044)	(52, 0.06638698051097841)	(54, 0.07680124919934153)	(56, 0.08027438828081161)	(58, 0.08610703218910483)	(60, 0.09418100255306833)	(62, 0.10710751793206429)	(64, 0.12079329379084533)	(66, 0.12445662739161592)	(68, 0.13250682562958152)	(70, 0.1382958484001025)	(72, 0.14442994879401397)	(74, 0.14723181846330058)	(76, 0.14709393694451886)	(78, 0.16661558611232383)	(80, 0.18388687890427025)	(82, 0.2161489192641156)	(84, 0.21614702560948792)	(86, 0.22326367074273884)	(88, 0.22811256728293938)	(90, 0.2543666818382835)	(92, 0.28222040319758307)	(94, 0.31077004223151766)	(96, 0.34904399934150715)	(98, 0.40395031656991637)	(100, 0.5185794007516956)
SRR20277667_1	(1, 0.10041532667537244)	(2, 0.04307688926644324)	(3, 0.04326392596339387)	(4, 0.04306519947288383)	(5, 0.04305350967932442)	(6, 0.043182097408477976)	(7, 0.04315871782135915)	(8, 0.043182097408477976)	(9, 0.0431236484406809)	(10, 0.04319378720203739)	(12, 0.04305350967932442)	(14, 0.04307688926644324)	(16, 0.043182097408477976)	(18, 0.043205476995596806)	(20, 0.043345754518309784)	(22, 0.04343342797000539)	(24, 0.04374320749932988)	(26, 0.04792815359360035)	(28, 0.04873474934919997)	(30, 0.047635908754614986)	(32, 0.04449719918391213)	(34, 0.04323470147949534)	(36, 0.00014034001110089486)	(38, 0.0005028961261619021)	(40, 5.2630283195951725e-05)	(42, 0.0001403531589577889)	(44, 0.0002573283156651127)	(46, 4.0941392338379903e-05)	(48, 0.00014623214739451748)	(50, 0.00011114916832634801)	(52, 0.00010531416443917457)	(54, 7.607380516726056e-05)	(56, 3.5118771685841514e-05)	(58, 0.0)	(60, 4.685183762277524e-05)	(62, 0.0)	(64, 5.275560707108021e-05)	(66, 3.5190745866099095e-05)	(68, 6.456046938982726e-05)	(70, 0.0)	(72, 7.054882754903496e-05)	(74, 1.765577142744146e-05)	(76, 2.356982708585604e-05)	(78, 2.3602948834412626e-05)	(80, 2.3641662377675085e-05)	(82, 1.7764606177629954e-05)	(84, 3.5605335506999504e-05)	(86, 7.733471726784297e-05)	(88, 2.982610545389427e-05)	(90, 0.00011967549510799488)	(92, 0.00010207531729361827)	(94, 6.027791857694925e-06)	(96, 0.00024237211038668105)	(98, 8.651615985912203e-05)	(100, 4.6281290587727654e-05)
SRR20277667_2	(1, 0.06494849301610818)	(2, 0.06380289324728554)	(3, 0.06476145631915756)	(4, 0.06394317076999852)	(5, 0.05878797181029662)	(6, 0.06339375047270603)	(7, 0.0591620452041979)	(8, 0.06061157960556532)	(9, 0.06974130837546823)	(10, 0.059395841075386195)	(12, 0.06506539095170233)	(14, 0.06494264811932848)	(16, 0.06369768510525081)	(18, 0.059179579894537024)	(20, 0.060623269399124734)	(22, 0.06044792249573352)	(24, 0.06138310598048669)	(26, 0.06517059909373706)	(28, 0.06354571778897841)	(30, 0.06800537403189513)	(32, 0.06231828946523987)	(34, 0.061967595658457435)	(36, 0.007655024032038585)	(38, 0.0133337559588146)	(40, 0.006708116235805198)	(42, 0.012177476721542518)	(44, 0.02708938350038356)	(46, 0.03068528759515218)	(48, 0.046160223076343355)	(50, 0.04702811129346501)	(52, 0.0552837575676411)	(54, 0.0702644911877837)	(56, 0.06868215521780599)	(58, 0.07856727682585156)	(60, 0.08064228338256231)	(62, 0.09485915663462154)	(64, 0.10026981642734568)	(66, 0.11074624127433183)	(68, 0.1098887997701092)	(70, 0.12570795950967079)	(72, 0.11539687648375083)	(74, 0.1213689860987194)	(76, 0.12878169450764942)	(78, 0.1459916599983383)	(80, 0.1601982947789398)	(82, 0.18141202343564578)	(84, 0.17395082530728542)	(86, 0.18595569259580216)	(88, 0.1951894930332921)	(90, 0.22695040558086943)	(92, 0.2406082025315969)	(94, 0.2679009844720015)	(96, 0.3123150949504873)	(98, 0.3506066970401893)	(100, 0.47507641586679245)
SRR20277668_1	(1, 0.24666057474274092)	(2, 0.2102003209838279)	(3, 0.21064563706027264)	(4, 0.2101446564742723)	(5, 0.20996653004369442)	(6, 0.21016692227809455)	(7, 0.20992199843604992)	(8, 0.20992199843604992)	(9, 0.20992199843604992)	(10, 0.20992199843604992)	(12, 0.20992199843604992)	(14, 0.20992199843604992)	(16, 0.20992199843604992)	(18, 0.20992199843604992)	(20, 0.2110464215290729)	(22, 0.21012795712140564)	(24, 0.2102281532386057)	(26, 0.2124157684641405)	(28, 0.21933486700190058)	(30, 0.2142860959852084)	(32, 0.21084602929467275)	(34, 0.2103951467672725)	(36, 7.251797874096405e-05)	(38, 0.0)	(40, 0.0)	(42, 0.0)	(44, 0.0)	(46, 0.0)	(48, 0.0)	(50, 0.0)	(52, 0.0)	(54, 0.0)	(56, 0.0)	(58, 0.0)	(60, 0.0)	(62, 0.0)	(64, 0.0)	(66, 0.0)	(68, 0.0)	(70, 0.0)	(72, 0.0)	(74, 0.0)	(76, 0.0)	(78, 0.0)	(80, 0.0)	(82, 0.0)	(84, 0.0)	(86, 0.0)	(88, 0.0)	(90, 0.0)	(92, 0.0)	(94, 0.0)	(96, 0.0)	(98, 0.0)	(100, 0.0)
SRR20277668_2	(1, 0.22697760416388346)	(2, 0.2161007589967207)	(3, 0.21545505068587584)	(4, 0.2159226325661428)	(5, 0.21752577044134386)	(6, 0.21824940906556653)	(7, 0.22299202527970302)	(8, 0.22446156833197065)	(9, 0.22850281172570666)	(10, 0.22949363999579622)	(12, 0.23102998045953058)	(14, 0.2339189685054658)	(16, 0.2356056031450003)	(18, 0.23430862007235495)	(20, 0.23598412180997827)	(22, 0.2332398614888876)	(24, 0.23107451206717503)	(26, 0.23528831544053336)	(28, 0.23282237766722064)	(30, 0.23399133236788808)	(32, 0.23607875147622281)	(34, 0.2351881193233333)	(36, 0.018448539731415595)	(38, 0.016798115219114704)	(40, 0.016475871830549705)	(42, 0.024234188754253885)	(44, 0.03610846312614349)	(46, 0.04781045957769381)	(48, 0.07522403059657742)	(50, 0.0907232832077653)	(52, 0.10471620678962121)	(54, 0.11833295818760578)	(56, 0.1277550787451247)	(58, 0.1371889864272327)	(60, 0.15066421056082985)	(62, 0.16707364307883113)	(64, 0.18407200351279285)	(66, 0.19106446154471624)	(68, 0.1994813372972906)	(70, 0.2069346277840009)	(72, 0.21380053601458388)	(74, 0.2208151904897879)	(76, 0.22133252608031923)	(78, 0.2430071287028187)	(80, 0.26142914068171214)	(82, 0.2945308551536937)	(84, 0.29703598334193326)	(86, 0.30431635055694617)	(88, 0.311394888735834)	(90, 0.33803153691376764)	(92, 0.36897511554707496)	(94, 0.4026175922809314)	(96, 0.4467887468183846)	(98, 0.5041436948243616)	(100, 0.6613441576034105)
SRR20277669_1	(1, 0.25682630243862653)	(2, 0.19483413726059873)	(3, 0.19474352199996942)	(4, 0.19442636858776682)	(5, 0.19442636858776682)	(6, 0.19442636858776682)	(7, 0.19442636858776682)	(8, 0.19442636858776682)	(9, 0.19442636858776682)	(10, 0.19442636858776682)	(12, 0.19442636858776682)	(14, 0.19442636858776682)	(16, 0.1944773396718708)	(18, 0.19443769549534548)	(20, 0.19464157983176145)	(22, 0.1947378585461801)	(24, 0.19513996376522266)	(26, 0.20106959988265322)	(28, 0.20354452918859134)	(30, 0.20072979265529334)	(32, 0.1956496746062625)	(34, 0.19449999348702815)	(36, 0.0)	(38, 3.9723758711987766e-05)	(40, 0.0)	(42, 0.0)	(44, 5.675906853827803e-06)	(46, 0.0)	(48, 0.0)	(50, 0.0)	(52, 0.0)	(54, 0.0)	(56, 0.0)	(58, 0.0)	(60, 0.0)	(62, 0.0)	(64, 0.0)	(66, 0.0)	(68, 0.0)	(70, 0.0)	(72, 0.0)	(74, 0.0)	(76, 0.0)	(78, 0.0)	(80, 0.0)	(82, 0.0)	(84, 0.0)	(86, 0.0)	(88, 0.0)	(90, 0.0)	(92, 0.0)	(94, 1.7716770145399762e-05)	(96, 2.9722481782050626e-05)	(98, 0.0)	(100, 1.5362308131492448e-05)
SRR20277669_2	(1, 0.19737136455821946)	(2, 0.19475484890754807)	(3, 0.19476617581512676)	(4, 0.1957969244047852)	(5, 0.19668042319592097)	(6, 0.20258174204440485)	(7, 0.1994555155526936)	(8, 0.20169824325326907)	(9, 0.2113714223254481)	(10, 0.20337462557491137)	(12, 0.2098139725333818)	(14, 0.21040297172747235)	(16, 0.20844341671636346)	(18, 0.20416750910541784)	(20, 0.20580424725053478)	(22, 0.20606476612484406)	(24, 0.2068859669242972)	(26, 0.210465269719155)	(28, 0.20922497333929127)	(30, 0.2142031492201141)	(32, 0.2073503701350224)	(34, 0.207735484992697)	(36, 0.010537832350294117)	(38, 0.016082642765233933)	(40, 0.009114556582497576)	(42, 0.017771654727228938)	(44, 0.03477146800369253)	(46, 0.04660082287048236)	(48, 0.06973048808558802)	(50, 0.07609819621257527)	(52, 0.08559698355866277)	(54, 0.10516053394108668)	(56, 0.11006489035189719)	(58, 0.12380632899273562)	(60, 0.1331167236393115)	(62, 0.15119084359957338)	(64, 0.16281252872814445)	(66, 0.1756252564291307)	(68, 0.1788452441129679)	(70, 0.19670400912934288)	(72, 0.18874129860101313)	(74, 0.19808567791444104)	(76, 0.2064314747824059)	(78, 0.2288452016882336)	(80, 0.24765309483686915)	(82, 0.27059182974506)	(84, 0.2669409488052489)	(86, 0.2781670010417539)	(88, 0.28882070126514986)	(90, 0.3193848485602138)	(92, 0.3364706342882302)	(94, 0.3697910057242487)	(96, 0.41791941468202337)	(98, 0.4607636822036786)	(100, 0.6260866317853989)
SRR20277670_1	(1, 0.22885092255940037)	(2, 0.1876959788643498)	(3, 0.1879156476324045)	(4, 0.18761909479553068)	(5, 0.18765204511073885)	(6, 0.18804744889323735)	(7, 0.18750926041150331)	(8, 0.1874982769731006)	(9, 0.1874982769731006)	(10, 0.18760261963792654)	(12, 0.1874982769731006)	(14, 0.18751475213070468)	(16, 0.18750376869230193)	(18, 0.18755868588431562)	(20, 0.18934898634396152)	(22, 0.18794859794761273)	(24, 0.18808589092764694)	(26, 0.19034298751940912)	(28, 0.1974273052891736)	(30, 0.19260557583037266)	(32, 0.1897169315304532)	(34, 0.1886185876901796)	(36, 0.0004511763874086574)	(38, 0.0005832469467572571)	(40, 0.00012105685495721492)	(42, 0.00011556127174189027)	(44, 0.00014858924418595054)	(46, 0.00017061855942457295)	(48, 0.0003908177641535892)	(50, 0.0002532431362026368)	(52, 0.00036892580863443874)	(54, 0.00022581476998232146)	(56, 6.060305883471667e-05)	(58, 0.00023699143016942792)	(60, 0.00010476219725585901)	(62, 0.00017102227294779618)	(64, 0.0001545749236524089)	(66, 0.00030386993836246923)	(68, 0.00010507011411665095)	(70, 0.0001494634842163516)	(72, 0.0001884344895858354)	(74, 0.00019979562018031222)	(76, 9.449913844579601e-05)	(78, 6.682875982361885e-05)	(80, 6.138690542526867e-05)	(82, 2.797022535946215e-05)	(84, 5.60938476997063e-06)	(86, 5.064277213132751e-05)	(88, 0.00013552501373884825)	(90, 8.503500664463542e-05)	(92, 5.693554020041993e-06)	(94, 8.582573656362334e-05)	(96, 1.7275834671874602e-05)	(98, 0.0)	(100, 1.4869324657578039e-05)
SRR20277670_2	(1, 0.2030508257513743)	(2, 0.19864646695187727)	(3, 0.19571388889834687)	(4, 0.1959445411048043)	(5, 0.193670969355438)	(6, 0.19239689050072067)	(7, 0.19472537944210064)	(8, 0.1952965182390429)	(9, 0.1997228439153454)	(10, 0.1987947433703142)	(12, 0.1978446759484776)	(14, 0.20023906552027396)	(16, 0.2024467366392238)	(18, 0.20115618262690238)	(20, 0.20182617236946926)	(22, 0.19921760574881953)	(24, 0.19758107342681192)	(26, 0.20140880171016529)	(28, 0.1998711203337823)	(30, 0.200568568672356)	(32, 0.20327049451942897)	(34, 0.20234788569359918)	(36, 0.01288064407842238)	(38, 0.011263439919479886)	(40, 0.011231133030927326)	(42, 0.016031033174497878)	(44, 0.024684978939887754)	(46, 0.033435031094193594)	(48, 0.04445667882458193)	(50, 0.05295640108364314)	(52, 0.06362670336511565)	(54, 0.0733769407991492)	(56, 0.07698128438332502)	(58, 0.08245789696583386)	(60, 0.0901502384472428)	(62, 0.10227625227980351)	(64, 0.1164440657346245)	(66, 0.11900532702617443)	(68, 0.12732706699186014)	(70, 0.13281080205597878)	(72, 0.13858199448532468)	(74, 0.14202660970059616)	(76, 0.14145320624302243)	(78, 0.15985682567869106)	(80, 0.1768984164485554)	(82, 0.2086803156203754)	(84, 0.20889357422408453)	(86, 0.21536768466376613)	(88, 0.22100290923744847)	(90, 0.24594358293599486)	(92, 0.27287799974842614)	(94, 0.300237430560656)	(96, 0.3369096415205632)	(98, 0.38923165669787935)	(100, 0.5131970119623508)
SRR20277671_1	(1, 0.24397867690757027)	(2, 0.18468327265913953)	(3, 0.18476152828314762)	(4, 0.1846497345345646)	(5, 0.18461619640998972)	(6, 0.18479506640772253)	(7, 0.18482860453229744)	(8, 0.18478388703286425)	(9, 0.1847503489082893)	(10, 0.18468886234656867)	(12, 0.18461619640998972)	(14, 0.18465532422199377)	(16, 0.18478388703286425)	(18, 0.18472240047114358)	(20, 0.18490686015630553)	(22, 0.1849348085934513)	(24, 0.18517516515290477)	(26, 0.1895407110350715)	(28, 0.19045183008602307)	(30, 0.18940655853677185)	(32, 0.18603038732956484)	(34, 0.18478388703286425)	(36, 0.00013440358158664213)	(38, 0.0005880366135117037)	(40, 1.6801862856138584e-05)	(42, 8.401443838532315e-05)	(44, 0.0002464601461340626)	(46, 2.8009649436269393e-05)	(48, 0.00011765477064883244)	(50, 8.405225562353017e-05)	(52, 7.285947139780951e-05)	(54, 6.727091646196687e-05)	(56, 2.2430569816101852e-05)	(58, 1.1219576995020304e-05)	(60, 2.2449056216421473e-05)	(62, 0.0)	(64, 2.8095681980255594e-05)	(66, 2.811822702206606e-05)	(68, 1.6886030271586467e-05)	(70, 0.0)	(72, 4.512968098449045e-05)	(74, 5.649140471978907e-06)	(76, 1.6974551074047747e-05)	(78, 4.5349160190239724e-05)	(80, 9.656845143910568e-05)	(82, 5.694263706932647e-06)	(84, 6.281067731265773e-05)	(86, 4.0097234648387064e-05)	(88, 4.5987207968295504e-05)	(90, 0.00010388098194306145)	(92, 0.00011592784882544802)	(94, 1.1650519822893459e-05)	(96, 0.00025210521042254535)	(98, 8.390571514788831e-05)	(100, 3.029243712956136e-05)
SRR20277671_2	(1, 0.19627628438719807)	(2, 0.19525896127509265)	(3, 0.19637689876092282)	(4, 0.19585146814258264)	(5, 0.19060834133403928)	(6, 0.19439814941100345)	(7, 0.19065305883347247)	(8, 0.19152505007242)	(9, 0.20053562620821092)	(10, 0.19018352508942382)	(12, 0.19580116095572028)	(14, 0.1957396743939996)	(16, 0.19411307535211678)	(18, 0.18995434790482862)	(20, 0.1912511553883916)	(22, 0.1913741285118329)	(24, 0.1922964269376428)	(26, 0.19579557126829114)	(28, 0.19456584003387797)	(30, 0.19871338810630781)	(32, 0.1931348800520154)	(34, 0.19261503912110436)	(36, 0.00752084205654878)	(38, 0.01270134046743957)	(40, 0.0062334174573996605)	(42, 0.011342374185764564)	(44, 0.026446527289751928)	(46, 0.030249623546544528)	(48, 0.045340759257940275)	(50, 0.045154158910466466)	(52, 0.052687969432680413)	(54, 0.06808892249532499)	(56, 0.06623026603677516)	(58, 0.07542047334764489)	(60, 0.07705154655265913)	(62, 0.09081852619288985)	(64, 0.09633273417449419)	(66, 0.10669082854359116)	(68, 0.10540837708598343)	(70, 0.12185151631869098)	(72, 0.11136958921842167)	(74, 0.11650014775104825)	(76, 0.12336294670329093)	(78, 0.13959846576053242)	(80, 0.15397278823682667)	(82, 0.17439247640391498)	(84, 0.16739228828404146)	(86, 0.17914209834156683)	(88, 0.1874064584024039)	(90, 0.2171003914787952)	(92, 0.2291694708555662)	(94, 0.2555566672144725)	(96, 0.2981633680582833)	(98, 0.33557724223007956)	(100, 0.46672064188688483)
SRR20277672_1	(1, 0.12321586491897431)	(2, 0.08788698861213079)	(3, 0.08824468901348256)	(4, 0.08785121857199561)	(5, 0.087660445024608)	(6, 0.08780352518514871)	(7, 0.0876127516377611)	(8, 0.0876127516377611)	(9, 0.0876127516377611)	(10, 0.0876127516377611)	(12, 0.0876127516377611)	(14, 0.0876127516377611)	(16, 0.0876127516377611)	(18, 0.0876127516377611)	(20, 0.08882893300235713)	(22, 0.08774987012494594)	(24, 0.08792872032562182)	(26, 0.08976491571922761)	(28, 0.09643602820443818)	(30, 0.09163688115296854)	(32, 0.08843546256087018)	(34, 0.08806583881280668)	(36, 3.5801793395368696e-05)	(38, 0.0)	(40, 0.0)	(42, 0.0)	(44, 0.0)	(46, 0.0)	(48, 0.0)	(50, 0.0)	(52, 0.0)	(54, 0.0)	(56, 0.0)	(58, 0.0)	(60, 0.0)	(62, 0.0)	(64, 0.0)	(66, 0.0)	(68, 0.0)	(70, 0.0)	(72, 0.0)	(74, 0.0)	(76, 0.0)	(78, 0.0)	(80, 0.0)	(82, 0.0)	(84, 0.0)	(86, 0.0)	(88, 0.0)	(90, 0.0)	(92, 0.0)	(94, 0.0)	(96, 0.0)	(98, 0.0)	(100, 0.0)
SRR20277672_2	(1, 0.10875284535765092)	(2, 0.09858223061254881)	(3, 0.09793836989011563)	(4, 0.09824837690462049)	(5, 0.09985802871070347)	(6, 0.10063304624696565)	(7, 0.10511622461057456)	(8, 0.10609393904093607)	(9, 0.11064865748481532)	(10, 0.11136405828751886)	(12, 0.11292005503339908)	(14, 0.11561473139024912)	(16, 0.11726611490982314)	(18, 0.11618705203241195)	(20, 0.11784439722534183)	(22, 0.11528683935567664)	(24, 0.11294390172682253)	(26, 0.11720053650290864)	(28, 0.11451778349277034)	(30, 0.11554319130997875)	(32, 0.11783247387863012)	(34, 0.11692033785518309)	(36, 0.017693935378286788)	(38, 0.016339831250959697)	(40, 0.01597073797939369)	(42, 0.02434033688028983)	(44, 0.03705199145947717)	(46, 0.04991797058284619)	(48, 0.07757343187286961)	(50, 0.09278673331273662)	(52, 0.10741751962899558)	(54, 0.12160122136572656)	(56, 0.13069350931735113)	(58, 0.1402306703654977)	(60, 0.1531883010404293)	(62, 0.16902537714187416)	(64, 0.18638701868952817)	(66, 0.1933335941065571)	(68, 0.202230026750419)	(70, 0.2096811798769649)	(72, 0.2168132208460296)	(74, 0.22334445248612658)	(76, 0.2237253950791602)	(78, 0.24505444365973428)	(80, 0.2638685083717404)	(82, 0.29515408946715593)	(84, 0.298035041424292)	(86, 0.304456938251986)	(88, 0.31088993490491146)	(90, 0.33730128968032563)	(92, 0.3675671430680654)	(94, 0.400590021449132)	(96, 0.444352830814894)	(98, 0.5000438126911769)	(100, 0.647308383570675)
SRR20277673_1	(1, 0.14183263897013773)	(2, 0.08026629115069706)	(3, 0.08019208502636667)	(4, 0.07979631902993796)	(5, 0.07979631902993796)	(6, 0.07979631902993796)	(7, 0.07979631902993796)	(8, 0.07979631902993796)	(9, 0.07979631902993796)	(10, 0.07979631902993796)	(12, 0.07979631902993796)	(14, 0.07979631902993796)	(16, 0.07982105440471476)	(18, 0.07981487056102056)	(20, 0.07998801818445811)	(22, 0.08010551121464789)	(24, 0.0805198287421592)	(26, 0.08622751647190445)	(28, 0.088144508017106)	(30, 0.08575754435114535)	(32, 0.08085375630164592)	(34, 0.07987052515426835)	(36, 0.0)	(38, 6.188932258175517e-05)	(40, 0.0)	(42, 0.0)	(44, 0.0)	(46, 0.0)	(48, 0.0)	(50, 0.0)	(52, 0.0)	(54, 0.0)	(56, 0.0)	(58, 0.0)	(60, 0.0)	(62, 0.0)	(64, 0.0)	(66, 0.0)	(68, 0.0)	(70, 0.0)	(72, 0.0)	(74, 0.0)	(76, 0.0)	(78, 0.0)	(80, 0.0)	(82, 0.0)	(84, 0.0)	(86, 0.0)	(88, 0.0)	(90, 0.0)	(92, 0.0)	(94, 1.2705095175138466e-05)	(96, 3.1908171855116225e-05)	(98, 0.0)	(100, 1.6306316104786345e-05)
SRR20277673_2	(1, 0.09128590061375885)	(2, 0.0885650093883115)	(3, 0.0885650093883115)	(4, 0.08933180600639211)	(5, 0.09058094243262023)	(6, 0.0958124741979122)	(7, 0.09336367209500956)	(8, 0.09545381126364867)	(9, 0.10395041249947747)	(10, 0.09723475824757785)	(12, 0.10321453509986785)	(14, 0.10398133171794846)	(16, 0.10181080258128478)	(18, 0.09823654092603802)	(20, 0.09932489741621695)	(22, 0.09980723722436444)	(24, 0.10075954915327101)	(26, 0.10395041249947747)	(28, 0.10294244597732312)	(30, 0.10724640118848529)	(32, 0.10072862993480002)	(34, 0.10124807280511271)	(36, 0.010138279823579077)	(38, 0.015319212464973937)	(40, 0.008436824740657392)	(42, 0.017785449657396403)	(44, 0.035922580338386745)	(46, 0.0480289759133695)	(48, 0.07142878819850006)	(50, 0.07694871760087006)	(52, 0.08648692990357937)	(54, 0.1059168613061741)	(56, 0.10975013913255424)	(58, 0.12312423276011157)	(60, 0.13205703836781768)	(62, 0.15092245907163884)	(64, 0.16088873671418258)	(66, 0.17309757931795827)	(68, 0.176418661994663)	(70, 0.19405488545554528)	(72, 0.18712464865096418)	(74, 0.19565817593031742)	(76, 0.20432805096945386)	(78, 0.22630618365106353)	(80, 0.24465065235794253)	(82, 0.26739559920393025)	(84, 0.26309566077093427)	(86, 0.27428098470800444)	(88, 0.2845187038604997)	(90, 0.314639753708374)	(92, 0.33134974861317334)	(94, 0.3647147752405078)	(96, 0.4111909993230755)	(98, 0.4522510625342794)	(100, 0.6077131186674447)
SRR20277674_1	(1, 0.1187564146629335)	(2, 0.07885225157955472)	(3, 0.0792466323467759)	(4, 0.07881639878253462)	(5, 0.07895980997061504)	(6, 0.07903151556465526)	(7, 0.07869688945913426)	(8, 0.07869688945913426)	(9, 0.07869688945913426)	(10, 0.0788104233163646)	(12, 0.07869688945913426)	(14, 0.0787088403914743)	(16, 0.07869688945913426)	(18, 0.07873274225615437)	(20, 0.08044172558077946)	(22, 0.07917492675273569)	(24, 0.07922870594826585)	(26, 0.0816009660177629)	(28, 0.0885862859705137)	(30, 0.08358482078620881)	(32, 0.08078232715247047)	(34, 0.07977844883590748)	(36, 0.00040665563712921453)	(38, 0.0005322497287021467)	(40, 0.00011960908402286973)	(42, 0.00014353496107959821)	(44, 0.00016148289624000233)	(46, 0.00016149088383960724)	(48, 0.00034094657056200315)	(50, 0.0003050821299039709)	(52, 0.0003769083452832224)	(54, 0.00024532372589776663)	(56, 0.00010772284850091987)	(58, 0.00022746697209495047)	(60, 0.0001856171386651038)	(62, 0.00022162365201157304)	(64, 0.00020973417032847547)	(66, 0.0003177534423939089)	(68, 0.00010797706351216874)	(70, 0.00021009086850244467)	(72, 0.00022226392507519128)	(74, 0.00021645056783100837)	(76, 9.62975459352836e-05)	(78, 9.641148615112272e-05)	(80, 8.447409055948337e-05)	(82, 6.647646340380039e-05)	(84, 3.632538683207149e-05)	(86, 0.0001274054064908929)	(88, 0.000152026846238345)	(90, 9.755131565020635e-05)	(92, 3.057316365961258e-05)	(94, 0.00010429134338906377)	(96, 4.93010588881428e-05)	(98, 0.0)	(100, 3.148192587218511e-05)
SRR20277674_2	(1, 0.09843982968487303)	(2, 0.09380286793693923)	(3, 0.09094659510767074)	(4, 0.09111390816043123)	(5, 0.08929736644474583)	(6, 0.088353242789883)	(7, 0.09083903671661041)	(8, 0.0915441417246725)	(9, 0.09500991210328283)	(10, 0.09458565400521157)	(12, 0.09361762848566868)	(14, 0.0956373360511347)	(16, 0.09805142438382188)	(18, 0.09684438021747829)	(20, 0.09734034390958976)	(22, 0.09479479532116218)	(24, 0.09354592289162847)	(26, 0.09732839297724973)	(28, 0.09573891897602499)	(30, 0.09600781495367579)	(32, 0.09918078748995525)	(34, 0.09806337531616191)	(36, 0.012385808793613251)	(38, 0.011154125432536351)	(40, 0.010580382105505609)	(42, 0.01616762652603284)	(44, 0.025536560889832798)	(46, 0.034022045950760346)	(48, 0.04502854580054065)	(50, 0.05385491378516449)	(52, 0.0642601056602039)	(54, 0.07416598287106996)	(56, 0.0775110626595455)	(58, 0.08297055922600098)	(60, 0.09100144847466834)	(62, 0.10264221289562815)	(64, 0.11674047218100152)	(66, 0.11932232788988582)	(68, 0.12738978916302549)	(70, 0.1325228938540338)	(72, 0.13872945795834918)	(74, 0.1418085152986632)	(76, 0.14088486320547852)	(78, 0.15994202832814167)	(80, 0.1770057113697901)	(82, 0.2098803107462833)	(84, 0.2099104702840698)	(86, 0.21573165839004874)	(88, 0.22090339136025405)	(90, 0.24658408570439327)	(92, 0.27337317364141506)	(94, 0.29996194939072324)	(96, 0.3367227504854037)	(98, 0.3888131217937884)	(100, 0.5068529108553931)
SRR20277675_1	(1, 0.13076225008252437)	(2, 0.07469649435939822)	(3, 0.07493201267881883)	(4, 0.0746840986583761)	(5, 0.07467170295735395)	(6, 0.0748204513696196)	(7, 0.0747832642665532)	(8, 0.074857638472686)	(9, 0.0747212857614425)	(10, 0.07473368146246465)	(12, 0.07465930725633181)	(14, 0.07467170295735395)	(16, 0.07485144062217494)	(18, 0.07475847286450892)	(20, 0.07494440837984097)	(22, 0.07499399118392952)	(24, 0.07524810305488333)	(26, 0.07930149728912217)	(28, 0.08027455981935992)	(30, 0.07889243915539164)	(32, 0.07597325156467835)	(34, 0.07478946211706425)	(36, 0.00014886123942984408)	(38, 0.000514821334047219)	(40, 1.860837976279154e-05)	(42, 8.68415241431843e-05)	(44, 0.00021090882473538697)	(46, 2.4814097434662772e-05)	(48, 0.00011167060843234691)	(50, 7.445297999603538e-05)	(52, 8.06662085653366e-05)	(54, 4.344224428095266e-05)	(56, 1.2414360311290085e-05)	(58, 0.0)	(60, 2.4841696290389493e-05)	(62, 6.212706675006605e-06)	(64, 2.4861597043110817e-05)	(66, 0.0)	(68, 3.733220108915452e-05)	(70, 0.0)	(72, 3.738525763458366e-05)	(74, 1.2472899507594873e-05)	(76, 1.2485873015050533e-05)	(78, 2.5001521967649784e-05)	(80, 7.510715443839783e-05)	(82, 6.268925887253619e-06)	(84, 1.8841517963126394e-05)	(86, 4.405570529250628e-05)	(88, 3.154197021870256e-05)	(90, 0.00010752301198015075)	(92, 8.246394137295864e-05)	(94, 1.272888443547652e-05)	(96, 0.00019819713492615207)	(98, 9.77835277389378e-05)	(100, 1.6335551837402453e-05)
SRR20277675_2	(1, 0.09446763748970692)	(2, 0.09381066533553364)	(3, 0.09469076010810538)	(4, 0.09357514701611305)	(5, 0.08864165800930247)	(6, 0.0935255642120245)	(7, 0.08917467315325438)	(8, 0.09041424325546808)	(9, 0.09958706201184954)	(10, 0.08910649679763262)	(12, 0.0946721665565722)	(14, 0.09481471711832676)	(16, 0.09302353832062794)	(18, 0.0887160322154353)	(20, 0.09022830774013603)	(22, 0.08998659157020435)	(24, 0.09105262185810814)	(26, 0.09468456225759432)	(28, 0.09312270392880505)	(30, 0.09777109181210646)	(32, 0.09162282410512645)	(34, 0.09126334877548448)	(36, 0.007344351390492277)	(38, 0.012815668016385198)	(40, 0.006110293338123969)	(42, 0.010844351910386445)	(44, 0.025643061978902332)	(46, 0.029239100197717627)	(48, 0.04439174007056754)	(50, 0.04424318732191854)	(52, 0.05186120838105436)	(54, 0.06666134336266988)	(56, 0.06553228085873619)	(58, 0.07448490643198599)	(60, 0.076805044386778)	(62, 0.09165960397182084)	(64, 0.09687917801174194)	(66, 0.10705604647285427)	(68, 0.10640792006702803)	(70, 0.12276065093989381)	(72, 0.11213583215020739)	(74, 0.11777127903803561)	(76, 0.12481890323707437)	(78, 0.1412810609049571)	(80, 0.15527690546905148)	(82, 0.17388727395187842)	(84, 0.16769025273132518)	(86, 0.1790743220503509)	(88, 0.18741354152849102)	(90, 0.2166762147342993)	(92, 0.22889153892887348)	(94, 0.2548229261830238)	(96, 0.2965412279440054)	(98, 0.33270660663064294)	(100, 0.45769948845687775)
SRR20277676_1	(1, 0.14560049137271805)	(2, 0.10828449227429437)	(3, 0.1086385856963962)	(4, 0.10820277840765549)	(5, 0.10809382658547033)	(6, 0.10829811125206754)	(7, 0.1080257316966046)	(8, 0.1080257316966046)	(9, 0.1080257316966046)	(10, 0.1080257316966046)	(12, 0.1080257316966046)	(14, 0.1080257316966046)	(16, 0.1080257316966046)	(18, 0.1080257316966046)	(20, 0.10916972582954895)	(22, 0.10825044482986153)	(24, 0.10832534920761383)	(26, 0.11032733894026647)	(28, 0.11691892418246978)	(30, 0.11188671189529184)	(32, 0.10893139371851888)	(34, 0.10844792000757215)	(36, 7.498575441088363e-05)	(38, 0.0)	(40, 0.0)	(42, 0.0)	(44, 0.0)	(46, 0.0)	(48, 0.0)	(50, 0.0)	(52, 0.0)	(54, 0.0)	(56, 0.0)	(58, 0.0)	(60, 0.0)	(62, 0.0)	(64, 0.0)	(66, 0.0)	(68, 0.0)	(70, 0.0)	(72, 0.0)	(74, 0.0)	(76, 0.0)	(78, 0.0)	(80, 0.0)	(82, 0.0)	(84, 0.0)	(86, 0.0)	(88, 0.0)	(90, 0.0)	(92, 0.0)	(94, 0.0)	(96, 0.0)	(98, 0.0)	(100, 0.0)
SRR20277676_2	(1, 0.12972076328922827)	(2, 0.11900262778176134)	(3, 0.11818548911537248)	(4, 0.11875748618184467)	(5, 0.12021471680357144)	(6, 0.12130423502542322)	(7, 0.12620706702375625)	(8, 0.12724210933451546)	(9, 0.13239008293276516)	(10, 0.13300974642144336)	(12, 0.13489597484302426)	(14, 0.13769467477540603)	(16, 0.13921319079711195)	(18, 0.13813729155303334)	(20, 0.139771568885811)	(22, 0.13706139230895467)	(24, 0.1347529755764062)	(26, 0.1391519053971328)	(28, 0.13670048939796628)	(30, 0.13803514921973473)	(32, 0.13995542508574849)	(34, 0.13905657255272075)	(36, 0.01955290523242698)	(38, 0.01745356448488702)	(40, 0.017236116454784477)	(42, 0.02603344882238533)	(44, 0.03866521143631032)	(46, 0.050858015020608174)	(48, 0.07956099574023989)	(50, 0.09514634916561215)	(52, 0.10967431286900539)	(54, 0.12335302960117857)	(56, 0.13268403699099907)	(58, 0.14222823460517944)	(60, 0.15597063966398508)	(62, 0.1728842359315214)	(64, 0.19076805853582013)	(66, 0.19822513963112529)	(68, 0.20671255781182005)	(70, 0.21497917184035553)	(72, 0.22204981571487598)	(74, 0.2282241594431873)	(76, 0.22938309801895795)	(78, 0.2522083585664069)	(80, 0.27086147937302035)	(82, 0.30373096522642595)	(84, 0.30595931118650643)	(86, 0.3126724677235647)	(88, 0.3194860344651627)	(90, 0.34637770902124043)	(92, 0.376856312490897)	(94, 0.41111134812316424)	(96, 0.4546066034487383)	(98, 0.5119082579878077)	(100, 0.6601002307887283)
SRR20277677_1	(1, 0.1492732806661308)	(2, 0.08783885986159962)	(3, 0.08758884413144327)	(4, 0.08717215124784934)	(5, 0.08717215124784934)	(6, 0.08717215124784934)	(7, 0.08717215124784934)	(8, 0.08717215124784934)	(9, 0.08717215124784934)	(10, 0.08717215124784934)	(12, 0.08717215124784934)	(14, 0.08717215124784934)	(16, 0.08722076541760197)	(18, 0.08717909612924257)	(20, 0.08738049768964631)	(22, 0.08742911185939893)	(24, 0.08781802521741992)	(26, 0.0938253476225657)	(28, 0.09577685929406392)	(30, 0.09355449724822965)	(32, 0.08821388345683416)	(34, 0.08725548982456813)	(36, 0.0)	(38, 3.4755041601089695e-05)	(40, 0.0)	(42, 0.0)	(44, 6.951268756000248e-06)	(46, 0.0)	(48, 0.0)	(50, 0.0)	(52, 0.0)	(54, 0.0)	(56, 0.0)	(58, 0.0)	(60, 0.0)	(62, 0.0)	(64, 0.0)	(66, 0.0)	(68, 0.0)	(70, 0.0)	(72, 0.0)	(74, 0.0)	(76, 0.0)	(78, 0.0)	(80, 0.0)	(82, 0.0)	(84, 0.0)	(86, 0.0)	(88, 0.0)	(90, 0.0)	(92, 0.0)	(94, 7.091925969937894e-06)	(96, 5.698201725885585e-05)	(98, 0.0)	(100, 9.062940034060342e-06)
SRR20277677_2	(1, 0.0956865758359519)	(2, 0.09256137920899746)	(3, 0.09257526897178392)	(4, 0.09365867046912812)	(5, 0.09501986722220163)	(6, 0.10015907945319337)	(7, 0.09781170954228094)	(8, 0.10024241802991216)	(9, 0.10840959854835311)	(10, 0.10168695335970444)	(12, 0.10772205529042314)	(14, 0.10871517332965532)	(16, 0.10651364592800074)	(18, 0.10318704774064257)	(20, 0.10427739411938)	(22, 0.10460380354486193)	(24, 0.10557608693991442)	(26, 0.10870128356686885)	(28, 0.10749287420444646)	(30, 0.11206260616119319)	(32, 0.10520800822607311)	(34, 0.10569414992359935)	(36, 0.010878917096604018)	(38, 0.01603016172945564)	(40, 0.00946135616479305)	(42, 0.018090064605585838)	(44, 0.03612852409555619)	(46, 0.0487554935987813)	(48, 0.07343077365628221)	(50, 0.08017315063370595)	(52, 0.090139784495164)	(54, 0.11029784732723937)	(56, 0.1151514442957063)	(58, 0.12913191501683338)	(60, 0.13857955537991748)	(62, 0.1580653293979505)	(64, 0.16858277053152548)	(66, 0.18125661121781053)	(68, 0.18464145373892493)	(70, 0.20300047013131592)	(72, 0.19531582595577454)	(74, 0.20410083156562112)	(76, 0.21308758280603737)	(78, 0.23462791492859467)	(80, 0.25296587870988313)	(82, 0.2756043380470681)	(84, 0.2713613379245539)	(86, 0.2825459418603817)	(88, 0.2933226837195863)	(90, 0.3242459833769954)	(92, 0.3417346920986086)	(94, 0.3771760264753384)	(96, 0.42640222462278926)	(98, 0.4688299684797025)	(100, 0.6265282213547335)
SRR20277678_1	(1, 0.11435045566023955)	(2, 0.07357851043073266)	(3, 0.07394302782185738)	(4, 0.07345700463369106)	(5, 0.07352450785426973)	(6, 0.07359201107484838)	(7, 0.0733760007689967)	(8, 0.0733354988366495)	(9, 0.0733354988366495)	(10, 0.07350425688809613)	(12, 0.0733354988366495)	(14, 0.07334224915870736)	(16, 0.07334224915870736)	(18, 0.07343675366751748)	(20, 0.0749353251643636)	(22, 0.07383502266893154)	(24, 0.07393627749979952)	(26, 0.07630564054211027)	(28, 0.08326522258376948)	(30, 0.07859399971972664)	(32, 0.07544834964076136)	(34, 0.07450330455266022)	(36, 0.00033100955617833386)	(38, 0.0004728738292235081)	(40, 6.0798478578872044e-05)	(42, 0.0001688860317875938)	(44, 0.0001013331387737069)	(46, 0.00019591452019790878)	(48, 0.0003377914371627195)	(50, 0.0002634862925309946)	(52, 0.0003445769699482263)	(54, 0.00018243552644034707)	(56, 0.00010136193956476804)	(58, 0.0001621965522149223)	(60, 0.00016897884932297948)	(62, 0.0001757722078719989)	(64, 0.00017581427196696207)	(66, 0.00020291874260995306)	(68, 0.00011502506057760985)	(70, 0.00014891661806569768)	(72, 0.00027089150869571906)	(74, 0.00021006931338641625)	(76, 0.00012884659646290322)	(78, 0.00010180804988105764)	(80, 6.793948114074738e-05)	(82, 6.121735609993203e-05)	(84, 4.086919792768645e-05)	(86, 0.000109165315177322)	(88, 0.00015039145185925194)	(90, 0.00011646662724157151)	(92, 2.0605348035661265e-05)	(94, 0.00010333388169179884)	(96, 2.767463977651068e-05)	(98, 0.0)	(100, 0.0)
SRR20277678_2	(1, 0.09092683811944668)	(2, 0.08645812491713979)	(3, 0.0838254993145723)	(4, 0.08387950189103521)	(5, 0.08161139367959246)	(6, 0.08020732669155646)	(7, 0.08337997805875319)	(8, 0.08336647741463746)	(9, 0.0882132086521848)	(10, 0.08717365905527354)	(12, 0.08647837588331339)	(14, 0.08886798989179774)	(16, 0.09093358844150455)	(18, 0.08965102725051012)	(20, 0.09015730140485002)	(22, 0.08757867837874544)	(24, 0.0860666062377836)	(26, 0.09027205687983374)	(28, 0.08849672217861515)	(30, 0.08895574407854999)	(32, 0.09169637483404333)	(34, 0.09085933489886802)	(36, 0.012747739860176141)	(38, 0.011200921907483223)	(40, 0.011093129252183243)	(42, 0.016653977439366856)	(44, 0.02603999158936649)	(46, 0.03556243034311157)	(48, 0.046634078449183415)	(50, 0.05558641812610581)	(52, 0.06615070871221124)	(54, 0.07575639280328464)	(56, 0.07943702607785734)	(58, 0.08521049534736631)	(60, 0.09343014630694269)	(62, 0.10544024158918405)	(64, 0.11959957992973566)	(66, 0.12213561059885843)	(68, 0.1304956709320622)	(70, 0.13625153090751457)	(72, 0.14222788073137557)	(74, 0.14496002289734888)	(76, 0.14428327743510272)	(78, 0.16318419669287365)	(80, 0.1796435043624016)	(82, 0.21088565505611756)	(84, 0.2113895713523347)	(86, 0.21783543972946243)	(88, 0.2222923326942845)	(90, 0.2480787243437694)	(92, 0.2745347173805145)	(94, 0.3028574094208749)	(96, 0.3402071468110823)	(98, 0.3941162088729574)	(100, 0.5118683441090766)
SRR20277679_1	(1, 0.14058090095479006)	(2, 0.08193222043327177)	(3, 0.08212464638295568)	(4, 0.08187724159050494)	(5, 0.08187724159050494)	(6, 0.08202843340811372)	(7, 0.08193222043327177)	(8, 0.0819734545653469)	(9, 0.08194596514396348)	(10, 0.08196658221000104)	(12, 0.08187724159050494)	(14, 0.08191847572258006)	(16, 0.08204217811880543)	(18, 0.0820009439867303)	(20, 0.0821658805150308)	(22, 0.08224834877918105)	(24, 0.08239954059678985)	(26, 0.08675661388606129)	(28, 0.08773248834517257)	(30, 0.08642674082946031)	(32, 0.08302492493326255)	(34, 0.08194596514396348)	(36, 0.00017195019166943966)	(38, 0.0005020974605561176)	(40, 4.126859666137053e-05)	(42, 9.629444530306991e-05)	(44, 0.00028200933162000056)	(46, 2.0635192495393192e-05)	(48, 0.00013069313931868016)	(50, 9.630386455714428e-05)	(52, 4.1275333509854174e-05)	(54, 6.191740026173173e-05)	(56, 2.7521304069472027e-05)	(58, 0.0)	(60, 2.7528402945896984e-05)	(62, 6.883440431635769e-06)	(64, 1.3770247686133643e-05)	(66, 6.8871846779976e-06)	(68, 4.1337445490549744e-05)	(70, 0.0)	(72, 2.0687604959425745e-05)	(74, 6.900231689079423e-06)	(76, 0.0)	(78, 2.7644420326223512e-05)	(80, 5.534449318142008e-05)	(82, 1.385287909927472e-05)	(84, 4.161775713167088e-05)	(86, 4.863533083037393e-05)	(88, 4.1767026450152895e-05)	(90, 0.00013255470236062485)	(92, 0.00011191525329359595)	(94, 3.507743730136086e-05)	(96, 0.0002747849508314605)	(98, 8.62415356627795e-05)	(100, 2.6888049722815574e-05)
SRR20277679_2	(1, 0.09821970260294582)	(2, 0.09723008343314285)	(3, 0.09848085210608828)	(4, 0.09732629640798479)	(5, 0.09236445584827818)	(6, 0.09695518921930868)	(7, 0.09233696642689478)	(8, 0.09362896923191533)	(9, 0.10223315812492458)	(10, 0.0921514128325567)	(12, 0.09771114830735261)	(14, 0.09789670190169068)	(16, 0.09617174070988131)	(18, 0.09217890225394013)	(20, 0.09344341563757727)	(22, 0.09347090505896069)	(24, 0.09427497063442561)	(26, 0.09780048892684871)	(28, 0.09648786905579061)	(30, 0.10075560172556595)	(32, 0.09498282323504857)	(34, 0.09481788670674808)	(36, 0.007456007492324577)	(38, 0.012910597585271162)	(40, 0.006472629923772917)	(42, 0.011322697426982359)	(44, 0.02667167308027417)	(46, 0.03089871077864132)	(48, 0.045358613787917654)	(50, 0.045851789372445696)	(52, 0.05434945689083942)	(54, 0.06872052284313818)	(56, 0.06746196986336128)	(58, 0.07756798679815723)	(60, 0.0799477602093338)	(62, 0.09414504867788788)	(64, 0.09998775561699874)	(66, 0.1108562780716315)	(68, 0.1099526981368858)	(70, 0.12646470346189626)	(72, 0.11557723880689726)	(74, 0.12150610382904803)	(76, 0.12874877027886442)	(78, 0.14561680144476663)	(80, 0.16005095036051978)	(82, 0.18075444350050612)	(84, 0.17325854260869805)	(86, 0.18577124702984443)	(88, 0.19437143975046509)	(90, 0.2244802767013382)	(92, 0.2357786190441729)	(94, 0.26182983457316256)	(96, 0.3028785107696609)	(98, 0.3401625797810119)	(100, 0.4663900050186597)
SRR20277680_1	(1, 0.06846347828124004)	(2, 0.033379382583704986)	(3, 0.03374232150471397)	(4, 0.03320341219776124)	(5, 0.0331594196012753)	(6, 0.033335389987219056)	(7, 0.033060436259181945)	(8, 0.033060436259181945)	(9, 0.033060436259181945)	(10, 0.033060436259181945)	(12, 0.033060436259181945)	(14, 0.033060436259181945)	(16, 0.033060436259181945)	(18, 0.033060436259181945)	(20, 0.034198744693255574)	(22, 0.03329139739073311)	(24, 0.03345087055299464)	(26, 0.03506759847385284)	(28, 0.04194144167478055)	(30, 0.03697577734643037)	(32, 0.034088763202040726)	(34, 0.033489364074919835)	(36, 4.950851794051166e-05)	(38, 0.0)	(40, 0.0)	(42, 0.0)	(44, 0.0)	(46, 0.0)	(48, 0.0)	(50, 0.0)	(52, 0.0)	(54, 0.0)	(56, 0.0)	(58, 0.0)	(60, 0.0)	(62, 0.0)	(64, 0.0)	(66, 0.0)	(68, 0.0)	(70, 0.0)	(72, 0.0)	(74, 0.0)	(76, 0.0)	(78, 0.0)	(80, 0.0)	(82, 0.0)	(84, 0.0)	(86, 0.0)	(88, 0.0)	(90, 0.0)	(92, 0.0)	(94, 0.0)	(96, 0.0)	(98, 0.0)	(100, 0.0)
SRR20277680_2	(1, 0.05803723291407289)	(2, 0.047523002353933856)	(3, 0.046764130064551435)	(4, 0.04731403752062565)	(5, 0.04888677284499792)	(6, 0.04942568215195065)	(7, 0.05475978447587055)	(8, 0.05563963640558931)	(9, 0.060423831273434994)	(10, 0.060852759089172884)	(12, 0.06237050366793772)	(14, 0.06530700948337405)	(16, 0.06690174110598927)	(18, 0.06574143637367268)	(20, 0.0670227207463256)	(22, 0.0646361223869635)	(24, 0.06240899718986292)	(26, 0.06693473555335372)	(28, 0.06421269364578636)	(30, 0.06552697246580373)	(32, 0.06758362635152129)	(34, 0.0664618151411299)	(36, 0.018634363582016533)	(38, 0.016703738402290724)	(40, 0.01664943767157009)	(42, 0.025058741398576008)	(44, 0.037471020356411096)	(46, 0.049607125108861304)	(48, 0.07763858906506933)	(50, 0.09323549634729916)	(52, 0.1071494491156027)	(54, 0.12178667450894869)	(56, 0.13193519009452206)	(58, 0.14192739853281822)	(60, 0.15573406581574437)	(62, 0.172025389935608)	(64, 0.1892750184045711)	(66, 0.196733983149803)	(68, 0.2049922492098464)	(70, 0.21233690966268978)	(72, 0.21993310354297466)	(74, 0.2259481153478884)	(76, 0.22661320743452731)	(78, 0.24848781304944675)	(80, 0.26715431128042705)	(82, 0.2996819755784384)	(84, 0.3032612993860349)	(86, 0.3098446069297099)	(88, 0.3162025186069851)	(90, 0.3435685060324374)	(92, 0.37437386454964083)	(94, 0.40938034075724594)	(96, 0.45422301381580676)	(98, 0.5103902723834008)	(100, 0.6558836915688648)
SRR20277681_1	(1, 0.09057252383262081)	(2, 0.0294019801765967)	(3, 0.029435788509494284)	(4, 0.028973741293227336)	(5, 0.028973741293227336)	(6, 0.028973741293227336)	(7, 0.028973741293227336)	(8, 0.028973741293227336)	(9, 0.028973741293227336)	(10, 0.028973741293227336)	(12, 0.028973741293227336)	(14, 0.028973741293227336)	(16, 0.0290357232368729)	(18, 0.02897937601537693)	(20, 0.029131513513416047)	(22, 0.029356902399399927)	(24, 0.02970062045052534)	(26, 0.03609603009031784)	(28, 0.037639943959307386)	(30, 0.03527336065647668)	(32, 0.03014576350034349)	(34, 0.02905262740332169)	(36, 0.0)	(38, 3.381882892610112e-05)	(40, 0.0)	(42, 0.0)	(44, 1.1273730921747003e-05)	(46, 0.0)	(48, 0.0)	(50, 0.0)	(52, 0.0)	(54, 0.0)	(56, 0.0)	(58, 0.0)	(60, 0.0)	(62, 0.0)	(64, 0.0)	(66, 0.0)	(68, 0.0)	(70, 0.0)	(72, 0.0)	(74, 0.0)	(76, 0.0)	(78, 0.0)	(80, 0.0)	(82, 0.0)	(84, 0.0)	(86, 0.0)	(88, 0.0)	(90, 0.0)	(92, 0.0)	(94, 5.7345963437704706e-06)	(96, 4.030477549980944e-05)	(98, 0.0)	(100, 7.3166339942375655e-06)
SRR20277681_2	(1, 0.043962102211155124)	(2, 0.0410996633591599)	(3, 0.0410996633591599)	(4, 0.04205756612459137)	(5, 0.043454977217691405)	(6, 0.048943196591398806)	(7, 0.046182182738096315)	(8, 0.048571304929525404)	(9, 0.05724877703990465)	(10, 0.05014902713141254)	(12, 0.05632468260737076)	(14, 0.05702338815392078)	(16, 0.05494417568071951)	(18, 0.0513097798942295)	(20, 0.052408550713400906)	(22, 0.05291004098471502)	(24, 0.05381723125080013)	(26, 0.05714171731906231)	(28, 0.055918982612599775)	(30, 0.06034223950003336)	(32, 0.0535185909768715)	(34, 0.054189122912673526)	(36, 0.010716172942909124)	(38, 0.01600974926083157)	(40, 0.009290558729015486)	(42, 0.018475725056629477)	(44, 0.03640341274100274)	(46, 0.0491434051823001)	(48, 0.07157616352440352)	(50, 0.07824324012534488)	(52, 0.08832045735711272)	(54, 0.10822448531156903)	(56, 0.1129639891729299)	(58, 0.12718206628437348)	(60, 0.13716778283698702)	(62, 0.15622250349526814)	(64, 0.1674194875583018)	(66, 0.18090120024411743)	(68, 0.18383031468781094)	(70, 0.20271507807405917)	(72, 0.19448537040527675)	(74, 0.20384343909177513)	(76, 0.21357027062863893)	(78, 0.236424898192405)	(80, 0.25456625525367715)	(82, 0.2776595130786116)	(84, 0.2738495048092843)	(86, 0.2854632163916538)	(88, 0.29614285147009084)	(90, 0.3290529332525047)	(92, 0.34653003999693255)	(94, 0.3805796923839571)	(96, 0.42915429840961455)	(98, 0.47102566793114375)	(100, 0.6265307562790915)
SRR20277682_1	(1, 0.0680270845055939)	(2, 0.027637027584682245)	(3, 0.02801950918431209)	(4, 0.027527747127645143)	(5, 0.027626099538978537)	(6, 0.027800948270237894)	(7, 0.027494962990534014)	(8, 0.02745125080771918)	(9, 0.02745125080771918)	(10, 0.027609707470422972)	(12, 0.0274731068991266)	(14, 0.0274731068991266)	(16, 0.027456714830571036)	(18, 0.027494962990534014)	(20, 0.029227058234572032)	(22, 0.027915692750126845)	(24, 0.027981261024349103)	(26, 0.03048924751335052)	(28, 0.03817166364305855)	(30, 0.03277320906542588)	(32, 0.029784388565461235)	(34, 0.02850580721812718)	(36, 0.0003880547988031516)	(38, 0.0005465619993150486)	(40, 0.00013117724582003708)	(42, 0.00013118027153660307)	(44, 0.00019131026157086822)	(46, 0.0001585202993715982)	(48, 0.00039905366337002787)	(50, 0.0002460063331870416)	(52, 0.00038817016964731244)	(54, 0.0002679120384634206)	(56, 8.202145035905984e-05)	(58, 0.0002515596424396867)	(60, 0.00016408129243552426)	(62, 0.0002242818835980306)	(64, 0.00017508339030382713)	(66, 0.00026268441472024356)	(68, 0.0001313775881658572)	(70, 0.0001752252232766339)	(72, 0.00030676214419288856)	(74, 0.00022470155112576848)	(76, 0.00010967224777768382)	(78, 0.00010974714313096199)	(80, 8.786918168035202e-05)	(82, 5.49724898420459e-05)	(84, 3.3022347213029477e-05)	(86, 9.920737714874912e-05)	(88, 0.0001269789601935866)	(90, 7.744333871951753e-05)	(92, 1.6633351910939267e-05)	(94, 0.00010007115615153242)	(96, 2.7909158591337687e-05)	(98, 0.0)	(100, 7.0866800179718205e-06)
SRR20277682_2	(1, 0.051482023310177163)	(2, 0.04660811492632257)	(3, 0.04435693751135834)	(4, 0.04413837659728414)	(5, 0.04229153687335717)	(6, 0.04103481161743054)	(7, 0.04419301682580269)	(8, 0.044531786242617694)	(9, 0.04846588269595325)	(10, 0.04731297387421186)	(12, 0.04675564354332265)	(14, 0.04908331727821286)	(16, 0.051077685619139904)	(18, 0.04978817622610214)	(20, 0.05028540230562094)	(22, 0.047810199953730655)	(24, 0.04637862596654466)	(26, 0.0504001467855099)	(28, 0.04874454786139785)	(30, 0.04888114843269422)	(32, 0.05177708054417734)	(34, 0.050607779653880386)	(36, 0.012091078178167503)	(38, 0.010943426094812705)	(40, 0.010714220897934801)	(42, 0.01560757814339904)	(44, 0.024684200777516787)	(46, 0.03343982024292313)	(48, 0.044089285313942725)	(50, 0.052827741586156766)	(52, 0.06357066985043253)	(54, 0.07354881798691426)	(56, 0.07696061375925355)	(58, 0.08283764341677374)	(60, 0.09067698330317699)	(62, 0.10313197839012306)	(64, 0.11729274718129772)	(66, 0.12091157436847676)	(68, 0.1289306708404794)	(70, 0.13468518283795786)	(72, 0.1410896765348121)	(74, 0.14399407261333885)	(76, 0.1431811113998115)	(78, 0.16285515086470762)	(80, 0.17989590425372834)	(82, 0.21162069022070476)	(84, 0.21109025867689846)	(86, 0.21735480052045078)	(88, 0.22271750625380698)	(90, 0.24817490107181114)	(92, 0.27555929480541275)	(94, 0.3034232285717229)	(96, 0.3416592538805697)	(98, 0.39504804520460257)	(100, 0.5094353727391848)
SRR20277683_1	(1, 0.08607647034521165)	(2, 0.02675894434509051)	(3, 0.02700526098759762)	(4, 0.026747748134067464)	(5, 0.02673655192304441)	(6, 0.02690449508839017)	(7, 0.026893298877367116)	(8, 0.026814925400205764)	(9, 0.026770140556113563)	(10, 0.02686530834980949)	(12, 0.026725355712021358)	(14, 0.026730953817532887)	(16, 0.02687650456083254)	(18, 0.02685411213878644)	(20, 0.027061242042712874)	(22, 0.027050045831689823)	(24, 0.027385932162381336)	(26, 0.031763650672394055)	(28, 0.03253059112747301)	(30, 0.0312654192818683)	(32, 0.02810808777336809)	(34, 0.026910093193901693)	(36, 0.0001735888583727142)	(38, 0.0005487708010032202)	(40, 1.679942129353528e-05)	(42, 8.399899268407973e-05)	(44, 0.00021280387132802722)	(46, 5.600321727282589e-06)	(48, 0.0001288136903190071)	(50, 8.401409958224829e-05)	(52, 6.161463273589918e-05)	(54, 5.601785221728742e-05)	(56, 0.0)	(58, 0.0)	(60, 2.8018343273120793e-05)	(62, 1.1209229859213754e-05)	(64, 2.242303042547364e-05)	(66, 1.1214157380269666e-05)	(68, 1.6825752284993247e-05)	(70, 0.0)	(72, 2.2450372889468506e-05)	(74, 1.1230537268341391e-05)	(76, 1.1236761199104004e-05)	(78, 5.622252018908532e-06)	(80, 5.06414470759741e-05)	(82, 1.1264865257003957e-05)	(84, 5.639054603473241e-05)	(86, 3.388291611510456e-05)	(88, 3.393993039599074e-05)	(90, 0.00011902496112134662)	(92, 0.0001079397834625685)	(94, 2.278556363651899e-05)	(96, 0.00021161398155309448)	(98, 0.0001224591119230215)	(100, 0.0)
SRR20277683_2	(1, 0.04972237315336693)	(2, 0.048546770995946634)	(3, 0.049610411043136425)	(4, 0.04853557478492358)	(5, 0.043318140448182094)	(6, 0.04770705516921785)	(7, 0.0435644570906892)	(8, 0.044919198624478296)	(9, 0.05366343943348068)	(10, 0.04329014992062446)	(12, 0.04878748953294222)	(14, 0.04870911605578087)	(16, 0.04725920672829584)	(18, 0.04278632042458719)	(20, 0.044297808912699)	(22, 0.04454412555520611)	(24, 0.04574771824018403)	(26, 0.048933040276241874)	(28, 0.04720322567318058)	(30, 0.05179927029814278)	(32, 0.04604441783229486)	(34, 0.045479009175630816)	(36, 0.007325017347914748)	(38, 0.012561380938745656)	(40, 0.006205281231970101)	(42, 0.011123301687185312)	(44, 0.026673603371919877)	(46, 0.03091699908929579)	(48, 0.04649566972308885)	(50, 0.046658266273632266)	(52, 0.05519279652468629)	(54, 0.07084153466079011)	(56, 0.06929169060794911)	(58, 0.07926512111546807)	(60, 0.08142385487365593)	(62, 0.09705074866879115)	(64, 0.10239277761783191)	(66, 0.1126773398518596)	(68, 0.11213184374286968)	(70, 0.12801435081356127)	(72, 0.11719151102733755)	(74, 0.12271639872134402)	(76, 0.13033453674580822)	(78, 0.1467815413305608)	(80, 0.16181850473009887)	(82, 0.18134922901626008)	(84, 0.17468444619085607)	(86, 0.1858425928109013)	(88, 0.1951737183731264)	(90, 0.22569556878047486)	(92, 0.237736951778043)	(94, 0.26474237562500774)	(96, 0.308986156365791)	(98, 0.34553142539165566)	(100, 0.4706523167800467)
SRR20277684_1	(1, 0.0975945882715509)	(2, 0.05995739707492678)	(3, 0.06042837389621207)	(4, 0.05991644256872806)	(5, 0.059752624543933174)	(6, 0.06003930608732422)	(7, 0.0596911927846351)	(8, 0.0596911927846351)	(9, 0.0596911927846351)	(10, 0.0596911927846351)	(12, 0.0596911927846351)	(14, 0.0596911927846351)	(16, 0.05969631209790994)	(18, 0.0596911927846351)	(20, 0.06090958934404703)	(22, 0.05986013012270482)	(24, 0.06001882883422486)	(26, 0.061959048565389245)	(28, 0.06891107599262204)	(30, 0.06364330263281162)	(32, 0.060530760161708864)	(34, 0.060213362738668785)	(36, 7.171356699799018e-05)	(38, 0.0)	(40, 0.0)	(42, 0.0)	(44, 0.0)	(46, 0.0)	(48, 0.0)	(50, 0.0)	(52, 0.0)	(54, 0.0)	(56, 0.0)	(58, 0.0)	(60, 0.0)	(62, 0.0)	(64, 0.0)	(66, 0.0)	(68, 0.0)	(70, 0.0)	(72, 0.0)	(74, 0.0)	(76, 0.0)	(78, 0.0)	(80, 0.0)	(82, 0.0)	(84, 0.0)	(86, 0.0)	(88, 0.0)	(90, 0.0)	(92, 0.0)	(94, 0.0)	(96, 0.0)	(98, 0.0)	(100, 0.0)
SRR20277684_2	(1, 0.08511370250749084)	(2, 0.074322190124128)	(3, 0.07377954291699494)	(4, 0.07418908797898215)	(5, 0.07588869998622905)	(6, 0.07666683560400474)	(7, 0.08139708106995695)	(8, 0.08213426218153393)	(9, 0.08707951880502941)	(10, 0.08798051794140127)	(12, 0.0897108458282972)	(14, 0.0926493316480554)	(16, 0.09458955137921979)	(18, 0.09319709816846329)	(20, 0.09453323893319654)	(22, 0.09251622950290957)	(24, 0.08961357887607525)	(26, 0.09387284752074218)	(28, 0.09117496942490146)	(30, 0.0929052973117974)	(32, 0.09473801146419016)	(34, 0.09381653507471893)	(36, 0.018807086629098944)	(38, 0.01721426648729674)	(40, 0.017143360713524503)	(42, 0.025563481595548627)	(44, 0.03783391000623135)	(46, 0.05041607484027222)	(48, 0.07873234365683852)	(50, 0.09440351944932938)	(52, 0.109317949006389)	(54, 0.12386714508973304)	(56, 0.13370454050751615)	(58, 0.14421263196363823)	(60, 0.15784440837132607)	(62, 0.17424769996526235)	(64, 0.19201924104778767)	(66, 0.1990777776779053)	(68, 0.20768723324204302)	(70, 0.21516657814708945)	(72, 0.22303395833218664)	(74, 0.22953436542293085)	(76, 0.230108177944279)	(78, 0.25240031211445685)	(80, 0.2712087829468428)	(82, 0.30403531148985935)	(84, 0.3072269810357955)	(86, 0.3139956249403307)	(88, 0.32075874265568144)	(90, 0.3481848479037955)	(92, 0.3799950628668764)	(94, 0.4146952286254247)	(96, 0.45936590803160704)	(98, 0.5157951954247101)	(100, 0.6641869446379398)
SRR20277685_1	(1, 0.11581044724268628)	(2, 0.05364191193690922)	(3, 0.05366268324840463)	(4, 0.0530603152150376)	(5, 0.0530603152150376)	(6, 0.0530603152150376)	(7, 0.0530603152150376)	(8, 0.0530603152150376)	(9, 0.0530603152150376)	(10, 0.0530603152150376)	(12, 0.0530603152150376)	(14, 0.0530603152150376)	(16, 0.053138207633145404)	(18, 0.05310705066590228)	(20, 0.053231678534874774)	(22, 0.053392656198964245)	(24, 0.05371980435501702)	(26, 0.05952538591798551)	(28, 0.06158693858390545)	(30, 0.059078802720834094)	(32, 0.05422870148665469)	(34, 0.05315897894464081)	(36, 0.0)	(38, 1.0391290809781342e-05)	(40, 0.0)	(42, 0.0)	(44, 2.5979463441984817e-05)	(46, 0.0)	(48, 0.0)	(50, 0.0)	(52, 0.0)	(54, 0.0)	(56, 0.0)	(58, 0.0)	(60, 0.0)	(62, 0.0)	(64, 0.0)	(66, 0.0)	(68, 0.0)	(70, 0.0)	(72, 0.0)	(74, 0.0)	(76, 0.0)	(78, 0.0)	(80, 0.0)	(82, 0.0)	(84, 0.0)	(86, 0.0)	(88, 0.0)	(90, 0.0)	(92, 0.0)	(94, 0.0)	(96, 2.667952833368577e-05)	(98, 0.0)	(100, 4.071820673217186e-05)
SRR20277685_2	(1, 0.06753791932734185)	(2, 0.0644222226030296)	(3, 0.06443260825877731)	(4, 0.0653984742433141)	(5, 0.0667901521135069)	(6, 0.0724711058075029)	(7, 0.06995777711655769)	(8, 0.07203490826609919)	(9, 0.08079001606141661)	(10, 0.07353563552164293)	(12, 0.07991242815073532)	(14, 0.08043171093812071)	(16, 0.07825591605897599)	(18, 0.07457939392428753)	(20, 0.07575297302377848)	(22, 0.07632937691777625)	(24, 0.07722254331207909)	(26, 0.08067577384819183)	(28, 0.07927890315012517)	(30, 0.08376031360526097)	(32, 0.07704079433649422)	(34, 0.0775912340911227)	(36, 0.011062784393191208)	(38, 0.016358038596345183)	(40, 0.009016014520408306)	(42, 0.017846583616129445)	(44, 0.035556811296764336)	(46, 0.048344635494704156)	(48, 0.07176679140938405)	(50, 0.07909229026698938)	(52, 0.08881285174697084)	(54, 0.1092159586163163)	(56, 0.1148049603192253)	(58, 0.12836207032461971)	(60, 0.13850367215329334)	(62, 0.15759787355321617)	(64, 0.16842222796359974)	(66, 0.18093536236565302)	(68, 0.18433002470138035)	(70, 0.20348820838393947)	(72, 0.19554374795053153)	(74, 0.20473431660314795)	(76, 0.21433127586317538)	(78, 0.23732142696471928)	(80, 0.25675864430807327)	(82, 0.27963289784360285)	(84, 0.2764185763411102)	(86, 0.28781852107551753)	(88, 0.29820108257125894)	(90, 0.3293525113657817)	(92, 0.34724387999170037)	(94, 0.38124930441828186)	(96, 0.4304393256769666)	(98, 0.4730561544435383)	(100, 0.6303261069627805)
SRR20277686_1	(1, 0.09363268394090148)	(2, 0.05260638469630973)	(3, 0.05289993581352985)	(4, 0.05259626224399179)	(5, 0.05267724186253527)	(6, 0.05277846638571464)	(7, 0.05249503772081244)	(8, 0.052464670363858636)	(9, 0.052464670363858636)	(10, 0.052581078565514895)	(12, 0.052469731590017596)	(14, 0.052479854042335544)	(16, 0.052479854042335544)	(18, 0.052530466303925216)	(20, 0.05413993622247693)	(22, 0.05295054807511952)	(24, 0.05295054807511952)	(26, 0.055339446822152256)	(28, 0.062455530801660775)	(30, 0.0576018149152108)	(32, 0.054666303743009556)	(34, 0.05345160946485732)	(36, 0.0003696652119412194)	(38, 0.0004051150227892392)	(40, 7.595973222675195e-05)	(42, 0.00011647322910937428)	(44, 7.089791859409832e-05)	(46, 0.00014179887470438732)	(48, 0.0002886699768841186)	(50, 0.00032919746519977626)	(52, 0.000349475222434648)	(54, 0.00021273929498400249)	(56, 9.624798506109696e-05)	(58, 0.00018745235480434558)	(60, 0.00015707878854149762)	(62, 0.00013176982689904647)	(64, 0.00014701366826629366)	(66, 0.00030426373905449234)	(68, 0.00011667699849943235)	(70, 0.00015733061709635688)	(72, 0.0002183524747206231)	(74, 0.00022866194095267782)	(76, 8.136637330190285e-05)	(78, 8.144222369033142e-05)	(80, 6.624579861501437e-05)	(82, 5.102564610203863e-05)	(84, 2.0442192214560432e-05)	(86, 0.00010752092485198722)	(88, 0.00011801248705518463)	(90, 0.00010287355677401283)	(92, 2.5792484400189583e-05)	(94, 8.797997865502211e-05)	(96, 3.1194415450968305e-05)	(98, 0.0)	(100, 6.607004098258572e-06)
SRR20277686_2	(1, 0.07606010671696581)	(2, 0.07115071734276719)	(3, 0.06844802257387847)	(4, 0.06833667559838118)	(5, 0.06700051189241371)	(6, 0.06566434818644626)	(7, 0.06819496126593008)	(8, 0.06855936954937575)	(9, 0.07273994235668303)	(10, 0.07182892164806885)	(12, 0.07091790093945467)	(14, 0.07361047325602546)	(16, 0.07576655559974568)	(18, 0.07461259603550106)	(20, 0.07483528998649563)	(22, 0.0722439421931042)	(24, 0.07065977840534733)	(26, 0.07471382055868042)	(28, 0.07302337102158522)	(30, 0.07354467731595889)	(32, 0.07648524971431908)	(34, 0.07542239222093589)	(36, 0.0125293393675388)	(38, 0.011243198434703682)	(40, 0.010995372422025793)	(42, 0.01593926971098108)	(44, 0.02525010520455067)	(46, 0.034222978815489816)	(48, 0.04563944001435497)	(50, 0.05398358584867035)	(52, 0.0652492888172083)	(54, 0.07556410190790362)	(56, 0.0793396733439579)	(58, 0.0848879996471871)	(60, 0.0929204381107141)	(62, 0.1056267921638187)	(64, 0.11988426541844717)	(66, 0.12276950588572501)	(68, 0.13075397447913922)	(70, 0.13685071275079583)	(72, 0.14269715616022982)	(74, 0.1461896775593276)	(76, 0.14571413286602194)	(78, 0.16456450097412423)	(80, 0.18137257027453804)	(82, 0.2131502703787274)	(84, 0.21278392912680005)	(86, 0.2190394850770477)	(88, 0.22407226035037192)	(90, 0.2500181269579174)	(92, 0.2774159350229406)	(94, 0.30516134980131554)	(96, 0.3424602790907305)	(98, 0.3958650165816602)	(100, 0.5122272212368797)
SRR20277687_1	(1, 0.11157698161957509)	(2, 0.053250789833847095)	(3, 0.05347590846880956)	(4, 0.05324055716862153)	(5, 0.05323032450339596)	(6, 0.05341451247745616)	(7, 0.05333265115565163)	(8, 0.05333265115565163)	(9, 0.053322418490426064)	(10, 0.05331730215781328)	(12, 0.05322009183817039)	(14, 0.05323032450339596)	(16, 0.05337358181655389)	(18, 0.05331730215781328)	(20, 0.053557769790614086)	(22, 0.05358846778629079)	(24, 0.053793121090802115)	(26, 0.0584745654314987)	(28, 0.059508064619280904)	(30, 0.05790665251147977)	(32, 0.05457080364794515)	(34, 0.05336334915132832)	(36, 0.0001842871927516571)	(38, 0.0005579848658123184)	(40, 3.071508715866708e-05)	(42, 0.00010238525390237557)	(44, 0.0002815646516978707)	(46, 1.0238935281789066e-05)	(48, 0.00015358824374147107)	(50, 0.00010751620166762748)	(52, 7.680152177607308e-05)	(54, 4.60842565631406e-05)	(56, 1.5362902482440202e-05)	(58, 0.0)	(60, 5.122342803879273e-05)	(62, 1.0246725786858881e-05)	(64, 3.0748219485915395e-05)	(66, 1.025245753970341e-05)	(68, 2.5640732416239547e-05)	(70, 0.0)	(72, 3.5932316041556445e-05)	(74, 3.081922112637062e-05)	(76, 3.084336556636387e-05)	(78, 1.543599587797166e-05)	(80, 0.00011847474582015946)	(82, 2.0631558837027912e-05)	(84, 6.199188608866948e-05)	(86, 3.622815248325871e-05)	(88, 1.0373232537324317e-05)	(90, 9.879203854719755e-05)	(92, 7.821677434856899e-05)	(94, 0.0)	(96, 0.00022074408943247064)	(98, 9.654764398270831e-05)	(100, 2.672719306808866e-05)
SRR20277687_2	(1, 0.07462682749005513)	(2, 0.07392077358949105)	(3, 0.07437101085941597)	(4, 0.07331704634118263)	(5, 0.06809838707614382)	(6, 0.07228354715340045)	(7, 0.06843606502858751)	(8, 0.0698072421688134)	(9, 0.07822872564945446)	(10, 0.06824676072191453)	(12, 0.07358821196966014)	(14, 0.07360867730011128)	(16, 0.07222726749465984)	(18, 0.06804722375001598)	(20, 0.06939793555979074)	(22, 0.06968956651871938)	(24, 0.07043143474757295)	(26, 0.0737263529502053)	(28, 0.07248308412529898)	(30, 0.07654033588723604)	(32, 0.0713830726135506)	(34, 0.07076911270001662)	(36, 0.006952287952913659)	(38, 0.012230674305897714)	(40, 0.005974698916388261)	(42, 0.011054244699402626)	(44, 0.02610418313646215)	(46, 0.030095933669115255)	(48, 0.046190483531241215)	(50, 0.046057216462053865)	(52, 0.05422228164390074)	(54, 0.06970557922820872)	(56, 0.06824358764415492)	(58, 0.0784743113857396)	(60, 0.0802665429478289)	(62, 0.09545829157652615)	(64, 0.10087233956128225)	(66, 0.11116572147415145)	(68, 0.11016243313216269)	(70, 0.12613895916719736)	(72, 0.11582593240132459)	(74, 0.12117541073811557)	(76, 0.12845419716435494)	(78, 0.14525604809915338)	(80, 0.16023484335440477)	(82, 0.1809369687948657)	(84, 0.17302364942699783)	(86, 0.18513272274886525)	(88, 0.19407933663363922)	(90, 0.22424266433768583)	(92, 0.23620980016406562)	(94, 0.2627172495254864)	(96, 0.3060479168163689)	(98, 0.3439746910108632)	(100, 0.469923928538975)
SRR22894976_1	(1, 32.58606019433691)	(2, 32.57079349132248)	(3, 32.57072900683246)	(4, 32.57080961244499)	(5, 32.570600037852394)	(6, 32.57050331111735)	(7, 32.57050331111735)	(8, 32.57050331111735)	(9, 32.57072900683246)	(10, 32.57052749280111)	(12, 32.57050331111735)	(14, 32.57050331111735)	(16, 32.57050331111735)	(18, 32.57050331111735)	(20, 32.57050331111735)	(22, 32.57050331111735)	(24, 32.57050331111735)	(26, 32.57050331111735)	(28, 32.57050331111735)	(30, 32.57056779560738)	(32, 32.570591977291144)	(34, 32.57050331111735)	(36, 5.9827942018108967e-05)	(38, 2.3958528745083412e-05)	(40, 0.0)	(42, 0.0)	(44, 2.4057884231777025e-05)	(46, 0.0)	(48, 8.447574713367755e-05)	(50, 0.0)	(52, 0.0)	(54, 0.0)	(56, 0.0)	(58, 0.0)	(60, 0.0)	(62, 0.0)	(64, 0.0)	(66, 0.0)	(68, 0.0)	(70, 0.0)	(72, 0.0)	(74, 0.0)	(76, 0.0)	(78, 0.0)	(80, 0.0)	(82, 0.0)	(84, 0.0)	(86, 0.0)	(88, 0.0001816379120877695)	(90, 0.0)	(92, 0.0)	(94, 0.0)	(96, 0.0)	(98, 0.0)	(100, 3.3644381245343406e-05)
SRR22894976_2	(1, 32.44258220402184)	(2, 32.43845519665996)	(3, 32.438390712169934)	(4, 32.43848743890498)	(5, 32.44077663830102)	(6, 32.44079275942352)	(7, 32.44506485688796)	(8, 32.441953480244045)	(9, 32.44570970178825)	(10, 32.44911931919855)	(12, 32.451271489053276)	(14, 32.455648373814014)	(16, 32.453294689927944)	(18, 32.45057828078546)	(20, 32.454487652993485)	(22, 32.453214084315405)	(24, 32.44936919659741)	(26, 32.45294002523278)	(28, 32.44861150383957)	(30, 32.45005434430397)	(32, 32.44600794255464)	(34, 32.44533085540933)	(36, 0.025496625906697636)	(38, 0.06847321820777838)	(40, 0.09370143906162581)	(42, 0.11947557293750048)	(44, 0.13126869193106072)	(46, 0.15047228742981633)	(48, 0.17503232855285203)	(50, 0.1685877912916375)	(52, 0.1390654191180399)	(54, 0.14998310032559958)	(56, 0.1276043273669296)	(58, 0.10890137227120926)	(60, 0.09614432256911806)	(62, 0.08853832468949561)	(64, 0.09248617218937753)	(66, 0.10564364833006712)	(68, 0.10645383427099189)	(70, 0.10025929041930395)	(72, 0.1046717873843822)	(74, 0.09756702001771919)	(76, 0.10392206293005743)	(78, 0.1125191298753711)	(80, 0.12483633419710241)	(82, 0.1429163431318523)	(84, 0.1576602968457288)	(86, 0.1703913013900484)	(88, 0.19121972889885921)	(90, 0.1932133941075162)	(92, 0.20155475760481253)	(94, 0.2207519510231202)	(96, 0.21411894211025012)	(98, 0.2273501301689866)	(100, 0.300034258151875)
SRR22894977_1	(1, 30.63387041671192)	(2, 30.599785821918296)	(3, 30.599738262018583)	(4, 30.599769968618396)	(5, 30.599722408718684)	(6, 30.599722408718684)	(7, 30.59975411531849)	(8, 30.59999191481705)	(9, 30.60005532801667)	(10, 30.599762041968443)	(12, 30.599769968618396)	(14, 30.599722408718684)	(16, 30.599722408718684)	(18, 30.599722408718684)	(20, 30.599722408718684)	(22, 30.599722408718684)	(24, 30.599722408718684)	(26, 30.59973033536863)	(28, 30.599722408718684)	(30, 30.599722408718684)	(32, 30.599801675218202)	(34, 30.599722408718684)	(36, 6.859272759324238e-05)	(38, 4.578001535232815e-05)	(40, 9.16730923774855e-05)	(42, 0.0)	(44, 0.0)	(46, 0.0)	(48, 0.0)	(50, 0.0)	(52, 0.0)	(54, 0.0)	(56, 0.0)	(58, 0.0)	(60, 0.0)	(62, 0.0)	(64, 0.0)	(66, 0.0)	(68, 0.0)	(70, 0.0)	(72, 1.1884401378543022e-05)	(74, 0.0)	(76, 1.1974080426545482e-05)	(78, 0.0)	(80, 2.416122203595262e-05)	(82, 9.714630306100715e-05)	(84, 0.0)	(86, 2.4597423198543143e-05)	(88, 0.00021063080953845337)	(90, 0.00016240034708701873)	(92, 0.00010083727712125708)	(94, 2.5465211211008306e-05)	(96, 6.443889382132821e-05)	(98, 0.00015848785679248577)	(100, 0.00019276987662245973)
SRR22894977_2	(1, 30.524704593572917)	(2, 30.523642422479348)	(3, 30.523642422479348)	(4, 30.52370583567896)	(5, 30.525592378367538)	(6, 30.52506921947071)	(7, 30.529634969843062)	(8, 30.52773257385458)	(9, 30.526131390564277)	(10, 30.530681287636725)	(12, 30.53064958103692)	(14, 30.538354284790266)	(16, 30.5333604953205)	(18, 30.531355052882645)	(20, 30.542262123216602)	(22, 30.534383033164307)	(24, 30.53160870568111)	(26, 30.537450646695735)	(28, 30.531473952631927)	(30, 30.536126896153753)	(32, 30.52881059824805)	(34, 30.530705067586585)	(36, 0.026814283790822548)	(38, 0.06327956913644481)	(40, 0.09758540783398165)	(42, 0.11208229237276678)	(44, 0.1301710647630587)	(46, 0.1355388925756938)	(48, 0.1681439820229432)	(50, 0.1545469962057469)	(52, 0.14156189729382224)	(54, 0.13839690597095675)	(56, 0.12549144646274818)	(58, 0.09019983016845953)	(60, 0.08303113551519287)	(62, 0.0763428551227742)	(64, 0.08757271788085215)	(66, 0.09553852623228327)	(68, 0.09149444286830268)	(70, 0.09371950997042357)	(72, 0.09632740977023688)	(74, 0.0876261914295259)	(76, 0.09376392607131766)	(78, 0.09868271822777012)	(80, 0.10780042638072751)	(82, 0.13124707258400645)	(84, 0.14129213983811484)	(86, 0.15102724396757455)	(88, 0.17763947581052542)	(90, 0.19165065241628618)	(92, 0.19507841387224276)	(94, 0.20942047500790267)	(96, 0.20154256646197308)	(98, 0.21091518181635854)	(100, 0.2855762357518985)
SRR22894978_1	(1, 27.18047718209233)	(2, 27.158631950095636)	(3, 27.158680893856648)	(4, 27.158680893856648)	(5, 27.158664579269644)	(6, 27.16000237540387)	(7, 27.158746152204653)	(8, 27.158631950095636)	(9, 27.158974556422695)	(10, 27.15871352303065)	(12, 27.158640107389136)	(14, 27.158737994911153)	(16, 27.158697208443648)	(18, 27.15864826468264)	(20, 27.158672736563144)	(22, 27.158664579269644)	(24, 27.15888482619418)	(26, 27.159031657477207)	(28, 27.15930900545625)	(30, 27.159618982609302)	(32, 27.16037761090493)	(34, 27.16014920668689)	(36, 0.0017484608220926542)	(38, 0.001155644566366816)	(40, 0.0017410387891086453)	(42, 0.0018106388867427383)	(44, 0.0012613599825662032)	(46, 0.0007669983182433934)	(48, 0.0012198741903085063)	(50, 0.0005996871217303757)	(52, 0.0007031213940220846)	(54, 0.0012955090157199792)	(56, 0.0009221671565727123)	(58, 0.0004675891706804255)	(60, 0.00036555482025726606)	(62, 0.00011447514120794855)	(64, 0.00030992119737021533)	(66, 0.00025337346615477547)	(68, 0.00038137137216148466)	(70, 0.0005681174570088709)	(72, 0.000767782452332052)	(74, 0.00039696007970958406)	(76, 0.0001758100801061049)	(78, 0.0001529933742100246)	(80, 9.458394591217053e-05)	(82, 0.0001426034784315804)	(84, 1.195567314624299e-05)	(86, 0.00022866330651955192)	(88, 0.0003273646274517792)	(90, 0.00042784283841207235)	(92, 0.00029603604041434685)	(94, 8.722270810808588e-05)	(96, 0.0001513369675224562)	(98, 0.0)	(100, 0.00011000265106389065)
SRR22894978_2	(1, 27.036908816468074)	(2, 27.03090504845106)	(3, 27.02832734370462)	(4, 27.02829471453062)	(5, 27.029469364794817)	(6, 27.02870257920569)	(7, 27.03160657569218)	(8, 27.028588377096668)	(9, 27.032128642476266)	(10, 27.033996662688082)	(12, 27.03485317850573)	(14, 27.040041217172607)	(16, 27.037023018577095)	(18, 27.033490910490997)	(20, 27.039347847224988)	(22, 27.03666409766303)	(24, 27.033131989576937)	(26, 27.037863219807733)	(28, 27.033311450033963)	(30, 27.035089740017266)	(32, 27.03095399221207)	(34, 27.03072558799403)	(36, 0.018044927730791607)	(38, 0.03865614574486765)	(40, 0.04928938981147846)	(42, 0.06967127255606045)	(44, 0.07743798221824436)	(46, 0.09423747032942073)	(48, 0.11544097620049835)	(50, 0.10509884328170264)	(52, 0.0788733780399091)	(54, 0.09327037093508972)	(56, 0.07579921991101515)	(58, 0.059576364995988944)	(60, 0.05340946301235729)	(62, 0.047538557250858544)	(64, 0.0533697768322255)	(66, 0.06659746874711882)	(68, 0.06408997796842458)	(70, 0.05690453814842716)	(72, 0.06333920696911388)	(74, 0.05468005045856521)	(76, 0.06307909222849305)	(78, 0.06981835670631523)	(80, 0.07714219079835191)	(82, 0.09088997940628446)	(84, 0.10155438179066405)	(86, 0.11113593522076354)	(88, 0.12961976919535545)	(90, 0.1307131605410464)	(92, 0.1377954439647746)	(94, 0.1567917289987321)	(96, 0.14786299203218145)	(98, 0.15823107169293665)	(100, 0.21059012264392502)
SRR22894979_1	(1, 26.50817493095862)	(2, 26.473716262554888)	(3, 26.473828297240825)	(4, 26.473716262554888)	(5, 26.47374827246515)	(6, 26.474612540042397)	(7, 26.473716262554888)	(8, 26.47373226751002)	(9, 26.474532515266723)	(10, 26.47378828485299)	(12, 26.473860307151092)	(14, 26.47412438891081)	(16, 26.47384430219596)	(18, 26.473868309628664)	(20, 26.473780282375426)	(22, 26.473724265032455)	(24, 26.473772279897855)	(26, 26.473932329449195)	(28, 26.475036671353454)	(30, 26.475132701084252)	(32, 26.47520472338236)	(34, 26.47478859454887)	(36, 0.002113291601997039)	(38, 0.001374024524374868)	(40, 0.0017031387646501321)	(42, 0.0011258662748506287)	(44, 0.002068867905630287)	(46, 0.000690704120225494)	(48, 0.0007246391132525294)	(50, 0.00031896902172860974)	(52, 0.0008488603113266848)	(54, 0.0010163276348652962)	(56, 0.0005976397215264515)	(58, 0.0006319635173005002)	(60, 0.00025544838076824655)	(62, 0.0002448692109022896)	(64, 0.00016741121876148512)	(66, 0.00021275187722738617)	(68, 0.0009551558808779029)	(70, 0.000811748801176675)	(72, 0.0008370708357620642)	(74, 0.0003859883065977776)	(76, 0.0005128421369334092)	(78, 0.00014876562296520097)	(80, 0.00011496552184000019)	(82, 0.0003004613236939178)	(84, 0.00015114050626023978)	(86, 0.00017553954712903316)	(88, 0.000271151880302714)	(90, 0.0004873268860382511)	(92, 0.00027584823933264873)	(94, 0.00024230218086500907)	(96, 0.00018391550970528274)	(98, 0.00018847862815704844)	(100, 7.639462591308766e-05)
SRR22894979_2	(1, 26.35553567384462)	(2, 26.351790514343243)	(3, 26.35059014270818)	(4, 26.34913369179098)	(5, 26.350446098111973)	(6, 26.349389771073124)	(7, 26.354223267523626)	(8, 26.35060614766332)	(9, 26.349885924682283)	(10, 26.354039210539582)	(12, 26.352862846337228)	(14, 26.360729281785638)	(16, 26.354303292299296)	(18, 26.3530389008437)	(20, 26.365186661790492)	(22, 26.35673604547968)	(24, 26.35420726256849)	(26, 26.360641254532403)	(28, 26.35447934680577)	(30, 26.35882469212468)	(32, 26.351670477179734)	(34, 26.353951183286345)	(36, 0.018540827118803314)	(38, 0.03178443361717631)	(40, 0.049174922598257766)	(42, 0.05794892859378794)	(44, 0.07499053610262567)	(46, 0.07414325355418687)	(48, 0.10204210029909079)	(50, 0.0883648977290791)	(52, 0.08074576210931324)	(54, 0.08116674392123067)	(56, 0.06993518063176321)	(58, 0.04450272803817379)	(60, 0.04095170933362217)	(62, 0.03712681795291842)	(64, 0.04724600696379525)	(66, 0.053229767598945904)	(68, 0.047154875696957435)	(70, 0.051429802238192754)	(72, 0.05280045079142845)	(74, 0.04540755534397913)	(76, 0.05229148431368558)	(78, 0.05567903443652908)	(80, 0.059692729564677596)	(82, 0.07976538271795125)	(84, 0.08837154927258628)	(86, 0.09414504602595127)	(88, 0.11767621838415711)	(90, 0.13053455561358662)	(92, 0.13281186305272613)	(94, 0.14364413701355822)	(96, 0.13255999384074488)	(98, 0.1413721610613342)	(100, 0.1961574855763986)
SRR22894980_1	(1, 90.60012680987289)	(2, 90.59756868563576)	(3, 90.59754584524079)	(4, 90.59756868563576)	(5, 90.59754584524079)	(6, 90.59754584524079)	(7, 90.59754584524079)	(8, 90.59754584524079)	(9, 90.59756868563576)	(10, 90.59754584524079)	(12, 90.59754584524079)	(14, 90.59754584524079)	(16, 90.59754584524079)	(18, 90.59754584524079)	(20, 90.59754584524079)	(22, 90.59754584524079)	(24, 90.59754584524079)	(26, 90.59754584524079)	(28, 90.59754584524079)	(30, 90.59755726543828)	(32, 90.59758010583326)	(34, 90.59754584524079)	(36, 0.00012363980756700352)	(38, 0.00012631126885985134)	(40, 0.0)	(42, 0.0)	(44, 0.0)	(46, 0.0)	(48, 0.0)	(50, 0.0)	(52, 0.0)	(54, 0.0)	(56, 0.0)	(58, 0.0)	(60, 0.0)	(62, 0.0)	(64, 0.0)	(66, 0.0)	(68, 0.0)	(70, 0.0)	(72, 0.0)	(74, 0.0)	(76, 0.0)	(78, 0.0)	(80, 0.0)	(82, 0.0)	(84, 0.0)	(86, 0.0)	(88, 0.0)	(90, 0.0)	(92, 0.0)	(94, 0.0)	(96, 0.0)	(98, 0.0)	(100, 0.0)
SRR22894980_2	(1, 89.86658468487563)	(2, 89.86587663263144)	(3, 89.86589947302642)	(4, 89.86589947302642)	(5, 89.86624207895102)	(6, 89.86619639816107)	(7, 89.86690445040529)	(8, 89.86631060013595)	(9, 89.86685876961533)	(10, 89.8676924440319)	(12, 89.86781806620425)	(14, 89.86856037904091)	(16, 89.86821777311631)	(18, 89.86761250264948)	(20, 89.86834339528866)	(22, 89.86808073074646)	(24, 89.86764676324195)	(26, 89.86805789035148)	(28, 89.86749830067461)	(30, 89.86757824205702)	(32, 89.86691587060277)	(34, 89.86708717356507)	(36, 0.025265545455688692)	(38, 0.06395698369562057)	(40, 0.09344543627412082)	(42, 0.11941514294872257)	(44, 0.1316239022124122)	(46, 0.14948207530739052)	(48, 0.17503311351146003)	(50, 0.17293019306643403)	(52, 0.14655949917767522)	(54, 0.1569886213569207)	(56, 0.13819559929551622)	(58, 0.12226506017453441)	(60, 0.10969860654997882)	(62, 0.10546283517625563)	(64, 0.10905140714209524)	(66, 0.11970846969147927)	(68, 0.12418701403157495)	(70, 0.1182821227660388)	(72, 0.12105120408833311)	(74, 0.11527847987065898)	(76, 0.1225264875548712)	(78, 0.13388636520856873)	(80, 0.14650647853672857)	(82, 0.16507016570895966)	(84, 0.18119322223647538)	(86, 0.19637302968000422)	(88, 0.2200786457513494)	(90, 0.22173997883122337)	(92, 0.2306510244056129)	(94, 0.2545118692499447)	(96, 0.24458042273605168)	(98, 0.25470470745606805)	(100, 0.30690347293878184)
SRR22894981_1	(1, 89.72648351910398)	(2, 89.72178957316468)	(3, 89.72181467447987)	(4, 89.72178957316468)	(5, 89.72178957316468)	(6, 89.72178957316468)	(7, 89.72186487711024)	(8, 89.72186487711024)	(9, 89.72183977579505)	(10, 89.72178957316468)	(12, 89.72180212382229)	(14, 89.72178957316468)	(16, 89.72178957316468)	(18, 89.72178957316468)	(20, 89.72178957316468)	(22, 89.72178957316468)	(24, 89.72178957316468)	(26, 89.72178957316468)	(28, 89.72178957316468)	(30, 89.72178957316468)	(32, 89.72180212382229)	(34, 89.72178957316468)	(36, 0.0)	(38, 0.0)	(40, 0.00013012463337384547)	(42, 0.0)	(44, 0.0)	(46, 0.0)	(48, 0.0)	(50, 0.0)	(52, 0.0)	(54, 0.0)	(56, 0.0)	(58, 0.0)	(60, 0.0)	(62, 0.0)	(64, 0.0)	(66, 0.0)	(68, 0.0)	(70, 0.0)	(72, 0.0)	(74, 0.0)	(76, 0.0)	(78, 0.0)	(80, 0.0)	(82, 0.0)	(84, 0.0)	(86, 0.0)	(88, 0.0)	(90, 0.0001902511505438329)	(92, 0.0)	(94, 0.0)	(96, 0.0)	(98, 0.000796433570471429)	(100, 0.0004733638179632101)
SRR22894981_2	(1, 89.01184907583233)	(2, 89.01159806268049)	(3, 89.01159806268049)	(4, 89.01159806268049)	(5, 89.01179887320197)	(6, 89.0117235692564)	(7, 89.01240130476637)	(8, 89.01197458240824)	(9, 89.01192437977787)	(10, 89.0124891593695)	(12, 89.01251426068468)	(14, 89.01369402249831)	(16, 89.0129535337004)	(18, 89.01260211528783)	(20, 89.01437175800825)	(22, 89.0131166922491)	(24, 89.01272762186375)	(26, 89.01361871855275)	(28, 89.01263976726061)	(30, 89.01336770540092)	(32, 89.01222559556008)	(34, 89.01253936199987)	(36, 0.02504879296128918)	(38, 0.057142047574296466)	(40, 0.08742351945203371)	(42, 0.10460583786217478)	(44, 0.12996676546304875)	(46, 0.13784405276802833)	(48, 0.17235986351383098)	(50, 0.16364401865224057)	(52, 0.14890509366523316)	(54, 0.14499884910609312)	(56, 0.1361076564050251)	(58, 0.09667981172878769)	(60, 0.08963855284328075)	(62, 0.0813018621997961)	(64, 0.09468291312086123)	(66, 0.10352131742821194)	(68, 0.10179671196620349)	(70, 0.1036923229709165)	(72, 0.10750448790904504)	(74, 0.09522085498614367)	(76, 0.10558570531989514)	(78, 0.113089812282769)	(80, 0.12601710083302214)	(82, 0.1523902864638581)	(84, 0.16627274432564249)	(86, 0.17592867577113896)	(88, 0.2020884492968564)	(90, 0.2154857337784167)	(92, 0.22406621210171962)	(94, 0.23549429142110326)	(96, 0.2267390700439045)	(98, 0.2396523779191867)	(100, 0.3002583618462398)
SRR22894982_1	(1, 88.40694259160907)	(2, 88.40365279235651)	(3, 88.40365279235651)	(4, 88.40368067201119)	(5, 88.40365279235651)	(6, 88.40390370924865)	(7, 88.40365279235651)	(8, 88.40365279235651)	(9, 88.40365279235651)	(10, 88.40369461183853)	(12, 88.40365279235651)	(14, 88.40368067201119)	(16, 88.40368067201119)	(18, 88.40365279235651)	(20, 88.40365279235651)	(22, 88.40365279235651)	(24, 88.40370855166589)	(26, 88.40372249149323)	(28, 88.40372249149323)	(30, 88.40379219062993)	(32, 88.40377825080259)	(34, 88.40377825080259)	(36, 0.0008554299024076686)	(38, 0.00037423328954803845)	(40, 0.0008929220619356255)	(42, 0.0014366352435357943)	(44, 0.0004027564652481584)	(46, 0.00041490963959565675)	(48, 0.000852743916738084)	(50, 0.0002931291981597349)	(52, 0.00045751514375125816)	(54, 0.0011007275809309955)	(56, 0.0011233340554766547)	(58, 0.0008150889262018487)	(60, 0.000494867400280095)	(62, 0.0)	(64, 0.00033632381256673923)	(66, 0.0003391877132642747)	(68, 0.0008538863784629363)	(70, 0.0010323966054799612)	(72, 0.001213106401562481)	(74, 0.0008711499527836726)	(76, 0.0003502381619501261)	(78, 0.000352092839840009)	(80, 0.00017699522289893395)	(82, 0.00017799675333921909)	(84, 0.0001790872638510567)	(86, 0.00018025293091265663)	(88, 0.0005445901323898612)	(90, 0.0007315235440852664)	(92, 0.00036874855957593915)	(94, 0.0)	(96, 0.0)	(98, 0.0)	(100, 0.0)
SRR22894982_2	(1, 87.6057091956859)	(2, 87.60470552811734)	(3, 87.604120055369)	(4, 87.60425945364241)	(5, 87.60425945364241)	(6, 87.60417581467837)	(7, 87.60467764846265)	(8, 87.60420369433304)	(9, 87.6047612874267)	(10, 87.6050679636282)	(12, 87.60522130172895)	(14, 87.60623890912487)	(16, 87.60552797793046)	(18, 87.60495644500948)	(20, 87.60630860826157)	(22, 87.60558373723984)	(24, 87.60509584328288)	(26, 87.60568131603121)	(28, 87.6049703848368)	(30, 87.60534676017502)	(32, 87.60448249087986)	(34, 87.60446855105253)	(36, 0.021888598434281193)	(38, 0.04509062752475638)	(40, 0.056036552348167484)	(42, 0.0778795638744423)	(44, 0.0864747180704029)	(46, 0.10370082312528356)	(48, 0.1284861693635246)	(50, 0.11894748249330436)	(52, 0.09510599312655026)	(54, 0.11054026890994716)	(56, 0.09444521229169885)	(58, 0.07678851539466011)	(60, 0.07172215938870652)	(62, 0.06478786483059429)	(64, 0.07166729642792906)	(66, 0.08684057191519878)	(68, 0.08635019928050876)	(70, 0.0786477667281823)	(72, 0.08605827577211428)	(74, 0.07667195357008229)	(76, 0.08748744062842528)	(78, 0.09710462091960081)	(80, 0.10638863769349433)	(82, 0.11966557153662719)	(84, 0.13221108543561522)	(86, 0.14153951894037575)	(88, 0.16343527187757423)	(90, 0.16679732947767725)	(92, 0.174895277383614)	(94, 0.19681024485159584)	(96, 0.18527984601985611)	(98, 0.1960139265838748)	(100, 0.239710793693382)
SRR22894983_1	(1, 87.75908243889873)	(2, 87.75480848871354)	(3, 87.75480848871354)	(4, 87.75480848871354)	(5, 87.75480848871354)	(6, 87.75489691526909)	(7, 87.75483796423205)	(8, 87.75480848871354)	(9, 87.7549263907876)	(10, 87.75480848871354)	(12, 87.75483796423205)	(14, 87.75486743975056)	(16, 87.7548527019913)	(18, 87.75483796423205)	(20, 87.75480848871354)	(22, 87.75480848871354)	(24, 87.75480848871354)	(26, 87.7548527019913)	(28, 87.75502955510241)	(30, 87.75502955510241)	(32, 87.75505903062094)	(34, 87.75494112854686)	(36, 0.0014695689019626093)	(38, 0.000875695082972109)	(40, 0.0011518658306680436)	(42, 0.0009170658086424281)	(44, 0.0020195873040663717)	(46, 0.0002773125090126565)	(48, 0.0005705938741041676)	(50, 0.00029457163392993907)	(52, 0.0006134273103972862)	(54, 0.001423669936361954)	(56, 0.0004843475031886211)	(58, 0.0003279645535910479)	(60, 0.00033185877418005994)	(62, 0.00016764206407614973)	(64, 0.0)	(66, 0.00017061177971971895)	(68, 0.00017185142413275178)	(70, 0.0005195857862112323)	(72, 0.00034894513884527076)	(74, 0.0)	(76, 0.0001763071411444449)	(78, 0.0)	(80, 0.0)	(82, 0.0003584653381941233)	(84, 0.00018032639076728877)	(86, 0.0)	(88, 0.0001829036317345117)	(90, 0.0005529138560212319)	(92, 0.00018577484831483636)	(94, 0.0003746426845396203)	(96, 0.0)	(98, 0.000385610556474594)	(100, 0.0)
SRR22894983_2	(1, 86.93497641663764)	(2, 86.93447533282281)	(3, 86.93453428385986)	(4, 86.9342984797117)	(5, 86.93450480834134)	(6, 86.93421005315615)	(7, 86.93541854941542)	(8, 86.93456375937836)	(9, 86.93435743074875)	(10, 86.93513853198948)	(12, 86.93505010543393)	(14, 86.93652388135986)	(16, 86.93533012285985)	(18, 86.93502062991541)	(20, 86.93714286724875)	(22, 86.93602279754504)	(24, 86.93528590958208)	(26, 86.93634702824875)	(28, 86.93510905647098)	(30, 86.9361112241006)	(32, 86.9348437768043)	(34, 86.9350943187117)	(36, 0.021061933531284983)	(38, 0.03283972815226455)	(40, 0.04980451726971637)	(42, 0.05524002272318839)	(44, 0.075361100149124)	(46, 0.07566874129308357)	(48, 0.10137888029258327)	(50, 0.09321300145864697)	(52, 0.08242795530809442)	(54, 0.08354467341873456)	(56, 0.07411953933541764)	(58, 0.04984547901505334)	(60, 0.0467501004778279)	(62, 0.04380859575197033)	(64, 0.05390280280463903)	(66, 0.059836173661023825)	(68, 0.054104926538324084)	(70, 0.05818566516794498)	(72, 0.06101806852688025)	(74, 0.05257540248991344)	(76, 0.0627193914195826)	(78, 0.06788068663925331)	(80, 0.07279249480261586)	(82, 0.09545499728106746)	(84, 0.10569924454401053)	(86, 0.11476263458426572)	(88, 0.14204756072607358)	(90, 0.15592972727204968)	(92, 0.15984645143876802)	(94, 0.1712256437179046)	(96, 0.16070137492329473)	(98, 0.168375890301024)	(100, 0.21161663975051512)
SRR22894984_1	(1, 65.54104141830474)	(2, 65.53271071337564)	(3, 65.53253251647875)	(4, 65.53257706570298)	(5, 65.53253251647875)	(6, 65.53244341803031)	(7, 65.53244341803031)	(8, 65.53244341803031)	(9, 65.53248796725454)	(10, 65.53244341803031)	(12, 65.53244341803031)	(14, 65.53244341803031)	(16, 65.53244341803031)	(18, 65.53244341803031)	(20, 65.53244341803031)	(22, 65.53244341803031)	(24, 65.53244341803031)	(26, 65.53244341803031)	(28, 65.53244341803031)	(30, 65.53251024186665)	(32, 65.53251024186665)	(34, 65.53244341803031)	(36, 0.0)	(38, 0.0)	(40, 0.0)	(42, 0.0)	(44, 0.0)	(46, 0.0)	(48, 0.0)	(50, 0.0)	(52, 0.0)	(54, 0.0)	(56, 0.0)	(58, 0.0)	(60, 0.0)	(62, 0.0)	(64, 0.0)	(66, 0.0)	(68, 0.0)	(70, 0.0)	(72, 0.0)	(74, 0.0)	(76, 0.0)	(78, 0.0)	(80, 0.0)	(82, 0.0)	(84, 0.0)	(86, 0.0)	(88, 8.04628221530242e-05)	(90, 0.0)	(92, 0.0)	(94, 0.0)	(96, 0.0)	(98, 0.0)	(100, 0.0)
SRR22894984_2	(1, 65.00631707999437)	(2, 65.00395597111071)	(3, 65.00395597111071)	(4, 65.00408961878338)	(5, 65.00511425094044)	(6, 65.00511425094044)	(7, 65.00805449973895)	(8, 65.00578248930373)	(9, 65.00805449973895)	(10, 65.01008148944094)	(12, 65.01123976927066)	(14, 65.01351177970587)	(16, 65.01221985220349)	(18, 65.01097247392535)	(20, 65.01304401285157)	(22, 65.01255397138515)	(24, 65.0104378832347)	(26, 65.01237577448826)	(28, 65.00983646870773)	(30, 65.01077200241635)	(32, 65.00870046349013)	(34, 65.00834406969636)	(36, 0.027436477822928306)	(38, 0.07094159787872993)	(40, 0.0978450012792111)	(42, 0.12287452963118627)	(44, 0.13628019154534338)	(46, 0.1539803214081244)	(48, 0.17802864953702494)	(50, 0.1732799831183904)	(52, 0.14561603444468674)	(54, 0.15751637232346305)	(56, 0.13571764614316578)	(58, 0.11773734428484184)	(60, 0.10797655727713491)	(62, 0.10122186222815155)	(64, 0.1037976173342021)	(66, 0.11983475493044095)	(68, 0.11920225630279238)	(70, 0.1153947591847942)	(72, 0.12062857503685268)	(74, 0.11335359186009095)	(76, 0.12060964818778894)	(78, 0.1275676467357475)	(80, 0.13872886736109477)	(82, 0.15802648382220472)	(84, 0.17516031024583995)	(86, 0.19159300905353352)	(88, 0.21438644711975818)	(90, 0.2166760655124683)	(92, 0.22568738275487343)	(94, 0.2505611605711325)	(96, 0.24158650586726688)	(98, 0.25717160431914987)	(100, 0.3208897502178082)
SRR22894985_1	(1, 62.943831677723324)	(2, 62.92635900395454)	(3, 62.92635900395454)	(4, 62.92635900395454)	(5, 62.92635900395454)	(6, 62.92635900395454)	(7, 62.92635900395454)	(8, 62.92649953484276)	(9, 62.92649953484276)	(10, 62.92638242576925)	(12, 62.92635900395454)	(14, 62.92635900395454)	(16, 62.92635900395454)	(18, 62.92635900395454)	(20, 62.92635900395454)	(22, 62.92635900395454)	(24, 62.92635900395454)	(26, 62.92640584758394)	(28, 62.92635900395454)	(30, 62.92635900395454)	(32, 62.926452691213356)	(34, 62.92635900395454)	(36, 6.368226117878413e-05)	(38, 0.0001285561028474534)	(40, 0.00012978408470747641)	(42, 0.0)	(44, 0.0)	(46, 0.0)	(48, 0.0)	(50, 0.0)	(52, 0.0)	(54, 0.0)	(56, 0.0)	(58, 0.0)	(60, 0.0)	(62, 0.0)	(64, 0.0)	(66, 0.0)	(68, 0.0)	(70, 0.0)	(72, 0.0)	(74, 0.0)	(76, 7.665443261922064e-05)	(78, 0.0)	(80, 0.0)	(82, 0.0)	(84, 0.0)	(86, 0.0)	(88, 0.0)	(90, 0.00015887327076374353)	(92, 0.0)	(94, 0.0)	(96, 8.18825116969168e-05)	(98, 8.389078761704862e-05)	(100, 0.0)
SRR22894985_2	(1, 62.46143598209074)	(2, 62.46096754579668)	(3, 62.46096754579668)	(4, 62.46096754579668)	(5, 62.461857574755406)	(6, 62.461670200237776)	(7, 62.46401238170812)	(8, 62.462560229196505)	(9, 62.46218548016126)	(10, 62.46438713074338)	(12, 62.4645276616316)	(14, 62.468696744648824)	(16, 62.46612034503144)	(18, 62.46469161433452)	(20, 62.4706407552692)	(22, 62.46684642128725)	(24, 62.465206894257996)	(26, 62.46799409020771)	(28, 62.464925832481555)	(30, 62.46747881028424)	(32, 62.463567367228755)	(34, 62.46438713074338)	(36, 0.0272100122790679)	(38, 0.06499252839305657)	(40, 0.09660972035540628)	(42, 0.11305109999749205)	(44, 0.13296149041277674)	(46, 0.14125871111711935)	(48, 0.17325206563443615)	(50, 0.15989025472881405)	(52, 0.14717632287477256)	(54, 0.14379509267058388)	(56, 0.13197156357940232)	(58, 0.09598462042695942)	(60, 0.08991187390465327)	(62, 0.08277886782696088)	(64, 0.09584193967891205)	(66, 0.10380382410761348)	(68, 0.09954543977324269)	(70, 0.10398152514297458)	(72, 0.10602537035647816)	(74, 0.09539905618724878)	(76, 0.10465040224998363)	(78, 0.11030151242838512)	(80, 0.12218942616546574)	(82, 0.14760201209435778)	(84, 0.15849711733824132)	(86, 0.16922000360885314)	(88, 0.19808478707360333)	(90, 0.21627902145428535)	(92, 0.22033736264392884)	(94, 0.2344725948853028)	(96, 0.22487371830371378)	(98, 0.23756958734295486)	(100, 0.3070268308176291)
SRR22894986_1	(1, 60.01158628843828)	(2, 59.99888289198505)	(3, 59.99893232154323)	(4, 59.99893232154323)	(5, 59.99893232154323)	(6, 59.999426617125074)	(7, 59.99893232154323)	(8, 59.99888289198505)	(9, 59.99908061021778)	(10, 59.99893232154323)	(12, 59.99888289198505)	(14, 59.99893232154323)	(16, 59.99888289198505)	(18, 59.99888289198505)	(20, 59.99888289198505)	(22, 59.99888289198505)	(24, 59.999055895438694)	(26, 59.99913003977596)	(28, 59.99925361367142)	(30, 59.999476046683256)	(32, 59.99989619792782)	(34, 59.999747909253266)	(36, 0.0019916066228388733)	(38, 0.0008786827791983149)	(40, 0.001773044031648836)	(42, 0.001852786527047489)	(44, 0.001032242081412933)	(46, 0.0011087378324175377)	(48, 0.0015818988586599734)	(50, 0.0004006482488666663)	(52, 0.0006115488970715641)	(54, 0.0014470613285263334)	(56, 0.0007659287059634514)	(58, 0.00035122126658818044)	(60, 0.0004949934943712168)	(62, 7.111100997545249e-05)	(64, 7.154391043274765e-05)	(66, 7.204517520666159e-05)	(68, 0.000363014882158109)	(70, 0.0005855645171325199)	(72, 0.0008832036741272843)	(74, 0.0002955812087202368)	(76, 0.0001483287796397984)	(78, 0.0)	(80, 0.0)	(82, 7.506233927276603e-05)	(84, 0.00015099433544750568)	(86, 0.00030363619525629174)	(88, 0.0005346650056407158)	(90, 0.0003845432088131151)	(92, 0.00023235010513842255)	(94, 7.815785072163144e-05)	(96, 0.00023766442417078883)	(98, 0.0)	(100, 0.0)
SRR22894986_2	(1, 59.46010070778185)	(2, 59.4568877864999)	(3, 59.455404899754384)	(4, 59.455503758870755)	(5, 59.45589919533623)	(6, 59.455503758870755)	(7, 59.45762922987265)	(8, 59.45545432931257)	(9, 59.457382082081736)	(10, 59.458716680152705)	(12, 59.4590132575018)	(14, 59.46197903099283)	(16, 59.460545573805504)	(18, 59.4584201028036)	(20, 59.46185545709737)	(22, 59.45995241910729)	(24, 59.45824709934995)	(26, 59.461138728503705)	(28, 59.4578022333263)	(30, 59.45928512007181)	(32, 59.456961930837174)	(34, 59.45669006826716)	(36, 0.01797429124241)	(38, 0.03954535203087009)	(40, 0.05029748973196667)	(42, 0.06912855404123146)	(44, 0.07869940864999274)	(46, 0.09636011733560462)	(48, 0.1182676855948295)	(50, 0.10621150155703737)	(52, 0.0815026745917694)	(54, 0.09706050038765017)	(56, 0.0785371543702447)	(58, 0.06376878877989496)	(60, 0.05812000876827814)	(62, 0.05209079951301159)	(64, 0.0583405723865891)	(66, 0.07237055354299729)	(68, 0.07096916670028244)	(70, 0.06384905203422529)	(72, 0.07026819372740639)	(74, 0.06126648356027575)	(76, 0.0713802167678871)	(78, 0.07891950001847498)	(80, 0.08633910979759986)	(82, 0.09940378802194892)	(84, 0.11270454179530709)	(86, 0.12488150448154307)	(88, 0.14312265668755952)	(90, 0.1446503768088476)	(92, 0.1537350093917064)	(94, 0.17657136863206724)	(96, 0.16674582361079562)	(98, 0.1780413188805378)	(100, 0.2240207529322912)
SRR22894987_1	(1, 58.04895637808727)	(2, 58.0322829772761)	(3, 58.03238526807862)	(4, 58.0322829772761)	(5, 58.0322829772761)	(6, 58.03269214048618)	(7, 58.03233412267736)	(8, 58.0322829772761)	(9, 58.03274328588744)	(10, 58.03235969537799)	(12, 58.03233412267736)	(14, 58.0325387042824)	(16, 58.03238526807862)	(18, 58.0322829772761)	(20, 58.03235969537799)	(22, 58.0322829772761)	(24, 58.03230854997673)	(26, 58.032436413479886)	(28, 58.032973440193125)	(30, 58.03317802179817)	(32, 58.03302458559438)	(34, 58.03292229479187)	(36, 0.0018418705054522437)	(38, 0.0019818794286489342)	(40, 0.0017497998666402528)	(42, 0.0010720479268484945)	(44, 0.001846924361441824)	(46, 0.0009661337902072679)	(48, 0.0013672159836663263)	(50, 0.000527772371776053)	(52, 0.0010069215789335895)	(54, 0.0011574972458374356)	(56, 0.0006191673574969127)	(58, 0.0009022495858327382)	(60, 0.0002794386915003832)	(62, 0.000351349357206351)	(64, 0.0001413867209591675)	(66, 0.0)	(68, 0.0015072001102409225)	(70, 0.0007961645136448123)	(72, 0.0011646773734487043)	(74, 0.0004385458404657941)	(76, 0.0006600882758054178)	(78, 0.00022080335621101443)	(80, 0.00014776963895444113)	(82, 0.0002226424392111927)	(84, 7.463633446034199e-05)	(86, 7.504786177384627e-05)	(88, 0.00015099387946309595)	(90, 0.00038009633161428433)	(92, 0.0)	(94, 0.00015459809519686906)	(96, 0.0)	(98, 0.0001606419251328308)	(100, 0.0)
SRR22894987_2	(1, 57.50717314252689)	(2, 57.505689925890316)	(3, 57.50451358166131)	(4, 57.50364410983987)	(5, 57.504360145457525)	(6, 57.50354181903734)	(7, 57.50599679829788)	(8, 57.504564727062565)	(9, 57.5038486914449)	(10, 57.50579221669284)	(12, 57.505689925890316)	(14, 57.51011400309941)	(16, 57.50635481610671)	(18, 57.50558763508779)	(20, 57.51259455506058)	(22, 57.50781246004265)	(24, 57.5058433620941)	(26, 57.50990942149436)	(28, 57.505945652896614)	(30, 57.50878422266662)	(32, 57.50461587246383)	(34, 57.50558763508779)	(36, 0.01666017424724789)	(38, 0.02978499263614885)	(40, 0.04790211488759606)	(42, 0.05813841896934637)	(44, 0.07470159891352199)	(46, 0.07306409976924812)	(48, 0.0995337794741478)	(50, 0.08538821323568359)	(52, 0.07760954849048461)	(54, 0.08031731196051044)	(56, 0.06823672369244659)	(58, 0.0440028304523372)	(60, 0.04011231448054552)	(62, 0.03721545681973246)	(64, 0.04830322365397473)	(66, 0.0552299755977803)	(68, 0.04907812437508431)	(70, 0.05301998996919109)	(72, 0.053527026693606095)	(74, 0.048333092699159155)	(76, 0.05522020521786129)	(78, 0.060022058798106674)	(80, 0.06446285579471807)	(82, 0.08624695470920216)	(84, 0.09516087018628842)	(86, 0.10231035642563922)	(88, 0.12980370991028334)	(90, 0.14335448061048794)	(92, 0.14645883460613035)	(94, 0.15942358905426257)	(96, 0.14780224644780715)	(98, 0.15881688540526037)	(100, 0.20638395025041495)
SRR22894988_1	(1, 32.50196432115694)	(2, 32.48682947833693)	(3, 32.486763097447366)	(4, 32.48680735137374)	(5, 32.48656395477869)	(6, 32.486519700852305)	(7, 32.486519700852305)	(8, 32.48654182781549)	(9, 32.48660820870506)	(10, 32.48653076433391)	(12, 32.486519700852305)	(14, 32.486519700852305)	(16, 32.486519700852305)	(18, 32.486519700852305)	(20, 32.486519700852305)	(22, 32.486519700852305)	(24, 32.486519700852305)	(26, 32.486519700852305)	(28, 32.486519700852305)	(30, 32.48666352611303)	(32, 32.48659714522346)	(34, 32.486519700852305)	(36, 6.56087797669084e-05)	(38, 3.2837481883971715e-05)	(40, 0.0)	(42, 0.0)	(44, 4.941717385159429e-05)	(46, 0.0)	(48, 6.605801908845548e-05)	(50, 0.0)	(52, 0.0)	(54, 0.0)	(56, 0.0)	(58, 0.0)	(60, 0.0)	(62, 0.0)	(64, 0.0)	(66, 0.0)	(68, 0.0)	(70, 0.0)	(72, 0.0)	(74, 0.0)	(76, 0.0)	(78, 0.0)	(80, 0.0)	(82, 0.0)	(84, 0.0)	(86, 0.0)	(88, 0.0)	(90, 0.0)	(92, 0.0)	(94, 0.0)	(96, 0.0)	(98, 0.0)	(100, 0.0)
SRR22894988_2	(1, 32.414186658193515)	(2, 32.40911958362366)	(3, 32.40907532969729)	(4, 32.4092080914764)	(5, 32.411509295647875)	(6, 32.41155354957424)	(7, 32.415580656874305)	(8, 32.41257138988085)	(9, 32.41675338592322)	(10, 32.419817970324644)	(12, 32.421886841382644)	(14, 32.42619053572254)	(16, 32.42429868037004)	(18, 32.42123409596862)	(20, 32.42511737800797)	(22, 32.42394464895904)	(24, 32.42008349388289)	(26, 32.42349104621371)	(28, 32.41929798668975)	(30, 32.420791556704884)	(32, 32.41685295725757)	(34, 32.416355100585854)	(36, 0.02521481333419622)	(38, 0.06750830076555331)	(40, 0.09329009130180724)	(42, 0.11861760694154574)	(44, 0.1281930228648451)	(46, 0.1469094916012789)	(48, 0.173688134623384)	(50, 0.1664681564282674)	(52, 0.13580919452362883)	(54, 0.14769097267865822)	(56, 0.12497892056407992)	(58, 0.1061000049687795)	(60, 0.09485052174417545)	(62, 0.08816053613818688)	(64, 0.09180341377124304)	(66, 0.10471982829607945)	(68, 0.10630515694129693)	(70, 0.09847462768348367)	(72, 0.10272927926535028)	(74, 0.09584393752757481)	(76, 0.10178678363332987)	(78, 0.1109651884380097)	(80, 0.12381863001167127)	(82, 0.14236104644173578)	(84, 0.15680147424314442)	(86, 0.17029565920118708)	(88, 0.19157945301366053)	(90, 0.19375794437725474)	(92, 0.2016264231115587)	(94, 0.22144493078930347)	(96, 0.21270450107618036)	(98, 0.22625012736470806)	(100, 0.2943253875780565)
SRR22894989_1	(1, 27.028858586352396)	(2, 26.996925408093254)	(3, 26.99690132575671)	(4, 26.996877243420165)	(5, 26.996853161083617)	(6, 26.996853161083617)	(7, 26.9969494904298)	(8, 26.997166231458706)	(9, 26.997093984449073)	(10, 26.996961531598075)	(12, 26.996889284588438)	(14, 26.996853161083617)	(16, 26.996853161083617)	(18, 26.996853161083617)	(20, 26.996853161083617)	(22, 26.996853161083617)	(24, 26.996853161083617)	(26, 26.99686520225189)	(28, 26.99686520225189)	(30, 26.996853161083617)	(32, 26.996961531598075)	(34, 26.99686520225189)	(36, 0.00011555529436390608)	(38, 3.3048237207027376e-05)	(40, 1.654046293447661e-05)	(42, 0.0)	(44, 0.0)	(46, 0.0)	(48, 0.0)	(50, 0.0)	(52, 0.0)	(54, 0.0)	(56, 0.0)	(58, 0.0)	(60, 0.0)	(62, 0.0)	(64, 0.0)	(66, 0.0)	(68, 0.0)	(70, 1.6872132686500757e-05)	(72, 0.0)	(74, 0.0)	(76, 0.0)	(78, 0.0)	(80, 0.0)	(82, 3.425922896521883e-05)	(84, 0.0)	(86, 0.0)	(88, 6.940963117630758e-05)	(90, 6.97735673306203e-05)	(92, 3.508795937375712e-05)	(94, 1.7657106755926873e-05)	(96, 5.340250500470476e-05)	(98, 0.00012752466964734328)	(100, 0.0001597816013768609)
SRR22894989_2	(1, 27.06346490396807)	(2, 27.062646104525527)	(3, 27.062694269198616)	(4, 27.062718351535164)	(5, 27.06452452677607)	(6, 27.064066962381705)	(7, 27.06844994763296)	(8, 27.066402949026603)	(9, 27.065295161545517)	(10, 27.06995509366704)	(12, 27.069642023291955)	(14, 27.07722795930374)	(16, 27.072014133441673)	(18, 27.070099587686315)	(20, 27.081719315069453)	(22, 27.073170085595848)	(24, 27.07048490507104)	(26, 27.077011218274833)	(28, 27.070545110912402)	(30, 27.07586730728893)	(32, 27.067582983517326)	(34, 27.069714270301592)	(36, 0.025629026533230483)	(38, 0.06272217203970618)	(40, 0.09534836092376155)	(42, 0.11014217736188027)	(44, 0.12842734143958706)	(46, 0.13265391506696117)	(48, 0.16566784079802382)	(50, 0.1525581939984019)	(52, 0.13844436694801865)	(54, 0.135166020982741)	(56, 0.12297233306046934)	(58, 0.08864148244362591)	(60, 0.08072749006700883)	(62, 0.07438358742706569)	(64, 0.0862153440531597)	(66, 0.09317224403043503)	(68, 0.08919199610175547)	(70, 0.09116311620058913)	(72, 0.09340067439938411)	(74, 0.08420483764054194)	(76, 0.09140209287095837)	(78, 0.09578581443479497)	(80, 0.10501447522112677)	(82, 0.12910242410112183)	(84, 0.1406775511896178)	(86, 0.1503581175665964)	(88, 0.17679865847320966)	(90, 0.19008560192326399)	(92, 0.19353125535014867)	(94, 0.20506015467063005)	(96, 0.19646912111572482)	(98, 0.20554721569280848)	(100, 0.2735003635606296)
SRR22894990_1	(1, 26.430871275997752)	(2, 26.409758291174818)	(3, 26.409803260258574)	(4, 26.409848229342327)	(5, 26.409803260258574)	(6, 26.410770095559304)	(7, 26.40991568296796)	(8, 26.409758291174818)	(9, 26.410140528386734)	(10, 26.409859471613267)	(12, 26.409780775716698)	(14, 26.40990444069702)	(16, 26.409803260258574)	(18, 26.409758291174818)	(20, 26.409825744800447)	(22, 26.409859471613267)	(24, 26.410050590219225)	(26, 26.410073074761105)	(28, 26.41055649241147)	(30, 26.41078133783024)	(32, 26.411568296795952)	(34, 26.41133220910624)	(36, 0.0016665091891928255)	(38, 0.001178373810473723)	(40, 0.0015778176606509433)	(42, 0.0019166126309678908)	(44, 0.0012586544002097348)	(46, 0.0009835348580889826)	(48, 0.001230767147932519)	(50, 0.0005545787096617162)	(52, 0.000679050175480455)	(54, 0.0011746389878444956)	(56, 0.0010830189741829937)	(58, 0.0004800807526798959)	(60, 0.0003875408409915279)	(62, 0.00010863371071649828)	(64, 0.00031078862302303474)	(66, 0.00017118517723112644)	(68, 0.00037407912241037885)	(70, 0.0005620715960553815)	(72, 0.0007039923405633347)	(74, 0.0005487799524098025)	(76, 0.0001414538088088316)	(78, 0.00012606175513260435)	(80, 6.320709980069221e-05)	(82, 7.926502928367242e-05)	(84, 1.5912331961796403e-05)	(86, 0.00011186676221153558)	(88, 0.00036933444968685256)	(90, 0.0004196836134371716)	(92, 0.0002597272733765909)	(94, 9.801770624518181e-05)	(96, 0.00011527168713288026)	(98, 0.0)	(100, 4.222655560519522e-05)
SRR22894990_2	(1, 26.336256323777402)	(2, 26.331017425519953)	(3, 26.32831928049466)	(4, 26.328364249578417)	(5, 26.32964586846543)	(6, 26.32930860033727)	(7, 26.33232152894885)	(8, 26.32912872400225)	(9, 26.33238898257448)	(10, 26.334390106801575)	(12, 26.335323215289492)	(14, 26.340438448566612)	(16, 26.337481731309726)	(18, 26.334288926363126)	(20, 26.34025857223159)	(22, 26.337504215851602)	(24, 26.333839235525573)	(26, 26.338279932546378)	(28, 26.333423271500845)	(30, 26.33558178752108)	(32, 26.331467116357505)	(34, 26.330905002810567)	(36, 0.0186310798787697)	(38, 0.03975684280838302)	(40, 0.05050397644228938)	(42, 0.07214917730491893)	(44, 0.07947666166144536)	(46, 0.09644973554550086)	(48, 0.11830562763000532)	(50, 0.10747175275136137)	(52, 0.08079731087845887)	(54, 0.0958374375363143)	(56, 0.07796515265838828)	(58, 0.06070887051123283)	(60, 0.05498612923576842)	(62, 0.04907637702335785)	(64, 0.05497934215013304)	(66, 0.06966915590529331)	(68, 0.06568795337830073)	(70, 0.058782428759501286)	(72, 0.06503418417649842)	(74, 0.055939607674390324)	(76, 0.0652851365057826)	(78, 0.07169627721349137)	(80, 0.08093851609997925)	(82, 0.09458504925969828)	(84, 0.10624922218579905)	(86, 0.11616524490209076)	(88, 0.13609515686593845)	(90, 0.13610849305774544)	(92, 0.14264111765635226)	(94, 0.1619443575214905)	(96, 0.1520072942570807)	(98, 0.16338939145948464)	(100, 0.21359612370508269)
SRR22894991_1	(1, 22.42827754892638)	(2, 22.397790935480607)	(3, 22.397815986107926)	(4, 22.397790935480607)	(5, 22.397815986107926)	(6, 22.398792960573317)	(7, 22.397815986107926)	(8, 22.39784103673524)	(9, 22.39841720116355)	(10, 22.397928713930852)	(12, 22.398003865812807)	(14, 22.39822932145867)	(16, 22.39799134049915)	(18, 22.397941239244513)	(20, 22.397941239244513)	(22, 22.397815986107926)	(24, 22.39786608736256)	(26, 22.39809154300842)	(28, 22.399193770610403)	(30, 22.399381650315288)	(32, 22.399431751569924)	(34, 22.39913114404211)	(36, 0.0024391713472641787)	(38, 0.0017947141303340803)	(40, 0.0018611428809099985)	(42, 0.0014416620906044129)	(44, 0.0021566300401700722)	(46, 0.0007305466388279694)	(48, 0.0009263737635348083)	(50, 0.0004719167239475932)	(52, 0.0007499028386756846)	(54, 0.000865282247722471)	(56, 0.0007353974578126991)	(58, 0.0006870210277507422)	(60, 0.00024560566438706406)	(62, 0.00013113642663400494)	(64, 0.0002461994599696912)	(66, 0.00018080406526435033)	(68, 0.0010700624192102875)	(70, 0.001022420190621999)	(72, 0.0006443819559173347)	(74, 0.00031461860442472985)	(76, 0.00063073240314689)	(78, 0.0001331183915038518)	(80, 0.00023360645821739916)	(82, 0.00020087871043903048)	(84, 0.0003360529538802607)	(86, 0.00018562881931295737)	(88, 0.00042395070504698047)	(90, 0.0005113860966734505)	(92, 0.00030857451431657174)	(94, 0.0002932954556629573)	(96, 0.00013912772481649053)	(98, 0.00017796444270434767)	(100, 0.00015585663594138634)
SRR22894991_2	(1, 22.420987816376897)	(2, 22.41890861430952)	(3, 22.41755588043436)	(4, 22.41570213401284)	(5, 22.41707991851532)	(6, 22.415902539031382)	(7, 22.42143872766862)	(8, 22.417455677925087)	(9, 22.41650375408701)	(10, 22.42095024043592)	(12, 22.419747810324665)	(14, 22.42768885918441)	(16, 22.42116317076812)	(18, 22.42026134818468)	(20, 22.43319999719433)	(22, 22.424106619477964)	(24, 22.421062968258852)	(26, 22.427789061693684)	(28, 22.421388626413982)	(30, 22.42621087217266)	(32, 22.418520329586094)	(34, 22.420787411358354)	(36, 0.019210765525578433)	(38, 0.03282755716563314)	(40, 0.04967270076414061)	(42, 0.05915423056414217)	(44, 0.07673080408630034)	(46, 0.07532297850617756)	(48, 0.10352600646359547)	(50, 0.09006254641488164)	(52, 0.08113549334480664)	(54, 0.08210687445140605)	(56, 0.06984907871754809)	(58, 0.04430752686347735)	(60, 0.041356391685030504)	(62, 0.03783378921823625)	(64, 0.04882403451453464)	(66, 0.054259679749933655)	(68, 0.047560307174945644)	(70, 0.050902517407165754)	(72, 0.052704903893381366)	(74, 0.044945021106016975)	(76, 0.05208884363097757)	(78, 0.055297498720302866)	(80, 0.0600348511200496)	(82, 0.0800432853818158)	(84, 0.08859900152137334)	(86, 0.0950685479677859)	(88, 0.11771382004807801)	(90, 0.13021544583183342)	(92, 0.1313762743763039)	(94, 0.1415067212688396)	(96, 0.13257373537964007)	(98, 0.13929561080593675)	(100, 0.18934058011202928)
SRR22894992_1	(1, 85.11524506320055)	(2, 85.11200997216811)	(3, 85.11190887557333)	(4, 85.11211106876287)	(5, 85.11190887557333)	(6, 85.11190887557333)	(7, 85.11190887557333)	(8, 85.11190887557333)	(9, 85.11200997216811)	(10, 85.11190887557333)	(12, 85.11190887557333)	(14, 85.11190887557333)	(16, 85.11190887557333)	(18, 85.11190887557333)	(20, 85.11190887557333)	(22, 85.11190887557333)	(24, 85.11190887557333)	(26, 85.11190887557333)	(28, 85.11190887557333)	(30, 85.11190887557333)	(32, 85.11190887557333)	(34, 85.11190887557333)	(36, 0.0)	(38, 0.0)	(40, 0.0)	(42, 0.0)	(44, 0.0)	(46, 0.0)	(48, 0.0)	(50, 0.0)	(52, 0.0)	(54, 0.0)	(56, 0.0)	(58, 0.0)	(60, 0.0)	(62, 0.0)	(64, 0.0)	(66, 0.0)	(68, 0.0)	(70, 0.0)	(72, 0.0)	(74, 0.0)	(76, 0.0)	(78, 0.0)	(80, 0.0)	(82, 0.0)	(84, 0.0)	(86, 0.0)	(88, 0.0)	(90, 0.0)	(92, 0.0)	(94, 0.0)	(96, 0.0)	(98, 0.0)	(100, 0.0)
SRR22894992_2	(1, 84.3634907845399)	(2, 84.36247981859228)	(3, 84.36258091518704)	(4, 84.36247981859228)	(5, 84.36288420497132)	(6, 84.36278310837656)	(7, 84.36328859135038)	(8, 84.36308639816085)	(9, 84.36328859135038)	(10, 84.36414791240587)	(12, 84.36419846070325)	(14, 84.36556326473256)	(16, 84.36480504027183)	(18, 84.36389517091895)	(20, 84.36531052324564)	(22, 84.36455229878493)	(24, 84.36379407432419)	(26, 84.36445120219017)	(28, 84.36374352602681)	(30, 84.36414791240587)	(32, 84.36344023624252)	(34, 84.36359188113467)	(36, 0.019687816850802443)	(38, 0.06095103600107913)	(40, 0.08109505353963013)	(42, 0.10714554678460664)	(44, 0.12454466608846487)	(46, 0.14415808164269892)	(48, 0.16237639275146085)	(50, 0.1564419394464918)	(52, 0.13242986734941622)	(54, 0.14725179684471085)	(56, 0.12322789246387952)	(58, 0.10833247807692746)	(60, 0.0941752962119327)	(62, 0.0886278861863806)	(64, 0.0926593624725705)	(66, 0.1095969484465315)	(68, 0.10867475646261705)	(70, 0.10458723562122844)	(72, 0.11197185615190053)	(74, 0.10022240589675097)	(76, 0.10926239847032643)	(78, 0.11844892547015734)	(80, 0.13055201948926098)	(82, 0.15405037775119226)	(84, 0.1635397265252351)	(86, 0.1769299940051955)	(88, 0.20622540310556137)	(90, 0.20490499280923472)	(92, 0.2151735962280326)	(94, 0.23529003938833254)	(96, 0.22904481292479695)	(98, 0.24127990259275178)	(100, 0.29156808140873974)
SRR22894993_1	(1, 83.79107648186259)	(2, 83.78455360122804)	(3, 83.7844448865508)	(4, 83.7844448865508)	(5, 83.7844448865508)	(6, 83.7844448865508)	(7, 83.7844448865508)	(8, 83.78455360122804)	(9, 83.7844448865508)	(10, 83.78449924388943)	(12, 83.7844448865508)	(14, 83.7844448865508)	(16, 83.7844448865508)	(18, 83.7844448865508)	(20, 83.7844448865508)	(22, 83.7844448865508)	(24, 83.7844448865508)	(26, 83.7844448865508)	(28, 83.7844448865508)	(30, 83.7844448865508)	(32, 83.7844448865508)	(34, 83.7844448865508)	(36, 0.0)	(38, 0.0)	(40, 0.0)	(42, 0.0)	(44, 0.0)	(46, 0.0)	(48, 0.0)	(50, 0.0)	(52, 0.0)	(54, 0.0)	(56, 0.0)	(58, 0.0)	(60, 0.0)	(62, 0.0)	(64, 0.0)	(66, 0.0)	(68, 0.0)	(70, 0.0)	(72, 0.0004606023757870543)	(74, 0.0)	(76, 0.00046843015003817707)	(78, 0.0)	(80, 0.0)	(82, 0.00048106758518504263)	(84, 0.0)	(86, 0.0)	(88, 0.0014891810993134876)	(90, 0.0)	(92, 0.001018101850909165)	(94, 0.0)	(96, 0.0)	(98, 0.0)	(100, 0.0006711679664952951)
SRR22894993_2	(1, 83.10313000427249)	(2, 83.10302128959525)	(3, 83.10302128959525)	(4, 83.10313000427249)	(5, 83.10378229233594)	(6, 83.1036735776587)	(7, 83.10465200975388)	(8, 83.10410843636767)	(9, 83.10389100701319)	(10, 83.10508686846285)	(12, 83.10503251112424)	(14, 83.1067719459601)	(16, 83.10584787120355)	(18, 83.10530429781734)	(20, 83.10775037805529)	(22, 83.10563044184906)	(24, 83.10535865515595)	(26, 83.10606530055803)	(28, 83.10514122580148)	(30, 83.10611965789664)	(32, 83.10486943910837)	(34, 83.10508686846285)	(36, 0.02874473693666032)	(38, 0.057400329139459576)	(40, 0.08451406098480767)	(42, 0.10030090270812438)	(44, 0.11754171866735347)	(46, 0.1262537700778565)	(48, 0.1574075719082559)	(50, 0.1478927092501479)	(52, 0.13410243221397605)	(54, 0.12922976083183743)	(56, 0.11711894916811653)	(58, 0.08819113146940871)	(60, 0.07471722404438587)	(62, 0.06984048587370062)	(64, 0.07961165048543689)	(66, 0.08945871616976062)	(68, 0.08606393096022195)	(70, 0.08817261271662588)	(72, 0.09148439395566586)	(74, 0.08320965231966908)	(76, 0.08536546081242147)	(78, 0.09450300746695436)	(80, 0.1029407559609642)	(82, 0.12969474386317412)	(84, 0.14728762576496213)	(86, 0.16699731297556564)	(88, 0.1923580989101117)	(90, 0.2075867400766277)	(92, 0.21243248144454085)	(94, 0.22803423134553302)	(96, 0.2213476530508347)	(98, 0.23499001292445074)	(100, 0.295568586188117)
SRR22894994_1	(1, 81.22702045615328)	(2, 81.2211665886151)	(3, 81.2211665886151)	(4, 81.2211665886151)	(5, 81.2211665886151)	(6, 81.22154023973455)	(7, 81.2211665886151)	(8, 81.2211665886151)	(9, 81.2211665886151)	(10, 81.2211665886151)	(12, 81.22122886380167)	(14, 81.2211665886151)	(16, 81.2211665886151)	(18, 81.2211665886151)	(20, 81.2211665886151)	(22, 81.2211665886151)	(24, 81.22122886380167)	(26, 81.22141568936141)	(28, 81.22154023973455)	(30, 81.22147796454799)	(32, 81.22166479010771)	(34, 81.22166479010771)	(36, 0.0020233630992527044)	(38, 0.0010296186978755533)	(40, 0.0013975947394534007)	(42, 0.0035546708374804494)	(44, 0.0018108593614185548)	(46, 0.0014793446503199082)	(48, 0.0022630493080726738)	(50, 0.001158377190780862)	(52, 0.0007991145810442031)	(54, 0.002048642978890783)	(56, 0.0008318429480514078)	(58, 0.0)	(60, 0.0)	(62, 0.0)	(64, 0.001302309428720264)	(66, 0.0)	(68, 0.00044175660094800963)	(70, 0.00044562684099588683)	(72, 0.0013484479364251746)	(74, 0.00045308939000575425)	(76, 0.00045701959242992746)	(78, 0.001382520334569921)	(80, 0.0)	(82, 0.0)	(84, 0.0)	(86, 0.0)	(88, 0.0)	(90, 0.0004888421773030577)	(92, 0.0)	(94, 0.0)	(96, 0.0)	(98, 0.0)	(100, 0.0)
SRR22894994_2	(1, 80.42217594483914)	(2, 80.4206813403613)	(3, 80.41980948774923)	(4, 80.42005858849554)	(5, 80.4206813403613)	(6, 80.42030768924184)	(7, 80.42105499148076)	(8, 80.420432239615)	(9, 80.42142864260022)	(10, 80.42180229371967)	(12, 80.42211366965255)	(14, 80.42354599894381)	(16, 80.42273642151831)	(18, 80.42186456890626)	(20, 80.42342144857066)	(22, 80.42248732077202)	(24, 80.42155319297336)	(26, 80.42261187114516)	(28, 80.42155319297336)	(30, 80.4217400185331)	(32, 80.42099271629418)	(34, 80.4209304411076)	(36, 0.023223109574372007)	(38, 0.04416397593554022)	(40, 0.05507996549206981)	(42, 0.07260040535226323)	(44, 0.08170101513511306)	(46, 0.09724708000124145)	(48, 0.11971784284502647)	(50, 0.10789852585850082)	(52, 0.08458348930288807)	(54, 0.1017130816147225)	(56, 0.08398625277651922)	(58, 0.06686528131709744)	(60, 0.06436860757977778)	(62, 0.05726772662195765)	(64, 0.06331537502037846)	(66, 0.07552005858525757)	(68, 0.07635462309976748)	(70, 0.0652363563371909)	(72, 0.06991458767871916)	(74, 0.06329113924050633)	(76, 0.07471020305446767)	(78, 0.0811492314574006)	(80, 0.09166048954671896)	(82, 0.10760891387271632)	(84, 0.12057894076660691)	(86, 0.13380873509949984)	(88, 0.14782848601394283)	(90, 0.15347949239465442)	(92, 0.16610736843875895)	(94, 0.1926634768740032)	(96, 0.1840152383579118)	(98, 0.19306462607471908)	(100, 0.23752603552117213)
SRR22894995_1	(1, 80.95654647157349)	(2, 80.95009954808332)	(3, 80.95009954808332)	(4, 80.95009954808332)	(5, 80.95022595834781)	(6, 80.95022595834781)	(7, 80.95009954808332)	(8, 80.95009954808332)	(9, 80.95022595834781)	(10, 80.95009954808332)	(12, 80.95009954808332)	(14, 80.95028916348006)	(16, 80.95016275321557)	(18, 80.95022595834781)	(20, 80.95009954808332)	(22, 80.95009954808332)	(24, 80.95009954808332)	(26, 80.95016275321557)	(28, 80.95066839427362)	(30, 80.95079480453813)	(32, 80.95060518914136)	(34, 80.95047877887684)	(36, 0.003036683132237428)	(38, 0.0020625360943816516)	(40, 0.0024496337797499275)	(42, 0.002491280518186348)	(44, 0.0032635182176839173)	(46, 0.0014818711587121058)	(48, 0.0011341769089142524)	(50, 0.002323843016658081)	(52, 0.0016027824302989992)	(54, 0.0016430276069713662)	(56, 0.001668773493201834)	(58, 0.0021127177155605887)	(60, 0.0)	(62, 0.0012950348364371002)	(64, 0.0013066088274492382)	(66, 0.0)	(68, 0.0017735055998439318)	(70, 0.001790061578118287)	(72, 0.0009029508433560878)	(74, 0.0004552614566545567)	(76, 0.001377018479587996)	(78, 0.0004629972590562263)	(80, 0.0)	(82, 0.0)	(84, 0.0004754004059919467)	(86, 0.0)	(88, 0.0)	(90, 0.0)	(92, 0.0)	(94, 0.0)	(96, 0.0)	(98, 0.0)	(100, 0.0)
SRR22894995_2	(1, 80.13235154694561)	(2, 80.1313402648295)	(3, 80.1313402648295)	(4, 80.13108744430048)	(5, 80.13159308535853)	(6, 80.13108744430048)	(7, 80.13298359826818)	(8, 80.13146667509402)	(9, 80.13121385456499)	(10, 80.13254116234239)	(12, 80.13203552128432)	(14, 80.13481654710363)	(16, 80.13266757260689)	(18, 80.1322251366811)	(20, 80.1360174446165)	(22, 80.13336282906171)	(24, 80.13241475207788)	(26, 80.13475334197136)	(28, 80.13228834181335)	(30, 80.13355244445849)	(32, 80.13165629049078)	(34, 80.13241475207788)	(36, 0.0190414102262055)	(38, 0.031451073923128334)	(40, 0.04818620478804716)	(42, 0.05922037719342519)	(44, 0.07054373200197658)	(46, 0.06391939936495213)	(48, 0.09587794807194346)	(50, 0.08413205537806177)	(52, 0.07336916254341612)	(54, 0.07686901519810244)	(56, 0.06696858026609837)	(58, 0.04180196319934311)	(60, 0.04212284073429138)	(62, 0.03976158198080841)	(64, 0.04875911852656038)	(66, 0.057892779505189264)	(68, 0.05014097327486124)	(70, 0.053176830428015257)	(72, 0.054286272212458506)	(74, 0.04637252859966753)	(76, 0.05457328044734271)	(78, 0.06054112614460567)	(80, 0.06416683376779628)	(82, 0.09252899107034628)	(84, 0.09977438771105336)	(86, 0.10512613082454203)	(88, 0.1326639332368756)	(90, 0.143298891319104)	(92, 0.14743263853584138)	(94, 0.15726976263836098)	(96, 0.1489348768139226)	(98, 0.15420542111816654)	(100, 0.19945396239904262)
